AngleID,FormTime,Symbol,TF,UnitSeconds,Dir,Class,Confirmed,U2_High,U2_Low,U2_Range,U1_High,U1_Low,U1_Range,Ratio_U1_U2_pct,Corr_pct,L_points,B_points,DiagTop,DiagBot,U1X1_Level,U1X1_React,U1X1_TouchTime,U1X1_TP1_Hit,U1X1_TP1_Time,U1X1_TP2_Hit,U1X1_TP2_Time,U1X1_TP3_Hit,U1X1_TP3_Time,U1X1_MaxTP,U1X1_Dur,U1X1_Session,U1X1_X2_React,U1X1_X2_Time,U1X1_X3_React,U1X1_X3_Time,U2X1_Level,U2X1_React,U2X1_TouchTime,U2X1_TP1_Hit,U2X1_TP1_Time,U2X1_TP2_Hit,U2X1_TP2_Time,U2X1_TP3_Hit,U2X1_TP3_Time,U2X1_MaxTP,U2X1_Dur,U2X1_Session,U2X1_X2_React,U2X1_X2_Time,U2X1_X3_React,U2X1_X3_Time,DLX1_Level,DLX1_React,DLX1_TouchTime,DLX1_TP1_Hit,DLX1_TP1_Time,DLX1_TP2_Hit,DLX1_TP2_Time,DLX1_TP3_Hit,DLX1_TP3_Time,DLX1_MaxTP,DLX1_Dur,DLX1_Session,DLX1_X2_React,DLX1_X2_Time,DLX1_X3_React,DLX1_X3_Time,DRX1_Level,DRX1_React,DRX1_TouchTime,DRX1_TP1_Hit,DRX1_TP1_Time,DRX1_TP2_Hit,DRX1_TP2_Time,DRX1_TP3_Hit,DRX1_TP3_Time,DRX1_MaxTP,DRX1_Dur,DRX1_Session,DRX1_X2_React,DRX1_X2_Time,DRX1_X3_React,DRX1_X3_Time,Left_1,Left_2,Left_3,Left_4,Left_5,Left_6,Left_7,Left_8,Left_9,Left_10,Right_1,Right_2,Right_3,Right_4,Right_5,Right_6,Right_7,Right_8,Right_9,Right_10
1,2010.05.06 00:00,NZDUSD,60,86400,SELL,ZB,1,0.72994,0.71871,1123.0,0.72179,0.71421,758.0,67.498,72.57,308.0,265.0,0.72179,0.71871,0.71113,BOUNCE,2010.05.06 20:00,1,2010.05.10 01:00,1,2010.05.10 09:00,0,,2,3d 13h,NewYork,NA,,NA,,0.73302,UNTOUCHED,,0,,0,,0,,0,NA,Other,NA,,NA,,0.71563,BREAK,2010.05.06 18:00,0,,0,,0,,0,NA,NewYork,BREAK,2010.05.06 21:00,BREAK,2010.05.06 22:00,0.72487,BOUNCE,2010.05.06 01:00,1,2010.05.06 18:00,1,2010.05.06 18:00,0,,2,17h,Asia,NA,,NA,,,,,,,,,,,,S-ZD-BR,S-ZG-UN,S-ZE-UN,B-ZO-BO,B-ZF-BR,B-ZE-BR,S-ZO-BO,B-ZD-BR,S-ZF-BR,S-ZO-UN
2,2010.05.13 00:00,NZDUSD,60,86400,SELL,ZD,1,0.72253,0.71576,677.0,0.71982,0.71043,939.0,138.700,40.03,406.0,159.8,0.71982,0.71576,0.70637,BREAK,2010.05.14 21:00,0,,0,,0,,0,NA,Other,BREAK,2010.05.17 06:00,BREAK,2010.05.17 18:00,0.72659,UNTOUCHED,,0,,0,,0,,0,NA,Other,NA,,NA,,0.71170,BREAK,2010.05.14 01:00,0,,0,,0,,0,NA,Asia,BREAK,2010.05.14 22:00,BREAK,2010.05.17 05:00,0.72388,UNTOUCHED,,0,,0,,0,,0,NA,Other,NA,,NA,,S-ZB-BO,,,,,,,,,,S-ZG-UN,S-ZE-UN,B-ZO-BO,B-ZF-BR,B-ZE-BR,S-ZO-BO,B-ZD-BR,S-ZF-BR,S-ZO-UN,B-ZG-BR
3,2010.05.21 00:00,NZDUSD,60,86400,SELL,ZG,0,0.69377,0.66580,2797.0,0.68750,0.66193,2557.0,91.419,22.42,2170.0,660.1,0.68750,0.66580,0.64023,UNTOUCHED,,0,,0,,0,,0,NA,Other,NA,,NA,,0.71547,BOUNCE,2010.06.23 21:00,0,,0,,0,,0,NA,Other,NA,,NA,,0.64410,UNTOUCHED,,0,,0,,0,,0,NA,Other,NA,,NA,,0.70920,BOUNCE,2010.06.21 01:00,0,,0,,0,,0,NA,Asia,NA,,NA,,S-ZD-BR,S-ZB-BO,,,,,,,,,S-ZE-UN,B-ZO-BO,B-ZF-BR,B-ZE-BR,S-ZO-BO,B-ZD-BR,S-ZF-BR,S-ZO-UN,B-ZG-BR,B-ZB-BR
4,2010.05.26 00:00,NZDUSD,60,86400,SELL,ZE,1,0.67859,0.66874,985.0,0.67240,0.65602,1638.0,166.294,62.84,366.0,232.5,0.67240,0.66874,0.65236,UNTOUCHED,,0,,0,,0,,0,NA,Other,NA,,NA,,0.68225,BREAK,2010.05.27 20:00,0,,0,,0,,0,NA,NewYork,BOUNCE,2010.05.28 05:00,NA,,0.66508,BOUNCE,2010.05.26 04:00,1,2010.05.27 16:00,1,2010.05.27 20:00,0,,2,1d 16h,Asia,NA,,NA,,0.67606,BREAK,2010.05.27 16:00,0,,0,,0,,0,NA,NewYork,BREAK,2010.05.27 20:00,BREAK,2010.05.27 23:00,S-ZG-UN,S-ZD-BR,S-ZB-BO,,,,,,,,B-ZO-BO,B-ZF-BR,B-ZE-BR,S-ZO-BO,B-ZD-BR,S-ZF-BR,S-ZO-UN,B-ZG-BR,B-ZB-BR,B-ZB-BO
5,2010.05.27 00:00,NZDUSD,60,86400,BUY,ZO,0,0.67240,0.65602,1638.0,0.67415,0.66042,1373.0,83.822,26.86,1198.0,386.6,0.67240,0.66042,0.68613,BOUNCE,2010.06.03 08:00,1,2010.06.07 03:00,0,,0,,1,3d 19h,London,NA,,NA,,0.64404,UNTOUCHED,,0,,0,,0,,0,NA,Other,NA,,NA,,0.68438,BOUNCE,2010.05.27 21:00,0,,0,,0,,0,NA,Other,NA,,NA,,0.64844,UNTOUCHED,,0,,0,,0,,0,NA,Other,NA,,NA,,S-ZE-UN,S-ZG-UN,S-ZD-BR,S-ZB-BO,,,,,,,B-ZF-BR,B-ZE-BR,S-ZO-BO,B-ZD-BR,S-ZF-BR,S-ZO-UN,B-ZG-BR,B-ZB-BR,B-ZB-BO,S-ZO-BO
6,2010.05.28 00:00,NZDUSD,60,86400,BUY,ZF,1,0.67415,0.66042,1373.0,0.68573,0.66256,2317.0,168.755,15.59,1159.0,324.0,0.67415,0.66256,0.69732,BREAK,2010.06.14 15:00,0,,0,,0,,0,NA,NewYork,BREAK,2010.06.21 02:00,BREAK,2010.07.14 18:00,0.64883,UNTOUCHED,,0,,0,,0,,0,NA,Other,NA,,NA,,0.68574,BOUNCE,2010.05.28 04:00,0,,0,,0,,0,NA,Asia,NA,,NA,,0.65097,UNTOUCHED,,0,,0,,0,,0,NA,Other,NA,,NA,,B-ZO-BO,S-ZE-UN,S-ZG-UN,S-ZD-BR,S-ZB-BO,,,,,,B-ZE-BR,S-ZO-BO,B-ZD-BR,S-ZF-BR,S-ZO-UN,B-ZG-BR,B-ZB-BR,B-ZB-BO,S-ZO-BO,B-ZC-BR
7,2010.05.29 00:00,NZDUSD,60,86400,BUY,ZE,1,0.68573,0.66256,2317.0,0.68601,0.67538,1063.0,45.878,55.33,1035.0,546.8,0.68573,0.67538,0.69636,BREAK,2010.06.14 12:00,0,,0,,0,,0,NA,London,BREAK,2010.06.21 02:00,BREAK,2010.07.14 18:00,0.65221,UNTOUCHED,,0,,0,,0,,0,NA,Other,NA,,NA,,0.69608,BREAK,2010.06.14 12:00,0,,0,,0,,0,NA,London,BREAK,2010.06.21 02:00,BREAK,2010.07.14 18:00,0.66503,BREAK,2010.06.07 03:00,0,,0,,0,,0,NA,Asia,UNTOUCHED,,NA,,B-ZF-BR,B-ZO-BO,S-ZE-UN,S-ZG-UN,S-ZD-BR,S-ZB-BO,,,,,S-ZO-BO,B-ZD-BR,S-ZF-BR,S-ZO-UN,B-ZG-BR,B-ZB-BR,B-ZB-BO,S-ZO-BO,B-ZC-BR,B-ZF-BR
8,2010.06.02 00:00,NZDUSD,60,86400,SELL,ZO,0,0.68459,0.67097,1362.0,0.68376,0.67011,1365.0,100.220,6.09,1279.0,321.4,0.68376,0.67097,0.65732,BOUNCE,2010.06.08 13:00,1,2010.06.10 16:00,1,2010.06.14 12:00,1,2010.06.14 15:00,3,6d 2h,NewYork,NA,,NA,,0.69738,BREAK,2010.06.14 15:00,0,,0,,0,,0,NA,NewYork,BREAK,2010.06.21 09:00,BREAK,2010.07.15 21:00,0.65818,BOUNCE,2010.06.07 16:00,1,2010.06.14 12:00,1,2010.06.14 15:00,0,,2,6d 23h,NewYork,NA,,NA,,0.69655,BREAK,2010.06.14 12:00,0,,0,,0,,0,NA,London,BREAK,2010.06.21 02:00,BREAK,2010.07.15 21:00,B-ZE-BR,B-ZF-BR,B-ZO-BO,S-ZE-UN,S-ZG-UN,S-ZD-BR,S-ZB-BO,,,,B-ZD-BR,S-ZF-BR,S-ZO-UN,B-ZG-BR,B-ZB-BR,B-ZB-BO,S-ZO-BO,B-ZC-BR,B-ZF-BR,B-ZD-BR
9,2010.06.04 00:00,NZDUSD,60,86400,BUY,ZD,1,0.68216,0.67182,1034.0,0.68976,0.67833,1143.0,110.542,62.96,383.0,244.0,0.68216,0.67833,0.69359,BREAK,2010.06.14 06:00,0,,0,,0,,0,NA,Asia,BREAK,2010.06.14 17:00,BOUNCE,2010.06.14 20:00,0.66799,BREAK,2010.06.07 01:00,0,,0,,0,,0,NA,Asia,BREAK,2010.06.07 04:00,BOUNCE,2010.06.07 16:00,0.68599,BOUNCE,2010.06.04 11:00,1,2010.06.04 16:00,1,2010.06.07 01:00,0,,2,2d 14h,London,NA,,NA,,0.67450,BREAK,2010.06.04 16:00,0,,0,,0,,0,NA,NewYork,BREAK,2010.06.04 21:00,BOUNCE,2010.06.07 01:00,S-ZO-BO,B-ZE-BR,B-ZF-BR,B-ZO-BO,S-ZE-UN,S-ZG-UN,S-ZD-BR,S-ZB-BO,,,S-ZF-BR,S-ZO-UN,B-ZG-BR,B-ZB-BR,B-ZB-BO,S-ZO-BO,B-ZC-BR,B-ZF-BR,B-ZD-BR,S-ZD-BR
10,2010.06.05 00:00,NZDUSD,60,86400,SELL,ZF,1,0.68976,0.67833,1143.0,0.68629,0.66817,1812.0,158.530,30.36,796.0,269.7,0.68629,0.67833,0.66021,BREAK,2010.06.07 16:00,0,,0,,0,,0,NA,NewYork,UNTOUCHED,,NA,,0.69772,BREAK,2010.06.14 15:00,0,,0,,0,,0,NA,NewYork,BREAK,2010.06.21 01:00,BOUNCE,2010.06.22 12:00,0.67037,BREAK,2010.06.07 01:00,0,,0,,0,,0,NA,Asia,BREAK,2010.06.07 16:00,UNTOUCHED,,0.69425,BREAK,2010.06.14 09:00,0,,0,,0,,0,NA,London,BREAK,2010.06.18 00:00,BREAK,2010.06.21 09:00,B-ZD-BR,S-ZO-BO,B-ZE-BR,B-ZF-BR,B-ZO-BO,S-ZE-UN,S-ZG-UN,S-ZD-BR,S-ZB-BO,,S-ZO-UN,B-ZG-BR,B-ZB-BR,B-ZB-BO,S-ZO-BO,B-ZC-BR,B-ZF-BR,B-ZD-BR,S-ZD-BR,S-ZB-BO
11,2010.06.09 00:00,NZDUSD,60,86400,SELL,ZO,0,0.67102,0.65805,1297.0,0.66825,0.65721,1104.0,85.120,21.36,1020.0,306.1,0.66825,0.65805,0.64701,UNTOUCHED,,0,,0,,0,,0,NA,Other,NA,,NA,,0.68122,BREAK,2010.06.10 12:00,0,,0,,0,,0,NA,London,BREAK,2010.06.14 09:00,BOUNCE,2010.06.15 09:00,0.64785,UNTOUCHED,,0,,0,,0,,0,NA,Other,NA,,NA,,0.67845,BREAK,2010.06.10 06:00,0,,0,,0,,0,NA,Asia,BREAK,2010.06.14 01:00,BOUNCE,2010.06.15 09:00,S-ZF-BR,B-ZD-BR,S-ZO-BO,B-ZE-BR,B-ZF-BR,B-ZO-BO,S-ZE-UN,S-ZG-UN,S-ZD-BR,S-ZB-BO,B-ZG-BR,B-ZB-BR,B-ZB-BO,S-ZO-BO,B-ZC-BR,B-ZF-BR,B-ZD-BR,S-ZD-BR,S-ZB-BO,S-ZD-BO
12,2010.06.10 00:00,NZDUSD,60,86400,BUY,ZG,0,0.66825,0.65721,1104.0,0.67465,0.66114,1351.0,122.373,35.60,711.0,260.5,0.66825,0.66114,0.68176,BREAK,2010.06.10 13:00,0,,0,,0,,0,NA,NewYork,BREAK,2010.06.14 01:00,BREAK,2010.06.14 16:00,0.65010,UNTOUCHED,,0,,0,,0,,0,NA,Other,NA,,NA,,0.67536,BREAK,2010.06.10 06:00,0,,0,,0,,0,NA,Asia,BREAK,2010.06.10 16:00,BREAK,2010.06.14 02:00,0.65403,UNTOUCHED,,0,,0,,0,,0,NA,Other,NA,,NA,,S-ZO-UN,S-ZF-BR,B-ZD-BR,S-ZO-BO,B-ZE-BR,B-ZF-BR,B-ZO-BO,S-ZE-UN,S-ZG-UN,S-ZD-BR,B-ZB-BR,B-ZB-BO,S-ZO-BO,B-ZC-BR,B-ZF-BR,B-ZD-BR,S-ZD-BR,S-ZB-BO,S-ZD-BO,S-ZO-UN
13,2010.06.11 00:00,NZDUSD,60,86400,BUY,ZB,1,0.67465,0.66114,1351.0,0.68751,0.66679,2072.0,153.368,41.82,786.0,318.8,0.67465,0.66679,0.69537,BREAK,2010.06.14 12:00,0,,0,,0,,0,NA,London,BREAK,2010.06.18 07:00,BREAK,2010.06.21 10:00,0.65328,UNTOUCHED,,0,,0,,0,,0,NA,Other,NA,,NA,,0.68251,BREAK,2010.06.11 00:00,0,,0,,0,,0,NA,Asia,BREAK,2010.06.14 06:00,BREAK,2010.06.14 18:00,0.65893,UNTOUCHED,,0,,0,,0,,0,NA,Other,NA,,NA,,B-ZG-BR,S-ZO-UN,S-ZF-BR,B-ZD-BR,S-ZO-BO,B-ZE-BR,B-ZF-BR,B-ZO-BO,S-ZE-UN,S-ZG-UN,B-ZB-BO,S-ZO-BO,B-ZC-BR,B-ZF-BR,B-ZD-BR,S-ZD-BR,S-ZB-BO,S-ZD-BO,S-ZO-UN,B-ZE-BR
14,2010.06.12 00:00,NZDUSD,60,86400,BUY,ZB,1,0.68751,0.66679,2072.0,0.69090,0.68015,1075.0,51.882,64.48,736.0,489.0,0.68751,0.68015,0.69826,BOUNCE,2010.06.14 16:00,1,2010.07.01 04:00,0,,0,,1,2w 2d,NewYork,NA,,NA,,0.65943,UNTOUCHED,,0,,0,,0,,0,NA,Other,NA,,NA,,0.69487,BREAK,2010.06.14 09:00,0,,0,,0,,0,NA,London,BREAK,2010.06.18 23:00,BREAK,2010.06.21 10:00,0.67279,UNTOUCHED,,0,,0,,0,,0,NA,Other,NA,,NA,,B-ZB-BR,B-ZG-BR,S-ZO-UN,S-ZF-BR,B-ZD-BR,S-ZO-BO,B-ZE-BR,B-ZF-BR,B-ZO-BO,S-ZE-UN,S-ZO-BO,B-ZC-BR,B-ZF-BR,B-ZD-BR,S-ZD-BR,S-ZB-BO,S-ZD-BO,S-ZO-UN,B-ZE-BR,S-ZO-UN
15,2010.06.16 00:00,NZDUSD,60,86400,SELL,ZO,0,0.70188,0.69011,1177.0,0.69918,0.68859,1059.0,89.975,22.94,907.0,277.8,0.69918,0.69011,0.67952,BOUNCE,2010.07.01 10:00,1,2010.07.07 17:00,1,2010.07.08 04:00,1,2010.07.09 06:00,3,1w 0d,London,NA,,NA,,0.71095,BREAK,2010.06.21 01:00,0,,0,,0,,0,NA,Asia,BREAK,2010.07.14 18:00,BOUNCE,2010.07.16 07:00,0.68104,BOUNCE,2010.07.01 04:00,1,2010.07.08 04:00,1,2010.07.09 06:00,0,,2,1w 1d,Asia,NA,,NA,,0.70825,BREAK,2010.06.21 01:00,0,,0,,0,,0,NA,Asia,BREAK,2010.07.13 19:00,BREAK,2010.07.15 22:00,B-ZB-BO,B-ZB-BR,B-ZG-BR,S-ZO-UN,S-ZF-BR,B-ZD-BR,S-ZO-BO,B-ZE-BR,B-ZF-BR,B-ZO-BO,B-ZC-BR,B-ZF-BR,B-ZD-BR,S-ZD-BR,S-ZB-BO,S-ZD-BO,S-ZO-UN,B-ZE-BR,S-ZO-UN,B-ZB-BR
16,2010.06.17 00:00,NZDUSD,60,86400,BUY,ZC,1,0.69918,0.68859,1059.0,0.70010,0.69295,715.0,67.517,41.17,623.0,249.9,0.69918,0.69295,0.70633,BREAK,2010.06.18 07:00,0,,0,,0,,0,NA,London,BREAK,2010.06.21 10:00,BREAK,2010.07.14 18:00,0.68236,BREAK,2010.07.01 04:00,0,,0,,0,,0,NA,Asia,UNTOUCHED,,NA,,0.70541,BREAK,2010.06.18 00:00,0,,0,,0,,0,NA,Asia,BREAK,2010.06.21 10:00,BREAK,2010.07.13 19:00,0.68672,BREAK,2010.06.30 16:00,0,,0,,0,,0,NA,NewYork,BOUNCE,2010.07.01 16:00,NA,,S-ZO-BO,B-ZB-BO,B-ZB-BR,B-ZG-BR,S-ZO-UN,S-ZF-BR,B-ZD-BR,S-ZO-BO,B-ZE-BR,B-ZF-BR,B-ZF-BR,B-ZD-BR,S-ZD-BR,S-ZB-BO,S-ZD-BO,S-ZO-UN,B-ZE-BR,S-ZO-UN,B-ZB-BR,B-ZD-BR
17,2010.06.18 00:00,NZDUSD,60,86400,BUY,ZF,1,0.70010,0.69295,715.0,0.70449,0.69466,983.0,137.483,23.92,544.0,168.7,0.70010,0.69466,0.70993,BREAK,2010.06.21 01:00,0,,0,,0,,0,NA,Asia,BOUNCE,2010.06.24 10:00,NA,,0.68751,BREAK,2010.06.30 16:00,0,,0,,0,,0,NA,NewYork,BREAK,2010.07.01 04:00,UNTOUCHED,,0.70554,BREAK,2010.06.18 00:00,0,,0,,0,,0,NA,Asia,BREAK,2010.06.21 09:00,BREAK,2010.07.13 18:00,0.68922,BREAK,2010.06.30 15:00,0,,0,,0,,0,NA,NewYork,BREAK,2010.07.01 04:00,UNTOUCHED,,B-ZC-BR,S-ZO-BO,B-ZB-BO,B-ZB-BR,B-ZG-BR,S-ZO-UN,S-ZF-BR,B-ZD-BR,S-ZO-BO,B-ZE-BR,B-ZD-BR,S-ZD-BR,S-ZB-BO,S-ZD-BO,S-ZO-UN,B-ZE-BR,S-ZO-UN,B-ZB-BR,B-ZD-BR,B-ZH-BO
18,2010.06.19 00:00,NZDUSD,60,86400,BUY,ZD,1,0.70449,0.69466,983.0,0.70713,0.70173,540.0,54.934,71.92,276.0,232.0,0.70449,0.70173,0.70989,BREAK,2010.06.21 01:00,0,,0,,0,,0,NA,Asia,BREAK,2010.06.21 10:00,BOUNCE,2010.06.23 21:00,0.69190,BOUNCE,2010.06.29 17:00,1,2010.07.07 17:00,1,2010.07.08 04:00,1,2010.07.08 15:00,3,1w 1d,NewYork,NA,,NA,,0.70725,BREAK,2010.06.21 01:00,0,,0,,0,,0,NA,Asia,BREAK,2010.06.21 02:00,BREAK,2010.06.21 10:00,0.69897,BOUNCE,2010.06.29 10:00,1,2010.07.08 04:00,1,2010.07.08 04:00,0,,2,1w 1d,London,NA,,NA,,B-ZF-BR,B-ZC-BR,S-ZO-BO,B-ZB-BO,B-ZB-BR,B-ZG-BR,S-ZO-UN,S-ZF-BR,B-ZD-BR,S-ZO-BO,S-ZD-BR,S-ZB-BO,S-ZD-BO,S-ZO-UN,B-ZE-BR,S-ZO-UN,B-ZB-BR,B-ZD-BR,B-ZH-BO,B-ZB-BO
19,2010.06.23 00:00,NZDUSD,60,86400,SELL,ZD,1,0.71511,0.70706,805.0,0.71176,0.70381,795.0,98.758,41.61,470.0,190.0,0.71176,0.70706,0.69911,BREAK,2010.06.29 10:00,0,,0,,0,,0,NA,London,BREAK,2010.06.29 17:00,BOUNCE,2010.06.30 09:00,0.71981,BREAK,2010.07.13 19:00,0,,0,,0,,0,NA,NewYork,BOUNCE,2010.07.15 17:00,NA,,0.70236,BREAK,2010.06.25 12:00,0,,0,,0,,0,NA,London,BREAK,2010.06.29 12:00,BREAK,2010.06.29 17:00,0.71646,BREAK,2010.07.13 18:00,0,,0,,0,,0,NA,NewYork,BREAK,2010.07.14 18:00,BREAK,2010.07.15 21:00,B-ZD-BR,B-ZF-BR,B-ZC-BR,S-ZO-BO,B-ZB-BO,B-ZB-BR,B-ZG-BR,S-ZO-UN,S-ZF-BR,B-ZD-BR,S-ZB-BO,S-ZD-BO,S-ZO-UN,B-ZE-BR,S-ZO-UN,B-ZB-BR,B-ZD-BR,B-ZH-BO,B-ZB-BO,B-ZF-BO
20,2010.06.30 00:00,NZDUSD,60,86400,SELL,ZB,1,0.71465,0.70580,885.0,0.70848,0.69085,1763.0,199.209,69.72,268.0,208.9,0.70848,0.70580,0.68817,BOUNCE,2010.06.30 15:00,1,2010.07.02 03:00,1,2010.07.09 06:00,1,2010.07.13 18:00,3,1w 6d,NewYork,NA,,NA,,0.71733,BREAK,2010.07.13 18:00,0,,0,,0,,0,NA,NewYork,BOUNCE,2010.07.14 01:00,NA,,0.70312,BREAK,2010.06.30 00:00,0,,0,,0,,0,NA,Asia,BREAK,2010.06.30 01:00,BREAK,2010.06.30 02:00,0.71116,BOUNCE,2010.07.09 06:00,1,2010.07.19 17:00,1,2010.07.19 17:00,0,,2,1w 3d,Asia,NA,,NA,,S-ZD-BR,B-ZD-BR,B-ZF-BR,B-ZC-BR,S-ZO-BO,B-ZB-BO,B-ZB-BR,B-ZG-BR,S-ZO-UN,S-ZF-BR,S-ZD-BO,S-ZO-UN,B-ZE-BR,S-ZO-UN,B-ZB-BR,B-ZD-BR,B-ZH-BO,B-ZB-BO,B-ZF-BO,S-ZF-BO
21,2010.07.01 00:00,NZDUSD,60,86400,SELL,ZD,1,0.70848,0.69085,1763.0,0.69530,0.68405,1125.0,63.812,74.76,445.0,416.1,0.69530,0.69085,0.67960,BOUNCE,2010.07.01 10:00,1,2010.07.01 20:00,1,2010.07.07 20:00,1,2010.07.13 00:00,3,1w 4d,London,NA,,NA,,0.71293,BOUNCE,2010.07.13 00:00,1,2010.07.19 02:00,0,,0,,1,6d 2h,Asia,NA,,NA,,0.68640,BREAK,2010.07.01 00:00,0,,0,,0,,0,NA,Asia,BOUNCE,2010.07.01 16:00,NA,,0.69975,BREAK,2010.07.07 20:00,0,,0,,0,,0,NA,NewYork,BREAK,2010.07.08 04:00,BOUNCE,2010.07.08 18:00,S-ZB-BO,S-ZD-BR,B-ZD-BR,B-ZF-BR,B-ZC-BR,S-ZO-BO,B-ZB-BO,B-ZB-BR,B-ZG-BR,S-ZO-UN,S-ZO-UN,B-ZE-BR,S-ZO-UN,B-ZB-BR,B-ZD-BR,B-ZH-BO,B-ZB-BO,B-ZF-BO,S-ZF-BO,B-ZF-BR
22,2010.07.02 00:00,NZDUSD,60,86400,SELL,ZO,0,0.69530,0.68405,1125.0,0.69147,0.67937,1210.0,107.556,34.04,742.0,265.5,0.69147,0.68405,0.67195,UNTOUCHED,,0,,0,,0,,0,NA,Other,NA,,NA,,0.70272,BREAK,2010.07.07 20:00,0,,0,,0,,0,NA,NewYork,BREAK,2010.07.13 00:00,BREAK,2010.07.13 19:00,0.67663,UNTOUCHED,,0,,0,,0,,0,NA,Other,NA,,NA,,0.69889,BREAK,2010.07.07 17:00,0,,0,,0,,0,NA,NewYork,BREAK,2010.07.08 04:00,BREAK,2010.07.13 18:00,S-ZD-BO,S-ZB-BO,S-ZD-BR,B-ZD-BR,B-ZF-BR,B-ZC-BR,S-ZO-BO,B-ZB-BO,B-ZB-BR,B-ZG-BR,B-ZE-BR,S-ZO-UN,B-ZB-BR,B-ZD-BR,B-ZH-BO,B-ZB-BO,B-ZF-BO,S-ZF-BO,B-ZF-BR,B-ZE-BR
23,2010.07.05 01:00,NZDUSD,60,86400,BUY,ZE,1,0.69147,0.67937,1210.0,0.69700,0.68710,990.0,81.818,63.88,437.0,285.6,0.69147,0.68710,0.70137,BREAK,2010.07.07 20:00,0,,0,,0,,0,NA,NewYork,BREAK,2010.07.08 04:00,BOUNCE,2010.07.12 10:00,0.67500,UNTOUCHED,,0,,0,,0,,0,NA,Other,NA,,NA,,0.69584,BOUNCE,2010.07.06 15:00,0,,0,,0,,0,NA,NewYork,NA,,NA,,0.68273,BOUNCE,2010.07.06 03:00,1,2010.07.06 15:00,1,2010.07.06 15:00,0,,2,12h,Asia,NA,,NA,,S-ZO-UN,S-ZD-BO,S-ZB-BO,S-ZD-BR,B-ZD-BR,B-ZF-BR,B-ZC-BR,S-ZO-BO,B-ZB-BO,B-ZB-BR,S-ZO-UN,B-ZB-BR,B-ZD-BR,B-ZH-BO,B-ZB-BO,B-ZF-BO,S-ZF-BO,B-ZF-BR,B-ZE-BR,B-ZE-BR
24,2010.07.06 00:00,NZDUSD,60,86400,SELL,ZO,0,0.69700,0.68710,990.0,0.69378,0.68530,848.0,85.657,32.53,668.0,233.6,0.69378,0.68710,0.67862,UNTOUCHED,,0,,0,,0,,0,NA,Other,NA,,NA,,0.70368,BREAK,2010.07.07 20:00,0,,0,,0,,0,NA,NewYork,BREAK,2010.07.13 00:00,BREAK,2010.07.13 18:00,0.68042,UNTOUCHED,,0,,0,,0,,0,NA,Other,NA,,NA,,0.70046,BREAK,2010.07.07 20:00,0,,0,,0,,0,NA,NewYork,BREAK,2010.07.08 04:00,BREAK,2010.07.13 18:00,B-ZE-BR,S-ZO-UN,S-ZD-BO,S-ZB-BO,S-ZD-BR,B-ZD-BR,B-ZF-BR,B-ZC-BR,S-ZO-BO,B-ZB-BO,B-ZB-BR,B-ZD-BR,B-ZH-BO,B-ZB-BO,B-ZF-BO,S-ZF-BO,B-ZF-BR,B-ZE-BR,B-ZE-BR,B-ZF-UN
25,2010.07.08 00:00,NZDUSD,60,86400,BUY,ZB,1,0.69731,0.68234,1497.0,0.70504,0.68856,1648.0,110.087,41.55,875.0,353.3,0.69731,0.68856,0.71379,BREAK,2010.07.13 04:00,0,,0,,0,,0,NA,Asia,BREAK,2010.07.15 21:00,BREAK,2010.07.26 19:00,0.67359,UNTOUCHED,,0,,0,,0,,0,NA,Other,NA,,NA,,0.70606,BREAK,2010.07.08 04:00,0,,0,,0,,0,NA,Asia,BREAK,2010.07.13 18:00,BREAK,2010.07.15 21:00,0.67981,UNTOUCHED,,0,,0,,0,,0,NA,Other,NA,,NA,,S-ZO-UN,B-ZE-BR,S-ZO-UN,S-ZD-BO,S-ZB-BO,S-ZD-BR,B-ZD-BR,B-ZF-BR,B-ZC-BR,S-ZO-BO,B-ZD-BR,B-ZH-BO,B-ZB-BO,B-ZF-BO,S-ZF-BO,B-ZF-BR,B-ZE-BR,B-ZE-BR,B-ZF-UN,B-ZE-UN
26,2010.07.12 01:00,NZDUSD,60,86400,BUY,ZD,1,0.71010,0.70217,793.0,0.71147,0.70616,531.0,66.961,50.32,394.0,187.1,0.71010,0.70616,0.71541,BREAK,2010.07.13 17:00,0,,0,,0,,0,NA,NewYork,BREAK,2010.07.14 18:00,BOUNCE,2010.07.15 04:00,0.69823,UNTOUCHED,,0,,0,,0,,0,NA,Other,NA,,NA,,0.71404,BOUNCE,2010.07.13 04:00,1,2010.08.16 03:00,0,,0,,1,4w 5d,Asia,NA,,NA,,0.70222,BREAK,2010.08.16 03:00,0,,0,,0,,0,NA,Asia,BREAK,2010.08.25 14:00,UNTOUCHED,,B-ZB-BR,S-ZO-UN,B-ZE-BR,S-ZO-UN,S-ZD-BO,S-ZB-BO,S-ZD-BR,B-ZD-BR,B-ZF-BR,B-ZC-BR,B-ZH-BO,B-ZB-BO,B-ZF-BO,S-ZF-BO,B-ZF-BR,B-ZE-BR,B-ZE-BR,B-ZF-UN,B-ZE-UN,S-ZD-BR
27,2010.07.14 01:00,NZDUSD,60,86400,BUY,ZH,1,0.71155,0.70561,594.0,0.72053,0.70748,1305.0,219.697,31.48,407.0,140.2,0.71155,0.70748,0.72460,BOUNCE,2010.07.14 18:00,1,2010.07.16 11:00,1,2010.07.19 04:00,1,2010.08.16 03:00,3,4w 4d,NewYork,NA,,NA,,0.70154,BREAK,2010.08.16 03:00,0,,0,,0,,0,NA,Asia,BREAK,2010.08.25 15:00,UNTOUCHED,,0.71562,BREAK,2010.07.14 01:00,0,,0,,0,,0,NA,Asia,BREAK,2010.07.14 18:00,BOUNCE,2010.07.15 03:00,0.70341,BOUNCE,2010.07.19 04:00,1,2010.07.20 20:00,1,2010.07.20 20:00,0,,2,1d 16h,Asia,NA,,NA,,B-ZD-BR,B-ZB-BR,S-ZO-UN,B-ZE-BR,S-ZO-UN,S-ZD-BO,S-ZB-BO,S-ZD-BR,B-ZD-BR,B-ZF-BR,B-ZB-BO,B-ZF-BO,S-ZF-BO,B-ZF-BR,B-ZE-BR,B-ZE-BR,B-ZF-UN,B-ZE-UN,S-ZD-BR,S-ZD-BO
28,2010.07.15 00:00,NZDUSD,60,86400,BUY,ZB,1,0.72053,0.70748,1305.0,0.72531,0.71580,951.0,72.874,63.75,473.0,308.0,0.72053,0.71580,0.73004,BOUNCE,2010.07.15 22:00,1,2010.07.16 05:00,1,2010.07.16 17:00,1,2010.07.19 17:00,3,3d 19h,Other,NA,,NA,,0.70275,BOUNCE,2010.07.19 17:00,1,2010.07.20 06:00,1,2010.07.22 20:00,1,2010.07.26 09:00,3,6d 16h,NewYork,NA,,NA,,0.72526,BREAK,2010.07.15 21:00,0,,0,,0,,0,NA,Other,BREAK,2010.07.26 19:00,BREAK,2010.07.27 14:00,0.71107,BREAK,2010.07.16 17:00,0,,0,,0,,0,NA,NewYork,BOUNCE,2010.07.19 11:00,NA,,B-ZH-BO,B-ZD-BR,B-ZB-BR,S-ZO-UN,B-ZE-BR,S-ZO-UN,S-ZD-BO,S-ZB-BO,S-ZD-BR,B-ZD-BR,B-ZF-BO,S-ZF-BO,B-ZF-BR,B-ZE-BR,B-ZE-BR,B-ZF-UN,B-ZE-UN,S-ZD-BR,S-ZD-BO,S-ZO-BR
29,2010.07.16 00:00,NZDUSD,60,86400,BUY,ZF,0,0.72531,0.71580,951.0,0.73010,0.71729,1281.0,134.700,15.67,802.0,224.4,0.72531,0.71729,0.73812,BOUNCE,2010.07.27 14:00,1,2010.07.29 00:00,1,2010.08.12 14:00,1,2010.08.12 15:00,3,2w 2d,NewYork,NA,,NA,,0.70778,BREAK,2010.07.19 01:00,0,,0,,0,,0,NA,Asia,BOUNCE,2010.08.16 18:00,NA,,0.73333,BREAK,2010.07.26 19:00,0,,0,,0,,0,NA,NewYork,UNTOUCHED,,NA,,0.70927,BREAK,2010.07.19 01:00,0,,0,,0,,0,NA,Asia,BOUNCE,2010.08.16 19:00,NA,,B-ZB-BO,B-ZH-BO,B-ZD-BR,B-ZB-BR,S-ZO-UN,B-ZE-BR,S-ZO-UN,S-ZD-BO,S-ZB-BO,S-ZD-BR,S-ZF-BO,B-ZF-BR,B-ZE-BR,B-ZE-BR,B-ZF-UN,B-ZE-UN,S-ZD-BR,S-ZD-BO,S-ZO-BR,B-ZE-UN
30,2010.07.19 01:00,NZDUSD,60,86400,SELL,ZF,1,0.73010,0.71729,1281.0,0.72930,0.70948,1982.0,154.723,6.25,1201.0,302.3,0.72930,0.71729,0.69747,BOUNCE,2010.08.25 14:00,0,,0,,0,,0,NA,NewYork,NA,,NA,,0.74211,UNTOUCHED,,0,,0,,0,,0,NA,Other,NA,,NA,,0.70528,BOUNCE,2010.07.19 02:00,0,,0,,0,,0,NA,Asia,NA,,NA,,0.74131,UNTOUCHED,,0,,0,,0,,0,NA,Other,NA,,NA,,B-ZF-BO,B-ZB-BO,B-ZH-BO,B-ZD-BR,B-ZB-BR,S-ZO-UN,B-ZE-BR,S-ZO-UN,S-ZD-BO,S-ZB-BO,B-ZF-BR,B-ZE-BR,B-ZE-BR,B-ZF-UN,B-ZE-UN,S-ZD-BR,S-ZD-BO,S-ZO-BR,B-ZE-UN,S-ZG-BR
31,2010.07.21 00:00,NZDUSD,60,86400,BUY,ZF,1,0.71123,0.70271,852.0,0.71730,0.70433,1297.0,152.230,19.01,690.0,201.1,0.71123,0.70433,0.72420,BREAK,2010.07.22 16:00,0,,0,,0,,0,NA,NewYork,BREAK,2010.07.26 19:00,BOUNCE,2010.07.28 02:00,0.69581,BOUNCE,2010.08.25 15:00,1,2010.08.27 18:00,0,,0,,1,2d 3h,NewYork,NA,,NA,,0.71813,BOUNCE,2010.07.21 02:00,1,2010.08.25 14:00,1,2010.08.25 15:00,0,,2,5w 0d,Asia,NA,,NA,,0.69743,BREAK,2010.08.25 14:00,0,,0,,0,,0,NA,NewYork,UNTOUCHED,,NA,,S-ZF-BO,B-ZF-BO,B-ZB-BO,B-ZH-BO,B-ZD-BR,B-ZB-BR,S-ZO-UN,B-ZE-BR,S-ZO-UN,S-ZD-BO,B-ZE-BR,B-ZE-BR,B-ZF-UN,B-ZE-UN,S-ZD-BR,S-ZD-BO,S-ZO-BR,B-ZE-UN,S-ZG-BR,S-ZB-BR
32,2010.07.22 00:00,NZDUSD,60,86400,BUY,ZE,1,0.71730,0.70433,1297.0,0.71942,0.71184,758.0,58.443,57.90,546.0,306.1,0.71730,0.71184,0.72488,BREAK,2010.07.22 17:00,0,,0,,0,,0,NA,NewYork,BREAK,2010.07.26 19:00,BREAK,2010.07.27 14:00,0.69887,BREAK,2010.08.25 14:00,0,,0,,0,,0,NA,NewYork,UNTOUCHED,,NA,,0.72276,BREAK,2010.07.22 16:00,0,,0,,0,,0,NA,NewYork,BREAK,2010.07.26 10:00,BREAK,2010.07.27 13:00,0.70638,BOUNCE,2010.08.12 16:00,0,,0,,0,,0,NA,NewYork,NA,,NA,,B-ZF-BR,S-ZF-BO,B-ZF-BO,B-ZB-BO,B-ZH-BO,B-ZD-BR,B-ZB-BR,S-ZO-UN,B-ZE-BR,S-ZO-UN,B-ZE-BR,B-ZF-UN,B-ZE-UN,S-ZD-BR,S-ZD-BO,S-ZO-BR,B-ZE-UN,S-ZG-BR,S-ZB-BR,S-ZB-BO
33,2010.07.26 01:00,NZDUSD,60,86400,BUY,ZE,1,0.72718,0.70952,1766.0,0.72882,0.72253,629.0,35.617,73.67,465.0,416.8,0.72718,0.72253,0.73347,BREAK,2010.07.26 19:00,0,,0,,0,,0,NA,NewYork,BOUNCE,2010.07.27 17:00,NA,,0.70487,BREAK,2010.08.13 23:00,0,,0,,0,,0,NA,Other,BOUNCE,2010.08.20 19:00,NA,,0.73183,BREAK,2010.07.26 18:00,0,,0,,0,,0,NA,NewYork,BOUNCE,2010.07.27 20:00,NA,,0.71788,BOUNCE,2010.08.10 15:00,0,,0,,0,,0,NA,NewYork,NA,,NA,,B-ZE-BR,B-ZF-BR,S-ZF-BO,B-ZF-BO,B-ZB-BO,B-ZH-BO,B-ZD-BR,B-ZB-BR,S-ZO-UN,B-ZE-BR,B-ZF-UN,B-ZE-UN,S-ZD-BR,S-ZD-BO,S-ZO-BR,B-ZE-UN,S-ZG-BR,S-ZB-BR,S-ZB-BO,S-ZE-UN
34,2010.07.27 00:00,NZDUSD,60,86400,BUY,ZF,1,0.72882,0.72253,629.0,0.73526,0.72449,1077.0,171.224,31.16,433.0,148.4,0.72882,0.72449,0.73959,UNTOUCHED,,0,,0,,0,,0,NA,Other,NA,,NA,,0.71820,BREAK,2010.08.10 15:00,0,,0,,0,,0,NA,NewYork,BREAK,2010.08.12 00:00,BOUNCE,2010.08.12 08:00,0.73315,BREAK,2010.07.27 00:00,0,,0,,0,,0,NA,Asia,BREAK,2010.07.27 14:00,UNTOUCHED,,0.72016,BOUNCE,2010.07.29 00:00,1,2010.08.02 10:00,1,2010.08.02 10:00,0,,2,4d 10h,Asia,NA,,NA,,B-ZE-BR,B-ZE-BR,B-ZF-BR,S-ZF-BO,B-ZF-BO,B-ZB-BO,B-ZH-BO,B-ZD-BR,B-ZB-BR,S-ZO-UN,B-ZE-UN,S-ZD-BR,S-ZD-BO,S-ZO-BR,B-ZE-UN,S-ZG-BR,S-ZB-BR,S-ZB-BO,S-ZE-UN,B-ZB-BR
35,2010.07.28 00:00,NZDUSD,60,86400,BUY,ZE,1,0.73526,0.72449,1077.0,0.73940,0.73117,823.0,76.416,62.02,409.0,254.2,0.73526,0.73117,0.74349,UNTOUCHED,,0,,0,,0,,0,NA,Other,NA,,NA,,0.72040,BOUNCE,2010.07.29 00:00,1,2010.08.02 03:00,0,,0,,1,4d 3h,Asia,NA,,NA,,0.73935,UNTOUCHED,,0,,0,,0,,0,NA,Other,NA,,NA,,0.72708,BREAK,2010.07.28 12:00,0,,0,,0,,0,NA,London,BREAK,2010.07.29 04:00,BOUNCE,2010.08.10 21:00,B-ZF-UN,B-ZE-BR,B-ZE-BR,B-ZF-BR,S-ZF-BO,B-ZF-BO,B-ZB-BO,B-ZH-BO,B-ZD-BR,B-ZB-BR,S-ZD-BR,S-ZD-BO,S-ZO-BR,B-ZE-UN,S-ZG-BR,S-ZB-BR,S-ZB-BO,S-ZE-UN,B-ZB-BR,B-ZC-BO
36,2010.07.29 00:00,NZDUSD,60,86400,SELL,ZD,1,0.73940,0.73117,823.0,0.73374,0.72549,825.0,100.243,68.77,257.0,194.2,0.73374,0.73117,0.72292,BREAK,2010.07.29 00:00,0,,0,,0,,0,NA,Asia,BOUNCE,2010.07.30 09:00,NA,,0.74197,UNTOUCHED,,0,,0,,0,,0,NA,Other,NA,,NA,,0.72860,BREAK,2010.07.29 00:00,0,,0,,0,,0,NA,Asia,BREAK,2010.07.29 01:00,BREAK,2010.07.29 03:00,0.73631,UNTOUCHED,,0,,0,,0,,0,NA,Other,NA,,NA,,B-ZE-UN,B-ZF-UN,B-ZE-BR,B-ZE-BR,B-ZF-BR,S-ZF-BO,B-ZF-BO,B-ZB-BO,B-ZH-BO,B-ZD-BR,S-ZD-BO,S-ZO-BR,B-ZE-UN,S-ZG-BR,S-ZB-BR,S-ZB-BO,S-ZE-UN,B-ZB-BR,B-ZC-BO,S-ZB-BO
37,2010.07.30 00:00,NZDUSD,60,86400,SELL,ZD,1,0.73374,0.72549,825.0,0.72853,0.72002,851.0,103.152,63.15,304.0,194.7,0.72853,0.72549,0.71698,BOUNCE,2010.08.10 15:00,1,2010.08.10 21:00,0,,0,,1,6h,NewYork,NA,,NA,,0.73678,UNTOUCHED,,0,,0,,0,,0,NA,Other,NA,,NA,,0.72245,BREAK,2010.07.30 03:00,0,,0,,0,,0,NA,Asia,BOUNCE,2010.07.30 09:00,NA,,0.73157,BREAK,2010.08.02 10:00,0,,0,,0,,0,NA,London,BOUNCE,2010.08.04 11:00,NA,,S-ZD-BR,B-ZE-UN,B-ZF-UN,B-ZE-BR,B-ZE-BR,B-ZF-BR,S-ZF-BO,B-ZF-BO,B-ZB-BO,B-ZH-BO,S-ZO-BR,B-ZE-UN,S-ZG-BR,S-ZB-BR,S-ZB-BO,S-ZE-UN,B-ZB-BR,B-ZC-BO,S-ZB-BO,S-ZE-BR
38,2010.08.02 02:00,NZDUSD,60,86400,SELL,ZO,0,0.72853,0.72002,851.0,0.72666,0.71893,773.0,90.834,21.97,664.0,200.8,0.72666,0.72002,0.71229,BREAK,2010.08.12 00:00,0,,0,,0,,0,NA,Asia,BREAK,2010.08.16 03:00,BREAK,2010.08.25 14:00,0.73517,BOUNCE,2010.08.03 18:00,1,2010.08.10 08:00,1,2010.08.12 00:00,1,2010.08.12 00:00,3,1w 1d,NewYork,NA,,NA,,0.71338,BREAK,2010.08.12 00:00,0,,0,,0,,0,NA,Asia,BOUNCE,2010.08.13 02:00,NA,,0.73330,BREAK,2010.08.02 10:00,0,,0,,0,,0,NA,London,UNTOUCHED,,NA,,S-ZD-BO,S-ZD-BR,B-ZE-UN,B-ZF-UN,B-ZE-BR,B-ZE-BR,B-ZF-BR,S-ZF-BO,B-ZF-BO,B-ZB-BO,B-ZE-UN,S-ZG-BR,S-ZB-BR,S-ZB-BO,S-ZE-UN,B-ZB-BR,B-ZC-BO,S-ZB-BO,S-ZE-BR,B-ZC-BR
39,2010.08.04 00:00,NZDUSD,60,86400,BUY,ZE,1,0.73398,0.72605,793.0,0.73536,0.72978,558.0,70.366,47.04,420.0,187.1,0.73398,0.72978,0.73956,UNTOUCHED,,0,,0,,0,,0,NA,Other,NA,,NA,,0.72185,BREAK,2010.08.10 08:00,0,,0,,0,,0,NA,London,BREAK,2010.08.11 17:00,BREAK,2010.08.12 00:00,0.73818,UNTOUCHED,,0,,0,,0,,0,NA,Other,NA,,NA,,0.72558,BOUNCE,2010.08.05 11:00,0,,0,,0,,0,NA,London,NA,,NA,,S-ZO-BR,S-ZD-BO,S-ZD-BR,B-ZE-UN,B-ZF-UN,B-ZE-BR,B-ZE-BR,B-ZF-BR,S-ZF-BO,B-ZF-BO,S-ZG-BR,S-ZB-BR,S-ZB-BO,S-ZE-UN,B-ZB-BR,B-ZC-BO,S-ZB-BO,S-ZE-BR,B-ZC-BR,S-ZD-BR
40,2010.08.10 00:00,NZDUSD,60,86400,SELL,ZG,0,0.73427,0.72696,731.0,0.73351,0.72660,691.0,94.528,10.40,655.0,172.5,0.73351,0.72696,0.72005,BREAK,2010.08.10 15:00,0,,0,,0,,0,NA,NewYork,BREAK,2010.08.12 00:00,BOUNCE,2010.08.13 02:00,0.74082,UNTOUCHED,,0,,0,,0,,0,NA,Other,NA,,NA,,0.72041,BREAK,2010.08.10 14:00,0,,0,,0,,0,NA,NewYork,BREAK,2010.08.12 00:00,BOUNCE,2010.08.13 05:00,0.74006,UNTOUCHED,,0,,0,,0,,0,NA,Other,NA,,NA,,B-ZE-UN,S-ZO-BR,S-ZD-BO,S-ZD-BR,B-ZE-UN,B-ZF-UN,B-ZE-BR,B-ZE-BR,B-ZF-BR,S-ZF-BO,S-ZB-BR,S-ZB-BO,S-ZE-UN,B-ZB-BR,B-ZC-BO,S-ZB-BO,S-ZE-BR,B-ZC-BR,S-ZD-BR,S-ZH-UN
41,2010.08.11 00:00,NZDUSD,60,86400,SELL,ZB,1,0.73351,0.72660,691.0,0.72903,0.71660,1243.0,179.884,64.83,243.0,163.1,0.72903,0.72660,0.71417,BREAK,2010.08.12 00:00,0,,0,,0,,0,NA,Asia,BREAK,2010.08.12 04:00,BREAK,2010.08.12 15:00,0.73594,BOUNCE,2010.09.14 17:00,1,2010.09.15 06:00,1,2010.09.16 08:00,0,,2,1d 15h,NewYork,NA,,NA,,0.72417,BREAK,2010.08.11 00:00,0,,0,,0,,0,NA,Asia,BREAK,2010.08.11 03:00,BREAK,2010.08.11 12:00,0.73146,BREAK,2010.09.13 09:00,0,,0,,0,,0,NA,London,BOUNCE,2010.09.13 17:00,NA,,S-ZG-BR,B-ZE-UN,S-ZO-BR,S-ZD-BO,S-ZD-BR,B-ZE-UN,B-ZF-UN,B-ZE-BR,B-ZE-BR,B-ZF-BR,S-ZB-BO,S-ZE-UN,B-ZB-BR,B-ZC-BO,S-ZB-BO,S-ZE-BR,B-ZC-BR,S-ZD-BR,S-ZH-UN,B-ZG-BR
42,2010.08.12 00:00,NZDUSD,60,86400,SELL,ZB,1,0.72903,0.71660,1243.0,0.72405,0.71420,985.0,79.244,40.06,745.0,293.3,0.72405,0.71660,0.70675,BOUNCE,2010.08.12 16:00,1,2010.09.03 15:00,1,2010.09.13 09:00,1,2010.09.14 18:00,3,4w 5d,NewYork,NA,,NA,,0.73648,BOUNCE,2010.09.14 18:00,1,2010.09.16 15:00,0,,0,,1,1d 21h,NewYork,NA,,NA,,0.70915,BOUNCE,2010.08.12 14:00,1,2010.09.13 09:00,1,2010.09.14 18:00,0,,2,4w 5d,NewYork,NA,,NA,,0.73150,BREAK,2010.09.13 09:00,0,,0,,0,,0,NA,London,BOUNCE,2010.09.15 05:00,NA,,S-ZB-BR,S-ZG-BR,B-ZE-UN,S-ZO-BR,S-ZD-BO,S-ZD-BR,B-ZE-UN,B-ZF-UN,B-ZE-BR,B-ZE-BR,S-ZE-UN,B-ZB-BR,B-ZC-BO,S-ZB-BO,S-ZE-BR,B-ZC-BR,S-ZD-BR,S-ZH-UN,B-ZG-BR,B-ZF-BR
43,2010.08.17 00:00,NZDUSD,60,86400,SELL,ZE,1,0.71813,0.70483,1330.0,0.71024,0.69951,1073.0,80.677,59.32,541.0,313.9,0.71024,0.70483,0.69410,UNTOUCHED,,0,,0,,0,,0,NA,Other,NA,,NA,,0.72354,BOUNCE,2010.09.06 10:00,0,,0,,0,,0,NA,London,NA,,NA,,0.69942,BOUNCE,2010.08.25 00:00,1,2010.09.02 11:00,1,2010.09.06 10:00,0,,2,1w 5d,Asia,NA,,NA,,0.71565,BREAK,2010.08.18 12:00,0,,0,,0,,0,NA,London,BREAK,2010.09.06 10:00,BREAK,2010.09.10 14:00,S-ZB-BO,S-ZB-BR,S-ZG-BR,B-ZE-UN,S-ZO-BR,S-ZD-BO,S-ZD-BR,B-ZE-UN,B-ZF-UN,B-ZE-BR,B-ZB-BR,B-ZC-BO,S-ZB-BO,S-ZE-BR,B-ZC-BR,S-ZD-BR,S-ZH-UN,B-ZG-BR,B-ZF-BR,B-ZF-BR
44,2010.08.18 00:00,NZDUSD,60,86400,BUY,ZB,1,0.71024,0.69951,1073.0,0.71465,0.70387,1078.0,100.466,40.63,637.0,253.2,0.71024,0.70387,0.72102,BREAK,2010.09.03 15:00,0,,0,,0,,0,NA,NewYork,BREAK,2010.09.10 15:00,BOUNCE,2010.09.14 11:00,0.69314,UNTOUCHED,,0,,0,,0,,0,NA,Other,NA,,NA,,0.71661,BOUNCE,2010.08.18 13:00,1,2010.08.25 14:00,0,,0,,1,1w 0d,NewYork,NA,,NA,,0.69750,BREAK,2010.08.25 14:00,0,,0,,0,,0,NA,NewYork,UNTOUCHED,,NA,,S-ZE-UN,S-ZB-BO,S-ZB-BR,S-ZG-BR,B-ZE-UN,S-ZO-BR,S-ZD-BO,S-ZD-BR,B-ZE-UN,B-ZF-UN,B-ZC-BO,S-ZB-BO,S-ZE-BR,B-ZC-BR,S-ZD-BR,S-ZH-UN,B-ZG-BR,B-ZF-BR,B-ZF-BR,B-ZB-BR
45,2010.08.19 00:00,NZDUSD,60,86400,BUY,ZC,1,0.71465,0.70387,1078.0,0.71910,0.71012,898.0,83.302,57.98,453.0,254.4,0.71465,0.71012,0.72363,BOUNCE,2010.09.06 10:00,0,,0,,0,,0,NA,London,NA,,NA,,0.69934,BOUNCE,2010.08.25 00:00,1,2010.08.26 17:00,1,2010.09.03 15:00,1,2010.09.06 10:00,3,1w 5d,Asia,NA,,NA,,0.71918,BREAK,2010.09.03 15:00,0,,0,,0,,0,NA,NewYork,BOUNCE,2010.09.07 11:00,NA,,0.70559,BREAK,2010.08.19 19:00,0,,0,,0,,0,NA,NewYork,BOUNCE,2010.08.20 20:00,NA,,B-ZB-BR,S-ZE-UN,S-ZB-BO,S-ZB-BR,S-ZG-BR,B-ZE-UN,S-ZO-BR,S-ZD-BO,S-ZD-BR,B-ZE-UN,S-ZB-BO,S-ZE-BR,B-ZC-BR,S-ZD-BR,S-ZH-UN,B-ZG-BR,B-ZF-BR,B-ZF-BR,B-ZB-BR,B-ZB-BR
46,2010.08.20 00:00,NZDUSD,60,86400,SELL,ZB,1,0.71910,0.71012,898.0,0.71544,0.70549,995.0,110.802,40.76,532.0,211.9,0.71544,0.71012,0.70017,BOUNCE,2010.08.20 13:00,1,2010.08.23 15:00,1,2010.09.03 15:00,1,2010.09.06 10:00,3,2w 2d,NewYork,NA,,NA,,0.72442,BOUNCE,2010.09.06 10:00,0,,0,,0,,0,NA,London,NA,,NA,,0.70480,BREAK,2010.08.20 02:00,0,,0,,0,,0,NA,Asia,BOUNCE,2010.08.25 10:00,NA,,0.72076,BREAK,2010.09.03 15:00,0,,0,,0,,0,NA,NewYork,BREAK,2010.09.09 16:00,BREAK,2010.09.13 10:00,B-ZC-BO,B-ZB-BR,S-ZE-UN,S-ZB-BO,S-ZB-BR,S-ZG-BR,B-ZE-UN,S-ZO-BR,S-ZD-BO,S-ZD-BR,S-ZE-BR,B-ZC-BR,S-ZD-BR,S-ZH-UN,B-ZG-BR,B-ZF-BR,B-ZF-BR,B-ZB-BR,B-ZB-BR,S-ZO-UN
47,2010.08.23 01:00,NZDUSD,60,86400,SELL,ZE,1,0.71544,0.70549,995.0,0.70813,0.70015,798.0,80.201,73.47,264.0,234.8,0.70813,0.70549,0.69751,BREAK,2010.08.25 14:00,0,,0,,0,,0,NA,NewYork,UNTOUCHED,,NA,,0.71808,BREAK,2010.09.03 15:00,0,,0,,0,,0,NA,NewYork,BREAK,2010.09.06 06:00,BOUNCE,2010.09.07 02:00,0.70285,BOUNCE,2010.08.24 07:00,1,2010.08.27 18:00,1,2010.09.03 15:00,0,,2,1w 3d,London,NA,,NA,,0.71077,BOUNCE,2010.08.23 15:00,1,2010.08.24 07:00,1,2010.08.24 07:00,0,,2,16h,NewYork,NA,,NA,,S-ZB-BO,B-ZC-BO,B-ZB-BR,S-ZE-UN,S-ZB-BO,S-ZB-BR,S-ZG-BR,B-ZE-UN,S-ZO-BR,S-ZD-BO,B-ZC-BR,S-ZD-BR,S-ZH-UN,B-ZG-BR,B-ZF-BR,B-ZF-BR,B-ZB-BR,B-ZB-BR,S-ZO-UN,B-ZD-BR
48,2010.08.24 00:00,NZDUSD,60,86400,BUY,ZC,1,0.70813,0.70015,798.0,0.71222,0.70404,818.0,102.506,48.75,409.0,188.3,0.70813,0.70404,0.71631,BREAK,2010.09.02 12:00,0,,0,,0,,0,NA,London,BREAK,2010.09.06 06:00,BOUNCE,2010.09.07 10:00,0.69606,BOUNCE,2010.08.25 15:00,1,2010.08.26 08:00,1,2010.08.27 19:00,1,2010.09.02 12:00,3,1w 0d,NewYork,NA,,NA,,0.71222,BOUNCE,2010.08.27 19:00,1,2010.08.31 09:00,0,,0,,1,3d 14h,NewYork,NA,,NA,,0.69995,BOUNCE,2010.08.25 00:00,1,2010.08.27 19:00,1,2010.08.27 19:00,0,,2,2d 19h,Asia,NA,,NA,,S-ZE-BR,S-ZB-BO,B-ZC-BO,B-ZB-BR,S-ZE-UN,S-ZB-BO,S-ZB-BR,S-ZG-BR,B-ZE-UN,S-ZO-BR,S-ZD-BR,S-ZH-UN,B-ZG-BR,B-ZF-BR,B-ZF-BR,B-ZB-BR,B-ZB-BR,S-ZO-UN,B-ZD-BR,B-ZG-BR
49,2010.08.25 00:00,NZDUSD,60,86400,SELL,ZD,1,0.71222,0.70404,818.0,0.70772,0.70055,717.0,87.653,55.01,368.0,193.0,0.70772,0.70404,0.69687,BREAK,2010.08.25 14:00,0,,0,,0,,0,NA,NewYork,UNTOUCHED,,NA,,0.71590,BREAK,2010.09.02 12:00,0,,0,,0,,0,NA,London,BREAK,2010.09.06 05:00,BREAK,2010.09.06 17:00,0.70036,BOUNCE,2010.08.25 00:00,1,2010.08.27 19:00,1,2010.09.02 12:00,0,,2,1w 1d,Asia,NA,,NA,,0.71140,BREAK,2010.08.27 19:00,0,,0,,0,,0,NA,NewYork,BREAK,2010.09.02 17:00,BREAK,2010.09.03 15:00,B-ZC-BR,S-ZE-BR,S-ZB-BO,B-ZC-BO,B-ZB-BR,S-ZE-UN,S-ZB-BO,S-ZB-BR,S-ZG-BR,B-ZE-UN,S-ZH-UN,B-ZG-BR,B-ZF-BR,B-ZF-BR,B-ZB-BR,B-ZB-BR,S-ZO-UN,B-ZD-BR,B-ZG-BR,B-ZG-BO
50,2010.08.26 00:00,NZDUSD,60,86400,SELL,ZH,1,0.70772,0.70055,717.0,0.70618,0.69471,1147.0,159.972,21.48,563.0,169.2,0.70618,0.70055,0.68908,UNTOUCHED,,0,,0,,0,,0,NA,Other,NA,,NA,,0.71335,BOUNCE,2010.08.27 23:00,1,2010.08.31 03:00,0,,0,,1,3d 4h,Other,NA,,NA,,0.69492,UNTOUCHED,,0,,0,,0,,0,NA,Other,NA,,NA,,0.71181,BREAK,2010.08.27 19:00,0,,0,,0,,0,NA,NewYork,BREAK,2010.09.03 15:00,BREAK,2010.09.06 17:00,S-ZD-BR,B-ZC-BR,S-ZE-BR,S-ZB-BO,B-ZC-BO,B-ZB-BR,S-ZE-UN,S-ZB-BO,S-ZB-BR,S-ZG-BR,B-ZG-BR,B-ZF-BR,B-ZF-BR,B-ZB-BR,B-ZB-BR,S-ZO-UN,B-ZD-BR,B-ZG-BR,B-ZG-BO,B-ZF-BO
51,2010.08.27 00:00,NZDUSD,60,86400,BUY,ZG,0,0.70618,0.69471,1147.0,0.70878,0.69815,1063.0,92.677,29.99,803.0,270.7,0.70618,0.69815,0.71681,BREAK,2010.09.02 12:00,0,,0,,0,,0,NA,London,BOUNCE,2010.09.08 04:00,NA,,0.68668,UNTOUCHED,,0,,0,,0,,0,NA,Other,NA,,NA,,0.71421,BREAK,2010.09.02 09:00,0,,0,,0,,0,NA,London,BREAK,2010.09.06 17:00,BREAK,2010.09.13 10:00,0.69012,UNTOUCHED,,0,,0,,0,,0,NA,Other,NA,,NA,,S-ZH-UN,S-ZD-BR,B-ZC-BR,S-ZE-BR,S-ZB-BO,B-ZC-BO,B-ZB-BR,S-ZE-UN,S-ZB-BO,S-ZB-BR,B-ZF-BR,B-ZF-BR,B-ZB-BR,B-ZB-BR,S-ZO-UN,B-ZD-BR,B-ZG-BR,B-ZG-BO,B-ZF-BO,B-ZB-BO
52,2010.08.28 00:00,NZDUSD,60,86400,BUY,ZF,0,0.70878,0.69815,1063.0,0.71360,0.70160,1200.0,112.888,32.46,718.0,250.9,0.70878,0.70160,0.72078,BREAK,2010.09.03 15:00,0,,0,,0,,0,NA,NewYork,BREAK,2010.09.13 01:00,BREAK,2010.09.14 18:00,0.69097,UNTOUCHED,,0,,0,,0,,0,NA,Other,NA,,NA,,0.71596,BREAK,2010.09.02 12:00,0,,0,,0,,0,NA,London,BOUNCE,2010.09.08 06:00,NA,,0.69442,UNTOUCHED,,0,,0,,0,,0,NA,Other,NA,,NA,,B-ZG-BR,S-ZH-UN,S-ZD-BR,B-ZC-BR,S-ZE-BR,S-ZB-BO,B-ZC-BO,B-ZB-BR,S-ZE-UN,S-ZB-BO,B-ZF-BR,B-ZB-BR,B-ZB-BR,S-ZO-UN,B-ZD-BR,B-ZG-BR,B-ZG-BO,B-ZF-BO,B-ZB-BO,S-ZF-UN
53,2010.09.02 00:00,NZDUSD,60,86400,BUY,ZF,0,0.70732,0.69643,1089.0,0.71298,0.69771,1527.0,140.220,11.75,961.0,257.0,0.70732,0.69771,0.72259,BREAK,2010.09.06 06:00,0,,0,,0,,0,NA,Asia,BREAK,2010.09.14 17:00,BREAK,2010.10.01 17:00,0.68682,UNTOUCHED,,0,,0,,0,,0,NA,Other,NA,,NA,,0.71693,BREAK,2010.09.02 12:00,0,,0,,0,,0,NA,London,BREAK,2010.09.10 14:00,BREAK,2010.09.14 19:00,0.68810,UNTOUCHED,,0,,0,,0,,0,NA,Other,NA,,NA,,B-ZF-BR,B-ZG-BR,S-ZH-UN,S-ZD-BR,B-ZC-BR,S-ZE-BR,S-ZB-BO,B-ZC-BO,B-ZB-BR,S-ZE-UN,B-ZB-BR,B-ZB-BR,S-ZO-UN,B-ZD-BR,B-ZG-BR,B-ZG-BO,B-ZF-BO,B-ZB-BO,S-ZF-UN,B-ZE-BO
54,2010.09.06 01:00,NZDUSD,60,86400,BUY,ZB,1,0.71767,0.70963,804.0,0.72166,0.71282,884.0,109.950,39.68,485.0,189.7,0.71767,0.71282,0.72651,BREAK,2010.09.09 15:00,0,,0,,0,,0,NA,NewYork,BREAK,2010.09.13 10:00,BREAK,2010.09.14 18:00,0.70478,UNTOUCHED,,0,,0,,0,,0,NA,Other,NA,,NA,,0.72252,BREAK,2010.09.06 06:00,0,,0,,0,,0,NA,Asia,BREAK,2010.09.10 14:00,BREAK,2010.09.13 22:00,0.70797,UNTOUCHED,,0,,0,,0,,0,NA,Other,NA,,NA,,B-ZF-BR,B-ZF-BR,B-ZG-BR,S-ZH-UN,S-ZD-BR,B-ZC-BR,S-ZE-BR,S-ZB-BO,B-ZC-BO,B-ZB-BR,B-ZB-BR,S-ZO-UN,B-ZD-BR,B-ZG-BR,B-ZG-BO,B-ZF-BO,B-ZB-BO,S-ZF-UN,B-ZE-BO,B-ZE-BO
55,2010.09.07 00:00,NZDUSD,60,86400,BUY,ZB,1,0.72166,0.71282,884.0,0.72552,0.71810,742.0,83.937,59.73,356.0,208.6,0.72166,0.71810,0.72908,BREAK,2010.09.10 14:00,0,,0,,0,,0,NA,NewYork,BOUNCE,2010.09.14 01:00,NA,,0.70926,UNTOUCHED,,0,,0,,0,,0,NA,Other,NA,,NA,,0.72522,BREAK,2010.09.09 11:00,0,,0,,0,,0,NA,London,BREAK,2010.09.13 01:00,BREAK,2010.09.14 01:00,0.71454,UNTOUCHED,,0,,0,,0,,0,NA,Other,NA,,NA,,B-ZB-BR,B-ZF-BR,B-ZF-BR,B-ZG-BR,S-ZH-UN,S-ZD-BR,B-ZC-BR,S-ZE-BR,S-ZB-BO,B-ZC-BO,S-ZO-UN,B-ZD-BR,B-ZG-BR,B-ZG-BO,B-ZF-BO,B-ZB-BO,S-ZF-UN,B-ZE-BO,B-ZE-BO,B-ZF-BR
56,2010.09.09 00:00,NZDUSD,60,86400,SELL,ZO,0,0.72401,0.71854,547.0,0.72374,0.71580,794.0,145.155,4.94,520.0,129.1,0.72374,0.71854,0.71060,UNTOUCHED,,0,,0,,0,,0,NA,Other,NA,,NA,,0.72921,BREAK,2010.09.10 14:00,0,,0,,0,,0,NA,NewYork,BOUNCE,2010.09.14 01:00,NA,,0.71334,UNTOUCHED,,0,,0,,0,,0,NA,Other,NA,,NA,,0.72894,BREAK,2010.09.10 14:00,0,,0,,0,,0,NA,NewYork,BOUNCE,2010.09.14 03:00,NA,,B-ZB-BR,B-ZB-BR,B-ZF-BR,B-ZF-BR,B-ZG-BR,S-ZH-UN,S-ZD-BR,B-ZC-BR,S-ZE-BR,S-ZB-BO,B-ZD-BR,B-ZG-BR,B-ZG-BO,B-ZF-BO,B-ZB-BO,S-ZF-UN,B-ZE-BO,B-ZE-BO,B-ZF-BR,B-ZB-BO
57,2010.09.10 00:00,NZDUSD,60,86400,BUY,ZD,1,0.72374,0.71580,794.0,0.72857,0.71993,864.0,108.816,52.02,381.0,187.4,0.72374,0.71993,0.73238,BREAK,2010.09.13 10:00,0,,0,,0,,0,NA,London,BREAK,2010.09.14 18:00,BOUNCE,2010.09.22 18:00,0.71199,UNTOUCHED,,0,,0,,0,,0,NA,Other,NA,,NA,,0.72755,BREAK,2010.09.10 13:00,0,,0,,0,,0,NA,NewYork,BREAK,2010.09.13 10:00,BOUNCE,2010.09.14 17:00,0.71612,UNTOUCHED,,0,,0,,0,,0,NA,Other,NA,,NA,,S-ZO-UN,B-ZB-BR,B-ZB-BR,B-ZF-BR,B-ZF-BR,B-ZG-BR,S-ZH-UN,S-ZD-BR,B-ZC-BR,S-ZE-BR,B-ZG-BR,B-ZG-BO,B-ZF-BO,B-ZB-BO,S-ZF-UN,B-ZE-BO,B-ZE-BO,B-ZF-BR,B-ZB-BO,B-ZO-BR
58,2010.09.13 01:00,NZDUSD,60,86400,BUY,ZG,0,0.72857,0.71993,864.0,0.72994,0.72263,731.0,84.606,31.25,594.0,203.9,0.72857,0.72263,0.73588,BREAK,2010.09.14 17:00,0,,0,,0,,0,NA,NewYork,BREAK,2010.10.01 17:00,BREAK,2010.10.06 10:00,0.71399,UNTOUCHED,,0,,0,,0,,0,NA,Other,NA,,NA,,0.73451,BREAK,2010.09.14 17:00,0,,0,,0,,0,NA,NewYork,BOUNCE,2010.09.22 18:00,NA,,0.71669,UNTOUCHED,,0,,0,,0,,0,NA,Other,NA,,NA,,B-ZD-BR,S-ZO-UN,B-ZB-BR,B-ZB-BR,B-ZF-BR,B-ZF-BR,B-ZG-BR,S-ZH-UN,S-ZD-BR,B-ZC-BR,B-ZG-BO,B-ZF-BO,B-ZB-BO,S-ZF-UN,B-ZE-BO,B-ZE-BO,B-ZF-BR,B-ZB-BO,B-ZO-BR,S-ZO-UN
59,2010.09.18 00:00,NZDUSD,60,86400,BUY,ZG,0,0.73135,0.72139,996.0,0.73309,0.72368,941.0,94.478,22.99,767.0,235.1,0.73135,0.72368,0.74076,BOUNCE,2010.09.22 16:00,0,,0,,0,,0,NA,NewYork,NA,,NA,,0.71372,UNTOUCHED,,0,,0,,0,,0,NA,Other,NA,,NA,,0.73902,BREAK,2010.09.22 12:00,0,,0,,0,,0,NA,London,BREAK,2010.10.05 21:00,BREAK,2010.10.07 10:00,0.71601,UNTOUCHED,,0,,0,,0,,0,NA,Other,NA,,NA,,B-ZG-BR,B-ZD-BR,S-ZO-UN,B-ZB-BR,B-ZB-BR,B-ZF-BR,B-ZF-BR,B-ZG-BR,S-ZH-UN,S-ZD-BR,B-ZF-BO,B-ZB-BO,S-ZF-UN,B-ZE-BO,B-ZE-BO,B-ZF-BR,B-ZB-BO,B-ZO-BR,S-ZO-UN,B-ZE-BO
60,2010.09.22 00:00,NZDUSD,60,86400,BUY,ZF,0,0.73195,0.72500,695.0,0.73511,0.72578,933.0,134.245,11.22,617.0,164.0,0.73195,0.72578,0.74128,BOUNCE,2010.09.22 16:00,1,2010.09.23 10:00,0,,0,,1,18h,NewYork,NA,,NA,,0.71883,UNTOUCHED,,0,,0,,0,,0,NA,Other,NA,,NA,,0.73812,BREAK,2010.09.22 09:00,0,,0,,0,,0,NA,London,BREAK,2010.10.01 17:00,BREAK,2010.10.06 12:00,0.71961,UNTOUCHED,,0,,0,,0,,0,NA,Other,NA,,NA,,B-ZG-BO,B-ZG-BR,B-ZD-BR,S-ZO-UN,B-ZB-BR,B-ZB-BR,B-ZF-BR,B-ZF-BR,B-ZG-BR,S-ZH-UN,B-ZB-BO,S-ZF-UN,B-ZE-BO,B-ZE-BO,B-ZF-BR,B-ZB-BO,B-ZO-BR,S-ZO-UN,B-ZE-BO,S-ZO-BO
61,2010.09.23 00:00,NZDUSD,60,86400,BUY,ZB,1,0.73511,0.72578,933.0,0.74152,0.73168,984.0,105.466,63.24,343.0,220.2,0.73511,0.73168,0.74495,BOUNCE,2010.10.01 17:00,1,2010.10.05 00:00,0,,0,,1,3d 7h,NewYork,NA,,NA,,0.72235,UNTOUCHED,,0,,0,,0,,0,NA,Other,NA,,NA,,0.73854,BOUNCE,2010.09.23 00:00,1,2010.09.23 11:00,0,,0,,1,11h,Asia,NA,,NA,,0.72825,BOUNCE,2010.09.23 11:00,1,2010.09.28 18:00,1,2010.09.28 18:00,0,,2,5d 7h,London,NA,,NA,,B-ZF-BO,B-ZG-BO,B-ZG-BR,B-ZD-BR,S-ZO-UN,B-ZB-BR,B-ZB-BR,B-ZF-BR,B-ZF-BR,B-ZG-BR,S-ZF-UN,B-ZE-BO,B-ZE-BO,B-ZF-BR,B-ZB-BO,B-ZO-BR,S-ZO-UN,B-ZE-BO,S-ZO-BO,B-ZO-BR
62,2010.09.24 00:00,NZDUSD,60,86400,SELL,ZF,0,0.74152,0.73168,984.0,0.73902,0.72628,1274.0,129.472,25.41,734.0,232.2,0.73902,0.73168,0.71894,UNTOUCHED,,0,,0,,0,,0,NA,Other,NA,,NA,,0.74886,BREAK,2010.10.05 17:00,0,,0,,0,,0,NA,NewYork,BREAK,2010.10.07 13:00,BOUNCE,2010.10.14 20:00,0.72434,UNTOUCHED,,0,,0,,0,,0,NA,Other,NA,,NA,,0.74636,BREAK,2010.10.05 15:00,0,,0,,0,,0,NA,NewYork,BREAK,2010.10.07 09:00,BREAK,2010.10.14 04:00,B-ZB-BO,B-ZF-BO,B-ZG-BO,B-ZG-BR,B-ZD-BR,S-ZO-UN,B-ZB-BR,B-ZB-BR,B-ZF-BR,B-ZF-BR,B-ZE-BO,B-ZE-BO,B-ZF-BR,B-ZB-BO,B-ZO-BR,S-ZO-UN,B-ZE-BO,S-ZO-BO,B-ZO-BR,S-ZO-BR
63,2010.09.28 00:00,NZDUSD,60,86400,BUY,ZE,1,0.73584,0.72711,873.0,0.73666,0.73250,416.0,47.652,61.74,334.0,206.0,0.73584,0.73250,0.74000,BOUNCE,2010.09.28 20:00,1,2010.09.30 18:00,0,,0,,1,1d 22h,NewYork,NA,,NA,,0.72377,UNTOUCHED,,0,,0,,0,,0,NA,Other,NA,,NA,,0.73918,BOUNCE,2010.09.28 18:00,0,,0,,0,,0,NA,NewYork,NA,,NA,,0.72916,UNTOUCHED,,0,,0,,0,,0,NA,Other,NA,,NA,,S-ZF-UN,B-ZB-BO,B-ZF-BO,B-ZG-BO,B-ZG-BR,B-ZD-BR,S-ZO-UN,B-ZB-BR,B-ZB-BR,B-ZF-BR,B-ZE-BO,B-ZF-BR,B-ZB-BO,B-ZO-BR,S-ZO-UN,B-ZE-BO,S-ZO-BO,B-ZO-BR,S-ZO-BR,S-ZO-UN
64,2010.09.30 00:00,NZDUSD,60,86400,BUY,ZE,1,0.74027,0.73033,994.0,0.74049,0.73559,490.0,49.296,52.92,468.0,234.6,0.74027,0.73559,0.74517,BOUNCE,2010.10.01 17:00,1,2010.10.05 06:00,0,,0,,1,3d 13h,NewYork,NA,,NA,,0.72565,UNTOUCHED,,0,,0,,0,,0,NA,Other,NA,,NA,,0.74495,BOUNCE,2010.10.01 17:00,0,,0,,0,,0,NA,NewYork,NA,,NA,,0.73091,BOUNCE,2010.09.30 18:00,1,2010.10.01 17:00,1,2010.10.01 17:00,0,,2,23h,NewYork,NA,,NA,,B-ZE-BO,S-ZF-UN,B-ZB-BO,B-ZF-BO,B-ZG-BO,B-ZG-BR,B-ZD-BR,S-ZO-UN,B-ZB-BR,B-ZB-BR,B-ZF-BR,B-ZB-BO,B-ZO-BR,S-ZO-UN,B-ZE-BO,S-ZO-BO,B-ZO-BR,S-ZO-BR,S-ZO-UN,B-ZB-BR
65,2010.10.04 01:00,NZDUSD,60,86400,BUY,ZF,0,0.74068,0.73041,1027.0,0.74614,0.73272,1342.0,130.672,22.49,796.0,242.4,0.74068,0.73272,0.75410,BREAK,2010.10.06 18:00,0,,0,,0,,0,NA,NewYork,BOUNCE,2010.10.15 17:00,NA,,0.72245,UNTOUCHED,,0,,0,,0,,0,NA,Other,NA,,NA,,0.74864,BREAK,2010.10.05 17:00,0,,0,,0,,0,NA,NewYork,BREAK,2010.10.07 14:00,BREAK,2010.11.01 05:00,0.72476,UNTOUCHED,,0,,0,,0,,0,NA,Other,NA,,NA,,B-ZE-BO,B-ZE-BO,S-ZF-UN,B-ZB-BO,B-ZF-BO,B-ZG-BO,B-ZG-BR,B-ZD-BR,S-ZO-UN,B-ZB-BR,B-ZB-BO,B-ZO-BR,S-ZO-UN,B-ZE-BO,S-ZO-BO,B-ZO-BR,S-ZO-BR,S-ZO-UN,B-ZB-BR,B-ZB-BR
66,2010.10.07 00:00,NZDUSD,60,86400,BUY,ZB,1,0.74955,0.73564,1391.0,0.75469,0.74574,895.0,64.342,72.61,381.0,328.3,0.74955,0.74574,0.75850,BOUNCE,2010.10.07 13:00,1,2010.10.07 17:00,1,2010.10.27 20:00,0,,2,2w 6d,NewYork,NA,,NA,,0.73183,UNTOUCHED,,0,,0,,0,,0,NA,Other,NA,,NA,,0.75336,BREAK,2010.10.07 03:00,0,,0,,0,,0,NA,Asia,BOUNCE,2010.10.07 16:00,NA,,0.74193,BOUNCE,2010.10.27 20:00,1,2010.10.28 17:00,1,2010.10.28 17:00,0,,2,21h,NewYork,NA,,NA,,B-ZF-BR,B-ZE-BO,B-ZE-BO,S-ZF-UN,B-ZB-BO,B-ZF-BO,B-ZG-BO,B-ZG-BR,B-ZD-BR,S-ZO-UN,B-ZO-BR,S-ZO-UN,B-ZE-BO,S-ZO-BO,B-ZO-BR,S-ZO-BR,S-ZO-UN,B-ZB-BR,B-ZB-BR,B-ZF-BO
67,2010.10.08 00:00,NZDUSD,60,86400,BUY,ZO,0,0.75469,0.74574,895.0,0.75905,0.74668,1237.0,138.212,10.50,801.0,211.2,0.75469,0.74668,0.76706,BREAK,2010.11.01 05:00,0,,0,,0,,0,NA,Asia,BREAK,2010.11.03 20:00,BREAK,2010.11.04 00:00,0.73773,UNTOUCHED,,0,,0,,0,,0,NA,Other,NA,,NA,,0.76270,BOUNCE,2010.10.13 18:00,0,,0,,0,,0,NA,NewYork,NA,,NA,,0.73867,UNTOUCHED,,0,,0,,0,,0,NA,Other,NA,,NA,,B-ZB-BO,B-ZF-BR,B-ZE-BO,B-ZE-BO,S-ZF-UN,B-ZB-BO,B-ZF-BO,B-ZG-BO,B-ZG-BR,B-ZD-BR,S-ZO-UN,B-ZE-BO,S-ZO-BO,B-ZO-BR,S-ZO-BR,S-ZO-UN,B-ZB-BR,B-ZB-BR,B-ZF-BO,B-ZB-BO
68,2010.10.11 01:00,NZDUSD,60,86400,SELL,ZO,0,0.75905,0.74668,1237.0,0.75510,0.74265,1245.0,100.647,31.93,842.0,291.9,0.75510,0.74668,0.73423,UNTOUCHED,,0,,0,,0,,0,NA,Other,NA,,NA,,0.76747,BREAK,2010.11.01 09:00,0,,0,,0,,0,NA,London,BREAK,2010.11.03 21:00,BREAK,2010.11.04 01:00,0.73826,UNTOUCHED,,0,,0,,0,,0,NA,Other,NA,,NA,,0.76352,BOUNCE,2010.10.14 04:00,0,,0,,0,,0,NA,Asia,NA,,NA,,B-ZO-BR,B-ZB-BO,B-ZF-BR,B-ZE-BO,B-ZE-BO,S-ZF-UN,B-ZB-BO,B-ZF-BO,B-ZG-BO,B-ZG-BR,B-ZE-BO,S-ZO-BO,B-ZO-BR,S-ZO-BR,S-ZO-UN,B-ZB-BR,B-ZB-BR,B-ZF-BO,B-ZB-BO,S-ZH-BO
69,2010.10.12 00:00,NZDUSD,60,86400,BUY,ZE,1,0.75510,0.74265,1245.0,0.75720,0.75060,660.0,53.012,63.86,450.0,293.8,0.75510,0.75060,0.76170,BOUNCE,2010.10.13 17:00,1,2010.10.18 03:00,1,2010.10.19 16:00,0,,2,5d 23h,NewYork,NA,,NA,,0.73815,UNTOUCHED,,0,,0,,0,,0,NA,Other,NA,,NA,,0.75960,BREAK,2010.10.13 16:00,0,,0,,0,,0,NA,NewYork,BOUNCE,2010.10.14 13:00,NA,,0.74610,BREAK,2010.10.19 16:00,0,,0,,0,,0,NA,NewYork,BOUNCE,2010.10.28 00:00,NA,,S-ZO-UN,B-ZO-BR,B-ZB-BO,B-ZF-BR,B-ZE-BO,B-ZE-BO,S-ZF-UN,B-ZB-BO,B-ZF-BO,B-ZG-BO,S-ZO-BO,B-ZO-BR,S-ZO-BR,S-ZO-UN,B-ZB-BR,B-ZB-BR,B-ZF-BO,B-ZB-BO,S-ZH-BO,S-ZE-BO
70,2010.10.13 00:00,NZDUSD,60,86400,SELL,ZO,0,0.75720,0.75060,660.0,0.75581,0.74785,796.0,120.606,21.06,521.0,155.8,0.75581,0.75060,0.74264,BOUNCE,2010.10.20 02:00,1,2010.10.20 17:00,1,2010.10.29 16:00,1,2010.10.29 16:00,3,1w 2d,Asia,NA,,NA,,0.76241,BOUNCE,2010.10.13 17:00,1,2010.10.18 05:00,1,2010.10.19 16:00,1,2010.10.20 02:00,3,6d 9h,NewYork,NA,,NA,,0.74539,BREAK,2010.10.19 16:00,0,,0,,0,,0,NA,NewYork,UNTOUCHED,,NA,,0.76102,BREAK,2010.10.13 16:00,0,,0,,0,,0,NA,NewYork,BREAK,2010.11.01 12:00,BREAK,2010.11.02 15:00,B-ZE-BO,S-ZO-UN,B-ZO-BR,B-ZB-BO,B-ZF-BR,B-ZE-BO,B-ZE-BO,S-ZF-UN,B-ZB-BO,B-ZF-BO,B-ZO-BR,S-ZO-BR,S-ZO-UN,B-ZB-BR,B-ZB-BR,B-ZF-BO,B-ZB-BO,S-ZH-BO,S-ZE-BO,B-ZO-UN
71,2010.10.15 00:00,NZDUSD,60,86400,BUY,ZO,0,0.76310,0.75441,869.0,0.76420,0.75541,879.0,101.151,11.51,769.0,205.1,0.76310,0.75541,0.77189,BREAK,2010.11.02 14:00,0,,0,,0,,0,NA,NewYork,BOUNCE,2010.11.03 21:00,NA,,0.74672,BREAK,2010.10.19 16:00,0,,0,,0,,0,NA,NewYork,UNTOUCHED,,NA,,0.77079,BREAK,2010.11.02 13:00,0,,0,,0,,0,NA,NewYork,BREAK,2010.11.04 00:00,BREAK,2010.11.04 01:00,0.74772,BREAK,2010.10.19 16:00,0,,0,,0,,0,NA,NewYork,UNTOUCHED,,NA,,S-ZO-BO,B-ZE-BO,S-ZO-UN,B-ZO-BR,B-ZB-BO,B-ZF-BR,B-ZE-BO,B-ZE-BO,S-ZF-UN,B-ZB-BO,S-ZO-BR,S-ZO-UN,B-ZB-BR,B-ZB-BR,B-ZF-BO,B-ZB-BO,S-ZH-BO,S-ZE-BO,B-ZO-UN,S-ZD-BR
72,2010.10.16 00:00,NZDUSD,60,86400,SELL,ZO,0,0.76420,0.75541,879.0,0.76164,0.75320,844.0,96.018,29.12,623.0,207.4,0.76164,0.75541,0.74697,BREAK,2010.10.19 16:00,0,,0,,0,,0,NA,NewYork,BOUNCE,2010.10.28 03:00,NA,,0.77043,BREAK,2010.11.02 13:00,0,,0,,0,,0,NA,NewYork,BREAK,2010.11.03 21:00,BREAK,2010.11.04 00:00,0.74918,BREAK,2010.10.19 14:00,0,,0,,0,,0,NA,NewYork,BOUNCE,2010.10.20 14:00,NA,,0.76787,BREAK,2010.11.01 12:00,0,,0,,0,,0,NA,London,BREAK,2010.11.03 14:00,BOUNCE,2010.11.03 21:00,B-ZO-BR,S-ZO-BO,B-ZE-BO,S-ZO-UN,B-ZO-BR,B-ZB-BO,B-ZF-BR,B-ZE-BO,B-ZE-BO,S-ZF-UN,S-ZO-UN,B-ZB-BR,B-ZB-BR,B-ZF-BO,B-ZB-BO,S-ZH-BO,S-ZE-BO,B-ZO-UN,S-ZD-BR,S-ZF-BR
73,2010.10.21 00:00,NZDUSD,60,86400,SELL,ZO,0,0.75988,0.74273,1715.0,0.75664,0.74260,1404.0,81.866,18.89,1391.0,404.7,0.75664,0.74273,0.72869,UNTOUCHED,,0,,0,,0,,0,NA,Other,NA,,NA,,0.77379,BREAK,2010.11.02 15:00,0,,0,,0,,0,NA,NewYork,BREAK,2010.11.04 12:00,UNTOUCHED,,0.72882,UNTOUCHED,,0,,0,,0,,0,NA,Other,NA,,NA,,0.77055,BREAK,2010.11.02 13:00,0,,0,,0,,0,NA,NewYork,BREAK,2010.11.04 12:00,UNTOUCHED,,S-ZO-BR,B-ZO-BR,S-ZO-BO,B-ZE-BO,S-ZO-UN,B-ZO-BR,B-ZB-BO,B-ZF-BR,B-ZE-BO,B-ZE-BO,B-ZB-BR,B-ZB-BR,B-ZF-BO,B-ZB-BO,S-ZH-BO,S-ZE-BO,B-ZO-UN,S-ZD-BR,S-ZF-BR,S-ZO-BR
74,2010.10.29 00:00,NZDUSD,60,86400,BUY,ZB,1,0.74986,0.74043,943.0,0.75544,0.74448,1096.0,116.225,42.95,538.0,222.5,0.74986,0.74448,0.76082,BREAK,2010.10.29 16:00,0,,0,,0,,0,NA,NewYork,BREAK,2010.11.01 14:00,BREAK,2010.11.02 15:00,0.73505,UNTOUCHED,,0,,0,,0,,0,NA,Other,NA,,NA,,0.75524,BREAK,2010.10.29 10:00,0,,0,,0,,0,NA,London,BREAK,2010.10.29 16:00,BREAK,2010.11.01 14:00,0.73910,UNTOUCHED,,0,,0,,0,,0,NA,Other,NA,,NA,,S-ZO-UN,S-ZO-BR,B-ZO-BR,S-ZO-BO,B-ZE-BO,S-ZO-UN,B-ZO-BR,B-ZB-BO,B-ZF-BR,B-ZE-BO,B-ZB-BR,B-ZF-BO,B-ZB-BO,S-ZH-BO,S-ZE-BO,B-ZO-UN,S-ZD-BR,S-ZF-BR,S-ZO-BR,B-ZB-BO
75,2010.11.01 02:00,NZDUSD,60,86400,BUY,ZB,1,0.75544,0.74448,1096.0,0.76644,0.75103,1541.0,140.602,59.76,441.0,258.7,0.75544,0.75103,0.77085,BREAK,2010.11.02 14:00,0,,0,,0,,0,NA,NewYork,BREAK,2010.11.03 21:00,BREAK,2010.11.04 00:00,0.74007,BOUNCE,2010.11.30 16:00,1,2010.12.01 19:00,1,2010.12.03 16:00,0,,2,3d 0h,NewYork,NA,,NA,,0.75985,BREAK,2010.11.01 02:00,0,,0,,0,,0,NA,Asia,BREAK,2010.11.01 05:00,BOUNCE,2010.11.02 05:00,0.74662,BOUNCE,2010.11.29 04:00,1,2010.12.03 16:00,1,2010.12.03 16:00,0,,2,4d 12h,Asia,NA,,NA,,B-ZB-BR,S-ZO-UN,S-ZO-BR,B-ZO-BR,S-ZO-BO,B-ZE-BO,S-ZO-UN,B-ZO-BR,B-ZB-BO,B-ZF-BR,B-ZF-BO,B-ZB-BO,S-ZH-BO,S-ZE-BO,B-ZO-UN,S-ZD-BR,S-ZF-BR,S-ZO-BR,B-ZB-BO,B-ZD-UN
76,2010.11.03 00:00,NZDUSD,60,86400,BUY,ZF,1,0.76908,0.76321,587.0,0.77406,0.76335,1071.0,182.453,2.39,573.0,138.5,0.76908,0.76335,0.77979,BOUNCE,2010.11.03 21:00,1,2010.11.15 06:00,1,2010.11.23 23:00,1,2010.11.25 04:00,3,3w 0d,Other,NA,,NA,,0.75748,BREAK,2010.11.25 04:00,0,,0,,0,,0,NA,Asia,BREAK,2010.11.26 13:00,BREAK,2010.11.29 04:00,0.77481,BREAK,2010.11.03 13:00,0,,0,,0,,0,NA,NewYork,BREAK,2010.11.04 00:00,BREAK,2010.11.04 01:00,0.75762,BOUNCE,2010.11.23 23:00,0,,0,,0,,0,NA,Other,NA,,NA,,B-ZB-BR,B-ZB-BR,S-ZO-UN,S-ZO-BR,B-ZO-BR,S-ZO-BO,B-ZE-BO,S-ZO-UN,B-ZO-BR,B-ZB-BO,B-ZB-BO,S-ZH-BO,S-ZE-BO,B-ZO-UN,S-ZD-BR,S-ZF-BR,S-ZO-BR,B-ZB-BO,B-ZD-UN,S-ZB-BR
77,2010.11.04 00:00,NZDUSD,60,86400,BUY,ZB,1,0.77406,0.76335,1071.0,0.78042,0.76998,1044.0,97.479,61.90,408.0,252.8,0.77406,0.76998,0.78450,BOUNCE,2010.11.04 00:00,1,2010.11.09 23:00,1,2010.11.16 19:00,1,2010.11.23 22:00,3,2w 5d,Asia,NA,,NA,,0.75927,BOUNCE,2010.11.23 22:00,0,,0,,0,,0,NA,Other,NA,,NA,,0.77814,BREAK,2010.11.04 00:00,0,,0,,0,,0,NA,Asia,BREAK,2010.11.04 01:00,BREAK,2010.11.04 12:00,0.76590,BREAK,2010.11.16 19:00,0,,0,,0,,0,NA,NewYork,BOUNCE,2010.11.23 19:00,NA,,B-ZF-BO,B-ZB-BR,B-ZB-BR,S-ZO-UN,S-ZO-BR,B-ZO-BR,S-ZO-BO,B-ZE-BO,S-ZO-UN,B-ZO-BR,S-ZH-BO,S-ZE-BO,B-ZO-UN,S-ZD-BR,S-ZF-BR,S-ZO-BR,B-ZB-BO,B-ZD-UN,S-ZB-BR,S-ZO-BO
78,2010.11.10 00:00,NZDUSD,60,86400,SELL,ZH,1,0.79296,0.78406,890.0,0.79111,0.77585,1526.0,171.461,20.79,705.0,210.0,0.79111,0.78406,0.76880,BOUNCE,2010.11.15 06:00,1,2010.11.22 04:00,0,,0,,1,6d 22h,Asia,NA,,NA,,0.80001,UNTOUCHED,,0,,0,,0,,0,NA,Other,NA,,NA,,0.77701,BREAK,2010.11.10 00:00,0,,0,,0,,0,NA,Asia,BOUNCE,2010.11.12 13:00,NA,,0.79816,UNTOUCHED,,0,,0,,0,,0,NA,Other,NA,,NA,,B-ZB-BO,B-ZF-BO,B-ZB-BR,B-ZB-BR,S-ZO-UN,S-ZO-BR,B-ZO-BR,S-ZO-BO,B-ZE-BO,S-ZO-UN,S-ZE-BO,B-ZO-UN,S-ZD-BR,S-ZF-BR,S-ZO-BR,B-ZB-BO,B-ZD-UN,S-ZB-BR,S-ZO-BO,S-ZF-BR
79,2010.11.11 00:00,NZDUSD,60,86400,SELL,ZE,1,0.79111,0.77585,1526.0,0.78478,0.77360,1118.0,73.263,41.48,893.0,360.1,0.78478,0.77585,0.76467,BOUNCE,2010.11.17 10:00,1,2010.11.22 04:00,0,,0,,1,4d 18h,London,NA,,NA,,0.80004,UNTOUCHED,,0,,0,,0,,0,NA,Other,NA,,NA,,0.76692,BREAK,2010.11.16 19:00,0,,0,,0,,0,NA,NewYork,BREAK,2010.11.26 10:00,BREAK,2010.11.29 04:00,0.79371,UNTOUCHED,,0,,0,,0,,0,NA,Other,NA,,NA,,S-ZH-BO,B-ZB-BO,B-ZF-BO,B-ZB-BR,B-ZB-BR,S-ZO-UN,S-ZO-BR,B-ZO-BR,S-ZO-BO,B-ZE-BO,B-ZO-UN,S-ZD-BR,S-ZF-BR,S-ZO-BR,B-ZB-BO,B-ZD-UN,S-ZB-BR,S-ZO-BO,S-ZF-BR,S-ZC-BO
80,2010.11.12 00:00,NZDUSD,60,86400,BUY,ZO,0,0.78478,0.77360,1118.0,0.78718,0.77716,1002.0,89.624,31.84,762.0,263.8,0.78478,0.77716,0.79480,UNTOUCHED,,0,,0,,0,,0,NA,Other,NA,,NA,,0.76598,BREAK,2010.11.16 19:00,0,,0,,0,,0,NA,NewYork,BREAK,2010.11.26 09:00,BREAK,2010.11.26 16:00,0.79240,UNTOUCHED,,0,,0,,0,,0,NA,Other,NA,,NA,,0.76954,BOUNCE,2010.11.15 06:00,0,,0,,0,,0,NA,Asia,NA,,NA,,S-ZE-BO,S-ZH-BO,B-ZB-BO,B-ZF-BO,B-ZB-BR,B-ZB-BR,S-ZO-UN,S-ZO-BR,B-ZO-BR,S-ZO-BO,S-ZD-BR,S-ZF-BR,S-ZO-BR,B-ZB-BO,B-ZD-UN,S-ZB-BR,S-ZO-BO,S-ZF-BR,S-ZC-BO,B-ZF-BR
81,2010.11.13 00:00,NZDUSD,60,86400,SELL,ZD,1,0.78718,0.77716,1002.0,0.78090,0.76982,1108.0,110.579,62.67,374.0,236.5,0.78090,0.77716,0.76608,BREAK,2010.11.16 19:00,0,,0,,0,,0,NA,NewYork,BREAK,2010.11.23 19:00,BOUNCE,2010.11.24 04:00,0.79092,UNTOUCHED,,0,,0,,0,,0,NA,Other,NA,,NA,,0.77342,BREAK,2010.11.13 00:00,0,,0,,0,,0,NA,Asia,BOUNCE,2010.11.15 15:00,NA,,0.78464,UNTOUCHED,,0,,0,,0,,0,NA,Other,NA,,NA,,B-ZO-UN,S-ZE-BO,S-ZH-BO,B-ZB-BO,B-ZF-BO,B-ZB-BR,B-ZB-BR,S-ZO-UN,S-ZO-BR,B-ZO-BR,S-ZF-BR,S-ZO-BR,B-ZB-BO,B-ZD-UN,S-ZB-BR,S-ZO-BO,S-ZF-BR,S-ZC-BO,B-ZF-BR,B-ZD-BR
82,2010.11.17 00:00,NZDUSD,60,86400,SELL,ZF,0,0.77755,0.76822,933.0,0.77546,0.76511,1035.0,110.932,22.40,724.0,220.2,0.77546,0.76822,0.75787,BREAK,2010.11.23 23:00,0,,0,,0,,0,NA,Other,BREAK,2010.11.26 14:00,BREAK,2010.11.30 12:00,0.78479,UNTOUCHED,,0,,0,,0,,0,NA,Other,NA,,NA,,0.76098,BREAK,2010.11.23 19:00,0,,0,,0,,0,NA,NewYork,BREAK,2010.11.26 12:00,BREAK,2010.11.29 17:00,0.78270,BOUNCE,2010.11.22 04:00,1,2010.11.23 19:00,1,2010.11.23 19:00,0,,2,1d 15h,Asia,NA,,NA,,S-ZD-BR,B-ZO-UN,S-ZE-BO,S-ZH-BO,B-ZB-BO,B-ZF-BO,B-ZB-BR,B-ZB-BR,S-ZO-UN,S-ZO-BR,S-ZO-BR,B-ZB-BO,B-ZD-UN,S-ZB-BR,S-ZO-BO,S-ZF-BR,S-ZC-BO,B-ZF-BR,B-ZD-BR,B-ZO-BO
83,2010.11.18 00:00,NZDUSD,60,86400,SELL,ZO,0,0.77546,0.76511,1035.0,0.77246,0.76307,939.0,90.725,28.99,735.0,244.3,0.77246,0.76511,0.75572,BREAK,2010.11.26 09:00,0,,0,,0,,0,NA,London,BREAK,2010.11.29 04:00,BOUNCE,2010.12.01 11:00,0.78281,BOUNCE,2010.11.22 04:00,1,2010.11.23 09:00,1,2010.11.23 23:00,1,2010.11.26 09:00,3,4d 5h,Asia,NA,,NA,,0.75776,BREAK,2010.11.23 23:00,0,,0,,0,,0,NA,Other,BREAK,2010.11.26 16:00,BREAK,2010.11.30 16:00,0.77981,BREAK,2010.11.19 13:00,0,,0,,0,,0,NA,NewYork,UNTOUCHED,,NA,,S-ZF-BR,S-ZD-BR,B-ZO-UN,S-ZE-BO,S-ZH-BO,B-ZB-BO,B-ZF-BO,B-ZB-BR,B-ZB-BR,S-ZO-UN,B-ZB-BO,B-ZD-UN,S-ZB-BR,S-ZO-BO,S-ZF-BR,S-ZC-BO,B-ZF-BR,B-ZD-BR,B-ZO-BO,S-ZB-UN
84,2010.11.19 00:00,NZDUSD,60,86400,BUY,ZB,1,0.77246,0.76307,939.0,0.77828,0.76842,986.0,105.005,56.98,404.0,221.6,0.77246,0.76842,0.78232,BOUNCE,2010.11.22 04:00,1,2010.11.22 07:00,1,2010.11.23 18:00,1,2010.11.23 22:00,3,1d 18h,Asia,NA,,NA,,0.75903,BOUNCE,2010.11.23 22:00,1,2010.12.04 00:00,0,,0,,1,1w 3d,Other,NA,,NA,,0.77650,BREAK,2010.11.19 00:00,0,,0,,0,,0,NA,Asia,BREAK,2010.11.22 04:00,UNTOUCHED,,0.76438,BREAK,2010.11.23 18:00,0,,0,,0,,0,NA,NewYork,BREAK,2010.11.23 23:00,BOUNCE,2010.11.25 10:00,S-ZO-BR,S-ZF-BR,S-ZD-BR,B-ZO-UN,S-ZE-BO,S-ZH-BO,B-ZB-BO,B-ZF-BO,B-ZB-BR,B-ZB-BR,B-ZD-UN,S-ZB-BR,S-ZO-BO,S-ZF-BR,S-ZC-BO,B-ZF-BR,B-ZD-BR,B-ZO-BO,S-ZB-UN,B-ZO-BO
85,2010.11.20 00:00,NZDUSD,60,86400,BUY,ZD,1,0.77828,0.76842,986.0,0.77987,0.77459,528.0,53.550,62.58,369.0,232.7,0.77828,0.77459,0.78356,UNTOUCHED,,0,,0,,0,,0,NA,Other,NA,,NA,,0.76473,BREAK,2010.11.23 18:00,0,,0,,0,,0,NA,NewYork,BREAK,2010.11.23 22:00,BOUNCE,2010.11.25 10:00,0.78197,BOUNCE,2010.11.22 03:00,1,2010.11.22 16:00,1,2010.11.23 18:00,0,,2,1d 15h,Asia,NA,,NA,,0.77090,BOUNCE,2010.11.22 16:00,0,,0,,0,,0,NA,NewYork,NA,,NA,,B-ZB-BO,S-ZO-BR,S-ZF-BR,S-ZD-BR,B-ZO-UN,S-ZE-BO,S-ZH-BO,B-ZB-BO,B-ZF-BO,B-ZB-BR,S-ZB-BR,S-ZO-BO,S-ZF-BR,S-ZC-BO,B-ZF-BR,B-ZD-BR,B-ZO-BO,S-ZB-UN,B-ZO-BO,B-ZC-BR
86,2010.11.24 00:00,NZDUSD,60,86400,SELL,ZB,1,0.78344,0.76935,1409.0,0.77407,0.75760,1647.0,116.891,66.50,472.0,332.5,0.77407,0.76935,0.75288,BREAK,2010.11.26 12:00,0,,0,,0,,0,NA,London,BREAK,2010.11.29 04:00,BREAK,2010.11.30 16:00,0.78816,UNTOUCHED,,0,,0,,0,,0,NA,Other,NA,,NA,,0.76463,BREAK,2010.11.24 00:00,0,,0,,0,,0,NA,Asia,BREAK,2010.11.25 04:00,BREAK,2010.11.26 12:00,0.77879,BOUNCE,2010.12.31 15:00,1,2011.01.04 16:00,1,2011.01.04 16:00,0,,2,4d 1h,NewYork,NA,,NA,,B-ZD-UN,B-ZB-BO,S-ZO-BR,S-ZF-BR,S-ZD-BR,B-ZO-UN,S-ZE-BO,S-ZH-BO,B-ZB-BO,B-ZF-BO,S-ZO-BO,S-ZF-BR,S-ZC-BO,B-ZF-BR,B-ZD-BR,B-ZO-BO,S-ZB-UN,B-ZO-BO,B-ZC-BR,B-ZB-BR
87,2010.11.26 00:00,NZDUSD,60,86400,SELL,ZO,0,0.76419,0.75798,621.0,0.76264,0.75578,686.0,110.467,24.96,466.0,146.6,0.76264,0.75798,0.75112,BOUNCE,2010.11.26 12:00,1,2010.12.03 16:00,1,2010.12.29 23:00,1,2010.12.30 04:00,3,4w 5d,London,NA,,NA,,0.76885,BREAK,2010.12.30 04:00,0,,0,,0,,0,NA,Asia,BREAK,2010.12.31 13:00,BREAK,2010.12.31 18:00,0.75332,BREAK,2010.11.26 12:00,0,,0,,0,,0,NA,London,BREAK,2010.11.29 03:00,BREAK,2010.11.30 07:00,0.76730,BREAK,2010.12.29 23:00,0,,0,,0,,0,NA,Other,BOUNCE,2010.12.30 20:00,NA,,S-ZB-BR,B-ZD-UN,B-ZB-BO,S-ZO-BR,S-ZF-BR,S-ZD-BR,B-ZO-UN,S-ZE-BO,S-ZH-BO,B-ZB-BO,S-ZF-BR,S-ZC-BO,B-ZF-BR,B-ZD-BR,B-ZO-BO,S-ZB-UN,B-ZO-BO,B-ZC-BR,B-ZB-BR,B-ZB-UN
88,2010.11.27 00:00,NZDUSD,60,86400,SELL,ZF,1,0.76264,0.75578,686.0,0.76201,0.74784,1417.0,206.560,9.18,623.0,161.9,0.76201,0.75578,0.74161,BREAK,2010.11.30 12:00,0,,0,,0,,0,NA,London,BOUNCE,2010.12.17 03:00,NA,,0.76887,BREAK,2010.12.30 04:00,0,,0,,0,,0,NA,Asia,BREAK,2010.12.31 13:00,BOUNCE,2011.02.03 00:00,0.74955,BREAK,2010.11.27 00:00,0,,0,,0,,0,NA,Asia,BREAK,2010.11.30 12:00,BREAK,2010.12.16 18:00,0.76824,BREAK,2010.12.30 00:00,0,,0,,0,,0,NA,Asia,BREAK,2010.12.31 13:00,BOUNCE,2011.01.03 04:00,S-ZO-BO,S-ZB-BR,B-ZD-UN,B-ZB-BO,S-ZO-BR,S-ZF-BR,S-ZD-BR,B-ZO-UN,S-ZE-BO,S-ZH-BO,S-ZC-BO,B-ZF-BR,B-ZD-BR,B-ZO-BO,S-ZB-UN,B-ZO-BO,B-ZC-BR,B-ZB-BR,B-ZB-UN,S-ZD-BO
89,2010.12.01 00:00,NZDUSD,60,86400,SELL,ZC,1,0.75340,0.74278,1062.0,0.74688,0.73967,721.0,67.891,61.39,410.0,250.6,0.74688,0.74278,0.73557,BOUNCE,2010.12.16 11:00,1,2010.12.21 04:00,1,2010.12.28 03:00,1,2010.12.28 14:00,3,1w 5d,London,NA,,NA,,0.75750,BREAK,2010.12.03 11:00,0,,0,,0,,0,NA,London,BREAK,2010.12.03 21:00,BOUNCE,2010.12.06 12:00,0.73868,BREAK,2010.12.15 22:00,0,,0,,0,,0,NA,Other,BOUNCE,2010.12.16 20:00,NA,,0.75098,BREAK,2010.12.02 04:00,0,,0,,0,,0,NA,Asia,BREAK,2010.12.03 11:00,BOUNCE,2010.12.03 16:00,S-ZF-BR,S-ZO-BO,S-ZB-BR,B-ZD-UN,B-ZB-BO,S-ZO-BR,S-ZF-BR,S-ZD-BR,B-ZO-UN,S-ZE-BO,B-ZF-BR,B-ZD-BR,B-ZO-BO,S-ZB-UN,B-ZO-BO,B-ZC-BR,B-ZB-BR,B-ZB-UN,S-ZD-BO,S-ZB-BO
90,2010.12.02 00:00,NZDUSD,60,86400,BUY,ZF,0,0.74688,0.73967,721.0,0.75096,0.74003,1093.0,151.595,4.99,685.0,170.2,0.74688,0.74003,0.75781,BREAK,2010.12.03 11:00,0,,0,,0,,0,NA,London,BREAK,2010.12.03 23:00,BREAK,2010.12.31 09:00,0.73282,UNTOUCHED,,0,,0,,0,,0,NA,Other,NA,,NA,,0.75373,BOUNCE,2010.12.02 09:00,0,,0,,0,,0,NA,London,NA,,NA,,0.73318,UNTOUCHED,,0,,0,,0,,0,NA,Other,NA,,NA,,S-ZC-BO,S-ZF-BR,S-ZO-BO,S-ZB-BR,B-ZD-UN,B-ZB-BO,S-ZO-BR,S-ZF-BR,S-ZD-BR,B-ZO-UN,B-ZD-BR,B-ZO-BO,S-ZB-UN,B-ZO-BO,B-ZC-BR,B-ZB-BR,B-ZB-UN,S-ZD-BO,S-ZB-BO,S-ZD-BO
91,2010.12.03 00:00,NZDUSD,60,86400,BUY,ZD,1,0.75096,0.74003,1093.0,0.75626,0.74536,1090.0,99.726,48.76,560.0,257.9,0.75096,0.74536,0.76186,BREAK,2010.12.03 17:00,0,,0,,0,,0,NA,NewYork,BREAK,2010.12.30 13:00,BREAK,2010.12.31 13:00,0.73443,BOUNCE,2010.12.16 18:00,1,2010.12.21 05:00,1,2010.12.28 14:00,1,2010.12.29 12:00,3,1w 5d,NewYork,NA,,NA,,0.75656,BREAK,2010.12.03 09:00,0,,0,,0,,0,NA,London,BREAK,2010.12.03 23:00,BREAK,2010.12.30 13:00,0.73976,BREAK,2010.12.15 22:00,0,,0,,0,,0,NA,Other,UNTOUCHED,,NA,,B-ZF-BR,S-ZC-BO,S-ZF-BR,S-ZO-BO,S-ZB-BR,B-ZD-UN,B-ZB-BO,S-ZO-BR,S-ZF-BR,S-ZD-BR,B-ZO-BO,S-ZB-UN,B-ZO-BO,B-ZC-BR,B-ZB-BR,B-ZB-UN,S-ZD-BO,S-ZB-BO,S-ZD-BO,S-ZG-BR
92,2010.12.11 00:00,NZDUSD,60,86400,BUY,ZO,0,0.75139,0.74506,633.0,0.75282,0.74691,591.0,93.365,29.23,448.0,149.4,0.75139,0.74691,0.75730,BOUNCE,2010.12.13 21:00,1,2010.12.15 04:00,1,2010.12.15 20:00,1,2010.12.15 22:00,3,2d 1h,Other,NA,,NA,,0.74058,BREAK,2010.12.15 22:00,0,,0,,0,,0,NA,Other,BREAK,2010.12.16 18:00,UNTOUCHED,,0.75587,BREAK,2010.12.13 18:00,0,,0,,0,,0,NA,NewYork,BOUNCE,2010.12.28 23:00,NA,,0.74243,BREAK,2010.12.15 20:00,0,,0,,0,,0,NA,NewYork,BREAK,2010.12.16 11:00,UNTOUCHED,,B-ZD-BR,B-ZF-BR,S-ZC-BO,S-ZF-BR,S-ZO-BO,S-ZB-BR,B-ZD-UN,B-ZB-BO,S-ZO-BR,S-ZF-BR,S-ZB-UN,B-ZO-BO,B-ZC-BR,B-ZB-BR,B-ZB-UN,S-ZD-BO,S-ZB-BO,S-ZD-BO,S-ZG-BR,B-ZD-BO
93,2010.12.16 00:00,NZDUSD,60,86400,SELL,ZB,1,0.75741,0.74908,833.0,0.75285,0.73787,1498.0,179.832,54.74,377.0,196.6,0.75285,0.74908,0.73410,UNTOUCHED,,0,,0,,0,,0,NA,Other,NA,,NA,,0.76118,BREAK,2010.12.29 10:00,0,,0,,0,,0,NA,London,BREAK,2010.12.29 23:00,BREAK,2010.12.30 13:00,0.74531,BREAK,2010.12.16 00:00,0,,0,,0,,0,NA,Asia,BREAK,2010.12.16 01:00,BREAK,2010.12.16 11:00,0.75662,BREAK,2010.12.28 14:00,0,,0,,0,,0,NA,NewYork,BREAK,2010.12.29 17:00,BREAK,2010.12.29 22:00,B-ZO-BO,B-ZD-BR,B-ZF-BR,S-ZC-BO,S-ZF-BR,S-ZO-BO,S-ZB-BR,B-ZD-UN,B-ZB-BO,S-ZO-BR,B-ZO-BO,B-ZC-BR,B-ZB-BR,B-ZB-UN,S-ZD-BO,S-ZB-BO,S-ZD-BO,S-ZG-BR,B-ZD-BO,B-ZO-BR
94,2010.12.18 00:00,NZDUSD,60,86400,BUY,ZO,0,0.74043,0.73423,620.0,0.74239,0.73495,744.0,120.000,11.61,548.0,146.3,0.74043,0.73495,0.74787,BOUNCE,2010.12.21 08:00,0,,0,,0,,0,NA,London,NA,,NA,,0.72875,UNTOUCHED,,0,,0,,0,,0,NA,Other,NA,,NA,,0.74591,BREAK,2010.12.21 05:00,0,,0,,0,,0,NA,Asia,BREAK,2010.12.28 08:00,BREAK,2010.12.28 23:00,0.72947,UNTOUCHED,,0,,0,,0,,0,NA,Other,NA,,NA,,S-ZB-UN,B-ZO-BO,B-ZD-BR,B-ZF-BR,S-ZC-BO,S-ZF-BR,S-ZO-BO,S-ZB-BR,B-ZD-UN,B-ZB-BO,B-ZC-BR,B-ZB-BR,B-ZB-UN,S-ZD-BO,S-ZB-BO,S-ZD-BO,S-ZG-BR,B-ZD-BO,B-ZO-BR,S-ZC-BO
95,2010.12.22 00:00,NZDUSD,60,86400,BUY,ZC,1,0.74346,0.73451,895.0,0.74826,0.74013,813.0,90.838,62.79,333.0,211.2,0.74346,0.74013,0.75159,BREAK,2010.12.28 06:00,0,,0,,0,,0,NA,Asia,BREAK,2010.12.28 14:00,BOUNCE,2010.12.29 00:00,0.73118,UNTOUCHED,,0,,0,,0,,0,NA,Other,NA,,NA,,0.74679,BREAK,2010.12.23 08:00,0,,0,,0,,0,NA,London,BREAK,2010.12.28 06:00,BREAK,2010.12.28 14:00,0.73680,UNTOUCHED,,0,,0,,0,,0,NA,Other,NA,,NA,,B-ZO-BO,S-ZB-UN,B-ZO-BO,B-ZD-BR,B-ZF-BR,S-ZC-BO,S-ZF-BR,S-ZO-BO,S-ZB-BR,B-ZD-UN,B-ZB-BR,B-ZB-UN,S-ZD-BO,S-ZB-BO,S-ZD-BO,S-ZG-BR,B-ZD-BO,B-ZO-BR,S-ZC-BO,B-ZD-BO
96,2010.12.30 00:00,NZDUSD,60,86400,BUY,ZB,1,0.76036,0.74838,1198.0,0.76744,0.75347,1397.0,116.611,42.49,689.0,282.7,0.76036,0.75347,0.77433,BREAK,2010.12.31 09:00,0,,0,,0,,0,NA,London,BOUNCE,2011.02.03 00:00,NA,,0.74149,UNTOUCHED,,0,,0,,0,,0,NA,Other,NA,,NA,,0.76725,BREAK,2010.12.30 00:00,0,,0,,0,,0,NA,Asia,BREAK,2010.12.31 13:00,BOUNCE,2011.01.03 05:00,0.74658,UNTOUCHED,,0,,0,,0,,0,NA,Other,NA,,NA,,B-ZC-BR,B-ZO-BO,S-ZB-UN,B-ZO-BO,B-ZD-BR,B-ZF-BR,S-ZC-BO,S-ZF-BR,S-ZO-BO,S-ZB-BR,B-ZB-UN,S-ZD-BO,S-ZB-BO,S-ZD-BO,S-ZG-BR,B-ZD-BO,B-ZO-BR,S-ZC-BO,B-ZD-BO,B-ZH-BR
97,2011.01.01 00:00,NZDUSD,60,86400,BUY,ZB,1,0.77251,0.76602,649.0,0.78119,0.77002,1117.0,172.111,61.63,249.0,153.2,0.77251,0.77002,0.78368,UNTOUCHED,,0,,0,,0,,0,NA,Other,NA,,NA,,0.76353,BOUNCE,2011.01.05 04:00,1,2011.01.13 14:00,1,2011.01.19 05:00,0,,2,2w 0d,Asia,NA,,NA,,0.77500,BREAK,2011.01.01 00:00,0,,0,,0,,0,NA,Asia,BOUNCE,2011.01.03 04:00,NA,,0.76753,BREAK,2011.01.04 11:00,0,,0,,0,,0,NA,London,BREAK,2011.01.05 04:00,BREAK,2011.01.05 17:00,B-ZB-BR,B-ZC-BR,B-ZO-BO,S-ZB-UN,B-ZO-BO,B-ZD-BR,B-ZF-BR,S-ZC-BO,S-ZF-BR,S-ZO-BO,S-ZD-BO,S-ZB-BO,S-ZD-BO,S-ZG-BR,B-ZD-BO,B-ZO-BR,S-ZC-BO,B-ZD-BO,B-ZH-BR,B-ZH-BR
98,2011.01.05 00:00,NZDUSD,60,86400,SELL,ZD,1,0.77825,0.77266,559.0,0.77402,0.76390,1012.0,181.038,75.67,136.0,131.9,0.77402,0.77266,0.76254,BOUNCE,2011.01.05 15:00,1,2011.01.13 12:00,1,2011.01.19 05:00,1,2011.02.01 19:00,3,3w 6d,NewYork,NA,,NA,,0.77961,BOUNCE,2011.02.01 19:00,1,2011.02.03 00:00,1,2011.02.03 07:00,1,2011.02.10 22:00,3,1w 2d,NewYork,NA,,NA,,0.77130,BREAK,2011.01.05 00:00,0,,0,,0,,0,NA,Asia,BREAK,2011.01.05 01:00,BREAK,2011.01.05 02:00,0.77538,BOUNCE,2011.01.19 05:00,1,2011.01.19 19:00,1,2011.01.19 19:00,0,,2,14h,Asia,NA,,NA,,B-ZB-UN,B-ZB-BR,B-ZC-BR,B-ZO-BO,S-ZB-UN,B-ZO-BO,B-ZD-BR,B-ZF-BR,S-ZC-BO,S-ZF-BR,S-ZB-BO,S-ZD-BO,S-ZG-BR,B-ZD-BO,B-ZO-BR,S-ZC-BO,B-ZD-BO,B-ZH-BR,B-ZH-BR,B-ZC-UN
99,2011.01.06 00:00,NZDUSD,60,86400,SELL,ZB,1,0.77402,0.76390,1012.0,0.76791,0.75731,1060.0,104.743,60.38,401.0,238.8,0.76791,0.76390,0.75330,BOUNCE,2011.01.20 18:00,1,2011.01.21 00:00,1,2011.01.26 23:00,1,2011.01.28 16:00,3,1w 0d,NewYork,NA,,NA,,0.77803,BOUNCE,2011.01.19 15:00,1,2011.01.19 22:00,1,2011.01.20 16:00,1,2011.01.20 18:00,3,1d 3h,NewYork,NA,,NA,,0.75989,BREAK,2011.01.06 00:00,0,,0,,0,,0,NA,Asia,BOUNCE,2011.01.06 17:00,NA,,0.77192,BOUNCE,2011.01.14 01:00,1,2011.01.20 16:00,1,2011.01.20 16:00,0,,2,6d 15h,Asia,NA,,NA,,S-ZD-BO,B-ZB-UN,B-ZB-BR,B-ZC-BR,B-ZO-BO,S-ZB-UN,B-ZO-BO,B-ZD-BR,B-ZF-BR,S-ZC-BO,S-ZD-BO,S-ZG-BR,B-ZD-BO,B-ZO-BR,S-ZC-BO,B-ZD-BO,B-ZH-BR,B-ZH-BR,B-ZC-UN,B-ZB-UN
100,2011.01.07 00:00,NZDUSD,60,86400,SELL,ZD,1,0.76791,0.75731,1060.0,0.76028,0.75531,497.0,46.887,71.98,297.0,250.2,0.76028,0.75731,0.75234,BOUNCE,2011.02.15 17:00,0,,0,,0,,0,NA,NewYork,NA,,NA,,0.77088,BOUNCE,2011.01.14 00:00,1,2011.01.14 13:00,1,2011.01.20 18:00,1,2011.02.15 17:00,3,4w 4d,Asia,NA,,NA,,0.75434,BOUNCE,2011.01.20 18:00,1,2011.01.24 18:00,1,2011.01.26 23:00,0,,2,6d 5h,NewYork,NA,,NA,,0.76325,BOUNCE,2011.01.07 17:00,1,2011.01.20 18:00,1,2011.01.20 18:00,0,,2,1w 6d,NewYork,NA,,NA,,S-ZB-BO,S-ZD-BO,B-ZB-UN,B-ZB-BR,B-ZC-BR,B-ZO-BO,S-ZB-UN,B-ZO-BO,B-ZD-BR,B-ZF-BR,S-ZG-BR,B-ZD-BO,B-ZO-BR,S-ZC-BO,B-ZD-BO,B-ZH-BR,B-ZH-BR,B-ZC-UN,B-ZB-UN,B-ZE-UN
101,2011.01.12 00:00,NZDUSD,60,86400,SELL,ZG,0,0.76454,0.75714,740.0,0.76371,0.75602,769.0,103.919,11.22,657.0,174.6,0.76371,0.75714,0.74945,BREAK,2011.02.22 07:00,0,,0,,0,,0,NA,London,BOUNCE,2011.02.24 17:00,NA,,0.77111,BOUNCE,2011.01.14 01:00,1,2011.01.20 16:00,1,2011.02.15 22:00,1,2011.02.22 07:00,3,5w 4d,Asia,NA,,NA,,0.75057,BOUNCE,2011.02.15 22:00,0,,0,,0,,0,NA,Other,NA,,NA,,0.77028,BREAK,2011.01.13 16:00,0,,0,,0,,0,NA,NewYork,BOUNCE,2011.01.19 22:00,NA,,S-ZD-BO,S-ZB-BO,S-ZD-BO,B-ZB-UN,B-ZB-BR,B-ZC-BR,B-ZO-BO,S-ZB-UN,B-ZO-BO,B-ZD-BR,B-ZD-BO,B-ZO-BR,S-ZC-BO,B-ZD-BO,B-ZH-BR,B-ZH-BR,B-ZC-UN,B-ZB-UN,B-ZE-UN,S-ZB-BR
102,2011.01.14 00:00,NZDUSD,60,86400,BUY,ZD,1,0.76254,0.75621,633.0,0.77034,0.76077,957.0,151.185,72.04,177.0,149.4,0.76254,0.76077,0.77211,BOUNCE,2011.01.14 01:00,1,2011.01.14 09:00,1,2011.01.20 16:00,1,2011.01.20 18:00,3,6d 17h,Asia,NA,,NA,,0.75444,BOUNCE,2011.01.20 18:00,1,2011.01.20 22:00,1,2011.01.24 19:00,1,2011.01.27 00:00,3,6d 6h,NewYork,NA,,NA,,0.76431,BREAK,2011.01.14 00:00,0,,0,,0,,0,NA,Asia,BREAK,2011.01.14 01:00,BREAK,2011.01.14 02:00,0.75900,BOUNCE,2011.01.20 16:00,1,2011.01.24 19:00,1,2011.01.24 19:00,0,,2,4d 3h,NewYork,NA,,NA,,S-ZG-BR,S-ZD-BO,S-ZB-BO,S-ZD-BO,B-ZB-UN,B-ZB-BR,B-ZC-BR,B-ZO-BO,S-ZB-UN,B-ZO-BO,B-ZO-BR,S-ZC-BO,B-ZD-BO,B-ZH-BR,B-ZH-BR,B-ZC-UN,B-ZB-UN,B-ZE-UN,S-ZB-BR,B-ZH-UN
103,2011.01.15 00:00,NZDUSD,60,86400,BUY,ZO,0,0.77034,0.76077,957.0,0.77249,0.76340,909.0,94.984,27.48,694.0,225.9,0.77034,0.76340,0.77943,BREAK,2011.02.01 19:00,0,,0,,0,,0,NA,NewYork,UNTOUCHED,,NA,,0.75383,BOUNCE,2011.01.20 18:00,1,2011.01.26 00:00,1,2011.01.28 15:00,1,2011.02.01 19:00,3,1w 5d,NewYork,NA,,NA,,0.77728,BOUNCE,2011.01.19 15:00,1,2011.01.20 18:00,1,2011.01.20 18:00,0,,2,1d 3h,NewYork,NA,,NA,,0.75646,BREAK,2011.01.20 18:00,0,,0,,0,,0,NA,NewYork,BREAK,2011.02.22 11:00,BREAK,2011.03.02 04:00,B-ZD-BO,S-ZG-BR,S-ZD-BO,S-ZB-BO,S-ZD-BO,B-ZB-UN,B-ZB-BR,B-ZC-BR,B-ZO-BO,S-ZB-UN,S-ZC-BO,B-ZD-BO,B-ZH-BR,B-ZH-BR,B-ZC-UN,B-ZB-UN,B-ZE-UN,S-ZB-BR,B-ZH-UN,S-ZB-BO
104,2011.01.22 00:00,NZDUSD,60,86400,SELL,ZC,1,0.77036,0.75317,1719.0,0.76141,0.75246,895.0,52.065,52.07,824.0,405.7,0.76141,0.75317,0.74422,BOUNCE,2011.02.23 01:00,0,,0,,0,,0,NA,Asia,NA,,NA,,0.77860,BOUNCE,2011.01.28 16:00,1,2011.02.11 01:00,1,2011.02.23 01:00,1,2011.02.23 01:00,3,3w 4d,NewYork,NA,,NA,,0.74493,BOUNCE,2011.02.23 01:00,0,,0,,0,,0,NA,Asia,NA,,NA,,0.76965,BREAK,2011.01.26 09:00,0,,0,,0,,0,NA,London,BOUNCE,2011.01.31 02:00,NA,,B-ZO-BR,B-ZD-BO,S-ZG-BR,S-ZD-BO,S-ZB-BO,S-ZD-BO,B-ZB-UN,B-ZB-BR,B-ZC-BR,B-ZO-BO,B-ZD-BO,B-ZH-BR,B-ZH-BR,B-ZC-UN,B-ZB-UN,B-ZE-UN,S-ZB-BR,B-ZH-UN,S-ZB-BO,S-ZF-BO
105,2011.01.26 00:00,NZDUSD,60,86400,BUY,ZD,1,0.76555,0.75653,902.0,0.76767,0.76217,550.0,60.976,62.53,338.0,212.9,0.76555,0.76217,0.77105,BOUNCE,2011.01.26 23:00,1,2011.02.10 18:00,1,2011.02.11 09:00,1,2011.02.15 15:00,3,2w 5d,Other,NA,,NA,,0.75315,BREAK,2011.02.15 15:00,0,,0,,0,,0,NA,NewYork,BREAK,2011.02.22 11:00,BOUNCE,2011.02.22 14:00,0.76893,BOUNCE,2011.01.26 00:00,1,2011.02.11 09:00,1,2011.02.15 15:00,0,,2,2w 6d,Asia,NA,,NA,,0.75879,BREAK,2011.02.11 09:00,0,,0,,0,,0,NA,London,BOUNCE,2011.02.11 17:00,NA,,S-ZC-BO,B-ZO-BR,B-ZD-BO,S-ZG-BR,S-ZD-BO,S-ZB-BO,S-ZD-BO,B-ZB-UN,B-ZB-BR,B-ZC-BR,B-ZH-BR,B-ZH-BR,B-ZC-UN,B-ZB-UN,B-ZE-UN,S-ZB-BR,B-ZH-UN,S-ZB-BO,S-ZF-BO,B-ZD-BO
106,2011.01.27 00:00,NZDUSD,60,86400,BUY,ZH,1,0.76767,0.76217,550.0,0.77197,0.76423,774.0,140.727,37.45,344.0,129.8,0.76767,0.76423,0.77541,BREAK,2011.01.28 15:00,0,,0,,0,,0,NA,NewYork,BOUNCE,2011.01.28 18:00,NA,,0.75873,BREAK,2011.02.11 09:00,0,,0,,0,,0,NA,London,BOUNCE,2011.02.11 17:00,NA,,0.77111,BREAK,2011.01.27 00:00,0,,0,,0,,0,NA,Asia,BREAK,2011.01.28 15:00,BOUNCE,2011.01.28 18:00,0.76079,BREAK,2011.02.11 01:00,0,,0,,0,,0,NA,Asia,BREAK,2011.02.11 13:00,BREAK,2011.02.15 17:00,B-ZD-BO,S-ZC-BO,B-ZO-BR,B-ZD-BO,S-ZG-BR,S-ZD-BO,S-ZB-BO,S-ZD-BO,B-ZB-UN,B-ZB-BR,B-ZH-BR,B-ZC-UN,B-ZB-UN,B-ZE-UN,S-ZB-BR,B-ZH-UN,S-ZB-BO,S-ZF-BO,B-ZD-BO,B-ZB-UN
107,2011.01.28 00:00,NZDUSD,60,86400,BUY,ZH,0,0.77197,0.76423,774.0,0.77452,0.76706,746.0,96.382,36.56,491.0,182.7,0.77197,0.76706,0.77943,BREAK,2011.02.01 19:00,0,,0,,0,,0,NA,NewYork,UNTOUCHED,,NA,,0.75932,BREAK,2011.02.11 08:00,0,,0,,0,,0,NA,London,BREAK,2011.02.15 17:00,BREAK,2011.02.22 11:00,0.77688,BREAK,2011.01.28 15:00,0,,0,,0,,0,NA,NewYork,BOUNCE,2011.02.03 00:00,NA,,0.76215,BREAK,2011.02.11 01:00,0,,0,,0,,0,NA,Asia,BREAK,2011.02.11 14:00,BREAK,2011.02.15 22:00,B-ZH-BR,B-ZD-BO,S-ZC-BO,B-ZO-BR,B-ZD-BO,S-ZG-BR,S-ZD-BO,S-ZB-BO,S-ZD-BO,B-ZB-UN,B-ZC-UN,B-ZB-UN,B-ZE-UN,S-ZB-BR,B-ZH-UN,S-ZB-BO,S-ZF-BO,B-ZD-BO,B-ZB-UN,S-ZF-BR
108,2011.01.29 00:00,NZDUSD,60,86400,BUY,ZC,1,0.77452,0.76706,746.0,0.77920,0.77043,877.0,117.560,45.17,409.0,176.1,0.77452,0.77043,0.78329,UNTOUCHED,,0,,0,,0,,0,NA,Other,NA,,NA,,0.76297,BREAK,2011.02.10 22:00,0,,0,,0,,0,NA,Other,BREAK,2011.02.11 11:00,BREAK,2011.02.15 15:00,0.77861,BREAK,2011.02.01 18:00,0,,0,,0,,0,NA,NewYork,UNTOUCHED,,NA,,0.76634,BREAK,2011.02.10 12:00,0,,0,,0,,0,NA,London,BREAK,2011.02.11 01:00,BREAK,2011.02.11 11:00,B-ZH-BR,B-ZH-BR,B-ZD-BO,S-ZC-BO,B-ZO-BR,B-ZD-BO,S-ZG-BR,S-ZD-BO,S-ZB-BO,S-ZD-BO,B-ZB-UN,B-ZE-UN,S-ZB-BR,B-ZH-UN,S-ZB-BO,S-ZF-BO,B-ZD-BO,B-ZB-UN,S-ZF-BR,S-ZE-BR
109,2011.02.02 00:00,NZDUSD,60,86400,BUY,ZB,1,0.77416,0.76832,584.0,0.78196,0.77092,1104.0,189.041,44.52,324.0,137.8,0.77416,0.77092,0.78520,UNTOUCHED,,0,,0,,0,,0,NA,Other,NA,,NA,,0.76508,BOUNCE,2011.02.10 12:00,0,,0,,0,,0,NA,London,NA,,NA,,0.77740,BREAK,2011.02.02 00:00,0,,0,,0,,0,NA,Asia,BREAK,2011.02.02 02:00,UNTOUCHED,,0.76768,BOUNCE,2011.02.04 19:00,1,2011.02.08 11:00,1,2011.02.08 11:00,0,,2,3d 16h,NewYork,NA,,NA,,B-ZC-UN,B-ZH-BR,B-ZH-BR,B-ZD-BO,S-ZC-BO,B-ZO-BR,B-ZD-BO,S-ZG-BR,S-ZD-BO,S-ZB-BO,B-ZE-UN,S-ZB-BR,B-ZH-UN,S-ZB-BO,S-ZF-BO,B-ZD-BO,B-ZB-UN,S-ZF-BR,S-ZE-BR,B-ZC-BO
110,2011.02.03 00:00,NZDUSD,60,86400,BUY,ZE,1,0.78196,0.77092,1104.0,0.78230,0.77752,478.0,43.297,59.78,444.0,260.5,0.78196,0.77752,0.78674,UNTOUCHED,,0,,0,,0,,0,NA,Other,NA,,NA,,0.76648,BREAK,2011.02.10 12:00,0,,0,,0,,0,NA,London,BREAK,2011.02.11 08:00,BREAK,2011.02.14 15:00,0.78640,UNTOUCHED,,0,,0,,0,,0,NA,Other,NA,,NA,,0.77308,BOUNCE,2011.02.03 00:00,0,,0,,0,,0,NA,Asia,NA,,NA,,B-ZB-UN,B-ZC-UN,B-ZH-BR,B-ZH-BR,B-ZD-BO,S-ZC-BO,B-ZO-BR,B-ZD-BO,S-ZG-BR,S-ZD-BO,S-ZB-BR,B-ZH-UN,S-ZB-BO,S-ZF-BO,B-ZD-BO,B-ZB-UN,S-ZF-BR,S-ZE-BR,B-ZC-BO,S-ZF-BR
111,2011.02.05 00:00,NZDUSD,60,86400,SELL,ZB,1,0.77844,0.76891,953.0,0.77455,0.76658,797.0,83.631,40.82,564.0,224.9,0.77455,0.76891,0.76094,BREAK,2011.02.11 01:00,0,,0,,0,,0,NA,Asia,BOUNCE,2011.02.11 18:00,NA,,0.78408,UNTOUCHED,,0,,0,,0,,0,NA,Other,NA,,NA,,0.76327,BREAK,2011.02.10 22:00,0,,0,,0,,0,NA,Other,BREAK,2011.02.11 14:00,BOUNCE,2011.02.17 19:00,0.78019,UNTOUCHED,,0,,0,,0,,0,NA,Other,NA,,NA,,B-ZE-UN,B-ZB-UN,B-ZC-UN,B-ZH-BR,B-ZH-BR,B-ZD-BO,S-ZC-BO,B-ZO-BR,B-ZD-BO,S-ZG-BR,B-ZH-UN,S-ZB-BO,S-ZF-BO,B-ZD-BO,B-ZB-UN,S-ZF-BR,S-ZE-BR,B-ZC-BO,S-ZF-BR,S-ZG-BR
112,2011.02.09 00:00,NZDUSD,60,86400,BUY,ZH,1,0.77234,0.76771,463.0,0.77857,0.76944,913.0,197.192,37.37,290.0,109.3,0.77234,0.76944,0.78147,UNTOUCHED,,0,,0,,0,,0,NA,Other,NA,,NA,,0.76481,BOUNCE,2011.02.10 12:00,0,,0,,0,,0,NA,London,NA,,NA,,0.77524,BOUNCE,2011.02.09 00:00,1,2011.02.10 12:00,1,2011.02.10 12:00,0,,2,1d 12h,Asia,NA,,NA,,0.76654,BREAK,2011.02.10 12:00,0,,0,,0,,0,NA,London,BOUNCE,2011.02.10 19:00,NA,,S-ZB-BR,B-ZE-UN,B-ZB-UN,B-ZC-UN,B-ZH-BR,B-ZH-BR,B-ZD-BO,S-ZC-BO,B-ZO-BR,B-ZD-BO,S-ZB-BO,S-ZF-BO,B-ZD-BO,B-ZB-UN,S-ZF-BR,S-ZE-BR,B-ZC-BO,S-ZF-BR,S-ZG-BR,S-ZB-BO
113,2011.02.11 00:00,NZDUSD,60,86400,SELL,ZB,1,0.77547,0.77020,527.0,0.77222,0.76235,987.0,187.287,61.67,202.0,124.4,0.77222,0.77020,0.76033,BOUNCE,2011.02.11 01:00,1,2011.02.18 21:00,0,,0,,1,1w 0d,Asia,NA,,NA,,0.77749,UNTOUCHED,,0,,0,,0,,0,NA,Other,NA,,NA,,0.76818,BREAK,2011.02.11 00:00,0,,0,,0,,0,NA,Asia,BREAK,2011.02.11 01:00,BREAK,2011.02.11 02:00,0.77424,UNTOUCHED,,0,,0,,0,,0,NA,Other,NA,,NA,,B-ZH-UN,S-ZB-BR,B-ZE-UN,B-ZB-UN,B-ZC-UN,B-ZH-BR,B-ZH-BR,B-ZD-BO,S-ZC-BO,B-ZO-BR,S-ZF-BO,B-ZD-BO,B-ZB-UN,S-ZF-BR,S-ZE-BR,B-ZC-BO,S-ZF-BR,S-ZG-BR,S-ZB-BO,B-ZG-BR
114,2011.02.16 00:00,NZDUSD,60,86400,SELL,ZF,1,0.75922,0.75437,485.0,0.75851,0.75032,819.0,168.866,14.64,414.0,114.5,0.75851,0.75437,0.74618,BOUNCE,2011.02.22 13:00,1,2011.02.28 08:00,0,,0,,1,5d 19h,NewYork,NA,,NA,,0.76336,BREAK,2011.02.18 10:00,0,,0,,0,,0,NA,London,UNTOUCHED,,NA,,0.75023,BREAK,2011.02.22 06:00,0,,0,,0,,0,NA,Asia,BOUNCE,2011.02.22 15:00,NA,,0.76265,BREAK,2011.02.18 10:00,0,,0,,0,,0,NA,London,UNTOUCHED,,NA,,S-ZB-BO,B-ZH-UN,S-ZB-BR,B-ZE-UN,B-ZB-UN,B-ZC-UN,B-ZH-BR,B-ZH-BR,B-ZD-BO,S-ZC-BO,B-ZD-BO,B-ZB-UN,S-ZF-BR,S-ZE-BR,B-ZC-BO,S-ZF-BR,S-ZG-BR,S-ZB-BO,B-ZG-BR,S-ZG-BR
115,2011.02.18 00:00,NZDUSD,60,86400,BUY,ZD,1,0.75634,0.75055,579.0,0.76047,0.75360,687.0,118.653,52.68,274.0,136.6,0.75634,0.75360,0.76321,BOUNCE,2011.02.18 10:00,1,2011.02.22 03:00,1,2011.02.22 06:00,1,2011.02.22 11:00,3,4d 1h,London,NA,,NA,,0.74781,BREAK,2011.02.22 11:00,0,,0,,0,,0,NA,London,BREAK,2011.02.23 01:00,BREAK,2011.03.02 04:00,0.75908,BREAK,2011.02.18 00:00,0,,0,,0,,0,NA,Asia,BREAK,2011.02.18 10:00,BOUNCE,2011.02.18 23:00,0.75086,BREAK,2011.02.22 06:00,0,,0,,0,,0,NA,Asia,BREAK,2011.02.22 12:00,BREAK,2011.02.23 01:00,S-ZF-BO,S-ZB-BO,B-ZH-UN,S-ZB-BR,B-ZE-UN,B-ZB-UN,B-ZC-UN,B-ZH-BR,B-ZH-BR,B-ZD-BO,B-ZB-UN,S-ZF-BR,S-ZE-BR,B-ZC-BO,S-ZF-BR,S-ZG-BR,S-ZB-BO,B-ZG-BR,S-ZG-BR,S-ZC-BO
116,2011.02.19 00:00,NZDUSD,60,86400,BUY,ZB,1,0.76047,0.75360,687.0,0.76545,0.75814,731.0,106.405,66.08,233.0,162.1,0.76047,0.75814,0.76778,UNTOUCHED,,0,,0,,0,,0,NA,Other,NA,,NA,,0.75127,BREAK,2011.02.22 06:00,0,,0,,0,,0,NA,Asia,BOUNCE,2011.02.22 09:00,NA,,0.76280,BREAK,2011.02.21 02:00,0,,0,,0,,0,NA,Asia,BOUNCE,2011.02.21 12:00,NA,,0.75581,BREAK,2011.02.22 03:00,0,,0,,0,,0,NA,Asia,BREAK,2011.02.22 05:00,BREAK,2011.02.22 07:00,B-ZD-BO,S-ZF-BO,S-ZB-BO,B-ZH-UN,S-ZB-BR,B-ZE-UN,B-ZB-UN,B-ZC-UN,B-ZH-BR,B-ZH-BR,S-ZF-BR,S-ZE-BR,B-ZC-BO,S-ZF-BR,S-ZG-BR,S-ZB-BO,B-ZG-BR,S-ZG-BR,S-ZC-BO,B-ZF-BR
117,2011.02.23 00:00,NZDUSD,60,86400,SELL,ZF,1,0.76517,0.76064,453.0,0.76396,0.74542,1854.0,409.272,26.71,332.0,106.9,0.76396,0.76064,0.74210,BREAK,2011.03.02 04:00,0,,0,,0,,0,NA,Asia,BREAK,2011.03.04 05:00,BREAK,2011.03.04 16:00,0.76849,BREAK,2011.04.04 02:00,0,,0,,0,,0,NA,Asia,BOUNCE,2011.04.05 17:00,NA,,0.75732,BREAK,2011.02.23 00:00,0,,0,,0,,0,NA,Asia,BREAK,2011.02.23 01:00,BREAK,2011.02.23 02:00,0.76728,BREAK,2011.04.01 20:00,0,,0,,0,,0,NA,NewYork,BREAK,2011.04.05 17:00,BREAK,2011.04.06 11:00,B-ZB-UN,B-ZD-BO,S-ZF-BO,S-ZB-BO,B-ZH-UN,S-ZB-BR,B-ZE-UN,B-ZB-UN,B-ZC-UN,B-ZH-BR,S-ZE-BR,B-ZC-BO,S-ZF-BR,S-ZG-BR,S-ZB-BO,B-ZG-BR,S-ZG-BR,S-ZC-BO,B-ZF-BR,S-ZF-BR
118,2011.02.24 00:00,NZDUSD,60,86400,SELL,ZE,1,0.76396,0.74542,1854.0,0.75111,0.74265,846.0,45.631,69.31,569.0,437.5,0.75111,0.74542,0.73696,BREAK,2011.03.04 05:00,0,,0,,0,,0,NA,Asia,BREAK,2011.03.15 15:00,BREAK,2011.03.17 00:00,0.76965,BREAK,2011.04.04 03:00,0,,0,,0,,0,NA,Asia,BREAK,2011.04.06 17:00,BOUNCE,2011.04.12 06:00,0.73973,BOUNCE,2011.03.02 04:00,1,2011.03.25 17:00,1,2011.04.04 03:00,0,,2,4w 4d,Asia,NA,,NA,,0.75680,BOUNCE,2011.03.25 17:00,0,,0,,0,,0,NA,NewYork,NA,,NA,,S-ZF-BR,B-ZB-UN,B-ZD-BO,S-ZF-BO,S-ZB-BO,B-ZH-UN,S-ZB-BR,B-ZE-UN,B-ZB-UN,B-ZC-UN,B-ZC-BO,S-ZF-BR,S-ZG-BR,S-ZB-BO,B-ZG-BR,S-ZG-BR,S-ZC-BO,B-ZF-BR,S-ZF-BR,S-ZG-BO
119,2011.02.26 00:00,NZDUSD,60,86400,BUY,ZC,1,0.75085,0.74287,798.0,0.75263,0.74687,576.0,72.180,50.13,398.0,188.3,0.75085,0.74687,0.75661,BOUNCE,2011.03.25 17:00,0,,0,,0,,0,NA,NewYork,NA,,NA,,0.73889,BREAK,2011.03.03 20:00,0,,0,,0,,0,NA,NewYork,BOUNCE,2011.03.07 14:00,NA,,0.75483,BOUNCE,2011.02.28 08:00,1,2011.03.02 04:00,1,2011.03.03 20:00,0,,2,3d 12h,London,NA,,NA,,0.74289,BREAK,2011.03.02 04:00,0,,0,,0,,0,NA,Asia,BREAK,2011.03.04 05:00,BOUNCE,2011.03.07 14:00,S-ZE-BR,S-ZF-BR,B-ZB-UN,B-ZD-BO,S-ZF-BO,S-ZB-BO,B-ZH-UN,S-ZB-BR,B-ZE-UN,B-ZB-UN,S-ZF-BR,S-ZG-BR,S-ZB-BO,B-ZG-BR,S-ZG-BR,S-ZC-BO,B-ZF-BR,S-ZF-BR,S-ZG-BO,B-ZF-BR
120,2011.03.02 00:00,NZDUSD,60,86400,SELL,ZF,0,0.75520,0.74933,587.0,0.75307,0.74757,550.0,93.697,36.29,374.0,138.5,0.75307,0.74933,0.74383,BREAK,2011.03.02 04:00,0,,0,,0,,0,NA,Asia,BOUNCE,2011.03.02 18:00,NA,,0.75894,BREAK,2011.03.30 08:00,0,,0,,0,,0,NA,London,BOUNCE,2011.03.31 06:00,NA,,0.74559,BREAK,2011.03.02 04:00,0,,0,,0,,0,NA,Asia,BREAK,2011.03.02 05:00,BREAK,2011.03.04 06:00,0.75681,BOUNCE,2011.03.25 17:00,0,,0,,0,,0,NA,NewYork,NA,,NA,,B-ZC-BO,S-ZE-BR,S-ZF-BR,B-ZB-UN,B-ZD-BO,S-ZF-BO,S-ZB-BO,B-ZH-UN,S-ZB-BR,B-ZE-UN,S-ZG-BR,S-ZB-BO,B-ZG-BR,S-ZG-BR,S-ZC-BO,B-ZF-BR,S-ZF-BR,S-ZG-BO,B-ZF-BR,B-ZD-BR
121,2011.03.04 00:00,NZDUSD,60,86400,SELL,ZG,0,0.74815,0.73914,901.0,0.74722,0.73872,850.0,94.340,10.32,808.0,212.6,0.74722,0.73914,0.73064,BREAK,2011.03.15 06:00,0,,0,,0,,0,NA,Asia,BREAK,2011.03.17 00:00,BREAK,2011.03.17 01:00,0.75623,BREAK,2011.03.25 17:00,0,,0,,0,,0,NA,NewYork,BREAK,2011.04.01 18:00,BREAK,2011.04.06 11:00,0.73106,BREAK,2011.03.15 06:00,0,,0,,0,,0,NA,Asia,BREAK,2011.03.17 00:00,BREAK,2011.03.17 01:00,0.75530,BREAK,2011.03.25 17:00,0,,0,,0,,0,NA,NewYork,BREAK,2011.04.01 17:00,BREAK,2011.04.06 09:00,S-ZF-BR,B-ZC-BO,S-ZE-BR,S-ZF-BR,B-ZB-UN,B-ZD-BO,S-ZF-BO,S-ZB-BO,B-ZH-UN,S-ZB-BR,S-ZB-BO,B-ZG-BR,S-ZG-BR,S-ZC-BO,B-ZF-BR,S-ZF-BR,S-ZG-BO,B-ZF-BR,B-ZD-BR,B-ZB-BR
122,2011.03.05 00:00,NZDUSD,60,86400,SELL,ZB,1,0.74722,0.73872,850.0,0.74142,0.73383,759.0,89.294,68.24,270.0,200.6,0.74142,0.73872,0.73113,BOUNCE,2011.03.15 06:00,1,2011.03.22 05:00,1,2011.03.22 13:00,1,2011.03.24 17:00,3,1w 2d,Asia,NA,,NA,,0.74992,BREAK,2011.03.24 17:00,0,,0,,0,,0,NA,NewYork,BREAK,2011.03.25 17:00,BOUNCE,2011.03.25 22:00,0.73602,BOUNCE,2011.03.07 11:00,1,2011.03.11 19:00,1,2011.03.24 17:00,0,,2,2w 3d,London,NA,,NA,,0.74412,BOUNCE,2011.03.11 19:00,1,2011.03.15 04:00,1,2011.03.15 04:00,0,,2,3d 9h,NewYork,NA,,NA,,S-ZG-BR,S-ZF-BR,B-ZC-BO,S-ZE-BR,S-ZF-BR,B-ZB-UN,B-ZD-BO,S-ZF-BO,S-ZB-BO,B-ZH-UN,B-ZG-BR,S-ZG-BR,S-ZC-BO,B-ZF-BR,S-ZF-BR,S-ZG-BO,B-ZF-BR,B-ZD-BR,B-ZB-BR,B-ZB-BR
123,2011.03.09 00:00,NZDUSD,60,86400,BUY,ZG,0,0.74002,0.73498,504.0,0.74163,0.73622,541.0,107.341,24.60,380.0,118.9,0.74002,0.73622,0.74543,BREAK,2011.03.24 04:00,0,,0,,0,,0,NA,Asia,BREAK,2011.03.24 18:00,BREAK,2011.03.25 17:00,0.73118,BOUNCE,2011.03.15 06:00,1,2011.03.22 07:00,1,2011.03.22 13:00,1,2011.03.24 04:00,3,1w 1d,Asia,NA,,NA,,0.74382,BOUNCE,2011.03.11 19:00,1,2011.03.15 05:00,1,2011.03.15 06:00,0,,2,3d 11h,NewYork,NA,,NA,,0.73242,BOUNCE,2011.03.10 18:00,1,2011.03.11 19:00,1,2011.03.11 19:00,0,,2,1d 1h,NewYork,NA,,NA,,S-ZB-BO,S-ZG-BR,S-ZF-BR,B-ZC-BO,S-ZE-BR,S-ZF-BR,B-ZB-UN,B-ZD-BO,S-ZF-BO,S-ZB-BO,S-ZG-BR,S-ZC-BO,B-ZF-BR,S-ZF-BR,S-ZG-BO,B-ZF-BR,B-ZD-BR,B-ZB-BR,B-ZB-BR,B-ZF-BR
124,2011.03.10 00:00,NZDUSD,60,86400,SELL,ZG,0,0.74163,0.73622,541.0,0.74148,0.73332,816.0,150.832,2.77,526.0,127.7,0.74148,0.73622,0.72806,BREAK,2011.03.15 12:00,0,,0,,0,,0,NA,London,BREAK,2011.03.17 00:00,BREAK,2011.03.17 01:00,0.74689,BREAK,2011.03.24 10:00,0,,0,,0,,0,NA,London,BREAK,2011.03.25 14:00,BREAK,2011.03.30 08:00,0.73096,BREAK,2011.03.15 06:00,0,,0,,0,,0,NA,Asia,BREAK,2011.03.17 00:00,BREAK,2011.03.17 01:00,0.74674,BREAK,2011.03.24 10:00,0,,0,,0,,0,NA,London,BREAK,2011.03.25 14:00,BOUNCE,2011.03.28 02:00,B-ZG-BR,S-ZB-BO,S-ZG-BR,S-ZF-BR,B-ZC-BO,S-ZE-BR,S-ZF-BR,B-ZB-UN,B-ZD-BO,S-ZF-BO,S-ZC-BO,B-ZF-BR,S-ZF-BR,S-ZG-BO,B-ZF-BR,B-ZD-BR,B-ZB-BR,B-ZB-BR,B-ZF-BR,B-ZD-BR
125,2011.03.11 00:00,NZDUSD,60,86400,SELL,ZC,1,0.74148,0.73332,816.0,0.73790,0.73212,578.0,70.833,43.87,458.0,192.6,0.73790,0.73332,0.72754,BOUNCE,2011.03.15 15:00,1,2011.03.22 05:00,1,2011.03.22 11:00,1,2011.03.24 06:00,3,1w 1d,NewYork,NA,,NA,,0.74606,BREAK,2011.03.24 06:00,0,,0,,0,,0,NA,Asia,BREAK,2011.03.25 10:00,BREAK,2011.03.25 17:00,0.72874,BREAK,2011.03.15 12:00,0,,0,,0,,0,NA,London,BREAK,2011.03.17 00:00,BREAK,2011.03.17 01:00,0.74248,BREAK,2011.03.11 19:00,0,,0,,0,,0,NA,NewYork,BREAK,2011.03.24 15:00,BREAK,2011.03.25 15:00,S-ZG-BR,B-ZG-BR,S-ZB-BO,S-ZG-BR,S-ZF-BR,B-ZC-BO,S-ZE-BR,S-ZF-BR,B-ZB-UN,B-ZD-BO,B-ZF-BR,S-ZF-BR,S-ZG-BO,B-ZF-BR,B-ZD-BR,B-ZB-BR,B-ZB-BR,B-ZF-BR,B-ZD-BR,B-ZC-BR
126,2011.03.12 00:00,NZDUSD,60,86400,BUY,ZF,1,0.73790,0.73212,578.0,0.74537,0.73248,1289.0,223.010,6.23,542.0,136.4,0.73790,0.73248,0.75079,BREAK,2011.03.24 18:00,0,,0,,0,,0,NA,NewYork,BOUNCE,2011.03.28 02:00,NA,,0.72670,BOUNCE,2011.03.15 15:00,1,2011.03.22 07:00,1,2011.03.22 13:00,1,2011.03.24 18:00,3,1w 2d,NewYork,NA,,NA,,0.74332,BOUNCE,2011.03.12 00:00,1,2011.03.15 15:00,1,2011.03.15 15:00,0,,2,3d 15h,Asia,NA,,NA,,0.72706,BOUNCE,2011.03.15 15:00,1,2011.03.22 13:00,1,2011.03.22 13:00,0,,2,6d 22h,NewYork,NA,,NA,,S-ZC-BO,S-ZG-BR,B-ZG-BR,S-ZB-BO,S-ZG-BR,S-ZF-BR,B-ZC-BO,S-ZE-BR,S-ZF-BR,B-ZB-UN,S-ZF-BR,S-ZG-BO,B-ZF-BR,B-ZD-BR,B-ZB-BR,B-ZB-BR,B-ZF-BR,B-ZD-BR,B-ZC-BR,B-ZG-BR
127,2011.03.16 00:00,NZDUSD,60,86400,SELL,ZF,1,0.74120,0.73617,503.0,0.74040,0.72648,1392.0,276.740,15.90,423.0,118.7,0.74040,0.73617,0.72225,BREAK,2011.03.17 00:00,0,,0,,0,,0,NA,Asia,BREAK,2011.03.17 01:00,UNTOUCHED,,0.74543,BREAK,2011.03.24 04:00,0,,0,,0,,0,NA,Asia,BREAK,2011.03.24 18:00,BREAK,2011.03.25 17:00,0.73194,BREAK,2011.03.16 00:00,0,,0,,0,,0,NA,Asia,BREAK,2011.03.16 21:00,BREAK,2011.03.17 00:00,0.74463,BREAK,2011.03.24 02:00,0,,0,,0,,0,NA,Asia,BREAK,2011.03.24 17:00,BREAK,2011.03.25 17:00,B-ZF-BR,S-ZC-BO,S-ZG-BR,B-ZG-BR,S-ZB-BO,S-ZG-BR,S-ZF-BR,B-ZC-BO,S-ZE-BR,S-ZF-BR,S-ZG-BO,B-ZF-BR,B-ZD-BR,B-ZB-BR,B-ZB-BR,B-ZF-BR,B-ZD-BR,B-ZC-BR,B-ZG-BR,B-ZB-BO
128,2011.03.17 00:00,NZDUSD,60,86400,SELL,ZG,1,0.74040,0.72648,1392.0,0.73565,0.72499,1066.0,76.580,34.12,917.0,328.5,0.73565,0.72648,0.71582,BOUNCE,2011.03.17 00:00,1,2011.03.21 07:00,1,2011.03.24 04:00,1,2011.03.24 17:00,3,1w 0d,Asia,NA,,NA,,0.74957,BREAK,2011.03.24 17:00,0,,0,,0,,0,NA,NewYork,BREAK,2011.03.30 17:00,BREAK,2011.04.05 17:00,0.71731,BREAK,2011.03.17 00:00,0,,0,,0,,0,NA,Asia,UNTOUCHED,,NA,,0.74482,BREAK,2011.03.24 04:00,0,,0,,0,,0,NA,Asia,BREAK,2011.03.25 17:00,BREAK,2011.04.01 18:00,S-ZF-BR,B-ZF-BR,S-ZC-BO,S-ZG-BR,B-ZG-BR,S-ZB-BO,S-ZG-BR,S-ZF-BR,B-ZC-BO,S-ZE-BR,B-ZF-BR,B-ZD-BR,B-ZB-BR,B-ZB-BR,B-ZF-BR,B-ZD-BR,B-ZC-BR,B-ZG-BR,B-ZB-BO,B-ZB-BO
129,2011.03.19 00:00,NZDUSD,60,86400,BUY,ZF,0,0.72790,0.71159,1631.0,0.73202,0.71747,1455.0,89.209,36.05,1043.0,384.9,0.72790,0.71747,0.74245,BREAK,2011.03.22 11:00,0,,0,,0,,0,NA,London,BREAK,2011.03.25 17:00,BREAK,2011.04.01 20:00,0.70116,UNTOUCHED,,0,,0,,0,,0,NA,Other,NA,,NA,,0.73833,BREAK,2011.03.22 07:00,0,,0,,0,,0,NA,London,BREAK,2011.03.25 10:00,BREAK,2011.03.30 20:00,0.70704,UNTOUCHED,,0,,0,,0,,0,NA,Other,NA,,NA,,S-ZG-BO,S-ZF-BR,B-ZF-BR,S-ZC-BO,S-ZG-BR,B-ZG-BR,S-ZB-BO,S-ZG-BR,S-ZF-BR,B-ZC-BO,B-ZD-BR,B-ZB-BR,B-ZB-BR,B-ZF-BR,B-ZD-BR,B-ZC-BR,B-ZG-BR,B-ZB-BO,B-ZB-BO,B-ZB-BR
130,2011.03.23 00:00,NZDUSD,60,86400,BUY,ZD,1,0.73592,0.73013,579.0,0.74459,0.73364,1095.0,189.119,60.62,228.0,136.6,0.73592,0.73364,0.74687,BREAK,2011.03.24 10:00,0,,0,,0,,0,NA,London,BREAK,2011.03.24 18:00,BOUNCE,2011.03.24 20:00,0.72785,UNTOUCHED,,0,,0,,0,,0,NA,Other,NA,,NA,,0.73820,BREAK,2011.03.23 00:00,0,,0,,0,,0,NA,Asia,BOUNCE,2011.03.23 03:00,NA,,0.73136,UNTOUCHED,,0,,0,,0,,0,NA,Other,NA,,NA,,B-ZF-BR,S-ZG-BO,S-ZF-BR,B-ZF-BR,S-ZC-BO,S-ZG-BR,B-ZG-BR,S-ZB-BO,S-ZG-BR,S-ZF-BR,B-ZB-BR,B-ZB-BR,B-ZF-BR,B-ZD-BR,B-ZC-BR,B-ZG-BR,B-ZB-BO,B-ZB-BO,B-ZB-BR,B-ZD-BO
131,2011.03.25 00:00,NZDUSD,60,86400,BUY,ZB,1,0.74316,0.73738,578.0,0.75197,0.73966,1231.0,212.976,39.45,350.0,136.4,0.74316,0.73966,0.75547,BREAK,2011.03.25 17:00,0,,0,,0,,0,NA,NewYork,BREAK,2011.03.30 09:00,BOUNCE,2011.03.31 06:00,0.73388,UNTOUCHED,,0,,0,,0,,0,NA,Other,NA,,NA,,0.74666,BREAK,2011.03.25 00:00,0,,0,,0,,0,NA,Asia,BREAK,2011.03.25 02:00,BREAK,2011.03.25 17:00,0.73616,UNTOUCHED,,0,,0,,0,,0,NA,Other,NA,,NA,,B-ZD-BR,B-ZF-BR,S-ZG-BO,S-ZF-BR,B-ZF-BR,S-ZC-BO,S-ZG-BR,B-ZG-BR,S-ZB-BO,S-ZG-BR,B-ZB-BR,B-ZF-BR,B-ZD-BR,B-ZC-BR,B-ZG-BR,B-ZB-BO,B-ZB-BO,B-ZB-BR,B-ZD-BO,S-ZC-UN
132,2011.03.26 00:00,NZDUSD,60,86400,BUY,ZB,1,0.75197,0.73966,1231.0,0.75731,0.74836,895.0,72.705,70.67,361.0,290.5,0.75197,0.74836,0.76092,BREAK,2011.03.30 16:00,0,,0,,0,,0,NA,NewYork,BOUNCE,2011.03.31 23:00,NA,,0.73605,UNTOUCHED,,0,,0,,0,,0,NA,Other,NA,,NA,,0.75558,BREAK,2011.03.29 20:00,0,,0,,0,,0,NA,NewYork,BREAK,2011.03.30 17:00,BOUNCE,2011.03.31 06:00,0.74475,UNTOUCHED,,0,,0,,0,,0,NA,Other,NA,,NA,,B-ZB-BR,B-ZD-BR,B-ZF-BR,S-ZG-BO,S-ZF-BR,B-ZF-BR,S-ZC-BO,S-ZG-BR,B-ZG-BR,S-ZB-BO,B-ZF-BR,B-ZD-BR,B-ZC-BR,B-ZG-BR,B-ZB-BO,B-ZB-BO,B-ZB-BR,B-ZD-BO,S-ZC-UN,B-ZB-BO
133,2011.03.30 00:00,NZDUSD,60,86400,BUY,ZF,0,0.75526,0.74877,649.0,0.75779,0.74925,854.0,131.587,7.40,601.0,153.2,0.75526,0.74925,0.76380,BREAK,2011.03.31 14:00,0,,0,,0,,0,NA,NewYork,BREAK,2011.04.05 17:00,BREAK,2011.04.06 17:00,0.74276,UNTOUCHED,,0,,0,,0,,0,NA,Other,NA,,NA,,0.76127,BREAK,2011.03.30 17:00,0,,0,,0,,0,NA,NewYork,BREAK,2011.04.04 02:00,BREAK,2011.04.06 11:00,0.74324,UNTOUCHED,,0,,0,,0,,0,NA,Other,NA,,NA,,B-ZB-BR,B-ZB-BR,B-ZD-BR,B-ZF-BR,S-ZG-BO,S-ZF-BR,B-ZF-BR,S-ZC-BO,S-ZG-BR,B-ZG-BR,B-ZD-BR,B-ZC-BR,B-ZG-BR,B-ZB-BO,B-ZB-BO,B-ZB-BR,B-ZD-BO,S-ZC-UN,B-ZB-BO,B-ZC-BO
134,2011.03.31 00:00,NZDUSD,60,86400,BUY,ZD,1,0.75779,0.74925,854.0,0.76356,0.75461,895.0,104.801,62.76,318.0,201.5,0.75779,0.75461,0.76674,BREAK,2011.04.01 18:00,0,,0,,0,,0,NA,NewYork,BOUNCE,2011.04.04 14:00,NA,,0.74607,UNTOUCHED,,0,,0,,0,,0,NA,Other,NA,,NA,,0.76097,BREAK,2011.03.31 00:00,0,,0,,0,,0,NA,Asia,BOUNCE,2011.03.31 16:00,NA,,0.75143,UNTOUCHED,,0,,0,,0,,0,NA,Other,NA,,NA,,B-ZF-BR,B-ZB-BR,B-ZB-BR,B-ZD-BR,B-ZF-BR,S-ZG-BO,S-ZF-BR,B-ZF-BR,S-ZC-BO,S-ZG-BR,B-ZC-BR,B-ZG-BR,B-ZB-BO,B-ZB-BO,B-ZB-BR,B-ZD-BO,S-ZC-UN,B-ZB-BO,B-ZC-BO,B-ZF-BR
135,2011.04.01 00:00,NZDUSD,60,86400,BUY,ZC,1,0.76356,0.75461,895.0,0.76456,0.75816,640.0,71.508,39.66,540.0,211.2,0.76356,0.75816,0.76996,BREAK,2011.04.04 09:00,0,,0,,0,,0,NA,London,BREAK,2011.04.06 17:00,BREAK,2011.04.08 07:00,0.74921,UNTOUCHED,,0,,0,,0,,0,NA,Other,NA,,NA,,0.76896,BREAK,2011.04.04 02:00,0,,0,,0,,0,NA,Asia,BREAK,2011.04.06 16:00,BOUNCE,2011.04.07 18:00,0.75276,UNTOUCHED,,0,,0,,0,,0,NA,Other,NA,,NA,,B-ZD-BR,B-ZF-BR,B-ZB-BR,B-ZB-BR,B-ZD-BR,B-ZF-BR,S-ZG-BO,S-ZF-BR,B-ZF-BR,S-ZC-BO,B-ZG-BR,B-ZB-BO,B-ZB-BO,B-ZB-BR,B-ZD-BO,S-ZC-UN,B-ZB-BO,B-ZC-BO,B-ZF-BR,B-ZH-BR
136,2011.04.06 00:00,NZDUSD,60,86400,BUY,ZG,0,0.77027,0.76592,435.0,0.77225,0.76705,520.0,119.540,25.98,322.0,102.7,0.77027,0.76705,0.77547,BREAK,2011.04.06 11:00,0,,0,,0,,0,NA,London,BREAK,2011.04.06 22:00,BOUNCE,2011.04.08 06:00,0.76270,UNTOUCHED,,0,,0,,0,,0,NA,Other,NA,,NA,,0.77349,BREAK,2011.04.06 09:00,0,,0,,0,,0,NA,London,BREAK,2011.04.06 17:00,BOUNCE,2011.04.07 04:00,0.76383,UNTOUCHED,,0,,0,,0,,0,NA,Other,NA,,NA,,B-ZC-BR,B-ZD-BR,B-ZF-BR,B-ZB-BR,B-ZB-BR,B-ZD-BR,B-ZF-BR,S-ZG-BO,S-ZF-BR,B-ZF-BR,B-ZB-BO,B-ZB-BO,B-ZB-BR,B-ZD-BO,S-ZC-UN,B-ZB-BO,B-ZC-BO,B-ZF-BR,B-ZH-BR,S-ZG-BR
137,2011.04.09 00:00,NZDUSD,60,86400,BUY,ZB,1,0.78044,0.77359,685.0,0.78326,0.77622,704.0,102.774,38.39,422.0,161.7,0.78044,0.77622,0.78748,BOUNCE,2011.04.12 15:00,1,2011.05.16 12:00,0,,0,,1,4w 5d,NewYork,NA,,NA,,0.76937,UNTOUCHED,,0,,0,,0,,0,NA,Other,NA,,NA,,0.78466,BREAK,2011.04.12 12:00,0,,0,,0,,0,NA,London,BREAK,2011.04.13 10:00,BREAK,2011.04.14 08:00,0.77200,UNTOUCHED,,0,,0,,0,,0,NA,Other,NA,,NA,,B-ZG-BR,B-ZC-BR,B-ZD-BR,B-ZF-BR,B-ZB-BR,B-ZB-BR,B-ZD-BR,B-ZF-BR,S-ZG-BO,S-ZF-BR,B-ZB-BO,B-ZB-BR,B-ZD-BO,S-ZC-UN,B-ZB-BO,B-ZC-BO,B-ZF-BR,B-ZH-BR,S-ZG-BR,B-ZF-BR
138,2011.04.14 00:00,NZDUSD,60,86400,BUY,ZB,1,0.78828,0.77453,1375.0,0.79262,0.78242,1020.0,74.182,57.38,586.0,324.5,0.78828,0.78242,0.79848,BOUNCE,2011.04.15 17:00,1,2011.04.18 15:00,1,2011.05.16 14:00,0,,2,4w 2d,NewYork,NA,,NA,,0.76867,UNTOUCHED,,0,,0,,0,,0,NA,Other,NA,,NA,,0.79414,BOUNCE,2011.04.14 08:00,1,2011.05.16 14:00,0,,0,,1,4w 4d,London,NA,,NA,,0.77656,BOUNCE,2011.05.16 14:00,1,2011.05.20 11:00,1,2011.05.20 11:00,0,,2,3d 21h,NewYork,NA,,NA,,B-ZB-BO,B-ZG-BR,B-ZC-BR,B-ZD-BR,B-ZF-BR,B-ZB-BR,B-ZB-BR,B-ZD-BR,B-ZF-BR,S-ZG-BO,B-ZB-BR,B-ZD-BO,S-ZC-UN,B-ZB-BO,B-ZC-BO,B-ZF-BR,B-ZH-BR,S-ZG-BR,B-ZF-BR,S-ZB-BR
139,2011.04.15 00:00,NZDUSD,60,86400,BUY,ZB,1,0.79262,0.78242,1020.0,0.79551,0.78631,920.0,90.196,38.14,631.0,240.7,0.79262,0.78631,0.80182,BREAK,2011.04.21 08:00,0,,0,,0,,0,NA,London,BOUNCE,2011.04.27 17:00,NA,,0.77611,BOUNCE,2011.05.16 14:00,1,2011.05.18 05:00,1,2011.05.20 20:00,1,2011.05.26 04:00,3,1w 2d,NewYork,NA,,NA,,0.79893,BOUNCE,2011.04.15 21:00,1,2011.05.16 12:00,1,2011.05.16 14:00,0,,2,4w 2d,Other,NA,,NA,,0.78000,BREAK,2011.05.16 12:00,0,,0,,0,,0,NA,London,UNTOUCHED,,NA,,B-ZB-BO,B-ZB-BO,B-ZG-BR,B-ZC-BR,B-ZD-BR,B-ZF-BR,B-ZB-BR,B-ZB-BR,B-ZD-BR,B-ZF-BR,B-ZD-BO,S-ZC-UN,B-ZB-BO,B-ZC-BO,B-ZF-BR,B-ZH-BR,S-ZG-BR,B-ZF-BR,S-ZB-BR,S-ZB-BO
140,2011.04.16 00:00,NZDUSD,60,86400,BUY,ZD,1,0.79551,0.78631,920.0,0.79984,0.79252,732.0,79.565,67.50,299.0,217.1,0.79551,0.79252,0.80283,BOUNCE,2011.04.21 08:00,1,2011.05.04 03:00,1,2011.05.04 17:00,1,2011.05.05 22:00,3,2w 0d,London,NA,,NA,,0.78332,BOUNCE,2011.04.19 09:00,1,2011.04.19 12:00,1,2011.04.20 11:00,1,2011.04.21 08:00,3,1d 23h,London,NA,,NA,,0.79850,BOUNCE,2011.04.16 00:00,1,2011.04.18 14:00,1,2011.04.19 09:00,0,,2,3d 9h,Asia,NA,,NA,,0.78953,BREAK,2011.04.18 14:00,0,,0,,0,,0,NA,NewYork,BREAK,2011.04.18 17:00,BOUNCE,2011.04.19 10:00,B-ZB-BR,B-ZB-BO,B-ZB-BO,B-ZG-BR,B-ZC-BR,B-ZD-BR,B-ZF-BR,B-ZB-BR,B-ZB-BR,B-ZD-BR,S-ZC-UN,B-ZB-BO,B-ZC-BO,B-ZF-BR,B-ZH-BR,S-ZG-BR,B-ZF-BR,S-ZB-BR,S-ZB-BO,S-ZB-UN
141,2011.04.20 00:00,NZDUSD,60,86400,SELL,ZC,1,0.79911,0.78397,1514.0,0.79085,0.78206,879.0,58.058,54.56,688.0,357.3,0.79085,0.78397,0.77518,UNTOUCHED,,0,,0,,0,,0,NA,Other,NA,,NA,,0.80599,BREAK,2011.04.26 22:00,0,,0,,0,,0,NA,Other,BREAK,2011.05.27 04:00,BREAK,2011.05.31 03:00,0.77709,BOUNCE,2011.05.16 14:00,1,2011.05.20 19:00,1,2011.05.26 05:00,0,,2,1w 2d,NewYork,NA,,NA,,0.79773,BREAK,2011.04.20 11:00,0,,0,,0,,0,NA,London,BREAK,2011.04.27 02:00,BOUNCE,2011.05.03 02:00,B-ZD-BO,B-ZB-BR,B-ZB-BO,B-ZB-BO,B-ZG-BR,B-ZC-BR,B-ZD-BR,B-ZF-BR,B-ZB-BR,B-ZB-BR,B-ZB-BO,B-ZC-BO,B-ZF-BR,B-ZH-BR,S-ZG-BR,B-ZF-BR,S-ZB-BR,S-ZB-BO,S-ZB-UN,B-ZG-BR
142,2011.04.21 00:00,NZDUSD,60,86400,BUY,ZB,1,0.79085,0.78206,879.0,0.80066,0.78789,1277.0,145.279,66.33,296.0,207.4,0.79085,0.78789,0.80362,BOUNCE,2011.04.21 08:00,1,2011.04.25 18:00,1,2011.05.05 15:00,1,2011.05.16 12:00,3,3w 4d,London,NA,,NA,,0.77910,BOUNCE,2011.05.16 12:00,1,2011.05.16 18:00,1,2011.05.20 10:00,1,2011.05.26 04:00,3,1w 2d,London,NA,,NA,,0.79381,BREAK,2011.04.21 00:00,0,,0,,0,,0,NA,Asia,BREAK,2011.04.21 03:00,BREAK,2011.04.21 08:00,0.78493,BOUNCE,2011.05.05 15:00,1,2011.05.06 15:00,1,2011.05.06 15:00,0,,2,1d 0h,NewYork,NA,,NA,,S-ZC-UN,B-ZD-BO,B-ZB-BR,B-ZB-BO,B-ZB-BO,B-ZG-BR,B-ZC-BR,B-ZD-BR,B-ZF-BR,B-ZB-BR,B-ZC-BO,B-ZF-BR,B-ZH-BR,S-ZG-BR,B-ZF-BR,S-ZB-BR,S-ZB-BO,S-ZB-UN,B-ZG-BR,B-ZG-BR
143,2011.04.22 00:00,NZDUSD,60,86400,BUY,ZC,1,0.80066,0.78789,1277.0,0.80366,0.79530,836.0,65.466,58.03,536.0,301.4,0.80066,0.79530,0.80902,BOUNCE,2011.04.27 04:00,1,2011.04.28 20:00,1,2011.05.04 17:00,1,2011.05.05 22:00,3,1w 1d,Asia,NA,,NA,,0.78253,BOUNCE,2011.05.05 22:00,1,2011.05.06 15:00,1,2011.05.26 05:00,1,2011.05.26 08:00,3,2w 6d,Other,NA,,NA,,0.80602,BREAK,2011.04.26 22:00,0,,0,,0,,0,NA,Other,BOUNCE,2011.05.02 22:00,NA,,0.78994,BREAK,2011.05.04 17:00,0,,0,,0,,0,NA,NewYork,BOUNCE,2011.05.06 04:00,NA,,B-ZB-BO,S-ZC-UN,B-ZD-BO,B-ZB-BR,B-ZB-BO,B-ZB-BO,B-ZG-BR,B-ZC-BR,B-ZD-BR,B-ZF-BR,B-ZF-BR,B-ZH-BR,S-ZG-BR,B-ZF-BR,S-ZB-BR,S-ZB-BO,S-ZB-UN,B-ZG-BR,B-ZG-BR,S-ZG-UN
144,2011.04.27 00:00,NZDUSD,60,86400,BUY,ZF,0,0.80359,0.79736,623.0,0.80689,0.79758,931.0,149.438,3.53,601.0,147.0,0.80359,0.79758,0.81290,BREAK,2011.05.27 04:00,0,,0,,0,,0,NA,Asia,BREAK,2011.05.30 02:00,BOUNCE,2011.06.01 21:00,0.79135,BREAK,2011.05.04 13:00,0,,0,,0,,0,NA,NewYork,BREAK,2011.05.05 18:00,BREAK,2011.05.16 13:00,0.80960,BOUNCE,2011.04.27 04:00,1,2011.05.04 11:00,1,2011.05.04 13:00,0,,2,1w 0d,Asia,NA,,NA,,0.79157,BREAK,2011.05.04 11:00,0,,0,,0,,0,NA,London,BREAK,2011.05.05 18:00,BREAK,2011.05.16 13:00,B-ZC-BO,B-ZB-BO,S-ZC-UN,B-ZD-BO,B-ZB-BR,B-ZB-BO,B-ZB-BO,B-ZG-BR,B-ZC-BR,B-ZD-BR,B-ZH-BR,S-ZG-BR,B-ZF-BR,S-ZB-BR,S-ZB-BO,S-ZB-UN,B-ZG-BR,B-ZG-BR,S-ZG-UN,B-ZB-BO
145,2011.04.28 00:00,NZDUSD,60,86400,BUY,ZH,0,0.80689,0.79758,931.0,0.81044,0.80023,1021.0,109.667,28.46,666.0,219.7,0.80689,0.80023,0.81710,BREAK,2011.05.27 06:00,0,,0,,0,,0,NA,Asia,BREAK,2011.05.31 04:00,BOUNCE,2011.07.05 22:00,0.79092,BREAK,2011.05.04 13:00,0,,0,,0,,0,NA,NewYork,BREAK,2011.05.05 22:00,BOUNCE,2011.05.16 18:00,0.81355,BREAK,2011.05.27 04:00,0,,0,,0,,0,NA,Asia,BREAK,2011.05.31 03:00,BREAK,2011.06.09 18:00,0.79357,BREAK,2011.05.04 04:00,0,,0,,0,,0,NA,Asia,BOUNCE,2011.05.05 01:00,NA,,B-ZF-BR,B-ZC-BO,B-ZB-BO,S-ZC-UN,B-ZD-BO,B-ZB-BR,B-ZB-BO,B-ZB-BO,B-ZG-BR,B-ZC-BR,S-ZG-BR,B-ZF-BR,S-ZB-BR,S-ZB-BO,S-ZB-UN,B-ZG-BR,B-ZG-BR,S-ZG-UN,B-ZB-BO,B-ZE-BO
146,2011.04.29 00:00,NZDUSD,60,86400,SELL,ZG,0,0.81044,0.80023,1021.0,0.80818,0.79701,1117.0,109.403,22.14,795.0,241.0,0.80818,0.80023,0.78906,BREAK,2011.05.04 17:00,0,,0,,0,,0,NA,NewYork,BREAK,2011.05.16 12:00,UNTOUCHED,,0.81839,BREAK,2011.05.27 06:00,0,,0,,0,,0,NA,Asia,BREAK,2011.06.09 18:00,BREAK,2011.07.08 22:00,0.79228,BREAK,2011.05.04 04:00,0,,0,,0,,0,NA,Asia,BREAK,2011.05.05 22:00,BOUNCE,2011.05.16 18:00,0.81613,BREAK,2011.05.27 04:00,0,,0,,0,,0,NA,Asia,BOUNCE,2011.06.01 22:00,NA,,B-ZH-BR,B-ZF-BR,B-ZC-BO,B-ZB-BO,S-ZC-UN,B-ZD-BO,B-ZB-BR,B-ZB-BO,B-ZB-BO,B-ZG-BR,B-ZF-BR,S-ZB-BR,S-ZB-BO,S-ZB-UN,B-ZG-BR,B-ZG-BR,S-ZG-UN,B-ZB-BO,B-ZE-BO,B-ZD-BR
147,2011.04.30 00:00,NZDUSD,60,86400,BUY,ZF,0,0.80818,0.79701,1117.0,0.81059,0.80022,1037.0,92.838,28.74,796.0,263.6,0.80818,0.80022,0.81855,BREAK,2011.05.27 06:00,0,,0,,0,,0,NA,Asia,BREAK,2011.06.09 18:00,BREAK,2011.07.08 23:00,0.78905,BREAK,2011.05.04 17:00,0,,0,,0,,0,NA,NewYork,BREAK,2011.05.16 12:00,UNTOUCHED,,0.81614,BREAK,2011.05.27 04:00,0,,0,,0,,0,NA,Asia,BOUNCE,2011.06.01 22:00,NA,,0.79226,BREAK,2011.05.04 04:00,0,,0,,0,,0,NA,Asia,BREAK,2011.05.05 22:00,BOUNCE,2011.05.16 18:00,S-ZG-BR,B-ZH-BR,B-ZF-BR,B-ZC-BO,B-ZB-BO,S-ZC-UN,B-ZD-BO,B-ZB-BR,B-ZB-BO,B-ZB-BO,S-ZB-BR,S-ZB-BO,S-ZB-UN,B-ZG-BR,B-ZG-BR,S-ZG-UN,B-ZB-BO,B-ZE-BO,B-ZD-BR,S-ZB-UN
148,2011.05.04 00:00,NZDUSD,60,86400,SELL,ZB,1,0.81181,0.80304,877.0,0.80637,0.79694,943.0,107.526,62.03,333.0,207.0,0.80637,0.80304,0.79361,BREAK,2011.05.04 04:00,0,,0,,0,,0,NA,Asia,BREAK,2011.05.04 18:00,BOUNCE,2011.05.05 12:00,0.81514,BOUNCE,2011.05.27 04:00,1,2011.06.03 15:00,0,,0,,1,1w 0d,Asia,NA,,NA,,0.79971,BREAK,2011.05.04 00:00,0,,0,,0,,0,NA,Asia,BREAK,2011.05.04 04:00,BREAK,2011.05.04 13:00,0.80970,BREAK,2011.05.26 08:00,0,,0,,0,,0,NA,London,BREAK,2011.05.27 04:00,BREAK,2011.05.27 06:00,B-ZF-BR,S-ZG-BR,B-ZH-BR,B-ZF-BR,B-ZC-BO,B-ZB-BO,S-ZC-UN,B-ZD-BO,B-ZB-BR,B-ZB-BO,S-ZB-BO,S-ZB-UN,B-ZG-BR,B-ZG-BR,S-ZG-UN,B-ZB-BO,B-ZE-BO,B-ZD-BR,S-ZB-UN,B-ZF-BR
149,2011.05.05 00:00,NZDUSD,60,86400,SELL,ZB,1,0.80637,0.79694,943.0,0.79936,0.78683,1253.0,132.874,74.34,242.0,222.5,0.79936,0.79694,0.78441,BOUNCE,2011.05.05 18:00,1,2011.05.06 04:00,1,2011.05.26 04:00,1,2011.05.26 08:00,3,2w 6d,NewYork,NA,,NA,,0.80879,BREAK,2011.05.26 08:00,0,,0,,0,,0,NA,London,BOUNCE,2011.05.26 17:00,NA,,0.79452,BREAK,2011.05.05 00:00,0,,0,,0,,0,NA,Asia,BREAK,2011.05.05 01:00,BOUNCE,2011.05.05 04:00,0.80178,BREAK,2011.05.26 04:00,0,,0,,0,,0,NA,Asia,BREAK,2011.05.26 05:00,BREAK,2011.05.26 08:00,S-ZB-BR,B-ZF-BR,S-ZG-BR,B-ZH-BR,B-ZF-BR,B-ZC-BO,B-ZB-BO,S-ZC-UN,B-ZD-BO,B-ZB-BR,S-ZB-UN,B-ZG-BR,B-ZG-BR,S-ZG-UN,B-ZB-BO,B-ZE-BO,B-ZD-BR,S-ZB-UN,B-ZF-BR,B-ZB-BO
150,2011.05.06 00:00,NZDUSD,60,86400,SELL,ZB,1,0.79936,0.78683,1253.0,0.79402,0.78161,1241.0,99.042,42.62,719.0,295.7,0.79402,0.78683,0.77442,UNTOUCHED,,0,,0,,0,,0,NA,Other,NA,,NA,,0.80655,BREAK,2011.05.26 05:00,0,,0,,0,,0,NA,Asia,BREAK,2011.05.27 04:00,BREAK,2011.05.31 04:00,0.77964,BREAK,2011.05.16 12:00,0,,0,,0,,0,NA,London,UNTOUCHED,,NA,,0.80121,BOUNCE,2011.05.24 14:00,0,,0,,0,,0,NA,NewYork,NA,,NA,,S-ZB-BO,S-ZB-BR,B-ZF-BR,S-ZG-BR,B-ZH-BR,B-ZF-BR,B-ZC-BO,B-ZB-BO,S-ZC-UN,B-ZD-BO,B-ZG-BR,B-ZG-BR,S-ZG-UN,B-ZB-BO,B-ZE-BO,B-ZD-BR,S-ZB-UN,B-ZF-BR,B-ZB-BO,B-ZB-BO
151,2011.05.07 00:00,NZDUSD,60,86400,BUY,ZG,0,0.79402,0.78161,1241.0,0.79719,0.78301,1418.0,114.263,11.28,1101.0,292.9,0.79402,0.78301,0.80820,BREAK,2011.05.26 08:00,0,,0,,0,,0,NA,London,BREAK,2011.05.31 03:00,BREAK,2011.07.07 23:00,0.77060,UNTOUCHED,,0,,0,,0,,0,NA,Other,NA,,NA,,0.80503,BREAK,2011.05.26 05:00,0,,0,,0,,0,NA,Asia,BREAK,2011.05.27 06:00,BOUNCE,2011.06.13 04:00,0.77200,UNTOUCHED,,0,,0,,0,,0,NA,Other,NA,,NA,,S-ZB-UN,S-ZB-BO,S-ZB-BR,B-ZF-BR,S-ZG-BR,B-ZH-BR,B-ZF-BR,B-ZC-BO,B-ZB-BO,S-ZC-UN,B-ZG-BR,S-ZG-UN,B-ZB-BO,B-ZE-BO,B-ZD-BR,S-ZB-UN,B-ZF-BR,B-ZB-BO,B-ZB-BO,B-ZF-BO
152,2011.05.11 00:00,NZDUSD,60,86400,BUY,ZG,0,0.79579,0.78866,713.0,0.79596,0.78885,711.0,99.719,2.66,694.0,168.3,0.79579,0.78885,0.80290,BREAK,2011.05.26 04:00,0,,0,,0,,0,NA,Asia,BREAK,2011.05.26 16:00,BOUNCE,2011.05.27 04:00,0.78172,BREAK,2011.05.16 12:00,0,,0,,0,,0,NA,London,UNTOUCHED,,NA,,0.80273,BREAK,2011.05.26 04:00,0,,0,,0,,0,NA,Asia,BREAK,2011.05.26 16:00,BOUNCE,2011.05.27 04:00,0.78191,BREAK,2011.05.16 12:00,0,,0,,0,,0,NA,London,UNTOUCHED,,NA,,B-ZG-BR,S-ZB-UN,S-ZB-BO,S-ZB-BR,B-ZF-BR,S-ZG-BR,B-ZH-BR,B-ZF-BR,B-ZC-BO,B-ZB-BO,S-ZG-UN,B-ZB-BO,B-ZE-BO,B-ZD-BR,S-ZB-UN,B-ZF-BR,B-ZB-BO,B-ZB-BO,B-ZF-BO,S-ZF-BR
153,2011.05.14 00:00,NZDUSD,60,86400,SELL,ZG,0,0.79873,0.78405,1468.0,0.79636,0.78351,1285.0,87.534,16.14,1231.0,346.4,0.79636,0.78405,0.77120,UNTOUCHED,,0,,0,,0,,0,NA,Other,NA,,NA,,0.81104,BREAK,2011.05.26 08:00,0,,0,,0,,0,NA,London,BOUNCE,2011.06.02 08:00,NA,,0.77174,UNTOUCHED,,0,,0,,0,,0,NA,Other,NA,,NA,,0.80867,BREAK,2011.05.26 08:00,0,,0,,0,,0,NA,London,BREAK,2011.05.31 04:00,BREAK,2011.07.08 22:00,B-ZG-BR,B-ZG-BR,S-ZB-UN,S-ZB-BO,S-ZB-BR,B-ZF-BR,S-ZG-BR,B-ZH-BR,B-ZF-BR,B-ZC-BO,B-ZB-BO,B-ZE-BO,B-ZD-BR,S-ZB-UN,B-ZF-BR,B-ZB-BO,B-ZB-BO,B-ZF-BO,S-ZF-BR,S-ZE-BR
154,2011.05.19 00:00,NZDUSD,60,86400,BUY,ZB,1,0.78462,0.77642,820.0,0.79112,0.78250,862.0,105.122,74.15,212.0,193.5,0.78462,0.78250,0.79324,BOUNCE,2011.05.19 05:00,1,2011.05.19 15:00,0,,0,,1,10h,Asia,NA,,NA,,0.77430,UNTOUCHED,,0,,0,,0,,0,NA,Other,NA,,NA,,0.78674,BREAK,2011.05.19 00:00,0,,0,,0,,0,NA,Asia,BREAK,2011.05.19 05:00,BREAK,2011.05.19 07:00,0.78038,UNTOUCHED,,0,,0,,0,,0,NA,Other,NA,,NA,,S-ZG-UN,B-ZG-BR,B-ZG-BR,S-ZB-UN,S-ZB-BO,S-ZB-BR,B-ZF-BR,S-ZG-BR,B-ZH-BR,B-ZF-BR,B-ZE-BO,B-ZD-BR,S-ZB-UN,B-ZF-BR,B-ZB-BO,B-ZB-BO,B-ZF-BO,S-ZF-BR,S-ZE-BR,B-ZF-BR
155,2011.05.20 00:00,NZDUSD,60,86400,BUY,ZE,1,0.79112,0.78250,862.0,0.79354,0.78604,750.0,87.007,41.07,508.0,203.4,0.79112,0.78604,0.79862,BOUNCE,2011.05.20 19:00,1,2011.05.23 09:00,0,,0,,1,2d 14h,NewYork,NA,,NA,,0.77742,UNTOUCHED,,0,,0,,0,,0,NA,Other,NA,,NA,,0.79620,BOUNCE,2011.05.20 12:00,0,,0,,0,,0,NA,London,NA,,NA,,0.78096,UNTOUCHED,,0,,0,,0,,0,NA,Other,NA,,NA,,B-ZB-BO,S-ZG-UN,B-ZG-BR,B-ZG-BR,S-ZB-UN,S-ZB-BO,S-ZB-BR,B-ZF-BR,S-ZG-BR,B-ZH-BR,B-ZD-BR,S-ZB-UN,B-ZF-BR,B-ZB-BO,B-ZB-BO,B-ZF-BO,S-ZF-BR,S-ZE-BR,B-ZF-BR,S-ZF-UN
156,2011.05.23 01:00,NZDUSD,60,86400,BUY,ZD,1,0.79354,0.78604,750.0,0.79983,0.79056,927.0,123.600,60.27,298.0,177.0,0.79354,0.79056,0.80281,BREAK,2011.05.26 04:00,0,,0,,0,,0,NA,Asia,BREAK,2011.05.26 08:00,BREAK,2011.05.26 09:00,0.78306,UNTOUCHED,,0,,0,,0,,0,NA,Other,NA,,NA,,0.79652,BOUNCE,2011.05.24 06:00,0,,0,,0,,0,NA,Asia,NA,,NA,,0.78758,BOUNCE,2011.05.23 09:00,1,2011.05.24 06:00,1,2011.05.24 06:00,0,,2,21h,London,NA,,NA,,B-ZE-BO,B-ZB-BO,S-ZG-UN,B-ZG-BR,B-ZG-BR,S-ZB-UN,S-ZB-BO,S-ZB-BR,B-ZF-BR,S-ZG-BR,S-ZB-UN,B-ZF-BR,B-ZB-BO,B-ZB-BO,B-ZF-BO,S-ZF-BR,S-ZE-BR,B-ZF-BR,S-ZF-UN,B-ZD-BO
157,2011.05.24 00:00,NZDUSD,60,86400,SELL,ZB,1,0.79983,0.79056,927.0,0.79506,0.78579,927.0,100.000,51.46,450.0,218.8,0.79506,0.79056,0.78129,UNTOUCHED,,0,,0,,0,,0,NA,Other,NA,,NA,,0.80433,BREAK,2011.05.26 04:00,0,,0,,0,,0,NA,Asia,BREAK,2011.05.26 08:00,BREAK,2011.05.27 04:00,0.78606,UNTOUCHED,,0,,0,,0,,0,NA,Other,NA,,NA,,0.79956,BOUNCE,2011.05.24 14:00,0,,0,,0,,0,NA,NewYork,NA,,NA,,B-ZD-BR,B-ZE-BO,B-ZB-BO,S-ZG-UN,B-ZG-BR,B-ZG-BR,S-ZB-UN,S-ZB-BO,S-ZB-BR,B-ZF-BR,B-ZF-BR,B-ZB-BO,B-ZB-BO,B-ZF-BO,S-ZF-BR,S-ZE-BR,B-ZF-BR,S-ZF-UN,B-ZD-BO,B-ZB-BO
158,2011.05.25 00:00,NZDUSD,60,86400,BUY,ZF,1,0.79506,0.78579,927.0,0.80144,0.78821,1323.0,142.718,26.11,685.0,218.8,0.79506,0.78821,0.80829,BREAK,2011.05.26 08:00,0,,0,,0,,0,NA,London,BREAK,2011.05.27 06:00,BREAK,2011.05.31 04:00,0.77894,UNTOUCHED,,0,,0,,0,,0,NA,Other,NA,,NA,,0.80191,BREAK,2011.05.26 04:00,0,,0,,0,,0,NA,Asia,BREAK,2011.05.26 08:00,BREAK,2011.05.27 06:00,0.78136,UNTOUCHED,,0,,0,,0,,0,NA,Other,NA,,NA,,S-ZB-UN,B-ZD-BR,B-ZE-BO,B-ZB-BO,S-ZG-UN,B-ZG-BR,B-ZG-BR,S-ZB-UN,S-ZB-BO,S-ZB-BR,B-ZB-BO,B-ZB-BO,B-ZF-BO,S-ZF-BR,S-ZE-BR,B-ZF-BR,S-ZF-UN,B-ZD-BO,B-ZB-BO,B-ZC-BO
159,2011.05.27 00:00,NZDUSD,60,86400,BUY,ZB,1,0.80114,0.79012,1102.0,0.81233,0.79650,1583.0,143.648,57.89,464.0,260.1,0.80114,0.79650,0.81697,BOUNCE,2011.05.27 04:00,1,2011.06.03 15:00,0,,0,,1,1w 0d,Asia,NA,,NA,,0.78548,UNTOUCHED,,0,,0,,0,,0,NA,Other,NA,,NA,,0.80578,BREAK,2011.05.27 00:00,0,,0,,0,,0,NA,Asia,BREAK,2011.05.27 04:00,BREAK,2011.05.27 06:00,0.79186,UNTOUCHED,,0,,0,,0,,0,NA,Other,NA,,NA,,B-ZF-BR,S-ZB-UN,B-ZD-BR,B-ZE-BO,B-ZB-BO,S-ZG-UN,B-ZG-BR,B-ZG-BR,S-ZB-UN,S-ZB-BO,B-ZB-BO,B-ZF-BO,S-ZF-BR,S-ZE-BR,B-ZF-BR,S-ZF-UN,B-ZD-BO,B-ZB-BO,B-ZC-BO,S-ZG-BO
160,2011.05.28 00:00,NZDUSD,60,86400,BUY,ZB,1,0.81233,0.79650,1583.0,0.81973,0.80693,1280.0,80.859,65.89,540.0,373.6,0.81233,0.80693,0.82513,BOUNCE,2011.05.31 04:00,1,2011.06.01 23:00,1,2011.06.16 07:00,0,,2,2w 2d,Asia,NA,,NA,,0.79110,UNTOUCHED,,0,,0,,0,,0,NA,Other,NA,,NA,,0.81773,BREAK,2011.05.28 00:00,0,,0,,0,,0,NA,Asia,BOUNCE,2011.06.01 22:00,NA,,0.80153,BREAK,2011.06.16 07:00,0,,0,,0,,0,NA,London,UNTOUCHED,,NA,,B-ZB-BO,B-ZF-BR,S-ZB-UN,B-ZD-BR,B-ZE-BO,B-ZB-BO,S-ZG-UN,B-ZG-BR,B-ZG-BR,S-ZB-UN,B-ZF-BO,S-ZF-BR,S-ZE-BR,B-ZF-BR,S-ZF-UN,B-ZD-BO,B-ZB-BO,B-ZC-BO,S-ZG-BO,B-ZF-BR
161,2011.06.01 00:00,NZDUSD,60,86400,BUY,ZF,1,0.82146,0.81512,634.0,0.82614,0.81584,1030.0,162.461,11.36,562.0,149.6,0.82146,0.81584,0.83176,BOUNCE,2011.07.05 00:00,1,2011.07.12 05:00,0,,0,,1,1w 0d,Asia,NA,,NA,,0.80950,BREAK,2011.06.03 15:00,0,,0,,0,,0,NA,NewYork,BREAK,2011.06.16 04:00,BOUNCE,2011.06.16 19:00,0.82708,BREAK,2011.06.09 17:00,0,,0,,0,,0,NA,NewYork,BREAK,2011.07.08 15:00,BREAK,2011.07.14 00:00,0.81022,BREAK,2011.06.03 15:00,0,,0,,0,,0,NA,NewYork,BREAK,2011.06.16 04:00,BREAK,2011.06.16 15:00,B-ZB-BO,B-ZB-BO,B-ZF-BR,S-ZB-UN,B-ZD-BR,B-ZE-BO,B-ZB-BO,S-ZG-UN,B-ZG-BR,B-ZG-BR,S-ZF-BR,S-ZE-BR,B-ZF-BR,S-ZF-UN,B-ZD-BO,B-ZB-BO,B-ZC-BO,S-ZG-BO,B-ZF-BR,S-ZG-BR
162,2011.06.02 00:00,NZDUSD,60,86400,SELL,ZF,0,0.82614,0.81584,1030.0,0.82571,0.81322,1249.0,121.262,4.17,987.0,243.1,0.82571,0.81584,0.80335,BREAK,2011.06.15 22:00,0,,0,,0,,0,NA,Other,UNTOUCHED,,NA,,0.83601,BOUNCE,2011.07.08 19:00,1,2011.07.12 09:00,0,,0,,1,3d 14h,NewYork,NA,,NA,,0.80597,BREAK,2011.06.15 19:00,0,,0,,0,,0,NA,NewYork,UNTOUCHED,,NA,,0.83558,BREAK,2011.07.08 17:00,0,,0,,0,,0,NA,NewYork,BREAK,2011.07.14 01:00,BREAK,2011.07.21 01:00,B-ZF-BO,B-ZB-BO,B-ZB-BO,B-ZF-BR,S-ZB-UN,B-ZD-BR,B-ZE-BO,B-ZB-BO,S-ZG-UN,B-ZG-BR,S-ZE-BR,B-ZF-BR,S-ZF-UN,B-ZD-BO,B-ZB-BO,B-ZC-BO,S-ZG-BO,B-ZF-BR,S-ZG-BR,B-ZF-BR
163,2011.06.03 00:00,NZDUSD,60,86400,SELL,ZE,1,0.82571,0.81322,1249.0,0.81788,0.81077,711.0,56.926,62.69,466.0,294.8,0.81788,0.81322,0.80611,BREAK,2011.06.15 19:00,0,,0,,0,,0,NA,NewYork,BREAK,2011.06.16 14:00,UNTOUCHED,,0.83037,BOUNCE,2011.06.30 05:00,1,2011.07.12 05:00,0,,0,,1,1w 5d,Asia,NA,,NA,,0.80856,BOUNCE,2011.06.03 15:00,1,2011.06.07 11:00,1,2011.06.30 05:00,0,,2,3w 5d,NewYork,NA,,NA,,0.82254,BOUNCE,2011.06.07 11:00,1,2011.06.15 18:00,1,2011.06.15 18:00,0,,2,1w 1d,London,NA,,NA,,S-ZF-BR,B-ZF-BO,B-ZB-BO,B-ZB-BO,B-ZF-BR,S-ZB-UN,B-ZD-BR,B-ZE-BO,B-ZB-BO,S-ZG-UN,B-ZF-BR,S-ZF-UN,B-ZD-BO,B-ZB-BO,B-ZC-BO,S-ZG-BO,B-ZF-BR,S-ZG-BR,B-ZF-BR,B-ZF-BR
164,2011.06.08 00:00,NZDUSD,60,86400,BUY,ZF,1,0.81804,0.81184,620.0,0.82298,0.81330,968.0,156.129,23.55,474.0,146.3,0.81804,0.81330,0.82772,BREAK,2011.06.09 18:00,0,,0,,0,,0,NA,NewYork,BOUNCE,2011.07.05 04:00,NA,,0.80710,BREAK,2011.06.15 19:00,0,,0,,0,,0,NA,NewYork,BREAK,2011.06.16 07:00,BOUNCE,2011.06.16 16:00,0.82278,BREAK,2011.06.09 02:00,0,,0,,0,,0,NA,Asia,BREAK,2011.06.09 18:00,BOUNCE,2011.07.05 04:00,0.80856,BREAK,2011.06.15 18:00,0,,0,,0,,0,NA,NewYork,BREAK,2011.06.16 04:00,BREAK,2011.06.16 15:00,S-ZE-BR,S-ZF-BR,B-ZF-BO,B-ZB-BO,B-ZB-BO,B-ZF-BR,S-ZB-UN,B-ZD-BR,B-ZE-BO,B-ZB-BO,S-ZF-UN,B-ZD-BO,B-ZB-BO,B-ZC-BO,S-ZG-BO,B-ZF-BR,S-ZG-BR,B-ZF-BR,B-ZF-BR,B-ZF-BR
165,2011.06.16 00:00,NZDUSD,60,86400,SELL,ZF,1,0.82131,0.81365,766.0,0.82048,0.80320,1728.0,225.587,10.84,683.0,180.8,0.82048,0.81365,0.79637,UNTOUCHED,,0,,0,,0,,0,NA,Other,NA,,NA,,0.82814,BREAK,2011.06.30 02:00,0,,0,,0,,0,NA,Asia,BREAK,2011.07.08 22:00,BREAK,2011.07.14 01:00,0.80682,BREAK,2011.06.16 00:00,0,,0,,0,,0,NA,Asia,BREAK,2011.06.16 15:00,UNTOUCHED,,0.82731,BREAK,2011.06.30 02:00,0,,0,,0,,0,NA,Asia,BREAK,2011.07.08 17:00,BREAK,2011.07.14 01:00,B-ZF-BR,S-ZE-BR,S-ZF-BR,B-ZF-BO,B-ZB-BO,B-ZB-BO,B-ZF-BR,S-ZB-UN,B-ZD-BR,B-ZE-BO,B-ZD-BO,B-ZB-BO,B-ZC-BO,S-ZG-BO,B-ZF-BR,S-ZG-BR,B-ZF-BR,B-ZF-BR,B-ZF-BR,B-ZH-BO
166,2011.06.20 01:00,NZDUSD,60,86400,BUY,ZD,1,0.80710,0.79715,995.0,0.81346,0.80131,1215.0,122.111,41.81,579.0,234.8,0.80710,0.80131,0.81925,BOUNCE,2011.06.22 17:00,1,2011.06.27 01:00,0,,0,,1,4d 8h,NewYork,NA,,NA,,0.79136,UNTOUCHED,,0,,0,,0,,0,NA,Other,NA,,NA,,0.81289,BREAK,2011.06.21 09:00,0,,0,,0,,0,NA,London,BOUNCE,2011.06.23 04:00,NA,,0.79552,UNTOUCHED,,0,,0,,0,,0,NA,Other,NA,,NA,,S-ZF-UN,B-ZF-BR,S-ZE-BR,S-ZF-BR,B-ZF-BO,B-ZB-BO,B-ZB-BO,B-ZF-BR,S-ZB-UN,B-ZD-BR,B-ZB-BO,B-ZC-BO,S-ZG-BO,B-ZF-BR,S-ZG-BR,B-ZF-BR,B-ZF-BR,B-ZF-BR,B-ZH-BO,B-ZB-BR
167,2011.06.22 00:00,NZDUSD,60,86400,BUY,ZB,1,0.81167,0.80440,727.0,0.81451,0.80825,626.0,86.107,52.96,342.0,171.6,0.81167,0.80825,0.81793,BOUNCE,2011.06.22 17:00,1,2011.06.23 15:00,1,2011.06.27 01:00,1,2011.06.27 03:00,3,4d 10h,NewYork,NA,,NA,,0.80098,BOUNCE,2011.06.27 03:00,1,2011.06.28 17:00,1,2011.06.29 10:00,1,2011.06.29 11:00,3,2d 8h,Asia,NA,,NA,,0.81509,BREAK,2011.06.22 11:00,0,,0,,0,,0,NA,London,BOUNCE,2011.06.22 21:00,NA,,0.80483,BREAK,2011.06.27 01:00,0,,0,,0,,0,NA,Asia,BOUNCE,2011.06.27 17:00,NA,,B-ZD-BO,S-ZF-UN,B-ZF-BR,S-ZE-BR,S-ZF-BR,B-ZF-BO,B-ZB-BO,B-ZB-BO,B-ZF-BR,S-ZB-UN,B-ZC-BO,S-ZG-BO,B-ZF-BR,S-ZG-BR,B-ZF-BR,B-ZF-BR,B-ZF-BR,B-ZH-BO,B-ZB-BR,B-ZE-BO
168,2011.06.23 00:00,NZDUSD,60,86400,BUY,ZC,1,0.81451,0.80825,626.0,0.81929,0.81097,832.0,132.907,43.45,354.0,147.7,0.81451,0.81097,0.82283,BOUNCE,2011.06.29 14:00,1,2011.07.12 09:00,0,,0,,1,1w 5d,NewYork,NA,,NA,,0.80471,BREAK,2011.06.27 01:00,0,,0,,0,,0,NA,Asia,BOUNCE,2011.06.27 17:00,NA,,0.81805,BREAK,2011.06.29 11:00,0,,0,,0,,0,NA,London,BREAK,2011.06.29 14:00,BREAK,2011.06.30 02:00,0.80743,BREAK,2011.06.27 01:00,0,,0,,0,,0,NA,Asia,BREAK,2011.06.27 02:00,UNTOUCHED,,B-ZB-BO,B-ZD-BO,S-ZF-UN,B-ZF-BR,S-ZE-BR,S-ZF-BR,B-ZF-BO,B-ZB-BO,B-ZB-BO,B-ZF-BR,S-ZG-BO,B-ZF-BR,S-ZG-BR,B-ZF-BR,B-ZF-BR,B-ZF-BR,B-ZH-BO,B-ZB-BR,B-ZE-BO,S-ZB-BR
169,2011.06.24 00:00,NZDUSD,60,86400,SELL,ZG,0,0.81929,0.81097,832.0,0.81765,0.80809,956.0,114.904,19.71,668.0,196.4,0.81765,0.81097,0.80141,BOUNCE,2011.06.27 03:00,1,2011.06.29 10:00,1,2011.06.29 22:00,1,2011.06.30 02:00,3,2d 23h,Asia,NA,,NA,,0.82597,BREAK,2011.06.30 02:00,0,,0,,0,,0,NA,Asia,BREAK,2011.07.08 15:00,BREAK,2011.07.14 00:00,0.80429,BREAK,2011.06.27 01:00,0,,0,,0,,0,NA,Asia,UNTOUCHED,,NA,,0.82433,BREAK,2011.06.29 22:00,0,,0,,0,,0,NA,Other,BOUNCE,2011.07.01 04:00,NA,,B-ZC-BO,B-ZB-BO,B-ZD-BO,S-ZF-UN,B-ZF-BR,S-ZE-BR,S-ZF-BR,B-ZF-BO,B-ZB-BO,B-ZB-BO,B-ZF-BR,S-ZG-BR,B-ZF-BR,B-ZF-BR,B-ZF-BR,B-ZH-BO,B-ZB-BR,B-ZE-BO,S-ZB-BR,S-ZF-BR
170,2011.06.29 00:00,NZDUSD,60,86400,BUY,ZF,0,0.80805,0.80074,731.0,0.81224,0.80246,978.0,133.789,23.53,559.0,172.5,0.80805,0.80246,0.81783,BREAK,2011.06.29 11:00,0,,0,,0,,0,NA,London,BREAK,2011.06.29 23:00,BREAK,2011.06.30 05:00,0.79515,UNTOUCHED,,0,,0,,0,,0,NA,Other,NA,,NA,,0.81364,BREAK,2011.06.29 08:00,0,,0,,0,,0,NA,London,BREAK,2011.06.29 12:00,BREAK,2011.06.30 02:00,0.79687,BOUNCE,2011.08.09 05:00,1,2011.08.09 07:00,1,2011.08.09 07:00,0,,2,2h,Asia,NA,,NA,,S-ZG-BO,B-ZC-BO,B-ZB-BO,B-ZD-BO,S-ZF-UN,B-ZF-BR,S-ZE-BR,S-ZF-BR,B-ZF-BO,B-ZB-BO,S-ZG-BR,B-ZF-BR,B-ZF-BR,B-ZF-BR,B-ZH-BO,B-ZB-BR,B-ZE-BO,S-ZB-BR,S-ZF-BR,S-ZE-BR
171,2011.07.02 00:00,NZDUSD,60,86400,SELL,ZG,0,0.83167,0.82457,710.0,0.82915,0.82402,513.0,72.254,35.49,458.0,167.6,0.82915,0.82457,0.81944,BREAK,2011.07.12 05:00,0,,0,,0,,0,NA,Asia,BREAK,2011.07.12 10:00,BREAK,2011.08.09 04:00,0.83625,BREAK,2011.07.08 22:00,0,,0,,0,,0,NA,Other,BOUNCE,2011.07.14 00:00,NA,,0.81999,BREAK,2011.07.12 05:00,0,,0,,0,,0,NA,Asia,BREAK,2011.07.12 10:00,BREAK,2011.08.09 04:00,0.83373,BOUNCE,2011.07.07 23:00,1,2011.07.12 05:00,1,2011.07.12 05:00,0,,2,4d 6h,Other,NA,,NA,,B-ZF-BR,S-ZG-BO,B-ZC-BO,B-ZB-BO,B-ZD-BO,S-ZF-UN,B-ZF-BR,S-ZE-BR,S-ZF-BR,B-ZF-BO,B-ZF-BR,B-ZF-BR,B-ZF-BR,B-ZH-BO,B-ZB-BR,B-ZE-BO,S-ZB-BR,S-ZF-BR,S-ZE-BR,S-ZO-UN
172,2011.07.08 00:00,NZDUSD,60,86400,BUY,ZF,1,0.82999,0.82366,633.0,0.83413,0.82545,868.0,137.125,28.28,454.0,149.4,0.82999,0.82545,0.83867,BREAK,2011.07.14 00:00,0,,0,,0,,0,NA,Asia,BREAK,2011.07.14 01:00,BREAK,2011.07.14 02:00,0.81912,BREAK,2011.07.12 05:00,0,,0,,0,,0,NA,Asia,BREAK,2011.07.12 10:00,BREAK,2011.08.09 04:00,0.83453,BOUNCE,2011.07.08 15:00,1,2011.07.12 05:00,1,2011.07.12 05:00,0,,2,3d 14h,NewYork,NA,,NA,,0.82091,BREAK,2011.07.12 05:00,0,,0,,0,,0,NA,Asia,BREAK,2011.07.12 09:00,BOUNCE,2011.07.12 12:00,S-ZG-BR,B-ZF-BR,S-ZG-BO,B-ZC-BO,B-ZB-BO,B-ZD-BO,S-ZF-UN,B-ZF-BR,S-ZE-BR,S-ZF-BR,B-ZF-BR,B-ZF-BR,B-ZH-BO,B-ZB-BR,B-ZE-BO,S-ZB-BR,S-ZF-BR,S-ZE-BR,S-ZO-UN,B-ZO-UN
173,2011.07.14 00:00,NZDUSD,60,86400,BUY,ZF,0,0.83006,0.81095,1911.0,0.83835,0.81560,2275.0,119.048,24.33,1446.0,451.0,0.83006,0.81560,0.85281,BREAK,2011.07.19 15:00,0,,0,,0,,0,NA,NewYork,BREAK,2011.07.26 10:00,BOUNCE,2011.08.02 22:00,0.79649,BOUNCE,2011.08.09 05:00,1,2011.08.09 22:00,0,,0,,1,17h,Asia,NA,,NA,,0.84452,BREAK,2011.07.14 01:00,0,,0,,0,,0,NA,Asia,BREAK,2011.07.21 18:00,BREAK,2011.07.29 21:00,0.80114,BREAK,2011.08.09 04:00,0,,0,,0,,0,NA,Asia,UNTOUCHED,,NA,,B-ZF-BR,S-ZG-BR,B-ZF-BR,S-ZG-BO,B-ZC-BO,B-ZB-BO,B-ZD-BO,S-ZF-UN,B-ZF-BR,S-ZE-BR,B-ZF-BR,B-ZH-BO,B-ZB-BR,B-ZE-BO,S-ZB-BR,S-ZF-BR,S-ZE-BR,S-ZO-UN,B-ZO-UN,B-ZC-BR
174,2011.07.20 00:00,NZDUSD,60,86400,BUY,ZF,1,0.84906,0.84107,799.0,0.85710,0.84265,1445.0,180.851,19.77,641.0,188.6,0.84906,0.84265,0.86351,BREAK,2011.07.21 18:00,0,,0,,0,,0,NA,NewYork,BREAK,2011.07.26 10:00,BOUNCE,2011.07.27 18:00,0.83466,BREAK,2011.08.05 00:00,0,,0,,0,,0,NA,Asia,BOUNCE,2011.08.05 04:00,NA,,0.85547,BREAK,2011.07.20 00:00,0,,0,,0,,0,NA,Asia,BREAK,2011.07.21 18:00,BREAK,2011.07.26 06:00,0.83624,BOUNCE,2011.08.04 22:00,0,,0,,0,,0,NA,Other,NA,,NA,,B-ZF-BR,B-ZF-BR,S-ZG-BR,B-ZF-BR,S-ZG-BO,B-ZC-BO,B-ZB-BO,B-ZD-BO,S-ZF-UN,B-ZF-BR,B-ZH-BO,B-ZB-BR,B-ZE-BO,S-ZB-BR,S-ZF-BR,S-ZE-BR,S-ZO-UN,B-ZO-UN,B-ZC-BR,B-ZE-BR
175,2011.07.22 00:00,NZDUSD,60,86400,BUY,ZH,1,0.85645,0.85258,387.0,0.86412,0.85353,1059.0,273.643,24.55,292.0,91.3,0.85645,0.85353,0.86704,BOUNCE,2011.07.22 14:00,1,2011.07.26 01:00,1,2011.08.04 07:00,1,2011.08.04 08:00,3,1w 5d,NewYork,NA,,NA,,0.84966,BOUNCE,2011.08.04 08:00,1,2011.08.30 21:00,0,,0,,1,3w 5d,London,NA,,NA,,0.85937,BREAK,2011.07.22 00:00,0,,0,,0,,0,NA,Asia,BOUNCE,2011.07.22 04:00,NA,,0.85061,BOUNCE,2011.08.04 07:00,0,,0,,0,,0,NA,London,NA,,NA,,B-ZF-BR,B-ZF-BR,B-ZF-BR,S-ZG-BR,B-ZF-BR,S-ZG-BO,B-ZC-BO,B-ZB-BO,B-ZD-BO,S-ZF-UN,B-ZB-BR,B-ZE-BO,S-ZB-BR,S-ZF-BR,S-ZE-BR,S-ZO-UN,B-ZO-UN,B-ZC-BR,B-ZE-BR,S-ZO-BO
176,2011.07.23 00:00,NZDUSD,60,86400,BUY,ZB,1,0.86412,0.85353,1059.0,0.86732,0.85816,916.0,86.497,43.72,596.0,249.9,0.86412,0.85816,0.87328,BREAK,2011.07.26 13:00,0,,0,,0,,0,NA,NewYork,BREAK,2011.08.01 01:00,UNTOUCHED,,0.84757,BOUNCE,2011.08.04 12:00,0,,0,,0,,0,NA,London,NA,,NA,,0.87008,BREAK,2011.07.26 06:00,0,,0,,0,,0,NA,Asia,BOUNCE,2011.07.27 18:00,NA,,0.85220,BREAK,2011.08.04 07:00,0,,0,,0,,0,NA,London,BREAK,2011.08.04 19:00,BREAK,2011.08.04 22:00,B-ZH-BO,B-ZF-BR,B-ZF-BR,B-ZF-BR,S-ZG-BR,B-ZF-BR,S-ZG-BO,B-ZC-BO,B-ZB-BO,B-ZD-BO,B-ZE-BO,S-ZB-BR,S-ZF-BR,S-ZE-BR,S-ZO-UN,B-ZO-UN,B-ZC-BR,B-ZE-BR,S-ZO-BO,B-ZC-BR
177,2011.07.28 00:00,NZDUSD,60,86400,BUY,ZE,1,0.87408,0.86102,1306.0,0.87646,0.86684,962.0,73.660,44.56,724.0,308.2,0.87408,0.86684,0.88370,BOUNCE,2011.08.01 04:00,1,2011.08.02 15:00,1,2011.08.03 04:00,1,2011.08.04 05:00,3,3d 1h,Asia,NA,,NA,,0.85378,BREAK,2011.08.04 05:00,0,,0,,0,,0,NA,Asia,BOUNCE,2011.08.04 16:00,NA,,0.88132,BOUNCE,2011.08.01 01:00,1,2011.08.03 04:00,1,2011.08.04 05:00,0,,2,3d 4h,Asia,NA,,NA,,0.85960,BOUNCE,2011.08.03 04:00,0,,0,,0,,0,NA,Asia,NA,,NA,,B-ZB-BR,B-ZH-BO,B-ZF-BR,B-ZF-BR,B-ZF-BR,S-ZG-BR,B-ZF-BR,S-ZG-BO,B-ZC-BO,B-ZB-BO,S-ZB-BR,S-ZF-BR,S-ZE-BR,S-ZO-UN,B-ZO-UN,B-ZC-BR,B-ZE-BR,S-ZO-BO,B-ZC-BR,S-ZB-BO
178,2011.08.03 00:00,NZDUSD,60,86400,SELL,ZB,1,0.88414,0.87321,1093.0,0.87828,0.86595,1233.0,112.809,53.61,507.0,257.9,0.87828,0.87321,0.86088,BREAK,2011.08.03 03:00,0,,0,,0,,0,NA,Asia,BREAK,2011.08.04 05:00,BREAK,2011.08.04 12:00,0.88921,UNTOUCHED,,0,,0,,0,,0,NA,Other,NA,,NA,,0.86814,BREAK,2011.08.03 00:00,0,,0,,0,,0,NA,Asia,BREAK,2011.08.03 04:00,BOUNCE,2011.08.03 10:00,0.88335,UNTOUCHED,,0,,0,,0,,0,NA,Other,NA,,NA,,B-ZE-BO,B-ZB-BR,B-ZH-BO,B-ZF-BR,B-ZF-BR,B-ZF-BR,S-ZG-BR,B-ZF-BR,S-ZG-BO,B-ZC-BO,S-ZF-BR,S-ZE-BR,S-ZO-UN,B-ZO-UN,B-ZC-BR,B-ZE-BR,S-ZO-BO,B-ZC-BR,S-ZB-BO,S-ZD-BO
179,2011.08.05 00:00,NZDUSD,60,86400,SELL,ZF,1,0.86773,0.85752,1021.0,0.86640,0.83489,3151.0,308.619,13.03,888.0,241.0,0.86640,0.85752,0.82601,BREAK,2011.08.08 09:00,0,,0,,0,,0,NA,London,BREAK,2011.08.09 03:00,BREAK,2011.08.09 04:00,0.87661,UNTOUCHED,,0,,0,,0,,0,NA,Other,NA,,NA,,0.84864,BREAK,2011.08.05 00:00,0,,0,,0,,0,NA,Asia,BREAK,2011.08.05 01:00,BREAK,2011.08.05 02:00,0.87528,UNTOUCHED,,0,,0,,0,,0,NA,Other,NA,,NA,,S-ZB-BR,B-ZE-BO,B-ZB-BR,B-ZH-BO,B-ZF-BR,B-ZF-BR,B-ZF-BR,S-ZG-BR,B-ZF-BR,S-ZG-BO,S-ZE-BR,S-ZO-UN,B-ZO-UN,B-ZC-BR,B-ZE-BR,S-ZO-BO,B-ZC-BR,S-ZB-BO,S-ZD-BO,B-ZB-BR
180,2011.08.06 00:00,NZDUSD,60,86400,SELL,ZE,1,0.86640,0.83489,3151.0,0.84652,0.82738,1914.0,60.743,63.09,1163.0,743.6,0.84652,0.83489,0.81575,BREAK,2011.08.09 01:00,0,,0,,0,,0,NA,Asia,BREAK,2011.08.09 05:00,UNTOUCHED,,0.87803,UNTOUCHED,,0,,0,,0,,0,NA,Other,NA,,NA,,0.82326,BREAK,2011.08.08 21:00,0,,0,,0,,0,NA,Other,BREAK,2011.08.09 04:00,BOUNCE,2011.08.09 06:00,0.85815,UNTOUCHED,,0,,0,,0,,0,NA,Other,NA,,NA,,S-ZF-BR,S-ZB-BR,B-ZE-BO,B-ZB-BR,B-ZH-BO,B-ZF-BR,B-ZF-BR,B-ZF-BR,S-ZG-BR,B-ZF-BR,S-ZO-UN,B-ZO-UN,B-ZC-BR,B-ZE-BR,S-ZO-BO,B-ZC-BR,S-ZB-BO,S-ZD-BO,B-ZB-BR,S-ZO-BR
181,2011.08.10 00:00,NZDUSD,60,86400,SELL,ZO,1,0.84140,0.82042,2098.0,0.83865,0.79641,4224.0,201.335,13.11,1823.0,495.1,0.83865,0.82042,0.77818,UNTOUCHED,,0,,0,,0,,0,NA,Other,NA,,NA,,0.85963,UNTOUCHED,,0,,0,,0,,0,NA,Other,NA,,NA,,0.80219,UNTOUCHED,,0,,0,,0,,0,NA,Other,NA,,NA,,0.85688,BOUNCE,2011.08.31 17:00,0,,0,,0,,0,NA,NewYork,NA,,NA,,S-ZE-BR,S-ZF-BR,S-ZB-BR,B-ZE-BO,B-ZB-BR,B-ZH-BO,B-ZF-BR,B-ZF-BR,B-ZF-BR,S-ZG-BR,B-ZO-UN,B-ZC-BR,B-ZE-BR,S-ZO-BO,B-ZC-BR,S-ZB-BO,S-ZD-BO,B-ZB-BR,S-ZO-BR,B-ZF-BR
182,2011.08.11 00:00,NZDUSD,60,86400,BUY,ZO,0,0.83865,0.79641,4224.0,0.84094,0.80654,3440.0,81.439,23.98,3211.0,996.9,0.83865,0.80654,0.87305,UNTOUCHED,,0,,0,,0,,0,NA,Other,NA,,NA,,0.76430,UNTOUCHED,,0,,0,,0,,0,NA,Other,NA,,NA,,0.87076,UNTOUCHED,,0,,0,,0,,0,NA,Other,NA,,NA,,0.77443,UNTOUCHED,,0,,0,,0,,0,NA,Other,NA,,NA,,S-ZO-UN,S-ZE-BR,S-ZF-BR,S-ZB-BR,B-ZE-BO,B-ZB-BR,B-ZH-BO,B-ZF-BR,B-ZF-BR,B-ZF-BR,B-ZC-BR,B-ZE-BR,S-ZO-BO,B-ZC-BR,S-ZB-BO,S-ZD-BO,B-ZB-BR,S-ZO-BR,B-ZF-BR,B-ZC-UN
183,2011.08.15 01:00,NZDUSD,60,86400,BUY,ZC,1,0.83266,0.80758,2508.0,0.83406,0.81799,1607.0,64.075,41.51,1467.0,591.9,0.83266,0.81799,0.84873,BREAK,2011.08.30 01:00,0,,0,,0,,0,NA,Asia,UNTOUCHED,,NA,,0.79291,BREAK,2011.09.22 10:00,0,,0,,0,,0,NA,London,BREAK,2011.09.23 15:00,BREAK,2011.10.03 06:00,0.84733,BREAK,2011.08.30 00:00,0,,0,,0,,0,NA,Asia,UNTOUCHED,,NA,,0.80332,BREAK,2011.09.21 22:00,0,,0,,0,,0,NA,Other,BREAK,2011.09.22 13:00,BREAK,2011.09.26 08:00,B-ZO-UN,S-ZO-UN,S-ZE-BR,S-ZF-BR,S-ZB-BR,B-ZE-BO,B-ZB-BR,B-ZH-BO,B-ZF-BR,B-ZF-BR,B-ZE-BR,S-ZO-BO,B-ZC-BR,S-ZB-BO,S-ZD-BO,B-ZB-BR,S-ZO-BR,B-ZF-BR,B-ZC-UN,S-ZC-BO
184,2011.08.16 00:00,NZDUSD,60,86400,BUY,ZE,1,0.83406,0.81799,1607.0,0.83889,0.82719,1170.0,72.806,57.25,687.0,379.3,0.83406,0.82719,0.84576,BREAK,2011.08.29 07:00,0,,0,,0,,0,NA,London,BREAK,2011.08.31 17:00,UNTOUCHED,,0.81112,BREAK,2011.09.21 21:00,0,,0,,0,,0,NA,Other,BREAK,2011.09.21 22:00,BREAK,2011.09.22 10:00,0.84093,BOUNCE,2011.08.17 16:00,1,2011.08.18 21:00,1,2011.09.21 21:00,0,,2,5w 0d,NewYork,NA,,NA,,0.82032,BOUNCE,2011.08.18 21:00,1,2011.08.26 18:00,1,2011.08.26 18:00,0,,2,1w 0d,Other,NA,,NA,,B-ZC-BR,B-ZO-UN,S-ZO-UN,S-ZE-BR,S-ZF-BR,S-ZB-BR,B-ZE-BO,B-ZB-BR,B-ZH-BO,B-ZF-BR,S-ZO-BO,B-ZC-BR,S-ZB-BO,S-ZD-BO,B-ZB-BR,S-ZO-BR,B-ZF-BR,B-ZC-UN,S-ZC-BO,S-ZD-BR
185,2011.08.17 00:00,NZDUSD,60,86400,SELL,ZO,0,0.83889,0.82719,1170.0,0.83794,0.82703,1091.0,93.248,8.12,1075.0,276.1,0.83794,0.82719,0.81628,BOUNCE,2011.08.22 01:00,1,2011.08.26 17:00,1,2011.08.30 01:00,1,2011.08.30 02:00,3,1w 1d,Asia,NA,,NA,,0.84964,BREAK,2011.08.30 02:00,0,,0,,0,,0,NA,Asia,UNTOUCHED,,NA,,0.81644,BOUNCE,2011.08.22 01:00,1,2011.08.30 01:00,1,2011.08.30 02:00,0,,2,1w 1d,Asia,NA,,NA,,0.84869,BREAK,2011.08.30 01:00,0,,0,,0,,0,NA,Asia,UNTOUCHED,,NA,,B-ZE-BR,B-ZC-BR,B-ZO-UN,S-ZO-UN,S-ZE-BR,S-ZF-BR,S-ZB-BR,B-ZE-BO,B-ZB-BR,B-ZH-BO,B-ZC-BR,S-ZB-BO,S-ZD-BO,B-ZB-BR,S-ZO-BR,B-ZF-BR,B-ZC-UN,S-ZC-BO,S-ZD-BR,B-ZE-UN
186,2011.08.18 00:00,NZDUSD,60,86400,BUY,ZC,1,0.83794,0.82703,1091.0,0.84235,0.83119,1116.0,102.291,38.13,675.0,257.5,0.83794,0.83119,0.84910,BREAK,2011.08.30 02:00,0,,0,,0,,0,NA,Asia,BOUNCE,2011.09.01 05:00,NA,,0.82028,BREAK,2011.08.18 21:00,0,,0,,0,,0,NA,Other,BOUNCE,2011.09.12 14:00,NA,,0.84469,BREAK,2011.08.29 07:00,0,,0,,0,,0,NA,London,BREAK,2011.08.30 17:00,UNTOUCHED,,0.82444,BREAK,2011.08.18 17:00,0,,0,,0,,0,NA,NewYork,BOUNCE,2011.08.19 14:00,NA,,S-ZO-BO,B-ZE-BR,B-ZC-BR,B-ZO-UN,S-ZO-UN,S-ZE-BR,S-ZF-BR,S-ZB-BR,B-ZE-BO,B-ZB-BR,S-ZB-BO,S-ZD-BO,B-ZB-BR,S-ZO-BR,B-ZF-BR,B-ZC-UN,S-ZC-BO,S-ZD-BR,B-ZE-UN,S-ZF-BO
187,2011.08.19 00:00,NZDUSD,60,86400,SELL,ZB,1,0.84235,0.83119,1116.0,0.83762,0.81941,1821.0,163.172,42.38,643.0,263.4,0.83762,0.83119,0.81298,BOUNCE,2011.09.12 10:00,1,2011.09.13 01:00,0,,0,,1,15h,London,NA,,NA,,0.84878,BREAK,2011.08.30 01:00,0,,0,,0,,0,NA,Asia,BOUNCE,2011.09.01 05:00,NA,,0.82476,BREAK,2011.08.19 00:00,0,,0,,0,,0,NA,Asia,BOUNCE,2011.08.19 14:00,NA,,0.84405,BREAK,2011.08.29 04:00,0,,0,,0,,0,NA,Asia,BREAK,2011.08.30 04:00,BOUNCE,2011.09.01 02:00,B-ZC-BR,S-ZO-BO,B-ZE-BR,B-ZC-BR,B-ZO-UN,S-ZO-UN,S-ZE-BR,S-ZF-BR,S-ZB-BR,B-ZE-BO,S-ZD-BO,B-ZB-BR,S-ZO-BR,B-ZF-BR,B-ZC-UN,S-ZC-BO,S-ZD-BR,B-ZE-UN,S-ZF-BO,S-ZE-BO
188,2011.08.20 00:00,NZDUSD,60,86400,SELL,ZD,1,0.83762,0.81941,1821.0,0.82877,0.81702,1175.0,64.525,48.60,936.0,429.8,0.82877,0.81941,0.80766,BOUNCE,2011.09.21 21:00,0,,0,,0,,0,NA,Other,NA,,NA,,0.84698,BREAK,2011.08.30 00:00,0,,0,,0,,0,NA,Asia,BOUNCE,2011.09.02 19:00,NA,,0.81005,BREAK,2011.09.21 21:00,0,,0,,0,,0,NA,Other,BREAK,2011.09.22 03:00,BREAK,2011.09.22 12:00,0.83813,BREAK,2011.08.26 17:00,0,,0,,0,,0,NA,NewYork,BREAK,2011.08.30 02:00,BOUNCE,2011.09.01 11:00,S-ZB-BO,B-ZC-BR,S-ZO-BO,B-ZE-BR,B-ZC-BR,B-ZO-UN,S-ZO-UN,S-ZE-BR,S-ZF-BR,S-ZB-BR,B-ZB-BR,S-ZO-BR,B-ZF-BR,B-ZC-UN,S-ZC-BO,S-ZD-BR,B-ZE-UN,S-ZF-BO,S-ZE-BO,B-ZE-BO
189,2011.08.24 00:00,NZDUSD,60,86400,BUY,ZB,1,0.82770,0.81601,1169.0,0.83651,0.82120,1531.0,130.967,44.40,650.0,275.9,0.82770,0.82120,0.84301,BREAK,2011.08.29 04:00,0,,0,,0,,0,NA,Asia,BREAK,2011.08.30 03:00,BOUNCE,2011.09.01 05:00,0.80951,BREAK,2011.09.21 21:00,0,,0,,0,,0,NA,Other,BREAK,2011.09.21 22:00,BREAK,2011.09.22 10:00,0.83420,BOUNCE,2011.08.24 00:00,1,2011.09.12 05:00,1,2011.09.21 21:00,0,,2,4w 0d,Asia,NA,,NA,,0.81470,BREAK,2011.09.12 05:00,0,,0,,0,,0,NA,Asia,BOUNCE,2011.09.21 21:00,NA,,S-ZD-BO,S-ZB-BO,B-ZC-BR,S-ZO-BO,B-ZE-BR,B-ZC-BR,B-ZO-UN,S-ZO-UN,S-ZE-BR,S-ZF-BR,S-ZO-BR,B-ZF-BR,B-ZC-UN,S-ZC-BO,S-ZD-BR,B-ZE-UN,S-ZF-BO,S-ZE-BO,B-ZE-BO,S-ZG-BO
190,2011.08.26 00:00,NZDUSD,60,86400,SELL,ZO,0,0.83587,0.82609,978.0,0.83281,0.82562,719.0,73.517,31.29,672.0,230.8,0.83281,0.82609,0.81890,BREAK,2011.09.12 01:00,0,,0,,0,,0,NA,Asia,BOUNCE,2011.09.12 12:00,NA,,0.84259,BREAK,2011.08.29 04:00,0,,0,,0,,0,NA,Asia,BREAK,2011.08.30 02:00,BOUNCE,2011.09.01 05:00,0.81937,BREAK,2011.09.09 18:00,0,,0,,0,,0,NA,NewYork,BOUNCE,2011.09.12 14:00,NA,,0.83953,BREAK,2011.08.26 17:00,0,,0,,0,,0,NA,NewYork,BREAK,2011.08.30 01:00,BREAK,2011.08.30 21:00,B-ZB-BR,S-ZD-BO,S-ZB-BO,B-ZC-BR,S-ZO-BO,B-ZE-BR,B-ZC-BR,B-ZO-UN,S-ZO-UN,S-ZE-BR,B-ZF-BR,B-ZC-UN,S-ZC-BO,S-ZD-BR,B-ZE-UN,S-ZF-BO,S-ZE-BO,B-ZE-BO,S-ZG-BO,B-ZB-UN
191,2011.08.29 01:00,NZDUSD,60,86400,BUY,ZF,1,0.83281,0.82562,719.0,0.84162,0.82728,1434.0,199.444,23.09,553.0,169.7,0.83281,0.82728,0.84715,BREAK,2011.08.30 00:00,0,,0,,0,,0,NA,Asia,BREAK,2011.08.30 17:00,UNTOUCHED,,0.82009,BREAK,2011.09.09 17:00,0,,0,,0,,0,NA,NewYork,BREAK,2011.09.12 10:00,BREAK,2011.09.21 21:00,0.83834,BREAK,2011.08.29 01:00,0,,0,,0,,0,NA,Asia,BREAK,2011.08.29 07:00,BREAK,2011.08.30 02:00,0.82175,BOUNCE,2011.09.06 17:00,0,,0,,0,,0,NA,NewYork,NA,,NA,,S-ZO-BR,B-ZB-BR,S-ZD-BO,S-ZB-BO,B-ZC-BR,S-ZO-BO,B-ZE-BR,B-ZC-BR,B-ZO-UN,S-ZO-UN,B-ZC-UN,S-ZC-BO,S-ZD-BR,B-ZE-UN,S-ZF-BO,S-ZE-BO,B-ZE-BO,S-ZG-BO,B-ZB-UN,S-ZO-BO
192,2011.09.01 00:00,NZDUSD,60,86400,BUY,ZC,1,0.85586,0.84639,947.0,0.85724,0.85031,693.0,73.178,41.39,555.0,223.5,0.85586,0.85031,0.86279,UNTOUCHED,,0,,0,,0,,0,NA,Other,NA,,NA,,0.84084,BREAK,2011.09.05 01:00,0,,0,,0,,0,NA,Asia,BREAK,2011.09.05 15:00,BREAK,2011.09.06 00:00,0.86141,UNTOUCHED,,0,,0,,0,,0,NA,Other,NA,,NA,,0.84476,BREAK,2011.09.02 20:00,0,,0,,0,,0,NA,NewYork,BREAK,2011.09.05 13:00,BREAK,2011.09.05 15:00,B-ZF-BR,S-ZO-BR,B-ZB-BR,S-ZD-BO,S-ZB-BO,B-ZC-BR,S-ZO-BO,B-ZE-BR,B-ZC-BR,B-ZO-UN,S-ZC-BO,S-ZD-BR,B-ZE-UN,S-ZF-BO,S-ZE-BO,B-ZE-BO,S-ZG-BO,B-ZB-UN,S-ZO-BO,S-ZF-BR
193,2011.09.02 00:00,NZDUSD,60,86400,SELL,ZC,1,0.85724,0.85031,693.0,0.85352,0.84721,631.0,91.053,53.68,321.0,163.5,0.85352,0.85031,0.84400,BOUNCE,2011.09.02 20:00,0,,0,,0,,0,NA,NewYork,NA,,NA,,0.86045,UNTOUCHED,,0,,0,,0,,0,NA,Other,NA,,NA,,0.84710,BREAK,2011.09.02 19:00,0,,0,,0,,0,NA,NewYork,BREAK,2011.09.05 01:00,BREAK,2011.09.05 12:00,0.85673,UNTOUCHED,,0,,0,,0,,0,NA,Other,NA,,NA,,B-ZC-UN,B-ZF-BR,S-ZO-BR,B-ZB-BR,S-ZD-BO,S-ZB-BO,B-ZC-BR,S-ZO-BO,B-ZE-BR,B-ZC-BR,S-ZD-BR,B-ZE-UN,S-ZF-BO,S-ZE-BO,B-ZE-BO,S-ZG-BO,B-ZB-UN,S-ZO-BO,S-ZF-BR,S-ZC-BR
194,2011.09.07 00:00,NZDUSD,60,86400,SELL,ZD,1,0.84492,0.82917,1575.0,0.83850,0.82046,1804.0,114.540,40.76,933.0,371.7,0.83850,0.82917,0.81113,BREAK,2011.09.21 21:00,0,,0,,0,,0,NA,Other,BREAK,2011.09.22 02:00,BREAK,2011.09.22 11:00,0.85425,UNTOUCHED,,0,,0,,0,,0,NA,Other,NA,,NA,,0.81984,BREAK,2011.09.09 17:00,0,,0,,0,,0,NA,NewYork,BREAK,2011.09.21 21:00,BREAK,2011.09.22 02:00,0.84783,UNTOUCHED,,0,,0,,0,,0,NA,Other,NA,,NA,,S-ZC-BO,B-ZC-UN,B-ZF-BR,S-ZO-BR,B-ZB-BR,S-ZD-BO,S-ZB-BO,B-ZC-BR,S-ZO-BO,B-ZE-BR,B-ZE-UN,S-ZF-BO,S-ZE-BO,B-ZE-BO,S-ZG-BO,B-ZB-UN,S-ZO-BO,S-ZF-BR,S-ZC-BR,S-ZF-BR
195,2011.09.09 00:00,NZDUSD,60,86400,BUY,ZE,1,0.83354,0.82318,1036.0,0.83814,0.83027,787.0,75.965,68.44,327.0,244.5,0.83354,0.83027,0.84141,UNTOUCHED,,0,,0,,0,,0,NA,Other,NA,,NA,,0.81991,BOUNCE,2011.09.09 17:00,1,2011.09.13 21:00,0,,0,,1,4d 4h,NewYork,NA,,NA,,0.83681,BOUNCE,2011.09.09 04:00,1,2011.09.09 15:00,1,2011.09.09 17:00,0,,2,13h,Asia,NA,,NA,,0.82700,BREAK,2011.09.09 15:00,0,,0,,0,,0,NA,NewYork,BREAK,2011.09.09 17:00,BREAK,2011.09.12 02:00,S-ZD-BR,S-ZC-BO,B-ZC-UN,B-ZF-BR,S-ZO-BR,B-ZB-BR,S-ZD-BO,S-ZB-BO,B-ZC-BR,S-ZO-BO,S-ZF-BO,S-ZE-BO,B-ZE-BO,S-ZG-BO,B-ZB-UN,S-ZO-BO,S-ZF-BR,S-ZC-BR,S-ZF-BR,S-ZD-BR
196,2011.09.12 01:00,NZDUSD,60,86400,SELL,ZF,1,0.83814,0.83027,787.0,0.83686,0.81920,1766.0,224.396,16.26,659.0,185.7,0.83686,0.83027,0.81261,BOUNCE,2011.09.12 11:00,1,2011.09.13 01:00,0,,0,,1,14h,London,NA,,NA,,0.84473,UNTOUCHED,,0,,0,,0,,0,NA,Other,NA,,NA,,0.82368,BREAK,2011.09.12 01:00,0,,0,,0,,0,NA,Asia,BREAK,2011.09.12 05:00,BREAK,2011.09.21 21:00,0.84345,UNTOUCHED,,0,,0,,0,,0,NA,Other,NA,,NA,,B-ZE-UN,S-ZD-BR,S-ZC-BO,B-ZC-UN,B-ZF-BR,S-ZO-BR,B-ZB-BR,S-ZD-BO,S-ZB-BO,B-ZC-BR,S-ZE-BO,B-ZE-BO,S-ZG-BO,B-ZB-UN,S-ZO-BO,S-ZF-BR,S-ZC-BR,S-ZF-BR,S-ZD-BR,S-ZB-BR
197,2011.09.13 00:00,NZDUSD,60,86400,SELL,ZE,1,0.83686,0.81920,1766.0,0.82401,0.81177,1224.0,69.309,72.76,481.0,416.8,0.82401,0.81920,0.80696,BOUNCE,2011.09.21 21:00,0,,0,,0,,0,NA,Other,NA,,NA,,0.84167,UNTOUCHED,,0,,0,,0,,0,NA,Other,NA,,NA,,0.81439,BOUNCE,2011.09.14 08:00,1,2011.09.16 12:00,0,,0,,1,2d 4h,London,NA,,NA,,0.82882,BREAK,2011.09.16 12:00,0,,0,,0,,0,NA,London,BOUNCE,2011.09.16 18:00,NA,,S-ZF-BO,B-ZE-UN,S-ZD-BR,S-ZC-BO,B-ZC-UN,B-ZF-BR,S-ZO-BR,B-ZB-BR,S-ZD-BO,S-ZB-BO,B-ZE-BO,S-ZG-BO,B-ZB-UN,S-ZO-BO,S-ZF-BR,S-ZC-BR,S-ZF-BR,S-ZD-BR,S-ZB-BR,S-ZD-BO
198,2011.09.14 00:00,NZDUSD,60,86400,BUY,ZE,1,0.82401,0.81177,1224.0,0.82696,0.81794,902.0,73.693,50.41,607.0,288.9,0.82401,0.81794,0.83303,BOUNCE,2011.09.16 16:00,1,2011.09.19 12:00,1,2011.09.21 21:00,1,2011.09.21 21:00,3,5d 5h,NewYork,NA,,NA,,0.80570,BOUNCE,2011.09.21 21:00,0,,0,,0,,0,NA,Other,NA,,NA,,0.83008,BREAK,2011.09.16 12:00,0,,0,,0,,0,NA,London,UNTOUCHED,,NA,,0.81187,BREAK,2011.09.21 21:00,0,,0,,0,,0,NA,Other,BREAK,2011.09.21 22:00,BOUNCE,2011.09.22 01:00,S-ZE-BO,S-ZF-BO,B-ZE-UN,S-ZD-BR,S-ZC-BO,B-ZC-UN,B-ZF-BR,S-ZO-BR,B-ZB-BR,S-ZD-BO,S-ZG-BO,B-ZB-UN,S-ZO-BO,S-ZF-BR,S-ZC-BR,S-ZF-BR,S-ZD-BR,S-ZB-BR,S-ZD-BO,S-ZO-UN
199,2011.09.15 00:00,NZDUSD,60,86400,SELL,ZG,0,0.82696,0.81794,902.0,0.82628,0.81411,1217.0,134.922,7.54,834.0,212.9,0.82628,0.81794,0.80577,BOUNCE,2011.09.21 21:00,0,,0,,0,,0,NA,Other,NA,,NA,,0.83530,UNTOUCHED,,0,,0,,0,,0,NA,Other,NA,,NA,,0.80960,BREAK,2011.09.21 21:00,0,,0,,0,,0,NA,Other,BREAK,2011.09.22 02:00,BREAK,2011.09.22 10:00,0.83462,UNTOUCHED,,0,,0,,0,,0,NA,Other,NA,,NA,,B-ZE-BO,S-ZE-BO,S-ZF-BO,B-ZE-UN,S-ZD-BR,S-ZC-BO,B-ZC-UN,B-ZF-BR,S-ZO-BR,B-ZB-BR,B-ZB-UN,S-ZO-BO,S-ZF-BR,S-ZC-BR,S-ZF-BR,S-ZD-BR,S-ZB-BR,S-ZD-BO,S-ZO-UN,B-ZB-BR
200,2011.09.17 00:00,NZDUSD,60,86400,BUY,ZB,1,0.82785,0.81194,1591.0,0.83399,0.82073,1326.0,83.344,55.25,712.0,375.5,0.82785,0.82073,0.84111,UNTOUCHED,,0,,0,,0,,0,NA,Other,NA,,NA,,0.80482,BREAK,2011.09.21 22:00,0,,0,,0,,0,NA,Other,BREAK,2011.09.22 06:00,BOUNCE,2011.09.22 10:00,0.83497,UNTOUCHED,,0,,0,,0,,0,NA,Other,NA,,NA,,0.81361,BREAK,2011.09.21 17:00,0,,0,,0,,0,NA,NewYork,BREAK,2011.09.21 22:00,BREAK,2011.09.22 03:00,S-ZG-BO,B-ZE-BO,S-ZE-BO,S-ZF-BO,B-ZE-UN,S-ZD-BR,S-ZC-BO,B-ZC-UN,B-ZF-BR,S-ZO-BR,S-ZO-BO,S-ZF-BR,S-ZC-BR,S-ZF-BR,S-ZD-BR,S-ZB-BR,S-ZD-BO,S-ZO-UN,B-ZB-BR,B-ZD-BR
201,2011.09.21 00:00,NZDUSD,60,86400,SELL,ZO,0,0.82849,0.81709,1140.0,0.82628,0.81629,999.0,87.632,19.39,919.0,269.0,0.82628,0.81709,0.80710,BOUNCE,2011.09.21 21:00,0,,0,,0,,0,NA,Other,NA,,NA,,0.83768,UNTOUCHED,,0,,0,,0,,0,NA,Other,NA,,NA,,0.80790,BOUNCE,2011.09.21 21:00,0,,0,,0,,0,NA,Other,NA,,NA,,0.83547,UNTOUCHED,,0,,0,,0,,0,NA,Other,NA,,NA,,B-ZB-UN,S-ZG-BO,B-ZE-BO,S-ZE-BO,S-ZF-BO,B-ZE-UN,S-ZD-BR,S-ZC-BO,B-ZC-UN,B-ZF-BR,S-ZF-BR,S-ZC-BR,S-ZF-BR,S-ZD-BR,S-ZB-BR,S-ZD-BO,S-ZO-UN,B-ZB-BR,B-ZD-BR,B-ZE-BO
202,2011.09.22 00:00,NZDUSD,60,86400,SELL,ZF,1,0.82628,0.81629,999.0,0.82421,0.79952,2469.0,247.147,20.72,792.0,235.8,0.82421,0.81629,0.79160,BREAK,2011.09.22 10:00,0,,0,,0,,0,NA,London,BREAK,2011.09.22 13:00,BOUNCE,2011.09.23 02:00,0.83420,UNTOUCHED,,0,,0,,0,,0,NA,Other,NA,,NA,,0.80837,BREAK,2011.09.22 00:00,0,,0,,0,,0,NA,Asia,BREAK,2011.09.22 02:00,BREAK,2011.09.22 11:00,0.83213,UNTOUCHED,,0,,0,,0,,0,NA,Other,NA,,NA,,S-ZO-BO,B-ZB-UN,S-ZG-BO,B-ZE-BO,S-ZE-BO,S-ZF-BO,B-ZE-UN,S-ZD-BR,S-ZC-BO,B-ZC-UN,S-ZC-BR,S-ZF-BR,S-ZD-BR,S-ZB-BR,S-ZD-BO,S-ZO-UN,B-ZB-BR,B-ZD-BR,B-ZE-BO,B-ZF-BR
203,2011.09.24 00:00,NZDUSD,60,86400,SELL,ZC,1,0.80624,0.77515,3109.0,0.78916,0.77232,1684.0,54.165,54.94,1401.0,733.7,0.78916,0.77515,0.75831,BREAK,2011.10.03 06:00,0,,0,,0,,0,NA,Asia,UNTOUCHED,,NA,,0.82025,BOUNCE,2011.10.27 20:00,1,2011.11.01 16:00,0,,0,,1,4d 20h,NewYork,NA,,NA,,0.76114,BREAK,2011.09.30 16:00,0,,0,,0,,0,NA,NewYork,BOUNCE,2011.10.04 23:00,NA,,0.80317,BOUNCE,2011.10.14 16:00,0,,0,,0,,0,NA,NewYork,NA,,NA,,S-ZF-BR,S-ZO-BO,B-ZB-UN,S-ZG-BO,B-ZE-BO,S-ZE-BO,S-ZF-BO,B-ZE-UN,S-ZD-BR,S-ZC-BO,S-ZF-BR,S-ZD-BR,S-ZB-BR,S-ZD-BO,S-ZO-UN,B-ZB-BR,B-ZD-BR,B-ZE-BO,B-ZF-BR,B-ZF-BR
204,2011.09.29 00:00,NZDUSD,60,86400,SELL,ZF,0,0.79561,0.77667,1894.0,0.79000,0.77566,1434.0,75.713,29.62,1333.0,447.0,0.79000,0.77667,0.76233,BREAK,2011.09.30 11:00,0,,0,,0,,0,NA,London,BOUNCE,2011.10.04 23:00,NA,,0.80894,BOUNCE,2011.10.24 18:00,1,2011.11.03 03:00,0,,0,,1,1w 2d,NewYork,NA,,NA,,0.76334,BREAK,2011.09.30 09:00,0,,0,,0,,0,NA,London,BOUNCE,2011.10.05 13:00,NA,,0.80333,BOUNCE,2011.10.14 16:00,0,,0,,0,,0,NA,NewYork,NA,,NA,,S-ZC-BR,S-ZF-BR,S-ZO-BO,B-ZB-UN,S-ZG-BO,B-ZE-BO,S-ZE-BO,S-ZF-BO,B-ZE-UN,S-ZD-BR,S-ZD-BR,S-ZB-BR,S-ZD-BO,S-ZO-UN,B-ZB-BR,B-ZD-BR,B-ZE-BO,B-ZF-BR,B-ZF-BR,S-ZO-BO
205,2011.09.30 00:00,NZDUSD,60,86400,SELL,ZD,1,0.79000,0.77566,1434.0,0.78310,0.76499,1811.0,126.290,48.12,744.0,338.4,0.78310,0.77566,0.75755,BREAK,2011.10.03 06:00,0,,0,,0,,0,NA,Asia,BOUNCE,2011.10.04 08:00,NA,,0.79744,BOUNCE,2011.10.12 17:00,1,2011.11.03 03:00,0,,0,,1,3w 0d,NewYork,NA,,NA,,0.76822,BREAK,2011.09.30 02:00,0,,0,,0,,0,NA,Asia,BOUNCE,2011.09.30 18:00,NA,,0.79054,BREAK,2011.10.12 11:00,0,,0,,0,,0,NA,London,BOUNCE,2011.10.13 14:00,NA,,S-ZF-BR,S-ZC-BR,S-ZF-BR,S-ZO-BO,B-ZB-UN,S-ZG-BO,B-ZE-BO,S-ZE-BO,S-ZF-BO,B-ZE-UN,S-ZB-BR,S-ZD-BO,S-ZO-UN,B-ZB-BR,B-ZD-BR,B-ZE-BO,B-ZF-BR,B-ZF-BR,S-ZO-BO,S-ZO-BR
206,2011.10.03 01:00,NZDUSD,60,86400,SELL,ZB,1,0.78310,0.76499,1811.0,0.77080,0.76067,1013.0,55.936,67.92,581.0,427.4,0.77080,0.76499,0.75486,BREAK,2011.10.03 20:00,0,,0,,0,,0,NA,NewYork,BOUNCE,2011.10.04 19:00,NA,,0.78891,BREAK,2011.10.12 11:00,0,,0,,0,,0,NA,London,BREAK,2011.10.12 20:00,BREAK,2011.10.14 21:00,0.75918,BREAK,2011.10.03 06:00,0,,0,,0,,0,NA,Asia,BREAK,2011.10.04 15:00,BOUNCE,2011.10.04 17:00,0.77661,BOUNCE,2011.10.07 15:00,0,,0,,0,,0,NA,NewYork,NA,,NA,,S-ZD-BR,S-ZF-BR,S-ZC-BR,S-ZF-BR,S-ZO-BO,B-ZB-UN,S-ZG-BO,B-ZE-BO,S-ZE-BO,S-ZF-BO,S-ZD-BO,S-ZO-UN,B-ZB-BR,B-ZD-BR,B-ZE-BO,B-ZF-BR,B-ZF-BR,S-ZO-BO,S-ZO-BR,B-ZF-BR
207,2011.10.04 00:00,NZDUSD,60,86400,SELL,ZD,1,0.77080,0.76067,1013.0,0.76403,0.75237,1166.0,115.104,66.83,336.0,239.1,0.76403,0.76067,0.74901,BOUNCE,2011.10.04 15:00,1,2011.10.04 22:00,1,2011.10.06 00:00,1,2011.10.07 07:00,3,2d 16h,NewYork,NA,,NA,,0.77416,BREAK,2011.10.07 07:00,0,,0,,0,,0,NA,London,BOUNCE,2011.10.07 19:00,NA,,0.75731,BREAK,2011.10.04 00:00,0,,0,,0,,0,NA,Asia,BREAK,2011.10.04 01:00,BOUNCE,2011.10.04 04:00,0.76739,BOUNCE,2011.10.06 00:00,0,,0,,0,,0,NA,Asia,NA,,NA,,S-ZB-BR,S-ZD-BR,S-ZF-BR,S-ZC-BR,S-ZF-BR,S-ZO-BO,B-ZB-UN,S-ZG-BO,B-ZE-BO,S-ZE-BO,S-ZO-UN,B-ZB-BR,B-ZD-BR,B-ZE-BO,B-ZF-BR,B-ZF-BR,S-ZO-BO,S-ZO-BR,B-ZF-BR,S-ZF-BR
208,2011.10.05 00:00,NZDUSD,60,86400,SELL,ZO,0,0.76403,0.75237,1166.0,0.76275,0.74691,1584.0,135.849,10.98,1038.0,275.2,0.76275,0.75237,0.73653,UNTOUCHED,,0,,0,,0,,0,NA,Other,NA,,NA,,0.77441,BREAK,2011.10.07 07:00,0,,0,,0,,0,NA,London,BOUNCE,2011.10.12 04:00,NA,,0.74199,UNTOUCHED,,0,,0,,0,,0,NA,Other,NA,,NA,,0.77313,BREAK,2011.10.07 06:00,0,,0,,0,,0,NA,Asia,BREAK,2011.10.12 11:00,BREAK,2011.10.12 17:00,S-ZD-BO,S-ZB-BR,S-ZD-BR,S-ZF-BR,S-ZC-BR,S-ZF-BR,S-ZO-BO,B-ZB-UN,S-ZG-BO,B-ZE-BO,B-ZB-BR,B-ZD-BR,B-ZE-BO,B-ZF-BR,B-ZF-BR,S-ZO-BO,S-ZO-BR,B-ZF-BR,S-ZF-BR,S-ZD-BR
209,2011.10.06 00:00,NZDUSD,60,86400,BUY,ZB,1,0.76275,0.74691,1584.0,0.76673,0.75532,1141.0,72.033,53.09,743.0,373.8,0.76275,0.75532,0.77416,BREAK,2011.10.07 07:00,0,,0,,0,,0,NA,London,BREAK,2011.10.10 19:00,BREAK,2011.10.12 12:00,0.73948,UNTOUCHED,,0,,0,,0,,0,NA,Other,NA,,NA,,0.77018,BOUNCE,2011.10.06 11:00,0,,0,,0,,0,NA,London,NA,,NA,,0.74789,UNTOUCHED,,0,,0,,0,,0,NA,Other,NA,,NA,,S-ZO-UN,S-ZD-BO,S-ZB-BR,S-ZD-BR,S-ZF-BR,S-ZC-BR,S-ZF-BR,S-ZO-BO,B-ZB-UN,S-ZG-BO,B-ZD-BR,B-ZE-BO,B-ZF-BR,B-ZF-BR,S-ZO-BO,S-ZO-BR,B-ZF-BR,S-ZF-BR,S-ZD-BR,S-ZH-BR
210,2011.10.07 00:00,NZDUSD,60,86400,BUY,ZD,1,0.76673,0.75532,1141.0,0.77237,0.76236,1001.0,87.730,61.70,437.0,269.3,0.76673,0.76236,0.77674,BREAK,2011.10.07 15:00,0,,0,,0,,0,NA,NewYork,BREAK,2011.10.10 16:00,BOUNCE,2011.10.11 04:00,0.75095,UNTOUCHED,,0,,0,,0,,0,NA,Other,NA,,NA,,0.77110,BREAK,2011.10.07 00:00,0,,0,,0,,0,NA,Asia,BREAK,2011.10.07 15:00,BREAK,2011.10.10 16:00,0.75799,UNTOUCHED,,0,,0,,0,,0,NA,Other,NA,,NA,,B-ZB-BR,S-ZO-UN,S-ZD-BO,S-ZB-BR,S-ZD-BR,S-ZF-BR,S-ZC-BR,S-ZF-BR,S-ZO-BO,B-ZB-UN,B-ZE-BO,B-ZF-BR,B-ZF-BR,S-ZO-BO,S-ZO-BR,B-ZF-BR,S-ZF-BR,S-ZD-BR,S-ZH-BR,S-ZD-BR
211,2011.10.10 01:00,NZDUSD,60,86400,BUY,ZE,1,0.77237,0.76236,1001.0,0.77961,0.76740,1221.0,121.978,50.35,497.0,236.2,0.77237,0.76740,0.78458,BOUNCE,2011.10.10 16:00,1,2011.10.12 04:00,1,2011.11.17 02:00,1,2011.11.17 20:00,3,5w 3d,NewYork,NA,,NA,,0.75739,BOUNCE,2011.11.17 20:00,0,,0,,0,,0,NA,NewYork,NA,,NA,,0.77734,BREAK,2011.10.10 11:00,0,,0,,0,,0,NA,London,BREAK,2011.10.10 16:00,BREAK,2011.10.12 11:00,0.76243,BOUNCE,2011.11.17 02:00,0,,0,,0,,0,NA,Asia,NA,,NA,,B-ZD-BR,B-ZB-BR,S-ZO-UN,S-ZD-BO,S-ZB-BR,S-ZD-BR,S-ZF-BR,S-ZC-BR,S-ZF-BR,S-ZO-BO,B-ZF-BR,B-ZF-BR,S-ZO-BO,S-ZO-BR,B-ZF-BR,S-ZF-BR,S-ZD-BR,S-ZH-BR,S-ZD-BR,S-ZO-BR
212,2011.10.11 00:00,NZDUSD,60,86400,BUY,ZF,0,0.77961,0.76740,1221.0,0.78574,0.76793,1781.0,145.864,4.34,1168.0,288.2,0.77961,0.76793,0.79742,BREAK,2011.10.12 17:00,0,,0,,0,,0,NA,NewYork,BOUNCE,2011.10.25 16:00,NA,,0.75572,BREAK,2011.11.18 10:00,0,,0,,0,,0,NA,London,BREAK,2011.11.23 13:00,UNTOUCHED,,0.79129,BREAK,2011.10.12 12:00,0,,0,,0,,0,NA,London,BREAK,2011.10.17 12:00,BREAK,2011.10.27 17:00,0.75625,BREAK,2011.11.18 08:00,0,,0,,0,,0,NA,London,BREAK,2011.11.23 13:00,UNTOUCHED,,B-ZE-BO,B-ZD-BR,B-ZB-BR,S-ZO-UN,S-ZD-BO,S-ZB-BR,S-ZD-BR,S-ZF-BR,S-ZC-BR,S-ZF-BR,B-ZF-BR,S-ZO-BO,S-ZO-BR,B-ZF-BR,S-ZF-BR,S-ZD-BR,S-ZH-BR,S-ZD-BR,S-ZO-BR,S-ZF-BO
213,2011.10.15 00:00,NZDUSD,60,86400,BUY,ZF,1,0.79657,0.78895,762.0,0.80542,0.79075,1467.0,192.520,23.62,582.0,179.8,0.79657,0.79075,0.81124,BREAK,2011.10.27 12:00,0,,0,,0,,0,NA,London,BREAK,2011.10.27 17:00,BOUNCE,2011.10.28 10:00,0.78313,BREAK,2011.11.03 03:00,0,,0,,0,,0,NA,Asia,BREAK,2011.11.10 09:00,BREAK,2011.11.15 13:00,0.80239,BREAK,2011.10.15 00:00,0,,0,,0,,0,NA,Asia,BREAK,2011.10.24 20:00,BREAK,2011.10.27 17:00,0.78493,BREAK,2011.11.03 03:00,0,,0,,0,,0,NA,Asia,BREAK,2011.11.10 08:00,BOUNCE,2011.11.10 12:00,B-ZF-BR,B-ZE-BO,B-ZD-BR,B-ZB-BR,S-ZO-UN,S-ZD-BO,S-ZB-BR,S-ZD-BR,S-ZF-BR,S-ZC-BR,S-ZO-BO,S-ZO-BR,B-ZF-BR,S-ZF-BR,S-ZD-BR,S-ZH-BR,S-ZD-BR,S-ZO-BR,S-ZF-BO,B-ZF-UN
214,2011.10.19 00:00,NZDUSD,60,86400,SELL,ZO,0,0.80666,0.79065,1601.0,0.80067,0.78595,1472.0,91.943,37.41,1002.0,377.8,0.80067,0.79065,0.77593,BOUNCE,2011.11.10 09:00,0,,0,,0,,0,NA,London,NA,,NA,,0.81668,BREAK,2011.10.27 17:00,0,,0,,0,,0,NA,NewYork,UNTOUCHED,,NA,,0.78063,BOUNCE,2011.11.03 05:00,0,,0,,0,,0,NA,Asia,NA,,NA,,0.81069,BOUNCE,2011.10.24 20:00,1,2011.11.03 05:00,1,2011.11.03 05:00,0,,2,1w 2d,NewYork,NA,,NA,,B-ZF-BR,B-ZF-BR,B-ZE-BO,B-ZD-BR,B-ZB-BR,S-ZO-UN,S-ZD-BO,S-ZB-BR,S-ZD-BR,S-ZF-BR,S-ZO-BR,B-ZF-BR,S-ZF-BR,S-ZD-BR,S-ZH-BR,S-ZD-BR,S-ZO-BR,S-ZF-BO,B-ZF-UN,B-ZO-UN
215,2011.10.21 00:00,NZDUSD,60,86400,SELL,ZO,0,0.80054,0.78979,1075.0,0.79889,0.78714,1175.0,109.302,15.35,910.0,253.7,0.79889,0.78979,0.77804,BREAK,2011.11.10 06:00,0,,0,,0,,0,NA,Asia,BREAK,2011.11.16 05:00,BREAK,2011.11.17 20:00,0.80964,BOUNCE,2011.10.24 20:00,1,2011.10.26 20:00,1,2011.11.03 05:00,1,2011.11.10 06:00,3,2w 2d,NewYork,NA,,NA,,0.78069,BOUNCE,2011.11.03 05:00,0,,0,,0,,0,NA,Asia,NA,,NA,,0.80799,BREAK,2011.10.24 18:00,0,,0,,0,,0,NA,NewYork,BREAK,2011.10.27 19:00,UNTOUCHED,,S-ZO-BO,B-ZF-BR,B-ZF-BR,B-ZE-BO,B-ZD-BR,B-ZB-BR,S-ZO-UN,S-ZD-BO,S-ZB-BR,S-ZD-BR,B-ZF-BR,S-ZF-BR,S-ZD-BR,S-ZH-BR,S-ZD-BR,S-ZO-BR,S-ZF-BO,B-ZF-UN,B-ZO-UN,S-ZB-BO
216,2011.10.22 00:00,NZDUSD,60,86400,BUY,ZF,0,0.79889,0.78714,1175.0,0.80308,0.78998,1310.0,111.489,24.17,891.0,277.3,0.79889,0.78998,0.81199,BREAK,2011.10.27 13:00,0,,0,,0,,0,NA,NewYork,BREAK,2011.10.28 04:00,UNTOUCHED,,0.77823,BREAK,2011.11.10 03:00,0,,0,,0,,0,NA,Asia,BREAK,2011.11.16 05:00,BREAK,2011.11.17 20:00,0.80780,BREAK,2011.10.24 07:00,0,,0,,0,,0,NA,London,BREAK,2011.10.27 19:00,UNTOUCHED,,0.78107,BOUNCE,2011.11.03 05:00,0,,0,,0,,0,NA,Asia,NA,,NA,,S-ZO-BR,S-ZO-BO,B-ZF-BR,B-ZF-BR,B-ZE-BO,B-ZD-BR,B-ZB-BR,S-ZO-UN,S-ZD-BO,S-ZB-BR,S-ZF-BR,S-ZD-BR,S-ZH-BR,S-ZD-BR,S-ZO-BR,S-ZF-BO,B-ZF-UN,B-ZO-UN,S-ZB-BO,S-ZD-BO
217,2011.10.26 00:00,NZDUSD,60,86400,SELL,ZF,0,0.81077,0.80003,1074.0,0.80759,0.79411,1348.0,125.512,29.61,756.0,253.5,0.80759,0.80003,0.78655,BREAK,2011.11.02 21:00,0,,0,,0,,0,NA,Other,BREAK,2011.11.10 09:00,BREAK,2011.11.15 13:00,0.81833,BREAK,2011.10.27 17:00,0,,0,,0,,0,NA,NewYork,UNTOUCHED,,NA,,0.79247,BOUNCE,2011.10.26 18:00,1,2011.10.27 16:00,1,2011.10.27 17:00,0,,2,23h,NewYork,NA,,NA,,0.81515,BREAK,2011.10.27 16:00,0,,0,,0,,0,NA,NewYork,BOUNCE,2011.10.31 06:00,NA,,B-ZF-BR,S-ZO-BR,S-ZO-BO,B-ZF-BR,B-ZF-BR,B-ZE-BO,B-ZD-BR,B-ZB-BR,S-ZO-UN,S-ZD-BO,S-ZD-BR,S-ZH-BR,S-ZD-BR,S-ZO-BR,S-ZF-BO,B-ZF-UN,B-ZO-UN,S-ZB-BO,S-ZD-BO,S-ZD-BR
218,2011.10.27 00:00,NZDUSD,60,86400,SELL,ZD,1,0.80759,0.79411,1348.0,0.80010,0.79130,880.0,65.282,55.56,599.0,318.1,0.80010,0.79411,0.78531,BREAK,2011.11.03 03:00,0,,0,,0,,0,NA,Asia,BREAK,2011.11.10 09:00,BOUNCE,2011.11.10 12:00,0.81358,BREAK,2011.10.27 14:00,0,,0,,0,,0,NA,NewYork,BREAK,2011.10.28 00:00,UNTOUCHED,,0.78812,BREAK,2011.11.02 20:00,0,,0,,0,,0,NA,NewYork,BOUNCE,2011.11.03 14:00,NA,,0.80609,BREAK,2011.10.27 09:00,0,,0,,0,,0,NA,London,BREAK,2011.10.27 16:00,BREAK,2011.10.27 20:00,S-ZF-BR,B-ZF-BR,S-ZO-BR,S-ZO-BO,B-ZF-BR,B-ZF-BR,B-ZE-BO,B-ZD-BR,B-ZB-BR,S-ZO-UN,S-ZH-BR,S-ZD-BR,S-ZO-BR,S-ZF-BO,B-ZF-UN,B-ZO-UN,S-ZB-BO,S-ZD-BO,S-ZD-BR,S-ZH-BR
219,2011.11.01 00:00,NZDUSD,60,86400,SELL,ZH,1,0.82283,0.81974,309.0,0.82258,0.80761,1497.0,484.466,8.09,284.0,72.9,0.82258,0.81974,0.80477,BREAK,2011.11.01 10:00,0,,0,,0,,0,NA,London,BREAK,2011.11.01 11:00,BREAK,2011.11.01 12:00,0.82567,UNTOUCHED,,0,,0,,0,,0,NA,Other,NA,,NA,,0.81690,BREAK,2011.11.01 00:00,0,,0,,0,,0,NA,Asia,BREAK,2011.11.01 01:00,BREAK,2011.11.01 02:00,0.82542,UNTOUCHED,,0,,0,,0,,0,NA,Other,NA,,NA,,S-ZD-BR,S-ZF-BR,B-ZF-BR,S-ZO-BR,S-ZO-BO,B-ZF-BR,B-ZF-BR,B-ZE-BO,B-ZD-BR,B-ZB-BR,S-ZD-BR,S-ZO-BR,S-ZF-BO,B-ZF-UN,B-ZO-UN,S-ZB-BO,S-ZD-BO,S-ZD-BR,S-ZH-BR,S-ZC-BO
220,2011.11.03 00:00,NZDUSD,60,86400,SELL,ZD,1,0.81044,0.79191,1853.0,0.79796,0.78653,1143.0,61.684,67.35,605.0,437.3,0.79796,0.79191,0.78048,BREAK,2011.11.10 01:00,0,,0,,0,,0,NA,Asia,BOUNCE,2011.11.10 15:00,NA,,0.81649,UNTOUCHED,,0,,0,,0,,0,NA,Other,NA,,NA,,0.78586,BREAK,2011.11.03 03:00,0,,0,,0,,0,NA,Asia,BREAK,2011.11.10 09:00,BOUNCE,2011.11.10 12:00,0.80401,UNTOUCHED,,0,,0,,0,,0,NA,Other,NA,,NA,,S-ZH-BR,S-ZD-BR,S-ZF-BR,B-ZF-BR,S-ZO-BR,S-ZO-BO,B-ZF-BR,B-ZF-BR,B-ZE-BO,B-ZD-BR,S-ZO-BR,S-ZF-BO,B-ZF-UN,B-ZO-UN,S-ZB-BO,S-ZD-BO,S-ZD-BR,S-ZH-BR,S-ZC-BO,S-ZF-UN
221,2011.11.04 00:00,NZDUSD,60,86400,SELL,ZO,0,0.79796,0.78653,1143.0,0.79668,0.78059,1609.0,140.770,11.20,1015.0,269.7,0.79668,0.78653,0.77044,BREAK,2011.11.15 12:00,0,,0,,0,,0,NA,London,BREAK,2011.11.17 20:00,BREAK,2011.11.21 17:00,0.80811,UNTOUCHED,,0,,0,,0,,0,NA,Other,NA,,NA,,0.77638,BREAK,2011.11.10 09:00,0,,0,,0,,0,NA,London,BREAK,2011.11.16 08:00,BREAK,2011.11.21 04:00,0.80683,UNTOUCHED,,0,,0,,0,,0,NA,Other,NA,,NA,,S-ZD-BR,S-ZH-BR,S-ZD-BR,S-ZF-BR,B-ZF-BR,S-ZO-BR,S-ZO-BO,B-ZF-BR,B-ZF-BR,B-ZE-BO,S-ZF-BO,B-ZF-UN,B-ZO-UN,S-ZB-BO,S-ZD-BO,S-ZD-BR,S-ZH-BR,S-ZC-BO,S-ZF-UN,S-ZH-UN
222,2011.11.10 00:00,NZDUSD,60,86400,SELL,ZF,1,0.79875,0.79219,656.0,0.79846,0.78082,1764.0,268.902,4.42,627.0,154.8,0.79846,0.79219,0.77455,BOUNCE,2011.11.10 09:00,1,2011.11.14 02:00,0,,0,,1,3d 17h,London,NA,,NA,,0.80502,UNTOUCHED,,0,,0,,0,,0,NA,Other,NA,,NA,,0.78592,BREAK,2011.11.10 00:00,0,,0,,0,,0,NA,Asia,BREAK,2011.11.10 06:00,BOUNCE,2011.11.10 12:00,0.80473,UNTOUCHED,,0,,0,,0,,0,NA,Other,NA,,NA,,S-ZO-BR,S-ZD-BR,S-ZH-BR,S-ZD-BR,S-ZF-BR,B-ZF-BR,S-ZO-BR,S-ZO-BO,B-ZF-BR,B-ZF-BR,B-ZF-UN,B-ZO-UN,S-ZB-BO,S-ZD-BO,S-ZD-BR,S-ZH-BR,S-ZC-BO,S-ZF-UN,S-ZH-UN,B-ZF-BR
223,2011.11.14 02:00,NZDUSD,60,86400,BUY,ZF,1,0.78268,0.77314,954.0,0.78704,0.77438,1266.0,132.704,13.00,830.0,225.1,0.78268,0.77438,0.79534,UNTOUCHED,,0,,0,,0,,0,NA,Other,NA,,NA,,0.76484,BREAK,2011.11.16 07:00,0,,0,,0,,0,NA,London,BREAK,2011.11.21 02:00,BREAK,2011.11.21 18:00,0.79098,BOUNCE,2011.11.14 02:00,1,2011.11.16 05:00,1,2011.11.16 07:00,0,,2,2d 5h,Asia,NA,,NA,,0.76608,BREAK,2011.11.16 05:00,0,,0,,0,,0,NA,Asia,BREAK,2011.11.18 20:00,BREAK,2011.11.21 17:00,S-ZF-BO,S-ZO-BR,S-ZD-BR,S-ZH-BR,S-ZD-BR,S-ZF-BR,B-ZF-BR,S-ZO-BR,S-ZO-BO,B-ZF-BR,B-ZO-UN,S-ZB-BO,S-ZD-BO,S-ZD-BR,S-ZH-BR,S-ZC-BO,S-ZF-UN,S-ZH-UN,B-ZF-BR,B-ZD-BO
224,2011.11.15 00:00,NZDUSD,60,86400,BUY,ZO,0,0.78704,0.77438,1266.0,0.79158,0.77607,1551.0,122.512,13.35,1097.0,298.8,0.78704,0.77607,0.80255,UNTOUCHED,,0,,0,,0,,0,NA,Other,NA,,NA,,0.76341,BREAK,2011.11.16 08:00,0,,0,,0,,0,NA,London,BREAK,2011.11.21 14:00,BREAK,2011.11.23 18:00,0.79801,UNTOUCHED,,0,,0,,0,,0,NA,Other,NA,,NA,,0.76510,BREAK,2011.11.16 07:00,0,,0,,0,,0,NA,London,BREAK,2011.11.21 12:00,BREAK,2011.11.23 13:00,B-ZF-UN,S-ZF-BO,S-ZO-BR,S-ZD-BR,S-ZH-BR,S-ZD-BR,S-ZF-BR,B-ZF-BR,S-ZO-BR,S-ZO-BO,S-ZB-BO,S-ZD-BO,S-ZD-BR,S-ZH-BR,S-ZC-BO,S-ZF-UN,S-ZH-UN,B-ZF-BR,B-ZD-BO,B-ZE-BR
225,2011.11.16 00:00,NZDUSD,60,86400,SELL,ZB,1,0.79158,0.77607,1551.0,0.78035,0.76697,1338.0,86.267,72.40,428.0,366.0,0.78035,0.77607,0.76269,BOUNCE,2011.11.16 09:00,1,2011.11.16 13:00,1,2011.12.08 16:00,0,,2,3w 1d,London,NA,,NA,,0.79586,UNTOUCHED,,0,,0,,0,,0,NA,Other,NA,,NA,,0.77179,BREAK,2011.11.16 00:00,0,,0,,0,,0,NA,Asia,BREAK,2011.11.16 08:00,BOUNCE,2011.11.16 11:00,0.78463,BOUNCE,2011.12.08 16:00,1,2011.12.08 20:00,1,2011.12.08 20:00,0,,2,4h,NewYork,NA,,NA,,B-ZO-UN,B-ZF-UN,S-ZF-BO,S-ZO-BR,S-ZD-BR,S-ZH-BR,S-ZD-BR,S-ZF-BR,B-ZF-BR,S-ZO-BR,S-ZD-BO,S-ZD-BR,S-ZH-BR,S-ZC-BO,S-ZF-UN,S-ZH-UN,B-ZF-BR,B-ZD-BO,B-ZE-BR,B-ZH-BR
226,2011.11.17 00:00,NZDUSD,60,86400,SELL,ZD,1,0.78035,0.76697,1338.0,0.77215,0.76253,962.0,71.898,61.29,518.0,315.8,0.77215,0.76697,0.75735,BOUNCE,2011.11.17 20:00,1,2011.11.30 16:00,1,2011.11.30 16:00,1,2011.12.08 16:00,3,2w 6d,NewYork,NA,,NA,,0.78553,BOUNCE,2011.12.08 16:00,1,2011.12.08 18:00,1,2011.12.12 17:00,1,2011.12.13 23:00,3,5d 7h,NewYork,NA,,NA,,0.76179,BOUNCE,2011.11.17 04:00,1,2011.11.30 16:00,1,2011.12.08 16:00,0,,2,3w 0d,Asia,NA,,NA,,0.77733,BOUNCE,2011.11.30 16:00,1,2011.12.12 17:00,1,2011.12.12 17:00,0,,2,1w 5d,NewYork,NA,,NA,,S-ZB-BO,B-ZO-UN,B-ZF-UN,S-ZF-BO,S-ZO-BR,S-ZD-BR,S-ZH-BR,S-ZD-BR,S-ZF-BR,B-ZF-BR,S-ZD-BR,S-ZH-BR,S-ZC-BO,S-ZF-UN,S-ZH-UN,B-ZF-BR,B-ZD-BO,B-ZE-BR,B-ZH-BR,S-ZO-BR
227,2011.11.18 00:00,NZDUSD,60,86400,SELL,ZD,1,0.77215,0.76253,962.0,0.76832,0.75651,1181.0,122.765,39.81,579.0,227.0,0.76832,0.76253,0.75072,BREAK,2011.11.21 13:00,0,,0,,0,,0,NA,NewYork,BOUNCE,2011.11.22 11:00,NA,,0.77794,BREAK,2011.11.30 16:00,0,,0,,0,,0,NA,NewYork,BREAK,2011.12.08 16:00,BOUNCE,2012.01.05 11:00,0.75674,BOUNCE,2011.11.18 08:00,1,2011.11.30 16:00,1,2011.11.30 16:00,0,,2,1w 5d,London,NA,,NA,,0.77411,BREAK,2011.11.30 16:00,0,,0,,0,,0,NA,NewYork,BOUNCE,2011.12.01 11:00,NA,,S-ZD-BO,S-ZB-BO,B-ZO-UN,B-ZF-UN,S-ZF-BO,S-ZO-BR,S-ZD-BR,S-ZH-BR,S-ZD-BR,S-ZF-BR,S-ZH-BR,S-ZC-BO,S-ZF-UN,S-ZH-UN,B-ZF-BR,B-ZD-BO,B-ZE-BR,B-ZH-BR,S-ZO-BR,B-ZO-BO
228,2011.11.19 00:00,NZDUSD,60,86400,SELL,ZH,0,0.76832,0.75651,1181.0,0.76483,0.75514,969.0,82.049,29.55,832.0,278.7,0.76483,0.75651,0.74682,BREAK,2011.11.21 17:00,0,,0,,0,,0,NA,NewYork,BOUNCE,2011.11.28 02:00,NA,,0.77664,BREAK,2011.11.30 16:00,0,,0,,0,,0,NA,NewYork,BOUNCE,2011.12.08 18:00,NA,,0.74819,BREAK,2011.11.21 14:00,0,,0,,0,,0,NA,NewYork,BREAK,2011.11.25 16:00,UNTOUCHED,,0.77315,BREAK,2011.11.30 16:00,0,,0,,0,,0,NA,NewYork,BOUNCE,2011.12.01 11:00,NA,,S-ZD-BR,S-ZD-BO,S-ZB-BO,B-ZO-UN,B-ZF-UN,S-ZF-BO,S-ZO-BR,S-ZD-BR,S-ZH-BR,S-ZD-BR,S-ZC-BO,S-ZF-UN,S-ZH-UN,B-ZF-BR,B-ZD-BO,B-ZE-BR,B-ZH-BR,S-ZO-BR,B-ZO-BO,S-ZE-BR
229,2011.11.23 00:00,NZDUSD,60,86400,SELL,ZC,1,0.75700,0.74479,1221.0,0.75124,0.74398,726.0,59.459,47.17,645.0,288.2,0.75124,0.74479,0.73753,BOUNCE,2011.11.25 16:00,1,2011.11.28 04:00,1,2011.11.29 08:00,1,2011.11.29 13:00,3,3d 21h,NewYork,NA,,NA,,0.76345,BREAK,2011.11.29 13:00,0,,0,,0,,0,NA,NewYork,BREAK,2011.11.30 16:00,BREAK,2011.11.30 17:00,0.73834,BOUNCE,2011.11.25 14:00,1,2011.11.29 08:00,1,2011.11.29 13:00,0,,2,3d 23h,NewYork,NA,,NA,,0.75769,BREAK,2011.11.29 08:00,0,,0,,0,,0,NA,London,BOUNCE,2011.11.30 11:00,NA,,S-ZH-BR,S-ZD-BR,S-ZD-BO,S-ZB-BO,B-ZO-UN,B-ZF-UN,S-ZF-BO,S-ZO-BR,S-ZD-BR,S-ZH-BR,S-ZF-UN,S-ZH-UN,B-ZF-BR,B-ZD-BO,B-ZE-BR,B-ZH-BR,S-ZO-BR,B-ZO-BO,S-ZE-BR,S-ZD-BO
230,2011.11.24 00:00,NZDUSD,60,86400,SELL,ZF,1,0.75124,0.74398,726.0,0.75006,0.73846,1160.0,159.780,16.25,608.0,171.3,0.75006,0.74398,0.73238,UNTOUCHED,,0,,0,,0,,0,NA,Other,NA,,NA,,0.75732,BREAK,2011.11.29 08:00,0,,0,,0,,0,NA,London,BREAK,2011.11.30 04:00,BREAK,2011.11.30 16:00,0.73790,BOUNCE,2011.11.25 16:00,1,2011.11.28 12:00,1,2011.11.29 08:00,0,,2,3d 16h,NewYork,NA,,NA,,0.75614,BREAK,2011.11.28 12:00,0,,0,,0,,0,NA,London,BREAK,2011.11.29 13:00,BREAK,2011.11.30 16:00,S-ZC-BO,S-ZH-BR,S-ZD-BR,S-ZD-BO,S-ZB-BO,B-ZO-UN,B-ZF-UN,S-ZF-BO,S-ZO-BR,S-ZD-BR,S-ZH-UN,B-ZF-BR,B-ZD-BO,B-ZE-BR,B-ZH-BR,S-ZO-BR,B-ZO-BO,S-ZE-BR,S-ZD-BO,S-ZO-UN
231,2011.11.26 00:00,NZDUSD,60,86400,SELL,ZH,0,0.74537,0.73896,641.0,0.74390,0.73693,697.0,108.736,22.93,494.0,151.3,0.74390,0.73896,0.73199,UNTOUCHED,,0,,0,,0,,0,NA,Other,NA,,NA,,0.75031,BREAK,2011.11.28 02:00,0,,0,,0,,0,NA,Asia,BREAK,2011.11.28 16:00,BREAK,2011.11.29 13:00,0.73402,UNTOUCHED,,0,,0,,0,,0,NA,Other,NA,,NA,,0.74884,BREAK,2011.11.28 02:00,0,,0,,0,,0,NA,Asia,BREAK,2011.11.28 12:00,BREAK,2011.11.29 13:00,S-ZF-UN,S-ZC-BO,S-ZH-BR,S-ZD-BR,S-ZD-BO,S-ZB-BO,B-ZO-UN,B-ZF-UN,S-ZF-BO,S-ZO-BR,B-ZF-BR,B-ZD-BO,B-ZE-BR,B-ZH-BR,S-ZO-BR,B-ZO-BO,S-ZE-BR,S-ZD-BO,S-ZO-UN,B-ZB-BR
232,2011.11.30 00:00,NZDUSD,60,86400,BUY,ZF,1,0.75727,0.74804,923.0,0.76497,0.75105,1392.0,150.813,32.61,622.0,217.8,0.75727,0.75105,0.77119,BREAK,2011.11.30 16:00,0,,0,,0,,0,NA,NewYork,BREAK,2011.11.30 17:00,BREAK,2011.12.08 16:00,0.74182,UNTOUCHED,,0,,0,,0,,0,NA,Other,NA,,NA,,0.76349,BREAK,2011.11.30 01:00,0,,0,,0,,0,NA,Asia,BREAK,2011.11.30 16:00,BREAK,2011.11.30 17:00,0.74483,UNTOUCHED,,0,,0,,0,,0,NA,Other,NA,,NA,,S-ZH-UN,S-ZF-UN,S-ZC-BO,S-ZH-BR,S-ZD-BR,S-ZD-BO,S-ZB-BO,B-ZO-UN,B-ZF-UN,S-ZF-BO,B-ZD-BO,B-ZE-BR,B-ZH-BR,S-ZO-BR,B-ZO-BO,S-ZE-BR,S-ZD-BO,S-ZO-UN,B-ZB-BR,B-ZF-BR
233,2011.12.01 00:00,NZDUSD,60,86400,BUY,ZD,1,0.76497,0.75105,1392.0,0.78205,0.75750,2455.0,176.365,46.34,747.0,328.5,0.76497,0.75750,0.78952,BOUNCE,2012.01.03 18:00,0,,0,,0,,0,NA,NewYork,NA,,NA,,0.74358,UNTOUCHED,,0,,0,,0,,0,NA,Other,NA,,NA,,0.77244,BREAK,2011.12.01 00:00,0,,0,,0,,0,NA,Asia,BOUNCE,2011.12.01 11:00,NA,,0.75003,BREAK,2011.12.14 17:00,0,,0,,0,,0,NA,NewYork,UNTOUCHED,,NA,,B-ZF-BR,S-ZH-UN,S-ZF-UN,S-ZC-BO,S-ZH-BR,S-ZD-BR,S-ZD-BO,S-ZB-BO,B-ZO-UN,B-ZF-UN,B-ZE-BR,B-ZH-BR,S-ZO-BR,B-ZO-BO,S-ZE-BR,S-ZD-BO,S-ZO-UN,B-ZB-BR,B-ZF-BR,B-ZE-BR
234,2011.12.03 00:00,NZDUSD,60,86400,BUY,ZE,1,0.78104,0.77225,879.0,0.78346,0.77614,732.0,83.276,44.25,490.0,207.4,0.78104,0.77614,0.78836,BREAK,2012.01.03 14:00,0,,0,,0,,0,NA,NewYork,BREAK,2012.01.10 15:00,BREAK,2012.01.17 10:00,0.76735,BOUNCE,2011.12.09 06:00,1,2011.12.21 13:00,1,2012.01.03 10:00,1,2012.01.03 14:00,3,3w 4d,Asia,NA,,NA,,0.78594,BOUNCE,2011.12.08 16:00,1,2011.12.08 21:00,1,2011.12.09 06:00,0,,2,14h,NewYork,NA,,NA,,0.77124,BREAK,2011.12.08 21:00,0,,0,,0,,0,NA,Other,BREAK,2011.12.09 10:00,BOUNCE,2011.12.13 17:00,B-ZD-BO,B-ZF-BR,S-ZH-UN,S-ZF-UN,S-ZC-BO,S-ZH-BR,S-ZD-BR,S-ZD-BO,S-ZB-BO,B-ZO-UN,B-ZH-BR,S-ZO-BR,B-ZO-BO,S-ZE-BR,S-ZD-BO,S-ZO-UN,B-ZB-BR,B-ZF-BR,B-ZE-BR,B-ZE-BO
235,2011.12.06 00:00,NZDUSD,60,86400,BUY,ZH,1,0.77822,0.77593,229.0,0.78342,0.77600,742.0,324.017,3.06,222.0,54.0,0.77822,0.77600,0.78564,BREAK,2011.12.08 16:00,0,,0,,0,,0,NA,NewYork,BREAK,2012.01.03 14:00,BOUNCE,2012.01.03 18:00,0.77371,BREAK,2011.12.08 19:00,0,,0,,0,,0,NA,NewYork,BOUNCE,2011.12.08 22:00,NA,,0.78044,BOUNCE,2011.12.06 00:00,1,2011.12.06 10:00,1,2011.12.08 19:00,0,,2,2d 19h,Asia,NA,,NA,,0.77378,BOUNCE,2011.12.06 10:00,1,2011.12.06 21:00,1,2011.12.06 21:00,0,,2,11h,London,NA,,NA,,B-ZE-BR,B-ZD-BO,B-ZF-BR,S-ZH-UN,S-ZF-UN,S-ZC-BO,S-ZH-BR,S-ZD-BR,S-ZD-BO,S-ZB-BO,S-ZO-BR,B-ZO-BO,S-ZE-BR,S-ZD-BO,S-ZO-UN,B-ZB-BR,B-ZF-BR,B-ZE-BR,B-ZE-BO,S-ZO-BR
236,2011.12.07 00:00,NZDUSD,60,86400,SELL,ZO,0,0.78342,0.77600,742.0,0.78153,0.77375,778.0,104.852,25.47,553.0,175.1,0.78153,0.77600,0.76822,BREAK,2011.12.09 06:00,0,,0,,0,,0,NA,Asia,BREAK,2011.12.12 19:00,BREAK,2011.12.13 23:00,0.78895,BOUNCE,2012.01.03 18:00,1,2012.01.06 08:00,0,,0,,1,2d 14h,NewYork,NA,,NA,,0.77047,BREAK,2011.12.09 06:00,0,,0,,0,,0,NA,Asia,BOUNCE,2011.12.09 14:00,NA,,0.78706,BOUNCE,2011.12.08 16:00,1,2011.12.09 06:00,1,2011.12.09 06:00,0,,2,14h,NewYork,NA,,NA,,B-ZH-BR,B-ZE-BR,B-ZD-BO,B-ZF-BR,S-ZH-UN,S-ZF-UN,S-ZC-BO,S-ZH-BR,S-ZD-BR,S-ZD-BO,B-ZO-BO,S-ZE-BR,S-ZD-BO,S-ZO-UN,B-ZB-BR,B-ZF-BR,B-ZE-BR,B-ZE-BO,S-ZO-BR,S-ZE-UN
237,2011.12.08 00:00,NZDUSD,60,86400,BUY,ZO,0,0.78153,0.77375,778.0,0.78248,0.77483,765.0,98.329,13.88,670.0,183.6,0.78153,0.77483,0.78918,BOUNCE,2012.01.03 18:00,0,,0,,0,,0,NA,NewYork,NA,,NA,,0.76705,BREAK,2011.12.09 06:00,0,,0,,0,,0,NA,Asia,BREAK,2011.12.13 22:00,BREAK,2011.12.14 16:00,0.78823,BREAK,2012.01.03 14:00,0,,0,,0,,0,NA,NewYork,BREAK,2012.01.11 23:00,BREAK,2012.01.18 09:00,0.76813,BREAK,2011.12.09 06:00,0,,0,,0,,0,NA,Asia,BREAK,2011.12.13 22:00,BREAK,2011.12.14 14:00,S-ZO-BR,B-ZH-BR,B-ZE-BR,B-ZD-BO,B-ZF-BR,S-ZH-UN,S-ZF-UN,S-ZC-BO,S-ZH-BR,S-ZD-BR,S-ZE-BR,S-ZD-BO,S-ZO-UN,B-ZB-BR,B-ZF-BR,B-ZE-BR,B-ZE-BO,S-ZO-BR,S-ZE-UN,B-ZB-BR
238,2011.12.10 00:00,NZDUSD,60,86400,SELL,ZE,1,0.78762,0.77095,1667.0,0.77568,0.76357,1211.0,72.645,71.63,473.0,393.4,0.77568,0.77095,0.75884,BREAK,2011.12.13 22:00,0,,0,,0,,0,NA,Other,BREAK,2011.12.14 17:00,BOUNCE,2011.12.15 16:00,0.79235,BOUNCE,2012.01.10 04:00,0,,0,,0,,0,NA,Asia,NA,,NA,,0.76622,BREAK,2011.12.12 12:00,0,,0,,0,,0,NA,London,BOUNCE,2011.12.13 17:00,NA,,0.78041,BOUNCE,2011.12.30 19:00,0,,0,,0,,0,NA,NewYork,NA,,NA,,B-ZO-BO,S-ZO-BR,B-ZH-BR,B-ZE-BR,B-ZD-BO,B-ZF-BR,S-ZH-UN,S-ZF-UN,S-ZC-BO,S-ZH-BR,S-ZD-BO,S-ZO-UN,B-ZB-BR,B-ZF-BR,B-ZE-BR,B-ZE-BO,S-ZO-BR,S-ZE-UN,B-ZB-BR,S-ZB-UN
239,2011.12.14 00:00,NZDUSD,60,86400,SELL,ZD,1,0.77461,0.76092,1369.0,0.76724,0.75509,1215.0,88.751,53.83,632.0,323.1,0.76724,0.76092,0.74877,BOUNCE,2011.12.14 19:00,1,2011.12.16 10:00,1,2011.12.21 09:00,1,2011.12.30 19:00,3,2w 2d,NewYork,NA,,NA,,0.78093,BOUNCE,2011.12.30 19:00,0,,0,,0,,0,NA,NewYork,NA,,NA,,0.75460,BREAK,2011.12.14 04:00,0,,0,,0,,0,NA,Asia,BOUNCE,2011.12.15 16:00,NA,,0.77356,BREAK,2011.12.21 09:00,0,,0,,0,,0,NA,London,BREAK,2012.01.03 07:00,BREAK,2012.01.03 18:00,S-ZE-BR,B-ZO-BO,S-ZO-BR,B-ZH-BR,B-ZE-BR,B-ZD-BO,B-ZF-BR,S-ZH-UN,S-ZF-UN,S-ZC-BO,S-ZO-UN,B-ZB-BR,B-ZF-BR,B-ZE-BR,B-ZE-BO,S-ZO-BR,S-ZE-UN,B-ZB-BR,S-ZB-UN,S-ZE-UN
240,2011.12.16 00:00,NZDUSD,60,86400,SELL,ZO,0,0.75764,0.74864,900.0,0.75534,0.74598,936.0,104.000,25.56,670.0,212.4,0.75534,0.74864,0.73928,UNTOUCHED,,0,,0,,0,,0,NA,Other,NA,,NA,,0.76434,BREAK,2011.12.20 16:00,0,,0,,0,,0,NA,NewYork,BREAK,2011.12.21 09:00,BOUNCE,2011.12.28 18:00,0.74194,UNTOUCHED,,0,,0,,0,,0,NA,Other,NA,,NA,,0.76204,BREAK,2011.12.16 13:00,0,,0,,0,,0,NA,NewYork,BREAK,2011.12.20 17:00,BOUNCE,2011.12.21 15:00,S-ZD-BO,S-ZE-BR,B-ZO-BO,S-ZO-BR,B-ZH-BR,B-ZE-BR,B-ZD-BO,B-ZF-BR,S-ZH-UN,S-ZF-UN,B-ZB-BR,B-ZF-BR,B-ZE-BR,B-ZE-BO,S-ZO-BR,S-ZE-UN,B-ZB-BR,S-ZB-UN,S-ZE-UN,B-ZB-BR
241,2011.12.17 00:00,NZDUSD,60,86400,BUY,ZB,1,0.75534,0.74598,936.0,0.76432,0.75205,1227.0,131.090,64.85,329.0,220.9,0.75534,0.75205,0.76761,BREAK,2011.12.20 17:00,0,,0,,0,,0,NA,NewYork,BOUNCE,2011.12.21 00:00,NA,,0.74269,UNTOUCHED,,0,,0,,0,,0,NA,Other,NA,,NA,,0.75863,BREAK,2011.12.17 00:00,0,,0,,0,,0,NA,Asia,BOUNCE,2011.12.19 04:00,NA,,0.74876,UNTOUCHED,,0,,0,,0,,0,NA,Other,NA,,NA,,S-ZO-UN,S-ZD-BO,S-ZE-BR,B-ZO-BO,S-ZO-BR,B-ZH-BR,B-ZE-BR,B-ZD-BO,B-ZF-BR,S-ZH-UN,B-ZF-BR,B-ZE-BR,B-ZE-BO,S-ZO-BR,S-ZE-UN,B-ZB-BR,S-ZB-UN,S-ZE-UN,B-ZB-BR,S-ZE-UN
242,2011.12.21 00:00,NZDUSD,60,86400,BUY,ZF,1,0.76277,0.75415,862.0,0.77165,0.75436,1729.0,200.580,2.44,841.0,203.4,0.76277,0.75436,0.78006,BREAK,2011.12.30 19:00,0,,0,,0,,0,NA,NewYork,BREAK,2012.01.03 22:00,BOUNCE,2012.01.13 18:00,0.74574,UNTOUCHED,,0,,0,,0,,0,NA,Other,NA,,NA,,0.77118,BREAK,2011.12.21 04:00,0,,0,,0,,0,NA,Asia,BREAK,2012.01.03 02:00,BREAK,2012.01.03 18:00,0.74595,UNTOUCHED,,0,,0,,0,,0,NA,Other,NA,,NA,,B-ZB-BR,S-ZO-UN,S-ZD-BO,S-ZE-BR,B-ZO-BO,S-ZO-BR,B-ZH-BR,B-ZE-BR,B-ZD-BO,B-ZF-BR,B-ZE-BR,B-ZE-BO,S-ZO-BR,S-ZE-UN,B-ZB-BR,S-ZB-UN,S-ZE-UN,B-ZB-BR,S-ZE-UN,B-ZF-BO
243,2011.12.22 00:00,NZDUSD,60,86400,BUY,ZE,1,0.77165,0.75436,1729.0,0.77736,0.76522,1214.0,70.214,62.81,643.0,408.0,0.77165,0.76522,0.78379,BREAK,2012.01.03 08:00,0,,0,,0,,0,NA,London,BOUNCE,2012.01.05 11:00,NA,,0.74793,UNTOUCHED,,0,,0,,0,,0,NA,Other,NA,,NA,,0.77808,BREAK,2011.12.30 18:00,0,,0,,0,,0,NA,NewYork,BREAK,2012.01.03 14:00,BREAK,2012.01.10 12:00,0.75879,UNTOUCHED,,0,,0,,0,,0,NA,Other,NA,,NA,,B-ZF-BR,B-ZB-BR,S-ZO-UN,S-ZD-BO,S-ZE-BR,B-ZO-BO,S-ZO-BR,B-ZH-BR,B-ZE-BR,B-ZD-BO,B-ZE-BO,S-ZO-BR,S-ZE-UN,B-ZB-BR,S-ZB-UN,S-ZE-UN,B-ZB-BR,S-ZE-UN,B-ZF-BO,B-ZB-BO
244,2011.12.24 00:00,NZDUSD,60,86400,BUY,ZE,1,0.77499,0.76637,862.0,0.77542,0.77172,370.0,42.923,62.06,327.0,203.4,0.77499,0.77172,0.77869,BOUNCE,2011.12.30 18:00,0,,0,,0,,0,NA,NewYork,NA,,NA,,0.76310,UNTOUCHED,,0,,0,,0,,0,NA,Other,NA,,NA,,0.77826,BOUNCE,2011.12.30 18:00,0,,0,,0,,0,NA,NewYork,NA,,NA,,0.76845,BREAK,2011.12.28 19:00,0,,0,,0,,0,NA,NewYork,BOUNCE,2011.12.29 17:00,NA,,B-ZE-BR,B-ZF-BR,B-ZB-BR,S-ZO-UN,S-ZD-BO,S-ZE-BR,B-ZO-BO,S-ZO-BR,B-ZH-BR,B-ZE-BR,S-ZO-BR,S-ZE-UN,B-ZB-BR,S-ZB-UN,S-ZE-UN,B-ZB-BR,S-ZE-UN,B-ZF-BO,B-ZB-BO,S-ZO-UN
245,2011.12.27 00:00,NZDUSD,60,86400,SELL,ZO,0,0.77444,0.77329,115.0,0.77416,0.77266,150.0,130.435,24.35,87.0,27.1,0.77416,0.77329,0.77179,BREAK,2011.12.27 18:00,0,,0,,0,,0,NA,NewYork,BOUNCE,2011.12.27 19:00,NA,,0.77531,BREAK,2011.12.28 12:00,0,,0,,0,,0,NA,London,BREAK,2011.12.28 14:00,BREAK,2011.12.28 15:00,0.77242,BREAK,2011.12.27 17:00,0,,0,,0,,0,NA,NewYork,BREAK,2011.12.27 18:00,BOUNCE,2011.12.27 19:00,0.77503,BOUNCE,2011.12.28 05:00,1,2011.12.28 17:00,1,2011.12.28 17:00,0,,2,12h,Asia,NA,,NA,,B-ZE-BO,B-ZE-BR,B-ZF-BR,B-ZB-BR,S-ZO-UN,S-ZD-BO,S-ZE-BR,B-ZO-BO,S-ZO-BR,B-ZH-BR,S-ZE-UN,B-ZB-BR,S-ZB-UN,S-ZE-UN,B-ZB-BR,S-ZE-UN,B-ZF-BO,B-ZB-BO,S-ZO-UN,B-ZC-BO
246,2011.12.30 00:00,NZDUSD,60,86400,SELL,ZE,1,0.77807,0.76722,1085.0,0.77170,0.76515,655.0,60.369,58.71,448.0,256.1,0.77170,0.76722,0.76067,UNTOUCHED,,0,,0,,0,,0,NA,Other,NA,,NA,,0.78255,BREAK,2012.01.03 05:00,0,,0,,0,,0,NA,Asia,BREAK,2012.01.03 18:00,BREAK,2012.01.10 08:00,0.76274,UNTOUCHED,,0,,0,,0,,0,NA,Other,NA,,NA,,0.77618,BREAK,2011.12.30 18:00,0,,0,,0,,0,NA,NewYork,BOUNCE,2012.01.02 07:00,NA,,S-ZO-BR,B-ZE-BO,B-ZE-BR,B-ZF-BR,B-ZB-BR,S-ZO-UN,S-ZD-BO,S-ZE-BR,B-ZO-BO,S-ZO-BR,B-ZB-BR,S-ZB-UN,S-ZE-UN,B-ZB-BR,S-ZE-UN,B-ZF-BO,B-ZB-BO,S-ZO-UN,B-ZC-BO,B-ZB-BO
247,2012.01.04 00:00,NZDUSD,60,86400,BUY,ZB,1,0.77944,0.77443,501.0,0.79058,0.77741,1317.0,262.874,59.48,203.0,118.2,0.77944,0.77741,0.79261,BREAK,2012.01.10 06:00,0,,0,,0,,0,NA,Asia,BREAK,2012.01.10 16:00,BOUNCE,2012.01.12 10:00,0.77240,UNTOUCHED,,0,,0,,0,,0,NA,Other,NA,,NA,,0.78147,BREAK,2012.01.04 00:00,0,,0,,0,,0,NA,Asia,BREAK,2012.01.04 01:00,BREAK,2012.01.04 02:00,0.77538,UNTOUCHED,,0,,0,,0,,0,NA,Other,NA,,NA,,S-ZE-UN,S-ZO-BR,B-ZE-BO,B-ZE-BR,B-ZF-BR,B-ZB-BR,S-ZO-UN,S-ZD-BO,S-ZE-BR,B-ZO-BO,S-ZB-UN,S-ZE-UN,B-ZB-BR,S-ZE-UN,B-ZF-BO,B-ZB-BO,S-ZO-UN,B-ZC-BO,B-ZB-BO,S-ZF-BO
248,2012.01.06 00:00,NZDUSD,60,86400,SELL,ZB,1,0.79043,0.78518,525.0,0.78777,0.77921,856.0,163.048,50.67,259.0,123.9,0.78777,0.78518,0.77662,UNTOUCHED,,0,,0,,0,,0,NA,Other,NA,,NA,,0.79302,BREAK,2012.01.10 06:00,0,,0,,0,,0,NA,Asia,BOUNCE,2012.01.10 20:00,NA,,0.78259,BREAK,2012.01.06 00:00,0,,0,,0,,0,NA,Asia,BREAK,2012.01.06 08:00,UNTOUCHED,,0.79036,BREAK,2012.01.10 04:00,0,,0,,0,,0,NA,Asia,BREAK,2012.01.10 12:00,BOUNCE,2012.01.10 20:00,B-ZB-BR,S-ZE-UN,S-ZO-BR,B-ZE-BO,B-ZE-BR,B-ZF-BR,B-ZB-BR,S-ZO-UN,S-ZD-BO,S-ZE-BR,S-ZE-UN,B-ZB-BR,S-ZE-UN,B-ZF-BO,B-ZB-BO,S-ZO-UN,B-ZC-BO,B-ZB-BO,S-ZF-BO,B-ZF-BO
249,2012.01.07 00:00,NZDUSD,60,86400,SELL,ZE,1,0.78777,0.77921,856.0,0.78366,0.77719,647.0,75.584,48.01,445.0,202.0,0.78366,0.77921,0.77274,UNTOUCHED,,0,,0,,0,,0,NA,Other,NA,,NA,,0.79222,BOUNCE,2012.01.10 04:00,0,,0,,0,,0,NA,Asia,NA,,NA,,0.77476,UNTOUCHED,,0,,0,,0,,0,NA,Other,NA,,NA,,0.78811,BREAK,2012.01.09 23:00,0,,0,,0,,0,NA,Other,BREAK,2012.01.10 12:00,BOUNCE,2012.01.12 18:00,S-ZB-UN,B-ZB-BR,S-ZE-UN,S-ZO-BR,B-ZE-BO,B-ZE-BR,B-ZF-BR,B-ZB-BR,S-ZO-UN,S-ZD-BO,B-ZB-BR,S-ZE-UN,B-ZF-BO,B-ZB-BO,S-ZO-UN,B-ZC-BO,B-ZB-BO,S-ZF-BO,B-ZF-BO,B-ZF-BO
250,2012.01.12 00:00,NZDUSD,60,86400,BUY,ZB,1,0.79636,0.78639,997.0,0.79716,0.79236,480.0,48.144,59.88,400.0,235.3,0.79636,0.79236,0.80116,BREAK,2012.01.17 10:00,0,,0,,0,,0,NA,London,BREAK,2012.01.18 18:00,BREAK,2012.01.23 14:00,0.78239,UNTOUCHED,,0,,0,,0,,0,NA,Other,NA,,NA,,0.80036,BREAK,2012.01.17 10:00,0,,0,,0,,0,NA,London,BREAK,2012.01.18 13:00,BREAK,2012.01.23 13:00,0.78836,BOUNCE,2012.01.13 18:00,1,2012.01.17 10:00,1,2012.01.17 10:00,0,,2,3d 16h,NewYork,NA,,NA,,S-ZE-UN,S-ZB-UN,B-ZB-BR,S-ZE-UN,S-ZO-BR,B-ZE-BO,B-ZE-BR,B-ZF-BR,B-ZB-BR,S-ZO-UN,S-ZE-UN,B-ZF-BO,B-ZB-BO,S-ZO-UN,B-ZC-BO,B-ZB-BO,S-ZF-BO,B-ZF-BO,B-ZF-BO,B-ZC-BO
251,2012.01.14 00:00,NZDUSD,60,86400,SELL,ZE,1,0.79789,0.79077,712.0,0.79518,0.78643,875.0,122.893,38.06,441.0,168.0,0.79518,0.79077,0.78202,UNTOUCHED,,0,,0,,0,,0,NA,Other,NA,,NA,,0.80230,BOUNCE,2012.01.17 12:00,0,,0,,0,,0,NA,London,NA,,NA,,0.78636,UNTOUCHED,,0,,0,,0,,0,NA,Other,NA,,NA,,0.79959,BREAK,2012.01.17 10:00,0,,0,,0,,0,NA,London,BREAK,2012.01.18 13:00,BREAK,2012.01.23 13:00,B-ZB-BR,S-ZE-UN,S-ZB-UN,B-ZB-BR,S-ZE-UN,S-ZO-BR,B-ZE-BO,B-ZE-BR,B-ZF-BR,B-ZB-BR,B-ZF-BO,B-ZB-BO,S-ZO-UN,B-ZC-BO,B-ZB-BO,S-ZF-BO,B-ZF-BO,B-ZF-BO,B-ZC-BO,S-ZD-BR
252,2012.01.18 00:00,NZDUSD,60,86400,BUY,ZF,1,0.79650,0.79159,491.0,0.80298,0.79260,1038.0,211.405,20.57,390.0,115.9,0.79650,0.79260,0.80688,BOUNCE,2012.01.18 18:00,0,,0,,0,,0,NA,NewYork,NA,,NA,,0.78769,UNTOUCHED,,0,,0,,0,,0,NA,Other,NA,,NA,,0.80040,BREAK,2012.01.18 00:00,0,,0,,0,,0,NA,Asia,BREAK,2012.01.18 13:00,BREAK,2012.01.23 13:00,0.78870,UNTOUCHED,,0,,0,,0,,0,NA,Other,NA,,NA,,S-ZE-UN,B-ZB-BR,S-ZE-UN,S-ZB-UN,B-ZB-BR,S-ZE-UN,S-ZO-BR,B-ZE-BO,B-ZE-BR,B-ZF-BR,B-ZB-BO,S-ZO-UN,B-ZC-BO,B-ZB-BO,S-ZF-BO,B-ZF-BO,B-ZF-BO,B-ZC-BO,S-ZD-BR,B-ZD-BO
253,2012.01.19 00:00,NZDUSD,60,86400,BUY,ZB,1,0.80298,0.79260,1038.0,0.80801,0.79889,912.0,87.861,60.60,409.0,245.0,0.80298,0.79889,0.81210,BOUNCE,2012.01.23 14:00,0,,0,,0,,0,NA,NewYork,NA,,NA,,0.78851,UNTOUCHED,,0,,0,,0,,0,NA,Other,NA,,NA,,0.80707,BOUNCE,2012.01.19 00:00,0,,0,,0,,0,NA,Asia,NA,,NA,,0.79480,UNTOUCHED,,0,,0,,0,,0,NA,Other,NA,,NA,,B-ZF-BO,S-ZE-UN,B-ZB-BR,S-ZE-UN,S-ZB-UN,B-ZB-BR,S-ZE-UN,S-ZO-BR,B-ZE-BO,B-ZE-BR,S-ZO-UN,B-ZC-BO,B-ZB-BO,S-ZF-BO,B-ZF-BO,B-ZF-BO,B-ZC-BO,S-ZD-BR,B-ZD-BO,B-ZO-BR
254,2012.01.21 00:00,NZDUSD,60,86400,SELL,ZO,0,0.80753,0.80006,747.0,0.80600,0.79938,662.0,88.621,20.48,594.0,176.3,0.80600,0.80006,0.79344,UNTOUCHED,,0,,0,,0,,0,NA,Other,NA,,NA,,0.81347,BOUNCE,2012.01.23 16:00,0,,0,,0,,0,NA,NewYork,NA,,NA,,0.79412,UNTOUCHED,,0,,0,,0,,0,NA,Other,NA,,NA,,0.81194,BREAK,2012.01.23 14:00,0,,0,,0,,0,NA,NewYork,BREAK,2012.01.26 10:00,BOUNCE,2012.01.30 10:00,B-ZB-BO,B-ZF-BO,S-ZE-UN,B-ZB-BR,S-ZE-UN,S-ZB-UN,B-ZB-BR,S-ZE-UN,S-ZO-BR,B-ZE-BO,B-ZC-BO,B-ZB-BO,S-ZF-BO,B-ZF-BO,B-ZF-BO,B-ZC-BO,S-ZD-BR,B-ZD-BO,B-ZO-BR,S-ZO-BO
255,2012.01.27 00:00,NZDUSD,60,86400,BUY,ZC,1,0.81910,0.80395,1515.0,0.82338,0.81541,797.0,52.607,75.64,369.0,357.5,0.81910,0.81541,0.82707,BOUNCE,2012.01.31 12:00,1,2012.03.06 04:00,1,2012.03.06 17:00,0,,2,5w 0d,London,NA,,NA,,0.80026,UNTOUCHED,,0,,0,,0,,0,NA,Other,NA,,NA,,0.82279,BOUNCE,2012.01.27 11:00,1,2012.03.06 17:00,0,,0,,1,5w 4d,London,NA,,NA,,0.81172,BOUNCE,2012.03.06 17:00,1,2012.03.08 11:00,1,2012.03.08 11:00,0,,2,1d 18h,NewYork,NA,,NA,,S-ZO-UN,B-ZB-BO,B-ZF-BO,S-ZE-UN,B-ZB-BR,S-ZE-UN,S-ZB-UN,B-ZB-BR,S-ZE-UN,S-ZO-BR,B-ZB-BO,S-ZF-BO,B-ZF-BO,B-ZF-BO,B-ZC-BO,S-ZD-BR,B-ZD-BO,B-ZO-BR,S-ZO-BO,S-ZG-BR
256,2012.01.28 00:00,NZDUSD,60,86400,BUY,ZB,1,0.82338,0.81541,797.0,0.82482,0.81870,612.0,76.788,41.28,468.0,188.1,0.82338,0.81870,0.82950,BOUNCE,2012.01.31 17:00,1,2012.03.06 00:00,1,2012.03.06 06:00,1,2012.03.06 18:00,3,5w 0d,NewYork,NA,,NA,,0.81073,BOUNCE,2012.03.06 18:00,1,2012.03.08 08:00,0,,0,,1,1d 14h,NewYork,NA,,NA,,0.82806,BREAK,2012.01.31 12:00,0,,0,,0,,0,NA,London,BREAK,2012.02.01 19:00,BOUNCE,2012.02.06 03:00,0.81402,BREAK,2012.03.06 06:00,0,,0,,0,,0,NA,Asia,BREAK,2012.03.14 18:00,UNTOUCHED,,B-ZC-BO,S-ZO-UN,B-ZB-BO,B-ZF-BO,S-ZE-UN,B-ZB-BR,S-ZE-UN,S-ZB-UN,B-ZB-BR,S-ZE-UN,S-ZF-BO,B-ZF-BO,B-ZF-BO,B-ZC-BO,S-ZD-BR,B-ZD-BO,B-ZO-BR,S-ZO-BO,S-ZG-BR,B-ZC-BO
257,2012.01.31 00:00,NZDUSD,60,86400,SELL,ZF,1,0.82447,0.82247,200.0,0.82374,0.81543,831.0,415.500,36.50,127.0,47.2,0.82374,0.82247,0.81416,BOUNCE,2012.03.06 06:00,1,2012.03.07 06:00,1,2012.03.08 12:00,1,2012.03.08 13:00,3,2d 7h,Asia,NA,,NA,,0.82574,BREAK,2012.01.31 11:00,0,,0,,0,,0,NA,London,BREAK,2012.01.31 12:00,BREAK,2012.01.31 13:00,0.82120,BREAK,2012.01.31 00:00,0,,0,,0,,0,NA,Asia,BREAK,2012.01.31 01:00,BOUNCE,2012.01.31 03:00,0.82501,BREAK,2012.01.31 11:00,0,,0,,0,,0,NA,London,BREAK,2012.01.31 12:00,BREAK,2012.01.31 13:00,B-ZB-BO,B-ZC-BO,S-ZO-UN,B-ZB-BO,B-ZF-BO,S-ZE-UN,B-ZB-BR,S-ZE-UN,S-ZB-UN,B-ZB-BR,B-ZF-BO,B-ZF-BO,B-ZC-BO,S-ZD-BR,B-ZD-BO,B-ZO-BR,S-ZO-BO,S-ZG-BR,B-ZC-BO,S-ZC-BO
258,2012.02.01 00:00,NZDUSD,60,86400,BUY,ZF,1,0.82374,0.81543,831.0,0.82997,0.81796,1201.0,144.525,30.45,578.0,196.1,0.82374,0.81796,0.83575,BOUNCE,2012.02.02 18:00,1,2012.03.05 11:00,1,2012.03.06 13:00,0,,2,4w 4d,NewYork,NA,,NA,,0.80965,UNTOUCHED,,0,,0,,0,,0,NA,Other,NA,,NA,,0.82952,BREAK,2012.02.01 14:00,0,,0,,0,,0,NA,NewYork,BOUNCE,2012.02.03 04:00,NA,,0.81218,BREAK,2012.03.06 13:00,0,,0,,0,,0,NA,NewYork,BOUNCE,2012.03.15 10:00,NA,,S-ZF-BO,B-ZB-BO,B-ZC-BO,S-ZO-UN,B-ZB-BO,B-ZF-BO,S-ZE-UN,B-ZB-BR,S-ZE-UN,S-ZB-UN,B-ZF-BO,B-ZC-BO,S-ZD-BR,B-ZD-BO,B-ZO-BR,S-ZO-BO,S-ZG-BR,B-ZC-BO,S-ZC-BO,B-ZE-BO
259,2012.02.02 00:00,NZDUSD,60,86400,BUY,ZF,0,0.82997,0.81796,1201.0,0.83553,0.82114,1439.0,119.817,26.48,883.0,283.4,0.82997,0.82114,0.84436,BOUNCE,2012.02.29 13:00,1,2012.03.05 10:00,1,2012.03.06 13:00,0,,2,6d 0h,NewYork,NA,,NA,,0.80913,UNTOUCHED,,0,,0,,0,,0,NA,Other,NA,,NA,,0.83880,BOUNCE,2012.02.08 15:00,1,2012.03.06 13:00,0,,0,,1,3w 5d,NewYork,NA,,NA,,0.81231,BOUNCE,2012.03.06 13:00,0,,0,,0,,0,NA,NewYork,NA,,NA,,B-ZF-BO,S-ZF-BO,B-ZB-BO,B-ZC-BO,S-ZO-UN,B-ZB-BO,B-ZF-BO,S-ZE-UN,B-ZB-BR,S-ZE-UN,B-ZC-BO,S-ZD-BR,B-ZD-BO,B-ZO-BR,S-ZO-BO,S-ZG-BR,B-ZC-BO,S-ZC-BO,B-ZE-BO,S-ZB-BR
260,2012.02.03 00:00,NZDUSD,60,86400,BUY,ZC,1,0.83553,0.82114,1439.0,0.83674,0.83090,584.0,40.584,67.82,463.0,339.6,0.83553,0.83090,0.84137,BOUNCE,2012.02.15 13:00,1,2012.02.16 01:00,1,2012.02.16 05:00,1,2012.03.06 04:00,3,2w 5d,NewYork,NA,,NA,,0.81651,BOUNCE,2012.03.06 04:00,1,2012.03.08 13:00,0,,0,,1,2d 9h,Asia,NA,,NA,,0.84016,BOUNCE,2012.02.08 16:00,1,2012.02.10 15:00,1,2012.03.06 04:00,0,,2,3w 5d,NewYork,NA,,NA,,0.82627,BOUNCE,2012.02.10 15:00,1,2012.02.15 11:00,1,2012.02.15 11:00,0,,2,4d 20h,NewYork,NA,,NA,,B-ZF-BO,B-ZF-BO,S-ZF-BO,B-ZB-BO,B-ZC-BO,S-ZO-UN,B-ZB-BO,B-ZF-BO,S-ZE-UN,B-ZB-BR,S-ZD-BR,B-ZD-BO,B-ZO-BR,S-ZO-BO,S-ZG-BR,B-ZC-BO,S-ZC-BO,B-ZE-BO,S-ZB-BR,S-ZD-BO
261,2012.02.07 00:00,NZDUSD,60,86400,SELL,ZD,1,0.83576,0.83439,137.0,0.83476,0.82851,625.0,456.204,72.99,37.0,32.3,0.83476,0.83439,0.82814,BREAK,2012.02.10 10:00,0,,0,,0,,0,NA,London,BOUNCE,2012.02.10 11:00,NA,,0.83613,BOUNCE,2012.02.07 06:00,1,2012.02.07 07:00,1,2012.02.07 07:00,1,2012.02.10 10:00,3,3d 4h,Asia,NA,,NA,,0.83402,BREAK,2012.02.07 00:00,0,,0,,0,,0,NA,Asia,BREAK,2012.02.07 01:00,BOUNCE,2012.02.07 02:00,0.83513,BREAK,2012.02.07 06:00,0,,0,,0,,0,NA,Asia,BREAK,2012.02.07 10:00,BREAK,2012.02.07 11:00,B-ZC-BO,B-ZF-BO,B-ZF-BO,S-ZF-BO,B-ZB-BO,B-ZC-BO,S-ZO-UN,B-ZB-BO,B-ZF-BO,S-ZE-UN,B-ZD-BO,B-ZO-BR,S-ZO-BO,S-ZG-BR,B-ZC-BO,S-ZC-BO,B-ZE-BO,S-ZB-BR,S-ZD-BO,S-ZO-BR
262,2012.02.08 00:00,NZDUSD,60,86400,BUY,ZD,1,0.83476,0.82851,625.0,0.83719,0.83117,602.0,96.320,42.56,359.0,147.5,0.83476,0.83117,0.84078,BOUNCE,2012.02.15 12:00,1,2012.02.15 22:00,1,2012.02.16 05:00,1,2012.02.16 09:00,3,21h,London,NA,,NA,,0.82492,BOUNCE,2012.02.10 15:00,1,2012.02.13 06:00,1,2012.02.15 06:00,1,2012.02.15 12:00,3,4d 21h,NewYork,NA,,NA,,0.83835,BREAK,2012.02.08 11:00,0,,0,,0,,0,NA,London,BOUNCE,2012.02.15 16:00,NA,,0.82758,BREAK,2012.02.10 11:00,0,,0,,0,,0,NA,London,BREAK,2012.03.05 12:00,BREAK,2012.03.06 04:00,S-ZD-BR,B-ZC-BO,B-ZF-BO,B-ZF-BO,S-ZF-BO,B-ZB-BO,B-ZC-BO,S-ZO-UN,B-ZB-BO,B-ZF-BO,B-ZO-BR,S-ZO-BO,S-ZG-BR,B-ZC-BO,S-ZC-BO,B-ZE-BO,S-ZB-BR,S-ZD-BO,S-ZO-BR,B-ZO-UN
263,2012.02.09 00:00,NZDUSD,60,86400,BUY,ZO,0,0.83719,0.83117,602.0,0.84057,0.83246,811.0,134.718,21.43,473.0,142.1,0.83719,0.83246,0.84530,BREAK,2012.02.29 13:00,0,,0,,0,,0,NA,NewYork,UNTOUCHED,,NA,,0.82644,BREAK,2012.02.10 15:00,0,,0,,0,,0,NA,NewYork,BREAK,2012.03.06 00:00,BREAK,2012.03.06 06:00,0.84192,BOUNCE,2012.02.15 13:00,1,2012.02.16 05:00,1,2012.02.16 05:00,0,,2,16h,NewYork,NA,,NA,,0.82773,BREAK,2012.02.10 10:00,0,,0,,0,,0,NA,London,BREAK,2012.03.05 14:00,BREAK,2012.03.06 04:00,B-ZD-BO,S-ZD-BR,B-ZC-BO,B-ZF-BO,B-ZF-BO,S-ZF-BO,B-ZB-BO,B-ZC-BO,S-ZO-UN,B-ZB-BO,S-ZO-BO,S-ZG-BR,B-ZC-BO,S-ZC-BO,B-ZE-BO,S-ZB-BR,S-ZD-BO,S-ZO-BR,B-ZO-UN,S-ZE-BR
264,2012.02.10 00:00,NZDUSD,60,86400,SELL,ZO,0,0.84057,0.83246,811.0,0.83766,0.83187,579.0,71.393,35.88,520.0,191.4,0.83766,0.83246,0.82667,BOUNCE,2012.02.10 15:00,1,2012.02.13 11:00,1,2012.02.29 05:00,1,2012.02.29 13:00,3,2w 4d,NewYork,NA,,NA,,0.84577,BOUNCE,2012.02.29 13:00,1,2012.02.29 23:00,1,2012.03.05 06:00,1,2012.03.05 10:00,3,4d 21h,NewYork,NA,,NA,,0.82726,BREAK,2012.02.10 15:00,0,,0,,0,,0,NA,NewYork,BREAK,2012.03.06 00:00,BREAK,2012.03.06 06:00,0.84286,BREAK,2012.02.29 05:00,0,,0,,0,,0,NA,Asia,UNTOUCHED,,NA,,B-ZO-BR,B-ZD-BO,S-ZD-BR,B-ZC-BO,B-ZF-BO,B-ZF-BO,S-ZF-BO,B-ZB-BO,B-ZC-BO,S-ZO-UN,S-ZG-BR,B-ZC-BO,S-ZC-BO,B-ZE-BO,S-ZB-BR,S-ZD-BO,S-ZO-BR,B-ZO-UN,S-ZE-BR,S-ZF-BR
265,2012.02.15 00:00,NZDUSD,60,86400,SELL,ZG,0,0.83737,0.82878,859.0,0.83487,0.82720,767.0,89.290,29.10,609.0,202.7,0.83487,0.82878,0.82111,BREAK,2012.03.05 14:00,0,,0,,0,,0,NA,NewYork,BREAK,2012.03.06 13:00,BREAK,2012.03.14 18:00,0.84346,BREAK,2012.02.29 05:00,0,,0,,0,,0,NA,Asia,UNTOUCHED,,NA,,0.82269,BREAK,2012.03.05 12:00,0,,0,,0,,0,NA,London,BREAK,2012.03.06 06:00,BOUNCE,2012.03.07 06:00,0.84096,BOUNCE,2012.02.15 13:00,1,2012.03.05 12:00,1,2012.03.05 12:00,0,,2,2w 4d,NewYork,NA,,NA,,S-ZO-BO,B-ZO-BR,B-ZD-BO,S-ZD-BR,B-ZC-BO,B-ZF-BO,B-ZF-BO,S-ZF-BO,B-ZB-BO,B-ZC-BO,B-ZC-BO,S-ZC-BO,B-ZE-BO,S-ZB-BR,S-ZD-BO,S-ZO-BR,B-ZO-UN,S-ZE-BR,S-ZF-BR,B-ZF-UN
266,2012.02.16 00:00,NZDUSD,60,86400,BUY,ZC,1,0.83487,0.82720,767.0,0.84203,0.83125,1078.0,140.548,52.80,362.0,181.0,0.83487,0.83125,0.84565,BOUNCE,2012.02.29 13:00,1,2012.02.29 21:00,1,2012.03.05 06:00,1,2012.03.05 11:00,3,4d 22h,NewYork,NA,,NA,,0.82358,BOUNCE,2012.03.05 11:00,0,,0,,0,,0,NA,London,NA,,NA,,0.83849,BREAK,2012.02.20 02:00,0,,0,,0,,0,NA,Asia,BREAK,2012.02.29 13:00,BOUNCE,2012.02.29 18:00,0.82763,BREAK,2012.02.16 05:00,0,,0,,0,,0,NA,Asia,BREAK,2012.03.05 13:00,BREAK,2012.03.06 04:00,S-ZG-BR,S-ZO-BO,B-ZO-BR,B-ZD-BO,S-ZD-BR,B-ZC-BO,B-ZF-BO,B-ZF-BO,S-ZF-BO,B-ZB-BO,S-ZC-BO,B-ZE-BO,S-ZB-BR,S-ZD-BO,S-ZO-BR,B-ZO-UN,S-ZE-BR,S-ZF-BR,B-ZF-UN,B-ZB-BO
267,2012.02.17 00:00,NZDUSD,60,86400,SELL,ZC,1,0.84203,0.83125,1078.0,0.83423,0.82441,982.0,91.095,72.36,298.0,254.4,0.83423,0.83125,0.82143,BOUNCE,2012.03.05 14:00,1,2012.03.08 14:00,0,,0,,1,3d 0h,NewYork,NA,,NA,,0.84501,BOUNCE,2012.02.29 13:00,1,2012.02.29 19:00,1,2012.03.05 05:00,1,2012.03.05 14:00,3,5d 1h,NewYork,NA,,NA,,0.82827,BOUNCE,2012.02.22 16:00,1,2012.02.24 03:00,1,2012.02.29 13:00,0,,2,6d 21h,NewYork,NA,,NA,,0.83721,BOUNCE,2012.02.17 04:00,1,2012.02.22 16:00,1,2012.02.22 16:00,0,,2,5d 12h,Asia,NA,,NA,,B-ZC-BO,S-ZG-BR,S-ZO-BO,B-ZO-BR,B-ZD-BO,S-ZD-BR,B-ZC-BO,B-ZF-BO,B-ZF-BO,S-ZF-BO,B-ZE-BO,S-ZB-BR,S-ZD-BO,S-ZO-BR,B-ZO-UN,S-ZE-BR,S-ZF-BR,B-ZF-UN,B-ZB-BO,S-ZF-UN
268,2012.02.18 00:00,NZDUSD,60,86400,BUY,ZE,1,0.83423,0.82441,982.0,0.83811,0.83169,642.0,65.377,74.13,254.0,231.8,0.83423,0.83169,0.84065,BOUNCE,2012.02.20 02:00,1,2012.02.21 05:00,1,2012.02.22 16:00,1,2012.03.05 13:00,3,2w 0d,Asia,NA,,NA,,0.82187,BOUNCE,2012.03.05 13:00,1,2012.03.08 14:00,0,,0,,1,3d 1h,NewYork,NA,,NA,,0.83677,BREAK,2012.02.20 02:00,0,,0,,0,,0,NA,Asia,BREAK,2012.02.20 03:00,BREAK,2012.02.29 13:00,0.82915,BREAK,2012.02.22 16:00,0,,0,,0,,0,NA,NewYork,BOUNCE,2012.02.23 07:00,NA,,S-ZC-BO,B-ZC-BO,S-ZG-BR,S-ZO-BO,B-ZO-BR,B-ZD-BO,S-ZD-BR,B-ZC-BO,B-ZF-BO,B-ZF-BO,S-ZB-BR,S-ZD-BO,S-ZO-BR,B-ZO-UN,S-ZE-BR,S-ZF-BR,B-ZF-UN,B-ZB-BO,S-ZF-UN,S-ZO-UN
269,2012.02.22 00:00,NZDUSD,60,86400,SELL,ZB,1,0.84269,0.83814,455.0,0.84039,0.83246,793.0,174.286,50.55,225.0,107.4,0.84039,0.83814,0.83021,BREAK,2012.02.22 16:00,0,,0,,0,,0,NA,NewYork,BREAK,2012.02.22 18:00,BOUNCE,2012.03.05 10:00,0.84494,BOUNCE,2012.02.29 13:00,1,2012.02.29 18:00,1,2012.02.29 23:00,1,2012.03.02 20:00,3,2d 7h,NewYork,NA,,NA,,0.83589,BREAK,2012.02.22 00:00,0,,0,,0,,0,NA,Asia,BREAK,2012.02.22 03:00,BOUNCE,2012.02.22 08:00,0.84264,BREAK,2012.02.29 05:00,0,,0,,0,,0,NA,Asia,BREAK,2012.02.29 15:00,UNTOUCHED,,B-ZE-BO,S-ZC-BO,B-ZC-BO,S-ZG-BR,S-ZO-BO,B-ZO-BR,B-ZD-BO,S-ZD-BR,B-ZC-BO,B-ZF-BO,S-ZD-BO,S-ZO-BR,B-ZO-UN,S-ZE-BR,S-ZF-BR,B-ZF-UN,B-ZB-BO,S-ZF-UN,S-ZO-UN,B-ZD-BO
270,2012.02.23 00:00,NZDUSD,60,86400,SELL,ZD,1,0.84039,0.83246,793.0,0.83566,0.82615,951.0,119.924,59.65,320.0,187.1,0.83566,0.83246,0.82295,BOUNCE,2012.03.05 11:00,0,,0,,0,,0,NA,London,NA,,NA,,0.84359,BREAK,2012.02.29 05:00,0,,0,,0,,0,NA,Asia,BOUNCE,2012.02.29 18:00,NA,,0.82926,BREAK,2012.02.23 00:00,0,,0,,0,,0,NA,Asia,BREAK,2012.03.05 11:00,BREAK,2012.03.05 18:00,0.83886,BOUNCE,2012.02.24 08:00,1,2012.03.02 20:00,1,2012.03.02 20:00,0,,2,1w 0d,London,NA,,NA,,S-ZB-BR,B-ZE-BO,S-ZC-BO,B-ZC-BO,S-ZG-BR,S-ZO-BO,B-ZO-BR,B-ZD-BO,S-ZD-BR,B-ZC-BO,S-ZO-BR,B-ZO-UN,S-ZE-BR,S-ZF-BR,B-ZF-UN,B-ZB-BO,S-ZF-UN,S-ZO-UN,B-ZD-BO,S-ZF-BO
271,2012.02.24 00:00,NZDUSD,60,86400,SELL,ZO,0,0.83566,0.82615,951.0,0.83533,0.82612,921.0,96.845,3.47,918.0,224.4,0.83533,0.82615,0.81694,BREAK,2012.03.06 04:00,0,,0,,0,,0,NA,Asia,BOUNCE,2012.03.15 14:00,NA,,0.84484,BOUNCE,2012.02.29 13:00,1,2012.03.05 10:00,1,2012.03.06 04:00,1,2012.03.06 04:00,3,5d 15h,NewYork,NA,,NA,,0.81697,BREAK,2012.03.06 04:00,0,,0,,0,,0,NA,Asia,BOUNCE,2012.03.15 14:00,NA,,0.84451,BREAK,2012.02.29 13:00,0,,0,,0,,0,NA,NewYork,UNTOUCHED,,NA,,S-ZD-BO,S-ZB-BR,B-ZE-BO,S-ZC-BO,B-ZC-BO,S-ZG-BR,S-ZO-BO,B-ZO-BR,B-ZD-BO,S-ZD-BR,B-ZO-UN,S-ZE-BR,S-ZF-BR,B-ZF-UN,B-ZB-BO,S-ZF-UN,S-ZO-UN,B-ZD-BO,S-ZF-BO,S-ZC-UN
272,2012.02.29 00:00,NZDUSD,60,86400,BUY,ZO,0,0.84160,0.83201,959.0,0.84163,0.83482,681.0,71.011,29.30,678.0,226.3,0.84160,0.83482,0.84841,UNTOUCHED,,0,,0,,0,,0,NA,Other,NA,,NA,,0.82523,BREAK,2012.03.05 11:00,0,,0,,0,,0,NA,London,BREAK,2012.03.06 06:00,BOUNCE,2012.03.07 13:00,0.84838,UNTOUCHED,,0,,0,,0,,0,NA,Other,NA,,NA,,0.82804,BREAK,2012.03.05 05:00,0,,0,,0,,0,NA,Asia,BREAK,2012.03.06 04:00,BREAK,2012.03.06 13:00,S-ZO-BR,S-ZD-BO,S-ZB-BR,B-ZE-BO,S-ZC-BO,B-ZC-BO,S-ZG-BR,S-ZO-BO,B-ZO-BR,B-ZD-BO,S-ZE-BR,S-ZF-BR,B-ZF-UN,B-ZB-BO,S-ZF-UN,S-ZO-UN,B-ZD-BO,S-ZF-BO,S-ZC-UN,B-ZF-BO
273,2012.03.02 00:00,NZDUSD,60,86400,SELL,ZE,1,0.84696,0.83314,1382.0,0.84043,0.83211,832.0,60.203,47.25,729.0,326.2,0.84043,0.83314,0.82482,BREAK,2012.03.05 11:00,0,,0,,0,,0,NA,London,BREAK,2012.03.06 06:00,BOUNCE,2012.03.07 09:00,0.85425,UNTOUCHED,,0,,0,,0,,0,NA,Other,NA,,NA,,0.82585,BREAK,2012.03.05 10:00,0,,0,,0,,0,NA,London,BREAK,2012.03.06 06:00,BOUNCE,2012.03.07 13:00,0.84772,UNTOUCHED,,0,,0,,0,,0,NA,Other,NA,,NA,,B-ZO-UN,S-ZO-BR,S-ZD-BO,S-ZB-BR,B-ZE-BO,S-ZC-BO,B-ZC-BO,S-ZG-BR,S-ZO-BO,B-ZO-BR,S-ZF-BR,B-ZF-UN,B-ZB-BO,S-ZF-UN,S-ZO-UN,B-ZD-BO,S-ZF-BO,S-ZC-UN,B-ZF-BO,B-ZE-BO
274,2012.03.03 00:00,NZDUSD,60,86400,SELL,ZF,0,0.84043,0.83211,832.0,0.84004,0.82843,1161.0,139.543,4.69,793.0,196.4,0.84004,0.83211,0.82050,BREAK,2012.03.05 18:00,0,,0,,0,,0,NA,NewYork,BREAK,2012.03.06 19:00,UNTOUCHED,,0.84836,UNTOUCHED,,0,,0,,0,,0,NA,Other,NA,,NA,,0.82418,BREAK,2012.03.05 11:00,0,,0,,0,,0,NA,London,BREAK,2012.03.06 06:00,BREAK,2012.03.15 03:00,0.84797,UNTOUCHED,,0,,0,,0,,0,NA,Other,NA,,NA,,S-ZE-BR,B-ZO-UN,S-ZO-BR,S-ZD-BO,S-ZB-BR,B-ZE-BO,S-ZC-BO,B-ZC-BO,S-ZG-BR,S-ZO-BO,B-ZF-UN,B-ZB-BO,S-ZF-UN,S-ZO-UN,B-ZD-BO,S-ZF-BO,S-ZC-UN,B-ZF-BO,B-ZE-BO,S-ZG-BR
275,2012.03.09 00:00,NZDUSD,60,86400,BUY,ZF,1,0.81995,0.81150,845.0,0.82784,0.81383,1401.0,165.799,27.57,612.0,199.4,0.81995,0.81383,0.83396,UNTOUCHED,,0,,0,,0,,0,NA,Other,NA,,NA,,0.80538,UNTOUCHED,,0,,0,,0,,0,NA,Other,NA,,NA,,0.82607,BOUNCE,2012.03.09 05:00,1,2012.03.14 18:00,0,,0,,1,5d 13h,Asia,NA,,NA,,0.80771,BOUNCE,2012.03.14 18:00,1,2012.03.19 02:00,1,2012.03.19 02:00,0,,2,4d 8h,NewYork,NA,,NA,,S-ZF-BR,S-ZE-BR,B-ZO-UN,S-ZO-BR,S-ZD-BO,S-ZB-BR,B-ZE-BO,S-ZC-BO,B-ZC-BO,S-ZG-BR,B-ZB-BO,S-ZF-UN,S-ZO-UN,B-ZD-BO,S-ZF-BO,S-ZC-UN,B-ZF-BO,B-ZE-BO,S-ZG-BR,B-ZC-BO
276,2012.03.14 00:00,NZDUSD,60,86400,BUY,ZB,1,0.81951,0.81352,599.0,0.82455,0.81766,689.0,115.025,69.12,185.0,141.4,0.81951,0.81766,0.82640,BOUNCE,2012.03.19 02:00,1,2012.03.20 05:00,1,2012.03.20 14:00,1,2012.03.21 18:00,3,2d 16h,Asia,NA,,NA,,0.81167,BOUNCE,2012.03.14 13:00,1,2012.03.15 14:00,1,2012.03.16 05:00,1,2012.03.19 02:00,3,4d 13h,NewYork,NA,,NA,,0.82136,BREAK,2012.03.14 00:00,0,,0,,0,,0,NA,Asia,BREAK,2012.03.16 18:00,BOUNCE,2012.03.16 22:00,0.81581,BOUNCE,2012.03.14 11:00,1,2012.03.16 05:00,1,2012.03.16 05:00,0,,2,1d 18h,London,NA,,NA,,B-ZF-UN,S-ZF-BR,S-ZE-BR,B-ZO-UN,S-ZO-BR,S-ZD-BO,S-ZB-BR,B-ZE-BO,S-ZC-BO,B-ZC-BO,S-ZF-UN,S-ZO-UN,B-ZD-BO,S-ZF-BO,S-ZC-UN,B-ZF-BO,B-ZE-BO,S-ZG-BR,B-ZC-BO,B-ZD-BO
277,2012.03.15 00:00,NZDUSD,60,86400,SELL,ZF,1,0.82455,0.81766,689.0,0.82318,0.80676,1642.0,238.316,19.88,552.0,162.6,0.82318,0.81766,0.80124,UNTOUCHED,,0,,0,,0,,0,NA,Other,NA,,NA,,0.83007,BOUNCE,2012.04.13 02:00,1,2012.04.16 03:00,1,2012.04.19 21:00,0,,2,6d 19h,Asia,NA,,NA,,0.81214,BREAK,2012.03.15 00:00,0,,0,,0,,0,NA,Asia,BOUNCE,2012.03.15 10:00,NA,,0.82870,BREAK,2012.04.13 02:00,0,,0,,0,,0,NA,Asia,UNTOUCHED,,NA,,B-ZB-BO,B-ZF-UN,S-ZF-BR,S-ZE-BR,B-ZO-UN,S-ZO-BR,S-ZD-BO,S-ZB-BR,B-ZE-BO,S-ZC-BO,S-ZO-UN,B-ZD-BO,S-ZF-BO,S-ZC-UN,B-ZF-BO,B-ZE-BO,S-ZG-BR,B-ZC-BO,B-ZD-BO,S-ZB-BO
278,2012.03.16 00:00,NZDUSD,60,86400,SELL,ZO,0,0.82318,0.80676,1642.0,0.82126,0.80590,1536.0,93.544,11.69,1450.0,387.5,0.82126,0.80676,0.79140,UNTOUCHED,,0,,0,,0,,0,NA,Other,NA,,NA,,0.83768,UNTOUCHED,,0,,0,,0,,0,NA,Other,NA,,NA,,0.79226,UNTOUCHED,,0,,0,,0,,0,NA,Other,NA,,NA,,0.83576,UNTOUCHED,,0,,0,,0,,0,NA,Other,NA,,NA,,S-ZF-UN,B-ZB-BO,B-ZF-UN,S-ZF-BR,S-ZE-BR,B-ZO-UN,S-ZO-BR,S-ZD-BO,S-ZB-BR,B-ZE-BO,B-ZD-BO,S-ZF-BO,S-ZC-UN,B-ZF-BO,B-ZE-BO,S-ZG-BR,B-ZC-BO,B-ZD-BO,S-ZB-BO,S-ZG-BR
279,2012.03.17 00:00,NZDUSD,60,86400,BUY,ZD,1,0.82126,0.80590,1536.0,0.82569,0.81761,808.0,52.604,76.24,365.0,362.5,0.82126,0.81761,0.82934,BOUNCE,2012.04.13 02:00,1,2012.04.16 01:00,1,2012.04.19 15:00,0,,2,6d 13h,Asia,NA,,NA,,0.80225,UNTOUCHED,,0,,0,,0,,0,NA,Other,NA,,NA,,0.82491,BREAK,2012.03.19 02:00,0,,0,,0,,0,NA,Asia,BOUNCE,2012.04.13 17:00,NA,,0.81396,BOUNCE,2012.03.20 20:00,1,2012.03.27 12:00,1,2012.03.27 12:00,0,,2,6d 16h,NewYork,NA,,NA,,S-ZO-UN,S-ZF-UN,B-ZB-BO,B-ZF-UN,S-ZF-BR,S-ZE-BR,B-ZO-UN,S-ZO-BR,S-ZD-BO,S-ZB-BR,S-ZF-BO,S-ZC-UN,B-ZF-BO,B-ZE-BO,S-ZG-BR,B-ZC-BO,B-ZD-BO,S-ZB-BO,S-ZG-BR,B-ZB-UN
280,2012.03.21 00:00,NZDUSD,60,86400,SELL,ZF,1,0.82860,0.82313,547.0,0.82659,0.81365,1294.0,236.563,36.75,346.0,129.1,0.82659,0.82313,0.81019,BOUNCE,2012.03.22 00:00,1,2012.03.23 18:00,1,2012.04.13 02:00,0,,2,3w 1d,Asia,NA,,NA,,0.83206,UNTOUCHED,,0,,0,,0,,0,NA,Other,NA,,NA,,0.81967,BREAK,2012.03.21 00:00,0,,0,,0,,0,NA,Asia,BOUNCE,2012.03.21 04:00,NA,,0.83005,BREAK,2012.04.13 02:00,0,,0,,0,,0,NA,Asia,UNTOUCHED,,NA,,B-ZD-BO,S-ZO-UN,S-ZF-UN,B-ZB-BO,B-ZF-UN,S-ZF-BR,S-ZE-BR,B-ZO-UN,S-ZO-BR,S-ZD-BO,S-ZC-UN,B-ZF-BO,B-ZE-BO,S-ZG-BR,B-ZC-BO,B-ZD-BO,S-ZB-BO,S-ZG-BR,B-ZB-UN,B-ZE-UN
281,2012.03.22 00:00,NZDUSD,60,86400,SELL,ZC,1,0.82659,0.81365,1294.0,0.82162,0.81152,1010.0,78.053,38.41,797.0,305.4,0.82162,0.81365,0.80355,UNTOUCHED,,0,,0,,0,,0,NA,Other,NA,,NA,,0.83456,UNTOUCHED,,0,,0,,0,,0,NA,Other,NA,,NA,,0.80568,BOUNCE,2012.03.22 18:00,1,2012.04.13 02:00,0,,0,,1,3w 0d,NewYork,NA,,NA,,0.82959,BOUNCE,2012.04.13 02:00,0,,0,,0,,0,NA,Asia,NA,,NA,,S-ZF-BO,B-ZD-BO,S-ZO-UN,S-ZF-UN,B-ZB-BO,B-ZF-UN,S-ZF-BR,S-ZE-BR,B-ZO-UN,S-ZO-BR,B-ZF-BO,B-ZE-BO,S-ZG-BR,B-ZC-BO,B-ZD-BO,S-ZB-BO,S-ZG-BR,B-ZB-UN,B-ZE-UN,S-ZG-BR
282,2012.03.24 00:00,NZDUSD,60,86400,BUY,ZF,0,0.81544,0.80568,976.0,0.81869,0.80889,980.0,100.410,32.89,655.0,230.3,0.81544,0.80889,0.82524,BOUNCE,2012.03.27 12:00,1,2012.03.29 18:00,1,2012.05.03 11:00,1,2012.05.03 20:00,3,5w 2d,London,NA,,NA,,0.79913,BREAK,2012.05.03 20:00,0,,0,,0,,0,NA,NewYork,BREAK,2012.05.08 11:00,BREAK,2012.05.09 15:00,0.82199,BREAK,2012.03.26 16:00,0,,0,,0,,0,NA,NewYork,BREAK,2012.04.13 02:00,UNTOUCHED,,0.80234,BREAK,2012.05.03 11:00,0,,0,,0,,0,NA,London,BREAK,2012.05.07 01:00,BREAK,2012.05.08 17:00,S-ZC-UN,S-ZF-BO,B-ZD-BO,S-ZO-UN,S-ZF-UN,B-ZB-BO,B-ZF-UN,S-ZF-BR,S-ZE-BR,B-ZO-UN,B-ZE-BO,S-ZG-BR,B-ZC-BO,B-ZD-BO,S-ZB-BO,S-ZG-BR,B-ZB-UN,B-ZE-UN,S-ZG-BR,S-ZB-BR
283,2012.03.28 00:00,NZDUSD,60,86400,BUY,ZE,1,0.82359,0.81413,946.0,0.82621,0.82010,611.0,64.588,63.11,349.0,223.3,0.82359,0.82010,0.82970,BOUNCE,2012.04.13 02:00,1,2012.04.13 23:00,1,2012.04.17 05:00,1,2012.04.23 12:00,3,1w 3d,Asia,NA,,NA,,0.81064,BOUNCE,2012.04.23 12:00,1,2012.04.26 09:00,0,,0,,1,2d 21h,London,NA,,NA,,0.82708,BREAK,2012.04.12 17:00,0,,0,,0,,0,NA,NewYork,BOUNCE,2012.04.13 16:00,NA,,0.81661,BREAK,2012.03.28 17:00,0,,0,,0,,0,NA,NewYork,BOUNCE,2012.03.29 23:00,NA,,B-ZF-BO,S-ZC-UN,S-ZF-BO,B-ZD-BO,S-ZO-UN,S-ZF-UN,B-ZB-BO,B-ZF-UN,S-ZF-BR,S-ZE-BR,S-ZG-BR,B-ZC-BO,B-ZD-BO,S-ZB-BO,S-ZG-BR,B-ZB-UN,B-ZE-UN,S-ZG-BR,S-ZB-BR,S-ZB-BR
284,2012.03.30 00:00,NZDUSD,60,86400,SELL,ZG,0,0.82123,0.81478,645.0,0.81929,0.81145,784.0,121.550,30.08,451.0,152.2,0.81929,0.81478,0.80694,BREAK,2012.05.03 01:00,0,,0,,0,,0,NA,Asia,BREAK,2012.05.03 17:00,BREAK,2012.05.04 15:00,0.82574,BOUNCE,2012.04.03 04:00,1,2012.04.03 21:00,1,2012.04.23 15:00,1,2012.05.03 01:00,3,4w 1d,Asia,NA,,NA,,0.81027,BREAK,2012.04.23 15:00,0,,0,,0,,0,NA,NewYork,BREAK,2012.05.03 11:00,BREAK,2012.05.03 19:00,0.82380,BOUNCE,2012.04.02 01:00,1,2012.04.23 15:00,1,2012.04.23 15:00,0,,2,3w 0d,Asia,NA,,NA,,B-ZE-BO,B-ZF-BO,S-ZC-UN,S-ZF-BO,B-ZD-BO,S-ZO-UN,S-ZF-UN,B-ZB-BO,B-ZF-UN,S-ZF-BR,B-ZC-BO,B-ZD-BO,S-ZB-BO,S-ZG-BR,B-ZB-UN,B-ZE-UN,S-ZG-BR,S-ZB-BR,S-ZB-BR,S-ZB-BO
285,2012.03.31 00:00,NZDUSD,60,86400,BUY,ZC,1,0.81929,0.81145,784.0,0.82273,0.81611,662.0,84.439,59.44,318.0,185.0,0.81929,0.81611,0.82591,BOUNCE,2012.04.03 04:00,1,2012.04.03 21:00,1,2012.04.04 11:00,1,2012.05.03 01:00,3,4w 1d,Asia,NA,,NA,,0.80827,BREAK,2012.05.03 01:00,0,,0,,0,,0,NA,Asia,BREAK,2012.05.03 11:00,BREAK,2012.05.03 18:00,0.82247,BREAK,2012.04.02 01:00,0,,0,,0,,0,NA,Asia,BOUNCE,2012.04.03 11:00,NA,,0.81293,BOUNCE,2012.04.04 11:00,1,2012.04.09 17:00,1,2012.04.09 17:00,0,,2,5d 6h,London,NA,,NA,,S-ZG-BR,B-ZE-BO,B-ZF-BO,S-ZC-UN,S-ZF-BO,B-ZD-BO,S-ZO-UN,S-ZF-UN,B-ZB-BO,B-ZF-UN,B-ZD-BO,S-ZB-BO,S-ZG-BR,B-ZB-UN,B-ZE-UN,S-ZG-BR,S-ZB-BR,S-ZB-BR,S-ZB-BO,S-ZB-BR
286,2012.04.03 00:00,NZDUSD,60,86400,BUY,ZD,1,0.81872,0.81731,141.0,0.82539,0.81835,704.0,499.291,73.76,37.0,33.3,0.81872,0.81835,0.82576,BOUNCE,2012.04.03 04:00,1,2012.04.03 05:00,1,2012.04.03 21:00,1,2012.04.03 21:00,3,17h,Asia,NA,,NA,,0.81694,BREAK,2012.04.03 21:00,0,,0,,0,,0,NA,Other,BOUNCE,2012.04.04 02:00,NA,,0.81909,BREAK,2012.04.03 00:00,0,,0,,0,,0,NA,Asia,BREAK,2012.04.03 01:00,BREAK,2012.04.03 02:00,0.81798,BREAK,2012.04.03 21:00,0,,0,,0,,0,NA,Other,BREAK,2012.04.03 22:00,BREAK,2012.04.04 02:00,B-ZC-BO,S-ZG-BR,B-ZE-BO,B-ZF-BO,S-ZC-UN,S-ZF-BO,B-ZD-BO,S-ZO-UN,S-ZF-UN,B-ZB-BO,S-ZB-BO,S-ZG-BR,B-ZB-UN,B-ZE-UN,S-ZG-BR,S-ZB-BR,S-ZB-BR,S-ZB-BO,S-ZB-BR,B-ZG-BR
287,2012.04.05 00:00,NZDUSD,60,86400,SELL,ZB,1,0.82606,0.81655,951.0,0.81966,0.81237,729.0,76.656,67.30,311.0,224.4,0.81966,0.81655,0.80926,BOUNCE,2012.04.23 17:00,1,2012.04.24 17:00,1,2012.04.27 20:00,0,,2,4d 3h,NewYork,NA,,NA,,0.82917,BREAK,2012.04.13 02:00,0,,0,,0,,0,NA,Asia,UNTOUCHED,,NA,,0.81344,BOUNCE,2012.04.05 12:00,1,2012.04.09 19:00,1,2012.04.13 02:00,0,,2,1w 0d,London,NA,,NA,,0.82277,BOUNCE,2012.04.09 19:00,1,2012.04.10 18:00,1,2012.04.10 18:00,0,,2,23h,NewYork,NA,,NA,,B-ZD-BO,B-ZC-BO,S-ZG-BR,B-ZE-BO,B-ZF-BO,S-ZC-UN,S-ZF-BO,B-ZD-BO,S-ZO-UN,S-ZF-UN,S-ZG-BR,B-ZB-UN,B-ZE-UN,S-ZG-BR,S-ZB-BR,S-ZB-BR,S-ZB-BO,S-ZB-BR,B-ZG-BR,S-ZH-BR
288,2012.04.06 00:00,NZDUSD,60,86400,SELL,ZG,0,0.81966,0.81237,729.0,0.81869,0.81230,639.0,87.654,13.31,632.0,172.0,0.81869,0.81237,0.80598,BREAK,2012.05.03 01:00,0,,0,,0,,0,NA,Asia,BREAK,2012.05.04 10:00,BREAK,2012.05.07 01:00,0.82598,BREAK,2012.04.12 16:00,0,,0,,0,,0,NA,NewYork,UNTOUCHED,,NA,,0.80605,BREAK,2012.05.03 01:00,0,,0,,0,,0,NA,Asia,BREAK,2012.05.04 10:00,BREAK,2012.05.07 01:00,0.82501,BREAK,2012.04.12 16:00,0,,0,,0,,0,NA,NewYork,BOUNCE,2012.04.13 17:00,NA,,S-ZB-BO,B-ZD-BO,B-ZC-BO,S-ZG-BR,B-ZE-BO,B-ZF-BO,S-ZC-UN,S-ZF-BO,B-ZD-BO,S-ZO-UN,B-ZB-UN,B-ZE-UN,S-ZG-BR,S-ZB-BR,S-ZB-BR,S-ZB-BO,S-ZB-BR,B-ZG-BR,S-ZH-BR,S-ZD-BR
289,2012.04.13 00:00,NZDUSD,60,86400,BUY,ZB,1,0.82192,0.81380,812.0,0.82773,0.81715,1058.0,130.296,41.26,477.0,191.6,0.82192,0.81715,0.83250,UNTOUCHED,,0,,0,,0,,0,NA,Other,NA,,NA,,0.80903,BOUNCE,2012.04.23 17:00,1,2012.04.26 09:00,0,,0,,1,2d 16h,NewYork,NA,,NA,,0.82669,BREAK,2012.04.13 00:00,0,,0,,0,,0,NA,Asia,BOUNCE,2012.04.13 17:00,NA,,0.81238,BOUNCE,2012.04.19 21:00,0,,0,,0,,0,NA,Other,NA,,NA,,S-ZG-BR,S-ZB-BO,B-ZD-BO,B-ZC-BO,S-ZG-BR,B-ZE-BO,B-ZF-BO,S-ZC-UN,S-ZF-BO,B-ZD-BO,B-ZE-UN,S-ZG-BR,S-ZB-BR,S-ZB-BR,S-ZB-BO,S-ZB-BR,B-ZG-BR,S-ZH-BR,S-ZD-BR,S-ZG-BR
290,2012.04.14 00:00,NZDUSD,60,86400,BUY,ZE,1,0.82773,0.81715,1058.0,0.83165,0.82254,911.0,86.106,50.95,519.0,249.7,0.82773,0.82254,0.83684,UNTOUCHED,,0,,0,,0,,0,NA,Other,NA,,NA,,0.81196,BREAK,2012.04.23 10:00,0,,0,,0,,0,NA,London,BREAK,2012.05.03 11:00,BREAK,2012.05.03 20:00,0.83292,UNTOUCHED,,0,,0,,0,,0,NA,Other,NA,,NA,,0.81735,BREAK,2012.04.16 12:00,0,,0,,0,,0,NA,London,BOUNCE,2012.04.20 17:00,NA,,B-ZB-UN,S-ZG-BR,S-ZB-BO,B-ZD-BO,B-ZC-BO,S-ZG-BR,B-ZE-BO,B-ZF-BO,S-ZC-UN,S-ZF-BO,S-ZG-BR,S-ZB-BR,S-ZB-BR,S-ZB-BO,S-ZB-BR,B-ZG-BR,S-ZH-BR,S-ZD-BR,S-ZG-BR,B-ZG-BO
291,2012.04.19 00:00,NZDUSD,60,86400,SELL,ZG,0,0.82333,0.81482,851.0,0.82254,0.81449,805.0,94.595,9.28,772.0,200.8,0.82254,0.81482,0.80677,BREAK,2012.05.03 01:00,0,,0,,0,,0,NA,Asia,BREAK,2012.05.04 15:00,BREAK,2012.05.08 11:00,0.83105,UNTOUCHED,,0,,0,,0,,0,NA,Other,NA,,NA,,0.80710,BREAK,2012.05.03 01:00,0,,0,,0,,0,NA,Asia,BREAK,2012.05.04 13:00,BREAK,2012.05.08 11:00,0.83026,UNTOUCHED,,0,,0,,0,,0,NA,Other,NA,,NA,,B-ZE-UN,B-ZB-UN,S-ZG-BR,S-ZB-BO,B-ZD-BO,B-ZC-BO,S-ZG-BR,B-ZE-BO,B-ZF-BO,S-ZC-UN,S-ZB-BR,S-ZB-BR,S-ZB-BO,S-ZB-BR,B-ZG-BR,S-ZH-BR,S-ZD-BR,S-ZG-BR,B-ZG-BO,B-ZG-BO
292,2012.04.20 00:00,NZDUSD,60,86400,SELL,ZB,1,0.82254,0.81449,805.0,0.81947,0.81202,745.0,92.547,38.14,498.0,190.0,0.81947,0.81449,0.80704,BREAK,2012.05.03 01:00,0,,0,,0,,0,NA,Asia,BREAK,2012.05.03 17:00,BREAK,2012.05.04 16:00,0.82752,UNTOUCHED,,0,,0,,0,,0,NA,Other,NA,,NA,,0.80951,BOUNCE,2012.04.23 17:00,0,,0,,0,,0,NA,NewYork,NA,,NA,,0.82445,UNTOUCHED,,0,,0,,0,,0,NA,Other,NA,,NA,,S-ZG-BR,B-ZE-UN,B-ZB-UN,S-ZG-BR,S-ZB-BO,B-ZD-BO,B-ZC-BO,S-ZG-BR,B-ZE-BO,B-ZF-BO,S-ZB-BR,S-ZB-BO,S-ZB-BR,B-ZG-BR,S-ZH-BR,S-ZD-BR,S-ZG-BR,B-ZG-BO,B-ZG-BO,B-ZG-BR
293,2012.05.02 00:00,NZDUSD,60,86400,SELL,ZB,1,0.82331,0.81606,725.0,0.81869,0.81188,681.0,93.931,63.72,263.0,171.1,0.81869,0.81606,0.80925,BREAK,2012.05.02 17:00,0,,0,,0,,0,NA,NewYork,BREAK,2012.05.03 05:00,BREAK,2012.05.03 11:00,0.82594,UNTOUCHED,,0,,0,,0,,0,NA,Other,NA,,NA,,0.81343,BREAK,2012.05.02 03:00,0,,0,,0,,0,NA,Asia,BREAK,2012.05.02 17:00,BREAK,2012.05.03 01:00,0.82132,UNTOUCHED,,0,,0,,0,,0,NA,Other,NA,,NA,,S-ZB-BR,S-ZG-BR,B-ZE-UN,B-ZB-UN,S-ZG-BR,S-ZB-BO,B-ZD-BO,B-ZC-BO,S-ZG-BR,B-ZE-BO,S-ZB-BO,S-ZB-BR,B-ZG-BR,S-ZH-BR,S-ZD-BR,S-ZG-BR,B-ZG-BO,B-ZG-BO,B-ZG-BR,S-ZF-BO
294,2012.05.03 00:00,NZDUSD,60,86400,SELL,ZB,1,0.81869,0.81188,681.0,0.81534,0.80848,686.0,100.734,49.19,346.0,160.7,0.81534,0.81188,0.80502,BOUNCE,2012.05.03 01:00,0,,0,,0,,0,NA,Asia,NA,,NA,,0.82215,UNTOUCHED,,0,,0,,0,,0,NA,Other,NA,,NA,,0.80842,BREAK,2012.05.03 00:00,0,,0,,0,,0,NA,Asia,BREAK,2012.05.03 11:00,BREAK,2012.05.03 18:00,0.81880,UNTOUCHED,,0,,0,,0,,0,NA,Other,NA,,NA,,S-ZB-BR,S-ZB-BR,S-ZG-BR,B-ZE-UN,B-ZB-UN,S-ZG-BR,S-ZB-BO,B-ZD-BO,B-ZC-BO,S-ZG-BR,S-ZB-BR,B-ZG-BR,S-ZH-BR,S-ZD-BR,S-ZG-BR,B-ZG-BO,B-ZG-BO,B-ZG-BR,S-ZF-BO,S-ZE-UN
295,2012.05.05 00:00,NZDUSD,60,86400,SELL,ZB,1,0.81055,0.79857,1198.0,0.80175,0.79368,807.0,67.362,73.46,318.0,282.7,0.80175,0.79857,0.79050,BREAK,2012.05.08 11:00,0,,0,,0,,0,NA,London,BREAK,2012.05.09 04:00,BREAK,2012.05.09 17:00,0.81373,UNTOUCHED,,0,,0,,0,,0,NA,Other,NA,,NA,,0.79539,BREAK,2012.05.05 00:00,0,,0,,0,,0,NA,Asia,BOUNCE,2012.05.07 13:00,NA,,0.80493,UNTOUCHED,,0,,0,,0,,0,NA,Other,NA,,NA,,S-ZB-BO,S-ZB-BR,S-ZB-BR,S-ZG-BR,B-ZE-UN,B-ZB-UN,S-ZG-BR,S-ZB-BO,B-ZD-BO,B-ZC-BO,B-ZG-BR,S-ZH-BR,S-ZD-BR,S-ZG-BR,B-ZG-BO,B-ZG-BO,B-ZG-BR,S-ZF-BO,S-ZE-UN,S-ZO-UN
296,2012.05.11 00:00,NZDUSD,60,86400,BUY,ZG,0,0.78820,0.78110,710.0,0.79012,0.78276,736.0,103.662,23.38,544.0,167.6,0.78820,0.78276,0.79556,BREAK,2012.06.19 14:00,0,,0,,0,,0,NA,NewYork,BOUNCE,2012.06.21 05:00,NA,,0.77566,BREAK,2012.05.14 17:00,0,,0,,0,,0,NA,NewYork,BREAK,2012.05.15 22:00,BREAK,2012.05.16 10:00,0.79364,BREAK,2012.06.18 09:00,0,,0,,0,,0,NA,London,BREAK,2012.06.21 02:00,BREAK,2012.07.04 04:00,0.77732,BREAK,2012.05.14 11:00,0,,0,,0,,0,NA,London,BREAK,2012.05.15 20:00,BREAK,2012.05.16 07:00,S-ZB-BR,S-ZB-BO,S-ZB-BR,S-ZB-BR,S-ZG-BR,B-ZE-UN,B-ZB-UN,S-ZG-BR,S-ZB-BO,B-ZD-BO,S-ZH-BR,S-ZD-BR,S-ZG-BR,B-ZG-BO,B-ZG-BO,B-ZG-BR,S-ZF-BO,S-ZE-UN,S-ZO-UN,B-ZO-BR
297,2012.05.12 00:00,NZDUSD,60,86400,SELL,ZH,0,0.79012,0.78276,736.0,0.78780,0.78094,686.0,93.207,31.52,504.0,173.7,0.78780,0.78276,0.77590,BREAK,2012.05.14 17:00,0,,0,,0,,0,NA,NewYork,BREAK,2012.05.15 22:00,BREAK,2012.05.16 10:00,0.79516,BREAK,2012.06.19 12:00,0,,0,,0,,0,NA,London,BOUNCE,2012.06.21 01:00,NA,,0.77772,BREAK,2012.05.14 11:00,0,,0,,0,,0,NA,London,BREAK,2012.05.15 18:00,BREAK,2012.05.16 06:00,0.79284,BREAK,2012.06.18 01:00,0,,0,,0,,0,NA,Asia,BOUNCE,2012.06.20 19:00,NA,,B-ZG-BR,S-ZB-BR,S-ZB-BO,S-ZB-BR,S-ZB-BR,S-ZG-BR,B-ZE-UN,B-ZB-UN,S-ZG-BR,S-ZB-BO,S-ZD-BR,S-ZG-BR,B-ZG-BO,B-ZG-BO,B-ZG-BR,S-ZF-BO,S-ZE-UN,S-ZO-UN,B-ZO-BR,B-ZB-BR
298,2012.05.16 00:00,NZDUSD,60,86400,SELL,ZD,1,0.78224,0.77559,665.0,0.77966,0.76796,1170.0,175.940,38.80,407.0,156.9,0.77966,0.77559,0.76389,BREAK,2012.05.16 10:00,0,,0,,0,,0,NA,London,BREAK,2012.05.18 04:00,BREAK,2012.05.18 09:00,0.78631,BREAK,2012.06.15 14:00,0,,0,,0,,0,NA,NewYork,BREAK,2012.06.18 01:00,BREAK,2012.06.19 14:00,0.77152,BREAK,2012.05.16 00:00,0,,0,,0,,0,NA,Asia,BREAK,2012.05.16 06:00,BOUNCE,2012.05.16 15:00,0.78373,BREAK,2012.06.15 08:00,0,,0,,0,,0,NA,London,BREAK,2012.06.15 21:00,BREAK,2012.06.18 01:00,S-ZH-BR,B-ZG-BR,S-ZB-BR,S-ZB-BO,S-ZB-BR,S-ZB-BR,S-ZG-BR,B-ZE-UN,B-ZB-UN,S-ZG-BR,S-ZG-BR,B-ZG-BO,B-ZG-BO,B-ZG-BR,S-ZF-BO,S-ZE-UN,S-ZO-UN,B-ZO-BR,B-ZB-BR,B-ZE-BO
299,2012.05.18 00:00,NZDUSD,60,86400,SELL,ZG,0,0.76957,0.76222,735.0,0.76800,0.76212,588.0,80.000,21.36,578.0,173.5,0.76800,0.76222,0.75634,BREAK,2012.05.18 07:00,0,,0,,0,,0,NA,London,BREAK,2012.05.23 04:00,UNTOUCHED,,0.77535,BREAK,2012.06.11 01:00,0,,0,,0,,0,NA,Asia,BREAK,2012.06.14 23:00,BREAK,2012.06.15 20:00,0.75644,BREAK,2012.05.18 07:00,0,,0,,0,,0,NA,London,BREAK,2012.05.23 04:00,UNTOUCHED,,0.77378,BOUNCE,2012.06.07 14:00,0,,0,,0,,0,NA,NewYork,NA,,NA,,S-ZD-BR,S-ZH-BR,B-ZG-BR,S-ZB-BR,S-ZB-BO,S-ZB-BR,S-ZB-BR,S-ZG-BR,B-ZE-UN,B-ZB-UN,B-ZG-BO,B-ZG-BO,B-ZG-BR,S-ZF-BO,S-ZE-UN,S-ZO-UN,B-ZO-BR,B-ZB-BR,B-ZE-BO,S-ZE-UN
300,2012.05.25 00:00,NZDUSD,60,86400,BUY,ZG,0,0.75510,0.74565,945.0,0.75724,0.74801,923.0,97.672,24.97,709.0,223.0,0.75510,0.74801,0.76433,BOUNCE,2012.05.28 13:00,1,2012.05.31 03:00,0,,0,,1,2d 14h,NewYork,NA,,NA,,0.73856,UNTOUCHED,,0,,0,,0,,0,NA,Other,NA,,NA,,0.76219,BREAK,2012.05.28 04:00,0,,0,,0,,0,NA,Asia,BREAK,2012.06.07 08:00,BOUNCE,2012.06.11 22:00,0.74092,UNTOUCHED,,0,,0,,0,,0,NA,Other,NA,,NA,,S-ZG-BR,S-ZD-BR,S-ZH-BR,B-ZG-BR,S-ZB-BR,S-ZB-BO,S-ZB-BR,S-ZB-BR,S-ZG-BR,B-ZE-UN,B-ZG-BO,B-ZG-BR,S-ZF-BO,S-ZE-UN,S-ZO-UN,B-ZO-BR,B-ZB-BR,B-ZE-BO,S-ZE-UN,S-ZO-UN
301,2012.05.26 00:00,NZDUSD,60,86400,BUY,ZG,0,0.75724,0.74801,923.0,0.75836,0.75126,710.0,76.923,35.21,598.0,217.8,0.75724,0.75126,0.76434,BOUNCE,2012.05.28 13:00,1,2012.05.31 00:00,0,,0,,1,2d 11h,NewYork,NA,,NA,,0.74203,UNTOUCHED,,0,,0,,0,,0,NA,Other,NA,,NA,,0.76322,BOUNCE,2012.05.28 09:00,0,,0,,0,,0,NA,London,NA,,NA,,0.74528,UNTOUCHED,,0,,0,,0,,0,NA,Other,NA,,NA,,B-ZG-BO,S-ZG-BR,S-ZD-BR,S-ZH-BR,B-ZG-BR,S-ZB-BR,S-ZB-BO,S-ZB-BR,S-ZB-BR,S-ZG-BR,B-ZG-BR,S-ZF-BO,S-ZE-UN,S-ZO-UN,B-ZO-BR,B-ZB-BR,B-ZE-BO,S-ZE-UN,S-ZO-UN,B-ZE-BR
302,2012.05.30 00:00,NZDUSD,60,86400,BUY,ZG,0,0.76440,0.75735,705.0,0.76466,0.75765,701.0,99.433,4.26,675.0,166.4,0.76440,0.75765,0.77141,BREAK,2012.06.07 08:00,0,,0,,0,,0,NA,London,BREAK,2012.06.13 10:00,BREAK,2012.06.15 16:00,0.75060,BOUNCE,2012.05.31 03:00,1,2012.06.06 10:00,1,2012.06.07 04:00,1,2012.06.07 08:00,3,1w 0d,Asia,NA,,NA,,0.77115,BREAK,2012.06.07 04:00,0,,0,,0,,0,NA,Asia,BOUNCE,2012.06.11 21:00,NA,,0.75090,BREAK,2012.05.31 03:00,0,,0,,0,,0,NA,Asia,UNTOUCHED,,NA,,B-ZG-BO,B-ZG-BO,S-ZG-BR,S-ZD-BR,S-ZH-BR,B-ZG-BR,S-ZB-BR,S-ZB-BO,S-ZB-BR,S-ZB-BR,S-ZF-BO,S-ZE-UN,S-ZO-UN,B-ZO-BR,B-ZB-BR,B-ZE-BO,S-ZE-UN,S-ZO-UN,B-ZE-BR,B-ZF-BR
303,2012.05.31 00:00,NZDUSD,60,86400,SELL,ZF,1,0.76466,0.75765,701.0,0.76317,0.75248,1069.0,152.496,21.26,552.0,165.4,0.76317,0.75765,0.74696,BOUNCE,2012.06.01 15:00,1,2012.06.04 16:00,1,2012.06.06 19:00,1,2012.06.06 23:00,3,5d 8h,NewYork,NA,,NA,,0.77018,BREAK,2012.06.06 23:00,0,,0,,0,,0,NA,Other,BREAK,2012.06.11 01:00,BREAK,2012.06.14 23:00,0.75213,BREAK,2012.05.31 01:00,0,,0,,0,,0,NA,Asia,BOUNCE,2012.06.01 16:00,NA,,0.76869,BREAK,2012.06.06 19:00,0,,0,,0,,0,NA,NewYork,BOUNCE,2012.06.07 22:00,NA,,B-ZG-BR,B-ZG-BO,B-ZG-BO,S-ZG-BR,S-ZD-BR,S-ZH-BR,B-ZG-BR,S-ZB-BR,S-ZB-BO,S-ZB-BR,S-ZE-UN,S-ZO-UN,B-ZO-BR,B-ZB-BR,B-ZE-BO,S-ZE-UN,S-ZO-UN,B-ZE-BR,B-ZF-BR,B-ZB-BO
304,2012.06.01 00:00,NZDUSD,60,86400,SELL,ZE,1,0.76317,0.75248,1069.0,0.75745,0.74989,756.0,70.720,53.51,497.0,252.3,0.75745,0.75248,0.74492,UNTOUCHED,,0,,0,,0,,0,NA,Other,NA,,NA,,0.76814,BREAK,2012.06.06 18:00,0,,0,,0,,0,NA,NewYork,BOUNCE,2012.06.07 22:00,NA,,0.74751,BOUNCE,2012.06.01 15:00,1,2012.06.06 06:00,1,2012.06.06 18:00,0,,2,5d 3h,NewYork,NA,,NA,,0.76242,BREAK,2012.06.06 06:00,0,,0,,0,,0,NA,Asia,BREAK,2012.06.06 19:00,BREAK,2012.06.07 16:00,S-ZF-BO,B-ZG-BR,B-ZG-BO,B-ZG-BO,S-ZG-BR,S-ZD-BR,S-ZH-BR,B-ZG-BR,S-ZB-BR,S-ZB-BO,S-ZO-UN,B-ZO-BR,B-ZB-BR,B-ZE-BO,S-ZE-UN,S-ZO-UN,B-ZE-BR,B-ZF-BR,B-ZB-BO,S-ZE-UN
305,2012.06.02 00:00,NZDUSD,60,86400,SELL,ZO,0,0.75745,0.74989,756.0,0.75642,0.74550,1092.0,144.444,13.62,653.0,178.4,0.75642,0.74989,0.73897,UNTOUCHED,,0,,0,,0,,0,NA,Other,NA,,NA,,0.76398,BREAK,2012.06.06 10:00,0,,0,,0,,0,NA,London,BREAK,2012.06.07 08:00,BOUNCE,2012.06.11 22:00,0.74336,UNTOUCHED,,0,,0,,0,,0,NA,Other,NA,,NA,,0.76295,BREAK,2012.06.06 10:00,0,,0,,0,,0,NA,London,BREAK,2012.06.07 04:00,BREAK,2012.06.11 01:00,S-ZE-UN,S-ZF-BO,B-ZG-BR,B-ZG-BO,B-ZG-BO,S-ZG-BR,S-ZD-BR,S-ZH-BR,B-ZG-BR,S-ZB-BR,B-ZO-BR,B-ZB-BR,B-ZE-BO,S-ZE-UN,S-ZO-UN,B-ZE-BR,B-ZF-BR,B-ZB-BO,S-ZE-UN,B-ZB-BO
306,2012.06.06 00:00,NZDUSD,60,86400,BUY,ZO,0,0.75935,0.74992,943.0,0.76017,0.75193,824.0,87.381,21.31,742.0,222.5,0.75935,0.75193,0.76759,BREAK,2012.06.06 18:00,0,,0,,0,,0,NA,NewYork,BOUNCE,2012.06.07 23:00,NA,,0.74250,UNTOUCHED,,0,,0,,0,,0,NA,Other,NA,,NA,,0.76677,BREAK,2012.06.06 18:00,0,,0,,0,,0,NA,NewYork,BOUNCE,2012.06.07 23:00,NA,,0.74451,UNTOUCHED,,0,,0,,0,,0,NA,Other,NA,,NA,,S-ZO-UN,S-ZE-UN,S-ZF-BO,B-ZG-BR,B-ZG-BO,B-ZG-BO,S-ZG-BR,S-ZD-BR,S-ZH-BR,B-ZG-BR,B-ZB-BR,B-ZE-BO,S-ZE-UN,S-ZO-UN,B-ZE-BR,B-ZF-BR,B-ZB-BO,S-ZE-UN,B-ZB-BO,B-ZF-BR
307,2012.06.07 00:00,NZDUSD,60,86400,BUY,ZB,1,0.76017,0.75193,824.0,0.77081,0.75579,1502.0,182.282,46.84,438.0,194.5,0.76017,0.75579,0.77519,BREAK,2012.06.11 01:00,0,,0,,0,,0,NA,Asia,BOUNCE,2012.06.13 22:00,NA,,0.74755,UNTOUCHED,,0,,0,,0,,0,NA,Other,NA,,NA,,0.76455,BREAK,2012.06.07 00:00,0,,0,,0,,0,NA,Asia,BREAK,2012.06.07 03:00,BOUNCE,2012.06.07 22:00,0.75141,UNTOUCHED,,0,,0,,0,,0,NA,Other,NA,,NA,,B-ZO-BR,S-ZO-UN,S-ZE-UN,S-ZF-BO,B-ZG-BR,B-ZG-BO,B-ZG-BO,S-ZG-BR,S-ZD-BR,S-ZH-BR,B-ZE-BO,S-ZE-UN,S-ZO-UN,B-ZE-BR,B-ZF-BR,B-ZB-BO,S-ZE-UN,B-ZB-BO,B-ZF-BR,B-ZO-BR
308,2012.06.08 00:00,NZDUSD,60,86400,BUY,ZE,1,0.77081,0.75579,1502.0,0.77514,0.76653,861.0,57.324,71.50,428.0,354.5,0.77081,0.76653,0.77942,BOUNCE,2012.06.13 10:00,0,,0,,0,,0,NA,London,NA,,NA,,0.75151,UNTOUCHED,,0,,0,,0,,0,NA,Other,NA,,NA,,0.77509,BOUNCE,2012.06.11 01:00,0,,0,,0,,0,NA,Asia,NA,,NA,,0.76225,BOUNCE,2012.06.08 05:00,1,2012.06.11 01:00,1,2012.06.11 01:00,0,,2,2d 20h,Asia,NA,,NA,,B-ZB-BR,B-ZO-BR,S-ZO-UN,S-ZE-UN,S-ZF-BO,B-ZG-BR,B-ZG-BO,B-ZG-BO,S-ZG-BR,S-ZD-BR,S-ZE-UN,S-ZO-UN,B-ZE-BR,B-ZF-BR,B-ZB-BO,S-ZE-UN,B-ZB-BO,B-ZF-BR,B-ZO-BR,B-ZO-BR
309,2012.06.09 00:00,NZDUSD,60,86400,SELL,ZE,1,0.77514,0.76653,861.0,0.77185,0.76170,1015.0,117.886,38.21,532.0,203.2,0.77185,0.76653,0.75638,UNTOUCHED,,0,,0,,0,,0,NA,Other,NA,,NA,,0.78046,BOUNCE,2012.06.13 10:00,0,,0,,0,,0,NA,London,NA,,NA,,0.76121,UNTOUCHED,,0,,0,,0,,0,NA,Other,NA,,NA,,0.77717,BOUNCE,2012.06.11 01:00,0,,0,,0,,0,NA,Asia,NA,,NA,,B-ZE-BO,B-ZB-BR,B-ZO-BR,S-ZO-UN,S-ZE-UN,S-ZF-BO,B-ZG-BR,B-ZG-BO,B-ZG-BO,S-ZG-BR,S-ZO-UN,B-ZE-BR,B-ZF-BR,B-ZB-BO,S-ZE-UN,B-ZB-BO,B-ZF-BR,B-ZO-BR,B-ZO-BR,S-ZB-BR
310,2012.06.13 00:00,NZDUSD,60,86400,SELL,ZO,0,0.77796,0.76862,934.0,0.77759,0.76683,1076.0,115.203,3.96,897.0,220.4,0.77759,0.76862,0.75786,UNTOUCHED,,0,,0,,0,,0,NA,Other,NA,,NA,,0.78693,BREAK,2012.06.15 16:00,0,,0,,0,,0,NA,NewYork,BREAK,2012.06.19 18:00,BREAK,2012.07.05 14:00,0.75965,UNTOUCHED,,0,,0,,0,,0,NA,Other,NA,,NA,,0.78656,BREAK,2012.06.15 16:00,0,,0,,0,,0,NA,NewYork,BREAK,2012.06.19 18:00,BREAK,2012.07.05 14:00,S-ZE-UN,B-ZE-BO,B-ZB-BR,B-ZO-BR,S-ZO-UN,S-ZE-UN,S-ZF-BO,B-ZG-BR,B-ZG-BO,B-ZG-BO,B-ZE-BR,B-ZF-BR,B-ZB-BO,S-ZE-UN,B-ZB-BO,B-ZF-BR,B-ZO-BR,B-ZO-BR,S-ZB-BR,B-ZO-BR
311,2012.06.14 00:00,NZDUSD,60,86400,BUY,ZE,1,0.77759,0.76683,1076.0,0.78077,0.77212,865.0,80.390,49.16,547.0,253.9,0.77759,0.77212,0.78624,BREAK,2012.06.15 14:00,0,,0,,0,,0,NA,NewYork,BREAK,2012.06.18 10:00,BOUNCE,2012.06.20 19:00,0.76136,UNTOUCHED,,0,,0,,0,,0,NA,Other,NA,,NA,,0.78306,BREAK,2012.06.14 23:00,0,,0,,0,,0,NA,Other,BREAK,2012.06.18 01:00,BREAK,2012.06.19 14:00,0.76665,UNTOUCHED,,0,,0,,0,,0,NA,Other,NA,,NA,,S-ZO-UN,S-ZE-UN,B-ZE-BO,B-ZB-BR,B-ZO-BR,S-ZO-UN,S-ZE-UN,S-ZF-BO,B-ZG-BR,B-ZG-BO,B-ZF-BR,B-ZB-BO,S-ZE-UN,B-ZB-BO,B-ZF-BR,B-ZO-BR,B-ZO-BR,S-ZB-BR,B-ZO-BR,B-ZG-BO
312,2012.06.15 00:00,NZDUSD,60,86400,BUY,ZF,0,0.78077,0.77212,865.0,0.78308,0.77245,1063.0,122.890,3.82,832.0,204.1,0.78077,0.77245,0.79140,BREAK,2012.06.18 01:00,0,,0,,0,,0,NA,Asia,BOUNCE,2012.06.21 18:00,NA,,0.76380,UNTOUCHED,,0,,0,,0,,0,NA,Other,NA,,NA,,0.78909,BREAK,2012.06.15 21:00,0,,0,,0,,0,NA,Other,BREAK,2012.06.21 01:00,BOUNCE,2012.07.06 18:00,0.76413,UNTOUCHED,,0,,0,,0,,0,NA,Other,NA,,NA,,B-ZE-BR,S-ZO-UN,S-ZE-UN,B-ZE-BO,B-ZB-BR,B-ZO-BR,S-ZO-UN,S-ZE-UN,S-ZF-BO,B-ZG-BR,B-ZB-BO,S-ZE-UN,B-ZB-BO,B-ZF-BR,B-ZO-BR,B-ZO-BR,S-ZB-BR,B-ZO-BR,B-ZG-BO,S-ZF-BO
313,2012.06.20 00:00,NZDUSD,60,86400,BUY,ZB,1,0.79425,0.78854,571.0,0.79889,0.79071,818.0,143.257,38.00,354.0,134.8,0.79425,0.79071,0.80243,BOUNCE,2012.06.29 15:00,1,2012.07.09 10:00,1,2012.07.12 13:00,1,2012.07.24 19:00,3,3w 4d,NewYork,NA,,NA,,0.78500,BOUNCE,2012.06.22 10:00,1,2012.06.26 11:00,1,2012.06.29 08:00,1,2012.06.29 15:00,3,1w 0d,London,NA,,NA,,0.79779,BOUNCE,2012.06.20 00:00,1,2012.06.21 21:00,1,2012.06.22 10:00,0,,2,2d 10h,Asia,NA,,NA,,0.78717,BREAK,2012.06.21 21:00,0,,0,,0,,0,NA,Other,BREAK,2012.07.25 01:00,UNTOUCHED,,B-ZF-BR,B-ZE-BR,S-ZO-UN,S-ZE-UN,B-ZE-BO,B-ZB-BR,B-ZO-BR,S-ZO-UN,S-ZE-UN,S-ZF-BO,S-ZE-UN,B-ZB-BO,B-ZF-BR,B-ZO-BR,B-ZO-BR,S-ZB-BR,B-ZO-BR,B-ZG-BO,S-ZF-BO,S-ZG-BR
314,2012.06.23 00:00,NZDUSD,60,86400,SELL,ZE,1,0.80142,0.78519,1623.0,0.79170,0.78459,711.0,43.808,59.89,651.0,383.0,0.79170,0.78519,0.77808,UNTOUCHED,,0,,0,,0,,0,NA,Other,NA,,NA,,0.80793,BREAK,2012.07.27 18:00,0,,0,,0,,0,NA,NewYork,BOUNCE,2012.08.02 16:00,NA,,0.77868,UNTOUCHED,,0,,0,,0,,0,NA,Other,NA,,NA,,0.79821,BREAK,2012.06.29 09:00,0,,0,,0,,0,NA,London,BOUNCE,2012.07.06 15:00,NA,,B-ZB-BO,B-ZF-BR,B-ZE-BR,S-ZO-UN,S-ZE-UN,B-ZE-BO,B-ZB-BR,B-ZO-BR,S-ZO-UN,S-ZE-UN,B-ZB-BO,B-ZF-BR,B-ZO-BR,B-ZO-BR,S-ZB-BR,B-ZO-BR,B-ZG-BO,S-ZF-BO,S-ZG-BR,S-ZB-UN
315,2012.06.27 00:00,NZDUSD,60,86400,BUY,ZB,1,0.78944,0.78425,519.0,0.79300,0.78660,640.0,123.314,45.28,284.0,122.5,0.78944,0.78660,0.79584,BOUNCE,2012.06.28 06:00,1,2012.06.28 12:00,1,2012.07.25 01:00,1,2012.07.25 03:00,3,3w 5d,Asia,NA,,NA,,0.78141,BOUNCE,2012.07.25 03:00,1,2012.07.25 13:00,1,2012.07.26 08:00,1,2012.07.26 13:00,3,1d 10h,Asia,NA,,NA,,0.79228,BREAK,2012.06.28 00:00,0,,0,,0,,0,NA,Asia,BOUNCE,2012.06.28 10:00,NA,,0.78376,BREAK,2012.07.25 01:00,0,,0,,0,,0,NA,Asia,BOUNCE,2012.07.25 10:00,NA,,S-ZE-UN,B-ZB-BO,B-ZF-BR,B-ZE-BR,S-ZO-UN,S-ZE-UN,B-ZE-BO,B-ZB-BR,B-ZO-BR,S-ZO-UN,B-ZF-BR,B-ZO-BR,B-ZO-BR,S-ZB-BR,B-ZO-BR,B-ZG-BO,S-ZF-BO,S-ZG-BR,S-ZB-UN,S-ZO-UN
316,2012.06.30 00:00,NZDUSD,60,86400,BUY,ZF,1,0.79611,0.78382,1229.0,0.80395,0.78471,1924.0,156.550,7.24,1140.0,290.0,0.79611,0.78471,0.81535,BREAK,2012.08.02 15:00,0,,0,,0,,0,NA,NewYork,BREAK,2012.09.13 20:00,UNTOUCHED,,0.77242,UNTOUCHED,,0,,0,,0,,0,NA,Other,NA,,NA,,0.80751,BREAK,2012.07.27 17:00,0,,0,,0,,0,NA,NewYork,BREAK,2012.08.06 18:00,BREAK,2012.09.14 04:00,0.77331,UNTOUCHED,,0,,0,,0,,0,NA,Other,NA,,NA,,B-ZB-BO,S-ZE-UN,B-ZB-BO,B-ZF-BR,B-ZE-BR,S-ZO-UN,S-ZE-UN,B-ZE-BO,B-ZB-BR,B-ZO-BR,B-ZO-BR,B-ZO-BR,S-ZB-BR,B-ZO-BR,B-ZG-BO,S-ZF-BO,S-ZG-BR,S-ZB-UN,S-ZO-UN,B-ZB-BR
317,2012.07.04 00:00,NZDUSD,60,86400,BUY,ZO,0,0.80494,0.79989,505.0,0.80600,0.80123,477.0,94.455,26.53,371.0,119.2,0.80494,0.80123,0.80971,BREAK,2012.07.27 20:00,0,,0,,0,,0,NA,NewYork,BOUNCE,2012.08.01 21:00,NA,,0.79618,BREAK,2012.07.06 18:00,0,,0,,0,,0,NA,NewYork,BREAK,2012.07.12 09:00,BREAK,2012.07.12 13:00,0.80865,BREAK,2012.07.27 20:00,0,,0,,0,,0,NA,NewYork,BREAK,2012.08.01 10:00,BOUNCE,2012.08.02 15:00,0.79752,BREAK,2012.07.06 17:00,0,,0,,0,,0,NA,NewYork,BOUNCE,2012.07.10 11:00,NA,,B-ZF-BR,B-ZB-BO,S-ZE-UN,B-ZB-BO,B-ZF-BR,B-ZE-BR,S-ZO-UN,S-ZE-UN,B-ZE-BO,B-ZB-BR,B-ZO-BR,S-ZB-BR,B-ZO-BR,B-ZG-BO,S-ZF-BO,S-ZG-BR,S-ZB-UN,S-ZO-UN,B-ZB-BR,B-ZB-BO
318,2012.07.05 00:00,NZDUSD,60,86400,BUY,ZO,0,0.80600,0.80123,477.0,0.80621,0.80223,398.0,83.438,20.96,377.0,112.6,0.80600,0.80223,0.80998,BREAK,2012.07.27 20:00,0,,0,,0,,0,NA,NewYork,BOUNCE,2012.08.01 21:00,NA,,0.79746,BREAK,2012.07.06 18:00,0,,0,,0,,0,NA,NewYork,BOUNCE,2012.07.10 11:00,NA,,0.80977,BREAK,2012.07.27 20:00,0,,0,,0,,0,NA,NewYork,BOUNCE,2012.08.01 21:00,NA,,0.79846,BREAK,2012.07.06 15:00,0,,0,,0,,0,NA,NewYork,BREAK,2012.07.09 10:00,BREAK,2012.07.12 10:00,B-ZO-BR,B-ZF-BR,B-ZB-BO,S-ZE-UN,B-ZB-BO,B-ZF-BR,B-ZE-BR,S-ZO-UN,S-ZE-UN,B-ZE-BO,S-ZB-BR,B-ZO-BR,B-ZG-BO,S-ZF-BO,S-ZG-BR,S-ZB-UN,S-ZO-UN,B-ZB-BR,B-ZB-BO,B-ZG-BR
319,2012.07.07 00:00,NZDUSD,60,86400,SELL,ZB,1,0.80739,0.80045,694.0,0.80461,0.79547,914.0,131.700,40.06,416.0,163.8,0.80461,0.80045,0.79131,BREAK,2012.07.12 09:00,0,,0,,0,,0,NA,London,BOUNCE,2012.07.13 05:00,NA,,0.81155,BREAK,2012.07.31 18:00,0,,0,,0,,0,NA,NewYork,BOUNCE,2012.08.02 15:00,NA,,0.79629,BREAK,2012.07.09 01:00,0,,0,,0,,0,NA,Asia,BREAK,2012.07.12 09:00,BREAK,2012.07.12 13:00,0.80877,BREAK,2012.07.27 20:00,0,,0,,0,,0,NA,NewYork,BOUNCE,2012.08.01 21:00,NA,,B-ZO-BR,B-ZO-BR,B-ZF-BR,B-ZB-BO,S-ZE-UN,B-ZB-BO,B-ZF-BR,B-ZE-BR,S-ZO-UN,S-ZE-UN,B-ZO-BR,B-ZG-BO,S-ZF-BO,S-ZG-BR,S-ZB-UN,S-ZO-UN,B-ZB-BR,B-ZB-BO,B-ZG-BR,B-ZG-PE
320,2012.07.11 00:00,NZDUSD,60,86400,BUY,ZO,0,0.79776,0.79265,511.0,0.79858,0.79281,577.0,112.916,3.13,495.0,120.6,0.79776,0.79281,0.80353,BREAK,2012.07.19 12:00,0,,0,,0,,0,NA,London,BREAK,2012.07.27 20:00,BOUNCE,2012.08.01 21:00,0.78770,BREAK,2012.07.12 13:00,0,,0,,0,,0,NA,NewYork,BREAK,2012.07.25 03:00,UNTOUCHED,,0.80271,BREAK,2012.07.19 11:00,0,,0,,0,,0,NA,London,BREAK,2012.07.27 20:00,BREAK,2012.08.01 11:00,0.78786,BREAK,2012.07.12 13:00,0,,0,,0,,0,NA,NewYork,BREAK,2012.07.25 03:00,UNTOUCHED,,S-ZB-BR,B-ZO-BR,B-ZO-BR,B-ZF-BR,B-ZB-BO,S-ZE-UN,B-ZB-BO,B-ZF-BR,B-ZE-BR,S-ZO-UN,B-ZG-BO,S-ZF-BO,S-ZG-BR,S-ZB-UN,S-ZO-UN,B-ZB-BR,B-ZB-BO,B-ZG-BR,B-ZG-PE,B-ZF-BR
321,2012.07.12 00:00,NZDUSD,60,86400,BUY,ZG,0,0.79858,0.79281,577.0,0.79969,0.79301,668.0,115.771,3.47,557.0,136.2,0.79858,0.79301,0.80526,BOUNCE,2012.07.19 13:00,1,2012.07.23 04:00,1,2012.07.23 16:00,1,2012.07.23 17:00,3,4d 4h,NewYork,NA,,NA,,0.78724,BOUNCE,2012.07.12 13:00,1,2012.07.16 21:00,1,2012.07.19 13:00,1,2012.07.19 13:00,3,1w 0d,NewYork,NA,,NA,,0.80415,BOUNCE,2012.07.19 13:00,1,2012.07.23 16:00,1,2012.07.23 17:00,0,,2,4d 4h,NewYork,NA,,NA,,0.78744,BREAK,2012.07.12 13:00,0,,0,,0,,0,NA,NewYork,BOUNCE,2012.07.25 13:00,NA,,B-ZO-BR,S-ZB-BR,B-ZO-BR,B-ZO-BR,B-ZF-BR,B-ZB-BO,S-ZE-UN,B-ZB-BO,B-ZF-BR,B-ZE-BR,S-ZF-BO,S-ZG-BR,S-ZB-UN,S-ZO-UN,B-ZB-BR,B-ZB-BO,B-ZG-BR,B-ZG-PE,B-ZF-BR,B-ZB-BR
322,2012.07.13 00:00,NZDUSD,60,86400,SELL,ZF,1,0.79969,0.79301,668.0,0.79785,0.78592,1193.0,178.593,27.54,484.0,157.6,0.79785,0.79301,0.78108,BOUNCE,2012.07.25 03:00,1,2012.07.25 21:00,1,2012.07.26 22:00,1,2012.07.27 12:00,3,2d 9h,Asia,NA,,NA,,0.80453,BOUNCE,2012.07.19 13:00,1,2012.07.23 04:00,1,2012.07.23 16:00,1,2012.07.25 03:00,3,5d 14h,NewYork,NA,,NA,,0.78817,BREAK,2012.07.23 16:00,0,,0,,0,,0,NA,NewYork,BREAK,2012.07.25 01:00,UNTOUCHED,,0.80269,BREAK,2012.07.19 11:00,0,,0,,0,,0,NA,London,BREAK,2012.07.27 20:00,BREAK,2012.08.01 11:00,B-ZG-BO,B-ZO-BR,S-ZB-BR,B-ZO-BR,B-ZO-BR,B-ZF-BR,B-ZB-BO,S-ZE-UN,B-ZB-BO,B-ZF-BR,S-ZG-BR,S-ZB-UN,S-ZO-UN,B-ZB-BR,B-ZB-BO,B-ZG-BR,B-ZG-PE,B-ZF-BR,B-ZB-BR,S-ZF-BR
323,2012.07.23 01:00,NZDUSD,60,86400,SELL,ZG,0,0.80534,0.79904,630.0,0.80378,0.79775,603.0,95.714,24.76,474.0,148.7,0.80378,0.79904,0.79301,BREAK,2012.07.23 05:00,0,,0,,0,,0,NA,Asia,BREAK,2012.07.23 17:00,BREAK,2012.07.25 01:00,0.81008,BREAK,2012.07.27 20:00,0,,0,,0,,0,NA,NewYork,BREAK,2012.08.02 15:00,BREAK,2012.08.06 17:00,0.79430,BREAK,2012.07.23 04:00,0,,0,,0,,0,NA,Asia,BREAK,2012.07.23 16:00,BREAK,2012.07.25 01:00,0.80852,BREAK,2012.07.27 20:00,0,,0,,0,,0,NA,NewYork,BOUNCE,2012.08.01 21:00,NA,,S-ZF-BO,B-ZG-BO,B-ZO-BR,S-ZB-BR,B-ZO-BR,B-ZO-BR,B-ZF-BR,B-ZB-BO,S-ZE-UN,B-ZB-BO,S-ZB-UN,S-ZO-UN,B-ZB-BR,B-ZB-BO,B-ZG-BR,B-ZG-PE,B-ZF-BR,B-ZB-BR,S-ZF-BR,S-ZO-BO
324,2012.07.25 00:00,NZDUSD,60,86400,SELL,ZB,1,0.79805,0.78656,1149.0,0.79212,0.78381,831.0,72.324,51.61,556.0,271.2,0.79212,0.78656,0.77825,UNTOUCHED,,0,,0,,0,,0,NA,Other,NA,,NA,,0.80361,BREAK,2012.07.27 09:00,0,,0,,0,,0,NA,London,BREAK,2012.07.31 18:00,BOUNCE,2012.08.02 15:00,0.78100,BOUNCE,2012.07.25 04:00,1,2012.07.26 14:00,1,2012.07.27 09:00,0,,2,2d 5h,Asia,NA,,NA,,0.79768,BREAK,2012.07.26 14:00,0,,0,,0,,0,NA,NewYork,BREAK,2012.07.27 15:00,BREAK,2012.07.31 18:00,S-ZG-BR,S-ZF-BO,B-ZG-BO,B-ZO-BR,S-ZB-BR,B-ZO-BR,B-ZO-BR,B-ZF-BR,B-ZB-BO,S-ZE-UN,S-ZO-UN,B-ZB-BR,B-ZB-BO,B-ZG-BR,B-ZG-PE,B-ZF-BR,B-ZB-BR,S-ZF-BR,S-ZO-BO,S-ZF-BR
325,2012.07.26 00:00,NZDUSD,60,86400,SELL,ZO,0,0.79212,0.78381,831.0,0.79139,0.78065,1074.0,129.242,8.78,758.0,196.1,0.79139,0.78381,0.77307,UNTOUCHED,,0,,0,,0,,0,NA,Other,NA,,NA,,0.79970,BREAK,2012.07.26 15:00,0,,0,,0,,0,NA,NewYork,BREAK,2012.07.27 20:00,BREAK,2012.08.02 15:00,0.77623,UNTOUCHED,,0,,0,,0,,0,NA,Other,NA,,NA,,0.79897,BREAK,2012.07.26 14:00,0,,0,,0,,0,NA,NewYork,BREAK,2012.07.27 20:00,BREAK,2012.08.02 15:00,S-ZB-UN,S-ZG-BR,S-ZF-BO,B-ZG-BO,B-ZO-BR,S-ZB-BR,B-ZO-BR,B-ZO-BR,B-ZF-BR,B-ZB-BO,B-ZB-BR,B-ZB-BO,B-ZG-BR,B-ZG-PE,B-ZF-BR,B-ZB-BR,S-ZF-BR,S-ZO-BO,S-ZF-BR,S-ZE-BR
326,2012.07.27 00:00,NZDUSD,60,86400,BUY,ZB,1,0.79139,0.78065,1074.0,0.80272,0.78873,1399.0,130.261,75.23,266.0,253.5,0.79139,0.78873,0.80538,BREAK,2012.07.27 13:00,0,,0,,0,,0,NA,NewYork,BREAK,2012.07.31 05:00,BOUNCE,2012.07.31 10:00,0.77799,UNTOUCHED,,0,,0,,0,,0,NA,Other,NA,,NA,,0.79405,BREAK,2012.07.27 00:00,0,,0,,0,,0,NA,Asia,BREAK,2012.07.27 01:00,BREAK,2012.07.27 06:00,0.78607,UNTOUCHED,,0,,0,,0,,0,NA,Other,NA,,NA,,S-ZO-UN,S-ZB-UN,S-ZG-BR,S-ZF-BO,B-ZG-BO,B-ZO-BR,S-ZB-BR,B-ZO-BR,B-ZO-BR,B-ZF-BR,B-ZB-BO,B-ZG-BR,B-ZG-PE,B-ZF-BR,B-ZB-BR,S-ZF-BR,S-ZO-BO,S-ZF-BR,S-ZE-BR,B-ZD-BO
327,2012.07.28 00:00,NZDUSD,60,86400,BUY,ZB,1,0.80272,0.78873,1399.0,0.81028,0.79889,1139.0,81.415,72.62,383.0,330.2,0.80272,0.79889,0.81411,BOUNCE,2012.08.01 11:00,1,2012.08.14 16:00,1,2012.09.04 13:00,0,,2,4w 6d,London,NA,,NA,,0.78490,UNTOUCHED,,0,,0,,0,,0,NA,Other,NA,,NA,,0.80655,BREAK,2012.07.28 00:00,0,,0,,0,,0,NA,Asia,BREAK,2012.08.01 11:00,BOUNCE,2012.08.02 15:00,0.79506,BREAK,2012.09.04 13:00,0,,0,,0,,0,NA,NewYork,UNTOUCHED,,NA,,B-ZB-BR,S-ZO-UN,S-ZB-UN,S-ZG-BR,S-ZF-BO,B-ZG-BO,B-ZO-BR,S-ZB-BR,B-ZO-BR,B-ZO-BR,B-ZG-BR,B-ZG-PE,B-ZF-BR,B-ZB-BR,S-ZF-BR,S-ZO-BO,S-ZF-BR,S-ZE-BR,B-ZD-BO,B-ZO-BO
328,2012.08.01 00:00,NZDUSD,60,86400,BUY,ZG,0,0.81011,0.80698,313.0,0.81198,0.80768,430.0,137.380,22.36,243.0,73.9,0.81011,0.80768,0.81441,BREAK,2012.08.02 15:00,0,,0,,0,,0,NA,NewYork,BREAK,2012.08.03 17:00,BOUNCE,2012.08.06 10:00,0.80455,BREAK,2012.08.14 22:00,0,,0,,0,,0,NA,Other,BOUNCE,2012.08.29 10:00,NA,,0.81254,BREAK,2012.08.01 09:00,0,,0,,0,,0,NA,London,BREAK,2012.08.02 15:00,BREAK,2012.08.03 17:00,0.80525,BREAK,2012.08.14 17:00,0,,0,,0,,0,NA,NewYork,BREAK,2012.08.29 10:00,BOUNCE,2012.08.30 09:00,B-ZB-BO,B-ZB-BR,S-ZO-UN,S-ZB-UN,S-ZG-BR,S-ZF-BO,B-ZG-BO,B-ZO-BR,S-ZB-BR,B-ZO-BR,B-ZG-PE,B-ZF-BR,B-ZB-BR,S-ZF-BR,S-ZO-BO,S-ZF-BR,S-ZE-BR,B-ZD-BO,B-ZO-BO,B-ZB-BR
329,2012.08.03 00:00,NZDUSD,60,86400,BUY,ZG,0,0.81420,0.80658,762.0,0.81685,0.80694,991.0,130.052,4.72,726.0,179.8,0.81420,0.80694,0.82411,PENDING,2012.09.13 15:00,0,,0,,0,,0,NA,NewYork,NA,,NA,,0.79932,BREAK,2012.08.30 17:00,0,,0,,0,,0,NA,NewYork,BOUNCE,2012.09.06 17:00,NA,,0.82146,BOUNCE,2012.08.06 18:00,1,2012.08.30 17:00,1,2012.08.30 17:00,0,,2,3w 2d,NewYork,NA,,NA,,0.79968,BREAK,2012.08.30 17:00,0,,0,,0,,0,NA,NewYork,BOUNCE,2012.09.06 17:00,NA,,B-ZG-BR,B-ZB-BO,B-ZB-BR,S-ZO-UN,S-ZB-UN,S-ZG-BR,S-ZF-BO,B-ZG-BO,B-ZO-BR,S-ZB-BR,B-ZF-BR,B-ZB-BR,S-ZF-BR,S-ZO-BO,S-ZF-BR,S-ZE-BR,B-ZD-BO,B-ZO-BO,B-ZB-BR,S-ZO-BR
330,2012.08.06 01:00,NZDUSD,60,86400,BUY,ZF,0,0.81685,0.80694,991.0,0.81972,0.80845,1127.0,113.724,15.24,840.0,233.9,0.81685,0.80845,0.82812,BREAK,2012.09.13 19:00,0,,0,,0,,0,NA,NewYork,UNTOUCHED,,NA,,0.79854,BREAK,2012.08.30 17:00,0,,0,,0,,0,NA,NewYork,UNTOUCHED,,NA,,0.82525,BREAK,2012.09.13 19:00,0,,0,,0,,0,NA,NewYork,BOUNCE,2012.09.17 20:00,NA,,0.80005,BREAK,2012.08.30 00:00,0,,0,,0,,0,NA,Asia,BOUNCE,2012.09.06 17:00,NA,,B-ZG-PE,B-ZG-BR,B-ZB-BO,B-ZB-BR,S-ZO-UN,S-ZB-UN,S-ZG-BR,S-ZF-BO,B-ZG-BO,B-ZO-BR,B-ZB-BR,S-ZF-BR,S-ZO-BO,S-ZF-BR,S-ZE-BR,B-ZD-BO,B-ZO-BO,B-ZB-BR,S-ZO-BR,B-ZE-BR
331,2012.08.07 00:00,NZDUSD,60,86400,BUY,ZB,1,0.81972,0.80845,1127.0,0.82215,0.81609,606.0,53.771,67.79,363.0,266.0,0.81972,0.81609,0.82578,BREAK,2012.09.13 19:00,0,,0,,0,,0,NA,NewYork,BOUNCE,2012.09.13 20:00,NA,,0.80482,BOUNCE,2012.08.14 22:00,1,2012.08.17 02:00,1,2012.09.12 11:00,1,2012.09.13 19:00,3,4w 1d,Other,NA,,NA,,0.82335,BOUNCE,2012.09.12 11:00,0,,0,,0,,0,NA,London,NA,,NA,,0.81246,BOUNCE,2012.08.08 07:00,1,2012.09.12 11:00,1,2012.09.12 11:00,0,,2,5w 0d,London,NA,,NA,,B-ZF-BR,B-ZG-PE,B-ZG-BR,B-ZB-BO,B-ZB-BR,S-ZO-UN,S-ZB-UN,S-ZG-BR,S-ZF-BO,B-ZG-BO,S-ZF-BR,S-ZO-BO,S-ZF-BR,S-ZE-BR,B-ZD-BO,B-ZO-BO,B-ZB-BR,S-ZO-BR,B-ZE-BR,S-ZD-BO
332,2012.08.08 00:00,NZDUSD,60,86400,SELL,ZF,0,0.82215,0.81609,606.0,0.82187,0.81445,742.0,122.442,4.62,578.0,143.0,0.82187,0.81609,0.80867,BREAK,2012.08.10 08:00,0,,0,,0,,0,NA,London,BREAK,2012.08.29 11:00,BOUNCE,2012.08.31 15:00,0.82793,BOUNCE,2012.09.13 19:00,0,,0,,0,,0,NA,NewYork,NA,,NA,,0.81031,BREAK,2012.08.09 16:00,0,,0,,0,,0,NA,NewYork,BOUNCE,2012.08.16 19:00,NA,,0.82765,BREAK,2012.09.13 19:00,0,,0,,0,,0,NA,NewYork,BREAK,2012.09.14 06:00,UNTOUCHED,,B-ZB-BR,B-ZF-BR,B-ZG-PE,B-ZG-BR,B-ZB-BO,B-ZB-BR,S-ZO-UN,S-ZB-UN,S-ZG-BR,S-ZF-BO,S-ZO-BO,S-ZF-BR,S-ZE-BR,B-ZD-BO,B-ZO-BO,B-ZB-BR,S-ZO-BR,B-ZE-BR,S-ZD-BO,S-ZB-BO
333,2012.08.11 00:00,NZDUSD,60,86400,SELL,ZO,0,0.81590,0.80959,631.0,0.81377,0.80819,558.0,88.431,33.76,418.0,148.9,0.81377,0.80959,0.80401,BOUNCE,2012.08.15 02:00,1,2012.08.21 10:00,1,2012.08.23 04:00,1,2012.09.12 06:00,3,4w 0d,Asia,NA,,NA,,0.82008,BREAK,2012.09.12 06:00,0,,0,,0,,0,NA,Asia,BREAK,2012.09.13 19:00,BREAK,2012.09.13 20:00,0.80541,BREAK,2012.08.14 17:00,0,,0,,0,,0,NA,NewYork,BREAK,2012.08.30 17:00,BOUNCE,2012.08.31 12:00,0.81795,BOUNCE,2012.08.23 04:00,1,2012.08.28 15:00,1,2012.08.28 15:00,0,,2,5d 11h,Asia,NA,,NA,,S-ZF-BR,B-ZB-BR,B-ZF-BR,B-ZG-PE,B-ZG-BR,B-ZB-BO,B-ZB-BR,S-ZO-UN,S-ZB-UN,S-ZG-BR,S-ZF-BR,S-ZE-BR,B-ZD-BO,B-ZO-BO,B-ZB-BR,S-ZO-BR,B-ZE-BR,S-ZD-BO,S-ZB-BO,S-ZD-BO
334,2012.08.15 00:00,NZDUSD,60,86400,SELL,ZF,1,0.81272,0.80749,523.0,0.81131,0.80420,711.0,135.946,26.96,382.0,123.4,0.81131,0.80749,0.80038,BREAK,2012.08.29 22:00,0,,0,,0,,0,NA,Other,BREAK,2012.09.04 13:00,BREAK,2012.09.05 11:00,0.81654,BREAK,2012.08.23 03:00,0,,0,,0,,0,NA,Asia,BREAK,2012.09.12 11:00,BREAK,2012.09.13 19:00,0.80367,BOUNCE,2012.08.15 02:00,1,2012.08.23 02:00,1,2012.08.23 03:00,0,,2,1w 1d,Asia,NA,,NA,,0.81513,BREAK,2012.08.23 02:00,0,,0,,0,,0,NA,Asia,BREAK,2012.09.12 06:00,BOUNCE,2012.09.12 14:00,S-ZO-BO,S-ZF-BR,B-ZB-BR,B-ZF-BR,B-ZG-PE,B-ZG-BR,B-ZB-BO,B-ZB-BR,S-ZO-UN,S-ZB-UN,S-ZE-BR,B-ZD-BO,B-ZO-BO,B-ZB-BR,S-ZO-BR,B-ZE-BR,S-ZD-BO,S-ZB-BO,S-ZD-BO,B-ZF-BR
335,2012.08.16 00:00,NZDUSD,60,86400,SELL,ZE,1,0.81131,0.80420,711.0,0.80731,0.80354,377.0,53.024,56.26,311.0,167.8,0.80731,0.80420,0.80043,BREAK,2012.08.29 22:00,0,,0,,0,,0,NA,Other,BOUNCE,2012.08.31 11:00,NA,,0.81442,BREAK,2012.08.23 02:00,0,,0,,0,,0,NA,Asia,BOUNCE,2012.08.23 19:00,NA,,0.80109,BREAK,2012.08.29 22:00,0,,0,,0,,0,NA,Other,BOUNCE,2012.08.31 11:00,NA,,0.81042,BREAK,2012.08.16 19:00,0,,0,,0,,0,NA,NewYork,BOUNCE,2012.08.21 22:00,NA,,S-ZF-BR,S-ZO-BO,S-ZF-BR,B-ZB-BR,B-ZF-BR,B-ZG-PE,B-ZG-BR,B-ZB-BO,B-ZB-BR,S-ZO-UN,B-ZD-BO,B-ZO-BO,B-ZB-BR,S-ZO-BR,B-ZE-BR,S-ZD-BO,S-ZB-BO,S-ZD-BO,B-ZF-BR,S-ZD-UN
336,2012.08.17 00:00,NZDUSD,60,86400,BUY,ZD,1,0.80731,0.80354,377.0,0.81162,0.80535,627.0,166.313,48.01,196.0,89.0,0.80731,0.80535,0.81358,BOUNCE,2012.08.21 10:00,1,2012.08.21 22:00,1,2012.08.28 21:00,1,2012.08.29 11:00,3,1w 1d,London,NA,,NA,,0.80158,BOUNCE,2012.08.29 11:00,1,2012.09.07 15:00,1,2012.09.07 17:00,1,2012.09.11 14:00,3,1w 6d,London,NA,,NA,,0.80927,BREAK,2012.08.17 00:00,0,,0,,0,,0,NA,Asia,BREAK,2012.08.17 02:00,BREAK,2012.08.21 10:00,0.80339,BOUNCE,2012.08.28 21:00,1,2012.09.07 17:00,1,2012.09.07 17:00,0,,2,1w 2d,Other,NA,,NA,,S-ZE-BR,S-ZF-BR,S-ZO-BO,S-ZF-BR,B-ZB-BR,B-ZF-BR,B-ZG-PE,B-ZG-BR,B-ZB-BO,B-ZB-BR,B-ZO-BO,B-ZB-BR,S-ZO-BR,B-ZE-BR,S-ZD-BO,S-ZB-BO,S-ZD-BO,B-ZF-BR,S-ZD-UN,S-ZC-UN
337,2012.08.18 00:00,NZDUSD,60,86400,BUY,ZO,0,0.81162,0.80535,627.0,0.81219,0.80598,621.0,99.043,10.05,564.0,148.0,0.81162,0.80598,0.81783,BOUNCE,2012.08.23 04:00,1,2012.08.28 03:00,1,2012.08.29 22:00,1,2012.08.30 17:00,3,1w 0d,Asia,NA,,NA,,0.79971,BREAK,2012.08.30 17:00,0,,0,,0,,0,NA,NewYork,BREAK,2012.09.04 16:00,UNTOUCHED,,0.81726,BOUNCE,2012.08.23 04:00,1,2012.08.29 22:00,1,2012.08.30 17:00,0,,2,1w 0d,Asia,NA,,NA,,0.80034,BREAK,2012.08.29 22:00,0,,0,,0,,0,NA,Other,BREAK,2012.09.04 16:00,UNTOUCHED,,B-ZD-BO,S-ZE-BR,S-ZF-BR,S-ZO-BO,S-ZF-BR,B-ZB-BR,B-ZF-BR,B-ZG-PE,B-ZG-BR,B-ZB-BO,B-ZB-BR,S-ZO-BR,B-ZE-BR,S-ZD-BO,S-ZB-BO,S-ZD-BO,B-ZF-BR,S-ZD-UN,S-ZC-UN,B-ZB-BR
338,2012.08.22 00:00,NZDUSD,60,86400,BUY,ZB,1,0.81043,0.80616,427.0,0.81427,0.80828,599.0,140.281,49.65,215.0,100.8,0.81043,0.80828,0.81642,BREAK,2012.08.23 03:00,0,,0,,0,,0,NA,Asia,BREAK,2012.09.12 05:00,BREAK,2012.09.12 11:00,0.80401,BREAK,2012.08.28 20:00,0,,0,,0,,0,NA,NewYork,BOUNCE,2012.08.29 15:00,NA,,0.81258,BREAK,2012.08.22 21:00,0,,0,,0,,0,NA,Other,BREAK,2012.08.23 03:00,BREAK,2012.08.23 04:00,0.80613,BOUNCE,2012.08.28 03:00,1,2012.09.10 05:00,1,2012.09.10 05:00,0,,2,1w 6d,Asia,NA,,NA,,B-ZO-BO,B-ZD-BO,S-ZE-BR,S-ZF-BR,S-ZO-BO,S-ZF-BR,B-ZB-BR,B-ZF-BR,B-ZG-PE,B-ZG-BR,S-ZO-BR,B-ZE-BR,S-ZD-BO,S-ZB-BO,S-ZD-BO,B-ZF-BR,S-ZD-UN,S-ZC-UN,B-ZB-BR,B-ZF-BR
339,2012.08.23 00:00,NZDUSD,60,86400,SELL,ZO,0,0.81427,0.80828,599.0,0.81422,0.80752,670.0,111.853,0.83,594.0,141.4,0.81422,0.80828,0.80158,BREAK,2012.08.29 11:00,0,,0,,0,,0,NA,London,BREAK,2012.09.04 13:00,UNTOUCHED,,0.82021,BREAK,2012.09.12 06:00,0,,0,,0,,0,NA,Asia,BREAK,2012.09.13 19:00,BREAK,2012.09.14 04:00,0.80234,BREAK,2012.08.29 10:00,0,,0,,0,,0,NA,London,BREAK,2012.09.04 13:00,UNTOUCHED,,0.82016,BREAK,2012.09.12 06:00,0,,0,,0,,0,NA,Asia,BREAK,2012.09.13 19:00,BREAK,2012.09.14 04:00,B-ZB-BR,B-ZO-BO,B-ZD-BO,S-ZE-BR,S-ZF-BR,S-ZO-BO,S-ZF-BR,B-ZB-BR,B-ZF-BR,B-ZG-PE,B-ZE-BR,S-ZD-BO,S-ZB-BO,S-ZD-BO,B-ZF-BR,S-ZD-UN,S-ZC-UN,B-ZB-BR,B-ZF-BR,B-ZF-UN
340,2012.08.24 00:00,NZDUSD,60,86400,BUY,ZE,1,0.81422,0.80752,670.0,0.81844,0.81239,605.0,90.299,72.69,183.0,158.1,0.81422,0.81239,0.82027,BREAK,2012.09.12 07:00,0,,0,,0,,0,NA,London,BOUNCE,2012.09.12 14:00,NA,,0.80569,BOUNCE,2012.08.28 03:00,1,2012.09.07 17:00,1,2012.09.11 16:00,1,2012.09.12 07:00,3,2w 1d,Asia,NA,,NA,,0.81605,BREAK,2012.09.11 16:00,0,,0,,0,,0,NA,NewYork,BREAK,2012.09.12 05:00,BREAK,2012.09.12 11:00,0.81056,BREAK,2012.08.24 10:00,0,,0,,0,,0,NA,London,BOUNCE,2012.08.24 18:00,NA,,S-ZO-BR,B-ZB-BR,B-ZO-BO,B-ZD-BO,S-ZE-BR,S-ZF-BR,S-ZO-BO,S-ZF-BR,B-ZB-BR,B-ZF-BR,S-ZD-BO,S-ZB-BO,S-ZD-BO,B-ZF-BR,S-ZD-UN,S-ZC-UN,B-ZB-BR,B-ZF-BR,B-ZF-UN,B-ZE-UN
341,2012.08.25 00:00,NZDUSD,60,86400,SELL,ZD,1,0.81844,0.81239,605.0,0.81392,0.80789,603.0,99.669,74.71,153.0,142.8,0.81392,0.81239,0.80636,BOUNCE,2012.08.28 03:00,1,2012.09.07 17:00,1,2012.09.11 15:00,1,2012.09.12 06:00,3,2w 1d,Asia,NA,,NA,,0.81997,BREAK,2012.09.12 06:00,0,,0,,0,,0,NA,Asia,BREAK,2012.09.12 12:00,BOUNCE,2012.09.13 14:00,0.81086,BOUNCE,2012.08.25 00:00,1,2012.09.11 15:00,1,2012.09.12 06:00,0,,2,2w 4d,Asia,NA,,NA,,0.81545,BREAK,2012.09.11 15:00,0,,0,,0,,0,NA,NewYork,BREAK,2012.09.11 18:00,BOUNCE,2012.09.11 23:00,B-ZE-BR,S-ZO-BR,B-ZB-BR,B-ZO-BO,B-ZD-BO,S-ZE-BR,S-ZF-BR,S-ZO-BO,S-ZF-BR,B-ZB-BR,S-ZB-BO,S-ZD-BO,B-ZF-BR,S-ZD-UN,S-ZC-UN,B-ZB-BR,B-ZF-BR,B-ZF-UN,B-ZE-UN,S-ZO-BR
342,2012.08.30 00:00,NZDUSD,60,86400,SELL,ZB,1,0.80869,0.80307,562.0,0.80559,0.80019,540.0,96.085,55.16,252.0,132.6,0.80559,0.80307,0.79767,BOUNCE,2012.08.30 19:00,1,2012.08.31 14:00,1,2012.09.07 15:00,1,2012.09.07 17:00,3,1w 0d,NewYork,NA,,NA,,0.81121,BOUNCE,2012.09.07 17:00,0,,0,,0,,0,NA,NewYork,NA,,NA,,0.80055,BREAK,2012.08.30 00:00,0,,0,,0,,0,NA,Asia,BOUNCE,2012.08.31 11:00,NA,,0.80811,BOUNCE,2012.09.07 15:00,0,,0,,0,,0,NA,NewYork,NA,,NA,,S-ZD-BO,B-ZE-BR,S-ZO-BR,B-ZB-BR,B-ZO-BO,B-ZD-BO,S-ZE-BR,S-ZF-BR,S-ZO-BO,S-ZF-BR,S-ZD-BO,B-ZF-BR,S-ZD-UN,S-ZC-UN,B-ZB-BR,B-ZF-BR,B-ZF-UN,B-ZE-UN,S-ZO-BR,B-ZC-BR
343,2012.08.31 00:00,NZDUSD,60,86400,SELL,ZD,1,0.80559,0.80019,540.0,0.80301,0.79680,621.0,115.000,47.78,282.0,127.4,0.80301,0.80019,0.79398,BOUNCE,2012.09.04 13:00,1,2012.09.06 17:00,1,2012.09.07 15:00,1,2012.09.07 15:00,3,3d 2h,NewYork,NA,,NA,,0.80841,BOUNCE,2012.09.07 15:00,0,,0,,0,,0,NA,NewYork,NA,,NA,,0.79737,BOUNCE,2012.08.31 02:00,1,2012.09.07 15:00,1,2012.09.07 15:00,0,,2,1w 0d,Asia,NA,,NA,,0.80583,BREAK,2012.09.07 15:00,0,,0,,0,,0,NA,NewYork,BREAK,2012.09.07 17:00,BREAK,2012.09.10 05:00,S-ZB-BO,S-ZD-BO,B-ZE-BR,S-ZO-BR,B-ZB-BR,B-ZO-BO,B-ZD-BO,S-ZE-BR,S-ZF-BR,S-ZO-BO,B-ZF-BR,S-ZD-UN,S-ZC-UN,B-ZB-BR,B-ZF-BR,B-ZF-UN,B-ZE-UN,S-ZO-BR,B-ZC-BR,B-ZE-UN
344,2012.09.01 00:00,NZDUSD,60,86400,BUY,ZF,0,0.80301,0.79680,621.0,0.80412,0.79721,691.0,111.272,6.60,580.0,146.6,0.80301,0.79721,0.80992,BREAK,2012.09.07 17:00,0,,0,,0,,0,NA,NewYork,BREAK,2012.09.11 16:00,BREAK,2012.09.12 11:00,0.79100,UNTOUCHED,,0,,0,,0,,0,NA,Other,NA,,NA,,0.80881,BREAK,2012.09.07 17:00,0,,0,,0,,0,NA,NewYork,BREAK,2012.09.11 16:00,BREAK,2012.09.12 11:00,0.79141,BOUNCE,2012.09.05 11:00,1,2012.09.07 17:00,1,2012.09.07 17:00,0,,2,2d 6h,London,NA,,NA,,S-ZD-BO,S-ZB-BO,S-ZD-BO,B-ZE-BR,S-ZO-BR,B-ZB-BR,B-ZO-BO,B-ZD-BO,S-ZE-BR,S-ZF-BR,S-ZD-UN,S-ZC-UN,B-ZB-BR,B-ZF-BR,B-ZF-UN,B-ZE-UN,S-ZO-BR,B-ZC-BR,B-ZE-UN,S-ZE-BO
345,2012.09.05 00:00,NZDUSD,60,86400,SELL,ZD,1,0.80150,0.79689,461.0,0.79952,0.79202,750.0,162.690,42.95,263.0,108.8,0.79952,0.79689,0.78939,UNTOUCHED,,0,,0,,0,,0,NA,Other,NA,,NA,,0.80413,BREAK,2012.09.07 10:00,0,,0,,0,,0,NA,London,BREAK,2012.09.07 16:00,BREAK,2012.09.07 17:00,0.79426,BREAK,2012.09.05 00:00,0,,0,,0,,0,NA,Asia,BOUNCE,2012.09.05 15:00,NA,,0.80215,BREAK,2012.09.06 19:00,0,,0,,0,,0,NA,NewYork,BOUNCE,2012.09.07 14:00,NA,,B-ZF-BR,S-ZD-BO,S-ZB-BO,S-ZD-BO,B-ZE-BR,S-ZO-BR,B-ZB-BR,B-ZO-BO,B-ZD-BO,S-ZE-BR,S-ZC-UN,B-ZB-BR,B-ZF-BR,B-ZF-UN,B-ZE-UN,S-ZO-BR,B-ZC-BR,B-ZE-UN,S-ZE-BO,B-ZE-UN
346,2012.09.06 00:00,NZDUSD,60,86400,SELL,ZC,1,0.79952,0.79202,750.0,0.79574,0.79125,449.0,59.867,50.40,372.0,177.0,0.79574,0.79202,0.78753,UNTOUCHED,,0,,0,,0,,0,NA,Other,NA,,NA,,0.80324,BREAK,2012.09.07 08:00,0,,0,,0,,0,NA,London,BREAK,2012.09.07 17:00,BREAK,2012.09.10 05:00,0.78830,UNTOUCHED,,0,,0,,0,,0,NA,Other,NA,,NA,,0.79946,BREAK,2012.09.06 17:00,0,,0,,0,,0,NA,NewYork,BREAK,2012.09.07 15:00,BREAK,2012.09.07 17:00,S-ZD-UN,B-ZF-BR,S-ZD-BO,S-ZB-BO,S-ZD-BO,B-ZE-BR,S-ZO-BR,B-ZB-BR,B-ZO-BO,B-ZD-BO,B-ZB-BR,B-ZF-BR,B-ZF-UN,B-ZE-UN,S-ZO-BR,B-ZC-BR,B-ZE-UN,S-ZE-BO,B-ZE-UN,S-ZE-BO
347,2012.09.08 00:00,NZDUSD,60,86400,BUY,ZB,1,0.80304,0.79381,923.0,0.81234,0.80006,1228.0,133.044,67.71,298.0,217.8,0.80304,0.80006,0.81532,BREAK,2012.09.11 15:00,0,,0,,0,,0,NA,NewYork,BREAK,2012.09.12 07:00,BREAK,2012.09.12 11:00,0.79083,UNTOUCHED,,0,,0,,0,,0,NA,Other,NA,,NA,,0.80602,BREAK,2012.09.08 00:00,0,,0,,0,,0,NA,Asia,BREAK,2012.09.10 04:00,BOUNCE,2012.09.10 16:00,0.79708,UNTOUCHED,,0,,0,,0,,0,NA,Other,NA,,NA,,S-ZC-UN,S-ZD-UN,B-ZF-BR,S-ZD-BO,S-ZB-BO,S-ZD-BO,B-ZE-BR,S-ZO-BR,B-ZB-BR,B-ZO-BO,B-ZF-BR,B-ZF-UN,B-ZE-UN,S-ZO-BR,B-ZC-BR,B-ZE-UN,S-ZE-BO,B-ZE-UN,S-ZE-BO,S-ZO-BO
348,2012.09.12 00:00,NZDUSD,60,86400,BUY,ZF,1,0.81318,0.80784,534.0,0.81922,0.80799,1123.0,210.300,2.81,519.0,126.0,0.81318,0.80799,0.82441,BREAK,2012.09.13 19:00,0,,0,,0,,0,NA,NewYork,BREAK,2012.09.13 21:00,BOUNCE,2012.09.14 18:00,0.80265,UNTOUCHED,,0,,0,,0,,0,NA,Other,NA,,NA,,0.81837,BREAK,2012.09.12 03:00,0,,0,,0,,0,NA,Asia,BREAK,2012.09.13 19:00,BREAK,2012.09.13 20:00,0.80280,UNTOUCHED,,0,,0,,0,,0,NA,Other,NA,,NA,,B-ZB-BR,S-ZC-UN,S-ZD-UN,B-ZF-BR,S-ZD-BO,S-ZB-BO,S-ZD-BO,B-ZE-BR,S-ZO-BR,B-ZB-BR,B-ZF-UN,B-ZE-UN,S-ZO-BR,B-ZC-BR,B-ZE-UN,S-ZE-BO,B-ZE-UN,S-ZE-BO,S-ZO-BO,B-ZO-BO
349,2012.09.14 00:00,NZDUSD,60,86400,BUY,ZF,1,0.82352,0.81673,679.0,0.83207,0.81923,1284.0,189.102,36.82,429.0,160.2,0.82352,0.81923,0.83636,UNTOUCHED,,0,,0,,0,,0,NA,Other,NA,,NA,,0.81244,BREAK,2012.10.16 17:00,0,,0,,0,,0,NA,NewYork,BREAK,2012.11.16 19:00,UNTOUCHED,,0.82781,BREAK,2012.09.14 00:00,0,,0,,0,,0,NA,Asia,BREAK,2012.09.14 04:00,UNTOUCHED,,0.81494,BOUNCE,2012.10.08 10:00,0,,0,,0,,0,NA,London,NA,,NA,,B-ZF-BR,B-ZB-BR,S-ZC-UN,S-ZD-UN,B-ZF-BR,S-ZD-BO,S-ZB-BO,S-ZD-BO,B-ZE-BR,S-ZO-BR,B-ZE-UN,S-ZO-BR,B-ZC-BR,B-ZE-UN,S-ZE-BO,B-ZE-UN,S-ZE-BO,S-ZO-BO,B-ZO-BO,S-ZE-BR
350,2012.09.15 00:00,NZDUSD,60,86400,BUY,ZE,1,0.83207,0.81923,1284.0,0.83510,0.82848,662.0,51.558,72.04,359.0,303.0,0.83207,0.82848,0.83869,UNTOUCHED,,0,,0,,0,,0,NA,Other,NA,,NA,,0.81564,BOUNCE,2012.10.05 22:00,1,2012.10.09 05:00,0,,0,,1,3d 7h,Other,NA,,NA,,0.83566,UNTOUCHED,,0,,0,,0,,0,NA,Other,NA,,NA,,0.82489,BOUNCE,2012.09.17 21:00,0,,0,,0,,0,NA,Other,NA,,NA,,B-ZF-UN,B-ZF-BR,B-ZB-BR,S-ZC-UN,S-ZD-UN,B-ZF-BR,S-ZD-BO,S-ZB-BO,S-ZD-BO,B-ZE-BR,S-ZO-BR,B-ZC-BR,B-ZE-UN,S-ZE-BO,B-ZE-UN,S-ZE-BO,S-ZO-BO,B-ZO-BO,S-ZE-BR,B-ZG-BR
351,2012.09.19 00:00,NZDUSD,60,86400,SELL,ZO,0,0.83037,0.82485,552.0,0.82835,0.82354,481.0,87.138,36.59,350.0,130.3,0.82835,0.82485,0.82004,BREAK,2012.09.24 15:00,0,,0,,0,,0,NA,NewYork,BOUNCE,2012.10.04 19:00,NA,,0.83387,BREAK,2012.09.28 04:00,0,,0,,0,,0,NA,Asia,UNTOUCHED,,NA,,0.82135,BOUNCE,2012.09.20 10:00,1,2012.09.21 11:00,1,2012.09.28 04:00,0,,2,1w 0d,London,NA,,NA,,0.83185,BREAK,2012.09.21 11:00,0,,0,,0,,0,NA,London,BOUNCE,2012.09.28 13:00,NA,,B-ZE-UN,B-ZF-UN,B-ZF-BR,B-ZB-BR,S-ZC-UN,S-ZD-UN,B-ZF-BR,S-ZD-BO,S-ZB-BO,S-ZD-BO,B-ZC-BR,B-ZE-UN,S-ZE-BO,B-ZE-UN,S-ZE-BO,S-ZO-BO,B-ZO-BO,S-ZE-BR,B-ZG-BR,S-ZO-BO
352,2012.09.20 00:00,NZDUSD,60,86400,BUY,ZC,1,0.82835,0.82354,481.0,0.82940,0.82542,398.0,82.744,39.09,293.0,113.5,0.82835,0.82542,0.83233,BREAK,2012.09.21 12:00,0,,0,,0,,0,NA,London,BOUNCE,2012.09.28 13:00,NA,,0.82061,BREAK,2012.09.24 13:00,0,,0,,0,,0,NA,NewYork,BOUNCE,2012.10.04 01:00,NA,,0.83128,BREAK,2012.09.21 11:00,0,,0,,0,,0,NA,London,BREAK,2012.09.28 06:00,UNTOUCHED,,0.82249,BREAK,2012.09.20 09:00,0,,0,,0,,0,NA,London,BREAK,2012.09.24 15:00,BOUNCE,2012.10.04 17:00,S-ZO-BR,B-ZE-UN,B-ZF-UN,B-ZF-BR,B-ZB-BR,S-ZC-UN,S-ZD-UN,B-ZF-BR,S-ZD-BO,S-ZB-BO,B-ZE-UN,S-ZE-BO,B-ZE-UN,S-ZE-BO,S-ZO-BO,B-ZO-BO,S-ZE-BR,B-ZG-BR,S-ZO-BO,S-ZG-UN
353,2012.09.22 00:00,NZDUSD,60,86400,BUY,ZE,1,0.83008,0.82069,939.0,0.83356,0.82778,578.0,61.555,75.51,230.0,221.6,0.83008,0.82778,0.83586,UNTOUCHED,,0,,0,,0,,0,NA,Other,NA,,NA,,0.81839,BOUNCE,2012.09.24 15:00,1,2012.09.25 05:00,1,2012.09.27 20:00,0,,2,3d 5h,NewYork,NA,,NA,,0.83238,BOUNCE,2012.09.27 20:00,1,2012.10.03 02:00,1,2012.10.03 21:00,0,,2,6d 1h,NewYork,NA,,NA,,0.82548,BREAK,2012.09.24 04:00,0,,0,,0,,0,NA,Asia,BREAK,2012.09.24 13:00,BREAK,2012.09.24 15:00,B-ZC-BR,S-ZO-BR,B-ZE-UN,B-ZF-UN,B-ZF-BR,B-ZB-BR,S-ZC-UN,S-ZD-UN,B-ZF-BR,S-ZD-BO,S-ZE-BO,B-ZE-UN,S-ZE-BO,S-ZO-BO,B-ZO-BO,S-ZE-BR,B-ZG-BR,S-ZO-BO,S-ZG-UN,B-ZB-BR
354,2012.09.27 00:00,NZDUSD,60,86400,SELL,ZE,1,0.82824,0.82001,823.0,0.82469,0.81824,645.0,78.372,43.13,468.0,194.2,0.82469,0.82001,0.81356,BOUNCE,2012.10.15 03:00,1,2012.10.18 19:00,1,2012.11.07 09:00,0,,2,3w 2d,Asia,NA,,NA,,0.83292,BREAK,2012.09.28 04:00,0,,0,,0,,0,NA,Asia,UNTOUCHED,,NA,,0.81533,BOUNCE,2012.10.05 22:00,1,2012.11.07 09:00,0,,0,,1,4w 4d,Other,NA,,NA,,0.82937,BREAK,2012.09.27 17:00,0,,0,,0,,0,NA,NewYork,BOUNCE,2012.09.28 16:00,NA,,B-ZE-UN,B-ZC-BR,S-ZO-BR,B-ZE-UN,B-ZF-UN,B-ZF-BR,B-ZB-BR,S-ZC-UN,S-ZD-UN,B-ZF-BR,B-ZE-UN,S-ZE-BO,S-ZO-BO,B-ZO-BO,S-ZE-BR,B-ZG-BR,S-ZO-BO,S-ZG-UN,B-ZB-BR,B-ZE-BR
355,2012.09.29 00:00,NZDUSD,60,86400,BUY,ZE,1,0.83244,0.82397,847.0,0.83550,0.82742,808.0,95.396,40.73,502.0,199.9,0.83244,0.82742,0.84052,UNTOUCHED,,0,,0,,0,,0,NA,Other,NA,,NA,,0.81895,BREAK,2012.10.03 17:00,0,,0,,0,,0,NA,NewYork,BOUNCE,2012.10.15 18:00,NA,,0.83746,UNTOUCHED,,0,,0,,0,,0,NA,Other,NA,,NA,,0.82240,BREAK,2012.10.03 06:00,0,,0,,0,,0,NA,Asia,BOUNCE,2012.10.04 20:00,NA,,S-ZE-BO,B-ZE-UN,B-ZC-BR,S-ZO-BR,B-ZE-UN,B-ZF-UN,B-ZF-BR,B-ZB-BR,S-ZC-UN,S-ZD-UN,S-ZE-BO,S-ZO-BO,B-ZO-BO,S-ZE-BR,B-ZG-BR,S-ZO-BO,S-ZG-UN,B-ZB-BR,B-ZE-BR,S-ZB-BR
356,2012.10.05 00:00,NZDUSD,60,86400,SELL,ZE,1,0.82731,0.81722,1009.0,0.82318,0.81650,668.0,66.204,40.93,596.0,238.1,0.82318,0.81722,0.81054,BOUNCE,2012.10.23 18:00,1,2012.10.25 05:00,1,2012.11.07 09:00,0,,2,2w 0d,NewYork,NA,,NA,,0.83327,UNTOUCHED,,0,,0,,0,,0,NA,Other,NA,,NA,,0.81126,BOUNCE,2012.10.16 17:00,1,2012.11.07 09:00,0,,0,,1,3w 0d,NewYork,NA,,NA,,0.82914,BOUNCE,2012.11.07 09:00,1,2012.11.14 18:00,1,2012.11.14 18:00,0,,2,1w 0d,London,NA,,NA,,B-ZE-UN,S-ZE-BO,B-ZE-UN,B-ZC-BR,S-ZO-BR,B-ZE-UN,B-ZF-UN,B-ZF-BR,B-ZB-BR,S-ZC-UN,S-ZO-BO,B-ZO-BO,S-ZE-BR,B-ZG-BR,S-ZO-BO,S-ZG-UN,B-ZB-BR,B-ZE-BR,S-ZB-BR,S-ZF-BR
357,2012.10.09 00:00,NZDUSD,60,86400,SELL,ZO,0,0.82647,0.81504,1143.0,0.82227,0.81475,752.0,65.792,36.75,723.0,269.7,0.82227,0.81504,0.80752,BOUNCE,2012.11.16 14:00,0,,0,,0,,0,NA,NewYork,NA,,NA,,0.83370,UNTOUCHED,,0,,0,,0,,0,NA,Other,NA,,NA,,0.80781,BREAK,2012.11.15 21:00,0,,0,,0,,0,NA,Other,UNTOUCHED,,NA,,0.82950,BOUNCE,2012.11.07 09:00,1,2012.11.15 21:00,1,2012.11.15 21:00,0,,2,1w 1d,London,NA,,NA,,S-ZE-BO,B-ZE-UN,S-ZE-BO,B-ZE-UN,B-ZC-BR,S-ZO-BR,B-ZE-UN,B-ZF-UN,B-ZF-BR,B-ZB-BR,B-ZO-BO,S-ZE-BR,B-ZG-BR,S-ZO-BO,S-ZG-UN,B-ZB-BR,B-ZE-BR,S-ZB-BR,S-ZF-BR,S-ZD-BR
358,2012.10.10 00:00,NZDUSD,60,86400,BUY,ZO,0,0.82227,0.81475,752.0,0.82358,0.81581,777.0,103.324,14.10,646.0,177.5,0.82227,0.81581,0.83004,BOUNCE,2012.11.07 09:00,1,2012.11.08 04:00,1,2012.11.14 18:00,1,2012.11.15 20:00,3,1w 1d,London,NA,,NA,,0.80829,BREAK,2012.11.15 20:00,0,,0,,0,,0,NA,NewYork,UNTOUCHED,,NA,,0.82873,BREAK,2012.11.06 15:00,0,,0,,0,,0,NA,NewYork,BREAK,2012.12.11 13:00,BREAK,2012.12.12 20:00,0.80935,BREAK,2012.11.14 18:00,0,,0,,0,,0,NA,NewYork,UNTOUCHED,,NA,,S-ZO-BO,S-ZE-BO,B-ZE-UN,S-ZE-BO,B-ZE-UN,B-ZC-BR,S-ZO-BR,B-ZE-UN,B-ZF-UN,B-ZF-BR,S-ZE-BR,B-ZG-BR,S-ZO-BO,S-ZG-UN,B-ZB-BR,B-ZE-BR,S-ZB-BR,S-ZF-BR,S-ZD-BR,B-ZG-BR
359,2012.10.11 00:00,NZDUSD,60,86400,SELL,ZE,1,0.82358,0.81581,777.0,0.82054,0.81441,613.0,78.893,39.12,473.0,183.4,0.82054,0.81581,0.80968,BREAK,2012.11.14 18:00,0,,0,,0,,0,NA,NewYork,UNTOUCHED,,NA,,0.82831,BOUNCE,2012.11.02 17:00,1,2012.11.08 00:00,1,2012.11.14 18:00,1,2012.11.14 18:00,3,1w 5d,NewYork,NA,,NA,,0.81108,BOUNCE,2012.10.16 18:00,1,2012.11.01 15:00,1,2012.11.02 17:00,0,,2,2w 2d,NewYork,NA,,NA,,0.82527,BREAK,2012.11.01 15:00,0,,0,,0,,0,NA,NewYork,BOUNCE,2012.11.07 19:00,NA,,B-ZO-BO,S-ZO-BO,S-ZE-BO,B-ZE-UN,S-ZE-BO,B-ZE-UN,B-ZC-BR,S-ZO-BR,B-ZE-UN,B-ZF-UN,B-ZG-BR,S-ZO-BO,S-ZG-UN,B-ZB-BR,B-ZE-BR,S-ZB-BR,S-ZF-BR,S-ZD-BR,B-ZG-BR,B-ZB-BR
360,2012.10.15 01:00,NZDUSD,60,86400,BUY,ZG,0,0.81895,0.81519,376.0,0.82080,0.81549,531.0,141.223,7.98,346.0,88.7,0.81895,0.81549,0.82426,BREAK,2012.11.01 14:00,0,,0,,0,,0,NA,NewYork,BREAK,2012.11.02 17:00,BREAK,2012.12.06 15:00,0.81173,BREAK,2012.10.16 17:00,0,,0,,0,,0,NA,NewYork,BREAK,2012.11.16 14:00,UNTOUCHED,,0.82241,BOUNCE,2012.10.17 17:00,1,2012.10.23 16:00,1,2012.10.23 16:00,0,,2,5d 23h,NewYork,NA,,NA,,0.81203,BREAK,2012.10.16 17:00,0,,0,,0,,0,NA,NewYork,BREAK,2012.11.16 14:00,BOUNCE,2012.11.16 19:00,S-ZE-BR,B-ZO-BO,S-ZO-BO,S-ZE-BO,B-ZE-UN,S-ZE-BO,B-ZE-UN,B-ZC-BR,S-ZO-BR,B-ZE-UN,S-ZO-BO,S-ZG-UN,B-ZB-BR,B-ZE-BR,S-ZB-BR,S-ZF-BR,S-ZD-BR,B-ZG-BR,B-ZB-BR,B-ZE-BR
361,2012.10.16 00:00,NZDUSD,60,86400,SELL,ZO,0,0.82080,0.81549,531.0,0.81946,0.81277,669.0,125.989,25.24,397.0,125.3,0.81946,0.81549,0.80880,BOUNCE,2012.11.14 18:00,1,2012.11.19 13:00,1,2012.11.23 19:00,1,2012.11.23 20:00,3,1w 2d,NewYork,NA,,NA,,0.82477,BREAK,2012.11.01 14:00,0,,0,,0,,0,NA,NewYork,BOUNCE,2012.11.07 04:00,NA,,0.81152,BOUNCE,2012.10.16 17:00,1,2012.10.25 11:00,1,2012.11.01 14:00,0,,2,2w 1d,NewYork,NA,,NA,,0.82343,BOUNCE,2012.10.25 11:00,1,2012.11.14 18:00,1,2012.11.14 18:00,0,,2,2w 6d,London,NA,,NA,,B-ZG-BR,S-ZE-BR,B-ZO-BO,S-ZO-BO,S-ZE-BO,B-ZE-UN,S-ZE-BO,B-ZE-UN,B-ZC-BR,S-ZO-BR,S-ZG-UN,B-ZB-BR,B-ZE-BR,S-ZB-BR,S-ZF-BR,S-ZD-BR,B-ZG-BR,B-ZB-BR,B-ZE-BR,B-ZB-BR
362,2012.10.17 00:00,NZDUSD,60,86400,SELL,ZG,0,0.81946,0.81277,669.0,0.81869,0.81074,795.0,118.834,11.51,592.0,157.9,0.81869,0.81277,0.80482,UNTOUCHED,,0,,0,,0,,0,NA,Other,NA,,NA,,0.82538,BREAK,2012.11.01 15:00,0,,0,,0,,0,NA,NewYork,BREAK,2012.12.06 16:00,BREAK,2012.12.11 21:00,0.80685,BREAK,2012.11.16 19:00,0,,0,,0,,0,NA,NewYork,UNTOUCHED,,NA,,0.82461,BREAK,2012.11.01 14:00,0,,0,,0,,0,NA,NewYork,BOUNCE,2012.11.08 00:00,NA,,S-ZO-BO,B-ZG-BR,S-ZE-BR,B-ZO-BO,S-ZO-BO,S-ZE-BO,B-ZE-UN,S-ZE-BO,B-ZE-UN,B-ZC-BR,B-ZB-BR,B-ZE-BR,S-ZB-BR,S-ZF-BR,S-ZD-BR,B-ZG-BR,B-ZB-BR,B-ZE-BR,B-ZB-BR,S-ZE-BO
363,2012.10.18 00:00,NZDUSD,60,86400,BUY,ZB,1,0.81869,0.81074,795.0,0.82250,0.81389,861.0,108.302,39.62,480.0,187.6,0.81869,0.81389,0.82730,BREAK,2012.11.01 17:00,0,,0,,0,,0,NA,NewYork,BREAK,2012.12.06 18:00,BREAK,2012.12.11 21:00,0.80594,BOUNCE,2012.11.16 19:00,1,2012.11.19 13:00,1,2012.11.23 19:00,0,,2,1w 0d,NewYork,NA,,NA,,0.82349,BOUNCE,2012.10.25 11:00,1,2012.11.14 18:00,1,2012.11.16 19:00,0,,2,3w 1d,London,NA,,NA,,0.80909,BREAK,2012.11.14 18:00,0,,0,,0,,0,NA,NewYork,UNTOUCHED,,NA,,S-ZG-UN,S-ZO-BO,B-ZG-BR,S-ZE-BR,B-ZO-BO,S-ZO-BO,S-ZE-BO,B-ZE-UN,S-ZE-BO,B-ZE-UN,B-ZE-BR,S-ZB-BR,S-ZF-BR,S-ZD-BR,B-ZG-BR,B-ZB-BR,B-ZE-BR,B-ZB-BR,S-ZE-BO,B-ZO-BO
364,2012.10.19 00:00,NZDUSD,60,86400,BUY,ZE,1,0.82250,0.81389,861.0,0.82293,0.81751,542.0,62.950,42.04,499.0,203.2,0.82250,0.81751,0.82792,BREAK,2012.11.02 15:00,0,,0,,0,,0,NA,NewYork,BREAK,2012.12.10 17:00,BREAK,2012.12.12 09:00,0.80890,BREAK,2012.11.14 18:00,0,,0,,0,,0,NA,NewYork,UNTOUCHED,,NA,,0.82749,BREAK,2012.11.01 17:00,0,,0,,0,,0,NA,NewYork,BREAK,2012.12.06 18:00,BREAK,2012.12.12 00:00,0.81252,BREAK,2012.10.23 15:00,0,,0,,0,,0,NA,NewYork,BREAK,2012.11.16 19:00,UNTOUCHED,,B-ZB-BR,S-ZG-UN,S-ZO-BO,B-ZG-BR,S-ZE-BR,B-ZO-BO,S-ZO-BO,S-ZE-BO,B-ZE-UN,S-ZE-BO,S-ZB-BR,S-ZF-BR,S-ZD-BR,B-ZG-BR,B-ZB-BR,B-ZE-BR,B-ZB-BR,S-ZE-BO,B-ZO-BO,S-ZF-UN
365,2012.10.20 00:00,NZDUSD,60,86400,SELL,ZB,1,0.82293,0.81751,542.0,0.82053,0.81477,576.0,106.273,44.28,302.0,127.9,0.82053,0.81751,0.81175,BREAK,2012.10.23 16:00,0,,0,,0,,0,NA,NewYork,BOUNCE,2012.11.14 18:00,NA,,0.82595,BREAK,2012.11.01 15:00,0,,0,,0,,0,NA,NewYork,BOUNCE,2012.11.07 04:00,NA,,0.81449,BREAK,2012.10.23 14:00,0,,0,,0,,0,NA,NewYork,BREAK,2012.10.23 18:00,BOUNCE,2012.11.16 11:00,0.82355,BOUNCE,2012.10.25 11:00,1,2012.11.08 23:00,1,2012.11.08 23:00,0,,2,2w 0d,London,NA,,NA,,B-ZE-BR,B-ZB-BR,S-ZG-UN,S-ZO-BO,B-ZG-BR,S-ZE-BR,B-ZO-BO,S-ZO-BO,S-ZE-BO,B-ZE-UN,S-ZF-BR,S-ZD-BR,B-ZG-BR,B-ZB-BR,B-ZE-BR,B-ZB-BR,S-ZE-BO,B-ZO-BO,S-ZF-UN,S-ZC-UN
366,2012.10.24 00:00,NZDUSD,60,86400,SELL,ZF,1,0.81873,0.81449,424.0,0.81819,0.80990,829.0,195.519,12.74,370.0,100.1,0.81819,0.81449,0.80620,BREAK,2012.11.16 19:00,0,,0,,0,,0,NA,NewYork,UNTOUCHED,,NA,,0.82243,BREAK,2012.10.25 05:00,0,,0,,0,,0,NA,Asia,BREAK,2012.11.01 16:00,BOUNCE,2012.11.07 17:00,0.81079,BOUNCE,2012.10.24 03:00,1,2012.10.25 04:00,1,2012.10.25 05:00,0,,2,1d 2h,Asia,NA,,NA,,0.82189,BREAK,2012.10.25 04:00,0,,0,,0,,0,NA,Asia,BREAK,2012.11.01 16:00,BREAK,2012.11.07 10:00,S-ZB-BR,B-ZE-BR,B-ZB-BR,S-ZG-UN,S-ZO-BO,B-ZG-BR,S-ZE-BR,B-ZO-BO,S-ZO-BO,S-ZE-BO,S-ZD-BR,B-ZG-BR,B-ZB-BR,B-ZE-BR,B-ZB-BR,S-ZE-BO,B-ZO-BO,S-ZF-UN,S-ZC-UN,S-ZO-UN
367,2012.10.30 00:00,NZDUSD,60,86400,SELL,ZD,1,0.82293,0.82148,145.0,0.82210,0.81793,417.0,287.586,57.24,62.0,34.2,0.82210,0.82148,0.81731,BREAK,2012.11.08 04:00,0,,0,,0,,0,NA,Asia,BOUNCE,2012.11.08 06:00,NA,,0.82355,BREAK,2012.11.01 14:00,0,,0,,0,,0,NA,NewYork,BREAK,2012.11.01 15:00,BREAK,2012.11.01 16:00,0.82086,BREAK,2012.10.30 00:00,0,,0,,0,,0,NA,Asia,BREAK,2012.10.30 01:00,BREAK,2012.10.30 02:00,0.82272,BREAK,2012.10.30 11:00,0,,0,,0,,0,NA,London,BOUNCE,2012.11.01 13:00,NA,,S-ZF-BR,S-ZB-BR,B-ZE-BR,B-ZB-BR,S-ZG-UN,S-ZO-BO,B-ZG-BR,S-ZE-BR,B-ZO-BO,S-ZO-BO,B-ZG-BR,B-ZB-BR,B-ZE-BR,B-ZB-BR,S-ZE-BO,B-ZO-BO,S-ZF-UN,S-ZC-UN,S-ZO-UN,B-ZH-BR
368,2012.10.31 00:00,NZDUSD,60,86400,BUY,ZG,0,0.82210,0.81793,417.0,0.82313,0.81828,485.0,116.307,8.39,382.0,98.4,0.82210,0.81828,0.82695,BREAK,2012.11.01 16:00,0,,0,,0,,0,NA,NewYork,BOUNCE,2012.11.07 16:00,NA,,0.81411,BREAK,2012.11.09 02:00,0,,0,,0,,0,NA,Asia,BREAK,2012.11.14 18:00,BREAK,2012.11.16 19:00,0.82592,BREAK,2012.11.01 15:00,0,,0,,0,,0,NA,NewYork,BREAK,2012.11.07 10:00,BREAK,2012.12.06 18:00,0.81446,BREAK,2012.11.08 23:00,0,,0,,0,,0,NA,Other,BREAK,2012.11.14 18:00,BREAK,2012.11.16 19:00,S-ZD-BR,S-ZF-BR,S-ZB-BR,B-ZE-BR,B-ZB-BR,S-ZG-UN,S-ZO-BO,B-ZG-BR,S-ZE-BR,B-ZO-BO,B-ZB-BR,B-ZE-BR,B-ZB-BR,S-ZE-BO,B-ZO-BO,S-ZF-UN,S-ZC-UN,S-ZO-UN,B-ZH-BR,B-ZO-BO
369,2012.11.02 00:00,NZDUSD,60,86400,BUY,ZB,1,0.82268,0.81982,286.0,0.82781,0.82094,687.0,240.210,39.16,174.0,67.5,0.82268,0.82094,0.82955,BREAK,2012.11.07 09:00,0,,0,,0,,0,NA,London,BREAK,2012.12.06 15:00,BREAK,2012.12.06 16:00,0.81808,BOUNCE,2012.11.08 00:00,1,2012.11.23 18:00,1,2012.11.23 20:00,1,2012.12.06 03:00,3,4w 0d,Asia,NA,,NA,,0.82442,BREAK,2012.11.02 00:00,0,,0,,0,,0,NA,Asia,BREAK,2012.11.02 01:00,BOUNCE,2012.11.02 15:00,0.81920,BREAK,2012.11.08 00:00,0,,0,,0,,0,NA,Asia,BOUNCE,2012.11.08 01:00,NA,,B-ZG-BR,S-ZD-BR,S-ZF-BR,S-ZB-BR,B-ZE-BR,B-ZB-BR,S-ZG-UN,S-ZO-BO,B-ZG-BR,S-ZE-BR,B-ZE-BR,B-ZB-BR,S-ZE-BO,B-ZO-BO,S-ZF-UN,S-ZC-UN,S-ZO-UN,B-ZH-BR,B-ZO-BO,S-ZB-UN
370,2012.11.03 00:00,NZDUSD,60,86400,BUY,ZE,1,0.82781,0.82094,687.0,0.82867,0.82372,495.0,72.052,40.47,409.0,162.1,0.82781,0.82372,0.83276,BREAK,2012.12.06 16:00,0,,0,,0,,0,NA,NewYork,BREAK,2012.12.11 13:00,BREAK,2012.12.12 20:00,0.81685,BREAK,2012.11.08 06:00,0,,0,,0,,0,NA,Asia,BOUNCE,2012.11.09 08:00,NA,,0.83190,BREAK,2012.12.06 15:00,0,,0,,0,,0,NA,NewYork,BREAK,2012.12.11 13:00,BREAK,2012.12.12 20:00,0.81963,BREAK,2012.11.08 00:00,0,,0,,0,,0,NA,Asia,BREAK,2012.11.09 02:00,BREAK,2012.11.14 18:00,B-ZB-BR,B-ZG-BR,S-ZD-BR,S-ZF-BR,S-ZB-BR,B-ZE-BR,B-ZB-BR,S-ZG-UN,S-ZO-BO,B-ZG-BR,B-ZB-BR,S-ZE-BO,B-ZO-BO,S-ZF-UN,S-ZC-UN,S-ZO-UN,B-ZH-BR,B-ZO-BO,S-ZB-UN,B-ZB-BO
371,2012.11.07 00:00,NZDUSD,60,86400,BUY,ZB,1,0.82636,0.82294,342.0,0.82906,0.82461,445.0,130.117,48.83,175.0,80.7,0.82636,0.82461,0.83081,BREAK,2012.12.06 14:00,0,,0,,0,,0,NA,NewYork,BREAK,2012.12.06 16:00,BOUNCE,2012.12.06 18:00,0.82119,BREAK,2012.11.08 00:00,0,,0,,0,,0,NA,Asia,BREAK,2012.11.08 01:00,BREAK,2012.11.08 06:00,0.82811,BREAK,2012.11.07 08:00,0,,0,,0,,0,NA,London,BREAK,2012.11.07 10:00,BREAK,2012.12.06 15:00,0.82286,BREAK,2012.11.08 00:00,0,,0,,0,,0,NA,Asia,BREAK,2012.11.08 01:00,BREAK,2012.11.08 03:00,B-ZE-BR,B-ZB-BR,B-ZG-BR,S-ZD-BR,S-ZF-BR,S-ZB-BR,B-ZE-BR,B-ZB-BR,S-ZG-UN,S-ZO-BO,S-ZE-BO,B-ZO-BO,S-ZF-UN,S-ZC-UN,S-ZO-UN,B-ZH-BR,B-ZO-BO,S-ZB-UN,B-ZB-BO,S-ZF-BR
372,2012.11.10 00:00,NZDUSD,60,86400,SELL,ZE,1,0.82609,0.81437,1172.0,0.81753,0.81224,529.0,45.137,73.04,316.0,276.6,0.81753,0.81437,0.80908,BOUNCE,2012.11.14 18:00,1,2012.11.19 13:00,1,2012.11.23 18:00,1,2012.12.06 03:00,3,3w 0d,NewYork,NA,,NA,,0.82925,BREAK,2012.12.06 03:00,0,,0,,0,,0,NA,Asia,BREAK,2012.12.10 17:00,BREAK,2012.12.11 13:00,0.81121,BREAK,2012.11.14 18:00,0,,0,,0,,0,NA,NewYork,BOUNCE,2012.11.16 10:00,NA,,0.82069,BREAK,2012.11.23 18:00,0,,0,,0,,0,NA,NewYork,BOUNCE,2012.11.27 17:00,NA,,B-ZB-BR,B-ZE-BR,B-ZB-BR,B-ZG-BR,S-ZD-BR,S-ZF-BR,S-ZB-BR,B-ZE-BR,B-ZB-BR,S-ZG-UN,B-ZO-BO,S-ZF-UN,S-ZC-UN,S-ZO-UN,B-ZH-BR,B-ZO-BO,S-ZB-UN,B-ZB-BO,S-ZF-BR,B-ZG-BR
373,2012.11.14 00:00,NZDUSD,60,86400,BUY,ZO,0,0.81848,0.81399,449.0,0.82014,0.81551,463.0,103.118,33.85,297.0,106.0,0.81848,0.81551,0.82311,BOUNCE,2012.11.23 18:00,1,2012.12.03 03:00,0,,0,,1,1w 2d,NewYork,NA,,NA,,0.81102,BREAK,2012.11.14 18:00,0,,0,,0,,0,NA,NewYork,BOUNCE,2012.11.16 10:00,NA,,0.82145,BREAK,2012.11.23 18:00,0,,0,,0,,0,NA,NewYork,BOUNCE,2012.11.26 19:00,NA,,0.81254,BREAK,2012.11.14 15:00,0,,0,,0,,0,NA,NewYork,BOUNCE,2012.11.15 07:00,NA,,S-ZE-BO,B-ZB-BR,B-ZE-BR,B-ZB-BR,B-ZG-BR,S-ZD-BR,S-ZF-BR,S-ZB-BR,B-ZE-BR,B-ZB-BR,S-ZF-UN,S-ZC-UN,S-ZO-UN,B-ZH-BR,B-ZO-BO,S-ZB-UN,B-ZB-BO,S-ZF-BR,B-ZG-BR,B-ZO-BR
374,2012.11.15 00:00,NZDUSD,60,86400,SELL,ZF,1,0.82014,0.81551,463.0,0.81955,0.80862,1093.0,236.069,12.74,404.0,109.3,0.81955,0.81551,0.80458,UNTOUCHED,,0,,0,,0,,0,NA,Other,NA,,NA,,0.82418,BOUNCE,2012.11.23 20:00,0,,0,,0,,0,NA,NewYork,NA,,NA,,0.81147,BREAK,2012.11.15 00:00,0,,0,,0,,0,NA,Asia,BREAK,2012.11.16 19:00,UNTOUCHED,,0.82359,BREAK,2012.11.23 19:00,0,,0,,0,,0,NA,NewYork,BREAK,2012.12.05 23:00,BREAK,2012.12.06 16:00,B-ZO-BO,S-ZE-BO,B-ZB-BR,B-ZE-BR,B-ZB-BR,B-ZG-BR,S-ZD-BR,S-ZF-BR,S-ZB-BR,B-ZE-BR,S-ZC-UN,S-ZO-UN,B-ZH-BR,B-ZO-BO,S-ZB-UN,B-ZB-BO,S-ZF-BR,B-ZG-BR,B-ZO-BR,S-ZC-UN
375,2012.11.16 00:00,NZDUSD,60,86400,SELL,ZC,1,0.81955,0.80862,1093.0,0.81290,0.80778,512.0,46.844,60.84,428.0,257.9,0.81290,0.80862,0.80350,UNTOUCHED,,0,,0,,0,,0,NA,Other,NA,,NA,,0.82383,BOUNCE,2012.11.23 19:00,0,,0,,0,,0,NA,NewYork,NA,,NA,,0.80434,UNTOUCHED,,0,,0,,0,,0,NA,Other,NA,,NA,,0.81718,BREAK,2012.11.19 14:00,0,,0,,0,,0,NA,NewYork,BREAK,2012.11.23 20:00,BOUNCE,2012.11.29 19:00,S-ZF-UN,B-ZO-BO,S-ZE-BO,B-ZB-BR,B-ZE-BR,B-ZB-BR,B-ZG-BR,S-ZD-BR,S-ZF-BR,S-ZB-BR,S-ZO-UN,B-ZH-BR,B-ZO-BO,S-ZB-UN,B-ZB-BO,S-ZF-BR,B-ZG-BR,B-ZO-BR,S-ZC-UN,B-ZB-BR
376,2012.11.17 00:00,NZDUSD,60,86400,SELL,ZO,0,0.81290,0.80778,512.0,0.81238,0.80509,729.0,142.383,10.16,460.0,120.8,0.81238,0.80778,0.80049,UNTOUCHED,,0,,0,,0,,0,NA,Other,NA,,NA,,0.81750,BREAK,2012.11.19 14:00,0,,0,,0,,0,NA,NewYork,BREAK,2012.11.23 19:00,BREAK,2012.12.05 23:00,0.80318,UNTOUCHED,,0,,0,,0,,0,NA,Other,NA,,NA,,0.81698,BREAK,2012.11.19 13:00,0,,0,,0,,0,NA,NewYork,BREAK,2012.11.23 18:00,BOUNCE,2012.11.29 19:00,S-ZC-UN,S-ZF-UN,B-ZO-BO,S-ZE-BO,B-ZB-BR,B-ZE-BR,B-ZB-BR,B-ZG-BR,S-ZD-BR,S-ZF-BR,B-ZH-BR,B-ZO-BO,S-ZB-UN,B-ZB-BO,S-ZF-BR,B-ZG-BR,B-ZO-BR,S-ZC-UN,B-ZB-BR,B-ZB-BR
377,2012.11.20 00:00,NZDUSD,60,86400,BUY,ZH,1,0.81254,0.81171,83.0,0.81997,0.81193,804.0,968.675,26.51,61.0,19.6,0.81254,0.81193,0.82058,BREAK,2012.11.23 18:00,0,,0,,0,,0,NA,NewYork,BREAK,2012.11.23 19:00,BREAK,2012.11.23 20:00,0.81110,BOUNCE,2012.11.21 19:00,1,2012.11.21 20:00,1,2012.11.21 21:00,1,2012.11.23 18:00,3,1d 23h,NewYork,NA,,NA,,0.81315,BREAK,2012.11.20 00:00,0,,0,,0,,0,NA,Asia,BREAK,2012.11.20 01:00,BREAK,2012.11.20 02:00,0.81132,BREAK,2012.11.21 19:00,0,,0,,0,,0,NA,NewYork,UNTOUCHED,,NA,,S-ZO-UN,S-ZC-UN,S-ZF-UN,B-ZO-BO,S-ZE-BO,B-ZB-BR,B-ZE-BR,B-ZB-BR,B-ZG-BR,S-ZD-BR,B-ZO-BO,S-ZB-UN,B-ZB-BO,S-ZF-BR,B-ZG-BR,B-ZO-BR,S-ZC-UN,B-ZB-BR,B-ZB-BR,B-ZH-BR
378,2012.11.21 00:00,NZDUSD,60,86400,BUY,ZO,0,0.81997,0.81193,804.0,0.82009,0.81432,577.0,71.766,29.73,565.0,189.7,0.81997,0.81432,0.82574,BOUNCE,2012.11.29 11:00,0,,0,,0,,0,NA,London,NA,,NA,,0.80628,UNTOUCHED,,0,,0,,0,,0,NA,Other,NA,,NA,,0.82562,BOUNCE,2012.11.29 11:00,0,,0,,0,,0,NA,London,NA,,NA,,0.80867,UNTOUCHED,,0,,0,,0,,0,NA,Other,NA,,NA,,B-ZH-BR,S-ZO-UN,S-ZC-UN,S-ZF-UN,B-ZO-BO,S-ZE-BO,B-ZB-BR,B-ZE-BR,B-ZB-BR,B-ZG-BR,S-ZB-UN,B-ZB-BO,S-ZF-BR,B-ZG-BR,B-ZO-BR,S-ZC-UN,B-ZB-BR,B-ZB-BR,B-ZH-BR,B-ZF-BR
379,2012.11.22 00:00,NZDUSD,60,86400,SELL,ZB,1,0.82009,0.81432,577.0,0.81730,0.81106,624.0,108.146,48.35,298.0,136.2,0.81730,0.81432,0.80808,UNTOUCHED,,0,,0,,0,,0,NA,Other,NA,,NA,,0.82307,BOUNCE,2012.11.23 18:00,1,2012.12.03 03:00,0,,0,,1,1w 2d,NewYork,NA,,NA,,0.81134,UNTOUCHED,,0,,0,,0,,0,NA,Other,NA,,NA,,0.82028,BREAK,2012.11.23 18:00,0,,0,,0,,0,NA,NewYork,BREAK,2012.11.23 20:00,BOUNCE,2012.11.29 16:00,B-ZO-BO,B-ZH-BR,S-ZO-UN,S-ZC-UN,S-ZF-UN,B-ZO-BO,S-ZE-BO,B-ZB-BR,B-ZE-BR,B-ZB-BR,B-ZB-BO,S-ZF-BR,B-ZG-BR,B-ZO-BR,S-ZC-UN,B-ZB-BR,B-ZB-BR,B-ZH-BR,B-ZF-BR,B-ZE-UN
380,2012.11.24 00:00,NZDUSD,60,86400,BUY,ZB,1,0.81646,0.81301,345.0,0.82493,0.81506,987.0,286.087,59.42,140.0,81.4,0.81646,0.81506,0.82633,BOUNCE,2012.11.29 13:00,1,2012.11.29 16:00,0,,0,,1,3h,NewYork,NA,,NA,,0.81161,UNTOUCHED,,0,,0,,0,,0,NA,Other,NA,,NA,,0.81786,BREAK,2012.11.24 00:00,0,,0,,0,,0,NA,Asia,BREAK,2012.11.24 01:00,BREAK,2012.11.26 02:00,0.81366,UNTOUCHED,,0,,0,,0,,0,NA,Other,NA,,NA,,S-ZB-UN,B-ZO-BO,B-ZH-BR,S-ZO-UN,S-ZC-UN,S-ZF-UN,B-ZO-BO,S-ZE-BO,B-ZB-BR,B-ZE-BR,S-ZF-BR,B-ZG-BR,B-ZO-BR,S-ZC-UN,B-ZB-BR,B-ZB-BR,B-ZH-BR,B-ZF-BR,B-ZE-UN,S-ZB-BO
381,2012.11.28 00:00,NZDUSD,60,86400,SELL,ZF,1,0.82442,0.82116,326.0,0.82364,0.81908,456.0,139.877,23.93,248.0,76.9,0.82364,0.82116,0.81660,BREAK,2012.12.26 16:00,0,,0,,0,,0,NA,NewYork,UNTOUCHED,,NA,,0.82690,BREAK,2012.12.05 23:00,0,,0,,0,,0,NA,Other,BREAK,2012.12.06 04:00,BREAK,2012.12.06 16:00,0.81868,BREAK,2012.11.30 15:00,0,,0,,0,,0,NA,NewYork,BREAK,2012.12.26 19:00,UNTOUCHED,,0.82612,BOUNCE,2012.11.29 13:00,1,2012.11.30 15:00,1,2012.11.30 15:00,0,,2,1d 2h,NewYork,NA,,NA,,B-ZB-BO,S-ZB-UN,B-ZO-BO,B-ZH-BR,S-ZO-UN,S-ZC-UN,S-ZF-UN,B-ZO-BO,S-ZE-BO,B-ZB-BR,B-ZG-BR,B-ZO-BR,S-ZC-UN,B-ZB-BR,B-ZB-BR,B-ZH-BR,B-ZF-BR,B-ZE-UN,S-ZB-BO,S-ZB-BR
382,2012.11.29 00:00,NZDUSD,60,86400,BUY,ZG,0,0.82364,0.81908,456.0,0.82375,0.81929,446.0,97.807,4.61,435.0,107.6,0.82364,0.81929,0.82810,BREAK,2012.12.05 23:00,0,,0,,0,,0,NA,Other,BREAK,2012.12.06 16:00,BREAK,2012.12.11 13:00,0.81473,UNTOUCHED,,0,,0,,0,,0,NA,Other,NA,,NA,,0.82799,BREAK,2012.12.05 23:00,0,,0,,0,,0,NA,Other,BREAK,2012.12.06 16:00,BREAK,2012.12.11 13:00,0.81494,UNTOUCHED,,0,,0,,0,,0,NA,Other,NA,,NA,,S-ZF-BR,B-ZB-BO,S-ZB-UN,B-ZO-BO,B-ZH-BR,S-ZO-UN,S-ZC-UN,S-ZF-UN,B-ZO-BO,S-ZE-BO,B-ZO-BR,S-ZC-UN,B-ZB-BR,B-ZB-BR,B-ZH-BR,B-ZF-BR,B-ZE-UN,S-ZB-BO,S-ZB-BR,S-ZD-BO
383,2012.11.30 00:00,NZDUSD,60,86400,BUY,ZO,1,0.82375,0.81929,446.0,0.82662,0.82076,586.0,131.390,32.96,299.0,105.3,0.82375,0.82076,0.82961,BREAK,2012.12.06 03:00,0,,0,,0,,0,NA,Asia,BREAK,2012.12.06 16:00,BREAK,2012.12.11 12:00,0.81630,BOUNCE,2012.12.26 19:00,1,2012.12.27 11:00,1,2012.12.31 19:00,1,2013.01.02 04:00,3,6d 9h,NewYork,NA,,NA,,0.82674,BREAK,2012.12.05 23:00,0,,0,,0,,0,NA,Other,BREAK,2012.12.06 14:00,BREAK,2012.12.06 16:00,0.81777,BOUNCE,2012.11.30 16:00,1,2012.12.05 23:00,1,2012.12.05 23:00,0,,2,5d 7h,NewYork,NA,,NA,,B-ZG-BR,S-ZF-BR,B-ZB-BO,S-ZB-UN,B-ZO-BO,B-ZH-BR,S-ZO-UN,S-ZC-UN,S-ZF-UN,B-ZO-BO,S-ZC-UN,B-ZB-BR,B-ZB-BR,B-ZH-BR,B-ZF-BR,B-ZE-UN,S-ZB-BO,S-ZB-BR,S-ZD-BO,S-ZB-BR
384,2012.12.01 00:00,NZDUSD,60,86400,SELL,ZC,1,0.82662,0.82076,586.0,0.82358,0.81727,631.0,107.679,51.88,282.0,138.3,0.82358,0.82076,0.81445,UNTOUCHED,,0,,0,,0,,0,NA,Other,NA,,NA,,0.82944,BREAK,2012.12.06 03:00,0,,0,,0,,0,NA,Asia,BREAK,2012.12.06 16:00,BREAK,2012.12.11 11:00,0.81794,BOUNCE,2012.12.03 03:00,1,2012.12.05 23:00,1,2012.12.06 03:00,0,,2,3d 0h,Asia,NA,,NA,,0.82640,BREAK,2012.12.05 23:00,0,,0,,0,,0,NA,Other,BREAK,2012.12.06 13:00,BREAK,2012.12.06 16:00,B-ZO-BR,B-ZG-BR,S-ZF-BR,B-ZB-BO,S-ZB-UN,B-ZO-BO,B-ZH-BR,S-ZO-UN,S-ZC-UN,S-ZF-UN,B-ZB-BR,B-ZB-BR,B-ZH-BR,B-ZF-BR,B-ZE-UN,S-ZB-BO,S-ZB-BR,S-ZD-BO,S-ZB-BR,S-ZD-UN
385,2012.12.06 00:00,NZDUSD,60,86400,BUY,ZB,1,0.82589,0.81996,593.0,0.82908,0.82343,565.0,95.278,58.52,246.0,139.9,0.82589,0.82343,0.83154,BREAK,2012.12.06 15:00,0,,0,,0,,0,NA,NewYork,BOUNCE,2012.12.06 20:00,NA,,0.81750,BREAK,2012.12.26 16:00,0,,0,,0,,0,NA,NewYork,UNTOUCHED,,NA,,0.82835,BREAK,2012.12.06 00:00,0,,0,,0,,0,NA,Asia,BREAK,2012.12.06 15:00,BREAK,2012.12.06 18:00,0.82097,BOUNCE,2012.12.24 08:00,1,2013.01.02 01:00,1,2013.01.02 01:00,0,,2,1w 1d,London,NA,,NA,,S-ZC-UN,B-ZO-BR,B-ZG-BR,S-ZF-BR,B-ZB-BO,S-ZB-UN,B-ZO-BO,B-ZH-BR,S-ZO-UN,S-ZC-UN,B-ZB-BR,B-ZH-BR,B-ZF-BR,B-ZE-UN,S-ZB-BO,S-ZB-BR,S-ZD-BO,S-ZB-BR,S-ZD-UN,S-ZO-UN
386,2012.12.07 00:00,NZDUSD,60,86400,BUY,ZB,1,0.82908,0.82343,565.0,0.83477,0.82750,727.0,128.673,72.04,158.0,133.3,0.82908,0.82750,0.83635,BREAK,2012.12.11 11:00,0,,0,,0,,0,NA,London,BREAK,2012.12.12 00:00,BREAK,2012.12.12 12:00,0.82185,BOUNCE,2012.12.22 00:00,1,2012.12.31 18:00,1,2013.01.02 04:00,1,2013.01.02 04:00,3,1w 4d,Asia,NA,,NA,,0.83066,BREAK,2012.12.07 00:00,0,,0,,0,,0,NA,Asia,BREAK,2012.12.10 03:00,BOUNCE,2012.12.10 12:00,0.82592,BREAK,2012.12.21 12:00,0,,0,,0,,0,NA,London,BREAK,2012.12.21 13:00,BOUNCE,2012.12.21 17:00,B-ZB-BR,S-ZC-UN,B-ZO-BR,B-ZG-BR,S-ZF-BR,B-ZB-BO,S-ZB-UN,B-ZO-BO,B-ZH-BR,S-ZO-UN,B-ZH-BR,B-ZF-BR,B-ZE-UN,S-ZB-BO,S-ZB-BR,S-ZD-BO,S-ZB-BR,S-ZD-UN,S-ZO-UN,B-ZE-BR
387,2012.12.11 00:00,NZDUSD,60,86400,BUY,ZH,1,0.83277,0.83193,84.0,0.83530,0.83219,311.0,370.238,30.95,58.0,19.8,0.83277,0.83219,0.83588,BREAK,2012.12.11 11:00,0,,0,,0,,0,NA,London,BREAK,2012.12.11 12:00,BREAK,2012.12.11 13:00,0.83135,BREAK,2012.12.21 04:00,0,,0,,0,,0,NA,Asia,BREAK,2012.12.21 05:00,BOUNCE,2012.12.21 06:00,0.83335,BREAK,2012.12.11 00:00,0,,0,,0,,0,NA,Asia,BREAK,2012.12.11 01:00,BREAK,2012.12.11 05:00,0.83161,BREAK,2012.12.21 04:00,0,,0,,0,,0,NA,Asia,BREAK,2012.12.21 05:00,BREAK,2012.12.21 06:00,B-ZB-BR,B-ZB-BR,S-ZC-UN,B-ZO-BR,B-ZG-BR,S-ZF-BR,B-ZB-BO,S-ZB-UN,B-ZO-BO,B-ZH-BR,B-ZF-BR,B-ZE-UN,S-ZB-BO,S-ZB-BR,S-ZD-BO,S-ZB-BR,S-ZD-UN,S-ZO-UN,B-ZE-BR,B-ZH-BR
388,2012.12.12 00:00,NZDUSD,60,86400,BUY,ZF,1,0.83530,0.83219,311.0,0.83903,0.83333,570.0,183.280,36.66,197.0,73.4,0.83530,0.83333,0.84100,BREAK,2012.12.12 12:00,0,,0,,0,,0,NA,London,BREAK,2012.12.12 21:00,BOUNCE,2012.12.12 23:00,0.83022,BOUNCE,2012.12.21 04:00,1,2013.01.02 04:00,1,2013.01.02 04:00,1,2013.01.10 09:00,3,2w 6d,Asia,NA,,NA,,0.83727,BREAK,2012.12.12 00:00,0,,0,,0,,0,NA,Asia,BREAK,2012.12.12 09:00,BREAK,2012.12.12 20:00,0.83136,BREAK,2012.12.21 04:00,0,,0,,0,,0,NA,Asia,BREAK,2012.12.21 10:00,BREAK,2012.12.21 12:00,B-ZH-BR,B-ZB-BR,B-ZB-BR,S-ZC-UN,B-ZO-BR,B-ZG-BR,S-ZF-BR,B-ZB-BO,S-ZB-UN,B-ZO-BO,B-ZE-UN,S-ZB-BO,S-ZB-BR,S-ZD-BO,S-ZB-BR,S-ZD-UN,S-ZO-UN,B-ZE-BR,B-ZH-BR,B-ZB-BR
389,2012.12.14 00:00,NZDUSD,60,86400,BUY,ZE,1,0.84507,0.83825,682.0,0.84588,0.84190,398.0,58.358,53.52,317.0,161.0,0.84507,0.84190,0.84905,UNTOUCHED,,0,,0,,0,,0,NA,Other,NA,,NA,,0.83508,BREAK,2012.12.19 17:00,0,,0,,0,,0,NA,NewYork,BREAK,2012.12.21 04:00,BREAK,2012.12.21 12:00,0.84824,UNTOUCHED,,0,,0,,0,,0,NA,Other,NA,,NA,,0.83873,BREAK,2012.12.19 03:00,0,,0,,0,,0,NA,Asia,BREAK,2012.12.20 00:00,BREAK,2012.12.21 04:00,B-ZF-BR,B-ZH-BR,B-ZB-BR,B-ZB-BR,S-ZC-UN,B-ZO-BR,B-ZG-BR,S-ZF-BR,B-ZB-BO,S-ZB-UN,S-ZB-BO,S-ZB-BR,S-ZD-BO,S-ZB-BR,S-ZD-UN,S-ZO-UN,B-ZE-BR,B-ZH-BR,B-ZB-BR,B-ZO-BR
390,2012.12.19 00:00,NZDUSD,60,86400,SELL,ZB,1,0.84740,0.84243,497.0,0.84516,0.83996,520.0,104.628,45.07,273.0,117.3,0.84516,0.84243,0.83723,BOUNCE,2012.12.19 13:00,1,2013.01.10 13:00,0,,0,,1,3w 1d,NewYork,NA,,NA,,0.85013,UNTOUCHED,,0,,0,,0,,0,NA,Other,NA,,NA,,0.83970,BREAK,2012.12.19 01:00,0,,0,,0,,0,NA,Asia,BOUNCE,2012.12.19 13:00,NA,,0.84789,UNTOUCHED,,0,,0,,0,,0,NA,Other,NA,,NA,,B-ZE-UN,B-ZF-BR,B-ZH-BR,B-ZB-BR,B-ZB-BR,S-ZC-UN,B-ZO-BR,B-ZG-BR,S-ZF-BR,B-ZB-BO,S-ZB-BR,S-ZD-BO,S-ZB-BR,S-ZD-UN,S-ZO-UN,B-ZE-BR,B-ZH-BR,B-ZB-BR,B-ZO-BR,S-ZG-BR
391,2012.12.20 00:00,NZDUSD,60,86400,SELL,ZB,1,0.84516,0.83996,520.0,0.84228,0.83469,759.0,145.962,55.38,232.0,122.7,0.84228,0.83996,0.83237,BREAK,2012.12.20 18:00,0,,0,,0,,0,NA,NewYork,BREAK,2012.12.21 10:00,BREAK,2012.12.21 12:00,0.84748,UNTOUCHED,,0,,0,,0,,0,NA,Other,NA,,NA,,0.83764,BREAK,2012.12.20 00:00,0,,0,,0,,0,NA,Asia,BREAK,2012.12.20 01:00,BREAK,2012.12.20 18:00,0.84460,BOUNCE,2013.01.10 14:00,1,2013.01.11 17:00,1,2013.01.11 17:00,0,,2,1d 3h,NewYork,NA,,NA,,S-ZB-BO,B-ZE-UN,B-ZF-BR,B-ZH-BR,B-ZB-BR,B-ZB-BR,S-ZC-UN,B-ZO-BR,B-ZG-BR,S-ZF-BR,S-ZD-BO,S-ZB-BR,S-ZD-UN,S-ZO-UN,B-ZE-BR,B-ZH-BR,B-ZB-BR,B-ZO-BR,S-ZG-BR,B-ZB-BR
392,2012.12.21 00:00,NZDUSD,60,86400,SELL,ZD,1,0.84228,0.83469,759.0,0.83652,0.83172,480.0,63.241,75.89,183.0,179.1,0.83652,0.83469,0.82989,BOUNCE,2012.12.21 04:00,1,2013.01.02 04:00,1,2013.01.02 05:00,1,2013.01.10 13:00,3,2w 6d,Asia,NA,,NA,,0.84411,BOUNCE,2013.01.10 13:00,1,2013.01.11 09:00,1,2013.01.28 11:00,1,2013.01.28 12:00,3,2w 3d,NewYork,NA,,NA,,0.83286,BREAK,2012.12.21 03:00,0,,0,,0,,0,NA,Asia,BREAK,2012.12.21 10:00,BREAK,2012.12.21 12:00,0.83835,BOUNCE,2013.01.02 05:00,1,2013.01.02 19:00,1,2013.01.02 19:00,0,,2,14h,Asia,NA,,NA,,S-ZB-BR,S-ZB-BO,B-ZE-UN,B-ZF-BR,B-ZH-BR,B-ZB-BR,B-ZB-BR,S-ZC-UN,B-ZO-BR,B-ZG-BR,S-ZB-BR,S-ZD-UN,S-ZO-UN,B-ZE-BR,B-ZH-BR,B-ZB-BR,B-ZO-BR,S-ZG-BR,B-ZB-BR,B-ZC-BO
393,2012.12.22 00:00,NZDUSD,60,86400,SELL,ZB,1,0.83652,0.83172,480.0,0.83441,0.82220,1221.0,254.375,43.96,269.0,113.3,0.83441,0.83172,0.81951,BREAK,2012.12.26 14:00,0,,0,,0,,0,NA,NewYork,BREAK,2012.12.26 19:00,UNTOUCHED,,0.83921,BOUNCE,2013.01.02 05:00,1,2013.01.02 18:00,1,2013.01.03 22:00,0,,2,1d 17h,Asia,NA,,NA,,0.82903,BREAK,2012.12.22 00:00,0,,0,,0,,0,NA,Asia,BREAK,2012.12.24 02:00,BREAK,2012.12.24 03:00,0.83710,BREAK,2013.01.02 04:00,0,,0,,0,,0,NA,Asia,BREAK,2013.01.10 09:00,BREAK,2013.01.10 13:00,S-ZD-BO,S-ZB-BR,S-ZB-BO,B-ZE-UN,B-ZF-BR,B-ZH-BR,B-ZB-BR,B-ZB-BR,S-ZC-UN,B-ZO-BR,S-ZD-UN,S-ZO-UN,B-ZE-BR,B-ZH-BR,B-ZB-BR,B-ZO-BR,S-ZG-BR,B-ZB-BR,B-ZC-BO,S-ZE-BR
394,2012.12.27 00:00,NZDUSD,60,86400,SELL,ZD,1,0.82437,0.82097,340.0,0.82281,0.81540,741.0,217.941,45.88,184.0,80.2,0.82281,0.82097,0.81356,UNTOUCHED,,0,,0,,0,,0,NA,Other,NA,,NA,,0.82621,BREAK,2012.12.31 19:00,0,,0,,0,,0,NA,NewYork,BREAK,2013.01.02 04:00,BREAK,2013.01.02 05:00,0.81913,BOUNCE,2012.12.27 00:00,1,2012.12.31 18:00,1,2012.12.31 19:00,0,,2,4d 19h,Asia,NA,,NA,,0.82465,BREAK,2012.12.31 18:00,0,,0,,0,,0,NA,NewYork,BREAK,2013.01.02 01:00,BOUNCE,2013.01.02 03:00,S-ZB-BR,S-ZD-BO,S-ZB-BR,S-ZB-BO,B-ZE-UN,B-ZF-BR,B-ZH-BR,B-ZB-BR,B-ZB-BR,S-ZC-UN,S-ZO-UN,B-ZE-BR,B-ZH-BR,B-ZB-BR,B-ZO-BR,S-ZG-BR,B-ZB-BR,B-ZC-BO,S-ZE-BR,B-ZB-BR
395,2013.01.05 00:00,NZDUSD,60,86400,SELL,ZO,1,0.83506,0.82702,804.0,0.83218,0.82122,1096.0,136.318,35.82,516.0,189.7,0.83218,0.82702,0.81606,UNTOUCHED,,0,,0,,0,,0,NA,Other,NA,,NA,,0.84022,BREAK,2013.01.09 17:00,0,,0,,0,,0,NA,NewYork,BOUNCE,2013.01.11 13:00,NA,,0.82186,UNTOUCHED,,0,,0,,0,,0,NA,Other,NA,,NA,,0.83734,BREAK,2013.01.07 23:00,0,,0,,0,,0,NA,Other,BREAK,2013.01.10 13:00,BREAK,2013.02.14 11:00,S-ZD-UN,S-ZB-BR,S-ZD-BO,S-ZB-BR,S-ZB-BO,B-ZE-UN,B-ZF-BR,B-ZH-BR,B-ZB-BR,B-ZB-BR,B-ZE-BR,B-ZH-BR,B-ZB-BR,B-ZO-BR,S-ZG-BR,B-ZB-BR,B-ZC-BO,S-ZE-BR,B-ZB-BR,B-ZC-BR
396,2013.01.09 00:00,NZDUSD,60,86400,BUY,ZE,1,0.83746,0.82850,896.0,0.83773,0.83341,432.0,48.214,54.80,405.0,211.5,0.83746,0.83341,0.84178,BREAK,2013.01.10 12:00,0,,0,,0,,0,NA,London,BOUNCE,2013.01.11 09:00,NA,,0.82445,UNTOUCHED,,0,,0,,0,,0,NA,Other,NA,,NA,,0.84151,BREAK,2013.01.10 12:00,0,,0,,0,,0,NA,London,BOUNCE,2013.01.11 09:00,NA,,0.82936,BOUNCE,2013.01.28 12:00,1,2013.01.31 21:00,1,2013.01.31 21:00,0,,2,3d 9h,London,NA,,NA,,S-ZO-UN,S-ZD-UN,S-ZB-BR,S-ZD-BO,S-ZB-BR,S-ZB-BO,B-ZE-UN,B-ZF-BR,B-ZH-BR,B-ZB-BR,B-ZH-BR,B-ZB-BR,B-ZO-BR,S-ZG-BR,B-ZB-BR,B-ZC-BO,S-ZE-BR,B-ZB-BR,B-ZC-BR,B-ZB-BO
397,2013.01.10 00:00,NZDUSD,60,86400,BUY,ZH,1,0.83773,0.83341,432.0,0.84085,0.83486,599.0,138.657,33.56,287.0,102.0,0.83773,0.83486,0.84372,BREAK,2013.01.10 13:00,0,,0,,0,,0,NA,NewYork,BOUNCE,2013.02.01 19:00,NA,,0.83054,BREAK,2013.01.28 12:00,0,,0,,0,,0,NA,London,BREAK,2013.02.26 18:00,BREAK,2013.02.27 00:00,0.84060,BREAK,2013.01.10 09:00,0,,0,,0,,0,NA,London,BREAK,2013.01.10 14:00,BOUNCE,2013.02.01 16:00,0.83199,BREAK,2013.01.28 11:00,0,,0,,0,,0,NA,London,BREAK,2013.01.28 14:00,BREAK,2013.02.26 18:00,B-ZE-BR,S-ZO-UN,S-ZD-UN,S-ZB-BR,S-ZD-BO,S-ZB-BR,S-ZB-BO,B-ZE-UN,B-ZF-BR,B-ZH-BR,B-ZB-BR,B-ZO-BR,S-ZG-BR,B-ZB-BR,B-ZC-BO,S-ZE-BR,B-ZB-BR,B-ZC-BR,B-ZB-BO,S-ZO-BR
398,2013.01.11 00:00,NZDUSD,60,86400,BUY,ZB,1,0.84085,0.83486,599.0,0.84534,0.83820,714.0,119.199,55.76,265.0,141.4,0.84085,0.83820,0.84799,BREAK,2013.02.14 03:00,0,,0,,0,,0,NA,Asia,BOUNCE,2013.02.14 13:00,NA,,0.83221,BREAK,2013.01.28 11:00,0,,0,,0,,0,NA,London,BREAK,2013.01.28 14:00,BREAK,2013.02.26 18:00,0.84350,BREAK,2013.01.11 00:00,0,,0,,0,,0,NA,Asia,BOUNCE,2013.02.01 16:00,NA,,0.83555,BOUNCE,2013.01.18 00:00,1,2013.01.23 12:00,1,2013.01.23 12:00,0,,2,5d 12h,Asia,NA,,NA,,B-ZH-BR,B-ZE-BR,S-ZO-UN,S-ZD-UN,S-ZB-BR,S-ZD-BO,S-ZB-BR,S-ZB-BO,B-ZE-UN,B-ZF-BR,B-ZO-BR,S-ZG-BR,B-ZB-BR,B-ZC-BO,S-ZE-BR,B-ZB-BR,B-ZC-BR,B-ZB-BO,S-ZO-BR,S-ZG-BR
399,2013.01.16 00:00,NZDUSD,60,86400,BUY,ZO,0,0.84293,0.83609,684.0,0.84384,0.83715,669.0,97.807,15.50,578.0,161.4,0.84293,0.83715,0.84962,BREAK,2013.02.14 11:00,0,,0,,0,,0,NA,London,UNTOUCHED,,NA,,0.83031,BREAK,2013.01.28 12:00,0,,0,,0,,0,NA,London,BREAK,2013.02.26 18:00,BOUNCE,2013.03.11 18:00,0.84871,BREAK,2013.02.14 03:00,0,,0,,0,,0,NA,Asia,UNTOUCHED,,NA,,0.83137,BREAK,2013.01.28 11:00,0,,0,,0,,0,NA,London,BREAK,2013.02.26 18:00,BOUNCE,2013.03.04 22:00,B-ZB-BR,B-ZH-BR,B-ZE-BR,S-ZO-UN,S-ZD-UN,S-ZB-BR,S-ZD-BO,S-ZB-BR,S-ZB-BO,B-ZE-UN,S-ZG-BR,B-ZB-BR,B-ZC-BO,S-ZE-BR,B-ZB-BR,B-ZC-BR,B-ZB-BO,S-ZO-BR,S-ZG-BR,B-ZF-BR
400,2013.01.17 00:00,NZDUSD,60,86400,SELL,ZG,0,0.84384,0.83715,669.0,0.84269,0.83668,601.0,89.836,17.19,554.0,157.9,0.84269,0.83715,0.83114,BREAK,2013.01.28 12:00,0,,0,,0,,0,NA,London,BREAK,2013.02.26 18:00,BOUNCE,2013.03.04 22:00,0.84938,BREAK,2013.02.14 11:00,0,,0,,0,,0,NA,London,UNTOUCHED,,NA,,0.83161,BREAK,2013.01.28 11:00,0,,0,,0,,0,NA,London,BREAK,2013.02.26 18:00,BREAK,2013.03.04 10:00,0.84823,BREAK,2013.02.14 03:00,0,,0,,0,,0,NA,Asia,UNTOUCHED,,NA,,B-ZO-BR,B-ZB-BR,B-ZH-BR,B-ZE-BR,S-ZO-UN,S-ZD-UN,S-ZB-BR,S-ZD-BO,S-ZB-BR,S-ZB-BO,B-ZB-BR,B-ZC-BO,S-ZE-BR,B-ZB-BR,B-ZC-BR,B-ZB-BO,S-ZO-BR,S-ZG-BR,B-ZF-BR,B-ZO-UN
401,2013.01.23 00:00,NZDUSD,60,86400,BUY,ZB,1,0.83719,0.83320,399.0,0.84287,0.83517,770.0,192.982,49.37,202.0,94.2,0.83719,0.83517,0.84489,BREAK,2013.02.01 16:00,0,,0,,0,,0,NA,NewYork,BOUNCE,2013.02.01 22:00,NA,,0.83118,BREAK,2013.01.28 12:00,0,,0,,0,,0,NA,London,BREAK,2013.01.28 14:00,BOUNCE,2013.02.26 17:00,0.83921,BREAK,2013.01.23 00:00,0,,0,,0,,0,NA,Asia,BREAK,2013.01.23 10:00,BOUNCE,2013.01.23 20:00,0.83315,BREAK,2013.01.28 11:00,0,,0,,0,,0,NA,London,BREAK,2013.01.28 12:00,BREAK,2013.01.28 14:00,S-ZG-BR,B-ZO-BR,B-ZB-BR,B-ZH-BR,B-ZE-BR,S-ZO-UN,S-ZD-UN,S-ZB-BR,S-ZD-BO,S-ZB-BR,B-ZC-BO,S-ZE-BR,B-ZB-BR,B-ZC-BR,B-ZB-BO,S-ZO-BR,S-ZG-BR,B-ZF-BR,B-ZO-UN,S-ZF-BR
402,2013.01.24 00:00,NZDUSD,60,86400,BUY,ZC,1,0.84287,0.83517,770.0,0.84396,0.83992,404.0,52.468,61.69,295.0,181.7,0.84287,0.83992,0.84691,BOUNCE,2013.02.01 21:00,1,2013.02.05 07:00,1,2013.02.07 02:00,1,2013.02.07 18:00,3,5d 21h,Other,NA,,NA,,0.83222,BREAK,2013.01.28 11:00,0,,0,,0,,0,NA,London,BOUNCE,2013.01.28 23:00,NA,,0.84582,BOUNCE,2013.02.01 16:00,1,2013.02.07 02:00,1,2013.02.07 18:00,0,,2,6d 2h,NewYork,NA,,NA,,0.83697,BREAK,2013.01.25 02:00,0,,0,,0,,0,NA,Asia,BREAK,2013.01.28 11:00,BREAK,2013.01.28 12:00,B-ZB-BR,S-ZG-BR,B-ZO-BR,B-ZB-BR,B-ZH-BR,B-ZE-BR,S-ZO-UN,S-ZD-UN,S-ZB-BR,S-ZD-BO,S-ZE-BR,B-ZB-BR,B-ZC-BR,B-ZB-BO,S-ZO-BR,S-ZG-BR,B-ZF-BR,B-ZO-UN,S-ZF-BR,S-ZC-BR
403,2013.01.26 00:00,NZDUSD,60,86400,SELL,ZE,1,0.84449,0.83730,719.0,0.83931,0.83529,402.0,55.911,72.04,201.0,169.7,0.83931,0.83730,0.83328,BREAK,2013.01.28 11:00,0,,0,,0,,0,NA,London,BREAK,2013.01.28 12:00,BOUNCE,2013.01.28 17:00,0.84650,BOUNCE,2013.02.01 19:00,1,2013.02.04 23:00,1,2013.02.07 06:00,1,2013.02.07 18:00,3,5d 23h,NewYork,NA,,NA,,0.83529,BREAK,2013.01.28 02:00,0,,0,,0,,0,NA,Asia,BREAK,2013.01.28 11:00,BREAK,2013.01.28 12:00,0.84132,BOUNCE,2013.01.31 21:00,1,2013.02.07 06:00,1,2013.02.07 06:00,0,,2,6d 9h,Other,NA,,NA,,B-ZC-BO,B-ZB-BR,S-ZG-BR,B-ZO-BR,B-ZB-BR,B-ZH-BR,B-ZE-BR,S-ZO-UN,S-ZD-UN,S-ZB-BR,B-ZB-BR,B-ZC-BR,B-ZB-BO,S-ZO-BR,S-ZG-BR,B-ZF-BR,B-ZO-UN,S-ZF-BR,S-ZC-BR,B-ZB-BR
404,2013.01.30 00:00,NZDUSD,60,86400,BUY,ZB,1,0.83634,0.82790,844.0,0.83812,0.83246,566.0,67.062,54.03,388.0,199.2,0.83634,0.83246,0.84200,BREAK,2013.01.31 21:00,0,,0,,0,,0,NA,Other,BOUNCE,2013.02.05 01:00,NA,,0.82402,BOUNCE,2013.02.26 18:00,1,2013.02.28 05:00,0,,0,,1,1d 11h,NewYork,NA,,NA,,0.84022,BREAK,2013.01.31 18:00,0,,0,,0,,0,NA,NewYork,BREAK,2013.02.01 16:00,BREAK,2013.02.14 11:00,0.82858,BREAK,2013.02.26 15:00,0,,0,,0,,0,NA,NewYork,BREAK,2013.02.27 15:00,BREAK,2013.03.04 10:00,S-ZE-BR,B-ZC-BO,B-ZB-BR,S-ZG-BR,B-ZO-BR,B-ZB-BR,B-ZH-BR,B-ZE-BR,S-ZO-UN,S-ZD-UN,B-ZC-BR,B-ZB-BO,S-ZO-BR,S-ZG-BR,B-ZF-BR,B-ZO-UN,S-ZF-BR,S-ZC-BR,B-ZB-BR,B-ZC-BR
405,2013.02.01 00:00,NZDUSD,60,86400,BUY,ZC,1,0.83947,0.82935,1012.0,0.84214,0.83418,796.0,78.656,47.73,529.0,238.8,0.83947,0.83418,0.84743,BREAK,2013.02.14 03:00,0,,0,,0,,0,NA,Asia,BOUNCE,2013.02.15 16:00,NA,,0.82406,BOUNCE,2013.02.26 18:00,1,2013.03.06 16:00,0,,0,,1,1w 0d,NewYork,NA,,NA,,0.84476,BOUNCE,2013.02.01 16:00,1,2013.02.26 14:00,1,2013.02.26 18:00,0,,2,3w 4d,NewYork,NA,,NA,,0.82889,BREAK,2013.02.26 14:00,0,,0,,0,,0,NA,NewYork,BOUNCE,2013.02.28 03:00,NA,,B-ZB-BR,S-ZE-BR,B-ZC-BO,B-ZB-BR,S-ZG-BR,B-ZO-BR,B-ZB-BR,B-ZH-BR,B-ZE-BR,S-ZO-UN,B-ZB-BO,S-ZO-BR,S-ZG-BR,B-ZF-BR,B-ZO-UN,S-ZF-BR,S-ZC-BR,B-ZB-BR,B-ZC-BR,S-ZD-BO
406,2013.02.02 00:00,NZDUSD,60,86400,BUY,ZB,1,0.84214,0.83418,796.0,0.84701,0.83838,863.0,108.417,52.76,376.0,187.9,0.84214,0.83838,0.85077,BOUNCE,2013.02.14 11:00,1,2013.02.15 22:00,1,2013.02.20 22:00,1,2013.02.26 14:00,3,1w 5d,London,NA,,NA,,0.83042,BOUNCE,2013.02.07 19:00,1,2013.02.08 13:00,1,2013.02.14 01:00,1,2013.02.14 11:00,3,6d 16h,NewYork,NA,,NA,,0.84590,BOUNCE,2013.02.04 02:00,1,2013.02.07 16:00,1,2013.02.07 19:00,0,,2,3d 17h,Asia,NA,,NA,,0.83462,BREAK,2013.02.07 16:00,0,,0,,0,,0,NA,NewYork,BOUNCE,2013.02.08 05:00,NA,,B-ZC-BR,B-ZB-BR,S-ZE-BR,B-ZC-BO,B-ZB-BR,S-ZG-BR,B-ZO-BR,B-ZB-BR,B-ZH-BR,B-ZE-BR,S-ZO-BR,S-ZG-BR,B-ZF-BR,B-ZO-UN,S-ZF-BR,S-ZC-BR,B-ZB-BR,B-ZC-BR,S-ZD-BO,B-ZO-BR
407,2013.02.06 00:00,NZDUSD,60,86400,SELL,ZO,0,0.84700,0.84243,457.0,0.84643,0.84095,548.0,119.912,12.47,400.0,107.9,0.84643,0.84243,0.83695,BREAK,2013.02.07 02:00,0,,0,,0,,0,NA,Asia,BREAK,2013.02.07 19:00,BREAK,2013.02.26 15:00,0.85100,BOUNCE,2013.02.14 11:00,1,2013.02.18 07:00,1,2013.02.20 12:00,1,2013.02.20 13:00,3,6d 2h,London,NA,,NA,,0.83843,BOUNCE,2013.02.07 00:00,1,2013.02.14 11:00,1,2013.02.14 11:00,0,,2,1w 0d,Asia,NA,,NA,,0.85043,BOUNCE,2013.02.14 11:00,1,2013.02.20 12:00,1,2013.02.20 12:00,0,,2,6d 1h,London,NA,,NA,,B-ZB-BO,B-ZC-BR,B-ZB-BR,S-ZE-BR,B-ZC-BO,B-ZB-BR,S-ZG-BR,B-ZO-BR,B-ZB-BR,B-ZH-BR,S-ZG-BR,B-ZF-BR,B-ZO-UN,S-ZF-BR,S-ZC-BR,B-ZB-BR,B-ZC-BR,S-ZD-BO,B-ZO-BR,S-ZE-BR
408,2013.02.07 00:00,NZDUSD,60,86400,SELL,ZG,0,0.84643,0.84095,548.0,0.84591,0.83909,682.0,124.453,9.49,496.0,129.3,0.84591,0.84095,0.83413,BREAK,2013.02.07 16:00,0,,0,,0,,0,NA,NewYork,BREAK,2013.02.26 15:00,BREAK,2013.02.26 18:00,0.85139,BOUNCE,2013.02.15 00:00,1,2013.02.19 05:00,1,2013.02.20 14:00,1,2013.02.20 22:00,3,5d 22h,Asia,NA,,NA,,0.83599,BREAK,2013.02.07 03:00,0,,0,,0,,0,NA,Asia,BREAK,2013.02.07 20:00,BREAK,2013.02.26 18:00,0.85087,BOUNCE,2013.02.14 11:00,1,2013.02.20 14:00,1,2013.02.20 14:00,0,,2,6d 3h,London,NA,,NA,,S-ZO-BR,B-ZB-BO,B-ZC-BR,B-ZB-BR,S-ZE-BR,B-ZC-BO,B-ZB-BR,S-ZG-BR,B-ZO-BR,B-ZB-BR,B-ZF-BR,B-ZO-UN,S-ZF-BR,S-ZC-BR,B-ZB-BR,B-ZC-BR,S-ZD-BO,B-ZO-BR,S-ZE-BR,S-ZH-UN
409,2013.02.13 00:00,NZDUSD,60,86400,BUY,ZF,1,0.83781,0.83085,696.0,0.84363,0.83319,1044.0,150.000,33.62,462.0,164.3,0.83781,0.83319,0.84825,BREAK,2013.02.14 03:00,0,,0,,0,,0,NA,Asia,BOUNCE,2013.02.15 15:00,NA,,0.82623,BREAK,2013.02.26 18:00,0,,0,,0,,0,NA,NewYork,BREAK,2013.03.04 07:00,BOUNCE,2013.03.13 23:00,0.84243,BREAK,2013.02.13 07:00,0,,0,,0,,0,NA,London,BREAK,2013.02.14 03:00,BOUNCE,2013.02.15 16:00,0.82857,BREAK,2013.02.26 15:00,0,,0,,0,,0,NA,NewYork,BOUNCE,2013.02.28 03:00,NA,,S-ZG-BR,S-ZO-BR,B-ZB-BO,B-ZC-BR,B-ZB-BR,S-ZE-BR,B-ZC-BO,B-ZB-BR,S-ZG-BR,B-ZO-BR,B-ZO-UN,S-ZF-BR,S-ZC-BR,B-ZB-BR,B-ZC-BR,S-ZD-BO,B-ZO-BR,S-ZE-BR,S-ZH-UN,S-ZF-UN
410,2013.02.16 00:00,NZDUSD,60,86400,BUY,ZO,0,0.85135,0.84061,1074.0,0.85324,0.84319,1005.0,93.575,24.02,816.0,253.5,0.85135,0.84319,0.86140,UNTOUCHED,,0,,0,,0,,0,NA,Other,NA,,NA,,0.83245,BOUNCE,2013.02.21 11:00,0,,0,,0,,0,NA,London,NA,,NA,,0.85951,UNTOUCHED,,0,,0,,0,,0,NA,Other,NA,,NA,,0.83503,BREAK,2013.02.20 22:00,0,,0,,0,,0,NA,Other,BREAK,2013.02.26 18:00,BOUNCE,2013.03.11 23:00,B-ZF-BR,S-ZG-BR,S-ZO-BR,B-ZB-BO,B-ZC-BR,B-ZB-BR,S-ZE-BR,B-ZC-BO,B-ZB-BR,S-ZG-BR,S-ZF-BR,S-ZC-BR,B-ZB-BR,B-ZC-BR,S-ZD-BO,B-ZO-BR,S-ZE-BR,S-ZH-UN,S-ZF-UN,B-ZB-BR
411,2013.02.21 00:00,NZDUSD,60,86400,SELL,ZF,1,0.84878,0.84036,842.0,0.84694,0.83259,1435.0,170.428,21.85,658.0,198.7,0.84694,0.84036,0.82601,BREAK,2013.02.26 18:00,0,,0,,0,,0,NA,NewYork,BOUNCE,2013.03.04 22:00,NA,,0.85536,UNTOUCHED,,0,,0,,0,,0,NA,Other,NA,,NA,,0.83378,BREAK,2013.02.21 03:00,0,,0,,0,,0,NA,Asia,BREAK,2013.02.26 18:00,BOUNCE,2013.03.04 22:00,0.85352,UNTOUCHED,,0,,0,,0,,0,NA,Other,NA,,NA,,B-ZO-UN,B-ZF-BR,S-ZG-BR,S-ZO-BR,B-ZB-BO,B-ZC-BR,B-ZB-BR,S-ZE-BR,B-ZC-BO,B-ZB-BR,S-ZC-BR,B-ZB-BR,B-ZC-BR,S-ZD-BO,B-ZO-BR,S-ZE-BR,S-ZH-UN,S-ZF-UN,B-ZB-BR,B-ZO-BR
412,2013.02.22 00:00,NZDUSD,60,86400,SELL,ZC,1,0.84694,0.83259,1435.0,0.83617,0.83126,491.0,34.216,75.05,358.0,338.7,0.83617,0.83259,0.82768,BREAK,2013.02.26 15:00,0,,0,,0,,0,NA,NewYork,BOUNCE,2013.02.27 22:00,NA,,0.85052,UNTOUCHED,,0,,0,,0,,0,NA,Other,NA,,NA,,0.82901,BREAK,2013.02.26 14:00,0,,0,,0,,0,NA,NewYork,BOUNCE,2013.02.28 03:00,NA,,0.83975,BOUNCE,2013.02.25 13:00,1,2013.02.26 14:00,1,2013.02.26 14:00,0,,2,1d 1h,NewYork,NA,,NA,,S-ZF-BR,B-ZO-UN,B-ZF-BR,S-ZG-BR,S-ZO-BR,B-ZB-BO,B-ZC-BR,B-ZB-BR,S-ZE-BR,B-ZC-BO,B-ZB-BR,B-ZC-BR,S-ZD-BO,B-ZO-BR,S-ZE-BR,S-ZH-UN,S-ZF-UN,B-ZB-BR,B-ZO-BR,S-ZB-UN
413,2013.02.23 00:00,NZDUSD,60,86400,BUY,ZB,1,0.83617,0.83126,491.0,0.83969,0.83325,644.0,131.161,40.53,292.0,115.9,0.83617,0.83325,0.84261,BREAK,2013.04.02 13:00,0,,0,,0,,0,NA,NewYork,BREAK,2013.04.08 16:00,BREAK,2013.04.09 14:00,0.82834,BREAK,2013.02.26 15:00,0,,0,,0,,0,NA,NewYork,BREAK,2013.02.26 18:00,BOUNCE,2013.02.27 22:00,0.83909,BREAK,2013.02.25 11:00,0,,0,,0,,0,NA,London,BREAK,2013.04.02 14:00,BREAK,2013.04.08 16:00,0.83033,BREAK,2013.02.26 14:00,0,,0,,0,,0,NA,NewYork,BREAK,2013.02.26 18:00,BREAK,2013.02.27 00:00,S-ZC-BR,S-ZF-BR,B-ZO-UN,B-ZF-BR,S-ZG-BR,S-ZO-BR,B-ZB-BO,B-ZC-BR,B-ZB-BR,S-ZE-BR,B-ZC-BR,S-ZD-BO,B-ZO-BR,S-ZE-BR,S-ZH-UN,S-ZF-UN,B-ZB-BR,B-ZO-BR,S-ZB-UN,B-ZB-BR
414,2013.03.01 00:00,NZDUSD,60,86400,BUY,ZC,1,0.82827,0.82246,581.0,0.83223,0.82520,703.0,120.998,47.16,307.0,137.1,0.82827,0.82520,0.83530,BREAK,2013.03.22 18:00,0,,0,,0,,0,NA,NewYork,BOUNCE,2013.03.27 13:00,NA,,0.81939,BOUNCE,2013.03.04 10:00,1,2013.03.04 22:00,1,2013.03.05 21:00,1,2013.03.22 18:00,3,2w 4d,London,NA,,NA,,0.83134,BREAK,2013.03.05 21:00,0,,0,,0,,0,NA,Other,BOUNCE,2013.03.06 18:00,NA,,0.82213,BOUNCE,2013.03.01 18:00,1,2013.03.05 21:00,1,2013.03.05 21:00,0,,2,4d 3h,NewYork,NA,,NA,,B-ZB-BR,S-ZC-BR,S-ZF-BR,B-ZO-UN,B-ZF-BR,S-ZG-BR,S-ZO-BR,B-ZB-BO,B-ZC-BR,B-ZB-BR,S-ZD-BO,B-ZO-BR,S-ZE-BR,S-ZH-UN,S-ZF-UN,B-ZB-BR,B-ZO-BR,S-ZB-UN,B-ZB-BR,B-ZE-BR
415,2013.03.02 00:00,NZDUSD,60,86400,SELL,ZD,1,0.83223,0.82520,703.0,0.82936,0.82148,788.0,112.091,40.83,416.0,165.9,0.82936,0.82520,0.81732,BOUNCE,2013.03.13 23:00,1,2013.03.15 18:00,1,2013.03.21 15:00,1,2013.03.25 12:00,3,1w 4d,Other,NA,,NA,,0.83639,BREAK,2013.03.25 12:00,0,,0,,0,,0,NA,London,BREAK,2013.04.02 13:00,BOUNCE,2013.04.04 06:00,0.82104,BREAK,2013.03.04 05:00,0,,0,,0,,0,NA,Asia,BOUNCE,2013.03.13 23:00,NA,,0.83352,BOUNCE,2013.03.06 06:00,1,2013.03.08 17:00,1,2013.03.08 17:00,0,,2,2d 11h,Asia,NA,,NA,,B-ZC-BR,B-ZB-BR,S-ZC-BR,S-ZF-BR,B-ZO-UN,B-ZF-BR,S-ZG-BR,S-ZO-BR,B-ZB-BO,B-ZC-BR,B-ZO-BR,S-ZE-BR,S-ZH-UN,S-ZF-UN,B-ZB-BR,B-ZO-BR,S-ZB-UN,B-ZB-BR,B-ZE-BR,B-ZF-BR
416,2013.03.07 00:00,NZDUSD,60,86400,BUY,ZO,0,0.83310,0.82554,756.0,0.83466,0.82755,711.0,94.048,26.59,555.0,178.4,0.83310,0.82755,0.84021,BREAK,2013.04.02 06:00,0,,0,,0,,0,NA,Asia,BREAK,2013.04.09 03:00,BREAK,2013.04.09 21:00,0.81999,BOUNCE,2013.03.08 18:00,1,2013.03.21 13:00,1,2013.03.26 22:00,1,2013.04.02 06:00,3,3w 3d,NewYork,NA,,NA,,0.83865,BREAK,2013.03.26 22:00,0,,0,,0,,0,NA,Other,BOUNCE,2013.04.04 09:00,NA,,0.82200,BREAK,2013.03.08 17:00,0,,0,,0,,0,NA,NewYork,BOUNCE,2013.03.13 23:00,NA,,S-ZD-BO,B-ZC-BR,B-ZB-BR,S-ZC-BR,S-ZF-BR,B-ZO-UN,B-ZF-BR,S-ZG-BR,S-ZO-BR,B-ZB-BO,S-ZE-BR,S-ZH-UN,S-ZF-UN,B-ZB-BR,B-ZO-BR,S-ZB-UN,B-ZB-BR,B-ZE-BR,B-ZF-BR,B-ZO-BO
417,2013.03.08 00:00,NZDUSD,60,86400,SELL,ZE,1,0.83466,0.82755,711.0,0.83130,0.82600,530.0,74.543,47.26,375.0,167.8,0.83130,0.82755,0.82225,BREAK,2013.03.08 17:00,0,,0,,0,,0,NA,NewYork,BREAK,2013.03.13 23:00,UNTOUCHED,,0.83841,BOUNCE,2013.03.26 17:00,0,,0,,0,,0,NA,NewYork,NA,,NA,,0.82380,BOUNCE,2013.03.08 16:00,1,2013.03.22 18:00,1,2013.03.26 17:00,0,,2,2w 4d,NewYork,NA,,NA,,0.83505,BREAK,2013.03.22 18:00,0,,0,,0,,0,NA,NewYork,BOUNCE,2013.03.27 14:00,NA,,B-ZO-BR,S-ZD-BO,B-ZC-BR,B-ZB-BR,S-ZC-BR,S-ZF-BR,B-ZO-UN,B-ZF-BR,S-ZG-BR,S-ZO-BR,S-ZH-UN,S-ZF-UN,B-ZB-BR,B-ZO-BR,S-ZB-UN,B-ZB-BR,B-ZE-BR,B-ZF-BR,B-ZO-BO,S-ZG-BR
418,2013.03.09 00:00,NZDUSD,60,86400,SELL,ZH,1,0.83130,0.82600,530.0,0.82940,0.81866,1074.0,202.642,35.85,340.0,125.1,0.82940,0.82600,0.81526,UNTOUCHED,,0,,0,,0,,0,NA,Other,NA,,NA,,0.83470,BREAK,2013.03.22 18:00,0,,0,,0,,0,NA,NewYork,BREAK,2013.03.26 23:00,BREAK,2013.04.02 13:00,0.82260,BREAK,2013.03.09 00:00,0,,0,,0,,0,NA,Asia,BOUNCE,2013.03.11 18:00,NA,,0.83280,BREAK,2013.03.21 14:00,0,,0,,0,,0,NA,NewYork,BREAK,2013.03.26 16:00,BOUNCE,2013.03.27 13:00,S-ZE-BR,B-ZO-BR,S-ZD-BO,B-ZC-BR,B-ZB-BR,S-ZC-BR,S-ZF-BR,B-ZO-UN,B-ZF-BR,S-ZG-BR,S-ZF-UN,B-ZB-BR,B-ZO-BR,S-ZB-UN,B-ZB-BR,B-ZE-BR,B-ZF-BR,B-ZO-BO,S-ZG-BR,B-ZG-BR
419,2013.03.14 00:00,NZDUSD,60,86400,SELL,ZF,1,0.82800,0.82310,490.0,0.82758,0.81617,1141.0,232.857,8.57,448.0,115.6,0.82758,0.82310,0.81169,UNTOUCHED,,0,,0,,0,,0,NA,Other,NA,,NA,,0.83248,BREAK,2013.03.21 14:00,0,,0,,0,,0,NA,NewYork,BREAK,2013.03.26 17:00,BREAK,2013.04.02 13:00,0.81862,BREAK,2013.03.14 00:00,0,,0,,0,,0,NA,Asia,UNTOUCHED,,NA,,0.83206,BREAK,2013.03.21 13:00,0,,0,,0,,0,NA,NewYork,BREAK,2013.03.26 16:00,BREAK,2013.04.02 13:00,S-ZH-UN,S-ZE-BR,B-ZO-BR,S-ZD-BO,B-ZC-BR,B-ZB-BR,S-ZC-BR,S-ZF-BR,B-ZO-UN,B-ZF-BR,B-ZB-BR,B-ZO-BR,S-ZB-UN,B-ZB-BR,B-ZE-BR,B-ZF-BR,B-ZO-BO,S-ZG-BR,B-ZG-BR,B-ZB-BR
420,2013.03.18 02:00,NZDUSD,60,86400,BUY,ZB,1,0.82345,0.81630,715.0,0.82780,0.81930,850.0,118.881,41.96,415.0,168.7,0.82345,0.81930,0.83195,BREAK,2013.03.21 13:00,0,,0,,0,,0,NA,NewYork,BREAK,2013.03.26 17:00,BREAK,2013.04.02 13:00,0.81215,UNTOUCHED,,0,,0,,0,,0,NA,Other,NA,,NA,,0.82760,BOUNCE,2013.03.21 00:00,0,,0,,0,,0,NA,Asia,NA,,NA,,0.81515,UNTOUCHED,,0,,0,,0,,0,NA,Other,NA,,NA,,S-ZF-UN,S-ZH-UN,S-ZE-BR,B-ZO-BR,S-ZD-BO,B-ZC-BR,B-ZB-BR,S-ZC-BR,S-ZF-BR,B-ZO-UN,B-ZO-BR,S-ZB-UN,B-ZB-BR,B-ZE-BR,B-ZF-BR,B-ZO-BO,S-ZG-BR,B-ZG-BR,B-ZB-BR,B-ZC-BR
421,2013.03.20 00:00,NZDUSD,60,86400,BUY,ZO,0,0.82671,0.82165,506.0,0.82687,0.82273,414.0,81.818,21.34,398.0,119.4,0.82671,0.82273,0.83085,BREAK,2013.03.21 13:00,0,,0,,0,,0,NA,NewYork,BREAK,2013.03.22 21:00,BOUNCE,2013.03.27 14:00,0.81767,UNTOUCHED,,0,,0,,0,,0,NA,Other,NA,,NA,,0.83069,BREAK,2013.03.21 12:00,0,,0,,0,,0,NA,London,BREAK,2013.03.22 21:00,BOUNCE,2013.03.27 14:00,0.81875,UNTOUCHED,,0,,0,,0,,0,NA,Other,NA,,NA,,B-ZB-BR,S-ZF-UN,S-ZH-UN,S-ZE-BR,B-ZO-BR,S-ZD-BO,B-ZC-BR,B-ZB-BR,S-ZC-BR,S-ZF-BR,S-ZB-UN,B-ZB-BR,B-ZE-BR,B-ZF-BR,B-ZO-BO,S-ZG-BR,B-ZG-BR,B-ZB-BR,B-ZC-BR,S-ZO-BR
422,2013.03.21 00:00,NZDUSD,60,86400,SELL,ZB,1,0.82687,0.82273,414.0,0.82529,0.82100,429.0,103.623,38.16,256.0,97.7,0.82529,0.82273,0.81844,UNTOUCHED,,0,,0,,0,,0,NA,Other,NA,,NA,,0.82943,BREAK,2013.03.21 12:00,0,,0,,0,,0,NA,London,BREAK,2013.03.21 14:00,BREAK,2013.03.22 20:00,0.82017,UNTOUCHED,,0,,0,,0,,0,NA,Other,NA,,NA,,0.82785,BREAK,2013.03.21 05:00,0,,0,,0,,0,NA,Asia,BREAK,2013.03.21 13:00,BREAK,2013.03.21 15:00,B-ZO-BR,B-ZB-BR,S-ZF-UN,S-ZH-UN,S-ZE-BR,B-ZO-BR,S-ZD-BO,B-ZC-BR,B-ZB-BR,S-ZC-BR,B-ZB-BR,B-ZE-BR,B-ZF-BR,B-ZO-BO,S-ZG-BR,B-ZG-BR,B-ZB-BR,B-ZC-BR,S-ZO-BR,B-ZB-BR
423,2013.03.25 02:00,NZDUSD,60,86400,BUY,ZB,1,0.83449,0.82132,1317.0,0.83621,0.83066,555.0,42.141,70.92,383.0,310.8,0.83449,0.83066,0.84004,BREAK,2013.04.02 06:00,0,,0,,0,,0,NA,Asia,BOUNCE,2013.04.04 07:00,NA,,0.81749,UNTOUCHED,,0,,0,,0,,0,NA,Other,NA,,NA,,0.83832,BOUNCE,2013.03.26 17:00,0,,0,,0,,0,NA,NewYork,NA,,NA,,0.82683,UNTOUCHED,,0,,0,,0,,0,NA,Other,NA,,NA,,S-ZB-UN,B-ZO-BR,B-ZB-BR,S-ZF-UN,S-ZH-UN,S-ZE-BR,B-ZO-BR,S-ZD-BO,B-ZC-BR,B-ZB-BR,B-ZE-BR,B-ZF-BR,B-ZO-BO,S-ZG-BR,B-ZG-BR,B-ZB-BR,B-ZC-BR,S-ZO-BR,B-ZB-BR,B-ZB-BR
424,2013.03.26 00:00,NZDUSD,60,86400,BUY,ZE,1,0.83621,0.83066,555.0,0.83706,0.83345,361.0,65.045,50.27,276.0,131.0,0.83621,0.83345,0.83982,BREAK,2013.04.02 06:00,0,,0,,0,,0,NA,Asia,BREAK,2013.04.02 14:00,BREAK,2013.04.08 16:00,0.82790,UNTOUCHED,,0,,0,,0,,0,NA,Other,NA,,NA,,0.83897,BOUNCE,2013.03.26 22:00,0,,0,,0,,0,NA,Other,NA,,NA,,0.83069,UNTOUCHED,,0,,0,,0,,0,NA,Other,NA,,NA,,B-ZB-BR,S-ZB-UN,B-ZO-BR,B-ZB-BR,S-ZF-UN,S-ZH-UN,S-ZE-BR,B-ZO-BR,S-ZD-BO,B-ZC-BR,B-ZF-BR,B-ZO-BO,S-ZG-BR,B-ZG-BR,B-ZB-BR,B-ZC-BR,S-ZO-BR,B-ZB-BR,B-ZB-BR,B-ZB-BR
425,2013.03.27 00:00,NZDUSD,60,86400,BUY,ZF,1,0.83706,0.83345,361.0,0.83942,0.83359,583.0,161.496,3.88,347.0,85.2,0.83706,0.83359,0.84289,BREAK,2013.04.02 13:00,0,,0,,0,,0,NA,NewYork,BREAK,2013.04.08 16:00,BREAK,2013.04.09 15:00,0.82998,UNTOUCHED,,0,,0,,0,,0,NA,Other,NA,,NA,,0.84053,BREAK,2013.04.02 06:00,0,,0,,0,,0,NA,Asia,BOUNCE,2013.04.03 03:00,NA,,0.83012,UNTOUCHED,,0,,0,,0,,0,NA,Other,NA,,NA,,B-ZE-BR,B-ZB-BR,S-ZB-UN,B-ZO-BR,B-ZB-BR,S-ZF-UN,S-ZH-UN,S-ZE-BR,B-ZO-BR,S-ZD-BO,B-ZO-BO,S-ZG-BR,B-ZG-BR,B-ZB-BR,B-ZC-BR,S-ZO-BR,B-ZB-BR,B-ZB-BR,B-ZB-BR,S-ZG-BR
426,2013.03.28 00:00,NZDUSD,60,86400,BUY,ZO,0,0.83942,0.83359,583.0,0.83961,0.83429,532.0,91.252,12.01,513.0,137.6,0.83942,0.83429,0.84474,BOUNCE,2013.04.03 16:00,0,,0,,0,,0,NA,NewYork,NA,,NA,,0.82846,UNTOUCHED,,0,,0,,0,,0,NA,Other,NA,,NA,,0.84455,BOUNCE,2013.04.03 16:00,0,,0,,0,,0,NA,NewYork,NA,,NA,,0.82916,UNTOUCHED,,0,,0,,0,,0,NA,Other,NA,,NA,,B-ZF-BR,B-ZE-BR,B-ZB-BR,S-ZB-UN,B-ZO-BR,B-ZB-BR,S-ZF-UN,S-ZH-UN,S-ZE-BR,B-ZO-BR,S-ZG-BR,B-ZG-BR,B-ZB-BR,B-ZC-BR,S-ZO-BR,B-ZB-BR,B-ZB-BR,B-ZB-BR,S-ZG-BR,S-ZB-BR
427,2013.04.01 01:00,NZDUSD,60,86400,SELL,ZG,0,0.83849,0.83510,339.0,0.83770,0.83483,287.0,84.661,23.30,260.0,80.0,0.83770,0.83510,0.83223,BREAK,2013.05.10 14:00,0,,0,,0,,0,NA,NewYork,BREAK,2013.05.10 17:00,BREAK,2013.05.10 18:00,0.84109,BREAK,2013.04.02 06:00,0,,0,,0,,0,NA,Asia,BOUNCE,2013.04.02 22:00,NA,,0.83250,BOUNCE,2013.05.10 11:00,0,,0,,0,,0,NA,London,NA,,NA,,0.84030,BREAK,2013.04.02 06:00,0,,0,,0,,0,NA,Asia,BREAK,2013.04.02 14:00,BREAK,2013.04.08 16:00,B-ZO-BO,B-ZF-BR,B-ZE-BR,B-ZB-BR,S-ZB-UN,B-ZO-BR,B-ZB-BR,S-ZF-UN,S-ZH-UN,S-ZE-BR,B-ZG-BR,B-ZB-BR,B-ZC-BR,S-ZO-BR,B-ZB-BR,B-ZB-BR,B-ZB-BR,S-ZG-BR,S-ZB-BR,B-ZO-UN
428,2013.04.02 00:00,NZDUSD,60,86400,BUY,ZG,0,0.83770,0.83483,287.0,0.83845,0.83496,349.0,121.603,4.53,274.0,67.7,0.83770,0.83496,0.84119,BREAK,2013.04.02 11:00,0,,0,,0,,0,NA,London,BOUNCE,2013.04.02 22:00,NA,,0.83209,BREAK,2013.05.10 14:00,0,,0,,0,,0,NA,NewYork,BREAK,2013.05.10 17:00,BREAK,2013.05.10 18:00,0.84044,BREAK,2013.04.02 06:00,0,,0,,0,,0,NA,Asia,BREAK,2013.04.02 14:00,BREAK,2013.04.08 16:00,0.83222,BREAK,2013.05.10 14:00,0,,0,,0,,0,NA,NewYork,BREAK,2013.05.10 17:00,BREAK,2013.05.10 18:00,S-ZG-BR,B-ZO-BO,B-ZF-BR,B-ZE-BR,B-ZB-BR,S-ZB-UN,B-ZO-BR,B-ZB-BR,S-ZF-UN,S-ZH-UN,B-ZB-BR,B-ZC-BR,S-ZO-BR,B-ZB-BR,B-ZB-BR,B-ZB-BR,S-ZG-BR,S-ZB-BR,B-ZO-UN,S-ZD-BO
429,2013.04.03 00:00,NZDUSD,60,86400,BUY,ZB,1,0.83845,0.83496,349.0,0.84446,0.83656,790.0,226.361,45.85,189.0,82.4,0.83845,0.83656,0.84635,BREAK,2013.04.08 16:00,0,,0,,0,,0,NA,NewYork,BREAK,2013.04.09 04:00,BREAK,2013.04.09 15:00,0.83307,BOUNCE,2013.05.10 09:00,0,,0,,0,,0,NA,London,NA,,NA,,0.84034,BREAK,2013.04.03 00:00,0,,0,,0,,0,NA,Asia,BREAK,2013.04.03 11:00,BOUNCE,2013.04.03 20:00,0.83467,BREAK,2013.05.10 09:00,0,,0,,0,,0,NA,London,BOUNCE,2013.05.10 11:00,NA,,B-ZG-BR,S-ZG-BR,B-ZO-BO,B-ZF-BR,B-ZE-BR,B-ZB-BR,S-ZB-UN,B-ZO-BR,B-ZB-BR,S-ZF-UN,B-ZC-BR,S-ZO-BR,B-ZB-BR,B-ZB-BR,B-ZB-BR,S-ZG-BR,S-ZB-BR,B-ZO-UN,S-ZD-BO,B-ZG-BO
430,2013.04.04 00:00,NZDUSD,60,86400,BUY,ZC,1,0.84446,0.83656,790.0,0.84479,0.83964,515.0,65.190,38.99,482.0,186.4,0.84446,0.83964,0.84961,BREAK,2013.04.09 14:00,0,,0,,0,,0,NA,NewYork,BREAK,2013.04.10 17:00,BREAK,2013.04.11 10:00,0.83174,BREAK,2013.05.10 14:00,0,,0,,0,,0,NA,NewYork,BOUNCE,2013.05.13 10:00,NA,,0.84928,BREAK,2013.04.09 04:00,0,,0,,0,,0,NA,Asia,BREAK,2013.04.10 17:00,BREAK,2013.04.11 10:00,0.83482,BREAK,2013.05.10 09:00,0,,0,,0,,0,NA,London,BREAK,2013.05.10 17:00,BREAK,2013.05.13 19:00,B-ZB-BR,B-ZG-BR,S-ZG-BR,B-ZO-BO,B-ZF-BR,B-ZE-BR,B-ZB-BR,S-ZB-UN,B-ZO-BR,B-ZB-BR,S-ZO-BR,B-ZB-BR,B-ZB-BR,B-ZB-BR,S-ZG-BR,S-ZB-BR,B-ZO-UN,S-ZD-BO,B-ZG-BO,S-ZO-BR
431,2013.04.05 00:00,NZDUSD,60,86400,SELL,ZO,1,0.84479,0.83964,515.0,0.84367,0.83632,735.0,142.718,21.75,403.0,121.5,0.84367,0.83964,0.83229,BREAK,2013.05.10 14:00,0,,0,,0,,0,NA,NewYork,BREAK,2013.05.10 17:00,BREAK,2013.05.13 20:00,0.84882,BREAK,2013.04.09 03:00,0,,0,,0,,0,NA,Asia,BREAK,2013.04.10 10:00,BREAK,2013.04.11 00:00,0.83561,BOUNCE,2013.05.09 21:00,0,,0,,0,,0,NA,Other,NA,,NA,,0.84770,BREAK,2013.04.09 03:00,0,,0,,0,,0,NA,Asia,BREAK,2013.04.09 21:00,BREAK,2013.04.10 17:00,B-ZC-BR,B-ZB-BR,B-ZG-BR,S-ZG-BR,B-ZO-BO,B-ZF-BR,B-ZE-BR,B-ZB-BR,S-ZB-UN,B-ZO-BR,B-ZB-BR,B-ZB-BR,B-ZB-BR,S-ZG-BR,S-ZB-BR,B-ZO-UN,S-ZD-BO,B-ZG-BO,S-ZO-BR,S-ZC-BR
432,2013.04.09 00:00,NZDUSD,60,86400,BUY,ZB,1,0.84355,0.83735,620.0,0.84746,0.84050,696.0,112.258,50.81,305.0,146.3,0.84355,0.84050,0.85051,BREAK,2013.04.09 15:00,0,,0,,0,,0,NA,NewYork,BREAK,2013.04.10 11:00,BREAK,2013.04.11 00:00,0.83430,BREAK,2013.05.10 09:00,0,,0,,0,,0,NA,London,BREAK,2013.05.10 16:00,BREAK,2013.05.10 17:00,0.84660,BREAK,2013.04.09 00:00,0,,0,,0,,0,NA,Asia,BREAK,2013.04.09 15:00,BREAK,2013.04.10 10:00,0.83745,BOUNCE,2013.04.23 09:00,1,2013.04.24 10:00,1,2013.04.24 10:00,0,,2,1d 1h,London,NA,,NA,,S-ZO-BR,B-ZC-BR,B-ZB-BR,B-ZG-BR,S-ZG-BR,B-ZO-BO,B-ZF-BR,B-ZE-BR,B-ZB-BR,S-ZB-UN,B-ZB-BR,B-ZB-BR,S-ZG-BR,S-ZB-BR,B-ZO-UN,S-ZD-BO,B-ZG-BO,S-ZO-BR,S-ZC-BR,B-ZD-BO
433,2013.04.10 00:00,NZDUSD,60,86400,BUY,ZB,1,0.84746,0.84050,696.0,0.85362,0.84499,863.0,123.994,64.51,247.0,164.3,0.84746,0.84499,0.85609,BREAK,2013.04.10 17:00,0,,0,,0,,0,NA,NewYork,BREAK,2013.04.11 10:00,BREAK,2013.04.11 11:00,0.83803,BOUNCE,2013.04.15 22:00,1,2013.04.16 01:00,1,2013.04.16 19:00,1,2013.04.25 15:00,3,1w 2d,Other,NA,,NA,,0.84993,BREAK,2013.04.10 00:00,0,,0,,0,,0,NA,Asia,BREAK,2013.04.10 10:00,BREAK,2013.04.10 17:00,0.84252,BOUNCE,2013.04.15 21:00,1,2013.04.16 19:00,1,2013.04.16 19:00,0,,2,22h,Other,NA,,NA,,B-ZB-BR,S-ZO-BR,B-ZC-BR,B-ZB-BR,B-ZG-BR,S-ZG-BR,B-ZO-BO,B-ZF-BR,B-ZE-BR,B-ZB-BR,B-ZB-BR,S-ZG-BR,S-ZB-BR,B-ZO-UN,S-ZD-BO,B-ZG-BO,S-ZO-BR,S-ZC-BR,B-ZD-BO,B-ZB-UN
434,2013.04.11 00:00,NZDUSD,60,86400,BUY,ZB,1,0.85362,0.84499,863.0,0.85779,0.85141,638.0,73.928,74.39,221.0,203.7,0.85362,0.85141,0.86000,BREAK,2013.04.11 10:00,0,,0,,0,,0,NA,London,BREAK,2013.04.11 11:00,BREAK,2013.04.11 12:00,0.84278,BOUNCE,2013.04.15 21:00,1,2013.04.16 06:00,1,2013.04.25 15:00,0,,2,1w 2d,Other,NA,,NA,,0.85583,BREAK,2013.04.11 00:00,0,,0,,0,,0,NA,Asia,BREAK,2013.04.11 10:00,BREAK,2013.04.11 11:00,0.84920,BOUNCE,2013.04.15 05:00,1,2013.04.25 15:00,1,2013.04.25 15:00,0,,2,1w 3d,Asia,NA,,NA,,B-ZB-BR,B-ZB-BR,S-ZO-BR,B-ZC-BR,B-ZB-BR,B-ZG-BR,S-ZG-BR,B-ZO-BO,B-ZF-BR,B-ZE-BR,S-ZG-BR,S-ZB-BR,B-ZO-UN,S-ZD-BO,B-ZG-BO,S-ZO-BR,S-ZC-BR,B-ZD-BO,B-ZB-UN,B-ZF-UN
435,2013.04.15 01:00,NZDUSD,60,86400,SELL,ZG,0,0.86759,0.85705,1054.0,0.86424,0.85462,962.0,91.271,31.78,719.0,248.7,0.86424,0.85705,0.84743,BREAK,2013.04.15 12:00,0,,0,,0,,0,NA,London,BREAK,2013.04.15 22:00,BREAK,2013.05.10 14:00,0.87478,UNTOUCHED,,0,,0,,0,,0,NA,Other,NA,,NA,,0.84986,BREAK,2013.04.15 05:00,0,,0,,0,,0,NA,Asia,BREAK,2013.04.15 22:00,BREAK,2013.05.10 09:00,0.87143,UNTOUCHED,,0,,0,,0,,0,NA,Other,NA,,NA,,B-ZB-BR,B-ZB-BR,B-ZB-BR,S-ZO-BR,B-ZC-BR,B-ZB-BR,B-ZG-BR,S-ZG-BR,B-ZO-BO,B-ZF-BR,S-ZB-BR,B-ZO-UN,S-ZD-BO,B-ZG-BO,S-ZO-BR,S-ZC-BR,B-ZD-BO,B-ZB-UN,B-ZF-UN,B-ZC-UN
436,2013.04.16 00:00,NZDUSD,60,86400,SELL,ZB,1,0.86424,0.85462,962.0,0.85803,0.83771,2032.0,211.227,64.55,341.0,227.0,0.85803,0.85462,0.83430,BREAK,2013.05.10 09:00,0,,0,,0,,0,NA,London,BREAK,2013.05.10 17:00,BOUNCE,2013.05.10 20:00,0.86765,UNTOUCHED,,0,,0,,0,,0,NA,Other,NA,,NA,,0.85121,BREAK,2013.04.16 00:00,0,,0,,0,,0,NA,Asia,BREAK,2013.04.16 01:00,BREAK,2013.04.16 03:00,0.86144,UNTOUCHED,,0,,0,,0,,0,NA,Other,NA,,NA,,S-ZG-BR,B-ZB-BR,B-ZB-BR,B-ZB-BR,S-ZO-BR,B-ZC-BR,B-ZB-BR,B-ZG-BR,S-ZG-BR,B-ZO-BO,B-ZO-UN,S-ZD-BO,B-ZG-BO,S-ZO-BR,S-ZC-BR,B-ZD-BO,B-ZB-UN,B-ZF-UN,B-ZC-UN,S-ZF-BR
437,2013.04.18 00:00,NZDUSD,60,86400,BUY,ZO,0,0.85071,0.83981,1090.0,0.85089,0.84264,825.0,75.688,25.96,807.0,257.2,0.85071,0.84264,0.85896,UNTOUCHED,,0,,0,,0,,0,NA,Other,NA,,NA,,0.83174,BREAK,2013.05.10 14:00,0,,0,,0,,0,NA,NewYork,BREAK,2013.05.14 18:00,BREAK,2013.05.17 04:00,0.85878,UNTOUCHED,,0,,0,,0,,0,NA,Other,NA,,NA,,0.83457,BREAK,2013.05.10 09:00,0,,0,,0,,0,NA,London,BREAK,2013.05.13 18:00,BOUNCE,2013.05.16 03:00,S-ZB-BR,S-ZG-BR,B-ZB-BR,B-ZB-BR,B-ZB-BR,S-ZO-BR,B-ZC-BR,B-ZB-BR,B-ZG-BR,S-ZG-BR,S-ZD-BO,B-ZG-BO,S-ZO-BR,S-ZC-BR,B-ZD-BO,B-ZB-UN,B-ZF-UN,B-ZC-UN,S-ZF-BR,S-ZC-BO
438,2013.04.19 00:00,NZDUSD,60,86400,SELL,ZD,1,0.85089,0.84264,825.0,0.84686,0.84011,675.0,81.818,48.85,422.0,194.7,0.84686,0.84264,0.83589,BOUNCE,2013.05.09 21:00,0,,0,,0,,0,NA,Other,NA,,NA,,0.85511,BOUNCE,2013.04.25 12:00,1,2013.05.02 10:00,1,2013.05.08 04:00,1,2013.05.09 21:00,3,2w 0d,London,NA,,NA,,0.83842,BREAK,2013.04.23 04:00,0,,0,,0,,0,NA,Asia,BREAK,2013.05.10 14:00,BREAK,2013.05.10 17:00,0.85108,BREAK,2013.04.25 04:00,0,,0,,0,,0,NA,Asia,BOUNCE,2013.04.25 19:00,NA,,B-ZO-UN,S-ZB-BR,S-ZG-BR,B-ZB-BR,B-ZB-BR,B-ZB-BR,S-ZO-BR,B-ZC-BR,B-ZB-BR,B-ZG-BR,B-ZG-BO,S-ZO-BR,S-ZC-BR,B-ZD-BO,B-ZB-UN,B-ZF-UN,B-ZC-UN,S-ZF-BR,S-ZC-BO,B-ZH-UN
439,2013.04.22 01:00,NZDUSD,60,86400,BUY,ZG,0,0.84686,0.84011,675.0,0.84904,0.84022,882.0,130.667,1.63,664.0,159.3,0.84686,0.84022,0.85568,BOUNCE,2013.04.25 15:00,1,2013.05.07 17:00,1,2013.05.10 09:00,1,2013.05.10 09:00,3,2w 0d,NewYork,NA,,NA,,0.83347,BREAK,2013.05.10 09:00,0,,0,,0,,0,NA,London,BREAK,2013.05.13 18:00,BREAK,2013.05.14 21:00,0.85350,BREAK,2013.04.25 06:00,0,,0,,0,,0,NA,Asia,UNTOUCHED,,NA,,0.83358,BREAK,2013.05.10 09:00,0,,0,,0,,0,NA,London,BREAK,2013.05.13 18:00,BREAK,2013.05.14 20:00,S-ZD-BO,B-ZO-UN,S-ZB-BR,S-ZG-BR,B-ZB-BR,B-ZB-BR,B-ZB-BR,S-ZO-BR,B-ZC-BR,B-ZB-BR,S-ZO-BR,S-ZC-BR,B-ZD-BO,B-ZB-UN,B-ZF-UN,B-ZC-UN,S-ZF-BR,S-ZC-BO,B-ZH-UN,B-ZO-UN
440,2013.04.23 00:00,NZDUSD,60,86400,SELL,ZO,0,0.84904,0.84022,882.0,0.84606,0.83932,674.0,76.417,33.79,584.0,208.2,0.84606,0.84022,0.83348,BREAK,2013.05.10 09:00,0,,0,,0,,0,NA,London,BREAK,2013.05.13 18:00,BREAK,2013.05.14 20:00,0.85488,BOUNCE,2013.04.25 12:00,1,2013.05.07 17:00,1,2013.05.10 09:00,1,2013.05.10 09:00,3,2w 0d,London,NA,,NA,,0.83438,BREAK,2013.05.10 09:00,0,,0,,0,,0,NA,London,BREAK,2013.05.10 17:00,BREAK,2013.05.14 18:00,0.85190,BREAK,2013.04.25 04:00,0,,0,,0,,0,NA,Asia,BOUNCE,2013.05.01 16:00,NA,,B-ZG-BO,S-ZD-BO,B-ZO-UN,S-ZB-BR,S-ZG-BR,B-ZB-BR,B-ZB-BR,B-ZB-BR,S-ZO-BR,B-ZC-BR,S-ZC-BR,B-ZD-BO,B-ZB-UN,B-ZF-UN,B-ZC-UN,S-ZF-BR,S-ZC-BO,B-ZH-UN,B-ZO-UN,S-ZB-BR
441,2013.04.24 00:00,NZDUSD,60,86400,SELL,ZC,1,0.84606,0.83932,674.0,0.84318,0.83600,718.0,106.528,42.73,386.0,159.1,0.84318,0.83932,0.83214,BREAK,2013.05.10 14:00,0,,0,,0,,0,NA,NewYork,BREAK,2013.05.10 17:00,BOUNCE,2013.05.14 04:00,0.84992,BREAK,2013.04.25 04:00,0,,0,,0,,0,NA,Asia,BREAK,2013.04.25 15:00,BOUNCE,2013.05.01 16:00,0.83546,BOUNCE,2013.05.09 22:00,0,,0,,0,,0,NA,Other,NA,,NA,,0.84704,BREAK,2013.04.24 11:00,0,,0,,0,,0,NA,London,BREAK,2013.04.25 05:00,BOUNCE,2013.04.25 19:00,S-ZO-BR,B-ZG-BO,S-ZD-BO,B-ZO-UN,S-ZB-BR,S-ZG-BR,B-ZB-BR,B-ZB-BR,B-ZB-BR,S-ZO-BR,B-ZD-BO,B-ZB-UN,B-ZF-UN,B-ZC-UN,S-ZF-BR,S-ZC-BO,B-ZH-UN,B-ZO-UN,S-ZB-BR,S-ZB-BR
442,2013.04.25 00:00,NZDUSD,60,86400,BUY,ZD,1,0.84318,0.83600,718.0,0.84869,0.84119,750.0,104.457,72.28,199.0,169.4,0.84318,0.84119,0.85068,BOUNCE,2013.04.25 04:00,1,2013.05.02 10:00,1,2013.05.08 04:00,1,2013.05.10 09:00,3,2w 1d,Asia,NA,,NA,,0.83401,BREAK,2013.05.10 09:00,0,,0,,0,,0,NA,London,BREAK,2013.05.10 15:00,BREAK,2013.05.10 17:00,0.84517,BREAK,2013.04.25 00:00,0,,0,,0,,0,NA,Asia,BREAK,2013.04.25 04:00,BREAK,2013.04.25 05:00,0.83920,BREAK,2013.05.08 04:00,0,,0,,0,,0,NA,Asia,BOUNCE,2013.05.08 09:00,NA,,S-ZC-BR,S-ZO-BR,B-ZG-BO,S-ZD-BO,B-ZO-UN,S-ZB-BR,S-ZG-BR,B-ZB-BR,B-ZB-BR,B-ZB-BR,B-ZB-UN,B-ZF-UN,B-ZC-UN,S-ZF-BR,S-ZC-BO,B-ZH-UN,B-ZO-UN,S-ZB-BR,S-ZB-BR,S-ZB-BO
443,2013.04.26 00:00,NZDUSD,60,86400,BUY,ZB,1,0.84869,0.84119,750.0,0.85621,0.84585,1036.0,138.133,62.13,284.0,177.0,0.84869,0.84585,0.85905,UNTOUCHED,,0,,0,,0,,0,NA,Other,NA,,NA,,0.83835,BREAK,2013.05.08 04:00,0,,0,,0,,0,NA,Asia,BOUNCE,2013.05.09 21:00,NA,,0.85153,BREAK,2013.04.26 01:00,0,,0,,0,,0,NA,Asia,BREAK,2013.04.29 15:00,BOUNCE,2013.04.30 01:00,0.84301,BOUNCE,2013.05.07 17:00,0,,0,,0,,0,NA,NewYork,NA,,NA,,B-ZD-BO,S-ZC-BR,S-ZO-BR,B-ZG-BO,S-ZD-BO,B-ZO-UN,S-ZB-BR,S-ZG-BR,B-ZB-BR,B-ZB-BR,B-ZF-UN,B-ZC-UN,S-ZF-BR,S-ZC-BO,B-ZH-UN,B-ZO-UN,S-ZB-BR,S-ZB-BR,S-ZB-BO,S-ZB-BR
444,2013.04.30 00:00,NZDUSD,60,86400,BUY,ZF,0,0.85378,0.84690,688.0,0.85755,0.84842,913.0,132.703,22.09,536.0,162.4,0.85378,0.84842,0.86291,UNTOUCHED,,0,,0,,0,,0,NA,Other,NA,,NA,,0.84154,BREAK,2013.05.08 04:00,0,,0,,0,,0,NA,Asia,BOUNCE,2013.05.09 21:00,NA,,0.85914,UNTOUCHED,,0,,0,,0,,0,NA,Other,NA,,NA,,0.84306,BREAK,2013.05.07 17:00,0,,0,,0,,0,NA,NewYork,BOUNCE,2013.05.09 01:00,NA,,B-ZB-UN,B-ZD-BO,S-ZC-BR,S-ZO-BR,B-ZG-BO,S-ZD-BO,B-ZO-UN,S-ZB-BR,S-ZG-BR,B-ZB-BR,B-ZC-UN,S-ZF-BR,S-ZC-BO,B-ZH-UN,B-ZO-UN,S-ZB-BR,S-ZB-BR,S-ZB-BO,S-ZB-BR,S-ZF-BR
445,2013.05.01 00:00,NZDUSD,60,86400,BUY,ZC,1,0.85755,0.84842,913.0,0.85854,0.85407,447.0,48.959,61.88,348.0,215.5,0.85755,0.85407,0.86202,UNTOUCHED,,0,,0,,0,,0,NA,Other,NA,,NA,,0.84494,BREAK,2013.05.07 15:00,0,,0,,0,,0,NA,NewYork,BREAK,2013.05.08 04:00,BOUNCE,2013.05.09 01:00,0.86103,UNTOUCHED,,0,,0,,0,,0,NA,Other,NA,,NA,,0.85059,BOUNCE,2013.05.01 16:00,0,,0,,0,,0,NA,NewYork,NA,,NA,,B-ZF-UN,B-ZB-UN,B-ZD-BO,S-ZC-BR,S-ZO-BR,B-ZG-BO,S-ZD-BO,B-ZO-UN,S-ZB-BR,S-ZG-BR,S-ZF-BR,S-ZC-BO,B-ZH-UN,B-ZO-UN,S-ZB-BR,S-ZB-BR,S-ZB-BO,S-ZB-BR,S-ZF-BR,S-ZO-BR
446,2013.05.02 00:00,NZDUSD,60,86400,SELL,ZF,1,0.85854,0.85407,447.0,0.85820,0.84806,1014.0,226.846,7.61,413.0,105.5,0.85820,0.85407,0.84393,BREAK,2013.05.07 15:00,0,,0,,0,,0,NA,NewYork,BREAK,2013.05.08 04:00,BOUNCE,2013.05.09 21:00,0.86267,UNTOUCHED,,0,,0,,0,,0,NA,Other,NA,,NA,,0.84994,BREAK,2013.05.02 00:00,0,,0,,0,,0,NA,Asia,BOUNCE,2013.05.02 19:00,NA,,0.86233,UNTOUCHED,,0,,0,,0,,0,NA,Other,NA,,NA,,B-ZC-UN,B-ZF-UN,B-ZB-UN,B-ZD-BO,S-ZC-BR,S-ZO-BR,B-ZG-BO,S-ZD-BO,B-ZO-UN,S-ZB-BR,S-ZC-BO,B-ZH-UN,B-ZO-UN,S-ZB-BR,S-ZB-BR,S-ZB-BO,S-ZB-BR,S-ZF-BR,S-ZO-BR,S-ZB-BO
447,2013.05.03 00:00,NZDUSD,60,86400,SELL,ZC,1,0.85820,0.84806,1014.0,0.85112,0.84550,562.0,55.424,69.82,306.0,239.3,0.85112,0.84806,0.84244,BOUNCE,2013.05.07 17:00,0,,0,,0,,0,NA,NewYork,NA,,NA,,0.86126,UNTOUCHED,,0,,0,,0,,0,NA,Other,NA,,NA,,0.84500,BREAK,2013.05.07 15:00,0,,0,,0,,0,NA,NewYork,BREAK,2013.05.08 04:00,BOUNCE,2013.05.09 01:00,0.85418,BOUNCE,2013.05.03 16:00,1,2013.05.07 15:00,1,2013.05.07 15:00,0,,2,3d 23h,NewYork,NA,,NA,,S-ZF-BR,B-ZC-UN,B-ZF-UN,B-ZB-UN,B-ZD-BO,S-ZC-BR,S-ZO-BR,B-ZG-BO,S-ZD-BO,B-ZO-UN,B-ZH-UN,B-ZO-UN,S-ZB-BR,S-ZB-BR,S-ZB-BO,S-ZB-BR,S-ZF-BR,S-ZO-BR,S-ZB-BO,B-ZG-UN
448,2013.05.06 01:00,NZDUSD,60,86400,BUY,ZH,1,0.85112,0.84550,562.0,0.85487,0.84729,758.0,134.875,31.85,383.0,132.6,0.85112,0.84729,0.85870,UNTOUCHED,,0,,0,,0,,0,NA,Other,NA,,NA,,0.84167,BREAK,2013.05.08 04:00,0,,0,,0,,0,NA,Asia,BOUNCE,2013.05.09 01:00,NA,,0.85495,BOUNCE,2013.05.06 03:00,1,2013.05.07 17:00,1,2013.05.08 04:00,0,,2,2d 1h,Asia,NA,,NA,,0.84346,BREAK,2013.05.07 17:00,0,,0,,0,,0,NA,NewYork,BREAK,2013.05.08 09:00,BOUNCE,2013.05.09 21:00,S-ZC-BO,S-ZF-BR,B-ZC-UN,B-ZF-UN,B-ZB-UN,B-ZD-BO,S-ZC-BR,S-ZO-BR,B-ZG-BO,S-ZD-BO,B-ZO-UN,S-ZB-BR,S-ZB-BR,S-ZB-BO,S-ZB-BR,S-ZF-BR,S-ZO-BR,S-ZB-BO,B-ZG-UN,B-ZE-UN
449,2013.05.07 00:00,NZDUSD,60,86400,BUY,ZO,0,0.85487,0.84729,758.0,0.85561,0.84850,711.0,93.799,15.96,637.0,178.9,0.85487,0.84850,0.86198,UNTOUCHED,,0,,0,,0,,0,NA,Other,NA,,NA,,0.84092,BREAK,2013.05.08 04:00,0,,0,,0,,0,NA,Asia,BREAK,2013.05.10 11:00,BREAK,2013.05.10 17:00,0.86124,UNTOUCHED,,0,,0,,0,,0,NA,Other,NA,,NA,,0.84213,BREAK,2013.05.08 04:00,0,,0,,0,,0,NA,Asia,BOUNCE,2013.05.09 21:00,NA,,B-ZH-UN,S-ZC-BO,S-ZF-BR,B-ZC-UN,B-ZF-UN,B-ZB-UN,B-ZD-BO,S-ZC-BR,S-ZO-BR,B-ZG-BO,S-ZB-BR,S-ZB-BR,S-ZB-BO,S-ZB-BR,S-ZF-BR,S-ZO-BR,S-ZB-BO,B-ZG-UN,B-ZE-UN,S-ZH-BR
450,2013.05.08 00:00,NZDUSD,60,86400,SELL,ZB,1,0.85561,0.84850,711.0,0.85230,0.84226,1004.0,141.210,46.55,380.0,167.8,0.85230,0.84850,0.83846,BREAK,2013.05.08 04:00,0,,0,,0,,0,NA,Asia,BREAK,2013.05.10 09:00,BREAK,2013.05.10 17:00,0.85941,UNTOUCHED,,0,,0,,0,,0,NA,Other,NA,,NA,,0.84470,BREAK,2013.05.08 00:00,0,,0,,0,,0,NA,Asia,BREAK,2013.05.08 06:00,BOUNCE,2013.05.08 15:00,0.85610,UNTOUCHED,,0,,0,,0,,0,NA,Other,NA,,NA,,B-ZO-UN,B-ZH-UN,S-ZC-BO,S-ZF-BR,B-ZC-UN,B-ZF-UN,B-ZB-UN,B-ZD-BO,S-ZC-BR,S-ZO-BR,S-ZB-BR,S-ZB-BO,S-ZB-BR,S-ZF-BR,S-ZO-BR,S-ZB-BO,B-ZG-UN,B-ZE-UN,S-ZH-BR,S-ZO-BO
451,2013.05.09 00:00,NZDUSD,60,86400,SELL,ZB,1,0.85230,0.84226,1004.0,0.84646,0.83602,1044.0,103.984,58.17,420.0,236.9,0.84646,0.84226,0.83182,BREAK,2013.05.10 14:00,0,,0,,0,,0,NA,NewYork,BREAK,2013.05.13 18:00,BOUNCE,2013.05.14 03:00,0.85650,UNTOUCHED,,0,,0,,0,,0,NA,Other,NA,,NA,,0.83806,BREAK,2013.05.09 21:00,0,,0,,0,,0,NA,Other,BREAK,2013.05.10 14:00,BREAK,2013.05.10 17:00,0.85066,UNTOUCHED,,0,,0,,0,,0,NA,Other,NA,,NA,,S-ZB-BR,B-ZO-UN,B-ZH-UN,S-ZC-BO,S-ZF-BR,B-ZC-UN,B-ZF-UN,B-ZB-UN,B-ZD-BO,S-ZC-BR,S-ZB-BO,S-ZB-BR,S-ZF-BR,S-ZO-BR,S-ZB-BO,B-ZG-UN,B-ZE-UN,S-ZH-BR,S-ZO-BO,S-ZE-BO
452,2013.05.13 01:00,NZDUSD,60,86400,SELL,ZB,1,0.84804,0.83521,1283.0,0.84181,0.82583,1598.0,124.552,48.56,660.0,302.8,0.84181,0.83521,0.81923,BOUNCE,2013.05.14 20:00,0,,0,,0,,0,NA,NewYork,NA,,NA,,0.85464,UNTOUCHED,,0,,0,,0,,0,NA,Other,NA,,NA,,0.82861,BREAK,2013.05.13 01:00,0,,0,,0,,0,NA,Asia,BREAK,2013.05.14 20:00,BREAK,2013.05.17 04:00,0.84841,UNTOUCHED,,0,,0,,0,,0,NA,Other,NA,,NA,,S-ZB-BR,S-ZB-BR,B-ZO-UN,B-ZH-UN,S-ZC-BO,S-ZF-BR,B-ZC-UN,B-ZF-UN,B-ZB-UN,B-ZD-BO,S-ZB-BR,S-ZF-BR,S-ZO-BR,S-ZB-BO,B-ZG-UN,B-ZE-UN,S-ZH-BR,S-ZO-BO,S-ZE-BO,S-ZG-BR
453,2013.05.14 00:00,NZDUSD,60,86400,SELL,ZB,1,0.84181,0.82583,1598.0,0.83174,0.82284,890.0,55.695,63.02,591.0,377.1,0.83174,0.82583,0.81693,BREAK,2013.05.16 11:00,0,,0,,0,,0,NA,London,BREAK,2013.05.17 16:00,BREAK,2013.05.23 08:00,0.84772,UNTOUCHED,,0,,0,,0,,0,NA,Other,NA,,NA,,0.81992,BOUNCE,2013.05.14 20:00,0,,0,,0,,0,NA,NewYork,NA,,NA,,0.83765,UNTOUCHED,,0,,0,,0,,0,NA,Other,NA,,NA,,S-ZB-BO,S-ZB-BR,S-ZB-BR,B-ZO-UN,B-ZH-UN,S-ZC-BO,S-ZF-BR,B-ZC-UN,B-ZF-UN,B-ZB-UN,S-ZF-BR,S-ZO-BR,S-ZB-BO,B-ZG-UN,B-ZE-UN,S-ZH-BR,S-ZO-BO,S-ZE-BO,S-ZG-BR,S-ZF-BR
454,2013.05.15 00:00,NZDUSD,60,86400,SELL,ZF,0,0.83174,0.82284,890.0,0.83014,0.81807,1207.0,135.618,17.98,730.0,210.0,0.83014,0.82284,0.81077,BREAK,2013.05.17 04:00,0,,0,,0,,0,NA,Asia,BREAK,2013.05.23 08:00,BREAK,2013.05.31 21:00,0.83904,UNTOUCHED,,0,,0,,0,,0,NA,Other,NA,,NA,,0.81554,BREAK,2013.05.16 11:00,0,,0,,0,,0,NA,London,BREAK,2013.05.17 17:00,BOUNCE,2013.05.23 12:00,0.83744,UNTOUCHED,,0,,0,,0,,0,NA,Other,NA,,NA,,S-ZB-BR,S-ZB-BO,S-ZB-BR,S-ZB-BR,B-ZO-UN,B-ZH-UN,S-ZC-BO,S-ZF-BR,B-ZC-UN,B-ZF-UN,S-ZO-BR,S-ZB-BO,B-ZG-UN,B-ZE-UN,S-ZH-BR,S-ZO-BO,S-ZE-BO,S-ZG-BR,S-ZF-BR,B-ZG-UN
455,2013.05.16 00:00,NZDUSD,60,86400,SELL,ZO,0,0.83014,0.81807,1207.0,0.82563,0.81743,820.0,67.937,37.37,756.0,284.9,0.82563,0.81807,0.80987,BREAK,2013.05.17 04:00,0,,0,,0,,0,NA,Asia,BOUNCE,2013.05.23 13:00,NA,,0.83770,UNTOUCHED,,0,,0,,0,,0,NA,Other,NA,,NA,,0.81051,BREAK,2013.05.17 04:00,0,,0,,0,,0,NA,Asia,BOUNCE,2013.05.23 13:00,NA,,0.83319,UNTOUCHED,,0,,0,,0,,0,NA,Other,NA,,NA,,S-ZF-BR,S-ZB-BR,S-ZB-BO,S-ZB-BR,S-ZB-BR,B-ZO-UN,B-ZH-UN,S-ZC-BO,S-ZF-BR,B-ZC-UN,S-ZB-BO,B-ZG-UN,B-ZE-UN,S-ZH-BR,S-ZO-BO,S-ZE-BO,S-ZG-BR,S-ZF-BR,B-ZG-UN,S-ZF-BR
456,2013.05.20 01:00,NZDUSD,60,86400,SELL,ZB,1,0.82712,0.81392,1320.0,0.81767,0.80581,1186.0,89.848,71.59,375.0,311.5,0.81767,0.81392,0.80206,BOUNCE,2013.05.23 06:00,1,2013.05.23 13:00,0,,0,,1,7h,Asia,NA,,NA,,0.83087,UNTOUCHED,,0,,0,,0,,0,NA,Other,NA,,NA,,0.81017,BOUNCE,2013.05.20 01:00,0,,0,,0,,0,NA,Asia,NA,,NA,,0.82142,UNTOUCHED,,0,,0,,0,,0,NA,Other,NA,,NA,,S-ZO-BR,S-ZF-BR,S-ZB-BR,S-ZB-BO,S-ZB-BR,S-ZB-BR,B-ZO-UN,B-ZH-UN,S-ZC-BO,S-ZF-BR,B-ZG-UN,B-ZE-UN,S-ZH-BR,S-ZO-BO,S-ZE-BO,S-ZG-BR,S-ZF-BR,B-ZG-UN,S-ZF-BR,S-ZF-BO
457,2013.05.21 00:00,NZDUSD,60,86400,BUY,ZG,0,0.81767,0.80581,1186.0,0.81790,0.80783,1007.0,84.907,17.03,984.0,279.9,0.81767,0.80783,0.82774,UNTOUCHED,,0,,0,,0,,0,NA,Other,NA,,NA,,0.79597,BOUNCE,2013.05.31 16:00,0,,0,,0,,0,NA,NewYork,NA,,NA,,0.82751,UNTOUCHED,,0,,0,,0,,0,NA,Other,NA,,NA,,0.79799,BREAK,2013.05.31 12:00,0,,0,,0,,0,NA,London,BOUNCE,2013.06.07 16:00,NA,,S-ZB-BO,S-ZO-BR,S-ZF-BR,S-ZB-BR,S-ZB-BO,S-ZB-BR,S-ZB-BR,B-ZO-UN,B-ZH-UN,S-ZC-BO,B-ZE-UN,S-ZH-BR,S-ZO-BO,S-ZE-BO,S-ZG-BR,S-ZF-BR,B-ZG-UN,S-ZF-BR,S-ZF-BO,S-ZG-UN
458,2013.05.22 00:00,NZDUSD,60,86400,BUY,ZE,1,0.81790,0.80783,1007.0,0.82122,0.81174,948.0,94.141,38.83,616.0,237.7,0.81790,0.81174,0.82738,UNTOUCHED,,0,,0,,0,,0,NA,Other,NA,,NA,,0.80167,BOUNCE,2013.05.23 08:00,1,2013.05.23 18:00,0,,0,,1,10h,London,NA,,NA,,0.82406,UNTOUCHED,,0,,0,,0,,0,NA,Other,NA,,NA,,0.80558,BREAK,2013.05.23 01:00,0,,0,,0,,0,NA,Asia,BREAK,2013.05.31 16:00,BREAK,2013.06.06 07:00,B-ZG-UN,S-ZB-BO,S-ZO-BR,S-ZF-BR,S-ZB-BR,S-ZB-BO,S-ZB-BR,S-ZB-BR,B-ZO-UN,B-ZH-UN,S-ZH-BR,S-ZO-BO,S-ZE-BO,S-ZG-BR,S-ZF-BR,B-ZG-UN,S-ZF-BR,S-ZF-BO,S-ZG-UN,B-ZB-BR
459,2013.05.23 00:00,NZDUSD,60,86400,SELL,ZH,1,0.82122,0.81174,948.0,0.82050,0.80563,1487.0,156.857,7.59,876.0,223.7,0.82050,0.81174,0.79687,BREAK,2013.05.31 16:00,0,,0,,0,,0,NA,NewYork,BOUNCE,2013.06.07 16:00,NA,,0.82998,UNTOUCHED,,0,,0,,0,,0,NA,Other,NA,,NA,,0.80298,BREAK,2013.05.23 05:00,0,,0,,0,,0,NA,Asia,BOUNCE,2013.06.03 17:00,NA,,0.82926,UNTOUCHED,,0,,0,,0,,0,NA,Other,NA,,NA,,B-ZE-UN,B-ZG-UN,S-ZB-BO,S-ZO-BR,S-ZF-BR,S-ZB-BR,S-ZB-BO,S-ZB-BR,S-ZB-BR,B-ZO-UN,S-ZO-BO,S-ZE-BO,S-ZG-BR,S-ZF-BR,B-ZG-UN,S-ZF-BR,S-ZF-BO,S-ZG-UN,B-ZB-BR,B-ZF-UN
460,2013.05.24 00:00,NZDUSD,60,86400,SELL,ZO,0,0.82050,0.80563,1487.0,0.81708,0.80058,1650.0,110.962,23.00,1145.0,350.9,0.81708,0.80563,0.78913,BOUNCE,2013.06.07 16:00,1,2013.06.14 17:00,0,,0,,1,1w 0d,NewYork,NA,,NA,,0.83195,UNTOUCHED,,0,,0,,0,,0,NA,Other,NA,,NA,,0.79418,BOUNCE,2013.05.31 21:00,0,,0,,0,,0,NA,Other,NA,,NA,,0.82853,UNTOUCHED,,0,,0,,0,,0,NA,Other,NA,,NA,,S-ZH-BR,B-ZE-UN,B-ZG-UN,S-ZB-BO,S-ZO-BR,S-ZF-BR,S-ZB-BR,S-ZB-BO,S-ZB-BR,S-ZB-BR,S-ZE-BO,S-ZG-BR,S-ZF-BR,B-ZG-UN,S-ZF-BR,S-ZF-BO,S-ZG-UN,B-ZB-BR,B-ZF-UN,B-ZE-UN
461,2013.05.28 00:00,NZDUSD,60,86400,SELL,ZE,1,0.81427,0.80662,765.0,0.81071,0.80615,456.0,59.608,46.54,409.0,180.5,0.81071,0.80662,0.80206,BOUNCE,2013.05.30 14:00,1,2013.05.30 17:00,0,,0,,1,3h,NewYork,NA,,NA,,0.81836,UNTOUCHED,,0,,0,,0,,0,NA,Other,NA,,NA,,0.80253,BOUNCE,2013.05.30 14:00,0,,0,,0,,0,NA,NewYork,NA,,NA,,0.81480,BOUNCE,2013.05.29 14:00,1,2013.05.30 14:00,1,2013.05.30 14:00,0,,2,1d 0h,NewYork,NA,,NA,,S-ZO-BO,S-ZH-BR,B-ZE-UN,B-ZG-UN,S-ZB-BO,S-ZO-BR,S-ZF-BR,S-ZB-BR,S-ZB-BO,S-ZB-BR,S-ZG-BR,S-ZF-BR,B-ZG-UN,S-ZF-BR,S-ZF-BO,S-ZG-UN,B-ZB-BR,B-ZF-UN,B-ZE-UN,S-ZB-BR
462,2013.05.31 00:00,NZDUSD,60,86400,SELL,ZG,0,0.81622,0.80493,1129.0,0.81245,0.80038,1207.0,106.909,33.39,752.0,266.4,0.81245,0.80493,0.79286,BREAK,2013.06.05 19:00,0,,0,,0,,0,NA,NewYork,BREAK,2013.06.10 01:00,BOUNCE,2013.06.11 18:00,0.82374,UNTOUCHED,,0,,0,,0,,0,NA,Other,NA,,NA,,0.79741,BREAK,2013.05.31 12:00,0,,0,,0,,0,NA,London,BREAK,2013.06.07 16:00,BOUNCE,2013.06.10 15:00,0.81997,UNTOUCHED,,0,,0,,0,,0,NA,Other,NA,,NA,,S-ZE-BO,S-ZO-BO,S-ZH-BR,B-ZE-UN,B-ZG-UN,S-ZB-BO,S-ZO-BR,S-ZF-BR,S-ZB-BR,S-ZB-BO,S-ZF-BR,B-ZG-UN,S-ZF-BR,S-ZF-BO,S-ZG-UN,B-ZB-BR,B-ZF-UN,B-ZE-UN,S-ZB-BR,S-ZE-BO
463,2013.06.03 01:00,NZDUSD,60,86400,SELL,ZF,0,0.81245,0.80038,1207.0,0.81027,0.79357,1670.0,138.360,18.06,989.0,284.9,0.81027,0.80038,0.78368,BREAK,2013.06.10 01:00,0,,0,,0,,0,NA,Asia,BREAK,2013.06.21 18:00,UNTOUCHED,,0.82234,UNTOUCHED,,0,,0,,0,,0,NA,Other,NA,,NA,,0.79049,BOUNCE,2013.06.06 07:00,0,,0,,0,,0,NA,London,NA,,NA,,0.82016,UNTOUCHED,,0,,0,,0,,0,NA,Other,NA,,NA,,S-ZG-BR,S-ZE-BO,S-ZO-BO,S-ZH-BR,B-ZE-UN,B-ZG-UN,S-ZB-BO,S-ZO-BR,S-ZF-BR,S-ZB-BR,B-ZG-UN,S-ZF-BR,S-ZF-BO,S-ZG-UN,B-ZB-BR,B-ZF-UN,B-ZE-UN,S-ZB-BR,S-ZE-BO,S-ZC-UN
464,2013.06.04 00:00,NZDUSD,60,86400,BUY,ZG,0,0.81027,0.79357,1670.0,0.81183,0.79425,1758.0,105.269,4.07,1602.0,394.1,0.81027,0.79425,0.82785,UNTOUCHED,,0,,0,,0,,0,NA,Other,NA,,NA,,0.77755,BOUNCE,2013.06.11 14:00,1,2013.06.14 00:00,0,,0,,1,2d 10h,NewYork,NA,,NA,,0.82629,UNTOUCHED,,0,,0,,0,,0,NA,Other,NA,,NA,,0.77823,BOUNCE,2013.06.11 13:00,0,,0,,0,,0,NA,NewYork,NA,,NA,,S-ZF-BR,S-ZG-BR,S-ZE-BO,S-ZO-BO,S-ZH-BR,B-ZE-UN,B-ZG-UN,S-ZB-BO,S-ZO-BR,S-ZF-BR,S-ZF-BR,S-ZF-BO,S-ZG-UN,B-ZB-BR,B-ZF-UN,B-ZE-UN,S-ZB-BR,S-ZE-BO,S-ZC-UN,S-ZO-UN
465,2013.06.06 00:00,NZDUSD,60,86400,SELL,ZF,0,0.81050,0.79675,1375.0,0.80604,0.79277,1327.0,96.509,32.44,929.0,324.5,0.80604,0.79675,0.78348,BREAK,2013.06.10 01:00,0,,0,,0,,0,NA,Asia,BREAK,2013.06.21 18:00,UNTOUCHED,,0.81979,UNTOUCHED,,0,,0,,0,,0,NA,Other,NA,,NA,,0.78746,BOUNCE,2013.06.07 16:00,0,,0,,0,,0,NA,NewYork,NA,,NA,,0.81533,UNTOUCHED,,0,,0,,0,,0,NA,Other,NA,,NA,,B-ZG-UN,S-ZF-BR,S-ZG-BR,S-ZE-BO,S-ZO-BO,S-ZH-BR,B-ZE-UN,B-ZG-UN,S-ZB-BO,S-ZO-BR,S-ZF-BO,S-ZG-UN,B-ZB-BR,B-ZF-UN,B-ZE-UN,S-ZB-BR,S-ZE-BO,S-ZC-UN,S-ZO-UN,B-ZO-BR
466,2013.06.08 00:00,NZDUSD,60,86400,SELL,ZF,0,0.80999,0.79018,1981.0,0.80360,0.78578,1782.0,89.955,32.26,1342.0,467.5,0.80360,0.79018,0.77236,BOUNCE,2013.06.20 17:00,0,,0,,0,,0,NA,NewYork,NA,,NA,,0.82341,UNTOUCHED,,0,,0,,0,,0,NA,Other,NA,,NA,,0.77676,BOUNCE,2013.06.11 14:00,0,,0,,0,,0,NA,NewYork,NA,,NA,,0.81702,UNTOUCHED,,0,,0,,0,,0,NA,Other,NA,,NA,,S-ZF-BR,B-ZG-UN,S-ZF-BR,S-ZG-BR,S-ZE-BO,S-ZO-BO,S-ZH-BR,B-ZE-UN,B-ZG-UN,S-ZB-BO,S-ZG-UN,B-ZB-BR,B-ZF-UN,B-ZE-UN,S-ZB-BR,S-ZE-BO,S-ZC-UN,S-ZO-UN,B-ZO-BR,B-ZG-BR
467,2013.06.12 00:00,NZDUSD,60,86400,SELL,ZG,0,0.79224,0.78200,1024.0,0.79088,0.77596,1492.0,145.703,13.28,888.0,241.7,0.79088,0.78200,0.76708,UNTOUCHED,,0,,0,,0,,0,NA,Other,NA,,NA,,0.80112,BOUNCE,2013.06.12 15:00,1,2013.06.20 09:00,1,2013.06.20 17:00,0,,2,1w 1d,NewYork,NA,,NA,,0.77312,BREAK,2013.06.20 17:00,0,,0,,0,,0,NA,NewYork,UNTOUCHED,,NA,,0.79976,BREAK,2013.06.12 15:00,0,,0,,0,,0,NA,NewYork,BREAK,2013.06.14 17:00,UNTOUCHED,,S-ZF-BO,S-ZF-BR,B-ZG-UN,S-ZF-BR,S-ZG-BR,S-ZE-BO,S-ZO-BO,S-ZH-BR,B-ZE-UN,B-ZG-UN,B-ZB-BR,B-ZF-UN,B-ZE-UN,S-ZB-BR,S-ZE-BO,S-ZC-UN,S-ZO-UN,B-ZO-BR,B-ZG-BR,S-ZH-UN
468,2013.06.13 00:00,NZDUSD,60,86400,BUY,ZB,1,0.79088,0.77596,1492.0,0.80226,0.78597,1629.0,109.182,67.09,491.0,352.1,0.79088,0.78597,0.80717,BREAK,2013.06.13 23:00,0,,0,,0,,0,NA,Other,BOUNCE,2013.06.14 18:00,NA,,0.77105,BOUNCE,2013.06.21 17:00,1,2013.06.26 15:00,1,2013.07.11 01:00,0,,2,2w 5d,NewYork,NA,,NA,,0.79579,BOUNCE,2013.06.13 00:00,1,2013.06.20 10:00,1,2013.06.21 17:00,0,,2,1w 1d,Asia,NA,,NA,,0.78106,BREAK,2013.06.20 10:00,0,,0,,0,,0,NA,London,BREAK,2013.06.20 17:00,BOUNCE,2013.06.20 19:00,S-ZG-UN,S-ZF-BO,S-ZF-BR,B-ZG-UN,S-ZF-BR,S-ZG-BR,S-ZE-BO,S-ZO-BO,S-ZH-BR,B-ZE-UN,B-ZF-UN,B-ZE-UN,S-ZB-BR,S-ZE-BO,S-ZC-UN,S-ZO-UN,B-ZO-BR,B-ZG-BR,S-ZH-UN,S-ZE-UN
469,2013.06.14 00:00,NZDUSD,60,86400,BUY,ZF,0,0.80226,0.78597,1629.0,0.80897,0.78946,1951.0,119.767,21.42,1280.0,384.4,0.80226,0.78946,0.82177,UNTOUCHED,,0,,0,,0,,0,NA,Other,NA,,NA,,0.77317,BREAK,2013.06.20 17:00,0,,0,,0,,0,NA,NewYork,UNTOUCHED,,NA,,0.81506,UNTOUCHED,,0,,0,,0,,0,NA,Other,NA,,NA,,0.77666,BREAK,2013.06.20 11:00,0,,0,,0,,0,NA,London,UNTOUCHED,,NA,,B-ZB-BR,S-ZG-UN,S-ZF-BO,S-ZF-BR,B-ZG-UN,S-ZF-BR,S-ZG-BR,S-ZE-BO,S-ZO-BO,S-ZH-BR,B-ZE-UN,S-ZB-BR,S-ZE-BO,S-ZC-UN,S-ZO-UN,B-ZO-BR,B-ZG-BR,S-ZH-UN,S-ZE-UN,B-ZB-BO
470,2013.06.17 01:00,NZDUSD,60,86400,BUY,ZE,1,0.80897,0.78946,1951.0,0.81369,0.80381,988.0,50.641,73.55,516.0,460.4,0.80897,0.80381,0.81885,UNTOUCHED,,0,,0,,0,,0,NA,Other,NA,,NA,,0.78430,BREAK,2013.06.20 01:00,0,,0,,0,,0,NA,Asia,BREAK,2013.06.20 12:00,BOUNCE,2013.06.21 04:00,0.81413,UNTOUCHED,,0,,0,,0,,0,NA,Other,NA,,NA,,0.79865,BOUNCE,2013.06.17 19:00,0,,0,,0,,0,NA,NewYork,NA,,NA,,B-ZF-UN,B-ZB-BR,S-ZG-UN,S-ZF-BO,S-ZF-BR,B-ZG-UN,S-ZF-BR,S-ZG-BR,S-ZE-BO,S-ZO-BO,S-ZB-BR,S-ZE-BO,S-ZC-UN,S-ZO-UN,B-ZO-BR,B-ZG-BR,S-ZH-UN,S-ZE-UN,B-ZB-BO,S-ZF-UN
471,2013.06.18 00:00,NZDUSD,60,86400,SELL,ZB,1,0.81369,0.80381,988.0,0.80987,0.79666,1321.0,133.704,38.66,606.0,233.2,0.80987,0.80381,0.79060,BREAK,2013.06.19 21:00,0,,0,,0,,0,NA,Other,BREAK,2013.06.20 10:00,BREAK,2013.06.20 12:00,0.81975,UNTOUCHED,,0,,0,,0,,0,NA,Other,NA,,NA,,0.79775,BREAK,2013.06.18 04:00,0,,0,,0,,0,NA,Asia,BREAK,2013.06.19 21:00,BREAK,2013.06.20 09:00,0.81593,UNTOUCHED,,0,,0,,0,,0,NA,Other,NA,,NA,,B-ZE-UN,B-ZF-UN,B-ZB-BR,S-ZG-UN,S-ZF-BO,S-ZF-BR,B-ZG-UN,S-ZF-BR,S-ZG-BR,S-ZE-BO,S-ZE-BO,S-ZC-UN,S-ZO-UN,B-ZO-BR,B-ZG-BR,S-ZH-UN,S-ZE-UN,B-ZB-BO,S-ZF-UN,B-ZB-BO
472,2013.06.19 00:00,NZDUSD,60,86400,SELL,ZE,1,0.80987,0.79666,1321.0,0.80209,0.79475,734.0,55.564,58.89,543.0,311.8,0.80209,0.79666,0.78932,BOUNCE,2013.06.19 21:00,1,2013.07.23 05:00,1,2013.07.25 20:00,0,,2,5w 0d,Other,NA,,NA,,0.81530,UNTOUCHED,,0,,0,,0,,0,NA,Other,NA,,NA,,0.79123,BREAK,2013.06.19 21:00,0,,0,,0,,0,NA,Other,BREAK,2013.06.20 10:00,BREAK,2013.06.20 11:00,0.80752,BOUNCE,2013.07.25 20:00,0,,0,,0,,0,NA,NewYork,NA,,NA,,S-ZB-BR,B-ZE-UN,B-ZF-UN,B-ZB-BR,S-ZG-UN,S-ZF-BO,S-ZF-BR,B-ZG-UN,S-ZF-BR,S-ZG-BR,S-ZC-UN,S-ZO-UN,B-ZO-BR,B-ZG-BR,S-ZH-UN,S-ZE-UN,B-ZB-BO,S-ZF-UN,B-ZB-BO,S-ZB-UN
473,2013.06.24 01:00,NZDUSD,60,86400,SELL,ZC,1,0.78952,0.77117,1835.0,0.78063,0.76998,1065.0,58.038,48.45,946.0,433.1,0.78063,0.77117,0.76052,UNTOUCHED,,0,,0,,0,,0,NA,Other,NA,,NA,,0.79898,BREAK,2013.07.23 04:00,0,,0,,0,,0,NA,Asia,BOUNCE,2013.07.30 06:00,NA,,0.76171,UNTOUCHED,,0,,0,,0,,0,NA,Other,NA,,NA,,0.79009,BREAK,2013.07.11 00:00,0,,0,,0,,0,NA,Asia,BREAK,2013.07.25 14:00,BOUNCE,2013.07.30 06:00,S-ZE-BO,S-ZB-BR,B-ZE-UN,B-ZF-UN,B-ZB-BR,S-ZG-UN,S-ZF-BO,S-ZF-BR,B-ZG-UN,S-ZF-BR,S-ZO-UN,B-ZO-BR,B-ZG-BR,S-ZH-UN,S-ZE-UN,B-ZB-BO,S-ZF-UN,B-ZB-BO,S-ZB-UN,S-ZC-UN
474,2013.06.25 00:00,NZDUSD,60,86400,SELL,ZO,0,0.78063,0.76998,1065.0,0.77896,0.76826,1070.0,100.469,15.68,898.0,251.3,0.77896,0.76998,0.75928,UNTOUCHED,,0,,0,,0,,0,NA,Other,NA,,NA,,0.78961,BREAK,2013.07.11 00:00,0,,0,,0,,0,NA,Asia,BREAK,2013.07.24 01:00,BREAK,2013.07.25 23:00,0.76100,UNTOUCHED,,0,,0,,0,,0,NA,Other,NA,,NA,,0.78794,BOUNCE,2013.07.09 16:00,0,,0,,0,,0,NA,NewYork,NA,,NA,,S-ZC-UN,S-ZE-BO,S-ZB-BR,B-ZE-UN,B-ZF-UN,B-ZB-BR,S-ZG-UN,S-ZF-BO,S-ZF-BR,B-ZG-UN,B-ZO-BR,B-ZG-BR,S-ZH-UN,S-ZE-UN,B-ZB-BO,S-ZF-UN,B-ZB-BO,S-ZB-UN,S-ZC-UN,B-ZB-BO
475,2013.06.26 00:00,NZDUSD,60,86400,BUY,ZO,0,0.77896,0.76826,1070.0,0.77954,0.76968,986.0,92.150,13.27,928.0,252.5,0.77896,0.76968,0.78882,BREAK,2013.07.11 00:00,0,,0,,0,,0,NA,Asia,BREAK,2013.07.23 05:00,BREAK,2013.07.25 22:00,0.75898,UNTOUCHED,,0,,0,,0,,0,NA,Other,NA,,NA,,0.78824,BOUNCE,2013.07.09 16:00,0,,0,,0,,0,NA,NewYork,NA,,NA,,0.76040,UNTOUCHED,,0,,0,,0,,0,NA,Other,NA,,NA,,S-ZO-UN,S-ZC-UN,S-ZE-BO,S-ZB-BR,B-ZE-UN,B-ZF-UN,B-ZB-BR,S-ZG-UN,S-ZF-BO,S-ZF-BR,B-ZG-BR,S-ZH-UN,S-ZE-UN,B-ZB-BO,S-ZF-UN,B-ZB-BO,S-ZB-UN,S-ZC-UN,B-ZB-BO,B-ZD-BO
476,2013.06.27 00:00,NZDUSD,60,86400,BUY,ZG,1,0.77954,0.76968,986.0,0.78605,0.77173,1432.0,145.233,20.79,781.0,232.7,0.77954,0.77173,0.79386,BREAK,2013.07.11 01:00,0,,0,,0,,0,NA,Asia,BREAK,2013.07.25 14:00,BOUNCE,2013.07.29 18:00,0.76187,UNTOUCHED,,0,,0,,0,,0,NA,Other,NA,,NA,,0.78735,BOUNCE,2013.07.09 10:00,0,,0,,0,,0,NA,London,NA,,NA,,0.76392,UNTOUCHED,,0,,0,,0,,0,NA,Other,NA,,NA,,B-ZO-BR,S-ZO-UN,S-ZC-UN,S-ZE-BO,S-ZB-BR,B-ZE-UN,B-ZF-UN,B-ZB-BR,S-ZG-UN,S-ZF-BO,S-ZH-UN,S-ZE-UN,B-ZB-BO,S-ZF-UN,B-ZB-BO,S-ZB-UN,S-ZC-UN,B-ZB-BO,B-ZD-BO,B-ZC-BR
477,2013.06.29 00:00,NZDUSD,60,86400,SELL,ZH,1,0.78524,0.77680,844.0,0.78206,0.77067,1139.0,134.953,37.68,526.0,199.2,0.78206,0.77680,0.76541,UNTOUCHED,,0,,0,,0,,0,NA,Other,NA,,NA,,0.79050,BREAK,2013.07.11 01:00,0,,0,,0,,0,NA,Asia,BOUNCE,2013.07.11 10:00,NA,,0.77154,BOUNCE,2013.07.03 09:00,1,2013.07.09 10:00,1,2013.07.11 01:00,0,,2,1w 0d,London,NA,,NA,,0.78732,BOUNCE,2013.07.09 10:00,0,,0,,0,,0,NA,London,NA,,NA,,B-ZG-BR,B-ZO-BR,S-ZO-UN,S-ZC-UN,S-ZE-BO,S-ZB-BR,B-ZE-UN,B-ZF-UN,B-ZB-BR,S-ZG-UN,S-ZE-UN,B-ZB-BO,S-ZF-UN,B-ZB-BO,S-ZB-UN,S-ZC-UN,B-ZB-BO,B-ZD-BO,B-ZC-BR,B-ZD-BO
478,2013.07.04 00:00,NZDUSD,60,86400,SELL,ZE,1,0.78294,0.77370,924.0,0.77903,0.77097,806.0,87.229,42.32,533.0,218.1,0.77903,0.77370,0.76564,UNTOUCHED,,0,,0,,0,,0,NA,Other,NA,,NA,,0.78827,BOUNCE,2013.07.09 16:00,1,2013.07.11 18:00,0,,0,,1,2d 2h,NewYork,NA,,NA,,0.76837,UNTOUCHED,,0,,0,,0,,0,NA,Other,NA,,NA,,0.78436,BOUNCE,2013.07.04 16:00,0,,0,,0,,0,NA,NewYork,NA,,NA,,S-ZH-UN,B-ZG-BR,B-ZO-BR,S-ZO-UN,S-ZC-UN,S-ZE-BO,S-ZB-BR,B-ZE-UN,B-ZF-UN,B-ZB-BR,B-ZB-BO,S-ZF-UN,B-ZB-BO,S-ZB-UN,S-ZC-UN,B-ZB-BO,B-ZD-BO,B-ZC-BR,B-ZD-BO,B-ZF-UN
479,2013.07.05 00:00,NZDUSD,60,86400,BUY,ZB,1,0.77903,0.77097,806.0,0.78585,0.77621,964.0,119.603,65.01,282.0,190.2,0.77903,0.77621,0.78867,BOUNCE,2013.07.11 00:00,1,2013.07.11 15:00,1,2013.07.15 14:00,0,,2,4d 14h,Asia,NA,,NA,,0.76815,UNTOUCHED,,0,,0,,0,,0,NA,Other,NA,,NA,,0.78185,BREAK,2013.07.05 00:00,0,,0,,0,,0,NA,Asia,BOUNCE,2013.07.09 09:00,NA,,0.77339,BREAK,2013.07.05 16:00,0,,0,,0,,0,NA,NewYork,BOUNCE,2013.07.08 09:00,NA,,S-ZE-UN,S-ZH-UN,B-ZG-BR,B-ZO-BR,S-ZO-UN,S-ZC-UN,S-ZE-BO,S-ZB-BR,B-ZE-UN,B-ZF-UN,S-ZF-UN,B-ZB-BO,S-ZB-UN,S-ZC-UN,B-ZB-BO,B-ZD-BO,B-ZC-BR,B-ZD-BO,B-ZF-UN,S-ZF-BR
480,2013.07.08 01:00,NZDUSD,60,86400,SELL,ZF,1,0.78585,0.77621,964.0,0.78418,0.76873,1545.0,160.270,17.32,797.0,227.5,0.78418,0.77621,0.76076,UNTOUCHED,,0,,0,,0,,0,NA,Other,NA,,NA,,0.79382,BREAK,2013.07.11 01:00,0,,0,,0,,0,NA,Asia,BREAK,2013.07.25 14:00,BOUNCE,2013.07.29 18:00,0.76824,UNTOUCHED,,0,,0,,0,,0,NA,Other,NA,,NA,,0.79215,BREAK,2013.07.11 01:00,0,,0,,0,,0,NA,Asia,BOUNCE,2013.07.24 20:00,NA,,B-ZB-BO,S-ZE-UN,S-ZH-UN,B-ZG-BR,B-ZO-BR,S-ZO-UN,S-ZC-UN,S-ZE-BO,S-ZB-BR,B-ZE-UN,B-ZB-BO,S-ZB-UN,S-ZC-UN,B-ZB-BO,B-ZD-BO,B-ZC-BR,B-ZD-BO,B-ZF-UN,S-ZF-BR,S-ZB-BO
481,2013.07.10 00:00,NZDUSD,60,86400,BUY,ZB,1,0.78197,0.76987,1210.0,0.78842,0.77619,1223.0,101.074,52.23,578.0,285.6,0.78197,0.77619,0.79420,BOUNCE,2013.07.11 01:00,1,2013.07.11 15:00,0,,0,,1,14h,Asia,NA,,NA,,0.76409,UNTOUCHED,,0,,0,,0,,0,NA,Other,NA,,NA,,0.78775,BOUNCE,2013.07.10 08:00,0,,0,,0,,0,NA,London,NA,,NA,,0.77041,UNTOUCHED,,0,,0,,0,,0,NA,Other,NA,,NA,,S-ZF-UN,B-ZB-BO,S-ZE-UN,S-ZH-UN,B-ZG-BR,B-ZO-BR,S-ZO-UN,S-ZC-UN,S-ZE-BO,S-ZB-BR,S-ZB-UN,S-ZC-UN,B-ZB-BO,B-ZD-BO,B-ZC-BR,B-ZD-BO,B-ZF-UN,S-ZF-BR,S-ZB-BO,S-ZO-BR
482,2013.07.15 01:00,NZDUSD,60,86400,SELL,ZB,1,0.79687,0.77647,2040.0,0.78784,0.77525,1259.0,61.716,44.26,1137.0,481.4,0.78784,0.77647,0.76388,UNTOUCHED,,0,,0,,0,,0,NA,Other,NA,,NA,,0.80824,BOUNCE,2013.07.25 22:00,1,2013.08.01 17:00,0,,0,,1,6d 19h,Other,NA,,NA,,0.76510,UNTOUCHED,,0,,0,,0,,0,NA,Other,NA,,NA,,0.79921,BREAK,2013.07.23 04:00,0,,0,,0,,0,NA,Asia,BREAK,2013.08.19 11:00,BREAK,2013.09.18 21:00,B-ZB-BO,S-ZF-UN,B-ZB-BO,S-ZE-UN,S-ZH-UN,B-ZG-BR,B-ZO-BR,S-ZO-UN,S-ZC-UN,S-ZE-BO,S-ZC-UN,B-ZB-BO,B-ZD-BO,B-ZC-BR,B-ZD-BO,B-ZF-UN,S-ZF-BR,S-ZB-BO,S-ZO-BR,S-ZF-BR
483,2013.07.16 00:00,NZDUSD,60,86400,SELL,ZC,1,0.78784,0.77525,1259.0,0.78260,0.77310,950.0,75.457,41.62,735.0,297.1,0.78260,0.77525,0.76575,UNTOUCHED,,0,,0,,0,,0,NA,Other,NA,,NA,,0.79519,BREAK,2013.07.19 11:00,0,,0,,0,,0,NA,London,BREAK,2013.07.25 15:00,BOUNCE,2013.07.29 17:00,0.76790,UNTOUCHED,,0,,0,,0,,0,NA,Other,NA,,NA,,0.78995,BREAK,2013.07.16 19:00,0,,0,,0,,0,NA,NewYork,BREAK,2013.07.23 05:00,BREAK,2013.07.25 20:00,S-ZB-UN,B-ZB-BO,S-ZF-UN,B-ZB-BO,S-ZE-UN,S-ZH-UN,B-ZG-BR,B-ZO-BR,S-ZO-UN,S-ZC-UN,B-ZB-BO,B-ZD-BO,B-ZC-BR,B-ZD-BO,B-ZF-UN,S-ZF-BR,S-ZB-BO,S-ZO-BR,S-ZF-BR,S-ZB-BO
484,2013.07.17 00:00,NZDUSD,60,86400,BUY,ZB,1,0.78260,0.77310,950.0,0.78997,0.77905,1092.0,114.947,62.63,355.0,224.2,0.78260,0.77905,0.79352,BOUNCE,2013.07.17 16:00,1,2013.07.18 06:00,1,2013.08.05 01:00,0,,2,2w 4d,NewYork,NA,,NA,,0.76955,UNTOUCHED,,0,,0,,0,,0,NA,Other,NA,,NA,,0.78615,BREAK,2013.07.17 00:00,0,,0,,0,,0,NA,Asia,BOUNCE,2013.07.17 08:00,NA,,0.77550,BOUNCE,2013.08.05 01:00,1,2013.08.06 00:00,1,2013.08.06 00:00,0,,2,23h,Asia,NA,,NA,,S-ZC-UN,S-ZB-UN,B-ZB-BO,S-ZF-UN,B-ZB-BO,S-ZE-UN,S-ZH-UN,B-ZG-BR,B-ZO-BR,S-ZO-UN,B-ZD-BO,B-ZC-BR,B-ZD-BO,B-ZF-UN,S-ZF-BR,S-ZB-BO,S-ZO-BR,S-ZF-BR,S-ZB-BO,B-ZB-BO
485,2013.07.18 00:00,NZDUSD,60,86400,BUY,ZD,1,0.78997,0.77905,1092.0,0.79390,0.78407,983.0,90.018,45.97,590.0,257.7,0.78997,0.78407,0.79980,BOUNCE,2013.07.23 04:00,1,2013.08.01 17:00,1,2013.08.05 01:00,0,,2,1w 5d,Asia,NA,,NA,,0.77315,UNTOUCHED,,0,,0,,0,,0,NA,Other,NA,,NA,,0.79587,BREAK,2013.07.19 14:00,0,,0,,0,,0,NA,NewYork,BREAK,2013.07.25 14:00,BREAK,2013.07.25 23:00,0.77817,BREAK,2013.08.05 01:00,0,,0,,0,,0,NA,Asia,BOUNCE,2013.09.02 05:00,NA,,B-ZB-BO,S-ZC-UN,S-ZB-UN,B-ZB-BO,S-ZF-UN,B-ZB-BO,S-ZE-UN,S-ZH-UN,B-ZG-BR,B-ZO-BR,B-ZC-BR,B-ZD-BO,B-ZF-UN,S-ZF-BR,S-ZB-BO,S-ZO-BR,S-ZF-BR,S-ZB-BO,B-ZB-BO,B-ZB-BR
486,2013.07.22 01:00,NZDUSD,60,86400,BUY,ZC,1,0.79241,0.78481,760.0,0.79897,0.78802,1095.0,144.079,42.24,439.0,179.4,0.79241,0.78802,0.80336,BREAK,2013.07.25 14:00,0,,0,,0,,0,NA,NewYork,BREAK,2013.07.25 22:00,BREAK,2013.08.19 09:00,0.78042,BREAK,2013.08.05 01:00,0,,0,,0,,0,NA,Asia,BREAK,2013.08.05 04:00,BOUNCE,2013.09.02 01:00,0.79680,BREAK,2013.07.22 18:00,0,,0,,0,,0,NA,NewYork,BOUNCE,2013.07.24 04:00,NA,,0.78363,BOUNCE,2013.08.02 16:00,1,2013.08.07 17:00,1,2013.08.07 17:00,0,,2,5d 1h,NewYork,NA,,NA,,B-ZD-BO,B-ZB-BO,S-ZC-UN,S-ZB-UN,B-ZB-BO,S-ZF-UN,B-ZB-BO,S-ZE-UN,S-ZH-UN,B-ZG-BR,B-ZD-BO,B-ZF-UN,S-ZF-BR,S-ZB-BO,S-ZO-BR,S-ZF-BR,S-ZB-BO,B-ZB-BO,B-ZB-BR,B-ZC-BR
487,2013.07.24 00:00,NZDUSD,60,86400,BUY,ZD,1,0.79761,0.79005,756.0,0.80085,0.79542,543.0,71.825,71.03,219.0,178.4,0.79761,0.79542,0.80304,BOUNCE,2013.07.25 12:00,1,2013.07.30 06:00,1,2013.07.31 15:00,1,2013.08.01 17:00,3,1w 0d,London,NA,,NA,,0.78786,BREAK,2013.08.01 17:00,0,,0,,0,,0,NA,NewYork,BOUNCE,2013.08.02 14:00,NA,,0.79980,BOUNCE,2013.07.24 01:00,1,2013.07.24 19:00,1,2013.08.01 17:00,0,,2,1w 1d,Asia,NA,,NA,,0.79323,BREAK,2013.07.24 19:00,0,,0,,0,,0,NA,NewYork,BOUNCE,2013.08.01 15:00,NA,,B-ZC-BR,B-ZD-BO,B-ZB-BO,S-ZC-UN,S-ZB-UN,B-ZB-BO,S-ZF-UN,B-ZB-BO,S-ZE-UN,S-ZH-UN,B-ZF-UN,S-ZF-BR,S-ZB-BO,S-ZO-BR,S-ZF-BR,S-ZB-BO,B-ZB-BO,B-ZB-BR,B-ZC-BR,B-ZO-BR
488,2013.07.26 00:00,NZDUSD,60,86400,BUY,ZF,1,0.80125,0.79048,1077.0,0.81055,0.79232,1823.0,169.266,17.08,893.0,254.2,0.80125,0.79232,0.81948,UNTOUCHED,,0,,0,,0,,0,NA,Other,NA,,NA,,0.78155,BREAK,2013.08.05 01:00,0,,0,,0,,0,NA,Asia,BOUNCE,2013.09.02 10:00,NA,,0.81018,BOUNCE,2013.07.26 11:00,1,2013.08.02 16:00,1,2013.08.05 01:00,0,,2,1w 2d,London,NA,,NA,,0.78339,BREAK,2013.08.02 16:00,0,,0,,0,,0,NA,NewYork,BOUNCE,2013.08.06 00:00,NA,,B-ZD-BO,B-ZC-BR,B-ZD-BO,B-ZB-BO,S-ZC-UN,S-ZB-UN,B-ZB-BO,S-ZF-UN,B-ZB-BO,S-ZE-UN,S-ZF-BR,S-ZB-BO,S-ZO-BR,S-ZF-BR,S-ZB-BO,B-ZB-BO,B-ZB-BR,B-ZC-BR,B-ZO-BR,S-ZB-BO
489,2013.07.30 00:00,NZDUSD,60,86400,SELL,ZF,1,0.81044,0.80539,505.0,0.80988,0.80112,876.0,173.465,11.09,449.0,119.2,0.80988,0.80539,0.79663,BREAK,2013.07.30 17:00,0,,0,,0,,0,NA,NewYork,BREAK,2013.08.01 15:00,BREAK,2013.08.01 17:00,0.81493,BREAK,2013.08.19 11:00,0,,0,,0,,0,NA,London,BREAK,2013.09.16 01:00,BREAK,2013.09.18 21:00,0.80090,BREAK,2013.07.30 04:00,0,,0,,0,,0,NA,Asia,BREAK,2013.07.31 03:00,BREAK,2013.08.01 15:00,0.81437,BREAK,2013.08.19 11:00,0,,0,,0,,0,NA,London,BREAK,2013.09.16 01:00,BREAK,2013.09.17 18:00,B-ZF-UN,B-ZD-BO,B-ZC-BR,B-ZD-BO,B-ZB-BO,S-ZC-UN,S-ZB-UN,B-ZB-BO,S-ZF-UN,B-ZB-BO,S-ZB-BO,S-ZO-BR,S-ZF-BR,S-ZB-BO,B-ZB-BO,B-ZB-BR,B-ZC-BR,B-ZO-BR,S-ZB-BO,B-ZF-BR
490,2013.07.31 00:00,NZDUSD,60,86400,SELL,ZB,1,0.80988,0.80112,876.0,0.80379,0.79570,809.0,92.352,69.52,267.0,206.7,0.80379,0.80112,0.79303,BOUNCE,2013.08.01 01:00,1,2013.08.07 18:00,1,2013.08.15 03:00,1,2013.08.16 18:00,3,2w 1d,Asia,NA,,NA,,0.81255,BOUNCE,2013.08.16 18:00,1,2013.08.19 18:00,1,2013.08.20 05:00,1,2013.08.21 04:00,3,4d 10h,NewYork,NA,,NA,,0.79845,BREAK,2013.07.31 00:00,0,,0,,0,,0,NA,Asia,BREAK,2013.07.31 15:00,BOUNCE,2013.08.01 01:00,0.80646,BREAK,2013.08.15 03:00,0,,0,,0,,0,NA,Asia,BOUNCE,2013.08.15 15:00,NA,,S-ZF-BR,B-ZF-UN,B-ZD-BO,B-ZC-BR,B-ZD-BO,B-ZB-BO,S-ZC-UN,S-ZB-UN,B-ZB-BO,S-ZF-UN,S-ZO-BR,S-ZF-BR,S-ZB-BO,B-ZB-BO,B-ZB-BR,B-ZC-BR,B-ZO-BR,S-ZB-BO,B-ZF-BR,B-ZD-BO
491,2013.08.01 00:00,NZDUSD,60,86400,SELL,ZO,0,0.80379,0.79570,809.0,0.80152,0.79309,843.0,104.203,28.06,582.0,190.9,0.80152,0.79570,0.78727,BREAK,2013.08.01 17:00,0,,0,,0,,0,NA,NewYork,BREAK,2013.08.05 01:00,BREAK,2013.08.05 05:00,0.80961,BOUNCE,2013.08.15 11:00,1,2013.08.20 05:00,1,2013.08.21 10:00,1,2013.08.21 16:00,3,6d 5h,London,NA,,NA,,0.78988,BREAK,2013.08.01 16:00,0,,0,,0,,0,NA,NewYork,BREAK,2013.08.02 18:00,BREAK,2013.08.05 01:00,0.80734,BREAK,2013.08.15 05:00,0,,0,,0,,0,NA,Asia,BREAK,2013.08.19 11:00,BREAK,2013.09.16 01:00,S-ZB-BO,S-ZF-BR,B-ZF-UN,B-ZD-BO,B-ZC-BR,B-ZD-BO,B-ZB-BO,S-ZC-UN,S-ZB-UN,B-ZB-BO,S-ZF-BR,S-ZB-BO,B-ZB-BO,B-ZB-BR,B-ZC-BR,B-ZO-BR,S-ZB-BO,B-ZF-BR,B-ZD-BO,B-ZE-BR
492,2013.08.02 00:00,NZDUSD,60,86400,SELL,ZF,1,0.80152,0.79309,843.0,0.79866,0.78520,1346.0,159.668,33.93,557.0,198.9,0.79866,0.79309,0.77963,BREAK,2013.08.05 01:00,0,,0,,0,,0,NA,Asia,BOUNCE,2013.08.05 09:00,NA,,0.80709,BREAK,2013.08.15 03:00,0,,0,,0,,0,NA,Asia,BREAK,2013.08.19 11:00,BREAK,2013.09.16 01:00,0.78752,BOUNCE,2013.08.02 10:00,1,2013.08.08 17:00,1,2013.08.15 03:00,0,,2,1w 5d,London,NA,,NA,,0.80423,BOUNCE,2013.08.08 17:00,1,2013.08.21 16:00,1,2013.08.21 16:00,0,,2,1w 5d,NewYork,NA,,NA,,S-ZO-BR,S-ZB-BO,S-ZF-BR,B-ZF-UN,B-ZD-BO,B-ZC-BR,B-ZD-BO,B-ZB-BO,S-ZC-UN,S-ZB-UN,S-ZB-BO,B-ZB-BO,B-ZB-BR,B-ZC-BR,B-ZO-BR,S-ZB-BO,B-ZF-BR,B-ZD-BO,B-ZE-BR,B-ZO-BR
493,2013.08.05 01:00,NZDUSD,60,86400,SELL,ZB,1,0.79866,0.78520,1346.0,0.79348,0.78159,1189.0,88.336,38.48,828.0,317.7,0.79348,0.78520,0.77331,BOUNCE,2013.08.30 17:00,1,2013.09.04 13:00,1,2013.09.06 15:00,1,2013.09.10 16:00,3,1w 3d,NewYork,NA,,NA,,0.80694,BREAK,2013.08.15 03:00,0,,0,,0,,0,NA,Asia,BOUNCE,2013.08.19 19:00,NA,,0.77692,BREAK,2013.08.05 01:00,0,,0,,0,,0,NA,Asia,UNTOUCHED,,NA,,0.80176,BREAK,2013.08.08 17:00,0,,0,,0,,0,NA,NewYork,BOUNCE,2013.08.15 16:00,NA,,S-ZF-BR,S-ZO-BR,S-ZB-BO,S-ZF-BR,B-ZF-UN,B-ZD-BO,B-ZC-BR,B-ZD-BO,B-ZB-BO,S-ZC-UN,B-ZB-BO,B-ZB-BR,B-ZC-BR,B-ZO-BR,S-ZB-BO,B-ZF-BR,B-ZD-BO,B-ZE-BR,B-ZO-BR,S-ZB-BO
494,2013.08.08 00:00,NZDUSD,60,86400,BUY,ZB,1,0.79175,0.78175,1000.0,0.79976,0.78834,1142.0,114.200,65.90,341.0,236.0,0.79175,0.78834,0.80317,BOUNCE,2013.08.08 17:00,1,2013.08.13 15:00,1,2013.08.21 21:00,1,2013.08.23 13:00,3,2w 0d,NewYork,NA,,NA,,0.77834,BOUNCE,2013.08.23 13:00,1,2013.08.26 15:00,1,2013.09.06 12:00,1,2013.09.10 05:00,3,2w 3d,NewYork,NA,,NA,,0.79516,BREAK,2013.08.08 00:00,0,,0,,0,,0,NA,Asia,BREAK,2013.08.08 17:00,BREAK,2013.08.08 19:00,0.78493,BOUNCE,2013.08.21 21:00,1,2013.09.06 12:00,1,2013.09.06 12:00,0,,2,2w 1d,Other,NA,,NA,,S-ZB-BO,S-ZF-BR,S-ZO-BR,S-ZB-BO,S-ZF-BR,B-ZF-UN,B-ZD-BO,B-ZC-BR,B-ZD-BO,B-ZB-BO,B-ZB-BR,B-ZC-BR,B-ZO-BR,S-ZB-BO,B-ZF-BR,B-ZD-BO,B-ZE-BR,B-ZO-BR,S-ZB-BO,S-ZF-UN
495,2013.08.09 00:00,NZDUSD,60,86400,BUY,ZB,1,0.79976,0.78834,1142.0,0.80467,0.79332,1135.0,99.387,43.61,644.0,269.5,0.79976,0.79332,0.81111,BREAK,2013.08.16 04:00,0,,0,,0,,0,NA,Asia,BREAK,2013.09.16 01:00,BREAK,2013.09.18 21:00,0.78190,BREAK,2013.08.22 03:00,0,,0,,0,,0,NA,Asia,BOUNCE,2013.08.29 02:00,NA,,0.80620,BREAK,2013.08.15 03:00,0,,0,,0,,0,NA,Asia,BREAK,2013.08.19 11:00,BREAK,2013.09.16 01:00,0.78688,BREAK,2013.08.21 21:00,0,,0,,0,,0,NA,Other,BREAK,2013.08.23 13:00,BOUNCE,2013.09.02 09:00,B-ZB-BO,S-ZB-BO,S-ZF-BR,S-ZO-BR,S-ZB-BO,S-ZF-BR,B-ZF-UN,B-ZD-BO,B-ZC-BR,B-ZD-BO,B-ZC-BR,B-ZO-BR,S-ZB-BO,B-ZF-BR,B-ZD-BO,B-ZE-BR,B-ZO-BR,S-ZB-BO,S-ZF-UN,S-ZG-UN
496,2013.08.12 01:00,NZDUSD,60,86400,BUY,ZC,1,0.80467,0.79332,1135.0,0.80564,0.79832,732.0,64.493,44.05,635.0,267.9,0.80467,0.79832,0.81199,BREAK,2013.08.16 18:00,0,,0,,0,,0,NA,NewYork,BREAK,2013.09.16 01:00,BREAK,2013.09.18 21:00,0.78697,BREAK,2013.08.21 17:00,0,,0,,0,,0,NA,NewYork,BREAK,2013.08.23 13:00,BOUNCE,2013.09.02 09:00,0.81102,BREAK,2013.08.16 04:00,0,,0,,0,,0,NA,Asia,BREAK,2013.09.16 01:00,BREAK,2013.09.18 21:00,0.79197,BREAK,2013.08.21 04:00,0,,0,,0,,0,NA,Asia,BREAK,2013.08.22 03:00,BREAK,2013.08.23 15:00,B-ZB-BR,B-ZB-BO,S-ZB-BO,S-ZF-BR,S-ZO-BR,S-ZB-BO,S-ZF-BR,B-ZF-UN,B-ZD-BO,B-ZC-BR,B-ZO-BR,S-ZB-BO,B-ZF-BR,B-ZD-BO,B-ZE-BR,B-ZO-BR,S-ZB-BO,S-ZF-UN,S-ZG-UN,S-ZE-UN
497,2013.08.13 00:00,NZDUSD,60,86400,BUY,ZO,0,0.80564,0.79832,732.0,0.80567,0.79923,644.0,87.978,12.43,641.0,172.8,0.80564,0.79923,0.81208,BREAK,2013.08.16 18:00,0,,0,,0,,0,NA,NewYork,BREAK,2013.09.16 01:00,BREAK,2013.09.18 21:00,0.79191,BREAK,2013.08.21 04:00,0,,0,,0,,0,NA,Asia,BREAK,2013.08.22 03:00,BREAK,2013.08.23 14:00,0.81205,BREAK,2013.08.16 18:00,0,,0,,0,,0,NA,NewYork,BREAK,2013.09.16 01:00,BREAK,2013.09.18 21:00,0.79282,BREAK,2013.08.21 04:00,0,,0,,0,,0,NA,Asia,BREAK,2013.08.21 23:00,BREAK,2013.08.23 13:00,B-ZC-BR,B-ZB-BR,B-ZB-BO,S-ZB-BO,S-ZF-BR,S-ZO-BR,S-ZB-BO,S-ZF-BR,B-ZF-UN,B-ZD-BO,S-ZB-BO,B-ZF-BR,B-ZD-BO,B-ZE-BR,B-ZO-BR,S-ZB-BO,S-ZF-UN,S-ZG-UN,S-ZE-UN,B-ZO-BR
498,2013.08.14 00:00,NZDUSD,60,86400,SELL,ZB,1,0.80567,0.79923,644.0,0.80110,0.79341,769.0,119.410,70.96,187.0,152.0,0.80110,0.79923,0.79154,BOUNCE,2013.08.21 04:00,1,2013.09.06 12:00,1,2013.09.09 17:00,1,2013.09.10 17:00,3,2w 6d,Asia,NA,,NA,,0.80754,BOUNCE,2013.08.15 05:00,1,2013.08.15 15:00,1,2013.08.20 08:00,1,2013.08.21 04:00,3,5d 23h,Asia,NA,,NA,,0.79736,BREAK,2013.08.14 00:00,0,,0,,0,,0,NA,Asia,BOUNCE,2013.08.20 10:00,NA,,0.80297,BOUNCE,2013.08.14 13:00,1,2013.08.20 08:00,1,2013.08.20 08:00,0,,2,5d 19h,NewYork,NA,,NA,,B-ZO-BR,B-ZC-BR,B-ZB-BR,B-ZB-BO,S-ZB-BO,S-ZF-BR,S-ZO-BR,S-ZB-BO,S-ZF-BR,B-ZF-UN,B-ZF-BR,B-ZD-BO,B-ZE-BR,B-ZO-BR,S-ZB-BO,S-ZF-UN,S-ZG-UN,S-ZE-UN,B-ZO-BR,S-ZD-UN
499,2013.08.15 00:00,NZDUSD,60,86400,BUY,ZF,0,0.80110,0.79341,769.0,0.80505,0.79579,926.0,120.416,30.95,531.0,181.5,0.80110,0.79579,0.81036,BREAK,2013.08.16 04:00,0,,0,,0,,0,NA,Asia,BOUNCE,2013.08.19 15:00,NA,,0.78810,BREAK,2013.08.21 16:00,0,,0,,0,,0,NA,NewYork,BREAK,2013.08.22 12:00,BOUNCE,2013.08.26 06:00,0.80641,BREAK,2013.08.15 03:00,0,,0,,0,,0,NA,Asia,BREAK,2013.08.19 09:00,BREAK,2013.09.16 01:00,0.79048,BREAK,2013.08.21 10:00,0,,0,,0,,0,NA,London,BOUNCE,2013.08.21 21:00,NA,,S-ZB-BO,B-ZO-BR,B-ZC-BR,B-ZB-BR,B-ZB-BO,S-ZB-BO,S-ZF-BR,S-ZO-BR,S-ZB-BO,S-ZF-BR,B-ZD-BO,B-ZE-BR,B-ZO-BR,S-ZB-BO,S-ZF-UN,S-ZG-UN,S-ZE-UN,B-ZO-BR,S-ZD-UN,B-ZF-BR
500,2013.08.16 00:00,NZDUSD,60,86400,BUY,ZD,1,0.80505,0.79579,926.0,0.81033,0.79942,1091.0,117.819,39.20,563.0,218.5,0.80505,0.79942,0.81596,BOUNCE,2013.08.19 11:00,1,2013.08.20 03:00,1,2013.08.21 04:00,1,2013.08.21 10:00,3,1d 23h,London,NA,,NA,,0.79016,BREAK,2013.08.21 10:00,0,,0,,0,,0,NA,London,BREAK,2013.08.22 03:00,BREAK,2013.08.23 15:00,0.81068,BREAK,2013.08.16 04:00,0,,0,,0,,0,NA,Asia,BREAK,2013.09.16 01:00,BOUNCE,2013.09.16 21:00,0.79379,BREAK,2013.08.21 04:00,0,,0,,0,,0,NA,Asia,BREAK,2013.08.21 21:00,BREAK,2013.08.23 09:00,B-ZF-BR,S-ZB-BO,B-ZO-BR,B-ZC-BR,B-ZB-BR,B-ZB-BO,S-ZB-BO,S-ZF-BR,S-ZO-BR,S-ZB-BO,B-ZE-BR,B-ZO-BR,S-ZB-BO,S-ZF-UN,S-ZG-UN,S-ZE-UN,B-ZO-BR,S-ZD-UN,B-ZF-BR,B-ZE-BR
501,2013.08.19 01:00,NZDUSD,60,86400,BUY,ZE,1,0.81033,0.79942,1091.0,0.81277,0.80535,742.0,68.011,54.35,498.0,257.5,0.81033,0.80535,0.81775,BREAK,2013.09.16 01:00,0,,0,,0,,0,NA,Asia,BREAK,2013.09.18 21:00,BREAK,2013.09.18 22:00,0.79444,BREAK,2013.08.21 01:00,0,,0,,0,,0,NA,Asia,BREAK,2013.08.21 21:00,BREAK,2013.08.22 03:00,0.81531,BOUNCE,2013.08.19 11:00,1,2013.08.20 05:00,1,2013.08.21 01:00,0,,2,1d 14h,London,NA,,NA,,0.80037,BREAK,2013.08.20 05:00,0,,0,,0,,0,NA,Asia,BREAK,2013.08.21 04:00,BREAK,2013.08.21 16:00,B-ZD-BO,B-ZF-BR,S-ZB-BO,B-ZO-BR,B-ZC-BR,B-ZB-BR,B-ZB-BO,S-ZB-BO,S-ZF-BR,S-ZO-BR,B-ZO-BR,S-ZB-BO,S-ZF-UN,S-ZG-UN,S-ZE-UN,B-ZO-BR,S-ZD-UN,B-ZF-BR,B-ZE-BR,B-ZF-BR
502,2013.08.20 00:00,NZDUSD,60,86400,BUY,ZO,0,0.81277,0.80535,742.0,0.81628,0.80571,1057.0,142.453,4.85,706.0,175.1,0.81277,0.80571,0.82334,BREAK,2013.09.17 16:00,0,,0,,0,,0,NA,NewYork,BREAK,2013.09.18 22:00,BREAK,2013.09.19 02:00,0.79829,BREAK,2013.08.20 05:00,0,,0,,0,,0,NA,Asia,BREAK,2013.08.21 10:00,BREAK,2013.08.22 03:00,0.81983,BREAK,2013.09.16 01:00,0,,0,,0,,0,NA,Asia,BREAK,2013.09.18 21:00,BREAK,2013.09.18 22:00,0.79865,BREAK,2013.08.20 05:00,0,,0,,0,,0,NA,Asia,BREAK,2013.08.21 10:00,BREAK,2013.08.22 03:00,B-ZE-BR,B-ZD-BO,B-ZF-BR,S-ZB-BO,B-ZO-BR,B-ZC-BR,B-ZB-BR,B-ZB-BO,S-ZB-BO,S-ZF-BR,S-ZB-BO,S-ZF-UN,S-ZG-UN,S-ZE-UN,B-ZO-BR,S-ZD-UN,B-ZF-BR,B-ZE-BR,B-ZF-BR,B-ZB-BO
503,2013.08.22 00:00,NZDUSD,60,86400,SELL,ZB,1,0.80749,0.79520,1229.0,0.79813,0.78407,1406.0,114.402,76.16,293.0,290.0,0.79813,0.79520,0.78114,BOUNCE,2013.08.22 03:00,1,2013.08.26 15:00,1,2013.09.06 15:00,1,2013.09.12 00:00,3,2w 6d,Asia,NA,,NA,,0.81042,BREAK,2013.09.12 00:00,0,,0,,0,,0,NA,Asia,BOUNCE,2013.09.13 08:00,NA,,0.79227,BREAK,2013.08.22 00:00,0,,0,,0,,0,NA,Asia,BREAK,2013.08.22 01:00,BREAK,2013.08.22 03:00,0.80106,BOUNCE,2013.09.06 15:00,0,,0,,0,,0,NA,NewYork,NA,,NA,,B-ZO-BR,B-ZE-BR,B-ZD-BO,B-ZF-BR,S-ZB-BO,B-ZO-BR,B-ZC-BR,B-ZB-BR,B-ZB-BO,S-ZB-BO,S-ZF-UN,S-ZG-UN,S-ZE-UN,B-ZO-BR,S-ZD-UN,B-ZF-BR,B-ZE-BR,B-ZF-BR,B-ZB-BO,B-ZC-BR
504,2013.08.24 00:00,NZDUSD,60,86400,SELL,ZF,1,0.78649,0.78042,607.0,0.78577,0.77609,968.0,159.473,11.86,535.0,143.3,0.78577,0.78042,0.77074,UNTOUCHED,,0,,0,,0,,0,NA,Other,NA,,NA,,0.79184,BOUNCE,2013.09.04 17:00,0,,0,,0,,0,NA,NewYork,NA,,NA,,0.77507,BOUNCE,2013.08.28 02:00,1,2013.09.04 17:00,1,2013.09.04 17:00,0,,2,1w 0d,Asia,NA,,NA,,0.79112,BREAK,2013.09.04 17:00,0,,0,,0,,0,NA,NewYork,BREAK,2013.09.06 15:00,BREAK,2013.09.10 05:00,S-ZB-BO,B-ZO-BR,B-ZE-BR,B-ZD-BO,B-ZF-BR,S-ZB-BO,B-ZO-BR,B-ZC-BR,B-ZB-BR,B-ZB-BO,S-ZG-UN,S-ZE-UN,B-ZO-BR,S-ZD-UN,B-ZF-BR,B-ZE-BR,B-ZF-BR,B-ZB-BO,B-ZC-BR,B-ZB-BR
505,2013.08.28 00:00,NZDUSD,60,86400,SELL,ZG,0,0.78729,0.77915,814.0,0.78587,0.77650,937.0,115.111,17.44,672.0,192.1,0.78587,0.77915,0.76978,UNTOUCHED,,0,,0,,0,,0,NA,Other,NA,,NA,,0.79401,BREAK,2013.09.06 11:00,0,,0,,0,,0,NA,London,BREAK,2013.09.09 16:00,BREAK,2013.09.12 00:00,0.77243,BOUNCE,2013.08.30 18:00,1,2013.09.04 18:00,1,2013.09.06 11:00,0,,2,6d 17h,NewYork,NA,,NA,,0.79259,BOUNCE,2013.09.04 18:00,0,,0,,0,,0,NA,NewYork,NA,,NA,,S-ZF-UN,S-ZB-BO,B-ZO-BR,B-ZE-BR,B-ZD-BO,B-ZF-BR,S-ZB-BO,B-ZO-BR,B-ZC-BR,B-ZB-BR,S-ZE-UN,B-ZO-BR,S-ZD-UN,B-ZF-BR,B-ZE-BR,B-ZF-BR,B-ZB-BO,B-ZC-BR,B-ZB-BR,B-ZC-BO
506,2013.08.29 00:00,NZDUSD,60,86400,SELL,ZE,1,0.78587,0.77650,937.0,0.78077,0.77432,645.0,68.837,54.43,427.0,221.1,0.78077,0.77650,0.77005,UNTOUCHED,,0,,0,,0,,0,NA,Other,NA,,NA,,0.79014,BREAK,2013.09.04 17:00,0,,0,,0,,0,NA,NewYork,BREAK,2013.09.06 15:00,BREAK,2013.09.06 17:00,0.77223,BOUNCE,2013.08.30 18:00,1,2013.09.04 09:00,1,2013.09.04 17:00,0,,2,4d 23h,NewYork,NA,,NA,,0.78504,BOUNCE,2013.09.04 09:00,0,,0,,0,,0,NA,London,NA,,NA,,S-ZG-UN,S-ZF-UN,S-ZB-BO,B-ZO-BR,B-ZE-BR,B-ZD-BO,B-ZF-BR,S-ZB-BO,B-ZO-BR,B-ZC-BR,B-ZO-BR,S-ZD-UN,B-ZF-BR,B-ZE-BR,B-ZF-BR,B-ZB-BO,B-ZC-BR,B-ZB-BR,B-ZC-BO,B-ZG-BR
507,2013.08.30 00:00,NZDUSD,60,86400,BUY,ZO,0,0.78077,0.77432,645.0,0.78399,0.77501,898.0,139.225,10.70,576.0,152.2,0.78077,0.77501,0.78975,BREAK,2013.09.04 13:00,0,,0,,0,,0,NA,NewYork,BREAK,2013.09.06 15:00,BREAK,2013.09.09 16:00,0.76856,UNTOUCHED,,0,,0,,0,,0,NA,Other,NA,,NA,,0.78653,BREAK,2013.09.04 11:00,0,,0,,0,,0,NA,London,BOUNCE,2013.09.05 11:00,NA,,0.76925,UNTOUCHED,,0,,0,,0,,0,NA,Other,NA,,NA,,S-ZE-UN,S-ZG-UN,S-ZF-UN,S-ZB-BO,B-ZO-BR,B-ZE-BR,B-ZD-BO,B-ZF-BR,S-ZB-BO,B-ZO-BR,S-ZD-UN,B-ZF-BR,B-ZE-BR,B-ZF-BR,B-ZB-BO,B-ZC-BR,B-ZB-BR,B-ZC-BO,B-ZG-BR,B-ZF-BR
508,2013.09.02 01:00,NZDUSD,60,86400,SELL,ZD,1,0.78399,0.77501,898.0,0.77965,0.77164,801.0,89.198,48.33,464.0,211.9,0.77965,0.77501,0.76700,UNTOUCHED,,0,,0,,0,,0,NA,Other,NA,,NA,,0.78863,BREAK,2013.09.04 13:00,0,,0,,0,,0,NA,NewYork,BREAK,2013.09.06 14:00,BREAK,2013.09.06 15:00,0.77037,UNTOUCHED,,0,,0,,0,,0,NA,Other,NA,,NA,,0.78429,BREAK,2013.09.04 09:00,0,,0,,0,,0,NA,London,BREAK,2013.09.04 17:00,BREAK,2013.09.06 14:00,B-ZO-BR,S-ZE-UN,S-ZG-UN,S-ZF-UN,S-ZB-BO,B-ZO-BR,B-ZE-BR,B-ZD-BO,B-ZF-BR,S-ZB-BO,B-ZF-BR,B-ZE-BR,B-ZF-BR,B-ZB-BO,B-ZC-BR,B-ZB-BR,B-ZC-BO,B-ZG-BR,B-ZF-BR,B-ZB-BO
509,2013.09.03 00:00,NZDUSD,60,86400,BUY,ZF,0,0.77965,0.77164,801.0,0.78325,0.77372,953.0,118.976,25.97,593.0,189.0,0.77965,0.77372,0.78918,BREAK,2013.09.04 13:00,0,,0,,0,,0,NA,NewYork,BREAK,2013.09.06 15:00,BREAK,2013.09.09 17:00,0.76571,UNTOUCHED,,0,,0,,0,,0,NA,Other,NA,,NA,,0.78558,BREAK,2013.09.04 09:00,0,,0,,0,,0,NA,London,BOUNCE,2013.09.05 12:00,NA,,0.76779,UNTOUCHED,,0,,0,,0,,0,NA,Other,NA,,NA,,S-ZD-UN,B-ZO-BR,S-ZE-UN,S-ZG-UN,S-ZF-UN,S-ZB-BO,B-ZO-BR,B-ZE-BR,B-ZD-BO,B-ZF-BR,B-ZE-BR,B-ZF-BR,B-ZB-BO,B-ZC-BR,B-ZB-BR,B-ZC-BO,B-ZG-BR,B-ZF-BR,B-ZB-BO,B-ZC-BO
510,2013.09.04 00:00,NZDUSD,60,86400,BUY,ZE,1,0.78325,0.77372,953.0,0.78396,0.77754,642.0,67.366,40.08,571.0,224.9,0.78325,0.77754,0.78967,BREAK,2013.09.04 13:00,0,,0,,0,,0,NA,NewYork,BREAK,2013.09.06 15:00,BREAK,2013.09.10 05:00,0.76801,UNTOUCHED,,0,,0,,0,,0,NA,Other,NA,,NA,,0.78896,BREAK,2013.09.04 13:00,0,,0,,0,,0,NA,NewYork,BREAK,2013.09.06 15:00,BREAK,2013.09.09 16:00,0.77183,UNTOUCHED,,0,,0,,0,,0,NA,Other,NA,,NA,,B-ZF-BR,S-ZD-UN,B-ZO-BR,S-ZE-UN,S-ZG-UN,S-ZF-UN,S-ZB-BO,B-ZO-BR,B-ZE-BR,B-ZD-BO,B-ZF-BR,B-ZB-BO,B-ZC-BR,B-ZB-BR,B-ZC-BO,B-ZG-BR,B-ZF-BR,B-ZB-BO,B-ZC-BO,S-ZO-BR
511,2013.09.05 00:00,NZDUSD,60,86400,BUY,ZF,1,0.78396,0.77754,642.0,0.79270,0.77929,1341.0,208.879,27.26,467.0,151.5,0.78396,0.77929,0.79737,BREAK,2013.09.06 15:00,0,,0,,0,,0,NA,NewYork,BREAK,2013.09.10 05:00,BREAK,2013.09.11 20:00,0.77287,UNTOUCHED,,0,,0,,0,,0,NA,Other,NA,,NA,,0.78863,BREAK,2013.09.05 00:00,0,,0,,0,,0,NA,Asia,BREAK,2013.09.06 12:00,BREAK,2013.09.06 15:00,0.77462,UNTOUCHED,,0,,0,,0,,0,NA,Other,NA,,NA,,B-ZE-BR,B-ZF-BR,S-ZD-UN,B-ZO-BR,S-ZE-UN,S-ZG-UN,S-ZF-UN,S-ZB-BO,B-ZO-BR,B-ZE-BR,B-ZB-BO,B-ZC-BR,B-ZB-BR,B-ZC-BO,B-ZG-BR,B-ZF-BR,B-ZB-BO,B-ZC-BO,S-ZO-BR,S-ZF-BR
512,2013.09.09 01:00,NZDUSD,60,86400,BUY,ZB,1,0.79143,0.78550,593.0,0.80218,0.78808,1410.0,237.774,43.51,335.0,139.9,0.79143,0.78808,0.80553,BOUNCE,2013.09.10 08:00,0,,0,,0,,0,NA,London,NA,,NA,,0.78215,UNTOUCHED,,0,,0,,0,,0,NA,Other,NA,,NA,,0.79478,BREAK,2013.09.09 01:00,0,,0,,0,,0,NA,Asia,BREAK,2013.09.09 10:00,BREAK,2013.09.09 17:00,0.78473,UNTOUCHED,,0,,0,,0,,0,NA,Other,NA,,NA,,B-ZF-BR,B-ZE-BR,B-ZF-BR,S-ZD-UN,B-ZO-BR,S-ZE-UN,S-ZG-UN,S-ZF-UN,S-ZB-BO,B-ZO-BR,B-ZC-BR,B-ZB-BR,B-ZC-BO,B-ZG-BR,B-ZF-BR,B-ZB-BO,B-ZC-BO,S-ZO-BR,S-ZF-BR,B-ZF-BO
513,2013.09.10 00:00,NZDUSD,60,86400,BUY,ZC,1,0.80218,0.78808,1410.0,0.80308,0.79607,701.0,49.716,56.67,611.0,332.8,0.80218,0.79607,0.80919,BREAK,2013.09.12 00:00,0,,0,,0,,0,NA,Asia,BREAK,2013.09.16 01:00,BREAK,2013.09.17 18:00,0.78197,UNTOUCHED,,0,,0,,0,,0,NA,Other,NA,,NA,,0.80829,BREAK,2013.09.11 20:00,0,,0,,0,,0,NA,NewYork,BREAK,2013.09.16 01:00,BREAK,2013.09.17 16:00,0.78996,UNTOUCHED,,0,,0,,0,,0,NA,Other,NA,,NA,,B-ZB-BO,B-ZF-BR,B-ZE-BR,B-ZF-BR,S-ZD-UN,B-ZO-BR,S-ZE-UN,S-ZG-UN,S-ZF-UN,S-ZB-BO,B-ZB-BR,B-ZC-BO,B-ZG-BR,B-ZF-BR,B-ZB-BO,B-ZC-BO,S-ZO-BR,S-ZF-BR,B-ZF-BO,B-ZO-BR
514,2013.09.11 00:00,NZDUSD,60,86400,BUY,ZB,1,0.80308,0.79607,701.0,0.80754,0.80057,697.0,99.429,64.19,251.0,165.4,0.80308,0.80057,0.81005,BREAK,2013.09.12 00:00,0,,0,,0,,0,NA,Asia,BREAK,2013.09.12 02:00,BOUNCE,2013.09.12 15:00,0.79356,UNTOUCHED,,0,,0,,0,,0,NA,Other,NA,,NA,,0.80559,BREAK,2013.09.11 00:00,0,,0,,0,,0,NA,Asia,BREAK,2013.09.12 00:00,BREAK,2013.09.12 01:00,0.79806,UNTOUCHED,,0,,0,,0,,0,NA,Other,NA,,NA,,B-ZC-BR,B-ZB-BO,B-ZF-BR,B-ZE-BR,B-ZF-BR,S-ZD-UN,B-ZO-BR,S-ZE-UN,S-ZG-UN,S-ZF-UN,B-ZC-BO,B-ZG-BR,B-ZF-BR,B-ZB-BO,B-ZC-BO,S-ZO-BR,S-ZF-BR,B-ZF-BO,B-ZO-BR,B-ZG-BR
515,2013.09.12 00:00,NZDUSD,60,86400,BUY,ZC,1,0.80754,0.80057,697.0,0.80900,0.80366,534.0,76.614,44.33,388.0,164.5,0.80754,0.80366,0.81288,BOUNCE,2013.09.12 00:00,0,,0,,0,,0,NA,Asia,NA,,NA,,0.79669,UNTOUCHED,,0,,0,,0,,0,NA,Other,NA,,NA,,0.81142,BREAK,2013.09.12 00:00,0,,0,,0,,0,NA,Asia,BOUNCE,2013.09.12 15:00,NA,,0.79978,UNTOUCHED,,0,,0,,0,,0,NA,Other,NA,,NA,,B-ZB-BR,B-ZC-BR,B-ZB-BO,B-ZF-BR,B-ZE-BR,B-ZF-BR,S-ZD-UN,B-ZO-BR,S-ZE-UN,S-ZG-UN,B-ZG-BR,B-ZF-BR,B-ZB-BO,B-ZC-BO,S-ZO-BR,S-ZF-BR,B-ZF-BO,B-ZO-BR,B-ZG-BR,S-ZO-UN
516,2013.09.14 00:00,NZDUSD,60,86400,BUY,ZG,0,0.81569,0.80740,829.0,0.81695,0.80948,747.0,90.109,25.09,621.0,195.6,0.81569,0.80948,0.82316,BREAK,2013.09.17 16:00,0,,0,,0,,0,NA,NewYork,BREAK,2013.09.18 22:00,BREAK,2013.09.18 23:00,0.80119,UNTOUCHED,,0,,0,,0,,0,NA,Other,NA,,NA,,0.82190,BOUNCE,2013.09.16 01:00,0,,0,,0,,0,NA,Asia,NA,,NA,,0.80327,UNTOUCHED,,0,,0,,0,,0,NA,Other,NA,,NA,,B-ZC-BO,B-ZB-BR,B-ZC-BR,B-ZB-BO,B-ZF-BR,B-ZE-BR,B-ZF-BR,S-ZD-UN,B-ZO-BR,S-ZE-UN,B-ZF-BR,B-ZB-BO,B-ZC-BO,S-ZO-BR,S-ZF-BR,B-ZF-BO,B-ZO-BR,B-ZG-BR,S-ZO-UN,B-ZE-BR
517,2013.09.18 00:00,NZDUSD,60,86400,BUY,ZF,0,0.82236,0.81559,677.0,0.82481,0.81583,898.0,132.644,3.55,653.0,159.8,0.82236,0.81583,0.83134,BREAK,2013.09.18 21:00,0,,0,,0,,0,NA,Other,BREAK,2013.09.19 02:00,BREAK,2013.10.17 10:00,0.80906,UNTOUCHED,,0,,0,,0,,0,NA,Other,NA,,NA,,0.82889,BREAK,2013.09.18 21:00,0,,0,,0,,0,NA,Other,BREAK,2013.09.18 22:00,BOUNCE,2013.09.19 20:00,0.80930,UNTOUCHED,,0,,0,,0,,0,NA,Other,NA,,NA,,B-ZG-BR,B-ZC-BO,B-ZB-BR,B-ZC-BR,B-ZB-BO,B-ZF-BR,B-ZE-BR,B-ZF-BR,S-ZD-UN,B-ZO-BR,B-ZB-BO,B-ZC-BO,S-ZO-BR,S-ZF-BR,B-ZF-BO,B-ZO-BR,B-ZG-BR,S-ZO-UN,B-ZE-BR,B-ZG-BR
518,2013.09.19 00:00,NZDUSD,60,86400,BUY,ZB,1,0.82481,0.81583,898.0,0.83827,0.82058,1769.0,196.993,52.90,423.0,211.9,0.82481,0.82058,0.84250,BOUNCE,2013.09.19 12:00,1,2013.09.24 03:00,0,,0,,1,4d 15h,London,NA,,NA,,0.81160,UNTOUCHED,,0,,0,,0,,0,NA,Other,NA,,NA,,0.82904,BREAK,2013.09.19 00:00,0,,0,,0,,0,NA,Asia,BREAK,2013.09.19 01:00,BREAK,2013.09.19 02:00,0.81635,UNTOUCHED,,0,,0,,0,,0,NA,Other,NA,,NA,,B-ZF-BR,B-ZG-BR,B-ZC-BO,B-ZB-BR,B-ZC-BR,B-ZB-BO,B-ZF-BR,B-ZE-BR,B-ZF-BR,S-ZD-UN,B-ZC-BO,S-ZO-BR,S-ZF-BR,B-ZF-BO,B-ZO-BR,B-ZG-BR,S-ZO-UN,B-ZE-BR,B-ZG-BR,S-ZO-BO
519,2013.09.20 00:00,NZDUSD,60,86400,BUY,ZC,1,0.83827,0.82058,1769.0,0.84351,0.83256,1095.0,61.899,67.72,571.0,417.5,0.83827,0.83256,0.84922,BOUNCE,2013.10.17 14:00,1,2013.10.23 13:00,1,2013.10.29 04:00,0,,2,1w 4d,NewYork,NA,,NA,,0.81487,UNTOUCHED,,0,,0,,0,,0,NA,Other,NA,,NA,,0.84398,BREAK,2013.10.16 20:00,0,,0,,0,,0,NA,NewYork,BOUNCE,2013.10.21 15:00,NA,,0.82685,BREAK,2013.09.24 12:00,0,,0,,0,,0,NA,London,BOUNCE,2013.10.02 18:00,NA,,B-ZB-BO,B-ZF-BR,B-ZG-BR,B-ZC-BO,B-ZB-BR,B-ZC-BR,B-ZB-BO,B-ZF-BR,B-ZE-BR,B-ZF-BR,S-ZO-BR,S-ZF-BR,B-ZF-BO,B-ZO-BR,B-ZG-BR,S-ZO-UN,B-ZE-BR,B-ZG-BR,S-ZO-BO,S-ZG-BO
520,2013.09.24 00:00,NZDUSD,60,86400,SELL,ZO,0,0.84001,0.83539,462.0,0.83895,0.83472,423.0,91.558,22.94,356.0,109.0,0.83895,0.83539,0.83116,BREAK,2013.09.24 10:00,0,,0,,0,,0,NA,London,BREAK,2013.09.24 17:00,BOUNCE,2013.09.25 01:00,0.84357,BREAK,2013.10.16 20:00,0,,0,,0,,0,NA,NewYork,BREAK,2013.10.17 13:00,BREAK,2013.10.17 17:00,0.83183,BREAK,2013.09.24 04:00,0,,0,,0,,0,NA,Asia,BREAK,2013.09.24 12:00,BREAK,2013.09.25 02:00,0.84251,BREAK,2013.10.16 10:00,0,,0,,0,,0,NA,London,BREAK,2013.10.17 12:00,BREAK,2013.10.17 16:00,B-ZC-BO,B-ZB-BO,B-ZF-BR,B-ZG-BR,B-ZC-BO,B-ZB-BR,B-ZC-BR,B-ZB-BO,B-ZF-BR,B-ZE-BR,S-ZF-BR,B-ZF-BO,B-ZO-BR,B-ZG-BR,S-ZO-UN,B-ZE-BR,B-ZG-BR,S-ZO-BO,S-ZG-BO,B-ZB-BR
521,2013.09.25 00:00,NZDUSD,60,86400,SELL,ZF,1,0.83895,0.83472,423.0,0.83748,0.82555,1193.0,282.033,34.75,276.0,99.8,0.83748,0.83472,0.82279,BREAK,2013.09.25 06:00,0,,0,,0,,0,NA,Asia,BOUNCE,2013.10.02 05:00,NA,,0.84171,BREAK,2013.10.16 09:00,0,,0,,0,,0,NA,London,BOUNCE,2013.10.17 09:00,NA,,0.83196,BREAK,2013.09.25 00:00,0,,0,,0,,0,NA,Asia,BREAK,2013.09.25 01:00,BREAK,2013.09.25 02:00,0.84024,BOUNCE,2013.10.15 06:00,1,2013.10.24 17:00,1,2013.10.24 17:00,0,,2,1w 2d,Asia,NA,,NA,,S-ZO-BR,B-ZC-BO,B-ZB-BO,B-ZF-BR,B-ZG-BR,B-ZC-BO,B-ZB-BR,B-ZC-BR,B-ZB-BO,B-ZF-BR,B-ZF-BO,B-ZO-BR,B-ZG-BR,S-ZO-UN,B-ZE-BR,B-ZG-BR,S-ZO-BO,S-ZG-BO,B-ZB-BR,B-ZC-BR
522,2013.09.27 00:00,NZDUSD,60,86400,BUY,ZF,0,0.82812,0.82165,647.0,0.83014,0.82351,663.0,102.473,28.75,461.0,152.7,0.82812,0.82351,0.83475,BOUNCE,2013.10.04 17:00,1,2013.10.10 05:00,0,,0,,1,5d 12h,NewYork,NA,,NA,,0.81704,UNTOUCHED,,0,,0,,0,,0,NA,Other,NA,,NA,,0.83273,BOUNCE,2013.09.30 17:00,0,,0,,0,,0,NA,NewYork,NA,,NA,,0.81890,UNTOUCHED,,0,,0,,0,,0,NA,Other,NA,,NA,,S-ZF-BR,S-ZO-BR,B-ZC-BO,B-ZB-BO,B-ZF-BR,B-ZG-BR,B-ZC-BO,B-ZB-BR,B-ZC-BR,B-ZB-BO,B-ZO-BR,B-ZG-BR,S-ZO-UN,B-ZE-BR,B-ZG-BR,S-ZO-BO,S-ZG-BO,B-ZB-BR,B-ZC-BR,B-ZC-BR
523,2013.09.30 01:00,NZDUSD,60,86400,BUY,ZO,0,0.83014,0.82351,663.0,0.83187,0.82476,711.0,107.240,18.85,538.0,156.5,0.83014,0.82476,0.83725,BREAK,2013.10.14 11:00,0,,0,,0,,0,NA,London,BREAK,2013.10.16 20:00,BREAK,2013.10.17 15:00,0.81813,UNTOUCHED,,0,,0,,0,,0,NA,Other,NA,,NA,,0.83552,BREAK,2013.10.14 08:00,0,,0,,0,,0,NA,London,BREAK,2013.10.16 10:00,BREAK,2013.10.17 13:00,0.81938,BOUNCE,2013.10.02 05:00,1,2013.10.14 08:00,1,2013.10.14 08:00,0,,2,1w 5d,Asia,NA,,NA,,B-ZF-BO,S-ZF-BR,S-ZO-BR,B-ZC-BO,B-ZB-BO,B-ZF-BR,B-ZG-BR,B-ZC-BO,B-ZB-BR,B-ZC-BR,B-ZG-BR,S-ZO-UN,B-ZE-BR,B-ZG-BR,S-ZO-BO,S-ZG-BO,B-ZB-BR,B-ZC-BR,B-ZC-BR,B-ZF-BR
524,2013.10.01 00:00,NZDUSD,60,86400,BUY,ZG,0,0.83187,0.82476,711.0,0.83330,0.82502,828.0,116.456,3.66,685.0,167.8,0.83187,0.82502,0.84015,BREAK,2013.10.15 06:00,0,,0,,0,,0,NA,Asia,BREAK,2013.10.17 14:00,BOUNCE,2013.10.23 06:00,0.81791,UNTOUCHED,,0,,0,,0,,0,NA,Other,NA,,NA,,0.83872,BREAK,2013.10.15 06:00,0,,0,,0,,0,NA,Asia,BREAK,2013.10.17 12:00,BREAK,2013.10.22 17:00,0.81817,UNTOUCHED,,0,,0,,0,,0,NA,Other,NA,,NA,,B-ZO-BR,B-ZF-BO,S-ZF-BR,S-ZO-BR,B-ZC-BO,B-ZB-BO,B-ZF-BR,B-ZG-BR,B-ZC-BO,B-ZB-BR,S-ZO-UN,B-ZE-BR,B-ZG-BR,S-ZO-BO,S-ZG-BO,B-ZB-BR,B-ZC-BR,B-ZC-BR,B-ZF-BR,B-ZB-UN
525,2013.10.03 00:00,NZDUSD,60,86400,SELL,ZO,0,0.83409,0.82467,942.0,0.83320,0.81933,1387.0,147.240,9.45,853.0,222.3,0.83320,0.82467,0.81080,UNTOUCHED,,0,,0,,0,,0,NA,Other,NA,,NA,,0.84262,BREAK,2013.10.16 10:00,0,,0,,0,,0,NA,London,BREAK,2013.10.22 17:00,UNTOUCHED,,0.81614,UNTOUCHED,,0,,0,,0,,0,NA,Other,NA,,NA,,0.84173,BREAK,2013.10.16 09:00,0,,0,,0,,0,NA,London,BREAK,2013.10.22 16:00,UNTOUCHED,,B-ZG-BR,B-ZO-BR,B-ZF-BO,S-ZF-BR,S-ZO-BR,B-ZC-BO,B-ZB-BO,B-ZF-BR,B-ZG-BR,B-ZC-BO,B-ZE-BR,B-ZG-BR,S-ZO-BO,S-ZG-BO,B-ZB-BR,B-ZC-BR,B-ZC-BR,B-ZF-BR,B-ZB-UN,S-ZG-BR
526,2013.10.04 00:00,NZDUSD,60,86400,BUY,ZE,1,0.83320,0.81933,1387.0,0.83399,0.82758,641.0,46.215,59.48,562.0,327.3,0.83320,0.82758,0.83961,BREAK,2013.10.15 06:00,0,,0,,0,,0,NA,Asia,BREAK,2013.10.17 13:00,BOUNCE,2013.10.18 04:00,0.81371,UNTOUCHED,,0,,0,,0,,0,NA,Other,NA,,NA,,0.83882,BREAK,2013.10.15 06:00,0,,0,,0,,0,NA,Asia,BREAK,2013.10.17 13:00,BOUNCE,2013.10.21 15:00,0.82196,BOUNCE,2013.10.30 06:00,1,2013.11.06 06:00,1,2013.11.06 06:00,0,,2,1w 0d,Asia,NA,,NA,,S-ZO-UN,B-ZG-BR,B-ZO-BR,B-ZF-BO,S-ZF-BR,S-ZO-BR,B-ZC-BO,B-ZB-BO,B-ZF-BR,B-ZG-BR,B-ZG-BR,S-ZO-BO,S-ZG-BO,B-ZB-BR,B-ZC-BR,B-ZC-BR,B-ZF-BR,B-ZB-UN,S-ZG-BR,S-ZF-BR
527,2013.10.05 00:00,NZDUSD,60,86400,BUY,ZG,0,0.83399,0.82758,641.0,0.83502,0.82791,711.0,110.920,5.15,608.0,151.3,0.83399,0.82791,0.84110,BREAK,2013.10.16 09:00,0,,0,,0,,0,NA,London,BREAK,2013.10.17 14:00,BOUNCE,2013.10.23 05:00,0.82150,BOUNCE,2013.10.30 06:00,1,2013.11.06 00:00,1,2013.11.06 10:00,1,2013.11.06 13:00,3,1w 0d,Asia,NA,,NA,,0.84007,BREAK,2013.10.15 06:00,0,,0,,0,,0,NA,Asia,BREAK,2013.10.17 13:00,BOUNCE,2013.10.18 01:00,0.82183,BOUNCE,2013.10.30 06:00,1,2013.11.06 10:00,1,2013.11.06 10:00,0,,2,1w 0d,Asia,NA,,NA,,B-ZE-BR,S-ZO-UN,B-ZG-BR,B-ZO-BR,B-ZF-BO,S-ZF-BR,S-ZO-BR,B-ZC-BO,B-ZB-BO,B-ZF-BR,S-ZO-BO,S-ZG-BO,B-ZB-BR,B-ZC-BR,B-ZC-BR,B-ZF-BR,B-ZB-UN,S-ZG-BR,S-ZF-BR,S-ZB-BR
528,2013.10.09 00:00,NZDUSD,60,86400,SELL,ZO,0,0.83357,0.82701,656.0,0.83325,0.82693,632.0,96.341,4.88,624.0,154.8,0.83325,0.82701,0.82069,BOUNCE,2013.10.30 21:00,1,2013.11.05 14:00,1,2013.11.06 07:00,1,2013.11.06 07:00,3,6d 10h,Other,NA,,NA,,0.83981,BREAK,2013.10.15 06:00,0,,0,,0,,0,NA,Asia,BREAK,2013.10.17 13:00,BOUNCE,2013.10.18 01:00,0.82077,BREAK,2013.10.30 21:00,0,,0,,0,,0,NA,Other,BREAK,2013.11.22 17:00,UNTOUCHED,,0.83949,BREAK,2013.10.15 06:00,0,,0,,0,,0,NA,Asia,BREAK,2013.10.17 12:00,BOUNCE,2013.10.18 01:00,B-ZG-BR,B-ZE-BR,S-ZO-UN,B-ZG-BR,B-ZO-BR,B-ZF-BO,S-ZF-BR,S-ZO-BR,B-ZC-BO,B-ZB-BO,S-ZG-BO,B-ZB-BR,B-ZC-BR,B-ZC-BR,B-ZF-BR,B-ZB-UN,S-ZG-BR,S-ZF-BR,S-ZB-BR,S-ZB-BO
529,2013.10.11 00:00,NZDUSD,60,86400,SELL,ZG,1,0.83199,0.82718,481.0,0.83086,0.82310,776.0,161.331,23.49,368.0,113.5,0.83086,0.82718,0.81942,BOUNCE,2013.10.30 21:00,1,2013.10.30 23:00,1,2013.11.06 00:00,1,2013.11.06 00:00,3,6d 3h,Other,NA,,NA,,0.83567,BREAK,2013.10.14 08:00,0,,0,,0,,0,NA,London,BREAK,2013.10.15 06:00,BREAK,2013.10.16 20:00,0.82350,BREAK,2013.10.29 20:00,0,,0,,0,,0,NA,NewYork,BOUNCE,2013.10.30 21:00,NA,,0.83454,BOUNCE,2013.10.11 12:00,1,2013.10.29 20:00,1,2013.10.29 20:00,0,,2,2w 4d,London,NA,,NA,,S-ZO-BO,B-ZG-BR,B-ZE-BR,S-ZO-UN,B-ZG-BR,B-ZO-BR,B-ZF-BO,S-ZF-BR,S-ZO-BR,B-ZC-BO,B-ZB-BR,B-ZC-BR,B-ZC-BR,B-ZF-BR,B-ZB-UN,S-ZG-BR,S-ZF-BR,S-ZB-BR,S-ZB-BO,S-ZG-BO
530,2013.10.14 01:00,NZDUSD,60,86400,BUY,ZB,1,0.83086,0.82310,776.0,0.83538,0.82663,875.0,112.758,45.49,423.0,183.1,0.83086,0.82663,0.83961,BREAK,2013.10.15 06:00,0,,0,,0,,0,NA,Asia,BREAK,2013.10.17 10:00,BREAK,2013.10.17 15:00,0.81887,BREAK,2013.11.12 23:00,0,,0,,0,,0,NA,Other,BOUNCE,2013.11.22 13:00,NA,,0.83509,BREAK,2013.10.14 08:00,0,,0,,0,,0,NA,London,BREAK,2013.10.16 09:00,BREAK,2013.10.17 10:00,0.82240,BOUNCE,2013.10.30 06:00,1,2013.11.06 00:00,1,2013.11.06 00:00,0,,2,6d 18h,Asia,NA,,NA,,S-ZG-BO,S-ZO-BO,B-ZG-BR,B-ZE-BR,S-ZO-UN,B-ZG-BR,B-ZO-BR,B-ZF-BO,S-ZF-BR,S-ZO-BR,B-ZC-BR,B-ZC-BR,B-ZF-BR,B-ZB-UN,S-ZG-BR,S-ZF-BR,S-ZB-BR,S-ZB-BO,S-ZG-BO,S-ZB-BO
531,2013.10.15 00:00,NZDUSD,60,86400,BUY,ZC,1,0.83538,0.82663,875.0,0.83804,0.83071,733.0,83.771,46.63,467.0,206.5,0.83538,0.83071,0.84271,BREAK,2013.10.16 10:00,0,,0,,0,,0,NA,London,BREAK,2013.10.17 15:00,BOUNCE,2013.10.18 01:00,0.82196,BOUNCE,2013.10.30 06:00,1,2013.11.05 13:00,1,2013.11.06 10:00,0,,2,1w 0d,Asia,NA,,NA,,0.84005,BREAK,2013.10.15 06:00,0,,0,,0,,0,NA,Asia,BREAK,2013.10.17 11:00,BREAK,2013.10.17 16:00,0.82604,BREAK,2013.10.29 06:00,0,,0,,0,,0,NA,Asia,BOUNCE,2013.10.30 06:00,NA,,B-ZB-BR,S-ZG-BO,S-ZO-BO,B-ZG-BR,B-ZE-BR,S-ZO-UN,B-ZG-BR,B-ZO-BR,B-ZF-BO,S-ZF-BR,B-ZC-BR,B-ZF-BR,B-ZB-UN,S-ZG-BR,S-ZF-BR,S-ZB-BR,S-ZB-BO,S-ZG-BO,S-ZB-BO,S-ZO-BO
532,2013.10.16 00:00,NZDUSD,60,86400,BUY,ZC,1,0.83804,0.83071,733.0,0.84049,0.83457,592.0,80.764,52.66,347.0,173.0,0.83804,0.83457,0.84396,BREAK,2013.10.16 20:00,0,,0,,0,,0,NA,NewYork,BREAK,2013.10.17 14:00,BOUNCE,2013.10.18 01:00,0.82724,BOUNCE,2013.10.28 16:00,1,2013.11.06 00:00,0,,0,,1,1w 1d,NewYork,NA,,NA,,0.84151,BREAK,2013.10.16 09:00,0,,0,,0,,0,NA,London,BREAK,2013.10.17 11:00,BREAK,2013.10.17 16:00,0.83110,BREAK,2013.10.25 03:00,0,,0,,0,,0,NA,Asia,BOUNCE,2013.10.28 06:00,NA,,B-ZC-BR,B-ZB-BR,S-ZG-BO,S-ZO-BO,B-ZG-BR,B-ZE-BR,S-ZO-UN,B-ZG-BR,B-ZO-BR,B-ZF-BO,B-ZF-BR,B-ZB-UN,S-ZG-BR,S-ZF-BR,S-ZB-BR,S-ZB-BO,S-ZG-BO,S-ZB-BO,S-ZO-BO,B-ZC-BR
533,2013.10.17 00:00,NZDUSD,60,86400,BUY,ZF,1,0.84049,0.83457,592.0,0.84446,0.83581,865.0,146.115,20.95,468.0,139.7,0.84049,0.83581,0.84914,BREAK,2013.10.17 14:00,0,,0,,0,,0,NA,NewYork,BOUNCE,2013.10.23 04:00,NA,,0.82989,BREAK,2013.10.25 03:00,0,,0,,0,,0,NA,Asia,BREAK,2013.10.29 20:00,BOUNCE,2013.10.30 21:00,0.84517,BREAK,2013.10.17 10:00,0,,0,,0,,0,NA,London,BREAK,2013.10.17 16:00,UNTOUCHED,,0.83113,BREAK,2013.10.25 03:00,0,,0,,0,,0,NA,Asia,BREAK,2013.10.29 11:00,BOUNCE,2013.10.30 08:00,B-ZC-BR,B-ZC-BR,B-ZB-BR,S-ZG-BO,S-ZO-BO,B-ZG-BR,B-ZE-BR,S-ZO-UN,B-ZG-BR,B-ZO-BR,B-ZB-UN,S-ZG-BR,S-ZF-BR,S-ZB-BR,S-ZB-BO,S-ZG-BO,S-ZB-BO,S-ZO-BO,B-ZC-BR,S-ZG-BR
534,2013.10.18 00:00,NZDUSD,60,86400,BUY,ZB,1,0.84446,0.83581,865.0,0.85241,0.84088,1153.0,133.295,58.61,358.0,204.1,0.84446,0.84088,0.85599,UNTOUCHED,,0,,0,,0,,0,NA,Other,NA,,NA,,0.83223,BOUNCE,2013.10.24 17:00,1,2013.11.06 07:00,0,,0,,1,1w 5d,NewYork,NA,,NA,,0.84804,BREAK,2013.10.18 00:00,0,,0,,0,,0,NA,Asia,BREAK,2013.10.22 17:00,UNTOUCHED,,0.83730,BOUNCE,2013.10.23 13:00,0,,0,,0,,0,NA,NewYork,NA,,NA,,B-ZF-BR,B-ZC-BR,B-ZC-BR,B-ZB-BR,S-ZG-BO,S-ZO-BO,B-ZG-BR,B-ZE-BR,S-ZO-UN,B-ZG-BR,S-ZG-BR,S-ZF-BR,S-ZB-BR,S-ZB-BO,S-ZG-BO,S-ZB-BO,S-ZO-BO,B-ZC-BR,S-ZG-BR,B-ZF-BR
535,2013.10.22 00:00,NZDUSD,60,86400,SELL,ZG,0,0.85128,0.84470,658.0,0.85077,0.84366,711.0,108.055,7.75,607.0,155.3,0.85077,0.84470,0.83759,BREAK,2013.10.23 13:00,0,,0,,0,,0,NA,NewYork,BREAK,2013.10.25 03:00,BREAK,2013.10.29 20:00,0.85735,UNTOUCHED,,0,,0,,0,,0,NA,Other,NA,,NA,,0.83863,BREAK,2013.10.23 11:00,0,,0,,0,,0,NA,London,BREAK,2013.10.25 03:00,BREAK,2013.10.29 11:00,0.85684,UNTOUCHED,,0,,0,,0,,0,NA,Other,NA,,NA,,B-ZB-UN,B-ZF-BR,B-ZC-BR,B-ZC-BR,B-ZB-BR,S-ZG-BO,S-ZO-BO,B-ZG-BR,B-ZE-BR,S-ZO-UN,S-ZF-BR,S-ZB-BR,S-ZB-BO,S-ZG-BO,S-ZB-BO,S-ZO-BO,B-ZC-BR,S-ZG-BR,B-ZF-BR,S-ZG-BR
536,2013.10.24 00:00,NZDUSD,60,86400,SELL,ZF,1,0.85428,0.84349,1079.0,0.85188,0.83567,1621.0,150.232,22.24,839.0,254.6,0.85188,0.84349,0.82728,BREAK,2013.10.25 23:00,0,,0,,0,,0,NA,Other,BOUNCE,2013.11.14 00:00,NA,,0.86267,UNTOUCHED,,0,,0,,0,,0,NA,Other,NA,,NA,,0.83510,BREAK,2013.10.24 15:00,0,,0,,0,,0,NA,NewYork,BREAK,2013.10.29 20:00,BOUNCE,2013.11.13 19:00,0.86027,UNTOUCHED,,0,,0,,0,,0,NA,Other,NA,,NA,,S-ZG-BR,B-ZB-UN,B-ZF-BR,B-ZC-BR,B-ZC-BR,B-ZB-BR,S-ZG-BO,S-ZO-BO,B-ZG-BR,B-ZE-BR,S-ZB-BR,S-ZB-BO,S-ZG-BO,S-ZB-BO,S-ZO-BO,B-ZC-BR,S-ZG-BR,B-ZF-BR,S-ZG-BR,S-ZB-BO
537,2013.10.25 00:00,NZDUSD,60,86400,SELL,ZB,1,0.85188,0.83567,1621.0,0.84448,0.83192,1256.0,77.483,45.65,881.0,382.6,0.84448,0.83567,0.82311,BREAK,2013.10.30 06:00,0,,0,,0,,0,NA,Asia,BOUNCE,2013.11.26 01:00,NA,,0.86069,UNTOUCHED,,0,,0,,0,,0,NA,Other,NA,,NA,,0.82686,BREAK,2013.10.29 04:00,0,,0,,0,,0,NA,Asia,BOUNCE,2013.11.13 19:00,NA,,0.85329,UNTOUCHED,,0,,0,,0,,0,NA,Other,NA,,NA,,S-ZF-BR,S-ZG-BR,B-ZB-UN,B-ZF-BR,B-ZC-BR,B-ZC-BR,B-ZB-BR,S-ZG-BO,S-ZO-BO,B-ZG-BR,S-ZB-BO,S-ZG-BO,S-ZB-BO,S-ZO-BO,B-ZC-BR,S-ZG-BR,B-ZF-BR,S-ZG-BR,S-ZB-BO,S-ZB-BO
538,2013.10.28 02:00,NZDUSD,60,86400,SELL,ZB,1,0.84448,0.83192,1256.0,0.83585,0.82725,860.0,68.471,68.71,393.0,296.4,0.83585,0.83192,0.82332,BOUNCE,2013.10.30 06:00,1,2013.11.04 15:00,1,2013.11.06 07:00,0,,2,1w 0d,Asia,NA,,NA,,0.84841,UNTOUCHED,,0,,0,,0,,0,NA,Other,NA,,NA,,0.82799,BOUNCE,2013.10.28 02:00,1,2013.11.06 07:00,0,,0,,1,1w 2d,Asia,NA,,NA,,0.83978,BOUNCE,2013.11.06 07:00,1,2013.11.08 17:00,1,2013.11.08 17:00,0,,2,2d 10h,London,NA,,NA,,S-ZB-BR,S-ZF-BR,S-ZG-BR,B-ZB-UN,B-ZF-BR,B-ZC-BR,B-ZC-BR,B-ZB-BR,S-ZG-BO,S-ZO-BO,S-ZG-BO,S-ZB-BO,S-ZO-BO,B-ZC-BR,S-ZG-BR,B-ZF-BR,S-ZG-BR,S-ZB-BO,S-ZB-BO,B-ZG-BO
539,2013.10.29 00:00,NZDUSD,60,86400,SELL,ZG,0,0.83585,0.82725,860.0,0.83318,0.82713,605.0,70.349,31.05,593.0,203.0,0.83318,0.82725,0.82120,BOUNCE,2013.10.30 06:00,1,2013.11.05 14:00,1,2013.11.06 07:00,0,,2,1w 0d,Asia,NA,,NA,,0.84178,UNTOUCHED,,0,,0,,0,,0,NA,Other,NA,,NA,,0.82132,BOUNCE,2013.10.30 06:00,1,2013.11.06 07:00,0,,0,,1,1w 0d,Asia,NA,,NA,,0.83911,BREAK,2013.11.06 07:00,0,,0,,0,,0,NA,London,UNTOUCHED,,NA,,S-ZB-BO,S-ZB-BR,S-ZF-BR,S-ZG-BR,B-ZB-UN,B-ZF-BR,B-ZC-BR,B-ZC-BR,B-ZB-BR,S-ZG-BO,S-ZB-BO,S-ZO-BO,B-ZC-BR,S-ZG-BR,B-ZF-BR,S-ZG-BR,S-ZB-BO,S-ZB-BO,B-ZG-BO,B-ZD-BO
540,2013.10.30 00:00,NZDUSD,60,86400,SELL,ZB,1,0.83318,0.82713,605.0,0.83044,0.82337,707.0,116.860,45.29,331.0,142.8,0.83044,0.82713,0.82006,BOUNCE,2013.10.30 21:00,1,2013.10.30 23:00,1,2013.11.06 00:00,1,2013.11.06 00:00,3,6d 3h,Other,NA,,NA,,0.83649,BOUNCE,2013.11.06 00:00,1,2013.11.08 16:00,1,2013.11.08 18:00,1,2013.11.12 20:00,3,6d 20h,Asia,NA,,NA,,0.82382,BREAK,2013.10.30 06:00,0,,0,,0,,0,NA,Asia,BOUNCE,2013.10.30 21:00,NA,,0.83375,BREAK,2013.11.06 00:00,0,,0,,0,,0,NA,Asia,BREAK,2013.11.06 06:00,BOUNCE,2013.11.07 03:00,S-ZG-BO,S-ZB-BO,S-ZB-BR,S-ZF-BR,S-ZG-BR,B-ZB-UN,B-ZF-BR,B-ZC-BR,B-ZC-BR,B-ZB-BR,S-ZO-BO,B-ZC-BR,S-ZG-BR,B-ZF-BR,S-ZG-BR,S-ZB-BO,S-ZB-BO,B-ZG-BO,B-ZD-BO,S-ZE-BR
541,2013.10.31 00:00,NZDUSD,60,86400,SELL,ZO,0,0.83044,0.82337,707.0,0.82864,0.81922,942.0,133.239,25.46,527.0,166.9,0.82864,0.82337,0.81395,BOUNCE,2013.11.22 16:00,1,2013.11.26 04:00,0,,0,,1,3d 12h,NewYork,NA,,NA,,0.83571,BREAK,2013.11.06 00:00,0,,0,,0,,0,NA,Asia,BOUNCE,2013.11.07 04:00,NA,,0.81810,BOUNCE,2013.11.12 23:00,1,2013.11.14 03:00,1,2013.11.18 07:00,0,,2,5d 8h,Other,NA,,NA,,0.83391,BREAK,2013.11.06 00:00,0,,0,,0,,0,NA,Asia,BREAK,2013.11.06 13:00,UNTOUCHED,,S-ZB-BO,S-ZG-BO,S-ZB-BO,S-ZB-BR,S-ZF-BR,S-ZG-BR,B-ZB-UN,B-ZF-BR,B-ZC-BR,B-ZC-BR,B-ZC-BR,S-ZG-BR,B-ZF-BR,S-ZG-BR,S-ZB-BO,S-ZB-BO,B-ZG-BO,B-ZD-BO,S-ZE-BR,S-ZG-UN
542,2013.11.01 00:00,NZDUSD,60,86400,BUY,ZC,1,0.82864,0.81922,942.0,0.83100,0.82300,800.0,84.926,40.13,564.0,222.3,0.82864,0.82300,0.83664,BREAK,2013.11.06 00:00,0,,0,,0,,0,NA,Asia,UNTOUCHED,,NA,,0.81358,BOUNCE,2013.11.22 17:00,1,2013.11.26 04:00,0,,0,,1,3d 11h,NewYork,NA,,NA,,0.83428,BREAK,2013.11.06 00:00,0,,0,,0,,0,NA,Asia,BOUNCE,2013.11.07 16:00,NA,,0.81736,BOUNCE,2013.11.12 23:00,1,2013.11.14 03:00,1,2013.11.14 03:00,0,,2,1d 4h,Other,NA,,NA,,S-ZO-BO,S-ZB-BO,S-ZG-BO,S-ZB-BO,S-ZB-BR,S-ZF-BR,S-ZG-BR,B-ZB-UN,B-ZF-BR,B-ZC-BR,S-ZG-BR,B-ZF-BR,S-ZG-BR,S-ZB-BO,S-ZB-BO,B-ZG-BO,B-ZD-BO,S-ZE-BR,S-ZG-UN,B-ZF-BR
543,2013.11.02 00:00,NZDUSD,60,86400,SELL,ZG,0,0.83100,0.82300,800.0,0.82852,0.82099,753.0,94.125,31.00,552.0,188.8,0.82852,0.82300,0.81547,BREAK,2013.11.22 13:00,0,,0,,0,,0,NA,NewYork,BOUNCE,2013.11.29 16:00,NA,,0.83652,BREAK,2013.11.06 00:00,0,,0,,0,,0,NA,Asia,UNTOUCHED,,NA,,0.81748,BOUNCE,2013.11.12 23:00,1,2013.11.14 03:00,1,2013.11.18 10:00,0,,2,5d 11h,Other,NA,,NA,,0.83404,BREAK,2013.11.06 00:00,0,,0,,0,,0,NA,Asia,BOUNCE,2013.11.07 16:00,NA,,B-ZC-BR,S-ZO-BO,S-ZB-BO,S-ZG-BO,S-ZB-BO,S-ZB-BR,S-ZF-BR,S-ZG-BR,B-ZB-UN,B-ZF-BR,B-ZF-BR,S-ZG-BR,S-ZB-BO,S-ZB-BO,B-ZG-BO,B-ZD-BO,S-ZE-BR,S-ZG-UN,B-ZF-BR,S-ZB-UN
544,2013.11.06 00:00,NZDUSD,60,86400,BUY,ZF,1,0.83126,0.82488,638.0,0.83339,0.82589,750.0,117.555,15.83,537.0,150.6,0.83126,0.82589,0.83876,BREAK,2013.11.06 06:00,0,,0,,0,,0,NA,Asia,UNTOUCHED,,NA,,0.81951,BREAK,2013.11.12 23:00,0,,0,,0,,0,NA,Other,BREAK,2013.11.22 17:00,BOUNCE,2013.11.29 15:00,0.83663,BREAK,2013.11.06 00:00,0,,0,,0,,0,NA,Asia,UNTOUCHED,,NA,,0.82052,BREAK,2013.11.12 15:00,0,,0,,0,,0,NA,NewYork,BREAK,2013.11.22 16:00,BOUNCE,2013.11.29 16:00,S-ZG-BR,B-ZC-BR,S-ZO-BO,S-ZB-BO,S-ZG-BO,S-ZB-BO,S-ZB-BR,S-ZF-BR,S-ZG-BR,B-ZB-UN,S-ZG-BR,S-ZB-BO,S-ZB-BO,B-ZG-BO,B-ZD-BO,S-ZE-BR,S-ZG-UN,B-ZF-BR,S-ZB-UN,S-ZG-UN
545,2013.11.08 00:00,NZDUSD,60,86400,SELL,ZG,0,0.84142,0.83137,1005.0,0.83953,0.83064,889.0,88.458,18.81,816.0,237.2,0.83953,0.83137,0.82248,BREAK,2013.11.08 18:00,0,,0,,0,,0,NA,NewYork,BOUNCE,2013.11.25 05:00,NA,,0.84958,UNTOUCHED,,0,,0,,0,,0,NA,Other,NA,,NA,,0.82321,BREAK,2013.11.08 18:00,0,,0,,0,,0,NA,NewYork,BREAK,2013.11.22 17:00,UNTOUCHED,,0.84769,UNTOUCHED,,0,,0,,0,,0,NA,Other,NA,,NA,,B-ZF-BR,S-ZG-BR,B-ZC-BR,S-ZO-BO,S-ZB-BO,S-ZG-BO,S-ZB-BO,S-ZB-BR,S-ZF-BR,S-ZG-BR,S-ZB-BO,S-ZB-BO,B-ZG-BO,B-ZD-BO,S-ZE-BR,S-ZG-UN,B-ZF-BR,S-ZB-UN,S-ZG-UN,S-ZO-UN
546,2013.11.09 00:00,NZDUSD,60,86400,SELL,ZB,1,0.83953,0.83064,889.0,0.83484,0.82242,1242.0,139.708,52.76,420.0,209.8,0.83484,0.83064,0.81822,BOUNCE,2013.11.12 23:00,1,2013.11.13 19:00,1,2013.11.18 10:00,0,,2,5d 11h,Other,NA,,NA,,0.84373,UNTOUCHED,,0,,0,,0,,0,NA,Other,NA,,NA,,0.82644,BREAK,2013.11.09 00:00,0,,0,,0,,0,NA,Asia,BREAK,2013.11.12 20:00,BOUNCE,2013.11.12 23:00,0.83904,BOUNCE,2013.11.18 10:00,1,2013.11.20 22:00,1,2013.11.20 22:00,0,,2,2d 12h,London,NA,,NA,,S-ZG-BR,B-ZF-BR,S-ZG-BR,B-ZC-BR,S-ZO-BO,S-ZB-BO,S-ZG-BO,S-ZB-BO,S-ZB-BR,S-ZF-BR,S-ZB-BO,B-ZG-BO,B-ZD-BO,S-ZE-BR,S-ZG-UN,B-ZF-BR,S-ZB-UN,S-ZG-UN,S-ZO-UN,B-ZF-BO
547,2013.11.13 00:00,NZDUSD,60,86400,SELL,ZB,1,0.82877,0.82273,604.0,0.82606,0.81684,922.0,152.649,44.87,333.0,142.5,0.82606,0.82273,0.81351,BOUNCE,2013.11.22 17:00,1,2013.11.25 03:00,1,2013.12.09 02:00,1,2013.12.10 16:00,3,2w 3d,NewYork,NA,,NA,,0.83210,BREAK,2013.11.14 03:00,0,,0,,0,,0,NA,Asia,BREAK,2013.11.18 10:00,BOUNCE,2013.11.18 20:00,0.81940,BREAK,2013.11.21 17:00,0,,0,,0,,0,NA,NewYork,BREAK,2013.11.22 13:00,BOUNCE,2013.11.22 19:00,0.82939,BREAK,2013.11.14 01:00,0,,0,,0,,0,NA,Asia,BOUNCE,2013.11.14 06:00,NA,,S-ZB-BO,S-ZG-BR,B-ZF-BR,S-ZG-BR,B-ZC-BR,S-ZO-BO,S-ZB-BO,S-ZG-BO,S-ZB-BO,S-ZB-BR,B-ZG-BO,B-ZD-BO,S-ZE-BR,S-ZG-UN,B-ZF-BR,S-ZB-UN,S-ZG-UN,S-ZO-UN,B-ZF-BO,S-ZG-UN
548,2013.11.14 00:00,NZDUSD,60,86400,BUY,ZG,0,0.82606,0.81684,922.0,0.82700,0.81945,755.0,81.887,28.31,661.0,217.6,0.82606,0.81945,0.83361,BOUNCE,2013.11.14 03:00,1,2013.11.21 17:00,1,2013.11.22 17:00,1,2013.11.29 04:00,3,2w 1d,Asia,NA,,NA,,0.81023,BOUNCE,2013.11.29 04:00,1,2013.12.03 15:00,1,2013.12.10 17:00,0,,2,1w 4d,Asia,NA,,NA,,0.83267,BREAK,2013.11.14 03:00,0,,0,,0,,0,NA,Asia,BOUNCE,2013.11.19 01:00,NA,,0.81284,BOUNCE,2013.11.22 17:00,1,2013.12.10 17:00,1,2013.12.10 17:00,0,,2,2w 4d,NewYork,NA,,NA,,S-ZB-BO,S-ZB-BO,S-ZG-BR,B-ZF-BR,S-ZG-BR,B-ZC-BR,S-ZO-BO,S-ZB-BO,S-ZG-BO,S-ZB-BO,B-ZD-BO,S-ZE-BR,S-ZG-UN,B-ZF-BR,S-ZB-UN,S-ZG-UN,S-ZO-UN,B-ZF-BO,S-ZG-UN,B-ZG-BR
549,2013.11.15 00:00,NZDUSD,60,86400,BUY,ZD,1,0.82700,0.81945,755.0,0.83561,0.82312,1249.0,165.430,48.61,388.0,178.2,0.82700,0.82312,0.83949,BOUNCE,2013.11.18 10:00,1,2013.11.19 01:00,1,2013.11.21 17:00,1,2013.11.22 13:00,3,4d 3h,London,NA,,NA,,0.81557,BREAK,2013.11.22 13:00,0,,0,,0,,0,NA,NewYork,BOUNCE,2013.11.28 03:00,NA,,0.83088,BREAK,2013.11.15 16:00,0,,0,,0,,0,NA,NewYork,BREAK,2013.11.18 10:00,BOUNCE,2013.11.18 22:00,0.81924,BOUNCE,2013.11.21 17:00,1,2013.12.09 04:00,1,2013.12.09 04:00,0,,2,2w 3d,NewYork,NA,,NA,,B-ZG-BO,S-ZB-BO,S-ZB-BO,S-ZG-BR,B-ZF-BR,S-ZG-BR,B-ZC-BR,S-ZO-BO,S-ZB-BO,S-ZG-BO,S-ZE-BR,S-ZG-UN,B-ZF-BR,S-ZB-UN,S-ZG-UN,S-ZO-UN,B-ZF-BO,S-ZG-UN,B-ZG-BR,S-ZF-BO
550,2013.11.20 00:00,NZDUSD,60,86400,SELL,ZE,1,0.84045,0.83288,757.0,0.83715,0.83088,627.0,82.827,43.59,427.0,178.7,0.83715,0.83288,0.82661,BREAK,2013.11.20 22:00,0,,0,,0,,0,NA,Other,BREAK,2013.11.21 16:00,BOUNCE,2013.11.22 01:00,0.84472,UNTOUCHED,,0,,0,,0,,0,NA,Other,NA,,NA,,0.82861,BREAK,2013.11.20 20:00,0,,0,,0,,0,NA,NewYork,BREAK,2013.11.21 12:00,BREAK,2013.11.21 17:00,0.84142,UNTOUCHED,,0,,0,,0,,0,NA,Other,NA,,NA,,B-ZD-BO,B-ZG-BO,S-ZB-BO,S-ZB-BO,S-ZG-BR,B-ZF-BR,S-ZG-BR,B-ZC-BR,S-ZO-BO,S-ZB-BO,S-ZG-UN,B-ZF-BR,S-ZB-UN,S-ZG-UN,S-ZO-UN,B-ZF-BO,S-ZG-UN,B-ZG-BR,S-ZF-BO,B-ZO-BO
551,2013.11.23 00:00,NZDUSD,60,86400,SELL,ZG,0,0.82762,0.81751,1011.0,0.82434,0.81242,1192.0,117.903,32.44,683.0,238.6,0.82434,0.81751,0.80559,UNTOUCHED,,0,,0,,0,,0,NA,Other,NA,,NA,,0.83445,UNTOUCHED,,0,,0,,0,,0,NA,Other,NA,,NA,,0.81068,BOUNCE,2013.11.29 02:00,1,2013.12.09 04:00,0,,0,,1,1w 3d,Asia,NA,,NA,,0.83117,BOUNCE,2013.12.09 04:00,0,,0,,0,,0,NA,Asia,NA,,NA,,S-ZE-BR,B-ZD-BO,B-ZG-BO,S-ZB-BO,S-ZB-BO,S-ZG-BR,B-ZF-BR,S-ZG-BR,B-ZC-BR,S-ZO-BO,B-ZF-BR,S-ZB-UN,S-ZG-UN,S-ZO-UN,B-ZF-BO,S-ZG-UN,B-ZG-BR,S-ZF-BO,B-ZO-BO,S-ZE-BO
552,2013.11.26 00:00,NZDUSD,60,86400,BUY,ZF,1,0.81957,0.81799,158.0,0.82288,0.81834,454.0,287.342,22.15,123.0,37.3,0.81957,0.81834,0.82411,BREAK,2013.11.26 03:00,0,,0,,0,,0,NA,Asia,BREAK,2013.11.26 07:00,BREAK,2013.12.06 18:00,0.81676,BREAK,2013.11.26 17:00,0,,0,,0,,0,NA,NewYork,BREAK,2013.11.27 17:00,BREAK,2013.11.27 18:00,0.82080,BREAK,2013.11.26 00:00,0,,0,,0,,0,NA,Asia,BREAK,2013.11.26 02:00,BREAK,2013.11.26 03:00,0.81711,BREAK,2013.11.26 17:00,0,,0,,0,,0,NA,NewYork,BREAK,2013.11.27 17:00,BREAK,2013.11.27 18:00,S-ZG-UN,S-ZE-BR,B-ZD-BO,B-ZG-BO,S-ZB-BO,S-ZB-BO,S-ZG-BR,B-ZF-BR,S-ZG-BR,B-ZC-BR,S-ZB-UN,S-ZG-UN,S-ZO-UN,B-ZF-BO,S-ZG-UN,B-ZG-BR,S-ZF-BO,B-ZO-BO,S-ZE-BO,S-ZG-UN
553,2013.11.28 00:00,NZDUSD,60,86400,SELL,ZB,1,0.82650,0.81533,1117.0,0.82109,0.81146,963.0,86.213,48.43,576.0,263.6,0.82109,0.81533,0.80570,UNTOUCHED,,0,,0,,0,,0,NA,Other,NA,,NA,,0.83226,BOUNCE,2013.12.10 16:00,1,2013.12.11 18:00,0,,0,,1,1d 2h,NewYork,NA,,NA,,0.80957,BOUNCE,2013.11.29 04:00,1,2013.12.06 18:00,1,2013.12.10 16:00,0,,2,1w 4d,Asia,NA,,NA,,0.82685,BREAK,2013.12.06 18:00,0,,0,,0,,0,NA,NewYork,BOUNCE,2013.12.11 09:00,NA,,B-ZF-BR,S-ZG-UN,S-ZE-BR,B-ZD-BO,B-ZG-BO,S-ZB-BO,S-ZB-BO,S-ZG-BR,B-ZF-BR,S-ZG-BR,S-ZG-UN,S-ZO-UN,B-ZF-BO,S-ZG-UN,B-ZG-BR,S-ZF-BO,B-ZO-BO,S-ZE-BO,S-ZG-UN,S-ZO-PE
554,2013.11.29 00:00,NZDUSD,60,86400,SELL,ZG,0,0.82109,0.81146,963.0,0.81766,0.81126,640.0,66.459,35.62,620.0,227.3,0.81766,0.81146,0.80506,UNTOUCHED,,0,,0,,0,,0,NA,Other,NA,,NA,,0.82729,BREAK,2013.12.06 18:00,0,,0,,0,,0,NA,NewYork,BREAK,2014.01.13 13:00,BREAK,2014.01.14 13:00,0.80526,UNTOUCHED,,0,,0,,0,,0,NA,Other,NA,,NA,,0.82386,BOUNCE,2013.12.03 15:00,0,,0,,0,,0,NA,NewYork,NA,,NA,,S-ZB-UN,B-ZF-BR,S-ZG-UN,S-ZE-BR,B-ZD-BO,B-ZG-BO,S-ZB-BO,S-ZB-BO,S-ZG-BR,B-ZF-BR,S-ZO-UN,B-ZF-BO,S-ZG-UN,B-ZG-BR,S-ZF-BO,B-ZO-BO,S-ZE-BO,S-ZG-UN,S-ZO-PE,B-ZO-BR
555,2013.11.30 00:00,NZDUSD,60,86400,SELL,ZO,0,0.81766,0.81126,640.0,0.81647,0.80838,809.0,126.406,18.59,521.0,151.0,0.81647,0.81126,0.80317,UNTOUCHED,,0,,0,,0,,0,NA,Other,NA,,NA,,0.82287,BREAK,2013.12.03 12:00,0,,0,,0,,0,NA,London,BOUNCE,2013.12.06 18:00,NA,,0.80605,UNTOUCHED,,0,,0,,0,,0,NA,Other,NA,,NA,,0.82168,BOUNCE,2013.12.02 09:00,0,,0,,0,,0,NA,London,NA,,NA,,S-ZG-UN,S-ZB-UN,B-ZF-BR,S-ZG-UN,S-ZE-BR,B-ZD-BO,B-ZG-BO,S-ZB-BO,S-ZB-BO,S-ZG-BR,B-ZF-BO,S-ZG-UN,B-ZG-BR,S-ZF-BO,B-ZO-BO,S-ZE-BO,S-ZG-UN,S-ZO-PE,B-ZO-BR,S-ZG-BO
556,2013.12.04 00:00,NZDUSD,60,86400,BUY,ZF,0,0.82233,0.81507,726.0,0.82597,0.81551,1046.0,144.077,6.06,682.0,171.3,0.82233,0.81551,0.83279,BOUNCE,2013.12.10 17:00,1,2013.12.13 01:00,0,,0,,1,2d 8h,NewYork,NA,,NA,,0.80825,UNTOUCHED,,0,,0,,0,,0,NA,Other,NA,,NA,,0.82915,BREAK,2013.12.06 21:00,0,,0,,0,,0,NA,Other,BREAK,2014.01.13 13:00,BOUNCE,2014.01.15 04:00,0.80869,UNTOUCHED,,0,,0,,0,,0,NA,Other,NA,,NA,,S-ZO-UN,S-ZG-UN,S-ZB-UN,B-ZF-BR,S-ZG-UN,S-ZE-BR,B-ZD-BO,B-ZG-BO,S-ZB-BO,S-ZB-BO,S-ZG-UN,B-ZG-BR,S-ZF-BO,B-ZO-BO,S-ZE-BO,S-ZG-UN,S-ZO-PE,B-ZO-BR,S-ZG-BO,B-ZB-BR
557,2013.12.06 00:00,NZDUSD,60,86400,SELL,ZG,0,0.82540,0.81655,885.0,0.82280,0.81517,763.0,86.215,29.38,625.0,208.9,0.82280,0.81655,0.80892,UNTOUCHED,,0,,0,,0,,0,NA,Other,NA,,NA,,0.83165,BOUNCE,2013.12.09 04:00,1,2013.12.13 01:00,0,,0,,1,3d 21h,Asia,NA,,NA,,0.81030,UNTOUCHED,,0,,0,,0,,0,NA,Other,NA,,NA,,0.82905,BREAK,2013.12.06 21:00,0,,0,,0,,0,NA,Other,BREAK,2014.01.13 13:00,BOUNCE,2014.01.15 04:00,B-ZF-BO,S-ZO-UN,S-ZG-UN,S-ZB-UN,B-ZF-BR,S-ZG-UN,S-ZE-BR,B-ZD-BO,B-ZG-BO,S-ZB-BO,B-ZG-BR,S-ZF-BO,B-ZO-BO,S-ZE-BO,S-ZG-UN,S-ZO-PE,B-ZO-BR,S-ZG-BO,B-ZB-BR,S-ZH-BR
558,2013.12.11 00:00,NZDUSD,60,86400,BUY,ZG,0,0.83204,0.82567,637.0,0.83340,0.82705,635.0,99.686,21.66,499.0,150.3,0.83204,0.82705,0.83839,BREAK,2014.01.13 17:00,0,,0,,0,,0,NA,NewYork,PENDING,,NA,,0.82068,BOUNCE,2013.12.11 18:00,1,2013.12.12 12:00,1,2014.01.13 13:00,1,2014.01.13 17:00,3,4w 4d,NewYork,NA,,NA,,0.83703,BREAK,2014.01.13 13:00,0,,0,,0,,0,NA,NewYork,BOUNCE,2014.01.15 01:00,NA,,0.82206,BREAK,2013.12.11 18:00,0,,0,,0,,0,NA,NewYork,BREAK,2013.12.19 17:00,BOUNCE,2013.12.30 14:00,S-ZG-UN,B-ZF-BO,S-ZO-UN,S-ZG-UN,S-ZB-UN,B-ZF-BR,S-ZG-UN,S-ZE-BR,B-ZD-BO,B-ZG-BO,S-ZF-BO,B-ZO-BO,S-ZE-BO,S-ZG-UN,S-ZO-PE,B-ZO-BR,S-ZG-BO,B-ZB-BR,S-ZH-BR,B-ZF-BR
559,2013.12.12 00:00,NZDUSD,60,86400,SELL,ZF,1,0.83340,0.82705,635.0,0.83126,0.82001,1125.0,177.165,33.70,421.0,149.9,0.83126,0.82705,0.81580,BOUNCE,2013.12.19 16:00,1,2013.12.31 18:00,1,2014.01.13 13:00,1,2014.01.13 13:00,3,3w 3d,NewYork,NA,,NA,,0.83761,BOUNCE,2014.01.13 13:00,1,2014.01.17 05:00,1,2014.01.20 11:00,0,,2,6d 22h,NewYork,NA,,NA,,0.82284,BREAK,2013.12.12 18:00,0,,0,,0,,0,NA,NewYork,BOUNCE,2013.12.18 22:00,NA,,0.83547,BREAK,2014.01.13 13:00,0,,0,,0,,0,NA,NewYork,BREAK,2014.01.14 13:00,PENDING,,B-ZG-BR,S-ZG-UN,B-ZF-BO,S-ZO-UN,S-ZG-UN,S-ZB-UN,B-ZF-BR,S-ZG-UN,S-ZE-BR,B-ZD-BO,B-ZO-BO,S-ZE-BO,S-ZG-UN,S-ZO-PE,B-ZO-BR,S-ZG-BO,B-ZB-BR,S-ZH-BR,B-ZF-BR,S-ZE-BO
560,2013.12.13 00:00,NZDUSD,60,86400,BUY,ZO,0,0.83126,0.82001,1125.0,0.83195,0.82221,974.0,86.578,19.56,905.0,265.5,0.83126,0.82221,0.84100,BOUNCE,2014.01.14 13:00,1,2014.01.20 11:00,0,,0,,1,5d 22h,NewYork,NA,,NA,,0.81096,UNTOUCHED,,0,,0,,0,,0,NA,Other,NA,,NA,,0.84031,BREAK,2014.01.14 11:00,0,,0,,0,,0,NA,London,PENDING,,NA,,0.81316,BOUNCE,2013.12.30 04:00,1,2014.01.14 11:00,1,2014.01.14 11:00,0,,2,2w 1d,Asia,NA,,NA,,S-ZF-BO,B-ZG-BR,S-ZG-UN,B-ZF-BO,S-ZO-UN,S-ZG-UN,S-ZB-UN,B-ZF-BR,S-ZG-UN,S-ZE-BR,S-ZE-BO,S-ZG-UN,S-ZO-PE,B-ZO-BR,S-ZG-BO,B-ZB-BR,S-ZH-BR,B-ZF-BR,S-ZE-BO,B-ZE-PE
561,2013.12.14 00:00,NZDUSD,60,86400,SELL,ZE,1,0.83195,0.82221,974.0,0.82703,0.81862,841.0,86.345,50.51,482.0,229.9,0.82703,0.82221,0.81380,BOUNCE,2013.12.30 03:00,1,2013.12.31 18:00,1,2014.01.13 04:00,1,2014.01.13 13:00,3,2w 0d,Asia,NA,,NA,,0.83677,BREAK,2014.01.13 13:00,0,,0,,0,,0,NA,NewYork,BOUNCE,2014.01.15 01:00,NA,,0.81739,BOUNCE,2013.12.18 22:00,1,2014.01.13 04:00,1,2014.01.13 13:00,0,,2,3w 4d,Other,NA,,NA,,0.83185,BREAK,2014.01.13 04:00,0,,0,,0,,0,NA,Asia,BREAK,2014.01.14 11:00,BOUNCE,2014.01.15 01:00,B-ZO-BO,S-ZF-BO,B-ZG-BR,S-ZG-UN,B-ZF-BO,S-ZO-UN,S-ZG-UN,S-ZB-UN,B-ZF-BR,S-ZG-UN,S-ZG-UN,S-ZO-PE,B-ZO-BR,S-ZG-BO,B-ZB-BR,S-ZH-BR,B-ZF-BR,S-ZE-BO,B-ZE-PE,S-ZB-BR
562,2013.12.20 00:00,NZDUSD,60,86400,SELL,ZG,0,0.82884,0.81722,1162.0,0.82618,0.81512,1106.0,95.181,22.89,896.0,274.2,0.82618,0.81722,0.80616,UNTOUCHED,,0,,0,,0,,0,NA,Other,NA,,NA,,0.83780,BREAK,2014.01.13 13:00,0,,0,,0,,0,NA,NewYork,PENDING,,NA,,0.80826,UNTOUCHED,,0,,0,,0,,0,NA,Other,NA,,NA,,0.83514,BREAK,2014.01.13 13:00,0,,0,,0,,0,NA,NewYork,PENDING,,NA,,S-ZE-BO,B-ZO-BO,S-ZF-BO,B-ZG-BR,S-ZG-UN,B-ZF-BO,S-ZO-UN,S-ZG-UN,S-ZB-UN,B-ZF-BR,S-ZO-PE,B-ZO-BR,S-ZG-BO,B-ZB-BR,S-ZH-BR,B-ZF-BR,S-ZE-BO,B-ZE-PE,S-ZB-BR,S-ZE-BR
563,2013.12.21 00:00,NZDUSD,60,86400,SELL,ZO,0,0.82618,0.81512,1106.0,0.82228,0.81486,742.0,67.089,35.26,716.0,261.0,0.82228,0.81512,0.80770,PENDING,2014.01.31 16:00,0,,0,,0,,0,NA,NewYork,NA,,NA,,0.83334,BREAK,2014.01.13 06:00,0,,0,,0,,0,NA,Asia,BREAK,2014.01.14 13:00,PENDING,,0.80796,PENDING,2014.01.31 16:00,0,,0,,0,,0,NA,NewYork,NA,,NA,,0.82944,BOUNCE,2014.01.03 15:00,1,2014.01.31 16:00,1,2014.01.31 16:00,0,,2,4w 0d,NewYork,NA,,NA,,S-ZG-UN,S-ZE-BO,B-ZO-BO,S-ZF-BO,B-ZG-BR,S-ZG-UN,B-ZF-BO,S-ZO-UN,S-ZG-UN,S-ZB-UN,B-ZO-BR,S-ZG-BO,B-ZB-BR,S-ZH-BR,B-ZF-BR,S-ZE-BO,B-ZE-PE,S-ZB-BR,S-ZE-BR,B-ZE-PE
564,2013.12.24 00:00,NZDUSD,60,86400,BUY,ZO,1,0.82037,0.81863,174.0,0.82158,0.81878,280.0,160.920,8.62,159.0,41.1,0.82037,0.81878,0.82317,BREAK,2013.12.31 18:00,0,,0,,0,,0,NA,NewYork,BREAK,2014.01.03 08:00,BREAK,2014.01.03 12:00,0.81704,BREAK,2013.12.26 10:00,0,,0,,0,,0,NA,London,BREAK,2013.12.26 19:00,BREAK,2013.12.30 04:00,0.82196,BOUNCE,2013.12.30 19:00,1,2014.01.02 13:00,1,2014.01.02 13:00,0,,2,2d 18h,NewYork,NA,,NA,,0.81719,BOUNCE,2013.12.24 14:00,1,2013.12.30 19:00,1,2013.12.30 19:00,0,,2,6d 5h,NewYork,NA,,NA,,S-ZO-PE,S-ZG-UN,S-ZE-BO,B-ZO-BO,S-ZF-BO,B-ZG-BR,S-ZG-UN,B-ZF-BO,S-ZO-UN,S-ZG-UN,S-ZG-BO,B-ZB-BR,S-ZH-BR,B-ZF-BR,S-ZE-BO,B-ZE-PE,S-ZB-BR,S-ZE-BR,B-ZE-PE,S-ZO-BO
565,2013.12.26 10:00,NZDUSD,60,86400,SELL,ZG,1,0.82158,0.81878,280.0,0.82082,0.81709,373.0,133.214,27.14,204.0,66.1,0.82082,0.81878,0.81505,BOUNCE,2013.12.26 19:00,1,2013.12.27 12:00,1,2013.12.31 17:00,1,2013.12.31 18:00,3,4d 23h,NewYork,NA,,NA,,0.82362,BOUNCE,2013.12.31 18:00,1,2014.01.02 02:00,1,2014.01.02 13:00,1,2014.01.02 14:00,3,1d 20h,NewYork,NA,,NA,,0.81674,BREAK,2013.12.26 10:00,0,,0,,0,,0,NA,London,BOUNCE,2013.12.27 01:00,NA,,0.82286,BREAK,2013.12.31 17:00,0,,0,,0,,0,NA,NewYork,BREAK,2014.01.03 08:00,BREAK,2014.01.03 12:00,B-ZO-BR,S-ZO-PE,S-ZG-UN,S-ZE-BO,B-ZO-BO,S-ZF-BO,B-ZG-BR,S-ZG-UN,B-ZF-BO,S-ZO-UN,B-ZB-BR,S-ZH-BR,B-ZF-BR,S-ZE-BO,B-ZE-PE,S-ZB-BR,S-ZE-BR,B-ZE-PE,S-ZO-BO,S-ZF-BR
566,2014.01.02 01:00,NZDUSD,60,86400,BUY,ZB,1,0.82227,0.81165,1062.0,0.82428,0.81961,467.0,43.974,74.95,266.0,250.6,0.82227,0.81961,0.82694,BREAK,2014.01.03 12:00,0,,0,,0,,0,NA,London,BOUNCE,2014.01.06 02:00,NA,,0.80899,BREAK,2014.01.31 16:00,0,,0,,0,,0,NA,NewYork,BOUNCE,2014.01.31 18:00,NA,,0.82493,BREAK,2014.01.03 08:00,0,,0,,0,,0,NA,London,BREAK,2014.01.03 16:00,BOUNCE,2014.01.03 23:00,0.81695,BREAK,2014.01.02 13:00,0,,0,,0,,0,NA,NewYork,BOUNCE,2014.01.02 17:00,NA,,S-ZG-BO,B-ZO-BR,S-ZO-PE,S-ZG-UN,S-ZE-BO,B-ZO-BO,S-ZF-BO,B-ZG-BR,S-ZG-UN,B-ZF-BO,S-ZH-BR,B-ZF-BR,S-ZE-BO,B-ZE-PE,S-ZB-BR,S-ZE-BR,B-ZE-PE,S-ZO-BO,S-ZF-BR,B-ZF-PE
567,2014.01.03 00:00,NZDUSD,60,86400,SELL,ZH,1,0.82428,0.81961,467.0,0.82334,0.81385,949.0,203.212,20.13,373.0,110.2,0.82334,0.81961,0.81012,BREAK,2014.01.31 16:00,0,,0,,0,,0,NA,NewYork,PENDING,,NA,,0.82801,BREAK,2014.01.03 12:00,0,,0,,0,,0,NA,London,BOUNCE,2014.01.08 19:00,NA,,0.81588,BREAK,2014.01.30 10:00,0,,0,,0,,0,NA,London,BREAK,2014.01.31 14:00,BREAK,2014.01.31 16:00,0.82707,BREAK,2014.01.03 12:00,0,,0,,0,,0,NA,London,BOUNCE,2014.01.04 00:00,NA,,B-ZB-BR,S-ZG-BO,B-ZO-BR,S-ZO-PE,S-ZG-UN,S-ZE-BO,B-ZO-BO,S-ZF-BO,B-ZG-BR,S-ZG-UN,B-ZF-BR,S-ZE-BO,B-ZE-PE,S-ZB-BR,S-ZE-BR,B-ZE-PE,S-ZO-BO,S-ZF-BR,B-ZF-PE,S-ZF-BR
568,2014.01.04 00:00,NZDUSD,60,86400,BUY,ZF,1,0.82334,0.81385,949.0,0.83166,0.81735,1431.0,150.790,36.88,599.0,224.0,0.82334,0.81735,0.83765,BREAK,2014.01.13 13:00,0,,0,,0,,0,NA,NewYork,PENDING,,NA,,0.80786,PENDING,2014.01.31 16:00,0,,0,,0,,0,NA,NewYork,NA,,NA,,0.82933,BREAK,2014.01.06 19:00,0,,0,,0,,0,NA,NewYork,BREAK,2014.01.13 13:00,BOUNCE,2014.01.15 04:00,0.81136,BREAK,2014.01.31 14:00,0,,0,,0,,0,NA,NewYork,PENDING,,NA,,S-ZH-BR,B-ZB-BR,S-ZG-BO,B-ZO-BR,S-ZO-PE,S-ZG-UN,S-ZE-BO,B-ZO-BO,S-ZF-BO,B-ZG-BR,S-ZE-BO,B-ZE-PE,S-ZB-BR,S-ZE-BR,B-ZE-PE,S-ZO-BO,S-ZF-BR,B-ZF-PE,S-ZF-BR,
569,2014.01.10 00:00,NZDUSD,60,86400,SELL,ZE,1,0.83174,0.82507,667.0,0.82723,0.82310,413.0,61.919,67.62,216.0,157.4,0.82723,0.82507,0.82094,BOUNCE,2014.01.10 14:00,1,2014.01.10 16:00,1,2014.01.10 18:00,1,2014.01.13 13:00,3,2d 23h,NewYork,NA,,NA,,0.83390,BREAK,2014.01.13 13:00,0,,0,,0,,0,NA,NewYork,BREAK,2014.01.13 17:00,BOUNCE,2014.01.14 04:00,0.82291,BREAK,2014.01.10 14:00,0,,0,,0,,0,NA,NewYork,BOUNCE,2014.01.10 16:00,NA,,0.82939,BREAK,2014.01.10 18:00,0,,0,,0,,0,NA,NewYork,BREAK,2014.01.13 06:00,BREAK,2014.01.13 13:00,B-ZF-BR,S-ZH-BR,B-ZB-BR,S-ZG-BO,B-ZO-BR,S-ZO-PE,S-ZG-UN,S-ZE-BO,B-ZO-BO,S-ZF-BO,B-ZE-PE,S-ZB-BR,S-ZE-BR,B-ZE-PE,S-ZO-BO,S-ZF-BR,B-ZF-PE,S-ZF-BR,,
570,2014.01.15 00:00,NZDUSD,60,86400,BUY,ZE,1,0.83861,0.82815,1046.0,0.84320,0.83579,741.0,70.841,73.04,282.0,246.9,0.83861,0.83579,0.84602,PENDING,,0,,0,,0,,0,NA,Other,NA,,NA,,0.82533,BREAK,2014.01.17 20:00,0,,0,,0,,0,NA,NewYork,BOUNCE,2014.01.24 14:00,NA,,0.84143,PENDING,,0,,0,,0,,0,NA,Other,NA,,NA,,0.83297,BREAK,2014.01.15 21:00,0,,0,,0,,0,NA,Other,BOUNCE,2014.01.16 18:00,NA,,S-ZE-BO,B-ZF-BR,S-ZH-BR,B-ZB-BR,S-ZG-BO,B-ZO-BR,S-ZO-PE,S-ZG-UN,S-ZE-BO,B-ZO-BO,S-ZB-BR,S-ZE-BR,B-ZE-PE,S-ZO-BO,S-ZF-BR,B-ZF-PE,S-ZF-BR,,,
571,2014.01.16 00:00,NZDUSD,60,86400,SELL,ZB,1,0.84320,0.83579,741.0,0.83861,0.83231,630.0,85.020,61.94,282.0,174.9,0.83861,0.83579,0.82949,BREAK,2014.01.17 05:00,0,,0,,0,,0,NA,Asia,BREAK,2014.01.17 21:00,BREAK,2014.01.20 11:00,0.84602,PENDING,,0,,0,,0,,0,NA,Other,NA,,NA,,0.83297,BREAK,2014.01.16 01:00,0,,0,,0,,0,NA,Asia,BOUNCE,2014.01.16 18:00,NA,,0.84143,PENDING,,0,,0,,0,,0,NA,Other,NA,,NA,,B-ZE-PE,S-ZE-BO,B-ZF-BR,S-ZH-BR,B-ZB-BR,S-ZG-BO,B-ZO-BR,S-ZO-PE,S-ZG-UN,S-ZE-BO,S-ZE-BR,B-ZE-PE,S-ZO-BO,S-ZF-BR,B-ZF-PE,S-ZF-BR,,,,
572,2014.01.17 00:00,NZDUSD,60,86400,SELL,ZE,1,0.83861,0.83231,630.0,0.83560,0.82958,602.0,95.556,47.78,329.0,148.7,0.83560,0.83231,0.82629,BREAK,2014.01.17 12:00,0,,0,,0,,0,NA,London,BOUNCE,2014.01.20 05:00,NA,,0.84190,PENDING,,0,,0,,0,,0,NA,Other,NA,,NA,,0.82902,BREAK,2014.01.17 05:00,0,,0,,0,,0,NA,Asia,BREAK,2014.01.20 04:00,BOUNCE,2014.01.20 12:00,0.83889,PENDING,,0,,0,,0,,0,NA,Other,NA,,NA,,S-ZB-BR,B-ZE-PE,S-ZE-BO,B-ZF-BR,S-ZH-BR,B-ZB-BR,S-ZG-BO,B-ZO-BR,S-ZO-PE,S-ZG-UN,B-ZE-PE,S-ZO-BO,S-ZF-BR,B-ZF-PE,S-ZF-BR,,,,,
573,2014.01.23 00:00,NZDUSD,60,86400,BUY,ZE,1,0.83393,0.82411,982.0,0.83456,0.82959,497.0,50.611,55.80,434.0,231.8,0.83393,0.82959,0.83890,PENDING,,0,,0,,0,,0,NA,Other,NA,,NA,,0.81977,BOUNCE,2014.01.27 04:00,1,2014.01.28 11:00,0,,0,,1,1d 7h,Asia,NA,,NA,,0.83827,PENDING,,0,,0,,0,,0,NA,Other,NA,,NA,,0.82525,BREAK,2014.01.24 08:00,0,,0,,0,,0,NA,London,BOUNCE,2014.01.27 10:00,NA,,S-ZE-BR,S-ZB-BR,B-ZE-PE,S-ZE-BO,B-ZF-BR,S-ZH-BR,B-ZB-BR,S-ZG-BO,B-ZO-BR,S-ZO-PE,S-ZO-BO,S-ZF-BR,B-ZF-PE,S-ZF-BR,,,,,,
574,2014.01.24 00:00,NZDUSD,60,86400,SELL,ZO,1,0.83456,0.82959,497.0,0.83379,0.82607,772.0,155.332,15.49,420.0,117.3,0.83379,0.82959,0.82187,BOUNCE,2014.01.24 14:00,1,2014.01.28 12:00,0,,0,,1,3d 22h,NewYork,NA,,NA,,0.83876,PENDING,,0,,0,,0,,0,NA,Other,NA,,NA,,0.82539,BREAK,2014.01.24 08:00,0,,0,,0,,0,NA,London,BREAK,2014.01.27 04:00,BREAK,2014.01.30 10:00,0.83799,PENDING,,0,,0,,0,,0,NA,Other,NA,,NA,,B-ZE-PE,S-ZE-BR,S-ZB-BR,B-ZE-PE,S-ZE-BO,B-ZF-BR,S-ZH-BR,B-ZB-BR,S-ZG-BO,B-ZO-BR,S-ZF-BR,B-ZF-PE,S-ZF-BR,,,,,,,
575,2014.01.25 00:00,NZDUSD,60,86400,SELL,ZF,1,0.83379,0.82607,772.0,0.83123,0.82152,971.0,125.777,33.16,516.0,182.2,0.83123,0.82607,0.81636,BREAK,2014.01.30 09:00,0,,0,,0,,0,NA,London,BREAK,2014.01.31 16:00,PENDING,,0.83895,PENDING,,0,,0,,0,,0,NA,Other,NA,,NA,,0.82091,BOUNCE,2014.01.27 04:00,0,,0,,0,,0,NA,Asia,NA,,NA,,0.83639,PENDING,,0,,0,,0,,0,NA,Other,NA,,NA,,S-ZO-BO,B-ZE-PE,S-ZE-BR,S-ZB-BR,B-ZE-PE,S-ZE-BO,B-ZF-BR,S-ZH-BR,B-ZB-BR,S-ZG-BO,B-ZF-PE,S-ZF-BR,,,,,,,,
576,2014.01.29 00:00,NZDUSD,60,86400,BUY,ZF,1,0.82608,0.81966,642.0,0.83034,0.82190,844.0,131.464,34.89,418.0,151.5,0.82608,0.82190,0.83452,PENDING,,0,,0,,0,,0,NA,Other,NA,,NA,,0.81548,BREAK,2014.01.30 10:00,0,,0,,0,,0,NA,London,BREAK,2014.01.31 16:00,PENDING,,0.83026,PENDING,,0,,0,,0,,0,NA,Other,NA,,NA,,0.81772,BOUNCE,2014.01.29 23:00,0,,0,,0,,0,NA,Other,NA,,NA,,S-ZF-BR,S-ZO-BO,B-ZE-PE,S-ZE-BR,S-ZB-BR,B-ZE-PE,S-ZE-BO,B-ZF-BR,S-ZH-BR,B-ZB-BR,S-ZF-BR,,,,,,,,,
577,2014.01.30 00:00,NZDUSD,60,86400,SELL,ZF,0,0.83034,0.82190,844.0,0.82981,0.81768,1213.0,143.720,6.28,791.0,199.2,0.82981,0.82190,0.80977,BREAK,2014.01.31 16:00,0,,0,,0,,0,NA,NewYork,PENDING,,NA,,0.83825,PENDING,,0,,0,,0,,0,NA,Other,NA,,NA,,0.81399,BREAK,2014.01.30 12:00,0,,0,,0,,0,NA,London,PENDING,,NA,,0.83772,PENDING,,0,,0,,0,,0,NA,Other,NA,,NA,,B-ZF-PE,S-ZF-BR,S-ZO-BO,B-ZE-PE,S-ZE-BR,S-ZB-BR,B-ZE-PE,S-ZE-BO,B-ZF-BR,S-ZH-BR,,,,,,,,,,
