AngleID,FormTime,Symbol,TF,UnitSeconds,Dir,Class,Confirmed,U2_High,U2_Low,U2_Range,U1_High,U1_Low,U1_Range,Ratio_U1_U2_pct,Corr_pct,L_points,B_points,DiagTop,DiagBot,U1X1_Level,U1X1_React,U1X1_TouchTime,U1X1_TP1_Hit,U1X1_TP1_Time,U1X1_TP2_Hit,U1X1_TP2_Time,U1X1_TP3_Hit,U1X1_TP3_Time,U1X1_MaxTP,U1X1_Dur,U1X1_Session,U1X1_X2_React,U1X1_X2_Time,U1X1_X3_React,U1X1_X3_Time,U2X1_Level,U2X1_React,U2X1_TouchTime,U2X1_TP1_Hit,U2X1_TP1_Time,U2X1_TP2_Hit,U2X1_TP2_Time,U2X1_TP3_Hit,U2X1_TP3_Time,U2X1_MaxTP,U2X1_Dur,U2X1_Session,U2X1_X2_React,U2X1_X2_Time,U2X1_X3_React,U2X1_X3_Time,DLX1_Level,DLX1_React,DLX1_TouchTime,DLX1_TP1_Hit,DLX1_TP1_Time,DLX1_TP2_Hit,DLX1_TP2_Time,DLX1_TP3_Hit,DLX1_TP3_Time,DLX1_MaxTP,DLX1_Dur,DLX1_Session,DLX1_X2_React,DLX1_X2_Time,DLX1_X3_React,DLX1_X3_Time,DRX1_Level,DRX1_React,DRX1_TouchTime,DRX1_TP1_Hit,DRX1_TP1_Time,DRX1_TP2_Hit,DRX1_TP2_Time,DRX1_TP3_Hit,DRX1_TP3_Time,DRX1_MaxTP,DRX1_Dur,DRX1_Session,DRX1_X2_React,DRX1_X2_Time,DRX1_X3_React,DRX1_X3_Time,Left_1,Left_2,Left_3,Left_4,Left_5,Left_6,Left_7,Left_8,Left_9,Left_10,Right_1,Right_2,Right_3,Right_4,Right_5,Right_6,Right_7,Right_8,Right_9,Right_10
1,2003.08.08 00:00,GBPJPY,60,86400,SELL,ZB,1,194.340,192.850,1490.0,193.670,191.610,2060.0,138.255,44.97,820.0,351.6,193.670,192.850,190.790,BREAK,2003.08.08 22:00,0,,0,,0,,0,NA,Other,BREAK,2003.08.11 09:00,BOUNCE,2003.08.16 00:00,195.160,UNTOUCHED,,0,,0,,0,,0,NA,Other,NA,,NA,,192.030,BREAK,2003.08.08 10:00,0,,0,,0,,0,NA,London,BREAK,2003.08.08 22:00,BREAK,2003.08.11 04:00,194.490,UNTOUCHED,,0,,0,,0,,0,NA,Other,NA,,NA,,,,,,,,,,,,S-ZB-BO,S-ZO-BO,B-ZF-UN,B-ZO-UN,S-ZD-BR,B-ZE-UN,S-ZB-BR,S-ZB-BR,S-ZD-BO,B-ZG-BR
2,2003.08.09 00:00,GBPJPY,60,86400,SELL,ZB,1,193.670,191.610,2060.0,192.710,190.580,2130.0,103.398,46.60,1100.0,486.2,192.710,191.610,189.480,BOUNCE,2003.08.11 09:00,1,2003.08.13 16:00,0,,0,,1,2d 7h,London,NA,,NA,,194.770,UNTOUCHED,,0,,0,,0,,0,NA,Other,NA,,NA,,190.510,BREAK,2003.08.11 03:00,0,,0,,0,,0,NA,Asia,BOUNCE,2003.08.11 19:00,NA,,193.810,UNTOUCHED,,0,,0,,0,,0,NA,Other,NA,,NA,,S-ZB-BR,,,,,,,,,,S-ZO-BO,B-ZF-UN,B-ZO-UN,S-ZD-BR,B-ZE-UN,S-ZB-BR,S-ZB-BR,S-ZD-BO,B-ZG-BR,S-ZO-BR
3,2003.08.12 00:00,GBPJPY,60,86400,SELL,ZO,1,191.300,190.550,750.0,191.260,189.280,1980.0,264.000,5.33,710.0,177.0,191.260,190.550,188.570,BOUNCE,2003.08.19 19:00,0,,0,,0,,0,NA,NewYork,NA,,NA,,192.010,BOUNCE,2003.08.13 17:00,1,2003.08.14 18:00,1,2003.08.15 17:00,1,2003.08.19 19:00,3,6d 2h,NewYork,NA,,NA,,189.840,BREAK,2003.08.12 14:00,0,,0,,0,,0,NA,NewYork,BOUNCE,2003.08.16 00:00,NA,,191.970,BREAK,2003.08.13 17:00,0,,0,,0,,0,NA,NewYork,UNTOUCHED,,NA,,S-ZB-BO,S-ZB-BR,,,,,,,,,B-ZF-UN,B-ZO-UN,S-ZD-BR,B-ZE-UN,S-ZB-BR,S-ZB-BR,S-ZD-BO,B-ZG-BR,S-ZO-BR,S-ZG-BO
4,2003.08.14 00:00,GBPJPY,60,86400,BUY,ZF,0,191.120,189.470,1650.0,192.010,189.690,2320.0,140.606,13.33,1430.0,389.4,191.120,189.690,193.440,UNTOUCHED,,0,,0,,0,,0,NA,Other,NA,,NA,,188.040,BREAK,2003.08.19 20:00,0,,0,,0,,0,NA,NewYork,BREAK,2003.08.21 16:00,BREAK,2003.08.22 16:00,192.550,BOUNCE,2003.08.14 10:00,1,2003.08.19 20:00,1,2003.08.19 20:00,0,,2,5d 10h,London,NA,,NA,,188.260,BREAK,2003.08.19 20:00,0,,0,,0,,0,NA,NewYork,BREAK,2003.08.21 13:00,BREAK,2003.08.22 15:00,S-ZO-BO,S-ZB-BO,S-ZB-BR,,,,,,,,B-ZO-UN,S-ZD-BR,B-ZE-UN,S-ZB-BR,S-ZB-BR,S-ZD-BO,B-ZG-BR,S-ZO-BR,S-ZG-BO,S-ZO-BR
5,2003.08.15 00:00,GBPJPY,60,86400,BUY,ZO,0,192.010,189.690,2320.0,192.560,190.370,2190.0,94.397,29.31,1640.0,547.5,192.010,190.370,194.200,UNTOUCHED,,0,,0,,0,,0,NA,Other,NA,,NA,,188.050,BREAK,2003.08.19 20:00,0,,0,,0,,0,NA,NewYork,BREAK,2003.08.21 19:00,BREAK,2003.08.25 23:00,193.650,UNTOUCHED,,0,,0,,0,,0,NA,Other,NA,,NA,,188.730,BREAK,2003.08.19 19:00,0,,0,,0,,0,NA,NewYork,BREAK,2003.08.21 13:00,BREAK,2003.08.22 15:00,B-ZF-UN,S-ZO-BO,S-ZB-BO,S-ZB-BR,,,,,,,S-ZD-BR,B-ZE-UN,S-ZB-BR,S-ZB-BR,S-ZD-BO,B-ZG-BR,S-ZO-BR,S-ZG-BO,S-ZO-BR,S-ZE-BO
6,2003.08.16 00:00,GBPJPY,60,86400,SELL,ZD,1,192.560,190.370,2190.0,191.150,189.730,1420.0,64.840,64.38,780.0,516.8,191.150,190.370,188.950,BREAK,2003.08.19 19:00,0,,0,,0,,0,NA,NewYork,BOUNCE,2003.08.20 12:00,NA,,193.340,UNTOUCHED,,0,,0,,0,,0,NA,Other,NA,,NA,,189.590,BREAK,2003.08.16 00:00,0,,0,,0,,0,NA,Asia,BREAK,2003.08.19 20:00,BOUNCE,2003.08.20 11:00,191.930,UNTOUCHED,,0,,0,,0,,0,NA,Other,NA,,NA,,B-ZO-UN,B-ZF-UN,S-ZO-BO,S-ZB-BO,S-ZB-BR,,,,,,B-ZE-UN,S-ZB-BR,S-ZB-BR,S-ZD-BO,B-ZG-BR,S-ZO-BR,S-ZG-BO,S-ZO-BR,S-ZE-BO,B-ZF-BR
7,2003.08.19 00:00,GBPJPY,60,86400,BUY,ZE,1,190.210,188.960,1250.0,190.810,189.530,1280.0,102.400,45.60,680.0,295.0,190.210,189.530,191.490,UNTOUCHED,,0,,0,,0,,0,NA,Other,NA,,NA,,188.280,BREAK,2003.08.19 20:00,0,,0,,0,,0,NA,NewYork,BOUNCE,2003.08.21 09:00,NA,,190.890,UNTOUCHED,,0,,0,,0,,0,NA,Other,NA,,NA,,188.850,BREAK,2003.08.19 19:00,0,,0,,0,,0,NA,NewYork,BREAK,2003.08.19 22:00,BOUNCE,2003.08.21 09:00,S-ZD-BR,B-ZO-UN,B-ZF-UN,S-ZO-BO,S-ZB-BO,S-ZB-BR,,,,,S-ZB-BR,S-ZB-BR,S-ZD-BO,B-ZG-BR,S-ZO-BR,S-ZG-BO,S-ZO-BR,S-ZE-BO,B-ZF-BR,S-ZO-BR
8,2003.08.20 00:00,GBPJPY,60,86400,SELL,ZB,1,190.810,189.530,1280.0,190.170,187.670,2500.0,195.312,50.00,640.0,302.1,190.170,189.530,187.030,BREAK,2003.08.21 10:00,0,,0,,0,,0,NA,London,BREAK,2003.08.21 19:00,BREAK,2003.08.21 20:00,191.450,UNTOUCHED,,0,,0,,0,,0,NA,Other,NA,,NA,,188.890,BREAK,2003.08.20 00:00,0,,0,,0,,0,NA,Asia,BREAK,2003.08.20 09:00,BOUNCE,2003.08.21 09:00,190.810,UNTOUCHED,,0,,0,,0,,0,NA,Other,NA,,NA,,B-ZE-UN,S-ZD-BR,B-ZO-UN,B-ZF-UN,S-ZO-BO,S-ZB-BO,S-ZB-BR,,,,S-ZB-BR,S-ZD-BO,B-ZG-BR,S-ZO-BR,S-ZG-BO,S-ZO-BR,S-ZE-BO,B-ZF-BR,S-ZO-BR,B-ZD-BO
9,2003.08.23 00:00,GBPJPY,60,86400,SELL,ZB,1,188.920,185.430,3490.0,186.420,184.280,2140.0,61.318,71.63,990.0,823.6,186.420,185.430,183.290,BREAK,2003.09.01 13:00,0,,0,,0,,0,NA,NewYork,BREAK,2003.09.03 11:00,BOUNCE,2003.09.03 16:00,189.910,UNTOUCHED,,0,,0,,0,,0,NA,Other,NA,,NA,,184.440,BOUNCE,2003.08.25 01:00,1,2003.09.12 15:00,0,,0,,1,2w 4d,Asia,NA,,NA,,187.410,BOUNCE,2003.09.12 15:00,1,2003.09.16 19:00,1,2003.09.16 19:00,0,,2,4d 4h,NewYork,NA,,NA,,S-ZB-BR,B-ZE-UN,S-ZD-BR,B-ZO-UN,B-ZF-UN,S-ZO-BO,S-ZB-BO,S-ZB-BR,,,S-ZD-BO,B-ZG-BR,S-ZO-BR,S-ZG-BO,S-ZO-BR,S-ZE-BO,B-ZF-BR,S-ZO-BR,B-ZD-BO,B-ZH-BR
10,2003.08.27 00:00,GBPJPY,60,86400,SELL,ZD,1,185.540,184.180,1360.0,184.960,183.390,1570.0,115.441,42.65,780.0,321.0,184.960,184.180,182.610,BOUNCE,2003.09.01 17:00,1,2003.09.04 10:00,1,2003.09.05 18:00,1,2003.09.08 01:00,3,6d 8h,NewYork,NA,,NA,,186.320,BREAK,2003.09.08 01:00,0,,0,,0,,0,NA,Asia,BOUNCE,2003.09.11 16:00,NA,,183.400,BOUNCE,2003.08.29 15:00,1,2003.09.05 18:00,1,2003.09.08 01:00,0,,2,1w 2d,NewYork,NA,,NA,,185.740,BREAK,2003.09.05 18:00,0,,0,,0,,0,NA,NewYork,BREAK,2003.09.08 01:00,BOUNCE,2003.09.12 15:00,S-ZB-BR,S-ZB-BR,B-ZE-UN,S-ZD-BR,B-ZO-UN,B-ZF-UN,S-ZO-BO,S-ZB-BO,S-ZB-BR,,B-ZG-BR,S-ZO-BR,S-ZG-BO,S-ZO-BR,S-ZE-BO,B-ZF-BR,S-ZO-BR,B-ZD-BO,B-ZH-BR,B-ZF-UN
11,2003.08.28 00:00,GBPJPY,60,86400,BUY,ZG,0,184.960,183.390,1570.0,185.570,183.910,1660.0,105.732,33.12,1050.0,370.5,184.960,183.910,186.620,BREAK,2003.09.08 01:00,0,,0,,0,,0,NA,Asia,BREAK,2003.09.12 16:00,BOUNCE,2003.09.16 08:00,182.340,BREAK,2003.09.02 19:00,0,,0,,0,,0,NA,NewYork,BOUNCE,2003.09.03 17:00,NA,,186.010,BREAK,2003.09.05 18:00,0,,0,,0,,0,NA,NewYork,BOUNCE,2003.09.11 17:00,NA,,182.860,BREAK,2003.09.01 14:00,0,,0,,0,,0,NA,NewYork,BREAK,2003.09.03 11:00,BOUNCE,2003.10.09 19:00,S-ZD-BO,S-ZB-BR,S-ZB-BR,B-ZE-UN,S-ZD-BR,B-ZO-UN,B-ZF-UN,S-ZO-BO,S-ZB-BO,S-ZB-BR,S-ZO-BR,S-ZG-BO,S-ZO-BR,S-ZE-BO,B-ZF-BR,S-ZO-BR,B-ZD-BO,B-ZH-BR,B-ZF-UN,S-ZB-BR
12,2003.08.29 00:00,GBPJPY,60,86400,SELL,ZO,0,185.570,183.910,1660.0,185.480,183.640,1840.0,110.843,5.42,1570.0,391.8,185.480,183.910,182.070,BREAK,2003.09.02 22:00,0,,0,,0,,0,NA,Other,BREAK,2003.10.10 14:00,UNTOUCHED,,187.140,BREAK,2003.09.11 11:00,0,,0,,0,,0,NA,London,BOUNCE,2003.09.16 09:00,NA,,182.340,BREAK,2003.09.02 19:00,0,,0,,0,,0,NA,NewYork,BREAK,2003.10.10 10:00,UNTOUCHED,,187.050,BREAK,2003.09.11 10:00,0,,0,,0,,0,NA,London,BREAK,2003.09.15 11:00,UNTOUCHED,,B-ZG-BR,S-ZD-BO,S-ZB-BR,S-ZB-BR,B-ZE-UN,S-ZD-BR,B-ZO-UN,B-ZF-UN,S-ZO-BO,S-ZB-BO,S-ZG-BO,S-ZO-BR,S-ZE-BO,B-ZF-BR,S-ZO-BR,B-ZD-BO,B-ZH-BR,B-ZF-UN,S-ZB-BR,S-ZO-BR
13,2003.08.30 00:00,GBPJPY,60,86400,SELL,ZG,0,185.480,183.640,1840.0,185.380,183.370,2010.0,109.239,5.43,1740.0,434.2,185.380,183.640,181.630,BOUNCE,2003.09.03 10:00,1,2003.09.05 06:00,1,2003.09.11 11:00,1,2003.09.12 15:00,3,1w 2d,London,NA,,NA,,187.220,BREAK,2003.09.12 15:00,0,,0,,0,,0,NA,NewYork,BOUNCE,2003.09.16 09:00,NA,,181.900,BREAK,2003.09.03 04:00,0,,0,,0,,0,NA,Asia,BREAK,2003.10.13 11:00,UNTOUCHED,,187.120,BREAK,2003.09.11 11:00,0,,0,,0,,0,NA,London,BOUNCE,2003.09.16 09:00,NA,,S-ZO-BR,B-ZG-BR,S-ZD-BO,S-ZB-BR,S-ZB-BR,B-ZE-UN,S-ZD-BR,B-ZO-UN,B-ZF-UN,S-ZO-BO,S-ZO-BR,S-ZE-BO,B-ZF-BR,S-ZO-BR,B-ZD-BO,B-ZH-BR,B-ZF-UN,S-ZB-BR,S-ZO-BR,B-ZD-BO
14,2003.09.03 00:00,GBPJPY,60,86400,SELL,ZO,0,184.590,182.570,2020.0,183.920,181.950,1970.0,97.525,33.17,1350.0,476.7,183.920,182.570,180.600,BREAK,2003.10.10 10:00,0,,0,,0,,0,NA,London,UNTOUCHED,,NA,,185.940,BREAK,2003.09.05 18:00,0,,0,,0,,0,NA,NewYork,BREAK,2003.09.12 16:00,BOUNCE,2003.09.16 09:00,181.220,BREAK,2003.10.09 15:00,0,,0,,0,,0,NA,NewYork,BREAK,2003.10.13 11:00,UNTOUCHED,,185.270,BREAK,2003.09.05 06:00,0,,0,,0,,0,NA,Asia,BOUNCE,2003.09.08 13:00,NA,,S-ZG-BO,S-ZO-BR,B-ZG-BR,S-ZD-BO,S-ZB-BR,S-ZB-BR,B-ZE-UN,S-ZD-BR,B-ZO-UN,B-ZF-UN,S-ZE-BO,B-ZF-BR,S-ZO-BR,B-ZD-BO,B-ZH-BR,B-ZF-UN,S-ZB-BR,S-ZO-BR,B-ZD-BO,S-ZD-BO
15,2003.09.04 00:00,GBPJPY,60,86400,SELL,ZE,1,183.920,181.950,1970.0,182.860,181.250,1610.0,81.726,53.81,910.0,464.9,182.860,181.950,180.340,BOUNCE,2003.10.10 10:00,1,2003.10.14 11:00,0,,0,,1,4d 1h,London,NA,,NA,,184.830,BREAK,2003.09.04 16:00,0,,0,,0,,0,NA,NewYork,BREAK,2003.09.05 19:00,BOUNCE,2003.09.08 11:00,181.040,BOUNCE,2003.10.09 16:00,0,,0,,0,,0,NA,NewYork,NA,,NA,,183.770,BREAK,2003.09.04 09:00,0,,0,,0,,0,NA,London,BREAK,2003.09.05 06:00,BREAK,2003.09.05 19:00,S-ZO-BR,S-ZG-BO,S-ZO-BR,B-ZG-BR,S-ZD-BO,S-ZB-BR,S-ZB-BR,B-ZE-UN,S-ZD-BR,B-ZO-UN,B-ZF-BR,S-ZO-BR,B-ZD-BO,B-ZH-BR,B-ZF-UN,S-ZB-BR,S-ZO-BR,B-ZD-BO,S-ZD-BO,B-ZO-UN
16,2003.09.05 00:00,GBPJPY,60,86400,BUY,ZF,1,182.860,181.250,1610.0,185.090,181.560,3530.0,219.255,19.25,1300.0,380.0,182.860,181.560,186.390,BREAK,2003.09.08 01:00,0,,0,,0,,0,NA,Asia,BREAK,2003.09.12 16:00,BOUNCE,2003.09.16 08:00,179.950,BREAK,2003.10.13 10:00,0,,0,,0,,0,NA,London,UNTOUCHED,,NA,,184.160,BREAK,2003.09.05 00:00,0,,0,,0,,0,NA,Asia,BREAK,2003.09.05 18:00,BOUNCE,2003.09.08 13:00,180.260,BREAK,2003.10.10 11:00,0,,0,,0,,0,NA,London,UNTOUCHED,,NA,,S-ZE-BO,S-ZO-BR,S-ZG-BO,S-ZO-BR,B-ZG-BR,S-ZD-BO,S-ZB-BR,S-ZB-BR,B-ZE-UN,S-ZD-BR,S-ZO-BR,B-ZD-BO,B-ZH-BR,B-ZF-UN,S-ZB-BR,S-ZO-BR,B-ZD-BO,S-ZD-BO,B-ZO-UN,S-ZG-BR
17,2003.09.10 00:00,GBPJPY,60,86400,SELL,ZO,0,187.020,184.430,2590.0,186.100,183.590,2510.0,96.911,35.52,1670.0,611.2,186.100,184.430,181.920,BREAK,2003.10.08 16:00,0,,0,,0,,0,NA,NewYork,BREAK,2003.10.13 11:00,UNTOUCHED,,188.690,BOUNCE,2003.09.15 10:00,1,2003.09.16 13:00,1,2003.10.07 17:00,1,2003.10.08 16:00,3,3w 2d,London,NA,,NA,,182.760,BREAK,2003.10.07 17:00,0,,0,,0,,0,NA,NewYork,BREAK,2003.10.10 10:00,BOUNCE,2003.10.13 17:00,187.770,BREAK,2003.09.12 16:00,0,,0,,0,,0,NA,NewYork,UNTOUCHED,,NA,,B-ZF-BR,S-ZE-BO,S-ZO-BR,S-ZG-BO,S-ZO-BR,B-ZG-BR,S-ZD-BO,S-ZB-BR,S-ZB-BR,B-ZE-UN,B-ZD-BO,B-ZH-BR,B-ZF-UN,S-ZB-BR,S-ZO-BR,B-ZD-BO,S-ZD-BO,B-ZO-UN,S-ZG-BR,S-ZG-BR
18,2003.09.11 00:00,GBPJPY,60,86400,BUY,ZD,1,186.100,183.590,2510.0,186.580,185.340,1240.0,49.402,69.72,760.0,592.4,186.100,185.340,187.340,BOUNCE,2003.09.12 15:00,1,2003.09.16 13:00,1,2003.09.16 18:00,1,2003.10.07 17:00,3,3w 4d,NewYork,NA,,NA,,182.830,BOUNCE,2003.10.07 17:00,1,2003.10.20 14:00,0,,0,,1,1w 5d,NewYork,NA,,NA,,186.860,BOUNCE,2003.09.11 09:00,1,2003.09.16 18:00,1,2003.10.07 17:00,0,,2,3w 5d,London,NA,,NA,,184.580,BOUNCE,2003.09.16 18:00,1,2003.09.17 21:00,1,2003.09.17 21:00,0,,2,1d 3h,NewYork,NA,,NA,,S-ZO-BR,B-ZF-BR,S-ZE-BO,S-ZO-BR,S-ZG-BO,S-ZO-BR,B-ZG-BR,S-ZD-BO,S-ZB-BR,S-ZB-BR,B-ZH-BR,B-ZF-UN,S-ZB-BR,S-ZO-BR,B-ZD-BO,S-ZD-BO,B-ZO-UN,S-ZG-BR,S-ZG-BR,S-ZF-BO
19,2003.09.12 00:00,GBPJPY,60,86400,BUY,ZH,0,186.580,185.340,1240.0,187.140,185.620,1520.0,122.581,22.58,960.0,292.6,186.580,185.620,188.100,BREAK,2003.09.12 16:00,0,,0,,0,,0,NA,NewYork,UNTOUCHED,,NA,,184.380,BOUNCE,2003.09.16 19:00,1,2003.09.17 13:00,1,2003.09.19 13:00,0,,2,2d 18h,NewYork,NA,,NA,,187.540,BOUNCE,2003.09.12 15:00,1,2003.09.16 18:00,1,2003.09.16 19:00,0,,2,4d 4h,NewYork,NA,,NA,,184.660,BREAK,2003.09.16 18:00,0,,0,,0,,0,NA,NewYork,BOUNCE,2003.09.22 01:00,NA,,B-ZD-BO,S-ZO-BR,B-ZF-BR,S-ZE-BO,S-ZO-BR,S-ZG-BO,S-ZO-BR,B-ZG-BR,S-ZD-BO,S-ZB-BR,B-ZF-UN,S-ZB-BR,S-ZO-BR,B-ZD-BO,S-ZD-BO,B-ZO-UN,S-ZG-BR,S-ZG-BR,S-ZF-BO,S-ZC-BR
20,2003.09.13 00:00,GBPJPY,60,86400,BUY,ZF,1,187.140,185.620,1520.0,188.660,186.160,2500.0,164.474,35.53,980.0,358.7,187.140,186.160,189.640,UNTOUCHED,,0,,0,,0,,0,NA,Other,NA,,NA,,184.640,BREAK,2003.09.16 18:00,0,,0,,0,,0,NA,NewYork,BOUNCE,2003.09.22 02:00,NA,,188.120,BREAK,2003.09.13 00:00,0,,0,,0,,0,NA,Asia,UNTOUCHED,,NA,,185.180,BREAK,2003.09.16 14:00,0,,0,,0,,0,NA,NewYork,BOUNCE,2003.09.17 11:00,NA,,B-ZH-BR,B-ZD-BO,S-ZO-BR,B-ZF-BR,S-ZE-BO,S-ZO-BR,S-ZG-BO,S-ZO-BR,B-ZG-BR,S-ZD-BO,S-ZB-BR,S-ZO-BR,B-ZD-BO,S-ZD-BO,B-ZO-UN,S-ZG-BR,S-ZG-BR,S-ZF-BO,S-ZC-BR,S-ZC-BR
21,2003.09.17 00:00,GBPJPY,60,86400,SELL,ZB,1,189.040,187.900,1140.0,188.390,184.100,4290.0,376.316,57.02,490.0,269.0,188.390,187.900,183.610,BREAK,2003.09.23 10:00,0,,0,,0,,0,NA,London,BREAK,2003.10.07 17:00,BREAK,2003.10.07 18:00,189.530,UNTOUCHED,,0,,0,,0,,0,NA,Other,NA,,NA,,187.410,BREAK,2003.09.17 00:00,0,,0,,0,,0,NA,Asia,BREAK,2003.09.17 01:00,BREAK,2003.09.17 02:00,188.880,UNTOUCHED,,0,,0,,0,,0,NA,Other,NA,,NA,,B-ZF-UN,B-ZH-BR,B-ZD-BO,S-ZO-BR,B-ZF-BR,S-ZE-BO,S-ZO-BR,S-ZG-BO,S-ZO-BR,B-ZG-BR,S-ZO-BR,B-ZD-BO,S-ZD-BO,B-ZO-UN,S-ZG-BR,S-ZG-BR,S-ZF-BO,S-ZC-BR,S-ZC-BR,S-ZG-UN
22,2003.09.18 00:00,GBPJPY,60,86400,SELL,ZO,0,188.390,184.100,4290.0,187.450,184.090,3360.0,78.322,21.91,3350.0,1012.4,187.450,184.100,180.740,BREAK,2003.10.09 16:00,0,,0,,0,,0,NA,NewYork,UNTOUCHED,,NA,,191.740,UNTOUCHED,,0,,0,,0,,0,NA,Other,NA,,NA,,180.750,BREAK,2003.10.09 16:00,0,,0,,0,,0,NA,NewYork,UNTOUCHED,,NA,,190.800,UNTOUCHED,,0,,0,,0,,0,NA,Other,NA,,NA,,S-ZB-BR,B-ZF-UN,B-ZH-BR,B-ZD-BO,S-ZO-BR,B-ZF-BR,S-ZE-BO,S-ZO-BR,S-ZG-BO,S-ZO-BR,B-ZD-BO,S-ZD-BO,B-ZO-UN,S-ZG-BR,S-ZG-BR,S-ZF-BO,S-ZC-BR,S-ZC-BR,S-ZG-UN,B-ZB-BO
23,2003.09.26 00:00,GBPJPY,60,86400,BUY,ZD,1,185.520,183.950,1570.0,186.380,184.690,1690.0,107.643,47.13,830.0,370.5,185.520,184.690,187.210,BOUNCE,2003.11.03 11:00,1,2003.11.04 03:00,1,2003.11.04 06:00,0,,2,19h,London,NA,,NA,,183.120,BREAK,2003.10.07 17:00,0,,0,,0,,0,NA,NewYork,BREAK,2003.10.08 16:00,BOUNCE,2003.10.09 10:00,186.350,BOUNCE,2003.09.26 15:00,1,2003.09.29 10:00,1,2003.10.07 17:00,0,,2,1w 4d,NewYork,NA,,NA,,183.860,BOUNCE,2003.09.29 10:00,1,2003.10.24 09:00,1,2003.10.24 09:00,0,,2,3w 3d,London,NA,,NA,,S-ZO-BR,S-ZB-BR,B-ZF-UN,B-ZH-BR,B-ZD-BO,S-ZO-BR,B-ZF-BR,S-ZE-BO,S-ZO-BR,S-ZG-BO,S-ZD-BO,B-ZO-UN,S-ZG-BR,S-ZG-BR,S-ZF-BO,S-ZC-BR,S-ZC-BR,S-ZG-UN,B-ZB-BO,B-ZG-BO
24,2003.09.30 00:00,GBPJPY,60,86400,SELL,ZD,1,185.530,185.130,400.0,185.300,183.500,1800.0,450.000,57.50,170.0,94.4,185.300,185.130,183.330,BOUNCE,2003.10.01 15:00,1,2003.10.01 16:00,1,2003.10.02 01:00,1,2003.10.06 15:00,3,5d 0h,NewYork,NA,,NA,,185.700,BREAK,2003.09.30 02:00,0,,0,,0,,0,NA,Asia,BOUNCE,2003.09.30 03:00,NA,,184.960,BREAK,2003.09.30 00:00,0,,0,,0,,0,NA,Asia,BREAK,2003.09.30 01:00,BREAK,2003.09.30 10:00,185.470,BREAK,2003.09.30 02:00,0,,0,,0,,0,NA,Asia,BREAK,2003.09.30 03:00,BOUNCE,2003.09.30 17:00,B-ZD-BO,S-ZO-BR,S-ZB-BR,B-ZF-UN,B-ZH-BR,B-ZD-BO,S-ZO-BR,B-ZF-BR,S-ZE-BO,S-ZO-BR,B-ZO-UN,S-ZG-BR,S-ZG-BR,S-ZF-BO,S-ZC-BR,S-ZC-BR,S-ZG-UN,B-ZB-BO,B-ZG-BO,B-ZB-BO
25,2003.10.01 00:00,GBPJPY,60,86400,BUY,ZO,0,185.300,183.500,1800.0,186.340,183.940,2400.0,133.333,24.44,1360.0,424.8,185.300,183.940,187.700,UNTOUCHED,,0,,0,,0,,0,NA,Other,NA,,NA,,182.140,BREAK,2003.10.07 18:00,0,,0,,0,,0,NA,NewYork,BOUNCE,2003.10.09 19:00,NA,,186.660,BREAK,2003.10.31 19:00,0,,0,,0,,0,NA,NewYork,BREAK,2003.11.28 13:00,BOUNCE,2003.12.01 09:00,182.580,BREAK,2003.10.07 18:00,0,,0,,0,,0,NA,NewYork,BREAK,2003.10.09 16:00,BREAK,2003.10.13 11:00,S-ZD-BO,B-ZD-BO,S-ZO-BR,S-ZB-BR,B-ZF-UN,B-ZH-BR,B-ZD-BO,S-ZO-BR,B-ZF-BR,S-ZE-BO,S-ZG-BR,S-ZG-BR,S-ZF-BO,S-ZC-BR,S-ZC-BR,S-ZG-UN,B-ZB-BO,B-ZG-BO,B-ZB-BO,B-ZG-BR
26,2003.10.02 00:00,GBPJPY,60,86400,SELL,ZG,0,186.340,183.940,2400.0,185.490,183.240,2250.0,93.750,35.42,1550.0,566.4,185.490,183.940,181.690,BREAK,2003.10.08 17:00,0,,0,,0,,0,NA,NewYork,BREAK,2003.10.13 11:00,UNTOUCHED,,187.890,UNTOUCHED,,0,,0,,0,,0,NA,Other,NA,,NA,,182.390,BREAK,2003.10.07 18:00,0,,0,,0,,0,NA,NewYork,BREAK,2003.10.10 11:00,UNTOUCHED,,187.040,BOUNCE,2003.11.03 10:00,1,2003.11.07 20:00,1,2003.11.07 20:00,0,,2,4d 10h,London,NA,,NA,,B-ZO-UN,S-ZD-BO,B-ZD-BO,S-ZO-BR,S-ZB-BR,B-ZF-UN,B-ZH-BR,B-ZD-BO,S-ZO-BR,B-ZF-BR,S-ZG-BR,S-ZF-BO,S-ZC-BR,S-ZC-BR,S-ZG-UN,B-ZB-BO,B-ZG-BO,B-ZB-BO,B-ZG-BR,B-ZB-BO
27,2003.10.04 00:00,GBPJPY,60,86400,SELL,ZG,0,185.590,184.430,1160.0,185.450,183.950,1500.0,129.310,12.07,1020.0,273.8,185.450,184.430,182.930,BREAK,2003.10.07 17:00,0,,0,,0,,0,NA,NewYork,BREAK,2003.10.09 06:00,BOUNCE,2003.10.09 19:00,186.610,BREAK,2003.10.31 19:00,0,,0,,0,,0,NA,NewYork,BREAK,2003.11.28 05:00,BREAK,2003.12.01 02:00,183.410,BREAK,2003.10.07 17:00,0,,0,,0,,0,NA,NewYork,BREAK,2003.10.07 18:00,BREAK,2003.10.09 15:00,186.470,BOUNCE,2003.10.24 09:00,1,2003.10.27 16:00,1,2003.10.27 16:00,0,,2,3d 7h,London,NA,,NA,,S-ZG-BR,B-ZO-UN,S-ZD-BO,B-ZD-BO,S-ZO-BR,S-ZB-BR,B-ZF-UN,B-ZH-BR,B-ZD-BO,S-ZO-BR,S-ZF-BO,S-ZC-BR,S-ZC-BR,S-ZG-UN,B-ZB-BO,B-ZG-BO,B-ZB-BO,B-ZG-BR,B-ZB-BO,B-ZE-BR
28,2003.10.08 00:00,GBPJPY,60,86400,SELL,ZF,1,186.260,183.940,2320.0,186.110,181.960,4150.0,178.879,6.47,2170.0,547.5,186.110,183.940,179.790,BOUNCE,2003.10.13 11:00,1,2003.10.16 16:00,0,,0,,1,3d 5h,London,NA,,NA,,188.430,UNTOUCHED,,0,,0,,0,,0,NA,Other,NA,,NA,,181.770,BREAK,2003.10.08 17:00,0,,0,,0,,0,NA,NewYork,BOUNCE,2003.10.13 17:00,NA,,188.280,UNTOUCHED,,0,,0,,0,,0,NA,Other,NA,,NA,,S-ZG-BR,S-ZG-BR,B-ZO-UN,S-ZD-BO,B-ZD-BO,S-ZO-BR,S-ZB-BR,B-ZF-UN,B-ZH-BR,B-ZD-BO,S-ZC-BR,S-ZC-BR,S-ZG-UN,B-ZB-BO,B-ZG-BO,B-ZB-BO,B-ZG-BR,B-ZB-BO,B-ZE-BR,S-ZC-BO
29,2003.10.09 00:00,GBPJPY,60,86400,SELL,ZC,1,186.110,181.960,4150.0,182.990,181.640,1350.0,32.530,75.18,1030.0,979.4,182.990,181.960,180.610,BREAK,2003.10.10 10:00,0,,0,,0,,0,NA,London,BOUNCE,2003.10.13 12:00,NA,,187.140,BOUNCE,2003.11.03 11:00,1,2003.11.04 05:00,1,2003.11.10 18:00,1,2003.11.10 18:00,3,1w 0d,London,NA,,NA,,180.930,BOUNCE,2003.10.09 16:00,1,2003.10.16 10:00,1,2003.11.03 11:00,0,,2,3w 3d,NewYork,NA,,NA,,184.020,BOUNCE,2003.10.16 10:00,1,2003.11.10 18:00,1,2003.11.10 18:00,0,,2,3w 4d,London,NA,,NA,,S-ZF-BO,S-ZG-BR,S-ZG-BR,B-ZO-UN,S-ZD-BO,B-ZD-BO,S-ZO-BR,S-ZB-BR,B-ZF-UN,B-ZH-BR,S-ZC-BR,S-ZG-UN,B-ZB-BO,B-ZG-BO,B-ZB-BO,B-ZG-BR,B-ZB-BO,B-ZE-BR,S-ZC-BO,B-ZG-BR
30,2003.10.10 00:00,GBPJPY,60,86400,SELL,ZC,1,182.990,181.640,1350.0,182.350,180.720,1630.0,120.741,47.41,710.0,318.6,182.350,181.640,180.010,BREAK,2003.10.13 10:00,0,,0,,0,,0,NA,London,UNTOUCHED,,NA,,183.700,BREAK,2003.10.16 10:00,0,,0,,0,,0,NA,London,BREAK,2003.10.20 14:00,BOUNCE,2003.10.20 18:00,180.930,BOUNCE,2003.10.10 09:00,1,2003.10.14 14:00,1,2003.10.16 10:00,0,,2,6d 1h,London,NA,,NA,,183.060,BOUNCE,2003.10.14 14:00,1,2003.11.10 18:00,1,2003.11.10 18:00,0,,2,3w 6d,NewYork,NA,,NA,,S-ZC-BR,S-ZF-BO,S-ZG-BR,S-ZG-BR,B-ZO-UN,S-ZD-BO,B-ZD-BO,S-ZO-BR,S-ZB-BR,B-ZF-UN,S-ZG-UN,B-ZB-BO,B-ZG-BO,B-ZB-BO,B-ZG-BR,B-ZB-BO,B-ZE-BR,S-ZC-BO,B-ZG-BR,B-ZB-BR
31,2003.10.11 00:00,GBPJPY,60,86400,SELL,ZG,0,182.350,180.720,1630.0,182.000,180.080,1920.0,117.791,21.47,1280.0,384.7,182.000,180.720,178.800,UNTOUCHED,,0,,0,,0,,0,NA,Other,NA,,NA,,183.630,BREAK,2003.10.16 10:00,0,,0,,0,,0,NA,London,BOUNCE,2003.10.21 03:00,NA,,179.440,BOUNCE,2003.10.13 11:00,1,2003.10.16 09:00,1,2003.10.16 10:00,0,,2,2d 23h,London,NA,,NA,,183.280,BREAK,2003.10.16 09:00,0,,0,,0,,0,NA,London,BREAK,2003.10.20 14:00,BREAK,2003.10.24 08:00,S-ZC-BR,S-ZC-BR,S-ZF-BO,S-ZG-BR,S-ZG-BR,B-ZO-UN,S-ZD-BO,B-ZD-BO,S-ZO-BR,S-ZB-BR,B-ZB-BO,B-ZG-BO,B-ZB-BO,B-ZG-BR,B-ZB-BO,B-ZE-BR,S-ZC-BO,B-ZG-BR,B-ZB-BR,S-ZE-BR
32,2003.10.15 00:00,GBPJPY,60,86400,BUY,ZB,1,181.820,179.360,2460.0,183.160,180.900,2260.0,91.870,62.60,920.0,580.6,181.820,180.900,184.080,BOUNCE,2003.10.16 16:00,1,2003.11.07 21:00,0,,0,,1,3w 1d,NewYork,NA,,NA,,178.440,UNTOUCHED,,0,,0,,0,,0,NA,Other,NA,,NA,,182.740,BREAK,2003.10.15 10:00,0,,0,,0,,0,NA,London,BOUNCE,2003.10.20 01:00,NA,,179.980,UNTOUCHED,,0,,0,,0,,0,NA,Other,NA,,NA,,S-ZG-UN,S-ZC-BR,S-ZC-BR,S-ZF-BO,S-ZG-BR,S-ZG-BR,B-ZO-UN,S-ZD-BO,B-ZD-BO,S-ZO-BR,B-ZG-BO,B-ZB-BO,B-ZG-BR,B-ZB-BO,B-ZE-BR,S-ZC-BO,B-ZG-BR,B-ZB-BR,S-ZE-BR,S-ZB-BO
33,2003.10.16 00:00,GBPJPY,60,86400,BUY,ZG,0,183.160,180.900,2260.0,183.250,181.750,1500.0,66.372,37.61,1410.0,533.4,183.160,181.750,184.660,BOUNCE,2003.10.20 14:00,1,2003.11.10 13:00,0,,0,,1,2w 6d,NewYork,NA,,NA,,179.490,UNTOUCHED,,0,,0,,0,,0,NA,Other,NA,,NA,,184.570,BREAK,2003.10.20 14:00,0,,0,,0,,0,NA,NewYork,BREAK,2003.10.24 09:00,BREAK,2003.11.28 05:00,180.340,UNTOUCHED,,0,,0,,0,,0,NA,Other,NA,,NA,,B-ZB-BO,S-ZG-UN,S-ZC-BR,S-ZC-BR,S-ZF-BO,S-ZG-BR,S-ZG-BR,B-ZO-UN,S-ZD-BO,B-ZD-BO,B-ZB-BO,B-ZG-BR,B-ZB-BO,B-ZE-BR,S-ZC-BO,B-ZG-BR,B-ZB-BR,S-ZE-BR,S-ZB-BO,B-ZG-BR
34,2003.10.17 00:00,GBPJPY,60,86400,BUY,ZB,1,183.250,181.750,1500.0,184.180,182.520,1660.0,110.667,51.33,730.0,354.0,183.250,182.520,184.910,BOUNCE,2003.10.20 14:00,1,2003.10.21 03:00,1,2003.11.10 13:00,1,2003.11.10 18:00,3,3w 0d,NewYork,NA,,NA,,181.020,BREAK,2003.11.10 18:00,0,,0,,0,,0,NA,NewYork,UNTOUCHED,,NA,,183.980,BOUNCE,2003.10.17 00:00,1,2003.11.10 13:00,1,2003.11.10 18:00,0,,2,3w 3d,Asia,NA,,NA,,181.790,BREAK,2003.11.10 13:00,0,,0,,0,,0,NA,NewYork,BREAK,2003.11.10 18:00,UNTOUCHED,,B-ZG-BO,B-ZB-BO,S-ZG-UN,S-ZC-BR,S-ZC-BR,S-ZF-BO,S-ZG-BR,S-ZG-BR,B-ZO-UN,S-ZD-BO,B-ZG-BR,B-ZB-BO,B-ZE-BR,S-ZC-BO,B-ZG-BR,B-ZB-BR,S-ZE-BR,S-ZB-BO,B-ZG-BR,B-ZG-BR
35,2003.10.23 00:00,GBPJPY,60,86400,BUY,ZG,0,184.530,183.090,1440.0,184.680,183.230,1450.0,100.694,9.72,1300.0,339.8,184.530,183.230,185.980,BREAK,2003.10.23 09:00,0,,0,,0,,0,NA,London,BOUNCE,2003.11.04 00:00,NA,,181.790,BREAK,2003.11.10 13:00,0,,0,,0,,0,NA,NewYork,BOUNCE,2003.11.11 00:00,NA,,185.830,BREAK,2003.10.23 09:00,0,,0,,0,,0,NA,London,BOUNCE,2003.11.04 01:00,NA,,181.930,BREAK,2003.11.10 13:00,0,,0,,0,,0,NA,NewYork,BOUNCE,2003.11.11 00:00,NA,,B-ZB-BO,B-ZG-BO,B-ZB-BO,S-ZG-UN,S-ZC-BR,S-ZC-BR,S-ZF-BO,S-ZG-BR,S-ZG-BR,B-ZO-UN,B-ZB-BO,B-ZE-BR,S-ZC-BO,B-ZG-BR,B-ZB-BR,S-ZE-BR,S-ZB-BO,B-ZG-BR,B-ZG-BR,B-ZC-BO
36,2003.10.24 00:00,GBPJPY,60,86400,BUY,ZB,1,184.680,183.230,1450.0,186.180,184.210,1970.0,135.862,67.59,470.0,342.2,184.680,184.210,186.650,BOUNCE,2003.10.31 19:00,1,2003.11.04 02:00,1,2003.11.04 06:00,1,2003.11.07 16:00,3,6d 21h,NewYork,NA,,NA,,182.760,BOUNCE,2003.11.07 16:00,1,2003.11.17 03:00,1,2003.11.17 09:00,1,2003.11.25 14:00,3,2w 3d,NewYork,NA,,NA,,185.150,BREAK,2003.10.24 00:00,0,,0,,0,,0,NA,Asia,BREAK,2003.10.24 01:00,BREAK,2003.10.24 09:00,183.740,BOUNCE,2003.10.27 08:00,1,2003.10.31 17:00,1,2003.10.31 17:00,0,,2,4d 9h,London,NA,,NA,,B-ZG-BR,B-ZB-BO,B-ZG-BO,B-ZB-BO,S-ZG-UN,S-ZC-BR,S-ZC-BR,S-ZF-BO,S-ZG-BR,S-ZG-BR,B-ZE-BR,S-ZC-BO,B-ZG-BR,B-ZB-BR,S-ZE-BR,S-ZB-BO,B-ZG-BR,B-ZG-BR,B-ZC-BO,B-ZC-BO
37,2003.10.25 00:00,GBPJPY,60,86400,BUY,ZE,1,186.180,184.210,1970.0,186.520,184.970,1550.0,78.680,38.58,1210.0,464.9,186.180,184.970,187.730,BREAK,2003.11.28 04:00,0,,0,,0,,0,NA,Asia,BREAK,2003.12.01 02:00,BREAK,2003.12.18 17:00,183.000,BOUNCE,2003.10.28 14:00,1,2003.10.31 18:00,1,2003.11.28 02:00,1,2003.11.28 04:00,3,4w 2d,NewYork,NA,,NA,,187.390,BREAK,2003.11.28 02:00,0,,0,,0,,0,NA,Asia,BREAK,2003.12.01 02:00,BREAK,2003.12.18 10:00,183.760,BREAK,2003.10.27 08:00,0,,0,,0,,0,NA,London,BREAK,2003.11.10 12:00,BREAK,2003.11.10 18:00,B-ZB-BO,B-ZG-BR,B-ZB-BO,B-ZG-BO,B-ZB-BO,S-ZG-UN,S-ZC-BR,S-ZC-BR,S-ZF-BO,S-ZG-BR,S-ZC-BO,B-ZG-BR,B-ZB-BR,S-ZE-BR,S-ZB-BO,B-ZG-BR,B-ZG-BR,B-ZC-BO,B-ZC-BO,B-ZO-BR
38,2003.10.29 00:00,GBPJPY,60,86400,SELL,ZC,1,184.950,183.400,1550.0,184.220,182.900,1320.0,85.161,47.10,820.0,365.8,184.220,183.400,182.080,BOUNCE,2003.11.10 12:00,1,2003.11.17 03:00,1,2003.11.17 08:00,1,2003.11.20 13:00,3,1w 3d,London,NA,,NA,,185.770,BREAK,2003.10.31 18:00,0,,0,,0,,0,NA,NewYork,BREAK,2003.10.31 20:00,BREAK,2003.11.28 04:00,182.580,BREAK,2003.11.07 20:00,0,,0,,0,,0,NA,NewYork,BREAK,2003.11.10 17:00,BREAK,2003.11.10 18:00,185.040,BREAK,2003.10.31 07:00,0,,0,,0,,0,NA,London,BREAK,2003.10.31 19:00,BREAK,2003.11.03 10:00,B-ZE-BR,B-ZB-BO,B-ZG-BR,B-ZB-BO,B-ZG-BO,B-ZB-BO,S-ZG-UN,S-ZC-BR,S-ZC-BR,S-ZF-BO,B-ZG-BR,B-ZB-BR,S-ZE-BR,S-ZB-BO,B-ZG-BR,B-ZG-BR,B-ZC-BO,B-ZC-BO,B-ZO-BR,B-ZE-BR
39,2003.10.30 00:00,GBPJPY,60,86400,BUY,ZG,0,184.220,182.900,1320.0,184.370,183.400,970.0,73.485,37.88,820.0,311.5,184.220,183.400,185.190,BREAK,2003.10.31 17:00,0,,0,,0,,0,NA,NewYork,BREAK,2003.10.31 19:00,BOUNCE,2003.11.03 02:00,182.080,BOUNCE,2003.11.10 12:00,1,2003.11.17 03:00,1,2003.11.17 08:00,1,2003.11.19 17:00,3,1w 2d,London,NA,,NA,,185.040,BREAK,2003.10.31 07:00,0,,0,,0,,0,NA,London,BREAK,2003.10.31 18:00,BREAK,2003.10.31 20:00,182.580,BREAK,2003.11.07 20:00,0,,0,,0,,0,NA,NewYork,BREAK,2003.11.10 14:00,BREAK,2003.11.10 18:00,S-ZC-BO,B-ZE-BR,B-ZB-BO,B-ZG-BR,B-ZB-BO,B-ZG-BO,B-ZB-BO,S-ZG-UN,S-ZC-BR,S-ZC-BR,B-ZB-BR,S-ZE-BR,S-ZB-BO,B-ZG-BR,B-ZG-BR,B-ZC-BO,B-ZC-BO,B-ZO-BR,B-ZE-BR,B-ZB-BR
40,2003.11.01 00:00,GBPJPY,60,86400,BUY,ZB,1,184.780,183.250,1530.0,187.030,184.080,2950.0,192.810,54.25,700.0,361.1,184.780,184.080,187.730,BREAK,2003.11.28 04:00,0,,0,,0,,0,NA,Asia,BREAK,2003.11.29 00:00,BREAK,2003.12.01 03:00,182.550,BREAK,2003.11.07 20:00,0,,0,,0,,0,NA,NewYork,BREAK,2003.11.10 13:00,BREAK,2003.11.10 18:00,185.480,BREAK,2003.11.01 00:00,0,,0,,0,,0,NA,Asia,BREAK,2003.11.01 01:00,BREAK,2003.11.03 12:00,183.380,BREAK,2003.11.07 11:00,0,,0,,0,,0,NA,London,BOUNCE,2003.11.07 17:00,NA,,B-ZG-BR,S-ZC-BO,B-ZE-BR,B-ZB-BO,B-ZG-BR,B-ZB-BO,B-ZG-BO,B-ZB-BO,S-ZG-UN,S-ZC-BR,S-ZE-BR,S-ZB-BO,B-ZG-BR,B-ZG-BR,B-ZC-BO,B-ZC-BO,B-ZO-BR,B-ZE-BR,B-ZB-BR,B-ZB-BR
41,2003.11.06 00:00,GBPJPY,60,86400,SELL,ZE,1,186.340,183.510,2830.0,185.170,183.410,1760.0,62.191,41.34,1660.0,667.9,185.170,183.510,181.750,BREAK,2003.11.10 13:00,0,,0,,0,,0,NA,NewYork,UNTOUCHED,,NA,,188.000,BREAK,2003.11.28 05:00,0,,0,,0,,0,NA,Asia,BOUNCE,2003.12.01 09:00,NA,,181.850,BREAK,2003.11.10 13:00,0,,0,,0,,0,NA,NewYork,UNTOUCHED,,NA,,186.830,BREAK,2003.11.25 16:00,0,,0,,0,,0,NA,NewYork,BREAK,2003.12.01 02:00,BREAK,2003.12.18 18:00,B-ZB-BR,B-ZG-BR,S-ZC-BO,B-ZE-BR,B-ZB-BO,B-ZG-BR,B-ZB-BO,B-ZG-BO,B-ZB-BO,S-ZG-UN,S-ZB-BO,B-ZG-BR,B-ZG-BR,B-ZC-BO,B-ZC-BO,B-ZO-BR,B-ZE-BR,B-ZB-BR,B-ZB-BR,S-ZD-BR
42,2003.11.08 00:00,GBPJPY,60,86400,SELL,ZB,1,184.670,183.450,1220.0,184.110,182.180,1930.0,158.197,45.90,660.0,287.9,184.110,183.450,181.520,BOUNCE,2003.11.10 13:00,1,2003.11.13 17:00,1,2003.11.17 05:00,1,2003.11.19 17:00,3,1w 2d,NewYork,NA,,NA,,185.330,BREAK,2003.11.19 17:00,0,,0,,0,,0,NA,NewYork,BOUNCE,2003.11.21 07:00,NA,,182.790,BREAK,2003.11.10 11:00,0,,0,,0,,0,NA,London,BREAK,2003.11.10 13:00,BREAK,2003.11.10 18:00,184.770,BREAK,2003.11.17 05:00,0,,0,,0,,0,NA,Asia,BREAK,2003.11.19 23:00,BOUNCE,2003.11.21 07:00,S-ZE-BR,B-ZB-BR,B-ZG-BR,S-ZC-BO,B-ZE-BR,B-ZB-BO,B-ZG-BR,B-ZB-BO,B-ZG-BO,B-ZB-BO,B-ZG-BR,B-ZG-BR,B-ZC-BO,B-ZC-BO,B-ZO-BR,B-ZE-BR,B-ZB-BR,B-ZB-BR,S-ZD-BR,S-ZB-BO
43,2003.11.13 00:00,GBPJPY,60,86400,BUY,ZG,0,182.170,180.750,1420.0,182.770,180.860,1910.0,134.507,7.75,1310.0,335.1,182.170,180.860,184.080,BREAK,2003.11.17 04:00,0,,0,,0,,0,NA,Asia,BREAK,2003.11.19 23:00,BREAK,2003.11.27 12:00,179.440,UNTOUCHED,,0,,0,,0,,0,NA,Other,NA,,NA,,183.480,BREAK,2003.11.17 03:00,0,,0,,0,,0,NA,Asia,BREAK,2003.11.17 09:00,BOUNCE,2003.11.24 13:00,179.550,UNTOUCHED,,0,,0,,0,,0,NA,Other,NA,,NA,,S-ZB-BO,S-ZE-BR,B-ZB-BR,B-ZG-BR,S-ZC-BO,B-ZE-BR,B-ZB-BO,B-ZG-BR,B-ZB-BO,B-ZG-BO,B-ZG-BR,B-ZC-BO,B-ZC-BO,B-ZO-BR,B-ZE-BR,B-ZB-BR,B-ZB-BR,S-ZD-BR,S-ZB-BO,S-ZC-UN
44,2003.11.14 00:00,GBPJPY,60,86400,BUY,ZG,0,182.770,180.860,1910.0,182.940,181.430,1510.0,79.058,29.84,1340.0,450.8,182.770,181.430,184.280,BREAK,2003.11.17 04:00,0,,0,,0,,0,NA,Asia,BREAK,2003.11.21 03:00,BREAK,2003.11.28 02:00,179.520,UNTOUCHED,,0,,0,,0,,0,NA,Other,NA,,NA,,184.110,BREAK,2003.11.17 04:00,0,,0,,0,,0,NA,Asia,BREAK,2003.11.20 14:00,BREAK,2003.11.27 13:00,180.090,UNTOUCHED,,0,,0,,0,,0,NA,Other,NA,,NA,,B-ZG-BR,S-ZB-BO,S-ZE-BR,B-ZB-BR,B-ZG-BR,S-ZC-BO,B-ZE-BR,B-ZB-BO,B-ZG-BR,B-ZB-BO,B-ZC-BO,B-ZC-BO,B-ZO-BR,B-ZE-BR,B-ZB-BR,B-ZB-BR,S-ZD-BR,S-ZB-BO,S-ZC-UN,S-ZG-UN
45,2003.11.15 00:00,GBPJPY,60,86400,BUY,ZC,1,182.940,181.430,1510.0,183.070,182.110,960.0,63.576,45.03,830.0,356.4,182.940,182.110,183.900,BOUNCE,2003.11.17 03:00,0,,0,,0,,0,NA,Asia,NA,,NA,,180.600,UNTOUCHED,,0,,0,,0,,0,NA,Other,NA,,NA,,183.770,BREAK,2003.11.17 03:00,0,,0,,0,,0,NA,Asia,BREAK,2003.11.17 06:00,BREAK,2003.11.20 13:00,181.280,UNTOUCHED,,0,,0,,0,,0,NA,Other,NA,,NA,,B-ZG-BR,B-ZG-BR,S-ZB-BO,S-ZE-BR,B-ZB-BR,B-ZG-BR,S-ZC-BO,B-ZE-BR,B-ZB-BO,B-ZG-BR,B-ZC-BO,B-ZO-BR,B-ZE-BR,B-ZB-BR,B-ZB-BR,S-ZD-BR,S-ZB-BO,S-ZC-UN,S-ZG-UN,B-ZF-BR
46,2003.11.21 00:00,GBPJPY,60,86400,BUY,ZC,1,185.760,182.810,2950.0,185.950,184.800,1150.0,38.983,67.46,960.0,696.2,185.760,184.800,186.910,BOUNCE,2003.11.25 16:00,0,,0,,0,,0,NA,NewYork,NA,,NA,,181.850,UNTOUCHED,,0,,0,,0,,0,NA,Other,NA,,NA,,186.720,BOUNCE,2003.11.25 14:00,0,,0,,0,,0,NA,NewYork,NA,,NA,,183.840,UNTOUCHED,,0,,0,,0,,0,NA,Other,NA,,NA,,B-ZC-BO,B-ZG-BR,B-ZG-BR,S-ZB-BO,S-ZE-BR,B-ZB-BR,B-ZG-BR,S-ZC-BO,B-ZE-BR,B-ZB-BO,B-ZO-BR,B-ZE-BR,B-ZB-BR,B-ZB-BR,S-ZD-BR,S-ZB-BO,S-ZC-UN,S-ZG-UN,B-ZF-BR,B-ZD-BO
47,2003.11.22 00:00,GBPJPY,60,86400,BUY,ZO,0,185.950,184.800,1150.0,186.170,184.910,1260.0,109.565,9.57,1040.0,271.4,185.950,184.910,187.210,BREAK,2003.11.27 13:00,0,,0,,0,,0,NA,NewYork,BREAK,2003.11.28 13:00,BREAK,2003.12.01 03:00,183.760,UNTOUCHED,,0,,0,,0,,0,NA,Other,NA,,NA,,186.990,BREAK,2003.11.27 12:00,0,,0,,0,,0,NA,London,BREAK,2003.11.28 13:00,BREAK,2003.12.01 02:00,183.870,UNTOUCHED,,0,,0,,0,,0,NA,Other,NA,,NA,,B-ZC-BO,B-ZC-BO,B-ZG-BR,B-ZG-BR,S-ZB-BO,S-ZE-BR,B-ZB-BR,B-ZG-BR,S-ZC-BO,B-ZE-BR,B-ZE-BR,B-ZB-BR,B-ZB-BR,S-ZD-BR,S-ZB-BO,S-ZC-UN,S-ZG-UN,B-ZF-BR,B-ZD-BO,S-ZG-UN
48,2003.11.26 00:00,GBPJPY,60,86400,BUY,ZE,1,185.940,184.560,1380.0,186.930,185.290,1640.0,118.841,52.90,650.0,325.7,185.940,185.290,187.580,BREAK,2003.11.28 03:00,0,,0,,0,,0,NA,Asia,BREAK,2003.11.28 13:00,BREAK,2003.12.01 02:00,183.910,UNTOUCHED,,0,,0,,0,,0,NA,Other,NA,,NA,,186.590,BREAK,2003.11.26 19:00,0,,0,,0,,0,NA,NewYork,BREAK,2003.11.28 03:00,BREAK,2003.11.28 13:00,184.640,UNTOUCHED,,0,,0,,0,,0,NA,Other,NA,,NA,,B-ZO-BR,B-ZC-BO,B-ZC-BO,B-ZG-BR,B-ZG-BR,S-ZB-BO,S-ZE-BR,B-ZB-BR,B-ZG-BR,S-ZC-BO,B-ZB-BR,B-ZB-BR,S-ZD-BR,S-ZB-BO,S-ZC-UN,S-ZG-UN,B-ZF-BR,B-ZD-BO,S-ZG-UN,B-ZG-BR
49,2003.11.28 00:00,GBPJPY,60,86400,BUY,ZB,1,186.930,185.480,1450.0,187.390,186.210,1180.0,81.379,50.34,720.0,342.2,186.930,186.210,188.110,BREAK,2003.11.28 13:00,0,,0,,0,,0,NA,NewYork,BREAK,2003.12.01 02:00,BOUNCE,2003.12.01 08:00,184.760,UNTOUCHED,,0,,0,,0,,0,NA,Other,NA,,NA,,187.650,BREAK,2003.11.28 04:00,0,,0,,0,,0,NA,Asia,BREAK,2003.11.28 13:00,BREAK,2003.12.01 03:00,185.490,UNTOUCHED,,0,,0,,0,,0,NA,Other,NA,,NA,,B-ZE-BR,B-ZO-BR,B-ZC-BO,B-ZC-BO,B-ZG-BR,B-ZG-BR,S-ZB-BO,S-ZE-BR,B-ZB-BR,B-ZG-BR,B-ZB-BR,S-ZD-BR,S-ZB-BO,S-ZC-UN,S-ZG-UN,B-ZF-BR,B-ZD-BO,S-ZG-UN,B-ZG-BR,B-ZF-BO
50,2003.11.29 00:00,GBPJPY,60,86400,BUY,ZB,1,187.390,186.210,1180.0,188.760,186.900,1860.0,157.627,58.47,490.0,278.5,187.390,186.900,189.250,BREAK,2003.12.01 02:00,0,,0,,0,,0,NA,Asia,BREAK,2003.12.17 21:00,BOUNCE,2003.12.18 11:00,185.720,BOUNCE,2003.12.08 17:00,1,2003.12.09 12:00,1,2003.12.10 10:00,1,2003.12.10 19:00,3,2d 2h,NewYork,NA,,NA,,187.880,BREAK,2003.11.29 00:00,0,,0,,0,,0,NA,Asia,BREAK,2003.11.29 01:00,BREAK,2003.12.01 02:00,186.410,BOUNCE,2003.12.04 04:00,1,2003.12.10 10:00,1,2003.12.10 10:00,0,,2,6d 6h,Asia,NA,,NA,,B-ZB-BR,B-ZE-BR,B-ZO-BR,B-ZC-BO,B-ZC-BO,B-ZG-BR,B-ZG-BR,S-ZB-BO,S-ZE-BR,B-ZB-BR,S-ZD-BR,S-ZB-BO,S-ZC-UN,S-ZG-UN,B-ZF-BR,B-ZD-BO,S-ZG-UN,B-ZG-BR,B-ZF-BO,B-ZB-BO
51,2003.12.03 00:00,GBPJPY,60,86400,SELL,ZD,1,189.700,187.930,1770.0,188.960,187.530,1430.0,80.791,41.81,1030.0,417.7,188.960,187.930,186.500,BREAK,2003.12.03 20:00,0,,0,,0,,0,NA,NewYork,UNTOUCHED,,NA,,190.730,BOUNCE,2003.12.18 18:00,0,,0,,0,,0,NA,NewYork,NA,,NA,,186.900,BREAK,2003.12.03 17:00,0,,0,,0,,0,NA,NewYork,BOUNCE,2003.12.09 15:00,NA,,189.990,BREAK,2003.12.17 21:00,0,,0,,0,,0,NA,Other,BOUNCE,2003.12.19 15:00,NA,,B-ZB-BR,B-ZB-BR,B-ZE-BR,B-ZO-BR,B-ZC-BO,B-ZC-BO,B-ZG-BR,B-ZG-BR,S-ZB-BO,S-ZE-BR,S-ZB-BO,S-ZC-UN,S-ZG-UN,B-ZF-BR,B-ZD-BO,S-ZG-UN,B-ZG-BR,B-ZF-BO,B-ZB-BO,S-ZH-UN
52,2003.12.04 00:00,GBPJPY,60,86400,SELL,ZB,1,188.960,187.530,1430.0,188.300,186.420,1880.0,131.469,46.15,770.0,337.5,188.300,187.530,185.650,BOUNCE,2003.12.08 18:00,1,2003.12.09 15:00,1,2003.12.10 10:00,1,2003.12.17 21:00,3,1w 2d,NewYork,NA,,NA,,189.730,BREAK,2003.12.17 21:00,0,,0,,0,,0,NA,Other,BREAK,2003.12.18 18:00,BREAK,2003.12.31 16:00,186.760,BREAK,2003.12.04 03:00,0,,0,,0,,0,NA,Asia,BOUNCE,2003.12.05 09:00,NA,,189.070,BOUNCE,2003.12.10 10:00,0,,0,,0,,0,NA,London,NA,,NA,,S-ZD-BR,B-ZB-BR,B-ZB-BR,B-ZE-BR,B-ZO-BR,B-ZC-BO,B-ZC-BO,B-ZG-BR,B-ZG-BR,S-ZB-BO,S-ZC-UN,S-ZG-UN,B-ZF-BR,B-ZD-BO,S-ZG-UN,B-ZG-BR,B-ZF-BO,B-ZB-BO,S-ZH-UN,B-ZF-BR
53,2003.12.05 00:00,GBPJPY,60,86400,SELL,ZC,1,188.300,186.420,1880.0,187.270,185.870,1400.0,74.468,54.79,850.0,443.7,187.270,186.420,185.020,UNTOUCHED,,0,,0,,0,,0,NA,Other,NA,,NA,,189.150,BOUNCE,2003.12.10 10:00,0,,0,,0,,0,NA,London,NA,,NA,,185.570,BOUNCE,2003.12.08 18:00,1,2003.12.10 10:00,1,2003.12.10 10:00,0,,2,1d 16h,NewYork,NA,,NA,,188.120,BREAK,2003.12.10 10:00,0,,0,,0,,0,NA,London,BOUNCE,2003.12.10 12:00,NA,,S-ZB-BO,S-ZD-BR,B-ZB-BR,B-ZB-BR,B-ZE-BR,B-ZO-BR,B-ZC-BO,B-ZC-BO,B-ZG-BR,B-ZG-BR,S-ZG-UN,B-ZF-BR,B-ZD-BO,S-ZG-UN,B-ZG-BR,B-ZF-BO,B-ZB-BO,S-ZH-UN,B-ZF-BR,S-ZO-UN
54,2003.12.06 00:00,GBPJPY,60,86400,SELL,ZG,0,187.270,185.870,1400.0,186.880,185.860,1020.0,72.857,27.86,1010.0,330.4,186.880,185.870,184.850,UNTOUCHED,,0,,0,,0,,0,NA,Other,NA,,NA,,188.280,BREAK,2003.12.10 10:00,0,,0,,0,,0,NA,London,BOUNCE,2003.12.11 04:00,NA,,184.860,UNTOUCHED,,0,,0,,0,,0,NA,Other,NA,,NA,,187.890,BREAK,2003.12.10 10:00,0,,0,,0,,0,NA,London,BREAK,2003.12.10 19:00,BREAK,2003.12.18 10:00,S-ZC-UN,S-ZB-BO,S-ZD-BR,B-ZB-BR,B-ZB-BR,B-ZE-BR,B-ZO-BR,B-ZC-BO,B-ZC-BO,B-ZG-BR,B-ZF-BR,B-ZD-BO,S-ZG-UN,B-ZG-BR,B-ZF-BO,B-ZB-BO,S-ZH-UN,B-ZF-BR,S-ZO-UN,S-ZD-UN
55,2003.12.10 00:00,GBPJPY,60,86400,BUY,ZF,0,186.840,185.550,1290.0,187.330,185.840,1490.0,115.504,22.48,1000.0,304.4,186.840,185.840,188.330,BREAK,2003.12.10 10:00,0,,0,,0,,0,NA,London,BOUNCE,2003.12.11 04:00,NA,,184.550,UNTOUCHED,,0,,0,,0,,0,NA,Other,NA,,NA,,187.840,BREAK,2003.12.10 10:00,0,,0,,0,,0,NA,London,BREAK,2003.12.10 11:00,BREAK,2003.12.17 21:00,184.840,UNTOUCHED,,0,,0,,0,,0,NA,Other,NA,,NA,,S-ZG-UN,S-ZC-UN,S-ZB-BO,S-ZD-BR,B-ZB-BR,B-ZB-BR,B-ZE-BR,B-ZO-BR,B-ZC-BO,B-ZC-BO,B-ZD-BO,S-ZG-UN,B-ZG-BR,B-ZF-BO,B-ZB-BO,S-ZH-UN,B-ZF-BR,S-ZO-UN,S-ZD-UN,B-ZG-BR
56,2003.12.11 00:00,GBPJPY,60,86400,BUY,ZD,1,187.330,185.840,1490.0,189.370,186.780,2590.0,173.826,63.09,550.0,351.6,187.330,186.780,189.920,BOUNCE,2003.12.17 21:00,0,,0,,0,,0,NA,Other,NA,,NA,,185.290,UNTOUCHED,,0,,0,,0,,0,NA,Other,NA,,NA,,187.880,BREAK,2003.12.11 00:00,0,,0,,0,,0,NA,Asia,BREAK,2003.12.11 01:00,BOUNCE,2003.12.11 17:00,186.230,UNTOUCHED,,0,,0,,0,,0,NA,Other,NA,,NA,,B-ZF-BR,S-ZG-UN,S-ZC-UN,S-ZB-BO,S-ZD-BR,B-ZB-BR,B-ZB-BR,B-ZE-BR,B-ZO-BR,B-ZC-BO,S-ZG-UN,B-ZG-BR,B-ZF-BO,B-ZB-BO,S-ZH-UN,B-ZF-BR,S-ZO-UN,S-ZD-UN,B-ZG-BR,B-ZF-BO
57,2003.12.13 00:00,GBPJPY,60,86400,SELL,ZG,0,189.090,188.070,1020.0,189.000,187.780,1220.0,119.608,8.82,930.0,240.7,189.000,188.070,186.850,UNTOUCHED,,0,,0,,0,,0,NA,Other,NA,,NA,,190.020,BREAK,2003.12.17 21:00,0,,0,,0,,0,NA,Other,BOUNCE,2003.12.19 15:00,NA,,187.140,UNTOUCHED,,0,,0,,0,,0,NA,Other,NA,,NA,,189.930,BREAK,2003.12.17 21:00,0,,0,,0,,0,NA,Other,BOUNCE,2003.12.19 15:00,NA,,B-ZD-BO,B-ZF-BR,S-ZG-UN,S-ZC-UN,S-ZB-BO,S-ZD-BR,B-ZB-BR,B-ZB-BR,B-ZE-BR,B-ZO-BR,B-ZG-BR,B-ZF-BO,B-ZB-BO,S-ZH-UN,B-ZF-BR,S-ZO-UN,S-ZD-UN,B-ZG-BR,B-ZF-BO,B-ZF-BR
58,2003.12.17 00:00,GBPJPY,60,86400,BUY,ZG,0,188.600,187.520,1080.0,188.860,187.690,1170.0,108.333,15.74,910.0,254.9,188.600,187.690,189.770,BREAK,2003.12.17 21:00,0,,0,,0,,0,NA,Other,BREAK,2003.12.18 19:00,BREAK,2003.12.31 16:00,186.610,UNTOUCHED,,0,,0,,0,,0,NA,Other,NA,,NA,,189.510,BREAK,2003.12.17 20:00,0,,0,,0,,0,NA,NewYork,BREAK,2003.12.18 18:00,BREAK,2003.12.31 16:00,186.780,UNTOUCHED,,0,,0,,0,,0,NA,Other,NA,,NA,,S-ZG-UN,B-ZD-BO,B-ZF-BR,S-ZG-UN,S-ZC-UN,S-ZB-BO,S-ZD-BR,B-ZB-BR,B-ZB-BR,B-ZE-BR,B-ZF-BO,B-ZB-BO,S-ZH-UN,B-ZF-BR,S-ZO-UN,S-ZD-UN,B-ZG-BR,B-ZF-BO,B-ZF-BR,S-ZD-BR
59,2003.12.18 00:00,GBPJPY,60,86400,BUY,ZF,1,188.860,187.690,1170.0,190.170,188.010,2160.0,184.615,27.35,850.0,276.1,188.860,188.010,191.020,BOUNCE,2003.12.18 19:00,1,2003.12.22 12:00,0,,0,,1,3d 17h,NewYork,NA,,NA,,186.840,UNTOUCHED,,0,,0,,0,,0,NA,Other,NA,,NA,,189.710,BREAK,2003.12.18 00:00,0,,0,,0,,0,NA,Asia,BREAK,2003.12.18 18:00,BREAK,2003.12.31 16:00,187.160,UNTOUCHED,,0,,0,,0,,0,NA,Other,NA,,NA,,B-ZG-BR,S-ZG-UN,B-ZD-BO,B-ZF-BR,S-ZG-UN,S-ZC-UN,S-ZB-BO,S-ZD-BR,B-ZB-BR,B-ZB-BR,B-ZB-BO,S-ZH-UN,B-ZF-BR,S-ZO-UN,S-ZD-UN,B-ZG-BR,B-ZF-BO,B-ZF-BR,S-ZD-BR,S-ZB-BR
60,2003.12.19 00:00,GBPJPY,60,86400,BUY,ZB,1,190.170,188.010,2160.0,191.080,189.460,1620.0,75.000,67.13,710.0,509.8,190.170,189.460,191.790,BOUNCE,2003.12.31 16:00,1,2004.01.02 06:00,0,,0,,1,1d 14h,NewYork,NA,,NA,,187.300,UNTOUCHED,,0,,0,,0,,0,NA,Other,NA,,NA,,190.880,BOUNCE,2003.12.19 00:00,0,,0,,0,,0,NA,Asia,NA,,NA,,188.750,UNTOUCHED,,0,,0,,0,,0,NA,Other,NA,,NA,,B-ZF-BO,B-ZG-BR,S-ZG-UN,B-ZD-BO,B-ZF-BR,S-ZG-UN,S-ZC-UN,S-ZB-BO,S-ZD-BR,B-ZB-BR,S-ZH-UN,B-ZF-BR,S-ZO-UN,S-ZD-UN,B-ZG-BR,B-ZF-BO,B-ZF-BR,S-ZD-BR,S-ZB-BR,S-ZD-BR
61,2003.12.23 00:00,GBPJPY,60,86400,SELL,ZH,1,190.580,190.020,560.0,190.510,188.880,1630.0,291.071,12.50,490.0,132.2,190.510,190.020,188.390,UNTOUCHED,,0,,0,,0,,0,NA,Other,NA,,NA,,191.070,BREAK,2003.12.31 15:00,0,,0,,0,,0,NA,NewYork,BREAK,2003.12.31 16:00,BREAK,2004.01.03 01:00,189.530,BREAK,2003.12.23 00:00,0,,0,,0,,0,NA,Asia,UNTOUCHED,,NA,,191.000,BREAK,2003.12.31 15:00,0,,0,,0,,0,NA,NewYork,BREAK,2003.12.31 16:00,BOUNCE,2003.12.31 19:00,B-ZB-BO,B-ZF-BO,B-ZG-BR,S-ZG-UN,B-ZD-BO,B-ZF-BR,S-ZG-UN,S-ZC-UN,S-ZB-BO,S-ZD-BR,B-ZF-BR,S-ZO-UN,S-ZD-UN,B-ZG-BR,B-ZF-BO,B-ZF-BR,S-ZD-BR,S-ZB-BR,S-ZD-BR,S-ZB-UN
62,2003.12.25 00:00,GBPJPY,60,86400,BUY,ZF,1,189.870,189.140,730.0,190.720,189.220,1500.0,205.479,10.96,650.0,172.3,189.870,189.220,191.370,BREAK,2003.12.31 16:00,0,,0,,0,,0,NA,NewYork,BREAK,2004.01.03 01:00,BOUNCE,2004.01.05 05:00,188.490,UNTOUCHED,,0,,0,,0,,0,NA,Other,NA,,NA,,190.520,BOUNCE,2003.12.25 00:00,0,,0,,0,,0,NA,Asia,NA,,NA,,188.570,UNTOUCHED,,0,,0,,0,,0,NA,Other,NA,,NA,,S-ZH-UN,B-ZB-BO,B-ZF-BO,B-ZG-BR,S-ZG-UN,B-ZD-BO,B-ZF-BR,S-ZG-UN,S-ZC-UN,S-ZB-BO,S-ZO-UN,S-ZD-UN,B-ZG-BR,B-ZF-BO,B-ZF-BR,S-ZD-BR,S-ZB-BR,S-ZD-BR,S-ZB-UN,B-ZF-BR
63,2003.12.27 00:00,GBPJPY,60,86400,SELL,ZO,0,190.690,189.870,820.0,190.560,189.450,1110.0,135.366,15.85,690.0,193.5,190.560,189.870,188.760,UNTOUCHED,,0,,0,,0,,0,NA,Other,NA,,NA,,191.380,BREAK,2003.12.31 16:00,0,,0,,0,,0,NA,NewYork,BREAK,2004.01.03 01:00,BOUNCE,2004.01.06 10:00,189.180,BOUNCE,2003.12.29 18:00,1,2003.12.31 15:00,1,2003.12.31 16:00,0,,2,1d 22h,NewYork,NA,,NA,,191.250,BREAK,2003.12.31 15:00,0,,0,,0,,0,NA,NewYork,BOUNCE,2003.12.31 19:00,NA,,B-ZF-BR,S-ZH-UN,B-ZB-BO,B-ZF-BO,B-ZG-BR,S-ZG-UN,B-ZD-BO,B-ZF-BR,S-ZG-UN,S-ZC-UN,S-ZD-UN,B-ZG-BR,B-ZF-BO,B-ZF-BR,S-ZD-BR,S-ZB-BR,S-ZD-BR,S-ZB-UN,B-ZF-BR,B-ZB-BR
64,2003.12.30 00:00,GBPJPY,60,86400,SELL,ZD,1,190.580,190.240,340.0,190.410,189.170,1240.0,364.706,50.00,170.0,80.2,190.410,190.240,189.000,UNTOUCHED,,0,,0,,0,,0,NA,Other,NA,,NA,,190.750,BOUNCE,2003.12.31 11:00,1,2003.12.31 13:00,0,,0,,1,2h,London,NA,,NA,,190.070,BREAK,2003.12.30 00:00,0,,0,,0,,0,NA,Asia,BREAK,2003.12.30 01:00,BOUNCE,2003.12.30 02:00,190.580,BOUNCE,2003.12.30 20:00,1,2003.12.31 00:00,1,2003.12.31 00:00,0,,2,4h,NewYork,NA,,NA,,S-ZO-UN,B-ZF-BR,S-ZH-UN,B-ZB-BO,B-ZF-BO,B-ZG-BR,S-ZG-UN,B-ZD-BO,B-ZF-BR,S-ZG-UN,B-ZG-BR,B-ZF-BO,B-ZF-BR,S-ZD-BR,S-ZB-BR,S-ZD-BR,S-ZB-UN,B-ZF-BR,B-ZB-BR,B-ZE-BR
65,2003.12.31 00:00,GBPJPY,60,86400,BUY,ZG,0,190.410,189.170,1240.0,190.640,189.540,1100.0,88.710,29.84,870.0,292.6,190.410,189.540,191.510,BREAK,2003.12.31 16:00,0,,0,,0,,0,NA,NewYork,BREAK,2004.01.05 05:00,BREAK,2004.01.06 13:00,188.300,UNTOUCHED,,0,,0,,0,,0,NA,Other,NA,,NA,,191.280,BREAK,2003.12.31 15:00,0,,0,,0,,0,NA,NewYork,BREAK,2004.01.05 05:00,BREAK,2004.01.06 12:00,188.670,UNTOUCHED,,0,,0,,0,,0,NA,Other,NA,,NA,,S-ZD-UN,S-ZO-UN,B-ZF-BR,S-ZH-UN,B-ZB-BO,B-ZF-BO,B-ZG-BR,S-ZG-UN,B-ZD-BO,B-ZF-BR,B-ZF-BO,B-ZF-BR,S-ZD-BR,S-ZB-BR,S-ZD-BR,S-ZB-UN,B-ZF-BR,B-ZB-BR,B-ZE-BR,S-ZF-BR
66,2004.01.01 00:00,GBPJPY,60,86400,BUY,ZF,1,190.640,189.540,1100.0,192.000,189.940,2060.0,187.273,36.36,700.0,259.6,190.640,189.940,192.700,BOUNCE,2004.01.05 05:00,1,2004.01.05 13:00,0,,0,,1,8h,Asia,NA,,NA,,188.840,UNTOUCHED,,0,,0,,0,,0,NA,Other,NA,,NA,,191.340,BREAK,2004.01.01 00:00,0,,0,,0,,0,NA,Asia,BREAK,2004.01.03 01:00,BREAK,2004.01.06 11:00,189.240,UNTOUCHED,,0,,0,,0,,0,NA,Other,NA,,NA,,B-ZG-BR,S-ZD-UN,S-ZO-UN,B-ZF-BR,S-ZH-UN,B-ZB-BO,B-ZF-BO,B-ZG-BR,S-ZG-UN,B-ZD-BO,B-ZF-BR,S-ZD-BR,S-ZB-BR,S-ZD-BR,S-ZB-UN,B-ZF-BR,B-ZB-BR,B-ZE-BR,S-ZF-BR,S-ZE-UN
67,2004.01.07 00:00,GBPJPY,60,86400,BUY,ZF,1,192.730,190.990,1740.0,194.240,191.610,2630.0,151.149,35.63,1120.0,410.6,192.730,191.610,195.360,BREAK,2004.01.09 08:00,0,,0,,0,,0,NA,London,BREAK,2004.01.09 19:00,BOUNCE,2004.01.12 08:00,189.870,UNTOUCHED,,0,,0,,0,,0,NA,Other,NA,,NA,,193.850,BOUNCE,2004.01.07 10:00,0,,0,,0,,0,NA,London,NA,,NA,,190.490,UNTOUCHED,,0,,0,,0,,0,NA,Other,NA,,NA,,B-ZF-BO,B-ZG-BR,S-ZD-UN,S-ZO-UN,B-ZF-BR,S-ZH-UN,B-ZB-BO,B-ZF-BO,B-ZG-BR,S-ZG-UN,S-ZD-BR,S-ZB-BR,S-ZD-BR,S-ZB-UN,B-ZF-BR,B-ZB-BR,B-ZE-BR,S-ZF-BR,S-ZE-UN,B-ZE-BR
68,2004.01.14 00:00,GBPJPY,60,86400,SELL,ZD,1,197.850,196.400,1450.0,197.220,195.520,1700.0,117.241,43.45,820.0,342.2,197.220,196.400,194.700,BREAK,2004.01.14 16:00,0,,0,,0,,0,NA,NewYork,BREAK,2004.01.15 12:00,BOUNCE,2004.01.15 23:00,198.670,BOUNCE,2004.02.11 19:00,0,,0,,0,,0,NA,NewYork,NA,,NA,,195.580,BREAK,2004.01.14 11:00,0,,0,,0,,0,NA,London,BREAK,2004.01.15 07:00,BREAK,2004.01.15 12:00,198.040,BREAK,2004.02.11 19:00,0,,0,,0,,0,NA,NewYork,BREAK,2004.02.11 23:00,BREAK,2004.02.13 17:00,B-ZF-BR,B-ZF-BO,B-ZG-BR,S-ZD-UN,S-ZO-UN,B-ZF-BR,S-ZH-UN,B-ZB-BO,B-ZF-BO,B-ZG-BR,S-ZB-BR,S-ZD-BR,S-ZB-UN,B-ZF-BR,B-ZB-BR,B-ZE-BR,S-ZF-BR,S-ZE-UN,B-ZE-BR,S-ZH-UN
69,2004.01.15 00:00,GBPJPY,60,86400,SELL,ZB,1,197.220,195.520,1700.0,196.470,194.450,2020.0,118.824,44.12,950.0,401.2,196.470,195.520,193.500,BREAK,2004.01.15 12:00,0,,0,,0,,0,NA,London,BREAK,2004.01.16 11:00,BOUNCE,2004.01.19 11:00,198.170,BREAK,2004.02.11 19:00,0,,0,,0,,0,NA,NewYork,BREAK,2004.02.12 00:00,BOUNCE,2004.02.13 18:00,194.570,BREAK,2004.01.15 00:00,0,,0,,0,,0,NA,Asia,BREAK,2004.01.15 18:00,BREAK,2004.01.16 11:00,197.420,BREAK,2004.02.10 15:00,0,,0,,0,,0,NA,NewYork,BREAK,2004.02.11 21:00,BREAK,2004.02.12 12:00,S-ZD-BR,B-ZF-BR,B-ZF-BO,B-ZG-BR,S-ZD-UN,S-ZO-UN,B-ZF-BR,S-ZH-UN,B-ZB-BO,B-ZF-BO,S-ZD-BR,S-ZB-UN,B-ZF-BR,B-ZB-BR,B-ZE-BR,S-ZF-BR,S-ZE-UN,B-ZE-BR,S-ZH-UN,S-ZO-UN
70,2004.01.16 00:00,GBPJPY,60,86400,SELL,ZD,1,196.470,194.450,2020.0,195.080,192.860,2220.0,109.901,68.81,630.0,476.7,195.080,194.450,192.230,BREAK,2004.01.16 11:00,0,,0,,0,,0,NA,London,BOUNCE,2004.01.16 18:00,NA,,197.100,BREAK,2004.02.10 07:00,0,,0,,0,,0,NA,London,BOUNCE,2004.02.11 01:00,NA,,193.820,BREAK,2004.01.16 00:00,0,,0,,0,,0,NA,Asia,BREAK,2004.01.16 10:00,BREAK,2004.01.16 11:00,195.710,BOUNCE,2004.01.21 09:00,1,2004.01.23 19:00,1,2004.01.23 19:00,0,,2,2d 10h,London,NA,,NA,,S-ZB-BR,S-ZD-BR,B-ZF-BR,B-ZF-BO,B-ZG-BR,S-ZD-UN,S-ZO-UN,B-ZF-BR,S-ZH-UN,B-ZB-BO,S-ZB-UN,B-ZF-BR,B-ZB-BR,B-ZE-BR,S-ZF-BR,S-ZE-UN,B-ZE-BR,S-ZH-UN,S-ZO-UN,S-ZF-UN
71,2004.01.17 00:00,GBPJPY,60,86400,SELL,ZB,1,195.080,192.860,2220.0,194.130,191.360,2770.0,124.775,42.79,1270.0,523.9,194.130,192.860,190.090,UNTOUCHED,,0,,0,,0,,0,NA,Other,NA,,NA,,196.350,BOUNCE,2004.01.22 12:00,1,2004.01.23 19:00,1,2004.01.27 12:00,0,,2,5d 0h,London,NA,,NA,,191.590,BREAK,2004.01.19 03:00,0,,0,,0,,0,NA,Asia,UNTOUCHED,,NA,,195.400,BREAK,2004.01.20 20:00,0,,0,,0,,0,NA,NewYork,BREAK,2004.02.10 14:00,BREAK,2004.02.11 19:00,S-ZD-BR,S-ZB-BR,S-ZD-BR,B-ZF-BR,B-ZF-BO,B-ZG-BR,S-ZD-UN,S-ZO-UN,B-ZF-BR,S-ZH-UN,B-ZF-BR,B-ZB-BR,B-ZE-BR,S-ZF-BR,S-ZE-UN,B-ZE-BR,S-ZH-UN,S-ZO-UN,S-ZF-UN,B-ZF-BR
72,2004.01.21 00:00,GBPJPY,60,86400,BUY,ZF,1,192.610,191.040,1570.0,195.490,191.120,4370.0,278.344,5.10,1490.0,370.5,192.610,191.120,196.980,BREAK,2004.02.09 12:00,0,,0,,0,,0,NA,London,BREAK,2004.02.11 21:00,BOUNCE,2004.02.13 19:00,189.550,UNTOUCHED,,0,,0,,0,,0,NA,Other,NA,,NA,,194.100,BREAK,2004.01.21 00:00,0,,0,,0,,0,NA,Asia,BREAK,2004.01.21 11:00,BREAK,2004.02.10 15:00,189.630,UNTOUCHED,,0,,0,,0,,0,NA,Other,NA,,NA,,S-ZB-UN,S-ZD-BR,S-ZB-BR,S-ZD-BR,B-ZF-BR,B-ZF-BO,B-ZG-BR,S-ZD-UN,S-ZO-UN,B-ZF-BR,B-ZB-BR,B-ZE-BR,S-ZF-BR,S-ZE-UN,B-ZE-BR,S-ZH-UN,S-ZO-UN,S-ZF-UN,B-ZF-BR,B-ZG-BR
73,2004.01.22 00:00,GBPJPY,60,86400,BUY,ZB,1,195.490,191.120,4370.0,196.180,194.440,1740.0,39.817,75.97,1050.0,1031.3,195.490,194.440,197.230,BREAK,2004.02.10 14:00,0,,0,,0,,0,NA,NewYork,BREAK,2004.02.12 00:00,BOUNCE,2004.02.16 04:00,190.070,UNTOUCHED,,0,,0,,0,,0,NA,Other,NA,,NA,,196.540,BOUNCE,2004.01.22 13:00,1,2004.01.23 19:00,0,,0,,1,1d 6h,NewYork,NA,,NA,,193.390,BOUNCE,2004.01.23 19:00,1,2004.02.09 11:00,1,2004.02.09 11:00,0,,2,2w 2d,NewYork,NA,,NA,,B-ZF-BR,S-ZB-UN,S-ZD-BR,S-ZB-BR,S-ZD-BR,B-ZF-BR,B-ZF-BO,B-ZG-BR,S-ZD-UN,S-ZO-UN,B-ZE-BR,S-ZF-BR,S-ZE-UN,B-ZE-BR,S-ZH-UN,S-ZO-UN,S-ZF-UN,B-ZF-BR,B-ZG-BR,B-ZB-BO
74,2004.01.23 00:00,GBPJPY,60,86400,BUY,ZE,1,196.180,194.440,1740.0,196.610,195.140,1470.0,84.483,40.23,1040.0,410.6,196.180,195.140,197.650,BREAK,2004.02.10 19:00,0,,0,,0,,0,NA,NewYork,BREAK,2004.02.11 22:00,BOUNCE,2004.02.13 19:00,193.400,BOUNCE,2004.01.23 19:00,1,2004.02.06 11:00,1,2004.02.10 14:00,1,2004.02.10 19:00,3,2w 4d,NewYork,NA,,NA,,197.220,BREAK,2004.02.10 14:00,0,,0,,0,,0,NA,NewYork,BREAK,2004.02.11 19:00,BREAK,2004.02.12 12:00,194.100,BREAK,2004.01.23 19:00,0,,0,,0,,0,NA,NewYork,BOUNCE,2004.01.23 22:00,NA,,B-ZB-BR,B-ZF-BR,S-ZB-UN,S-ZD-BR,S-ZB-BR,S-ZD-BR,B-ZF-BR,B-ZF-BO,B-ZG-BR,S-ZD-UN,S-ZF-BR,S-ZE-UN,B-ZE-BR,S-ZH-UN,S-ZO-UN,S-ZF-UN,B-ZF-BR,B-ZG-BR,B-ZB-BO,B-ZF-BR
75,2004.01.24 00:00,GBPJPY,60,86400,SELL,ZF,1,196.610,195.140,1470.0,196.230,192.910,3320.0,225.850,25.85,1090.0,346.9,196.230,195.140,191.820,BREAK,2004.01.27 11:00,0,,0,,0,,0,NA,London,UNTOUCHED,,NA,,197.700,BREAK,2004.02.10 20:00,0,,0,,0,,0,NA,NewYork,BREAK,2004.02.11 22:00,BOUNCE,2004.02.13 18:00,194.050,BREAK,2004.01.26 03:00,0,,0,,0,,0,NA,Asia,BREAK,2004.01.26 21:00,BREAK,2004.01.27 12:00,197.320,BREAK,2004.02.10 14:00,0,,0,,0,,0,NA,NewYork,BOUNCE,2004.02.11 19:00,NA,,B-ZE-BR,B-ZB-BR,B-ZF-BR,S-ZB-UN,S-ZD-BR,S-ZB-BR,S-ZD-BR,B-ZF-BR,B-ZF-BO,B-ZG-BR,S-ZE-UN,B-ZE-BR,S-ZH-UN,S-ZO-UN,S-ZF-UN,B-ZF-BR,B-ZG-BR,B-ZB-BO,B-ZF-BR,B-ZB-BO
76,2004.01.28 00:00,GBPJPY,60,86400,SELL,ZE,1,194.710,192.260,2450.0,193.230,190.910,2320.0,94.694,60.41,970.0,578.2,193.230,192.260,189.940,UNTOUCHED,,0,,0,,0,,0,NA,Other,NA,,NA,,195.680,BOUNCE,2004.02.06 12:00,0,,0,,0,,0,NA,London,NA,,NA,,191.290,BOUNCE,2004.01.30 12:00,1,2004.02.03 14:00,1,2004.02.06 12:00,0,,2,1w 0d,London,NA,,NA,,194.200,BOUNCE,2004.01.28 09:00,1,2004.01.30 12:00,1,2004.01.30 12:00,0,,2,2d 3h,London,NA,,NA,,S-ZF-BR,B-ZE-BR,B-ZB-BR,B-ZF-BR,S-ZB-UN,S-ZD-BR,S-ZB-BR,S-ZD-BR,B-ZF-BR,B-ZF-BO,B-ZE-BR,S-ZH-UN,S-ZO-UN,S-ZF-UN,B-ZF-BR,B-ZG-BR,B-ZB-BO,B-ZF-BR,B-ZB-BO,B-ZB-BR
77,2004.01.29 00:00,GBPJPY,60,86400,BUY,ZE,1,193.230,190.910,2320.0,194.420,192.590,1830.0,78.879,72.41,640.0,547.5,193.230,192.590,195.060,BREAK,2004.02.06 11:00,0,,0,,0,,0,NA,London,BOUNCE,2004.02.06 17:00,NA,,190.270,UNTOUCHED,,0,,0,,0,,0,NA,Other,NA,,NA,,193.870,BREAK,2004.02.03 14:00,0,,0,,0,,0,NA,NewYork,BREAK,2004.02.06 11:00,BREAK,2004.02.06 12:00,191.950,BOUNCE,2004.01.29 20:00,1,2004.02.03 14:00,1,2004.02.03 14:00,0,,2,4d 18h,NewYork,NA,,NA,,S-ZE-UN,S-ZF-BR,B-ZE-BR,B-ZB-BR,B-ZF-BR,S-ZB-UN,S-ZD-BR,S-ZB-BR,S-ZD-BR,B-ZF-BR,S-ZH-UN,S-ZO-UN,S-ZF-UN,B-ZF-BR,B-ZG-BR,B-ZB-BO,B-ZF-BR,B-ZB-BO,B-ZB-BR,B-ZB-BO
78,2004.01.30 00:00,GBPJPY,60,86400,SELL,ZH,0,194.420,192.590,1830.0,193.770,191.840,1930.0,105.464,35.52,1180.0,431.9,193.770,192.590,190.660,UNTOUCHED,,0,,0,,0,,0,NA,Other,NA,,NA,,195.600,BREAK,2004.02.06 12:00,0,,0,,0,,0,NA,London,BREAK,2004.02.10 14:00,BREAK,2004.02.11 19:00,191.410,BOUNCE,2004.01.30 12:00,1,2004.02.06 11:00,1,2004.02.06 12:00,0,,2,1w 0d,London,NA,,NA,,194.950,BREAK,2004.02.06 11:00,0,,0,,0,,0,NA,London,BOUNCE,2004.02.06 17:00,NA,,B-ZE-BR,S-ZE-UN,S-ZF-BR,B-ZE-BR,B-ZB-BR,B-ZF-BR,S-ZB-UN,S-ZD-BR,S-ZB-BR,S-ZD-BR,S-ZO-UN,S-ZF-UN,B-ZF-BR,B-ZG-BR,B-ZB-BO,B-ZF-BR,B-ZB-BO,B-ZB-BR,B-ZB-BO,B-ZC-BO
79,2004.01.31 00:00,GBPJPY,60,86400,SELL,ZO,0,193.770,191.840,1930.0,193.310,191.060,2250.0,116.580,23.83,1470.0,455.5,193.310,191.840,189.590,UNTOUCHED,,0,,0,,0,,0,NA,Other,NA,,NA,,195.240,BREAK,2004.02.06 11:00,0,,0,,0,,0,NA,London,BREAK,2004.02.10 12:00,BREAK,2004.02.11 19:00,190.370,UNTOUCHED,,0,,0,,0,,0,NA,Other,NA,,NA,,194.780,BREAK,2004.02.06 04:00,0,,0,,0,,0,NA,Asia,BREAK,2004.02.09 11:00,BREAK,2004.02.11 19:00,S-ZH-UN,B-ZE-BR,S-ZE-UN,S-ZF-BR,B-ZE-BR,B-ZB-BR,B-ZF-BR,S-ZB-UN,S-ZD-BR,S-ZB-BR,S-ZF-UN,B-ZF-BR,B-ZG-BR,B-ZB-BO,B-ZF-BR,B-ZB-BO,B-ZB-BR,B-ZB-BO,B-ZC-BO,B-ZF-BR
80,2004.02.03 00:00,GBPJPY,60,86400,SELL,ZF,1,193.110,192.200,910.0,193.030,191.510,1520.0,167.033,8.79,830.0,214.8,193.030,192.200,190.680,UNTOUCHED,,0,,0,,0,,0,NA,Other,NA,,NA,,193.940,BREAK,2004.02.03 14:00,0,,0,,0,,0,NA,NewYork,BREAK,2004.02.06 11:00,BREAK,2004.02.06 13:00,191.370,UNTOUCHED,,0,,0,,0,,0,NA,Other,NA,,NA,,193.860,BREAK,2004.02.03 14:00,0,,0,,0,,0,NA,NewYork,BREAK,2004.02.06 04:00,BOUNCE,2004.02.06 11:00,S-ZO-UN,S-ZH-UN,B-ZE-BR,S-ZE-UN,S-ZF-BR,B-ZE-BR,B-ZB-BR,B-ZF-BR,S-ZB-UN,S-ZD-BR,B-ZF-BR,B-ZG-BR,B-ZB-BO,B-ZF-BR,B-ZB-BO,B-ZB-BR,B-ZB-BO,B-ZC-BO,B-ZF-BR,B-ZE-BR
81,2004.02.04 00:00,GBPJPY,60,86400,BUY,ZF,1,193.030,191.510,1520.0,194.610,191.880,2730.0,179.605,24.34,1150.0,358.7,193.030,191.880,195.760,BREAK,2004.02.06 13:00,0,,0,,0,,0,NA,NewYork,BREAK,2004.02.10 14:00,BREAK,2004.02.11 19:00,190.360,UNTOUCHED,,0,,0,,0,,0,NA,Other,NA,,NA,,194.180,BOUNCE,2004.02.04 01:00,0,,0,,0,,0,NA,Asia,NA,,NA,,190.730,UNTOUCHED,,0,,0,,0,,0,NA,Other,NA,,NA,,S-ZF-UN,S-ZO-UN,S-ZH-UN,B-ZE-BR,S-ZE-UN,S-ZF-BR,B-ZE-BR,B-ZB-BR,B-ZF-BR,S-ZB-UN,B-ZG-BR,B-ZB-BO,B-ZF-BR,B-ZB-BO,B-ZB-BR,B-ZB-BO,B-ZC-BO,B-ZF-BR,B-ZE-BR,B-ZE-BR
82,2004.02.06 00:00,GBPJPY,60,86400,BUY,ZG,0,194.190,192.940,1250.0,194.450,192.960,1490.0,119.200,1.60,1230.0,295.0,194.190,192.960,195.680,BREAK,2004.02.06 12:00,0,,0,,0,,0,NA,London,BREAK,2004.02.10 14:00,BREAK,2004.02.11 19:00,191.710,UNTOUCHED,,0,,0,,0,,0,NA,Other,NA,,NA,,195.420,BREAK,2004.02.06 11:00,0,,0,,0,,0,NA,London,BREAK,2004.02.09 11:00,BREAK,2004.02.11 19:00,191.730,UNTOUCHED,,0,,0,,0,,0,NA,Other,NA,,NA,,B-ZF-BR,S-ZF-UN,S-ZO-UN,S-ZH-UN,B-ZE-BR,S-ZE-UN,S-ZF-BR,B-ZE-BR,B-ZB-BR,B-ZF-BR,B-ZB-BO,B-ZF-BR,B-ZB-BO,B-ZB-BR,B-ZB-BO,B-ZC-BO,B-ZF-BR,B-ZE-BR,B-ZE-BR,S-ZE-BR
83,2004.02.07 00:00,GBPJPY,60,86400,BUY,ZB,1,194.450,192.960,1490.0,196.180,193.830,2350.0,157.718,58.39,620.0,351.6,194.450,193.830,196.800,BOUNCE,2004.02.09 11:00,1,2004.03.17 11:00,0,,0,,1,5w 2d,London,NA,,NA,,192.340,UNTOUCHED,,0,,0,,0,,0,NA,Other,NA,,NA,,195.070,BREAK,2004.02.07 00:00,0,,0,,0,,0,NA,Asia,BREAK,2004.02.09 05:00,BREAK,2004.02.09 11:00,193.210,UNTOUCHED,,0,,0,,0,,0,NA,Other,NA,,NA,,B-ZG-BR,B-ZF-BR,S-ZF-UN,S-ZO-UN,S-ZH-UN,B-ZE-BR,S-ZE-UN,S-ZF-BR,B-ZE-BR,B-ZB-BR,B-ZF-BR,B-ZB-BO,B-ZB-BR,B-ZB-BO,B-ZC-BO,B-ZF-BR,B-ZE-BR,B-ZE-BR,S-ZE-BR,S-ZG-BR
84,2004.02.10 00:00,GBPJPY,60,86400,BUY,ZF,1,195.630,194.610,1020.0,196.990,194.770,2220.0,217.647,15.69,860.0,240.7,195.630,194.770,197.850,BREAK,2004.02.11 19:00,0,,0,,0,,0,NA,NewYork,BREAK,2004.02.11 21:00,BREAK,2004.02.12 14:00,193.750,UNTOUCHED,,0,,0,,0,,0,NA,Other,NA,,NA,,196.490,BREAK,2004.02.10 00:00,0,,0,,0,,0,NA,Asia,BREAK,2004.02.10 15:00,BREAK,2004.02.11 19:00,193.910,UNTOUCHED,,0,,0,,0,,0,NA,Other,NA,,NA,,B-ZB-BO,B-ZG-BR,B-ZF-BR,S-ZF-UN,S-ZO-UN,S-ZH-UN,B-ZE-BR,S-ZE-UN,S-ZF-BR,B-ZE-BR,B-ZB-BO,B-ZB-BR,B-ZB-BO,B-ZC-BO,B-ZF-BR,B-ZE-BR,B-ZE-BR,S-ZE-BR,S-ZG-BR,S-ZB-BR
85,2004.02.11 00:00,GBPJPY,60,86400,BUY,ZB,1,196.990,194.770,2220.0,197.810,196.130,1680.0,75.676,61.26,860.0,523.9,196.990,196.130,198.670,BOUNCE,2004.02.11 19:00,1,2004.03.15 20:00,1,2004.03.18 07:00,0,,2,5w 0d,NewYork,NA,,NA,,193.910,UNTOUCHED,,0,,0,,0,,0,NA,Other,NA,,NA,,197.850,BREAK,2004.02.11 19:00,0,,0,,0,,0,NA,NewYork,BREAK,2004.02.11 23:00,BREAK,2004.02.13 17:00,195.270,BREAK,2004.03.18 07:00,0,,0,,0,,0,NA,London,BREAK,2004.03.24 21:00,BOUNCE,2004.03.25 02:00,B-ZF-BR,B-ZB-BO,B-ZG-BR,B-ZF-BR,S-ZF-UN,S-ZO-UN,S-ZH-UN,B-ZE-BR,S-ZE-UN,S-ZF-BR,B-ZB-BR,B-ZB-BO,B-ZC-BO,B-ZF-BR,B-ZE-BR,B-ZE-BR,S-ZE-BR,S-ZG-BR,S-ZB-BR,S-ZD-BR
86,2004.02.12 00:00,GBPJPY,60,86400,BUY,ZB,1,197.810,196.130,1680.0,199.310,196.870,2440.0,145.238,44.05,940.0,396.5,197.810,196.870,200.250,BREAK,2004.02.17 06:00,0,,0,,0,,0,NA,Asia,BOUNCE,2004.02.17 13:00,NA,,195.190,BREAK,2004.03.18 08:00,0,,0,,0,,0,NA,London,BREAK,2004.03.24 21:00,BOUNCE,2004.03.25 03:00,198.750,BREAK,2004.02.12 00:00,0,,0,,0,,0,NA,Asia,BREAK,2004.02.13 17:00,BREAK,2004.02.17 13:00,195.930,BREAK,2004.03.17 11:00,0,,0,,0,,0,NA,London,BOUNCE,2004.03.18 10:00,NA,,B-ZB-BO,B-ZF-BR,B-ZB-BO,B-ZG-BR,B-ZF-BR,S-ZF-UN,S-ZO-UN,S-ZH-UN,B-ZE-BR,S-ZE-UN,B-ZB-BO,B-ZC-BO,B-ZF-BR,B-ZE-BR,B-ZE-BR,S-ZE-BR,S-ZG-BR,S-ZB-BR,S-ZD-BR,B-ZD-UN
87,2004.02.18 00:00,GBPJPY,60,86400,BUY,ZB,1,199.560,198.140,1420.0,201.900,199.110,2790.0,196.479,68.31,450.0,335.1,199.560,199.110,202.350,BOUNCE,2004.02.18 12:00,1,2004.02.18 15:00,1,2004.03.11 07:00,1,2004.03.15 20:00,3,3w 5d,London,NA,,NA,,197.690,BREAK,2004.03.15 20:00,0,,0,,0,,0,NA,NewYork,BOUNCE,2004.03.16 19:00,NA,,200.010,BREAK,2004.02.18 00:00,0,,0,,0,,0,NA,Asia,BREAK,2004.02.18 01:00,BREAK,2004.02.18 02:00,198.660,BOUNCE,2004.03.11 07:00,1,2004.03.11 14:00,1,2004.03.11 14:00,0,,2,7h,London,NA,,NA,,B-ZB-BR,B-ZB-BO,B-ZF-BR,B-ZB-BO,B-ZG-BR,B-ZF-BR,S-ZF-UN,S-ZO-UN,S-ZH-UN,B-ZE-BR,B-ZC-BO,B-ZF-BR,B-ZE-BR,B-ZE-BR,S-ZE-BR,S-ZG-BR,S-ZB-BR,S-ZD-BR,B-ZD-UN,S-ZB-BR
88,2004.02.19 00:00,GBPJPY,60,86400,BUY,ZC,1,201.900,199.110,2790.0,202.750,201.000,1750.0,62.724,67.74,900.0,658.4,201.900,201.000,203.650,BOUNCE,2004.02.20 04:00,1,2004.02.23 03:00,1,2004.03.03 19:00,1,2004.03.15 20:00,3,3w 3d,Asia,NA,,NA,,198.210,BREAK,2004.03.15 20:00,0,,0,,0,,0,NA,NewYork,BOUNCE,2004.03.16 19:00,NA,,202.800,BREAK,2004.02.19 16:00,0,,0,,0,,0,NA,NewYork,BOUNCE,2004.02.20 11:00,NA,,200.100,BOUNCE,2004.03.03 19:00,1,2004.03.04 12:00,1,2004.03.04 12:00,0,,2,17h,NewYork,NA,,NA,,B-ZB-BO,B-ZB-BR,B-ZB-BO,B-ZF-BR,B-ZB-BO,B-ZG-BR,B-ZF-BR,S-ZF-UN,S-ZO-UN,S-ZH-UN,B-ZF-BR,B-ZE-BR,B-ZE-BR,S-ZE-BR,S-ZG-BR,S-ZB-BR,S-ZD-BR,B-ZD-UN,S-ZB-BR,S-ZB-BR
89,2004.02.20 00:00,GBPJPY,60,86400,BUY,ZF,0,202.750,201.000,1750.0,203.360,201.050,2310.0,132.000,2.86,1700.0,413.0,202.750,201.050,205.060,BREAK,2004.02.25 13:00,0,,0,,0,,0,NA,NewYork,BREAK,2004.03.05 22:00,UNTOUCHED,,199.300,BREAK,2004.03.10 19:00,0,,0,,0,,0,NA,NewYork,BREAK,2004.03.15 20:00,BREAK,2004.03.17 11:00,204.450,BREAK,2004.02.24 19:00,0,,0,,0,,0,NA,NewYork,BREAK,2004.03.05 21:00,BOUNCE,2004.03.08 21:00,199.350,BREAK,2004.03.10 19:00,0,,0,,0,,0,NA,NewYork,BREAK,2004.03.15 20:00,BREAK,2004.03.17 11:00,B-ZC-BO,B-ZB-BO,B-ZB-BR,B-ZB-BO,B-ZF-BR,B-ZB-BO,B-ZG-BR,B-ZF-BR,S-ZF-UN,S-ZO-UN,B-ZE-BR,B-ZE-BR,S-ZE-BR,S-ZG-BR,S-ZB-BR,S-ZD-BR,B-ZD-UN,S-ZB-BR,S-ZB-BR,S-ZE-BR
90,2004.02.21 00:00,GBPJPY,60,86400,BUY,ZE,1,203.360,201.050,2310.0,203.890,202.230,1660.0,71.861,51.08,1130.0,545.2,203.360,202.230,205.020,BREAK,2004.02.25 12:00,0,,0,,0,,0,NA,London,BREAK,2004.03.05 21:00,BREAK,2004.03.08 13:00,199.920,BREAK,2004.03.10 18:00,0,,0,,0,,0,NA,NewYork,BOUNCE,2004.03.11 14:00,NA,,204.490,BREAK,2004.02.24 19:00,0,,0,,0,,0,NA,NewYork,BOUNCE,2004.02.25 18:00,NA,,201.100,BOUNCE,2004.02.23 10:00,1,2004.02.24 19:00,1,2004.02.24 19:00,0,,2,1d 9h,London,NA,,NA,,B-ZF-BR,B-ZC-BO,B-ZB-BO,B-ZB-BR,B-ZB-BO,B-ZF-BR,B-ZB-BO,B-ZG-BR,B-ZF-BR,S-ZF-UN,B-ZE-BR,S-ZE-BR,S-ZG-BR,S-ZB-BR,S-ZD-BR,B-ZD-UN,S-ZB-BR,S-ZB-BR,S-ZE-BR,S-ZC-BR
91,2004.02.26 00:00,GBPJPY,60,86400,BUY,ZE,1,204.800,202.060,2740.0,205.920,203.780,2140.0,78.102,62.77,1020.0,646.6,204.800,203.780,206.940,BREAK,2004.03.05 22:00,0,,0,,0,,0,NA,Other,BOUNCE,2004.03.08 18:00,NA,,201.040,BREAK,2004.03.03 18:00,0,,0,,0,,0,NA,NewYork,BREAK,2004.03.10 19:00,BOUNCE,2004.03.11 14:00,205.820,BREAK,2004.03.05 19:00,0,,0,,0,,0,NA,NewYork,BREAK,2004.03.08 12:00,BOUNCE,2004.03.08 18:00,202.760,BREAK,2004.02.27 10:00,0,,0,,0,,0,NA,London,BOUNCE,2004.02.27 17:00,NA,,B-ZE-BR,B-ZF-BR,B-ZC-BO,B-ZB-BO,B-ZB-BR,B-ZB-BO,B-ZF-BR,B-ZB-BO,B-ZG-BR,B-ZF-BR,S-ZE-BR,S-ZG-BR,S-ZB-BR,S-ZD-BR,B-ZD-UN,S-ZB-BR,S-ZB-BR,S-ZE-BR,S-ZC-BR,S-ZB-BO
92,2004.02.27 00:00,GBPJPY,60,86400,SELL,ZE,1,205.920,203.780,2140.0,204.670,203.460,1210.0,56.542,58.41,890.0,505.0,204.670,203.780,202.570,BREAK,2004.02.27 12:00,0,,0,,0,,0,NA,London,BOUNCE,2004.02.27 16:00,NA,,206.810,BREAK,2004.03.05 22:00,0,,0,,0,,0,NA,Other,BOUNCE,2004.03.08 18:00,NA,,202.890,BREAK,2004.02.27 10:00,0,,0,,0,,0,NA,London,BREAK,2004.02.27 13:00,BREAK,2004.03.03 19:00,205.560,BREAK,2004.03.05 19:00,0,,0,,0,,0,NA,NewYork,BREAK,2004.03.05 22:00,BREAK,2004.03.08 13:00,B-ZE-BR,B-ZE-BR,B-ZF-BR,B-ZC-BO,B-ZB-BO,B-ZB-BR,B-ZB-BO,B-ZF-BR,B-ZB-BO,B-ZG-BR,S-ZG-BR,S-ZB-BR,S-ZD-BR,B-ZD-UN,S-ZB-BR,S-ZB-BR,S-ZE-BR,S-ZC-BR,S-ZB-BO,S-ZG-BR
93,2004.02.28 00:00,GBPJPY,60,86400,SELL,ZG,1,204.670,203.460,1210.0,204.310,201.320,2990.0,247.107,29.75,850.0,285.6,204.310,203.460,200.470,BREAK,2004.03.03 19:00,0,,0,,0,,0,NA,NewYork,BREAK,2004.03.10 19:00,BOUNCE,2004.03.11 09:00,205.520,BREAK,2004.03.05 19:00,0,,0,,0,,0,NA,NewYork,BREAK,2004.03.05 21:00,BREAK,2004.03.08 12:00,202.610,BREAK,2004.03.02 20:00,0,,0,,0,,0,NA,NewYork,BOUNCE,2004.03.03 12:00,NA,,205.160,BOUNCE,2004.03.05 17:00,1,2004.03.09 21:00,1,2004.03.09 21:00,0,,2,4d 4h,NewYork,NA,,NA,,S-ZE-BR,B-ZE-BR,B-ZE-BR,B-ZF-BR,B-ZC-BO,B-ZB-BO,B-ZB-BR,B-ZB-BO,B-ZF-BR,B-ZB-BO,S-ZB-BR,S-ZD-BR,B-ZD-UN,S-ZB-BR,S-ZB-BR,S-ZE-BR,S-ZC-BR,S-ZB-BO,S-ZG-BR,S-ZE-UN
94,2004.03.03 00:00,GBPJPY,60,86400,SELL,ZB,1,204.990,203.140,1850.0,204.220,202.040,2180.0,117.838,41.62,1080.0,436.6,204.220,203.140,200.960,BREAK,2004.03.03 18:00,0,,0,,0,,0,NA,NewYork,BREAK,2004.03.10 19:00,BOUNCE,2004.03.11 14:00,206.070,BOUNCE,2004.03.05 19:00,1,2004.03.09 19:00,1,2004.03.10 15:00,1,2004.03.10 17:00,3,4d 22h,NewYork,NA,,NA,,202.060,BREAK,2004.03.03 07:00,0,,0,,0,,0,NA,London,BREAK,2004.03.03 19:00,BREAK,2004.03.10 19:00,205.300,BOUNCE,2004.03.05 17:00,1,2004.03.10 15:00,1,2004.03.10 15:00,0,,2,4d 22h,NewYork,NA,,NA,,S-ZG-BR,S-ZE-BR,B-ZE-BR,B-ZE-BR,B-ZF-BR,B-ZC-BO,B-ZB-BO,B-ZB-BR,B-ZB-BO,B-ZF-BR,S-ZD-BR,B-ZD-UN,S-ZB-BR,S-ZB-BR,S-ZE-BR,S-ZC-BR,S-ZB-BO,S-ZG-BR,S-ZE-UN,S-ZH-BR
95,2004.03.04 00:00,GBPJPY,60,86400,SELL,ZD,1,204.220,202.040,2180.0,202.960,199.970,2990.0,137.156,57.80,920.0,514.5,202.960,202.040,199.050,BREAK,2004.03.11 06:00,0,,0,,0,,0,NA,Asia,BREAK,2004.03.15 20:00,BOUNCE,2004.03.16 19:00,205.140,BOUNCE,2004.03.05 17:00,1,2004.03.09 21:00,1,2004.03.10 16:00,1,2004.03.11 06:00,3,5d 13h,NewYork,NA,,NA,,201.120,BOUNCE,2004.03.04 00:00,1,2004.03.05 16:00,1,2004.03.05 17:00,0,,2,1d 17h,Asia,NA,,NA,,203.880,BOUNCE,2004.03.05 16:00,1,2004.03.10 16:00,1,2004.03.10 16:00,0,,2,5d 0h,NewYork,NA,,NA,,S-ZB-BR,S-ZG-BR,S-ZE-BR,B-ZE-BR,B-ZE-BR,B-ZF-BR,B-ZC-BO,B-ZB-BO,B-ZB-BR,B-ZB-BO,B-ZD-UN,S-ZB-BR,S-ZB-BR,S-ZE-BR,S-ZC-BR,S-ZB-BO,S-ZG-BR,S-ZE-UN,S-ZH-BR,B-ZB-BR
96,2004.03.06 00:00,GBPJPY,60,86400,BUY,ZD,1,202.900,200.810,2090.0,207.420,201.860,5560.0,266.029,50.24,1040.0,493.2,202.900,201.860,208.460,UNTOUCHED,,0,,0,,0,,0,NA,Other,NA,,NA,,199.770,BREAK,2004.03.10 18:00,0,,0,,0,,0,NA,NewYork,BOUNCE,2004.03.11 10:00,NA,,203.940,BREAK,2004.03.06 00:00,0,,0,,0,,0,NA,Asia,BREAK,2004.03.06 01:00,BREAK,2004.03.08 02:00,200.820,BREAK,2004.03.10 17:00,0,,0,,0,,0,NA,NewYork,BREAK,2004.03.10 19:00,BOUNCE,2004.03.11 14:00,S-ZD-BR,S-ZB-BR,S-ZG-BR,S-ZE-BR,B-ZE-BR,B-ZE-BR,B-ZF-BR,B-ZC-BO,B-ZB-BO,B-ZB-BR,S-ZB-BR,S-ZB-BR,S-ZE-BR,S-ZC-BR,S-ZB-BO,S-ZG-BR,S-ZE-UN,S-ZH-BR,B-ZB-BR,S-ZG-UN
97,2004.03.10 00:00,GBPJPY,60,86400,SELL,ZB,1,208.190,205.140,3050.0,206.800,202.590,4210.0,138.033,45.57,1660.0,719.8,206.800,205.140,200.930,BREAK,2004.03.10 17:00,0,,0,,0,,0,NA,NewYork,BREAK,2004.03.11 07:00,BREAK,2004.03.15 20:00,209.850,UNTOUCHED,,0,,0,,0,,0,NA,Other,NA,,NA,,203.480,BREAK,2004.03.10 00:00,0,,0,,0,,0,NA,Asia,BREAK,2004.03.10 16:00,BREAK,2004.03.10 19:00,208.460,UNTOUCHED,,0,,0,,0,,0,NA,Other,NA,,NA,,B-ZD-UN,S-ZD-BR,S-ZB-BR,S-ZG-BR,S-ZE-BR,B-ZE-BR,B-ZE-BR,B-ZF-BR,B-ZC-BO,B-ZB-BO,S-ZB-BR,S-ZE-BR,S-ZC-BR,S-ZB-BO,S-ZG-BR,S-ZE-UN,S-ZH-BR,B-ZB-BR,S-ZG-UN,B-ZB-BO
98,2004.03.11 00:00,GBPJPY,60,86400,SELL,ZB,1,206.800,202.590,4210.0,203.660,199.220,4440.0,105.463,74.58,1070.0,993.6,203.660,202.590,198.150,BREAK,2004.03.15 20:00,0,,0,,0,,0,NA,NewYork,BREAK,2004.03.17 10:00,BOUNCE,2004.03.17 16:00,207.870,UNTOUCHED,,0,,0,,0,,0,NA,Other,NA,,NA,,201.520,BREAK,2004.03.11 00:00,0,,0,,0,,0,NA,Asia,BREAK,2004.03.11 05:00,BOUNCE,2004.03.11 21:00,204.730,UNTOUCHED,,0,,0,,0,,0,NA,Other,NA,,NA,,S-ZB-BR,B-ZD-UN,S-ZD-BR,S-ZB-BR,S-ZG-BR,S-ZE-BR,B-ZE-BR,B-ZE-BR,B-ZF-BR,B-ZC-BO,S-ZE-BR,S-ZC-BR,S-ZB-BO,S-ZG-BR,S-ZE-UN,S-ZH-BR,B-ZB-BR,S-ZG-UN,B-ZB-BO,B-ZG-BO
99,2004.03.12 00:00,GBPJPY,60,86400,SELL,ZE,1,203.660,199.220,4440.0,201.170,198.490,2680.0,60.360,56.08,1950.0,1047.8,201.170,199.220,196.540,BREAK,2004.03.17 08:00,0,,0,,0,,0,NA,London,BOUNCE,2004.03.19 04:00,NA,,205.610,UNTOUCHED,,0,,0,,0,,0,NA,Other,NA,,NA,,197.270,BOUNCE,2004.03.15 20:00,0,,0,,0,,0,NA,NewYork,NA,,NA,,203.120,UNTOUCHED,,0,,0,,0,,0,NA,Other,NA,,NA,,S-ZB-BR,S-ZB-BR,B-ZD-UN,S-ZD-BR,S-ZB-BR,S-ZG-BR,S-ZE-BR,B-ZE-BR,B-ZE-BR,B-ZF-BR,S-ZC-BR,S-ZB-BO,S-ZG-BR,S-ZE-UN,S-ZH-BR,B-ZB-BR,S-ZG-UN,B-ZB-BO,B-ZG-BO,B-ZO-BO
100,2004.03.17 00:00,GBPJPY,60,86400,SELL,ZC,1,200.910,196.880,4030.0,199.330,196.840,2490.0,61.787,39.21,2450.0,951.1,199.330,196.880,194.390,BREAK,2004.03.24 21:00,0,,0,,0,,0,NA,Other,BREAK,2004.03.25 14:00,UNTOUCHED,,203.360,UNTOUCHED,,0,,0,,0,,0,NA,Other,NA,,NA,,194.430,BREAK,2004.03.24 20:00,0,,0,,0,,0,NA,NewYork,BREAK,2004.03.25 14:00,UNTOUCHED,,201.780,UNTOUCHED,,0,,0,,0,,0,NA,Other,NA,,NA,,S-ZE-BR,S-ZB-BR,S-ZB-BR,B-ZD-UN,S-ZD-BR,S-ZB-BR,S-ZG-BR,S-ZE-BR,B-ZE-BR,B-ZE-BR,S-ZB-BO,S-ZG-BR,S-ZE-UN,S-ZH-BR,B-ZB-BR,S-ZG-UN,B-ZB-BO,B-ZG-BO,B-ZO-BO,S-ZO-UN
101,2004.03.18 00:00,GBPJPY,60,86400,SELL,ZB,1,199.330,196.840,2490.0,197.740,195.380,2360.0,94.779,63.86,900.0,587.6,197.740,196.840,194.480,BOUNCE,2004.03.18 14:00,1,2004.03.18 19:00,0,,0,,1,5h,NewYork,NA,,NA,,200.230,UNTOUCHED,,0,,0,,0,,0,NA,Other,NA,,NA,,195.940,BREAK,2004.03.18 04:00,0,,0,,0,,0,NA,Asia,BOUNCE,2004.03.18 19:00,NA,,198.640,UNTOUCHED,,0,,0,,0,,0,NA,Other,NA,,NA,,S-ZC-BR,S-ZE-BR,S-ZB-BR,S-ZB-BR,B-ZD-UN,S-ZD-BR,S-ZB-BR,S-ZG-BR,S-ZE-BR,B-ZE-BR,S-ZG-BR,S-ZE-UN,S-ZH-BR,B-ZB-BR,S-ZG-UN,B-ZB-BO,B-ZG-BO,B-ZO-BO,S-ZO-UN,B-ZG-BO
102,2004.03.19 00:00,GBPJPY,60,86400,SELL,ZG,0,197.740,195.380,2360.0,197.450,194.460,2990.0,126.695,12.29,2070.0,557.0,197.450,195.380,192.390,BREAK,2004.03.25 10:00,0,,0,,0,,0,NA,London,BOUNCE,2004.03.26 13:00,NA,,199.810,UNTOUCHED,,0,,0,,0,,0,NA,Other,NA,,NA,,193.310,BREAK,2004.03.25 03:00,0,,0,,0,,0,NA,Asia,BREAK,2004.03.26 10:00,UNTOUCHED,,199.520,UNTOUCHED,,0,,0,,0,,0,NA,Other,NA,,NA,,S-ZB-BO,S-ZC-BR,S-ZE-BR,S-ZB-BR,S-ZB-BR,B-ZD-UN,S-ZD-BR,S-ZB-BR,S-ZG-BR,S-ZE-BR,S-ZE-UN,S-ZH-BR,B-ZB-BR,S-ZG-UN,B-ZB-BO,B-ZG-BO,B-ZO-BO,S-ZO-UN,B-ZG-BO,B-ZO-BO
103,2004.03.27 00:00,GBPJPY,60,86400,SELL,ZE,1,194.440,190.970,3470.0,192.810,190.210,2600.0,74.928,46.97,1840.0,818.9,192.810,190.970,188.370,UNTOUCHED,,0,,0,,0,,0,NA,Other,NA,,NA,,196.280,BOUNCE,2004.04.19 17:00,1,2004.04.23 16:00,0,,0,,1,3d 23h,NewYork,NA,,NA,,189.130,UNTOUCHED,,0,,0,,0,,0,NA,Other,NA,,NA,,194.650,BOUNCE,2004.04.06 07:00,0,,0,,0,,0,NA,London,NA,,NA,,S-ZG-BR,S-ZB-BO,S-ZC-BR,S-ZE-BR,S-ZB-BR,S-ZB-BR,B-ZD-UN,S-ZD-BR,S-ZB-BR,S-ZG-BR,S-ZH-BR,B-ZB-BR,S-ZG-UN,B-ZB-BO,B-ZG-BO,B-ZO-BO,S-ZO-UN,B-ZG-BO,B-ZO-BO,S-ZC-UN
104,2004.03.30 00:00,GBPJPY,60,86400,SELL,ZH,1,192.650,192.190,460.0,192.510,190.680,1830.0,397.826,30.43,320.0,108.6,192.510,192.190,190.360,BREAK,2004.03.31 11:00,0,,0,,0,,0,NA,London,BOUNCE,2004.03.31 12:00,NA,,192.970,BOUNCE,2004.03.30 12:00,1,2004.03.31 04:00,1,2004.03.31 04:00,1,2004.03.31 11:00,3,23h,London,NA,,NA,,191.870,BREAK,2004.03.30 00:00,0,,0,,0,,0,NA,Asia,BOUNCE,2004.03.31 04:00,NA,,192.830,BREAK,2004.03.30 10:00,0,,0,,0,,0,NA,London,BREAK,2004.03.30 13:00,BREAK,2004.03.30 14:00,S-ZE-UN,S-ZG-BR,S-ZB-BO,S-ZC-BR,S-ZE-BR,S-ZB-BR,S-ZB-BR,B-ZD-UN,S-ZD-BR,S-ZB-BR,B-ZB-BR,S-ZG-UN,B-ZB-BO,B-ZG-BO,B-ZO-BO,S-ZO-UN,B-ZG-BO,B-ZO-BO,S-ZC-UN,B-ZB-BR
105,2004.03.31 00:00,GBPJPY,60,86400,BUY,ZB,1,192.510,190.680,1830.0,194.090,191.590,2500.0,136.612,49.73,920.0,431.9,192.510,191.590,195.010,BREAK,2004.04.06 07:00,0,,0,,0,,0,NA,London,BREAK,2004.04.19 17:00,BREAK,2004.05.04 11:00,189.760,BOUNCE,2004.03.31 11:00,1,2004.03.31 18:00,1,2004.04.06 07:00,1,2004.04.06 07:00,3,5d 20h,London,NA,,NA,,193.430,BOUNCE,2004.03.31 01:00,1,2004.03.31 09:00,1,2004.03.31 11:00,0,,2,10h,Asia,NA,,NA,,190.670,BREAK,2004.03.31 09:00,0,,0,,0,,0,NA,London,UNTOUCHED,,NA,,S-ZH-BR,S-ZE-UN,S-ZG-BR,S-ZB-BO,S-ZC-BR,S-ZE-BR,S-ZB-BR,S-ZB-BR,B-ZD-UN,S-ZD-BR,S-ZG-UN,B-ZB-BO,B-ZG-BO,B-ZO-BO,S-ZO-UN,B-ZG-BO,B-ZO-BO,S-ZC-UN,B-ZB-BR,B-ZF-BR
106,2004.04.01 00:00,GBPJPY,60,86400,SELL,ZG,1,194.090,191.590,2500.0,193.620,189.610,4010.0,160.400,18.80,2030.0,590.0,193.620,191.590,187.580,UNTOUCHED,,0,,0,,0,,0,NA,Other,NA,,NA,,196.120,BREAK,2004.04.19 17:00,0,,0,,0,,0,NA,NewYork,BREAK,2004.05.07 12:00,BREAK,2004.05.07 18:00,189.560,UNTOUCHED,,0,,0,,0,,0,NA,Other,NA,,NA,,195.650,BREAK,2004.04.19 12:00,0,,0,,0,,0,NA,London,BREAK,2004.05.07 11:00,BREAK,2004.05.07 17:00,B-ZB-BR,S-ZH-BR,S-ZE-UN,S-ZG-BR,S-ZB-BO,S-ZC-BR,S-ZE-BR,S-ZB-BR,S-ZB-BR,B-ZD-UN,B-ZB-BO,B-ZG-BO,B-ZO-BO,S-ZO-UN,B-ZG-BO,B-ZO-BO,S-ZC-UN,B-ZB-BR,B-ZF-BR,B-ZG-BR
107,2004.04.07 00:00,GBPJPY,60,86400,BUY,ZB,1,191.920,189.980,1940.0,195.450,190.960,4490.0,231.443,50.52,960.0,457.8,191.920,190.960,196.410,BOUNCE,2004.04.19 17:00,1,2004.04.20 09:00,0,,0,,1,16h,NewYork,NA,,NA,,189.020,UNTOUCHED,,0,,0,,0,,0,NA,Other,NA,,NA,,192.880,BREAK,2004.04.07 00:00,0,,0,,0,,0,NA,Asia,BREAK,2004.04.07 01:00,BREAK,2004.04.07 02:00,190.000,UNTOUCHED,,0,,0,,0,,0,NA,Other,NA,,NA,,S-ZG-UN,B-ZB-BR,S-ZH-BR,S-ZE-UN,S-ZG-BR,S-ZB-BO,S-ZC-BR,S-ZE-BR,S-ZB-BR,S-ZB-BR,B-ZG-BO,B-ZO-BO,S-ZO-UN,B-ZG-BO,B-ZO-BO,S-ZC-UN,B-ZB-BR,B-ZF-BR,B-ZG-BR,S-ZF-UN
108,2004.04.09 00:00,GBPJPY,60,86400,BUY,ZG,0,195.340,193.180,2160.0,195.480,193.420,2060.0,95.370,11.11,1920.0,509.8,195.340,193.420,197.400,BOUNCE,2004.05.04 11:00,0,,0,,0,,0,NA,London,NA,,NA,,191.260,UNTOUCHED,,0,,0,,0,,0,NA,Other,NA,,NA,,197.260,BOUNCE,2004.05.04 11:00,0,,0,,0,,0,NA,London,NA,,NA,,191.500,UNTOUCHED,,0,,0,,0,,0,NA,Other,NA,,NA,,B-ZB-BO,S-ZG-UN,B-ZB-BR,S-ZH-BR,S-ZE-UN,S-ZG-BR,S-ZB-BO,S-ZC-BR,S-ZE-BR,S-ZB-BR,B-ZO-BO,S-ZO-UN,B-ZG-BO,B-ZO-BO,S-ZC-UN,B-ZB-BR,B-ZF-BR,B-ZG-BR,S-ZF-UN,B-ZF-BR
109,2004.04.10 00:00,GBPJPY,60,86400,BUY,ZO,0,195.480,193.420,2060.0,195.600,193.960,1640.0,79.612,26.21,1520.0,486.2,195.480,193.960,197.120,BOUNCE,2004.05.04 11:00,1,2004.05.05 15:00,0,,0,,1,1d 4h,London,NA,,NA,,191.900,UNTOUCHED,,0,,0,,0,,0,NA,Other,NA,,NA,,197.000,BREAK,2004.05.04 11:00,0,,0,,0,,0,NA,London,BREAK,2004.05.07 14:00,BREAK,2004.05.07 18:00,192.440,BOUNCE,2004.04.23 17:00,1,2004.05.04 11:00,1,2004.05.04 11:00,0,,2,1w 3d,NewYork,NA,,NA,,B-ZG-BO,B-ZB-BO,S-ZG-UN,B-ZB-BR,S-ZH-BR,S-ZE-UN,S-ZG-BR,S-ZB-BO,S-ZC-BR,S-ZE-BR,S-ZO-UN,B-ZG-BO,B-ZO-BO,S-ZC-UN,B-ZB-BR,B-ZF-BR,B-ZG-BR,S-ZF-UN,B-ZF-BR,S-ZF-UN
110,2004.04.14 00:00,GBPJPY,60,86400,SELL,ZO,0,195.290,193.210,2080.0,194.720,192.500,2220.0,106.731,27.40,1510.0,490.9,194.720,193.210,190.990,UNTOUCHED,,0,,0,,0,,0,NA,Other,NA,,NA,,196.800,BOUNCE,2004.04.27 14:00,0,,0,,0,,0,NA,NewYork,NA,,NA,,191.700,UNTOUCHED,,0,,0,,0,,0,NA,Other,NA,,NA,,196.230,BREAK,2004.04.19 17:00,0,,0,,0,,0,NA,NewYork,BREAK,2004.05.07 11:00,BREAK,2004.05.07 16:00,B-ZO-BO,B-ZG-BO,B-ZB-BO,S-ZG-UN,B-ZB-BR,S-ZH-BR,S-ZE-UN,S-ZG-BR,S-ZB-BO,S-ZC-BR,B-ZG-BO,B-ZO-BO,S-ZC-UN,B-ZB-BR,B-ZF-BR,B-ZG-BR,S-ZF-UN,B-ZF-BR,S-ZF-UN,S-ZO-UN
111,2004.04.15 00:00,GBPJPY,60,86400,BUY,ZG,0,194.720,192.500,2220.0,194.950,193.320,1630.0,73.423,36.94,1400.0,523.9,194.720,193.320,196.350,BOUNCE,2004.04.19 17:00,1,2004.04.20 11:00,0,,0,,1,18h,NewYork,NA,,NA,,191.100,UNTOUCHED,,0,,0,,0,,0,NA,Other,NA,,NA,,196.120,BREAK,2004.04.19 17:00,0,,0,,0,,0,NA,NewYork,BOUNCE,2004.05.05 12:00,NA,,191.920,UNTOUCHED,,0,,0,,0,,0,NA,Other,NA,,NA,,S-ZO-UN,B-ZO-BO,B-ZG-BO,B-ZB-BO,S-ZG-UN,B-ZB-BR,S-ZH-BR,S-ZE-UN,S-ZG-BR,S-ZB-BO,B-ZO-BO,S-ZC-UN,B-ZB-BR,B-ZF-BR,B-ZG-BR,S-ZF-UN,B-ZF-BR,S-ZF-UN,S-ZO-UN,B-ZB-BO
112,2004.04.17 00:00,GBPJPY,60,86400,BUY,ZO,0,195.230,192.970,2260.0,195.400,193.260,2140.0,94.690,12.83,1970.0,533.4,195.230,193.260,197.370,BOUNCE,2004.05.04 11:00,0,,0,,0,,0,NA,London,NA,,NA,,191.000,UNTOUCHED,,0,,0,,0,,0,NA,Other,NA,,NA,,197.200,BOUNCE,2004.05.04 11:00,0,,0,,0,,0,NA,London,NA,,NA,,191.290,UNTOUCHED,,0,,0,,0,,0,NA,Other,NA,,NA,,B-ZG-BO,S-ZO-UN,B-ZO-BO,B-ZG-BO,B-ZB-BO,S-ZG-UN,B-ZB-BR,S-ZH-BR,S-ZE-UN,S-ZG-BR,S-ZC-UN,B-ZB-BR,B-ZF-BR,B-ZG-BR,S-ZF-UN,B-ZF-BR,S-ZF-UN,S-ZO-UN,B-ZB-BO,S-ZG-BR
113,2004.04.22 00:00,GBPJPY,60,86400,SELL,ZC,1,196.750,193.090,3660.0,194.580,192.850,1730.0,47.268,59.29,1490.0,863.8,194.580,193.090,191.360,UNTOUCHED,,0,,0,,0,,0,NA,Other,NA,,NA,,198.240,BREAK,2004.05.07 11:00,0,,0,,0,,0,NA,London,BREAK,2004.05.07 18:00,BREAK,2004.05.10 18:00,191.600,UNTOUCHED,,0,,0,,0,,0,NA,Other,NA,,NA,,196.070,BOUNCE,2004.04.27 14:00,0,,0,,0,,0,NA,NewYork,NA,,NA,,B-ZO-BO,B-ZG-BO,S-ZO-UN,B-ZO-BO,B-ZG-BO,B-ZB-BO,S-ZG-UN,B-ZB-BR,S-ZH-BR,S-ZE-UN,B-ZB-BR,B-ZF-BR,B-ZG-BR,S-ZF-UN,B-ZF-BR,S-ZF-UN,S-ZO-UN,B-ZB-BO,S-ZG-BR,S-ZG-BR
114,2004.04.28 00:00,GBPJPY,60,86400,BUY,ZB,1,194.570,192.820,1750.0,196.830,193.540,3290.0,188.000,41.14,1030.0,413.0,194.570,193.540,197.860,BREAK,2004.05.07 03:00,0,,0,,0,,0,NA,Asia,BREAK,2004.05.07 15:00,BOUNCE,2004.05.07 16:00,191.790,UNTOUCHED,,0,,0,,0,,0,NA,Other,NA,,NA,,195.600,BREAK,2004.04.28 00:00,0,,0,,0,,0,NA,Asia,BOUNCE,2004.04.28 04:00,NA,,192.510,UNTOUCHED,,0,,0,,0,,0,NA,Other,NA,,NA,,S-ZC-UN,B-ZO-BO,B-ZG-BO,S-ZO-UN,B-ZO-BO,B-ZG-BO,B-ZB-BO,S-ZG-UN,B-ZB-BR,S-ZH-BR,B-ZF-BR,B-ZG-BR,S-ZF-UN,B-ZF-BR,S-ZF-UN,S-ZO-UN,B-ZB-BO,S-ZG-BR,S-ZG-BR,S-ZO-BR
115,2004.05.01 00:00,GBPJPY,60,86400,BUY,ZF,1,195.850,194.600,1250.0,196.700,194.700,2000.0,160.000,8.00,1150.0,295.0,195.850,194.700,197.850,BREAK,2004.05.07 03:00,0,,0,,0,,0,NA,Asia,BREAK,2004.05.07 15:00,BREAK,2004.05.07 17:00,193.450,UNTOUCHED,,0,,0,,0,,0,NA,Other,NA,,NA,,197.000,BREAK,2004.05.04 11:00,0,,0,,0,,0,NA,London,BREAK,2004.05.07 12:00,BOUNCE,2004.05.07 15:00,193.550,UNTOUCHED,,0,,0,,0,,0,NA,Other,NA,,NA,,B-ZB-BR,S-ZC-UN,B-ZO-BO,B-ZG-BO,S-ZO-UN,B-ZO-BO,B-ZG-BO,B-ZB-BO,S-ZG-UN,B-ZB-BR,B-ZG-BR,S-ZF-UN,B-ZF-BR,S-ZF-UN,S-ZO-UN,B-ZB-BO,S-ZG-BR,S-ZG-BR,S-ZO-BR,B-ZC-BO
116,2004.05.05 00:00,GBPJPY,60,86400,BUY,ZG,0,196.670,194.240,2430.0,197.600,195.110,2490.0,102.469,35.80,1560.0,573.5,196.670,195.110,199.160,BREAK,2004.05.07 15:00,0,,0,,0,,0,NA,NewYork,BREAK,2004.05.10 02:00,BOUNCE,2004.05.11 10:00,192.680,UNTOUCHED,,0,,0,,0,,0,NA,Other,NA,,NA,,198.230,BREAK,2004.05.07 11:00,0,,0,,0,,0,NA,London,BREAK,2004.05.07 17:00,BREAK,2004.05.10 12:00,193.550,UNTOUCHED,,0,,0,,0,,0,NA,Other,NA,,NA,,B-ZF-BR,B-ZB-BR,S-ZC-UN,B-ZO-BO,B-ZG-BO,S-ZO-UN,B-ZO-BO,B-ZG-BO,B-ZB-BO,S-ZG-UN,S-ZF-UN,B-ZF-BR,S-ZF-UN,S-ZO-UN,B-ZB-BO,S-ZG-BR,S-ZG-BR,S-ZO-BR,B-ZC-BO,B-ZB-BO
117,2004.05.06 00:00,GBPJPY,60,86400,SELL,ZF,0,197.600,195.110,2490.0,196.950,194.030,2920.0,117.269,26.10,1840.0,587.6,196.950,195.110,192.190,UNTOUCHED,,0,,0,,0,,0,NA,Other,NA,,NA,,199.440,BREAK,2004.05.07 15:00,0,,0,,0,,0,NA,NewYork,BREAK,2004.05.10 12:00,BREAK,2004.05.25 14:00,193.270,UNTOUCHED,,0,,0,,0,,0,NA,Other,NA,,NA,,198.790,BREAK,2004.05.07 12:00,0,,0,,0,,0,NA,London,BREAK,2004.05.10 02:00,BOUNCE,2004.05.11 11:00,B-ZG-BR,B-ZF-BR,B-ZB-BR,S-ZC-UN,B-ZO-BO,B-ZG-BO,S-ZO-UN,B-ZO-BO,B-ZG-BO,B-ZB-BO,B-ZF-BR,S-ZF-UN,S-ZO-UN,B-ZB-BO,S-ZG-BR,S-ZG-BR,S-ZO-BR,B-ZC-BO,B-ZB-BO,S-ZF-BR
118,2004.05.07 00:00,GBPJPY,60,86400,BUY,ZF,0,196.950,194.030,2920.0,197.300,194.590,2710.0,92.808,19.18,2360.0,689.1,196.950,194.590,199.660,BREAK,2004.05.07 16:00,0,,0,,0,,0,NA,NewYork,BOUNCE,2004.05.11 13:00,NA,,191.670,UNTOUCHED,,0,,0,,0,,0,NA,Other,NA,,NA,,199.310,BREAK,2004.05.07 15:00,0,,0,,0,,0,NA,NewYork,BREAK,2004.05.10 19:00,BOUNCE,2004.05.28 19:00,192.230,UNTOUCHED,,0,,0,,0,,0,NA,Other,NA,,NA,,S-ZF-UN,B-ZG-BR,B-ZF-BR,B-ZB-BR,S-ZC-UN,B-ZO-BO,B-ZG-BO,S-ZO-UN,B-ZO-BO,B-ZG-BO,S-ZF-UN,S-ZO-UN,B-ZB-BO,S-ZG-BR,S-ZG-BR,S-ZO-BR,B-ZC-BO,B-ZB-BO,S-ZF-BR,B-ZF-UN
119,2004.05.12 00:00,GBPJPY,60,86400,SELL,ZF,1,202.500,200.280,2220.0,202.490,198.490,4000.0,180.180,0.45,2210.0,523.9,202.490,200.280,196.280,UNTOUCHED,,0,,0,,0,,0,NA,Other,NA,,NA,,204.710,BREAK,2004.06.03 15:00,0,,0,,0,,0,NA,NewYork,UNTOUCHED,,NA,,198.070,BOUNCE,2004.05.12 04:00,1,2004.06.03 15:00,1,2004.06.03 15:00,0,,2,3w 1d,Asia,NA,,NA,,204.700,BREAK,2004.06.03 15:00,0,,0,,0,,0,NA,NewYork,UNTOUCHED,,NA,,B-ZF-BR,S-ZF-UN,B-ZG-BR,B-ZF-BR,B-ZB-BR,S-ZC-UN,B-ZO-BO,B-ZG-BO,S-ZO-UN,B-ZO-BO,S-ZO-UN,B-ZB-BO,S-ZG-BR,S-ZG-BR,S-ZO-BR,B-ZC-BO,B-ZB-BO,S-ZF-BR,B-ZF-UN,B-ZO-UN
120,2004.05.13 00:00,GBPJPY,60,86400,SELL,ZO,0,202.490,198.490,4000.0,201.480,197.870,3610.0,90.250,25.25,2990.0,944.0,201.480,198.490,194.880,UNTOUCHED,,0,,0,,0,,0,NA,Other,NA,,NA,,205.480,UNTOUCHED,,0,,0,,0,,0,NA,Other,NA,,NA,,195.500,UNTOUCHED,,0,,0,,0,,0,NA,Other,NA,,NA,,204.470,BOUNCE,2004.06.02 05:00,0,,0,,0,,0,NA,Asia,NA,,NA,,S-ZF-UN,B-ZF-BR,S-ZF-UN,B-ZG-BR,B-ZF-BR,B-ZB-BR,S-ZC-UN,B-ZO-BO,B-ZG-BO,S-ZO-UN,B-ZB-BO,S-ZG-BR,S-ZG-BR,S-ZO-BR,B-ZC-BO,B-ZB-BO,S-ZF-BR,B-ZF-UN,B-ZO-UN,S-ZH-BO
121,2004.05.14 00:00,GBPJPY,60,86400,BUY,ZB,1,201.480,197.870,3610.0,202.340,199.940,2400.0,66.482,57.34,1540.0,852.0,201.480,199.940,203.880,BOUNCE,2004.05.25 14:00,1,2004.05.31 10:00,1,2004.06.21 12:00,1,2004.06.24 02:00,3,4w 1d,NewYork,NA,,NA,,196.330,BREAK,2004.06.24 02:00,0,,0,,0,,0,NA,Asia,BOUNCE,2004.06.25 11:00,NA,,203.020,BREAK,2004.05.25 01:00,0,,0,,0,,0,NA,Asia,BOUNCE,2004.06.02 17:00,NA,,198.400,BREAK,2004.06.21 12:00,0,,0,,0,,0,NA,London,BREAK,2004.06.24 04:00,BOUNCE,2004.06.25 14:00,S-ZO-UN,S-ZF-UN,B-ZF-BR,S-ZF-UN,B-ZG-BR,B-ZF-BR,B-ZB-BR,S-ZC-UN,B-ZO-BO,B-ZG-BO,S-ZG-BR,S-ZG-BR,S-ZO-BR,B-ZC-BO,B-ZB-BO,S-ZF-BR,B-ZF-UN,B-ZO-UN,S-ZH-BO,S-ZC-BO
122,2004.05.20 00:00,GBPJPY,60,86400,SELL,ZG,0,202.940,199.920,3020.0,202.090,199.910,2180.0,72.185,28.15,2170.0,712.7,202.090,199.920,197.740,BREAK,2004.06.22 11:00,0,,0,,0,,0,NA,London,BREAK,2004.06.24 14:00,UNTOUCHED,,205.110,BOUNCE,2004.06.04 15:00,1,2004.06.09 05:00,1,2004.06.22 11:00,1,2004.06.22 11:00,3,2w 3d,NewYork,NA,,NA,,197.750,BREAK,2004.06.22 11:00,0,,0,,0,,0,NA,London,BREAK,2004.06.24 14:00,UNTOUCHED,,204.260,BOUNCE,2004.06.02 05:00,1,2004.06.22 11:00,1,2004.06.22 11:00,0,,2,2w 6d,Asia,NA,,NA,,B-ZB-BO,S-ZO-UN,S-ZF-UN,B-ZF-BR,S-ZF-UN,B-ZG-BR,B-ZF-BR,B-ZB-BR,S-ZC-UN,B-ZO-BO,S-ZG-BR,S-ZO-BR,B-ZC-BO,B-ZB-BO,S-ZF-BR,B-ZF-UN,B-ZO-UN,S-ZH-BO,S-ZC-BO,S-ZO-BO
123,2004.05.21 00:00,GBPJPY,60,86400,SELL,ZG,0,202.090,199.910,2180.0,202.010,199.790,2220.0,101.835,3.67,2100.0,514.5,202.010,199.910,197.690,BREAK,2004.06.22 11:00,0,,0,,0,,0,NA,London,BREAK,2004.06.24 13:00,UNTOUCHED,,204.190,BOUNCE,2004.06.02 05:00,1,2004.06.09 07:00,1,2004.06.22 11:00,1,2004.06.22 11:00,3,2w 6d,Asia,NA,,NA,,197.810,BREAK,2004.06.22 11:00,0,,0,,0,,0,NA,London,BREAK,2004.06.24 13:00,UNTOUCHED,,204.110,BOUNCE,2004.05.27 12:00,1,2004.06.22 11:00,1,2004.06.22 11:00,0,,2,3w 4d,London,NA,,NA,,S-ZG-BR,B-ZB-BO,S-ZO-UN,S-ZF-UN,B-ZF-BR,S-ZF-UN,B-ZG-BR,B-ZF-BR,B-ZB-BR,S-ZC-UN,S-ZO-BR,B-ZC-BO,B-ZB-BO,S-ZF-BR,B-ZF-UN,B-ZO-UN,S-ZH-BO,S-ZC-BO,S-ZO-BO,S-ZO-BR
124,2004.05.22 00:00,GBPJPY,60,86400,SELL,ZO,0,202.010,199.790,2220.0,201.190,199.400,1790.0,80.631,36.94,1400.0,523.9,201.190,199.790,198.000,BREAK,2004.06.22 10:00,0,,0,,0,,0,NA,London,BREAK,2004.06.24 03:00,BREAK,2004.06.24 14:00,203.410,BREAK,2004.05.25 11:00,0,,0,,0,,0,NA,London,BREAK,2004.06.04 15:00,UNTOUCHED,,198.390,BREAK,2004.06.21 12:00,0,,0,,0,,0,NA,London,BREAK,2004.06.24 01:00,BREAK,2004.06.24 13:00,202.590,BREAK,2004.05.25 01:00,0,,0,,0,,0,NA,Asia,BOUNCE,2004.05.28 17:00,NA,,S-ZG-BR,S-ZG-BR,B-ZB-BO,S-ZO-UN,S-ZF-UN,B-ZF-BR,S-ZF-UN,B-ZG-BR,B-ZF-BR,B-ZB-BR,B-ZC-BO,B-ZB-BO,S-ZF-BR,B-ZF-UN,B-ZO-UN,S-ZH-BO,S-ZC-BO,S-ZO-BO,S-ZO-BR,S-ZG-BO
125,2004.05.26 00:00,GBPJPY,60,86400,BUY,ZC,1,202.570,200.340,2230.0,203.950,201.900,2050.0,91.928,69.96,670.0,526.3,202.570,201.900,204.620,BOUNCE,2004.06.02 11:00,1,2004.06.02 15:00,1,2004.06.07 18:00,1,2004.06.09 10:00,3,6d 23h,London,NA,,NA,,199.670,BOUNCE,2004.06.09 10:00,1,2004.06.09 19:00,0,,0,,1,9h,London,NA,,NA,,203.240,BOUNCE,2004.05.26 23:00,1,2004.05.31 07:00,1,2004.06.09 10:00,0,,2,1w 6d,Other,NA,,NA,,201.230,BREAK,2004.05.31 07:00,0,,0,,0,,0,NA,London,BOUNCE,2004.06.01 04:00,NA,,S-ZO-BR,S-ZG-BR,S-ZG-BR,B-ZB-BO,S-ZO-UN,S-ZF-UN,B-ZF-BR,S-ZF-UN,B-ZG-BR,B-ZF-BR,B-ZB-BO,S-ZF-BR,B-ZF-UN,B-ZO-UN,S-ZH-BO,S-ZC-BO,S-ZO-BO,S-ZO-BR,S-ZG-BO,S-ZC-BR
126,2004.05.28 00:00,GBPJPY,60,86400,BUY,ZB,1,203.290,201.900,1390.0,204.120,202.500,1620.0,116.547,43.17,790.0,328.0,203.290,202.500,204.910,BOUNCE,2004.06.03 16:00,1,2004.06.07 07:00,1,2004.06.07 15:00,1,2004.06.08 23:00,3,5d 7h,NewYork,NA,,NA,,201.110,BREAK,2004.05.31 07:00,0,,0,,0,,0,NA,London,BOUNCE,2004.06.01 02:00,NA,,204.080,BOUNCE,2004.05.28 00:00,1,2004.05.28 19:00,1,2004.05.31 07:00,0,,2,3d 7h,Asia,NA,,NA,,201.710,BREAK,2004.05.28 19:00,0,,0,,0,,0,NA,NewYork,BREAK,2004.05.31 10:00,BOUNCE,2004.06.01 02:00,B-ZC-BO,S-ZO-BR,S-ZG-BR,S-ZG-BR,B-ZB-BO,S-ZO-UN,S-ZF-UN,B-ZF-BR,S-ZF-UN,B-ZG-BR,S-ZF-BR,B-ZF-UN,B-ZO-UN,S-ZH-BO,S-ZC-BO,S-ZO-BO,S-ZO-BR,S-ZG-BO,S-ZC-BR,S-ZG-BR
127,2004.05.29 00:00,GBPJPY,60,86400,SELL,ZF,1,204.120,202.500,1620.0,204.110,201.320,2790.0,172.222,0.62,1610.0,382.3,204.110,202.500,199.710,BREAK,2004.06.09 10:00,0,,0,,0,,0,NA,London,BREAK,2004.06.22 11:00,BREAK,2004.06.24 03:00,205.730,UNTOUCHED,,0,,0,,0,,0,NA,Other,NA,,NA,,200.890,BREAK,2004.05.31 09:00,0,,0,,0,,0,NA,London,BREAK,2004.06.09 14:00,BREAK,2004.06.23 16:00,205.720,UNTOUCHED,,0,,0,,0,,0,NA,Other,NA,,NA,,B-ZB-BO,B-ZC-BO,S-ZO-BR,S-ZG-BR,S-ZG-BR,B-ZB-BO,S-ZO-UN,S-ZF-UN,B-ZF-BR,S-ZF-UN,B-ZF-UN,B-ZO-UN,S-ZH-BO,S-ZC-BO,S-ZO-BO,S-ZO-BR,S-ZG-BO,S-ZC-BR,S-ZG-BR,S-ZF-BR
128,2004.06.02 00:00,GBPJPY,60,86400,BUY,ZF,0,202.730,200.110,2620.0,203.760,200.300,3460.0,132.061,7.25,2430.0,618.3,202.730,200.300,206.190,UNTOUCHED,,0,,0,,0,,0,NA,Other,NA,,NA,,197.680,BREAK,2004.06.22 11:00,0,,0,,0,,0,NA,London,BREAK,2004.06.24 14:00,UNTOUCHED,,205.160,BOUNCE,2004.06.04 15:00,1,2004.06.22 10:00,1,2004.06.22 11:00,0,,2,2w 3d,NewYork,NA,,NA,,197.870,BREAK,2004.06.22 10:00,0,,0,,0,,0,NA,London,BREAK,2004.06.24 14:00,UNTOUCHED,,S-ZF-BR,B-ZB-BO,B-ZC-BO,S-ZO-BR,S-ZG-BR,S-ZG-BR,B-ZB-BO,S-ZO-UN,S-ZF-UN,B-ZF-BR,B-ZO-UN,S-ZH-BO,S-ZC-BO,S-ZO-BO,S-ZO-BR,S-ZG-BO,S-ZC-BR,S-ZG-BR,S-ZF-BR,B-ZB-BO
129,2004.06.03 00:00,GBPJPY,60,86400,BUY,ZO,0,203.760,200.300,3460.0,204.630,201.440,3190.0,92.197,32.95,2320.0,816.6,203.760,201.440,206.950,UNTOUCHED,,0,,0,,0,,0,NA,Other,NA,,NA,,197.980,BREAK,2004.06.22 10:00,0,,0,,0,,0,NA,London,BREAK,2004.06.24 14:00,UNTOUCHED,,206.080,UNTOUCHED,,0,,0,,0,,0,NA,Other,NA,,NA,,199.120,BOUNCE,2004.06.09 14:00,0,,0,,0,,0,NA,NewYork,NA,,NA,,B-ZF-UN,S-ZF-BR,B-ZB-BO,B-ZC-BO,S-ZO-BR,S-ZG-BR,S-ZG-BR,B-ZB-BO,S-ZO-UN,S-ZF-UN,S-ZH-BO,S-ZC-BO,S-ZO-BO,S-ZO-BR,S-ZG-BO,S-ZC-BR,S-ZG-BR,S-ZF-BR,B-ZB-BO,B-ZG-BR
130,2004.06.08 00:00,GBPJPY,60,86400,SELL,ZH,1,204.790,204.170,620.0,204.660,201.120,3540.0,570.968,20.97,490.0,146.3,204.660,204.170,200.630,BOUNCE,2004.06.09 05:00,1,2004.06.09 20:00,0,,0,,1,15h,Asia,NA,,NA,,205.280,UNTOUCHED,,0,,0,,0,,0,NA,Other,NA,,NA,,203.680,BREAK,2004.06.08 00:00,0,,0,,0,,0,NA,Asia,BREAK,2004.06.08 01:00,BREAK,2004.06.08 02:00,205.150,UNTOUCHED,,0,,0,,0,,0,NA,Other,NA,,NA,,B-ZO-UN,B-ZF-UN,S-ZF-BR,B-ZB-BO,B-ZC-BO,S-ZO-BR,S-ZG-BR,S-ZG-BR,B-ZB-BO,S-ZO-UN,S-ZC-BO,S-ZO-BO,S-ZO-BR,S-ZG-BO,S-ZC-BR,S-ZG-BR,S-ZF-BR,B-ZB-BO,B-ZG-BR,B-ZB-BR
131,2004.06.09 00:00,GBPJPY,60,86400,SELL,ZC,1,204.660,201.120,3540.0,202.790,201.110,1680.0,47.458,52.82,1670.0,835.4,202.790,201.120,199.440,BOUNCE,2004.06.09 14:00,1,2004.07.13 18:00,0,,0,,1,4w 6d,NewYork,NA,,NA,,206.330,UNTOUCHED,,0,,0,,0,,0,NA,Other,NA,,NA,,199.450,BOUNCE,2004.06.09 14:00,0,,0,,0,,0,NA,NewYork,NA,,NA,,204.460,UNTOUCHED,,0,,0,,0,,0,NA,Other,NA,,NA,,S-ZH-BO,B-ZO-UN,B-ZF-UN,S-ZF-BR,B-ZB-BO,B-ZC-BO,S-ZO-BR,S-ZG-BR,S-ZG-BR,B-ZB-BO,S-ZO-BO,S-ZO-BR,S-ZG-BO,S-ZC-BR,S-ZG-BR,S-ZF-BR,B-ZB-BO,B-ZG-BR,B-ZB-BR,B-ZB-BR
132,2004.06.10 00:00,GBPJPY,60,86400,SELL,ZO,1,202.790,201.110,1680.0,202.410,198.880,3530.0,210.119,22.62,1300.0,396.5,202.410,201.110,197.580,BOUNCE,2004.06.22 12:00,1,2004.07.06 03:00,1,2004.07.16 15:00,1,2004.07.19 02:00,3,3w 5d,London,NA,,NA,,204.090,BOUNCE,2004.07.19 02:00,1,2004.07.20 11:00,0,,0,,1,1d 9h,Asia,NA,,NA,,199.810,BREAK,2004.06.10 14:00,0,,0,,0,,0,NA,NewYork,BREAK,2004.06.21 16:00,BREAK,2004.06.24 01:00,203.710,BREAK,2004.07.16 15:00,0,,0,,0,,0,NA,NewYork,UNTOUCHED,,NA,,S-ZC-BO,S-ZH-BO,B-ZO-UN,B-ZF-UN,S-ZF-BR,B-ZB-BO,B-ZC-BO,S-ZO-BR,S-ZG-BR,S-ZG-BR,S-ZO-BR,S-ZG-BO,S-ZC-BR,S-ZG-BR,S-ZF-BR,B-ZB-BO,B-ZG-BR,B-ZB-BR,B-ZB-BR,B-ZB-BO
133,2004.06.18 00:00,GBPJPY,60,86400,SELL,ZO,0,201.620,200.110,1510.0,201.540,199.930,1610.0,106.623,5.30,1430.0,356.4,201.540,200.110,198.500,BREAK,2004.06.21 11:00,0,,0,,0,,0,NA,London,BREAK,2004.06.24 01:00,BREAK,2004.06.24 13:00,203.050,BREAK,2004.07.14 10:00,0,,0,,0,,0,NA,London,BOUNCE,2004.08.16 18:00,NA,,198.680,BREAK,2004.06.21 11:00,0,,0,,0,,0,NA,London,BREAK,2004.06.24 01:00,BREAK,2004.06.24 10:00,202.970,BREAK,2004.07.14 09:00,0,,0,,0,,0,NA,London,BOUNCE,2004.08.17 02:00,NA,,S-ZO-BO,S-ZC-BO,S-ZH-BO,B-ZO-UN,B-ZF-UN,S-ZF-BR,B-ZB-BO,B-ZC-BO,S-ZO-BR,S-ZG-BR,S-ZG-BO,S-ZC-BR,S-ZG-BR,S-ZF-BR,B-ZB-BO,B-ZG-BR,B-ZB-BR,B-ZB-BR,B-ZB-BO,B-ZO-BO
134,2004.06.21 01:00,GBPJPY,60,86400,SELL,ZG,0,201.540,199.930,1610.0,201.210,199.350,1860.0,115.528,20.50,1280.0,380.0,201.210,199.930,198.070,BOUNCE,2004.06.21 16:00,1,2004.07.06 04:00,1,2004.07.13 17:00,1,2004.07.13 18:00,3,3w 1d,NewYork,NA,,NA,,202.820,BOUNCE,2004.07.13 18:00,0,,0,,0,,0,NA,NewYork,NA,,NA,,198.650,BREAK,2004.06.21 11:00,0,,0,,0,,0,NA,London,BOUNCE,2004.06.22 19:00,NA,,202.490,BREAK,2004.07.13 17:00,0,,0,,0,,0,NA,NewYork,BOUNCE,2004.07.19 15:00,NA,,S-ZO-BR,S-ZO-BO,S-ZC-BO,S-ZH-BO,B-ZO-UN,B-ZF-UN,S-ZF-BR,B-ZB-BO,B-ZC-BO,S-ZO-BR,S-ZC-BR,S-ZG-BR,S-ZF-BR,B-ZB-BO,B-ZG-BR,B-ZB-BR,B-ZB-BR,B-ZB-BO,B-ZO-BO,B-ZC-BO
135,2004.06.22 00:00,GBPJPY,60,86400,SELL,ZC,1,201.210,199.350,1860.0,200.270,198.010,2260.0,121.505,50.54,920.0,439.0,200.270,199.350,197.090,BREAK,2004.06.23 22:00,0,,0,,0,,0,NA,Other,BREAK,2004.06.24 10:00,BREAK,2004.06.24 14:00,202.130,BOUNCE,2004.07.08 17:00,1,2004.07.09 08:00,0,,0,,1,15h,NewYork,NA,,NA,,198.430,BREAK,2004.06.22 09:00,0,,0,,0,,0,NA,London,BOUNCE,2004.06.22 17:00,NA,,201.190,BREAK,2004.07.06 15:00,0,,0,,0,,0,NA,NewYork,BOUNCE,2004.07.08 22:00,NA,,S-ZG-BO,S-ZO-BR,S-ZO-BO,S-ZC-BO,S-ZH-BO,B-ZO-UN,B-ZF-UN,S-ZF-BR,B-ZB-BO,B-ZC-BO,S-ZG-BR,S-ZF-BR,B-ZB-BO,B-ZG-BR,B-ZB-BR,B-ZB-BR,B-ZB-BO,B-ZO-BO,B-ZC-BO,S-ZG-BO
136,2004.06.23 00:00,GBPJPY,60,86400,SELL,ZG,0,200.270,198.010,2260.0,199.570,197.320,2250.0,99.558,30.97,1560.0,533.4,199.570,198.010,195.760,BREAK,2004.06.24 10:00,0,,0,,0,,0,NA,London,UNTOUCHED,,NA,,201.830,BOUNCE,2004.07.07 03:00,0,,0,,0,,0,NA,Asia,NA,,NA,,196.450,BREAK,2004.06.24 01:00,0,,0,,0,,0,NA,Asia,BOUNCE,2004.06.25 12:00,NA,,201.130,BREAK,2004.07.06 15:00,0,,0,,0,,0,NA,NewYork,BREAK,2004.07.14 10:00,BOUNCE,2004.08.17 10:00,S-ZC-BR,S-ZG-BO,S-ZO-BR,S-ZO-BO,S-ZC-BO,S-ZH-BO,B-ZO-UN,B-ZF-UN,S-ZF-BR,B-ZB-BO,S-ZF-BR,B-ZB-BO,B-ZG-BR,B-ZB-BR,B-ZB-BR,B-ZB-BO,B-ZO-BO,B-ZC-BO,S-ZG-BO,B-ZE-BO
137,2004.06.24 00:00,GBPJPY,60,86400,SELL,ZF,0,199.570,197.320,2250.0,199.010,196.920,2090.0,92.889,24.89,1690.0,531.0,199.010,197.320,195.230,BREAK,2004.06.24 13:00,0,,0,,0,,0,NA,NewYork,UNTOUCHED,,NA,,201.260,BREAK,2004.07.06 15:00,0,,0,,0,,0,NA,NewYork,BREAK,2004.07.15 19:00,BOUNCE,2004.08.17 02:00,195.630,BREAK,2004.06.24 10:00,0,,0,,0,,0,NA,London,UNTOUCHED,,NA,,200.700,BREAK,2004.07.06 04:00,0,,0,,0,,0,NA,Asia,BREAK,2004.07.14 09:00,BOUNCE,2004.07.19 15:00,S-ZG-BR,S-ZC-BR,S-ZG-BO,S-ZO-BR,S-ZO-BO,S-ZC-BO,S-ZH-BO,B-ZO-UN,B-ZF-UN,S-ZF-BR,B-ZB-BO,B-ZG-BR,B-ZB-BR,B-ZB-BR,B-ZB-BO,B-ZO-BO,B-ZC-BO,S-ZG-BO,B-ZE-BO,B-ZG-UN
138,2004.06.29 00:00,GBPJPY,60,86400,BUY,ZB,1,196.890,195.080,1810.0,197.770,196.090,1680.0,92.818,55.80,800.0,427.2,196.890,196.090,198.570,BOUNCE,2004.06.30 19:00,1,2004.07.01 02:00,0,,0,,1,7h,NewYork,NA,,NA,,194.280,UNTOUCHED,,0,,0,,0,,0,NA,Other,NA,,NA,,197.690,BREAK,2004.06.29 03:00,0,,0,,0,,0,NA,Asia,BOUNCE,2004.06.30 21:00,NA,,195.290,UNTOUCHED,,0,,0,,0,,0,NA,Other,NA,,NA,,S-ZF-BR,S-ZG-BR,S-ZC-BR,S-ZG-BO,S-ZO-BR,S-ZO-BO,S-ZC-BO,S-ZH-BO,B-ZO-UN,B-ZF-UN,B-ZG-BR,B-ZB-BR,B-ZB-BR,B-ZB-BO,B-ZO-BO,B-ZC-BO,S-ZG-BO,B-ZE-BO,B-ZG-UN,B-ZG-UN
139,2004.07.01 00:00,GBPJPY,60,86400,BUY,ZG,0,198.230,195.340,2890.0,198.600,195.400,3200.0,110.727,2.08,2830.0,682.0,198.230,195.400,201.430,BREAK,2004.07.06 19:00,0,,0,,0,,0,NA,NewYork,BOUNCE,2004.08.17 17:00,NA,,192.510,UNTOUCHED,,0,,0,,0,,0,NA,Other,NA,,NA,,201.060,BREAK,2004.07.06 14:00,0,,0,,0,,0,NA,NewYork,BOUNCE,2004.07.20 14:00,NA,,192.570,UNTOUCHED,,0,,0,,0,,0,NA,Other,NA,,NA,,B-ZB-BO,S-ZF-BR,S-ZG-BR,S-ZC-BR,S-ZG-BO,S-ZO-BR,S-ZO-BO,S-ZC-BO,S-ZH-BO,B-ZO-UN,B-ZB-BR,B-ZB-BR,B-ZB-BO,B-ZO-BO,B-ZC-BO,S-ZG-BO,B-ZE-BO,B-ZG-UN,B-ZG-UN,B-ZC-UN
140,2004.07.05 01:00,GBPJPY,60,86400,BUY,ZB,1,198.140,195.830,2310.0,198.940,197.110,1830.0,79.221,55.41,1030.0,545.2,198.140,197.110,199.970,BREAK,2004.07.05 16:00,0,,0,,0,,0,NA,NewYork,BREAK,2004.07.06 21:00,BOUNCE,2004.07.09 05:00,194.800,UNTOUCHED,,0,,0,,0,,0,NA,Other,NA,,NA,,199.170,BREAK,2004.07.05 03:00,0,,0,,0,,0,NA,Asia,BREAK,2004.07.06 04:00,BREAK,2004.07.07 02:00,196.080,UNTOUCHED,,0,,0,,0,,0,NA,Other,NA,,NA,,B-ZG-BR,B-ZB-BO,S-ZF-BR,S-ZG-BR,S-ZC-BR,S-ZG-BO,S-ZO-BR,S-ZO-BO,S-ZC-BO,S-ZH-BO,B-ZB-BR,B-ZB-BO,B-ZO-BO,B-ZC-BO,S-ZG-BO,B-ZE-BO,B-ZG-UN,B-ZG-UN,B-ZC-UN,S-ZD-BO
141,2004.07.06 00:00,GBPJPY,60,86400,BUY,ZB,1,198.940,197.110,1830.0,200.010,198.360,1650.0,90.164,68.31,580.0,431.9,198.940,198.360,200.590,BREAK,2004.07.06 04:00,0,,0,,0,,0,NA,Asia,BOUNCE,2004.07.06 15:00,NA,,196.530,UNTOUCHED,,0,,0,,0,,0,NA,Other,NA,,NA,,199.520,BREAK,2004.07.06 00:00,0,,0,,0,,0,NA,Asia,BREAK,2004.07.06 04:00,BOUNCE,2004.07.06 10:00,197.780,UNTOUCHED,,0,,0,,0,,0,NA,Other,NA,,NA,,B-ZB-BR,B-ZG-BR,B-ZB-BO,S-ZF-BR,S-ZG-BR,S-ZC-BR,S-ZG-BO,S-ZO-BR,S-ZO-BO,S-ZC-BO,B-ZB-BO,B-ZO-BO,B-ZC-BO,S-ZG-BO,B-ZE-BO,B-ZG-UN,B-ZG-UN,B-ZC-UN,S-ZD-BO,B-ZH-BR
142,2004.07.07 00:00,GBPJPY,60,86400,BUY,ZB,1,200.010,198.360,1650.0,201.720,199.430,2290.0,138.788,64.85,580.0,389.4,200.010,199.430,202.300,BOUNCE,2004.07.13 16:00,1,2004.07.20 14:00,0,,0,,1,6d 22h,NewYork,NA,,NA,,197.780,UNTOUCHED,,0,,0,,0,,0,NA,Other,NA,,NA,,200.590,BREAK,2004.07.07 00:00,0,,0,,0,,0,NA,Asia,BREAK,2004.07.07 01:00,BOUNCE,2004.07.07 03:00,198.850,UNTOUCHED,,0,,0,,0,,0,NA,Other,NA,,NA,,B-ZB-BR,B-ZB-BR,B-ZG-BR,B-ZB-BO,S-ZF-BR,S-ZG-BR,S-ZC-BR,S-ZG-BO,S-ZO-BR,S-ZO-BO,B-ZO-BO,B-ZC-BO,S-ZG-BO,B-ZE-BO,B-ZG-UN,B-ZG-UN,B-ZC-UN,S-ZD-BO,B-ZH-BR,B-ZO-BO
143,2004.07.08 00:00,GBPJPY,60,86400,BUY,ZO,0,201.720,199.430,2290.0,201.870,200.280,1590.0,69.432,37.12,1440.0,540.4,201.720,200.280,203.310,BOUNCE,2004.07.14 10:00,1,2004.08.18 10:00,0,,0,,1,5w 0d,London,NA,,NA,,197.990,UNTOUCHED,,0,,0,,0,,0,NA,Other,NA,,NA,,203.160,BREAK,2004.07.14 10:00,0,,0,,0,,0,NA,London,BOUNCE,2004.08.16 18:00,NA,,198.840,UNTOUCHED,,0,,0,,0,,0,NA,Other,NA,,NA,,B-ZB-BO,B-ZB-BR,B-ZB-BR,B-ZG-BR,B-ZB-BO,S-ZF-BR,S-ZG-BR,S-ZC-BR,S-ZG-BO,S-ZO-BR,B-ZC-BO,S-ZG-BO,B-ZE-BO,B-ZG-UN,B-ZG-UN,B-ZC-UN,S-ZD-BO,B-ZH-BR,B-ZO-BO,S-ZO-BR
144,2004.07.09 00:00,GBPJPY,60,86400,BUY,ZC,1,201.870,200.280,1590.0,202.140,200.980,1160.0,72.956,44.03,890.0,375.2,201.870,200.980,203.030,BOUNCE,2004.07.14 10:00,1,2004.07.20 14:00,1,2004.08.18 15:00,1,2004.08.18 20:00,3,5w 0d,London,NA,,NA,,199.390,BOUNCE,2004.08.18 20:00,0,,0,,0,,0,NA,NewYork,NA,,NA,,202.760,BOUNCE,2004.07.13 18:00,1,2004.08.18 15:00,1,2004.08.18 20:00,0,,2,5w 1d,NewYork,NA,,NA,,200.090,BOUNCE,2004.07.12 04:00,1,2004.07.13 18:00,1,2004.07.13 18:00,0,,2,1d 14h,Asia,NA,,NA,,B-ZO-BO,B-ZB-BO,B-ZB-BR,B-ZB-BR,B-ZG-BR,B-ZB-BO,S-ZF-BR,S-ZG-BR,S-ZC-BR,S-ZG-BO,S-ZG-BO,B-ZE-BO,B-ZG-UN,B-ZG-UN,B-ZC-UN,S-ZD-BO,B-ZH-BR,B-ZO-BO,S-ZO-BR,B-ZE-BR
145,2004.07.12 01:00,GBPJPY,60,86400,SELL,ZG,1,202.140,200.980,1160.0,201.780,200.170,1610.0,138.793,31.03,800.0,273.8,201.780,200.980,199.370,BOUNCE,2004.08.18 21:00,0,,0,,0,,0,NA,Other,NA,,NA,,202.940,BREAK,2004.07.14 09:00,0,,0,,0,,0,NA,London,BREAK,2004.07.19 01:00,BOUNCE,2004.08.16 14:00,200.180,BOUNCE,2004.07.12 01:00,1,2004.07.13 17:00,1,2004.07.14 09:00,0,,2,2d 8h,Asia,NA,,NA,,202.580,BREAK,2004.07.13 17:00,0,,0,,0,,0,NA,NewYork,BREAK,2004.07.16 15:00,BREAK,2004.08.16 12:00,B-ZC-BO,B-ZO-BO,B-ZB-BO,B-ZB-BR,B-ZB-BR,B-ZG-BR,B-ZB-BO,S-ZF-BR,S-ZG-BR,S-ZC-BR,B-ZE-BO,B-ZG-UN,B-ZG-UN,B-ZC-UN,S-ZD-BO,B-ZH-BR,B-ZO-BO,S-ZO-BR,B-ZE-BR,B-ZF-UN
146,2004.07.14 00:00,GBPJPY,60,86400,BUY,ZE,1,202.020,200.070,1950.0,202.890,201.100,1790.0,91.795,52.82,920.0,460.2,202.020,201.100,203.810,BOUNCE,2004.07.16 15:00,1,2004.07.19 23:00,1,2004.08.18 15:00,1,2004.08.20 17:00,3,5w 0d,NewYork,NA,,NA,,199.150,BREAK,2004.08.20 17:00,0,,0,,0,,0,NA,NewYork,BOUNCE,2004.08.23 13:00,NA,,202.940,BOUNCE,2004.07.14 09:00,1,2004.08.18 15:00,1,2004.08.20 17:00,0,,2,5w 2d,London,NA,,NA,,200.180,BREAK,2004.08.18 15:00,0,,0,,0,,0,NA,NewYork,BOUNCE,2004.08.19 13:00,NA,,S-ZG-BO,B-ZC-BO,B-ZO-BO,B-ZB-BO,B-ZB-BR,B-ZB-BR,B-ZG-BR,B-ZB-BO,S-ZF-BR,S-ZG-BR,B-ZG-UN,B-ZG-UN,B-ZC-UN,S-ZD-BO,B-ZH-BR,B-ZO-BO,S-ZO-BR,B-ZE-BR,B-ZF-UN,S-ZF-BR
147,2004.07.15 00:00,GBPJPY,60,86400,BUY,ZG,0,202.890,201.100,1790.0,203.370,201.270,2100.0,117.318,9.50,1620.0,422.4,202.890,201.270,204.990,UNTOUCHED,,0,,0,,0,,0,NA,Other,NA,,NA,,199.480,BREAK,2004.08.18 16:00,0,,0,,0,,0,NA,NewYork,BREAK,2004.08.24 15:00,BREAK,2004.08.24 21:00,204.510,BOUNCE,2004.08.16 12:00,1,2004.08.18 16:00,1,2004.08.18 16:00,0,,2,2d 4h,London,NA,,NA,,199.650,BREAK,2004.08.18 16:00,0,,0,,0,,0,NA,NewYork,BREAK,2004.08.24 15:00,BREAK,2004.08.24 21:00,B-ZE-BO,S-ZG-BO,B-ZC-BO,B-ZO-BO,B-ZB-BO,B-ZB-BR,B-ZB-BR,B-ZG-BR,B-ZB-BO,S-ZF-BR,B-ZG-UN,B-ZC-UN,S-ZD-BO,B-ZH-BR,B-ZO-BO,S-ZO-BR,B-ZE-BR,B-ZF-UN,S-ZF-BR,S-ZO-BR
148,2004.07.16 00:00,GBPJPY,60,86400,BUY,ZG,0,203.370,201.270,2100.0,203.590,201.820,1770.0,84.286,26.19,1550.0,495.6,203.370,201.820,205.140,UNTOUCHED,,0,,0,,0,,0,NA,Other,NA,,NA,,199.720,BREAK,2004.08.18 16:00,0,,0,,0,,0,NA,NewYork,BREAK,2004.08.24 14:00,BREAK,2004.08.24 19:00,204.920,UNTOUCHED,,0,,0,,0,,0,NA,Other,NA,,NA,,200.270,BREAK,2004.08.18 15:00,0,,0,,0,,0,NA,NewYork,BREAK,2004.08.23 03:00,BREAK,2004.08.24 17:00,B-ZG-UN,B-ZE-BO,S-ZG-BO,B-ZC-BO,B-ZO-BO,B-ZB-BO,B-ZB-BR,B-ZB-BR,B-ZG-BR,B-ZB-BO,B-ZC-UN,S-ZD-BO,B-ZH-BR,B-ZO-BO,S-ZO-BR,B-ZE-BR,B-ZF-UN,S-ZF-BR,S-ZO-BR,S-ZE-BR
149,2004.07.19 01:00,GBPJPY,60,86400,BUY,ZC,1,203.590,201.820,1770.0,203.970,202.640,1330.0,75.141,46.33,950.0,417.7,203.590,202.640,204.920,UNTOUCHED,,0,,0,,0,,0,NA,Other,NA,,NA,,200.870,BREAK,2004.07.20 17:00,0,,0,,0,,0,NA,NewYork,BREAK,2004.08.18 16:00,BREAK,2004.08.20 21:00,204.540,BOUNCE,2004.08.16 12:00,1,2004.08.17 17:00,1,2004.08.18 00:00,0,,2,1d 12h,London,NA,,NA,,201.690,BREAK,2004.07.20 11:00,0,,0,,0,,0,NA,London,BOUNCE,2004.07.21 17:00,NA,,B-ZG-UN,B-ZG-UN,B-ZE-BO,S-ZG-BO,B-ZC-BO,B-ZO-BO,B-ZB-BO,B-ZB-BR,B-ZB-BR,B-ZG-BR,S-ZD-BO,B-ZH-BR,B-ZO-BO,S-ZO-BR,B-ZE-BR,B-ZF-UN,S-ZF-BR,S-ZO-BR,S-ZE-BR,B-ZF-BR
150,2004.07.21 00:00,GBPJPY,60,86400,SELL,ZD,1,204.120,201.950,2170.0,203.040,200.450,2590.0,119.355,49.77,1090.0,512.1,203.040,201.950,199.360,BOUNCE,2004.08.18 21:00,0,,0,,0,,0,NA,Other,NA,,NA,,205.210,UNTOUCHED,,0,,0,,0,,0,NA,Other,NA,,NA,,200.860,BOUNCE,2004.07.21 00:00,1,2004.07.28 19:00,0,,0,,1,1w 0d,Asia,NA,,NA,,204.130,BOUNCE,2004.07.28 19:00,1,2004.08.18 00:00,1,2004.08.18 00:00,0,,2,2w 6d,NewYork,NA,,NA,,B-ZC-UN,B-ZG-UN,B-ZG-UN,B-ZE-BO,S-ZG-BO,B-ZC-BO,B-ZO-BO,B-ZB-BO,B-ZB-BR,B-ZB-BR,B-ZH-BR,B-ZO-BO,S-ZO-BR,B-ZE-BR,B-ZF-UN,S-ZF-BR,S-ZO-BR,S-ZE-BR,B-ZF-BR,B-ZB-UN
151,2004.07.23 00:00,GBPJPY,60,86400,BUY,ZH,0,202.270,200.580,1690.0,202.580,201.220,1360.0,80.473,37.87,1050.0,398.8,202.270,201.220,203.630,BREAK,2004.07.28 18:00,0,,0,,0,,0,NA,NewYork,BOUNCE,2004.08.16 17:00,NA,,199.530,BOUNCE,2004.08.18 16:00,0,,0,,0,,0,NA,NewYork,NA,,NA,,203.320,BREAK,2004.07.28 17:00,0,,0,,0,,0,NA,NewYork,BOUNCE,2004.08.16 18:00,NA,,200.170,BREAK,2004.08.18 15:00,0,,0,,0,,0,NA,NewYork,BREAK,2004.08.20 19:00,BREAK,2004.08.24 14:00,S-ZD-BO,B-ZC-UN,B-ZG-UN,B-ZG-UN,B-ZE-BO,S-ZG-BO,B-ZC-BO,B-ZO-BO,B-ZB-BO,B-ZB-BR,B-ZO-BO,S-ZO-BR,B-ZE-BR,B-ZF-UN,S-ZF-BR,S-ZO-BR,S-ZE-BR,B-ZF-BR,B-ZB-UN,B-ZG-UN
152,2004.07.26 01:00,GBPJPY,60,86400,BUY,ZO,0,202.580,201.220,1360.0,202.640,201.370,1270.0,93.382,11.03,1210.0,321.0,202.580,201.370,203.850,BOUNCE,2004.07.28 19:00,1,2004.08.03 17:00,1,2004.08.18 15:00,1,2004.08.18 15:00,3,2w 6d,NewYork,NA,,NA,,200.010,BREAK,2004.08.18 15:00,0,,0,,0,,0,NA,NewYork,BREAK,2004.08.20 21:00,BREAK,2004.08.24 15:00,203.790,BREAK,2004.07.28 19:00,0,,0,,0,,0,NA,NewYork,UNTOUCHED,,NA,,200.160,BREAK,2004.08.18 15:00,0,,0,,0,,0,NA,NewYork,BREAK,2004.08.20 21:00,BREAK,2004.08.24 15:00,B-ZH-BR,S-ZD-BO,B-ZC-UN,B-ZG-UN,B-ZG-UN,B-ZE-BO,S-ZG-BO,B-ZC-BO,B-ZO-BO,B-ZB-BO,S-ZO-BR,B-ZE-BR,B-ZF-UN,S-ZF-BR,S-ZO-BR,S-ZE-BR,B-ZF-BR,B-ZB-UN,B-ZG-UN,S-ZF-BR
153,2004.07.27 00:00,GBPJPY,60,86400,SELL,ZO,0,202.640,201.370,1270.0,202.560,201.000,1560.0,122.835,6.30,1190.0,299.7,202.560,201.370,199.810,BREAK,2004.08.18 16:00,0,,0,,0,,0,NA,NewYork,BREAK,2004.08.20 23:00,BREAK,2004.08.24 17:00,203.830,BREAK,2004.07.28 19:00,0,,0,,0,,0,NA,NewYork,UNTOUCHED,,NA,,200.180,BREAK,2004.08.18 15:00,0,,0,,0,,0,NA,NewYork,BREAK,2004.08.20 21:00,BREAK,2004.08.24 15:00,203.750,BREAK,2004.07.28 19:00,0,,0,,0,,0,NA,NewYork,UNTOUCHED,,NA,,B-ZO-BO,B-ZH-BR,S-ZD-BO,B-ZC-UN,B-ZG-UN,B-ZG-UN,B-ZE-BO,S-ZG-BO,B-ZC-BO,B-ZO-BO,B-ZE-BR,B-ZF-UN,S-ZF-BR,S-ZO-BR,S-ZE-BR,B-ZF-BR,B-ZB-UN,B-ZG-UN,S-ZF-BR,S-ZF-BR
154,2004.07.28 00:00,GBPJPY,60,86400,BUY,ZE,1,202.560,201.000,1560.0,202.870,201.890,980.0,62.821,57.05,670.0,368.2,202.560,201.890,203.540,BREAK,2004.07.28 17:00,0,,0,,0,,0,NA,NewYork,BREAK,2004.08.16 12:00,UNTOUCHED,,200.330,BREAK,2004.08.18 15:00,0,,0,,0,,0,NA,NewYork,BREAK,2004.08.18 21:00,BREAK,2004.08.20 21:00,203.230,BREAK,2004.07.28 17:00,0,,0,,0,,0,NA,NewYork,BOUNCE,2004.07.29 15:00,NA,,201.220,BOUNCE,2004.08.17 17:00,0,,0,,0,,0,NA,NewYork,NA,,NA,,S-ZO-BR,B-ZO-BO,B-ZH-BR,S-ZD-BO,B-ZC-UN,B-ZG-UN,B-ZG-UN,B-ZE-BO,S-ZG-BO,B-ZC-BO,B-ZF-UN,S-ZF-BR,S-ZO-BR,S-ZE-BR,B-ZF-BR,B-ZB-UN,B-ZG-UN,S-ZF-BR,S-ZF-BR,B-ZE-UN
155,2004.07.29 00:00,GBPJPY,60,86400,BUY,ZF,1,202.870,201.890,980.0,204.130,201.900,2230.0,227.551,1.02,970.0,231.3,202.870,201.900,205.100,UNTOUCHED,,0,,0,,0,,0,NA,Other,NA,,NA,,200.920,BREAK,2004.08.17 18:00,0,,0,,0,,0,NA,NewYork,BREAK,2004.08.18 16:00,BREAK,2004.08.20 19:00,203.840,BOUNCE,2004.07.29 00:00,1,2004.08.17 18:00,1,2004.08.17 18:00,0,,2,2w 5d,Asia,NA,,NA,,200.930,BREAK,2004.08.17 18:00,0,,0,,0,,0,NA,NewYork,BREAK,2004.08.18 16:00,BREAK,2004.08.20 19:00,B-ZE-BR,S-ZO-BR,B-ZO-BO,B-ZH-BR,S-ZD-BO,B-ZC-UN,B-ZG-UN,B-ZG-UN,B-ZE-BO,S-ZG-BO,S-ZF-BR,S-ZO-BR,S-ZE-BR,B-ZF-BR,B-ZB-UN,B-ZG-UN,S-ZF-BR,S-ZF-BR,B-ZE-UN,S-ZD-BO
156,2004.08.02 01:00,GBPJPY,60,86400,SELL,ZF,1,204.060,202.990,1070.0,203.900,201.950,1950.0,182.243,14.95,910.0,252.5,203.900,202.990,201.040,BREAK,2004.08.17 18:00,0,,0,,0,,0,NA,NewYork,BREAK,2004.08.18 16:00,BOUNCE,2004.08.19 12:00,204.970,UNTOUCHED,,0,,0,,0,,0,NA,Other,NA,,NA,,202.080,BREAK,2004.08.02 06:00,0,,0,,0,,0,NA,Asia,BOUNCE,2004.08.17 17:00,NA,,204.810,UNTOUCHED,,0,,0,,0,,0,NA,Other,NA,,NA,,B-ZF-UN,B-ZE-BR,S-ZO-BR,B-ZO-BO,B-ZH-BR,S-ZD-BO,B-ZC-UN,B-ZG-UN,B-ZG-UN,B-ZE-BO,S-ZO-BR,S-ZE-BR,B-ZF-BR,B-ZB-UN,B-ZG-UN,S-ZF-BR,S-ZF-BR,B-ZE-UN,S-ZD-BO,S-ZE-BR
157,2004.08.03 00:00,GBPJPY,60,86400,SELL,ZO,0,203.900,201.950,1950.0,203.180,201.820,1360.0,69.744,36.92,1230.0,460.2,203.180,201.950,200.590,BREAK,2004.08.18 10:00,0,,0,,0,,0,NA,London,BOUNCE,2004.08.20 03:00,NA,,205.130,UNTOUCHED,,0,,0,,0,,0,NA,Other,NA,,NA,,200.720,BREAK,2004.08.18 00:00,0,,0,,0,,0,NA,Asia,BREAK,2004.08.20 17:00,BREAK,2004.08.24 14:00,204.410,BOUNCE,2004.08.16 11:00,1,2004.08.18 00:00,1,2004.08.18 00:00,0,,2,1d 13h,London,NA,,NA,,S-ZF-BR,B-ZF-UN,B-ZE-BR,S-ZO-BR,B-ZO-BO,B-ZH-BR,S-ZD-BO,B-ZC-UN,B-ZG-UN,B-ZG-UN,S-ZE-BR,B-ZF-BR,B-ZB-UN,B-ZG-UN,S-ZF-BR,S-ZF-BR,B-ZE-UN,S-ZD-BO,S-ZE-BR,S-ZB-BO
158,2004.08.04 00:00,GBPJPY,60,86400,SELL,ZE,1,203.180,201.820,1360.0,202.530,201.290,1240.0,91.176,47.79,710.0,321.0,202.530,201.820,200.580,BREAK,2004.08.18 10:00,0,,0,,0,,0,NA,London,BREAK,2004.08.18 16:00,BREAK,2004.08.20 18:00,203.890,BOUNCE,2004.08.05 23:00,1,2004.08.11 18:00,1,2004.08.17 17:00,1,2004.08.18 10:00,3,1w 5d,Other,NA,,NA,,201.110,BOUNCE,2004.08.17 17:00,0,,0,,0,,0,NA,NewYork,NA,,NA,,203.240,BOUNCE,2004.08.04 19:00,1,2004.08.17 17:00,1,2004.08.17 17:00,0,,2,1w 5d,NewYork,NA,,NA,,S-ZO-BR,S-ZF-BR,B-ZF-UN,B-ZE-BR,S-ZO-BR,B-ZO-BO,B-ZH-BR,S-ZD-BO,B-ZC-UN,B-ZG-UN,B-ZF-BR,B-ZB-UN,B-ZG-UN,S-ZF-BR,S-ZF-BR,B-ZE-UN,S-ZD-BO,S-ZE-BR,S-ZB-BO,S-ZE-BO
159,2004.08.05 00:00,GBPJPY,60,86400,BUY,ZF,1,202.530,201.290,1240.0,203.320,201.600,1720.0,138.710,25.00,930.0,292.6,202.530,201.600,204.250,BREAK,2004.08.16 11:00,0,,0,,0,,0,NA,London,UNTOUCHED,,NA,,200.360,BREAK,2004.08.18 15:00,0,,0,,0,,0,NA,NewYork,BOUNCE,2004.08.19 17:00,NA,,203.460,BREAK,2004.08.05 19:00,0,,0,,0,,0,NA,NewYork,BREAK,2004.08.16 12:00,UNTOUCHED,,200.670,BREAK,2004.08.18 00:00,0,,0,,0,,0,NA,Asia,BREAK,2004.08.18 16:00,BREAK,2004.08.20 21:00,S-ZE-BR,S-ZO-BR,S-ZF-BR,B-ZF-UN,B-ZE-BR,S-ZO-BR,B-ZO-BO,B-ZH-BR,S-ZD-BO,B-ZC-UN,B-ZB-UN,B-ZG-UN,S-ZF-BR,S-ZF-BR,B-ZE-UN,S-ZD-BO,S-ZE-BR,S-ZB-BO,S-ZE-BO,B-ZG-BR
160,2004.08.06 00:00,GBPJPY,60,86400,BUY,ZB,1,203.320,201.600,1720.0,203.960,202.370,1590.0,92.442,44.77,950.0,405.9,203.320,202.370,204.910,UNTOUCHED,,0,,0,,0,,0,NA,Other,NA,,NA,,200.650,BREAK,2004.08.18 00:00,0,,0,,0,,0,NA,Asia,BREAK,2004.08.18 21:00,BREAK,2004.08.20 21:00,204.270,BREAK,2004.08.16 11:00,0,,0,,0,,0,NA,London,UNTOUCHED,,NA,,201.420,BREAK,2004.08.17 17:00,0,,0,,0,,0,NA,NewYork,BREAK,2004.08.18 15:00,BOUNCE,2004.08.19 17:00,B-ZF-BR,S-ZE-BR,S-ZO-BR,S-ZF-BR,B-ZF-UN,B-ZE-BR,S-ZO-BR,B-ZO-BO,B-ZH-BR,S-ZD-BO,B-ZG-UN,S-ZF-BR,S-ZF-BR,B-ZE-UN,S-ZD-BO,S-ZE-BR,S-ZB-BO,S-ZE-BO,B-ZG-BR,B-ZO-BR
161,2004.08.10 00:00,GBPJPY,60,86400,BUY,ZG,0,203.950,202.600,1350.0,203.970,202.900,1070.0,79.259,22.22,1050.0,318.6,203.950,202.900,205.020,UNTOUCHED,,0,,0,,0,,0,NA,Other,NA,,NA,,201.550,BREAK,2004.08.17 17:00,0,,0,,0,,0,NA,NewYork,BREAK,2004.08.18 15:00,BOUNCE,2004.08.19 17:00,205.000,UNTOUCHED,,0,,0,,0,,0,NA,Other,NA,,NA,,201.850,BOUNCE,2004.08.13 00:00,0,,0,,0,,0,NA,Asia,NA,,NA,,B-ZB-UN,B-ZF-BR,S-ZE-BR,S-ZO-BR,S-ZF-BR,B-ZF-UN,B-ZE-BR,S-ZO-BR,B-ZO-BO,B-ZH-BR,S-ZF-BR,S-ZF-BR,B-ZE-UN,S-ZD-BO,S-ZE-BR,S-ZB-BO,S-ZE-BO,B-ZG-BR,B-ZO-BR,S-ZC-BO
162,2004.08.12 00:00,GBPJPY,60,86400,SELL,ZF,1,203.960,203.070,890.0,203.730,202.110,1620.0,182.022,25.84,660.0,210.0,203.730,203.070,201.450,BREAK,2004.08.17 17:00,0,,0,,0,,0,NA,NewYork,BREAK,2004.08.18 10:00,BOUNCE,2004.08.18 15:00,204.620,BOUNCE,2004.08.16 12:00,1,2004.08.16 18:00,1,2004.08.17 15:00,1,2004.08.17 17:00,3,1d 5h,London,NA,,NA,,202.410,BOUNCE,2004.08.12 03:00,1,2004.08.16 11:00,1,2004.08.16 12:00,0,,2,4d 9h,Asia,NA,,NA,,204.390,BREAK,2004.08.16 11:00,0,,0,,0,,0,NA,London,UNTOUCHED,,NA,,B-ZG-UN,B-ZB-UN,B-ZF-BR,S-ZE-BR,S-ZO-BR,S-ZF-BR,B-ZF-UN,B-ZE-BR,S-ZO-BR,B-ZO-BO,S-ZF-BR,B-ZE-UN,S-ZD-BO,S-ZE-BR,S-ZB-BO,S-ZE-BO,B-ZG-BR,B-ZO-BR,S-ZC-BO,S-ZE-BR
163,2004.08.13 00:00,GBPJPY,60,86400,SELL,ZF,0,203.730,202.110,1620.0,203.210,201.960,1250.0,77.160,32.10,1100.0,382.3,203.210,202.110,200.860,BREAK,2004.08.18 00:00,0,,0,,0,,0,NA,Asia,BREAK,2004.08.18 20:00,BREAK,2004.08.20 23:00,204.830,UNTOUCHED,,0,,0,,0,,0,NA,Other,NA,,NA,,201.010,BREAK,2004.08.17 18:00,0,,0,,0,,0,NA,NewYork,BREAK,2004.08.18 16:00,BREAK,2004.08.20 21:00,204.310,BREAK,2004.08.16 11:00,0,,0,,0,,0,NA,London,UNTOUCHED,,NA,,S-ZF-BR,B-ZG-UN,B-ZB-UN,B-ZF-BR,S-ZE-BR,S-ZO-BR,S-ZF-BR,B-ZF-UN,B-ZE-BR,S-ZO-BR,B-ZE-UN,S-ZD-BO,S-ZE-BR,S-ZB-BO,S-ZE-BO,B-ZG-BR,B-ZO-BR,S-ZC-BO,S-ZE-BR,S-ZO-BO
164,2004.08.17 00:00,GBPJPY,60,86400,BUY,ZE,1,204.140,201.850,2290.0,204.730,203.030,1700.0,74.236,51.53,1110.0,540.4,204.140,203.030,205.840,UNTOUCHED,,0,,0,,0,,0,NA,Other,NA,,NA,,200.740,BREAK,2004.08.18 00:00,0,,0,,0,,0,NA,Asia,BREAK,2004.08.20 17:00,BREAK,2004.08.24 14:00,205.250,UNTOUCHED,,0,,0,,0,,0,NA,Other,NA,,NA,,201.920,BREAK,2004.08.17 16:00,0,,0,,0,,0,NA,NewYork,BREAK,2004.08.18 15:00,BREAK,2004.08.20 17:00,S-ZF-BR,S-ZF-BR,B-ZG-UN,B-ZB-UN,B-ZF-BR,S-ZE-BR,S-ZO-BR,S-ZF-BR,B-ZF-UN,B-ZE-BR,S-ZD-BO,S-ZE-BR,S-ZB-BO,S-ZE-BO,B-ZG-BR,B-ZO-BR,S-ZC-BO,S-ZE-BR,S-ZO-BO,S-ZF-UN
165,2004.08.18 00:00,GBPJPY,60,86400,SELL,ZD,1,204.730,203.030,1700.0,203.500,200.880,2620.0,154.118,72.35,470.0,401.2,203.500,203.030,200.410,BOUNCE,2004.08.18 11:00,1,2004.09.27 22:00,0,,0,,1,5w 5d,London,NA,,NA,,205.200,UNTOUCHED,,0,,0,,0,,0,NA,Other,NA,,NA,,202.560,BREAK,2004.08.18 00:00,0,,0,,0,,0,NA,Asia,BREAK,2004.08.18 01:00,BREAK,2004.08.18 02:00,203.970,UNTOUCHED,,0,,0,,0,,0,NA,Other,NA,,NA,,B-ZE-UN,S-ZF-BR,S-ZF-BR,B-ZG-UN,B-ZB-UN,B-ZF-BR,S-ZE-BR,S-ZO-BR,S-ZF-BR,B-ZF-UN,S-ZE-BR,S-ZB-BO,S-ZE-BO,B-ZG-BR,B-ZO-BR,S-ZC-BO,S-ZE-BR,S-ZO-BO,S-ZF-UN,B-ZB-BR
166,2004.08.24 00:00,GBPJPY,60,86400,SELL,ZE,1,200.630,198.240,2390.0,199.330,198.110,1220.0,51.046,54.39,1090.0,564.0,199.330,198.240,197.020,BREAK,2004.08.24 17:00,0,,0,,0,,0,NA,NewYork,BOUNCE,2004.08.25 10:00,NA,,201.720,BREAK,2004.09.28 10:00,0,,0,,0,,0,NA,London,UNTOUCHED,,NA,,197.150,BREAK,2004.08.24 17:00,0,,0,,0,,0,NA,NewYork,BOUNCE,2004.08.25 10:00,NA,,200.420,BREAK,2004.09.27 14:00,0,,0,,0,,0,NA,NewYork,BREAK,2004.09.28 10:00,UNTOUCHED,,S-ZD-BO,B-ZE-UN,S-ZF-BR,S-ZF-BR,B-ZG-UN,B-ZB-UN,B-ZF-BR,S-ZE-BR,S-ZO-BR,S-ZF-BR,S-ZB-BO,S-ZE-BO,B-ZG-BR,B-ZO-BR,S-ZC-BO,S-ZE-BR,S-ZO-BO,S-ZF-UN,B-ZB-BR,B-ZB-BR
167,2004.08.25 00:00,GBPJPY,60,86400,SELL,ZB,1,199.330,198.110,1220.0,198.830,195.670,3160.0,259.016,40.98,720.0,287.9,198.830,198.110,194.950,BOUNCE,2004.09.03 16:00,1,2004.09.03 19:00,1,2004.09.23 14:00,1,2004.09.24 17:00,3,3w 0d,NewYork,NA,,NA,,200.050,BREAK,2004.09.24 17:00,0,,0,,0,,0,NA,NewYork,BREAK,2004.09.27 16:00,BREAK,2004.09.28 10:00,197.390,BREAK,2004.08.25 00:00,0,,0,,0,,0,NA,Asia,BREAK,2004.08.25 02:00,BOUNCE,2004.09.01 19:00,199.550,BOUNCE,2004.09.23 14:00,0,,0,,0,,0,NA,NewYork,NA,,NA,,S-ZE-BR,S-ZD-BO,B-ZE-UN,S-ZF-BR,S-ZF-BR,B-ZG-UN,B-ZB-UN,B-ZF-BR,S-ZE-BR,S-ZO-BR,S-ZE-BO,B-ZG-BR,B-ZO-BR,S-ZC-BO,S-ZE-BR,S-ZO-BO,S-ZF-UN,B-ZB-BR,B-ZB-BR,B-ZB-BO
168,2004.08.30 01:00,GBPJPY,60,86400,SELL,ZE,1,198.120,196.290,1830.0,197.310,196.010,1300.0,71.038,44.26,1020.0,431.9,197.310,196.290,194.990,BOUNCE,2004.09.03 16:00,1,2004.09.10 07:00,1,2004.09.13 14:00,1,2004.09.23 11:00,3,2w 5d,NewYork,NA,,NA,,199.140,BREAK,2004.09.23 11:00,0,,0,,0,,0,NA,London,BREAK,2004.09.27 14:00,BREAK,2004.09.28 10:00,195.270,BOUNCE,2004.09.03 13:00,1,2004.09.13 14:00,1,2004.09.23 11:00,0,,2,2w 5d,NewYork,NA,,NA,,198.330,BOUNCE,2004.09.13 14:00,1,2004.09.15 22:00,1,2004.09.15 22:00,0,,2,2d 8h,NewYork,NA,,NA,,S-ZB-BO,S-ZE-BR,S-ZD-BO,B-ZE-UN,S-ZF-BR,S-ZF-BR,B-ZG-UN,B-ZB-UN,B-ZF-BR,S-ZE-BR,B-ZG-BR,B-ZO-BR,S-ZC-BO,S-ZE-BR,S-ZO-BO,S-ZF-UN,B-ZB-BR,B-ZB-BR,B-ZB-BO,B-ZB-BR
169,2004.08.31 00:00,GBPJPY,60,86400,BUY,ZG,0,197.310,196.010,1300.0,197.600,196.070,1530.0,117.692,4.62,1240.0,306.8,197.310,196.070,198.840,BREAK,2004.09.23 04:00,0,,0,,0,,0,NA,Asia,BREAK,2004.09.27 14:00,BREAK,2004.09.28 10:00,194.770,BREAK,2004.09.07 13:00,0,,0,,0,,0,NA,NewYork,UNTOUCHED,,NA,,198.550,BOUNCE,2004.09.13 15:00,0,,0,,0,,0,NA,NewYork,NA,,NA,,194.830,BREAK,2004.09.07 13:00,0,,0,,0,,0,NA,NewYork,UNTOUCHED,,NA,,S-ZE-BO,S-ZB-BO,S-ZE-BR,S-ZD-BO,B-ZE-UN,S-ZF-BR,S-ZF-BR,B-ZG-UN,B-ZB-UN,B-ZF-BR,B-ZO-BR,S-ZC-BO,S-ZE-BR,S-ZO-BO,S-ZF-UN,B-ZB-BR,B-ZB-BR,B-ZB-BO,B-ZB-BR,S-ZG-BR
170,2004.09.01 00:00,GBPJPY,60,86400,BUY,ZO,0,197.600,196.070,1530.0,197.860,196.180,1680.0,109.804,7.19,1420.0,361.1,197.600,196.180,199.280,BREAK,2004.09.23 11:00,0,,0,,0,,0,NA,London,BREAK,2004.09.27 16:00,BOUNCE,2004.09.29 13:00,194.650,BREAK,2004.09.07 13:00,0,,0,,0,,0,NA,NewYork,UNTOUCHED,,NA,,199.020,BREAK,2004.09.23 11:00,0,,0,,0,,0,NA,London,BREAK,2004.09.27 15:00,BREAK,2004.09.28 11:00,194.760,BREAK,2004.09.07 13:00,0,,0,,0,,0,NA,NewYork,UNTOUCHED,,NA,,B-ZG-BR,S-ZE-BO,S-ZB-BO,S-ZE-BR,S-ZD-BO,B-ZE-UN,S-ZF-BR,S-ZF-BR,B-ZG-UN,B-ZB-UN,S-ZC-BO,S-ZE-BR,S-ZO-BO,S-ZF-UN,B-ZB-BR,B-ZB-BR,B-ZB-BO,B-ZB-BR,S-ZG-BR,B-ZG-BR
171,2004.09.02 00:00,GBPJPY,60,86400,SELL,ZC,1,197.860,196.180,1680.0,196.990,195.910,1080.0,64.286,51.79,810.0,396.5,196.990,196.180,195.100,BOUNCE,2004.09.03 15:00,1,2004.09.10 03:00,1,2004.09.13 13:00,1,2004.09.23 04:00,3,2w 5d,NewYork,NA,,NA,,198.670,BREAK,2004.09.23 04:00,0,,0,,0,,0,NA,Asia,BOUNCE,2004.09.23 16:00,NA,,195.370,BOUNCE,2004.09.02 17:00,1,2004.09.13 13:00,1,2004.09.23 04:00,0,,2,2w 6d,NewYork,NA,,NA,,197.800,BREAK,2004.09.13 13:00,0,,0,,0,,0,NA,NewYork,BREAK,2004.09.23 11:00,BOUNCE,2004.09.23 16:00,B-ZO-BR,B-ZG-BR,S-ZE-BO,S-ZB-BO,S-ZE-BR,S-ZD-BO,B-ZE-UN,S-ZF-BR,S-ZF-BR,B-ZG-UN,S-ZE-BR,S-ZO-BO,S-ZF-UN,B-ZB-BR,B-ZB-BR,B-ZB-BO,B-ZB-BR,S-ZG-BR,B-ZG-BR,B-ZB-BO
172,2004.09.03 00:00,GBPJPY,60,86400,SELL,ZE,1,196.990,195.910,1080.0,196.560,195.300,1260.0,116.667,39.81,650.0,254.9,196.560,195.910,194.650,BREAK,2004.09.07 13:00,0,,0,,0,,0,NA,NewYork,BREAK,2004.09.07 18:00,UNTOUCHED,,197.640,BREAK,2004.09.13 13:00,0,,0,,0,,0,NA,NewYork,BREAK,2004.09.13 15:00,BREAK,2004.09.23 11:00,195.260,BOUNCE,2004.09.03 13:00,1,2004.09.10 08:00,1,2004.09.13 13:00,0,,2,1w 3d,NewYork,NA,,NA,,197.210,BOUNCE,2004.09.10 08:00,1,2004.09.15 22:00,1,2004.09.15 22:00,0,,2,5d 14h,London,NA,,NA,,S-ZC-BO,B-ZO-BR,B-ZG-BR,S-ZE-BO,S-ZB-BO,S-ZE-BR,S-ZD-BO,B-ZE-UN,S-ZF-BR,S-ZF-BR,S-ZO-BO,S-ZF-UN,B-ZB-BR,B-ZB-BR,B-ZB-BO,B-ZB-BR,S-ZG-BR,B-ZG-BR,B-ZB-BO,B-ZG-BR
173,2004.09.06 01:00,GBPJPY,60,86400,SELL,ZO,0,196.560,195.300,1260.0,196.530,194.910,1620.0,128.571,2.38,1230.0,297.4,196.530,195.300,193.680,BOUNCE,2004.09.07 18:00,1,2004.09.10 02:00,1,2004.09.13 13:00,1,2004.09.13 13:00,3,5d 19h,NewYork,NA,,NA,,197.790,BREAK,2004.09.13 13:00,0,,0,,0,,0,NA,NewYork,BREAK,2004.09.23 11:00,BREAK,2004.09.27 14:00,194.070,BREAK,2004.09.07 17:00,0,,0,,0,,0,NA,NewYork,UNTOUCHED,,NA,,197.760,BREAK,2004.09.13 13:00,0,,0,,0,,0,NA,NewYork,BREAK,2004.09.23 11:00,BREAK,2004.09.27 14:00,S-ZE-BR,S-ZC-BO,B-ZO-BR,B-ZG-BR,S-ZE-BO,S-ZB-BO,S-ZE-BR,S-ZD-BO,B-ZE-UN,S-ZF-BR,S-ZF-UN,B-ZB-BR,B-ZB-BR,B-ZB-BO,B-ZB-BR,S-ZG-BR,B-ZG-BR,B-ZB-BO,B-ZG-BR,B-ZB-BR
174,2004.09.08 00:00,GBPJPY,60,86400,SELL,ZF,1,196.330,195.400,930.0,196.290,193.610,2680.0,288.172,4.30,890.0,219.5,196.290,195.400,192.720,UNTOUCHED,,0,,0,,0,,0,NA,Other,NA,,NA,,197.220,BOUNCE,2004.09.10 08:00,1,2004.09.15 21:00,0,,0,,1,5d 13h,London,NA,,NA,,194.510,BREAK,2004.09.08 00:00,0,,0,,0,,0,NA,Asia,UNTOUCHED,,NA,,197.180,BOUNCE,2004.09.10 07:00,0,,0,,0,,0,NA,London,NA,,NA,,S-ZO-BO,S-ZE-BR,S-ZC-BO,B-ZO-BR,B-ZG-BR,S-ZE-BO,S-ZB-BO,S-ZE-BR,S-ZD-BO,B-ZE-UN,B-ZB-BR,B-ZB-BR,B-ZB-BO,B-ZB-BR,S-ZG-BR,B-ZG-BR,B-ZB-BO,B-ZG-BR,B-ZB-BR,S-ZF-BR
175,2004.09.10 00:00,GBPJPY,60,86400,BUY,ZB,1,195.500,193.770,1730.0,196.060,194.940,1120.0,64.740,67.63,560.0,408.3,195.500,194.940,196.620,BREAK,2004.09.10 03:00,0,,0,,0,,0,NA,Asia,BOUNCE,2004.09.10 09:00,NA,,193.210,UNTOUCHED,,0,,0,,0,,0,NA,Other,NA,,NA,,196.060,BREAK,2004.09.10 02:00,0,,0,,0,,0,NA,Asia,BREAK,2004.09.10 07:00,BOUNCE,2004.09.10 09:00,194.380,UNTOUCHED,,0,,0,,0,,0,NA,Other,NA,,NA,,S-ZF-UN,S-ZO-BO,S-ZE-BR,S-ZC-BO,B-ZO-BR,B-ZG-BR,S-ZE-BO,S-ZB-BO,S-ZE-BR,S-ZD-BO,B-ZB-BR,B-ZB-BO,B-ZB-BR,S-ZG-BR,B-ZG-BR,B-ZB-BO,B-ZG-BR,B-ZB-BR,S-ZF-BR,S-ZC-BO
176,2004.09.13 01:00,GBPJPY,60,86400,BUY,ZB,1,196.060,194.940,1120.0,197.300,195.560,1740.0,155.357,55.36,500.0,264.3,196.060,195.560,197.800,BREAK,2004.09.13 13:00,0,,0,,0,,0,NA,NewYork,BOUNCE,2004.09.13 14:00,NA,,194.440,UNTOUCHED,,0,,0,,0,,0,NA,Other,NA,,NA,,196.560,BREAK,2004.09.13 01:00,0,,0,,0,,0,NA,Asia,BOUNCE,2004.09.13 09:00,NA,,195.060,BOUNCE,2004.09.15 22:00,1,2004.09.16 18:00,1,2004.09.16 18:00,0,,2,20h,Other,NA,,NA,,B-ZB-BR,S-ZF-UN,S-ZO-BO,S-ZE-BR,S-ZC-BO,B-ZO-BR,B-ZG-BR,S-ZE-BO,S-ZB-BO,S-ZE-BR,B-ZB-BO,B-ZB-BR,S-ZG-BR,B-ZG-BR,B-ZB-BO,B-ZG-BR,B-ZB-BR,S-ZF-BR,S-ZC-BO,S-ZB-BR
177,2004.09.14 00:00,GBPJPY,60,86400,BUY,ZB,1,197.300,195.560,1740.0,198.580,196.390,2190.0,125.862,47.70,910.0,410.6,197.300,196.390,199.490,BOUNCE,2004.09.23 13:00,1,2004.10.01 16:00,1,2004.10.19 12:00,0,,2,3w 4d,NewYork,NA,,NA,,194.650,UNTOUCHED,,0,,0,,0,,0,NA,Other,NA,,NA,,198.210,BREAK,2004.09.22 17:00,0,,0,,0,,0,NA,NewYork,BREAK,2004.09.23 14:00,BREAK,2004.09.27 14:00,195.480,BREAK,2004.09.15 21:00,0,,0,,0,,0,NA,Other,UNTOUCHED,,NA,,B-ZB-BR,B-ZB-BR,S-ZF-UN,S-ZO-BO,S-ZE-BR,S-ZC-BO,B-ZO-BR,B-ZG-BR,S-ZE-BO,S-ZB-BO,B-ZB-BR,S-ZG-BR,B-ZG-BR,B-ZB-BO,B-ZG-BR,B-ZB-BR,S-ZF-BR,S-ZC-BO,S-ZB-BR,S-ZG-BO
178,2004.09.20 01:00,GBPJPY,60,86400,BUY,ZB,1,196.680,195.010,1670.0,197.850,196.160,1690.0,101.198,68.86,520.0,394.1,196.680,196.160,198.370,BREAK,2004.09.22 18:00,0,,0,,0,,0,NA,NewYork,BREAK,2004.09.23 11:00,BOUNCE,2004.09.23 15:00,194.490,BOUNCE,2004.10.27 23:00,0,,0,,0,,0,NA,Other,NA,,NA,,197.200,BOUNCE,2004.09.20 01:00,1,2004.10.19 12:00,1,2004.10.27 23:00,0,,2,5w 2d,Asia,NA,,NA,,195.640,BOUNCE,2004.10.19 12:00,0,,0,,0,,0,NA,London,NA,,NA,,B-ZB-BO,B-ZB-BR,B-ZB-BR,S-ZF-UN,S-ZO-BO,S-ZE-BR,S-ZC-BO,B-ZO-BR,B-ZG-BR,S-ZE-BO,S-ZG-BR,B-ZG-BR,B-ZB-BO,B-ZG-BR,B-ZB-BR,S-ZF-BR,S-ZC-BO,S-ZB-BR,S-ZG-BO,S-ZE-BR
179,2004.09.21 00:00,GBPJPY,60,86400,SELL,ZG,0,197.850,196.160,1690.0,197.330,195.670,1660.0,98.225,30.77,1170.0,398.8,197.330,196.160,194.500,BREAK,2004.10.27 23:00,0,,0,,0,,0,NA,Other,BREAK,2004.11.17 20:00,BREAK,2004.11.19 17:00,199.020,BREAK,2004.09.23 11:00,0,,0,,0,,0,NA,London,BREAK,2004.09.27 14:00,BREAK,2004.09.28 10:00,194.990,BREAK,2004.10.27 21:00,0,,0,,0,,0,NA,Other,BOUNCE,2004.11.01 04:00,NA,,198.500,BREAK,2004.09.23 03:00,0,,0,,0,,0,NA,Asia,BREAK,2004.09.24 17:00,BREAK,2004.09.27 20:00,B-ZB-BR,B-ZB-BO,B-ZB-BR,B-ZB-BR,S-ZF-UN,S-ZO-BO,S-ZE-BR,S-ZC-BO,B-ZO-BR,B-ZG-BR,B-ZG-BR,B-ZB-BO,B-ZG-BR,B-ZB-BR,S-ZF-BR,S-ZC-BO,S-ZB-BR,S-ZG-BO,S-ZE-BR,B-ZO-UN
180,2004.09.22 00:00,GBPJPY,60,86400,BUY,ZG,0,197.330,195.670,1660.0,197.700,196.060,1640.0,98.795,23.49,1270.0,391.8,197.330,196.060,198.970,BREAK,2004.09.23 11:00,0,,0,,0,,0,NA,London,BREAK,2004.09.27 14:00,BREAK,2004.09.28 10:00,194.400,BREAK,2004.10.28 00:00,0,,0,,0,,0,NA,Asia,BREAK,2004.11.18 11:00,BREAK,2004.11.19 17:00,198.600,BREAK,2004.09.23 04:00,0,,0,,0,,0,NA,Asia,BREAK,2004.09.27 11:00,BREAK,2004.09.28 07:00,194.790,BREAK,2004.10.27 21:00,0,,0,,0,,0,NA,Other,BREAK,2004.11.17 18:00,BREAK,2004.11.19 17:00,S-ZG-BR,B-ZB-BR,B-ZB-BO,B-ZB-BR,B-ZB-BR,S-ZF-UN,S-ZO-BO,S-ZE-BR,S-ZC-BO,B-ZO-BR,B-ZB-BO,B-ZG-BR,B-ZB-BR,S-ZF-BR,S-ZC-BO,S-ZB-BR,S-ZG-BO,S-ZE-BR,B-ZO-UN,S-ZE-BR
181,2004.09.23 00:00,GBPJPY,60,86400,BUY,ZB,1,197.700,196.060,1640.0,198.430,196.820,1610.0,98.171,46.34,880.0,387.0,197.700,196.820,199.310,BOUNCE,2004.09.23 11:00,1,2004.10.04 19:00,1,2004.10.11 09:00,1,2004.10.19 13:00,3,3w 5d,London,NA,,NA,,195.180,BOUNCE,2004.10.19 13:00,1,2004.10.21 12:00,0,,0,,1,1d 23h,NewYork,NA,,NA,,198.580,BREAK,2004.09.23 03:00,0,,0,,0,,0,NA,Asia,BOUNCE,2004.09.23 17:00,NA,,195.940,BOUNCE,2004.10.11 09:00,0,,0,,0,,0,NA,London,NA,,NA,,B-ZG-BR,S-ZG-BR,B-ZB-BR,B-ZB-BO,B-ZB-BR,B-ZB-BR,S-ZF-UN,S-ZO-BO,S-ZE-BR,S-ZC-BO,B-ZG-BR,B-ZB-BR,S-ZF-BR,S-ZC-BO,S-ZB-BR,S-ZG-BO,S-ZE-BR,B-ZO-UN,S-ZE-BR,S-ZF-BO
182,2004.09.27 01:00,GBPJPY,60,86400,BUY,ZG,0,199.670,198.180,1490.0,200.120,198.410,1710.0,114.765,15.44,1260.0,351.6,199.670,198.410,201.380,BREAK,2004.09.27 22:00,0,,0,,0,,0,NA,Other,UNTOUCHED,,NA,,196.920,BREAK,2004.10.08 09:00,0,,0,,0,,0,NA,London,BREAK,2004.10.19 13:00,BREAK,2004.10.28 14:00,200.930,BREAK,2004.09.27 16:00,0,,0,,0,,0,NA,NewYork,BOUNCE,2004.09.29 09:00,NA,,197.150,BREAK,2004.10.08 08:00,0,,0,,0,,0,NA,London,BOUNCE,2004.10.14 11:00,NA,,B-ZB-BO,B-ZG-BR,S-ZG-BR,B-ZB-BR,B-ZB-BO,B-ZB-BR,B-ZB-BR,S-ZF-UN,S-ZO-BO,S-ZE-BR,B-ZB-BR,S-ZF-BR,S-ZC-BO,S-ZB-BR,S-ZG-BO,S-ZE-BR,B-ZO-UN,S-ZE-BR,S-ZF-BO,B-ZE-UN
183,2004.09.28 00:00,GBPJPY,60,86400,BUY,ZB,1,200.120,198.410,1710.0,201.390,199.500,1890.0,110.526,63.74,620.0,403.6,200.120,199.500,202.010,BREAK,2004.09.28 10:00,0,,0,,0,,0,NA,London,UNTOUCHED,,NA,,197.790,BOUNCE,2004.10.01 14:00,0,,0,,0,,0,NA,NewYork,NA,,NA,,200.740,BREAK,2004.09.28 00:00,0,,0,,0,,0,NA,Asia,BREAK,2004.09.28 10:00,BREAK,2004.09.28 13:00,198.880,BOUNCE,2004.09.30 17:00,0,,0,,0,,0,NA,NewYork,NA,,NA,,B-ZG-BR,B-ZB-BO,B-ZG-BR,S-ZG-BR,B-ZB-BR,B-ZB-BO,B-ZB-BR,B-ZB-BR,S-ZF-UN,S-ZO-BO,S-ZF-BR,S-ZC-BO,S-ZB-BR,S-ZG-BO,S-ZE-BR,B-ZO-UN,S-ZE-BR,S-ZF-BO,B-ZE-UN,S-ZO-BO
184,2004.09.30 00:00,GBPJPY,60,86400,SELL,ZF,1,202.430,201.160,1270.0,201.970,199.150,2820.0,222.047,36.22,810.0,299.7,201.970,201.160,198.340,BREAK,2004.10.01 13:00,0,,0,,0,,0,NA,NewYork,BOUNCE,2004.10.05 18:00,NA,,203.240,UNTOUCHED,,0,,0,,0,,0,NA,Other,NA,,NA,,200.350,BREAK,2004.09.30 00:00,0,,0,,0,,0,NA,Asia,BREAK,2004.09.30 08:00,BREAK,2004.10.01 12:00,202.780,UNTOUCHED,,0,,0,,0,,0,NA,Other,NA,,NA,,B-ZB-BR,B-ZG-BR,B-ZB-BO,B-ZG-BR,S-ZG-BR,B-ZB-BR,B-ZB-BO,B-ZB-BR,B-ZB-BR,S-ZF-UN,S-ZC-BO,S-ZB-BR,S-ZG-BO,S-ZE-BR,B-ZO-UN,S-ZE-BR,S-ZF-BO,B-ZE-UN,S-ZO-BO,B-ZO-UN
185,2004.10.01 00:00,GBPJPY,60,86400,SELL,ZC,1,201.970,199.150,2820.0,200.210,198.760,1450.0,51.418,62.41,1060.0,665.5,200.210,199.150,197.700,BOUNCE,2004.10.01 15:00,0,,0,,0,,0,NA,NewYork,NA,,NA,,203.030,UNTOUCHED,,0,,0,,0,,0,NA,Other,NA,,NA,,198.090,BREAK,2004.10.01 13:00,0,,0,,0,,0,NA,NewYork,BREAK,2004.10.08 18:00,BOUNCE,2004.10.12 08:00,201.270,UNTOUCHED,,0,,0,,0,,0,NA,Other,NA,,NA,,S-ZF-BR,B-ZB-BR,B-ZG-BR,B-ZB-BO,B-ZG-BR,S-ZG-BR,B-ZB-BR,B-ZB-BO,B-ZB-BR,B-ZB-BR,S-ZB-BR,S-ZG-BO,S-ZE-BR,B-ZO-UN,S-ZE-BR,S-ZF-BO,B-ZE-UN,S-ZO-BO,B-ZO-UN,S-ZD-BO
186,2004.10.04 01:00,GBPJPY,60,86400,SELL,ZB,1,200.210,198.760,1450.0,199.630,197.590,2040.0,140.690,40.00,870.0,342.2,199.630,198.760,196.720,BREAK,2004.10.08 17:00,0,,0,,0,,0,NA,NewYork,BOUNCE,2004.10.12 01:00,NA,,201.080,UNTOUCHED,,0,,0,,0,,0,NA,Other,NA,,NA,,197.890,BREAK,2004.10.04 19:00,0,,0,,0,,0,NA,NewYork,BREAK,2004.10.08 17:00,BOUNCE,2004.10.11 01:00,200.500,UNTOUCHED,,0,,0,,0,,0,NA,Other,NA,,NA,,S-ZC-BO,S-ZF-BR,B-ZB-BR,B-ZG-BR,B-ZB-BO,B-ZG-BR,S-ZG-BR,B-ZB-BR,B-ZB-BO,B-ZB-BR,S-ZG-BO,S-ZE-BR,B-ZO-UN,S-ZE-BR,S-ZF-BO,B-ZE-UN,S-ZO-BO,B-ZO-UN,S-ZD-BO,B-ZF-UN
187,2004.10.05 00:00,GBPJPY,60,86400,SELL,ZG,0,199.630,197.590,2040.0,199.000,197.530,1470.0,72.059,30.88,1410.0,481.4,199.000,197.590,196.120,BOUNCE,2004.10.08 19:00,0,,0,,0,,0,NA,NewYork,NA,,NA,,201.040,UNTOUCHED,,0,,0,,0,,0,NA,Other,NA,,NA,,196.180,BOUNCE,2004.10.08 18:00,0,,0,,0,,0,NA,NewYork,NA,,NA,,200.410,UNTOUCHED,,0,,0,,0,,0,NA,Other,NA,,NA,,S-ZB-BR,S-ZC-BO,S-ZF-BR,B-ZB-BR,B-ZG-BR,B-ZB-BO,B-ZG-BR,S-ZG-BR,B-ZB-BR,B-ZB-BO,S-ZE-BR,B-ZO-UN,S-ZE-BR,S-ZF-BO,B-ZE-UN,S-ZO-BO,B-ZO-UN,S-ZD-BO,B-ZF-UN,B-ZO-BR
188,2004.10.06 00:00,GBPJPY,60,86400,SELL,ZE,1,199.000,197.530,1470.0,198.370,197.490,880.0,59.864,42.86,840.0,346.9,198.370,197.530,196.650,BREAK,2004.10.08 17:00,0,,0,,0,,0,NA,NewYork,BREAK,2004.10.19 12:00,BREAK,2004.10.27 21:00,199.840,UNTOUCHED,,0,,0,,0,,0,NA,Other,NA,,NA,,196.690,BREAK,2004.10.08 17:00,0,,0,,0,,0,NA,NewYork,BOUNCE,2004.10.12 01:00,NA,,199.210,UNTOUCHED,,0,,0,,0,,0,NA,Other,NA,,NA,,S-ZG-BO,S-ZB-BR,S-ZC-BO,S-ZF-BR,B-ZB-BR,B-ZG-BR,B-ZB-BO,B-ZG-BR,S-ZG-BR,B-ZB-BR,B-ZO-UN,S-ZE-BR,S-ZF-BO,B-ZE-UN,S-ZO-BO,B-ZO-UN,S-ZD-BO,B-ZF-UN,B-ZO-BR,S-ZG-BR
189,2004.10.07 00:00,GBPJPY,60,86400,BUY,ZO,0,198.370,197.490,880.0,198.900,197.540,1360.0,154.545,5.68,830.0,207.7,198.370,197.540,199.730,UNTOUCHED,,0,,0,,0,,0,NA,Other,NA,,NA,,196.660,BREAK,2004.10.08 17:00,0,,0,,0,,0,NA,NewYork,BREAK,2004.10.19 12:00,BREAK,2004.10.27 21:00,199.200,UNTOUCHED,,0,,0,,0,,0,NA,Other,NA,,NA,,196.710,BREAK,2004.10.08 17:00,0,,0,,0,,0,NA,NewYork,BOUNCE,2004.10.12 01:00,NA,,S-ZE-BR,S-ZG-BO,S-ZB-BR,S-ZC-BO,S-ZF-BR,B-ZB-BR,B-ZG-BR,B-ZB-BO,B-ZG-BR,S-ZG-BR,S-ZE-BR,S-ZF-BO,B-ZE-UN,S-ZO-BO,B-ZO-UN,S-ZD-BO,B-ZF-UN,B-ZO-BR,S-ZG-BR,S-ZO-BR
190,2004.10.08 00:00,GBPJPY,60,86400,SELL,ZE,1,198.900,197.540,1360.0,198.300,197.510,790.0,58.088,44.12,760.0,321.0,198.300,197.540,196.750,BREAK,2004.10.08 17:00,0,,0,,0,,0,NA,NewYork,BOUNCE,2004.10.12 01:00,NA,,199.660,UNTOUCHED,,0,,0,,0,,0,NA,Other,NA,,NA,,196.780,BREAK,2004.10.08 17:00,0,,0,,0,,0,NA,NewYork,BOUNCE,2004.10.12 01:00,NA,,199.060,UNTOUCHED,,0,,0,,0,,0,NA,Other,NA,,NA,,B-ZO-UN,S-ZE-BR,S-ZG-BO,S-ZB-BR,S-ZC-BO,S-ZF-BR,B-ZB-BR,B-ZG-BR,B-ZB-BO,B-ZG-BR,S-ZF-BO,B-ZE-UN,S-ZO-BO,B-ZO-UN,S-ZD-BO,B-ZF-UN,B-ZO-BR,S-ZG-BR,S-ZO-BR,B-ZO-BR
191,2004.10.11 01:00,GBPJPY,60,86400,SELL,ZF,1,198.300,197.510,790.0,198.240,196.070,2170.0,274.684,7.59,730.0,186.4,198.240,197.510,195.340,BOUNCE,2004.10.19 13:00,1,2004.10.20 19:00,0,,0,,1,1d 6h,NewYork,NA,,NA,,199.030,UNTOUCHED,,0,,0,,0,,0,NA,Other,NA,,NA,,196.780,BREAK,2004.10.11 01:00,0,,0,,0,,0,NA,Asia,BREAK,2004.10.11 15:00,BOUNCE,2004.10.20 12:00,198.970,UNTOUCHED,,0,,0,,0,,0,NA,Other,NA,,NA,,S-ZE-BR,B-ZO-UN,S-ZE-BR,S-ZG-BO,S-ZB-BR,S-ZC-BO,S-ZF-BR,B-ZB-BR,B-ZG-BR,B-ZB-BO,B-ZE-UN,S-ZO-BO,B-ZO-UN,S-ZD-BO,B-ZF-UN,B-ZO-BR,S-ZG-BR,S-ZO-BR,B-ZO-BR,S-ZF-BR
192,2004.10.15 00:00,GBPJPY,60,86400,BUY,ZE,1,197.040,195.830,1210.0,197.280,196.350,930.0,76.860,42.98,690.0,285.6,197.040,196.350,197.970,UNTOUCHED,,0,,0,,0,,0,NA,Other,NA,,NA,,195.140,BREAK,2004.10.27 18:00,0,,0,,0,,0,NA,NewYork,BOUNCE,2004.10.28 04:00,NA,,197.730,BOUNCE,2004.11.10 21:00,1,2004.11.12 05:00,1,2004.11.15 03:00,0,,2,4d 6h,Other,NA,,NA,,195.660,BREAK,2004.10.19 12:00,0,,0,,0,,0,NA,London,BREAK,2004.10.27 21:00,BREAK,2004.10.28 14:00,S-ZF-BO,S-ZE-BR,B-ZO-UN,S-ZE-BR,S-ZG-BO,S-ZB-BR,S-ZC-BO,S-ZF-BR,B-ZB-BR,B-ZG-BR,S-ZO-BO,B-ZO-UN,S-ZD-BO,B-ZF-UN,B-ZO-BR,S-ZG-BR,S-ZO-BR,B-ZO-BR,S-ZF-BR,S-ZD-BR
193,2004.10.18 01:00,GBPJPY,60,86400,SELL,ZO,0,197.280,196.350,930.0,197.250,196.180,1070.0,115.054,3.23,900.0,219.5,197.250,196.350,195.280,BOUNCE,2004.10.19 13:00,1,2004.11.10 13:00,0,,0,,1,3w 1d,NewYork,NA,,NA,,198.180,UNTOUCHED,,0,,0,,0,,0,NA,Other,NA,,NA,,195.450,BREAK,2004.10.19 12:00,0,,0,,0,,0,NA,London,BREAK,2004.10.28 10:00,BREAK,2004.11.17 18:00,198.150,UNTOUCHED,,0,,0,,0,,0,NA,Other,NA,,NA,,B-ZE-UN,S-ZF-BO,S-ZE-BR,B-ZO-UN,S-ZE-BR,S-ZG-BO,S-ZB-BR,S-ZC-BO,S-ZF-BR,B-ZB-BR,B-ZO-UN,S-ZD-BO,B-ZF-UN,B-ZO-BR,S-ZG-BR,S-ZO-BR,B-ZO-BR,S-ZF-BR,S-ZD-BR,S-ZE-BR
194,2004.10.19 00:00,GBPJPY,60,86400,BUY,ZO,0,197.250,196.180,1070.0,197.490,196.290,1200.0,112.150,10.28,960.0,252.5,197.250,196.290,198.450,UNTOUCHED,,0,,0,,0,,0,NA,Other,NA,,NA,,195.220,BOUNCE,2004.10.19 13:00,1,2004.11.10 13:00,0,,0,,1,3w 1d,NewYork,NA,,NA,,198.210,UNTOUCHED,,0,,0,,0,,0,NA,Other,NA,,NA,,195.330,BOUNCE,2004.10.19 13:00,0,,0,,0,,0,NA,NewYork,NA,,NA,,S-ZO-BO,B-ZE-UN,S-ZF-BO,S-ZE-BR,B-ZO-UN,S-ZE-BR,S-ZG-BO,S-ZB-BR,S-ZC-BO,S-ZF-BR,S-ZD-BO,B-ZF-UN,B-ZO-BR,S-ZG-BR,S-ZO-BR,B-ZO-BR,S-ZF-BR,S-ZD-BR,S-ZE-BR,B-ZF-BR
195,2004.10.20 00:00,GBPJPY,60,86400,SELL,ZD,1,197.490,196.290,1200.0,196.590,195.160,1430.0,119.167,75.00,300.0,283.2,196.590,196.290,194.860,BOUNCE,2004.10.27 21:00,1,2004.11.02 15:00,1,2004.11.10 12:00,1,2004.11.10 21:00,3,2w 0d,Other,NA,,NA,,197.790,BOUNCE,2004.11.10 21:00,1,2004.11.11 11:00,1,2004.11.12 04:00,1,2004.11.15 20:00,3,4d 23h,Other,NA,,NA,,195.990,BREAK,2004.10.20 00:00,0,,0,,0,,0,NA,Asia,BREAK,2004.10.20 01:00,BOUNCE,2004.10.20 04:00,196.890,BOUNCE,2004.10.21 02:00,1,2004.10.21 04:00,1,2004.10.21 04:00,0,,2,2h,Asia,NA,,NA,,B-ZO-UN,S-ZO-BO,B-ZE-UN,S-ZF-BO,S-ZE-BR,B-ZO-UN,S-ZE-BR,S-ZG-BO,S-ZB-BR,S-ZC-BO,B-ZF-UN,B-ZO-BR,S-ZG-BR,S-ZO-BR,B-ZO-BR,S-ZF-BR,S-ZD-BR,S-ZE-BR,B-ZF-BR,S-ZO-BR
196,2004.10.21 00:00,GBPJPY,60,86400,BUY,ZF,0,196.590,195.160,1430.0,196.880,195.250,1630.0,113.986,6.29,1340.0,337.5,196.590,195.250,198.220,UNTOUCHED,,0,,0,,0,,0,NA,Other,NA,,NA,,193.820,BOUNCE,2004.10.29 11:00,1,2004.11.03 14:00,1,2004.11.10 23:00,0,,2,1w 5d,London,NA,,NA,,197.930,BOUNCE,2004.11.10 23:00,1,2004.11.17 14:00,1,2004.11.17 15:00,0,,2,6d 16h,Other,NA,,NA,,193.910,BOUNCE,2004.10.28 14:00,1,2004.11.10 23:00,1,2004.11.10 23:00,0,,2,1w 6d,NewYork,NA,,NA,,S-ZD-BO,B-ZO-UN,S-ZO-BO,B-ZE-UN,S-ZF-BO,S-ZE-BR,B-ZO-UN,S-ZE-BR,S-ZG-BO,S-ZB-BR,B-ZO-BR,S-ZG-BR,S-ZO-BR,B-ZO-BR,S-ZF-BR,S-ZD-BR,S-ZE-BR,B-ZF-BR,S-ZO-BR,B-ZF-BR
197,2004.10.22 00:00,GBPJPY,60,86400,BUY,ZO,0,196.880,195.250,1630.0,197.060,195.690,1370.0,84.049,26.99,1190.0,384.7,196.880,195.690,198.250,BREAK,2004.12.01 18:00,0,,0,,0,,0,NA,NewYork,BREAK,2004.12.06 22:00,BOUNCE,2004.12.07 08:00,194.060,BOUNCE,2004.10.28 12:00,1,2004.11.03 14:00,1,2004.12.01 15:00,1,2004.12.01 18:00,3,4w 6d,London,NA,,NA,,198.070,BREAK,2004.12.01 15:00,0,,0,,0,,0,NA,NewYork,BREAK,2004.12.06 21:00,BOUNCE,2004.12.07 08:00,194.500,BREAK,2004.10.27 23:00,0,,0,,0,,0,NA,Other,BREAK,2004.11.17 20:00,BREAK,2004.11.19 17:00,B-ZF-UN,S-ZD-BO,B-ZO-UN,S-ZO-BO,B-ZE-UN,S-ZF-BO,S-ZE-BR,B-ZO-UN,S-ZE-BR,S-ZG-BO,S-ZG-BR,S-ZO-BR,B-ZO-BR,S-ZF-BR,S-ZD-BR,S-ZE-BR,B-ZF-BR,S-ZO-BR,B-ZF-BR,B-ZB-BO
198,2004.10.25 01:00,GBPJPY,60,86400,SELL,ZG,0,197.060,195.690,1370.0,196.970,195.650,1320.0,96.350,6.57,1280.0,323.3,196.970,195.690,194.370,BREAK,2004.10.28 00:00,0,,0,,0,,0,NA,Asia,BREAK,2004.11.18 11:00,BREAK,2004.11.19 17:00,198.340,BREAK,2004.12.01 18:00,0,,0,,0,,0,NA,NewYork,BREAK,2004.12.06 22:00,BREAK,2004.12.08 16:00,194.410,BREAK,2004.10.28 00:00,0,,0,,0,,0,NA,Asia,BREAK,2004.11.17 21:00,BREAK,2004.11.19 17:00,198.250,BREAK,2004.12.01 18:00,0,,0,,0,,0,NA,NewYork,BREAK,2004.12.06 22:00,BREAK,2004.12.08 15:00,B-ZO-BR,B-ZF-UN,S-ZD-BO,B-ZO-UN,S-ZO-BO,B-ZE-UN,S-ZF-BO,S-ZE-BR,B-ZO-UN,S-ZE-BR,S-ZO-BR,B-ZO-BR,S-ZF-BR,S-ZD-BR,S-ZE-BR,B-ZF-BR,S-ZO-BR,B-ZF-BR,B-ZB-BO,S-ZD-BR
199,2004.10.26 00:00,GBPJPY,60,86400,SELL,ZO,0,196.970,195.650,1320.0,196.700,195.310,1390.0,105.303,20.45,1050.0,311.5,196.700,195.650,194.260,BREAK,2004.10.28 10:00,0,,0,,0,,0,NA,London,BREAK,2004.11.17 21:00,BREAK,2004.11.19 17:00,198.020,BREAK,2004.12.01 15:00,0,,0,,0,,0,NA,NewYork,BOUNCE,2004.12.03 16:00,NA,,194.600,BREAK,2004.10.27 21:00,0,,0,,0,,0,NA,Other,BREAK,2004.11.17 18:00,BREAK,2004.11.19 13:00,197.750,BOUNCE,2004.11.10 21:00,1,2004.11.15 20:00,1,2004.11.15 20:00,0,,2,4d 23h,Other,NA,,NA,,S-ZG-BR,B-ZO-BR,B-ZF-UN,S-ZD-BO,B-ZO-UN,S-ZO-BO,B-ZE-UN,S-ZF-BO,S-ZE-BR,B-ZO-UN,B-ZO-BR,S-ZF-BR,S-ZD-BR,S-ZE-BR,B-ZF-BR,S-ZO-BR,B-ZF-BR,B-ZB-BO,S-ZD-BR,S-ZC-BR
200,2004.10.27 00:00,GBPJPY,60,86400,BUY,ZO,0,196.700,195.310,1390.0,196.800,195.410,1390.0,100.000,7.19,1290.0,328.0,196.700,195.410,198.090,BREAK,2004.12.01 15:00,0,,0,,0,,0,NA,NewYork,BREAK,2004.12.06 22:00,BOUNCE,2004.12.07 08:00,194.020,BOUNCE,2004.10.28 14:00,1,2004.11.03 14:00,1,2004.12.01 14:00,1,2004.12.01 15:00,3,4w 6d,NewYork,NA,,NA,,197.990,BREAK,2004.12.01 14:00,0,,0,,0,,0,NA,NewYork,BREAK,2004.12.06 21:00,BOUNCE,2004.12.07 08:00,194.120,BREAK,2004.10.28 11:00,0,,0,,0,,0,NA,London,BREAK,2004.11.19 01:00,BREAK,2004.11.19 17:00,S-ZO-BR,S-ZG-BR,B-ZO-BR,B-ZF-UN,S-ZD-BO,B-ZO-UN,S-ZO-BO,B-ZE-UN,S-ZF-BO,S-ZE-BR,S-ZF-BR,S-ZD-BR,S-ZE-BR,B-ZF-BR,S-ZO-BR,B-ZF-BR,B-ZB-BO,S-ZD-BR,S-ZC-BR,S-ZD-UN
201,2004.10.28 00:00,GBPJPY,60,86400,SELL,ZF,1,196.800,195.410,1390.0,196.450,194.450,2000.0,143.885,25.18,1040.0,328.0,196.450,195.410,193.410,BREAK,2004.11.17 18:00,0,,0,,0,,0,NA,NewYork,BREAK,2004.11.19 16:00,BREAK,2004.11.19 17:00,197.840,BOUNCE,2004.11.10 21:00,1,2004.11.12 04:00,1,2004.11.15 20:00,1,2004.11.17 18:00,3,6d 21h,Other,NA,,NA,,194.370,BREAK,2004.10.28 00:00,0,,0,,0,,0,NA,Asia,BREAK,2004.11.17 20:00,BREAK,2004.11.19 16:00,197.490,BREAK,2004.11.10 17:00,0,,0,,0,,0,NA,NewYork,BOUNCE,2004.12.02 08:00,NA,,B-ZO-BR,S-ZO-BR,S-ZG-BR,B-ZO-BR,B-ZF-UN,S-ZD-BO,B-ZO-UN,S-ZO-BO,B-ZE-UN,S-ZF-BO,S-ZD-BR,S-ZE-BR,B-ZF-BR,S-ZO-BR,B-ZF-BR,B-ZB-BO,S-ZD-BR,S-ZC-BR,S-ZD-UN,B-ZD-BO
202,2004.10.29 00:00,GBPJPY,60,86400,SELL,ZD,1,196.450,194.450,2000.0,195.220,193.840,1380.0,69.000,61.50,770.0,472.0,195.220,194.450,193.070,BREAK,2004.11.17 18:00,0,,0,,0,,0,NA,NewYork,BREAK,2004.11.19 17:00,BREAK,2004.11.19 19:00,197.220,BOUNCE,2004.11.10 13:00,1,2004.11.12 05:00,1,2004.11.17 15:00,1,2004.11.17 18:00,3,1w 0d,NewYork,NA,,NA,,193.680,BREAK,2004.11.17 15:00,0,,0,,0,,0,NA,NewYork,BREAK,2004.11.19 10:00,BREAK,2004.11.19 17:00,195.990,BREAK,2004.11.03 12:00,0,,0,,0,,0,NA,London,BREAK,2004.11.10 13:00,BOUNCE,2004.11.11 14:00,S-ZF-BR,B-ZO-BR,S-ZO-BR,S-ZG-BR,B-ZO-BR,B-ZF-UN,S-ZD-BO,B-ZO-UN,S-ZO-BO,B-ZE-UN,S-ZE-BR,B-ZF-BR,S-ZO-BR,B-ZF-BR,B-ZB-BO,S-ZD-BR,S-ZC-BR,S-ZD-UN,B-ZD-BO,B-ZE-BO
203,2004.10.30 00:00,GBPJPY,60,86400,SELL,ZE,1,195.220,193.840,1380.0,194.630,193.730,900.0,65.217,42.75,790.0,325.7,194.630,193.840,192.940,BREAK,2004.11.17 20:00,0,,0,,0,,0,NA,NewYork,BREAK,2004.11.19 17:00,BREAK,2004.11.19 19:00,196.010,BREAK,2004.11.03 12:00,0,,0,,0,,0,NA,London,BREAK,2004.11.10 13:00,BREAK,2004.11.10 22:00,193.050,BREAK,2004.11.17 20:00,0,,0,,0,,0,NA,NewYork,BREAK,2004.11.19 17:00,BREAK,2004.11.19 18:00,195.420,BREAK,2004.11.02 15:00,0,,0,,0,,0,NA,NewYork,BREAK,2004.11.03 14:00,BREAK,2004.11.10 17:00,S-ZD-BR,S-ZF-BR,B-ZO-BR,S-ZO-BR,S-ZG-BR,B-ZO-BR,B-ZF-UN,S-ZD-BO,B-ZO-UN,S-ZO-BO,B-ZF-BR,S-ZO-BR,B-ZF-BR,B-ZB-BO,S-ZD-BR,S-ZC-BR,S-ZD-UN,B-ZD-BO,B-ZE-BO,B-ZG-BO
204,2004.11.04 00:00,GBPJPY,60,86400,BUY,ZF,1,195.590,194.710,880.0,196.730,194.770,1960.0,222.727,6.82,820.0,207.7,195.590,194.770,197.550,BREAK,2004.11.10 17:00,0,,0,,0,,0,NA,NewYork,BOUNCE,2004.12.02 08:00,NA,,193.890,BREAK,2004.11.17 14:00,0,,0,,0,,0,NA,NewYork,BREAK,2004.11.17 21:00,BREAK,2004.11.19 16:00,196.410,BOUNCE,2004.11.04 00:00,1,2004.11.17 14:00,1,2004.11.17 14:00,0,,2,1w 6d,Asia,NA,,NA,,193.950,BREAK,2004.11.17 14:00,0,,0,,0,,0,NA,NewYork,BREAK,2004.11.17 20:00,BREAK,2004.11.19 16:00,S-ZE-BR,S-ZD-BR,S-ZF-BR,B-ZO-BR,S-ZO-BR,S-ZG-BR,B-ZO-BR,B-ZF-UN,S-ZD-BO,B-ZO-UN,S-ZO-BR,B-ZF-BR,B-ZB-BO,S-ZD-BR,S-ZC-BR,S-ZD-UN,B-ZD-BO,B-ZE-BO,B-ZG-BO,B-ZD-BR
205,2004.11.06 00:00,GBPJPY,60,86400,SELL,ZO,0,196.540,195.030,1510.0,196.080,194.850,1230.0,81.457,30.46,1050.0,356.4,196.080,195.030,193.800,BREAK,2004.11.17 15:00,0,,0,,0,,0,NA,NewYork,BREAK,2004.11.19 12:00,BREAK,2004.11.19 17:00,197.590,BOUNCE,2004.11.10 17:00,1,2004.11.12 05:00,1,2004.11.17 12:00,1,2004.11.17 15:00,3,6d 22h,NewYork,NA,,NA,,193.980,BREAK,2004.11.17 12:00,0,,0,,0,,0,NA,London,BREAK,2004.11.19 01:00,BREAK,2004.11.19 17:00,197.130,BREAK,2004.11.10 13:00,0,,0,,0,,0,NA,NewYork,BREAK,2004.12.01 22:00,BREAK,2004.12.06 21:00,B-ZF-BR,S-ZE-BR,S-ZD-BR,S-ZF-BR,B-ZO-BR,S-ZO-BR,S-ZG-BR,B-ZO-BR,B-ZF-UN,S-ZD-BO,B-ZF-BR,B-ZB-BO,S-ZD-BR,S-ZC-BR,S-ZD-UN,B-ZD-BO,B-ZE-BO,B-ZG-BO,B-ZD-BR,B-ZD-BR
206,2004.11.10 00:00,GBPJPY,60,86400,BUY,ZF,0,196.310,195.300,1010.0,196.500,195.460,1040.0,102.970,15.84,850.0,238.4,196.310,195.460,197.350,BREAK,2004.11.10 17:00,0,,0,,0,,0,NA,NewYork,BREAK,2004.12.01 19:00,BOUNCE,2004.12.03 16:00,194.450,BOUNCE,2004.11.15 20:00,1,2004.11.30 16:00,1,2004.12.01 11:00,1,2004.12.01 11:00,3,2w 1d,NewYork,NA,,NA,,197.160,BREAK,2004.11.10 13:00,0,,0,,0,,0,NA,NewYork,BREAK,2004.12.01 18:00,BREAK,2004.12.03 04:00,194.610,BREAK,2004.11.15 20:00,0,,0,,0,,0,NA,NewYork,BREAK,2004.11.17 18:00,BREAK,2004.11.18 11:00,S-ZO-BR,B-ZF-BR,S-ZE-BR,S-ZD-BR,S-ZF-BR,B-ZO-BR,S-ZO-BR,S-ZG-BR,B-ZO-BR,B-ZF-UN,B-ZB-BO,S-ZD-BR,S-ZC-BR,S-ZD-UN,B-ZD-BO,B-ZE-BO,B-ZG-BO,B-ZD-BR,B-ZD-BR,B-ZB-BR
207,2004.11.11 00:00,GBPJPY,60,86400,BUY,ZB,1,196.500,195.460,1040.0,197.940,196.040,1900.0,182.692,55.77,460.0,245.4,196.500,196.040,198.400,BOUNCE,2004.12.01 18:00,1,2004.12.02 08:00,0,,0,,1,14h,NewYork,NA,,NA,,195.000,BREAK,2004.11.15 18:00,0,,0,,0,,0,NA,NewYork,BREAK,2004.11.15 22:00,BOUNCE,2004.11.17 13:00,196.960,BREAK,2004.11.11 00:00,0,,0,,0,,0,NA,Asia,BREAK,2004.11.11 01:00,BREAK,2004.12.01 15:00,195.580,BREAK,2004.11.12 05:00,0,,0,,0,,0,NA,Asia,BOUNCE,2004.11.15 03:00,NA,,B-ZF-BR,S-ZO-BR,B-ZF-BR,S-ZE-BR,S-ZD-BR,S-ZF-BR,B-ZO-BR,S-ZO-BR,S-ZG-BR,B-ZO-BR,S-ZD-BR,S-ZC-BR,S-ZD-UN,B-ZD-BO,B-ZE-BO,B-ZG-BO,B-ZD-BR,B-ZD-BR,B-ZB-BR,B-ZB-BR
208,2004.11.13 00:00,GBPJPY,60,86400,SELL,ZD,1,197.940,196.220,1720.0,196.750,195.160,1590.0,92.442,69.19,530.0,405.9,196.750,196.220,194.630,BREAK,2004.11.15 20:00,0,,0,,0,,0,NA,NewYork,BREAK,2004.11.17 15:00,BREAK,2004.11.17 18:00,198.470,BOUNCE,2004.12.01 20:00,1,2004.12.02 08:00,0,,0,,1,12h,NewYork,NA,,NA,,195.690,BREAK,2004.11.15 02:00,0,,0,,0,,0,NA,Asia,BREAK,2004.11.15 20:00,BREAK,2004.11.15 22:00,197.280,BREAK,2004.12.01 11:00,0,,0,,0,,0,NA,London,BREAK,2004.12.01 18:00,BOUNCE,2004.12.02 03:00,B-ZB-BO,B-ZF-BR,S-ZO-BR,B-ZF-BR,S-ZE-BR,S-ZD-BR,S-ZF-BR,B-ZO-BR,S-ZO-BR,S-ZG-BR,S-ZC-BR,S-ZD-UN,B-ZD-BO,B-ZE-BO,B-ZG-BO,B-ZD-BR,B-ZD-BR,B-ZB-BR,B-ZB-BR,B-ZO-BR
209,2004.11.19 00:00,GBPJPY,60,86400,SELL,ZC,1,195.510,192.800,2710.0,193.560,192.600,960.0,35.424,71.96,760.0,639.6,193.560,192.800,191.840,BREAK,2004.11.19 17:00,0,,0,,0,,0,NA,NewYork,BOUNCE,2004.11.22 07:00,NA,,196.270,BREAK,2004.11.30 16:00,0,,0,,0,,0,NA,NewYork,BREAK,2004.12.01 12:00,BREAK,2004.12.01 19:00,192.040,BREAK,2004.11.19 16:00,0,,0,,0,,0,NA,NewYork,BOUNCE,2004.11.23 11:00,NA,,194.320,BREAK,2004.11.26 08:00,0,,0,,0,,0,NA,London,BREAK,2004.11.30 13:00,BREAK,2004.11.30 16:00,S-ZD-BR,B-ZB-BO,B-ZF-BR,S-ZO-BR,B-ZF-BR,S-ZE-BR,S-ZD-BR,S-ZF-BR,B-ZO-BR,S-ZO-BR,S-ZD-UN,B-ZD-BO,B-ZE-BO,B-ZG-BO,B-ZD-BR,B-ZD-BR,B-ZB-BR,B-ZB-BR,B-ZO-BR,B-ZD-BO
210,2004.11.20 00:00,GBPJPY,60,86400,SELL,ZD,1,193.560,192.600,960.0,193.070,190.890,2180.0,227.083,51.04,470.0,226.6,193.070,192.600,190.420,UNTOUCHED,,0,,0,,0,,0,NA,Other,NA,,NA,,194.030,BREAK,2004.11.26 03:00,0,,0,,0,,0,NA,Asia,BREAK,2004.11.26 09:00,BOUNCE,2004.11.26 14:00,192.130,BREAK,2004.11.20 00:00,0,,0,,0,,0,NA,Asia,BREAK,2004.11.22 02:00,BREAK,2004.11.22 12:00,193.540,BOUNCE,2004.11.23 18:00,0,,0,,0,,0,NA,NewYork,NA,,NA,,S-ZC-BR,S-ZD-BR,B-ZB-BO,B-ZF-BR,S-ZO-BR,B-ZF-BR,S-ZE-BR,S-ZD-BR,S-ZF-BR,B-ZO-BR,B-ZD-BO,B-ZE-BO,B-ZG-BO,B-ZD-BR,B-ZD-BR,B-ZB-BR,B-ZB-BR,B-ZO-BR,B-ZD-BO,S-ZO-BR
211,2004.11.24 00:00,GBPJPY,60,86400,BUY,ZD,1,191.910,190.940,970.0,193.680,191.410,2270.0,234.021,48.45,500.0,228.9,191.910,191.410,194.180,BOUNCE,2004.11.26 04:00,0,,0,,0,,0,NA,Asia,NA,,NA,,190.440,UNTOUCHED,,0,,0,,0,,0,NA,Other,NA,,NA,,192.410,BREAK,2004.11.24 00:00,0,,0,,0,,0,NA,Asia,BREAK,2004.11.24 01:00,BREAK,2004.11.24 08:00,190.910,UNTOUCHED,,0,,0,,0,,0,NA,Other,NA,,NA,,S-ZD-UN,S-ZC-BR,S-ZD-BR,B-ZB-BO,B-ZF-BR,S-ZO-BR,B-ZF-BR,S-ZE-BR,S-ZD-BR,S-ZF-BR,B-ZE-BO,B-ZG-BO,B-ZD-BR,B-ZD-BR,B-ZB-BR,B-ZB-BR,B-ZO-BR,B-ZD-BO,S-ZO-BR,B-ZC-BR
212,2004.11.25 00:00,GBPJPY,60,86400,BUY,ZE,1,193.680,191.410,2270.0,193.780,192.750,1030.0,45.374,59.03,930.0,535.7,193.680,192.750,194.710,BOUNCE,2004.11.26 09:00,0,,0,,0,,0,NA,London,NA,,NA,,190.480,UNTOUCHED,,0,,0,,0,,0,NA,Other,NA,,NA,,194.610,BREAK,2004.11.26 09:00,0,,0,,0,,0,NA,London,BREAK,2004.11.30 16:00,BREAK,2004.12.01 11:00,191.820,UNTOUCHED,,0,,0,,0,,0,NA,Other,NA,,NA,,B-ZD-BO,S-ZD-UN,S-ZC-BR,S-ZD-BR,B-ZB-BO,B-ZF-BR,S-ZO-BR,B-ZF-BR,S-ZE-BR,S-ZD-BR,B-ZG-BO,B-ZD-BR,B-ZD-BR,B-ZB-BR,B-ZB-BR,B-ZO-BR,B-ZD-BO,S-ZO-BR,B-ZC-BR,B-ZD-UN
213,2004.11.26 00:00,GBPJPY,60,86400,BUY,ZG,0,193.780,192.750,1030.0,193.970,192.890,1080.0,104.854,13.59,890.0,243.1,193.780,192.890,194.860,BOUNCE,2004.11.26 12:00,0,,0,,0,,0,NA,London,NA,,NA,,191.860,UNTOUCHED,,0,,0,,0,,0,NA,Other,NA,,NA,,194.670,BOUNCE,2004.11.26 09:00,0,,0,,0,,0,NA,London,NA,,NA,,192.000,UNTOUCHED,,0,,0,,0,,0,NA,Other,NA,,NA,,B-ZE-BO,B-ZD-BO,S-ZD-UN,S-ZC-BR,S-ZD-BR,B-ZB-BO,B-ZF-BR,S-ZO-BR,B-ZF-BR,S-ZE-BR,B-ZD-BR,B-ZD-BR,B-ZB-BR,B-ZB-BR,B-ZO-BR,B-ZD-BO,S-ZO-BR,B-ZC-BR,B-ZD-UN,S-ZG-BR
214,2004.11.27 00:00,GBPJPY,60,86400,BUY,ZD,1,193.970,192.890,1080.0,195.000,193.590,1410.0,130.556,64.81,380.0,254.9,193.970,193.590,195.380,BREAK,2004.11.30 13:00,0,,0,,0,,0,NA,NewYork,BREAK,2004.11.30 14:00,BREAK,2004.11.30 16:00,192.510,UNTOUCHED,,0,,0,,0,,0,NA,Other,NA,,NA,,194.350,BREAK,2004.11.29 02:00,0,,0,,0,,0,NA,Asia,BOUNCE,2004.11.29 11:00,NA,,193.210,UNTOUCHED,,0,,0,,0,,0,NA,Other,NA,,NA,,B-ZG-BO,B-ZE-BO,B-ZD-BO,S-ZD-UN,S-ZC-BR,S-ZD-BR,B-ZB-BO,B-ZF-BR,S-ZO-BR,B-ZF-BR,B-ZD-BR,B-ZB-BR,B-ZB-BR,B-ZO-BR,B-ZD-BO,S-ZO-BR,B-ZC-BR,B-ZD-UN,S-ZG-BR,S-ZG-BR
215,2004.12.01 00:00,GBPJPY,60,86400,BUY,ZD,1,194.960,193.870,1090.0,196.930,194.450,2480.0,227.523,53.21,510.0,257.2,194.960,194.450,197.440,BREAK,2004.12.01 12:00,0,,0,,0,,0,NA,London,BREAK,2004.12.01 18:00,BOUNCE,2004.12.02 03:00,193.360,UNTOUCHED,,0,,0,,0,,0,NA,Other,NA,,NA,,195.470,BREAK,2004.12.01 00:00,0,,0,,0,,0,NA,Asia,BREAK,2004.12.01 01:00,BREAK,2004.12.01 10:00,193.940,UNTOUCHED,,0,,0,,0,,0,NA,Other,NA,,NA,,B-ZD-BR,B-ZG-BO,B-ZE-BO,B-ZD-BO,S-ZD-UN,S-ZC-BR,S-ZD-BR,B-ZB-BO,B-ZF-BR,S-ZO-BR,B-ZB-BR,B-ZB-BR,B-ZO-BR,B-ZD-BO,S-ZO-BR,B-ZC-BR,B-ZD-UN,S-ZG-BR,S-ZG-BR,B-ZH-UN
216,2004.12.02 00:00,GBPJPY,60,86400,BUY,ZB,1,196.930,194.450,2480.0,198.560,196.200,2360.0,95.161,70.56,730.0,585.3,196.930,196.200,199.290,BREAK,2004.12.06 19:00,0,,0,,0,,0,NA,NewYork,BREAK,2004.12.06 23:00,BREAK,2004.12.08 16:00,193.720,BOUNCE,2005.01.11 20:00,0,,0,,0,,0,NA,NewYork,NA,,NA,,197.660,BREAK,2004.12.02 00:00,0,,0,,0,,0,NA,Asia,BOUNCE,2004.12.02 07:00,NA,,195.470,BOUNCE,2005.01.03 06:00,0,,0,,0,,0,NA,Asia,NA,,NA,,B-ZD-BR,B-ZD-BR,B-ZG-BO,B-ZE-BO,B-ZD-BO,S-ZD-UN,S-ZC-BR,S-ZD-BR,B-ZB-BO,B-ZF-BR,B-ZB-BR,B-ZO-BR,B-ZD-BO,S-ZO-BR,B-ZC-BR,B-ZD-UN,S-ZG-BR,S-ZG-BR,B-ZH-UN,S-ZB-BR
217,2004.12.03 00:00,GBPJPY,60,86400,BUY,ZB,1,198.560,196.200,2360.0,198.730,197.400,1330.0,56.356,50.85,1160.0,557.0,198.560,197.400,199.890,BREAK,2004.12.06 22:00,0,,0,,0,,0,NA,Other,BREAK,2004.12.08 18:00,BOUNCE,2004.12.13 03:00,195.040,BREAK,2005.01.11 14:00,0,,0,,0,,0,NA,NewYork,BREAK,2005.01.12 11:00,BOUNCE,2005.01.12 18:00,199.720,BREAK,2004.12.06 22:00,0,,0,,0,,0,NA,Other,BREAK,2004.12.08 16:00,BOUNCE,2004.12.13 04:00,196.240,BREAK,2004.12.31 20:00,0,,0,,0,,0,NA,NewYork,BREAK,2005.01.11 19:00,BREAK,2005.01.12 11:00,B-ZB-BR,B-ZD-BR,B-ZD-BR,B-ZG-BO,B-ZE-BO,B-ZD-BO,S-ZD-UN,S-ZC-BR,S-ZD-BR,B-ZB-BO,B-ZO-BR,B-ZD-BO,S-ZO-BR,B-ZC-BR,B-ZD-UN,S-ZG-BR,S-ZG-BR,B-ZH-UN,S-ZB-BR,S-ZB-BO
218,2004.12.04 00:00,GBPJPY,60,86400,BUY,ZO,0,198.730,197.400,1330.0,199.100,197.880,1220.0,91.729,36.09,850.0,313.9,198.730,197.880,199.950,BREAK,2004.12.06 22:00,0,,0,,0,,0,NA,Other,BREAK,2004.12.08 15:00,BREAK,2004.12.08 20:00,196.550,BREAK,2004.12.31 20:00,0,,0,,0,,0,NA,NewYork,BOUNCE,2005.01.03 06:00,NA,,199.580,BREAK,2004.12.06 20:00,0,,0,,0,,0,NA,NewYork,BOUNCE,2004.12.07 03:00,NA,,197.030,BREAK,2004.12.31 18:00,0,,0,,0,,0,NA,NewYork,BREAK,2005.01.03 05:00,BOUNCE,2005.01.04 12:00,B-ZB-BR,B-ZB-BR,B-ZD-BR,B-ZD-BR,B-ZG-BO,B-ZE-BO,B-ZD-BO,S-ZD-UN,S-ZC-BR,S-ZD-BR,B-ZD-BO,S-ZO-BR,B-ZC-BR,B-ZD-UN,S-ZG-BR,S-ZG-BR,B-ZH-UN,S-ZB-BR,S-ZB-BO,S-ZO-BR
219,2004.12.09 00:00,GBPJPY,60,86400,BUY,ZD,1,200.290,199.120,1170.0,201.980,199.710,2270.0,194.017,50.43,580.0,276.1,200.290,199.710,202.560,BOUNCE,2004.12.14 16:00,1,2004.12.21 12:00,1,2004.12.22 15:00,1,2004.12.22 20:00,3,1w 1d,NewYork,NA,,NA,,198.540,BOUNCE,2004.12.22 20:00,1,2004.12.23 00:00,0,,0,,1,4h,NewYork,NA,,NA,,200.870,BREAK,2004.12.09 00:00,0,,0,,0,,0,NA,Asia,BOUNCE,2004.12.09 07:00,NA,,199.130,BREAK,2004.12.22 15:00,0,,0,,0,,0,NA,NewYork,BOUNCE,2004.12.22 20:00,NA,,B-ZO-BR,B-ZB-BR,B-ZB-BR,B-ZD-BR,B-ZD-BR,B-ZG-BO,B-ZE-BO,B-ZD-BO,S-ZD-UN,S-ZC-BR,S-ZO-BR,B-ZC-BR,B-ZD-UN,S-ZG-BR,S-ZG-BR,B-ZH-UN,S-ZB-BR,S-ZB-BO,S-ZO-BR,S-ZG-BR
220,2004.12.10 00:00,GBPJPY,60,86400,SELL,ZO,0,201.980,199.710,2270.0,201.720,199.680,2040.0,89.868,11.45,2010.0,535.7,201.720,199.710,197.670,BREAK,2004.12.31 03:00,0,,0,,0,,0,NA,Asia,BREAK,2005.01.10 20:00,BREAK,2005.01.12 16:00,203.990,UNTOUCHED,,0,,0,,0,,0,NA,Other,NA,,NA,,197.700,BREAK,2004.12.31 03:00,0,,0,,0,,0,NA,Asia,BREAK,2005.01.04 10:00,BREAK,2005.01.12 16:00,203.730,UNTOUCHED,,0,,0,,0,,0,NA,Other,NA,,NA,,B-ZD-BO,B-ZO-BR,B-ZB-BR,B-ZB-BR,B-ZD-BR,B-ZD-BR,B-ZG-BO,B-ZE-BO,B-ZD-BO,S-ZD-UN,B-ZC-BR,B-ZD-UN,S-ZG-BR,S-ZG-BR,B-ZH-UN,S-ZB-BR,S-ZB-BO,S-ZO-BR,S-ZG-BR,S-ZB-BO
221,2004.12.11 00:00,GBPJPY,60,86400,BUY,ZC,1,201.720,199.680,2040.0,202.330,200.900,1430.0,70.098,59.80,820.0,481.4,201.720,200.900,203.150,BREAK,2004.12.14 19:00,0,,0,,0,,0,NA,NewYork,UNTOUCHED,,NA,,198.860,BOUNCE,2004.12.22 17:00,0,,0,,0,,0,NA,NewYork,NA,,NA,,202.540,BREAK,2004.12.14 16:00,0,,0,,0,,0,NA,NewYork,BOUNCE,2004.12.15 03:00,NA,,200.080,BREAK,2004.12.22 13:00,0,,0,,0,,0,NA,NewYork,BREAK,2004.12.22 19:00,BOUNCE,2004.12.29 16:00,S-ZO-BR,B-ZD-BO,B-ZO-BR,B-ZB-BR,B-ZB-BR,B-ZD-BR,B-ZD-BR,B-ZG-BO,B-ZE-BO,B-ZD-BO,B-ZD-UN,S-ZG-BR,S-ZG-BR,B-ZH-UN,S-ZB-BR,S-ZB-BO,S-ZO-BR,S-ZG-BR,S-ZB-BO,S-ZB-BR
222,2004.12.15 00:00,GBPJPY,60,86400,BUY,ZD,1,201.890,200.650,1240.0,203.650,201.170,2480.0,200.000,41.94,720.0,292.6,201.890,201.170,204.370,UNTOUCHED,,0,,0,,0,,0,NA,Other,NA,,NA,,199.930,BREAK,2004.12.22 13:00,0,,0,,0,,0,NA,NewYork,BREAK,2004.12.22 15:00,BOUNCE,2004.12.29 16:00,202.610,BREAK,2004.12.15 00:00,0,,0,,0,,0,NA,Asia,BOUNCE,2004.12.15 03:00,NA,,200.450,BREAK,2004.12.22 12:00,0,,0,,0,,0,NA,London,BREAK,2004.12.22 15:00,BREAK,2004.12.22 19:00,B-ZC-BR,S-ZO-BR,B-ZD-BO,B-ZO-BR,B-ZB-BR,B-ZB-BR,B-ZD-BR,B-ZD-BR,B-ZG-BO,B-ZE-BO,S-ZG-BR,S-ZG-BR,B-ZH-UN,S-ZB-BR,S-ZB-BO,S-ZO-BR,S-ZG-BR,S-ZB-BO,S-ZB-BR,B-ZO-BO
223,2004.12.17 00:00,GBPJPY,60,86400,SELL,ZG,0,203.620,201.670,1950.0,202.980,201.510,1470.0,75.385,32.82,1310.0,460.2,202.980,201.670,200.200,BREAK,2004.12.22 12:00,0,,0,,0,,0,NA,London,BREAK,2004.12.29 14:00,BREAK,2004.12.31 04:00,204.930,UNTOUCHED,,0,,0,,0,,0,NA,Other,NA,,NA,,200.360,BREAK,2004.12.22 12:00,0,,0,,0,,0,NA,London,BREAK,2004.12.22 20:00,BREAK,2004.12.31 04:00,204.290,UNTOUCHED,,0,,0,,0,,0,NA,Other,NA,,NA,,B-ZD-UN,B-ZC-BR,S-ZO-BR,B-ZD-BO,B-ZO-BR,B-ZB-BR,B-ZB-BR,B-ZD-BR,B-ZD-BR,B-ZG-BO,S-ZG-BR,B-ZH-UN,S-ZB-BR,S-ZB-BO,S-ZO-BR,S-ZG-BR,S-ZB-BO,S-ZB-BR,B-ZO-BO,B-ZG-BO
224,2004.12.18 00:00,GBPJPY,60,86400,SELL,ZG,0,202.980,201.510,1470.0,202.760,201.480,1280.0,87.075,14.97,1250.0,346.9,202.760,201.510,200.230,BREAK,2004.12.22 12:00,0,,0,,0,,0,NA,London,BREAK,2004.12.22 20:00,BREAK,2004.12.31 04:00,204.230,UNTOUCHED,,0,,0,,0,,0,NA,Other,NA,,NA,,200.260,BREAK,2004.12.22 12:00,0,,0,,0,,0,NA,London,BREAK,2004.12.22 20:00,BREAK,2004.12.31 04:00,204.010,UNTOUCHED,,0,,0,,0,,0,NA,Other,NA,,NA,,S-ZG-BR,B-ZD-UN,B-ZC-BR,S-ZO-BR,B-ZD-BO,B-ZO-BR,B-ZB-BR,B-ZB-BR,B-ZD-BR,B-ZD-BR,B-ZH-UN,S-ZB-BR,S-ZB-BO,S-ZO-BR,S-ZG-BR,S-ZB-BO,S-ZB-BR,B-ZO-BO,B-ZG-BO,S-ZG-BR
225,2004.12.21 00:00,GBPJPY,60,86400,BUY,ZH,1,202.360,202.050,310.0,203.380,202.110,1270.0,409.677,19.35,250.0,73.2,202.360,202.110,203.630,UNTOUCHED,,0,,0,,0,,0,NA,Other,NA,,NA,,201.800,BREAK,2004.12.21 12:00,0,,0,,0,,0,NA,London,BREAK,2004.12.21 13:00,BREAK,2004.12.21 18:00,202.610,BREAK,2004.12.21 00:00,0,,0,,0,,0,NA,Asia,UNTOUCHED,,NA,,201.860,BREAK,2004.12.21 12:00,0,,0,,0,,0,NA,London,BREAK,2004.12.21 13:00,BREAK,2004.12.21 18:00,S-ZG-BR,S-ZG-BR,B-ZD-UN,B-ZC-BR,S-ZO-BR,B-ZD-BO,B-ZO-BR,B-ZB-BR,B-ZB-BR,B-ZD-BR,S-ZB-BR,S-ZB-BO,S-ZO-BR,S-ZG-BR,S-ZB-BO,S-ZB-BR,B-ZO-BO,B-ZG-BO,S-ZG-BR,S-ZH-BR
226,2004.12.22 00:00,GBPJPY,60,86400,SELL,ZB,1,203.380,202.110,1270.0,202.830,200.770,2060.0,162.205,43.31,720.0,299.7,202.830,202.110,200.050,BREAK,2004.12.22 13:00,0,,0,,0,,0,NA,NewYork,BREAK,2004.12.22 15:00,BOUNCE,2004.12.22 21:00,204.100,UNTOUCHED,,0,,0,,0,,0,NA,Other,NA,,NA,,201.390,BREAK,2004.12.22 00:00,0,,0,,0,,0,NA,Asia,BREAK,2004.12.22 12:00,BREAK,2004.12.22 14:00,203.550,UNTOUCHED,,0,,0,,0,,0,NA,Other,NA,,NA,,B-ZH-UN,S-ZG-BR,S-ZG-BR,B-ZD-UN,B-ZC-BR,S-ZO-BR,B-ZD-BO,B-ZO-BR,B-ZB-BR,B-ZB-BR,S-ZB-BO,S-ZO-BR,S-ZG-BR,S-ZB-BO,S-ZB-BR,B-ZO-BO,B-ZG-BO,S-ZG-BR,S-ZH-BR,S-ZB-BO
227,2004.12.23 00:00,GBPJPY,60,86400,SELL,ZB,1,202.830,200.770,2060.0,201.370,198.510,2860.0,138.835,70.87,600.0,486.2,201.370,200.770,197.910,BOUNCE,2004.12.30 18:00,0,,0,,0,,0,NA,NewYork,NA,,NA,,203.430,UNTOUCHED,,0,,0,,0,,0,NA,Other,NA,,NA,,200.170,BREAK,2004.12.23 00:00,0,,0,,0,,0,NA,Asia,BREAK,2004.12.23 05:00,BOUNCE,2004.12.24 12:00,201.970,UNTOUCHED,,0,,0,,0,,0,NA,Other,NA,,NA,,S-ZB-BR,B-ZH-UN,S-ZG-BR,S-ZG-BR,B-ZD-UN,B-ZC-BR,S-ZO-BR,B-ZD-BO,B-ZO-BR,B-ZB-BR,S-ZO-BR,S-ZG-BR,S-ZB-BO,S-ZB-BR,B-ZO-BO,B-ZG-BO,S-ZG-BR,S-ZH-BR,S-ZB-BO,S-ZB-BR
228,2004.12.30 00:00,GBPJPY,60,86400,SELL,ZO,0,200.000,198.520,1480.0,199.740,198.380,1360.0,91.892,17.57,1220.0,349.3,199.740,198.520,197.160,BREAK,2004.12.31 04:00,0,,0,,0,,0,NA,Asia,BREAK,2005.01.03 06:00,BREAK,2005.01.11 19:00,201.220,UNTOUCHED,,0,,0,,0,,0,NA,Other,NA,,NA,,197.300,BREAK,2004.12.31 04:00,0,,0,,0,,0,NA,Asia,BREAK,2005.01.03 05:00,BREAK,2005.01.11 19:00,200.960,UNTOUCHED,,0,,0,,0,,0,NA,Other,NA,,NA,,S-ZB-BO,S-ZB-BR,B-ZH-UN,S-ZG-BR,S-ZG-BR,B-ZD-UN,B-ZC-BR,S-ZO-BR,B-ZD-BO,B-ZO-BR,S-ZG-BR,S-ZB-BO,S-ZB-BR,B-ZO-BO,B-ZG-BO,S-ZG-BR,S-ZH-BR,S-ZB-BO,S-ZB-BR,S-ZG-BR
229,2004.12.31 00:00,GBPJPY,60,86400,SELL,ZG,0,199.740,198.380,1360.0,199.680,197.820,1860.0,136.765,4.41,1300.0,321.0,199.680,198.380,196.520,BREAK,2004.12.31 20:00,0,,0,,0,,0,NA,NewYork,BOUNCE,2005.01.04 13:00,NA,,201.040,UNTOUCHED,,0,,0,,0,,0,NA,Other,NA,,NA,,197.080,BREAK,2004.12.31 04:00,0,,0,,0,,0,NA,Asia,BREAK,2005.01.03 06:00,BREAK,2005.01.11 20:00,200.980,UNTOUCHED,,0,,0,,0,,0,NA,Other,NA,,NA,,S-ZO-BR,S-ZB-BO,S-ZB-BR,B-ZH-UN,S-ZG-BR,S-ZG-BR,B-ZD-UN,B-ZC-BR,S-ZO-BR,B-ZD-BO,S-ZB-BO,S-ZB-BR,B-ZO-BO,B-ZG-BO,S-ZG-BR,S-ZH-BR,S-ZB-BO,S-ZB-BR,S-ZG-BR,S-ZD-UN
230,2005.01.03 02:00,GBPJPY,60,86400,SELL,ZB,1,199.680,197.820,1860.0,198.660,196.210,2450.0,131.720,54.84,840.0,439.0,198.660,197.820,195.370,BOUNCE,2005.01.04 10:00,1,2005.01.04 22:00,0,,0,,1,12h,London,NA,,NA,,200.520,UNTOUCHED,,0,,0,,0,,0,NA,Other,NA,,NA,,196.980,BREAK,2005.01.03 02:00,0,,0,,0,,0,NA,Asia,BREAK,2005.01.03 06:00,BOUNCE,2005.01.04 12:00,199.500,UNTOUCHED,,0,,0,,0,,0,NA,Other,NA,,NA,,S-ZG-BR,S-ZO-BR,S-ZB-BO,S-ZB-BR,B-ZH-UN,S-ZG-BR,S-ZG-BR,B-ZD-UN,B-ZC-BR,S-ZO-BR,S-ZB-BR,B-ZO-BO,B-ZG-BO,S-ZG-BR,S-ZH-BR,S-ZB-BO,S-ZB-BR,S-ZG-BR,S-ZD-UN,B-ZG-BO
231,2005.01.04 00:00,GBPJPY,60,86400,SELL,ZB,1,198.660,196.210,2450.0,197.080,195.380,1700.0,69.388,64.49,870.0,578.2,197.080,196.210,194.510,BREAK,2005.01.11 19:00,0,,0,,0,,0,NA,NewYork,BREAK,2005.01.12 16:00,BOUNCE,2005.01.12 18:00,199.530,UNTOUCHED,,0,,0,,0,,0,NA,Other,NA,,NA,,195.340,BOUNCE,2005.01.04 10:00,1,2005.02.11 01:00,0,,0,,1,5w 2d,London,NA,,NA,,197.950,BOUNCE,2005.02.11 01:00,0,,0,,0,,0,NA,Asia,NA,,NA,,S-ZB-BO,S-ZG-BR,S-ZO-BR,S-ZB-BO,S-ZB-BR,B-ZH-UN,S-ZG-BR,S-ZG-BR,B-ZD-UN,B-ZC-BR,B-ZO-BO,B-ZG-BO,S-ZG-BR,S-ZH-BR,S-ZB-BO,S-ZB-BR,S-ZG-BR,S-ZD-UN,B-ZG-BO,B-ZG-BR
232,2005.01.06 00:00,GBPJPY,60,86400,BUY,ZO,0,197.080,195.130,1950.0,197.200,195.610,1590.0,81.538,24.62,1470.0,460.2,197.080,195.610,198.670,BOUNCE,2005.02.14 20:00,0,,0,,0,,0,NA,NewYork,NA,,NA,,193.660,BREAK,2005.01.11 20:00,0,,0,,0,,0,NA,NewYork,BREAK,2005.01.14 12:00,BREAK,2005.01.14 21:00,198.550,BREAK,2005.02.14 19:00,0,,0,,0,,0,NA,NewYork,BREAK,2005.02.18 19:00,BREAK,2005.02.25 22:00,194.140,BREAK,2005.01.11 20:00,0,,0,,0,,0,NA,NewYork,BREAK,2005.01.14 11:00,BREAK,2005.01.14 20:00,S-ZB-BR,S-ZB-BO,S-ZG-BR,S-ZO-BR,S-ZB-BO,S-ZB-BR,B-ZH-UN,S-ZG-BR,S-ZG-BR,B-ZD-UN,B-ZG-BO,S-ZG-BR,S-ZH-BR,S-ZB-BO,S-ZB-BR,S-ZG-BR,S-ZD-UN,B-ZG-BO,B-ZG-BR,B-ZB-BR
233,2005.01.07 00:00,GBPJPY,60,86400,BUY,ZG,0,197.200,195.610,1590.0,197.340,195.850,1490.0,93.711,15.09,1350.0,375.2,197.200,195.850,198.690,BOUNCE,2005.02.14 20:00,0,,0,,0,,0,NA,NewYork,NA,,NA,,194.260,BREAK,2005.01.11 19:00,0,,0,,0,,0,NA,NewYork,BREAK,2005.01.13 19:00,BREAK,2005.01.14 19:00,198.550,BOUNCE,2005.02.14 19:00,0,,0,,0,,0,NA,NewYork,NA,,NA,,194.500,BREAK,2005.01.11 19:00,0,,0,,0,,0,NA,NewYork,BREAK,2005.01.12 16:00,BREAK,2005.01.14 16:00,B-ZO-BO,S-ZB-BR,S-ZB-BO,S-ZG-BR,S-ZO-BR,S-ZB-BO,S-ZB-BR,B-ZH-UN,S-ZG-BR,S-ZG-BR,S-ZG-BR,S-ZH-BR,S-ZB-BO,S-ZB-BR,S-ZG-BR,S-ZD-UN,B-ZG-BO,B-ZG-BR,B-ZB-BR,B-ZO-BR
234,2005.01.08 00:00,GBPJPY,60,86400,SELL,ZG,0,197.340,195.850,1490.0,197.100,195.430,1670.0,112.081,16.11,1250.0,351.6,197.100,195.850,194.180,BREAK,2005.01.11 20:00,0,,0,,0,,0,NA,NewYork,BREAK,2005.01.13 17:00,BREAK,2005.01.14 18:00,198.590,BOUNCE,2005.02.14 20:00,0,,0,,0,,0,NA,NewYork,NA,,NA,,194.600,BREAK,2005.01.11 19:00,0,,0,,0,,0,NA,NewYork,BREAK,2005.01.12 16:00,BREAK,2005.01.14 12:00,198.350,BREAK,2005.02.14 16:00,0,,0,,0,,0,NA,NewYork,BREAK,2005.02.17 22:00,BREAK,2005.02.24 18:00,B-ZG-BO,B-ZO-BO,S-ZB-BR,S-ZB-BO,S-ZG-BR,S-ZO-BR,S-ZB-BO,S-ZB-BR,B-ZH-UN,S-ZG-BR,S-ZH-BR,S-ZB-BO,S-ZB-BR,S-ZG-BR,S-ZD-UN,B-ZG-BO,B-ZG-BR,B-ZB-BR,B-ZO-BR,B-ZO-BR
235,2005.01.11 00:00,GBPJPY,60,86400,SELL,ZH,1,196.510,195.880,630.0,196.370,195.100,1270.0,201.587,22.22,490.0,148.7,196.370,195.880,194.610,BREAK,2005.01.11 19:00,0,,0,,0,,0,NA,NewYork,BREAK,2005.01.11 20:00,BREAK,2005.01.12 11:00,197.000,BOUNCE,2005.02.10 12:00,0,,0,,0,,0,NA,London,NA,,NA,,195.390,BREAK,2005.01.11 05:00,0,,0,,0,,0,NA,Asia,BREAK,2005.01.11 19:00,BREAK,2005.01.11 20:00,196.860,BOUNCE,2005.02.03 15:00,1,2005.02.04 16:00,1,2005.02.04 16:00,0,,2,1d 1h,NewYork,NA,,NA,,S-ZG-BR,B-ZG-BO,B-ZO-BO,S-ZB-BR,S-ZB-BO,S-ZG-BR,S-ZO-BR,S-ZB-BO,S-ZB-BR,B-ZH-UN,S-ZB-BO,S-ZB-BR,S-ZG-BR,S-ZD-UN,B-ZG-BO,B-ZG-BR,B-ZB-BR,B-ZO-BR,B-ZO-BR,B-ZB-BO
236,2005.01.12 00:00,GBPJPY,60,86400,SELL,ZB,1,196.370,195.100,1270.0,195.840,193.640,2200.0,173.228,41.73,740.0,299.7,195.840,195.100,192.900,BOUNCE,2005.01.12 16:00,1,2005.01.25 13:00,1,2005.02.03 13:00,1,2005.02.10 13:00,3,4w 0d,NewYork,NA,,NA,,197.110,BREAK,2005.02.10 13:00,0,,0,,0,,0,NA,NewYork,BOUNCE,2005.02.11 15:00,NA,,194.360,BREAK,2005.01.12 00:00,0,,0,,0,,0,NA,Asia,BREAK,2005.01.12 11:00,BOUNCE,2005.01.12 16:00,196.580,BREAK,2005.02.03 13:00,0,,0,,0,,0,NA,NewYork,BREAK,2005.02.10 15:00,BREAK,2005.02.14 16:00,S-ZH-BR,S-ZG-BR,B-ZG-BO,B-ZO-BO,S-ZB-BR,S-ZB-BO,S-ZG-BR,S-ZO-BR,S-ZB-BO,S-ZB-BR,S-ZB-BR,S-ZG-BR,S-ZD-UN,B-ZG-BO,B-ZG-BR,B-ZB-BR,B-ZO-BR,B-ZO-BR,B-ZB-BO,B-ZO-BR
237,2005.01.13 00:00,GBPJPY,60,86400,SELL,ZB,1,195.840,193.640,2200.0,194.470,192.620,1850.0,84.091,62.27,830.0,519.2,194.470,193.640,191.790,BREAK,2005.01.14 12:00,0,,0,,0,,0,NA,London,BOUNCE,2005.01.14 20:00,NA,,196.670,BOUNCE,2005.02.03 15:00,1,2005.02.04 21:00,0,,0,,1,1d 6h,NewYork,NA,,NA,,192.810,BREAK,2005.01.13 16:00,0,,0,,0,,0,NA,NewYork,BREAK,2005.01.14 16:00,BREAK,2005.01.14 20:00,195.300,BREAK,2005.01.28 20:00,0,,0,,0,,0,NA,NewYork,BREAK,2005.02.03 15:00,BREAK,2005.02.10 15:00,S-ZB-BO,S-ZH-BR,S-ZG-BR,B-ZG-BO,B-ZO-BO,S-ZB-BR,S-ZB-BO,S-ZG-BR,S-ZO-BR,S-ZB-BO,S-ZG-BR,S-ZD-UN,B-ZG-BO,B-ZG-BR,B-ZB-BR,B-ZO-BR,B-ZO-BR,B-ZB-BO,B-ZO-BR,B-ZF-BO
238,2005.01.14 00:00,GBPJPY,60,86400,SELL,ZG,0,194.470,192.620,1850.0,193.920,192.460,1460.0,78.919,29.73,1300.0,436.6,193.920,192.620,191.160,BREAK,2005.01.14 20:00,0,,0,,0,,0,NA,NewYork,BOUNCE,2005.01.18 12:00,NA,,195.770,BREAK,2005.02.01 10:00,0,,0,,0,,0,NA,London,BREAK,2005.02.10 15:00,BREAK,2005.02.16 08:00,191.320,BREAK,2005.01.14 18:00,0,,0,,0,,0,NA,NewYork,BREAK,2005.01.17 18:00,UNTOUCHED,,195.220,BREAK,2005.01.28 16:00,0,,0,,0,,0,NA,NewYork,BREAK,2005.02.03 15:00,BOUNCE,2005.02.14 03:00,S-ZB-BR,S-ZB-BO,S-ZH-BR,S-ZG-BR,B-ZG-BO,B-ZO-BO,S-ZB-BR,S-ZB-BO,S-ZG-BR,S-ZO-BR,S-ZD-UN,B-ZG-BO,B-ZG-BR,B-ZB-BR,B-ZO-BR,B-ZO-BR,B-ZB-BO,B-ZO-BR,B-ZF-BO,S-ZF-UN
239,2005.01.15 00:00,GBPJPY,60,86400,SELL,ZD,1,193.920,192.460,1460.0,193.220,190.040,3180.0,217.808,47.95,760.0,344.6,193.220,192.460,189.280,UNTOUCHED,,0,,0,,0,,0,NA,Other,NA,,NA,,194.680,BOUNCE,2005.01.27 10:00,0,,0,,0,,0,NA,London,NA,,NA,,191.700,BREAK,2005.01.15 00:00,0,,0,,0,,0,NA,Asia,BREAK,2005.01.17 11:00,BREAK,2005.01.17 15:00,193.980,BOUNCE,2005.01.20 21:00,0,,0,,0,,0,NA,Other,NA,,NA,,S-ZG-BR,S-ZB-BR,S-ZB-BO,S-ZH-BR,S-ZG-BR,B-ZG-BO,B-ZO-BO,S-ZB-BR,S-ZB-BO,S-ZG-BR,B-ZG-BO,B-ZG-BR,B-ZB-BR,B-ZO-BR,B-ZO-BR,B-ZB-BO,B-ZO-BR,B-ZF-BO,S-ZF-UN,B-ZC-BO
240,2005.01.19 00:00,GBPJPY,60,86400,BUY,ZG,0,191.400,189.560,1840.0,192.470,189.710,2760.0,150.000,8.15,1690.0,434.2,191.400,189.710,194.160,BOUNCE,2005.01.21 10:00,0,,0,,0,,0,NA,London,NA,,NA,,187.870,UNTOUCHED,,0,,0,,0,,0,NA,Other,NA,,NA,,193.090,BREAK,2005.01.20 18:00,0,,0,,0,,0,NA,NewYork,BREAK,2005.01.28 16:00,BREAK,2005.02.03 15:00,188.020,UNTOUCHED,,0,,0,,0,,0,NA,Other,NA,,NA,,S-ZD-UN,S-ZG-BR,S-ZB-BR,S-ZB-BO,S-ZH-BR,S-ZG-BR,B-ZG-BO,B-ZO-BO,S-ZB-BR,S-ZB-BO,B-ZG-BR,B-ZB-BR,B-ZO-BR,B-ZO-BR,B-ZB-BO,B-ZO-BR,B-ZF-BO,S-ZF-UN,B-ZC-BO,B-ZF-BO
241,2005.01.20 00:00,GBPJPY,60,86400,BUY,ZG,0,192.470,189.710,2760.0,192.880,190.480,2400.0,86.957,27.90,1990.0,651.4,192.470,190.480,194.870,BREAK,2005.01.27 13:00,0,,0,,0,,0,NA,NewYork,BOUNCE,2005.02.04 21:00,NA,,187.720,UNTOUCHED,,0,,0,,0,,0,NA,Other,NA,,NA,,194.460,BREAK,2005.01.25 14:00,0,,0,,0,,0,NA,NewYork,BREAK,2005.02.10 13:00,BREAK,2005.02.17 12:00,188.490,UNTOUCHED,,0,,0,,0,,0,NA,Other,NA,,NA,,B-ZG-BO,S-ZD-UN,S-ZG-BR,S-ZB-BR,S-ZB-BO,S-ZH-BR,S-ZG-BR,B-ZG-BO,B-ZO-BO,S-ZB-BR,B-ZB-BR,B-ZO-BR,B-ZO-BR,B-ZB-BO,B-ZO-BR,B-ZF-BO,S-ZF-UN,B-ZC-BO,B-ZF-BO,B-ZO-BR
242,2005.01.21 00:00,GBPJPY,60,86400,BUY,ZB,1,192.880,190.480,2400.0,194.040,191.640,2400.0,100.000,48.33,1240.0,566.4,192.880,191.640,195.280,BREAK,2005.01.28 19:00,0,,0,,0,,0,NA,NewYork,BOUNCE,2005.02.04 17:00,NA,,189.240,UNTOUCHED,,0,,0,,0,,0,NA,Other,NA,,NA,,194.120,BOUNCE,2005.01.21 10:00,0,,0,,0,,0,NA,London,NA,,NA,,190.400,UNTOUCHED,,0,,0,,0,,0,NA,Other,NA,,NA,,B-ZG-BR,B-ZG-BO,S-ZD-UN,S-ZG-BR,S-ZB-BR,S-ZB-BO,S-ZH-BR,S-ZG-BR,B-ZG-BO,B-ZO-BO,B-ZO-BR,B-ZO-BR,B-ZB-BO,B-ZO-BR,B-ZF-BO,S-ZF-UN,B-ZC-BO,B-ZF-BO,B-ZO-BR,B-ZO-BO
243,2005.01.22 00:00,GBPJPY,60,86400,BUY,ZO,0,194.040,191.640,2400.0,194.300,192.440,1860.0,77.500,33.33,1600.0,566.4,194.040,192.440,195.900,BREAK,2005.02.02 19:00,0,,0,,0,,0,NA,NewYork,BREAK,2005.02.14 14:00,BREAK,2005.02.17 19:00,190.040,UNTOUCHED,,0,,0,,0,,0,NA,Other,NA,,NA,,195.640,BREAK,2005.02.01 08:00,0,,0,,0,,0,NA,London,BREAK,2005.02.10 16:00,BREAK,2005.02.17 15:00,190.840,UNTOUCHED,,0,,0,,0,,0,NA,Other,NA,,NA,,B-ZB-BR,B-ZG-BR,B-ZG-BO,S-ZD-UN,S-ZG-BR,S-ZB-BR,S-ZB-BO,S-ZH-BR,S-ZG-BR,B-ZG-BO,B-ZO-BR,B-ZB-BO,B-ZO-BR,B-ZF-BO,S-ZF-UN,B-ZC-BO,B-ZF-BO,B-ZO-BR,B-ZO-BO,B-ZO-BR
244,2005.01.25 00:00,GBPJPY,60,86400,BUY,ZO,1,193.060,192.630,430.0,193.870,192.650,1220.0,283.721,4.65,410.0,101.5,193.060,192.650,194.280,BREAK,2005.01.25 13:00,0,,0,,0,,0,NA,NewYork,BREAK,2005.01.27 10:00,BOUNCE,2005.01.28 04:00,192.220,UNTOUCHED,,0,,0,,0,,0,NA,Other,NA,,NA,,193.470,BREAK,2005.01.25 09:00,0,,0,,0,,0,NA,London,BREAK,2005.01.25 11:00,BOUNCE,2005.01.25 13:00,192.240,UNTOUCHED,,0,,0,,0,,0,NA,Other,NA,,NA,,B-ZO-BR,B-ZB-BR,B-ZG-BR,B-ZG-BO,S-ZD-UN,S-ZG-BR,S-ZB-BR,S-ZB-BO,S-ZH-BR,S-ZG-BR,B-ZB-BO,B-ZO-BR,B-ZF-BO,S-ZF-UN,B-ZC-BO,B-ZF-BO,B-ZO-BR,B-ZO-BO,B-ZO-BR,B-ZB-BR
245,2005.01.28 00:00,GBPJPY,60,86400,BUY,ZB,1,194.500,193.010,1490.0,194.960,193.850,1110.0,74.497,56.38,650.0,351.6,194.500,193.850,195.610,BOUNCE,2005.02.01 08:00,0,,0,,0,,0,NA,London,NA,,NA,,192.360,UNTOUCHED,,0,,0,,0,,0,NA,Other,NA,,NA,,195.150,BOUNCE,2005.01.28 16:00,0,,0,,0,,0,NA,NewYork,NA,,NA,,193.200,UNTOUCHED,,0,,0,,0,,0,NA,Other,NA,,NA,,B-ZO-BR,B-ZO-BR,B-ZB-BR,B-ZG-BR,B-ZG-BO,S-ZD-UN,S-ZG-BR,S-ZB-BR,S-ZB-BO,S-ZH-BR,B-ZO-BR,B-ZF-BO,S-ZF-UN,B-ZC-BO,B-ZF-BO,B-ZO-BR,B-ZO-BO,B-ZO-BR,B-ZB-BR,B-ZE-BO
246,2005.02.02 00:00,GBPJPY,60,86400,BUY,ZO,0,195.560,194.700,860.0,195.790,194.970,820.0,95.349,31.40,590.0,203.0,195.560,194.970,196.380,BREAK,2005.02.03 06:00,0,,0,,0,,0,NA,Asia,BOUNCE,2005.02.03 15:00,NA,,194.110,UNTOUCHED,,0,,0,,0,,0,NA,Other,NA,,NA,,196.150,BREAK,2005.02.03 04:00,0,,0,,0,,0,NA,Asia,BREAK,2005.02.03 15:00,BREAK,2005.02.10 15:00,194.380,UNTOUCHED,,0,,0,,0,,0,NA,Other,NA,,NA,,B-ZB-BO,B-ZO-BR,B-ZO-BR,B-ZB-BR,B-ZG-BR,B-ZG-BO,S-ZD-UN,S-ZG-BR,S-ZB-BR,S-ZB-BO,B-ZF-BO,S-ZF-UN,B-ZC-BO,B-ZF-BO,B-ZO-BR,B-ZO-BO,B-ZO-BR,B-ZB-BR,B-ZE-BO,S-ZF-BO
247,2005.02.04 00:00,GBPJPY,60,86400,BUY,ZF,1,196.090,194.940,1150.0,196.970,195.270,1700.0,147.826,28.70,820.0,271.4,196.090,195.270,197.790,BOUNCE,2005.02.10 16:00,0,,0,,0,,0,NA,NewYork,NA,,NA,,194.120,UNTOUCHED,,0,,0,,0,,0,NA,Other,NA,,NA,,196.910,BOUNCE,2005.02.09 16:00,0,,0,,0,,0,NA,NewYork,NA,,NA,,194.450,UNTOUCHED,,0,,0,,0,,0,NA,Other,NA,,NA,,B-ZO-BR,B-ZB-BO,B-ZO-BR,B-ZO-BR,B-ZB-BR,B-ZG-BR,B-ZG-BO,S-ZD-UN,S-ZG-BR,S-ZB-BR,S-ZF-UN,B-ZC-BO,B-ZF-BO,B-ZO-BR,B-ZO-BO,B-ZO-BR,B-ZB-BR,B-ZE-BO,S-ZF-BO,B-ZG-BR
248,2005.02.05 00:00,GBPJPY,60,86400,SELL,ZF,0,196.970,195.270,1700.0,196.770,194.710,2060.0,121.176,11.76,1500.0,401.2,196.770,195.270,193.210,UNTOUCHED,,0,,0,,0,,0,NA,Other,NA,,NA,,198.470,BREAK,2005.02.14 19:00,0,,0,,0,,0,NA,NewYork,BREAK,2005.02.18 18:00,BREAK,2005.02.25 21:00,193.770,UNTOUCHED,,0,,0,,0,,0,NA,Other,NA,,NA,,198.270,BREAK,2005.02.14 16:00,0,,0,,0,,0,NA,NewYork,BREAK,2005.02.18 01:00,BREAK,2005.02.25 20:00,B-ZF-BO,B-ZO-BR,B-ZB-BO,B-ZO-BR,B-ZO-BR,B-ZB-BR,B-ZG-BR,B-ZG-BO,S-ZD-UN,S-ZG-BR,B-ZC-BO,B-ZF-BO,B-ZO-BR,B-ZO-BO,B-ZO-BR,B-ZB-BR,B-ZE-BO,S-ZF-BO,B-ZG-BR,B-ZD-BO
249,2005.02.10 00:00,GBPJPY,60,86400,BUY,ZC,1,196.670,194.510,2160.0,196.950,195.640,1310.0,60.648,52.31,1030.0,509.8,196.670,195.640,197.980,BOUNCE,2005.02.11 01:00,0,,0,,0,,0,NA,Asia,NA,,NA,,193.480,UNTOUCHED,,0,,0,,0,,0,NA,Other,NA,,NA,,197.700,BOUNCE,2005.02.10 16:00,0,,0,,0,,0,NA,NewYork,NA,,NA,,194.610,UNTOUCHED,,0,,0,,0,,0,NA,Other,NA,,NA,,S-ZF-UN,B-ZF-BO,B-ZO-BR,B-ZB-BO,B-ZO-BR,B-ZO-BR,B-ZB-BR,B-ZG-BR,B-ZG-BO,S-ZD-UN,B-ZF-BO,B-ZO-BR,B-ZO-BO,B-ZO-BR,B-ZB-BR,B-ZE-BO,S-ZF-BO,B-ZG-BR,B-ZD-BO,B-ZB-BR
250,2005.02.11 00:00,GBPJPY,60,86400,BUY,ZF,1,196.950,195.640,1310.0,197.940,196.090,1850.0,141.221,34.35,860.0,309.2,196.950,196.090,198.800,BOUNCE,2005.02.15 05:00,0,,0,,0,,0,NA,Asia,NA,,NA,,194.780,UNTOUCHED,,0,,0,,0,,0,NA,Other,NA,,NA,,197.810,BOUNCE,2005.02.11 00:00,0,,0,,0,,0,NA,Asia,NA,,NA,,195.230,UNTOUCHED,,0,,0,,0,,0,NA,Other,NA,,NA,,B-ZC-BO,S-ZF-UN,B-ZF-BO,B-ZO-BR,B-ZB-BO,B-ZO-BR,B-ZO-BR,B-ZB-BR,B-ZG-BR,B-ZG-BO,B-ZO-BR,B-ZO-BO,B-ZO-BR,B-ZB-BR,B-ZE-BO,S-ZF-BO,B-ZG-BR,B-ZD-BO,B-ZB-BR,S-ZC-BR
251,2005.02.12 00:00,GBPJPY,60,86400,BUY,ZO,0,197.940,196.090,1850.0,198.020,196.790,1230.0,66.486,37.84,1150.0,436.6,197.940,196.790,199.170,BREAK,2005.02.17 12:00,0,,0,,0,,0,NA,London,BOUNCE,2005.02.22 05:00,NA,,194.940,UNTOUCHED,,0,,0,,0,,0,NA,Other,NA,,NA,,199.090,BREAK,2005.02.17 12:00,0,,0,,0,,0,NA,London,BREAK,2005.02.21 11:00,BREAK,2005.02.25 21:00,195.640,UNTOUCHED,,0,,0,,0,,0,NA,Other,NA,,NA,,B-ZF-BO,B-ZC-BO,S-ZF-UN,B-ZF-BO,B-ZO-BR,B-ZB-BO,B-ZO-BR,B-ZO-BR,B-ZB-BR,B-ZG-BR,B-ZO-BO,B-ZO-BR,B-ZB-BR,B-ZE-BO,S-ZF-BO,B-ZG-BR,B-ZD-BO,B-ZB-BR,S-ZC-BR,B-ZG-BO
252,2005.02.16 00:00,GBPJPY,60,86400,BUY,ZO,0,198.730,196.320,2410.0,198.800,197.190,1610.0,66.805,36.10,1540.0,568.8,198.730,197.190,200.340,BOUNCE,2005.02.18 18:00,0,,0,,0,,0,NA,NewYork,NA,,NA,,194.780,UNTOUCHED,,0,,0,,0,,0,NA,Other,NA,,NA,,200.270,BOUNCE,2005.02.18 17:00,0,,0,,0,,0,NA,NewYork,NA,,NA,,195.650,UNTOUCHED,,0,,0,,0,,0,NA,Other,NA,,NA,,B-ZO-BR,B-ZF-BO,B-ZC-BO,S-ZF-UN,B-ZF-BO,B-ZO-BR,B-ZB-BO,B-ZO-BR,B-ZO-BR,B-ZB-BR,B-ZO-BR,B-ZB-BR,B-ZE-BO,S-ZF-BO,B-ZG-BR,B-ZD-BO,B-ZB-BR,S-ZC-BR,B-ZG-BO,B-ZB-BO
253,2005.02.17 00:00,GBPJPY,60,86400,BUY,ZO,0,198.800,197.190,1610.0,199.080,197.580,1500.0,93.168,24.22,1220.0,380.0,198.800,197.580,200.300,BREAK,2005.02.18 18:00,0,,0,,0,,0,NA,NewYork,BREAK,2005.02.25 22:00,BREAK,2005.04.04 20:00,195.970,UNTOUCHED,,0,,0,,0,,0,NA,Other,NA,,NA,,200.020,BREAK,2005.02.17 22:00,0,,0,,0,,0,NA,Other,BREAK,2005.02.24 21:00,BOUNCE,2005.03.31 05:00,196.360,UNTOUCHED,,0,,0,,0,,0,NA,Other,NA,,NA,,B-ZO-BO,B-ZO-BR,B-ZF-BO,B-ZC-BO,S-ZF-UN,B-ZF-BO,B-ZO-BR,B-ZB-BO,B-ZO-BR,B-ZO-BR,B-ZB-BR,B-ZE-BO,S-ZF-BO,B-ZG-BR,B-ZD-BO,B-ZB-BR,S-ZC-BR,B-ZG-BO,B-ZB-BO,S-ZF-BR
254,2005.02.18 00:00,GBPJPY,60,86400,BUY,ZB,1,199.080,197.580,1500.0,200.160,198.300,1860.0,124.000,48.00,780.0,354.0,199.080,198.300,200.940,BREAK,2005.02.24 17:00,0,,0,,0,,0,NA,NewYork,BREAK,2005.02.26 01:00,BOUNCE,2005.03.30 20:00,196.800,UNTOUCHED,,0,,0,,0,,0,NA,Other,NA,,NA,,199.860,BREAK,2005.02.18 00:00,0,,0,,0,,0,NA,Asia,BOUNCE,2005.02.21 14:00,NA,,197.520,UNTOUCHED,,0,,0,,0,,0,NA,Other,NA,,NA,,B-ZO-BR,B-ZO-BO,B-ZO-BR,B-ZF-BO,B-ZC-BO,S-ZF-UN,B-ZF-BO,B-ZO-BR,B-ZB-BO,B-ZO-BR,B-ZE-BO,S-ZF-BO,B-ZG-BR,B-ZD-BO,B-ZB-BR,S-ZC-BR,B-ZG-BO,B-ZB-BO,S-ZF-BR,S-ZE-BO
255,2005.02.19 00:00,GBPJPY,60,86400,BUY,ZE,1,200.160,198.300,1860.0,200.600,199.210,1390.0,74.731,48.92,950.0,439.0,200.160,199.210,201.550,BOUNCE,2005.02.24 20:00,1,2005.03.09 17:00,1,2005.03.23 15:00,0,,2,3w 5d,NewYork,NA,,NA,,197.350,UNTOUCHED,,0,,0,,0,,0,NA,Other,NA,,NA,,201.110,BREAK,2005.02.24 18:00,0,,0,,0,,0,NA,NewYork,BOUNCE,2005.02.28 03:00,NA,,198.260,BOUNCE,2005.02.22 18:00,1,2005.02.24 18:00,1,2005.02.24 18:00,0,,2,2d 0h,NewYork,NA,,NA,,B-ZB-BR,B-ZO-BR,B-ZO-BO,B-ZO-BR,B-ZF-BO,B-ZC-BO,S-ZF-UN,B-ZF-BO,B-ZO-BR,B-ZB-BO,S-ZF-BO,B-ZG-BR,B-ZD-BO,B-ZB-BR,S-ZC-BR,B-ZG-BO,B-ZB-BO,S-ZF-BR,S-ZE-BO,S-ZF-BO
256,2005.02.23 00:00,GBPJPY,60,86400,SELL,ZF,1,200.710,199.760,950.0,200.350,198.220,2130.0,224.211,37.89,590.0,224.2,200.350,199.760,197.630,BOUNCE,2005.03.23 16:00,1,2005.03.24 04:00,1,2005.03.29 12:00,1,2005.03.29 18:00,3,6d 2h,NewYork,NA,,NA,,201.300,BREAK,2005.02.24 18:00,0,,0,,0,,0,NA,NewYork,BOUNCE,2005.02.28 02:00,NA,,199.170,BREAK,2005.02.23 00:00,0,,0,,0,,0,NA,Asia,BREAK,2005.03.23 15:00,BREAK,2005.03.23 16:00,200.940,BREAK,2005.02.24 17:00,0,,0,,0,,0,NA,NewYork,BOUNCE,2005.02.25 10:00,NA,,B-ZE-BO,B-ZB-BR,B-ZO-BR,B-ZO-BO,B-ZO-BR,B-ZF-BO,B-ZC-BO,S-ZF-UN,B-ZF-BO,B-ZO-BR,B-ZG-BR,B-ZD-BO,B-ZB-BR,S-ZC-BR,B-ZG-BO,B-ZB-BO,S-ZF-BR,S-ZE-BO,S-ZF-BO,B-ZD-BO
257,2005.02.24 00:00,GBPJPY,60,86400,BUY,ZG,0,200.350,198.220,2130.0,200.420,198.580,1840.0,86.385,16.90,1770.0,502.7,200.350,198.580,202.190,BREAK,2005.03.30 13:00,0,,0,,0,,0,NA,NewYork,BREAK,2005.04.06 19:00,UNTOUCHED,,196.450,UNTOUCHED,,0,,0,,0,,0,NA,Other,NA,,NA,,202.120,BREAK,2005.03.30 13:00,0,,0,,0,,0,NA,NewYork,BREAK,2005.04.06 19:00,UNTOUCHED,,196.810,UNTOUCHED,,0,,0,,0,,0,NA,Other,NA,,NA,,S-ZF-BO,B-ZE-BO,B-ZB-BR,B-ZO-BR,B-ZO-BO,B-ZO-BR,B-ZF-BO,B-ZC-BO,S-ZF-UN,B-ZF-BO,B-ZD-BO,B-ZB-BR,S-ZC-BR,B-ZG-BO,B-ZB-BO,S-ZF-BR,S-ZE-BO,S-ZF-BO,B-ZD-BO,B-ZO-BO
258,2005.02.25 00:00,GBPJPY,60,86400,BUY,ZD,1,200.420,198.580,1840.0,201.660,199.510,2150.0,116.848,50.54,910.0,434.2,200.420,199.510,202.570,BOUNCE,2005.03.30 15:00,0,,0,,0,,0,NA,NewYork,NA,,NA,,197.670,BOUNCE,2005.03.23 16:00,1,2005.03.28 10:00,1,2005.03.29 18:00,1,2005.03.30 15:00,3,6d 23h,NewYork,NA,,NA,,201.330,BREAK,2005.02.25 00:00,0,,0,,0,,0,NA,Asia,BOUNCE,2005.03.31 04:00,NA,,198.600,BREAK,2005.03.23 08:00,0,,0,,0,,0,NA,London,BOUNCE,2005.03.23 21:00,NA,,B-ZG-BR,S-ZF-BO,B-ZE-BO,B-ZB-BR,B-ZO-BR,B-ZO-BO,B-ZO-BR,B-ZF-BO,B-ZC-BO,S-ZF-UN,B-ZB-BR,S-ZC-BR,B-ZG-BO,B-ZB-BO,S-ZF-BR,S-ZE-BO,S-ZF-BO,B-ZD-BO,B-ZO-BO,S-ZD-BO
259,2005.02.26 00:00,GBPJPY,60,86400,BUY,ZB,1,201.660,199.510,2150.0,202.060,200.500,1560.0,72.558,46.05,1160.0,507.4,201.660,200.500,203.220,BREAK,2005.04.05 00:00,0,,0,,0,,0,NA,Asia,BOUNCE,2005.04.07 14:00,NA,,198.350,BREAK,2005.03.23 15:00,0,,0,,0,,0,NA,NewYork,UNTOUCHED,,NA,,202.820,BREAK,2005.04.01 02:00,0,,0,,0,,0,NA,Asia,BREAK,2005.04.06 20:00,BOUNCE,2005.04.21 18:00,199.340,BREAK,2005.03.21 18:00,0,,0,,0,,0,NA,NewYork,BREAK,2005.03.23 16:00,UNTOUCHED,,B-ZD-BO,B-ZG-BR,S-ZF-BO,B-ZE-BO,B-ZB-BR,B-ZO-BR,B-ZO-BO,B-ZO-BR,B-ZF-BO,B-ZC-BO,S-ZC-BR,B-ZG-BO,B-ZB-BO,S-ZF-BR,S-ZE-BO,S-ZF-BO,B-ZD-BO,B-ZO-BO,S-ZD-BO,S-ZB-UN
260,2005.03.02 00:00,GBPJPY,60,86400,SELL,ZC,1,201.860,200.100,1760.0,201.080,199.960,1120.0,63.636,44.32,980.0,415.4,201.080,200.100,198.980,BREAK,2005.03.22 22:00,0,,0,,0,,0,NA,Other,BREAK,2005.03.23 17:00,UNTOUCHED,,202.840,BREAK,2005.04.01 02:00,0,,0,,0,,0,NA,Asia,BREAK,2005.04.06 19:00,BREAK,2005.04.19 15:00,199.120,BREAK,2005.03.22 10:00,0,,0,,0,,0,NA,London,BREAK,2005.03.23 16:00,UNTOUCHED,,202.060,BOUNCE,2005.03.08 14:00,1,2005.03.22 10:00,1,2005.03.22 10:00,0,,2,1w 6d,NewYork,NA,,NA,,B-ZB-BR,B-ZD-BO,B-ZG-BR,S-ZF-BO,B-ZE-BO,B-ZB-BR,B-ZO-BR,B-ZO-BO,B-ZO-BR,B-ZF-BO,B-ZG-BO,B-ZB-BO,S-ZF-BR,S-ZE-BO,S-ZF-BO,B-ZD-BO,B-ZO-BO,S-ZD-BO,S-ZB-UN,B-ZG-BR
261,2005.03.04 00:00,GBPJPY,60,86400,BUY,ZG,0,200.990,199.970,1020.0,201.060,200.030,1030.0,100.980,5.88,960.0,240.7,200.990,200.030,202.020,BOUNCE,2005.03.08 14:00,1,2005.03.09 13:00,1,2005.03.22 10:00,1,2005.03.22 11:00,3,1w 6d,NewYork,NA,,NA,,199.010,BREAK,2005.03.22 11:00,0,,0,,0,,0,NA,London,BREAK,2005.03.23 16:00,UNTOUCHED,,201.950,BOUNCE,2005.03.08 14:00,1,2005.03.22 10:00,1,2005.03.22 11:00,0,,2,1w 6d,NewYork,NA,,NA,,199.070,BREAK,2005.03.22 10:00,0,,0,,0,,0,NA,London,BREAK,2005.03.23 16:00,UNTOUCHED,,S-ZC-BR,B-ZB-BR,B-ZD-BO,B-ZG-BR,S-ZF-BO,B-ZE-BO,B-ZB-BR,B-ZO-BR,B-ZO-BO,B-ZO-BR,B-ZB-BO,S-ZF-BR,S-ZE-BO,S-ZF-BO,B-ZD-BO,B-ZO-BO,S-ZD-BO,S-ZB-UN,B-ZG-BR,B-ZB-BO
262,2005.03.05 00:00,GBPJPY,60,86400,BUY,ZB,1,201.060,200.030,1030.0,201.610,200.660,950.0,92.233,61.17,400.0,243.1,201.060,200.660,202.010,BOUNCE,2005.03.08 14:00,1,2005.03.09 12:00,1,2005.03.09 13:00,1,2005.03.09 17:00,3,1d 3h,NewYork,NA,,NA,,199.630,BOUNCE,2005.03.09 17:00,1,2005.03.10 06:00,1,2005.03.14 14:00,1,2005.03.30 13:00,3,2w 6d,NewYork,NA,,NA,,201.460,BOUNCE,2005.03.05 00:00,1,2005.03.09 13:00,1,2005.03.09 17:00,0,,2,4d 17h,Asia,NA,,NA,,200.260,BREAK,2005.03.09 13:00,0,,0,,0,,0,NA,NewYork,BREAK,2005.03.09 17:00,BREAK,2005.03.21 18:00,B-ZG-BO,S-ZC-BR,B-ZB-BR,B-ZD-BO,B-ZG-BR,S-ZF-BO,B-ZE-BO,B-ZB-BR,B-ZO-BR,B-ZO-BO,S-ZF-BR,S-ZE-BO,S-ZF-BO,B-ZD-BO,B-ZO-BO,S-ZD-BO,S-ZB-UN,B-ZG-BR,B-ZB-BO,B-ZD-BR
263,2005.03.10 00:00,GBPJPY,60,86400,SELL,ZF,1,202.100,200.810,1290.0,202.040,199.580,2460.0,190.698,4.65,1230.0,304.4,202.040,200.810,198.350,BREAK,2005.03.23 15:00,0,,0,,0,,0,NA,NewYork,UNTOUCHED,,NA,,203.330,BREAK,2005.04.05 03:00,0,,0,,0,,0,NA,Asia,BOUNCE,2005.04.13 05:00,NA,,199.580,BOUNCE,2005.03.11 11:00,1,2005.04.05 01:00,1,2005.04.05 03:00,0,,2,3w 3d,London,NA,,NA,,203.270,BREAK,2005.04.05 01:00,0,,0,,0,,0,NA,Asia,BOUNCE,2005.04.07 12:00,NA,,B-ZB-BO,B-ZG-BO,S-ZC-BR,B-ZB-BR,B-ZD-BO,B-ZG-BR,S-ZF-BO,B-ZE-BO,B-ZB-BR,B-ZO-BR,S-ZE-BO,S-ZF-BO,B-ZD-BO,B-ZO-BO,S-ZD-BO,S-ZB-UN,B-ZG-BR,B-ZB-BO,B-ZD-BR,B-ZE-BO
264,2005.03.12 00:00,GBPJPY,60,86400,SELL,ZE,1,201.210,199.860,1350.0,200.520,199.550,970.0,71.852,51.11,660.0,318.6,200.520,199.860,198.890,BOUNCE,2005.03.22 22:00,1,2005.03.28 20:00,1,2005.03.29 18:00,1,2005.03.30 03:00,3,1w 0d,Other,NA,,NA,,201.870,BOUNCE,2005.03.30 03:00,0,,0,,0,,0,NA,Asia,NA,,NA,,199.200,BOUNCE,2005.03.21 18:00,1,2005.03.29 18:00,1,2005.03.30 03:00,0,,2,1w 1d,NewYork,NA,,NA,,201.180,BREAK,2005.03.14 08:00,0,,0,,0,,0,NA,London,BOUNCE,2005.03.30 07:00,NA,,S-ZF-BR,B-ZB-BO,B-ZG-BO,S-ZC-BR,B-ZB-BR,B-ZD-BO,B-ZG-BR,S-ZF-BO,B-ZE-BO,B-ZB-BR,S-ZF-BO,B-ZD-BO,B-ZO-BO,S-ZD-BO,S-ZB-UN,B-ZG-BR,B-ZB-BO,B-ZD-BR,B-ZE-BO,S-ZO-BR
265,2005.03.16 00:00,GBPJPY,60,86400,SELL,ZF,0,201.510,199.910,1600.0,200.960,199.720,1240.0,77.500,34.37,1050.0,377.6,200.960,199.910,198.670,BOUNCE,2005.03.22 22:00,1,2005.03.29 12:00,1,2005.03.30 13:00,1,2005.03.30 15:00,3,1w 0d,Other,NA,,NA,,202.560,BOUNCE,2005.03.30 15:00,0,,0,,0,,0,NA,NewYork,NA,,NA,,198.860,BREAK,2005.03.22 22:00,0,,0,,0,,0,NA,Other,BOUNCE,2005.03.24 04:00,NA,,202.010,BREAK,2005.03.30 13:00,0,,0,,0,,0,NA,NewYork,BREAK,2005.04.05 04:00,BREAK,2005.04.06 20:00,S-ZE-BO,S-ZF-BR,B-ZB-BO,B-ZG-BO,S-ZC-BR,B-ZB-BR,B-ZD-BO,B-ZG-BR,S-ZF-BO,B-ZE-BO,B-ZD-BO,B-ZO-BO,S-ZD-BO,S-ZB-UN,B-ZG-BR,B-ZB-BO,B-ZD-BR,B-ZE-BO,S-ZO-BR,S-ZC-BR
266,2005.03.18 00:00,GBPJPY,60,86400,BUY,ZD,1,201.080,199.620,1460.0,201.480,200.260,1220.0,83.562,43.84,820.0,344.6,201.080,200.260,202.300,BOUNCE,2005.03.30 13:00,0,,0,,0,,0,NA,NewYork,NA,,NA,,198.800,BOUNCE,2005.03.22 22:00,1,2005.03.29 04:00,1,2005.03.30 03:00,1,2005.03.30 13:00,3,1w 0d,Other,NA,,NA,,201.900,BREAK,2005.03.30 03:00,0,,0,,0,,0,NA,Asia,BREAK,2005.04.04 20:00,BREAK,2005.04.05 05:00,199.440,BREAK,2005.03.21 18:00,0,,0,,0,,0,NA,NewYork,BREAK,2005.03.23 15:00,BOUNCE,2005.03.23 21:00,S-ZF-BO,S-ZE-BO,S-ZF-BR,B-ZB-BO,B-ZG-BO,S-ZC-BR,B-ZB-BR,B-ZD-BO,B-ZG-BR,S-ZF-BO,B-ZO-BO,S-ZD-BO,S-ZB-UN,B-ZG-BR,B-ZB-BO,B-ZD-BR,B-ZE-BO,S-ZO-BR,S-ZC-BR,B-ZF-BO
267,2005.03.19 00:00,GBPJPY,60,86400,BUY,ZO,0,201.480,200.260,1220.0,201.610,200.570,1040.0,85.246,25.41,910.0,287.9,201.480,200.570,202.520,BOUNCE,2005.03.30 15:00,1,2005.04.29 16:00,0,,0,,1,4w 2d,NewYork,NA,,NA,,199.350,BREAK,2005.03.21 18:00,0,,0,,0,,0,NA,NewYork,BREAK,2005.03.23 16:00,BOUNCE,2005.03.23 20:00,202.390,BOUNCE,2005.03.30 13:00,0,,0,,0,,0,NA,NewYork,NA,,NA,,199.660,BREAK,2005.03.21 18:00,0,,0,,0,,0,NA,NewYork,BOUNCE,2005.03.22 22:00,NA,,B-ZD-BO,S-ZF-BO,S-ZE-BO,S-ZF-BR,B-ZB-BO,B-ZG-BO,S-ZC-BR,B-ZB-BR,B-ZD-BO,B-ZG-BR,S-ZD-BO,S-ZB-UN,B-ZG-BR,B-ZB-BO,B-ZD-BR,B-ZE-BO,S-ZO-BR,S-ZC-BR,B-ZF-BO,B-ZC-UN
268,2005.03.23 00:00,GBPJPY,60,86400,SELL,ZD,1,201.250,199.170,2080.0,199.860,198.620,1240.0,59.615,66.83,690.0,490.9,199.860,199.170,197.930,BOUNCE,2005.03.23 16:00,1,2005.03.24 11:00,1,2005.03.29 12:00,1,2005.03.30 10:00,3,6d 18h,NewYork,NA,,NA,,201.940,BREAK,2005.03.30 10:00,0,,0,,0,,0,NA,London,BREAK,2005.04.04 20:00,BREAK,2005.04.05 05:00,198.480,BREAK,2005.03.23 12:00,0,,0,,0,,0,NA,London,BOUNCE,2005.03.23 20:00,NA,,200.550,BREAK,2005.03.29 12:00,0,,0,,0,,0,NA,London,BREAK,2005.03.29 21:00,BREAK,2005.03.30 13:00,B-ZO-BO,B-ZD-BO,S-ZF-BO,S-ZE-BO,S-ZF-BR,B-ZB-BO,B-ZG-BO,S-ZC-BR,B-ZB-BR,B-ZD-BO,S-ZB-UN,B-ZG-BR,B-ZB-BO,B-ZD-BR,B-ZE-BO,S-ZO-BR,S-ZC-BR,B-ZF-BO,B-ZC-UN,B-ZG-UN
269,2005.03.24 00:00,GBPJPY,60,86400,SELL,ZB,1,199.860,198.620,1240.0,199.250,197.530,1720.0,138.710,49.19,630.0,292.6,199.250,198.620,196.900,UNTOUCHED,,0,,0,,0,,0,NA,Other,NA,,NA,,200.490,BREAK,2005.03.29 04:00,0,,0,,0,,0,NA,Asia,BREAK,2005.03.29 18:00,BOUNCE,2005.03.30 07:00,197.990,BOUNCE,2005.03.24 00:00,1,2005.03.28 19:00,1,2005.03.29 04:00,0,,2,5d 4h,Asia,NA,,NA,,199.880,BREAK,2005.03.28 19:00,0,,0,,0,,0,NA,NewYork,BREAK,2005.03.29 12:00,BREAK,2005.03.29 18:00,S-ZD-BO,B-ZO-BO,B-ZD-BO,S-ZF-BO,S-ZE-BO,S-ZF-BR,B-ZB-BO,B-ZG-BO,S-ZC-BR,B-ZB-BR,B-ZG-BR,B-ZB-BO,B-ZD-BR,B-ZE-BO,S-ZO-BR,S-ZC-BR,B-ZF-BO,B-ZC-UN,B-ZG-UN,S-ZF-BR
270,2005.03.25 00:00,GBPJPY,60,86400,BUY,ZG,0,199.250,197.530,1720.0,199.370,197.880,1490.0,86.628,20.35,1370.0,405.9,199.250,197.880,200.740,BREAK,2005.03.29 12:00,0,,0,,0,,0,NA,London,BREAK,2005.03.30 15:00,BREAK,2005.04.05 05:00,196.160,UNTOUCHED,,0,,0,,0,,0,NA,Other,NA,,NA,,200.620,BREAK,2005.03.29 12:00,0,,0,,0,,0,NA,London,BREAK,2005.03.30 13:00,BREAK,2005.04.05 05:00,196.510,UNTOUCHED,,0,,0,,0,,0,NA,Other,NA,,NA,,S-ZB-UN,S-ZD-BO,B-ZO-BO,B-ZD-BO,S-ZF-BO,S-ZE-BO,S-ZF-BR,B-ZB-BO,B-ZG-BO,S-ZC-BR,B-ZB-BO,B-ZD-BR,B-ZE-BO,S-ZO-BR,S-ZC-BR,B-ZF-BO,B-ZC-UN,B-ZG-UN,S-ZF-BR,S-ZG-BR
271,2005.03.30 00:00,GBPJPY,60,86400,BUY,ZB,1,200.340,198.520,1820.0,201.860,199.760,2100.0,115.385,68.13,580.0,429.5,200.340,199.760,202.440,BOUNCE,2005.03.30 13:00,1,2005.03.31 04:00,1,2005.05.02 17:00,1,2005.05.04 15:00,3,5w 0d,NewYork,NA,,NA,,197.940,BOUNCE,2005.05.04 15:00,1,2005.05.04 19:00,0,,0,,1,4h,NewYork,NA,,NA,,200.920,BREAK,2005.03.30 00:00,0,,0,,0,,0,NA,Asia,BREAK,2005.03.30 10:00,BREAK,2005.03.30 15:00,199.180,BREAK,2005.05.02 17:00,0,,0,,0,,0,NA,NewYork,BOUNCE,2005.05.03 05:00,NA,,B-ZG-BR,S-ZB-UN,S-ZD-BO,B-ZO-BO,B-ZD-BO,S-ZF-BO,S-ZE-BO,S-ZF-BR,B-ZB-BO,B-ZG-BO,B-ZD-BR,B-ZE-BO,S-ZO-BR,S-ZC-BR,B-ZF-BO,B-ZC-UN,B-ZG-UN,S-ZF-BR,S-ZG-BR,S-ZE-BR
272,2005.03.31 00:00,GBPJPY,60,86400,BUY,ZD,1,201.860,199.760,2100.0,202.580,201.090,1490.0,70.952,63.33,770.0,495.6,201.860,201.090,203.350,BREAK,2005.04.05 03:00,0,,0,,0,,0,NA,Asia,BOUNCE,2005.04.07 12:00,NA,,198.990,BREAK,2005.05.02 17:00,0,,0,,0,,0,NA,NewYork,BOUNCE,2005.05.04 18:00,NA,,202.630,BREAK,2005.03.31 20:00,0,,0,,0,,0,NA,NewYork,BREAK,2005.04.05 05:00,BOUNCE,2005.04.07 12:00,200.320,BREAK,2005.04.29 17:00,0,,0,,0,,0,NA,NewYork,BREAK,2005.05.02 17:00,BREAK,2005.05.04 15:00,B-ZB-BO,B-ZG-BR,S-ZB-UN,S-ZD-BO,B-ZO-BO,B-ZD-BO,S-ZF-BO,S-ZE-BO,S-ZF-BR,B-ZB-BO,B-ZE-BO,S-ZO-BR,S-ZC-BR,B-ZF-BO,B-ZC-UN,B-ZG-UN,S-ZF-BR,S-ZG-BR,S-ZE-BR,S-ZO-BR
273,2005.04.02 00:00,GBPJPY,60,86400,BUY,ZE,1,202.780,200.800,1980.0,203.040,201.990,1050.0,53.030,60.10,790.0,467.3,202.780,201.990,203.830,BOUNCE,2005.04.05 05:00,1,2005.04.25 01:00,1,2005.04.29 10:00,1,2005.04.29 19:00,3,3w 3d,Asia,NA,,NA,,200.010,BOUNCE,2005.04.29 19:00,0,,0,,0,,0,NA,NewYork,NA,,NA,,203.570,BREAK,2005.04.05 05:00,0,,0,,0,,0,NA,Asia,BOUNCE,2005.04.07 11:00,NA,,201.200,BREAK,2005.04.29 10:00,0,,0,,0,,0,NA,London,BREAK,2005.04.29 19:00,BOUNCE,2005.05.02 02:00,B-ZD-BR,B-ZB-BO,B-ZG-BR,S-ZB-UN,S-ZD-BO,B-ZO-BO,B-ZD-BO,S-ZF-BO,S-ZE-BO,S-ZF-BR,S-ZO-BR,S-ZC-BR,B-ZF-BO,B-ZC-UN,B-ZG-UN,S-ZF-BR,S-ZG-BR,S-ZE-BR,S-ZO-BR,B-ZE-UN
274,2005.04.09 00:00,GBPJPY,60,86400,SELL,ZO,0,204.530,202.970,1560.0,204.310,202.680,1630.0,104.487,14.10,1340.0,368.2,204.310,202.970,201.340,BREAK,2005.04.27 21:00,0,,0,,0,,0,NA,Other,BREAK,2005.04.30 00:00,BREAK,2005.05.04 15:00,205.870,UNTOUCHED,,0,,0,,0,,0,NA,Other,NA,,NA,,201.630,BREAK,2005.04.26 14:00,0,,0,,0,,0,NA,NewYork,BREAK,2005.04.29 19:00,BREAK,2005.05.03 03:00,205.650,UNTOUCHED,,0,,0,,0,,0,NA,Other,NA,,NA,,B-ZE-BO,B-ZD-BR,B-ZB-BO,B-ZG-BR,S-ZB-UN,S-ZD-BO,B-ZO-BO,B-ZD-BO,S-ZF-BO,S-ZE-BO,S-ZC-BR,B-ZF-BO,B-ZC-UN,B-ZG-UN,S-ZF-BR,S-ZG-BR,S-ZE-BR,S-ZO-BR,B-ZE-UN,S-ZE-BO
275,2005.04.14 00:00,GBPJPY,60,86400,SELL,ZC,1,204.700,203.320,1380.0,203.950,202.630,1320.0,95.652,54.35,630.0,325.7,203.950,203.320,202.000,BREAK,2005.04.25 12:00,0,,0,,0,,0,NA,London,BOUNCE,2005.04.28 02:00,NA,,205.330,BOUNCE,2005.04.19 15:00,1,2005.04.21 18:00,1,2005.04.22 17:00,1,2005.04.25 12:00,3,5d 21h,NewYork,NA,,NA,,202.690,BREAK,2005.04.22 17:00,0,,0,,0,,0,NA,NewYork,BREAK,2005.04.25 17:00,BOUNCE,2005.04.28 02:00,204.580,BREAK,2005.04.18 16:00,0,,0,,0,,0,NA,NewYork,BOUNCE,2005.04.20 12:00,NA,,S-ZO-BR,B-ZE-BO,B-ZD-BR,B-ZB-BO,B-ZG-BR,S-ZB-UN,S-ZD-BO,B-ZO-BO,B-ZD-BO,S-ZF-BO,B-ZF-BO,B-ZC-UN,B-ZG-UN,S-ZF-BR,S-ZG-BR,S-ZE-BR,S-ZO-BR,B-ZE-UN,S-ZE-BO,B-ZF-BR
276,2005.04.16 00:00,GBPJPY,60,86400,BUY,ZF,1,203.850,203.090,760.0,204.210,203.270,940.0,123.684,23.68,580.0,179.4,203.850,203.270,204.790,BOUNCE,2005.04.18 22:00,1,2005.04.22 07:00,1,2005.04.22 17:00,1,2005.04.22 19:00,3,3d 21h,Other,NA,,NA,,202.510,BOUNCE,2005.04.22 19:00,0,,0,,0,,0,NA,NewYork,NA,,NA,,204.430,BREAK,2005.04.18 15:00,0,,0,,0,,0,NA,NewYork,BOUNCE,2005.04.19 11:00,NA,,202.690,BREAK,2005.04.22 17:00,0,,0,,0,,0,NA,NewYork,BREAK,2005.04.25 15:00,BOUNCE,2005.04.27 15:00,S-ZC-BR,S-ZO-BR,B-ZE-BO,B-ZD-BR,B-ZB-BO,B-ZG-BR,S-ZB-UN,S-ZD-BO,B-ZO-BO,B-ZD-BO,B-ZC-UN,B-ZG-UN,S-ZF-BR,S-ZG-BR,S-ZE-BR,S-ZO-BR,B-ZE-UN,S-ZE-BO,B-ZF-BR,B-ZE-BO
277,2005.04.20 00:00,GBPJPY,60,86400,BUY,ZC,1,204.870,203.540,1330.0,205.350,204.100,1250.0,93.985,42.11,770.0,313.9,204.870,204.100,206.120,UNTOUCHED,,0,,0,,0,,0,NA,Other,NA,,NA,,202.770,BREAK,2005.04.22 17:00,0,,0,,0,,0,NA,NewYork,BREAK,2005.04.25 22:00,BREAK,2005.04.29 11:00,205.640,UNTOUCHED,,0,,0,,0,,0,NA,Other,NA,,NA,,203.330,BREAK,2005.04.22 11:00,0,,0,,0,,0,NA,London,BREAK,2005.04.25 01:00,BOUNCE,2005.04.27 07:00,B-ZF-BO,S-ZC-BR,S-ZO-BR,B-ZE-BO,B-ZD-BR,B-ZB-BO,B-ZG-BR,S-ZB-UN,S-ZD-BO,B-ZO-BO,B-ZG-UN,S-ZF-BR,S-ZG-BR,S-ZE-BR,S-ZO-BR,B-ZE-UN,S-ZE-BO,B-ZF-BR,B-ZE-BO,S-ZB-BO
278,2005.04.21 00:00,GBPJPY,60,86400,BUY,ZG,0,205.350,204.100,1250.0,205.390,204.380,1010.0,80.800,22.40,970.0,295.0,205.350,204.380,206.360,UNTOUCHED,,0,,0,,0,,0,NA,Other,NA,,NA,,203.130,BREAK,2005.04.22 11:00,0,,0,,0,,0,NA,London,BREAK,2005.04.25 16:00,BREAK,2005.04.29 11:00,206.320,UNTOUCHED,,0,,0,,0,,0,NA,Other,NA,,NA,,203.410,BREAK,2005.04.22 11:00,0,,0,,0,,0,NA,London,BREAK,2005.04.25 11:00,BOUNCE,2005.04.28 03:00,B-ZC-UN,B-ZF-BO,S-ZC-BR,S-ZO-BR,B-ZE-BO,B-ZD-BR,B-ZB-BO,B-ZG-BR,S-ZB-UN,S-ZD-BO,S-ZF-BR,S-ZG-BR,S-ZE-BR,S-ZO-BR,B-ZE-UN,S-ZE-BO,B-ZF-BR,B-ZE-BO,S-ZB-BO,B-ZO-BR
279,2005.04.22 00:00,GBPJPY,60,86400,SELL,ZF,0,205.390,204.380,1010.0,205.360,203.840,1520.0,150.495,2.97,980.0,238.4,205.360,204.380,202.860,BREAK,2005.04.22 17:00,0,,0,,0,,0,NA,NewYork,BREAK,2005.04.26 14:00,BREAK,2005.04.29 16:00,206.370,UNTOUCHED,,0,,0,,0,,0,NA,Other,NA,,NA,,203.400,BREAK,2005.04.22 11:00,0,,0,,0,,0,NA,London,BREAK,2005.04.25 01:00,BOUNCE,2005.04.28 03:00,206.340,UNTOUCHED,,0,,0,,0,,0,NA,Other,NA,,NA,,B-ZG-UN,B-ZC-UN,B-ZF-BO,S-ZC-BR,S-ZO-BR,B-ZE-BO,B-ZD-BR,B-ZB-BO,B-ZG-BR,S-ZB-UN,S-ZG-BR,S-ZE-BR,S-ZO-BR,B-ZE-UN,S-ZE-BO,B-ZF-BR,B-ZE-BO,S-ZB-BO,B-ZO-BR,S-ZE-BR
280,2005.04.27 00:00,GBPJPY,60,86400,SELL,ZG,0,202.750,201.650,1100.0,202.460,201.600,860.0,78.182,26.36,810.0,259.6,202.460,201.650,200.790,BREAK,2005.04.29 12:00,0,,0,,0,,0,NA,London,BREAK,2005.04.30 00:00,BREAK,2005.05.02 17:00,203.560,UNTOUCHED,,0,,0,,0,,0,NA,Other,NA,,NA,,200.840,BREAK,2005.04.29 12:00,0,,0,,0,,0,NA,London,BREAK,2005.04.29 21:00,BREAK,2005.05.02 17:00,203.270,UNTOUCHED,,0,,0,,0,,0,NA,Other,NA,,NA,,S-ZF-BR,B-ZG-UN,B-ZC-UN,B-ZF-BO,S-ZC-BR,S-ZO-BR,B-ZE-BO,B-ZD-BR,B-ZB-BO,B-ZG-BR,S-ZE-BR,S-ZO-BR,B-ZE-UN,S-ZE-BO,B-ZF-BR,B-ZE-BO,S-ZB-BO,B-ZO-BR,S-ZE-BR,B-ZO-BR
281,2005.05.04 00:00,GBPJPY,60,86400,SELL,ZE,1,200.940,198.720,2220.0,199.460,198.420,1040.0,46.847,66.67,740.0,523.9,199.460,198.720,197.680,BREAK,2005.05.16 14:00,0,,0,,0,,0,NA,NewYork,BREAK,2005.05.16 18:00,BREAK,2005.05.17 03:00,201.680,UNTOUCHED,,0,,0,,0,,0,NA,Other,NA,,NA,,197.980,BOUNCE,2005.05.04 15:00,0,,0,,0,,0,NA,NewYork,NA,,NA,,200.200,UNTOUCHED,,0,,0,,0,,0,NA,Other,NA,,NA,,S-ZG-BR,S-ZF-BR,B-ZG-UN,B-ZC-UN,B-ZF-BO,S-ZC-BR,S-ZO-BR,B-ZE-BO,B-ZD-BR,B-ZB-BO,S-ZO-BR,B-ZE-UN,S-ZE-BO,B-ZF-BR,B-ZE-BO,S-ZB-BO,B-ZO-BR,S-ZE-BR,B-ZO-BR,S-ZD-BO
282,2005.05.05 00:00,GBPJPY,60,86400,SELL,ZO,0,199.460,198.420,1040.0,199.290,197.930,1360.0,130.769,16.35,870.0,245.4,199.290,198.420,197.060,BREAK,2005.05.16 16:00,0,,0,,0,,0,NA,NewYork,BREAK,2005.05.17 02:00,BREAK,2005.06.06 07:00,200.330,UNTOUCHED,,0,,0,,0,,0,NA,Other,NA,,NA,,197.550,BREAK,2005.05.16 15:00,0,,0,,0,,0,NA,NewYork,BREAK,2005.05.16 18:00,BOUNCE,2005.05.17 05:00,200.160,UNTOUCHED,,0,,0,,0,,0,NA,Other,NA,,NA,,S-ZE-BR,S-ZG-BR,S-ZF-BR,B-ZG-UN,B-ZC-UN,B-ZF-BO,S-ZC-BR,S-ZO-BR,B-ZE-BO,B-ZD-BR,B-ZE-UN,S-ZE-BO,B-ZF-BR,B-ZE-BO,S-ZB-BO,B-ZO-BR,S-ZE-BR,B-ZO-BR,S-ZD-BO,B-ZF-BR
283,2005.05.14 00:00,GBPJPY,60,86400,BUY,ZE,1,199.340,197.760,1580.0,199.500,198.420,1080.0,68.354,41.77,920.0,372.9,199.340,198.420,200.420,UNTOUCHED,,0,,0,,0,,0,NA,Other,NA,,NA,,196.840,BREAK,2005.05.16 17:00,0,,0,,0,,0,NA,NewYork,BOUNCE,2005.05.17 05:00,NA,,200.260,UNTOUCHED,,0,,0,,0,,0,NA,Other,NA,,NA,,197.500,BREAK,2005.05.16 15:00,0,,0,,0,,0,NA,NewYork,BREAK,2005.05.16 23:00,BOUNCE,2005.05.17 05:00,S-ZO-BR,S-ZE-BR,S-ZG-BR,S-ZF-BR,B-ZG-UN,B-ZC-UN,B-ZF-BO,S-ZC-BR,S-ZO-BR,B-ZE-BO,S-ZE-BO,B-ZF-BR,B-ZE-BO,S-ZB-BO,B-ZO-BR,S-ZE-BR,B-ZO-BR,S-ZD-BO,B-ZF-BR,B-ZE-BO
284,2005.05.18 00:00,GBPJPY,60,86400,SELL,ZE,1,199.090,196.150,2940.0,197.500,195.590,1910.0,64.966,54.08,1350.0,693.8,197.500,196.150,194.240,BOUNCE,2005.06.06 17:00,1,2005.06.10 19:00,1,2005.06.15 17:00,0,,2,1w 2d,NewYork,NA,,NA,,200.440,UNTOUCHED,,0,,0,,0,,0,NA,Other,NA,,NA,,194.800,BOUNCE,2005.06.06 11:00,1,2005.06.15 17:00,0,,0,,1,1w 2d,London,NA,,NA,,198.850,BREAK,2005.06.15 17:00,0,,0,,0,,0,NA,NewYork,BOUNCE,2005.06.29 18:00,NA,,B-ZE-UN,S-ZO-BR,S-ZE-BR,S-ZG-BR,S-ZF-BR,B-ZG-UN,B-ZC-UN,B-ZF-BO,S-ZC-BR,S-ZO-BR,B-ZF-BR,B-ZE-BO,S-ZB-BO,B-ZO-BR,S-ZE-BR,B-ZO-BR,S-ZD-BO,B-ZF-BR,B-ZE-BO,B-ZF-BR
285,2005.05.20 00:00,GBPJPY,60,86400,BUY,ZF,0,197.460,196.420,1040.0,197.680,196.730,950.0,91.346,29.81,730.0,245.4,197.460,196.730,198.410,BREAK,2005.06.15 15:00,0,,0,,0,,0,NA,NewYork,BOUNCE,2005.06.16 16:00,NA,,195.690,BREAK,2005.06.03 16:00,0,,0,,0,,0,NA,NewYork,BREAK,2005.06.06 15:00,BOUNCE,2005.06.06 20:00,198.190,BREAK,2005.06.15 15:00,0,,0,,0,,0,NA,NewYork,BREAK,2005.06.15 18:00,BOUNCE,2005.06.21 11:00,196.000,BOUNCE,2005.05.31 04:00,1,2005.06.15 15:00,1,2005.06.15 15:00,0,,2,2w 1d,Asia,NA,,NA,,S-ZE-BO,B-ZE-UN,S-ZO-BR,S-ZE-BR,S-ZG-BR,S-ZF-BR,B-ZG-UN,B-ZC-UN,B-ZF-BO,S-ZC-BR,B-ZE-BO,S-ZB-BO,B-ZO-BR,S-ZE-BR,B-ZO-BR,S-ZD-BO,B-ZF-BR,B-ZE-BO,B-ZF-BR,S-ZF-BR
286,2005.05.21 00:00,GBPJPY,60,86400,BUY,ZE,1,197.680,196.730,950.0,198.020,197.250,770.0,81.053,54.74,430.0,224.2,197.680,197.250,198.450,BOUNCE,2005.06.15 15:00,1,2005.06.23 14:00,0,,0,,1,1w 0d,NewYork,NA,,NA,,196.300,BOUNCE,2005.05.25 02:00,1,2005.05.25 17:00,1,2005.06.13 21:00,1,2005.06.15 15:00,3,3w 0d,Asia,NA,,NA,,198.110,BOUNCE,2005.06.13 21:00,0,,0,,0,,0,NA,Other,NA,,NA,,196.820,BOUNCE,2005.05.23 16:00,1,2005.06.13 21:00,1,2005.06.13 21:00,0,,2,3w 0d,NewYork,NA,,NA,,B-ZF-BR,S-ZE-BO,B-ZE-UN,S-ZO-BR,S-ZE-BR,S-ZG-BR,S-ZF-BR,B-ZG-UN,B-ZC-UN,B-ZF-BO,S-ZB-BO,B-ZO-BR,S-ZE-BR,B-ZO-BR,S-ZD-BO,B-ZF-BR,B-ZE-BO,B-ZF-BR,S-ZF-BR,S-ZC-BR
287,2005.05.25 00:00,GBPJPY,60,86400,SELL,ZB,1,197.640,196.780,860.0,197.220,196.350,870.0,101.163,48.84,440.0,203.0,197.220,196.780,195.910,BOUNCE,2005.05.31 04:00,1,2005.05.31 10:00,1,2005.06.13 19:00,1,2005.06.13 20:00,3,1w 6d,Asia,NA,,NA,,198.080,BOUNCE,2005.06.13 20:00,1,2005.07.01 10:00,1,2005.07.04 05:00,1,2005.07.04 14:00,3,2w 6d,NewYork,NA,,NA,,196.340,BREAK,2005.05.25 02:00,0,,0,,0,,0,NA,Asia,BOUNCE,2005.05.31 04:00,NA,,197.660,BOUNCE,2005.05.26 05:00,1,2005.05.26 23:00,1,2005.05.26 23:00,0,,2,18h,Asia,NA,,NA,,B-ZE-BO,B-ZF-BR,S-ZE-BO,B-ZE-UN,S-ZO-BR,S-ZE-BR,S-ZG-BR,S-ZF-BR,B-ZG-UN,B-ZC-UN,B-ZO-BR,S-ZE-BR,B-ZO-BR,S-ZD-BO,B-ZF-BR,B-ZE-BO,B-ZF-BR,S-ZF-BR,S-ZC-BR,S-ZC-BR
288,2005.05.27 00:00,GBPJPY,60,86400,BUY,ZO,0,197.480,196.100,1380.0,197.780,196.340,1440.0,104.348,17.39,1140.0,325.7,197.480,196.340,198.920,BREAK,2005.06.15 17:00,0,,0,,0,,0,NA,NewYork,BREAK,2005.06.29 12:00,UNTOUCHED,,194.960,BREAK,2005.06.06 11:00,0,,0,,0,,0,NA,London,UNTOUCHED,,NA,,198.620,BREAK,2005.06.15 16:00,0,,0,,0,,0,NA,NewYork,BOUNCE,2005.06.21 15:00,NA,,195.200,BREAK,2005.06.06 04:00,0,,0,,0,,0,NA,Asia,UNTOUCHED,,NA,,S-ZB-BO,B-ZE-BO,B-ZF-BR,S-ZE-BO,B-ZE-UN,S-ZO-BR,S-ZE-BR,S-ZG-BR,S-ZF-BR,B-ZG-UN,S-ZE-BR,B-ZO-BR,S-ZD-BO,B-ZF-BR,B-ZE-BO,B-ZF-BR,S-ZF-BR,S-ZC-BR,S-ZC-BR,B-ZF-BR
289,2005.05.28 00:00,GBPJPY,60,86400,SELL,ZE,1,197.780,196.340,1440.0,197.170,196.290,880.0,61.111,42.36,830.0,339.8,197.170,196.340,195.460,BREAK,2005.06.03 17:00,0,,0,,0,,0,NA,NewYork,BREAK,2005.06.06 17:00,UNTOUCHED,,198.610,BREAK,2005.06.15 16:00,0,,0,,0,,0,NA,NewYork,BREAK,2005.06.20 18:00,BOUNCE,2005.06.28 17:00,195.510,BREAK,2005.06.03 17:00,0,,0,,0,,0,NA,NewYork,BREAK,2005.06.06 17:00,UNTOUCHED,,198.000,BREAK,2005.06.13 20:00,0,,0,,0,,0,NA,NewYork,BREAK,2005.06.15 18:00,BOUNCE,2005.06.21 11:00,B-ZO-BR,S-ZB-BO,B-ZE-BO,B-ZF-BR,S-ZE-BO,B-ZE-UN,S-ZO-BR,S-ZE-BR,S-ZG-BR,S-ZF-BR,B-ZO-BR,S-ZD-BO,B-ZF-BR,B-ZE-BO,B-ZF-BR,S-ZF-BR,S-ZC-BR,S-ZC-BR,B-ZF-BR,B-ZO-UN
290,2005.06.02 00:00,GBPJPY,60,86400,BUY,ZO,0,197.380,195.860,1520.0,197.450,196.230,1220.0,80.263,24.34,1150.0,358.7,197.380,196.230,198.600,BREAK,2005.06.15 16:00,0,,0,,0,,0,NA,NewYork,BOUNCE,2005.06.21 15:00,NA,,194.710,BREAK,2005.06.06 15:00,0,,0,,0,,0,NA,NewYork,UNTOUCHED,,NA,,198.530,BREAK,2005.06.15 15:00,0,,0,,0,,0,NA,NewYork,BOUNCE,2005.06.21 16:00,NA,,195.080,BREAK,2005.06.06 07:00,0,,0,,0,,0,NA,London,UNTOUCHED,,NA,,S-ZE-BR,B-ZO-BR,S-ZB-BO,B-ZE-BO,B-ZF-BR,S-ZE-BO,B-ZE-UN,S-ZO-BR,S-ZE-BR,S-ZG-BR,S-ZD-BO,B-ZF-BR,B-ZE-BO,B-ZF-BR,S-ZF-BR,S-ZC-BR,S-ZC-BR,B-ZF-BR,B-ZO-UN,S-ZB-BO
291,2005.06.04 00:00,GBPJPY,60,86400,SELL,ZD,1,197.070,196.340,730.0,196.680,195.230,1450.0,198.630,53.42,340.0,172.3,196.680,196.340,194.890,BOUNCE,2005.06.06 11:00,1,2005.06.07 19:00,1,2005.06.10 23:00,1,2005.06.13 16:00,3,1w 0d,London,NA,,NA,,197.410,BOUNCE,2005.06.13 16:00,1,2005.07.04 01:00,1,2005.07.04 13:00,1,2005.07.07 12:00,3,3w 2d,NewYork,NA,,NA,,196.000,BREAK,2005.06.04 00:00,0,,0,,0,,0,NA,Asia,BREAK,2005.06.06 01:00,BREAK,2005.06.06 07:00,197.020,BOUNCE,2005.06.10 23:00,1,2005.07.04 13:00,1,2005.07.04 13:00,0,,2,3w 2d,Other,NA,,NA,,B-ZO-BR,S-ZE-BR,B-ZO-BR,S-ZB-BO,B-ZE-BO,B-ZF-BR,S-ZE-BO,B-ZE-UN,S-ZO-BR,S-ZE-BR,B-ZF-BR,B-ZE-BO,B-ZF-BR,S-ZF-BR,S-ZC-BR,S-ZC-BR,B-ZF-BR,B-ZO-UN,S-ZB-BO,S-ZD-BO
292,2005.06.08 00:00,GBPJPY,60,86400,BUY,ZF,0,195.590,194.150,1440.0,195.730,194.600,1130.0,78.472,31.25,990.0,339.8,195.590,194.600,196.720,BREAK,2005.06.10 18:00,0,,0,,0,,0,NA,NewYork,BREAK,2005.06.13 20:00,BREAK,2005.06.15 18:00,193.160,UNTOUCHED,,0,,0,,0,,0,NA,Other,NA,,NA,,196.580,BREAK,2005.06.10 17:00,0,,0,,0,,0,NA,NewYork,BREAK,2005.06.13 19:00,BREAK,2005.06.15 17:00,193.610,UNTOUCHED,,0,,0,,0,,0,NA,Other,NA,,NA,,S-ZD-BO,B-ZO-BR,S-ZE-BR,B-ZO-BR,S-ZB-BO,B-ZE-BO,B-ZF-BR,S-ZE-BO,B-ZE-UN,S-ZO-BR,B-ZE-BO,B-ZF-BR,S-ZF-BR,S-ZC-BR,S-ZC-BR,B-ZF-BR,B-ZO-UN,S-ZB-BO,S-ZD-BO,B-ZG-BR
293,2005.06.09 00:00,GBPJPY,60,86400,BUY,ZE,1,195.730,194.600,1130.0,196.570,195.320,1250.0,110.619,63.72,410.0,266.7,195.730,195.320,196.980,BOUNCE,2005.06.10 23:00,1,2005.07.04 12:00,1,2005.07.07 12:00,0,,2,3w 5d,Other,NA,,NA,,194.190,UNTOUCHED,,0,,0,,0,,0,NA,Other,NA,,NA,,196.140,BOUNCE,2005.06.09 16:00,1,2005.07.07 12:00,0,,0,,1,3w 6d,NewYork,NA,,NA,,194.910,BREAK,2005.07.07 12:00,0,,0,,0,,0,NA,London,BOUNCE,2005.07.07 13:00,NA,,B-ZF-BR,S-ZD-BO,B-ZO-BR,S-ZE-BR,B-ZO-BR,S-ZB-BO,B-ZE-BO,B-ZF-BR,S-ZE-BO,B-ZE-UN,B-ZF-BR,S-ZF-BR,S-ZC-BR,S-ZC-BR,B-ZF-BR,B-ZO-UN,S-ZB-BO,S-ZD-BO,B-ZG-BR,S-ZF-BO
294,2005.06.16 00:00,GBPJPY,60,86400,BUY,ZF,1,198.130,197.320,810.0,199.340,197.350,1990.0,245.679,3.70,780.0,191.2,198.130,197.350,200.120,BREAK,2005.06.27 14:00,0,,0,,0,,0,NA,NewYork,UNTOUCHED,,NA,,196.540,BREAK,2005.07.04 01:00,0,,0,,0,,0,NA,Asia,BREAK,2005.07.07 12:00,BREAK,2005.07.07 13:00,198.910,BREAK,2005.06.16 00:00,0,,0,,0,,0,NA,Asia,BOUNCE,2005.06.21 11:00,NA,,196.570,BREAK,2005.07.04 01:00,0,,0,,0,,0,NA,Asia,BREAK,2005.07.07 12:00,BREAK,2005.07.07 13:00,B-ZE-BO,B-ZF-BR,S-ZD-BO,B-ZO-BR,S-ZE-BR,B-ZO-BR,S-ZB-BO,B-ZE-BO,B-ZF-BR,S-ZE-BO,S-ZF-BR,S-ZC-BR,S-ZC-BR,B-ZF-BR,B-ZO-UN,S-ZB-BO,S-ZD-BO,B-ZG-BR,S-ZF-BO,B-ZB-BR
295,2005.06.22 00:00,GBPJPY,60,86400,SELL,ZF,0,199.810,198.340,1470.0,199.710,197.780,1930.0,131.293,6.80,1370.0,346.9,199.710,198.340,196.410,BREAK,2005.07.04 05:00,0,,0,,0,,0,NA,Asia,BREAK,2005.07.07 12:00,BREAK,2005.07.21 15:00,201.180,UNTOUCHED,,0,,0,,0,,0,NA,Other,NA,,NA,,196.970,BREAK,2005.07.04 01:00,0,,0,,0,,0,NA,Asia,BREAK,2005.07.07 12:00,BREAK,2005.07.21 15:00,201.080,UNTOUCHED,,0,,0,,0,,0,NA,Other,NA,,NA,,B-ZF-BR,B-ZE-BO,B-ZF-BR,S-ZD-BO,B-ZO-BR,S-ZE-BR,B-ZO-BR,S-ZB-BO,B-ZE-BO,B-ZF-BR,S-ZC-BR,S-ZC-BR,B-ZF-BR,B-ZO-UN,S-ZB-BO,S-ZD-BO,B-ZG-BR,S-ZF-BO,B-ZB-BR,B-ZH-BO
296,2005.06.23 00:00,GBPJPY,60,86400,SELL,ZC,1,199.710,197.780,1930.0,198.830,197.740,1090.0,56.477,45.60,1050.0,455.5,198.830,197.780,196.690,BREAK,2005.07.04 01:00,0,,0,,0,,0,NA,Asia,BREAK,2005.07.07 12:00,BOUNCE,2005.07.08 03:00,200.760,UNTOUCHED,,0,,0,,0,,0,NA,Other,NA,,NA,,196.730,BREAK,2005.07.04 01:00,0,,0,,0,,0,NA,Asia,BREAK,2005.07.07 12:00,BOUNCE,2005.07.08 03:00,199.880,BREAK,2005.06.27 12:00,0,,0,,0,,0,NA,London,UNTOUCHED,,NA,,S-ZF-BR,B-ZF-BR,B-ZE-BO,B-ZF-BR,S-ZD-BO,B-ZO-BR,S-ZE-BR,B-ZO-BR,S-ZB-BO,B-ZE-BO,S-ZC-BR,B-ZF-BR,B-ZO-UN,S-ZB-BO,S-ZD-BO,B-ZG-BR,S-ZF-BO,B-ZB-BR,B-ZH-BO,B-ZO-BO
297,2005.06.24 00:00,GBPJPY,60,86400,SELL,ZC,1,198.830,197.740,1090.0,198.400,197.420,980.0,89.908,39.45,660.0,257.2,198.400,197.740,196.760,BREAK,2005.07.04 01:00,0,,0,,0,,0,NA,Asia,BOUNCE,2005.07.05 02:00,NA,,199.490,BREAK,2005.06.27 04:00,0,,0,,0,,0,NA,Asia,BOUNCE,2005.06.28 17:00,NA,,197.080,BOUNCE,2005.07.01 10:00,0,,0,,0,,0,NA,London,NA,,NA,,199.060,BREAK,2005.06.24 14:00,0,,0,,0,,0,NA,NewYork,BREAK,2005.06.27 12:00,BOUNCE,2005.06.29 13:00,S-ZC-BR,S-ZF-BR,B-ZF-BR,B-ZE-BO,B-ZF-BR,S-ZD-BO,B-ZO-BR,S-ZE-BR,B-ZO-BR,S-ZB-BO,B-ZF-BR,B-ZO-UN,S-ZB-BO,S-ZD-BO,B-ZG-BR,S-ZF-BO,B-ZB-BR,B-ZH-BO,B-ZO-BO,S-ZF-BR
298,2005.06.25 00:00,GBPJPY,60,86400,BUY,ZF,1,198.400,197.420,980.0,199.310,197.620,1690.0,172.449,20.41,780.0,231.3,198.400,197.620,200.090,BREAK,2005.06.27 13:00,0,,0,,0,,0,NA,NewYork,UNTOUCHED,,NA,,196.640,BREAK,2005.07.04 01:00,0,,0,,0,,0,NA,Asia,BREAK,2005.07.07 12:00,BREAK,2005.07.07 13:00,199.180,BREAK,2005.06.27 01:00,0,,0,,0,,0,NA,Asia,BREAK,2005.06.27 14:00,UNTOUCHED,,196.840,BREAK,2005.07.04 01:00,0,,0,,0,,0,NA,Asia,BOUNCE,2005.07.06 18:00,NA,,S-ZC-BR,S-ZC-BR,S-ZF-BR,B-ZF-BR,B-ZE-BO,B-ZF-BR,S-ZD-BO,B-ZO-BR,S-ZE-BR,B-ZO-BR,B-ZO-UN,S-ZB-BO,S-ZD-BO,B-ZG-BR,S-ZF-BO,B-ZB-BR,B-ZH-BO,B-ZO-BO,S-ZF-BR,B-ZO-BR
299,2005.06.29 00:00,GBPJPY,60,86400,BUY,ZO,0,200.200,199.000,1200.0,200.330,199.340,990.0,82.500,28.33,860.0,283.2,200.200,199.340,201.190,UNTOUCHED,,0,,0,,0,,0,NA,Other,NA,,NA,,198.140,BREAK,2005.07.01 02:00,0,,0,,0,,0,NA,Asia,BOUNCE,2005.07.01 10:00,NA,,201.060,UNTOUCHED,,0,,0,,0,,0,NA,Other,NA,,NA,,198.480,BREAK,2005.06.30 12:00,0,,0,,0,,0,NA,London,BREAK,2005.07.01 10:00,BREAK,2005.07.04 05:00,B-ZF-BR,S-ZC-BR,S-ZC-BR,S-ZF-BR,B-ZF-BR,B-ZE-BO,B-ZF-BR,S-ZD-BO,B-ZO-BR,S-ZE-BR,S-ZB-BO,S-ZD-BO,B-ZG-BR,S-ZF-BO,B-ZB-BR,B-ZH-BO,B-ZO-BO,S-ZF-BR,B-ZO-BR,S-ZF-UN
300,2005.07.01 00:00,GBPJPY,60,86400,SELL,ZB,1,200.430,198.840,1590.0,199.760,198.170,1590.0,100.000,42.14,920.0,375.2,199.760,198.840,197.250,BOUNCE,2005.07.01 10:00,1,2005.08.05 18:00,0,,0,,1,5w 0d,London,NA,,NA,,201.350,UNTOUCHED,,0,,0,,0,,0,NA,Other,NA,,NA,,197.920,BREAK,2005.07.01 08:00,0,,0,,0,,0,NA,London,BREAK,2005.07.04 01:00,BOUNCE,2005.07.06 18:00,200.680,UNTOUCHED,,0,,0,,0,,0,NA,Other,NA,,NA,,B-ZO-UN,B-ZF-BR,S-ZC-BR,S-ZC-BR,S-ZF-BR,B-ZF-BR,B-ZE-BO,B-ZF-BR,S-ZD-BO,B-ZO-BR,S-ZD-BO,B-ZG-BR,S-ZF-BO,B-ZB-BR,B-ZH-BO,B-ZO-BO,S-ZF-BR,B-ZO-BR,S-ZF-UN,B-ZB-BR
301,2005.07.02 00:00,GBPJPY,60,86400,SELL,ZD,1,199.760,198.170,1590.0,198.980,197.060,1920.0,120.755,49.06,810.0,375.2,198.980,198.170,196.250,BOUNCE,2005.07.04 06:00,1,2005.07.30 00:00,1,2005.08.08 07:00,0,,2,5w 0d,Asia,NA,,NA,,200.570,UNTOUCHED,,0,,0,,0,,0,NA,Other,NA,,NA,,197.360,BREAK,2005.07.04 01:00,0,,0,,0,,0,NA,Asia,BREAK,2005.07.04 12:00,BREAK,2005.07.07 12:00,199.790,BREAK,2005.08.08 07:00,0,,0,,0,,0,NA,London,BREAK,2005.09.01 17:00,BREAK,2005.09.02 14:00,S-ZB-BO,B-ZO-UN,B-ZF-BR,S-ZC-BR,S-ZC-BR,S-ZF-BR,B-ZF-BR,B-ZE-BO,B-ZF-BR,S-ZD-BO,B-ZG-BR,S-ZF-BO,B-ZB-BR,B-ZH-BO,B-ZO-BO,S-ZF-BR,B-ZO-BR,S-ZF-UN,B-ZB-BR,B-ZB-BR
302,2005.07.07 00:00,GBPJPY,60,86400,BUY,ZG,0,196.830,195.920,910.0,197.370,195.930,1440.0,158.242,1.10,900.0,214.8,196.830,195.930,198.270,BREAK,2005.08.01 16:00,0,,0,,0,,0,NA,NewYork,BREAK,2005.08.08 01:00,BREAK,2005.08.08 22:00,195.020,BREAK,2005.07.07 12:00,0,,0,,0,,0,NA,London,BREAK,2005.07.21 15:00,BREAK,2005.07.21 16:00,197.730,BOUNCE,2005.07.14 17:00,1,2005.07.21 14:00,1,2005.07.21 14:00,0,,2,6d 21h,NewYork,NA,,NA,,195.030,BREAK,2005.07.07 12:00,0,,0,,0,,0,NA,London,BREAK,2005.07.21 15:00,BREAK,2005.07.21 16:00,S-ZD-BO,S-ZB-BO,B-ZO-UN,B-ZF-BR,S-ZC-BR,S-ZC-BR,S-ZF-BR,B-ZF-BR,B-ZE-BO,B-ZF-BR,S-ZF-BO,B-ZB-BR,B-ZH-BO,B-ZO-BO,S-ZF-BR,B-ZO-BR,S-ZF-UN,B-ZB-BR,B-ZB-BR,B-ZF-BR
303,2005.07.08 00:00,GBPJPY,60,86400,SELL,ZF,1,197.370,195.930,1440.0,196.990,194.500,2490.0,172.917,26.39,1060.0,339.8,196.990,195.930,193.440,BOUNCE,2005.07.21 15:00,1,2005.07.26 15:00,1,2005.07.30 00:00,1,2005.08.01 17:00,3,1w 4d,NewYork,NA,,NA,,198.430,BOUNCE,2005.08.01 17:00,0,,0,,0,,0,NA,NewYork,NA,,NA,,194.870,BREAK,2005.07.08 13:00,0,,0,,0,,0,NA,NewYork,BREAK,2005.07.21 15:00,BOUNCE,2005.07.21 20:00,198.050,BREAK,2005.07.30 00:00,0,,0,,0,,0,NA,Asia,BREAK,2005.08.08 02:00,BOUNCE,2005.08.10 05:00,B-ZG-BR,S-ZD-BO,S-ZB-BO,B-ZO-UN,B-ZF-BR,S-ZC-BR,S-ZC-BR,S-ZF-BR,B-ZF-BR,B-ZE-BO,B-ZB-BR,B-ZH-BO,B-ZO-BO,S-ZF-BR,B-ZO-BR,S-ZF-UN,B-ZB-BR,B-ZB-BR,B-ZF-BR,B-ZD-BR
304,2005.07.13 00:00,GBPJPY,60,86400,BUY,ZB,1,196.760,194.670,2090.0,197.300,195.920,1380.0,66.029,59.81,840.0,493.2,196.760,195.920,198.140,BREAK,2005.07.30 00:00,0,,0,,0,,0,NA,Asia,BREAK,2005.08.08 02:00,BREAK,2005.08.08 22:00,193.830,BREAK,2005.07.21 15:00,0,,0,,0,,0,NA,NewYork,BOUNCE,2005.07.21 20:00,NA,,197.600,BOUNCE,2005.07.14 01:00,1,2005.07.21 14:00,1,2005.07.21 15:00,0,,2,1w 0d,Asia,NA,,NA,,195.080,BREAK,2005.07.21 14:00,0,,0,,0,,0,NA,NewYork,BREAK,2005.07.21 15:00,BREAK,2005.07.21 16:00,S-ZF-BO,B-ZG-BR,S-ZD-BO,S-ZB-BO,B-ZO-UN,B-ZF-BR,S-ZC-BR,S-ZC-BR,S-ZF-BR,B-ZF-BR,B-ZH-BO,B-ZO-BO,S-ZF-BR,B-ZO-BR,S-ZF-UN,B-ZB-BR,B-ZB-BR,B-ZF-BR,B-ZD-BR,S-ZG-UN
305,2005.07.14 00:00,GBPJPY,60,86400,BUY,ZH,0,197.300,195.920,1380.0,197.470,196.360,1110.0,80.435,31.88,940.0,325.7,197.300,196.360,198.410,BOUNCE,2005.08.01 17:00,0,,0,,0,,0,NA,NewYork,NA,,NA,,194.980,BREAK,2005.07.21 14:00,0,,0,,0,,0,NA,NewYork,BREAK,2005.07.21 15:00,BREAK,2005.07.21 18:00,198.240,BREAK,2005.08.01 16:00,0,,0,,0,,0,NA,NewYork,BREAK,2005.08.08 02:00,BOUNCE,2005.08.10 04:00,195.420,BOUNCE,2005.07.18 18:00,1,2005.08.01 16:00,1,2005.08.01 16:00,0,,2,1w 6d,NewYork,NA,,NA,,B-ZB-BR,S-ZF-BO,B-ZG-BR,S-ZD-BO,S-ZB-BO,B-ZO-UN,B-ZF-BR,S-ZC-BR,S-ZC-BR,S-ZF-BR,B-ZO-BO,S-ZF-BR,B-ZO-BR,S-ZF-UN,B-ZB-BR,B-ZB-BR,B-ZF-BR,B-ZD-BR,S-ZG-UN,B-ZB-BO
306,2005.07.15 00:00,GBPJPY,60,86400,BUY,ZO,0,197.470,196.360,1110.0,197.760,196.780,980.0,88.288,37.84,690.0,262.0,197.470,196.780,198.450,BOUNCE,2005.08.01 17:00,1,2005.08.02 18:00,0,,0,,1,1d 1h,NewYork,NA,,NA,,195.670,BREAK,2005.07.18 17:00,0,,0,,0,,0,NA,NewYork,BREAK,2005.07.21 14:00,BREAK,2005.07.21 15:00,198.160,BOUNCE,2005.07.30 00:00,0,,0,,0,,0,NA,Asia,NA,,NA,,196.090,BREAK,2005.07.18 10:00,0,,0,,0,,0,NA,London,BOUNCE,2005.07.19 10:00,NA,,B-ZH-BO,B-ZB-BR,S-ZF-BO,B-ZG-BR,S-ZD-BO,S-ZB-BO,B-ZO-UN,B-ZF-BR,S-ZC-BR,S-ZC-BR,S-ZF-BR,B-ZO-BR,S-ZF-UN,B-ZB-BR,B-ZB-BR,B-ZF-BR,B-ZD-BR,S-ZG-UN,B-ZB-BO,S-ZF-BR
307,2005.07.16 00:00,GBPJPY,60,86400,SELL,ZF,0,197.760,196.780,980.0,197.600,196.450,1150.0,117.347,16.33,820.0,231.3,197.600,196.780,195.630,BREAK,2005.07.18 17:00,0,,0,,0,,0,NA,NewYork,BREAK,2005.07.21 14:00,BREAK,2005.07.21 15:00,198.580,BOUNCE,2005.08.01 18:00,1,2005.08.02 18:00,0,,0,,1,1d 0h,NewYork,NA,,NA,,195.960,BREAK,2005.07.18 11:00,0,,0,,0,,0,NA,London,BREAK,2005.07.21 14:00,BREAK,2005.07.21 15:00,198.420,BREAK,2005.08.01 17:00,0,,0,,0,,0,NA,NewYork,BREAK,2005.08.08 02:00,BREAK,2005.08.08 22:00,B-ZO-BO,B-ZH-BO,B-ZB-BR,S-ZF-BO,B-ZG-BR,S-ZD-BO,S-ZB-BO,B-ZO-UN,B-ZF-BR,S-ZC-BR,B-ZO-BR,S-ZF-UN,B-ZB-BR,B-ZB-BR,B-ZF-BR,B-ZD-BR,S-ZG-UN,B-ZB-BO,S-ZF-BR,S-ZE-BO
308,2005.07.21 00:00,GBPJPY,60,86400,BUY,ZO,0,196.660,195.360,1300.0,196.890,195.630,1260.0,96.923,20.77,1030.0,306.8,196.660,195.630,197.920,BREAK,2005.07.30 00:00,0,,0,,0,,0,NA,Asia,BREAK,2005.08.05 21:00,BREAK,2005.08.08 22:00,194.330,BOUNCE,2005.07.21 14:00,1,2005.07.28 10:00,1,2005.07.29 22:00,1,2005.07.30 00:00,3,1w 1d,NewYork,NA,,NA,,197.690,BREAK,2005.07.29 22:00,0,,0,,0,,0,NA,Other,BREAK,2005.08.05 18:00,BREAK,2005.08.08 11:00,194.600,BREAK,2005.07.21 14:00,0,,0,,0,,0,NA,NewYork,BREAK,2005.07.21 15:00,UNTOUCHED,,S-ZF-BR,B-ZO-BO,B-ZH-BO,B-ZB-BR,S-ZF-BO,B-ZG-BR,S-ZD-BO,S-ZB-BO,B-ZO-UN,B-ZF-BR,S-ZF-UN,B-ZB-BR,B-ZB-BR,B-ZF-BR,B-ZD-BR,S-ZG-UN,B-ZB-BO,S-ZF-BR,S-ZE-BO,S-ZE-UN
309,2005.07.22 00:00,GBPJPY,60,86400,SELL,ZF,1,196.890,195.630,1260.0,196.870,192.620,4250.0,337.302,1.59,1240.0,297.4,196.870,195.630,191.380,UNTOUCHED,,0,,0,,0,,0,NA,Other,NA,,NA,,198.130,BREAK,2005.07.30 00:00,0,,0,,0,,0,NA,Asia,BREAK,2005.08.08 04:00,BREAK,2005.09.01 17:00,194.390,BREAK,2005.07.22 00:00,0,,0,,0,,0,NA,Asia,BOUNCE,2005.07.25 11:00,NA,,198.110,BREAK,2005.07.30 00:00,0,,0,,0,,0,NA,Asia,BREAK,2005.08.08 04:00,BREAK,2005.09.01 17:00,B-ZO-BR,S-ZF-BR,B-ZO-BO,B-ZH-BO,B-ZB-BR,S-ZF-BO,B-ZG-BR,S-ZD-BO,S-ZB-BO,B-ZO-UN,B-ZB-BR,B-ZB-BR,B-ZF-BR,B-ZD-BR,S-ZG-UN,B-ZB-BO,S-ZF-BR,S-ZE-BO,S-ZE-UN,B-ZH-BR
310,2005.07.27 00:00,GBPJPY,60,86400,BUY,ZB,1,195.140,193.400,1740.0,195.790,194.470,1320.0,75.862,61.49,670.0,410.6,195.140,194.470,196.460,BREAK,2005.07.28 11:00,0,,0,,0,,0,NA,London,BREAK,2005.07.29 18:00,BREAK,2005.08.01 16:00,192.730,UNTOUCHED,,0,,0,,0,,0,NA,Other,NA,,NA,,195.810,BREAK,2005.07.27 05:00,0,,0,,0,,0,NA,Asia,BREAK,2005.07.28 15:00,BREAK,2005.07.29 18:00,193.800,UNTOUCHED,,0,,0,,0,,0,NA,Other,NA,,NA,,S-ZF-UN,B-ZO-BR,S-ZF-BR,B-ZO-BO,B-ZH-BO,B-ZB-BR,S-ZF-BO,B-ZG-BR,S-ZD-BO,S-ZB-BO,B-ZB-BR,B-ZF-BR,B-ZD-BR,S-ZG-UN,B-ZB-BO,S-ZF-BR,S-ZE-BO,S-ZE-UN,B-ZH-BR,B-ZE-BO
311,2005.07.28 00:00,GBPJPY,60,86400,BUY,ZB,1,195.790,194.470,1320.0,196.360,195.190,1170.0,88.636,54.55,600.0,311.5,195.790,195.190,196.960,BREAK,2005.07.28 15:00,0,,0,,0,,0,NA,NewYork,BREAK,2005.07.30 00:00,BREAK,2005.08.01 17:00,193.870,UNTOUCHED,,0,,0,,0,,0,NA,Other,NA,,NA,,196.390,BREAK,2005.07.28 10:00,0,,0,,0,,0,NA,London,BREAK,2005.07.28 18:00,BREAK,2005.07.30 00:00,194.590,UNTOUCHED,,0,,0,,0,,0,NA,Other,NA,,NA,,B-ZB-BR,S-ZF-UN,B-ZO-BR,S-ZF-BR,B-ZO-BO,B-ZH-BO,B-ZB-BR,S-ZF-BO,B-ZG-BR,S-ZD-BO,B-ZF-BR,B-ZD-BR,S-ZG-UN,B-ZB-BO,S-ZF-BR,S-ZE-BO,S-ZE-UN,B-ZH-BR,B-ZE-BO,S-ZE-BR
312,2005.07.29 00:00,GBPJPY,60,86400,BUY,ZF,1,196.360,195.190,1170.0,197.350,195.540,1810.0,154.701,29.91,820.0,276.1,196.360,195.540,198.170,BREAK,2005.08.01 16:00,0,,0,,0,,0,NA,NewYork,BREAK,2005.08.05 21:00,BREAK,2005.08.08 11:00,194.370,UNTOUCHED,,0,,0,,0,,0,NA,Other,NA,,NA,,197.180,BREAK,2005.07.29 02:00,0,,0,,0,,0,NA,Asia,BREAK,2005.08.01 16:00,BREAK,2005.08.05 19:00,194.720,UNTOUCHED,,0,,0,,0,,0,NA,Other,NA,,NA,,B-ZB-BR,B-ZB-BR,S-ZF-UN,B-ZO-BR,S-ZF-BR,B-ZO-BO,B-ZH-BO,B-ZB-BR,S-ZF-BO,B-ZG-BR,B-ZD-BR,S-ZG-UN,B-ZB-BO,S-ZF-BR,S-ZE-BO,S-ZE-UN,B-ZH-BR,B-ZE-BO,S-ZE-BR,B-ZB-BO
313,2005.07.30 00:00,GBPJPY,60,86400,BUY,ZD,1,197.350,195.540,1810.0,197.840,196.480,1360.0,75.138,51.93,870.0,427.2,197.350,196.480,198.710,BREAK,2005.08.05 06:00,0,,0,,0,,0,NA,Asia,BREAK,2005.08.08 11:00,BREAK,2005.09.01 17:00,194.670,UNTOUCHED,,0,,0,,0,,0,NA,Other,NA,,NA,,198.220,BREAK,2005.08.01 16:00,0,,0,,0,,0,NA,NewYork,BREAK,2005.08.08 02:00,BOUNCE,2005.08.10 07:00,195.610,UNTOUCHED,,0,,0,,0,,0,NA,Other,NA,,NA,,B-ZF-BR,B-ZB-BR,B-ZB-BR,S-ZF-UN,B-ZO-BR,S-ZF-BR,B-ZO-BO,B-ZH-BO,B-ZB-BR,S-ZF-BO,S-ZG-UN,B-ZB-BO,S-ZF-BR,S-ZE-BO,S-ZE-UN,B-ZH-BR,B-ZE-BO,S-ZE-BR,B-ZB-BO,S-ZG-UN
314,2005.08.03 00:00,GBPJPY,60,86400,SELL,ZG,0,198.690,197.370,1320.0,198.680,196.920,1760.0,133.333,0.76,1310.0,311.5,198.680,197.370,195.610,UNTOUCHED,,0,,0,,0,,0,NA,Other,NA,,NA,,200.000,BREAK,2005.08.08 11:00,0,,0,,0,,0,NA,London,BREAK,2005.09.02 09:00,BREAK,2005.09.08 11:00,196.060,UNTOUCHED,,0,,0,,0,,0,NA,Other,NA,,NA,,199.990,BREAK,2005.08.08 11:00,0,,0,,0,,0,NA,London,BREAK,2005.09.01 20:00,BREAK,2005.09.08 11:00,B-ZD-BR,B-ZF-BR,B-ZB-BR,B-ZB-BR,S-ZF-UN,B-ZO-BR,S-ZF-BR,B-ZO-BO,B-ZH-BO,B-ZB-BR,B-ZB-BO,S-ZF-BR,S-ZE-BO,S-ZE-UN,B-ZH-BR,B-ZE-BO,S-ZE-BR,B-ZB-BO,S-ZG-UN,B-ZF-BR
315,2005.08.06 00:00,GBPJPY,60,86400,BUY,ZB,1,198.610,196.900,1710.0,199.300,197.870,1430.0,83.626,56.73,740.0,403.6,198.610,197.870,200.040,BOUNCE,2005.08.08 11:00,1,2005.08.10 17:00,1,2005.08.22 12:00,0,,2,2w 0d,London,NA,,NA,,196.160,UNTOUCHED,,0,,0,,0,,0,NA,Other,NA,,NA,,199.350,BREAK,2005.08.08 01:00,0,,0,,0,,0,NA,Asia,BOUNCE,2005.08.08 11:00,NA,,197.130,BOUNCE,2005.08.22 12:00,1,2005.08.29 07:00,1,2005.08.29 07:00,0,,2,6d 19h,London,NA,,NA,,S-ZG-UN,B-ZD-BR,B-ZF-BR,B-ZB-BR,B-ZB-BR,S-ZF-UN,B-ZO-BR,S-ZF-BR,B-ZO-BO,B-ZH-BO,S-ZF-BR,S-ZE-BO,S-ZE-UN,B-ZH-BR,B-ZE-BO,S-ZE-BR,B-ZB-BO,S-ZG-UN,B-ZF-BR,B-ZB-BO
316,2005.08.11 00:00,GBPJPY,60,86400,SELL,ZF,1,200.310,199.550,760.0,200.200,198.240,1960.0,257.895,14.47,650.0,179.4,200.200,199.550,197.590,BREAK,2005.08.15 19:00,0,,0,,0,,0,NA,NewYork,BOUNCE,2005.08.22 14:00,NA,,200.960,BREAK,2005.09.01 17:00,0,,0,,0,,0,NA,NewYork,BOUNCE,2005.09.02 11:00,NA,,198.900,BREAK,2005.08.11 00:00,0,,0,,0,,0,NA,Asia,BOUNCE,2005.08.11 11:00,NA,,200.850,BREAK,2005.09.01 17:00,0,,0,,0,,0,NA,NewYork,BREAK,2005.09.02 09:00,BREAK,2005.09.02 19:00,B-ZB-BO,S-ZG-UN,B-ZD-BR,B-ZF-BR,B-ZB-BR,B-ZB-BR,S-ZF-UN,B-ZO-BR,S-ZF-BR,B-ZO-BO,S-ZE-BO,S-ZE-UN,B-ZH-BR,B-ZE-BO,S-ZE-BR,B-ZB-BO,S-ZG-UN,B-ZF-BR,B-ZB-BO,B-ZD-BO
317,2005.08.12 00:00,GBPJPY,60,86400,SELL,ZE,1,200.200,198.240,1960.0,199.140,198.140,1000.0,51.020,54.08,900.0,462.6,199.140,198.240,197.240,BOUNCE,2005.08.22 11:00,1,2005.08.29 03:00,1,2005.08.31 18:00,1,2005.09.01 17:00,3,1w 3d,London,NA,,NA,,201.100,BREAK,2005.09.01 17:00,0,,0,,0,,0,NA,NewYork,BREAK,2005.09.03 00:00,BREAK,2005.09.08 16:00,197.340,BREAK,2005.08.22 11:00,0,,0,,0,,0,NA,London,UNTOUCHED,,NA,,200.040,BREAK,2005.08.31 18:00,0,,0,,0,,0,NA,NewYork,BREAK,2005.09.01 18:00,BREAK,2005.09.02 19:00,S-ZF-BR,B-ZB-BO,S-ZG-UN,B-ZD-BR,B-ZF-BR,B-ZB-BR,B-ZB-BR,S-ZF-UN,B-ZO-BR,S-ZF-BR,S-ZE-UN,B-ZH-BR,B-ZE-BO,S-ZE-BR,B-ZB-BO,S-ZG-UN,B-ZF-BR,B-ZB-BO,B-ZD-BO,B-ZG-UN
318,2005.08.17 00:00,GBPJPY,60,86400,SELL,ZE,1,199.060,197.540,1520.0,198.430,197.350,1080.0,71.053,41.45,890.0,358.7,198.430,197.540,196.460,UNTOUCHED,,0,,0,,0,,0,NA,Other,NA,,NA,,199.950,BREAK,2005.08.31 18:00,0,,0,,0,,0,NA,NewYork,BREAK,2005.09.01 17:00,BOUNCE,2005.09.02 13:00,196.650,UNTOUCHED,,0,,0,,0,,0,NA,Other,NA,,NA,,199.320,BOUNCE,2005.08.18 11:00,0,,0,,0,,0,NA,London,NA,,NA,,S-ZE-BO,S-ZF-BR,B-ZB-BO,S-ZG-UN,B-ZD-BR,B-ZF-BR,B-ZB-BR,B-ZB-BR,S-ZF-UN,B-ZO-BR,B-ZH-BR,B-ZE-BO,S-ZE-BR,B-ZB-BO,S-ZG-UN,B-ZF-BR,B-ZB-BO,B-ZD-BO,B-ZG-UN,B-ZB-PE
319,2005.08.18 00:00,GBPJPY,60,86400,BUY,ZH,0,198.430,197.350,1080.0,198.810,197.700,1110.0,102.778,32.41,730.0,254.9,198.430,197.700,199.540,BREAK,2005.08.31 17:00,0,,0,,0,,0,NA,NewYork,BREAK,2005.09.01 15:00,BREAK,2005.09.01 17:00,196.620,UNTOUCHED,,0,,0,,0,,0,NA,Other,NA,,NA,,199.160,BOUNCE,2005.08.18 11:00,1,2005.08.22 12:00,0,,0,,1,4d 1h,London,NA,,NA,,196.970,BOUNCE,2005.08.22 12:00,1,2005.08.29 04:00,1,2005.08.29 04:00,0,,2,6d 16h,London,NA,,NA,,S-ZE-UN,S-ZE-BO,S-ZF-BR,B-ZB-BO,S-ZG-UN,B-ZD-BR,B-ZF-BR,B-ZB-BR,B-ZB-BR,S-ZF-UN,B-ZE-BO,S-ZE-BR,B-ZB-BO,S-ZG-UN,B-ZF-BR,B-ZB-BO,B-ZD-BO,B-ZG-UN,B-ZB-PE,S-ZF-BO
320,2005.08.19 00:00,GBPJPY,60,86400,BUY,ZE,1,198.810,197.700,1110.0,199.380,198.160,1220.0,109.910,41.44,650.0,262.0,198.810,198.160,200.030,BOUNCE,2005.08.31 18:00,1,2005.09.23 12:00,0,,0,,1,3w 1d,NewYork,NA,,NA,,197.050,BREAK,2005.08.22 12:00,0,,0,,0,,0,NA,London,UNTOUCHED,,NA,,199.460,BOUNCE,2005.08.29 09:00,0,,0,,0,,0,NA,London,NA,,NA,,197.510,BREAK,2005.08.22 11:00,0,,0,,0,,0,NA,London,BOUNCE,2005.08.22 14:00,NA,,B-ZH-BR,S-ZE-UN,S-ZE-BO,S-ZF-BR,B-ZB-BO,S-ZG-UN,B-ZD-BR,B-ZF-BR,B-ZB-BR,B-ZB-BR,S-ZE-BR,B-ZB-BO,S-ZG-UN,B-ZF-BR,B-ZB-BO,B-ZD-BO,B-ZG-UN,B-ZB-PE,S-ZF-BO,B-ZG-BR
321,2005.08.20 00:00,GBPJPY,60,86400,SELL,ZE,1,199.380,198.160,1220.0,198.770,197.840,930.0,76.230,50.00,610.0,287.9,198.770,198.160,197.230,BREAK,2005.08.22 11:00,0,,0,,0,,0,NA,London,UNTOUCHED,,NA,,199.990,BOUNCE,2005.08.31 18:00,1,2005.09.23 12:00,0,,0,,1,3w 1d,NewYork,NA,,NA,,197.550,BREAK,2005.08.22 11:00,0,,0,,0,,0,NA,London,BOUNCE,2005.08.22 14:00,NA,,199.380,BOUNCE,2005.08.29 07:00,0,,0,,0,,0,NA,London,NA,,NA,,B-ZE-BO,B-ZH-BR,S-ZE-UN,S-ZE-BO,S-ZF-BR,B-ZB-BO,S-ZG-UN,B-ZD-BR,B-ZF-BR,B-ZB-BR,B-ZB-BO,S-ZG-UN,B-ZF-BR,B-ZB-BO,B-ZD-BO,B-ZG-UN,B-ZB-PE,S-ZF-BO,B-ZG-BR,S-ZB-UN
322,2005.08.25 00:00,GBPJPY,60,86400,BUY,ZB,1,198.140,197.210,930.0,198.640,197.830,810.0,87.097,66.67,310.0,219.5,198.140,197.830,198.950,BOUNCE,2005.08.29 03:00,0,,0,,0,,0,NA,Asia,NA,,NA,,196.900,UNTOUCHED,,0,,0,,0,,0,NA,Other,NA,,NA,,198.450,BREAK,2005.08.25 00:00,0,,0,,0,,0,NA,Asia,BOUNCE,2005.08.25 06:00,NA,,197.520,UNTOUCHED,,0,,0,,0,,0,NA,Other,NA,,NA,,S-ZE-BR,B-ZE-BO,B-ZH-BR,S-ZE-UN,S-ZE-BO,S-ZF-BR,B-ZB-BO,S-ZG-UN,B-ZD-BR,B-ZF-BR,S-ZG-UN,B-ZF-BR,B-ZB-BO,B-ZD-BO,B-ZG-UN,B-ZB-PE,S-ZF-BO,B-ZG-BR,S-ZB-UN,S-ZH-BO
323,2005.08.27 00:00,GBPJPY,60,86400,SELL,ZG,0,198.820,197.770,1050.0,198.760,197.610,1150.0,109.524,5.71,990.0,247.8,198.760,197.770,196.620,UNTOUCHED,,0,,0,,0,,0,NA,Other,NA,,NA,,199.810,BREAK,2005.08.31 17:00,0,,0,,0,,0,NA,NewYork,BREAK,2005.09.01 17:00,BREAK,2005.09.02 15:00,196.780,UNTOUCHED,,0,,0,,0,,0,NA,Other,NA,,NA,,199.750,BREAK,2005.08.31 17:00,0,,0,,0,,0,NA,NewYork,BREAK,2005.09.01 17:00,BREAK,2005.09.02 15:00,B-ZB-BO,S-ZE-BR,B-ZE-BO,B-ZH-BR,S-ZE-UN,S-ZE-BO,S-ZF-BR,B-ZB-BO,S-ZG-UN,B-ZD-BR,B-ZF-BR,B-ZB-BO,B-ZD-BO,B-ZG-UN,B-ZB-PE,S-ZF-BO,B-ZG-BR,S-ZB-UN,S-ZH-BO,B-ZF-BR
324,2005.09.01 00:00,GBPJPY,60,86400,BUY,ZF,1,199.270,198.440,830.0,200.040,198.520,1520.0,183.133,9.64,750.0,195.9,199.270,198.520,200.790,BREAK,2005.09.01 17:00,0,,0,,0,,0,NA,NewYork,BREAK,2005.09.02 09:00,BREAK,2005.09.03 00:00,197.690,UNTOUCHED,,0,,0,,0,,0,NA,Other,NA,,NA,,200.020,BREAK,2005.09.01 10:00,0,,0,,0,,0,NA,London,BREAK,2005.09.01 17:00,BREAK,2005.09.02 09:00,197.770,UNTOUCHED,,0,,0,,0,,0,NA,Other,NA,,NA,,S-ZG-UN,B-ZB-BO,S-ZE-BR,B-ZE-BO,B-ZH-BR,S-ZE-UN,S-ZE-BO,S-ZF-BR,B-ZB-BO,S-ZG-UN,B-ZB-BO,B-ZD-BO,B-ZG-UN,B-ZB-PE,S-ZF-BO,B-ZG-BR,S-ZB-UN,S-ZH-BO,B-ZF-BR,B-ZG-BR
325,2005.09.02 00:00,GBPJPY,60,86400,BUY,ZB,1,200.040,198.520,1520.0,201.620,199.410,2210.0,145.395,58.55,630.0,358.7,200.040,199.410,202.250,BOUNCE,2005.09.02 19:00,1,2005.09.06 04:00,1,2005.09.23 12:00,0,,2,2w 6d,NewYork,NA,,NA,,197.890,UNTOUCHED,,0,,0,,0,,0,NA,Other,NA,,NA,,200.670,BREAK,2005.09.02 00:00,0,,0,,0,,0,NA,Asia,BREAK,2005.09.02 09:00,BOUNCE,2005.09.02 15:00,198.780,BOUNCE,2005.09.23 12:00,1,2005.09.30 19:00,1,2005.09.30 19:00,0,,2,1w 0d,London,NA,,NA,,B-ZF-BR,S-ZG-UN,B-ZB-BO,S-ZE-BR,B-ZE-BO,B-ZH-BR,S-ZE-UN,S-ZE-BO,S-ZF-BR,B-ZB-BO,B-ZD-BO,B-ZG-UN,B-ZB-PE,S-ZF-BO,B-ZG-BR,S-ZB-UN,S-ZH-BO,B-ZF-BR,B-ZG-BR,S-ZC-UN
326,2005.09.03 00:00,GBPJPY,60,86400,BUY,ZD,1,201.620,199.410,2210.0,202.450,200.840,1610.0,72.851,64.71,780.0,521.6,201.620,200.840,203.230,BOUNCE,2005.09.08 13:00,1,2005.09.09 17:00,1,2005.09.12 19:00,0,,2,4d 6h,NewYork,NA,,NA,,198.630,UNTOUCHED,,0,,0,,0,,0,NA,Other,NA,,NA,,202.400,BOUNCE,2005.09.03 00:00,1,2005.09.12 19:00,0,,0,,1,1w 2d,Asia,NA,,NA,,200.060,BOUNCE,2005.09.12 19:00,0,,0,,0,,0,NA,NewYork,NA,,NA,,B-ZB-BO,B-ZF-BR,S-ZG-UN,B-ZB-BO,S-ZE-BR,B-ZE-BO,B-ZH-BR,S-ZE-UN,S-ZE-BO,S-ZF-BR,B-ZG-UN,B-ZB-PE,S-ZF-BO,B-ZG-BR,S-ZB-UN,S-ZH-BO,B-ZF-BR,B-ZG-BR,S-ZC-UN,S-ZH-UN
327,2005.09.08 00:00,GBPJPY,60,86400,BUY,ZG,0,202.510,200.990,1520.0,202.730,201.180,1550.0,101.974,12.50,1330.0,358.7,202.510,201.180,204.060,UNTOUCHED,,0,,0,,0,,0,NA,Other,NA,,NA,,199.660,BREAK,2005.09.15 12:00,0,,0,,0,,0,NA,London,UNTOUCHED,,NA,,203.840,UNTOUCHED,,0,,0,,0,,0,NA,Other,NA,,NA,,199.850,BREAK,2005.09.15 12:00,0,,0,,0,,0,NA,London,UNTOUCHED,,NA,,B-ZD-BO,B-ZB-BO,B-ZF-BR,S-ZG-UN,B-ZB-BO,S-ZE-BR,B-ZE-BO,B-ZH-BR,S-ZE-UN,S-ZE-BO,B-ZB-PE,S-ZF-BO,B-ZG-BR,S-ZB-UN,S-ZH-BO,B-ZF-BR,B-ZG-BR,S-ZC-UN,S-ZH-UN,B-ZH-BR
328,2005.09.09 00:00,GBPJPY,60,86400,BUY,ZB,1,202.730,201.180,1550.0,203.550,201.980,1570.0,101.290,51.61,750.0,365.8,202.730,201.980,204.300,PENDING,2005.10.20 11:00,0,,0,,0,,0,NA,London,NA,,NA,,200.430,BOUNCE,2005.09.12 10:00,1,2005.09.13 12:00,1,2005.10.19 17:00,1,2005.10.20 11:00,3,5w 3d,London,NA,,NA,,203.480,BREAK,2005.10.19 17:00,0,,0,,0,,0,NA,NewYork,BREAK,2005.10.20 18:00,BREAK,2005.10.21 17:00,201.230,BREAK,2005.09.12 01:00,0,,0,,0,,0,NA,Asia,BREAK,2005.09.12 18:00,BREAK,2005.09.15 14:00,B-ZG-UN,B-ZD-BO,B-ZB-BO,B-ZF-BR,S-ZG-UN,B-ZB-BO,S-ZE-BR,B-ZE-BO,B-ZH-BR,S-ZE-UN,S-ZF-BO,B-ZG-BR,S-ZB-UN,S-ZH-BO,B-ZF-BR,B-ZG-BR,S-ZC-UN,S-ZH-UN,B-ZH-BR,S-ZF-UN
329,2005.09.10 00:00,GBPJPY,60,86400,SELL,ZF,0,203.550,201.980,1570.0,203.460,201.600,1860.0,118.471,5.73,1480.0,370.5,203.460,201.980,200.120,BOUNCE,2005.09.12 18:00,1,2005.10.19 12:00,1,2005.10.21 03:00,1,2005.10.21 03:00,3,5w 3d,NewYork,NA,,NA,,205.030,PENDING,2005.10.21 03:00,0,,0,,0,,0,NA,Asia,NA,,NA,,200.500,BREAK,2005.09.12 10:00,0,,0,,0,,0,NA,London,BOUNCE,2005.09.27 19:00,NA,,204.940,PENDING,2005.10.21 03:00,0,,0,,0,,0,NA,Asia,NA,,NA,,B-ZB-PE,B-ZG-UN,B-ZD-BO,B-ZB-BO,B-ZF-BR,S-ZG-UN,B-ZB-BO,S-ZE-BR,B-ZE-BO,B-ZH-BR,B-ZG-BR,S-ZB-UN,S-ZH-BO,B-ZF-BR,B-ZG-BR,S-ZC-UN,S-ZH-UN,B-ZH-BR,S-ZF-UN,S-ZE-BO
330,2005.09.14 00:00,GBPJPY,60,86400,BUY,ZG,0,201.680,200.000,1680.0,202.290,200.520,1770.0,105.357,30.95,1160.0,396.5,201.680,200.520,203.450,BREAK,2005.10.19 17:00,0,,0,,0,,0,NA,NewYork,BREAK,2005.10.21 03:00,BREAK,2005.10.27 03:00,198.840,BOUNCE,2005.09.23 12:00,1,2005.10.01 00:00,1,2005.10.19 12:00,1,2005.10.19 17:00,3,3w 5d,London,NA,,NA,,202.840,BREAK,2005.10.19 12:00,0,,0,,0,,0,NA,London,BREAK,2005.10.20 17:00,BREAK,2005.10.21 18:00,199.360,BOUNCE,2005.09.15 14:00,1,2005.10.19 12:00,1,2005.10.19 12:00,0,,2,4w 5d,NewYork,NA,,NA,,S-ZF-BO,B-ZB-PE,B-ZG-UN,B-ZD-BO,B-ZB-BO,B-ZF-BR,S-ZG-UN,B-ZB-BO,S-ZE-BR,B-ZE-BO,S-ZB-UN,S-ZH-BO,B-ZF-BR,B-ZG-BR,S-ZC-UN,S-ZH-UN,B-ZH-BR,S-ZF-UN,S-ZE-BO,B-ZF-BO
331,2005.09.16 00:00,GBPJPY,60,86400,SELL,ZB,1,202.240,200.900,1340.0,201.640,199.080,2560.0,191.045,44.78,740.0,316.2,201.640,200.900,198.340,UNTOUCHED,,0,,0,,0,,0,NA,Other,NA,,NA,,202.980,BREAK,2005.10.19 12:00,0,,0,,0,,0,NA,London,BREAK,2005.10.20 10:00,BREAK,2005.10.20 23:00,200.160,BREAK,2005.09.16 00:00,0,,0,,0,,0,NA,Asia,BREAK,2005.09.23 12:00,UNTOUCHED,,202.380,BREAK,2005.10.18 10:00,0,,0,,0,,0,NA,London,BREAK,2005.10.19 17:00,BREAK,2005.10.20 11:00,B-ZG-BR,S-ZF-BO,B-ZB-PE,B-ZG-UN,B-ZD-BO,B-ZB-BO,B-ZF-BR,S-ZG-UN,B-ZB-BO,S-ZE-BR,S-ZH-BO,B-ZF-BR,B-ZG-BR,S-ZC-UN,S-ZH-UN,B-ZH-BR,S-ZF-UN,S-ZE-BO,B-ZF-BO,S-ZF-UN
332,2005.09.20 00:00,GBPJPY,60,86400,SELL,ZH,1,201.380,201.090,290.0,201.320,200.490,830.0,286.207,20.69,230.0,68.4,201.320,201.090,200.260,BOUNCE,2005.09.22 14:00,1,2005.09.30 19:00,1,2005.10.01 00:00,1,2005.10.06 01:00,3,1w 6d,NewYork,NA,,NA,,201.610,BOUNCE,2005.09.20 21:00,1,2005.09.21 02:00,1,2005.09.22 12:00,1,2005.09.22 14:00,3,1d 17h,Other,NA,,NA,,200.860,BOUNCE,2005.09.20 01:00,1,2005.09.20 21:00,1,2005.09.20 21:00,0,,2,20h,Asia,NA,,NA,,201.550,BOUNCE,2005.09.20 21:00,1,2005.09.22 12:00,1,2005.09.22 12:00,0,,2,1d 15h,Other,NA,,NA,,S-ZB-UN,B-ZG-BR,S-ZF-BO,B-ZB-PE,B-ZG-UN,B-ZD-BO,B-ZB-BO,B-ZF-BR,S-ZG-UN,B-ZB-BO,B-ZF-BR,B-ZG-BR,S-ZC-UN,S-ZH-UN,B-ZH-BR,S-ZF-UN,S-ZE-BO,B-ZF-BO,S-ZF-UN,S-ZO-BR
333,2005.09.21 00:00,GBPJPY,60,86400,BUY,ZF,0,201.320,200.490,830.0,201.610,200.520,1090.0,131.325,3.61,800.0,195.9,201.320,200.520,202.410,BREAK,2005.10.18 10:00,0,,0,,0,,0,NA,London,BREAK,2005.10.19 17:00,BREAK,2005.10.20 11:00,199.690,BREAK,2005.09.22 17:00,0,,0,,0,,0,NA,NewYork,BOUNCE,2005.09.23 19:00,NA,,202.120,BREAK,2005.10.18 02:00,0,,0,,0,,0,NA,Asia,BREAK,2005.10.19 13:00,BREAK,2005.10.20 10:00,199.720,BREAK,2005.09.22 17:00,0,,0,,0,,0,NA,NewYork,BOUNCE,2005.09.23 19:00,NA,,S-ZH-BO,S-ZB-UN,B-ZG-BR,S-ZF-BO,B-ZB-PE,B-ZG-UN,B-ZD-BO,B-ZB-BO,B-ZF-BR,S-ZG-UN,B-ZG-BR,S-ZC-UN,S-ZH-UN,B-ZH-BR,S-ZF-UN,S-ZE-BO,B-ZF-BO,S-ZF-UN,S-ZO-BR,S-ZG-UN
334,2005.09.22 00:00,GBPJPY,60,86400,BUY,ZG,0,201.610,200.520,1090.0,201.890,200.920,970.0,88.991,36.70,690.0,257.2,201.610,200.920,202.580,BREAK,2005.10.18 18:00,0,,0,,0,,0,NA,NewYork,BREAK,2005.10.19 17:00,BREAK,2005.10.20 11:00,199.830,BREAK,2005.09.22 17:00,0,,0,,0,,0,NA,NewYork,BREAK,2005.09.23 12:00,UNTOUCHED,,202.300,BREAK,2005.10.18 10:00,0,,0,,0,,0,NA,London,BREAK,2005.10.19 13:00,BREAK,2005.10.20 10:00,200.230,BREAK,2005.09.22 15:00,0,,0,,0,,0,NA,NewYork,BREAK,2005.09.23 11:00,BOUNCE,2005.09.23 14:00,B-ZF-BR,S-ZH-BO,S-ZB-UN,B-ZG-BR,S-ZF-BO,B-ZB-PE,B-ZG-UN,B-ZD-BO,B-ZB-BO,B-ZF-BR,S-ZC-UN,S-ZH-UN,B-ZH-BR,S-ZF-UN,S-ZE-BO,B-ZF-BO,S-ZF-UN,S-ZO-BR,S-ZG-UN,B-ZG-BR
335,2005.09.24 00:00,GBPJPY,60,86400,SELL,ZC,1,202.060,199.570,2490.0,200.200,198.730,1470.0,59.036,74.70,630.0,587.6,200.200,199.570,198.100,UNTOUCHED,,0,,0,,0,,0,NA,Other,NA,,NA,,202.690,BOUNCE,2005.10.18 23:00,0,,0,,0,,0,NA,Other,NA,,NA,,198.940,BOUNCE,2005.09.30 03:00,1,2005.10.01 00:00,1,2005.10.18 23:00,0,,2,2w 4d,Asia,NA,,NA,,200.830,BREAK,2005.10.01 00:00,0,,0,,0,,0,NA,Asia,BOUNCE,2005.10.06 01:00,NA,,B-ZG-BR,B-ZF-BR,S-ZH-BO,S-ZB-UN,B-ZG-BR,S-ZF-BO,B-ZB-PE,B-ZG-UN,B-ZD-BO,B-ZB-BO,S-ZH-UN,B-ZH-BR,S-ZF-UN,S-ZE-BO,B-ZF-BO,S-ZF-UN,S-ZO-BR,S-ZG-UN,B-ZG-BR,B-ZB-BO
336,2005.09.27 00:00,GBPJPY,60,86400,SELL,ZH,1,199.880,199.670,210.0,199.830,198.960,870.0,414.286,23.81,160.0,49.6,199.830,199.670,198.800,UNTOUCHED,,0,,0,,0,,0,NA,Other,NA,,NA,,200.040,BOUNCE,2005.09.27 04:00,1,2005.09.27 05:00,1,2005.09.27 06:00,0,,2,2h,Asia,NA,,NA,,199.510,BOUNCE,2005.09.27 00:00,1,2005.09.27 04:00,1,2005.09.27 04:00,0,,2,4h,Asia,NA,,NA,,199.990,BREAK,2005.09.27 04:00,0,,0,,0,,0,NA,Asia,BREAK,2005.09.27 14:00,BREAK,2005.09.27 18:00,S-ZC-UN,B-ZG-BR,B-ZF-BR,S-ZH-BO,S-ZB-UN,B-ZG-BR,S-ZF-BO,B-ZB-PE,B-ZG-UN,B-ZD-BO,B-ZH-BR,S-ZF-UN,S-ZE-BO,B-ZF-BO,S-ZF-UN,S-ZO-BR,S-ZG-UN,B-ZG-BR,B-ZB-BO,B-ZB-BR
337,2005.09.28 00:00,GBPJPY,60,86400,BUY,ZH,1,199.830,198.960,870.0,200.510,199.250,1260.0,144.828,33.33,580.0,205.3,199.830,199.250,201.090,BREAK,2005.10.01 00:00,0,,0,,0,,0,NA,Asia,BREAK,2005.10.06 01:00,BREAK,2005.10.18 10:00,198.380,UNTOUCHED,,0,,0,,0,,0,NA,Other,NA,,NA,,200.410,BOUNCE,2005.09.28 07:00,0,,0,,0,,0,NA,London,NA,,NA,,198.670,UNTOUCHED,,0,,0,,0,,0,NA,Other,NA,,NA,,S-ZH-UN,S-ZC-UN,B-ZG-BR,B-ZF-BR,S-ZH-BO,S-ZB-UN,B-ZG-BR,S-ZF-BO,B-ZB-PE,B-ZG-UN,S-ZF-UN,S-ZE-BO,B-ZF-BO,S-ZF-UN,S-ZO-BR,S-ZG-UN,B-ZG-BR,B-ZB-BO,B-ZB-BR,B-ZF-BR
338,2005.09.30 00:00,GBPJPY,60,86400,SELL,ZF,0,200.440,199.380,1060.0,200.080,198.970,1110.0,104.717,33.96,700.0,250.2,200.080,199.380,198.270,UNTOUCHED,,0,,0,,0,,0,NA,Other,NA,,NA,,201.140,BREAK,2005.10.01 00:00,0,,0,,0,,0,NA,Asia,BOUNCE,2005.10.06 01:00,NA,,198.680,UNTOUCHED,,0,,0,,0,,0,NA,Other,NA,,NA,,200.780,BREAK,2005.10.01 00:00,0,,0,,0,,0,NA,Asia,BREAK,2005.10.06 01:00,BREAK,2005.10.18 10:00,B-ZH-BR,S-ZH-UN,S-ZC-UN,B-ZG-BR,B-ZF-BR,S-ZH-BO,S-ZB-UN,B-ZG-BR,S-ZF-BO,B-ZB-PE,S-ZE-BO,B-ZF-BO,S-ZF-UN,S-ZO-BR,S-ZG-UN,B-ZG-BR,B-ZB-BO,B-ZB-BR,B-ZF-BR,B-ZB-BR
339,2005.10.04 00:00,GBPJPY,60,86400,SELL,ZE,1,201.590,200.180,1410.0,200.710,199.820,890.0,63.121,62.41,530.0,332.8,200.710,200.180,199.290,BOUNCE,2005.10.11 10:00,1,2005.10.12 13:00,1,2005.10.13 19:00,1,2005.10.18 02:00,3,6d 16h,London,NA,,NA,,202.120,BREAK,2005.10.18 02:00,0,,0,,0,,0,NA,Asia,BOUNCE,2005.10.19 03:00,NA,,199.650,BREAK,2005.10.11 08:00,0,,0,,0,,0,NA,London,UNTOUCHED,,NA,,201.240,BOUNCE,2005.10.04 16:00,1,2005.10.11 08:00,1,2005.10.11 08:00,0,,2,6d 16h,NewYork,NA,,NA,,S-ZF-UN,B-ZH-BR,S-ZH-UN,S-ZC-UN,B-ZG-BR,B-ZF-BR,S-ZH-BO,S-ZB-UN,B-ZG-BR,S-ZF-BO,B-ZF-BO,S-ZF-UN,S-ZO-BR,S-ZG-UN,B-ZG-BR,B-ZB-BO,B-ZB-BR,B-ZF-BR,B-ZB-BR,B-ZD-BO
340,2005.10.05 00:00,GBPJPY,60,86400,BUY,ZF,1,200.710,199.820,890.0,201.280,200.110,1170.0,131.461,32.58,600.0,210.0,200.710,200.110,201.880,BOUNCE,2005.10.06 01:00,1,2005.10.07 10:00,1,2005.10.11 09:00,1,2005.10.11 11:00,3,5d 10h,Asia,NA,,NA,,199.220,BOUNCE,2005.10.11 11:00,1,2005.10.12 14:00,1,2005.10.13 20:00,1,2005.10.14 23:00,3,3d 12h,London,NA,,NA,,201.310,BOUNCE,2005.10.06 00:00,1,2005.10.11 09:00,1,2005.10.11 11:00,0,,2,5d 11h,Asia,NA,,NA,,199.510,BREAK,2005.10.11 09:00,0,,0,,0,,0,NA,London,UNTOUCHED,,NA,,S-ZE-BO,S-ZF-UN,B-ZH-BR,S-ZH-UN,S-ZC-UN,B-ZG-BR,B-ZF-BR,S-ZH-BO,S-ZB-UN,B-ZG-BR,S-ZF-UN,S-ZO-BR,S-ZG-UN,B-ZG-BR,B-ZB-BO,B-ZB-BR,B-ZF-BR,B-ZB-BR,B-ZD-BO,B-ZF-BO
341,2005.10.08 00:00,GBPJPY,60,86400,SELL,ZF,0,202.090,200.660,1430.0,201.690,200.100,1590.0,111.189,27.97,1030.0,337.5,201.690,200.660,199.070,UNTOUCHED,,0,,0,,0,,0,NA,Other,NA,,NA,,203.120,BREAK,2005.10.19 13:00,0,,0,,0,,0,NA,NewYork,BREAK,2005.10.20 18:00,BREAK,2005.10.21 18:00,199.630,BREAK,2005.10.11 08:00,0,,0,,0,,0,NA,London,UNTOUCHED,,NA,,202.720,BREAK,2005.10.18 23:00,0,,0,,0,,0,NA,Other,BREAK,2005.10.20 10:00,BREAK,2005.10.21 03:00,B-ZF-BO,S-ZE-BO,S-ZF-UN,B-ZH-BR,S-ZH-UN,S-ZC-UN,B-ZG-BR,B-ZF-BR,S-ZH-BO,S-ZB-UN,S-ZO-BR,S-ZG-UN,B-ZG-BR,B-ZB-BO,B-ZB-BR,B-ZF-BR,B-ZB-BR,B-ZD-BO,B-ZF-BO,B-ZD-BO
342,2005.10.11 00:00,GBPJPY,60,86400,SELL,ZO,1,200.660,200.380,280.0,200.650,199.820,830.0,296.429,3.57,270.0,66.1,200.650,200.380,199.550,BREAK,2005.10.11 09:00,0,,0,,0,,0,NA,London,BOUNCE,2005.10.11 10:00,NA,,200.930,BOUNCE,2005.10.13 13:00,0,,0,,0,,0,NA,NewYork,NA,,NA,,200.110,BREAK,2005.10.11 02:00,0,,0,,0,,0,NA,Asia,BREAK,2005.10.11 04:00,BREAK,2005.10.11 09:00,200.920,BOUNCE,2005.10.13 13:00,0,,0,,0,,0,NA,NewYork,NA,,NA,,S-ZF-UN,B-ZF-BO,S-ZE-BO,S-ZF-UN,B-ZH-BR,S-ZH-UN,S-ZC-UN,B-ZG-BR,B-ZF-BR,S-ZH-BO,S-ZG-UN,B-ZG-BR,B-ZB-BO,B-ZB-BR,B-ZF-BR,B-ZB-BR,B-ZD-BO,B-ZF-BO,B-ZD-BO,B-ZE-BR
343,2005.10.12 00:00,GBPJPY,60,86400,SELL,ZG,1,200.650,199.820,830.0,200.550,199.130,1420.0,171.084,12.05,730.0,195.9,200.550,199.820,198.400,UNTOUCHED,,0,,0,,0,,0,NA,Other,NA,,NA,,201.380,BOUNCE,2005.10.13 20:00,0,,0,,0,,0,NA,NewYork,NA,,NA,,199.090,UNTOUCHED,,0,,0,,0,,0,NA,Other,NA,,NA,,201.280,BREAK,2005.10.13 20:00,0,,0,,0,,0,NA,NewYork,BOUNCE,2005.10.17 03:00,NA,,S-ZO-BR,S-ZF-UN,B-ZF-BO,S-ZE-BO,S-ZF-UN,B-ZH-BR,S-ZH-UN,S-ZC-UN,B-ZG-BR,B-ZF-BR,B-ZG-BR,B-ZB-BO,B-ZB-BR,B-ZF-BR,B-ZB-BR,B-ZD-BO,B-ZF-BO,B-ZD-BO,B-ZE-BR,S-ZF-BR
344,2005.10.13 00:00,GBPJPY,60,86400,BUY,ZG,0,200.550,199.130,1420.0,200.630,199.520,1110.0,78.169,27.46,1030.0,335.1,200.550,199.520,201.660,BREAK,2005.10.14 18:00,0,,0,,0,,0,NA,NewYork,BREAK,2005.10.19 12:00,BREAK,2005.10.20 10:00,198.100,UNTOUCHED,,0,,0,,0,,0,NA,Other,NA,,NA,,201.580,BREAK,2005.10.14 17:00,0,,0,,0,,0,NA,NewYork,BREAK,2005.10.19 12:00,BREAK,2005.10.20 10:00,198.490,UNTOUCHED,,0,,0,,0,,0,NA,Other,NA,,NA,,S-ZG-UN,S-ZO-BR,S-ZF-UN,B-ZF-BO,S-ZE-BO,S-ZF-UN,B-ZH-BR,S-ZH-UN,S-ZC-UN,B-ZG-BR,B-ZB-BO,B-ZB-BR,B-ZF-BR,B-ZB-BR,B-ZD-BO,B-ZF-BO,B-ZD-BO,B-ZE-BR,S-ZF-BR,B-ZH-BR
345,2005.10.14 00:00,GBPJPY,60,86400,BUY,ZB,1,200.630,199.520,1110.0,201.440,200.160,1280.0,115.315,57.66,470.0,262.0,200.630,200.160,201.910,BOUNCE,2005.10.14 23:00,0,,0,,0,,0,NA,Other,NA,,NA,,199.050,UNTOUCHED,,0,,0,,0,,0,NA,Other,NA,,NA,,201.100,BREAK,2005.10.14 00:00,0,,0,,0,,0,NA,Asia,BOUNCE,2005.10.14 17:00,NA,,199.690,UNTOUCHED,,0,,0,,0,,0,NA,Other,NA,,NA,,B-ZG-BR,S-ZG-UN,S-ZO-BR,S-ZF-UN,B-ZF-BO,S-ZE-BO,S-ZF-UN,B-ZH-BR,S-ZH-UN,S-ZC-UN,B-ZB-BR,B-ZF-BR,B-ZB-BR,B-ZD-BO,B-ZF-BO,B-ZD-BO,B-ZE-BR,S-ZF-BR,B-ZH-BR,B-ZF-BR
346,2005.10.15 00:00,GBPJPY,60,86400,BUY,ZB,1,201.440,200.160,1280.0,201.950,200.670,1280.0,100.000,39.84,770.0,302.1,201.440,200.670,202.720,BREAK,2005.10.18 23:00,0,,0,,0,,0,NA,Other,BREAK,2005.10.19 18:00,BREAK,2005.10.20 18:00,199.390,UNTOUCHED,,0,,0,,0,,0,NA,Other,NA,,NA,,202.210,BREAK,2005.10.18 10:00,0,,0,,0,,0,NA,London,BREAK,2005.10.19 16:00,BREAK,2005.10.20 10:00,199.900,UNTOUCHED,,0,,0,,0,,0,NA,Other,NA,,NA,,B-ZB-BO,B-ZG-BR,S-ZG-UN,S-ZO-BR,S-ZF-UN,B-ZF-BO,S-ZE-BO,S-ZF-UN,B-ZH-BR,S-ZH-UN,B-ZF-BR,B-ZB-BR,B-ZD-BO,B-ZF-BO,B-ZD-BO,B-ZE-BR,S-ZF-BR,B-ZH-BR,B-ZF-BR,S-ZB-UN
347,2005.10.19 00:00,GBPJPY,60,86400,BUY,ZF,1,202.110,201.200,910.0,202.720,201.410,1310.0,143.956,23.08,700.0,214.8,202.110,201.410,203.420,BREAK,2005.10.19 17:00,0,,0,,0,,0,NA,NewYork,BREAK,2005.10.20 17:00,BREAK,2005.10.21 03:00,200.500,UNTOUCHED,,0,,0,,0,,0,NA,Other,NA,,NA,,202.810,BREAK,2005.10.19 12:00,0,,0,,0,,0,NA,London,BREAK,2005.10.19 18:00,BREAK,2005.10.20 17:00,200.710,UNTOUCHED,,0,,0,,0,,0,NA,Other,NA,,NA,,B-ZB-BR,B-ZB-BO,B-ZG-BR,S-ZG-UN,S-ZO-BR,S-ZF-UN,B-ZF-BO,S-ZE-BO,S-ZF-UN,B-ZH-BR,B-ZB-BR,B-ZD-BO,B-ZF-BO,B-ZD-BO,B-ZE-BR,S-ZF-BR,B-ZH-BR,B-ZF-BR,S-ZB-UN,S-ZO-UN
348,2005.10.20 00:00,GBPJPY,60,86400,BUY,ZB,1,202.720,201.410,1310.0,203.820,202.020,1800.0,137.405,46.56,700.0,309.2,202.720,202.020,204.520,BREAK,2005.10.20 18:00,0,,0,,0,,0,NA,NewYork,BREAK,2005.10.21 18:00,BREAK,2005.10.27 03:00,200.710,UNTOUCHED,,0,,0,,0,,0,NA,Other,NA,,NA,,203.420,BREAK,2005.10.20 00:00,0,,0,,0,,0,NA,Asia,BREAK,2005.10.20 17:00,BREAK,2005.10.21 15:00,201.320,UNTOUCHED,,0,,0,,0,,0,NA,Other,NA,,NA,,B-ZF-BR,B-ZB-BR,B-ZB-BO,B-ZG-BR,S-ZG-UN,S-ZO-BR,S-ZF-UN,B-ZF-BO,S-ZE-BO,S-ZF-UN,B-ZD-BO,B-ZF-BO,B-ZD-BO,B-ZE-BR,S-ZF-BR,B-ZH-BR,B-ZF-BR,S-ZB-UN,S-ZO-UN,B-ZF-BR
349,2005.10.21 00:00,GBPJPY,60,86400,BUY,ZD,1,203.820,202.020,1800.0,204.790,203.260,1530.0,85.000,68.89,560.0,424.8,203.820,203.260,205.350,BOUNCE,2005.10.21 17:00,1,2005.10.24 09:00,0,,0,,1,2d 16h,NewYork,NA,,NA,,201.460,UNTOUCHED,,0,,0,,0,,0,NA,Other,NA,,NA,,204.380,BREAK,2005.10.21 00:00,0,,0,,0,,0,NA,Asia,BREAK,2005.10.21 17:00,BOUNCE,2005.10.21 19:00,202.700,UNTOUCHED,,0,,0,,0,,0,NA,Other,NA,,NA,,B-ZB-BR,B-ZF-BR,B-ZB-BR,B-ZB-BO,B-ZG-BR,S-ZG-UN,S-ZO-BR,S-ZF-UN,B-ZF-BO,S-ZE-BO,B-ZF-BO,B-ZD-BO,B-ZE-BR,S-ZF-BR,B-ZH-BR,B-ZF-BR,S-ZB-UN,S-ZO-UN,B-ZF-BR,S-ZB-BR
350,2005.10.26 00:00,GBPJPY,60,86400,BUY,ZF,0,204.910,203.730,1180.0,205.440,203.760,1680.0,142.373,2.54,1150.0,278.5,204.910,203.760,206.590,BOUNCE,2005.10.31 15:00,1,2005.11.08 11:00,0,,0,,1,1w 0d,NewYork,NA,,NA,,202.580,UNTOUCHED,,0,,0,,0,,0,NA,Other,NA,,NA,,206.060,BREAK,2005.10.27 03:00,0,,0,,0,,0,NA,Asia,BREAK,2005.11.02 19:00,BREAK,2005.12.01 19:00,202.610,UNTOUCHED,,0,,0,,0,,0,NA,Other,NA,,NA,,B-ZD-BO,B-ZB-BR,B-ZF-BR,B-ZB-BR,B-ZB-BO,B-ZG-BR,S-ZG-UN,S-ZO-BR,S-ZF-UN,B-ZF-BO,B-ZD-BO,B-ZE-BR,S-ZF-BR,B-ZH-BR,B-ZF-BR,S-ZB-UN,S-ZO-UN,B-ZF-BR,S-ZB-BR,S-ZO-BR
351,2005.10.27 00:00,GBPJPY,60,86400,BUY,ZD,1,205.440,203.760,1680.0,205.930,204.790,1140.0,67.857,61.31,650.0,396.5,205.440,204.790,206.580,BOUNCE,2005.10.31 15:00,1,2005.11.07 16:00,1,2005.11.08 17:00,0,,2,1w 1d,NewYork,NA,,NA,,203.110,UNTOUCHED,,0,,0,,0,,0,NA,Other,NA,,NA,,206.090,BOUNCE,2005.10.27 03:00,1,2005.11.08 17:00,0,,0,,1,1w 5d,Asia,NA,,NA,,204.140,BOUNCE,2005.11.08 17:00,1,2005.11.10 17:00,1,2005.11.10 17:00,0,,2,2d 0h,NewYork,NA,,NA,,B-ZF-BO,B-ZD-BO,B-ZB-BR,B-ZF-BR,B-ZB-BR,B-ZB-BO,B-ZG-BR,S-ZG-UN,S-ZO-BR,S-ZF-UN,B-ZE-BR,S-ZF-BR,B-ZH-BR,B-ZF-BR,S-ZB-UN,S-ZO-UN,B-ZF-BR,S-ZB-BR,S-ZO-BR,B-ZG-BR
352,2005.10.28 00:00,GBPJPY,60,86400,BUY,ZE,1,205.930,204.790,1140.0,206.440,205.230,1210.0,106.140,38.60,700.0,269.0,205.930,205.230,207.140,BREAK,2005.11.02 18:00,0,,0,,0,,0,NA,NewYork,BREAK,2005.11.04 06:00,BREAK,2005.12.01 20:00,204.090,BOUNCE,2005.11.08 18:00,1,2005.11.10 11:00,1,2005.11.14 12:00,1,2005.11.14 14:00,3,5d 20h,NewYork,NA,,NA,,206.630,BOUNCE,2005.10.31 15:00,1,2005.11.08 05:00,1,2005.11.08 18:00,0,,2,1w 1d,NewYork,NA,,NA,,204.530,BREAK,2005.11.08 05:00,0,,0,,0,,0,NA,Asia,BOUNCE,2005.11.09 19:00,NA,,B-ZD-BO,B-ZF-BO,B-ZD-BO,B-ZB-BR,B-ZF-BR,B-ZB-BR,B-ZB-BO,B-ZG-BR,S-ZG-UN,S-ZO-BR,S-ZF-BR,B-ZH-BR,B-ZF-BR,S-ZB-UN,S-ZO-UN,B-ZF-BR,S-ZB-BR,S-ZO-BR,B-ZG-BR,B-ZC-BR
353,2005.10.29 00:00,GBPJPY,60,86400,SELL,ZF,0,206.440,205.230,1210.0,206.000,205.040,960.0,79.339,36.36,770.0,285.6,206.000,205.230,204.270,BREAK,2005.11.08 11:00,0,,0,,0,,0,NA,London,BOUNCE,2005.11.22 19:00,NA,,207.210,BREAK,2005.11.02 18:00,0,,0,,0,,0,NA,NewYork,BOUNCE,2005.11.03 16:00,NA,,204.460,BREAK,2005.11.08 11:00,0,,0,,0,,0,NA,London,BOUNCE,2005.11.22 20:00,NA,,206.770,BREAK,2005.11.02 16:00,0,,0,,0,,0,NA,NewYork,BREAK,2005.11.03 12:00,BREAK,2005.12.01 19:00,B-ZE-BR,B-ZD-BO,B-ZF-BO,B-ZD-BO,B-ZB-BR,B-ZF-BR,B-ZB-BR,B-ZB-BO,B-ZG-BR,S-ZG-UN,B-ZH-BR,B-ZF-BR,S-ZB-UN,S-ZO-UN,B-ZF-BR,S-ZB-BR,S-ZO-BR,B-ZG-BR,B-ZC-BR,B-ZC-BR
354,2005.11.01 00:00,GBPJPY,60,86400,BUY,ZH,1,205.400,205.110,290.0,206.670,205.140,1530.0,527.586,10.34,260.0,68.4,205.400,205.140,206.930,BREAK,2005.11.02 17:00,0,,0,,0,,0,NA,NewYork,BREAK,2005.11.02 18:00,BREAK,2005.11.02 19:00,204.850,BREAK,2005.11.08 04:00,0,,0,,0,,0,NA,Asia,BREAK,2005.11.08 05:00,BREAK,2005.11.08 11:00,205.660,BREAK,2005.11.01 00:00,0,,0,,0,,0,NA,Asia,BREAK,2005.11.01 01:00,BREAK,2005.11.01 02:00,204.880,BOUNCE,2005.11.07 20:00,1,2005.11.10 13:00,1,2005.11.10 13:00,0,,2,2d 17h,NewYork,NA,,NA,,S-ZF-BR,B-ZE-BR,B-ZD-BO,B-ZF-BO,B-ZD-BO,B-ZB-BR,B-ZF-BR,B-ZB-BR,B-ZB-BO,B-ZG-BR,B-ZF-BR,S-ZB-UN,S-ZO-UN,B-ZF-BR,S-ZB-BR,S-ZO-BR,B-ZG-BR,B-ZC-BR,B-ZC-BR,B-ZE-BR
355,2005.11.03 00:00,GBPJPY,60,86400,BUY,ZF,1,206.640,205.440,1200.0,207.590,205.820,1770.0,147.500,31.67,820.0,283.2,206.640,205.820,208.410,BREAK,2005.12.01 18:00,0,,0,,0,,0,NA,NewYork,BREAK,2005.12.02 16:00,BREAK,2005.12.05 16:00,204.620,BREAK,2005.11.08 04:00,0,,0,,0,,0,NA,Asia,BOUNCE,2005.11.09 19:00,NA,,207.460,BREAK,2005.11.03 00:00,0,,0,,0,,0,NA,Asia,BREAK,2005.12.01 19:00,BREAK,2005.12.02 16:00,205.000,BREAK,2005.11.07 19:00,0,,0,,0,,0,NA,NewYork,BREAK,2005.11.08 20:00,UNTOUCHED,,B-ZH-BR,S-ZF-BR,B-ZE-BR,B-ZD-BO,B-ZF-BO,B-ZD-BO,B-ZB-BR,B-ZF-BR,B-ZB-BR,B-ZB-BO,S-ZB-UN,S-ZO-UN,B-ZF-BR,S-ZB-BR,S-ZO-BR,B-ZG-BR,B-ZC-BR,B-ZC-BR,B-ZE-BR,B-ZF-BR
356,2005.11.09 00:00,GBPJPY,60,86400,SELL,ZB,1,206.910,204.860,2050.0,205.460,203.890,1570.0,76.585,70.73,600.0,483.8,205.460,204.860,203.290,UNTOUCHED,,0,,0,,0,,0,NA,Other,NA,,NA,,207.510,BOUNCE,2005.11.30 20:00,1,2005.12.15 10:00,1,2005.12.16 03:00,0,,2,2w 1d,NewYork,NA,,NA,,204.260,BOUNCE,2005.11.09 04:00,1,2005.11.10 17:00,1,2005.11.30 20:00,0,,2,3w 0d,Asia,NA,,NA,,206.060,BOUNCE,2005.11.10 17:00,1,2005.11.16 19:00,1,2005.11.16 19:00,0,,2,6d 2h,NewYork,NA,,NA,,B-ZF-BR,B-ZH-BR,S-ZF-BR,B-ZE-BR,B-ZD-BO,B-ZF-BO,B-ZD-BO,B-ZB-BR,B-ZF-BR,B-ZB-BR,S-ZO-UN,B-ZF-BR,S-ZB-BR,S-ZO-BR,B-ZG-BR,B-ZC-BR,B-ZC-BR,B-ZE-BR,B-ZF-BR,B-ZB-BR
357,2005.11.10 00:00,GBPJPY,60,86400,SELL,ZO,0,205.460,203.890,1570.0,205.070,203.770,1300.0,82.803,24.84,1180.0,370.5,205.070,203.890,202.590,UNTOUCHED,,0,,0,,0,,0,NA,Other,NA,,NA,,206.640,BREAK,2005.11.14 12:00,0,,0,,0,,0,NA,London,BREAK,2005.12.01 18:00,BREAK,2005.12.02 16:00,202.710,UNTOUCHED,,0,,0,,0,,0,NA,Other,NA,,NA,,206.250,BOUNCE,2005.11.10 17:00,0,,0,,0,,0,NA,NewYork,NA,,NA,,S-ZB-UN,B-ZF-BR,B-ZH-BR,S-ZF-BR,B-ZE-BR,B-ZD-BO,B-ZF-BO,B-ZD-BO,B-ZB-BR,B-ZF-BR,B-ZF-BR,S-ZB-BR,S-ZO-BR,B-ZG-BR,B-ZC-BR,B-ZC-BR,B-ZE-BR,B-ZF-BR,B-ZB-BR,B-ZE-BR
358,2005.11.15 00:00,GBPJPY,60,86400,BUY,ZF,1,205.790,205.260,530.0,207.160,205.320,1840.0,347.170,11.32,470.0,125.1,205.790,205.320,207.630,BREAK,2005.12.01 11:00,0,,0,,0,,0,NA,London,BOUNCE,2005.12.01 15:00,NA,,204.790,BREAK,2005.11.16 18:00,0,,0,,0,,0,NA,NewYork,BREAK,2005.11.16 19:00,BOUNCE,2005.11.17 11:00,206.260,BREAK,2005.11.15 00:00,0,,0,,0,,0,NA,Asia,BOUNCE,2005.11.15 13:00,NA,,204.850,BOUNCE,2005.11.16 17:00,1,2005.11.30 13:00,1,2005.11.30 13:00,0,,2,1w 6d,NewYork,NA,,NA,,S-ZO-UN,S-ZB-UN,B-ZF-BR,B-ZH-BR,S-ZF-BR,B-ZE-BR,B-ZD-BO,B-ZF-BO,B-ZD-BO,B-ZB-BR,S-ZB-BR,S-ZO-BR,B-ZG-BR,B-ZC-BR,B-ZC-BR,B-ZE-BR,B-ZF-BR,B-ZB-BR,B-ZE-BR,B-ZO-BR
359,2005.11.18 00:00,GBPJPY,60,86400,SELL,ZB,1,207.000,204.160,2840.0,204.910,203.740,1170.0,41.197,73.59,750.0,670.2,204.910,204.160,202.990,BREAK,2005.12.22 17:00,0,,0,,0,,0,NA,NewYork,BREAK,2005.12.23 18:00,BOUNCE,2005.12.26 11:00,207.750,BREAK,2005.12.01 12:00,0,,0,,0,,0,NA,London,BREAK,2005.12.02 16:00,BOUNCE,2005.12.02 18:00,203.410,BREAK,2005.12.22 17:00,0,,0,,0,,0,NA,NewYork,BREAK,2005.12.23 18:00,BREAK,2005.12.23 20:00,205.660,BOUNCE,2005.11.25 17:00,1,2005.12.22 17:00,1,2005.12.22 17:00,0,,2,3w 6d,NewYork,NA,,NA,,B-ZF-BR,S-ZO-UN,S-ZB-UN,B-ZF-BR,B-ZH-BR,S-ZF-BR,B-ZE-BR,B-ZD-BO,B-ZF-BO,B-ZD-BO,S-ZO-BR,B-ZG-BR,B-ZC-BR,B-ZC-BR,B-ZE-BR,B-ZF-BR,B-ZB-BR,B-ZE-BR,B-ZO-BR,S-ZC-BR
360,2005.11.23 00:00,GBPJPY,60,86400,SELL,ZO,0,205.120,203.910,1210.0,204.820,203.490,1330.0,109.917,24.79,910.0,285.6,204.820,203.910,202.580,BREAK,2005.12.22 19:00,0,,0,,0,,0,NA,NewYork,BREAK,2005.12.23 19:00,BOUNCE,2006.01.12 01:00,206.030,BREAK,2005.11.30 12:00,0,,0,,0,,0,NA,London,BREAK,2005.11.30 19:00,BREAK,2005.12.01 18:00,203.000,BREAK,2005.12.22 17:00,0,,0,,0,,0,NA,NewYork,BREAK,2005.12.23 18:00,BOUNCE,2005.12.26 10:00,205.730,BOUNCE,2005.11.25 17:00,1,2005.12.22 17:00,1,2005.12.22 17:00,0,,2,3w 6d,NewYork,NA,,NA,,S-ZB-BR,B-ZF-BR,S-ZO-UN,S-ZB-UN,B-ZF-BR,B-ZH-BR,S-ZF-BR,B-ZE-BR,B-ZD-BO,B-ZF-BO,B-ZG-BR,B-ZC-BR,B-ZC-BR,B-ZE-BR,B-ZF-BR,B-ZB-BR,B-ZE-BR,B-ZO-BR,S-ZC-BR,B-ZD-BR
361,2005.11.24 00:00,GBPJPY,60,86400,BUY,ZG,0,204.820,203.490,1330.0,204.910,203.650,1260.0,94.737,12.03,1170.0,313.9,204.820,203.650,206.080,BREAK,2005.11.30 13:00,0,,0,,0,,0,NA,NewYork,BREAK,2005.11.30 20:00,BREAK,2005.12.01 19:00,202.320,BREAK,2005.12.23 15:00,0,,0,,0,,0,NA,NewYork,BOUNCE,2005.12.26 11:00,NA,,205.990,BREAK,2005.11.30 12:00,0,,0,,0,,0,NA,London,BREAK,2005.11.30 20:00,BREAK,2005.12.01 19:00,202.480,BREAK,2005.12.22 19:00,0,,0,,0,,0,NA,NewYork,BOUNCE,2005.12.27 04:00,NA,,S-ZO-BR,S-ZB-BR,B-ZF-BR,S-ZO-UN,S-ZB-UN,B-ZF-BR,B-ZH-BR,S-ZF-BR,B-ZE-BR,B-ZD-BO,B-ZC-BR,B-ZC-BR,B-ZE-BR,B-ZF-BR,B-ZB-BR,B-ZE-BR,B-ZO-BR,S-ZC-BR,B-ZD-BR,B-ZE-BO
362,2005.11.25 00:00,GBPJPY,60,86400,BUY,ZC,1,204.910,203.650,1260.0,205.280,204.270,1010.0,80.159,49.21,640.0,297.4,204.910,204.270,205.920,BREAK,2005.11.30 11:00,0,,0,,0,,0,NA,London,BREAK,2005.11.30 18:00,BREAK,2005.11.30 20:00,203.010,BREAK,2005.12.22 17:00,0,,0,,0,,0,NA,NewYork,BOUNCE,2005.12.23 11:00,NA,,205.550,BOUNCE,2005.11.25 06:00,1,2005.12.22 16:00,1,2005.12.22 17:00,0,,2,3w 6d,Asia,NA,,NA,,203.630,BREAK,2005.12.22 16:00,0,,0,,0,,0,NA,NewYork,BREAK,2005.12.22 18:00,BOUNCE,2005.12.23 11:00,B-ZG-BR,S-ZO-BR,S-ZB-BR,B-ZF-BR,S-ZO-UN,S-ZB-UN,B-ZF-BR,B-ZH-BR,S-ZF-BR,B-ZE-BR,B-ZC-BR,B-ZE-BR,B-ZF-BR,B-ZB-BR,B-ZE-BR,B-ZO-BR,S-ZC-BR,B-ZD-BR,B-ZE-BO,B-ZO-UN
363,2005.11.26 00:00,GBPJPY,60,86400,BUY,ZC,1,205.280,204.270,1010.0,205.750,204.720,1030.0,101.980,44.55,560.0,238.4,205.280,204.720,206.310,BREAK,2005.11.30 13:00,0,,0,,0,,0,NA,NewYork,BREAK,2005.11.30 18:00,BOUNCE,2005.11.30 21:00,203.710,BREAK,2005.12.22 16:00,0,,0,,0,,0,NA,NewYork,BREAK,2005.12.22 17:00,BREAK,2005.12.22 23:00,205.840,BREAK,2005.11.30 11:00,0,,0,,0,,0,NA,London,BREAK,2005.11.30 18:00,BREAK,2005.11.30 19:00,204.160,BOUNCE,2005.12.16 03:00,1,2005.12.16 11:00,1,2005.12.16 11:00,0,,2,8h,Asia,NA,,NA,,B-ZC-BR,B-ZG-BR,S-ZO-BR,S-ZB-BR,B-ZF-BR,S-ZO-UN,S-ZB-UN,B-ZF-BR,B-ZH-BR,S-ZF-BR,B-ZE-BR,B-ZF-BR,B-ZB-BR,B-ZE-BR,B-ZO-BR,S-ZC-BR,B-ZD-BR,B-ZE-BO,B-ZO-UN,S-ZF-BO
364,2005.11.30 00:00,GBPJPY,60,86400,BUY,ZE,1,205.690,204.350,1340.0,205.820,205.050,770.0,57.463,52.24,640.0,316.2,205.690,205.050,206.460,BREAK,2005.11.30 14:00,0,,0,,0,,0,NA,NewYork,BREAK,2005.11.30 20:00,BREAK,2005.12.01 15:00,203.710,BREAK,2005.12.22 16:00,0,,0,,0,,0,NA,NewYork,BREAK,2005.12.22 18:00,BREAK,2005.12.23 17:00,206.330,BREAK,2005.11.30 13:00,0,,0,,0,,0,NA,NewYork,BREAK,2005.11.30 19:00,BOUNCE,2005.11.30 21:00,204.410,BREAK,2005.12.16 03:00,0,,0,,0,,0,NA,Asia,BREAK,2005.12.22 16:00,BREAK,2005.12.22 18:00,B-ZC-BR,B-ZC-BR,B-ZG-BR,S-ZO-BR,S-ZB-BR,B-ZF-BR,S-ZO-UN,S-ZB-UN,B-ZF-BR,B-ZH-BR,B-ZF-BR,B-ZB-BR,B-ZE-BR,B-ZO-BR,S-ZC-BR,B-ZD-BR,B-ZE-BO,B-ZO-UN,S-ZF-BO,S-ZB-BR
365,2005.12.01 00:00,GBPJPY,60,86400,BUY,ZF,1,205.820,205.050,770.0,207.610,205.170,2440.0,316.883,15.58,650.0,181.7,205.820,205.170,208.260,BREAK,2005.12.01 18:00,0,,0,,0,,0,NA,NewYork,BREAK,2005.12.02 16:00,BOUNCE,2005.12.02 17:00,204.400,BREAK,2005.12.16 03:00,0,,0,,0,,0,NA,Asia,BREAK,2005.12.22 16:00,BREAK,2005.12.22 17:00,206.470,BREAK,2005.12.01 00:00,0,,0,,0,,0,NA,Asia,BREAK,2005.12.01 01:00,BREAK,2005.12.01 15:00,204.520,BREAK,2005.12.16 03:00,0,,0,,0,,0,NA,Asia,BREAK,2005.12.22 16:00,BREAK,2005.12.22 17:00,B-ZE-BR,B-ZC-BR,B-ZC-BR,B-ZG-BR,S-ZO-BR,S-ZB-BR,B-ZF-BR,S-ZO-UN,S-ZB-UN,B-ZF-BR,B-ZB-BR,B-ZE-BR,B-ZO-BR,S-ZC-BR,B-ZD-BR,B-ZE-BO,B-ZO-UN,S-ZF-BO,S-ZB-BR,S-ZD-BR
366,2005.12.02 00:00,GBPJPY,60,86400,BUY,ZB,1,207.610,205.170,2440.0,209.060,206.920,2140.0,87.705,71.72,690.0,575.8,207.610,206.920,209.750,BREAK,2005.12.05 02:00,0,,0,,0,,0,NA,Asia,BREAK,2005.12.06 11:00,BOUNCE,2005.12.06 12:00,204.480,BOUNCE,2005.12.16 03:00,1,2005.12.16 11:00,0,,0,,1,8h,Asia,NA,,NA,,208.300,BREAK,2005.12.02 00:00,0,,0,,0,,0,NA,Asia,BREAK,2005.12.02 16:00,BREAK,2005.12.05 14:00,206.230,BOUNCE,2005.12.15 10:00,0,,0,,0,,0,NA,London,NA,,NA,,B-ZF-BR,B-ZE-BR,B-ZC-BR,B-ZC-BR,B-ZG-BR,S-ZO-BR,S-ZB-BR,B-ZF-BR,S-ZO-UN,S-ZB-UN,B-ZE-BR,B-ZO-BR,S-ZC-BR,B-ZD-BR,B-ZE-BO,B-ZO-UN,S-ZF-BO,S-ZB-BR,S-ZD-BR,S-ZG-BR
367,2005.12.03 00:00,GBPJPY,60,86400,BUY,ZE,1,209.060,206.920,2140.0,209.720,208.000,1720.0,80.374,50.47,1060.0,505.0,209.060,208.000,210.780,BREAK,2005.12.06 01:00,0,,0,,0,,0,NA,Asia,BREAK,2005.12.12 04:00,BOUNCE,2005.12.14 04:00,205.860,BREAK,2005.12.15 12:00,0,,0,,0,,0,NA,London,BREAK,2005.12.16 03:00,BREAK,2005.12.22 17:00,210.120,BREAK,2005.12.05 04:00,0,,0,,0,,0,NA,Asia,BOUNCE,2005.12.06 13:00,NA,,206.940,BOUNCE,2005.12.14 20:00,0,,0,,0,,0,NA,NewYork,NA,,NA,,B-ZB-BR,B-ZF-BR,B-ZE-BR,B-ZC-BR,B-ZC-BR,B-ZG-BR,S-ZO-BR,S-ZB-BR,B-ZF-BR,S-ZO-UN,B-ZO-BR,S-ZC-BR,B-ZD-BR,B-ZE-BO,B-ZO-UN,S-ZF-BO,S-ZB-BR,S-ZD-BR,S-ZG-BR,S-ZB-BO
368,2005.12.07 00:00,GBPJPY,60,86400,BUY,ZO,0,210.680,209.340,1340.0,211.430,209.800,1630.0,121.642,34.33,880.0,316.2,210.680,209.800,212.310,BREAK,2005.12.12 04:00,0,,0,,0,,0,NA,Asia,UNTOUCHED,,NA,,208.460,BREAK,2005.12.14 17:00,0,,0,,0,,0,NA,NewYork,BREAK,2005.12.14 19:00,BREAK,2005.12.15 10:00,211.560,BREAK,2005.12.09 18:00,0,,0,,0,,0,NA,NewYork,BREAK,2005.12.12 05:00,UNTOUCHED,,208.920,BOUNCE,2005.12.08 11:00,1,2005.12.09 18:00,1,2005.12.09 18:00,0,,2,1d 7h,London,NA,,NA,,B-ZE-BR,B-ZB-BR,B-ZF-BR,B-ZE-BR,B-ZC-BR,B-ZC-BR,B-ZG-BR,S-ZO-BR,S-ZB-BR,B-ZF-BR,S-ZC-BR,B-ZD-BR,B-ZE-BO,B-ZO-UN,S-ZF-BO,S-ZB-BR,S-ZD-BR,S-ZG-BR,S-ZB-BO,S-ZB-UN
369,2005.12.08 00:00,GBPJPY,60,86400,SELL,ZC,1,211.430,209.800,1630.0,210.580,209.160,1420.0,87.117,52.15,780.0,384.7,210.580,209.800,208.380,BREAK,2005.12.14 18:00,0,,0,,0,,0,NA,NewYork,BREAK,2005.12.14 19:00,BREAK,2005.12.15 10:00,212.210,BREAK,2005.12.12 04:00,0,,0,,0,,0,NA,Asia,BOUNCE,2005.12.13 19:00,NA,,209.020,BOUNCE,2005.12.08 10:00,1,2005.12.09 03:00,1,2005.12.12 04:00,0,,2,3d 18h,London,NA,,NA,,211.360,BOUNCE,2005.12.09 03:00,1,2005.12.14 16:00,1,2005.12.14 16:00,0,,2,5d 13h,Asia,NA,,NA,,B-ZO-BR,B-ZE-BR,B-ZB-BR,B-ZF-BR,B-ZE-BR,B-ZC-BR,B-ZC-BR,B-ZG-BR,S-ZO-BR,S-ZB-BR,B-ZD-BR,B-ZE-BO,B-ZO-UN,S-ZF-BO,S-ZB-BR,S-ZD-BR,S-ZG-BR,S-ZB-BO,S-ZB-UN,B-ZF-BO
370,2005.12.10 00:00,GBPJPY,60,86400,BUY,ZD,1,211.090,208.860,2230.0,211.860,210.410,1450.0,65.022,69.51,680.0,526.3,211.090,210.410,212.540,BREAK,2005.12.12 05:00,0,,0,,0,,0,NA,Asia,UNTOUCHED,,NA,,208.180,BREAK,2005.12.14 18:00,0,,0,,0,,0,NA,NewYork,BREAK,2005.12.14 20:00,BREAK,2005.12.15 10:00,211.770,BREAK,2005.12.10 00:00,0,,0,,0,,0,NA,Asia,BREAK,2005.12.13 10:00,UNTOUCHED,,209.730,BREAK,2005.12.14 13:00,0,,0,,0,,0,NA,NewYork,BREAK,2005.12.14 17:00,BREAK,2005.12.14 18:00,S-ZC-BR,B-ZO-BR,B-ZE-BR,B-ZB-BR,B-ZF-BR,B-ZE-BR,B-ZC-BR,B-ZC-BR,B-ZG-BR,S-ZO-BR,B-ZE-BO,B-ZO-UN,S-ZF-BO,S-ZB-BR,S-ZD-BR,S-ZG-BR,S-ZB-BO,S-ZB-UN,B-ZF-BO,B-ZO-BR
371,2005.12.12 02:00,GBPJPY,60,86400,BUY,ZE,1,211.860,210.410,1450.0,211.880,211.310,570.0,39.310,62.07,550.0,342.2,211.860,211.310,212.430,BOUNCE,2005.12.12 04:00,1,2005.12.14 04:00,1,2005.12.14 05:00,1,2005.12.14 13:00,3,2d 9h,Asia,NA,,NA,,209.860,BREAK,2005.12.14 13:00,0,,0,,0,,0,NA,NewYork,BREAK,2005.12.14 17:00,BREAK,2005.12.14 18:00,212.410,BOUNCE,2005.12.12 04:00,1,2005.12.14 05:00,1,2005.12.14 13:00,0,,2,2d 9h,Asia,NA,,NA,,210.760,BREAK,2005.12.14 05:00,0,,0,,0,,0,NA,Asia,BOUNCE,2005.12.14 12:00,NA,,B-ZD-BR,S-ZC-BR,B-ZO-BR,B-ZE-BR,B-ZB-BR,B-ZF-BR,B-ZE-BR,B-ZC-BR,B-ZC-BR,B-ZG-BR,B-ZO-UN,S-ZF-BO,S-ZB-BR,S-ZD-BR,S-ZG-BR,S-ZB-BO,S-ZB-UN,B-ZF-BO,B-ZO-BR,S-ZG-BO
372,2005.12.14 00:00,GBPJPY,60,86400,BUY,ZO,0,212.970,211.500,1470.0,213.080,211.920,1160.0,78.912,28.57,1050.0,346.9,212.970,211.920,214.130,UNTOUCHED,,0,,0,,0,,0,NA,Other,NA,,NA,,210.450,BREAK,2005.12.14 05:00,0,,0,,0,,0,NA,Asia,BREAK,2005.12.14 16:00,BREAK,2005.12.14 18:00,214.020,UNTOUCHED,,0,,0,,0,,0,NA,Other,NA,,NA,,210.870,BREAK,2005.12.14 05:00,0,,0,,0,,0,NA,Asia,BREAK,2005.12.14 16:00,BREAK,2005.12.14 18:00,B-ZE-BO,B-ZD-BR,S-ZC-BR,B-ZO-BR,B-ZE-BR,B-ZB-BR,B-ZF-BR,B-ZE-BR,B-ZC-BR,B-ZC-BR,S-ZF-BO,S-ZB-BR,S-ZD-BR,S-ZG-BR,S-ZB-BO,S-ZB-UN,B-ZF-BO,B-ZO-BR,S-ZG-BO,B-ZH-BR
373,2005.12.15 00:00,GBPJPY,60,86400,SELL,ZF,1,213.080,211.920,1160.0,212.780,206.940,5840.0,503.448,25.86,860.0,273.8,212.780,211.920,206.080,BOUNCE,2005.12.15 10:00,0,,0,,0,,0,NA,London,NA,,NA,,213.940,UNTOUCHED,,0,,0,,0,,0,NA,Other,NA,,NA,,211.060,BREAK,2005.12.15 00:00,0,,0,,0,,0,NA,Asia,BREAK,2005.12.15 01:00,BREAK,2005.12.15 02:00,213.640,UNTOUCHED,,0,,0,,0,,0,NA,Other,NA,,NA,,B-ZO-UN,B-ZE-BO,B-ZD-BR,S-ZC-BR,B-ZO-BR,B-ZE-BR,B-ZB-BR,B-ZF-BR,B-ZE-BR,B-ZC-BR,S-ZB-BR,S-ZD-BR,S-ZG-BR,S-ZB-BO,S-ZB-UN,B-ZF-BO,B-ZO-BR,S-ZG-BO,B-ZH-BR,S-ZF-BR
374,2005.12.16 00:00,GBPJPY,60,86400,SELL,ZB,1,212.780,206.940,5840.0,208.670,205.210,3460.0,59.247,70.38,1730.0,1378.2,208.670,206.940,203.480,BREAK,2005.12.22 16:00,0,,0,,0,,0,NA,NewYork,BOUNCE,2005.12.27 14:00,NA,,214.510,UNTOUCHED,,0,,0,,0,,0,NA,Other,NA,,NA,,205.210,BREAK,2005.12.16 00:00,0,,0,,0,,0,NA,Asia,BREAK,2005.12.23 17:00,BOUNCE,2005.12.27 14:00,210.400,UNTOUCHED,,0,,0,,0,,0,NA,Other,NA,,NA,,S-ZF-BO,B-ZO-UN,B-ZE-BO,B-ZD-BR,S-ZC-BR,B-ZO-BR,B-ZE-BR,B-ZB-BR,B-ZF-BR,B-ZE-BR,S-ZD-BR,S-ZG-BR,S-ZB-BO,S-ZB-UN,B-ZF-BO,B-ZO-BR,S-ZG-BO,B-ZH-BR,S-ZF-BR,S-ZF-UN
375,2005.12.17 00:00,GBPJPY,60,86400,SELL,ZD,1,208.670,205.210,3460.0,206.400,203.960,2440.0,70.520,65.61,1190.0,816.6,206.400,205.210,202.770,BREAK,2005.12.22 18:00,0,,0,,0,,0,NA,NewYork,BOUNCE,2005.12.27 04:00,NA,,209.860,UNTOUCHED,,0,,0,,0,,0,NA,Other,NA,,NA,,204.020,BREAK,2005.12.22 12:00,0,,0,,0,,0,NA,London,BREAK,2005.12.23 18:00,BOUNCE,2005.12.27 04:00,207.590,PENDING,2006.01.26 18:00,0,,0,,0,,0,NA,NewYork,NA,,NA,,S-ZB-BR,S-ZF-BO,B-ZO-UN,B-ZE-BO,B-ZD-BR,S-ZC-BR,B-ZO-BR,B-ZE-BR,B-ZB-BR,B-ZF-BR,S-ZG-BR,S-ZB-BO,S-ZB-UN,B-ZF-BO,B-ZO-BR,S-ZG-BO,B-ZH-BR,S-ZF-BR,S-ZF-UN,B-ZF-BO
376,2005.12.22 00:00,GBPJPY,60,86400,SELL,ZG,0,206.080,204.440,1640.0,206.030,204.120,1910.0,116.463,3.05,1590.0,387.0,206.030,204.440,202.530,BREAK,2005.12.22 19:00,0,,0,,0,,0,NA,NewYork,BOUNCE,2006.01.13 11:00,NA,,207.670,BREAK,2006.01.26 18:00,0,,0,,0,,0,NA,NewYork,BREAK,2006.02.01 19:00,BOUNCE,2006.02.06 03:00,202.850,BREAK,2005.12.22 17:00,0,,0,,0,,0,NA,NewYork,BOUNCE,2005.12.27 04:00,NA,,207.620,BREAK,2006.01.26 18:00,0,,0,,0,,0,NA,NewYork,BREAK,2006.02.01 19:00,BOUNCE,2006.02.06 03:00,S-ZD-BR,S-ZB-BR,S-ZF-BO,B-ZO-UN,B-ZE-BO,B-ZD-BR,S-ZC-BR,B-ZO-BR,B-ZE-BR,B-ZB-BR,S-ZB-BO,S-ZB-UN,B-ZF-BO,B-ZO-BR,S-ZG-BO,B-ZH-BR,S-ZF-BR,S-ZF-UN,B-ZF-BO,B-ZH-BR
377,2005.12.23 00:00,GBPJPY,60,86400,SELL,ZB,1,206.030,204.120,1910.0,205.260,202.330,2930.0,153.403,40.31,1140.0,450.8,205.260,204.120,201.190,BOUNCE,2005.12.23 20:00,1,2005.12.27 14:00,1,2006.01.25 17:00,1,2006.01.25 18:00,3,4w 4d,NewYork,NA,,NA,,207.170,BREAK,2006.01.25 18:00,0,,0,,0,,0,NA,NewYork,BREAK,2006.01.31 22:00,BREAK,2006.02.01 19:00,202.980,BREAK,2005.12.23 00:00,0,,0,,0,,0,NA,Asia,BREAK,2005.12.23 19:00,BOUNCE,2006.01.12 01:00,206.400,BREAK,2006.01.25 17:00,0,,0,,0,,0,NA,NewYork,BREAK,2006.01.27 16:00,BREAK,2006.02.01 11:00,S-ZG-BR,S-ZD-BR,S-ZB-BR,S-ZF-BO,B-ZO-UN,B-ZE-BO,B-ZD-BR,S-ZC-BR,B-ZO-BR,B-ZE-BR,S-ZB-UN,B-ZF-BO,B-ZO-BR,S-ZG-BO,B-ZH-BR,S-ZF-BR,S-ZF-UN,B-ZF-BO,B-ZH-BR,B-ZO-BR
378,2005.12.24 00:00,GBPJPY,60,86400,SELL,ZB,1,205.260,202.330,2930.0,203.040,201.150,1890.0,64.505,75.77,710.0,691.5,203.040,202.330,200.440,UNTOUCHED,,0,,0,,0,,0,NA,Other,NA,,NA,,205.970,BREAK,2006.01.25 16:00,0,,0,,0,,0,NA,NewYork,BREAK,2006.01.26 18:00,BOUNCE,2006.01.27 03:00,201.620,BOUNCE,2005.12.24 00:00,1,2005.12.28 10:00,1,2006.01.25 16:00,0,,2,4w 4d,Asia,NA,,NA,,203.750,BOUNCE,2005.12.28 10:00,1,2006.01.09 04:00,1,2006.01.09 04:00,0,,2,1w 4d,London,NA,,NA,,S-ZB-BO,S-ZG-BR,S-ZD-BR,S-ZB-BR,S-ZF-BO,B-ZO-UN,B-ZE-BO,B-ZD-BR,S-ZC-BR,B-ZO-BR,B-ZF-BO,B-ZO-BR,S-ZG-BO,B-ZH-BR,S-ZF-BR,S-ZF-UN,B-ZF-BO,B-ZH-BR,B-ZO-BR,S-ZC-UN
379,2005.12.28 00:00,GBPJPY,60,86400,BUY,ZF,1,202.370,201.130,1240.0,203.580,201.320,2260.0,182.258,15.32,1050.0,292.6,202.370,201.320,204.630,BOUNCE,2006.01.04 18:00,1,2006.01.06 16:00,0,,0,,1,1d 22h,NewYork,NA,,NA,,200.080,UNTOUCHED,,0,,0,,0,,0,NA,Other,NA,,NA,,203.420,BREAK,2005.12.28 10:00,0,,0,,0,,0,NA,London,BREAK,2006.01.04 19:00,BREAK,2006.01.25 13:00,200.270,UNTOUCHED,,0,,0,,0,,0,NA,Other,NA,,NA,,S-ZB-UN,S-ZB-BO,S-ZG-BR,S-ZD-BR,S-ZB-BR,S-ZF-BO,B-ZO-UN,B-ZE-BO,B-ZD-BR,S-ZC-BR,B-ZO-BR,S-ZG-BO,B-ZH-BR,S-ZF-BR,S-ZF-UN,B-ZF-BO,B-ZH-BR,B-ZO-BR,S-ZC-UN,B-ZF-BR
380,2005.12.29 00:00,GBPJPY,60,86400,BUY,ZO,0,203.580,201.320,2260.0,203.910,201.870,2040.0,90.265,24.34,1710.0,533.4,203.580,201.870,205.620,BREAK,2006.01.25 12:00,0,,0,,0,,0,NA,London,BREAK,2006.01.27 14:00,BREAK,2006.02.01 19:00,199.610,UNTOUCHED,,0,,0,,0,,0,NA,Other,NA,,NA,,205.290,BREAK,2006.01.25 02:00,0,,0,,0,,0,NA,Asia,BREAK,2006.01.26 18:00,BREAK,2006.02.01 11:00,200.160,UNTOUCHED,,0,,0,,0,,0,NA,Other,NA,,NA,,B-ZF-BO,S-ZB-UN,S-ZB-BO,S-ZG-BR,S-ZD-BR,S-ZB-BR,S-ZF-BO,B-ZO-UN,B-ZE-BO,B-ZD-BR,S-ZG-BO,B-ZH-BR,S-ZF-BR,S-ZF-UN,B-ZF-BO,B-ZH-BR,B-ZO-BR,S-ZC-UN,B-ZF-BR,B-ZE-BR
381,2006.01.04 00:00,GBPJPY,60,86400,SELL,ZG,0,203.490,202.270,1220.0,203.280,202.240,1040.0,85.246,17.21,1010.0,287.9,203.280,202.270,201.230,BOUNCE,2006.01.09 12:00,1,2006.01.13 20:00,1,2006.01.17 20:00,1,2006.01.18 04:00,3,1w 1d,London,NA,,NA,,204.500,BREAK,2006.01.04 18:00,0,,0,,0,,0,NA,NewYork,BREAK,2006.01.25 13:00,BREAK,2006.01.25 17:00,201.260,BOUNCE,2006.01.09 12:00,1,2006.01.17 20:00,1,2006.01.18 04:00,0,,2,1w 1d,London,NA,,NA,,204.290,BREAK,2006.01.04 13:00,0,,0,,0,,0,NA,NewYork,BREAK,2006.01.25 12:00,BREAK,2006.01.25 17:00,B-ZO-BR,B-ZF-BO,S-ZB-UN,S-ZB-BO,S-ZG-BR,S-ZD-BR,S-ZB-BR,S-ZF-BO,B-ZO-UN,B-ZE-BO,B-ZH-BR,S-ZF-BR,S-ZF-UN,B-ZF-BO,B-ZH-BR,B-ZO-BR,S-ZC-UN,B-ZF-BR,B-ZE-BR,B-ZF-BR
382,2006.01.05 00:00,GBPJPY,60,86400,BUY,ZH,1,203.280,202.240,1040.0,204.800,202.380,2420.0,232.692,13.46,900.0,245.4,203.280,202.380,205.700,BREAK,2006.01.25 13:00,0,,0,,0,,0,NA,NewYork,BREAK,2006.01.25 17:00,BOUNCE,2006.01.27 03:00,201.340,BOUNCE,2006.01.09 11:00,1,2006.01.13 20:00,1,2006.01.17 19:00,1,2006.01.25 13:00,3,2w 2d,London,NA,,NA,,204.180,BREAK,2006.01.05 00:00,0,,0,,0,,0,NA,Asia,BREAK,2006.01.25 02:00,BREAK,2006.01.25 17:00,201.480,BREAK,2006.01.09 04:00,0,,0,,0,,0,NA,Asia,BOUNCE,2006.01.11 20:00,NA,,S-ZG-BO,B-ZO-BR,B-ZF-BO,S-ZB-UN,S-ZB-BO,S-ZG-BR,S-ZD-BR,S-ZB-BR,S-ZF-BO,B-ZO-UN,S-ZF-BR,S-ZF-UN,B-ZF-BO,B-ZH-BR,B-ZO-BR,S-ZC-UN,B-ZF-BR,B-ZE-BR,B-ZF-BR,B-ZC-BR
383,2006.01.07 00:00,GBPJPY,60,86400,SELL,ZF,0,204.620,202.940,1680.0,204.050,202.120,1930.0,114.881,33.93,1110.0,396.5,204.050,202.940,201.010,BREAK,2006.01.11 13:00,0,,0,,0,,0,NA,NewYork,UNTOUCHED,,NA,,205.730,BREAK,2006.01.25 13:00,0,,0,,0,,0,NA,NewYork,BREAK,2006.01.26 18:00,BREAK,2006.01.31 19:00,201.830,BREAK,2006.01.09 03:00,0,,0,,0,,0,NA,Asia,BOUNCE,2006.01.12 01:00,NA,,205.160,BREAK,2006.01.25 02:00,0,,0,,0,,0,NA,Asia,BREAK,2006.01.25 17:00,BREAK,2006.01.27 13:00,B-ZH-BR,S-ZG-BO,B-ZO-BR,B-ZF-BO,S-ZB-UN,S-ZB-BO,S-ZG-BR,S-ZD-BR,S-ZB-BR,S-ZF-BO,S-ZF-UN,B-ZF-BO,B-ZH-BR,B-ZO-BR,S-ZC-UN,B-ZF-BR,B-ZE-BR,B-ZF-BR,B-ZC-BR,B-ZG-BR
384,2006.01.12 00:00,GBPJPY,60,86400,SELL,ZF,1,202.650,201.530,1120.0,202.380,200.570,1810.0,161.607,24.11,850.0,264.3,202.380,201.530,199.720,UNTOUCHED,,0,,0,,0,,0,NA,Other,NA,,NA,,203.500,BOUNCE,2006.01.16 12:00,0,,0,,0,,0,NA,London,NA,,NA,,200.680,BOUNCE,2006.01.12 18:00,1,2006.01.13 20:00,1,2006.01.16 12:00,0,,2,3d 18h,NewYork,NA,,NA,,203.230,BOUNCE,2006.01.13 20:00,0,,0,,0,,0,NA,NewYork,NA,,NA,,S-ZF-BR,B-ZH-BR,S-ZG-BO,B-ZO-BR,B-ZF-BO,S-ZB-UN,S-ZB-BO,S-ZG-BR,S-ZD-BR,S-ZB-BR,B-ZF-BO,B-ZH-BR,B-ZO-BR,S-ZC-UN,B-ZF-BR,B-ZE-BR,B-ZF-BR,B-ZC-BR,B-ZG-BR,B-ZF-BR
385,2006.01.14 00:00,GBPJPY,60,86400,BUY,ZF,1,202.020,200.680,1340.0,203.250,201.040,2210.0,164.925,26.87,980.0,316.2,202.020,201.040,204.230,BOUNCE,2006.01.17 19:00,1,2006.01.19 12:00,0,,0,,1,1d 17h,NewYork,NA,,NA,,199.700,UNTOUCHED,,0,,0,,0,,0,NA,Other,NA,,NA,,203.000,BREAK,2006.01.14 00:00,0,,0,,0,,0,NA,Asia,BREAK,2006.01.17 20:00,BREAK,2006.01.25 02:00,200.060,UNTOUCHED,,0,,0,,0,,0,NA,Other,NA,,NA,,S-ZF-UN,S-ZF-BR,B-ZH-BR,S-ZG-BO,B-ZO-BR,B-ZF-BO,S-ZB-UN,S-ZB-BO,S-ZG-BR,S-ZD-BR,B-ZH-BR,B-ZO-BR,S-ZC-UN,B-ZF-BR,B-ZE-BR,B-ZF-BR,B-ZC-BR,B-ZG-BR,B-ZF-BR,B-ZB-BO
386,2006.01.18 00:00,GBPJPY,60,86400,BUY,ZH,1,203.550,202.310,1240.0,204.400,202.420,1980.0,159.677,8.87,1130.0,292.6,203.550,202.420,205.530,BREAK,2006.01.25 12:00,0,,0,,0,,0,NA,London,BREAK,2006.01.25 18:00,BREAK,2006.01.27 17:00,201.180,UNTOUCHED,,0,,0,,0,,0,NA,Other,NA,,NA,,204.680,BOUNCE,2006.01.23 03:00,0,,0,,0,,0,NA,Asia,NA,,NA,,201.290,UNTOUCHED,,0,,0,,0,,0,NA,Other,NA,,NA,,B-ZF-BO,S-ZF-UN,S-ZF-BR,B-ZH-BR,S-ZG-BO,B-ZO-BR,B-ZF-BO,S-ZB-UN,S-ZB-BO,S-ZG-BR,B-ZO-BR,S-ZC-UN,B-ZF-BR,B-ZE-BR,B-ZF-BR,B-ZC-BR,B-ZG-BR,B-ZF-BR,B-ZB-BO,B-ZB-UN
387,2006.01.19 00:00,GBPJPY,60,86400,BUY,ZO,0,204.400,202.420,1980.0,204.530,202.790,1740.0,87.879,18.69,1610.0,467.3,204.400,202.790,206.140,BREAK,2006.01.25 17:00,0,,0,,0,,0,NA,NewYork,BREAK,2006.01.30 18:00,BREAK,2006.02.01 19:00,200.810,UNTOUCHED,,0,,0,,0,,0,NA,Other,NA,,NA,,206.010,BREAK,2006.01.25 17:00,0,,0,,0,,0,NA,NewYork,BREAK,2006.01.27 17:00,BREAK,2006.02.01 19:00,201.180,UNTOUCHED,,0,,0,,0,,0,NA,Other,NA,,NA,,B-ZH-BR,B-ZF-BO,S-ZF-UN,S-ZF-BR,B-ZH-BR,S-ZG-BO,B-ZO-BR,B-ZF-BO,S-ZB-UN,S-ZB-BO,S-ZC-UN,B-ZF-BR,B-ZE-BR,B-ZF-BR,B-ZC-BR,B-ZG-BR,B-ZF-BR,B-ZB-BO,B-ZB-UN,B-ZO-UN
388,2006.01.20 00:00,GBPJPY,60,86400,SELL,ZC,1,204.530,202.790,1740.0,203.420,202.030,1390.0,79.885,63.79,630.0,410.6,203.420,202.790,201.400,UNTOUCHED,,0,,0,,0,,0,NA,Other,NA,,NA,,205.160,BREAK,2006.01.25 02:00,0,,0,,0,,0,NA,Asia,BREAK,2006.01.25 17:00,BREAK,2006.01.25 18:00,202.160,BOUNCE,2006.02.27 04:00,1,2006.03.01 13:00,0,,0,,1,2d 9h,Asia,NA,,NA,,204.050,BREAK,2006.01.20 21:00,0,,0,,0,,0,NA,Other,BOUNCE,2006.01.23 04:00,NA,,B-ZO-BR,B-ZH-BR,B-ZF-BO,S-ZF-UN,S-ZF-BR,B-ZH-BR,S-ZG-BO,B-ZO-BR,B-ZF-BO,S-ZB-UN,B-ZF-BR,B-ZE-BR,B-ZF-BR,B-ZC-BR,B-ZG-BR,B-ZF-BR,B-ZB-BO,B-ZB-UN,B-ZO-UN,S-ZB-BR
389,2006.01.21 00:00,GBPJPY,60,86400,BUY,ZF,1,203.420,202.030,1390.0,204.250,202.360,1890.0,135.971,23.74,1060.0,328.0,203.420,202.360,205.310,BREAK,2006.01.25 02:00,0,,0,,0,,0,NA,Asia,BREAK,2006.01.25 17:00,BREAK,2006.01.27 13:00,200.970,UNTOUCHED,,0,,0,,0,,0,NA,Other,NA,,NA,,204.480,BOUNCE,2006.01.23 03:00,0,,0,,0,,0,NA,Asia,NA,,NA,,201.300,UNTOUCHED,,0,,0,,0,,0,NA,Other,NA,,NA,,S-ZC-UN,B-ZO-BR,B-ZH-BR,B-ZF-BO,S-ZF-UN,S-ZF-BR,B-ZH-BR,S-ZG-BO,B-ZO-BR,B-ZF-BO,B-ZE-BR,B-ZF-BR,B-ZC-BR,B-ZG-BR,B-ZF-BR,B-ZB-BO,B-ZB-UN,B-ZO-UN,S-ZB-BR,S-ZE-BR
390,2006.01.25 00:00,GBPJPY,60,86400,BUY,ZE,1,204.960,203.420,1540.0,205.150,204.140,1010.0,65.584,46.75,820.0,363.4,204.960,204.140,205.970,BREAK,2006.01.25 16:00,0,,0,,0,,0,NA,NewYork,BREAK,2006.01.25 18:00,BOUNCE,2006.01.27 03:00,202.600,BOUNCE,2006.02.27 03:00,1,2006.03.01 14:00,1,2006.03.06 06:00,1,2006.03.06 07:00,3,1w 0d,Asia,NA,,NA,,205.780,BREAK,2006.01.25 13:00,0,,0,,0,,0,NA,NewYork,BREAK,2006.01.25 18:00,BOUNCE,2006.01.27 03:00,203.320,BREAK,2006.02.14 17:00,0,,0,,0,,0,NA,NewYork,BOUNCE,2006.02.27 03:00,NA,,B-ZF-BR,S-ZC-UN,B-ZO-BR,B-ZH-BR,B-ZF-BO,S-ZF-UN,S-ZF-BR,B-ZH-BR,S-ZG-BO,B-ZO-BR,B-ZF-BR,B-ZC-BR,B-ZG-BR,B-ZF-BR,B-ZB-BO,B-ZB-UN,B-ZO-UN,S-ZB-BR,S-ZE-BR,B-ZD-UN
391,2006.01.26 00:00,GBPJPY,60,86400,BUY,ZF,1,205.150,204.140,1010.0,207.220,204.470,2750.0,272.277,32.67,680.0,238.4,205.150,204.470,207.900,BREAK,2006.01.27 14:00,0,,0,,0,,0,NA,NewYork,BREAK,2006.01.31 22:00,BOUNCE,2006.02.01 14:00,203.460,BREAK,2006.02.14 15:00,0,,0,,0,,0,NA,NewYork,BREAK,2006.02.27 03:00,BREAK,2006.02.27 04:00,205.830,BREAK,2006.01.26 00:00,0,,0,,0,,0,NA,Asia,BREAK,2006.01.26 10:00,BREAK,2006.01.26 18:00,203.790,BREAK,2006.02.14 14:00,0,,0,,0,,0,NA,NewYork,BOUNCE,2006.02.14 20:00,NA,,B-ZE-BR,B-ZF-BR,S-ZC-UN,B-ZO-BR,B-ZH-BR,B-ZF-BO,S-ZF-UN,S-ZF-BR,B-ZH-BR,S-ZG-BO,B-ZC-BR,B-ZG-BR,B-ZF-BR,B-ZB-BO,B-ZB-UN,B-ZO-UN,S-ZB-BR,S-ZE-BR,B-ZD-UN,S-ZH-BO
392,2006.01.27 00:00,GBPJPY,60,86400,BUY,ZC,1,207.220,204.470,2750.0,207.690,206.160,1530.0,55.636,61.45,1060.0,649.0,207.220,206.160,208.750,BREAK,2006.01.31 22:00,0,,0,,0,,0,NA,Other,BREAK,2006.02.02 14:00,BOUNCE,2006.02.03 18:00,203.410,BOUNCE,2006.02.14 15:00,1,2006.02.17 13:00,0,,0,,1,2d 22h,NewYork,NA,,NA,,208.280,BREAK,2006.01.30 18:00,0,,0,,0,,0,NA,NewYork,BREAK,2006.02.02 04:00,BREAK,2006.02.02 21:00,205.100,BREAK,2006.02.10 12:00,0,,0,,0,,0,NA,London,BREAK,2006.02.14 15:00,BOUNCE,2006.02.15 02:00,B-ZF-BR,B-ZE-BR,B-ZF-BR,S-ZC-UN,B-ZO-BR,B-ZH-BR,B-ZF-BO,S-ZF-UN,S-ZF-BR,B-ZH-BR,B-ZG-BR,B-ZF-BR,B-ZB-BO,B-ZB-UN,B-ZO-UN,S-ZB-BR,S-ZE-BR,B-ZD-UN,S-ZH-BO,S-ZB-BR
393,2006.01.28 00:00,GBPJPY,60,86400,BUY,ZG,0,207.690,206.160,1530.0,208.210,206.590,1620.0,105.882,28.10,1100.0,361.1,207.690,206.590,209.310,BREAK,2006.02.01 12:00,0,,0,,0,,0,NA,London,BREAK,2006.02.02 16:00,UNTOUCHED,,205.060,BREAK,2006.02.10 12:00,0,,0,,0,,0,NA,London,BREAK,2006.02.14 15:00,BREAK,2006.02.27 03:00,208.790,BREAK,2006.01.31 22:00,0,,0,,0,,0,NA,Other,BREAK,2006.02.02 10:00,BOUNCE,2006.02.03 18:00,205.490,BOUNCE,2006.02.07 18:00,0,,0,,0,,0,NA,NewYork,NA,,NA,,B-ZC-BR,B-ZF-BR,B-ZE-BR,B-ZF-BR,S-ZC-UN,B-ZO-BR,B-ZH-BR,B-ZF-BO,S-ZF-UN,S-ZF-BR,B-ZF-BR,B-ZB-BO,B-ZB-UN,B-ZO-UN,S-ZB-BR,S-ZE-BR,B-ZD-UN,S-ZH-BO,S-ZB-BR,B-ZF-BR
394,2006.02.01 00:00,GBPJPY,60,86400,BUY,ZF,0,208.330,206.970,1360.0,209.070,207.340,1730.0,127.206,27.21,990.0,321.0,208.330,207.340,210.060,BREAK,2006.02.02 08:00,0,,0,,0,,0,NA,London,BOUNCE,2006.02.03 18:00,NA,,205.980,BREAK,2006.02.07 12:00,0,,0,,0,,0,NA,London,BOUNCE,2006.02.10 22:00,NA,,209.320,BREAK,2006.02.01 12:00,0,,0,,0,,0,NA,London,BREAK,2006.02.02 15:00,UNTOUCHED,,206.350,BREAK,2006.02.07 12:00,0,,0,,0,,0,NA,London,BOUNCE,2006.02.08 13:00,NA,,B-ZG-BR,B-ZC-BR,B-ZF-BR,B-ZE-BR,B-ZF-BR,S-ZC-UN,B-ZO-BR,B-ZH-BR,B-ZF-BO,S-ZF-UN,B-ZB-BO,B-ZB-UN,B-ZO-UN,S-ZB-BR,S-ZE-BR,B-ZD-UN,S-ZH-BO,S-ZB-BR,B-ZF-BR,B-ZD-BR
395,2006.02.02 00:00,GBPJPY,60,86400,BUY,ZB,1,209.070,207.340,1730.0,209.970,208.250,1720.0,99.422,52.60,820.0,408.3,209.070,208.250,210.790,BOUNCE,2006.02.02 16:00,1,2006.02.06 03:00,1,2006.02.07 10:00,1,2006.02.07 12:00,3,4d 20h,NewYork,NA,,NA,,206.520,BREAK,2006.02.07 12:00,0,,0,,0,,0,NA,London,BREAK,2006.02.08 09:00,BOUNCE,2006.02.10 16:00,209.890,BREAK,2006.02.02 04:00,0,,0,,0,,0,NA,Asia,BREAK,2006.02.03 00:00,UNTOUCHED,,207.430,BREAK,2006.02.07 10:00,0,,0,,0,,0,NA,London,BREAK,2006.02.07 12:00,BREAK,2006.02.08 01:00,B-ZF-BR,B-ZG-BR,B-ZC-BR,B-ZF-BR,B-ZE-BR,B-ZF-BR,S-ZC-UN,B-ZO-BR,B-ZH-BR,B-ZF-BO,B-ZB-UN,B-ZO-UN,S-ZB-BR,S-ZE-BR,B-ZD-UN,S-ZH-BO,S-ZB-BR,B-ZF-BR,B-ZD-BR,B-ZB-UN
396,2006.02.03 00:00,GBPJPY,60,86400,BUY,ZB,1,209.970,208.250,1720.0,211.060,209.290,1770.0,102.907,60.47,680.0,405.9,209.970,209.290,211.740,UNTOUCHED,,0,,0,,0,,0,NA,Other,NA,,NA,,207.570,BOUNCE,2006.02.06 20:00,0,,0,,0,,0,NA,NewYork,NA,,NA,,210.650,BREAK,2006.02.03 00:00,0,,0,,0,,0,NA,Asia,UNTOUCHED,,NA,,208.610,BREAK,2006.02.06 10:00,0,,0,,0,,0,NA,London,BREAK,2006.02.07 10:00,BREAK,2006.02.07 11:00,B-ZB-BO,B-ZF-BR,B-ZG-BR,B-ZC-BR,B-ZF-BR,B-ZE-BR,B-ZF-BR,S-ZC-UN,B-ZO-BR,B-ZH-BR,B-ZO-UN,S-ZB-BR,S-ZE-BR,B-ZD-UN,S-ZH-BO,S-ZB-BR,B-ZF-BR,B-ZD-BR,B-ZB-UN,S-ZG-BR
397,2006.02.04 00:00,GBPJPY,60,86400,BUY,ZO,0,211.060,209.290,1770.0,211.180,209.370,1810.0,102.260,4.52,1690.0,417.7,211.060,209.370,212.870,UNTOUCHED,,0,,0,,0,,0,NA,Other,NA,,NA,,207.600,BREAK,2006.02.06 20:00,0,,0,,0,,0,NA,NewYork,BREAK,2006.02.07 18:00,BREAK,2006.02.14 14:00,212.750,UNTOUCHED,,0,,0,,0,,0,NA,Other,NA,,NA,,207.680,BREAK,2006.02.06 19:00,0,,0,,0,,0,NA,NewYork,BREAK,2006.02.07 18:00,BREAK,2006.02.14 13:00,B-ZB-UN,B-ZB-BO,B-ZF-BR,B-ZG-BR,B-ZC-BR,B-ZF-BR,B-ZE-BR,B-ZF-BR,S-ZC-UN,B-ZO-BR,S-ZB-BR,S-ZE-BR,B-ZD-UN,S-ZH-BO,S-ZB-BR,B-ZF-BR,B-ZD-BR,B-ZB-UN,S-ZG-BR,S-ZB-BR
398,2006.02.08 00:00,GBPJPY,60,86400,SELL,ZB,1,209.590,207.560,2030.0,208.250,205.440,2810.0,138.424,66.01,690.0,479.1,208.250,207.560,204.750,BREAK,2006.02.14 02:00,0,,0,,0,,0,NA,Asia,BREAK,2006.02.14 15:00,BOUNCE,2006.02.15 02:00,210.280,UNTOUCHED,,0,,0,,0,,0,NA,Other,NA,,NA,,206.870,BREAK,2006.02.08 00:00,0,,0,,0,,0,NA,Asia,BREAK,2006.02.08 01:00,BOUNCE,2006.02.08 06:00,208.940,UNTOUCHED,,0,,0,,0,,0,NA,Other,NA,,NA,,B-ZO-UN,B-ZB-UN,B-ZB-BO,B-ZF-BR,B-ZG-BR,B-ZC-BR,B-ZF-BR,B-ZE-BR,B-ZF-BR,S-ZC-UN,S-ZE-BR,B-ZD-UN,S-ZH-BO,S-ZB-BR,B-ZF-BR,B-ZD-BR,B-ZB-UN,S-ZG-BR,S-ZB-BR,S-ZB-BR
399,2006.02.09 00:00,GBPJPY,60,86400,SELL,ZE,1,208.250,205.440,2810.0,206.780,205.210,1570.0,55.872,52.31,1340.0,663.2,206.780,205.440,203.870,BREAK,2006.02.14 13:00,0,,0,,0,,0,NA,NewYork,BREAK,2006.02.27 04:00,UNTOUCHED,,209.590,UNTOUCHED,,0,,0,,0,,0,NA,Other,NA,,NA,,204.100,BREAK,2006.02.14 12:00,0,,0,,0,,0,NA,London,BREAK,2006.02.27 04:00,UNTOUCHED,,208.120,UNTOUCHED,,0,,0,,0,,0,NA,Other,NA,,NA,,S-ZB-BR,B-ZO-UN,B-ZB-UN,B-ZB-BO,B-ZF-BR,B-ZG-BR,B-ZC-BR,B-ZF-BR,B-ZE-BR,B-ZF-BR,B-ZD-UN,S-ZH-BO,S-ZB-BR,B-ZF-BR,B-ZD-BR,B-ZB-UN,S-ZG-BR,S-ZB-BR,S-ZB-BR,B-ZC-BO
400,2006.02.10 00:00,GBPJPY,60,86400,BUY,ZD,1,206.780,205.210,1570.0,207.210,206.030,1180.0,75.159,52.23,750.0,370.5,206.780,206.030,207.960,UNTOUCHED,,0,,0,,0,,0,NA,Other,NA,,NA,,204.460,BREAK,2006.02.14 03:00,0,,0,,0,,0,NA,Asia,BREAK,2006.02.14 17:00,BOUNCE,2006.02.14 20:00,207.530,BOUNCE,2006.02.21 14:00,1,2006.02.23 07:00,1,2006.02.24 03:00,0,,2,2d 13h,NewYork,NA,,NA,,205.280,BREAK,2006.02.10 10:00,0,,0,,0,,0,NA,London,BREAK,2006.02.14 10:00,BREAK,2006.02.14 15:00,S-ZE-BR,S-ZB-BR,B-ZO-UN,B-ZB-UN,B-ZB-BO,B-ZF-BR,B-ZG-BR,B-ZC-BR,B-ZF-BR,B-ZE-BR,S-ZH-BO,S-ZB-BR,B-ZF-BR,B-ZD-BR,B-ZB-UN,S-ZG-BR,S-ZB-BR,S-ZB-BR,B-ZC-BO,S-ZC-UN
401,2006.02.14 00:00,GBPJPY,60,86400,SELL,ZH,1,205.770,205.260,510.0,205.730,204.830,900.0,176.471,7.84,470.0,120.4,205.730,205.260,204.360,BOUNCE,2006.02.14 03:00,1,2006.02.15 19:00,1,2006.02.17 14:00,1,2006.02.17 14:00,3,3d 11h,Asia,NA,,NA,,206.240,BOUNCE,2006.02.17 14:00,1,2006.02.23 07:00,1,2006.02.23 09:00,1,2006.02.24 03:00,3,6d 13h,NewYork,NA,,NA,,204.790,BREAK,2006.02.14 02:00,0,,0,,0,,0,NA,Asia,BREAK,2006.02.14 09:00,BREAK,2006.02.14 14:00,206.200,BOUNCE,2006.02.17 14:00,1,2006.02.23 09:00,1,2006.02.23 09:00,0,,2,5d 19h,NewYork,NA,,NA,,B-ZD-UN,S-ZE-BR,S-ZB-BR,B-ZO-UN,B-ZB-UN,B-ZB-BO,B-ZF-BR,B-ZG-BR,B-ZC-BR,B-ZF-BR,S-ZB-BR,B-ZF-BR,B-ZD-BR,B-ZB-UN,S-ZG-BR,S-ZB-BR,S-ZB-BR,B-ZC-BO,S-ZC-UN,B-ZF-BR
402,2006.02.15 00:00,GBPJPY,60,86400,SELL,ZB,1,205.730,204.830,900.0,205.170,202.900,2270.0,252.222,62.22,340.0,212.4,205.170,204.830,202.560,BREAK,2006.02.27 03:00,0,,0,,0,,0,NA,Asia,BREAK,2006.02.27 04:00,BOUNCE,2006.02.27 05:00,206.070,BOUNCE,2006.02.17 14:00,1,2006.02.18 01:00,1,2006.02.24 03:00,1,2006.02.27 03:00,3,1w 2d,NewYork,NA,,NA,,204.490,BREAK,2006.02.15 00:00,0,,0,,0,,0,NA,Asia,BREAK,2006.02.15 01:00,BOUNCE,2006.02.15 02:00,205.510,BOUNCE,2006.02.17 12:00,1,2006.02.24 03:00,1,2006.02.24 03:00,0,,2,6d 15h,London,NA,,NA,,S-ZH-BO,B-ZD-UN,S-ZE-BR,S-ZB-BR,B-ZO-UN,B-ZB-UN,B-ZB-BO,B-ZF-BR,B-ZG-BR,B-ZC-BR,B-ZF-BR,B-ZD-BR,B-ZB-UN,S-ZG-BR,S-ZB-BR,S-ZB-BR,B-ZC-BO,S-ZC-UN,B-ZF-BR,S-ZG-UN
403,2006.02.16 00:00,GBPJPY,60,86400,BUY,ZF,0,205.170,202.900,2270.0,205.430,203.680,1750.0,77.093,34.36,1490.0,535.7,205.170,203.680,206.920,BREAK,2006.02.21 11:00,0,,0,,0,,0,NA,London,UNTOUCHED,,NA,,201.410,UNTOUCHED,,0,,0,,0,,0,NA,Other,NA,,NA,,206.660,BREAK,2006.02.21 03:00,0,,0,,0,,0,NA,Asia,UNTOUCHED,,NA,,202.190,BOUNCE,2006.02.27 04:00,0,,0,,0,,0,NA,Asia,NA,,NA,,S-ZB-BR,S-ZH-BO,B-ZD-UN,S-ZE-BR,S-ZB-BR,B-ZO-UN,B-ZB-UN,B-ZB-BO,B-ZF-BR,B-ZG-BR,B-ZD-BR,B-ZB-UN,S-ZG-BR,S-ZB-BR,S-ZB-BR,B-ZC-BO,S-ZC-UN,B-ZF-BR,S-ZG-UN,S-ZE-UN
404,2006.02.21 00:00,GBPJPY,60,86400,BUY,ZD,1,205.930,205.390,540.0,206.430,205.670,760.0,140.741,51.85,260.0,127.4,205.930,205.670,206.690,BREAK,2006.02.21 05:00,0,,0,,0,,0,NA,Asia,BREAK,2006.02.21 13:00,BREAK,2006.02.21 14:00,205.130,BOUNCE,2006.02.23 07:00,1,2006.03.06 06:00,1,2006.03.13 18:00,0,,2,2w 4d,London,NA,,NA,,206.190,BREAK,2006.02.21 00:00,0,,0,,0,,0,NA,Asia,BOUNCE,2006.02.21 01:00,NA,,205.410,BREAK,2006.02.23 07:00,0,,0,,0,,0,NA,London,BREAK,2006.02.23 08:00,BOUNCE,2006.02.23 09:00,B-ZF-BR,S-ZB-BR,S-ZH-BO,B-ZD-UN,S-ZE-BR,S-ZB-BR,B-ZO-UN,B-ZB-UN,B-ZB-BO,B-ZF-BR,B-ZB-UN,S-ZG-BR,S-ZB-BR,S-ZB-BR,B-ZC-BO,S-ZC-UN,B-ZF-BR,S-ZG-UN,S-ZE-UN,B-ZC-BO
405,2006.02.22 00:00,GBPJPY,60,86400,BUY,ZB,1,206.430,205.670,760.0,207.840,206.130,1710.0,225.000,60.53,300.0,179.4,206.430,206.130,208.140,UNTOUCHED,,0,,0,,0,,0,NA,Other,NA,,NA,,205.370,BREAK,2006.02.23 07:00,0,,0,,0,,0,NA,London,BOUNCE,2006.02.23 08:00,NA,,206.730,BREAK,2006.02.22 00:00,0,,0,,0,,0,NA,Asia,BREAK,2006.02.22 01:00,BREAK,2006.02.22 03:00,205.830,BOUNCE,2006.02.23 06:00,0,,0,,0,,0,NA,Asia,NA,,NA,,B-ZD-BR,B-ZF-BR,S-ZB-BR,S-ZH-BO,B-ZD-UN,S-ZE-BR,S-ZB-BR,B-ZO-UN,B-ZB-UN,B-ZB-BO,S-ZG-BR,S-ZB-BR,S-ZB-BR,B-ZC-BO,S-ZC-UN,B-ZF-BR,S-ZG-UN,S-ZE-UN,B-ZC-BO,S-ZG-BR
406,2006.02.23 00:00,GBPJPY,60,86400,SELL,ZG,0,207.840,206.130,1710.0,207.520,206.060,1460.0,85.380,18.71,1390.0,403.6,207.520,206.130,204.670,BREAK,2006.02.24 03:00,0,,0,,0,,0,NA,Asia,BREAK,2006.02.27 03:00,BOUNCE,2006.02.28 14:00,209.230,UNTOUCHED,,0,,0,,0,,0,NA,Other,NA,,NA,,204.740,BREAK,2006.02.23 20:00,0,,0,,0,,0,NA,NewYork,BREAK,2006.02.27 03:00,BOUNCE,2006.02.28 15:00,208.910,UNTOUCHED,,0,,0,,0,,0,NA,Other,NA,,NA,,B-ZB-UN,B-ZD-BR,B-ZF-BR,S-ZB-BR,S-ZH-BO,B-ZD-UN,S-ZE-BR,S-ZB-BR,B-ZO-UN,B-ZB-UN,S-ZB-BR,S-ZB-BR,B-ZC-BO,S-ZC-UN,B-ZF-BR,S-ZG-UN,S-ZE-UN,B-ZC-BO,S-ZG-BR,B-ZG-BO
407,2006.02.24 00:00,GBPJPY,60,86400,SELL,ZB,1,207.520,206.060,1460.0,206.770,204.700,2070.0,141.781,51.37,710.0,344.6,206.770,206.060,203.990,BREAK,2006.02.24 13:00,0,,0,,0,,0,NA,NewYork,BREAK,2006.02.27 03:00,BREAK,2006.02.27 04:00,208.230,UNTOUCHED,,0,,0,,0,,0,NA,Other,NA,,NA,,205.350,BREAK,2006.02.24 00:00,0,,0,,0,,0,NA,Asia,BREAK,2006.02.24 03:00,BREAK,2006.02.27 02:00,207.480,UNTOUCHED,,0,,0,,0,,0,NA,Other,NA,,NA,,S-ZG-BR,B-ZB-UN,B-ZD-BR,B-ZF-BR,S-ZB-BR,S-ZH-BO,B-ZD-UN,S-ZE-BR,S-ZB-BR,B-ZO-UN,S-ZB-BR,B-ZC-BO,S-ZC-UN,B-ZF-BR,S-ZG-UN,S-ZE-UN,B-ZC-BO,S-ZG-BR,B-ZG-BO,S-ZB-UN
408,2006.02.25 00:00,GBPJPY,60,86400,SELL,ZB,1,206.770,204.700,2070.0,205.310,203.640,1670.0,80.676,70.53,610.0,488.5,205.310,204.700,203.030,BREAK,2006.02.27 03:00,0,,0,,0,,0,NA,Asia,BREAK,2006.02.27 04:00,BOUNCE,2006.02.27 05:00,207.380,UNTOUCHED,,0,,0,,0,,0,NA,Other,NA,,NA,,204.090,BREAK,2006.02.25 00:00,0,,0,,0,,0,NA,Asia,BREAK,2006.02.27 03:00,BREAK,2006.02.27 04:00,205.920,BOUNCE,2006.03.06 06:00,1,2006.03.07 18:00,1,2006.03.07 18:00,0,,2,1d 12h,Asia,NA,,NA,,S-ZB-BR,S-ZG-BR,B-ZB-UN,B-ZD-BR,B-ZF-BR,S-ZB-BR,S-ZH-BO,B-ZD-UN,S-ZE-BR,S-ZB-BR,B-ZC-BO,S-ZC-UN,B-ZF-BR,S-ZG-UN,S-ZE-UN,B-ZC-BO,S-ZG-BR,B-ZG-BO,S-ZB-UN,B-ZD-BO
409,2006.03.02 00:00,GBPJPY,60,86400,BUY,ZC,1,203.490,201.960,1530.0,204.250,202.560,1690.0,110.458,39.22,930.0,361.1,203.490,202.560,205.180,BOUNCE,2006.03.06 03:00,1,2006.03.17 16:00,0,,0,,1,1w 4d,Asia,NA,,NA,,201.030,UNTOUCHED,,0,,0,,0,,0,NA,Other,NA,,NA,,204.420,BREAK,2006.03.03 14:00,0,,0,,0,,0,NA,NewYork,BREAK,2006.03.06 06:00,BOUNCE,2006.04.05 06:00,201.630,UNTOUCHED,,0,,0,,0,,0,NA,Other,NA,,NA,,S-ZB-BR,S-ZB-BR,S-ZG-BR,B-ZB-UN,B-ZD-BR,B-ZF-BR,S-ZB-BR,S-ZH-BO,B-ZD-UN,S-ZE-BR,S-ZC-UN,B-ZF-BR,S-ZG-UN,S-ZE-UN,B-ZC-BO,S-ZG-BR,B-ZG-BO,S-ZB-UN,B-ZD-BO,B-ZO-BO
410,2006.03.03 00:00,GBPJPY,60,86400,SELL,ZC,1,204.250,202.560,1690.0,203.560,202.510,1050.0,62.130,40.83,1000.0,398.8,203.560,202.560,201.510,UNTOUCHED,,0,,0,,0,,0,NA,Other,NA,,NA,,205.250,BREAK,2006.03.06 05:00,0,,0,,0,,0,NA,Asia,BOUNCE,2006.04.05 07:00,NA,,201.560,UNTOUCHED,,0,,0,,0,,0,NA,Other,NA,,NA,,204.560,BREAK,2006.03.03 15:00,0,,0,,0,,0,NA,NewYork,BREAK,2006.03.06 07:00,BOUNCE,2006.04.07 16:00,B-ZC-BO,S-ZB-BR,S-ZB-BR,S-ZG-BR,B-ZB-UN,B-ZD-BR,B-ZF-BR,S-ZB-BR,S-ZH-BO,B-ZD-UN,B-ZF-BR,S-ZG-UN,S-ZE-UN,B-ZC-BO,S-ZG-BR,B-ZG-BO,S-ZB-UN,B-ZD-BO,B-ZO-BO,S-ZE-UN
411,2006.03.04 00:00,GBPJPY,60,86400,BUY,ZF,1,203.560,202.510,1050.0,204.740,202.710,2030.0,193.333,19.05,850.0,247.8,203.560,202.710,205.590,BREAK,2006.03.06 06:00,0,,0,,0,,0,NA,Asia,BREAK,2006.04.06 13:00,BOUNCE,2006.04.12 03:00,201.660,UNTOUCHED,,0,,0,,0,,0,NA,Other,NA,,NA,,204.410,BREAK,2006.03.04 00:00,0,,0,,0,,0,NA,Asia,BREAK,2006.03.06 06:00,BOUNCE,2006.03.06 13:00,201.860,UNTOUCHED,,0,,0,,0,,0,NA,Other,NA,,NA,,S-ZC-UN,B-ZC-BO,S-ZB-BR,S-ZB-BR,S-ZG-BR,B-ZB-UN,B-ZD-BR,B-ZF-BR,S-ZB-BR,S-ZH-BO,S-ZG-UN,S-ZE-UN,B-ZC-BO,S-ZG-BR,B-ZG-BO,S-ZB-UN,B-ZD-BO,B-ZO-BO,S-ZE-UN,B-ZD-BO
412,2006.03.08 00:00,GBPJPY,60,86400,SELL,ZG,0,206.140,204.000,2140.0,205.930,203.980,1950.0,91.121,9.81,1930.0,505.0,205.930,204.000,202.050,UNTOUCHED,,0,,0,,0,,0,NA,Other,NA,,NA,,208.070,BREAK,2006.04.17 12:00,0,,0,,0,,0,NA,London,BREAK,2006.04.19 17:00,UNTOUCHED,,202.070,UNTOUCHED,,0,,0,,0,,0,NA,Other,NA,,NA,,207.860,BREAK,2006.04.13 11:00,0,,0,,0,,0,NA,London,BREAK,2006.04.19 16:00,UNTOUCHED,,B-ZF-BR,S-ZC-UN,B-ZC-BO,S-ZB-BR,S-ZB-BR,S-ZG-BR,B-ZB-UN,B-ZD-BR,B-ZF-BR,S-ZB-BR,S-ZE-UN,B-ZC-BO,S-ZG-BR,B-ZG-BO,S-ZB-UN,B-ZD-BO,B-ZO-BO,S-ZE-UN,B-ZD-BO,B-ZO-BR
413,2006.03.09 00:00,GBPJPY,60,86400,SELL,ZE,1,205.930,203.980,1950.0,205.150,203.790,1360.0,69.744,40.00,1170.0,460.2,205.150,203.980,202.620,UNTOUCHED,,0,,0,,0,,0,NA,Other,NA,,NA,,207.100,BREAK,2006.04.11 15:00,0,,0,,0,,0,NA,NewYork,BREAK,2006.04.18 03:00,BREAK,2006.04.19 16:00,202.810,BOUNCE,2006.03.20 17:00,1,2006.04.04 17:00,1,2006.04.11 15:00,0,,2,3w 0d,NewYork,NA,,NA,,206.320,BREAK,2006.04.04 17:00,0,,0,,0,,0,NA,NewYork,BREAK,2006.04.13 11:00,BREAK,2006.04.18 10:00,S-ZG-UN,B-ZF-BR,S-ZC-UN,B-ZC-BO,S-ZB-BR,S-ZB-BR,S-ZG-BR,B-ZB-UN,B-ZD-BR,B-ZF-BR,B-ZC-BO,S-ZG-BR,B-ZG-BO,S-ZB-UN,B-ZD-BO,B-ZO-BO,S-ZE-UN,B-ZD-BO,B-ZO-BR,S-ZO-UN
414,2006.03.11 00:00,GBPJPY,60,86400,BUY,ZC,1,205.560,203.720,1840.0,206.000,204.820,1180.0,64.130,59.78,740.0,434.2,205.560,204.820,206.740,BOUNCE,2006.04.06 14:00,1,2006.04.07 16:00,0,,0,,1,1d 2h,NewYork,NA,,NA,,202.980,BOUNCE,2006.03.20 16:00,1,2006.03.21 00:00,1,2006.04.04 17:00,1,2006.04.06 14:00,3,2w 2d,NewYork,NA,,NA,,206.300,BOUNCE,2006.04.04 17:00,0,,0,,0,,0,NA,NewYork,NA,,NA,,204.080,BREAK,2006.03.17 12:00,0,,0,,0,,0,NA,London,BOUNCE,2006.03.20 04:00,NA,,S-ZE-UN,S-ZG-UN,B-ZF-BR,S-ZC-UN,B-ZC-BO,S-ZB-BR,S-ZB-BR,S-ZG-BR,B-ZB-UN,B-ZD-BR,S-ZG-BR,B-ZG-BO,S-ZB-UN,B-ZD-BO,B-ZO-BO,S-ZE-UN,B-ZD-BO,B-ZO-BR,S-ZO-UN,B-ZO-BR
415,2006.03.15 00:00,GBPJPY,60,86400,SELL,ZG,0,206.230,204.920,1310.0,206.120,204.660,1460.0,111.450,8.40,1200.0,309.2,206.120,204.920,203.460,BREAK,2006.03.17 16:00,0,,0,,0,,0,NA,NewYork,UNTOUCHED,,NA,,207.430,BREAK,2006.04.12 10:00,0,,0,,0,,0,NA,London,BREAK,2006.04.18 03:00,BREAK,2006.04.19 16:00,203.720,BREAK,2006.03.17 15:00,0,,0,,0,,0,NA,NewYork,UNTOUCHED,,NA,,207.320,BOUNCE,2006.04.11 17:00,0,,0,,0,,0,NA,NewYork,NA,,NA,,B-ZC-BO,S-ZE-UN,S-ZG-UN,B-ZF-BR,S-ZC-UN,B-ZC-BO,S-ZB-BR,S-ZB-BR,S-ZG-BR,B-ZB-UN,B-ZG-BO,S-ZB-UN,B-ZD-BO,B-ZO-BO,S-ZE-UN,B-ZD-BO,B-ZO-BR,S-ZO-UN,B-ZO-BR,B-ZF-BO
416,2006.03.17 00:00,GBPJPY,60,86400,BUY,ZG,0,205.760,204.720,1040.0,205.870,204.900,970.0,93.269,17.31,860.0,245.4,205.760,204.900,206.730,BOUNCE,2006.04.06 14:00,1,2006.04.24 16:00,1,2006.04.27 13:00,1,2006.04.27 13:00,3,2w 6d,NewYork,NA,,NA,,203.860,BREAK,2006.03.17 14:00,0,,0,,0,,0,NA,NewYork,BOUNCE,2006.03.20 17:00,NA,,206.620,BREAK,2006.04.06 13:00,0,,0,,0,,0,NA,NewYork,BOUNCE,2006.04.12 10:00,NA,,204.040,BREAK,2006.03.17 14:00,0,,0,,0,,0,NA,NewYork,BREAK,2006.03.20 17:00,UNTOUCHED,,S-ZG-BR,B-ZC-BO,S-ZE-UN,S-ZG-UN,B-ZF-BR,S-ZC-UN,B-ZC-BO,S-ZB-BR,S-ZB-BR,S-ZG-BR,S-ZB-UN,B-ZD-BO,B-ZO-BO,S-ZE-UN,B-ZD-BO,B-ZO-BR,S-ZO-UN,B-ZO-BR,B-ZF-BO,B-ZF-BR
417,2006.03.18 00:00,GBPJPY,60,86400,SELL,ZB,1,205.870,204.900,970.0,205.490,203.230,2260.0,232.990,39.18,590.0,228.9,205.490,204.900,202.640,UNTOUCHED,,0,,0,,0,,0,NA,Other,NA,,NA,,206.460,BREAK,2006.04.06 12:00,0,,0,,0,,0,NA,London,BREAK,2006.04.11 15:00,BREAK,2006.04.13 11:00,204.310,BREAK,2006.03.18 00:00,0,,0,,0,,0,NA,Asia,BREAK,2006.03.18 01:00,BREAK,2006.03.20 17:00,206.080,BOUNCE,2006.04.04 15:00,1,2006.04.25 03:00,1,2006.04.25 03:00,0,,2,2w 6d,NewYork,NA,,NA,,B-ZG-BO,S-ZG-BR,B-ZC-BO,S-ZE-UN,S-ZG-UN,B-ZF-BR,S-ZC-UN,B-ZC-BO,S-ZB-BR,S-ZB-BR,B-ZD-BO,B-ZO-BO,S-ZE-UN,B-ZD-BO,B-ZO-BR,S-ZO-UN,B-ZO-BR,B-ZF-BO,B-ZF-BR,S-ZG-BO
418,2006.03.22 00:00,GBPJPY,60,86400,BUY,ZD,1,204.330,202.760,1570.0,204.950,203.570,1380.0,87.898,51.59,760.0,370.5,204.330,203.570,205.710,BOUNCE,2006.03.24 17:00,1,2006.03.27 04:00,0,,0,,1,2d 11h,NewYork,NA,,NA,,202.000,UNTOUCHED,,0,,0,,0,,0,NA,Other,NA,,NA,,205.090,BOUNCE,2006.03.22 02:00,0,,0,,0,,0,NA,Asia,NA,,NA,,202.810,UNTOUCHED,,0,,0,,0,,0,NA,Other,NA,,NA,,S-ZB-UN,B-ZG-BO,S-ZG-BR,B-ZC-BO,S-ZE-UN,S-ZG-UN,B-ZF-BR,S-ZC-UN,B-ZC-BO,S-ZB-BR,B-ZO-BO,S-ZE-UN,B-ZD-BO,B-ZO-BR,S-ZO-UN,B-ZO-BR,B-ZF-BO,B-ZF-BR,S-ZG-BO,B-ZG-BR
419,2006.03.23 00:00,GBPJPY,60,86400,BUY,ZO,0,204.950,203.570,1380.0,205.270,203.880,1390.0,100.725,22.46,1070.0,325.7,204.950,203.880,206.340,BOUNCE,2006.04.04 17:00,1,2006.04.25 03:00,0,,0,,1,2w 6d,NewYork,NA,,NA,,202.500,UNTOUCHED,,0,,0,,0,,0,NA,Other,NA,,NA,,206.020,BREAK,2006.04.04 15:00,0,,0,,0,,0,NA,NewYork,BREAK,2006.04.12 10:00,BREAK,2006.04.17 14:00,202.810,UNTOUCHED,,0,,0,,0,,0,NA,Other,NA,,NA,,B-ZD-BO,S-ZB-UN,B-ZG-BO,S-ZG-BR,B-ZC-BO,S-ZE-UN,S-ZG-UN,B-ZF-BR,S-ZC-UN,B-ZC-BO,S-ZE-UN,B-ZD-BO,B-ZO-BR,S-ZO-UN,B-ZO-BR,B-ZF-BO,B-ZF-BR,S-ZG-BO,B-ZG-BR,B-ZG-BR
420,2006.03.24 00:00,GBPJPY,60,86400,SELL,ZE,1,205.270,203.880,1390.0,204.690,203.550,1140.0,82.014,41.73,810.0,328.0,204.690,203.880,202.740,UNTOUCHED,,0,,0,,0,,0,NA,Other,NA,,NA,,206.080,BOUNCE,2006.04.04 15:00,1,2006.04.24 19:00,0,,0,,1,2w 6d,NewYork,NA,,NA,,203.070,UNTOUCHED,,0,,0,,0,,0,NA,Other,NA,,NA,,205.500,BOUNCE,2006.03.24 17:00,0,,0,,0,,0,NA,NewYork,NA,,NA,,B-ZO-BO,B-ZD-BO,S-ZB-UN,B-ZG-BO,S-ZG-BR,B-ZC-BO,S-ZE-UN,S-ZG-UN,B-ZF-BR,S-ZC-UN,B-ZD-BO,B-ZO-BR,S-ZO-UN,B-ZO-BR,B-ZF-BO,B-ZF-BR,S-ZG-BO,B-ZG-BR,B-ZG-BR,B-ZH-BR
421,2006.03.25 00:00,GBPJPY,60,86400,BUY,ZD,1,204.690,203.550,1140.0,205.770,204.270,1500.0,131.579,63.16,420.0,269.0,204.690,204.270,206.190,BOUNCE,2006.04.04 16:00,1,2006.04.05 06:00,1,2006.04.27 13:00,0,,2,3w 1d,NewYork,NA,,NA,,203.130,UNTOUCHED,,0,,0,,0,,0,NA,Other,NA,,NA,,205.110,BOUNCE,2006.03.28 19:00,1,2006.04.27 13:00,0,,0,,1,4w 1d,NewYork,NA,,NA,,203.850,BOUNCE,2006.03.27 04:00,1,2006.03.28 19:00,1,2006.03.28 19:00,0,,2,1d 15h,Asia,NA,,NA,,S-ZE-UN,B-ZO-BO,B-ZD-BO,S-ZB-UN,B-ZG-BO,S-ZG-BR,B-ZC-BO,S-ZE-UN,S-ZG-UN,B-ZF-BR,B-ZO-BR,S-ZO-UN,B-ZO-BR,B-ZF-BO,B-ZF-BR,S-ZG-BO,B-ZG-BR,B-ZG-BR,B-ZH-BR,B-ZB-BR
422,2006.03.30 00:00,GBPJPY,60,86400,BUY,ZO,0,205.840,203.160,2680.0,205.860,204.030,1830.0,68.284,32.46,1810.0,632.5,205.840,204.030,207.670,BREAK,2006.04.13 05:00,0,,0,,0,,0,NA,Asia,BREAK,2006.04.19 16:00,BOUNCE,2006.05.25 15:00,201.350,UNTOUCHED,,0,,0,,0,,0,NA,Other,NA,,NA,,207.650,BREAK,2006.04.13 04:00,0,,0,,0,,0,NA,Asia,BREAK,2006.04.19 16:00,BOUNCE,2006.05.25 15:00,202.220,UNTOUCHED,,0,,0,,0,,0,NA,Other,NA,,NA,,B-ZD-BO,S-ZE-UN,B-ZO-BO,B-ZD-BO,S-ZB-UN,B-ZG-BO,S-ZG-BR,B-ZC-BO,S-ZE-UN,S-ZG-UN,S-ZO-UN,B-ZO-BR,B-ZF-BO,B-ZF-BR,S-ZG-BO,B-ZG-BR,B-ZG-BR,B-ZH-BR,B-ZB-BR,S-ZD-BR
423,2006.03.31 00:00,GBPJPY,60,86400,SELL,ZO,0,205.860,204.030,1830.0,205.210,203.920,1290.0,70.492,35.52,1180.0,431.9,205.210,204.030,202.740,UNTOUCHED,,0,,0,,0,,0,NA,Other,NA,,NA,,207.040,BREAK,2006.04.11 15:00,0,,0,,0,,0,NA,NewYork,BREAK,2006.04.17 16:00,BREAK,2006.04.19 16:00,202.850,UNTOUCHED,,0,,0,,0,,0,NA,Other,NA,,NA,,206.390,BREAK,2006.04.04 17:00,0,,0,,0,,0,NA,NewYork,BREAK,2006.04.13 11:00,BREAK,2006.04.18 10:00,B-ZO-BR,B-ZD-BO,S-ZE-UN,B-ZO-BO,B-ZD-BO,S-ZB-UN,B-ZG-BO,S-ZG-BR,B-ZC-BO,S-ZE-UN,B-ZO-BR,B-ZF-BO,B-ZF-BR,S-ZG-BO,B-ZG-BR,B-ZG-BR,B-ZH-BR,B-ZB-BR,S-ZD-BR,S-ZE-UN
424,2006.04.01 00:00,GBPJPY,60,86400,BUY,ZO,0,205.210,203.920,1290.0,205.380,204.120,1260.0,97.674,15.50,1090.0,304.4,205.210,204.120,206.470,BREAK,2006.04.06 12:00,0,,0,,0,,0,NA,London,BREAK,2006.04.13 11:00,BREAK,2006.04.18 03:00,202.830,UNTOUCHED,,0,,0,,0,,0,NA,Other,NA,,NA,,206.300,BREAK,2006.04.04 17:00,0,,0,,0,,0,NA,NewYork,BREAK,2006.04.13 05:00,BREAK,2006.04.18 03:00,203.030,UNTOUCHED,,0,,0,,0,,0,NA,Other,NA,,NA,,S-ZO-UN,B-ZO-BR,B-ZD-BO,S-ZE-UN,B-ZO-BO,B-ZD-BO,S-ZB-UN,B-ZG-BO,S-ZG-BR,B-ZC-BO,B-ZF-BO,B-ZF-BR,S-ZG-BO,B-ZG-BR,B-ZG-BR,B-ZH-BR,B-ZB-BR,S-ZD-BR,S-ZE-UN,B-ZO-BR
425,2006.04.05 00:00,GBPJPY,60,86400,BUY,ZF,1,205.320,204.090,1230.0,206.400,204.440,1960.0,159.350,28.46,880.0,290.3,205.320,204.440,207.280,BOUNCE,2006.04.11 15:00,1,2006.04.24 14:00,0,,0,,1,1w 5d,NewYork,NA,,NA,,203.210,UNTOUCHED,,0,,0,,0,,0,NA,Other,NA,,NA,,206.200,BOUNCE,2006.04.05 00:00,0,,0,,0,,0,NA,Asia,NA,,NA,,203.560,UNTOUCHED,,0,,0,,0,,0,NA,Other,NA,,NA,,B-ZO-BR,S-ZO-UN,B-ZO-BR,B-ZD-BO,S-ZE-UN,B-ZO-BO,B-ZD-BO,S-ZB-UN,B-ZG-BO,S-ZG-BR,B-ZF-BR,S-ZG-BO,B-ZG-BR,B-ZG-BR,B-ZH-BR,B-ZB-BR,S-ZD-BR,S-ZE-UN,B-ZO-BR,S-ZO-UN
426,2006.04.07 00:00,GBPJPY,60,86400,BUY,ZF,0,206.340,205.230,1110.0,206.910,205.580,1330.0,119.820,31.53,760.0,262.0,206.340,205.580,207.670,BREAK,2006.04.13 05:00,0,,0,,0,,0,NA,Asia,BREAK,2006.04.17 21:00,BOUNCE,2006.04.19 01:00,204.470,BREAK,2006.04.24 19:00,0,,0,,0,,0,NA,NewYork,UNTOUCHED,,NA,,207.100,BREAK,2006.04.11 15:00,0,,0,,0,,0,NA,NewYork,BREAK,2006.04.17 13:00,BREAK,2006.04.18 03:00,204.820,BREAK,2006.04.24 17:00,0,,0,,0,,0,NA,NewYork,BOUNCE,2006.04.27 14:00,NA,,B-ZF-BO,B-ZO-BR,S-ZO-UN,B-ZO-BR,B-ZD-BO,S-ZE-UN,B-ZO-BO,B-ZD-BO,S-ZB-UN,B-ZG-BO,S-ZG-BO,B-ZG-BR,B-ZG-BR,B-ZH-BR,B-ZB-BR,S-ZD-BR,S-ZE-UN,B-ZO-BR,S-ZO-UN,B-ZB-BO
427,2006.04.08 00:00,GBPJPY,60,86400,SELL,ZG,0,206.910,205.580,1330.0,206.640,205.120,1520.0,114.286,20.30,1060.0,313.9,206.640,205.580,204.060,BOUNCE,2006.04.27 13:00,1,2006.04.28 10:00,1,2006.04.28 23:00,1,2006.05.02 10:00,3,4d 21h,NewYork,NA,,NA,,207.970,BREAK,2006.04.13 11:00,0,,0,,0,,0,NA,London,BREAK,2006.04.19 15:00,BREAK,2006.04.19 16:00,204.520,BREAK,2006.04.24 19:00,0,,0,,0,,0,NA,NewYork,UNTOUCHED,,NA,,207.700,BREAK,2006.04.13 05:00,0,,0,,0,,0,NA,Asia,BREAK,2006.04.18 10:00,BREAK,2006.04.19 16:00,B-ZF-BR,B-ZF-BO,B-ZO-BR,S-ZO-UN,B-ZO-BR,B-ZD-BO,S-ZE-UN,B-ZO-BO,B-ZD-BO,S-ZB-UN,B-ZG-BR,B-ZG-BR,B-ZH-BR,B-ZB-BR,S-ZD-BR,S-ZE-UN,B-ZO-BR,S-ZO-UN,B-ZB-BO,S-ZD-BR
428,2006.04.12 00:00,GBPJPY,60,86400,BUY,ZG,0,206.920,205.720,1200.0,207.380,206.100,1280.0,106.667,31.67,820.0,283.2,206.920,206.100,208.200,BREAK,2006.04.17 14:00,0,,0,,0,,0,NA,NewYork,BREAK,2006.04.18 17:00,BREAK,2006.04.19 16:00,204.900,BREAK,2006.04.24 16:00,0,,0,,0,,0,NA,NewYork,BOUNCE,2006.04.27 14:00,NA,,207.740,BREAK,2006.04.13 09:00,0,,0,,0,,0,NA,London,BREAK,2006.04.18 03:00,BREAK,2006.04.19 16:00,205.280,BREAK,2006.04.24 15:00,0,,0,,0,,0,NA,NewYork,BREAK,2006.04.25 03:00,UNTOUCHED,,S-ZG-BO,B-ZF-BR,B-ZF-BO,B-ZO-BR,S-ZO-UN,B-ZO-BR,B-ZD-BO,S-ZE-UN,B-ZO-BO,B-ZD-BO,B-ZG-BR,B-ZH-BR,B-ZB-BR,S-ZD-BR,S-ZE-UN,B-ZO-BR,S-ZO-UN,B-ZB-BO,S-ZD-BR,B-ZB-BR
429,2006.04.13 00:00,GBPJPY,60,86400,BUY,ZG,0,207.380,206.100,1280.0,207.610,206.120,1490.0,116.406,1.56,1260.0,302.1,207.380,206.120,208.870,BREAK,2006.04.18 03:00,0,,0,,0,,0,NA,Asia,BREAK,2006.04.19 16:00,PENDING,,204.840,BREAK,2006.04.24 17:00,0,,0,,0,,0,NA,NewYork,UNTOUCHED,,NA,,208.640,BREAK,2006.04.17 16:00,0,,0,,0,,0,NA,NewYork,BREAK,2006.04.19 16:00,BOUNCE,2006.05.23 07:00,204.860,BREAK,2006.04.24 17:00,0,,0,,0,,0,NA,NewYork,UNTOUCHED,,NA,,B-ZG-BR,S-ZG-BO,B-ZF-BR,B-ZF-BO,B-ZO-BR,S-ZO-UN,B-ZO-BR,B-ZD-BO,S-ZE-UN,B-ZO-BO,B-ZH-BR,B-ZB-BR,S-ZD-BR,S-ZE-UN,B-ZO-BR,S-ZO-UN,B-ZB-BO,S-ZD-BR,B-ZB-BR,B-ZB-BO
430,2006.04.18 00:00,GBPJPY,60,86400,BUY,ZH,1,207.890,207.540,350.0,208.720,207.550,1170.0,334.286,2.86,340.0,82.6,207.890,207.550,209.060,BREAK,2006.04.18 10:00,0,,0,,0,,0,NA,London,BREAK,2006.04.19 15:00,BREAK,2006.04.19 16:00,207.200,BREAK,2006.04.24 01:00,0,,0,,0,,0,NA,Asia,BREAK,2006.04.24 02:00,BREAK,2006.04.24 04:00,208.230,BREAK,2006.04.18 00:00,0,,0,,0,,0,NA,Asia,BREAK,2006.04.18 02:00,BOUNCE,2006.04.18 03:00,207.210,BREAK,2006.04.24 01:00,0,,0,,0,,0,NA,Asia,BREAK,2006.04.24 02:00,BREAK,2006.04.24 04:00,B-ZG-BR,B-ZG-BR,S-ZG-BO,B-ZF-BR,B-ZF-BO,B-ZO-BR,S-ZO-UN,B-ZO-BR,B-ZD-BO,S-ZE-UN,B-ZB-BR,S-ZD-BR,S-ZE-UN,B-ZO-BR,S-ZO-UN,B-ZB-BO,S-ZD-BR,B-ZB-BR,B-ZB-BO,B-ZD-BO
431,2006.04.19 00:00,GBPJPY,60,86400,BUY,ZB,1,208.720,207.550,1170.0,209.320,208.310,1010.0,86.325,64.96,410.0,276.1,208.720,208.310,209.730,BREAK,2006.04.19 16:00,0,,0,,0,,0,NA,NewYork,BREAK,2006.04.19 17:00,BREAK,2006.04.19 18:00,207.140,BREAK,2006.04.24 01:00,0,,0,,0,,0,NA,Asia,BOUNCE,2006.04.24 02:00,NA,,209.130,BREAK,2006.04.19 15:00,0,,0,,0,,0,NA,NewYork,BREAK,2006.04.19 16:00,BREAK,2006.04.19 17:00,207.900,BREAK,2006.04.21 22:00,0,,0,,0,,0,NA,Other,BREAK,2006.04.24 01:00,BREAK,2006.04.24 02:00,B-ZH-BR,B-ZG-BR,B-ZG-BR,S-ZG-BO,B-ZF-BR,B-ZF-BO,B-ZO-BR,S-ZO-UN,B-ZO-BR,B-ZD-BO,S-ZD-BR,S-ZE-UN,B-ZO-BR,S-ZO-UN,B-ZB-BO,S-ZD-BR,B-ZB-BR,B-ZB-BO,B-ZD-BO,S-ZC-BO
432,2006.04.22 00:00,GBPJPY,60,86400,SELL,ZD,1,210.570,208.800,1770.0,209.780,207.650,2130.0,120.339,44.63,980.0,417.7,209.780,208.800,206.670,BREAK,2006.04.24 01:00,0,,0,,0,,0,NA,Asia,BREAK,2006.04.24 15:00,BREAK,2006.04.25 03:00,211.550,UNTOUCHED,,0,,0,,0,,0,NA,Other,NA,,NA,,207.820,BREAK,2006.04.22 00:00,0,,0,,0,,0,NA,Asia,BREAK,2006.04.24 04:00,BREAK,2006.04.24 15:00,210.760,BOUNCE,2006.05.05 06:00,1,2006.05.08 04:00,1,2006.05.08 04:00,0,,2,2d 22h,Asia,NA,,NA,,B-ZB-BR,B-ZH-BR,B-ZG-BR,B-ZG-BR,S-ZG-BO,B-ZF-BR,B-ZF-BO,B-ZO-BR,S-ZO-UN,B-ZO-BR,S-ZE-UN,B-ZO-BR,S-ZO-UN,B-ZB-BO,S-ZD-BR,B-ZB-BR,B-ZB-BO,B-ZD-BO,S-ZC-BO,S-ZF-UN
433,2006.04.26 00:00,GBPJPY,60,86400,SELL,ZE,1,207.160,204.410,2750.0,205.580,204.130,1450.0,52.727,57.45,1170.0,649.0,205.580,204.410,202.960,UNTOUCHED,,0,,0,,0,,0,NA,Other,NA,,NA,,208.330,BREAK,2006.05.02 11:00,0,,0,,0,,0,NA,London,BREAK,2006.05.04 15:00,BOUNCE,2006.05.05 16:00,203.240,UNTOUCHED,,0,,0,,0,,0,NA,Other,NA,,NA,,206.750,BREAK,2006.04.28 14:00,0,,0,,0,,0,NA,NewYork,BOUNCE,2006.05.01 05:00,NA,,S-ZD-BR,B-ZB-BR,B-ZH-BR,B-ZG-BR,B-ZG-BR,S-ZG-BO,B-ZF-BR,B-ZF-BO,B-ZO-BR,S-ZO-UN,B-ZO-BR,S-ZO-UN,B-ZB-BO,S-ZD-BR,B-ZB-BR,B-ZB-BO,B-ZD-BO,S-ZC-BO,S-ZF-UN,B-ZF-BR
434,2006.04.27 00:00,GBPJPY,60,86400,BUY,ZO,0,205.580,204.130,1450.0,205.920,204.550,1370.0,94.483,28.97,1030.0,342.2,205.580,204.550,206.950,BREAK,2006.04.28 17:00,0,,0,,0,,0,NA,NewYork,BREAK,2006.05.02 11:00,BREAK,2006.05.03 19:00,203.100,UNTOUCHED,,0,,0,,0,,0,NA,Other,NA,,NA,,206.610,BREAK,2006.04.28 12:00,0,,0,,0,,0,NA,London,BOUNCE,2006.05.01 05:00,NA,,203.520,UNTOUCHED,,0,,0,,0,,0,NA,Other,NA,,NA,,S-ZE-UN,S-ZD-BR,B-ZB-BR,B-ZH-BR,B-ZG-BR,B-ZG-BR,S-ZG-BO,B-ZF-BR,B-ZF-BO,B-ZO-BR,S-ZO-UN,B-ZB-BO,S-ZD-BR,B-ZB-BR,B-ZB-BO,B-ZD-BO,S-ZC-BO,S-ZF-UN,B-ZF-BR,B-ZE-BR
435,2006.04.28 00:00,GBPJPY,60,86400,SELL,ZO,0,205.920,204.550,1370.0,205.910,203.830,2080.0,151.825,0.73,1360.0,323.3,205.910,204.550,202.470,UNTOUCHED,,0,,0,,0,,0,NA,Other,NA,,NA,,207.280,BREAK,2006.04.28 17:00,0,,0,,0,,0,NA,NewYork,BREAK,2006.05.03 17:00,BREAK,2006.05.04 21:00,203.190,UNTOUCHED,,0,,0,,0,,0,NA,Other,NA,,NA,,207.270,BREAK,2006.04.28 17:00,0,,0,,0,,0,NA,NewYork,BREAK,2006.05.03 17:00,BREAK,2006.05.04 21:00,B-ZO-BR,S-ZE-UN,S-ZD-BR,B-ZB-BR,B-ZH-BR,B-ZG-BR,B-ZG-BR,S-ZG-BO,B-ZF-BR,B-ZF-BO,B-ZB-BO,S-ZD-BR,B-ZB-BR,B-ZB-BO,B-ZD-BO,S-ZC-BO,S-ZF-UN,B-ZF-BR,B-ZE-BR,S-ZD-BR
436,2006.04.29 00:00,GBPJPY,60,86400,BUY,ZB,1,205.910,203.830,2080.0,207.870,205.330,2540.0,122.115,72.12,580.0,490.9,205.910,205.330,208.450,BOUNCE,2006.05.02 11:00,1,2006.05.08 10:00,0,,0,,1,5d 23h,London,NA,,NA,,203.250,UNTOUCHED,,0,,0,,0,,0,NA,Other,NA,,NA,,206.490,BREAK,2006.04.29 00:00,0,,0,,0,,0,NA,Asia,BREAK,2006.05.01 03:00,BREAK,2006.05.02 10:00,204.750,UNTOUCHED,,0,,0,,0,,0,NA,Other,NA,,NA,,S-ZO-UN,B-ZO-BR,S-ZE-UN,S-ZD-BR,B-ZB-BR,B-ZH-BR,B-ZG-BR,B-ZG-BR,S-ZG-BO,B-ZF-BR,S-ZD-BR,B-ZB-BR,B-ZB-BO,B-ZD-BO,S-ZC-BO,S-ZF-UN,B-ZF-BR,B-ZE-BR,S-ZD-BR,B-ZD-BO
437,2006.05.02 00:00,GBPJPY,60,86400,SELL,ZD,1,207.940,207.610,330.0,207.740,206.190,1550.0,469.697,60.61,130.0,77.9,207.740,207.610,206.060,BREAK,2006.05.10 12:00,0,,0,,0,,0,NA,London,BREAK,2006.05.10 13:00,BREAK,2006.05.10 14:00,208.070,BREAK,2006.05.02 10:00,0,,0,,0,,0,NA,London,BREAK,2006.05.02 11:00,BREAK,2006.05.02 12:00,207.480,BREAK,2006.05.02 00:00,0,,0,,0,,0,NA,Asia,BREAK,2006.05.02 01:00,BOUNCE,2006.05.02 03:00,207.870,BREAK,2006.05.02 10:00,0,,0,,0,,0,NA,London,BREAK,2006.05.02 11:00,BREAK,2006.05.02 12:00,B-ZB-BO,S-ZO-UN,B-ZO-BR,S-ZE-UN,S-ZD-BR,B-ZB-BR,B-ZH-BR,B-ZG-BR,B-ZG-BR,S-ZG-BO,B-ZB-BR,B-ZB-BO,B-ZD-BO,S-ZC-BO,S-ZF-UN,B-ZF-BR,B-ZE-BR,S-ZD-BR,B-ZD-BO,B-ZE-BO
438,2006.05.03 00:00,GBPJPY,60,86400,BUY,ZB,1,207.740,206.190,1550.0,208.860,206.850,2010.0,129.677,42.58,890.0,365.8,207.740,206.850,209.750,BREAK,2006.05.04 07:00,0,,0,,0,,0,NA,London,BREAK,2006.05.05 14:00,BREAK,2006.06.13 17:00,205.300,UNTOUCHED,,0,,0,,0,,0,NA,Other,NA,,NA,,208.630,BREAK,2006.05.03 00:00,0,,0,,0,,0,NA,Asia,BREAK,2006.05.04 09:00,BREAK,2006.05.05 12:00,205.960,BREAK,2006.05.10 12:00,0,,0,,0,,0,NA,London,UNTOUCHED,,NA,,S-ZD-BR,B-ZB-BO,S-ZO-UN,B-ZO-BR,S-ZE-UN,S-ZD-BR,B-ZB-BR,B-ZH-BR,B-ZG-BR,B-ZG-BR,B-ZB-BO,B-ZD-BO,S-ZC-BO,S-ZF-UN,B-ZF-BR,B-ZE-BR,S-ZD-BR,B-ZD-BO,B-ZE-BO,S-ZG-UN
439,2006.05.04 00:00,GBPJPY,60,86400,BUY,ZB,1,208.860,206.850,2010.0,209.680,207.890,1790.0,89.055,51.74,970.0,474.4,208.860,207.890,210.650,BOUNCE,2006.05.04 21:00,1,2006.05.05 17:00,1,2006.05.08 11:00,1,2006.05.10 12:00,3,5d 15h,Other,NA,,NA,,205.880,BOUNCE,2006.05.10 12:00,1,2006.05.11 16:00,1,2006.05.18 22:00,1,2006.05.22 09:00,3,1w 4d,London,NA,,NA,,209.830,BREAK,2006.05.04 09:00,0,,0,,0,,0,NA,London,BOUNCE,2006.05.05 16:00,NA,,206.920,BREAK,2006.05.08 11:00,0,,0,,0,,0,NA,London,BREAK,2006.05.10 13:00,UNTOUCHED,,B-ZB-BR,S-ZD-BR,B-ZB-BO,S-ZO-UN,B-ZO-BR,S-ZE-UN,S-ZD-BR,B-ZB-BR,B-ZH-BR,B-ZG-BR,B-ZD-BO,S-ZC-BO,S-ZF-UN,B-ZF-BR,B-ZE-BR,S-ZD-BR,B-ZD-BO,B-ZE-BO,S-ZG-UN,B-ZB-BO
440,2006.05.05 00:00,GBPJPY,60,86400,BUY,ZD,1,209.680,207.890,1790.0,210.700,209.080,1620.0,90.503,66.48,600.0,422.4,209.680,209.080,211.300,BOUNCE,2006.05.24 03:00,1,2006.05.25 14:00,0,,0,,1,1d 11h,Asia,NA,,NA,,207.290,BREAK,2006.05.08 10:00,0,,0,,0,,0,NA,London,BREAK,2006.05.10 12:00,BREAK,2006.05.10 13:00,210.280,BREAK,2006.05.05 00:00,0,,0,,0,,0,NA,Asia,BOUNCE,2006.05.05 16:00,NA,,208.480,BREAK,2006.05.08 01:00,0,,0,,0,,0,NA,Asia,BREAK,2006.05.08 10:00,BREAK,2006.05.09 03:00,B-ZB-BO,B-ZB-BR,S-ZD-BR,B-ZB-BO,S-ZO-UN,B-ZO-BR,S-ZE-UN,S-ZD-BR,B-ZB-BR,B-ZH-BR,S-ZC-BO,S-ZF-UN,B-ZF-BR,B-ZE-BR,S-ZD-BR,B-ZD-BO,B-ZE-BO,S-ZG-UN,B-ZB-BO,S-ZF-UN
441,2006.05.10 00:00,GBPJPY,60,86400,SELL,ZC,1,208.960,206.880,2080.0,207.710,206.640,1070.0,51.442,60.10,830.0,490.9,207.710,206.880,205.810,BOUNCE,2006.05.10 12:00,1,2006.05.11 12:00,1,2006.05.12 17:00,1,2006.05.18 22:00,3,1w 1d,London,NA,,NA,,209.790,BREAK,2006.05.18 22:00,0,,0,,0,,0,NA,Other,BREAK,2006.05.22 11:00,BOUNCE,2006.05.31 09:00,206.050,BREAK,2006.05.10 12:00,0,,0,,0,,0,NA,London,UNTOUCHED,,NA,,208.540,BOUNCE,2006.05.12 17:00,0,,0,,0,,0,NA,NewYork,NA,,NA,,B-ZD-BO,B-ZB-BO,B-ZB-BR,S-ZD-BR,B-ZB-BO,S-ZO-UN,B-ZO-BR,S-ZE-UN,S-ZD-BR,B-ZB-BR,S-ZF-UN,B-ZF-BR,B-ZE-BR,S-ZD-BR,B-ZD-BO,B-ZE-BO,S-ZG-UN,B-ZB-BO,S-ZF-UN,S-ZE-UN
442,2006.05.11 00:00,GBPJPY,60,86400,SELL,ZF,1,207.710,206.640,1070.0,207.580,205.410,2170.0,202.804,12.15,940.0,252.5,207.580,206.640,204.470,UNTOUCHED,,0,,0,,0,,0,NA,Other,NA,,NA,,208.650,BREAK,2006.05.12 17:00,0,,0,,0,,0,NA,NewYork,BREAK,2006.05.18 22:00,BREAK,2006.05.22 10:00,205.700,UNTOUCHED,,0,,0,,0,,0,NA,Other,NA,,NA,,208.520,BOUNCE,2006.05.12 00:00,0,,0,,0,,0,NA,Asia,NA,,NA,,S-ZC-BO,B-ZD-BO,B-ZB-BO,B-ZB-BR,S-ZD-BR,B-ZB-BO,S-ZO-UN,B-ZO-BR,S-ZE-UN,S-ZD-BR,B-ZF-BR,B-ZE-BR,S-ZD-BR,B-ZD-BO,B-ZE-BO,S-ZG-UN,B-ZB-BO,S-ZF-UN,S-ZE-UN,B-ZF-BO
443,2006.05.12 00:00,GBPJPY,60,86400,BUY,ZF,0,207.580,205.410,2170.0,208.500,205.850,2650.0,122.120,20.28,1730.0,512.1,207.580,205.850,210.230,BREAK,2006.05.19 11:00,0,,0,,0,,0,NA,London,BREAK,2006.06.14 18:00,BOUNCE,2006.06.19 19:00,203.680,UNTOUCHED,,0,,0,,0,,0,NA,Other,NA,,NA,,209.310,BREAK,2006.05.18 13:00,0,,0,,0,,0,NA,NewYork,BOUNCE,2006.05.23 09:00,NA,,204.120,UNTOUCHED,,0,,0,,0,,0,NA,Other,NA,,NA,,S-ZF-UN,S-ZC-BO,B-ZD-BO,B-ZB-BO,B-ZB-BR,S-ZD-BR,B-ZB-BO,S-ZO-UN,B-ZO-BR,S-ZE-UN,B-ZE-BR,S-ZD-BR,B-ZD-BO,B-ZE-BO,S-ZG-UN,B-ZB-BO,S-ZF-UN,S-ZE-UN,B-ZF-BO,B-ZO-BO
444,2006.05.13 00:00,GBPJPY,60,86400,BUY,ZE,1,208.500,205.850,2650.0,209.030,207.170,1860.0,70.189,49.81,1330.0,625.4,208.500,207.170,210.360,BREAK,2006.05.22 09:00,0,,0,,0,,0,NA,London,BREAK,2006.06.14 18:00,BREAK,2006.06.19 01:00,204.520,UNTOUCHED,,0,,0,,0,,0,NA,Other,NA,,NA,,209.830,BREAK,2006.05.18 22:00,0,,0,,0,,0,NA,Other,BOUNCE,2006.05.23 07:00,NA,,205.840,UNTOUCHED,,0,,0,,0,,0,NA,Other,NA,,NA,,B-ZF-BR,S-ZF-UN,S-ZC-BO,B-ZD-BO,B-ZB-BO,B-ZB-BR,S-ZD-BR,B-ZB-BO,S-ZO-UN,B-ZO-BR,S-ZD-BR,B-ZD-BO,B-ZE-BO,S-ZG-UN,B-ZB-BO,S-ZF-UN,S-ZE-UN,B-ZF-BO,B-ZO-BO,S-ZO-UN
445,2006.05.16 00:00,GBPJPY,60,86400,SELL,ZD,1,208.680,208.300,380.0,208.450,206.910,1540.0,405.263,60.53,150.0,89.7,208.450,208.300,206.760,BREAK,2006.05.17 03:00,0,,0,,0,,0,NA,Asia,BREAK,2006.05.17 04:00,UNTOUCHED,,208.830,BREAK,2006.05.17 21:00,0,,0,,0,,0,NA,Other,BOUNCE,2006.05.17 22:00,NA,,208.150,BREAK,2006.05.16 00:00,0,,0,,0,,0,NA,Asia,BREAK,2006.05.16 01:00,BREAK,2006.05.16 02:00,208.600,BREAK,2006.05.17 21:00,0,,0,,0,,0,NA,Other,BREAK,2006.05.17 22:00,BREAK,2006.05.17 23:00,B-ZE-BR,B-ZF-BR,S-ZF-UN,S-ZC-BO,B-ZD-BO,B-ZB-BO,B-ZB-BR,S-ZD-BR,B-ZB-BO,S-ZO-UN,B-ZD-BO,B-ZE-BO,S-ZG-UN,B-ZB-BO,S-ZF-UN,S-ZE-UN,B-ZF-BO,B-ZO-BO,S-ZO-UN,B-ZG-BR
446,2006.05.19 00:00,GBPJPY,60,86400,BUY,ZD,1,209.280,206.440,2840.0,210.010,208.200,1810.0,63.732,61.97,1080.0,670.2,209.280,208.200,211.090,BOUNCE,2006.05.22 11:00,1,2006.05.26 16:00,0,,0,,1,4d 5h,London,NA,,NA,,205.360,UNTOUCHED,,0,,0,,0,,0,NA,Other,NA,,NA,,210.360,BREAK,2006.05.22 09:00,0,,0,,0,,0,NA,London,BOUNCE,2006.05.31 09:00,NA,,207.120,UNTOUCHED,,0,,0,,0,,0,NA,Other,NA,,NA,,S-ZD-BR,B-ZE-BR,B-ZF-BR,S-ZF-UN,S-ZC-BO,B-ZD-BO,B-ZB-BO,B-ZB-BR,S-ZD-BR,B-ZB-BO,B-ZE-BO,S-ZG-UN,B-ZB-BO,S-ZF-UN,S-ZE-UN,B-ZF-BO,B-ZO-BO,S-ZO-UN,B-ZG-BR,S-ZB-UN
447,2006.05.20 00:00,GBPJPY,60,86400,BUY,ZE,1,210.010,208.200,1810.0,210.250,209.090,1160.0,64.088,49.17,920.0,427.2,210.010,209.090,211.170,BOUNCE,2006.05.22 11:00,1,2006.05.23 09:00,0,,0,,1,22h,London,NA,,NA,,207.280,UNTOUCHED,,0,,0,,0,,0,NA,Other,NA,,NA,,210.930,BOUNCE,2006.05.22 10:00,0,,0,,0,,0,NA,London,NA,,NA,,208.170,UNTOUCHED,,0,,0,,0,,0,NA,Other,NA,,NA,,B-ZD-BO,S-ZD-BR,B-ZE-BR,B-ZF-BR,S-ZF-UN,S-ZC-BO,B-ZD-BO,B-ZB-BO,B-ZB-BR,S-ZD-BR,S-ZG-UN,B-ZB-BO,S-ZF-UN,S-ZE-UN,B-ZF-BO,B-ZO-BO,S-ZO-UN,B-ZG-BR,S-ZB-UN,B-ZD-BR
448,2006.05.24 00:00,GBPJPY,60,86400,SELL,ZG,0,211.180,209.360,1820.0,210.800,209.130,1670.0,91.758,20.88,1440.0,429.5,210.800,209.360,207.690,UNTOUCHED,,0,,0,,0,,0,NA,Other,NA,,NA,,212.620,BREAK,2006.06.15 14:00,0,,0,,0,,0,NA,NewYork,BREAK,2006.07.18 18:00,BREAK,2006.07.20 13:00,207.920,UNTOUCHED,,0,,0,,0,,0,NA,Other,NA,,NA,,212.240,BREAK,2006.06.14 18:00,0,,0,,0,,0,NA,NewYork,BOUNCE,2006.06.19 18:00,NA,,B-ZE-BO,B-ZD-BO,S-ZD-BR,B-ZE-BR,B-ZF-BR,S-ZF-UN,S-ZC-BO,B-ZD-BO,B-ZB-BO,B-ZB-BR,B-ZB-BO,S-ZF-UN,S-ZE-UN,B-ZF-BO,B-ZO-BO,S-ZO-UN,B-ZG-BR,S-ZB-UN,B-ZD-BR,B-ZB-BO
449,2006.05.25 00:00,GBPJPY,60,86400,BUY,ZB,1,210.800,209.130,1670.0,211.340,210.100,1240.0,74.251,58.08,700.0,394.1,210.800,210.100,212.040,BOUNCE,2006.06.13 17:00,1,2006.06.29 16:00,0,,0,,1,2w 1d,NewYork,NA,,NA,,208.430,UNTOUCHED,,0,,0,,0,,0,NA,Other,NA,,NA,,211.500,BOUNCE,2006.05.31 00:00,0,,0,,0,,0,NA,Asia,NA,,NA,,209.400,BREAK,2006.05.25 15:00,0,,0,,0,,0,NA,NewYork,BOUNCE,2006.05.26 21:00,NA,,S-ZG-UN,B-ZE-BO,B-ZD-BO,S-ZD-BR,B-ZE-BR,B-ZF-BR,S-ZF-UN,S-ZC-BO,B-ZD-BO,B-ZB-BO,S-ZF-UN,S-ZE-UN,B-ZF-BO,B-ZO-BO,S-ZO-UN,B-ZG-BR,S-ZB-UN,B-ZD-BR,B-ZB-BO,B-ZG-BO
450,2006.05.26 00:00,GBPJPY,60,86400,SELL,ZF,1,211.340,210.100,1240.0,211.130,209.050,2080.0,167.742,16.94,1030.0,292.6,211.130,210.100,208.020,UNTOUCHED,,0,,0,,0,,0,NA,Other,NA,,NA,,212.370,BREAK,2006.06.14 18:00,0,,0,,0,,0,NA,NewYork,BREAK,2006.06.19 01:00,BREAK,2006.07.18 18:00,209.070,BREAK,2006.05.26 02:00,0,,0,,0,,0,NA,Asia,UNTOUCHED,,NA,,212.160,BREAK,2006.06.14 17:00,0,,0,,0,,0,NA,NewYork,BREAK,2006.06.19 01:00,BREAK,2006.07.18 18:00,B-ZB-BO,S-ZG-UN,B-ZE-BO,B-ZD-BO,S-ZD-BR,B-ZE-BR,B-ZF-BR,S-ZF-UN,S-ZC-BO,B-ZD-BO,S-ZE-UN,B-ZF-BO,B-ZO-BO,S-ZO-UN,B-ZG-BR,S-ZB-UN,B-ZD-BR,B-ZB-BO,B-ZG-BO,B-ZC-BO
451,2006.05.27 00:00,GBPJPY,60,86400,SELL,ZE,1,211.130,209.050,2080.0,209.860,208.560,1300.0,62.500,61.06,810.0,490.9,209.860,209.050,207.750,UNTOUCHED,,0,,0,,0,,0,NA,Other,NA,,NA,,211.940,BOUNCE,2006.06.13 17:00,1,2006.06.29 18:00,0,,0,,1,2w 2d,NewYork,NA,,NA,,208.240,UNTOUCHED,,0,,0,,0,,0,NA,Other,NA,,NA,,210.670,BREAK,2006.05.30 15:00,0,,0,,0,,0,NA,NewYork,BOUNCE,2006.05.31 09:00,NA,,S-ZF-UN,B-ZB-BO,S-ZG-UN,B-ZE-BO,B-ZD-BO,S-ZD-BR,B-ZE-BR,B-ZF-BR,S-ZF-UN,S-ZC-BO,B-ZF-BO,B-ZO-BO,S-ZO-UN,B-ZG-BR,S-ZB-UN,B-ZD-BR,B-ZB-BO,B-ZG-BO,B-ZC-BO,B-ZF-BR
452,2006.05.31 00:00,GBPJPY,60,86400,BUY,ZF,1,209.390,208.720,670.0,211.500,208.890,2610.0,389.552,25.37,500.0,158.1,209.390,208.890,212.000,BOUNCE,2006.06.13 17:00,1,2006.06.23 16:00,0,,0,,1,1w 2d,NewYork,NA,,NA,,208.220,UNTOUCHED,,0,,0,,0,,0,NA,Other,NA,,NA,,209.890,BREAK,2006.05.31 00:00,0,,0,,0,,0,NA,Asia,BREAK,2006.05.31 01:00,BREAK,2006.05.31 02:00,208.390,UNTOUCHED,,0,,0,,0,,0,NA,Other,NA,,NA,,S-ZE-UN,S-ZF-UN,B-ZB-BO,S-ZG-UN,B-ZE-BO,B-ZD-BO,S-ZD-BR,B-ZE-BR,B-ZF-BR,S-ZF-UN,B-ZO-BO,S-ZO-UN,B-ZG-BR,S-ZB-UN,B-ZD-BR,B-ZB-BO,B-ZG-BO,B-ZC-BO,B-ZF-BR,S-ZB-BR
453,2006.06.01 00:00,GBPJPY,60,86400,BUY,ZO,0,211.500,208.890,2610.0,211.510,209.650,1860.0,71.264,29.12,1850.0,616.0,211.500,209.650,213.360,BOUNCE,2006.06.17 00:00,1,2006.07.10 12:00,0,,0,,1,3w 2d,Asia,NA,,NA,,207.040,UNTOUCHED,,0,,0,,0,,0,NA,Other,NA,,NA,,213.350,BOUNCE,2006.06.17 00:00,0,,0,,0,,0,NA,Asia,NA,,NA,,207.800,UNTOUCHED,,0,,0,,0,,0,NA,Other,NA,,NA,,B-ZF-BO,S-ZE-UN,S-ZF-UN,B-ZB-BO,S-ZG-UN,B-ZE-BO,B-ZD-BO,S-ZD-BR,B-ZE-BR,B-ZF-BR,S-ZO-UN,B-ZG-BR,S-ZB-UN,B-ZD-BR,B-ZB-BO,B-ZG-BO,B-ZC-BO,B-ZF-BR,S-ZB-BR,S-ZO-BR
454,2006.06.03 00:00,GBPJPY,60,86400,SELL,ZO,0,210.940,209.860,1080.0,210.880,209.790,1090.0,100.926,5.56,1020.0,254.9,210.880,209.860,208.770,UNTOUCHED,,0,,0,,0,,0,NA,Other,NA,,NA,,211.960,BREAK,2006.06.13 17:00,0,,0,,0,,0,NA,NewYork,BREAK,2006.06.16 22:00,BREAK,2006.07.18 15:00,208.840,UNTOUCHED,,0,,0,,0,,0,NA,Other,NA,,NA,,211.900,BREAK,2006.06.13 17:00,0,,0,,0,,0,NA,NewYork,BREAK,2006.06.16 13:00,BREAK,2006.07.18 15:00,B-ZO-BO,B-ZF-BO,S-ZE-UN,S-ZF-UN,B-ZB-BO,S-ZG-UN,B-ZE-BO,B-ZD-BO,S-ZD-BR,B-ZE-BR,B-ZG-BR,S-ZB-UN,B-ZD-BR,B-ZB-BO,B-ZG-BO,B-ZC-BO,B-ZF-BR,S-ZB-BR,S-ZO-BR,B-ZH-BR
455,2006.06.07 00:00,GBPJPY,60,86400,BUY,ZG,0,210.940,209.530,1410.0,211.280,209.890,1390.0,98.582,25.53,1050.0,332.8,210.940,209.890,212.330,BREAK,2006.06.14 18:00,0,,0,,0,,0,NA,NewYork,BREAK,2006.06.19 01:00,BREAK,2006.07.19 10:00,208.480,UNTOUCHED,,0,,0,,0,,0,NA,Other,NA,,NA,,211.990,BREAK,2006.06.13 17:00,0,,0,,0,,0,NA,NewYork,BREAK,2006.06.17 00:00,BREAK,2006.07.18 18:00,208.840,UNTOUCHED,,0,,0,,0,,0,NA,Other,NA,,NA,,S-ZO-UN,B-ZO-BO,B-ZF-BO,S-ZE-UN,S-ZF-UN,B-ZB-BO,S-ZG-UN,B-ZE-BO,B-ZD-BO,S-ZD-BR,S-ZB-UN,B-ZD-BR,B-ZB-BO,B-ZG-BO,B-ZC-BO,B-ZF-BR,S-ZB-BR,S-ZO-BR,B-ZH-BR,S-ZG-BO
456,2006.06.10 00:00,GBPJPY,60,86400,SELL,ZB,1,211.170,210.190,980.0,210.670,209.600,1070.0,109.184,51.02,480.0,231.3,210.670,210.190,209.120,UNTOUCHED,,0,,0,,0,,0,NA,Other,NA,,NA,,211.650,BREAK,2006.06.13 17:00,0,,0,,0,,0,NA,NewYork,BREAK,2006.06.14 18:00,BREAK,2006.06.15 16:00,209.710,BOUNCE,2006.06.10 00:00,1,2006.06.13 09:00,1,2006.06.13 17:00,0,,2,3d 17h,Asia,NA,,NA,,211.150,BOUNCE,2006.06.13 09:00,1,2006.07.10 12:00,1,2006.07.10 12:00,0,,2,3w 6d,London,NA,,NA,,B-ZG-BR,S-ZO-UN,B-ZO-BO,B-ZF-BO,S-ZE-UN,S-ZF-UN,B-ZB-BO,S-ZG-UN,B-ZE-BO,B-ZD-BO,B-ZD-BR,B-ZB-BO,B-ZG-BO,B-ZC-BO,B-ZF-BR,S-ZB-BR,S-ZO-BR,B-ZH-BR,S-ZG-BO,S-ZG-BR
457,2006.06.13 00:00,GBPJPY,60,86400,BUY,ZD,1,209.880,209.710,170.0,210.960,209.840,1120.0,658.824,76.47,40.0,40.1,209.880,209.840,211.000,BREAK,2006.06.13 08:00,0,,0,,0,,0,NA,London,BREAK,2006.06.13 09:00,BREAK,2006.06.13 10:00,209.670,BREAK,2006.07.10 12:00,0,,0,,0,,0,NA,London,BOUNCE,2006.07.10 13:00,NA,,209.920,BREAK,2006.06.13 00:00,0,,0,,0,,0,NA,Asia,BREAK,2006.06.13 01:00,BREAK,2006.06.13 02:00,209.800,BREAK,2006.07.10 12:00,0,,0,,0,,0,NA,London,BREAK,2006.07.10 13:00,BREAK,2006.07.10 14:00,S-ZB-UN,B-ZG-BR,S-ZO-UN,B-ZO-BO,B-ZF-BO,S-ZE-UN,S-ZF-UN,B-ZB-BO,S-ZG-UN,B-ZE-BO,B-ZB-BO,B-ZG-BO,B-ZC-BO,B-ZF-BR,S-ZB-BR,S-ZO-BR,B-ZH-BR,S-ZG-BO,S-ZG-BR,S-ZF-UN
458,2006.06.14 00:00,GBPJPY,60,86400,BUY,ZB,1,210.960,209.840,1120.0,212.140,210.500,1640.0,146.429,58.93,460.0,264.3,210.960,210.500,212.600,BOUNCE,2006.06.15 14:00,1,2006.06.20 09:00,1,2006.06.29 22:00,0,,2,2w 0d,NewYork,NA,,NA,,209.380,UNTOUCHED,,0,,0,,0,,0,NA,Other,NA,,NA,,211.420,BREAK,2006.06.14 00:00,0,,0,,0,,0,NA,Asia,BOUNCE,2006.06.14 16:00,NA,,210.040,BOUNCE,2006.06.29 22:00,1,2006.06.30 18:00,1,2006.06.30 18:00,0,,2,20h,Other,NA,,NA,,B-ZD-BR,S-ZB-UN,B-ZG-BR,S-ZO-UN,B-ZO-BO,B-ZF-BO,S-ZE-UN,S-ZF-UN,B-ZB-BO,S-ZG-UN,B-ZG-BO,B-ZC-BO,B-ZF-BR,S-ZB-BR,S-ZO-BR,B-ZH-BR,S-ZG-BO,S-ZG-BR,S-ZF-UN,S-ZO-UN
459,2006.06.15 00:00,GBPJPY,60,86400,BUY,ZG,0,212.140,210.500,1640.0,212.480,211.080,1400.0,85.366,35.37,1060.0,387.0,212.140,211.080,213.540,BOUNCE,2006.06.19 01:00,1,2006.06.20 15:00,1,2006.06.29 22:00,0,,2,1w 3d,Asia,NA,,NA,,209.440,UNTOUCHED,,0,,0,,0,,0,NA,Other,NA,,NA,,213.200,BREAK,2006.06.16 13:00,0,,0,,0,,0,NA,NewYork,BREAK,2006.07.18 18:00,BREAK,2006.07.20 11:00,210.020,BOUNCE,2006.06.29 22:00,1,2006.07.14 04:00,1,2006.07.14 04:00,0,,2,2w 0d,Other,NA,,NA,,B-ZB-BO,B-ZD-BR,S-ZB-UN,B-ZG-BR,S-ZO-UN,B-ZO-BO,B-ZF-BO,S-ZE-UN,S-ZF-UN,B-ZB-BO,B-ZC-BO,B-ZF-BR,S-ZB-BR,S-ZO-BR,B-ZH-BR,S-ZG-BO,S-ZG-BR,S-ZF-UN,S-ZO-UN,B-ZG-BR
460,2006.06.16 00:00,GBPJPY,60,86400,BUY,ZC,1,212.480,211.080,1400.0,212.850,211.670,1180.0,84.286,42.14,810.0,330.4,212.480,211.670,213.660,BOUNCE,2006.06.19 01:00,1,2006.06.19 18:00,1,2006.06.29 16:00,1,2006.06.29 18:00,3,1w 3d,Asia,NA,,NA,,210.270,BREAK,2006.06.29 18:00,0,,0,,0,,0,NA,NewYork,UNTOUCHED,,NA,,213.290,BREAK,2006.06.17 00:00,0,,0,,0,,0,NA,Asia,BREAK,2006.07.18 18:00,BREAK,2006.07.19 17:00,210.860,BREAK,2006.06.29 16:00,0,,0,,0,,0,NA,NewYork,BOUNCE,2006.06.30 07:00,NA,,B-ZG-BO,B-ZB-BO,B-ZD-BR,S-ZB-UN,B-ZG-BR,S-ZO-UN,B-ZO-BO,B-ZF-BO,S-ZE-UN,S-ZF-UN,B-ZF-BR,S-ZB-BR,S-ZO-BR,B-ZH-BR,S-ZG-BO,S-ZG-BR,S-ZF-UN,S-ZO-UN,B-ZG-BR,B-ZD-BR
461,2006.06.17 00:00,GBPJPY,60,86400,BUY,ZF,0,212.850,211.670,1180.0,213.280,212.110,1170.0,99.153,37.29,740.0,278.5,212.850,212.110,214.020,BREAK,2006.07.18 14:00,0,,0,,0,,0,NA,NewYork,BREAK,2006.07.19 12:00,BREAK,2006.07.20 12:00,210.930,BOUNCE,2006.06.23 16:00,1,2006.07.05 01:00,1,2006.07.14 06:00,1,2006.07.18 14:00,3,3w 3d,NewYork,NA,,NA,,213.590,BOUNCE,2006.06.19 01:00,1,2006.06.20 15:00,1,2006.06.23 16:00,0,,2,4d 15h,Asia,NA,,NA,,211.370,BOUNCE,2006.06.20 15:00,1,2006.07.14 06:00,1,2006.07.14 06:00,0,,2,3w 2d,NewYork,NA,,NA,,B-ZC-BO,B-ZG-BO,B-ZB-BO,B-ZD-BR,S-ZB-UN,B-ZG-BR,S-ZO-UN,B-ZO-BO,B-ZF-BO,S-ZE-UN,S-ZB-BR,S-ZO-BR,B-ZH-BR,S-ZG-BO,S-ZG-BR,S-ZF-UN,S-ZO-UN,B-ZG-BR,B-ZD-BR,S-ZF-BR
462,2006.06.21 00:00,GBPJPY,60,86400,SELL,ZB,1,213.760,211.940,1820.0,212.810,211.280,1530.0,84.066,52.20,870.0,429.5,212.810,211.940,210.410,BREAK,2006.06.29 18:00,0,,0,,0,,0,NA,NewYork,BOUNCE,2006.07.10 23:00,NA,,214.630,BREAK,2006.07.18 18:00,0,,0,,0,,0,NA,NewYork,BREAK,2006.07.20 13:00,BOUNCE,2006.07.21 10:00,211.070,BOUNCE,2006.06.23 16:00,1,2006.07.14 06:00,1,2006.07.18 18:00,0,,2,3w 4d,NewYork,NA,,NA,,213.680,BOUNCE,2006.07.14 06:00,0,,0,,0,,0,NA,Asia,NA,,NA,,B-ZF-BR,B-ZC-BO,B-ZG-BO,B-ZB-BO,B-ZD-BR,S-ZB-UN,B-ZG-BR,S-ZO-UN,B-ZO-BO,B-ZF-BO,S-ZO-BR,B-ZH-BR,S-ZG-BO,S-ZG-BR,S-ZF-UN,S-ZO-UN,B-ZG-BR,B-ZD-BR,S-ZF-BR,S-ZB-BR
463,2006.06.22 00:00,GBPJPY,60,86400,SELL,ZO,0,212.810,211.280,1530.0,212.230,211.240,990.0,64.706,37.91,950.0,361.1,212.230,211.280,210.290,BREAK,2006.06.29 18:00,0,,0,,0,,0,NA,NewYork,UNTOUCHED,,NA,,213.760,BOUNCE,2006.07.14 06:00,0,,0,,0,,0,NA,Asia,NA,,NA,,210.330,BREAK,2006.06.29 18:00,0,,0,,0,,0,NA,NewYork,UNTOUCHED,,NA,,213.180,BREAK,2006.07.14 04:00,0,,0,,0,,0,NA,Asia,BREAK,2006.07.18 18:00,BREAK,2006.07.19 22:00,S-ZB-BR,B-ZF-BR,B-ZC-BO,B-ZG-BO,B-ZB-BO,B-ZD-BR,S-ZB-UN,B-ZG-BR,S-ZO-UN,B-ZO-BO,B-ZH-BR,S-ZG-BO,S-ZG-BR,S-ZF-UN,S-ZO-UN,B-ZG-BR,B-ZD-BR,S-ZF-BR,S-ZB-BR,B-ZG-BR
464,2006.06.23 00:00,GBPJPY,60,86400,BUY,ZH,0,212.230,211.240,990.0,212.700,211.410,1290.0,130.303,17.17,820.0,233.6,212.230,211.410,213.520,BREAK,2006.07.14 06:00,0,,0,,0,,0,NA,Asia,BREAK,2006.07.18 18:00,BREAK,2006.07.19 18:00,210.420,BREAK,2006.06.29 17:00,0,,0,,0,,0,NA,NewYork,BOUNCE,2006.07.11 00:00,NA,,213.050,BREAK,2006.07.14 04:00,0,,0,,0,,0,NA,Asia,BOUNCE,2006.07.17 11:00,NA,,210.590,BREAK,2006.06.29 16:00,0,,0,,0,,0,NA,NewYork,BOUNCE,2006.07.11 01:00,NA,,S-ZO-BR,S-ZB-BR,B-ZF-BR,B-ZC-BO,B-ZG-BO,B-ZB-BO,B-ZD-BR,S-ZB-UN,B-ZG-BR,S-ZO-UN,S-ZG-BO,S-ZG-BR,S-ZF-UN,S-ZO-UN,B-ZG-BR,B-ZD-BR,S-ZF-BR,S-ZB-BR,B-ZG-BR,B-ZB-BR
465,2006.06.24 00:00,GBPJPY,60,86400,SELL,ZG,0,212.700,211.410,1290.0,212.520,210.860,1660.0,128.682,13.95,1110.0,304.4,212.520,211.410,209.750,BOUNCE,2006.07.10 12:00,1,2006.07.12 13:00,1,2006.07.14 06:00,1,2006.07.17 01:00,3,6d 13h,London,NA,,NA,,213.810,BOUNCE,2006.07.17 01:00,0,,0,,0,,0,NA,Asia,NA,,NA,,210.300,BREAK,2006.06.29 18:00,0,,0,,0,,0,NA,NewYork,UNTOUCHED,,NA,,213.630,BREAK,2006.07.14 06:00,0,,0,,0,,0,NA,Asia,BREAK,2006.07.19 12:00,BREAK,2006.07.20 14:00,B-ZH-BR,S-ZO-BR,S-ZB-BR,B-ZF-BR,B-ZC-BO,B-ZG-BO,B-ZB-BO,B-ZD-BR,S-ZB-UN,B-ZG-BR,S-ZG-BR,S-ZF-UN,S-ZO-UN,B-ZG-BR,B-ZD-BR,S-ZF-BR,S-ZB-BR,B-ZG-BR,B-ZB-BR,B-ZB-BO
466,2006.06.29 00:00,GBPJPY,60,86400,SELL,ZG,0,212.400,211.380,1020.0,212.100,211.060,1040.0,101.961,29.41,720.0,240.7,212.100,211.380,210.340,BREAK,2006.06.29 18:00,0,,0,,0,,0,NA,NewYork,BOUNCE,2006.07.10 23:00,NA,,213.120,BREAK,2006.07.14 04:00,0,,0,,0,,0,NA,Asia,BOUNCE,2006.07.17 11:00,NA,,210.660,BREAK,2006.06.29 16:00,0,,0,,0,,0,NA,NewYork,BOUNCE,2006.06.30 04:00,NA,,212.820,BREAK,2006.07.13 22:00,0,,0,,0,,0,NA,Other,BREAK,2006.07.14 06:00,BREAK,2006.07.18 18:00,S-ZG-BO,B-ZH-BR,S-ZO-BR,S-ZB-BR,B-ZF-BR,B-ZC-BO,B-ZG-BO,B-ZB-BO,B-ZD-BR,S-ZB-UN,S-ZF-UN,S-ZO-UN,B-ZG-BR,B-ZD-BR,S-ZF-BR,S-ZB-BR,B-ZG-BR,B-ZB-BR,B-ZB-BO,B-ZB-BO
467,2006.06.30 00:00,GBPJPY,60,86400,SELL,ZF,1,212.100,211.060,1040.0,211.980,209.910,2070.0,199.038,11.54,920.0,245.4,211.980,211.060,208.990,UNTOUCHED,,0,,0,,0,,0,NA,Other,NA,,NA,,213.020,BREAK,2006.07.14 04:00,0,,0,,0,,0,NA,Asia,BREAK,2006.07.18 15:00,BREAK,2006.07.19 12:00,210.140,BREAK,2006.06.30 00:00,0,,0,,0,,0,NA,Asia,UNTOUCHED,,NA,,212.900,BREAK,2006.07.14 03:00,0,,0,,0,,0,NA,Asia,BOUNCE,2006.07.17 12:00,NA,,S-ZG-BR,S-ZG-BO,B-ZH-BR,S-ZO-BR,S-ZB-BR,B-ZF-BR,B-ZC-BO,B-ZG-BO,B-ZB-BO,B-ZD-BR,S-ZO-UN,B-ZG-BR,B-ZD-BR,S-ZF-BR,S-ZB-BR,B-ZG-BR,B-ZB-BR,B-ZB-BO,B-ZB-BO,B-ZD-BR
468,2006.07.01 00:00,GBPJPY,60,86400,SELL,ZO,0,211.980,209.910,2070.0,211.820,209.850,1970.0,95.169,7.73,1910.0,488.5,211.820,209.910,207.940,UNTOUCHED,,0,,0,,0,,0,NA,Other,NA,,NA,,213.890,BREAK,2006.07.17 01:00,0,,0,,0,,0,NA,Asia,BREAK,2006.07.20 14:00,BREAK,2006.08.04 11:00,208.000,UNTOUCHED,,0,,0,,0,,0,NA,Other,NA,,NA,,213.730,BREAK,2006.07.14 06:00,0,,0,,0,,0,NA,Asia,BREAK,2006.07.20 14:00,BREAK,2006.08.04 11:00,S-ZF-UN,S-ZG-BR,S-ZG-BO,B-ZH-BR,S-ZO-BR,S-ZB-BR,B-ZF-BR,B-ZC-BO,B-ZG-BO,B-ZB-BO,B-ZG-BR,B-ZD-BR,S-ZF-BR,S-ZB-BR,B-ZG-BR,B-ZB-BR,B-ZB-BO,B-ZB-BO,B-ZD-BR,S-ZG-BR
469,2006.07.05 00:00,GBPJPY,60,86400,BUY,ZG,0,211.960,210.790,1170.0,211.980,210.980,1000.0,85.470,16.24,980.0,276.1,211.960,210.980,212.960,BREAK,2006.07.14 04:00,0,,0,,0,,0,NA,Asia,BREAK,2006.07.18 15:00,BREAK,2006.07.19 12:00,209.810,BOUNCE,2006.07.10 12:00,1,2006.07.12 11:00,1,2006.07.14 04:00,1,2006.07.14 04:00,3,3d 16h,London,NA,,NA,,212.940,BREAK,2006.07.14 04:00,0,,0,,0,,0,NA,Asia,BREAK,2006.07.18 15:00,BREAK,2006.07.19 12:00,210.000,BREAK,2006.07.10 10:00,0,,0,,0,,0,NA,London,UNTOUCHED,,NA,,S-ZO-UN,S-ZF-UN,S-ZG-BR,S-ZG-BO,B-ZH-BR,S-ZO-BR,S-ZB-BR,B-ZF-BR,B-ZC-BO,B-ZG-BO,B-ZD-BR,S-ZF-BR,S-ZB-BR,B-ZG-BR,B-ZB-BR,B-ZB-BO,B-ZB-BO,B-ZD-BR,S-ZG-BR,S-ZO-BO
470,2006.07.06 00:00,GBPJPY,60,86400,BUY,ZD,1,211.980,210.980,1000.0,212.560,211.520,1040.0,104.000,54.00,460.0,236.0,211.980,211.520,213.020,BREAK,2006.07.14 04:00,0,,0,,0,,0,NA,Asia,BREAK,2006.07.14 06:00,BREAK,2006.07.18 15:00,210.520,BREAK,2006.07.10 05:00,0,,0,,0,,0,NA,Asia,BREAK,2006.07.10 12:00,BOUNCE,2006.07.10 18:00,212.440,BREAK,2006.07.13 14:00,0,,0,,0,,0,NA,NewYork,BREAK,2006.07.14 04:00,BREAK,2006.07.14 06:00,211.060,BOUNCE,2006.07.07 10:00,1,2006.07.13 14:00,1,2006.07.13 14:00,0,,2,6d 4h,London,NA,,NA,,B-ZG-BR,S-ZO-UN,S-ZF-UN,S-ZG-BR,S-ZG-BO,B-ZH-BR,S-ZO-BR,S-ZB-BR,B-ZF-BR,B-ZC-BO,S-ZF-BR,S-ZB-BR,B-ZG-BR,B-ZB-BR,B-ZB-BO,B-ZB-BO,B-ZD-BR,S-ZG-BR,S-ZO-BO,S-ZO-BR
471,2006.07.07 00:00,GBPJPY,60,86400,SELL,ZF,0,212.560,211.520,1040.0,212.390,211.200,1190.0,114.423,16.35,870.0,245.4,212.390,211.520,210.330,BREAK,2006.07.10 06:00,0,,0,,0,,0,NA,Asia,UNTOUCHED,,NA,,213.430,BREAK,2006.07.14 06:00,0,,0,,0,,0,NA,Asia,BREAK,2006.07.18 18:00,BREAK,2006.07.19 21:00,210.650,BREAK,2006.07.10 01:00,0,,0,,0,,0,NA,Asia,BOUNCE,2006.07.11 01:00,NA,,213.260,BREAK,2006.07.14 04:00,0,,0,,0,,0,NA,Asia,BREAK,2006.07.18 18:00,BREAK,2006.07.19 17:00,B-ZD-BR,B-ZG-BR,S-ZO-UN,S-ZF-UN,S-ZG-BR,S-ZG-BO,B-ZH-BR,S-ZO-BR,S-ZB-BR,B-ZF-BR,S-ZB-BR,B-ZG-BR,B-ZB-BR,B-ZB-BO,B-ZB-BO,B-ZD-BR,S-ZG-BR,S-ZO-BO,S-ZO-BR,S-ZD-BO
472,2006.07.08 00:00,GBPJPY,60,86400,SELL,ZB,1,212.390,211.200,1190.0,211.860,210.730,1130.0,94.958,44.54,660.0,280.8,211.860,211.200,210.070,BREAK,2006.07.10 08:00,0,,0,,0,,0,NA,London,UNTOUCHED,,NA,,213.050,BREAK,2006.07.14 04:00,0,,0,,0,,0,NA,Asia,BOUNCE,2006.07.14 07:00,NA,,210.540,BREAK,2006.07.10 05:00,0,,0,,0,,0,NA,Asia,BREAK,2006.07.10 12:00,UNTOUCHED,,212.520,BREAK,2006.07.13 17:00,0,,0,,0,,0,NA,NewYork,BREAK,2006.07.14 06:00,BOUNCE,2006.07.17 11:00,S-ZF-BR,B-ZD-BR,B-ZG-BR,S-ZO-UN,S-ZF-UN,S-ZG-BR,S-ZG-BO,B-ZH-BR,S-ZO-BR,S-ZB-BR,B-ZG-BR,B-ZB-BR,B-ZB-BO,B-ZB-BO,B-ZD-BR,S-ZG-BR,S-ZO-BO,S-ZO-BR,S-ZD-BO,B-ZB-BR
473,2006.07.12 00:00,GBPJPY,60,86400,BUY,ZG,0,210.980,209.540,1440.0,211.030,210.000,1030.0,71.528,31.94,980.0,339.8,210.980,210.000,212.010,BREAK,2006.07.12 13:00,0,,0,,0,,0,NA,NewYork,BREAK,2006.07.14 05:00,BREAK,2006.07.18 15:00,208.560,UNTOUCHED,,0,,0,,0,,0,NA,Other,NA,,NA,,211.960,BREAK,2006.07.12 13:00,0,,0,,0,,0,NA,NewYork,BREAK,2006.07.14 04:00,BOUNCE,2006.07.17 12:00,209.020,UNTOUCHED,,0,,0,,0,,0,NA,Other,NA,,NA,,S-ZB-BR,S-ZF-BR,B-ZD-BR,B-ZG-BR,S-ZO-UN,S-ZF-UN,S-ZG-BR,S-ZG-BO,B-ZH-BR,S-ZO-BR,B-ZB-BR,B-ZB-BO,B-ZB-BO,B-ZD-BR,S-ZG-BR,S-ZO-BO,S-ZO-BR,S-ZD-BO,B-ZB-BR,B-ZC-BR
474,2006.07.13 00:00,GBPJPY,60,86400,BUY,ZB,1,211.030,210.000,1030.0,212.180,210.630,1550.0,150.485,61.17,400.0,243.1,211.030,210.630,212.580,BREAK,2006.07.13 17:00,0,,0,,0,,0,NA,NewYork,BREAK,2006.07.14 04:00,BREAK,2006.07.14 06:00,209.600,UNTOUCHED,,0,,0,,0,,0,NA,Other,NA,,NA,,211.430,BREAK,2006.07.13 00:00,0,,0,,0,,0,NA,Asia,BOUNCE,2006.07.13 02:00,NA,,210.230,UNTOUCHED,,0,,0,,0,,0,NA,Other,NA,,NA,,B-ZG-BR,S-ZB-BR,S-ZF-BR,B-ZD-BR,B-ZG-BR,S-ZO-UN,S-ZF-UN,S-ZG-BR,S-ZG-BO,B-ZH-BR,B-ZB-BO,B-ZB-BO,B-ZD-BR,S-ZG-BR,S-ZO-BO,S-ZO-BR,S-ZD-BO,B-ZB-BR,B-ZC-BR,B-ZB-BR
475,2006.07.14 00:00,GBPJPY,60,86400,BUY,ZB,1,212.180,210.630,1550.0,212.830,211.430,1400.0,90.323,51.61,750.0,365.8,212.180,211.430,213.580,BOUNCE,2006.07.14 06:00,0,,0,,0,,0,NA,Asia,NA,,NA,,209.880,UNTOUCHED,,0,,0,,0,,0,NA,Other,NA,,NA,,212.930,BREAK,2006.07.14 04:00,0,,0,,0,,0,NA,Asia,BOUNCE,2006.07.14 07:00,NA,,210.680,UNTOUCHED,,0,,0,,0,,0,NA,Other,NA,,NA,,B-ZB-BR,B-ZG-BR,S-ZB-BR,S-ZF-BR,B-ZD-BR,B-ZG-BR,S-ZO-UN,S-ZF-UN,S-ZG-BR,S-ZG-BO,B-ZB-BO,B-ZD-BR,S-ZG-BR,S-ZO-BO,S-ZO-BR,S-ZD-BO,B-ZB-BR,B-ZC-BR,B-ZB-BR,B-ZB-BR
476,2006.07.20 00:00,GBPJPY,60,86400,BUY,ZB,1,214.750,212.570,2180.0,215.460,213.850,1610.0,73.853,58.72,900.0,514.5,214.750,213.850,216.360,BOUNCE,2006.07.20 14:00,1,2006.07.28 08:00,0,,0,,1,1w 0d,NewYork,NA,,NA,,211.670,UNTOUCHED,,0,,0,,0,,0,NA,Other,NA,,NA,,215.650,BREAK,2006.07.20 05:00,0,,0,,0,,0,NA,Asia,BOUNCE,2006.07.21 10:00,NA,,212.950,UNTOUCHED,,0,,0,,0,,0,NA,Other,NA,,NA,,B-ZB-BO,B-ZB-BR,B-ZG-BR,S-ZB-BR,S-ZF-BR,B-ZD-BR,B-ZG-BR,S-ZO-UN,S-ZF-UN,S-ZG-BR,B-ZD-BR,S-ZG-BR,S-ZO-BO,S-ZO-BR,S-ZD-BO,B-ZB-BR,B-ZC-BR,B-ZB-BR,B-ZB-BR,B-ZO-BR
477,2006.07.21 00:00,GBPJPY,60,86400,BUY,ZD,1,215.460,213.850,1610.0,216.610,214.970,1640.0,101.863,69.57,490.0,380.0,215.460,214.970,217.100,BREAK,2006.08.03 16:00,0,,0,,0,,0,NA,NewYork,BREAK,2006.08.04 11:00,BREAK,2006.08.04 14:00,213.360,BREAK,2006.07.31 05:00,0,,0,,0,,0,NA,Asia,UNTOUCHED,,NA,,215.950,BREAK,2006.07.21 00:00,0,,0,,0,,0,NA,Asia,BREAK,2006.08.03 14:00,BREAK,2006.08.03 16:00,214.480,BOUNCE,2006.07.28 08:00,1,2006.08.03 14:00,1,2006.08.03 14:00,0,,2,6d 6h,London,NA,,NA,,B-ZB-BO,B-ZB-BO,B-ZB-BR,B-ZG-BR,S-ZB-BR,S-ZF-BR,B-ZD-BR,B-ZG-BR,S-ZO-UN,S-ZF-UN,S-ZG-BR,S-ZO-BO,S-ZO-BR,S-ZD-BO,B-ZB-BR,B-ZC-BR,B-ZB-BR,B-ZB-BR,B-ZO-BR,S-ZF-UN
478,2006.07.22 00:00,GBPJPY,60,86400,SELL,ZG,0,216.610,214.970,1640.0,216.540,214.920,1620.0,98.780,4.27,1570.0,387.0,216.540,214.970,213.350,BREAK,2006.07.31 05:00,0,,0,,0,,0,NA,Asia,UNTOUCHED,,NA,,218.180,BREAK,2006.08.04 11:00,0,,0,,0,,0,NA,London,BREAK,2006.08.09 10:00,BREAK,2006.08.28 10:00,213.400,BREAK,2006.07.31 05:00,0,,0,,0,,0,NA,Asia,UNTOUCHED,,NA,,218.110,BREAK,2006.08.04 11:00,0,,0,,0,,0,NA,London,BREAK,2006.08.08 21:00,BREAK,2006.08.25 13:00,B-ZD-BR,B-ZB-BO,B-ZB-BO,B-ZB-BR,B-ZG-BR,S-ZB-BR,S-ZF-BR,B-ZD-BR,B-ZG-BR,S-ZO-UN,S-ZO-BO,S-ZO-BR,S-ZD-BO,B-ZB-BR,B-ZC-BR,B-ZB-BR,B-ZB-BR,B-ZO-BR,S-ZF-UN,B-ZG-BR
479,2006.07.26 00:00,GBPJPY,60,86400,SELL,ZO,0,216.410,215.620,790.0,216.320,215.440,880.0,111.392,11.39,700.0,186.4,216.320,215.620,214.740,BOUNCE,2006.07.26 11:00,1,2006.07.26 18:00,1,2006.08.03 15:00,1,2006.08.03 16:00,3,1w 1d,London,NA,,NA,,217.110,BREAK,2006.08.03 16:00,0,,0,,0,,0,NA,NewYork,BREAK,2006.08.04 11:00,BOUNCE,2006.08.04 15:00,214.920,BREAK,2006.07.26 11:00,0,,0,,0,,0,NA,London,BREAK,2006.07.28 16:00,BREAK,2006.07.31 06:00,217.020,BREAK,2006.08.03 15:00,0,,0,,0,,0,NA,NewYork,BREAK,2006.08.04 11:00,BREAK,2006.08.04 15:00,S-ZG-BR,B-ZD-BR,B-ZB-BO,B-ZB-BO,B-ZB-BR,B-ZG-BR,S-ZB-BR,S-ZF-BR,B-ZD-BR,B-ZG-BR,S-ZO-BR,S-ZD-BO,B-ZB-BR,B-ZC-BR,B-ZB-BR,B-ZB-BR,B-ZO-BR,S-ZF-UN,B-ZG-BR,B-ZD-BO
480,2006.07.27 00:00,GBPJPY,60,86400,SELL,ZO,1,216.320,215.440,880.0,216.250,214.670,1580.0,179.545,7.95,810.0,207.7,216.250,215.440,213.860,BREAK,2006.07.28 18:00,0,,0,,0,,0,NA,NewYork,BOUNCE,2006.07.31 18:00,NA,,217.130,BREAK,2006.08.03 16:00,0,,0,,0,,0,NA,NewYork,BREAK,2006.08.04 11:00,BOUNCE,2006.08.07 01:00,214.630,BREAK,2006.07.28 07:00,0,,0,,0,,0,NA,London,BREAK,2006.07.28 23:00,BOUNCE,2006.07.31 18:00,217.060,BREAK,2006.08.03 15:00,0,,0,,0,,0,NA,NewYork,BREAK,2006.08.04 11:00,BOUNCE,2006.08.07 01:00,S-ZO-BO,S-ZG-BR,B-ZD-BR,B-ZB-BO,B-ZB-BO,B-ZB-BR,B-ZG-BR,S-ZB-BR,S-ZF-BR,B-ZD-BR,S-ZD-BO,B-ZB-BR,B-ZC-BR,B-ZB-BR,B-ZB-BR,B-ZO-BR,S-ZF-UN,B-ZG-BR,B-ZD-BO,S-ZH-BR
481,2006.07.29 00:00,GBPJPY,60,86400,SELL,ZD,1,215.890,214.940,950.0,215.330,213.550,1780.0,187.368,58.95,390.0,224.2,215.330,214.940,213.160,BOUNCE,2006.07.31 08:00,1,2006.07.31 19:00,1,2006.08.03 14:00,1,2006.08.03 14:00,3,3d 6h,London,NA,,NA,,216.280,BREAK,2006.08.03 14:00,0,,0,,0,,0,NA,NewYork,BREAK,2006.08.03 15:00,BREAK,2006.08.03 16:00,214.550,BREAK,2006.07.29 00:00,0,,0,,0,,0,NA,Asia,BREAK,2006.07.31 01:00,BREAK,2006.07.31 04:00,215.720,BREAK,2006.08.03 14:00,0,,0,,0,,0,NA,NewYork,BREAK,2006.08.03 15:00,BREAK,2006.08.03 16:00,S-ZO-BR,S-ZO-BO,S-ZG-BR,B-ZD-BR,B-ZB-BO,B-ZB-BO,B-ZB-BR,B-ZG-BR,S-ZB-BR,S-ZF-BR,B-ZB-BR,B-ZC-BR,B-ZB-BR,B-ZB-BR,B-ZO-BR,S-ZF-UN,B-ZG-BR,B-ZD-BO,S-ZH-BR,S-ZB-BO
482,2006.08.02 00:00,GBPJPY,60,86400,BUY,ZB,1,214.450,212.960,1490.0,215.300,213.570,1730.0,116.107,40.94,880.0,351.6,214.450,213.570,216.180,BREAK,2006.08.03 14:00,0,,0,,0,,0,NA,NewYork,BREAK,2006.08.03 18:00,BREAK,2006.08.04 12:00,212.080,UNTOUCHED,,0,,0,,0,,0,NA,Other,NA,,NA,,215.330,BREAK,2006.08.02 15:00,0,,0,,0,,0,NA,NewYork,BREAK,2006.08.03 15:00,BREAK,2006.08.03 18:00,212.690,UNTOUCHED,,0,,0,,0,,0,NA,Other,NA,,NA,,S-ZD-BO,S-ZO-BR,S-ZO-BO,S-ZG-BR,B-ZD-BR,B-ZB-BO,B-ZB-BO,B-ZB-BR,B-ZG-BR,S-ZB-BR,B-ZC-BR,B-ZB-BR,B-ZB-BR,B-ZO-BR,S-ZF-UN,B-ZG-BR,B-ZD-BO,S-ZH-BR,S-ZB-BO,S-ZB-UN
483,2006.08.03 00:00,GBPJPY,60,86400,BUY,ZC,1,215.300,213.570,1730.0,215.480,214.350,1130.0,65.318,45.09,950.0,408.3,215.300,214.350,216.430,BREAK,2006.08.03 14:00,0,,0,,0,,0,NA,NewYork,BREAK,2006.08.04 10:00,BREAK,2006.08.05 00:00,212.620,UNTOUCHED,,0,,0,,0,,0,NA,Other,NA,,NA,,216.250,BREAK,2006.08.03 14:00,0,,0,,0,,0,NA,NewYork,BREAK,2006.08.04 10:00,BREAK,2006.08.04 14:00,213.400,UNTOUCHED,,0,,0,,0,,0,NA,Other,NA,,NA,,B-ZB-BR,S-ZD-BO,S-ZO-BR,S-ZO-BO,S-ZG-BR,B-ZD-BR,B-ZB-BO,B-ZB-BO,B-ZB-BR,B-ZG-BR,B-ZB-BR,B-ZB-BR,B-ZO-BR,S-ZF-UN,B-ZG-BR,B-ZD-BO,S-ZH-BR,S-ZB-BO,S-ZB-UN,B-ZB-BR
484,2006.08.04 00:00,GBPJPY,60,86400,BUY,ZB,1,215.480,214.350,1130.0,217.470,214.950,2520.0,223.009,53.10,530.0,266.7,215.480,214.950,218.000,BREAK,2006.08.04 11:00,0,,0,,0,,0,NA,London,BOUNCE,2006.08.04 15:00,NA,,213.820,UNTOUCHED,,0,,0,,0,,0,NA,Other,NA,,NA,,216.010,BREAK,2006.08.04 00:00,0,,0,,0,,0,NA,Asia,BREAK,2006.08.04 01:00,BREAK,2006.08.04 02:00,214.420,UNTOUCHED,,0,,0,,0,,0,NA,Other,NA,,NA,,B-ZC-BR,B-ZB-BR,S-ZD-BO,S-ZO-BR,S-ZO-BO,S-ZG-BR,B-ZD-BR,B-ZB-BO,B-ZB-BO,B-ZB-BR,B-ZB-BR,B-ZO-BR,S-ZF-UN,B-ZG-BR,B-ZD-BO,S-ZH-BR,S-ZB-BO,S-ZB-UN,B-ZB-BR,B-ZF-BR
485,2006.08.09 00:00,GBPJPY,60,86400,BUY,ZB,1,219.800,217.760,2040.0,220.110,218.930,1180.0,57.843,57.35,870.0,481.4,219.800,218.930,220.980,BREAK,2006.08.25 09:00,0,,0,,0,,0,NA,London,BREAK,2006.08.28 17:00,BREAK,2006.08.30 19:00,216.890,UNTOUCHED,,0,,0,,0,,0,NA,Other,NA,,NA,,220.670,BOUNCE,2006.08.23 16:00,1,2006.09.07 13:00,0,,0,,1,2w 0d,NewYork,NA,,NA,,218.060,BOUNCE,2006.08.10 18:00,1,2006.08.23 16:00,1,2006.08.23 16:00,0,,2,1w 5d,NewYork,NA,,NA,,B-ZB-BR,B-ZC-BR,B-ZB-BR,S-ZD-BO,S-ZO-BR,S-ZO-BO,S-ZG-BR,B-ZD-BR,B-ZB-BO,B-ZB-BO,B-ZO-BR,S-ZF-UN,B-ZG-BR,B-ZD-BO,S-ZH-BR,S-ZB-BO,S-ZB-UN,B-ZB-BR,B-ZF-BR,B-ZF-BR
486,2006.08.10 00:00,GBPJPY,60,86400,BUY,ZO,0,220.110,218.930,1180.0,220.200,219.160,1040.0,88.136,19.49,950.0,278.5,220.110,219.160,221.150,BREAK,2006.08.25 11:00,0,,0,,0,,0,NA,London,BREAK,2006.08.28 17:00,BREAK,2006.08.31 03:00,217.980,BREAK,2006.08.18 12:00,0,,0,,0,,0,NA,London,UNTOUCHED,,NA,,221.060,BREAK,2006.08.25 11:00,0,,0,,0,,0,NA,London,BREAK,2006.08.28 16:00,BREAK,2006.08.30 19:00,218.210,BOUNCE,2006.08.10 17:00,1,2006.08.25 11:00,1,2006.08.25 11:00,0,,2,2w 0d,NewYork,NA,,NA,,B-ZB-BR,B-ZB-BR,B-ZC-BR,B-ZB-BR,S-ZD-BO,S-ZO-BR,S-ZO-BO,S-ZG-BR,B-ZD-BR,B-ZB-BO,S-ZF-UN,B-ZG-BR,B-ZD-BO,S-ZH-BR,S-ZB-BO,S-ZB-UN,B-ZB-BR,B-ZF-BR,B-ZF-BR,S-ZG-BR
487,2006.08.11 00:00,GBPJPY,60,86400,SELL,ZF,1,220.200,219.160,1040.0,219.970,218.010,1960.0,188.462,22.12,810.0,245.4,219.970,219.160,217.200,UNTOUCHED,,0,,0,,0,,0,NA,Other,NA,,NA,,221.010,BREAK,2006.08.25 09:00,0,,0,,0,,0,NA,London,BREAK,2006.08.28 16:00,BREAK,2006.08.30 16:00,218.350,BREAK,2006.08.11 00:00,0,,0,,0,,0,NA,Asia,BOUNCE,2006.08.21 05:00,NA,,220.780,BOUNCE,2006.08.23 17:00,1,2006.09.07 12:00,1,2006.09.07 12:00,0,,2,2w 0d,NewYork,NA,,NA,,B-ZO-BR,B-ZB-BR,B-ZB-BR,B-ZC-BR,B-ZB-BR,S-ZD-BO,S-ZO-BR,S-ZO-BO,S-ZG-BR,B-ZD-BR,B-ZG-BR,B-ZD-BO,S-ZH-BR,S-ZB-BO,S-ZB-UN,B-ZB-BR,B-ZF-BR,B-ZF-BR,S-ZG-BR,B-ZF-UN
488,2006.08.12 00:00,GBPJPY,60,86400,BUY,ZG,0,219.970,218.010,1960.0,220.370,218.030,2340.0,119.388,1.02,1940.0,462.6,219.970,218.030,222.310,BREAK,2006.08.28 16:00,0,,0,,0,,0,NA,NewYork,UNTOUCHED,,NA,,216.070,UNTOUCHED,,0,,0,,0,,0,NA,Other,NA,,NA,,221.910,BREAK,2006.08.28 10:00,0,,0,,0,,0,NA,London,BOUNCE,2006.09.04 10:00,NA,,216.090,UNTOUCHED,,0,,0,,0,,0,NA,Other,NA,,NA,,S-ZF-UN,B-ZO-BR,B-ZB-BR,B-ZB-BR,B-ZC-BR,B-ZB-BR,S-ZD-BO,S-ZO-BR,S-ZO-BO,S-ZG-BR,B-ZD-BO,S-ZH-BR,S-ZB-BO,S-ZB-UN,B-ZB-BR,B-ZF-BR,B-ZF-BR,S-ZG-BR,B-ZF-UN,B-ZB-UN
489,2006.08.15 00:00,GBPJPY,60,86400,BUY,ZD,1,219.880,219.680,200.0,220.620,219.810,810.0,405.000,65.00,70.0,47.2,219.880,219.810,220.690,BOUNCE,2006.08.23 16:00,1,2006.08.23 17:00,1,2006.08.25 01:00,1,2006.09.05 10:00,3,1w 5d,NewYork,NA,,NA,,219.610,BOUNCE,2006.08.16 01:00,1,2006.08.16 02:00,1,2006.08.16 14:00,1,2006.08.23 16:00,3,1w 0d,Asia,NA,,NA,,219.950,BREAK,2006.08.15 00:00,0,,0,,0,,0,NA,Asia,BREAK,2006.08.15 01:00,BREAK,2006.08.15 02:00,219.740,BOUNCE,2006.08.15 11:00,1,2006.08.15 12:00,1,2006.08.15 12:00,0,,2,1h,London,NA,,NA,,B-ZG-BR,S-ZF-UN,B-ZO-BR,B-ZB-BR,B-ZB-BR,B-ZC-BR,B-ZB-BR,S-ZD-BO,S-ZO-BR,S-ZO-BO,S-ZH-BR,S-ZB-BO,S-ZB-UN,B-ZB-BR,B-ZF-BR,B-ZF-BR,S-ZG-BR,B-ZF-UN,B-ZB-UN,S-ZG-BR
490,2006.08.17 00:00,GBPJPY,60,86400,SELL,ZH,0,220.620,219.660,960.0,220.290,219.250,1040.0,108.333,34.38,630.0,226.6,220.290,219.660,218.620,BREAK,2006.08.17 11:00,0,,0,,0,,0,NA,London,BREAK,2006.08.18 12:00,BOUNCE,2006.09.08 10:00,221.250,BREAK,2006.08.25 11:00,0,,0,,0,,0,NA,London,BREAK,2006.08.28 16:00,BREAK,2006.08.30 10:00,219.030,BREAK,2006.08.17 10:00,0,,0,,0,,0,NA,London,BREAK,2006.08.18 12:00,BREAK,2006.08.18 13:00,220.920,BREAK,2006.08.25 09:00,0,,0,,0,,0,NA,London,BREAK,2006.08.28 10:00,BREAK,2006.08.28 17:00,B-ZD-BO,B-ZG-BR,S-ZF-UN,B-ZO-BR,B-ZB-BR,B-ZB-BR,B-ZC-BR,B-ZB-BR,S-ZD-BO,S-ZO-BR,S-ZB-BO,S-ZB-UN,B-ZB-BR,B-ZF-BR,B-ZF-BR,S-ZG-BR,B-ZF-UN,B-ZB-UN,S-ZG-BR,S-ZD-BR
491,2006.08.18 00:00,GBPJPY,60,86400,SELL,ZB,1,220.290,219.250,1040.0,219.770,218.390,1380.0,132.692,50.00,520.0,245.4,219.770,219.250,217.870,BOUNCE,2006.08.18 12:00,1,2006.08.21 11:00,1,2006.08.22 18:00,1,2006.08.23 17:00,3,5d 5h,London,NA,,NA,,220.810,BOUNCE,2006.08.23 17:00,1,2006.08.24 19:00,1,2006.09.07 12:00,1,2006.09.07 14:00,3,2w 0d,NewYork,NA,,NA,,218.730,BREAK,2006.08.18 00:00,0,,0,,0,,0,NA,Asia,BREAK,2006.08.18 12:00,BOUNCE,2006.08.21 04:00,220.290,BOUNCE,2006.08.22 18:00,1,2006.09.07 12:00,1,2006.09.07 12:00,0,,2,2w 1d,NewYork,NA,,NA,,S-ZH-BR,B-ZD-BO,B-ZG-BR,S-ZF-UN,B-ZO-BR,B-ZB-BR,B-ZB-BR,B-ZC-BR,B-ZB-BR,S-ZD-BO,S-ZB-UN,B-ZB-BR,B-ZF-BR,B-ZF-BR,S-ZG-BR,B-ZF-UN,B-ZB-UN,S-ZG-BR,S-ZD-BR,S-ZB-BR
492,2006.08.19 00:00,GBPJPY,60,86400,SELL,ZB,1,219.770,218.390,1380.0,218.930,217.470,1460.0,105.797,60.87,540.0,325.7,218.930,218.390,216.930,UNTOUCHED,,0,,0,,0,,0,NA,Other,NA,,NA,,220.310,BOUNCE,2006.08.22 19:00,1,2006.09.06 16:00,1,2006.09.07 14:00,0,,2,2w 1d,NewYork,NA,,NA,,217.850,BOUNCE,2006.08.19 00:00,1,2006.08.21 15:00,1,2006.08.22 19:00,0,,2,3d 19h,Asia,NA,,NA,,219.470,BREAK,2006.08.21 15:00,0,,0,,0,,0,NA,NewYork,BREAK,2006.08.22 19:00,BOUNCE,2006.08.24 05:00,S-ZB-BO,S-ZH-BR,B-ZD-BO,B-ZG-BR,S-ZF-UN,B-ZO-BR,B-ZB-BR,B-ZB-BR,B-ZC-BR,B-ZB-BR,B-ZB-BR,B-ZF-BR,B-ZF-BR,S-ZG-BR,B-ZF-UN,B-ZB-UN,S-ZG-BR,S-ZD-BR,S-ZB-BR,S-ZG-BO
493,2006.08.23 00:00,GBPJPY,60,86400,BUY,ZB,1,219.880,217.690,2190.0,220.400,219.230,1170.0,53.425,70.32,650.0,516.8,219.880,219.230,221.050,BREAK,2006.08.25 11:00,0,,0,,0,,0,NA,London,BREAK,2006.08.28 16:00,BOUNCE,2006.08.28 23:00,217.040,UNTOUCHED,,0,,0,,0,,0,NA,Other,NA,,NA,,220.530,BOUNCE,2006.08.23 16:00,1,2006.09.07 12:00,0,,0,,1,2w 0d,NewYork,NA,,NA,,218.580,BOUNCE,2006.09.07 12:00,1,2006.09.12 15:00,1,2006.09.12 15:00,0,,2,5d 3h,London,NA,,NA,,S-ZB-UN,S-ZB-BO,S-ZH-BR,B-ZD-BO,B-ZG-BR,S-ZF-UN,B-ZO-BR,B-ZB-BR,B-ZB-BR,B-ZC-BR,B-ZF-BR,B-ZF-BR,S-ZG-BR,B-ZF-UN,B-ZB-UN,S-ZG-BR,S-ZD-BR,S-ZB-BR,S-ZG-BO,S-ZC-UN
494,2006.08.24 00:00,GBPJPY,60,86400,BUY,ZF,0,220.400,219.230,1170.0,220.840,219.510,1330.0,113.675,23.93,890.0,276.1,220.400,219.510,221.730,BREAK,2006.08.28 10:00,0,,0,,0,,0,NA,London,BREAK,2006.08.30 16:00,BREAK,2006.08.31 09:00,218.340,BOUNCE,2006.09.07 12:00,1,2006.09.12 11:00,1,2006.09.12 21:00,1,2006.09.14 13:00,3,1w 0d,London,NA,,NA,,221.290,BREAK,2006.08.25 11:00,0,,0,,0,,0,NA,London,BOUNCE,2006.08.29 17:00,NA,,218.620,BREAK,2006.09.07 12:00,0,,0,,0,,0,NA,London,BOUNCE,2006.09.07 18:00,NA,,B-ZB-BR,S-ZB-UN,S-ZB-BO,S-ZH-BR,B-ZD-BO,B-ZG-BR,S-ZF-UN,B-ZO-BR,B-ZB-BR,B-ZB-BR,B-ZF-BR,S-ZG-BR,B-ZF-UN,B-ZB-UN,S-ZG-BR,S-ZD-BR,S-ZB-BR,S-ZG-BO,S-ZC-UN,B-ZB-BO
495,2006.08.29 00:00,GBPJPY,60,86400,BUY,ZF,1,221.570,221.050,520.0,222.410,221.150,1260.0,242.308,19.23,420.0,122.7,221.570,221.150,222.830,BREAK,2006.08.30 15:00,0,,0,,0,,0,NA,NewYork,BOUNCE,2006.08.31 00:00,NA,,220.630,BREAK,2006.09.05 03:00,0,,0,,0,,0,NA,Asia,BOUNCE,2006.09.05 09:00,NA,,221.990,BREAK,2006.08.29 00:00,0,,0,,0,,0,NA,Asia,BREAK,2006.08.30 10:00,BREAK,2006.08.30 17:00,220.730,BOUNCE,2006.09.04 16:00,1,2006.09.14 16:00,1,2006.09.14 16:00,0,,2,1w 3d,NewYork,NA,,NA,,B-ZF-BR,B-ZB-BR,S-ZB-UN,S-ZB-BO,S-ZH-BR,B-ZD-BO,B-ZG-BR,S-ZF-UN,B-ZO-BR,B-ZB-BR,S-ZG-BR,B-ZF-UN,B-ZB-UN,S-ZG-BR,S-ZD-BR,S-ZB-BR,S-ZG-BO,S-ZC-UN,B-ZB-BO,B-ZF-BO
496,2006.08.30 00:00,GBPJPY,60,86400,SELL,ZG,0,222.410,221.150,1260.0,222.160,220.930,1230.0,97.619,19.84,1010.0,297.4,222.160,221.150,219.920,BREAK,2006.09.05 10:00,0,,0,,0,,0,NA,London,BREAK,2006.09.07 12:00,BREAK,2006.09.07 16:00,223.420,BREAK,2006.08.31 03:00,0,,0,,0,,0,NA,Asia,UNTOUCHED,,NA,,220.140,BREAK,2006.09.05 10:00,0,,0,,0,,0,NA,London,BOUNCE,2006.09.07 11:00,NA,,223.170,BREAK,2006.08.30 19:00,0,,0,,0,,0,NA,NewYork,UNTOUCHED,,NA,,B-ZF-BR,B-ZF-BR,B-ZB-BR,S-ZB-UN,S-ZB-BO,S-ZH-BR,B-ZD-BO,B-ZG-BR,S-ZF-UN,B-ZO-BR,B-ZF-UN,B-ZB-UN,S-ZG-BR,S-ZD-BR,S-ZB-BR,S-ZG-BO,S-ZC-UN,B-ZB-BO,B-ZF-BO,S-ZO-UN
497,2006.08.31 00:00,GBPJPY,60,86400,BUY,ZF,1,222.160,220.930,1230.0,223.280,221.330,1950.0,158.537,32.52,830.0,290.3,222.160,221.330,224.110,UNTOUCHED,,0,,0,,0,,0,NA,Other,NA,,NA,,220.100,BREAK,2006.09.05 10:00,0,,0,,0,,0,NA,London,BOUNCE,2006.09.07 03:00,NA,,222.990,BREAK,2006.08.31 00:00,0,,0,,0,,0,NA,Asia,BOUNCE,2006.08.31 16:00,NA,,220.500,BREAK,2006.09.05 03:00,0,,0,,0,,0,NA,Asia,BREAK,2006.09.05 11:00,BREAK,2006.09.07 12:00,S-ZG-BR,B-ZF-BR,B-ZF-BR,B-ZB-BR,S-ZB-UN,S-ZB-BO,S-ZH-BR,B-ZD-BO,B-ZG-BR,S-ZF-UN,B-ZB-UN,S-ZG-BR,S-ZD-BR,S-ZB-BR,S-ZG-BO,S-ZC-UN,B-ZB-BO,B-ZF-BO,S-ZO-UN,S-ZG-BO
498,2006.09.01 00:00,GBPJPY,60,86400,BUY,ZB,1,223.280,221.330,1950.0,223.870,222.700,1170.0,60.000,70.26,580.0,460.2,223.280,222.700,224.450,UNTOUCHED,,0,,0,,0,,0,NA,Other,NA,,NA,,220.750,BOUNCE,2006.09.04 16:00,1,2006.09.14 15:00,0,,0,,1,1w 2d,NewYork,NA,,NA,,223.860,UNTOUCHED,,0,,0,,0,,0,NA,Other,NA,,NA,,222.120,BREAK,2006.09.04 07:00,0,,0,,0,,0,NA,London,BREAK,2006.09.04 14:00,BREAK,2006.09.05 03:00,B-ZF-UN,S-ZG-BR,B-ZF-BR,B-ZF-BR,B-ZB-BR,S-ZB-UN,S-ZB-BO,S-ZH-BR,B-ZD-BO,B-ZG-BR,S-ZG-BR,S-ZD-BR,S-ZB-BR,S-ZG-BO,S-ZC-UN,B-ZB-BO,B-ZF-BO,S-ZO-UN,S-ZG-BO,S-ZE-UN
499,2006.09.02 00:00,GBPJPY,60,86400,SELL,ZG,0,223.870,222.700,1170.0,223.720,222.250,1470.0,125.641,12.82,1020.0,276.1,223.720,222.700,221.230,BREAK,2006.09.04 12:00,0,,0,,0,,0,NA,London,BREAK,2006.09.05 10:00,BOUNCE,2006.09.07 11:00,224.890,UNTOUCHED,,0,,0,,0,,0,NA,Other,NA,,NA,,221.680,BREAK,2006.09.04 10:00,0,,0,,0,,0,NA,London,BREAK,2006.09.05 03:00,BREAK,2006.09.05 11:00,224.740,UNTOUCHED,,0,,0,,0,,0,NA,Other,NA,,NA,,B-ZB-UN,B-ZF-UN,S-ZG-BR,B-ZF-BR,B-ZF-BR,B-ZB-BR,S-ZB-UN,S-ZB-BO,S-ZH-BR,B-ZD-BO,S-ZD-BR,S-ZB-BR,S-ZG-BO,S-ZC-UN,B-ZB-BO,B-ZF-BO,S-ZO-UN,S-ZG-BO,S-ZE-UN,B-ZD-BO
500,2006.09.05 00:00,GBPJPY,60,86400,SELL,ZD,1,223.450,222.950,500.0,223.190,220.690,2500.0,500.000,52.00,240.0,118.0,223.190,222.950,220.450,BREAK,2006.09.05 03:00,0,,0,,0,,0,NA,Asia,BOUNCE,2006.09.05 09:00,NA,,223.690,UNTOUCHED,,0,,0,,0,,0,NA,Other,NA,,NA,,222.710,BREAK,2006.09.05 00:00,0,,0,,0,,0,NA,Asia,BREAK,2006.09.05 01:00,BREAK,2006.09.05 02:00,223.430,UNTOUCHED,,0,,0,,0,,0,NA,Other,NA,,NA,,S-ZG-BR,B-ZB-UN,B-ZF-UN,S-ZG-BR,B-ZF-BR,B-ZF-BR,B-ZB-BR,S-ZB-UN,S-ZB-BO,S-ZH-BR,S-ZB-BR,S-ZG-BO,S-ZC-UN,B-ZB-BO,B-ZF-BO,S-ZO-UN,S-ZG-BO,S-ZE-UN,B-ZD-BO,B-ZD-BR
501,2006.09.06 00:00,GBPJPY,60,86400,SELL,ZB,1,223.190,220.690,2500.0,221.470,219.340,2130.0,85.200,68.80,780.0,590.0,221.470,220.690,218.560,BREAK,2006.09.07 12:00,0,,0,,0,,0,NA,London,BOUNCE,2006.09.07 18:00,NA,,223.970,UNTOUCHED,,0,,0,,0,,0,NA,Other,NA,,NA,,219.910,BOUNCE,2006.09.06 00:00,1,2006.09.18 09:00,0,,0,,1,1w 5d,Asia,NA,,NA,,222.250,BOUNCE,2006.09.18 09:00,0,,0,,0,,0,NA,London,NA,,NA,,S-ZD-BR,S-ZG-BR,B-ZB-UN,B-ZF-UN,S-ZG-BR,B-ZF-BR,B-ZF-BR,B-ZB-BR,S-ZB-UN,S-ZB-BO,S-ZG-BO,S-ZC-UN,B-ZB-BO,B-ZF-BO,S-ZO-UN,S-ZG-BO,S-ZE-UN,B-ZD-BO,B-ZD-BR,B-ZO-BR
502,2006.09.07 00:00,GBPJPY,60,86400,SELL,ZG,0,221.470,219.340,2130.0,220.700,219.220,1480.0,69.484,36.15,1360.0,502.7,220.700,219.340,217.860,BOUNCE,2006.09.07 14:00,1,2006.09.12 15:00,1,2006.09.14 17:00,1,2006.10.04 01:00,3,3w 5d,NewYork,NA,,NA,,222.830,BOUNCE,2006.10.04 01:00,0,,0,,0,,0,NA,Asia,NA,,NA,,217.980,BREAK,2006.09.07 14:00,0,,0,,0,,0,NA,NewYork,UNTOUCHED,,NA,,222.060,BOUNCE,2006.09.14 17:00,0,,0,,0,,0,NA,NewYork,NA,,NA,,S-ZB-BR,S-ZD-BR,S-ZG-BR,B-ZB-UN,B-ZF-UN,S-ZG-BR,B-ZF-BR,B-ZF-BR,B-ZB-BR,S-ZB-UN,S-ZC-UN,B-ZB-BO,B-ZF-BO,S-ZO-UN,S-ZG-BO,S-ZE-UN,B-ZD-BO,B-ZD-BR,B-ZO-BR,S-ZB-UN
503,2006.09.09 00:00,GBPJPY,60,86400,SELL,ZC,1,220.420,217.600,2820.0,218.630,217.360,1270.0,45.035,63.48,1030.0,665.5,218.630,217.600,216.330,UNTOUCHED,,0,,0,,0,,0,NA,Other,NA,,NA,,221.450,BREAK,2006.09.14 11:00,0,,0,,0,,0,NA,London,BOUNCE,2006.10.05 14:00,NA,,216.570,UNTOUCHED,,0,,0,,0,,0,NA,Other,NA,,NA,,219.660,BREAK,2006.09.12 03:00,0,,0,,0,,0,NA,Asia,BREAK,2006.09.14 11:00,BOUNCE,2006.09.15 17:00,S-ZG-BO,S-ZB-BR,S-ZD-BR,S-ZG-BR,B-ZB-UN,B-ZF-UN,S-ZG-BR,B-ZF-BR,B-ZF-BR,B-ZB-BR,B-ZB-BO,B-ZF-BO,S-ZO-UN,S-ZG-BO,S-ZE-UN,B-ZD-BO,B-ZD-BR,B-ZO-BR,S-ZB-UN,B-ZF-BO
504,2006.09.13 00:00,GBPJPY,60,86400,BUY,ZB,1,219.590,217.610,1980.0,221.300,219.060,2240.0,113.131,73.23,530.0,467.3,219.590,219.060,221.830,BOUNCE,2006.09.14 13:00,1,2006.09.15 16:00,0,,0,,1,1d 3h,NewYork,NA,,NA,,217.080,UNTOUCHED,,0,,0,,0,,0,NA,Other,NA,,NA,,220.120,BREAK,2006.09.13 00:00,0,,0,,0,,0,NA,Asia,BREAK,2006.09.13 01:00,BOUNCE,2006.09.13 09:00,218.530,UNTOUCHED,,0,,0,,0,,0,NA,Other,NA,,NA,,S-ZC-UN,S-ZG-BO,S-ZB-BR,S-ZD-BR,S-ZG-BR,B-ZB-UN,B-ZF-UN,S-ZG-BR,B-ZF-BR,B-ZF-BR,B-ZF-BO,S-ZO-UN,S-ZG-BO,S-ZE-UN,B-ZD-BO,B-ZD-BR,B-ZO-BR,S-ZB-UN,B-ZF-BO,B-ZE-BR
505,2006.09.15 00:00,GBPJPY,60,86400,BUY,ZF,1,221.180,220.180,1000.0,222.160,220.340,1820.0,182.000,16.00,840.0,236.0,221.180,220.340,223.000,BOUNCE,2006.10.09 08:00,1,2006.10.17 11:00,0,,0,,1,1w 1d,London,NA,,NA,,219.340,UNTOUCHED,,0,,0,,0,,0,NA,Other,NA,,NA,,222.020,BOUNCE,2006.09.15 00:00,0,,0,,0,,0,NA,Asia,NA,,NA,,219.500,UNTOUCHED,,0,,0,,0,,0,NA,Other,NA,,NA,,B-ZB-BO,S-ZC-UN,S-ZG-BO,S-ZB-BR,S-ZD-BR,S-ZG-BR,B-ZB-UN,B-ZF-UN,S-ZG-BR,B-ZF-BR,S-ZO-UN,S-ZG-BO,S-ZE-UN,B-ZD-BO,B-ZD-BR,B-ZO-BR,S-ZB-UN,B-ZF-BO,B-ZE-BR,S-ZB-UN
506,2006.09.21 00:00,GBPJPY,60,86400,SELL,ZO,0,222.260,220.770,1490.0,222.050,220.200,1850.0,124.161,14.09,1280.0,351.6,222.050,220.770,218.920,UNTOUCHED,,0,,0,,0,,0,NA,Other,NA,,NA,,223.540,BREAK,2006.10.20 18:00,0,,0,,0,,0,NA,NewYork,BREAK,2006.11.09 14:00,BREAK,2006.11.28 22:00,219.490,UNTOUCHED,,0,,0,,0,,0,NA,Other,NA,,NA,,223.330,BREAK,2006.10.20 17:00,0,,0,,0,,0,NA,NewYork,BREAK,2006.11.09 14:00,BREAK,2006.11.28 16:00,B-ZF-BO,B-ZB-BO,S-ZC-UN,S-ZG-BO,S-ZB-BR,S-ZD-BR,S-ZG-BR,B-ZB-UN,B-ZF-UN,S-ZG-BR,S-ZG-BO,S-ZE-UN,B-ZD-BO,B-ZD-BR,B-ZO-BR,S-ZB-UN,B-ZF-BO,B-ZE-BR,S-ZB-UN,S-ZE-UN
507,2006.09.23 00:00,GBPJPY,60,86400,SELL,ZG,0,222.040,221.080,960.0,221.980,220.910,1070.0,111.458,6.25,900.0,226.6,221.980,221.080,220.010,BOUNCE,2006.09.29 16:00,1,2006.10.02 16:00,1,2006.10.09 07:00,1,2006.10.09 07:00,3,1w 2d,NewYork,NA,,NA,,222.940,BOUNCE,2006.10.09 07:00,0,,0,,0,,0,NA,London,NA,,NA,,220.180,BREAK,2006.09.29 13:00,0,,0,,0,,0,NA,NewYork,UNTOUCHED,,NA,,222.880,BREAK,2006.10.09 07:00,0,,0,,0,,0,NA,London,BREAK,2006.10.26 16:00,BREAK,2006.11.09 13:00,S-ZO-UN,B-ZF-BO,B-ZB-BO,S-ZC-UN,S-ZG-BO,S-ZB-BR,S-ZD-BR,S-ZG-BR,B-ZB-UN,B-ZF-UN,S-ZE-UN,B-ZD-BO,B-ZD-BR,B-ZO-BR,S-ZB-UN,B-ZF-BO,B-ZE-BR,S-ZB-UN,S-ZE-UN,B-ZO-BR
508,2006.10.02 01:00,GBPJPY,60,86400,SELL,ZE,1,222.220,220.690,1530.0,221.320,219.940,1380.0,90.196,58.82,630.0,361.1,221.320,220.690,219.310,UNTOUCHED,,0,,0,,0,,0,NA,Other,NA,,NA,,222.850,BOUNCE,2006.10.04 01:00,1,2006.10.05 12:00,0,,0,,1,1d 11h,Asia,NA,,NA,,220.060,UNTOUCHED,,0,,0,,0,,0,NA,Other,NA,,NA,,221.950,BREAK,2006.10.02 17:00,0,,0,,0,,0,NA,NewYork,BOUNCE,2006.10.04 13:00,NA,,S-ZG-BO,S-ZO-UN,B-ZF-BO,B-ZB-BO,S-ZC-UN,S-ZG-BO,S-ZB-BR,S-ZD-BR,S-ZG-BR,B-ZB-UN,B-ZD-BO,B-ZD-BR,B-ZO-BR,S-ZB-UN,B-ZF-BO,B-ZE-BR,S-ZB-UN,S-ZE-UN,B-ZO-BR,S-ZH-UN
509,2006.10.03 00:00,GBPJPY,60,86400,BUY,ZD,1,221.320,219.940,1380.0,222.080,220.620,1460.0,105.797,49.28,700.0,325.7,221.320,220.620,222.780,BOUNCE,2006.10.04 01:00,1,2006.10.05 14:00,0,,0,,1,1d 13h,Asia,NA,,NA,,219.240,UNTOUCHED,,0,,0,,0,,0,NA,Other,NA,,NA,,222.020,BREAK,2006.10.03 00:00,0,,0,,0,,0,NA,Asia,BOUNCE,2006.10.04 13:00,NA,,219.920,UNTOUCHED,,0,,0,,0,,0,NA,Other,NA,,NA,,S-ZE-UN,S-ZG-BO,S-ZO-UN,B-ZF-BO,B-ZB-BO,S-ZC-UN,S-ZG-BO,S-ZB-BR,S-ZD-BR,S-ZG-BR,B-ZD-BR,B-ZO-BR,S-ZB-UN,B-ZF-BO,B-ZE-BR,S-ZB-UN,S-ZE-UN,B-ZO-BR,S-ZH-UN,B-ZG-BR
510,2006.10.04 00:00,GBPJPY,60,86400,BUY,ZD,1,222.080,220.620,1460.0,222.690,221.620,1070.0,73.288,68.49,460.0,344.6,222.080,221.620,223.150,BREAK,2006.10.20 17:00,0,,0,,0,,0,NA,NewYork,BOUNCE,2006.10.23 02:00,NA,,220.160,UNTOUCHED,,0,,0,,0,,0,NA,Other,NA,,NA,,222.540,BOUNCE,2006.10.04 00:00,1,2006.10.05 15:00,0,,0,,1,1d 15h,Asia,NA,,NA,,221.160,BREAK,2006.10.05 15:00,0,,0,,0,,0,NA,NewYork,BOUNCE,2006.10.05 21:00,NA,,B-ZD-BO,S-ZE-UN,S-ZG-BO,S-ZO-UN,B-ZF-BO,B-ZB-BO,S-ZC-UN,S-ZG-BO,S-ZB-BR,S-ZD-BR,B-ZO-BR,S-ZB-UN,B-ZF-BO,B-ZE-BR,S-ZB-UN,S-ZE-UN,B-ZO-BR,S-ZH-UN,B-ZG-BR,S-ZG-UN
511,2006.10.05 00:00,GBPJPY,60,86400,BUY,ZO,0,222.690,221.620,1070.0,222.870,221.800,1070.0,100.000,16.82,890.0,252.5,222.690,221.800,223.760,BREAK,2006.10.20 21:00,0,,0,,0,,0,NA,Other,BREAK,2006.11.09 13:00,BREAK,2006.11.28 11:00,220.730,BREAK,2006.10.05 16:00,0,,0,,0,,0,NA,NewYork,UNTOUCHED,,NA,,223.580,BREAK,2006.10.20 21:00,0,,0,,0,,0,NA,Other,BREAK,2006.11.09 12:00,BREAK,2006.11.28 11:00,220.910,BREAK,2006.10.05 15:00,0,,0,,0,,0,NA,NewYork,UNTOUCHED,,NA,,B-ZD-BR,B-ZD-BO,S-ZE-UN,S-ZG-BO,S-ZO-UN,B-ZF-BO,B-ZB-BO,S-ZC-UN,S-ZG-BO,S-ZB-BR,S-ZB-UN,B-ZF-BO,B-ZE-BR,S-ZB-UN,S-ZE-UN,B-ZO-BR,S-ZH-UN,B-ZG-BR,S-ZG-UN,B-ZB-BO
512,2006.10.06 00:00,GBPJPY,60,86400,SELL,ZB,1,222.870,221.800,1070.0,222.430,220.440,1990.0,185.981,41.12,630.0,252.5,222.430,221.800,219.810,UNTOUCHED,,0,,0,,0,,0,NA,Other,NA,,NA,,223.500,BREAK,2006.10.20 18:00,0,,0,,0,,0,NA,NewYork,BOUNCE,2006.10.27 16:00,NA,,221.170,BOUNCE,2006.10.06 00:00,1,2006.10.09 08:00,1,2006.10.20 18:00,0,,2,2w 0d,Asia,NA,,NA,,223.060,BOUNCE,2006.10.09 08:00,0,,0,,0,,0,NA,London,NA,,NA,,B-ZO-BR,B-ZD-BR,B-ZD-BO,S-ZE-UN,S-ZG-BO,S-ZO-UN,B-ZF-BO,B-ZB-BO,S-ZC-UN,S-ZG-BO,B-ZF-BO,B-ZE-BR,S-ZB-UN,S-ZE-UN,B-ZO-BR,S-ZH-UN,B-ZG-BR,S-ZG-UN,B-ZB-BO,B-ZG-BO
513,2006.10.09 01:00,GBPJPY,60,86400,BUY,ZF,0,222.430,220.440,1990.0,222.740,221.070,1670.0,83.920,31.66,1360.0,469.6,222.430,221.070,224.100,BOUNCE,2006.10.27 03:00,0,,0,,0,,0,NA,Asia,NA,,NA,,219.080,UNTOUCHED,,0,,0,,0,,0,NA,Other,NA,,NA,,223.790,BREAK,2006.10.26 12:00,0,,0,,0,,0,NA,London,BOUNCE,2006.11.14 03:00,NA,,219.710,UNTOUCHED,,0,,0,,0,,0,NA,Other,NA,,NA,,S-ZB-UN,B-ZO-BR,B-ZD-BR,B-ZD-BO,S-ZE-UN,S-ZG-BO,S-ZO-UN,B-ZF-BO,B-ZB-BO,S-ZC-UN,B-ZE-BR,S-ZB-UN,S-ZE-UN,B-ZO-BR,S-ZH-UN,B-ZG-BR,S-ZG-UN,B-ZB-BO,B-ZG-BO,B-ZF-BO
514,2006.10.10 00:00,GBPJPY,60,86400,BUY,ZE,1,222.740,221.070,1670.0,223.120,221.960,1160.0,69.461,53.29,780.0,394.1,222.740,221.960,223.900,BREAK,2006.10.26 15:00,0,,0,,0,,0,NA,NewYork,BREAK,2006.11.09 14:00,BREAK,2006.11.28 11:00,220.290,UNTOUCHED,,0,,0,,0,,0,NA,Other,NA,,NA,,223.520,BREAK,2006.10.20 18:00,0,,0,,0,,0,NA,NewYork,BOUNCE,2006.10.27 16:00,NA,,221.180,UNTOUCHED,,0,,0,,0,,0,NA,Other,NA,,NA,,B-ZF-BO,S-ZB-UN,B-ZO-BR,B-ZD-BR,B-ZD-BO,S-ZE-UN,S-ZG-BO,S-ZO-UN,B-ZF-BO,B-ZB-BO,S-ZB-UN,S-ZE-UN,B-ZO-BR,S-ZH-UN,B-ZG-BR,S-ZG-UN,B-ZB-BO,B-ZG-BO,B-ZF-BO,B-ZO-BR
515,2006.10.11 00:00,GBPJPY,60,86400,SELL,ZB,1,223.120,221.960,1160.0,222.580,221.650,930.0,80.172,46.55,620.0,273.8,222.580,221.960,221.030,UNTOUCHED,,0,,0,,0,,0,NA,Other,NA,,NA,,223.740,BOUNCE,2006.10.20 21:00,1,2006.10.30 05:00,0,,0,,1,1w 2d,Other,NA,,NA,,221.340,BOUNCE,2006.10.17 11:00,1,2006.10.20 17:00,1,2006.10.20 21:00,0,,2,3d 10h,London,NA,,NA,,223.200,BREAK,2006.10.20 17:00,0,,0,,0,,0,NA,NewYork,BREAK,2006.10.27 03:00,BREAK,2006.11.09 12:00,B-ZE-BR,B-ZF-BO,S-ZB-UN,B-ZO-BR,B-ZD-BR,B-ZD-BO,S-ZE-UN,S-ZG-BO,S-ZO-UN,B-ZF-BO,S-ZE-UN,B-ZO-BR,S-ZH-UN,B-ZG-BR,S-ZG-UN,B-ZB-BO,B-ZG-BO,B-ZF-BO,B-ZO-BR,B-ZB-BO
516,2006.10.12 00:00,GBPJPY,60,86400,SELL,ZE,1,222.580,221.650,930.0,222.140,221.500,640.0,68.817,47.31,490.0,219.5,222.140,221.650,221.010,UNTOUCHED,,0,,0,,0,,0,NA,Other,NA,,NA,,223.070,BREAK,2006.10.20 15:00,0,,0,,0,,0,NA,NewYork,BOUNCE,2006.10.23 16:00,NA,,221.160,UNTOUCHED,,0,,0,,0,,0,NA,Other,NA,,NA,,222.630,BREAK,2006.10.20 13:00,0,,0,,0,,0,NA,NewYork,BREAK,2006.10.20 17:00,BOUNCE,2006.10.23 12:00,S-ZB-UN,B-ZE-BR,B-ZF-BO,S-ZB-UN,B-ZO-BR,B-ZD-BR,B-ZD-BO,S-ZE-UN,S-ZG-BO,S-ZO-UN,B-ZO-BR,S-ZH-UN,B-ZG-BR,S-ZG-UN,B-ZB-BO,B-ZG-BO,B-ZF-BO,B-ZO-BR,B-ZB-BO,S-ZG-BR
517,2006.10.13 00:00,GBPJPY,60,86400,BUY,ZO,0,222.140,221.500,640.0,222.360,221.640,720.0,112.500,21.87,500.0,151.0,222.140,221.640,222.860,BREAK,2006.10.20 14:00,0,,0,,0,,0,NA,NewYork,BREAK,2006.10.20 18:00,BREAK,2006.10.26 16:00,221.000,UNTOUCHED,,0,,0,,0,,0,NA,Other,NA,,NA,,222.640,BREAK,2006.10.20 13:00,0,,0,,0,,0,NA,NewYork,BREAK,2006.10.20 17:00,BOUNCE,2006.10.23 02:00,221.140,UNTOUCHED,,0,,0,,0,,0,NA,Other,NA,,NA,,S-ZE-UN,S-ZB-UN,B-ZE-BR,B-ZF-BO,S-ZB-UN,B-ZO-BR,B-ZD-BR,B-ZD-BO,S-ZE-UN,S-ZG-BO,S-ZH-UN,B-ZG-BR,S-ZG-UN,B-ZB-BO,B-ZG-BO,B-ZF-BO,B-ZO-BR,B-ZB-BO,S-ZG-BR,S-ZO-BR
518,2006.10.17 00:00,GBPJPY,60,86400,SELL,ZH,0,222.380,221.620,760.0,222.190,221.380,810.0,106.579,25.00,570.0,179.4,222.190,221.620,220.810,UNTOUCHED,,0,,0,,0,,0,NA,Other,NA,,NA,,222.950,BREAK,2006.10.20 14:00,0,,0,,0,,0,NA,NewYork,BREAK,2006.10.20 21:00,BREAK,2006.10.27 04:00,221.050,UNTOUCHED,,0,,0,,0,,0,NA,Other,NA,,NA,,222.760,BREAK,2006.10.20 14:00,0,,0,,0,,0,NA,NewYork,BREAK,2006.10.20 18:00,BREAK,2006.10.27 03:00,B-ZO-BR,S-ZE-UN,S-ZB-UN,B-ZE-BR,B-ZF-BO,S-ZB-UN,B-ZO-BR,B-ZD-BR,B-ZD-BO,S-ZE-UN,B-ZG-BR,S-ZG-UN,B-ZB-BO,B-ZG-BO,B-ZF-BO,B-ZO-BR,B-ZB-BO,S-ZG-BR,S-ZO-BR,B-ZB-BR
519,2006.10.19 00:00,GBPJPY,60,86400,BUY,ZG,0,222.550,221.210,1340.0,222.560,221.500,1060.0,79.104,21.64,1050.0,316.2,222.550,221.500,223.610,BREAK,2006.10.20 21:00,0,,0,,0,,0,NA,Other,BREAK,2006.11.09 14:00,BREAK,2006.11.28 11:00,220.160,UNTOUCHED,,0,,0,,0,,0,NA,Other,NA,,NA,,223.600,BREAK,2006.10.20 21:00,0,,0,,0,,0,NA,Other,BREAK,2006.11.09 14:00,BREAK,2006.11.28 11:00,220.450,UNTOUCHED,,0,,0,,0,,0,NA,Other,NA,,NA,,S-ZH-UN,B-ZO-BR,S-ZE-UN,S-ZB-UN,B-ZE-BR,B-ZF-BO,S-ZB-UN,B-ZO-BR,B-ZD-BR,B-ZD-BO,S-ZG-UN,B-ZB-BO,B-ZG-BO,B-ZF-BO,B-ZO-BR,B-ZB-BO,S-ZG-BR,S-ZO-BR,B-ZB-BR,S-ZO-BO
520,2006.10.20 00:00,GBPJPY,60,86400,SELL,ZG,0,222.560,221.500,1060.0,222.300,221.350,950.0,89.623,24.53,800.0,250.2,222.300,221.500,220.550,UNTOUCHED,,0,,0,,0,,0,NA,Other,NA,,NA,,223.360,BREAK,2006.10.20 18:00,0,,0,,0,,0,NA,NewYork,BOUNCE,2006.10.27 17:00,NA,,220.700,UNTOUCHED,,0,,0,,0,,0,NA,Other,NA,,NA,,223.100,BREAK,2006.10.20 17:00,0,,0,,0,,0,NA,NewYork,BREAK,2006.10.27 04:00,BREAK,2006.11.09 14:00,B-ZG-BR,S-ZH-UN,B-ZO-BR,S-ZE-UN,S-ZB-UN,B-ZE-BR,B-ZF-BO,S-ZB-UN,B-ZO-BR,B-ZD-BR,B-ZB-BO,B-ZG-BO,B-ZF-BO,B-ZO-BR,B-ZB-BO,S-ZG-BR,S-ZO-BR,B-ZB-BR,S-ZO-BO,S-ZF-UN
521,2006.10.23 01:00,GBPJPY,60,86400,BUY,ZB,1,222.300,221.350,950.0,223.760,221.780,1980.0,208.421,45.26,520.0,224.2,222.300,221.780,224.280,BOUNCE,2006.10.27 04:00,1,2006.10.27 17:00,0,,0,,1,13h,Asia,NA,,NA,,220.830,UNTOUCHED,,0,,0,,0,,0,NA,Other,NA,,NA,,222.820,BREAK,2006.10.23 01:00,0,,0,,0,,0,NA,Asia,BREAK,2006.10.23 06:00,BREAK,2006.10.27 03:00,221.260,UNTOUCHED,,0,,0,,0,,0,NA,Other,NA,,NA,,S-ZG-UN,B-ZG-BR,S-ZH-UN,B-ZO-BR,S-ZE-UN,S-ZB-UN,B-ZE-BR,B-ZF-BO,S-ZB-UN,B-ZO-BR,B-ZG-BO,B-ZF-BO,B-ZO-BR,B-ZB-BO,S-ZG-BR,S-ZO-BR,B-ZB-BR,S-ZO-BO,S-ZF-UN,S-ZC-UN
522,2006.10.25 00:00,GBPJPY,60,86400,BUY,ZG,0,223.650,223.000,650.0,223.790,223.150,640.0,98.462,23.08,500.0,153.4,223.650,223.150,224.290,BOUNCE,2006.10.27 04:00,1,2006.10.27 17:00,1,2006.10.27 17:00,1,2006.10.30 05:00,3,3d 1h,Asia,NA,,NA,,222.500,BOUNCE,2006.10.30 05:00,1,2006.10.30 20:00,1,2006.11.03 16:00,1,2006.11.03 16:00,3,4d 11h,Asia,NA,,NA,,224.150,BREAK,2006.10.27 03:00,0,,0,,0,,0,NA,Asia,BOUNCE,2006.11.07 08:00,NA,,222.650,BOUNCE,2006.10.27 17:00,1,2006.11.03 16:00,1,2006.11.03 16:00,0,,2,6d 23h,NewYork,NA,,NA,,B-ZB-BO,S-ZG-UN,B-ZG-BR,S-ZH-UN,B-ZO-BR,S-ZE-UN,S-ZB-UN,B-ZE-BR,B-ZF-BO,S-ZB-UN,B-ZF-BO,B-ZO-BR,B-ZB-BO,S-ZG-BR,S-ZO-BR,B-ZB-BR,S-ZO-BO,S-ZF-UN,S-ZC-UN,B-ZE-BR
523,2006.10.27 00:00,GBPJPY,60,86400,BUY,ZF,0,223.770,223.240,530.0,224.070,223.300,770.0,145.283,11.32,470.0,125.1,223.770,223.300,224.540,BOUNCE,2006.11.06 16:00,1,2006.11.14 10:00,1,2006.11.14 17:00,1,2006.11.14 17:00,3,1w 1d,NewYork,NA,,NA,,222.770,BREAK,2006.10.27 17:00,0,,0,,0,,0,NA,NewYork,UNTOUCHED,,NA,,224.240,BOUNCE,2006.10.27 04:00,1,2006.10.27 17:00,1,2006.10.27 17:00,0,,2,13h,Asia,NA,,NA,,222.830,BREAK,2006.10.27 17:00,0,,0,,0,,0,NA,NewYork,BOUNCE,2006.11.24 03:00,NA,,B-ZG-BO,B-ZB-BO,S-ZG-UN,B-ZG-BR,S-ZH-UN,B-ZO-BR,S-ZE-UN,S-ZB-UN,B-ZE-BR,B-ZF-BO,B-ZO-BR,B-ZB-BO,S-ZG-BR,S-ZO-BR,B-ZB-BR,S-ZO-BO,S-ZF-UN,S-ZC-UN,B-ZE-BR,S-ZD-BO
524,2006.11.01 00:00,GBPJPY,60,86400,BUY,ZO,0,223.500,222.420,1080.0,224.010,222.530,1480.0,137.037,10.19,970.0,254.9,223.500,222.530,224.980,BREAK,2006.11.09 14:00,0,,0,,0,,0,NA,NewYork,BREAK,2006.11.28 15:00,BOUNCE,2006.11.29 04:00,221.450,UNTOUCHED,,0,,0,,0,,0,NA,Other,NA,,NA,,224.470,BREAK,2006.11.03 19:00,0,,0,,0,,0,NA,NewYork,BREAK,2006.11.28 11:00,BREAK,2006.11.28 23:00,221.560,UNTOUCHED,,0,,0,,0,,0,NA,Other,NA,,NA,,B-ZF-BO,B-ZG-BO,B-ZB-BO,S-ZG-UN,B-ZG-BR,S-ZH-UN,B-ZO-BR,S-ZE-UN,S-ZB-UN,B-ZE-BR,B-ZB-BO,S-ZG-BR,S-ZO-BR,B-ZB-BR,S-ZO-BO,S-ZF-UN,S-ZC-UN,B-ZE-BR,S-ZD-BO,S-ZB-UN
525,2006.11.04 00:00,GBPJPY,60,86400,BUY,ZB,1,223.730,222.630,1100.0,224.530,223.180,1350.0,122.727,50.00,550.0,259.6,223.730,223.180,225.080,BOUNCE,2006.11.09 14:00,1,2006.11.14 03:00,1,2006.11.14 18:00,0,,2,5d 4h,NewYork,NA,,NA,,222.080,UNTOUCHED,,0,,0,,0,,0,NA,Other,NA,,NA,,224.280,BREAK,2006.11.04 00:00,0,,0,,0,,0,NA,Asia,BREAK,2006.11.09 14:00,BREAK,2006.11.28 11:00,222.630,BOUNCE,2006.11.14 18:00,1,2006.11.27 03:00,1,2006.11.27 03:00,0,,2,1w 5d,NewYork,NA,,NA,,B-ZO-BR,B-ZF-BO,B-ZG-BO,B-ZB-BO,S-ZG-UN,B-ZG-BR,S-ZH-UN,B-ZO-BR,S-ZE-UN,S-ZB-UN,S-ZG-BR,S-ZO-BR,B-ZB-BR,S-ZO-BO,S-ZF-UN,S-ZC-UN,B-ZE-BR,S-ZD-BO,S-ZB-UN,B-ZF-BR
526,2006.11.08 00:00,GBPJPY,60,86400,SELL,ZG,0,224.650,223.990,660.0,224.620,223.980,640.0,96.970,4.55,630.0,155.8,224.620,223.990,223.350,BREAK,2006.11.14 14:00,0,,0,,0,,0,NA,NewYork,BOUNCE,2006.11.15 11:00,NA,,225.280,BREAK,2006.11.28 10:00,0,,0,,0,,0,NA,London,BREAK,2006.11.28 11:00,BREAK,2006.11.29 00:00,223.360,BREAK,2006.11.14 14:00,0,,0,,0,,0,NA,NewYork,BOUNCE,2006.11.15 11:00,NA,,225.250,BOUNCE,2006.11.09 14:00,1,2006.11.14 14:00,1,2006.11.14 14:00,0,,2,5d 0h,NewYork,NA,,NA,,B-ZB-BO,B-ZO-BR,B-ZF-BO,B-ZG-BO,B-ZB-BO,S-ZG-UN,B-ZG-BR,S-ZH-UN,B-ZO-BR,S-ZE-UN,S-ZO-BR,B-ZB-BR,S-ZO-BO,S-ZF-UN,S-ZC-UN,B-ZE-BR,S-ZD-BO,S-ZB-UN,B-ZF-BR,B-ZE-BR
527,2006.11.09 00:00,GBPJPY,60,86400,SELL,ZO,0,224.620,223.980,640.0,224.580,223.920,660.0,103.125,6.25,600.0,151.0,224.580,223.980,223.320,BREAK,2006.11.14 14:00,0,,0,,0,,0,NA,NewYork,BOUNCE,2006.11.15 11:00,NA,,225.220,BOUNCE,2006.11.09 14:00,1,2006.11.14 03:00,1,2006.11.14 14:00,1,2006.11.14 14:00,3,5d 0h,NewYork,NA,,NA,,223.380,BREAK,2006.11.14 14:00,0,,0,,0,,0,NA,NewYork,BREAK,2006.11.14 18:00,UNTOUCHED,,225.180,BOUNCE,2006.11.09 14:00,1,2006.11.14 14:00,1,2006.11.14 14:00,0,,2,5d 0h,NewYork,NA,,NA,,S-ZG-BR,B-ZB-BO,B-ZO-BR,B-ZF-BO,B-ZG-BO,B-ZB-BO,S-ZG-UN,B-ZG-BR,S-ZH-UN,B-ZO-BR,B-ZB-BR,S-ZO-BO,S-ZF-UN,S-ZC-UN,B-ZE-BR,S-ZD-BO,S-ZB-UN,B-ZF-BR,B-ZE-BR,B-ZF-BO
528,2006.11.10 00:00,GBPJPY,60,86400,BUY,ZB,1,224.580,223.920,660.0,225.270,224.340,930.0,140.909,63.64,240.0,155.8,224.580,224.340,225.510,BREAK,2006.11.28 11:00,0,,0,,0,,0,NA,London,BREAK,2006.11.28 12:00,BREAK,2006.11.28 14:00,223.680,BREAK,2006.11.14 10:00,0,,0,,0,,0,NA,London,BREAK,2006.11.14 14:00,BREAK,2006.11.14 16:00,224.820,BREAK,2006.11.10 13:00,0,,0,,0,,0,NA,NewYork,BOUNCE,2006.11.28 09:00,NA,,224.100,BOUNCE,2006.11.14 02:00,1,2006.11.27 08:00,1,2006.11.27 08:00,0,,2,1w 6d,Asia,NA,,NA,,S-ZO-BR,S-ZG-BR,B-ZB-BO,B-ZO-BR,B-ZF-BO,B-ZG-BO,B-ZB-BO,S-ZG-UN,B-ZG-BR,S-ZH-UN,S-ZO-BO,S-ZF-UN,S-ZC-UN,B-ZE-BR,S-ZD-BO,S-ZB-UN,B-ZF-BR,B-ZE-BR,B-ZF-BO,B-ZB-BR
529,2006.11.11 00:00,GBPJPY,60,86400,SELL,ZO,0,225.270,224.340,930.0,225.030,224.220,810.0,87.097,25.81,690.0,219.5,225.030,224.340,223.530,BOUNCE,2006.11.14 10:00,1,2006.11.27 08:00,1,2006.11.28 11:00,1,2006.11.28 11:00,3,2w 0d,London,NA,,NA,,225.960,BREAK,2006.11.28 11:00,0,,0,,0,,0,NA,London,BREAK,2006.11.29 02:00,BREAK,2006.11.30 19:00,223.650,BREAK,2006.11.14 10:00,0,,0,,0,,0,NA,London,BREAK,2006.11.14 18:00,UNTOUCHED,,225.720,BREAK,2006.11.28 11:00,0,,0,,0,,0,NA,London,BREAK,2006.11.28 22:00,BOUNCE,2006.11.29 17:00,B-ZB-BR,S-ZO-BR,S-ZG-BR,B-ZB-BO,B-ZO-BR,B-ZF-BO,B-ZG-BO,B-ZB-BO,S-ZG-UN,B-ZG-BR,S-ZF-UN,S-ZC-UN,B-ZE-BR,S-ZD-BO,S-ZB-UN,B-ZF-BR,B-ZE-BR,B-ZF-BO,B-ZB-BR,S-ZB-BO
530,2006.11.15 00:00,GBPJPY,60,86400,SELL,ZF,1,224.770,224.210,560.0,224.680,222.600,2080.0,371.429,16.07,470.0,132.2,224.680,224.210,222.130,UNTOUCHED,,0,,0,,0,,0,NA,Other,NA,,NA,,225.240,BREAK,2006.11.28 10:00,0,,0,,0,,0,NA,London,BREAK,2006.11.28 11:00,BREAK,2006.11.28 16:00,223.740,BREAK,2006.11.15 00:00,0,,0,,0,,0,NA,Asia,BREAK,2006.11.15 01:00,BREAK,2006.11.15 13:00,225.150,BREAK,2006.11.28 10:00,0,,0,,0,,0,NA,London,BREAK,2006.11.28 11:00,BREAK,2006.11.28 16:00,S-ZO-BO,B-ZB-BR,S-ZO-BR,S-ZG-BR,B-ZB-BO,B-ZO-BR,B-ZF-BO,B-ZG-BO,B-ZB-BO,S-ZG-UN,S-ZC-UN,B-ZE-BR,S-ZD-BO,S-ZB-UN,B-ZF-BR,B-ZE-BR,B-ZF-BO,B-ZB-BR,S-ZB-BO,S-ZC-UN
531,2006.11.16 00:00,GBPJPY,60,86400,SELL,ZC,1,224.680,222.600,2080.0,223.430,222.480,950.0,45.673,60.10,830.0,490.9,223.430,222.600,221.650,UNTOUCHED,,0,,0,,0,,0,NA,Other,NA,,NA,,225.510,BREAK,2006.11.28 11:00,0,,0,,0,,0,NA,London,BREAK,2006.11.29 01:00,BREAK,2006.11.30 20:00,221.770,UNTOUCHED,,0,,0,,0,,0,NA,Other,NA,,NA,,224.260,BREAK,2006.11.27 03:00,0,,0,,0,,0,NA,Asia,BREAK,2006.11.28 11:00,BREAK,2006.11.28 16:00,S-ZF-UN,S-ZO-BO,B-ZB-BR,S-ZO-BR,S-ZG-BR,B-ZB-BO,B-ZO-BR,B-ZF-BO,B-ZG-BO,B-ZB-BO,B-ZE-BR,S-ZD-BO,S-ZB-UN,B-ZF-BR,B-ZE-BR,B-ZF-BO,B-ZB-BR,S-ZB-BO,S-ZC-UN,B-ZF-BR
532,2006.11.22 00:00,GBPJPY,60,86400,BUY,ZE,1,224.190,223.130,1060.0,224.260,223.660,600.0,56.604,50.00,530.0,250.2,224.190,223.660,224.790,BREAK,2006.11.27 08:00,0,,0,,0,,0,NA,London,BREAK,2006.11.28 11:00,BREAK,2006.11.28 12:00,222.600,BREAK,2006.11.23 12:00,0,,0,,0,,0,NA,London,UNTOUCHED,,NA,,224.720,BREAK,2006.11.27 07:00,0,,0,,0,,0,NA,London,BREAK,2006.11.28 11:00,BREAK,2006.11.28 12:00,223.130,BOUNCE,2006.11.22 18:00,1,2006.11.27 07:00,1,2006.11.27 07:00,0,,2,4d 13h,NewYork,NA,,NA,,S-ZC-UN,S-ZF-UN,S-ZO-BO,B-ZB-BR,S-ZO-BR,S-ZG-BR,B-ZB-BO,B-ZO-BR,B-ZF-BO,B-ZG-BO,S-ZD-BO,S-ZB-UN,B-ZF-BR,B-ZE-BR,B-ZF-BO,B-ZB-BR,S-ZB-BO,S-ZC-UN,B-ZF-BR,B-ZB-BO
533,2006.11.23 00:00,GBPJPY,60,86400,SELL,ZD,1,224.260,223.660,600.0,223.980,223.000,980.0,163.333,46.67,320.0,141.6,223.980,223.660,222.680,BOUNCE,2006.11.23 12:00,1,2006.11.24 11:00,1,2006.11.27 04:00,1,2006.11.27 07:00,3,3d 19h,London,NA,,NA,,224.580,BREAK,2006.11.27 07:00,0,,0,,0,,0,NA,London,BOUNCE,2006.11.27 08:00,NA,,223.340,BREAK,2006.11.23 00:00,0,,0,,0,,0,NA,Asia,BREAK,2006.11.23 12:00,BREAK,2006.11.23 13:00,224.300,BREAK,2006.11.27 04:00,0,,0,,0,,0,NA,Asia,BREAK,2006.11.27 08:00,BOUNCE,2006.11.27 11:00,B-ZE-BR,S-ZC-UN,S-ZF-UN,S-ZO-BO,B-ZB-BR,S-ZO-BR,S-ZG-BR,B-ZB-BO,B-ZO-BR,B-ZF-BO,S-ZB-UN,B-ZF-BR,B-ZE-BR,B-ZF-BO,B-ZB-BR,S-ZB-BO,S-ZC-UN,B-ZF-BR,B-ZB-BO,B-ZE-BO
534,2006.11.24 00:00,GBPJPY,60,86400,SELL,ZB,1,223.980,223.000,980.0,223.560,222.330,1230.0,125.510,42.86,560.0,231.3,223.560,223.000,221.770,UNTOUCHED,,0,,0,,0,,0,NA,Other,NA,,NA,,224.540,BREAK,2006.11.27 07:00,0,,0,,0,,0,NA,London,BREAK,2006.11.28 10:00,BREAK,2006.11.28 11:00,222.440,UNTOUCHED,,0,,0,,0,,0,NA,Other,NA,,NA,,224.120,BREAK,2006.11.27 03:00,0,,0,,0,,0,NA,Asia,BREAK,2006.11.27 08:00,BREAK,2006.11.28 10:00,S-ZD-BO,B-ZE-BR,S-ZC-UN,S-ZF-UN,S-ZO-BO,B-ZB-BR,S-ZO-BR,S-ZG-BR,B-ZB-BO,B-ZO-BR,B-ZF-BR,B-ZE-BR,B-ZF-BO,B-ZB-BR,S-ZB-BO,S-ZC-UN,B-ZF-BR,B-ZB-BO,B-ZE-BO,B-ZF-BR
535,2006.11.25 00:00,GBPJPY,60,86400,BUY,ZF,0,223.560,222.330,1230.0,223.920,222.570,1350.0,109.756,19.51,990.0,290.3,223.560,222.570,224.910,BREAK,2006.11.27 08:00,0,,0,,0,,0,NA,London,BREAK,2006.11.28 15:00,BOUNCE,2006.11.29 04:00,221.340,UNTOUCHED,,0,,0,,0,,0,NA,Other,NA,,NA,,224.550,BREAK,2006.11.27 07:00,0,,0,,0,,0,NA,London,BREAK,2006.11.28 11:00,BREAK,2006.11.29 01:00,221.580,UNTOUCHED,,0,,0,,0,,0,NA,Other,NA,,NA,,S-ZB-UN,S-ZD-BO,B-ZE-BR,S-ZC-UN,S-ZF-UN,S-ZO-BO,B-ZB-BR,S-ZO-BR,S-ZG-BR,B-ZB-BO,B-ZE-BR,B-ZF-BO,B-ZB-BR,S-ZB-BO,S-ZC-UN,B-ZF-BR,B-ZB-BO,B-ZE-BO,B-ZF-BR,S-ZF-BR
536,2006.11.30 00:00,GBPJPY,60,86400,BUY,ZE,1,226.690,224.760,1930.0,227.170,225.700,1470.0,76.166,48.70,990.0,455.5,226.690,225.700,228.160,BREAK,2006.12.01 09:00,0,,0,,0,,0,NA,London,BREAK,2006.12.12 15:00,BREAK,2006.12.13 08:00,223.770,UNTOUCHED,,0,,0,,0,,0,NA,Other,NA,,NA,,227.680,BREAK,2006.11.30 20:00,0,,0,,0,,0,NA,NewYork,BOUNCE,2006.12.05 10:00,NA,,224.710,UNTOUCHED,,0,,0,,0,,0,NA,Other,NA,,NA,,B-ZF-BR,S-ZB-UN,S-ZD-BO,B-ZE-BR,S-ZC-UN,S-ZF-UN,S-ZO-BO,B-ZB-BR,S-ZO-BR,S-ZG-BR,B-ZF-BO,B-ZB-BR,S-ZB-BO,S-ZC-UN,B-ZF-BR,B-ZB-BO,B-ZE-BO,B-ZF-BR,S-ZF-BR,S-ZF-BR
537,2006.12.01 00:00,GBPJPY,60,86400,BUY,ZF,0,227.170,225.700,1470.0,227.800,226.170,1630.0,110.884,31.97,1000.0,346.9,227.170,226.170,228.800,BOUNCE,2006.12.01 09:00,1,2006.12.05 11:00,0,,0,,1,4d 2h,London,NA,,NA,,224.700,UNTOUCHED,,0,,0,,0,,0,NA,Other,NA,,NA,,228.170,BREAK,2006.12.01 09:00,0,,0,,0,,0,NA,London,BREAK,2006.12.12 14:00,BREAK,2006.12.13 04:00,225.170,UNTOUCHED,,0,,0,,0,,0,NA,Other,NA,,NA,,B-ZE-BR,B-ZF-BR,S-ZB-UN,S-ZD-BO,B-ZE-BR,S-ZC-UN,S-ZF-UN,S-ZO-BO,B-ZB-BR,S-ZO-BR,B-ZB-BR,S-ZB-BO,S-ZC-UN,B-ZF-BR,B-ZB-BO,B-ZE-BO,B-ZF-BR,S-ZF-BR,S-ZF-BR,B-ZB-BO
538,2006.12.02 00:00,GBPJPY,60,86400,BUY,ZB,1,227.800,226.170,1630.0,229.040,227.110,1930.0,118.405,57.67,690.0,384.7,227.800,227.110,229.730,BREAK,2006.12.12 15:00,0,,0,,0,,0,NA,NewYork,BREAK,2006.12.13 12:00,BREAK,2006.12.15 10:00,225.480,UNTOUCHED,,0,,0,,0,,0,NA,Other,NA,,NA,,228.490,BREAK,2006.12.02 00:00,0,,0,,0,,0,NA,Asia,BREAK,2006.12.12 15:00,BREAK,2006.12.12 18:00,226.420,BREAK,2006.12.05 14:00,0,,0,,0,,0,NA,NewYork,BOUNCE,2006.12.06 12:00,NA,,B-ZF-BO,B-ZE-BR,B-ZF-BR,S-ZB-UN,S-ZD-BO,B-ZE-BR,S-ZC-UN,S-ZF-UN,S-ZO-BO,B-ZB-BR,S-ZB-BO,S-ZC-UN,B-ZF-BR,B-ZB-BO,B-ZE-BO,B-ZF-BR,S-ZF-BR,S-ZF-BR,B-ZB-BO,B-ZE-BO
539,2006.12.06 00:00,GBPJPY,60,86400,SELL,ZB,1,228.980,228.010,970.0,228.560,226.290,2270.0,234.021,43.30,550.0,228.9,228.560,228.010,225.740,BOUNCE,2006.12.06 12:00,1,2006.12.08 18:00,1,2006.12.12 04:00,1,2006.12.12 14:00,3,6d 2h,London,NA,,NA,,229.530,BREAK,2006.12.12 14:00,0,,0,,0,,0,NA,NewYork,BREAK,2006.12.12 23:00,BREAK,2006.12.13 12:00,227.460,BREAK,2006.12.06 00:00,0,,0,,0,,0,NA,Asia,BREAK,2006.12.06 01:00,BREAK,2006.12.06 08:00,229.110,BREAK,2006.12.12 04:00,0,,0,,0,,0,NA,Asia,BREAK,2006.12.12 16:00,BREAK,2006.12.13 04:00,B-ZB-BR,B-ZF-BO,B-ZE-BR,B-ZF-BR,S-ZB-UN,S-ZD-BO,B-ZE-BR,S-ZC-UN,S-ZF-UN,S-ZO-BO,S-ZC-UN,B-ZF-BR,B-ZB-BO,B-ZE-BO,B-ZF-BR,S-ZF-BR,S-ZF-BR,B-ZB-BO,B-ZE-BO,B-ZF-BR
540,2006.12.07 00:00,GBPJPY,60,86400,SELL,ZC,1,228.560,226.290,2270.0,226.850,225.700,1150.0,50.661,75.33,560.0,535.7,226.850,226.290,225.140,UNTOUCHED,,0,,0,,0,,0,NA,Other,NA,,NA,,229.120,BREAK,2006.12.12 04:00,0,,0,,0,,0,NA,Asia,BREAK,2006.12.12 18:00,BREAK,2006.12.13 12:00,225.730,UNTOUCHED,,0,,0,,0,,0,NA,Other,NA,,NA,,227.410,BREAK,2006.12.08 19:00,0,,0,,0,,0,NA,NewYork,BREAK,2006.12.11 18:00,BREAK,2006.12.12 04:00,S-ZB-BO,B-ZB-BR,B-ZF-BO,B-ZE-BR,B-ZF-BR,S-ZB-UN,S-ZD-BO,B-ZE-BR,S-ZC-UN,S-ZF-UN,B-ZF-BR,B-ZB-BO,B-ZE-BO,B-ZF-BR,S-ZF-BR,S-ZF-BR,B-ZB-BO,B-ZE-BO,B-ZF-BR,B-ZB-BR
541,2006.12.09 00:00,GBPJPY,60,86400,BUY,ZF,1,226.770,225.850,920.0,227.780,225.920,1860.0,202.174,7.61,850.0,217.1,226.770,225.920,228.630,BREAK,2006.12.11 18:00,0,,0,,0,,0,NA,NewYork,BREAK,2006.12.12 15:00,BREAK,2006.12.13 05:00,225.000,UNTOUCHED,,0,,0,,0,,0,NA,Other,NA,,NA,,227.620,BREAK,2006.12.11 07:00,0,,0,,0,,0,NA,London,BREAK,2006.12.11 18:00,BREAK,2006.12.12 14:00,225.070,UNTOUCHED,,0,,0,,0,,0,NA,Other,NA,,NA,,S-ZC-UN,S-ZB-BO,B-ZB-BR,B-ZF-BO,B-ZE-BR,B-ZF-BR,S-ZB-UN,S-ZD-BO,B-ZE-BR,S-ZC-UN,B-ZB-BO,B-ZE-BO,B-ZF-BR,S-ZF-BR,S-ZF-BR,B-ZB-BO,B-ZE-BO,B-ZF-BR,B-ZB-BR,B-ZC-BR
542,2006.12.14 00:00,GBPJPY,60,86400,BUY,ZB,1,230.310,228.740,1570.0,231.250,229.890,1360.0,86.624,73.25,420.0,370.5,230.310,229.890,231.670,BOUNCE,2006.12.15 16:00,1,2006.12.15 18:00,1,2006.12.15 18:00,1,2007.01.08 03:00,3,3w 2d,NewYork,NA,,NA,,228.320,BOUNCE,2007.01.08 03:00,1,2007.01.08 14:00,1,2007.01.09 03:00,1,2007.01.09 14:00,3,1d 11h,Asia,NA,,NA,,230.730,BREAK,2006.12.14 00:00,0,,0,,0,,0,NA,Asia,BOUNCE,2006.12.14 16:00,NA,,229.470,BOUNCE,2006.12.15 18:00,1,2006.12.18 07:00,1,2006.12.18 07:00,0,,2,2d 13h,NewYork,NA,,NA,,B-ZF-BR,S-ZC-UN,S-ZB-BO,B-ZB-BR,B-ZF-BO,B-ZE-BR,B-ZF-BR,S-ZB-UN,S-ZD-BO,B-ZE-BR,B-ZE-BO,B-ZF-BR,S-ZF-BR,S-ZF-BR,B-ZB-BO,B-ZE-BO,B-ZF-BR,B-ZB-BR,B-ZC-BR,B-ZF-BR
543,2006.12.15 00:00,GBPJPY,60,86400,BUY,ZE,1,231.250,229.890,1360.0,231.390,230.650,740.0,54.412,55.88,600.0,321.0,231.250,230.650,231.990,BOUNCE,2006.12.19 12:00,1,2007.01.05 02:00,1,2007.01.05 03:00,1,2007.01.05 07:00,3,2w 2d,London,NA,,NA,,229.290,BREAK,2007.01.05 07:00,0,,0,,0,,0,NA,London,BOUNCE,2007.01.05 17:00,NA,,231.850,BREAK,2006.12.19 12:00,0,,0,,0,,0,NA,London,BREAK,2006.12.20 03:00,BOUNCE,2006.12.20 13:00,230.050,BREAK,2006.12.15 18:00,0,,0,,0,,0,NA,NewYork,BOUNCE,2006.12.18 13:00,NA,,B-ZB-BO,B-ZF-BR,S-ZC-UN,S-ZB-BO,B-ZB-BR,B-ZF-BO,B-ZE-BR,B-ZF-BR,S-ZB-UN,S-ZD-BO,B-ZF-BR,S-ZF-BR,S-ZF-BR,B-ZB-BO,B-ZE-BO,B-ZF-BR,B-ZB-BR,B-ZC-BR,B-ZF-BR,B-ZB-BR
544,2006.12.20 00:00,GBPJPY,60,86400,BUY,ZF,1,230.870,229.390,1480.0,232.510,229.660,2850.0,192.568,18.24,1210.0,349.3,230.870,229.660,233.720,BREAK,2006.12.29 15:00,0,,0,,0,,0,NA,NewYork,BREAK,2007.01.12 16:00,BREAK,2007.01.15 11:00,228.180,BOUNCE,2007.01.08 03:00,1,2007.01.09 03:00,1,2007.01.11 11:00,1,2007.01.11 15:00,3,3d 12h,Asia,NA,,NA,,232.080,BREAK,2006.12.20 00:00,0,,0,,0,,0,NA,Asia,BREAK,2006.12.28 16:00,BOUNCE,2007.01.03 18:00,228.450,BREAK,2007.01.08 03:00,0,,0,,0,,0,NA,Asia,UNTOUCHED,,NA,,B-ZE-BO,B-ZB-BO,B-ZF-BR,S-ZC-UN,S-ZB-BO,B-ZB-BR,B-ZF-BO,B-ZE-BR,B-ZF-BR,S-ZB-UN,S-ZF-BR,S-ZF-BR,B-ZB-BO,B-ZE-BO,B-ZF-BR,B-ZB-BR,B-ZC-BR,B-ZF-BR,B-ZB-BR,B-ZB-UN
545,2006.12.22 00:00,GBPJPY,60,86400,SELL,ZF,1,233.230,232.380,850.0,232.990,231.530,1460.0,171.765,28.24,610.0,200.6,232.990,232.380,230.920,BREAK,2007.01.05 02:00,0,,0,,0,,0,NA,Asia,BREAK,2007.01.05 04:00,BREAK,2007.01.05 06:00,233.840,BOUNCE,2006.12.29 15:00,1,2007.01.04 03:00,1,2007.01.04 11:00,1,2007.01.05 02:00,3,6d 11h,NewYork,NA,,NA,,231.770,BREAK,2006.12.27 17:00,0,,0,,0,,0,NA,NewYork,BREAK,2007.01.05 02:00,BREAK,2007.01.05 03:00,233.600,BOUNCE,2006.12.28 16:00,1,2007.01.04 11:00,1,2007.01.04 11:00,0,,2,6d 19h,NewYork,NA,,NA,,B-ZF-BR,B-ZE-BO,B-ZB-BO,B-ZF-BR,S-ZC-UN,S-ZB-BO,B-ZB-BR,B-ZF-BO,B-ZE-BR,B-ZF-BR,S-ZF-BR,B-ZB-BO,B-ZE-BO,B-ZF-BR,B-ZB-BR,B-ZC-BR,B-ZF-BR,B-ZB-BR,B-ZB-UN,S-ZF-BO
546,2006.12.28 00:00,GBPJPY,60,86400,SELL,ZF,1,233.090,232.520,570.0,232.950,231.540,1410.0,247.368,24.56,430.0,134.5,232.950,232.520,231.110,BREAK,2007.01.05 01:00,0,,0,,0,,0,NA,Asia,BREAK,2007.01.05 03:00,BREAK,2007.01.05 04:00,233.520,BOUNCE,2006.12.28 16:00,1,2007.01.03 23:00,1,2007.01.04 11:00,1,2007.01.05 01:00,3,1w 0d,NewYork,NA,,NA,,232.090,BOUNCE,2006.12.28 01:00,1,2006.12.28 16:00,1,2006.12.28 16:00,0,,2,15h,Asia,NA,,NA,,233.380,BREAK,2006.12.28 16:00,0,,0,,0,,0,NA,NewYork,BOUNCE,2006.12.29 15:00,NA,,S-ZF-BR,B-ZF-BR,B-ZE-BO,B-ZB-BO,B-ZF-BR,S-ZC-UN,S-ZB-BO,B-ZB-BR,B-ZF-BO,B-ZE-BR,B-ZB-BO,B-ZE-BO,B-ZF-BR,B-ZB-BR,B-ZC-BR,B-ZF-BR,B-ZB-BR,B-ZB-UN,S-ZF-BO,S-ZC-BR
547,2006.12.29 00:00,GBPJPY,60,86400,BUY,ZB,1,232.950,231.540,1410.0,233.640,232.080,1560.0,110.638,38.30,870.0,332.8,232.950,232.080,234.510,BOUNCE,2007.01.02 16:00,1,2007.01.03 22:00,1,2007.01.05 00:00,1,2007.01.05 03:00,3,2d 11h,NewYork,NA,,NA,,230.670,BREAK,2007.01.05 03:00,0,,0,,0,,0,NA,Asia,BREAK,2007.01.05 06:00,BREAK,2007.01.05 16:00,233.820,BOUNCE,2006.12.29 15:00,1,2007.01.05 00:00,1,2007.01.05 03:00,0,,2,6d 12h,NewYork,NA,,NA,,231.210,BREAK,2007.01.05 00:00,0,,0,,0,,0,NA,Asia,BREAK,2007.01.05 03:00,BREAK,2007.01.05 07:00,S-ZF-BR,S-ZF-BR,B-ZF-BR,B-ZE-BO,B-ZB-BO,B-ZF-BR,S-ZC-UN,S-ZB-BO,B-ZB-BR,B-ZF-BO,B-ZE-BO,B-ZF-BR,B-ZB-BR,B-ZC-BR,B-ZF-BR,B-ZB-BR,B-ZB-UN,S-ZF-BO,S-ZC-BR,B-ZE-UN
548,2006.12.30 00:00,GBPJPY,60,86400,BUY,ZE,1,233.640,232.080,1560.0,233.870,232.910,960.0,61.538,53.21,730.0,368.2,233.640,232.910,234.600,BOUNCE,2007.01.03 11:00,1,2007.01.03 18:00,1,2007.01.04 11:00,1,2007.01.04 23:00,3,1d 12h,London,NA,,NA,,231.350,BREAK,2007.01.04 23:00,0,,0,,0,,0,NA,Other,BREAK,2007.01.05 03:00,BREAK,2007.01.05 06:00,234.370,BREAK,2007.01.02 16:00,0,,0,,0,,0,NA,NewYork,BREAK,2007.01.12 18:00,BOUNCE,2007.01.15 03:00,232.180,BREAK,2007.01.04 11:00,0,,0,,0,,0,NA,London,BREAK,2007.01.05 01:00,BREAK,2007.01.05 03:00,B-ZB-BO,S-ZF-BR,S-ZF-BR,B-ZF-BR,B-ZE-BO,B-ZB-BO,B-ZF-BR,S-ZC-UN,S-ZB-BO,B-ZB-BR,B-ZF-BR,B-ZB-BR,B-ZC-BR,B-ZF-BR,B-ZB-BR,B-ZB-UN,S-ZF-BO,S-ZC-BR,B-ZE-UN,B-ZO-UN
549,2007.01.12 00:00,GBPJPY,60,86400,BUY,ZF,1,231.740,230.700,1040.0,234.840,230.830,4010.0,385.577,12.50,910.0,245.4,231.740,230.830,235.750,BREAK,2007.01.12 18:00,0,,0,,0,,0,NA,NewYork,BREAK,2007.01.15 12:00,BREAK,2007.01.17 21:00,229.790,UNTOUCHED,,0,,0,,0,,0,NA,Other,NA,,NA,,232.650,BREAK,2007.01.12 00:00,0,,0,,0,,0,NA,Asia,BREAK,2007.01.12 01:00,BREAK,2007.01.12 05:00,229.920,UNTOUCHED,,0,,0,,0,,0,NA,Other,NA,,NA,,B-ZE-BO,B-ZB-BO,S-ZF-BR,S-ZF-BR,B-ZF-BR,B-ZE-BO,B-ZB-BO,B-ZF-BR,S-ZC-UN,S-ZB-BO,B-ZB-BR,B-ZC-BR,B-ZF-BR,B-ZB-BR,B-ZB-UN,S-ZF-BO,S-ZC-BR,B-ZE-UN,B-ZO-UN,S-ZB-BO
550,2007.01.13 00:00,GBPJPY,60,86400,BUY,ZB,1,234.840,230.830,4010.0,235.910,233.870,2040.0,50.873,75.81,970.0,946.4,234.840,233.870,236.880,BREAK,2007.01.15 12:00,0,,0,,0,,0,NA,London,BREAK,2007.01.18 09:00,BREAK,2007.01.18 11:00,229.860,UNTOUCHED,,0,,0,,0,,0,NA,Other,NA,,NA,,235.810,BREAK,2007.01.15 02:00,0,,0,,0,,0,NA,Asia,BREAK,2007.01.17 19:00,BREAK,2007.01.18 09:00,232.900,BOUNCE,2007.02.15 23:00,1,2007.02.21 11:00,1,2007.02.21 11:00,0,,2,5d 12h,Other,NA,,NA,,B-ZF-BR,B-ZE-BO,B-ZB-BO,S-ZF-BR,S-ZF-BR,B-ZF-BR,B-ZE-BO,B-ZB-BO,B-ZF-BR,S-ZC-UN,B-ZC-BR,B-ZF-BR,B-ZB-BR,B-ZB-UN,S-ZF-BO,S-ZC-BR,B-ZE-UN,B-ZO-UN,S-ZB-BO,B-ZB-UN
551,2007.01.17 00:00,GBPJPY,60,86400,BUY,ZC,1,236.980,234.960,2020.0,237.260,236.300,960.0,47.525,66.34,680.0,476.7,236.980,236.300,237.940,BREAK,2007.01.18 06:00,0,,0,,0,,0,NA,Asia,BREAK,2007.01.18 10:00,BREAK,2007.01.18 11:00,234.280,BREAK,2007.02.15 18:00,0,,0,,0,,0,NA,NewYork,BREAK,2007.02.15 19:00,BREAK,2007.02.16 11:00,237.660,BREAK,2007.01.17 18:00,0,,0,,0,,0,NA,NewYork,BREAK,2007.01.18 09:00,BREAK,2007.01.18 10:00,235.620,BOUNCE,2007.02.05 17:00,1,2007.02.07 13:00,1,2007.02.07 13:00,0,,2,1d 20h,NewYork,NA,,NA,,B-ZB-BR,B-ZF-BR,B-ZE-BO,B-ZB-BO,S-ZF-BR,S-ZF-BR,B-ZF-BR,B-ZE-BO,B-ZB-BO,B-ZF-BR,B-ZF-BR,B-ZB-BR,B-ZB-UN,S-ZF-BO,S-ZC-BR,B-ZE-UN,B-ZO-UN,S-ZB-BO,B-ZB-UN,S-ZO-BR
552,2007.01.18 00:00,GBPJPY,60,86400,BUY,ZF,1,237.260,236.300,960.0,237.890,236.500,1390.0,144.792,20.83,760.0,226.6,237.260,236.500,238.650,BREAK,2007.01.18 09:00,0,,0,,0,,0,NA,London,BREAK,2007.01.18 11:00,BREAK,2007.01.22 14:00,235.540,BOUNCE,2007.02.05 17:00,1,2007.02.06 18:00,1,2007.02.08 05:00,1,2007.02.08 09:00,3,2d 16h,NewYork,NA,,NA,,238.020,BREAK,2007.01.18 06:00,0,,0,,0,,0,NA,Asia,BREAK,2007.01.18 10:00,BREAK,2007.01.18 11:00,235.740,BREAK,2007.02.05 16:00,0,,0,,0,,0,NA,NewYork,BREAK,2007.02.15 18:00,BREAK,2007.02.15 19:00,B-ZC-BR,B-ZB-BR,B-ZF-BR,B-ZE-BO,B-ZB-BO,S-ZF-BR,S-ZF-BR,B-ZF-BR,B-ZE-BO,B-ZB-BO,B-ZB-BR,B-ZB-UN,S-ZF-BO,S-ZC-BR,B-ZE-UN,B-ZO-UN,S-ZB-BO,B-ZB-UN,S-ZO-BR,B-ZB-UN
553,2007.01.19 00:00,GBPJPY,60,86400,BUY,ZB,1,237.890,236.500,1390.0,240.000,237.410,2590.0,186.331,65.47,480.0,328.0,237.890,237.410,240.480,BREAK,2007.01.22 16:00,0,,0,,0,,0,NA,NewYork,BREAK,2007.01.23 14:00,BOUNCE,2007.01.23 19:00,236.020,BREAK,2007.02.05 15:00,0,,0,,0,,0,NA,NewYork,BOUNCE,2007.02.05 19:00,NA,,238.370,BREAK,2007.01.19 00:00,0,,0,,0,,0,NA,Asia,BREAK,2007.01.19 01:00,BREAK,2007.01.19 05:00,236.930,BOUNCE,2007.01.25 05:00,1,2007.01.25 17:00,1,2007.01.25 17:00,0,,2,12h,Asia,NA,,NA,,B-ZF-BR,B-ZC-BR,B-ZB-BR,B-ZF-BR,B-ZE-BO,B-ZB-BO,S-ZF-BR,S-ZF-BR,B-ZF-BR,B-ZE-BO,B-ZB-UN,S-ZF-BO,S-ZC-BR,B-ZE-UN,B-ZO-UN,S-ZB-BO,B-ZB-UN,S-ZO-BR,B-ZB-UN,B-ZO-UN
554,2007.01.24 00:00,GBPJPY,60,86400,BUY,ZB,1,240.600,239.200,1400.0,241.470,240.240,1230.0,87.857,74.29,360.0,330.4,240.600,240.240,241.830,UNTOUCHED,,0,,0,,0,,0,NA,Other,NA,,NA,,238.840,BOUNCE,2007.01.24 09:00,1,2007.01.24 12:00,0,,0,,1,3h,London,NA,,NA,,240.960,BREAK,2007.01.24 00:00,0,,0,,0,,0,NA,Asia,UNTOUCHED,,NA,,239.880,BREAK,2007.01.24 09:00,0,,0,,0,,0,NA,London,BREAK,2007.01.24 10:00,BREAK,2007.01.24 11:00,B-ZB-BR,B-ZF-BR,B-ZC-BR,B-ZB-BR,B-ZF-BR,B-ZE-BO,B-ZB-BO,S-ZF-BR,S-ZF-BR,B-ZF-BR,S-ZF-BO,S-ZC-BR,B-ZE-UN,B-ZO-UN,S-ZB-BO,B-ZB-UN,S-ZO-BR,B-ZB-UN,B-ZO-UN,S-ZC-BO
555,2007.01.25 00:00,GBPJPY,60,86400,SELL,ZF,1,241.470,240.240,1230.0,241.380,237.470,3910.0,317.886,7.32,1140.0,290.3,241.380,240.240,236.330,BOUNCE,2007.01.25 08:00,1,2007.01.26 02:00,0,,0,,1,18h,London,NA,,NA,,242.610,UNTOUCHED,,0,,0,,0,,0,NA,Other,NA,,NA,,239.100,BREAK,2007.01.25 00:00,0,,0,,0,,0,NA,Asia,BREAK,2007.01.25 04:00,BREAK,2007.01.25 08:00,242.520,UNTOUCHED,,0,,0,,0,,0,NA,Other,NA,,NA,,B-ZB-UN,B-ZB-BR,B-ZF-BR,B-ZC-BR,B-ZB-BR,B-ZF-BR,B-ZE-BO,B-ZB-BO,S-ZF-BR,S-ZF-BR,S-ZC-BR,B-ZE-UN,B-ZO-UN,S-ZB-BO,B-ZB-UN,S-ZO-BR,B-ZB-UN,B-ZO-UN,S-ZC-BO,S-ZB-BR
556,2007.01.26 00:00,GBPJPY,60,86400,SELL,ZC,1,241.380,237.470,3910.0,238.700,236.330,2370.0,60.614,68.54,1230.0,922.8,238.700,237.470,235.100,BREAK,2007.02.15 13:00,0,,0,,0,,0,NA,NewYork,BREAK,2007.02.15 23:00,BOUNCE,2007.02.20 05:00,242.610,UNTOUCHED,,0,,0,,0,,0,NA,Other,NA,,NA,,236.240,BOUNCE,2007.02.05 14:00,0,,0,,0,,0,NA,NewYork,NA,,NA,,239.930,BOUNCE,2007.01.30 10:00,1,2007.02.05 14:00,1,2007.02.05 14:00,0,,2,6d 4h,London,NA,,NA,,S-ZF-BO,B-ZB-UN,B-ZB-BR,B-ZF-BR,B-ZC-BR,B-ZB-BR,B-ZF-BR,B-ZE-BO,B-ZB-BO,S-ZF-BR,B-ZE-UN,B-ZO-UN,S-ZB-BO,B-ZB-UN,S-ZO-BR,B-ZB-UN,B-ZO-UN,S-ZC-BO,S-ZB-BR,S-ZF-BR
557,2007.01.27 00:00,GBPJPY,60,86400,BUY,ZE,1,238.700,236.330,2370.0,239.170,237.530,1640.0,69.198,50.63,1170.0,559.3,238.700,237.530,240.340,UNTOUCHED,,0,,0,,0,,0,NA,Other,NA,,NA,,235.160,BREAK,2007.02.15 13:00,0,,0,,0,,0,NA,NewYork,BREAK,2007.02.15 19:00,BREAK,2007.02.16 14:00,239.870,BOUNCE,2007.01.30 10:00,1,2007.01.31 19:00,1,2007.02.15 13:00,0,,2,2w 2d,London,NA,,NA,,236.360,BOUNCE,2007.01.31 19:00,0,,0,,0,,0,NA,NewYork,NA,,NA,,S-ZC-BR,S-ZF-BO,B-ZB-UN,B-ZB-BR,B-ZF-BR,B-ZC-BR,B-ZB-BR,B-ZF-BR,B-ZE-BO,B-ZB-BO,B-ZO-UN,S-ZB-BO,B-ZB-UN,S-ZO-BR,B-ZB-UN,B-ZO-UN,S-ZC-BO,S-ZB-BR,S-ZF-BR,B-ZB-BR
558,2007.01.31 00:00,GBPJPY,60,86400,BUY,ZO,1,239.160,238.060,1100.0,240.030,238.280,1750.0,159.091,20.00,880.0,259.6,239.160,238.280,240.910,UNTOUCHED,,0,,0,,0,,0,NA,Other,NA,,NA,,237.180,BREAK,2007.01.31 11:00,0,,0,,0,,0,NA,London,BREAK,2007.02.05 15:00,BOUNCE,2007.02.06 11:00,240.040,UNTOUCHED,,0,,0,,0,,0,NA,Other,NA,,NA,,237.400,BREAK,2007.01.31 10:00,0,,0,,0,,0,NA,London,BOUNCE,2007.01.31 19:00,NA,,B-ZE-UN,S-ZC-BR,S-ZF-BO,B-ZB-UN,B-ZB-BR,B-ZF-BR,B-ZC-BR,B-ZB-BR,B-ZF-BR,B-ZE-BO,S-ZB-BO,B-ZB-UN,S-ZO-BR,B-ZB-UN,B-ZO-UN,S-ZC-BO,S-ZB-BR,S-ZF-BR,B-ZB-BR,B-ZH-BO
559,2007.02.01 00:00,GBPJPY,60,86400,SELL,ZB,1,240.030,238.280,1750.0,238.900,236.340,2560.0,146.286,64.57,620.0,413.0,238.900,238.280,235.720,BOUNCE,2007.02.05 16:00,1,2007.02.06 18:00,0,,0,,1,1d 2h,NewYork,NA,,NA,,240.650,UNTOUCHED,,0,,0,,0,,0,NA,Other,NA,,NA,,237.660,BREAK,2007.02.01 00:00,0,,0,,0,,0,NA,Asia,BREAK,2007.02.01 06:00,BREAK,2007.02.05 15:00,239.520,UNTOUCHED,,0,,0,,0,,0,NA,Other,NA,,NA,,B-ZO-UN,B-ZE-UN,S-ZC-BR,S-ZF-BO,B-ZB-UN,B-ZB-BR,B-ZF-BR,B-ZC-BR,B-ZB-BR,B-ZF-BR,B-ZB-UN,S-ZO-BR,B-ZB-UN,B-ZO-UN,S-ZC-BO,S-ZB-BR,S-ZF-BR,B-ZB-BR,B-ZH-BO,B-ZD-UN
560,2007.02.03 00:00,GBPJPY,60,86400,BUY,ZB,1,237.790,236.540,1250.0,238.790,237.280,1510.0,120.800,59.20,510.0,295.0,237.790,237.280,239.300,UNTOUCHED,,0,,0,,0,,0,NA,Other,NA,,NA,,236.030,BREAK,2007.02.05 15:00,0,,0,,0,,0,NA,NewYork,BOUNCE,2007.02.05 19:00,NA,,238.300,BREAK,2007.02.08 06:00,0,,0,,0,,0,NA,Asia,BOUNCE,2007.02.08 15:00,NA,,236.770,BREAK,2007.02.05 12:00,0,,0,,0,,0,NA,London,BREAK,2007.02.05 15:00,BREAK,2007.02.05 17:00,S-ZB-BO,B-ZO-UN,B-ZE-UN,S-ZC-BR,S-ZF-BO,B-ZB-UN,B-ZB-BR,B-ZF-BR,B-ZC-BR,B-ZB-BR,S-ZO-BR,B-ZB-UN,B-ZO-UN,S-ZC-BO,S-ZB-BR,S-ZF-BR,B-ZB-BR,B-ZH-BO,B-ZD-UN,B-ZC-UN
561,2007.02.07 00:00,GBPJPY,60,86400,SELL,ZO,0,238.170,235.450,2720.0,237.280,235.350,1930.0,70.956,32.72,1830.0,641.9,237.280,235.450,233.520,BREAK,2007.02.15 18:00,0,,0,,0,,0,NA,NewYork,BREAK,2007.02.27 23:00,BREAK,2007.03.02 12:00,240.000,UNTOUCHED,,0,,0,,0,,0,NA,Other,NA,,NA,,233.620,BREAK,2007.02.15 18:00,0,,0,,0,,0,NA,NewYork,BREAK,2007.02.27 23:00,BREAK,2007.03.02 12:00,239.110,UNTOUCHED,,0,,0,,0,,0,NA,Other,NA,,NA,,B-ZB-UN,S-ZB-BO,B-ZO-UN,B-ZE-UN,S-ZC-BR,S-ZF-BO,B-ZB-UN,B-ZB-BR,B-ZF-BR,B-ZC-BR,B-ZB-UN,B-ZO-UN,S-ZC-BO,S-ZB-BR,S-ZF-BR,B-ZB-BR,B-ZH-BO,B-ZD-UN,B-ZC-UN,S-ZH-BR
562,2007.02.08 00:00,GBPJPY,60,86400,BUY,ZB,1,237.280,235.350,1930.0,238.010,236.370,1640.0,84.974,52.85,910.0,455.5,237.280,236.370,238.920,UNTOUCHED,,0,,0,,0,,0,NA,Other,NA,,NA,,234.440,BREAK,2007.02.15 18:00,0,,0,,0,,0,NA,NewYork,BREAK,2007.02.15 19:00,BREAK,2007.02.16 16:00,238.190,BREAK,2007.02.08 05:00,0,,0,,0,,0,NA,Asia,UNTOUCHED,,NA,,235.460,BOUNCE,2007.02.13 13:00,0,,0,,0,,0,NA,NewYork,NA,,NA,,S-ZO-BR,B-ZB-UN,S-ZB-BO,B-ZO-UN,B-ZE-UN,S-ZC-BR,S-ZF-BO,B-ZB-UN,B-ZB-BR,B-ZF-BR,B-ZO-UN,S-ZC-BO,S-ZB-BR,S-ZF-BR,B-ZB-BR,B-ZH-BO,B-ZD-UN,B-ZC-UN,S-ZH-BR,S-ZB-BR
563,2007.02.09 00:00,GBPJPY,60,86400,BUY,ZO,0,238.010,236.370,1640.0,238.860,236.930,1930.0,117.683,34.15,1080.0,387.0,238.010,236.930,239.940,UNTOUCHED,,0,,0,,0,,0,NA,Other,NA,,NA,,235.290,BOUNCE,2007.02.15 04:00,1,2007.02.22 19:00,0,,0,,1,1w 0d,Asia,NA,,NA,,239.090,UNTOUCHED,,0,,0,,0,,0,NA,Other,NA,,NA,,235.850,BREAK,2007.02.13 12:00,0,,0,,0,,0,NA,London,BREAK,2007.02.15 18:00,BREAK,2007.02.15 19:00,B-ZB-UN,S-ZO-BR,B-ZB-UN,S-ZB-BO,B-ZO-UN,B-ZE-UN,S-ZC-BR,S-ZF-BO,B-ZB-UN,B-ZB-BR,S-ZC-BO,S-ZB-BR,S-ZF-BR,B-ZB-BR,B-ZH-BO,B-ZD-UN,B-ZC-UN,S-ZH-BR,S-ZB-BR,S-ZB-BR
564,2007.02.10 00:00,GBPJPY,60,86400,SELL,ZC,1,238.860,236.930,1930.0,237.850,236.210,1640.0,84.974,52.33,920.0,455.5,237.850,236.930,235.290,BOUNCE,2007.02.15 04:00,1,2007.02.22 18:00,0,,0,,1,1w 0d,Asia,NA,,NA,,239.780,UNTOUCHED,,0,,0,,0,,0,NA,Other,NA,,NA,,236.010,BREAK,2007.02.13 12:00,0,,0,,0,,0,NA,London,BREAK,2007.02.15 18:00,BREAK,2007.02.15 19:00,238.770,UNTOUCHED,,0,,0,,0,,0,NA,Other,NA,,NA,,B-ZO-UN,B-ZB-UN,S-ZO-BR,B-ZB-UN,S-ZB-BO,B-ZO-UN,B-ZE-UN,S-ZC-BR,S-ZF-BO,B-ZB-UN,S-ZB-BR,S-ZF-BR,B-ZB-BR,B-ZH-BO,B-ZD-UN,B-ZC-UN,S-ZH-BR,S-ZB-BR,S-ZB-BR,S-ZO-UN
565,2007.02.14 00:00,GBPJPY,60,86400,SELL,ZB,1,238.490,236.630,1860.0,237.530,235.370,2160.0,116.129,51.61,900.0,439.0,237.530,236.630,234.470,BREAK,2007.02.15 18:00,0,,0,,0,,0,NA,NewYork,BREAK,2007.02.15 19:00,BREAK,2007.02.16 14:00,239.390,UNTOUCHED,,0,,0,,0,,0,NA,Other,NA,,NA,,235.730,BOUNCE,2007.02.14 01:00,0,,0,,0,,0,NA,Asia,NA,,NA,,238.430,UNTOUCHED,,0,,0,,0,,0,NA,Other,NA,,NA,,S-ZC-BO,B-ZO-UN,B-ZB-UN,S-ZO-BR,B-ZB-UN,S-ZB-BO,B-ZO-UN,B-ZE-UN,S-ZC-BR,S-ZF-BO,S-ZF-BR,B-ZB-BR,B-ZH-BO,B-ZD-UN,B-ZC-UN,S-ZH-BR,S-ZB-BR,S-ZB-BR,S-ZO-UN,B-ZE-BR
566,2007.02.16 00:00,GBPJPY,60,86400,SELL,ZF,1,237.210,235.620,1590.0,237.100,232.770,4330.0,272.327,6.92,1480.0,375.2,237.100,235.620,231.290,BREAK,2007.02.27 23:00,0,,0,,0,,0,NA,Other,BREAK,2007.03.02 12:00,BREAK,2007.03.02 15:00,238.690,UNTOUCHED,,0,,0,,0,,0,NA,Other,NA,,NA,,234.140,BREAK,2007.02.16 00:00,0,,0,,0,,0,NA,Asia,BREAK,2007.02.16 14:00,BREAK,2007.02.27 23:00,238.580,UNTOUCHED,,0,,0,,0,,0,NA,Other,NA,,NA,,S-ZB-BR,S-ZC-BO,B-ZO-UN,B-ZB-UN,S-ZO-BR,B-ZB-UN,S-ZB-BO,B-ZO-UN,B-ZE-UN,S-ZC-BR,B-ZB-BR,B-ZH-BO,B-ZD-UN,B-ZC-UN,S-ZH-BR,S-ZB-BR,S-ZB-BR,S-ZO-UN,B-ZE-BR,B-ZB-BR
567,2007.02.21 00:00,GBPJPY,60,86400,BUY,ZB,1,233.830,232.090,1740.0,235.130,233.200,1930.0,110.920,63.79,630.0,410.6,233.830,233.200,235.760,BREAK,2007.02.21 11:00,0,,0,,0,,0,NA,London,BOUNCE,2007.02.22 11:00,NA,,231.460,BREAK,2007.02.27 23:00,0,,0,,0,,0,NA,Other,BOUNCE,2007.03.01 15:00,NA,,234.460,BREAK,2007.02.21 00:00,0,,0,,0,,0,NA,Asia,BREAK,2007.02.21 05:00,BREAK,2007.02.21 11:00,232.570,BREAK,2007.02.27 22:00,0,,0,,0,,0,NA,Other,BREAK,2007.02.27 23:00,BOUNCE,2007.02.28 01:00,S-ZF-BR,S-ZB-BR,S-ZC-BO,B-ZO-UN,B-ZB-UN,S-ZO-BR,B-ZB-UN,S-ZB-BO,B-ZO-UN,B-ZE-UN,B-ZH-BO,B-ZD-UN,B-ZC-UN,S-ZH-BR,S-ZB-BR,S-ZB-BR,S-ZO-UN,B-ZE-BR,B-ZB-BR,S-ZB-UN
568,2007.02.22 00:00,GBPJPY,60,86400,BUY,ZH,1,235.130,233.200,1930.0,236.420,233.770,2650.0,137.306,29.53,1360.0,455.5,235.130,233.770,237.780,BOUNCE,2007.02.22 20:00,1,2007.02.27 10:00,1,2007.02.27 22:00,1,2007.02.27 23:00,3,5d 3h,NewYork,NA,,NA,,231.840,BREAK,2007.02.27 23:00,0,,0,,0,,0,NA,Other,BREAK,2007.03.01 17:00,BREAK,2007.03.02 14:00,236.490,BREAK,2007.02.22 12:00,0,,0,,0,,0,NA,London,BOUNCE,2007.02.26 12:00,NA,,232.410,BREAK,2007.02.27 22:00,0,,0,,0,,0,NA,Other,BOUNCE,2007.02.28 16:00,NA,,B-ZB-BR,S-ZF-BR,S-ZB-BR,S-ZC-BO,B-ZO-UN,B-ZB-UN,S-ZO-BR,B-ZB-UN,S-ZB-BO,B-ZO-UN,B-ZD-UN,B-ZC-UN,S-ZH-BR,S-ZB-BR,S-ZB-BR,S-ZO-UN,B-ZE-BR,B-ZB-BR,S-ZB-UN,S-ZO-UN
569,2007.02.23 00:00,GBPJPY,60,86400,BUY,ZD,1,236.420,233.770,2650.0,237.990,235.690,2300.0,86.792,72.45,730.0,625.4,236.420,235.690,238.720,UNTOUCHED,,0,,0,,0,,0,NA,Other,NA,,NA,,233.040,BREAK,2007.02.27 21:00,0,,0,,0,,0,NA,Other,BREAK,2007.02.27 23:00,BOUNCE,2007.02.28 03:00,237.150,BREAK,2007.02.23 00:00,0,,0,,0,,0,NA,Asia,BOUNCE,2007.02.26 11:00,NA,,234.960,BREAK,2007.02.27 11:00,0,,0,,0,,0,NA,London,BREAK,2007.02.27 16:00,BREAK,2007.02.27 22:00,B-ZH-BO,B-ZB-BR,S-ZF-BR,S-ZB-BR,S-ZC-BO,B-ZO-UN,B-ZB-UN,S-ZO-BR,B-ZB-UN,S-ZB-BO,B-ZC-UN,S-ZH-BR,S-ZB-BR,S-ZB-BR,S-ZO-UN,B-ZE-BR,B-ZB-BR,S-ZB-UN,S-ZO-UN,B-ZB-BO
570,2007.02.24 00:00,GBPJPY,60,86400,BUY,ZC,1,237.990,235.690,2300.0,238.170,237.360,810.0,35.217,72.61,630.0,542.8,237.990,237.360,238.800,UNTOUCHED,,0,,0,,0,,0,NA,Other,NA,,NA,,235.060,BOUNCE,2007.02.27 10:00,0,,0,,0,,0,NA,London,NA,,NA,,238.620,UNTOUCHED,,0,,0,,0,,0,NA,Other,NA,,NA,,236.730,BOUNCE,2007.02.26 11:00,0,,0,,0,,0,NA,London,NA,,NA,,B-ZD-UN,B-ZH-BO,B-ZB-BR,S-ZF-BR,S-ZB-BR,S-ZC-BO,B-ZO-UN,B-ZB-UN,S-ZO-BR,B-ZB-UN,S-ZH-BR,S-ZB-BR,S-ZB-BR,S-ZO-UN,B-ZE-BR,B-ZB-BR,S-ZB-UN,S-ZO-UN,B-ZB-BO,B-ZB-BO
571,2007.02.27 00:00,GBPJPY,60,86400,SELL,ZH,1,237.620,237.450,170.0,237.560,236.260,1300.0,764.706,35.29,110.0,40.1,237.560,237.450,236.150,BREAK,2007.02.27 09:00,0,,0,,0,,0,NA,London,BREAK,2007.02.27 10:00,BREAK,2007.02.27 11:00,237.730,UNTOUCHED,,0,,0,,0,,0,NA,Other,NA,,NA,,237.340,BREAK,2007.02.27 00:00,0,,0,,0,,0,NA,Asia,BREAK,2007.02.27 01:00,BREAK,2007.02.27 02:00,237.670,UNTOUCHED,,0,,0,,0,,0,NA,Other,NA,,NA,,B-ZC-UN,B-ZD-UN,B-ZH-BO,B-ZB-BR,S-ZF-BR,S-ZB-BR,S-ZC-BO,B-ZO-UN,B-ZB-UN,S-ZO-BR,S-ZB-BR,S-ZB-BR,S-ZO-UN,B-ZE-BR,B-ZB-BR,S-ZB-UN,S-ZO-UN,B-ZB-BO,B-ZB-BO,B-ZD-BR
572,2007.02.28 00:00,GBPJPY,60,86400,SELL,ZB,1,237.560,236.260,1300.0,237.050,230.660,6390.0,491.538,39.23,790.0,306.8,237.050,236.260,229.870,BREAK,2007.03.01 17:00,0,,0,,0,,0,NA,NewYork,BREAK,2007.03.02 14:00,BREAK,2007.03.02 15:00,238.350,UNTOUCHED,,0,,0,,0,,0,NA,Other,NA,,NA,,235.470,BREAK,2007.02.28 00:00,0,,0,,0,,0,NA,Asia,BREAK,2007.02.28 01:00,BREAK,2007.02.28 02:00,237.840,UNTOUCHED,,0,,0,,0,,0,NA,Other,NA,,NA,,S-ZH-BR,B-ZC-UN,B-ZD-UN,B-ZH-BO,B-ZB-BR,S-ZF-BR,S-ZB-BR,S-ZC-BO,B-ZO-UN,B-ZB-UN,S-ZB-BR,S-ZO-UN,B-ZE-BR,B-ZB-BR,S-ZB-UN,S-ZO-UN,B-ZB-BO,B-ZB-BO,B-ZD-BR,B-ZO-BR
573,2007.03.03 00:00,GBPJPY,60,86400,SELL,ZB,1,233.490,229.450,4040.0,230.580,226.550,4030.0,99.752,72.03,1130.0,953.4,230.580,229.450,225.420,BREAK,2007.03.05 02:00,0,,0,,0,,0,NA,Asia,BREAK,2007.03.05 03:00,BREAK,2007.03.05 10:00,234.620,BREAK,2007.04.03 10:00,0,,0,,0,,0,NA,London,BREAK,2007.04.13 18:00,BREAK,2007.04.16 01:00,228.320,BREAK,2007.03.03 00:00,0,,0,,0,,0,NA,Asia,BREAK,2007.03.05 02:00,BREAK,2007.03.05 03:00,231.710,BOUNCE,2007.03.22 12:00,0,,0,,0,,0,NA,London,NA,,NA,,S-ZB-BR,S-ZH-BR,B-ZC-UN,B-ZD-UN,B-ZH-BO,B-ZB-BR,S-ZF-BR,S-ZB-BR,S-ZC-BO,B-ZO-UN,S-ZO-UN,B-ZE-BR,B-ZB-BR,S-ZB-UN,S-ZO-UN,B-ZB-BO,B-ZB-BO,B-ZD-BR,B-ZO-BR,S-ZD-UN
574,2007.03.07 00:00,GBPJPY,60,86400,SELL,ZO,0,226.800,221.270,5530.0,225.430,221.070,4360.0,78.843,24.77,4160.0,1305.1,225.430,221.270,216.910,UNTOUCHED,,0,,0,,0,,0,NA,Other,NA,,NA,,230.960,BREAK,2007.03.21 11:00,0,,0,,0,,0,NA,London,BREAK,2007.04.13 17:00,BREAK,2007.05.23 11:00,217.110,UNTOUCHED,,0,,0,,0,,0,NA,Other,NA,,NA,,229.590,BOUNCE,2007.03.12 10:00,0,,0,,0,,0,NA,London,NA,,NA,,S-ZB-BR,S-ZB-BR,S-ZH-BR,B-ZC-UN,B-ZD-UN,B-ZH-BO,B-ZB-BR,S-ZF-BR,S-ZB-BR,S-ZC-BO,B-ZE-BR,B-ZB-BR,S-ZB-UN,S-ZO-UN,B-ZB-BO,B-ZB-BO,B-ZD-BR,B-ZO-BR,S-ZD-UN,B-ZD-BR
575,2007.03.08 00:00,GBPJPY,60,86400,BUY,ZE,1,225.430,221.070,4360.0,226.200,223.850,2350.0,53.899,63.76,1580.0,1029.0,225.430,223.850,227.780,BREAK,2007.03.09 16:00,0,,0,,0,,0,NA,NewYork,BOUNCE,2007.03.12 15:00,NA,,219.490,UNTOUCHED,,0,,0,,0,,0,NA,Other,NA,,NA,,227.010,BREAK,2007.03.09 16:00,0,,0,,0,,0,NA,NewYork,BREAK,2007.03.12 10:00,BREAK,2007.03.21 21:00,222.270,UNTOUCHED,,0,,0,,0,,0,NA,Other,NA,,NA,,S-ZO-UN,S-ZB-BR,S-ZB-BR,S-ZH-BR,B-ZC-UN,B-ZD-UN,B-ZH-BO,B-ZB-BR,S-ZF-BR,S-ZB-BR,B-ZB-BR,S-ZB-UN,S-ZO-UN,B-ZB-BO,B-ZB-BO,B-ZD-BR,B-ZO-BR,S-ZD-UN,B-ZD-BR,S-ZH-UN
576,2007.03.10 00:00,GBPJPY,60,86400,BUY,ZB,1,226.850,222.820,4030.0,228.710,225.740,2970.0,73.697,72.46,1110.0,951.1,226.850,225.740,229.820,BREAK,2007.03.20 11:00,0,,0,,0,,0,NA,London,BREAK,2007.03.22 12:00,BOUNCE,2007.03.23 12:00,221.710,UNTOUCHED,,0,,0,,0,,0,NA,Other,NA,,NA,,227.960,BREAK,2007.03.10 00:00,0,,0,,0,,0,NA,Asia,BOUNCE,2007.03.12 15:00,NA,,224.630,BREAK,2007.03.13 22:00,0,,0,,0,,0,NA,Other,BOUNCE,2007.03.14 04:00,NA,,B-ZE-BR,S-ZO-UN,S-ZB-BR,S-ZB-BR,S-ZH-BR,B-ZC-UN,B-ZD-UN,B-ZH-BO,B-ZB-BR,S-ZF-BR,S-ZB-UN,S-ZO-UN,B-ZB-BO,B-ZB-BO,B-ZD-BR,B-ZO-BR,S-ZD-UN,B-ZD-BR,S-ZH-UN,S-ZG-UN
577,2007.03.14 00:00,GBPJPY,60,86400,SELL,ZB,1,229.670,225.790,3880.0,227.580,224.020,3560.0,91.753,53.87,1790.0,915.7,227.580,225.790,222.230,UNTOUCHED,,0,,0,,0,,0,NA,Other,NA,,NA,,231.460,BREAK,2007.03.21 22:00,0,,0,,0,,0,NA,Other,BREAK,2007.04.03 09:00,BREAK,2007.04.11 09:00,224.000,BREAK,2007.03.14 00:00,0,,0,,0,,0,NA,Asia,UNTOUCHED,,NA,,229.370,BREAK,2007.03.20 04:00,0,,0,,0,,0,NA,Asia,BREAK,2007.03.22 13:00,BOUNCE,2007.03.28 05:00,B-ZB-BR,B-ZE-BR,S-ZO-UN,S-ZB-BR,S-ZB-BR,S-ZH-BR,B-ZC-UN,B-ZD-UN,B-ZH-BO,B-ZB-BR,S-ZO-UN,B-ZB-BO,B-ZB-BO,B-ZD-BR,B-ZO-BR,S-ZD-UN,B-ZD-BR,S-ZH-UN,S-ZG-UN,B-ZB-BR
578,2007.03.15 00:00,GBPJPY,60,86400,SELL,ZO,0,227.580,224.020,3560.0,226.810,222.600,4210.0,118.258,21.63,2790.0,840.2,226.810,224.020,219.810,UNTOUCHED,,0,,0,,0,,0,NA,Other,NA,,NA,,230.370,BREAK,2007.03.20 12:00,0,,0,,0,,0,NA,London,BREAK,2007.04.03 09:00,BREAK,2007.04.13 18:00,221.230,UNTOUCHED,,0,,0,,0,,0,NA,Other,NA,,NA,,229.600,BREAK,2007.03.20 04:00,0,,0,,0,,0,NA,Asia,BOUNCE,2007.03.28 16:00,NA,,S-ZB-UN,B-ZB-BR,B-ZE-BR,S-ZO-UN,S-ZB-BR,S-ZB-BR,S-ZH-BR,B-ZC-UN,B-ZD-UN,B-ZH-BO,B-ZB-BO,B-ZB-BO,B-ZD-BR,B-ZO-BR,S-ZD-UN,B-ZD-BR,S-ZH-UN,S-ZG-UN,B-ZB-BR,B-ZD-BO
579,2007.03.21 00:00,GBPJPY,60,86400,BUY,ZB,1,229.110,225.530,3580.0,230.770,228.100,2670.0,74.581,71.79,1010.0,844.9,229.110,228.100,231.780,BOUNCE,2007.03.22 12:00,1,2007.03.28 16:00,0,,0,,1,6d 4h,London,NA,,NA,,224.520,UNTOUCHED,,0,,0,,0,,0,NA,Other,NA,,NA,,230.120,BREAK,2007.03.21 09:00,0,,0,,0,,0,NA,London,BREAK,2007.03.22 12:00,BOUNCE,2007.03.23 12:00,227.090,UNTOUCHED,,0,,0,,0,,0,NA,Other,NA,,NA,,S-ZO-UN,S-ZB-UN,B-ZB-BR,B-ZE-BR,S-ZO-UN,S-ZB-BR,S-ZB-BR,S-ZH-BR,B-ZC-UN,B-ZD-UN,B-ZB-BO,B-ZD-BR,B-ZO-BR,S-ZD-UN,B-ZD-BR,S-ZH-UN,S-ZG-UN,B-ZB-BR,B-ZD-BO,B-ZF-BR
580,2007.03.22 00:00,GBPJPY,60,86400,BUY,ZB,1,230.770,228.100,2670.0,231.520,229.830,1690.0,63.296,64.79,940.0,630.1,230.770,229.830,232.460,BOUNCE,2007.03.26 17:00,1,2007.03.28 05:00,1,2007.03.28 18:00,0,,2,2d 1h,NewYork,NA,,NA,,227.160,UNTOUCHED,,0,,0,,0,,0,NA,Other,NA,,NA,,231.710,BOUNCE,2007.03.22 12:00,1,2007.03.28 18:00,0,,0,,1,6d 6h,London,NA,,NA,,228.890,BOUNCE,2007.03.28 18:00,1,2007.03.29 21:00,1,2007.03.29 21:00,0,,2,1d 3h,NewYork,NA,,NA,,B-ZB-BO,S-ZO-UN,S-ZB-UN,B-ZB-BR,B-ZE-BR,S-ZO-UN,S-ZB-BR,S-ZB-BR,S-ZH-BR,B-ZC-UN,B-ZD-BR,B-ZO-BR,S-ZD-UN,B-ZD-BR,S-ZH-UN,S-ZG-UN,B-ZB-BR,B-ZD-BO,B-ZF-BR,S-ZG-UN
581,2007.03.23 00:00,GBPJPY,60,86400,BUY,ZD,1,231.520,229.830,1690.0,232.210,230.640,1570.0,92.899,47.93,880.0,398.8,231.520,230.640,233.090,BREAK,2007.04.03 00:00,0,,0,,0,,0,NA,Asia,BREAK,2007.04.03 10:00,BOUNCE,2007.04.05 14:00,228.950,BOUNCE,2007.03.28 18:00,1,2007.03.29 10:00,1,2007.04.02 11:00,1,2007.04.03 00:00,3,5d 6h,NewYork,NA,,NA,,232.400,BREAK,2007.03.26 17:00,0,,0,,0,,0,NA,NewYork,BREAK,2007.04.03 08:00,BREAK,2007.04.03 10:00,229.760,BREAK,2007.03.28 16:00,0,,0,,0,,0,NA,NewYork,BOUNCE,2007.03.29 04:00,NA,,B-ZB-BO,B-ZB-BO,S-ZO-UN,S-ZB-UN,B-ZB-BR,B-ZE-BR,S-ZO-UN,S-ZB-BR,S-ZB-BR,S-ZH-BR,B-ZO-BR,S-ZD-UN,B-ZD-BR,S-ZH-UN,S-ZG-UN,B-ZB-BR,B-ZD-BO,B-ZF-BR,S-ZG-UN,S-ZG-UN
582,2007.03.28 00:00,GBPJPY,60,86400,BUY,ZO,0,232.700,230.820,1880.0,232.970,231.390,1580.0,84.043,30.32,1310.0,443.7,232.700,231.390,234.280,BREAK,2007.04.03 09:00,0,,0,,0,,0,NA,London,BREAK,2007.04.11 10:00,BREAK,2007.04.16 01:00,229.510,BREAK,2007.03.28 17:00,0,,0,,0,,0,NA,NewYork,UNTOUCHED,,NA,,234.010,BREAK,2007.04.03 09:00,0,,0,,0,,0,NA,London,BREAK,2007.04.11 09:00,BREAK,2007.04.16 01:00,230.080,BREAK,2007.03.28 08:00,0,,0,,0,,0,NA,London,BOUNCE,2007.03.29 07:00,NA,,B-ZD-BR,B-ZB-BO,B-ZB-BO,S-ZO-UN,S-ZB-UN,B-ZB-BR,B-ZE-BR,S-ZO-UN,S-ZB-BR,S-ZB-BR,S-ZD-UN,B-ZD-BR,S-ZH-UN,S-ZG-UN,B-ZB-BR,B-ZD-BO,B-ZF-BR,S-ZG-UN,S-ZG-UN,S-ZO-UN
583,2007.03.29 00:00,GBPJPY,60,86400,SELL,ZD,1,232.970,231.390,1580.0,231.880,228.750,3130.0,198.101,68.99,490.0,372.9,231.880,231.390,228.260,UNTOUCHED,,0,,0,,0,,0,NA,Other,NA,,NA,,233.460,BREAK,2007.04.03 07:00,0,,0,,0,,0,NA,London,BREAK,2007.04.03 10:00,BREAK,2007.04.03 16:00,230.900,BREAK,2007.03.29 00:00,0,,0,,0,,0,NA,Asia,BREAK,2007.03.29 01:00,BREAK,2007.03.29 02:00,232.370,BREAK,2007.04.02 11:00,0,,0,,0,,0,NA,London,BREAK,2007.04.03 03:00,BREAK,2007.04.03 08:00,B-ZO-BR,B-ZD-BR,B-ZB-BO,B-ZB-BO,S-ZO-UN,S-ZB-UN,B-ZB-BR,B-ZE-BR,S-ZO-UN,S-ZB-BR,B-ZD-BR,S-ZH-UN,S-ZG-UN,B-ZB-BR,B-ZD-BO,B-ZF-BR,S-ZG-UN,S-ZG-UN,S-ZO-UN,B-ZF-BR
584,2007.03.31 00:00,GBPJPY,60,86400,BUY,ZD,1,231.750,229.090,2660.0,231.960,230.540,1420.0,53.383,54.51,1210.0,627.8,231.750,230.540,233.170,BREAK,2007.04.03 02:00,0,,0,,0,,0,NA,Asia,BREAK,2007.04.03 18:00,BREAK,2007.04.11 17:00,227.880,UNTOUCHED,,0,,0,,0,,0,NA,Other,NA,,NA,,232.960,BREAK,2007.04.02 15:00,0,,0,,0,,0,NA,NewYork,BREAK,2007.04.03 10:00,BREAK,2007.04.11 09:00,229.330,UNTOUCHED,,0,,0,,0,,0,NA,Other,NA,,NA,,S-ZD-UN,B-ZO-BR,B-ZD-BR,B-ZB-BO,B-ZB-BO,S-ZO-UN,S-ZB-UN,B-ZB-BR,B-ZE-BR,S-ZO-UN,S-ZH-UN,S-ZG-UN,B-ZB-BR,B-ZD-BO,B-ZF-BR,S-ZG-UN,S-ZG-UN,S-ZO-UN,B-ZF-BR,B-ZF-BR
585,2007.04.06 00:00,GBPJPY,60,86400,SELL,ZH,0,234.890,234.040,850.0,234.780,233.520,1260.0,148.235,12.94,740.0,200.6,234.780,234.040,232.780,UNTOUCHED,,0,,0,,0,,0,NA,Other,NA,,NA,,235.630,BREAK,2007.04.11 08:00,0,,0,,0,,0,NA,London,BREAK,2007.04.13 17:00,BREAK,2007.04.16 01:00,233.300,UNTOUCHED,,0,,0,,0,,0,NA,Other,NA,,NA,,235.520,BREAK,2007.04.11 08:00,0,,0,,0,,0,NA,London,BOUNCE,2007.04.11 21:00,NA,,B-ZD-BR,S-ZD-UN,B-ZO-BR,B-ZD-BR,B-ZB-BO,B-ZB-BO,S-ZO-UN,S-ZB-UN,B-ZB-BR,B-ZE-BR,S-ZG-UN,B-ZB-BR,B-ZD-BO,B-ZF-BR,S-ZG-UN,S-ZG-UN,S-ZO-UN,B-ZF-BR,B-ZF-BR,B-ZB-BR
586,2007.04.10 00:00,GBPJPY,60,86400,SELL,ZG,0,234.600,233.790,810.0,234.530,233.740,790.0,97.531,8.64,740.0,191.2,234.530,233.790,233.000,UNTOUCHED,,0,,0,,0,,0,NA,Other,NA,,NA,,235.340,BOUNCE,2007.04.10 14:00,0,,0,,0,,0,NA,NewYork,NA,,NA,,233.050,UNTOUCHED,,0,,0,,0,,0,NA,Other,NA,,NA,,235.270,BREAK,2007.04.10 14:00,0,,0,,0,,0,NA,NewYork,BREAK,2007.04.11 17:00,BREAK,2007.04.13 18:00,S-ZH-UN,B-ZD-BR,S-ZD-UN,B-ZO-BR,B-ZD-BR,B-ZB-BO,B-ZB-BO,S-ZO-UN,S-ZB-UN,B-ZB-BR,B-ZB-BR,B-ZD-BO,B-ZF-BR,S-ZG-UN,S-ZG-UN,S-ZO-UN,B-ZF-BR,B-ZF-BR,B-ZB-BR,S-ZO-BO
587,2007.04.12 00:00,GBPJPY,60,86400,BUY,ZB,1,235.350,233.640,1710.0,236.280,234.600,1680.0,98.246,56.14,750.0,403.6,235.350,234.600,237.030,BREAK,2007.04.16 01:00,0,,0,,0,,0,NA,Asia,BREAK,2007.04.16 13:00,BOUNCE,2007.04.17 03:00,232.890,UNTOUCHED,,0,,0,,0,,0,NA,Other,NA,,NA,,236.100,BOUNCE,2007.04.12 14:00,0,,0,,0,,0,NA,NewYork,NA,,NA,,233.850,UNTOUCHED,,0,,0,,0,,0,NA,Other,NA,,NA,,S-ZG-UN,S-ZH-UN,B-ZD-BR,S-ZD-UN,B-ZO-BR,B-ZD-BR,B-ZB-BO,B-ZB-BO,S-ZO-UN,S-ZB-UN,B-ZD-BO,B-ZF-BR,S-ZG-UN,S-ZG-UN,S-ZO-UN,B-ZF-BR,B-ZF-BR,B-ZB-BR,S-ZO-BO,B-ZE-BR
588,2007.04.17 00:00,GBPJPY,60,86400,BUY,ZD,1,236.960,234.750,2210.0,238.570,236.400,2170.0,98.190,74.66,560.0,521.6,236.960,236.400,239.130,BOUNCE,2007.04.17 14:00,1,2007.04.18 06:00,1,2007.04.19 09:00,0,,2,1d 19h,NewYork,NA,,NA,,234.190,UNTOUCHED,,0,,0,,0,,0,NA,Other,NA,,NA,,237.520,BREAK,2007.04.17 00:00,0,,0,,0,,0,NA,Asia,BOUNCE,2007.04.17 09:00,NA,,235.840,BREAK,2007.04.19 09:00,0,,0,,0,,0,NA,London,UNTOUCHED,,NA,,B-ZB-BR,S-ZG-UN,S-ZH-UN,B-ZD-BR,S-ZD-UN,B-ZO-BR,B-ZD-BR,B-ZB-BO,B-ZB-BO,S-ZO-UN,B-ZF-BR,S-ZG-UN,S-ZG-UN,S-ZO-UN,B-ZF-BR,B-ZF-BR,B-ZB-BR,S-ZO-BO,B-ZE-BR,S-ZB-BR
589,2007.04.18 00:00,GBPJPY,60,86400,BUY,ZF,0,238.570,236.400,2170.0,239.420,237.150,2270.0,104.608,34.56,1420.0,512.1,238.570,237.150,240.840,BREAK,2007.05.23 13:00,0,,0,,0,,0,NA,NewYork,BREAK,2007.06.05 08:00,BREAK,2007.06.15 17:00,234.980,UNTOUCHED,,0,,0,,0,,0,NA,Other,NA,,NA,,239.990,BREAK,2007.05.22 18:00,0,,0,,0,,0,NA,NewYork,BOUNCE,2007.05.25 04:00,NA,,235.730,BREAK,2007.04.19 09:00,0,,0,,0,,0,NA,London,UNTOUCHED,,NA,,B-ZD-BO,B-ZB-BR,S-ZG-UN,S-ZH-UN,B-ZD-BR,S-ZD-UN,B-ZO-BR,B-ZD-BR,B-ZB-BO,B-ZB-BO,S-ZG-UN,S-ZG-UN,S-ZO-UN,B-ZF-BR,B-ZF-BR,B-ZB-BR,S-ZO-BO,B-ZE-BR,S-ZB-BR,S-ZE-UN
590,2007.04.19 00:00,GBPJPY,60,86400,SELL,ZG,0,239.420,237.150,2270.0,238.920,236.750,2170.0,95.595,22.03,1770.0,535.7,238.920,237.150,234.980,UNTOUCHED,,0,,0,,0,,0,NA,Other,NA,,NA,,241.190,BREAK,2007.05.23 13:00,0,,0,,0,,0,NA,NewYork,BOUNCE,2007.06.06 13:00,NA,,235.380,BOUNCE,2007.04.19 09:00,1,2007.05.23 12:00,1,2007.05.23 13:00,0,,2,4w 6d,London,NA,,NA,,240.690,BREAK,2007.05.23 12:00,0,,0,,0,,0,NA,London,BOUNCE,2007.06.07 03:00,NA,,B-ZF-BR,B-ZD-BO,B-ZB-BR,S-ZG-UN,S-ZH-UN,B-ZD-BR,S-ZD-UN,B-ZO-BR,B-ZD-BR,B-ZB-BO,S-ZG-UN,S-ZO-UN,B-ZF-BR,B-ZF-BR,B-ZB-BR,S-ZO-BO,B-ZE-BR,S-ZB-BR,S-ZE-UN,B-ZC-BO
591,2007.04.20 00:00,GBPJPY,60,86400,SELL,ZG,1,238.920,236.750,2170.0,238.350,235.210,3140.0,144.700,26.27,1600.0,512.1,238.350,236.750,233.610,UNTOUCHED,,0,,0,,0,,0,NA,Other,NA,,NA,,240.520,BREAK,2007.05.23 11:00,0,,0,,0,,0,NA,London,BREAK,2007.06.04 19:00,BREAK,2007.06.15 17:00,235.150,UNTOUCHED,,0,,0,,0,,0,NA,Other,NA,,NA,,239.950,BREAK,2007.05.22 18:00,0,,0,,0,,0,NA,NewYork,BOUNCE,2007.05.25 04:00,NA,,S-ZG-UN,B-ZF-BR,B-ZD-BO,B-ZB-BR,S-ZG-UN,S-ZH-UN,B-ZD-BR,S-ZD-UN,B-ZO-BR,B-ZD-BR,S-ZO-UN,B-ZF-BR,B-ZF-BR,B-ZB-BR,S-ZO-BO,B-ZE-BR,S-ZB-BR,S-ZE-UN,B-ZC-BO,B-ZF-BR
592,2007.04.25 00:00,GBPJPY,60,86400,SELL,ZO,0,238.320,236.280,2040.0,238.000,235.960,2040.0,100.000,15.69,1720.0,481.4,238.000,236.280,234.240,UNTOUCHED,,0,,0,,0,,0,NA,Other,NA,,NA,,240.040,BREAK,2007.05.22 18:00,0,,0,,0,,0,NA,NewYork,BOUNCE,2007.05.25 04:00,NA,,234.560,UNTOUCHED,,0,,0,,0,,0,NA,Other,NA,,NA,,239.720,BOUNCE,2007.05.01 14:00,0,,0,,0,,0,NA,NewYork,NA,,NA,,S-ZG-UN,S-ZG-UN,B-ZF-BR,B-ZD-BO,B-ZB-BR,S-ZG-UN,S-ZH-UN,B-ZD-BR,S-ZD-UN,B-ZO-BR,B-ZF-BR,B-ZF-BR,B-ZB-BR,S-ZO-BO,B-ZE-BR,S-ZB-BR,S-ZE-UN,B-ZC-BO,B-ZF-BR,B-ZF-BR
593,2007.04.27 00:00,GBPJPY,60,86400,BUY,ZF,1,237.990,236.890,1100.0,238.740,237.250,1490.0,135.455,32.73,740.0,259.6,237.990,237.250,239.480,BREAK,2007.05.01 13:00,0,,0,,0,,0,NA,NewYork,BREAK,2007.05.23 11:00,BREAK,2007.05.23 13:00,236.150,UNTOUCHED,,0,,0,,0,,0,NA,Other,NA,,NA,,238.730,BREAK,2007.04.27 15:00,0,,0,,0,,0,NA,NewYork,BREAK,2007.05.01 14:00,BREAK,2007.05.23 11:00,236.510,BOUNCE,2007.05.11 12:00,1,2007.05.15 18:00,1,2007.05.15 18:00,0,,2,4d 6h,London,NA,,NA,,S-ZO-UN,S-ZG-UN,S-ZG-UN,B-ZF-BR,B-ZD-BO,B-ZB-BR,S-ZG-UN,S-ZH-UN,B-ZD-BR,S-ZD-UN,B-ZF-BR,B-ZB-BR,S-ZO-BO,B-ZE-BR,S-ZB-BR,S-ZE-UN,B-ZC-BO,B-ZF-BR,B-ZF-BR,S-ZH-BR
594,2007.04.30 01:00,GBPJPY,60,86400,BUY,ZF,0,238.740,237.250,1490.0,239.380,237.320,2060.0,138.255,4.70,1420.0,351.6,238.740,237.320,240.800,BREAK,2007.05.23 13:00,0,,0,,0,,0,NA,NewYork,BREAK,2007.06.04 18:00,BREAK,2007.06.15 17:00,235.830,UNTOUCHED,,0,,0,,0,,0,NA,Other,NA,,NA,,240.160,BREAK,2007.05.22 18:00,0,,0,,0,,0,NA,NewYork,BOUNCE,2007.05.25 04:00,NA,,235.900,UNTOUCHED,,0,,0,,0,,0,NA,Other,NA,,NA,,B-ZF-BR,S-ZO-UN,S-ZG-UN,S-ZG-UN,B-ZF-BR,B-ZD-BO,B-ZB-BR,S-ZG-UN,S-ZH-UN,B-ZD-BR,B-ZB-BR,S-ZO-BO,B-ZE-BR,S-ZB-BR,S-ZE-UN,B-ZC-BO,B-ZF-BR,B-ZF-BR,S-ZH-BR,S-ZF-BO
595,2007.05.02 00:00,GBPJPY,60,86400,BUY,ZB,1,239.020,237.860,1160.0,239.750,238.570,1180.0,101.724,61.21,450.0,273.8,239.020,238.570,240.200,BREAK,2007.05.23 01:00,0,,0,,0,,0,NA,Asia,BREAK,2007.05.23 13:00,BREAK,2007.05.23 16:00,237.410,BREAK,2007.05.10 20:00,0,,0,,0,,0,NA,NewYork,BOUNCE,2007.05.11 00:00,NA,,239.470,BOUNCE,2007.05.02 00:00,1,2007.05.09 04:00,1,2007.05.10 20:00,0,,2,1w 1d,Asia,NA,,NA,,238.120,BOUNCE,2007.05.09 04:00,1,2007.05.09 21:00,1,2007.05.09 21:00,0,,2,17h,Asia,NA,,NA,,B-ZF-BR,B-ZF-BR,S-ZO-UN,S-ZG-UN,S-ZG-UN,B-ZF-BR,B-ZD-BO,B-ZB-BR,S-ZG-UN,S-ZH-UN,S-ZO-BO,B-ZE-BR,S-ZB-BR,S-ZE-UN,B-ZC-BO,B-ZF-BR,B-ZF-BR,S-ZH-BR,S-ZF-BO,B-ZG-BR
596,2007.05.07 01:00,GBPJPY,60,86400,SELL,ZO,0,239.560,238.890,670.0,239.530,238.750,780.0,116.418,4.48,640.0,158.1,239.530,238.890,238.110,BOUNCE,2007.05.09 04:00,1,2007.05.09 16:00,1,2007.05.22 18:00,1,2007.05.23 01:00,3,1w 6d,Asia,NA,,NA,,240.200,BREAK,2007.05.23 01:00,0,,0,,0,,0,NA,Asia,BREAK,2007.05.23 13:00,BREAK,2007.05.23 18:00,238.250,BREAK,2007.05.08 15:00,0,,0,,0,,0,NA,NewYork,BOUNCE,2007.05.10 19:00,NA,,240.170,BREAK,2007.05.22 18:00,0,,0,,0,,0,NA,NewYork,BREAK,2007.05.23 13:00,BREAK,2007.05.23 18:00,B-ZB-BR,B-ZF-BR,B-ZF-BR,S-ZO-UN,S-ZG-UN,S-ZG-UN,B-ZF-BR,B-ZD-BO,B-ZB-BR,S-ZG-UN,B-ZE-BR,S-ZB-BR,S-ZE-UN,B-ZC-BO,B-ZF-BR,B-ZF-BR,S-ZH-BR,S-ZF-BO,B-ZG-BR,B-ZB-BO
597,2007.05.08 00:00,GBPJPY,60,86400,BUY,ZE,1,239.530,238.750,780.0,239.590,239.110,480.0,61.538,46.15,420.0,184.1,239.530,239.110,240.010,BREAK,2007.05.22 18:00,0,,0,,0,,0,NA,NewYork,BREAK,2007.05.23 11:00,BREAK,2007.05.23 13:00,238.330,BOUNCE,2007.05.08 15:00,1,2007.05.09 16:00,1,2007.05.22 18:00,1,2007.05.22 18:00,3,2w 0d,NewYork,NA,,NA,,239.950,BREAK,2007.05.22 18:00,0,,0,,0,,0,NA,NewYork,BREAK,2007.05.23 11:00,BREAK,2007.05.23 13:00,238.690,BREAK,2007.05.08 11:00,0,,0,,0,,0,NA,London,BOUNCE,2007.05.08 18:00,NA,,S-ZO-BO,B-ZB-BR,B-ZF-BR,B-ZF-BR,S-ZO-UN,S-ZG-UN,S-ZG-UN,B-ZF-BR,B-ZD-BO,B-ZB-BR,S-ZB-BR,S-ZE-UN,B-ZC-BO,B-ZF-BR,B-ZF-BR,S-ZH-BR,S-ZF-BO,B-ZG-BR,B-ZB-BO,B-ZD-BR
598,2007.05.09 00:00,GBPJPY,60,86400,SELL,ZB,1,239.590,239.110,480.0,239.400,238.170,1230.0,256.250,39.58,290.0,113.3,239.400,239.110,237.880,BREAK,2007.05.10 19:00,0,,0,,0,,0,NA,NewYork,BREAK,2007.05.10 20:00,BREAK,2007.05.10 23:00,239.880,BOUNCE,2007.05.18 11:00,1,2007.05.18 12:00,1,2007.05.18 13:00,1,2007.05.18 13:00,3,2h,London,NA,,NA,,238.820,BREAK,2007.05.09 00:00,0,,0,,0,,0,NA,Asia,BREAK,2007.05.09 03:00,BREAK,2007.05.09 04:00,239.690,BOUNCE,2007.05.10 10:00,1,2007.05.10 16:00,1,2007.05.10 16:00,0,,2,6h,London,NA,,NA,,B-ZE-BR,S-ZO-BO,B-ZB-BR,B-ZF-BR,B-ZF-BR,S-ZO-UN,S-ZG-UN,S-ZG-UN,B-ZF-BR,B-ZD-BO,S-ZE-UN,B-ZC-BO,B-ZF-BR,B-ZF-BR,S-ZH-BR,S-ZF-BO,B-ZG-BR,B-ZB-BO,B-ZD-BR,S-ZB-BR
599,2007.05.12 00:00,GBPJPY,60,86400,SELL,ZE,1,239.750,237.130,2620.0,238.430,236.420,2010.0,76.718,50.38,1300.0,618.3,238.430,237.130,235.120,UNTOUCHED,,0,,0,,0,,0,NA,Other,NA,,NA,,241.050,BREAK,2007.05.23 13:00,0,,0,,0,,0,NA,NewYork,BREAK,2007.06.05 10:00,BREAK,2007.06.15 17:00,235.830,UNTOUCHED,,0,,0,,0,,0,NA,Other,NA,,NA,,239.730,BOUNCE,2007.05.18 10:00,0,,0,,0,,0,NA,London,NA,,NA,,S-ZB-BR,B-ZE-BR,S-ZO-BO,B-ZB-BR,B-ZF-BR,B-ZF-BR,S-ZO-UN,S-ZG-UN,S-ZG-UN,B-ZF-BR,B-ZC-BO,B-ZF-BR,B-ZF-BR,S-ZH-BR,S-ZF-BO,B-ZG-BR,B-ZB-BO,B-ZD-BR,S-ZB-BR,S-ZH-BO
600,2007.05.17 00:00,GBPJPY,60,86400,BUY,ZC,1,239.000,237.710,1290.0,239.360,238.560,800.0,62.016,65.89,440.0,304.4,239.000,238.560,239.800,BOUNCE,2007.05.18 10:00,1,2007.05.18 13:00,1,2007.05.18 13:00,0,,2,3h,London,NA,,NA,,237.270,UNTOUCHED,,0,,0,,0,,0,NA,Other,NA,,NA,,239.440,BREAK,2007.05.17 13:00,0,,0,,0,,0,NA,NewYork,BOUNCE,2007.05.18 11:00,NA,,238.120,BOUNCE,2007.05.18 13:00,1,2007.05.18 18:00,1,2007.05.18 18:00,0,,2,5h,NewYork,NA,,NA,,S-ZE-UN,S-ZB-BR,B-ZE-BR,S-ZO-BO,B-ZB-BR,B-ZF-BR,B-ZF-BR,S-ZO-UN,S-ZG-UN,S-ZG-UN,B-ZF-BR,B-ZF-BR,S-ZH-BR,S-ZF-BO,B-ZG-BR,B-ZB-BO,B-ZD-BR,S-ZB-BR,S-ZH-BO,S-ZC-PE
601,2007.05.18 00:00,GBPJPY,60,86400,BUY,ZF,0,239.360,238.560,800.0,239.610,238.610,1000.0,125.000,6.25,750.0,188.8,239.360,238.610,240.360,BREAK,2007.05.23 06:00,0,,0,,0,,0,NA,Asia,BREAK,2007.05.23 14:00,BREAK,2007.06.01 23:00,237.810,BOUNCE,2007.05.18 14:00,1,2007.05.18 17:00,1,2007.05.22 18:00,1,2007.05.23 06:00,3,4d 16h,NewYork,NA,,NA,,240.110,BREAK,2007.05.22 18:00,0,,0,,0,,0,NA,NewYork,BREAK,2007.05.23 13:00,BREAK,2007.05.23 20:00,237.860,BOUNCE,2007.05.18 14:00,1,2007.05.22 18:00,1,2007.05.22 18:00,0,,2,4d 4h,NewYork,NA,,NA,,B-ZC-BO,S-ZE-UN,S-ZB-BR,B-ZE-BR,S-ZO-BO,B-ZB-BR,B-ZF-BR,B-ZF-BR,S-ZO-UN,S-ZG-UN,B-ZF-BR,S-ZH-BR,S-ZF-BO,B-ZG-BR,B-ZB-BO,B-ZD-BR,S-ZB-BR,S-ZH-BO,S-ZC-PE,B-ZB-BO
602,2007.05.23 00:00,GBPJPY,60,86400,BUY,ZF,1,239.600,238.990,610.0,240.200,239.100,1100.0,180.328,18.03,500.0,144.0,239.600,239.100,240.700,BREAK,2007.05.23 12:00,0,,0,,0,,0,NA,London,BREAK,2007.05.23 14:00,BREAK,2007.05.23 20:00,238.490,BREAK,2007.06.08 10:00,0,,0,,0,,0,NA,London,BREAK,2007.06.08 11:00,PENDING,,240.100,BREAK,2007.05.23 01:00,0,,0,,0,,0,NA,Asia,BREAK,2007.05.23 12:00,BREAK,2007.05.23 14:00,238.600,BREAK,2007.06.08 10:00,0,,0,,0,,0,NA,London,BREAK,2007.06.08 11:00,PENDING,,B-ZF-BR,B-ZC-BO,S-ZE-UN,S-ZB-BR,B-ZE-BR,S-ZO-BO,B-ZB-BR,B-ZF-BR,B-ZF-BR,S-ZO-UN,S-ZH-BR,S-ZF-BO,B-ZG-BR,B-ZB-BO,B-ZD-BR,S-ZB-BR,S-ZH-BO,S-ZC-PE,B-ZB-BO,B-ZF-BR
603,2007.05.30 00:00,GBPJPY,60,86400,SELL,ZH,1,241.630,241.170,460.0,241.530,240.500,1030.0,223.913,21.74,360.0,108.6,241.530,241.170,240.140,BREAK,2007.05.30 14:00,0,,0,,0,,0,NA,NewYork,BOUNCE,2007.05.30 21:00,NA,,241.990,BREAK,2007.06.01 21:00,0,,0,,0,,0,NA,Other,BREAK,2007.06.04 15:00,BREAK,2007.06.05 09:00,240.810,BREAK,2007.05.30 01:00,0,,0,,0,,0,NA,Asia,BREAK,2007.05.30 04:00,BREAK,2007.05.30 17:00,241.890,BREAK,2007.06.01 19:00,0,,0,,0,,0,NA,NewYork,BOUNCE,2007.06.04 09:00,NA,,B-ZF-BR,B-ZF-BR,B-ZC-BO,S-ZE-UN,S-ZB-BR,B-ZE-BR,S-ZO-BO,B-ZB-BR,B-ZF-BR,B-ZF-BR,S-ZF-BO,B-ZG-BR,B-ZB-BO,B-ZD-BR,S-ZB-BR,S-ZH-BO,S-ZC-PE,B-ZB-BO,B-ZF-BR,B-ZF-BR
604,2007.05.31 00:00,GBPJPY,60,86400,SELL,ZF,1,241.530,240.500,1030.0,241.140,239.740,1400.0,135.922,37.86,640.0,243.1,241.140,240.500,239.100,BOUNCE,2007.06.07 19:00,1,2007.06.12 09:00,1,2007.06.13 21:00,1,2007.06.13 22:00,3,6d 3h,NewYork,NA,,NA,,242.170,BREAK,2007.06.04 09:00,0,,0,,0,,0,NA,London,BOUNCE,2007.06.05 15:00,NA,,239.860,BREAK,2007.06.07 19:00,0,,0,,0,,0,NA,NewYork,BREAK,2007.06.07 20:00,BREAK,2007.06.08 10:00,241.780,BREAK,2007.06.01 18:00,0,,0,,0,,0,NA,NewYork,BREAK,2007.06.05 07:00,BREAK,2007.06.15 13:00,S-ZH-BR,B-ZF-BR,B-ZF-BR,B-ZC-BO,S-ZE-UN,S-ZB-BR,B-ZE-BR,S-ZO-BO,B-ZB-BR,B-ZF-BR,B-ZG-BR,B-ZB-BO,B-ZD-BR,S-ZB-BR,S-ZH-BO,S-ZC-PE,B-ZB-BO,B-ZF-BR,B-ZF-BR,B-ZE-BR
605,2007.06.01 00:00,GBPJPY,60,86400,BUY,ZG,0,241.140,239.740,1400.0,241.170,239.890,1280.0,91.429,10.71,1250.0,330.4,241.140,239.890,242.420,BREAK,2007.06.04 12:00,0,,0,,0,,0,NA,London,BREAK,2007.06.15 17:00,BREAK,2007.06.18 23:00,238.490,BREAK,2007.06.08 10:00,0,,0,,0,,0,NA,London,PENDING,,NA,,242.390,BREAK,2007.06.04 12:00,0,,0,,0,,0,NA,London,BREAK,2007.06.15 17:00,BREAK,2007.06.18 19:00,238.640,BREAK,2007.06.08 10:00,0,,0,,0,,0,NA,London,PENDING,,NA,,S-ZF-BO,S-ZH-BR,B-ZF-BR,B-ZF-BR,B-ZC-BO,S-ZE-UN,S-ZB-BR,B-ZE-BR,S-ZO-BO,B-ZB-BR,B-ZB-BO,B-ZD-BR,S-ZB-BR,S-ZH-BO,S-ZC-PE,B-ZB-BO,B-ZF-BR,B-ZF-BR,B-ZE-BR,S-ZB-BR
606,2007.06.04 01:00,GBPJPY,60,86400,BUY,ZB,1,241.170,239.890,1280.0,242.070,240.850,1220.0,95.312,75.00,320.0,302.1,241.170,240.850,242.390,BOUNCE,2007.06.04 12:00,1,2007.06.05 16:00,1,2007.06.07 15:00,1,2007.06.07 19:00,3,3d 7h,London,NA,,NA,,239.570,BREAK,2007.06.07 19:00,0,,0,,0,,0,NA,NewYork,BREAK,2007.06.07 20:00,BREAK,2007.06.08 10:00,241.490,BREAK,2007.06.04 01:00,0,,0,,0,,0,NA,Asia,BREAK,2007.06.04 02:00,BREAK,2007.06.04 15:00,240.530,BOUNCE,2007.06.07 15:00,1,2007.06.13 19:00,1,2007.06.13 19:00,0,,2,6d 4h,NewYork,NA,,NA,,B-ZG-BR,S-ZF-BO,S-ZH-BR,B-ZF-BR,B-ZF-BR,B-ZC-BO,S-ZE-UN,S-ZB-BR,B-ZE-BR,S-ZO-BO,B-ZD-BR,S-ZB-BR,S-ZH-BO,S-ZC-PE,B-ZB-BO,B-ZF-BR,B-ZF-BR,B-ZE-BR,S-ZB-BR,S-ZC-PE
607,2007.06.05 00:00,GBPJPY,60,86400,BUY,ZD,1,242.070,240.850,1220.0,242.640,241.640,1000.0,81.967,64.75,430.0,287.9,242.070,241.640,243.070,BREAK,2007.06.15 11:00,0,,0,,0,,0,NA,London,BREAK,2007.06.15 16:00,BREAK,2007.06.15 17:00,240.420,BOUNCE,2007.06.07 15:00,1,2007.06.13 07:00,1,2007.06.14 01:00,1,2007.06.15 11:00,3,1w 0d,NewYork,NA,,NA,,242.500,BREAK,2007.06.05 00:00,0,,0,,0,,0,NA,Asia,BOUNCE,2007.06.05 13:00,NA,,241.210,BOUNCE,2007.06.06 13:00,1,2007.06.14 01:00,1,2007.06.14 01:00,0,,2,1w 0d,NewYork,NA,,NA,,B-ZB-BO,B-ZG-BR,S-ZF-BO,S-ZH-BR,B-ZF-BR,B-ZF-BR,B-ZC-BO,S-ZE-UN,S-ZB-BR,B-ZE-BR,S-ZB-BR,S-ZH-BO,S-ZC-PE,B-ZB-BO,B-ZF-BR,B-ZF-BR,B-ZE-BR,S-ZB-BR,S-ZC-PE,
608,2007.06.07 00:00,GBPJPY,60,86400,SELL,ZB,1,242.990,241.520,1470.0,242.270,240.920,1350.0,91.837,48.98,750.0,346.9,242.270,241.520,240.170,BREAK,2007.06.07 18:00,0,,0,,0,,0,NA,NewYork,BREAK,2007.06.07 20:00,BREAK,2007.06.08 10:00,243.740,BREAK,2007.06.15 16:00,0,,0,,0,,0,NA,NewYork,BREAK,2007.06.18 09:00,BREAK,2007.06.20 11:00,240.770,BOUNCE,2007.06.07 03:00,1,2007.06.15 11:00,1,2007.06.15 16:00,0,,2,1w 1d,Asia,NA,,NA,,243.020,BREAK,2007.06.15 11:00,0,,0,,0,,0,NA,London,BREAK,2007.06.15 17:00,BREAK,2007.06.18 09:00,B-ZD-BR,B-ZB-BO,B-ZG-BR,S-ZF-BO,S-ZH-BR,B-ZF-BR,B-ZF-BR,B-ZC-BO,S-ZE-UN,S-ZB-BR,S-ZH-BO,S-ZC-PE,B-ZB-BO,B-ZF-BR,B-ZF-BR,B-ZE-BR,S-ZB-BR,S-ZC-PE,,
609,2007.06.08 00:00,GBPJPY,60,86400,SELL,ZH,1,242.270,240.920,1350.0,242.030,238.900,3130.0,231.852,17.78,1110.0,318.6,242.030,240.920,237.790,BOUNCE,2007.06.08 11:00,1,2007.06.12 03:00,1,2007.06.15 11:00,1,2007.06.15 15:00,3,1w 0d,London,NA,,NA,,243.380,BREAK,2007.06.15 15:00,0,,0,,0,,0,NA,NewYork,BREAK,2007.06.18 09:00,BREAK,2007.06.20 13:00,239.810,BREAK,2007.06.08 00:00,0,,0,,0,,0,NA,Asia,BREAK,2007.06.08 10:00,PENDING,,243.140,BREAK,2007.06.15 11:00,0,,0,,0,,0,NA,London,BREAK,2007.06.18 08:00,BREAK,2007.06.20 11:00,S-ZB-BR,B-ZD-BR,B-ZB-BO,B-ZG-BR,S-ZF-BO,S-ZH-BR,B-ZF-BR,B-ZF-BR,B-ZC-BO,S-ZE-UN,S-ZC-PE,B-ZB-BO,B-ZF-BR,B-ZF-BR,B-ZE-BR,S-ZB-BR,S-ZC-PE,,,
610,2007.06.11 01:00,GBPJPY,60,86400,SELL,ZC,1,242.030,238.900,3130.0,240.130,237.640,2490.0,79.553,60.70,1230.0,738.7,240.130,238.900,236.410,PENDING,,0,,0,,0,,0,NA,Other,NA,,NA,,243.260,BREAK,2007.06.15 12:00,0,,0,,0,,0,NA,London,BREAK,2007.06.18 19:00,BREAK,2007.06.20 18:00,237.670,PENDING,,0,,0,,0,,0,NA,Other,NA,,NA,,241.360,BREAK,2007.06.13 09:00,0,,0,,0,,0,NA,London,BREAK,2007.06.15 15:00,BREAK,2007.06.18 08:00,S-ZH-BO,S-ZB-BR,B-ZD-BR,B-ZB-BO,B-ZG-BR,S-ZF-BO,S-ZH-BR,B-ZF-BR,B-ZF-BR,B-ZC-BO,B-ZB-BO,B-ZF-BR,B-ZF-BR,B-ZE-BR,S-ZB-BR,S-ZC-PE,,,,
611,2007.06.13 00:00,GBPJPY,60,86400,BUY,ZB,1,239.960,238.950,1010.0,240.850,239.530,1320.0,130.693,57.43,430.0,238.4,239.960,239.530,241.280,BOUNCE,2007.06.13 07:00,0,,0,,0,,0,NA,London,NA,,NA,,238.520,PENDING,,0,,0,,0,,0,NA,Other,NA,,NA,,240.390,BREAK,2007.06.13 04:00,0,,0,,0,,0,NA,Asia,BREAK,2007.06.13 08:00,BOUNCE,2007.06.13 11:00,239.100,PENDING,,0,,0,,0,,0,NA,Other,NA,,NA,,S-ZC-PE,S-ZH-BO,S-ZB-BR,B-ZD-BR,B-ZB-BO,B-ZG-BR,S-ZF-BO,S-ZH-BR,B-ZF-BR,B-ZF-BR,B-ZF-BR,B-ZF-BR,B-ZE-BR,S-ZB-BR,S-ZC-PE,,,,,
612,2007.06.14 00:00,GBPJPY,60,86400,BUY,ZF,1,240.850,239.530,1320.0,242.210,239.720,2490.0,188.636,14.39,1130.0,311.5,240.850,239.720,243.340,BREAK,2007.06.15 15:00,0,,0,,0,,0,NA,NewYork,BREAK,2007.06.18 09:00,BREAK,2007.06.20 13:00,238.400,PENDING,,0,,0,,0,,0,NA,Other,NA,,NA,,241.980,BREAK,2007.06.14 00:00,0,,0,,0,,0,NA,Asia,BREAK,2007.06.15 15:00,BREAK,2007.06.18 08:00,238.590,PENDING,,0,,0,,0,,0,NA,Other,NA,,NA,,B-ZB-BO,S-ZC-PE,S-ZH-BO,S-ZB-BR,B-ZD-BR,B-ZB-BO,B-ZG-BR,S-ZF-BO,S-ZH-BR,B-ZF-BR,B-ZF-BR,B-ZE-BR,S-ZB-BR,S-ZC-PE,,,,,,
613,2007.06.18 01:00,GBPJPY,60,86400,BUY,ZF,1,242.960,241.690,1270.0,244.350,242.000,2350.0,185.039,24.41,960.0,299.7,242.960,242.000,245.310,BREAK,2007.06.18 23:00,0,,0,,0,,0,NA,Other,BREAK,2007.06.20 20:00,BREAK,2007.06.22 10:00,240.730,PENDING,,0,,0,,0,,0,NA,Other,NA,,NA,,243.920,BREAK,2007.06.18 01:00,0,,0,,0,,0,NA,Asia,BREAK,2007.06.18 18:00,BREAK,2007.06.20 13:00,241.040,PENDING,,0,,0,,0,,0,NA,Other,NA,,NA,,B-ZF-BR,B-ZB-BO,S-ZC-PE,S-ZH-BO,S-ZB-BR,B-ZD-BR,B-ZB-BO,B-ZG-BR,S-ZF-BO,S-ZH-BR,B-ZE-BR,S-ZB-BR,S-ZC-PE,,,,,,,
614,2007.06.20 00:00,GBPJPY,60,86400,BUY,ZE,1,245.510,243.910,1600.0,245.540,245.070,470.0,29.375,72.50,440.0,377.6,245.510,245.070,245.980,BREAK,2007.06.20 13:00,0,,0,,0,,0,NA,NewYork,BOUNCE,2007.06.21 00:00,NA,,243.470,PENDING,,0,,0,,0,,0,NA,Other,NA,,NA,,245.950,BREAK,2007.06.20 13:00,0,,0,,0,,0,NA,NewYork,BOUNCE,2007.06.21 01:00,NA,,244.630,BREAK,2007.06.27 09:00,0,,0,,0,,0,NA,London,BOUNCE,2007.06.27 10:00,NA,,B-ZF-BR,B-ZF-BR,B-ZB-BO,S-ZC-PE,S-ZH-BO,S-ZB-BR,B-ZD-BR,B-ZB-BO,B-ZG-BR,S-ZF-BO,S-ZB-BR,S-ZC-PE,,,,,,,,
615,2007.06.27 00:00,GBPJPY,60,86400,SELL,ZB,1,247.800,246.460,1340.0,247.150,245.220,1930.0,144.030,48.51,690.0,316.2,247.150,246.460,244.530,BREAK,2007.06.27 09:00,0,,0,,0,,0,NA,London,PENDING,,NA,,248.490,PENDING,,0,,0,,0,,0,NA,Other,NA,,NA,,245.770,BREAK,2007.06.27 02:00,0,,0,,0,,0,NA,Asia,BREAK,2007.06.27 09:00,BREAK,2007.06.27 15:00,247.840,PENDING,,0,,0,,0,,0,NA,Other,NA,,NA,,B-ZE-BR,B-ZF-BR,B-ZF-BR,B-ZB-BO,S-ZC-PE,S-ZH-BO,S-ZB-BR,B-ZD-BR,B-ZB-BO,B-ZG-BR,S-ZC-PE,,,,,,,,,
616,2007.06.28 00:00,GBPJPY,60,86400,SELL,ZC,1,247.150,245.220,1930.0,246.370,243.990,2380.0,123.316,40.41,1150.0,455.5,246.370,245.220,242.840,PENDING,,0,,0,,0,,0,NA,Other,NA,,NA,,248.300,PENDING,,0,,0,,0,,0,NA,Other,NA,,NA,,244.070,PENDING,,0,,0,,0,,0,NA,Other,NA,,NA,,247.520,PENDING,2007.06.29 16:00,0,,0,,0,,0,NA,NewYork,NA,,NA,,S-ZB-BR,B-ZE-BR,B-ZF-BR,B-ZF-BR,B-ZB-BO,S-ZC-PE,S-ZH-BO,S-ZB-BR,B-ZD-BR,B-ZB-BO,,,,,,,,,,
