AngleID,FormTime,Symbol,TF,UnitSeconds,Dir,Class,Confirmed,U2_High,U2_Low,U2_Range,U1_High,U1_Low,U1_Range,Ratio_U1_U2_pct,Corr_pct,L_points,B_points,DiagTop,DiagBot,U1X1_Level,U1X1_React,U1X1_TouchTime,U1X1_TP1_Hit,U1X1_TP1_Time,U1X1_TP2_Hit,U1X1_TP2_Time,U1X1_TP3_Hit,U1X1_TP3_Time,U1X1_MaxTP,U1X1_Dur,U1X1_Session,U1X1_X2_React,U1X1_X2_Time,U1X1_X3_React,U1X1_X3_Time,U2X1_Level,U2X1_React,U2X1_TouchTime,U2X1_TP1_Hit,U2X1_TP1_Time,U2X1_TP2_Hit,U2X1_TP2_Time,U2X1_TP3_Hit,U2X1_TP3_Time,U2X1_MaxTP,U2X1_Dur,U2X1_Session,U2X1_X2_React,U2X1_X2_Time,U2X1_X3_React,U2X1_X3_Time,DLX1_Level,DLX1_React,DLX1_TouchTime,DLX1_TP1_Hit,DLX1_TP1_Time,DLX1_TP2_Hit,DLX1_TP2_Time,DLX1_TP3_Hit,DLX1_TP3_Time,DLX1_MaxTP,DLX1_Dur,DLX1_Session,DLX1_X2_React,DLX1_X2_Time,DLX1_X3_React,DLX1_X3_Time,DRX1_Level,DRX1_React,DRX1_TouchTime,DRX1_TP1_Hit,DRX1_TP1_Time,DRX1_TP2_Hit,DRX1_TP2_Time,DRX1_TP3_Hit,DRX1_TP3_Time,DRX1_MaxTP,DRX1_Dur,DRX1_Session,DRX1_X2_React,DRX1_X2_Time,DRX1_X3_React,DRX1_X3_Time,Left_1,Left_2,Left_3,Left_4,Left_5,Left_6,Left_7,Left_8,Left_9,Left_10,Right_1,Right_2,Right_3,Right_4,Right_5,Right_6,Right_7,Right_8,Right_9,Right_10
1,2019.11.02 00:00,EURJPY,60,86400,BUY,ZD,1,120.452,120.285,167.0,120.937,120.359,578.0,346.108,44.31,93.0,39.4,120.452,120.359,121.030,BOUNCE,2019.11.04 11:00,1,2019.11.05 00:00,1,2019.11.07 06:00,1,2019.11.07 07:00,3,2d 20h,London,NA,,NA,,120.192,BREAK,2019.11.07 07:00,0,,0,,0,,0,NA,London,BOUNCE,2019.11.11 10:00,NA,,120.545,BREAK,2019.11.02 00:00,0,,0,,0,,0,NA,Asia,BREAK,2019.11.04 02:00,BREAK,2019.11.04 03:00,120.266,BREAK,2019.11.07 06:00,0,,0,,0,,0,NA,Asia,BOUNCE,2019.11.07 07:00,NA,,,,,,,,,,,,B-ZH-BR,S-ZB-BO,S-ZD-BO,S-ZB-UN,B-ZF-BR,S-ZO-UN,S-ZO-UN,B-ZG-BR,S-ZF-UN,B-ZB-BR
2,2019.11.05 00:00,EURJPY,60,86400,BUY,ZH,1,120.833,120.738,95.0,121.105,120.772,333.0,350.526,35.79,61.0,22.4,120.833,120.772,121.166,BREAK,2019.11.05 11:00,0,,0,,0,,0,NA,London,BREAK,2019.11.05 12:00,BREAK,2019.12.12 19:00,120.677,BREAK,2019.11.06 10:00,0,,0,,0,,0,NA,London,BREAK,2019.11.06 20:00,BREAK,2019.11.06 21:00,120.894,BREAK,2019.11.05 03:00,0,,0,,0,,0,NA,Asia,BREAK,2019.11.05 04:00,BOUNCE,2019.11.05 05:00,120.711,BOUNCE,2019.11.05 18:00,1,2019.11.06 00:00,1,2019.11.06 00:00,0,,2,6h,NewYork,NA,,NA,,B-ZD-BO,,,,,,,,,,S-ZB-BO,S-ZD-BO,S-ZB-UN,B-ZF-BR,S-ZO-UN,S-ZO-UN,B-ZG-BR,S-ZF-UN,B-ZB-BR,B-ZD-BR
3,2019.11.07 00:00,EURJPY,60,86400,SELL,ZB,1,121.298,120.687,611.0,120.910,120.470,440.0,72.013,63.50,223.0,144.2,120.910,120.687,120.247,BOUNCE,2019.11.07 06:00,1,2019.11.07 12:00,1,2019.12.12 18:00,1,2019.12.12 20:00,3,5w 0d,Asia,NA,,NA,,121.521,BOUNCE,2019.12.12 20:00,0,,0,,0,,0,NA,NewYork,NA,,NA,,120.464,BREAK,2019.11.07 05:00,0,,0,,0,,0,NA,Asia,BOUNCE,2019.11.07 11:00,NA,,121.133,BREAK,2019.12.12 18:00,0,,0,,0,,0,NA,NewYork,BREAK,2019.12.12 19:00,BREAK,2019.12.13 00:00,B-ZH-BR,B-ZD-BO,,,,,,,,,S-ZD-BO,S-ZB-UN,B-ZF-BR,S-ZO-UN,S-ZO-UN,B-ZG-BR,S-ZF-UN,B-ZB-BR,B-ZD-BR,B-ZH-BR
4,2019.11.14 00:00,EURJPY,60,86400,SELL,ZD,1,120.635,119.948,687.0,120.181,119.576,605.0,88.064,66.08,233.0,162.1,120.181,119.948,119.343,BOUNCE,2019.11.14 20:00,1,2019.11.15 14:00,1,2019.11.18 10:00,1,2019.12.02 05:00,3,2w 3d,NewYork,NA,,NA,,120.868,BOUNCE,2019.12.02 05:00,1,2019.12.03 17:00,0,,0,,1,1d 12h,Asia,NA,,NA,,119.715,BREAK,2019.11.14 00:00,0,,0,,0,,0,NA,Asia,BREAK,2019.11.14 20:00,UNTOUCHED,,120.414,BREAK,2019.11.18 10:00,0,,0,,0,,0,NA,London,BOUNCE,2019.11.18 17:00,NA,,S-ZB-BO,B-ZH-BR,B-ZD-BO,,,,,,,,S-ZB-UN,B-ZF-BR,S-ZO-UN,S-ZO-UN,B-ZG-BR,S-ZF-UN,B-ZB-BR,B-ZD-BR,B-ZH-BR,S-ZF-UN
5,2019.11.15 00:00,EURJPY,60,86400,SELL,ZB,1,120.181,119.576,605.0,119.809,119.247,562.0,92.893,61.49,233.0,142.8,119.809,119.576,119.014,UNTOUCHED,,0,,0,,0,,0,NA,Other,NA,,NA,,120.414,BREAK,2019.11.18 10:00,0,,0,,0,,0,NA,London,BOUNCE,2019.11.18 17:00,NA,,119.343,UNTOUCHED,,0,,0,,0,,0,NA,Other,NA,,NA,,120.042,BREAK,2019.11.15 18:00,0,,0,,0,,0,NA,NewYork,BREAK,2019.11.18 10:00,BREAK,2019.11.18 14:00,S-ZD-BO,S-ZB-BO,B-ZH-BR,B-ZD-BO,,,,,,,B-ZF-BR,S-ZO-UN,S-ZO-UN,B-ZG-BR,S-ZF-UN,B-ZB-BR,B-ZD-BR,B-ZH-BR,S-ZF-UN,S-ZO-UN
6,2019.11.16 00:00,EURJPY,60,86400,BUY,ZF,1,119.809,119.247,562.0,120.314,119.436,878.0,156.228,33.63,373.0,132.6,119.809,119.436,120.687,BREAK,2019.11.29 19:00,0,,0,,0,,0,NA,NewYork,BREAK,2019.12.12 18:00,BREAK,2019.12.13 00:00,118.874,UNTOUCHED,,0,,0,,0,,0,NA,Other,NA,,NA,,120.182,BREAK,2019.11.16 00:00,0,,0,,0,,0,NA,Asia,BOUNCE,2019.11.18 18:00,NA,,119.063,UNTOUCHED,,0,,0,,0,,0,NA,Other,NA,,NA,,S-ZB-UN,S-ZD-BO,S-ZB-BO,B-ZH-BR,B-ZD-BO,,,,,,S-ZO-UN,S-ZO-UN,B-ZG-BR,S-ZF-UN,B-ZB-BR,B-ZD-BR,B-ZH-BR,S-ZF-UN,S-ZO-UN,B-ZC-BO
7,2019.11.20 00:00,EURJPY,60,86400,SELL,ZO,0,120.684,120.091,593.0,120.493,119.999,494.0,83.305,32.21,402.0,139.9,120.493,120.091,119.597,UNTOUCHED,,0,,0,,0,,0,NA,Other,NA,,NA,,121.086,BREAK,2019.12.12 17:00,0,,0,,0,,0,NA,NewYork,BREAK,2019.12.13 00:00,BREAK,2019.12.13 02:00,119.689,BOUNCE,2019.11.22 23:00,1,2019.12.02 06:00,1,2019.12.12 17:00,0,,2,2w 5d,Other,NA,,NA,,120.895,BOUNCE,2019.12.02 06:00,0,,0,,0,,0,NA,Asia,NA,,NA,,B-ZF-BR,S-ZB-UN,S-ZD-BO,S-ZB-BO,B-ZH-BR,B-ZD-BO,,,,,S-ZO-UN,B-ZG-BR,S-ZF-UN,B-ZB-BR,B-ZD-BR,B-ZH-BR,S-ZF-UN,S-ZO-UN,B-ZC-BO,S-ZF-UN
8,2019.11.21 00:00,EURJPY,60,86400,SELL,ZO,0,120.493,119.999,494.0,120.404,119.848,556.0,112.551,18.02,405.0,116.6,120.404,119.999,119.443,UNTOUCHED,,0,,0,,0,,0,NA,Other,NA,,NA,,120.898,BOUNCE,2019.12.02 06:00,1,2019.12.06 19:00,0,,0,,1,4d 13h,Asia,NA,,NA,,119.594,UNTOUCHED,,0,,0,,0,,0,NA,Other,NA,,NA,,120.809,BREAK,2019.12.02 04:00,0,,0,,0,,0,NA,Asia,BREAK,2019.12.12 19:00,BREAK,2019.12.13 02:00,S-ZO-UN,B-ZF-BR,S-ZB-UN,S-ZD-BO,S-ZB-BO,B-ZH-BR,B-ZD-BO,,,,B-ZG-BR,S-ZF-UN,B-ZB-BR,B-ZD-BR,B-ZH-BR,S-ZF-UN,S-ZO-UN,B-ZC-BO,S-ZF-UN,B-ZF-BO
9,2019.11.22 00:00,EURJPY,60,86400,BUY,ZG,0,120.404,119.848,556.0,120.575,119.939,636.0,114.388,16.37,465.0,131.2,120.404,119.939,121.040,BREAK,2019.12.12 11:00,0,,0,,0,,0,NA,London,BREAK,2019.12.13 00:00,BREAK,2019.12.13 02:00,119.383,UNTOUCHED,,0,,0,,0,,0,NA,Other,NA,,NA,,120.869,BREAK,2019.12.02 05:00,0,,0,,0,,0,NA,Asia,BREAK,2019.12.12 19:00,BREAK,2019.12.13 02:00,119.474,UNTOUCHED,,0,,0,,0,,0,NA,Other,NA,,NA,,S-ZO-UN,S-ZO-UN,B-ZF-BR,S-ZB-UN,S-ZD-BO,S-ZB-BO,B-ZH-BR,B-ZD-BO,,,S-ZF-UN,B-ZB-BR,B-ZD-BR,B-ZH-BR,S-ZF-UN,S-ZO-UN,B-ZC-BO,S-ZF-UN,B-ZF-BO,B-ZD-BR
10,2019.11.23 00:00,EURJPY,60,86400,SELL,ZF,0,120.575,119.939,636.0,120.483,119.660,823.0,129.403,14.47,544.0,150.1,120.483,119.939,119.116,UNTOUCHED,,0,,0,,0,,0,NA,Other,NA,,NA,,121.119,BREAK,2019.12.12 18:00,0,,0,,0,,0,NA,NewYork,BREAK,2019.12.13 02:00,BREAK,2019.12.13 03:00,119.395,UNTOUCHED,,0,,0,,0,,0,NA,Other,NA,,NA,,121.027,BREAK,2019.12.12 11:00,0,,0,,0,,0,NA,London,BREAK,2019.12.13 00:00,BREAK,2019.12.13 02:00,B-ZG-BR,S-ZO-UN,S-ZO-UN,B-ZF-BR,S-ZB-UN,S-ZD-BO,S-ZB-BO,B-ZH-BR,B-ZD-BO,,B-ZB-BR,B-ZD-BR,B-ZH-BR,S-ZF-UN,S-ZO-UN,B-ZC-BO,S-ZF-UN,B-ZF-BO,B-ZD-BR,B-ZC-BO
11,2019.11.27 00:00,EURJPY,60,86400,BUY,ZB,1,120.114,119.632,482.0,120.250,119.913,337.0,69.917,58.30,201.0,113.8,120.114,119.913,120.451,BREAK,2019.11.27 22:00,0,,0,,0,,0,NA,Other,BOUNCE,2019.11.29 15:00,NA,,119.431,UNTOUCHED,,0,,0,,0,,0,NA,Other,NA,,NA,,120.315,BREAK,2019.11.27 19:00,0,,0,,0,,0,NA,NewYork,BREAK,2019.11.29 04:00,BOUNCE,2019.11.29 19:00,119.712,UNTOUCHED,,0,,0,,0,,0,NA,Other,NA,,NA,,S-ZF-UN,B-ZG-BR,S-ZO-UN,S-ZO-UN,B-ZF-BR,S-ZB-UN,S-ZD-BO,S-ZB-BO,B-ZH-BR,B-ZD-BO,B-ZD-BR,B-ZH-BR,S-ZF-UN,S-ZO-UN,B-ZC-BO,S-ZF-UN,B-ZF-BO,B-ZD-BR,B-ZC-BO,S-ZB-BR
12,2019.11.28 00:00,EURJPY,60,86400,BUY,ZD,1,120.250,119.913,337.0,120.593,120.058,535.0,158.754,43.03,192.0,79.5,120.250,120.058,120.785,BREAK,2019.12.02 04:00,0,,0,,0,,0,NA,Asia,BOUNCE,2019.12.02 19:00,NA,,119.721,UNTOUCHED,,0,,0,,0,,0,NA,Other,NA,,NA,,120.442,BREAK,2019.11.28 00:00,0,,0,,0,,0,NA,Asia,BOUNCE,2019.11.29 15:00,NA,,119.866,UNTOUCHED,,0,,0,,0,,0,NA,Other,NA,,NA,,B-ZB-BR,S-ZF-UN,B-ZG-BR,S-ZO-UN,S-ZO-UN,B-ZF-BR,S-ZB-UN,S-ZD-BO,S-ZB-BO,B-ZH-BR,B-ZH-BR,S-ZF-UN,S-ZO-UN,B-ZC-BO,S-ZF-UN,B-ZF-BO,B-ZD-BR,B-ZC-BO,S-ZB-BR,S-ZH-BO
13,2019.11.30 00:00,EURJPY,60,86400,BUY,ZH,1,120.586,120.322,264.0,120.759,120.410,349.0,132.197,33.33,176.0,62.3,120.586,120.410,120.935,BREAK,2019.12.02 18:00,0,,0,,0,,0,NA,NewYork,BOUNCE,2019.12.12 17:00,NA,,120.146,BOUNCE,2019.12.04 11:00,1,2019.12.04 17:00,1,2019.12.04 19:00,1,2019.12.12 06:00,3,1w 0d,London,NA,,NA,,120.762,BREAK,2019.12.02 04:00,0,,0,,0,,0,NA,Asia,BREAK,2019.12.02 18:00,BOUNCE,2019.12.12 17:00,120.234,BREAK,2019.12.04 05:00,0,,0,,0,,0,NA,Asia,BOUNCE,2019.12.06 19:00,NA,,B-ZD-BR,B-ZB-BR,S-ZF-UN,B-ZG-BR,S-ZO-UN,S-ZO-UN,B-ZF-BR,S-ZB-UN,S-ZD-BO,S-ZB-BO,S-ZF-UN,S-ZO-UN,B-ZC-BO,S-ZF-UN,B-ZF-BO,B-ZD-BR,B-ZC-BO,S-ZB-BR,S-ZH-BO,S-ZB-BO
14,2019.12.04 00:00,EURJPY,60,86400,SELL,ZF,0,121.014,120.434,580.0,120.957,120.244,713.0,122.931,9.83,523.0,136.9,120.957,120.434,119.721,UNTOUCHED,,0,,0,,0,,0,NA,Other,NA,,NA,,121.537,BREAK,2019.12.12 20:00,0,,0,,0,,0,NA,NewYork,BREAK,2019.12.13 02:00,BOUNCE,2019.12.13 18:00,119.911,UNTOUCHED,,0,,0,,0,,0,NA,Other,NA,,NA,,121.480,BREAK,2019.12.12 19:00,0,,0,,0,,0,NA,NewYork,BREAK,2019.12.13 02:00,BOUNCE,2019.12.13 18:00,B-ZH-BR,B-ZD-BR,B-ZB-BR,S-ZF-UN,B-ZG-BR,S-ZO-UN,S-ZO-UN,B-ZF-BR,S-ZB-UN,S-ZD-BO,S-ZO-UN,B-ZC-BO,S-ZF-UN,B-ZF-BO,B-ZD-BR,B-ZC-BO,S-ZB-BR,S-ZH-BO,S-ZB-BO,B-ZB-BO
15,2019.12.05 00:00,EURJPY,60,86400,SELL,ZO,0,120.957,120.244,713.0,120.811,120.100,711.0,99.719,20.48,567.0,168.3,120.811,120.244,119.533,UNTOUCHED,,0,,0,,0,,0,NA,Other,NA,,NA,,121.524,BREAK,2019.12.12 20:00,0,,0,,0,,0,NA,NewYork,BREAK,2019.12.13 02:00,BREAK,2020.01.16 12:00,119.677,UNTOUCHED,,0,,0,,0,,0,NA,Other,NA,,NA,,121.378,BREAK,2019.12.12 19:00,0,,0,,0,,0,NA,NewYork,BREAK,2019.12.13 02:00,BOUNCE,2019.12.13 18:00,S-ZF-UN,B-ZH-BR,B-ZD-BR,B-ZB-BR,S-ZF-UN,B-ZG-BR,S-ZO-UN,S-ZO-UN,B-ZF-BR,S-ZB-UN,B-ZC-BO,S-ZF-UN,B-ZF-BO,B-ZD-BR,B-ZC-BO,S-ZB-BR,S-ZH-BO,S-ZB-BO,B-ZB-BO,S-ZE-BR
16,2019.12.06 00:00,EURJPY,60,86400,BUY,ZC,1,120.811,120.100,711.0,120.886,120.554,332.0,46.695,63.85,257.0,167.8,120.811,120.554,121.143,BOUNCE,2019.12.12 18:00,1,2020.01.03 11:00,1,2020.01.03 14:00,0,,2,3w 0d,NewYork,NA,,NA,,119.843,UNTOUCHED,,0,,0,,0,,0,NA,Other,NA,,NA,,121.068,BREAK,2019.12.12 17:00,0,,0,,0,,0,NA,NewYork,BREAK,2019.12.12 19:00,BREAK,2019.12.13 02:00,120.297,BREAK,2019.12.06 19:00,0,,0,,0,,0,NA,NewYork,BOUNCE,2019.12.10 12:00,NA,,S-ZO-UN,S-ZF-UN,B-ZH-BR,B-ZD-BR,B-ZB-BR,S-ZF-UN,B-ZG-BR,S-ZO-UN,S-ZO-UN,B-ZF-BR,S-ZF-UN,B-ZF-BO,B-ZD-BR,B-ZC-BO,S-ZB-BR,S-ZH-BO,S-ZB-BO,B-ZB-BO,S-ZE-BR,S-ZB-BO
17,2019.12.07 00:00,EURJPY,60,86400,SELL,ZF,1,120.886,120.554,332.0,120.822,120.001,821.0,247.289,19.28,268.0,78.4,120.822,120.554,119.733,UNTOUCHED,,0,,0,,0,,0,NA,Other,NA,,NA,,121.154,BREAK,2019.12.12 18:00,0,,0,,0,,0,NA,NewYork,BREAK,2019.12.12 19:00,BREAK,2019.12.13 02:00,120.286,BREAK,2019.12.07 00:00,0,,0,,0,,0,NA,Asia,BOUNCE,2019.12.10 12:00,NA,,121.090,BREAK,2019.12.12 17:00,0,,0,,0,,0,NA,NewYork,BREAK,2019.12.12 19:00,BREAK,2019.12.13 00:00,B-ZC-BO,S-ZO-UN,S-ZF-UN,B-ZH-BR,B-ZD-BR,B-ZB-BR,S-ZF-UN,B-ZG-BR,S-ZO-UN,S-ZO-UN,B-ZF-BO,B-ZD-BR,B-ZC-BO,S-ZB-BR,S-ZH-BO,S-ZB-BO,B-ZB-BO,S-ZE-BR,S-ZB-BO,B-ZE-BR
18,2019.12.11 00:00,EURJPY,60,86400,BUY,ZF,1,120.269,119.991,278.0,120.645,120.078,567.0,203.957,31.29,191.0,65.6,120.269,120.078,120.836,BOUNCE,2019.12.11 23:00,1,2020.01.03 11:00,0,,0,,1,3w 1d,Other,NA,,NA,,119.800,UNTOUCHED,,0,,0,,0,,0,NA,Other,NA,,NA,,120.460,BREAK,2019.12.11 00:00,0,,0,,0,,0,NA,Asia,BREAK,2019.12.11 03:00,BOUNCE,2019.12.11 23:00,119.887,UNTOUCHED,,0,,0,,0,,0,NA,Other,NA,,NA,,S-ZF-UN,B-ZC-BO,S-ZO-UN,S-ZF-UN,B-ZH-BR,B-ZD-BR,B-ZB-BR,S-ZF-UN,B-ZG-BR,S-ZO-UN,B-ZD-BR,B-ZC-BO,S-ZB-BR,S-ZH-BO,S-ZB-BO,B-ZB-BO,S-ZE-BR,S-ZB-BO,B-ZE-BR,S-ZO-BR
19,2019.12.12 00:00,EURJPY,60,86400,BUY,ZD,1,120.645,120.078,567.0,120.864,120.371,493.0,86.949,51.68,274.0,133.8,120.645,120.371,121.138,BREAK,2019.12.12 18:00,0,,0,,0,,0,NA,NewYork,BREAK,2019.12.12 20:00,BREAK,2019.12.13 02:00,119.804,UNTOUCHED,,0,,0,,0,,0,NA,Other,NA,,NA,,120.919,BREAK,2019.12.12 00:00,0,,0,,0,,0,NA,Asia,BOUNCE,2019.12.12 18:00,NA,,120.097,UNTOUCHED,,0,,0,,0,,0,NA,Other,NA,,NA,,B-ZF-BO,S-ZF-UN,B-ZC-BO,S-ZO-UN,S-ZF-UN,B-ZH-BR,B-ZD-BR,B-ZB-BR,S-ZF-UN,B-ZG-BR,B-ZC-BO,S-ZB-BR,S-ZH-BO,S-ZB-BO,B-ZB-BO,S-ZE-BR,S-ZB-BO,B-ZE-BR,S-ZO-BR,B-ZD-BR
20,2019.12.18 00:00,EURJPY,60,86400,BUY,ZC,1,122.228,121.607,621.0,122.458,121.926,532.0,85.668,51.37,302.0,146.6,122.228,121.926,122.760,BOUNCE,2020.01.14 04:00,1,2020.01.17 19:00,1,2020.01.22 19:00,1,2020.01.23 18:00,3,1w 2d,Asia,NA,,NA,,121.305,BREAK,2019.12.20 15:00,0,,0,,0,,0,NA,NewYork,BOUNCE,2020.01.02 19:00,NA,,122.530,BREAK,2020.01.14 04:00,0,,0,,0,,0,NA,Asia,BOUNCE,2020.01.16 19:00,NA,,121.624,BREAK,2019.12.19 17:00,0,,0,,0,,0,NA,NewYork,BREAK,2019.12.23 02:00,BOUNCE,2020.01.02 19:00,B-ZD-BR,B-ZF-BO,S-ZF-UN,B-ZC-BO,S-ZO-UN,S-ZF-UN,B-ZH-BR,B-ZD-BR,B-ZB-BR,S-ZF-UN,S-ZB-BR,S-ZH-BO,S-ZB-BO,B-ZB-BO,S-ZE-BR,S-ZB-BO,B-ZE-BR,S-ZO-BR,B-ZD-BR,B-ZE-UN
21,2019.12.19 00:00,EURJPY,60,86400,SELL,ZB,1,122.458,121.926,532.0,122.157,121.742,415.0,78.008,56.58,231.0,125.6,122.157,121.926,121.511,BREAK,2019.12.19 19:00,0,,0,,0,,0,NA,NewYork,BREAK,2019.12.23 02:00,BOUNCE,2020.01.02 19:00,122.689,BOUNCE,2020.01.14 04:00,1,2020.01.14 17:00,1,2020.01.22 18:00,1,2020.01.23 05:00,3,1w 2d,Asia,NA,,NA,,121.695,BREAK,2019.12.19 16:00,0,,0,,0,,0,NA,NewYork,BREAK,2019.12.20 15:00,BREAK,2019.12.23 17:00,122.388,BOUNCE,2019.12.27 19:00,1,2020.01.02 15:00,1,2020.01.02 15:00,0,,2,5d 20h,NewYork,NA,,NA,,B-ZC-BO,B-ZD-BR,B-ZF-BO,S-ZF-UN,B-ZC-BO,S-ZO-UN,S-ZF-UN,B-ZH-BR,B-ZD-BR,B-ZB-BR,S-ZH-BO,S-ZB-BO,B-ZB-BO,S-ZE-BR,S-ZB-BO,B-ZE-BR,S-ZO-BR,B-ZD-BR,B-ZE-UN,B-ZC-UN
22,2019.12.20 00:00,EURJPY,60,86400,SELL,ZH,1,122.157,121.742,415.0,122.048,121.420,628.0,151.325,26.27,306.0,97.9,122.048,121.742,121.114,BOUNCE,2019.12.23 17:00,1,2019.12.26 20:00,1,2019.12.27 19:00,1,2019.12.27 19:00,3,4d 2h,NewYork,NA,,NA,,122.463,BOUNCE,2019.12.27 19:00,1,2019.12.31 05:00,1,2020.01.02 18:00,1,2020.01.02 19:00,3,6d 0h,NewYork,NA,,NA,,121.436,BREAK,2019.12.20 15:00,0,,0,,0,,0,NA,NewYork,BOUNCE,2019.12.26 08:00,NA,,122.354,BREAK,2019.12.27 19:00,0,,0,,0,,0,NA,NewYork,BREAK,2020.01.14 04:00,UNTOUCHED,,S-ZB-BR,B-ZC-BO,B-ZD-BR,B-ZF-BO,S-ZF-UN,B-ZC-BO,S-ZO-UN,S-ZF-UN,B-ZH-BR,B-ZD-BR,S-ZB-BO,B-ZB-BO,S-ZE-BR,S-ZB-BO,B-ZE-BR,S-ZO-BR,B-ZD-BR,B-ZE-UN,B-ZC-UN,S-ZF-BR
23,2019.12.21 00:00,EURJPY,60,86400,SELL,ZB,1,122.048,121.420,628.0,121.691,121.190,501.0,79.777,56.85,271.0,148.2,121.691,121.420,120.919,BOUNCE,2020.01.03 05:00,1,2020.01.09 09:00,1,2020.01.13 06:00,1,2020.01.13 19:00,3,1w 3d,Asia,NA,,NA,,122.319,BREAK,2019.12.27 19:00,0,,0,,0,,0,NA,NewYork,BREAK,2020.01.14 04:00,BOUNCE,2020.01.16 19:00,121.149,BOUNCE,2019.12.23 02:00,1,2019.12.27 11:00,1,2019.12.27 19:00,0,,2,4d 17h,Asia,NA,,NA,,121.962,BREAK,2019.12.27 11:00,0,,0,,0,,0,NA,London,BREAK,2019.12.27 19:00,BREAK,2020.01.14 04:00,S-ZH-BO,S-ZB-BR,B-ZC-BO,B-ZD-BR,B-ZF-BO,S-ZF-UN,B-ZC-BO,S-ZO-UN,S-ZF-UN,B-ZH-BR,B-ZB-BO,S-ZE-BR,S-ZB-BO,B-ZE-BR,S-ZO-BR,B-ZD-BR,B-ZE-UN,B-ZC-UN,S-ZF-BR,S-ZE-BO
24,2019.12.28 00:00,EURJPY,60,86400,BUY,ZB,1,121.780,121.414,366.0,122.498,121.578,920.0,251.366,44.81,202.0,86.4,121.780,121.578,122.700,BOUNCE,2020.01.14 04:00,1,2020.01.14 17:00,1,2020.01.23 10:00,1,2020.01.23 18:00,3,1w 2d,Asia,NA,,NA,,121.212,BREAK,2020.01.02 19:00,0,,0,,0,,0,NA,NewYork,BREAK,2020.01.03 05:00,BREAK,2020.01.03 06:00,121.982,BREAK,2019.12.28 00:00,0,,0,,0,,0,NA,Asia,BREAK,2019.12.28 01:00,BOUNCE,2019.12.30 02:00,121.376,BREAK,2020.01.02 19:00,0,,0,,0,,0,NA,NewYork,BREAK,2020.01.02 20:00,BREAK,2020.01.03 05:00,S-ZB-BO,S-ZH-BO,S-ZB-BR,B-ZC-BO,B-ZD-BR,B-ZF-BO,S-ZF-UN,B-ZC-BO,S-ZO-UN,S-ZF-UN,S-ZE-BR,S-ZB-BO,B-ZE-BR,S-ZO-BR,B-ZD-BR,B-ZE-UN,B-ZC-UN,S-ZF-BR,S-ZE-BO,S-ZF-BR
25,2020.01.01 00:00,EURJPY,60,86400,SELL,ZE,1,122.486,121.879,607.0,122.093,121.725,368.0,60.626,64.74,214.0,143.3,122.093,121.879,121.511,BREAK,2020.01.02 18:00,0,,0,,0,,0,NA,NewYork,BREAK,2020.01.02 20:00,BOUNCE,2020.01.03 01:00,122.700,BOUNCE,2020.01.14 04:00,1,2020.01.14 17:00,1,2020.01.22 19:00,1,2020.01.23 05:00,3,1w 2d,Asia,NA,,NA,,121.665,BOUNCE,2020.01.02 15:00,1,2020.01.13 13:00,1,2020.01.14 04:00,0,,2,1w 4d,NewYork,NA,,NA,,122.307,BOUNCE,2020.01.13 13:00,1,2020.01.22 19:00,1,2020.01.22 19:00,0,,2,1w 2d,NewYork,NA,,NA,,B-ZB-BO,S-ZB-BO,S-ZH-BO,S-ZB-BR,B-ZC-BO,B-ZD-BR,B-ZF-BO,S-ZF-UN,B-ZC-BO,S-ZO-UN,S-ZB-BO,B-ZE-BR,S-ZO-BR,B-ZD-BR,B-ZE-UN,B-ZC-UN,S-ZF-BR,S-ZE-BO,S-ZF-BR,S-ZB-BO
26,2020.01.04 00:00,EURJPY,60,86400,SELL,ZB,1,122.014,120.977,1037.0,121.375,120.166,1209.0,116.586,61.62,398.0,244.7,121.375,120.977,119.768,BOUNCE,2020.01.30 21:00,1,2020.02.04 12:00,0,,0,,1,4d 15h,Other,NA,,NA,,122.412,BREAK,2020.01.13 20:00,0,,0,,0,,0,NA,NewYork,BOUNCE,2020.01.17 14:00,NA,,120.579,BREAK,2020.01.04 01:00,0,,0,,0,,0,NA,Asia,BOUNCE,2020.01.08 05:00,NA,,121.773,BREAK,2020.01.10 17:00,0,,0,,0,,0,NA,NewYork,BREAK,2020.01.13 20:00,BREAK,2020.01.16 12:00,S-ZE-BR,B-ZB-BO,S-ZB-BO,S-ZH-BO,S-ZB-BR,B-ZC-BO,B-ZD-BR,B-ZF-BO,S-ZF-UN,B-ZC-BO,B-ZE-BR,S-ZO-BR,B-ZD-BR,B-ZE-UN,B-ZC-UN,S-ZF-BR,S-ZE-BO,S-ZF-BR,S-ZB-BO,S-ZO-BR
27,2020.01.08 00:00,EURJPY,60,86400,BUY,ZE,1,121.396,120.273,1123.0,121.444,120.781,663.0,59.038,45.24,615.0,265.0,121.396,120.781,122.059,BREAK,2020.01.13 12:00,0,,0,,0,,0,NA,London,BOUNCE,2020.01.20 19:00,NA,,119.658,BOUNCE,2020.02.11 17:00,0,,0,,0,,0,NA,NewYork,NA,,NA,,122.011,BREAK,2020.01.13 08:00,0,,0,,0,,0,NA,London,BOUNCE,2020.01.21 05:00,NA,,120.166,BREAK,2020.01.27 02:00,0,,0,,0,,0,NA,Asia,BREAK,2020.02.13 14:00,BREAK,2020.02.18 16:00,S-ZB-BO,S-ZE-BR,B-ZB-BO,S-ZB-BO,S-ZH-BO,S-ZB-BR,B-ZC-BO,B-ZD-BR,B-ZF-BO,S-ZF-UN,S-ZO-BR,B-ZD-BR,B-ZE-UN,B-ZC-UN,S-ZF-BR,S-ZE-BO,S-ZF-BR,S-ZB-BO,S-ZO-BR,B-ZO-BR
28,2020.01.09 00:00,EURJPY,60,86400,SELL,ZO,1,121.444,120.781,663.0,121.378,120.168,1210.0,182.504,9.95,597.0,156.5,121.378,120.781,119.571,BREAK,2020.02.13 03:00,0,,0,,0,,0,NA,Asia,BREAK,2020.02.18 04:00,BOUNCE,2020.02.28 20:00,122.041,BREAK,2020.01.13 09:00,0,,0,,0,,0,NA,London,BREAK,2020.01.16 12:00,UNTOUCHED,,120.184,BREAK,2020.01.27 02:00,0,,0,,0,,0,NA,Asia,BREAK,2020.02.13 03:00,BREAK,2020.02.18 04:00,121.975,BREAK,2020.01.13 07:00,0,,0,,0,,0,NA,London,BREAK,2020.01.14 04:00,UNTOUCHED,,B-ZE-BR,S-ZB-BO,S-ZE-BR,B-ZB-BO,S-ZB-BO,S-ZH-BO,S-ZB-BR,B-ZC-BO,B-ZD-BR,B-ZF-BO,B-ZD-BR,B-ZE-UN,B-ZC-UN,S-ZF-BR,S-ZE-BO,S-ZF-BR,S-ZB-BO,S-ZO-BR,B-ZO-BR,S-ZC-BR
29,2020.01.11 00:00,EURJPY,60,86400,BUY,ZD,1,121.689,121.097,592.0,121.835,121.521,314.0,53.041,71.62,168.0,139.7,121.689,121.521,122.003,BREAK,2020.01.13 08:00,0,,0,,0,,0,NA,London,BREAK,2020.01.13 19:00,BREAK,2020.01.13 20:00,120.929,BREAK,2020.01.23 19:00,0,,0,,0,,0,NA,NewYork,BOUNCE,2020.01.23 22:00,NA,,121.857,BREAK,2020.01.13 05:00,0,,0,,0,,0,NA,Asia,BREAK,2020.01.13 13:00,BREAK,2020.01.13 19:00,121.353,BOUNCE,2020.01.23 10:00,0,,0,,0,,0,NA,London,NA,,NA,,S-ZO-BR,B-ZE-BR,S-ZB-BO,S-ZE-BR,B-ZB-BO,S-ZB-BO,S-ZH-BO,S-ZB-BR,B-ZC-BO,B-ZD-BR,B-ZE-UN,B-ZC-UN,S-ZF-BR,S-ZE-BO,S-ZF-BR,S-ZB-BO,S-ZO-BR,B-ZO-BR,S-ZC-BR,B-ZC-BR
30,2020.01.15 00:00,EURJPY,60,86400,BUY,ZE,1,122.489,121.514,975.0,122.761,122.184,577.0,59.179,68.72,305.0,230.1,122.489,122.184,123.066,UNTOUCHED,,0,,0,,0,,0,NA,Other,NA,,NA,,121.209,BREAK,2020.01.23 18:00,0,,0,,0,,0,NA,NewYork,BREAK,2020.01.23 20:00,BREAK,2020.01.27 02:00,122.794,BOUNCE,2020.01.16 12:00,1,2020.01.21 12:00,1,2020.01.23 18:00,0,,2,1w 0d,London,NA,,NA,,121.879,BOUNCE,2020.01.21 12:00,0,,0,,0,,0,NA,London,NA,,NA,,B-ZD-BR,S-ZO-BR,B-ZE-BR,S-ZB-BO,S-ZE-BR,B-ZB-BO,S-ZB-BO,S-ZH-BO,S-ZB-BR,B-ZC-BO,B-ZC-UN,S-ZF-BR,S-ZE-BO,S-ZF-BR,S-ZB-BO,S-ZO-BR,B-ZO-BR,S-ZC-BR,B-ZC-BR,B-ZF-BR
31,2020.01.17 00:00,EURJPY,60,86400,BUY,ZC,1,122.717,122.194,523.0,122.871,122.478,393.0,75.143,54.30,239.0,123.4,122.717,122.478,123.110,UNTOUCHED,,0,,0,,0,,0,NA,Other,NA,,NA,,121.955,BOUNCE,2020.01.21 05:00,0,,0,,0,,0,NA,Asia,NA,,NA,,122.956,UNTOUCHED,,0,,0,,0,,0,NA,Other,NA,,NA,,122.239,BREAK,2020.01.17 18:00,0,,0,,0,,0,NA,NewYork,BOUNCE,2020.01.21 05:00,NA,,B-ZE-UN,B-ZD-BR,S-ZO-BR,B-ZE-BR,S-ZB-BO,S-ZE-BR,B-ZB-BO,S-ZB-BO,S-ZH-BO,S-ZB-BR,S-ZF-BR,S-ZE-BO,S-ZF-BR,S-ZB-BO,S-ZO-BR,B-ZO-BR,S-ZC-BR,B-ZC-BR,B-ZF-BR,B-ZE-UN
32,2020.01.18 00:00,EURJPY,60,86400,SELL,ZF,1,122.871,122.478,393.0,122.838,122.121,717.0,182.443,8.40,360.0,92.7,122.838,122.478,121.761,BREAK,2020.01.21 23:00,0,,0,,0,,0,NA,Other,BREAK,2020.01.23 18:00,BREAK,2020.01.23 19:00,123.231,UNTOUCHED,,0,,0,,0,,0,NA,Other,NA,,NA,,122.118,BREAK,2020.01.20 02:00,0,,0,,0,,0,NA,Asia,BREAK,2020.01.22 19:00,BREAK,2020.01.23 18:00,123.198,UNTOUCHED,,0,,0,,0,,0,NA,Other,NA,,NA,,B-ZC-UN,B-ZE-UN,B-ZD-BR,S-ZO-BR,B-ZE-BR,S-ZB-BO,S-ZE-BR,B-ZB-BO,S-ZB-BO,S-ZH-BO,S-ZE-BO,S-ZF-BR,S-ZB-BO,S-ZO-BR,B-ZO-BR,S-ZC-BR,B-ZC-BR,B-ZF-BR,B-ZE-UN,S-ZG-BR
33,2020.01.23 00:00,EURJPY,60,86400,SELL,ZE,1,122.368,121.755,613.0,122.012,121.612,400.0,65.253,58.08,257.0,144.7,122.012,121.755,121.355,BOUNCE,2020.01.23 10:00,0,,0,,0,,0,NA,London,NA,,NA,,122.625,UNTOUCHED,,0,,0,,0,,0,NA,Other,NA,,NA,,121.498,BREAK,2020.01.23 07:00,0,,0,,0,,0,NA,London,BREAK,2020.01.23 18:00,BREAK,2020.01.23 19:00,122.269,UNTOUCHED,,0,,0,,0,,0,NA,Other,NA,,NA,,S-ZF-BR,B-ZC-UN,B-ZE-UN,B-ZD-BR,S-ZO-BR,B-ZE-BR,S-ZB-BO,S-ZE-BR,B-ZB-BO,S-ZB-BO,S-ZF-BR,S-ZB-BO,S-ZO-BR,B-ZO-BR,S-ZC-BR,B-ZC-BR,B-ZF-BR,B-ZE-UN,S-ZG-BR,S-ZB-BR
34,2020.01.24 00:00,EURJPY,60,86400,SELL,ZF,1,122.012,121.612,400.0,121.889,120.630,1259.0,314.750,30.75,277.0,94.4,121.889,121.612,120.353,BREAK,2020.01.27 02:00,0,,0,,0,,0,NA,Asia,BREAK,2020.01.27 03:00,BOUNCE,2020.01.30 13:00,122.289,UNTOUCHED,,0,,0,,0,,0,NA,Other,NA,,NA,,121.335,BREAK,2020.01.24 00:00,0,,0,,0,,0,NA,Asia,BREAK,2020.01.24 06:00,BREAK,2020.01.24 19:00,122.166,UNTOUCHED,,0,,0,,0,,0,NA,Other,NA,,NA,,S-ZE-BO,S-ZF-BR,B-ZC-UN,B-ZE-UN,B-ZD-BR,S-ZO-BR,B-ZE-BR,S-ZB-BO,S-ZE-BR,B-ZB-BO,S-ZB-BO,S-ZO-BR,B-ZO-BR,S-ZC-BR,B-ZC-BR,B-ZF-BR,B-ZE-UN,S-ZG-BR,S-ZB-BR,S-ZE-BR
35,2020.01.25 00:00,EURJPY,60,86400,SELL,ZB,1,121.889,120.630,1259.0,121.261,120.412,849.0,67.434,49.88,631.0,297.1,121.261,120.630,119.781,BOUNCE,2020.01.30 21:00,1,2020.02.05 12:00,0,,0,,1,5d 15h,Other,NA,,NA,,122.520,UNTOUCHED,,0,,0,,0,,0,NA,Other,NA,,NA,,119.999,BOUNCE,2020.01.27 03:00,0,,0,,0,,0,NA,Asia,NA,,NA,,121.892,UNTOUCHED,,0,,0,,0,,0,NA,Other,NA,,NA,,S-ZF-BR,S-ZE-BO,S-ZF-BR,B-ZC-UN,B-ZE-UN,B-ZD-BR,S-ZO-BR,B-ZE-BR,S-ZB-BO,S-ZE-BR,S-ZO-BR,B-ZO-BR,S-ZC-BR,B-ZC-BR,B-ZF-BR,B-ZE-UN,S-ZG-BR,S-ZB-BR,S-ZE-BR,B-ZO-BR
36,2020.01.29 00:00,EURJPY,60,86400,SELL,ZO,0,120.397,119.902,495.0,120.244,119.804,440.0,88.889,30.91,342.0,116.8,120.244,119.902,119.462,BREAK,2020.02.13 03:00,0,,0,,0,,0,NA,Asia,BREAK,2020.02.13 19:00,BREAK,2020.02.18 16:00,120.739,BREAK,2020.02.04 20:00,0,,0,,0,,0,NA,NewYork,BOUNCE,2020.02.05 12:00,NA,,119.560,BREAK,2020.02.13 03:00,0,,0,,0,,0,NA,Asia,BREAK,2020.02.13 15:00,BOUNCE,2020.02.14 18:00,120.586,BREAK,2020.02.04 12:00,0,,0,,0,,0,NA,London,BREAK,2020.02.05 12:00,BREAK,2020.02.20 18:00,S-ZB-BO,S-ZF-BR,S-ZE-BO,S-ZF-BR,B-ZC-UN,B-ZE-UN,B-ZD-BR,S-ZO-BR,B-ZE-BR,S-ZB-BO,B-ZO-BR,S-ZC-BR,B-ZC-BR,B-ZF-BR,B-ZE-UN,S-ZG-BR,S-ZB-BR,S-ZE-BR,B-ZO-BR,S-ZE-BO
37,2020.01.30 00:00,EURJPY,60,86400,BUY,ZO,0,120.244,119.804,440.0,120.416,119.886,530.0,120.455,18.64,358.0,103.8,120.244,119.886,120.774,BREAK,2020.02.04 20:00,0,,0,,0,,0,NA,NewYork,BOUNCE,2020.02.05 12:00,NA,,119.446,BREAK,2020.02.13 03:00,0,,0,,0,,0,NA,Asia,BREAK,2020.02.13 19:00,BREAK,2020.02.18 17:00,120.602,BREAK,2020.02.04 13:00,0,,0,,0,,0,NA,NewYork,BREAK,2020.02.05 12:00,BOUNCE,2020.02.20 20:00,119.528,BREAK,2020.02.13 03:00,0,,0,,0,,0,NA,Asia,BREAK,2020.02.13 16:00,BREAK,2020.02.18 16:00,S-ZO-BR,S-ZB-BO,S-ZF-BR,S-ZE-BO,S-ZF-BR,B-ZC-UN,B-ZE-UN,B-ZD-BR,S-ZO-BR,B-ZE-BR,S-ZC-BR,B-ZC-BR,B-ZF-BR,B-ZE-UN,S-ZG-BR,S-ZB-BR,S-ZE-BR,B-ZO-BR,S-ZE-BO,B-ZH-BR
38,2020.01.31 00:00,EURJPY,60,86400,SELL,ZC,1,120.416,119.886,530.0,120.178,119.766,412.0,77.736,44.91,292.0,125.1,120.178,119.886,119.474,BREAK,2020.02.13 03:00,0,,0,,0,,0,NA,Asia,BREAK,2020.02.13 16:00,BOUNCE,2020.02.13 20:00,120.708,BREAK,2020.02.04 19:00,0,,0,,0,,0,NA,NewYork,BREAK,2020.02.05 12:00,BOUNCE,2020.02.20 18:00,119.594,BOUNCE,2020.02.11 17:00,1,2020.02.19 23:00,1,2020.02.20 13:00,0,,2,1w 1d,NewYork,NA,,NA,,120.470,BREAK,2020.02.04 12:00,0,,0,,0,,0,NA,London,BREAK,2020.02.04 22:00,BOUNCE,2020.02.05 12:00,B-ZO-BR,S-ZO-BR,S-ZB-BO,S-ZF-BR,S-ZE-BO,S-ZF-BR,B-ZC-UN,B-ZE-UN,B-ZD-BR,S-ZO-BR,B-ZC-BR,B-ZF-BR,B-ZE-UN,S-ZG-BR,S-ZB-BR,S-ZE-BR,B-ZO-BR,S-ZE-BO,B-ZH-BR,S-ZF-BR
39,2020.02.01 00:00,EURJPY,60,86400,BUY,ZC,1,120.178,119.766,412.0,120.401,119.961,440.0,106.796,47.33,217.0,97.2,120.178,119.961,120.618,BREAK,2020.02.04 13:00,0,,0,,0,,0,NA,NewYork,BREAK,2020.02.04 23:00,BREAK,2020.02.05 12:00,119.549,BREAK,2020.02.13 03:00,0,,0,,0,,0,NA,Asia,BREAK,2020.02.13 15:00,BREAK,2020.02.13 19:00,120.395,BREAK,2020.02.04 10:00,0,,0,,0,,0,NA,London,BREAK,2020.02.04 19:00,BREAK,2020.02.04 23:00,119.744,BOUNCE,2020.02.10 21:00,1,2020.02.19 23:00,1,2020.02.19 23:00,0,,2,1w 2d,Other,NA,,NA,,S-ZC-BR,B-ZO-BR,S-ZO-BR,S-ZB-BO,S-ZF-BR,S-ZE-BO,S-ZF-BR,B-ZC-UN,B-ZE-UN,B-ZD-BR,B-ZF-BR,B-ZE-UN,S-ZG-BR,S-ZB-BR,S-ZE-BR,B-ZO-BR,S-ZE-BO,B-ZH-BR,S-ZF-BR,B-ZF-BR
40,2020.02.05 00:00,EURJPY,60,86400,BUY,ZF,1,120.376,119.917,459.0,120.964,120.061,903.0,196.732,31.37,315.0,108.3,120.376,120.061,121.279,BREAK,2020.02.20 18:00,0,,0,,0,,0,NA,NewYork,UNTOUCHED,,NA,,119.602,BOUNCE,2020.02.11 17:00,1,2020.02.12 12:00,1,2020.02.20 13:00,1,2020.02.20 18:00,3,1w 2d,NewYork,NA,,NA,,120.691,BREAK,2020.02.05 00:00,0,,0,,0,,0,NA,Asia,BREAK,2020.02.05 12:00,BOUNCE,2020.02.20 18:00,119.746,BREAK,2020.02.10 21:00,0,,0,,0,,0,NA,Other,BREAK,2020.02.13 14:00,BREAK,2020.02.13 19:00,B-ZC-BR,S-ZC-BR,B-ZO-BR,S-ZO-BR,S-ZB-BO,S-ZF-BR,S-ZE-BO,S-ZF-BR,B-ZC-UN,B-ZE-UN,B-ZE-UN,S-ZG-BR,S-ZB-BR,S-ZE-BR,B-ZO-BR,S-ZE-BO,B-ZH-BR,S-ZF-BR,B-ZF-BR,S-ZD-BR
41,2020.02.06 00:00,EURJPY,60,86400,BUY,ZE,1,120.964,120.061,903.0,121.151,120.656,495.0,54.817,65.89,308.0,213.1,120.964,120.656,121.459,UNTOUCHED,,0,,0,,0,,0,NA,Other,NA,,NA,,119.753,BOUNCE,2020.02.10 21:00,1,2020.02.19 23:00,1,2020.02.20 18:00,0,,2,1w 2d,Other,NA,,NA,,121.272,BOUNCE,2020.02.20 18:00,1,2020.02.24 13:00,1,2020.02.25 14:00,0,,2,4d 20h,NewYork,NA,,NA,,120.348,BREAK,2020.02.07 13:00,0,,0,,0,,0,NA,NewYork,BREAK,2020.02.10 19:00,BOUNCE,2020.02.12 12:00,B-ZF-BR,B-ZC-BR,S-ZC-BR,B-ZO-BR,S-ZO-BR,S-ZB-BO,S-ZF-BR,S-ZE-BO,S-ZF-BR,B-ZC-UN,S-ZG-BR,S-ZB-BR,S-ZE-BR,B-ZO-BR,S-ZE-BO,B-ZH-BR,S-ZF-BR,B-ZF-BR,S-ZD-BR,S-ZB-BR
42,2020.02.07 00:00,EURJPY,60,86400,SELL,ZG,0,121.151,120.656,495.0,121.019,120.565,454.0,91.717,26.67,363.0,116.8,121.019,120.656,120.202,BREAK,2020.02.07 14:00,0,,0,,0,,0,NA,NewYork,BREAK,2020.02.10 21:00,BREAK,2020.02.13 10:00,121.514,UNTOUCHED,,0,,0,,0,,0,NA,Other,NA,,NA,,120.293,BREAK,2020.02.07 13:00,0,,0,,0,,0,NA,NewYork,BREAK,2020.02.10 20:00,BREAK,2020.02.13 03:00,121.382,BOUNCE,2020.02.20 18:00,1,2020.02.24 18:00,1,2020.02.24 18:00,0,,2,4d 0h,NewYork,NA,,NA,,B-ZE-UN,B-ZF-BR,B-ZC-BR,S-ZC-BR,B-ZO-BR,S-ZO-BR,S-ZB-BO,S-ZF-BR,S-ZE-BO,S-ZF-BR,S-ZB-BR,S-ZE-BR,B-ZO-BR,S-ZE-BO,B-ZH-BR,S-ZF-BR,B-ZF-BR,S-ZD-BR,S-ZB-BR,B-ZG-UN
43,2020.02.08 00:00,EURJPY,60,86400,SELL,ZB,1,121.019,120.565,454.0,120.800,120.089,711.0,156.608,48.24,235.0,107.1,120.800,120.565,119.854,BREAK,2020.02.10 18:00,0,,0,,0,,0,NA,NewYork,BOUNCE,2020.02.11 18:00,NA,,121.254,BREAK,2020.02.20 18:00,0,,0,,0,,0,NA,NewYork,UNTOUCHED,,NA,,120.330,BREAK,2020.02.08 00:00,0,,0,,0,,0,NA,Asia,BREAK,2020.02.10 03:00,BREAK,2020.02.10 21:00,121.035,BOUNCE,2020.02.20 14:00,1,2020.02.24 15:00,1,2020.02.24 15:00,0,,2,4d 1h,NewYork,NA,,NA,,S-ZG-BR,B-ZE-UN,B-ZF-BR,B-ZC-BR,S-ZC-BR,B-ZO-BR,S-ZO-BR,S-ZB-BO,S-ZF-BR,S-ZE-BO,S-ZE-BR,B-ZO-BR,S-ZE-BO,B-ZH-BR,S-ZF-BR,B-ZF-BR,S-ZD-BR,S-ZB-BR,B-ZG-UN,B-ZF-UN
44,2020.02.12 00:00,EURJPY,60,86400,SELL,ZE,1,120.336,119.675,661.0,120.022,119.590,432.0,65.356,47.50,347.0,156.0,120.022,119.675,119.243,BREAK,2020.02.13 15:00,0,,0,,0,,0,NA,NewYork,BREAK,2020.02.18 06:00,BOUNCE,2020.02.19 06:00,120.683,BREAK,2020.02.20 13:00,0,,0,,0,,0,NA,NewYork,BREAK,2020.02.20 18:00,UNTOUCHED,,119.328,BREAK,2020.02.13 14:00,0,,0,,0,,0,NA,NewYork,BREAK,2020.02.18 04:00,BREAK,2020.02.18 18:00,120.369,BREAK,2020.02.19 23:00,0,,0,,0,,0,NA,Other,BREAK,2020.02.20 13:00,BREAK,2020.02.20 18:00,S-ZB-BR,S-ZG-BR,B-ZE-UN,B-ZF-BR,B-ZC-BR,S-ZC-BR,B-ZO-BR,S-ZO-BR,S-ZB-BO,S-ZF-BR,B-ZO-BR,S-ZE-BO,B-ZH-BR,S-ZF-BR,B-ZF-BR,S-ZD-BR,S-ZB-BR,B-ZG-UN,B-ZF-UN,S-ZF-BR
45,2020.02.13 00:00,EURJPY,60,86400,BUY,ZO,1,120.022,119.590,432.0,120.301,119.608,693.0,160.417,4.17,414.0,102.0,120.022,119.608,120.715,BREAK,2020.02.20 13:00,0,,0,,0,,0,NA,NewYork,BREAK,2020.02.20 18:00,UNTOUCHED,,119.176,BREAK,2020.02.13 15:00,0,,0,,0,,0,NA,NewYork,BREAK,2020.02.18 16:00,BREAK,2020.03.09 02:00,120.436,BREAK,2020.02.19 23:00,0,,0,,0,,0,NA,Other,BREAK,2020.02.20 13:00,BREAK,2020.02.20 18:00,119.194,BREAK,2020.02.13 15:00,0,,0,,0,,0,NA,NewYork,BREAK,2020.02.18 16:00,BREAK,2020.03.09 02:00,S-ZE-BR,S-ZB-BR,S-ZG-BR,B-ZE-UN,B-ZF-BR,B-ZC-BR,S-ZC-BR,B-ZO-BR,S-ZO-BR,S-ZB-BO,S-ZE-BO,B-ZH-BR,S-ZF-BR,B-ZF-BR,S-ZD-BR,S-ZB-BR,B-ZG-UN,B-ZF-UN,S-ZF-BR,B-ZE-UN
46,2020.02.15 00:00,EURJPY,60,86400,SELL,ZE,1,119.735,118.871,864.0,119.227,118.861,366.0,42.361,58.80,356.0,203.9,119.227,118.871,118.505,BOUNCE,2020.02.18 17:00,1,2020.02.19 14:00,1,2020.02.19 18:00,1,2020.02.19 20:00,3,1d 3h,NewYork,NA,,NA,,120.091,BOUNCE,2020.02.19 20:00,1,2020.02.28 16:00,1,2020.02.28 19:00,1,2020.02.28 19:00,3,1w 1d,NewYork,NA,,NA,,118.515,BOUNCE,2020.02.18 17:00,1,2020.02.19 18:00,1,2020.02.19 20:00,0,,2,1d 3h,NewYork,NA,,NA,,119.583,BREAK,2020.02.19 18:00,0,,0,,0,,0,NA,NewYork,BREAK,2020.02.19 22:00,BREAK,2020.02.20 11:00,B-ZO-BR,S-ZE-BR,S-ZB-BR,S-ZG-BR,B-ZE-UN,B-ZF-BR,B-ZC-BR,S-ZC-BR,B-ZO-BR,S-ZO-BR,B-ZH-BR,S-ZF-BR,B-ZF-BR,S-ZD-BR,S-ZB-BR,B-ZG-UN,B-ZF-UN,S-ZF-BR,B-ZE-UN,S-ZE-BR
47,2020.02.18 00:00,EURJPY,60,86400,BUY,ZH,1,118.989,118.874,115.0,119.192,118.901,291.0,253.043,23.48,88.0,27.1,118.989,118.901,119.280,BREAK,2020.02.19 16:00,0,,0,,0,,0,NA,NewYork,BREAK,2020.02.19 17:00,BREAK,2020.02.19 18:00,118.786,BOUNCE,2020.02.18 04:00,1,2020.02.18 10:00,1,2020.02.19 13:00,1,2020.02.19 16:00,3,1d 12h,Asia,NA,,NA,,119.077,BREAK,2020.02.18 00:00,0,,0,,0,,0,NA,Asia,BREAK,2020.02.19 14:00,BREAK,2020.02.19 16:00,118.813,BREAK,2020.02.18 04:00,0,,0,,0,,0,NA,Asia,BOUNCE,2020.02.18 14:00,NA,,S-ZE-BO,B-ZO-BR,S-ZE-BR,S-ZB-BR,S-ZG-BR,B-ZE-UN,B-ZF-BR,B-ZC-BR,S-ZC-BR,B-ZO-BR,S-ZF-BR,B-ZF-BR,S-ZD-BR,S-ZB-BR,B-ZG-UN,B-ZF-UN,S-ZF-BR,B-ZE-UN,S-ZE-BR,S-ZD-BR
48,2020.02.19 00:00,EURJPY,60,86400,SELL,ZF,1,119.192,118.901,291.0,119.109,118.462,647.0,222.337,28.52,208.0,68.7,119.109,118.901,118.254,BREAK,2020.03.09 02:00,0,,0,,0,,0,NA,Asia,BREAK,2020.03.09 05:00,BREAK,2020.03.09 06:00,119.400,BREAK,2020.02.19 17:00,0,,0,,0,,0,NA,NewYork,BREAK,2020.02.19 19:00,BREAK,2020.02.19 20:00,118.693,BREAK,2020.02.19 00:00,0,,0,,0,,0,NA,Asia,BREAK,2020.02.28 19:00,BREAK,2020.03.09 02:00,119.317,BREAK,2020.02.19 16:00,0,,0,,0,,0,NA,NewYork,BOUNCE,2020.02.19 17:00,NA,,B-ZH-BR,S-ZE-BO,B-ZO-BR,S-ZE-BR,S-ZB-BR,S-ZG-BR,B-ZE-UN,B-ZF-BR,B-ZC-BR,S-ZC-BR,B-ZF-BR,S-ZD-BR,S-ZB-BR,B-ZG-UN,B-ZF-UN,S-ZF-BR,B-ZE-UN,S-ZE-BR,S-ZD-BR,B-ZF-UN
49,2020.02.20 00:00,EURJPY,60,86400,BUY,ZF,1,119.109,118.462,647.0,120.492,118.544,1948.0,301.082,12.67,565.0,152.7,119.109,118.544,121.057,BREAK,2020.02.20 14:00,0,,0,,0,,0,NA,NewYork,UNTOUCHED,,NA,,117.897,BREAK,2020.03.09 05:00,0,,0,,0,,0,NA,Asia,BREAK,2020.03.09 06:00,BREAK,2020.03.09 07:00,119.674,BREAK,2020.02.20 00:00,0,,0,,0,,0,NA,Asia,BREAK,2020.02.20 07:00,BREAK,2020.02.20 13:00,117.979,BOUNCE,2020.03.09 02:00,1,2020.03.13 16:00,1,2020.03.13 16:00,0,,2,4d 14h,Asia,NA,,NA,,S-ZF-BR,B-ZH-BR,S-ZE-BO,B-ZO-BR,S-ZE-BR,S-ZB-BR,S-ZG-BR,B-ZE-UN,B-ZF-BR,B-ZC-BR,S-ZD-BR,S-ZB-BR,B-ZG-UN,B-ZF-UN,S-ZF-BR,B-ZE-UN,S-ZE-BR,S-ZD-BR,B-ZF-UN,S-ZE-UN
50,2020.02.25 00:00,EURJPY,60,86400,SELL,ZD,1,121.183,121.005,178.0,121.065,119.898,1167.0,655.618,66.29,60.0,42.0,121.065,121.005,119.838,BREAK,2020.02.25 13:00,0,,0,,0,,0,NA,NewYork,BREAK,2020.02.25 14:00,BREAK,2020.02.25 15:00,121.243,UNTOUCHED,,0,,0,,0,,0,NA,Other,NA,,NA,,120.945,BREAK,2020.02.25 00:00,0,,0,,0,,0,NA,Asia,BREAK,2020.02.25 01:00,BREAK,2020.02.25 02:00,121.125,BOUNCE,2020.03.26 00:00,1,2020.03.26 01:00,1,2020.03.26 01:00,0,,2,1h,Asia,NA,,NA,,B-ZF-BR,S-ZF-BR,B-ZH-BR,S-ZE-BO,B-ZO-BR,S-ZE-BR,S-ZB-BR,S-ZG-BR,B-ZE-UN,B-ZF-BR,S-ZB-BR,B-ZG-UN,B-ZF-UN,S-ZF-BR,B-ZE-UN,S-ZE-BR,S-ZD-BR,B-ZF-UN,S-ZE-UN,B-ZF-UN
51,2020.02.26 00:00,EURJPY,60,86400,SELL,ZB,1,121.065,119.898,1167.0,120.533,119.410,1123.0,96.230,45.59,635.0,275.4,120.533,119.898,118.775,BREAK,2020.02.28 19:00,0,,0,,0,,0,NA,NewYork,BREAK,2020.03.09 05:00,BREAK,2020.03.09 06:00,121.700,UNTOUCHED,,0,,0,,0,,0,NA,Other,NA,,NA,,119.263,BREAK,2020.02.28 17:00,0,,0,,0,,0,NA,NewYork,BOUNCE,2020.02.29 01:00,NA,,121.168,UNTOUCHED,,0,,0,,0,,0,NA,Other,NA,,NA,,S-ZD-BR,B-ZF-BR,S-ZF-BR,B-ZH-BR,S-ZE-BO,B-ZO-BR,S-ZE-BR,S-ZB-BR,S-ZG-BR,B-ZE-UN,B-ZG-UN,B-ZF-UN,S-ZF-BR,B-ZE-UN,S-ZE-BR,S-ZD-BR,B-ZF-UN,S-ZE-UN,B-ZF-UN,S-ZC-PE
52,2020.02.27 00:00,EURJPY,60,86400,BUY,ZG,0,120.533,119.410,1123.0,120.583,119.724,859.0,76.492,27.96,809.0,265.0,120.533,119.724,121.392,UNTOUCHED,,0,,0,,0,,0,NA,Other,NA,,NA,,118.601,BOUNCE,2020.02.28 19:00,1,2020.03.02 11:00,0,,0,,1,2d 16h,NewYork,NA,,NA,,121.342,UNTOUCHED,,0,,0,,0,,0,NA,Other,NA,,NA,,118.915,BREAK,2020.02.28 18:00,0,,0,,0,,0,NA,NewYork,BREAK,2020.03.09 05:00,BREAK,2020.03.09 06:00,S-ZB-BR,S-ZD-BR,B-ZF-BR,S-ZF-BR,B-ZH-BR,S-ZE-BO,B-ZO-BR,S-ZE-BR,S-ZB-BR,S-ZG-BR,B-ZF-UN,S-ZF-BR,B-ZE-UN,S-ZE-BR,S-ZD-BR,B-ZF-UN,S-ZE-UN,B-ZF-UN,S-ZC-PE,B-ZO-BR
53,2020.02.28 00:00,EURJPY,60,86400,BUY,ZF,0,120.583,119.724,859.0,121.039,119.948,1091.0,127.008,26.08,635.0,202.7,120.583,119.948,121.674,UNTOUCHED,,0,,0,,0,,0,NA,Other,NA,,NA,,119.089,BREAK,2020.02.28 18:00,0,,0,,0,,0,NA,NewYork,BOUNCE,2020.02.28 20:00,NA,,121.218,UNTOUCHED,,0,,0,,0,,0,NA,Other,NA,,NA,,119.313,BREAK,2020.02.28 17:00,0,,0,,0,,0,NA,NewYork,BREAK,2020.02.28 19:00,BOUNCE,2020.03.09 02:00,B-ZG-UN,S-ZB-BR,S-ZD-BR,B-ZF-BR,S-ZF-BR,B-ZH-BR,S-ZE-BO,B-ZO-BR,S-ZE-BR,S-ZB-BR,S-ZF-BR,B-ZE-UN,S-ZE-BR,S-ZD-BR,B-ZF-UN,S-ZE-UN,B-ZF-UN,S-ZC-PE,B-ZO-BR,B-ZB-UN
54,2020.02.29 00:00,EURJPY,60,86400,SELL,ZF,1,121.039,119.948,1091.0,120.854,118.372,2482.0,227.498,16.96,906.0,257.5,120.854,119.948,117.466,BREAK,2020.03.09 05:00,0,,0,,0,,0,NA,Asia,BREAK,2020.03.09 17:00,UNTOUCHED,,121.945,UNTOUCHED,,0,,0,,0,,0,NA,Other,NA,,NA,,119.042,BREAK,2020.02.29 00:00,0,,0,,0,,0,NA,Asia,BREAK,2020.03.09 05:00,BREAK,2020.03.09 06:00,121.760,UNTOUCHED,,0,,0,,0,,0,NA,Other,NA,,NA,,B-ZF-UN,B-ZG-UN,S-ZB-BR,S-ZD-BR,B-ZF-BR,S-ZF-BR,B-ZH-BR,S-ZE-BO,B-ZO-BR,S-ZE-BR,B-ZE-UN,S-ZE-BR,S-ZD-BR,B-ZF-UN,S-ZE-UN,B-ZF-UN,S-ZC-PE,B-ZO-BR,B-ZB-UN,B-ZB-UN
55,2020.03.04 00:00,EURJPY,60,86400,BUY,ZE,1,120.706,118.588,2118.0,120.946,119.525,1421.0,67.092,44.24,1181.0,499.8,120.706,119.525,122.127,UNTOUCHED,,0,,0,,0,,0,NA,Other,NA,,NA,,117.407,BREAK,2020.03.09 05:00,0,,0,,0,,0,NA,Asia,BOUNCE,2020.03.10 03:00,NA,,121.887,UNTOUCHED,,0,,0,,0,,0,NA,Other,NA,,NA,,118.344,BREAK,2020.03.09 02:00,0,,0,,0,,0,NA,Asia,BREAK,2020.03.09 06:00,UNTOUCHED,,S-ZF-BR,B-ZF-UN,B-ZG-UN,S-ZB-BR,S-ZD-BR,B-ZF-BR,S-ZF-BR,B-ZH-BR,S-ZE-BO,B-ZO-BR,S-ZE-BR,S-ZD-BR,B-ZF-UN,S-ZE-UN,B-ZF-UN,S-ZC-PE,B-ZO-BR,B-ZB-UN,B-ZB-UN,B-ZO-UN
56,2020.03.05 00:00,EURJPY,60,86400,SELL,ZE,1,120.946,119.525,1421.0,120.129,119.021,1108.0,77.973,57.49,604.0,335.4,120.129,119.525,118.417,BREAK,2020.03.09 02:00,0,,0,,0,,0,NA,Asia,BREAK,2020.03.09 05:00,BREAK,2020.03.09 06:00,121.550,UNTOUCHED,,0,,0,,0,,0,NA,Other,NA,,NA,,118.921,BREAK,2020.03.06 07:00,0,,0,,0,,0,NA,London,BREAK,2020.03.09 05:00,BREAK,2020.03.09 06:00,120.733,BOUNCE,2020.03.25 12:00,1,2020.03.27 18:00,1,2020.03.27 18:00,0,,2,2d 6h,London,NA,,NA,,B-ZE-UN,S-ZF-BR,B-ZF-UN,B-ZG-UN,S-ZB-BR,S-ZD-BR,B-ZF-BR,S-ZF-BR,B-ZH-BR,S-ZE-BO,S-ZD-BR,B-ZF-UN,S-ZE-UN,B-ZF-UN,S-ZC-PE,B-ZO-BR,B-ZB-UN,B-ZB-UN,B-ZO-UN,S-ZG-BR
57,2020.03.07 00:00,EURJPY,60,86400,SELL,ZD,1,119.997,119.101,896.0,119.428,118.704,724.0,80.804,63.50,327.0,211.5,119.428,119.101,118.377,BREAK,2020.03.09 02:00,0,,0,,0,,0,NA,Asia,BREAK,2020.03.09 05:00,BREAK,2020.03.09 06:00,120.324,BOUNCE,2020.03.24 15:00,1,2020.03.25 01:00,1,2020.03.31 02:00,1,2020.03.31 19:00,3,1w 0d,NewYork,NA,,NA,,118.774,BREAK,2020.03.09 02:00,0,,0,,0,,0,NA,Asia,BREAK,2020.03.09 03:00,BREAK,2020.03.09 05:00,119.755,BOUNCE,2020.03.13 16:00,1,2020.03.13 17:00,1,2020.03.13 17:00,0,,2,1h,NewYork,NA,,NA,,S-ZE-BR,B-ZE-UN,S-ZF-BR,B-ZF-UN,B-ZG-UN,S-ZB-BR,S-ZD-BR,B-ZF-BR,S-ZF-BR,B-ZH-BR,B-ZF-UN,S-ZE-UN,B-ZF-UN,S-ZC-PE,B-ZO-BR,B-ZB-UN,B-ZB-UN,B-ZO-UN,S-ZG-BR,S-ZH-BR
58,2020.03.11 00:00,EURJPY,60,86400,BUY,ZF,0,118.679,116.115,2564.0,119.477,116.798,2679.0,104.485,26.64,1881.0,605.1,118.679,116.798,121.358,UNTOUCHED,,0,,0,,0,,0,NA,Other,NA,,NA,,114.234,UNTOUCHED,,0,,0,,0,,0,NA,Other,NA,,NA,,120.560,BOUNCE,2020.03.25 11:00,0,,0,,0,,0,NA,London,NA,,NA,,114.917,UNTOUCHED,,0,,0,,0,,0,NA,Other,NA,,NA,,S-ZD-BR,S-ZE-BR,B-ZE-UN,S-ZF-BR,B-ZF-UN,B-ZG-UN,S-ZB-BR,S-ZD-BR,B-ZF-BR,S-ZF-BR,S-ZE-UN,B-ZF-UN,S-ZC-PE,B-ZO-BR,B-ZB-UN,B-ZB-UN,B-ZO-UN,S-ZG-BR,S-ZH-BR,S-ZB-BO
59,2020.03.13 00:00,EURJPY,60,86400,SELL,ZE,1,119.217,117.536,1681.0,118.325,116.307,2018.0,120.048,53.06,789.0,396.7,118.325,117.536,115.518,UNTOUCHED,,0,,0,,0,,0,NA,Other,NA,,NA,,120.006,BOUNCE,2020.03.13 23:00,1,2020.03.16 03:00,1,2020.04.02 16:00,0,,2,2w 5d,Other,NA,,NA,,116.747,BREAK,2020.04.02 16:00,0,,0,,0,,0,NA,NewYork,BOUNCE,2020.04.23 18:00,NA,,119.114,BREAK,2020.03.13 15:00,0,,0,,0,,0,NA,NewYork,BREAK,2020.03.13 23:00,BREAK,2020.03.26 00:00,B-ZF-UN,S-ZD-BR,S-ZE-BR,B-ZE-UN,S-ZF-BR,B-ZF-UN,B-ZG-UN,S-ZB-BR,S-ZD-BR,B-ZF-BR,B-ZF-UN,S-ZC-PE,B-ZO-BR,B-ZB-UN,B-ZB-UN,B-ZO-UN,S-ZG-BR,S-ZH-BR,S-ZB-BO,S-ZC-BO
60,2020.03.14 00:00,EURJPY,60,86400,BUY,ZF,1,118.325,116.307,2018.0,120.317,116.808,3509.0,173.885,24.83,1517.0,476.2,118.325,116.808,121.834,UNTOUCHED,,0,,0,,0,,0,NA,Other,NA,,NA,,114.790,UNTOUCHED,,0,,0,,0,,0,NA,Other,NA,,NA,,119.842,BOUNCE,2020.03.14 00:00,0,,0,,0,,0,NA,Asia,NA,,NA,,115.291,UNTOUCHED,,0,,0,,0,,0,NA,Other,NA,,NA,,S-ZE-UN,B-ZF-UN,S-ZD-BR,S-ZE-BR,B-ZE-UN,S-ZF-BR,B-ZF-UN,B-ZG-UN,S-ZB-BR,S-ZD-BR,S-ZC-PE,B-ZO-BR,B-ZB-UN,B-ZB-UN,B-ZO-UN,S-ZG-BR,S-ZH-BR,S-ZB-BO,S-ZC-BO,B-ZF-UN
61,2020.03.19 00:00,EURJPY,60,86400,SELL,ZC,1,119.679,117.293,2386.0,118.549,116.887,1662.0,69.656,47.36,1256.0,563.1,118.549,117.293,115.631,PENDING,2020.04.24 11:00,0,,0,,0,,0,NA,London,NA,,NA,,120.935,BOUNCE,2020.03.25 20:00,1,2020.03.31 18:00,1,2020.04.23 13:00,1,2020.04.24 11:00,3,4w 1d,NewYork,NA,,NA,,116.037,BREAK,2020.04.23 13:00,0,,0,,0,,0,NA,NewYork,BOUNCE,2020.05.11 08:00,NA,,119.805,BREAK,2020.03.23 18:00,0,,0,,0,,0,NA,NewYork,BOUNCE,2020.03.27 06:00,NA,,B-ZF-UN,S-ZE-UN,B-ZF-UN,S-ZD-BR,S-ZE-BR,B-ZE-UN,S-ZF-BR,B-ZF-UN,B-ZG-UN,S-ZB-BR,B-ZO-BR,B-ZB-UN,B-ZB-UN,B-ZO-UN,S-ZG-BR,S-ZH-BR,S-ZB-BO,S-ZC-BO,B-ZF-UN,B-ZG-UN
62,2020.03.20 00:00,EURJPY,60,86400,BUY,ZO,0,118.549,116.887,1662.0,119.318,117.397,1921.0,115.584,30.69,1152.0,392.2,118.549,117.397,120.470,BREAK,2020.03.24 15:00,0,,0,,0,,0,NA,NewYork,UNTOUCHED,,NA,,115.735,PENDING,2020.04.23 14:00,0,,0,,0,,0,NA,NewYork,NA,,NA,,119.701,BREAK,2020.03.23 18:00,0,,0,,0,,0,NA,NewYork,BOUNCE,2020.03.27 06:00,NA,,116.245,BREAK,2020.04.21 12:00,0,,0,,0,,0,NA,London,BREAK,2020.05.06 13:00,UNTOUCHED,,S-ZC-PE,B-ZF-UN,S-ZE-UN,B-ZF-UN,S-ZD-BR,S-ZE-BR,B-ZE-UN,S-ZF-BR,B-ZF-UN,B-ZG-UN,B-ZB-UN,B-ZB-UN,B-ZO-UN,S-ZG-BR,S-ZH-BR,S-ZB-BO,S-ZC-BO,B-ZF-UN,B-ZG-UN,S-ZG-BO
63,2020.03.25 00:00,EURJPY,60,86400,BUY,ZB,1,119.931,117.718,2213.0,120.533,118.798,1735.0,78.400,48.80,1133.0,522.3,119.931,118.798,121.666,UNTOUCHED,,0,,0,,0,,0,NA,Other,NA,,NA,,116.585,BOUNCE,2020.04.02 16:00,1,2020.04.07 16:00,0,,0,,1,5d 0h,NewYork,NA,,NA,,121.064,BOUNCE,2020.03.25 23:00,1,2020.04.01 13:00,1,2020.04.02 16:00,0,,2,1w 0d,Other,NA,,NA,,117.665,BREAK,2020.04.01 13:00,0,,0,,0,,0,NA,NewYork,BOUNCE,2020.04.06 04:00,NA,,B-ZO-BR,S-ZC-PE,B-ZF-UN,S-ZE-UN,B-ZF-UN,S-ZD-BR,S-ZE-BR,B-ZE-UN,S-ZF-BR,B-ZF-UN,B-ZB-UN,B-ZO-UN,S-ZG-BR,S-ZH-BR,S-ZB-BO,S-ZC-BO,B-ZF-UN,B-ZG-UN,S-ZG-BO,S-ZG-BO
64,2020.03.26 00:00,EURJPY,60,86400,BUY,ZB,1,120.533,118.798,1735.0,121.074,119.515,1559.0,89.856,41.33,1018.0,409.5,120.533,119.515,122.092,UNTOUCHED,,0,,0,,0,,0,NA,Other,NA,,NA,,117.780,BREAK,2020.04.01 12:00,0,,0,,0,,0,NA,London,BREAK,2020.04.02 17:00,BOUNCE,2020.04.23 18:00,121.551,UNTOUCHED,,0,,0,,0,,0,NA,Other,NA,,NA,,118.497,BREAK,2020.03.31 18:00,0,,0,,0,,0,NA,NewYork,BREAK,2020.04.01 18:00,BOUNCE,2020.04.02 18:00,B-ZB-UN,B-ZO-BR,S-ZC-PE,B-ZF-UN,S-ZE-UN,B-ZF-UN,S-ZD-BR,S-ZE-BR,B-ZE-UN,S-ZF-BR,B-ZO-UN,S-ZG-BR,S-ZH-BR,S-ZB-BO,S-ZC-BO,B-ZF-UN,B-ZG-UN,S-ZG-BO,S-ZG-BO,S-ZO-BO
65,2020.03.27 00:00,EURJPY,60,86400,BUY,ZO,0,121.074,119.515,1559.0,121.141,119.951,1190.0,76.331,27.97,1123.0,367.9,121.074,119.951,122.264,UNTOUCHED,,0,,0,,0,,0,NA,Other,NA,,NA,,118.392,BREAK,2020.03.31 19:00,0,,0,,0,,0,NA,NewYork,BREAK,2020.04.02 16:00,BREAK,2020.04.23 14:00,122.197,UNTOUCHED,,0,,0,,0,,0,NA,Other,NA,,NA,,118.828,BOUNCE,2020.03.27 18:00,0,,0,,0,,0,NA,NewYork,NA,,NA,,B-ZB-UN,B-ZB-UN,B-ZO-BR,S-ZC-PE,B-ZF-UN,S-ZE-UN,B-ZF-UN,S-ZD-BR,S-ZE-BR,B-ZE-UN,S-ZG-BR,S-ZH-BR,S-ZB-BO,S-ZC-BO,B-ZF-UN,B-ZG-UN,S-ZG-BO,S-ZG-BO,S-ZO-BO,B-ZO-BR
66,2020.03.28 00:00,EURJPY,60,86400,SELL,ZG,1,121.141,119.951,1190.0,120.987,118.797,2190.0,184.034,12.94,1036.0,280.8,120.987,119.951,117.761,BREAK,2020.04.01 12:00,0,,0,,0,,0,NA,London,BREAK,2020.04.02 17:00,BOUNCE,2020.04.30 18:00,122.177,UNTOUCHED,,0,,0,,0,,0,NA,Other,NA,,NA,,118.915,BREAK,2020.03.30 07:00,0,,0,,0,,0,NA,London,BREAK,2020.04.01 13:00,BREAK,2020.04.02 17:00,122.023,UNTOUCHED,,0,,0,,0,,0,NA,Other,NA,,NA,,B-ZO-UN,B-ZB-UN,B-ZB-UN,B-ZO-BR,S-ZC-PE,B-ZF-UN,S-ZE-UN,B-ZF-UN,S-ZD-BR,S-ZE-BR,S-ZH-BR,S-ZB-BO,S-ZC-BO,B-ZF-UN,B-ZG-UN,S-ZG-BO,S-ZG-BO,S-ZO-BO,B-ZO-BR,S-ZB-BR
67,2020.04.01 00:00,EURJPY,60,86400,SELL,ZH,0,119.980,118.789,1191.0,119.699,118.191,1508.0,126.616,23.59,910.0,281.1,119.699,118.789,117.281,BREAK,2020.04.01 17:00,0,,0,,0,,0,NA,NewYork,BOUNCE,2020.04.02 18:00,NA,,120.890,UNTOUCHED,,0,,0,,0,,0,NA,Other,NA,,NA,,117.879,BREAK,2020.04.01 12:00,0,,0,,0,,0,NA,London,BREAK,2020.04.02 16:00,BREAK,2020.04.23 14:00,120.609,UNTOUCHED,,0,,0,,0,,0,NA,Other,NA,,NA,,S-ZG-BR,B-ZO-UN,B-ZB-UN,B-ZB-UN,B-ZO-BR,S-ZC-PE,B-ZF-UN,S-ZE-UN,B-ZF-UN,S-ZD-BR,S-ZB-BO,S-ZC-BO,B-ZF-UN,B-ZG-UN,S-ZG-BO,S-ZG-BO,S-ZO-BO,B-ZO-BR,S-ZB-BR,S-ZE-BR
68,2020.04.02 00:00,EURJPY,60,86400,SELL,ZB,1,119.699,118.191,1508.0,118.869,116.944,1925.0,127.653,55.04,678.0,355.9,118.869,118.191,116.266,BOUNCE,2020.04.21 11:00,1,2020.04.30 23:00,0,,0,,1,1w 2d,London,NA,,NA,,120.377,UNTOUCHED,,0,,0,,0,,0,NA,Other,NA,,NA,,117.513,BREAK,2020.04.02 00:00,0,,0,,0,,0,NA,Asia,BREAK,2020.04.02 17:00,BREAK,2020.04.23 14:00,119.547,UNTOUCHED,,0,,0,,0,,0,NA,Other,NA,,NA,,S-ZH-BR,S-ZG-BR,B-ZO-UN,B-ZB-UN,B-ZB-UN,B-ZO-BR,S-ZC-PE,B-ZF-UN,S-ZE-UN,B-ZF-UN,S-ZC-BO,B-ZF-UN,B-ZG-UN,S-ZG-BO,S-ZG-BO,S-ZO-BO,B-ZO-BR,S-ZB-BR,S-ZE-BR,S-ZD-BO
69,2020.04.03 00:00,EURJPY,60,86400,SELL,ZC,1,118.869,116.944,1925.0,117.712,116.347,1365.0,70.909,60.10,768.0,454.3,117.712,116.944,115.579,BOUNCE,2020.04.24 11:00,1,2020.04.30 18:00,0,,0,,1,6d 7h,London,NA,,NA,,119.637,UNTOUCHED,,0,,0,,0,,0,NA,Other,NA,,NA,,116.176,BREAK,2020.04.23 11:00,0,,0,,0,,0,NA,London,BREAK,2020.05.06 12:00,BOUNCE,2020.05.08 04:00,118.480,BREAK,2020.04.07 13:00,0,,0,,0,,0,NA,NewYork,UNTOUCHED,,NA,,S-ZB-BO,S-ZH-BR,S-ZG-BR,B-ZO-UN,B-ZB-UN,B-ZB-UN,B-ZO-BR,S-ZC-PE,B-ZF-UN,S-ZE-UN,B-ZF-UN,B-ZG-UN,S-ZG-BO,S-ZG-BO,S-ZO-BO,B-ZO-BR,S-ZB-BR,S-ZE-BR,S-ZD-BO,S-ZO-BR
70,2020.04.08 00:00,EURJPY,60,86400,BUY,ZF,0,118.303,117.066,1237.0,119.035,117.507,1528.0,123.525,35.65,796.0,291.9,118.303,117.507,119.831,UNTOUCHED,,0,,0,,0,,0,NA,Other,NA,,NA,,116.270,BOUNCE,2020.04.21 11:00,1,2020.05.19 14:00,0,,0,,1,4w 0d,London,NA,,NA,,119.099,UNTOUCHED,,0,,0,,0,,0,NA,Other,NA,,NA,,116.711,BREAK,2020.04.16 18:00,0,,0,,0,,0,NA,NewYork,BOUNCE,2020.04.23 18:00,NA,,S-ZC-BO,S-ZB-BO,S-ZH-BR,S-ZG-BR,B-ZO-UN,B-ZB-UN,B-ZB-UN,B-ZO-BR,S-ZC-PE,B-ZF-UN,B-ZG-UN,S-ZG-BO,S-ZG-BO,S-ZO-BO,B-ZO-BR,S-ZB-BR,S-ZE-BR,S-ZD-BO,S-ZO-BR,B-ZF-BR
71,2020.04.10 00:00,EURJPY,60,86400,BUY,ZG,0,118.690,117.913,777.0,118.999,118.035,964.0,124.067,15.70,655.0,183.4,118.690,118.035,119.654,UNTOUCHED,,0,,0,,0,,0,NA,Other,NA,,NA,,117.258,BREAK,2020.04.15 11:00,0,,0,,0,,0,NA,London,BOUNCE,2020.04.17 01:00,NA,,119.345,UNTOUCHED,,0,,0,,0,,0,NA,Other,NA,,NA,,117.380,BREAK,2020.04.13 19:00,0,,0,,0,,0,NA,NewYork,BOUNCE,2020.04.17 03:00,NA,,B-ZF-UN,S-ZC-BO,S-ZB-BO,S-ZH-BR,S-ZG-BR,B-ZO-UN,B-ZB-UN,B-ZB-UN,B-ZO-BR,S-ZC-PE,S-ZG-BO,S-ZG-BO,S-ZO-BO,B-ZO-BR,S-ZB-BR,S-ZE-BR,S-ZD-BO,S-ZO-BR,B-ZF-BR,S-ZD-BR
72,2020.04.16 00:00,EURJPY,60,86400,SELL,ZG,1,117.938,117.303,635.0,117.774,116.794,980.0,154.331,25.83,471.0,149.9,117.774,117.303,116.323,BOUNCE,2020.04.21 11:00,1,2020.04.30 18:00,1,2020.05.21 11:00,1,2020.05.21 15:00,3,4w 2d,London,NA,,NA,,118.409,BOUNCE,2020.05.21 15:00,1,2020.05.22 08:00,0,,0,,1,17h,NewYork,NA,,NA,,116.832,BREAK,2020.04.16 18:00,0,,0,,0,,0,NA,NewYork,BOUNCE,2020.04.21 17:00,NA,,118.245,BREAK,2020.05.21 11:00,0,,0,,0,,0,NA,London,BOUNCE,2020.05.27 13:00,NA,,B-ZG-UN,B-ZF-UN,S-ZC-BO,S-ZB-BO,S-ZH-BR,S-ZG-BR,B-ZO-UN,B-ZB-UN,B-ZB-UN,B-ZO-BR,S-ZG-BO,S-ZO-BO,B-ZO-BR,S-ZB-BR,S-ZE-BR,S-ZD-BO,S-ZO-BR,B-ZF-BR,S-ZD-BR,S-ZE-UN
73,2020.04.17 00:00,EURJPY,60,86400,SELL,ZG,0,117.774,116.794,980.0,117.501,116.551,950.0,96.939,27.86,707.0,231.3,117.501,116.794,115.844,BOUNCE,2020.04.23 14:00,1,2020.04.30 18:00,1,2020.05.21 11:00,1,2020.05.21 15:00,3,4w 0d,NewYork,NA,,NA,,118.481,BOUNCE,2020.05.21 15:00,1,2020.05.22 13:00,0,,0,,1,22h,NewYork,NA,,NA,,116.087,BREAK,2020.04.23 13:00,0,,0,,0,,0,NA,NewYork,BREAK,2020.05.06 04:00,BREAK,2020.05.06 18:00,118.208,BREAK,2020.05.21 11:00,0,,0,,0,,0,NA,London,BREAK,2020.05.28 19:00,BREAK,2020.05.29 18:00,S-ZG-BO,B-ZG-UN,B-ZF-UN,S-ZC-BO,S-ZB-BO,S-ZH-BR,S-ZG-BR,B-ZO-UN,B-ZB-UN,B-ZB-UN,S-ZO-BO,B-ZO-BR,S-ZB-BR,S-ZE-BR,S-ZD-BO,S-ZO-BR,B-ZF-BR,S-ZD-BR,S-ZE-UN,B-ZC-BR
74,2020.04.22 00:00,EURJPY,60,86400,SELL,ZO,1,117.287,116.677,610.0,117.159,116.215,944.0,154.754,20.98,482.0,144.0,117.159,116.677,115.733,BOUNCE,2020.04.23 14:00,1,2020.04.23 18:00,1,2020.04.30 23:00,1,2020.04.30 23:00,3,1w 0d,NewYork,NA,,NA,,117.769,BOUNCE,2020.04.30 23:00,1,2020.05.04 06:00,1,2020.05.05 12:00,1,2020.05.05 13:00,3,4d 14h,Other,NA,,NA,,116.195,BREAK,2020.04.23 11:00,0,,0,,0,,0,NA,London,BOUNCE,2020.04.23 21:00,NA,,117.641,BOUNCE,2020.04.30 23:00,1,2020.05.05 12:00,1,2020.05.05 12:00,0,,2,4d 13h,Other,NA,,NA,,S-ZG-BO,S-ZG-BO,B-ZG-UN,B-ZF-UN,S-ZC-BO,S-ZB-BO,S-ZH-BR,S-ZG-BR,B-ZO-UN,B-ZB-UN,B-ZO-BR,S-ZB-BR,S-ZE-BR,S-ZD-BO,S-ZO-BR,B-ZF-BR,S-ZD-BR,S-ZE-UN,B-ZC-BR,S-ZB-UN
75,2020.04.23 00:00,EURJPY,60,86400,BUY,ZO,0,117.159,116.215,944.0,117.217,116.442,775.0,82.097,24.05,717.0,222.8,117.159,116.442,117.934,BREAK,2020.05.19 14:00,0,,0,,0,,0,NA,NewYork,BOUNCE,2020.05.27 13:00,NA,,115.498,BOUNCE,2020.04.29 14:00,1,2020.04.30 19:00,1,2020.05.19 14:00,1,2020.05.19 14:00,3,2w 6d,NewYork,NA,,NA,,117.876,BREAK,2020.05.19 14:00,0,,0,,0,,0,NA,NewYork,BOUNCE,2020.05.27 13:00,NA,,115.725,BOUNCE,2020.04.23 14:00,1,2020.05.19 14:00,1,2020.05.19 14:00,0,,2,3w 5d,NewYork,NA,,NA,,S-ZO-BO,S-ZG-BO,S-ZG-BO,B-ZG-UN,B-ZF-UN,S-ZC-BO,S-ZB-BO,S-ZH-BR,S-ZG-BR,B-ZO-UN,S-ZB-BR,S-ZE-BR,S-ZD-BO,S-ZO-BR,B-ZF-BR,S-ZD-BR,S-ZE-UN,B-ZC-BR,S-ZB-UN,S-ZE-UN
76,2020.04.24 00:00,EURJPY,60,86400,SELL,ZB,1,117.217,116.442,775.0,116.832,115.635,1197.0,154.452,49.68,390.0,182.9,116.832,116.442,115.245,BREAK,2020.05.06 04:00,0,,0,,0,,0,NA,Asia,BREAK,2020.05.06 13:00,BOUNCE,2020.05.07 10:00,117.607,BOUNCE,2020.04.30 23:00,1,2020.05.04 04:00,1,2020.05.05 12:00,1,2020.05.06 04:00,3,5d 5h,Other,NA,,NA,,116.052,BREAK,2020.04.24 00:00,0,,0,,0,,0,NA,Asia,BOUNCE,2020.04.24 14:00,NA,,117.222,BOUNCE,2020.04.30 18:00,1,2020.05.05 12:00,1,2020.05.05 12:00,0,,2,4d 18h,NewYork,NA,,NA,,B-ZO-BR,S-ZO-BO,S-ZG-BO,S-ZG-BO,B-ZG-UN,B-ZF-UN,S-ZC-BO,S-ZB-BO,S-ZH-BR,S-ZG-BR,S-ZE-BR,S-ZD-BO,S-ZO-BR,B-ZF-BR,S-ZD-BR,S-ZE-UN,B-ZC-BR,S-ZB-UN,S-ZE-UN,B-ZH-BR
77,2020.04.25 00:00,EURJPY,60,86400,SELL,ZE,1,116.832,115.635,1197.0,116.297,115.542,755.0,63.074,44.70,662.0,282.5,116.297,115.635,114.880,BREAK,2020.05.06 12:00,0,,0,,0,,0,NA,London,UNTOUCHED,,NA,,117.494,BOUNCE,2020.04.30 23:00,1,2020.05.05 12:00,1,2020.05.06 12:00,1,2020.05.06 12:00,3,5d 13h,Other,NA,,NA,,114.973,BREAK,2020.05.06 12:00,0,,0,,0,,0,NA,London,UNTOUCHED,,NA,,116.959,BREAK,2020.04.30 18:00,0,,0,,0,,0,NA,NewYork,BOUNCE,2020.05.04 03:00,NA,,S-ZB-BR,B-ZO-BR,S-ZO-BO,S-ZG-BO,S-ZG-BO,B-ZG-UN,B-ZF-UN,S-ZC-BO,S-ZB-BO,S-ZH-BR,S-ZD-BO,S-ZO-BR,B-ZF-BR,S-ZD-BR,S-ZE-UN,B-ZC-BR,S-ZB-UN,S-ZE-UN,B-ZH-BR,B-ZC-BO
78,2020.04.29 00:00,EURJPY,60,86400,SELL,ZD,1,116.506,116.046,460.0,116.266,115.702,564.0,122.609,52.17,220.0,108.6,116.266,116.046,115.482,BOUNCE,2020.04.29 14:00,1,2020.04.29 17:00,1,2020.04.30 18:00,1,2020.04.30 18:00,3,1d 4h,NewYork,NA,,NA,,116.726,BREAK,2020.04.30 18:00,0,,0,,0,,0,NA,NewYork,BREAK,2020.04.30 19:00,BREAK,2020.04.30 22:00,115.826,BREAK,2020.04.29 00:00,0,,0,,0,,0,NA,Asia,BREAK,2020.04.29 14:00,BREAK,2020.05.06 04:00,116.486,BREAK,2020.04.30 18:00,0,,0,,0,,0,NA,NewYork,BREAK,2020.04.30 19:00,BREAK,2020.04.30 21:00,S-ZE-BR,S-ZB-BR,B-ZO-BR,S-ZO-BO,S-ZG-BO,S-ZG-BO,B-ZG-UN,B-ZF-UN,S-ZC-BO,S-ZB-BO,S-ZO-BR,B-ZF-BR,S-ZD-BR,S-ZE-UN,B-ZC-BR,S-ZB-UN,S-ZE-UN,B-ZH-BR,B-ZC-BO,B-ZO-BR
79,2020.04.30 00:00,EURJPY,60,86400,SELL,ZO,0,116.266,115.702,564.0,116.077,115.448,629.0,111.525,33.51,375.0,133.1,116.077,115.702,115.073,BREAK,2020.05.06 10:00,0,,0,,0,,0,NA,London,BREAK,2020.05.06 18:00,UNTOUCHED,,116.641,BREAK,2020.04.30 18:00,0,,0,,0,,0,NA,NewYork,BREAK,2020.04.30 19:00,BREAK,2020.04.30 23:00,115.327,BREAK,2020.05.06 02:00,0,,0,,0,,0,NA,Asia,BREAK,2020.05.06 12:00,BREAK,2020.05.06 18:00,116.452,BREAK,2020.04.30 18:00,0,,0,,0,,0,NA,NewYork,BREAK,2020.04.30 19:00,BREAK,2020.04.30 22:00,S-ZD-BO,S-ZE-BR,S-ZB-BR,B-ZO-BR,S-ZO-BO,S-ZG-BO,S-ZG-BO,B-ZG-UN,B-ZF-UN,S-ZC-BO,B-ZF-BR,S-ZD-BR,S-ZE-UN,B-ZC-BR,S-ZB-UN,S-ZE-UN,B-ZH-BR,B-ZC-BO,B-ZO-BR,S-ZD-UN
80,2020.05.01 00:00,EURJPY,60,86400,BUY,ZF,1,116.077,115.448,629.0,117.775,115.544,2231.0,354.690,15.26,533.0,148.4,116.077,115.544,118.308,BREAK,2020.05.21 11:00,0,,0,,0,,0,NA,London,BOUNCE,2020.05.27 18:00,NA,,114.915,BREAK,2020.05.06 12:00,0,,0,,0,,0,NA,London,UNTOUCHED,,NA,,116.610,BREAK,2020.05.01 00:00,0,,0,,0,,0,NA,Asia,BREAK,2020.05.01 01:00,BOUNCE,2020.05.04 01:00,115.011,BREAK,2020.05.06 12:00,0,,0,,0,,0,NA,London,BOUNCE,2020.05.07 14:00,NA,,S-ZO-BR,S-ZD-BO,S-ZE-BR,S-ZB-BR,B-ZO-BR,S-ZO-BO,S-ZG-BO,S-ZG-BO,B-ZG-UN,B-ZF-UN,S-ZD-BR,S-ZE-UN,B-ZC-BR,S-ZB-UN,S-ZE-UN,B-ZH-BR,B-ZC-BO,B-ZO-BR,S-ZD-UN,B-ZB-BR
81,2020.05.06 00:00,EURJPY,60,86400,SELL,ZD,1,117.275,116.263,1012.0,116.568,115.412,1156.0,114.229,69.86,305.0,238.8,116.568,116.263,115.107,BREAK,2020.05.06 04:00,0,,0,,0,,0,NA,Asia,BREAK,2020.05.06 18:00,BOUNCE,2020.05.07 10:00,117.580,BOUNCE,2020.05.19 10:00,0,,0,,0,,0,NA,London,NA,,NA,,115.958,BREAK,2020.05.06 00:00,0,,0,,0,,0,NA,Asia,BREAK,2020.05.06 01:00,BREAK,2020.05.06 04:00,116.873,BREAK,2020.05.18 19:00,0,,0,,0,,0,NA,NewYork,BREAK,2020.05.19 10:00,BREAK,2020.05.19 12:00,B-ZF-BR,S-ZO-BR,S-ZD-BO,S-ZE-BR,S-ZB-BR,B-ZO-BR,S-ZO-BO,S-ZG-BO,S-ZG-BO,B-ZG-UN,S-ZE-UN,B-ZC-BR,S-ZB-UN,S-ZE-UN,B-ZH-BR,B-ZC-BO,B-ZO-BR,S-ZD-UN,B-ZB-BR,B-ZB-BR
82,2020.05.08 00:00,EURJPY,60,86400,SELL,ZE,1,115.599,114.427,1172.0,115.135,114.410,725.0,61.860,39.59,708.0,276.6,115.135,114.427,113.702,UNTOUCHED,,0,,0,,0,,0,NA,Other,NA,,NA,,116.307,BREAK,2020.05.11 17:00,0,,0,,0,,0,NA,NewYork,BREAK,2020.05.19 04:00,BREAK,2020.05.19 14:00,113.719,UNTOUCHED,,0,,0,,0,,0,NA,Other,NA,,NA,,115.843,BREAK,2020.05.11 03:00,0,,0,,0,,0,NA,Asia,BREAK,2020.05.12 17:00,BREAK,2020.05.19 10:00,S-ZD-BR,B-ZF-BR,S-ZO-BR,S-ZD-BO,S-ZE-BR,S-ZB-BR,B-ZO-BR,S-ZO-BO,S-ZG-BO,S-ZG-BO,B-ZC-BR,S-ZB-UN,S-ZE-UN,B-ZH-BR,B-ZC-BO,B-ZO-BR,S-ZD-UN,B-ZB-BR,B-ZB-BR,B-ZB-BR
83,2020.05.13 00:00,EURJPY,60,86400,BUY,ZC,1,116.512,115.149,1363.0,116.856,115.957,899.0,65.957,59.28,555.0,321.7,116.512,115.957,117.411,BREAK,2020.05.19 10:00,0,,0,,0,,0,NA,London,BREAK,2020.05.21 11:00,BOUNCE,2020.05.21 18:00,114.594,UNTOUCHED,,0,,0,,0,,0,NA,Other,NA,,NA,,117.067,BREAK,2020.05.18 19:00,0,,0,,0,,0,NA,NewYork,BREAK,2020.05.19 14:00,BOUNCE,2020.05.20 00:00,115.402,BOUNCE,2020.05.14 10:00,1,2020.05.18 19:00,1,2020.05.18 19:00,0,,2,4d 9h,London,NA,,NA,,S-ZE-UN,S-ZD-BR,B-ZF-BR,S-ZO-BR,S-ZD-BO,S-ZE-BR,S-ZB-BR,B-ZO-BR,S-ZO-BO,S-ZG-BO,S-ZB-UN,S-ZE-UN,B-ZH-BR,B-ZC-BO,B-ZO-BR,S-ZD-UN,B-ZB-BR,B-ZB-BR,B-ZB-BR,B-ZB-BR
84,2020.05.14 00:00,EURJPY,60,86400,SELL,ZB,1,116.856,115.957,899.0,116.409,115.691,718.0,79.867,49.72,452.0,212.2,116.409,115.957,115.239,UNTOUCHED,,0,,0,,0,,0,NA,Other,NA,,NA,,117.308,BREAK,2020.05.19 04:00,0,,0,,0,,0,NA,Asia,BREAK,2020.05.19 14:00,BREAK,2020.05.21 15:00,115.505,BOUNCE,2020.05.14 08:00,1,2020.05.18 19:00,1,2020.05.19 04:00,0,,2,4d 20h,London,NA,,NA,,116.861,BREAK,2020.05.18 19:00,0,,0,,0,,0,NA,NewYork,BREAK,2020.05.19 10:00,BREAK,2020.05.19 14:00,B-ZC-BR,S-ZE-UN,S-ZD-BR,B-ZF-BR,S-ZO-BR,S-ZD-BO,S-ZE-BR,S-ZB-BR,B-ZO-BR,S-ZO-BO,S-ZE-UN,B-ZH-BR,B-ZC-BO,B-ZO-BR,S-ZD-UN,B-ZB-BR,B-ZB-BR,B-ZB-BR,B-ZB-BR,B-ZF-BO
85,2020.05.15 00:00,EURJPY,60,86400,SELL,ZE,1,116.409,115.691,718.0,115.924,115.323,601.0,83.705,67.55,233.0,169.4,115.924,115.691,115.090,UNTOUCHED,,0,,0,,0,,0,NA,Other,NA,,NA,,116.642,BOUNCE,2020.05.18 17:00,0,,0,,0,,0,NA,NewYork,NA,,NA,,115.458,UNTOUCHED,,0,,0,,0,,0,NA,Other,NA,,NA,,116.157,BOUNCE,2020.05.15 18:00,0,,0,,0,,0,NA,NewYork,NA,,NA,,S-ZB-UN,B-ZC-BR,S-ZE-UN,S-ZD-BR,B-ZF-BR,S-ZO-BR,S-ZD-BO,S-ZE-BR,S-ZB-BR,B-ZO-BR,B-ZH-BR,B-ZC-BO,B-ZO-BR,S-ZD-UN,B-ZB-BR,B-ZB-BR,B-ZB-BR,B-ZB-BR,B-ZF-BO,S-ZB-BR
86,2020.05.16 00:00,EURJPY,60,86400,BUY,ZH,0,115.924,115.323,601.0,116.196,115.472,724.0,120.466,24.79,452.0,141.8,115.924,115.472,116.648,BREAK,2020.05.18 17:00,0,,0,,0,,0,NA,NewYork,BREAK,2020.05.19 04:00,BREAK,2020.05.19 12:00,114.871,UNTOUCHED,,0,,0,,0,,0,NA,Other,NA,,NA,,116.376,BREAK,2020.05.18 16:00,0,,0,,0,,0,NA,NewYork,BREAK,2020.05.18 19:00,BREAK,2020.05.19 10:00,115.020,UNTOUCHED,,0,,0,,0,,0,NA,Other,NA,,NA,,S-ZE-UN,S-ZB-UN,B-ZC-BR,S-ZE-UN,S-ZD-BR,B-ZF-BR,S-ZO-BR,S-ZD-BO,S-ZE-BR,S-ZB-BR,B-ZC-BO,B-ZO-BR,S-ZD-UN,B-ZB-BR,B-ZB-BR,B-ZB-BR,B-ZB-BR,B-ZF-BO,S-ZB-BR,S-ZO-UN
87,2020.05.21 00:00,EURJPY,60,86400,BUY,ZC,1,118.198,117.024,1174.0,118.202,117.517,685.0,58.348,41.99,681.0,277.1,118.198,117.517,118.883,BOUNCE,2020.05.27 15:00,0,,0,,0,,0,NA,NewYork,NA,,NA,,116.343,UNTOUCHED,,0,,0,,0,,0,NA,Other,NA,,NA,,118.879,BOUNCE,2020.05.27 15:00,0,,0,,0,,0,NA,NewYork,NA,,NA,,116.836,UNTOUCHED,,0,,0,,0,,0,NA,Other,NA,,NA,,B-ZH-BR,S-ZE-UN,S-ZB-UN,B-ZC-BR,S-ZE-UN,S-ZD-BR,B-ZF-BR,S-ZO-BR,S-ZD-BO,S-ZE-BR,B-ZO-BR,S-ZD-UN,B-ZB-BR,B-ZB-BR,B-ZB-BR,B-ZB-BR,B-ZF-BO,S-ZB-BR,S-ZO-UN,B-ZO-BR
88,2020.05.22 00:00,EURJPY,60,86400,BUY,ZO,0,118.202,117.517,685.0,118.529,117.748,781.0,114.015,33.72,454.0,161.7,118.202,117.748,118.983,BREAK,2020.05.28 18:00,0,,0,,0,,0,NA,NewYork,BREAK,2020.05.29 17:00,BOUNCE,2020.06.01 12:00,117.063,BOUNCE,2020.05.22 13:00,1,2020.05.26 12:00,1,2020.05.27 13:00,1,2020.05.28 18:00,3,6d 5h,NewYork,NA,,NA,,118.656,BOUNCE,2020.05.27 13:00,0,,0,,0,,0,NA,NewYork,NA,,NA,,117.294,BREAK,2020.05.22 11:00,0,,0,,0,,0,NA,London,UNTOUCHED,,NA,,B-ZC-BO,B-ZH-BR,S-ZE-UN,S-ZB-UN,B-ZC-BR,S-ZE-UN,S-ZD-BR,B-ZF-BR,S-ZO-BR,S-ZD-BO,S-ZD-UN,B-ZB-BR,B-ZB-BR,B-ZB-BR,B-ZB-BR,B-ZF-BO,S-ZB-BR,S-ZO-UN,B-ZO-BR,S-ZB-BO
89,2020.05.23 00:00,EURJPY,60,86400,SELL,ZD,1,118.529,117.748,781.0,117.975,116.994,981.0,125.608,70.93,227.0,184.3,117.975,117.748,116.767,UNTOUCHED,,0,,0,,0,,0,NA,Other,NA,,NA,,118.756,BOUNCE,2020.05.27 13:00,1,2020.05.27 18:00,0,,0,,1,5h,NewYork,NA,,NA,,117.521,BREAK,2020.05.23 00:00,0,,0,,0,,0,NA,Asia,BOUNCE,2020.05.25 03:00,NA,,118.202,BOUNCE,2020.05.26 13:00,0,,0,,0,,0,NA,NewYork,NA,,NA,,B-ZO-BR,B-ZC-BO,B-ZH-BR,S-ZE-UN,S-ZB-UN,B-ZC-BR,S-ZE-UN,S-ZD-BR,B-ZF-BR,S-ZO-BR,B-ZB-BR,B-ZB-BR,B-ZB-BR,B-ZB-BR,B-ZF-BO,S-ZB-BR,S-ZO-UN,B-ZO-BR,S-ZB-BO,S-ZD-UN
90,2020.05.27 00:00,EURJPY,60,86400,BUY,ZB,1,117.555,117.082,473.0,118.334,117.273,1061.0,224.313,40.38,282.0,111.6,117.555,117.273,118.616,BREAK,2020.05.27 13:00,0,,0,,0,,0,NA,NewYork,BOUNCE,2020.05.27 16:00,NA,,116.800,UNTOUCHED,,0,,0,,0,,0,NA,Other,NA,,NA,,117.837,BREAK,2020.05.27 00:00,0,,0,,0,,0,NA,Asia,BOUNCE,2020.05.27 04:00,NA,,116.991,UNTOUCHED,,0,,0,,0,,0,NA,Other,NA,,NA,,S-ZD-UN,B-ZO-BR,B-ZC-BO,B-ZH-BR,S-ZE-UN,S-ZB-UN,B-ZC-BR,S-ZE-UN,S-ZD-BR,B-ZF-BR,B-ZB-BR,B-ZB-BR,B-ZB-BR,B-ZF-BO,S-ZB-BR,S-ZO-UN,B-ZO-BR,S-ZB-BO,S-ZD-UN,S-ZF-UN
91,2020.05.28 00:00,EURJPY,60,86400,BUY,ZB,1,118.334,117.273,1061.0,118.908,117.701,1207.0,113.761,40.34,633.0,250.4,118.334,117.701,119.541,BREAK,2020.05.29 17:00,0,,0,,0,,0,NA,NewYork,BREAK,2020.06.02 13:00,BREAK,2020.06.02 16:00,116.640,UNTOUCHED,,0,,0,,0,,0,NA,Other,NA,,NA,,118.967,BREAK,2020.05.28 18:00,0,,0,,0,,0,NA,NewYork,BREAK,2020.05.29 18:00,BREAK,2020.06.02 13:00,117.068,UNTOUCHED,,0,,0,,0,,0,NA,Other,NA,,NA,,B-ZB-BR,S-ZD-UN,B-ZO-BR,B-ZC-BO,B-ZH-BR,S-ZE-UN,S-ZB-UN,B-ZC-BR,S-ZE-UN,S-ZD-BR,B-ZB-BR,B-ZB-BR,B-ZF-BO,S-ZB-BR,S-ZO-UN,B-ZO-BR,S-ZB-BO,S-ZD-UN,S-ZF-UN,B-ZE-BR
92,2020.05.29 00:00,EURJPY,60,86400,BUY,ZB,1,118.908,117.701,1207.0,119.391,118.448,943.0,78.128,61.89,460.0,284.9,118.908,118.448,119.851,BREAK,2020.05.29 18:00,0,,0,,0,,0,NA,NewYork,BREAK,2020.06.02 16:00,BREAK,2020.06.02 17:00,117.241,UNTOUCHED,,0,,0,,0,,0,NA,Other,NA,,NA,,119.368,BREAK,2020.05.29 13:00,0,,0,,0,,0,NA,NewYork,BREAK,2020.06.02 12:00,BREAK,2020.06.02 16:00,117.988,UNTOUCHED,,0,,0,,0,,0,NA,Other,NA,,NA,,B-ZB-BR,B-ZB-BR,S-ZD-UN,B-ZO-BR,B-ZC-BO,B-ZH-BR,S-ZE-UN,S-ZB-UN,B-ZC-BR,S-ZE-UN,B-ZB-BR,B-ZF-BO,S-ZB-BR,S-ZO-UN,B-ZO-BR,S-ZB-BO,S-ZD-UN,S-ZF-UN,B-ZE-BR,S-ZE-UN
93,2020.05.30 00:00,EURJPY,60,86400,BUY,ZB,1,119.391,118.448,943.0,119.898,118.845,1053.0,111.665,42.10,546.0,222.5,119.391,118.845,120.444,BREAK,2020.06.02 13:00,0,,0,,0,,0,NA,NewYork,BREAK,2020.06.02 17:00,BREAK,2020.06.03 04:00,117.902,UNTOUCHED,,0,,0,,0,,0,NA,Other,NA,,NA,,119.937,BREAK,2020.06.01 04:00,0,,0,,0,,0,NA,Asia,BREAK,2020.06.02 16:00,BREAK,2020.06.02 18:00,118.299,UNTOUCHED,,0,,0,,0,,0,NA,Other,NA,,NA,,B-ZB-BR,B-ZB-BR,B-ZB-BR,S-ZD-UN,B-ZO-BR,B-ZC-BO,B-ZH-BR,S-ZE-UN,S-ZB-UN,B-ZC-BR,B-ZF-BO,S-ZB-BR,S-ZO-UN,B-ZO-BR,S-ZB-BO,S-ZD-UN,S-ZF-UN,B-ZE-BR,S-ZE-UN,B-ZC-BR
94,2020.06.03 00:00,EURJPY,60,86400,BUY,ZF,1,119.972,119.421,551.0,121.629,119.621,2008.0,364.428,36.30,351.0,130.0,119.972,119.621,121.980,BOUNCE,2020.06.03 11:00,1,2020.06.11 08:00,0,,0,,1,1w 0d,London,NA,,NA,,119.070,UNTOUCHED,,0,,0,,0,,0,NA,Other,NA,,NA,,120.323,BREAK,2020.06.03 00:00,0,,0,,0,,0,NA,Asia,BREAK,2020.06.03 01:00,BREAK,2020.06.03 02:00,119.270,UNTOUCHED,,0,,0,,0,,0,NA,Other,NA,,NA,,B-ZB-BR,B-ZB-BR,B-ZB-BR,B-ZB-BR,S-ZD-UN,B-ZO-BR,B-ZC-BO,B-ZH-BR,S-ZE-UN,S-ZB-UN,S-ZB-BR,S-ZO-UN,B-ZO-BR,S-ZB-BO,S-ZD-UN,S-ZF-UN,B-ZE-BR,S-ZE-UN,B-ZC-BR,S-ZE-BO
95,2020.06.12 00:00,EURJPY,60,86400,SELL,ZB,1,122.361,121.585,776.0,122.037,120.689,1348.0,173.711,41.75,452.0,183.1,122.037,121.585,120.237,BREAK,2020.06.17 18:00,0,,0,,0,,0,NA,NewYork,BREAK,2020.06.18 18:00,BOUNCE,2020.06.22 09:00,122.813,BOUNCE,2020.07.20 09:00,0,,0,,0,,0,NA,London,NA,,NA,,121.133,BREAK,2020.06.12 00:00,0,,0,,0,,0,NA,Asia,BREAK,2020.06.12 02:00,BREAK,2020.06.18 04:00,122.489,BOUNCE,2020.07.15 05:00,0,,0,,0,,0,NA,Asia,NA,,NA,,B-ZF-BO,B-ZB-BR,B-ZB-BR,B-ZB-BR,B-ZB-BR,S-ZD-UN,B-ZO-BR,B-ZC-BO,B-ZH-BR,S-ZE-UN,S-ZO-UN,B-ZO-BR,S-ZB-BO,S-ZD-UN,S-ZF-UN,B-ZE-BR,S-ZE-UN,B-ZC-BR,S-ZE-BO,B-ZB-BO
96,2020.06.13 00:00,EURJPY,60,86400,SELL,ZO,0,122.037,120.689,1348.0,121.815,120.253,1562.0,115.875,16.47,1126.0,318.1,121.815,120.689,119.127,UNTOUCHED,,0,,0,,0,,0,NA,Other,NA,,NA,,123.163,BREAK,2020.07.21 23:00,0,,0,,0,,0,NA,Other,BOUNCE,2020.07.24 15:00,NA,,119.563,BOUNCE,2020.06.19 18:00,1,2020.07.20 10:00,1,2020.07.21 23:00,0,,2,4w 4d,NewYork,NA,,NA,,122.941,BREAK,2020.07.20 10:00,0,,0,,0,,0,NA,London,BOUNCE,2020.07.24 17:00,NA,,S-ZB-BR,B-ZF-BO,B-ZB-BR,B-ZB-BR,B-ZB-BR,B-ZB-BR,S-ZD-UN,B-ZO-BR,B-ZC-BO,B-ZH-BR,B-ZO-BR,S-ZB-BO,S-ZD-UN,S-ZF-UN,B-ZE-BR,S-ZE-UN,B-ZC-BR,S-ZE-BO,B-ZB-BO,B-ZE-BO
97,2020.06.17 00:00,EURJPY,60,86400,BUY,ZO,0,121.632,120.332,1300.0,122.114,120.471,1643.0,126.385,10.69,1161.0,306.8,121.632,120.471,123.275,BREAK,2020.07.22 03:00,0,,0,,0,,0,NA,Asia,BREAK,2020.07.31 17:00,BREAK,2020.08.12 16:00,119.171,UNTOUCHED,,0,,0,,0,,0,NA,Other,NA,,NA,,122.793,BREAK,2020.07.20 09:00,0,,0,,0,,0,NA,London,BREAK,2020.07.22 17:00,BREAK,2020.08.05 16:00,119.310,BOUNCE,2020.06.22 01:00,1,2020.07.20 09:00,1,2020.07.20 09:00,0,,2,4w 0d,Asia,NA,,NA,,S-ZO-UN,S-ZB-BR,B-ZF-BO,B-ZB-BR,B-ZB-BR,B-ZB-BR,B-ZB-BR,S-ZD-UN,B-ZO-BR,B-ZC-BO,S-ZB-BO,S-ZD-UN,S-ZF-UN,B-ZE-BR,S-ZE-UN,B-ZC-BR,S-ZE-BO,B-ZB-BO,B-ZE-BO,B-ZG-BR
98,2020.06.18 00:00,EURJPY,60,86400,SELL,ZB,1,122.114,120.471,1643.0,121.230,120.148,1082.0,65.855,53.80,759.0,387.7,121.230,120.471,119.389,BOUNCE,2020.06.20 00:00,1,2020.06.23 11:00,1,2020.07.14 14:00,1,2020.07.20 09:00,3,4w 2d,Asia,NA,,NA,,122.873,BREAK,2020.07.20 09:00,0,,0,,0,,0,NA,London,BREAK,2020.07.22 16:00,BREAK,2020.07.31 17:00,119.712,BREAK,2020.06.18 17:00,0,,0,,0,,0,NA,NewYork,UNTOUCHED,,NA,,121.989,BREAK,2020.07.14 14:00,0,,0,,0,,0,NA,NewYork,BREAK,2020.07.21 22:00,BREAK,2020.07.22 16:00,B-ZO-BR,S-ZO-UN,S-ZB-BR,B-ZF-BO,B-ZB-BR,B-ZB-BR,B-ZB-BR,B-ZB-BR,S-ZD-UN,B-ZO-BR,S-ZD-UN,S-ZF-UN,B-ZE-BR,S-ZE-UN,B-ZC-BR,S-ZE-BO,B-ZB-BO,B-ZE-BO,B-ZG-BR,B-ZD-BR
99,2020.06.19 00:00,EURJPY,60,86400,SELL,ZD,1,121.230,120.148,1082.0,120.541,119.587,954.0,88.170,63.68,393.0,255.4,120.541,120.148,119.194,UNTOUCHED,,0,,0,,0,,0,NA,Other,NA,,NA,,121.623,BREAK,2020.07.06 10:00,0,,0,,0,,0,NA,London,BREAK,2020.07.14 18:00,BOUNCE,2020.07.15 17:00,119.755,BOUNCE,2020.06.19 04:00,1,2020.06.23 11:00,1,2020.07.06 10:00,0,,2,2w 3d,Asia,NA,,NA,,120.934,BOUNCE,2020.06.23 11:00,0,,0,,0,,0,NA,London,NA,,NA,,S-ZB-BO,B-ZO-BR,S-ZO-UN,S-ZB-BR,B-ZF-BO,B-ZB-BR,B-ZB-BR,B-ZB-BR,B-ZB-BR,S-ZD-UN,S-ZF-UN,B-ZE-BR,S-ZE-UN,B-ZC-BR,S-ZE-BO,B-ZB-BO,B-ZE-BO,B-ZG-BR,B-ZD-BR,S-ZB-UN
100,2020.06.20 00:00,EURJPY,60,86400,SELL,ZF,0,120.541,119.587,954.0,120.211,119.444,767.0,80.398,34.59,624.0,225.1,120.211,119.587,118.820,UNTOUCHED,,0,,0,,0,,0,NA,Other,NA,,NA,,121.165,BREAK,2020.06.29 17:00,0,,0,,0,,0,NA,NewYork,BOUNCE,2020.07.08 01:00,NA,,118.963,UNTOUCHED,,0,,0,,0,,0,NA,Other,NA,,NA,,120.835,BREAK,2020.06.23 06:00,0,,0,,0,,0,NA,Asia,BOUNCE,2020.07.01 08:00,NA,,S-ZD-UN,S-ZB-BO,B-ZO-BR,S-ZO-UN,S-ZB-BR,B-ZF-BO,B-ZB-BR,B-ZB-BR,B-ZB-BR,B-ZB-BR,B-ZE-BR,S-ZE-UN,B-ZC-BR,S-ZE-BO,B-ZB-BO,B-ZE-BO,B-ZG-BR,B-ZD-BR,S-ZB-UN,B-ZD-BR
101,2020.06.24 00:00,EURJPY,60,86400,BUY,ZE,1,120.441,119.275,1166.0,121.098,119.904,1194.0,102.401,53.95,537.0,275.2,120.441,119.904,121.635,BREAK,2020.07.06 10:00,0,,0,,0,,0,NA,London,BREAK,2020.07.15 04:00,BREAK,2020.07.21 11:00,118.738,UNTOUCHED,,0,,0,,0,,0,NA,Other,NA,,NA,,120.978,BREAK,2020.06.29 14:00,0,,0,,0,,0,NA,NewYork,BREAK,2020.07.06 16:00,BREAK,2020.07.15 02:00,119.367,UNTOUCHED,,0,,0,,0,,0,NA,Other,NA,,NA,,S-ZF-UN,S-ZD-UN,S-ZB-BO,B-ZO-BR,S-ZO-UN,S-ZB-BR,B-ZF-BO,B-ZB-BR,B-ZB-BR,B-ZB-BR,S-ZE-UN,B-ZC-BR,S-ZE-BO,B-ZB-BO,B-ZE-BO,B-ZG-BR,B-ZD-BR,S-ZB-UN,B-ZD-BR,B-ZD-BO
102,2020.06.27 00:00,EURJPY,60,86400,SELL,ZE,1,120.621,120.090,531.0,120.378,119.812,566.0,106.591,45.76,288.0,125.3,120.378,120.090,119.524,UNTOUCHED,,0,,0,,0,,0,NA,Other,NA,,NA,,120.909,BREAK,2020.06.29 14:00,0,,0,,0,,0,NA,NewYork,BREAK,2020.06.29 18:00,BREAK,2020.07.06 09:00,119.802,UNTOUCHED,,0,,0,,0,,0,NA,Other,NA,,NA,,120.666,BREAK,2020.06.29 12:00,0,,0,,0,,0,NA,London,BREAK,2020.06.29 16:00,BOUNCE,2020.06.29 20:00,B-ZE-BR,S-ZF-UN,S-ZD-UN,S-ZB-BO,B-ZO-BR,S-ZO-UN,S-ZB-BR,B-ZF-BO,B-ZB-BR,B-ZB-BR,B-ZC-BR,S-ZE-BO,B-ZB-BO,B-ZE-BO,B-ZG-BR,B-ZD-BR,S-ZB-UN,B-ZD-BR,B-ZD-BO,B-ZB-BR
103,2020.07.01 00:00,EURJPY,60,86400,BUY,ZC,1,121.358,119.965,1393.0,121.423,120.587,836.0,60.014,44.65,771.0,328.7,121.358,120.587,122.194,BREAK,2020.07.14 15:00,0,,0,,0,,0,NA,NewYork,BREAK,2020.07.22 03:00,BREAK,2020.07.22 16:00,119.194,UNTOUCHED,,0,,0,,0,,0,NA,Other,NA,,NA,,122.129,BREAK,2020.07.14 14:00,0,,0,,0,,0,NA,NewYork,BREAK,2020.07.22 02:00,BREAK,2020.07.22 16:00,119.816,UNTOUCHED,,0,,0,,0,,0,NA,Other,NA,,NA,,S-ZE-UN,B-ZE-BR,S-ZF-UN,S-ZD-UN,S-ZB-BO,B-ZO-BR,S-ZO-UN,S-ZB-BR,B-ZF-BO,B-ZB-BR,S-ZE-BO,B-ZB-BO,B-ZE-BO,B-ZG-BR,B-ZD-BR,S-ZB-UN,B-ZD-BR,B-ZD-BO,B-ZB-BR,B-ZO-BR
104,2020.07.04 00:00,EURJPY,60,86400,SELL,ZE,1,121.439,120.748,691.0,120.950,120.611,339.0,49.059,70.77,202.0,163.1,120.950,120.748,120.409,BOUNCE,2020.07.10 10:00,1,2020.07.10 18:00,1,2020.07.13 09:00,1,2020.07.13 17:00,3,3d 7h,London,NA,,NA,,121.641,BOUNCE,2020.07.06 10:00,1,2020.07.07 01:00,1,2020.07.10 08:00,1,2020.07.10 10:00,3,4d 0h,London,NA,,NA,,120.546,BREAK,2020.07.10 08:00,0,,0,,0,,0,NA,London,BOUNCE,2020.07.10 12:00,NA,,121.152,BREAK,2020.07.06 04:00,0,,0,,0,,0,NA,Asia,BREAK,2020.07.06 07:00,BOUNCE,2020.07.06 13:00,B-ZC-BR,S-ZE-UN,B-ZE-BR,S-ZF-UN,S-ZD-UN,S-ZB-BO,B-ZO-BR,S-ZO-UN,S-ZB-BR,B-ZF-BO,B-ZB-BO,B-ZE-BO,B-ZG-BR,B-ZD-BR,S-ZB-UN,B-ZD-BR,B-ZD-BO,B-ZB-BR,B-ZO-BR,S-ZG-BR
105,2020.07.15 00:00,EURJPY,60,86400,BUY,ZB,1,121.963,120.749,1214.0,122.319,121.466,853.0,70.264,59.06,497.0,286.5,121.963,121.466,122.816,BOUNCE,2020.07.20 09:00,0,,0,,0,,0,NA,London,NA,,NA,,120.252,UNTOUCHED,,0,,0,,0,,0,NA,Other,NA,,NA,,122.460,BOUNCE,2020.07.15 04:00,0,,0,,0,,0,NA,Asia,NA,,NA,,120.969,UNTOUCHED,,0,,0,,0,,0,NA,Other,NA,,NA,,S-ZE-BO,B-ZC-BR,S-ZE-UN,B-ZE-BR,S-ZF-UN,S-ZD-UN,S-ZB-BO,B-ZO-BR,S-ZO-UN,S-ZB-BR,B-ZE-BO,B-ZG-BR,B-ZD-BR,S-ZB-UN,B-ZD-BR,B-ZD-BO,B-ZB-BR,B-ZO-BR,S-ZG-BR,S-ZD-BO
106,2020.07.16 00:00,EURJPY,60,86400,BUY,ZE,1,122.319,121.466,853.0,122.498,121.821,677.0,79.367,41.62,498.0,201.3,122.319,121.821,122.996,BOUNCE,2020.07.21 11:00,0,,0,,0,,0,NA,London,NA,,NA,,120.968,UNTOUCHED,,0,,0,,0,,0,NA,Other,NA,,NA,,122.817,BOUNCE,2020.07.20 09:00,0,,0,,0,,0,NA,London,NA,,NA,,121.323,UNTOUCHED,,0,,0,,0,,0,NA,Other,NA,,NA,,B-ZB-BO,S-ZE-BO,B-ZC-BR,S-ZE-UN,B-ZE-BR,S-ZF-UN,S-ZD-UN,S-ZB-BO,B-ZO-BR,S-ZO-UN,B-ZG-BR,B-ZD-BR,S-ZB-UN,B-ZD-BR,B-ZD-BO,B-ZB-BR,B-ZO-BR,S-ZG-BR,S-ZD-BO,B-ZB-BO
107,2020.07.18 00:00,EURJPY,60,86400,BUY,ZG,0,122.501,121.813,688.0,122.575,121.931,644.0,93.605,17.15,570.0,162.4,122.501,121.931,123.145,BREAK,2020.07.21 22:00,0,,0,,0,,0,NA,Other,BREAK,2020.07.22 15:00,BOUNCE,2020.07.23 17:00,121.243,UNTOUCHED,,0,,0,,0,,0,NA,Other,NA,,NA,,123.071,BREAK,2020.07.21 21:00,0,,0,,0,,0,NA,Other,BREAK,2020.07.22 14:00,BOUNCE,2020.07.24 04:00,121.361,UNTOUCHED,,0,,0,,0,,0,NA,Other,NA,,NA,,B-ZE-BO,B-ZB-BO,S-ZE-BO,B-ZC-BR,S-ZE-UN,B-ZE-BR,S-ZF-UN,S-ZD-UN,S-ZB-BO,B-ZO-BR,B-ZD-BR,S-ZB-UN,B-ZD-BR,B-ZD-BO,B-ZB-BR,B-ZO-BR,S-ZG-BR,S-ZD-BO,B-ZB-BO,B-ZB-UN
108,2020.07.22 00:00,EURJPY,60,86400,BUY,ZD,1,122.973,122.042,931.0,123.172,122.470,702.0,75.403,45.97,503.0,219.7,122.973,122.470,123.675,BREAK,2020.07.22 14:00,0,,0,,0,,0,NA,NewYork,BOUNCE,2020.07.24 04:00,NA,,121.539,UNTOUCHED,,0,,0,,0,,0,NA,Other,NA,,NA,,123.476,BREAK,2020.07.22 13:00,0,,0,,0,,0,NA,NewYork,BREAK,2020.07.22 17:00,BREAK,2020.07.31 17:00,121.967,UNTOUCHED,,0,,0,,0,,0,NA,Other,NA,,NA,,B-ZG-BR,B-ZE-BO,B-ZB-BO,S-ZE-BO,B-ZC-BR,S-ZE-UN,B-ZE-BR,S-ZF-UN,S-ZD-UN,S-ZB-BO,S-ZB-UN,B-ZD-BR,B-ZD-BO,B-ZB-BR,B-ZO-BR,S-ZG-BR,S-ZD-BO,B-ZB-BO,B-ZB-UN,S-ZG-BR
109,2020.07.25 00:00,EURJPY,60,86400,SELL,ZB,1,124.239,123.708,531.0,123.965,122.839,1126.0,212.053,51.60,257.0,125.3,123.965,123.708,122.582,UNTOUCHED,,0,,0,,0,,0,NA,Other,NA,,NA,,124.496,BOUNCE,2020.07.31 16:00,0,,0,,0,,0,NA,NewYork,NA,,NA,,123.451,BREAK,2020.07.25 00:00,0,,0,,0,,0,NA,Asia,BREAK,2020.07.28 18:00,UNTOUCHED,,124.222,BOUNCE,2020.07.31 03:00,0,,0,,0,,0,NA,Asia,NA,,NA,,B-ZD-BR,B-ZG-BR,B-ZE-BO,B-ZB-BO,S-ZE-BO,B-ZC-BR,S-ZE-UN,B-ZE-BR,S-ZF-UN,S-ZD-UN,B-ZD-BR,B-ZD-BO,B-ZB-BR,B-ZO-BR,S-ZG-BR,S-ZD-BO,B-ZB-BO,B-ZB-UN,S-ZG-BR,S-ZE-BR
110,2020.07.31 00:00,EURJPY,60,86400,BUY,ZD,1,123.783,123.014,769.0,124.194,123.336,858.0,111.573,41.87,447.0,181.5,123.783,123.336,124.641,BREAK,2020.07.31 17:00,0,,0,,0,,0,NA,NewYork,BOUNCE,2020.07.31 22:00,NA,,122.567,UNTOUCHED,,0,,0,,0,,0,NA,Other,NA,,NA,,124.230,BREAK,2020.07.31 03:00,0,,0,,0,,0,NA,Asia,BREAK,2020.07.31 17:00,BOUNCE,2020.07.31 22:00,122.889,UNTOUCHED,,0,,0,,0,,0,NA,Other,NA,,NA,,S-ZB-UN,B-ZD-BR,B-ZG-BR,B-ZE-BO,B-ZB-BO,S-ZE-BO,B-ZC-BR,S-ZE-UN,B-ZE-BR,S-ZF-UN,B-ZD-BO,B-ZB-BR,B-ZO-BR,S-ZG-BR,S-ZD-BO,B-ZB-BO,B-ZB-UN,S-ZG-BR,S-ZE-BR,S-ZC-BR
111,2020.08.01 00:00,EURJPY,60,86400,BUY,ZD,1,124.194,123.336,858.0,125.207,123.839,1368.0,159.441,58.62,355.0,202.5,124.194,123.839,125.562,BOUNCE,2020.08.06 10:00,1,2020.08.06 15:00,0,,0,,1,5h,London,NA,,NA,,122.981,UNTOUCHED,,0,,0,,0,,0,NA,Other,NA,,NA,,124.549,BREAK,2020.08.01 00:00,0,,0,,0,,0,NA,Asia,BOUNCE,2020.08.03 04:00,NA,,123.484,UNTOUCHED,,0,,0,,0,,0,NA,Other,NA,,NA,,B-ZD-BR,S-ZB-UN,B-ZD-BR,B-ZG-BR,B-ZE-BO,B-ZB-BO,S-ZE-BO,B-ZC-BR,S-ZE-UN,B-ZE-BR,B-ZB-BR,B-ZO-BR,S-ZG-BR,S-ZD-BO,B-ZB-BO,B-ZB-UN,S-ZG-BR,S-ZE-BR,S-ZC-BR,S-ZF-BR
112,2020.08.06 00:00,EURJPY,60,86400,BUY,ZB,1,124.998,124.262,736.0,125.513,124.633,880.0,119.565,50.41,365.0,173.7,124.998,124.633,125.878,BREAK,2020.08.12 16:00,0,,0,,0,,0,NA,NewYork,BREAK,2020.08.13 13:00,BOUNCE,2020.08.13 22:00,123.897,UNTOUCHED,,0,,0,,0,,0,NA,Other,NA,,NA,,125.363,BREAK,2020.08.06 02:00,0,,0,,0,,0,NA,Asia,BREAK,2020.08.12 16:00,BREAK,2020.08.13 12:00,124.268,BOUNCE,2020.09.16 16:00,0,,0,,0,,0,NA,NewYork,NA,,NA,,B-ZD-BO,B-ZD-BR,S-ZB-UN,B-ZD-BR,B-ZG-BR,B-ZE-BO,B-ZB-BO,S-ZE-BO,B-ZC-BR,S-ZE-UN,B-ZO-BR,S-ZG-BR,S-ZD-BO,B-ZB-BO,B-ZB-UN,S-ZG-BR,S-ZE-BR,S-ZC-BR,S-ZF-BR,B-ZF-BR
113,2020.08.07 00:00,EURJPY,60,86400,BUY,ZO,0,125.513,124.633,880.0,125.588,124.652,936.0,106.364,2.16,861.0,207.7,125.513,124.652,126.449,BREAK,2020.08.13 13:00,0,,0,,0,,0,NA,NewYork,UNTOUCHED,,NA,,123.772,BREAK,2020.09.17 04:00,0,,0,,0,,0,NA,Asia,BREAK,2020.09.21 13:00,BREAK,2020.10.30 09:00,126.374,BREAK,2020.08.13 12:00,0,,0,,0,,0,NA,London,UNTOUCHED,,NA,,123.791,BREAK,2020.09.17 04:00,0,,0,,0,,0,NA,Asia,BREAK,2020.09.21 13:00,BREAK,2020.10.30 09:00,B-ZB-BR,B-ZD-BO,B-ZD-BR,S-ZB-UN,B-ZD-BR,B-ZG-BR,B-ZE-BO,B-ZB-BO,S-ZE-BO,B-ZC-BR,S-ZG-BR,S-ZD-BO,B-ZB-BO,B-ZB-UN,S-ZG-BR,S-ZE-BR,S-ZC-BR,S-ZF-BR,B-ZF-BR,B-ZO-BO
114,2020.08.08 00:00,EURJPY,60,86400,SELL,ZG,0,125.588,124.652,936.0,125.391,124.458,933.0,99.679,21.05,739.0,220.9,125.391,124.652,123.719,BREAK,2020.09.17 04:00,0,,0,,0,,0,NA,Asia,BREAK,2020.09.21 12:00,BREAK,2020.10.29 14:00,126.327,BREAK,2020.08.13 12:00,0,,0,,0,,0,NA,London,BOUNCE,2020.09.01 21:00,NA,,123.913,BREAK,2020.09.16 18:00,0,,0,,0,,0,NA,NewYork,BREAK,2020.09.21 12:00,BOUNCE,2020.09.28 17:00,126.130,BREAK,2020.08.12 18:00,0,,0,,0,,0,NA,NewYork,BOUNCE,2020.09.02 05:00,NA,,B-ZO-BR,B-ZB-BR,B-ZD-BO,B-ZD-BR,S-ZB-UN,B-ZD-BR,B-ZG-BR,B-ZE-BO,B-ZB-BO,S-ZE-BO,S-ZD-BO,B-ZB-BO,B-ZB-UN,S-ZG-BR,S-ZE-BR,S-ZC-BR,S-ZF-BR,B-ZF-BR,B-ZO-BO,S-ZO-BR
115,2020.08.11 00:00,EURJPY,60,86400,SELL,ZD,1,124.910,124.827,83.0,124.877,124.335,542.0,653.012,39.76,50.0,19.6,124.877,124.827,124.285,BOUNCE,2020.09.16 16:00,1,2020.09.16 17:00,0,,0,,1,1h,NewYork,NA,,NA,,124.960,BREAK,2020.08.11 13:00,0,,0,,0,,0,NA,NewYork,BREAK,2020.08.11 14:00,BREAK,2020.08.11 15:00,124.777,BREAK,2020.08.11 00:00,0,,0,,0,,0,NA,Asia,BREAK,2020.08.11 01:00,BREAK,2020.08.11 02:00,124.927,BOUNCE,2020.08.11 12:00,1,2020.08.21 12:00,1,2020.08.21 12:00,0,,2,1w 3d,London,NA,,NA,,S-ZG-BR,B-ZO-BR,B-ZB-BR,B-ZD-BO,B-ZD-BR,S-ZB-UN,B-ZD-BR,B-ZG-BR,B-ZE-BO,B-ZB-BO,B-ZB-BO,B-ZB-UN,S-ZG-BR,S-ZE-BR,S-ZC-BR,S-ZF-BR,B-ZF-BR,B-ZO-BO,S-ZO-BR,B-ZO-UN
116,2020.08.13 00:00,EURJPY,60,86400,BUY,ZB,1,125.498,124.302,1196.0,126.212,124.849,1363.0,113.963,45.74,649.0,282.3,125.498,124.849,126.861,BOUNCE,2020.09.01 14:00,1,2020.09.02 18:00,1,2020.09.16 17:00,1,2020.09.17 04:00,3,2w 1d,NewYork,NA,,NA,,123.653,BREAK,2020.09.17 04:00,0,,0,,0,,0,NA,Asia,BREAK,2020.09.21 13:00,BREAK,2020.10.29 13:00,126.147,BREAK,2020.08.13 10:00,0,,0,,0,,0,NA,London,BOUNCE,2020.09.01 23:00,NA,,124.200,BREAK,2020.09.16 17:00,0,,0,,0,,0,NA,NewYork,BOUNCE,2020.09.18 04:00,NA,,S-ZD-BO,S-ZG-BR,B-ZO-BR,B-ZB-BR,B-ZD-BO,B-ZD-BR,S-ZB-UN,B-ZD-BR,B-ZG-BR,B-ZE-BO,B-ZB-UN,S-ZG-BR,S-ZE-BR,S-ZC-BR,S-ZF-BR,B-ZF-BR,B-ZO-BO,S-ZO-BR,B-ZO-UN,B-ZE-UN
117,2020.08.14 00:00,EURJPY,60,86400,BUY,ZB,1,126.212,124.849,1363.0,126.750,125.872,878.0,64.417,75.06,340.0,321.7,126.212,125.872,127.090,UNTOUCHED,,0,,0,,0,,0,NA,Other,NA,,NA,,124.509,BOUNCE,2020.08.21 15:00,1,2020.08.24 13:00,1,2020.08.28 07:00,0,,2,6d 16h,NewYork,NA,,NA,,126.552,BOUNCE,2020.08.28 07:00,1,2020.08.28 14:00,1,2020.09.09 02:00,0,,2,1w 4d,London,NA,,NA,,125.532,BOUNCE,2020.08.18 07:00,1,2020.08.28 07:00,1,2020.08.28 07:00,0,,2,1w 3d,London,NA,,NA,,B-ZB-BO,S-ZD-BO,S-ZG-BR,B-ZO-BR,B-ZB-BR,B-ZD-BO,B-ZD-BR,S-ZB-UN,B-ZD-BR,B-ZG-BR,S-ZG-BR,S-ZE-BR,S-ZC-BR,S-ZF-BR,B-ZF-BR,B-ZO-BO,S-ZO-BR,B-ZO-UN,B-ZE-UN,S-ZE-BR
118,2020.08.15 00:00,EURJPY,60,86400,SELL,ZG,0,126.750,125.872,878.0,126.467,125.738,729.0,83.030,32.23,595.0,207.2,126.467,125.872,125.143,BREAK,2020.08.20 17:00,0,,0,,0,,0,NA,NewYork,BOUNCE,2020.08.24 13:00,NA,,127.345,UNTOUCHED,,0,,0,,0,,0,NA,Other,NA,,NA,,125.277,BREAK,2020.08.20 12:00,0,,0,,0,,0,NA,London,BREAK,2020.08.21 16:00,BREAK,2020.09.16 23:00,127.062,BOUNCE,2020.09.01 17:00,1,2020.09.08 14:00,1,2020.09.08 14:00,0,,2,6d 21h,NewYork,NA,,NA,,B-ZB-UN,B-ZB-BO,S-ZD-BO,S-ZG-BR,B-ZO-BR,B-ZB-BR,B-ZD-BO,B-ZD-BR,S-ZB-UN,B-ZD-BR,S-ZE-BR,S-ZC-BR,S-ZF-BR,B-ZF-BR,B-ZO-BO,S-ZO-BR,B-ZO-UN,B-ZE-UN,S-ZE-BR,S-ZD-BR
119,2020.08.19 00:00,EURJPY,60,86400,SELL,ZE,1,126.460,125.668,792.0,126.089,125.343,746.0,94.192,46.84,421.0,186.9,126.089,125.668,124.922,BREAK,2020.08.21 11:00,0,,0,,0,,0,NA,London,BOUNCE,2020.08.24 02:00,NA,,126.881,BREAK,2020.09.01 14:00,0,,0,,0,,0,NA,NewYork,UNTOUCHED,,NA,,125.247,BOUNCE,2020.08.20 12:00,1,2020.08.28 07:00,1,2020.09.01 14:00,0,,2,1w 5d,London,NA,,NA,,126.510,BREAK,2020.08.28 07:00,0,,0,,0,,0,NA,London,BOUNCE,2020.09.01 20:00,NA,,S-ZG-BR,B-ZB-UN,B-ZB-BO,S-ZD-BO,S-ZG-BR,B-ZO-BR,B-ZB-BR,B-ZD-BO,B-ZD-BR,S-ZB-UN,S-ZC-BR,S-ZF-BR,B-ZF-BR,B-ZO-BO,S-ZO-BR,B-ZO-UN,B-ZE-UN,S-ZE-BR,S-ZD-BR,S-ZO-BR
120,2020.08.21 00:00,EURJPY,60,86400,SELL,ZC,1,126.057,125.366,691.0,125.780,125.080,700.0,101.302,40.09,414.0,163.1,125.780,125.366,124.666,BREAK,2020.08.21 12:00,0,,0,,0,,0,NA,London,BREAK,2020.09.16 18:00,BREAK,2020.09.17 04:00,126.471,BREAK,2020.08.28 07:00,0,,0,,0,,0,NA,London,BREAK,2020.09.01 17:00,UNTOUCHED,,124.952,BREAK,2020.08.21 11:00,0,,0,,0,,0,NA,London,BOUNCE,2020.08.24 02:00,NA,,126.194,BREAK,2020.08.28 05:00,0,,0,,0,,0,NA,Asia,BREAK,2020.08.28 08:00,BOUNCE,2020.09.01 19:00,S-ZE-BR,S-ZG-BR,B-ZB-UN,B-ZB-BO,S-ZD-BO,S-ZG-BR,B-ZO-BR,B-ZB-BR,B-ZD-BO,B-ZD-BR,S-ZF-BR,B-ZF-BR,B-ZO-BO,S-ZO-BR,B-ZO-UN,B-ZE-UN,S-ZE-BR,S-ZD-BR,S-ZO-BR,B-ZC-UN
121,2020.08.22 00:00,EURJPY,60,86400,SELL,ZF,1,125.780,125.080,700.0,125.557,124.440,1117.0,159.571,31.86,477.0,165.2,125.557,125.080,123.963,BREAK,2020.09.16 18:00,0,,0,,0,,0,NA,NewYork,BREAK,2020.09.17 07:00,BREAK,2020.09.21 12:00,126.257,BREAK,2020.08.28 05:00,0,,0,,0,,0,NA,Asia,BOUNCE,2020.08.28 09:00,NA,,124.603,BREAK,2020.09.09 02:00,0,,0,,0,,0,NA,Asia,BREAK,2020.09.16 18:00,BREAK,2020.09.17 07:00,126.034,BOUNCE,2020.08.26 04:00,1,2020.09.09 02:00,1,2020.09.09 02:00,0,,2,1w 6d,Asia,NA,,NA,,S-ZC-BR,S-ZE-BR,S-ZG-BR,B-ZB-UN,B-ZB-BO,S-ZD-BO,S-ZG-BR,B-ZO-BR,B-ZB-BR,B-ZD-BO,B-ZF-BR,B-ZO-BO,S-ZO-BR,B-ZO-UN,B-ZE-UN,S-ZE-BR,S-ZD-BR,S-ZO-BR,B-ZC-UN,S-ZF-BO
122,2020.08.26 00:00,EURJPY,60,86400,BUY,ZF,1,125.342,124.687,655.0,126.028,124.891,1137.0,173.588,31.15,451.0,154.6,125.342,124.891,126.479,BREAK,2020.08.28 07:00,0,,0,,0,,0,NA,London,BOUNCE,2020.09.01 21:00,NA,,124.236,BREAK,2020.09.16 17:00,0,,0,,0,,0,NA,NewYork,BREAK,2020.09.17 04:00,BOUNCE,2020.09.17 19:00,125.793,BREAK,2020.08.26 00:00,0,,0,,0,,0,NA,Asia,BREAK,2020.08.28 06:00,BOUNCE,2020.08.28 09:00,124.440,BOUNCE,2020.09.09 02:00,1,2020.09.10 16:00,1,2020.09.10 16:00,0,,2,1d 14h,Asia,NA,,NA,,S-ZF-BR,S-ZC-BR,S-ZE-BR,S-ZG-BR,B-ZB-UN,B-ZB-BO,S-ZD-BO,S-ZG-BR,B-ZO-BR,B-ZB-BR,B-ZO-BO,S-ZO-BR,B-ZO-UN,B-ZE-UN,S-ZE-BR,S-ZD-BR,S-ZO-BR,B-ZC-UN,S-ZF-BO,S-ZD-BO
123,2020.08.27 00:00,EURJPY,60,86400,BUY,ZO,0,126.028,124.891,1137.0,126.136,125.257,879.0,77.309,32.19,771.0,268.3,126.028,125.257,126.907,BOUNCE,2020.09.01 14:00,1,2020.09.03 10:00,1,2020.09.09 02:00,1,2020.09.16 18:00,3,2w 1d,NewYork,NA,,NA,,124.120,BREAK,2020.09.16 18:00,0,,0,,0,,0,NA,NewYork,BOUNCE,2020.09.18 00:00,NA,,126.799,BREAK,2020.08.31 18:00,0,,0,,0,,0,NA,NewYork,UNTOUCHED,,NA,,124.486,BOUNCE,2020.09.09 02:00,0,,0,,0,,0,NA,Asia,NA,,NA,,B-ZF-BR,S-ZF-BR,S-ZC-BR,S-ZE-BR,S-ZG-BR,B-ZB-UN,B-ZB-BO,S-ZD-BO,S-ZG-BR,B-ZO-BR,S-ZO-BR,B-ZO-UN,B-ZE-UN,S-ZE-BR,S-ZD-BR,S-ZO-BR,B-ZC-UN,S-ZF-BO,S-ZD-BO,B-ZO-BO
124,2020.08.28 00:00,EURJPY,60,86400,SELL,ZO,0,126.136,125.257,879.0,126.090,125.129,961.0,109.329,5.23,833.0,207.4,126.090,125.257,124.296,BREAK,2020.09.16 16:00,0,,0,,0,,0,NA,NewYork,BOUNCE,2020.09.18 04:00,NA,,126.969,BOUNCE,2020.09.01 15:00,1,2020.09.03 10:00,1,2020.09.09 02:00,1,2020.09.16 16:00,3,2w 1d,NewYork,NA,,NA,,124.424,BOUNCE,2020.09.09 02:00,0,,0,,0,,0,NA,Asia,NA,,NA,,126.923,BOUNCE,2020.09.01 14:00,1,2020.09.09 02:00,1,2020.09.09 02:00,0,,2,1w 0d,NewYork,NA,,NA,,B-ZO-BO,B-ZF-BR,S-ZF-BR,S-ZC-BR,S-ZE-BR,S-ZG-BR,B-ZB-UN,B-ZB-BO,S-ZD-BO,S-ZG-BR,B-ZO-UN,B-ZE-UN,S-ZE-BR,S-ZD-BR,S-ZO-BR,B-ZC-UN,S-ZF-BO,S-ZD-BO,B-ZO-BO,S-ZH-BO
125,2020.08.29 00:00,EURJPY,60,86400,BUY,ZO,1,126.090,125.129,961.0,126.777,125.194,1583.0,164.724,6.76,896.0,226.8,126.090,125.194,127.673,UNTOUCHED,,0,,0,,0,,0,NA,Other,NA,,NA,,124.233,BREAK,2020.09.16 17:00,0,,0,,0,,0,NA,NewYork,BOUNCE,2020.09.18 04:00,NA,,126.986,BOUNCE,2020.09.01 17:00,1,2020.09.16 16:00,1,2020.09.16 17:00,0,,2,2w 1d,NewYork,NA,,NA,,124.298,BREAK,2020.09.16 16:00,0,,0,,0,,0,NA,NewYork,BOUNCE,2020.09.18 04:00,NA,,S-ZO-BR,B-ZO-BO,B-ZF-BR,S-ZF-BR,S-ZC-BR,S-ZE-BR,S-ZG-BR,B-ZB-UN,B-ZB-BO,S-ZD-BO,B-ZE-UN,S-ZE-BR,S-ZD-BR,S-ZO-BR,B-ZC-UN,S-ZF-BO,S-ZD-BO,B-ZO-BO,S-ZH-BO,S-ZO-BR
126,2020.09.02 00:00,EURJPY,60,86400,BUY,ZE,1,126.842,125.379,1463.0,127.072,126.135,937.0,64.046,51.67,707.0,345.3,126.842,126.135,127.779,UNTOUCHED,,0,,0,,0,,0,NA,Other,NA,,NA,,124.672,BOUNCE,2020.09.09 01:00,1,2020.09.10 16:00,0,,0,,1,1d 15h,Asia,NA,,NA,,127.549,UNTOUCHED,,0,,0,,0,,0,NA,Other,NA,,NA,,125.428,BREAK,2020.09.03 09:00,0,,0,,0,,0,NA,London,BOUNCE,2020.09.09 16:00,NA,,B-ZO-UN,S-ZO-BR,B-ZO-BO,B-ZF-BR,S-ZF-BR,S-ZC-BR,S-ZE-BR,S-ZG-BR,B-ZB-UN,B-ZB-BO,S-ZE-BR,S-ZD-BR,S-ZO-BR,B-ZC-UN,S-ZF-BO,S-ZD-BO,B-ZO-BO,S-ZH-BO,S-ZO-BR,B-ZB-BR
127,2020.09.04 00:00,EURJPY,60,86400,SELL,ZE,1,126.310,125.549,761.0,126.020,125.281,739.0,97.109,38.11,471.0,179.6,126.020,125.549,124.810,BREAK,2020.09.08 17:00,0,,0,,0,,0,NA,NewYork,BREAK,2020.09.16 18:00,BREAK,2020.09.17 04:00,126.781,UNTOUCHED,,0,,0,,0,,0,NA,Other,NA,,NA,,125.078,BREAK,2020.09.08 16:00,0,,0,,0,,0,NA,NewYork,BREAK,2020.09.09 02:00,BREAK,2020.09.16 18:00,126.491,UNTOUCHED,,0,,0,,0,,0,NA,Other,NA,,NA,,B-ZE-UN,B-ZO-UN,S-ZO-BR,B-ZO-BO,B-ZF-BR,S-ZF-BR,S-ZC-BR,S-ZE-BR,S-ZG-BR,B-ZB-UN,S-ZD-BR,S-ZO-BR,B-ZC-UN,S-ZF-BO,S-ZD-BO,B-ZO-BO,S-ZH-BO,S-ZO-BR,B-ZB-BR,B-ZE-BO
128,2020.09.09 00:00,EURJPY,60,86400,SELL,ZD,1,125.941,125.515,426.0,125.647,124.692,955.0,224.178,69.01,132.0,100.5,125.647,125.515,124.560,BREAK,2020.09.09 02:00,0,,0,,0,,0,NA,Asia,BREAK,2020.09.16 16:00,BREAK,2020.09.16 17:00,126.073,BREAK,2020.09.10 16:00,0,,0,,0,,0,NA,NewYork,BREAK,2020.09.10 17:00,BOUNCE,2020.09.10 18:00,125.383,BREAK,2020.09.09 00:00,0,,0,,0,,0,NA,Asia,BREAK,2020.09.09 01:00,BREAK,2020.09.09 02:00,125.779,BREAK,2020.09.10 16:00,0,,0,,0,,0,NA,NewYork,BREAK,2020.09.10 17:00,BREAK,2020.09.10 18:00,S-ZE-BR,B-ZE-UN,B-ZO-UN,S-ZO-BR,B-ZO-BO,B-ZF-BR,S-ZF-BR,S-ZC-BR,S-ZE-BR,S-ZG-BR,S-ZO-BR,B-ZC-UN,S-ZF-BO,S-ZD-BO,B-ZO-BO,S-ZH-BO,S-ZO-BR,B-ZB-BR,B-ZE-BO,S-ZF-BR
129,2020.09.10 00:00,EURJPY,60,86400,SELL,ZO,0,125.647,124.692,955.0,125.643,124.414,1229.0,128.691,0.42,951.0,225.4,125.643,124.692,123.463,BREAK,2020.09.17 07:00,0,,0,,0,,0,NA,London,BOUNCE,2020.09.29 12:00,NA,,126.598,UNTOUCHED,,0,,0,,0,,0,NA,Other,NA,,NA,,123.741,BREAK,2020.09.17 04:00,0,,0,,0,,0,NA,Asia,BREAK,2020.09.21 15:00,PENDING,,126.594,UNTOUCHED,,0,,0,,0,,0,NA,Other,NA,,NA,,S-ZD-BR,S-ZE-BR,B-ZE-UN,B-ZO-UN,S-ZO-BR,B-ZO-BO,B-ZF-BR,S-ZF-BR,S-ZC-BR,S-ZE-BR,B-ZC-UN,S-ZF-BO,S-ZD-BO,B-ZO-BO,S-ZH-BO,S-ZO-BR,B-ZB-BR,B-ZE-BO,S-ZF-BR,B-ZE-UN
130,2020.09.11 00:00,EURJPY,60,86400,BUY,ZC,1,125.643,124.414,1229.0,126.461,125.281,1180.0,96.013,70.55,362.0,290.0,125.643,125.281,126.823,UNTOUCHED,,0,,0,,0,,0,NA,Other,NA,,NA,,124.052,BREAK,2020.09.16 18:00,0,,0,,0,,0,NA,NewYork,BREAK,2020.09.17 07:00,BOUNCE,2020.09.21 11:00,126.005,BOUNCE,2020.09.11 13:00,1,2020.09.15 18:00,1,2020.09.16 18:00,0,,2,5d 5h,NewYork,NA,,NA,,124.919,BREAK,2020.09.15 18:00,0,,0,,0,,0,NA,NewYork,BREAK,2020.09.16 16:00,BREAK,2020.09.16 18:00,S-ZO-BR,S-ZD-BR,S-ZE-BR,B-ZE-UN,B-ZO-UN,S-ZO-BR,B-ZO-BO,B-ZF-BR,S-ZF-BR,S-ZC-BR,S-ZF-BO,S-ZD-BO,B-ZO-BO,S-ZH-BO,S-ZO-BR,B-ZB-BR,B-ZE-BO,S-ZF-BR,B-ZE-UN,B-ZG-UN
131,2020.09.16 00:00,EURJPY,60,86400,SELL,ZF,1,125.899,125.283,616.0,125.765,124.753,1012.0,164.286,21.75,482.0,145.4,125.765,125.283,124.271,BOUNCE,2020.09.16 16:00,0,,0,,0,,0,NA,NewYork,NA,,NA,,126.381,UNTOUCHED,,0,,0,,0,,0,NA,Other,NA,,NA,,124.801,BREAK,2020.09.16 03:00,0,,0,,0,,0,NA,Asia,BREAK,2020.09.16 17:00,BREAK,2020.09.17 04:00,126.247,UNTOUCHED,,0,,0,,0,,0,NA,Other,NA,,NA,,B-ZC-UN,S-ZO-BR,S-ZD-BR,S-ZE-BR,B-ZE-UN,B-ZO-UN,S-ZO-BR,B-ZO-BO,B-ZF-BR,S-ZF-BR,S-ZD-BO,B-ZO-BO,S-ZH-BO,S-ZO-BR,B-ZB-BR,B-ZE-BO,S-ZF-BR,B-ZE-UN,B-ZG-UN,B-ZG-UN
132,2020.09.17 00:00,EURJPY,60,86400,SELL,ZD,1,125.765,124.753,1012.0,125.014,123.834,1180.0,116.601,74.21,261.0,238.8,125.014,124.753,123.573,BOUNCE,2020.09.17 04:00,1,2020.09.18 00:00,0,,0,,1,20h,Asia,NA,,NA,,126.026,UNTOUCHED,,0,,0,,0,,0,NA,Other,NA,,NA,,124.492,BREAK,2020.09.17 00:00,0,,0,,0,,0,NA,Asia,BREAK,2020.09.17 01:00,BREAK,2020.09.17 04:00,125.275,UNTOUCHED,,0,,0,,0,,0,NA,Other,NA,,NA,,S-ZF-BO,B-ZC-UN,S-ZO-BR,S-ZD-BR,S-ZE-BR,B-ZE-UN,B-ZO-UN,S-ZO-BR,B-ZO-BO,B-ZF-BR,B-ZO-BO,S-ZH-BO,S-ZO-BR,B-ZB-BR,B-ZE-BO,S-ZF-BR,B-ZE-UN,B-ZG-UN,B-ZG-UN,S-ZH-BR
133,2020.09.19 00:00,EURJPY,60,86400,BUY,ZO,0,124.086,123.309,777.0,124.309,123.434,875.0,112.613,16.09,652.0,183.4,124.086,123.434,124.961,BOUNCE,2020.10.09 12:00,1,2020.10.14 05:00,1,2020.10.28 08:00,1,2020.10.28 10:00,3,2w 4d,London,NA,,NA,,122.657,BOUNCE,2020.09.21 13:00,1,2020.09.29 18:00,1,2020.10.07 13:00,1,2020.10.09 12:00,3,2w 3d,NewYork,NA,,NA,,124.738,BREAK,2020.10.07 13:00,0,,0,,0,,0,NA,NewYork,UNTOUCHED,,NA,,122.782,BREAK,2020.09.21 12:00,0,,0,,0,,0,NA,London,BREAK,2020.10.29 14:00,UNTOUCHED,,S-ZD-BO,S-ZF-BO,B-ZC-UN,S-ZO-BR,S-ZD-BR,S-ZE-BR,B-ZE-UN,B-ZO-UN,S-ZO-BR,B-ZO-BO,S-ZH-BO,S-ZO-BR,B-ZB-BR,B-ZE-BO,S-ZF-BR,B-ZE-UN,B-ZG-UN,B-ZG-UN,S-ZH-BR,B-ZB-UN
134,2020.09.22 00:00,EURJPY,60,86400,SELL,ZH,1,123.958,123.811,147.0,123.938,122.514,1424.0,968.707,13.61,127.0,34.7,123.938,123.811,122.387,BOUNCE,2020.09.28 10:00,1,2020.09.28 12:00,1,2020.09.29 20:00,1,2020.09.29 22:00,3,1d 12h,London,NA,,NA,,124.085,BREAK,2020.09.29 22:00,0,,0,,0,,0,NA,Other,BREAK,2020.09.30 06:00,BREAK,2020.10.05 17:00,123.684,BREAK,2020.09.22 00:00,0,,0,,0,,0,NA,Asia,BREAK,2020.09.22 01:00,BREAK,2020.09.22 02:00,124.065,BOUNCE,2020.09.29 20:00,1,2020.09.30 10:00,1,2020.09.30 10:00,0,,2,14h,NewYork,NA,,NA,,B-ZO-BO,S-ZD-BO,S-ZF-BO,B-ZC-UN,S-ZO-BR,S-ZD-BR,S-ZE-BR,B-ZE-UN,B-ZO-UN,S-ZO-BR,S-ZO-BR,B-ZB-BR,B-ZE-BO,S-ZF-BR,B-ZE-UN,B-ZG-UN,B-ZG-UN,S-ZH-BR,B-ZB-UN,S-ZG-BR
135,2020.09.24 00:00,EURJPY,60,86400,SELL,ZO,0,123.273,122.655,618.0,123.190,122.573,617.0,99.838,13.43,535.0,145.8,123.190,122.655,122.038,BREAK,2020.10.29 14:00,0,,0,,0,,0,NA,NewYork,UNTOUCHED,,NA,,123.808,BREAK,2020.09.29 17:00,0,,0,,0,,0,NA,NewYork,BREAK,2020.10.05 18:00,BREAK,2020.10.09 16:00,122.120,BREAK,2020.10.29 13:00,0,,0,,0,,0,NA,NewYork,UNTOUCHED,,NA,,123.725,BREAK,2020.09.29 17:00,0,,0,,0,,0,NA,NewYork,BREAK,2020.10.05 17:00,BREAK,2020.10.09 12:00,S-ZH-BO,B-ZO-BO,S-ZD-BO,S-ZF-BO,B-ZC-UN,S-ZO-BR,S-ZD-BR,S-ZE-BR,B-ZE-UN,B-ZO-UN,B-ZB-BR,B-ZE-BO,S-ZF-BR,B-ZE-UN,B-ZG-UN,B-ZG-UN,S-ZH-BR,B-ZB-UN,S-ZG-BR,S-ZH-BR
136,2020.09.30 00:00,EURJPY,60,86400,BUY,ZB,1,123.206,122.377,829.0,124.114,123.006,1108.0,133.655,75.87,200.0,195.6,123.206,123.006,124.314,BREAK,2020.10.05 17:00,0,,0,,0,,0,NA,NewYork,BOUNCE,2020.10.06 12:00,NA,,122.177,BREAK,2020.10.29 13:00,0,,0,,0,,0,NA,NewYork,BOUNCE,2020.10.29 16:00,NA,,123.406,BREAK,2020.09.30 00:00,0,,0,,0,,0,NA,Asia,BREAK,2020.09.30 01:00,BREAK,2020.09.30 02:00,122.806,BREAK,2020.10.28 08:00,0,,0,,0,,0,NA,London,BREAK,2020.10.28 14:00,BREAK,2020.10.28 15:00,S-ZO-BR,S-ZH-BO,B-ZO-BO,S-ZD-BO,S-ZF-BO,B-ZC-UN,S-ZO-BR,S-ZD-BR,S-ZE-BR,B-ZE-UN,B-ZE-BO,S-ZF-BR,B-ZE-UN,B-ZG-UN,B-ZG-UN,S-ZH-BR,B-ZB-UN,S-ZG-BR,S-ZH-BR,S-ZD-BO
137,2020.10.01 00:00,EURJPY,60,86400,BUY,ZE,1,124.114,123.006,1108.0,124.247,123.528,719.0,64.892,47.11,586.0,261.5,124.114,123.528,124.833,BOUNCE,2020.10.07 15:00,1,2020.10.14 05:00,1,2020.10.28 06:00,1,2020.10.28 14:00,3,2w 6d,NewYork,NA,,NA,,122.420,BREAK,2020.10.28 14:00,0,,0,,0,,0,NA,NewYork,BOUNCE,2020.10.30 17:00,NA,,124.700,BOUNCE,2020.10.05 20:00,1,2020.10.28 06:00,1,2020.10.28 14:00,0,,2,3w 1d,NewYork,NA,,NA,,122.942,BREAK,2020.10.28 06:00,0,,0,,0,,0,NA,Asia,BREAK,2020.10.29 13:00,BOUNCE,2020.10.30 17:00,B-ZB-BR,S-ZO-BR,S-ZH-BO,B-ZO-BO,S-ZD-BO,S-ZF-BO,B-ZC-UN,S-ZO-BR,S-ZD-BR,S-ZE-BR,S-ZF-BR,B-ZE-UN,B-ZG-UN,B-ZG-UN,S-ZH-BR,B-ZB-UN,S-ZG-BR,S-ZH-BR,S-ZD-BO,S-ZB-UN
138,2020.10.03 00:00,EURJPY,60,86400,SELL,ZF,1,124.203,123.558,645.0,124.012,123.019,993.0,153.953,29.61,454.0,152.2,124.012,123.558,122.565,BREAK,2020.10.28 12:00,0,,0,,0,,0,NA,London,BREAK,2020.10.29 14:00,BOUNCE,2020.10.30 16:00,124.657,BOUNCE,2020.10.05 20:00,1,2020.10.14 05:00,1,2020.10.15 16:00,1,2020.10.28 12:00,3,3w 1d,NewYork,NA,,NA,,123.104,BOUNCE,2020.10.15 16:00,1,2020.10.20 13:00,1,2020.10.20 13:00,0,,2,4d 21h,NewYork,NA,,NA,,124.466,BREAK,2020.10.05 18:00,0,,0,,0,,0,NA,NewYork,BREAK,2020.10.09 17:00,UNTOUCHED,,B-ZE-BO,B-ZB-BR,S-ZO-BR,S-ZH-BO,B-ZO-BO,S-ZD-BO,S-ZF-BO,B-ZC-UN,S-ZO-BR,S-ZD-BR,B-ZE-UN,B-ZG-UN,B-ZG-UN,S-ZH-BR,B-ZB-UN,S-ZG-BR,S-ZH-BR,S-ZD-BO,S-ZB-UN,S-ZE-UN
139,2020.10.07 00:00,EURJPY,60,86400,BUY,ZE,1,124.709,123.286,1423.0,124.729,123.843,886.0,62.263,39.14,866.0,335.8,124.709,123.843,125.595,UNTOUCHED,,0,,0,,0,,0,NA,Other,NA,,NA,,122.420,BREAK,2020.10.28 14:00,0,,0,,0,,0,NA,NewYork,UNTOUCHED,,NA,,125.575,UNTOUCHED,,0,,0,,0,,0,NA,Other,NA,,NA,,122.977,BREAK,2020.10.28 04:00,0,,0,,0,,0,NA,Asia,BREAK,2020.10.30 09:00,UNTOUCHED,,S-ZF-BR,B-ZE-BO,B-ZB-BR,S-ZO-BR,S-ZH-BO,B-ZO-BO,S-ZD-BO,S-ZF-BO,B-ZC-UN,S-ZO-BR,B-ZG-UN,B-ZG-UN,S-ZH-BR,B-ZB-UN,S-ZG-BR,S-ZH-BR,S-ZD-BO,S-ZB-UN,S-ZE-UN,B-ZF-BO
140,2020.10.08 00:00,EURJPY,60,86400,BUY,ZG,0,124.729,123.843,886.0,124.874,123.865,1009.0,113.883,2.48,864.0,209.1,124.729,123.865,125.738,UNTOUCHED,,0,,0,,0,,0,NA,Other,NA,,NA,,122.979,BREAK,2020.10.28 04:00,0,,0,,0,,0,NA,Asia,BREAK,2020.10.29 17:00,UNTOUCHED,,125.593,UNTOUCHED,,0,,0,,0,,0,NA,Other,NA,,NA,,123.001,BREAK,2020.10.28 02:00,0,,0,,0,,0,NA,Asia,BREAK,2020.10.29 17:00,UNTOUCHED,,B-ZE-UN,S-ZF-BR,B-ZE-BO,B-ZB-BR,S-ZO-BR,S-ZH-BO,B-ZO-BO,S-ZD-BO,S-ZF-BO,B-ZC-UN,B-ZG-UN,S-ZH-BR,B-ZB-UN,S-ZG-BR,S-ZH-BR,S-ZD-BO,S-ZB-UN,S-ZE-UN,B-ZF-BO,B-ZO-BO
141,2020.10.10 00:00,EURJPY,60,86400,BUY,ZG,0,124.871,124.361,510.0,125.085,124.511,574.0,112.549,29.41,360.0,120.4,124.871,124.511,125.445,UNTOUCHED,,0,,0,,0,,0,NA,Other,NA,,NA,,124.001,BREAK,2020.10.13 18:00,0,,0,,0,,0,NA,NewYork,BREAK,2020.10.14 19:00,BREAK,2020.10.15 16:00,125.231,UNTOUCHED,,0,,0,,0,,0,NA,Other,NA,,NA,,124.151,BREAK,2020.10.13 11:00,0,,0,,0,,0,NA,London,BREAK,2020.10.14 05:00,BREAK,2020.10.15 12:00,B-ZG-UN,B-ZE-UN,S-ZF-BR,B-ZE-BO,B-ZB-BR,S-ZO-BR,S-ZH-BO,B-ZO-BO,S-ZD-BO,S-ZF-BO,S-ZH-BR,B-ZB-UN,S-ZG-BR,S-ZH-BR,S-ZD-BO,S-ZB-UN,S-ZE-UN,B-ZF-BO,B-ZO-BO,B-ZG-BR
142,2020.10.16 00:00,EURJPY,60,86400,SELL,ZH,1,123.943,123.471,472.0,123.771,123.015,756.0,160.169,36.44,300.0,111.4,123.771,123.471,122.715,BREAK,2020.10.28 10:00,0,,0,,0,,0,NA,London,BREAK,2020.10.28 14:00,BREAK,2020.10.29 14:00,124.243,BREAK,2020.10.19 18:00,0,,0,,0,,0,NA,NewYork,BREAK,2020.10.20 13:00,BREAK,2020.10.20 18:00,123.171,BOUNCE,2020.10.16 07:00,1,2020.10.19 15:00,1,2020.10.19 18:00,0,,2,3d 11h,London,NA,,NA,,124.071,BREAK,2020.10.19 15:00,0,,0,,0,,0,NA,NewYork,BREAK,2020.10.20 13:00,BREAK,2020.10.20 15:00,B-ZG-UN,B-ZG-UN,B-ZE-UN,S-ZF-BR,B-ZE-BO,B-ZB-BR,S-ZO-BR,S-ZH-BO,B-ZO-BO,S-ZD-BO,B-ZB-UN,S-ZG-BR,S-ZH-BR,S-ZD-BO,S-ZB-UN,S-ZE-UN,B-ZF-BO,B-ZO-BO,B-ZG-BR,S-ZG-BR
143,2020.10.21 00:00,EURJPY,60,86400,BUY,ZB,1,124.337,123.362,975.0,124.997,123.981,1016.0,104.205,63.49,356.0,230.1,124.337,123.981,125.353,UNTOUCHED,,0,,0,,0,,0,NA,Other,NA,,NA,,123.006,BREAK,2020.10.28 02:00,0,,0,,0,,0,NA,Asia,BREAK,2020.10.28 14:00,BOUNCE,2020.10.28 20:00,124.693,BOUNCE,2020.10.21 00:00,1,2020.10.23 05:00,1,2020.10.28 02:00,0,,2,1w 0d,Asia,NA,,NA,,123.625,BOUNCE,2020.10.23 05:00,1,2020.11.09 16:00,1,2020.11.09 16:00,0,,2,2w 3d,Asia,NA,,NA,,S-ZH-BR,B-ZG-UN,B-ZG-UN,B-ZE-UN,S-ZF-BR,B-ZE-BO,B-ZB-BR,S-ZO-BR,S-ZH-BO,B-ZO-BO,S-ZG-BR,S-ZH-BR,S-ZD-BO,S-ZB-UN,S-ZE-UN,B-ZF-BO,B-ZO-BO,B-ZG-BR,S-ZG-BR,S-ZO-BR
144,2020.10.22 00:00,EURJPY,60,86400,SELL,ZG,0,124.997,123.981,1016.0,124.835,123.910,925.0,91.043,15.94,854.0,239.8,124.835,123.981,123.056,BREAK,2020.10.28 01:00,0,,0,,0,,0,NA,Asia,BREAK,2020.10.29 14:00,UNTOUCHED,,125.851,BREAK,2020.12.02 00:00,0,,0,,0,,0,NA,Asia,BOUNCE,2020.12.11 19:00,NA,,123.127,BREAK,2020.10.28 01:00,0,,0,,0,,0,NA,Asia,BREAK,2020.10.29 14:00,UNTOUCHED,,125.689,BREAK,2020.12.01 19:00,0,,0,,0,,0,NA,NewYork,BREAK,2020.12.18 12:00,BOUNCE,2021.01.12 02:00,B-ZB-UN,S-ZH-BR,B-ZG-UN,B-ZG-UN,B-ZE-UN,S-ZF-BR,B-ZE-BO,B-ZB-BR,S-ZO-BR,S-ZH-BO,S-ZH-BR,S-ZD-BO,S-ZB-UN,S-ZE-UN,B-ZF-BO,B-ZO-BO,B-ZG-BR,S-ZG-BR,S-ZO-BR,S-ZG-BR
145,2020.10.27 00:00,EURJPY,60,86400,SELL,ZH,1,124.225,124.142,83.0,124.201,123.772,429.0,516.867,28.92,59.0,19.6,124.201,124.142,123.713,BREAK,2020.10.27 04:00,0,,0,,0,,0,NA,Asia,BREAK,2020.10.27 12:00,BREAK,2020.10.27 13:00,124.284,BREAK,2020.11.09 16:00,0,,0,,0,,0,NA,NewYork,BREAK,2020.11.09 17:00,BREAK,2020.11.09 18:00,124.083,BREAK,2020.10.27 00:00,0,,0,,0,,0,NA,Asia,BREAK,2020.10.27 01:00,BREAK,2020.10.27 02:00,124.260,BREAK,2020.11.09 16:00,0,,0,,0,,0,NA,NewYork,BREAK,2020.11.09 17:00,BREAK,2020.11.09 18:00,S-ZG-BR,B-ZB-UN,S-ZH-BR,B-ZG-UN,B-ZG-UN,B-ZE-UN,S-ZF-BR,B-ZE-BO,B-ZB-BR,S-ZO-BR,S-ZD-BO,S-ZB-UN,S-ZE-UN,B-ZF-BO,B-ZO-BO,B-ZG-BR,S-ZG-BR,S-ZO-BR,S-ZG-BR,S-ZC-BR
146,2020.10.28 00:00,EURJPY,60,86400,SELL,ZD,1,124.201,123.772,429.0,123.992,123.377,615.0,143.357,48.72,220.0,101.2,123.992,123.772,123.157,BOUNCE,2020.10.28 00:00,1,2020.11.09 15:00,1,2020.11.09 16:00,1,2020.11.09 16:00,3,1w 5d,Asia,NA,,NA,,124.421,BREAK,2020.11.09 16:00,0,,0,,0,,0,NA,NewYork,BREAK,2020.11.09 17:00,BREAK,2020.11.09 18:00,123.552,BREAK,2020.10.28 00:00,0,,0,,0,,0,NA,Asia,BREAK,2020.10.28 01:00,BREAK,2020.10.28 02:00,124.212,BREAK,2020.11.09 16:00,0,,0,,0,,0,NA,NewYork,BREAK,2020.11.09 17:00,BREAK,2020.11.09 18:00,S-ZH-BR,S-ZG-BR,B-ZB-UN,S-ZH-BR,B-ZG-UN,B-ZG-UN,B-ZE-UN,S-ZF-BR,B-ZE-BO,B-ZB-BR,S-ZB-UN,S-ZE-UN,B-ZF-BO,B-ZO-BO,B-ZG-BR,S-ZG-BR,S-ZO-BR,S-ZG-BR,S-ZC-BR,S-ZB-BO
147,2020.10.30 00:00,EURJPY,60,86400,SELL,ZB,1,123.422,122.185,1237.0,122.887,121.891,996.0,80.517,43.25,702.0,291.9,122.887,122.185,121.189,UNTOUCHED,,0,,0,,0,,0,NA,Other,NA,,NA,,124.124,BREAK,2020.11.09 16:00,0,,0,,0,,0,NA,NewYork,BREAK,2020.11.09 18:00,BREAK,2020.12.01 23:00,121.483,UNTOUCHED,,0,,0,,0,,0,NA,Other,NA,,NA,,123.589,BREAK,2020.11.09 15:00,0,,0,,0,,0,NA,NewYork,BREAK,2020.11.09 16:00,BOUNCE,2020.11.10 03:00,S-ZD-BO,S-ZH-BR,S-ZG-BR,B-ZB-UN,S-ZH-BR,B-ZG-UN,B-ZG-UN,B-ZE-UN,S-ZF-BR,B-ZE-BO,S-ZE-UN,B-ZF-BO,B-ZO-BO,B-ZG-BR,S-ZG-BR,S-ZO-BR,S-ZG-BR,S-ZC-BR,S-ZB-BO,S-ZE-UN
148,2020.10.31 00:00,EURJPY,60,86400,SELL,ZE,1,122.887,121.891,996.0,122.462,121.616,846.0,84.940,42.67,571.0,235.1,122.462,121.891,121.045,UNTOUCHED,,0,,0,,0,,0,NA,Other,NA,,NA,,123.458,BREAK,2020.11.09 15:00,0,,0,,0,,0,NA,NewYork,BREAK,2020.11.09 16:00,BREAK,2020.11.09 17:00,121.320,UNTOUCHED,,0,,0,,0,,0,NA,Other,NA,,NA,,123.033,BOUNCE,2020.11.04 03:00,0,,0,,0,,0,NA,Asia,NA,,NA,,S-ZB-UN,S-ZD-BO,S-ZH-BR,S-ZG-BR,B-ZB-UN,S-ZH-BR,B-ZG-UN,B-ZG-UN,B-ZE-UN,S-ZF-BR,B-ZF-BO,B-ZO-BO,B-ZG-BR,S-ZG-BR,S-ZO-BR,S-ZG-BR,S-ZC-BR,S-ZB-BO,S-ZE-UN,B-ZE-BR
149,2020.11.04 00:00,EURJPY,60,86400,BUY,ZF,1,122.150,121.700,450.0,122.750,121.795,955.0,212.222,21.11,355.0,106.2,122.150,121.795,123.105,BOUNCE,2020.11.05 15:00,1,2020.11.05 20:00,0,,0,,1,5h,NewYork,NA,,NA,,121.345,UNTOUCHED,,0,,0,,0,,0,NA,Other,NA,,NA,,122.505,BREAK,2020.11.04 01:00,0,,0,,0,,0,NA,Asia,BREAK,2020.11.04 03:00,BREAK,2020.11.09 15:00,121.440,UNTOUCHED,,0,,0,,0,,0,NA,Other,NA,,NA,,S-ZE-UN,S-ZB-UN,S-ZD-BO,S-ZH-BR,S-ZG-BR,B-ZB-UN,S-ZH-BR,B-ZG-UN,B-ZG-UN,B-ZE-UN,B-ZO-BO,B-ZG-BR,S-ZG-BR,S-ZO-BR,S-ZG-BR,S-ZC-BR,S-ZB-BO,S-ZE-UN,B-ZE-BR,B-ZD-BR
150,2020.11.05 00:00,EURJPY,60,86400,BUY,ZO,0,122.750,121.795,955.0,123.068,121.957,1111.0,116.335,16.96,793.0,225.4,122.750,121.957,123.861,BOUNCE,2020.11.09 15:00,0,,0,,0,,0,NA,NewYork,NA,,NA,,121.002,UNTOUCHED,,0,,0,,0,,0,NA,Other,NA,,NA,,123.543,BREAK,2020.11.09 15:00,0,,0,,0,,0,NA,NewYork,BREAK,2020.11.09 16:00,BOUNCE,2020.11.10 03:00,121.164,UNTOUCHED,,0,,0,,0,,0,NA,Other,NA,,NA,,B-ZF-BO,S-ZE-UN,S-ZB-UN,S-ZD-BO,S-ZH-BR,S-ZG-BR,B-ZB-UN,S-ZH-BR,B-ZG-UN,B-ZG-UN,B-ZG-BR,S-ZG-BR,S-ZO-BR,S-ZG-BR,S-ZC-BR,S-ZB-BO,S-ZE-UN,B-ZE-BR,B-ZD-BR,S-ZO-UN
151,2020.11.06 00:00,EURJPY,60,86400,BUY,ZG,0,123.068,121.957,1111.0,123.184,122.210,974.0,87.669,22.77,858.0,262.2,123.068,122.210,124.042,BREAK,2020.11.09 16:00,0,,0,,0,,0,NA,NewYork,BOUNCE,2020.11.10 05:00,NA,,121.099,UNTOUCHED,,0,,0,,0,,0,NA,Other,NA,,NA,,123.926,BREAK,2020.11.09 16:00,0,,0,,0,,0,NA,NewYork,BREAK,2020.11.09 18:00,BREAK,2020.12.02 00:00,121.352,UNTOUCHED,,0,,0,,0,,0,NA,Other,NA,,NA,,B-ZO-BO,B-ZF-BO,S-ZE-UN,S-ZB-UN,S-ZD-BO,S-ZH-BR,S-ZG-BR,B-ZB-UN,S-ZH-BR,B-ZG-UN,S-ZG-BR,S-ZO-BR,S-ZG-BR,S-ZC-BR,S-ZB-BO,S-ZE-UN,B-ZE-BR,B-ZD-BR,S-ZO-UN,B-ZF-BO
152,2020.11.12 00:00,EURJPY,60,86400,SELL,ZG,0,124.758,123.988,770.0,124.674,123.919,755.0,98.052,10.91,686.0,181.7,124.674,123.988,123.233,BREAK,2020.11.18 17:00,0,,0,,0,,0,NA,NewYork,UNTOUCHED,,NA,,125.444,BREAK,2020.12.01 19:00,0,,0,,0,,0,NA,NewYork,BREAK,2020.12.02 17:00,BREAK,2020.12.18 12:00,123.302,BREAK,2020.11.18 15:00,0,,0,,0,,0,NA,NewYork,UNTOUCHED,,NA,,125.360,BREAK,2020.12.01 19:00,0,,0,,0,,0,NA,NewYork,BREAK,2020.12.02 11:00,BOUNCE,2020.12.11 13:00,B-ZG-BR,B-ZO-BO,B-ZF-BO,S-ZE-UN,S-ZB-UN,S-ZD-BO,S-ZH-BR,S-ZG-BR,B-ZB-UN,S-ZH-BR,S-ZO-BR,S-ZG-BR,S-ZC-BR,S-ZB-BO,S-ZE-UN,B-ZE-BR,B-ZD-BR,S-ZO-UN,B-ZF-BO,B-ZO-BO
153,2020.11.13 00:00,EURJPY,60,86400,SELL,ZO,0,124.674,123.919,755.0,124.501,123.684,817.0,108.212,22.91,582.0,178.2,124.501,123.919,123.102,BREAK,2020.11.18 19:00,0,,0,,0,,0,NA,NewYork,UNTOUCHED,,NA,,125.256,BREAK,2020.12.01 18:00,0,,0,,0,,0,NA,NewYork,BREAK,2020.12.02 05:00,BREAK,2020.12.03 05:00,123.337,BREAK,2020.11.18 14:00,0,,0,,0,,0,NA,NewYork,UNTOUCHED,,NA,,125.083,BOUNCE,2020.11.30 18:00,0,,0,,0,,0,NA,NewYork,NA,,NA,,S-ZG-BR,B-ZG-BR,B-ZO-BO,B-ZF-BO,S-ZE-UN,S-ZB-UN,S-ZD-BO,S-ZH-BR,S-ZG-BR,B-ZB-UN,S-ZG-BR,S-ZC-BR,S-ZB-BO,S-ZE-UN,B-ZE-BR,B-ZD-BR,S-ZO-UN,B-ZF-BO,B-ZO-BO,S-ZE-BR
154,2020.11.14 00:00,EURJPY,60,86400,SELL,ZG,0,124.501,123.684,817.0,124.301,123.657,644.0,78.825,24.48,617.0,192.8,124.301,123.684,123.040,BREAK,2020.11.18 19:00,0,,0,,0,,0,NA,NewYork,UNTOUCHED,,NA,,125.118,BOUNCE,2020.11.30 18:00,0,,0,,0,,0,NA,NewYork,NA,,NA,,123.067,BREAK,2020.11.18 19:00,0,,0,,0,,0,NA,NewYork,UNTOUCHED,,NA,,124.918,BREAK,2020.11.30 13:00,0,,0,,0,,0,NA,NewYork,BREAK,2020.12.01 19:00,BREAK,2020.12.02 19:00,S-ZO-BR,S-ZG-BR,B-ZG-BR,B-ZO-BO,B-ZF-BO,S-ZE-UN,S-ZB-UN,S-ZD-BO,S-ZH-BR,S-ZG-BR,S-ZC-BR,S-ZB-BO,S-ZE-UN,B-ZE-BR,B-ZD-BR,S-ZO-UN,B-ZF-BO,B-ZO-BO,S-ZE-BR,B-ZG-BO
155,2020.11.18 00:00,EURJPY,60,86400,SELL,ZC,1,124.441,123.625,816.0,124.024,123.516,508.0,62.255,51.10,399.0,192.6,124.024,123.625,123.117,BREAK,2020.11.18 19:00,0,,0,,0,,0,NA,NewYork,UNTOUCHED,,NA,,124.840,BREAK,2020.11.30 12:00,0,,0,,0,,0,NA,London,BREAK,2020.12.01 19:00,BREAK,2020.12.02 00:00,123.226,BREAK,2020.11.18 17:00,0,,0,,0,,0,NA,NewYork,UNTOUCHED,,NA,,124.423,BOUNCE,2020.11.25 06:00,0,,0,,0,,0,NA,Asia,NA,,NA,,S-ZG-BR,S-ZO-BR,S-ZG-BR,B-ZG-BR,B-ZO-BO,B-ZF-BO,S-ZE-UN,S-ZB-UN,S-ZD-BO,S-ZH-BR,S-ZB-BO,S-ZE-UN,B-ZE-BR,B-ZD-BR,S-ZO-UN,B-ZF-BO,B-ZO-BO,S-ZE-BR,B-ZG-BO,S-ZG-UN
156,2020.11.19 00:00,EURJPY,60,86400,SELL,ZB,1,124.024,123.516,508.0,123.648,123.017,631.0,124.213,74.02,132.0,119.9,123.648,123.516,122.885,BOUNCE,2020.11.19 05:00,1,2020.11.19 11:00,1,2020.11.24 00:00,1,2020.11.24 18:00,3,5d 13h,Asia,NA,,NA,,124.156,BOUNCE,2020.11.24 18:00,0,,0,,0,,0,NA,NewYork,NA,,NA,,123.384,BREAK,2020.11.19 00:00,0,,0,,0,,0,NA,Asia,BREAK,2020.11.19 01:00,BREAK,2020.11.19 02:00,123.780,BOUNCE,2020.11.24 00:00,0,,0,,0,,0,NA,Asia,NA,,NA,,S-ZC-BR,S-ZG-BR,S-ZO-BR,S-ZG-BR,B-ZG-BR,B-ZO-BO,B-ZF-BO,S-ZE-UN,S-ZB-UN,S-ZD-BO,S-ZE-UN,B-ZE-BR,B-ZD-BR,S-ZO-UN,B-ZF-BO,B-ZO-BO,S-ZE-BR,B-ZG-BO,S-ZG-UN,B-ZO-BO
157,2020.11.20 00:00,EURJPY,60,86400,SELL,ZE,1,123.648,123.017,631.0,123.267,122.846,421.0,66.719,60.38,250.0,148.9,123.267,123.017,122.596,UNTOUCHED,,0,,0,,0,,0,NA,Other,NA,,NA,,123.898,BREAK,2020.11.24 08:00,0,,0,,0,,0,NA,London,BREAK,2020.11.24 19:00,BOUNCE,2020.11.25 13:00,122.767,UNTOUCHED,,0,,0,,0,,0,NA,Other,NA,,NA,,123.517,BOUNCE,2020.11.23 18:00,0,,0,,0,,0,NA,NewYork,NA,,NA,,S-ZB-BO,S-ZC-BR,S-ZG-BR,S-ZO-BR,S-ZG-BR,B-ZG-BR,B-ZO-BO,B-ZF-BO,S-ZE-UN,S-ZB-UN,B-ZE-BR,B-ZD-BR,S-ZO-UN,B-ZF-BO,B-ZO-BO,S-ZE-BR,B-ZG-BO,S-ZG-UN,B-ZO-BO,S-ZE-BR
158,2020.11.21 00:00,EURJPY,60,86400,BUY,ZE,1,123.267,122.846,421.0,123.482,123.009,473.0,112.352,38.72,258.0,99.4,123.267,123.009,123.740,BREAK,2020.11.23 23:00,0,,0,,0,,0,NA,Other,BREAK,2020.11.24 16:00,BREAK,2020.11.25 03:00,122.588,UNTOUCHED,,0,,0,,0,,0,NA,Other,NA,,NA,,123.525,BOUNCE,2020.11.23 18:00,0,,0,,0,,0,NA,NewYork,NA,,NA,,122.751,UNTOUCHED,,0,,0,,0,,0,NA,Other,NA,,NA,,S-ZE-UN,S-ZB-BO,S-ZC-BR,S-ZG-BR,S-ZO-BR,S-ZG-BR,B-ZG-BR,B-ZO-BO,B-ZF-BO,S-ZE-UN,B-ZD-BR,S-ZO-UN,B-ZF-BO,B-ZO-BO,S-ZE-BR,B-ZG-BO,S-ZG-UN,B-ZO-BO,S-ZE-BR,B-ZB-BR
159,2020.11.26 00:00,EURJPY,60,86400,BUY,ZD,1,124.349,123.630,719.0,124.508,124.145,363.0,50.487,71.63,204.0,169.7,124.349,124.145,124.712,BREAK,2020.11.30 12:00,0,,0,,0,,0,NA,London,BREAK,2020.11.30 18:00,BOUNCE,2020.12.01 17:00,123.426,UNTOUCHED,,0,,0,,0,,0,NA,Other,NA,,NA,,124.553,BOUNCE,2020.11.26 10:00,1,2020.11.26 16:00,0,,0,,1,6h,London,NA,,NA,,123.941,BOUNCE,2020.11.26 16:00,1,2020.11.30 03:00,1,2020.11.30 03:00,0,,2,3d 11h,NewYork,NA,,NA,,B-ZE-BR,S-ZE-UN,S-ZB-BO,S-ZC-BR,S-ZG-BR,S-ZO-BR,S-ZG-BR,B-ZG-BR,B-ZO-BO,B-ZF-BO,S-ZO-UN,B-ZF-BO,B-ZO-BO,S-ZE-BR,B-ZG-BO,S-ZG-UN,B-ZO-BO,S-ZE-BR,B-ZB-BR,B-ZE-BO
160,2020.11.28 00:00,EURJPY,60,86400,SELL,ZO,0,124.568,123.909,659.0,124.448,123.901,547.0,83.005,18.21,539.0,155.5,124.448,123.909,123.362,UNTOUCHED,,0,,0,,0,,0,NA,Other,NA,,NA,,125.107,BOUNCE,2020.11.30 18:00,0,,0,,0,,0,NA,NewYork,NA,,NA,,123.370,UNTOUCHED,,0,,0,,0,,0,NA,Other,NA,,NA,,124.987,BOUNCE,2020.11.30 18:00,0,,0,,0,,0,NA,NewYork,NA,,NA,,B-ZD-BR,B-ZE-BR,S-ZE-UN,S-ZB-BO,S-ZC-BR,S-ZG-BR,S-ZO-BR,S-ZG-BR,B-ZG-BR,B-ZO-BO,B-ZF-BO,B-ZO-BO,S-ZE-BR,B-ZG-BO,S-ZG-UN,B-ZO-BO,S-ZE-BR,B-ZB-BR,B-ZE-BO,S-ZO-BR
161,2020.12.02 00:00,EURJPY,60,86400,BUY,ZF,1,125.125,124.305,820.0,125.826,124.370,1456.0,177.561,7.93,755.0,193.5,125.125,124.370,126.581,BOUNCE,2020.12.03 05:00,0,,0,,0,,0,NA,Asia,NA,,NA,,123.550,UNTOUCHED,,0,,0,,0,,0,NA,Other,NA,,NA,,125.880,BREAK,2020.12.02 00:00,0,,0,,0,,0,NA,Asia,BOUNCE,2020.12.08 04:00,NA,,123.615,UNTOUCHED,,0,,0,,0,,0,NA,Other,NA,,NA,,S-ZO-UN,B-ZD-BR,B-ZE-BR,S-ZE-UN,S-ZB-BO,S-ZC-BR,S-ZG-BR,S-ZO-BR,S-ZG-BR,B-ZG-BR,B-ZO-BO,S-ZE-BR,B-ZG-BO,S-ZG-UN,B-ZO-BO,S-ZE-BR,B-ZB-BR,B-ZE-BO,S-ZO-BR,B-ZO-BR
162,2020.12.04 00:00,EURJPY,60,86400,BUY,ZO,0,126.549,125.769,780.0,126.654,126.030,624.0,80.000,33.46,519.0,184.1,126.549,126.030,127.173,BOUNCE,2020.12.29 17:00,1,2020.12.31 22:00,0,,0,,1,2d 5h,NewYork,NA,,NA,,125.250,UNTOUCHED,,0,,0,,0,,0,NA,Other,NA,,NA,,127.068,BOUNCE,2020.12.29 12:00,0,,0,,0,,0,NA,London,NA,,NA,,125.511,UNTOUCHED,,0,,0,,0,,0,NA,Other,NA,,NA,,B-ZF-BO,S-ZO-UN,B-ZD-BR,B-ZE-BR,S-ZE-UN,S-ZB-BO,S-ZC-BR,S-ZG-BR,S-ZO-BR,S-ZG-BR,S-ZE-BR,B-ZG-BO,S-ZG-UN,B-ZO-BO,S-ZE-BR,B-ZB-BR,B-ZE-BO,S-ZO-BR,B-ZO-BR,S-ZE-BR
163,2020.12.09 00:00,EURJPY,60,86400,SELL,ZE,1,126.484,125.972,512.0,126.257,125.859,398.0,77.734,44.34,285.0,120.8,126.257,125.972,125.574,BREAK,2021.01.15 19:00,0,,0,,0,,0,NA,NewYork,BREAK,2021.01.18 09:00,UNTOUCHED,,126.769,BREAK,2020.12.18 12:00,0,,0,,0,,0,NA,London,BREAK,2020.12.29 17:00,BREAK,2021.01.07 19:00,125.687,BREAK,2021.01.15 12:00,0,,0,,0,,0,NA,London,BREAK,2021.01.18 05:00,BOUNCE,2021.01.19 05:00,126.542,BOUNCE,2020.12.10 13:00,1,2021.01.15 12:00,1,2021.01.15 12:00,0,,2,5w 0d,NewYork,NA,,NA,,B-ZO-BO,B-ZF-BO,S-ZO-UN,B-ZD-BR,B-ZE-BR,S-ZE-UN,S-ZB-BO,S-ZC-BR,S-ZG-BR,S-ZO-BR,B-ZG-BO,S-ZG-UN,B-ZO-BO,S-ZE-BR,B-ZB-BR,B-ZE-BO,S-ZO-BR,B-ZO-BR,S-ZE-BR,B-ZC-BR
164,2020.12.11 00:00,EURJPY,60,86400,BUY,ZG,0,126.517,125.784,733.0,126.738,125.792,946.0,129.059,1.09,725.0,173.0,126.517,125.792,127.463,BOUNCE,2021.01.07 19:00,1,2021.01.14 19:00,0,,0,,1,1w 0d,NewYork,NA,,NA,,125.059,UNTOUCHED,,0,,0,,0,,0,NA,Other,NA,,NA,,127.242,BREAK,2021.01.06 19:00,0,,0,,0,,0,NA,NewYork,BREAK,2021.02.16 05:00,BREAK,2021.02.25 01:00,125.067,UNTOUCHED,,0,,0,,0,,0,NA,Other,NA,,NA,,S-ZE-BR,B-ZO-BO,B-ZF-BO,S-ZO-UN,B-ZD-BR,B-ZE-BR,S-ZE-UN,S-ZB-BO,S-ZC-BR,S-ZG-BR,S-ZG-UN,B-ZO-BO,S-ZE-BR,B-ZB-BR,B-ZE-BO,S-ZO-BR,B-ZO-BR,S-ZE-BR,B-ZC-BR,B-ZC-UN
165,2020.12.12 00:00,EURJPY,60,86400,SELL,ZG,0,126.738,125.792,946.0,126.610,125.784,826.0,87.315,13.53,818.0,223.3,126.610,125.792,124.966,UNTOUCHED,,0,,0,,0,,0,NA,Other,NA,,NA,,127.556,UNTOUCHED,,0,,0,,0,,0,NA,Other,NA,,NA,,124.974,UNTOUCHED,,0,,0,,0,,0,NA,Other,NA,,NA,,127.428,BOUNCE,2021.01.07 19:00,0,,0,,0,,0,NA,NewYork,NA,,NA,,B-ZG-BO,S-ZE-BR,B-ZO-BO,B-ZF-BO,S-ZO-UN,B-ZD-BR,B-ZE-BR,S-ZE-UN,S-ZB-BO,S-ZC-BR,B-ZO-BO,S-ZE-BR,B-ZB-BR,B-ZE-BO,S-ZO-BR,B-ZO-BR,S-ZE-BR,B-ZC-BR,B-ZC-UN,S-ZG-BR
166,2020.12.16 00:00,EURJPY,60,86400,BUY,ZO,0,126.513,125.917,596.0,126.588,125.956,632.0,106.040,6.54,557.0,140.7,126.513,125.956,127.145,BOUNCE,2020.12.29 16:00,1,2021.01.14 19:00,1,2021.01.18 02:00,1,2021.01.18 04:00,3,2w 5d,NewYork,NA,,NA,,125.360,BREAK,2021.01.18 04:00,0,,0,,0,,0,NA,Asia,UNTOUCHED,,NA,,127.070,BREAK,2020.12.29 14:00,0,,0,,0,,0,NA,NewYork,UNTOUCHED,,NA,,125.399,BREAK,2021.01.18 02:00,0,,0,,0,,0,NA,Asia,UNTOUCHED,,NA,,S-ZG-UN,B-ZG-BO,S-ZE-BR,B-ZO-BO,B-ZF-BO,S-ZO-UN,B-ZD-BR,B-ZE-BR,S-ZE-UN,S-ZB-BO,S-ZE-BR,B-ZB-BR,B-ZE-BO,S-ZO-BR,B-ZO-BR,S-ZE-BR,B-ZC-BR,B-ZC-UN,S-ZG-BR,S-ZF-BR
167,2020.12.17 00:00,EURJPY,60,86400,SELL,ZE,1,126.588,125.956,632.0,126.344,125.706,638.0,100.949,38.61,388.0,149.2,126.344,125.956,125.318,BREAK,2021.01.18 05:00,0,,0,,0,,0,NA,Asia,UNTOUCHED,,NA,,126.976,BOUNCE,2020.12.18 12:00,1,2020.12.21 05:00,1,2021.01.15 19:00,1,2021.01.18 05:00,3,4w 2d,London,NA,,NA,,125.568,BREAK,2021.01.15 19:00,0,,0,,0,,0,NA,NewYork,BOUNCE,2021.01.19 05:00,NA,,126.732,BREAK,2020.12.18 11:00,0,,0,,0,,0,NA,London,BOUNCE,2020.12.30 12:00,NA,,B-ZO-BO,S-ZG-UN,B-ZG-BO,S-ZE-BR,B-ZO-BO,B-ZF-BO,S-ZO-UN,B-ZD-BR,B-ZE-BR,S-ZE-UN,B-ZB-BR,B-ZE-BO,S-ZO-BR,B-ZO-BR,S-ZE-BR,B-ZC-BR,B-ZC-UN,S-ZG-BR,S-ZF-BR,S-ZG-BR
168,2020.12.18 00:00,EURJPY,60,86400,BUY,ZB,1,126.344,125.706,638.0,126.519,126.013,506.0,79.310,48.12,331.0,150.6,126.344,126.013,126.850,BREAK,2020.12.18 12:00,0,,0,,0,,0,NA,London,BOUNCE,2020.12.29 19:00,NA,,125.375,BREAK,2021.01.18 02:00,0,,0,,0,,0,NA,Asia,UNTOUCHED,,NA,,126.675,BREAK,2020.12.18 07:00,0,,0,,0,,0,NA,London,BREAK,2020.12.29 17:00,BREAK,2021.01.07 22:00,125.682,BREAK,2021.01.15 12:00,0,,0,,0,,0,NA,London,BREAK,2021.01.18 08:00,UNTOUCHED,,S-ZE-BR,B-ZO-BO,S-ZG-UN,B-ZG-BO,S-ZE-BR,B-ZO-BO,B-ZF-BO,S-ZO-UN,B-ZD-BR,B-ZE-BR,B-ZE-BO,S-ZO-BR,B-ZO-BR,S-ZE-BR,B-ZC-BR,B-ZC-UN,S-ZG-BR,S-ZF-BR,S-ZG-BR,B-ZF-BR
169,2020.12.19 00:00,EURJPY,60,86400,BUY,ZE,1,126.519,126.013,506.0,127.012,126.386,626.0,123.715,73.72,133.0,119.4,126.519,126.386,127.145,BOUNCE,2020.12.29 17:00,1,2020.12.29 19:00,1,2020.12.31 19:00,1,2021.01.15 11:00,3,2w 2d,NewYork,NA,,NA,,125.880,BREAK,2021.01.15 11:00,0,,0,,0,,0,NA,London,BREAK,2021.01.15 15:00,BREAK,2021.01.15 19:00,126.652,BOUNCE,2020.12.22 16:00,1,2020.12.22 19:00,1,2021.01.15 11:00,0,,2,3w 2d,NewYork,NA,,NA,,126.253,BREAK,2020.12.21 04:00,0,,0,,0,,0,NA,Asia,BREAK,2020.12.21 06:00,BOUNCE,2020.12.21 09:00,B-ZB-BR,S-ZE-BR,B-ZO-BO,S-ZG-UN,B-ZG-BO,S-ZE-BR,B-ZO-BO,B-ZF-BO,S-ZO-UN,B-ZD-BR,S-ZO-BR,B-ZO-BR,S-ZE-BR,B-ZC-BR,B-ZC-UN,S-ZG-BR,S-ZF-BR,S-ZG-BR,B-ZF-BR,B-ZB-BR
170,2020.12.22 00:00,EURJPY,60,86400,SELL,ZO,1,126.631,126.422,209.0,126.605,125.911,694.0,332.057,12.44,183.0,49.3,126.605,126.422,125.728,BREAK,2021.01.15 12:00,0,,0,,0,,0,NA,London,BREAK,2021.01.15 19:00,BREAK,2021.01.18 05:00,126.814,BOUNCE,2020.12.28 18:00,1,2020.12.31 15:00,1,2020.12.31 19:00,1,2021.01.15 12:00,3,2w 3d,NewYork,NA,,NA,,126.239,BREAK,2020.12.22 12:00,0,,0,,0,,0,NA,London,BREAK,2020.12.23 01:00,BREAK,2021.01.15 11:00,126.788,BREAK,2020.12.28 18:00,0,,0,,0,,0,NA,NewYork,BREAK,2020.12.29 11:00,BREAK,2020.12.29 17:00,B-ZE-BO,B-ZB-BR,S-ZE-BR,B-ZO-BO,S-ZG-UN,B-ZG-BO,S-ZE-BR,B-ZO-BO,B-ZF-BO,S-ZO-UN,B-ZO-BR,S-ZE-BR,B-ZC-BR,B-ZC-UN,S-ZG-BR,S-ZF-BR,S-ZG-BR,B-ZF-BR,B-ZB-BR,S-ZG-BR
171,2020.12.23 00:00,EURJPY,60,86400,BUY,ZO,0,126.605,125.911,694.0,126.657,126.026,631.0,90.922,16.57,579.0,163.8,126.605,126.026,127.236,BREAK,2021.01.06 19:00,0,,0,,0,,0,NA,NewYork,BREAK,2021.02.16 04:00,BOUNCE,2021.02.17 12:00,125.332,BREAK,2021.01.18 04:00,0,,0,,0,,0,NA,Asia,UNTOUCHED,,NA,,127.184,BOUNCE,2020.12.29 17:00,1,2021.01.15 19:00,1,2021.01.18 04:00,0,,2,2w 5d,NewYork,NA,,NA,,125.447,BREAK,2021.01.15 19:00,0,,0,,0,,0,NA,NewYork,UNTOUCHED,,NA,,S-ZO-BR,B-ZE-BO,B-ZB-BR,S-ZE-BR,B-ZO-BO,S-ZG-UN,B-ZG-BO,S-ZE-BR,B-ZO-BO,B-ZF-BO,S-ZE-BR,B-ZC-BR,B-ZC-UN,S-ZG-BR,S-ZF-BR,S-ZG-BR,B-ZF-BR,B-ZB-BR,S-ZG-BR,S-ZE-BR
172,2020.12.24 00:00,EURJPY,60,86400,SELL,ZE,1,126.657,126.026,631.0,126.377,125.937,440.0,69.731,44.37,351.0,148.9,126.377,126.026,125.586,BREAK,2021.01.15 19:00,0,,0,,0,,0,NA,NewYork,BOUNCE,2021.01.19 06:00,NA,,127.008,BREAK,2020.12.29 11:00,0,,0,,0,,0,NA,London,BOUNCE,2021.01.08 13:00,NA,,125.675,BREAK,2021.01.15 12:00,0,,0,,0,,0,NA,London,BREAK,2021.01.18 09:00,UNTOUCHED,,126.728,BOUNCE,2020.12.28 13:00,1,2021.01.15 12:00,1,2021.01.15 12:00,0,,2,2w 3d,NewYork,NA,,NA,,B-ZO-BR,S-ZO-BR,B-ZE-BO,B-ZB-BR,S-ZE-BR,B-ZO-BO,S-ZG-UN,B-ZG-BO,S-ZE-BR,B-ZO-BO,B-ZC-BR,B-ZC-UN,S-ZG-BR,S-ZF-BR,S-ZG-BR,B-ZF-BR,B-ZB-BR,S-ZG-BR,S-ZE-BR,S-ZF-BR
173,2020.12.28 02:00,EURJPY,60,86400,BUY,ZC,1,126.377,125.937,440.0,126.500,126.109,391.0,88.864,39.09,268.0,103.8,126.377,126.109,126.768,BREAK,2020.12.28 18:00,0,,0,,0,,0,NA,NewYork,BREAK,2020.12.29 16:00,BREAK,2021.01.07 19:00,125.669,BREAK,2021.01.15 12:00,0,,0,,0,,0,NA,London,BREAK,2021.01.18 05:00,BOUNCE,2021.01.19 05:00,126.645,BOUNCE,2020.12.28 13:00,1,2021.01.15 11:00,1,2021.01.15 12:00,0,,2,2w 3d,NewYork,NA,,NA,,125.841,BREAK,2021.01.15 11:00,0,,0,,0,,0,NA,London,BREAK,2021.01.15 19:00,BREAK,2021.01.18 08:00,S-ZE-BR,B-ZO-BR,S-ZO-BR,B-ZE-BO,B-ZB-BR,S-ZE-BR,B-ZO-BO,S-ZG-UN,B-ZG-BO,S-ZE-BR,B-ZC-UN,S-ZG-BR,S-ZF-BR,S-ZG-BR,B-ZF-BR,B-ZB-BR,S-ZG-BR,S-ZE-BR,S-ZF-BR,S-ZD-BR
174,2020.12.30 00:00,EURJPY,60,86400,BUY,ZC,1,126.955,126.046,909.0,127.232,126.668,564.0,62.046,68.43,287.0,214.5,126.955,126.668,127.519,UNTOUCHED,,0,,0,,0,,0,NA,Other,NA,,NA,,125.759,BREAK,2021.01.15 12:00,0,,0,,0,,0,NA,London,BREAK,2021.01.18 05:00,BOUNCE,2021.01.19 05:00,127.242,BOUNCE,2021.01.06 19:00,1,2021.01.13 17:00,1,2021.01.15 12:00,0,,2,1w 1d,NewYork,NA,,NA,,126.381,BREAK,2020.12.31 16:00,0,,0,,0,,0,NA,NewYork,BOUNCE,2021.01.04 03:00,NA,,B-ZC-BR,S-ZE-BR,B-ZO-BR,S-ZO-BR,B-ZE-BO,B-ZB-BR,S-ZE-BR,B-ZO-BO,S-ZG-UN,B-ZG-BO,S-ZG-BR,S-ZF-BR,S-ZG-BR,B-ZF-BR,B-ZB-BR,S-ZG-BR,S-ZE-BR,S-ZF-BR,S-ZD-BR,S-ZB-BO
175,2020.12.31 00:00,EURJPY,60,86400,SELL,ZG,0,127.232,126.668,564.0,127.135,126.464,671.0,118.972,17.20,467.0,133.1,127.135,126.668,125.997,BREAK,2021.01.14 19:00,0,,0,,0,,0,NA,NewYork,BREAK,2021.01.18 02:00,UNTOUCHED,,127.699,UNTOUCHED,,0,,0,,0,,0,NA,Other,NA,,NA,,126.201,BOUNCE,2020.12.31 19:00,0,,0,,0,,0,NA,NewYork,NA,,NA,,127.602,UNTOUCHED,,0,,0,,0,,0,NA,Other,NA,,NA,,B-ZC-UN,B-ZC-BR,S-ZE-BR,B-ZO-BR,S-ZO-BR,B-ZE-BO,B-ZB-BR,S-ZE-BR,B-ZO-BO,S-ZG-UN,S-ZF-BR,S-ZG-BR,B-ZF-BR,B-ZB-BR,S-ZG-BR,S-ZE-BR,S-ZF-BR,S-ZD-BR,S-ZB-BO,S-ZH-UN
176,2021.01.01 00:00,EURJPY,60,86400,SELL,ZF,0,127.135,126.464,671.0,127.030,126.123,907.0,135.171,15.65,566.0,158.4,127.030,126.464,125.557,BREAK,2021.01.15 19:00,0,,0,,0,,0,NA,NewYork,UNTOUCHED,,NA,,127.701,UNTOUCHED,,0,,0,,0,,0,NA,Other,NA,,NA,,125.898,BREAK,2021.01.15 11:00,0,,0,,0,,0,NA,London,BREAK,2021.01.18 09:00,UNTOUCHED,,127.596,UNTOUCHED,,0,,0,,0,,0,NA,Other,NA,,NA,,S-ZG-BR,B-ZC-UN,B-ZC-BR,S-ZE-BR,B-ZO-BR,S-ZO-BR,B-ZE-BO,B-ZB-BR,S-ZE-BR,B-ZO-BO,S-ZG-BR,B-ZF-BR,B-ZB-BR,S-ZG-BR,S-ZE-BR,S-ZF-BR,S-ZD-BR,S-ZB-BO,S-ZH-UN,B-ZF-BR
177,2021.01.06 00:00,EURJPY,60,86400,SELL,ZG,0,126.793,126.070,723.0,126.554,126.048,506.0,69.986,33.06,484.0,170.6,126.554,126.070,125.564,BREAK,2021.01.15 19:00,0,,0,,0,,0,NA,NewYork,UNTOUCHED,,NA,,127.277,BREAK,2021.01.07 11:00,0,,0,,0,,0,NA,London,BREAK,2021.02.15 13:00,BREAK,2021.02.17 03:00,125.586,BREAK,2021.01.15 19:00,0,,0,,0,,0,NA,NewYork,BOUNCE,2021.01.19 06:00,NA,,127.038,BREAK,2021.01.06 17:00,0,,0,,0,,0,NA,NewYork,BREAK,2021.02.15 12:00,BREAK,2021.02.16 06:00,S-ZF-BR,S-ZG-BR,B-ZC-UN,B-ZC-BR,S-ZE-BR,B-ZO-BR,S-ZO-BR,B-ZE-BO,B-ZB-BR,S-ZE-BR,B-ZF-BR,B-ZB-BR,S-ZG-BR,S-ZE-BR,S-ZF-BR,S-ZD-BR,S-ZB-BO,S-ZH-UN,B-ZF-BR,S-ZO-UN
178,2021.01.07 00:00,EURJPY,60,86400,BUY,ZF,1,126.554,126.048,506.0,127.244,126.138,1106.0,218.577,17.79,416.0,119.4,126.554,126.138,127.660,BREAK,2021.02.15 12:00,0,,0,,0,,0,NA,London,BREAK,2021.02.16 06:00,BREAK,2021.02.24 12:00,125.632,BREAK,2021.01.15 15:00,0,,0,,0,,0,NA,NewYork,BREAK,2021.01.18 16:00,UNTOUCHED,,126.970,BREAK,2021.01.07 00:00,0,,0,,0,,0,NA,Asia,BOUNCE,2021.01.08 13:00,NA,,125.722,BREAK,2021.01.15 12:00,0,,0,,0,,0,NA,London,BREAK,2021.01.18 09:00,UNTOUCHED,,S-ZG-BR,S-ZF-BR,S-ZG-BR,B-ZC-UN,B-ZC-BR,S-ZE-BR,B-ZO-BR,S-ZO-BR,B-ZE-BO,B-ZB-BR,B-ZB-BR,S-ZG-BR,S-ZE-BR,S-ZF-BR,S-ZD-BR,S-ZB-BO,S-ZH-UN,B-ZF-BR,S-ZO-UN,B-ZB-BR
179,2021.01.08 00:00,EURJPY,60,86400,BUY,ZB,1,127.244,126.138,1106.0,127.492,126.892,600.0,54.250,68.17,352.0,261.0,127.244,126.892,127.844,BREAK,2021.02.15 13:00,0,,0,,0,,0,NA,NewYork,BOUNCE,2021.02.17 12:00,NA,,125.786,BREAK,2021.01.15 12:00,0,,0,,0,,0,NA,London,BREAK,2021.01.18 09:00,UNTOUCHED,,127.596,BREAK,2021.02.15 10:00,0,,0,,0,,0,NA,London,BREAK,2021.02.16 06:00,BOUNCE,2021.02.17 12:00,126.540,BREAK,2021.01.12 02:00,0,,0,,0,,0,NA,Asia,BREAK,2021.01.14 20:00,BREAK,2021.01.15 19:00,B-ZF-BR,S-ZG-BR,S-ZF-BR,S-ZG-BR,B-ZC-UN,B-ZC-BR,S-ZE-BR,B-ZO-BR,S-ZO-BR,B-ZE-BO,S-ZG-BR,S-ZE-BR,S-ZF-BR,S-ZD-BR,S-ZB-BO,S-ZH-UN,B-ZF-BR,S-ZO-UN,B-ZB-BR,B-ZF-BR
180,2021.01.09 00:00,EURJPY,60,86400,SELL,ZG,0,127.492,126.892,600.0,127.465,126.813,652.0,108.667,4.50,573.0,141.6,127.465,126.892,126.240,BREAK,2021.01.13 21:00,0,,0,,0,,0,NA,Other,BREAK,2021.01.15 19:00,BOUNCE,2021.01.19 06:00,128.065,BREAK,2021.02.16 05:00,0,,0,,0,,0,NA,Asia,BREAK,2021.02.24 15:00,BREAK,2021.02.25 12:00,126.319,BREAK,2021.01.13 17:00,0,,0,,0,,0,NA,NewYork,BREAK,2021.01.15 19:00,BOUNCE,2021.01.19 06:00,128.038,BREAK,2021.02.16 04:00,0,,0,,0,,0,NA,Asia,BREAK,2021.02.24 15:00,BREAK,2021.02.25 12:00,B-ZB-BR,B-ZF-BR,S-ZG-BR,S-ZF-BR,S-ZG-BR,B-ZC-UN,B-ZC-BR,S-ZE-BR,B-ZO-BR,S-ZO-BR,S-ZE-BR,S-ZF-BR,S-ZD-BR,S-ZB-BO,S-ZH-UN,B-ZF-BR,S-ZO-UN,B-ZB-BR,B-ZF-BR,S-ZF-BR
181,2021.01.13 00:00,EURJPY,60,86400,SELL,ZE,1,127.081,126.560,521.0,126.865,126.451,414.0,79.463,41.46,305.0,123.0,126.865,126.560,126.146,BREAK,2021.01.14 17:00,0,,0,,0,,0,NA,NewYork,BREAK,2021.01.15 12:00,BREAK,2021.01.15 19:00,127.386,BREAK,2021.02.15 03:00,0,,0,,0,,0,NA,Asia,BREAK,2021.02.15 13:00,BREAK,2021.02.16 05:00,126.255,BREAK,2021.01.13 21:00,0,,0,,0,,0,NA,Other,BREAK,2021.01.15 11:00,BREAK,2021.01.15 19:00,127.170,BREAK,2021.01.29 17:00,0,,0,,0,,0,NA,NewYork,BREAK,2021.02.15 10:00,BREAK,2021.02.15 13:00,S-ZG-BR,B-ZB-BR,B-ZF-BR,S-ZG-BR,S-ZF-BR,S-ZG-BR,B-ZC-UN,B-ZC-BR,S-ZE-BR,B-ZO-BR,S-ZF-BR,S-ZD-BR,S-ZB-BO,S-ZH-UN,B-ZF-BR,S-ZO-UN,B-ZB-BR,B-ZF-BR,S-ZF-BR,S-ZD-UN
182,2021.01.14 00:00,EURJPY,60,86400,SELL,ZF,0,126.865,126.451,414.0,126.763,126.208,555.0,134.058,24.64,312.0,97.7,126.763,126.451,125.896,BREAK,2021.01.15 11:00,0,,0,,0,,0,NA,London,BREAK,2021.01.15 19:00,BREAK,2021.01.18 09:00,127.177,BREAK,2021.01.29 17:00,0,,0,,0,,0,NA,NewYork,BREAK,2021.02.15 10:00,BREAK,2021.02.15 13:00,126.139,BREAK,2021.01.14 17:00,0,,0,,0,,0,NA,NewYork,BREAK,2021.01.15 12:00,BREAK,2021.01.15 19:00,127.075,BOUNCE,2021.01.29 13:00,1,2021.02.04 13:00,1,2021.02.04 13:00,0,,2,6d 0h,NewYork,NA,,NA,,S-ZE-BR,S-ZG-BR,B-ZB-BR,B-ZF-BR,S-ZG-BR,S-ZF-BR,S-ZG-BR,B-ZC-UN,B-ZC-BR,S-ZE-BR,S-ZD-BR,S-ZB-BO,S-ZH-UN,B-ZF-BR,S-ZO-UN,B-ZB-BR,B-ZF-BR,S-ZF-BR,S-ZD-UN,S-ZC-UN
183,2021.01.15 00:00,EURJPY,60,86400,SELL,ZD,1,126.763,126.208,555.0,126.524,125.926,598.0,107.748,43.06,316.0,131.0,126.524,126.208,125.610,BREAK,2021.01.15 19:00,0,,0,,0,,0,NA,NewYork,BREAK,2021.01.18 09:00,UNTOUCHED,,127.079,BOUNCE,2021.01.29 13:00,1,2021.02.02 14:00,0,,0,,1,4d 1h,NewYork,NA,,NA,,125.892,BREAK,2021.01.15 11:00,0,,0,,0,,0,NA,London,BREAK,2021.01.15 19:00,BREAK,2021.01.18 16:00,126.840,BREAK,2021.01.29 13:00,0,,0,,0,,0,NA,NewYork,BREAK,2021.01.29 18:00,BREAK,2021.02.15 10:00,S-ZF-BR,S-ZE-BR,S-ZG-BR,B-ZB-BR,B-ZF-BR,S-ZG-BR,S-ZF-BR,S-ZG-BR,B-ZC-UN,B-ZC-BR,S-ZB-BO,S-ZH-UN,B-ZF-BR,S-ZO-UN,B-ZB-BR,B-ZF-BR,S-ZF-BR,S-ZD-UN,S-ZC-UN,S-ZG-UN
184,2021.01.16 00:00,EURJPY,60,86400,SELL,ZB,1,126.524,125.926,598.0,126.197,125.401,796.0,133.110,54.68,271.0,141.1,126.197,125.926,125.130,BOUNCE,2021.01.18 16:00,1,2021.01.19 06:00,1,2021.01.28 17:00,1,2021.01.29 12:00,3,1w 3d,NewYork,NA,,NA,,126.795,BOUNCE,2021.01.29 12:00,1,2021.02.03 13:00,0,,0,,1,5d 1h,London,NA,,NA,,125.655,BREAK,2021.01.16 00:00,0,,0,,0,,0,NA,Asia,BREAK,2021.01.18 05:00,BOUNCE,2021.01.19 05:00,126.468,BOUNCE,2021.01.28 17:00,0,,0,,0,,0,NA,NewYork,NA,,NA,,S-ZD-BR,S-ZF-BR,S-ZE-BR,S-ZG-BR,B-ZB-BR,B-ZF-BR,S-ZG-BR,S-ZF-BR,S-ZG-BR,B-ZC-UN,S-ZH-UN,B-ZF-BR,S-ZO-UN,B-ZB-BR,B-ZF-BR,S-ZF-BR,S-ZD-UN,S-ZC-UN,S-ZG-UN,B-ZF-BR
185,2021.01.19 00:00,EURJPY,60,86400,SELL,ZH,1,125.504,125.429,75.0,125.489,125.087,402.0,536.000,20.00,60.0,17.7,125.489,125.429,125.027,UNTOUCHED,,0,,0,,0,,0,NA,Other,NA,,NA,,125.564,BREAK,2021.01.19 05:00,0,,0,,0,,0,NA,Asia,BREAK,2021.01.19 06:00,BREAK,2021.01.19 07:00,125.369,BREAK,2021.01.19 00:00,0,,0,,0,,0,NA,Asia,BREAK,2021.01.19 01:00,BREAK,2021.01.19 02:00,125.549,BREAK,2021.01.19 05:00,0,,0,,0,,0,NA,Asia,BREAK,2021.01.19 06:00,BREAK,2021.01.19 07:00,S-ZB-BO,S-ZD-BR,S-ZF-BR,S-ZE-BR,S-ZG-BR,B-ZB-BR,B-ZF-BR,S-ZG-BR,S-ZF-BR,S-ZG-BR,B-ZF-BR,S-ZO-UN,B-ZB-BR,B-ZF-BR,S-ZF-BR,S-ZD-UN,S-ZC-UN,S-ZG-UN,B-ZF-BR,S-ZC-UN
186,2021.01.20 00:00,EURJPY,60,86400,BUY,ZF,1,125.489,125.087,402.0,126.209,125.181,1028.0,255.721,23.38,308.0,94.9,125.489,125.181,126.517,BREAK,2021.01.28 18:00,0,,0,,0,,0,NA,NewYork,BREAK,2021.01.29 13:00,BREAK,2021.01.29 18:00,124.779,UNTOUCHED,,0,,0,,0,,0,NA,Other,NA,,NA,,125.797,BREAK,2021.01.20 00:00,0,,0,,0,,0,NA,Asia,BOUNCE,2021.01.20 13:00,NA,,124.873,UNTOUCHED,,0,,0,,0,,0,NA,Other,NA,,NA,,S-ZH-UN,S-ZB-BO,S-ZD-BR,S-ZF-BR,S-ZE-BR,S-ZG-BR,B-ZB-BR,B-ZF-BR,S-ZG-BR,S-ZF-BR,S-ZO-UN,B-ZB-BR,B-ZF-BR,S-ZF-BR,S-ZD-UN,S-ZC-UN,S-ZG-UN,B-ZF-BR,S-ZC-UN,B-ZD-BO
187,2021.01.27 00:00,EURJPY,60,86400,SELL,ZO,0,126.368,125.807,561.0,126.159,125.689,470.0,83.779,37.25,352.0,132.4,126.159,125.807,125.337,UNTOUCHED,,0,,0,,0,,0,NA,Other,NA,,NA,,126.720,BREAK,2021.01.29 12:00,0,,0,,0,,0,NA,London,BREAK,2021.01.29 17:00,BREAK,2021.02.15 10:00,125.455,UNTOUCHED,,0,,0,,0,,0,NA,Other,NA,,NA,,126.511,BREAK,2021.01.28 18:00,0,,0,,0,,0,NA,NewYork,BREAK,2021.01.29 13:00,BOUNCE,2021.02.01 12:00,B-ZF-BR,S-ZH-UN,S-ZB-BO,S-ZD-BR,S-ZF-BR,S-ZE-BR,S-ZG-BR,B-ZB-BR,B-ZF-BR,S-ZG-BR,B-ZB-BR,B-ZF-BR,S-ZF-BR,S-ZD-UN,S-ZC-UN,S-ZG-UN,B-ZF-BR,S-ZC-UN,B-ZD-BO,B-ZG-BR
188,2021.01.29 00:00,EURJPY,60,86400,BUY,ZB,1,126.187,125.597,590.0,126.664,125.988,676.0,114.576,66.27,199.0,139.2,126.187,125.988,126.863,BREAK,2021.01.29 13:00,0,,0,,0,,0,NA,NewYork,BREAK,2021.01.29 17:00,BOUNCE,2021.01.29 20:00,125.398,UNTOUCHED,,0,,0,,0,,0,NA,Other,NA,,NA,,126.386,BOUNCE,2021.01.29 00:00,0,,0,,0,,0,NA,Asia,NA,,NA,,125.789,UNTOUCHED,,0,,0,,0,,0,NA,Other,NA,,NA,,S-ZO-UN,B-ZF-BR,S-ZH-UN,S-ZB-BO,S-ZD-BR,S-ZF-BR,S-ZE-BR,S-ZG-BR,B-ZB-BR,B-ZF-BR,B-ZF-BR,S-ZF-BR,S-ZD-UN,S-ZC-UN,S-ZG-UN,B-ZF-BR,S-ZC-UN,B-ZD-BO,B-ZG-BR,B-ZF-BR
189,2021.01.30 00:00,EURJPY,60,86400,BUY,ZF,1,126.664,125.988,676.0,127.344,126.119,1225.0,181.213,19.38,545.0,159.5,126.664,126.119,127.889,BREAK,2021.02.15 13:00,0,,0,,0,,0,NA,NewYork,BOUNCE,2021.02.17 12:00,NA,,125.443,UNTOUCHED,,0,,0,,0,,0,NA,Other,NA,,NA,,127.209,BREAK,2021.02.12 09:00,0,,0,,0,,0,NA,London,BREAK,2021.02.15 13:00,BOUNCE,2021.02.17 17:00,125.574,UNTOUCHED,,0,,0,,0,,0,NA,Other,NA,,NA,,B-ZB-BR,S-ZO-UN,B-ZF-BR,S-ZH-UN,S-ZB-BO,S-ZD-BR,S-ZF-BR,S-ZE-BR,S-ZG-BR,B-ZB-BR,S-ZF-BR,S-ZD-UN,S-ZC-UN,S-ZG-UN,B-ZF-BR,S-ZC-UN,B-ZD-BO,B-ZG-BR,B-ZF-BR,B-ZB-BR
190,2021.02.02 00:00,EURJPY,60,86400,SELL,ZF,1,127.143,127.028,115.0,127.133,126.605,528.0,459.130,8.70,105.0,27.1,127.133,127.028,126.500,BREAK,2021.02.02 02:00,0,,0,,0,,0,NA,Asia,BREAK,2021.02.02 14:00,BOUNCE,2021.02.03 00:00,127.248,BREAK,2021.02.12 13:00,0,,0,,0,,0,NA,NewYork,BREAK,2021.02.15 03:00,BOUNCE,2021.02.15 04:00,126.923,BREAK,2021.02.02 00:00,0,,0,,0,,0,NA,Asia,BREAK,2021.02.02 01:00,BREAK,2021.02.02 02:00,127.238,BREAK,2021.02.12 13:00,0,,0,,0,,0,NA,NewYork,BREAK,2021.02.15 03:00,BOUNCE,2021.02.15 04:00,B-ZF-BR,B-ZB-BR,S-ZO-UN,B-ZF-BR,S-ZH-UN,S-ZB-BO,S-ZD-BR,S-ZF-BR,S-ZE-BR,S-ZG-BR,S-ZD-UN,S-ZC-UN,S-ZG-UN,B-ZF-BR,S-ZC-UN,B-ZD-BO,B-ZG-BR,B-ZF-BR,B-ZB-BR,B-ZE-BR
191,2021.02.03 00:00,EURJPY,60,86400,SELL,ZD,1,127.133,126.605,528.0,126.822,126.266,556.0,105.303,58.90,217.0,124.6,126.822,126.605,126.049,UNTOUCHED,,0,,0,,0,,0,NA,Other,NA,,NA,,127.350,BREAK,2021.02.15 03:00,0,,0,,0,,0,NA,Asia,BREAK,2021.02.15 12:00,BREAK,2021.02.15 13:00,126.388,BREAK,2021.02.03 00:00,0,,0,,0,,0,NA,Asia,BOUNCE,2021.02.04 00:00,NA,,127.039,BOUNCE,2021.02.08 03:00,0,,0,,0,,0,NA,Asia,NA,,NA,,S-ZF-BR,B-ZF-BR,B-ZB-BR,S-ZO-UN,B-ZF-BR,S-ZH-UN,S-ZB-BO,S-ZD-BR,S-ZF-BR,S-ZE-BR,S-ZC-UN,S-ZG-UN,B-ZF-BR,S-ZC-UN,B-ZD-BO,B-ZG-BR,B-ZF-BR,B-ZB-BR,B-ZE-BR,B-ZF-BR
192,2021.02.04 00:00,EURJPY,60,86400,SELL,ZC,1,126.822,126.266,556.0,126.525,126.143,382.0,68.705,53.42,259.0,131.2,126.525,126.266,125.884,UNTOUCHED,,0,,0,,0,,0,NA,Other,NA,,NA,,127.081,BOUNCE,2021.02.08 12:00,1,2021.02.09 02:00,0,,0,,1,14h,London,NA,,NA,,126.007,UNTOUCHED,,0,,0,,0,,0,NA,Other,NA,,NA,,126.784,BREAK,2021.02.05 17:00,0,,0,,0,,0,NA,NewYork,BOUNCE,2021.02.08 19:00,NA,,S-ZD-UN,S-ZF-BR,B-ZF-BR,B-ZB-BR,S-ZO-UN,B-ZF-BR,S-ZH-UN,S-ZB-BO,S-ZD-BR,S-ZF-BR,S-ZG-UN,B-ZF-BR,S-ZC-UN,B-ZD-BO,B-ZG-BR,B-ZF-BR,B-ZB-BR,B-ZE-BR,B-ZF-BR,S-ZG-UN
193,2021.02.05 00:00,EURJPY,60,86400,SELL,ZG,0,126.525,126.143,382.0,126.462,126.098,364.0,95.288,16.49,319.0,90.2,126.462,126.143,125.779,UNTOUCHED,,0,,0,,0,,0,NA,Other,NA,,NA,,126.844,BREAK,2021.02.05 17:00,0,,0,,0,,0,NA,NewYork,BREAK,2021.02.12 13:00,BREAK,2021.02.15 10:00,125.824,UNTOUCHED,,0,,0,,0,,0,NA,Other,NA,,NA,,126.781,BREAK,2021.02.05 17:00,0,,0,,0,,0,NA,NewYork,BOUNCE,2021.02.08 19:00,NA,,S-ZC-UN,S-ZD-UN,S-ZF-BR,B-ZF-BR,B-ZB-BR,S-ZO-UN,B-ZF-BR,S-ZH-UN,S-ZB-BO,S-ZD-BR,B-ZF-BR,S-ZC-UN,B-ZD-BO,B-ZG-BR,B-ZF-BR,B-ZB-BR,B-ZE-BR,B-ZF-BR,S-ZG-UN,B-ZD-BR
194,2021.02.06 00:00,EURJPY,60,86400,BUY,ZF,1,126.462,126.098,364.0,126.988,126.141,847.0,232.692,11.81,321.0,85.9,126.462,126.141,127.309,BREAK,2021.02.15 03:00,0,,0,,0,,0,NA,Asia,BREAK,2021.02.15 12:00,BREAK,2021.02.16 04:00,125.777,UNTOUCHED,,0,,0,,0,,0,NA,Other,NA,,NA,,126.783,BREAK,2021.02.06 00:00,0,,0,,0,,0,NA,Asia,BOUNCE,2021.02.08 19:00,NA,,125.820,UNTOUCHED,,0,,0,,0,,0,NA,Other,NA,,NA,,S-ZG-UN,S-ZC-UN,S-ZD-UN,S-ZF-BR,B-ZF-BR,B-ZB-BR,S-ZO-UN,B-ZF-BR,S-ZH-UN,S-ZB-BO,S-ZC-UN,B-ZD-BO,B-ZG-BR,B-ZF-BR,B-ZB-BR,B-ZE-BR,B-ZF-BR,S-ZG-UN,B-ZD-BR,B-ZG-BR
195,2021.02.10 00:00,EURJPY,60,86400,SELL,ZC,1,127.125,126.647,478.0,126.849,126.436,413.0,86.402,57.74,202.0,112.8,126.849,126.647,126.234,UNTOUCHED,,0,,0,,0,,0,NA,Other,NA,,NA,,127.327,BREAK,2021.02.15 03:00,0,,0,,0,,0,NA,Asia,BREAK,2021.02.15 11:00,BREAK,2021.02.15 13:00,126.445,UNTOUCHED,,0,,0,,0,,0,NA,Other,NA,,NA,,127.051,BOUNCE,2021.02.10 13:00,0,,0,,0,,0,NA,NewYork,NA,,NA,,B-ZF-BR,S-ZG-UN,S-ZC-UN,S-ZD-UN,S-ZF-BR,B-ZF-BR,B-ZB-BR,S-ZO-UN,B-ZF-BR,S-ZH-UN,B-ZD-BO,B-ZG-BR,B-ZF-BR,B-ZB-BR,B-ZE-BR,B-ZF-BR,S-ZG-UN,B-ZD-BR,B-ZG-BR,S-ZO-UN
196,2021.02.11 00:00,EURJPY,60,86400,BUY,ZD,1,126.849,126.436,413.0,127.076,126.645,431.0,104.358,50.61,204.0,97.5,126.849,126.645,127.280,BOUNCE,2021.02.12 13:00,0,,0,,0,,0,NA,NewYork,NA,,NA,,126.232,UNTOUCHED,,0,,0,,0,,0,NA,Other,NA,,NA,,127.053,BREAK,2021.02.11 13:00,0,,0,,0,,0,NA,NewYork,BOUNCE,2021.02.12 17:00,NA,,126.441,UNTOUCHED,,0,,0,,0,,0,NA,Other,NA,,NA,,S-ZC-UN,B-ZF-BR,S-ZG-UN,S-ZC-UN,S-ZD-UN,S-ZF-BR,B-ZF-BR,B-ZB-BR,S-ZO-UN,B-ZF-BR,B-ZG-BR,B-ZF-BR,B-ZB-BR,B-ZE-BR,B-ZF-BR,S-ZG-UN,B-ZD-BR,B-ZG-BR,S-ZO-UN,B-ZG-BR
197,2021.02.12 00:00,EURJPY,60,86400,BUY,ZG,0,127.076,126.645,431.0,127.162,126.700,462.0,107.193,12.76,376.0,101.7,127.076,126.700,127.538,BREAK,2021.02.15 10:00,0,,0,,0,,0,NA,London,BREAK,2021.02.16 04:00,BREAK,2021.02.17 02:00,126.269,UNTOUCHED,,0,,0,,0,,0,NA,Other,NA,,NA,,127.452,BREAK,2021.02.15 04:00,0,,0,,0,,0,NA,Asia,BREAK,2021.02.15 13:00,BREAK,2021.02.16 16:00,126.324,UNTOUCHED,,0,,0,,0,,0,NA,Other,NA,,NA,,B-ZD-BO,S-ZC-UN,B-ZF-BR,S-ZG-UN,S-ZC-UN,S-ZD-UN,S-ZF-BR,B-ZF-BR,B-ZB-BR,S-ZO-UN,B-ZF-BR,B-ZB-BR,B-ZE-BR,B-ZF-BR,S-ZG-UN,B-ZD-BR,B-ZG-BR,S-ZO-UN,B-ZG-BR,B-ZB-BR
198,2021.02.13 00:00,EURJPY,60,86400,BUY,ZF,0,127.162,126.700,462.0,127.304,126.874,430.0,93.074,37.66,288.0,109.0,127.162,126.874,127.592,BREAK,2021.02.15 10:00,0,,0,,0,,0,NA,London,BREAK,2021.02.16 04:00,BOUNCE,2021.02.16 13:00,126.412,UNTOUCHED,,0,,0,,0,,0,NA,Other,NA,,NA,,127.450,BREAK,2021.02.15 04:00,0,,0,,0,,0,NA,Asia,BREAK,2021.02.15 13:00,BREAK,2021.02.16 05:00,126.586,UNTOUCHED,,0,,0,,0,,0,NA,Other,NA,,NA,,B-ZG-BR,B-ZD-BO,S-ZC-UN,B-ZF-BR,S-ZG-UN,S-ZC-UN,S-ZD-UN,S-ZF-BR,B-ZF-BR,B-ZB-BR,B-ZB-BR,B-ZE-BR,B-ZF-BR,S-ZG-UN,B-ZD-BR,B-ZG-BR,S-ZO-UN,B-ZG-BR,B-ZB-BR,S-ZF-BO
199,2021.02.17 00:00,EURJPY,60,86400,BUY,ZB,1,127.972,127.124,848.0,128.330,127.656,674.0,79.481,62.74,316.0,200.1,127.972,127.656,128.646,BREAK,2021.02.24 13:00,0,,0,,0,,0,NA,NewYork,BREAK,2021.02.25 11:00,BREAK,2021.02.25 12:00,126.808,UNTOUCHED,,0,,0,,0,,0,NA,Other,NA,,NA,,128.288,BOUNCE,2021.02.17 00:00,1,2021.02.17 20:00,0,,0,,1,20h,Asia,NA,,NA,,127.340,BOUNCE,2021.02.17 20:00,1,2021.02.24 11:00,1,2021.02.24 11:00,0,,2,6d 15h,NewYork,NA,,NA,,B-ZF-BR,B-ZG-BR,B-ZD-BO,S-ZC-UN,B-ZF-BR,S-ZG-UN,S-ZC-UN,S-ZD-UN,S-ZF-BR,B-ZF-BR,B-ZE-BR,B-ZF-BR,S-ZG-UN,B-ZD-BR,B-ZG-BR,S-ZO-UN,B-ZG-BR,B-ZB-BR,S-ZF-BO,B-ZF-BR
200,2021.02.20 00:00,EURJPY,60,86400,BUY,ZE,1,127.808,127.329,479.0,128.184,127.650,534.0,111.482,67.01,158.0,113.0,127.808,127.650,128.342,BREAK,2021.02.24 11:00,0,,0,,0,,0,NA,London,BREAK,2021.02.24 13:00,BREAK,2021.02.24 15:00,127.171,UNTOUCHED,,0,,0,,0,,0,NA,Other,NA,,NA,,127.966,BREAK,2021.02.22 03:00,0,,0,,0,,0,NA,Asia,BREAK,2021.02.22 12:00,BREAK,2021.02.24 12:00,127.492,UNTOUCHED,,0,,0,,0,,0,NA,Other,NA,,NA,,B-ZB-BR,B-ZF-BR,B-ZG-BR,B-ZD-BO,S-ZC-UN,B-ZF-BR,S-ZG-UN,S-ZC-UN,S-ZD-UN,S-ZF-BR,B-ZF-BR,S-ZG-UN,B-ZD-BR,B-ZG-BR,S-ZO-UN,B-ZG-BR,B-ZB-BR,S-ZF-BO,B-ZF-BR,S-ZC-BR
201,2021.02.25 00:00,EURJPY,60,86400,BUY,ZF,1,128.056,127.636,420.0,128.798,127.681,1117.0,265.952,10.71,375.0,99.1,128.056,127.681,129.173,BREAK,2021.02.25 11:00,0,,0,,0,,0,NA,London,BREAK,2021.02.25 13:00,BOUNCE,2021.02.25 22:00,127.261,UNTOUCHED,,0,,0,,0,,0,NA,Other,NA,,NA,,128.431,BREAK,2021.02.25 00:00,0,,0,,0,,0,NA,Asia,BREAK,2021.02.25 03:00,BREAK,2021.02.25 12:00,127.306,UNTOUCHED,,0,,0,,0,,0,NA,Other,NA,,NA,,B-ZE-BR,B-ZB-BR,B-ZF-BR,B-ZG-BR,B-ZD-BO,S-ZC-UN,B-ZF-BR,S-ZG-UN,S-ZC-UN,S-ZD-UN,S-ZG-UN,B-ZD-BR,B-ZG-BR,S-ZO-UN,B-ZG-BR,B-ZB-BR,S-ZF-BO,B-ZF-BR,S-ZC-BR,S-ZF-UN
202,2021.02.27 00:00,EURJPY,60,86400,SELL,ZG,0,129.973,128.697,1276.0,129.521,128.640,881.0,69.044,35.42,824.0,301.1,129.521,128.697,127.816,UNTOUCHED,,0,,0,,0,,0,NA,Other,NA,,NA,,130.797,UNTOUCHED,,0,,0,,0,,0,NA,Other,NA,,NA,,127.873,UNTOUCHED,,0,,0,,0,,0,NA,Other,NA,,NA,,130.345,BOUNCE,2021.03.12 12:00,0,,0,,0,,0,NA,London,NA,,NA,,B-ZF-BR,B-ZE-BR,B-ZB-BR,B-ZF-BR,B-ZG-BR,B-ZD-BO,S-ZC-UN,B-ZF-BR,S-ZG-UN,S-ZC-UN,B-ZD-BR,B-ZG-BR,S-ZO-UN,B-ZG-BR,B-ZB-BR,S-ZF-BO,B-ZF-BR,S-ZC-BR,S-ZF-UN,B-ZG-BO
203,2021.03.04 00:00,EURJPY,60,86400,BUY,ZD,1,129.045,128.181,864.0,129.455,128.736,719.0,83.218,64.24,309.0,203.9,129.045,128.736,129.764,BREAK,2021.03.11 10:00,0,,0,,0,,0,NA,London,BREAK,2021.03.12 05:00,BOUNCE,2021.03.15 13:00,127.872,UNTOUCHED,,0,,0,,0,,0,NA,Other,NA,,NA,,129.354,BREAK,2021.03.04 17:00,0,,0,,0,,0,NA,NewYork,BREAK,2021.03.11 16:00,BREAK,2021.03.12 05:00,128.427,BOUNCE,2021.03.24 10:00,1,2021.03.26 17:00,1,2021.03.26 17:00,0,,2,2d 7h,London,NA,,NA,,S-ZG-UN,B-ZF-BR,B-ZE-BR,B-ZB-BR,B-ZF-BR,B-ZG-BR,B-ZD-BO,S-ZC-UN,B-ZF-BR,S-ZG-UN,B-ZG-BR,S-ZO-UN,B-ZG-BR,B-ZB-BR,S-ZF-BO,B-ZF-BR,S-ZC-BR,S-ZF-UN,B-ZG-BO,B-ZC-BR
204,2021.03.05 00:00,EURJPY,60,86400,BUY,ZG,0,129.455,128.736,719.0,129.636,128.913,723.0,100.556,24.62,542.0,169.7,129.455,128.913,130.178,BREAK,2021.03.12 05:00,0,,0,,0,,0,NA,Asia,BREAK,2021.04.20 10:00,BREAK,2021.04.27 22:00,128.194,UNTOUCHED,,0,,0,,0,,0,NA,Other,NA,,NA,,129.997,BREAK,2021.03.11 22:00,0,,0,,0,,0,NA,Other,BOUNCE,2021.03.18 18:00,NA,,128.371,BOUNCE,2021.03.24 11:00,1,2021.03.31 18:00,1,2021.03.31 18:00,0,,2,1w 0d,London,NA,,NA,,B-ZD-BR,S-ZG-UN,B-ZF-BR,B-ZE-BR,B-ZB-BR,B-ZF-BR,B-ZG-BR,B-ZD-BO,S-ZC-UN,B-ZF-BR,S-ZO-UN,B-ZG-BR,B-ZB-BR,S-ZF-BO,B-ZF-BR,S-ZC-BR,S-ZF-UN,B-ZG-BO,B-ZC-BR,B-ZF-BR
205,2021.03.06 00:00,EURJPY,60,86400,SELL,ZO,0,129.636,128.913,723.0,129.577,128.846,731.0,101.107,8.16,664.0,170.6,129.577,128.913,128.182,UNTOUCHED,,0,,0,,0,,0,NA,Other,NA,,NA,,130.300,BREAK,2021.03.12 12:00,0,,0,,0,,0,NA,London,BOUNCE,2021.04.20 18:00,NA,,128.249,UNTOUCHED,,0,,0,,0,,0,NA,Other,NA,,NA,,130.241,BREAK,2021.03.12 05:00,0,,0,,0,,0,NA,Asia,BOUNCE,2021.04.20 19:00,NA,,B-ZG-BR,B-ZD-BR,S-ZG-UN,B-ZF-BR,B-ZE-BR,B-ZB-BR,B-ZF-BR,B-ZG-BR,B-ZD-BO,S-ZC-UN,B-ZG-BR,B-ZB-BR,S-ZF-BO,B-ZF-BR,S-ZC-BR,S-ZF-UN,B-ZG-BO,B-ZC-BR,B-ZF-BR,B-ZB-BO
206,2021.03.10 00:00,EURJPY,60,86400,BUY,ZG,0,129.387,128.780,607.0,129.543,128.858,685.0,112.850,12.85,529.0,143.3,129.387,128.858,130.072,BREAK,2021.03.12 03:00,0,,0,,0,,0,NA,Asia,BOUNCE,2021.03.18 07:00,NA,,128.251,UNTOUCHED,,0,,0,,0,,0,NA,Other,NA,,NA,,129.916,BREAK,2021.03.11 21:00,0,,0,,0,,0,NA,Other,BOUNCE,2021.03.16 17:00,NA,,128.329,BOUNCE,2021.03.24 12:00,1,2021.03.31 11:00,1,2021.03.31 11:00,0,,2,6d 23h,London,NA,,NA,,S-ZO-UN,B-ZG-BR,B-ZD-BR,S-ZG-UN,B-ZF-BR,B-ZE-BR,B-ZB-BR,B-ZF-BR,B-ZG-BR,B-ZD-BO,B-ZB-BR,S-ZF-BO,B-ZF-BR,S-ZC-BR,S-ZF-UN,B-ZG-BO,B-ZC-BR,B-ZF-BR,B-ZB-BO,B-ZE-BO
207,2021.03.12 00:00,EURJPY,60,86400,BUY,ZB,1,129.429,128.998,431.0,130.000,129.192,808.0,187.471,45.01,237.0,101.7,129.429,129.192,130.237,BREAK,2021.03.12 05:00,0,,0,,0,,0,NA,Asia,BOUNCE,2021.03.15 11:00,NA,,128.761,BREAK,2021.03.23 23:00,0,,0,,0,,0,NA,Other,BREAK,2021.03.24 10:00,UNTOUCHED,,129.666,BREAK,2021.03.12 00:00,0,,0,,0,,0,NA,Asia,BREAK,2021.03.12 01:00,BREAK,2021.03.12 05:00,128.955,BOUNCE,2021.03.23 14:00,1,2021.03.31 04:00,1,2021.03.31 04:00,0,,2,1w 0d,NewYork,NA,,NA,,B-ZG-BR,S-ZO-UN,B-ZG-BR,B-ZD-BR,S-ZG-UN,B-ZF-BR,B-ZE-BR,B-ZB-BR,B-ZF-BR,B-ZG-BR,S-ZF-BO,B-ZF-BR,S-ZC-BR,S-ZF-UN,B-ZG-BO,B-ZC-BR,B-ZF-BR,B-ZB-BO,B-ZE-BO,B-ZC-BR
208,2021.03.17 00:00,EURJPY,60,86400,SELL,ZF,1,130.487,129.989,498.0,130.397,129.491,906.0,181.928,18.07,408.0,117.5,130.397,129.989,129.083,BOUNCE,2021.03.22 02:00,1,2021.03.22 21:00,1,2021.04.20 10:00,1,2021.04.20 10:00,3,4w 1d,Asia,NA,,NA,,130.895,BOUNCE,2021.04.20 10:00,1,2021.04.20 19:00,0,,0,,1,9h,London,NA,,NA,,129.581,BREAK,2021.03.19 12:00,0,,0,,0,,0,NA,London,BREAK,2021.03.22 02:00,BREAK,2021.03.23 23:00,130.805,BREAK,2021.04.20 10:00,0,,0,,0,,0,NA,London,BREAK,2021.04.27 22:00,BREAK,2021.04.28 22:00,B-ZB-BR,B-ZG-BR,S-ZO-UN,B-ZG-BR,B-ZD-BR,S-ZG-UN,B-ZF-BR,B-ZE-BR,B-ZB-BR,B-ZF-BR,B-ZF-BR,S-ZC-BR,S-ZF-UN,B-ZG-BO,B-ZC-BR,B-ZF-BR,B-ZB-BO,B-ZE-BO,B-ZC-BR,S-ZG-UN
209,2021.03.18 00:00,EURJPY,60,86400,BUY,ZF,0,130.397,129.491,906.0,130.436,129.656,780.0,86.093,18.21,741.0,213.8,130.397,129.656,131.177,BREAK,2021.04.27 20:00,0,,0,,0,,0,NA,NewYork,BREAK,2021.04.29 13:00,BREAK,2021.05.17 02:00,128.750,BREAK,2021.03.23 23:00,0,,0,,0,,0,NA,Other,UNTOUCHED,,NA,,131.138,BREAK,2021.04.27 19:00,0,,0,,0,,0,NA,NewYork,BREAK,2021.04.29 13:00,BREAK,2021.05.14 18:00,128.915,BREAK,2021.03.23 14:00,0,,0,,0,,0,NA,NewYork,UNTOUCHED,,NA,,S-ZF-BO,B-ZB-BR,B-ZG-BR,S-ZO-UN,B-ZG-BR,B-ZD-BR,S-ZG-UN,B-ZF-BR,B-ZE-BR,B-ZB-BR,S-ZC-BR,S-ZF-UN,B-ZG-BO,B-ZC-BR,B-ZF-BR,B-ZB-BO,B-ZE-BO,B-ZC-BR,S-ZG-UN,B-ZB-BR
210,2021.03.20 00:00,EURJPY,60,86400,SELL,ZC,1,130.665,129.596,1069.0,129.997,129.321,676.0,63.237,62.49,401.0,252.3,129.997,129.596,128.920,BREAK,2021.03.23 14:00,0,,0,,0,,0,NA,NewYork,BOUNCE,2021.03.25 12:00,NA,,131.066,BREAK,2021.04.27 17:00,0,,0,,0,,0,NA,NewYork,BREAK,2021.04.28 22:00,BREAK,2021.04.29 13:00,129.195,BOUNCE,2021.03.22 02:00,1,2021.04.06 11:00,1,2021.04.27 17:00,0,,2,5w 1d,Asia,NA,,NA,,130.398,BOUNCE,2021.04.06 11:00,0,,0,,0,,0,NA,London,NA,,NA,,B-ZF-BR,S-ZF-BO,B-ZB-BR,B-ZG-BR,S-ZO-UN,B-ZG-BR,B-ZD-BR,S-ZG-UN,B-ZF-BR,B-ZE-BR,S-ZF-UN,B-ZG-BO,B-ZC-BR,B-ZF-BR,B-ZB-BO,B-ZE-BO,B-ZC-BR,S-ZG-UN,B-ZB-BR,S-ZG-UN
211,2021.03.24 00:00,EURJPY,60,86400,SELL,ZF,0,129.943,128.977,966.0,129.920,128.638,1282.0,132.712,2.38,943.0,228.0,129.920,128.977,127.695,UNTOUCHED,,0,,0,,0,,0,NA,Other,NA,,NA,,130.886,BOUNCE,2021.04.20 10:00,0,,0,,0,,0,NA,London,NA,,NA,,128.034,UNTOUCHED,,0,,0,,0,,0,NA,Other,NA,,NA,,130.863,BOUNCE,2021.04.20 10:00,0,,0,,0,,0,NA,London,NA,,NA,,S-ZC-BR,B-ZF-BR,S-ZF-BO,B-ZB-BR,B-ZG-BR,S-ZO-UN,B-ZG-BR,B-ZD-BR,S-ZG-UN,B-ZF-BR,B-ZG-BO,B-ZC-BR,B-ZF-BR,B-ZB-BO,B-ZE-BO,B-ZC-BR,S-ZG-UN,B-ZB-BR,S-ZG-UN,B-ZG-BR
212,2021.03.26 00:00,EURJPY,60,86400,BUY,ZG,0,128.860,128.292,568.0,128.944,128.371,573.0,100.880,13.91,489.0,134.0,128.860,128.371,129.433,BOUNCE,2021.03.26 17:00,0,,0,,0,,0,NA,NewYork,NA,,NA,,127.803,UNTOUCHED,,0,,0,,0,,0,NA,Other,NA,,NA,,129.349,BOUNCE,2021.03.26 17:00,0,,0,,0,,0,NA,NewYork,NA,,NA,,127.882,UNTOUCHED,,0,,0,,0,,0,NA,Other,NA,,NA,,S-ZF-UN,S-ZC-BR,B-ZF-BR,S-ZF-BO,B-ZB-BR,B-ZG-BR,S-ZO-UN,B-ZG-BR,B-ZD-BR,S-ZG-UN,B-ZC-BR,B-ZF-BR,B-ZB-BO,B-ZE-BO,B-ZC-BR,S-ZG-UN,B-ZB-BR,S-ZG-UN,B-ZG-BR,S-ZG-UN
213,2021.03.31 00:00,EURJPY,60,86400,BUY,ZC,1,129.429,128.832,597.0,129.546,129.095,451.0,75.544,44.05,334.0,140.9,129.429,129.095,129.880,BREAK,2021.03.31 07:00,0,,0,,0,,0,NA,London,BOUNCE,2021.04.05 13:00,NA,,128.498,UNTOUCHED,,0,,0,,0,,0,NA,Other,NA,,NA,,129.763,BOUNCE,2021.03.31 04:00,0,,0,,0,,0,NA,Asia,NA,,NA,,128.761,UNTOUCHED,,0,,0,,0,,0,NA,Other,NA,,NA,,B-ZG-BO,S-ZF-UN,S-ZC-BR,B-ZF-BR,S-ZF-BO,B-ZB-BR,B-ZG-BR,S-ZO-UN,B-ZG-BR,B-ZD-BR,B-ZF-BR,B-ZB-BO,B-ZE-BO,B-ZC-BR,S-ZG-UN,B-ZB-BR,S-ZG-UN,B-ZG-BR,S-ZG-UN,S-ZO-UN
214,2021.04.01 00:00,EURJPY,60,86400,BUY,ZF,1,129.546,129.095,451.0,130.047,129.220,827.0,183.370,27.72,326.0,106.4,129.546,129.220,130.373,BREAK,2021.04.06 11:00,0,,0,,0,,0,NA,London,BREAK,2021.04.20 10:00,BREAK,2021.04.27 19:00,128.769,UNTOUCHED,,0,,0,,0,,0,NA,Other,NA,,NA,,129.872,BREAK,2021.04.01 00:00,0,,0,,0,,0,NA,Asia,BREAK,2021.04.02 07:00,BOUNCE,2021.04.06 16:00,128.894,UNTOUCHED,,0,,0,,0,,0,NA,Other,NA,,NA,,B-ZC-BR,B-ZG-BO,S-ZF-UN,S-ZC-BR,B-ZF-BR,S-ZF-BO,B-ZB-BR,B-ZG-BR,S-ZO-UN,B-ZG-BR,B-ZB-BO,B-ZE-BO,B-ZC-BR,S-ZG-UN,B-ZB-BR,S-ZG-UN,B-ZG-BR,S-ZG-UN,S-ZO-UN,B-ZE-BR
215,2021.04.02 00:00,EURJPY,60,86400,BUY,ZB,1,130.047,129.220,827.0,130.257,129.651,606.0,73.277,52.12,396.0,195.2,130.047,129.651,130.653,BOUNCE,2021.04.07 17:00,1,2021.04.08 15:00,0,,0,,1,22h,NewYork,NA,,NA,,128.824,UNTOUCHED,,0,,0,,0,,0,NA,Other,NA,,NA,,130.443,BOUNCE,2021.04.06 13:00,0,,0,,0,,0,NA,NewYork,NA,,NA,,129.255,UNTOUCHED,,0,,0,,0,,0,NA,Other,NA,,NA,,B-ZF-BR,B-ZC-BR,B-ZG-BO,S-ZF-UN,S-ZC-BR,B-ZF-BR,S-ZF-BO,B-ZB-BR,B-ZG-BR,S-ZO-UN,B-ZE-BO,B-ZC-BR,S-ZG-UN,B-ZB-BR,S-ZG-UN,B-ZG-BR,S-ZG-UN,S-ZO-UN,B-ZE-BR,B-ZO-BR
216,2021.04.03 00:00,EURJPY,60,86400,BUY,ZE,1,130.257,129.651,606.0,130.317,130.029,288.0,47.525,62.38,228.0,143.0,130.257,130.029,130.545,BOUNCE,2021.04.06 14:00,1,2021.04.06 16:00,1,2021.04.08 15:00,0,,2,2d 1h,NewYork,NA,,NA,,129.423,UNTOUCHED,,0,,0,,0,,0,NA,Other,NA,,NA,,130.485,BOUNCE,2021.04.06 13:00,1,2021.04.08 15:00,0,,0,,1,2d 2h,NewYork,NA,,NA,,129.801,BREAK,2021.04.08 15:00,0,,0,,0,,0,NA,NewYork,UNTOUCHED,,NA,,B-ZB-BO,B-ZF-BR,B-ZC-BR,B-ZG-BO,S-ZF-UN,S-ZC-BR,B-ZF-BR,S-ZF-BO,B-ZB-BR,B-ZG-BR,B-ZC-BR,S-ZG-UN,B-ZB-BR,S-ZG-UN,B-ZG-BR,S-ZG-UN,S-ZO-UN,B-ZE-BR,B-ZO-BR,B-ZD-BO
217,2021.04.08 00:00,EURJPY,60,86400,BUY,ZC,1,130.562,129.811,751.0,130.683,130.138,545.0,72.570,43.54,424.0,177.2,130.562,130.138,131.107,BREAK,2021.04.27 18:00,0,,0,,0,,0,NA,NewYork,BREAK,2021.04.28 22:00,BREAK,2021.04.29 13:00,129.387,UNTOUCHED,,0,,0,,0,,0,NA,Other,NA,,NA,,130.986,BREAK,2021.04.27 17:00,0,,0,,0,,0,NA,NewYork,BREAK,2021.04.28 11:00,BREAK,2021.04.29 12:00,129.714,BOUNCE,2021.04.08 16:00,1,2021.04.27 17:00,1,2021.04.27 17:00,0,,2,2w 5d,NewYork,NA,,NA,,B-ZE-BO,B-ZB-BO,B-ZF-BR,B-ZC-BR,B-ZG-BO,S-ZF-UN,S-ZC-BR,B-ZF-BR,S-ZF-BO,B-ZB-BR,S-ZG-UN,B-ZB-BR,S-ZG-UN,B-ZG-BR,S-ZG-UN,S-ZO-UN,B-ZE-BR,B-ZO-BR,B-ZD-BO,B-ZB-BR
218,2021.04.09 00:00,EURJPY,60,86400,SELL,ZG,1,130.683,130.138,545.0,130.478,129.573,905.0,166.055,37.61,340.0,128.6,130.478,130.138,129.233,UNTOUCHED,,0,,0,,0,,0,NA,Other,NA,,NA,,131.023,BREAK,2021.04.27 17:00,0,,0,,0,,0,NA,NewYork,BREAK,2021.04.28 00:00,BREAK,2021.04.29 06:00,129.798,BOUNCE,2021.04.13 15:00,1,2021.04.20 10:00,1,2021.04.27 17:00,0,,2,2w 0d,NewYork,NA,,NA,,130.818,BOUNCE,2021.04.20 10:00,1,2021.04.21 13:00,1,2021.04.21 13:00,0,,2,1d 3h,London,NA,,NA,,B-ZC-BR,B-ZE-BO,B-ZB-BO,B-ZF-BR,B-ZC-BR,B-ZG-BO,S-ZF-UN,S-ZC-BR,B-ZF-BR,S-ZF-BO,B-ZB-BR,S-ZG-UN,B-ZG-BR,S-ZG-UN,S-ZO-UN,B-ZE-BR,B-ZO-BR,B-ZD-BO,B-ZB-BR,S-ZF-UN
219,2021.04.10 00:00,EURJPY,60,86400,BUY,ZB,1,130.478,129.573,905.0,130.550,130.049,501.0,55.359,52.60,429.0,213.6,130.478,130.049,130.979,BREAK,2021.04.27 17:00,0,,0,,0,,0,NA,NewYork,BREAK,2021.04.28 11:00,BREAK,2021.04.29 12:00,129.144,UNTOUCHED,,0,,0,,0,,0,NA,Other,NA,,NA,,130.907,BOUNCE,2021.04.20 10:00,1,2021.04.23 04:00,0,,0,,1,2d 18h,London,NA,,NA,,129.620,BOUNCE,2021.04.23 04:00,1,2021.04.27 17:00,1,2021.04.27 17:00,0,,2,4d 13h,Asia,NA,,NA,,S-ZG-UN,B-ZC-BR,B-ZE-BO,B-ZB-BO,B-ZF-BR,B-ZC-BR,B-ZG-BO,S-ZF-UN,S-ZC-BR,B-ZF-BR,S-ZG-UN,B-ZG-BR,S-ZG-UN,S-ZO-UN,B-ZE-BR,B-ZO-BR,B-ZD-BO,B-ZB-BR,S-ZF-UN,S-ZB-UN
220,2021.04.14 00:00,EURJPY,60,86400,SELL,ZG,0,130.609,129.894,715.0,130.496,129.798,698.0,97.622,15.80,602.0,168.7,130.496,129.894,129.196,UNTOUCHED,,0,,0,,0,,0,NA,Other,NA,,NA,,131.211,BREAK,2021.04.27 21:00,0,,0,,0,,0,NA,Other,BREAK,2021.04.29 11:00,BOUNCE,2021.05.11 17:00,129.292,UNTOUCHED,,0,,0,,0,,0,NA,Other,NA,,NA,,131.098,BREAK,2021.04.27 18:00,0,,0,,0,,0,NA,NewYork,BREAK,2021.04.29 10:00,BOUNCE,2021.04.30 12:00,B-ZB-BR,S-ZG-UN,B-ZC-BR,B-ZE-BO,B-ZB-BO,B-ZF-BR,B-ZC-BR,B-ZG-BO,S-ZF-UN,S-ZC-BR,B-ZG-BR,S-ZG-UN,S-ZO-UN,B-ZE-BR,B-ZO-BR,B-ZD-BO,B-ZB-BR,S-ZF-UN,S-ZB-UN,S-ZF-UN
221,2021.04.15 00:00,EURJPY,60,86400,BUY,ZG,0,130.496,129.798,698.0,130.582,130.031,551.0,78.940,33.38,465.0,164.7,130.496,130.031,131.047,BREAK,2021.04.27 17:00,0,,0,,0,,0,NA,NewYork,BREAK,2021.04.28 18:00,BREAK,2021.04.29 13:00,129.333,UNTOUCHED,,0,,0,,0,,0,NA,Other,NA,,NA,,130.961,BOUNCE,2021.04.20 11:00,0,,0,,0,,0,NA,London,NA,,NA,,129.566,UNTOUCHED,,0,,0,,0,,0,NA,Other,NA,,NA,,S-ZG-UN,B-ZB-BR,S-ZG-UN,B-ZC-BR,B-ZE-BO,B-ZB-BO,B-ZF-BR,B-ZC-BR,B-ZG-BO,S-ZF-UN,S-ZG-UN,S-ZO-UN,B-ZE-BR,B-ZO-BR,B-ZD-BO,B-ZB-BR,S-ZF-UN,S-ZB-UN,S-ZF-UN,B-ZF-BR
222,2021.04.16 00:00,EURJPY,60,86400,SELL,ZG,0,130.582,130.031,551.0,130.552,130.023,529.0,96.007,5.44,521.0,130.0,130.552,130.031,129.502,UNTOUCHED,,0,,0,,0,,0,NA,Other,NA,,NA,,131.103,BREAK,2021.04.27 18:00,0,,0,,0,,0,NA,NewYork,BREAK,2021.04.28 22:00,BREAK,2021.04.29 17:00,129.510,UNTOUCHED,,0,,0,,0,,0,NA,Other,NA,,NA,,131.073,BREAK,2021.04.27 17:00,0,,0,,0,,0,NA,NewYork,BREAK,2021.04.28 22:00,BREAK,2021.04.29 17:00,B-ZG-BR,S-ZG-UN,B-ZB-BR,S-ZG-UN,B-ZC-BR,B-ZE-BO,B-ZB-BO,B-ZF-BR,B-ZC-BR,B-ZG-BO,S-ZO-UN,B-ZE-BR,B-ZO-BR,B-ZD-BO,B-ZB-BR,S-ZF-UN,S-ZB-UN,S-ZF-UN,B-ZF-BR,B-ZB-BO
223,2021.04.17 00:00,EURJPY,60,86400,SELL,ZO,0,130.552,130.023,529.0,130.540,129.975,565.0,106.805,2.27,517.0,124.8,130.540,130.023,129.458,UNTOUCHED,,0,,0,,0,,0,NA,Other,NA,,NA,,131.069,BREAK,2021.04.27 17:00,0,,0,,0,,0,NA,NewYork,BREAK,2021.04.28 22:00,BREAK,2021.04.29 15:00,129.506,UNTOUCHED,,0,,0,,0,,0,NA,Other,NA,,NA,,131.057,BREAK,2021.04.27 17:00,0,,0,,0,,0,NA,NewYork,BREAK,2021.04.28 22:00,BREAK,2021.04.29 15:00,S-ZG-UN,B-ZG-BR,S-ZG-UN,B-ZB-BR,S-ZG-UN,B-ZC-BR,B-ZE-BO,B-ZB-BO,B-ZF-BR,B-ZC-BR,B-ZE-BR,B-ZO-BR,B-ZD-BO,B-ZB-BR,S-ZF-UN,S-ZB-UN,S-ZF-UN,B-ZF-BR,B-ZB-BO,S-ZO-BR
224,2021.04.21 00:00,EURJPY,60,86400,BUY,ZE,1,130.325,129.699,626.0,130.971,129.992,979.0,156.390,46.81,333.0,147.7,130.325,129.992,131.304,BREAK,2021.04.27 21:00,0,,0,,0,,0,NA,Other,BREAK,2021.04.28 22:00,BREAK,2021.04.29 13:00,129.366,UNTOUCHED,,0,,0,,0,,0,NA,Other,NA,,NA,,130.658,BOUNCE,2021.04.26 16:00,0,,0,,0,,0,NA,NewYork,NA,,NA,,129.659,BOUNCE,2021.04.21 16:00,1,2021.04.26 16:00,1,2021.04.26 16:00,0,,2,5d 0h,NewYork,NA,,NA,,S-ZO-UN,S-ZG-UN,B-ZG-BR,S-ZG-UN,B-ZB-BR,S-ZG-UN,B-ZC-BR,B-ZE-BO,B-ZB-BO,B-ZF-BR,B-ZO-BR,B-ZD-BO,B-ZB-BR,S-ZF-UN,S-ZB-UN,S-ZF-UN,B-ZF-BR,B-ZB-BO,S-ZO-BR,S-ZO-BR
225,2021.04.23 00:00,EURJPY,60,86400,BUY,ZO,1,130.142,129.636,506.0,130.467,129.673,794.0,156.917,7.31,469.0,119.4,130.142,129.673,130.936,BREAK,2021.04.27 17:00,0,,0,,0,,0,NA,NewYork,BREAK,2021.04.28 04:00,BREAK,2021.04.29 12:00,129.167,UNTOUCHED,,0,,0,,0,,0,NA,Other,NA,,NA,,130.611,BREAK,2021.04.26 16:00,0,,0,,0,,0,NA,NewYork,BREAK,2021.04.27 21:00,BREAK,2021.04.28 11:00,129.204,UNTOUCHED,,0,,0,,0,,0,NA,Other,NA,,NA,,B-ZE-BR,S-ZO-UN,S-ZG-UN,B-ZG-BR,S-ZG-UN,B-ZB-BR,S-ZG-UN,B-ZC-BR,B-ZE-BO,B-ZB-BO,B-ZD-BO,B-ZB-BR,S-ZF-UN,S-ZB-UN,S-ZF-UN,B-ZF-BR,B-ZB-BO,S-ZO-BR,S-ZO-BR,B-ZE-BR
226,2021.04.28 00:00,EURJPY,60,86400,BUY,ZD,1,130.760,130.207,553.0,131.460,130.569,891.0,161.121,65.46,191.0,130.5,130.760,130.569,131.651,BOUNCE,2021.04.28 11:00,1,2021.05.04 15:00,0,,0,,1,6d 4h,London,NA,,NA,,130.016,UNTOUCHED,,0,,0,,0,,0,NA,Other,NA,,NA,,130.951,BREAK,2021.04.28 00:00,0,,0,,0,,0,NA,Asia,BREAK,2021.04.28 01:00,BREAK,2021.04.28 02:00,130.378,UNTOUCHED,,0,,0,,0,,0,NA,Other,NA,,NA,,B-ZO-BR,B-ZE-BR,S-ZO-UN,S-ZG-UN,B-ZG-BR,S-ZG-UN,B-ZB-BR,S-ZG-UN,B-ZC-BR,B-ZE-BO,B-ZB-BR,S-ZF-UN,S-ZB-UN,S-ZF-UN,B-ZF-BR,B-ZB-BO,S-ZO-BR,S-ZO-BR,B-ZE-BR,B-ZF-BO
227,2021.04.30 00:00,EURJPY,60,86400,BUY,ZB,1,131.816,131.367,449.0,132.366,131.585,781.0,173.942,48.55,231.0,106.0,131.816,131.585,132.597,BREAK,2021.05.13 11:00,0,,0,,0,,0,NA,London,BOUNCE,2021.05.17 01:00,NA,,131.136,BREAK,2021.05.05 11:00,0,,0,,0,,0,NA,London,UNTOUCHED,,NA,,132.047,BREAK,2021.04.30 00:00,0,,0,,0,,0,NA,Asia,BREAK,2021.05.10 07:00,BOUNCE,2021.05.10 10:00,131.354,BOUNCE,2021.05.03 01:00,1,2021.05.03 12:00,1,2021.05.03 12:00,0,,2,11h,Asia,NA,,NA,,B-ZD-BO,B-ZO-BR,B-ZE-BR,S-ZO-UN,S-ZG-UN,B-ZG-BR,S-ZG-UN,B-ZB-BR,S-ZG-UN,B-ZC-BR,S-ZF-UN,S-ZB-UN,S-ZF-UN,B-ZF-BR,B-ZB-BO,S-ZO-BR,S-ZO-BR,B-ZE-BR,B-ZF-BO,B-ZB-BR
228,2021.05.01 00:00,EURJPY,60,86400,SELL,ZF,0,132.366,131.585,781.0,132.191,131.376,815.0,104.353,22.41,606.0,184.3,132.191,131.585,130.770,UNTOUCHED,,0,,0,,0,,0,NA,Other,NA,,NA,,132.972,BREAK,2021.05.18 11:00,0,,0,,0,,0,NA,London,BOUNCE,2021.05.27 04:00,NA,,130.979,UNTOUCHED,,0,,0,,0,,0,NA,Other,NA,,NA,,132.797,BREAK,2021.05.14 18:00,0,,0,,0,,0,NA,NewYork,BOUNCE,2021.05.19 18:00,NA,,B-ZB-BR,B-ZD-BO,B-ZO-BR,B-ZE-BR,S-ZO-UN,S-ZG-UN,B-ZG-BR,S-ZG-UN,B-ZB-BR,S-ZG-UN,S-ZB-UN,S-ZF-UN,B-ZF-BR,B-ZB-BO,S-ZO-BR,S-ZO-BR,B-ZE-BR,B-ZF-BO,B-ZB-BR,B-ZB-BO
229,2021.05.05 00:00,EURJPY,60,86400,SELL,ZB,1,132.163,131.341,822.0,131.642,131.144,498.0,60.584,63.38,301.0,194.0,131.642,131.341,130.843,UNTOUCHED,,0,,0,,0,,0,NA,Other,NA,,NA,,132.464,BOUNCE,2021.05.10 10:00,1,2021.05.11 01:00,0,,0,,1,15h,London,NA,,NA,,131.040,BOUNCE,2021.05.05 12:00,1,2021.05.07 18:00,1,2021.05.10 10:00,0,,2,4d 22h,London,NA,,NA,,131.943,BREAK,2021.05.07 18:00,0,,0,,0,,0,NA,NewYork,BREAK,2021.05.10 10:00,BOUNCE,2021.05.13 12:00,S-ZF-UN,B-ZB-BR,B-ZD-BO,B-ZO-BR,B-ZE-BR,S-ZO-UN,S-ZG-UN,B-ZG-BR,S-ZG-UN,B-ZB-BR,S-ZF-UN,B-ZF-BR,B-ZB-BO,S-ZO-BR,S-ZO-BR,B-ZE-BR,B-ZF-BO,B-ZB-BR,B-ZB-BO,B-ZO-UN
230,2021.05.06 00:00,EURJPY,60,86400,SELL,ZF,0,131.642,131.144,498.0,131.460,130.985,475.0,95.382,36.55,316.0,117.5,131.460,131.144,130.669,UNTOUCHED,,0,,0,,0,,0,NA,Other,NA,,NA,,131.958,BREAK,2021.05.07 18:00,0,,0,,0,,0,NA,NewYork,BREAK,2021.05.10 10:00,BREAK,2021.05.13 11:00,130.828,UNTOUCHED,,0,,0,,0,,0,NA,Other,NA,,NA,,131.776,BOUNCE,2021.05.06 16:00,0,,0,,0,,0,NA,NewYork,NA,,NA,,S-ZB-UN,S-ZF-UN,B-ZB-BR,B-ZD-BO,B-ZO-BR,B-ZE-BR,S-ZO-UN,S-ZG-UN,B-ZG-BR,S-ZG-UN,B-ZF-BR,B-ZB-BO,S-ZO-BR,S-ZO-BR,B-ZE-BR,B-ZF-BO,B-ZB-BR,B-ZB-BO,B-ZO-UN,S-ZO-BR
231,2021.05.07 00:00,EURJPY,60,86400,BUY,ZF,1,131.460,130.985,475.0,131.850,131.005,845.0,177.895,4.21,455.0,112.1,131.460,131.005,132.305,BREAK,2021.05.10 04:00,0,,0,,0,,0,NA,Asia,BREAK,2021.05.17 02:00,BREAK,2021.05.19 09:00,130.530,UNTOUCHED,,0,,0,,0,,0,NA,Other,NA,,NA,,131.915,BREAK,2021.05.07 12:00,0,,0,,0,,0,NA,London,BREAK,2021.05.10 10:00,BREAK,2021.05.17 03:00,130.550,UNTOUCHED,,0,,0,,0,,0,NA,Other,NA,,NA,,S-ZF-UN,S-ZB-UN,S-ZF-UN,B-ZB-BR,B-ZD-BO,B-ZO-BR,B-ZE-BR,S-ZO-UN,S-ZG-UN,B-ZG-BR,B-ZB-BO,S-ZO-BR,S-ZO-BR,B-ZE-BR,B-ZF-BO,B-ZB-BR,B-ZB-BO,B-ZO-UN,S-ZO-BR,S-ZG-BR
232,2021.05.08 00:00,EURJPY,60,86400,BUY,ZB,1,131.850,131.005,845.0,132.172,131.480,692.0,81.893,56.21,370.0,199.4,131.850,131.480,132.542,BOUNCE,2021.05.13 10:00,1,2021.06.17 16:00,1,2021.06.17 20:00,0,,2,5w 0d,London,NA,,NA,,130.635,UNTOUCHED,,0,,0,,0,,0,NA,Other,NA,,NA,,132.220,BREAK,2021.05.10 04:00,0,,0,,0,,0,NA,Asia,BOUNCE,2021.05.13 12:00,NA,,131.110,BREAK,2021.06.17 20:00,0,,0,,0,,0,NA,NewYork,BREAK,2021.06.21 01:00,BREAK,2021.06.21 07:00,B-ZF-BR,S-ZF-UN,S-ZB-UN,S-ZF-UN,B-ZB-BR,B-ZD-BO,B-ZO-BR,B-ZE-BR,S-ZO-UN,S-ZG-UN,S-ZO-BR,S-ZO-BR,B-ZE-BR,B-ZF-BO,B-ZB-BR,B-ZB-BO,B-ZO-UN,S-ZO-BR,S-ZG-BR,S-ZF-BO
233,2021.05.12 00:00,EURJPY,60,86400,SELL,ZO,0,132.528,131.986,542.0,132.473,131.783,690.0,127.306,10.15,487.0,127.9,132.473,131.986,131.296,BREAK,2021.06.17 20:00,0,,0,,0,,0,NA,NewYork,BOUNCE,2021.06.18 13:00,NA,,133.015,BREAK,2021.05.18 12:00,0,,0,,0,,0,NA,London,BOUNCE,2021.05.26 21:00,NA,,131.499,BREAK,2021.06.17 19:00,0,,0,,0,,0,NA,NewYork,BREAK,2021.06.18 10:00,BREAK,2021.06.21 07:00,132.960,BREAK,2021.05.18 11:00,0,,0,,0,,0,NA,London,BREAK,2021.05.25 16:00,BREAK,2021.06.01 13:00,B-ZB-BO,B-ZF-BR,S-ZF-UN,S-ZB-UN,S-ZF-UN,B-ZB-BR,B-ZD-BO,B-ZO-BR,B-ZE-BR,S-ZO-UN,S-ZO-BR,B-ZE-BR,B-ZF-BO,B-ZB-BR,B-ZB-BO,B-ZO-UN,S-ZO-BR,S-ZG-BR,S-ZF-BO,B-ZC-BO
234,2021.05.13 00:00,EURJPY,60,86400,SELL,ZO,0,132.473,131.783,690.0,132.424,131.642,782.0,113.333,7.10,641.0,162.8,132.424,131.783,131.001,BREAK,2021.06.18 09:00,0,,0,,0,,0,NA,London,BREAK,2021.06.21 07:00,BOUNCE,2021.07.09 12:00,133.114,BREAK,2021.05.18 13:00,0,,0,,0,,0,NA,NewYork,BREAK,2021.05.27 19:00,UNTOUCHED,,131.142,BREAK,2021.06.17 20:00,0,,0,,0,,0,NA,NewYork,BREAK,2021.06.21 07:00,BREAK,2021.07.08 11:00,133.065,BREAK,2021.05.18 12:00,0,,0,,0,,0,NA,London,BREAK,2021.05.27 18:00,UNTOUCHED,,S-ZO-BR,B-ZB-BO,B-ZF-BR,S-ZF-UN,S-ZB-UN,S-ZF-UN,B-ZB-BR,B-ZD-BO,B-ZO-BR,B-ZE-BR,B-ZE-BR,B-ZF-BO,B-ZB-BR,B-ZB-BO,B-ZO-UN,S-ZO-BR,S-ZG-BR,S-ZF-BO,B-ZC-BO,B-ZF-UN
235,2021.05.14 00:00,EURJPY,60,86400,BUY,ZE,1,132.424,131.642,782.0,132.733,132.035,698.0,89.258,50.26,389.0,184.6,132.424,132.035,133.122,BREAK,2021.05.18 13:00,0,,0,,0,,0,NA,NewYork,BOUNCE,2021.05.26 16:00,NA,,131.253,BREAK,2021.06.17 20:00,0,,0,,0,,0,NA,NewYork,BOUNCE,2021.06.18 12:00,NA,,132.813,BREAK,2021.05.14 18:00,0,,0,,0,,0,NA,NewYork,BREAK,2021.05.19 10:00,BOUNCE,2021.05.25 22:00,131.646,BREAK,2021.06.17 18:00,0,,0,,0,,0,NA,NewYork,BREAK,2021.06.17 20:00,BOUNCE,2021.06.18 12:00,S-ZO-BR,S-ZO-BR,B-ZB-BO,B-ZF-BR,S-ZF-UN,S-ZB-UN,S-ZF-UN,B-ZB-BR,B-ZD-BO,B-ZO-BR,B-ZF-BO,B-ZB-BR,B-ZB-BO,B-ZO-UN,S-ZO-BR,S-ZG-BR,S-ZF-BO,B-ZC-BO,B-ZF-UN,S-ZB-BR
236,2021.05.15 00:00,EURJPY,60,86400,BUY,ZF,0,132.733,132.035,698.0,132.842,132.146,696.0,99.713,15.90,587.0,164.7,132.733,132.146,133.429,BOUNCE,2021.05.19 10:00,1,2021.06.17 11:00,1,2021.06.17 19:00,1,2021.06.17 19:00,3,4w 1d,London,NA,,NA,,131.448,BREAK,2021.06.17 19:00,0,,0,,0,,0,NA,NewYork,BREAK,2021.06.18 19:00,BREAK,2021.06.21 07:00,133.320,BOUNCE,2021.05.19 05:00,1,2021.06.17 19:00,1,2021.06.17 19:00,0,,2,4w 1d,Asia,NA,,NA,,131.559,BREAK,2021.06.17 19:00,0,,0,,0,,0,NA,NewYork,BREAK,2021.06.18 10:00,BREAK,2021.06.21 07:00,B-ZE-BR,S-ZO-BR,S-ZO-BR,B-ZB-BO,B-ZF-BR,S-ZF-UN,S-ZB-UN,S-ZF-UN,B-ZB-BR,B-ZD-BO,B-ZB-BR,B-ZB-BO,B-ZO-UN,S-ZO-BR,S-ZG-BR,S-ZF-BO,B-ZC-BO,B-ZF-UN,S-ZB-BR,S-ZF-BR
237,2021.05.19 00:00,EURJPY,60,86400,BUY,ZB,1,132.951,132.433,518.0,133.189,132.665,524.0,101.158,44.79,286.0,122.2,132.951,132.665,133.475,BREAK,2021.05.25 14:00,0,,0,,0,,0,NA,NewYork,BREAK,2021.05.27 18:00,BOUNCE,2021.05.28 10:00,132.147,BOUNCE,2021.06.17 11:00,0,,0,,0,,0,NA,London,NA,,NA,,133.237,BREAK,2021.05.19 04:00,0,,0,,0,,0,NA,Asia,BOUNCE,2021.05.25 21:00,NA,,132.379,BREAK,2021.06.17 11:00,0,,0,,0,,0,NA,London,BREAK,2021.06.17 16:00,BREAK,2021.06.17 18:00,B-ZF-BO,B-ZE-BR,S-ZO-BR,S-ZO-BR,B-ZB-BO,B-ZF-BR,S-ZF-UN,S-ZB-UN,S-ZF-UN,B-ZB-BR,B-ZB-BO,B-ZO-UN,S-ZO-BR,S-ZG-BR,S-ZF-BO,B-ZC-BO,B-ZF-UN,S-ZB-BR,S-ZF-BR,S-ZB-BR
238,2021.05.26 00:00,EURJPY,60,86400,BUY,ZB,1,133.045,132.523,522.0,133.613,132.751,862.0,165.134,43.68,294.0,123.2,133.045,132.751,133.907,BOUNCE,2021.05.27 18:00,1,2021.06.04 14:00,1,2021.06.17 11:00,1,2021.06.17 11:00,3,2w 6d,NewYork,NA,,NA,,132.229,BOUNCE,2021.06.17 11:00,0,,0,,0,,0,NA,London,NA,,NA,,133.339,BOUNCE,2021.05.26 07:00,1,2021.06.17 11:00,1,2021.06.17 11:00,0,,2,3w 1d,London,NA,,NA,,132.457,BREAK,2021.06.17 11:00,0,,0,,0,,0,NA,London,BREAK,2021.06.17 14:00,BREAK,2021.06.17 18:00,B-ZB-BR,B-ZF-BO,B-ZE-BR,S-ZO-BR,S-ZO-BR,B-ZB-BO,B-ZF-BR,S-ZF-UN,S-ZB-UN,S-ZF-UN,B-ZO-UN,S-ZO-BR,S-ZG-BR,S-ZF-BO,B-ZC-BO,B-ZF-UN,S-ZB-BR,S-ZF-BR,S-ZB-BR,S-ZB-BR
239,2021.06.02 00:00,EURJPY,60,86400,BUY,ZO,0,134.020,133.660,360.0,134.125,133.738,387.0,107.500,21.67,282.0,85.0,134.020,133.738,134.407,UNTOUCHED,,0,,0,,0,,0,NA,Other,NA,,NA,,133.378,BREAK,2021.06.04 14:00,0,,0,,0,,0,NA,NewYork,BREAK,2021.06.07 01:00,BREAK,2021.06.11 20:00,134.302,UNTOUCHED,,0,,0,,0,,0,NA,Other,NA,,NA,,133.456,BREAK,2021.06.04 10:00,0,,0,,0,,0,NA,London,BREAK,2021.06.07 01:00,BOUNCE,2021.06.07 18:00,B-ZB-BO,B-ZB-BR,B-ZF-BO,B-ZE-BR,S-ZO-BR,S-ZO-BR,B-ZB-BO,B-ZF-BR,S-ZF-UN,S-ZB-UN,S-ZO-BR,S-ZG-BR,S-ZF-BO,B-ZC-BO,B-ZF-UN,S-ZB-BR,S-ZF-BR,S-ZB-BR,S-ZB-BR,B-ZD-UN
240,2021.06.03 00:00,EURJPY,60,86400,SELL,ZO,0,134.125,133.738,387.0,134.070,133.646,424.0,109.561,14.21,332.0,91.3,134.070,133.738,133.314,BREAK,2021.06.04 14:00,0,,0,,0,,0,NA,NewYork,BREAK,2021.06.07 17:00,BOUNCE,2021.06.14 16:00,134.457,UNTOUCHED,,0,,0,,0,,0,NA,Other,NA,,NA,,133.406,BREAK,2021.06.04 11:00,0,,0,,0,,0,NA,London,BREAK,2021.06.07 15:00,BREAK,2021.06.14 11:00,134.402,UNTOUCHED,,0,,0,,0,,0,NA,Other,NA,,NA,,B-ZO-UN,B-ZB-BO,B-ZB-BR,B-ZF-BO,B-ZE-BR,S-ZO-BR,S-ZO-BR,B-ZB-BO,B-ZF-BR,S-ZF-UN,S-ZG-BR,S-ZF-BO,B-ZC-BO,B-ZF-UN,S-ZB-BR,S-ZF-BR,S-ZB-BR,S-ZB-BR,B-ZD-UN,S-ZH-BR
241,2021.06.04 00:00,EURJPY,60,86400,SELL,ZG,0,134.070,133.646,424.0,133.917,133.621,296.0,69.811,36.08,271.0,100.1,133.917,133.646,133.350,BREAK,2021.06.04 14:00,0,,0,,0,,0,NA,NewYork,BOUNCE,2021.06.07 03:00,NA,,134.341,UNTOUCHED,,0,,0,,0,,0,NA,Other,NA,,NA,,133.375,BREAK,2021.06.04 14:00,0,,0,,0,,0,NA,NewYork,BOUNCE,2021.06.07 03:00,NA,,134.188,UNTOUCHED,,0,,0,,0,,0,NA,Other,NA,,NA,,S-ZO-BR,B-ZO-UN,B-ZB-BO,B-ZB-BR,B-ZF-BO,B-ZE-BR,S-ZO-BR,S-ZO-BR,B-ZB-BO,B-ZF-BR,S-ZF-BO,B-ZC-BO,B-ZF-UN,S-ZB-BR,S-ZF-BR,S-ZB-BR,S-ZB-BR,B-ZD-UN,S-ZH-BR,S-ZD-BR
242,2021.06.05 00:00,EURJPY,60,86400,SELL,ZF,1,133.917,133.621,296.0,133.813,133.141,672.0,227.027,35.14,192.0,69.9,133.813,133.621,132.949,BOUNCE,2021.06.07 15:00,1,2021.06.08 04:00,0,,0,,1,13h,NewYork,NA,,NA,,134.109,UNTOUCHED,,0,,0,,0,,0,NA,Other,NA,,NA,,133.429,BREAK,2021.06.05 00:00,0,,0,,0,,0,NA,Asia,BREAK,2021.06.07 01:00,BREAK,2021.06.07 15:00,134.005,UNTOUCHED,,0,,0,,0,,0,NA,Other,NA,,NA,,S-ZG-BR,S-ZO-BR,B-ZO-UN,B-ZB-BO,B-ZB-BR,B-ZF-BO,B-ZE-BR,S-ZO-BR,S-ZO-BR,B-ZB-BO,B-ZC-BO,B-ZF-UN,S-ZB-BR,S-ZF-BR,S-ZB-BR,S-ZB-BR,B-ZD-UN,S-ZH-BR,S-ZD-BR,B-ZF-UN
243,2021.06.09 00:00,EURJPY,60,86400,BUY,ZC,1,133.385,132.888,497.0,133.422,133.132,290.0,58.350,49.09,253.0,117.3,133.385,133.132,133.675,BOUNCE,2021.06.10 16:00,1,2021.06.10 20:00,1,2021.06.11 16:00,1,2021.06.17 10:00,3,6d 18h,NewYork,NA,,NA,,132.635,BREAK,2021.06.17 10:00,0,,0,,0,,0,NA,London,BREAK,2021.06.17 12:00,BREAK,2021.06.17 16:00,133.638,BREAK,2021.06.10 16:00,0,,0,,0,,0,NA,NewYork,UNTOUCHED,,NA,,132.879,BREAK,2021.06.11 16:00,0,,0,,0,,0,NA,NewYork,BREAK,2021.06.17 11:00,BREAK,2021.06.17 12:00,S-ZF-BO,S-ZG-BR,S-ZO-BR,B-ZO-UN,B-ZB-BO,B-ZB-BR,B-ZF-BO,B-ZE-BR,S-ZO-BR,S-ZO-BR,B-ZF-UN,S-ZB-BR,S-ZF-BR,S-ZB-BR,S-ZB-BR,B-ZD-UN,S-ZH-BR,S-ZD-BR,B-ZF-UN,S-ZD-BO
244,2021.06.10 00:00,EURJPY,60,86400,BUY,ZF,1,133.422,133.132,290.0,133.624,133.201,423.0,145.862,23.79,221.0,68.4,133.422,133.201,133.845,UNTOUCHED,,0,,0,,0,,0,NA,Other,NA,,NA,,132.911,BREAK,2021.06.11 15:00,0,,0,,0,,0,NA,NewYork,BOUNCE,2021.06.14 04:00,NA,,133.643,BREAK,2021.06.10 16:00,0,,0,,0,,0,NA,NewYork,UNTOUCHED,,NA,,132.980,BREAK,2021.06.11 15:00,0,,0,,0,,0,NA,NewYork,BREAK,2021.06.11 20:00,BREAK,2021.06.17 11:00,B-ZC-BO,S-ZF-BO,S-ZG-BR,S-ZO-BR,B-ZO-UN,B-ZB-BO,B-ZB-BR,B-ZF-BO,B-ZE-BR,S-ZO-BR,S-ZB-BR,S-ZF-BR,S-ZB-BR,S-ZB-BR,B-ZD-UN,S-ZH-BR,S-ZD-BR,B-ZF-UN,S-ZD-BO,S-ZB-BO
245,2021.06.12 00:00,EURJPY,60,86400,SELL,ZB,1,133.758,133.042,716.0,133.413,132.659,754.0,105.307,48.18,371.0,169.0,133.413,133.042,132.288,BREAK,2021.06.17 11:00,0,,0,,0,,0,NA,London,BREAK,2021.06.17 18:00,BREAK,2021.06.17 19:00,134.129,UNTOUCHED,,0,,0,,0,,0,NA,Other,NA,,NA,,132.671,BOUNCE,2021.06.14 01:00,0,,0,,0,,0,NA,Asia,NA,,NA,,133.784,UNTOUCHED,,0,,0,,0,,0,NA,Other,NA,,NA,,B-ZF-UN,B-ZC-BO,S-ZF-BO,S-ZG-BR,S-ZO-BR,B-ZO-UN,B-ZB-BO,B-ZB-BR,B-ZF-BO,B-ZE-BR,S-ZF-BR,S-ZB-BR,S-ZB-BR,B-ZD-UN,S-ZH-BR,S-ZD-BR,B-ZF-UN,S-ZD-BO,S-ZB-BO,S-ZE-BO
246,2021.06.17 00:00,EURJPY,60,86400,SELL,ZF,1,133.682,133.272,410.0,133.584,132.684,900.0,219.512,23.90,312.0,96.8,133.584,133.272,132.372,BREAK,2021.06.17 11:00,0,,0,,0,,0,NA,London,BREAK,2021.06.17 16:00,BREAK,2021.06.17 18:00,133.994,UNTOUCHED,,0,,0,,0,,0,NA,Other,NA,,NA,,132.960,BREAK,2021.06.17 00:00,0,,0,,0,,0,NA,Asia,BREAK,2021.06.17 11:00,BREAK,2021.06.17 12:00,133.896,UNTOUCHED,,0,,0,,0,,0,NA,Other,NA,,NA,,S-ZB-BR,B-ZF-UN,B-ZC-BO,S-ZF-BO,S-ZG-BR,S-ZO-BR,B-ZO-UN,B-ZB-BO,B-ZB-BR,B-ZF-BO,S-ZB-BR,S-ZB-BR,B-ZD-UN,S-ZH-BR,S-ZD-BR,B-ZF-UN,S-ZD-BO,S-ZB-BO,S-ZE-BO,B-ZD-BO
247,2021.06.18 00:00,EURJPY,60,86400,SELL,ZB,1,133.584,132.684,900.0,132.913,131.022,1891.0,210.111,74.56,229.0,212.4,132.913,132.684,130.793,BREAK,2021.06.18 19:00,0,,0,,0,,0,NA,NewYork,BREAK,2021.06.21 07:00,BREAK,2021.06.21 08:00,133.813,UNTOUCHED,,0,,0,,0,,0,NA,Other,NA,,NA,,132.455,BREAK,2021.06.18 00:00,0,,0,,0,,0,NA,Asia,BREAK,2021.06.18 01:00,BREAK,2021.06.18 02:00,133.142,UNTOUCHED,,0,,0,,0,,0,NA,Other,NA,,NA,,S-ZF-BR,S-ZB-BR,B-ZF-UN,B-ZC-BO,S-ZF-BO,S-ZG-BR,S-ZO-BR,B-ZO-UN,B-ZB-BO,B-ZB-BR,S-ZB-BR,B-ZD-UN,S-ZH-BR,S-ZD-BR,B-ZF-UN,S-ZD-BO,S-ZB-BO,S-ZE-BO,B-ZD-BO,B-ZO-UN
248,2021.06.30 00:00,EURJPY,60,86400,SELL,ZB,1,132.346,131.777,569.0,131.967,131.277,690.0,121.265,66.61,190.0,134.3,131.967,131.777,131.087,BREAK,2021.07.06 14:00,0,,0,,0,,0,NA,NewYork,BREAK,2021.07.06 18:00,BREAK,2021.07.07 04:00,132.536,UNTOUCHED,,0,,0,,0,,0,NA,Other,NA,,NA,,131.587,BREAK,2021.06.30 00:00,0,,0,,0,,0,NA,Asia,BOUNCE,2021.06.30 10:00,NA,,132.157,BOUNCE,2021.07.01 13:00,1,2021.07.05 12:00,1,2021.07.05 12:00,0,,2,3d 23h,NewYork,NA,,NA,,S-ZB-BR,S-ZF-BR,S-ZB-BR,B-ZF-UN,B-ZC-BO,S-ZF-BO,S-ZG-BR,S-ZO-BR,B-ZO-UN,B-ZB-BO,B-ZD-UN,S-ZH-BR,S-ZD-BR,B-ZF-UN,S-ZD-BO,S-ZB-BO,S-ZE-BO,B-ZD-BO,B-ZO-UN,S-ZG-BR
249,2021.07.02 00:00,EURJPY,60,86400,BUY,ZD,1,131.731,131.277,454.0,132.430,131.560,870.0,191.630,62.33,171.0,107.1,131.731,131.560,132.601,UNTOUCHED,,0,,0,,0,,0,NA,Other,NA,,NA,,131.106,BREAK,2021.07.06 14:00,0,,0,,0,,0,NA,NewYork,BREAK,2021.07.06 18:00,BREAK,2021.07.06 20:00,131.902,BREAK,2021.07.02 00:00,0,,0,,0,,0,NA,Asia,BREAK,2021.07.02 02:00,UNTOUCHED,,131.389,BREAK,2021.07.06 12:00,0,,0,,0,,0,NA,London,BREAK,2021.07.06 14:00,BREAK,2021.07.06 17:00,S-ZB-BR,S-ZB-BR,S-ZF-BR,S-ZB-BR,B-ZF-UN,B-ZC-BO,S-ZF-BO,S-ZG-BR,S-ZO-BR,B-ZO-UN,S-ZH-BR,S-ZD-BR,B-ZF-UN,S-ZD-BO,S-ZB-BO,S-ZE-BO,B-ZD-BO,B-ZO-UN,S-ZG-BR,B-ZC-UN
250,2021.07.07 00:00,EURJPY,60,86400,SELL,ZH,1,131.867,131.544,323.0,131.861,130.618,1243.0,384.830,1.86,317.0,76.2,131.861,131.544,130.301,BREAK,2021.07.08 05:00,0,,0,,0,,0,NA,Asia,BREAK,2021.07.08 11:00,BOUNCE,2021.07.08 13:00,132.184,UNTOUCHED,,0,,0,,0,,0,NA,Other,NA,,NA,,131.227,BREAK,2021.07.07 00:00,0,,0,,0,,0,NA,Asia,BREAK,2021.07.07 01:00,BREAK,2021.07.07 04:00,132.178,UNTOUCHED,,0,,0,,0,,0,NA,Other,NA,,NA,,B-ZD-UN,S-ZB-BR,S-ZB-BR,S-ZF-BR,S-ZB-BR,B-ZF-UN,B-ZC-BO,S-ZF-BO,S-ZG-BR,S-ZO-BR,S-ZD-BR,B-ZF-UN,S-ZD-BO,S-ZB-BO,S-ZE-BO,B-ZD-BO,B-ZO-UN,S-ZG-BR,B-ZC-UN,S-ZD-BR
251,2021.07.08 00:00,EURJPY,60,86400,SELL,ZD,1,131.861,130.618,1243.0,131.035,130.437,598.0,48.109,66.45,417.0,293.3,131.035,130.618,130.020,BREAK,2021.07.08 10:00,0,,0,,0,,0,NA,London,BOUNCE,2021.07.16 11:00,NA,,132.278,UNTOUCHED,,0,,0,,0,,0,NA,Other,NA,,NA,,130.201,BREAK,2021.07.08 05:00,0,,0,,0,,0,NA,Asia,BOUNCE,2021.07.09 09:00,NA,,131.452,UNTOUCHED,,0,,0,,0,,0,NA,Other,NA,,NA,,S-ZH-BR,B-ZD-UN,S-ZB-BR,S-ZB-BR,S-ZF-BR,S-ZB-BR,B-ZF-UN,B-ZC-BO,S-ZF-BO,S-ZG-BR,B-ZF-UN,S-ZD-BO,S-ZB-BO,S-ZE-BO,B-ZD-BO,B-ZO-UN,S-ZG-BR,B-ZC-UN,S-ZD-BR,S-ZO-BR
252,2021.07.10 00:00,EURJPY,60,86400,BUY,ZF,0,130.525,129.620,905.0,130.872,129.870,1002.0,110.718,27.62,655.0,213.6,130.525,129.870,131.527,UNTOUCHED,,0,,0,,0,,0,NA,Other,NA,,NA,,128.965,BREAK,2021.07.19 16:00,0,,0,,0,,0,NA,NewYork,BREAK,2021.08.19 12:00,UNTOUCHED,,131.180,UNTOUCHED,,0,,0,,0,,0,NA,Other,NA,,NA,,129.215,BREAK,2021.07.19 12:00,0,,0,,0,,0,NA,London,BREAK,2021.08.17 20:00,UNTOUCHED,,S-ZD-BR,S-ZH-BR,B-ZD-UN,S-ZB-BR,S-ZB-BR,S-ZF-BR,S-ZB-BR,B-ZF-UN,B-ZC-BO,S-ZF-BO,S-ZD-BO,S-ZB-BO,S-ZE-BO,B-ZD-BO,B-ZO-UN,S-ZG-BR,B-ZC-UN,S-ZD-BR,S-ZO-BR,B-ZB-BR
253,2021.07.15 00:00,EURJPY,60,86400,SELL,ZD,1,131.087,130.211,876.0,130.433,130.019,414.0,47.260,74.66,222.0,206.7,130.433,130.211,129.797,BOUNCE,2021.07.15 21:00,1,2021.07.16 17:00,0,,0,,1,20h,Other,NA,,NA,,131.309,UNTOUCHED,,0,,0,,0,,0,NA,Other,NA,,NA,,129.989,BREAK,2021.07.15 04:00,0,,0,,0,,0,NA,Asia,BOUNCE,2021.07.16 11:00,NA,,130.655,UNTOUCHED,,0,,0,,0,,0,NA,Other,NA,,NA,,B-ZF-UN,S-ZD-BR,S-ZH-BR,B-ZD-UN,S-ZB-BR,S-ZB-BR,S-ZF-BR,S-ZB-BR,B-ZF-UN,B-ZC-BO,S-ZB-BO,S-ZE-BO,B-ZD-BO,B-ZO-UN,S-ZG-BR,B-ZC-UN,S-ZD-BR,S-ZO-BR,B-ZB-BR,B-ZG-BR
254,2021.07.16 00:00,EURJPY,60,86400,SELL,ZB,1,130.433,130.019,414.0,130.201,129.613,588.0,142.029,56.04,182.0,97.7,130.201,130.019,129.431,BOUNCE,2021.07.19 11:00,1,2021.07.21 17:00,1,2021.07.29 11:00,0,,2,1w 3d,London,NA,,NA,,130.615,UNTOUCHED,,0,,0,,0,,0,NA,Other,NA,,NA,,129.837,BREAK,2021.07.16 00:00,0,,0,,0,,0,NA,Asia,BOUNCE,2021.07.16 05:00,NA,,130.383,BOUNCE,2021.07.29 11:00,1,2021.08.02 18:00,1,2021.08.02 18:00,0,,2,4d 7h,London,NA,,NA,,S-ZD-BO,B-ZF-UN,S-ZD-BR,S-ZH-BR,B-ZD-UN,S-ZB-BR,S-ZB-BR,S-ZF-BR,S-ZB-BR,B-ZF-UN,S-ZE-BO,B-ZD-BO,B-ZO-UN,S-ZG-BR,B-ZC-UN,S-ZD-BR,S-ZO-BR,B-ZB-BR,B-ZG-BR,S-ZO-BR
255,2021.07.21 00:00,EURJPY,60,86400,SELL,ZE,1,129.964,128.888,1076.0,129.485,128.592,893.0,82.993,44.52,597.0,253.9,129.485,128.888,127.995,BOUNCE,2021.08.19 13:00,1,2021.08.25 17:00,1,2021.08.31 14:00,0,,2,1w 5d,NewYork,NA,,NA,,130.561,BOUNCE,2021.07.29 17:00,1,2021.08.03 17:00,1,2021.08.17 20:00,1,2021.08.19 13:00,3,2w 6d,NewYork,NA,,NA,,128.291,BOUNCE,2021.08.17 20:00,1,2021.08.31 14:00,0,,0,,1,1w 6d,NewYork,NA,,NA,,130.082,BOUNCE,2021.07.21 18:00,1,2021.08.17 20:00,1,2021.08.17 20:00,0,,2,3w 6d,NewYork,NA,,NA,,S-ZB-BO,S-ZD-BO,B-ZF-UN,S-ZD-BR,S-ZH-BR,B-ZD-UN,S-ZB-BR,S-ZB-BR,S-ZF-BR,S-ZB-BR,B-ZD-BO,B-ZO-UN,S-ZG-BR,B-ZC-UN,S-ZD-BR,S-ZO-BR,B-ZB-BR,B-ZG-BR,S-ZO-BR,S-ZH-BR
256,2021.07.22 00:00,EURJPY,60,86400,BUY,ZD,1,129.485,128.592,893.0,130.189,129.157,1032.0,115.566,63.27,328.0,210.7,129.485,129.157,130.517,BOUNCE,2021.07.29 17:00,1,2021.08.02 18:00,1,2021.08.16 13:00,1,2021.08.17 20:00,3,2w 5d,NewYork,NA,,NA,,128.264,BOUNCE,2021.08.17 20:00,1,2021.08.18 22:00,1,2021.08.31 07:00,0,,2,1w 6d,NewYork,NA,,NA,,129.813,BREAK,2021.07.22 00:00,0,,0,,0,,0,NA,Asia,BOUNCE,2021.07.22 16:00,NA,,128.829,BREAK,2021.08.16 13:00,0,,0,,0,,0,NA,NewYork,BOUNCE,2021.08.17 12:00,NA,,S-ZE-BO,S-ZB-BO,S-ZD-BO,B-ZF-UN,S-ZD-BR,S-ZH-BR,B-ZD-UN,S-ZB-BR,S-ZB-BR,S-ZF-BR,B-ZO-UN,S-ZG-BR,B-ZC-UN,S-ZD-BR,S-ZO-BR,B-ZB-BR,B-ZG-BR,S-ZO-BR,S-ZH-BR,S-ZD-UN
257,2021.07.23 00:00,EURJPY,60,86400,BUY,ZO,0,130.189,129.157,1032.0,130.295,129.483,812.0,78.682,31.59,706.0,243.6,130.189,129.483,131.001,UNTOUCHED,,0,,0,,0,,0,NA,Other,NA,,NA,,128.451,BREAK,2021.08.17 11:00,0,,0,,0,,0,NA,London,UNTOUCHED,,NA,,130.895,UNTOUCHED,,0,,0,,0,,0,NA,Other,NA,,NA,,128.777,BREAK,2021.08.16 14:00,0,,0,,0,,0,NA,NewYork,BOUNCE,2021.08.23 07:00,NA,,B-ZD-BO,S-ZE-BO,S-ZB-BO,S-ZD-BO,B-ZF-UN,S-ZD-BR,S-ZH-BR,B-ZD-UN,S-ZB-BR,S-ZB-BR,S-ZG-BR,B-ZC-UN,S-ZD-BR,S-ZO-BR,B-ZB-BR,B-ZG-BR,S-ZO-BR,S-ZH-BR,S-ZD-UN,S-ZF-UN
258,2021.07.28 00:00,EURJPY,60,86400,SELL,ZG,0,130.346,129.674,672.0,130.319,129.545,774.0,115.179,4.02,645.0,158.6,130.319,129.674,128.900,BREAK,2021.08.16 10:00,0,,0,,0,,0,NA,London,BOUNCE,2021.08.18 22:00,NA,,130.991,UNTOUCHED,,0,,0,,0,,0,NA,Other,NA,,NA,,129.029,BREAK,2021.08.16 06:00,0,,0,,0,,0,NA,Asia,BREAK,2021.08.18 06:00,UNTOUCHED,,130.964,UNTOUCHED,,0,,0,,0,,0,NA,Other,NA,,NA,,B-ZO-UN,B-ZD-BO,S-ZE-BO,S-ZB-BO,S-ZD-BO,B-ZF-UN,S-ZD-BR,S-ZH-BR,B-ZD-UN,S-ZB-BR,B-ZC-UN,S-ZD-BR,S-ZO-BR,B-ZB-BR,B-ZG-BR,S-ZO-BR,S-ZH-BR,S-ZD-UN,S-ZF-UN,B-ZF-BR
259,2021.07.30 00:00,EURJPY,60,86400,BUY,ZC,1,130.235,129.622,613.0,130.561,129.895,666.0,108.646,44.54,340.0,144.7,130.235,129.895,130.901,UNTOUCHED,,0,,0,,0,,0,NA,Other,NA,,NA,,129.282,BREAK,2021.08.03 17:00,0,,0,,0,,0,NA,NewYork,BREAK,2021.08.16 14:00,BREAK,2021.08.17 11:00,130.575,BREAK,2021.09.02 21:00,0,,0,,0,,0,NA,Other,BREAK,2021.10.11 18:00,BOUNCE,2021.10.12 18:00,129.555,BREAK,2021.08.03 10:00,0,,0,,0,,0,NA,London,BOUNCE,2021.08.04 10:00,NA,,S-ZG-BR,B-ZO-UN,B-ZD-BO,S-ZE-BO,S-ZB-BO,S-ZD-BO,B-ZF-UN,S-ZD-BR,S-ZH-BR,B-ZD-UN,S-ZD-BR,S-ZO-BR,B-ZB-BR,B-ZG-BR,S-ZO-BR,S-ZH-BR,S-ZD-UN,S-ZF-UN,B-ZF-BR,B-ZE-BO
260,2021.08.04 00:00,EURJPY,60,86400,SELL,ZD,1,130.418,129.598,820.0,129.868,129.165,703.0,85.732,67.07,270.0,193.5,129.868,129.598,128.895,BREAK,2021.08.16 10:00,0,,0,,0,,0,NA,London,BREAK,2021.08.17 11:00,BOUNCE,2021.08.18 15:00,130.688,BOUNCE,2021.09.03 06:00,1,2021.09.06 01:00,0,,0,,1,2d 19h,Asia,NA,,NA,,129.328,BOUNCE,2021.08.04 01:00,1,2021.08.31 15:00,1,2021.09.03 06:00,0,,2,4w 2d,Asia,NA,,NA,,130.138,BOUNCE,2021.08.31 15:00,0,,0,,0,,0,NA,NewYork,NA,,NA,,B-ZC-UN,S-ZG-BR,B-ZO-UN,B-ZD-BO,S-ZE-BO,S-ZB-BO,S-ZD-BO,B-ZF-UN,S-ZD-BR,S-ZH-BR,S-ZO-BR,B-ZB-BR,B-ZG-BR,S-ZO-BR,S-ZH-BR,S-ZD-UN,S-ZF-UN,B-ZF-BR,B-ZE-BO,S-ZO-BO
261,2021.08.05 00:00,EURJPY,60,86400,SELL,ZO,0,129.868,129.165,703.0,129.818,129.135,683.0,97.155,7.11,653.0,165.9,129.818,129.165,128.482,BREAK,2021.08.17 11:00,0,,0,,0,,0,NA,London,UNTOUCHED,,NA,,130.521,BREAK,2021.09.02 18:00,0,,0,,0,,0,NA,NewYork,BREAK,2021.10.13 14:00,BREAK,2021.10.15 03:00,128.512,BREAK,2021.08.16 17:00,0,,0,,0,,0,NA,NewYork,UNTOUCHED,,NA,,130.471,BREAK,2021.09.02 18:00,0,,0,,0,,0,NA,NewYork,BREAK,2021.10.13 14:00,BREAK,2021.10.15 03:00,S-ZD-BR,B-ZC-UN,S-ZG-BR,B-ZO-UN,B-ZD-BO,S-ZE-BO,S-ZB-BO,S-ZD-BO,B-ZF-UN,S-ZD-BR,B-ZB-BR,B-ZG-BR,S-ZO-BR,S-ZH-BR,S-ZD-UN,S-ZF-UN,B-ZF-BR,B-ZE-BO,S-ZO-BO,B-ZB-BR
262,2021.08.06 00:00,EURJPY,60,86400,BUY,ZB,1,129.818,129.135,683.0,130.011,129.525,486.0,71.157,57.10,293.0,161.2,129.818,129.525,130.304,BREAK,2021.09.01 11:00,0,,0,,0,,0,NA,London,BOUNCE,2021.09.03 17:00,NA,,128.842,BREAK,2021.08.16 11:00,0,,0,,0,,0,NA,London,BREAK,2021.08.17 11:00,BOUNCE,2021.08.18 12:00,130.111,BOUNCE,2021.08.31 14:00,1,2021.09.15 10:00,1,2021.09.16 11:00,0,,2,2w 1d,NewYork,NA,,NA,,129.232,BREAK,2021.08.16 01:00,0,,0,,0,,0,NA,Asia,BREAK,2021.08.16 14:00,BREAK,2021.08.17 11:00,S-ZO-BR,S-ZD-BR,B-ZC-UN,S-ZG-BR,B-ZO-UN,B-ZD-BO,S-ZE-BO,S-ZB-BO,S-ZD-BO,B-ZF-UN,B-ZG-BR,S-ZO-BR,S-ZH-BR,S-ZD-UN,S-ZF-UN,B-ZF-BR,B-ZE-BO,S-ZO-BO,B-ZB-BR,B-ZB-BR
263,2021.08.12 00:00,EURJPY,60,86400,BUY,ZG,0,129.684,129.394,290.0,129.804,129.498,306.0,105.517,35.86,186.0,68.4,129.684,129.498,129.990,BREAK,2021.08.31 13:00,0,,0,,0,,0,NA,NewYork,BREAK,2021.09.01 11:00,BREAK,2021.09.01 14:00,129.208,BOUNCE,2021.08.16 01:00,1,2021.08.26 11:00,1,2021.08.31 07:00,1,2021.08.31 13:00,3,2w 1d,Asia,NA,,NA,,129.870,BREAK,2021.08.31 07:00,0,,0,,0,,0,NA,London,BREAK,2021.08.31 15:00,BREAK,2021.09.01 11:00,129.312,BREAK,2021.08.13 22:00,0,,0,,0,,0,NA,Other,BREAK,2021.08.16 06:00,BREAK,2021.08.16 10:00,B-ZB-BR,S-ZO-BR,S-ZD-BR,B-ZC-UN,S-ZG-BR,B-ZO-UN,B-ZD-BO,S-ZE-BO,S-ZB-BO,S-ZD-BO,S-ZO-BR,S-ZH-BR,S-ZD-UN,S-ZF-UN,B-ZF-BR,B-ZE-BO,S-ZO-BO,B-ZB-BR,B-ZB-BR,B-ZB-BR
264,2021.08.13 00:00,EURJPY,60,86400,SELL,ZO,0,129.804,129.498,306.0,129.709,129.389,320.0,104.575,31.05,211.0,72.2,129.709,129.498,129.178,BREAK,2021.08.16 04:00,0,,0,,0,,0,NA,Asia,BREAK,2021.08.16 10:00,BREAK,2021.08.16 16:00,130.015,BREAK,2021.08.31 13:00,0,,0,,0,,0,NA,NewYork,BREAK,2021.09.01 11:00,BOUNCE,2021.09.01 17:00,129.287,BREAK,2021.08.13 22:00,0,,0,,0,,0,NA,Other,BOUNCE,2021.08.16 04:00,NA,,129.920,BREAK,2021.08.31 08:00,0,,0,,0,,0,NA,London,BOUNCE,2021.08.31 16:00,NA,,B-ZG-BR,B-ZB-BR,S-ZO-BR,S-ZD-BR,B-ZC-UN,S-ZG-BR,B-ZO-UN,B-ZD-BO,S-ZE-BO,S-ZB-BO,S-ZH-BR,S-ZD-UN,S-ZF-UN,B-ZF-BR,B-ZE-BO,S-ZO-BO,B-ZB-BR,B-ZB-BR,B-ZB-BR,B-ZO-BO
265,2021.08.14 00:00,EURJPY,60,86400,SELL,ZH,0,129.709,129.389,320.0,129.696,129.236,460.0,143.750,4.06,307.0,75.5,129.696,129.389,128.929,BREAK,2021.08.16 10:00,0,,0,,0,,0,NA,London,BREAK,2021.08.16 17:00,BREAK,2021.08.18 05:00,130.016,BREAK,2021.08.31 13:00,0,,0,,0,,0,NA,NewYork,BREAK,2021.09.01 12:00,BREAK,2021.09.03 06:00,129.082,BREAK,2021.08.16 04:00,0,,0,,0,,0,NA,Asia,BREAK,2021.08.16 16:00,BREAK,2021.08.17 11:00,130.003,BREAK,2021.08.31 13:00,0,,0,,0,,0,NA,NewYork,BREAK,2021.09.01 12:00,BREAK,2021.09.03 06:00,S-ZO-BR,B-ZG-BR,B-ZB-BR,S-ZO-BR,S-ZD-BR,B-ZC-UN,S-ZG-BR,B-ZO-UN,B-ZD-BO,S-ZE-BO,S-ZD-UN,S-ZF-UN,B-ZF-BR,B-ZE-BO,S-ZO-BO,B-ZB-BR,B-ZB-BR,B-ZB-BR,B-ZO-BO,B-ZF-BR
266,2021.08.18 00:00,EURJPY,60,86400,SELL,ZD,1,129.431,128.498,933.0,128.873,128.251,622.0,66.667,59.81,375.0,220.2,128.873,128.498,127.876,UNTOUCHED,,0,,0,,0,,0,NA,Other,NA,,NA,,129.806,BREAK,2021.08.31 07:00,0,,0,,0,,0,NA,London,BREAK,2021.09.01 12:00,BOUNCE,2021.09.06 01:00,128.123,BOUNCE,2021.08.19 12:00,1,2021.08.25 18:00,1,2021.08.31 07:00,0,,2,1w 4d,London,NA,,NA,,129.248,BREAK,2021.08.25 18:00,0,,0,,0,,0,NA,NewYork,BOUNCE,2021.08.26 19:00,NA,,S-ZH-BR,S-ZO-BR,B-ZG-BR,B-ZB-BR,S-ZO-BR,S-ZD-BR,B-ZC-UN,S-ZG-BR,B-ZO-UN,B-ZD-BO,S-ZF-UN,B-ZF-BR,B-ZE-BO,S-ZO-BO,B-ZB-BR,B-ZB-BR,B-ZB-BR,B-ZO-BO,B-ZF-BR,S-ZB-BR
267,2021.08.20 00:00,EURJPY,60,86400,SELL,ZF,0,128.943,128.217,726.0,128.705,127.928,777.0,107.025,32.78,488.0,171.3,128.705,128.217,127.440,UNTOUCHED,,0,,0,,0,,0,NA,Other,NA,,NA,,129.431,BREAK,2021.08.25 20:00,0,,0,,0,,0,NA,NewYork,BREAK,2021.08.31 14:00,BREAK,2021.09.02 21:00,127.729,UNTOUCHED,,0,,0,,0,,0,NA,Other,NA,,NA,,129.193,BREAK,2021.08.25 17:00,0,,0,,0,,0,NA,NewYork,BOUNCE,2021.08.27 04:00,NA,,S-ZD-UN,S-ZH-BR,S-ZO-BR,B-ZG-BR,B-ZB-BR,S-ZO-BR,S-ZD-BR,B-ZC-UN,S-ZG-BR,B-ZO-UN,B-ZF-BR,B-ZE-BO,S-ZO-BO,B-ZB-BR,B-ZB-BR,B-ZB-BR,B-ZO-BO,B-ZF-BR,S-ZB-BR,S-ZO-BR
268,2021.08.26 00:00,EURJPY,60,86400,BUY,ZF,1,129.031,128.593,438.0,129.535,128.741,794.0,181.279,33.79,290.0,103.4,129.031,128.741,129.825,BREAK,2021.08.31 07:00,0,,0,,0,,0,NA,London,BOUNCE,2021.08.31 16:00,NA,,128.303,BREAK,2021.09.20 13:00,0,,0,,0,,0,NA,NewYork,BOUNCE,2021.09.22 05:00,NA,,129.321,BREAK,2021.08.26 00:00,0,,0,,0,,0,NA,Asia,BREAK,2021.08.26 11:00,BREAK,2021.08.31 13:00,128.451,BREAK,2021.09.20 12:00,0,,0,,0,,0,NA,London,BOUNCE,2021.09.20 17:00,NA,,S-ZF-UN,S-ZD-UN,S-ZH-BR,S-ZO-BR,B-ZG-BR,B-ZB-BR,S-ZO-BR,S-ZD-BR,B-ZC-UN,S-ZG-BR,B-ZE-BO,S-ZO-BO,B-ZB-BR,B-ZB-BR,B-ZB-BR,B-ZO-BO,B-ZF-BR,S-ZB-BR,S-ZO-BR,S-ZG-BR
269,2021.08.27 00:00,EURJPY,60,86400,BUY,ZE,1,129.535,128.741,794.0,129.765,129.226,539.0,67.884,61.08,309.0,187.4,129.535,129.226,130.074,BOUNCE,2021.08.31 14:00,1,2021.09.14 22:00,1,2021.09.16 10:00,1,2021.09.20 12:00,3,2w 5d,NewYork,NA,,NA,,128.432,BREAK,2021.09.20 12:00,0,,0,,0,,0,NA,London,BREAK,2021.09.22 01:00,UNTOUCHED,,129.844,BREAK,2021.08.31 07:00,0,,0,,0,,0,NA,London,BOUNCE,2021.08.31 16:00,NA,,128.917,BREAK,2021.09.16 10:00,0,,0,,0,,0,NA,London,BOUNCE,2021.09.16 16:00,NA,,B-ZF-BR,S-ZF-UN,S-ZD-UN,S-ZH-BR,S-ZO-BR,B-ZG-BR,B-ZB-BR,S-ZO-BR,S-ZD-BR,B-ZC-UN,S-ZO-BO,B-ZB-BR,B-ZB-BR,B-ZB-BR,B-ZO-BO,B-ZF-BR,S-ZB-BR,S-ZO-BR,S-ZG-BR,B-ZE-BR
270,2021.08.28 00:00,EURJPY,60,86400,SELL,ZO,0,129.765,129.226,539.0,129.748,129.154,594.0,110.204,3.15,522.0,127.2,129.748,129.226,128.632,BOUNCE,2021.09.16 14:00,1,2021.09.24 04:00,1,2021.09.28 16:00,1,2021.09.28 16:00,3,1w 5d,NewYork,NA,,NA,,130.287,BREAK,2021.09.01 11:00,0,,0,,0,,0,NA,London,BREAK,2021.10.11 16:00,BREAK,2021.10.13 22:00,128.704,BOUNCE,2021.09.16 14:00,1,2021.09.28 16:00,1,2021.09.28 16:00,0,,2,1w 5d,NewYork,NA,,NA,,130.270,BREAK,2021.09.01 11:00,0,,0,,0,,0,NA,London,BREAK,2021.10.11 16:00,BREAK,2021.10.13 22:00,B-ZE-BO,B-ZF-BR,S-ZF-UN,S-ZD-UN,S-ZH-BR,S-ZO-BR,B-ZG-BR,B-ZB-BR,S-ZO-BR,S-ZD-BR,B-ZB-BR,B-ZB-BR,B-ZB-BR,B-ZO-BO,B-ZF-BR,S-ZB-BR,S-ZO-BR,S-ZG-BR,B-ZE-BR,S-ZF-UN
271,2021.09.01 00:00,EURJPY,60,86400,BUY,ZB,1,129.707,129.478,229.0,130.175,129.580,595.0,259.825,44.54,127.0,54.0,129.707,129.580,130.302,BREAK,2021.09.01 11:00,0,,0,,0,,0,NA,London,BOUNCE,2021.09.01 16:00,NA,,129.351,BOUNCE,2021.09.15 04:00,1,2021.09.17 15:00,1,2021.09.25 00:00,1,2021.09.28 16:00,3,1w 6d,Asia,NA,,NA,,129.834,BREAK,2021.09.01 00:00,0,,0,,0,,0,NA,Asia,BREAK,2021.09.01 04:00,BREAK,2021.09.01 10:00,129.453,BOUNCE,2021.09.14 22:00,1,2021.09.25 00:00,1,2021.09.25 00:00,0,,2,1w 3d,Other,NA,,NA,,S-ZO-BO,B-ZE-BO,B-ZF-BR,S-ZF-UN,S-ZD-UN,S-ZH-BR,S-ZO-BR,B-ZG-BR,B-ZB-BR,S-ZO-BR,B-ZB-BR,B-ZB-BR,B-ZO-BO,B-ZF-BR,S-ZB-BR,S-ZO-BR,S-ZG-BR,B-ZE-BR,S-ZF-UN,B-ZB-BR
272,2021.09.02 00:00,EURJPY,60,86400,BUY,ZB,1,130.175,129.580,595.0,130.452,129.842,610.0,102.521,44.03,333.0,140.4,130.175,129.842,130.785,BREAK,2021.10.11 16:00,0,,0,,0,,0,NA,NewYork,BOUNCE,2021.10.12 01:00,NA,,129.247,BREAK,2021.09.15 10:00,0,,0,,0,,0,NA,London,BREAK,2021.09.16 12:00,BREAK,2021.09.20 12:00,130.508,BREAK,2021.09.02 18:00,0,,0,,0,,0,NA,NewYork,BREAK,2021.10.11 17:00,BOUNCE,2021.10.12 01:00,129.509,BREAK,2021.09.14 21:00,0,,0,,0,,0,NA,Other,BREAK,2021.09.16 09:00,BREAK,2021.09.16 14:00,B-ZB-BR,S-ZO-BO,B-ZE-BO,B-ZF-BR,S-ZF-UN,S-ZD-UN,S-ZH-BR,S-ZO-BR,B-ZG-BR,B-ZB-BR,B-ZB-BR,B-ZO-BO,B-ZF-BR,S-ZB-BR,S-ZO-BR,S-ZG-BR,B-ZE-BR,S-ZF-UN,B-ZB-BR,B-ZB-BR
273,2021.09.03 00:00,EURJPY,60,86400,BUY,ZB,1,130.452,129.842,610.0,130.594,130.136,458.0,75.082,48.20,316.0,144.0,130.452,130.136,130.910,BREAK,2021.10.11 16:00,0,,0,,0,,0,NA,NewYork,BOUNCE,2021.10.12 18:00,NA,,129.526,BREAK,2021.09.14 21:00,0,,0,,0,,0,NA,Other,BREAK,2021.09.15 16:00,BREAK,2021.09.16 12:00,130.768,BREAK,2021.10.11 16:00,0,,0,,0,,0,NA,NewYork,BOUNCE,2021.10.12 01:00,NA,,129.820,BOUNCE,2021.09.09 16:00,1,2021.10.11 16:00,1,2021.10.11 16:00,0,,2,4w 4d,NewYork,NA,,NA,,B-ZB-BR,B-ZB-BR,S-ZO-BO,B-ZE-BO,B-ZF-BR,S-ZF-UN,S-ZD-UN,S-ZH-BR,S-ZO-BR,B-ZG-BR,B-ZO-BO,B-ZF-BR,S-ZB-BR,S-ZO-BR,S-ZG-BR,B-ZE-BR,S-ZF-UN,B-ZB-BR,B-ZB-BR,B-ZO-BR
274,2021.09.04 00:00,EURJPY,60,86400,BUY,ZO,0,130.594,130.136,458.0,130.744,130.186,558.0,121.834,10.92,408.0,108.1,130.594,130.186,131.152,BOUNCE,2021.10.11 18:00,0,,0,,0,,0,NA,NewYork,NA,,NA,,129.728,BOUNCE,2021.09.09 17:00,1,2021.10.11 10:00,1,2021.10.11 17:00,1,2021.10.11 18:00,3,4w 4d,NewYork,NA,,NA,,131.002,BREAK,2021.10.11 17:00,0,,0,,0,,0,NA,NewYork,BREAK,2021.10.14 05:00,BREAK,2021.10.15 02:00,129.778,BREAK,2021.09.09 16:00,0,,0,,0,,0,NA,NewYork,BREAK,2021.09.15 10:00,BREAK,2021.09.16 11:00,B-ZB-BR,B-ZB-BR,B-ZB-BR,S-ZO-BO,B-ZE-BO,B-ZF-BR,S-ZF-UN,S-ZD-UN,S-ZH-BR,S-ZO-BR,B-ZF-BR,S-ZB-BR,S-ZO-BR,S-ZG-BR,B-ZE-BR,S-ZF-UN,B-ZB-BR,B-ZB-BR,B-ZO-BR,S-ZB-BO
275,2021.09.08 00:00,EURJPY,60,86400,BUY,ZF,0,130.500,130.148,352.0,130.656,130.278,378.0,107.386,36.93,222.0,83.1,130.500,130.278,130.878,BREAK,2021.10.11 16:00,0,,0,,0,,0,NA,NewYork,BREAK,2021.10.11 19:00,BOUNCE,2021.10.13 18:00,129.926,BREAK,2021.09.09 16:00,0,,0,,0,,0,NA,NewYork,BOUNCE,2021.09.10 07:00,NA,,130.722,BREAK,2021.10.11 16:00,0,,0,,0,,0,NA,NewYork,BREAK,2021.10.11 18:00,BOUNCE,2021.10.11 22:00,130.056,BREAK,2021.09.09 11:00,0,,0,,0,,0,NA,London,BOUNCE,2021.09.09 16:00,NA,,B-ZO-BO,B-ZB-BR,B-ZB-BR,B-ZB-BR,S-ZO-BO,B-ZE-BO,B-ZF-BR,S-ZF-UN,S-ZD-UN,S-ZH-BR,S-ZB-BR,S-ZO-BR,S-ZG-BR,B-ZE-BR,S-ZF-UN,B-ZB-BR,B-ZB-BR,B-ZO-BR,S-ZB-BO,B-ZG-BR
276,2021.09.10 00:00,EURJPY,60,86400,SELL,ZB,1,130.696,130.173,523.0,130.327,129.665,662.0,126.577,70.55,154.0,123.4,130.327,130.173,129.511,BREAK,2021.09.14 21:00,0,,0,,0,,0,NA,Other,BOUNCE,2021.09.15 04:00,NA,,130.850,BREAK,2021.10.11 16:00,0,,0,,0,,0,NA,NewYork,BOUNCE,2021.10.11 17:00,NA,,130.019,BREAK,2021.09.10 00:00,0,,0,,0,,0,NA,Asia,BREAK,2021.09.10 01:00,BOUNCE,2021.09.10 06:00,130.481,BREAK,2021.10.11 09:00,0,,0,,0,,0,NA,London,BREAK,2021.10.11 16:00,BREAK,2021.10.11 17:00,B-ZF-BR,B-ZO-BO,B-ZB-BR,B-ZB-BR,B-ZB-BR,S-ZO-BO,B-ZE-BO,B-ZF-BR,S-ZF-UN,S-ZD-UN,S-ZO-BR,S-ZG-BR,B-ZE-BR,S-ZF-UN,B-ZB-BR,B-ZB-BR,B-ZO-BR,S-ZB-BO,B-ZG-BR,B-ZB-BR
277,2021.09.11 00:00,EURJPY,60,86400,SELL,ZO,0,130.327,129.665,662.0,130.277,129.645,632.0,95.468,7.55,612.0,156.2,130.277,129.665,129.033,BREAK,2021.09.16 09:00,0,,0,,0,,0,NA,London,BREAK,2021.09.20 14:00,UNTOUCHED,,130.939,BREAK,2021.10.11 16:00,0,,0,,0,,0,NA,NewYork,BREAK,2021.10.14 10:00,BREAK,2021.10.15 09:00,129.053,BREAK,2021.09.16 09:00,0,,0,,0,,0,NA,London,BREAK,2021.09.20 13:00,UNTOUCHED,,130.889,BREAK,2021.10.11 16:00,0,,0,,0,,0,NA,NewYork,BREAK,2021.10.14 07:00,BREAK,2021.10.15 07:00,S-ZB-BR,B-ZF-BR,B-ZO-BO,B-ZB-BR,B-ZB-BR,B-ZB-BR,S-ZO-BO,B-ZE-BO,B-ZF-BR,S-ZF-UN,S-ZG-BR,B-ZE-BR,S-ZF-UN,B-ZB-BR,B-ZB-BR,B-ZO-BR,S-ZB-BO,B-ZG-BR,B-ZB-BR,B-ZC-BR
278,2021.09.17 00:00,EURJPY,60,86400,SELL,ZG,1,129.531,129.057,474.0,129.355,128.605,750.0,158.228,37.13,298.0,111.9,129.355,129.057,128.307,BREAK,2021.09.20 13:00,0,,0,,0,,0,NA,NewYork,BOUNCE,2021.09.22 05:00,NA,,129.829,BOUNCE,2021.09.25 00:00,1,2021.09.30 19:00,1,2021.10.01 01:00,0,,2,6d 1h,Asia,NA,,NA,,128.759,BREAK,2021.09.20 06:00,0,,0,,0,,0,NA,Asia,BREAK,2021.09.20 13:00,BOUNCE,2021.09.20 17:00,129.653,BOUNCE,2021.09.17 15:00,1,2021.09.20 06:00,1,2021.09.20 06:00,0,,2,2d 15h,NewYork,NA,,NA,,S-ZO-BR,S-ZB-BR,B-ZF-BR,B-ZO-BO,B-ZB-BR,B-ZB-BR,B-ZB-BR,S-ZO-BO,B-ZE-BO,B-ZF-BR,B-ZE-BR,S-ZF-UN,B-ZB-BR,B-ZB-BR,B-ZO-BR,S-ZB-BO,B-ZG-BR,B-ZB-BR,B-ZC-BR,B-ZF-BR
279,2021.09.18 00:00,EURJPY,60,86400,BUY,ZE,1,129.355,128.605,750.0,129.669,128.902,767.0,102.267,39.60,453.0,177.0,129.355,128.902,130.122,BREAK,2021.09.28 09:00,0,,0,,0,,0,NA,London,BREAK,2021.10.11 16:00,BREAK,2021.10.11 19:00,128.152,BOUNCE,2021.09.20 16:00,1,2021.09.23 16:00,1,2021.09.25 00:00,1,2021.09.28 09:00,3,1w 0d,NewYork,NA,,NA,,129.808,BREAK,2021.09.25 00:00,0,,0,,0,,0,NA,Asia,BREAK,2021.09.29 04:00,BREAK,2021.10.11 16:00,128.449,BREAK,2021.09.20 12:00,0,,0,,0,,0,NA,London,BOUNCE,2021.09.22 09:00,NA,,S-ZG-BR,S-ZO-BR,S-ZB-BR,B-ZF-BR,B-ZO-BO,B-ZB-BR,B-ZB-BR,B-ZB-BR,S-ZO-BO,B-ZE-BO,S-ZF-UN,B-ZB-BR,B-ZB-BR,B-ZO-BR,S-ZB-BO,B-ZG-BR,B-ZB-BR,B-ZC-BR,B-ZF-BR,B-ZB-BR
280,2021.09.22 00:00,EURJPY,60,86400,SELL,ZF,0,129.025,128.141,884.0,128.703,127.997,706.0,79.864,36.43,562.0,208.6,128.703,128.141,127.435,UNTOUCHED,,0,,0,,0,,0,NA,Other,NA,,NA,,129.587,BREAK,2021.09.24 04:00,0,,0,,0,,0,NA,Asia,BREAK,2021.09.28 16:00,BREAK,2021.10.11 16:00,127.579,UNTOUCHED,,0,,0,,0,,0,NA,Other,NA,,NA,,129.265,BREAK,2021.09.23 18:00,0,,0,,0,,0,NA,NewYork,BREAK,2021.09.28 07:00,BOUNCE,2021.09.29 11:00,B-ZE-BR,S-ZG-BR,S-ZO-BR,S-ZB-BR,B-ZF-BR,B-ZO-BO,B-ZB-BR,B-ZB-BR,B-ZB-BR,S-ZO-BO,B-ZB-BR,B-ZB-BR,B-ZO-BR,S-ZB-BO,B-ZG-BR,B-ZB-BR,B-ZC-BR,B-ZF-BR,B-ZB-BR,B-ZO-UN
281,2021.09.24 00:00,EURJPY,60,86400,BUY,ZB,1,128.771,127.920,851.0,129.526,128.266,1260.0,148.061,40.66,505.0,200.8,128.771,128.266,130.031,BREAK,2021.09.28 07:00,0,,0,,0,,0,NA,London,BREAK,2021.10.11 16:00,BREAK,2021.10.12 16:00,127.415,UNTOUCHED,,0,,0,,0,,0,NA,Other,NA,,NA,,129.276,BREAK,2021.09.24 00:00,0,,0,,0,,0,NA,Asia,BREAK,2021.09.28 06:00,BOUNCE,2021.09.29 12:00,127.761,UNTOUCHED,,0,,0,,0,,0,NA,Other,NA,,NA,,S-ZF-UN,B-ZE-BR,S-ZG-BR,S-ZO-BR,S-ZB-BR,B-ZF-BR,B-ZO-BO,B-ZB-BR,B-ZB-BR,B-ZB-BR,B-ZB-BR,B-ZO-BR,S-ZB-BO,B-ZG-BR,B-ZB-BR,B-ZC-BR,B-ZF-BR,B-ZB-BR,B-ZO-UN,S-ZF-BO
282,2021.09.29 00:00,EURJPY,60,86400,BUY,ZB,1,129.934,129.482,452.0,130.379,129.663,716.0,158.407,40.04,271.0,106.7,129.934,129.663,130.650,BREAK,2021.10.11 11:00,0,,0,,0,,0,NA,London,BREAK,2021.10.11 18:00,BOUNCE,2021.10.12 00:00,129.211,BREAK,2021.09.30 19:00,0,,0,,0,,0,NA,NewYork,BREAK,2021.09.30 21:00,BOUNCE,2021.10.01 15:00,130.205,BREAK,2021.09.29 00:00,0,,0,,0,,0,NA,Asia,BREAK,2021.10.11 11:00,BREAK,2021.10.11 16:00,129.392,BREAK,2021.09.30 18:00,0,,0,,0,,0,NA,NewYork,BREAK,2021.09.30 19:00,BREAK,2021.10.01 01:00,B-ZB-BR,S-ZF-UN,B-ZE-BR,S-ZG-BR,S-ZO-BR,S-ZB-BR,B-ZF-BR,B-ZO-BO,B-ZB-BR,B-ZB-BR,B-ZO-BR,S-ZB-BO,B-ZG-BR,B-ZB-BR,B-ZC-BR,B-ZF-BR,B-ZB-BR,B-ZO-UN,S-ZF-BO,S-ZB-BR
283,2021.09.30 00:00,EURJPY,60,86400,BUY,ZO,0,130.379,129.663,716.0,130.470,129.673,797.0,111.313,1.40,706.0,169.0,130.379,129.673,131.176,BREAK,2021.10.11 18:00,0,,0,,0,,0,NA,NewYork,BREAK,2021.10.15 04:00,BREAK,2021.10.15 15:00,128.957,BREAK,2021.09.30 20:00,0,,0,,0,,0,NA,NewYork,UNTOUCHED,,NA,,131.085,BREAK,2021.10.11 18:00,0,,0,,0,,0,NA,NewYork,BREAK,2021.10.15 03:00,BREAK,2021.10.15 13:00,128.967,BREAK,2021.09.30 20:00,0,,0,,0,,0,NA,NewYork,UNTOUCHED,,NA,,B-ZB-BR,B-ZB-BR,S-ZF-UN,B-ZE-BR,S-ZG-BR,S-ZO-BR,S-ZB-BR,B-ZF-BR,B-ZO-BO,B-ZB-BR,S-ZB-BO,B-ZG-BR,B-ZB-BR,B-ZC-BR,B-ZF-BR,B-ZB-BR,B-ZO-UN,S-ZF-BO,S-ZB-BR,B-ZG-UN
284,2021.10.01 00:00,EURJPY,60,86400,SELL,ZB,1,130.470,129.673,797.0,129.959,128.798,1161.0,145.671,64.12,286.0,188.1,129.959,129.673,128.512,BOUNCE,2021.10.06 14:00,1,2021.10.08 03:00,1,2021.10.11 07:00,1,2021.10.11 16:00,3,5d 2h,NewYork,NA,,NA,,130.756,BREAK,2021.10.11 16:00,0,,0,,0,,0,NA,NewYork,BOUNCE,2021.10.12 01:00,NA,,129.387,BREAK,2021.10.01 00:00,0,,0,,0,,0,NA,Asia,BREAK,2021.10.01 01:00,BREAK,2021.10.01 12:00,130.245,BREAK,2021.10.11 07:00,0,,0,,0,,0,NA,London,BREAK,2021.10.11 16:00,BREAK,2021.10.11 17:00,B-ZO-BR,B-ZB-BR,B-ZB-BR,S-ZF-UN,B-ZE-BR,S-ZG-BR,S-ZO-BR,S-ZB-BR,B-ZF-BR,B-ZO-BO,B-ZG-BR,B-ZB-BR,B-ZC-BR,B-ZF-BR,B-ZB-BR,B-ZO-UN,S-ZF-BO,S-ZB-BR,B-ZG-UN,S-ZG-BR
285,2021.10.06 00:00,EURJPY,60,86400,BUY,ZG,0,129.374,128.540,834.0,129.386,128.756,630.0,75.540,25.90,618.0,196.8,129.374,128.756,130.004,BREAK,2021.10.11 05:00,0,,0,,0,,0,NA,Asia,BREAK,2021.10.11 16:00,BREAK,2021.10.13 21:00,127.922,UNTOUCHED,,0,,0,,0,,0,NA,Other,NA,,NA,,129.992,BREAK,2021.10.11 05:00,0,,0,,0,,0,NA,Asia,BREAK,2021.10.11 16:00,BREAK,2021.10.13 21:00,128.138,UNTOUCHED,,0,,0,,0,,0,NA,Other,NA,,NA,,S-ZB-BO,B-ZO-BR,B-ZB-BR,B-ZB-BR,S-ZF-UN,B-ZE-BR,S-ZG-BR,S-ZO-BR,S-ZB-BR,B-ZF-BR,B-ZB-BR,B-ZC-BR,B-ZF-BR,B-ZB-BR,B-ZO-UN,S-ZF-BO,S-ZB-BR,B-ZG-UN,S-ZG-BR,B-ZO-UN
286,2021.10.09 00:00,EURJPY,60,86400,BUY,ZB,1,129.028,128.630,398.0,129.902,128.872,1030.0,258.794,60.80,156.0,93.9,129.028,128.872,130.058,BREAK,2021.10.11 05:00,0,,0,,0,,0,NA,Asia,BREAK,2021.10.11 07:00,BREAK,2021.10.11 09:00,128.474,BREAK,2021.11.19 16:00,0,,0,,0,,0,NA,NewYork,BREAK,2021.11.19 17:00,BREAK,2021.11.26 12:00,129.184,BREAK,2021.10.09 00:00,0,,0,,0,,0,NA,Asia,BREAK,2021.10.11 01:00,BREAK,2021.10.11 02:00,128.716,BOUNCE,2021.11.19 13:00,0,,0,,0,,0,NA,NewYork,NA,,NA,,B-ZG-BR,S-ZB-BO,B-ZO-BR,B-ZB-BR,B-ZB-BR,S-ZF-UN,B-ZE-BR,S-ZG-BR,S-ZO-BR,S-ZB-BR,B-ZC-BR,B-ZF-BR,B-ZB-BR,B-ZO-UN,S-ZF-BO,S-ZB-BR,B-ZG-UN,S-ZG-BR,B-ZO-UN,S-ZG-BR
287,2021.10.13 00:00,EURJPY,60,86400,BUY,ZC,1,131.221,129.636,1585.0,131.272,130.731,541.0,34.132,69.09,490.0,374.1,131.221,130.731,131.762,BREAK,2021.10.14 12:00,0,,0,,0,,0,NA,London,BREAK,2021.10.15 13:00,BOUNCE,2021.10.18 05:00,129.146,BOUNCE,2021.11.17 21:00,0,,0,,0,,0,NA,Other,NA,,NA,,131.711,BREAK,2021.10.14 10:00,0,,0,,0,,0,NA,London,BREAK,2021.10.15 11:00,BOUNCE,2021.10.18 05:00,130.241,BREAK,2021.11.12 19:00,0,,0,,0,,0,NA,NewYork,BREAK,2021.11.17 21:00,BOUNCE,2021.11.18 18:00,B-ZB-BR,B-ZG-BR,S-ZB-BO,B-ZO-BR,B-ZB-BR,B-ZB-BR,S-ZF-UN,B-ZE-BR,S-ZG-BR,S-ZO-BR,B-ZF-BR,B-ZB-BR,B-ZO-UN,S-ZF-BO,S-ZB-BR,B-ZG-UN,S-ZG-BR,B-ZO-UN,S-ZG-BR,S-ZC-BR
288,2021.10.14 00:00,EURJPY,60,86400,BUY,ZF,0,131.272,130.731,541.0,131.463,130.862,601.0,111.091,24.21,410.0,127.7,131.272,130.862,131.873,BREAK,2021.10.15 02:00,0,,0,,0,,0,NA,Asia,BREAK,2021.10.15 09:00,BOUNCE,2021.10.18 05:00,130.321,BREAK,2021.11.12 18:00,0,,0,,0,,0,NA,NewYork,BREAK,2021.11.15 21:00,BOUNCE,2021.11.17 07:00,131.682,BREAK,2021.10.14 10:00,0,,0,,0,,0,NA,London,BREAK,2021.10.15 06:00,BREAK,2021.10.15 13:00,130.452,BREAK,2021.11.11 17:00,0,,0,,0,,0,NA,NewYork,BREAK,2021.11.15 21:00,BOUNCE,2021.11.16 05:00,B-ZC-BR,B-ZB-BR,B-ZG-BR,S-ZB-BO,B-ZO-BR,B-ZB-BR,B-ZB-BR,S-ZF-UN,B-ZE-BR,S-ZG-BR,B-ZB-BR,B-ZO-UN,S-ZF-BO,S-ZB-BR,B-ZG-UN,S-ZG-BR,B-ZO-UN,S-ZG-BR,S-ZC-BR,S-ZF-BR
289,2021.10.15 00:00,EURJPY,60,86400,BUY,ZB,1,131.463,130.862,601.0,131.838,131.189,649.0,107.987,54.41,274.0,141.8,131.463,131.189,132.112,BREAK,2021.10.15 05:00,0,,0,,0,,0,NA,Asia,BREAK,2021.10.15 11:00,BOUNCE,2021.10.15 18:00,130.588,BREAK,2021.11.11 15:00,0,,0,,0,,0,NA,NewYork,BOUNCE,2021.11.15 11:00,NA,,131.737,BREAK,2021.10.15 00:00,0,,0,,0,,0,NA,Asia,BREAK,2021.10.15 05:00,BREAK,2021.10.15 09:00,130.915,BOUNCE,2021.11.05 17:00,0,,0,,0,,0,NA,NewYork,NA,,NA,,B-ZF-BR,B-ZC-BR,B-ZB-BR,B-ZG-BR,S-ZB-BO,B-ZO-BR,B-ZB-BR,B-ZB-BR,S-ZF-UN,B-ZE-BR,B-ZO-UN,S-ZF-BO,S-ZB-BR,B-ZG-UN,S-ZG-BR,B-ZO-UN,S-ZG-BR,S-ZC-BR,S-ZF-BR,S-ZD-BR
290,2021.10.21 00:00,EURJPY,60,86400,BUY,ZO,0,133.190,132.622,568.0,133.478,132.734,744.0,130.986,19.72,456.0,134.0,133.190,132.734,133.934,UNTOUCHED,,0,,0,,0,,0,NA,Other,NA,,NA,,132.166,BREAK,2021.10.22 19:00,0,,0,,0,,0,NA,NewYork,BOUNCE,2021.10.27 16:00,NA,,133.646,UNTOUCHED,,0,,0,,0,,0,NA,Other,NA,,NA,,132.278,BOUNCE,2021.10.21 20:00,0,,0,,0,,0,NA,NewYork,NA,,NA,,B-ZB-BR,B-ZF-BR,B-ZC-BR,B-ZB-BR,B-ZG-BR,S-ZB-BO,B-ZO-BR,B-ZB-BR,B-ZB-BR,S-ZF-UN,S-ZF-BO,S-ZB-BR,B-ZG-UN,S-ZG-BR,B-ZO-UN,S-ZG-BR,S-ZC-BR,S-ZF-BR,S-ZD-BR,S-ZB-BR
291,2021.10.22 00:00,EURJPY,60,86400,SELL,ZF,1,133.478,132.734,744.0,133.368,132.261,1107.0,148.790,14.78,634.0,175.6,133.368,132.734,131.627,BOUNCE,2021.10.27 13:00,1,2021.10.29 05:00,0,,0,,1,1d 16h,NewYork,NA,,NA,,134.112,UNTOUCHED,,0,,0,,0,,0,NA,Other,NA,,NA,,132.100,BREAK,2021.10.22 19:00,0,,0,,0,,0,NA,NewYork,BREAK,2021.11.04 18:00,BREAK,2021.11.10 08:00,134.002,UNTOUCHED,,0,,0,,0,,0,NA,Other,NA,,NA,,B-ZO-UN,B-ZB-BR,B-ZF-BR,B-ZC-BR,B-ZB-BR,B-ZG-BR,S-ZB-BO,B-ZO-BR,B-ZB-BR,B-ZB-BR,S-ZB-BR,B-ZG-UN,S-ZG-BR,B-ZO-UN,S-ZG-BR,S-ZC-BR,S-ZF-BR,S-ZD-BR,S-ZB-BR,S-ZE-BR
292,2021.10.23 00:00,EURJPY,60,86400,SELL,ZB,1,133.368,132.261,1107.0,132.790,131.916,874.0,78.952,52.21,529.0,261.3,132.790,132.261,131.387,BREAK,2021.11.04 18:00,0,,0,,0,,0,NA,NewYork,BOUNCE,2021.11.08 07:00,NA,,133.897,UNTOUCHED,,0,,0,,0,,0,NA,Other,NA,,NA,,131.732,BOUNCE,2021.10.27 13:00,0,,0,,0,,0,NA,NewYork,NA,,NA,,133.319,UNTOUCHED,,0,,0,,0,,0,NA,Other,NA,,NA,,S-ZF-BO,B-ZO-UN,B-ZB-BR,B-ZF-BR,B-ZC-BR,B-ZB-BR,B-ZG-BR,S-ZB-BO,B-ZO-BR,B-ZB-BR,B-ZG-UN,S-ZG-BR,B-ZO-UN,S-ZG-BR,S-ZC-BR,S-ZF-BR,S-ZD-BR,S-ZB-BR,S-ZE-BR,S-ZF-BR
293,2021.10.27 00:00,EURJPY,60,86400,BUY,ZG,0,132.599,131.860,739.0,132.663,131.926,737.0,99.729,8.93,673.0,174.4,132.599,131.926,133.336,UNTOUCHED,,0,,0,,0,,0,NA,Other,NA,,NA,,131.187,BREAK,2021.11.04 18:00,0,,0,,0,,0,NA,NewYork,BREAK,2021.11.12 18:00,BREAK,2021.11.16 02:00,133.272,UNTOUCHED,,0,,0,,0,,0,NA,Other,NA,,NA,,131.253,BREAK,2021.11.04 18:00,0,,0,,0,,0,NA,NewYork,BREAK,2021.11.12 18:00,BREAK,2021.11.15 21:00,S-ZB-BR,S-ZF-BO,B-ZO-UN,B-ZB-BR,B-ZF-BR,B-ZC-BR,B-ZB-BR,B-ZG-BR,S-ZB-BO,B-ZO-BR,S-ZG-BR,B-ZO-UN,S-ZG-BR,S-ZC-BR,S-ZF-BR,S-ZD-BR,S-ZB-BR,S-ZE-BR,S-ZF-BR,S-ZO-BO
294,2021.10.28 00:00,EURJPY,60,86400,SELL,ZG,0,132.663,131.926,737.0,132.520,131.578,942.0,127.815,19.40,594.0,173.9,132.520,131.926,130.984,BREAK,2021.11.05 17:00,0,,0,,0,,0,NA,NewYork,BREAK,2021.11.15 19:00,BREAK,2021.11.16 02:00,133.257,UNTOUCHED,,0,,0,,0,,0,NA,Other,NA,,NA,,131.332,BREAK,2021.11.04 18:00,0,,0,,0,,0,NA,NewYork,BOUNCE,2021.11.10 18:00,NA,,133.114,UNTOUCHED,,0,,0,,0,,0,NA,Other,NA,,NA,,B-ZG-UN,S-ZB-BR,S-ZF-BO,B-ZO-UN,B-ZB-BR,B-ZF-BR,B-ZC-BR,B-ZB-BR,B-ZG-BR,S-ZB-BO,B-ZO-UN,S-ZG-BR,S-ZC-BR,S-ZF-BR,S-ZD-BR,S-ZB-BR,S-ZE-BR,S-ZF-BR,S-ZO-BO,B-ZD-BR
295,2021.10.30 00:00,EURJPY,60,86400,BUY,ZO,0,132.621,131.555,1066.0,132.917,131.604,1313.0,123.171,4.60,1017.0,251.6,132.621,131.604,133.934,UNTOUCHED,,0,,0,,0,,0,NA,Other,NA,,NA,,130.538,BREAK,2021.11.11 15:00,0,,0,,0,,0,NA,NewYork,BREAK,2021.11.17 21:00,BREAK,2021.11.19 16:00,133.638,UNTOUCHED,,0,,0,,0,,0,NA,Other,NA,,NA,,130.587,BREAK,2021.11.11 15:00,0,,0,,0,,0,NA,NewYork,BREAK,2021.11.17 21:00,BREAK,2021.11.19 16:00,S-ZG-BR,B-ZG-UN,S-ZB-BR,S-ZF-BO,B-ZO-UN,B-ZB-BR,B-ZF-BR,B-ZC-BR,B-ZB-BR,B-ZG-BR,S-ZG-BR,S-ZC-BR,S-ZF-BR,S-ZD-BR,S-ZB-BR,S-ZE-BR,S-ZF-BR,S-ZO-BO,B-ZD-BR,S-ZG-BR
296,2021.11.03 00:00,EURJPY,60,86400,SELL,ZG,0,132.442,131.794,648.0,132.388,131.476,912.0,140.741,8.33,594.0,152.9,132.388,131.794,130.882,BREAK,2021.11.05 17:00,0,,0,,0,,0,NA,NewYork,BREAK,2021.11.15 19:00,BREAK,2021.11.17 07:00,133.036,UNTOUCHED,,0,,0,,0,,0,NA,Other,NA,,NA,,131.200,BREAK,2021.11.04 18:00,0,,0,,0,,0,NA,NewYork,BREAK,2021.11.11 17:00,BREAK,2021.11.15 21:00,132.982,UNTOUCHED,,0,,0,,0,,0,NA,Other,NA,,NA,,B-ZO-UN,S-ZG-BR,B-ZG-UN,S-ZB-BR,S-ZF-BO,B-ZO-UN,B-ZB-BR,B-ZF-BR,B-ZC-BR,B-ZB-BR,S-ZC-BR,S-ZF-BR,S-ZD-BR,S-ZB-BR,S-ZE-BR,S-ZF-BR,S-ZO-BO,B-ZD-BR,S-ZG-BR,S-ZB-BR
297,2021.11.06 00:00,EURJPY,60,86400,SELL,ZC,1,132.561,131.016,1545.0,131.589,130.833,756.0,48.932,62.91,573.0,364.6,131.589,131.016,130.260,BREAK,2021.11.12 19:00,0,,0,,0,,0,NA,NewYork,BREAK,2021.11.17 21:00,BOUNCE,2021.11.18 17:00,133.134,UNTOUCHED,,0,,0,,0,,0,NA,Other,NA,,NA,,130.443,BREAK,2021.11.11 17:00,0,,0,,0,,0,NA,NewYork,BREAK,2021.11.17 07:00,BOUNCE,2021.11.18 21:00,132.162,UNTOUCHED,,0,,0,,0,,0,NA,Other,NA,,NA,,S-ZG-BR,B-ZO-UN,S-ZG-BR,B-ZG-UN,S-ZB-BR,S-ZF-BO,B-ZO-UN,B-ZB-BR,B-ZF-BR,B-ZC-BR,S-ZF-BR,S-ZD-BR,S-ZB-BR,S-ZE-BR,S-ZF-BR,S-ZO-BO,B-ZD-BR,S-ZG-BR,S-ZB-BR,B-ZO-BO
298,2021.11.10 00:00,EURJPY,60,86400,SELL,ZF,0,131.425,130.895,530.0,131.263,130.674,589.0,111.132,30.57,368.0,125.1,131.263,130.895,130.306,BREAK,2021.11.12 18:00,0,,0,,0,,0,NA,NewYork,BREAK,2021.11.15 21:00,BREAK,2021.11.17 07:00,131.793,UNTOUCHED,,0,,0,,0,,0,NA,Other,NA,,NA,,130.527,BREAK,2021.11.11 17:00,0,,0,,0,,0,NA,NewYork,BREAK,2021.11.15 21:00,BREAK,2021.11.16 02:00,131.631,UNTOUCHED,,0,,0,,0,,0,NA,Other,NA,,NA,,S-ZC-BR,S-ZG-BR,B-ZO-UN,S-ZG-BR,B-ZG-UN,S-ZB-BR,S-ZF-BO,B-ZO-UN,B-ZB-BR,B-ZF-BR,S-ZD-BR,S-ZB-BR,S-ZE-BR,S-ZF-BR,S-ZO-BO,B-ZD-BR,S-ZG-BR,S-ZB-BR,B-ZO-BO,S-ZE-UN
299,2021.11.12 00:00,EURJPY,60,86400,SELL,ZD,1,131.415,130.648,767.0,130.992,130.438,554.0,72.229,55.15,344.0,181.0,130.992,130.648,130.094,BREAK,2021.11.15 20:00,0,,0,,0,,0,NA,NewYork,BOUNCE,2021.11.16 17:00,NA,,131.759,UNTOUCHED,,0,,0,,0,,0,NA,Other,NA,,NA,,130.304,BREAK,2021.11.12 18:00,0,,0,,0,,0,NA,NewYork,BREAK,2021.11.15 21:00,BOUNCE,2021.11.16 05:00,131.336,UNTOUCHED,,0,,0,,0,,0,NA,Other,NA,,NA,,S-ZF-BR,S-ZC-BR,S-ZG-BR,B-ZO-UN,S-ZG-BR,B-ZG-UN,S-ZB-BR,S-ZF-BO,B-ZO-UN,B-ZB-BR,S-ZB-BR,S-ZE-BR,S-ZF-BR,S-ZO-BO,B-ZD-BR,S-ZG-BR,S-ZB-BR,B-ZO-BO,S-ZE-UN,S-ZE-UN
300,2021.11.13 00:00,EURJPY,60,86400,SELL,ZB,1,130.992,130.438,554.0,130.760,130.232,528.0,95.307,41.88,322.0,130.7,130.760,130.438,129.910,BREAK,2021.11.15 21:00,0,,0,,0,,0,NA,Other,BOUNCE,2021.11.16 04:00,NA,,131.314,UNTOUCHED,,0,,0,,0,,0,NA,Other,NA,,NA,,130.116,BREAK,2021.11.15 20:00,0,,0,,0,,0,NA,NewYork,BREAK,2021.11.16 02:00,BOUNCE,2021.11.17 07:00,131.082,UNTOUCHED,,0,,0,,0,,0,NA,Other,NA,,NA,,S-ZD-BR,S-ZF-BR,S-ZC-BR,S-ZG-BR,B-ZO-UN,S-ZG-BR,B-ZG-UN,S-ZB-BR,S-ZF-BO,B-ZO-UN,S-ZE-BR,S-ZF-BR,S-ZO-BO,B-ZD-BR,S-ZG-BR,S-ZB-BR,B-ZO-BO,S-ZE-UN,S-ZE-UN,B-ZO-BR
301,2021.11.17 00:00,EURJPY,60,86400,SELL,ZE,1,130.597,129.727,870.0,130.110,129.583,527.0,60.575,55.98,383.0,205.3,130.110,129.727,129.200,BREAK,2021.11.17 21:00,0,,0,,0,,0,NA,Other,BOUNCE,2021.11.19 13:00,NA,,130.980,UNTOUCHED,,0,,0,,0,,0,NA,Other,NA,,NA,,129.344,BREAK,2021.11.17 21:00,0,,0,,0,,0,NA,Other,BREAK,2021.11.19 13:00,BREAK,2021.11.19 16:00,130.493,UNTOUCHED,,0,,0,,0,,0,NA,Other,NA,,NA,,S-ZB-BR,S-ZD-BR,S-ZF-BR,S-ZC-BR,S-ZG-BR,B-ZO-UN,S-ZG-BR,B-ZG-UN,S-ZB-BR,S-ZF-BO,S-ZF-BR,S-ZO-BO,B-ZD-BR,S-ZG-BR,S-ZB-BR,B-ZO-BO,S-ZE-UN,S-ZE-UN,B-ZO-BR,B-ZF-BR
302,2021.11.18 00:00,EURJPY,60,86400,SELL,ZF,1,130.110,129.583,527.0,130.073,129.033,1040.0,197.343,7.02,490.0,124.4,130.073,129.583,128.543,BREAK,2021.11.19 14:00,0,,0,,0,,0,NA,NewYork,BOUNCE,2021.11.19 17:00,NA,,130.600,UNTOUCHED,,0,,0,,0,,0,NA,Other,NA,,NA,,129.093,BOUNCE,2021.11.18 02:00,0,,0,,0,,0,NA,Asia,NA,,NA,,130.563,UNTOUCHED,,0,,0,,0,,0,NA,Other,NA,,NA,,S-ZE-BR,S-ZB-BR,S-ZD-BR,S-ZF-BR,S-ZC-BR,S-ZG-BR,B-ZO-UN,S-ZG-BR,B-ZG-UN,S-ZB-BR,S-ZO-BO,B-ZD-BR,S-ZG-BR,S-ZB-BR,B-ZO-BO,S-ZE-UN,S-ZE-UN,B-ZO-BR,B-ZF-BR,S-ZE-UN
303,2021.11.19 00:00,EURJPY,60,86400,SELL,ZO,0,130.073,129.033,1040.0,129.921,128.990,931.0,89.519,14.62,888.0,245.4,129.921,129.033,128.102,BOUNCE,2021.11.19 16:00,1,2021.12.27 18:00,0,,0,,1,5w 3d,NewYork,NA,,NA,,130.961,UNTOUCHED,,0,,0,,0,,0,NA,Other,NA,,NA,,128.145,BOUNCE,2021.11.19 16:00,0,,0,,0,,0,NA,NewYork,NA,,NA,,130.809,UNTOUCHED,,0,,0,,0,,0,NA,Other,NA,,NA,,S-ZF-BR,S-ZE-BR,S-ZB-BR,S-ZD-BR,S-ZF-BR,S-ZC-BR,S-ZG-BR,B-ZO-UN,S-ZG-BR,B-ZG-UN,B-ZD-BR,S-ZG-BR,S-ZB-BR,B-ZO-BO,S-ZE-UN,S-ZE-UN,B-ZO-BR,B-ZF-BR,S-ZE-UN,S-ZB-UN
304,2021.11.24 00:00,EURJPY,60,86400,BUY,ZD,1,129.321,128.328,993.0,129.593,128.893,700.0,70.493,56.90,428.0,234.3,129.321,128.893,130.021,BREAK,2021.12.27 19:00,0,,0,,0,,0,NA,NewYork,BREAK,2021.12.31 19:00,BOUNCE,2022.01.03 18:00,127.900,BOUNCE,2021.11.26 21:00,1,2021.12.01 10:00,1,2021.12.27 12:00,1,2021.12.27 19:00,3,4w 2d,Other,NA,,NA,,129.749,BREAK,2021.12.27 12:00,0,,0,,0,,0,NA,London,BOUNCE,2021.12.28 18:00,NA,,128.465,BREAK,2021.11.26 10:00,0,,0,,0,,0,NA,London,BREAK,2021.11.26 21:00,BOUNCE,2021.11.29 14:00,S-ZO-BO,S-ZF-BR,S-ZE-BR,S-ZB-BR,S-ZD-BR,S-ZF-BR,S-ZC-BR,S-ZG-BR,B-ZO-UN,S-ZG-BR,S-ZG-BR,S-ZB-BR,B-ZO-BO,S-ZE-UN,S-ZE-UN,B-ZO-BR,B-ZF-BR,S-ZE-UN,S-ZB-UN,B-ZB-BR
305,2021.11.25 00:00,EURJPY,60,86400,SELL,ZG,0,129.593,128.893,700.0,129.574,128.684,890.0,127.143,2.71,681.0,165.2,129.574,128.893,128.003,BREAK,2021.11.26 19:00,0,,0,,0,,0,NA,NewYork,UNTOUCHED,,NA,,130.274,BREAK,2021.12.29 18:00,0,,0,,0,,0,NA,NewYork,BOUNCE,2022.01.03 19:00,NA,,128.212,BOUNCE,2021.11.26 12:00,1,2021.12.29 18:00,1,2021.12.29 18:00,0,,2,4w 5d,London,NA,,NA,,130.255,BREAK,2021.12.29 18:00,0,,0,,0,,0,NA,NewYork,BOUNCE,2022.01.03 19:00,NA,,B-ZD-BR,S-ZO-BO,S-ZF-BR,S-ZE-BR,S-ZB-BR,S-ZD-BR,S-ZF-BR,S-ZC-BR,S-ZG-BR,B-ZO-UN,S-ZB-BR,B-ZO-BO,S-ZE-UN,S-ZE-UN,B-ZO-BR,B-ZF-BR,S-ZE-UN,S-ZB-UN,B-ZB-BR,B-ZD-BO
306,2021.11.27 00:00,EURJPY,60,86400,SELL,ZB,1,129.529,129.191,338.0,129.326,127.790,1536.0,454.438,60.06,135.0,79.8,129.326,129.191,127.655,BREAK,2021.11.29 10:00,0,,0,,0,,0,NA,London,BOUNCE,2021.12.02 02:00,NA,,129.664,BOUNCE,2021.12.23 21:00,1,2021.12.24 02:00,0,,0,,1,5h,Other,NA,,NA,,129.056,BREAK,2021.11.27 00:00,0,,0,,0,,0,NA,Asia,BREAK,2021.11.27 01:00,BREAK,2021.11.29 02:00,129.461,BOUNCE,2021.12.16 16:00,1,2021.12.16 18:00,1,2021.12.16 18:00,0,,2,2h,NewYork,NA,,NA,,S-ZG-BR,B-ZD-BR,S-ZO-BO,S-ZF-BR,S-ZE-BR,S-ZB-BR,S-ZD-BR,S-ZF-BR,S-ZC-BR,S-ZG-BR,B-ZO-BO,S-ZE-UN,S-ZE-UN,B-ZO-BR,B-ZF-BR,S-ZE-UN,S-ZB-UN,B-ZB-BR,B-ZD-BO,B-ZD-BO
307,2021.12.01 00:00,EURJPY,60,86400,BUY,ZO,0,128.568,127.487,1081.0,128.597,127.646,951.0,87.974,14.71,922.0,255.1,128.568,127.646,129.519,BOUNCE,2021.12.16 17:00,1,2021.12.20 02:00,0,,0,,1,3d 9h,NewYork,NA,,NA,,126.565,UNTOUCHED,,0,,0,,0,,0,NA,Other,NA,,NA,,129.490,BOUNCE,2021.12.16 17:00,0,,0,,0,,0,NA,NewYork,NA,,NA,,126.724,UNTOUCHED,,0,,0,,0,,0,NA,Other,NA,,NA,,S-ZB-BR,S-ZG-BR,B-ZD-BR,S-ZO-BO,S-ZF-BR,S-ZE-BR,S-ZB-BR,S-ZD-BR,S-ZF-BR,S-ZC-BR,S-ZE-UN,S-ZE-UN,B-ZO-BR,B-ZF-BR,S-ZE-UN,S-ZB-UN,B-ZB-BR,B-ZD-BO,B-ZD-BO,B-ZG-BO
308,2021.12.03 00:00,EURJPY,60,86400,SELL,ZE,1,128.785,127.566,1219.0,128.221,127.486,735.0,60.295,46.27,655.0,287.7,128.221,127.566,126.831,UNTOUCHED,,0,,0,,0,,0,NA,Other,NA,,NA,,129.440,BOUNCE,2021.12.16 16:00,1,2021.12.17 17:00,0,,0,,1,1d 1h,NewYork,NA,,NA,,126.911,UNTOUCHED,,0,,0,,0,,0,NA,Other,NA,,NA,,128.876,BOUNCE,2021.12.08 18:00,0,,0,,0,,0,NA,NewYork,NA,,NA,,B-ZO-BO,S-ZB-BR,S-ZG-BR,B-ZD-BR,S-ZO-BO,S-ZF-BR,S-ZE-BR,S-ZB-BR,S-ZD-BR,S-ZF-BR,S-ZE-UN,B-ZO-BR,B-ZF-BR,S-ZE-UN,S-ZB-UN,B-ZB-BR,B-ZD-BO,B-ZD-BO,B-ZG-BO,B-ZE-BR
309,2021.12.06 02:00,EURJPY,60,86400,SELL,ZE,1,128.337,127.387,950.0,127.618,127.378,240.0,25.263,75.68,231.0,224.2,127.618,127.387,127.147,UNTOUCHED,,0,,0,,0,,0,NA,Other,NA,,NA,,128.568,BREAK,2021.12.08 17:00,0,,0,,0,,0,NA,NewYork,BREAK,2021.12.08 19:00,BOUNCE,2021.12.09 07:00,127.156,UNTOUCHED,,0,,0,,0,,0,NA,Other,NA,,NA,,127.849,BREAK,2021.12.06 13:00,0,,0,,0,,0,NA,NewYork,BREAK,2021.12.07 08:00,BOUNCE,2021.12.07 13:00,S-ZE-UN,B-ZO-BO,S-ZB-BR,S-ZG-BR,B-ZD-BR,S-ZO-BO,S-ZF-BR,S-ZE-BR,S-ZB-BR,S-ZD-BR,B-ZO-BR,B-ZF-BR,S-ZE-UN,S-ZB-UN,B-ZB-BR,B-ZD-BO,B-ZD-BO,B-ZG-BO,B-ZE-BR,B-ZF-BR
310,2021.12.08 00:00,EURJPY,60,86400,BUY,ZO,1,128.084,127.492,592.0,128.464,127.599,865.0,146.115,18.07,485.0,139.7,128.084,127.599,128.949,BREAK,2021.12.08 19:00,0,,0,,0,,0,NA,NewYork,BOUNCE,2021.12.16 16:00,NA,,127.007,UNTOUCHED,,0,,0,,0,,0,NA,Other,NA,,NA,,128.569,BREAK,2021.12.08 17:00,0,,0,,0,,0,NA,NewYork,BOUNCE,2021.12.09 11:00,NA,,127.114,UNTOUCHED,,0,,0,,0,,0,NA,Other,NA,,NA,,S-ZE-UN,S-ZE-UN,B-ZO-BO,S-ZB-BR,S-ZG-BR,B-ZD-BR,S-ZO-BO,S-ZF-BR,S-ZE-BR,S-ZB-BR,B-ZF-BR,S-ZE-UN,S-ZB-UN,B-ZB-BR,B-ZD-BO,B-ZD-BO,B-ZG-BO,B-ZE-BR,B-ZF-BR,B-ZE-BO
311,2021.12.09 00:00,EURJPY,60,86400,BUY,ZF,1,128.464,127.599,865.0,129.103,127.746,1357.0,156.879,16.99,718.0,204.1,128.464,127.746,129.821,BREAK,2021.12.27 15:00,0,,0,,0,,0,NA,NewYork,BREAK,2021.12.31 19:00,BREAK,2022.01.05 21:00,126.881,UNTOUCHED,,0,,0,,0,,0,NA,Other,NA,,NA,,129.182,BREAK,2021.12.16 16:00,0,,0,,0,,0,NA,NewYork,BREAK,2021.12.27 20:00,BREAK,2021.12.31 19:00,127.028,UNTOUCHED,,0,,0,,0,,0,NA,Other,NA,,NA,,B-ZO-BR,S-ZE-UN,S-ZE-UN,B-ZO-BO,S-ZB-BR,S-ZG-BR,B-ZD-BR,S-ZO-BO,S-ZF-BR,S-ZE-BR,S-ZE-UN,S-ZB-UN,B-ZB-BR,B-ZD-BO,B-ZD-BO,B-ZG-BO,B-ZE-BR,B-ZF-BR,B-ZE-BO,B-ZF-BO
312,2021.12.11 00:00,EURJPY,60,86400,SELL,ZE,1,129.068,127.932,1136.0,128.402,127.809,593.0,52.201,58.63,470.0,268.1,128.402,127.932,127.339,UNTOUCHED,,0,,0,,0,,0,NA,Other,NA,,NA,,129.538,BOUNCE,2021.12.16 17:00,1,2021.12.16 19:00,0,,0,,1,2h,NewYork,NA,,NA,,127.462,UNTOUCHED,,0,,0,,0,,0,NA,Other,NA,,NA,,128.872,BREAK,2021.12.16 03:00,0,,0,,0,,0,NA,Asia,BREAK,2021.12.16 17:00,BREAK,2021.12.27 20:00,B-ZF-BR,B-ZO-BR,S-ZE-UN,S-ZE-UN,B-ZO-BO,S-ZB-BR,S-ZG-BR,B-ZD-BR,S-ZO-BO,S-ZF-BR,S-ZB-UN,B-ZB-BR,B-ZD-BO,B-ZD-BO,B-ZG-BO,B-ZE-BR,B-ZF-BR,B-ZE-BO,B-ZF-BO,S-ZD-BR
313,2021.12.18 00:00,EURJPY,60,86400,SELL,ZB,1,129.636,128.448,1188.0,128.976,127.901,1075.0,90.488,55.56,528.0,280.4,128.976,128.448,127.373,UNTOUCHED,,0,,0,,0,,0,NA,Other,NA,,NA,,130.164,BOUNCE,2021.12.28 04:00,1,2022.01.21 00:00,0,,0,,1,3w 2d,Asia,NA,,NA,,127.920,BREAK,2021.12.18 00:00,0,,0,,0,,0,NA,Asia,UNTOUCHED,,NA,,129.504,BREAK,2021.12.23 10:00,0,,0,,0,,0,NA,London,BREAK,2021.12.29 18:00,BREAK,2021.12.31 19:00,S-ZE-UN,B-ZF-BR,B-ZO-BR,S-ZE-UN,S-ZE-UN,B-ZO-BO,S-ZB-BR,S-ZG-BR,B-ZD-BR,S-ZO-BO,B-ZB-BR,B-ZD-BO,B-ZD-BO,B-ZG-BO,B-ZE-BR,B-ZF-BR,B-ZE-BO,B-ZF-BO,S-ZD-BR,B-ZF-BR
314,2021.12.22 00:00,EURJPY,60,86400,BUY,ZB,1,128.311,127.514,797.0,128.749,127.940,809.0,101.506,53.45,371.0,188.1,128.311,127.940,129.120,BREAK,2021.12.22 14:00,0,,0,,0,,0,NA,NewYork,BOUNCE,2021.12.23 02:00,NA,,127.143,UNTOUCHED,,0,,0,,0,,0,NA,Other,NA,,NA,,128.682,BREAK,2021.12.22 00:00,0,,0,,0,,0,NA,Asia,BREAK,2021.12.22 18:00,BOUNCE,2021.12.23 18:00,127.569,UNTOUCHED,,0,,0,,0,,0,NA,Other,NA,,NA,,S-ZB-UN,S-ZE-UN,B-ZF-BR,B-ZO-BR,S-ZE-UN,S-ZE-UN,B-ZO-BO,S-ZB-BR,S-ZG-BR,B-ZD-BR,B-ZD-BO,B-ZD-BO,B-ZG-BO,B-ZE-BR,B-ZF-BR,B-ZE-BO,B-ZF-BO,S-ZD-BR,B-ZF-BR,B-ZC-BR
315,2021.12.23 00:00,EURJPY,60,86400,BUY,ZD,1,128.749,127.940,809.0,129.500,128.530,970.0,119.901,72.93,219.0,190.9,128.749,128.530,129.719,BOUNCE,2021.12.23 22:00,1,2021.12.27 02:00,1,2022.01.25 18:00,0,,2,4w 4d,Other,NA,,NA,,127.721,UNTOUCHED,,0,,0,,0,,0,NA,Other,NA,,NA,,128.968,BREAK,2021.12.23 00:00,0,,0,,0,,0,NA,Asia,BREAK,2021.12.23 04:00,BOUNCE,2021.12.23 17:00,128.311,BOUNCE,2022.01.25 18:00,1,2022.01.26 18:00,1,2022.01.26 18:00,0,,2,1d 0h,NewYork,NA,,NA,,B-ZB-BR,S-ZB-UN,S-ZE-UN,B-ZF-BR,B-ZO-BR,S-ZE-UN,S-ZE-UN,B-ZO-BO,S-ZB-BR,S-ZG-BR,B-ZD-BO,B-ZG-BO,B-ZE-BR,B-ZF-BR,B-ZE-BO,B-ZF-BO,S-ZD-BR,B-ZF-BR,B-ZC-BR,S-ZG-BR
316,2021.12.24 00:00,EURJPY,60,86400,BUY,ZD,1,129.500,128.530,970.0,129.723,129.044,679.0,70.000,52.99,456.0,228.9,129.500,129.044,130.179,BOUNCE,2021.12.28 04:00,1,2022.01.20 19:00,1,2022.01.21 05:00,0,,2,3w 3d,Asia,NA,,NA,,128.074,UNTOUCHED,,0,,0,,0,,0,NA,Other,NA,,NA,,129.956,BREAK,2021.12.27 18:00,0,,0,,0,,0,NA,NewYork,BREAK,2021.12.31 17:00,BOUNCE,2022.01.03 18:00,128.588,BOUNCE,2022.01.21 05:00,0,,0,,0,,0,NA,Asia,NA,,NA,,B-ZD-BO,B-ZB-BR,S-ZB-UN,S-ZE-UN,B-ZF-BR,B-ZO-BR,S-ZE-UN,S-ZE-UN,B-ZO-BO,S-ZB-BR,B-ZG-BO,B-ZE-BR,B-ZF-BR,B-ZE-BO,B-ZF-BO,S-ZD-BR,B-ZF-BR,B-ZC-BR,S-ZG-BR,B-ZE-BR
317,2021.12.27 02:00,EURJPY,60,86400,BUY,ZG,0,129.723,129.044,679.0,129.747,129.284,463.0,68.189,35.35,439.0,160.2,129.723,129.284,130.186,BOUNCE,2021.12.28 04:00,1,2022.01.20 19:00,1,2022.01.21 03:00,1,2022.01.21 05:00,3,3w 3d,Asia,NA,,NA,,128.605,BOUNCE,2022.01.21 05:00,1,2022.02.01 11:00,1,2022.02.03 17:00,1,2022.02.03 17:00,3,1w 6d,Asia,NA,,NA,,130.162,BOUNCE,2021.12.28 04:00,1,2022.01.21 03:00,1,2022.01.21 05:00,0,,2,3w 3d,Asia,NA,,NA,,128.845,BREAK,2022.01.21 03:00,0,,0,,0,,0,NA,Asia,BOUNCE,2022.01.24 19:00,NA,,B-ZD-BO,B-ZD-BO,B-ZB-BR,S-ZB-UN,S-ZE-UN,B-ZF-BR,B-ZO-BR,S-ZE-UN,S-ZE-UN,B-ZO-BO,B-ZE-BR,B-ZF-BR,B-ZE-BO,B-ZF-BO,S-ZD-BR,B-ZF-BR,B-ZC-BR,S-ZG-BR,B-ZE-BR,S-ZF-BR
318,2021.12.29 00:00,EURJPY,60,86400,BUY,ZE,1,130.148,129.182,966.0,130.222,129.602,620.0,64.182,43.48,546.0,228.0,130.148,129.602,130.768,BREAK,2021.12.31 19:00,0,,0,,0,,0,NA,NewYork,BREAK,2022.01.05 21:00,BREAK,2022.02.04 22:00,128.636,BOUNCE,2022.01.21 04:00,1,2022.02.03 16:00,1,2022.02.03 18:00,1,2022.02.03 18:00,3,1w 6d,Asia,NA,,NA,,130.694,BREAK,2021.12.31 19:00,0,,0,,0,,0,NA,NewYork,BREAK,2022.01.05 21:00,BREAK,2022.02.04 21:00,129.056,BREAK,2022.01.21 00:00,0,,0,,0,,0,NA,Asia,BOUNCE,2022.01.24 19:00,NA,,B-ZG-BO,B-ZD-BO,B-ZD-BO,B-ZB-BR,S-ZB-UN,S-ZE-UN,B-ZF-BR,B-ZO-BR,S-ZE-UN,S-ZE-UN,B-ZF-BR,B-ZE-BO,B-ZF-BO,S-ZD-BR,B-ZF-BR,B-ZC-BR,S-ZG-BR,B-ZE-BR,S-ZF-BR,S-ZB-BO
319,2021.12.30 00:00,EURJPY,60,86400,BUY,ZF,0,130.222,129.602,620.0,130.561,129.647,914.0,147.419,7.26,575.0,146.3,130.222,129.647,131.136,BREAK,2022.01.04 16:00,0,,0,,0,,0,NA,NewYork,BREAK,2022.02.04 11:00,BREAK,2022.02.10 13:00,129.027,BREAK,2022.01.21 01:00,0,,0,,0,,0,NA,Asia,BOUNCE,2022.01.24 19:00,NA,,130.797,BREAK,2021.12.31 19:00,0,,0,,0,,0,NA,NewYork,BREAK,2022.01.05 21:00,BREAK,2022.02.07 02:00,129.072,BREAK,2022.01.21 00:00,0,,0,,0,,0,NA,Asia,BOUNCE,2022.01.24 19:00,NA,,B-ZE-BR,B-ZG-BO,B-ZD-BO,B-ZD-BO,B-ZB-BR,S-ZB-UN,S-ZE-UN,B-ZF-BR,B-ZO-BR,S-ZE-UN,B-ZE-BO,B-ZF-BO,S-ZD-BR,B-ZF-BR,B-ZC-BR,S-ZG-BR,B-ZE-BR,S-ZF-BR,S-ZB-BO,B-ZG-BR
320,2021.12.31 00:00,EURJPY,60,86400,BUY,ZE,1,130.561,129.647,914.0,130.586,130.120,466.0,50.985,51.75,441.0,215.7,130.561,130.120,131.027,BOUNCE,2022.01.01 00:00,1,2022.01.03 20:00,1,2022.01.19 02:00,1,2022.01.20 22:00,3,2w 5d,Asia,NA,,NA,,129.206,BREAK,2022.01.20 22:00,0,,0,,0,,0,NA,Other,BOUNCE,2022.01.21 12:00,NA,,131.002,BOUNCE,2021.12.31 21:00,1,2022.01.19 02:00,1,2022.01.20 22:00,0,,2,2w 6d,Other,NA,,NA,,129.679,BREAK,2022.01.19 02:00,0,,0,,0,,0,NA,Asia,BREAK,2022.01.21 02:00,BREAK,2022.01.21 05:00,B-ZF-BR,B-ZE-BR,B-ZG-BO,B-ZD-BO,B-ZD-BO,B-ZB-BR,S-ZB-UN,S-ZE-UN,B-ZF-BR,B-ZO-BR,B-ZF-BO,S-ZD-BR,B-ZF-BR,B-ZC-BR,S-ZG-BR,B-ZE-BR,S-ZF-BR,S-ZB-BO,B-ZG-BR,S-ZF-BR
321,2022.01.01 00:00,EURJPY,60,86400,BUY,ZF,1,130.586,130.120,466.0,131.010,130.158,852.0,182.833,8.15,428.0,110.0,130.586,130.158,131.438,BOUNCE,2022.01.04 19:00,1,2022.01.10 16:00,1,2022.01.18 21:00,1,2022.01.19 02:00,3,2w 0d,NewYork,NA,,NA,,129.692,BREAK,2022.01.19 02:00,0,,0,,0,,0,NA,Asia,BREAK,2022.01.20 23:00,BREAK,2022.01.21 04:00,131.014,BOUNCE,2022.01.01 00:00,1,2022.01.18 21:00,1,2022.01.19 02:00,0,,2,2w 4d,Asia,NA,,NA,,129.730,BREAK,2022.01.18 21:00,0,,0,,0,,0,NA,Other,BREAK,2022.01.20 23:00,BREAK,2022.01.21 04:00,B-ZE-BO,B-ZF-BR,B-ZE-BR,B-ZG-BO,B-ZD-BO,B-ZD-BO,B-ZB-BR,S-ZB-UN,S-ZE-UN,B-ZF-BR,S-ZD-BR,B-ZF-BR,B-ZC-BR,S-ZG-BR,B-ZE-BR,S-ZF-BR,S-ZB-BO,B-ZG-BR,S-ZF-BR,S-ZE-BR
322,2022.01.04 00:00,EURJPY,60,86400,SELL,ZD,1,131.032,130.951,81.0,131.001,130.022,979.0,1208.642,38.27,50.0,19.1,131.001,130.951,129.972,BREAK,2022.01.14 17:00,0,,0,,0,,0,NA,NewYork,BREAK,2022.01.14 18:00,BREAK,2022.01.18 20:00,131.082,BREAK,2022.01.04 16:00,0,,0,,0,,0,NA,NewYork,BREAK,2022.01.04 17:00,BREAK,2022.01.04 18:00,130.901,BREAK,2022.01.04 00:00,0,,0,,0,,0,NA,Asia,BREAK,2022.01.04 01:00,BREAK,2022.01.04 02:00,131.051,BOUNCE,2022.01.04 15:00,1,2022.01.05 05:00,1,2022.01.05 05:00,0,,2,14h,NewYork,NA,,NA,,B-ZF-BO,B-ZE-BO,B-ZF-BR,B-ZE-BR,B-ZG-BO,B-ZD-BO,B-ZD-BO,B-ZB-BR,S-ZB-UN,S-ZE-UN,B-ZF-BR,B-ZC-BR,S-ZG-BR,B-ZE-BR,S-ZF-BR,S-ZB-BO,B-ZG-BR,S-ZF-BR,S-ZE-BR,B-ZE-BR
323,2022.01.05 00:00,EURJPY,60,86400,BUY,ZF,0,131.001,130.022,979.0,131.458,130.165,1293.0,132.074,14.61,836.0,231.0,131.001,130.165,132.294,BREAK,2022.02.10 13:00,0,,0,,0,,0,NA,NewYork,BOUNCE,2022.02.11 04:00,NA,,129.186,BREAK,2022.01.20 23:00,0,,0,,0,,0,NA,Other,BOUNCE,2022.01.26 23:00,NA,,131.837,BREAK,2022.02.04 11:00,0,,0,,0,,0,NA,London,BREAK,2022.02.10 19:00,BREAK,2022.03.23 02:00,129.329,BREAK,2022.01.20 19:00,0,,0,,0,,0,NA,NewYork,BREAK,2022.01.25 19:00,BREAK,2022.03.01 21:00,S-ZD-BR,B-ZF-BO,B-ZE-BO,B-ZF-BR,B-ZE-BR,B-ZG-BO,B-ZD-BO,B-ZD-BO,B-ZB-BR,S-ZB-UN,B-ZC-BR,S-ZG-BR,B-ZE-BR,S-ZF-BR,S-ZB-BO,B-ZG-BR,S-ZF-BR,S-ZE-BR,B-ZE-BR,B-ZF-BR
324,2022.01.06 00:00,EURJPY,60,86400,BUY,ZC,1,131.458,130.165,1293.0,131.604,130.837,767.0,59.319,51.97,621.0,305.1,131.458,130.837,132.225,BREAK,2022.02.10 13:00,0,,0,,0,,0,NA,NewYork,BOUNCE,2022.02.11 04:00,NA,,129.544,BREAK,2022.01.19 09:00,0,,0,,0,,0,NA,London,BREAK,2022.01.21 04:00,BOUNCE,2022.01.26 17:00,132.079,BOUNCE,2022.02.04 22:00,1,2022.02.14 12:00,0,,0,,1,1w 2d,Other,NA,,NA,,130.216,BOUNCE,2022.01.10 18:00,1,2022.02.04 22:00,1,2022.02.04 22:00,0,,2,3w 4d,NewYork,NA,,NA,,B-ZF-BR,S-ZD-BR,B-ZF-BO,B-ZE-BO,B-ZF-BR,B-ZE-BR,B-ZG-BO,B-ZD-BO,B-ZD-BO,B-ZB-BR,S-ZG-BR,B-ZE-BR,S-ZF-BR,S-ZB-BO,B-ZG-BR,S-ZF-BR,S-ZE-BR,B-ZE-BR,B-ZF-BR,B-ZG-BO
325,2022.01.07 00:00,EURJPY,60,86400,SELL,ZG,0,131.604,130.837,767.0,131.425,130.636,789.0,102.868,23.34,588.0,181.0,131.425,130.837,130.048,BREAK,2022.01.14 17:00,0,,0,,0,,0,NA,NewYork,BOUNCE,2022.01.20 11:00,NA,,132.192,BREAK,2022.02.10 13:00,0,,0,,0,,0,NA,NewYork,BREAK,2022.02.10 19:00,BREAK,2022.03.23 02:00,130.249,BOUNCE,2022.01.10 18:00,1,2022.02.04 21:00,1,2022.02.10 13:00,0,,2,4w 2d,NewYork,NA,,NA,,132.013,BOUNCE,2022.02.04 21:00,1,2022.02.14 12:00,1,2022.02.14 12:00,0,,2,1w 2d,Other,NA,,NA,,B-ZC-BR,B-ZF-BR,S-ZD-BR,B-ZF-BO,B-ZE-BO,B-ZF-BR,B-ZE-BR,B-ZG-BO,B-ZD-BO,B-ZD-BO,B-ZE-BR,S-ZF-BR,S-ZB-BO,B-ZG-BR,S-ZF-BR,S-ZE-BR,B-ZE-BR,B-ZF-BR,B-ZG-BO,B-ZB-BR
326,2022.01.13 00:00,EURJPY,60,86400,BUY,ZE,1,131.196,130.374,822.0,131.474,130.949,525.0,63.869,69.95,247.0,194.0,131.196,130.949,131.721,BREAK,2022.02.04 06:00,0,,0,,0,,0,NA,Asia,BOUNCE,2022.02.04 12:00,NA,,130.127,BOUNCE,2022.01.14 16:00,1,2022.01.17 06:00,1,2022.02.03 20:00,1,2022.02.04 06:00,3,2w 6d,NewYork,NA,,NA,,131.443,BOUNCE,2022.02.03 20:00,1,2022.02.11 23:00,1,2022.02.14 12:00,0,,2,1w 3d,NewYork,NA,,NA,,130.702,BOUNCE,2022.01.13 19:00,1,2022.02.03 20:00,1,2022.02.03 20:00,0,,2,3w 0d,NewYork,NA,,NA,,S-ZG-BR,B-ZC-BR,B-ZF-BR,S-ZD-BR,B-ZF-BO,B-ZE-BO,B-ZF-BR,B-ZE-BR,B-ZG-BO,B-ZD-BO,S-ZF-BR,S-ZB-BO,B-ZG-BR,S-ZF-BR,S-ZE-BR,B-ZE-BR,B-ZF-BR,B-ZG-BO,B-ZB-BR,S-ZF-BO
327,2022.01.14 00:00,EURJPY,60,86400,SELL,ZF,1,131.474,130.949,525.0,131.442,130.617,825.0,157.143,6.10,493.0,123.9,131.442,130.949,130.124,BREAK,2022.01.14 16:00,0,,0,,0,,0,NA,NewYork,BREAK,2022.01.19 09:00,BREAK,2022.01.21 02:00,131.967,BREAK,2022.02.04 11:00,0,,0,,0,,0,NA,London,BREAK,2022.02.10 13:00,BREAK,2022.02.10 20:00,130.456,BREAK,2022.01.14 05:00,0,,0,,0,,0,NA,Asia,BREAK,2022.01.14 17:00,BOUNCE,2022.01.19 14:00,131.935,BREAK,2022.02.04 11:00,0,,0,,0,,0,NA,London,BREAK,2022.02.10 13:00,BREAK,2022.02.10 20:00,B-ZE-BR,S-ZG-BR,B-ZC-BR,B-ZF-BR,S-ZD-BR,B-ZF-BO,B-ZE-BO,B-ZF-BR,B-ZE-BR,B-ZG-BO,S-ZB-BO,B-ZG-BR,S-ZF-BR,S-ZE-BR,B-ZE-BR,B-ZF-BR,B-ZG-BO,B-ZB-BR,S-ZF-BO,B-ZG-BR
328,2022.01.15 00:00,EURJPY,60,86400,SELL,ZB,1,131.442,130.617,825.0,130.850,129.775,1075.0,130.303,71.76,233.0,194.7,130.850,130.617,129.542,BOUNCE,2022.01.19 09:00,1,2022.01.20 11:00,1,2022.02.03 19:00,1,2022.02.04 06:00,3,2w 1d,London,NA,,NA,,131.675,BREAK,2022.02.04 06:00,0,,0,,0,,0,NA,Asia,BOUNCE,2022.02.04 12:00,NA,,130.384,BOUNCE,2022.01.15 00:00,1,2022.01.18 07:00,1,2022.02.04 06:00,0,,2,2w 6d,Asia,NA,,NA,,131.083,BOUNCE,2022.01.18 07:00,1,2022.01.18 17:00,1,2022.01.18 17:00,0,,2,10h,London,NA,,NA,,S-ZF-BR,B-ZE-BR,S-ZG-BR,B-ZC-BR,B-ZF-BR,S-ZD-BR,B-ZF-BO,B-ZE-BO,B-ZF-BR,B-ZE-BR,B-ZG-BR,S-ZF-BR,S-ZE-BR,B-ZE-BR,B-ZF-BR,B-ZG-BO,B-ZB-BR,S-ZF-BO,B-ZG-BR,B-ZE-BR
329,2022.01.27 00:00,EURJPY,60,86400,BUY,ZG,0,129.191,128.245,946.0,129.240,128.546,694.0,73.362,31.82,645.0,223.3,129.191,128.546,129.885,BREAK,2022.02.03 17:00,0,,0,,0,,0,NA,NewYork,BREAK,2022.02.03 18:00,BREAK,2022.02.03 20:00,127.600,BREAK,2022.03.01 20:00,0,,0,,0,,0,NA,NewYork,BOUNCE,2022.03.04 04:00,NA,,129.836,BREAK,2022.02.03 17:00,0,,0,,0,,0,NA,NewYork,BREAK,2022.02.03 18:00,BREAK,2022.02.03 20:00,127.901,BREAK,2022.03.01 19:00,0,,0,,0,,0,NA,NewYork,BREAK,2022.03.04 04:00,BREAK,2022.03.04 16:00,S-ZB-BO,S-ZF-BR,B-ZE-BR,S-ZG-BR,B-ZC-BR,B-ZF-BR,S-ZD-BR,B-ZF-BO,B-ZE-BO,B-ZF-BR,S-ZF-BR,S-ZE-BR,B-ZE-BR,B-ZF-BR,B-ZG-BO,B-ZB-BR,S-ZF-BO,B-ZG-BR,B-ZE-BR,S-ZB-BO
330,2022.01.28 00:00,EURJPY,60,86400,SELL,ZF,0,129.240,128.546,694.0,129.016,128.326,690.0,99.424,32.28,470.0,163.8,129.016,128.546,127.856,BREAK,2022.03.01 19:00,0,,0,,0,,0,NA,NewYork,BOUNCE,2022.03.02 00:00,NA,,129.710,BREAK,2022.02.03 16:00,0,,0,,0,,0,NA,NewYork,BREAK,2022.02.03 18:00,BREAK,2022.02.03 19:00,128.076,BOUNCE,2022.02.24 14:00,1,2022.02.24 23:00,1,2022.02.25 00:00,0,,2,10h,NewYork,NA,,NA,,129.486,BOUNCE,2022.02.01 11:00,1,2022.02.24 14:00,1,2022.02.24 14:00,0,,2,3w 2d,London,NA,,NA,,B-ZG-BR,S-ZB-BO,S-ZF-BR,B-ZE-BR,S-ZG-BR,B-ZC-BR,B-ZF-BR,S-ZD-BR,B-ZF-BO,B-ZE-BO,S-ZE-BR,B-ZE-BR,B-ZF-BR,B-ZG-BO,B-ZB-BR,S-ZF-BO,B-ZG-BR,B-ZE-BR,S-ZB-BO,S-ZO-BO
331,2022.01.31 02:00,EURJPY,60,86400,SELL,ZE,1,128.854,128.390,464.0,128.514,128.352,162.0,34.914,73.28,124.0,109.5,128.514,128.390,128.228,BREAK,2022.02.24 14:00,0,,0,,0,,0,NA,NewYork,BREAK,2022.02.24 15:00,BOUNCE,2022.03.01 17:00,128.978,BOUNCE,2022.01.31 06:00,1,2022.01.31 16:00,1,2022.02.24 14:00,1,2022.02.24 14:00,3,3w 3d,Asia,NA,,NA,,128.266,BREAK,2022.02.24 14:00,0,,0,,0,,0,NA,NewYork,BREAK,2022.02.24 15:00,BOUNCE,2022.03.01 17:00,128.638,BOUNCE,2022.01.31 04:00,1,2022.02.24 14:00,1,2022.02.24 14:00,0,,2,3w 3d,Asia,NA,,NA,,S-ZF-BR,B-ZG-BR,S-ZB-BO,S-ZF-BR,B-ZE-BR,S-ZG-BR,B-ZC-BR,B-ZF-BR,S-ZD-BR,B-ZF-BO,B-ZE-BR,B-ZF-BR,B-ZG-BO,B-ZB-BR,S-ZF-BO,B-ZG-BR,B-ZE-BR,S-ZB-BO,S-ZO-BO,S-ZO-BR
332,2022.02.02 00:00,EURJPY,60,86400,BUY,ZE,1,129.372,128.296,1076.0,129.535,128.866,669.0,62.175,52.97,506.0,253.9,129.372,128.866,130.041,BREAK,2022.02.03 17:00,0,,0,,0,,0,NA,NewYork,BREAK,2022.02.03 18:00,BREAK,2022.02.03 20:00,127.790,BREAK,2022.03.01 19:00,0,,0,,0,,0,NA,NewYork,BREAK,2022.03.04 04:00,BREAK,2022.03.04 16:00,129.878,BREAK,2022.02.03 17:00,0,,0,,0,,0,NA,NewYork,BREAK,2022.02.03 18:00,BREAK,2022.02.03 19:00,128.360,BREAK,2022.02.24 14:00,0,,0,,0,,0,NA,NewYork,BREAK,2022.03.01 20:00,BOUNCE,2022.03.02 14:00,S-ZE-BR,S-ZF-BR,B-ZG-BR,S-ZB-BO,S-ZF-BR,B-ZE-BR,S-ZG-BR,B-ZC-BR,B-ZF-BR,S-ZD-BR,B-ZF-BR,B-ZG-BO,B-ZB-BR,S-ZF-BO,B-ZG-BR,B-ZE-BR,S-ZB-BO,S-ZO-BO,S-ZO-BR,B-ZF-BR
333,2022.02.04 00:00,EURJPY,60,86400,BUY,ZF,1,129.468,129.044,424.0,131.540,129.187,2353.0,554.953,33.73,281.0,100.1,129.468,129.187,131.821,BREAK,2022.02.04 07:00,0,,0,,0,,0,NA,London,BOUNCE,2022.02.07 06:00,NA,,128.763,BREAK,2022.02.24 08:00,0,,0,,0,,0,NA,London,BREAK,2022.02.24 14:00,BREAK,2022.02.24 15:00,129.749,BREAK,2022.02.04 00:00,0,,0,,0,,0,NA,Asia,BREAK,2022.02.04 01:00,BREAK,2022.02.04 02:00,128.906,BOUNCE,2022.02.24 07:00,1,2022.02.25 16:00,1,2022.02.25 16:00,0,,2,1d 9h,London,NA,,NA,,B-ZE-BR,S-ZE-BR,S-ZF-BR,B-ZG-BR,S-ZB-BO,S-ZF-BR,B-ZE-BR,S-ZG-BR,B-ZC-BR,B-ZF-BR,B-ZG-BO,B-ZB-BR,S-ZF-BO,B-ZG-BR,B-ZE-BR,S-ZB-BO,S-ZO-BO,S-ZO-BR,B-ZF-BR,S-ZF-BR
334,2022.02.10 00:00,EURJPY,60,86400,BUY,ZG,0,132.032,131.478,554.0,132.154,131.624,530.0,95.668,26.35,408.0,130.7,132.032,131.624,132.562,BOUNCE,2022.02.10 13:00,1,2022.02.11 22:00,1,2022.02.11 22:00,1,2022.02.11 22:00,3,1d 9h,NewYork,NA,,NA,,131.070,BREAK,2022.02.11 22:00,0,,0,,0,,0,NA,Other,BREAK,2022.02.11 23:00,BREAK,2022.02.14 12:00,132.440,BREAK,2022.02.10 13:00,0,,0,,0,,0,NA,NewYork,BREAK,2022.02.10 19:00,BOUNCE,2022.03.22 16:00,131.216,BREAK,2022.02.11 22:00,0,,0,,0,,0,NA,Other,BREAK,2022.02.11 23:00,BREAK,2022.02.14 12:00,B-ZF-BR,B-ZE-BR,S-ZE-BR,S-ZF-BR,B-ZG-BR,S-ZB-BO,S-ZF-BR,B-ZE-BR,S-ZG-BR,B-ZC-BR,B-ZB-BR,S-ZF-BO,B-ZG-BR,B-ZE-BR,S-ZB-BO,S-ZO-BO,S-ZO-BR,B-ZF-BR,S-ZF-BR,S-ZO-BR
335,2022.02.11 00:00,EURJPY,60,86400,BUY,ZB,1,132.154,131.624,530.0,133.149,131.863,1286.0,242.642,45.09,291.0,125.1,132.154,131.863,133.440,BREAK,2022.03.23 02:00,0,,0,,0,,0,NA,Asia,BREAK,2022.03.23 03:00,BREAK,2022.03.24 19:00,131.333,BREAK,2022.02.11 22:00,0,,0,,0,,0,NA,Other,BREAK,2022.02.11 23:00,BREAK,2022.02.12 00:00,132.445,BREAK,2022.02.11 00:00,0,,0,,0,,0,NA,Asia,BREAK,2022.03.22 13:00,BOUNCE,2022.03.22 15:00,131.572,BREAK,2022.02.11 22:00,0,,0,,0,,0,NA,Other,BREAK,2022.02.11 23:00,BREAK,2022.02.12 00:00,B-ZG-BO,B-ZF-BR,B-ZE-BR,S-ZE-BR,S-ZF-BR,B-ZG-BR,S-ZB-BO,S-ZF-BR,B-ZE-BR,S-ZG-BR,S-ZF-BO,B-ZG-BR,B-ZE-BR,S-ZB-BO,S-ZO-BO,S-ZO-BR,B-ZF-BR,S-ZF-BR,S-ZO-BR,B-ZB-BR
336,2022.02.12 00:00,EURJPY,60,86400,SELL,ZF,1,133.149,131.863,1286.0,132.818,130.381,2437.0,189.502,25.74,955.0,303.5,132.818,131.863,129.426,BOUNCE,2022.02.22 03:00,1,2022.03.17 04:00,1,2022.03.23 02:00,1,2022.03.24 18:00,3,4w 2d,Asia,NA,,NA,,134.104,BREAK,2022.03.24 18:00,0,,0,,0,,0,NA,NewYork,BREAK,2022.03.28 12:00,BREAK,2022.03.28 13:00,130.908,BREAK,2022.02.12 00:00,0,,0,,0,,0,NA,Asia,BREAK,2022.02.22 03:00,BREAK,2022.02.24 08:00,133.773,BOUNCE,2022.03.23 02:00,0,,0,,0,,0,NA,Asia,NA,,NA,,B-ZB-BR,B-ZG-BO,B-ZF-BR,B-ZE-BR,S-ZE-BR,S-ZF-BR,B-ZG-BR,S-ZB-BO,S-ZF-BR,B-ZE-BR,B-ZG-BR,B-ZE-BR,S-ZB-BO,S-ZO-BO,S-ZO-BR,B-ZF-BR,S-ZF-BR,S-ZO-BR,B-ZB-BR,B-ZB-BR
337,2022.02.16 00:00,EURJPY,60,86400,BUY,ZG,0,131.382,130.041,1341.0,131.538,130.432,1106.0,82.476,29.16,950.0,316.5,131.382,130.432,132.488,BREAK,2022.03.22 12:00,0,,0,,0,,0,NA,London,BREAK,2022.03.23 02:00,BREAK,2022.03.25 02:00,129.091,BREAK,2022.02.24 07:00,0,,0,,0,,0,NA,London,BOUNCE,2022.02.24 22:00,NA,,132.332,BREAK,2022.03.22 12:00,0,,0,,0,,0,NA,London,BREAK,2022.03.23 02:00,BREAK,2022.03.24 23:00,129.482,BOUNCE,2022.02.22 03:00,1,2022.03.22 12:00,1,2022.03.22 12:00,0,,2,4w 0d,Asia,NA,,NA,,S-ZF-BO,B-ZB-BR,B-ZG-BO,B-ZF-BR,B-ZE-BR,S-ZE-BR,S-ZF-BR,B-ZG-BR,S-ZB-BO,S-ZF-BR,B-ZE-BR,S-ZB-BO,S-ZO-BO,S-ZO-BR,B-ZF-BR,S-ZF-BR,S-ZO-BR,B-ZB-BR,B-ZB-BR,B-ZE-BR
338,2022.02.17 00:00,EURJPY,60,86400,BUY,ZE,1,131.538,130.432,1106.0,131.905,131.103,802.0,72.514,60.67,435.0,261.0,131.538,131.103,132.340,BREAK,2022.03.22 12:00,0,,0,,0,,0,NA,London,BREAK,2022.03.22 14:00,BOUNCE,2022.03.22 16:00,129.997,BOUNCE,2022.02.21 03:00,1,2022.02.21 12:00,1,2022.03.22 08:00,1,2022.03.22 12:00,3,4w 1d,Asia,NA,,NA,,131.973,BREAK,2022.03.22 08:00,0,,0,,0,,0,NA,London,BREAK,2022.03.22 13:00,BREAK,2022.03.22 16:00,130.668,BOUNCE,2022.02.17 07:00,1,2022.03.22 08:00,1,2022.03.22 08:00,0,,2,4w 5d,London,NA,,NA,,B-ZG-BR,S-ZF-BO,B-ZB-BR,B-ZG-BO,B-ZF-BR,B-ZE-BR,S-ZE-BR,S-ZF-BR,B-ZG-BR,S-ZB-BO,S-ZB-BO,S-ZO-BO,S-ZO-BR,B-ZF-BR,S-ZF-BR,S-ZO-BR,B-ZB-BR,B-ZB-BR,B-ZE-BR,B-ZG-BR
339,2022.02.18 00:00,EURJPY,60,86400,SELL,ZB,1,131.905,131.103,802.0,131.515,130.396,1119.0,139.526,48.63,412.0,189.3,131.515,131.103,129.984,BOUNCE,2022.02.21 03:00,1,2022.02.21 11:00,1,2022.03.21 13:00,1,2022.03.22 08:00,3,4w 1d,Asia,NA,,NA,,132.317,BOUNCE,2022.03.22 08:00,0,,0,,0,,0,NA,London,NA,,NA,,130.691,BREAK,2022.02.18 00:00,0,,0,,0,,0,NA,Asia,BREAK,2022.02.21 02:00,BREAK,2022.02.22 02:00,131.927,BOUNCE,2022.03.21 13:00,0,,0,,0,,0,NA,NewYork,NA,,NA,,B-ZE-BR,B-ZG-BR,S-ZF-BO,B-ZB-BR,B-ZG-BO,B-ZF-BR,B-ZE-BR,S-ZE-BR,S-ZF-BR,B-ZG-BR,S-ZO-BO,S-ZO-BR,B-ZF-BR,S-ZF-BR,S-ZO-BR,B-ZB-BR,B-ZB-BR,B-ZE-BR,B-ZG-BR,B-ZC-BO
340,2022.02.19 00:00,EURJPY,60,86400,SELL,ZO,0,131.515,130.396,1119.0,131.120,130.207,913.0,81.591,35.30,724.0,264.1,131.120,130.396,129.483,BOUNCE,2022.02.22 03:00,1,2022.03.16 23:00,1,2022.03.17 21:00,1,2022.03.22 08:00,3,4w 0d,Asia,NA,,NA,,132.239,BREAK,2022.03.22 08:00,0,,0,,0,,0,NA,London,BREAK,2022.03.22 16:00,BOUNCE,2022.03.23 13:00,129.672,BREAK,2022.02.22 02:00,0,,0,,0,,0,NA,Asia,BOUNCE,2022.02.24 07:00,NA,,131.844,BREAK,2022.03.17 21:00,0,,0,,0,,0,NA,Other,BREAK,2022.03.22 13:00,BREAK,2022.03.23 02:00,S-ZB-BO,B-ZE-BR,B-ZG-BR,S-ZF-BO,B-ZB-BR,B-ZG-BO,B-ZF-BR,B-ZE-BR,S-ZE-BR,S-ZF-BR,S-ZO-BR,B-ZF-BR,S-ZF-BR,S-ZO-BR,B-ZB-BR,B-ZB-BR,B-ZE-BR,B-ZG-BR,B-ZC-BO,B-ZF-BR
341,2022.02.23 00:00,EURJPY,60,86400,SELL,ZO,0,130.919,129.759,1160.0,130.765,129.346,1419.0,122.328,13.28,1006.0,273.8,130.765,129.759,128.340,BREAK,2022.02.24 14:00,0,,0,,0,,0,NA,NewYork,BOUNCE,2022.03.02 20:00,NA,,131.925,BREAK,2022.03.21 13:00,0,,0,,0,,0,NA,NewYork,BREAK,2022.03.22 16:00,BREAK,2022.03.24 19:00,128.753,BREAK,2022.02.24 08:00,0,,0,,0,,0,NA,London,BREAK,2022.03.01 21:00,BREAK,2022.03.04 16:00,131.771,BREAK,2022.03.17 20:00,0,,0,,0,,0,NA,NewYork,BREAK,2022.03.22 14:00,BOUNCE,2022.03.23 15:00,S-ZO-BO,S-ZB-BO,B-ZE-BR,B-ZG-BR,S-ZF-BO,B-ZB-BR,B-ZG-BO,B-ZF-BR,B-ZE-BR,S-ZE-BR,B-ZF-BR,S-ZF-BR,S-ZO-BR,B-ZB-BR,B-ZB-BR,B-ZE-BR,B-ZG-BR,B-ZC-BO,B-ZF-BR,B-ZF-BO
342,2022.02.26 00:00,EURJPY,60,86400,BUY,ZF,0,130.047,127.914,2133.0,130.288,128.720,1568.0,73.511,37.79,1327.0,503.4,130.047,128.720,131.615,BREAK,2022.03.17 18:00,0,,0,,0,,0,NA,NewYork,BREAK,2022.03.23 02:00,BREAK,2022.03.28 06:00,126.587,BREAK,2022.03.04 16:00,0,,0,,0,,0,NA,NewYork,BREAK,2022.03.07 05:00,UNTOUCHED,,131.374,BREAK,2022.03.17 04:00,0,,0,,0,,0,NA,Asia,BREAK,2022.03.22 16:00,BREAK,2022.03.24 23:00,127.393,BOUNCE,2022.03.01 21:00,1,2022.03.17 04:00,1,2022.03.17 04:00,0,,2,2w 1d,Other,NA,,NA,,S-ZO-BR,S-ZO-BO,S-ZB-BO,B-ZE-BR,B-ZG-BR,S-ZF-BO,B-ZB-BR,B-ZG-BO,B-ZF-BR,B-ZE-BR,S-ZF-BR,S-ZO-BR,B-ZB-BR,B-ZB-BR,B-ZE-BR,B-ZG-BR,B-ZC-BO,B-ZF-BR,B-ZF-BO,B-ZE-BR
343,2022.03.02 00:00,EURJPY,60,86400,SELL,ZF,0,129.775,128.172,1603.0,129.243,127.373,1870.0,116.656,33.19,1071.0,378.3,129.243,128.172,126.302,BREAK,2022.03.04 16:00,0,,0,,0,,0,NA,NewYork,BREAK,2022.03.07 03:00,UNTOUCHED,,130.846,BREAK,2022.03.16 23:00,0,,0,,0,,0,NA,Other,BREAK,2022.03.22 08:00,BREAK,2022.03.23 02:00,127.101,BREAK,2022.03.04 04:00,0,,0,,0,,0,NA,Asia,BREAK,2022.03.04 17:00,BREAK,2022.03.07 05:00,130.314,BREAK,2022.03.16 14:00,0,,0,,0,,0,NA,NewYork,BREAK,2022.03.17 20:00,BREAK,2022.03.22 13:00,B-ZF-BR,S-ZO-BR,S-ZO-BO,S-ZB-BO,B-ZE-BR,B-ZG-BR,S-ZF-BO,B-ZB-BR,B-ZG-BO,B-ZF-BR,S-ZO-BR,B-ZB-BR,B-ZB-BR,B-ZE-BR,B-ZG-BR,B-ZC-BO,B-ZF-BR,B-ZF-BO,B-ZE-BR,B-ZB-BR
344,2022.03.03 00:00,EURJPY,60,86400,SELL,ZO,0,129.243,127.373,1870.0,128.766,127.295,1471.0,78.663,25.51,1393.0,441.3,128.766,127.373,125.902,BREAK,2022.03.04 17:00,0,,0,,0,,0,NA,NewYork,BOUNCE,2022.03.07 18:00,NA,,130.636,BREAK,2022.03.16 23:00,0,,0,,0,,0,NA,Other,BREAK,2022.03.22 12:00,BREAK,2022.03.23 03:00,125.980,BREAK,2022.03.04 17:00,0,,0,,0,,0,NA,NewYork,BOUNCE,2022.03.08 12:00,NA,,130.159,BREAK,2022.03.16 12:00,0,,0,,0,,0,NA,London,BREAK,2022.03.22 08:00,BREAK,2022.03.23 02:00,S-ZF-BR,B-ZF-BR,S-ZO-BR,S-ZO-BO,S-ZB-BO,B-ZE-BR,B-ZG-BR,S-ZF-BO,B-ZB-BR,B-ZG-BO,B-ZB-BR,B-ZB-BR,B-ZE-BR,B-ZG-BR,B-ZC-BO,B-ZF-BR,B-ZF-BO,B-ZE-BR,B-ZB-BR,B-ZE-BR
345,2022.03.09 00:00,EURJPY,60,86400,BUY,ZB,1,125.954,124.389,1565.0,126.732,125.005,1727.0,110.351,39.36,949.0,369.3,125.954,125.005,127.681,BREAK,2022.03.09 18:00,0,,0,,0,,0,NA,NewYork,BOUNCE,2022.03.10 19:00,NA,,123.440,UNTOUCHED,,0,,0,,0,,0,NA,Other,NA,,NA,,126.903,BREAK,2022.03.09 13:00,0,,0,,0,,0,NA,NewYork,BREAK,2022.03.09 20:00,BOUNCE,2022.03.10 18:00,124.056,UNTOUCHED,,0,,0,,0,,0,NA,Other,NA,,NA,,S-ZO-BR,S-ZF-BR,B-ZF-BR,S-ZO-BR,S-ZO-BO,S-ZB-BO,B-ZE-BR,B-ZG-BR,S-ZF-BO,B-ZB-BR,B-ZB-BR,B-ZE-BR,B-ZG-BR,B-ZC-BO,B-ZF-BR,B-ZF-BO,B-ZE-BR,B-ZB-BR,B-ZE-BR,S-ZG-UN
346,2022.03.10 00:00,EURJPY,60,86400,BUY,ZB,1,126.732,125.005,1727.0,128.467,125.864,2603.0,150.724,49.74,868.0,407.6,126.732,125.864,129.335,BREAK,2022.03.14 13:00,0,,0,,0,,0,NA,NewYork,BREAK,2022.03.16 23:00,BREAK,2022.03.17 17:00,124.137,UNTOUCHED,,0,,0,,0,,0,NA,Other,NA,,NA,,127.600,BREAK,2022.03.10 00:00,0,,0,,0,,0,NA,Asia,BOUNCE,2022.03.10 19:00,NA,,124.996,UNTOUCHED,,0,,0,,0,,0,NA,Other,NA,,NA,,B-ZB-BR,S-ZO-BR,S-ZF-BR,B-ZF-BR,S-ZO-BR,S-ZO-BO,S-ZB-BO,B-ZE-BR,B-ZG-BR,S-ZF-BO,B-ZE-BR,B-ZG-BR,B-ZC-BO,B-ZF-BR,B-ZF-BO,B-ZE-BR,B-ZB-BR,B-ZE-BR,S-ZG-UN,S-ZE-PE
347,2022.03.11 00:00,EURJPY,60,86400,BUY,ZE,1,128.467,125.864,2603.0,128.871,127.412,1459.0,56.051,59.47,1055.0,614.3,128.467,127.412,129.926,BREAK,2022.03.15 07:00,0,,0,,0,,0,NA,London,BREAK,2022.03.17 18:00,BREAK,2022.03.22 13:00,124.809,UNTOUCHED,,0,,0,,0,,0,NA,Other,NA,,NA,,129.522,BREAK,2022.03.14 13:00,0,,0,,0,,0,NA,NewYork,BREAK,2022.03.17 04:00,BREAK,2022.03.22 08:00,126.357,UNTOUCHED,,0,,0,,0,,0,NA,Other,NA,,NA,,B-ZB-BR,B-ZB-BR,S-ZO-BR,S-ZF-BR,B-ZF-BR,S-ZO-BR,S-ZO-BO,S-ZB-BO,B-ZE-BR,B-ZG-BR,B-ZG-BR,B-ZC-BO,B-ZF-BR,B-ZF-BO,B-ZE-BR,B-ZB-BR,B-ZE-BR,S-ZG-UN,S-ZE-PE,S-ZE-BO
348,2022.03.12 00:00,EURJPY,60,86400,BUY,ZG,0,128.871,127.412,1459.0,129.034,127.445,1589.0,108.910,2.26,1426.0,344.3,128.871,127.445,130.460,BREAK,2022.03.16 18:00,0,,0,,0,,0,NA,NewYork,BREAK,2022.03.22 08:00,BREAK,2022.03.23 02:00,125.986,UNTOUCHED,,0,,0,,0,,0,NA,Other,NA,,NA,,130.297,BREAK,2022.03.16 14:00,0,,0,,0,,0,NA,NewYork,BREAK,2022.03.22 08:00,BREAK,2022.03.23 02:00,126.019,UNTOUCHED,,0,,0,,0,,0,NA,Other,NA,,NA,,B-ZE-BR,B-ZB-BR,B-ZB-BR,S-ZO-BR,S-ZF-BR,B-ZF-BR,S-ZO-BR,S-ZO-BO,S-ZB-BO,B-ZE-BR,B-ZC-BO,B-ZF-BR,B-ZF-BO,B-ZE-BR,B-ZB-BR,B-ZE-BR,S-ZG-UN,S-ZE-PE,S-ZE-BO,B-ZG-BR
349,2022.03.16 00:00,EURJPY,60,86400,BUY,ZC,1,129.713,127.967,1746.0,130.027,129.203,824.0,47.194,70.79,510.0,412.1,129.713,129.203,130.537,BOUNCE,2022.03.16 18:00,0,,0,,0,,0,NA,NewYork,NA,,NA,,127.457,UNTOUCHED,,0,,0,,0,,0,NA,Other,NA,,NA,,130.223,BREAK,2022.03.16 14:00,0,,0,,0,,0,NA,NewYork,BREAK,2022.03.17 04:00,BOUNCE,2022.03.17 14:00,128.693,UNTOUCHED,,0,,0,,0,,0,NA,Other,NA,,NA,,B-ZG-BR,B-ZE-BR,B-ZB-BR,B-ZB-BR,S-ZO-BR,S-ZF-BR,B-ZF-BR,S-ZO-BR,S-ZO-BO,S-ZB-BO,B-ZF-BR,B-ZF-BO,B-ZE-BR,B-ZB-BR,B-ZE-BR,S-ZG-UN,S-ZE-PE,S-ZE-BO,B-ZG-BR,S-ZO-BR
350,2022.03.17 00:00,EURJPY,60,86400,BUY,ZF,1,130.027,129.203,824.0,131.045,129.452,1593.0,193.325,30.22,575.0,194.5,130.027,129.452,131.620,BREAK,2022.03.17 18:00,0,,0,,0,,0,NA,NewYork,BREAK,2022.03.22 12:00,BREAK,2022.03.22 14:00,128.628,UNTOUCHED,,0,,0,,0,,0,NA,Other,NA,,NA,,130.602,BREAK,2022.03.17 00:00,0,,0,,0,,0,NA,Asia,BREAK,2022.03.17 04:00,BREAK,2022.03.21 13:00,128.877,UNTOUCHED,,0,,0,,0,,0,NA,Other,NA,,NA,,B-ZC-BO,B-ZG-BR,B-ZE-BR,B-ZB-BR,B-ZB-BR,S-ZO-BR,S-ZF-BR,B-ZF-BR,S-ZO-BR,S-ZO-BO,B-ZF-BO,B-ZE-BR,B-ZB-BR,B-ZE-BR,S-ZG-UN,S-ZE-PE,S-ZE-BO,B-ZG-BR,S-ZO-BR,B-ZF-BR
351,2022.03.23 00:00,EURJPY,60,86400,BUY,ZF,1,131.969,131.375,594.0,133.337,131.537,1800.0,303.030,27.27,432.0,140.2,131.969,131.537,133.769,BOUNCE,2022.03.23 02:00,1,2022.03.23 15:00,0,,0,,1,13h,Asia,NA,,NA,,130.943,UNTOUCHED,,0,,0,,0,,0,NA,Other,NA,,NA,,132.401,BREAK,2022.03.23 00:00,0,,0,,0,,0,NA,Asia,BREAK,2022.03.23 01:00,BREAK,2022.03.23 02:00,131.105,UNTOUCHED,,0,,0,,0,,0,NA,Other,NA,,NA,,B-ZF-BR,B-ZC-BO,B-ZG-BR,B-ZE-BR,B-ZB-BR,B-ZB-BR,S-ZO-BR,S-ZF-BR,B-ZF-BR,S-ZO-BR,B-ZE-BR,B-ZB-BR,B-ZE-BR,S-ZG-UN,S-ZE-PE,S-ZE-BO,B-ZG-BR,S-ZO-BR,B-ZF-BR,B-ZB-BR
352,2022.03.24 00:00,EURJPY,60,86400,BUY,ZE,1,133.337,131.537,1800.0,133.884,132.327,1557.0,86.500,43.89,1010.0,424.8,133.337,132.327,134.894,BREAK,2022.03.28 10:00,0,,0,,0,,0,NA,London,BREAK,2022.03.28 13:00,BOUNCE,2022.03.28 15:00,130.527,UNTOUCHED,,0,,0,,0,,0,NA,Other,NA,,NA,,134.347,BREAK,2022.03.24 19:00,0,,0,,0,,0,NA,NewYork,BREAK,2022.03.28 12:00,BREAK,2022.03.28 13:00,131.317,UNTOUCHED,,0,,0,,0,,0,NA,Other,NA,,NA,,B-ZF-BO,B-ZF-BR,B-ZC-BO,B-ZG-BR,B-ZE-BR,B-ZB-BR,B-ZB-BR,S-ZO-BR,S-ZF-BR,B-ZF-BR,B-ZB-BR,B-ZE-BR,S-ZG-UN,S-ZE-PE,S-ZE-BO,B-ZG-BR,S-ZO-BR,B-ZF-BR,B-ZB-BR,B-ZE-UN
353,2022.03.25 00:00,EURJPY,60,86400,BUY,ZB,1,133.884,132.327,1557.0,134.569,132.948,1621.0,104.110,39.88,936.0,367.5,133.884,132.948,135.505,BREAK,2022.03.28 12:00,0,,0,,0,,0,NA,London,BREAK,2022.03.28 14:00,BREAK,2022.04.19 07:00,131.391,UNTOUCHED,,0,,0,,0,,0,NA,Other,NA,,NA,,134.820,BREAK,2022.03.28 07:00,0,,0,,0,,0,NA,London,BREAK,2022.03.28 13:00,BOUNCE,2022.03.28 17:00,132.012,UNTOUCHED,,0,,0,,0,,0,NA,Other,NA,,NA,,B-ZE-BR,B-ZF-BO,B-ZF-BR,B-ZC-BO,B-ZG-BR,B-ZE-BR,B-ZB-BR,B-ZB-BR,S-ZO-BR,S-ZF-BR,B-ZE-BR,S-ZG-UN,S-ZE-PE,S-ZE-BO,B-ZG-BR,S-ZO-BR,B-ZF-BR,B-ZB-BR,B-ZE-UN,B-ZG-UN
354,2022.03.26 00:00,EURJPY,60,86400,BUY,ZE,1,134.569,132.948,1621.0,134.741,133.719,1022.0,63.048,47.56,850.0,382.6,134.569,133.719,135.591,BREAK,2022.03.28 12:00,0,,0,,0,,0,NA,London,BREAK,2022.03.28 14:00,BOUNCE,2022.03.29 16:00,132.098,UNTOUCHED,,0,,0,,0,,0,NA,Other,NA,,NA,,135.419,BREAK,2022.03.28 12:00,0,,0,,0,,0,NA,London,BREAK,2022.03.28 14:00,BOUNCE,2022.03.29 17:00,132.869,UNTOUCHED,,0,,0,,0,,0,NA,Other,NA,,NA,,B-ZB-BR,B-ZE-BR,B-ZF-BO,B-ZF-BR,B-ZC-BO,B-ZG-BR,B-ZE-BR,B-ZB-BR,B-ZB-BR,S-ZO-BR,S-ZG-UN,S-ZE-PE,S-ZE-BO,B-ZG-BR,S-ZO-BR,B-ZF-BR,B-ZB-BR,B-ZE-UN,B-ZG-UN,S-ZG-BO
355,2022.03.31 00:00,EURJPY,60,86400,SELL,ZG,0,137.310,135.309,2001.0,136.672,134.877,1795.0,89.705,31.88,1363.0,472.2,136.672,135.309,133.514,UNTOUCHED,,0,,0,,0,,0,NA,Other,NA,,NA,,138.673,BREAK,2022.04.19 12:00,0,,0,,0,,0,NA,London,UNTOUCHED,,NA,,133.946,UNTOUCHED,,0,,0,,0,,0,NA,Other,NA,,NA,,138.035,BREAK,2022.04.19 08:00,0,,0,,0,,0,NA,London,BREAK,2022.04.21 11:00,UNTOUCHED,,B-ZE-BR,B-ZB-BR,B-ZE-BR,B-ZF-BO,B-ZF-BR,B-ZC-BO,B-ZG-BR,B-ZE-BR,B-ZB-BR,B-ZB-BR,S-ZE-PE,S-ZE-BO,B-ZG-BR,S-ZO-BR,B-ZF-BR,B-ZB-BR,B-ZE-UN,B-ZG-UN,S-ZG-BO,S-ZB-BR
356,2022.04.02 00:00,EURJPY,60,86400,SELL,ZE,1,136.842,134.513,2329.0,135.877,134.473,1404.0,60.283,41.43,1364.0,549.6,135.877,134.513,133.109,PENDING,2022.05.12 17:00,0,,0,,0,,0,NA,NewYork,NA,,NA,,138.206,BREAK,2022.04.19 10:00,0,,0,,0,,0,NA,London,BOUNCE,2022.04.25 10:00,NA,,133.149,PENDING,2022.05.12 17:00,0,,0,,0,,0,NA,NewYork,NA,,NA,,137.241,BREAK,2022.04.19 05:00,0,,0,,0,,0,NA,Asia,BREAK,2022.04.20 02:00,BOUNCE,2022.04.22 10:00,S-ZG-UN,B-ZE-BR,B-ZB-BR,B-ZE-BR,B-ZF-BO,B-ZF-BR,B-ZC-BO,B-ZG-BR,B-ZE-BR,B-ZB-BR,S-ZE-BO,B-ZG-BR,S-ZO-BR,B-ZF-BR,B-ZB-BR,B-ZE-UN,B-ZG-UN,S-ZG-BO,S-ZB-BR,S-ZE-BR
357,2022.04.06 00:00,EURJPY,60,86400,SELL,ZE,1,135.678,134.565,1113.0,135.124,134.291,833.0,74.843,49.78,559.0,262.7,135.124,134.565,133.732,BOUNCE,2022.05.12 15:00,1,2022.05.16 04:00,1,2022.05.17 12:00,1,2022.05.17 15:00,3,5d 0h,NewYork,NA,,NA,,136.237,BREAK,2022.04.11 10:00,0,,0,,0,,0,NA,London,BREAK,2022.04.11 16:00,BREAK,2022.04.19 06:00,134.006,BREAK,2022.05.12 15:00,0,,0,,0,,0,NA,NewYork,BOUNCE,2022.05.12 16:00,NA,,135.683,BREAK,2022.04.11 04:00,0,,0,,0,,0,NA,Asia,BREAK,2022.04.11 11:00,BREAK,2022.04.11 16:00,S-ZE-PE,S-ZG-UN,B-ZE-BR,B-ZB-BR,B-ZE-BR,B-ZF-BO,B-ZF-BR,B-ZC-BO,B-ZG-BR,B-ZE-BR,B-ZG-BR,S-ZO-BR,B-ZF-BR,B-ZB-BR,B-ZE-UN,B-ZG-UN,S-ZG-BO,S-ZB-BR,S-ZE-BR,B-ZB-BR
358,2022.04.07 00:00,EURJPY,60,86400,BUY,ZG,0,135.124,134.291,833.0,135.472,134.566,906.0,108.764,33.01,558.0,196.6,135.124,134.566,136.030,BREAK,2022.04.11 06:00,0,,0,,0,,0,NA,Asia,BREAK,2022.04.11 13:00,BREAK,2022.04.19 05:00,133.733,BOUNCE,2022.05.12 15:00,1,2022.05.16 04:00,1,2022.05.17 12:00,1,2022.05.17 14:00,3,4d 23h,NewYork,NA,,NA,,135.682,BREAK,2022.04.11 04:00,0,,0,,0,,0,NA,Asia,BREAK,2022.04.11 10:00,BREAK,2022.04.11 13:00,134.008,BREAK,2022.05.12 15:00,0,,0,,0,,0,NA,NewYork,BOUNCE,2022.05.12 16:00,NA,,S-ZE-BO,S-ZE-PE,S-ZG-UN,B-ZE-BR,B-ZB-BR,B-ZE-BR,B-ZF-BO,B-ZF-BR,B-ZC-BO,B-ZG-BR,S-ZO-BR,B-ZF-BR,B-ZB-BR,B-ZE-UN,B-ZG-UN,S-ZG-BO,S-ZB-BR,S-ZE-BR,B-ZB-BR,B-ZO-BO
359,2022.04.09 00:00,EURJPY,60,86400,SELL,ZO,0,135.497,134.413,1084.0,135.386,134.350,1036.0,95.572,10.24,973.0,255.8,135.386,134.413,133.377,BREAK,2022.05.12 16:00,0,,0,,0,,0,NA,NewYork,UNTOUCHED,,NA,,136.470,BREAK,2022.04.11 10:00,0,,0,,0,,0,NA,London,BREAK,2022.04.19 07:00,BREAK,2022.04.19 12:00,133.440,BREAK,2022.05.12 16:00,0,,0,,0,,0,NA,NewYork,UNTOUCHED,,NA,,136.359,BREAK,2022.04.11 10:00,0,,0,,0,,0,NA,London,BREAK,2022.04.19 06:00,BREAK,2022.04.19 12:00,B-ZG-BR,S-ZE-BO,S-ZE-PE,S-ZG-UN,B-ZE-BR,B-ZB-BR,B-ZE-BR,B-ZF-BO,B-ZF-BR,B-ZC-BO,B-ZF-BR,B-ZB-BR,B-ZE-UN,B-ZG-UN,S-ZG-BO,S-ZB-BR,S-ZE-BR,B-ZB-BR,B-ZO-BO,S-ZG-BR
360,2022.04.14 00:00,EURJPY,60,86400,BUY,ZF,0,136.639,135.538,1101.0,136.810,135.565,1245.0,113.079,2.45,1074.0,259.8,136.639,135.565,137.884,BREAK,2022.04.19 08:00,0,,0,,0,,0,NA,London,BREAK,2022.04.20 02:00,UNTOUCHED,,134.464,BOUNCE,2022.05.12 11:00,1,2022.05.17 16:00,0,,0,,1,5d 5h,London,NA,,NA,,137.713,BREAK,2022.04.19 07:00,0,,0,,0,,0,NA,London,BREAK,2022.04.19 17:00,BOUNCE,2022.04.22 09:00,134.491,BOUNCE,2022.05.12 11:00,0,,0,,0,,0,NA,London,NA,,NA,,S-ZO-BR,B-ZG-BR,S-ZE-BO,S-ZE-PE,S-ZG-UN,B-ZE-BR,B-ZB-BR,B-ZE-BR,B-ZF-BO,B-ZF-BR,B-ZB-BR,B-ZE-UN,B-ZG-UN,S-ZG-BO,S-ZB-BR,S-ZE-BR,B-ZB-BR,B-ZO-BO,S-ZG-BR,S-ZH-BR
361,2022.04.20 00:00,EURJPY,60,86400,BUY,ZB,1,137.025,136.386,639.0,139.090,136.808,2282.0,357.121,66.04,217.0,150.8,137.025,136.808,139.307,BREAK,2022.04.20 02:00,0,,0,,0,,0,NA,Asia,BOUNCE,2022.04.20 03:00,NA,,136.169,BOUNCE,2022.04.26 15:00,1,2022.04.28 07:00,1,2022.04.28 10:00,0,,2,1d 19h,NewYork,NA,,NA,,137.242,BREAK,2022.04.20 00:00,0,,0,,0,,0,NA,Asia,BREAK,2022.04.20 01:00,BREAK,2022.04.20 02:00,136.591,BOUNCE,2022.04.25 19:00,1,2022.04.25 23:00,1,2022.04.25 23:00,0,,2,4h,NewYork,NA,,NA,,B-ZF-BR,S-ZO-BR,B-ZG-BR,S-ZE-BO,S-ZE-PE,S-ZG-UN,B-ZE-BR,B-ZB-BR,B-ZE-BR,B-ZF-BO,B-ZE-UN,B-ZG-UN,S-ZG-BO,S-ZB-BR,S-ZE-BR,B-ZB-BR,B-ZO-BO,S-ZG-BR,S-ZH-BR,S-ZB-UN
362,2022.04.21 00:00,EURJPY,60,86400,BUY,ZE,1,139.090,136.808,2282.0,139.680,138.396,1284.0,56.266,69.59,694.0,538.6,139.090,138.396,140.374,UNTOUCHED,,0,,0,,0,,0,NA,Other,NA,,NA,,136.114,BREAK,2022.04.26 15:00,0,,0,,0,,0,NA,NewYork,BOUNCE,2022.04.27 09:00,NA,,139.784,BOUNCE,2022.04.21 11:00,1,2022.04.25 10:00,1,2022.04.26 15:00,0,,2,5d 4h,London,NA,,NA,,137.702,BOUNCE,2022.04.25 10:00,0,,0,,0,,0,NA,London,NA,,NA,,B-ZB-BR,B-ZF-BR,S-ZO-BR,B-ZG-BR,S-ZE-BO,S-ZE-PE,S-ZG-UN,B-ZE-BR,B-ZB-BR,B-ZE-BR,B-ZG-UN,S-ZG-BO,S-ZB-BR,S-ZE-BR,B-ZB-BR,B-ZO-BO,S-ZG-BR,S-ZH-BR,S-ZB-UN,B-ZB-BR
363,2022.04.22 00:00,EURJPY,60,86400,BUY,ZG,0,139.680,138.396,1284.0,140.002,138.511,1491.0,116.121,8.96,1169.0,303.0,139.680,138.511,141.171,UNTOUCHED,,0,,0,,0,,0,NA,Other,NA,,NA,,137.227,BOUNCE,2022.04.25 10:00,0,,0,,0,,0,NA,London,NA,,NA,,140.849,UNTOUCHED,,0,,0,,0,,0,NA,Other,NA,,NA,,137.342,BREAK,2022.04.25 10:00,0,,0,,0,,0,NA,London,BREAK,2022.04.26 16:00,BOUNCE,2022.04.28 07:00,B-ZE-UN,B-ZB-BR,B-ZF-BR,S-ZO-BR,B-ZG-BR,S-ZE-BO,S-ZE-PE,S-ZG-UN,B-ZE-BR,B-ZB-BR,S-ZG-BO,S-ZB-BR,S-ZE-BR,B-ZB-BR,B-ZO-BO,S-ZG-BR,S-ZH-BR,S-ZB-UN,B-ZB-BR,S-ZF-UN
364,2022.04.23 00:00,EURJPY,60,86400,SELL,ZG,0,140.002,138.511,1491.0,139.489,138.255,1234.0,82.763,34.41,978.0,351.9,139.489,138.511,137.277,BOUNCE,2022.04.25 10:00,1,2022.06.02 19:00,0,,0,,1,5w 3d,London,NA,,NA,,140.980,UNTOUCHED,,0,,0,,0,,0,NA,Other,NA,,NA,,137.533,BREAK,2022.04.25 10:00,0,,0,,0,,0,NA,London,BOUNCE,2022.04.26 08:00,NA,,140.467,UNTOUCHED,,0,,0,,0,,0,NA,Other,NA,,NA,,B-ZG-UN,B-ZE-UN,B-ZB-BR,B-ZF-BR,S-ZO-BR,B-ZG-BR,S-ZE-BO,S-ZE-PE,S-ZG-UN,B-ZE-BR,S-ZB-BR,S-ZE-BR,B-ZB-BR,B-ZO-BO,S-ZG-BR,S-ZH-BR,S-ZB-UN,B-ZB-BR,S-ZF-UN,S-ZE-UN
365,2022.04.27 00:00,EURJPY,60,86400,SELL,ZB,1,139.168,136.482,2686.0,137.533,135.398,2135.0,79.486,60.87,1051.0,633.9,137.533,136.482,134.347,BREAK,2022.05.12 12:00,0,,0,,0,,0,NA,London,BREAK,2022.05.12 17:00,UNTOUCHED,,140.219,BREAK,2022.06.03 17:00,0,,0,,0,,0,NA,NewYork,BREAK,2022.06.07 08:00,BREAK,2022.06.08 12:00,135.431,BREAK,2022.04.27 00:00,0,,0,,0,,0,NA,Asia,BREAK,2022.05.12 15:00,BREAK,2022.05.12 17:00,138.584,BREAK,2022.06.01 10:00,0,,0,,0,,0,NA,London,BREAK,2022.06.03 17:00,BREAK,2022.06.07 03:00,S-ZG-BO,B-ZG-UN,B-ZE-UN,B-ZB-BR,B-ZF-BR,S-ZO-BR,B-ZG-BR,S-ZE-BO,S-ZE-PE,S-ZG-UN,S-ZE-BR,B-ZB-BR,B-ZO-BO,S-ZG-BR,S-ZH-BR,S-ZB-UN,B-ZB-BR,S-ZF-UN,S-ZE-UN,B-ZE-BO
366,2022.04.28 00:00,EURJPY,60,86400,SELL,ZE,1,137.533,135.398,2135.0,136.290,134.775,1515.0,70.960,58.22,892.0,503.9,136.290,135.398,133.883,BREAK,2022.05.12 15:00,0,,0,,0,,0,NA,NewYork,BOUNCE,2022.05.13 05:00,NA,,138.425,BREAK,2022.06.01 05:00,0,,0,,0,,0,NA,Asia,BREAK,2022.06.03 12:00,BREAK,2022.06.06 18:00,134.506,BOUNCE,2022.05.12 11:00,1,2022.05.30 14:00,1,2022.06.01 05:00,0,,2,2w 5d,London,NA,,NA,,137.182,BREAK,2022.04.28 10:00,0,,0,,0,,0,NA,London,BOUNCE,2022.05.09 19:00,NA,,S-ZB-BR,S-ZG-BO,B-ZG-UN,B-ZE-UN,B-ZB-BR,B-ZF-BR,S-ZO-BR,B-ZG-BR,S-ZE-BO,S-ZE-PE,B-ZB-BR,B-ZO-BO,S-ZG-BR,S-ZH-BR,S-ZB-UN,B-ZB-BR,S-ZF-UN,S-ZE-UN,B-ZE-BO,S-ZC-UN
367,2022.04.29 00:00,EURJPY,60,86400,BUY,ZB,1,136.290,134.775,1515.0,137.994,135.435,2559.0,168.911,43.56,855.0,357.5,136.290,135.435,138.849,BREAK,2022.06.01 11:00,0,,0,,0,,0,NA,London,BREAK,2022.06.03 17:00,BREAK,2022.06.06 21:00,133.920,BREAK,2022.05.12 15:00,0,,0,,0,,0,NA,NewYork,BREAK,2022.05.12 17:00,UNTOUCHED,,137.145,BREAK,2022.04.29 00:00,0,,0,,0,,0,NA,Asia,BOUNCE,2022.05.09 19:00,NA,,134.580,BOUNCE,2022.05.12 11:00,1,2022.05.30 13:00,1,2022.05.30 13:00,0,,2,2w 4d,London,NA,,NA,,S-ZE-BR,S-ZB-BR,S-ZG-BO,B-ZG-UN,B-ZE-UN,B-ZB-BR,B-ZF-BR,S-ZO-BR,B-ZG-BR,S-ZE-BO,B-ZO-BO,S-ZG-BR,S-ZH-BR,S-ZB-UN,B-ZB-BR,S-ZF-UN,S-ZE-UN,B-ZE-BO,S-ZC-UN,B-ZH-BR
368,2022.05.06 00:00,EURJPY,60,86400,BUY,ZO,0,137.431,136.597,834.0,137.572,136.823,749.0,89.808,27.10,608.0,196.8,137.431,136.823,138.180,BOUNCE,2022.05.09 14:00,1,2022.05.11 13:00,1,2022.05.11 21:00,1,2022.05.12 10:00,3,2d 20h,NewYork,NA,,NA,,135.989,BREAK,2022.05.12 10:00,0,,0,,0,,0,NA,London,BREAK,2022.05.12 11:00,BREAK,2022.05.12 12:00,138.039,BREAK,2022.05.06 14:00,0,,0,,0,,0,NA,NewYork,BREAK,2022.06.01 11:00,BREAK,2022.06.02 21:00,136.215,BOUNCE,2022.05.11 21:00,1,2022.05.31 21:00,1,2022.05.31 21:00,0,,2,2w 6d,Other,NA,,NA,,B-ZB-BR,S-ZE-BR,S-ZB-BR,S-ZG-BO,B-ZG-UN,B-ZE-UN,B-ZB-BR,B-ZF-BR,S-ZO-BR,B-ZG-BR,S-ZG-BR,S-ZH-BR,S-ZB-UN,B-ZB-BR,S-ZF-UN,S-ZE-UN,B-ZE-BO,S-ZC-UN,B-ZH-BR,B-ZE-BR
369,2022.05.11 00:00,EURJPY,60,86400,SELL,ZG,0,138.313,137.062,1251.0,138.078,137.022,1056.0,84.412,18.78,1016.0,295.2,138.078,137.062,136.006,BREAK,2022.05.12 10:00,0,,0,,0,,0,NA,London,BREAK,2022.05.12 12:00,BREAK,2022.05.12 15:00,139.329,BREAK,2022.06.02 19:00,0,,0,,0,,0,NA,NewYork,BREAK,2022.06.06 18:00,BREAK,2022.06.07 05:00,136.046,BREAK,2022.05.12 10:00,0,,0,,0,,0,NA,London,BREAK,2022.05.12 11:00,BREAK,2022.05.12 15:00,139.094,BREAK,2022.06.02 18:00,0,,0,,0,,0,NA,NewYork,BREAK,2022.06.06 11:00,BREAK,2022.06.07 05:00,B-ZO-BO,B-ZB-BR,S-ZE-BR,S-ZB-BR,S-ZG-BO,B-ZG-UN,B-ZE-UN,B-ZB-BR,B-ZF-BR,S-ZO-BR,S-ZH-BR,S-ZB-UN,B-ZB-BR,S-ZF-UN,S-ZE-UN,B-ZE-BO,S-ZC-UN,B-ZH-BR,B-ZE-BR,B-ZD-BR
370,2022.05.12 00:00,EURJPY,60,86400,SELL,ZH,1,138.078,137.022,1056.0,137.707,136.175,1532.0,145.076,35.13,685.0,249.2,137.707,137.022,135.490,BREAK,2022.05.12 11:00,0,,0,,0,,0,NA,London,BREAK,2022.05.12 12:00,BREAK,2022.05.12 15:00,138.763,BREAK,2022.06.01 10:00,0,,0,,0,,0,NA,London,BREAK,2022.06.03 03:00,BREAK,2022.06.06 11:00,136.337,BREAK,2022.05.12 04:00,0,,0,,0,,0,NA,Asia,BREAK,2022.05.12 11:00,BREAK,2022.05.12 12:00,138.392,BREAK,2022.06.01 05:00,0,,0,,0,,0,NA,Asia,BREAK,2022.06.02 19:00,BREAK,2022.06.03 17:00,S-ZG-BR,B-ZO-BO,B-ZB-BR,S-ZE-BR,S-ZB-BR,S-ZG-BO,B-ZG-UN,B-ZE-UN,B-ZB-BR,B-ZF-BR,S-ZB-UN,B-ZB-BR,S-ZF-UN,S-ZE-UN,B-ZE-BO,S-ZC-UN,B-ZH-BR,B-ZE-BR,B-ZD-BR,B-ZB-BR
371,2022.05.13 00:00,EURJPY,60,86400,SELL,ZB,1,137.707,136.175,1532.0,136.759,132.651,4108.0,268.146,61.88,584.0,361.6,136.759,136.175,132.067,UNTOUCHED,,0,,0,,0,,0,NA,Other,NA,,NA,,138.291,BREAK,2022.06.01 04:00,0,,0,,0,,0,NA,Asia,BOUNCE,2022.06.01 19:00,NA,,135.591,BREAK,2022.05.13 00:00,0,,0,,0,,0,NA,Asia,BREAK,2022.05.13 01:00,BREAK,2022.05.13 02:00,137.343,BREAK,2022.05.30 16:00,0,,0,,0,,0,NA,NewYork,BOUNCE,2022.05.31 10:00,NA,,S-ZH-BR,S-ZG-BR,B-ZO-BO,B-ZB-BR,S-ZE-BR,S-ZB-BR,S-ZG-BO,B-ZG-UN,B-ZE-UN,B-ZB-BR,B-ZB-BR,S-ZF-UN,S-ZE-UN,B-ZE-BO,S-ZC-UN,B-ZH-BR,B-ZE-BR,B-ZD-BR,B-ZB-BR,B-ZB-BR
372,2022.05.18 00:00,EURJPY,60,86400,BUY,ZB,1,135.046,133.744,1302.0,136.696,134.491,2205.0,169.355,57.37,555.0,307.3,135.046,134.491,137.251,BREAK,2022.05.30 14:00,0,,0,,0,,0,NA,NewYork,BOUNCE,2022.05.31 10:00,NA,,133.189,UNTOUCHED,,0,,0,,0,,0,NA,Other,NA,,NA,,135.601,BREAK,2022.05.18 00:00,0,,0,,0,,0,NA,Asia,BREAK,2022.05.18 01:00,BOUNCE,2022.05.24 08:00,133.936,BOUNCE,2022.05.19 04:00,1,2022.05.20 13:00,1,2022.05.20 13:00,0,,2,1d 9h,Asia,NA,,NA,,S-ZB-UN,S-ZH-BR,S-ZG-BR,B-ZO-BO,B-ZB-BR,S-ZE-BR,S-ZB-BR,S-ZG-BO,B-ZG-UN,B-ZE-UN,S-ZF-UN,S-ZE-UN,B-ZE-BO,S-ZC-UN,B-ZH-BR,B-ZE-BR,B-ZD-BR,B-ZB-BR,B-ZB-BR,B-ZD-BO
373,2022.05.19 00:00,EURJPY,60,86400,SELL,ZF,0,136.696,134.491,2205.0,136.663,134.072,2591.0,117.506,1.50,2172.0,520.4,136.663,134.491,131.900,UNTOUCHED,,0,,0,,0,,0,NA,Other,NA,,NA,,138.868,BREAK,2022.06.01 11:00,0,,0,,0,,0,NA,London,BREAK,2022.06.07 05:00,BREAK,2022.06.08 14:00,132.319,UNTOUCHED,,0,,0,,0,,0,NA,Other,NA,,NA,,138.835,BREAK,2022.06.01 11:00,0,,0,,0,,0,NA,London,BREAK,2022.06.07 05:00,BREAK,2022.06.08 14:00,B-ZB-BR,S-ZB-UN,S-ZH-BR,S-ZG-BR,B-ZO-BO,B-ZB-BR,S-ZE-BR,S-ZB-BR,S-ZG-BO,B-ZG-UN,S-ZE-UN,B-ZE-BO,S-ZC-UN,B-ZH-BR,B-ZE-BR,B-ZD-BR,B-ZB-BR,B-ZB-BR,B-ZD-BO,B-ZB-UN
374,2022.05.20 00:00,EURJPY,60,86400,SELL,ZE,1,136.663,134.072,2591.0,135.452,133.926,1526.0,58.896,46.74,1380.0,611.5,135.452,134.072,132.546,UNTOUCHED,,0,,0,,0,,0,NA,Other,NA,,NA,,138.043,BREAK,2022.05.31 21:00,0,,0,,0,,0,NA,Other,BREAK,2022.06.03 17:00,BREAK,2022.06.07 03:00,132.692,UNTOUCHED,,0,,0,,0,,0,NA,Other,NA,,NA,,136.832,BREAK,2022.05.30 10:00,0,,0,,0,,0,NA,London,BREAK,2022.06.01 11:00,BREAK,2022.06.03 17:00,S-ZF-UN,B-ZB-BR,S-ZB-UN,S-ZH-BR,S-ZG-BR,B-ZO-BO,B-ZB-BR,S-ZE-BR,S-ZB-BR,S-ZG-BO,B-ZE-BO,S-ZC-UN,B-ZH-BR,B-ZE-BR,B-ZD-BR,B-ZB-BR,B-ZB-BR,B-ZD-BO,B-ZB-UN,S-ZB-BR
375,2022.05.21 00:00,EURJPY,60,86400,BUY,ZE,1,135.452,133.926,1526.0,135.800,134.577,1223.0,80.144,42.66,875.0,360.1,135.452,134.577,136.675,BOUNCE,2022.05.23 22:00,0,,0,,0,,0,NA,Other,NA,,NA,,133.051,UNTOUCHED,,0,,0,,0,,0,NA,Other,NA,,NA,,136.327,BREAK,2022.05.23 19:00,0,,0,,0,,0,NA,NewYork,BREAK,2022.05.30 17:00,BREAK,2022.06.01 05:00,133.702,UNTOUCHED,,0,,0,,0,,0,NA,Other,NA,,NA,,S-ZE-UN,S-ZF-UN,B-ZB-BR,S-ZB-UN,S-ZH-BR,S-ZG-BR,B-ZO-BO,B-ZB-BR,S-ZE-BR,S-ZB-BR,S-ZC-UN,B-ZH-BR,B-ZE-BR,B-ZD-BR,B-ZB-BR,B-ZB-BR,B-ZD-BO,B-ZB-UN,S-ZB-BR,B-ZO-BR
376,2022.05.26 00:00,EURJPY,60,86400,SELL,ZC,1,136.787,135.544,1243.0,136.229,134.984,1245.0,100.161,44.89,685.0,293.3,136.229,135.544,134.299,UNTOUCHED,,0,,0,,0,,0,NA,Other,NA,,NA,,137.472,BREAK,2022.05.30 16:00,0,,0,,0,,0,NA,NewYork,BREAK,2022.06.01 05:00,BREAK,2022.06.02 18:00,134.859,UNTOUCHED,,0,,0,,0,,0,NA,Other,NA,,NA,,136.914,BREAK,2022.05.30 11:00,0,,0,,0,,0,NA,London,BREAK,2022.05.31 04:00,BREAK,2022.06.01 10:00,B-ZE-BO,S-ZE-UN,S-ZF-UN,B-ZB-BR,S-ZB-UN,S-ZH-BR,S-ZG-BR,B-ZO-BO,B-ZB-BR,S-ZE-BR,B-ZH-BR,B-ZE-BR,B-ZD-BR,B-ZB-BR,B-ZB-BR,B-ZD-BO,B-ZB-UN,S-ZB-BR,B-ZO-BR,S-ZB-UN
377,2022.05.27 00:00,EURJPY,60,86400,BUY,ZH,0,136.229,134.984,1245.0,136.637,135.230,1407.0,113.012,19.76,999.0,293.8,136.229,135.230,137.636,BREAK,2022.05.30 18:00,0,,0,,0,,0,NA,NewYork,BREAK,2022.06.01 11:00,BREAK,2022.06.03 17:00,133.985,UNTOUCHED,,0,,0,,0,,0,NA,Other,NA,,NA,,137.228,BREAK,2022.05.30 14:00,0,,0,,0,,0,NA,NewYork,BREAK,2022.06.01 10:00,BREAK,2022.06.02 21:00,134.231,UNTOUCHED,,0,,0,,0,,0,NA,Other,NA,,NA,,S-ZC-UN,B-ZE-BO,S-ZE-UN,S-ZF-UN,B-ZB-BR,S-ZB-UN,S-ZH-BR,S-ZG-BR,B-ZO-BO,B-ZB-BR,B-ZE-BR,B-ZD-BR,B-ZB-BR,B-ZB-BR,B-ZD-BO,B-ZB-UN,S-ZB-BR,B-ZO-BR,S-ZB-UN,B-ZB-BR
378,2022.05.28 00:00,EURJPY,60,86400,BUY,ZE,1,136.637,135.230,1407.0,136.725,135.844,881.0,62.615,43.64,793.0,332.1,136.637,135.844,137.518,BREAK,2022.05.30 17:00,0,,0,,0,,0,NA,NewYork,BREAK,2022.06.01 10:00,BREAK,2022.06.02 20:00,134.437,UNTOUCHED,,0,,0,,0,,0,NA,Other,NA,,NA,,137.430,BREAK,2022.05.30 16:00,0,,0,,0,,0,NA,NewYork,BREAK,2022.06.01 10:00,BREAK,2022.06.02 19:00,135.051,UNTOUCHED,,0,,0,,0,,0,NA,Other,NA,,NA,,B-ZH-BR,S-ZC-UN,B-ZE-BO,S-ZE-UN,S-ZF-UN,B-ZB-BR,S-ZB-UN,S-ZH-BR,S-ZG-BR,B-ZO-BO,B-ZD-BR,B-ZB-BR,B-ZB-BR,B-ZD-BO,B-ZB-UN,S-ZB-BR,B-ZO-BR,S-ZB-UN,B-ZB-BR,B-ZF-UN
379,2022.06.01 00:00,EURJPY,60,86400,BUY,ZD,1,137.665,135.981,1684.0,138.234,136.798,1436.0,85.273,48.52,867.0,397.4,137.665,136.798,139.101,BREAK,2022.06.02 18:00,0,,0,,0,,0,NA,NewYork,BREAK,2022.06.03 21:00,BREAK,2022.06.07 03:00,135.114,UNTOUCHED,,0,,0,,0,,0,NA,Other,NA,,NA,,138.532,BREAK,2022.06.01 10:00,0,,0,,0,,0,NA,London,BREAK,2022.06.03 12:00,BREAK,2022.06.06 18:00,135.931,UNTOUCHED,,0,,0,,0,,0,NA,Other,NA,,NA,,B-ZE-BR,B-ZH-BR,S-ZC-UN,B-ZE-BO,S-ZE-UN,S-ZF-UN,B-ZB-BR,S-ZB-UN,S-ZH-BR,S-ZG-BR,B-ZB-BR,B-ZB-BR,B-ZD-BO,B-ZB-UN,S-ZB-BR,B-ZO-BR,S-ZB-UN,B-ZB-BR,B-ZF-UN,B-ZD-UN
380,2022.06.02 00:00,EURJPY,60,86400,BUY,ZB,1,138.234,136.798,1436.0,138.971,137.876,1095.0,76.253,75.07,358.0,338.9,138.234,137.876,139.329,BREAK,2022.06.02 19:00,0,,0,,0,,0,NA,NewYork,BREAK,2022.06.03 17:00,BREAK,2022.06.06 11:00,136.440,UNTOUCHED,,0,,0,,0,,0,NA,Other,NA,,NA,,138.592,BREAK,2022.06.02 00:00,0,,0,,0,,0,NA,Asia,BREAK,2022.06.02 19:00,BREAK,2022.06.03 03:00,137.518,BOUNCE,2022.07.06 16:00,1,2022.07.07 03:00,1,2022.07.07 03:00,0,,2,11h,NewYork,NA,,NA,,B-ZD-BR,B-ZE-BR,B-ZH-BR,S-ZC-UN,B-ZE-BO,S-ZE-UN,S-ZF-UN,B-ZB-BR,S-ZB-UN,S-ZH-BR,B-ZB-BR,B-ZD-BO,B-ZB-UN,S-ZB-BR,B-ZO-BR,S-ZB-UN,B-ZB-BR,B-ZF-UN,B-ZD-UN,S-ZF-BO
381,2022.06.03 00:00,EURJPY,60,86400,BUY,ZB,1,138.971,137.876,1095.0,139.594,138.389,1205.0,110.046,46.85,582.0,258.4,138.971,138.389,140.176,BREAK,2022.06.03 17:00,0,,0,,0,,0,NA,NewYork,BREAK,2022.06.06 21:00,BREAK,2022.06.07 05:00,137.294,BOUNCE,2022.07.06 16:00,1,2022.07.06 22:00,1,2022.07.14 11:00,0,,2,1w 0d,NewYork,NA,,NA,,139.553,BREAK,2022.06.03 00:00,0,,0,,0,,0,NA,Asia,BREAK,2022.06.06 11:00,BREAK,2022.06.06 21:00,137.807,BREAK,2022.07.06 15:00,0,,0,,0,,0,NA,NewYork,BREAK,2022.07.08 11:00,BREAK,2022.07.28 17:00,B-ZB-BR,B-ZD-BR,B-ZE-BR,B-ZH-BR,S-ZC-UN,B-ZE-BO,S-ZE-UN,S-ZF-UN,B-ZB-BR,S-ZB-UN,B-ZD-BO,B-ZB-UN,S-ZB-BR,B-ZO-BR,S-ZB-UN,B-ZB-BR,B-ZF-UN,B-ZD-UN,S-ZF-BO,S-ZE-BO
382,2022.06.04 00:00,EURJPY,60,86400,BUY,ZD,1,139.594,138.389,1205.0,140.371,139.212,1159.0,96.183,68.30,382.0,284.4,139.594,139.212,140.753,BOUNCE,2022.06.06 18:00,1,2022.06.13 17:00,1,2022.06.16 12:00,1,2022.06.16 13:00,3,1w 2d,NewYork,NA,,NA,,138.007,BOUNCE,2022.06.16 13:00,1,2022.06.16 17:00,1,2022.06.17 04:00,1,2022.06.17 06:00,3,17h,NewYork,NA,,NA,,139.976,BREAK,2022.06.04 00:00,0,,0,,0,,0,NA,Asia,BOUNCE,2022.06.06 05:00,NA,,138.830,BOUNCE,2022.06.16 12:00,1,2022.06.17 04:00,1,2022.06.17 04:00,0,,2,16h,London,NA,,NA,,B-ZB-BR,B-ZB-BR,B-ZD-BR,B-ZE-BR,B-ZH-BR,S-ZC-UN,B-ZE-BO,S-ZE-UN,S-ZF-UN,B-ZB-BR,B-ZB-UN,S-ZB-BR,B-ZO-BR,S-ZB-UN,B-ZB-BR,B-ZF-UN,B-ZD-UN,S-ZF-BO,S-ZE-BO,B-ZC-UN
383,2022.06.09 00:00,EURJPY,60,86400,BUY,ZB,1,142.059,140.923,1136.0,144.248,141.638,2610.0,229.754,62.94,421.0,268.1,142.059,141.638,144.669,UNTOUCHED,,0,,0,,0,,0,NA,Other,NA,,NA,,140.502,BREAK,2022.06.13 15:00,0,,0,,0,,0,NA,NewYork,BREAK,2022.06.13 17:00,BREAK,2022.06.13 18:00,142.480,BREAK,2022.06.09 00:00,0,,0,,0,,0,NA,Asia,BREAK,2022.06.09 01:00,BREAK,2022.06.09 02:00,141.217,BREAK,2022.06.10 16:00,0,,0,,0,,0,NA,NewYork,BREAK,2022.06.13 15:00,BREAK,2022.06.13 17:00,B-ZD-BO,B-ZB-BR,B-ZB-BR,B-ZD-BR,B-ZE-BR,B-ZH-BR,S-ZC-UN,B-ZE-BO,S-ZE-UN,S-ZF-UN,S-ZB-BR,B-ZO-BR,S-ZB-UN,B-ZB-BR,B-ZF-UN,B-ZD-UN,S-ZF-BO,S-ZE-BO,B-ZC-UN,S-ZH-BR
384,2022.06.11 00:00,EURJPY,60,86400,SELL,ZB,1,144.177,142.339,1838.0,142.789,140.802,1987.0,108.107,75.52,450.0,433.8,142.789,142.339,140.352,BREAK,2022.06.13 16:00,0,,0,,0,,0,NA,NewYork,BREAK,2022.06.13 18:00,BOUNCE,2022.06.16 11:00,144.627,UNTOUCHED,,0,,0,,0,,0,NA,Other,NA,,NA,,141.889,BREAK,2022.06.11 00:00,0,,0,,0,,0,NA,Asia,BREAK,2022.06.13 10:00,BREAK,2022.06.13 12:00,143.239,BREAK,2022.06.21 14:00,0,,0,,0,,0,NA,NewYork,BOUNCE,2022.06.22 05:00,NA,,B-ZB-UN,B-ZD-BO,B-ZB-BR,B-ZB-BR,B-ZD-BR,B-ZE-BR,B-ZH-BR,S-ZC-UN,B-ZE-BO,S-ZE-UN,B-ZO-BR,S-ZB-UN,B-ZB-BR,B-ZF-UN,B-ZD-UN,S-ZF-BO,S-ZE-BO,B-ZC-UN,S-ZH-BR,S-ZD-BO
385,2022.06.16 00:00,EURJPY,60,86400,BUY,ZO,0,140.961,139.474,1487.0,141.488,139.532,1956.0,131.540,3.90,1429.0,350.9,140.961,139.532,142.917,BREAK,2022.06.21 12:00,0,,0,,0,,0,NA,London,UNTOUCHED,,NA,,138.045,BOUNCE,2022.06.16 13:00,1,2022.06.17 06:00,1,2022.06.21 05:00,1,2022.06.21 12:00,3,4d 23h,NewYork,NA,,NA,,142.390,BREAK,2022.06.21 05:00,0,,0,,0,,0,NA,Asia,BREAK,2022.06.22 22:00,UNTOUCHED,,138.103,BOUNCE,2022.06.16 13:00,1,2022.06.21 05:00,1,2022.06.21 05:00,0,,2,4d 16h,NewYork,NA,,NA,,S-ZB-BR,B-ZB-UN,B-ZD-BO,B-ZB-BR,B-ZB-BR,B-ZD-BR,B-ZE-BR,B-ZH-BR,S-ZC-UN,B-ZE-BO,S-ZB-UN,B-ZB-BR,B-ZF-UN,B-ZD-UN,S-ZF-BO,S-ZE-BO,B-ZC-UN,S-ZH-BR,S-ZD-BO,S-ZF-BR
386,2022.06.17 00:00,EURJPY,60,86400,SELL,ZB,1,141.488,139.532,1956.0,140.602,137.841,2761.0,141.155,45.30,1070.0,461.6,140.602,139.532,136.771,UNTOUCHED,,0,,0,,0,,0,NA,Other,NA,,NA,,142.558,BREAK,2022.06.21 11:00,0,,0,,0,,0,NA,London,BREAK,2022.06.22 20:00,UNTOUCHED,,138.462,BREAK,2022.07.06 10:00,0,,0,,0,,0,NA,London,BOUNCE,2022.07.06 22:00,NA,,141.672,BOUNCE,2022.06.17 06:00,1,2022.07.06 10:00,1,2022.07.06 10:00,0,,2,2w 5d,Asia,NA,,NA,,B-ZO-BR,S-ZB-BR,B-ZB-UN,B-ZD-BO,B-ZB-BR,B-ZB-BR,B-ZD-BR,B-ZE-BR,B-ZH-BR,S-ZC-UN,B-ZB-BR,B-ZF-UN,B-ZD-UN,S-ZF-BO,S-ZE-BO,B-ZC-UN,S-ZH-BR,S-ZD-BO,S-ZF-BR,S-ZO-BO
387,2022.06.18 00:00,EURJPY,60,86400,BUY,ZB,1,140.602,137.841,2761.0,141.966,139.295,2671.0,96.740,52.66,1307.0,651.6,140.602,139.295,143.273,BREAK,2022.06.21 14:00,0,,0,,0,,0,NA,NewYork,UNTOUCHED,,NA,,136.534,BREAK,2022.07.28 17:00,0,,0,,0,,0,NA,NewYork,BREAK,2022.08.02 04:00,BOUNCE,2022.08.02 21:00,141.909,BREAK,2022.06.20 03:00,0,,0,,0,,0,NA,Asia,BREAK,2022.06.21 16:00,UNTOUCHED,,137.988,BREAK,2022.07.06 14:00,0,,0,,0,,0,NA,NewYork,BREAK,2022.07.29 07:00,BREAK,2022.08.02 04:00,S-ZB-UN,B-ZO-BR,S-ZB-BR,B-ZB-UN,B-ZD-BO,B-ZB-BR,B-ZB-BR,B-ZD-BR,B-ZE-BR,B-ZH-BR,B-ZF-UN,B-ZD-UN,S-ZF-BO,S-ZE-BO,B-ZC-UN,S-ZH-BR,S-ZD-BO,S-ZF-BR,S-ZO-BO,B-ZF-BO
388,2022.06.22 00:00,EURJPY,60,86400,BUY,ZF,1,142.354,141.296,1058.0,143.932,141.632,2300.0,217.391,31.76,722.0,249.7,142.354,141.632,144.654,UNTOUCHED,,0,,0,,0,,0,NA,Other,NA,,NA,,140.574,BREAK,2022.07.01 18:00,0,,0,,0,,0,NA,NewYork,BOUNCE,2022.07.05 12:00,NA,,143.076,BREAK,2022.06.22 00:00,0,,0,,0,,0,NA,Asia,BOUNCE,2022.06.22 05:00,NA,,140.910,BOUNCE,2022.07.01 10:00,0,,0,,0,,0,NA,London,NA,,NA,,B-ZB-BR,S-ZB-UN,B-ZO-BR,S-ZB-BR,B-ZB-UN,B-ZD-BO,B-ZB-BR,B-ZB-BR,B-ZD-BR,B-ZE-BR,B-ZD-UN,S-ZF-BO,S-ZE-BO,B-ZC-UN,S-ZH-BR,S-ZD-BO,S-ZF-BR,S-ZO-BO,B-ZF-BO,B-ZB-BO
389,2022.06.23 00:00,EURJPY,60,86400,BUY,ZD,1,143.932,141.632,2300.0,144.245,142.670,1575.0,68.478,45.13,1262.0,542.8,143.932,142.670,145.507,UNTOUCHED,,0,,0,,0,,0,NA,Other,NA,,NA,,140.370,BREAK,2022.07.01 18:00,0,,0,,0,,0,NA,NewYork,BREAK,2022.07.06 09:00,BREAK,2022.07.06 16:00,145.194,UNTOUCHED,,0,,0,,0,,0,NA,Other,NA,,NA,,141.408,BOUNCE,2022.06.23 17:00,0,,0,,0,,0,NA,NewYork,NA,,NA,,B-ZF-UN,B-ZB-BR,S-ZB-UN,B-ZO-BR,S-ZB-BR,B-ZB-UN,B-ZD-BO,B-ZB-BR,B-ZB-BR,B-ZD-BR,S-ZF-BO,S-ZE-BO,B-ZC-UN,S-ZH-BR,S-ZD-BO,S-ZF-BR,S-ZO-BO,B-ZF-BO,B-ZB-BO,B-ZC-BR
390,2022.06.24 00:00,EURJPY,60,86400,SELL,ZF,1,144.245,142.670,1575.0,144.000,141.408,2592.0,164.571,15.56,1330.0,371.7,144.000,142.670,140.078,BOUNCE,2022.07.01 18:00,0,,0,,0,,0,NA,NewYork,NA,,NA,,145.575,UNTOUCHED,,0,,0,,0,,0,NA,Other,NA,,NA,,141.340,BREAK,2022.07.01 07:00,0,,0,,0,,0,NA,London,BOUNCE,2022.07.04 10:00,NA,,145.330,UNTOUCHED,,0,,0,,0,,0,NA,Other,NA,,NA,,B-ZD-UN,B-ZF-UN,B-ZB-BR,S-ZB-UN,B-ZO-BR,S-ZB-BR,B-ZB-UN,B-ZD-BO,B-ZB-BR,B-ZB-BR,S-ZE-BO,B-ZC-UN,S-ZH-BR,S-ZD-BO,S-ZF-BR,S-ZO-BO,B-ZF-BO,B-ZB-BO,B-ZC-BR,B-ZF-UN
391,2022.06.25 00:00,EURJPY,60,86400,SELL,ZE,1,144.000,141.408,2592.0,142.767,141.399,1368.0,52.778,47.57,1359.0,611.7,142.767,141.408,140.040,BOUNCE,2022.07.01 18:00,0,,0,,0,,0,NA,NewYork,NA,,NA,,145.359,UNTOUCHED,,0,,0,,0,,0,NA,Other,NA,,NA,,140.049,BOUNCE,2022.07.01 18:00,0,,0,,0,,0,NA,NewYork,NA,,NA,,144.126,BOUNCE,2022.06.28 15:00,1,2022.07.01 18:00,1,2022.07.01 18:00,0,,2,3d 3h,NewYork,NA,,NA,,S-ZF-BO,B-ZD-UN,B-ZF-UN,B-ZB-BR,S-ZB-UN,B-ZO-BR,S-ZB-BR,B-ZB-UN,B-ZD-BO,B-ZB-BR,B-ZC-UN,S-ZH-BR,S-ZD-BO,S-ZF-BR,S-ZO-BO,B-ZF-BO,B-ZB-BO,B-ZC-BR,B-ZF-UN,B-ZE-UN
392,2022.06.29 00:00,EURJPY,60,86400,BUY,ZC,1,143.481,142.028,1453.0,144.278,142.864,1414.0,97.316,57.54,617.0,342.9,143.481,142.864,144.895,UNTOUCHED,,0,,0,,0,,0,NA,Other,NA,,NA,,141.411,BOUNCE,2022.06.30 16:00,0,,0,,0,,0,NA,NewYork,NA,,NA,,144.098,UNTOUCHED,,0,,0,,0,,0,NA,Other,NA,,NA,,142.247,BREAK,2022.06.30 11:00,0,,0,,0,,0,NA,London,BOUNCE,2022.06.30 21:00,NA,,S-ZE-BO,S-ZF-BO,B-ZD-UN,B-ZF-UN,B-ZB-BR,S-ZB-UN,B-ZO-BR,S-ZB-BR,B-ZB-UN,B-ZD-BO,S-ZH-BR,S-ZD-BO,S-ZF-BR,S-ZO-BO,B-ZF-BO,B-ZB-BO,B-ZC-BR,B-ZF-UN,B-ZE-UN,S-ZD-BO
393,2022.06.30 00:00,EURJPY,60,86400,SELL,ZH,0,144.278,142.864,1414.0,143.855,142.483,1372.0,97.030,29.92,991.0,333.7,143.855,142.864,141.492,BREAK,2022.06.30 16:00,0,,0,,0,,0,NA,NewYork,BREAK,2022.07.01 18:00,BREAK,2022.07.05 19:00,145.269,UNTOUCHED,,0,,0,,0,,0,NA,Other,NA,,NA,,141.873,BREAK,2022.06.30 11:00,0,,0,,0,,0,NA,London,BOUNCE,2022.07.01 13:00,NA,,144.846,UNTOUCHED,,0,,0,,0,,0,NA,Other,NA,,NA,,B-ZC-UN,S-ZE-BO,S-ZF-BO,B-ZD-UN,B-ZF-UN,B-ZB-BR,S-ZB-UN,B-ZO-BR,S-ZB-BR,B-ZB-UN,S-ZD-BO,S-ZF-BR,S-ZO-BO,B-ZF-BO,B-ZB-BO,B-ZC-BR,B-ZF-UN,B-ZE-UN,S-ZD-BO,S-ZF-BR
394,2022.07.01 00:00,EURJPY,60,86400,SELL,ZD,1,143.855,142.483,1372.0,142.861,141.372,1489.0,108.528,72.45,378.0,323.8,142.861,142.483,140.994,BOUNCE,2022.07.01 09:00,1,2022.07.01 12:00,0,,0,,1,3h,London,NA,,NA,,144.233,UNTOUCHED,,0,,0,,0,,0,NA,Other,NA,,NA,,142.105,BREAK,2022.07.01 01:00,0,,0,,0,,0,NA,Asia,BREAK,2022.07.01 07:00,BREAK,2022.07.01 08:00,143.239,UNTOUCHED,,0,,0,,0,,0,NA,Other,NA,,NA,,S-ZH-BR,B-ZC-UN,S-ZE-BO,S-ZF-BO,B-ZD-UN,B-ZF-UN,B-ZB-BR,S-ZB-UN,B-ZO-BR,S-ZB-BR,S-ZF-BR,S-ZO-BO,B-ZF-BO,B-ZB-BO,B-ZC-BR,B-ZF-UN,B-ZE-UN,S-ZD-BO,S-ZF-BR,S-ZF-BR
395,2022.07.02 00:00,EURJPY,60,86400,SELL,ZF,1,142.861,141.372,1489.0,142.434,139.792,2642.0,177.435,28.68,1062.0,351.4,142.434,141.372,138.730,BREAK,2022.07.06 05:00,0,,0,,0,,0,NA,Asia,BREAK,2022.07.06 16:00,BREAK,2022.07.29 07:00,143.923,UNTOUCHED,,0,,0,,0,,0,NA,Other,NA,,NA,,140.310,BREAK,2022.07.05 12:00,0,,0,,0,,0,NA,London,BREAK,2022.07.06 05:00,BREAK,2022.07.06 15:00,143.496,UNTOUCHED,,0,,0,,0,,0,NA,Other,NA,,NA,,S-ZD-BO,S-ZH-BR,B-ZC-UN,S-ZE-BO,S-ZF-BO,B-ZD-UN,B-ZF-UN,B-ZB-BR,S-ZB-UN,B-ZO-BR,S-ZO-BO,B-ZF-BO,B-ZB-BO,B-ZC-BR,B-ZF-UN,B-ZE-UN,S-ZD-BO,S-ZF-BR,S-ZF-BR,S-ZB-BR
396,2022.07.09 00:00,EURJPY,60,86400,SELL,ZO,1,139.070,137.980,1090.0,138.712,136.865,1847.0,169.450,32.84,732.0,257.2,138.712,137.980,136.133,BOUNCE,2022.07.29 07:00,1,2022.08.05 18:00,0,,0,,1,1w 0d,London,NA,,NA,,139.802,BREAK,2022.07.15 17:00,0,,0,,0,,0,NA,NewYork,BREAK,2022.07.18 18:00,BREAK,2022.07.20 04:00,137.248,BOUNCE,2022.07.12 12:00,1,2022.07.14 11:00,1,2022.07.15 17:00,0,,2,3d 5h,London,NA,,NA,,139.444,BREAK,2022.07.14 11:00,0,,0,,0,,0,NA,London,BREAK,2022.07.18 14:00,BOUNCE,2022.07.19 11:00,S-ZF-BR,S-ZD-BO,S-ZH-BR,B-ZC-UN,S-ZE-BO,S-ZF-BO,B-ZD-UN,B-ZF-UN,B-ZB-BR,S-ZB-UN,B-ZF-BO,B-ZB-BO,B-ZC-BR,B-ZF-UN,B-ZE-UN,S-ZD-BO,S-ZF-BR,S-ZF-BR,S-ZB-BR,S-ZE-UN
397,2022.07.14 00:00,EURJPY,60,86400,BUY,ZF,1,138.075,137.018,1057.0,138.798,137.120,1678.0,158.751,9.65,955.0,249.5,138.075,137.120,139.753,BOUNCE,2022.07.14 12:00,1,2022.07.28 13:00,1,2022.07.29 07:00,1,2022.07.29 07:00,3,2w 0d,London,NA,,NA,,136.063,BREAK,2022.07.29 07:00,0,,0,,0,,0,NA,London,BREAK,2022.08.02 03:00,BREAK,2022.08.02 10:00,139.030,BREAK,2022.07.14 11:00,0,,0,,0,,0,NA,London,BREAK,2022.07.18 13:00,BREAK,2022.07.19 14:00,136.165,BREAK,2022.07.29 07:00,0,,0,,0,,0,NA,London,BREAK,2022.08.02 01:00,BREAK,2022.08.02 10:00,S-ZO-BO,S-ZF-BR,S-ZD-BO,S-ZH-BR,B-ZC-UN,S-ZE-BO,S-ZF-BO,B-ZD-UN,B-ZF-UN,B-ZB-BR,B-ZB-BO,B-ZC-BR,B-ZF-UN,B-ZE-UN,S-ZD-BO,S-ZF-BR,S-ZF-BR,S-ZB-BR,S-ZE-UN,B-ZD-BO
398,2022.07.15 00:00,EURJPY,60,86400,BUY,ZB,1,138.798,137.120,1678.0,139.764,137.984,1780.0,106.079,51.49,814.0,396.0,138.798,137.984,140.578,BOUNCE,2022.07.18 14:00,1,2022.07.22 22:00,1,2022.07.28 16:00,1,2022.07.29 07:00,3,1w 3d,NewYork,NA,,NA,,136.306,BREAK,2022.07.29 07:00,0,,0,,0,,0,NA,London,BREAK,2022.08.01 17:00,BREAK,2022.08.02 05:00,139.612,BREAK,2022.07.15 15:00,0,,0,,0,,0,NA,NewYork,BREAK,2022.07.19 11:00,BREAK,2022.07.20 04:00,137.170,BREAK,2022.07.28 16:00,0,,0,,0,,0,NA,NewYork,BREAK,2022.07.29 07:00,BREAK,2022.08.01 05:00,B-ZF-BO,S-ZO-BO,S-ZF-BR,S-ZD-BO,S-ZH-BR,B-ZC-UN,S-ZE-BO,S-ZF-BO,B-ZD-UN,B-ZF-UN,B-ZC-BR,B-ZF-UN,B-ZE-UN,S-ZD-BO,S-ZF-BR,S-ZF-BR,S-ZB-BR,S-ZE-UN,B-ZD-BO,B-ZC-BR
399,2022.07.16 00:00,EURJPY,60,86400,BUY,ZC,1,139.764,137.984,1780.0,139.886,138.739,1147.0,64.438,42.42,1025.0,420.1,139.764,138.739,140.911,BREAK,2022.07.19 11:00,0,,0,,0,,0,NA,London,BOUNCE,2022.07.21 17:00,NA,,136.959,BREAK,2022.07.28 16:00,0,,0,,0,,0,NA,NewYork,BREAK,2022.08.01 05:00,BREAK,2022.08.02 04:00,140.789,BOUNCE,2022.07.18 18:00,1,2022.07.28 13:00,1,2022.07.28 16:00,0,,2,1w 2d,NewYork,NA,,NA,,137.714,BREAK,2022.07.28 13:00,0,,0,,0,,0,NA,NewYork,BREAK,2022.07.29 07:00,BOUNCE,2022.07.29 16:00,B-ZB-BO,B-ZF-BO,S-ZO-BO,S-ZF-BR,S-ZD-BO,S-ZH-BR,B-ZC-UN,S-ZE-BO,S-ZF-BO,B-ZD-UN,B-ZF-UN,B-ZE-UN,S-ZD-BO,S-ZF-BR,S-ZF-BR,S-ZB-BR,S-ZE-UN,B-ZD-BO,B-ZC-BR,B-ZF-BR
400,2022.07.20 00:00,EURJPY,60,86400,BUY,ZF,0,140.797,139.373,1424.0,141.446,139.693,1753.0,123.104,22.47,1104.0,336.1,140.797,139.693,142.550,UNTOUCHED,,0,,0,,0,,0,NA,Other,NA,,NA,,138.269,BOUNCE,2022.07.26 16:00,0,,0,,0,,0,NA,NewYork,NA,,NA,,141.901,BOUNCE,2022.07.20 11:00,1,2022.07.26 14:00,1,2022.07.26 16:00,0,,2,6d 5h,London,NA,,NA,,138.589,BREAK,2022.07.26 14:00,0,,0,,0,,0,NA,NewYork,BREAK,2022.07.28 16:00,BREAK,2022.07.29 07:00,B-ZC-BR,B-ZB-BO,B-ZF-BO,S-ZO-BO,S-ZF-BR,S-ZD-BO,S-ZH-BR,B-ZC-UN,S-ZE-BO,S-ZF-BO,B-ZE-UN,S-ZD-BO,S-ZF-BR,S-ZF-BR,S-ZB-BR,S-ZE-UN,B-ZD-BO,B-ZC-BR,B-ZF-BR,B-ZF-BO
401,2022.07.21 00:00,EURJPY,60,86400,BUY,ZE,1,141.446,139.693,1753.0,141.925,140.424,1501.0,85.625,41.70,1022.0,413.7,141.446,140.424,142.947,UNTOUCHED,,0,,0,,0,,0,NA,Other,NA,,NA,,138.671,BREAK,2022.07.26 14:00,0,,0,,0,,0,NA,NewYork,BREAK,2022.07.28 15:00,BREAK,2022.07.29 07:00,142.468,UNTOUCHED,,0,,0,,0,,0,NA,Other,NA,,NA,,139.402,BREAK,2022.07.22 13:00,0,,0,,0,,0,NA,NewYork,BOUNCE,2022.07.27 23:00,NA,,B-ZF-UN,B-ZC-BR,B-ZB-BO,B-ZF-BO,S-ZO-BO,S-ZF-BR,S-ZD-BO,S-ZH-BR,B-ZC-UN,S-ZE-BO,S-ZD-BO,S-ZF-BR,S-ZF-BR,S-ZB-BR,S-ZE-UN,B-ZD-BO,B-ZC-BR,B-ZF-BR,B-ZF-BO,S-ZE-BR
402,2022.07.23 00:00,EURJPY,60,86400,SELL,ZD,1,142.326,140.132,2194.0,140.691,138.774,1917.0,87.375,74.52,559.0,517.8,140.691,140.132,138.215,BOUNCE,2022.07.26 16:00,1,2022.07.27 22:00,0,,0,,1,1d 6h,NewYork,NA,,NA,,142.885,UNTOUCHED,,0,,0,,0,,0,NA,Other,NA,,NA,,139.573,BREAK,2022.07.23 00:00,0,,0,,0,,0,NA,Asia,BOUNCE,2022.07.25 13:00,NA,,141.250,UNTOUCHED,,0,,0,,0,,0,NA,Other,NA,,NA,,B-ZE-UN,B-ZF-UN,B-ZC-BR,B-ZB-BO,B-ZF-BO,S-ZO-BO,S-ZF-BR,S-ZD-BO,S-ZH-BR,B-ZC-UN,S-ZF-BR,S-ZF-BR,S-ZB-BR,S-ZE-UN,B-ZD-BO,B-ZC-BR,B-ZF-BR,B-ZF-BO,S-ZE-BR,B-ZE-BR
403,2022.07.27 00:00,EURJPY,60,86400,SELL,ZF,0,140.074,138.713,1361.0,139.839,138.127,1712.0,125.790,17.27,1126.0,321.2,139.839,138.713,137.001,BREAK,2022.07.28 16:00,0,,0,,0,,0,NA,NewYork,BREAK,2022.07.29 12:00,BREAK,2022.08.02 04:00,141.200,PENDING,2022.09.06 11:00,0,,0,,0,,0,NA,London,NA,,NA,,137.587,BREAK,2022.07.28 13:00,0,,0,,0,,0,NA,NewYork,BREAK,2022.07.29 07:00,BREAK,2022.08.01 17:00,140.965,BREAK,2022.09.06 11:00,0,,0,,0,,0,NA,London,BREAK,2022.09.07 08:00,BREAK,2022.09.07 17:00,S-ZD-BO,B-ZE-UN,B-ZF-UN,B-ZC-BR,B-ZB-BO,B-ZF-BO,S-ZO-BO,S-ZF-BR,S-ZD-BO,S-ZH-BR,S-ZF-BR,S-ZB-BR,S-ZE-UN,B-ZD-BO,B-ZC-BR,B-ZF-BR,B-ZF-BO,S-ZE-BR,B-ZE-BR,S-ZO-UN
404,2022.07.29 00:00,EURJPY,60,86400,SELL,ZF,1,139.509,138.382,1127.0,139.380,136.376,3004.0,266.548,11.45,998.0,266.0,139.380,138.382,135.378,BREAK,2022.08.01 05:00,0,,0,,0,,0,NA,Asia,BREAK,2022.08.02 05:00,UNTOUCHED,,140.507,BOUNCE,2022.09.02 14:00,0,,0,,0,,0,NA,NewYork,NA,,NA,,137.384,BREAK,2022.07.29 00:00,0,,0,,0,,0,NA,Asia,BREAK,2022.07.29 07:00,BREAK,2022.08.01 17:00,140.378,BREAK,2022.09.02 13:00,0,,0,,0,,0,NA,NewYork,BREAK,2022.09.06 19:00,BREAK,2022.09.07 08:00,S-ZF-BR,S-ZD-BO,B-ZE-UN,B-ZF-UN,B-ZC-BR,B-ZB-BO,B-ZF-BO,S-ZO-BO,S-ZF-BR,S-ZD-BO,S-ZB-BR,S-ZE-UN,B-ZD-BO,B-ZC-BR,B-ZF-BR,B-ZF-BO,S-ZE-BR,B-ZE-BR,S-ZO-UN,B-ZB-BR
405,2022.07.30 00:00,EURJPY,60,86400,SELL,ZB,1,139.380,136.376,3004.0,137.324,135.546,1778.0,59.188,68.44,948.0,708.9,137.324,136.376,134.598,BREAK,2022.08.02 04:00,0,,0,,0,,0,NA,Asia,BOUNCE,2022.08.02 19:00,NA,,140.328,BOUNCE,2022.09.02 13:00,0,,0,,0,,0,NA,NewYork,NA,,NA,,135.428,BREAK,2022.08.01 05:00,0,,0,,0,,0,NA,Asia,BREAK,2022.08.02 11:00,BOUNCE,2022.08.02 19:00,138.272,BOUNCE,2022.08.09 13:00,1,2022.08.15 16:00,1,2022.08.15 16:00,0,,2,6d 3h,NewYork,NA,,NA,,S-ZF-BR,S-ZF-BR,S-ZD-BO,B-ZE-UN,B-ZF-UN,B-ZC-BR,B-ZB-BO,B-ZF-BO,S-ZO-BO,S-ZF-BR,S-ZE-UN,B-ZD-BO,B-ZC-BR,B-ZF-BR,B-ZF-BO,S-ZE-BR,B-ZE-BR,S-ZO-UN,B-ZB-BR,B-ZG-BR
406,2022.08.03 00:00,EURJPY,60,86400,SELL,ZE,1,136.347,134.994,1353.0,135.380,133.399,1981.0,146.415,71.47,386.0,319.3,135.380,134.994,133.013,UNTOUCHED,,0,,0,,0,,0,NA,Other,NA,,NA,,136.733,BOUNCE,2022.08.04 12:00,1,2022.08.04 16:00,0,,0,,1,4h,London,NA,,NA,,134.608,UNTOUCHED,,0,,0,,0,,0,NA,Other,NA,,NA,,135.766,BOUNCE,2022.08.03 04:00,0,,0,,0,,0,NA,Asia,NA,,NA,,S-ZB-BR,S-ZF-BR,S-ZF-BR,S-ZD-BO,B-ZE-UN,B-ZF-UN,B-ZC-BR,B-ZB-BO,B-ZF-BO,S-ZO-BO,B-ZD-BO,B-ZC-BR,B-ZF-BR,B-ZF-BO,S-ZE-BR,B-ZE-BR,S-ZO-UN,B-ZB-BR,B-ZG-BR,S-ZD-UN
407,2022.08.04 00:00,EURJPY,60,86400,BUY,ZD,1,135.380,133.399,1981.0,136.414,134.825,1589.0,80.212,71.98,555.0,467.5,135.380,134.825,136.969,BOUNCE,2022.08.05 16:00,1,2022.08.15 13:00,0,,0,,1,1w 2d,NewYork,NA,,NA,,132.844,UNTOUCHED,,0,,0,,0,,0,NA,Other,NA,,NA,,135.935,BREAK,2022.08.04 00:00,0,,0,,0,,0,NA,Asia,BOUNCE,2022.08.04 16:00,NA,,134.270,UNTOUCHED,,0,,0,,0,,0,NA,Other,NA,,NA,,S-ZE-UN,S-ZB-BR,S-ZF-BR,S-ZF-BR,S-ZD-BO,B-ZE-UN,B-ZF-UN,B-ZC-BR,B-ZB-BO,B-ZF-BO,B-ZC-BR,B-ZF-BR,B-ZF-BO,S-ZE-BR,B-ZE-BR,S-ZO-UN,B-ZB-BR,B-ZG-BR,S-ZD-UN,S-ZO-UN
408,2022.08.05 00:00,EURJPY,60,86400,BUY,ZC,1,136.414,134.825,1589.0,136.919,135.637,1282.0,80.680,51.10,777.0,375.0,136.414,135.637,137.696,BREAK,2022.08.05 18:00,0,,0,,0,,0,NA,NewYork,BREAK,2022.08.29 20:00,BREAK,2022.08.31 19:00,134.048,UNTOUCHED,,0,,0,,0,,0,NA,Other,NA,,NA,,137.191,BREAK,2022.08.05 17:00,0,,0,,0,,0,NA,NewYork,BREAK,2022.08.10 15:00,BREAK,2022.08.30 20:00,134.860,UNTOUCHED,,0,,0,,0,,0,NA,Other,NA,,NA,,B-ZD-BO,S-ZE-UN,S-ZB-BR,S-ZF-BR,S-ZF-BR,S-ZD-BO,B-ZE-UN,B-ZF-UN,B-ZC-BR,B-ZB-BO,B-ZF-BR,B-ZF-BO,S-ZE-BR,B-ZE-BR,S-ZO-UN,B-ZB-BR,B-ZG-BR,S-ZD-UN,S-ZO-UN,B-ZE-BO
409,2022.08.06 00:00,EURJPY,60,86400,BUY,ZF,1,136.919,135.637,1282.0,137.755,135.797,1958.0,152.730,12.48,1122.0,302.6,136.919,135.797,138.877,BREAK,2022.08.29 20:00,0,,0,,0,,0,NA,NewYork,BREAK,2022.09.02 13:00,BREAK,2022.09.06 19:00,134.515,UNTOUCHED,,0,,0,,0,,0,NA,Other,NA,,NA,,138.041,BREAK,2022.08.09 12:00,0,,0,,0,,0,NA,London,BREAK,2022.08.31 19:00,BREAK,2022.09.02 16:00,134.675,UNTOUCHED,,0,,0,,0,,0,NA,Other,NA,,NA,,B-ZC-BR,B-ZD-BO,S-ZE-UN,S-ZB-BR,S-ZF-BR,S-ZF-BR,S-ZD-BO,B-ZE-UN,B-ZF-UN,B-ZC-BR,B-ZF-BO,S-ZE-BR,B-ZE-BR,S-ZO-UN,B-ZB-BR,B-ZG-BR,S-ZD-UN,S-ZO-UN,B-ZE-BO,B-ZG-BR
410,2022.08.10 00:00,EURJPY,60,86400,BUY,ZF,0,137.924,137.068,856.0,138.307,137.257,1050.0,122.664,22.08,667.0,202.0,137.924,137.257,138.974,BOUNCE,2022.08.29 21:00,0,,0,,0,,0,NA,Other,NA,,NA,,136.401,BOUNCE,2022.08.11 16:00,1,2022.08.17 18:00,1,2022.08.29 16:00,1,2022.08.29 21:00,3,2w 4d,NewYork,NA,,NA,,138.591,BREAK,2022.08.29 16:00,0,,0,,0,,0,NA,NewYork,BREAK,2022.08.31 19:00,BOUNCE,2022.09.01 15:00,136.590,BREAK,2022.08.11 04:00,0,,0,,0,,0,NA,Asia,BREAK,2022.08.15 15:00,BREAK,2022.08.16 04:00,B-ZF-BR,B-ZC-BR,B-ZD-BO,S-ZE-UN,S-ZB-BR,S-ZF-BR,S-ZF-BR,S-ZD-BO,B-ZE-UN,B-ZF-UN,S-ZE-BR,B-ZE-BR,S-ZO-UN,B-ZB-BR,B-ZG-BR,S-ZD-UN,S-ZO-UN,B-ZE-BO,B-ZG-BR,B-ZC-BO
411,2022.08.12 00:00,EURJPY,60,86400,SELL,ZE,1,138.393,136.608,1785.0,137.339,136.296,1043.0,58.431,59.05,731.0,421.3,137.339,136.608,135.565,BREAK,2022.08.15 16:00,0,,0,,0,,0,NA,NewYork,UNTOUCHED,,NA,,139.124,BOUNCE,2022.08.30 20:00,0,,0,,0,,0,NA,NewYork,NA,,NA,,135.877,BREAK,2022.08.15 13:00,0,,0,,0,,0,NA,NewYork,BOUNCE,2022.08.16 12:00,NA,,138.070,BREAK,2022.08.29 11:00,0,,0,,0,,0,NA,London,BREAK,2022.08.31 18:00,BREAK,2022.09.01 05:00,B-ZF-BO,B-ZF-BR,B-ZC-BR,B-ZD-BO,S-ZE-UN,S-ZB-BR,S-ZF-BR,S-ZF-BR,S-ZD-BO,B-ZE-UN,B-ZE-BR,S-ZO-UN,B-ZB-BR,B-ZG-BR,S-ZD-UN,S-ZO-UN,B-ZE-BO,B-ZG-BR,B-ZC-BO,B-ZF-BO
412,2022.08.13 00:00,EURJPY,60,86400,BUY,ZE,1,137.339,136.296,1043.0,137.719,136.889,830.0,79.578,56.86,450.0,246.1,137.339,136.889,138.169,BREAK,2022.08.29 14:00,0,,0,,0,,0,NA,NewYork,BREAK,2022.08.29 20:00,BOUNCE,2022.08.31 10:00,135.846,BREAK,2022.08.15 15:00,0,,0,,0,,0,NA,NewYork,BREAK,2022.08.16 04:00,UNTOUCHED,,137.789,BOUNCE,2022.08.17 18:00,1,2022.08.22 21:00,1,2022.08.23 10:00,0,,2,5d 16h,NewYork,NA,,NA,,136.439,BREAK,2022.08.15 09:00,0,,0,,0,,0,NA,London,BREAK,2022.08.15 15:00,BREAK,2022.08.15 16:00,S-ZE-BR,B-ZF-BO,B-ZF-BR,B-ZC-BR,B-ZD-BO,S-ZE-UN,S-ZB-BR,S-ZF-BR,S-ZF-BR,S-ZD-BO,S-ZO-UN,B-ZB-BR,B-ZG-BR,S-ZD-UN,S-ZO-UN,B-ZE-BO,B-ZG-BR,B-ZC-BO,B-ZF-BO,B-ZE-BO
413,2022.08.17 00:00,EURJPY,60,86400,SELL,ZO,0,137.279,135.276,2003.0,136.914,134.946,1968.0,98.253,18.22,1638.0,472.7,136.914,135.276,133.308,UNTOUCHED,,0,,0,,0,,0,NA,Other,NA,,NA,,138.917,BREAK,2022.08.29 20:00,0,,0,,0,,0,NA,NewYork,BOUNCE,2022.09.05 01:00,NA,,133.638,UNTOUCHED,,0,,0,,0,,0,NA,Other,NA,,NA,,138.552,BREAK,2022.08.29 15:00,0,,0,,0,,0,NA,NewYork,BREAK,2022.09.02 16:00,BREAK,2022.09.07 07:00,B-ZE-BR,S-ZE-BR,B-ZF-BO,B-ZF-BR,B-ZC-BR,B-ZD-BO,S-ZE-UN,S-ZB-BR,S-ZF-BR,S-ZF-BR,B-ZB-BR,B-ZG-BR,S-ZD-UN,S-ZO-UN,B-ZE-BO,B-ZG-BR,B-ZC-BO,B-ZF-BO,B-ZE-BO,B-ZG-BR
414,2022.08.18 00:00,EURJPY,60,86400,BUY,ZB,1,136.914,134.946,1968.0,137.876,136.261,1615.0,82.063,66.82,653.0,464.4,136.914,136.261,138.529,BREAK,2022.08.29 15:00,0,,0,,0,,0,NA,NewYork,BOUNCE,2022.08.31 10:00,NA,,134.293,UNTOUCHED,,0,,0,,0,,0,NA,Other,NA,,NA,,137.567,BOUNCE,2022.08.18 12:00,1,2022.08.24 13:00,0,,0,,1,6d 1h,London,NA,,NA,,135.608,BOUNCE,2022.08.24 13:00,1,2022.08.26 17:00,1,2022.08.26 17:00,0,,2,2d 4h,NewYork,NA,,NA,,S-ZO-UN,B-ZE-BR,S-ZE-BR,B-ZF-BO,B-ZF-BR,B-ZC-BR,B-ZD-BO,S-ZE-UN,S-ZB-BR,S-ZF-BR,B-ZG-BR,S-ZD-UN,S-ZO-UN,B-ZE-BO,B-ZG-BR,B-ZC-BO,B-ZF-BO,B-ZE-BO,B-ZG-BR,S-ZO-BR
415,2022.08.20 00:00,EURJPY,60,86400,BUY,ZG,0,137.663,136.556,1107.0,137.965,136.931,1034.0,93.406,33.88,732.0,261.3,137.663,136.931,138.697,BREAK,2022.08.29 16:00,0,,0,,0,,0,NA,NewYork,BREAK,2022.09.01 00:00,BREAK,2022.09.02 13:00,135.824,BOUNCE,2022.08.23 11:00,1,2022.08.26 17:00,1,2022.08.29 15:00,1,2022.08.29 16:00,3,6d 5h,London,NA,,NA,,138.395,BREAK,2022.08.29 15:00,0,,0,,0,,0,NA,NewYork,BOUNCE,2022.08.31 12:00,NA,,136.199,BREAK,2022.08.23 09:00,0,,0,,0,,0,NA,London,UNTOUCHED,,NA,,B-ZB-BR,S-ZO-UN,B-ZE-BR,S-ZE-BR,B-ZF-BO,B-ZF-BR,B-ZC-BR,B-ZD-BO,S-ZE-UN,S-ZB-BR,S-ZD-UN,S-ZO-UN,B-ZE-BO,B-ZG-BR,B-ZC-BO,B-ZF-BO,B-ZE-BO,B-ZG-BR,S-ZO-BR,B-ZB-BO
416,2022.08.24 00:00,EURJPY,60,86400,SELL,ZD,1,137.946,136.394,1552.0,137.061,135.724,1337.0,86.147,57.02,667.0,366.3,137.061,136.394,135.057,UNTOUCHED,,0,,0,,0,,0,NA,Other,NA,,NA,,138.613,BREAK,2022.08.29 16:00,0,,0,,0,,0,NA,NewYork,BREAK,2022.08.31 19:00,BOUNCE,2022.09.01 15:00,135.727,BOUNCE,2022.08.24 12:00,1,2022.08.26 17:00,1,2022.08.29 16:00,0,,2,5d 4h,London,NA,,NA,,137.728,BOUNCE,2022.08.26 17:00,0,,0,,0,,0,NA,NewYork,NA,,NA,,B-ZG-BR,B-ZB-BR,S-ZO-UN,B-ZE-BR,S-ZE-BR,B-ZF-BO,B-ZF-BR,B-ZC-BR,B-ZD-BO,S-ZE-UN,S-ZO-UN,B-ZE-BO,B-ZG-BR,B-ZC-BO,B-ZF-BO,B-ZE-BO,B-ZG-BR,S-ZO-BR,B-ZB-BO,B-ZE-BO
417,2022.08.25 00:00,EURJPY,60,86400,SELL,ZO,0,137.061,135.724,1337.0,136.777,135.515,1262.0,94.390,21.24,1053.0,315.5,136.777,135.724,134.462,UNTOUCHED,,0,,0,,0,,0,NA,Other,NA,,NA,,138.114,BREAK,2022.08.29 11:00,0,,0,,0,,0,NA,London,BREAK,2022.08.31 19:00,BREAK,2022.09.02 16:00,134.671,UNTOUCHED,,0,,0,,0,,0,NA,Other,NA,,NA,,137.830,BOUNCE,2022.08.26 18:00,0,,0,,0,,0,NA,NewYork,NA,,NA,,S-ZD-UN,B-ZG-BR,B-ZB-BR,S-ZO-UN,B-ZE-BR,S-ZE-BR,B-ZF-BO,B-ZF-BR,B-ZC-BR,B-ZD-BO,B-ZE-BO,B-ZG-BR,B-ZC-BO,B-ZF-BO,B-ZE-BO,B-ZG-BR,S-ZO-BR,B-ZB-BO,B-ZE-BO,S-ZD-BR
418,2022.08.26 00:00,EURJPY,60,86400,BUY,ZE,1,136.777,135.515,1262.0,136.977,136.014,963.0,76.307,39.54,763.0,297.8,136.777,136.014,137.740,BOUNCE,2022.08.26 17:00,0,,0,,0,,0,NA,NewYork,NA,,NA,,134.752,UNTOUCHED,,0,,0,,0,,0,NA,Other,NA,,NA,,137.540,BREAK,2022.08.26 17:00,0,,0,,0,,0,NA,NewYork,BREAK,2022.08.29 16:00,BOUNCE,2022.08.31 12:00,135.251,UNTOUCHED,,0,,0,,0,,0,NA,Other,NA,,NA,,S-ZO-UN,S-ZD-UN,B-ZG-BR,B-ZB-BR,S-ZO-UN,B-ZE-BR,S-ZE-BR,B-ZF-BO,B-ZF-BR,B-ZC-BR,B-ZG-BR,B-ZC-BO,B-ZF-BO,B-ZE-BO,B-ZG-BR,S-ZO-BR,B-ZB-BO,B-ZE-BO,S-ZD-BR,S-ZG-BR
419,2022.08.27 00:00,EURJPY,60,86400,BUY,ZG,1,136.977,136.014,963.0,137.962,136.074,1888.0,196.054,6.23,903.0,227.3,136.977,136.074,138.865,BREAK,2022.08.29 20:00,0,,0,,0,,0,NA,NewYork,BREAK,2022.09.02 11:00,BOUNCE,2022.09.02 20:00,135.111,UNTOUCHED,,0,,0,,0,,0,NA,Other,NA,,NA,,137.880,BREAK,2022.08.29 10:00,0,,0,,0,,0,NA,London,BREAK,2022.08.30 19:00,BREAK,2022.09.01 03:00,135.171,UNTOUCHED,,0,,0,,0,,0,NA,Other,NA,,NA,,B-ZE-BO,S-ZO-UN,S-ZD-UN,B-ZG-BR,B-ZB-BR,S-ZO-UN,B-ZE-BR,S-ZE-BR,B-ZF-BO,B-ZF-BR,B-ZC-BO,B-ZF-BO,B-ZE-BO,B-ZG-BR,S-ZO-BR,B-ZB-BO,B-ZE-BO,S-ZD-BR,S-ZG-BR,B-ZO-BO
420,2022.08.31 00:00,EURJPY,60,86400,BUY,ZC,1,138.974,136.873,2101.0,139.217,138.260,957.0,45.550,66.02,714.0,495.8,138.974,138.260,139.931,BOUNCE,2022.09.01 03:00,1,2022.09.26 04:00,1,2022.09.26 04:00,0,,2,3w 4d,Asia,NA,,NA,,136.159,UNTOUCHED,,0,,0,,0,,0,NA,Other,NA,,NA,,139.688,BOUNCE,2022.09.01 00:00,1,2022.09.26 04:00,0,,0,,1,3w 4d,Asia,NA,,NA,,137.546,BOUNCE,2022.09.26 04:00,1,2022.09.28 20:00,1,2022.09.28 20:00,0,,2,2d 16h,Asia,NA,,NA,,B-ZG-BR,B-ZE-BO,S-ZO-UN,S-ZD-UN,B-ZG-BR,B-ZB-BR,S-ZO-UN,B-ZE-BR,S-ZE-BR,B-ZF-BO,B-ZF-BO,B-ZE-BO,B-ZG-BR,S-ZO-BR,B-ZB-BO,B-ZE-BO,S-ZD-BR,S-ZG-BR,B-ZO-BO,S-ZB-BR
421,2022.09.01 00:00,EURJPY,60,86400,BUY,ZF,0,139.217,138.260,957.0,139.679,138.266,1413.0,147.649,0.63,951.0,225.9,139.217,138.266,140.630,BOUNCE,2022.09.02 16:00,1,2022.09.05 09:00,0,,0,,1,2d 17h,NewYork,NA,,NA,,137.309,UNTOUCHED,,0,,0,,0,,0,NA,Other,NA,,NA,,140.168,BREAK,2022.09.02 13:00,0,,0,,0,,0,NA,NewYork,BREAK,2022.09.06 11:00,BREAK,2022.09.07 07:00,137.315,UNTOUCHED,,0,,0,,0,,0,NA,Other,NA,,NA,,B-ZC-BO,B-ZG-BR,B-ZE-BO,S-ZO-UN,S-ZD-UN,B-ZG-BR,B-ZB-BR,S-ZO-UN,B-ZE-BR,S-ZE-BR,B-ZE-BO,B-ZG-BR,S-ZO-BR,B-ZB-BO,B-ZE-BO,S-ZD-BR,S-ZG-BR,B-ZO-BO,S-ZB-BR,S-ZC-UN
422,2022.09.02 00:00,EURJPY,60,86400,BUY,ZE,1,139.679,138.266,1413.0,139.988,138.921,1067.0,75.513,46.36,758.0,333.5,139.679,138.921,140.746,BOUNCE,2022.09.02 16:00,1,2022.09.05 01:00,1,2022.09.26 04:00,1,2022.09.26 04:00,3,3w 2d,NewYork,NA,,NA,,137.508,BOUNCE,2022.09.26 04:00,1,2022.09.26 06:00,1,2022.09.29 14:00,1,2022.09.29 15:00,3,3d 11h,Asia,NA,,NA,,140.437,BOUNCE,2022.09.02 13:00,1,2022.09.26 04:00,1,2022.09.26 04:00,0,,2,3w 2d,NewYork,NA,,NA,,138.163,BREAK,2022.09.26 04:00,0,,0,,0,,0,NA,Asia,UNTOUCHED,,NA,,B-ZF-BO,B-ZC-BO,B-ZG-BR,B-ZE-BO,S-ZO-UN,S-ZD-UN,B-ZG-BR,B-ZB-BR,S-ZO-UN,B-ZE-BR,B-ZG-BR,S-ZO-BR,B-ZB-BO,B-ZE-BO,S-ZD-BR,S-ZG-BR,B-ZO-BO,S-ZB-BR,S-ZC-UN,B-ZE-BR
423,2022.09.03 00:00,EURJPY,60,86400,BUY,ZG,1,139.988,138.921,1067.0,140.748,139.235,1513.0,141.799,29.43,753.0,251.8,139.988,139.235,141.501,BREAK,2022.09.06 19:00,0,,0,,0,,0,NA,NewYork,BREAK,2022.09.07 08:00,BREAK,2022.09.07 14:00,138.168,BREAK,2022.09.26 04:00,0,,0,,0,,0,NA,Asia,UNTOUCHED,,NA,,140.741,BREAK,2022.09.06 10:00,0,,0,,0,,0,NA,London,BREAK,2022.09.06 20:00,BREAK,2022.09.07 08:00,138.482,BREAK,2022.09.26 04:00,0,,0,,0,,0,NA,Asia,BOUNCE,2022.09.26 05:00,NA,,B-ZE-BO,B-ZF-BO,B-ZC-BO,B-ZG-BR,B-ZE-BO,S-ZO-UN,S-ZD-UN,B-ZG-BR,B-ZB-BR,S-ZO-UN,S-ZO-BR,B-ZB-BO,B-ZE-BO,S-ZD-BR,S-ZG-BR,B-ZO-BO,S-ZB-BR,S-ZC-UN,B-ZE-BR,B-ZB-BR
424,2022.09.06 00:00,EURJPY,60,86400,SELL,ZO,1,139.660,139.502,158.0,139.645,138.687,958.0,606.329,9.49,143.0,37.3,139.645,139.502,138.544,BREAK,2022.09.26 04:00,0,,0,,0,,0,NA,Asia,BREAK,2022.09.26 05:00,BREAK,2022.09.28 05:00,139.803,BOUNCE,2022.09.06 02:00,1,2022.09.22 12:00,1,2022.09.22 12:00,1,2022.09.26 04:00,3,2w 6d,Asia,NA,,NA,,139.359,BREAK,2022.09.22 12:00,0,,0,,0,,0,NA,London,BREAK,2022.09.22 16:00,BREAK,2022.09.22 17:00,139.788,BOUNCE,2022.09.06 02:00,1,2022.09.22 12:00,1,2022.09.22 12:00,0,,2,2w 2d,Asia,NA,,NA,,B-ZG-BR,B-ZE-BO,B-ZF-BO,B-ZC-BO,B-ZG-BR,B-ZE-BO,S-ZO-UN,S-ZD-UN,B-ZG-BR,B-ZB-BR,B-ZB-BO,B-ZE-BO,S-ZD-BR,S-ZG-BR,B-ZO-BO,S-ZB-BR,S-ZC-UN,B-ZE-BR,B-ZB-BR,B-ZD-BR
425,2022.09.07 00:00,EURJPY,60,86400,BUY,ZB,1,139.645,138.687,958.0,141.760,139.403,2357.0,246.033,74.74,242.0,226.1,139.645,139.403,142.002,BOUNCE,2022.09.07 02:00,1,2022.09.07 04:00,1,2022.09.22 16:00,1,2022.09.26 04:00,3,2w 5d,Asia,NA,,NA,,138.445,BREAK,2022.09.26 04:00,0,,0,,0,,0,NA,Asia,BREAK,2022.09.26 05:00,UNTOUCHED,,139.887,BREAK,2022.09.07 00:00,0,,0,,0,,0,NA,Asia,BREAK,2022.09.07 01:00,BREAK,2022.09.07 02:00,139.161,BREAK,2022.09.22 16:00,0,,0,,0,,0,NA,NewYork,BOUNCE,2022.09.23 11:00,NA,,S-ZO-BR,B-ZG-BR,B-ZE-BO,B-ZF-BO,B-ZC-BO,B-ZG-BR,B-ZE-BO,S-ZO-UN,S-ZD-UN,B-ZG-BR,B-ZE-BO,S-ZD-BR,S-ZG-BR,B-ZO-BO,S-ZB-BR,S-ZC-UN,B-ZE-BR,B-ZB-BR,B-ZD-BR,B-ZF-BR
426,2022.09.09 00:00,EURJPY,60,86400,BUY,ZE,1,144.003,141.288,2715.0,144.328,143.177,1151.0,42.394,69.58,826.0,640.7,144.003,143.177,145.154,BOUNCE,2022.09.12 11:00,1,2022.09.14 09:00,1,2022.09.14 18:00,1,2022.09.22 12:00,3,1w 3d,London,NA,,NA,,140.462,BREAK,2022.09.22 12:00,0,,0,,0,,0,NA,London,BOUNCE,2022.09.22 15:00,NA,,144.829,BREAK,2022.09.12 10:00,0,,0,,0,,0,NA,London,BREAK,2022.10.17 19:00,BREAK,2022.10.18 17:00,142.351,BOUNCE,2022.09.14 18:00,1,2022.10.14 19:00,1,2022.10.14 19:00,0,,2,4w 2d,NewYork,NA,,NA,,B-ZB-BO,S-ZO-BR,B-ZG-BR,B-ZE-BO,B-ZF-BO,B-ZC-BO,B-ZG-BR,B-ZE-BO,S-ZO-UN,S-ZD-UN,S-ZD-BR,S-ZG-BR,B-ZO-BO,S-ZB-BR,S-ZC-UN,B-ZE-BR,B-ZB-BR,B-ZD-BR,B-ZF-BR,B-ZO-BR
427,2022.09.15 00:00,EURJPY,60,86400,SELL,ZD,1,145.503,144.026,1477.0,144.472,142.289,2183.0,147.800,69.80,446.0,348.6,144.472,144.026,141.843,BREAK,2022.09.21 23:00,0,,0,,0,,0,NA,Other,BOUNCE,2022.09.22 06:00,NA,,145.949,BREAK,2022.10.17 18:00,0,,0,,0,,0,NA,NewYork,BREAK,2022.10.18 08:00,BOUNCE,2022.10.18 13:00,143.580,BREAK,2022.09.15 00:00,0,,0,,0,,0,NA,Asia,BREAK,2022.09.15 01:00,BOUNCE,2022.09.15 10:00,144.918,BREAK,2022.10.17 09:00,0,,0,,0,,0,NA,London,BREAK,2022.10.17 18:00,BREAK,2022.10.17 19:00,B-ZE-BO,B-ZB-BO,S-ZO-BR,B-ZG-BR,B-ZE-BO,B-ZF-BO,B-ZC-BO,B-ZG-BR,B-ZE-BO,S-ZO-UN,S-ZG-BR,B-ZO-BO,S-ZB-BR,S-ZC-UN,B-ZE-BR,B-ZB-BR,B-ZD-BR,B-ZF-BR,B-ZO-BR,S-ZB-BO
428,2022.09.17 00:00,EURJPY,60,86400,SELL,ZG,0,143.680,142.562,1118.0,143.531,142.505,1026.0,91.771,13.33,969.0,263.8,143.531,142.562,141.536,BREAK,2022.09.22 01:00,0,,0,,0,,0,NA,Asia,BREAK,2022.09.22 12:00,BOUNCE,2022.09.22 15:00,144.649,BREAK,2022.10.14 17:00,0,,0,,0,,0,NA,NewYork,BREAK,2022.10.17 18:00,BREAK,2022.10.18 10:00,141.593,BREAK,2022.09.22 01:00,0,,0,,0,,0,NA,Asia,BREAK,2022.09.22 12:00,BREAK,2022.09.22 15:00,144.500,BREAK,2022.10.14 17:00,0,,0,,0,,0,NA,NewYork,BREAK,2022.10.17 18:00,BREAK,2022.10.18 00:00,S-ZD-BR,B-ZE-BO,B-ZB-BO,S-ZO-BR,B-ZG-BR,B-ZE-BO,B-ZF-BO,B-ZC-BO,B-ZG-BR,B-ZE-BO,B-ZO-BO,S-ZB-BR,S-ZC-UN,B-ZE-BR,B-ZB-BR,B-ZD-BR,B-ZF-BR,B-ZO-BR,S-ZB-BO,B-ZG-BO
429,2022.09.21 00:00,EURJPY,60,86400,BUY,ZO,0,143.573,142.791,782.0,144.039,143.011,1028.0,131.458,28.13,562.0,184.6,143.573,143.011,144.601,BOUNCE,2022.10.14 17:00,0,,0,,0,,0,NA,NewYork,NA,,NA,,142.229,BREAK,2022.09.21 10:00,0,,0,,0,,0,NA,London,BREAK,2022.09.22 01:00,BREAK,2022.09.22 12:00,144.135,BREAK,2022.10.14 05:00,0,,0,,0,,0,NA,Asia,BOUNCE,2022.10.14 17:00,NA,,142.449,BREAK,2022.09.21 10:00,0,,0,,0,,0,NA,London,BOUNCE,2022.09.21 22:00,NA,,S-ZG-BR,S-ZD-BR,B-ZE-BO,B-ZB-BO,S-ZO-BR,B-ZG-BR,B-ZE-BO,B-ZF-BO,B-ZC-BO,B-ZG-BR,S-ZB-BR,S-ZC-UN,B-ZE-BR,B-ZB-BR,B-ZD-BR,B-ZF-BR,B-ZO-BR,S-ZB-BO,B-ZG-BO,B-ZF-BR
430,2022.09.22 00:00,EURJPY,60,86400,SELL,ZB,1,144.039,143.011,1028.0,143.590,141.724,1866.0,181.518,43.68,579.0,242.6,143.590,143.011,141.145,BREAK,2022.09.22 12:00,0,,0,,0,,0,NA,London,BREAK,2022.09.22 13:00,BREAK,2022.09.22 15:00,144.618,BOUNCE,2022.10.14 17:00,0,,0,,0,,0,NA,NewYork,NA,,NA,,142.432,BREAK,2022.09.22 00:00,0,,0,,0,,0,NA,Asia,BREAK,2022.09.22 01:00,BOUNCE,2022.09.22 06:00,144.169,BREAK,2022.10.14 05:00,0,,0,,0,,0,NA,Asia,BREAK,2022.10.17 09:00,BREAK,2022.10.17 17:00,B-ZO-BO,S-ZG-BR,S-ZD-BR,B-ZE-BO,B-ZB-BO,S-ZO-BR,B-ZG-BR,B-ZE-BO,B-ZF-BO,B-ZC-BO,S-ZC-UN,B-ZE-BR,B-ZB-BR,B-ZD-BR,B-ZF-BR,B-ZO-BR,S-ZB-BO,B-ZG-BO,B-ZF-BR,B-ZH-BR
431,2022.09.24 00:00,EURJPY,60,86400,SELL,ZC,1,143.696,138.705,4991.0,140.243,138.662,1581.0,31.677,69.18,1538.0,1177.9,140.243,138.705,137.124,UNTOUCHED,,0,,0,,0,,0,NA,Other,NA,,NA,,145.234,BREAK,2022.10.17 16:00,0,,0,,0,,0,NA,NewYork,BREAK,2022.10.21 17:00,BOUNCE,2022.10.21 18:00,137.167,UNTOUCHED,,0,,0,,0,,0,NA,Other,NA,,NA,,141.781,BREAK,2022.09.30 01:00,0,,0,,0,,0,NA,Asia,BOUNCE,2022.10.07 10:00,NA,,S-ZB-BR,B-ZO-BO,S-ZG-BR,S-ZD-BR,B-ZE-BO,B-ZB-BO,S-ZO-BR,B-ZG-BR,B-ZE-BO,B-ZF-BO,B-ZE-BR,B-ZB-BR,B-ZD-BR,B-ZF-BR,B-ZO-BR,S-ZB-BO,B-ZG-BO,B-ZF-BR,B-ZH-BR,B-ZD-BR
432,2022.09.28 00:00,EURJPY,60,86400,BUY,ZE,1,139.516,137.335,2181.0,139.541,138.609,932.0,42.733,58.41,907.0,514.7,139.516,138.609,140.448,BREAK,2022.09.29 14:00,0,,0,,0,,0,NA,NewYork,BREAK,2022.09.30 01:00,BOUNCE,2022.09.30 14:00,136.428,UNTOUCHED,,0,,0,,0,,0,NA,Other,NA,,NA,,140.423,BREAK,2022.09.29 14:00,0,,0,,0,,0,NA,NewYork,BREAK,2022.09.30 01:00,BOUNCE,2022.09.30 14:00,137.702,UNTOUCHED,,0,,0,,0,,0,NA,Other,NA,,NA,,S-ZC-UN,S-ZB-BR,B-ZO-BO,S-ZG-BR,S-ZD-BR,B-ZE-BO,B-ZB-BO,S-ZO-BR,B-ZG-BR,B-ZE-BO,B-ZB-BR,B-ZD-BR,B-ZF-BR,B-ZO-BR,S-ZB-BO,B-ZG-BO,B-ZF-BR,B-ZH-BR,B-ZD-BR,B-ZD-BO
433,2022.09.30 00:00,EURJPY,60,86400,BUY,ZB,1,140.396,138.055,2341.0,141.581,139.408,2173.0,92.824,57.80,988.0,552.5,140.396,139.408,142.569,BREAK,2022.10.04 09:00,0,,0,,0,,0,NA,London,BOUNCE,2022.10.05 18:00,NA,,137.067,UNTOUCHED,,0,,0,,0,,0,NA,Other,NA,,NA,,141.384,BREAK,2022.09.30 00:00,0,,0,,0,,0,NA,Asia,BOUNCE,2022.10.03 15:00,NA,,138.420,UNTOUCHED,,0,,0,,0,,0,NA,Other,NA,,NA,,B-ZE-BR,S-ZC-UN,S-ZB-BR,B-ZO-BO,S-ZG-BR,S-ZD-BR,B-ZE-BO,B-ZB-BO,S-ZO-BR,B-ZG-BR,B-ZD-BR,B-ZF-BR,B-ZO-BR,S-ZB-BO,B-ZG-BO,B-ZF-BR,B-ZH-BR,B-ZD-BR,B-ZD-BO,B-ZO-BO
434,2022.10.01 00:00,EURJPY,60,86400,BUY,ZD,1,141.581,139.408,2173.0,142.291,140.784,1507.0,69.351,63.32,797.0,512.8,141.581,140.784,143.088,BREAK,2022.10.04 11:00,0,,0,,0,,0,NA,London,BOUNCE,2022.10.05 15:00,NA,,138.611,UNTOUCHED,,0,,0,,0,,0,NA,Other,NA,,NA,,142.378,BOUNCE,2022.10.03 12:00,0,,0,,0,,0,NA,London,NA,,NA,,139.987,UNTOUCHED,,0,,0,,0,,0,NA,Other,NA,,NA,,B-ZB-BR,B-ZE-BR,S-ZC-UN,S-ZB-BR,B-ZO-BO,S-ZG-BR,S-ZD-BR,B-ZE-BO,B-ZB-BO,S-ZO-BR,B-ZF-BR,B-ZO-BR,S-ZB-BO,B-ZG-BO,B-ZF-BR,B-ZH-BR,B-ZD-BR,B-ZD-BO,B-ZO-BO,B-ZG-BO
435,2022.10.05 00:00,EURJPY,60,86400,BUY,ZF,1,142.458,141.309,1149.0,144.074,141.732,2342.0,203.829,36.81,726.0,271.2,142.458,141.732,144.800,BREAK,2022.10.14 19:00,0,,0,,0,,0,NA,NewYork,BREAK,2022.10.17 18:00,BREAK,2022.10.17 20:00,140.583,UNTOUCHED,,0,,0,,0,,0,NA,Other,NA,,NA,,143.184,BREAK,2022.10.05 00:00,0,,0,,0,,0,NA,Asia,BOUNCE,2022.10.05 14:00,NA,,141.006,BOUNCE,2022.10.10 12:00,1,2022.10.13 18:00,1,2022.10.13 18:00,0,,2,3d 6h,London,NA,,NA,,B-ZD-BR,B-ZB-BR,B-ZE-BR,S-ZC-UN,S-ZB-BR,B-ZO-BO,S-ZG-BR,S-ZD-BR,B-ZE-BO,B-ZB-BO,B-ZO-BR,S-ZB-BO,B-ZG-BO,B-ZF-BR,B-ZH-BR,B-ZD-BR,B-ZD-BO,B-ZO-BO,B-ZG-BO,B-ZE-UN
436,2022.10.06 00:00,EURJPY,60,86400,BUY,ZO,0,144.074,141.732,2342.0,144.081,142.435,1646.0,70.282,30.02,1639.0,552.7,144.074,142.435,145.720,BREAK,2022.10.17 18:00,0,,0,,0,,0,NA,NewYork,BREAK,2022.10.21 16:00,UNTOUCHED,,140.093,UNTOUCHED,,0,,0,,0,,0,NA,Other,NA,,NA,,145.713,BREAK,2022.10.17 18:00,0,,0,,0,,0,NA,NewYork,BREAK,2022.10.21 16:00,UNTOUCHED,,140.796,UNTOUCHED,,0,,0,,0,,0,NA,Other,NA,,NA,,B-ZF-BR,B-ZD-BR,B-ZB-BR,B-ZE-BR,S-ZC-UN,S-ZB-BR,B-ZO-BO,S-ZG-BR,S-ZD-BR,B-ZE-BO,S-ZB-BO,B-ZG-BO,B-ZF-BR,B-ZH-BR,B-ZD-BR,B-ZD-BO,B-ZO-BO,B-ZG-BO,B-ZE-UN,S-ZF-BR
437,2022.10.07 00:00,EURJPY,60,86400,SELL,ZB,1,144.081,142.435,1646.0,143.453,141.951,1502.0,91.252,38.15,1018.0,388.5,143.453,142.435,140.933,BOUNCE,2022.10.10 12:00,1,2022.10.13 13:00,1,2022.10.14 17:00,1,2022.10.17 14:00,3,1w 0d,London,NA,,NA,,145.099,BREAK,2022.10.17 14:00,0,,0,,0,,0,NA,NewYork,BREAK,2022.10.17 20:00,BOUNCE,2022.10.19 15:00,141.417,BREAK,2022.10.07 16:00,0,,0,,0,,0,NA,NewYork,UNTOUCHED,,NA,,144.471,BREAK,2022.10.14 17:00,0,,0,,0,,0,NA,NewYork,BREAK,2022.10.17 18:00,BREAK,2022.10.18 10:00,B-ZO-BR,B-ZF-BR,B-ZD-BR,B-ZB-BR,B-ZE-BR,S-ZC-UN,S-ZB-BR,B-ZO-BO,S-ZG-BR,S-ZD-BR,B-ZG-BO,B-ZF-BR,B-ZH-BR,B-ZD-BR,B-ZD-BO,B-ZO-BO,B-ZG-BO,B-ZE-UN,S-ZF-BR,S-ZO-BR
438,2022.10.12 00:00,EURJPY,60,86400,BUY,ZG,0,141.814,140.899,915.0,142.196,140.981,1215.0,132.787,8.96,833.0,215.9,141.814,140.981,143.029,BOUNCE,2022.10.13 15:00,0,,0,,0,,0,NA,NewYork,NA,,NA,,140.066,UNTOUCHED,,0,,0,,0,,0,NA,Other,NA,,NA,,142.647,BREAK,2022.10.13 04:00,0,,0,,0,,0,NA,Asia,BREAK,2022.10.13 19:00,BOUNCE,2022.10.14 15:00,140.148,UNTOUCHED,,0,,0,,0,,0,NA,Other,NA,,NA,,S-ZB-BO,B-ZO-BR,B-ZF-BR,B-ZD-BR,B-ZB-BR,B-ZE-BR,S-ZC-UN,S-ZB-BR,B-ZO-BO,S-ZG-BR,B-ZF-BR,B-ZH-BR,B-ZD-BR,B-ZD-BO,B-ZO-BO,B-ZG-BO,B-ZE-UN,S-ZF-BR,S-ZO-BR,S-ZB-BO
439,2022.10.13 00:00,EURJPY,60,86400,BUY,ZF,0,142.196,140.981,1215.0,142.630,141.324,1306.0,107.490,28.23,872.0,286.7,142.196,141.324,143.502,BREAK,2022.10.13 19:00,0,,0,,0,,0,NA,NewYork,BOUNCE,2022.10.14 15:00,NA,,140.109,UNTOUCHED,,0,,0,,0,,0,NA,Other,NA,,NA,,143.068,BREAK,2022.10.13 18:00,0,,0,,0,,0,NA,NewYork,BREAK,2022.10.14 05:00,BREAK,2022.10.17 14:00,140.452,UNTOUCHED,,0,,0,,0,,0,NA,Other,NA,,NA,,B-ZG-BO,S-ZB-BO,B-ZO-BR,B-ZF-BR,B-ZD-BR,B-ZB-BR,B-ZE-BR,S-ZC-UN,S-ZB-BR,B-ZO-BO,B-ZH-BR,B-ZD-BR,B-ZD-BO,B-ZO-BO,B-ZG-BO,B-ZE-UN,S-ZF-BR,S-ZO-BR,S-ZB-BO,S-ZB-BR
440,2022.10.14 00:00,EURJPY,60,86400,BUY,ZH,1,142.630,141.324,1306.0,144.088,141.753,2335.0,178.790,32.85,877.0,308.2,142.630,141.753,144.965,BREAK,2022.10.17 09:00,0,,0,,0,,0,NA,London,BREAK,2022.10.17 19:00,BOUNCE,2022.10.18 13:00,140.447,UNTOUCHED,,0,,0,,0,,0,NA,Other,NA,,NA,,143.507,BREAK,2022.10.14 00:00,0,,0,,0,,0,NA,Asia,BOUNCE,2022.10.14 15:00,NA,,140.876,UNTOUCHED,,0,,0,,0,,0,NA,Other,NA,,NA,,B-ZF-BR,B-ZG-BO,S-ZB-BO,B-ZO-BR,B-ZF-BR,B-ZD-BR,B-ZB-BR,B-ZE-BR,S-ZC-UN,S-ZB-BR,B-ZD-BR,B-ZD-BO,B-ZO-BO,B-ZG-BO,B-ZE-UN,S-ZF-BR,S-ZO-BR,S-ZB-BO,S-ZB-BR,B-ZF-UN
441,2022.10.15 00:00,EURJPY,60,86400,BUY,ZD,1,144.088,141.753,2335.0,144.840,143.471,1369.0,58.630,73.58,617.0,551.1,144.088,143.471,145.457,BREAK,2022.10.17 17:00,0,,0,,0,,0,NA,NewYork,BREAK,2022.10.17 22:00,BOUNCE,2022.10.18 13:00,141.136,UNTOUCHED,,0,,0,,0,,0,NA,Other,NA,,NA,,144.705,BREAK,2022.10.17 03:00,0,,0,,0,,0,NA,Asia,BREAK,2022.10.17 18:00,BREAK,2022.10.17 20:00,142.854,BOUNCE,2022.11.11 14:00,1,2022.11.14 13:00,1,2022.11.14 13:00,0,,2,2d 23h,NewYork,NA,,NA,,B-ZH-BR,B-ZF-BR,B-ZG-BO,S-ZB-BO,B-ZO-BR,B-ZF-BR,B-ZD-BR,B-ZB-BR,B-ZE-BR,S-ZC-UN,B-ZD-BO,B-ZO-BO,B-ZG-BO,B-ZE-UN,S-ZF-BR,S-ZO-BR,S-ZB-BO,S-ZB-BR,B-ZF-UN,B-ZG-UN
442,2022.10.19 00:00,EURJPY,60,86400,BUY,ZD,1,146.633,144.241,2392.0,147.122,145.812,1310.0,54.766,65.68,821.0,564.5,146.633,145.812,147.943,BOUNCE,2022.10.21 17:00,1,2022.10.21 19:00,1,2022.10.21 19:00,1,2022.11.11 01:00,3,2w 6d,NewYork,NA,,NA,,143.420,BOUNCE,2022.11.11 01:00,1,2022.11.14 19:00,0,,0,,1,3d 18h,Asia,NA,,NA,,147.454,BREAK,2022.10.21 12:00,0,,0,,0,,0,NA,London,BOUNCE,2022.10.21 18:00,NA,,144.991,BREAK,2022.10.21 19:00,0,,0,,0,,0,NA,NewYork,BOUNCE,2022.10.21 20:00,NA,,B-ZD-BR,B-ZH-BR,B-ZF-BR,B-ZG-BO,S-ZB-BO,B-ZO-BR,B-ZF-BR,B-ZD-BR,B-ZB-BR,B-ZE-BR,B-ZO-BO,B-ZG-BO,B-ZE-UN,S-ZF-BR,S-ZO-BR,S-ZB-BO,S-ZB-BR,B-ZF-UN,B-ZG-UN,S-ZB-BR
443,2022.10.20 00:00,EURJPY,60,86400,BUY,ZO,0,147.122,145.812,1310.0,147.251,146.075,1176.0,89.771,20.08,1047.0,309.2,147.122,146.075,148.298,BOUNCE,2022.10.21 17:00,1,2022.10.21 19:00,1,2022.10.21 19:00,1,2022.10.21 19:00,3,2h,NewYork,NA,,NA,,144.765,BREAK,2022.10.21 19:00,0,,0,,0,,0,NA,NewYork,BREAK,2022.11.11 01:00,BOUNCE,2022.11.11 14:00,148.169,BOUNCE,2022.10.21 17:00,1,2022.10.21 19:00,1,2022.10.21 19:00,0,,2,2h,NewYork,NA,,NA,,145.028,BREAK,2022.10.21 19:00,0,,0,,0,,0,NA,NewYork,BOUNCE,2022.10.24 03:00,NA,,B-ZD-BO,B-ZD-BR,B-ZH-BR,B-ZF-BR,B-ZG-BO,S-ZB-BO,B-ZO-BR,B-ZF-BR,B-ZD-BR,B-ZB-BR,B-ZG-BO,B-ZE-UN,S-ZF-BR,S-ZO-BR,S-ZB-BO,S-ZB-BR,B-ZF-UN,B-ZG-UN,S-ZB-BR,S-ZD-BR
444,2022.10.21 00:00,EURJPY,60,86400,BUY,ZG,0,147.251,146.075,1176.0,147.301,146.231,1070.0,90.986,13.27,1020.0,277.5,147.251,146.231,148.321,BOUNCE,2022.10.21 17:00,1,2022.10.21 19:00,1,2022.10.21 19:00,1,2022.10.21 19:00,3,2h,NewYork,NA,,NA,,145.055,BREAK,2022.10.21 19:00,0,,0,,0,,0,NA,NewYork,BOUNCE,2022.10.24 03:00,NA,,148.271,BOUNCE,2022.10.21 17:00,1,2022.10.21 19:00,1,2022.10.21 19:00,0,,2,2h,NewYork,NA,,NA,,145.211,BREAK,2022.10.21 19:00,0,,0,,0,,0,NA,NewYork,BOUNCE,2022.10.21 20:00,NA,,B-ZO-BO,B-ZD-BO,B-ZD-BR,B-ZH-BR,B-ZF-BR,B-ZG-BO,S-ZB-BO,B-ZO-BR,B-ZF-BR,B-ZD-BR,B-ZE-UN,S-ZF-BR,S-ZO-BR,S-ZB-BO,S-ZB-BR,B-ZF-UN,B-ZG-UN,S-ZB-BR,S-ZD-BR,B-ZH-BO
445,2022.10.27 00:00,EURJPY,60,86400,BUY,ZE,1,147.457,146.630,827.0,147.715,146.955,760.0,91.898,39.30,502.0,195.2,147.457,146.955,148.217,UNTOUCHED,,0,,0,,0,,0,NA,Other,NA,,NA,,146.128,BREAK,2022.10.27 18:00,0,,0,,0,,0,NA,NewYork,BOUNCE,2022.10.28 05:00,NA,,147.959,UNTOUCHED,,0,,0,,0,,0,NA,Other,NA,,NA,,146.453,BOUNCE,2022.10.27 10:00,0,,0,,0,,0,NA,London,NA,,NA,,B-ZG-BO,B-ZO-BO,B-ZD-BO,B-ZD-BR,B-ZH-BR,B-ZF-BR,B-ZG-BO,S-ZB-BO,B-ZO-BR,B-ZF-BR,S-ZF-BR,S-ZO-BR,S-ZB-BO,S-ZB-BR,B-ZF-UN,B-ZG-UN,S-ZB-BR,S-ZD-BR,B-ZH-BO,B-ZG-UN
446,2022.10.28 00:00,EURJPY,60,86400,SELL,ZF,1,147.715,146.955,760.0,147.695,145.550,2145.0,282.237,2.63,740.0,179.4,147.695,146.955,144.810,BREAK,2022.11.03 04:00,0,,0,,0,,0,NA,Asia,BOUNCE,2022.11.04 15:00,NA,,148.455,UNTOUCHED,,0,,0,,0,,0,NA,Other,NA,,NA,,146.215,BREAK,2022.10.28 00:00,0,,0,,0,,0,NA,Asia,BREAK,2022.11.02 18:00,BREAK,2022.11.03 13:00,148.435,UNTOUCHED,,0,,0,,0,,0,NA,Other,NA,,NA,,B-ZE-UN,B-ZG-BO,B-ZO-BO,B-ZD-BO,B-ZD-BR,B-ZH-BR,B-ZF-BR,B-ZG-BO,S-ZB-BO,B-ZO-BR,S-ZO-BR,S-ZB-BO,S-ZB-BR,B-ZF-UN,B-ZG-UN,S-ZB-BR,S-ZD-BR,B-ZH-BO,B-ZG-UN,B-ZO-BR
447,2022.10.29 00:00,EURJPY,60,86400,SELL,ZO,0,147.695,145.550,2145.0,147.361,145.489,1872.0,87.273,15.57,1811.0,506.2,147.361,145.550,143.678,BREAK,2022.11.11 01:00,0,,0,,0,,0,NA,Asia,BREAK,2022.12.02 12:00,BREAK,2022.12.20 20:00,149.506,UNTOUCHED,,0,,0,,0,,0,NA,Other,NA,,NA,,143.739,BREAK,2022.11.11 01:00,0,,0,,0,,0,NA,Asia,BREAK,2022.12.02 12:00,BREAK,2022.12.20 20:00,149.172,UNTOUCHED,,0,,0,,0,,0,NA,Other,NA,,NA,,S-ZF-BR,B-ZE-UN,B-ZG-BO,B-ZO-BO,B-ZD-BO,B-ZD-BR,B-ZH-BR,B-ZF-BR,B-ZG-BO,S-ZB-BO,S-ZB-BO,S-ZB-BR,B-ZF-UN,B-ZG-UN,S-ZB-BR,S-ZD-BR,B-ZH-BO,B-ZG-UN,B-ZO-BR,B-ZE-BO
448,2022.11.02 00:00,EURJPY,60,86400,SELL,ZB,1,147.756,146.708,1048.0,147.120,145.961,1159.0,110.592,60.69,412.0,247.3,147.120,146.708,145.549,BOUNCE,2022.11.02 05:00,1,2022.11.07 09:00,0,,0,,1,5d 4h,Asia,NA,,NA,,148.168,UNTOUCHED,,0,,0,,0,,0,NA,Other,NA,,NA,,146.296,BREAK,2022.11.02 02:00,0,,0,,0,,0,NA,Asia,BREAK,2022.11.02 04:00,BREAK,2022.11.02 18:00,147.532,UNTOUCHED,,0,,0,,0,,0,NA,Other,NA,,NA,,S-ZO-BR,S-ZF-BR,B-ZE-UN,B-ZG-BO,B-ZO-BO,B-ZD-BO,B-ZD-BR,B-ZH-BR,B-ZF-BR,B-ZG-BO,S-ZB-BR,B-ZF-UN,B-ZG-UN,S-ZB-BR,S-ZD-BR,B-ZH-BO,B-ZG-UN,B-ZO-BR,B-ZE-BO,S-ZB-BO
449,2022.11.03 00:00,EURJPY,60,86400,SELL,ZB,1,147.120,145.961,1159.0,146.583,145.021,1562.0,134.771,46.33,622.0,273.5,146.583,145.961,144.399,BREAK,2022.11.03 14:00,0,,0,,0,,0,NA,NewYork,BREAK,2022.11.11 01:00,BREAK,2022.11.11 14:00,147.742,UNTOUCHED,,0,,0,,0,,0,NA,Other,NA,,NA,,145.339,BREAK,2022.11.03 00:00,0,,0,,0,,0,NA,Asia,BREAK,2022.11.03 14:00,BOUNCE,2022.11.03 18:00,147.205,UNTOUCHED,,0,,0,,0,,0,NA,Other,NA,,NA,,S-ZB-BO,S-ZO-BR,S-ZF-BR,B-ZE-UN,B-ZG-BO,B-ZO-BO,B-ZD-BO,B-ZD-BR,B-ZH-BR,B-ZF-BR,B-ZF-UN,B-ZG-UN,S-ZB-BR,S-ZD-BR,B-ZH-BO,B-ZG-UN,B-ZO-BR,B-ZE-BO,S-ZB-BO,S-ZC-BO
450,2022.11.05 00:00,EURJPY,60,86400,BUY,ZF,0,145.352,144.030,1322.0,146.133,144.202,1931.0,146.067,13.01,1150.0,312.0,145.352,144.202,147.283,UNTOUCHED,,0,,0,,0,,0,NA,Other,NA,,NA,,142.880,BREAK,2022.11.11 14:00,0,,0,,0,,0,NA,NewYork,BREAK,2022.12.02 12:00,BREAK,2022.12.20 12:00,146.502,BREAK,2022.11.07 11:00,0,,0,,0,,0,NA,London,UNTOUCHED,,NA,,143.052,BREAK,2022.11.11 14:00,0,,0,,0,,0,NA,NewYork,BOUNCE,2022.12.01 18:00,NA,,S-ZB-BR,S-ZB-BO,S-ZO-BR,S-ZF-BR,B-ZE-UN,B-ZG-BO,B-ZO-BO,B-ZD-BO,B-ZD-BR,B-ZH-BR,B-ZG-UN,S-ZB-BR,S-ZD-BR,B-ZH-BO,B-ZG-UN,B-ZO-BR,B-ZE-BO,S-ZB-BO,S-ZC-BO,S-ZB-BO
451,2022.11.10 00:00,EURJPY,60,86400,BUY,ZG,0,146.992,145.981,1011.0,147.106,146.312,794.0,78.536,32.74,680.0,238.6,146.992,146.312,147.786,UNTOUCHED,,0,,0,,0,,0,NA,Other,NA,,NA,,145.301,BREAK,2022.11.10 18:00,0,,0,,0,,0,NA,NewYork,BREAK,2022.11.10 19:00,BREAK,2022.11.11 01:00,147.672,UNTOUCHED,,0,,0,,0,,0,NA,Other,NA,,NA,,145.632,BREAK,2022.11.10 15:00,0,,0,,0,,0,NA,NewYork,BREAK,2022.11.10 18:00,BREAK,2022.11.10 19:00,B-ZF-UN,S-ZB-BR,S-ZB-BO,S-ZO-BR,S-ZF-BR,B-ZE-UN,B-ZG-BO,B-ZO-BO,B-ZD-BO,B-ZD-BR,S-ZB-BR,S-ZD-BR,B-ZH-BO,B-ZG-UN,B-ZO-BR,B-ZE-BO,S-ZB-BO,S-ZC-BO,S-ZB-BO,S-ZB-BR
452,2022.11.11 00:00,EURJPY,60,86400,SELL,ZB,1,147.106,146.312,794.0,146.785,143.983,2802.0,352.897,40.43,473.0,187.4,146.785,146.312,143.510,BREAK,2022.11.11 01:00,0,,0,,0,,0,NA,Asia,BREAK,2022.11.11 14:00,BREAK,2022.12.01 09:00,147.579,UNTOUCHED,,0,,0,,0,,0,NA,Other,NA,,NA,,145.839,BREAK,2022.11.11 00:00,0,,0,,0,,0,NA,Asia,BREAK,2022.11.11 01:00,BREAK,2022.11.11 02:00,147.258,UNTOUCHED,,0,,0,,0,,0,NA,Other,NA,,NA,,B-ZG-UN,B-ZF-UN,S-ZB-BR,S-ZB-BO,S-ZO-BR,S-ZF-BR,B-ZE-UN,B-ZG-BO,B-ZO-BO,B-ZD-BO,S-ZD-BR,B-ZH-BO,B-ZG-UN,B-ZO-BR,B-ZE-BO,S-ZB-BO,S-ZC-BO,S-ZB-BO,S-ZB-BR,B-ZG-BR
453,2022.11.12 00:00,EURJPY,60,86400,SELL,ZD,1,146.785,143.983,2802.0,145.028,142.551,2477.0,88.401,62.71,1045.0,661.3,145.028,143.983,141.506,BREAK,2022.12.02 12:00,0,,0,,0,,0,NA,London,BOUNCE,2022.12.20 10:00,NA,,147.830,UNTOUCHED,,0,,0,,0,,0,NA,Other,NA,,NA,,142.938,BREAK,2022.12.01 04:00,0,,0,,0,,0,NA,Asia,BREAK,2022.12.02 12:00,BOUNCE,2022.12.02 17:00,146.073,BOUNCE,2022.11.23 11:00,1,2022.12.01 04:00,1,2022.12.01 04:00,0,,2,1w 0d,London,NA,,NA,,S-ZB-BR,B-ZG-UN,B-ZF-UN,S-ZB-BR,S-ZB-BO,S-ZO-BR,S-ZF-BR,B-ZE-UN,B-ZG-BO,B-ZO-BO,B-ZH-BO,B-ZG-UN,B-ZO-BR,B-ZE-BO,S-ZB-BO,S-ZC-BO,S-ZB-BO,S-ZB-BR,B-ZG-BR,B-ZO-UN
454,2022.11.15 00:00,EURJPY,60,86400,BUY,ZH,1,143.703,143.372,331.0,145.254,143.464,1790.0,540.785,27.79,239.0,78.1,143.703,143.464,145.493,BOUNCE,2022.11.16 17:00,1,2022.11.16 18:00,1,2022.11.28 09:00,1,2022.11.28 10:00,3,1w 4d,NewYork,NA,,NA,,143.133,BREAK,2022.11.28 10:00,0,,0,,0,,0,NA,London,BREAK,2022.12.01 04:00,BREAK,2022.12.01 05:00,143.942,BREAK,2022.11.15 00:00,0,,0,,0,,0,NA,Asia,BREAK,2022.11.15 01:00,BREAK,2022.11.15 02:00,143.225,BOUNCE,2022.11.28 09:00,1,2022.11.28 13:00,1,2022.11.28 13:00,0,,2,4h,London,NA,,NA,,S-ZD-BR,S-ZB-BR,B-ZG-UN,B-ZF-UN,S-ZB-BR,S-ZB-BO,S-ZO-BR,S-ZF-BR,B-ZE-UN,B-ZG-BO,B-ZG-UN,B-ZO-BR,B-ZE-BO,S-ZB-BO,S-ZC-BO,S-ZB-BO,S-ZB-BR,B-ZG-BR,B-ZO-UN,S-ZE-BR
455,2022.11.17 00:00,EURJPY,60,86400,BUY,ZG,0,145.363,143.350,2013.0,145.494,143.563,1931.0,95.926,10.58,1800.0,475.1,145.363,143.563,147.294,UNTOUCHED,,0,,0,,0,,0,NA,Other,NA,,NA,,141.550,BREAK,2022.12.02 12:00,0,,0,,0,,0,NA,London,BREAK,2022.12.20 20:00,BREAK,2023.01.03 13:00,147.163,UNTOUCHED,,0,,0,,0,,0,NA,Other,NA,,NA,,141.763,BREAK,2022.12.02 11:00,0,,0,,0,,0,NA,London,BREAK,2022.12.20 20:00,BREAK,2023.01.03 13:00,B-ZH-BO,S-ZD-BR,S-ZB-BR,B-ZG-UN,B-ZF-UN,S-ZB-BR,S-ZB-BO,S-ZO-BR,S-ZF-BR,B-ZE-UN,B-ZO-BR,B-ZE-BO,S-ZB-BO,S-ZC-BO,S-ZB-BO,S-ZB-BR,B-ZG-BR,B-ZO-UN,S-ZE-BR,B-ZB-UN
456,2022.11.19 00:00,EURJPY,60,86400,BUY,ZO,0,145.474,144.444,1030.0,145.546,144.556,990.0,96.117,10.87,918.0,243.1,145.474,144.556,146.464,BREAK,2022.12.15 19:00,0,,0,,0,,0,NA,NewYork,UNTOUCHED,,NA,,143.526,BREAK,2022.11.28 05:00,0,,0,,0,,0,NA,Asia,BREAK,2022.12.01 09:00,BREAK,2022.12.02 12:00,146.392,BREAK,2022.12.15 19:00,0,,0,,0,,0,NA,NewYork,UNTOUCHED,,NA,,143.638,BREAK,2022.11.28 05:00,0,,0,,0,,0,NA,Asia,BREAK,2022.12.01 06:00,BREAK,2022.12.02 12:00,B-ZG-UN,B-ZH-BO,S-ZD-BR,S-ZB-BR,B-ZG-UN,B-ZF-UN,S-ZB-BR,S-ZB-BO,S-ZO-BR,S-ZF-BR,B-ZE-BO,S-ZB-BO,S-ZC-BO,S-ZB-BO,S-ZB-BR,B-ZG-BR,B-ZO-UN,S-ZE-BR,B-ZB-UN,B-ZF-BR
457,2022.11.23 00:00,EURJPY,60,86400,BUY,ZE,1,145.645,144.327,1318.0,145.705,144.887,818.0,62.064,42.49,758.0,311.0,145.645,144.887,146.463,BOUNCE,2022.12.15 19:00,1,2022.12.16 19:00,1,2022.12.19 02:00,1,2022.12.20 07:00,3,4d 12h,NewYork,NA,,NA,,143.569,BREAK,2022.11.28 05:00,0,,0,,0,,0,NA,Asia,BREAK,2022.12.01 06:00,BOUNCE,2022.12.01 17:00,146.403,BREAK,2022.12.15 19:00,0,,0,,0,,0,NA,NewYork,UNTOUCHED,,NA,,144.129,BREAK,2022.11.24 14:00,0,,0,,0,,0,NA,NewYork,BREAK,2022.11.28 10:00,BREAK,2022.12.01 09:00,B-ZO-BR,B-ZG-UN,B-ZH-BO,S-ZD-BR,S-ZB-BR,B-ZG-UN,B-ZF-UN,S-ZB-BR,S-ZB-BO,S-ZO-BR,S-ZB-BO,S-ZC-BO,S-ZB-BO,S-ZB-BR,B-ZG-BR,B-ZO-UN,S-ZE-BR,B-ZB-UN,B-ZF-BR,B-ZF-BR
458,2022.11.25 00:00,EURJPY,60,86400,SELL,ZB,1,146.136,144.637,1499.0,145.198,143.653,1545.0,103.069,62.58,561.0,353.8,145.198,144.637,143.092,BOUNCE,2022.11.28 10:00,1,2022.11.28 14:00,1,2022.12.15 18:00,1,2022.12.15 20:00,3,2w 3d,London,NA,,NA,,146.697,BOUNCE,2022.12.15 20:00,1,2022.12.16 13:00,1,2022.12.19 02:00,1,2022.12.20 07:00,3,4d 11h,NewYork,NA,,NA,,144.076,BOUNCE,2022.11.25 02:00,1,2022.12.15 18:00,1,2022.12.15 20:00,0,,2,2w 6d,Asia,NA,,NA,,145.759,BREAK,2022.12.15 18:00,0,,0,,0,,0,NA,NewYork,BREAK,2022.12.15 20:00,UNTOUCHED,,B-ZE-BO,B-ZO-BR,B-ZG-UN,B-ZH-BO,S-ZD-BR,S-ZB-BR,B-ZG-UN,B-ZF-UN,S-ZB-BR,S-ZB-BO,S-ZC-BO,S-ZB-BO,S-ZB-BR,B-ZG-BR,B-ZO-UN,S-ZE-BR,B-ZB-UN,B-ZF-BR,B-ZF-BR,B-ZB-PE
459,2022.11.30 00:00,EURJPY,60,86400,SELL,ZC,1,145.004,143.041,1963.0,144.025,143.010,1015.0,51.707,49.87,984.0,463.3,144.025,143.041,142.026,BOUNCE,2022.12.01 11:00,1,2022.12.06 11:00,1,2022.12.12 17:00,1,2022.12.15 18:00,3,2w 0d,London,NA,,NA,,145.988,BREAK,2022.12.15 18:00,0,,0,,0,,0,NA,NewYork,UNTOUCHED,,NA,,142.057,BOUNCE,2022.12.01 11:00,1,2022.12.12 17:00,1,2022.12.15 18:00,0,,2,2w 0d,London,NA,,NA,,145.009,BOUNCE,2022.12.12 17:00,1,2022.12.20 07:00,1,2022.12.20 07:00,0,,2,1w 0d,NewYork,NA,,NA,,S-ZB-BO,B-ZE-BO,B-ZO-BR,B-ZG-UN,B-ZH-BO,S-ZD-BR,S-ZB-BR,B-ZG-UN,B-ZF-UN,S-ZB-BR,S-ZB-BO,S-ZB-BR,B-ZG-BR,B-ZO-UN,S-ZE-BR,B-ZB-UN,B-ZF-BR,B-ZF-BR,B-ZB-PE,S-ZG-BR
460,2022.12.02 00:00,EURJPY,60,86400,SELL,ZB,1,144.840,142.995,1845.0,143.756,141.897,1859.0,100.759,58.75,761.0,435.4,143.756,142.995,141.136,BOUNCE,2022.12.02 12:00,1,2022.12.05 11:00,1,2022.12.07 16:00,1,2022.12.15 17:00,3,1w 6d,London,NA,,NA,,145.601,BREAK,2022.12.15 17:00,0,,0,,0,,0,NA,NewYork,BOUNCE,2022.12.16 13:00,NA,,142.234,BREAK,2022.12.02 00:00,0,,0,,0,,0,NA,Asia,BREAK,2022.12.02 12:00,BOUNCE,2022.12.20 10:00,144.517,BOUNCE,2022.12.07 16:00,1,2022.12.20 07:00,1,2022.12.20 07:00,0,,2,1w 5d,NewYork,NA,,NA,,S-ZC-BO,S-ZB-BO,B-ZE-BO,B-ZO-BR,B-ZG-UN,B-ZH-BO,S-ZD-BR,S-ZB-BR,B-ZG-UN,B-ZF-UN,S-ZB-BR,B-ZG-BR,B-ZO-UN,S-ZE-BR,B-ZB-UN,B-ZF-BR,B-ZF-BR,B-ZB-PE,S-ZG-BR,S-ZB-BR
461,2022.12.03 00:00,EURJPY,60,86400,SELL,ZB,1,143.756,141.897,1859.0,142.638,140.757,1881.0,101.183,60.14,741.0,438.7,142.638,141.897,140.016,BREAK,2022.12.20 19:00,0,,0,,0,,0,NA,NewYork,BREAK,2022.12.20 21:00,BOUNCE,2023.01.03 05:00,144.497,BOUNCE,2022.12.07 16:00,1,2022.12.20 07:00,1,2022.12.20 09:00,1,2022.12.20 19:00,3,1w 6d,NewYork,NA,,NA,,141.156,BREAK,2022.12.20 09:00,0,,0,,0,,0,NA,London,BOUNCE,2022.12.20 11:00,NA,,143.379,BREAK,2022.12.05 17:00,0,,0,,0,,0,NA,NewYork,BREAK,2022.12.07 16:00,BREAK,2022.12.13 04:00,S-ZB-BO,S-ZC-BO,S-ZB-BO,B-ZE-BO,B-ZO-BR,B-ZG-UN,B-ZH-BO,S-ZD-BR,S-ZB-BR,B-ZG-UN,B-ZG-BR,B-ZO-UN,S-ZE-BR,B-ZB-UN,B-ZF-BR,B-ZF-BR,B-ZB-PE,S-ZG-BR,S-ZB-BR,S-ZF-PE
462,2022.12.08 00:00,EURJPY,60,86400,BUY,ZG,1,144.000,143.093,907.0,144.579,143.113,1466.0,161.632,2.21,887.0,214.1,144.000,143.113,145.466,BREAK,2022.12.15 17:00,0,,0,,0,,0,NA,NewYork,BREAK,2022.12.15 19:00,UNTOUCHED,,142.206,BREAK,2022.12.20 07:00,0,,0,,0,,0,NA,London,BREAK,2022.12.20 09:00,BOUNCE,2022.12.20 10:00,144.887,BREAK,2022.12.12 17:00,0,,0,,0,,0,NA,NewYork,BREAK,2022.12.15 18:00,BOUNCE,2022.12.16 12:00,142.226,BREAK,2022.12.20 07:00,0,,0,,0,,0,NA,London,BREAK,2022.12.20 09:00,BOUNCE,2022.12.20 10:00,S-ZB-BR,S-ZB-BO,S-ZC-BO,S-ZB-BO,B-ZE-BO,B-ZO-BR,B-ZG-UN,B-ZH-BO,S-ZD-BR,S-ZB-BR,B-ZO-UN,S-ZE-BR,B-ZB-UN,B-ZF-BR,B-ZF-BR,B-ZB-PE,S-ZG-BR,S-ZB-BR,S-ZF-PE,B-ZF-PE
463,2022.12.14 00:00,EURJPY,60,86400,BUY,ZO,0,145.092,143.517,1575.0,145.344,143.521,1823.0,115.746,0.25,1571.0,371.7,145.092,143.521,146.915,UNTOUCHED,,0,,0,,0,,0,NA,Other,NA,,NA,,141.946,BREAK,2022.12.20 07:00,0,,0,,0,,0,NA,London,BREAK,2022.12.20 19:00,BOUNCE,2022.12.21 05:00,146.663,BOUNCE,2022.12.15 20:00,1,2022.12.20 07:00,1,2022.12.20 07:00,0,,2,4d 11h,NewYork,NA,,NA,,141.950,BREAK,2022.12.20 07:00,0,,0,,0,,0,NA,London,BREAK,2022.12.20 19:00,BOUNCE,2022.12.21 05:00,B-ZG-BR,S-ZB-BR,S-ZB-BO,S-ZC-BO,S-ZB-BO,B-ZE-BO,B-ZO-BR,B-ZG-UN,B-ZH-BO,S-ZD-BR,S-ZE-BR,B-ZB-UN,B-ZF-BR,B-ZF-BR,B-ZB-PE,S-ZG-BR,S-ZB-BR,S-ZF-PE,B-ZF-PE,B-ZE-BR
464,2022.12.15 00:00,EURJPY,60,86400,SELL,ZE,1,145.344,143.521,1823.0,144.596,143.487,1109.0,60.834,41.03,1075.0,430.2,144.596,143.521,142.412,BREAK,2022.12.20 07:00,0,,0,,0,,0,NA,London,BREAK,2022.12.20 09:00,BOUNCE,2022.12.20 16:00,146.419,BOUNCE,2022.12.15 19:00,1,2022.12.19 02:00,1,2022.12.20 07:00,1,2022.12.20 07:00,3,4d 12h,NewYork,NA,,NA,,142.446,BREAK,2022.12.20 07:00,0,,0,,0,,0,NA,London,BREAK,2022.12.20 09:00,BREAK,2022.12.20 19:00,145.671,BREAK,2022.12.15 18:00,0,,0,,0,,0,NA,NewYork,UNTOUCHED,,NA,,B-ZO-UN,B-ZG-BR,S-ZB-BR,S-ZB-BO,S-ZC-BO,S-ZB-BO,B-ZE-BO,B-ZO-BR,B-ZG-UN,B-ZH-BO,B-ZB-UN,B-ZF-BR,B-ZF-BR,B-ZB-PE,S-ZG-BR,S-ZB-BR,S-ZF-PE,B-ZF-PE,B-ZE-BR,B-ZG-BO
465,2022.12.16 00:00,EURJPY,60,86400,BUY,ZB,1,144.596,143.487,1109.0,146.730,144.156,2574.0,232.101,60.32,440.0,261.7,144.596,144.156,147.170,UNTOUCHED,,0,,0,,0,,0,NA,Other,NA,,NA,,143.047,BREAK,2022.12.20 07:00,0,,0,,0,,0,NA,London,BREAK,2022.12.20 08:00,BREAK,2022.12.20 09:00,145.036,BREAK,2022.12.16 00:00,0,,0,,0,,0,NA,Asia,BREAK,2022.12.16 01:00,BREAK,2022.12.16 02:00,143.716,BOUNCE,2022.12.19 02:00,1,2022.12.19 18:00,1,2022.12.19 18:00,0,,2,16h,Asia,NA,,NA,,S-ZE-BR,B-ZO-UN,B-ZG-BR,S-ZB-BR,S-ZB-BO,S-ZC-BO,S-ZB-BO,B-ZE-BO,B-ZO-BR,B-ZG-UN,B-ZF-BR,B-ZF-BR,B-ZB-PE,S-ZG-BR,S-ZB-BR,S-ZF-PE,B-ZF-PE,B-ZE-BR,B-ZG-BO,B-ZB-PE
466,2022.12.24 00:00,EURJPY,60,86400,BUY,ZF,1,140.660,139.958,702.0,141.213,140.020,1193.0,169.943,8.83,640.0,165.7,140.660,140.020,141.853,BREAK,2022.12.27 12:00,0,,0,,0,,0,NA,London,BREAK,2022.12.28 06:00,PENDING,,139.318,BOUNCE,2023.01.02 20:00,1,2023.01.04 21:00,1,2023.01.05 17:00,1,2023.01.09 19:00,3,6d 23h,NewYork,NA,,NA,,141.300,BREAK,2022.12.26 13:00,0,,0,,0,,0,NA,NewYork,BREAK,2022.12.27 14:00,BREAK,2022.12.28 07:00,139.380,BREAK,2023.01.02 20:00,0,,0,,0,,0,NA,NewYork,BREAK,2023.01.03 06:00,BREAK,2023.01.03 13:00,B-ZB-UN,S-ZE-BR,B-ZO-UN,B-ZG-BR,S-ZB-BR,S-ZB-BO,S-ZC-BO,S-ZB-BO,B-ZE-BO,B-ZO-BR,B-ZF-BR,B-ZB-PE,S-ZG-BR,S-ZB-BR,S-ZF-PE,B-ZF-PE,B-ZE-BR,B-ZG-BO,B-ZB-PE,B-ZB-PE
467,2022.12.28 00:00,EURJPY,60,86400,BUY,ZF,1,141.495,140.805,690.0,142.272,141.066,1206.0,174.783,37.83,429.0,162.8,141.495,141.066,142.701,BREAK,2022.12.28 07:00,0,,0,,0,,0,NA,London,PENDING,,NA,,140.376,BOUNCE,2022.12.30 13:00,1,2023.01.05 17:00,1,2023.01.10 12:00,1,2023.01.11 18:00,3,1w 5d,NewYork,NA,,NA,,141.924,BREAK,2022.12.28 00:00,0,,0,,0,,0,NA,Asia,BREAK,2022.12.28 06:00,BOUNCE,2022.12.28 14:00,140.637,BOUNCE,2022.12.30 11:00,1,2023.01.10 12:00,1,2023.01.10 12:00,0,,2,1w 4d,London,NA,,NA,,B-ZF-BR,B-ZB-UN,S-ZE-BR,B-ZO-UN,B-ZG-BR,S-ZB-BR,S-ZB-BO,S-ZC-BO,S-ZB-BO,B-ZE-BO,B-ZB-PE,S-ZG-BR,S-ZB-BR,S-ZF-PE,B-ZF-PE,B-ZE-BR,B-ZG-BO,B-ZB-PE,B-ZB-PE,S-ZF-BR
468,2022.12.29 00:00,EURJPY,60,86400,BUY,ZB,1,142.272,141.066,1206.0,142.938,141.767,1171.0,97.098,58.13,505.0,284.6,142.272,141.767,143.443,PENDING,,0,,0,,0,,0,NA,Other,NA,,NA,,140.561,BOUNCE,2022.12.30 12:00,1,2023.01.09 15:00,1,2023.01.11 18:00,0,,2,1w 5d,London,NA,,NA,,142.777,BOUNCE,2023.01.11 18:00,1,2023.01.12 13:00,1,2023.01.12 16:00,0,,2,22h,NewYork,NA,,NA,,141.262,BREAK,2022.12.30 05:00,0,,0,,0,,0,NA,Asia,BREAK,2022.12.30 12:00,BREAK,2023.01.02 10:00,B-ZF-BR,B-ZF-BR,B-ZB-UN,S-ZE-BR,B-ZO-UN,B-ZG-BR,S-ZB-BR,S-ZB-BO,S-ZC-BO,S-ZB-BO,S-ZG-BR,S-ZB-BR,S-ZF-PE,B-ZF-PE,B-ZE-BR,B-ZG-BO,B-ZB-PE,B-ZB-PE,S-ZF-BR,S-ZE-PE
469,2022.12.30 00:00,EURJPY,60,86400,SELL,ZG,0,142.938,141.767,1171.0,142.712,141.569,1143.0,97.609,19.30,945.0,276.4,142.712,141.767,140.624,BREAK,2022.12.30 12:00,0,,0,,0,,0,NA,London,BREAK,2023.01.02 19:00,BREAK,2023.01.03 05:00,143.883,PENDING,,0,,0,,0,,0,NA,Other,NA,,NA,,140.822,BREAK,2022.12.30 11:00,0,,0,,0,,0,NA,London,BREAK,2023.01.02 17:00,BREAK,2023.01.03 05:00,143.657,PENDING,,0,,0,,0,,0,NA,Other,NA,,NA,,B-ZB-PE,B-ZF-BR,B-ZF-BR,B-ZB-UN,S-ZE-BR,B-ZO-UN,B-ZG-BR,S-ZB-BR,S-ZB-BO,S-ZC-BO,S-ZB-BR,S-ZF-PE,B-ZF-PE,B-ZE-BR,B-ZG-BO,B-ZB-PE,B-ZB-PE,S-ZF-BR,S-ZE-PE,B-ZB-BR
470,2022.12.31 00:00,EURJPY,60,86400,SELL,ZB,1,142.712,141.569,1143.0,141.986,139.981,2005.0,175.416,63.52,417.0,269.7,141.986,141.569,139.564,BREAK,2023.01.02 17:00,0,,0,,0,,0,NA,NewYork,BREAK,2023.01.03 05:00,BREAK,2023.01.03 07:00,143.129,PENDING,,0,,0,,0,,0,NA,Other,NA,,NA,,141.152,BREAK,2022.12.31 00:00,0,,0,,0,,0,NA,Asia,BREAK,2022.12.31 01:00,BREAK,2023.01.02 09:00,142.403,BREAK,2023.01.11 12:00,0,,0,,0,,0,NA,London,BOUNCE,2023.01.11 20:00,NA,,S-ZG-BR,B-ZB-PE,B-ZF-BR,B-ZF-BR,B-ZB-UN,S-ZE-BR,B-ZO-UN,B-ZG-BR,S-ZB-BR,S-ZB-BO,S-ZF-PE,B-ZF-PE,B-ZE-BR,B-ZG-BO,B-ZB-PE,B-ZB-PE,S-ZF-BR,S-ZE-PE,B-ZB-BR,B-ZE-PE
471,2023.01.04 00:00,EURJPY,60,86400,SELL,ZF,1,140.211,139.223,988.0,139.998,137.383,2615.0,264.676,21.56,775.0,233.2,139.998,139.223,136.608,PENDING,,0,,0,,0,,0,NA,Other,NA,,NA,,140.986,BREAK,2023.01.05 12:00,0,,0,,0,,0,NA,London,BREAK,2023.01.10 20:00,BREAK,2023.01.11 18:00,138.448,BREAK,2023.01.04 00:00,0,,0,,0,,0,NA,Asia,PENDING,,NA,,140.773,BREAK,2023.01.05 12:00,0,,0,,0,,0,NA,London,BREAK,2023.01.09 19:00,BREAK,2023.01.11 16:00,S-ZB-BR,S-ZG-BR,B-ZB-PE,B-ZF-BR,B-ZF-BR,B-ZB-UN,S-ZE-BR,B-ZO-UN,B-ZG-BR,S-ZB-BR,B-ZF-PE,B-ZE-BR,B-ZG-BO,B-ZB-PE,B-ZB-PE,S-ZF-BR,S-ZE-PE,B-ZB-BR,B-ZE-PE,
472,2023.01.05 00:00,EURJPY,60,86400,BUY,ZF,0,139.998,137.383,2615.0,140.754,137.876,2878.0,110.057,18.85,2122.0,617.1,139.998,137.876,142.876,PENDING,,0,,0,,0,,0,NA,Other,NA,,NA,,135.261,PENDING,,0,,0,,0,,0,NA,Other,NA,,NA,,142.120,BREAK,2023.01.11 04:00,0,,0,,0,,0,NA,Asia,PENDING,,NA,,135.754,PENDING,,0,,0,,0,,0,NA,Other,NA,,NA,,S-ZF-PE,S-ZB-BR,S-ZG-BR,B-ZB-PE,B-ZF-BR,B-ZF-BR,B-ZB-UN,S-ZE-BR,B-ZO-UN,B-ZG-BR,B-ZE-BR,B-ZG-BO,B-ZB-PE,B-ZB-PE,S-ZF-BR,S-ZE-PE,B-ZB-BR,B-ZE-PE,,
473,2023.01.06 00:00,EURJPY,60,86400,BUY,ZE,1,140.754,137.876,2878.0,141.358,139.964,1394.0,48.436,72.55,790.0,679.2,140.754,139.964,142.148,BREAK,2023.01.11 04:00,0,,0,,0,,0,NA,Asia,PENDING,,NA,,137.086,PENDING,,0,,0,,0,,0,NA,Other,NA,,NA,,141.544,BREAK,2023.01.09 14:00,0,,0,,0,,0,NA,NewYork,BOUNCE,2023.01.12 09:00,NA,,139.174,BREAK,2023.01.13 11:00,0,,0,,0,,0,NA,London,BOUNCE,2023.01.16 12:00,NA,,B-ZF-PE,S-ZF-PE,S-ZB-BR,S-ZG-BR,B-ZB-PE,B-ZF-BR,B-ZF-BR,B-ZB-UN,S-ZE-BR,B-ZO-UN,B-ZG-BO,B-ZB-PE,B-ZB-PE,S-ZF-BR,S-ZE-PE,B-ZB-BR,B-ZE-PE,,,
474,2023.01.07 00:00,EURJPY,60,86400,BUY,ZG,0,141.358,139.964,1394.0,141.445,140.105,1340.0,96.126,10.11,1253.0,329.0,141.358,140.105,142.698,BOUNCE,2023.01.11 18:00,1,2023.01.12 17:00,1,2023.01.13 17:00,1,2023.01.13 17:00,3,1d 23h,NewYork,NA,,NA,,138.711,BREAK,2023.01.13 17:00,0,,0,,0,,0,NA,NewYork,PENDING,,NA,,142.611,BOUNCE,2023.01.11 16:00,1,2023.01.13 17:00,1,2023.01.13 17:00,0,,2,2d 1h,NewYork,NA,,NA,,138.852,BREAK,2023.01.13 17:00,0,,0,,0,,0,NA,NewYork,PENDING,,NA,,B-ZE-BR,B-ZF-PE,S-ZF-PE,S-ZB-BR,S-ZG-BR,B-ZB-PE,B-ZF-BR,B-ZF-BR,B-ZB-UN,S-ZE-BR,B-ZB-PE,B-ZB-PE,S-ZF-BR,S-ZE-PE,B-ZB-BR,B-ZE-PE,,,,
475,2023.01.11 00:00,EURJPY,60,86400,BUY,ZB,1,141.914,140.115,1799.0,142.047,141.077,970.0,53.919,53.47,837.0,424.6,141.914,141.077,142.884,PENDING,,0,,0,,0,,0,NA,Other,NA,,NA,,139.278,BREAK,2023.01.13 11:00,0,,0,,0,,0,NA,London,BREAK,2023.01.13 20:00,PENDING,,142.751,BOUNCE,2023.01.11 18:00,1,2023.01.12 17:00,1,2023.01.13 11:00,0,,2,1d 17h,NewYork,NA,,NA,,140.240,BREAK,2023.01.12 17:00,0,,0,,0,,0,NA,NewYork,BREAK,2023.01.13 15:00,BREAK,2023.01.13 18:00,B-ZG-BO,B-ZE-BR,B-ZF-PE,S-ZF-PE,S-ZB-BR,S-ZG-BR,B-ZB-PE,B-ZF-BR,B-ZF-BR,B-ZB-UN,B-ZB-PE,S-ZF-BR,S-ZE-PE,B-ZB-BR,B-ZE-PE,,,,,
476,2023.01.12 00:00,EURJPY,60,86400,BUY,ZB,1,142.047,141.077,970.0,142.853,141.676,1177.0,121.340,61.75,371.0,228.9,142.047,141.676,143.224,PENDING,,0,,0,,0,,0,NA,Other,NA,,NA,,140.706,BREAK,2023.01.12 16:00,0,,0,,0,,0,NA,NewYork,BREAK,2023.01.12 21:00,BOUNCE,2023.01.13 02:00,142.418,BOUNCE,2023.01.12 00:00,1,2023.01.12 13:00,1,2023.01.12 16:00,0,,2,16h,Asia,NA,,NA,,141.305,BREAK,2023.01.12 13:00,0,,0,,0,,0,NA,NewYork,BREAK,2023.01.12 16:00,BREAK,2023.01.12 17:00,B-ZB-PE,B-ZG-BO,B-ZE-BR,B-ZF-PE,S-ZF-PE,S-ZB-BR,S-ZG-BR,B-ZB-PE,B-ZF-BR,B-ZF-BR,S-ZF-BR,S-ZE-PE,B-ZB-BR,B-ZE-PE,,,,,,
477,2023.01.13 00:00,EURJPY,60,86400,SELL,ZF,1,142.853,141.676,1177.0,142.550,140.012,2538.0,215.633,25.74,874.0,277.8,142.550,141.676,139.138,BREAK,2023.01.13 11:00,0,,0,,0,,0,NA,London,BOUNCE,2023.01.16 12:00,NA,,143.727,PENDING,,0,,0,,0,,0,NA,Other,NA,,NA,,140.802,BREAK,2023.01.13 00:00,0,,0,,0,,0,NA,Asia,BREAK,2023.01.13 10:00,BREAK,2023.01.13 17:00,143.424,PENDING,,0,,0,,0,,0,NA,Other,NA,,NA,,B-ZB-PE,B-ZB-PE,B-ZG-BO,B-ZE-BR,B-ZF-PE,S-ZF-PE,S-ZB-BR,S-ZG-BR,B-ZB-PE,B-ZF-BR,S-ZE-PE,B-ZB-BR,B-ZE-PE,,,,,,,
478,2023.01.20 00:00,EURJPY,60,86400,SELL,ZE,1,141.684,138.053,3631.0,139.424,137.916,1508.0,41.531,62.24,1371.0,856.9,139.424,138.053,136.545,PENDING,,0,,0,,0,,0,NA,Other,NA,,NA,,143.055,PENDING,,0,,0,,0,,0,NA,Other,NA,,NA,,136.682,PENDING,,0,,0,,0,,0,NA,Other,NA,,NA,,140.795,BREAK,2023.01.20 16:00,0,,0,,0,,0,NA,NewYork,BOUNCE,2023.01.25 16:00,NA,,S-ZF-BR,B-ZB-PE,B-ZB-PE,B-ZG-BO,B-ZE-BR,B-ZF-PE,S-ZF-PE,S-ZB-BR,S-ZG-BR,B-ZB-PE,B-ZB-BR,B-ZE-PE,,,,,,,,
479,2023.01.21 00:00,EURJPY,60,86400,BUY,ZB,1,139.424,137.916,1508.0,141.196,138.747,2449.0,162.401,55.11,677.0,355.9,139.424,138.747,141.873,BREAK,2023.01.23 10:00,0,,0,,0,,0,NA,London,PENDING,,NA,,137.239,PENDING,,0,,0,,0,,0,NA,Other,NA,,NA,,140.101,BREAK,2023.01.21 00:00,0,,0,,0,,0,NA,Asia,BREAK,2023.01.23 08:00,BREAK,2023.01.23 10:00,138.070,PENDING,,0,,0,,0,,0,NA,Other,NA,,NA,,S-ZE-PE,S-ZF-BR,B-ZB-PE,B-ZB-PE,B-ZG-BO,B-ZE-BR,B-ZF-PE,S-ZF-PE,S-ZB-BR,S-ZG-BR,B-ZE-PE,,,,,,,,,
480,2023.01.25 00:00,EURJPY,60,86400,BUY,ZE,1,142.078,140.468,1610.0,142.201,141.256,945.0,58.696,48.94,822.0,380.0,142.078,141.256,143.023,PENDING,,0,,0,,0,,0,NA,Other,NA,,NA,,139.646,PENDING,,0,,0,,0,,0,NA,Other,NA,,NA,,142.900,PENDING,,0,,0,,0,,0,NA,Other,NA,,NA,,140.434,PENDING,,0,,0,,0,,0,NA,Other,NA,,NA,,B-ZB-BR,S-ZE-PE,S-ZF-BR,B-ZB-PE,B-ZB-PE,B-ZG-BO,B-ZE-BR,B-ZF-PE,S-ZF-PE,S-ZB-BR,,,,,,,,,,
