AngleID,FormTime,Symbol,TF,UnitSeconds,Dir,Class,Confirmed,U2_High,U2_Low,U2_Range,U1_High,U1_Low,U1_Range,Ratio_U1_U2_pct,Corr_pct,L_points,B_points,DiagTop,DiagBot,U1X1_Level,U1X1_React,U1X1_TouchTime,U1X1_TP1_Hit,U1X1_TP1_Time,U1X1_TP2_Hit,U1X1_TP2_Time,U1X1_TP3_Hit,U1X1_TP3_Time,U1X1_MaxTP,U1X1_Dur,U1X1_Session,U1X1_X2_React,U1X1_X2_Time,U1X1_X3_React,U1X1_X3_Time,U2X1_Level,U2X1_React,U2X1_TouchTime,U2X1_TP1_Hit,U2X1_TP1_Time,U2X1_TP2_Hit,U2X1_TP2_Time,U2X1_TP3_Hit,U2X1_TP3_Time,U2X1_MaxTP,U2X1_Dur,U2X1_Session,U2X1_X2_React,U2X1_X2_Time,U2X1_X3_React,U2X1_X3_Time,DLX1_Level,DLX1_React,DLX1_TouchTime,DLX1_TP1_Hit,DLX1_TP1_Time,DLX1_TP2_Hit,DLX1_TP2_Time,DLX1_TP3_Hit,DLX1_TP3_Time,DLX1_MaxTP,DLX1_Dur,DLX1_Session,DLX1_X2_React,DLX1_X2_Time,DLX1_X3_React,DLX1_X3_Time,DRX1_Level,DRX1_React,DRX1_TouchTime,DRX1_TP1_Hit,DRX1_TP1_Time,DRX1_TP2_Hit,DRX1_TP2_Time,DRX1_TP3_Hit,DRX1_TP3_Time,DRX1_MaxTP,DRX1_Dur,DRX1_Session,DRX1_X2_React,DRX1_X2_Time,DRX1_X3_React,DRX1_X3_Time,Left_1,Left_2,Left_3,Left_4,Left_5,Left_6,Left_7,Left_8,Left_9,Left_10,Right_1,Right_2,Right_3,Right_4,Right_5,Right_6,Right_7,Right_8,Right_9,Right_10
1,2017.11.03 00:00,GBPJPY,60,86400,SELL,ZD,1,151.934,150.871,1063.0,151.514,148.663,2851.0,268.203,39.51,643.0,250.9,151.514,150.871,148.020,BREAK,2017.11.17 20:00,0,,0,,0,,0,NA,NewYork,BREAK,2017.11.28 20:00,UNTOUCHED,,152.577,BOUNCE,2017.12.04 15:00,1,2017.12.04 19:00,1,2017.12.06 11:00,0,,2,1d 20h,NewYork,NA,,NA,,150.228,BREAK,2017.11.03 00:00,0,,0,,0,,0,NA,Asia,BREAK,2017.11.03 01:00,BOUNCE,2017.11.06 05:00,152.157,BREAK,2017.11.30 22:00,0,,0,,0,,0,NA,Other,BOUNCE,2017.12.04 19:00,NA,,,,,,,,,,,,B-ZD-BR,S-ZF-BO,S-ZG-BO,B-ZF-BR,S-ZG-BR,B-ZG-BR,S-ZF-BO,B-ZE-BO,S-ZB-BR,S-ZD-BO
2,2017.11.08 00:00,GBPJPY,60,86400,BUY,ZD,1,149.887,148.975,912.0,150.322,149.653,669.0,73.355,74.34,234.0,215.2,149.887,149.653,150.556,BREAK,2017.11.30 05:00,0,,0,,0,,0,NA,Asia,BREAK,2017.11.30 09:00,BREAK,2017.11.30 12:00,148.741,BOUNCE,2017.11.08 16:00,1,2017.11.08 22:00,1,2017.11.29 18:00,1,2017.11.30 05:00,3,3w 0d,NewYork,NA,,NA,,150.121,BREAK,2017.11.29 18:00,0,,0,,0,,0,NA,NewYork,BOUNCE,2017.11.29 20:00,NA,,149.419,BREAK,2017.11.08 12:00,0,,0,,0,,0,NA,London,BREAK,2017.11.08 15:00,BREAK,2017.11.08 16:00,S-ZD-BR,,,,,,,,,,S-ZF-BO,S-ZG-BO,B-ZF-BR,S-ZG-BR,B-ZG-BR,S-ZF-BO,B-ZE-BO,S-ZB-BR,S-ZD-BO,B-ZF-BR
3,2017.11.09 00:00,GBPJPY,60,86400,SELL,ZF,1,150.322,149.653,669.0,150.110,148.538,1572.0,234.978,31.69,457.0,157.9,150.110,149.653,148.081,BOUNCE,2017.11.13 13:00,1,2017.11.13 19:00,1,2017.11.30 05:00,1,2017.11.30 05:00,3,2w 2d,NewYork,NA,,NA,,150.779,BOUNCE,2017.11.30 05:00,1,2017.12.06 14:00,0,,0,,1,6d 9h,Asia,NA,,NA,,149.196,BOUNCE,2017.11.09 00:00,1,2017.11.30 05:00,1,2017.11.30 05:00,0,,2,3w 0d,Asia,NA,,NA,,150.567,BREAK,2017.11.30 05:00,0,,0,,0,,0,NA,Asia,BREAK,2017.11.30 11:00,BOUNCE,2017.11.30 15:00,B-ZD-BR,S-ZD-BR,,,,,,,,,S-ZG-BO,B-ZF-BR,S-ZG-BR,B-ZG-BR,S-ZF-BO,B-ZE-BO,S-ZB-BR,S-ZD-BO,B-ZF-BR,B-ZD-BR
4,2017.11.10 00:00,GBPJPY,60,86400,SELL,ZG,0,150.110,148.538,1572.0,149.694,148.438,1256.0,79.898,26.46,1156.0,371.0,149.694,148.538,147.282,BOUNCE,2017.11.28 19:00,1,2017.11.29 12:00,1,2017.11.30 06:00,1,2017.11.30 12:00,3,1d 17h,NewYork,NA,,NA,,151.266,BREAK,2017.11.30 12:00,0,,0,,0,,0,NA,London,BOUNCE,2017.12.01 20:00,NA,,147.382,BREAK,2017.11.28 19:00,0,,0,,0,,0,NA,NewYork,UNTOUCHED,,NA,,150.850,BREAK,2017.11.30 06:00,0,,0,,0,,0,NA,Asia,BREAK,2017.12.01 01:00,BOUNCE,2017.12.08 17:00,S-ZF-BO,B-ZD-BR,S-ZD-BR,,,,,,,,B-ZF-BR,S-ZG-BR,B-ZG-BR,S-ZF-BO,B-ZE-BO,S-ZB-BR,S-ZD-BO,B-ZF-BR,B-ZD-BR,B-ZB-BO
5,2017.11.11 00:00,GBPJPY,60,86400,BUY,ZF,0,149.694,148.438,1256.0,149.998,148.835,1163.0,92.596,31.61,859.0,296.4,149.694,148.835,150.857,BREAK,2017.11.30 06:00,0,,0,,0,,0,NA,Asia,BREAK,2017.11.30 21:00,BOUNCE,2017.12.04 15:00,147.579,BREAK,2017.11.28 19:00,0,,0,,0,,0,NA,NewYork,UNTOUCHED,,NA,,150.553,BREAK,2017.11.30 05:00,0,,0,,0,,0,NA,Asia,BREAK,2017.11.30 20:00,BOUNCE,2017.12.01 20:00,147.976,BREAK,2017.11.17 21:00,0,,0,,0,,0,NA,Other,BOUNCE,2017.11.28 21:00,NA,,S-ZG-BO,S-ZF-BO,B-ZD-BR,S-ZD-BR,,,,,,,S-ZG-BR,B-ZG-BR,S-ZF-BO,B-ZE-BO,S-ZB-BR,S-ZD-BO,B-ZF-BR,B-ZD-BR,B-ZB-BO,B-ZO-UN
6,2017.11.16 00:00,GBPJPY,60,86400,SELL,ZG,0,149.567,148.617,950.0,149.378,148.097,1281.0,134.842,19.89,761.0,224.2,149.378,148.617,147.336,BREAK,2017.11.28 19:00,0,,0,,0,,0,NA,NewYork,UNTOUCHED,,NA,,150.328,BREAK,2017.11.29 19:00,0,,0,,0,,0,NA,NewYork,BREAK,2017.11.30 12:00,BREAK,2017.11.30 21:00,147.856,BREAK,2017.11.20 03:00,0,,0,,0,,0,NA,Asia,BOUNCE,2017.11.28 21:00,NA,,150.139,BREAK,2017.11.29 18:00,0,,0,,0,,0,NA,NewYork,BREAK,2017.11.30 10:00,BREAK,2017.11.30 21:00,B-ZF-BR,S-ZG-BO,S-ZF-BO,B-ZD-BR,S-ZD-BR,,,,,,B-ZG-BR,S-ZF-BO,B-ZE-BO,S-ZB-BR,S-ZD-BO,B-ZF-BR,B-ZD-BR,B-ZB-BO,B-ZO-UN,S-ZE-BO
7,2017.11.17 00:00,GBPJPY,60,86400,BUY,ZG,0,149.378,148.097,1281.0,149.457,148.489,968.0,75.566,30.60,889.0,302.3,149.378,148.489,150.346,BREAK,2017.11.29 19:00,0,,0,,0,,0,NA,NewYork,BREAK,2017.11.30 19:00,BREAK,2017.12.01 12:00,147.208,BOUNCE,2017.11.28 19:00,1,2017.11.28 23:00,1,2017.11.29 18:00,1,2017.11.29 19:00,3,1d 0h,NewYork,NA,,NA,,150.267,BREAK,2017.11.29 18:00,0,,0,,0,,0,NA,NewYork,BREAK,2017.11.30 13:00,BREAK,2017.12.01 01:00,147.600,BREAK,2017.11.28 19:00,0,,0,,0,,0,NA,NewYork,UNTOUCHED,,NA,,S-ZG-BR,B-ZF-BR,S-ZG-BO,S-ZF-BO,B-ZD-BR,S-ZD-BR,,,,,S-ZF-BO,B-ZE-BO,S-ZB-BR,S-ZD-BO,B-ZF-BR,B-ZD-BR,B-ZB-BO,B-ZO-UN,S-ZE-BO,S-ZF-UN
8,2017.11.18 00:00,GBPJPY,60,86400,SELL,ZF,0,149.457,148.489,968.0,149.318,147.930,1388.0,143.388,14.36,829.0,228.4,149.318,148.489,147.101,BOUNCE,2017.11.28 20:00,1,2017.11.28 22:00,1,2017.11.29 18:00,1,2017.11.29 18:00,3,22h,NewYork,NA,,NA,,150.286,BREAK,2017.11.29 18:00,0,,0,,0,,0,NA,NewYork,BREAK,2017.11.30 12:00,BREAK,2017.11.30 22:00,147.660,BOUNCE,2017.11.20 06:00,1,2017.11.29 18:00,1,2017.11.29 18:00,0,,2,1w 2d,Asia,NA,,NA,,150.147,BREAK,2017.11.29 18:00,0,,0,,0,,0,NA,NewYork,BREAK,2017.11.30 11:00,BREAK,2017.11.30 21:00,B-ZG-BR,S-ZG-BR,B-ZF-BR,S-ZG-BO,S-ZF-BO,B-ZD-BR,S-ZD-BR,,,,B-ZE-BO,S-ZB-BR,S-ZD-BO,B-ZF-BR,B-ZD-BR,B-ZB-BO,B-ZO-UN,S-ZE-BO,S-ZF-UN,B-ZF-BR
9,2017.11.22 00:00,GBPJPY,60,86400,BUY,ZE,1,149.230,147.630,1600.0,149.368,148.614,754.0,47.125,61.50,616.0,377.6,149.230,148.614,149.984,BOUNCE,2017.11.29 17:00,0,,0,,0,,0,NA,NewYork,NA,,NA,,147.014,BOUNCE,2017.11.28 20:00,1,2017.11.28 22:00,1,2017.11.29 17:00,1,2017.11.29 17:00,3,21h,NewYork,NA,,NA,,149.846,BREAK,2017.11.29 17:00,0,,0,,0,,0,NA,NewYork,BREAK,2017.11.30 06:00,BREAK,2017.11.30 13:00,147.998,BOUNCE,2017.11.23 04:00,1,2017.11.29 17:00,1,2017.11.29 17:00,0,,2,6d 13h,Asia,NA,,NA,,S-ZF-BO,B-ZG-BR,S-ZG-BR,B-ZF-BR,S-ZG-BO,S-ZF-BO,B-ZD-BR,S-ZD-BR,,,S-ZB-BR,S-ZD-BO,B-ZF-BR,B-ZD-BR,B-ZB-BO,B-ZO-UN,S-ZE-BO,S-ZF-UN,B-ZF-BR,B-ZE-BO
10,2017.11.23 00:00,GBPJPY,60,86400,SELL,ZB,1,149.368,148.614,754.0,148.966,148.013,953.0,126.393,53.32,352.0,177.9,148.966,148.614,147.661,BREAK,2017.11.28 17:00,0,,0,,0,,0,NA,NewYork,BREAK,2017.11.28 20:00,UNTOUCHED,,149.720,BREAK,2017.11.29 17:00,0,,0,,0,,0,NA,NewYork,BREAK,2017.11.29 18:00,BOUNCE,2017.11.29 20:00,148.262,BREAK,2017.11.23 00:00,0,,0,,0,,0,NA,Asia,BOUNCE,2017.11.24 11:00,NA,,149.318,BOUNCE,2017.11.29 04:00,0,,0,,0,,0,NA,Asia,NA,,NA,,B-ZE-BO,S-ZF-BO,B-ZG-BR,S-ZG-BR,B-ZF-BR,S-ZG-BO,S-ZF-BO,B-ZD-BR,S-ZD-BR,,S-ZD-BO,B-ZF-BR,B-ZD-BR,B-ZB-BO,B-ZO-UN,S-ZE-BO,S-ZF-UN,B-ZF-BR,B-ZE-BO,S-ZC-BO
11,2017.11.24 00:00,GBPJPY,60,86400,SELL,ZD,1,148.966,148.013,953.0,148.477,147.809,668.0,70.094,51.31,464.0,224.9,148.477,148.013,147.345,BOUNCE,2017.11.28 19:00,1,2017.11.28 21:00,1,2017.11.28 22:00,1,2017.11.29 11:00,3,16h,NewYork,NA,,NA,,149.430,BREAK,2017.11.29 11:00,0,,0,,0,,0,NA,London,BOUNCE,2017.11.29 17:00,NA,,147.549,BREAK,2017.11.28 19:00,0,,0,,0,,0,NA,NewYork,BOUNCE,2017.11.28 21:00,NA,,148.941,BOUNCE,2017.11.24 20:00,1,2017.11.28 19:00,1,2017.11.28 19:00,0,,2,3d 23h,NewYork,NA,,NA,,S-ZB-BR,B-ZE-BO,S-ZF-BO,B-ZG-BR,S-ZG-BR,B-ZF-BR,S-ZG-BO,S-ZF-BO,B-ZD-BR,S-ZD-BR,B-ZF-BR,B-ZD-BR,B-ZB-BO,B-ZO-UN,S-ZE-BO,S-ZF-UN,B-ZF-BR,B-ZE-BO,S-ZC-BO,S-ZH-BR
12,2017.11.25 00:00,GBPJPY,60,86400,BUY,ZF,1,148.477,147.809,668.0,148.983,147.887,1096.0,164.072,11.68,590.0,157.6,148.477,147.887,149.573,BREAK,2017.11.29 12:00,0,,0,,0,,0,NA,London,BREAK,2017.11.29 19:00,BREAK,2017.11.30 06:00,147.219,BOUNCE,2017.11.28 19:00,1,2017.11.28 22:00,1,2017.11.28 23:00,1,2017.11.29 12:00,3,17h,NewYork,NA,,NA,,149.067,BREAK,2017.11.28 23:00,0,,0,,0,,0,NA,Other,BREAK,2017.11.29 17:00,BOUNCE,2017.11.29 19:00,147.297,BREAK,2017.11.28 19:00,0,,0,,0,,0,NA,NewYork,UNTOUCHED,,NA,,S-ZD-BO,S-ZB-BR,B-ZE-BO,S-ZF-BO,B-ZG-BR,S-ZG-BR,B-ZF-BR,S-ZG-BO,S-ZF-BO,B-ZD-BR,B-ZD-BR,B-ZB-BO,B-ZO-UN,S-ZE-BO,S-ZF-UN,B-ZF-BR,B-ZE-BO,S-ZC-BO,S-ZH-BR,S-ZB-UN
13,2017.11.30 00:00,GBPJPY,60,86400,BUY,ZD,1,149.258,146.971,2287.0,150.437,148.582,1855.0,81.111,70.44,676.0,539.7,149.258,148.582,151.113,BREAK,2017.11.30 10:00,0,,0,,0,,0,NA,London,BREAK,2017.12.01 01:00,BOUNCE,2017.12.01 13:00,146.295,UNTOUCHED,,0,,0,,0,,0,NA,Other,NA,,NA,,149.934,BREAK,2017.11.30 00:00,0,,0,,0,,0,NA,Asia,BREAK,2017.11.30 11:00,BREAK,2017.11.30 21:00,147.906,UNTOUCHED,,0,,0,,0,,0,NA,Other,NA,,NA,,B-ZF-BR,S-ZD-BO,S-ZB-BR,B-ZE-BO,S-ZF-BO,B-ZG-BR,S-ZG-BR,B-ZF-BR,S-ZG-BO,S-ZF-BO,B-ZB-BO,B-ZO-UN,S-ZE-BO,S-ZF-UN,B-ZF-BR,B-ZE-BO,S-ZC-BO,S-ZH-BR,S-ZB-UN,B-ZB-BO
14,2017.12.01 00:00,GBPJPY,60,86400,BUY,ZB,1,150.437,148.582,1855.0,152.316,149.978,2338.0,126.038,75.26,459.0,437.8,150.437,149.978,152.775,BOUNCE,2017.12.04 16:00,1,2017.12.04 20:00,1,2017.12.15 17:00,0,,2,1w 4d,NewYork,NA,,NA,,148.123,UNTOUCHED,,0,,0,,0,,0,NA,Other,NA,,NA,,150.896,BREAK,2017.12.01 00:00,0,,0,,0,,0,NA,Asia,BREAK,2017.12.01 01:00,BREAK,2017.12.01 02:00,149.519,BOUNCE,2017.12.15 17:00,1,2017.12.18 18:00,1,2017.12.18 18:00,0,,2,3d 1h,NewYork,NA,,NA,,B-ZD-BR,B-ZF-BR,S-ZD-BO,S-ZB-BR,B-ZE-BO,S-ZF-BO,B-ZG-BR,S-ZG-BR,B-ZF-BR,S-ZG-BO,B-ZO-UN,S-ZE-BO,S-ZF-UN,B-ZF-BR,B-ZE-BO,S-ZC-BO,S-ZH-BR,S-ZB-UN,B-ZB-BO,B-ZB-BO
15,2017.12.02 00:00,GBPJPY,60,86400,BUY,ZO,0,152.316,149.978,2338.0,152.482,150.573,1909.0,81.651,25.45,1743.0,551.8,152.316,150.573,154.225,UNTOUCHED,,0,,0,,0,,0,NA,Other,NA,,NA,,148.235,UNTOUCHED,,0,,0,,0,,0,NA,Other,NA,,NA,,154.059,UNTOUCHED,,0,,0,,0,,0,NA,Other,NA,,NA,,148.830,UNTOUCHED,,0,,0,,0,,0,NA,Other,NA,,NA,,B-ZB-BO,B-ZD-BR,B-ZF-BR,S-ZD-BO,S-ZB-BR,B-ZE-BO,S-ZF-BO,B-ZG-BR,S-ZG-BR,B-ZF-BR,S-ZE-BO,S-ZF-UN,B-ZF-BR,B-ZE-BO,S-ZC-BO,S-ZH-BR,S-ZB-UN,B-ZB-BO,B-ZB-BO,B-ZF-BR
16,2017.12.06 00:00,GBPJPY,60,86400,SELL,ZE,1,152.946,151.236,1710.0,151.814,150.527,1287.0,75.263,66.20,578.0,403.6,151.814,151.236,149.949,BOUNCE,2017.12.06 14:00,1,2017.12.07 14:00,1,2017.12.08 00:00,1,2018.01.05 17:00,3,4w 2d,NewYork,NA,,NA,,153.524,BOUNCE,2018.01.05 17:00,1,2018.01.09 16:00,1,2018.01.10 14:00,0,,2,4d 21h,NewYork,NA,,NA,,150.658,BREAK,2017.12.06 06:00,0,,0,,0,,0,NA,Asia,BOUNCE,2017.12.07 11:00,NA,,152.392,BREAK,2017.12.08 00:00,0,,0,,0,,0,NA,Asia,BREAK,2017.12.08 12:00,BOUNCE,2018.01.08 17:00,B-ZO-UN,B-ZB-BO,B-ZD-BR,B-ZF-BR,S-ZD-BO,S-ZB-BR,B-ZE-BO,S-ZF-BO,B-ZG-BR,S-ZG-BR,S-ZF-UN,B-ZF-BR,B-ZE-BO,S-ZC-BO,S-ZH-BR,S-ZB-UN,B-ZB-BO,B-ZB-BO,B-ZF-BR,B-ZF-BR
17,2017.12.07 00:00,GBPJPY,60,86400,SELL,ZF,0,151.814,150.527,1287.0,151.438,149.758,1680.0,130.536,29.22,911.0,303.7,151.438,150.527,148.847,UNTOUCHED,,0,,0,,0,,0,NA,Other,NA,,NA,,152.725,BREAK,2017.12.08 06:00,0,,0,,0,,0,NA,Asia,BOUNCE,2018.01.09 06:00,NA,,149.616,BOUNCE,2017.12.15 17:00,1,2017.12.29 19:00,1,2018.01.02 23:00,0,,2,2w 4d,NewYork,NA,,NA,,152.349,BREAK,2017.12.07 23:00,0,,0,,0,,0,NA,Other,BOUNCE,2017.12.08 16:00,NA,,S-ZE-BO,B-ZO-UN,B-ZB-BO,B-ZD-BR,B-ZF-BR,S-ZD-BO,S-ZB-BR,B-ZE-BO,S-ZF-BO,B-ZG-BR,B-ZF-BR,B-ZE-BO,S-ZC-BO,S-ZH-BR,S-ZB-UN,B-ZB-BO,B-ZB-BO,B-ZF-BR,B-ZF-BR,B-ZF-BR
18,2017.12.08 00:00,GBPJPY,60,86400,BUY,ZF,0,151.438,149.758,1680.0,152.374,150.125,2249.0,133.869,21.85,1313.0,396.5,151.438,150.125,153.687,BREAK,2018.01.17 22:00,0,,0,,0,,0,NA,Other,BREAK,2018.01.23 10:00,BOUNCE,2018.02.05 05:00,148.445,UNTOUCHED,,0,,0,,0,,0,NA,Other,NA,,NA,,152.751,BREAK,2017.12.08 06:00,0,,0,,0,,0,NA,Asia,BREAK,2018.01.18 15:00,BOUNCE,2018.01.23 15:00,148.812,UNTOUCHED,,0,,0,,0,,0,NA,Other,NA,,NA,,S-ZF-UN,S-ZE-BO,B-ZO-UN,B-ZB-BO,B-ZD-BR,B-ZF-BR,S-ZD-BO,S-ZB-BR,B-ZE-BO,S-ZF-BO,B-ZE-BO,S-ZC-BO,S-ZH-BR,S-ZB-UN,B-ZB-BO,B-ZB-BO,B-ZF-BR,B-ZF-BR,B-ZF-BR,B-ZB-BR
19,2017.12.09 00:00,GBPJPY,60,86400,BUY,ZE,1,152.374,150.125,2249.0,153.407,151.632,1775.0,78.924,67.01,742.0,530.8,152.374,151.632,154.149,BOUNCE,2018.01.17 22:00,0,,0,,0,,0,NA,Other,NA,,NA,,149.383,UNTOUCHED,,0,,0,,0,,0,NA,Other,NA,,NA,,153.116,BREAK,2018.01.05 08:00,0,,0,,0,,0,NA,London,BREAK,2018.01.18 15:00,BREAK,2018.01.22 21:00,150.890,BOUNCE,2017.12.13 07:00,1,2018.01.05 08:00,1,2018.01.05 08:00,0,,2,3w 2d,London,NA,,NA,,B-ZF-BR,S-ZF-UN,S-ZE-BO,B-ZO-UN,B-ZB-BO,B-ZD-BR,B-ZF-BR,S-ZD-BO,S-ZB-BR,B-ZE-BO,S-ZC-BO,S-ZH-BR,S-ZB-UN,B-ZB-BO,B-ZB-BO,B-ZF-BR,B-ZF-BR,B-ZF-BR,B-ZB-BR,S-ZF-BR
20,2017.12.13 00:00,GBPJPY,60,86400,SELL,ZC,1,152.342,151.234,1108.0,151.758,151.027,731.0,65.975,52.71,524.0,261.5,151.758,151.234,150.503,BOUNCE,2017.12.13 23:00,1,2017.12.14 12:00,1,2017.12.29 19:00,1,2018.01.04 19:00,3,3w 0d,Other,NA,,NA,,152.866,BREAK,2018.01.04 19:00,0,,0,,0,,0,NA,NewYork,BREAK,2018.01.08 03:00,BREAK,2018.01.17 22:00,150.710,BREAK,2017.12.13 23:00,0,,0,,0,,0,NA,Other,BREAK,2017.12.15 16:00,BOUNCE,2017.12.15 19:00,152.282,BREAK,2017.12.29 19:00,0,,0,,0,,0,NA,NewYork,BOUNCE,2018.01.03 15:00,NA,,B-ZE-BO,B-ZF-BR,S-ZF-UN,S-ZE-BO,B-ZO-UN,B-ZB-BO,B-ZD-BR,B-ZF-BR,S-ZD-BO,S-ZB-BR,S-ZH-BR,S-ZB-UN,B-ZB-BO,B-ZB-BO,B-ZF-BR,B-ZF-BR,B-ZF-BR,B-ZB-BR,S-ZF-BR,S-ZB-BR
21,2017.12.14 00:00,GBPJPY,60,86400,SELL,ZH,1,151.758,151.027,731.0,151.510,150.461,1049.0,143.502,33.93,483.0,172.5,151.510,151.027,149.978,BREAK,2017.12.15 16:00,0,,0,,0,,0,NA,NewYork,UNTOUCHED,,NA,,152.241,BREAK,2017.12.29 17:00,0,,0,,0,,0,NA,NewYork,BOUNCE,2018.01.03 15:00,NA,,150.544,BREAK,2017.12.14 02:00,0,,0,,0,,0,NA,Asia,BREAK,2017.12.15 17:00,BOUNCE,2017.12.15 19:00,151.993,BOUNCE,2017.12.20 17:00,1,2018.01.10 19:00,1,2018.01.10 19:00,0,,2,3w 0d,NewYork,NA,,NA,,S-ZC-BO,B-ZE-BO,B-ZF-BR,S-ZF-UN,S-ZE-BO,B-ZO-UN,B-ZB-BO,B-ZD-BR,B-ZF-BR,S-ZD-BO,S-ZB-UN,B-ZB-BO,B-ZB-BO,B-ZF-BR,B-ZF-BR,B-ZF-BR,B-ZB-BR,S-ZF-BR,S-ZB-BR,S-ZD-BO
22,2017.12.16 00:00,GBPJPY,60,86400,SELL,ZB,1,151.892,150.367,1525.0,151.019,149.412,1607.0,105.377,57.25,652.0,359.9,151.019,150.367,148.760,UNTOUCHED,,0,,0,,0,,0,NA,Other,NA,,NA,,152.544,BOUNCE,2018.01.02 21:00,1,2018.01.10 11:00,0,,0,,1,1w 0d,Other,NA,,NA,,149.715,BOUNCE,2017.12.18 02:00,1,2017.12.20 14:00,1,2018.01.02 21:00,0,,2,2w 1d,Asia,NA,,NA,,151.671,BREAK,2017.12.20 14:00,0,,0,,0,,0,NA,NewYork,BREAK,2018.01.02 23:00,BREAK,2018.01.05 09:00,S-ZH-BR,S-ZC-BO,B-ZE-BO,B-ZF-BR,S-ZF-UN,S-ZE-BO,B-ZO-UN,B-ZB-BO,B-ZD-BR,B-ZF-BR,B-ZB-BO,B-ZB-BO,B-ZF-BR,B-ZF-BR,B-ZF-BR,B-ZB-BR,S-ZF-BR,S-ZB-BR,S-ZD-BO,B-ZF-BR
23,2017.12.20 00:00,GBPJPY,60,86400,BUY,ZB,1,151.025,149.616,1409.0,151.270,150.366,904.0,64.159,53.23,659.0,332.5,151.025,150.366,151.929,BOUNCE,2017.12.20 17:00,1,2018.01.10 14:00,0,,0,,1,2w 6d,NewYork,NA,,NA,,148.957,UNTOUCHED,,0,,0,,0,,0,NA,Other,NA,,NA,,151.684,BREAK,2017.12.20 14:00,0,,0,,0,,0,NA,NewYork,BREAK,2018.01.02 23:00,BREAK,2018.01.05 09:00,149.707,UNTOUCHED,,0,,0,,0,,0,NA,Other,NA,,NA,,S-ZB-UN,S-ZH-BR,S-ZC-BO,B-ZE-BO,B-ZF-BR,S-ZF-UN,S-ZE-BO,B-ZO-UN,B-ZB-BO,B-ZD-BR,B-ZB-BO,B-ZF-BR,B-ZF-BR,B-ZF-BR,B-ZB-BR,S-ZF-BR,S-ZB-BR,S-ZD-BO,B-ZF-BR,B-ZO-BR
24,2017.12.21 00:00,GBPJPY,60,86400,BUY,ZB,1,151.270,150.366,904.0,152.015,151.028,987.0,109.181,73.23,242.0,213.3,151.270,151.028,152.257,BOUNCE,2017.12.29 17:00,1,2018.01.03 19:00,1,2018.01.10 14:00,0,,2,1w 4d,NewYork,NA,,NA,,150.124,UNTOUCHED,,0,,0,,0,,0,NA,Other,NA,,NA,,151.512,BREAK,2017.12.21 00:00,0,,0,,0,,0,NA,Asia,BOUNCE,2017.12.21 02:00,NA,,150.786,BOUNCE,2018.01.10 14:00,1,2018.01.12 15:00,1,2018.01.12 15:00,0,,2,2d 1h,NewYork,NA,,NA,,B-ZB-BO,S-ZB-UN,S-ZH-BR,S-ZC-BO,B-ZE-BO,B-ZF-BR,S-ZF-UN,S-ZE-BO,B-ZO-UN,B-ZB-BO,B-ZF-BR,B-ZF-BR,B-ZF-BR,B-ZB-BR,S-ZF-BR,S-ZB-BR,S-ZD-BO,B-ZF-BR,B-ZO-BR,B-ZF-BO
25,2017.12.28 00:00,GBPJPY,60,86400,BUY,ZF,1,151.558,151.185,373.0,152.088,151.324,764.0,204.826,37.27,234.0,88.0,151.558,151.324,152.322,BREAK,2017.12.29 19:00,0,,0,,0,,0,NA,NewYork,BREAK,2018.01.02 22:00,BOUNCE,2018.01.03 13:00,150.951,BREAK,2018.01.10 13:00,0,,0,,0,,0,NA,NewYork,BREAK,2018.01.10 14:00,BREAK,2018.01.11 00:00,151.792,BREAK,2017.12.28 00:00,0,,0,,0,,0,NA,Asia,BOUNCE,2017.12.29 12:00,NA,,151.090,BREAK,2018.01.10 13:00,0,,0,,0,,0,NA,NewYork,BREAK,2018.01.10 14:00,BOUNCE,2018.01.10 17:00,B-ZB-BO,B-ZB-BO,S-ZB-UN,S-ZH-BR,S-ZC-BO,B-ZE-BO,B-ZF-BR,S-ZF-UN,S-ZE-BO,B-ZO-UN,B-ZF-BR,B-ZF-BR,B-ZB-BR,S-ZF-BR,S-ZB-BR,S-ZD-BO,B-ZF-BR,B-ZO-BR,B-ZF-BO,B-ZE-BO
26,2017.12.30 00:00,GBPJPY,60,86400,BUY,ZF,1,151.982,151.487,495.0,152.511,151.528,983.0,198.586,8.28,454.0,116.8,151.982,151.528,152.965,BREAK,2018.01.04 19:00,0,,0,,0,,0,NA,NewYork,BREAK,2018.01.05 17:00,BREAK,2018.01.17 22:00,151.033,BREAK,2018.01.10 13:00,0,,0,,0,,0,NA,NewYork,BREAK,2018.01.10 23:00,BREAK,2018.02.09 16:00,152.436,BOUNCE,2018.01.02 11:00,1,2018.01.10 13:00,1,2018.01.10 13:00,0,,2,1w 1d,London,NA,,NA,,151.074,BREAK,2018.01.10 13:00,0,,0,,0,,0,NA,NewYork,BOUNCE,2018.01.10 15:00,NA,,B-ZF-BR,B-ZB-BO,B-ZB-BO,S-ZB-UN,S-ZH-BR,S-ZC-BO,B-ZE-BO,B-ZF-BR,S-ZF-UN,S-ZE-BO,B-ZF-BR,B-ZB-BR,S-ZF-BR,S-ZB-BR,S-ZD-BO,B-ZF-BR,B-ZO-BR,B-ZF-BO,B-ZE-BO,S-ZF-BR
27,2018.01.05 00:00,GBPJPY,60,86400,BUY,ZF,0,152.825,151.748,1077.0,152.977,151.909,1068.0,99.164,14.95,916.0,254.2,152.825,151.909,153.893,BREAK,2018.01.17 22:00,0,,0,,0,,0,NA,Other,BREAK,2018.01.22 21:00,BREAK,2018.01.25 18:00,150.832,BREAK,2018.01.10 13:00,0,,0,,0,,0,NA,NewYork,BREAK,2018.02.09 20:00,BOUNCE,2018.02.09 23:00,153.741,BREAK,2018.01.17 22:00,0,,0,,0,,0,NA,Other,BREAK,2018.01.22 20:00,BREAK,2018.01.25 07:00,150.993,BREAK,2018.01.10 13:00,0,,0,,0,,0,NA,NewYork,BOUNCE,2018.02.09 17:00,NA,,B-ZF-BR,B-ZF-BR,B-ZB-BO,B-ZB-BO,S-ZB-UN,S-ZH-BR,S-ZC-BO,B-ZE-BO,B-ZF-BR,S-ZF-UN,B-ZB-BR,S-ZF-BR,S-ZB-BR,S-ZD-BO,B-ZF-BR,B-ZO-BR,B-ZF-BO,B-ZE-BO,S-ZF-BR,B-ZO-UN
28,2018.01.06 00:00,GBPJPY,60,86400,BUY,ZB,1,152.977,151.909,1068.0,153.637,152.705,932.0,87.266,74.53,272.0,252.0,152.977,152.705,153.909,BREAK,2018.01.17 22:00,0,,0,,0,,0,NA,Other,BOUNCE,2018.01.17 23:00,NA,,151.637,BREAK,2018.01.10 10:00,0,,0,,0,,0,NA,London,BREAK,2018.01.10 12:00,BREAK,2018.01.10 13:00,153.249,BREAK,2018.01.06 00:00,0,,0,,0,,0,NA,Asia,BOUNCE,2018.01.08 13:00,NA,,152.433,BREAK,2018.01.09 16:00,0,,0,,0,,0,NA,NewYork,BOUNCE,2018.01.09 23:00,NA,,B-ZF-BR,B-ZF-BR,B-ZF-BR,B-ZB-BO,B-ZB-BO,S-ZB-UN,S-ZH-BR,S-ZC-BO,B-ZE-BO,B-ZF-BR,S-ZF-BR,S-ZB-BR,S-ZD-BO,B-ZF-BR,B-ZO-BR,B-ZF-BO,B-ZE-BO,S-ZF-BR,B-ZO-UN,B-ZG-UN
29,2018.01.10 00:00,GBPJPY,60,86400,SELL,ZF,1,153.669,152.869,800.0,153.573,151.945,1628.0,203.500,12.00,704.0,188.8,153.573,152.869,151.241,BREAK,2018.01.10 11:00,0,,0,,0,,0,NA,London,BREAK,2018.01.11 15:00,BREAK,2018.02.09 20:00,154.373,BREAK,2018.01.18 15:00,0,,0,,0,,0,NA,NewYork,BREAK,2018.01.23 04:00,BREAK,2018.01.25 18:00,152.165,BREAK,2018.01.10 04:00,0,,0,,0,,0,NA,Asia,BREAK,2018.01.10 11:00,BREAK,2018.01.10 18:00,154.277,BREAK,2018.01.18 00:00,0,,0,,0,,0,NA,Asia,BREAK,2018.01.22 21:00,BREAK,2018.01.25 18:00,B-ZB-BR,B-ZF-BR,B-ZF-BR,B-ZF-BR,B-ZB-BO,B-ZB-BO,S-ZB-UN,S-ZH-BR,S-ZC-BO,B-ZE-BO,S-ZB-BR,S-ZD-BO,B-ZF-BR,B-ZO-BR,B-ZF-BO,B-ZE-BO,S-ZF-BR,B-ZO-UN,B-ZG-UN,B-ZO-UN
30,2018.01.11 00:00,GBPJPY,60,86400,SELL,ZB,1,153.573,151.945,1628.0,152.599,150.407,2192.0,134.644,59.83,654.0,384.2,152.599,151.945,149.753,BREAK,2018.02.09 20:00,0,,0,,0,,0,NA,NewYork,BOUNCE,2018.02.09 23:00,NA,,154.227,BOUNCE,2018.01.18 00:00,1,2018.01.29 15:00,1,2018.02.06 08:00,1,2018.02.09 20:00,3,3w 1d,Asia,NA,,NA,,151.291,BREAK,2018.01.11 00:00,0,,0,,0,,0,NA,Asia,BREAK,2018.01.11 15:00,BOUNCE,2018.02.09 16:00,153.253,BREAK,2018.01.17 20:00,0,,0,,0,,0,NA,NewYork,BREAK,2018.01.18 15:00,BOUNCE,2018.01.18 19:00,S-ZF-BR,B-ZB-BR,B-ZF-BR,B-ZF-BR,B-ZF-BR,B-ZB-BO,B-ZB-BO,S-ZB-UN,S-ZH-BR,S-ZC-BO,S-ZD-BO,B-ZF-BR,B-ZO-BR,B-ZF-BO,B-ZE-BO,S-ZF-BR,B-ZO-UN,B-ZG-UN,B-ZO-UN,S-ZH-BO
31,2018.01.12 00:00,GBPJPY,60,86400,SELL,ZD,1,152.599,150.407,2192.0,151.005,150.191,814.0,37.135,72.72,598.0,517.3,151.005,150.407,149.593,BOUNCE,2018.02.09 20:00,1,2018.02.12 12:00,0,,0,,1,2d 16h,NewYork,NA,,NA,,153.197,BREAK,2018.01.17 19:00,0,,0,,0,,0,NA,NewYork,BREAK,2018.01.18 15:00,BOUNCE,2018.01.18 19:00,149.809,BREAK,2018.02.09 20:00,0,,0,,0,,0,NA,NewYork,BOUNCE,2018.02.09 23:00,NA,,151.603,BREAK,2018.01.12 16:00,0,,0,,0,,0,NA,NewYork,BREAK,2018.01.15 14:00,BOUNCE,2018.01.16 14:00,S-ZB-BR,S-ZF-BR,B-ZB-BR,B-ZF-BR,B-ZF-BR,B-ZF-BR,B-ZB-BO,B-ZB-BO,S-ZB-UN,S-ZH-BR,B-ZF-BR,B-ZO-BR,B-ZF-BO,B-ZE-BO,S-ZF-BR,B-ZO-UN,B-ZG-UN,B-ZO-UN,S-ZH-BO,B-ZD-BR
32,2018.01.13 00:00,GBPJPY,60,86400,BUY,ZF,1,151.005,150.191,814.0,152.675,150.357,2318.0,284.767,20.39,648.0,192.1,151.005,150.357,153.323,BREAK,2018.01.17 20:00,0,,0,,0,,0,NA,NewYork,BREAK,2018.01.17 23:00,BREAK,2018.01.22 20:00,149.543,BOUNCE,2018.02.09 20:00,1,2018.02.21 06:00,0,,0,,1,1w 4d,NewYork,NA,,NA,,151.653,BREAK,2018.01.13 00:00,0,,0,,0,,0,NA,Asia,BREAK,2018.01.13 01:00,BOUNCE,2018.01.16 13:00,149.709,BREAK,2018.02.09 20:00,0,,0,,0,,0,NA,NewYork,BOUNCE,2018.02.09 23:00,NA,,S-ZD-BO,S-ZB-BR,S-ZF-BR,B-ZB-BR,B-ZF-BR,B-ZF-BR,B-ZF-BR,B-ZB-BO,B-ZB-BO,S-ZB-UN,B-ZO-BR,B-ZF-BO,B-ZE-BO,S-ZF-BR,B-ZO-UN,B-ZG-UN,B-ZO-UN,S-ZH-BO,B-ZD-BR,B-ZB-UN
33,2018.01.17 00:00,GBPJPY,60,86400,BUY,ZO,0,152.807,151.931,876.0,153.099,152.046,1053.0,120.205,13.13,761.0,206.7,152.807,152.046,153.860,BREAK,2018.01.17 22:00,0,,0,,0,,0,NA,Other,BREAK,2018.01.22 20:00,BOUNCE,2018.01.23 12:00,151.170,BREAK,2018.02.08 21:00,0,,0,,0,,0,NA,Other,BREAK,2018.02.09 16:00,BREAK,2018.02.09 21:00,153.568,BREAK,2018.01.17 22:00,0,,0,,0,,0,NA,Other,BREAK,2018.01.18 15:00,BREAK,2018.01.23 05:00,151.285,BOUNCE,2018.02.06 08:00,1,2018.02.08 16:00,1,2018.02.08 16:00,0,,2,2d 8h,London,NA,,NA,,B-ZF-BR,S-ZD-BO,S-ZB-BR,S-ZF-BR,B-ZB-BR,B-ZF-BR,B-ZF-BR,B-ZF-BR,B-ZB-BO,B-ZB-BO,B-ZF-BO,B-ZE-BO,S-ZF-BR,B-ZO-UN,B-ZG-UN,B-ZO-UN,S-ZH-BO,B-ZD-BR,B-ZB-UN,B-ZE-UN
34,2018.01.18 00:00,GBPJPY,60,86400,BUY,ZF,1,153.099,152.046,1053.0,154.222,152.092,2130.0,202.279,4.37,1007.0,248.5,153.099,152.092,155.229,BOUNCE,2018.01.22 23:00,1,2018.01.29 14:00,1,2018.02.08 21:00,1,2018.02.08 21:00,3,2w 2d,Other,NA,,NA,,151.039,BOUNCE,2018.02.08 21:00,0,,0,,0,,0,NA,Other,NA,,NA,,154.106,BREAK,2018.01.18 00:00,0,,0,,0,,0,NA,Asia,BREAK,2018.01.23 10:00,BREAK,2018.02.01 13:00,151.085,BREAK,2018.02.08 21:00,0,,0,,0,,0,NA,Other,BREAK,2018.02.09 19:00,BOUNCE,2018.02.09 23:00,B-ZO-BR,B-ZF-BR,S-ZD-BO,S-ZB-BR,S-ZF-BR,B-ZB-BR,B-ZF-BR,B-ZF-BR,B-ZF-BR,B-ZB-BO,B-ZE-BO,S-ZF-BR,B-ZO-UN,B-ZG-UN,B-ZO-UN,S-ZH-BO,B-ZD-BR,B-ZB-UN,B-ZE-UN,S-ZB-BR
35,2018.01.19 00:00,GBPJPY,60,86400,BUY,ZE,1,154.222,152.092,2130.0,154.579,153.619,960.0,45.070,71.69,603.0,502.7,154.222,153.619,155.182,BOUNCE,2018.01.22 21:00,1,2018.01.23 15:00,1,2018.01.29 15:00,1,2018.02.06 05:00,3,2w 0d,Other,NA,,NA,,151.489,BOUNCE,2018.02.06 05:00,1,2018.02.06 12:00,0,,0,,1,7h,Asia,NA,,NA,,154.825,BREAK,2018.01.22 20:00,0,,0,,0,,0,NA,NewYork,BREAK,2018.01.25 18:00,BOUNCE,2018.02.01 18:00,153.016,BREAK,2018.01.29 15:00,0,,0,,0,,0,NA,NewYork,BOUNCE,2018.01.30 14:00,NA,,B-ZF-BO,B-ZO-BR,B-ZF-BR,S-ZD-BO,S-ZB-BR,S-ZF-BR,B-ZB-BR,B-ZF-BR,B-ZF-BR,B-ZF-BR,S-ZF-BR,B-ZO-UN,B-ZG-UN,B-ZO-UN,S-ZH-BO,B-ZD-BR,B-ZB-UN,B-ZE-UN,S-ZB-BR,S-ZF-BO
36,2018.01.20 00:00,GBPJPY,60,86400,SELL,ZF,0,154.579,153.619,960.0,154.424,153.109,1315.0,136.979,16.15,805.0,226.6,154.424,153.619,152.304,BREAK,2018.01.30 11:00,0,,0,,0,,0,NA,London,BOUNCE,2018.02.06 05:00,NA,,155.384,BOUNCE,2018.01.23 10:00,1,2018.01.23 16:00,1,2018.01.30 08:00,1,2018.01.30 11:00,3,1w 0d,London,NA,,NA,,152.814,BREAK,2018.01.30 08:00,0,,0,,0,,0,NA,London,BOUNCE,2018.01.30 13:00,NA,,155.229,BOUNCE,2018.01.22 23:00,1,2018.01.30 08:00,1,2018.01.30 08:00,0,,2,1w 0d,Other,NA,,NA,,B-ZE-BO,B-ZF-BO,B-ZO-BR,B-ZF-BR,S-ZD-BO,S-ZB-BR,S-ZF-BR,B-ZB-BR,B-ZF-BR,B-ZF-BR,B-ZO-UN,B-ZG-UN,B-ZO-UN,S-ZH-BO,B-ZD-BR,B-ZB-UN,B-ZE-UN,S-ZB-BR,S-ZF-BO,S-ZC-BR
37,2018.01.24 00:00,GBPJPY,60,86400,BUY,ZO,0,155.248,153.408,1840.0,155.403,153.729,1674.0,90.978,17.45,1519.0,434.2,155.248,153.729,156.922,UNTOUCHED,,0,,0,,0,,0,NA,Other,NA,,NA,,151.889,BREAK,2018.02.06 05:00,0,,0,,0,,0,NA,Asia,BREAK,2018.02.09 19:00,BREAK,2018.02.14 17:00,156.767,UNTOUCHED,,0,,0,,0,,0,NA,Other,NA,,NA,,152.210,BOUNCE,2018.01.30 11:00,0,,0,,0,,0,NA,London,NA,,NA,,S-ZF-BR,B-ZE-BO,B-ZF-BO,B-ZO-BR,B-ZF-BR,S-ZD-BO,S-ZB-BR,S-ZF-BR,B-ZB-BR,B-ZF-BR,B-ZG-UN,B-ZO-UN,S-ZH-BO,B-ZD-BR,B-ZB-UN,B-ZE-UN,S-ZB-BR,S-ZF-BO,S-ZC-BR,B-ZE-UN
38,2018.01.25 00:00,GBPJPY,60,86400,BUY,ZG,0,155.403,153.729,1674.0,155.619,154.126,1493.0,89.188,23.72,1277.0,395.1,155.403,154.126,156.896,UNTOUCHED,,0,,0,,0,,0,NA,Other,NA,,NA,,152.452,BREAK,2018.01.30 10:00,0,,0,,0,,0,NA,London,BOUNCE,2018.02.09 11:00,NA,,156.680,UNTOUCHED,,0,,0,,0,,0,NA,Other,NA,,NA,,152.849,BREAK,2018.01.29 15:00,0,,0,,0,,0,NA,NewYork,BOUNCE,2018.02.06 13:00,NA,,B-ZO-UN,S-ZF-BR,B-ZE-BO,B-ZF-BO,B-ZO-BR,B-ZF-BR,S-ZD-BO,S-ZB-BR,S-ZF-BR,B-ZB-BR,B-ZO-UN,S-ZH-BO,B-ZD-BR,B-ZB-UN,B-ZE-UN,S-ZB-BR,S-ZF-BO,S-ZC-BR,B-ZE-UN,S-ZG-BR
39,2018.01.26 00:00,GBPJPY,60,86400,BUY,ZO,0,155.619,154.126,1493.0,156.084,154.436,1648.0,110.382,20.76,1183.0,352.3,155.619,154.436,157.267,UNTOUCHED,,0,,0,,0,,0,NA,Other,NA,,NA,,152.943,BREAK,2018.01.29 15:00,0,,0,,0,,0,NA,NewYork,BREAK,2018.02.06 08:00,BREAK,2018.02.09 16:00,156.802,UNTOUCHED,,0,,0,,0,,0,NA,Other,NA,,NA,,153.253,BREAK,2018.01.29 14:00,0,,0,,0,,0,NA,NewYork,BOUNCE,2018.01.30 14:00,NA,,B-ZG-UN,B-ZO-UN,S-ZF-BR,B-ZE-BO,B-ZF-BO,B-ZO-BR,B-ZF-BR,S-ZD-BO,S-ZB-BR,S-ZF-BR,S-ZH-BO,B-ZD-BR,B-ZB-UN,B-ZE-UN,S-ZB-BR,S-ZF-BO,S-ZC-BR,B-ZE-UN,S-ZG-BR,B-ZH-BR
40,2018.01.27 00:00,GBPJPY,60,86400,SELL,ZH,0,156.084,154.436,1648.0,155.854,153.425,2429.0,147.391,13.96,1418.0,388.9,155.854,154.436,152.007,BOUNCE,2018.01.30 12:00,1,2018.01.31 19:00,0,,0,,1,1d 7h,London,NA,,NA,,157.502,UNTOUCHED,,0,,0,,0,,0,NA,Other,NA,,NA,,153.018,BREAK,2018.01.29 15:00,0,,0,,0,,0,NA,NewYork,BREAK,2018.02.06 08:00,BREAK,2018.02.09 20:00,157.272,UNTOUCHED,,0,,0,,0,,0,NA,Other,NA,,NA,,B-ZO-UN,B-ZG-UN,B-ZO-UN,S-ZF-BR,B-ZE-BO,B-ZF-BO,B-ZO-BR,B-ZF-BR,S-ZD-BO,S-ZB-BR,B-ZD-BR,B-ZB-UN,B-ZE-UN,S-ZB-BR,S-ZF-BO,S-ZC-BR,B-ZE-UN,S-ZG-BR,B-ZH-BR,B-ZO-UN
41,2018.02.01 00:00,GBPJPY,60,86400,BUY,ZD,1,154.084,151.966,2118.0,155.344,153.561,1783.0,84.183,75.31,523.0,499.8,154.084,153.561,155.867,BREAK,2018.02.01 12:00,0,,0,,0,,0,NA,London,BOUNCE,2018.02.02 19:00,NA,,151.443,BOUNCE,2018.02.06 05:00,1,2018.02.06 11:00,0,,0,,1,6h,Asia,NA,,NA,,154.607,BREAK,2018.02.01 00:00,0,,0,,0,,0,NA,Asia,BREAK,2018.02.01 12:00,BREAK,2018.02.01 13:00,153.038,BREAK,2018.02.06 00:00,0,,0,,0,,0,NA,Asia,BREAK,2018.02.06 03:00,BOUNCE,2018.02.06 04:00,S-ZH-BO,B-ZO-UN,B-ZG-UN,B-ZO-UN,S-ZF-BR,B-ZE-BO,B-ZF-BO,B-ZO-BR,B-ZF-BR,S-ZD-BO,B-ZB-UN,B-ZE-UN,S-ZB-BR,S-ZF-BO,S-ZC-BR,B-ZE-UN,S-ZG-BR,B-ZH-BR,B-ZO-UN,S-ZB-BR
42,2018.02.02 00:00,GBPJPY,60,86400,BUY,ZB,1,155.344,153.561,1783.0,156.442,154.547,1895.0,106.282,55.30,797.0,420.8,155.344,154.547,157.239,UNTOUCHED,,0,,0,,0,,0,NA,Other,NA,,NA,,152.764,BOUNCE,2018.02.06 00:00,0,,0,,0,,0,NA,Asia,NA,,NA,,156.141,BREAK,2018.02.02 02:00,0,,0,,0,,0,NA,Asia,UNTOUCHED,,NA,,153.750,BREAK,2018.02.05 23:00,0,,0,,0,,0,NA,Other,BREAK,2018.02.06 01:00,BREAK,2018.02.06 05:00,B-ZD-BR,S-ZH-BO,B-ZO-UN,B-ZG-UN,B-ZO-UN,S-ZF-BR,B-ZE-BO,B-ZF-BO,B-ZO-BR,B-ZF-BR,B-ZE-UN,S-ZB-BR,S-ZF-BO,S-ZC-BR,B-ZE-UN,S-ZG-BR,B-ZH-BR,B-ZO-UN,S-ZB-BR,S-ZG-BR
43,2018.02.03 00:00,GBPJPY,60,86400,BUY,ZE,1,156.442,154.547,1895.0,156.608,155.717,891.0,47.018,61.74,725.0,447.2,156.442,155.717,157.333,UNTOUCHED,,0,,0,,0,,0,NA,Other,NA,,NA,,153.822,BREAK,2018.02.05 23:00,0,,0,,0,,0,NA,Other,BREAK,2018.02.06 01:00,BREAK,2018.02.06 04:00,157.167,UNTOUCHED,,0,,0,,0,,0,NA,Other,NA,,NA,,154.992,BREAK,2018.02.05 05:00,0,,0,,0,,0,NA,Asia,BREAK,2018.02.05 23:00,BREAK,2018.02.06 00:00,B-ZB-UN,B-ZD-BR,S-ZH-BO,B-ZO-UN,B-ZG-UN,B-ZO-UN,S-ZF-BR,B-ZE-BO,B-ZF-BO,B-ZO-BR,S-ZB-BR,S-ZF-BO,S-ZC-BR,B-ZE-UN,S-ZG-BR,B-ZH-BR,B-ZO-UN,S-ZB-BR,S-ZG-BR,S-ZF-BR
44,2018.02.10 00:00,GBPJPY,60,86400,SELL,ZB,1,154.044,150.807,3237.0,152.753,148.913,3840.0,118.628,39.88,1946.0,763.9,152.753,150.807,146.967,BREAK,2018.02.28 19:00,0,,0,,0,,0,NA,NewYork,BOUNCE,2018.03.05 20:00,NA,,155.990,UNTOUCHED,,0,,0,,0,,0,NA,Other,NA,,NA,,148.861,BREAK,2018.02.14 07:00,0,,0,,0,,0,NA,London,BREAK,2018.03.01 23:00,UNTOUCHED,,154.699,UNTOUCHED,,0,,0,,0,,0,NA,Other,NA,,NA,,B-ZE-UN,B-ZB-UN,B-ZD-BR,S-ZH-BO,B-ZO-UN,B-ZG-UN,B-ZO-UN,S-ZF-BR,B-ZE-BO,B-ZF-BO,S-ZF-BO,S-ZC-BR,B-ZE-UN,S-ZG-BR,B-ZH-BR,B-ZO-UN,S-ZB-BR,S-ZG-BR,S-ZF-BR,S-ZD-BO
45,2018.02.14 00:00,GBPJPY,60,86400,SELL,ZF,0,150.826,149.660,1166.0,150.619,148.975,1644.0,140.995,17.75,959.0,275.2,150.619,149.660,148.016,BOUNCE,2018.02.14 17:00,1,2018.02.15 00:00,0,,0,,1,7h,NewYork,NA,,NA,,151.785,UNTOUCHED,,0,,0,,0,,0,NA,Other,NA,,NA,,148.701,BREAK,2018.02.14 08:00,0,,0,,0,,0,NA,London,BREAK,2018.02.28 19:00,BREAK,2018.03.01 04:00,151.578,UNTOUCHED,,0,,0,,0,,0,NA,Other,NA,,NA,,S-ZB-BR,B-ZE-UN,B-ZB-UN,B-ZD-BR,S-ZH-BO,B-ZO-UN,B-ZG-UN,B-ZO-UN,S-ZF-BR,B-ZE-BO,S-ZC-BR,B-ZE-UN,S-ZG-BR,B-ZH-BR,B-ZO-UN,S-ZB-BR,S-ZG-BR,S-ZF-BR,S-ZD-BO,S-ZB-UN
46,2018.02.15 00:00,GBPJPY,60,86400,SELL,ZC,1,150.619,148.975,1644.0,149.884,147.962,1922.0,116.910,44.71,909.0,388.0,149.884,148.975,147.053,BREAK,2018.02.28 19:00,0,,0,,0,,0,NA,NewYork,BREAK,2018.03.02 10:00,BOUNCE,2018.03.05 18:00,151.528,UNTOUCHED,,0,,0,,0,,0,NA,Other,NA,,NA,,148.066,BREAK,2018.02.28 16:00,0,,0,,0,,0,NA,NewYork,BREAK,2018.03.01 00:00,BREAK,2018.03.02 09:00,150.793,BOUNCE,2018.02.21 06:00,1,2018.02.28 16:00,1,2018.02.28 16:00,0,,2,1w 0d,Asia,NA,,NA,,S-ZF-BO,S-ZB-BR,B-ZE-UN,B-ZB-UN,B-ZD-BR,S-ZH-BO,B-ZO-UN,B-ZG-UN,B-ZO-UN,S-ZF-BR,B-ZE-UN,S-ZG-BR,B-ZH-BR,B-ZO-UN,S-ZB-BR,S-ZG-BR,S-ZF-BR,S-ZD-BO,S-ZB-UN,B-ZD-BR
47,2018.02.16 00:00,GBPJPY,60,86400,BUY,ZE,1,149.884,147.962,1922.0,150.184,148.924,1260.0,65.557,50.05,960.0,453.6,149.884,148.924,151.144,UNTOUCHED,,0,,0,,0,,0,NA,Other,NA,,NA,,147.002,BREAK,2018.02.28 19:00,0,,0,,0,,0,NA,NewYork,BREAK,2018.03.02 11:00,BOUNCE,2018.03.05 14:00,150.844,BOUNCE,2018.02.21 06:00,1,2018.02.28 16:00,1,2018.02.28 19:00,0,,2,1w 0d,Asia,NA,,NA,,147.964,BREAK,2018.02.28 16:00,0,,0,,0,,0,NA,NewYork,BREAK,2018.03.01 04:00,BREAK,2018.03.02 11:00,S-ZC-BR,S-ZF-BO,S-ZB-BR,B-ZE-UN,B-ZB-UN,B-ZD-BR,S-ZH-BO,B-ZO-UN,B-ZG-UN,B-ZO-UN,S-ZG-BR,B-ZH-BR,B-ZO-UN,S-ZB-BR,S-ZG-BR,S-ZF-BR,S-ZD-BO,S-ZB-UN,B-ZD-BR,S-ZG-UN
48,2018.02.17 00:00,GBPJPY,60,86400,SELL,ZG,0,150.184,148.924,1260.0,149.964,148.777,1187.0,94.206,17.46,1040.0,297.4,149.964,148.924,147.737,BREAK,2018.02.28 16:00,0,,0,,0,,0,NA,NewYork,BREAK,2018.03.01 22:00,BREAK,2018.03.02 15:00,151.224,UNTOUCHED,,0,,0,,0,,0,NA,Other,NA,,NA,,147.884,BREAK,2018.02.28 16:00,0,,0,,0,,0,NA,NewYork,BREAK,2018.03.01 04:00,BREAK,2018.03.02 12:00,151.004,UNTOUCHED,,0,,0,,0,,0,NA,Other,NA,,NA,,B-ZE-UN,S-ZC-BR,S-ZF-BO,S-ZB-BR,B-ZE-UN,B-ZB-UN,B-ZD-BR,S-ZH-BO,B-ZO-UN,B-ZG-UN,B-ZH-BR,B-ZO-UN,S-ZB-BR,S-ZG-BR,S-ZF-BR,S-ZD-BO,S-ZB-UN,B-ZD-BR,S-ZG-UN,B-ZO-BR
49,2018.02.21 00:00,GBPJPY,60,86400,BUY,ZH,1,149.469,148.878,591.0,150.382,149.065,1317.0,222.843,31.64,404.0,139.5,149.469,149.065,150.786,BREAK,2018.02.21 06:00,0,,0,,0,,0,NA,Asia,UNTOUCHED,,NA,,148.474,BREAK,2018.02.28 15:00,0,,0,,0,,0,NA,NewYork,BREAK,2018.02.28 16:00,BREAK,2018.02.28 19:00,149.873,BREAK,2018.02.21 00:00,0,,0,,0,,0,NA,Asia,BREAK,2018.02.21 04:00,BREAK,2018.02.21 06:00,148.661,BOUNCE,2018.02.22 16:00,1,2018.02.26 02:00,1,2018.02.26 02:00,0,,2,3d 10h,NewYork,NA,,NA,,S-ZG-BR,B-ZE-UN,S-ZC-BR,S-ZF-BO,S-ZB-BR,B-ZE-UN,B-ZB-UN,B-ZD-BR,S-ZH-BO,B-ZO-UN,B-ZO-UN,S-ZB-BR,S-ZG-BR,S-ZF-BR,S-ZD-BO,S-ZB-UN,B-ZD-BR,S-ZG-UN,B-ZO-BR,B-ZF-BR
50,2018.02.22 00:00,GBPJPY,60,86400,BUY,ZO,0,150.382,149.065,1317.0,150.934,149.414,1520.0,115.414,26.50,968.0,310.8,150.382,149.414,151.902,UNTOUCHED,,0,,0,,0,,0,NA,Other,NA,,NA,,148.097,BREAK,2018.02.28 16:00,0,,0,,0,,0,NA,NewYork,BREAK,2018.03.01 00:00,BREAK,2018.03.02 10:00,151.350,UNTOUCHED,,0,,0,,0,,0,NA,Other,NA,,NA,,148.446,BREAK,2018.02.28 15:00,0,,0,,0,,0,NA,NewYork,BREAK,2018.02.28 19:00,BOUNCE,2018.03.01 18:00,B-ZH-BR,S-ZG-BR,B-ZE-UN,S-ZC-BR,S-ZF-BO,S-ZB-BR,B-ZE-UN,B-ZB-UN,B-ZD-BR,S-ZH-BO,S-ZB-BR,S-ZG-BR,S-ZF-BR,S-ZD-BO,S-ZB-UN,B-ZD-BR,S-ZG-UN,B-ZO-BR,B-ZF-BR,B-ZB-BR
51,2018.02.23 00:00,GBPJPY,60,86400,SELL,ZB,1,150.934,149.414,1520.0,150.177,148.538,1639.0,107.829,49.80,763.0,358.7,150.177,149.414,147.775,BREAK,2018.02.28 16:00,0,,0,,0,,0,NA,NewYork,BREAK,2018.03.01 03:00,BREAK,2018.03.02 09:00,151.697,UNTOUCHED,,0,,0,,0,,0,NA,Other,NA,,NA,,148.651,BOUNCE,2018.02.23 15:00,0,,0,,0,,0,NA,NewYork,NA,,NA,,150.940,UNTOUCHED,,0,,0,,0,,0,NA,Other,NA,,NA,,B-ZO-UN,B-ZH-BR,S-ZG-BR,B-ZE-UN,S-ZC-BR,S-ZF-BO,S-ZB-BR,B-ZE-UN,B-ZB-UN,B-ZD-BR,S-ZG-BR,S-ZF-BR,S-ZD-BO,S-ZB-UN,B-ZD-BR,S-ZG-UN,B-ZO-BR,B-ZF-BR,B-ZB-BR,S-ZG-UN
52,2018.02.28 00:00,GBPJPY,60,86400,SELL,ZG,0,150.010,148.999,1011.0,149.812,148.836,976.0,96.538,19.58,813.0,238.6,149.812,148.999,148.023,BREAK,2018.02.28 16:00,0,,0,,0,,0,NA,NewYork,BREAK,2018.02.28 19:00,BREAK,2018.03.01 22:00,150.823,BREAK,2018.04.06 17:00,0,,0,,0,,0,NA,NewYork,BREAK,2018.04.10 15:00,BREAK,2018.04.12 18:00,148.186,BREAK,2018.02.28 16:00,0,,0,,0,,0,NA,NewYork,BREAK,2018.02.28 19:00,BOUNCE,2018.03.01 18:00,150.625,BREAK,2018.04.05 05:00,0,,0,,0,,0,NA,Asia,BREAK,2018.04.10 11:00,BREAK,2018.04.12 17:00,S-ZB-BR,B-ZO-UN,B-ZH-BR,S-ZG-BR,B-ZE-UN,S-ZC-BR,S-ZF-BO,S-ZB-BR,B-ZE-UN,B-ZB-UN,S-ZF-BR,S-ZD-BO,S-ZB-UN,B-ZD-BR,S-ZG-UN,B-ZO-BR,B-ZF-BR,B-ZB-BR,S-ZG-UN,S-ZC-UN
53,2018.03.01 00:00,GBPJPY,60,86400,SELL,ZF,1,149.812,148.836,976.0,149.516,146.839,2677.0,274.283,30.33,680.0,230.3,149.516,148.836,146.159,BREAK,2018.03.01 22:00,0,,0,,0,,0,NA,Other,BREAK,2018.03.02 15:00,UNTOUCHED,,150.492,BOUNCE,2018.03.27 11:00,1,2018.03.27 15:00,0,,0,,1,4h,London,NA,,NA,,148.156,BREAK,2018.03.01 00:00,0,,0,,0,,0,NA,Asia,BREAK,2018.03.01 01:00,BREAK,2018.03.01 04:00,150.196,BOUNCE,2018.03.21 22:00,1,2018.03.23 02:00,1,2018.03.23 02:00,0,,2,1d 4h,Other,NA,,NA,,S-ZG-BR,S-ZB-BR,B-ZO-UN,B-ZH-BR,S-ZG-BR,B-ZE-UN,S-ZC-BR,S-ZF-BO,S-ZB-BR,B-ZE-UN,S-ZD-BO,S-ZB-UN,B-ZD-BR,S-ZG-UN,B-ZO-BR,B-ZF-BR,B-ZB-BR,S-ZG-UN,S-ZC-UN,S-ZG-UN
54,2018.03.02 00:00,GBPJPY,60,86400,SELL,ZD,1,149.516,146.839,2677.0,147.484,146.007,1477.0,55.174,75.91,645.0,631.8,147.484,146.839,145.362,BOUNCE,2018.03.02 15:00,1,2018.03.05 19:00,1,2018.03.09 18:00,1,2018.03.21 22:00,3,2w 5d,NewYork,NA,,NA,,150.161,BOUNCE,2018.03.21 22:00,1,2018.03.22 16:00,0,,0,,1,18h,Other,NA,,NA,,146.194,BREAK,2018.03.02 00:00,0,,0,,0,,0,NA,Asia,BOUNCE,2018.03.05 18:00,NA,,148.129,BOUNCE,2018.03.09 18:00,0,,0,,0,,0,NA,NewYork,NA,,NA,,S-ZF-BR,S-ZG-BR,S-ZB-BR,B-ZO-UN,B-ZH-BR,S-ZG-BR,B-ZE-UN,S-ZC-BR,S-ZF-BO,S-ZB-BR,S-ZB-UN,B-ZD-BR,S-ZG-UN,B-ZO-BR,B-ZF-BR,B-ZB-BR,S-ZG-UN,S-ZC-UN,S-ZG-UN,B-ZC-BR
55,2018.03.03 00:00,GBPJPY,60,86400,SELL,ZB,1,147.484,146.007,1477.0,146.472,144.982,1490.0,100.880,68.52,465.0,348.6,146.472,146.007,144.517,UNTOUCHED,,0,,0,,0,,0,NA,Other,NA,,NA,,147.949,BOUNCE,2018.03.06 16:00,1,2018.03.06 20:00,0,,0,,1,4h,NewYork,NA,,NA,,145.542,BREAK,2018.03.03 00:00,0,,0,,0,,0,NA,Asia,UNTOUCHED,,NA,,146.937,BOUNCE,2018.03.05 20:00,0,,0,,0,,0,NA,NewYork,NA,,NA,,S-ZD-BO,S-ZF-BR,S-ZG-BR,S-ZB-BR,B-ZO-UN,B-ZH-BR,S-ZG-BR,B-ZE-UN,S-ZC-BR,S-ZF-BO,B-ZD-BR,S-ZG-UN,B-ZO-BR,B-ZF-BR,B-ZB-BR,S-ZG-UN,S-ZC-UN,S-ZG-UN,B-ZC-BR,B-ZF-BR
56,2018.03.07 00:00,GBPJPY,60,86400,BUY,ZD,1,147.123,145.080,2043.0,148.011,146.553,1458.0,71.366,72.10,570.0,482.1,147.123,146.553,148.581,BREAK,2018.03.13 11:00,0,,0,,0,,0,NA,London,BOUNCE,2018.03.14 01:00,NA,,144.510,UNTOUCHED,,0,,0,,0,,0,NA,Other,NA,,NA,,147.693,BREAK,2018.03.09 16:00,0,,0,,0,,0,NA,NewYork,BOUNCE,2018.03.12 06:00,NA,,145.983,UNTOUCHED,,0,,0,,0,,0,NA,Other,NA,,NA,,S-ZB-UN,S-ZD-BO,S-ZF-BR,S-ZG-BR,S-ZB-BR,B-ZO-UN,B-ZH-BR,S-ZG-BR,B-ZE-UN,S-ZC-BR,S-ZG-UN,B-ZO-BR,B-ZF-BR,B-ZB-BR,S-ZG-UN,S-ZC-UN,S-ZG-UN,B-ZC-BR,B-ZF-BR,S-ZD-UN
57,2018.03.08 00:00,GBPJPY,60,86400,SELL,ZG,0,148.011,146.553,1458.0,147.532,146.231,1301.0,89.232,32.85,979.0,344.1,147.532,146.553,145.252,UNTOUCHED,,0,,0,,0,,0,NA,Other,NA,,NA,,148.990,BREAK,2018.03.13 14:00,0,,0,,0,,0,NA,NewYork,BOUNCE,2018.03.22 16:00,NA,,145.574,UNTOUCHED,,0,,0,,0,,0,NA,Other,NA,,NA,,148.511,BOUNCE,2018.03.09 19:00,0,,0,,0,,0,NA,NewYork,NA,,NA,,B-ZD-BR,S-ZB-UN,S-ZD-BO,S-ZF-BR,S-ZG-BR,S-ZB-BR,B-ZO-UN,B-ZH-BR,S-ZG-BR,B-ZE-UN,B-ZO-BR,B-ZF-BR,B-ZB-BR,S-ZG-UN,S-ZC-UN,S-ZG-UN,B-ZC-BR,B-ZF-BR,S-ZD-UN,B-ZE-BR
58,2018.03.09 00:00,GBPJPY,60,86400,BUY,ZO,0,147.532,146.231,1301.0,147.659,146.369,1290.0,99.154,10.61,1163.0,307.0,147.532,146.369,148.822,BREAK,2018.03.13 14:00,0,,0,,0,,0,NA,NewYork,BREAK,2018.03.21 22:00,BREAK,2018.04.09 17:00,145.068,UNTOUCHED,,0,,0,,0,,0,NA,Other,NA,,NA,,148.695,BREAK,2018.03.13 12:00,0,,0,,0,,0,NA,London,BREAK,2018.03.21 22:00,BREAK,2018.04.09 17:00,145.206,UNTOUCHED,,0,,0,,0,,0,NA,Other,NA,,NA,,S-ZG-UN,B-ZD-BR,S-ZB-UN,S-ZD-BO,S-ZF-BR,S-ZG-BR,S-ZB-BR,B-ZO-UN,B-ZH-BR,S-ZG-BR,B-ZF-BR,B-ZB-BR,S-ZG-UN,S-ZC-UN,S-ZG-UN,B-ZC-BR,B-ZF-BR,S-ZD-UN,B-ZE-BR,B-ZO-BR
59,2018.03.10 00:00,GBPJPY,60,86400,BUY,ZF,1,147.659,146.369,1290.0,148.545,146.505,2040.0,158.140,10.54,1154.0,304.4,147.659,146.505,149.699,BREAK,2018.03.20 11:00,0,,0,,0,,0,NA,London,BREAK,2018.04.06 18:00,BREAK,2018.04.12 17:00,145.215,UNTOUCHED,,0,,0,,0,,0,NA,Other,NA,,NA,,148.813,BREAK,2018.03.13 13:00,0,,0,,0,,0,NA,NewYork,BREAK,2018.03.21 22:00,BREAK,2018.04.09 17:00,145.351,UNTOUCHED,,0,,0,,0,,0,NA,Other,NA,,NA,,B-ZO-BR,S-ZG-UN,B-ZD-BR,S-ZB-UN,S-ZD-BO,S-ZF-BR,S-ZG-BR,S-ZB-BR,B-ZO-UN,B-ZH-BR,B-ZB-BR,S-ZG-UN,S-ZC-UN,S-ZG-UN,B-ZC-BR,B-ZF-BR,S-ZD-UN,B-ZE-BR,B-ZO-BR,S-ZB-BR
60,2018.03.14 00:00,GBPJPY,60,86400,BUY,ZB,1,148.211,147.412,799.0,149.380,147.764,1616.0,202.253,44.06,447.0,188.6,148.211,147.764,149.827,BREAK,2018.03.21 22:00,0,,0,,0,,0,NA,Other,BREAK,2018.03.27 11:00,BREAK,2018.04.06 17:00,146.965,UNTOUCHED,,0,,0,,0,,0,NA,Other,NA,,NA,,148.658,BREAK,2018.03.14 00:00,0,,0,,0,,0,NA,Asia,BOUNCE,2018.03.14 11:00,NA,,147.317,BOUNCE,2018.03.16 11:00,1,2018.03.19 14:00,1,2018.03.19 14:00,0,,2,3d 3h,London,NA,,NA,,B-ZF-BR,B-ZO-BR,S-ZG-UN,B-ZD-BR,S-ZB-UN,S-ZD-BO,S-ZF-BR,S-ZG-BR,S-ZB-BR,B-ZO-UN,S-ZG-UN,S-ZC-UN,S-ZG-UN,B-ZC-BR,B-ZF-BR,S-ZD-UN,B-ZE-BR,B-ZO-BR,S-ZB-BR,B-ZF-BR
61,2018.03.15 00:00,GBPJPY,60,86400,SELL,ZG,0,149.380,147.764,1616.0,149.165,147.750,1415.0,87.562,13.30,1401.0,381.4,149.165,147.764,146.349,UNTOUCHED,,0,,0,,0,,0,NA,Other,NA,,NA,,150.781,BREAK,2018.04.06 17:00,0,,0,,0,,0,NA,NewYork,BREAK,2018.04.12 18:00,BOUNCE,2018.04.18 12:00,146.363,UNTOUCHED,,0,,0,,0,,0,NA,Other,NA,,NA,,150.566,BOUNCE,2018.03.29 00:00,0,,0,,0,,0,NA,Asia,NA,,NA,,B-ZB-BR,B-ZF-BR,B-ZO-BR,S-ZG-UN,B-ZD-BR,S-ZB-UN,S-ZD-BO,S-ZF-BR,S-ZG-BR,S-ZB-BR,S-ZC-UN,S-ZG-UN,B-ZC-BR,B-ZF-BR,S-ZD-UN,B-ZE-BR,B-ZO-BR,S-ZB-BR,B-ZF-BR,B-ZH-BR
62,2018.03.16 00:00,GBPJPY,60,86400,SELL,ZC,1,149.165,147.750,1415.0,148.502,147.444,1058.0,74.770,46.86,752.0,333.9,148.502,147.750,146.692,UNTOUCHED,,0,,0,,0,,0,NA,Other,NA,,NA,,149.917,BREAK,2018.03.21 22:00,0,,0,,0,,0,NA,Other,BOUNCE,2018.04.06 03:00,NA,,146.998,UNTOUCHED,,0,,0,,0,,0,NA,Other,NA,,NA,,149.254,BREAK,2018.03.19 16:00,0,,0,,0,,0,NA,NewYork,BOUNCE,2018.03.22 16:00,NA,,S-ZG-UN,B-ZB-BR,B-ZF-BR,B-ZO-BR,S-ZG-UN,B-ZD-BR,S-ZB-UN,S-ZD-BO,S-ZF-BR,S-ZG-BR,S-ZG-UN,B-ZC-BR,B-ZF-BR,S-ZD-UN,B-ZE-BR,B-ZO-BR,S-ZB-BR,B-ZF-BR,B-ZH-BR,B-ZD-BO
63,2018.03.17 00:00,GBPJPY,60,86400,SELL,ZG,0,148.502,147.444,1058.0,148.260,147.247,1013.0,95.747,22.87,816.0,249.7,148.260,147.444,146.431,UNTOUCHED,,0,,0,,0,,0,NA,Other,NA,,NA,,149.318,BREAK,2018.03.19 16:00,0,,0,,0,,0,NA,NewYork,BOUNCE,2018.03.22 13:00,NA,,146.628,UNTOUCHED,,0,,0,,0,,0,NA,Other,NA,,NA,,149.076,BREAK,2018.03.19 15:00,0,,0,,0,,0,NA,NewYork,BREAK,2018.03.21 22:00,BREAK,2018.04.06 17:00,S-ZC-UN,S-ZG-UN,B-ZB-BR,B-ZF-BR,B-ZO-BR,S-ZG-UN,B-ZD-BR,S-ZB-UN,S-ZD-BO,S-ZF-BR,B-ZC-BR,B-ZF-BR,S-ZD-UN,B-ZE-BR,B-ZO-BR,S-ZB-BR,B-ZF-BR,B-ZH-BR,B-ZD-BO,B-ZF-BR
64,2018.03.21 00:00,GBPJPY,60,86400,BUY,ZC,1,149.682,147.047,2635.0,149.792,148.573,1219.0,46.262,57.91,1109.0,621.9,149.682,148.573,150.901,BREAK,2018.04.06 17:00,0,,0,,0,,0,NA,NewYork,BREAK,2018.04.12 18:00,BREAK,2018.04.13 12:00,145.938,UNTOUCHED,,0,,0,,0,,0,NA,Other,NA,,NA,,150.791,BREAK,2018.04.06 17:00,0,,0,,0,,0,NA,NewYork,BREAK,2018.04.12 18:00,BREAK,2018.04.13 11:00,147.464,UNTOUCHED,,0,,0,,0,,0,NA,Other,NA,,NA,,S-ZG-UN,S-ZC-UN,S-ZG-UN,B-ZB-BR,B-ZF-BR,B-ZO-BR,S-ZG-UN,B-ZD-BR,S-ZB-UN,S-ZD-BO,B-ZF-BR,S-ZD-UN,B-ZE-BR,B-ZO-BR,S-ZB-BR,B-ZF-BR,B-ZH-BR,B-ZD-BO,B-ZF-BR,B-ZE-BR
65,2018.03.22 00:00,GBPJPY,60,86400,BUY,ZF,0,149.792,148.573,1219.0,150.306,148.951,1355.0,111.157,31.01,841.0,287.7,149.792,148.951,151.147,BREAK,2018.04.06 18:00,0,,0,,0,,0,NA,NewYork,BREAK,2018.04.12 15:00,BREAK,2018.04.13 10:00,147.732,BOUNCE,2018.03.23 02:00,1,2018.03.26 14:00,1,2018.04.05 05:00,1,2018.04.06 18:00,3,2w 0d,Asia,NA,,NA,,150.633,BREAK,2018.04.05 05:00,0,,0,,0,,0,NA,Asia,BREAK,2018.04.10 15:00,BREAK,2018.04.12 18:00,148.110,BREAK,2018.03.23 02:00,0,,0,,0,,0,NA,Asia,UNTOUCHED,,NA,,B-ZC-BR,S-ZG-UN,S-ZC-UN,S-ZG-UN,B-ZB-BR,B-ZF-BR,B-ZO-BR,S-ZG-UN,B-ZD-BR,S-ZB-UN,S-ZD-UN,B-ZE-BR,B-ZO-BR,S-ZB-BR,B-ZF-BR,B-ZH-BR,B-ZD-BO,B-ZF-BR,B-ZE-BR,S-ZF-BO
66,2018.03.24 00:00,GBPJPY,60,86400,SELL,ZD,1,150.182,148.271,1911.0,148.971,147.670,1301.0,68.080,63.37,700.0,451.0,148.971,148.271,146.970,UNTOUCHED,,0,,0,,0,,0,NA,Other,NA,,NA,,150.882,BREAK,2018.04.06 17:00,0,,0,,0,,0,NA,NewYork,BREAK,2018.04.10 19:00,BREAK,2018.04.12 18:00,147.571,PENDING,2018.05.04 16:00,0,,0,,0,,0,NA,NewYork,NA,,NA,,149.671,BREAK,2018.03.26 22:00,0,,0,,0,,0,NA,Other,BOUNCE,2018.03.27 12:00,NA,,B-ZF-BR,B-ZC-BR,S-ZG-UN,S-ZC-UN,S-ZG-UN,B-ZB-BR,B-ZF-BR,B-ZO-BR,S-ZG-UN,B-ZD-BR,B-ZE-BR,B-ZO-BR,S-ZB-BR,B-ZF-BR,B-ZH-BR,B-ZD-BO,B-ZF-BR,B-ZE-BR,S-ZF-BO,S-ZD-BR
67,2018.03.28 00:00,GBPJPY,60,86400,BUY,ZE,1,149.783,147.879,1904.0,150.495,148.933,1562.0,82.038,55.36,850.0,449.3,149.783,148.933,151.345,BREAK,2018.04.09 17:00,0,,0,,0,,0,NA,NewYork,BOUNCE,2018.04.11 15:00,NA,,147.029,UNTOUCHED,,0,,0,,0,,0,NA,Other,NA,,NA,,150.633,BREAK,2018.04.05 05:00,0,,0,,0,,0,NA,Asia,BREAK,2018.04.10 19:00,BREAK,2018.04.12 18:00,148.083,BREAK,2018.05.03 18:00,0,,0,,0,,0,NA,NewYork,BOUNCE,2018.05.07 16:00,NA,,S-ZD-UN,B-ZF-BR,B-ZC-BR,S-ZG-UN,S-ZC-UN,S-ZG-UN,B-ZB-BR,B-ZF-BR,B-ZO-BR,S-ZG-UN,B-ZO-BR,S-ZB-BR,B-ZF-BR,B-ZH-BR,B-ZD-BO,B-ZF-BR,B-ZE-BR,S-ZF-BO,S-ZD-BR,S-ZB-BO
68,2018.03.30 00:00,GBPJPY,60,86400,BUY,ZO,0,150.543,148.909,1634.0,150.593,149.023,1570.0,96.083,6.98,1520.0,385.6,150.543,149.023,152.113,BREAK,2018.04.10 19:00,0,,0,,0,,0,NA,NewYork,BOUNCE,2018.04.18 13:00,NA,,147.389,BOUNCE,2018.05.04 16:00,0,,0,,0,,0,NA,NewYork,NA,,NA,,152.063,BREAK,2018.04.10 19:00,0,,0,,0,,0,NA,NewYork,BOUNCE,2018.04.18 13:00,NA,,147.503,BREAK,2018.05.04 16:00,0,,0,,0,,0,NA,NewYork,BREAK,2018.05.25 17:00,BREAK,2018.05.29 11:00,B-ZE-BR,S-ZD-UN,B-ZF-BR,B-ZC-BR,S-ZG-UN,S-ZC-UN,S-ZG-UN,B-ZB-BR,B-ZF-BR,B-ZO-BR,S-ZB-BR,B-ZF-BR,B-ZH-BR,B-ZD-BO,B-ZF-BR,B-ZE-BR,S-ZF-BO,S-ZD-BR,S-ZB-BO,B-ZH-BO
69,2018.03.31 00:00,GBPJPY,60,86400,SELL,ZB,1,150.593,149.023,1570.0,149.523,148.812,711.0,45.287,68.15,500.0,370.5,149.523,149.023,148.312,BREAK,2018.05.03 18:00,0,,0,,0,,0,NA,NewYork,BOUNCE,2018.05.03 22:00,NA,,151.093,BOUNCE,2018.04.06 18:00,1,2018.04.30 13:00,1,2018.05.03 15:00,1,2018.05.03 18:00,3,3w 6d,NewYork,NA,,NA,,148.523,BOUNCE,2018.04.02 21:00,1,2018.04.04 05:00,1,2018.04.06 18:00,0,,2,3d 21h,Other,NA,,NA,,150.023,BOUNCE,2018.04.04 05:00,1,2018.05.03 15:00,1,2018.05.03 15:00,0,,2,4w 1d,Asia,NA,,NA,,B-ZO-BR,B-ZE-BR,S-ZD-UN,B-ZF-BR,B-ZC-BR,S-ZG-UN,S-ZC-UN,S-ZG-UN,B-ZB-BR,B-ZF-BR,B-ZF-BR,B-ZH-BR,B-ZD-BO,B-ZF-BR,B-ZE-BR,S-ZF-BO,S-ZD-BR,S-ZB-BO,B-ZH-BO,B-ZB-UN
70,2018.04.04 00:00,GBPJPY,60,86400,BUY,ZF,0,149.672,148.382,1290.0,149.958,148.493,1465.0,113.566,8.60,1179.0,304.4,149.672,148.493,151.137,BREAK,2018.04.06 18:00,0,,0,,0,,0,NA,NewYork,BREAK,2018.04.12 18:00,BREAK,2018.04.13 12:00,147.203,BOUNCE,2018.05.04 17:00,0,,0,,0,,0,NA,NewYork,NA,,NA,,150.851,BREAK,2018.04.06 17:00,0,,0,,0,,0,NA,NewYork,BREAK,2018.04.12 17:00,BREAK,2018.04.13 11:00,147.314,BOUNCE,2018.05.04 16:00,0,,0,,0,,0,NA,NewYork,NA,,NA,,S-ZB-BR,B-ZO-BR,B-ZE-BR,S-ZD-UN,B-ZF-BR,B-ZC-BR,S-ZG-UN,S-ZC-UN,S-ZG-UN,B-ZB-BR,B-ZH-BR,B-ZD-BO,B-ZF-BR,B-ZE-BR,S-ZF-BO,S-ZD-BR,S-ZB-BO,B-ZH-BO,B-ZB-UN,S-ZD-BO
71,2018.04.05 00:00,GBPJPY,60,86400,BUY,ZH,0,149.958,148.493,1465.0,150.410,148.798,1612.0,110.034,20.82,1160.0,345.7,149.958,148.798,151.570,BREAK,2018.04.10 10:00,0,,0,,0,,0,NA,London,BREAK,2018.04.13 10:00,UNTOUCHED,,147.333,BOUNCE,2018.05.04 16:00,0,,0,,0,,0,NA,NewYork,NA,,NA,,151.118,BREAK,2018.04.06 18:00,0,,0,,0,,0,NA,NewYork,BREAK,2018.04.12 18:00,BREAK,2018.04.13 12:00,147.638,BREAK,2018.05.03 18:00,0,,0,,0,,0,NA,NewYork,BREAK,2018.05.23 15:00,BREAK,2018.05.29 05:00,B-ZF-BR,S-ZB-BR,B-ZO-BR,B-ZE-BR,S-ZD-UN,B-ZF-BR,B-ZC-BR,S-ZG-UN,S-ZC-UN,S-ZG-UN,B-ZD-BO,B-ZF-BR,B-ZE-BR,S-ZF-BO,S-ZD-BR,S-ZB-BO,B-ZH-BO,B-ZB-UN,S-ZD-BO,S-ZF-BR
72,2018.04.06 00:00,GBPJPY,60,86400,BUY,ZD,1,150.410,148.798,1612.0,150.685,149.959,726.0,45.037,72.02,451.0,380.4,150.410,149.959,151.136,BOUNCE,2018.04.06 18:00,1,2018.04.28 00:00,1,2018.05.01 17:00,1,2018.05.03 18:00,3,3w 6d,NewYork,NA,,NA,,148.347,BREAK,2018.05.03 18:00,0,,0,,0,,0,NA,NewYork,BOUNCE,2018.05.03 22:00,NA,,150.861,BOUNCE,2018.04.06 17:00,1,2018.05.01 17:00,1,2018.05.03 18:00,0,,2,3w 6d,NewYork,NA,,NA,,149.508,BOUNCE,2018.05.01 17:00,0,,0,,0,,0,NA,NewYork,NA,,NA,,B-ZH-BR,B-ZF-BR,S-ZB-BR,B-ZO-BR,B-ZE-BR,S-ZD-UN,B-ZF-BR,B-ZC-BR,S-ZG-UN,S-ZC-UN,B-ZF-BR,B-ZE-BR,S-ZF-BO,S-ZD-BR,S-ZB-BO,B-ZH-BO,B-ZB-UN,S-ZD-BO,S-ZF-BR,S-ZF-BR
73,2018.04.11 00:00,GBPJPY,60,86400,BUY,ZF,1,151.492,150.490,1002.0,152.136,150.671,1465.0,146.208,18.06,821.0,236.5,151.492,150.671,152.957,BREAK,2018.04.13 05:00,0,,0,,0,,0,NA,Asia,BOUNCE,2018.04.13 22:00,NA,,149.669,BREAK,2018.05.01 17:00,0,,0,,0,,0,NA,NewYork,BREAK,2018.05.03 15:00,BREAK,2018.05.03 18:00,152.313,BREAK,2018.04.12 17:00,0,,0,,0,,0,NA,NewYork,BREAK,2018.04.13 10:00,UNTOUCHED,,149.850,BOUNCE,2018.04.30 14:00,0,,0,,0,,0,NA,NewYork,NA,,NA,,B-ZD-BO,B-ZH-BR,B-ZF-BR,S-ZB-BR,B-ZO-BR,B-ZE-BR,S-ZD-UN,B-ZF-BR,B-ZC-BR,S-ZG-UN,B-ZE-BR,S-ZF-BO,S-ZD-BR,S-ZB-BO,B-ZH-BO,B-ZB-UN,S-ZD-BO,S-ZF-BR,S-ZF-BR,S-ZD-BO
74,2018.04.12 00:00,GBPJPY,60,86400,BUY,ZE,1,152.136,150.671,1465.0,152.243,151.276,967.0,66.007,41.30,860.0,345.7,152.136,151.276,153.103,BREAK,2018.04.13 10:00,0,,0,,0,,0,NA,London,UNTOUCHED,,NA,,149.811,BREAK,2018.05.01 13:00,0,,0,,0,,0,NA,NewYork,BREAK,2018.05.03 15:00,BREAK,2018.05.03 18:00,152.996,BREAK,2018.04.13 05:00,0,,0,,0,,0,NA,Asia,UNTOUCHED,,NA,,150.416,BREAK,2018.04.27 15:00,0,,0,,0,,0,NA,NewYork,BREAK,2018.05.01 19:00,BREAK,2018.05.03 18:00,B-ZF-BR,B-ZD-BO,B-ZH-BR,B-ZF-BR,S-ZB-BR,B-ZO-BR,B-ZE-BR,S-ZD-UN,B-ZF-BR,B-ZC-BR,S-ZF-BO,S-ZD-BR,S-ZB-BO,B-ZH-BO,B-ZB-UN,S-ZD-BO,S-ZF-BR,S-ZF-BR,S-ZD-BO,S-ZC-BO
75,2018.04.19 00:00,GBPJPY,60,86400,SELL,ZF,1,153.753,152.782,971.0,153.628,152.058,1570.0,161.689,12.87,846.0,229.2,153.628,152.782,151.212,BOUNCE,2018.04.19 21:00,0,,0,,0,,0,NA,Other,NA,,NA,,154.599,UNTOUCHED,,0,,0,,0,,0,NA,Other,NA,,NA,,151.936,BREAK,2018.04.19 21:00,0,,0,,0,,0,NA,Other,BREAK,2018.04.20 21:00,BREAK,2018.04.30 13:00,154.474,UNTOUCHED,,0,,0,,0,,0,NA,Other,NA,,NA,,B-ZE-BR,B-ZF-BR,B-ZD-BO,B-ZH-BR,B-ZF-BR,S-ZB-BR,B-ZO-BR,B-ZE-BR,S-ZD-UN,B-ZF-BR,S-ZD-BR,S-ZB-BO,B-ZH-BO,B-ZB-UN,S-ZD-BO,S-ZF-BR,S-ZF-BR,S-ZD-BO,S-ZC-BO,S-ZG-BR
76,2018.04.20 00:00,GBPJPY,60,86400,SELL,ZD,1,153.628,152.058,1570.0,152.958,151.085,1873.0,119.299,42.68,900.0,370.5,152.958,152.058,150.185,BREAK,2018.04.30 01:00,0,,0,,0,,0,NA,Asia,BREAK,2018.05.03 13:00,BREAK,2018.05.03 18:00,154.528,UNTOUCHED,,0,,0,,0,,0,NA,Other,NA,,NA,,151.158,BREAK,2018.04.20 00:00,0,,0,,0,,0,NA,Asia,BREAK,2018.04.30 14:00,BREAK,2018.05.03 12:00,153.858,UNTOUCHED,,0,,0,,0,,0,NA,Other,NA,,NA,,S-ZF-BO,B-ZE-BR,B-ZF-BR,B-ZD-BO,B-ZH-BR,B-ZF-BR,S-ZB-BR,B-ZO-BR,B-ZE-BR,S-ZD-UN,S-ZB-BO,B-ZH-BO,B-ZB-UN,S-ZD-BO,S-ZF-BR,S-ZF-BR,S-ZD-BO,S-ZC-BO,S-ZG-BR,B-ZB-BO
77,2018.04.21 00:00,GBPJPY,60,86400,SELL,ZB,1,152.958,151.085,1873.0,151.702,150.709,993.0,53.017,67.06,617.0,442.0,151.702,151.085,150.092,BOUNCE,2018.04.30 13:00,0,,0,,0,,0,NA,NewYork,NA,,NA,,153.575,UNTOUCHED,,0,,0,,0,,0,NA,Other,NA,,NA,,150.468,BREAK,2018.04.27 15:00,0,,0,,0,,0,NA,NewYork,BOUNCE,2018.04.30 18:00,NA,,152.319,BOUNCE,2018.04.24 17:00,1,2018.04.27 15:00,1,2018.04.27 15:00,0,,2,2d 22h,NewYork,NA,,NA,,S-ZD-BR,S-ZF-BO,B-ZE-BR,B-ZF-BR,B-ZD-BO,B-ZH-BR,B-ZF-BR,S-ZB-BR,B-ZO-BR,B-ZE-BR,B-ZH-BO,B-ZB-UN,S-ZD-BO,S-ZF-BR,S-ZF-BR,S-ZD-BO,S-ZC-BO,S-ZG-BR,B-ZB-BO,B-ZB-BO
78,2018.04.24 00:00,GBPJPY,60,86400,BUY,ZH,1,150.918,150.691,227.0,151.640,150.731,909.0,400.441,17.62,187.0,53.6,150.918,150.731,151.827,BOUNCE,2018.04.24 12:00,1,2018.04.27 12:00,1,2018.04.27 14:00,1,2018.04.27 14:00,3,3d 2h,London,NA,,NA,,150.504,BOUNCE,2018.04.27 14:00,0,,0,,0,,0,NA,NewYork,NA,,NA,,151.105,BREAK,2018.04.24 00:00,0,,0,,0,,0,NA,Asia,BREAK,2018.04.24 01:00,BREAK,2018.04.24 02:00,150.544,BREAK,2018.04.27 14:00,0,,0,,0,,0,NA,NewYork,BOUNCE,2018.04.27 15:00,NA,,S-ZB-BO,S-ZD-BR,S-ZF-BO,B-ZE-BR,B-ZF-BR,B-ZD-BO,B-ZH-BR,B-ZF-BR,S-ZB-BR,B-ZO-BR,B-ZB-UN,S-ZD-BO,S-ZF-BR,S-ZF-BR,S-ZD-BO,S-ZC-BO,S-ZG-BR,B-ZB-BO,B-ZB-BO,S-ZG-BR
79,2018.04.25 00:00,GBPJPY,60,86400,BUY,ZB,1,151.640,150.731,909.0,152.599,151.406,1193.0,131.243,74.26,234.0,214.5,151.640,151.406,152.833,UNTOUCHED,,0,,0,,0,,0,NA,Other,NA,,NA,,150.497,BOUNCE,2018.04.27 14:00,0,,0,,0,,0,NA,NewYork,NA,,NA,,151.874,BREAK,2018.04.25 00:00,0,,0,,0,,0,NA,Asia,BREAK,2018.04.25 03:00,BOUNCE,2018.04.25 06:00,151.172,BREAK,2018.04.27 12:00,0,,0,,0,,0,NA,London,BOUNCE,2018.04.27 13:00,NA,,B-ZH-BO,S-ZB-BO,S-ZD-BR,S-ZF-BO,B-ZE-BR,B-ZF-BR,B-ZD-BO,B-ZH-BR,B-ZF-BR,S-ZB-BR,S-ZD-BO,S-ZF-BR,S-ZF-BR,S-ZD-BO,S-ZC-BO,S-ZG-BR,B-ZB-BO,B-ZB-BO,S-ZG-BR,B-ZB-UN
80,2018.04.28 00:00,GBPJPY,60,86400,SELL,ZD,1,152.729,151.973,756.0,152.279,150.252,2027.0,268.122,59.52,306.0,178.4,152.279,151.973,149.946,BOUNCE,2018.04.30 14:00,1,2018.04.30 18:00,0,,0,,1,4h,NewYork,NA,,NA,,153.035,UNTOUCHED,,0,,0,,0,,0,NA,Other,NA,,NA,,151.667,BREAK,2018.04.28 00:00,0,,0,,0,,0,NA,Asia,BREAK,2018.04.30 01:00,BREAK,2018.04.30 02:00,152.585,UNTOUCHED,,0,,0,,0,,0,NA,Other,NA,,NA,,B-ZB-UN,B-ZH-BO,S-ZB-BO,S-ZD-BR,S-ZF-BO,B-ZE-BR,B-ZF-BR,B-ZD-BO,B-ZH-BR,B-ZF-BR,S-ZF-BR,S-ZF-BR,S-ZD-BO,S-ZC-BO,S-ZG-BR,B-ZB-BO,B-ZB-BO,S-ZG-BR,B-ZB-UN,B-ZO-UN
81,2018.05.02 00:00,GBPJPY,60,86400,SELL,ZF,1,150.843,149.836,1007.0,150.633,149.147,1486.0,147.567,20.85,797.0,237.7,150.633,149.836,148.350,BREAK,2018.05.03 18:00,0,,0,,0,,0,NA,NewYork,BREAK,2018.05.04 16:00,BREAK,2018.05.23 13:00,151.640,UNTOUCHED,,0,,0,,0,,0,NA,Other,NA,,NA,,149.039,BREAK,2018.05.02 23:00,0,,0,,0,,0,NA,Other,BREAK,2018.05.03 18:00,BREAK,2018.05.04 17:00,151.430,UNTOUCHED,,0,,0,,0,,0,NA,Other,NA,,NA,,S-ZD-BO,B-ZB-UN,B-ZH-BO,S-ZB-BO,S-ZD-BR,S-ZF-BO,B-ZE-BR,B-ZF-BR,B-ZD-BO,B-ZH-BR,S-ZF-BR,S-ZD-BO,S-ZC-BO,S-ZG-BR,B-ZB-BO,B-ZB-BO,S-ZG-BR,B-ZB-UN,B-ZO-UN,S-ZB-BO
82,2018.05.03 00:00,GBPJPY,60,86400,SELL,ZF,0,150.633,149.147,1486.0,150.124,149.006,1118.0,75.236,34.25,977.0,350.7,150.124,149.147,148.029,BREAK,2018.05.03 18:00,0,,0,,0,,0,NA,NewYork,BOUNCE,2018.05.09 04:00,NA,,151.610,UNTOUCHED,,0,,0,,0,,0,NA,Other,NA,,NA,,148.170,BREAK,2018.05.03 18:00,0,,0,,0,,0,NA,NewYork,BOUNCE,2018.05.07 18:00,NA,,151.101,UNTOUCHED,,0,,0,,0,,0,NA,Other,NA,,NA,,S-ZF-BR,S-ZD-BO,B-ZB-UN,B-ZH-BO,S-ZB-BO,S-ZD-BR,S-ZF-BO,B-ZE-BR,B-ZF-BR,B-ZD-BO,S-ZD-BO,S-ZC-BO,S-ZG-BR,B-ZB-BO,B-ZB-BO,S-ZG-BR,B-ZB-UN,B-ZO-UN,S-ZB-BO,S-ZC-BR
83,2018.05.04 00:00,GBPJPY,60,86400,SELL,ZD,1,150.124,149.006,1118.0,149.465,147.600,1865.0,166.816,58.94,459.0,263.8,149.465,149.006,147.141,BOUNCE,2018.05.04 17:00,1,2018.05.07 16:00,1,2018.05.18 04:00,0,,2,1w 6d,NewYork,NA,,NA,,150.583,UNTOUCHED,,0,,0,,0,,0,NA,Other,NA,,NA,,148.547,BREAK,2018.05.04 00:00,0,,0,,0,,0,NA,Asia,BREAK,2018.05.04 11:00,BREAK,2018.05.04 16:00,149.924,BOUNCE,2018.05.18 04:00,1,2018.05.23 05:00,1,2018.05.23 05:00,0,,2,5d 1h,Asia,NA,,NA,,S-ZF-BR,S-ZF-BR,S-ZD-BO,B-ZB-UN,B-ZH-BO,S-ZB-BO,S-ZD-BR,S-ZF-BO,B-ZE-BR,B-ZF-BR,S-ZC-BO,S-ZG-BR,B-ZB-BO,B-ZB-BO,S-ZG-BR,B-ZB-UN,B-ZO-UN,S-ZB-BO,S-ZC-BR,S-ZG-BR
84,2018.05.05 00:00,GBPJPY,60,86400,SELL,ZC,1,149.465,147.600,1865.0,148.294,147.058,1236.0,66.273,62.79,694.0,440.1,148.294,147.600,146.364,BOUNCE,2018.05.23 13:00,1,2018.06.06 11:00,0,,0,,1,1w 6d,NewYork,NA,,NA,,150.159,UNTOUCHED,,0,,0,,0,,0,NA,Other,NA,,NA,,146.906,BREAK,2018.05.23 12:00,0,,0,,0,,0,NA,London,BOUNCE,2018.05.23 17:00,NA,,148.988,BOUNCE,2018.05.09 15:00,1,2018.05.23 12:00,1,2018.05.23 12:00,0,,2,1w 6d,NewYork,NA,,NA,,S-ZD-BO,S-ZF-BR,S-ZF-BR,S-ZD-BO,B-ZB-UN,B-ZH-BO,S-ZB-BO,S-ZD-BR,S-ZF-BO,B-ZE-BR,S-ZG-BR,B-ZB-BO,B-ZB-BO,S-ZG-BR,B-ZB-UN,B-ZO-UN,S-ZB-BO,S-ZC-BR,S-ZG-BR,S-ZB-UN
85,2018.05.09 00:00,GBPJPY,60,86400,SELL,ZG,0,148.263,147.341,922.0,148.076,147.050,1026.0,111.280,20.28,735.0,217.6,148.076,147.341,146.315,BREAK,2018.05.23 13:00,0,,0,,0,,0,NA,NewYork,BREAK,2018.05.25 17:00,BREAK,2018.05.29 10:00,148.998,BREAK,2018.05.09 15:00,0,,0,,0,,0,NA,NewYork,BREAK,2018.05.18 05:00,UNTOUCHED,,146.606,BREAK,2018.05.23 12:00,0,,0,,0,,0,NA,London,BOUNCE,2018.05.25 05:00,NA,,148.811,BREAK,2018.05.09 15:00,0,,0,,0,,0,NA,NewYork,BREAK,2018.05.17 12:00,UNTOUCHED,,S-ZC-BO,S-ZD-BO,S-ZF-BR,S-ZF-BR,S-ZD-BO,B-ZB-UN,B-ZH-BO,S-ZB-BO,S-ZD-BR,S-ZF-BO,B-ZB-BO,B-ZB-BO,S-ZG-BR,B-ZB-UN,B-ZO-UN,S-ZB-BO,S-ZC-BR,S-ZG-BR,S-ZB-UN,B-ZO-BR
86,2018.05.10 00:00,GBPJPY,60,86400,BUY,ZB,1,148.076,147.050,1026.0,149.195,147.698,1497.0,145.906,63.16,378.0,242.1,148.076,147.698,149.573,BOUNCE,2018.05.17 04:00,1,2018.05.21 21:00,1,2018.05.23 11:00,1,2018.05.23 12:00,3,6d 8h,Asia,NA,,NA,,146.672,BOUNCE,2018.05.23 12:00,1,2018.06.06 04:00,0,,0,,1,1w 6d,London,NA,,NA,,148.454,BREAK,2018.05.10 00:00,0,,0,,0,,0,NA,Asia,BREAK,2018.05.10 10:00,BOUNCE,2018.05.10 11:00,147.320,BOUNCE,2018.05.23 11:00,0,,0,,0,,0,NA,London,NA,,NA,,S-ZG-BR,S-ZC-BO,S-ZD-BO,S-ZF-BR,S-ZF-BR,S-ZD-BO,B-ZB-UN,B-ZH-BO,S-ZB-BO,S-ZD-BR,B-ZB-BO,S-ZG-BR,B-ZB-UN,B-ZO-UN,S-ZB-BO,S-ZC-BR,S-ZG-BR,S-ZB-UN,B-ZO-BR,B-ZF-BR
87,2018.05.16 00:00,GBPJPY,60,86400,BUY,ZB,1,149.068,147.915,1153.0,149.197,148.376,821.0,71.206,39.98,692.0,272.1,149.068,148.376,149.889,BOUNCE,2018.05.18 04:00,1,2018.05.23 05:00,1,2018.05.23 11:00,1,2018.05.23 11:00,3,5d 7h,Asia,NA,,NA,,147.223,BREAK,2018.05.23 11:00,0,,0,,0,,0,NA,London,BREAK,2018.05.23 15:00,BOUNCE,2018.05.25 04:00,149.760,BOUNCE,2018.05.17 12:00,1,2018.05.23 11:00,1,2018.05.23 11:00,0,,2,5d 23h,London,NA,,NA,,147.684,BREAK,2018.05.23 11:00,0,,0,,0,,0,NA,London,BREAK,2018.05.23 12:00,BREAK,2018.05.23 15:00,B-ZB-BO,S-ZG-BR,S-ZC-BO,S-ZD-BO,S-ZF-BR,S-ZF-BR,S-ZD-BO,B-ZB-UN,B-ZH-BO,S-ZB-BO,S-ZG-BR,B-ZB-UN,B-ZO-UN,S-ZB-BO,S-ZC-BR,S-ZG-BR,S-ZB-UN,B-ZO-BR,B-ZF-BR,B-ZF-BO
88,2018.05.17 00:00,GBPJPY,60,86400,SELL,ZG,0,149.197,148.376,821.0,149.123,148.181,942.0,114.738,9.01,747.0,193.8,149.123,148.376,147.434,BREAK,2018.05.23 11:00,0,,0,,0,,0,NA,London,BREAK,2018.05.23 13:00,BREAK,2018.05.24 18:00,149.944,BOUNCE,2018.05.18 05:00,1,2018.05.23 05:00,1,2018.05.23 11:00,1,2018.05.23 11:00,3,5d 6h,Asia,NA,,NA,,147.629,BREAK,2018.05.23 11:00,0,,0,,0,,0,NA,London,BREAK,2018.05.23 12:00,BOUNCE,2018.05.23 17:00,149.870,BOUNCE,2018.05.18 04:00,1,2018.05.23 11:00,1,2018.05.23 11:00,0,,2,5d 7h,Asia,NA,,NA,,B-ZB-BO,B-ZB-BO,S-ZG-BR,S-ZC-BO,S-ZD-BO,S-ZF-BR,S-ZF-BR,S-ZD-BO,B-ZB-UN,B-ZH-BO,B-ZB-UN,B-ZO-UN,S-ZB-BO,S-ZC-BR,S-ZG-BR,S-ZB-UN,B-ZO-BR,B-ZF-BR,B-ZF-BO,B-ZO-BO
89,2018.05.18 00:00,GBPJPY,60,86400,BUY,ZB,1,149.123,148.181,942.0,149.834,148.762,1072.0,113.800,61.68,361.0,222.3,149.123,148.762,150.195,UNTOUCHED,,0,,0,,0,,0,NA,Other,NA,,NA,,147.820,BREAK,2018.05.23 10:00,0,,0,,0,,0,NA,London,BREAK,2018.05.23 12:00,BREAK,2018.05.23 13:00,149.484,BREAK,2018.05.18 00:00,0,,0,,0,,0,NA,Asia,BOUNCE,2018.05.18 16:00,NA,,148.401,BREAK,2018.05.23 05:00,0,,0,,0,,0,NA,Asia,BREAK,2018.05.23 10:00,BREAK,2018.05.23 11:00,S-ZG-BR,B-ZB-BO,B-ZB-BO,S-ZG-BR,S-ZC-BO,S-ZD-BO,S-ZF-BR,S-ZF-BR,S-ZD-BO,B-ZB-UN,B-ZO-UN,S-ZB-BO,S-ZC-BR,S-ZG-BR,S-ZB-UN,B-ZO-BR,B-ZF-BR,B-ZF-BO,B-ZO-BO,S-ZB-BR
90,2018.05.19 00:00,GBPJPY,60,86400,BUY,ZO,0,149.834,148.762,1072.0,150.008,149.090,918.0,85.634,30.60,744.0,253.0,149.834,149.090,150.752,UNTOUCHED,,0,,0,,0,,0,NA,Other,NA,,NA,,148.018,BREAK,2018.05.23 07:00,0,,0,,0,,0,NA,London,BREAK,2018.05.23 12:00,BREAK,2018.05.23 13:00,150.578,UNTOUCHED,,0,,0,,0,,0,NA,Other,NA,,NA,,148.346,BREAK,2018.05.23 05:00,0,,0,,0,,0,NA,Asia,BREAK,2018.05.23 11:00,BREAK,2018.05.23 13:00,B-ZB-UN,S-ZG-BR,B-ZB-BO,B-ZB-BO,S-ZG-BR,S-ZC-BO,S-ZD-BO,S-ZF-BR,S-ZF-BR,S-ZD-BO,S-ZB-BO,S-ZC-BR,S-ZG-BR,S-ZB-UN,B-ZO-BR,B-ZF-BR,B-ZF-BO,B-ZO-BO,S-ZB-BR,B-ZC-BO
91,2018.05.24 00:00,GBPJPY,60,86400,SELL,ZB,1,149.726,148.767,959.0,149.025,145.944,3081.0,321.272,73.10,258.0,226.3,149.025,148.767,145.686,BOUNCE,2018.05.25 16:00,1,2018.06.01 17:00,0,,0,,1,1w 0d,NewYork,NA,,NA,,149.984,UNTOUCHED,,0,,0,,0,,0,NA,Other,NA,,NA,,148.509,BREAK,2018.05.24 00:00,0,,0,,0,,0,NA,Asia,BREAK,2018.05.24 01:00,BREAK,2018.05.24 02:00,149.283,UNTOUCHED,,0,,0,,0,,0,NA,Other,NA,,NA,,B-ZO-UN,B-ZB-UN,S-ZG-BR,B-ZB-BO,B-ZB-BO,S-ZG-BR,S-ZC-BO,S-ZD-BO,S-ZF-BR,S-ZF-BR,S-ZC-BR,S-ZG-BR,S-ZB-UN,B-ZO-BR,B-ZF-BR,B-ZF-BO,B-ZO-BO,S-ZB-BR,B-ZC-BO,S-ZF-BR
92,2018.05.25 00:00,GBPJPY,60,86400,SELL,ZC,1,149.025,145.944,3081.0,147.266,145.688,1578.0,51.217,57.09,1322.0,727.1,147.266,145.944,144.366,BREAK,2018.05.29 11:00,0,,0,,0,,0,NA,London,UNTOUCHED,,NA,,150.347,UNTOUCHED,,0,,0,,0,,0,NA,Other,NA,,NA,,144.622,BREAK,2018.05.29 11:00,0,,0,,0,,0,NA,London,BOUNCE,2018.05.30 12:00,NA,,148.588,UNTOUCHED,,0,,0,,0,,0,NA,Other,NA,,NA,,S-ZB-BO,B-ZO-UN,B-ZB-UN,S-ZG-BR,B-ZB-BO,B-ZB-BO,S-ZG-BR,S-ZC-BO,S-ZD-BO,S-ZF-BR,S-ZG-BR,S-ZB-UN,B-ZO-BR,B-ZF-BR,B-ZF-BO,B-ZO-BO,S-ZB-BR,B-ZC-BO,S-ZF-BR,S-ZE-BR
93,2018.05.26 00:00,GBPJPY,60,86400,SELL,ZG,0,147.266,145.688,1578.0,146.724,145.278,1446.0,91.635,34.35,1036.0,372.4,146.724,145.688,144.242,BREAK,2018.05.29 11:00,0,,0,,0,,0,NA,London,UNTOUCHED,,NA,,148.302,UNTOUCHED,,0,,0,,0,,0,NA,Other,NA,,NA,,144.652,BREAK,2018.05.29 10:00,0,,0,,0,,0,NA,London,BREAK,2018.05.29 12:00,UNTOUCHED,,147.760,BOUNCE,2018.06.06 11:00,1,2018.06.19 11:00,1,2018.06.19 11:00,0,,2,1w 6d,London,NA,,NA,,S-ZC-BR,S-ZB-BO,B-ZO-UN,B-ZB-UN,S-ZG-BR,B-ZB-BO,B-ZB-BO,S-ZG-BR,S-ZC-BO,S-ZD-BO,S-ZB-UN,B-ZO-BR,B-ZF-BR,B-ZF-BO,B-ZO-BO,S-ZB-BR,B-ZC-BO,S-ZF-BR,S-ZE-BR,S-ZB-BR
94,2018.05.30 00:00,GBPJPY,60,86400,SELL,ZB,1,146.180,145.319,861.0,145.708,143.194,2514.0,291.986,54.82,389.0,203.2,145.708,145.319,142.805,UNTOUCHED,,0,,0,,0,,0,NA,Other,NA,,NA,,146.569,BOUNCE,2018.06.04 04:00,1,2018.06.19 05:00,1,2018.06.19 10:00,0,,2,2w 1d,Asia,NA,,NA,,144.930,BREAK,2018.05.30 00:00,0,,0,,0,,0,NA,Asia,BREAK,2018.05.30 01:00,BREAK,2018.05.30 02:00,146.097,BOUNCE,2018.06.01 16:00,1,2018.06.19 10:00,1,2018.06.19 10:00,0,,2,2w 3d,NewYork,NA,,NA,,S-ZG-BR,S-ZC-BR,S-ZB-BO,B-ZO-UN,B-ZB-UN,S-ZG-BR,B-ZB-BO,B-ZB-BO,S-ZG-BR,S-ZC-BO,B-ZO-BR,B-ZF-BR,B-ZF-BO,B-ZO-BO,S-ZB-BR,B-ZC-BO,S-ZF-BR,S-ZE-BR,S-ZB-BR,B-ZH-BR
95,2018.06.01 00:00,GBPJPY,60,86400,BUY,ZO,0,145.056,143.596,1460.0,145.311,144.123,1188.0,81.370,36.10,933.0,344.6,145.056,144.123,146.244,BREAK,2018.06.01 19:00,0,,0,,0,,0,NA,NewYork,BREAK,2018.06.06 10:00,BOUNCE,2018.06.07 17:00,142.663,UNTOUCHED,,0,,0,,0,,0,NA,Other,NA,,NA,,145.989,BREAK,2018.06.01 16:00,0,,0,,0,,0,NA,NewYork,BREAK,2018.06.06 03:00,BOUNCE,2018.06.07 21:00,143.190,UNTOUCHED,,0,,0,,0,,0,NA,Other,NA,,NA,,S-ZB-UN,S-ZG-BR,S-ZC-BR,S-ZB-BO,B-ZO-UN,B-ZB-UN,S-ZG-BR,B-ZB-BO,B-ZB-BO,S-ZG-BR,B-ZF-BR,B-ZF-BO,B-ZO-BO,S-ZB-BR,B-ZC-BO,S-ZF-BR,S-ZE-BR,S-ZB-BR,B-ZH-BR,B-ZC-BO
96,2018.06.02 00:00,GBPJPY,60,86400,BUY,ZF,1,145.311,144.123,1188.0,146.290,144.486,1804.0,151.852,30.56,825.0,280.4,145.311,144.486,147.115,BREAK,2018.06.06 01:00,0,,0,,0,,0,NA,Asia,BOUNCE,2018.06.07 18:00,NA,,143.298,UNTOUCHED,,0,,0,,0,,0,NA,Other,NA,,NA,,146.136,BREAK,2018.06.02 00:00,0,,0,,0,,0,NA,Asia,BREAK,2018.06.06 03:00,BREAK,2018.06.07 11:00,143.661,UNTOUCHED,,0,,0,,0,,0,NA,Other,NA,,NA,,B-ZO-BR,S-ZB-UN,S-ZG-BR,S-ZC-BR,S-ZB-BO,B-ZO-UN,B-ZB-UN,S-ZG-BR,B-ZB-BO,B-ZB-BO,B-ZF-BO,B-ZO-BO,S-ZB-BR,B-ZC-BO,S-ZF-BR,S-ZE-BR,S-ZB-BR,B-ZH-BR,B-ZC-BO,S-ZF-BO
97,2018.06.06 00:00,GBPJPY,60,86400,BUY,ZF,0,146.898,145.836,1062.0,147.001,146.030,971.0,91.431,18.27,868.0,250.6,146.898,146.030,147.869,BOUNCE,2018.06.06 13:00,1,2018.06.08 16:00,1,2018.06.19 10:00,1,2018.06.19 10:00,3,1w 5d,NewYork,NA,,NA,,144.968,BREAK,2018.06.19 10:00,0,,0,,0,,0,NA,London,BREAK,2018.06.28 16:00,BREAK,2018.08.08 14:00,147.766,BREAK,2018.06.06 11:00,0,,0,,0,,0,NA,London,BREAK,2018.07.12 16:00,UNTOUCHED,,145.162,BREAK,2018.06.19 10:00,0,,0,,0,,0,NA,London,BREAK,2018.06.28 16:00,BREAK,2018.08.08 12:00,B-ZF-BR,B-ZO-BR,S-ZB-UN,S-ZG-BR,S-ZC-BR,S-ZB-BO,B-ZO-UN,B-ZB-UN,S-ZG-BR,B-ZB-BO,B-ZO-BO,S-ZB-BR,B-ZC-BO,S-ZF-BR,S-ZE-BR,S-ZB-BR,B-ZH-BR,B-ZC-BO,S-ZF-BO,B-ZB-BO
98,2018.06.08 00:00,GBPJPY,60,86400,BUY,ZO,0,148.004,146.839,1165.0,148.115,146.904,1211.0,103.948,5.58,1100.0,274.9,148.004,146.904,149.215,BOUNCE,2018.07.16 15:00,1,2018.07.18 16:00,0,,0,,1,2d 1h,NewYork,NA,,NA,,145.739,BREAK,2018.06.19 06:00,0,,0,,0,,0,NA,Asia,BOUNCE,2018.06.21 15:00,NA,,149.104,BOUNCE,2018.07.16 12:00,0,,0,,0,,0,NA,London,NA,,NA,,145.804,BREAK,2018.06.19 05:00,0,,0,,0,,0,NA,Asia,BREAK,2018.06.19 15:00,UNTOUCHED,,B-ZF-BO,B-ZF-BR,B-ZO-BR,S-ZB-UN,S-ZG-BR,S-ZC-BR,S-ZB-BO,B-ZO-UN,B-ZB-UN,S-ZG-BR,S-ZB-BR,B-ZC-BO,S-ZF-BR,S-ZE-BR,S-ZB-BR,B-ZH-BR,B-ZC-BO,S-ZF-BO,B-ZB-BO,B-ZG-BO
99,2018.06.09 00:00,GBPJPY,60,86400,SELL,ZB,1,148.115,146.904,1211.0,147.439,146.091,1348.0,111.313,55.82,535.0,285.8,147.439,146.904,145.556,BREAK,2018.06.19 08:00,0,,0,,0,,0,NA,London,BREAK,2018.06.19 11:00,BOUNCE,2018.06.19 19:00,148.650,BOUNCE,2018.07.12 14:00,1,2018.07.17 21:00,1,2018.07.19 21:00,0,,2,1w 0d,NewYork,NA,,NA,,146.369,BOUNCE,2018.06.15 05:00,1,2018.07.11 20:00,1,2018.07.12 14:00,0,,2,3w 6d,Asia,NA,,NA,,147.974,BOUNCE,2018.06.12 12:00,1,2018.06.15 05:00,1,2018.06.15 05:00,0,,2,2d 17h,London,NA,,NA,,B-ZO-BO,B-ZF-BO,B-ZF-BR,B-ZO-BR,S-ZB-UN,S-ZG-BR,S-ZC-BR,S-ZB-BO,B-ZO-UN,B-ZB-UN,B-ZC-BO,S-ZF-BR,S-ZE-BR,S-ZB-BR,B-ZH-BR,B-ZC-BO,S-ZF-BO,B-ZB-BO,B-ZG-BO,B-ZB-BO
100,2018.06.13 00:00,GBPJPY,60,86400,BUY,ZC,1,147.844,146.509,1335.0,147.986,147.116,870.0,65.169,45.47,728.0,315.1,147.844,147.116,148.714,BOUNCE,2018.07.12 14:00,1,2018.07.18 12:00,1,2018.07.19 21:00,1,2018.07.23 04:00,3,1w 3d,NewYork,NA,,NA,,145.781,BREAK,2018.06.19 05:00,0,,0,,0,,0,NA,Asia,BREAK,2018.06.19 11:00,BREAK,2018.06.28 16:00,148.572,BREAK,2018.07.12 11:00,0,,0,,0,,0,NA,London,BOUNCE,2018.07.16 19:00,NA,,146.388,BREAK,2018.06.15 05:00,0,,0,,0,,0,NA,Asia,BREAK,2018.06.19 09:00,BREAK,2018.06.19 12:00,S-ZB-BR,B-ZO-BO,B-ZF-BO,B-ZF-BR,B-ZO-BR,S-ZB-UN,S-ZG-BR,S-ZC-BR,S-ZB-BO,B-ZO-UN,S-ZF-BR,S-ZE-BR,S-ZB-BR,B-ZH-BR,B-ZC-BO,S-ZF-BO,B-ZB-BO,B-ZG-BO,B-ZB-BO,B-ZF-BO
101,2018.06.15 00:00,GBPJPY,60,86400,SELL,ZF,1,147.895,147.209,686.0,147.848,146.754,1094.0,159.475,6.85,639.0,161.9,147.848,147.209,146.115,BREAK,2018.06.18 11:00,0,,0,,0,,0,NA,London,BREAK,2018.06.19 09:00,BREAK,2018.06.19 11:00,148.534,BREAK,2018.07.12 11:00,0,,0,,0,,0,NA,London,BOUNCE,2018.07.16 20:00,NA,,146.570,BREAK,2018.06.15 04:00,0,,0,,0,,0,NA,Asia,BREAK,2018.06.19 05:00,BREAK,2018.06.19 10:00,148.487,BREAK,2018.07.12 11:00,0,,0,,0,,0,NA,London,BREAK,2018.07.16 15:00,UNTOUCHED,,B-ZC-BO,S-ZB-BR,B-ZO-BO,B-ZF-BO,B-ZF-BR,B-ZO-BR,S-ZB-UN,S-ZG-BR,S-ZC-BR,S-ZB-BO,S-ZE-BR,S-ZB-BR,B-ZH-BR,B-ZC-BO,S-ZF-BO,B-ZB-BO,B-ZG-BO,B-ZB-BO,B-ZF-BO,B-ZB-BO
102,2018.06.16 00:00,GBPJPY,60,86400,SELL,ZE,1,147.848,146.754,1094.0,147.067,146.292,775.0,70.841,71.39,313.0,258.2,147.067,146.754,145.979,BREAK,2018.06.19 04:00,0,,0,,0,,0,NA,Asia,BREAK,2018.06.19 09:00,BREAK,2018.06.19 10:00,148.161,BREAK,2018.07.12 05:00,0,,0,,0,,0,NA,Asia,BREAK,2018.07.12 14:00,BOUNCE,2018.07.13 01:00,146.441,BREAK,2018.06.18 05:00,0,,0,,0,,0,NA,Asia,BOUNCE,2018.06.18 13:00,NA,,147.380,BOUNCE,2018.07.09 12:00,1,2018.07.09 19:00,1,2018.07.09 19:00,0,,2,7h,London,NA,,NA,,S-ZF-BR,B-ZC-BO,S-ZB-BR,B-ZO-BO,B-ZF-BO,B-ZF-BR,B-ZO-BR,S-ZB-UN,S-ZG-BR,S-ZC-BR,S-ZB-BR,B-ZH-BR,B-ZC-BO,S-ZF-BO,B-ZB-BO,B-ZG-BO,B-ZB-BO,B-ZF-BO,B-ZB-BO,S-ZO-BR
103,2018.06.20 00:00,GBPJPY,60,86400,SELL,ZB,1,146.997,146.100,897.0,146.471,144.384,2087.0,232.664,58.64,371.0,211.7,146.471,146.100,144.013,BREAK,2018.06.28 16:00,0,,0,,0,,0,NA,NewYork,BOUNCE,2018.08.08 10:00,NA,,147.368,BREAK,2018.07.09 12:00,0,,0,,0,,0,NA,London,BOUNCE,2018.07.10 12:00,NA,,145.729,BREAK,2018.06.20 00:00,0,,0,,0,,0,NA,Asia,BREAK,2018.06.20 01:00,BREAK,2018.06.20 04:00,146.842,BOUNCE,2018.07.05 13:00,1,2018.07.23 04:00,1,2018.07.23 04:00,0,,2,2w 3d,NewYork,NA,,NA,,S-ZE-BR,S-ZF-BR,B-ZC-BO,S-ZB-BR,B-ZO-BO,B-ZF-BO,B-ZF-BR,B-ZO-BR,S-ZB-UN,S-ZG-BR,B-ZH-BR,B-ZC-BO,S-ZF-BO,B-ZB-BO,B-ZG-BO,B-ZB-BO,B-ZF-BO,B-ZB-BO,S-ZO-BR,S-ZF-BR
104,2018.06.22 00:00,GBPJPY,60,86400,BUY,ZH,0,145.620,144.582,1038.0,146.217,144.590,1627.0,156.744,0.77,1030.0,245.0,145.620,144.590,147.247,BREAK,2018.07.09 10:00,0,,0,,0,,0,NA,London,BREAK,2018.07.12 11:00,BOUNCE,2018.07.17 16:00,143.552,UNTOUCHED,,0,,0,,0,,0,NA,Other,NA,,NA,,146.650,BREAK,2018.07.05 13:00,0,,0,,0,,0,NA,NewYork,BREAK,2018.07.11 20:00,BOUNCE,2018.07.13 13:00,143.560,UNTOUCHED,,0,,0,,0,,0,NA,Other,NA,,NA,,S-ZB-BR,S-ZE-BR,S-ZF-BR,B-ZC-BO,S-ZB-BR,B-ZO-BO,B-ZF-BO,B-ZF-BR,B-ZO-BR,S-ZB-UN,B-ZC-BO,S-ZF-BO,B-ZB-BO,B-ZG-BO,B-ZB-BO,B-ZF-BO,B-ZB-BO,S-ZO-BR,S-ZF-BR,S-ZC-BR
105,2018.06.23 00:00,GBPJPY,60,86400,BUY,ZC,1,146.217,144.590,1627.0,146.649,145.425,1224.0,75.230,51.32,792.0,384.0,146.217,145.425,147.441,BOUNCE,2018.07.09 12:00,1,2018.07.23 04:00,0,,0,,1,1w 6d,London,NA,,NA,,143.798,BOUNCE,2018.06.28 16:00,1,2018.06.29 12:00,1,2018.07.09 01:00,1,2018.07.09 12:00,3,1w 3d,NewYork,NA,,NA,,147.009,BREAK,2018.07.09 01:00,0,,0,,0,,0,NA,Asia,BREAK,2018.07.12 05:00,BOUNCE,2018.07.13 13:00,144.633,BREAK,2018.06.27 22:00,0,,0,,0,,0,NA,Other,BOUNCE,2018.06.29 06:00,NA,,B-ZH-BR,S-ZB-BR,S-ZE-BR,S-ZF-BR,B-ZC-BO,S-ZB-BR,B-ZO-BO,B-ZF-BO,B-ZF-BR,B-ZO-BR,S-ZF-BO,B-ZB-BO,B-ZG-BO,B-ZB-BO,B-ZF-BO,B-ZB-BO,S-ZO-BR,S-ZF-BR,S-ZC-BR,S-ZB-BO
106,2018.06.28 00:00,GBPJPY,60,86400,SELL,ZF,0,145.833,144.970,863.0,145.660,144.515,1145.0,132.677,20.05,690.0,203.7,145.660,144.970,143.825,BOUNCE,2018.06.28 16:00,1,2018.06.29 07:00,1,2018.07.02 05:00,1,2018.07.05 11:00,3,6d 19h,NewYork,NA,,NA,,146.523,BREAK,2018.07.05 11:00,0,,0,,0,,0,NA,London,BREAK,2018.07.09 12:00,BREAK,2018.07.11 22:00,144.280,BREAK,2018.06.28 04:00,0,,0,,0,,0,NA,Asia,BREAK,2018.08.08 11:00,BREAK,2018.08.09 04:00,146.350,BOUNCE,2018.07.02 05:00,1,2018.08.06 12:00,1,2018.08.06 12:00,0,,2,5w 0d,Asia,NA,,NA,,B-ZC-BO,B-ZH-BR,S-ZB-BR,S-ZE-BR,S-ZF-BR,B-ZC-BO,S-ZB-BR,B-ZO-BO,B-ZF-BO,B-ZF-BR,B-ZB-BO,B-ZG-BO,B-ZB-BO,B-ZF-BO,B-ZB-BO,S-ZO-BR,S-ZF-BR,S-ZC-BR,S-ZB-BO,S-ZE-BO
107,2018.06.30 00:00,GBPJPY,60,86400,BUY,ZB,1,144.689,143.768,921.0,146.329,144.341,1988.0,215.852,62.21,348.0,217.4,144.689,144.341,146.677,BOUNCE,2018.07.05 13:00,1,2018.07.06 01:00,1,2018.08.07 04:00,1,2018.08.08 11:00,3,4w 5d,NewYork,NA,,NA,,143.420,BREAK,2018.08.08 11:00,0,,0,,0,,0,NA,London,BREAK,2018.08.08 14:00,BREAK,2018.08.09 05:00,145.037,BREAK,2018.06.30 00:00,0,,0,,0,,0,NA,Asia,BREAK,2018.07.02 01:00,BREAK,2018.07.02 02:00,143.993,BOUNCE,2018.08.07 04:00,0,,0,,0,,0,NA,Asia,NA,,NA,,S-ZF-BO,B-ZC-BO,B-ZH-BR,S-ZB-BR,S-ZE-BR,S-ZF-BR,B-ZC-BO,S-ZB-BR,B-ZO-BO,B-ZF-BO,B-ZG-BO,B-ZB-BO,B-ZF-BO,B-ZB-BO,S-ZO-BR,S-ZF-BR,S-ZC-BR,S-ZB-BO,S-ZE-BO,S-ZH-BR
108,2018.07.06 00:00,GBPJPY,60,86400,BUY,ZG,1,146.361,145.560,801.0,146.870,145.738,1132.0,141.323,22.22,623.0,189.0,146.361,145.738,147.493,BOUNCE,2018.07.09 12:00,1,2018.07.09 19:00,1,2018.08.02 16:00,1,2018.08.03 17:00,3,3w 4d,London,NA,,NA,,144.937,BREAK,2018.08.03 17:00,0,,0,,0,,0,NA,NewYork,BREAK,2018.08.06 12:00,BREAK,2018.08.08 11:00,146.984,BREAK,2018.07.09 01:00,0,,0,,0,,0,NA,Asia,BOUNCE,2018.07.09 18:00,NA,,145.115,BREAK,2018.08.02 16:00,0,,0,,0,,0,NA,NewYork,BREAK,2018.08.06 11:00,BREAK,2018.08.08 10:00,B-ZB-BO,S-ZF-BO,B-ZC-BO,B-ZH-BR,S-ZB-BR,S-ZE-BR,S-ZF-BR,B-ZC-BO,S-ZB-BR,B-ZO-BO,B-ZB-BO,B-ZF-BO,B-ZB-BO,S-ZO-BR,S-ZF-BR,S-ZC-BR,S-ZB-BO,S-ZE-BO,S-ZH-BR,S-ZO-BR
109,2018.07.11 00:00,GBPJPY,60,86400,BUY,ZB,1,147.613,146.091,1522.0,147.792,146.785,1007.0,66.163,45.60,828.0,359.2,147.613,146.785,148.620,BOUNCE,2018.07.12 13:00,1,2018.07.18 16:00,1,2018.07.23 04:00,1,2018.07.27 21:00,3,2w 1d,NewYork,NA,,NA,,145.263,BOUNCE,2018.07.27 21:00,1,2018.07.31 17:00,0,,0,,1,3d 20h,Other,NA,,NA,,148.441,BREAK,2018.07.12 11:00,0,,0,,0,,0,NA,London,BOUNCE,2018.07.17 16:00,NA,,145.957,BREAK,2018.07.23 04:00,0,,0,,0,,0,NA,Asia,BREAK,2018.08.03 17:00,BREAK,2018.08.07 16:00,B-ZG-BO,B-ZB-BO,S-ZF-BO,B-ZC-BO,B-ZH-BR,S-ZB-BR,S-ZE-BR,S-ZF-BR,B-ZC-BO,S-ZB-BR,B-ZF-BO,B-ZB-BO,S-ZO-BR,S-ZF-BR,S-ZC-BR,S-ZB-BO,S-ZE-BO,S-ZH-BR,S-ZO-BR,B-ZH-BO
110,2018.07.12 00:00,GBPJPY,60,86400,BUY,ZF,0,147.792,146.785,1007.0,148.114,146.800,1314.0,130.487,1.49,992.0,237.7,147.792,146.800,149.106,BOUNCE,2018.07.16 12:00,1,2018.07.18 12:00,1,2018.07.23 04:00,1,2018.07.23 04:00,3,6d 16h,London,NA,,NA,,145.793,BREAK,2018.07.23 04:00,0,,0,,0,,0,NA,Asia,BREAK,2018.08.03 17:00,BREAK,2018.08.08 11:00,148.784,BOUNCE,2018.07.12 14:00,1,2018.07.23 04:00,1,2018.07.23 04:00,0,,2,1w 3d,NewYork,NA,,NA,,145.808,BREAK,2018.07.23 04:00,0,,0,,0,,0,NA,Asia,BREAK,2018.08.03 17:00,BREAK,2018.08.08 11:00,B-ZB-BO,B-ZG-BO,B-ZB-BO,S-ZF-BO,B-ZC-BO,B-ZH-BR,S-ZB-BR,S-ZE-BR,S-ZF-BR,B-ZC-BO,B-ZB-BO,S-ZO-BR,S-ZF-BR,S-ZC-BR,S-ZB-BO,S-ZE-BO,S-ZH-BR,S-ZO-BR,B-ZH-BO,B-ZE-UN
111,2018.07.13 00:00,GBPJPY,60,86400,BUY,ZB,1,148.114,146.800,1314.0,148.898,147.772,1126.0,85.693,73.97,342.0,310.1,148.114,147.772,149.240,BOUNCE,2018.07.16 15:00,1,2018.07.16 19:00,1,2018.07.18 12:00,1,2018.07.19 21:00,3,3d 6h,NewYork,NA,,NA,,146.458,BREAK,2018.07.19 21:00,0,,0,,0,,0,NA,Other,BOUNCE,2018.07.20 12:00,NA,,148.456,BOUNCE,2018.07.13 00:00,1,2018.07.18 12:00,1,2018.07.19 21:00,0,,2,6d 21h,Asia,NA,,NA,,147.430,BREAK,2018.07.18 12:00,0,,0,,0,,0,NA,London,BOUNCE,2018.07.18 23:00,NA,,B-ZF-BO,B-ZB-BO,B-ZG-BO,B-ZB-BO,S-ZF-BO,B-ZC-BO,B-ZH-BR,S-ZB-BR,S-ZE-BR,S-ZF-BR,S-ZO-BR,S-ZF-BR,S-ZC-BR,S-ZB-BO,S-ZE-BO,S-ZH-BR,S-ZO-BR,B-ZH-BO,B-ZE-UN,S-ZB-BO
112,2018.07.14 00:00,GBPJPY,60,86400,SELL,ZO,0,148.898,147.772,1126.0,148.674,147.640,1034.0,91.829,19.89,902.0,265.7,148.674,147.772,146.738,BREAK,2018.07.19 12:00,0,,0,,0,,0,NA,London,BREAK,2018.07.24 05:00,BREAK,2018.08.03 17:00,149.800,UNTOUCHED,,0,,0,,0,,0,NA,Other,NA,,NA,,146.870,BREAK,2018.07.18 16:00,0,,0,,0,,0,NA,NewYork,BREAK,2018.07.23 05:00,BREAK,2018.08.03 17:00,149.576,UNTOUCHED,,0,,0,,0,,0,NA,Other,NA,,NA,,B-ZB-BO,B-ZF-BO,B-ZB-BO,B-ZG-BO,B-ZB-BO,S-ZF-BO,B-ZC-BO,B-ZH-BR,S-ZB-BR,S-ZE-BR,S-ZF-BR,S-ZC-BR,S-ZB-BO,S-ZE-BO,S-ZH-BR,S-ZO-BR,B-ZH-BO,B-ZE-UN,S-ZB-BO,S-ZB-BR
113,2018.07.18 00:00,GBPJPY,60,86400,SELL,ZF,1,149.312,148.385,927.0,149.089,147.560,1529.0,164.941,24.06,704.0,218.8,149.089,148.385,146.856,BREAK,2018.07.19 12:00,0,,0,,0,,0,NA,London,BREAK,2018.07.23 04:00,BOUNCE,2018.07.24 19:00,150.016,UNTOUCHED,,0,,0,,0,,0,NA,Other,NA,,NA,,147.681,BREAK,2018.07.18 12:00,0,,0,,0,,0,NA,London,BREAK,2018.07.19 12:00,BREAK,2018.07.20 05:00,149.793,UNTOUCHED,,0,,0,,0,,0,NA,Other,NA,,NA,,S-ZO-BR,B-ZB-BO,B-ZF-BO,B-ZB-BO,B-ZG-BO,B-ZB-BO,S-ZF-BO,B-ZC-BO,B-ZH-BR,S-ZB-BR,S-ZC-BR,S-ZB-BO,S-ZE-BO,S-ZH-BR,S-ZO-BR,B-ZH-BO,B-ZE-UN,S-ZB-BO,S-ZB-BR,S-ZE-BR
114,2018.07.19 00:00,GBPJPY,60,86400,SELL,ZC,1,149.089,147.560,1529.0,148.229,146.865,1364.0,89.209,56.25,669.0,360.8,148.229,147.560,146.196,BREAK,2018.07.19 21:00,0,,0,,0,,0,NA,Other,BOUNCE,2018.07.24 19:00,NA,,149.758,UNTOUCHED,,0,,0,,0,,0,NA,Other,NA,,NA,,146.891,BREAK,2018.07.19 12:00,0,,0,,0,,0,NA,London,BREAK,2018.07.23 04:00,BOUNCE,2018.07.24 20:00,148.898,UNTOUCHED,,0,,0,,0,,0,NA,Other,NA,,NA,,S-ZF-BR,S-ZO-BR,B-ZB-BO,B-ZF-BO,B-ZB-BO,B-ZG-BO,B-ZB-BO,S-ZF-BO,B-ZC-BO,B-ZH-BR,S-ZB-BO,S-ZE-BO,S-ZH-BR,S-ZO-BR,B-ZH-BO,B-ZE-UN,S-ZB-BO,S-ZB-BR,S-ZE-BR,S-ZF-BR
115,2018.07.20 00:00,GBPJPY,60,86400,SELL,ZB,1,148.229,146.865,1364.0,147.661,146.156,1505.0,110.337,41.64,796.0,321.9,147.661,146.865,145.360,BOUNCE,2018.07.27 10:00,1,2018.07.31 17:00,0,,0,,1,4d 7h,London,NA,,NA,,149.025,UNTOUCHED,,0,,0,,0,,0,NA,Other,NA,,NA,,146.069,BREAK,2018.07.20 05:00,0,,0,,0,,0,NA,Asia,BOUNCE,2018.07.31 08:00,NA,,148.457,UNTOUCHED,,0,,0,,0,,0,NA,Other,NA,,NA,,S-ZC-BR,S-ZF-BR,S-ZO-BR,B-ZB-BO,B-ZF-BO,B-ZB-BO,B-ZG-BO,B-ZB-BO,S-ZF-BO,B-ZC-BO,S-ZE-BO,S-ZH-BR,S-ZO-BR,B-ZH-BO,B-ZE-UN,S-ZB-BO,S-ZB-BR,S-ZE-BR,S-ZF-BR,S-ZD-BR
116,2018.07.21 00:00,GBPJPY,60,86400,SELL,ZE,1,147.661,146.156,1505.0,146.660,145.972,688.0,45.714,66.51,504.0,355.2,146.660,146.156,145.468,BOUNCE,2018.07.24 05:00,1,2018.07.25 11:00,0,,0,,1,1d 6h,Asia,NA,,NA,,148.165,UNTOUCHED,,0,,0,,0,,0,NA,Other,NA,,NA,,145.652,BOUNCE,2018.07.24 05:00,0,,0,,0,,0,NA,Asia,NA,,NA,,147.164,UNTOUCHED,,0,,0,,0,,0,NA,Other,NA,,NA,,S-ZB-BO,S-ZC-BR,S-ZF-BR,S-ZO-BR,B-ZB-BO,B-ZF-BO,B-ZB-BO,B-ZG-BO,B-ZB-BO,S-ZF-BO,S-ZH-BR,S-ZO-BR,B-ZH-BO,B-ZE-UN,S-ZB-BO,S-ZB-BR,S-ZE-BR,S-ZF-BR,S-ZD-BR,B-ZE-BR
117,2018.07.24 00:00,GBPJPY,60,86400,SELL,ZH,1,146.480,146.274,206.0,146.413,145.659,754.0,366.019,32.52,139.0,48.6,146.413,146.274,145.520,BREAK,2018.07.24 05:00,0,,0,,0,,0,NA,Asia,BOUNCE,2018.07.27 05:00,NA,,146.619,BREAK,2018.07.31 12:00,0,,0,,0,,0,NA,London,BREAK,2018.07.31 14:00,BREAK,2018.07.31 17:00,146.135,BREAK,2018.07.24 00:00,0,,0,,0,,0,NA,Asia,BREAK,2018.07.24 01:00,BREAK,2018.07.24 02:00,146.552,BREAK,2018.07.31 12:00,0,,0,,0,,0,NA,London,BREAK,2018.07.31 13:00,BOUNCE,2018.07.31 14:00,S-ZE-BO,S-ZB-BO,S-ZC-BR,S-ZF-BR,S-ZO-BR,B-ZB-BO,B-ZF-BO,B-ZB-BO,B-ZG-BO,B-ZB-BO,S-ZO-BR,B-ZH-BO,B-ZE-UN,S-ZB-BO,S-ZB-BR,S-ZE-BR,S-ZF-BR,S-ZD-BR,B-ZE-BR,S-ZB-UN
118,2018.07.25 00:00,GBPJPY,60,86400,SELL,ZO,0,146.413,145.659,754.0,146.313,145.437,876.0,116.180,13.26,654.0,177.9,146.313,145.659,144.783,BREAK,2018.08.03 17:00,0,,0,,0,,0,NA,NewYork,BREAK,2018.08.07 16:00,BREAK,2018.08.08 12:00,147.067,BOUNCE,2018.08.01 11:00,1,2018.08.02 13:00,1,2018.08.02 16:00,1,2018.08.03 17:00,3,2d 6h,London,NA,,NA,,145.005,BREAK,2018.08.02 16:00,0,,0,,0,,0,NA,NewYork,BREAK,2018.08.06 12:00,BREAK,2018.08.08 11:00,146.967,BOUNCE,2018.07.31 17:00,1,2018.08.02 16:00,1,2018.08.02 16:00,0,,2,1d 23h,NewYork,NA,,NA,,S-ZH-BR,S-ZE-BO,S-ZB-BO,S-ZC-BR,S-ZF-BR,S-ZO-BR,B-ZB-BO,B-ZF-BO,B-ZB-BO,B-ZG-BO,B-ZH-BO,B-ZE-UN,S-ZB-BO,S-ZB-BR,S-ZE-BR,S-ZF-BR,S-ZD-BR,B-ZE-BR,S-ZB-UN,B-ZB-BR
119,2018.07.26 00:00,GBPJPY,60,86400,BUY,ZH,0,146.313,145.437,876.0,146.481,145.750,731.0,83.447,35.73,563.0,206.7,146.313,145.750,147.044,BOUNCE,2018.08.01 11:00,1,2018.08.02 12:00,1,2018.08.02 16:00,1,2018.08.03 17:00,3,2d 6h,London,NA,,NA,,144.874,BREAK,2018.08.03 17:00,0,,0,,0,,0,NA,NewYork,BREAK,2018.08.06 12:00,BREAK,2018.08.08 11:00,146.876,BREAK,2018.07.31 17:00,0,,0,,0,,0,NA,NewYork,UNTOUCHED,,NA,,145.187,BREAK,2018.08.02 16:00,0,,0,,0,,0,NA,NewYork,BREAK,2018.08.06 11:00,BREAK,2018.08.07 16:00,S-ZO-BR,S-ZH-BR,S-ZE-BO,S-ZB-BO,S-ZC-BR,S-ZF-BR,S-ZO-BR,B-ZB-BO,B-ZF-BO,B-ZB-BO,B-ZE-UN,S-ZB-BO,S-ZB-BR,S-ZE-BR,S-ZF-BR,S-ZD-BR,B-ZE-BR,S-ZB-UN,B-ZB-BR,B-ZE-BR
120,2018.08.02 00:00,GBPJPY,60,86400,BUY,ZE,1,147.001,145.337,1664.0,147.134,146.297,837.0,50.300,57.69,704.0,392.7,147.001,146.297,147.838,UNTOUCHED,,0,,0,,0,,0,NA,Other,NA,,NA,,144.633,BREAK,2018.08.03 17:00,0,,0,,0,,0,NA,NewYork,BREAK,2018.08.08 11:00,BREAK,2018.08.08 14:00,147.705,UNTOUCHED,,0,,0,,0,,0,NA,Other,NA,,NA,,145.593,BOUNCE,2018.08.02 15:00,0,,0,,0,,0,NA,NewYork,NA,,NA,,B-ZH-BO,S-ZO-BR,S-ZH-BR,S-ZE-BO,S-ZB-BO,S-ZC-BR,S-ZF-BR,S-ZO-BR,B-ZB-BO,B-ZF-BO,S-ZB-BO,S-ZB-BR,S-ZE-BR,S-ZF-BR,S-ZD-BR,B-ZE-BR,S-ZB-UN,B-ZB-BR,B-ZE-BR,B-ZG-BR
121,2018.08.03 00:00,GBPJPY,60,86400,SELL,ZB,1,147.134,146.297,837.0,146.663,144.983,1680.0,200.717,56.27,366.0,197.5,146.663,146.297,144.617,BOUNCE,2018.08.03 17:00,1,2018.08.29 19:00,0,,0,,1,3w 5d,NewYork,NA,,NA,,147.500,UNTOUCHED,,0,,0,,0,,0,NA,Other,NA,,NA,,145.931,BREAK,2018.08.03 00:00,0,,0,,0,,0,NA,Asia,BREAK,2018.08.03 01:00,BREAK,2018.08.03 17:00,147.029,UNTOUCHED,,0,,0,,0,,0,NA,Other,NA,,NA,,B-ZE-UN,B-ZH-BO,S-ZO-BR,S-ZH-BR,S-ZE-BO,S-ZB-BO,S-ZC-BR,S-ZF-BR,S-ZO-BR,B-ZB-BO,S-ZB-BR,S-ZE-BR,S-ZF-BR,S-ZD-BR,B-ZE-BR,S-ZB-UN,B-ZB-BR,B-ZE-BR,B-ZG-BR,B-ZE-BR
122,2018.08.04 00:00,GBPJPY,60,86400,SELL,ZB,1,146.663,144.983,1680.0,145.533,144.496,1037.0,61.726,67.26,550.0,396.5,145.533,144.983,143.946,BREAK,2018.08.07 16:00,0,,0,,0,,0,NA,NewYork,BREAK,2018.08.08 14:00,BREAK,2018.08.09 05:00,147.213,UNTOUCHED,,0,,0,,0,,0,NA,Other,NA,,NA,,144.433,BREAK,2018.08.06 11:00,0,,0,,0,,0,NA,London,BREAK,2018.08.08 11:00,BREAK,2018.08.08 14:00,146.083,BREAK,2018.09.13 17:00,0,,0,,0,,0,NA,NewYork,BREAK,2018.09.17 16:00,BREAK,2018.09.18 10:00,S-ZB-BO,B-ZE-UN,B-ZH-BO,S-ZO-BR,S-ZH-BR,S-ZE-BO,S-ZB-BO,S-ZC-BR,S-ZF-BR,S-ZO-BR,S-ZE-BR,S-ZF-BR,S-ZD-BR,B-ZE-BR,S-ZB-UN,B-ZB-BR,B-ZE-BR,B-ZG-BR,B-ZE-BR,B-ZE-BR
123,2018.08.08 00:00,GBPJPY,60,86400,SELL,ZE,1,144.719,144.028,691.0,144.423,143.791,632.0,91.462,42.84,395.0,163.1,144.423,144.028,143.396,BREAK,2018.08.08 11:00,0,,0,,0,,0,NA,London,BREAK,2018.08.08 14:00,BREAK,2018.08.09 05:00,145.114,BREAK,2018.08.29 18:00,0,,0,,0,,0,NA,NewYork,BOUNCE,2018.08.30 12:00,NA,,143.633,BREAK,2018.08.08 11:00,0,,0,,0,,0,NA,London,BREAK,2018.08.08 13:00,BREAK,2018.08.09 04:00,144.818,BREAK,2018.08.29 18:00,0,,0,,0,,0,NA,NewYork,BREAK,2018.08.29 19:00,BOUNCE,2018.08.30 12:00,S-ZB-BR,S-ZB-BO,B-ZE-UN,B-ZH-BO,S-ZO-BR,S-ZH-BR,S-ZE-BO,S-ZB-BO,S-ZC-BR,S-ZF-BR,S-ZF-BR,S-ZD-BR,B-ZE-BR,S-ZB-UN,B-ZB-BR,B-ZE-BR,B-ZG-BR,B-ZE-BR,B-ZE-BR,S-ZD-BR
124,2018.08.09 00:00,GBPJPY,60,86400,SELL,ZF,1,144.423,143.791,632.0,144.262,142.712,1550.0,245.253,25.47,471.0,149.2,144.262,143.791,142.241,BREAK,2018.08.10 05:00,0,,0,,0,,0,NA,Asia,BREAK,2018.08.10 11:00,BOUNCE,2018.08.10 13:00,144.894,BREAK,2018.08.29 18:00,0,,0,,0,,0,NA,NewYork,BREAK,2018.08.30 00:00,BOUNCE,2018.09.11 12:00,143.320,BREAK,2018.08.09 00:00,0,,0,,0,,0,NA,Asia,BREAK,2018.08.09 04:00,BOUNCE,2018.08.09 09:00,144.733,BREAK,2018.08.29 18:00,0,,0,,0,,0,NA,NewYork,BREAK,2018.08.29 19:00,BREAK,2018.09.11 11:00,S-ZE-BR,S-ZB-BR,S-ZB-BO,B-ZE-UN,B-ZH-BO,S-ZO-BR,S-ZH-BR,S-ZE-BO,S-ZB-BO,S-ZC-BR,S-ZD-BR,B-ZE-BR,S-ZB-UN,B-ZB-BR,B-ZE-BR,B-ZG-BR,B-ZE-BR,B-ZE-BR,S-ZD-BR,S-ZE-UN
125,2018.08.10 00:00,GBPJPY,60,86400,SELL,ZD,1,144.262,142.712,1550.0,143.476,142.333,1143.0,73.742,50.71,764.0,365.8,143.476,142.712,141.569,BREAK,2018.08.10 11:00,0,,0,,0,,0,NA,London,BREAK,2018.08.13 05:00,BOUNCE,2018.08.16 05:00,145.026,BOUNCE,2018.08.29 18:00,1,2018.08.31 17:00,0,,0,,1,1d 23h,NewYork,NA,,NA,,141.948,BREAK,2018.08.10 10:00,0,,0,,0,,0,NA,London,BREAK,2018.08.13 01:00,BOUNCE,2018.08.13 15:00,144.240,BOUNCE,2018.08.29 17:00,0,,0,,0,,0,NA,NewYork,NA,,NA,,S-ZF-BR,S-ZE-BR,S-ZB-BR,S-ZB-BO,B-ZE-UN,B-ZH-BO,S-ZO-BR,S-ZH-BR,S-ZE-BO,S-ZB-BO,B-ZE-BR,S-ZB-UN,B-ZB-BR,B-ZE-BR,B-ZG-BR,B-ZE-BR,B-ZE-BR,S-ZD-BR,S-ZE-UN,B-ZH-BR
126,2018.08.15 00:00,GBPJPY,60,86400,BUY,ZE,1,141.819,140.224,1595.0,142.458,140.988,1470.0,92.163,47.90,831.0,376.4,141.819,140.988,143.289,BREAK,2018.08.28 03:00,0,,0,,0,,0,NA,Asia,BREAK,2018.08.29 18:00,BREAK,2018.08.29 19:00,139.393,UNTOUCHED,,0,,0,,0,,0,NA,Other,NA,,NA,,142.650,BREAK,2018.08.21 22:00,0,,0,,0,,0,NA,Other,BREAK,2018.08.29 17:00,BREAK,2018.08.29 18:00,140.157,BOUNCE,2018.08.15 18:00,1,2018.08.21 22:00,1,2018.08.21 22:00,0,,2,6d 4h,NewYork,NA,,NA,,S-ZD-BR,S-ZF-BR,S-ZE-BR,S-ZB-BR,S-ZB-BO,B-ZE-UN,B-ZH-BO,S-ZO-BR,S-ZH-BR,S-ZE-BO,S-ZB-UN,B-ZB-BR,B-ZE-BR,B-ZG-BR,B-ZE-BR,B-ZE-BR,S-ZD-BR,S-ZE-UN,B-ZH-BR,B-ZD-BR
127,2018.08.16 00:00,GBPJPY,60,86400,SELL,ZB,1,142.458,140.988,1470.0,141.753,139.881,1872.0,127.347,47.96,765.0,346.9,141.753,140.988,139.116,UNTOUCHED,,0,,0,,0,,0,NA,Other,NA,,NA,,143.223,BREAK,2018.08.24 18:00,0,,0,,0,,0,NA,NewYork,BREAK,2018.08.29 17:00,BREAK,2018.08.29 18:00,140.223,BOUNCE,2018.08.16 04:00,1,2018.08.21 22:00,1,2018.08.24 18:00,0,,2,1w 1d,Asia,NA,,NA,,142.518,BREAK,2018.08.21 22:00,0,,0,,0,,0,NA,Other,BREAK,2018.08.28 17:00,BREAK,2018.08.29 17:00,B-ZE-BR,S-ZD-BR,S-ZF-BR,S-ZE-BR,S-ZB-BR,S-ZB-BO,B-ZE-UN,B-ZH-BO,S-ZO-BR,S-ZH-BR,B-ZB-BR,B-ZE-BR,B-ZG-BR,B-ZE-BR,B-ZE-BR,S-ZD-BR,S-ZE-UN,B-ZH-BR,B-ZD-BR,B-ZF-BO
128,2018.08.23 00:00,GBPJPY,60,86400,BUY,ZB,1,142.663,140.647,2016.0,142.783,141.932,851.0,42.212,63.74,731.0,475.8,142.663,141.932,143.514,BREAK,2018.08.28 16:00,0,,0,,0,,0,NA,NewYork,BREAK,2018.08.29 18:00,BREAK,2018.08.29 19:00,139.916,UNTOUCHED,,0,,0,,0,,0,NA,Other,NA,,NA,,143.394,BREAK,2018.08.28 11:00,0,,0,,0,,0,NA,London,BREAK,2018.08.29 18:00,BREAK,2018.08.29 19:00,141.201,UNTOUCHED,,0,,0,,0,,0,NA,Other,NA,,NA,,S-ZB-UN,B-ZE-BR,S-ZD-BR,S-ZF-BR,S-ZE-BR,S-ZB-BR,S-ZB-BO,B-ZE-UN,B-ZH-BO,S-ZO-BR,B-ZE-BR,B-ZG-BR,B-ZE-BR,B-ZE-BR,S-ZD-BR,S-ZE-UN,B-ZH-BR,B-ZD-BR,B-ZF-BO,B-ZE-BO
129,2018.08.24 00:00,GBPJPY,60,86400,BUY,ZE,1,142.783,141.932,851.0,142.993,142.408,585.0,68.743,55.93,375.0,200.8,142.783,142.408,143.368,BREAK,2018.08.28 04:00,0,,0,,0,,0,NA,Asia,BREAK,2018.08.29 17:00,BREAK,2018.08.29 18:00,141.557,UNTOUCHED,,0,,0,,0,,0,NA,Other,NA,,NA,,143.158,BOUNCE,2018.08.24 14:00,0,,0,,0,,0,NA,NewYork,NA,,NA,,142.033,UNTOUCHED,,0,,0,,0,,0,NA,Other,NA,,NA,,B-ZB-BR,S-ZB-UN,B-ZE-BR,S-ZD-BR,S-ZF-BR,S-ZE-BR,S-ZB-BR,S-ZB-BO,B-ZE-UN,B-ZH-BO,B-ZG-BR,B-ZE-BR,B-ZE-BR,S-ZD-BR,S-ZE-UN,B-ZH-BR,B-ZD-BR,B-ZF-BO,B-ZE-BO,B-ZH-BR
130,2018.08.25 00:00,GBPJPY,60,86400,BUY,ZG,0,142.993,142.408,585.0,143.225,142.463,762.0,130.256,9.40,530.0,138.1,142.993,142.463,143.755,BREAK,2018.08.29 17:00,0,,0,,0,,0,NA,NewYork,BREAK,2018.08.29 18:00,BREAK,2018.08.29 19:00,141.878,UNTOUCHED,,0,,0,,0,,0,NA,Other,NA,,NA,,143.523,BOUNCE,2018.08.28 16:00,0,,0,,0,,0,NA,NewYork,NA,,NA,,141.933,UNTOUCHED,,0,,0,,0,,0,NA,Other,NA,,NA,,B-ZE-BR,B-ZB-BR,S-ZB-UN,B-ZE-BR,S-ZD-BR,S-ZF-BR,S-ZE-BR,S-ZB-BR,S-ZB-BO,B-ZE-UN,B-ZE-BR,B-ZE-BR,S-ZD-BR,S-ZE-UN,B-ZH-BR,B-ZD-BR,B-ZF-BO,B-ZE-BO,B-ZH-BR,B-ZB-BR
131,2018.08.29 00:00,GBPJPY,60,86400,BUY,ZE,1,143.268,142.510,758.0,143.651,143.031,620.0,81.794,68.73,237.0,178.9,143.268,143.031,143.888,BREAK,2018.08.29 17:00,0,,0,,0,,0,NA,NewYork,BREAK,2018.08.29 18:00,BREAK,2018.08.29 19:00,142.273,UNTOUCHED,,0,,0,,0,,0,NA,Other,NA,,NA,,143.505,BREAK,2018.08.29 17:00,0,,0,,0,,0,NA,NewYork,BREAK,2018.08.29 18:00,BREAK,2018.08.29 19:00,142.794,BOUNCE,2018.09.04 04:00,1,2018.09.05 05:00,1,2018.09.05 05:00,0,,2,1d 1h,Asia,NA,,NA,,B-ZG-BR,B-ZE-BR,B-ZB-BR,S-ZB-UN,B-ZE-BR,S-ZD-BR,S-ZF-BR,S-ZE-BR,S-ZB-BR,S-ZB-BO,B-ZE-BR,S-ZD-BR,S-ZE-UN,B-ZH-BR,B-ZD-BR,B-ZF-BO,B-ZE-BO,B-ZH-BR,B-ZB-BR,B-ZO-BR
132,2018.08.31 00:00,GBPJPY,60,86400,BUY,ZE,1,145.503,142.806,2697.0,145.668,144.367,1301.0,48.239,57.88,1136.0,636.5,145.503,144.367,146.804,BREAK,2018.09.14 02:00,0,,0,,0,,0,NA,Asia,BREAK,2018.09.20 15:00,BOUNCE,2018.09.21 17:00,141.670,UNTOUCHED,,0,,0,,0,,0,NA,Other,NA,,NA,,146.639,BREAK,2018.09.13 18:00,0,,0,,0,,0,NA,NewYork,BREAK,2018.09.19 12:00,BREAK,2018.09.21 06:00,143.231,BREAK,2018.09.03 10:00,0,,0,,0,,0,NA,London,UNTOUCHED,,NA,,B-ZE-BR,B-ZG-BR,B-ZE-BR,B-ZB-BR,S-ZB-UN,B-ZE-BR,S-ZD-BR,S-ZF-BR,S-ZE-BR,S-ZB-BR,S-ZD-BR,S-ZE-UN,B-ZH-BR,B-ZD-BR,B-ZF-BO,B-ZE-BO,B-ZH-BR,B-ZB-BR,B-ZO-BR,B-ZF-UN
133,2018.09.01 00:00,GBPJPY,60,86400,SELL,ZD,1,145.668,144.367,1301.0,144.683,143.478,1205.0,92.621,75.71,316.0,307.0,144.683,144.367,143.162,BREAK,2018.09.03 10:00,0,,0,,0,,0,NA,London,BOUNCE,2018.09.04 11:00,NA,,145.984,BREAK,2018.09.13 17:00,0,,0,,0,,0,NA,NewYork,BREAK,2018.09.13 18:00,BREAK,2018.09.14 04:00,144.051,BREAK,2018.09.01 00:00,0,,0,,0,,0,NA,Asia,BREAK,2018.09.03 04:00,BREAK,2018.09.03 12:00,144.999,BOUNCE,2018.09.10 17:00,0,,0,,0,,0,NA,NewYork,NA,,NA,,B-ZE-BR,B-ZE-BR,B-ZG-BR,B-ZE-BR,B-ZB-BR,S-ZB-UN,B-ZE-BR,S-ZD-BR,S-ZF-BR,S-ZE-BR,S-ZE-UN,B-ZH-BR,B-ZD-BR,B-ZF-BO,B-ZE-BO,B-ZH-BR,B-ZB-BR,B-ZO-BR,B-ZF-UN,B-ZC-UN
134,2018.09.05 00:00,GBPJPY,60,86400,SELL,ZE,1,143.701,142.821,880.0,143.364,142.577,787.0,89.432,38.30,543.0,207.7,143.364,142.821,142.034,UNTOUCHED,,0,,0,,0,,0,NA,Other,NA,,NA,,144.244,BREAK,2018.09.05 17:00,0,,0,,0,,0,NA,NewYork,BOUNCE,2018.09.05 19:00,NA,,142.278,UNTOUCHED,,0,,0,,0,,0,NA,Other,NA,,NA,,143.907,BREAK,2018.09.05 17:00,0,,0,,0,,0,NA,NewYork,BREAK,2018.09.05 18:00,BREAK,2018.09.11 04:00,S-ZD-BR,B-ZE-BR,B-ZE-BR,B-ZG-BR,B-ZE-BR,B-ZB-BR,S-ZB-UN,B-ZE-BR,S-ZD-BR,S-ZF-BR,B-ZH-BR,B-ZD-BR,B-ZF-BO,B-ZE-BO,B-ZH-BR,B-ZB-BR,B-ZO-BR,B-ZF-UN,B-ZC-UN,S-ZD-BO
135,2018.09.06 00:00,GBPJPY,60,86400,BUY,ZH,1,143.364,142.577,787.0,144.950,142.637,2313.0,293.901,7.62,727.0,185.7,143.364,142.637,145.677,BREAK,2018.09.11 11:00,0,,0,,0,,0,NA,London,BREAK,2018.09.13 18:00,BREAK,2018.09.17 17:00,141.850,UNTOUCHED,,0,,0,,0,,0,NA,Other,NA,,NA,,144.091,BOUNCE,2018.09.06 12:00,0,,0,,0,,0,NA,London,NA,,NA,,141.910,UNTOUCHED,,0,,0,,0,,0,NA,Other,NA,,NA,,S-ZE-UN,S-ZD-BR,B-ZE-BR,B-ZE-BR,B-ZG-BR,B-ZE-BR,B-ZB-BR,S-ZB-UN,B-ZE-BR,S-ZD-BR,B-ZD-BR,B-ZF-BO,B-ZE-BO,B-ZH-BR,B-ZB-BR,B-ZO-BR,B-ZF-UN,B-ZC-UN,S-ZD-BO,S-ZG-BR
136,2018.09.12 00:00,GBPJPY,60,86400,BUY,ZD,1,145.013,143.056,1957.0,145.912,144.323,1589.0,81.196,64.74,690.0,461.9,145.013,144.323,146.602,BREAK,2018.09.13 18:00,0,,0,,0,,0,NA,NewYork,BREAK,2018.09.18 10:00,BREAK,2018.09.19 12:00,142.366,UNTOUCHED,,0,,0,,0,,0,NA,Other,NA,,NA,,145.703,BREAK,2018.09.13 15:00,0,,0,,0,,0,NA,NewYork,BREAK,2018.09.14 02:00,BREAK,2018.09.18 10:00,143.633,UNTOUCHED,,0,,0,,0,,0,NA,Other,NA,,NA,,B-ZH-BR,S-ZE-UN,S-ZD-BR,B-ZE-BR,B-ZE-BR,B-ZG-BR,B-ZE-BR,B-ZB-BR,S-ZB-UN,B-ZE-BR,B-ZF-BO,B-ZE-BO,B-ZH-BR,B-ZB-BR,B-ZO-BR,B-ZF-UN,B-ZC-UN,S-ZD-BO,S-ZG-BR,S-ZB-BO
137,2018.09.14 00:00,GBPJPY,60,86400,BUY,ZF,1,145.637,144.658,979.0,146.803,144.998,1805.0,184.372,34.73,639.0,231.0,145.637,144.998,147.442,BOUNCE,2018.09.17 21:00,1,2018.10.18 21:00,1,2018.10.25 03:00,0,,2,5w 2d,Other,NA,,NA,,144.019,UNTOUCHED,,0,,0,,0,,0,NA,Other,NA,,NA,,146.276,BREAK,2018.09.14 00:00,0,,0,,0,,0,NA,Asia,BOUNCE,2018.09.14 23:00,NA,,144.359,BREAK,2018.10.25 03:00,0,,0,,0,,0,NA,Asia,BREAK,2018.10.26 12:00,BREAK,2018.10.26 19:00,B-ZD-BR,B-ZH-BR,S-ZE-UN,S-ZD-BR,B-ZE-BR,B-ZE-BR,B-ZG-BR,B-ZE-BR,B-ZB-BR,S-ZB-UN,B-ZE-BO,B-ZH-BR,B-ZB-BR,B-ZO-BR,B-ZF-UN,B-ZC-UN,S-ZD-BO,S-ZG-BR,S-ZB-BO,B-ZG-UN
138,2018.09.15 00:00,GBPJPY,60,86400,BUY,ZE,1,146.803,144.998,1805.0,147.003,146.240,763.0,42.271,68.81,563.0,426.0,146.803,146.240,147.566,BOUNCE,2018.09.18 10:00,1,2018.10.18 19:00,1,2018.10.23 11:00,1,2018.10.25 00:00,3,5w 1d,London,NA,,NA,,144.435,BOUNCE,2018.10.25 00:00,0,,0,,0,,0,NA,Asia,NA,,NA,,147.366,BOUNCE,2018.09.17 21:00,1,2018.10.23 11:00,1,2018.10.25 00:00,0,,2,5w 2d,Other,NA,,NA,,145.677,BOUNCE,2018.10.23 11:00,0,,0,,0,,0,NA,London,NA,,NA,,B-ZF-BO,B-ZD-BR,B-ZH-BR,S-ZE-UN,S-ZD-BR,B-ZE-BR,B-ZE-BR,B-ZG-BR,B-ZE-BR,B-ZB-BR,B-ZH-BR,B-ZB-BR,B-ZO-BR,B-ZF-UN,B-ZC-UN,S-ZD-BO,S-ZG-BR,S-ZB-BO,B-ZG-UN,B-ZB-UN
139,2018.09.18 00:00,GBPJPY,60,86400,BUY,ZH,1,146.441,146.263,178.0,147.448,146.297,1151.0,646.629,19.10,144.0,42.0,146.441,146.297,147.592,BREAK,2018.09.18 10:00,0,,0,,0,,0,NA,London,BREAK,2018.09.18 17:00,BOUNCE,2018.09.18 18:00,146.119,BREAK,2018.10.18 21:00,0,,0,,0,,0,NA,Other,BREAK,2018.10.18 22:00,BOUNCE,2018.10.23 08:00,146.585,BREAK,2018.09.18 00:00,0,,0,,0,,0,NA,Asia,BREAK,2018.09.18 01:00,BREAK,2018.09.18 02:00,146.153,BREAK,2018.10.18 21:00,0,,0,,0,,0,NA,Other,BREAK,2018.10.18 22:00,BREAK,2018.10.23 08:00,B-ZE-BO,B-ZF-BO,B-ZD-BR,B-ZH-BR,S-ZE-UN,S-ZD-BR,B-ZE-BR,B-ZE-BR,B-ZG-BR,B-ZE-BR,B-ZB-BR,B-ZO-BR,B-ZF-UN,B-ZC-UN,S-ZD-BO,S-ZG-BR,S-ZB-BO,B-ZG-UN,B-ZB-UN,S-ZO-BO
140,2018.09.19 00:00,GBPJPY,60,86400,BUY,ZB,1,147.448,146.297,1151.0,147.896,146.764,1132.0,98.349,40.57,684.0,271.6,147.448,146.764,148.580,BREAK,2018.09.20 15:00,0,,0,,0,,0,NA,NewYork,BREAK,2018.09.21 06:00,UNTOUCHED,,145.613,BOUNCE,2018.10.23 11:00,0,,0,,0,,0,NA,London,NA,,NA,,148.132,BREAK,2018.09.19 12:00,0,,0,,0,,0,NA,London,BREAK,2018.09.20 19:00,BOUNCE,2018.09.21 13:00,146.080,BREAK,2018.10.18 21:00,0,,0,,0,,0,NA,Other,BOUNCE,2018.10.23 23:00,NA,,B-ZH-BR,B-ZE-BO,B-ZF-BO,B-ZD-BR,B-ZH-BR,S-ZE-UN,S-ZD-BR,B-ZE-BR,B-ZE-BR,B-ZG-BR,B-ZO-BR,B-ZF-UN,B-ZC-UN,S-ZD-BO,S-ZG-BR,S-ZB-BO,B-ZG-UN,B-ZB-UN,S-ZO-BO,B-ZE-UN
141,2018.09.20 00:00,GBPJPY,60,86400,BUY,ZO,0,147.896,146.764,1132.0,148.518,147.178,1340.0,118.375,36.57,718.0,267.2,147.896,147.178,149.236,BREAK,2018.09.20 23:00,0,,0,,0,,0,NA,Other,UNTOUCHED,,NA,,146.046,BOUNCE,2018.10.18 21:00,1,2018.10.22 11:00,0,,0,,1,3d 14h,Other,NA,,NA,,148.614,BREAK,2018.09.20 15:00,0,,0,,0,,0,NA,NewYork,BREAK,2018.09.21 07:00,UNTOUCHED,,146.460,BREAK,2018.10.18 19:00,0,,0,,0,,0,NA,NewYork,BREAK,2018.10.23 11:00,BREAK,2018.10.24 22:00,B-ZB-BR,B-ZH-BR,B-ZE-BO,B-ZF-BO,B-ZD-BR,B-ZH-BR,S-ZE-UN,S-ZD-BR,B-ZE-BR,B-ZE-BR,B-ZF-UN,B-ZC-UN,S-ZD-BO,S-ZG-BR,S-ZB-BO,B-ZG-UN,B-ZB-UN,S-ZO-BO,B-ZE-UN,S-ZE-BR
142,2018.09.21 00:00,GBPJPY,60,86400,BUY,ZF,0,148.518,147.178,1340.0,149.271,147.328,1943.0,145.000,11.19,1190.0,316.2,148.518,147.328,150.461,UNTOUCHED,,0,,0,,0,,0,NA,Other,NA,,NA,,145.988,BOUNCE,2018.10.18 21:00,0,,0,,0,,0,NA,Other,NA,,NA,,149.708,UNTOUCHED,,0,,0,,0,,0,NA,Other,NA,,NA,,146.138,BREAK,2018.10.18 21:00,0,,0,,0,,0,NA,Other,BREAK,2018.10.24 23:00,BREAK,2018.10.26 14:00,B-ZO-BR,B-ZB-BR,B-ZH-BR,B-ZE-BO,B-ZF-BO,B-ZD-BR,B-ZH-BR,S-ZE-UN,S-ZD-BR,B-ZE-BR,B-ZC-UN,S-ZD-BO,S-ZG-BR,S-ZB-BO,B-ZG-UN,B-ZB-UN,S-ZO-BO,B-ZE-UN,S-ZE-BR,B-ZF-BR
143,2018.09.27 00:00,GBPJPY,60,86400,BUY,ZC,1,149.008,147.790,1218.0,149.079,148.325,754.0,61.905,43.92,683.0,287.4,149.008,148.325,149.762,UNTOUCHED,,0,,0,,0,,0,NA,Other,NA,,NA,,147.107,BREAK,2018.10.15 01:00,0,,0,,0,,0,NA,Asia,BOUNCE,2018.10.18 19:00,NA,,149.691,UNTOUCHED,,0,,0,,0,,0,NA,Other,NA,,NA,,147.642,BOUNCE,2018.09.27 11:00,0,,0,,0,,0,NA,London,NA,,NA,,B-ZF-UN,B-ZO-BR,B-ZB-BR,B-ZH-BR,B-ZE-BO,B-ZF-BO,B-ZD-BR,B-ZH-BR,S-ZE-UN,S-ZD-BR,S-ZD-BO,S-ZG-BR,S-ZB-BO,B-ZG-UN,B-ZB-UN,S-ZO-BO,B-ZE-UN,S-ZE-BR,B-ZF-BR,S-ZB-BR
144,2018.09.28 00:00,GBPJPY,60,86400,SELL,ZD,1,149.079,148.325,754.0,148.714,147.580,1134.0,150.398,48.41,389.0,177.9,148.714,148.325,147.191,BOUNCE,2018.10.02 14:00,1,2018.10.03 06:00,1,2018.10.05 18:00,1,2018.10.08 05:00,3,5d 15h,NewYork,NA,,NA,,149.468,BOUNCE,2018.10.08 05:00,1,2018.10.08 11:00,1,2018.10.08 12:00,1,2018.10.12 20:00,3,4d 15h,Asia,NA,,NA,,147.936,BOUNCE,2018.09.28 12:00,1,2018.10.01 16:00,1,2018.10.08 05:00,0,,2,1w 2d,London,NA,,NA,,149.103,BREAK,2018.10.01 16:00,0,,0,,0,,0,NA,NewYork,BOUNCE,2018.10.08 10:00,NA,,B-ZC-UN,B-ZF-UN,B-ZO-BR,B-ZB-BR,B-ZH-BR,B-ZE-BO,B-ZF-BO,B-ZD-BR,B-ZH-BR,S-ZE-UN,S-ZG-BR,S-ZB-BO,B-ZG-UN,B-ZB-UN,S-ZO-BO,B-ZE-UN,S-ZE-BR,B-ZF-BR,S-ZB-BR,S-ZF-BR
145,2018.09.29 00:00,GBPJPY,60,86400,SELL,ZG,0,148.714,147.580,1134.0,148.627,147.523,1104.0,97.354,7.67,1047.0,267.6,148.627,147.580,146.476,BREAK,2018.10.18 19:00,0,,0,,0,,0,NA,NewYork,BREAK,2018.10.24 20:00,BREAK,2018.10.25 05:00,149.761,UNTOUCHED,,0,,0,,0,,0,NA,Other,NA,,NA,,146.533,BOUNCE,2018.10.15 11:00,0,,0,,0,,0,NA,London,NA,,NA,,149.674,UNTOUCHED,,0,,0,,0,,0,NA,Other,NA,,NA,,S-ZD-BO,B-ZC-UN,B-ZF-UN,B-ZO-BR,B-ZB-BR,B-ZH-BR,B-ZE-BO,B-ZF-BO,B-ZD-BR,B-ZH-BR,S-ZB-BO,B-ZG-UN,B-ZB-UN,S-ZO-BO,B-ZE-UN,S-ZE-BR,B-ZF-BR,S-ZB-BR,S-ZF-BR,S-ZB-UN
146,2018.10.03 00:00,GBPJPY,60,86400,SELL,ZB,1,149.409,148.153,1256.0,148.705,147.178,1527.0,121.576,56.05,552.0,296.4,148.705,148.153,146.626,BOUNCE,2018.10.15 10:00,1,2018.10.16 11:00,1,2018.11.08 08:00,0,,2,3w 2d,London,NA,,NA,,149.961,UNTOUCHED,,0,,0,,0,,0,NA,Other,NA,,NA,,147.601,BREAK,2018.10.03 00:00,0,,0,,0,,0,NA,Asia,BREAK,2018.10.15 01:00,BOUNCE,2018.10.15 14:00,149.257,BOUNCE,2018.10.08 01:00,1,2018.10.08 17:00,1,2018.10.08 17:00,0,,2,16h,Asia,NA,,NA,,S-ZG-BR,S-ZD-BO,B-ZC-UN,B-ZF-UN,B-ZO-BR,B-ZB-BR,B-ZH-BR,B-ZE-BO,B-ZF-BO,B-ZD-BR,B-ZG-UN,B-ZB-UN,S-ZO-BO,B-ZE-UN,S-ZE-BR,B-ZF-BR,S-ZB-BR,S-ZF-BR,S-ZB-UN,S-ZG-BR
147,2018.10.05 00:00,GBPJPY,60,86400,BUY,ZG,0,148.570,147.249,1321.0,148.619,147.687,932.0,70.553,33.16,883.0,311.8,148.570,147.687,149.502,UNTOUCHED,,0,,0,,0,,0,NA,Other,NA,,NA,,146.366,BREAK,2018.10.18 20:00,0,,0,,0,,0,NA,NewYork,BOUNCE,2018.10.23 16:00,NA,,149.453,BOUNCE,2018.10.08 04:00,1,2018.10.15 01:00,1,2018.10.18 20:00,0,,2,1w 3d,Asia,NA,,NA,,146.804,BREAK,2018.10.15 01:00,0,,0,,0,,0,NA,Asia,BOUNCE,2018.10.19 17:00,NA,,S-ZB-BO,S-ZG-BR,S-ZD-BO,B-ZC-UN,B-ZF-UN,B-ZO-BR,B-ZB-BR,B-ZH-BR,B-ZE-BO,B-ZF-BO,B-ZB-UN,S-ZO-BO,B-ZE-UN,S-ZE-BR,B-ZF-BR,S-ZB-BR,S-ZF-BR,S-ZB-UN,S-ZG-BR,B-ZG-BR
148,2018.10.06 00:00,GBPJPY,60,86400,BUY,ZB,1,148.619,147.687,932.0,149.252,148.063,1189.0,127.575,40.34,556.0,220.0,148.619,148.063,149.808,UNTOUCHED,,0,,0,,0,,0,NA,Other,NA,,NA,,147.131,BREAK,2018.10.15 01:00,0,,0,,0,,0,NA,Asia,BOUNCE,2018.10.15 14:00,NA,,149.175,BREAK,2018.10.06 00:00,0,,0,,0,,0,NA,Asia,UNTOUCHED,,NA,,147.507,BOUNCE,2018.10.08 17:00,1,2018.10.10 15:00,1,2018.10.10 15:00,0,,2,1d 22h,NewYork,NA,,NA,,B-ZG-UN,S-ZB-BO,S-ZG-BR,S-ZD-BO,B-ZC-UN,B-ZF-UN,B-ZO-BR,B-ZB-BR,B-ZH-BR,B-ZE-BO,S-ZO-BO,B-ZE-UN,S-ZE-BR,B-ZF-BR,S-ZB-BR,S-ZF-BR,S-ZB-UN,S-ZG-BR,B-ZG-BR,B-ZF-BR
149,2018.10.10 00:00,GBPJPY,60,86400,SELL,ZO,0,149.493,147.478,2015.0,148.730,147.332,1398.0,69.380,37.87,1252.0,475.5,148.730,147.478,146.080,BOUNCE,2018.10.18 21:00,1,2018.11.06 22:00,0,,0,,1,2w 5d,Other,NA,,NA,,150.745,UNTOUCHED,,0,,0,,0,,0,NA,Other,NA,,NA,,146.226,BOUNCE,2018.10.18 20:00,0,,0,,0,,0,NA,NewYork,NA,,NA,,149.982,UNTOUCHED,,0,,0,,0,,0,NA,Other,NA,,NA,,B-ZB-UN,B-ZG-UN,S-ZB-BO,S-ZG-BR,S-ZD-BO,B-ZC-UN,B-ZF-UN,B-ZO-BR,B-ZB-BR,B-ZH-BR,B-ZE-UN,S-ZE-BR,B-ZF-BR,S-ZB-BR,S-ZF-BR,S-ZB-UN,S-ZG-BR,B-ZG-BR,B-ZF-BR,B-ZD-BR
150,2018.10.11 00:00,GBPJPY,60,86400,BUY,ZE,1,148.730,147.332,1398.0,149.289,148.184,1105.0,79.041,60.94,546.0,329.9,148.730,148.184,149.835,UNTOUCHED,,0,,0,,0,,0,NA,Other,NA,,NA,,146.786,BOUNCE,2018.10.15 01:00,1,2018.10.16 11:00,1,2018.11.08 08:00,0,,2,3w 3d,Asia,NA,,NA,,149.276,BOUNCE,2018.11.08 08:00,1,2018.11.09 20:00,1,2018.11.12 11:00,0,,2,4d 3h,London,NA,,NA,,147.638,BREAK,2018.10.12 18:00,0,,0,,0,,0,NA,NewYork,BREAK,2018.10.15 01:00,BOUNCE,2018.10.15 14:00,S-ZO-BO,B-ZB-UN,B-ZG-UN,S-ZB-BO,S-ZG-BR,S-ZD-BO,B-ZC-UN,B-ZF-UN,B-ZO-BR,B-ZB-BR,S-ZE-BR,B-ZF-BR,S-ZB-BR,S-ZF-BR,S-ZB-UN,S-ZG-BR,B-ZG-BR,B-ZF-BR,B-ZD-BR,B-ZO-UN
151,2018.10.12 00:00,GBPJPY,60,86400,SELL,ZE,1,149.289,148.184,1105.0,148.764,147.797,967.0,87.511,47.51,580.0,260.8,148.764,148.184,147.217,BREAK,2018.10.12 20:00,0,,0,,0,,0,NA,NewYork,BOUNCE,2018.10.15 14:00,NA,,149.869,UNTOUCHED,,0,,0,,0,,0,NA,Other,NA,,NA,,147.604,BREAK,2018.10.12 18:00,0,,0,,0,,0,NA,NewYork,BREAK,2018.10.15 01:00,BOUNCE,2018.10.18 19:00,149.344,BOUNCE,2018.11.08 12:00,1,2018.11.09 20:00,1,2018.11.09 20:00,0,,2,1d 8h,London,NA,,NA,,B-ZE-UN,S-ZO-BO,B-ZB-UN,B-ZG-UN,S-ZB-BO,S-ZG-BR,S-ZD-BO,B-ZC-UN,B-ZF-UN,B-ZO-BR,B-ZF-BR,S-ZB-BR,S-ZF-BR,S-ZB-UN,S-ZG-BR,B-ZG-BR,B-ZF-BR,B-ZD-BR,B-ZO-UN,S-ZB-BO
152,2018.10.17 00:00,GBPJPY,60,86400,BUY,ZF,1,147.412,146.492,920.0,148.389,146.826,1563.0,169.891,36.30,586.0,217.1,147.412,146.826,148.975,BREAK,2018.11.07 18:00,0,,0,,0,,0,NA,NewYork,UNTOUCHED,,NA,,145.906,BOUNCE,2018.10.18 21:00,1,2018.10.19 20:00,1,2018.11.06 10:00,1,2018.11.07 18:00,3,2w 5d,Other,NA,,NA,,147.998,BREAK,2018.10.17 00:00,0,,0,,0,,0,NA,Asia,BREAK,2018.11.07 06:00,BREAK,2018.11.08 12:00,146.240,BREAK,2018.10.18 20:00,0,,0,,0,,0,NA,NewYork,BOUNCE,2018.10.23 16:00,NA,,S-ZE-BR,B-ZE-UN,S-ZO-BO,B-ZB-UN,B-ZG-UN,S-ZB-BO,S-ZG-BR,S-ZD-BO,B-ZC-UN,B-ZF-UN,S-ZB-BR,S-ZF-BR,S-ZB-UN,S-ZG-BR,B-ZG-BR,B-ZF-BR,B-ZD-BR,B-ZO-UN,S-ZB-BO,S-ZD-BO
153,2018.10.19 00:00,GBPJPY,60,86400,SELL,ZB,1,148.237,147.037,1200.0,147.763,145.798,1965.0,163.750,39.50,726.0,283.2,147.763,147.037,145.072,BREAK,2018.10.24 20:00,0,,0,,0,,0,NA,NewYork,BREAK,2018.10.26 01:00,BREAK,2018.10.26 14:00,148.963,BREAK,2018.11.07 18:00,0,,0,,0,,0,NA,NewYork,UNTOUCHED,,NA,,146.311,BREAK,2018.10.19 00:00,0,,0,,0,,0,NA,Asia,BOUNCE,2018.10.23 16:00,NA,,148.489,BREAK,2018.11.06 22:00,0,,0,,0,,0,NA,Other,BOUNCE,2018.11.09 10:00,NA,,B-ZF-BR,S-ZE-BR,B-ZE-UN,S-ZO-BO,B-ZB-UN,B-ZG-UN,S-ZB-BO,S-ZG-BR,S-ZD-BO,B-ZC-UN,S-ZF-BR,S-ZB-UN,S-ZG-BR,B-ZG-BR,B-ZF-BR,B-ZD-BR,B-ZO-UN,S-ZB-BO,S-ZD-BO,S-ZF-BR
154,2018.10.25 00:00,GBPJPY,60,86400,SELL,ZF,1,146.388,145.273,1115.0,146.287,144.629,1658.0,148.700,9.06,1014.0,263.1,146.287,145.273,143.615,BREAK,2018.10.26 10:00,0,,0,,0,,0,NA,London,UNTOUCHED,,NA,,147.402,BREAK,2018.11.05 10:00,0,,0,,0,,0,NA,London,BREAK,2018.11.07 01:00,BOUNCE,2018.11.09 11:00,144.259,BREAK,2018.10.25 05:00,0,,0,,0,,0,NA,Asia,BREAK,2018.10.26 19:00,UNTOUCHED,,147.301,BREAK,2018.11.05 02:00,0,,0,,0,,0,NA,Asia,BREAK,2018.11.06 22:00,BOUNCE,2018.11.09 11:00,S-ZB-BR,B-ZF-BR,S-ZE-BR,B-ZE-UN,S-ZO-BO,B-ZB-UN,B-ZG-UN,S-ZB-BO,S-ZG-BR,S-ZD-BO,S-ZB-UN,S-ZG-BR,B-ZG-BR,B-ZF-BR,B-ZD-BR,B-ZO-UN,S-ZB-BO,S-ZD-BO,S-ZF-BR,S-ZD-BR
155,2018.10.27 00:00,GBPJPY,60,86400,SELL,ZB,1,145.022,144.073,949.0,144.392,142.756,1636.0,172.392,66.39,319.0,224.0,144.392,144.073,142.437,UNTOUCHED,,0,,0,,0,,0,NA,Other,NA,,NA,,145.341,BREAK,2018.11.01 11:00,0,,0,,0,,0,NA,London,BOUNCE,2018.11.01 14:00,NA,,143.754,BREAK,2018.10.27 00:00,0,,0,,0,,0,NA,Asia,BOUNCE,2018.10.29 09:00,NA,,144.711,BREAK,2018.10.31 19:00,0,,0,,0,,0,NA,NewYork,BREAK,2018.11.01 11:00,BREAK,2018.11.01 12:00,S-ZF-BR,S-ZB-BR,B-ZF-BR,S-ZE-BR,B-ZE-UN,S-ZO-BO,B-ZB-UN,B-ZG-UN,S-ZB-BO,S-ZG-BR,S-ZG-BR,B-ZG-BR,B-ZF-BR,B-ZD-BR,B-ZO-UN,S-ZB-BO,S-ZD-BO,S-ZF-BR,S-ZD-BR,B-ZF-UN
156,2018.10.31 00:00,GBPJPY,60,86400,SELL,ZG,0,144.387,143.323,1064.0,144.375,143.198,1177.0,110.620,1.13,1052.0,251.1,144.375,143.323,142.146,BREAK,2018.12.10 19:00,0,,0,,0,,0,NA,NewYork,BREAK,2018.12.20 20:00,BREAK,2018.12.26 19:00,145.439,BREAK,2018.11.01 12:00,0,,0,,0,,0,NA,London,BREAK,2018.11.01 22:00,BREAK,2018.11.06 02:00,142.271,BREAK,2018.12.10 19:00,0,,0,,0,,0,NA,NewYork,BOUNCE,2018.12.11 00:00,NA,,145.427,BREAK,2018.11.01 11:00,0,,0,,0,,0,NA,London,BREAK,2018.11.01 22:00,BREAK,2018.11.05 23:00,S-ZB-UN,S-ZF-BR,S-ZB-BR,B-ZF-BR,S-ZE-BR,B-ZE-UN,S-ZO-BO,B-ZB-UN,B-ZG-UN,S-ZB-BO,B-ZG-BR,B-ZF-BR,B-ZD-BR,B-ZO-UN,S-ZB-BO,S-ZD-BO,S-ZF-BR,S-ZD-BR,B-ZF-UN,B-ZD-UN
157,2018.11.01 00:00,GBPJPY,60,86400,BUY,ZG,1,144.375,143.198,1177.0,145.117,143.515,1602.0,136.109,26.93,860.0,277.8,144.375,143.515,145.977,BREAK,2018.11.01 19:00,0,,0,,0,,0,NA,NewYork,BREAK,2018.11.02 11:00,BREAK,2018.11.06 10:00,142.338,BREAK,2018.12.10 19:00,0,,0,,0,,0,NA,NewYork,BREAK,2018.12.10 20:00,BREAK,2018.12.21 18:00,145.235,BREAK,2018.11.01 11:00,0,,0,,0,,0,NA,London,BREAK,2018.11.01 20:00,BREAK,2018.11.02 11:00,142.655,BREAK,2018.12.10 15:00,0,,0,,0,,0,NA,NewYork,BREAK,2018.12.10 19:00,BREAK,2018.12.20 23:00,S-ZG-BR,S-ZB-UN,S-ZF-BR,S-ZB-BR,B-ZF-BR,S-ZE-BR,B-ZE-UN,S-ZO-BO,B-ZB-UN,B-ZG-UN,B-ZF-BR,B-ZD-BR,B-ZO-UN,S-ZB-BO,S-ZD-BO,S-ZF-BR,S-ZD-BR,B-ZF-UN,B-ZD-UN,S-ZG-BR
158,2018.11.02 00:00,GBPJPY,60,86400,BUY,ZF,1,145.117,143.515,1602.0,146.877,144.008,2869.0,179.089,30.77,1109.0,378.1,145.117,144.008,147.986,BREAK,2018.11.06 10:00,0,,0,,0,,0,NA,London,BOUNCE,2018.11.09 12:00,NA,,142.406,BREAK,2018.12.10 16:00,0,,0,,0,,0,NA,NewYork,BOUNCE,2018.12.11 12:00,NA,,146.226,BREAK,2018.11.02 00:00,0,,0,,0,,0,NA,Asia,BREAK,2018.11.05 23:00,BREAK,2018.11.07 06:00,142.899,BOUNCE,2018.12.04 21:00,0,,0,,0,,0,NA,Other,NA,,NA,,B-ZG-BR,S-ZG-BR,S-ZB-UN,S-ZF-BR,S-ZB-BR,B-ZF-BR,S-ZE-BR,B-ZE-UN,S-ZO-BO,B-ZB-UN,B-ZD-BR,B-ZO-UN,S-ZB-BO,S-ZD-BO,S-ZF-BR,S-ZD-BR,B-ZF-UN,B-ZD-UN,S-ZG-BR,B-ZF-UN
159,2018.11.07 00:00,GBPJPY,60,86400,BUY,ZD,1,147.790,146.837,953.0,148.625,147.285,1340.0,140.609,47.01,505.0,224.9,147.790,147.285,149.130,BREAK,2018.11.07 19:00,0,,0,,0,,0,NA,NewYork,UNTOUCHED,,NA,,146.332,BREAK,2018.11.12 13:00,0,,0,,0,,0,NA,NewYork,BREAK,2018.11.15 13:00,BREAK,2018.11.15 14:00,148.295,BREAK,2018.11.07 00:00,0,,0,,0,,0,NA,Asia,BREAK,2018.11.07 18:00,BOUNCE,2018.11.08 15:00,146.780,BREAK,2018.11.12 11:00,0,,0,,0,,0,NA,London,BOUNCE,2018.11.12 17:00,NA,,B-ZF-BR,B-ZG-BR,S-ZG-BR,S-ZB-UN,S-ZF-BR,S-ZB-BR,B-ZF-BR,S-ZE-BR,B-ZE-UN,S-ZO-BO,B-ZO-UN,S-ZB-BO,S-ZD-BO,S-ZF-BR,S-ZD-BR,B-ZF-UN,B-ZD-UN,S-ZG-BR,B-ZF-UN,S-ZG-BR
160,2018.11.09 00:00,GBPJPY,60,86400,BUY,ZO,0,149.214,148.315,899.0,149.470,148.589,881.0,97.998,30.48,625.0,212.2,149.214,148.589,150.095,UNTOUCHED,,0,,0,,0,,0,NA,Other,NA,,NA,,147.690,BREAK,2018.11.09 20:00,0,,0,,0,,0,NA,NewYork,BREAK,2018.11.12 11:00,BREAK,2018.11.12 14:00,149.839,UNTOUCHED,,0,,0,,0,,0,NA,Other,NA,,NA,,147.964,BREAK,2018.11.09 12:00,0,,0,,0,,0,NA,London,BREAK,2018.11.12 02:00,BREAK,2018.11.12 12:00,B-ZD-BR,B-ZF-BR,B-ZG-BR,S-ZG-BR,S-ZB-UN,S-ZF-BR,S-ZB-BR,B-ZF-BR,S-ZE-BR,B-ZE-UN,S-ZB-BO,S-ZD-BO,S-ZF-BR,S-ZD-BR,B-ZF-UN,B-ZD-UN,S-ZG-BR,B-ZF-UN,S-ZG-BR,S-ZD-BR
161,2018.11.10 00:00,GBPJPY,60,86400,SELL,ZB,1,149.470,148.589,881.0,149.034,147.534,1500.0,170.261,49.49,445.0,207.9,149.034,148.589,147.089,BOUNCE,2018.11.12 02:00,1,2018.11.13 19:00,0,,0,,1,1d 17h,Asia,NA,,NA,,149.915,UNTOUCHED,,0,,0,,0,,0,NA,Other,NA,,NA,,148.144,BREAK,2018.11.10 00:00,0,,0,,0,,0,NA,Asia,BREAK,2018.11.12 02:00,BREAK,2018.11.12 09:00,149.479,UNTOUCHED,,0,,0,,0,,0,NA,Other,NA,,NA,,B-ZO-UN,B-ZD-BR,B-ZF-BR,B-ZG-BR,S-ZG-BR,S-ZB-UN,S-ZF-BR,S-ZB-BR,B-ZF-BR,S-ZE-BR,S-ZD-BO,S-ZF-BR,S-ZD-BR,B-ZF-UN,B-ZD-UN,S-ZG-BR,B-ZF-UN,S-ZG-BR,S-ZD-BR,S-ZG-BR
162,2018.11.13 00:00,GBPJPY,60,86400,SELL,ZD,1,147.680,147.481,199.0,147.562,146.051,1511.0,759.296,59.30,81.0,47.0,147.562,147.481,145.970,BOUNCE,2018.11.15 12:00,1,2018.11.15 13:00,0,,0,,1,1h,London,NA,,NA,,147.761,BREAK,2018.11.13 17:00,0,,0,,0,,0,NA,NewYork,BREAK,2018.11.13 19:00,BREAK,2018.11.13 20:00,147.400,BREAK,2018.11.13 00:00,0,,0,,0,,0,NA,Asia,BREAK,2018.11.13 01:00,BREAK,2018.11.13 02:00,147.643,BREAK,2018.11.13 16:00,0,,0,,0,,0,NA,NewYork,BREAK,2018.11.13 17:00,BREAK,2018.11.13 19:00,S-ZB-BO,B-ZO-UN,B-ZD-BR,B-ZF-BR,B-ZG-BR,S-ZG-BR,S-ZB-UN,S-ZF-BR,S-ZB-BR,B-ZF-BR,S-ZF-BR,S-ZD-BR,B-ZF-UN,B-ZD-UN,S-ZG-BR,B-ZF-UN,S-ZG-BR,S-ZD-BR,S-ZG-BR,S-ZG-BR
163,2018.11.16 00:00,GBPJPY,60,86400,SELL,ZF,1,148.414,146.302,2112.0,148.366,144.232,4134.0,195.739,2.27,2064.0,498.4,148.366,146.302,142.168,BREAK,2018.12.10 19:00,0,,0,,0,,0,NA,NewYork,BREAK,2018.12.28 13:00,BREAK,2019.01.02 17:00,150.478,UNTOUCHED,,0,,0,,0,,0,NA,Other,NA,,NA,,144.238,BREAK,2018.11.20 12:00,0,,0,,0,,0,NA,London,BREAK,2018.12.10 19:00,BREAK,2018.12.28 12:00,150.430,UNTOUCHED,,0,,0,,0,,0,NA,Other,NA,,NA,,S-ZD-BO,S-ZB-BO,B-ZO-UN,B-ZD-BR,B-ZF-BR,B-ZG-BR,S-ZG-BR,S-ZB-UN,S-ZF-BR,S-ZB-BR,S-ZD-BR,B-ZF-UN,B-ZD-UN,S-ZG-BR,B-ZF-UN,S-ZG-BR,S-ZD-BR,S-ZG-BR,S-ZG-BR,S-ZH-BR
164,2018.11.21 00:00,GBPJPY,60,86400,SELL,ZD,1,145.300,144.275,1025.0,144.898,144.001,897.0,87.512,39.22,623.0,241.9,144.898,144.275,143.378,BREAK,2018.12.04 21:00,0,,0,,0,,0,NA,Other,BREAK,2018.12.10 15:00,BREAK,2018.12.10 19:00,145.923,BOUNCE,2018.11.22 14:00,1,2018.11.22 15:00,1,2018.12.04 19:00,1,2018.12.04 21:00,3,1w 5d,NewYork,NA,,NA,,143.652,BREAK,2018.12.04 19:00,0,,0,,0,,0,NA,NewYork,BOUNCE,2018.12.10 12:00,NA,,145.521,BREAK,2018.11.22 14:00,0,,0,,0,,0,NA,NewYork,UNTOUCHED,,NA,,S-ZF-BR,S-ZD-BO,S-ZB-BO,B-ZO-UN,B-ZD-BR,B-ZF-BR,B-ZG-BR,S-ZG-BR,S-ZB-UN,S-ZF-BR,B-ZF-UN,B-ZD-UN,S-ZG-BR,B-ZF-UN,S-ZG-BR,S-ZD-BR,S-ZG-BR,S-ZG-BR,S-ZH-BR,B-ZB-UN
165,2018.11.23 00:00,GBPJPY,60,86400,BUY,ZF,1,144.875,144.004,871.0,145.937,144.244,1693.0,194.374,27.55,631.0,205.6,144.875,144.244,146.568,UNTOUCHED,,0,,0,,0,,0,NA,Other,NA,,NA,,143.373,BREAK,2018.12.04 21:00,0,,0,,0,,0,NA,Other,BREAK,2018.12.10 15:00,BREAK,2018.12.10 19:00,145.506,BOUNCE,2018.11.23 03:00,1,2018.12.04 20:00,1,2018.12.04 21:00,0,,2,1w 4d,Asia,NA,,NA,,143.613,BREAK,2018.12.04 20:00,0,,0,,0,,0,NA,NewYork,BOUNCE,2018.12.10 12:00,NA,,S-ZD-BR,S-ZF-BR,S-ZD-BO,S-ZB-BO,B-ZO-UN,B-ZD-BR,B-ZF-BR,B-ZG-BR,S-ZG-BR,S-ZB-UN,B-ZD-UN,S-ZG-BR,B-ZF-UN,S-ZG-BR,S-ZD-BR,S-ZG-BR,S-ZG-BR,S-ZH-BR,B-ZB-UN,S-ZD-BO
166,2018.11.27 00:00,GBPJPY,60,86400,BUY,ZD,1,144.733,144.470,263.0,145.723,144.623,1100.0,418.251,58.17,110.0,62.1,144.733,144.623,145.833,UNTOUCHED,,0,,0,,0,,0,NA,Other,NA,,NA,,144.360,BREAK,2018.12.03 14:00,0,,0,,0,,0,NA,NewYork,BREAK,2018.12.03 17:00,BOUNCE,2018.12.04 08:00,144.843,BREAK,2018.11.27 00:00,0,,0,,0,,0,NA,Asia,BREAK,2018.11.27 01:00,BREAK,2018.11.27 02:00,144.513,BOUNCE,2018.11.29 13:00,1,2018.11.29 19:00,1,2018.11.29 19:00,0,,2,6h,NewYork,NA,,NA,,B-ZF-UN,S-ZD-BR,S-ZF-BR,S-ZD-BO,S-ZB-BO,B-ZO-UN,B-ZD-BR,B-ZF-BR,B-ZG-BR,S-ZG-BR,S-ZG-BR,B-ZF-UN,S-ZG-BR,S-ZD-BR,S-ZG-BR,S-ZG-BR,S-ZH-BR,B-ZB-UN,S-ZD-BO,S-ZF-BR
167,2018.11.28 00:00,GBPJPY,60,86400,SELL,ZG,0,145.723,144.623,1100.0,145.573,144.579,994.0,90.364,13.64,950.0,259.6,145.573,144.623,143.629,BREAK,2018.12.04 20:00,0,,0,,0,,0,NA,NewYork,BREAK,2018.12.10 16:00,BREAK,2018.12.10 19:00,146.673,UNTOUCHED,,0,,0,,0,,0,NA,Other,NA,,NA,,143.673,BREAK,2018.12.04 19:00,0,,0,,0,,0,NA,NewYork,BREAK,2018.12.10 16:00,BREAK,2018.12.10 19:00,146.523,UNTOUCHED,,0,,0,,0,,0,NA,Other,NA,,NA,,B-ZD-UN,B-ZF-UN,S-ZD-BR,S-ZF-BR,S-ZD-BO,S-ZB-BO,B-ZO-UN,B-ZD-BR,B-ZF-BR,B-ZG-BR,B-ZF-UN,S-ZG-BR,S-ZD-BR,S-ZG-BR,S-ZG-BR,S-ZH-BR,B-ZB-UN,S-ZD-BO,S-ZF-BR,S-ZC-BO
168,2018.11.29 00:00,GBPJPY,60,86400,BUY,ZF,0,145.573,144.579,994.0,145.823,144.796,1027.0,103.320,21.83,777.0,234.6,145.573,144.796,146.600,UNTOUCHED,,0,,0,,0,,0,NA,Other,NA,,NA,,143.802,BREAK,2018.12.04 18:00,0,,0,,0,,0,NA,NewYork,BREAK,2018.12.10 15:00,BREAK,2018.12.10 19:00,146.350,UNTOUCHED,,0,,0,,0,,0,NA,Other,NA,,NA,,144.019,BREAK,2018.12.04 10:00,0,,0,,0,,0,NA,London,BREAK,2018.12.04 21:00,BREAK,2018.12.10 19:00,S-ZG-BR,B-ZD-UN,B-ZF-UN,S-ZD-BR,S-ZF-BR,S-ZD-BO,S-ZB-BO,B-ZO-UN,B-ZD-BR,B-ZF-BR,S-ZG-BR,S-ZD-BR,S-ZG-BR,S-ZG-BR,S-ZH-BR,B-ZB-UN,S-ZD-BO,S-ZF-BR,S-ZC-BO,S-ZG-BR
169,2018.11.30 00:00,GBPJPY,60,86400,SELL,ZG,0,145.823,144.796,1027.0,145.785,144.495,1290.0,125.609,3.70,989.0,242.4,145.785,144.796,143.506,BREAK,2018.12.04 21:00,0,,0,,0,,0,NA,Other,BREAK,2018.12.10 19:00,BREAK,2018.12.10 20:00,146.812,UNTOUCHED,,0,,0,,0,,0,NA,Other,NA,,NA,,143.807,BREAK,2018.12.04 18:00,0,,0,,0,,0,NA,NewYork,BREAK,2018.12.10 15:00,BREAK,2018.12.10 19:00,146.774,UNTOUCHED,,0,,0,,0,,0,NA,Other,NA,,NA,,B-ZF-UN,S-ZG-BR,B-ZD-UN,B-ZF-UN,S-ZD-BR,S-ZF-BR,S-ZD-BO,S-ZB-BO,B-ZO-UN,B-ZD-BR,S-ZD-BR,S-ZG-BR,S-ZG-BR,S-ZH-BR,B-ZB-UN,S-ZD-BO,S-ZF-BR,S-ZC-BO,S-ZG-BR,S-ZG-BR
170,2018.12.05 00:00,GBPJPY,60,86400,SELL,ZD,1,145.496,144.160,1336.0,144.748,142.825,1923.0,143.937,55.99,588.0,315.3,144.748,144.160,142.237,BREAK,2018.12.10 19:00,0,,0,,0,,0,NA,NewYork,BREAK,2018.12.10 20:00,BREAK,2018.12.20 21:00,146.084,UNTOUCHED,,0,,0,,0,,0,NA,Other,NA,,NA,,143.572,BREAK,2018.12.05 00:00,0,,0,,0,,0,NA,Asia,BOUNCE,2018.12.10 12:00,NA,,145.336,UNTOUCHED,,0,,0,,0,,0,NA,Other,NA,,NA,,S-ZG-BR,B-ZF-UN,S-ZG-BR,B-ZD-UN,B-ZF-UN,S-ZD-BR,S-ZF-BR,S-ZD-BO,S-ZB-BO,B-ZO-UN,S-ZG-BR,S-ZG-BR,S-ZH-BR,B-ZB-UN,S-ZD-BO,S-ZF-BR,S-ZC-BO,S-ZG-BR,S-ZG-BR,B-ZB-BO
171,2018.12.07 00:00,GBPJPY,60,86400,SELL,ZG,0,144.519,143.247,1272.0,144.217,143.234,983.0,77.280,23.74,970.0,300.2,144.217,143.247,142.264,BREAK,2018.12.10 19:00,0,,0,,0,,0,NA,NewYork,BOUNCE,2018.12.11 00:00,NA,,145.489,UNTOUCHED,,0,,0,,0,,0,NA,Other,NA,,NA,,142.277,BREAK,2018.12.10 19:00,0,,0,,0,,0,NA,NewYork,BOUNCE,2018.12.11 00:00,NA,,145.187,UNTOUCHED,,0,,0,,0,,0,NA,Other,NA,,NA,,S-ZD-BR,S-ZG-BR,B-ZF-UN,S-ZG-BR,B-ZD-UN,B-ZF-UN,S-ZD-BR,S-ZF-BR,S-ZD-BO,S-ZB-BO,S-ZG-BR,S-ZH-BR,B-ZB-UN,S-ZD-BO,S-ZF-BR,S-ZC-BO,S-ZG-BR,S-ZG-BR,B-ZB-BO,B-ZO-BO
172,2018.12.08 00:00,GBPJPY,60,86400,SELL,ZG,0,144.217,143.234,983.0,144.203,143.215,988.0,100.509,1.42,969.0,232.0,144.203,143.234,142.246,BREAK,2018.12.10 19:00,0,,0,,0,,0,NA,NewYork,BOUNCE,2018.12.11 00:00,NA,,145.186,UNTOUCHED,,0,,0,,0,,0,NA,Other,NA,,NA,,142.265,BREAK,2018.12.10 19:00,0,,0,,0,,0,NA,NewYork,BOUNCE,2018.12.11 00:00,NA,,145.172,UNTOUCHED,,0,,0,,0,,0,NA,Other,NA,,NA,,S-ZG-BR,S-ZD-BR,S-ZG-BR,B-ZF-UN,S-ZG-BR,B-ZD-UN,B-ZF-UN,S-ZD-BR,S-ZF-BR,S-ZD-BO,S-ZH-BR,B-ZB-UN,S-ZD-BO,S-ZF-BR,S-ZC-BO,S-ZG-BR,S-ZG-BR,B-ZB-BO,B-ZO-BO,S-ZG-UN
173,2018.12.11 00:00,GBPJPY,60,86400,SELL,ZH,1,143.694,143.430,264.0,143.691,141.156,2535.0,960.227,1.14,261.0,62.3,143.691,143.430,140.895,BREAK,2018.12.20 20:00,0,,0,,0,,0,NA,NewYork,BREAK,2018.12.20 23:00,BREAK,2018.12.21 18:00,143.955,UNTOUCHED,,0,,0,,0,,0,NA,Other,NA,,NA,,143.169,BREAK,2018.12.11 00:00,0,,0,,0,,0,NA,Asia,BREAK,2018.12.11 01:00,BREAK,2018.12.11 02:00,143.952,UNTOUCHED,,0,,0,,0,,0,NA,Other,NA,,NA,,S-ZG-BR,S-ZG-BR,S-ZD-BR,S-ZG-BR,B-ZF-UN,S-ZG-BR,B-ZD-UN,B-ZF-UN,S-ZD-BR,S-ZF-BR,B-ZB-UN,S-ZD-BO,S-ZF-BR,S-ZC-BO,S-ZG-BR,S-ZG-BR,B-ZB-BO,B-ZO-BO,S-ZG-UN,S-ZG-UN
174,2018.12.14 00:00,GBPJPY,60,86400,BUY,ZB,1,143.430,141.495,1935.0,143.902,142.548,1354.0,69.974,54.42,882.0,456.7,143.430,142.548,144.784,UNTOUCHED,,0,,0,,0,,0,NA,Other,NA,,NA,,140.613,BREAK,2018.12.20 23:00,0,,0,,0,,0,NA,Other,BOUNCE,2018.12.26 23:00,NA,,144.312,UNTOUCHED,,0,,0,,0,,0,NA,Other,NA,,NA,,141.666,BREAK,2018.12.19 17:00,0,,0,,0,,0,NA,NewYork,BREAK,2018.12.21 18:00,BOUNCE,2018.12.26 23:00,S-ZH-BR,S-ZG-BR,S-ZG-BR,S-ZD-BR,S-ZG-BR,B-ZF-UN,S-ZG-BR,B-ZD-UN,B-ZF-UN,S-ZD-BR,S-ZD-BO,S-ZF-BR,S-ZC-BO,S-ZG-BR,S-ZG-BR,B-ZB-BO,B-ZO-BO,S-ZG-UN,S-ZG-UN,B-ZF-BR
175,2018.12.19 00:00,GBPJPY,60,86400,SELL,ZD,1,143.221,142.199,1022.0,142.639,141.915,724.0,70.841,56.95,440.0,241.2,142.639,142.199,141.475,BOUNCE,2018.12.20 10:00,1,2019.01.23 13:00,1,2019.01.23 17:00,1,2019.01.25 03:00,3,5w 0d,London,NA,,NA,,143.661,BOUNCE,2019.01.25 03:00,0,,0,,0,,0,NA,Asia,NA,,NA,,141.759,BOUNCE,2018.12.19 17:00,1,2019.01.23 17:00,1,2019.01.25 03:00,0,,2,5w 1d,NewYork,NA,,NA,,143.079,BREAK,2019.01.23 17:00,0,,0,,0,,0,NA,NewYork,BOUNCE,2019.01.23 20:00,NA,,B-ZB-UN,S-ZH-BR,S-ZG-BR,S-ZG-BR,S-ZD-BR,S-ZG-BR,B-ZF-UN,S-ZG-BR,B-ZD-UN,B-ZF-UN,S-ZF-BR,S-ZC-BO,S-ZG-BR,S-ZG-BR,B-ZB-BO,B-ZO-BO,S-ZG-UN,S-ZG-UN,B-ZF-BR,B-ZD-BR
176,2018.12.20 00:00,GBPJPY,60,86400,SELL,ZF,0,142.639,141.915,724.0,142.519,141.610,909.0,125.552,16.57,604.0,170.9,142.519,141.915,141.006,BREAK,2018.12.20 19:00,0,,0,,0,,0,NA,NewYork,BREAK,2018.12.21 18:00,BOUNCE,2018.12.26 23:00,143.243,BREAK,2019.01.23 18:00,0,,0,,0,,0,NA,NewYork,BREAK,2019.01.25 07:00,BREAK,2019.01.25 21:00,141.311,BREAK,2018.12.20 18:00,0,,0,,0,,0,NA,NewYork,BREAK,2018.12.21 18:00,BREAK,2018.12.26 19:00,143.123,BREAK,2019.01.23 17:00,0,,0,,0,,0,NA,NewYork,BOUNCE,2019.01.25 03:00,NA,,S-ZD-BO,B-ZB-UN,S-ZH-BR,S-ZG-BR,S-ZG-BR,S-ZD-BR,S-ZG-BR,B-ZF-UN,S-ZG-BR,B-ZD-UN,S-ZC-BO,S-ZG-BR,S-ZG-BR,B-ZB-BO,B-ZO-BO,S-ZG-UN,S-ZG-UN,B-ZF-BR,B-ZD-BR,B-ZB-BO
177,2018.12.22 00:00,GBPJPY,60,86400,SELL,ZC,1,142.121,140.557,1564.0,141.147,140.220,927.0,59.271,62.28,590.0,369.1,141.147,140.557,139.630,BOUNCE,2018.12.28 12:00,1,2018.12.31 17:00,1,2019.01.17 23:00,1,2019.01.23 15:00,3,3w 5d,London,NA,,NA,,142.711,BREAK,2019.01.23 15:00,0,,0,,0,,0,NA,NewYork,BOUNCE,2019.01.24 17:00,NA,,139.967,BOUNCE,2018.12.26 19:00,1,2019.01.17 23:00,1,2019.01.23 15:00,0,,2,3w 6d,NewYork,NA,,NA,,141.737,BREAK,2019.01.17 23:00,0,,0,,0,,0,NA,Other,BREAK,2019.01.23 15:00,BREAK,2019.01.23 18:00,S-ZF-BR,S-ZD-BO,B-ZB-UN,S-ZH-BR,S-ZG-BR,S-ZG-BR,S-ZD-BR,S-ZG-BR,B-ZF-UN,S-ZG-BR,S-ZG-BR,S-ZG-BR,B-ZB-BO,B-ZO-BO,S-ZG-UN,S-ZG-UN,B-ZF-BR,B-ZD-BR,B-ZB-BO,B-ZB-BR
178,2018.12.28 00:00,GBPJPY,60,86400,SELL,ZG,0,140.854,139.726,1128.0,140.840,139.706,1134.0,100.532,1.24,1114.0,266.2,140.840,139.726,138.592,BREAK,2019.01.02 12:00,0,,0,,0,,0,NA,London,BREAK,2019.01.03 02:00,BREAK,2019.01.03 03:00,141.968,BOUNCE,2019.01.17 23:00,0,,0,,0,,0,NA,Other,NA,,NA,,138.612,BREAK,2019.01.02 12:00,0,,0,,0,,0,NA,London,BREAK,2019.01.03 02:00,BREAK,2019.01.03 03:00,141.954,BOUNCE,2019.01.17 23:00,0,,0,,0,,0,NA,Other,NA,,NA,,S-ZC-BO,S-ZF-BR,S-ZD-BO,B-ZB-UN,S-ZH-BR,S-ZG-BR,S-ZG-BR,S-ZD-BR,S-ZG-BR,B-ZF-UN,S-ZG-BR,B-ZB-BO,B-ZO-BO,S-ZG-UN,S-ZG-UN,B-ZF-BR,B-ZD-BR,B-ZB-BO,B-ZB-BR,S-ZH-BR
179,2018.12.29 00:00,GBPJPY,60,86400,SELL,ZG,0,140.840,139.706,1134.0,140.573,139.476,1097.0,96.737,23.54,867.0,267.6,140.573,139.706,138.609,BREAK,2019.01.02 12:00,0,,0,,0,,0,NA,London,BREAK,2019.01.02 17:00,BREAK,2019.01.03 02:00,141.707,BREAK,2019.01.17 23:00,0,,0,,0,,0,NA,Other,BREAK,2019.01.23 15:00,BREAK,2019.01.25 03:00,138.839,BREAK,2019.01.02 12:00,0,,0,,0,,0,NA,London,BREAK,2019.01.02 17:00,BREAK,2019.01.03 02:00,141.440,BREAK,2019.01.17 22:00,0,,0,,0,,0,NA,Other,BREAK,2019.01.23 13:00,BREAK,2019.01.23 18:00,S-ZG-BR,S-ZC-BO,S-ZF-BR,S-ZD-BO,B-ZB-UN,S-ZH-BR,S-ZG-BR,S-ZG-BR,S-ZD-BR,S-ZG-BR,B-ZB-BO,B-ZO-BO,S-ZG-UN,S-ZG-UN,B-ZF-BR,B-ZD-BR,B-ZB-BO,B-ZB-BR,S-ZH-BR,S-ZH-BO
180,2019.01.05 00:00,GBPJPY,60,86400,BUY,ZB,1,137.719,131.707,6012.0,138.284,135.675,2609.0,43.397,66.00,2044.0,1418.8,137.719,135.675,140.328,BOUNCE,2019.01.15 09:00,0,,0,,0,,0,NA,London,NA,,NA,,129.663,UNTOUCHED,,0,,0,,0,,0,NA,Other,NA,,NA,,139.763,BOUNCE,2019.01.14 19:00,0,,0,,0,,0,NA,NewYork,NA,,NA,,133.631,UNTOUCHED,,0,,0,,0,,0,NA,Other,NA,,NA,,S-ZG-BR,S-ZG-BR,S-ZC-BO,S-ZF-BR,S-ZD-BO,B-ZB-UN,S-ZH-BR,S-ZG-BR,S-ZG-BR,S-ZD-BR,B-ZO-BO,S-ZG-UN,S-ZG-UN,B-ZF-BR,B-ZD-BR,B-ZB-BO,B-ZB-BR,S-ZH-BR,S-ZH-BO,S-ZD-BO
181,2019.01.09 00:00,GBPJPY,60,86400,BUY,ZO,0,138.846,137.593,1253.0,139.418,137.957,1461.0,116.600,29.05,889.0,295.7,138.846,137.957,140.307,BOUNCE,2019.01.15 09:00,1,2019.01.15 20:00,0,,0,,1,11h,London,NA,,NA,,136.704,UNTOUCHED,,0,,0,,0,,0,NA,Other,NA,,NA,,139.735,BREAK,2019.01.14 19:00,0,,0,,0,,0,NA,NewYork,BOUNCE,2019.01.17 12:00,NA,,137.068,UNTOUCHED,,0,,0,,0,,0,NA,Other,NA,,NA,,B-ZB-BO,S-ZG-BR,S-ZG-BR,S-ZC-BO,S-ZF-BR,S-ZD-BO,B-ZB-UN,S-ZH-BR,S-ZG-BR,S-ZG-BR,S-ZG-UN,S-ZG-UN,B-ZF-BR,B-ZD-BR,B-ZB-BO,B-ZB-BR,S-ZH-BR,S-ZH-BO,S-ZD-BO,S-ZE-BO
182,2019.01.10 00:00,GBPJPY,60,86400,SELL,ZG,0,139.418,137.957,1461.0,139.095,137.752,1343.0,91.923,22.11,1138.0,344.8,139.095,137.957,136.614,UNTOUCHED,,0,,0,,0,,0,NA,Other,NA,,NA,,140.556,BREAK,2019.01.17 00:00,0,,0,,0,,0,NA,Asia,BREAK,2019.01.17 23:00,BREAK,2019.01.23 18:00,136.819,UNTOUCHED,,0,,0,,0,,0,NA,Other,NA,,NA,,140.233,BOUNCE,2019.01.15 09:00,0,,0,,0,,0,NA,London,NA,,NA,,B-ZO-BO,B-ZB-BO,S-ZG-BR,S-ZG-BR,S-ZC-BO,S-ZF-BR,S-ZD-BO,B-ZB-UN,S-ZH-BR,S-ZG-BR,S-ZG-UN,B-ZF-BR,B-ZD-BR,B-ZB-BO,B-ZB-BR,S-ZH-BR,S-ZH-BO,S-ZD-BO,S-ZE-BO,S-ZB-BR
183,2019.01.11 00:00,GBPJPY,60,86400,SELL,ZG,0,139.095,137.752,1343.0,138.587,137.438,1149.0,85.555,37.83,835.0,316.9,138.587,137.752,136.603,UNTOUCHED,,0,,0,,0,,0,NA,Other,NA,,NA,,139.930,BOUNCE,2019.01.14 19:00,1,2019.01.15 21:00,0,,0,,1,1d 2h,NewYork,NA,,NA,,136.917,UNTOUCHED,,0,,0,,0,,0,NA,Other,NA,,NA,,139.422,BOUNCE,2019.01.11 21:00,0,,0,,0,,0,NA,Other,NA,,NA,,S-ZG-UN,B-ZO-BO,B-ZB-BO,S-ZG-BR,S-ZG-BR,S-ZC-BO,S-ZF-BR,S-ZD-BO,B-ZB-UN,S-ZH-BR,B-ZF-BR,B-ZD-BR,B-ZB-BO,B-ZB-BR,S-ZH-BR,S-ZH-BO,S-ZD-BO,S-ZE-BO,S-ZB-BR,S-ZC-BO
184,2019.01.12 00:00,GBPJPY,60,86400,BUY,ZF,1,138.587,137.438,1149.0,139.466,137.618,1848.0,160.836,15.67,969.0,271.2,138.587,137.618,140.435,BREAK,2019.01.17 00:00,0,,0,,0,,0,NA,Asia,BREAK,2019.01.17 23:00,BREAK,2019.01.23 15:00,136.469,UNTOUCHED,,0,,0,,0,,0,NA,Other,NA,,NA,,139.556,BREAK,2019.01.14 19:00,0,,0,,0,,0,NA,NewYork,BOUNCE,2019.01.17 12:00,NA,,136.649,UNTOUCHED,,0,,0,,0,,0,NA,Other,NA,,NA,,S-ZG-UN,S-ZG-UN,B-ZO-BO,B-ZB-BO,S-ZG-BR,S-ZG-BR,S-ZC-BO,S-ZF-BR,S-ZD-BO,B-ZB-UN,B-ZD-BR,B-ZB-BO,B-ZB-BR,S-ZH-BR,S-ZH-BO,S-ZD-BO,S-ZE-BO,S-ZB-BR,S-ZC-BO,B-ZG-BR
185,2019.01.18 00:00,GBPJPY,60,86400,BUY,ZD,1,140.318,138.967,1351.0,142.196,139.493,2703.0,200.074,38.93,825.0,318.8,140.318,139.493,143.021,BREAK,2019.01.23 17:00,0,,0,,0,,0,NA,NewYork,BREAK,2019.01.25 07:00,BOUNCE,2019.01.28 13:00,138.142,UNTOUCHED,,0,,0,,0,,0,NA,Other,NA,,NA,,141.143,BREAK,2019.01.18 00:00,0,,0,,0,,0,NA,Asia,BOUNCE,2019.01.19 00:00,NA,,138.668,UNTOUCHED,,0,,0,,0,,0,NA,Other,NA,,NA,,B-ZF-BR,S-ZG-UN,S-ZG-UN,B-ZO-BO,B-ZB-BO,S-ZG-BR,S-ZG-BR,S-ZC-BO,S-ZF-BR,S-ZD-BO,B-ZB-BO,B-ZB-BR,S-ZH-BR,S-ZH-BO,S-ZD-BO,S-ZE-BO,S-ZB-BR,S-ZC-BO,B-ZG-BR,B-ZC-BO
186,2019.01.24 00:00,GBPJPY,60,86400,BUY,ZB,1,141.914,140.605,1309.0,143.540,141.560,1980.0,151.261,72.96,354.0,308.9,141.914,141.560,143.894,BOUNCE,2019.01.25 04:00,1,2019.01.29 23:00,1,2019.02.07 16:00,0,,2,1w 6d,Asia,NA,,NA,,140.251,UNTOUCHED,,0,,0,,0,,0,NA,Other,NA,,NA,,142.268,BREAK,2019.01.24 00:00,0,,0,,0,,0,NA,Asia,BREAK,2019.01.24 01:00,BREAK,2019.01.24 03:00,141.206,BOUNCE,2019.02.07 16:00,1,2019.02.07 18:00,1,2019.02.07 18:00,0,,2,2h,NewYork,NA,,NA,,B-ZD-BR,B-ZF-BR,S-ZG-UN,S-ZG-UN,B-ZO-BO,B-ZB-BO,S-ZG-BR,S-ZG-BR,S-ZC-BO,S-ZF-BR,B-ZB-BR,S-ZH-BR,S-ZH-BO,S-ZD-BO,S-ZE-BO,S-ZB-BR,S-ZC-BO,B-ZG-BR,B-ZC-BO,S-ZF-UN
187,2019.01.26 00:00,GBPJPY,60,86400,BUY,ZB,1,143.531,142.688,843.0,144.821,143.025,1796.0,213.049,39.98,506.0,198.9,143.531,143.025,145.327,BREAK,2019.02.25 21:00,0,,0,,0,,0,NA,Other,BREAK,2019.02.26 13:00,BREAK,2019.02.26 14:00,142.182,BOUNCE,2019.02.01 13:00,1,2019.02.01 19:00,1,2019.02.04 19:00,1,2019.02.25 21:00,3,3w 3d,NewYork,NA,,NA,,144.037,BREAK,2019.01.26 00:00,0,,0,,0,,0,NA,Asia,BOUNCE,2019.01.28 11:00,NA,,142.519,BREAK,2019.01.31 13:00,0,,0,,0,,0,NA,NewYork,BREAK,2019.02.06 11:00,BREAK,2019.02.07 16:00,B-ZB-BO,B-ZD-BR,B-ZF-BR,S-ZG-UN,S-ZG-UN,B-ZO-BO,B-ZB-BO,S-ZG-BR,S-ZG-BR,S-ZC-BO,S-ZH-BR,S-ZH-BO,S-ZD-BO,S-ZE-BO,S-ZB-BR,S-ZC-BO,B-ZG-BR,B-ZC-BO,S-ZF-UN,S-ZO-UN
188,2019.01.29 00:00,GBPJPY,60,86400,SELL,ZH,1,144.729,144.463,266.0,144.700,143.582,1118.0,420.301,10.90,237.0,62.8,144.700,144.463,143.345,BREAK,2019.01.29 23:00,0,,0,,0,,0,NA,Other,BREAK,2019.01.30 00:00,BREAK,2019.01.30 01:00,144.966,BOUNCE,2019.02.20 05:00,1,2019.02.20 12:00,1,2019.02.20 15:00,0,,2,10h,Asia,NA,,NA,,144.226,BREAK,2019.01.29 00:00,0,,0,,0,,0,NA,Asia,BREAK,2019.01.29 01:00,BREAK,2019.01.29 02:00,144.937,BREAK,2019.02.20 05:00,0,,0,,0,,0,NA,Asia,BREAK,2019.02.25 21:00,BREAK,2019.02.25 22:00,B-ZB-BR,B-ZB-BO,B-ZD-BR,B-ZF-BR,S-ZG-UN,S-ZG-UN,B-ZO-BO,B-ZB-BO,S-ZG-BR,S-ZG-BR,S-ZH-BO,S-ZD-BO,S-ZE-BO,S-ZB-BR,S-ZC-BO,B-ZG-BR,B-ZC-BO,S-ZF-UN,S-ZO-UN,B-ZF-BR
189,2019.01.30 00:00,GBPJPY,60,86400,SELL,ZH,1,144.700,143.582,1118.0,144.472,143.069,1403.0,125.492,20.39,890.0,263.8,144.472,143.582,142.179,BOUNCE,2019.02.01 13:00,1,2019.02.04 19:00,1,2019.02.25 21:00,1,2019.02.25 21:00,3,3w 3d,NewYork,NA,,NA,,145.590,BREAK,2019.02.25 21:00,0,,0,,0,,0,NA,Other,BREAK,2019.02.26 20:00,BREAK,2019.02.27 18:00,142.692,BREAK,2019.01.31 09:00,0,,0,,0,,0,NA,London,BREAK,2019.02.07 15:00,UNTOUCHED,,145.362,BREAK,2019.02.25 21:00,0,,0,,0,,0,NA,Other,BREAK,2019.02.26 14:00,BREAK,2019.02.27 17:00,S-ZH-BR,B-ZB-BR,B-ZB-BO,B-ZD-BR,B-ZF-BR,S-ZG-UN,S-ZG-UN,B-ZO-BO,B-ZB-BO,S-ZG-BR,S-ZD-BO,S-ZE-BO,S-ZB-BR,S-ZC-BO,B-ZG-BR,B-ZC-BO,S-ZF-UN,S-ZO-UN,B-ZF-BR,B-ZD-BO
190,2019.01.31 00:00,GBPJPY,60,86400,SELL,ZD,1,144.472,143.069,1403.0,143.581,142.715,866.0,61.725,63.51,512.0,331.1,143.581,143.069,142.203,BOUNCE,2019.02.01 13:00,1,2019.02.01 19:00,1,2019.02.04 19:00,1,2019.02.20 05:00,3,2w 4d,NewYork,NA,,NA,,144.984,BOUNCE,2019.02.20 05:00,1,2019.02.22 16:00,0,,0,,1,2d 11h,Asia,NA,,NA,,142.557,BREAK,2019.01.31 13:00,0,,0,,0,,0,NA,NewYork,BREAK,2019.02.07 14:00,BREAK,2019.02.07 16:00,144.093,BOUNCE,2019.02.04 19:00,1,2019.02.05 18:00,1,2019.02.05 18:00,0,,2,23h,NewYork,NA,,NA,,S-ZH-BO,S-ZH-BR,B-ZB-BR,B-ZB-BO,B-ZD-BR,B-ZF-BR,S-ZG-UN,S-ZG-UN,B-ZO-BO,B-ZB-BO,S-ZE-BO,S-ZB-BR,S-ZC-BO,B-ZG-BR,B-ZC-BO,S-ZF-UN,S-ZO-UN,B-ZF-BR,B-ZD-BO,S-ZO-UN
191,2019.02.01 00:00,GBPJPY,60,86400,SELL,ZE,1,143.581,142.715,866.0,143.194,142.223,971.0,112.125,44.69,479.0,204.4,143.194,142.715,141.744,BOUNCE,2019.02.06 11:00,1,2019.02.13 07:00,1,2019.02.19 18:00,1,2019.02.19 19:00,3,1w 6d,London,NA,,NA,,144.060,BOUNCE,2019.02.04 19:00,1,2019.02.05 14:00,1,2019.02.05 19:00,1,2019.02.06 11:00,3,1d 16h,NewYork,NA,,NA,,142.236,BOUNCE,2019.02.01 13:00,1,2019.02.04 11:00,1,2019.02.04 19:00,0,,2,3d 6h,NewYork,NA,,NA,,143.673,BREAK,2019.02.04 11:00,0,,0,,0,,0,NA,London,BREAK,2019.02.19 21:00,BREAK,2019.02.20 05:00,S-ZD-BO,S-ZH-BO,S-ZH-BR,B-ZB-BR,B-ZB-BO,B-ZD-BR,B-ZF-BR,S-ZG-UN,S-ZG-UN,B-ZO-BO,S-ZB-BR,S-ZC-BO,B-ZG-BR,B-ZC-BO,S-ZF-UN,S-ZO-UN,B-ZF-BR,B-ZD-BO,S-ZO-UN,S-ZO-UN
192,2019.02.06 00:00,GBPJPY,60,86400,SELL,ZB,1,144.153,143.009,1144.0,143.536,142.019,1517.0,132.605,53.93,527.0,270.0,143.536,143.009,141.492,BREAK,2019.02.07 16:00,0,,0,,0,,0,NA,NewYork,UNTOUCHED,,NA,,144.680,BREAK,2019.02.19 23:00,0,,0,,0,,0,NA,Other,BREAK,2019.02.25 21:00,BREAK,2019.02.26 13:00,142.482,BREAK,2019.02.06 00:00,0,,0,,0,,0,NA,Asia,BREAK,2019.02.07 14:00,BREAK,2019.02.07 16:00,144.063,BREAK,2019.02.19 19:00,0,,0,,0,,0,NA,NewYork,BREAK,2019.02.20 05:00,BREAK,2019.02.25 21:00,S-ZE-BO,S-ZD-BO,S-ZH-BO,S-ZH-BR,B-ZB-BR,B-ZB-BO,B-ZD-BR,B-ZF-BR,S-ZG-UN,S-ZG-UN,S-ZC-BO,B-ZG-BR,B-ZC-BO,S-ZF-UN,S-ZO-UN,B-ZF-BR,B-ZD-BO,S-ZO-UN,S-ZO-UN,B-ZB-UN
193,2019.02.07 00:00,GBPJPY,60,86400,SELL,ZC,1,143.536,142.019,1517.0,142.496,141.737,759.0,50.033,68.56,477.0,358.0,142.496,142.019,141.260,BOUNCE,2019.02.07 16:00,1,2019.02.07 18:00,1,2019.02.13 15:00,1,2019.02.19 19:00,3,1w 5d,NewYork,NA,,NA,,144.013,BREAK,2019.02.19 19:00,0,,0,,0,,0,NA,NewYork,BREAK,2019.02.20 05:00,BOUNCE,2019.02.21 01:00,141.542,BREAK,2019.02.07 15:00,0,,0,,0,,0,NA,NewYork,BOUNCE,2019.02.15 11:00,NA,,142.973,BOUNCE,2019.02.13 15:00,1,2019.02.14 18:00,1,2019.02.14 18:00,0,,2,1d 3h,NewYork,NA,,NA,,S-ZB-BR,S-ZE-BO,S-ZD-BO,S-ZH-BO,S-ZH-BR,B-ZB-BR,B-ZB-BO,B-ZD-BR,B-ZF-BR,S-ZG-UN,B-ZG-BR,B-ZC-BO,S-ZF-UN,S-ZO-UN,B-ZF-BR,B-ZD-BO,S-ZO-UN,S-ZO-UN,B-ZB-UN,B-ZC-UN
194,2019.02.13 00:00,GBPJPY,60,86400,BUY,ZG,0,142.539,141.758,781.0,142.616,141.801,815.0,104.353,5.51,738.0,184.3,142.539,141.801,143.354,BREAK,2019.02.19 16:00,0,,0,,0,,0,NA,NewYork,BREAK,2019.02.19 20:00,BREAK,2019.02.20 05:00,141.020,BOUNCE,2019.02.15 12:00,1,2019.02.18 02:00,1,2019.02.19 15:00,1,2019.02.19 16:00,3,4d 4h,London,NA,,NA,,143.277,BOUNCE,2019.02.13 15:00,1,2019.02.15 06:00,1,2019.02.15 12:00,0,,2,1d 21h,NewYork,NA,,NA,,141.063,BOUNCE,2019.02.15 06:00,1,2019.02.19 15:00,1,2019.02.19 15:00,0,,2,4d 9h,Asia,NA,,NA,,S-ZC-BO,S-ZB-BR,S-ZE-BO,S-ZD-BO,S-ZH-BO,S-ZH-BR,B-ZB-BR,B-ZB-BO,B-ZD-BR,B-ZF-BR,B-ZC-BO,S-ZF-UN,S-ZO-UN,B-ZF-BR,B-ZD-BO,S-ZO-UN,S-ZO-UN,B-ZB-UN,B-ZC-UN,B-ZC-UN
195,2019.02.14 00:00,GBPJPY,60,86400,BUY,ZC,1,142.616,141.801,815.0,143.315,142.341,974.0,119.509,66.26,275.0,192.3,142.616,142.341,143.590,BOUNCE,2019.02.19 18:00,0,,0,,0,,0,NA,NewYork,NA,,NA,,141.526,BREAK,2019.02.14 18:00,0,,0,,0,,0,NA,NewYork,BREAK,2019.02.15 06:00,UNTOUCHED,,142.891,BOUNCE,2019.02.14 07:00,1,2019.02.14 17:00,1,2019.02.14 18:00,0,,2,11h,London,NA,,NA,,142.066,BREAK,2019.02.14 17:00,0,,0,,0,,0,NA,NewYork,BREAK,2019.02.14 18:00,BREAK,2019.02.14 19:00,B-ZG-BR,S-ZC-BO,S-ZB-BR,S-ZE-BO,S-ZD-BO,S-ZH-BO,S-ZH-BR,B-ZB-BR,B-ZB-BO,B-ZD-BR,S-ZF-UN,S-ZO-UN,B-ZF-BR,B-ZD-BO,S-ZO-UN,S-ZO-UN,B-ZB-UN,B-ZC-UN,B-ZC-UN,S-ZE-BO
196,2019.02.15 00:00,GBPJPY,60,86400,SELL,ZF,1,143.315,142.341,974.0,143.012,141.272,1740.0,178.645,31.11,671.0,229.9,143.012,142.341,140.601,UNTOUCHED,,0,,0,,0,,0,NA,Other,NA,,NA,,143.986,BREAK,2019.02.19 19:00,0,,0,,0,,0,NA,NewYork,BREAK,2019.02.20 05:00,BREAK,2019.02.25 21:00,141.670,BREAK,2019.02.15 00:00,0,,0,,0,,0,NA,Asia,BOUNCE,2019.02.15 15:00,NA,,143.683,BREAK,2019.02.19 18:00,0,,0,,0,,0,NA,NewYork,BREAK,2019.02.19 23:00,BOUNCE,2019.02.21 04:00,B-ZC-BO,B-ZG-BR,S-ZC-BO,S-ZB-BR,S-ZE-BO,S-ZD-BO,S-ZH-BO,S-ZH-BR,B-ZB-BR,B-ZB-BO,S-ZO-UN,B-ZF-BR,B-ZD-BO,S-ZO-UN,S-ZO-UN,B-ZB-UN,B-ZC-UN,B-ZC-UN,S-ZE-BO,S-ZC-BR
197,2019.02.16 00:00,GBPJPY,60,86400,SELL,ZO,0,143.012,141.272,1740.0,142.385,140.989,1396.0,80.230,36.03,1113.0,410.6,142.385,141.272,139.876,UNTOUCHED,,0,,0,,0,,0,NA,Other,NA,,NA,,144.125,BREAK,2019.02.19 20:00,0,,0,,0,,0,NA,NewYork,BREAK,2019.02.25 21:00,BREAK,2019.02.26 20:00,140.159,UNTOUCHED,,0,,0,,0,,0,NA,Other,NA,,NA,,143.498,BREAK,2019.02.19 18:00,0,,0,,0,,0,NA,NewYork,BREAK,2019.02.20 05:00,BREAK,2019.02.26 13:00,S-ZF-UN,B-ZC-BO,B-ZG-BR,S-ZC-BO,S-ZB-BR,S-ZE-BO,S-ZD-BO,S-ZH-BO,S-ZH-BR,B-ZB-BR,B-ZF-BR,B-ZD-BO,S-ZO-UN,S-ZO-UN,B-ZB-UN,B-ZC-UN,B-ZC-UN,S-ZE-BO,S-ZC-BR,S-ZF-BR
198,2019.02.20 00:00,GBPJPY,60,86400,BUY,ZF,1,143.003,142.384,619.0,144.683,142.459,2224.0,359.289,12.12,544.0,146.1,143.003,142.459,145.227,BREAK,2019.02.25 21:00,0,,0,,0,,0,NA,Other,BREAK,2019.02.26 02:00,BREAK,2019.02.26 14:00,141.840,UNTOUCHED,,0,,0,,0,,0,NA,Other,NA,,NA,,143.547,BREAK,2019.02.20 00:00,0,,0,,0,,0,NA,Asia,BREAK,2019.02.20 01:00,BREAK,2019.02.20 05:00,141.915,UNTOUCHED,,0,,0,,0,,0,NA,Other,NA,,NA,,S-ZO-UN,S-ZF-UN,B-ZC-BO,B-ZG-BR,S-ZC-BO,S-ZB-BR,S-ZE-BO,S-ZD-BO,S-ZH-BO,S-ZH-BR,B-ZD-BO,S-ZO-UN,S-ZO-UN,B-ZB-UN,B-ZC-UN,B-ZC-UN,S-ZE-BO,S-ZC-BR,S-ZF-BR,S-ZD-BO
199,2019.02.21 00:00,GBPJPY,60,86400,BUY,ZD,1,144.683,142.459,2224.0,145.026,144.106,920.0,41.367,74.06,577.0,524.9,144.683,144.106,145.603,BOUNCE,2019.02.25 21:00,1,2019.03.08 21:00,0,,0,,1,1w 4d,Other,NA,,NA,,141.882,UNTOUCHED,,0,,0,,0,,0,NA,Other,NA,,NA,,145.260,BREAK,2019.02.25 21:00,0,,0,,0,,0,NA,Other,BREAK,2019.02.26 14:00,BOUNCE,2019.02.26 18:00,143.529,UNTOUCHED,,0,,0,,0,,0,NA,Other,NA,,NA,,B-ZF-BR,S-ZO-UN,S-ZF-UN,B-ZC-BO,B-ZG-BR,S-ZC-BO,S-ZB-BR,S-ZE-BO,S-ZD-BO,S-ZH-BO,S-ZO-UN,S-ZO-UN,B-ZB-UN,B-ZC-UN,B-ZC-UN,S-ZE-BO,S-ZC-BR,S-ZF-BR,S-ZD-BO,B-ZO-UN
200,2019.02.22 00:00,GBPJPY,60,86400,SELL,ZO,0,145.026,144.106,920.0,144.908,144.063,845.0,91.848,12.83,802.0,217.1,144.908,144.106,143.261,UNTOUCHED,,0,,0,,0,,0,NA,Other,NA,,NA,,145.828,BREAK,2019.02.26 02:00,0,,0,,0,,0,NA,Asia,BOUNCE,2019.02.26 18:00,NA,,143.304,UNTOUCHED,,0,,0,,0,,0,NA,Other,NA,,NA,,145.710,BREAK,2019.02.26 02:00,0,,0,,0,,0,NA,Asia,BOUNCE,2019.02.26 19:00,NA,,B-ZD-BO,B-ZF-BR,S-ZO-UN,S-ZF-UN,B-ZC-BO,B-ZG-BR,S-ZC-BO,S-ZB-BR,S-ZE-BO,S-ZD-BO,S-ZO-UN,B-ZB-UN,B-ZC-UN,B-ZC-UN,S-ZE-BO,S-ZC-BR,S-ZF-BR,S-ZD-BO,B-ZO-UN,B-ZF-UN
201,2019.02.23 00:00,GBPJPY,60,86400,SELL,ZO,0,144.908,144.063,845.0,144.730,143.763,967.0,114.438,21.07,667.0,199.4,144.730,144.063,143.096,UNTOUCHED,,0,,0,,0,,0,NA,Other,NA,,NA,,145.575,BREAK,2019.02.25 21:00,0,,0,,0,,0,NA,Other,BREAK,2019.02.26 14:00,BOUNCE,2019.02.27 10:00,143.396,UNTOUCHED,,0,,0,,0,,0,NA,Other,NA,,NA,,145.397,BREAK,2019.02.25 21:00,0,,0,,0,,0,NA,Other,BREAK,2019.02.26 14:00,BREAK,2019.02.26 20:00,S-ZO-UN,B-ZD-BO,B-ZF-BR,S-ZO-UN,S-ZF-UN,B-ZC-BO,B-ZG-BR,S-ZC-BO,S-ZB-BR,S-ZE-BO,B-ZB-UN,B-ZC-UN,B-ZC-UN,S-ZE-BO,S-ZC-BR,S-ZF-BR,S-ZD-BO,B-ZO-UN,B-ZF-UN,B-ZC-UN
202,2019.02.28 00:00,GBPJPY,60,86400,BUY,ZB,1,147.044,145.384,1660.0,148.027,146.145,1882.0,113.373,45.84,899.0,391.8,147.044,146.145,148.926,UNTOUCHED,,0,,0,,0,,0,NA,Other,NA,,NA,,144.485,BREAK,2019.03.08 21:00,0,,0,,0,,0,NA,Other,UNTOUCHED,,NA,,147.943,BREAK,2019.02.28 18:00,0,,0,,0,,0,NA,NewYork,BOUNCE,2019.03.14 14:00,NA,,145.246,BREAK,2019.03.08 10:00,0,,0,,0,,0,NA,London,BREAK,2019.03.11 04:00,UNTOUCHED,,S-ZO-UN,S-ZO-UN,B-ZD-BO,B-ZF-BR,S-ZO-UN,S-ZF-UN,B-ZC-BO,B-ZG-BR,S-ZC-BO,S-ZB-BR,B-ZC-UN,B-ZC-UN,S-ZE-BO,S-ZC-BR,S-ZF-BR,S-ZD-BO,B-ZO-UN,B-ZF-UN,B-ZC-UN,S-ZF-BR
203,2019.03.01 00:00,GBPJPY,60,86400,BUY,ZC,1,148.027,146.145,1882.0,148.250,146.964,1286.0,68.332,43.52,1063.0,444.2,148.027,146.964,149.313,UNTOUCHED,,0,,0,,0,,0,NA,Other,NA,,NA,,145.082,BREAK,2019.03.08 16:00,0,,0,,0,,0,NA,NewYork,BOUNCE,2019.03.11 16:00,NA,,149.090,UNTOUCHED,,0,,0,,0,,0,NA,Other,NA,,NA,,145.901,BREAK,2019.03.07 23:00,0,,0,,0,,0,NA,Other,BREAK,2019.03.08 21:00,BOUNCE,2019.03.11 12:00,B-ZB-UN,S-ZO-UN,S-ZO-UN,B-ZD-BO,B-ZF-BR,S-ZO-UN,S-ZF-UN,B-ZC-BO,B-ZG-BR,S-ZC-BO,B-ZC-UN,S-ZE-BO,S-ZC-BR,S-ZF-BR,S-ZD-BO,B-ZO-UN,B-ZF-UN,B-ZC-UN,S-ZF-BR,S-ZE-PE
204,2019.03.02 00:00,GBPJPY,60,86400,BUY,ZC,1,148.250,146.964,1286.0,148.554,147.639,915.0,71.151,52.49,611.0,303.5,148.250,147.639,149.165,UNTOUCHED,,0,,0,,0,,0,NA,Other,NA,,NA,,146.353,BREAK,2019.03.07 18:00,0,,0,,0,,0,NA,NewYork,BREAK,2019.03.08 09:00,BREAK,2019.03.08 18:00,148.861,UNTOUCHED,,0,,0,,0,,0,NA,Other,NA,,NA,,147.028,BREAK,2019.03.05 16:00,0,,0,,0,,0,NA,NewYork,BREAK,2019.03.07 18:00,BREAK,2019.03.08 09:00,B-ZC-UN,B-ZB-UN,S-ZO-UN,S-ZO-UN,B-ZD-BO,B-ZF-BR,S-ZO-UN,S-ZF-UN,B-ZC-BO,B-ZG-BR,S-ZE-BO,S-ZC-BR,S-ZF-BR,S-ZD-BO,B-ZO-UN,B-ZF-UN,B-ZC-UN,S-ZF-BR,S-ZE-PE,B-ZD-BO
205,2019.03.04 02:00,GBPJPY,60,86400,SELL,ZE,1,148.554,147.639,915.0,147.951,147.498,453.0,49.508,65.90,312.0,215.9,147.951,147.639,147.186,BOUNCE,2019.03.04 20:00,1,2019.03.14 00:00,1,2019.03.14 00:00,0,,2,1w 2d,NewYork,NA,,NA,,148.866,UNTOUCHED,,0,,0,,0,,0,NA,Other,NA,,NA,,147.327,BOUNCE,2019.03.04 19:00,1,2019.03.14 00:00,0,,0,,1,1w 2d,NewYork,NA,,NA,,148.263,BOUNCE,2019.03.04 07:00,1,2019.03.04 19:00,1,2019.03.04 19:00,0,,2,12h,London,NA,,NA,,B-ZC-UN,B-ZC-UN,B-ZB-UN,S-ZO-UN,S-ZO-UN,B-ZD-BO,B-ZF-BR,S-ZO-UN,S-ZF-UN,B-ZC-BO,S-ZC-BR,S-ZF-BR,S-ZD-BO,B-ZO-UN,B-ZF-UN,B-ZC-UN,S-ZF-BR,S-ZE-PE,B-ZD-BO,S-ZF-BR
206,2019.03.06 00:00,GBPJPY,60,86400,SELL,ZC,1,148.292,147.085,1207.0,147.769,146.587,1182.0,97.929,43.33,684.0,284.9,147.769,147.085,145.903,BREAK,2019.03.07 23:00,0,,0,,0,,0,NA,Other,BREAK,2019.03.08 17:00,BOUNCE,2019.03.08 19:00,148.976,UNTOUCHED,,0,,0,,0,,0,NA,Other,NA,,NA,,146.401,BREAK,2019.03.07 18:00,0,,0,,0,,0,NA,NewYork,BREAK,2019.03.08 09:00,BREAK,2019.03.08 18:00,148.453,BOUNCE,2019.03.14 00:00,1,2019.03.20 23:00,1,2019.03.20 23:00,0,,2,6d 23h,Asia,NA,,NA,,S-ZE-BO,B-ZC-UN,B-ZC-UN,B-ZB-UN,S-ZO-UN,S-ZO-UN,B-ZD-BO,B-ZF-BR,S-ZO-UN,S-ZF-UN,S-ZF-BR,S-ZD-BO,B-ZO-UN,B-ZF-UN,B-ZC-UN,S-ZF-BR,S-ZE-PE,B-ZD-BO,S-ZF-BR,S-ZF-BR
207,2019.03.08 00:00,GBPJPY,60,86400,SELL,ZF,1,147.440,146.673,767.0,147.288,145.775,1513.0,197.262,19.82,615.0,181.0,147.288,146.673,145.160,BREAK,2019.03.08 11:00,0,,0,,0,,0,NA,London,BOUNCE,2019.03.08 19:00,NA,,148.055,BREAK,2019.03.14 00:00,0,,0,,0,,0,NA,Asia,BREAK,2019.03.14 12:00,UNTOUCHED,,146.058,BREAK,2019.03.08 00:00,0,,0,,0,,0,NA,Asia,BREAK,2019.03.08 10:00,BREAK,2019.03.08 19:00,147.903,BREAK,2019.03.14 00:00,0,,0,,0,,0,NA,Asia,BREAK,2019.03.14 12:00,UNTOUCHED,,S-ZC-BR,S-ZE-BO,B-ZC-UN,B-ZC-UN,B-ZB-UN,S-ZO-UN,S-ZO-UN,B-ZD-BO,B-ZF-BR,S-ZO-UN,S-ZD-BO,B-ZO-UN,B-ZF-UN,B-ZC-UN,S-ZF-BR,S-ZE-PE,B-ZD-BO,S-ZF-BR,S-ZF-BR,B-ZG-BO
208,2019.03.09 00:00,GBPJPY,60,86400,SELL,ZD,1,147.288,145.775,1513.0,146.165,144.298,1867.0,123.397,74.22,390.0,357.1,146.165,145.775,143.908,BOUNCE,2019.03.11 04:00,1,2019.03.11 11:00,1,2019.03.12 01:00,1,2019.03.12 02:00,3,22h,Asia,NA,,NA,,147.678,BOUNCE,2019.03.12 02:00,1,2019.03.12 10:00,1,2019.03.12 15:00,1,2019.03.29 18:00,3,2w 3d,Asia,NA,,NA,,145.385,BREAK,2019.03.09 00:00,0,,0,,0,,0,NA,Asia,BREAK,2019.03.09 01:00,BREAK,2019.03.11 02:00,146.555,BOUNCE,2019.03.12 01:00,1,2019.03.12 15:00,1,2019.03.12 15:00,0,,2,14h,Asia,NA,,NA,,S-ZF-BR,S-ZC-BR,S-ZE-BO,B-ZC-UN,B-ZC-UN,B-ZB-UN,S-ZO-UN,S-ZO-UN,B-ZD-BO,B-ZF-BR,B-ZO-UN,B-ZF-UN,B-ZC-UN,S-ZF-BR,S-ZE-PE,B-ZD-BO,S-ZF-BR,S-ZF-BR,B-ZG-BO,B-ZB-UN
209,2019.03.13 00:00,GBPJPY,60,86400,BUY,ZO,0,146.481,143.704,2777.0,147.788,144.559,3229.0,116.277,30.79,1922.0,655.4,146.481,144.559,149.710,UNTOUCHED,,0,,0,,0,,0,NA,Other,NA,,NA,,141.782,UNTOUCHED,,0,,0,,0,,0,NA,Other,NA,,NA,,148.403,BOUNCE,2019.03.14 00:00,0,,0,,0,,0,NA,Asia,NA,,NA,,142.637,UNTOUCHED,,0,,0,,0,,0,NA,Other,NA,,NA,,S-ZD-BO,S-ZF-BR,S-ZC-BR,S-ZE-BO,B-ZC-UN,B-ZC-UN,B-ZB-UN,S-ZO-UN,S-ZO-UN,B-ZD-BO,B-ZF-UN,B-ZC-UN,S-ZF-BR,S-ZE-PE,B-ZD-BO,S-ZF-BR,S-ZF-BR,B-ZG-BO,B-ZB-UN,S-ZF-BR
210,2019.03.27 00:00,GBPJPY,60,86400,BUY,ZF,0,145.779,144.618,1161.0,146.450,144.761,1689.0,145.478,12.32,1018.0,274.0,145.779,144.761,147.468,UNTOUCHED,,0,,0,,0,,0,NA,Other,NA,,NA,,143.600,UNTOUCHED,,0,,0,,0,,0,NA,Other,NA,,NA,,146.797,BREAK,2019.04.03 10:00,0,,0,,0,,0,NA,London,UNTOUCHED,,NA,,143.743,UNTOUCHED,,0,,0,,0,,0,NA,Other,NA,,NA,,B-ZO-UN,S-ZD-BO,S-ZF-BR,S-ZC-BR,S-ZE-BO,B-ZC-UN,B-ZC-UN,B-ZB-UN,S-ZO-UN,S-ZO-UN,B-ZC-UN,S-ZF-BR,S-ZE-PE,B-ZD-BO,S-ZF-BR,S-ZF-BR,B-ZG-BO,B-ZB-UN,S-ZF-BR,S-ZE-BR
211,2019.03.28 00:00,GBPJPY,60,86400,BUY,ZC,1,146.450,144.761,1689.0,146.488,145.508,980.0,58.022,44.23,942.0,398.6,146.450,145.508,147.430,UNTOUCHED,,0,,0,,0,,0,NA,Other,NA,,NA,,143.819,BOUNCE,2019.03.29 18:00,1,2019.04.01 18:00,0,,0,,1,3d 0h,NewYork,NA,,NA,,147.392,UNTOUCHED,,0,,0,,0,,0,NA,Other,NA,,NA,,144.566,BREAK,2019.03.28 12:00,0,,0,,0,,0,NA,London,BREAK,2019.05.08 14:00,BREAK,2019.05.09 12:00,B-ZF-UN,B-ZO-UN,S-ZD-BO,S-ZF-BR,S-ZC-BR,S-ZE-BO,B-ZC-UN,B-ZC-UN,B-ZB-UN,S-ZO-UN,S-ZF-BR,S-ZE-PE,B-ZD-BO,S-ZF-BR,S-ZF-BR,B-ZG-BO,B-ZB-UN,S-ZF-BR,S-ZE-BR,S-ZF-BR
212,2019.03.29 00:00,GBPJPY,60,86400,SELL,ZF,1,146.488,145.508,980.0,146.464,144.225,2239.0,228.469,2.45,956.0,231.3,146.464,145.508,143.269,BREAK,2019.05.08 14:00,0,,0,,0,,0,NA,NewYork,BREAK,2019.05.13 17:00,BREAK,2019.05.15 13:00,147.444,UNTOUCHED,,0,,0,,0,,0,NA,Other,NA,,NA,,144.552,BREAK,2019.03.29 00:00,0,,0,,0,,0,NA,Asia,BREAK,2019.05.08 13:00,BREAK,2019.05.09 12:00,147.420,UNTOUCHED,,0,,0,,0,,0,NA,Other,NA,,NA,,B-ZC-UN,B-ZF-UN,B-ZO-UN,S-ZD-BO,S-ZF-BR,S-ZC-BR,S-ZE-BO,B-ZC-UN,B-ZC-UN,B-ZB-UN,S-ZE-PE,B-ZD-BO,S-ZF-BR,S-ZF-BR,B-ZG-BO,B-ZB-UN,S-ZF-BR,S-ZE-BR,S-ZF-BR,S-ZE-BO
213,2019.03.30 00:00,GBPJPY,60,86400,SELL,ZE,1,146.464,144.225,2239.0,145.470,143.810,1660.0,74.140,44.39,1245.0,528.4,145.470,144.225,142.565,PENDING,2019.05.09 11:00,0,,0,,0,,0,NA,London,NA,,NA,,147.709,UNTOUCHED,,0,,0,,0,,0,NA,Other,NA,,NA,,142.980,BREAK,2019.05.09 04:00,0,,0,,0,,0,NA,Asia,BREAK,2019.05.13 21:00,BREAK,2019.05.17 13:00,146.715,BOUNCE,2019.04.03 10:00,1,2019.05.09 04:00,1,2019.05.09 04:00,0,,2,5w 0d,London,NA,,NA,,S-ZF-BR,B-ZC-UN,B-ZF-UN,B-ZO-UN,S-ZD-BO,S-ZF-BR,S-ZC-BR,S-ZE-BO,B-ZC-UN,B-ZC-UN,B-ZD-BO,S-ZF-BR,S-ZF-BR,B-ZG-BO,B-ZB-UN,S-ZF-BR,S-ZE-BR,S-ZF-BR,S-ZE-BO,S-ZE-BO
214,2019.04.02 00:00,GBPJPY,60,86400,BUY,ZD,1,144.452,144.219,233.0,146.331,144.368,1963.0,842.489,63.95,84.0,55.0,144.452,144.368,146.415,BOUNCE,2019.04.03 00:00,1,2019.04.03 01:00,1,2019.04.25 11:00,1,2019.04.25 12:00,3,3w 1d,Asia,NA,,NA,,144.135,BOUNCE,2019.04.25 12:00,1,2019.04.26 14:00,1,2019.04.29 11:00,1,2019.05.03 19:00,3,1w 1d,London,NA,,NA,,144.536,BREAK,2019.04.02 00:00,0,,0,,0,,0,NA,Asia,BREAK,2019.04.02 01:00,BREAK,2019.04.02 02:00,144.284,BREAK,2019.04.25 11:00,0,,0,,0,,0,NA,London,BREAK,2019.04.25 12:00,BREAK,2019.04.25 13:00,S-ZE-PE,S-ZF-BR,B-ZC-UN,B-ZF-UN,B-ZO-UN,S-ZD-BO,S-ZF-BR,S-ZC-BR,S-ZE-BO,B-ZC-UN,S-ZF-BR,S-ZF-BR,B-ZG-BO,B-ZB-UN,S-ZF-BR,S-ZE-BR,S-ZF-BR,S-ZE-BO,S-ZE-BO,S-ZF-BR
215,2019.04.05 00:00,GBPJPY,60,86400,SELL,ZF,0,147.176,146.007,1169.0,146.940,145.660,1280.0,109.495,20.19,933.0,275.9,146.940,146.007,144.727,BREAK,2019.04.23 18:00,0,,0,,0,,0,NA,NewYork,BOUNCE,2019.04.30 14:00,NA,,148.109,UNTOUCHED,,0,,0,,0,,0,NA,Other,NA,,NA,,145.074,BREAK,2019.04.09 16:00,0,,0,,0,,0,NA,NewYork,BREAK,2019.04.25 18:00,BREAK,2019.05.09 04:00,147.873,UNTOUCHED,,0,,0,,0,,0,NA,Other,NA,,NA,,B-ZD-BO,S-ZE-PE,S-ZF-BR,B-ZC-UN,B-ZF-UN,B-ZO-UN,S-ZD-BO,S-ZF-BR,S-ZC-BR,S-ZE-BO,S-ZF-BR,B-ZG-BO,B-ZB-UN,S-ZF-BR,S-ZE-BR,S-ZF-BR,S-ZE-BO,S-ZE-BO,S-ZF-BR,S-ZE-BR
216,2019.04.06 00:00,GBPJPY,60,86400,SELL,ZF,0,146.940,145.660,1280.0,146.530,145.083,1447.0,113.047,32.03,870.0,302.1,146.530,145.660,144.213,BREAK,2019.04.25 11:00,0,,0,,0,,0,NA,London,BREAK,2019.05.08 14:00,BREAK,2019.05.13 16:00,147.810,UNTOUCHED,,0,,0,,0,,0,NA,Other,NA,,NA,,144.790,BOUNCE,2019.04.09 19:00,0,,0,,0,,0,NA,NewYork,NA,,NA,,147.400,UNTOUCHED,,0,,0,,0,,0,NA,Other,NA,,NA,,S-ZF-BR,B-ZD-BO,S-ZE-PE,S-ZF-BR,B-ZC-UN,B-ZF-UN,B-ZO-UN,S-ZD-BO,S-ZF-BR,S-ZC-BR,B-ZG-BO,B-ZB-UN,S-ZF-BR,S-ZE-BR,S-ZF-BR,S-ZE-BO,S-ZE-BO,S-ZF-BR,S-ZE-BR,S-ZD-BR
217,2019.04.12 00:00,GBPJPY,60,86400,BUY,ZG,0,145.917,144.868,1049.0,145.933,145.066,867.0,82.650,18.88,851.0,247.6,145.917,145.066,146.784,BOUNCE,2019.04.12 16:00,1,2019.04.23 04:00,1,2019.04.25 11:00,1,2019.04.25 14:00,3,1w 5d,NewYork,NA,,NA,,144.017,BREAK,2019.04.25 14:00,0,,0,,0,,0,NA,NewYork,BREAK,2019.05.09 04:00,BOUNCE,2019.05.10 05:00,146.768,BOUNCE,2019.04.12 16:00,1,2019.04.25 11:00,1,2019.04.25 14:00,0,,2,1w 5d,NewYork,NA,,NA,,144.215,BREAK,2019.04.25 11:00,0,,0,,0,,0,NA,London,BREAK,2019.05.08 14:00,BREAK,2019.05.09 12:00,S-ZF-BR,S-ZF-BR,B-ZD-BO,S-ZE-PE,S-ZF-BR,B-ZC-UN,B-ZF-UN,B-ZO-UN,S-ZD-BO,S-ZF-BR,B-ZB-UN,S-ZF-BR,S-ZE-BR,S-ZF-BR,S-ZE-BO,S-ZE-BO,S-ZF-BR,S-ZE-BR,S-ZD-BR,S-ZB-BR
218,2019.04.13 00:00,GBPJPY,60,86400,BUY,ZB,1,145.933,145.066,867.0,146.996,145.671,1325.0,152.826,69.78,262.0,204.6,145.933,145.671,147.258,UNTOUCHED,,0,,0,,0,,0,NA,Other,NA,,NA,,144.804,BOUNCE,2019.04.23 18:00,1,2019.04.30 18:00,1,2019.05.03 19:00,0,,2,1w 3d,NewYork,NA,,NA,,146.195,BREAK,2019.04.13 00:00,0,,0,,0,,0,NA,Asia,BREAK,2019.04.15 04:00,BOUNCE,2019.04.15 09:00,145.409,BREAK,2019.04.18 18:00,0,,0,,0,,0,NA,NewYork,BOUNCE,2019.04.23 13:00,NA,,B-ZG-BO,S-ZF-BR,S-ZF-BR,B-ZD-BO,S-ZE-PE,S-ZF-BR,B-ZC-UN,B-ZF-UN,B-ZO-UN,S-ZD-BO,S-ZF-BR,S-ZE-BR,S-ZF-BR,S-ZE-BO,S-ZE-BO,S-ZF-BR,S-ZE-BR,S-ZD-BR,S-ZB-BR,S-ZD-BR
219,2019.04.17 00:00,GBPJPY,60,86400,SELL,ZF,0,146.979,146.317,662.0,146.760,145.995,765.0,115.559,33.08,443.0,156.2,146.760,146.317,145.552,BREAK,2019.04.18 12:00,0,,0,,0,,0,NA,London,BOUNCE,2019.04.23 14:00,NA,,147.422,UNTOUCHED,,0,,0,,0,,0,NA,Other,NA,,NA,,145.874,BREAK,2019.04.17 17:00,0,,0,,0,,0,NA,NewYork,BREAK,2019.04.19 00:00,BOUNCE,2019.04.23 13:00,147.203,UNTOUCHED,,0,,0,,0,,0,NA,Other,NA,,NA,,B-ZB-UN,B-ZG-BO,S-ZF-BR,S-ZF-BR,B-ZD-BO,S-ZE-PE,S-ZF-BR,B-ZC-UN,B-ZF-UN,B-ZO-UN,S-ZE-BR,S-ZF-BR,S-ZE-BO,S-ZE-BO,S-ZF-BR,S-ZE-BR,S-ZD-BR,S-ZB-BR,S-ZD-BR,S-ZF-BR
220,2019.04.18 00:00,GBPJPY,60,86400,SELL,ZE,1,146.760,145.995,765.0,146.283,145.819,464.0,60.654,62.35,288.0,180.5,146.283,145.995,145.531,BREAK,2019.04.18 12:00,0,,0,,0,,0,NA,London,BREAK,2019.04.23 04:00,BREAK,2019.04.23 18:00,147.048,UNTOUCHED,,0,,0,,0,,0,NA,Other,NA,,NA,,145.707,BOUNCE,2019.04.18 11:00,0,,0,,0,,0,NA,London,NA,,NA,,146.571,UNTOUCHED,,0,,0,,0,,0,NA,Other,NA,,NA,,S-ZF-BR,B-ZB-UN,B-ZG-BO,S-ZF-BR,S-ZF-BR,B-ZD-BO,S-ZE-PE,S-ZF-BR,B-ZC-UN,B-ZF-UN,S-ZF-BR,S-ZE-BO,S-ZE-BO,S-ZF-BR,S-ZE-BR,S-ZD-BR,S-ZB-BR,S-ZD-BR,S-ZF-BR,S-ZC-BR
221,2019.04.19 00:00,GBPJPY,60,86400,SELL,ZF,1,146.283,145.819,464.0,146.139,145.275,864.0,186.207,31.03,320.0,109.5,146.139,145.819,144.955,BREAK,2019.04.23 17:00,0,,0,,0,,0,NA,NewYork,BREAK,2019.04.24 10:00,BREAK,2019.04.25 11:00,146.603,UNTOUCHED,,0,,0,,0,,0,NA,Other,NA,,NA,,145.499,BREAK,2019.04.19 00:00,0,,0,,0,,0,NA,Asia,BREAK,2019.04.23 04:00,BREAK,2019.04.23 18:00,146.459,BOUNCE,2019.05.03 19:00,1,2019.05.06 01:00,1,2019.05.06 01:00,0,,2,2d 6h,NewYork,NA,,NA,,S-ZE-BR,S-ZF-BR,B-ZB-UN,B-ZG-BO,S-ZF-BR,S-ZF-BR,B-ZD-BO,S-ZE-PE,S-ZF-BR,B-ZC-UN,S-ZE-BO,S-ZE-BO,S-ZF-BR,S-ZE-BR,S-ZD-BR,S-ZB-BR,S-ZD-BR,S-ZF-BR,S-ZC-BR,S-ZB-BO
222,2019.04.20 00:00,GBPJPY,60,86400,SELL,ZE,1,146.139,145.275,864.0,145.551,145.269,282.0,32.639,68.06,276.0,203.9,145.551,145.275,144.993,BOUNCE,2019.04.23 04:00,1,2019.04.23 14:00,1,2019.05.02 11:00,1,2019.05.03 19:00,3,1w 3d,Asia,NA,,NA,,146.415,BOUNCE,2019.05.03 19:00,1,2019.05.06 01:00,1,2019.05.06 04:00,1,2019.05.06 04:00,3,2d 9h,NewYork,NA,,NA,,144.999,BOUNCE,2019.04.23 04:00,1,2019.05.02 11:00,1,2019.05.03 19:00,0,,2,1w 3d,Asia,NA,,NA,,145.827,BOUNCE,2019.05.02 11:00,1,2019.05.03 13:00,1,2019.05.03 13:00,0,,2,1d 2h,London,NA,,NA,,S-ZF-BR,S-ZE-BR,S-ZF-BR,B-ZB-UN,B-ZG-BO,S-ZF-BR,S-ZF-BR,B-ZD-BO,S-ZE-PE,S-ZF-BR,S-ZE-BO,S-ZF-BR,S-ZE-BR,S-ZD-BR,S-ZB-BR,S-ZD-BR,S-ZF-BR,S-ZC-BR,S-ZB-BO,S-ZG-BR
223,2019.04.25 00:00,GBPJPY,60,86400,SELL,ZE,1,145.608,144.567,1041.0,145.005,144.381,624.0,59.942,57.93,438.0,245.7,145.005,144.567,143.943,BOUNCE,2019.04.25 18:00,1,2019.04.30 14:00,1,2019.05.01 07:00,1,2019.05.03 19:00,3,1w 1d,NewYork,NA,,NA,,146.046,BREAK,2019.05.03 19:00,0,,0,,0,,0,NA,NewYork,UNTOUCHED,,NA,,144.129,BREAK,2019.04.25 12:00,0,,0,,0,,0,NA,London,BREAK,2019.05.08 13:00,BREAK,2019.05.09 04:00,145.443,BREAK,2019.05.01 07:00,0,,0,,0,,0,NA,London,BOUNCE,2019.05.03 18:00,NA,,S-ZE-BO,S-ZF-BR,S-ZE-BR,S-ZF-BR,B-ZB-UN,B-ZG-BO,S-ZF-BR,S-ZF-BR,B-ZD-BO,S-ZE-PE,S-ZF-BR,S-ZE-BR,S-ZD-BR,S-ZB-BR,S-ZD-BR,S-ZF-BR,S-ZC-BR,S-ZB-BO,S-ZG-BR,S-ZD-BO
224,2019.04.26 00:00,GBPJPY,60,86400,SELL,ZF,1,145.005,144.381,624.0,144.976,143.776,1200.0,192.308,4.65,595.0,147.3,144.976,144.381,143.181,BREAK,2019.05.08 14:00,0,,0,,0,,0,NA,NewYork,BREAK,2019.05.09 12:00,BREAK,2019.05.13 18:00,145.600,BREAK,2019.05.01 11:00,0,,0,,0,,0,NA,London,BREAK,2019.05.03 19:00,UNTOUCHED,,143.786,BOUNCE,2019.04.26 04:00,1,2019.05.01 11:00,1,2019.05.01 11:00,0,,2,5d 7h,Asia,NA,,NA,,145.571,BREAK,2019.05.01 11:00,0,,0,,0,,0,NA,London,BREAK,2019.05.03 19:00,UNTOUCHED,,S-ZE-BO,S-ZE-BO,S-ZF-BR,S-ZE-BR,S-ZF-BR,B-ZB-UN,B-ZG-BO,S-ZF-BR,S-ZF-BR,B-ZD-BO,S-ZE-BR,S-ZD-BR,S-ZB-BR,S-ZD-BR,S-ZF-BR,S-ZC-BR,S-ZB-BO,S-ZG-BR,S-ZD-BO,S-ZE-BR
225,2019.04.27 00:00,GBPJPY,60,86400,SELL,ZE,1,144.976,143.776,1200.0,144.440,143.751,689.0,57.417,44.67,664.0,283.2,144.440,143.776,143.087,BREAK,2019.05.08 14:00,0,,0,,0,,0,NA,NewYork,BOUNCE,2019.05.10 05:00,NA,,145.640,BOUNCE,2019.05.01 11:00,1,2019.05.07 17:00,1,2019.05.08 14:00,1,2019.05.08 14:00,3,1w 0d,London,NA,,NA,,143.112,BREAK,2019.05.08 14:00,0,,0,,0,,0,NA,NewYork,BOUNCE,2019.05.10 05:00,NA,,145.104,BREAK,2019.04.30 17:00,0,,0,,0,,0,NA,NewYork,BOUNCE,2019.05.02 19:00,NA,,S-ZF-BR,S-ZE-BO,S-ZE-BO,S-ZF-BR,S-ZE-BR,S-ZF-BR,B-ZB-UN,B-ZG-BO,S-ZF-BR,S-ZF-BR,S-ZD-BR,S-ZB-BR,S-ZD-BR,S-ZF-BR,S-ZC-BR,S-ZB-BO,S-ZG-BR,S-ZD-BO,S-ZE-BR,B-ZO-UN
226,2019.05.08 00:00,GBPJPY,60,86400,SELL,ZD,1,145.925,144.971,954.0,145.351,143.846,1505.0,157.757,60.17,380.0,225.1,145.351,144.971,143.466,BREAK,2019.05.08 13:00,0,,0,,0,,0,NA,NewYork,BREAK,2019.05.09 06:00,BREAK,2019.05.09 12:00,146.305,UNTOUCHED,,0,,0,,0,,0,NA,Other,NA,,NA,,144.591,BREAK,2019.05.08 00:00,0,,0,,0,,0,NA,Asia,BREAK,2019.05.08 01:00,BREAK,2019.05.08 11:00,145.731,UNTOUCHED,,0,,0,,0,,0,NA,Other,NA,,NA,,S-ZE-BR,S-ZF-BR,S-ZE-BO,S-ZE-BO,S-ZF-BR,S-ZE-BR,S-ZF-BR,B-ZB-UN,B-ZG-BO,S-ZF-BR,S-ZB-BR,S-ZD-BR,S-ZF-BR,S-ZC-BR,S-ZB-BO,S-ZG-BR,S-ZD-BO,S-ZE-BR,B-ZO-UN,S-ZB-BR
227,2019.05.09 00:00,GBPJPY,60,86400,SELL,ZB,1,145.351,143.846,1505.0,144.228,143.027,1201.0,79.801,74.62,382.0,355.2,144.228,143.846,142.645,BREAK,2019.05.09 11:00,0,,0,,0,,0,NA,London,BOUNCE,2019.05.13 16:00,NA,,145.733,UNTOUCHED,,0,,0,,0,,0,NA,Other,NA,,NA,,143.464,BREAK,2019.05.09 00:00,0,,0,,0,,0,NA,Asia,BREAK,2019.05.09 11:00,BREAK,2019.05.09 12:00,144.610,UNTOUCHED,,0,,0,,0,,0,NA,Other,NA,,NA,,S-ZD-BR,S-ZE-BR,S-ZF-BR,S-ZE-BO,S-ZE-BO,S-ZF-BR,S-ZE-BR,S-ZF-BR,B-ZB-UN,B-ZG-BO,S-ZD-BR,S-ZF-BR,S-ZC-BR,S-ZB-BO,S-ZG-BR,S-ZD-BO,S-ZE-BR,B-ZO-UN,S-ZB-BR,B-ZD-BO
228,2019.05.16 00:00,GBPJPY,60,86400,SELL,ZD,1,142.158,141.346,812.0,141.626,140.186,1440.0,177.340,65.52,280.0,191.6,141.626,141.346,139.906,BREAK,2019.05.17 13:00,0,,0,,0,,0,NA,NewYork,BOUNCE,2019.05.17 16:00,NA,,142.438,UNTOUCHED,,0,,0,,0,,0,NA,Other,NA,,NA,,141.066,BREAK,2019.05.16 00:00,0,,0,,0,,0,NA,Asia,BREAK,2019.05.16 03:00,BREAK,2019.05.16 11:00,141.906,UNTOUCHED,,0,,0,,0,,0,NA,Other,NA,,NA,,S-ZB-BR,S-ZD-BR,S-ZE-BR,S-ZF-BR,S-ZE-BO,S-ZE-BO,S-ZF-BR,S-ZE-BR,S-ZF-BR,B-ZB-UN,S-ZF-BR,S-ZC-BR,S-ZB-BO,S-ZG-BR,S-ZD-BO,S-ZE-BR,B-ZO-UN,S-ZB-BR,B-ZD-BO,B-ZE-UN
229,2019.05.18 00:00,GBPJPY,60,86400,SELL,ZF,1,140.773,140.186,587.0,140.667,139.529,1138.0,193.867,18.06,481.0,138.5,140.667,140.186,139.048,BREAK,2019.05.23 10:00,0,,0,,0,,0,NA,London,BOUNCE,2019.05.24 13:00,NA,,141.254,BREAK,2019.05.21 18:00,0,,0,,0,,0,NA,NewYork,UNTOUCHED,,NA,,139.705,BOUNCE,2019.05.20 17:00,1,2019.05.21 18:00,1,2019.05.21 18:00,0,,2,1d 1h,NewYork,NA,,NA,,141.148,BREAK,2019.05.21 18:00,0,,0,,0,,0,NA,NewYork,UNTOUCHED,,NA,,S-ZD-BR,S-ZB-BR,S-ZD-BR,S-ZE-BR,S-ZF-BR,S-ZE-BO,S-ZE-BO,S-ZF-BR,S-ZE-BR,S-ZF-BR,S-ZC-BR,S-ZB-BO,S-ZG-BR,S-ZD-BO,S-ZE-BR,B-ZO-UN,S-ZB-BR,B-ZD-BO,B-ZE-UN,B-ZG-UN
230,2019.05.23 00:00,GBPJPY,60,86400,SELL,ZC,1,141.721,139.631,2090.0,140.685,139.298,1387.0,66.364,49.57,1054.0,493.2,140.685,139.631,138.244,BREAK,2019.05.29 04:00,0,,0,,0,,0,NA,Asia,BREAK,2019.05.31 15:00,BREAK,2019.06.18 05:00,142.775,UNTOUCHED,,0,,0,,0,,0,NA,Other,NA,,NA,,138.577,BREAK,2019.05.23 22:00,0,,0,,0,,0,NA,Other,BREAK,2019.05.31 13:00,BREAK,2019.06.18 05:00,141.739,UNTOUCHED,,0,,0,,0,,0,NA,Other,NA,,NA,,S-ZF-BR,S-ZD-BR,S-ZB-BR,S-ZD-BR,S-ZE-BR,S-ZF-BR,S-ZE-BO,S-ZE-BO,S-ZF-BR,S-ZE-BR,S-ZB-BO,S-ZG-BR,S-ZD-BO,S-ZE-BR,B-ZO-UN,S-ZB-BR,B-ZD-BO,B-ZE-UN,B-ZG-UN,S-ZD-BR
231,2019.05.24 00:00,GBPJPY,60,86400,SELL,ZB,1,140.685,139.298,1387.0,139.720,138.510,1210.0,87.239,69.57,422.0,327.3,139.720,139.298,138.088,BOUNCE,2019.05.29 11:00,0,,0,,0,,0,NA,London,NA,,NA,,141.107,UNTOUCHED,,0,,0,,0,,0,NA,Other,NA,,NA,,138.876,BOUNCE,2019.05.24 00:00,0,,0,,0,,0,NA,Asia,NA,,NA,,140.142,UNTOUCHED,,0,,0,,0,,0,NA,Other,NA,,NA,,S-ZC-BR,S-ZF-BR,S-ZD-BR,S-ZB-BR,S-ZD-BR,S-ZE-BR,S-ZF-BR,S-ZE-BO,S-ZE-BO,S-ZF-BR,S-ZG-BR,S-ZD-BO,S-ZE-BR,B-ZO-UN,S-ZB-BR,B-ZD-BO,B-ZE-UN,B-ZG-UN,S-ZD-BR,S-ZB-BR
232,2019.05.25 00:00,GBPJPY,60,86400,SELL,ZG,0,139.720,138.510,1210.0,139.474,138.490,984.0,81.322,20.33,964.0,285.6,139.474,138.510,137.526,BREAK,2019.05.31 08:00,0,,0,,0,,0,NA,London,BOUNCE,2019.06.05 12:00,NA,,140.684,UNTOUCHED,,0,,0,,0,,0,NA,Other,NA,,NA,,137.546,BREAK,2019.05.31 08:00,0,,0,,0,,0,NA,London,BOUNCE,2019.06.05 12:00,NA,,140.438,UNTOUCHED,,0,,0,,0,,0,NA,Other,NA,,NA,,S-ZB-BO,S-ZC-BR,S-ZF-BR,S-ZD-BR,S-ZB-BR,S-ZD-BR,S-ZE-BR,S-ZF-BR,S-ZE-BO,S-ZE-BO,S-ZD-BO,S-ZE-BR,B-ZO-UN,S-ZB-BR,B-ZD-BO,B-ZE-UN,B-ZG-UN,S-ZD-BR,S-ZB-BR,B-ZD-BR
233,2019.05.29 00:00,GBPJPY,60,86400,SELL,ZD,1,139.625,138.659,966.0,138.994,138.270,724.0,74.948,65.32,335.0,228.0,138.994,138.659,137.935,BOUNCE,2019.05.29 13:00,1,2019.05.30 08:00,0,,0,,1,19h,NewYork,NA,,NA,,139.960,UNTOUCHED,,0,,0,,0,,0,NA,Other,NA,,NA,,138.324,BREAK,2019.05.29 00:00,0,,0,,0,,0,NA,Asia,BOUNCE,2019.05.29 14:00,NA,,139.329,UNTOUCHED,,0,,0,,0,,0,NA,Other,NA,,NA,,S-ZG-BR,S-ZB-BO,S-ZC-BR,S-ZF-BR,S-ZD-BR,S-ZB-BR,S-ZD-BR,S-ZE-BR,S-ZF-BR,S-ZE-BO,S-ZE-BR,B-ZO-UN,S-ZB-BR,B-ZD-BO,B-ZE-UN,B-ZG-UN,S-ZD-BR,S-ZB-BR,B-ZD-BR,B-ZO-UN
234,2019.05.30 00:00,GBPJPY,60,86400,SELL,ZE,1,138.994,138.270,724.0,138.566,137.852,714.0,98.619,59.12,296.0,170.9,138.566,138.270,137.556,BREAK,2019.05.31 08:00,0,,0,,0,,0,NA,London,BREAK,2019.05.31 13:00,BREAK,2019.05.31 14:00,139.290,UNTOUCHED,,0,,0,,0,,0,NA,Other,NA,,NA,,137.974,BREAK,2019.05.31 03:00,0,,0,,0,,0,NA,Asia,BREAK,2019.05.31 08:00,BREAK,2019.05.31 11:00,138.862,UNTOUCHED,,0,,0,,0,,0,NA,Other,NA,,NA,,S-ZD-BO,S-ZG-BR,S-ZB-BO,S-ZC-BR,S-ZF-BR,S-ZD-BR,S-ZB-BR,S-ZD-BR,S-ZE-BR,S-ZF-BR,B-ZO-UN,S-ZB-BR,B-ZD-BO,B-ZE-UN,B-ZG-UN,S-ZD-BR,S-ZB-BR,B-ZD-BR,B-ZO-UN,S-ZO-BO
235,2019.05.31 00:00,GBPJPY,60,86400,BUY,ZO,0,138.566,137.852,714.0,138.719,138.039,680.0,95.238,26.19,527.0,168.5,138.566,138.039,139.246,UNTOUCHED,,0,,0,,0,,0,NA,Other,NA,,NA,,137.325,BREAK,2019.05.31 09:00,0,,0,,0,,0,NA,London,BREAK,2019.05.31 15:00,BREAK,2019.06.17 23:00,139.093,UNTOUCHED,,0,,0,,0,,0,NA,Other,NA,,NA,,137.512,BREAK,2019.05.31 08:00,0,,0,,0,,0,NA,London,BREAK,2019.05.31 13:00,BREAK,2019.06.17 21:00,S-ZE-BR,S-ZD-BO,S-ZG-BR,S-ZB-BO,S-ZC-BR,S-ZF-BR,S-ZD-BR,S-ZB-BR,S-ZD-BR,S-ZE-BR,S-ZB-BR,B-ZD-BO,B-ZE-UN,B-ZG-UN,S-ZD-BR,S-ZB-BR,B-ZD-BR,B-ZO-UN,S-ZO-BO,S-ZD-BR
236,2019.06.01 00:00,GBPJPY,60,86400,SELL,ZB,1,138.719,138.039,680.0,138.246,136.613,1633.0,240.147,69.56,207.0,160.5,138.246,138.039,136.406,BREAK,2019.06.17 19:00,0,,0,,0,,0,NA,NewYork,BREAK,2019.06.18 00:00,BREAK,2019.06.18 05:00,138.926,UNTOUCHED,,0,,0,,0,,0,NA,Other,NA,,NA,,137.832,BREAK,2019.06.01 00:00,0,,0,,0,,0,NA,Asia,BREAK,2019.06.03 01:00,BREAK,2019.06.03 02:00,138.453,UNTOUCHED,,0,,0,,0,,0,NA,Other,NA,,NA,,B-ZO-UN,S-ZE-BR,S-ZD-BO,S-ZG-BR,S-ZB-BO,S-ZC-BR,S-ZF-BR,S-ZD-BR,S-ZB-BR,S-ZD-BR,B-ZD-BO,B-ZE-UN,B-ZG-UN,S-ZD-BR,S-ZB-BR,B-ZD-BR,B-ZO-UN,S-ZO-BO,S-ZD-BR,B-ZG-UN
237,2019.06.06 00:00,GBPJPY,60,86400,BUY,ZD,1,137.455,136.541,914.0,137.766,137.194,572.0,62.582,71.44,261.0,215.7,137.455,137.194,138.027,BOUNCE,2019.06.07 13:00,1,2019.06.07 17:00,1,2019.06.14 12:00,1,2019.06.17 21:00,3,1w 3d,NewYork,NA,,NA,,136.280,BREAK,2019.06.17 21:00,0,,0,,0,,0,NA,Other,BREAK,2019.06.18 05:00,BREAK,2019.06.18 12:00,137.716,BOUNCE,2019.06.06 18:00,1,2019.06.14 12:00,1,2019.06.17 21:00,0,,2,1w 4d,NewYork,NA,,NA,,136.933,BREAK,2019.06.14 12:00,0,,0,,0,,0,NA,London,BREAK,2019.06.17 01:00,BREAK,2019.06.17 21:00,S-ZB-BR,B-ZO-UN,S-ZE-BR,S-ZD-BO,S-ZG-BR,S-ZB-BO,S-ZC-BR,S-ZF-BR,S-ZD-BR,S-ZB-BR,B-ZE-UN,B-ZG-UN,S-ZD-BR,S-ZB-BR,B-ZD-BR,B-ZO-UN,S-ZO-BO,S-ZD-BR,B-ZG-UN,B-ZE-UN
238,2019.06.08 00:00,GBPJPY,60,86400,BUY,ZE,1,137.795,136.971,824.0,138.151,137.466,685.0,83.131,60.07,329.0,194.5,137.795,137.466,138.480,UNTOUCHED,,0,,0,,0,,0,NA,Other,NA,,NA,,136.642,BREAK,2019.06.14 15:00,0,,0,,0,,0,NA,NewYork,BREAK,2019.06.17 22:00,BREAK,2019.06.18 05:00,138.124,BOUNCE,2019.06.10 01:00,1,2019.06.13 11:00,1,2019.06.14 15:00,0,,2,4d 14h,Asia,NA,,NA,,137.137,BOUNCE,2019.06.13 11:00,0,,0,,0,,0,NA,London,NA,,NA,,B-ZD-BO,S-ZB-BR,B-ZO-UN,S-ZE-BR,S-ZD-BO,S-ZG-BR,S-ZB-BO,S-ZC-BR,S-ZF-BR,S-ZD-BR,B-ZG-UN,S-ZD-BR,S-ZB-BR,B-ZD-BR,B-ZO-UN,S-ZO-BO,S-ZD-BR,B-ZG-UN,B-ZE-UN,S-ZO-BR
239,2019.06.12 00:00,GBPJPY,60,86400,BUY,ZG,0,138.240,137.463,777.0,138.311,137.479,832.0,107.079,2.06,761.0,183.4,138.240,137.479,139.072,UNTOUCHED,,0,,0,,0,,0,NA,Other,NA,,NA,,136.702,BREAK,2019.06.14 15:00,0,,0,,0,,0,NA,NewYork,BREAK,2019.06.18 05:00,BOUNCE,2019.07.05 22:00,139.001,UNTOUCHED,,0,,0,,0,,0,NA,Other,NA,,NA,,136.718,BREAK,2019.06.14 15:00,0,,0,,0,,0,NA,NewYork,BREAK,2019.06.18 05:00,BOUNCE,2019.07.05 22:00,B-ZE-UN,B-ZD-BO,S-ZB-BR,B-ZO-UN,S-ZE-BR,S-ZD-BO,S-ZG-BR,S-ZB-BO,S-ZC-BR,S-ZF-BR,S-ZD-BR,S-ZB-BR,B-ZD-BR,B-ZO-UN,S-ZO-BO,S-ZD-BR,B-ZG-UN,B-ZE-UN,S-ZO-BR,S-ZB-BR
240,2019.06.14 00:00,GBPJPY,60,86400,SELL,ZD,1,138.225,137.541,684.0,137.764,137.081,683.0,99.854,67.40,223.0,161.4,137.764,137.541,136.858,BREAK,2019.06.14 13:00,0,,0,,0,,0,NA,NewYork,BREAK,2019.06.17 01:00,BREAK,2019.06.17 21:00,138.448,UNTOUCHED,,0,,0,,0,,0,NA,Other,NA,,NA,,137.318,BREAK,2019.06.14 00:00,0,,0,,0,,0,NA,Asia,BREAK,2019.06.14 12:00,BREAK,2019.06.14 15:00,137.987,UNTOUCHED,,0,,0,,0,,0,NA,Other,NA,,NA,,B-ZG-UN,B-ZE-UN,B-ZD-BO,S-ZB-BR,B-ZO-UN,S-ZE-BR,S-ZD-BO,S-ZG-BR,S-ZB-BO,S-ZC-BR,S-ZB-BR,B-ZD-BR,B-ZO-UN,S-ZO-BO,S-ZD-BR,B-ZG-UN,B-ZE-UN,S-ZO-BR,S-ZB-BR,B-ZH-BO
241,2019.06.15 00:00,GBPJPY,60,86400,SELL,ZB,1,137.764,137.081,683.0,137.406,136.495,911.0,133.382,52.42,325.0,161.2,137.406,137.081,136.170,BREAK,2019.06.17 22:00,0,,0,,0,,0,NA,Other,BREAK,2019.06.18 05:00,BOUNCE,2019.06.18 17:00,138.089,UNTOUCHED,,0,,0,,0,,0,NA,Other,NA,,NA,,136.756,BREAK,2019.06.15 00:00,0,,0,,0,,0,NA,Asia,BREAK,2019.06.17 21:00,BREAK,2019.06.18 05:00,137.731,BOUNCE,2019.07.01 02:00,1,2019.07.01 13:00,1,2019.07.01 13:00,0,,2,11h,Asia,NA,,NA,,S-ZD-BR,B-ZG-UN,B-ZE-UN,B-ZD-BO,S-ZB-BR,B-ZO-UN,S-ZE-BR,S-ZD-BO,S-ZG-BR,S-ZB-BO,B-ZD-BR,B-ZO-UN,S-ZO-BO,S-ZD-BR,B-ZG-UN,B-ZE-UN,S-ZO-BR,S-ZB-BR,B-ZH-BO,S-ZB-BR
242,2019.06.20 00:00,GBPJPY,60,86400,BUY,ZD,1,136.231,135.360,871.0,136.988,135.766,1222.0,140.299,46.61,465.0,205.6,136.231,135.766,137.453,BREAK,2019.07.01 02:00,0,,0,,0,,0,NA,Asia,UNTOUCHED,,NA,,134.895,BREAK,2019.07.16 11:00,0,,0,,0,,0,NA,London,BREAK,2019.07.16 14:00,BOUNCE,2019.07.17 12:00,136.696,BREAK,2019.06.20 00:00,0,,0,,0,,0,NA,Asia,BOUNCE,2019.06.27 18:00,NA,,135.301,BOUNCE,2019.07.03 10:00,0,,0,,0,,0,NA,London,NA,,NA,,S-ZB-BR,S-ZD-BR,B-ZG-UN,B-ZE-UN,B-ZD-BO,S-ZB-BR,B-ZO-UN,S-ZE-BR,S-ZD-BO,S-ZG-BR,B-ZO-UN,S-ZO-BO,S-ZD-BR,B-ZG-UN,B-ZE-UN,S-ZO-BR,S-ZB-BR,B-ZH-BO,S-ZB-BR,B-ZC-BR
243,2019.06.21 00:00,GBPJPY,60,86400,BUY,ZO,0,136.988,135.766,1222.0,137.158,136.182,976.0,79.869,34.04,806.0,288.4,136.988,136.182,137.964,UNTOUCHED,,0,,0,,0,,0,NA,Other,NA,,NA,,134.960,BREAK,2019.07.15 20:00,0,,0,,0,,0,NA,NewYork,BREAK,2019.07.18 05:00,BREAK,2019.07.29 16:00,137.794,UNTOUCHED,,0,,0,,0,,0,NA,Other,NA,,NA,,135.376,BOUNCE,2019.07.03 10:00,0,,0,,0,,0,NA,London,NA,,NA,,B-ZD-BR,S-ZB-BR,S-ZD-BR,B-ZG-UN,B-ZE-UN,B-ZD-BO,S-ZB-BR,B-ZO-UN,S-ZE-BR,S-ZD-BO,S-ZO-BO,S-ZD-BR,B-ZG-UN,B-ZE-UN,S-ZO-BR,S-ZB-BR,B-ZH-BO,S-ZB-BR,B-ZC-BR,S-ZO-BR
244,2019.06.22 00:00,GBPJPY,60,86400,SELL,ZO,0,137.158,136.182,976.0,136.813,135.927,886.0,90.779,35.35,631.0,230.3,136.813,136.182,135.296,BOUNCE,2019.07.03 10:00,0,,0,,0,,0,NA,London,NA,,NA,,137.789,UNTOUCHED,,0,,0,,0,,0,NA,Other,NA,,NA,,135.551,BREAK,2019.07.03 05:00,0,,0,,0,,0,NA,Asia,BREAK,2019.07.16 12:00,BREAK,2019.07.16 14:00,137.444,BREAK,2019.07.01 02:00,0,,0,,0,,0,NA,Asia,UNTOUCHED,,NA,,B-ZO-UN,B-ZD-BR,S-ZB-BR,S-ZD-BR,B-ZG-UN,B-ZE-UN,B-ZD-BO,S-ZB-BR,B-ZO-UN,S-ZE-BR,S-ZD-BR,B-ZG-UN,B-ZE-UN,S-ZO-BR,S-ZB-BR,B-ZH-BO,S-ZB-BR,B-ZC-BR,S-ZO-BR,B-ZB-UN
245,2019.06.26 00:00,GBPJPY,60,86400,SELL,ZD,1,137.111,136.471,640.0,136.827,135.789,1038.0,162.188,44.37,356.0,151.0,136.827,136.471,135.433,BREAK,2019.07.03 05:00,0,,0,,0,,0,NA,Asia,BOUNCE,2019.07.11 11:00,NA,,137.467,BREAK,2019.07.01 02:00,0,,0,,0,,0,NA,Asia,UNTOUCHED,,NA,,136.115,BREAK,2019.06.26 00:00,0,,0,,0,,0,NA,Asia,BREAK,2019.07.03 04:00,BREAK,2019.07.03 10:00,137.183,BOUNCE,2019.06.27 11:00,1,2019.07.02 18:00,1,2019.07.02 18:00,0,,2,5d 7h,London,NA,,NA,,S-ZO-BO,B-ZO-UN,B-ZD-BR,S-ZB-BR,S-ZD-BR,B-ZG-UN,B-ZE-UN,B-ZD-BO,S-ZB-BR,B-ZO-UN,B-ZG-UN,B-ZE-UN,S-ZO-BR,S-ZB-BR,B-ZH-BO,S-ZB-BR,B-ZC-BR,S-ZO-BR,B-ZB-UN,S-ZF-BR
246,2019.06.27 00:00,GBPJPY,60,86400,BUY,ZG,0,136.827,135.789,1038.0,136.876,135.835,1041.0,100.289,4.43,992.0,245.0,136.827,135.835,137.868,UNTOUCHED,,0,,0,,0,,0,NA,Other,NA,,NA,,134.797,BREAK,2019.07.16 11:00,0,,0,,0,,0,NA,London,BREAK,2019.07.29 16:00,BREAK,2019.07.30 05:00,137.819,UNTOUCHED,,0,,0,,0,,0,NA,Other,NA,,NA,,134.843,BREAK,2019.07.16 11:00,0,,0,,0,,0,NA,London,BOUNCE,2019.07.19 04:00,NA,,S-ZD-BR,S-ZO-BO,B-ZO-UN,B-ZD-BR,S-ZB-BR,S-ZD-BR,B-ZG-UN,B-ZE-UN,B-ZD-BO,S-ZB-BR,B-ZE-UN,S-ZO-BR,S-ZB-BR,B-ZH-BO,S-ZB-BR,B-ZC-BR,S-ZO-BR,B-ZB-UN,S-ZF-BR,S-ZB-BR
247,2019.06.28 00:00,GBPJPY,60,86400,BUY,ZE,1,136.876,135.835,1041.0,137.318,136.401,917.0,88.088,54.37,475.0,245.7,136.876,136.401,137.793,UNTOUCHED,,0,,0,,0,,0,NA,Other,NA,,NA,,135.360,BOUNCE,2019.07.03 10:00,0,,0,,0,,0,NA,London,NA,,NA,,137.351,BREAK,2019.07.01 01:00,0,,0,,0,,0,NA,Asia,UNTOUCHED,,NA,,135.926,BREAK,2019.07.02 20:00,0,,0,,0,,0,NA,NewYork,BREAK,2019.07.03 10:00,BREAK,2019.07.16 11:00,B-ZG-UN,S-ZD-BR,S-ZO-BO,B-ZO-UN,B-ZD-BR,S-ZB-BR,S-ZD-BR,B-ZG-UN,B-ZE-UN,B-ZD-BO,S-ZO-BR,S-ZB-BR,B-ZH-BO,S-ZB-BR,B-ZC-BR,S-ZO-BR,B-ZB-UN,S-ZF-BR,S-ZB-BR,S-ZD-BR
248,2019.06.29 00:00,GBPJPY,60,86400,SELL,ZO,0,137.318,136.401,917.0,137.185,136.252,933.0,101.745,14.50,784.0,216.4,137.185,136.401,135.468,BREAK,2019.07.03 05:00,0,,0,,0,,0,NA,Asia,BREAK,2019.07.16 13:00,BOUNCE,2019.07.18 15:00,138.102,UNTOUCHED,,0,,0,,0,,0,NA,Other,NA,,NA,,135.617,BREAK,2019.07.03 04:00,0,,0,,0,,0,NA,Asia,BREAK,2019.07.16 12:00,BOUNCE,2019.07.19 04:00,137.969,UNTOUCHED,,0,,0,,0,,0,NA,Other,NA,,NA,,B-ZE-UN,B-ZG-UN,S-ZD-BR,S-ZO-BO,B-ZO-UN,B-ZD-BR,S-ZB-BR,S-ZD-BR,B-ZG-UN,B-ZE-UN,S-ZB-BR,B-ZH-BO,S-ZB-BR,B-ZC-BR,S-ZO-BR,B-ZB-UN,S-ZF-BR,S-ZB-BR,S-ZD-BR,S-ZB-UN
249,2019.07.03 00:00,GBPJPY,60,86400,SELL,ZB,1,137.770,136.722,1048.0,137.120,135.851,1269.0,121.088,62.02,398.0,247.3,137.120,136.722,135.453,BREAK,2019.07.03 05:00,0,,0,,0,,0,NA,Asia,BREAK,2019.07.16 11:00,BREAK,2019.07.16 13:00,138.168,UNTOUCHED,,0,,0,,0,,0,NA,Other,NA,,NA,,136.324,BREAK,2019.07.03 00:00,0,,0,,0,,0,NA,Asia,BREAK,2019.07.03 04:00,BREAK,2019.07.03 10:00,137.518,UNTOUCHED,,0,,0,,0,,0,NA,Other,NA,,NA,,S-ZO-BR,B-ZE-UN,B-ZG-UN,S-ZD-BR,S-ZO-BO,B-ZO-UN,B-ZD-BR,S-ZB-BR,S-ZD-BR,B-ZG-UN,B-ZH-BO,S-ZB-BR,B-ZC-BR,S-ZO-BR,B-ZB-UN,S-ZF-BR,S-ZB-BR,S-ZD-BR,S-ZB-UN,B-ZF-BR
250,2019.07.06 00:00,GBPJPY,60,86400,BUY,ZH,1,135.701,135.422,279.0,136.027,135.469,558.0,200.000,16.85,232.0,65.8,135.701,135.469,136.259,BOUNCE,2019.07.09 04:00,1,2019.07.09 10:00,1,2019.07.11 05:00,1,2019.07.11 05:00,3,2d 1h,Asia,NA,,NA,,135.190,BREAK,2019.07.11 05:00,0,,0,,0,,0,NA,Asia,BOUNCE,2019.07.16 05:00,NA,,135.933,BREAK,2019.07.08 02:00,0,,0,,0,,0,NA,Asia,BREAK,2019.07.09 04:00,UNTOUCHED,,135.237,BREAK,2019.07.11 05:00,0,,0,,0,,0,NA,Asia,BOUNCE,2019.07.16 10:00,NA,,S-ZB-BR,S-ZO-BR,B-ZE-UN,B-ZG-UN,S-ZD-BR,S-ZO-BO,B-ZO-UN,B-ZD-BR,S-ZB-BR,S-ZD-BR,S-ZB-BR,B-ZC-BR,S-ZO-BR,B-ZB-UN,S-ZF-BR,S-ZB-BR,S-ZD-BR,S-ZB-UN,B-ZF-BR,B-ZF-BO
251,2019.07.17 00:00,GBPJPY,60,86400,SELL,ZB,1,135.834,134.943,891.0,135.253,133.957,1296.0,145.455,65.21,310.0,210.3,135.253,134.943,133.647,BREAK,2019.07.29 15:00,0,,0,,0,,0,NA,NewYork,BREAK,2019.07.29 17:00,BREAK,2019.07.30 05:00,136.144,UNTOUCHED,,0,,0,,0,,0,NA,Other,NA,,NA,,134.633,BREAK,2019.07.17 00:00,0,,0,,0,,0,NA,Asia,BREAK,2019.07.17 10:00,BOUNCE,2019.07.17 12:00,135.563,BOUNCE,2019.07.25 17:00,1,2019.07.26 18:00,1,2019.07.26 18:00,0,,2,1d 1h,NewYork,NA,,NA,,B-ZH-BO,S-ZB-BR,S-ZO-BR,B-ZE-UN,B-ZG-UN,S-ZD-BR,S-ZO-BO,B-ZO-UN,B-ZD-BR,S-ZB-BR,B-ZC-BR,S-ZO-BR,B-ZB-UN,S-ZF-BR,S-ZB-BR,S-ZD-BR,S-ZB-UN,B-ZF-BR,B-ZF-BO,B-ZE-BO
252,2019.07.20 00:00,GBPJPY,60,86400,BUY,ZC,1,134.818,133.842,976.0,134.999,134.524,475.0,48.668,69.88,294.0,230.3,134.818,134.524,135.293,BREAK,2019.07.25 17:00,0,,0,,0,,0,NA,NewYork,BOUNCE,2019.07.25 18:00,NA,,133.548,BREAK,2019.07.29 16:00,0,,0,,0,,0,NA,NewYork,BREAK,2019.07.29 17:00,BOUNCE,2019.07.29 18:00,135.112,BOUNCE,2019.07.24 14:00,1,2019.07.29 04:00,1,2019.07.29 16:00,0,,2,5d 2h,NewYork,NA,,NA,,134.230,BREAK,2019.07.29 04:00,0,,0,,0,,0,NA,Asia,BREAK,2019.07.29 15:00,BREAK,2019.07.29 16:00,S-ZB-BR,B-ZH-BO,S-ZB-BR,S-ZO-BR,B-ZE-UN,B-ZG-UN,S-ZD-BR,S-ZO-BO,B-ZO-UN,B-ZD-BR,S-ZO-BR,B-ZB-UN,S-ZF-BR,S-ZB-BR,S-ZD-BR,S-ZB-UN,B-ZF-BR,B-ZF-BO,B-ZE-BO,B-ZC-BR
253,2019.07.24 00:00,GBPJPY,60,86400,SELL,ZO,0,135.080,134.402,678.0,134.977,134.307,670.0,98.820,15.19,575.0,160.0,134.977,134.402,133.732,BREAK,2019.07.29 15:00,0,,0,,0,,0,NA,NewYork,BREAK,2019.07.29 18:00,BREAK,2019.07.30 05:00,135.655,BOUNCE,2019.07.25 18:00,1,2019.07.29 01:00,1,2019.07.29 14:00,1,2019.07.29 15:00,3,3d 21h,NewYork,NA,,NA,,133.827,BREAK,2019.07.29 14:00,0,,0,,0,,0,NA,NewYork,BREAK,2019.07.29 16:00,BREAK,2019.07.30 05:00,135.552,BOUNCE,2019.07.25 17:00,1,2019.07.29 14:00,1,2019.07.29 14:00,0,,2,3d 21h,NewYork,NA,,NA,,B-ZC-BR,S-ZB-BR,B-ZH-BO,S-ZB-BR,S-ZO-BR,B-ZE-UN,B-ZG-UN,S-ZD-BR,S-ZO-BO,B-ZO-UN,B-ZB-UN,S-ZF-BR,S-ZB-BR,S-ZD-BR,S-ZB-UN,B-ZF-BR,B-ZF-BO,B-ZE-BO,B-ZC-BR,S-ZG-BR
254,2019.07.26 00:00,GBPJPY,60,86400,BUY,ZB,1,135.270,134.237,1033.0,135.663,134.703,960.0,92.933,45.11,567.0,243.8,135.270,134.703,136.230,UNTOUCHED,,0,,0,,0,,0,NA,Other,NA,,NA,,133.670,BREAK,2019.07.29 15:00,0,,0,,0,,0,NA,NewYork,BREAK,2019.07.29 18:00,BREAK,2019.07.30 07:00,135.837,UNTOUCHED,,0,,0,,0,,0,NA,Other,NA,,NA,,134.136,BREAK,2019.07.29 06:00,0,,0,,0,,0,NA,Asia,BREAK,2019.07.29 16:00,BREAK,2019.07.30 05:00,S-ZO-BR,B-ZC-BR,S-ZB-BR,B-ZH-BO,S-ZB-BR,S-ZO-BR,B-ZE-UN,B-ZG-UN,S-ZD-BR,S-ZO-BO,S-ZF-BR,S-ZB-BR,S-ZD-BR,S-ZB-UN,B-ZF-BR,B-ZF-BO,B-ZE-BO,B-ZC-BR,S-ZG-BR,S-ZE-UN
255,2019.07.27 00:00,GBPJPY,60,86400,SELL,ZF,0,135.663,134.703,960.0,135.383,134.544,839.0,87.396,29.17,680.0,226.6,135.383,134.703,133.864,BREAK,2019.07.29 12:00,0,,0,,0,,0,NA,London,BREAK,2019.07.29 18:00,BREAK,2019.07.30 07:00,136.343,UNTOUCHED,,0,,0,,0,,0,NA,Other,NA,,NA,,134.023,BREAK,2019.07.29 11:00,0,,0,,0,,0,NA,London,BREAK,2019.07.29 16:00,BREAK,2019.07.30 05:00,136.063,UNTOUCHED,,0,,0,,0,,0,NA,Other,NA,,NA,,B-ZB-UN,S-ZO-BR,B-ZC-BR,S-ZB-BR,B-ZH-BO,S-ZB-BR,S-ZO-BR,B-ZE-UN,B-ZG-UN,S-ZD-BR,S-ZB-BR,S-ZD-BR,S-ZB-UN,B-ZF-BR,B-ZF-BO,B-ZE-BO,B-ZC-BR,S-ZG-BR,S-ZE-UN,B-ZB-BO
256,2019.08.02 00:00,GBPJPY,60,86400,SELL,ZB,1,132.986,131.837,1149.0,132.544,130.325,2219.0,193.124,38.47,707.0,271.2,132.544,131.837,129.618,BREAK,2019.08.02 05:00,0,,0,,0,,0,NA,Asia,BREAK,2019.08.05 06:00,BOUNCE,2019.08.05 13:00,133.693,UNTOUCHED,,0,,0,,0,,0,NA,Other,NA,,NA,,131.130,BREAK,2019.08.02 00:00,0,,0,,0,,0,NA,Asia,BREAK,2019.08.02 01:00,BREAK,2019.08.02 05:00,133.251,BOUNCE,2019.09.11 09:00,0,,0,,0,,0,NA,London,NA,,NA,,S-ZF-BR,B-ZB-UN,S-ZO-BR,B-ZC-BR,S-ZB-BR,B-ZH-BO,S-ZB-BR,S-ZO-BR,B-ZE-UN,B-ZG-UN,S-ZD-BR,S-ZB-UN,B-ZF-BR,B-ZF-BO,B-ZE-BO,B-ZC-BR,S-ZG-BR,S-ZE-UN,B-ZB-BO,B-ZD-BO
257,2019.08.06 00:00,GBPJPY,60,86400,SELL,ZD,1,129.685,129.457,228.0,129.591,128.161,1430.0,627.193,41.23,134.0,53.8,129.591,129.457,128.027,BREAK,2019.08.09 14:00,0,,0,,0,,0,NA,NewYork,BREAK,2019.08.09 15:00,BREAK,2019.08.09 16:00,129.819,BREAK,2019.08.06 08:00,0,,0,,0,,0,NA,London,BREAK,2019.08.06 18:00,BREAK,2019.08.22 16:00,129.323,BREAK,2019.08.06 00:00,0,,0,,0,,0,NA,Asia,BREAK,2019.08.06 01:00,BREAK,2019.08.06 02:00,129.725,BREAK,2019.08.06 08:00,0,,0,,0,,0,NA,London,BREAK,2019.08.06 13:00,BREAK,2019.08.06 18:00,S-ZB-BR,S-ZF-BR,B-ZB-UN,S-ZO-BR,B-ZC-BR,S-ZB-BR,B-ZH-BO,S-ZB-BR,S-ZO-BR,B-ZE-UN,S-ZB-UN,B-ZF-BR,B-ZF-BO,B-ZE-BO,B-ZC-BR,S-ZG-BR,S-ZE-UN,B-ZB-BO,B-ZD-BO,B-ZD-BO
258,2019.08.10 00:00,GBPJPY,60,86400,SELL,ZB,1,129.322,128.269,1053.0,128.767,126.961,1806.0,171.510,52.71,498.0,248.5,128.767,128.269,126.463,UNTOUCHED,,0,,0,,0,,0,NA,Other,NA,,NA,,129.820,BREAK,2019.08.22 16:00,0,,0,,0,,0,NA,NewYork,BREAK,2019.08.22 17:00,BREAK,2019.09.05 13:00,127.771,BREAK,2019.08.10 00:00,0,,0,,0,,0,NA,Asia,BREAK,2019.08.12 02:00,BOUNCE,2019.08.12 11:00,129.265,BREAK,2019.08.16 13:00,0,,0,,0,,0,NA,NewYork,BREAK,2019.08.22 16:00,BREAK,2019.08.22 17:00,S-ZD-BR,S-ZB-BR,S-ZF-BR,B-ZB-UN,S-ZO-BR,B-ZC-BR,S-ZB-BR,B-ZH-BO,S-ZB-BR,S-ZO-BR,B-ZF-BR,B-ZF-BO,B-ZE-BO,B-ZC-BR,S-ZG-BR,S-ZE-UN,B-ZB-BO,B-ZD-BO,B-ZD-BO,B-ZB-BO
259,2019.08.14 00:00,GBPJPY,60,86400,BUY,ZF,1,127.510,126.536,974.0,129.211,126.793,2418.0,248.255,26.39,717.0,229.9,127.510,126.793,129.928,BREAK,2019.08.22 16:00,0,,0,,0,,0,NA,NewYork,BOUNCE,2019.08.23 19:00,NA,,125.819,UNTOUCHED,,0,,0,,0,,0,NA,Other,NA,,NA,,128.227,BREAK,2019.08.14 00:00,0,,0,,0,,0,NA,Asia,BOUNCE,2019.08.15 21:00,NA,,126.076,UNTOUCHED,,0,,0,,0,,0,NA,Other,NA,,NA,,S-ZB-UN,S-ZD-BR,S-ZB-BR,S-ZF-BR,B-ZB-UN,S-ZO-BR,B-ZC-BR,S-ZB-BR,B-ZH-BO,S-ZB-BR,B-ZF-BO,B-ZE-BO,B-ZC-BR,S-ZG-BR,S-ZE-UN,B-ZB-BO,B-ZD-BO,B-ZD-BO,B-ZB-BO,B-ZF-BR
260,2019.08.17 00:00,GBPJPY,60,86400,BUY,ZF,0,128.975,127.459,1516.0,129.565,128.027,1538.0,101.451,37.47,948.0,357.8,128.975,128.027,130.513,BOUNCE,2019.08.22 16:00,1,2019.08.26 01:00,1,2019.09.03 11:00,0,,2,1w 4d,NewYork,NA,,NA,,126.511,UNTOUCHED,,0,,0,,0,,0,NA,Other,NA,,NA,,129.923,BREAK,2019.08.22 16:00,0,,0,,0,,0,NA,NewYork,BREAK,2019.09.05 14:00,BOUNCE,2019.09.09 11:00,127.079,BREAK,2019.09.03 11:00,0,,0,,0,,0,NA,London,UNTOUCHED,,NA,,B-ZF-BR,S-ZB-UN,S-ZD-BR,S-ZB-BR,S-ZF-BR,B-ZB-UN,S-ZO-BR,B-ZC-BR,S-ZB-BR,B-ZH-BO,B-ZE-BO,B-ZC-BR,S-ZG-BR,S-ZE-UN,B-ZB-BO,B-ZD-BO,B-ZD-BO,B-ZB-BO,B-ZF-BR,B-ZC-BR
261,2019.08.22 00:00,GBPJPY,60,86400,BUY,ZE,1,129.626,128.253,1373.0,129.662,128.874,788.0,57.393,45.23,752.0,324.0,129.626,128.874,130.414,BOUNCE,2019.08.22 16:00,1,2019.08.26 01:00,1,2019.09.02 17:00,1,2019.09.03 09:00,3,1w 4d,NewYork,NA,,NA,,127.501,BREAK,2019.09.03 09:00,0,,0,,0,,0,NA,London,BOUNCE,2019.09.03 14:00,NA,,130.378,BOUNCE,2019.08.22 16:00,1,2019.09.02 17:00,1,2019.09.03 09:00,0,,2,1w 4d,NewYork,NA,,NA,,128.122,BREAK,2019.09.02 17:00,0,,0,,0,,0,NA,NewYork,BREAK,2019.09.03 11:00,UNTOUCHED,,B-ZF-BO,B-ZF-BR,S-ZB-UN,S-ZD-BR,S-ZB-BR,S-ZF-BR,B-ZB-UN,S-ZO-BR,B-ZC-BR,S-ZB-BR,B-ZC-BR,S-ZG-BR,S-ZE-UN,B-ZB-BO,B-ZD-BO,B-ZD-BO,B-ZB-BO,B-ZF-BR,B-ZC-BR,S-ZO-BR
262,2019.08.28 00:00,GBPJPY,60,86400,BUY,ZC,1,130.136,128.177,1959.0,130.378,128.998,1380.0,70.444,41.91,1138.0,462.3,130.136,128.998,131.516,BREAK,2019.09.05 14:00,0,,0,,0,,0,NA,NewYork,BREAK,2019.09.11 08:00,BREAK,2019.09.13 12:00,127.039,BOUNCE,2019.09.03 11:00,1,2019.09.04 13:00,1,2019.09.05 14:00,1,2019.09.05 14:00,3,2d 3h,London,NA,,NA,,131.274,BREAK,2019.09.05 14:00,0,,0,,0,,0,NA,NewYork,BREAK,2019.09.10 10:00,BREAK,2019.09.13 11:00,127.860,BREAK,2019.09.03 07:00,0,,0,,0,,0,NA,London,BOUNCE,2019.09.03 14:00,NA,,B-ZE-BO,B-ZF-BO,B-ZF-BR,S-ZB-UN,S-ZD-BR,S-ZB-BR,S-ZF-BR,B-ZB-UN,S-ZO-BR,B-ZC-BR,S-ZG-BR,S-ZE-UN,B-ZB-BO,B-ZD-BO,B-ZD-BO,B-ZB-BO,B-ZF-BR,B-ZC-BR,S-ZO-BR,B-ZG-BR
263,2019.08.29 00:00,GBPJPY,60,86400,SELL,ZG,0,130.378,128.998,1380.0,130.058,128.457,1601.0,116.014,23.19,1060.0,325.7,130.058,128.998,127.397,BREAK,2019.09.03 10:00,0,,0,,0,,0,NA,London,UNTOUCHED,,NA,,131.438,BREAK,2019.09.05 14:00,0,,0,,0,,0,NA,NewYork,BREAK,2019.09.10 10:00,BREAK,2019.09.13 10:00,127.938,BREAK,2019.09.02 18:00,0,,0,,0,,0,NA,NewYork,BOUNCE,2019.09.03 14:00,NA,,131.118,BREAK,2019.09.05 14:00,0,,0,,0,,0,NA,NewYork,BREAK,2019.09.09 14:00,BOUNCE,2019.09.12 16:00,B-ZC-BR,B-ZE-BO,B-ZF-BO,B-ZF-BR,S-ZB-UN,S-ZD-BR,S-ZB-BR,S-ZF-BR,B-ZB-UN,S-ZO-BR,S-ZE-UN,B-ZB-BO,B-ZD-BO,B-ZD-BO,B-ZB-BO,B-ZF-BR,B-ZC-BR,S-ZO-BR,B-ZG-BR,S-ZD-BO
264,2019.09.04 00:00,GBPJPY,60,86400,SELL,ZE,1,129.306,127.862,1444.0,128.242,126.666,1576.0,109.141,73.68,380.0,340.8,128.242,127.862,126.286,UNTOUCHED,,0,,0,,0,,0,NA,Other,NA,,NA,,129.686,BOUNCE,2019.09.04 14:00,0,,0,,0,,0,NA,NewYork,NA,,NA,,127.482,UNTOUCHED,,0,,0,,0,,0,NA,Other,NA,,NA,,128.622,BREAK,2019.09.04 10:00,0,,0,,0,,0,NA,London,BREAK,2019.09.04 13:00,BREAK,2019.09.04 15:00,S-ZG-BR,B-ZC-BR,B-ZE-BO,B-ZF-BO,B-ZF-BR,S-ZB-UN,S-ZD-BR,S-ZB-BR,S-ZF-BR,B-ZB-UN,B-ZB-BO,B-ZD-BO,B-ZD-BO,B-ZB-BO,B-ZF-BR,B-ZC-BR,S-ZO-BR,B-ZG-BR,S-ZD-BO,S-ZC-BO
265,2019.09.05 00:00,GBPJPY,60,86400,BUY,ZB,1,128.242,126.666,1576.0,130.064,127.770,2294.0,145.558,70.05,472.0,371.9,128.242,127.770,130.536,BOUNCE,2019.09.05 05:00,0,,0,,0,,0,NA,Asia,NA,,NA,,126.194,UNTOUCHED,,0,,0,,0,,0,NA,Other,NA,,NA,,128.714,BREAK,2019.09.05 00:00,0,,0,,0,,0,NA,Asia,BREAK,2019.09.05 01:00,BREAK,2019.09.05 02:00,127.298,UNTOUCHED,,0,,0,,0,,0,NA,Other,NA,,NA,,S-ZE-UN,S-ZG-BR,B-ZC-BR,B-ZE-BO,B-ZF-BO,B-ZF-BR,S-ZB-UN,S-ZD-BR,S-ZB-BR,S-ZF-BR,B-ZD-BO,B-ZD-BO,B-ZB-BO,B-ZF-BR,B-ZC-BR,S-ZO-BR,B-ZG-BR,S-ZD-BO,S-ZC-BO,S-ZO-BR
266,2019.09.11 00:00,GBPJPY,60,86400,BUY,ZD,1,132.544,130.801,1743.0,132.878,132.006,872.0,50.029,69.13,538.0,411.3,132.544,132.006,133.416,BOUNCE,2019.09.12 18:00,1,2019.09.27 11:00,1,2019.10.04 15:00,0,,2,3w 0d,NewYork,NA,,NA,,130.263,UNTOUCHED,,0,,0,,0,,0,NA,Other,NA,,NA,,133.082,BOUNCE,2019.09.11 07:00,1,2019.10.04 15:00,0,,0,,1,3w 2d,London,NA,,NA,,131.468,BOUNCE,2019.10.04 15:00,1,2019.10.10 19:00,1,2019.10.10 19:00,0,,2,6d 4h,NewYork,NA,,NA,,B-ZB-BO,S-ZE-UN,S-ZG-BR,B-ZC-BR,B-ZE-BO,B-ZF-BO,B-ZF-BR,S-ZB-UN,S-ZD-BR,S-ZB-BR,B-ZD-BO,B-ZB-BO,B-ZF-BR,B-ZC-BR,S-ZO-BR,B-ZG-BR,S-ZD-BO,S-ZC-BO,S-ZO-BR,S-ZC-BO
267,2019.09.12 00:00,GBPJPY,60,86400,BUY,ZD,1,132.878,132.006,872.0,133.354,132.664,690.0,79.128,75.46,214.0,205.8,132.878,132.664,133.568,BOUNCE,2019.09.12 21:00,1,2019.09.25 14:00,1,2019.09.26 13:00,1,2019.10.01 19:00,3,2w 4d,Other,NA,,NA,,131.792,BOUNCE,2019.10.01 19:00,1,2019.10.01 20:00,1,2019.10.10 19:00,1,2019.10.10 19:00,3,1w 2d,NewYork,NA,,NA,,133.092,BOUNCE,2019.09.12 03:00,1,2019.09.12 16:00,1,2019.10.01 19:00,0,,2,2w 5d,Asia,NA,,NA,,132.450,BREAK,2019.09.12 16:00,0,,0,,0,,0,NA,NewYork,BREAK,2019.10.01 18:00,BREAK,2019.10.01 19:00,B-ZD-BO,B-ZB-BO,S-ZE-UN,S-ZG-BR,B-ZC-BR,B-ZE-BO,B-ZF-BO,B-ZF-BR,S-ZB-UN,S-ZD-BR,B-ZB-BO,B-ZF-BR,B-ZC-BR,S-ZO-BR,B-ZG-BR,S-ZD-BO,S-ZC-BO,S-ZO-BR,S-ZC-BO,S-ZO-BO
268,2019.09.14 00:00,GBPJPY,60,86400,BUY,ZB,1,133.633,132.161,1472.0,135.098,133.262,1836.0,124.728,74.80,371.0,347.4,133.633,133.262,135.469,BOUNCE,2019.09.18 23:00,1,2019.09.19 05:00,1,2019.09.25 18:00,1,2019.10.01 19:00,3,1w 5d,Other,NA,,NA,,131.790,BOUNCE,2019.10.01 19:00,1,2019.10.01 21:00,1,2019.10.10 21:00,1,2019.10.11 14:00,3,1w 2d,NewYork,NA,,NA,,134.004,BREAK,2019.09.14 00:00,0,,0,,0,,0,NA,Asia,BREAK,2019.09.16 01:00,BOUNCE,2019.09.16 04:00,132.891,BOUNCE,2019.09.25 18:00,1,2019.10.10 21:00,1,2019.10.10 21:00,0,,2,2w 1d,NewYork,NA,,NA,,B-ZD-BO,B-ZD-BO,B-ZB-BO,S-ZE-UN,S-ZG-BR,B-ZC-BR,B-ZE-BO,B-ZF-BO,B-ZF-BR,S-ZB-UN,B-ZF-BR,B-ZC-BR,S-ZO-BR,B-ZG-BR,S-ZD-BO,S-ZC-BO,S-ZO-BR,S-ZC-BO,S-ZO-BO,S-ZC-BR
269,2019.09.18 00:00,GBPJPY,60,86400,BUY,ZF,0,135.046,133.864,1182.0,135.416,133.978,1438.0,121.658,9.64,1068.0,279.0,135.046,133.978,136.484,BREAK,2019.10.11 15:00,0,,0,,0,,0,NA,NewYork,BREAK,2019.10.11 18:00,BREAK,2019.10.15 18:00,132.796,BREAK,2019.09.26 12:00,0,,0,,0,,0,NA,London,BREAK,2019.10.04 15:00,BOUNCE,2019.10.09 12:00,136.114,BREAK,2019.10.11 14:00,0,,0,,0,,0,NA,NewYork,BREAK,2019.10.11 17:00,BREAK,2019.10.15 18:00,132.910,BREAK,2019.09.25 16:00,0,,0,,0,,0,NA,NewYork,BREAK,2019.10.03 04:00,BREAK,2019.10.08 15:00,B-ZB-BO,B-ZD-BO,B-ZD-BO,B-ZB-BO,S-ZE-UN,S-ZG-BR,B-ZC-BR,B-ZE-BO,B-ZF-BO,B-ZF-BR,B-ZC-BR,S-ZO-BR,B-ZG-BR,S-ZD-BO,S-ZC-BO,S-ZO-BR,S-ZC-BO,S-ZO-BO,S-ZC-BR,S-ZF-UN
270,2019.09.19 00:00,GBPJPY,60,86400,BUY,ZC,1,135.416,133.978,1438.0,135.649,134.582,1067.0,74.200,42.00,834.0,339.4,135.416,134.582,136.483,BREAK,2019.10.11 15:00,0,,0,,0,,0,NA,NewYork,BREAK,2019.10.11 18:00,BREAK,2019.10.15 18:00,133.144,BREAK,2019.09.25 14:00,0,,0,,0,,0,NA,NewYork,BREAK,2019.10.01 18:00,BOUNCE,2019.10.03 16:00,136.250,BOUNCE,2019.10.11 14:00,0,,0,,0,,0,NA,NewYork,NA,,NA,,133.748,BREAK,2019.09.23 11:00,0,,0,,0,,0,NA,London,BREAK,2019.09.26 13:00,BREAK,2019.10.02 12:00,B-ZF-BR,B-ZB-BO,B-ZD-BO,B-ZD-BO,B-ZB-BO,S-ZE-UN,S-ZG-BR,B-ZC-BR,B-ZE-BO,B-ZF-BO,S-ZO-BR,B-ZG-BR,S-ZD-BO,S-ZC-BO,S-ZO-BR,S-ZC-BO,S-ZO-BO,S-ZC-BR,S-ZF-UN,B-ZF-BR
271,2019.09.20 00:00,GBPJPY,60,86400,SELL,ZO,0,135.649,134.582,1067.0,135.506,134.254,1252.0,117.338,13.40,924.0,251.8,135.506,134.582,133.330,BREAK,2019.09.25 12:00,0,,0,,0,,0,NA,London,BOUNCE,2019.10.01 12:00,NA,,136.573,BREAK,2019.10.11 15:00,0,,0,,0,,0,NA,NewYork,BREAK,2019.10.11 18:00,BREAK,2019.10.15 18:00,133.658,BREAK,2019.09.23 11:00,0,,0,,0,,0,NA,London,BREAK,2019.09.26 13:00,BOUNCE,2019.10.01 20:00,136.430,BREAK,2019.10.11 15:00,0,,0,,0,,0,NA,NewYork,BREAK,2019.10.11 18:00,BREAK,2019.10.15 18:00,B-ZC-BR,B-ZF-BR,B-ZB-BO,B-ZD-BO,B-ZD-BO,B-ZB-BO,S-ZE-UN,S-ZG-BR,B-ZC-BR,B-ZE-BO,B-ZG-BR,S-ZD-BO,S-ZC-BO,S-ZO-BR,S-ZC-BO,S-ZO-BO,S-ZC-BR,S-ZF-UN,B-ZF-BR,S-ZH-UN
272,2019.09.25 00:00,GBPJPY,60,86400,BUY,ZG,0,134.539,133.340,1199.0,134.593,133.538,1055.0,87.990,16.51,1001.0,283.0,134.539,133.538,135.594,BREAK,2019.10.11 14:00,0,,0,,0,,0,NA,NewYork,BREAK,2019.10.11 15:00,BREAK,2019.10.11 18:00,132.339,BOUNCE,2019.09.27 11:00,1,2019.10.10 21:00,1,2019.10.11 14:00,1,2019.10.11 14:00,3,2w 0d,London,NA,,NA,,135.540,BREAK,2019.10.11 14:00,0,,0,,0,,0,NA,NewYork,BREAK,2019.10.11 15:00,BREAK,2019.10.11 18:00,132.537,BREAK,2019.09.26 13:00,0,,0,,0,,0,NA,NewYork,BOUNCE,2019.10.03 17:00,NA,,S-ZO-BR,B-ZC-BR,B-ZF-BR,B-ZB-BO,B-ZD-BO,B-ZD-BO,B-ZB-BO,S-ZE-UN,S-ZG-BR,B-ZC-BR,S-ZD-BO,S-ZC-BO,S-ZO-BR,S-ZC-BO,S-ZO-BO,S-ZC-BR,S-ZF-UN,B-ZF-BR,S-ZH-UN,B-ZF-BR
273,2019.09.26 00:00,GBPJPY,60,86400,SELL,ZD,1,134.593,133.538,1055.0,133.994,132.831,1163.0,110.237,56.78,456.0,249.0,133.994,133.538,132.375,BOUNCE,2019.09.26 13:00,1,2019.09.30 18:00,1,2019.10.10 22:00,1,2019.10.11 13:00,3,2w 1d,NewYork,NA,,NA,,135.049,BREAK,2019.10.11 13:00,0,,0,,0,,0,NA,NewYork,BREAK,2019.10.11 14:00,BREAK,2019.10.11 15:00,133.082,BREAK,2019.09.26 00:00,0,,0,,0,,0,NA,Asia,BREAK,2019.09.26 13:00,BREAK,2019.10.01 18:00,134.450,BOUNCE,2019.10.10 22:00,0,,0,,0,,0,NA,Other,NA,,NA,,B-ZG-BR,S-ZO-BR,B-ZC-BR,B-ZF-BR,B-ZB-BO,B-ZD-BO,B-ZD-BO,B-ZB-BO,S-ZE-UN,S-ZG-BR,S-ZC-BO,S-ZO-BR,S-ZC-BO,S-ZO-BO,S-ZC-BR,S-ZF-UN,B-ZF-BR,S-ZH-UN,B-ZF-BR,B-ZB-UN
274,2019.09.27 00:00,GBPJPY,60,86400,SELL,ZC,1,133.994,132.831,1163.0,133.282,132.372,910.0,78.246,61.22,451.0,274.5,133.282,132.831,131.921,BOUNCE,2019.10.01 18:00,1,2019.10.10 19:00,1,2019.10.10 19:00,1,2019.10.10 22:00,3,1w 2d,NewYork,NA,,NA,,134.445,BOUNCE,2019.10.10 22:00,0,,0,,0,,0,NA,Other,NA,,NA,,132.380,BOUNCE,2019.09.27 11:00,1,2019.10.10 19:00,1,2019.10.10 22:00,0,,2,1w 6d,London,NA,,NA,,133.733,BOUNCE,2019.10.10 19:00,0,,0,,0,,0,NA,NewYork,NA,,NA,,S-ZD-BO,B-ZG-BR,S-ZO-BR,B-ZC-BR,B-ZF-BR,B-ZB-BO,B-ZD-BO,B-ZD-BO,B-ZB-BO,S-ZE-UN,S-ZO-BR,S-ZC-BO,S-ZO-BO,S-ZC-BR,S-ZF-UN,B-ZF-BR,S-ZH-UN,B-ZF-BR,B-ZB-UN,B-ZC-UN
275,2019.09.28 00:00,GBPJPY,60,86400,SELL,ZO,0,133.282,132.372,910.0,133.271,132.314,957.0,105.165,1.21,899.0,214.8,133.271,132.372,131.415,BREAK,2019.10.04 15:00,0,,0,,0,,0,NA,NewYork,BOUNCE,2019.10.09 12:00,NA,,134.181,BREAK,2019.10.10 21:00,0,,0,,0,,0,NA,Other,BREAK,2019.10.11 13:00,BREAK,2019.10.11 14:00,131.473,BOUNCE,2019.10.03 10:00,1,2019.10.10 21:00,1,2019.10.10 21:00,0,,2,1w 0d,London,NA,,NA,,134.170,BREAK,2019.10.10 21:00,0,,0,,0,,0,NA,Other,BREAK,2019.10.11 13:00,BREAK,2019.10.11 14:00,S-ZC-BO,S-ZD-BO,B-ZG-BR,S-ZO-BR,B-ZC-BR,B-ZF-BR,B-ZB-BO,B-ZD-BO,B-ZD-BO,B-ZB-BO,S-ZC-BO,S-ZO-BO,S-ZC-BR,S-ZF-UN,B-ZF-BR,S-ZH-UN,B-ZF-BR,B-ZB-UN,B-ZC-UN,S-ZE-UN
276,2019.10.03 00:00,GBPJPY,60,86400,SELL,ZC,1,133.349,131.774,1575.0,132.609,131.566,1043.0,66.222,46.98,835.0,371.7,132.609,131.774,130.731,BOUNCE,2019.10.08 14:00,1,2019.10.10 18:00,1,2019.10.10 19:00,1,2019.10.10 21:00,3,2d 7h,NewYork,NA,,NA,,134.184,BREAK,2019.10.10 21:00,0,,0,,0,,0,NA,Other,BOUNCE,2019.10.11 12:00,NA,,130.939,BREAK,2019.10.08 13:00,0,,0,,0,,0,NA,NewYork,UNTOUCHED,,NA,,133.444,BOUNCE,2019.10.10 19:00,0,,0,,0,,0,NA,NewYork,NA,,NA,,S-ZO-BR,S-ZC-BO,S-ZD-BO,B-ZG-BR,S-ZO-BR,B-ZC-BR,B-ZF-BR,B-ZB-BO,B-ZD-BO,B-ZD-BO,S-ZO-BO,S-ZC-BR,S-ZF-UN,B-ZF-BR,S-ZH-UN,B-ZF-BR,B-ZB-UN,B-ZC-UN,S-ZE-UN,B-ZG-BR
277,2019.10.04 00:00,GBPJPY,60,86400,SELL,ZO,0,132.609,131.566,1043.0,132.538,131.472,1066.0,102.205,6.81,972.0,246.1,132.538,131.566,130.500,BOUNCE,2019.10.08 15:00,1,2019.10.10 18:00,1,2019.10.10 19:00,1,2019.10.10 19:00,3,2d 4h,NewYork,NA,,NA,,133.581,BOUNCE,2019.10.10 19:00,0,,0,,0,,0,NA,NewYork,NA,,NA,,130.594,BOUNCE,2019.10.08 14:00,1,2019.10.10 19:00,1,2019.10.10 19:00,0,,2,2d 5h,NewYork,NA,,NA,,133.510,BOUNCE,2019.10.10 19:00,0,,0,,0,,0,NA,NewYork,NA,,NA,,S-ZC-BO,S-ZO-BR,S-ZC-BO,S-ZD-BO,B-ZG-BR,S-ZO-BR,B-ZC-BR,B-ZF-BR,B-ZB-BO,B-ZD-BO,S-ZC-BR,S-ZF-UN,B-ZF-BR,S-ZH-UN,B-ZF-BR,B-ZB-UN,B-ZC-UN,S-ZE-UN,B-ZG-BR,S-ZO-UN
278,2019.10.05 00:00,GBPJPY,60,86400,SELL,ZC,1,132.538,131.472,1066.0,131.982,131.272,710.0,66.604,52.16,510.0,251.6,131.982,131.472,130.762,BREAK,2019.10.08 14:00,0,,0,,0,,0,NA,NewYork,UNTOUCHED,,NA,,133.048,BREAK,2019.10.10 19:00,0,,0,,0,,0,NA,NewYork,BREAK,2019.10.10 20:00,BREAK,2019.10.10 21:00,130.962,BOUNCE,2019.10.08 13:00,1,2019.10.10 18:00,1,2019.10.10 19:00,0,,2,2d 6h,NewYork,NA,,NA,,132.492,BOUNCE,2019.10.10 18:00,0,,0,,0,,0,NA,NewYork,NA,,NA,,S-ZO-BO,S-ZC-BO,S-ZO-BR,S-ZC-BO,S-ZD-BO,B-ZG-BR,S-ZO-BR,B-ZC-BR,B-ZF-BR,B-ZB-BO,S-ZF-UN,B-ZF-BR,S-ZH-UN,B-ZF-BR,B-ZB-UN,B-ZC-UN,S-ZE-UN,B-ZG-BR,S-ZO-UN,S-ZG-UN
279,2019.10.09 00:00,GBPJPY,60,86400,SELL,ZF,1,132.233,131.216,1017.0,132.110,130.422,1688.0,165.978,12.09,894.0,240.0,132.110,131.216,129.528,UNTOUCHED,,0,,0,,0,,0,NA,Other,NA,,NA,,133.127,BREAK,2019.10.10 19:00,0,,0,,0,,0,NA,NewYork,BREAK,2019.10.10 21:00,BOUNCE,2019.10.11 12:00,130.322,UNTOUCHED,,0,,0,,0,,0,NA,Other,NA,,NA,,133.004,BREAK,2019.10.10 19:00,0,,0,,0,,0,NA,NewYork,BREAK,2019.10.10 21:00,BOUNCE,2019.10.11 12:00,S-ZC-BR,S-ZO-BO,S-ZC-BO,S-ZO-BR,S-ZC-BO,S-ZD-BO,B-ZG-BR,S-ZO-BR,B-ZC-BR,B-ZF-BR,B-ZF-BR,S-ZH-UN,B-ZF-BR,B-ZB-UN,B-ZC-UN,S-ZE-UN,B-ZG-BR,S-ZO-UN,S-ZG-UN,B-ZE-BR
280,2019.10.11 00:00,GBPJPY,60,86400,BUY,ZF,1,131.827,130.642,1185.0,134.545,130.721,3824.0,322.700,6.67,1106.0,279.7,131.827,130.721,135.651,BREAK,2019.10.11 14:00,0,,0,,0,,0,NA,NewYork,BREAK,2019.10.11 15:00,BOUNCE,2019.10.14 01:00,129.536,UNTOUCHED,,0,,0,,0,,0,NA,Other,NA,,NA,,132.933,BREAK,2019.10.11 00:00,0,,0,,0,,0,NA,Asia,BREAK,2019.10.11 04:00,BREAK,2019.10.11 13:00,129.615,UNTOUCHED,,0,,0,,0,,0,NA,Other,NA,,NA,,S-ZF-UN,S-ZC-BR,S-ZO-BO,S-ZC-BO,S-ZO-BR,S-ZC-BO,S-ZD-BO,B-ZG-BR,S-ZO-BR,B-ZC-BR,S-ZH-UN,B-ZF-BR,B-ZB-UN,B-ZC-UN,S-ZE-UN,B-ZG-BR,S-ZO-UN,S-ZG-UN,B-ZE-BR,S-ZD-UN
281,2019.10.15 00:00,GBPJPY,60,86400,SELL,ZH,1,137.235,137.002,233.0,137.160,135.489,1671.0,717.167,32.19,158.0,55.0,137.160,137.002,135.331,UNTOUCHED,,0,,0,,0,,0,NA,Other,NA,,NA,,137.393,BREAK,2019.10.15 10:00,0,,0,,0,,0,NA,London,BREAK,2019.10.15 18:00,BREAK,2019.10.15 19:00,136.844,BREAK,2019.10.15 00:00,0,,0,,0,,0,NA,Asia,BREAK,2019.10.15 01:00,BOUNCE,2019.10.15 05:00,137.318,BREAK,2019.10.15 10:00,0,,0,,0,,0,NA,London,BREAK,2019.10.15 18:00,BREAK,2019.10.15 19:00,B-ZF-BR,S-ZF-UN,S-ZC-BR,S-ZO-BO,S-ZC-BO,S-ZO-BR,S-ZC-BO,S-ZD-BO,B-ZG-BR,S-ZO-BR,B-ZF-BR,B-ZB-UN,B-ZC-UN,S-ZE-UN,B-ZG-BR,S-ZO-UN,S-ZG-UN,B-ZE-BR,S-ZD-UN,S-ZC-UN
282,2019.10.16 00:00,GBPJPY,60,86400,BUY,ZF,1,137.160,135.489,1671.0,139.306,136.029,3277.0,196.110,32.32,1131.0,394.4,137.160,136.029,140.437,BREAK,2019.10.17 13:00,0,,0,,0,,0,NA,NewYork,PENDING,,NA,,134.358,UNTOUCHED,,0,,0,,0,,0,NA,Other,NA,,NA,,138.291,BREAK,2019.10.16 00:00,0,,0,,0,,0,NA,Asia,BREAK,2019.10.16 19:00,BREAK,2019.10.17 13:00,134.898,UNTOUCHED,,0,,0,,0,,0,NA,Other,NA,,NA,,S-ZH-UN,B-ZF-BR,S-ZF-UN,S-ZC-BR,S-ZO-BO,S-ZC-BO,S-ZO-BR,S-ZC-BO,S-ZD-BO,B-ZG-BR,B-ZB-UN,B-ZC-UN,S-ZE-UN,B-ZG-BR,S-ZO-UN,S-ZG-UN,B-ZE-BR,S-ZD-UN,S-ZC-UN,B-ZF-BR
283,2019.10.17 00:00,GBPJPY,60,86400,BUY,ZB,1,139.306,136.029,3277.0,140.093,137.500,2593.0,79.127,44.89,1806.0,773.4,139.306,137.500,141.899,UNTOUCHED,,0,,0,,0,,0,NA,Other,NA,,NA,,134.223,UNTOUCHED,,0,,0,,0,,0,NA,Other,NA,,NA,,141.112,BOUNCE,2019.10.17 13:00,0,,0,,0,,0,NA,NewYork,NA,,NA,,135.694,UNTOUCHED,,0,,0,,0,,0,NA,Other,NA,,NA,,B-ZF-BR,S-ZH-UN,B-ZF-BR,S-ZF-UN,S-ZC-BR,S-ZO-BO,S-ZC-BO,S-ZO-BR,S-ZC-BO,S-ZD-BO,B-ZC-UN,S-ZE-UN,B-ZG-BR,S-ZO-UN,S-ZG-UN,B-ZE-BR,S-ZD-UN,S-ZC-UN,B-ZF-BR,B-ZH-BR
284,2019.10.18 00:00,GBPJPY,60,86400,BUY,ZC,1,140.093,137.500,2593.0,141.485,138.624,2861.0,110.336,43.35,1469.0,611.9,140.093,138.624,142.954,UNTOUCHED,,0,,0,,0,,0,NA,Other,NA,,NA,,136.031,UNTOUCHED,,0,,0,,0,,0,NA,Other,NA,,NA,,141.562,BOUNCE,2019.11.18 14:00,0,,0,,0,,0,NA,NewYork,NA,,NA,,137.155,UNTOUCHED,,0,,0,,0,,0,NA,Other,NA,,NA,,B-ZB-UN,B-ZF-BR,S-ZH-UN,B-ZF-BR,S-ZF-UN,S-ZC-BR,S-ZO-BO,S-ZC-BO,S-ZO-BR,S-ZC-BO,S-ZE-UN,B-ZG-BR,S-ZO-UN,S-ZG-UN,B-ZE-BR,S-ZD-UN,S-ZC-UN,B-ZF-BR,B-ZH-BR,S-ZB-BO
285,2019.10.24 00:00,GBPJPY,60,86400,SELL,ZE,1,141.110,139.508,1602.0,140.412,139.083,1329.0,82.959,43.57,904.0,378.1,140.412,139.508,138.179,UNTOUCHED,,0,,0,,0,,0,NA,Other,NA,,NA,,142.014,PENDING,2019.12.04 13:00,0,,0,,0,,0,NA,NewYork,NA,,NA,,138.604,UNTOUCHED,,0,,0,,0,,0,NA,Other,NA,,NA,,141.316,BOUNCE,2019.11.18 14:00,0,,0,,0,,0,NA,NewYork,NA,,NA,,B-ZC-UN,B-ZB-UN,B-ZF-BR,S-ZH-UN,B-ZF-BR,S-ZF-UN,S-ZC-BR,S-ZO-BO,S-ZC-BO,S-ZO-BR,B-ZG-BR,S-ZO-UN,S-ZG-UN,B-ZE-BR,S-ZD-UN,S-ZC-UN,B-ZF-BR,B-ZH-BR,S-ZB-BO,S-ZE-UN
286,2019.10.30 00:00,GBPJPY,60,86400,BUY,ZG,0,140.250,139.256,994.0,140.532,139.465,1067.0,107.344,21.03,785.0,234.6,140.250,139.465,141.317,BREAK,2019.11.18 14:00,0,,0,,0,,0,NA,NewYork,BREAK,2019.12.04 17:00,BREAK,2019.12.05 12:00,138.471,UNTOUCHED,,0,,0,,0,,0,NA,Other,NA,,NA,,141.035,BREAK,2019.11.18 11:00,0,,0,,0,,0,NA,London,BOUNCE,2019.12.02 19:00,NA,,138.680,UNTOUCHED,,0,,0,,0,,0,NA,Other,NA,,NA,,S-ZE-UN,B-ZC-UN,B-ZB-UN,B-ZF-BR,S-ZH-UN,B-ZF-BR,S-ZF-UN,S-ZC-BR,S-ZO-BO,S-ZC-BO,S-ZO-UN,S-ZG-UN,B-ZE-BR,S-ZD-UN,S-ZC-UN,B-ZF-BR,B-ZH-BR,S-ZB-BO,S-ZE-UN,B-ZG-BR
287,2019.11.08 00:00,GBPJPY,60,86400,SELL,ZO,0,140.711,139.865,846.0,140.525,139.486,1039.0,122.813,21.99,660.0,199.7,140.525,139.865,138.826,UNTOUCHED,,0,,0,,0,,0,NA,Other,NA,,NA,,141.371,BOUNCE,2019.11.18 14:00,1,2019.11.20 05:00,0,,0,,1,1d 15h,NewYork,NA,,NA,,139.205,UNTOUCHED,,0,,0,,0,,0,NA,Other,NA,,NA,,141.185,BREAK,2019.11.18 12:00,0,,0,,0,,0,NA,London,BREAK,2019.12.04 16:00,BREAK,2019.12.04 19:00,B-ZG-BR,S-ZE-UN,B-ZC-UN,B-ZB-UN,B-ZF-BR,S-ZH-UN,B-ZF-BR,S-ZF-UN,S-ZC-BR,S-ZO-BO,S-ZG-UN,B-ZE-BR,S-ZD-UN,S-ZC-UN,B-ZF-BR,B-ZH-BR,S-ZB-BO,S-ZE-UN,B-ZG-BR,S-ZB-UN
288,2019.11.09 00:00,GBPJPY,60,86400,SELL,ZG,0,140.525,139.486,1039.0,140.200,139.409,791.0,76.131,31.28,714.0,245.2,140.200,139.486,138.695,UNTOUCHED,,0,,0,,0,,0,NA,Other,NA,,NA,,141.239,BREAK,2019.11.18 13:00,0,,0,,0,,0,NA,NewYork,BREAK,2019.12.04 16:00,BREAK,2019.12.05 11:00,138.772,UNTOUCHED,,0,,0,,0,,0,NA,Other,NA,,NA,,140.914,BREAK,2019.11.18 11:00,0,,0,,0,,0,NA,London,BOUNCE,2019.12.03 19:00,NA,,S-ZO-UN,B-ZG-BR,S-ZE-UN,B-ZC-UN,B-ZB-UN,B-ZF-BR,S-ZH-UN,B-ZF-BR,S-ZF-UN,S-ZC-BR,B-ZE-BR,S-ZD-UN,S-ZC-UN,B-ZF-BR,B-ZH-BR,S-ZB-BO,S-ZE-UN,B-ZG-BR,S-ZB-UN,B-ZE-BR
289,2019.11.13 00:00,GBPJPY,60,86400,BUY,ZE,1,140.478,139.358,1120.0,140.581,139.936,645.0,57.589,51.61,542.0,264.3,140.478,139.936,141.123,BREAK,2019.11.18 12:00,0,,0,,0,,0,NA,London,BOUNCE,2019.11.29 13:00,NA,,138.816,UNTOUCHED,,0,,0,,0,,0,NA,Other,NA,,NA,,141.020,BREAK,2019.11.18 11:00,0,,0,,0,,0,NA,London,BOUNCE,2019.11.18 17:00,NA,,139.394,BOUNCE,2019.11.14 10:00,1,2019.11.18 11:00,1,2019.11.18 11:00,0,,2,4d 1h,London,NA,,NA,,S-ZG-UN,S-ZO-UN,B-ZG-BR,S-ZE-UN,B-ZC-UN,B-ZB-UN,B-ZF-BR,S-ZH-UN,B-ZF-BR,S-ZF-UN,S-ZD-UN,S-ZC-UN,B-ZF-BR,B-ZH-BR,S-ZB-BO,S-ZE-UN,B-ZG-BR,S-ZB-UN,B-ZE-BR,B-ZF-BR
290,2019.11.14 00:00,GBPJPY,60,86400,SELL,ZD,1,140.581,139.936,645.0,140.245,139.433,812.0,125.891,52.09,309.0,152.2,140.245,139.936,139.124,UNTOUCHED,,0,,0,,0,,0,NA,Other,NA,,NA,,140.890,BREAK,2019.11.18 11:00,0,,0,,0,,0,NA,London,BREAK,2019.11.18 14:00,BOUNCE,2019.11.28 01:00,139.627,BREAK,2019.11.14 02:00,0,,0,,0,,0,NA,Asia,BOUNCE,2019.11.25 02:00,NA,,140.554,BREAK,2019.11.18 02:00,0,,0,,0,,0,NA,Asia,BREAK,2019.11.18 11:00,BREAK,2019.11.18 14:00,B-ZE-BR,S-ZG-UN,S-ZO-UN,B-ZG-BR,S-ZE-UN,B-ZC-UN,B-ZB-UN,B-ZF-BR,S-ZH-UN,B-ZF-BR,S-ZC-UN,B-ZF-BR,B-ZH-BR,S-ZB-BO,S-ZE-UN,B-ZG-BR,S-ZB-UN,B-ZE-BR,B-ZF-BR,S-ZO-UN
291,2019.11.15 00:00,GBPJPY,60,86400,SELL,ZC,1,140.245,139.433,812.0,139.871,139.389,482.0,59.360,46.06,438.0,191.6,139.871,139.433,138.951,UNTOUCHED,,0,,0,,0,,0,NA,Other,NA,,NA,,140.683,BREAK,2019.11.18 07:00,0,,0,,0,,0,NA,London,BREAK,2019.11.18 14:00,BREAK,2019.11.28 02:00,138.995,UNTOUCHED,,0,,0,,0,,0,NA,Other,NA,,NA,,140.309,BREAK,2019.11.15 18:00,0,,0,,0,,0,NA,NewYork,BREAK,2019.11.18 11:00,BREAK,2019.11.18 14:00,S-ZD-UN,B-ZE-BR,S-ZG-UN,S-ZO-UN,B-ZG-BR,S-ZE-UN,B-ZC-UN,B-ZB-UN,B-ZF-BR,S-ZH-UN,B-ZF-BR,B-ZH-BR,S-ZB-BO,S-ZE-UN,B-ZG-BR,S-ZB-UN,B-ZE-BR,B-ZF-BR,S-ZO-UN,S-ZO-UN
292,2019.11.16 00:00,GBPJPY,60,86400,BUY,ZF,1,139.871,139.389,482.0,140.457,139.537,920.0,190.871,30.71,334.0,113.8,139.871,139.537,140.791,BREAK,2019.11.18 11:00,0,,0,,0,,0,NA,London,BREAK,2019.11.18 13:00,BOUNCE,2019.11.18 16:00,139.055,UNTOUCHED,,0,,0,,0,,0,NA,Other,NA,,NA,,140.205,BREAK,2019.11.16 00:00,0,,0,,0,,0,NA,Asia,BREAK,2019.11.18 07:00,BREAK,2019.11.18 11:00,139.203,UNTOUCHED,,0,,0,,0,,0,NA,Other,NA,,NA,,S-ZC-UN,S-ZD-UN,B-ZE-BR,S-ZG-UN,S-ZO-UN,B-ZG-BR,S-ZE-UN,B-ZC-UN,B-ZB-UN,B-ZF-BR,B-ZH-BR,S-ZB-BO,S-ZE-UN,B-ZG-BR,S-ZB-UN,B-ZE-BR,B-ZF-BR,S-ZO-UN,S-ZO-UN,S-ZG-BR
293,2019.11.19 00:00,GBPJPY,60,86400,BUY,ZH,1,140.433,140.300,133.0,141.564,140.346,1218.0,915.789,34.59,87.0,31.4,140.433,140.346,141.651,BREAK,2019.11.28 02:00,0,,0,,0,,0,NA,Asia,BREAK,2019.11.28 03:00,BREAK,2019.12.04 13:00,140.213,BOUNCE,2019.11.19 21:00,1,2019.11.20 18:00,1,2019.11.21 12:00,1,2019.11.28 02:00,3,1w 1d,Other,NA,,NA,,140.520,BREAK,2019.11.19 00:00,0,,0,,0,,0,NA,Asia,BREAK,2019.11.19 01:00,BREAK,2019.11.19 02:00,140.259,BOUNCE,2019.11.19 20:00,1,2019.11.21 12:00,1,2019.11.21 12:00,0,,2,1d 16h,NewYork,NA,,NA,,B-ZF-BR,S-ZC-UN,S-ZD-UN,B-ZE-BR,S-ZG-UN,S-ZO-UN,B-ZG-BR,S-ZE-UN,B-ZC-UN,B-ZB-UN,S-ZB-BO,S-ZE-UN,B-ZG-BR,S-ZB-UN,B-ZE-BR,B-ZF-BR,S-ZO-UN,S-ZO-UN,S-ZG-BR,B-ZH-BR
294,2019.11.20 00:00,GBPJPY,60,86400,SELL,ZB,1,141.564,140.346,1218.0,140.926,140.100,826.0,67.816,52.38,580.0,287.4,140.926,140.346,139.520,BOUNCE,2019.11.22 16:00,1,2019.11.26 05:00,1,2019.11.27 23:00,1,2019.12.04 16:00,3,1w 5d,NewYork,NA,,NA,,142.144,BREAK,2019.12.04 16:00,0,,0,,0,,0,NA,NewYork,BREAK,2019.12.05 11:00,BREAK,2019.12.10 23:00,139.766,BOUNCE,2019.11.20 12:00,1,2019.11.27 23:00,1,2019.12.04 16:00,0,,2,2w 0d,London,NA,,NA,,141.506,BREAK,2019.11.27 23:00,0,,0,,0,,0,NA,Other,BREAK,2019.12.04 17:00,BREAK,2019.12.05 11:00,B-ZH-BR,B-ZF-BR,S-ZC-UN,S-ZD-UN,B-ZE-BR,S-ZG-UN,S-ZO-UN,B-ZG-BR,S-ZE-UN,B-ZC-UN,S-ZE-UN,B-ZG-BR,S-ZB-UN,B-ZE-BR,B-ZF-BR,S-ZO-UN,S-ZO-UN,S-ZG-BR,B-ZH-BR,B-ZF-BR
295,2019.11.21 00:00,GBPJPY,60,86400,SELL,ZE,1,140.926,140.100,826.0,140.479,139.670,809.0,97.942,54.12,379.0,194.9,140.479,140.100,139.291,UNTOUCHED,,0,,0,,0,,0,NA,Other,NA,,NA,,141.305,BREAK,2019.11.27 22:00,0,,0,,0,,0,NA,Other,BOUNCE,2019.11.28 04:00,NA,,139.721,BOUNCE,2019.11.22 13:00,1,2019.11.26 05:00,1,2019.11.27 22:00,0,,2,5d 9h,NewYork,NA,,NA,,140.858,BOUNCE,2019.11.21 17:00,1,2019.11.22 13:00,1,2019.11.22 13:00,0,,2,20h,NewYork,NA,,NA,,S-ZB-BO,B-ZH-BR,B-ZF-BR,S-ZC-UN,S-ZD-UN,B-ZE-BR,S-ZG-UN,S-ZO-UN,B-ZG-BR,S-ZE-UN,B-ZG-BR,S-ZB-UN,B-ZE-BR,B-ZF-BR,S-ZO-UN,S-ZO-UN,S-ZG-BR,B-ZH-BR,B-ZF-BR,S-ZG-BR
296,2019.11.22 00:00,GBPJPY,60,86400,BUY,ZG,0,140.479,139.670,809.0,140.917,139.967,950.0,117.429,36.71,512.0,190.9,140.479,139.967,141.429,BREAK,2019.11.27 23:00,0,,0,,0,,0,NA,Other,BREAK,2019.12.04 16:00,BREAK,2019.12.04 19:00,139.158,UNTOUCHED,,0,,0,,0,,0,NA,Other,NA,,NA,,140.991,BREAK,2019.11.27 22:00,0,,0,,0,,0,NA,Other,BREAK,2019.11.28 02:00,BREAK,2019.12.04 16:00,139.455,BOUNCE,2019.11.22 19:00,1,2019.11.27 22:00,1,2019.11.27 22:00,0,,2,5d 3h,NewYork,NA,,NA,,S-ZE-UN,S-ZB-BO,B-ZH-BR,B-ZF-BR,S-ZC-UN,S-ZD-UN,B-ZE-BR,S-ZG-UN,S-ZO-UN,B-ZG-BR,S-ZB-UN,B-ZE-BR,B-ZF-BR,S-ZO-UN,S-ZO-UN,S-ZG-BR,B-ZH-BR,B-ZF-BR,S-ZG-BR,S-ZB-BO
297,2019.11.23 00:00,GBPJPY,60,86400,SELL,ZB,1,140.917,139.967,950.0,140.515,139.314,1201.0,126.421,42.32,548.0,224.2,140.515,139.967,138.766,UNTOUCHED,,0,,0,,0,,0,NA,Other,NA,,NA,,141.465,BREAK,2019.11.27 23:00,0,,0,,0,,0,NA,Other,BREAK,2019.12.04 16:00,BREAK,2019.12.05 06:00,139.419,BOUNCE,2019.11.23 00:00,1,2019.11.27 22:00,1,2019.11.27 23:00,0,,2,4d 23h,Asia,NA,,NA,,141.063,BREAK,2019.11.27 22:00,0,,0,,0,,0,NA,Other,BREAK,2019.11.28 02:00,BREAK,2019.12.04 17:00,B-ZG-BR,S-ZE-UN,S-ZB-BO,B-ZH-BR,B-ZF-BR,S-ZC-UN,S-ZD-UN,B-ZE-BR,S-ZG-UN,S-ZO-UN,B-ZE-BR,B-ZF-BR,S-ZO-UN,S-ZO-UN,S-ZG-BR,B-ZH-BR,B-ZF-BR,S-ZG-BR,S-ZB-BO,S-ZF-BO
298,2019.11.27 00:00,GBPJPY,60,86400,BUY,ZE,1,140.618,139.559,1059.0,140.897,139.983,914.0,86.308,40.04,635.0,249.9,140.618,139.983,141.532,BREAK,2019.11.28 01:00,0,,0,,0,,0,NA,Asia,BREAK,2019.12.04 19:00,BREAK,2019.12.05 11:00,138.924,UNTOUCHED,,0,,0,,0,,0,NA,Other,NA,,NA,,141.253,BREAK,2019.11.27 22:00,0,,0,,0,,0,NA,Other,BREAK,2019.12.04 16:00,BREAK,2019.12.04 19:00,139.348,UNTOUCHED,,0,,0,,0,,0,NA,Other,NA,,NA,,S-ZB-UN,B-ZG-BR,S-ZE-UN,S-ZB-BO,B-ZH-BR,B-ZF-BR,S-ZC-UN,S-ZD-UN,B-ZE-BR,S-ZG-UN,B-ZF-BR,S-ZO-UN,S-ZO-UN,S-ZG-BR,B-ZH-BR,B-ZF-BR,S-ZG-BR,S-ZB-BO,S-ZF-BO,S-ZC-BR
299,2019.11.28 00:00,GBPJPY,60,86400,BUY,ZF,1,140.897,139.983,914.0,141.524,140.041,1483.0,162.254,6.35,856.0,215.7,140.897,140.041,142.380,BREAK,2019.12.04 17:00,0,,0,,0,,0,NA,NewYork,BOUNCE,2019.12.06 19:00,NA,,139.127,UNTOUCHED,,0,,0,,0,,0,NA,Other,NA,,NA,,141.753,BOUNCE,2019.11.28 02:00,0,,0,,0,,0,NA,Asia,NA,,NA,,139.185,UNTOUCHED,,0,,0,,0,,0,NA,Other,NA,,NA,,B-ZE-BR,S-ZB-UN,B-ZG-BR,S-ZE-UN,S-ZB-BO,B-ZH-BR,B-ZF-BR,S-ZC-UN,S-ZD-UN,B-ZE-BR,S-ZO-UN,S-ZO-UN,S-ZG-BR,B-ZH-BR,B-ZF-BR,S-ZG-BR,S-ZB-BO,S-ZF-BO,S-ZC-BR,B-ZF-BO
300,2019.11.30 00:00,GBPJPY,60,86400,SELL,ZO,0,141.843,141.165,678.0,141.677,141.107,570.0,84.071,24.48,512.0,160.0,141.677,141.165,140.595,UNTOUCHED,,0,,0,,0,,0,NA,Other,NA,,NA,,142.355,BREAK,2019.12.04 17:00,0,,0,,0,,0,NA,NewYork,BREAK,2019.12.05 11:00,BREAK,2019.12.10 23:00,140.653,UNTOUCHED,,0,,0,,0,,0,NA,Other,NA,,NA,,142.189,BREAK,2019.12.04 16:00,0,,0,,0,,0,NA,NewYork,BREAK,2019.12.05 11:00,BOUNCE,2019.12.06 12:00,B-ZF-BR,B-ZE-BR,S-ZB-UN,B-ZG-BR,S-ZE-UN,S-ZB-BO,B-ZH-BR,B-ZF-BR,S-ZC-UN,S-ZD-UN,S-ZO-UN,S-ZG-BR,B-ZH-BR,B-ZF-BR,S-ZG-BR,S-ZB-BO,S-ZF-BO,S-ZC-BR,B-ZF-BO,S-ZB-UN
301,2019.12.04 00:00,GBPJPY,60,86400,SELL,ZO,0,141.811,140.933,878.0,141.705,140.911,794.0,90.433,12.07,772.0,207.2,141.705,140.933,140.139,UNTOUCHED,,0,,0,,0,,0,NA,Other,NA,,NA,,142.583,BREAK,2019.12.04 19:00,0,,0,,0,,0,NA,NewYork,BREAK,2019.12.10 23:00,BREAK,2019.12.13 02:00,140.161,UNTOUCHED,,0,,0,,0,,0,NA,Other,NA,,NA,,142.477,BREAK,2019.12.04 19:00,0,,0,,0,,0,NA,NewYork,BREAK,2019.12.10 22:00,BREAK,2019.12.13 02:00,S-ZO-UN,B-ZF-BR,B-ZE-BR,S-ZB-UN,B-ZG-BR,S-ZE-UN,S-ZB-BO,B-ZH-BR,B-ZF-BR,S-ZC-UN,S-ZG-BR,B-ZH-BR,B-ZF-BR,S-ZG-BR,S-ZB-BO,S-ZF-BO,S-ZC-BR,B-ZF-BO,S-ZB-UN,B-ZE-BR
302,2019.12.07 00:00,GBPJPY,60,86400,SELL,ZG,0,143.243,142.568,675.0,143.196,142.363,833.0,123.407,6.96,628.0,159.3,143.196,142.568,141.735,BREAK,2019.12.23 16:00,0,,0,,0,,0,NA,NewYork,BOUNCE,2020.01.03 17:00,NA,,143.871,BREAK,2019.12.13 00:00,0,,0,,0,,0,NA,Asia,BREAK,2019.12.13 02:00,BREAK,2019.12.13 03:00,141.940,BREAK,2019.12.23 14:00,0,,0,,0,,0,NA,NewYork,BOUNCE,2019.12.26 08:00,NA,,143.824,BREAK,2019.12.13 00:00,0,,0,,0,,0,NA,Asia,BREAK,2019.12.13 02:00,BREAK,2019.12.13 03:00,S-ZO-UN,S-ZO-UN,B-ZF-BR,B-ZE-BR,S-ZB-UN,B-ZG-BR,S-ZE-UN,S-ZB-BO,B-ZH-BR,B-ZF-BR,B-ZH-BR,B-ZF-BR,S-ZG-BR,S-ZB-BO,S-ZF-BO,S-ZC-BR,B-ZF-BO,S-ZB-UN,B-ZE-BR,S-ZO-UN
303,2019.12.10 00:00,GBPJPY,60,86400,BUY,ZH,1,142.693,142.531,162.0,143.094,142.552,542.0,334.568,12.96,141.0,38.2,142.693,142.552,143.235,BREAK,2019.12.10 17:00,0,,0,,0,,0,NA,NewYork,BREAK,2019.12.10 22:00,BREAK,2019.12.10 23:00,142.390,BREAK,2019.12.19 19:00,0,,0,,0,,0,NA,NewYork,BREAK,2019.12.19 20:00,BOUNCE,2019.12.20 00:00,142.834,BOUNCE,2019.12.10 00:00,1,2019.12.19 19:00,1,2019.12.19 19:00,0,,2,1w 2d,Asia,NA,,NA,,142.411,BREAK,2019.12.19 19:00,0,,0,,0,,0,NA,NewYork,BREAK,2019.12.19 20:00,BOUNCE,2019.12.20 00:00,S-ZG-BR,S-ZO-UN,S-ZO-UN,B-ZF-BR,B-ZE-BR,S-ZB-UN,B-ZG-BR,S-ZE-UN,S-ZB-BO,B-ZH-BR,B-ZF-BR,S-ZG-BR,S-ZB-BO,S-ZF-BO,S-ZC-BR,B-ZF-BO,S-ZB-UN,B-ZE-BR,S-ZO-UN,B-ZE-BO
304,2019.12.11 00:00,GBPJPY,60,86400,BUY,ZF,1,143.094,142.552,542.0,143.656,142.561,1095.0,202.030,1.66,533.0,127.9,143.094,142.561,144.189,BREAK,2019.12.13 02:00,0,,0,,0,,0,NA,Asia,BREAK,2019.12.13 03:00,BREAK,2019.12.13 04:00,142.019,BOUNCE,2019.12.19 20:00,1,2019.12.27 12:00,1,2019.12.27 19:00,1,2019.12.31 20:00,3,1w 5d,NewYork,NA,,NA,,143.627,BOUNCE,2019.12.12 11:00,1,2019.12.19 20:00,1,2019.12.19 20:00,0,,2,1w 0d,London,NA,,NA,,142.028,BOUNCE,2019.12.19 20:00,1,2019.12.27 19:00,1,2019.12.27 19:00,0,,2,1w 0d,NewYork,NA,,NA,,B-ZH-BR,S-ZG-BR,S-ZO-UN,S-ZO-UN,B-ZF-BR,B-ZE-BR,S-ZB-UN,B-ZG-BR,S-ZE-UN,S-ZB-BO,S-ZG-BR,S-ZB-BO,S-ZF-BO,S-ZC-BR,B-ZF-BO,S-ZB-UN,B-ZE-BR,S-ZO-UN,B-ZE-BO,B-ZE-BR
305,2019.12.12 00:00,GBPJPY,60,86400,SELL,ZG,0,143.656,142.561,1095.0,143.580,142.543,1037.0,94.703,6.94,1019.0,258.4,143.580,142.561,141.524,BREAK,2019.12.23 16:00,0,,0,,0,,0,NA,NewYork,UNTOUCHED,,NA,,144.675,BREAK,2019.12.13 02:00,0,,0,,0,,0,NA,Asia,BREAK,2019.12.13 03:00,BREAK,2019.12.13 04:00,141.542,BREAK,2019.12.23 16:00,0,,0,,0,,0,NA,NewYork,UNTOUCHED,,NA,,144.599,BREAK,2019.12.13 02:00,0,,0,,0,,0,NA,Asia,BREAK,2019.12.13 03:00,BREAK,2019.12.13 04:00,B-ZF-BR,B-ZH-BR,S-ZG-BR,S-ZO-UN,S-ZO-UN,B-ZF-BR,B-ZE-BR,S-ZB-UN,B-ZG-BR,S-ZE-UN,S-ZB-BO,S-ZF-BO,S-ZC-BR,B-ZF-BO,S-ZB-UN,B-ZE-BR,S-ZO-UN,B-ZE-BO,B-ZE-BR,S-ZD-BR
306,2019.12.18 00:00,GBPJPY,60,86400,SELL,ZB,1,146.803,145.714,1089.0,146.345,143.468,2877.0,264.187,42.06,631.0,257.0,146.345,145.714,142.837,BOUNCE,2019.12.19 15:00,1,2019.12.31 20:00,0,,0,,1,1w 5d,NewYork,NA,,NA,,147.434,UNTOUCHED,,0,,0,,0,,0,NA,Other,NA,,NA,,145.083,BREAK,2019.12.18 00:00,0,,0,,0,,0,NA,Asia,BREAK,2019.12.18 01:00,BREAK,2019.12.18 04:00,146.976,UNTOUCHED,,0,,0,,0,,0,NA,Other,NA,,NA,,S-ZG-BR,B-ZF-BR,B-ZH-BR,S-ZG-BR,S-ZO-UN,S-ZO-UN,B-ZF-BR,B-ZE-BR,S-ZB-UN,B-ZG-BR,S-ZF-BO,S-ZC-BR,B-ZF-BO,S-ZB-UN,B-ZE-BR,S-ZO-UN,B-ZE-BO,B-ZE-BR,S-ZD-BR,B-ZH-BR
307,2019.12.20 00:00,GBPJPY,60,86400,SELL,ZF,1,143.882,143.066,816.0,143.860,141.968,1892.0,231.863,2.70,794.0,192.6,143.860,143.066,141.174,BOUNCE,2019.12.23 17:00,1,2019.12.27 11:00,0,,0,,1,3d 18h,NewYork,NA,,NA,,144.676,UNTOUCHED,,0,,0,,0,,0,NA,Other,NA,,NA,,142.272,BREAK,2019.12.20 00:00,0,,0,,0,,0,NA,Asia,BREAK,2019.12.23 17:00,UNTOUCHED,,144.654,UNTOUCHED,,0,,0,,0,,0,NA,Other,NA,,NA,,S-ZB-BO,S-ZG-BR,B-ZF-BR,B-ZH-BR,S-ZG-BR,S-ZO-UN,S-ZO-UN,B-ZF-BR,B-ZE-BR,S-ZB-UN,S-ZC-BR,B-ZF-BO,S-ZB-UN,B-ZE-BR,S-ZO-UN,B-ZE-BO,B-ZE-BR,S-ZD-BR,B-ZH-BR,B-ZB-BO
308,2019.12.23 02:00,GBPJPY,60,86400,SELL,ZC,1,143.043,142.117,926.0,142.481,142.083,398.0,42.981,60.69,364.0,218.5,142.481,142.117,141.719,BREAK,2019.12.23 16:00,0,,0,,0,,0,NA,NewYork,BOUNCE,2019.12.24 16:00,NA,,143.407,BREAK,2019.12.27 16:00,0,,0,,0,,0,NA,NewYork,BREAK,2019.12.31 20:00,BOUNCE,2020.01.01 00:00,141.753,BREAK,2019.12.23 16:00,0,,0,,0,,0,NA,NewYork,BREAK,2019.12.23 17:00,BOUNCE,2020.01.03 16:00,142.845,BOUNCE,2019.12.27 11:00,1,2020.01.03 10:00,1,2020.01.03 10:00,0,,2,6d 23h,London,NA,,NA,,S-ZF-BO,S-ZB-BO,S-ZG-BR,B-ZF-BR,B-ZH-BR,S-ZG-BR,S-ZO-UN,S-ZO-UN,B-ZF-BR,B-ZE-BR,B-ZF-BO,S-ZB-UN,B-ZE-BR,S-ZO-UN,B-ZE-BO,B-ZE-BR,S-ZD-BR,B-ZH-BR,B-ZB-BO,B-ZO-UN
309,2019.12.28 00:00,GBPJPY,60,86400,BUY,ZF,1,142.722,141.983,739.0,143.634,142.030,1604.0,217.050,6.36,692.0,174.4,142.722,142.030,144.326,BOUNCE,2019.12.31 20:00,1,2020.01.02 18:00,1,2020.01.03 11:00,1,2020.01.03 11:00,3,2d 15h,NewYork,NA,,NA,,141.291,BREAK,2020.01.03 11:00,0,,0,,0,,0,NA,London,UNTOUCHED,,NA,,143.414,BOUNCE,2019.12.30 16:00,1,2020.01.03 11:00,1,2020.01.03 11:00,0,,2,3d 19h,NewYork,NA,,NA,,141.338,BREAK,2020.01.03 11:00,0,,0,,0,,0,NA,London,UNTOUCHED,,NA,,S-ZC-BR,S-ZF-BO,S-ZB-BO,S-ZG-BR,B-ZF-BR,B-ZH-BR,S-ZG-BR,S-ZO-UN,S-ZO-UN,B-ZF-BR,S-ZB-UN,B-ZE-BR,S-ZO-UN,B-ZE-BO,B-ZE-BR,S-ZD-BR,B-ZH-BR,B-ZB-BO,B-ZO-UN,S-ZD-BO
310,2020.01.04 00:00,GBPJPY,60,86400,SELL,ZB,1,143.937,142.257,1680.0,142.775,140.994,1781.0,106.012,69.17,518.0,396.5,142.775,142.257,140.476,UNTOUCHED,,0,,0,,0,,0,NA,Other,NA,,NA,,144.455,BOUNCE,2020.01.17 13:00,1,2020.01.17 19:00,1,2020.01.28 12:00,0,,2,1w 3d,NewYork,NA,,NA,,141.739,BREAK,2020.01.04 00:00,0,,0,,0,,0,NA,Asia,BREAK,2020.01.06 03:00,UNTOUCHED,,143.293,BOUNCE,2020.01.09 09:00,1,2020.01.28 12:00,1,2020.01.28 12:00,0,,2,2w 5d,London,NA,,NA,,B-ZF-BO,S-ZC-BR,S-ZF-BO,S-ZB-BO,S-ZG-BR,B-ZF-BR,B-ZH-BR,S-ZG-BR,S-ZO-UN,S-ZO-UN,B-ZE-BR,S-ZO-UN,B-ZE-BO,B-ZE-BR,S-ZD-BR,B-ZH-BR,B-ZB-BO,B-ZO-UN,S-ZD-BO,B-ZO-BR
311,2020.01.08 00:00,GBPJPY,60,86400,BUY,ZE,1,142.774,140.823,1951.0,143.283,142.012,1271.0,65.146,60.94,762.0,460.4,142.774,142.012,144.045,BREAK,2020.01.16 20:00,0,,0,,0,,0,NA,NewYork,BOUNCE,2020.02.24 12:00,NA,,140.061,UNTOUCHED,,0,,0,,0,,0,NA,Other,NA,,NA,,143.536,BREAK,2020.01.16 12:00,0,,0,,0,,0,NA,London,BOUNCE,2020.01.17 15:00,NA,,141.250,BOUNCE,2020.01.08 04:00,1,2020.01.16 12:00,1,2020.01.16 12:00,0,,2,1w 1d,Asia,NA,,NA,,S-ZB-UN,B-ZF-BO,S-ZC-BR,S-ZF-BO,S-ZB-BO,S-ZG-BR,B-ZF-BR,B-ZH-BR,S-ZG-BR,S-ZO-UN,S-ZO-UN,B-ZE-BO,B-ZE-BR,S-ZD-BR,B-ZH-BR,B-ZB-BO,B-ZO-UN,S-ZD-BO,B-ZO-BR,B-ZF-UN
312,2020.01.09 00:00,GBPJPY,60,86400,SELL,ZO,1,143.283,142.012,1271.0,143.104,141.116,1988.0,156.412,14.08,1092.0,300.0,143.104,142.012,140.024,UNTOUCHED,,0,,0,,0,,0,NA,Other,NA,,NA,,144.375,BOUNCE,2020.01.17 12:00,1,2020.01.27 03:00,0,,0,,1,1w 2d,London,NA,,NA,,140.920,UNTOUCHED,,0,,0,,0,,0,NA,Other,NA,,NA,,144.196,BREAK,2020.01.17 10:00,0,,0,,0,,0,NA,London,UNTOUCHED,,NA,,B-ZE-BR,S-ZB-UN,B-ZF-BO,S-ZC-BR,S-ZF-BO,S-ZB-BO,S-ZG-BR,B-ZF-BR,B-ZH-BR,S-ZG-BR,B-ZE-BO,B-ZE-BR,S-ZD-BR,B-ZH-BR,B-ZB-BO,B-ZO-UN,S-ZD-BO,B-ZO-BR,B-ZF-UN,S-ZF-BO
313,2020.01.10 00:00,GBPJPY,60,86400,BUY,ZE,1,143.104,141.116,1988.0,143.451,142.420,1031.0,51.861,65.59,684.0,469.2,143.104,142.420,144.135,BOUNCE,2020.01.17 03:00,1,2020.01.24 23:00,1,2020.01.28 12:00,0,,2,1w 4d,Asia,NA,,NA,,140.432,UNTOUCHED,,0,,0,,0,,0,NA,Other,NA,,NA,,143.788,BREAK,2020.01.16 19:00,0,,0,,0,,0,NA,NewYork,BOUNCE,2020.01.17 13:00,NA,,141.736,BREAK,2020.01.28 12:00,0,,0,,0,,0,NA,London,BOUNCE,2020.02.04 13:00,NA,,S-ZO-UN,B-ZE-BR,S-ZB-UN,B-ZF-BO,S-ZC-BR,S-ZF-BO,S-ZB-BO,S-ZG-BR,B-ZF-BR,B-ZH-BR,B-ZE-BR,S-ZD-BR,B-ZH-BR,B-ZB-BO,B-ZO-UN,S-ZD-BO,B-ZO-BR,B-ZF-UN,S-ZF-BO,S-ZB-BO
314,2020.01.11 00:00,GBPJPY,60,86400,BUY,ZE,1,143.451,142.420,1031.0,143.491,142.887,604.0,58.584,45.30,564.0,243.3,143.451,142.887,144.055,BREAK,2020.01.16 20:00,0,,0,,0,,0,NA,NewYork,BREAK,2020.02.21 15:00,UNTOUCHED,,141.856,BREAK,2020.01.28 12:00,0,,0,,0,,0,NA,London,BOUNCE,2020.01.30 14:00,NA,,144.015,BREAK,2020.01.16 20:00,0,,0,,0,,0,NA,NewYork,BOUNCE,2020.01.23 05:00,NA,,142.323,BREAK,2020.01.27 03:00,0,,0,,0,,0,NA,Asia,BREAK,2020.01.28 13:00,BREAK,2020.02.04 11:00,B-ZE-BO,S-ZO-UN,B-ZE-BR,S-ZB-UN,B-ZF-BO,S-ZC-BR,S-ZF-BO,S-ZB-BO,S-ZG-BR,B-ZF-BR,S-ZD-BR,B-ZH-BR,B-ZB-BO,B-ZO-UN,S-ZD-BO,B-ZO-BR,B-ZF-UN,S-ZF-BO,S-ZB-BO,B-ZB-BR
315,2020.01.14 00:00,GBPJPY,60,86400,SELL,ZD,1,143.061,142.912,149.0,142.964,142.361,603.0,404.698,65.10,52.0,35.2,142.964,142.912,142.309,BREAK,2020.01.27 03:00,0,,0,,0,,0,NA,Asia,BREAK,2020.01.27 04:00,BREAK,2020.01.27 06:00,143.113,BREAK,2020.01.14 04:00,0,,0,,0,,0,NA,Asia,BREAK,2020.01.14 05:00,BREAK,2020.01.14 20:00,142.860,BREAK,2020.01.14 00:00,0,,0,,0,,0,NA,Asia,BREAK,2020.01.14 02:00,BREAK,2020.01.14 11:00,143.016,BREAK,2020.01.14 04:00,0,,0,,0,,0,NA,Asia,BREAK,2020.01.14 05:00,BREAK,2020.01.14 19:00,B-ZE-BR,B-ZE-BO,S-ZO-UN,B-ZE-BR,S-ZB-UN,B-ZF-BO,S-ZC-BR,S-ZF-BO,S-ZB-BO,S-ZG-BR,B-ZH-BR,B-ZB-BO,B-ZO-UN,S-ZD-BO,B-ZO-BR,B-ZF-UN,S-ZF-BO,S-ZB-BO,B-ZB-BR,S-ZH-BO
316,2020.01.15 00:00,GBPJPY,60,86400,BUY,ZH,1,142.964,142.361,603.0,143.428,142.448,980.0,162.521,14.43,516.0,142.3,142.964,142.448,143.944,BREAK,2020.01.16 20:00,0,,0,,0,,0,NA,NewYork,BOUNCE,2020.01.17 13:00,NA,,141.845,BREAK,2020.01.28 12:00,0,,0,,0,,0,NA,London,BOUNCE,2020.01.30 14:00,NA,,143.480,BREAK,2020.01.16 04:00,0,,0,,0,,0,NA,Asia,BREAK,2020.01.17 03:00,BOUNCE,2020.01.17 13:00,141.932,BREAK,2020.01.28 12:00,0,,0,,0,,0,NA,London,BREAK,2020.01.30 12:00,BREAK,2020.02.28 07:00,S-ZD-BR,B-ZE-BR,B-ZE-BO,S-ZO-UN,B-ZE-BR,S-ZB-UN,B-ZF-BO,S-ZC-BR,S-ZF-BO,S-ZB-BO,B-ZB-BO,B-ZO-UN,S-ZD-BO,B-ZO-BR,B-ZF-UN,S-ZF-BO,S-ZB-BO,B-ZB-BR,S-ZH-BO,S-ZO-BR
317,2020.01.17 00:00,GBPJPY,60,86400,BUY,ZB,1,143.382,142.652,730.0,144.133,143.061,1072.0,146.849,56.03,321.0,172.3,143.382,143.061,144.454,BOUNCE,2020.01.17 13:00,1,2020.01.17 14:00,1,2020.01.24 23:00,1,2020.01.27 03:00,3,1w 2d,NewYork,NA,,NA,,142.331,BREAK,2020.01.27 03:00,0,,0,,0,,0,NA,Asia,BREAK,2020.01.28 12:00,BREAK,2020.01.28 13:00,143.703,BREAK,2020.01.17 00:00,0,,0,,0,,0,NA,Asia,BREAK,2020.01.17 10:00,BREAK,2020.01.17 13:00,142.740,BREAK,2020.01.24 23:00,0,,0,,0,,0,NA,Other,BREAK,2020.01.27 03:00,BOUNCE,2020.01.27 04:00,B-ZH-BR,S-ZD-BR,B-ZE-BR,B-ZE-BO,S-ZO-UN,B-ZE-BR,S-ZB-UN,B-ZF-BO,S-ZC-BR,S-ZF-BO,B-ZO-UN,S-ZD-BO,B-ZO-BR,B-ZF-UN,S-ZF-BO,S-ZB-BO,B-ZB-BR,S-ZH-BO,S-ZO-BR,B-ZE-BR
318,2020.01.18 00:00,GBPJPY,60,86400,BUY,ZO,0,144.133,143.061,1072.0,144.526,143.295,1231.0,114.832,21.83,838.0,253.0,144.133,143.295,145.364,UNTOUCHED,,0,,0,,0,,0,NA,Other,NA,,NA,,142.223,BREAK,2020.01.27 03:00,0,,0,,0,,0,NA,Asia,BOUNCE,2020.01.30 15:00,NA,,144.971,UNTOUCHED,,0,,0,,0,,0,NA,Other,NA,,NA,,142.457,BREAK,2020.01.27 02:00,0,,0,,0,,0,NA,Asia,BREAK,2020.01.30 12:00,BREAK,2020.02.28 07:00,B-ZB-BO,B-ZH-BR,S-ZD-BR,B-ZE-BR,B-ZE-BO,S-ZO-UN,B-ZE-BR,S-ZB-UN,B-ZF-BO,S-ZC-BR,S-ZD-BO,B-ZO-BR,B-ZF-UN,S-ZF-BO,S-ZB-BO,B-ZB-BR,S-ZH-BO,S-ZO-BR,B-ZE-BR,S-ZB-BO
319,2020.01.21 00:00,GBPJPY,60,86400,SELL,ZD,1,143.403,143.284,119.0,143.351,142.799,552.0,463.866,43.70,67.0,28.1,143.351,143.284,142.732,BOUNCE,2020.01.24 23:00,1,2020.01.25 00:00,1,2020.02.13 20:00,1,2020.02.13 20:00,3,2w 5d,Other,NA,,NA,,143.470,BREAK,2020.01.21 14:00,0,,0,,0,,0,NA,NewYork,BREAK,2020.01.21 15:00,BREAK,2020.01.21 16:00,143.217,BOUNCE,2020.01.21 00:00,1,2020.01.21 13:00,1,2020.01.21 14:00,0,,2,14h,Asia,NA,,NA,,143.418,BOUNCE,2020.01.21 13:00,1,2020.01.22 00:00,1,2020.01.22 00:00,0,,2,11h,NewYork,NA,,NA,,B-ZO-UN,B-ZB-BO,B-ZH-BR,S-ZD-BR,B-ZE-BR,B-ZE-BO,S-ZO-UN,B-ZE-BR,S-ZB-UN,B-ZF-BO,B-ZO-BR,B-ZF-UN,S-ZF-BO,S-ZB-BO,B-ZB-BR,S-ZH-BO,S-ZO-BR,B-ZE-BR,S-ZB-BO,S-ZD-BR
320,2020.01.22 00:00,GBPJPY,60,86400,BUY,ZO,1,143.351,142.799,552.0,143.968,142.856,1112.0,201.449,10.33,495.0,130.3,143.351,142.856,144.463,BREAK,2020.01.22 18:00,0,,0,,0,,0,NA,NewYork,UNTOUCHED,,NA,,142.304,BREAK,2020.01.27 03:00,0,,0,,0,,0,NA,Asia,BREAK,2020.01.28 12:00,BOUNCE,2020.01.30 14:00,143.846,BREAK,2020.01.22 15:00,0,,0,,0,,0,NA,NewYork,BREAK,2020.01.22 18:00,BOUNCE,2020.02.21 15:00,142.361,BREAK,2020.01.27 02:00,0,,0,,0,,0,NA,Asia,BREAK,2020.01.28 12:00,BOUNCE,2020.01.30 14:00,S-ZD-BO,B-ZO-UN,B-ZB-BO,B-ZH-BR,S-ZD-BR,B-ZE-BR,B-ZE-BO,S-ZO-UN,B-ZE-BR,S-ZB-UN,B-ZF-UN,S-ZF-BO,S-ZB-BO,B-ZB-BR,S-ZH-BO,S-ZO-BR,B-ZE-BR,S-ZB-BO,S-ZD-BR,B-ZB-BO
321,2020.01.23 00:00,GBPJPY,60,86400,BUY,ZF,0,143.968,142.856,1112.0,144.606,143.184,1422.0,127.878,29.50,784.0,262.4,143.968,143.184,145.390,UNTOUCHED,,0,,0,,0,,0,NA,Other,NA,,NA,,142.072,BREAK,2020.01.27 03:00,0,,0,,0,,0,NA,Asia,BOUNCE,2020.01.30 15:00,NA,,144.752,BOUNCE,2020.02.21 15:00,1,2020.02.26 22:00,1,2020.02.27 12:00,0,,2,5d 21h,NewYork,NA,,NA,,142.400,BREAK,2020.01.27 02:00,0,,0,,0,,0,NA,Asia,BREAK,2020.01.30 12:00,BREAK,2020.02.28 07:00,B-ZO-BR,S-ZD-BO,B-ZO-UN,B-ZB-BO,B-ZH-BR,S-ZD-BR,B-ZE-BR,B-ZE-BO,S-ZO-UN,B-ZE-BR,S-ZF-BO,S-ZB-BO,B-ZB-BR,S-ZH-BO,S-ZO-BR,B-ZE-BR,S-ZB-BO,S-ZD-BR,B-ZB-BO,B-ZB-BO
322,2020.01.25 00:00,GBPJPY,60,86400,SELL,ZF,0,144.406,143.204,1202.0,144.401,142.711,1690.0,140.599,0.42,1197.0,283.7,144.401,143.204,141.514,BOUNCE,2020.01.28 13:00,1,2020.02.19 20:00,0,,0,,1,3w 1d,NewYork,NA,,NA,,145.603,UNTOUCHED,,0,,0,,0,,0,NA,Other,NA,,NA,,142.007,BREAK,2020.01.28 12:00,0,,0,,0,,0,NA,London,BREAK,2020.02.28 07:00,BREAK,2020.02.28 18:00,145.598,UNTOUCHED,,0,,0,,0,,0,NA,Other,NA,,NA,,B-ZF-UN,B-ZO-BR,S-ZD-BO,B-ZO-UN,B-ZB-BO,B-ZH-BR,S-ZD-BR,B-ZE-BR,B-ZE-BO,S-ZO-UN,S-ZB-BO,B-ZB-BR,S-ZH-BO,S-ZO-BR,B-ZE-BR,S-ZB-BO,S-ZD-BR,B-ZB-BO,B-ZB-BO,B-ZF-BR
323,2020.01.29 00:00,GBPJPY,60,86400,SELL,ZB,1,142.744,142.052,692.0,142.450,141.475,975.0,140.896,42.49,398.0,163.3,142.450,142.052,141.077,BOUNCE,2020.02.03 21:00,1,2020.02.04 13:00,1,2020.02.05 12:00,1,2020.02.05 13:00,3,1d 16h,Other,NA,,NA,,143.142,BOUNCE,2020.01.31 11:00,1,2020.02.03 13:00,1,2020.02.03 14:00,1,2020.02.03 21:00,3,3d 10h,London,NA,,NA,,141.654,BREAK,2020.01.30 08:00,0,,0,,0,,0,NA,London,BOUNCE,2020.01.30 13:00,NA,,142.848,BREAK,2020.01.31 04:00,0,,0,,0,,0,NA,Asia,BOUNCE,2020.01.31 13:00,NA,,S-ZF-BO,B-ZF-UN,B-ZO-BR,S-ZD-BO,B-ZO-UN,B-ZB-BO,B-ZH-BR,S-ZD-BR,B-ZE-BR,B-ZE-BO,B-ZB-BR,S-ZH-BO,S-ZO-BR,B-ZE-BR,S-ZB-BO,S-ZD-BR,B-ZB-BO,B-ZB-BO,B-ZF-BR,S-ZH-BR
324,2020.02.01 00:00,GBPJPY,60,86400,BUY,ZB,1,142.706,141.254,1452.0,143.283,142.270,1013.0,69.766,69.97,436.0,342.7,142.706,142.270,143.719,BREAK,2020.02.19 17:00,0,,0,,0,,0,NA,NewYork,BOUNCE,2020.02.20 02:00,NA,,140.818,BOUNCE,2020.02.28 02:00,0,,0,,0,,0,NA,Asia,NA,,NA,,143.142,BOUNCE,2020.02.05 13:00,1,2020.02.07 18:00,1,2020.02.28 02:00,0,,2,3w 1d,NewYork,NA,,NA,,141.834,BREAK,2020.02.03 14:00,0,,0,,0,,0,NA,NewYork,BREAK,2020.02.04 04:00,BOUNCE,2020.02.04 07:00,S-ZB-BO,S-ZF-BO,B-ZF-UN,B-ZO-BR,S-ZD-BO,B-ZO-UN,B-ZB-BO,B-ZH-BR,S-ZD-BR,B-ZE-BR,S-ZH-BO,S-ZO-BR,B-ZE-BR,S-ZB-BO,S-ZD-BR,B-ZB-BO,B-ZB-BO,B-ZF-BR,S-ZH-BR,B-ZB-BR
325,2020.02.04 00:00,GBPJPY,60,86400,SELL,ZH,1,143.125,142.960,165.0,143.100,141.065,2035.0,1233.333,15.15,140.0,38.9,143.100,142.960,140.925,BOUNCE,2020.02.04 11:00,1,2020.02.04 12:00,1,2020.02.05 13:00,1,2020.02.05 13:00,3,1d 2h,London,NA,,NA,,143.265,BREAK,2020.02.05 13:00,0,,0,,0,,0,NA,NewYork,BOUNCE,2020.02.13 19:00,NA,,142.820,BREAK,2020.02.04 00:00,0,,0,,0,,0,NA,Asia,BREAK,2020.02.04 01:00,BREAK,2020.02.04 02:00,143.240,BREAK,2020.02.05 13:00,0,,0,,0,,0,NA,NewYork,BOUNCE,2020.02.13 19:00,NA,,B-ZB-BR,S-ZB-BO,S-ZF-BO,B-ZF-UN,B-ZO-BR,S-ZD-BO,B-ZO-UN,B-ZB-BO,B-ZH-BR,S-ZD-BR,S-ZO-BR,B-ZE-BR,S-ZB-BO,S-ZD-BR,B-ZB-BO,B-ZB-BO,B-ZF-BR,S-ZH-BR,B-ZB-BR,B-ZD-UN
326,2020.02.05 00:00,GBPJPY,60,86400,SELL,ZO,0,143.100,141.065,2035.0,142.834,140.921,1913.0,94.005,13.07,1769.0,480.3,142.834,141.065,139.152,BREAK,2020.02.28 18:00,0,,0,,0,,0,NA,NewYork,BOUNCE,2020.03.02 11:00,NA,,144.869,BOUNCE,2020.02.21 15:00,1,2020.02.28 01:00,1,2020.02.28 18:00,1,2020.02.28 18:00,3,1w 0d,NewYork,NA,,NA,,139.296,BREAK,2020.02.28 18:00,0,,0,,0,,0,NA,NewYork,BREAK,2020.03.03 22:00,BREAK,2020.03.09 05:00,144.603,BOUNCE,2020.02.21 15:00,1,2020.02.28 18:00,1,2020.02.28 18:00,0,,2,1w 0d,NewYork,NA,,NA,,S-ZH-BO,B-ZB-BR,S-ZB-BO,S-ZF-BO,B-ZF-UN,B-ZO-BR,S-ZD-BO,B-ZO-UN,B-ZB-BO,B-ZH-BR,B-ZE-BR,S-ZB-BO,S-ZD-BR,B-ZB-BO,B-ZB-BO,B-ZF-BR,S-ZH-BR,B-ZB-BR,B-ZD-UN,B-ZF-UN
327,2020.02.06 00:00,GBPJPY,60,86400,BUY,ZE,1,142.834,140.921,1913.0,143.372,142.220,1152.0,60.220,67.90,614.0,451.5,142.834,142.220,143.986,BREAK,2020.02.19 20:00,0,,0,,0,,0,NA,NewYork,BOUNCE,2020.02.24 12:00,NA,,140.307,BREAK,2020.02.28 07:00,0,,0,,0,,0,NA,London,BREAK,2020.02.28 18:00,BREAK,2020.02.28 19:00,143.448,BOUNCE,2020.02.13 20:00,1,2020.02.27 15:00,1,2020.02.28 07:00,0,,2,2w 0d,NewYork,NA,,NA,,141.606,BOUNCE,2020.02.07 21:00,1,2020.02.13 20:00,1,2020.02.13 20:00,0,,2,5d 23h,Other,NA,,NA,,S-ZO-BR,S-ZH-BO,B-ZB-BR,S-ZB-BO,S-ZF-BO,B-ZF-UN,B-ZO-BR,S-ZD-BO,B-ZO-UN,B-ZB-BO,S-ZB-BO,S-ZD-BR,B-ZB-BO,B-ZB-BO,B-ZF-BR,S-ZH-BR,B-ZB-BR,B-ZD-UN,B-ZF-UN,S-ZD-BR
328,2020.02.07 00:00,GBPJPY,60,86400,SELL,ZB,1,143.372,142.220,1152.0,142.815,142.087,728.0,63.194,48.35,595.0,271.9,142.815,142.220,141.492,BOUNCE,2020.02.07 23:00,1,2020.02.12 12:00,1,2020.02.13 20:00,1,2020.02.19 20:00,3,1w 4d,Other,NA,,NA,,143.967,BREAK,2020.02.19 20:00,0,,0,,0,,0,NA,NewYork,BREAK,2020.02.21 15:00,UNTOUCHED,,141.625,BREAK,2020.02.07 20:00,0,,0,,0,,0,NA,NewYork,BREAK,2020.02.28 07:00,BREAK,2020.02.28 11:00,143.410,BOUNCE,2020.02.13 20:00,1,2020.02.27 15:00,1,2020.02.27 15:00,0,,2,1w 6d,NewYork,NA,,NA,,B-ZE-BR,S-ZO-BR,S-ZH-BO,B-ZB-BR,S-ZB-BO,S-ZF-BO,B-ZF-UN,B-ZO-BR,S-ZD-BO,B-ZO-UN,S-ZD-BR,B-ZB-BO,B-ZB-BO,B-ZF-BR,S-ZH-BR,B-ZB-BR,B-ZD-UN,B-ZF-UN,S-ZD-BR,S-ZB-BO
329,2020.02.08 00:00,GBPJPY,60,86400,SELL,ZD,1,142.815,142.087,728.0,142.366,141.404,962.0,132.143,61.68,279.0,171.8,142.366,142.087,141.125,BREAK,2020.02.28 02:00,0,,0,,0,,0,NA,Asia,BREAK,2020.02.28 07:00,BREAK,2020.02.28 08:00,143.094,BREAK,2020.02.13 17:00,0,,0,,0,,0,NA,NewYork,BOUNCE,2020.02.13 19:00,NA,,141.808,BREAK,2020.02.08 00:00,0,,0,,0,,0,NA,Asia,BREAK,2020.02.10 02:00,BOUNCE,2020.02.10 05:00,142.645,BREAK,2020.02.12 12:00,0,,0,,0,,0,NA,London,BOUNCE,2020.02.13 16:00,NA,,S-ZB-BO,B-ZE-BR,S-ZO-BR,S-ZH-BO,B-ZB-BR,S-ZB-BO,S-ZF-BO,B-ZF-UN,B-ZO-BR,S-ZD-BO,B-ZB-BO,B-ZB-BO,B-ZF-BR,S-ZH-BR,B-ZB-BR,B-ZD-UN,B-ZF-UN,S-ZD-BR,S-ZB-BO,S-ZB-BO
330,2020.02.12 00:00,GBPJPY,60,86400,BUY,ZB,1,142.084,141.233,851.0,142.458,141.643,815.0,95.770,48.18,441.0,200.8,142.084,141.643,142.899,BOUNCE,2020.02.13 16:00,1,2020.02.27 12:00,1,2020.02.28 01:00,1,2020.02.28 06:00,3,2w 0d,NewYork,NA,,NA,,140.792,BREAK,2020.02.28 06:00,0,,0,,0,,0,NA,Asia,BREAK,2020.02.28 11:00,BOUNCE,2020.02.28 13:00,142.525,BREAK,2020.02.12 11:00,0,,0,,0,,0,NA,London,BOUNCE,2020.02.13 16:00,NA,,141.202,BREAK,2020.02.28 01:00,0,,0,,0,,0,NA,Asia,BREAK,2020.02.28 07:00,BREAK,2020.02.28 11:00,S-ZD-BR,S-ZB-BO,B-ZE-BR,S-ZO-BR,S-ZH-BO,B-ZB-BR,S-ZB-BO,S-ZF-BO,B-ZF-UN,B-ZO-BR,B-ZB-BO,B-ZF-BR,S-ZH-BR,B-ZB-BR,B-ZD-UN,B-ZF-UN,S-ZD-BR,S-ZB-BO,S-ZB-BO,S-ZG-BR
331,2020.02.13 00:00,GBPJPY,60,86400,BUY,ZB,1,142.458,141.643,815.0,142.883,142.094,789.0,96.810,55.34,364.0,192.3,142.458,142.094,143.247,BOUNCE,2020.02.13 18:00,1,2020.02.18 07:00,1,2020.02.27 14:00,1,2020.02.28 01:00,3,2w 0d,NewYork,NA,,NA,,141.279,BREAK,2020.02.28 01:00,0,,0,,0,,0,NA,Asia,BREAK,2020.02.28 07:00,BREAK,2020.02.28 08:00,142.822,BREAK,2020.02.13 16:00,0,,0,,0,,0,NA,NewYork,BREAK,2020.02.13 19:00,BREAK,2020.02.19 17:00,141.730,BOUNCE,2020.02.27 14:00,0,,0,,0,,0,NA,NewYork,NA,,NA,,B-ZB-BO,S-ZD-BR,S-ZB-BO,B-ZE-BR,S-ZO-BR,S-ZH-BO,B-ZB-BR,S-ZB-BO,S-ZF-BO,B-ZF-UN,B-ZF-BR,S-ZH-BR,B-ZB-BR,B-ZD-UN,B-ZF-UN,S-ZD-BR,S-ZB-BO,S-ZB-BO,S-ZG-BR,B-ZO-UN
332,2020.02.14 00:00,GBPJPY,60,86400,BUY,ZF,1,142.883,142.094,789.0,143.475,142.142,1333.0,168.948,6.08,741.0,186.2,142.883,142.142,144.216,BREAK,2020.02.20 11:00,0,,0,,0,,0,NA,London,UNTOUCHED,,NA,,141.353,BREAK,2020.02.28 01:00,0,,0,,0,,0,NA,Asia,BREAK,2020.02.28 07:00,BREAK,2020.02.28 17:00,143.624,BREAK,2020.02.19 17:00,0,,0,,0,,0,NA,NewYork,BREAK,2020.02.20 13:00,UNTOUCHED,,141.401,BREAK,2020.02.27 18:00,0,,0,,0,,0,NA,NewYork,BREAK,2020.02.28 07:00,BREAK,2020.02.28 17:00,B-ZB-BO,B-ZB-BO,S-ZD-BR,S-ZB-BO,B-ZE-BR,S-ZO-BR,S-ZH-BO,B-ZB-BR,S-ZB-BO,S-ZF-BO,S-ZH-BR,B-ZB-BR,B-ZD-UN,B-ZF-UN,S-ZD-BR,S-ZB-BO,S-ZB-BO,S-ZG-BR,B-ZO-UN,B-ZG-UN
333,2020.02.19 00:00,GBPJPY,60,86400,SELL,ZH,1,143.364,142.858,506.0,143.226,142.312,914.0,180.632,27.27,368.0,119.4,143.226,142.858,141.944,BREAK,2020.02.27 14:00,0,,0,,0,,0,NA,NewYork,BREAK,2020.02.27 16:00,BOUNCE,2020.02.28 01:00,143.732,BREAK,2020.02.19 17:00,0,,0,,0,,0,NA,NewYork,BOUNCE,2020.02.20 00:00,NA,,142.490,BREAK,2020.02.26 21:00,0,,0,,0,,0,NA,Other,BREAK,2020.02.27 12:00,BOUNCE,2020.02.27 14:00,143.594,BREAK,2020.02.19 16:00,0,,0,,0,,0,NA,NewYork,BOUNCE,2020.02.19 21:00,NA,,B-ZF-BR,B-ZB-BO,B-ZB-BO,S-ZD-BR,S-ZB-BO,B-ZE-BR,S-ZO-BR,S-ZH-BO,B-ZB-BR,S-ZB-BO,B-ZB-BR,B-ZD-UN,B-ZF-UN,S-ZD-BR,S-ZB-BO,S-ZB-BO,S-ZG-BR,B-ZO-UN,B-ZG-UN,S-ZO-BR
334,2020.02.20 00:00,GBPJPY,60,86400,BUY,ZB,1,143.226,142.312,914.0,144.160,142.742,1418.0,155.142,47.05,484.0,215.7,143.226,142.742,144.644,BREAK,2020.02.21 15:00,0,,0,,0,,0,NA,NewYork,UNTOUCHED,,NA,,141.828,BREAK,2020.02.27 14:00,0,,0,,0,,0,NA,NewYork,BREAK,2020.02.28 02:00,BREAK,2020.02.28 07:00,143.710,BREAK,2020.02.20 00:00,0,,0,,0,,0,NA,Asia,BREAK,2020.02.20 13:00,BREAK,2020.02.21 20:00,142.258,BREAK,2020.02.26 22:00,0,,0,,0,,0,NA,Other,BREAK,2020.02.27 15:00,BREAK,2020.02.28 02:00,S-ZH-BR,B-ZF-BR,B-ZB-BO,B-ZB-BO,S-ZD-BR,S-ZB-BO,B-ZE-BR,S-ZO-BR,S-ZH-BO,B-ZB-BR,B-ZD-UN,B-ZF-UN,S-ZD-BR,S-ZB-BO,S-ZB-BO,S-ZG-BR,B-ZO-UN,B-ZG-UN,S-ZO-BR,S-ZC-BR
335,2020.02.21 00:00,GBPJPY,60,86400,BUY,ZD,1,144.160,142.742,1418.0,144.599,143.595,1004.0,70.804,60.16,565.0,334.6,144.160,143.595,145.164,UNTOUCHED,,0,,0,,0,,0,NA,Other,NA,,NA,,142.177,BREAK,2020.02.27 10:00,0,,0,,0,,0,NA,London,BREAK,2020.02.28 01:00,BREAK,2020.02.28 07:00,144.725,BOUNCE,2020.02.21 15:00,1,2020.02.24 18:00,1,2020.02.27 10:00,0,,2,5d 19h,NewYork,NA,,NA,,143.030,BREAK,2020.02.24 18:00,0,,0,,0,,0,NA,NewYork,BREAK,2020.02.27 12:00,BREAK,2020.02.27 15:00,B-ZB-BR,S-ZH-BR,B-ZF-BR,B-ZB-BO,B-ZB-BO,S-ZD-BR,S-ZB-BO,B-ZE-BR,S-ZO-BR,S-ZH-BO,B-ZF-UN,S-ZD-BR,S-ZB-BO,S-ZB-BO,S-ZG-BR,B-ZO-UN,B-ZG-UN,S-ZO-BR,S-ZC-BR,S-ZF-UN
336,2020.02.22 00:00,GBPJPY,60,86400,BUY,ZF,0,144.599,143.595,1004.0,144.950,143.719,1231.0,122.610,12.35,880.0,236.9,144.599,143.719,145.830,UNTOUCHED,,0,,0,,0,,0,NA,Other,NA,,NA,,142.715,BOUNCE,2020.02.24 21:00,0,,0,,0,,0,NA,Other,NA,,NA,,145.479,UNTOUCHED,,0,,0,,0,,0,NA,Other,NA,,NA,,142.839,BREAK,2020.02.24 19:00,0,,0,,0,,0,NA,NewYork,BREAK,2020.02.27 14:00,BREAK,2020.02.28 02:00,B-ZD-UN,B-ZB-BR,S-ZH-BR,B-ZF-BR,B-ZB-BO,B-ZB-BO,S-ZD-BR,S-ZB-BO,B-ZE-BR,S-ZO-BR,S-ZD-BR,S-ZB-BO,S-ZB-BO,S-ZG-BR,B-ZO-UN,B-ZG-UN,S-ZO-BR,S-ZC-BR,S-ZF-UN,B-ZC-BO
337,2020.02.25 00:00,GBPJPY,60,86400,SELL,ZD,1,144.809,144.522,287.0,144.620,142.627,1993.0,694.425,65.85,98.0,67.7,144.620,144.522,142.529,BREAK,2020.02.26 21:00,0,,0,,0,,0,NA,Other,BREAK,2020.02.26 22:00,BREAK,2020.02.26 23:00,144.907,UNTOUCHED,,0,,0,,0,,0,NA,Other,NA,,NA,,144.424,BREAK,2020.02.25 00:00,0,,0,,0,,0,NA,Asia,BREAK,2020.02.25 01:00,BREAK,2020.02.25 02:00,144.718,UNTOUCHED,,0,,0,,0,,0,NA,Other,NA,,NA,,B-ZF-UN,B-ZD-UN,B-ZB-BR,S-ZH-BR,B-ZF-BR,B-ZB-BO,B-ZB-BO,S-ZD-BR,S-ZB-BO,B-ZE-BR,S-ZB-BO,S-ZB-BO,S-ZG-BR,B-ZO-UN,B-ZG-UN,S-ZO-BR,S-ZC-BR,S-ZF-UN,B-ZC-BO,B-ZF-BO
338,2020.02.28 00:00,GBPJPY,60,86400,SELL,ZB,1,143.716,142.234,1482.0,142.617,141.370,1247.0,84.143,74.16,383.0,349.8,142.617,142.234,140.987,BOUNCE,2020.02.28 02:00,0,,0,,0,,0,NA,Asia,NA,,NA,,144.099,UNTOUCHED,,0,,0,,0,,0,NA,Other,NA,,NA,,141.851,BREAK,2020.02.28 00:00,0,,0,,0,,0,NA,Asia,BREAK,2020.02.28 02:00,BREAK,2020.02.28 07:00,143.000,UNTOUCHED,,0,,0,,0,,0,NA,Other,NA,,NA,,S-ZD-BR,B-ZF-UN,B-ZD-UN,B-ZB-BR,S-ZH-BR,B-ZF-BR,B-ZB-BO,B-ZB-BO,S-ZD-BR,S-ZB-BO,S-ZB-BO,S-ZG-BR,B-ZO-UN,B-ZG-UN,S-ZO-BR,S-ZC-BR,S-ZF-UN,B-ZC-BO,B-ZF-BO,B-ZD-BO
339,2020.02.29 00:00,GBPJPY,60,86400,SELL,ZB,1,142.617,141.370,1247.0,141.856,137.521,4335.0,347.634,61.03,486.0,294.3,141.856,141.370,137.035,BOUNCE,2020.03.03 22:00,1,2020.03.04 22:00,0,,0,,1,1d 0h,Other,NA,,NA,,143.103,UNTOUCHED,,0,,0,,0,,0,NA,Other,NA,,NA,,140.884,BREAK,2020.02.29 00:00,0,,0,,0,,0,NA,Asia,BREAK,2020.02.29 01:00,BREAK,2020.03.02 02:00,142.342,UNTOUCHED,,0,,0,,0,,0,NA,Other,NA,,NA,,S-ZB-BO,S-ZD-BR,B-ZF-UN,B-ZD-UN,B-ZB-BR,S-ZH-BR,B-ZF-BR,B-ZB-BO,B-ZB-BO,S-ZD-BR,S-ZG-BR,B-ZO-UN,B-ZG-UN,S-ZO-BR,S-ZC-BR,S-ZF-UN,B-ZC-BO,B-ZF-BO,B-ZD-BO,B-ZF-UN
340,2020.03.04 00:00,GBPJPY,60,86400,SELL,ZG,0,139.181,137.146,2035.0,138.563,136.932,1631.0,80.147,30.37,1417.0,480.3,138.563,137.146,135.515,BREAK,2020.03.09 05:00,0,,0,,0,,0,NA,Asia,BREAK,2020.03.09 06:00,BOUNCE,2020.03.09 17:00,140.598,UNTOUCHED,,0,,0,,0,,0,NA,Other,NA,,NA,,135.729,BREAK,2020.03.09 02:00,0,,0,,0,,0,NA,Asia,BREAK,2020.03.09 06:00,BOUNCE,2020.03.09 17:00,139.980,UNTOUCHED,,0,,0,,0,,0,NA,Other,NA,,NA,,S-ZB-BO,S-ZB-BO,S-ZD-BR,B-ZF-UN,B-ZD-UN,B-ZB-BR,S-ZH-BR,B-ZF-BR,B-ZB-BO,B-ZB-BO,B-ZO-UN,B-ZG-UN,S-ZO-BR,S-ZC-BR,S-ZF-UN,B-ZC-BO,B-ZF-BO,B-ZD-BO,B-ZF-UN,B-ZB-UN
341,2020.03.06 00:00,GBPJPY,60,86400,BUY,ZO,0,138.279,137.006,1273.0,138.675,137.442,1233.0,96.858,34.25,837.0,300.4,138.279,137.442,139.512,UNTOUCHED,,0,,0,,0,,0,NA,Other,NA,,NA,,136.169,BREAK,2020.03.09 02:00,0,,0,,0,,0,NA,Asia,BREAK,2020.03.09 05:00,BREAK,2020.03.09 06:00,139.116,UNTOUCHED,,0,,0,,0,,0,NA,Other,NA,,NA,,136.605,BOUNCE,2020.03.06 13:00,0,,0,,0,,0,NA,NewYork,NA,,NA,,S-ZG-BR,S-ZB-BO,S-ZB-BO,S-ZD-BR,B-ZF-UN,B-ZD-UN,B-ZB-BR,S-ZH-BR,B-ZF-BR,B-ZB-BO,B-ZG-UN,S-ZO-BR,S-ZC-BR,S-ZF-UN,B-ZC-BO,B-ZF-BO,B-ZD-BO,B-ZF-UN,B-ZB-UN,S-ZD-BO
342,2020.03.11 00:00,GBPJPY,60,86400,BUY,ZG,0,136.830,132.563,4267.0,137.193,133.681,3512.0,82.306,26.20,3149.0,1007.0,136.830,133.681,140.342,UNTOUCHED,,0,,0,,0,,0,NA,Other,NA,,NA,,129.414,BREAK,2020.03.16 16:00,0,,0,,0,,0,NA,NewYork,BREAK,2020.03.18 20:00,UNTOUCHED,,139.979,UNTOUCHED,,0,,0,,0,,0,NA,Other,NA,,NA,,130.532,BREAK,2020.03.16 13:00,0,,0,,0,,0,NA,NewYork,BREAK,2020.03.18 20:00,BOUNCE,2020.03.19 16:00,B-ZO-UN,S-ZG-BR,S-ZB-BO,S-ZB-BO,S-ZD-BR,B-ZF-UN,B-ZD-UN,B-ZB-BR,S-ZH-BR,B-ZF-BR,S-ZO-BR,S-ZC-BR,S-ZF-UN,B-ZC-BO,B-ZF-BO,B-ZD-BO,B-ZF-UN,B-ZB-UN,S-ZD-BO,B-ZG-UN
343,2020.03.14 00:00,GBPJPY,60,86400,SELL,ZO,0,134.316,131.329,2987.0,134.300,131.206,3094.0,103.582,0.54,2971.0,704.9,134.300,131.329,128.235,BREAK,2020.03.18 15:00,0,,0,,0,,0,NA,NewYork,BREAK,2020.03.18 20:00,UNTOUCHED,,137.287,UNTOUCHED,,0,,0,,0,,0,NA,Other,NA,,NA,,128.358,BREAK,2020.03.18 15:00,0,,0,,0,,0,NA,NewYork,BREAK,2020.03.18 20:00,UNTOUCHED,,137.271,UNTOUCHED,,0,,0,,0,,0,NA,Other,NA,,NA,,B-ZG-UN,B-ZO-UN,S-ZG-BR,S-ZB-BO,S-ZB-BO,S-ZD-BR,B-ZF-UN,B-ZD-UN,B-ZB-BR,S-ZH-BR,S-ZC-BR,S-ZF-UN,B-ZC-BO,B-ZF-BO,B-ZD-BO,B-ZF-UN,B-ZB-UN,S-ZD-BO,B-ZG-UN,S-ZB-BR
344,2020.03.18 00:00,GBPJPY,60,86400,SELL,ZC,1,132.919,128.897,4022.0,131.205,128.572,2633.0,65.465,42.62,2308.0,949.2,131.205,128.897,126.264,BREAK,2020.03.18 20:00,0,,0,,0,,0,NA,NewYork,UNTOUCHED,,NA,,135.227,BOUNCE,2020.04.09 04:00,0,,0,,0,,0,NA,Asia,NA,,NA,,126.589,BREAK,2020.03.18 20:00,0,,0,,0,,0,NA,NewYork,BOUNCE,2020.03.19 15:00,NA,,133.513,BREAK,2020.03.26 23:00,0,,0,,0,,0,NA,Other,UNTOUCHED,,NA,,S-ZO-BR,B-ZG-UN,B-ZO-UN,S-ZG-BR,S-ZB-BO,S-ZB-BO,S-ZD-BR,B-ZF-UN,B-ZD-UN,B-ZB-BR,S-ZF-UN,B-ZC-BO,B-ZF-BO,B-ZD-BO,B-ZF-UN,B-ZB-UN,S-ZD-BO,B-ZG-UN,S-ZB-BR,B-ZO-BO
345,2020.03.19 00:00,GBPJPY,60,86400,SELL,ZF,1,131.205,128.572,2633.0,130.320,124.032,6288.0,238.815,33.61,1748.0,621.4,130.320,128.572,122.284,UNTOUCHED,,0,,0,,0,,0,NA,Other,NA,,NA,,132.953,BOUNCE,2020.03.25 13:00,0,,0,,0,,0,NA,NewYork,NA,,NA,,126.824,BREAK,2020.03.19 00:00,0,,0,,0,,0,NA,Asia,BREAK,2020.03.19 01:00,UNTOUCHED,,132.068,BREAK,2020.03.25 12:00,0,,0,,0,,0,NA,London,BREAK,2020.03.27 22:00,BOUNCE,2020.04.15 16:00,S-ZC-BR,S-ZO-BR,B-ZG-UN,B-ZO-UN,S-ZG-BR,S-ZB-BO,S-ZB-BO,S-ZD-BR,B-ZF-UN,B-ZD-UN,B-ZC-BO,B-ZF-BO,B-ZD-BO,B-ZF-UN,B-ZB-UN,S-ZD-BO,B-ZG-UN,S-ZB-BR,B-ZO-BO,B-ZG-UN
346,2020.03.21 00:00,GBPJPY,60,86400,BUY,ZC,1,129.559,124.188,5371.0,132.028,126.363,5665.0,105.474,40.50,3196.0,1267.6,129.559,126.363,135.224,BOUNCE,2020.04.09 04:00,0,,0,,0,,0,NA,Asia,NA,,NA,,120.992,UNTOUCHED,,0,,0,,0,,0,NA,Other,NA,,NA,,132.755,BREAK,2020.03.25 12:00,0,,0,,0,,0,NA,London,UNTOUCHED,,NA,,123.167,UNTOUCHED,,0,,0,,0,,0,NA,Other,NA,,NA,,S-ZF-UN,S-ZC-BR,S-ZO-BR,B-ZG-UN,B-ZO-UN,S-ZG-BR,S-ZB-BO,S-ZB-BO,S-ZD-BR,B-ZF-UN,B-ZF-BO,B-ZD-BO,B-ZF-UN,B-ZB-UN,S-ZD-BO,B-ZG-UN,S-ZB-BR,B-ZO-BO,B-ZG-UN,B-ZG-UN
347,2020.03.25 00:00,GBPJPY,60,86400,BUY,ZF,1,129.406,127.325,2081.0,131.416,127.539,3877.0,186.305,10.28,1867.0,491.1,129.406,127.539,133.283,BOUNCE,2020.03.25 13:00,0,,0,,0,,0,NA,NewYork,NA,,NA,,125.458,UNTOUCHED,,0,,0,,0,,0,NA,Other,NA,,NA,,131.273,BREAK,2020.03.25 08:00,0,,0,,0,,0,NA,London,BOUNCE,2020.03.25 17:00,NA,,125.672,UNTOUCHED,,0,,0,,0,,0,NA,Other,NA,,NA,,B-ZC-BO,S-ZF-UN,S-ZC-BR,S-ZO-BR,B-ZG-UN,B-ZO-UN,S-ZG-BR,S-ZB-BO,S-ZB-BO,S-ZD-BR,B-ZD-BO,B-ZF-UN,B-ZB-UN,S-ZD-BO,B-ZG-UN,S-ZB-BR,B-ZO-BO,B-ZG-UN,B-ZG-UN,B-ZB-UN
348,2020.03.26 00:00,GBPJPY,60,86400,BUY,ZD,1,131.416,127.539,3877.0,133.394,129.848,3546.0,91.462,59.56,1568.0,915.0,131.416,129.848,134.962,BOUNCE,2020.04.07 16:00,1,2020.05.06 12:00,0,,0,,1,4w 0d,NewYork,NA,,NA,,125.971,UNTOUCHED,,0,,0,,0,,0,NA,Other,NA,,NA,,132.984,BREAK,2020.03.26 20:00,0,,0,,0,,0,NA,NewYork,BOUNCE,2020.03.30 07:00,NA,,128.280,UNTOUCHED,,0,,0,,0,,0,NA,Other,NA,,NA,,B-ZF-BO,B-ZC-BO,S-ZF-UN,S-ZC-BR,S-ZO-BR,B-ZG-UN,B-ZO-UN,S-ZG-BR,S-ZB-BO,S-ZB-BO,B-ZF-UN,B-ZB-UN,S-ZD-BO,B-ZG-UN,S-ZB-BR,B-ZO-BO,B-ZG-UN,B-ZG-UN,B-ZB-UN,S-ZF-BR
349,2020.03.27 00:00,GBPJPY,60,86400,BUY,ZF,0,133.394,129.848,3546.0,133.812,130.574,3238.0,91.314,20.47,2820.0,836.9,133.394,130.574,136.632,UNTOUCHED,,0,,0,,0,,0,NA,Other,NA,,NA,,127.028,UNTOUCHED,,0,,0,,0,,0,NA,Other,NA,,NA,,136.214,UNTOUCHED,,0,,0,,0,,0,NA,Other,NA,,NA,,127.754,UNTOUCHED,,0,,0,,0,,0,NA,Other,NA,,NA,,B-ZD-BO,B-ZF-BO,B-ZC-BO,S-ZF-UN,S-ZC-BR,S-ZO-BR,B-ZG-UN,B-ZO-UN,S-ZG-BR,S-ZB-BO,B-ZB-UN,S-ZD-BO,B-ZG-UN,S-ZB-BR,B-ZO-BO,B-ZG-UN,B-ZG-UN,B-ZB-UN,S-ZF-BR,B-ZH-UN
350,2020.03.28 00:00,GBPJPY,60,86400,BUY,ZB,1,133.812,130.574,3238.0,134.703,132.111,2592.0,80.049,47.47,1701.0,764.2,133.812,132.111,136.404,UNTOUCHED,,0,,0,,0,,0,NA,Other,NA,,NA,,128.873,UNTOUCHED,,0,,0,,0,,0,NA,Other,NA,,NA,,135.513,BOUNCE,2020.04.09 17:00,0,,0,,0,,0,NA,NewYork,NA,,NA,,130.410,UNTOUCHED,,0,,0,,0,,0,NA,Other,NA,,NA,,B-ZF-UN,B-ZD-BO,B-ZF-BO,B-ZC-BO,S-ZF-UN,S-ZC-BR,S-ZO-BR,B-ZG-UN,B-ZO-UN,S-ZG-BR,S-ZD-BO,B-ZG-UN,S-ZB-BR,B-ZO-BO,B-ZG-UN,B-ZG-UN,B-ZB-UN,S-ZF-BR,B-ZH-UN,B-ZO-UN
351,2020.03.31 00:00,GBPJPY,60,86400,SELL,ZD,1,134.679,134.260,419.0,134.401,132.742,1659.0,395.943,66.35,141.0,98.9,134.401,134.260,132.601,BOUNCE,2020.04.01 10:00,1,2020.04.01 11:00,1,2020.04.07 15:00,1,2020.04.07 16:00,3,6d 6h,London,NA,,NA,,134.820,BREAK,2020.04.07 16:00,0,,0,,0,,0,NA,NewYork,BOUNCE,2020.04.08 19:00,NA,,134.119,BREAK,2020.03.31 00:00,0,,0,,0,,0,NA,Asia,BREAK,2020.03.31 01:00,BREAK,2020.03.31 02:00,134.542,BOUNCE,2020.03.31 18:00,1,2020.03.31 19:00,1,2020.03.31 19:00,0,,2,1h,NewYork,NA,,NA,,B-ZB-UN,B-ZF-UN,B-ZD-BO,B-ZF-BO,B-ZC-BO,S-ZF-UN,S-ZC-BR,S-ZO-BR,B-ZG-UN,B-ZO-UN,B-ZG-UN,S-ZB-BR,B-ZO-BO,B-ZG-UN,B-ZG-UN,B-ZB-UN,S-ZF-BR,B-ZH-UN,B-ZO-UN,B-ZO-BR
352,2020.04.01 00:00,GBPJPY,60,86400,BUY,ZG,0,134.401,132.742,1659.0,134.612,132.926,1686.0,101.627,11.09,1475.0,391.5,134.401,132.926,136.087,UNTOUCHED,,0,,0,,0,,0,NA,Other,NA,,NA,,131.267,BREAK,2020.05.06 17:00,0,,0,,0,,0,NA,NewYork,BREAK,2020.05.18 01:00,UNTOUCHED,,135.876,UNTOUCHED,,0,,0,,0,,0,NA,Other,NA,,NA,,131.451,BREAK,2020.05.06 13:00,0,,0,,0,,0,NA,NewYork,BREAK,2020.05.18 01:00,UNTOUCHED,,S-ZD-BO,B-ZB-UN,B-ZF-UN,B-ZD-BO,B-ZF-BO,B-ZC-BO,S-ZF-UN,S-ZC-BR,S-ZO-BR,B-ZG-UN,S-ZB-BR,B-ZO-BO,B-ZG-UN,B-ZG-UN,B-ZB-UN,S-ZF-BR,B-ZH-UN,B-ZO-UN,B-ZO-BR,S-ZE-BR
353,2020.04.02 00:00,GBPJPY,60,86400,SELL,ZB,1,134.612,132.926,1686.0,133.797,132.479,1318.0,78.173,48.34,871.0,397.9,133.797,132.926,131.608,BREAK,2020.05.06 12:00,0,,0,,0,,0,NA,London,BOUNCE,2020.05.07 10:00,NA,,135.483,BOUNCE,2020.04.09 17:00,1,2020.04.15 16:00,1,2020.04.21 15:00,1,2020.05.06 12:00,3,3w 5d,NewYork,NA,,NA,,132.055,BOUNCE,2020.04.21 15:00,1,2020.04.30 18:00,0,,0,,1,1w 2d,NewYork,NA,,NA,,134.668,BOUNCE,2020.04.07 16:00,1,2020.04.21 15:00,1,2020.04.21 15:00,0,,2,1w 6d,NewYork,NA,,NA,,B-ZG-UN,S-ZD-BO,B-ZB-UN,B-ZF-UN,B-ZD-BO,B-ZF-BO,B-ZC-BO,S-ZF-UN,S-ZC-BR,S-ZO-BR,B-ZO-BO,B-ZG-UN,B-ZG-UN,B-ZB-UN,S-ZF-BR,B-ZH-UN,B-ZO-UN,B-ZO-BR,S-ZE-BR,B-ZH-BR
354,2020.04.04 00:00,GBPJPY,60,86400,BUY,ZO,0,133.882,132.360,1522.0,134.083,132.540,1543.0,101.380,11.83,1342.0,359.2,133.882,132.540,135.425,BOUNCE,2020.04.09 14:00,1,2020.04.21 13:00,1,2020.05.06 18:00,1,2020.05.06 18:00,3,3w 6d,NewYork,NA,,NA,,131.018,BREAK,2020.05.06 18:00,0,,0,,0,,0,NA,NewYork,BREAK,2020.05.18 01:00,UNTOUCHED,,135.224,BREAK,2020.04.09 04:00,0,,0,,0,,0,NA,Asia,UNTOUCHED,,NA,,131.198,BREAK,2020.05.06 18:00,0,,0,,0,,0,NA,NewYork,BREAK,2020.05.18 01:00,UNTOUCHED,,S-ZB-BR,B-ZG-UN,S-ZD-BO,B-ZB-UN,B-ZF-UN,B-ZD-BO,B-ZF-BO,B-ZC-BO,S-ZF-UN,S-ZC-BR,B-ZG-UN,B-ZG-UN,B-ZB-UN,S-ZF-BR,B-ZH-UN,B-ZO-UN,B-ZO-BR,S-ZE-BR,B-ZH-BR,S-ZG-BO
355,2020.04.08 00:00,GBPJPY,60,86400,BUY,ZG,0,134.516,132.384,2132.0,134.975,132.922,2053.0,96.295,25.23,1594.0,503.2,134.516,132.922,136.569,UNTOUCHED,,0,,0,,0,,0,NA,Other,NA,,NA,,130.790,BOUNCE,2020.05.07 01:00,0,,0,,0,,0,NA,Asia,NA,,NA,,136.110,UNTOUCHED,,0,,0,,0,,0,NA,Other,NA,,NA,,131.328,BREAK,2020.05.06 15:00,0,,0,,0,,0,NA,NewYork,BOUNCE,2020.05.19 10:00,NA,,B-ZO-BO,S-ZB-BR,B-ZG-UN,S-ZD-BO,B-ZB-UN,B-ZF-UN,B-ZD-BO,B-ZF-BO,B-ZC-BO,S-ZF-UN,B-ZG-UN,B-ZB-UN,S-ZF-BR,B-ZH-UN,B-ZO-UN,B-ZO-BR,S-ZE-BR,B-ZH-BR,S-ZG-BO,S-ZE-BO
356,2020.04.09 00:00,GBPJPY,60,86400,BUY,ZG,0,134.975,132.922,2053.0,135.018,133.689,1329.0,64.735,37.36,1286.0,484.5,134.975,133.689,136.304,UNTOUCHED,,0,,0,,0,,0,NA,Other,NA,,NA,,131.636,BREAK,2020.05.06 12:00,0,,0,,0,,0,NA,London,BREAK,2020.05.16 00:00,UNTOUCHED,,136.261,UNTOUCHED,,0,,0,,0,,0,NA,Other,NA,,NA,,132.403,BREAK,2020.04.21 14:00,0,,0,,0,,0,NA,NewYork,BOUNCE,2020.05.08 18:00,NA,,B-ZG-UN,B-ZO-BO,S-ZB-BR,B-ZG-UN,S-ZD-BO,B-ZB-UN,B-ZF-UN,B-ZD-BO,B-ZF-BO,B-ZC-BO,B-ZB-UN,S-ZF-BR,B-ZH-UN,B-ZO-UN,B-ZO-BR,S-ZE-BR,B-ZH-BR,S-ZG-BO,S-ZE-BO,S-ZF-BR
357,2020.04.10 00:00,GBPJPY,60,86400,BUY,ZB,1,135.018,133.689,1329.0,135.750,134.393,1357.0,102.107,52.97,625.0,313.6,135.018,134.393,136.375,UNTOUCHED,,0,,0,,0,,0,NA,Other,NA,,NA,,133.064,BREAK,2020.04.21 12:00,0,,0,,0,,0,NA,London,BREAK,2020.04.21 15:00,BREAK,2020.05.06 12:00,135.643,UNTOUCHED,,0,,0,,0,,0,NA,Other,NA,,NA,,133.768,BOUNCE,2020.04.15 16:00,0,,0,,0,,0,NA,NewYork,NA,,NA,,B-ZG-UN,B-ZG-UN,B-ZO-BO,S-ZB-BR,B-ZG-UN,S-ZD-BO,B-ZB-UN,B-ZF-UN,B-ZD-BO,B-ZF-BO,S-ZF-BR,B-ZH-UN,B-ZO-UN,B-ZO-BR,S-ZE-BR,B-ZH-BR,S-ZG-BO,S-ZE-BO,S-ZF-BR,S-ZD-BR
358,2020.04.14 00:00,GBPJPY,60,86400,SELL,ZF,1,135.259,134.792,467.0,135.216,134.502,714.0,152.891,9.21,424.0,110.2,135.216,134.792,134.078,BREAK,2020.04.15 14:00,0,,0,,0,,0,NA,NewYork,BREAK,2020.04.21 06:00,BREAK,2020.04.21 11:00,135.683,UNTOUCHED,,0,,0,,0,,0,NA,Other,NA,,NA,,134.368,BREAK,2020.04.15 11:00,0,,0,,0,,0,NA,London,BREAK,2020.04.15 16:00,BREAK,2020.04.21 06:00,135.640,UNTOUCHED,,0,,0,,0,,0,NA,Other,NA,,NA,,B-ZB-UN,B-ZG-UN,B-ZG-UN,B-ZO-BO,S-ZB-BR,B-ZG-UN,S-ZD-BO,B-ZB-UN,B-ZF-UN,B-ZD-BO,B-ZH-UN,B-ZO-UN,B-ZO-BR,S-ZE-BR,B-ZH-BR,S-ZG-BO,S-ZE-BO,S-ZF-BR,S-ZD-BR,S-ZO-BO
359,2020.04.15 00:00,GBPJPY,60,86400,BUY,ZH,0,135.216,134.502,714.0,135.407,134.573,834.0,116.807,9.94,643.0,168.5,135.216,134.573,136.050,UNTOUCHED,,0,,0,,0,,0,NA,Other,NA,,NA,,133.859,BREAK,2020.04.15 16:00,0,,0,,0,,0,NA,NewYork,BREAK,2020.04.21 12:00,BREAK,2020.04.21 14:00,135.859,UNTOUCHED,,0,,0,,0,,0,NA,Other,NA,,NA,,133.930,BREAK,2020.04.15 16:00,0,,0,,0,,0,NA,NewYork,BREAK,2020.04.21 11:00,BREAK,2020.04.21 13:00,S-ZF-BR,B-ZB-UN,B-ZG-UN,B-ZG-UN,B-ZO-BO,S-ZB-BR,B-ZG-UN,S-ZD-BO,B-ZB-UN,B-ZF-UN,B-ZO-UN,B-ZO-BR,S-ZE-BR,B-ZH-BR,S-ZG-BO,S-ZE-BO,S-ZF-BR,S-ZD-BR,S-ZO-BO,B-ZF-BR
360,2020.04.18 00:00,GBPJPY,60,86400,BUY,ZO,0,134.878,133.715,1163.0,134.962,133.898,1064.0,91.488,15.74,980.0,274.5,134.878,133.898,135.942,UNTOUCHED,,0,,0,,0,,0,NA,Other,NA,,NA,,132.735,BREAK,2020.04.21 13:00,0,,0,,0,,0,NA,NewYork,BREAK,2020.05.06 13:00,BOUNCE,2020.05.07 11:00,135.858,UNTOUCHED,,0,,0,,0,,0,NA,Other,NA,,NA,,132.918,BREAK,2020.04.21 13:00,0,,0,,0,,0,NA,NewYork,BOUNCE,2020.04.22 13:00,NA,,B-ZH-UN,S-ZF-BR,B-ZB-UN,B-ZG-UN,B-ZG-UN,B-ZO-BO,S-ZB-BR,B-ZG-UN,S-ZD-BO,B-ZB-UN,B-ZO-BR,S-ZE-BR,B-ZH-BR,S-ZG-BO,S-ZE-BO,S-ZF-BR,S-ZD-BR,S-ZO-BO,B-ZF-BR,S-ZF-BR
361,2020.04.24 00:00,GBPJPY,60,86400,BUY,ZO,0,133.296,132.042,1254.0,133.676,132.395,1281.0,102.153,28.15,901.0,295.9,133.296,132.395,134.577,BREAK,2020.04.30 18:00,0,,0,,0,,0,NA,NewYork,BREAK,2020.06.02 16:00,BREAK,2020.06.03 03:00,131.141,BREAK,2020.05.06 18:00,0,,0,,0,,0,NA,NewYork,BOUNCE,2020.05.14 23:00,NA,,134.197,BREAK,2020.04.30 18:00,0,,0,,0,,0,NA,NewYork,BREAK,2020.04.30 23:00,BREAK,2020.06.02 18:00,131.494,BREAK,2020.05.06 13:00,0,,0,,0,,0,NA,NewYork,BREAK,2020.05.14 09:00,BREAK,2020.05.18 01:00,B-ZO-UN,B-ZH-UN,S-ZF-BR,B-ZB-UN,B-ZG-UN,B-ZG-UN,B-ZO-BO,S-ZB-BR,B-ZG-UN,S-ZD-BO,S-ZE-BR,B-ZH-BR,S-ZG-BO,S-ZE-BO,S-ZF-BR,S-ZD-BR,S-ZO-BO,B-ZF-BR,S-ZF-BR,S-ZD-BO
362,2020.04.25 00:00,GBPJPY,60,86400,SELL,ZE,1,133.676,132.395,1281.0,133.149,132.391,758.0,59.173,41.14,754.0,302.3,133.149,132.395,131.637,BREAK,2020.05.06 12:00,0,,0,,0,,0,NA,London,BOUNCE,2020.05.07 10:00,NA,,134.430,BREAK,2020.04.30 18:00,0,,0,,0,,0,NA,NewYork,BOUNCE,2020.05.01 05:00,NA,,131.641,BREAK,2020.05.06 12:00,0,,0,,0,,0,NA,London,BOUNCE,2020.05.07 10:00,NA,,133.903,BREAK,2020.04.30 18:00,0,,0,,0,,0,NA,NewYork,BREAK,2020.04.30 19:00,BOUNCE,2020.05.01 02:00,B-ZO-BR,B-ZO-UN,B-ZH-UN,S-ZF-BR,B-ZB-UN,B-ZG-UN,B-ZG-UN,B-ZO-BO,S-ZB-BR,B-ZG-UN,B-ZH-BR,S-ZG-BO,S-ZE-BO,S-ZF-BR,S-ZD-BR,S-ZO-BO,B-ZF-BR,S-ZF-BR,S-ZD-BO,S-ZE-BO
363,2020.04.28 00:00,GBPJPY,60,86400,BUY,ZH,1,132.955,132.790,165.0,133.566,132.813,753.0,456.364,13.94,142.0,38.9,132.955,132.813,133.708,BREAK,2020.04.30 18:00,0,,0,,0,,0,NA,NewYork,BREAK,2020.04.30 19:00,BREAK,2020.04.30 20:00,132.648,BREAK,2020.04.29 11:00,0,,0,,0,,0,NA,London,BREAK,2020.04.29 12:00,BREAK,2020.04.29 13:00,133.097,BREAK,2020.04.28 00:00,0,,0,,0,,0,NA,Asia,BREAK,2020.04.28 01:00,BREAK,2020.04.28 11:00,132.671,BREAK,2020.04.29 11:00,0,,0,,0,,0,NA,London,BREAK,2020.04.29 12:00,BREAK,2020.04.29 13:00,S-ZE-BR,B-ZO-BR,B-ZO-UN,B-ZH-UN,S-ZF-BR,B-ZB-UN,B-ZG-UN,B-ZG-UN,B-ZO-BO,S-ZB-BR,S-ZG-BO,S-ZE-BO,S-ZF-BR,S-ZD-BR,S-ZO-BO,B-ZF-BR,S-ZF-BR,S-ZD-BO,S-ZE-BO,B-ZB-BO
364,2020.04.29 00:00,GBPJPY,60,86400,SELL,ZG,0,133.566,132.813,753.0,133.553,132.741,812.0,107.835,1.73,740.0,177.7,133.553,132.813,132.001,BOUNCE,2020.04.29 14:00,1,2020.04.30 18:00,1,2020.04.30 18:00,1,2020.04.30 18:00,3,1d 4h,NewYork,NA,,NA,,134.306,BREAK,2020.04.30 18:00,0,,0,,0,,0,NA,NewYork,BREAK,2020.04.30 23:00,BREAK,2020.06.02 16:00,132.073,BOUNCE,2020.04.29 14:00,1,2020.04.30 18:00,1,2020.04.30 18:00,0,,2,1d 4h,NewYork,NA,,NA,,134.293,BREAK,2020.04.30 18:00,0,,0,,0,,0,NA,NewYork,BREAK,2020.04.30 23:00,BREAK,2020.06.02 16:00,B-ZH-BR,S-ZE-BR,B-ZO-BR,B-ZO-UN,B-ZH-UN,S-ZF-BR,B-ZB-UN,B-ZG-UN,B-ZG-UN,B-ZO-BO,S-ZE-BO,S-ZF-BR,S-ZD-BR,S-ZO-BO,B-ZF-BR,S-ZF-BR,S-ZD-BO,S-ZE-BO,B-ZB-BO,S-ZD-BO
365,2020.04.30 00:00,GBPJPY,60,86400,SELL,ZE,1,133.553,132.741,812.0,133.004,131.941,1063.0,130.911,67.61,263.0,191.6,133.004,132.741,131.678,BOUNCE,2020.05.06 12:00,1,2020.05.08 18:00,1,2020.05.29 18:00,1,2020.06.01 18:00,3,3w 5d,London,NA,,NA,,133.816,BREAK,2020.04.30 18:00,0,,0,,0,,0,NA,NewYork,BREAK,2020.04.30 19:00,BREAK,2020.04.30 20:00,132.478,BREAK,2020.05.05 21:00,0,,0,,0,,0,NA,Other,BREAK,2020.05.06 12:00,BREAK,2020.05.06 13:00,133.267,BREAK,2020.04.30 13:00,0,,0,,0,,0,NA,NewYork,BREAK,2020.04.30 18:00,BREAK,2020.04.30 19:00,S-ZG-BO,B-ZH-BR,S-ZE-BR,B-ZO-BR,B-ZO-UN,B-ZH-UN,S-ZF-BR,B-ZB-UN,B-ZG-UN,B-ZG-UN,S-ZF-BR,S-ZD-BR,S-ZO-BO,B-ZF-BR,S-ZF-BR,S-ZD-BO,S-ZE-BO,B-ZB-BO,S-ZD-BO,S-ZF-PE
366,2020.05.06 00:00,GBPJPY,60,86400,SELL,ZF,0,133.442,132.520,922.0,133.172,132.442,730.0,79.176,29.28,652.0,217.6,133.172,132.520,131.790,BREAK,2020.05.06 12:00,0,,0,,0,,0,NA,London,BREAK,2020.05.06 19:00,BREAK,2020.05.14 09:00,134.094,BREAK,2020.06.01 18:00,0,,0,,0,,0,NA,NewYork,BREAK,2020.06.02 10:00,BREAK,2020.06.02 16:00,131.868,BREAK,2020.05.06 12:00,0,,0,,0,,0,NA,London,BREAK,2020.05.06 18:00,BREAK,2020.05.14 09:00,133.824,BREAK,2020.06.01 18:00,0,,0,,0,,0,NA,NewYork,BREAK,2020.06.02 04:00,BREAK,2020.06.02 13:00,S-ZE-BO,S-ZG-BO,B-ZH-BR,S-ZE-BR,B-ZO-BR,B-ZO-UN,B-ZH-UN,S-ZF-BR,B-ZB-UN,B-ZG-UN,S-ZD-BR,S-ZO-BO,B-ZF-BR,S-ZF-BR,S-ZD-BO,S-ZE-BO,B-ZB-BO,S-ZD-BO,S-ZF-PE,B-ZB-BO
367,2020.05.07 00:00,GBPJPY,60,86400,SELL,ZD,1,133.172,132.442,730.0,132.645,130.832,1813.0,248.356,72.19,203.0,172.3,132.645,132.442,130.629,BREAK,2020.05.14 05:00,0,,0,,0,,0,NA,Asia,BREAK,2020.05.14 09:00,BOUNCE,2020.05.14 11:00,133.375,BOUNCE,2020.05.29 18:00,1,2020.05.29 19:00,0,,0,,1,1h,NewYork,NA,,NA,,132.239,BREAK,2020.05.07 00:00,0,,0,,0,,0,NA,Asia,BREAK,2020.05.07 01:00,BREAK,2020.05.07 02:00,132.848,BREAK,2020.05.11 04:00,0,,0,,0,,0,NA,Asia,BOUNCE,2020.05.11 11:00,NA,,S-ZF-BR,S-ZE-BO,S-ZG-BO,B-ZH-BR,S-ZE-BR,B-ZO-BR,B-ZO-UN,B-ZH-UN,S-ZF-BR,B-ZB-UN,S-ZO-BO,B-ZF-BR,S-ZF-BR,S-ZD-BO,S-ZE-BO,B-ZB-BO,S-ZD-BO,S-ZF-PE,B-ZB-BO,B-ZB-PE
368,2020.05.08 00:00,GBPJPY,60,86400,SELL,ZO,0,132.645,130.832,1813.0,132.019,130.644,1375.0,75.841,34.53,1187.0,427.9,132.019,130.832,129.457,BOUNCE,2020.05.18 01:00,1,2020.05.19 13:00,1,2020.05.29 18:00,1,2020.06.01 18:00,3,2w 0d,Asia,NA,,NA,,133.832,BREAK,2020.06.01 18:00,0,,0,,0,,0,NA,NewYork,BREAK,2020.06.02 13:00,BREAK,2020.06.03 03:00,129.645,BOUNCE,2020.05.16 00:00,1,2020.05.29 18:00,1,2020.06.01 18:00,0,,2,2w 2d,Asia,NA,,NA,,133.206,BREAK,2020.05.29 18:00,0,,0,,0,,0,NA,NewYork,BREAK,2020.06.02 10:00,BREAK,2020.06.02 16:00,S-ZD-BR,S-ZF-BR,S-ZE-BO,S-ZG-BO,B-ZH-BR,S-ZE-BR,B-ZO-BR,B-ZO-UN,B-ZH-UN,S-ZF-BR,B-ZF-BR,S-ZF-BR,S-ZD-BO,S-ZE-BO,B-ZB-BO,S-ZD-BO,S-ZF-PE,B-ZB-BO,B-ZB-PE,S-ZB-BR
369,2020.05.09 00:00,GBPJPY,60,86400,BUY,ZF,0,132.019,130.644,1375.0,132.683,131.151,1532.0,111.418,36.87,868.0,324.5,132.019,131.151,133.551,BREAK,2020.06.01 04:00,0,,0,,0,,0,NA,Asia,BREAK,2020.06.02 04:00,BREAK,2020.06.02 16:00,129.776,BREAK,2020.05.16 00:00,0,,0,,0,,0,NA,Asia,UNTOUCHED,,NA,,132.887,BOUNCE,2020.05.11 04:00,1,2020.05.14 09:00,1,2020.05.16 00:00,0,,2,4d 20h,Asia,NA,,NA,,130.283,BOUNCE,2020.05.14 09:00,1,2020.05.26 18:00,1,2020.05.26 18:00,0,,2,1w 5d,London,NA,,NA,,S-ZO-BO,S-ZD-BR,S-ZF-BR,S-ZE-BO,S-ZG-BO,B-ZH-BR,S-ZE-BR,B-ZO-BR,B-ZO-UN,B-ZH-UN,S-ZF-BR,S-ZD-BO,S-ZE-BO,B-ZB-BO,S-ZD-BO,S-ZF-PE,B-ZB-BO,B-ZB-PE,S-ZB-BR,S-ZH-BO
370,2020.05.13 00:00,GBPJPY,60,86400,SELL,ZF,0,133.185,131.878,1307.0,132.858,131.571,1287.0,98.470,25.02,980.0,308.5,132.858,131.878,130.591,BREAK,2020.05.14 05:00,0,,0,,0,,0,NA,Asia,BREAK,2020.05.18 01:00,UNTOUCHED,,134.165,BREAK,2020.06.01 18:00,0,,0,,0,,0,NA,NewYork,BREAK,2020.06.02 13:00,BREAK,2020.06.02 18:00,130.898,BREAK,2020.05.13 18:00,0,,0,,0,,0,NA,NewYork,BREAK,2020.05.18 01:00,UNTOUCHED,,133.838,BREAK,2020.06.01 18:00,0,,0,,0,,0,NA,NewYork,BREAK,2020.06.02 10:00,BREAK,2020.06.02 17:00,B-ZF-BR,S-ZO-BO,S-ZD-BR,S-ZF-BR,S-ZE-BO,S-ZG-BO,B-ZH-BR,S-ZE-BR,B-ZO-BR,B-ZO-UN,S-ZD-BO,S-ZE-BO,B-ZB-BO,S-ZD-BO,S-ZF-PE,B-ZB-BO,B-ZB-PE,S-ZB-BR,S-ZH-BO,B-ZE-PE
371,2020.05.14 00:00,GBPJPY,60,86400,SELL,ZD,1,132.858,131.571,1287.0,131.933,130.649,1284.0,99.767,71.87,362.0,303.7,131.933,131.571,130.287,BOUNCE,2020.05.14 09:00,1,2020.05.14 23:00,1,2020.05.19 18:00,1,2020.05.29 18:00,3,2w 1d,London,NA,,NA,,133.220,BOUNCE,2020.05.29 18:00,1,2020.05.29 20:00,0,,0,,1,2h,NewYork,NA,,NA,,131.209,BREAK,2020.05.14 00:00,0,,0,,0,,0,NA,Asia,BREAK,2020.05.14 05:00,BREAK,2020.05.14 10:00,132.295,BOUNCE,2020.05.19 18:00,1,2020.05.22 08:00,1,2020.05.22 08:00,0,,2,2d 14h,NewYork,NA,,NA,,S-ZF-BR,B-ZF-BR,S-ZO-BO,S-ZD-BR,S-ZF-BR,S-ZE-BO,S-ZG-BO,B-ZH-BR,S-ZE-BR,B-ZO-BR,S-ZE-BO,B-ZB-BO,S-ZD-BO,S-ZF-PE,B-ZB-BO,B-ZB-PE,S-ZB-BR,S-ZH-BO,B-ZE-PE,S-ZB-BO
372,2020.05.15 00:00,GBPJPY,60,86400,SELL,ZE,1,131.933,130.649,1284.0,131.300,130.139,1161.0,90.421,49.30,651.0,303.0,131.300,130.649,129.488,BOUNCE,2020.05.18 01:00,1,2020.05.18 17:00,1,2020.05.19 15:00,1,2020.05.26 13:00,3,1w 1d,Asia,NA,,NA,,132.584,BREAK,2020.05.26 13:00,0,,0,,0,,0,NA,NewYork,BOUNCE,2020.05.29 20:00,NA,,129.998,BREAK,2020.05.15 16:00,0,,0,,0,,0,NA,NewYork,BOUNCE,2020.05.18 13:00,NA,,131.951,BREAK,2020.05.19 15:00,0,,0,,0,,0,NA,NewYork,BREAK,2020.05.26 18:00,BOUNCE,2020.05.29 20:00,S-ZD-BO,S-ZF-BR,B-ZF-BR,S-ZO-BO,S-ZD-BR,S-ZF-BR,S-ZE-BO,S-ZG-BO,B-ZH-BR,S-ZE-BR,B-ZB-BO,S-ZD-BO,S-ZF-PE,B-ZB-BO,B-ZB-PE,S-ZB-BR,S-ZH-BO,B-ZE-PE,S-ZB-BO,S-ZD-BO
373,2020.05.20 00:00,GBPJPY,60,86400,BUY,ZB,1,131.278,129.251,2027.0,132.506,130.744,1762.0,86.926,73.66,534.0,478.4,131.278,130.744,133.040,BOUNCE,2020.05.29 18:00,1,2020.06.19 20:00,0,,0,,1,3w 0d,NewYork,NA,,NA,,128.717,UNTOUCHED,,0,,0,,0,,0,NA,Other,NA,,NA,,131.812,BREAK,2020.05.20 00:00,0,,0,,0,,0,NA,Asia,BOUNCE,2020.05.20 10:00,NA,,130.210,UNTOUCHED,,0,,0,,0,,0,NA,Other,NA,,NA,,S-ZE-BO,S-ZD-BO,S-ZF-BR,B-ZF-BR,S-ZO-BO,S-ZD-BR,S-ZF-BR,S-ZE-BO,S-ZG-BO,B-ZH-BR,S-ZD-BO,S-ZF-PE,B-ZB-BO,B-ZB-PE,S-ZB-BR,S-ZH-BO,B-ZE-PE,S-ZB-BO,S-ZD-BO,S-ZB-PE
374,2020.05.22 00:00,GBPJPY,60,86400,SELL,ZD,1,132.418,131.441,977.0,131.947,131.214,733.0,75.026,48.21,506.0,230.6,131.947,131.441,130.708,BOUNCE,2020.05.22 11:00,1,2020.05.26 05:00,1,2020.05.26 12:00,1,2020.05.26 18:00,3,4d 7h,London,NA,,NA,,132.924,BOUNCE,2020.05.26 18:00,1,2020.05.27 18:00,0,,0,,1,1d 0h,NewYork,NA,,NA,,130.935,BREAK,2020.05.22 11:00,0,,0,,0,,0,NA,London,PENDING,,NA,,132.453,BREAK,2020.05.26 12:00,0,,0,,0,,0,NA,London,BOUNCE,2020.05.27 04:00,NA,,B-ZB-BO,S-ZE-BO,S-ZD-BO,S-ZF-BR,B-ZF-BR,S-ZO-BO,S-ZD-BR,S-ZF-BR,S-ZE-BO,S-ZG-BO,S-ZF-PE,B-ZB-BO,B-ZB-PE,S-ZB-BR,S-ZH-BO,B-ZE-PE,S-ZB-BO,S-ZD-BO,S-ZB-PE,B-ZE-PE
375,2020.05.23 00:00,GBPJPY,60,86400,SELL,ZF,1,131.947,131.214,733.0,131.770,130.669,1101.0,150.205,24.15,556.0,173.0,131.770,131.214,130.113,PENDING,,0,,0,,0,,0,NA,Other,NA,,NA,,132.503,BREAK,2020.05.26 12:00,0,,0,,0,,0,NA,London,BREAK,2020.05.29 18:00,BOUNCE,2020.06.01 04:00,130.658,PENDING,,0,,0,,0,,0,NA,Other,NA,,NA,,132.326,BREAK,2020.05.26 12:00,0,,0,,0,,0,NA,London,BOUNCE,2020.05.27 04:00,NA,,S-ZD-BO,B-ZB-BO,S-ZE-BO,S-ZD-BO,S-ZF-BR,B-ZF-BR,S-ZO-BO,S-ZD-BR,S-ZF-BR,S-ZE-BO,B-ZB-BO,B-ZB-PE,S-ZB-BR,S-ZH-BO,B-ZE-PE,S-ZB-BO,S-ZD-BO,S-ZB-PE,B-ZE-PE,S-ZB-PE
376,2020.05.27 00:00,GBPJPY,60,86400,BUY,ZB,1,131.407,130.852,555.0,133.037,131.066,1971.0,355.135,38.56,341.0,131.0,131.407,131.066,133.378,BOUNCE,2020.05.29 18:00,1,2020.05.29 20:00,0,,0,,1,2h,NewYork,NA,,NA,,130.511,PENDING,,0,,0,,0,,0,NA,Other,NA,,NA,,131.748,BREAK,2020.05.27 00:00,0,,0,,0,,0,NA,Asia,BREAK,2020.05.27 01:00,BREAK,2020.05.27 02:00,130.725,PENDING,,0,,0,,0,,0,NA,Other,NA,,NA,,S-ZF-PE,S-ZD-BO,B-ZB-BO,S-ZE-BO,S-ZD-BO,S-ZF-BR,B-ZF-BR,S-ZO-BO,S-ZD-BR,S-ZF-BR,B-ZB-PE,S-ZB-BR,S-ZH-BO,B-ZE-PE,S-ZB-BO,S-ZD-BO,S-ZB-PE,B-ZE-PE,S-ZB-PE,
377,2020.06.06 00:00,GBPJPY,60,86400,BUY,ZB,1,137.805,135.949,1856.0,139.737,137.266,2471.0,133.136,70.96,539.0,438.0,137.805,137.266,140.276,PENDING,,0,,0,,0,,0,NA,Other,NA,,NA,,135.410,BREAK,2020.06.11 11:00,0,,0,,0,,0,NA,London,BREAK,2020.06.12 02:00,BREAK,2020.06.12 04:00,138.344,BREAK,2020.06.06 00:00,0,,0,,0,,0,NA,Asia,BREAK,2020.06.08 03:00,BOUNCE,2020.06.08 10:00,136.727,BOUNCE,2020.06.09 11:00,0,,0,,0,,0,NA,London,NA,,NA,,B-ZB-BO,S-ZF-PE,S-ZD-BO,B-ZB-BO,S-ZE-BO,S-ZD-BO,S-ZF-BR,B-ZF-BR,S-ZO-BO,S-ZD-BR,S-ZB-BR,S-ZH-BO,B-ZE-PE,S-ZB-BO,S-ZD-BO,S-ZB-PE,B-ZE-PE,S-ZB-PE,,
378,2020.06.10 00:00,GBPJPY,60,86400,SELL,ZB,1,139.578,137.421,2157.0,138.237,136.228,2009.0,93.139,62.17,816.0,509.1,138.237,137.421,135.412,BREAK,2020.06.11 11:00,0,,0,,0,,0,NA,London,BREAK,2020.06.12 04:00,BOUNCE,2020.06.15 12:00,140.394,PENDING,,0,,0,,0,,0,NA,Other,NA,,NA,,136.605,BREAK,2020.06.11 00:00,0,,0,,0,,0,NA,Asia,BREAK,2020.06.11 16:00,BREAK,2020.06.11 21:00,139.053,PENDING,,0,,0,,0,,0,NA,Other,NA,,NA,,B-ZB-PE,B-ZB-BO,S-ZF-PE,S-ZD-BO,B-ZB-BO,S-ZE-BO,S-ZD-BO,S-ZF-BR,B-ZF-BR,S-ZO-BO,S-ZH-BO,B-ZE-PE,S-ZB-BO,S-ZD-BO,S-ZB-PE,B-ZE-PE,S-ZB-PE,,,
379,2020.06.13 00:00,GBPJPY,60,86400,SELL,ZH,0,136.729,134.458,2271.0,136.043,133.791,2252.0,99.163,30.21,1585.0,536.0,136.043,134.458,132.206,BOUNCE,2020.06.19 15:00,0,,0,,0,,0,NA,NewYork,NA,,NA,,138.314,PENDING,,0,,0,,0,,0,NA,Other,NA,,NA,,132.873,BREAK,2020.06.18 17:00,0,,0,,0,,0,NA,NewYork,PENDING,,NA,,137.628,PENDING,,0,,0,,0,,0,NA,Other,NA,,NA,,S-ZB-BR,B-ZB-PE,B-ZB-BO,S-ZF-PE,S-ZD-BO,B-ZB-BO,S-ZE-BO,S-ZD-BO,S-ZF-BR,B-ZF-BR,B-ZE-PE,S-ZB-BO,S-ZD-BO,S-ZB-PE,B-ZE-PE,S-ZB-PE,,,,
380,2020.06.17 00:00,GBPJPY,60,86400,BUY,ZE,1,135.263,133.501,1762.0,136.346,134.722,1624.0,92.168,69.30,541.0,415.8,135.263,134.722,136.887,PENDING,,0,,0,,0,,0,NA,Other,NA,,NA,,132.960,BREAK,2020.06.18 16:00,0,,0,,0,,0,NA,NewYork,BREAK,2020.06.19 20:00,BOUNCE,2020.06.22 08:00,135.804,PENDING,,0,,0,,0,,0,NA,Other,NA,,NA,,134.181,BREAK,2020.06.17 18:00,0,,0,,0,,0,NA,NewYork,BOUNCE,2020.06.18 15:00,NA,,S-ZH-BO,S-ZB-BR,B-ZB-PE,B-ZB-BO,S-ZF-PE,S-ZD-BO,B-ZB-BO,S-ZE-BO,S-ZD-BO,S-ZF-BR,S-ZB-BO,S-ZD-BO,S-ZB-PE,B-ZE-PE,S-ZB-PE,,,,,
381,2020.06.18 00:00,GBPJPY,60,86400,SELL,ZB,1,136.346,134.722,1624.0,135.217,134.060,1157.0,71.244,69.52,495.0,383.3,135.217,134.722,133.565,BOUNCE,2020.06.18 14:00,0,,0,,0,,0,NA,NewYork,NA,,NA,,136.841,PENDING,,0,,0,,0,,0,NA,Other,NA,,NA,,134.227,BREAK,2020.06.18 01:00,0,,0,,0,,0,NA,Asia,BOUNCE,2020.06.18 09:00,NA,,135.712,PENDING,,0,,0,,0,,0,NA,Other,NA,,NA,,B-ZE-PE,S-ZH-BO,S-ZB-BR,B-ZB-PE,B-ZB-BO,S-ZF-PE,S-ZD-BO,B-ZB-BO,S-ZE-BO,S-ZD-BO,S-ZD-BO,S-ZB-PE,B-ZE-PE,S-ZB-PE,,,,,,
382,2020.06.19 00:00,GBPJPY,60,86400,SELL,ZD,1,135.217,134.060,1157.0,134.519,132.386,2133.0,184.356,60.33,459.0,273.1,134.519,134.060,131.927,BOUNCE,2020.06.22 01:00,1,2020.06.22 11:00,0,,0,,1,10h,Asia,NA,,NA,,135.676,PENDING,,0,,0,,0,,0,NA,Other,NA,,NA,,133.601,BREAK,2020.06.19 00:00,0,,0,,0,,0,NA,Asia,BREAK,2020.06.19 01:00,BOUNCE,2020.06.19 10:00,134.978,PENDING,,0,,0,,0,,0,NA,Other,NA,,NA,,S-ZB-BO,B-ZE-PE,S-ZH-BO,S-ZB-BR,B-ZB-PE,B-ZB-BO,S-ZF-PE,S-ZD-BO,B-ZB-BO,S-ZE-BO,S-ZB-PE,B-ZE-PE,S-ZB-PE,,,,,,,
383,2020.06.20 00:00,GBPJPY,60,86400,SELL,ZB,1,134.519,132.386,2133.0,133.247,131.939,1308.0,61.322,59.63,861.0,503.4,133.247,132.386,131.078,PENDING,,0,,0,,0,,0,NA,Other,NA,,NA,,135.380,PENDING,,0,,0,,0,,0,NA,Other,NA,,NA,,131.525,PENDING,,0,,0,,0,,0,NA,Other,NA,,NA,,134.108,PENDING,,0,,0,,0,,0,NA,Other,NA,,NA,,S-ZD-BO,S-ZB-BO,B-ZE-PE,S-ZH-BO,S-ZB-BR,B-ZB-PE,B-ZB-BO,S-ZF-PE,S-ZD-BO,B-ZB-BO,B-ZE-PE,S-ZB-PE,,,,,,,,
384,2020.06.24 00:00,GBPJPY,60,86400,BUY,ZE,1,133.415,131.741,1674.0,133.984,132.598,1386.0,82.796,51.19,817.0,395.1,133.415,132.598,134.801,PENDING,,0,,0,,0,,0,NA,Other,NA,,NA,,130.924,PENDING,,0,,0,,0,,0,NA,Other,NA,,NA,,134.232,PENDING,,0,,0,,0,,0,NA,Other,NA,,NA,,131.781,PENDING,,0,,0,,0,,0,NA,Other,NA,,NA,,S-ZB-PE,S-ZD-BO,S-ZB-BO,B-ZE-PE,S-ZH-BO,S-ZB-BR,B-ZB-PE,B-ZB-BO,S-ZF-PE,S-ZD-BO,S-ZB-PE,,,,,,,,,
385,2020.06.27 00:00,GBPJPY,60,86400,SELL,ZB,1,133.609,132.784,825.0,133.265,132.037,1228.0,148.848,41.70,481.0,194.7,133.265,132.784,131.556,PENDING,,0,,0,,0,,0,NA,Other,NA,,NA,,134.090,PENDING,,0,,0,,0,,0,NA,Other,NA,,NA,,132.303,BREAK,2020.06.27 00:00,0,,0,,0,,0,NA,Asia,PENDING,,NA,,133.746,PENDING,2020.06.30 22:00,0,,0,,0,,0,NA,Other,NA,,NA,,B-ZE-PE,S-ZB-PE,S-ZD-BO,S-ZB-BO,B-ZE-PE,S-ZH-BO,S-ZB-BR,B-ZB-PE,B-ZB-BO,S-ZF-PE,,,,,,,,,,
