AngleID,FormTime,Symbol,TF,UnitSeconds,Dir,Class,Confirmed,U2_High,U2_Low,U2_Range,U1_High,U1_Low,U1_Range,Ratio_U1_U2_pct,Corr_pct,L_points,B_points,DiagTop,DiagBot,U1X1_Level,U1X1_React,U1X1_TouchTime,U1X1_TP1_Hit,U1X1_TP1_Time,U1X1_TP2_Hit,U1X1_TP2_Time,U1X1_TP3_Hit,U1X1_TP3_Time,U1X1_MaxTP,U1X1_Dur,U1X1_Session,U1X1_X2_React,U1X1_X2_Time,U1X1_X3_React,U1X1_X3_Time,U2X1_Level,U2X1_React,U2X1_TouchTime,U2X1_TP1_Hit,U2X1_TP1_Time,U2X1_TP2_Hit,U2X1_TP2_Time,U2X1_TP3_Hit,U2X1_TP3_Time,U2X1_MaxTP,U2X1_Dur,U2X1_Session,U2X1_X2_React,U2X1_X2_Time,U2X1_X3_React,U2X1_X3_Time,DLX1_Level,DLX1_React,DLX1_TouchTime,DLX1_TP1_Hit,DLX1_TP1_Time,DLX1_TP2_Hit,DLX1_TP2_Time,DLX1_TP3_Hit,DLX1_TP3_Time,DLX1_MaxTP,DLX1_Dur,DLX1_Session,DLX1_X2_React,DLX1_X2_Time,DLX1_X3_React,DLX1_X3_Time,DRX1_Level,DRX1_React,DRX1_TouchTime,DRX1_TP1_Hit,DRX1_TP1_Time,DRX1_TP2_Hit,DRX1_TP2_Time,DRX1_TP3_Hit,DRX1_TP3_Time,DRX1_MaxTP,DRX1_Dur,DRX1_Session,DRX1_X2_React,DRX1_X2_Time,DRX1_X3_React,DRX1_X3_Time,Left_1,Left_2,Left_3,Left_4,Left_5,Left_6,Left_7,Left_8,Left_9,Left_10,Right_1,Right_2,Right_3,Right_4,Right_5,Right_6,Right_7,Right_8,Right_9,Right_10
1,2000.01.05 00:00,NZDUSD,60,86400,SELL,ZH,0,0.52760,0.52090,670.0,0.52700,0.51910,790.0,117.910,8.96,610.0,158.1,0.52700,0.52090,0.51300,BREAK,2000.01.20 02:00,0,,0,,0,,0,NA,Asia,BREAK,2000.01.27 02:00,BREAK,2000.01.28 02:00,0.53370,UNTOUCHED,,0,,0,,0,,0,NA,Other,NA,,NA,,0.51480,BREAK,2000.01.06 02:00,0,,0,,0,,0,NA,Asia,BREAK,2000.01.24 02:00,BREAK,2000.01.28 02:00,0.53310,UNTOUCHED,,0,,0,,0,,0,NA,Other,NA,,NA,,,,,,,,,,,,S-ZE-BO,S-ZF-BR,S-ZO-BR,S-ZD-BR,B-ZD-BR,B-ZB-UN,S-ZF-BR,S-ZD-BR,S-ZO-BR,S-ZB-BR
2,2000.01.06 00:00,NZDUSD,60,86400,SELL,ZE,1,0.52700,0.51910,790.0,0.52130,0.51710,420.0,53.165,72.15,220.0,186.4,0.52130,0.51910,0.51490,BOUNCE,2000.01.06 02:00,1,2000.01.06 03:00,1,2000.01.13 02:00,0,,2,1w 0d,Asia,NA,,NA,,0.52920,UNTOUCHED,,0,,0,,0,,0,NA,Other,NA,,NA,,0.51690,BREAK,2000.01.06 02:00,0,,0,,0,,0,NA,Asia,BOUNCE,2000.01.07 02:00,NA,,0.52350,BOUNCE,2000.01.13 02:00,1,2000.01.18 02:00,1,2000.01.18 02:00,0,,2,5d 0h,Asia,NA,,NA,,S-ZH-BR,,,,,,,,,,S-ZF-BR,S-ZO-BR,S-ZD-BR,B-ZD-BR,B-ZB-UN,S-ZF-BR,S-ZD-BR,S-ZO-BR,S-ZB-BR,B-ZO-UN
3,2000.01.07 00:00,NZDUSD,60,86400,SELL,ZF,1,0.52130,0.51710,420.0,0.52080,0.51340,740.0,176.190,11.90,370.0,99.1,0.52080,0.51710,0.50970,BREAK,2000.01.24 02:00,0,,0,,0,,0,NA,Asia,BOUNCE,2000.01.25 02:00,NA,,0.52500,UNTOUCHED,,0,,0,,0,,0,NA,Other,NA,,NA,,0.51340,BOUNCE,2000.01.07 00:00,1,2000.01.13 20:00,0,,0,,1,6d 20h,Asia,NA,,NA,,0.52450,BOUNCE,2000.01.13 20:00,1,2000.01.20 02:00,1,2000.01.20 02:00,0,,2,6d 6h,NewYork,NA,,NA,,S-ZE-BO,S-ZH-BR,,,,,,,,,S-ZO-BR,S-ZD-BR,B-ZD-BR,B-ZB-UN,S-ZF-BR,S-ZD-BR,S-ZO-BR,S-ZB-BR,B-ZO-UN,S-ZD-BR
4,2000.01.08 00:00,NZDUSD,60,86400,SELL,ZO,0,0.52080,0.51340,740.0,0.51880,0.51310,570.0,77.027,27.03,540.0,174.6,0.51880,0.51340,0.50770,BREAK,2000.01.24 02:00,0,,0,,0,,0,NA,Asia,BREAK,2000.01.28 02:00,BREAK,2000.01.28 11:00,0.52620,UNTOUCHED,,0,,0,,0,,0,NA,Other,NA,,NA,,0.50800,BREAK,2000.01.24 02:00,0,,0,,0,,0,NA,Asia,BREAK,2000.01.28 02:00,BREAK,2000.01.28 11:00,0.52420,BOUNCE,2000.01.13 02:00,1,2000.01.24 02:00,1,2000.01.24 02:00,0,,2,1w 4d,Asia,NA,,NA,,S-ZF-BR,S-ZE-BO,S-ZH-BR,,,,,,,,S-ZD-BR,B-ZD-BR,B-ZB-UN,S-ZF-BR,S-ZD-BR,S-ZO-BR,S-ZB-BR,B-ZO-UN,S-ZD-BR,S-ZO-BR
5,2000.01.11 00:00,NZDUSD,60,86400,SELL,ZD,1,0.51840,0.51750,90.0,0.51790,0.51430,360.0,400.000,55.56,40.0,21.2,0.51790,0.51750,0.51390,BREAK,2000.01.19 02:00,0,,0,,0,,0,NA,Asia,BREAK,2000.01.20 02:00,BOUNCE,2000.01.20 19:00,0.51880,BREAK,2000.01.12 02:00,0,,0,,0,,0,NA,Asia,BREAK,2000.01.12 11:00,BREAK,2000.01.13 02:00,0.51710,BREAK,2000.01.11 00:00,0,,0,,0,,0,NA,Asia,BREAK,2000.01.11 01:00,BREAK,2000.01.11 02:00,0.51830,BREAK,2000.01.12 02:00,0,,0,,0,,0,NA,Asia,BOUNCE,2000.01.12 10:00,NA,,S-ZO-BR,S-ZF-BR,S-ZE-BO,S-ZH-BR,,,,,,,B-ZD-BR,B-ZB-UN,S-ZF-BR,S-ZD-BR,S-ZO-BR,S-ZB-BR,B-ZO-UN,S-ZD-BR,S-ZO-BR,S-ZE-BO
6,2000.01.13 00:00,NZDUSD,60,86400,BUY,ZD,1,0.51810,0.51520,290.0,0.51970,0.51650,320.0,110.345,44.83,160.0,68.4,0.51810,0.51650,0.52130,BREAK,2000.01.13 02:00,0,,0,,0,,0,NA,Asia,BOUNCE,2000.01.13 11:00,NA,,0.51360,BOUNCE,2000.01.19 02:00,1,2000.01.19 03:00,0,,0,,1,1h,Asia,NA,,NA,,0.51970,BREAK,2000.01.13 02:00,0,,0,,0,,0,NA,Asia,BREAK,2000.01.13 11:00,BREAK,2000.01.13 13:00,0.51490,BREAK,2000.01.19 02:00,0,,0,,0,,0,NA,Asia,BOUNCE,2000.01.20 02:00,NA,,S-ZD-BR,S-ZO-BR,S-ZF-BR,S-ZE-BO,S-ZH-BR,,,,,,B-ZB-UN,S-ZF-BR,S-ZD-BR,S-ZO-BR,S-ZB-BR,B-ZO-UN,S-ZD-BR,S-ZO-BR,S-ZE-BO,B-ZB-BO
7,2000.01.14 00:00,NZDUSD,60,86400,BUY,ZB,1,0.51970,0.51650,320.0,0.52470,0.51840,630.0,196.875,59.37,130.0,75.5,0.51970,0.51840,0.52600,UNTOUCHED,,0,,0,,0,,0,NA,Other,NA,,NA,,0.51520,BREAK,2000.01.19 02:00,0,,0,,0,,0,NA,Asia,BREAK,2000.01.20 02:00,BOUNCE,2000.01.21 00:00,0.52100,BREAK,2000.01.14 00:00,0,,0,,0,,0,NA,Asia,BREAK,2000.01.14 01:00,BOUNCE,2000.01.14 02:00,0.51710,BOUNCE,2000.01.17 19:00,1,2000.01.18 02:00,1,2000.01.18 02:00,0,,2,7h,NewYork,NA,,NA,,B-ZD-BR,S-ZD-BR,S-ZO-BR,S-ZF-BR,S-ZE-BO,S-ZH-BR,,,,,S-ZF-BR,S-ZD-BR,S-ZO-BR,S-ZB-BR,B-ZO-UN,S-ZD-BR,S-ZO-BR,S-ZE-BO,B-ZB-BO,B-ZD-BR
8,2000.01.20 00:00,NZDUSD,60,86400,SELL,ZF,0,0.52200,0.51570,630.0,0.52050,0.51360,690.0,109.524,23.81,480.0,148.7,0.52050,0.51570,0.50880,BREAK,2000.01.24 02:00,0,,0,,0,,0,NA,Asia,BREAK,2000.01.28 01:00,BREAK,2000.01.28 02:00,0.52680,UNTOUCHED,,0,,0,,0,,0,NA,Other,NA,,NA,,0.51090,BOUNCE,2000.01.21 02:00,0,,0,,0,,0,NA,Asia,NA,,NA,,0.52530,UNTOUCHED,,0,,0,,0,,0,NA,Other,NA,,NA,,B-ZB-UN,B-ZD-BR,S-ZD-BR,S-ZO-BR,S-ZF-BR,S-ZE-BO,S-ZH-BR,,,,S-ZD-BR,S-ZO-BR,S-ZB-BR,B-ZO-UN,S-ZD-BR,S-ZO-BR,S-ZE-BO,B-ZB-BO,B-ZD-BR,S-ZF-UN
9,2000.01.21 00:00,NZDUSD,60,86400,SELL,ZD,1,0.52050,0.51360,690.0,0.51610,0.51220,390.0,56.522,63.77,250.0,162.8,0.51610,0.51360,0.50970,BREAK,2000.01.24 02:00,0,,0,,0,,0,NA,Asia,BOUNCE,2000.01.25 02:00,NA,,0.52300,UNTOUCHED,,0,,0,,0,,0,NA,Other,NA,,NA,,0.51110,BOUNCE,2000.01.21 02:00,0,,0,,0,,0,NA,Asia,NA,,NA,,0.51860,UNTOUCHED,,0,,0,,0,,0,NA,Other,NA,,NA,,S-ZF-BR,B-ZB-UN,B-ZD-BR,S-ZD-BR,S-ZO-BR,S-ZF-BR,S-ZE-BO,S-ZH-BR,,,S-ZO-BR,S-ZB-BR,B-ZO-UN,S-ZD-BR,S-ZO-BR,S-ZE-BO,B-ZB-BO,B-ZD-BR,S-ZF-UN,B-ZH-BO
10,2000.01.27 00:00,NZDUSD,60,86400,SELL,ZO,0,0.51130,0.50620,510.0,0.51030,0.50600,430.0,84.314,19.61,410.0,120.4,0.51030,0.50620,0.50190,BREAK,2000.01.28 02:00,0,,0,,0,,0,NA,Asia,BREAK,2000.01.28 11:00,BREAK,2000.01.28 16:00,0.51540,UNTOUCHED,,0,,0,,0,,0,NA,Other,NA,,NA,,0.50210,BREAK,2000.01.28 02:00,0,,0,,0,,0,NA,Asia,BREAK,2000.01.28 11:00,BREAK,2000.01.28 16:00,0.51440,UNTOUCHED,,0,,0,,0,,0,NA,Other,NA,,NA,,S-ZD-BR,S-ZF-BR,B-ZB-UN,B-ZD-BR,S-ZD-BR,S-ZO-BR,S-ZF-BR,S-ZE-BO,S-ZH-BR,,S-ZB-BR,B-ZO-UN,S-ZD-BR,S-ZO-BR,S-ZE-BO,B-ZB-BO,B-ZD-BR,S-ZF-UN,B-ZH-BO,S-ZF-BO
11,2000.01.29 00:00,NZDUSD,60,86400,SELL,ZB,1,0.51300,0.50440,860.0,0.50650,0.48440,2210.0,256.977,75.58,210.0,203.0,0.50650,0.50440,0.48230,BREAK,2000.03.01 02:00,0,,0,,0,,0,NA,Asia,BOUNCE,2000.03.01 18:00,NA,,0.51510,UNTOUCHED,,0,,0,,0,,0,NA,Other,NA,,NA,,0.50230,BREAK,2000.01.29 00:00,0,,0,,0,,0,NA,Asia,BREAK,2000.01.31 02:00,BREAK,2000.01.31 03:00,0.50860,UNTOUCHED,,0,,0,,0,,0,NA,Other,NA,,NA,,S-ZO-BR,S-ZD-BR,S-ZF-BR,B-ZB-UN,B-ZD-BR,S-ZD-BR,S-ZO-BR,S-ZF-BR,S-ZE-BO,S-ZH-BR,B-ZO-UN,S-ZD-BR,S-ZO-BR,S-ZE-BO,B-ZB-BO,B-ZD-BR,S-ZF-UN,B-ZH-BO,S-ZF-BO,S-ZD-UN
12,2000.02.04 00:00,NZDUSD,60,86400,BUY,ZO,0,0.49670,0.48750,920.0,0.50060,0.49030,1030.0,111.957,30.43,640.0,217.1,0.49670,0.49030,0.50700,UNTOUCHED,,0,,0,,0,,0,NA,Other,NA,,NA,,0.48110,BOUNCE,2000.03.01 02:00,1,2000.03.09 02:00,0,,0,,1,1w 1d,Asia,NA,,NA,,0.50310,UNTOUCHED,,0,,0,,0,,0,NA,Other,NA,,NA,,0.48390,BOUNCE,2000.02.15 02:00,0,,0,,0,,0,NA,Asia,NA,,NA,,S-ZB-BR,S-ZO-BR,S-ZD-BR,S-ZF-BR,B-ZB-UN,B-ZD-BR,S-ZD-BR,S-ZO-BR,S-ZF-BR,S-ZE-BO,S-ZD-BR,S-ZO-BR,S-ZE-BO,B-ZB-BO,B-ZD-BR,S-ZF-UN,B-ZH-BO,S-ZF-BO,S-ZD-UN,B-ZB-BR
13,2000.02.09 00:00,NZDUSD,60,86400,SELL,ZD,1,0.49800,0.49270,530.0,0.49590,0.49120,470.0,88.679,39.62,320.0,125.1,0.49590,0.49270,0.48800,BREAK,2000.02.14 02:00,0,,0,,0,,0,NA,Asia,BREAK,2000.02.15 02:00,BREAK,2000.03.01 02:00,0.50120,UNTOUCHED,,0,,0,,0,,0,NA,Other,NA,,NA,,0.48950,BOUNCE,2000.02.09 02:00,0,,0,,0,,0,NA,Asia,NA,,NA,,0.49910,UNTOUCHED,,0,,0,,0,,0,NA,Other,NA,,NA,,B-ZO-UN,S-ZB-BR,S-ZO-BR,S-ZD-BR,S-ZF-BR,B-ZB-UN,B-ZD-BR,S-ZD-BR,S-ZO-BR,S-ZF-BR,S-ZO-BR,S-ZE-BO,B-ZB-BO,B-ZD-BR,S-ZF-UN,B-ZH-BO,S-ZF-BO,S-ZD-UN,B-ZB-BR,S-ZG-UN
14,2000.02.11 00:00,NZDUSD,60,86400,SELL,ZO,0,0.49630,0.48910,720.0,0.49510,0.48840,670.0,93.056,16.67,600.0,169.9,0.49510,0.48910,0.48240,BREAK,2000.03.01 02:00,0,,0,,0,,0,NA,Asia,UNTOUCHED,,NA,,0.50230,UNTOUCHED,,0,,0,,0,,0,NA,Other,NA,,NA,,0.48310,BOUNCE,2000.02.28 02:00,0,,0,,0,,0,NA,Asia,NA,,NA,,0.50110,UNTOUCHED,,0,,0,,0,,0,NA,Other,NA,,NA,,S-ZD-BR,B-ZO-UN,S-ZB-BR,S-ZO-BR,S-ZD-BR,S-ZF-BR,B-ZB-UN,B-ZD-BR,S-ZD-BR,S-ZO-BR,S-ZE-BO,B-ZB-BO,B-ZD-BR,S-ZF-UN,B-ZH-BO,S-ZF-BO,S-ZD-UN,B-ZB-BR,S-ZG-UN,B-ZB-UN
15,2000.02.16 00:00,NZDUSD,60,86400,SELL,ZE,1,0.49540,0.48550,990.0,0.48870,0.48320,550.0,55.556,67.68,320.0,233.6,0.48870,0.48550,0.48000,BOUNCE,2000.03.01 02:00,1,2000.03.01 03:00,1,2000.03.01 21:00,1,2000.03.27 02:00,3,3w 5d,Asia,NA,,NA,,0.49860,BREAK,2000.03.27 02:00,0,,0,,0,,0,NA,Asia,BOUNCE,2000.03.28 01:00,NA,,0.48230,BOUNCE,2000.03.01 02:00,1,2000.03.01 21:00,1,2000.03.27 02:00,0,,2,3w 5d,Asia,NA,,NA,,0.49190,BOUNCE,2000.02.16 02:00,1,2000.03.01 02:00,1,2000.03.01 02:00,0,,2,2w 0d,Asia,NA,,NA,,S-ZO-BR,S-ZD-BR,B-ZO-UN,S-ZB-BR,S-ZO-BR,S-ZD-BR,S-ZF-BR,B-ZB-UN,B-ZD-BR,S-ZD-BR,B-ZB-BO,B-ZD-BR,S-ZF-UN,B-ZH-BO,S-ZF-BO,S-ZD-UN,B-ZB-BR,S-ZG-UN,B-ZB-UN,B-ZH-BO
16,2000.02.17 00:00,NZDUSD,60,86400,BUY,ZB,1,0.48870,0.48320,550.0,0.49360,0.48610,750.0,136.364,52.73,260.0,129.8,0.48870,0.48610,0.49620,BOUNCE,2000.03.10 02:00,1,2000.03.13 02:00,1,2000.03.17 02:00,0,,2,1w 0d,Asia,NA,,NA,,0.48060,BOUNCE,2000.03.01 02:00,1,2000.03.01 03:00,1,2000.03.01 20:00,1,2000.03.10 02:00,3,1w 2d,Asia,NA,,NA,,0.49130,BREAK,2000.02.17 00:00,0,,0,,0,,0,NA,Asia,BREAK,2000.02.17 02:00,BOUNCE,2000.03.10 02:00,0.48350,BOUNCE,2000.02.28 02:00,1,2000.03.01 02:00,1,2000.03.01 02:00,0,,2,2d 0h,Asia,NA,,NA,,S-ZE-BO,S-ZO-BR,S-ZD-BR,B-ZO-UN,S-ZB-BR,S-ZO-BR,S-ZD-BR,S-ZF-BR,B-ZB-UN,B-ZD-BR,B-ZD-BR,S-ZF-UN,B-ZH-BO,S-ZF-BO,S-ZD-UN,B-ZB-BR,S-ZG-UN,B-ZB-UN,B-ZH-BO,B-ZD-UN
17,2000.02.18 00:00,NZDUSD,60,86400,BUY,ZD,1,0.49360,0.48610,750.0,0.49590,0.49070,520.0,69.333,61.33,290.0,177.0,0.49360,0.49070,0.49880,BREAK,2000.03.27 02:00,0,,0,,0,,0,NA,Asia,BOUNCE,2000.03.28 01:00,NA,,0.48320,BOUNCE,2000.02.28 02:00,1,2000.02.29 02:00,1,2000.03.10 02:00,1,2000.03.27 02:00,3,4w 0d,Asia,NA,,NA,,0.49650,BOUNCE,2000.03.10 02:00,1,2000.03.14 02:00,1,2000.03.17 02:00,0,,2,1w 0d,Asia,NA,,NA,,0.48780,BOUNCE,2000.02.21 02:00,1,2000.03.10 02:00,1,2000.03.10 02:00,0,,2,2w 4d,Asia,NA,,NA,,B-ZB-BO,S-ZE-BO,S-ZO-BR,S-ZD-BR,B-ZO-UN,S-ZB-BR,S-ZO-BR,S-ZD-BR,S-ZF-BR,B-ZB-UN,S-ZF-UN,B-ZH-BO,S-ZF-BO,S-ZD-UN,B-ZB-BR,S-ZG-UN,B-ZB-UN,B-ZH-BO,B-ZD-UN,S-ZG-BO
18,2000.02.24 00:00,NZDUSD,60,86400,SELL,ZF,0,0.49310,0.48690,620.0,0.49160,0.48400,760.0,122.581,24.19,470.0,146.3,0.49160,0.48690,0.47930,UNTOUCHED,,0,,0,,0,,0,NA,Other,NA,,NA,,0.49780,BREAK,2000.03.27 02:00,0,,0,,0,,0,NA,Asia,BREAK,2000.03.28 02:00,UNTOUCHED,,0.48220,BREAK,2000.03.01 02:00,0,,0,,0,,0,NA,Asia,UNTOUCHED,,NA,,0.49630,BOUNCE,2000.03.10 02:00,1,2000.03.20 15:00,1,2000.03.20 15:00,0,,2,1w 3d,Asia,NA,,NA,,B-ZD-BR,B-ZB-BO,S-ZE-BO,S-ZO-BR,S-ZD-BR,B-ZO-UN,S-ZB-BR,S-ZO-BR,S-ZD-BR,S-ZF-BR,B-ZH-BO,S-ZF-BO,S-ZD-UN,B-ZB-BR,S-ZG-UN,B-ZB-UN,B-ZH-BO,B-ZD-UN,S-ZG-BO,S-ZE-BR
19,2000.03.01 00:00,NZDUSD,60,86400,BUY,ZH,0,0.48810,0.48250,560.0,0.49050,0.48420,630.0,112.500,30.36,390.0,132.2,0.48810,0.48420,0.49440,BOUNCE,2000.03.09 02:00,1,2000.03.14 02:00,0,,0,,1,5d 0h,Asia,NA,,NA,,0.47860,UNTOUCHED,,0,,0,,0,,0,NA,Other,NA,,NA,,0.49200,BOUNCE,2000.03.01 02:00,1,2000.03.01 18:00,0,,0,,1,16h,Asia,NA,,NA,,0.48030,BOUNCE,2000.03.01 02:00,1,2000.03.01 21:00,1,2000.03.01 21:00,0,,2,19h,Asia,NA,,NA,,S-ZF-UN,B-ZD-BR,B-ZB-BO,S-ZE-BO,S-ZO-BR,S-ZD-BR,B-ZO-UN,S-ZB-BR,S-ZO-BR,S-ZD-BR,S-ZF-BO,S-ZD-UN,B-ZB-BR,S-ZG-UN,B-ZB-UN,B-ZH-BO,B-ZD-UN,S-ZG-BO,S-ZE-BR,S-ZO-BR
20,2000.03.15 00:00,NZDUSD,60,86400,SELL,ZF,1,0.49520,0.49080,440.0,0.49480,0.48620,860.0,195.455,9.09,400.0,103.8,0.49480,0.49080,0.48220,BOUNCE,2000.03.20 15:00,1,2000.03.21 02:00,1,2000.03.27 02:00,1,2000.03.27 02:00,3,6d 11h,NewYork,NA,,NA,,0.49920,BREAK,2000.03.27 02:00,0,,0,,0,,0,NA,Asia,BREAK,2000.03.28 02:00,UNTOUCHED,,0.48680,BREAK,2000.03.15 00:00,0,,0,,0,,0,NA,Asia,BOUNCE,2000.03.20 02:00,NA,,0.49880,BREAK,2000.03.27 02:00,0,,0,,0,,0,NA,Asia,BREAK,2000.03.28 02:00,UNTOUCHED,,B-ZH-BO,S-ZF-UN,B-ZD-BR,B-ZB-BO,S-ZE-BO,S-ZO-BR,S-ZD-BR,B-ZO-UN,S-ZB-BR,S-ZO-BR,S-ZD-UN,B-ZB-BR,S-ZG-UN,B-ZB-UN,B-ZH-BO,B-ZD-UN,S-ZG-BO,S-ZE-BR,S-ZO-BR,B-ZG-UN
21,2000.03.18 00:00,NZDUSD,60,86400,SELL,ZD,1,0.49150,0.48720,430.0,0.48950,0.48300,650.0,151.163,46.51,230.0,101.5,0.48950,0.48720,0.48070,UNTOUCHED,,0,,0,,0,,0,NA,Other,NA,,NA,,0.49380,BREAK,2000.03.27 02:00,0,,0,,0,,0,NA,Asia,BOUNCE,2000.03.27 04:00,NA,,0.48490,BREAK,2000.03.18 00:00,0,,0,,0,,0,NA,Asia,BOUNCE,2000.03.20 18:00,NA,,0.49180,BREAK,2000.03.27 02:00,0,,0,,0,,0,NA,Asia,BREAK,2000.03.27 04:00,BREAK,2000.03.27 08:00,S-ZF-BO,B-ZH-BO,S-ZF-UN,B-ZD-BR,B-ZB-BO,S-ZE-BO,S-ZO-BR,S-ZD-BR,B-ZO-UN,S-ZB-BR,B-ZB-BR,S-ZG-UN,B-ZB-UN,B-ZH-BO,B-ZD-UN,S-ZG-BO,S-ZE-BR,S-ZO-BR,B-ZG-UN,B-ZG-UN
22,2000.03.22 00:00,NZDUSD,60,86400,BUY,ZB,1,0.48830,0.48220,610.0,0.49130,0.48630,500.0,81.967,67.21,200.0,144.0,0.48830,0.48630,0.49330,BREAK,2000.03.27 02:00,0,,0,,0,,0,NA,Asia,BOUNCE,2000.03.27 04:00,NA,,0.48020,UNTOUCHED,,0,,0,,0,,0,NA,Other,NA,,NA,,0.49030,BOUNCE,2000.03.22 00:00,1,2000.04.28 01:00,0,,0,,1,5w 2d,Asia,NA,,NA,,0.48430,BOUNCE,2000.04.28 01:00,0,,0,,0,,0,NA,Asia,NA,,NA,,S-ZD-UN,S-ZF-BO,B-ZH-BO,S-ZF-UN,B-ZD-BR,B-ZB-BO,S-ZE-BO,S-ZO-BR,S-ZD-BR,B-ZO-UN,S-ZG-UN,B-ZB-UN,B-ZH-BO,B-ZD-UN,S-ZG-BO,S-ZE-BR,S-ZO-BR,B-ZG-UN,B-ZG-UN,S-ZE-BO
23,2000.03.23 00:00,NZDUSD,60,86400,SELL,ZG,0,0.49130,0.48630,500.0,0.49030,0.48590,440.0,88.000,20.00,400.0,118.0,0.49030,0.48630,0.48190,UNTOUCHED,,0,,0,,0,,0,NA,Other,NA,,NA,,0.49530,BREAK,2000.03.27 02:00,0,,0,,0,,0,NA,Asia,BREAK,2000.03.28 01:00,BREAK,2000.03.28 02:00,0.48230,UNTOUCHED,,0,,0,,0,,0,NA,Other,NA,,NA,,0.49430,BREAK,2000.03.27 02:00,0,,0,,0,,0,NA,Asia,BOUNCE,2000.03.27 19:00,NA,,B-ZB-BR,S-ZD-UN,S-ZF-BO,B-ZH-BO,S-ZF-UN,B-ZD-BR,B-ZB-BO,S-ZE-BO,S-ZO-BR,S-ZD-BR,B-ZB-UN,B-ZH-BO,B-ZD-UN,S-ZG-BO,S-ZE-BR,S-ZO-BR,B-ZG-UN,B-ZG-UN,S-ZE-BO,S-ZH-BR
24,2000.03.29 00:00,NZDUSD,60,86400,BUY,ZB,1,0.50170,0.48810,1360.0,0.50530,0.49670,860.0,63.235,63.24,500.0,321.0,0.50170,0.49670,0.51030,UNTOUCHED,,0,,0,,0,,0,NA,Other,NA,,NA,,0.48310,BOUNCE,2000.05.08 01:00,0,,0,,0,,0,NA,Asia,NA,,NA,,0.50670,UNTOUCHED,,0,,0,,0,,0,NA,Other,NA,,NA,,0.49170,BREAK,2000.04.26 01:00,0,,0,,0,,0,NA,Asia,BREAK,2000.04.28 14:00,BREAK,2000.05.09 01:00,S-ZG-UN,B-ZB-BR,S-ZD-UN,S-ZF-BO,B-ZH-BO,S-ZF-UN,B-ZD-BR,B-ZB-BO,S-ZE-BO,S-ZO-BR,B-ZH-BO,B-ZD-UN,S-ZG-BO,S-ZE-BR,S-ZO-BR,B-ZG-UN,B-ZG-UN,S-ZE-BO,S-ZH-BR,S-ZE-BR
25,2000.04.04 00:00,NZDUSD,60,86400,BUY,ZH,1,0.49680,0.49620,60.0,0.50170,0.49630,540.0,900.000,16.67,50.0,14.2,0.49680,0.49630,0.50220,BOUNCE,2000.04.04 01:00,1,2000.04.04 02:00,1,2000.04.07 01:00,1,2000.04.07 01:00,3,3d 0h,Asia,NA,,NA,,0.49570,BOUNCE,2000.04.07 01:00,1,2000.04.07 02:00,1,2000.04.07 02:00,0,,2,1h,Asia,NA,,NA,,0.49730,BREAK,2000.04.04 00:00,0,,0,,0,,0,NA,Asia,BREAK,2000.04.04 01:00,BREAK,2000.04.04 02:00,0.49580,BREAK,2000.04.07 01:00,0,,0,,0,,0,NA,Asia,BREAK,2000.04.17 01:00,BREAK,2000.04.17 15:00,B-ZB-UN,S-ZG-UN,B-ZB-BR,S-ZD-UN,S-ZF-BO,B-ZH-BO,S-ZF-UN,B-ZD-BR,B-ZB-BO,S-ZE-BO,B-ZD-UN,S-ZG-BO,S-ZE-BR,S-ZO-BR,B-ZG-UN,B-ZG-UN,S-ZE-BO,S-ZH-BR,S-ZE-BR,B-ZH-UN
26,2000.04.06 00:00,NZDUSD,60,86400,BUY,ZD,1,0.50250,0.49630,620.0,0.50500,0.49890,610.0,98.387,41.94,360.0,146.3,0.50250,0.49890,0.50860,UNTOUCHED,,0,,0,,0,,0,NA,Other,NA,,NA,,0.49270,BOUNCE,2000.04.17 01:00,1,2000.04.17 02:00,0,,0,,1,1h,Asia,NA,,NA,,0.50610,UNTOUCHED,,0,,0,,0,,0,NA,Other,NA,,NA,,0.49530,BREAK,2000.04.17 01:00,0,,0,,0,,0,NA,Asia,BREAK,2000.04.26 01:00,BREAK,2000.04.26 05:00,B-ZH-BO,B-ZB-UN,S-ZG-UN,B-ZB-BR,S-ZD-UN,S-ZF-BO,B-ZH-BO,S-ZF-UN,B-ZD-BR,B-ZB-BO,S-ZG-BO,S-ZE-BR,S-ZO-BR,B-ZG-UN,B-ZG-UN,S-ZE-BO,S-ZH-BR,S-ZE-BR,B-ZH-UN,B-ZO-UN
27,2000.04.07 00:00,NZDUSD,60,86400,SELL,ZG,0,0.50500,0.49890,610.0,0.50360,0.49710,650.0,106.557,22.95,470.0,144.0,0.50360,0.49890,0.49240,BOUNCE,2000.04.18 01:00,0,,0,,0,,0,NA,Asia,NA,,NA,,0.50970,UNTOUCHED,,0,,0,,0,,0,NA,Other,NA,,NA,,0.49420,BREAK,2000.04.17 01:00,0,,0,,0,,0,NA,Asia,BREAK,2000.04.26 01:00,BOUNCE,2000.04.28 01:00,0.50830,UNTOUCHED,,0,,0,,0,,0,NA,Other,NA,,NA,,B-ZD-UN,B-ZH-BO,B-ZB-UN,S-ZG-UN,B-ZB-BR,S-ZD-UN,S-ZF-BO,B-ZH-BO,S-ZF-UN,B-ZD-BR,S-ZE-BR,S-ZO-BR,B-ZG-UN,B-ZG-UN,S-ZE-BO,S-ZH-BR,S-ZE-BR,B-ZH-UN,B-ZO-UN,S-ZE-BR
28,2000.04.10 01:00,NZDUSD,60,86400,SELL,ZE,1,0.50360,0.49710,650.0,0.50110,0.49550,560.0,86.154,38.46,400.0,153.4,0.50110,0.49710,0.49150,BREAK,2000.04.26 01:00,0,,0,,0,,0,NA,Asia,BREAK,2000.04.26 19:00,BOUNCE,2000.04.28 01:00,0.50760,UNTOUCHED,,0,,0,,0,,0,NA,Other,NA,,NA,,0.49310,BOUNCE,2000.04.17 01:00,0,,0,,0,,0,NA,Asia,NA,,NA,,0.50510,UNTOUCHED,,0,,0,,0,,0,NA,Other,NA,,NA,,S-ZG-BO,B-ZD-UN,B-ZH-BO,B-ZB-UN,S-ZG-UN,B-ZB-BR,S-ZD-UN,S-ZF-BO,B-ZH-BO,S-ZF-UN,S-ZO-BR,B-ZG-UN,B-ZG-UN,S-ZE-BO,S-ZH-BR,S-ZE-BR,B-ZH-UN,B-ZO-UN,S-ZE-BR,B-ZO-BR
29,2000.04.11 00:00,NZDUSD,60,86400,SELL,ZO,0,0.50110,0.49550,560.0,0.49980,0.49540,440.0,78.571,23.21,430.0,132.2,0.49980,0.49550,0.49110,BREAK,2000.04.26 01:00,0,,0,,0,,0,NA,Asia,BREAK,2000.04.27 01:00,BOUNCE,2000.05.08 01:00,0.50540,UNTOUCHED,,0,,0,,0,,0,NA,Other,NA,,NA,,0.49120,BREAK,2000.04.26 01:00,0,,0,,0,,0,NA,Asia,BREAK,2000.04.27 01:00,BOUNCE,2000.05.08 01:00,0.50410,UNTOUCHED,,0,,0,,0,,0,NA,Other,NA,,NA,,S-ZE-BR,S-ZG-BO,B-ZD-UN,B-ZH-BO,B-ZB-UN,S-ZG-UN,B-ZB-BR,S-ZD-UN,S-ZF-BO,B-ZH-BO,B-ZG-UN,B-ZG-UN,S-ZE-BO,S-ZH-BR,S-ZE-BR,B-ZH-UN,B-ZO-UN,S-ZE-BR,B-ZO-BR,S-ZH-BR
30,2000.04.12 00:00,NZDUSD,60,86400,BUY,ZG,0,0.49980,0.49540,440.0,0.50090,0.49600,490.0,111.364,13.64,380.0,103.8,0.49980,0.49600,0.50470,UNTOUCHED,,0,,0,,0,,0,NA,Other,NA,,NA,,0.49160,BREAK,2000.04.26 01:00,0,,0,,0,,0,NA,Asia,BREAK,2000.04.26 05:00,BOUNCE,2000.04.28 01:00,0.50360,UNTOUCHED,,0,,0,,0,,0,NA,Other,NA,,NA,,0.49220,BOUNCE,2000.04.18 10:00,0,,0,,0,,0,NA,London,NA,,NA,,S-ZO-BR,S-ZE-BR,S-ZG-BO,B-ZD-UN,B-ZH-BO,B-ZB-UN,S-ZG-UN,B-ZB-BR,S-ZD-UN,S-ZF-BO,B-ZG-UN,S-ZE-BO,S-ZH-BR,S-ZE-BR,B-ZH-UN,B-ZO-UN,S-ZE-BR,B-ZO-BR,S-ZH-BR,B-ZE-UN
31,2000.04.14 00:00,NZDUSD,60,86400,BUY,ZG,0,0.49940,0.49600,340.0,0.50110,0.49700,410.0,120.588,29.41,240.0,80.2,0.49940,0.49700,0.50350,UNTOUCHED,,0,,0,,0,,0,NA,Other,NA,,NA,,0.49360,BREAK,2000.04.17 01:00,0,,0,,0,,0,NA,Asia,BREAK,2000.04.26 01:00,BREAK,2000.04.26 04:00,0.50180,UNTOUCHED,,0,,0,,0,,0,NA,Other,NA,,NA,,0.49460,BREAK,2000.04.17 01:00,0,,0,,0,,0,NA,Asia,BOUNCE,2000.04.18 12:00,NA,,B-ZG-UN,S-ZO-BR,S-ZE-BR,S-ZG-BO,B-ZD-UN,B-ZH-BO,B-ZB-UN,S-ZG-UN,B-ZB-BR,S-ZD-UN,S-ZE-BO,S-ZH-BR,S-ZE-BR,B-ZH-UN,B-ZO-UN,S-ZE-BR,B-ZO-BR,S-ZH-BR,B-ZE-UN,S-ZE-BR
32,2000.04.19 00:00,NZDUSD,60,86400,SELL,ZE,1,0.50150,0.49250,900.0,0.49710,0.49200,510.0,56.667,48.89,460.0,212.4,0.49710,0.49250,0.48740,BOUNCE,2000.04.26 01:00,0,,0,,0,,0,NA,Asia,NA,,NA,,0.50610,UNTOUCHED,,0,,0,,0,,0,NA,Other,NA,,NA,,0.48790,BOUNCE,2000.04.26 01:00,0,,0,,0,,0,NA,Asia,NA,,NA,,0.50170,UNTOUCHED,,0,,0,,0,,0,NA,Other,NA,,NA,,B-ZG-UN,B-ZG-UN,S-ZO-BR,S-ZE-BR,S-ZG-BO,B-ZD-UN,B-ZH-BO,B-ZB-UN,S-ZG-UN,B-ZB-BR,S-ZH-BR,S-ZE-BR,B-ZH-UN,B-ZO-UN,S-ZE-BR,B-ZO-BR,S-ZH-BR,B-ZE-UN,S-ZE-BR,B-ZE-BR
33,2000.04.21 01:00,NZDUSD,60,86400,SELL,ZH,0,0.49980,0.49420,560.0,0.49880,0.49300,580.0,103.571,17.86,460.0,132.2,0.49880,0.49420,0.48840,BREAK,2000.04.26 01:00,0,,0,,0,,0,NA,Asia,BOUNCE,2000.04.28 01:00,NA,,0.50440,UNTOUCHED,,0,,0,,0,,0,NA,Other,NA,,NA,,0.48960,BREAK,2000.04.26 01:00,0,,0,,0,,0,NA,Asia,BREAK,2000.04.28 01:00,BREAK,2000.05.09 01:00,0.50340,UNTOUCHED,,0,,0,,0,,0,NA,Other,NA,,NA,,S-ZE-BO,B-ZG-UN,B-ZG-UN,S-ZO-BR,S-ZE-BR,S-ZG-BO,B-ZD-UN,B-ZH-BO,B-ZB-UN,S-ZG-UN,S-ZE-BR,B-ZH-UN,B-ZO-UN,S-ZE-BR,B-ZO-BR,S-ZH-BR,B-ZE-UN,S-ZE-BR,B-ZE-BR,B-ZO-BR
34,2000.04.24 01:00,NZDUSD,60,86400,SELL,ZE,1,0.49880,0.49300,580.0,0.49500,0.49280,220.0,37.931,65.52,200.0,136.9,0.49500,0.49300,0.49080,BREAK,2000.04.26 01:00,0,,0,,0,,0,NA,Asia,BREAK,2000.04.26 05:00,BREAK,2000.04.27 01:00,0.50080,UNTOUCHED,,0,,0,,0,,0,NA,Other,NA,,NA,,0.49100,BREAK,2000.04.26 01:00,0,,0,,0,,0,NA,Asia,BREAK,2000.04.26 05:00,BREAK,2000.04.27 01:00,0.49700,BOUNCE,2000.04.25 01:00,1,2000.04.26 01:00,1,2000.04.26 01:00,0,,2,1d 0h,Asia,NA,,NA,,S-ZH-BR,S-ZE-BO,B-ZG-UN,B-ZG-UN,S-ZO-BR,S-ZE-BR,S-ZG-BO,B-ZD-UN,B-ZH-BO,B-ZB-UN,B-ZH-UN,B-ZO-UN,S-ZE-BR,B-ZO-BR,S-ZH-BR,B-ZE-UN,S-ZE-BR,B-ZE-BR,B-ZO-BR,S-ZB-UN
35,2000.04.25 00:00,NZDUSD,60,86400,BUY,ZH,0,0.49500,0.49280,220.0,0.49570,0.49290,280.0,127.273,4.55,210.0,51.9,0.49500,0.49290,0.49780,UNTOUCHED,,0,,0,,0,,0,NA,Other,NA,,NA,,0.49070,BREAK,2000.04.26 01:00,0,,0,,0,,0,NA,Asia,BREAK,2000.04.26 04:00,BREAK,2000.04.26 19:00,0.49710,BREAK,2000.04.25 01:00,0,,0,,0,,0,NA,Asia,UNTOUCHED,,NA,,0.49080,BREAK,2000.04.26 01:00,0,,0,,0,,0,NA,Asia,BREAK,2000.04.26 04:00,BOUNCE,2000.04.26 05:00,S-ZE-BR,S-ZH-BR,S-ZE-BO,B-ZG-UN,B-ZG-UN,S-ZO-BR,S-ZE-BR,S-ZG-BO,B-ZD-UN,B-ZH-BO,B-ZO-UN,S-ZE-BR,B-ZO-BR,S-ZH-BR,B-ZE-UN,S-ZE-BR,B-ZE-BR,B-ZO-BR,S-ZB-UN,B-ZE-BR
36,2000.04.26 00:00,NZDUSD,60,86400,BUY,ZO,1,0.49570,0.49290,280.0,0.49770,0.49360,410.0,146.429,25.00,210.0,66.1,0.49570,0.49360,0.49980,UNTOUCHED,,0,,0,,0,,0,NA,Other,NA,,NA,,0.49080,BREAK,2000.04.26 01:00,0,,0,,0,,0,NA,Asia,BREAK,2000.04.26 04:00,BOUNCE,2000.04.26 05:00,0.49780,UNTOUCHED,,0,,0,,0,,0,NA,Other,NA,,NA,,0.49150,BREAK,2000.04.26 01:00,0,,0,,0,,0,NA,Asia,BREAK,2000.04.26 04:00,BREAK,2000.04.26 05:00,B-ZH-UN,S-ZE-BR,S-ZH-BR,S-ZE-BO,B-ZG-UN,B-ZG-UN,S-ZO-BR,S-ZE-BR,S-ZG-BO,B-ZD-UN,S-ZE-BR,B-ZO-BR,S-ZH-BR,B-ZE-UN,S-ZE-BR,B-ZE-BR,B-ZO-BR,S-ZB-UN,B-ZE-BR,S-ZG-UN
37,2000.04.28 00:00,NZDUSD,60,86400,SELL,ZE,1,0.49490,0.48580,910.0,0.48890,0.48470,420.0,46.154,65.93,310.0,214.8,0.48890,0.48580,0.48160,BREAK,2000.05.09 00:00,0,,0,,0,,0,NA,Asia,BREAK,2000.05.09 15:00,BREAK,2000.05.11 01:00,0.49800,UNTOUCHED,,0,,0,,0,,0,NA,Other,NA,,NA,,0.48270,BOUNCE,2000.05.08 01:00,1,2000.05.08 02:00,0,,0,,1,1h,Asia,NA,,NA,,0.49200,BOUNCE,2000.05.03 01:00,1,2000.05.08 01:00,1,2000.05.08 01:00,0,,2,5d 0h,Asia,NA,,NA,,B-ZO-UN,B-ZH-UN,S-ZE-BR,S-ZH-BR,S-ZE-BO,B-ZG-UN,B-ZG-UN,S-ZO-BR,S-ZE-BR,S-ZG-BO,B-ZO-BR,S-ZH-BR,B-ZE-UN,S-ZE-BR,B-ZE-BR,B-ZO-BR,S-ZB-UN,B-ZE-BR,S-ZG-UN,S-ZO-UN
38,2000.05.03 00:00,NZDUSD,60,86400,BUY,ZO,0,0.48740,0.48320,420.0,0.48790,0.48400,390.0,92.857,19.05,340.0,99.1,0.48740,0.48400,0.49130,BREAK,2000.05.03 01:00,0,,0,,0,,0,NA,Asia,UNTOUCHED,,NA,,0.47980,BREAK,2000.05.09 00:00,0,,0,,0,,0,NA,Asia,BOUNCE,2000.05.09 14:00,NA,,0.49080,BREAK,2000.05.03 01:00,0,,0,,0,,0,NA,Asia,UNTOUCHED,,NA,,0.48060,BREAK,2000.05.09 00:00,0,,0,,0,,0,NA,Asia,BREAK,2000.05.09 01:00,BREAK,2000.05.11 01:00,S-ZE-BR,B-ZO-UN,B-ZH-UN,S-ZE-BR,S-ZH-BR,S-ZE-BO,B-ZG-UN,B-ZG-UN,S-ZO-BR,S-ZE-BR,S-ZH-BR,B-ZE-UN,S-ZE-BR,B-ZE-BR,B-ZO-BR,S-ZB-UN,B-ZE-BR,S-ZG-UN,S-ZO-UN,B-ZH-BR
39,2000.05.09 00:00,NZDUSD,60,86400,SELL,ZH,1,0.49240,0.48890,350.0,0.49230,0.48230,1000.0,285.714,2.86,340.0,82.6,0.49230,0.48890,0.47890,BREAK,2000.05.09 01:00,0,,0,,0,,0,NA,Asia,BREAK,2000.05.11 01:00,BREAK,2000.05.15 01:00,0.49580,UNTOUCHED,,0,,0,,0,,0,NA,Other,NA,,NA,,0.48550,BREAK,2000.05.09 00:00,0,,0,,0,,0,NA,Asia,BREAK,2000.05.09 01:00,BREAK,2000.05.09 14:00,0.49570,UNTOUCHED,,0,,0,,0,,0,NA,Other,NA,,NA,,B-ZO-BR,S-ZE-BR,B-ZO-UN,B-ZH-UN,S-ZE-BR,S-ZH-BR,S-ZE-BO,B-ZG-UN,B-ZG-UN,S-ZO-BR,B-ZE-UN,S-ZE-BR,B-ZE-BR,B-ZO-BR,S-ZB-UN,B-ZE-BR,S-ZG-UN,S-ZO-UN,B-ZH-BR,B-ZE-BO
40,2000.05.15 01:00,NZDUSD,60,86400,BUY,ZE,1,0.47980,0.47230,750.0,0.48020,0.47560,460.0,61.333,44.00,420.0,177.0,0.47980,0.47560,0.48440,UNTOUCHED,,0,,0,,0,,0,NA,Other,NA,,NA,,0.46810,BREAK,2000.05.17 01:00,0,,0,,0,,0,NA,Asia,BREAK,2000.05.17 14:00,BREAK,2000.05.18 01:00,0.48400,UNTOUCHED,,0,,0,,0,,0,NA,Other,NA,,NA,,0.47140,BOUNCE,2000.05.15 01:00,0,,0,,0,,0,NA,Asia,NA,,NA,,S-ZH-BR,B-ZO-BR,S-ZE-BR,B-ZO-UN,B-ZH-UN,S-ZE-BR,S-ZH-BR,S-ZE-BO,B-ZG-UN,B-ZG-UN,S-ZE-BR,B-ZE-BR,B-ZO-BR,S-ZB-UN,B-ZE-BR,S-ZG-UN,S-ZO-UN,B-ZH-BR,B-ZE-BO,B-ZO-UN
41,2000.05.17 00:00,NZDUSD,60,86400,SELL,ZE,1,0.48070,0.47040,1030.0,0.47670,0.46990,680.0,66.019,38.83,630.0,243.1,0.47670,0.47040,0.46360,BREAK,2000.05.17 01:00,0,,0,,0,,0,NA,Asia,BREAK,2000.05.18 01:00,BREAK,2000.05.18 14:00,0.48700,UNTOUCHED,,0,,0,,0,,0,NA,Other,NA,,NA,,0.46410,BREAK,2000.05.17 01:00,0,,0,,0,,0,NA,Asia,BREAK,2000.05.18 01:00,BREAK,2000.05.18 14:00,0.48300,UNTOUCHED,,0,,0,,0,,0,NA,Other,NA,,NA,,B-ZE-UN,S-ZH-BR,B-ZO-BR,S-ZE-BR,B-ZO-UN,B-ZH-UN,S-ZE-BR,S-ZH-BR,S-ZE-BO,B-ZG-UN,B-ZE-BR,B-ZO-BR,S-ZB-UN,B-ZE-BR,S-ZG-UN,S-ZO-UN,B-ZH-BR,B-ZE-BO,B-ZO-UN,B-ZE-UN
42,2000.05.23 00:00,NZDUSD,60,86400,BUY,ZE,1,0.45790,0.44890,900.0,0.46090,0.45410,680.0,75.556,57.78,380.0,212.4,0.45790,0.45410,0.46470,BREAK,2000.06.02 01:00,0,,0,,0,,0,NA,Asia,BREAK,2000.06.05 01:00,BREAK,2000.06.06 01:00,0.44510,UNTOUCHED,,0,,0,,0,,0,NA,Other,NA,,NA,,0.46170,BOUNCE,2000.05.23 01:00,1,2000.05.24 01:00,0,,0,,1,1d 0h,Asia,NA,,NA,,0.45030,BOUNCE,2000.05.24 01:00,1,2000.05.30 01:00,1,2000.05.30 01:00,0,,2,6d 0h,Asia,NA,,NA,,S-ZE-BR,B-ZE-UN,S-ZH-BR,B-ZO-BR,S-ZE-BR,B-ZO-UN,B-ZH-UN,S-ZE-BR,S-ZH-BR,S-ZE-BO,B-ZO-BR,S-ZB-UN,B-ZE-BR,S-ZG-UN,S-ZO-UN,B-ZH-BR,B-ZE-BO,B-ZO-UN,B-ZE-UN,B-ZH-BR
43,2000.05.24 00:00,NZDUSD,60,86400,BUY,ZO,0,0.46090,0.45410,680.0,0.46330,0.45570,760.0,111.765,23.53,520.0,160.5,0.46090,0.45570,0.46850,BREAK,2000.06.05 01:00,0,,0,,0,,0,NA,Asia,BOUNCE,2000.06.06 01:00,NA,,0.44890,UNTOUCHED,,0,,0,,0,,0,NA,Other,NA,,NA,,0.46610,BREAK,2000.06.02 01:00,0,,0,,0,,0,NA,Asia,BOUNCE,2000.06.05 01:00,NA,,0.45050,BOUNCE,2000.05.24 01:00,1,2000.06.02 01:00,1,2000.06.02 01:00,0,,2,1w 2d,Asia,NA,,NA,,B-ZE-BR,S-ZE-BR,B-ZE-UN,S-ZH-BR,B-ZO-BR,S-ZE-BR,B-ZO-UN,B-ZH-UN,S-ZE-BR,S-ZH-BR,S-ZB-UN,B-ZE-BR,S-ZG-UN,S-ZO-UN,B-ZH-BR,B-ZE-BO,B-ZO-UN,B-ZE-UN,B-ZH-BR,B-ZH-UN
44,2000.05.25 00:00,NZDUSD,60,86400,SELL,ZB,1,0.46330,0.45570,760.0,0.45980,0.45020,960.0,126.316,46.05,410.0,179.4,0.45980,0.45570,0.44610,UNTOUCHED,,0,,0,,0,,0,NA,Other,NA,,NA,,0.46740,BOUNCE,2000.06.02 01:00,1,2000.06.02 02:00,0,,0,,1,1h,Asia,NA,,NA,,0.45160,UNTOUCHED,,0,,0,,0,,0,NA,Other,NA,,NA,,0.46390,BREAK,2000.06.02 01:00,0,,0,,0,,0,NA,Asia,BOUNCE,2000.06.02 22:00,NA,,B-ZO-BR,B-ZE-BR,S-ZE-BR,B-ZE-UN,S-ZH-BR,B-ZO-BR,S-ZE-BR,B-ZO-UN,B-ZH-UN,S-ZE-BR,B-ZE-BR,S-ZG-UN,S-ZO-UN,B-ZH-BR,B-ZE-BO,B-ZO-UN,B-ZE-UN,B-ZH-BR,B-ZH-UN,S-ZO-BR
45,2000.05.30 00:00,NZDUSD,60,86400,BUY,ZE,1,0.46000,0.45220,780.0,0.46110,0.45640,470.0,60.256,53.85,360.0,184.1,0.46000,0.45640,0.46470,BREAK,2000.06.02 01:00,0,,0,,0,,0,NA,Asia,BREAK,2000.06.05 01:00,BOUNCE,2000.06.05 16:00,0.44860,UNTOUCHED,,0,,0,,0,,0,NA,Other,NA,,NA,,0.46360,BREAK,2000.06.02 01:00,0,,0,,0,,0,NA,Asia,BOUNCE,2000.06.02 16:00,NA,,0.45280,UNTOUCHED,,0,,0,,0,,0,NA,Other,NA,,NA,,S-ZB-UN,B-ZO-BR,B-ZE-BR,S-ZE-BR,B-ZE-UN,S-ZH-BR,B-ZO-BR,S-ZE-BR,B-ZO-UN,B-ZH-UN,S-ZG-UN,S-ZO-UN,B-ZH-BR,B-ZE-BO,B-ZO-UN,B-ZE-UN,B-ZH-BR,B-ZH-UN,S-ZO-BR,S-ZE-BO
46,2000.06.01 00:00,NZDUSD,60,86400,SELL,ZG,0,0.46230,0.45630,600.0,0.46070,0.45620,450.0,75.000,26.67,440.0,141.6,0.46070,0.45630,0.45180,UNTOUCHED,,0,,0,,0,,0,NA,Other,NA,,NA,,0.46670,BOUNCE,2000.06.02 01:00,1,2000.06.02 02:00,0,,0,,1,1h,Asia,NA,,NA,,0.45190,UNTOUCHED,,0,,0,,0,,0,NA,Other,NA,,NA,,0.46510,BREAK,2000.06.02 01:00,0,,0,,0,,0,NA,Asia,BREAK,2000.06.05 01:00,BOUNCE,2000.06.06 01:00,B-ZE-BR,S-ZB-UN,B-ZO-BR,B-ZE-BR,S-ZE-BR,B-ZE-UN,S-ZH-BR,B-ZO-BR,S-ZE-BR,B-ZO-UN,S-ZO-UN,B-ZH-BR,B-ZE-BO,B-ZO-UN,B-ZE-UN,B-ZH-BR,B-ZH-UN,S-ZO-BR,S-ZE-BO,B-ZE-UN
47,2000.06.02 00:00,NZDUSD,60,86400,SELL,ZO,0,0.46070,0.45620,450.0,0.46000,0.45470,530.0,117.778,15.56,380.0,106.2,0.46000,0.45620,0.45090,UNTOUCHED,,0,,0,,0,,0,NA,Other,NA,,NA,,0.46450,BREAK,2000.06.02 01:00,0,,0,,0,,0,NA,Asia,BREAK,2000.06.05 01:00,BOUNCE,2000.06.05 16:00,0.45240,UNTOUCHED,,0,,0,,0,,0,NA,Other,NA,,NA,,0.46380,BREAK,2000.06.02 01:00,0,,0,,0,,0,NA,Asia,BOUNCE,2000.06.02 16:00,NA,,S-ZG-UN,B-ZE-BR,S-ZB-UN,B-ZO-BR,B-ZE-BR,S-ZE-BR,B-ZE-UN,S-ZH-BR,B-ZO-BR,S-ZE-BR,B-ZH-BR,B-ZE-BO,B-ZO-UN,B-ZE-UN,B-ZH-BR,B-ZH-UN,S-ZO-BR,S-ZE-BO,B-ZE-UN,S-ZF-BO
48,2000.06.05 01:00,NZDUSD,60,86400,BUY,ZH,1,0.46000,0.45470,530.0,0.46830,0.45540,1290.0,243.396,13.21,460.0,125.1,0.46000,0.45540,0.47290,BREAK,2000.06.06 01:00,0,,0,,0,,0,NA,Asia,BOUNCE,2000.06.07 01:00,NA,,0.45010,UNTOUCHED,,0,,0,,0,,0,NA,Other,NA,,NA,,0.46460,BREAK,2000.06.05 01:00,0,,0,,0,,0,NA,Asia,BREAK,2000.06.05 10:00,BREAK,2000.06.06 01:00,0.45080,UNTOUCHED,,0,,0,,0,,0,NA,Other,NA,,NA,,S-ZO-UN,S-ZG-UN,B-ZE-BR,S-ZB-UN,B-ZO-BR,B-ZE-BR,S-ZE-BR,B-ZE-UN,S-ZH-BR,B-ZO-BR,B-ZE-BO,B-ZO-UN,B-ZE-UN,B-ZH-BR,B-ZH-UN,S-ZO-BR,S-ZE-BO,B-ZE-UN,S-ZF-BO,B-ZE-BO
49,2000.06.06 00:00,NZDUSD,60,86400,BUY,ZE,1,0.46830,0.45540,1290.0,0.47260,0.46420,840.0,65.116,68.22,410.0,304.4,0.46830,0.46420,0.47670,BOUNCE,2000.06.07 01:00,1,2000.06.08 01:00,1,2000.07.05 01:00,0,,2,4w 0d,Asia,NA,,NA,,0.45130,UNTOUCHED,,0,,0,,0,,0,NA,Other,NA,,NA,,0.47240,BOUNCE,2000.06.06 01:00,1,2000.07.05 01:00,0,,0,,1,4w 1d,Asia,NA,,NA,,0.46010,BOUNCE,2000.07.05 01:00,0,,0,,0,,0,NA,Asia,NA,,NA,,B-ZH-BR,S-ZO-UN,S-ZG-UN,B-ZE-BR,S-ZB-UN,B-ZO-BR,B-ZE-BR,S-ZE-BR,B-ZE-UN,S-ZH-BR,B-ZO-UN,B-ZE-UN,B-ZH-BR,B-ZH-UN,S-ZO-BR,S-ZE-BO,B-ZE-UN,S-ZF-BO,B-ZE-BO,B-ZE-UN
50,2000.06.07 00:00,NZDUSD,60,86400,BUY,ZO,0,0.47260,0.46420,840.0,0.47530,0.46580,950.0,113.095,19.05,680.0,198.2,0.47260,0.46580,0.48210,UNTOUCHED,,0,,0,,0,,0,NA,Other,NA,,NA,,0.45740,PENDING,2000.07.18 01:00,0,,0,,0,,0,NA,Asia,NA,,NA,,0.47940,BOUNCE,2000.06.16 01:00,1,2000.07.07 01:00,1,2000.07.18 01:00,0,,2,4w 4d,Asia,NA,,NA,,0.45900,BREAK,2000.07.07 01:00,0,,0,,0,,0,NA,Asia,BREAK,2000.08.02 01:00,BREAK,2000.08.22 01:00,B-ZE-BO,B-ZH-BR,S-ZO-UN,S-ZG-UN,B-ZE-BR,S-ZB-UN,B-ZO-BR,B-ZE-BR,S-ZE-BR,B-ZE-UN,B-ZE-UN,B-ZH-BR,B-ZH-UN,S-ZO-BR,S-ZE-BO,B-ZE-UN,S-ZF-BO,B-ZE-BO,B-ZE-UN,S-ZD-BR
51,2000.06.08 00:00,NZDUSD,60,86400,BUY,ZE,1,0.47530,0.46580,950.0,0.47770,0.47020,750.0,78.947,46.32,510.0,224.2,0.47530,0.47020,0.48280,UNTOUCHED,,0,,0,,0,,0,NA,Other,NA,,NA,,0.46070,BREAK,2000.07.05 01:00,0,,0,,0,,0,NA,Asia,BOUNCE,2000.07.20 01:00,NA,,0.48040,UNTOUCHED,,0,,0,,0,,0,NA,Other,NA,,NA,,0.46510,BOUNCE,2000.06.28 01:00,0,,0,,0,,0,NA,Asia,NA,,NA,,B-ZO-UN,B-ZE-BO,B-ZH-BR,S-ZO-UN,S-ZG-UN,B-ZE-BR,S-ZB-UN,B-ZO-BR,B-ZE-BR,S-ZE-BR,B-ZH-BR,B-ZH-UN,S-ZO-BR,S-ZE-BO,B-ZE-UN,S-ZF-BO,B-ZE-BO,B-ZE-UN,S-ZD-BR,S-ZO-BR
52,2000.06.14 00:00,NZDUSD,60,86400,BUY,ZH,0,0.47200,0.46650,550.0,0.47370,0.46850,520.0,94.545,36.36,350.0,129.8,0.47200,0.46850,0.47720,BREAK,2000.06.16 01:00,0,,0,,0,,0,NA,Asia,UNTOUCHED,,NA,,0.46300,BREAK,2000.07.04 16:00,0,,0,,0,,0,NA,NewYork,BREAK,2000.07.07 01:00,BREAK,2000.07.19 01:00,0.47550,BOUNCE,2000.06.14 01:00,1,2000.06.28 01:00,1,2000.07.04 16:00,0,,2,2w 6d,Asia,NA,,NA,,0.46500,BOUNCE,2000.06.28 01:00,0,,0,,0,,0,NA,Asia,NA,,NA,,B-ZE-UN,B-ZO-UN,B-ZE-BO,B-ZH-BR,S-ZO-UN,S-ZG-UN,B-ZE-BR,S-ZB-UN,B-ZO-BR,B-ZE-BR,B-ZH-UN,S-ZO-BR,S-ZE-BO,B-ZE-UN,S-ZF-BO,B-ZE-BO,B-ZE-UN,S-ZD-BR,S-ZO-BR,B-ZH-UN
53,2000.06.19 01:00,NZDUSD,60,86400,BUY,ZH,1,0.47490,0.46770,720.0,0.47960,0.46800,1160.0,161.111,4.17,690.0,169.9,0.47490,0.46800,0.48650,UNTOUCHED,,0,,0,,0,,0,NA,Other,NA,,NA,,0.46080,BREAK,2000.07.05 01:00,0,,0,,0,,0,NA,Asia,BREAK,2000.08.02 01:00,BREAK,2000.08.22 01:00,0.48180,UNTOUCHED,,0,,0,,0,,0,NA,Other,NA,,NA,,0.46110,BREAK,2000.07.05 01:00,0,,0,,0,,0,NA,Asia,BOUNCE,2000.07.20 01:00,NA,,B-ZH-BR,B-ZE-UN,B-ZO-UN,B-ZE-BO,B-ZH-BR,S-ZO-UN,S-ZG-UN,B-ZE-BR,S-ZB-UN,B-ZO-BR,S-ZO-BR,S-ZE-BO,B-ZE-UN,S-ZF-BO,B-ZE-BO,B-ZE-UN,S-ZD-BR,S-ZO-BR,B-ZH-UN,S-ZH-BO
54,2000.06.22 00:00,NZDUSD,60,86400,SELL,ZO,0,0.47770,0.47280,490.0,0.47640,0.47260,380.0,77.551,26.53,360.0,115.6,0.47640,0.47280,0.46900,BREAK,2000.06.23 01:00,0,,0,,0,,0,NA,Asia,BOUNCE,2000.06.28 01:00,NA,,0.48130,UNTOUCHED,,0,,0,,0,,0,NA,Other,NA,,NA,,0.46920,BREAK,2000.06.23 01:00,0,,0,,0,,0,NA,Asia,BOUNCE,2000.06.28 01:00,NA,,0.48000,UNTOUCHED,,0,,0,,0,,0,NA,Other,NA,,NA,,B-ZH-UN,B-ZH-BR,B-ZE-UN,B-ZO-UN,B-ZE-BO,B-ZH-BR,S-ZO-UN,S-ZG-UN,B-ZE-BR,S-ZB-UN,S-ZE-BO,B-ZE-UN,S-ZF-BO,B-ZE-BO,B-ZE-UN,S-ZD-BR,S-ZO-BR,B-ZH-UN,S-ZH-BO,S-ZH-BR
55,2000.06.26 01:00,NZDUSD,60,86400,SELL,ZE,1,0.47560,0.46970,590.0,0.47190,0.46890,300.0,50.847,62.71,220.0,139.2,0.47190,0.46970,0.46670,BOUNCE,2000.06.26 06:00,1,2000.06.26 20:00,1,2000.06.27 19:00,0,,2,1d 13h,Asia,NA,,NA,,0.47780,UNTOUCHED,,0,,0,,0,,0,NA,Other,NA,,NA,,0.46750,BOUNCE,2000.06.26 01:00,1,2000.06.27 19:00,0,,0,,1,1d 18h,Asia,NA,,NA,,0.47410,BOUNCE,2000.06.27 19:00,1,2000.06.28 01:00,1,2000.06.28 01:00,0,,2,6h,NewYork,NA,,NA,,S-ZO-BR,B-ZH-UN,B-ZH-BR,B-ZE-UN,B-ZO-UN,B-ZE-BO,B-ZH-BR,S-ZO-UN,S-ZG-UN,B-ZE-BR,B-ZE-UN,S-ZF-BO,B-ZE-BO,B-ZE-UN,S-ZD-BR,S-ZO-BR,B-ZH-UN,S-ZH-BO,S-ZH-BR,S-ZE-BO
56,2000.06.28 00:00,NZDUSD,60,86400,BUY,ZE,1,0.47190,0.46660,530.0,0.47410,0.46880,530.0,100.000,41.51,310.0,125.1,0.47190,0.46880,0.47720,UNTOUCHED,,0,,0,,0,,0,NA,Other,NA,,NA,,0.46350,BOUNCE,2000.07.04 01:00,0,,0,,0,,0,NA,Asia,NA,,NA,,0.47500,UNTOUCHED,,0,,0,,0,,0,NA,Other,NA,,NA,,0.46570,BOUNCE,2000.06.28 01:00,0,,0,,0,,0,NA,Asia,NA,,NA,,S-ZE-BO,S-ZO-BR,B-ZH-UN,B-ZH-BR,B-ZE-UN,B-ZO-UN,B-ZE-BO,B-ZH-BR,S-ZO-UN,S-ZG-UN,S-ZF-BO,B-ZE-BO,B-ZE-UN,S-ZD-BR,S-ZO-BR,B-ZH-UN,S-ZH-BO,S-ZH-BR,S-ZE-BO,S-ZD-BR
57,2000.07.06 00:00,NZDUSD,60,86400,SELL,ZF,0,0.46750,0.46280,470.0,0.46600,0.46000,600.0,127.660,31.91,320.0,110.9,0.46600,0.46280,0.45680,BOUNCE,2000.07.18 01:00,1,2000.07.20 01:00,0,,0,,1,2d 0h,Asia,NA,,NA,,0.47070,UNTOUCHED,,0,,0,,0,,0,NA,Other,NA,,NA,,0.45960,BREAK,2000.07.07 01:00,0,,0,,0,,0,NA,Asia,BREAK,2000.07.19 01:00,BOUNCE,2000.08.01 01:00,0.46920,UNTOUCHED,,0,,0,,0,,0,NA,Other,NA,,NA,,B-ZE-UN,S-ZE-BO,S-ZO-BR,B-ZH-UN,B-ZH-BR,B-ZE-UN,B-ZO-UN,B-ZE-BO,B-ZH-BR,S-ZO-UN,B-ZE-BO,B-ZE-UN,S-ZD-BR,S-ZO-BR,B-ZH-UN,S-ZH-BO,S-ZH-BR,S-ZE-BO,S-ZD-BR,S-ZO-BO
58,2000.07.11 00:00,NZDUSD,60,86400,BUY,ZE,1,0.46180,0.45780,400.0,0.46410,0.46050,360.0,90.000,67.50,130.0,94.4,0.46180,0.46050,0.46540,BOUNCE,2000.07.21 01:00,1,2000.07.21 02:00,1,2000.07.25 01:00,1,2000.07.31 01:00,3,1w 3d,Asia,NA,,NA,,0.45650,BREAK,2000.07.18 23:00,0,,0,,0,,0,NA,Other,BOUNCE,2000.07.19 12:00,NA,,0.46310,BOUNCE,2000.07.13 10:00,1,2000.07.13 22:00,1,2000.07.18 23:00,0,,2,5d 13h,London,NA,,NA,,0.45920,BOUNCE,2000.07.11 01:00,1,2000.07.13 10:00,1,2000.07.13 10:00,0,,2,2d 9h,Asia,NA,,NA,,S-ZF-BO,B-ZE-UN,S-ZE-BO,S-ZO-BR,B-ZH-UN,B-ZH-BR,B-ZE-UN,B-ZO-UN,B-ZE-BO,B-ZH-BR,B-ZE-UN,S-ZD-BR,S-ZO-BR,B-ZH-UN,S-ZH-BO,S-ZH-BR,S-ZE-BO,S-ZD-BR,S-ZO-BO,B-ZE-UN
59,2000.07.24 01:00,NZDUSD,60,86400,BUY,ZE,1,0.46390,0.45470,920.0,0.46650,0.46140,510.0,55.435,72.83,250.0,217.1,0.46390,0.46140,0.46900,UNTOUCHED,,0,,0,,0,,0,NA,Other,NA,,NA,,0.45220,BOUNCE,2000.08.02 01:00,1,2000.08.03 01:00,0,,0,,1,1d 0h,Asia,NA,,NA,,0.46640,UNTOUCHED,,0,,0,,0,,0,NA,Other,NA,,NA,,0.45890,BOUNCE,2000.07.25 01:00,0,,0,,0,,0,NA,Asia,NA,,NA,,B-ZE-BO,S-ZF-BO,B-ZE-UN,S-ZE-BO,S-ZO-BR,B-ZH-UN,B-ZH-BR,B-ZE-UN,B-ZO-UN,B-ZE-BO,S-ZD-BR,S-ZO-BR,B-ZH-UN,S-ZH-BO,S-ZH-BR,S-ZE-BO,S-ZD-BR,S-ZO-BO,B-ZE-UN,S-ZO-BR
60,2000.07.25 00:00,NZDUSD,60,86400,SELL,ZD,1,0.46650,0.46140,510.0,0.46400,0.45950,450.0,88.235,49.02,260.0,120.4,0.46400,0.46140,0.45690,BREAK,2000.07.31 01:00,0,,0,,0,,0,NA,Asia,BREAK,2000.08.01 01:00,BREAK,2000.08.02 01:00,0.46910,UNTOUCHED,,0,,0,,0,,0,NA,Other,NA,,NA,,0.45880,BOUNCE,2000.07.25 01:00,0,,0,,0,,0,NA,Asia,NA,,NA,,0.46660,UNTOUCHED,,0,,0,,0,,0,NA,Other,NA,,NA,,B-ZE-UN,B-ZE-BO,S-ZF-BO,B-ZE-UN,S-ZE-BO,S-ZO-BR,B-ZH-UN,B-ZH-BR,B-ZE-UN,B-ZO-UN,S-ZO-BR,B-ZH-UN,S-ZH-BO,S-ZH-BR,S-ZE-BO,S-ZD-BR,S-ZO-BO,B-ZE-UN,S-ZO-BR,S-ZD-BO
61,2000.08.02 00:00,NZDUSD,60,86400,SELL,ZO,0,0.45760,0.45310,450.0,0.45710,0.45270,440.0,97.778,11.11,400.0,106.2,0.45710,0.45310,0.44870,BREAK,2000.08.11 01:00,0,,0,,0,,0,NA,Asia,BREAK,2000.08.22 01:00,BREAK,2000.08.23 00:00,0.46160,UNTOUCHED,,0,,0,,0,,0,NA,Other,NA,,NA,,0.44910,BREAK,2000.08.11 01:00,0,,0,,0,,0,NA,Asia,BREAK,2000.08.22 01:00,BREAK,2000.08.23 00:00,0.46110,UNTOUCHED,,0,,0,,0,,0,NA,Other,NA,,NA,,S-ZD-BR,B-ZE-UN,B-ZE-BO,S-ZF-BO,B-ZE-UN,S-ZE-BO,S-ZO-BR,B-ZH-UN,B-ZH-BR,B-ZE-UN,B-ZH-UN,S-ZH-BO,S-ZH-BR,S-ZE-BO,S-ZD-BR,S-ZO-BO,B-ZE-UN,S-ZO-BR,S-ZD-BO,S-ZE-BR
62,2000.08.04 00:00,NZDUSD,60,86400,BUY,ZH,0,0.45610,0.45010,600.0,0.45760,0.45100,660.0,110.000,15.00,510.0,141.6,0.45610,0.45100,0.46270,UNTOUCHED,,0,,0,,0,,0,NA,Other,NA,,NA,,0.44500,BREAK,2000.08.22 01:00,0,,0,,0,,0,NA,Asia,BREAK,2000.08.23 01:00,BREAK,2000.08.23 05:00,0.46120,UNTOUCHED,,0,,0,,0,,0,NA,Other,NA,,NA,,0.44590,BREAK,2000.08.22 01:00,0,,0,,0,,0,NA,Asia,BREAK,2000.08.23 00:00,BREAK,2000.08.23 01:00,S-ZO-BR,S-ZD-BR,B-ZE-UN,B-ZE-BO,S-ZF-BO,B-ZE-UN,S-ZE-BO,S-ZO-BR,B-ZH-UN,B-ZH-BR,S-ZH-BO,S-ZH-BR,S-ZE-BO,S-ZD-BR,S-ZO-BO,B-ZE-UN,S-ZO-BR,S-ZD-BO,S-ZE-BR,B-ZO-UN
63,2000.08.09 00:00,NZDUSD,60,86400,SELL,ZH,0,0.45670,0.45340,330.0,0.45580,0.45250,330.0,100.000,27.27,240.0,77.9,0.45580,0.45340,0.45010,BOUNCE,2000.08.10 11:00,0,,0,,0,,0,NA,London,NA,,NA,,0.45910,UNTOUCHED,,0,,0,,0,,0,NA,Other,NA,,NA,,0.45100,BOUNCE,2000.08.09 01:00,0,,0,,0,,0,NA,Asia,NA,,NA,,0.45820,UNTOUCHED,,0,,0,,0,,0,NA,Other,NA,,NA,,B-ZH-UN,S-ZO-BR,S-ZD-BR,B-ZE-UN,B-ZE-BO,S-ZF-BO,B-ZE-UN,S-ZE-BO,S-ZO-BR,B-ZH-UN,S-ZH-BR,S-ZE-BO,S-ZD-BR,S-ZO-BO,B-ZE-UN,S-ZO-BR,S-ZD-BO,S-ZE-BR,B-ZO-UN,S-ZO-BR
64,2000.08.10 00:00,NZDUSD,60,86400,SELL,ZH,0,0.45580,0.45250,330.0,0.45480,0.45050,430.0,130.303,30.30,230.0,77.9,0.45480,0.45250,0.44820,BREAK,2000.08.11 01:00,0,,0,,0,,0,NA,Asia,BREAK,2000.08.22 01:00,BOUNCE,2000.08.22 17:00,0.45810,UNTOUCHED,,0,,0,,0,,0,NA,Other,NA,,NA,,0.45020,BOUNCE,2000.08.10 11:00,0,,0,,0,,0,NA,London,NA,,NA,,0.45710,UNTOUCHED,,0,,0,,0,,0,NA,Other,NA,,NA,,S-ZH-BO,B-ZH-UN,S-ZO-BR,S-ZD-BR,B-ZE-UN,B-ZE-BO,S-ZF-BO,B-ZE-UN,S-ZE-BO,S-ZO-BR,S-ZE-BO,S-ZD-BR,S-ZO-BO,B-ZE-UN,S-ZO-BR,S-ZD-BO,S-ZE-BR,B-ZO-UN,S-ZO-BR,S-ZD-BR
65,2000.08.11 00:00,NZDUSD,60,86400,SELL,ZE,1,0.45480,0.45050,430.0,0.45270,0.45010,260.0,60.465,48.84,220.0,101.5,0.45270,0.45050,0.44790,BOUNCE,2000.08.11 01:00,1,2000.08.11 02:00,0,,0,,1,1h,Asia,NA,,NA,,0.45700,UNTOUCHED,,0,,0,,0,,0,NA,Other,NA,,NA,,0.44830,BREAK,2000.08.11 01:00,0,,0,,0,,0,NA,Asia,BREAK,2000.08.22 01:00,BOUNCE,2000.08.22 14:00,0.45490,UNTOUCHED,,0,,0,,0,,0,NA,Other,NA,,NA,,S-ZH-BR,S-ZH-BO,B-ZH-UN,S-ZO-BR,S-ZD-BR,B-ZE-UN,B-ZE-BO,S-ZF-BO,B-ZE-UN,S-ZE-BO,S-ZD-BR,S-ZO-BO,B-ZE-UN,S-ZO-BR,S-ZD-BO,S-ZE-BR,B-ZO-UN,S-ZO-BR,S-ZD-BR,S-ZH-BR
66,2000.08.23 00:00,NZDUSD,60,86400,SELL,ZD,1,0.45290,0.44960,330.0,0.45050,0.43870,1180.0,357.576,72.73,90.0,77.9,0.45050,0.44960,0.43780,BREAK,2000.08.23 01:00,0,,0,,0,,0,NA,Asia,BREAK,2000.08.23 05:00,BREAK,2000.08.23 06:00,0.45380,UNTOUCHED,,0,,0,,0,,0,NA,Other,NA,,NA,,0.44870,BREAK,2000.08.23 00:00,0,,0,,0,,0,NA,Asia,BREAK,2000.08.23 01:00,BREAK,2000.08.23 02:00,0.45140,UNTOUCHED,,0,,0,,0,,0,NA,Other,NA,,NA,,S-ZE-BO,S-ZH-BR,S-ZH-BO,B-ZH-UN,S-ZO-BR,S-ZD-BR,B-ZE-UN,B-ZE-BO,S-ZF-BO,B-ZE-UN,S-ZO-BO,B-ZE-UN,S-ZO-BR,S-ZD-BO,S-ZE-BR,B-ZO-UN,S-ZO-BR,S-ZD-BR,S-ZH-BR,S-ZF-BO
67,2000.08.25 00:00,NZDUSD,60,86400,SELL,ZO,0,0.44040,0.42710,1330.0,0.43660,0.42310,1350.0,101.504,28.57,950.0,313.9,0.43660,0.42710,0.41360,BOUNCE,2000.09.07 01:00,0,,0,,0,,0,NA,Asia,NA,,NA,,0.44990,UNTOUCHED,,0,,0,,0,,0,NA,Other,NA,,NA,,0.41760,BREAK,2000.09.07 01:00,0,,0,,0,,0,NA,Asia,BREAK,2000.09.20 01:00,BREAK,2000.10.16 01:00,0.44610,UNTOUCHED,,0,,0,,0,,0,NA,Other,NA,,NA,,S-ZD-BR,S-ZE-BO,S-ZH-BR,S-ZH-BO,B-ZH-UN,S-ZO-BR,S-ZD-BR,B-ZE-UN,B-ZE-BO,S-ZF-BO,B-ZE-UN,S-ZO-BR,S-ZD-BO,S-ZE-BR,B-ZO-UN,S-ZO-BR,S-ZD-BR,S-ZH-BR,S-ZF-BO,B-ZD-UN
68,2000.08.28 01:00,NZDUSD,60,86400,BUY,ZE,1,0.43660,0.42310,1350.0,0.43810,0.43320,490.0,36.296,74.81,340.0,318.6,0.43660,0.43320,0.44150,UNTOUCHED,,0,,0,,0,,0,NA,Other,NA,,NA,,0.41970,BREAK,2000.09.07 01:00,0,,0,,0,,0,NA,Asia,BREAK,2000.09.07 15:00,BREAK,2000.09.18 01:00,0.44000,UNTOUCHED,,0,,0,,0,,0,NA,Other,NA,,NA,,0.42980,BOUNCE,2000.08.29 01:00,0,,0,,0,,0,NA,Asia,NA,,NA,,S-ZO-BO,S-ZD-BR,S-ZE-BO,S-ZH-BR,S-ZH-BO,B-ZH-UN,S-ZO-BR,S-ZD-BR,B-ZE-UN,B-ZE-BO,S-ZO-BR,S-ZD-BO,S-ZE-BR,B-ZO-UN,S-ZO-BR,S-ZD-BR,S-ZH-BR,S-ZF-BO,B-ZD-UN,B-ZO-UN
69,2000.08.29 00:00,NZDUSD,60,86400,SELL,ZO,0,0.43810,0.43320,490.0,0.43700,0.43260,440.0,89.796,22.45,380.0,115.6,0.43700,0.43320,0.42880,BREAK,2000.08.29 01:00,0,,0,,0,,0,NA,Asia,BREAK,2000.09.01 01:00,BREAK,2000.09.07 01:00,0.44190,UNTOUCHED,,0,,0,,0,,0,NA,Other,NA,,NA,,0.42940,BREAK,2000.08.29 01:00,0,,0,,0,,0,NA,Asia,BOUNCE,2000.08.30 01:00,NA,,0.44080,UNTOUCHED,,0,,0,,0,,0,NA,Other,NA,,NA,,B-ZE-UN,S-ZO-BO,S-ZD-BR,S-ZE-BO,S-ZH-BR,S-ZH-BO,B-ZH-UN,S-ZO-BR,S-ZD-BR,B-ZE-UN,S-ZD-BO,S-ZE-BR,B-ZO-UN,S-ZO-BR,S-ZD-BR,S-ZH-BR,S-ZF-BO,B-ZD-UN,B-ZO-UN,B-ZH-UN
70,2000.08.30 00:00,NZDUSD,60,86400,SELL,ZD,1,0.43700,0.43260,440.0,0.43480,0.42750,730.0,165.909,50.00,220.0,103.8,0.43480,0.43260,0.42530,BOUNCE,2000.08.30 01:00,1,2000.08.30 16:00,0,,0,,1,15h,Asia,NA,,NA,,0.43920,UNTOUCHED,,0,,0,,0,,0,NA,Other,NA,,NA,,0.43040,BREAK,2000.08.30 00:00,0,,0,,0,,0,NA,Asia,BREAK,2000.08.30 01:00,BOUNCE,2000.08.30 16:00,0.43700,UNTOUCHED,,0,,0,,0,,0,NA,Other,NA,,NA,,S-ZO-BR,B-ZE-UN,S-ZO-BO,S-ZD-BR,S-ZE-BO,S-ZH-BR,S-ZH-BO,B-ZH-UN,S-ZO-BR,S-ZD-BR,S-ZE-BR,B-ZO-UN,S-ZO-BR,S-ZD-BR,S-ZH-BR,S-ZF-BO,B-ZD-UN,B-ZO-UN,B-ZH-UN,S-ZD-BO
71,2000.08.31 00:00,NZDUSD,60,86400,SELL,ZE,1,0.43480,0.42750,730.0,0.43170,0.42500,670.0,91.781,42.47,420.0,172.3,0.43170,0.42750,0.42080,BREAK,2000.09.07 01:00,0,,0,,0,,0,NA,Asia,BREAK,2000.09.07 13:00,BREAK,2000.09.18 01:00,0.43900,UNTOUCHED,,0,,0,,0,,0,NA,Other,NA,,NA,,0.42330,BREAK,2000.09.01 01:00,0,,0,,0,,0,NA,Asia,BREAK,2000.09.07 01:00,BREAK,2000.09.07 15:00,0.43590,UNTOUCHED,,0,,0,,0,,0,NA,Other,NA,,NA,,S-ZD-BO,S-ZO-BR,B-ZE-UN,S-ZO-BO,S-ZD-BR,S-ZE-BO,S-ZH-BR,S-ZH-BO,B-ZH-UN,S-ZO-BR,B-ZO-UN,S-ZO-BR,S-ZD-BR,S-ZH-BR,S-ZF-BO,B-ZD-UN,B-ZO-UN,B-ZH-UN,S-ZD-BO,S-ZO-BR
72,2000.09.01 00:00,NZDUSD,60,86400,BUY,ZO,0,0.43170,0.42500,670.0,0.43210,0.42570,640.0,95.522,10.45,600.0,158.1,0.43170,0.42570,0.43810,UNTOUCHED,,0,,0,,0,,0,NA,Other,NA,,NA,,0.41900,BREAK,2000.09.07 01:00,0,,0,,0,,0,NA,Asia,BOUNCE,2000.09.08 01:00,NA,,0.43770,UNTOUCHED,,0,,0,,0,,0,NA,Other,NA,,NA,,0.41970,BREAK,2000.09.07 01:00,0,,0,,0,,0,NA,Asia,BOUNCE,2000.09.08 01:00,NA,,S-ZE-BR,S-ZD-BO,S-ZO-BR,B-ZE-UN,S-ZO-BO,S-ZD-BR,S-ZE-BO,S-ZH-BR,S-ZH-BO,B-ZH-UN,S-ZO-BR,S-ZD-BR,S-ZH-BR,S-ZF-BO,B-ZD-UN,B-ZO-UN,B-ZH-UN,S-ZD-BO,S-ZO-BR,S-ZO-BR
73,2000.09.04 01:00,NZDUSD,60,86400,SELL,ZO,1,0.43210,0.42570,640.0,0.43190,0.42130,1060.0,165.625,3.12,620.0,151.0,0.43190,0.42570,0.41510,BREAK,2000.09.07 01:00,0,,0,,0,,0,NA,Asia,BOUNCE,2000.09.18 01:00,NA,,0.43830,UNTOUCHED,,0,,0,,0,,0,NA,Other,NA,,NA,,0.41950,BREAK,2000.09.07 01:00,0,,0,,0,,0,NA,Asia,BOUNCE,2000.09.08 01:00,NA,,0.43810,UNTOUCHED,,0,,0,,0,,0,NA,Other,NA,,NA,,B-ZO-UN,S-ZE-BR,S-ZD-BO,S-ZO-BR,B-ZE-UN,S-ZO-BO,S-ZD-BR,S-ZE-BO,S-ZH-BR,S-ZH-BO,S-ZD-BR,S-ZH-BR,S-ZF-BO,B-ZD-UN,B-ZO-UN,B-ZH-UN,S-ZD-BO,S-ZO-BR,S-ZO-BR,S-ZO-BO
74,2000.09.06 00:00,NZDUSD,60,86400,SELL,ZD,1,0.43130,0.42670,460.0,0.42950,0.42410,540.0,117.391,39.13,280.0,108.6,0.42950,0.42670,0.42130,BREAK,2000.09.07 01:00,0,,0,,0,,0,NA,Asia,BOUNCE,2000.09.07 05:00,NA,,0.43410,UNTOUCHED,,0,,0,,0,,0,NA,Other,NA,,NA,,0.42390,BOUNCE,2000.09.06 01:00,0,,0,,0,,0,NA,Asia,NA,,NA,,0.43230,UNTOUCHED,,0,,0,,0,,0,NA,Other,NA,,NA,,S-ZO-BR,B-ZO-UN,S-ZE-BR,S-ZD-BO,S-ZO-BR,B-ZE-UN,S-ZO-BO,S-ZD-BR,S-ZE-BO,S-ZH-BR,S-ZH-BR,S-ZF-BO,B-ZD-UN,B-ZO-UN,B-ZH-UN,S-ZD-BO,S-ZO-BR,S-ZO-BR,S-ZO-BO,S-ZD-BR
75,2000.09.15 00:00,NZDUSD,60,86400,SELL,ZH,1,0.42660,0.42050,610.0,0.42510,0.41580,930.0,152.459,24.59,460.0,144.0,0.42510,0.42050,0.41120,BREAK,2000.09.18 01:00,0,,0,,0,,0,NA,Asia,BREAK,2000.09.20 01:00,BOUNCE,2000.09.21 01:00,0.43120,UNTOUCHED,,0,,0,,0,,0,NA,Other,NA,,NA,,0.41590,BREAK,2000.09.18 01:00,0,,0,,0,,0,NA,Asia,BREAK,2000.09.18 19:00,BREAK,2000.09.20 01:00,0.42970,UNTOUCHED,,0,,0,,0,,0,NA,Other,NA,,NA,,S-ZD-BR,S-ZO-BR,B-ZO-UN,S-ZE-BR,S-ZD-BO,S-ZO-BR,B-ZE-UN,S-ZO-BO,S-ZD-BR,S-ZE-BO,S-ZF-BO,B-ZD-UN,B-ZO-UN,B-ZH-UN,S-ZD-BO,S-ZO-BR,S-ZO-BR,S-ZO-BO,S-ZD-BR,S-ZD-BO
76,2000.09.21 00:00,NZDUSD,60,86400,SELL,ZF,0,0.41550,0.40830,720.0,0.41540,0.40430,1110.0,154.167,1.39,710.0,169.9,0.41540,0.40830,0.39720,BOUNCE,2000.10.12 01:00,0,,0,,0,,0,NA,Asia,NA,,NA,,0.42260,UNTOUCHED,,0,,0,,0,,0,NA,Other,NA,,NA,,0.40120,BOUNCE,2000.09.21 01:00,0,,0,,0,,0,NA,Asia,NA,,NA,,0.42250,UNTOUCHED,,0,,0,,0,,0,NA,Other,NA,,NA,,S-ZH-BR,S-ZD-BR,S-ZO-BR,B-ZO-UN,S-ZE-BR,S-ZD-BO,S-ZO-BR,B-ZE-UN,S-ZO-BO,S-ZD-BR,B-ZD-UN,B-ZO-UN,B-ZH-UN,S-ZD-BO,S-ZO-BR,S-ZO-BR,S-ZO-BO,S-ZD-BR,S-ZD-BO,B-ZO-BR
77,2000.09.23 00:00,NZDUSD,60,86400,BUY,ZD,1,0.41010,0.40100,910.0,0.41730,0.40720,1010.0,110.989,68.13,290.0,214.8,0.41010,0.40720,0.42020,UNTOUCHED,,0,,0,,0,,0,NA,Other,NA,,NA,,0.39810,BOUNCE,2000.10.12 01:00,1,2000.10.12 02:00,0,,0,,1,1h,Asia,NA,,NA,,0.41300,BREAK,2000.09.25 01:00,0,,0,,0,,0,NA,Asia,BOUNCE,2000.09.27 01:00,NA,,0.40430,BOUNCE,2000.10.02 01:00,0,,0,,0,,0,NA,Asia,NA,,NA,,S-ZF-BO,S-ZH-BR,S-ZD-BR,S-ZO-BR,B-ZO-UN,S-ZE-BR,S-ZD-BO,S-ZO-BR,B-ZE-UN,S-ZO-BO,B-ZO-UN,B-ZH-UN,S-ZD-BO,S-ZO-BR,S-ZO-BR,S-ZO-BO,S-ZD-BR,S-ZD-BO,B-ZO-BR,B-ZB-BO
78,2000.09.27 00:00,NZDUSD,60,86400,BUY,ZO,0,0.41540,0.40980,560.0,0.41570,0.41120,450.0,80.357,25.00,420.0,132.2,0.41540,0.41120,0.41990,UNTOUCHED,,0,,0,,0,,0,NA,Other,NA,,NA,,0.40560,BOUNCE,2000.09.29 01:00,0,,0,,0,,0,NA,Asia,NA,,NA,,0.41960,UNTOUCHED,,0,,0,,0,,0,NA,Other,NA,,NA,,0.40700,BREAK,2000.09.29 01:00,0,,0,,0,,0,NA,Asia,BOUNCE,2000.10.02 23:00,NA,,B-ZD-UN,S-ZF-BO,S-ZH-BR,S-ZD-BR,S-ZO-BR,B-ZO-UN,S-ZE-BR,S-ZD-BO,S-ZO-BR,B-ZE-UN,B-ZH-UN,S-ZD-BO,S-ZO-BR,S-ZO-BR,S-ZO-BO,S-ZD-BR,S-ZD-BO,B-ZO-BR,B-ZB-BO,S-ZO-BO
79,2000.09.28 00:00,NZDUSD,60,86400,BUY,ZH,0,0.41570,0.41120,450.0,0.41820,0.41200,620.0,137.778,17.78,370.0,106.2,0.41570,0.41200,0.42190,UNTOUCHED,,0,,0,,0,,0,NA,Other,NA,,NA,,0.40750,BREAK,2000.09.29 01:00,0,,0,,0,,0,NA,Asia,BOUNCE,2000.10.02 01:00,NA,,0.41940,UNTOUCHED,,0,,0,,0,,0,NA,Other,NA,,NA,,0.40830,BOUNCE,2000.09.28 01:00,0,,0,,0,,0,NA,Asia,NA,,NA,,B-ZO-UN,B-ZD-UN,S-ZF-BO,S-ZH-BR,S-ZD-BR,S-ZO-BR,B-ZO-UN,S-ZE-BR,S-ZD-BO,S-ZO-BR,S-ZD-BO,S-ZO-BR,S-ZO-BR,S-ZO-BO,S-ZD-BR,S-ZD-BO,B-ZO-BR,B-ZB-BO,S-ZO-BO,S-ZO-BO
80,2000.10.02 01:00,NZDUSD,60,86400,SELL,ZD,1,0.41840,0.40820,1020.0,0.41350,0.40480,870.0,85.294,48.04,530.0,240.7,0.41350,0.40820,0.39950,BOUNCE,2000.10.04 01:00,1,2000.10.09 01:00,0,,0,,1,5d 0h,Asia,NA,,NA,,0.42370,UNTOUCHED,,0,,0,,0,,0,NA,Other,NA,,NA,,0.40290,BOUNCE,2000.10.02 01:00,0,,0,,0,,0,NA,Asia,NA,,NA,,0.41880,UNTOUCHED,,0,,0,,0,,0,NA,Other,NA,,NA,,B-ZH-UN,B-ZO-UN,B-ZD-UN,S-ZF-BO,S-ZH-BR,S-ZD-BR,S-ZO-BR,B-ZO-UN,S-ZE-BR,S-ZD-BO,S-ZO-BR,S-ZO-BR,S-ZO-BO,S-ZD-BR,S-ZD-BO,B-ZO-BR,B-ZB-BO,S-ZO-BO,S-ZO-BO,S-ZB-UN
81,2000.10.04 00:00,NZDUSD,60,86400,SELL,ZO,0,0.40960,0.40270,690.0,0.40830,0.40110,720.0,104.348,18.84,560.0,162.8,0.40830,0.40270,0.39550,BREAK,2000.10.16 01:00,0,,0,,0,,0,NA,Asia,BOUNCE,2000.10.19 01:00,NA,,0.41520,UNTOUCHED,,0,,0,,0,,0,NA,Other,NA,,NA,,0.39710,BOUNCE,2000.10.12 01:00,0,,0,,0,,0,NA,Asia,NA,,NA,,0.41390,UNTOUCHED,,0,,0,,0,,0,NA,Other,NA,,NA,,S-ZD-BO,B-ZH-UN,B-ZO-UN,B-ZD-UN,S-ZF-BO,S-ZH-BR,S-ZD-BR,S-ZO-BR,B-ZO-UN,S-ZE-BR,S-ZO-BR,S-ZO-BO,S-ZD-BR,S-ZD-BO,B-ZO-BR,B-ZB-BO,S-ZO-BO,S-ZO-BO,S-ZB-UN,B-ZO-BR
82,2000.10.05 00:00,NZDUSD,60,86400,SELL,ZO,0,0.40830,0.40110,720.0,0.40610,0.39930,680.0,94.444,30.56,500.0,169.9,0.40610,0.40110,0.39430,BREAK,2000.10.17 00:00,0,,0,,0,,0,NA,Asia,UNTOUCHED,,NA,,0.41330,UNTOUCHED,,0,,0,,0,,0,NA,Other,NA,,NA,,0.39610,BOUNCE,2000.10.12 01:00,0,,0,,0,,0,NA,Asia,NA,,NA,,0.41110,BOUNCE,2000.10.09 01:00,1,2000.10.12 01:00,1,2000.10.12 01:00,0,,2,3d 0h,Asia,NA,,NA,,S-ZO-BR,S-ZD-BO,B-ZH-UN,B-ZO-UN,B-ZD-UN,S-ZF-BO,S-ZH-BR,S-ZD-BR,S-ZO-BR,B-ZO-UN,S-ZO-BO,S-ZD-BR,S-ZD-BO,B-ZO-BR,B-ZB-BO,S-ZO-BO,S-ZO-BO,S-ZB-UN,B-ZO-BR,B-ZO-BO
83,2000.10.07 00:00,NZDUSD,60,86400,SELL,ZO,0,0.40570,0.39970,600.0,0.40390,0.39930,460.0,76.667,30.00,420.0,141.6,0.40390,0.39970,0.39510,BOUNCE,2000.10.16 01:00,1,2000.10.20 01:00,0,,0,,1,4d 0h,Asia,NA,,NA,,0.40990,BREAK,2000.10.09 01:00,0,,0,,0,,0,NA,Asia,UNTOUCHED,,NA,,0.39550,BREAK,2000.10.16 01:00,0,,0,,0,,0,NA,Asia,BOUNCE,2000.10.18 01:00,NA,,0.40810,BREAK,2000.10.09 01:00,0,,0,,0,,0,NA,Asia,BOUNCE,2000.10.10 00:00,NA,,S-ZO-BR,S-ZO-BR,S-ZD-BO,B-ZH-UN,B-ZO-UN,B-ZD-UN,S-ZF-BO,S-ZH-BR,S-ZD-BR,S-ZO-BR,S-ZD-BR,S-ZD-BO,B-ZO-BR,B-ZB-BO,S-ZO-BO,S-ZO-BO,S-ZB-UN,B-ZO-BR,B-ZO-BO,B-ZO-BR
84,2000.10.13 00:00,NZDUSD,60,86400,SELL,ZD,1,0.40770,0.40370,400.0,0.40560,0.39600,960.0,240.000,52.50,190.0,94.4,0.40560,0.40370,0.39410,BREAK,2000.10.17 01:00,0,,0,,0,,0,NA,Asia,BREAK,2000.10.18 01:00,BOUNCE,2000.10.18 19:00,0.40960,UNTOUCHED,,0,,0,,0,,0,NA,Other,NA,,NA,,0.40180,BREAK,2000.10.13 00:00,0,,0,,0,,0,NA,Asia,BREAK,2000.10.13 01:00,BOUNCE,2000.10.13 05:00,0.40750,UNTOUCHED,,0,,0,,0,,0,NA,Other,NA,,NA,,S-ZO-BO,S-ZO-BR,S-ZO-BR,S-ZD-BO,B-ZH-UN,B-ZO-UN,B-ZD-UN,S-ZF-BO,S-ZH-BR,S-ZD-BR,S-ZD-BO,B-ZO-BR,B-ZB-BO,S-ZO-BO,S-ZO-BO,S-ZB-UN,B-ZO-BR,B-ZO-BO,B-ZO-BR,B-ZG-BR
85,2000.10.18 00:00,NZDUSD,60,86400,SELL,ZD,1,0.39940,0.39440,500.0,0.39610,0.39260,350.0,70.000,66.00,170.0,118.0,0.39610,0.39440,0.39090,BOUNCE,2000.10.18 01:00,1,2000.10.18 02:00,1,2000.10.20 01:00,1,2000.10.20 01:00,3,2d 0h,Asia,NA,,NA,,0.40110,BREAK,2000.10.20 01:00,0,,0,,0,,0,NA,Asia,BOUNCE,2000.10.20 10:00,NA,,0.39270,BREAK,2000.10.18 01:00,0,,0,,0,,0,NA,Asia,BREAK,2000.10.18 19:00,UNTOUCHED,,0.39780,BREAK,2000.10.20 01:00,0,,0,,0,,0,NA,Asia,BREAK,2000.10.20 06:00,BREAK,2000.10.20 10:00,S-ZD-BR,S-ZO-BO,S-ZO-BR,S-ZO-BR,S-ZD-BO,B-ZH-UN,B-ZO-UN,B-ZD-UN,S-ZF-BO,S-ZH-BR,B-ZO-BR,B-ZB-BO,S-ZO-BO,S-ZO-BO,S-ZB-UN,B-ZO-BR,B-ZO-BO,B-ZO-BR,B-ZG-BR,B-ZG-BR
86,2000.10.20 00:00,NZDUSD,60,86400,BUY,ZO,0,0.39650,0.38970,680.0,0.39680,0.39150,530.0,77.941,26.47,500.0,160.5,0.39650,0.39150,0.40180,BREAK,2000.10.20 01:00,0,,0,,0,,0,NA,Asia,BOUNCE,2000.11.27 02:00,NA,,0.38470,UNTOUCHED,,0,,0,,0,,0,NA,Other,NA,,NA,,0.40150,BREAK,2000.10.20 01:00,0,,0,,0,,0,NA,Asia,BOUNCE,2000.11.27 02:00,NA,,0.38650,UNTOUCHED,,0,,0,,0,,0,NA,Other,NA,,NA,,S-ZD-BO,S-ZD-BR,S-ZO-BO,S-ZO-BR,S-ZO-BR,S-ZD-BO,B-ZH-UN,B-ZO-UN,B-ZD-UN,S-ZF-BO,B-ZB-BO,S-ZO-BO,S-ZO-BO,S-ZB-UN,B-ZO-BR,B-ZO-BO,B-ZO-BR,B-ZG-BR,B-ZG-BR,B-ZO-BO
87,2000.10.21 00:00,NZDUSD,60,86400,BUY,ZB,1,0.39680,0.39150,530.0,0.40470,0.39530,940.0,177.358,71.70,150.0,125.1,0.39680,0.39530,0.40620,BOUNCE,2000.11.27 02:00,1,2000.11.27 03:00,0,,0,,1,1h,Asia,NA,,NA,,0.39000,UNTOUCHED,,0,,0,,0,,0,NA,Other,NA,,NA,,0.39830,BREAK,2000.10.21 00:00,0,,0,,0,,0,NA,Asia,BREAK,2000.10.23 01:00,BREAK,2000.10.23 02:00,0.39380,BREAK,2000.10.31 02:00,0,,0,,0,,0,NA,Asia,BOUNCE,2000.10.31 09:00,NA,,B-ZO-BR,S-ZD-BO,S-ZD-BR,S-ZO-BO,S-ZO-BR,S-ZO-BR,S-ZD-BO,B-ZH-UN,B-ZO-UN,B-ZD-UN,S-ZO-BO,S-ZO-BO,S-ZB-UN,B-ZO-BR,B-ZO-BO,B-ZO-BR,B-ZG-BR,B-ZG-BR,B-ZO-BO,B-ZE-BR
88,2000.10.26 00:00,NZDUSD,60,86400,SELL,ZO,0,0.40570,0.39870,700.0,0.40500,0.39770,730.0,104.286,10.00,630.0,165.2,0.40500,0.39870,0.39140,BOUNCE,2000.10.31 09:00,1,2000.11.23 02:00,1,2000.11.30 02:00,1,2000.11.30 02:00,3,4w 1d,London,NA,,NA,,0.41200,BOUNCE,2000.11.30 02:00,0,,0,,0,,0,NA,Asia,NA,,NA,,0.39240,BOUNCE,2000.10.31 02:00,1,2000.11.30 02:00,1,2000.11.30 02:00,0,,2,4w 2d,Asia,NA,,NA,,0.41130,BREAK,2000.11.30 02:00,0,,0,,0,,0,NA,Asia,BOUNCE,2000.12.01 02:00,NA,,B-ZB-BO,B-ZO-BR,S-ZD-BO,S-ZD-BR,S-ZO-BO,S-ZO-BR,S-ZO-BR,S-ZD-BO,B-ZH-UN,B-ZO-UN,S-ZO-BO,S-ZB-UN,B-ZO-BR,B-ZO-BO,B-ZO-BR,B-ZG-BR,B-ZG-BR,B-ZO-BO,B-ZE-BR,S-ZH-BR
89,2000.10.27 00:00,NZDUSD,60,86400,SELL,ZO,0,0.40500,0.39770,730.0,0.40260,0.39620,640.0,87.671,32.88,490.0,172.3,0.40260,0.39770,0.39130,BOUNCE,2000.10.31 09:00,1,2000.11.02 02:00,1,2000.11.28 02:00,1,2000.11.30 02:00,3,4w 1d,London,NA,,NA,,0.40990,BREAK,2000.11.30 02:00,0,,0,,0,,0,NA,Asia,BREAK,2000.12.01 02:00,BREAK,2000.12.04 02:00,0.39280,BOUNCE,2000.10.31 02:00,1,2000.11.28 02:00,1,2000.11.30 02:00,0,,2,4w 2d,Asia,NA,,NA,,0.40750,BREAK,2000.11.28 02:00,0,,0,,0,,0,NA,Asia,BOUNCE,2000.11.30 02:00,NA,,S-ZO-BO,B-ZB-BO,B-ZO-BR,S-ZD-BO,S-ZD-BR,S-ZO-BO,S-ZO-BR,S-ZO-BR,S-ZD-BO,B-ZH-UN,S-ZB-UN,B-ZO-BR,B-ZO-BO,B-ZO-BR,B-ZG-BR,B-ZG-BR,B-ZO-BO,B-ZE-BR,S-ZH-BR,S-ZD-UN
90,2000.11.01 00:00,NZDUSD,60,86400,SELL,ZB,1,0.40580,0.40170,410.0,0.40320,0.39130,1190.0,290.244,63.41,150.0,96.8,0.40320,0.40170,0.38980,UNTOUCHED,,0,,0,,0,,0,NA,Other,NA,,NA,,0.40730,BREAK,2000.11.28 02:00,0,,0,,0,,0,NA,Asia,BOUNCE,2000.11.28 15:00,NA,,0.40020,BREAK,2000.11.01 00:00,0,,0,,0,,0,NA,Asia,BREAK,2000.11.01 01:00,BREAK,2000.11.01 02:00,0.40470,BOUNCE,2000.11.23 02:00,1,2000.11.23 08:00,1,2000.11.23 08:00,0,,2,6h,Asia,NA,,NA,,S-ZO-BO,S-ZO-BO,B-ZB-BO,B-ZO-BR,S-ZD-BO,S-ZD-BR,S-ZO-BO,S-ZO-BR,S-ZO-BR,S-ZD-BO,B-ZO-BR,B-ZO-BO,B-ZO-BR,B-ZG-BR,B-ZG-BR,B-ZO-BO,B-ZE-BR,S-ZH-BR,S-ZD-UN,B-ZE-BO
91,2000.11.03 00:00,NZDUSD,60,86400,BUY,ZO,0,0.39990,0.39250,740.0,0.40180,0.39340,840.0,113.514,12.16,650.0,174.6,0.39990,0.39340,0.40830,BREAK,2000.11.28 02:00,0,,0,,0,,0,NA,Asia,BREAK,2000.12.01 02:00,BREAK,2000.12.04 02:00,0.38600,UNTOUCHED,,0,,0,,0,,0,NA,Other,NA,,NA,,0.40640,BOUNCE,2000.11.27 02:00,0,,0,,0,,0,NA,Asia,NA,,NA,,0.38690,UNTOUCHED,,0,,0,,0,,0,NA,Other,NA,,NA,,S-ZB-UN,S-ZO-BO,S-ZO-BO,B-ZB-BO,B-ZO-BR,S-ZD-BO,S-ZD-BR,S-ZO-BO,S-ZO-BR,S-ZO-BR,B-ZO-BO,B-ZO-BR,B-ZG-BR,B-ZG-BR,B-ZO-BO,B-ZE-BR,S-ZH-BR,S-ZD-UN,B-ZE-BO,S-ZO-UN
92,2000.11.04 00:00,NZDUSD,60,86400,BUY,ZO,0,0.40180,0.39340,840.0,0.40370,0.39600,770.0,91.667,30.95,580.0,198.2,0.40180,0.39600,0.40950,BOUNCE,2000.11.28 15:00,0,,0,,0,,0,NA,NewYork,NA,,NA,,0.38760,UNTOUCHED,,0,,0,,0,,0,NA,Other,NA,,NA,,0.40760,BREAK,2000.11.28 02:00,0,,0,,0,,0,NA,Asia,BREAK,2000.12.01 02:00,BREAK,2000.12.04 02:00,0.39020,UNTOUCHED,,0,,0,,0,,0,NA,Other,NA,,NA,,B-ZO-BR,S-ZB-UN,S-ZO-BO,S-ZO-BO,B-ZB-BO,B-ZO-BR,S-ZD-BO,S-ZD-BR,S-ZO-BO,S-ZO-BR,B-ZO-BR,B-ZG-BR,B-ZG-BR,B-ZO-BO,B-ZE-BR,S-ZH-BR,S-ZD-UN,B-ZE-BO,S-ZO-UN,S-ZH-UN
93,2000.11.09 00:00,NZDUSD,60,86400,BUY,ZO,1,0.39950,0.39630,320.0,0.40150,0.39710,440.0,137.500,25.00,240.0,75.5,0.39950,0.39710,0.40390,BREAK,2000.11.23 02:00,0,,0,,0,,0,NA,Asia,BOUNCE,2000.11.27 02:00,NA,,0.39390,BOUNCE,2000.11.13 02:00,1,2000.11.14 07:00,1,2000.11.16 02:00,1,2000.11.23 02:00,3,1w 3d,Asia,NA,,NA,,0.40190,BREAK,2000.11.16 02:00,0,,0,,0,,0,NA,Asia,BOUNCE,2000.11.23 02:00,NA,,0.39470,BOUNCE,2000.11.10 02:00,1,2000.11.16 02:00,1,2000.11.16 02:00,0,,2,6d 0h,Asia,NA,,NA,,B-ZO-BO,B-ZO-BR,S-ZB-UN,S-ZO-BO,S-ZO-BO,B-ZB-BO,B-ZO-BR,S-ZD-BO,S-ZD-BR,S-ZO-BO,B-ZG-BR,B-ZG-BR,B-ZO-BO,B-ZE-BR,S-ZH-BR,S-ZD-UN,B-ZE-BO,S-ZO-UN,S-ZH-UN,B-ZF-BO
94,2000.11.15 00:00,NZDUSD,60,86400,BUY,ZG,0,0.39720,0.39360,360.0,0.39900,0.39490,410.0,113.889,36.11,230.0,85.0,0.39720,0.39490,0.40130,BREAK,2000.11.16 02:00,0,,0,,0,,0,NA,Asia,BREAK,2000.11.23 02:00,BREAK,2000.11.27 02:00,0.39130,BOUNCE,2000.11.21 02:00,1,2000.11.21 04:00,1,2000.11.22 02:00,1,2000.11.22 02:00,3,1d 0h,Asia,NA,,NA,,0.39950,BOUNCE,2000.11.15 02:00,1,2000.11.21 02:00,1,2000.11.21 02:00,0,,2,6d 0h,Asia,NA,,NA,,0.39260,BREAK,2000.11.21 02:00,0,,0,,0,,0,NA,Asia,UNTOUCHED,,NA,,B-ZO-BR,B-ZO-BO,B-ZO-BR,S-ZB-UN,S-ZO-BO,S-ZO-BO,B-ZB-BO,B-ZO-BR,S-ZD-BO,S-ZD-BR,B-ZG-BR,B-ZO-BO,B-ZE-BR,S-ZH-BR,S-ZD-UN,B-ZE-BO,S-ZO-UN,S-ZH-UN,B-ZF-BO,S-ZO-UN
95,2000.11.16 00:00,NZDUSD,60,86400,BUY,ZG,0,0.39900,0.39490,410.0,0.40020,0.39590,430.0,104.878,24.39,310.0,96.8,0.39900,0.39590,0.40330,BREAK,2000.11.23 02:00,0,,0,,0,,0,NA,Asia,BOUNCE,2000.11.27 02:00,NA,,0.39180,BOUNCE,2000.11.21 02:00,1,2000.11.22 02:00,1,2000.11.22 02:00,1,2000.11.23 02:00,3,2d 0h,Asia,NA,,NA,,0.40210,BOUNCE,2000.11.16 02:00,1,2000.11.21 02:00,1,2000.11.21 02:00,0,,2,5d 0h,Asia,NA,,NA,,0.39280,BREAK,2000.11.21 02:00,0,,0,,0,,0,NA,Asia,UNTOUCHED,,NA,,B-ZG-BR,B-ZO-BR,B-ZO-BO,B-ZO-BR,S-ZB-UN,S-ZO-BO,S-ZO-BO,B-ZB-BO,B-ZO-BR,S-ZD-BO,B-ZO-BO,B-ZE-BR,S-ZH-BR,S-ZD-UN,B-ZE-BO,S-ZO-UN,S-ZH-UN,B-ZF-BO,S-ZO-UN,S-ZO-UN
96,2000.11.17 00:00,NZDUSD,60,86400,BUY,ZO,1,0.40020,0.39590,430.0,0.40290,0.39630,660.0,153.488,9.30,390.0,101.5,0.40020,0.39630,0.40680,BOUNCE,2000.11.27 02:00,1,2000.11.27 14:00,0,,0,,1,12h,Asia,NA,,NA,,0.39200,BOUNCE,2000.11.21 02:00,1,2000.11.22 02:00,1,2000.11.23 02:00,1,2000.11.27 02:00,3,6d 0h,Asia,NA,,NA,,0.40410,BOUNCE,2000.11.23 02:00,0,,0,,0,,0,NA,Asia,NA,,NA,,0.39240,BREAK,2000.11.21 02:00,0,,0,,0,,0,NA,Asia,UNTOUCHED,,NA,,B-ZG-BR,B-ZG-BR,B-ZO-BR,B-ZO-BO,B-ZO-BR,S-ZB-UN,S-ZO-BO,S-ZO-BO,B-ZB-BO,B-ZO-BR,B-ZE-BR,S-ZH-BR,S-ZD-UN,B-ZE-BO,S-ZO-UN,S-ZH-UN,B-ZF-BO,S-ZO-UN,S-ZO-UN,B-ZG-BR
97,2000.11.18 00:00,NZDUSD,60,86400,BUY,ZE,1,0.40290,0.39630,660.0,0.40330,0.39910,420.0,63.636,42.42,380.0,155.8,0.40290,0.39910,0.40710,BREAK,2000.11.28 02:00,0,,0,,0,,0,NA,Asia,BREAK,2000.11.30 02:00,BREAK,2000.12.01 02:00,0.39250,BOUNCE,2000.11.21 02:00,1,2000.11.22 02:00,1,2000.11.27 02:00,1,2000.11.28 02:00,3,1w 0d,Asia,NA,,NA,,0.40670,BOUNCE,2000.11.27 02:00,0,,0,,0,,0,NA,Asia,NA,,NA,,0.39530,BOUNCE,2000.11.20 02:00,1,2000.11.27 02:00,1,2000.11.27 02:00,0,,2,1w 0d,Asia,NA,,NA,,B-ZO-BO,B-ZG-BR,B-ZG-BR,B-ZO-BR,B-ZO-BO,B-ZO-BR,S-ZB-UN,S-ZO-BO,S-ZO-BO,B-ZB-BO,S-ZH-BR,S-ZD-UN,B-ZE-BO,S-ZO-UN,S-ZH-UN,B-ZF-BO,S-ZO-UN,S-ZO-UN,B-ZG-BR,B-ZO-BR
98,2000.11.21 00:00,NZDUSD,60,86400,SELL,ZH,1,0.40130,0.39990,140.0,0.40080,0.39480,600.0,428.571,35.71,90.0,33.0,0.40080,0.39990,0.39390,BREAK,2000.11.21 02:00,0,,0,,0,,0,NA,Asia,BOUNCE,2000.11.21 15:00,NA,,0.40220,BREAK,2000.11.22 02:00,0,,0,,0,,0,NA,Asia,BREAK,2000.11.23 02:00,BOUNCE,2000.11.23 04:00,0.39900,BREAK,2000.11.21 00:00,0,,0,,0,,0,NA,Asia,BREAK,2000.11.21 01:00,BREAK,2000.11.21 02:00,0.40170,BREAK,2000.11.22 02:00,0,,0,,0,,0,NA,Asia,BOUNCE,2000.11.22 20:00,NA,,B-ZE-BR,B-ZO-BO,B-ZG-BR,B-ZG-BR,B-ZO-BR,B-ZO-BO,B-ZO-BR,S-ZB-UN,S-ZO-BO,S-ZO-BO,S-ZD-UN,B-ZE-BO,S-ZO-UN,S-ZH-UN,B-ZF-BO,S-ZO-UN,S-ZO-UN,B-ZG-BR,B-ZO-BR,B-ZD-BO
99,2000.11.22 00:00,NZDUSD,60,86400,SELL,ZD,1,0.40080,0.39480,600.0,0.39670,0.39110,560.0,93.333,68.33,190.0,141.6,0.39670,0.39480,0.38920,UNTOUCHED,,0,,0,,0,,0,NA,Other,NA,,NA,,0.40270,BOUNCE,2000.11.22 02:00,1,2000.11.22 03:00,1,2000.11.22 03:00,0,,2,1h,Asia,NA,,NA,,0.39290,BREAK,2000.11.22 00:00,0,,0,,0,,0,NA,Asia,BOUNCE,2000.11.22 02:00,NA,,0.39860,BREAK,2000.11.22 02:00,0,,0,,0,,0,NA,Asia,BREAK,2000.11.22 20:00,BREAK,2000.11.23 02:00,S-ZH-BR,B-ZE-BR,B-ZO-BO,B-ZG-BR,B-ZG-BR,B-ZO-BR,B-ZO-BO,B-ZO-BR,S-ZB-UN,S-ZO-BO,B-ZE-BO,S-ZO-UN,S-ZH-UN,B-ZF-BO,S-ZO-UN,S-ZO-UN,B-ZG-BR,B-ZO-BR,B-ZD-BO,B-ZD-BO
100,2000.11.24 00:00,NZDUSD,60,86400,BUY,ZE,1,0.40270,0.39070,1200.0,0.40470,0.39820,650.0,54.167,62.50,450.0,283.2,0.40270,0.39820,0.40920,BOUNCE,2000.11.28 02:00,0,,0,,0,,0,NA,Asia,NA,,NA,,0.38620,UNTOUCHED,,0,,0,,0,,0,NA,Other,NA,,NA,,0.40720,BOUNCE,2000.11.28 02:00,0,,0,,0,,0,NA,Asia,NA,,NA,,0.39370,UNTOUCHED,,0,,0,,0,,0,NA,Other,NA,,NA,,S-ZD-UN,S-ZH-BR,B-ZE-BR,B-ZO-BO,B-ZG-BR,B-ZG-BR,B-ZO-BR,B-ZO-BO,B-ZO-BR,S-ZB-UN,S-ZO-UN,S-ZH-UN,B-ZF-BO,S-ZO-UN,S-ZO-UN,B-ZG-BR,B-ZO-BR,B-ZD-BO,B-ZD-BO,B-ZH-BR
101,2000.11.25 00:00,NZDUSD,60,86400,SELL,ZO,0,0.40470,0.39820,650.0,0.40340,0.39790,550.0,84.615,20.00,520.0,153.4,0.40340,0.39820,0.39270,UNTOUCHED,,0,,0,,0,,0,NA,Other,NA,,NA,,0.40990,BREAK,2000.11.30 02:00,0,,0,,0,,0,NA,Asia,BREAK,2000.12.01 02:00,BREAK,2000.12.04 02:00,0.39300,UNTOUCHED,,0,,0,,0,,0,NA,Other,NA,,NA,,0.40860,BOUNCE,2000.11.28 02:00,0,,0,,0,,0,NA,Asia,NA,,NA,,B-ZE-BO,S-ZD-UN,S-ZH-BR,B-ZE-BR,B-ZO-BO,B-ZG-BR,B-ZG-BR,B-ZO-BR,B-ZO-BO,B-ZO-BR,S-ZH-UN,B-ZF-BO,S-ZO-UN,S-ZO-UN,B-ZG-BR,B-ZO-BR,B-ZD-BO,B-ZD-BO,B-ZH-BR,B-ZB-UN
102,2000.11.30 00:00,NZDUSD,60,86400,SELL,ZH,0,0.40950,0.40320,630.0,0.40730,0.40270,460.0,73.016,34.92,410.0,148.7,0.40730,0.40320,0.39860,UNTOUCHED,,0,,0,,0,,0,NA,Other,NA,,NA,,0.41360,BREAK,2000.12.01 02:00,0,,0,,0,,0,NA,Asia,BOUNCE,2000.12.01 16:00,NA,,0.39910,UNTOUCHED,,0,,0,,0,,0,NA,Other,NA,,NA,,0.41140,BREAK,2000.11.30 02:00,0,,0,,0,,0,NA,Asia,BREAK,2000.12.01 02:00,BREAK,2000.12.04 02:00,S-ZO-UN,B-ZE-BO,S-ZD-UN,S-ZH-BR,B-ZE-BR,B-ZO-BO,B-ZG-BR,B-ZG-BR,B-ZO-BR,B-ZO-BO,B-ZF-BO,S-ZO-UN,S-ZO-UN,B-ZG-BR,B-ZO-BR,B-ZD-BO,B-ZD-BO,B-ZH-BR,B-ZB-UN,S-ZF-BR
103,2000.12.01 00:00,NZDUSD,60,86400,BUY,ZF,1,0.40730,0.40270,460.0,0.41310,0.40280,1030.0,223.913,2.17,450.0,108.6,0.40730,0.40280,0.41760,BOUNCE,2000.12.01 02:00,0,,0,,0,,0,NA,Asia,NA,,NA,,0.39820,UNTOUCHED,,0,,0,,0,,0,NA,Other,NA,,NA,,0.41180,BREAK,2000.12.01 00:00,0,,0,,0,,0,NA,Asia,BREAK,2000.12.01 02:00,BREAK,2000.12.04 02:00,0.39830,UNTOUCHED,,0,,0,,0,,0,NA,Other,NA,,NA,,S-ZH-UN,S-ZO-UN,B-ZE-BO,S-ZD-UN,S-ZH-BR,B-ZE-BR,B-ZO-BO,B-ZG-BR,B-ZG-BR,B-ZO-BR,S-ZO-UN,S-ZO-UN,B-ZG-BR,B-ZO-BR,B-ZD-BO,B-ZD-BO,B-ZH-BR,B-ZB-UN,S-ZF-BR,B-ZO-UN
104,2000.12.09 00:00,NZDUSD,60,86400,SELL,ZO,0,0.43110,0.42540,570.0,0.43050,0.42470,580.0,101.754,10.53,510.0,134.5,0.43050,0.42540,0.41960,UNTOUCHED,,0,,0,,0,,0,NA,Other,NA,,NA,,0.43620,BREAK,2000.12.20 02:00,0,,0,,0,,0,NA,Asia,BOUNCE,2000.12.25 02:00,NA,,0.42030,BOUNCE,2000.12.12 02:00,1,2000.12.20 02:00,1,2000.12.20 02:00,0,,2,1w 1d,Asia,NA,,NA,,0.43560,BREAK,2000.12.20 02:00,0,,0,,0,,0,NA,Asia,BOUNCE,2000.12.25 02:00,NA,,B-ZF-BO,S-ZH-UN,S-ZO-UN,B-ZE-BO,S-ZD-UN,S-ZH-BR,B-ZE-BR,B-ZO-BO,B-ZG-BR,B-ZG-BR,S-ZO-UN,B-ZG-BR,B-ZO-BR,B-ZD-BO,B-ZD-BO,B-ZH-BR,B-ZB-UN,S-ZF-BR,B-ZO-UN,B-ZO-UN
105,2000.12.13 00:00,NZDUSD,60,86400,SELL,ZO,0,0.42730,0.42160,570.0,0.42560,0.42010,550.0,96.491,29.82,400.0,134.5,0.42560,0.42160,0.41610,UNTOUCHED,,0,,0,,0,,0,NA,Other,NA,,NA,,0.43130,BREAK,2000.12.18 02:00,0,,0,,0,,0,NA,Asia,BREAK,2000.12.20 02:00,BREAK,2000.12.21 02:00,0.41760,UNTOUCHED,,0,,0,,0,,0,NA,Other,NA,,NA,,0.42960,BOUNCE,2000.12.15 02:00,0,,0,,0,,0,NA,Asia,NA,,NA,,S-ZO-UN,B-ZF-BO,S-ZH-UN,S-ZO-UN,B-ZE-BO,S-ZD-UN,S-ZH-BR,B-ZE-BR,B-ZO-BO,B-ZG-BR,B-ZG-BR,B-ZO-BR,B-ZD-BO,B-ZD-BO,B-ZH-BR,B-ZB-UN,S-ZF-BR,B-ZO-UN,B-ZO-UN,B-ZE-UN
106,2000.12.15 00:00,NZDUSD,60,86400,BUY,ZG,0,0.42470,0.42020,450.0,0.42670,0.42090,580.0,128.889,15.56,380.0,106.2,0.42470,0.42090,0.43050,BREAK,2000.12.18 02:00,0,,0,,0,,0,NA,Asia,BREAK,2000.12.20 02:00,BREAK,2000.12.21 00:00,0.41640,UNTOUCHED,,0,,0,,0,,0,NA,Other,NA,,NA,,0.42850,BREAK,2000.12.15 02:00,0,,0,,0,,0,NA,Asia,BOUNCE,2000.12.18 02:00,NA,,0.41710,UNTOUCHED,,0,,0,,0,,0,NA,Other,NA,,NA,,S-ZO-UN,S-ZO-UN,B-ZF-BO,S-ZH-UN,S-ZO-UN,B-ZE-BO,S-ZD-UN,S-ZH-BR,B-ZE-BR,B-ZO-BO,B-ZO-BR,B-ZD-BO,B-ZD-BO,B-ZH-BR,B-ZB-UN,S-ZF-BR,B-ZO-UN,B-ZO-UN,B-ZE-UN,B-ZO-UN
107,2000.12.16 00:00,NZDUSD,60,86400,BUY,ZO,1,0.42670,0.42090,580.0,0.43050,0.42250,800.0,137.931,27.59,420.0,136.9,0.42670,0.42250,0.43470,BREAK,2000.12.20 02:00,0,,0,,0,,0,NA,Asia,BREAK,2000.12.21 01:00,BREAK,2000.12.27 02:00,0.41670,UNTOUCHED,,0,,0,,0,,0,NA,Other,NA,,NA,,0.43090,BREAK,2000.12.18 02:00,0,,0,,0,,0,NA,Asia,BREAK,2000.12.20 02:00,BREAK,2000.12.21 02:00,0.41830,UNTOUCHED,,0,,0,,0,,0,NA,Other,NA,,NA,,B-ZG-BR,S-ZO-UN,S-ZO-UN,B-ZF-BO,S-ZH-UN,S-ZO-UN,B-ZE-BO,S-ZD-UN,S-ZH-BR,B-ZE-BR,B-ZD-BO,B-ZD-BO,B-ZH-BR,B-ZB-UN,S-ZF-BR,B-ZO-UN,B-ZO-UN,B-ZE-UN,B-ZO-UN,S-ZD-BR
108,2000.12.22 00:00,NZDUSD,60,86400,BUY,ZD,1,0.44020,0.42940,1080.0,0.44130,0.43700,430.0,39.815,70.37,320.0,254.9,0.44020,0.43700,0.44450,BOUNCE,2000.12.27 02:00,1,2001.01.03 02:00,1,2001.01.25 02:00,0,,2,4w 1d,Asia,NA,,NA,,0.42620,UNTOUCHED,,0,,0,,0,,0,NA,Other,NA,,NA,,0.44340,BOUNCE,2000.12.27 02:00,1,2001.01.25 02:00,0,,0,,1,4w 1d,Asia,NA,,NA,,0.43380,BOUNCE,2000.12.25 02:00,1,2000.12.27 02:00,1,2000.12.27 02:00,0,,2,2d 0h,Asia,NA,,NA,,B-ZO-BR,B-ZG-BR,S-ZO-UN,S-ZO-UN,B-ZF-BO,S-ZH-UN,S-ZO-UN,B-ZE-BO,S-ZD-UN,S-ZH-BR,B-ZD-BO,B-ZH-BR,B-ZB-UN,S-ZF-BR,B-ZO-UN,B-ZO-UN,B-ZE-UN,B-ZO-UN,S-ZD-BR,B-ZH-BR
109,2000.12.27 00:00,NZDUSD,60,86400,BUY,ZD,1,0.44170,0.43340,830.0,0.44330,0.43970,360.0,43.373,75.90,200.0,195.9,0.44170,0.43970,0.44530,BOUNCE,2001.01.02 02:00,1,2001.01.02 14:00,1,2001.01.03 02:00,0,,2,1d 0h,Asia,NA,,NA,,0.43140,UNTOUCHED,,0,,0,,0,,0,NA,Other,NA,,NA,,0.44370,BOUNCE,2000.12.27 02:00,1,2001.01.03 02:00,0,,0,,1,1w 0d,Asia,NA,,NA,,0.43770,BOUNCE,2001.01.03 02:00,1,2001.01.03 03:00,1,2001.01.03 03:00,0,,2,1h,Asia,NA,,NA,,B-ZD-BO,B-ZO-BR,B-ZG-BR,S-ZO-UN,S-ZO-UN,B-ZF-BO,S-ZH-UN,S-ZO-UN,B-ZE-BO,S-ZD-UN,B-ZH-BR,B-ZB-UN,S-ZF-BR,B-ZO-UN,B-ZO-UN,B-ZE-UN,B-ZO-UN,S-ZD-BR,B-ZH-BR,B-ZD-BO
110,2000.12.28 00:00,NZDUSD,60,86400,BUY,ZH,0,0.44330,0.43970,360.0,0.44480,0.44090,390.0,108.333,33.33,240.0,85.0,0.44330,0.44090,0.44720,BREAK,2001.01.03 02:00,0,,0,,0,,0,NA,Asia,BREAK,2001.01.05 02:00,BREAK,2001.01.05 07:00,0.43730,BREAK,2001.01.24 02:00,0,,0,,0,,0,NA,Asia,BREAK,2001.01.25 02:00,BOUNCE,2001.01.25 19:00,0.44570,BREAK,2001.01.02 02:00,0,,0,,0,,0,NA,Asia,BREAK,2001.01.03 02:00,BREAK,2001.01.05 02:00,0.43850,BREAK,2001.01.03 02:00,0,,0,,0,,0,NA,Asia,BREAK,2001.01.25 02:00,BREAK,2001.01.25 14:00,B-ZD-BO,B-ZD-BO,B-ZO-BR,B-ZG-BR,S-ZO-UN,S-ZO-UN,B-ZF-BO,S-ZH-UN,S-ZO-UN,B-ZE-BO,B-ZB-UN,S-ZF-BR,B-ZO-UN,B-ZO-UN,B-ZE-UN,B-ZO-UN,S-ZD-BR,B-ZH-BR,B-ZD-BO,B-ZO-UN
111,2001.01.06 00:00,NZDUSD,60,86400,BUY,ZB,1,0.44780,0.43730,1050.0,0.45390,0.44520,870.0,82.857,75.24,260.0,247.8,0.44780,0.44520,0.45650,UNTOUCHED,,0,,0,,0,,0,NA,Other,NA,,NA,,0.43470,BOUNCE,2001.01.25 02:00,1,2001.01.30 02:00,1,2001.02.02 02:00,0,,2,1w 1d,Asia,NA,,NA,,0.45040,BREAK,2001.01.06 00:00,0,,0,,0,,0,NA,Asia,BOUNCE,2001.01.08 02:00,NA,,0.44260,BOUNCE,2001.01.15 02:00,1,2001.01.19 02:00,1,2001.01.19 02:00,0,,2,4d 0h,Asia,NA,,NA,,B-ZH-BR,B-ZD-BO,B-ZD-BO,B-ZO-BR,B-ZG-BR,S-ZO-UN,S-ZO-UN,B-ZF-BO,S-ZH-UN,S-ZO-UN,S-ZF-BR,B-ZO-UN,B-ZO-UN,B-ZE-UN,B-ZO-UN,S-ZD-BR,B-ZH-BR,B-ZD-BO,B-ZO-UN,S-ZF-BR
112,2001.01.10 00:00,NZDUSD,60,86400,SELL,ZF,1,0.45550,0.44960,590.0,0.45330,0.44320,1010.0,171.186,37.29,370.0,139.2,0.45330,0.44960,0.43950,BREAK,2001.01.24 02:00,0,,0,,0,,0,NA,Asia,BREAK,2001.01.25 02:00,BOUNCE,2001.01.25 21:00,0.45920,UNTOUCHED,,0,,0,,0,,0,NA,Other,NA,,NA,,0.44590,BREAK,2001.01.10 02:00,0,,0,,0,,0,NA,Asia,BOUNCE,2001.01.15 02:00,NA,,0.45700,UNTOUCHED,,0,,0,,0,,0,NA,Other,NA,,NA,,B-ZB-UN,B-ZH-BR,B-ZD-BO,B-ZD-BO,B-ZO-BR,B-ZG-BR,S-ZO-UN,S-ZO-UN,B-ZF-BO,S-ZH-UN,B-ZO-UN,B-ZO-UN,B-ZE-UN,B-ZO-UN,S-ZD-BR,B-ZH-BR,B-ZD-BO,B-ZO-UN,S-ZF-BR,S-ZE-BR
113,2001.01.13 00:00,NZDUSD,60,86400,BUY,ZO,0,0.45250,0.44300,950.0,0.45280,0.44500,780.0,82.105,21.05,750.0,224.2,0.45250,0.44500,0.46030,UNTOUCHED,,0,,0,,0,,0,NA,Other,NA,,NA,,0.43550,BREAK,2001.01.25 02:00,0,,0,,0,,0,NA,Asia,BREAK,2001.02.15 02:00,BREAK,2001.03.08 02:00,0.46000,UNTOUCHED,,0,,0,,0,,0,NA,Other,NA,,NA,,0.43750,BOUNCE,2001.01.24 02:00,0,,0,,0,,0,NA,Asia,NA,,NA,,S-ZF-BR,B-ZB-UN,B-ZH-BR,B-ZD-BO,B-ZD-BO,B-ZO-BR,B-ZG-BR,S-ZO-UN,S-ZO-UN,B-ZF-BO,B-ZO-UN,B-ZE-UN,B-ZO-UN,S-ZD-BR,B-ZH-BR,B-ZD-BO,B-ZO-UN,S-ZF-BR,S-ZE-BR,S-ZB-BO
114,2001.01.18 00:00,NZDUSD,60,86400,BUY,ZO,0,0.44790,0.44100,690.0,0.44870,0.44140,730.0,105.797,5.80,650.0,162.8,0.44790,0.44140,0.45520,UNTOUCHED,,0,,0,,0,,0,NA,Other,NA,,NA,,0.43450,BREAK,2001.01.25 02:00,0,,0,,0,,0,NA,Asia,BOUNCE,2001.02.14 02:00,NA,,0.45440,UNTOUCHED,,0,,0,,0,,0,NA,Other,NA,,NA,,0.43490,BREAK,2001.01.25 02:00,0,,0,,0,,0,NA,Asia,BREAK,2001.02.15 02:00,BREAK,2001.03.08 02:00,B-ZO-UN,S-ZF-BR,B-ZB-UN,B-ZH-BR,B-ZD-BO,B-ZD-BO,B-ZO-BR,B-ZG-BR,S-ZO-UN,S-ZO-UN,B-ZE-UN,B-ZO-UN,S-ZD-BR,B-ZH-BR,B-ZD-BO,B-ZO-UN,S-ZF-BR,S-ZE-BR,S-ZB-BO,S-ZB-BR
115,2001.01.19 00:00,NZDUSD,60,86400,BUY,ZE,1,0.44870,0.44140,730.0,0.44960,0.44430,530.0,72.603,39.73,440.0,172.3,0.44870,0.44430,0.45400,UNTOUCHED,,0,,0,,0,,0,NA,Other,NA,,NA,,0.43700,BOUNCE,2001.01.24 02:00,1,2001.01.24 03:00,0,,0,,1,1h,Asia,NA,,NA,,0.45310,UNTOUCHED,,0,,0,,0,,0,NA,Other,NA,,NA,,0.43990,BREAK,2001.01.24 02:00,0,,0,,0,,0,NA,Asia,BREAK,2001.01.25 02:00,BREAK,2001.02.14 02:00,B-ZO-UN,B-ZO-UN,S-ZF-BR,B-ZB-UN,B-ZH-BR,B-ZD-BO,B-ZD-BO,B-ZO-BR,B-ZG-BR,S-ZO-UN,B-ZO-UN,S-ZD-BR,B-ZH-BR,B-ZD-BO,B-ZO-UN,S-ZF-BR,S-ZE-BR,S-ZB-BO,S-ZB-BR,B-ZG-BO
116,2001.01.20 00:00,NZDUSD,60,86400,BUY,ZO,0,0.44960,0.44430,530.0,0.45250,0.44630,620.0,116.981,37.74,330.0,125.1,0.44960,0.44630,0.45580,UNTOUCHED,,0,,0,,0,,0,NA,Other,NA,,NA,,0.44100,BREAK,2001.01.24 02:00,0,,0,,0,,0,NA,Asia,BOUNCE,2001.01.24 17:00,NA,,0.45290,UNTOUCHED,,0,,0,,0,,0,NA,Other,NA,,NA,,0.44300,BREAK,2001.01.24 02:00,0,,0,,0,,0,NA,Asia,BREAK,2001.01.24 17:00,BREAK,2001.01.25 02:00,B-ZE-UN,B-ZO-UN,B-ZO-UN,S-ZF-BR,B-ZB-UN,B-ZH-BR,B-ZD-BO,B-ZD-BO,B-ZO-BR,B-ZG-BR,S-ZD-BR,B-ZH-BR,B-ZD-BO,B-ZO-UN,S-ZF-BR,S-ZE-BR,S-ZB-BO,S-ZB-BR,B-ZG-BO,B-ZO-UN
117,2001.01.25 00:00,NZDUSD,60,86400,SELL,ZD,1,0.44950,0.44540,410.0,0.44780,0.43630,1150.0,280.488,41.46,240.0,96.8,0.44780,0.44540,0.43390,BREAK,2001.01.25 02:00,0,,0,,0,,0,NA,Asia,BREAK,2001.02.14 02:00,BREAK,2001.02.14 18:00,0.45190,UNTOUCHED,,0,,0,,0,,0,NA,Other,NA,,NA,,0.44300,BREAK,2001.01.25 00:00,0,,0,,0,,0,NA,Asia,BREAK,2001.01.25 01:00,BREAK,2001.01.25 02:00,0.45020,BREAK,2001.02.02 02:00,0,,0,,0,,0,NA,Asia,UNTOUCHED,,NA,,B-ZO-UN,B-ZE-UN,B-ZO-UN,B-ZO-UN,S-ZF-BR,B-ZB-UN,B-ZH-BR,B-ZD-BO,B-ZD-BO,B-ZO-BR,B-ZH-BR,B-ZD-BO,B-ZO-UN,S-ZF-BR,S-ZE-BR,S-ZB-BO,S-ZB-BR,B-ZG-BO,B-ZO-UN,B-ZH-UN
118,2001.01.31 00:00,NZDUSD,60,86400,BUY,ZH,1,0.43810,0.43260,550.0,0.44260,0.43310,950.0,172.727,9.09,500.0,129.8,0.43810,0.43310,0.44760,BREAK,2001.02.01 02:00,0,,0,,0,,0,NA,Asia,UNTOUCHED,,NA,,0.42760,BREAK,2001.02.14 18:00,0,,0,,0,,0,NA,NewYork,BOUNCE,2001.03.07 02:00,NA,,0.44310,BREAK,2001.01.31 02:00,0,,0,,0,,0,NA,Asia,BREAK,2001.02.02 02:00,UNTOUCHED,,0.42810,BOUNCE,2001.02.14 02:00,0,,0,,0,,0,NA,Asia,NA,,NA,,S-ZD-BR,B-ZO-UN,B-ZE-UN,B-ZO-UN,B-ZO-UN,S-ZF-BR,B-ZB-UN,B-ZH-BR,B-ZD-BO,B-ZD-BO,B-ZD-BO,B-ZO-UN,S-ZF-BR,S-ZE-BR,S-ZB-BO,S-ZB-BR,B-ZG-BO,B-ZO-UN,B-ZH-UN,S-ZG-BR
119,2001.02.02 00:00,NZDUSD,60,86400,BUY,ZD,1,0.44530,0.43840,690.0,0.44930,0.44320,610.0,88.406,69.57,210.0,162.8,0.44530,0.44320,0.45140,BOUNCE,2001.02.02 02:00,1,2001.02.02 16:00,1,2001.02.05 02:00,1,2001.02.08 02:00,3,6d 0h,Asia,NA,,NA,,0.43630,BREAK,2001.02.08 02:00,0,,0,,0,,0,NA,Asia,BOUNCE,2001.02.09 02:00,NA,,0.44740,BREAK,2001.02.02 01:00,0,,0,,0,,0,NA,Asia,BREAK,2001.02.02 12:00,UNTOUCHED,,0.44110,BOUNCE,2001.02.05 02:00,0,,0,,0,,0,NA,Asia,NA,,NA,,B-ZH-BR,S-ZD-BR,B-ZO-UN,B-ZE-UN,B-ZO-UN,B-ZO-UN,S-ZF-BR,B-ZB-UN,B-ZH-BR,B-ZD-BO,B-ZO-UN,S-ZF-BR,S-ZE-BR,S-ZB-BO,S-ZB-BR,B-ZG-BO,B-ZO-UN,B-ZH-UN,S-ZG-BR,B-ZD-BO
120,2001.02.03 00:00,NZDUSD,60,86400,BUY,ZO,0,0.44930,0.44320,610.0,0.45140,0.44400,740.0,121.311,13.11,530.0,144.0,0.44930,0.44400,0.45670,UNTOUCHED,,0,,0,,0,,0,NA,Other,NA,,NA,,0.43790,BREAK,2001.02.08 02:00,0,,0,,0,,0,NA,Asia,BOUNCE,2001.02.09 02:00,NA,,0.45460,UNTOUCHED,,0,,0,,0,,0,NA,Other,NA,,NA,,0.43870,BREAK,2001.02.08 02:00,0,,0,,0,,0,NA,Asia,BOUNCE,2001.02.09 14:00,NA,,B-ZD-BO,B-ZH-BR,S-ZD-BR,B-ZO-UN,B-ZE-UN,B-ZO-UN,B-ZO-UN,S-ZF-BR,B-ZB-UN,B-ZH-BR,S-ZF-BR,S-ZE-BR,S-ZB-BO,S-ZB-BR,B-ZG-BO,B-ZO-UN,B-ZH-UN,S-ZG-BR,B-ZD-BO,B-ZD-UN
121,2001.02.09 00:00,NZDUSD,60,86400,SELL,ZF,1,0.44550,0.43990,560.0,0.44390,0.43340,1050.0,187.500,28.57,400.0,132.2,0.44390,0.43990,0.42940,BREAK,2001.02.14 02:00,0,,0,,0,,0,NA,Asia,BOUNCE,2001.02.15 02:00,NA,,0.44950,UNTOUCHED,,0,,0,,0,,0,NA,Other,NA,,NA,,0.43590,BREAK,2001.02.09 00:00,0,,0,,0,,0,NA,Asia,BREAK,2001.02.14 02:00,BREAK,2001.02.15 02:00,0.44790,UNTOUCHED,,0,,0,,0,,0,NA,Other,NA,,NA,,B-ZO-UN,B-ZD-BO,B-ZH-BR,S-ZD-BR,B-ZO-UN,B-ZE-UN,B-ZO-UN,B-ZO-UN,S-ZF-BR,B-ZB-UN,S-ZE-BR,S-ZB-BO,S-ZB-BR,B-ZG-BO,B-ZO-UN,B-ZH-UN,S-ZG-BR,B-ZD-BO,B-ZD-UN,S-ZE-BR
122,2001.02.10 00:00,NZDUSD,60,86400,SELL,ZE,1,0.44390,0.43340,1050.0,0.43900,0.43260,640.0,60.952,46.67,560.0,247.8,0.43900,0.43340,0.42700,BREAK,2001.02.15 02:00,0,,0,,0,,0,NA,Asia,BREAK,2001.03.08 02:00,BREAK,2001.03.15 00:00,0.44950,UNTOUCHED,,0,,0,,0,,0,NA,Other,NA,,NA,,0.42780,BREAK,2001.02.14 18:00,0,,0,,0,,0,NA,NewYork,BOUNCE,2001.03.07 02:00,NA,,0.44460,UNTOUCHED,,0,,0,,0,,0,NA,Other,NA,,NA,,S-ZF-BR,B-ZO-UN,B-ZD-BO,B-ZH-BR,S-ZD-BR,B-ZO-UN,B-ZE-UN,B-ZO-UN,B-ZO-UN,S-ZF-BR,S-ZB-BO,S-ZB-BR,B-ZG-BO,B-ZO-UN,B-ZH-UN,S-ZG-BR,B-ZD-BO,B-ZD-UN,S-ZE-BR,S-ZF-BR
123,2001.02.15 00:00,NZDUSD,60,86400,SELL,ZB,1,0.43980,0.43300,680.0,0.43470,0.42750,720.0,105.882,75.00,170.0,160.5,0.43470,0.43300,0.42580,BOUNCE,2001.02.15 02:00,1,2001.02.15 03:00,1,2001.02.26 02:00,0,,2,1w 4d,Asia,NA,,NA,,0.44150,UNTOUCHED,,0,,0,,0,,0,NA,Other,NA,,NA,,0.43130,BREAK,2001.02.15 00:00,0,,0,,0,,0,NA,Asia,BREAK,2001.02.15 01:00,BREAK,2001.02.15 02:00,0.43640,BOUNCE,2001.02.26 02:00,1,2001.02.26 16:00,1,2001.02.26 16:00,0,,2,14h,Asia,NA,,NA,,S-ZE-BR,S-ZF-BR,B-ZO-UN,B-ZD-BO,B-ZH-BR,S-ZD-BR,B-ZO-UN,B-ZE-UN,B-ZO-UN,B-ZO-UN,S-ZB-BR,B-ZG-BO,B-ZO-UN,B-ZH-UN,S-ZG-BR,B-ZD-BO,B-ZD-UN,S-ZE-BR,S-ZF-BR,B-ZO-UN
124,2001.02.16 00:00,NZDUSD,60,86400,SELL,ZB,1,0.43470,0.42750,720.0,0.43020,0.42400,620.0,86.111,62.50,270.0,169.9,0.43020,0.42750,0.42130,BREAK,2001.03.08 02:00,0,,0,,0,,0,NA,Asia,BOUNCE,2001.03.08 11:00,NA,,0.43740,BOUNCE,2001.03.02 02:00,1,2001.03.05 02:00,1,2001.03.07 02:00,1,2001.03.08 02:00,3,6d 0h,Asia,NA,,NA,,0.42480,BOUNCE,2001.02.16 00:00,1,2001.02.21 02:00,1,2001.03.02 02:00,0,,2,2w 0d,Asia,NA,,NA,,0.43290,BOUNCE,2001.02.21 02:00,1,2001.03.07 02:00,1,2001.03.07 02:00,0,,2,2w 0d,Asia,NA,,NA,,S-ZB-BO,S-ZE-BR,S-ZF-BR,B-ZO-UN,B-ZD-BO,B-ZH-BR,S-ZD-BR,B-ZO-UN,B-ZE-UN,B-ZO-UN,B-ZG-BO,B-ZO-UN,B-ZH-UN,S-ZG-BR,B-ZD-BO,B-ZD-UN,S-ZE-BR,S-ZF-BR,B-ZO-UN,S-ZF-BR
125,2001.02.17 00:00,NZDUSD,60,86400,BUY,ZG,0,0.43020,0.42400,620.0,0.43090,0.42430,660.0,106.452,4.84,590.0,146.3,0.43020,0.42430,0.43680,BOUNCE,2001.02.26 06:00,1,2001.03.07 02:00,1,2001.03.08 02:00,1,2001.03.08 02:00,3,1w 2d,Asia,NA,,NA,,0.41810,BOUNCE,2001.03.08 02:00,0,,0,,0,,0,NA,Asia,NA,,NA,,0.43610,BOUNCE,2001.02.26 02:00,1,2001.03.08 02:00,1,2001.03.08 02:00,0,,2,1w 3d,Asia,NA,,NA,,0.41840,BOUNCE,2001.03.08 02:00,0,,0,,0,,0,NA,Asia,NA,,NA,,S-ZB-BR,S-ZB-BO,S-ZE-BR,S-ZF-BR,B-ZO-UN,B-ZD-BO,B-ZH-BR,S-ZD-BR,B-ZO-UN,B-ZE-UN,B-ZO-UN,B-ZH-UN,S-ZG-BR,B-ZD-BO,B-ZD-UN,S-ZE-BR,S-ZF-BR,B-ZO-UN,S-ZF-BR,S-ZO-BR
126,2001.02.22 00:00,NZDUSD,60,86400,BUY,ZO,0,0.43240,0.42490,750.0,0.43340,0.42690,650.0,86.667,26.67,550.0,177.0,0.43240,0.42690,0.43890,UNTOUCHED,,0,,0,,0,,0,NA,Other,NA,,NA,,0.41940,BREAK,2001.03.08 02:00,0,,0,,0,,0,NA,Asia,BREAK,2001.03.15 01:00,BOUNCE,2001.03.16 16:00,0.43790,BOUNCE,2001.03.02 02:00,1,2001.03.08 02:00,1,2001.03.08 02:00,0,,2,6d 0h,Asia,NA,,NA,,0.42140,BREAK,2001.03.08 02:00,0,,0,,0,,0,NA,Asia,BREAK,2001.03.15 00:00,BREAK,2001.03.16 12:00,B-ZG-BO,S-ZB-BR,S-ZB-BO,S-ZE-BR,S-ZF-BR,B-ZO-UN,B-ZD-BO,B-ZH-BR,S-ZD-BR,B-ZO-UN,B-ZH-UN,S-ZG-BR,B-ZD-BO,B-ZD-UN,S-ZE-BR,S-ZF-BR,B-ZO-UN,S-ZF-BR,S-ZO-BR,B-ZO-UN
127,2001.02.24 00:00,NZDUSD,60,86400,BUY,ZH,1,0.43220,0.42640,580.0,0.43590,0.42820,770.0,132.759,31.03,400.0,136.9,0.43220,0.42820,0.43990,UNTOUCHED,,0,,0,,0,,0,NA,Other,NA,,NA,,0.42240,BOUNCE,2001.03.07 02:00,1,2001.03.07 03:00,0,,0,,1,1h,Asia,NA,,NA,,0.43620,BOUNCE,2001.02.26 02:00,1,2001.03.07 02:00,1,2001.03.07 02:00,0,,2,1w 2d,Asia,NA,,NA,,0.42420,BREAK,2001.03.07 02:00,0,,0,,0,,0,NA,Asia,BREAK,2001.03.08 02:00,BREAK,2001.03.14 19:00,B-ZO-UN,B-ZG-BO,S-ZB-BR,S-ZB-BO,S-ZE-BR,S-ZF-BR,B-ZO-UN,B-ZD-BO,B-ZH-BR,S-ZD-BR,S-ZG-BR,B-ZD-BO,B-ZD-UN,S-ZE-BR,S-ZF-BR,B-ZO-UN,S-ZF-BR,S-ZO-BR,B-ZO-UN,S-ZE-BO
128,2001.03.01 00:00,NZDUSD,60,86400,SELL,ZG,0,0.43470,0.42950,520.0,0.43330,0.42810,520.0,100.000,26.92,380.0,122.7,0.43330,0.42950,0.42430,BREAK,2001.03.07 02:00,0,,0,,0,,0,NA,Asia,BREAK,2001.03.08 02:00,BREAK,2001.03.13 19:00,0.43850,BOUNCE,2001.03.02 19:00,1,2001.03.05 16:00,1,2001.03.07 02:00,1,2001.03.07 02:00,3,4d 7h,NewYork,NA,,NA,,0.42570,BREAK,2001.03.07 02:00,0,,0,,0,,0,NA,Asia,BREAK,2001.03.08 02:00,BOUNCE,2001.03.08 11:00,0.43710,BOUNCE,2001.03.02 02:00,1,2001.03.07 02:00,1,2001.03.07 02:00,0,,2,5d 0h,Asia,NA,,NA,,B-ZH-UN,B-ZO-UN,B-ZG-BO,S-ZB-BR,S-ZB-BO,S-ZE-BR,S-ZF-BR,B-ZO-UN,B-ZD-BO,B-ZH-BR,B-ZD-BO,B-ZD-UN,S-ZE-BR,S-ZF-BR,B-ZO-UN,S-ZF-BR,S-ZO-BR,B-ZO-UN,S-ZE-BO,B-ZC-BO
129,2001.03.02 00:00,NZDUSD,60,86400,BUY,ZD,1,0.43330,0.42810,520.0,0.43450,0.43020,430.0,82.692,40.38,310.0,122.7,0.43330,0.43020,0.43760,BOUNCE,2001.03.02 02:00,1,2001.03.05 02:00,1,2001.03.07 02:00,1,2001.03.07 02:00,3,5d 0h,Asia,NA,,NA,,0.42500,BREAK,2001.03.07 02:00,0,,0,,0,,0,NA,Asia,BREAK,2001.03.08 02:00,BOUNCE,2001.03.08 11:00,0.43640,BREAK,2001.03.02 02:00,0,,0,,0,,0,NA,Asia,UNTOUCHED,,NA,,0.42710,BREAK,2001.03.07 02:00,0,,0,,0,,0,NA,Asia,BREAK,2001.03.07 19:00,BREAK,2001.03.08 02:00,S-ZG-BR,B-ZH-UN,B-ZO-UN,B-ZG-BO,S-ZB-BR,S-ZB-BO,S-ZE-BR,S-ZF-BR,B-ZO-UN,B-ZD-BO,B-ZD-UN,S-ZE-BR,S-ZF-BR,B-ZO-UN,S-ZF-BR,S-ZO-BR,B-ZO-UN,S-ZE-BO,B-ZC-BO,S-ZG-BR
130,2001.03.03 00:00,NZDUSD,60,86400,BUY,ZD,1,0.43450,0.43020,430.0,0.43850,0.43220,630.0,146.512,46.51,230.0,101.5,0.43450,0.43220,0.44080,UNTOUCHED,,0,,0,,0,,0,NA,Other,NA,,NA,,0.42790,BOUNCE,2001.03.06 02:00,1,2001.03.06 03:00,0,,0,,1,1h,Asia,NA,,NA,,0.43680,UNTOUCHED,,0,,0,,0,,0,NA,Other,NA,,NA,,0.42990,BREAK,2001.03.06 02:00,0,,0,,0,,0,NA,Asia,BOUNCE,2001.03.06 13:00,NA,,B-ZD-BO,S-ZG-BR,B-ZH-UN,B-ZO-UN,B-ZG-BO,S-ZB-BR,S-ZB-BO,S-ZE-BR,S-ZF-BR,B-ZO-UN,S-ZE-BR,S-ZF-BR,B-ZO-UN,S-ZF-BR,S-ZO-BR,B-ZO-UN,S-ZE-BO,B-ZC-BO,S-ZG-BR,S-ZG-BO
131,2001.03.07 00:00,NZDUSD,60,86400,SELL,ZE,1,0.43670,0.43060,610.0,0.43380,0.42730,650.0,106.557,47.54,320.0,144.0,0.43380,0.43060,0.42410,BREAK,2001.03.07 02:00,0,,0,,0,,0,NA,Asia,BREAK,2001.03.08 02:00,BOUNCE,2001.03.08 11:00,0.43990,UNTOUCHED,,0,,0,,0,,0,NA,Other,NA,,NA,,0.42740,BREAK,2001.03.07 02:00,0,,0,,0,,0,NA,Asia,BREAK,2001.03.07 19:00,BREAK,2001.03.08 02:00,0.43700,UNTOUCHED,,0,,0,,0,,0,NA,Other,NA,,NA,,B-ZD-UN,B-ZD-BO,S-ZG-BR,B-ZH-UN,B-ZO-UN,B-ZG-BO,S-ZB-BR,S-ZB-BO,S-ZE-BR,S-ZF-BR,S-ZF-BR,B-ZO-UN,S-ZF-BR,S-ZO-BR,B-ZO-UN,S-ZE-BO,B-ZC-BO,S-ZG-BR,S-ZG-BO,B-ZF-BR
132,2001.03.08 00:00,NZDUSD,60,86400,SELL,ZF,1,0.43380,0.42730,650.0,0.43350,0.42220,1130.0,173.846,4.62,620.0,153.4,0.43350,0.42730,0.41600,BREAK,2001.03.13 13:00,0,,0,,0,,0,NA,NewYork,BREAK,2001.03.16 12:00,BREAK,2001.03.30 02:00,0.44000,UNTOUCHED,,0,,0,,0,,0,NA,Other,NA,,NA,,0.42110,BREAK,2001.03.08 02:00,0,,0,,0,,0,NA,Asia,BREAK,2001.03.15 00:00,BREAK,2001.03.16 13:00,0.43970,UNTOUCHED,,0,,0,,0,,0,NA,Other,NA,,NA,,S-ZE-BR,B-ZD-UN,B-ZD-BO,S-ZG-BR,B-ZH-UN,B-ZO-UN,B-ZG-BO,S-ZB-BR,S-ZB-BO,S-ZE-BR,B-ZO-UN,S-ZF-BR,S-ZO-BR,B-ZO-UN,S-ZE-BO,B-ZC-BO,S-ZG-BR,S-ZG-BO,B-ZF-BR,B-ZD-BR
133,2001.03.10 00:00,NZDUSD,60,86400,BUY,ZO,0,0.42400,0.41760,640.0,0.42600,0.41880,720.0,112.500,18.75,520.0,151.0,0.42400,0.41880,0.43120,UNTOUCHED,,0,,0,,0,,0,NA,Other,NA,,NA,,0.41240,BREAK,2001.03.15 01:00,0,,0,,0,,0,NA,Asia,BOUNCE,2001.03.16 15:00,NA,,0.42920,UNTOUCHED,,0,,0,,0,,0,NA,Other,NA,,NA,,0.41360,BREAK,2001.03.15 00:00,0,,0,,0,,0,NA,Asia,BOUNCE,2001.03.16 16:00,NA,,S-ZF-BR,S-ZE-BR,B-ZD-UN,B-ZD-BO,S-ZG-BR,B-ZH-UN,B-ZO-UN,B-ZG-BO,S-ZB-BR,S-ZB-BO,S-ZF-BR,S-ZO-BR,B-ZO-UN,S-ZE-BO,B-ZC-BO,S-ZG-BR,S-ZG-BO,B-ZF-BR,B-ZD-BR,B-ZO-BR
134,2001.03.15 00:00,NZDUSD,60,86400,SELL,ZF,0,0.42190,0.41500,690.0,0.41970,0.41420,550.0,79.710,31.88,470.0,162.8,0.41970,0.41500,0.40950,BREAK,2001.03.15 20:00,0,,0,,0,,0,NA,NewYork,BOUNCE,2001.03.26 15:00,NA,,0.42660,UNTOUCHED,,0,,0,,0,,0,NA,Other,NA,,NA,,0.41030,BREAK,2001.03.15 02:00,0,,0,,0,,0,NA,Asia,BOUNCE,2001.03.26 15:00,NA,,0.42440,UNTOUCHED,,0,,0,,0,,0,NA,Other,NA,,NA,,B-ZO-UN,S-ZF-BR,S-ZE-BR,B-ZD-UN,B-ZD-BO,S-ZG-BR,B-ZH-UN,B-ZO-UN,B-ZG-BO,S-ZB-BR,S-ZO-BR,B-ZO-UN,S-ZE-BO,B-ZC-BO,S-ZG-BR,S-ZG-BO,B-ZF-BR,B-ZD-BR,B-ZO-BR,B-ZE-BR
135,2001.03.21 00:00,NZDUSD,60,86400,SELL,ZO,0,0.42270,0.41620,650.0,0.42210,0.41350,860.0,132.308,9.23,590.0,153.4,0.42210,0.41620,0.40760,BREAK,2001.03.26 05:00,0,,0,,0,,0,NA,Asia,BOUNCE,2001.03.30 02:00,NA,,0.42860,UNTOUCHED,,0,,0,,0,,0,NA,Other,NA,,NA,,0.41030,BREAK,2001.03.26 04:00,0,,0,,0,,0,NA,Asia,BOUNCE,2001.03.26 15:00,NA,,0.42800,UNTOUCHED,,0,,0,,0,,0,NA,Other,NA,,NA,,S-ZF-BR,B-ZO-UN,S-ZF-BR,S-ZE-BR,B-ZD-UN,B-ZD-BO,S-ZG-BR,B-ZH-UN,B-ZO-UN,B-ZG-BO,B-ZO-UN,S-ZE-BO,B-ZC-BO,S-ZG-BR,S-ZG-BO,B-ZF-BR,B-ZD-BR,B-ZO-BR,B-ZE-BR,B-ZH-BR
136,2001.03.22 00:00,NZDUSD,60,86400,BUY,ZO,0,0.42210,0.41350,860.0,0.42290,0.41390,900.0,104.651,4.65,820.0,203.0,0.42210,0.41390,0.43110,UNTOUCHED,,0,,0,,0,,0,NA,Other,NA,,NA,,0.40530,BOUNCE,2001.03.26 05:00,1,2001.05.02 01:00,0,,0,,1,5w 1d,Asia,NA,,NA,,0.43030,UNTOUCHED,,0,,0,,0,,0,NA,Other,NA,,NA,,0.40570,BOUNCE,2001.03.26 05:00,0,,0,,0,,0,NA,Asia,NA,,NA,,S-ZO-BR,S-ZF-BR,B-ZO-UN,S-ZF-BR,S-ZE-BR,B-ZD-UN,B-ZD-BO,S-ZG-BR,B-ZH-UN,B-ZO-UN,S-ZE-BO,B-ZC-BO,S-ZG-BR,S-ZG-BO,B-ZF-BR,B-ZD-BR,B-ZO-BR,B-ZE-BR,B-ZH-BR,B-ZH-BR
137,2001.03.23 00:00,NZDUSD,60,86400,SELL,ZE,1,0.42290,0.41390,900.0,0.41670,0.41100,570.0,63.333,68.89,280.0,212.4,0.41670,0.41390,0.40820,BOUNCE,2001.03.26 04:00,1,2001.03.26 17:00,1,2001.05.01 01:00,0,,2,5w 0d,Asia,NA,,NA,,0.42570,UNTOUCHED,,0,,0,,0,,0,NA,Other,NA,,NA,,0.41110,BREAK,2001.03.26 03:00,0,,0,,0,,0,NA,Asia,BREAK,2001.03.26 05:00,BOUNCE,2001.03.26 07:00,0.41950,BOUNCE,2001.03.23 04:00,1,2001.03.26 03:00,1,2001.03.26 03:00,0,,2,2d 23h,Asia,NA,,NA,,B-ZO-UN,S-ZO-BR,S-ZF-BR,B-ZO-UN,S-ZF-BR,S-ZE-BR,B-ZD-UN,B-ZD-BO,S-ZG-BR,B-ZH-UN,B-ZC-BO,S-ZG-BR,S-ZG-BO,B-ZF-BR,B-ZD-BR,B-ZO-BR,B-ZE-BR,B-ZH-BR,B-ZH-BR,B-ZD-BO
138,2001.03.24 00:00,NZDUSD,60,86400,BUY,ZC,1,0.41670,0.41100,570.0,0.41980,0.41320,660.0,115.789,38.60,350.0,134.5,0.41670,0.41320,0.42330,BOUNCE,2001.05.02 01:00,0,,0,,0,,0,NA,Asia,NA,,NA,,0.40750,BREAK,2001.03.26 05:00,0,,0,,0,,0,NA,Asia,BREAK,2001.03.30 02:00,BOUNCE,2001.03.30 16:00,0.42020,BOUNCE,2001.05.01 01:00,0,,0,,0,,0,NA,Asia,NA,,NA,,0.40970,BREAK,2001.03.26 04:00,0,,0,,0,,0,NA,Asia,BREAK,2001.03.26 06:00,BREAK,2001.03.30 02:00,S-ZE-BO,B-ZO-UN,S-ZO-BR,S-ZF-BR,B-ZO-UN,S-ZF-BR,S-ZE-BR,B-ZD-UN,B-ZD-BO,S-ZG-BR,S-ZG-BR,S-ZG-BO,B-ZF-BR,B-ZD-BR,B-ZO-BR,B-ZE-BR,B-ZH-BR,B-ZH-BR,B-ZD-BO,S-ZG-UN
139,2001.03.29 00:00,NZDUSD,60,86400,SELL,ZG,0,0.41590,0.40880,710.0,0.41370,0.40810,560.0,78.873,30.99,490.0,167.6,0.41370,0.40880,0.40320,BREAK,2001.03.30 02:00,0,,0,,0,,0,NA,Asia,BREAK,2001.04.02 01:00,UNTOUCHED,,0.42080,BOUNCE,2001.05.01 01:00,0,,0,,0,,0,NA,Asia,NA,,NA,,0.40390,BREAK,2001.03.30 02:00,0,,0,,0,,0,NA,Asia,BREAK,2001.04.02 01:00,UNTOUCHED,,0.41860,BREAK,2001.05.01 01:00,0,,0,,0,,0,NA,Asia,BOUNCE,2001.05.02 01:00,NA,,B-ZC-BO,S-ZE-BO,B-ZO-UN,S-ZO-BR,S-ZF-BR,B-ZO-UN,S-ZF-BR,S-ZE-BR,B-ZD-UN,B-ZD-BO,S-ZG-BO,B-ZF-BR,B-ZD-BR,B-ZO-BR,B-ZE-BR,B-ZH-BR,B-ZH-BR,B-ZD-BO,S-ZG-UN,B-ZO-BR
140,2001.03.30 00:00,NZDUSD,60,86400,SELL,ZG,0,0.41370,0.40810,560.0,0.41290,0.40630,660.0,117.857,14.29,480.0,132.2,0.41290,0.40810,0.40150,BOUNCE,2001.03.30 02:00,1,2001.04.16 01:00,1,2001.05.01 01:00,1,2001.05.01 01:00,3,4w 3d,Asia,NA,,NA,,0.41850,BREAK,2001.05.01 01:00,0,,0,,0,,0,NA,Asia,BOUNCE,2001.05.02 01:00,NA,,0.40330,BREAK,2001.03.30 02:00,0,,0,,0,,0,NA,Asia,BREAK,2001.04.02 01:00,UNTOUCHED,,0.41770,BREAK,2001.05.01 01:00,0,,0,,0,,0,NA,Asia,BREAK,2001.05.02 19:00,BREAK,2001.05.09 01:00,S-ZG-BR,B-ZC-BO,S-ZE-BO,B-ZO-UN,S-ZO-BR,S-ZF-BR,B-ZO-UN,S-ZF-BR,S-ZE-BR,B-ZD-UN,B-ZF-BR,B-ZD-BR,B-ZO-BR,B-ZE-BR,B-ZH-BR,B-ZH-BR,B-ZD-BO,S-ZG-UN,B-ZO-BR,B-ZE-BR
141,2001.04.04 00:00,NZDUSD,60,86400,BUY,ZF,0,0.40400,0.39520,880.0,0.40570,0.39660,910.0,103.409,15.91,740.0,207.7,0.40400,0.39660,0.41310,BREAK,2001.04.20 01:00,0,,0,,0,,0,NA,Asia,BOUNCE,2001.05.01 01:00,NA,,0.38780,UNTOUCHED,,0,,0,,0,,0,NA,Other,NA,,NA,,0.41140,BOUNCE,2001.04.16 22:00,0,,0,,0,,0,NA,Other,NA,,NA,,0.38920,UNTOUCHED,,0,,0,,0,,0,NA,Other,NA,,NA,,S-ZG-BO,S-ZG-BR,B-ZC-BO,S-ZE-BO,B-ZO-UN,S-ZO-BR,S-ZF-BR,B-ZO-UN,S-ZF-BR,S-ZE-BR,B-ZD-BR,B-ZO-BR,B-ZE-BR,B-ZH-BR,B-ZH-BR,B-ZD-BO,S-ZG-UN,B-ZO-BR,B-ZE-BR,B-ZD-BO
142,2001.04.05 00:00,NZDUSD,60,86400,BUY,ZD,1,0.40570,0.39660,910.0,0.40770,0.40050,720.0,79.121,42.86,520.0,214.8,0.40570,0.40050,0.41290,BREAK,2001.04.20 01:00,0,,0,,0,,0,NA,Asia,BREAK,2001.05.01 01:00,BREAK,2001.05.09 01:00,0.39140,UNTOUCHED,,0,,0,,0,,0,NA,Other,NA,,NA,,0.41090,BOUNCE,2001.04.16 01:00,0,,0,,0,,0,NA,Asia,NA,,NA,,0.39530,UNTOUCHED,,0,,0,,0,,0,NA,Other,NA,,NA,,B-ZF-BR,S-ZG-BO,S-ZG-BR,B-ZC-BO,S-ZE-BO,B-ZO-UN,S-ZO-BR,S-ZF-BR,B-ZO-UN,S-ZF-BR,B-ZO-BR,B-ZE-BR,B-ZH-BR,B-ZH-BR,B-ZD-BO,S-ZG-UN,B-ZO-BR,B-ZE-BR,B-ZD-BO,B-ZB-BO
143,2001.04.06 00:00,NZDUSD,60,86400,BUY,ZO,0,0.40770,0.40050,720.0,0.40930,0.40170,760.0,105.556,16.67,600.0,169.9,0.40770,0.40170,0.41530,BREAK,2001.04.20 01:00,0,,0,,0,,0,NA,Asia,BOUNCE,2001.05.01 01:00,NA,,0.39450,UNTOUCHED,,0,,0,,0,,0,NA,Other,NA,,NA,,0.41370,BREAK,2001.04.20 01:00,0,,0,,0,,0,NA,Asia,BREAK,2001.05.01 01:00,BREAK,2001.05.09 01:00,0.39570,UNTOUCHED,,0,,0,,0,,0,NA,Other,NA,,NA,,B-ZD-BR,B-ZF-BR,S-ZG-BO,S-ZG-BR,B-ZC-BO,S-ZE-BO,B-ZO-UN,S-ZO-BR,S-ZF-BR,B-ZO-UN,B-ZE-BR,B-ZH-BR,B-ZH-BR,B-ZD-BO,S-ZG-UN,B-ZO-BR,B-ZE-BR,B-ZD-BO,B-ZB-BO,B-ZE-BO
144,2001.04.12 00:00,NZDUSD,60,86400,BUY,ZE,1,0.40480,0.39890,590.0,0.40680,0.40190,490.0,83.051,50.85,290.0,139.2,0.40480,0.40190,0.40970,BREAK,2001.04.16 01:00,0,,0,,0,,0,NA,Asia,BREAK,2001.04.20 01:00,BREAK,2001.04.20 19:00,0.39600,UNTOUCHED,,0,,0,,0,,0,NA,Other,NA,,NA,,0.40770,BREAK,2001.04.12 01:00,0,,0,,0,,0,NA,Asia,BOUNCE,2001.04.16 01:00,NA,,0.39900,UNTOUCHED,,0,,0,,0,,0,NA,Other,NA,,NA,,B-ZO-BR,B-ZD-BR,B-ZF-BR,S-ZG-BO,S-ZG-BR,B-ZC-BO,S-ZE-BO,B-ZO-UN,S-ZO-BR,S-ZF-BR,B-ZH-BR,B-ZH-BR,B-ZD-BO,S-ZG-UN,B-ZO-BR,B-ZE-BR,B-ZD-BO,B-ZB-BO,B-ZE-BO,S-ZO-BR
145,2001.04.13 00:00,NZDUSD,60,86400,BUY,ZH,0,0.40680,0.40190,490.0,0.40960,0.40350,610.0,124.490,32.65,330.0,115.6,0.40680,0.40350,0.41290,BREAK,2001.04.20 01:00,0,,0,,0,,0,NA,Asia,BOUNCE,2001.04.20 20:00,NA,,0.39860,UNTOUCHED,,0,,0,,0,,0,NA,Other,NA,,NA,,0.41010,BREAK,2001.04.16 01:00,0,,0,,0,,0,NA,Asia,BREAK,2001.04.20 01:00,BOUNCE,2001.04.20 20:00,0.40020,BOUNCE,2001.04.18 17:00,1,2001.04.19 01:00,1,2001.04.19 01:00,0,,2,8h,NewYork,NA,,NA,,B-ZE-BR,B-ZO-BR,B-ZD-BR,B-ZF-BR,S-ZG-BO,S-ZG-BR,B-ZC-BO,S-ZE-BO,B-ZO-UN,S-ZO-BR,B-ZH-BR,B-ZD-BO,S-ZG-UN,B-ZO-BR,B-ZE-BR,B-ZD-BO,B-ZB-BO,B-ZE-BO,S-ZO-BR,S-ZD-BO
146,2001.04.20 00:00,NZDUSD,60,86400,BUY,ZH,0,0.40830,0.40010,820.0,0.41150,0.40230,920.0,112.195,26.83,600.0,193.5,0.40830,0.40230,0.41750,BREAK,2001.05.01 01:00,0,,0,,0,,0,NA,Asia,BREAK,2001.05.09 01:00,BOUNCE,2001.05.22 23:00,0.39410,UNTOUCHED,,0,,0,,0,,0,NA,Other,NA,,NA,,0.41430,BREAK,2001.04.20 01:00,0,,0,,0,,0,NA,Asia,BOUNCE,2001.05.01 01:00,NA,,0.39630,UNTOUCHED,,0,,0,,0,,0,NA,Other,NA,,NA,,B-ZH-BR,B-ZE-BR,B-ZO-BR,B-ZD-BR,B-ZF-BR,S-ZG-BO,S-ZG-BR,B-ZC-BO,S-ZE-BO,B-ZO-UN,B-ZD-BO,S-ZG-UN,B-ZO-BR,B-ZE-BR,B-ZD-BO,B-ZB-BO,B-ZE-BO,S-ZO-BR,S-ZD-BO,B-ZD-BR
147,2001.04.21 00:00,NZDUSD,60,86400,BUY,ZD,1,0.41150,0.40230,920.0,0.41730,0.40870,860.0,93.478,69.57,280.0,217.1,0.41150,0.40870,0.42010,BOUNCE,2001.05.01 01:00,1,2001.05.01 02:00,0,,0,,1,1h,Asia,NA,,NA,,0.39950,UNTOUCHED,,0,,0,,0,,0,NA,Other,NA,,NA,,0.41430,BREAK,2001.04.23 01:00,0,,0,,0,,0,NA,Asia,BREAK,2001.05.01 01:00,BREAK,2001.05.02 01:00,0.40590,BOUNCE,2001.04.24 01:00,1,2001.04.27 01:00,1,2001.04.27 01:00,0,,2,3d 0h,Asia,NA,,NA,,B-ZH-BR,B-ZH-BR,B-ZE-BR,B-ZO-BR,B-ZD-BR,B-ZF-BR,S-ZG-BO,S-ZG-BR,B-ZC-BO,S-ZE-BO,S-ZG-UN,B-ZO-BR,B-ZE-BR,B-ZD-BO,B-ZB-BO,B-ZE-BO,S-ZO-BR,S-ZD-BO,B-ZD-BR,B-ZB-BO
148,2001.04.25 00:00,NZDUSD,60,86400,SELL,ZG,0,0.41650,0.40630,1020.0,0.41290,0.40450,840.0,82.353,35.29,660.0,240.7,0.41290,0.40630,0.39790,UNTOUCHED,,0,,0,,0,,0,NA,Other,NA,,NA,,0.42310,BREAK,2001.05.02 01:00,0,,0,,0,,0,NA,Asia,UNTOUCHED,,NA,,0.39970,UNTOUCHED,,0,,0,,0,,0,NA,Other,NA,,NA,,0.41950,BREAK,2001.05.01 01:00,0,,0,,0,,0,NA,Asia,BREAK,2001.05.09 01:00,UNTOUCHED,,B-ZD-BO,B-ZH-BR,B-ZH-BR,B-ZE-BR,B-ZO-BR,B-ZD-BR,B-ZF-BR,S-ZG-BO,S-ZG-BR,B-ZC-BO,B-ZO-BR,B-ZE-BR,B-ZD-BO,B-ZB-BO,B-ZE-BO,S-ZO-BR,S-ZD-BO,B-ZD-BR,B-ZB-BO,B-ZD-UN
149,2001.04.27 00:00,NZDUSD,60,86400,BUY,ZO,0,0.41210,0.40690,520.0,0.41300,0.40790,510.0,98.077,19.23,420.0,122.7,0.41210,0.40790,0.41720,BREAK,2001.05.01 01:00,0,,0,,0,,0,NA,Asia,BREAK,2001.05.02 01:00,BREAK,2001.05.09 01:00,0.40270,UNTOUCHED,,0,,0,,0,,0,NA,Other,NA,,NA,,0.41630,BREAK,2001.05.01 01:00,0,,0,,0,,0,NA,Asia,BREAK,2001.05.02 01:00,BREAK,2001.05.09 01:00,0.40370,UNTOUCHED,,0,,0,,0,,0,NA,Other,NA,,NA,,S-ZG-UN,B-ZD-BO,B-ZH-BR,B-ZH-BR,B-ZE-BR,B-ZO-BR,B-ZD-BR,B-ZF-BR,S-ZG-BO,S-ZG-BR,B-ZE-BR,B-ZD-BO,B-ZB-BO,B-ZE-BO,S-ZO-BR,S-ZD-BO,B-ZD-BR,B-ZB-BO,B-ZD-UN,S-ZD-BR
150,2001.04.28 00:00,NZDUSD,60,86400,BUY,ZE,1,0.41300,0.40790,510.0,0.41470,0.41070,400.0,78.431,54.90,230.0,120.4,0.41300,0.41070,0.41700,BREAK,2001.05.01 01:00,0,,0,,0,,0,NA,Asia,BREAK,2001.05.01 19:00,BREAK,2001.05.02 01:00,0.40560,UNTOUCHED,,0,,0,,0,,0,NA,Other,NA,,NA,,0.41530,BREAK,2001.05.01 01:00,0,,0,,0,,0,NA,Asia,BREAK,2001.05.01 18:00,BREAK,2001.05.01 19:00,0.40840,BOUNCE,2001.05.31 01:00,1,2001.05.31 02:00,1,2001.05.31 02:00,0,,2,1h,Asia,NA,,NA,,B-ZO-BR,S-ZG-UN,B-ZD-BO,B-ZH-BR,B-ZH-BR,B-ZE-BR,B-ZO-BR,B-ZD-BR,B-ZF-BR,S-ZG-BO,B-ZD-BO,B-ZB-BO,B-ZE-BO,S-ZO-BR,S-ZD-BO,B-ZD-BR,B-ZB-BO,B-ZD-UN,S-ZD-BR,B-ZD-BR
151,2001.05.02 00:00,NZDUSD,60,86400,BUY,ZD,1,0.41450,0.40970,480.0,0.42150,0.41310,840.0,175.000,70.83,140.0,113.3,0.41450,0.41310,0.42290,BOUNCE,2001.05.02 01:00,1,2001.05.02 02:00,1,2001.05.31 01:00,1,2001.05.31 01:00,3,4w 1d,Asia,NA,,NA,,0.40830,BOUNCE,2001.05.31 01:00,1,2001.05.31 02:00,1,2001.05.31 02:00,0,,2,1h,Asia,NA,,NA,,0.41590,BREAK,2001.05.02 00:00,0,,0,,0,,0,NA,Asia,BREAK,2001.05.02 01:00,BREAK,2001.05.02 02:00,0.41170,BREAK,2001.05.31 01:00,0,,0,,0,,0,NA,Asia,BOUNCE,2001.05.31 11:00,NA,,B-ZE-BR,B-ZO-BR,S-ZG-UN,B-ZD-BO,B-ZH-BR,B-ZH-BR,B-ZE-BR,B-ZO-BR,B-ZD-BR,B-ZF-BR,B-ZB-BO,B-ZE-BO,S-ZO-BR,S-ZD-BO,B-ZD-BR,B-ZB-BO,B-ZD-UN,S-ZD-BR,B-ZD-BR,B-ZD-BO
152,2001.05.03 00:00,NZDUSD,60,86400,BUY,ZB,1,0.42150,0.41310,840.0,0.42430,0.41800,630.0,75.000,58.33,350.0,198.2,0.42150,0.41800,0.42780,BOUNCE,2001.05.09 01:00,1,2001.05.09 02:00,1,2001.05.31 01:00,1,2001.05.31 01:00,3,3w 1d,Asia,NA,,NA,,0.40960,BREAK,2001.05.31 01:00,0,,0,,0,,0,NA,Asia,BOUNCE,2001.06.28 01:00,NA,,0.42500,BREAK,2001.05.09 01:00,0,,0,,0,,0,NA,Asia,BOUNCE,2001.05.10 01:00,NA,,0.41450,BREAK,2001.05.31 01:00,0,,0,,0,,0,NA,Asia,BREAK,2001.05.31 15:00,BOUNCE,2001.06.01 01:00,B-ZD-BO,B-ZE-BR,B-ZO-BR,S-ZG-UN,B-ZD-BO,B-ZH-BR,B-ZH-BR,B-ZE-BR,B-ZO-BR,B-ZD-BR,B-ZE-BO,S-ZO-BR,S-ZD-BO,B-ZD-BR,B-ZB-BO,B-ZD-UN,S-ZD-BR,B-ZD-BR,B-ZD-BO,S-ZO-BO
153,2001.05.04 00:00,NZDUSD,60,86400,BUY,ZE,1,0.42430,0.41800,630.0,0.42450,0.42090,360.0,57.143,46.03,340.0,148.7,0.42430,0.42090,0.42790,BOUNCE,2001.05.09 01:00,1,2001.05.09 02:00,1,2001.05.15 01:00,1,2001.05.31 01:00,3,3w 1d,Asia,NA,,NA,,0.41460,BREAK,2001.05.31 01:00,0,,0,,0,,0,NA,Asia,BREAK,2001.05.31 15:00,BOUNCE,2001.06.01 01:00,0.42770,BOUNCE,2001.05.09 01:00,1,2001.05.15 01:00,1,2001.05.31 01:00,0,,2,3w 1d,Asia,NA,,NA,,0.41750,BREAK,2001.05.15 01:00,0,,0,,0,,0,NA,Asia,BREAK,2001.05.31 01:00,BREAK,2001.05.31 15:00,B-ZB-BO,B-ZD-BO,B-ZE-BR,B-ZO-BR,S-ZG-UN,B-ZD-BO,B-ZH-BR,B-ZH-BR,B-ZE-BR,B-ZO-BR,S-ZO-BR,S-ZD-BO,B-ZD-BR,B-ZB-BO,B-ZD-UN,S-ZD-BR,B-ZD-BR,B-ZD-BO,S-ZO-BO,S-ZO-BR
154,2001.05.05 00:00,NZDUSD,60,86400,SELL,ZO,0,0.42450,0.42090,360.0,0.42400,0.41970,430.0,119.444,13.89,310.0,85.0,0.42400,0.42090,0.41660,BREAK,2001.05.15 01:00,0,,0,,0,,0,NA,Asia,BREAK,2001.05.31 01:00,BREAK,2001.05.31 15:00,0.42760,BREAK,2001.05.09 01:00,0,,0,,0,,0,NA,Asia,UNTOUCHED,,NA,,0.41780,BOUNCE,2001.05.14 01:00,1,2001.05.17 01:00,1,2001.05.18 01:00,0,,2,4d 0h,Asia,NA,,NA,,0.42710,BREAK,2001.05.09 01:00,0,,0,,0,,0,NA,Asia,UNTOUCHED,,NA,,B-ZE-BO,B-ZB-BO,B-ZD-BO,B-ZE-BR,B-ZO-BR,S-ZG-UN,B-ZD-BO,B-ZH-BR,B-ZH-BR,B-ZE-BR,S-ZD-BO,B-ZD-BR,B-ZB-BO,B-ZD-UN,S-ZD-BR,B-ZD-BR,B-ZD-BO,S-ZO-BO,S-ZO-BR,B-ZB-BR
155,2001.05.12 00:00,NZDUSD,60,86400,SELL,ZD,1,0.42810,0.42350,460.0,0.42610,0.42040,570.0,123.913,43.48,260.0,108.6,0.42610,0.42350,0.41780,BOUNCE,2001.05.14 01:00,1,2001.05.16 01:00,1,2001.05.18 01:00,0,,2,4d 0h,Asia,NA,,NA,,0.43070,UNTOUCHED,,0,,0,,0,,0,NA,Other,NA,,NA,,0.42090,BREAK,2001.05.14 01:00,0,,0,,0,,0,NA,Asia,BREAK,2001.05.15 01:00,BOUNCE,2001.05.15 17:00,0.42870,BOUNCE,2001.05.18 01:00,1,2001.05.23 01:00,1,2001.05.23 01:00,0,,2,5d 0h,Asia,NA,,NA,,S-ZO-BR,B-ZE-BO,B-ZB-BO,B-ZD-BO,B-ZE-BR,B-ZO-BR,S-ZG-UN,B-ZD-BO,B-ZH-BR,B-ZH-BR,B-ZD-BR,B-ZB-BO,B-ZD-UN,S-ZD-BR,B-ZD-BR,B-ZD-BO,S-ZO-BO,S-ZO-BR,B-ZB-BR,B-ZO-BO
156,2001.05.17 00:00,NZDUSD,60,86400,BUY,ZD,1,0.41990,0.41570,420.0,0.42350,0.41770,580.0,138.095,47.62,220.0,99.1,0.41990,0.41770,0.42570,BREAK,2001.05.17 01:00,0,,0,,0,,0,NA,Asia,BOUNCE,2001.05.18 01:00,NA,,0.41350,BREAK,2001.05.31 01:00,0,,0,,0,,0,NA,Asia,BREAK,2001.05.31 11:00,BREAK,2001.05.31 16:00,0.42210,BREAK,2001.05.17 00:00,0,,0,,0,,0,NA,Asia,BREAK,2001.05.17 01:00,BREAK,2001.05.17 21:00,0.41550,BOUNCE,2001.05.24 01:00,1,2001.05.24 15:00,1,2001.05.24 15:00,0,,2,14h,Asia,NA,,NA,,S-ZD-BO,S-ZO-BR,B-ZE-BO,B-ZB-BO,B-ZD-BO,B-ZE-BR,B-ZO-BR,S-ZG-UN,B-ZD-BO,B-ZH-BR,B-ZB-BO,B-ZD-UN,S-ZD-BR,B-ZD-BR,B-ZD-BO,S-ZO-BO,S-ZO-BR,B-ZB-BR,B-ZO-BO,S-ZE-UN
157,2001.05.18 00:00,NZDUSD,60,86400,BUY,ZB,1,0.42350,0.41770,580.0,0.42750,0.42190,560.0,96.552,72.41,160.0,136.9,0.42350,0.42190,0.42910,BOUNCE,2001.05.19 00:00,1,2001.05.21 11:00,1,2001.05.23 01:00,1,2001.05.24 01:00,3,5d 1h,Asia,NA,,NA,,0.41610,BOUNCE,2001.05.24 01:00,1,2001.05.24 02:00,1,2001.05.25 01:00,0,,2,1d 0h,Asia,NA,,NA,,0.42510,BREAK,2001.05.18 00:00,0,,0,,0,,0,NA,Asia,BREAK,2001.05.18 01:00,BOUNCE,2001.05.18 21:00,0.42030,BREAK,2001.05.23 01:00,0,,0,,0,,0,NA,Asia,BOUNCE,2001.05.23 20:00,NA,,B-ZD-BR,S-ZD-BO,S-ZO-BR,B-ZE-BO,B-ZB-BO,B-ZD-BO,B-ZE-BR,B-ZO-BR,S-ZG-UN,B-ZD-BO,B-ZD-UN,S-ZD-BR,B-ZD-BR,B-ZD-BO,S-ZO-BO,S-ZO-BR,B-ZB-BR,B-ZO-BO,S-ZE-UN,B-ZD-BR
158,2001.05.19 00:00,NZDUSD,60,86400,BUY,ZD,1,0.42750,0.42190,560.0,0.42880,0.42450,430.0,76.786,46.43,300.0,132.2,0.42750,0.42450,0.43180,UNTOUCHED,,0,,0,,0,,0,NA,Other,NA,,NA,,0.41890,BOUNCE,2001.05.23 01:00,1,2001.05.25 01:00,0,,0,,1,2d 0h,Asia,NA,,NA,,0.43050,UNTOUCHED,,0,,0,,0,,0,NA,Other,NA,,NA,,0.42150,BREAK,2001.05.23 01:00,0,,0,,0,,0,NA,Asia,BREAK,2001.05.24 01:00,BOUNCE,2001.05.24 04:00,B-ZB-BO,B-ZD-BR,S-ZD-BO,S-ZO-BR,B-ZE-BO,B-ZB-BO,B-ZD-BO,B-ZE-BR,B-ZO-BR,S-ZG-UN,S-ZD-BR,B-ZD-BR,B-ZD-BO,S-ZO-BO,S-ZO-BR,B-ZB-BR,B-ZO-BO,S-ZE-UN,B-ZD-BR,S-ZB-BO
159,2001.05.23 00:00,NZDUSD,60,86400,SELL,ZD,1,0.42950,0.42580,370.0,0.42750,0.42350,400.0,108.108,54.05,170.0,87.3,0.42750,0.42580,0.42180,BREAK,2001.05.23 01:00,0,,0,,0,,0,NA,Asia,BREAK,2001.05.23 20:00,BOUNCE,2001.05.23 21:00,0.43120,UNTOUCHED,,0,,0,,0,,0,NA,Other,NA,,NA,,0.42410,BREAK,2001.05.23 00:00,0,,0,,0,,0,NA,Asia,BREAK,2001.05.23 08:00,BOUNCE,2001.05.23 13:00,0.42920,UNTOUCHED,,0,,0,,0,,0,NA,Other,NA,,NA,,B-ZD-UN,B-ZB-BO,B-ZD-BR,S-ZD-BO,S-ZO-BR,B-ZE-BO,B-ZB-BO,B-ZD-BO,B-ZE-BR,B-ZO-BR,B-ZD-BR,B-ZD-BO,S-ZO-BO,S-ZO-BR,B-ZB-BR,B-ZO-BO,S-ZE-UN,B-ZD-BR,S-ZB-BO,S-ZO-UN
160,2001.06.07 00:00,NZDUSD,60,86400,BUY,ZD,1,0.41230,0.40910,320.0,0.41560,0.41050,510.0,159.375,43.75,180.0,75.5,0.41230,0.41050,0.41740,BREAK,2001.06.07 01:00,0,,0,,0,,0,NA,Asia,BREAK,2001.06.08 01:00,BREAK,2001.06.13 01:00,0.40730,BREAK,2001.06.28 01:00,0,,0,,0,,0,NA,Asia,BREAK,2001.06.28 23:00,BREAK,2001.06.29 01:00,0.41410,BREAK,2001.06.07 01:00,0,,0,,0,,0,NA,Asia,BREAK,2001.06.07 17:00,BREAK,2001.06.07 18:00,0.40870,BREAK,2001.06.28 01:00,0,,0,,0,,0,NA,Asia,BREAK,2001.06.28 22:00,BOUNCE,2001.06.28 23:00,S-ZD-BR,B-ZD-UN,B-ZB-BO,B-ZD-BR,S-ZD-BO,S-ZO-BR,B-ZE-BO,B-ZB-BO,B-ZD-BO,B-ZE-BR,B-ZD-BO,S-ZO-BO,S-ZO-BR,B-ZB-BR,B-ZO-BO,S-ZE-UN,B-ZD-BR,S-ZB-BO,S-ZO-UN,B-ZO-BR
161,2001.06.09 00:00,NZDUSD,60,86400,BUY,ZD,1,0.41850,0.41020,830.0,0.42030,0.41540,490.0,59.036,62.65,310.0,195.9,0.41850,0.41540,0.42340,BOUNCE,2001.06.13 01:00,1,2001.06.14 01:00,1,2001.06.19 11:00,1,2001.06.28 01:00,3,2w 1d,Asia,NA,,NA,,0.40710,BOUNCE,2001.06.28 01:00,1,2001.06.28 02:00,0,,0,,1,1h,Asia,NA,,NA,,0.42160,BREAK,2001.06.13 01:00,0,,0,,0,,0,NA,Asia,UNTOUCHED,,NA,,0.41230,BOUNCE,2001.06.19 11:00,0,,0,,0,,0,NA,London,NA,,NA,,B-ZD-BR,S-ZD-BR,B-ZD-UN,B-ZB-BO,B-ZD-BR,S-ZD-BO,S-ZO-BR,B-ZE-BO,B-ZB-BO,B-ZD-BO,S-ZO-BO,S-ZO-BR,B-ZB-BR,B-ZO-BO,S-ZE-UN,B-ZD-BR,S-ZB-BO,S-ZO-UN,B-ZO-BR,S-ZE-UN
162,2001.06.13 00:00,NZDUSD,60,86400,SELL,ZO,0,0.42070,0.41670,400.0,0.41940,0.41640,300.0,75.000,32.50,270.0,94.4,0.41940,0.41670,0.41370,BOUNCE,2001.06.14 01:00,1,2001.06.14 02:00,1,2001.06.14 02:00,0,,2,1h,Asia,NA,,NA,,0.42340,BOUNCE,2001.06.13 01:00,1,2001.06.14 01:00,1,2001.06.14 01:00,1,2001.06.14 01:00,3,1d 0h,Asia,NA,,NA,,0.41400,BOUNCE,2001.06.14 01:00,1,2001.06.14 02:00,0,,0,,1,1h,Asia,NA,,NA,,0.42210,BREAK,2001.06.13 01:00,0,,0,,0,,0,NA,Asia,UNTOUCHED,,NA,,B-ZD-BO,B-ZD-BR,S-ZD-BR,B-ZD-UN,B-ZB-BO,B-ZD-BR,S-ZD-BO,S-ZO-BR,B-ZE-BO,B-ZB-BO,S-ZO-BR,B-ZB-BR,B-ZO-BO,S-ZE-UN,B-ZD-BR,S-ZB-BO,S-ZO-UN,B-ZO-BR,S-ZE-UN,S-ZE-UN
163,2001.06.23 00:00,NZDUSD,60,86400,SELL,ZO,0,0.41510,0.41190,320.0,0.41420,0.41150,270.0,84.375,28.13,230.0,75.5,0.41420,0.41190,0.40920,BREAK,2001.06.28 01:00,0,,0,,0,,0,NA,Asia,BREAK,2001.06.28 22:00,BREAK,2001.06.29 01:00,0.41740,BOUNCE,2001.06.26 01:00,1,2001.06.28 01:00,1,2001.06.28 01:00,1,2001.06.28 01:00,3,2d 0h,Asia,NA,,NA,,0.40960,BREAK,2001.06.28 01:00,0,,0,,0,,0,NA,Asia,BREAK,2001.06.28 22:00,BOUNCE,2001.06.28 23:00,0.41650,BREAK,2001.06.26 01:00,0,,0,,0,,0,NA,Asia,BREAK,2001.06.27 01:00,BREAK,2001.08.03 01:00,S-ZO-BO,B-ZD-BO,B-ZD-BR,S-ZD-BR,B-ZD-UN,B-ZB-BO,B-ZD-BR,S-ZD-BO,S-ZO-BR,B-ZE-BO,B-ZB-BR,B-ZO-BO,S-ZE-UN,B-ZD-BR,S-ZB-BO,S-ZO-UN,B-ZO-BR,S-ZE-UN,S-ZE-UN,B-ZD-BO
164,2001.06.27 00:00,NZDUSD,60,86400,BUY,ZB,1,0.41450,0.41150,300.0,0.41830,0.41270,560.0,186.667,40.00,180.0,70.8,0.41450,0.41270,0.42010,BREAK,2001.08.03 01:00,0,,0,,0,,0,NA,Asia,BOUNCE,2001.08.03 03:00,NA,,0.40970,BREAK,2001.06.28 01:00,0,,0,,0,,0,NA,Asia,BREAK,2001.06.28 22:00,BREAK,2001.06.28 23:00,0.41630,BREAK,2001.06.27 00:00,0,,0,,0,,0,NA,Asia,BREAK,2001.06.27 01:00,BOUNCE,2001.08.02 01:00,0.41090,BREAK,2001.06.28 01:00,0,,0,,0,,0,NA,Asia,BREAK,2001.06.28 19:00,BREAK,2001.06.28 22:00,S-ZO-BR,S-ZO-BO,B-ZD-BO,B-ZD-BR,S-ZD-BR,B-ZD-UN,B-ZB-BO,B-ZD-BR,S-ZD-BO,S-ZO-BR,B-ZO-BO,S-ZE-UN,B-ZD-BR,S-ZB-BO,S-ZO-UN,B-ZO-BR,S-ZE-UN,S-ZE-UN,B-ZD-BO,S-ZD-UN
165,2001.06.28 00:00,NZDUSD,60,86400,BUY,ZO,0,0.41830,0.41270,560.0,0.41980,0.41370,610.0,108.929,17.86,460.0,132.2,0.41830,0.41370,0.42440,BOUNCE,2001.08.08 01:00,0,,0,,0,,0,NA,Asia,NA,,NA,,0.40810,BREAK,2001.06.28 01:00,0,,0,,0,,0,NA,Asia,BREAK,2001.06.29 01:00,UNTOUCHED,,0.42290,BREAK,2001.08.08 01:00,0,,0,,0,,0,NA,Asia,BREAK,2001.08.13 01:00,BREAK,2001.08.15 01:00,0.40910,BREAK,2001.06.28 01:00,0,,0,,0,,0,NA,Asia,BREAK,2001.06.29 01:00,UNTOUCHED,,B-ZB-BR,S-ZO-BR,S-ZO-BO,B-ZD-BO,B-ZD-BR,S-ZD-BR,B-ZD-UN,B-ZB-BO,B-ZD-BR,S-ZD-BO,S-ZE-UN,B-ZD-BR,S-ZB-BO,S-ZO-UN,B-ZO-BR,S-ZE-UN,S-ZE-UN,B-ZD-BO,S-ZD-UN,B-ZH-BR
166,2001.06.30 00:00,NZDUSD,60,86400,SELL,ZE,1,0.41720,0.40470,1250.0,0.40790,0.40110,680.0,54.400,74.40,320.0,295.0,0.40790,0.40470,0.39790,UNTOUCHED,,0,,0,,0,,0,NA,Other,NA,,NA,,0.42040,BOUNCE,2001.08.03 01:00,0,,0,,0,,0,NA,Asia,NA,,NA,,0.40150,BOUNCE,2001.07.06 01:00,1,2001.07.18 01:00,1,2001.08.03 01:00,0,,2,4w 0d,Asia,NA,,NA,,0.41110,BREAK,2001.07.18 01:00,0,,0,,0,,0,NA,Asia,BOUNCE,2001.07.20 01:00,NA,,B-ZO-BO,B-ZB-BR,S-ZO-BR,S-ZO-BO,B-ZD-BO,B-ZD-BR,S-ZD-BR,B-ZD-UN,B-ZB-BO,B-ZD-BR,B-ZD-BR,S-ZB-BO,S-ZO-UN,B-ZO-BR,S-ZE-UN,S-ZE-UN,B-ZD-BO,S-ZD-UN,B-ZH-BR,B-ZE-BR
167,2001.07.04 00:00,NZDUSD,60,86400,BUY,ZD,1,0.40780,0.40420,360.0,0.40970,0.40620,350.0,97.222,55.56,160.0,85.0,0.40780,0.40620,0.41130,BREAK,2001.07.18 01:00,0,,0,,0,,0,NA,Asia,BOUNCE,2001.07.18 22:00,NA,,0.40260,BREAK,2001.07.06 01:00,0,,0,,0,,0,NA,Asia,BREAK,2001.07.06 14:00,UNTOUCHED,,0.40940,BOUNCE,2001.07.04 01:00,1,2001.07.05 01:00,1,2001.07.06 01:00,0,,2,2d 0h,Asia,NA,,NA,,0.40460,BREAK,2001.07.05 01:00,0,,0,,0,,0,NA,Asia,BREAK,2001.07.06 01:00,BOUNCE,2001.07.06 13:00,S-ZE-UN,B-ZO-BO,B-ZB-BR,S-ZO-BR,S-ZO-BO,B-ZD-BO,B-ZD-BR,S-ZD-BR,B-ZD-UN,B-ZB-BO,S-ZB-BO,S-ZO-UN,B-ZO-BR,S-ZE-UN,S-ZE-UN,B-ZD-BO,S-ZD-UN,B-ZH-BR,B-ZE-BR,B-ZO-BR
168,2001.07.06 00:00,NZDUSD,60,86400,SELL,ZB,1,0.40990,0.40570,420.0,0.40810,0.40350,460.0,109.524,42.86,240.0,99.1,0.40810,0.40570,0.40110,BOUNCE,2001.07.06 01:00,1,2001.07.06 23:00,1,2001.07.18 01:00,1,2001.07.18 01:00,3,1w 5d,Asia,NA,,NA,,0.41230,BREAK,2001.07.18 01:00,0,,0,,0,,0,NA,Asia,BREAK,2001.07.19 01:00,BREAK,2001.08.01 01:00,0.40330,BREAK,2001.07.06 01:00,0,,0,,0,,0,NA,Asia,BOUNCE,2001.07.06 15:00,NA,,0.41050,BREAK,2001.07.18 01:00,0,,0,,0,,0,NA,Asia,BREAK,2001.07.19 00:00,BREAK,2001.07.19 01:00,B-ZD-BR,S-ZE-UN,B-ZO-BO,B-ZB-BR,S-ZO-BR,S-ZO-BO,B-ZD-BO,B-ZD-BR,S-ZD-BR,B-ZD-UN,S-ZO-UN,B-ZO-BR,S-ZE-UN,S-ZE-UN,B-ZD-BO,S-ZD-UN,B-ZH-BR,B-ZE-BR,B-ZO-BR,B-ZD-BO
169,2001.07.07 00:00,NZDUSD,60,86400,SELL,ZO,1,0.40810,0.40350,460.0,0.40650,0.40010,640.0,139.130,34.78,300.0,108.6,0.40650,0.40350,0.39710,UNTOUCHED,,0,,0,,0,,0,NA,Other,NA,,NA,,0.41110,BREAK,2001.07.18 01:00,0,,0,,0,,0,NA,Asia,BREAK,2001.07.19 01:00,BREAK,2001.08.01 01:00,0.40050,UNTOUCHED,,0,,0,,0,,0,NA,Other,NA,,NA,,0.40950,BREAK,2001.07.18 01:00,0,,0,,0,,0,NA,Asia,BREAK,2001.07.19 00:00,BREAK,2001.07.19 13:00,S-ZB-BO,B-ZD-BR,S-ZE-UN,B-ZO-BO,B-ZB-BR,S-ZO-BR,S-ZO-BO,B-ZD-BO,B-ZD-BR,S-ZD-BR,B-ZO-BR,S-ZE-UN,S-ZE-UN,B-ZD-BO,S-ZD-UN,B-ZH-BR,B-ZE-BR,B-ZO-BR,B-ZD-BO,B-ZO-BO
170,2001.07.11 00:00,NZDUSD,60,86400,BUY,ZO,0,0.40770,0.40340,430.0,0.40890,0.40500,390.0,90.698,37.21,270.0,101.5,0.40770,0.40500,0.41160,BREAK,2001.07.18 01:00,0,,0,,0,,0,NA,Asia,BREAK,2001.07.19 01:00,BREAK,2001.08.01 01:00,0.40070,UNTOUCHED,,0,,0,,0,,0,NA,Other,NA,,NA,,0.41040,BREAK,2001.07.18 01:00,0,,0,,0,,0,NA,Asia,BREAK,2001.07.19 00:00,BOUNCE,2001.07.19 01:00,0.40230,BOUNCE,2001.07.12 01:00,1,2001.07.18 01:00,1,2001.07.18 01:00,0,,2,6d 0h,Asia,NA,,NA,,S-ZO-UN,S-ZB-BO,B-ZD-BR,S-ZE-UN,B-ZO-BO,B-ZB-BR,S-ZO-BR,S-ZO-BO,B-ZD-BO,B-ZD-BR,S-ZE-UN,S-ZE-UN,B-ZD-BO,S-ZD-UN,B-ZH-BR,B-ZE-BR,B-ZO-BR,B-ZD-BO,B-ZO-BO,B-ZD-BO
171,2001.07.13 00:00,NZDUSD,60,86400,SELL,ZE,1,0.40940,0.40400,540.0,0.40620,0.40200,420.0,77.778,59.26,220.0,127.4,0.40620,0.40400,0.39980,UNTOUCHED,,0,,0,,0,,0,NA,Other,NA,,NA,,0.41160,BREAK,2001.07.18 01:00,0,,0,,0,,0,NA,Asia,BREAK,2001.07.19 01:00,BOUNCE,2001.07.19 14:00,0.40180,UNTOUCHED,,0,,0,,0,,0,NA,Other,NA,,NA,,0.40840,BOUNCE,2001.07.16 01:00,0,,0,,0,,0,NA,Asia,NA,,NA,,B-ZO-BR,S-ZO-UN,S-ZB-BO,B-ZD-BR,S-ZE-UN,B-ZO-BO,B-ZB-BR,S-ZO-BR,S-ZO-BO,B-ZD-BO,S-ZE-UN,B-ZD-BO,S-ZD-UN,B-ZH-BR,B-ZE-BR,B-ZO-BR,B-ZD-BO,B-ZO-BO,B-ZD-BO,B-ZH-BO
172,2001.07.18 00:00,NZDUSD,60,86400,SELL,ZE,1,0.40870,0.40590,280.0,0.40750,0.40490,260.0,92.857,42.86,160.0,66.1,0.40750,0.40590,0.40330,UNTOUCHED,,0,,0,,0,,0,NA,Other,NA,,NA,,0.41030,BREAK,2001.07.18 01:00,0,,0,,0,,0,NA,Asia,BREAK,2001.07.18 22:00,BREAK,2001.07.19 00:00,0.40430,UNTOUCHED,,0,,0,,0,,0,NA,Other,NA,,NA,,0.40910,BREAK,2001.07.18 01:00,0,,0,,0,,0,NA,Asia,BOUNCE,2001.07.18 17:00,NA,,S-ZE-UN,B-ZO-BR,S-ZO-UN,S-ZB-BO,B-ZD-BR,S-ZE-UN,B-ZO-BO,B-ZB-BR,S-ZO-BR,S-ZO-BO,B-ZD-BO,S-ZD-UN,B-ZH-BR,B-ZE-BR,B-ZO-BR,B-ZD-BO,B-ZO-BO,B-ZD-BO,B-ZH-BO,B-ZD-BR
173,2001.07.19 00:00,NZDUSD,60,86400,BUY,ZD,1,0.40750,0.40490,260.0,0.41480,0.40600,880.0,338.462,42.31,150.0,61.4,0.40750,0.40600,0.41630,BOUNCE,2001.07.19 01:00,1,2001.07.19 03:00,0,,0,,1,2h,Asia,NA,,NA,,0.40340,UNTOUCHED,,0,,0,,0,,0,NA,Other,NA,,NA,,0.40900,BREAK,2001.07.19 00:00,0,,0,,0,,0,NA,Asia,BREAK,2001.07.19 01:00,BREAK,2001.07.19 02:00,0.40450,UNTOUCHED,,0,,0,,0,,0,NA,Other,NA,,NA,,S-ZE-UN,S-ZE-UN,B-ZO-BR,S-ZO-UN,S-ZB-BO,B-ZD-BR,S-ZE-UN,B-ZO-BO,B-ZB-BR,S-ZO-BR,S-ZD-UN,B-ZH-BR,B-ZE-BR,B-ZO-BR,B-ZD-BO,B-ZO-BO,B-ZD-BO,B-ZH-BO,B-ZD-BR,B-ZO-BO
174,2001.07.21 00:00,NZDUSD,60,86400,SELL,ZD,1,0.41680,0.41280,400.0,0.41500,0.40740,760.0,190.000,45.00,220.0,94.4,0.41500,0.41280,0.40520,UNTOUCHED,,0,,0,,0,,0,NA,Other,NA,,NA,,0.41900,BOUNCE,2001.08.01 01:00,1,2001.08.01 02:00,0,,0,,1,1h,Asia,NA,,NA,,0.41060,BREAK,2001.07.21 00:00,0,,0,,0,,0,NA,Asia,BOUNCE,2001.07.23 01:00,NA,,0.41720,BREAK,2001.08.01 01:00,0,,0,,0,,0,NA,Asia,BOUNCE,2001.08.02 01:00,NA,,B-ZD-BO,S-ZE-UN,S-ZE-UN,B-ZO-BR,S-ZO-UN,S-ZB-BO,B-ZD-BR,S-ZE-UN,B-ZO-BO,B-ZB-BR,B-ZH-BR,B-ZE-BR,B-ZO-BR,B-ZD-BO,B-ZO-BO,B-ZD-BO,B-ZH-BO,B-ZD-BR,B-ZO-BO,B-ZH-UN
175,2001.07.25 00:00,NZDUSD,60,86400,BUY,ZH,1,0.41060,0.40800,260.0,0.41300,0.40850,450.0,173.077,19.23,210.0,61.4,0.41060,0.40850,0.41510,BREAK,2001.08.01 01:00,0,,0,,0,,0,NA,Asia,BOUNCE,2001.08.01 16:00,NA,,0.40590,UNTOUCHED,,0,,0,,0,,0,NA,Other,NA,,NA,,0.41270,BOUNCE,2001.07.25 00:00,0,,0,,0,,0,NA,Asia,NA,,NA,,0.40640,UNTOUCHED,,0,,0,,0,,0,NA,Other,NA,,NA,,S-ZD-UN,B-ZD-BO,S-ZE-UN,S-ZE-UN,B-ZO-BR,S-ZO-UN,S-ZB-BO,B-ZD-BR,S-ZE-UN,B-ZO-BO,B-ZE-BR,B-ZO-BR,B-ZD-BO,B-ZO-BO,B-ZD-BO,B-ZH-BO,B-ZD-BR,B-ZO-BO,B-ZH-UN,S-ZO-BO
176,2001.07.26 00:00,NZDUSD,60,86400,BUY,ZE,1,0.41300,0.40850,450.0,0.41370,0.41040,330.0,73.333,42.22,260.0,106.2,0.41300,0.41040,0.41630,BREAK,2001.08.01 01:00,0,,0,,0,,0,NA,Asia,BOUNCE,2001.08.01 21:00,NA,,0.40590,UNTOUCHED,,0,,0,,0,,0,NA,Other,NA,,NA,,0.41560,BREAK,2001.08.01 01:00,0,,0,,0,,0,NA,Asia,BREAK,2001.08.02 01:00,BREAK,2001.08.03 01:00,0.40780,UNTOUCHED,,0,,0,,0,,0,NA,Other,NA,,NA,,B-ZH-BR,S-ZD-UN,B-ZD-BO,S-ZE-UN,S-ZE-UN,B-ZO-BR,S-ZO-UN,S-ZB-BO,B-ZD-BR,S-ZE-UN,B-ZO-BR,B-ZD-BO,B-ZO-BO,B-ZD-BO,B-ZH-BO,B-ZD-BR,B-ZO-BO,B-ZH-UN,S-ZO-BO,B-ZB-UN
177,2001.07.27 00:00,NZDUSD,60,86400,BUY,ZO,0,0.41370,0.41040,330.0,0.41420,0.41110,310.0,93.939,21.21,260.0,77.9,0.41370,0.41110,0.41680,BREAK,2001.08.01 01:00,0,,0,,0,,0,NA,Asia,BOUNCE,2001.08.02 01:00,NA,,0.40780,UNTOUCHED,,0,,0,,0,,0,NA,Other,NA,,NA,,0.41630,BREAK,2001.08.01 01:00,0,,0,,0,,0,NA,Asia,BOUNCE,2001.08.01 21:00,NA,,0.40850,UNTOUCHED,,0,,0,,0,,0,NA,Other,NA,,NA,,B-ZE-BR,B-ZH-BR,S-ZD-UN,B-ZD-BO,S-ZE-UN,S-ZE-UN,B-ZO-BR,S-ZO-UN,S-ZB-BO,B-ZD-BR,B-ZD-BO,B-ZO-BO,B-ZD-BO,B-ZH-BO,B-ZD-BR,B-ZO-BO,B-ZH-UN,S-ZO-BO,B-ZB-UN,S-ZO-BR
178,2001.08.03 00:00,NZDUSD,60,86400,BUY,ZD,1,0.41910,0.41190,720.0,0.42000,0.41640,360.0,50.000,62.50,270.0,169.9,0.41910,0.41640,0.42270,BOUNCE,2001.08.03 04:00,1,2001.08.03 11:00,0,,0,,1,7h,Asia,NA,,NA,,0.40920,UNTOUCHED,,0,,0,,0,,0,NA,Other,NA,,NA,,0.42180,BOUNCE,2001.08.03 01:00,0,,0,,0,,0,NA,Asia,NA,,NA,,0.41370,UNTOUCHED,,0,,0,,0,,0,NA,Other,NA,,NA,,B-ZO-BR,B-ZE-BR,B-ZH-BR,S-ZD-UN,B-ZD-BO,S-ZE-UN,S-ZE-UN,B-ZO-BR,S-ZO-UN,S-ZB-BO,B-ZO-BO,B-ZD-BO,B-ZH-BO,B-ZD-BR,B-ZO-BO,B-ZH-UN,S-ZO-BO,B-ZB-UN,S-ZO-BR,B-ZE-UN
179,2001.08.08 00:00,NZDUSD,60,86400,BUY,ZO,0,0.42010,0.41610,400.0,0.42170,0.41750,420.0,105.000,35.00,260.0,94.4,0.42010,0.41750,0.42430,BOUNCE,2001.08.08 01:00,1,2001.08.08 02:00,1,2001.09.17 01:00,1,2001.09.17 01:00,3,5w 5d,Asia,NA,,NA,,0.41350,BREAK,2001.09.17 01:00,0,,0,,0,,0,NA,Asia,BREAK,2001.09.17 16:00,BOUNCE,2001.09.18 03:00,0.42270,BREAK,2001.08.08 01:00,0,,0,,0,,0,NA,Asia,BREAK,2001.08.09 01:00,BREAK,2001.08.13 01:00,0.41490,BREAK,2001.09.17 01:00,0,,0,,0,,0,NA,Asia,BREAK,2001.09.17 12:00,BREAK,2001.09.18 01:00,B-ZD-BO,B-ZO-BR,B-ZE-BR,B-ZH-BR,S-ZD-UN,B-ZD-BO,S-ZE-UN,S-ZE-UN,B-ZO-BR,S-ZO-UN,B-ZD-BO,B-ZH-BO,B-ZD-BR,B-ZO-BO,B-ZH-UN,S-ZO-BO,B-ZB-UN,S-ZO-BR,B-ZE-UN,B-ZD-UN
180,2001.08.10 00:00,NZDUSD,60,86400,BUY,ZD,1,0.42490,0.41770,720.0,0.42730,0.42210,520.0,72.222,61.11,280.0,169.9,0.42490,0.42210,0.43010,BOUNCE,2001.08.14 01:00,1,2001.09.13 01:00,1,2001.09.17 01:00,1,2001.09.17 01:00,3,4w 6d,Asia,NA,,NA,,0.41490,BREAK,2001.09.17 01:00,0,,0,,0,,0,NA,Asia,BREAK,2001.09.17 13:00,BOUNCE,2001.09.18 01:00,0.42770,BOUNCE,2001.08.13 01:00,1,2001.09.17 01:00,1,2001.09.17 01:00,0,,2,5w 0d,Asia,NA,,NA,,0.41930,BREAK,2001.09.17 01:00,0,,0,,0,,0,NA,Asia,BOUNCE,2001.09.17 06:00,NA,,B-ZO-BO,B-ZD-BO,B-ZO-BR,B-ZE-BR,B-ZH-BR,S-ZD-UN,B-ZD-BO,S-ZE-UN,S-ZE-UN,B-ZO-BR,B-ZH-BO,B-ZD-BR,B-ZO-BO,B-ZH-UN,S-ZO-BO,B-ZB-UN,S-ZO-BR,B-ZE-UN,B-ZD-UN,B-ZO-UN
181,2001.08.15 00:00,NZDUSD,60,86400,BUY,ZH,0,0.42910,0.42430,480.0,0.43160,0.42550,610.0,127.083,25.00,360.0,113.3,0.42910,0.42550,0.43520,BOUNCE,2001.08.15 01:00,1,2001.09.05 12:00,1,2001.09.13 01:00,1,2001.09.13 01:00,3,4w 1d,Asia,NA,,NA,,0.42070,BOUNCE,2001.09.13 01:00,0,,0,,0,,0,NA,Asia,NA,,NA,,0.43270,BREAK,2001.08.15 01:00,0,,0,,0,,0,NA,Asia,BOUNCE,2001.08.16 01:00,NA,,0.42190,BREAK,2001.09.13 01:00,0,,0,,0,,0,NA,Asia,BREAK,2001.09.17 01:00,BREAK,2001.09.17 11:00,B-ZD-BO,B-ZO-BO,B-ZD-BO,B-ZO-BR,B-ZE-BR,B-ZH-BR,S-ZD-UN,B-ZD-BO,S-ZE-UN,S-ZE-UN,B-ZD-BR,B-ZO-BO,B-ZH-UN,S-ZO-BO,B-ZB-UN,S-ZO-BR,B-ZE-UN,B-ZD-UN,B-ZO-UN,S-ZB-BR
182,2001.08.16 00:00,NZDUSD,60,86400,BUY,ZD,1,0.43160,0.42550,610.0,0.43600,0.42970,630.0,103.279,68.85,190.0,144.0,0.43160,0.42970,0.43790,BREAK,2001.08.17 01:00,0,,0,,0,,0,NA,Asia,BOUNCE,2001.08.17 15:00,NA,,0.42360,BREAK,2001.09.13 01:00,0,,0,,0,,0,NA,Asia,BREAK,2001.09.13 18:00,BREAK,2001.09.17 01:00,0.43350,BREAK,2001.08.16 00:00,0,,0,,0,,0,NA,Asia,BREAK,2001.08.16 10:00,BREAK,2001.08.17 01:00,0.42780,BREAK,2001.09.11 01:00,0,,0,,0,,0,NA,Asia,BOUNCE,2001.09.11 08:00,NA,,B-ZH-BO,B-ZD-BO,B-ZO-BO,B-ZD-BO,B-ZO-BR,B-ZE-BR,B-ZH-BR,S-ZD-UN,B-ZD-BO,S-ZE-UN,B-ZO-BO,B-ZH-UN,S-ZO-BO,B-ZB-UN,S-ZO-BR,B-ZE-UN,B-ZD-UN,B-ZO-UN,S-ZB-BR,B-ZO-BR
183,2001.08.17 00:00,NZDUSD,60,86400,BUY,ZO,0,0.43600,0.42970,630.0,0.43720,0.43160,560.0,88.889,30.16,440.0,148.7,0.43600,0.43160,0.44160,BOUNCE,2001.08.17 01:00,1,2001.08.17 02:00,1,2001.09.11 01:00,1,2001.09.11 09:00,3,3w 4d,Asia,NA,,NA,,0.42530,BOUNCE,2001.09.11 09:00,1,2001.09.11 18:00,0,,0,,1,9h,London,NA,,NA,,0.44040,BOUNCE,2001.08.17 01:00,1,2001.09.11 01:00,1,2001.09.11 09:00,0,,2,3w 4d,Asia,NA,,NA,,0.42720,BREAK,2001.09.11 01:00,0,,0,,0,,0,NA,Asia,BREAK,2001.09.13 01:00,BREAK,2001.09.17 01:00,B-ZD-BR,B-ZH-BO,B-ZD-BO,B-ZO-BO,B-ZD-BO,B-ZO-BR,B-ZE-BR,B-ZH-BR,S-ZD-UN,B-ZD-BO,B-ZH-UN,S-ZO-BO,B-ZB-UN,S-ZO-BR,B-ZE-UN,B-ZD-UN,B-ZO-UN,S-ZB-BR,B-ZO-BR,B-ZO-BR
184,2001.08.18 00:00,NZDUSD,60,86400,BUY,ZH,1,0.43720,0.43160,560.0,0.44170,0.43170,1000.0,178.571,1.79,550.0,132.2,0.43720,0.43170,0.44720,UNTOUCHED,,0,,0,,0,,0,NA,Other,NA,,NA,,0.42610,BOUNCE,2001.09.11 01:00,0,,0,,0,,0,NA,Asia,NA,,NA,,0.44270,BREAK,2001.08.22 01:00,0,,0,,0,,0,NA,Asia,UNTOUCHED,,NA,,0.42620,BOUNCE,2001.09.11 01:00,0,,0,,0,,0,NA,Asia,NA,,NA,,B-ZO-BO,B-ZD-BR,B-ZH-BO,B-ZD-BO,B-ZO-BO,B-ZD-BO,B-ZO-BR,B-ZE-BR,B-ZH-BR,S-ZD-UN,S-ZO-BO,B-ZB-UN,S-ZO-BR,B-ZE-UN,B-ZD-UN,B-ZO-UN,S-ZB-BR,B-ZO-BR,B-ZO-BR,B-ZH-BR
185,2001.08.22 00:00,NZDUSD,60,86400,SELL,ZO,0,0.44260,0.43630,630.0,0.44040,0.43470,570.0,90.476,34.92,410.0,148.7,0.44040,0.43630,0.43060,BOUNCE,2001.09.04 01:00,0,,0,,0,,0,NA,Asia,NA,,NA,,0.44670,UNTOUCHED,,0,,0,,0,,0,NA,Other,NA,,NA,,0.43220,BREAK,2001.09.04 01:00,0,,0,,0,,0,NA,Asia,BOUNCE,2001.09.05 16:00,NA,,0.44450,BOUNCE,2001.08.22 01:00,1,2001.09.04 01:00,1,2001.09.04 01:00,0,,2,1w 6d,Asia,NA,,NA,,B-ZH-UN,B-ZO-BO,B-ZD-BR,B-ZH-BO,B-ZD-BO,B-ZO-BO,B-ZD-BO,B-ZO-BR,B-ZE-BR,B-ZH-BR,B-ZB-UN,S-ZO-BR,B-ZE-UN,B-ZD-UN,B-ZO-UN,S-ZB-BR,B-ZO-BR,B-ZO-BR,B-ZH-BR,B-ZC-BO
186,2001.08.23 00:00,NZDUSD,60,86400,BUY,ZB,1,0.44040,0.43470,570.0,0.44510,0.43830,680.0,119.298,63.16,210.0,134.5,0.44040,0.43830,0.44720,UNTOUCHED,,0,,0,,0,,0,NA,Other,NA,,NA,,0.43260,BREAK,2001.09.04 01:00,0,,0,,0,,0,NA,Asia,BREAK,2001.09.05 01:00,BOUNCE,2001.09.05 13:00,0.44250,BOUNCE,2001.08.23 00:00,1,2001.08.28 01:00,1,2001.09.04 01:00,0,,2,1w 5d,Asia,NA,,NA,,0.43620,BREAK,2001.08.28 01:00,0,,0,,0,,0,NA,Asia,BREAK,2001.09.04 01:00,BREAK,2001.09.04 19:00,S-ZO-BO,B-ZH-UN,B-ZO-BO,B-ZD-BR,B-ZH-BO,B-ZD-BO,B-ZO-BO,B-ZD-BO,B-ZO-BR,B-ZE-BR,S-ZO-BR,B-ZE-UN,B-ZD-UN,B-ZO-UN,S-ZB-BR,B-ZO-BR,B-ZO-BR,B-ZH-BR,B-ZC-BO,B-ZB-BR
187,2001.08.29 00:00,NZDUSD,60,86400,SELL,ZO,0,0.44260,0.43740,520.0,0.44160,0.43460,700.0,134.615,19.23,420.0,122.7,0.44160,0.43740,0.43040,BREAK,2001.09.05 01:00,0,,0,,0,,0,NA,Asia,BOUNCE,2001.09.11 01:00,NA,,0.44680,UNTOUCHED,,0,,0,,0,,0,NA,Other,NA,,NA,,0.43320,BREAK,2001.09.04 01:00,0,,0,,0,,0,NA,Asia,BOUNCE,2001.09.05 01:00,NA,,0.44580,UNTOUCHED,,0,,0,,0,,0,NA,Other,NA,,NA,,B-ZB-UN,S-ZO-BO,B-ZH-UN,B-ZO-BO,B-ZD-BR,B-ZH-BO,B-ZD-BO,B-ZO-BO,B-ZD-BO,B-ZO-BR,B-ZE-UN,B-ZD-UN,B-ZO-UN,S-ZB-BR,B-ZO-BR,B-ZO-BR,B-ZH-BR,B-ZC-BO,B-ZB-BR,S-ZF-UN
188,2001.08.30 00:00,NZDUSD,60,86400,BUY,ZE,1,0.44160,0.43460,700.0,0.44270,0.43920,350.0,50.000,65.71,240.0,165.2,0.44160,0.43920,0.44510,UNTOUCHED,,0,,0,,0,,0,NA,Other,NA,,NA,,0.43220,BOUNCE,2001.09.04 01:00,0,,0,,0,,0,NA,Asia,NA,,NA,,0.44400,UNTOUCHED,,0,,0,,0,,0,NA,Other,NA,,NA,,0.43680,BOUNCE,2001.08.31 01:00,0,,0,,0,,0,NA,Asia,NA,,NA,,S-ZO-BR,B-ZB-UN,S-ZO-BO,B-ZH-UN,B-ZO-BO,B-ZD-BR,B-ZH-BO,B-ZD-BO,B-ZO-BO,B-ZD-BO,B-ZD-UN,B-ZO-UN,S-ZB-BR,B-ZO-BR,B-ZO-BR,B-ZH-BR,B-ZC-BO,B-ZB-BR,S-ZF-UN,S-ZE-UN
189,2001.09.07 00:00,NZDUSD,60,86400,BUY,ZD,1,0.43360,0.42790,570.0,0.43650,0.43060,590.0,103.509,47.37,300.0,134.5,0.43360,0.43060,0.43950,UNTOUCHED,,0,,0,,0,,0,NA,Other,NA,,NA,,0.42490,BREAK,2001.09.13 01:00,0,,0,,0,,0,NA,Asia,BREAK,2001.09.13 18:00,BREAK,2001.09.17 01:00,0.43660,BOUNCE,2001.09.07 01:00,1,2001.09.11 01:00,1,2001.09.13 01:00,0,,2,6d 0h,Asia,NA,,NA,,0.42760,BREAK,2001.09.11 01:00,0,,0,,0,,0,NA,Asia,BREAK,2001.09.13 01:00,BREAK,2001.09.13 18:00,B-ZE-UN,S-ZO-BR,B-ZB-UN,S-ZO-BO,B-ZH-UN,B-ZO-BO,B-ZD-BR,B-ZH-BO,B-ZD-BO,B-ZO-BO,B-ZO-UN,S-ZB-BR,B-ZO-BR,B-ZO-BR,B-ZH-BR,B-ZC-BO,B-ZB-BR,S-ZF-UN,S-ZE-UN,B-ZO-BR
190,2001.09.08 00:00,NZDUSD,60,86400,BUY,ZO,0,0.43650,0.43060,590.0,0.43690,0.43120,570.0,96.610,10.17,530.0,139.2,0.43650,0.43120,0.44220,UNTOUCHED,,0,,0,,0,,0,NA,Other,NA,,NA,,0.42530,BOUNCE,2001.09.11 09:00,0,,0,,0,,0,NA,London,NA,,NA,,0.44180,UNTOUCHED,,0,,0,,0,,0,NA,Other,NA,,NA,,0.42590,BOUNCE,2001.09.11 01:00,0,,0,,0,,0,NA,Asia,NA,,NA,,B-ZD-UN,B-ZE-UN,S-ZO-BR,B-ZB-UN,S-ZO-BO,B-ZH-UN,B-ZO-BO,B-ZD-BR,B-ZH-BO,B-ZD-BO,S-ZB-BR,B-ZO-BR,B-ZO-BR,B-ZH-BR,B-ZC-BO,B-ZB-BR,S-ZF-UN,S-ZE-UN,B-ZO-BR,S-ZG-BO
191,2001.09.14 00:00,NZDUSD,60,86400,SELL,ZB,1,0.43380,0.42530,850.0,0.42740,0.41960,780.0,91.765,75.29,210.0,200.6,0.42740,0.42530,0.41750,BREAK,2001.09.17 01:00,0,,0,,0,,0,NA,Asia,BREAK,2001.09.17 11:00,BREAK,2001.09.17 12:00,0.43590,UNTOUCHED,,0,,0,,0,,0,NA,Other,NA,,NA,,0.42320,BREAK,2001.09.14 01:00,0,,0,,0,,0,NA,Asia,BOUNCE,2001.09.14 14:00,NA,,0.42950,UNTOUCHED,,0,,0,,0,,0,NA,Other,NA,,NA,,B-ZO-UN,B-ZD-UN,B-ZE-UN,S-ZO-BR,B-ZB-UN,S-ZO-BO,B-ZH-UN,B-ZO-BO,B-ZD-BR,B-ZH-BO,B-ZO-BR,B-ZO-BR,B-ZH-BR,B-ZC-BO,B-ZB-BR,S-ZF-UN,S-ZE-UN,B-ZO-BR,S-ZG-BO,S-ZB-BR
192,2001.09.20 00:00,NZDUSD,60,86400,BUY,ZO,0,0.41370,0.40830,540.0,0.41380,0.40920,460.0,85.185,16.67,450.0,127.4,0.41370,0.40920,0.41830,BREAK,2001.10.15 01:00,0,,0,,0,,0,NA,Asia,BOUNCE,2001.10.16 01:00,NA,,0.40380,BREAK,2001.09.21 01:00,0,,0,,0,,0,NA,Asia,BREAK,2001.09.24 01:00,UNTOUCHED,,0.41820,BREAK,2001.10.15 01:00,0,,0,,0,,0,NA,Asia,BOUNCE,2001.10.16 01:00,NA,,0.40470,BREAK,2001.09.21 01:00,0,,0,,0,,0,NA,Asia,BREAK,2001.09.24 01:00,UNTOUCHED,,S-ZB-BR,B-ZO-UN,B-ZD-UN,B-ZE-UN,S-ZO-BR,B-ZB-UN,S-ZO-BO,B-ZH-UN,B-ZO-BO,B-ZD-BR,B-ZO-BR,B-ZH-BR,B-ZC-BO,B-ZB-BR,S-ZF-UN,S-ZE-UN,B-ZO-BR,S-ZG-BO,S-ZB-BR,B-ZE-BR
193,2001.09.27 00:00,NZDUSD,60,86400,BUY,ZO,0,0.40960,0.40170,790.0,0.40990,0.40420,570.0,72.152,31.65,540.0,186.4,0.40960,0.40420,0.41530,BREAK,2001.10.05 01:00,0,,0,,0,,0,NA,Asia,BREAK,2001.10.15 01:00,UNTOUCHED,,0.39630,UNTOUCHED,,0,,0,,0,,0,NA,Other,NA,,NA,,0.41500,BREAK,2001.10.05 01:00,0,,0,,0,,0,NA,Asia,BREAK,2001.10.15 01:00,UNTOUCHED,,0.39880,BOUNCE,2001.09.27 01:00,1,2001.10.05 01:00,1,2001.10.05 01:00,0,,2,1w 1d,Asia,NA,,NA,,B-ZO-BR,S-ZB-BR,B-ZO-UN,B-ZD-UN,B-ZE-UN,S-ZO-BR,B-ZB-UN,S-ZO-BO,B-ZH-UN,B-ZO-BO,B-ZH-BR,B-ZC-BO,B-ZB-BR,S-ZF-UN,S-ZE-UN,B-ZO-BR,S-ZG-BO,S-ZB-BR,B-ZE-BR,B-ZE-BO
194,2001.10.04 00:00,NZDUSD,60,86400,BUY,ZH,1,0.40730,0.40300,430.0,0.41080,0.40320,760.0,176.744,4.65,410.0,101.5,0.40730,0.40320,0.41490,BREAK,2001.10.05 01:00,0,,0,,0,,0,NA,Asia,BREAK,2001.10.15 01:00,BREAK,2001.11.14 02:00,0.39890,UNTOUCHED,,0,,0,,0,,0,NA,Other,NA,,NA,,0.41140,BREAK,2001.10.05 01:00,0,,0,,0,,0,NA,Asia,BREAK,2001.10.05 14:00,BREAK,2001.10.15 01:00,0.39910,UNTOUCHED,,0,,0,,0,,0,NA,Other,NA,,NA,,B-ZO-BR,B-ZO-BR,S-ZB-BR,B-ZO-UN,B-ZD-UN,B-ZE-UN,S-ZO-BR,B-ZB-UN,S-ZO-BO,B-ZH-UN,B-ZC-BO,B-ZB-BR,S-ZF-UN,S-ZE-UN,B-ZO-BR,S-ZG-BO,S-ZB-BR,B-ZE-BR,B-ZE-BO,S-ZD-BO
195,2001.10.05 00:00,NZDUSD,60,86400,BUY,ZC,1,0.41080,0.40320,760.0,0.41120,0.40630,490.0,64.474,40.79,450.0,179.4,0.41080,0.40630,0.41570,BOUNCE,2001.10.05 01:00,0,,0,,0,,0,NA,Asia,NA,,NA,,0.39870,UNTOUCHED,,0,,0,,0,,0,NA,Other,NA,,NA,,0.41530,BREAK,2001.10.05 01:00,0,,0,,0,,0,NA,Asia,BREAK,2001.10.15 01:00,BOUNCE,2001.11.14 02:00,0.40180,UNTOUCHED,,0,,0,,0,,0,NA,Other,NA,,NA,,B-ZH-BR,B-ZO-BR,B-ZO-BR,S-ZB-BR,B-ZO-UN,B-ZD-UN,B-ZE-UN,S-ZO-BR,B-ZB-UN,S-ZO-BO,B-ZB-BR,S-ZF-UN,S-ZE-UN,B-ZO-BR,S-ZG-BO,S-ZB-BR,B-ZE-BR,B-ZE-BO,S-ZD-BO,B-ZF-BR
196,2001.10.06 00:00,NZDUSD,60,86400,BUY,ZB,1,0.41120,0.40630,490.0,0.41750,0.40820,930.0,189.796,38.78,300.0,115.6,0.41120,0.40820,0.42050,BREAK,2001.10.15 01:00,0,,0,,0,,0,NA,Asia,BOUNCE,2001.11.14 02:00,NA,,0.40330,UNTOUCHED,,0,,0,,0,,0,NA,Other,NA,,NA,,0.41420,BREAK,2001.10.06 00:00,0,,0,,0,,0,NA,Asia,BOUNCE,2001.10.09 01:00,NA,,0.40520,UNTOUCHED,,0,,0,,0,,0,NA,Other,NA,,NA,,B-ZC-BO,B-ZH-BR,B-ZO-BR,B-ZO-BR,S-ZB-BR,B-ZO-UN,B-ZD-UN,B-ZE-UN,S-ZO-BR,B-ZB-UN,S-ZF-UN,S-ZE-UN,B-ZO-BR,S-ZG-BO,S-ZB-BR,B-ZE-BR,B-ZE-BO,S-ZD-BO,B-ZF-BR,B-ZB-BR
197,2001.10.10 00:00,NZDUSD,60,86400,SELL,ZF,0,0.41800,0.41360,440.0,0.41780,0.41180,600.0,136.364,4.55,420.0,103.8,0.41780,0.41360,0.40760,UNTOUCHED,,0,,0,,0,,0,NA,Other,NA,,NA,,0.42220,BOUNCE,2001.10.15 01:00,1,2001.10.18 01:00,0,,0,,1,3d 0h,Asia,NA,,NA,,0.40940,UNTOUCHED,,0,,0,,0,,0,NA,Other,NA,,NA,,0.42200,BOUNCE,2001.10.15 01:00,0,,0,,0,,0,NA,Asia,NA,,NA,,B-ZB-BR,B-ZC-BO,B-ZH-BR,B-ZO-BR,B-ZO-BR,S-ZB-BR,B-ZO-UN,B-ZD-UN,B-ZE-UN,S-ZO-BR,S-ZE-UN,B-ZO-BR,S-ZG-BO,S-ZB-BR,B-ZE-BR,B-ZE-BO,S-ZD-BO,B-ZF-BR,B-ZB-BR,B-ZO-UN
198,2001.10.11 00:00,NZDUSD,60,86400,SELL,ZE,1,0.41780,0.41180,600.0,0.41500,0.41120,380.0,63.333,46.67,320.0,141.6,0.41500,0.41180,0.40800,UNTOUCHED,,0,,0,,0,,0,NA,Other,NA,,NA,,0.42100,BREAK,2001.10.15 01:00,0,,0,,0,,0,NA,Asia,BOUNCE,2001.11.14 02:00,NA,,0.40860,UNTOUCHED,,0,,0,,0,,0,NA,Other,NA,,NA,,0.41820,BREAK,2001.10.15 01:00,0,,0,,0,,0,NA,Asia,BREAK,2001.10.15 08:00,UNTOUCHED,,S-ZF-UN,B-ZB-BR,B-ZC-BO,B-ZH-BR,B-ZO-BR,B-ZO-BR,S-ZB-BR,B-ZO-UN,B-ZD-UN,B-ZE-UN,B-ZO-BR,S-ZG-BO,S-ZB-BR,B-ZE-BR,B-ZE-BO,S-ZD-BO,B-ZF-BR,B-ZB-BR,B-ZO-UN,S-ZH-BR
199,2001.10.13 00:00,NZDUSD,60,86400,BUY,ZO,0,0.41530,0.41040,490.0,0.41660,0.41200,460.0,93.878,32.65,330.0,115.6,0.41530,0.41200,0.41990,BREAK,2001.10.15 01:00,0,,0,,0,,0,NA,Asia,BOUNCE,2001.11.14 02:00,NA,,0.40710,UNTOUCHED,,0,,0,,0,,0,NA,Other,NA,,NA,,0.41860,BREAK,2001.10.15 01:00,0,,0,,0,,0,NA,Asia,BOUNCE,2001.10.15 17:00,NA,,0.40870,PENDING,2001.11.22 02:00,0,,0,,0,,0,NA,Asia,NA,,NA,,S-ZE-UN,S-ZF-UN,B-ZB-BR,B-ZC-BO,B-ZH-BR,B-ZO-BR,B-ZO-BR,S-ZB-BR,B-ZO-UN,B-ZD-UN,S-ZG-BO,S-ZB-BR,B-ZE-BR,B-ZE-BO,S-ZD-BO,B-ZF-BR,B-ZB-BR,B-ZO-UN,S-ZH-BR,S-ZE-UN
200,2001.10.17 00:00,NZDUSD,60,86400,SELL,ZG,0,0.42300,0.41830,470.0,0.42190,0.41790,400.0,85.106,23.40,360.0,110.9,0.42190,0.41830,0.41430,BOUNCE,2001.10.18 01:00,1,2001.11.12 02:00,0,,0,,1,3w 4d,Asia,NA,,NA,,0.42660,UNTOUCHED,,0,,0,,0,,0,NA,Other,NA,,NA,,0.41470,BOUNCE,2001.10.18 01:00,0,,0,,0,,0,NA,Asia,NA,,NA,,0.42550,UNTOUCHED,,0,,0,,0,,0,NA,Other,NA,,NA,,B-ZO-BR,S-ZE-UN,S-ZF-UN,B-ZB-BR,B-ZC-BO,B-ZH-BR,B-ZO-BR,B-ZO-BR,S-ZB-BR,B-ZO-UN,S-ZB-BR,B-ZE-BR,B-ZE-BO,S-ZD-BO,B-ZF-BR,B-ZB-BR,B-ZO-UN,S-ZH-BR,S-ZE-UN,B-ZC-BR
201,2001.10.19 00:00,NZDUSD,60,86400,SELL,ZB,1,0.42300,0.41670,630.0,0.41920,0.41370,550.0,87.302,60.32,250.0,148.7,0.41920,0.41670,0.41120,BREAK,2001.10.29 02:00,0,,0,,0,,0,NA,Asia,BOUNCE,2001.11.22 02:00,NA,,0.42550,UNTOUCHED,,0,,0,,0,,0,NA,Other,NA,,NA,,0.41420,BOUNCE,2001.10.19 01:00,1,2001.11.12 02:00,0,,0,,1,3w 3d,Asia,NA,,NA,,0.42170,BREAK,2001.11.12 02:00,0,,0,,0,,0,NA,Asia,BOUNCE,2001.11.14 02:00,NA,,S-ZG-BO,B-ZO-BR,S-ZE-UN,S-ZF-UN,B-ZB-BR,B-ZC-BO,B-ZH-BR,B-ZO-BR,B-ZO-BR,S-ZB-BR,B-ZE-BR,B-ZE-BO,S-ZD-BO,B-ZF-BR,B-ZB-BR,B-ZO-UN,S-ZH-BR,S-ZE-UN,B-ZC-BR,B-ZD-BR
202,2001.10.24 00:00,NZDUSD,60,86400,BUY,ZE,1,0.41900,0.41440,460.0,0.41970,0.41620,350.0,76.087,39.13,280.0,108.6,0.41900,0.41620,0.42250,BREAK,2001.11.12 02:00,0,,0,,0,,0,NA,Asia,UNTOUCHED,,NA,,0.41160,BREAK,2001.10.26 02:00,0,,0,,0,,0,NA,Asia,BOUNCE,2001.11.23 11:00,NA,,0.42180,BREAK,2001.11.12 02:00,0,,0,,0,,0,NA,Asia,UNTOUCHED,,NA,,0.41340,BOUNCE,2001.10.25 02:00,1,2001.11.12 02:00,1,2001.11.12 02:00,0,,2,2w 4d,Asia,NA,,NA,,S-ZB-BR,S-ZG-BO,B-ZO-BR,S-ZE-UN,S-ZF-UN,B-ZB-BR,B-ZC-BO,B-ZH-BR,B-ZO-BR,B-ZO-BR,B-ZE-BO,S-ZD-BO,B-ZF-BR,B-ZB-BR,B-ZO-UN,S-ZH-BR,S-ZE-UN,B-ZC-BR,B-ZD-BR,B-ZH-BO
203,2001.10.31 00:00,NZDUSD,60,86400,BUY,ZE,1,0.41580,0.40960,620.0,0.41730,0.41320,410.0,66.129,58.06,260.0,146.3,0.41580,0.41320,0.41990,BOUNCE,2001.11.06 02:00,1,2001.11.16 02:00,1,2001.11.21 02:00,0,,2,2w 1d,Asia,NA,,NA,,0.40700,UNTOUCHED,,0,,0,,0,,0,NA,Other,NA,,NA,,0.41840,BOUNCE,2001.11.01 02:00,1,2001.11.21 02:00,0,,0,,1,2w 6d,Asia,NA,,NA,,0.41060,BOUNCE,2001.10.31 02:00,1,2001.11.01 02:00,1,2001.11.01 02:00,0,,2,1d 0h,Asia,NA,,NA,,B-ZE-BR,S-ZB-BR,S-ZG-BO,B-ZO-BR,S-ZE-UN,S-ZF-UN,B-ZB-BR,B-ZC-BO,B-ZH-BR,B-ZO-BR,S-ZD-BO,B-ZF-BR,B-ZB-BR,B-ZO-UN,S-ZH-BR,S-ZE-UN,B-ZC-BR,B-ZD-BR,B-ZH-BO,B-ZO-BR
204,2001.11.01 00:00,NZDUSD,60,86400,SELL,ZD,1,0.41730,0.41320,410.0,0.41490,0.40970,520.0,126.829,58.54,170.0,96.8,0.41490,0.41320,0.40800,BOUNCE,2001.11.22 23:00,1,2001.11.23 02:00,1,2001.11.28 02:00,1,2001.12.12 02:00,3,2w 5d,Other,NA,,NA,,0.41900,BREAK,2001.11.06 02:00,0,,0,,0,,0,NA,Asia,BOUNCE,2001.11.06 12:00,NA,,0.41150,BOUNCE,2001.11.01 00:00,1,2001.11.01 12:00,1,2001.11.06 02:00,0,,2,5d 2h,Asia,NA,,NA,,0.41660,BREAK,2001.11.01 02:00,0,,0,,0,,0,NA,Asia,BOUNCE,2001.11.01 14:00,NA,,B-ZE-BO,B-ZE-BR,S-ZB-BR,S-ZG-BO,B-ZO-BR,S-ZE-UN,S-ZF-UN,B-ZB-BR,B-ZC-BO,B-ZH-BR,B-ZF-BR,B-ZB-BR,B-ZO-UN,S-ZH-BR,S-ZE-UN,B-ZC-BR,B-ZD-BR,B-ZH-BO,B-ZO-BR,B-ZF-BR
205,2001.11.02 00:00,NZDUSD,60,86400,BUY,ZF,1,0.41490,0.40970,520.0,0.41850,0.41070,780.0,150.000,19.23,420.0,122.7,0.41490,0.41070,0.42270,BREAK,2001.11.12 02:00,0,,0,,0,,0,NA,Asia,UNTOUCHED,,NA,,0.40550,UNTOUCHED,,0,,0,,0,,0,NA,Other,NA,,NA,,0.41910,BREAK,2001.11.06 02:00,0,,0,,0,,0,NA,Asia,BOUNCE,2001.11.15 02:00,NA,,0.40650,UNTOUCHED,,0,,0,,0,,0,NA,Other,NA,,NA,,S-ZD-BO,B-ZE-BO,B-ZE-BR,S-ZB-BR,S-ZG-BO,B-ZO-BR,S-ZE-UN,S-ZF-UN,B-ZB-BR,B-ZC-BO,B-ZB-BR,B-ZO-UN,S-ZH-BR,S-ZE-UN,B-ZC-BR,B-ZD-BR,B-ZH-BO,B-ZO-BR,B-ZF-BR,S-ZB-BO
206,2001.11.07 00:00,NZDUSD,60,86400,BUY,ZB,1,0.41660,0.41360,300.0,0.42130,0.41540,590.0,196.667,60.00,120.0,70.8,0.41660,0.41540,0.42250,BREAK,2001.11.12 02:00,0,,0,,0,,0,NA,Asia,BOUNCE,2001.11.13 02:00,NA,,0.41240,BREAK,2001.11.21 02:00,0,,0,,0,,0,NA,Asia,BOUNCE,2001.11.21 10:00,NA,,0.41780,BREAK,2001.11.07 00:00,0,,0,,0,,0,NA,Asia,BREAK,2001.11.07 01:00,BOUNCE,2001.11.07 02:00,0.41420,BOUNCE,2001.11.16 02:00,1,2001.11.16 03:00,1,2001.11.16 03:00,0,,2,1h,Asia,NA,,NA,,B-ZF-BR,S-ZD-BO,B-ZE-BO,B-ZE-BR,S-ZB-BR,S-ZG-BO,B-ZO-BR,S-ZE-UN,S-ZF-UN,B-ZB-BR,B-ZO-UN,S-ZH-BR,S-ZE-UN,B-ZC-BR,B-ZD-BR,B-ZH-BO,B-ZO-BR,B-ZF-BR,S-ZB-BO,B-ZD-BR
207,2001.11.14 00:00,NZDUSD,60,86400,BUY,ZO,0,0.42380,0.42060,320.0,0.42390,0.42090,300.0,93.750,9.38,290.0,75.5,0.42380,0.42090,0.42680,UNTOUCHED,,0,,0,,0,,0,NA,Other,NA,,NA,,0.41770,BREAK,2001.11.15 02:00,0,,0,,0,,0,NA,Asia,BREAK,2001.11.16 02:00,BREAK,2001.11.21 02:00,0.42670,UNTOUCHED,,0,,0,,0,,0,NA,Other,NA,,NA,,0.41800,BREAK,2001.11.15 02:00,0,,0,,0,,0,NA,Asia,BREAK,2001.11.16 02:00,BREAK,2001.11.21 02:00,B-ZB-BR,B-ZF-BR,S-ZD-BO,B-ZE-BO,B-ZE-BR,S-ZB-BR,S-ZG-BO,B-ZO-BR,S-ZE-UN,S-ZF-UN,S-ZH-BR,S-ZE-UN,B-ZC-BR,B-ZD-BR,B-ZH-BO,B-ZO-BR,B-ZF-BR,S-ZB-BO,B-ZD-BR,B-ZB-BO
208,2001.11.17 00:00,NZDUSD,60,86400,SELL,ZH,1,0.42060,0.41690,370.0,0.41930,0.41370,560.0,151.351,35.14,240.0,87.3,0.41930,0.41690,0.41130,BREAK,2001.11.21 02:00,0,,0,,0,,0,NA,Asia,BOUNCE,2001.11.22 02:00,NA,,0.42300,UNTOUCHED,,0,,0,,0,,0,NA,Other,NA,,NA,,0.41450,BOUNCE,2001.11.19 02:00,0,,0,,0,,0,NA,Asia,NA,,NA,,0.42170,UNTOUCHED,,0,,0,,0,,0,NA,Other,NA,,NA,,B-ZO-UN,B-ZB-BR,B-ZF-BR,S-ZD-BO,B-ZE-BO,B-ZE-BR,S-ZB-BR,S-ZG-BO,B-ZO-BR,S-ZE-UN,S-ZE-UN,B-ZC-BR,B-ZD-BR,B-ZH-BO,B-ZO-BR,B-ZF-BR,S-ZB-BO,B-ZD-BR,B-ZB-BO,S-ZB-BO
209,2001.11.23 00:00,NZDUSD,60,86400,SELL,ZE,1,0.41620,0.40930,690.0,0.41150,0.40800,350.0,50.725,68.12,220.0,162.8,0.41150,0.40930,0.40580,UNTOUCHED,,0,,0,,0,,0,NA,Other,NA,,NA,,0.41840,BOUNCE,2001.12.11 02:00,1,2001.12.20 00:00,0,,0,,1,1w 1d,Asia,NA,,NA,,0.40710,UNTOUCHED,,0,,0,,0,,0,NA,Other,NA,,NA,,0.41370,BREAK,2001.11.26 16:00,0,,0,,0,,0,NA,NewYork,BOUNCE,2001.11.28 02:00,NA,,S-ZH-BR,B-ZO-UN,B-ZB-BR,B-ZF-BR,S-ZD-BO,B-ZE-BO,B-ZE-BR,S-ZB-BR,S-ZG-BO,B-ZO-BR,B-ZC-BR,B-ZD-BR,B-ZH-BO,B-ZO-BR,B-ZF-BR,S-ZB-BO,B-ZD-BR,B-ZB-BO,S-ZB-BO,S-ZG-BR
210,2001.11.24 00:00,NZDUSD,60,86400,BUY,ZC,1,0.41150,0.40800,350.0,0.41170,0.40950,220.0,62.857,42.86,200.0,82.6,0.41150,0.40950,0.41370,BREAK,2001.11.26 16:00,0,,0,,0,,0,NA,NewYork,BOUNCE,2001.11.27 20:00,NA,,0.40600,UNTOUCHED,,0,,0,,0,,0,NA,Other,NA,,NA,,0.41350,BOUNCE,2001.11.26 02:00,0,,0,,0,,0,NA,Asia,NA,,NA,,0.40750,UNTOUCHED,,0,,0,,0,,0,NA,Other,NA,,NA,,S-ZE-UN,S-ZH-BR,B-ZO-UN,B-ZB-BR,B-ZF-BR,S-ZD-BO,B-ZE-BO,B-ZE-BR,S-ZB-BR,S-ZG-BO,B-ZD-BR,B-ZH-BO,B-ZO-BR,B-ZF-BR,S-ZB-BO,B-ZD-BR,B-ZB-BO,S-ZB-BO,S-ZG-BR,S-ZD-UN
211,2001.11.27 00:00,NZDUSD,60,86400,BUY,ZD,1,0.41070,0.41020,50.0,0.41370,0.41060,310.0,620.000,80.00,10.0,11.8,0.41070,0.41060,0.41380,BREAK,2001.11.27 02:00,0,,0,,0,,0,NA,Asia,BOUNCE,2001.11.27 03:00,NA,,0.41010,BOUNCE,2001.12.20 02:00,1,2001.12.20 03:00,1,2001.12.20 03:00,1,2001.12.20 03:00,3,1h,Asia,NA,,NA,,0.41080,BREAK,2001.11.27 00:00,0,,0,,0,,0,NA,Asia,BREAK,2001.11.27 01:00,BREAK,2001.11.27 02:00,0.41050,BREAK,2001.12.20 02:00,0,,0,,0,,0,NA,Asia,BREAK,2001.12.21 00:00,BREAK,2001.12.21 02:00,B-ZC-BR,S-ZE-UN,S-ZH-BR,B-ZO-UN,B-ZB-BR,B-ZF-BR,S-ZD-BO,B-ZE-BO,B-ZE-BR,S-ZB-BR,B-ZH-BO,B-ZO-BR,B-ZF-BR,S-ZB-BO,B-ZD-BR,B-ZB-BO,S-ZB-BO,S-ZG-BR,S-ZD-UN,B-ZH-BR
212,2001.11.28 00:00,NZDUSD,60,86400,BUY,ZH,1,0.41370,0.41060,310.0,0.41620,0.41170,450.0,145.161,35.48,200.0,73.2,0.41370,0.41170,0.41820,BOUNCE,2001.12.11 02:00,1,2001.12.20 00:00,0,,0,,1,1w 1d,Asia,NA,,NA,,0.40860,UNTOUCHED,,0,,0,,0,,0,NA,Other,NA,,NA,,0.41570,BREAK,2001.11.28 01:00,0,,0,,0,,0,NA,Asia,BOUNCE,2001.12.07 02:00,NA,,0.40970,UNTOUCHED,,0,,0,,0,,0,NA,Other,NA,,NA,,B-ZD-BR,B-ZC-BR,S-ZE-UN,S-ZH-BR,B-ZO-UN,B-ZB-BR,B-ZF-BR,S-ZD-BO,B-ZE-BO,B-ZE-BR,B-ZO-BR,B-ZF-BR,S-ZB-BO,B-ZD-BR,B-ZB-BO,S-ZB-BO,S-ZG-BR,S-ZD-UN,B-ZH-BR,S-ZO-UN
213,2001.11.29 00:00,NZDUSD,60,86400,BUY,ZO,0,0.41620,0.41170,450.0,0.41660,0.41260,400.0,88.889,20.00,360.0,106.2,0.41620,0.41260,0.42020,BREAK,2001.12.12 02:00,0,,0,,0,,0,NA,Asia,BOUNCE,2002.01.02 02:00,NA,,0.40810,UNTOUCHED,,0,,0,,0,,0,NA,Other,NA,,NA,,0.41980,BREAK,2001.12.12 02:00,0,,0,,0,,0,NA,Asia,BREAK,2002.01.02 02:00,BREAK,2002.01.04 02:00,0.40900,UNTOUCHED,,0,,0,,0,,0,NA,Other,NA,,NA,,B-ZH-BO,B-ZD-BR,B-ZC-BR,S-ZE-UN,S-ZH-BR,B-ZO-UN,B-ZB-BR,B-ZF-BR,S-ZD-BO,B-ZE-BO,B-ZF-BR,S-ZB-BO,B-ZD-BR,B-ZB-BO,S-ZB-BO,S-ZG-BR,S-ZD-UN,B-ZH-BR,S-ZO-UN,S-ZO-UN
214,2001.12.01 00:00,NZDUSD,60,86400,BUY,ZF,0,0.41600,0.41140,460.0,0.41750,0.41170,580.0,126.087,6.52,430.0,108.6,0.41600,0.41170,0.42180,BREAK,2002.01.02 02:00,0,,0,,0,,0,NA,Asia,BOUNCE,2002.01.03 02:00,NA,,0.40710,UNTOUCHED,,0,,0,,0,,0,NA,Other,NA,,NA,,0.42030,BREAK,2001.12.12 02:00,0,,0,,0,,0,NA,Asia,BREAK,2002.01.03 02:00,BOUNCE,2002.01.04 02:00,0.40740,UNTOUCHED,,0,,0,,0,,0,NA,Other,NA,,NA,,B-ZO-BR,B-ZH-BO,B-ZD-BR,B-ZC-BR,S-ZE-UN,S-ZH-BR,B-ZO-UN,B-ZB-BR,B-ZF-BR,S-ZD-BO,S-ZB-BO,B-ZD-BR,B-ZB-BO,S-ZB-BO,S-ZG-BR,S-ZD-UN,B-ZH-BR,S-ZO-UN,S-ZO-UN,B-ZE-BO
215,2001.12.05 00:00,NZDUSD,60,86400,SELL,ZB,1,0.41730,0.41300,430.0,0.41420,0.41170,250.0,58.140,72.09,120.0,101.5,0.41420,0.41300,0.41050,BOUNCE,2001.12.20 02:00,1,2001.12.20 03:00,1,2001.12.20 04:00,1,2002.01.02 02:00,3,1w 6d,Asia,NA,,NA,,0.41850,BOUNCE,2001.12.11 02:00,1,2001.12.11 08:00,1,2001.12.20 02:00,1,2001.12.20 02:00,3,1w 2d,Asia,NA,,NA,,0.41180,BOUNCE,2001.12.05 00:00,1,2001.12.06 00:00,1,2001.12.11 02:00,0,,2,6d 2h,Asia,NA,,NA,,0.41540,BOUNCE,2001.12.05 02:00,1,2001.12.20 02:00,1,2001.12.20 02:00,0,,2,2w 1d,Asia,NA,,NA,,B-ZF-BR,B-ZO-BR,B-ZH-BO,B-ZD-BR,B-ZC-BR,S-ZE-UN,S-ZH-BR,B-ZO-UN,B-ZB-BR,B-ZF-BR,B-ZD-BR,B-ZB-BO,S-ZB-BO,S-ZG-BR,S-ZD-UN,B-ZH-BR,S-ZO-UN,S-ZO-UN,B-ZE-BO,S-ZH-BR
216,2001.12.07 00:00,NZDUSD,60,86400,BUY,ZD,1,0.41570,0.41150,420.0,0.41760,0.41400,360.0,85.714,59.52,170.0,99.1,0.41570,0.41400,0.41930,BREAK,2001.12.12 02:00,0,,0,,0,,0,NA,Asia,BOUNCE,2001.12.12 17:00,NA,,0.40980,UNTOUCHED,,0,,0,,0,,0,NA,Other,NA,,NA,,0.41740,BOUNCE,2001.12.07 00:00,1,2001.12.20 02:00,0,,0,,1,1w 6d,Asia,NA,,NA,,0.41230,BREAK,2001.12.20 02:00,0,,0,,0,,0,NA,Asia,BOUNCE,2001.12.21 02:00,NA,,S-ZB-BO,B-ZF-BR,B-ZO-BR,B-ZH-BO,B-ZD-BR,B-ZC-BR,S-ZE-UN,S-ZH-BR,B-ZO-UN,B-ZB-BR,B-ZB-BO,S-ZB-BO,S-ZG-BR,S-ZD-UN,B-ZH-BR,S-ZO-UN,S-ZO-UN,B-ZE-BO,S-ZH-BR,S-ZD-BR
217,2001.12.13 00:00,NZDUSD,60,86400,BUY,ZB,1,0.41890,0.41410,480.0,0.42150,0.41620,530.0,110.417,43.75,270.0,113.3,0.41890,0.41620,0.42420,BOUNCE,2002.01.02 02:00,1,2002.01.02 03:00,0,,0,,1,1h,Asia,NA,,NA,,0.41140,BREAK,2001.12.20 02:00,0,,0,,0,,0,NA,Asia,UNTOUCHED,,NA,,0.42160,BREAK,2002.01.02 02:00,0,,0,,0,,0,NA,Asia,BREAK,2002.01.03 02:00,BOUNCE,2002.01.03 15:00,0.41350,BREAK,2001.12.20 02:00,0,,0,,0,,0,NA,Asia,BOUNCE,2001.12.21 02:00,NA,,B-ZD-BR,S-ZB-BO,B-ZF-BR,B-ZO-BR,B-ZH-BO,B-ZD-BR,B-ZC-BR,S-ZE-UN,S-ZH-BR,B-ZO-UN,S-ZB-BO,S-ZG-BR,S-ZD-UN,B-ZH-BR,S-ZO-UN,S-ZO-UN,B-ZE-BO,S-ZH-BR,S-ZD-BR,S-ZC-BR
218,2001.12.15 00:00,NZDUSD,60,86400,SELL,ZB,1,0.42110,0.41800,310.0,0.41970,0.41670,300.0,96.774,45.16,170.0,73.2,0.41970,0.41800,0.41500,BOUNCE,2001.12.19 02:00,1,2002.01.02 02:00,1,2002.01.02 02:00,1,2002.01.02 02:00,3,2w 0d,Asia,NA,,NA,,0.42280,BREAK,2002.01.02 02:00,0,,0,,0,,0,NA,Asia,BOUNCE,2002.01.02 21:00,NA,,0.41630,BREAK,2001.12.17 02:00,0,,0,,0,,0,NA,Asia,BOUNCE,2001.12.19 02:00,NA,,0.42140,BREAK,2002.01.02 02:00,0,,0,,0,,0,NA,Asia,BOUNCE,2002.01.02 19:00,NA,,B-ZB-BO,B-ZD-BR,S-ZB-BO,B-ZF-BR,B-ZO-BR,B-ZH-BO,B-ZD-BR,B-ZC-BR,S-ZE-UN,S-ZH-BR,S-ZG-BR,S-ZD-UN,B-ZH-BR,S-ZO-UN,S-ZO-UN,B-ZE-BO,S-ZH-BR,S-ZD-BR,S-ZC-BR,S-ZF-BR
219,2001.12.20 00:00,NZDUSD,60,86400,SELL,ZG,0,0.41890,0.41540,350.0,0.41790,0.41430,360.0,102.857,28.57,250.0,82.6,0.41790,0.41540,0.41180,BREAK,2001.12.20 02:00,0,,0,,0,,0,NA,Asia,UNTOUCHED,,NA,,0.42140,BREAK,2002.01.02 02:00,0,,0,,0,,0,NA,Asia,BREAK,2002.01.03 02:00,BREAK,2002.01.04 02:00,0.41290,BREAK,2001.12.20 02:00,0,,0,,0,,0,NA,Asia,BOUNCE,2001.12.21 02:00,NA,,0.42040,BREAK,2002.01.02 02:00,0,,0,,0,,0,NA,Asia,BREAK,2002.01.02 19:00,BREAK,2002.01.03 02:00,S-ZB-BO,B-ZB-BO,B-ZD-BR,S-ZB-BO,B-ZF-BR,B-ZO-BR,B-ZH-BO,B-ZD-BR,B-ZC-BR,S-ZE-UN,S-ZD-UN,B-ZH-BR,S-ZO-UN,S-ZO-UN,B-ZE-BO,S-ZH-BR,S-ZD-BR,S-ZC-BR,S-ZF-BR,S-ZH-BR
220,2001.12.21 00:00,NZDUSD,60,86400,SELL,ZD,1,0.41790,0.41430,360.0,0.41580,0.41000,580.0,161.111,58.33,150.0,85.0,0.41580,0.41430,0.40850,UNTOUCHED,,0,,0,,0,,0,NA,Other,NA,,NA,,0.41940,BREAK,2002.01.02 02:00,0,,0,,0,,0,NA,Asia,BREAK,2002.01.02 13:00,BOUNCE,2002.01.02 14:00,0.41280,BREAK,2001.12.21 00:00,0,,0,,0,,0,NA,Asia,BREAK,2001.12.21 02:00,UNTOUCHED,,0.41730,BOUNCE,2001.12.24 02:00,1,2001.12.28 02:00,1,2001.12.28 02:00,0,,2,4d 0h,Asia,NA,,NA,,S-ZG-BR,S-ZB-BO,B-ZB-BO,B-ZD-BR,S-ZB-BO,B-ZF-BR,B-ZO-BR,B-ZH-BO,B-ZD-BR,B-ZC-BR,B-ZH-BR,S-ZO-UN,S-ZO-UN,B-ZE-BO,S-ZH-BR,S-ZD-BR,S-ZC-BR,S-ZF-BR,S-ZH-BR,S-ZB-UN
221,2001.12.22 00:00,NZDUSD,60,86400,BUY,ZH,0,0.41580,0.41000,580.0,0.41700,0.41010,690.0,118.966,1.72,570.0,136.9,0.41580,0.41010,0.42270,BREAK,2002.01.02 02:00,0,,0,,0,,0,NA,Asia,BREAK,2002.01.04 02:00,UNTOUCHED,,0.40430,UNTOUCHED,,0,,0,,0,,0,NA,Other,NA,,NA,,0.42150,BREAK,2002.01.02 02:00,0,,0,,0,,0,NA,Asia,BREAK,2002.01.04 02:00,UNTOUCHED,,0.40440,UNTOUCHED,,0,,0,,0,,0,NA,Other,NA,,NA,,S-ZD-UN,S-ZG-BR,S-ZB-BO,B-ZB-BO,B-ZD-BR,S-ZB-BO,B-ZF-BR,B-ZO-BR,B-ZH-BO,B-ZD-BR,S-ZO-UN,S-ZO-UN,B-ZE-BO,S-ZH-BR,S-ZD-BR,S-ZC-BR,S-ZF-BR,S-ZH-BR,S-ZB-UN,S-ZE-UN
222,2001.12.28 00:00,NZDUSD,60,86400,SELL,ZO,0,0.41650,0.41400,250.0,0.41630,0.41320,310.0,124.000,8.00,230.0,59.0,0.41630,0.41400,0.41090,UNTOUCHED,,0,,0,,0,,0,NA,Other,NA,,NA,,0.41880,BREAK,2002.01.02 02:00,0,,0,,0,,0,NA,Asia,BREAK,2002.01.02 13:00,BOUNCE,2002.01.02 19:00,0.41170,UNTOUCHED,,0,,0,,0,,0,NA,Other,NA,,NA,,0.41860,BREAK,2002.01.02 02:00,0,,0,,0,,0,NA,Asia,BREAK,2002.01.02 13:00,BREAK,2002.01.02 19:00,B-ZH-BR,S-ZD-UN,S-ZG-BR,S-ZB-BO,B-ZB-BO,B-ZD-BR,S-ZB-BO,B-ZF-BR,B-ZO-BR,B-ZH-BO,S-ZO-UN,B-ZE-BO,S-ZH-BR,S-ZD-BR,S-ZC-BR,S-ZF-BR,S-ZH-BR,S-ZB-UN,S-ZE-UN,S-ZO-UN
223,2001.12.29 00:00,NZDUSD,60,86400,SELL,ZO,0,0.41630,0.41320,310.0,0.41610,0.41270,340.0,109.677,6.45,290.0,73.2,0.41610,0.41320,0.40980,UNTOUCHED,,0,,0,,0,,0,NA,Other,NA,,NA,,0.41920,BREAK,2002.01.02 02:00,0,,0,,0,,0,NA,Asia,BREAK,2002.01.02 19:00,BREAK,2002.01.03 02:00,0.41030,UNTOUCHED,,0,,0,,0,,0,NA,Other,NA,,NA,,0.41900,BREAK,2002.01.02 02:00,0,,0,,0,,0,NA,Asia,BOUNCE,2002.01.02 13:00,NA,,S-ZO-UN,B-ZH-BR,S-ZD-UN,S-ZG-BR,S-ZB-BO,B-ZB-BO,B-ZD-BR,S-ZB-BO,B-ZF-BR,B-ZO-BR,B-ZE-BO,S-ZH-BR,S-ZD-BR,S-ZC-BR,S-ZF-BR,S-ZH-BR,S-ZB-UN,S-ZE-UN,S-ZO-UN,S-ZC-UN
224,2002.01.04 00:00,NZDUSD,60,86400,BUY,ZE,1,0.42460,0.41460,1000.0,0.42700,0.42110,590.0,59.000,65.00,350.0,236.0,0.42460,0.42110,0.43050,BOUNCE,2002.01.05 01:00,1,2002.01.11 02:00,1,2002.01.30 02:00,0,,2,3w 4d,Asia,NA,,NA,,0.41110,UNTOUCHED,,0,,0,,0,,0,NA,Other,NA,,NA,,0.42810,BOUNCE,2002.01.04 02:00,1,2002.01.30 02:00,0,,0,,1,3w 5d,Asia,NA,,NA,,0.41760,BREAK,2002.01.30 02:00,0,,0,,0,,0,NA,Asia,BOUNCE,2002.01.31 02:00,NA,,S-ZO-UN,S-ZO-UN,B-ZH-BR,S-ZD-UN,S-ZG-BR,S-ZB-BO,B-ZB-BO,B-ZD-BR,S-ZB-BO,B-ZF-BR,S-ZH-BR,S-ZD-BR,S-ZC-BR,S-ZF-BR,S-ZH-BR,S-ZB-UN,S-ZE-UN,S-ZO-UN,S-ZC-UN,B-ZD-BR
225,2002.01.11 00:00,NZDUSD,60,86400,SELL,ZH,0,0.43250,0.42720,530.0,0.43050,0.42550,500.0,94.340,37.74,330.0,125.1,0.43050,0.42720,0.42220,BREAK,2002.01.14 02:00,0,,0,,0,,0,NA,Asia,BOUNCE,2002.01.17 02:00,NA,,0.43580,UNTOUCHED,,0,,0,,0,,0,NA,Other,NA,,NA,,0.42390,BOUNCE,2002.01.11 02:00,0,,0,,0,,0,NA,Asia,NA,,NA,,0.43380,UNTOUCHED,,0,,0,,0,,0,NA,Other,NA,,NA,,B-ZE-BO,S-ZO-UN,S-ZO-UN,B-ZH-BR,S-ZD-UN,S-ZG-BR,S-ZB-BO,B-ZB-BO,B-ZD-BR,S-ZB-BO,S-ZD-BR,S-ZC-BR,S-ZF-BR,S-ZH-BR,S-ZB-UN,S-ZE-UN,S-ZO-UN,S-ZC-UN,B-ZD-BR,S-ZF-UN
226,2002.01.12 00:00,NZDUSD,60,86400,SELL,ZD,1,0.43050,0.42550,500.0,0.42740,0.42270,470.0,94.000,62.00,190.0,118.0,0.42740,0.42550,0.42080,BREAK,2002.01.16 02:00,0,,0,,0,,0,NA,Asia,BOUNCE,2002.01.16 16:00,NA,,0.43240,UNTOUCHED,,0,,0,,0,,0,NA,Other,NA,,NA,,0.42360,BREAK,2002.01.12 00:00,0,,0,,0,,0,NA,Asia,BOUNCE,2002.01.15 09:00,NA,,0.42930,BOUNCE,2002.01.21 02:00,1,2002.01.25 02:00,1,2002.01.25 02:00,0,,2,4d 0h,Asia,NA,,NA,,S-ZH-BR,B-ZE-BO,S-ZO-UN,S-ZO-UN,B-ZH-BR,S-ZD-UN,S-ZG-BR,S-ZB-BO,B-ZB-BO,B-ZD-BR,S-ZC-BR,S-ZF-BR,S-ZH-BR,S-ZB-UN,S-ZE-UN,S-ZO-UN,S-ZC-UN,B-ZD-BR,S-ZF-UN,S-ZE-UN
227,2002.01.14 02:00,NZDUSD,60,86400,SELL,ZC,1,0.42740,0.42270,470.0,0.42430,0.42240,190.0,40.426,65.96,160.0,110.9,0.42430,0.42270,0.42080,BREAK,2002.01.16 02:00,0,,0,,0,,0,NA,Asia,BOUNCE,2002.01.16 12:00,NA,,0.42900,BOUNCE,2002.01.21 02:00,1,2002.01.21 03:00,1,2002.01.28 02:00,1,2002.01.28 02:00,3,1w 0d,Asia,NA,,NA,,0.42110,BREAK,2002.01.16 02:00,0,,0,,0,,0,NA,Asia,BOUNCE,2002.01.16 12:00,NA,,0.42590,BREAK,2002.01.21 02:00,0,,0,,0,,0,NA,Asia,BOUNCE,2002.01.21 12:00,NA,,S-ZD-BR,S-ZH-BR,B-ZE-BO,S-ZO-UN,S-ZO-UN,B-ZH-BR,S-ZD-UN,S-ZG-BR,S-ZB-BO,B-ZB-BO,S-ZF-BR,S-ZH-BR,S-ZB-UN,S-ZE-UN,S-ZO-UN,S-ZC-UN,B-ZD-BR,S-ZF-UN,S-ZE-UN,B-ZH-BR
228,2002.01.17 00:00,NZDUSD,60,86400,SELL,ZF,1,0.42480,0.42130,350.0,0.42360,0.41870,490.0,140.000,34.29,230.0,82.6,0.42360,0.42130,0.41640,BREAK,2002.01.30 02:00,0,,0,,0,,0,NA,Asia,BOUNCE,2002.01.31 02:00,NA,,0.42710,BREAK,2002.01.21 02:00,0,,0,,0,,0,NA,Asia,BREAK,2002.01.22 02:00,UNTOUCHED,,0.41900,BOUNCE,2002.01.17 02:00,1,2002.01.21 02:00,1,2002.01.21 02:00,0,,2,4d 0h,Asia,NA,,NA,,0.42590,BREAK,2002.01.21 02:00,0,,0,,0,,0,NA,Asia,BREAK,2002.01.21 23:00,BOUNCE,2002.01.23 02:00,S-ZC-BR,S-ZD-BR,S-ZH-BR,B-ZE-BO,S-ZO-UN,S-ZO-UN,B-ZH-BR,S-ZD-UN,S-ZG-BR,S-ZB-BO,S-ZH-BR,S-ZB-UN,S-ZE-UN,S-ZO-UN,S-ZC-UN,B-ZD-BR,S-ZF-UN,S-ZE-UN,B-ZH-BR,B-ZE-BR
229,2002.01.30 00:00,NZDUSD,60,86400,SELL,ZH,0,0.42450,0.42060,390.0,0.42390,0.41960,430.0,110.256,15.38,330.0,92.0,0.42390,0.42060,0.41630,BREAK,2002.01.30 02:00,0,,0,,0,,0,NA,Asia,UNTOUCHED,,NA,,0.42780,BREAK,2002.03.06 02:00,0,,0,,0,,0,NA,Asia,BREAK,2002.03.07 02:00,BREAK,2002.03.15 02:00,0.41730,BREAK,2002.01.30 02:00,0,,0,,0,,0,NA,Asia,BOUNCE,2002.01.31 02:00,NA,,0.42720,BREAK,2002.03.04 02:00,0,,0,,0,,0,NA,Asia,BREAK,2002.03.07 02:00,BREAK,2002.03.15 02:00,S-ZF-BR,S-ZC-BR,S-ZD-BR,S-ZH-BR,B-ZE-BO,S-ZO-UN,S-ZO-UN,B-ZH-BR,S-ZD-UN,S-ZG-BR,S-ZB-UN,S-ZE-UN,S-ZO-UN,S-ZC-UN,B-ZD-BR,S-ZF-UN,S-ZE-UN,B-ZH-BR,B-ZE-BR,S-ZE-BO
230,2002.01.31 00:00,NZDUSD,60,86400,SELL,ZB,1,0.42390,0.41960,430.0,0.42090,0.41460,630.0,146.512,69.77,130.0,101.5,0.42090,0.41960,0.41330,UNTOUCHED,,0,,0,,0,,0,NA,Other,NA,,NA,,0.42520,BOUNCE,2002.03.01 02:00,1,2002.03.01 03:00,0,,0,,1,1h,Asia,NA,,NA,,0.41830,BREAK,2002.01.31 00:00,0,,0,,0,,0,NA,Asia,BREAK,2002.01.31 01:00,BREAK,2002.01.31 02:00,0.42220,BOUNCE,2002.02.14 02:00,1,2002.02.14 03:00,1,2002.02.14 03:00,0,,2,1h,Asia,NA,,NA,,S-ZH-BR,S-ZF-BR,S-ZC-BR,S-ZD-BR,S-ZH-BR,B-ZE-BO,S-ZO-UN,S-ZO-UN,B-ZH-BR,S-ZD-UN,S-ZE-UN,S-ZO-UN,S-ZC-UN,B-ZD-BR,S-ZF-UN,S-ZE-UN,B-ZH-BR,B-ZE-BR,S-ZE-BO,S-ZO-UN
231,2002.02.01 00:00,NZDUSD,60,86400,SELL,ZE,1,0.42090,0.41460,630.0,0.41820,0.41350,470.0,74.603,42.86,360.0,148.7,0.41820,0.41460,0.40990,UNTOUCHED,,0,,0,,0,,0,NA,Other,NA,,NA,,0.42450,BREAK,2002.03.01 02:00,0,,0,,0,,0,NA,Asia,BREAK,2002.03.06 02:00,BOUNCE,2002.03.07 02:00,0.41100,UNTOUCHED,,0,,0,,0,,0,NA,Other,NA,,NA,,0.42180,BOUNCE,2002.02.11 15:00,0,,0,,0,,0,NA,NewYork,NA,,NA,,S-ZB-UN,S-ZH-BR,S-ZF-BR,S-ZC-BR,S-ZD-BR,S-ZH-BR,B-ZE-BO,S-ZO-UN,S-ZO-UN,B-ZH-BR,S-ZO-UN,S-ZC-UN,B-ZD-BR,S-ZF-UN,S-ZE-UN,B-ZH-BR,B-ZE-BR,S-ZE-BO,S-ZO-UN,B-ZG-BR
232,2002.02.07 00:00,NZDUSD,60,86400,SELL,ZO,0,0.41930,0.41580,350.0,0.41880,0.41560,320.0,91.429,14.29,300.0,82.6,0.41880,0.41580,0.41260,UNTOUCHED,,0,,0,,0,,0,NA,Other,NA,,NA,,0.42230,BOUNCE,2002.02.14 02:00,0,,0,,0,,0,NA,Asia,NA,,NA,,0.41280,UNTOUCHED,,0,,0,,0,,0,NA,Other,NA,,NA,,0.42180,BOUNCE,2002.02.11 15:00,0,,0,,0,,0,NA,NewYork,NA,,NA,,S-ZE-UN,S-ZB-UN,S-ZH-BR,S-ZF-BR,S-ZC-BR,S-ZD-BR,S-ZH-BR,B-ZE-BO,S-ZO-UN,S-ZO-UN,S-ZC-UN,B-ZD-BR,S-ZF-UN,S-ZE-UN,B-ZH-BR,B-ZE-BR,S-ZE-BO,S-ZO-UN,B-ZG-BR,B-ZD-BR
233,2002.02.08 00:00,NZDUSD,60,86400,SELL,ZC,1,0.41880,0.41560,320.0,0.41740,0.41420,320.0,100.000,43.75,180.0,75.5,0.41740,0.41560,0.41240,UNTOUCHED,,0,,0,,0,,0,NA,Other,NA,,NA,,0.42060,BREAK,2002.02.11 02:00,0,,0,,0,,0,NA,Asia,BOUNCE,2002.02.14 02:00,NA,,0.41380,UNTOUCHED,,0,,0,,0,,0,NA,Other,NA,,NA,,0.41920,BOUNCE,2002.02.08 02:00,0,,0,,0,,0,NA,Asia,NA,,NA,,S-ZO-UN,S-ZE-UN,S-ZB-UN,S-ZH-BR,S-ZF-BR,S-ZC-BR,S-ZD-BR,S-ZH-BR,B-ZE-BO,S-ZO-UN,B-ZD-BR,S-ZF-UN,S-ZE-UN,B-ZH-BR,B-ZE-BR,S-ZE-BO,S-ZO-UN,B-ZG-BR,B-ZD-BR,S-ZO-UN
234,2002.02.09 00:00,NZDUSD,60,86400,BUY,ZD,1,0.41740,0.41420,320.0,0.41960,0.41660,300.0,93.750,75.00,80.0,75.5,0.41740,0.41660,0.42040,BREAK,2002.02.11 02:00,0,,0,,0,,0,NA,Asia,BOUNCE,2002.02.11 06:00,NA,,0.41340,UNTOUCHED,,0,,0,,0,,0,NA,Other,NA,,NA,,0.41820,BREAK,2002.02.09 00:00,0,,0,,0,,0,NA,Asia,BREAK,2002.02.11 06:00,BREAK,2002.02.11 07:00,0.41580,UNTOUCHED,,0,,0,,0,,0,NA,Other,NA,,NA,,S-ZC-UN,S-ZO-UN,S-ZE-UN,S-ZB-UN,S-ZH-BR,S-ZF-BR,S-ZC-BR,S-ZD-BR,S-ZH-BR,B-ZE-BO,S-ZF-UN,S-ZE-UN,B-ZH-BR,B-ZE-BR,S-ZE-BO,S-ZO-UN,B-ZG-BR,B-ZD-BR,S-ZO-UN,B-ZD-BR
235,2002.02.13 00:00,NZDUSD,60,86400,SELL,ZF,0,0.42190,0.41850,340.0,0.42090,0.41710,380.0,111.765,29.41,240.0,80.2,0.42090,0.41850,0.41470,UNTOUCHED,,0,,0,,0,,0,NA,Other,NA,,NA,,0.42430,BREAK,2002.03.01 02:00,0,,0,,0,,0,NA,Asia,BREAK,2002.03.04 02:00,BOUNCE,2002.03.06 02:00,0.41610,UNTOUCHED,,0,,0,,0,,0,NA,Other,NA,,NA,,0.42330,BOUNCE,2002.02.15 02:00,0,,0,,0,,0,NA,Asia,NA,,NA,,B-ZD-BR,S-ZC-UN,S-ZO-UN,S-ZE-UN,S-ZB-UN,S-ZH-BR,S-ZF-BR,S-ZC-BR,S-ZD-BR,S-ZH-BR,S-ZE-UN,B-ZH-BR,B-ZE-BR,S-ZE-BO,S-ZO-UN,B-ZG-BR,B-ZD-BR,S-ZO-UN,B-ZD-BR,B-ZO-BR
236,2002.02.14 00:00,NZDUSD,60,86400,SELL,ZE,1,0.42090,0.41710,380.0,0.41890,0.41640,250.0,65.789,52.63,180.0,89.7,0.41890,0.41710,0.41460,UNTOUCHED,,0,,0,,0,,0,NA,Other,NA,,NA,,0.42270,BOUNCE,2002.02.14 02:00,1,2002.02.14 03:00,0,,0,,1,1h,Asia,NA,,NA,,0.41530,UNTOUCHED,,0,,0,,0,,0,NA,Other,NA,,NA,,0.42070,BREAK,2002.02.14 02:00,0,,0,,0,,0,NA,Asia,BOUNCE,2002.02.15 02:00,NA,,S-ZF-UN,B-ZD-BR,S-ZC-UN,S-ZO-UN,S-ZE-UN,S-ZB-UN,S-ZH-BR,S-ZF-BR,S-ZC-BR,S-ZD-BR,B-ZH-BR,B-ZE-BR,S-ZE-BO,S-ZO-UN,B-ZG-BR,B-ZD-BR,S-ZO-UN,B-ZD-BR,B-ZO-BR,B-ZO-BR
237,2002.02.15 00:00,NZDUSD,60,86400,BUY,ZH,1,0.41890,0.41640,250.0,0.42270,0.41710,560.0,224.000,28.00,180.0,59.0,0.41890,0.41710,0.42450,BREAK,2002.03.01 02:00,0,,0,,0,,0,NA,Asia,BREAK,2002.03.04 02:00,BREAK,2002.03.06 02:00,0.41460,UNTOUCHED,,0,,0,,0,,0,NA,Other,NA,,NA,,0.42070,BREAK,2002.02.15 00:00,0,,0,,0,,0,NA,Asia,BREAK,2002.02.15 02:00,BREAK,2002.03.01 02:00,0.41530,UNTOUCHED,,0,,0,,0,,0,NA,Other,NA,,NA,,S-ZE-UN,S-ZF-UN,B-ZD-BR,S-ZC-UN,S-ZO-UN,S-ZE-UN,S-ZB-UN,S-ZH-BR,S-ZF-BR,S-ZC-BR,B-ZE-BR,S-ZE-BO,S-ZO-UN,B-ZG-BR,B-ZD-BR,S-ZO-UN,B-ZD-BR,B-ZO-BR,B-ZO-BR,B-ZO-BR
238,2002.02.16 00:00,NZDUSD,60,86400,BUY,ZE,1,0.42270,0.41710,560.0,0.42350,0.41980,370.0,66.071,48.21,290.0,132.2,0.42270,0.41980,0.42640,BREAK,2002.03.04 02:00,0,,0,,0,,0,NA,Asia,BREAK,2002.03.07 02:00,BOUNCE,2002.03.08 02:00,0.41420,UNTOUCHED,,0,,0,,0,,0,NA,Other,NA,,NA,,0.42560,BOUNCE,2002.03.01 02:00,0,,0,,0,,0,NA,Asia,NA,,NA,,0.41690,BOUNCE,2002.02.22 11:00,1,2002.03.01 02:00,1,2002.03.01 02:00,0,,2,6d 15h,London,NA,,NA,,B-ZH-BR,S-ZE-UN,S-ZF-UN,B-ZD-BR,S-ZC-UN,S-ZO-UN,S-ZE-UN,S-ZB-UN,S-ZH-BR,S-ZF-BR,S-ZE-BO,S-ZO-UN,B-ZG-BR,B-ZD-BR,S-ZO-UN,B-ZD-BR,B-ZO-BR,B-ZO-BR,B-ZO-BR,B-ZD-BR
239,2002.02.20 00:00,NZDUSD,60,86400,SELL,ZE,1,0.42360,0.42140,220.0,0.42260,0.41910,350.0,159.091,45.45,120.0,51.9,0.42260,0.42140,0.41790,BOUNCE,2002.02.21 02:00,1,2002.02.27 02:00,1,2002.03.01 02:00,1,2002.03.01 02:00,3,1w 1d,Asia,NA,,NA,,0.42480,BREAK,2002.03.01 02:00,0,,0,,0,,0,NA,Asia,BREAK,2002.03.04 02:00,BOUNCE,2002.03.04 03:00,0.42020,BREAK,2002.02.20 02:00,0,,0,,0,,0,NA,Asia,BREAK,2002.02.21 02:00,BOUNCE,2002.02.21 14:00,0.42380,BREAK,2002.03.01 02:00,0,,0,,0,,0,NA,Asia,BREAK,2002.03.04 02:00,BREAK,2002.03.04 03:00,B-ZE-BR,B-ZH-BR,S-ZE-UN,S-ZF-UN,B-ZD-BR,S-ZC-UN,S-ZO-UN,S-ZE-UN,S-ZB-UN,S-ZH-BR,S-ZO-UN,B-ZG-BR,B-ZD-BR,S-ZO-UN,B-ZD-BR,B-ZO-BR,B-ZO-BR,B-ZO-BR,B-ZD-BR,S-ZH-UN
240,2002.02.23 00:00,NZDUSD,60,86400,SELL,ZO,0,0.42100,0.41750,350.0,0.41990,0.41680,310.0,88.571,31.43,240.0,82.6,0.41990,0.41750,0.41440,UNTOUCHED,,0,,0,,0,,0,NA,Other,NA,,NA,,0.42340,BREAK,2002.03.01 02:00,0,,0,,0,,0,NA,Asia,BREAK,2002.03.04 02:00,BREAK,2002.03.06 02:00,0.41510,UNTOUCHED,,0,,0,,0,,0,NA,Other,NA,,NA,,0.42230,BOUNCE,2002.02.28 02:00,0,,0,,0,,0,NA,Asia,NA,,NA,,S-ZE-BO,B-ZE-BR,B-ZH-BR,S-ZE-UN,S-ZF-UN,B-ZD-BR,S-ZC-UN,S-ZO-UN,S-ZE-UN,S-ZB-UN,B-ZG-BR,B-ZD-BR,S-ZO-UN,B-ZD-BR,B-ZO-BR,B-ZO-BR,B-ZO-BR,B-ZD-BR,S-ZH-UN,S-ZH-BR
241,2002.02.28 00:00,NZDUSD,60,86400,BUY,ZG,0,0.41950,0.41670,280.0,0.42050,0.41690,360.0,128.571,7.14,260.0,66.1,0.41950,0.41690,0.42310,BREAK,2002.03.01 02:00,0,,0,,0,,0,NA,Asia,BREAK,2002.03.04 02:00,BREAK,2002.03.06 02:00,0.41410,UNTOUCHED,,0,,0,,0,,0,NA,Other,NA,,NA,,0.42210,BOUNCE,2002.02.28 02:00,0,,0,,0,,0,NA,Asia,NA,,NA,,0.41430,UNTOUCHED,,0,,0,,0,,0,NA,Other,NA,,NA,,S-ZO-UN,S-ZE-BO,B-ZE-BR,B-ZH-BR,S-ZE-UN,S-ZF-UN,B-ZD-BR,S-ZC-UN,S-ZO-UN,S-ZE-UN,B-ZD-BR,S-ZO-UN,B-ZD-BR,B-ZO-BR,B-ZO-BR,B-ZO-BR,B-ZD-BR,S-ZH-UN,S-ZH-BR,S-ZO-BR
242,2002.03.02 00:00,NZDUSD,60,86400,BUY,ZD,1,0.42240,0.41820,420.0,0.42620,0.42070,550.0,130.952,59.52,170.0,99.1,0.42240,0.42070,0.42790,BREAK,2002.03.06 02:00,0,,0,,0,,0,NA,Asia,BOUNCE,2002.03.06 21:00,NA,,0.41650,UNTOUCHED,,0,,0,,0,,0,NA,Other,NA,,NA,,0.42410,BREAK,2002.03.02 00:00,0,,0,,0,,0,NA,Asia,BREAK,2002.03.04 03:00,BREAK,2002.03.06 02:00,0.41900,UNTOUCHED,,0,,0,,0,,0,NA,Other,NA,,NA,,B-ZG-BR,S-ZO-UN,S-ZE-BO,B-ZE-BR,B-ZH-BR,S-ZE-UN,S-ZF-UN,B-ZD-BR,S-ZC-UN,S-ZO-UN,S-ZO-UN,B-ZD-BR,B-ZO-BR,B-ZO-BR,B-ZO-BR,B-ZD-BR,S-ZH-UN,S-ZH-BR,S-ZO-BR,S-ZF-BR
243,2002.03.06 00:00,NZDUSD,60,86400,SELL,ZO,0,0.42760,0.42470,290.0,0.42690,0.42440,250.0,86.207,24.14,220.0,68.4,0.42690,0.42470,0.42220,UNTOUCHED,,0,,0,,0,,0,NA,Other,NA,,NA,,0.42980,BREAK,2002.03.07 02:00,0,,0,,0,,0,NA,Asia,BOUNCE,2002.03.08 02:00,NA,,0.42250,UNTOUCHED,,0,,0,,0,,0,NA,Other,NA,,NA,,0.42910,BOUNCE,2002.03.06 02:00,0,,0,,0,,0,NA,Asia,NA,,NA,,B-ZD-BR,B-ZG-BR,S-ZO-UN,S-ZE-BO,B-ZE-BR,B-ZH-BR,S-ZE-UN,S-ZF-UN,B-ZD-BR,S-ZC-UN,B-ZD-BR,B-ZO-BR,B-ZO-BR,B-ZO-BR,B-ZD-BR,S-ZH-UN,S-ZH-BR,S-ZO-BR,S-ZF-BR,S-ZG-BO
244,2002.03.08 00:00,NZDUSD,60,86400,BUY,ZD,1,0.42970,0.42390,580.0,0.43240,0.42790,450.0,77.586,68.97,180.0,136.9,0.42970,0.42790,0.43420,BREAK,2002.03.15 02:00,0,,0,,0,,0,NA,Asia,BOUNCE,2002.03.15 17:00,NA,,0.42210,UNTOUCHED,,0,,0,,0,,0,NA,Other,NA,,NA,,0.43150,BOUNCE,2002.03.08 02:00,0,,0,,0,,0,NA,Asia,NA,,NA,,0.42610,UNTOUCHED,,0,,0,,0,,0,NA,Other,NA,,NA,,S-ZO-UN,B-ZD-BR,B-ZG-BR,S-ZO-UN,S-ZE-BO,B-ZE-BR,B-ZH-BR,S-ZE-UN,S-ZF-UN,B-ZD-BR,B-ZO-BR,B-ZO-BR,B-ZO-BR,B-ZD-BR,S-ZH-UN,S-ZH-BR,S-ZO-BR,S-ZF-BR,S-ZG-BO,S-ZO-UN
245,2002.03.13 00:00,NZDUSD,60,86400,BUY,ZO,0,0.42950,0.42620,330.0,0.43070,0.42670,400.0,121.212,15.15,280.0,77.9,0.42950,0.42670,0.43350,BREAK,2002.03.15 02:00,0,,0,,0,,0,NA,Asia,BREAK,2002.03.15 17:00,BREAK,2002.03.20 02:00,0.42340,UNTOUCHED,,0,,0,,0,,0,NA,Other,NA,,NA,,0.43230,BREAK,2002.03.15 02:00,0,,0,,0,,0,NA,Asia,BREAK,2002.03.15 17:00,BREAK,2002.03.20 02:00,0.42390,UNTOUCHED,,0,,0,,0,,0,NA,Other,NA,,NA,,B-ZD-BR,S-ZO-UN,B-ZD-BR,B-ZG-BR,S-ZO-UN,S-ZE-BO,B-ZE-BR,B-ZH-BR,S-ZE-UN,S-ZF-UN,B-ZO-BR,B-ZO-BR,B-ZD-BR,S-ZH-UN,S-ZH-BR,S-ZO-BR,S-ZF-BR,S-ZG-BO,S-ZO-UN,B-ZD-BO
246,2002.03.14 00:00,NZDUSD,60,86400,BUY,ZO,0,0.43070,0.42670,400.0,0.43090,0.42790,300.0,75.000,30.00,280.0,94.4,0.43070,0.42790,0.43370,BREAK,2002.03.15 02:00,0,,0,,0,,0,NA,Asia,BREAK,2002.03.15 19:00,BREAK,2002.03.20 02:00,0.42390,UNTOUCHED,,0,,0,,0,,0,NA,Other,NA,,NA,,0.43350,BREAK,2002.03.15 02:00,0,,0,,0,,0,NA,Asia,BREAK,2002.03.15 17:00,BREAK,2002.03.20 02:00,0.42510,UNTOUCHED,,0,,0,,0,,0,NA,Other,NA,,NA,,B-ZO-BR,B-ZD-BR,S-ZO-UN,B-ZD-BR,B-ZG-BR,S-ZO-UN,S-ZE-BO,B-ZE-BR,B-ZH-BR,S-ZE-UN,B-ZO-BR,B-ZD-BR,S-ZH-UN,S-ZH-BR,S-ZO-BR,S-ZF-BR,S-ZG-BO,S-ZO-UN,B-ZD-BO,B-ZD-BR
247,2002.03.15 00:00,NZDUSD,60,86400,BUY,ZO,0,0.43090,0.42790,300.0,0.43160,0.42820,340.0,113.333,10.00,270.0,70.8,0.43090,0.42820,0.43430,BREAK,2002.03.15 02:00,0,,0,,0,,0,NA,Asia,BOUNCE,2002.03.15 17:00,NA,,0.42520,UNTOUCHED,,0,,0,,0,,0,NA,Other,NA,,NA,,0.43360,BREAK,2002.03.15 02:00,0,,0,,0,,0,NA,Asia,BREAK,2002.03.15 17:00,BREAK,2002.03.20 02:00,0.42550,UNTOUCHED,,0,,0,,0,,0,NA,Other,NA,,NA,,B-ZO-BR,B-ZO-BR,B-ZD-BR,S-ZO-UN,B-ZD-BR,B-ZG-BR,S-ZO-UN,S-ZE-BO,B-ZE-BR,B-ZH-BR,B-ZD-BR,S-ZH-UN,S-ZH-BR,S-ZO-BR,S-ZF-BR,S-ZG-BO,S-ZO-UN,B-ZD-BO,B-ZD-BR,B-ZD-BR
248,2002.03.16 00:00,NZDUSD,60,86400,BUY,ZD,1,0.43160,0.42820,340.0,0.43760,0.43080,680.0,200.000,76.47,80.0,80.2,0.43160,0.43080,0.43840,BREAK,2002.03.20 02:00,0,,0,,0,,0,NA,Asia,BREAK,2002.03.20 15:00,BOUNCE,2002.03.20 16:00,0.42740,UNTOUCHED,,0,,0,,0,,0,NA,Other,NA,,NA,,0.43240,BREAK,2002.03.16 00:00,0,,0,,0,,0,NA,Asia,BREAK,2002.03.16 01:00,BREAK,2002.03.18 02:00,0.43000,UNTOUCHED,,0,,0,,0,,0,NA,Other,NA,,NA,,B-ZO-BR,B-ZO-BR,B-ZO-BR,B-ZD-BR,S-ZO-UN,B-ZD-BR,B-ZG-BR,S-ZO-UN,S-ZE-BO,B-ZE-BR,S-ZH-UN,S-ZH-BR,S-ZO-BR,S-ZF-BR,S-ZG-BO,S-ZO-UN,B-ZD-BO,B-ZD-BR,B-ZD-BR,B-ZD-BO
249,2002.03.20 00:00,NZDUSD,60,86400,SELL,ZH,0,0.43730,0.43400,330.0,0.43670,0.43220,450.0,136.364,18.18,270.0,77.9,0.43670,0.43400,0.42950,UNTOUCHED,,0,,0,,0,,0,NA,Other,NA,,NA,,0.44000,BREAK,2002.03.20 02:00,0,,0,,0,,0,NA,Asia,BOUNCE,2002.03.20 21:00,NA,,0.43130,UNTOUCHED,,0,,0,,0,,0,NA,Other,NA,,NA,,0.43940,BREAK,2002.03.20 02:00,0,,0,,0,,0,NA,Asia,BREAK,2002.03.20 18:00,BOUNCE,2002.04.12 14:00,B-ZD-BR,B-ZO-BR,B-ZO-BR,B-ZO-BR,B-ZD-BR,S-ZO-UN,B-ZD-BR,B-ZG-BR,S-ZO-UN,S-ZE-BO,S-ZH-BR,S-ZO-BR,S-ZF-BR,S-ZG-BO,S-ZO-UN,B-ZD-BO,B-ZD-BR,B-ZD-BR,B-ZD-BO,S-ZO-UN
250,2002.03.23 00:00,NZDUSD,60,86400,SELL,ZH,0,0.44240,0.43800,440.0,0.44120,0.43720,400.0,90.909,27.27,320.0,103.8,0.44120,0.43800,0.43400,BREAK,2002.04.08 01:00,0,,0,,0,,0,NA,Asia,UNTOUCHED,,NA,,0.44560,BOUNCE,2002.04.17 01:00,0,,0,,0,,0,NA,Asia,NA,,NA,,0.43480,BREAK,2002.04.08 01:00,0,,0,,0,,0,NA,Asia,UNTOUCHED,,NA,,0.44440,BOUNCE,2002.04.12 01:00,0,,0,,0,,0,NA,Asia,NA,,NA,,S-ZH-UN,B-ZD-BR,B-ZO-BR,B-ZO-BR,B-ZO-BR,B-ZD-BR,S-ZO-UN,B-ZD-BR,B-ZG-BR,S-ZO-UN,S-ZO-BR,S-ZF-BR,S-ZG-BO,S-ZO-UN,B-ZD-BO,B-ZD-BR,B-ZD-BR,B-ZD-BO,S-ZO-UN,S-ZE-UN
251,2002.04.03 00:00,NZDUSD,60,86400,SELL,ZO,0,0.44380,0.44060,320.0,0.44290,0.44050,240.0,75.000,28.12,230.0,75.5,0.44290,0.44060,0.43820,BREAK,2002.04.03 01:00,0,,0,,0,,0,NA,Asia,BREAK,2002.04.08 01:00,BREAK,2002.04.08 05:00,0.44610,BOUNCE,2002.04.17 01:00,1,2002.04.17 02:00,0,,0,,1,1h,Asia,NA,,NA,,0.43830,BREAK,2002.04.03 01:00,0,,0,,0,,0,NA,Asia,BREAK,2002.04.08 01:00,BREAK,2002.04.08 05:00,0.44520,BREAK,2002.04.17 01:00,0,,0,,0,,0,NA,Asia,BREAK,2002.04.19 01:00,BREAK,2002.04.25 01:00,S-ZH-BR,S-ZH-UN,B-ZD-BR,B-ZO-BR,B-ZO-BR,B-ZO-BR,B-ZD-BR,S-ZO-UN,B-ZD-BR,B-ZG-BR,S-ZF-BR,S-ZG-BO,S-ZO-UN,B-ZD-BO,B-ZD-BR,B-ZD-BR,B-ZD-BO,S-ZO-UN,S-ZE-UN,B-ZO-BR
252,2002.04.04 00:00,NZDUSD,60,86400,SELL,ZF,1,0.44290,0.44050,240.0,0.44230,0.43720,510.0,212.500,25.00,180.0,56.6,0.44230,0.44050,0.43540,BREAK,2002.04.08 01:00,0,,0,,0,,0,NA,Asia,BREAK,2002.04.08 05:00,UNTOUCHED,,0.44470,BOUNCE,2002.04.12 04:00,1,2002.04.15 01:00,1,2002.04.15 01:00,0,,2,2d 21h,Asia,NA,,NA,,0.43870,BREAK,2002.04.04 03:00,0,,0,,0,,0,NA,Asia,BREAK,2002.04.08 01:00,BREAK,2002.04.08 04:00,0.44410,BOUNCE,2002.04.12 01:00,1,2002.04.15 01:00,1,2002.04.15 01:00,0,,2,3d 0h,Asia,NA,,NA,,S-ZO-BR,S-ZH-BR,S-ZH-UN,B-ZD-BR,B-ZO-BR,B-ZO-BR,B-ZO-BR,B-ZD-BR,S-ZO-UN,B-ZD-BR,S-ZG-BO,S-ZO-UN,B-ZD-BO,B-ZD-BR,B-ZD-BR,B-ZD-BO,S-ZO-UN,S-ZE-UN,B-ZO-BR,B-ZO-BR
253,2002.04.06 00:00,NZDUSD,60,86400,SELL,ZG,0,0.44210,0.43750,460.0,0.44160,0.43720,440.0,95.652,10.87,410.0,108.6,0.44160,0.43750,0.43310,BOUNCE,2002.04.08 01:00,1,2002.04.11 01:00,1,2002.04.17 01:00,1,2002.04.17 01:00,3,1w 2d,Asia,NA,,NA,,0.44620,BOUNCE,2002.04.17 01:00,0,,0,,0,,0,NA,Asia,NA,,NA,,0.43340,BREAK,2002.04.08 01:00,0,,0,,0,,0,NA,Asia,UNTOUCHED,,NA,,0.44570,BOUNCE,2002.04.17 01:00,0,,0,,0,,0,NA,Asia,NA,,NA,,S-ZF-BR,S-ZO-BR,S-ZH-BR,S-ZH-UN,B-ZD-BR,B-ZO-BR,B-ZO-BR,B-ZO-BR,B-ZD-BR,S-ZO-UN,S-ZO-UN,B-ZD-BO,B-ZD-BR,B-ZD-BR,B-ZD-BO,S-ZO-UN,S-ZE-UN,B-ZO-BR,B-ZO-BR,B-ZD-BO
254,2002.04.17 00:00,NZDUSD,60,86400,SELL,ZO,0,0.44210,0.43840,370.0,0.44200,0.43790,410.0,110.811,2.70,360.0,87.3,0.44200,0.43840,0.43430,UNTOUCHED,,0,,0,,0,,0,NA,Other,NA,,NA,,0.44570,BOUNCE,2002.04.17 01:00,0,,0,,0,,0,NA,Asia,NA,,NA,,0.43480,UNTOUCHED,,0,,0,,0,,0,NA,Other,NA,,NA,,0.44560,BREAK,2002.04.17 01:00,0,,0,,0,,0,NA,Asia,BOUNCE,2002.04.24 01:00,NA,,S-ZG-BO,S-ZF-BR,S-ZO-BR,S-ZH-BR,S-ZH-UN,B-ZD-BR,B-ZO-BR,B-ZO-BR,B-ZO-BR,B-ZD-BR,B-ZD-BO,B-ZD-BR,B-ZD-BR,B-ZD-BO,S-ZO-UN,S-ZE-UN,B-ZO-BR,B-ZO-BR,B-ZD-BO,B-ZE-BO
255,2002.04.18 00:00,NZDUSD,60,86400,BUY,ZD,1,0.44200,0.43790,410.0,0.44660,0.44060,600.0,146.341,65.85,140.0,96.8,0.44200,0.44060,0.44800,BOUNCE,2002.04.19 01:00,1,2002.04.24 01:00,0,,0,,1,5d 0h,Asia,NA,,NA,,0.43650,UNTOUCHED,,0,,0,,0,,0,NA,Other,NA,,NA,,0.44340,BREAK,2002.04.18 00:00,0,,0,,0,,0,NA,Asia,BREAK,2002.04.18 01:00,BOUNCE,2002.04.18 08:00,0.43920,UNTOUCHED,,0,,0,,0,,0,NA,Other,NA,,NA,,S-ZO-UN,S-ZG-BO,S-ZF-BR,S-ZO-BR,S-ZH-BR,S-ZH-UN,B-ZD-BR,B-ZO-BR,B-ZO-BR,B-ZO-BR,B-ZD-BR,B-ZD-BR,B-ZD-BO,S-ZO-UN,S-ZE-UN,B-ZO-BR,B-ZO-BR,B-ZD-BO,B-ZE-BO,B-ZH-BO
256,2002.04.19 00:00,NZDUSD,60,86400,BUY,ZD,1,0.44660,0.44060,600.0,0.44720,0.44360,360.0,60.000,50.00,300.0,141.6,0.44660,0.44360,0.45020,BREAK,2002.04.25 01:00,0,,0,,0,,0,NA,Asia,BREAK,2002.05.13 01:00,BREAK,2002.05.15 00:00,0.43760,UNTOUCHED,,0,,0,,0,,0,NA,Other,NA,,NA,,0.44960,BOUNCE,2002.04.24 01:00,0,,0,,0,,0,NA,Asia,NA,,NA,,0.44060,UNTOUCHED,,0,,0,,0,,0,NA,Other,NA,,NA,,B-ZD-BO,S-ZO-UN,S-ZG-BO,S-ZF-BR,S-ZO-BR,S-ZH-BR,S-ZH-UN,B-ZD-BR,B-ZO-BR,B-ZO-BR,B-ZD-BR,B-ZD-BO,S-ZO-UN,S-ZE-UN,B-ZO-BR,B-ZO-BR,B-ZD-BO,B-ZE-BO,B-ZH-BO,B-ZD-BR
257,2002.04.20 00:00,NZDUSD,60,86400,BUY,ZD,1,0.44720,0.44360,360.0,0.44900,0.44610,290.0,80.556,69.44,110.0,85.0,0.44720,0.44610,0.45010,BREAK,2002.04.25 01:00,0,,0,,0,,0,NA,Asia,BREAK,2002.04.25 14:00,BOUNCE,2002.05.08 01:00,0.44250,UNTOUCHED,,0,,0,,0,,0,NA,Other,NA,,NA,,0.44830,BOUNCE,2002.04.23 00:00,1,2002.04.24 01:00,0,,0,,1,1d 1h,Asia,NA,,NA,,0.44500,BOUNCE,2002.04.24 01:00,1,2002.04.24 18:00,1,2002.04.24 18:00,0,,2,17h,Asia,NA,,NA,,B-ZD-BR,B-ZD-BO,S-ZO-UN,S-ZG-BO,S-ZF-BR,S-ZO-BR,S-ZH-BR,S-ZH-UN,B-ZD-BR,B-ZO-BR,B-ZD-BO,S-ZO-UN,S-ZE-UN,B-ZO-BR,B-ZO-BR,B-ZD-BO,B-ZE-BO,B-ZH-BO,B-ZD-BR,B-ZD-BO
258,2002.04.26 00:00,NZDUSD,60,86400,BUY,ZD,1,0.44960,0.44450,510.0,0.45220,0.44800,420.0,82.353,68.63,160.0,120.4,0.44960,0.44800,0.45380,BOUNCE,2002.05.10 01:00,0,,0,,0,,0,NA,Asia,NA,,NA,,0.44290,UNTOUCHED,,0,,0,,0,,0,NA,Other,NA,,NA,,0.45120,BOUNCE,2002.04.26 01:00,1,2002.04.29 01:00,0,,0,,1,3d 0h,Asia,NA,,NA,,0.44640,BOUNCE,2002.04.26 01:00,1,2002.04.26 05:00,1,2002.04.26 05:00,0,,2,4h,Asia,NA,,NA,,B-ZD-BR,B-ZD-BR,B-ZD-BO,S-ZO-UN,S-ZG-BO,S-ZF-BR,S-ZO-BR,S-ZH-BR,S-ZH-UN,B-ZD-BR,S-ZO-UN,S-ZE-UN,B-ZO-BR,B-ZO-BR,B-ZD-BO,B-ZE-BO,B-ZH-BO,B-ZD-BR,B-ZD-BO,B-ZO-BR
259,2002.04.27 00:00,NZDUSD,60,86400,SELL,ZO,0,0.45220,0.44800,420.0,0.45180,0.44640,540.0,128.571,9.52,380.0,99.1,0.45180,0.44800,0.44260,UNTOUCHED,,0,,0,,0,,0,NA,Other,NA,,NA,,0.45600,BOUNCE,2002.05.13 01:00,0,,0,,0,,0,NA,Asia,NA,,NA,,0.44420,BOUNCE,2002.05.03 05:00,1,2002.05.13 01:00,1,2002.05.13 01:00,0,,2,1w 2d,Asia,NA,,NA,,0.45560,BREAK,2002.05.13 01:00,0,,0,,0,,0,NA,Asia,BOUNCE,2002.05.15 01:00,NA,,B-ZD-BO,B-ZD-BR,B-ZD-BR,B-ZD-BO,S-ZO-UN,S-ZG-BO,S-ZF-BR,S-ZO-BR,S-ZH-BR,S-ZH-UN,S-ZE-UN,B-ZO-BR,B-ZO-BR,B-ZD-BO,B-ZE-BO,B-ZH-BO,B-ZD-BR,B-ZD-BO,B-ZO-BR,B-ZO-BO
260,2002.05.01 00:00,NZDUSD,60,86400,SELL,ZE,1,0.45140,0.44600,540.0,0.44870,0.44580,290.0,53.704,50.00,270.0,127.4,0.44870,0.44600,0.44310,UNTOUCHED,,0,,0,,0,,0,NA,Other,NA,,NA,,0.45410,BREAK,2002.05.13 01:00,0,,0,,0,,0,NA,Asia,BREAK,2002.05.15 00:00,BOUNCE,2002.05.15 01:00,0.44330,UNTOUCHED,,0,,0,,0,,0,NA,Other,NA,,NA,,0.45140,BOUNCE,2002.05.07 01:00,0,,0,,0,,0,NA,Asia,NA,,NA,,S-ZO-UN,B-ZD-BO,B-ZD-BR,B-ZD-BR,B-ZD-BO,S-ZO-UN,S-ZG-BO,S-ZF-BR,S-ZO-BR,S-ZH-BR,B-ZO-BR,B-ZO-BR,B-ZD-BO,B-ZE-BO,B-ZH-BO,B-ZD-BR,B-ZD-BO,B-ZO-BR,B-ZO-BO,S-ZC-UN
261,2002.05.03 00:00,NZDUSD,60,86400,BUY,ZO,0,0.44960,0.44470,490.0,0.44980,0.44490,490.0,100.000,4.08,470.0,115.6,0.44960,0.44490,0.45450,BREAK,2002.05.13 01:00,0,,0,,0,,0,NA,Asia,BREAK,2002.05.16 01:00,BREAK,2002.05.17 01:00,0.44000,UNTOUCHED,,0,,0,,0,,0,NA,Other,NA,,NA,,0.45430,BREAK,2002.05.13 01:00,0,,0,,0,,0,NA,Asia,BREAK,2002.05.16 01:00,BREAK,2002.05.17 01:00,0.44020,UNTOUCHED,,0,,0,,0,,0,NA,Other,NA,,NA,,S-ZE-UN,S-ZO-UN,B-ZD-BO,B-ZD-BR,B-ZD-BR,B-ZD-BO,S-ZO-UN,S-ZG-BO,S-ZF-BR,S-ZO-BR,B-ZO-BR,B-ZD-BO,B-ZE-BO,B-ZH-BO,B-ZD-BR,B-ZD-BO,B-ZO-BR,B-ZO-BO,S-ZC-UN,B-ZD-BR
262,2002.05.08 00:00,NZDUSD,60,86400,BUY,ZO,1,0.44960,0.44650,310.0,0.45200,0.44750,450.0,145.161,32.26,210.0,73.2,0.44960,0.44750,0.45410,BREAK,2002.05.13 01:00,0,,0,,0,,0,NA,Asia,BREAK,2002.05.14 01:00,BOUNCE,2002.05.15 00:00,0.44440,UNTOUCHED,,0,,0,,0,,0,NA,Other,NA,,NA,,0.45170,BREAK,2002.05.08 01:00,0,,0,,0,,0,NA,Asia,BOUNCE,2002.05.10 01:00,NA,,0.44540,UNTOUCHED,,0,,0,,0,,0,NA,Other,NA,,NA,,B-ZO-BR,S-ZE-UN,S-ZO-UN,B-ZD-BO,B-ZD-BR,B-ZD-BR,B-ZD-BO,S-ZO-UN,S-ZG-BO,S-ZF-BR,B-ZD-BO,B-ZE-BO,B-ZH-BO,B-ZD-BR,B-ZD-BO,B-ZO-BR,B-ZO-BO,S-ZC-UN,B-ZD-BR,S-ZO-UN
263,2002.05.11 00:00,NZDUSD,60,86400,BUY,ZD,1,0.45270,0.44740,530.0,0.45380,0.45080,300.0,56.604,64.15,190.0,125.1,0.45270,0.45080,0.45570,BOUNCE,2002.05.13 01:00,0,,0,,0,,0,NA,Asia,NA,,NA,,0.44550,UNTOUCHED,,0,,0,,0,,0,NA,Other,NA,,NA,,0.45460,BREAK,2002.05.13 01:00,0,,0,,0,,0,NA,Asia,BREAK,2002.05.15 00:00,BOUNCE,2002.05.15 01:00,0.44890,UNTOUCHED,,0,,0,,0,,0,NA,Other,NA,,NA,,B-ZO-BR,B-ZO-BR,S-ZE-UN,S-ZO-UN,B-ZD-BO,B-ZD-BR,B-ZD-BR,B-ZD-BO,S-ZO-UN,S-ZG-BO,B-ZE-BO,B-ZH-BO,B-ZD-BR,B-ZD-BO,B-ZO-BR,B-ZO-BO,S-ZC-UN,B-ZD-BR,S-ZO-UN,B-ZO-BR
264,2002.05.15 00:00,NZDUSD,60,86400,BUY,ZE,1,0.45650,0.45190,460.0,0.45740,0.45470,270.0,58.696,60.87,180.0,108.6,0.45650,0.45470,0.45920,BOUNCE,2002.05.15 01:00,1,2002.05.15 10:00,0,,0,,1,9h,Asia,NA,,NA,,0.45010,UNTOUCHED,,0,,0,,0,,0,NA,Other,NA,,NA,,0.45830,BREAK,2002.05.15 01:00,0,,0,,0,,0,NA,Asia,BREAK,2002.05.16 01:00,BREAK,2002.05.17 01:00,0.45290,UNTOUCHED,,0,,0,,0,,0,NA,Other,NA,,NA,,B-ZD-BO,B-ZO-BR,B-ZO-BR,S-ZE-UN,S-ZO-UN,B-ZD-BO,B-ZD-BR,B-ZD-BR,B-ZD-BO,S-ZO-UN,B-ZH-BO,B-ZD-BR,B-ZD-BO,B-ZO-BR,B-ZO-BO,S-ZC-UN,B-ZD-BR,S-ZO-UN,B-ZO-BR,S-ZO-BR
265,2002.05.16 00:00,NZDUSD,60,86400,BUY,ZH,1,0.45740,0.45470,270.0,0.45950,0.45520,430.0,159.259,18.52,220.0,63.7,0.45740,0.45520,0.46170,BOUNCE,2002.05.16 01:00,0,,0,,0,,0,NA,Asia,NA,,NA,,0.45250,UNTOUCHED,,0,,0,,0,,0,NA,Other,NA,,NA,,0.45960,BREAK,2002.05.16 01:00,0,,0,,0,,0,NA,Asia,BOUNCE,2002.05.17 00:00,NA,,0.45300,UNTOUCHED,,0,,0,,0,,0,NA,Other,NA,,NA,,B-ZE-BO,B-ZD-BO,B-ZO-BR,B-ZO-BR,S-ZE-UN,S-ZO-UN,B-ZD-BO,B-ZD-BR,B-ZD-BR,B-ZD-BO,B-ZD-BR,B-ZD-BO,B-ZO-BR,B-ZO-BO,S-ZC-UN,B-ZD-BR,S-ZO-UN,B-ZO-BR,S-ZO-BR,B-ZD-BR
266,2002.05.17 00:00,NZDUSD,60,86400,BUY,ZD,1,0.45950,0.45520,430.0,0.46180,0.45770,410.0,95.349,58.14,180.0,101.5,0.45950,0.45770,0.46360,BREAK,2002.05.17 01:00,0,,0,,0,,0,NA,Asia,BREAK,2002.05.20 01:00,BREAK,2002.05.20 21:00,0.45340,UNTOUCHED,,0,,0,,0,,0,NA,Other,NA,,NA,,0.46130,BREAK,2002.05.17 01:00,0,,0,,0,,0,NA,Asia,BOUNCE,2002.05.17 10:00,NA,,0.45590,UNTOUCHED,,0,,0,,0,,0,NA,Other,NA,,NA,,B-ZH-BO,B-ZE-BO,B-ZD-BO,B-ZO-BR,B-ZO-BR,S-ZE-UN,S-ZO-UN,B-ZD-BO,B-ZD-BR,B-ZD-BR,B-ZD-BO,B-ZO-BR,B-ZO-BO,S-ZC-UN,B-ZD-BR,S-ZO-UN,B-ZO-BR,S-ZO-BR,B-ZD-BR,S-ZD-BO
267,2002.05.18 00:00,NZDUSD,60,86400,BUY,ZD,1,0.46180,0.45770,410.0,0.46510,0.45930,580.0,141.463,39.02,250.0,96.8,0.46180,0.45930,0.46760,BOUNCE,2002.05.20 01:00,0,,0,,0,,0,NA,Asia,NA,,NA,,0.45520,UNTOUCHED,,0,,0,,0,,0,NA,Other,NA,,NA,,0.46430,BREAK,2002.05.18 00:00,0,,0,,0,,0,NA,Asia,BREAK,2002.05.20 21:00,BREAK,2002.05.22 01:00,0.45680,UNTOUCHED,,0,,0,,0,,0,NA,Other,NA,,NA,,B-ZD-BR,B-ZH-BO,B-ZE-BO,B-ZD-BO,B-ZO-BR,B-ZO-BR,S-ZE-UN,S-ZO-UN,B-ZD-BO,B-ZD-BR,B-ZO-BR,B-ZO-BO,S-ZC-UN,B-ZD-BR,S-ZO-UN,B-ZO-BR,S-ZO-BR,B-ZD-BR,S-ZD-BO,B-ZH-BO
268,2002.05.22 00:00,NZDUSD,60,86400,BUY,ZO,0,0.46840,0.46330,510.0,0.46850,0.46520,330.0,64.706,37.25,320.0,120.4,0.46840,0.46520,0.47170,BREAK,2002.05.22 01:00,0,,0,,0,,0,NA,Asia,BOUNCE,2002.05.22 08:00,NA,,0.46010,UNTOUCHED,,0,,0,,0,,0,NA,Other,NA,,NA,,0.47160,BREAK,2002.05.22 01:00,0,,0,,0,,0,NA,Asia,BOUNCE,2002.05.22 09:00,NA,,0.46200,UNTOUCHED,,0,,0,,0,,0,NA,Other,NA,,NA,,B-ZD-BO,B-ZD-BR,B-ZH-BO,B-ZE-BO,B-ZD-BO,B-ZO-BR,B-ZO-BR,S-ZE-UN,S-ZO-UN,B-ZD-BO,B-ZO-BO,S-ZC-UN,B-ZD-BR,S-ZO-UN,B-ZO-BR,S-ZO-BR,B-ZD-BR,S-ZD-BO,B-ZH-BO,B-ZD-UN
269,2002.05.24 00:00,NZDUSD,60,86400,BUY,ZO,0,0.47570,0.46590,980.0,0.47660,0.46870,790.0,80.612,28.57,700.0,231.3,0.47570,0.46870,0.48360,BOUNCE,2002.05.31 01:00,0,,0,,0,,0,NA,Asia,NA,,NA,,0.45890,UNTOUCHED,,0,,0,,0,,0,NA,Other,NA,,NA,,0.48270,BOUNCE,2002.05.31 01:00,0,,0,,0,,0,NA,Asia,NA,,NA,,0.46170,UNTOUCHED,,0,,0,,0,,0,NA,Other,NA,,NA,,B-ZO-BR,B-ZD-BO,B-ZD-BR,B-ZH-BO,B-ZE-BO,B-ZD-BO,B-ZO-BR,B-ZO-BR,S-ZE-UN,S-ZO-UN,S-ZC-UN,B-ZD-BR,S-ZO-UN,B-ZO-BR,S-ZO-BR,B-ZD-BR,S-ZD-BO,B-ZH-BO,B-ZD-UN,B-ZO-UN
270,2002.05.25 00:00,NZDUSD,60,86400,SELL,ZC,1,0.47660,0.46870,790.0,0.47270,0.46510,760.0,96.203,49.37,400.0,186.4,0.47270,0.46870,0.46110,UNTOUCHED,,0,,0,,0,,0,NA,Other,NA,,NA,,0.48060,BREAK,2002.05.31 01:00,0,,0,,0,,0,NA,Asia,BREAK,2002.06.03 01:00,BREAK,2002.06.04 01:00,0.46470,UNTOUCHED,,0,,0,,0,,0,NA,Other,NA,,NA,,0.47670,BOUNCE,2002.05.28 01:00,0,,0,,0,,0,NA,Asia,NA,,NA,,B-ZO-BO,B-ZO-BR,B-ZD-BO,B-ZD-BR,B-ZH-BO,B-ZE-BO,B-ZD-BO,B-ZO-BR,B-ZO-BR,S-ZE-UN,B-ZD-BR,S-ZO-UN,B-ZO-BR,S-ZO-BR,B-ZD-BR,S-ZD-BO,B-ZH-BO,B-ZD-UN,B-ZO-UN,B-ZO-BR
271,2002.05.29 00:00,NZDUSD,60,86400,BUY,ZD,1,0.47480,0.46950,530.0,0.47770,0.47240,530.0,100.000,54.72,240.0,125.1,0.47480,0.47240,0.48010,BREAK,2002.05.31 01:00,0,,0,,0,,0,NA,Asia,BOUNCE,2002.05.31 09:00,NA,,0.46710,UNTOUCHED,,0,,0,,0,,0,NA,Other,NA,,NA,,0.47720,BREAK,2002.05.29 01:00,0,,0,,0,,0,NA,Asia,BREAK,2002.05.31 01:00,BREAK,2002.05.31 11:00,0.47000,UNTOUCHED,,0,,0,,0,,0,NA,Other,NA,,NA,,S-ZC-UN,B-ZO-BO,B-ZO-BR,B-ZD-BO,B-ZD-BR,B-ZH-BO,B-ZE-BO,B-ZD-BO,B-ZO-BR,B-ZO-BR,S-ZO-UN,B-ZO-BR,S-ZO-BR,B-ZD-BR,S-ZD-BO,B-ZH-BO,B-ZD-UN,B-ZO-UN,B-ZO-BR,B-ZO-BO
272,2002.06.06 00:00,NZDUSD,60,86400,SELL,ZO,0,0.49430,0.48570,860.0,0.49170,0.48470,700.0,81.395,30.23,600.0,203.0,0.49170,0.48570,0.47870,UNTOUCHED,,0,,0,,0,,0,NA,Other,NA,,NA,,0.50030,BOUNCE,2002.06.24 01:00,1,2002.06.24 21:00,1,2002.07.11 15:00,0,,2,2w 3d,Asia,NA,,NA,,0.47970,BOUNCE,2002.07.11 15:00,0,,0,,0,,0,NA,NewYork,NA,,NA,,0.49770,BOUNCE,2002.06.21 01:00,1,2002.07.11 15:00,1,2002.07.11 15:00,0,,2,2w 6d,Asia,NA,,NA,,B-ZD-BR,S-ZC-UN,B-ZO-BO,B-ZO-BR,B-ZD-BO,B-ZD-BR,B-ZH-BO,B-ZE-BO,B-ZD-BO,B-ZO-BR,B-ZO-BR,S-ZO-BR,B-ZD-BR,S-ZD-BO,B-ZH-BO,B-ZD-UN,B-ZO-UN,B-ZO-BR,B-ZO-BO,S-ZF-BO
273,2002.06.07 00:00,NZDUSD,60,86400,BUY,ZO,0,0.49170,0.48470,700.0,0.49300,0.48720,580.0,82.857,35.71,450.0,165.2,0.49170,0.48720,0.49750,BREAK,2002.06.21 01:00,0,,0,,0,,0,NA,Asia,UNTOUCHED,,NA,,0.48020,BOUNCE,2002.07.11 01:00,1,2002.07.15 01:00,0,,0,,1,4d 0h,Asia,NA,,NA,,0.49620,BREAK,2002.06.21 01:00,0,,0,,0,,0,NA,Asia,BOUNCE,2002.06.24 01:00,NA,,0.48270,BOUNCE,2002.06.14 01:00,1,2002.06.21 01:00,1,2002.06.21 01:00,0,,2,1w 0d,Asia,NA,,NA,,S-ZO-UN,B-ZD-BR,S-ZC-UN,B-ZO-BO,B-ZO-BR,B-ZD-BO,B-ZD-BR,B-ZH-BO,B-ZE-BO,B-ZD-BO,S-ZO-BR,B-ZD-BR,S-ZD-BO,B-ZH-BO,B-ZD-UN,B-ZO-UN,B-ZO-BR,B-ZO-BO,S-ZF-BO,S-ZO-BR
274,2002.06.12 00:00,NZDUSD,60,86400,SELL,ZO,0,0.49010,0.48650,360.0,0.48940,0.48630,310.0,86.111,19.44,290.0,85.0,0.48940,0.48650,0.48340,BREAK,2002.06.14 01:00,0,,0,,0,,0,NA,Asia,BOUNCE,2002.07.11 01:00,NA,,0.49300,BOUNCE,2002.06.12 01:00,1,2002.06.14 01:00,1,2002.06.14 01:00,1,2002.06.14 01:00,3,2d 0h,Asia,NA,,NA,,0.48360,BREAK,2002.06.14 01:00,0,,0,,0,,0,NA,Asia,BREAK,2002.07.11 01:00,BREAK,2002.07.23 01:00,0.49230,BREAK,2002.06.12 01:00,0,,0,,0,,0,NA,Asia,BREAK,2002.06.21 01:00,BREAK,2002.06.21 23:00,B-ZO-BR,S-ZO-UN,B-ZD-BR,S-ZC-UN,B-ZO-BO,B-ZO-BR,B-ZD-BO,B-ZD-BR,B-ZH-BO,B-ZE-BO,B-ZD-BR,S-ZD-BO,B-ZH-BO,B-ZD-UN,B-ZO-UN,B-ZO-BR,B-ZO-BO,S-ZF-BO,S-ZO-BR,B-ZD-UN
275,2002.06.13 00:00,NZDUSD,60,86400,BUY,ZD,1,0.48940,0.48630,310.0,0.49350,0.48810,540.0,174.194,58.06,130.0,73.2,0.48940,0.48810,0.49480,BREAK,2002.06.21 01:00,0,,0,,0,,0,NA,Asia,BREAK,2002.06.21 06:00,BREAK,2002.06.21 23:00,0.48500,BREAK,2002.06.14 01:00,0,,0,,0,,0,NA,Asia,BOUNCE,2002.06.14 17:00,NA,,0.49070,BREAK,2002.06.13 00:00,0,,0,,0,,0,NA,Asia,BREAK,2002.06.13 01:00,BREAK,2002.06.13 02:00,0.48680,BREAK,2002.06.14 01:00,0,,0,,0,,0,NA,Asia,BOUNCE,2002.06.14 16:00,NA,,S-ZO-BR,B-ZO-BR,S-ZO-UN,B-ZD-BR,S-ZC-UN,B-ZO-BO,B-ZO-BR,B-ZD-BO,B-ZD-BR,B-ZH-BO,S-ZD-BO,B-ZH-BO,B-ZD-UN,B-ZO-UN,B-ZO-BR,B-ZO-BO,S-ZF-BO,S-ZO-BR,B-ZD-UN,S-ZO-BR
276,2002.06.15 00:00,NZDUSD,60,86400,SELL,ZD,1,0.49420,0.48730,690.0,0.49000,0.48160,840.0,121.739,60.87,270.0,162.8,0.49000,0.48730,0.47890,BOUNCE,2002.07.22 01:00,1,2002.07.22 02:00,0,,0,,1,1h,Asia,NA,,NA,,0.49690,BREAK,2002.06.21 01:00,0,,0,,0,,0,NA,Asia,BOUNCE,2002.06.21 23:00,NA,,0.48460,BREAK,2002.06.15 00:00,0,,0,,0,,0,NA,Asia,BOUNCE,2002.06.17 01:00,NA,,0.49270,BOUNCE,2002.06.20 01:00,1,2002.06.24 01:00,1,2002.06.24 01:00,0,,2,4d 0h,Asia,NA,,NA,,B-ZD-BR,S-ZO-BR,B-ZO-BR,S-ZO-UN,B-ZD-BR,S-ZC-UN,B-ZO-BO,B-ZO-BR,B-ZD-BO,B-ZD-BR,B-ZH-BO,B-ZD-UN,B-ZO-UN,B-ZO-BR,B-ZO-BO,S-ZF-BO,S-ZO-BR,B-ZD-UN,S-ZO-BR,B-ZD-UN
277,2002.06.19 00:00,NZDUSD,60,86400,BUY,ZH,1,0.48560,0.48170,390.0,0.48860,0.48200,660.0,169.231,7.69,360.0,92.0,0.48560,0.48200,0.49220,BOUNCE,2002.06.20 01:00,1,2002.06.24 01:00,1,2002.07.22 01:00,1,2002.07.23 01:00,3,4w 5d,Asia,NA,,NA,,0.47810,BREAK,2002.07.23 01:00,0,,0,,0,,0,NA,Asia,BREAK,2002.07.23 05:00,BREAK,2002.07.24 01:00,0.48920,BREAK,2002.06.19 01:00,0,,0,,0,,0,NA,Asia,BREAK,2002.06.21 01:00,BREAK,2002.06.21 23:00,0.47840,BOUNCE,2002.07.22 01:00,0,,0,,0,,0,NA,Asia,NA,,NA,,S-ZD-BO,B-ZD-BR,S-ZO-BR,B-ZO-BR,S-ZO-UN,B-ZD-BR,S-ZC-UN,B-ZO-BO,B-ZO-BR,B-ZD-BO,B-ZD-UN,B-ZO-UN,B-ZO-BR,B-ZO-BO,S-ZF-BO,S-ZO-BR,B-ZD-UN,S-ZO-BR,B-ZD-UN,S-ZB-BR
278,2002.06.22 00:00,NZDUSD,60,86400,BUY,ZD,1,0.49290,0.48650,640.0,0.50000,0.49110,890.0,139.062,71.87,180.0,151.0,0.49290,0.49110,0.50180,UNTOUCHED,,0,,0,,0,,0,NA,Other,NA,,NA,,0.48470,BOUNCE,2002.06.24 01:00,1,2002.06.24 02:00,1,2002.06.24 02:00,0,,2,1h,Asia,NA,,NA,,0.49470,BREAK,2002.06.22 00:00,0,,0,,0,,0,NA,Asia,BREAK,2002.06.24 01:00,BOUNCE,2002.06.24 04:00,0.48930,BREAK,2002.06.24 01:00,0,,0,,0,,0,NA,Asia,BREAK,2002.06.24 21:00,BREAK,2002.06.26 01:00,B-ZH-BO,S-ZD-BO,B-ZD-BR,S-ZO-BR,B-ZO-BR,S-ZO-UN,B-ZD-BR,S-ZC-UN,B-ZO-BO,B-ZO-BR,B-ZO-UN,B-ZO-BR,B-ZO-BO,S-ZF-BO,S-ZO-BR,B-ZD-UN,S-ZO-BR,B-ZD-UN,S-ZB-BR,S-ZH-BR
279,2002.06.29 00:00,NZDUSD,60,86400,BUY,ZO,0,0.49240,0.48500,740.0,0.49280,0.48540,740.0,100.000,5.41,700.0,174.6,0.49240,0.48540,0.49980,UNTOUCHED,,0,,0,,0,,0,NA,Other,NA,,NA,,0.47800,BREAK,2002.07.23 01:00,0,,0,,0,,0,NA,Asia,BREAK,2002.07.24 01:00,BOUNCE,2002.07.24 22:00,0.49940,UNTOUCHED,,0,,0,,0,,0,NA,Other,NA,,NA,,0.47840,BOUNCE,2002.07.22 01:00,0,,0,,0,,0,NA,Asia,NA,,NA,,B-ZD-UN,B-ZH-BO,S-ZD-BO,B-ZD-BR,S-ZO-BR,B-ZO-BR,S-ZO-UN,B-ZD-BR,S-ZC-UN,B-ZO-BO,B-ZO-BR,B-ZO-BO,S-ZF-BO,S-ZO-BR,B-ZD-UN,S-ZO-BR,B-ZD-UN,S-ZB-BR,S-ZH-BR,S-ZO-UN
280,2002.07.03 00:00,NZDUSD,60,86400,BUY,ZO,0,0.48850,0.48510,340.0,0.48940,0.48570,370.0,108.824,17.65,280.0,80.2,0.48850,0.48570,0.49220,BREAK,2002.07.09 01:00,0,,0,,0,,0,NA,Asia,BOUNCE,2002.07.10 01:00,NA,,0.48230,BOUNCE,2002.07.05 01:00,1,2002.07.05 16:00,1,2002.07.08 01:00,1,2002.07.09 01:00,3,4d 0h,Asia,NA,,NA,,0.49130,BOUNCE,2002.07.08 01:00,1,2002.07.11 01:00,1,2002.07.11 01:00,0,,2,3d 0h,Asia,NA,,NA,,0.48290,BOUNCE,2002.07.04 01:00,1,2002.07.08 01:00,1,2002.07.08 01:00,0,,2,4d 0h,Asia,NA,,NA,,B-ZO-UN,B-ZD-UN,B-ZH-BO,S-ZD-BO,B-ZD-BR,S-ZO-BR,B-ZO-BR,S-ZO-UN,B-ZD-BR,S-ZC-UN,B-ZO-BO,S-ZF-BO,S-ZO-BR,B-ZD-UN,S-ZO-BR,B-ZD-UN,S-ZB-BR,S-ZH-BR,S-ZO-UN,B-ZE-BR
281,2002.07.04 00:00,NZDUSD,60,86400,BUY,ZO,0,0.48940,0.48570,370.0,0.49070,0.48640,430.0,116.216,18.92,300.0,87.3,0.48940,0.48640,0.49370,BOUNCE,2002.07.09 01:00,1,2002.07.10 01:00,1,2002.07.11 01:00,1,2002.07.11 01:00,3,2d 0h,Asia,NA,,NA,,0.48270,BOUNCE,2002.07.04 01:00,1,2002.07.08 01:00,1,2002.07.09 01:00,1,2002.07.09 01:00,3,5d 0h,Asia,NA,,NA,,0.49240,BREAK,2002.07.09 01:00,0,,0,,0,,0,NA,Asia,UNTOUCHED,,NA,,0.48340,BREAK,2002.07.04 01:00,0,,0,,0,,0,NA,Asia,BOUNCE,2002.07.11 01:00,NA,,B-ZO-BR,B-ZO-UN,B-ZD-UN,B-ZH-BO,S-ZD-BO,B-ZD-BR,S-ZO-BR,B-ZO-BR,S-ZO-UN,B-ZD-BR,S-ZF-BO,S-ZO-BR,B-ZD-UN,S-ZO-BR,B-ZD-UN,S-ZB-BR,S-ZH-BR,S-ZO-UN,B-ZE-BR,B-ZH-BO
282,2002.07.05 00:00,NZDUSD,60,86400,SELL,ZF,1,0.49070,0.48640,430.0,0.48960,0.48240,720.0,167.442,25.58,320.0,101.5,0.48960,0.48640,0.47920,BOUNCE,2002.07.17 16:00,1,2002.07.19 01:00,0,,0,,1,1d 9h,NewYork,NA,,NA,,0.49390,BREAK,2002.07.09 17:00,0,,0,,0,,0,NA,NewYork,UNTOUCHED,,NA,,0.48320,BREAK,2002.07.05 01:00,0,,0,,0,,0,NA,Asia,BOUNCE,2002.07.11 01:00,NA,,0.49280,BREAK,2002.07.09 01:00,0,,0,,0,,0,NA,Asia,UNTOUCHED,,NA,,B-ZO-BO,B-ZO-BR,B-ZO-UN,B-ZD-UN,B-ZH-BO,S-ZD-BO,B-ZD-BR,S-ZO-BR,B-ZO-BR,S-ZO-UN,S-ZO-BR,B-ZD-UN,S-ZO-BR,B-ZD-UN,S-ZB-BR,S-ZH-BR,S-ZO-UN,B-ZE-BR,B-ZH-BO,B-ZD-BO
283,2002.07.08 01:00,NZDUSD,60,86400,SELL,ZO,0,0.48960,0.48240,720.0,0.48790,0.48190,600.0,83.333,23.61,550.0,169.9,0.48790,0.48240,0.47640,BREAK,2002.07.23 01:00,0,,0,,0,,0,NA,Asia,BREAK,2002.07.24 01:00,BREAK,2002.07.24 11:00,0.49510,BOUNCE,2002.07.10 01:00,1,2002.07.11 01:00,1,2002.07.23 01:00,1,2002.07.23 01:00,3,1w 6d,Asia,NA,,NA,,0.47690,BREAK,2002.07.23 01:00,0,,0,,0,,0,NA,Asia,BREAK,2002.07.24 01:00,BREAK,2002.07.24 11:00,0.49340,BREAK,2002.07.09 01:00,0,,0,,0,,0,NA,Asia,UNTOUCHED,,NA,,S-ZF-BO,B-ZO-BO,B-ZO-BR,B-ZO-UN,B-ZD-UN,B-ZH-BO,S-ZD-BO,B-ZD-BR,S-ZO-BR,B-ZO-BR,B-ZD-UN,S-ZO-BR,B-ZD-UN,S-ZB-BR,S-ZH-BR,S-ZO-UN,B-ZE-BR,B-ZH-BO,B-ZD-BO,B-ZO-BR
284,2002.07.09 00:00,NZDUSD,60,86400,BUY,ZD,1,0.48790,0.48190,600.0,0.49170,0.48440,730.0,121.667,41.67,350.0,141.6,0.48790,0.48440,0.49520,UNTOUCHED,,0,,0,,0,,0,NA,Other,NA,,NA,,0.47840,BOUNCE,2002.07.22 01:00,1,2002.07.22 02:00,0,,0,,1,1h,Asia,NA,,NA,,0.49140,BREAK,2002.07.09 00:00,0,,0,,0,,0,NA,Asia,BOUNCE,2002.07.10 01:00,NA,,0.48090,BOUNCE,2002.07.11 01:00,0,,0,,0,,0,NA,Asia,NA,,NA,,S-ZO-BR,S-ZF-BO,B-ZO-BO,B-ZO-BR,B-ZO-UN,B-ZD-UN,B-ZH-BO,S-ZD-BO,B-ZD-BR,S-ZO-BR,S-ZO-BR,B-ZD-UN,S-ZB-BR,S-ZH-BR,S-ZO-UN,B-ZE-BR,B-ZH-BO,B-ZD-BO,B-ZO-BR,S-ZO-UN
285,2002.07.17 00:00,NZDUSD,60,86400,SELL,ZO,0,0.49020,0.48410,610.0,0.48910,0.48310,600.0,98.361,18.03,500.0,144.0,0.48910,0.48410,0.47810,BREAK,2002.07.23 01:00,0,,0,,0,,0,NA,Asia,BOUNCE,2002.07.23 18:00,NA,,0.49520,UNTOUCHED,,0,,0,,0,,0,NA,Other,NA,,NA,,0.47910,BOUNCE,2002.07.22 01:00,0,,0,,0,,0,NA,Asia,NA,,NA,,0.49410,UNTOUCHED,,0,,0,,0,,0,NA,Other,NA,,NA,,B-ZD-UN,S-ZO-BR,S-ZF-BO,B-ZO-BO,B-ZO-BR,B-ZO-UN,B-ZD-UN,B-ZH-BO,S-ZD-BO,B-ZD-BR,B-ZD-UN,S-ZB-BR,S-ZH-BR,S-ZO-UN,B-ZE-BR,B-ZH-BO,B-ZD-BO,B-ZO-BR,S-ZO-UN,B-ZD-BO
286,2002.07.20 00:00,NZDUSD,60,86400,BUY,ZD,1,0.48360,0.48020,340.0,0.48870,0.48210,660.0,194.118,55.88,150.0,80.2,0.48360,0.48210,0.49020,UNTOUCHED,,0,,0,,0,,0,NA,Other,NA,,NA,,0.47870,BOUNCE,2002.07.22 01:00,1,2002.07.22 02:00,1,2002.07.22 02:00,0,,2,1h,Asia,NA,,NA,,0.48510,BREAK,2002.07.20 00:00,0,,0,,0,,0,NA,Asia,BOUNCE,2002.07.22 01:00,NA,,0.48060,BREAK,2002.07.22 01:00,0,,0,,0,,0,NA,Asia,BREAK,2002.07.22 23:00,BREAK,2002.07.23 01:00,S-ZO-BR,B-ZD-UN,S-ZO-BR,S-ZF-BO,B-ZO-BO,B-ZO-BR,B-ZO-UN,B-ZD-UN,B-ZH-BO,S-ZD-BO,S-ZB-BR,S-ZH-BR,S-ZO-UN,B-ZE-BR,B-ZH-BO,B-ZD-BO,B-ZO-BR,S-ZO-UN,B-ZD-BO,B-ZF-BR
287,2002.07.24 00:00,NZDUSD,60,86400,SELL,ZB,1,0.48690,0.47820,870.0,0.48090,0.47190,900.0,103.448,68.97,270.0,205.3,0.48090,0.47820,0.46920,BREAK,2002.07.24 01:00,0,,0,,0,,0,NA,Asia,BREAK,2002.07.24 11:00,BOUNCE,2002.07.24 18:00,0.48960,UNTOUCHED,,0,,0,,0,,0,NA,Other,NA,,NA,,0.47550,BREAK,2002.07.24 00:00,0,,0,,0,,0,NA,Asia,BREAK,2002.07.24 01:00,BREAK,2002.07.24 09:00,0.48360,UNTOUCHED,,0,,0,,0,,0,NA,Other,NA,,NA,,B-ZD-UN,S-ZO-BR,B-ZD-UN,S-ZO-BR,S-ZF-BO,B-ZO-BO,B-ZO-BR,B-ZO-UN,B-ZD-UN,B-ZH-BO,S-ZH-BR,S-ZO-UN,B-ZE-BR,B-ZH-BO,B-ZD-BO,B-ZO-BR,S-ZO-UN,B-ZD-BO,B-ZF-BR,S-ZE-UN
288,2002.08.01 00:00,NZDUSD,60,86400,SELL,ZH,0,0.47250,0.46640,610.0,0.47160,0.46490,670.0,109.836,14.75,520.0,144.0,0.47160,0.46640,0.45970,BREAK,2002.08.05 01:00,0,,0,,0,,0,NA,Asia,BREAK,2002.08.06 01:00,BOUNCE,2002.08.07 01:00,0.47770,UNTOUCHED,,0,,0,,0,,0,NA,Other,NA,,NA,,0.46120,BOUNCE,2002.08.01 01:00,0,,0,,0,,0,NA,Asia,NA,,NA,,0.47680,UNTOUCHED,,0,,0,,0,,0,NA,Other,NA,,NA,,S-ZB-BR,B-ZD-UN,S-ZO-BR,B-ZD-UN,S-ZO-BR,S-ZF-BO,B-ZO-BO,B-ZO-BR,B-ZO-UN,B-ZD-UN,S-ZO-UN,B-ZE-BR,B-ZH-BO,B-ZD-BO,B-ZO-BR,S-ZO-UN,B-ZD-BO,B-ZF-BR,S-ZE-UN,S-ZE-UN
289,2002.08.08 00:00,NZDUSD,60,86400,SELL,ZO,0,0.45830,0.44860,970.0,0.45600,0.44840,760.0,78.351,23.71,740.0,228.9,0.45600,0.44860,0.44100,UNTOUCHED,,0,,0,,0,,0,NA,Other,NA,,NA,,0.46570,BREAK,2002.08.15 01:00,0,,0,,0,,0,NA,Asia,BOUNCE,2002.09.04 01:00,NA,,0.44120,UNTOUCHED,,0,,0,,0,,0,NA,Other,NA,,NA,,0.46340,BOUNCE,2002.08.12 01:00,0,,0,,0,,0,NA,Asia,NA,,NA,,S-ZH-BR,S-ZB-BR,B-ZD-UN,S-ZO-BR,B-ZD-UN,S-ZO-BR,S-ZF-BO,B-ZO-BO,B-ZO-BR,B-ZO-UN,B-ZE-BR,B-ZH-BO,B-ZD-BO,B-ZO-BR,S-ZO-UN,B-ZD-BO,B-ZF-BR,S-ZE-UN,S-ZE-UN,B-ZO-BO
290,2002.08.09 00:00,NZDUSD,60,86400,BUY,ZE,1,0.45600,0.44840,760.0,0.45780,0.45210,570.0,75.000,48.68,390.0,179.4,0.45600,0.45210,0.46170,BREAK,2002.08.12 01:00,0,,0,,0,,0,NA,Asia,BREAK,2002.08.15 01:00,BOUNCE,2002.08.19 19:00,0.44450,UNTOUCHED,,0,,0,,0,,0,NA,Other,NA,,NA,,0.45990,BREAK,2002.08.12 01:00,0,,0,,0,,0,NA,Asia,BOUNCE,2002.08.13 01:00,NA,,0.44820,UNTOUCHED,,0,,0,,0,,0,NA,Other,NA,,NA,,S-ZO-UN,S-ZH-BR,S-ZB-BR,B-ZD-UN,S-ZO-BR,B-ZD-UN,S-ZO-BR,S-ZF-BO,B-ZO-BO,B-ZO-BR,B-ZH-BO,B-ZD-BO,B-ZO-BR,S-ZO-UN,B-ZD-BO,B-ZF-BR,S-ZE-UN,S-ZE-UN,B-ZO-BO,S-ZO-UN
291,2002.08.12 01:00,NZDUSD,60,86400,BUY,ZH,1,0.45780,0.45210,570.0,0.45910,0.45350,560.0,98.246,24.56,430.0,134.5,0.45780,0.45350,0.46340,BOUNCE,2002.08.12 01:00,1,2002.08.14 01:00,0,,0,,1,2d 0h,Asia,NA,,NA,,0.44780,UNTOUCHED,,0,,0,,0,,0,NA,Other,NA,,NA,,0.46210,BREAK,2002.08.12 01:00,0,,0,,0,,0,NA,Asia,BREAK,2002.08.15 01:00,BREAK,2002.08.21 01:00,0.44920,UNTOUCHED,,0,,0,,0,,0,NA,Other,NA,,NA,,B-ZE-BR,S-ZO-UN,S-ZH-BR,S-ZB-BR,B-ZD-UN,S-ZO-BR,B-ZD-UN,S-ZO-BR,S-ZF-BO,B-ZO-BO,B-ZD-BO,B-ZO-BR,S-ZO-UN,B-ZD-BO,B-ZF-BR,S-ZE-UN,S-ZE-UN,B-ZO-BO,S-ZO-UN,B-ZD-BO
292,2002.08.13 00:00,NZDUSD,60,86400,BUY,ZD,1,0.45910,0.45350,560.0,0.46440,0.45660,780.0,139.286,55.36,250.0,132.2,0.45910,0.45660,0.46690,BOUNCE,2002.08.15 01:00,1,2002.08.15 02:00,0,,0,,1,1h,Asia,NA,,NA,,0.45100,UNTOUCHED,,0,,0,,0,,0,NA,Other,NA,,NA,,0.46160,BREAK,2002.08.13 00:00,0,,0,,0,,0,NA,Asia,BOUNCE,2002.08.13 01:00,NA,,0.45410,UNTOUCHED,,0,,0,,0,,0,NA,Other,NA,,NA,,B-ZH-BO,B-ZE-BR,S-ZO-UN,S-ZH-BR,S-ZB-BR,B-ZD-UN,S-ZO-BR,B-ZD-UN,S-ZO-BR,S-ZF-BO,B-ZO-BR,S-ZO-UN,B-ZD-BO,B-ZF-BR,S-ZE-UN,S-ZE-UN,B-ZO-BO,S-ZO-UN,B-ZD-BO,S-ZO-UN
293,2002.08.14 00:00,NZDUSD,60,86400,BUY,ZO,0,0.46440,0.45660,780.0,0.46550,0.45950,600.0,76.923,37.18,490.0,184.1,0.46440,0.45950,0.47040,BREAK,2002.08.20 01:00,0,,0,,0,,0,NA,Asia,BOUNCE,2002.09.16 01:00,NA,,0.45170,UNTOUCHED,,0,,0,,0,,0,NA,Other,NA,,NA,,0.46930,BOUNCE,2002.08.16 10:00,0,,0,,0,,0,NA,London,NA,,NA,,0.45460,BOUNCE,2002.08.14 02:00,1,2002.08.16 10:00,1,2002.08.16 10:00,0,,2,2d 8h,Asia,NA,,NA,,B-ZD-BO,B-ZH-BO,B-ZE-BR,S-ZO-UN,S-ZH-BR,S-ZB-BR,B-ZD-UN,S-ZO-BR,B-ZD-UN,S-ZO-BR,S-ZO-UN,B-ZD-BO,B-ZF-BR,S-ZE-UN,S-ZE-UN,B-ZO-BO,S-ZO-UN,B-ZD-BO,S-ZO-UN,B-ZD-BO
294,2002.08.15 00:00,NZDUSD,60,86400,SELL,ZO,1,0.46550,0.45950,600.0,0.46410,0.45450,960.0,160.000,23.33,460.0,141.6,0.46410,0.45950,0.44990,UNTOUCHED,,0,,0,,0,,0,NA,Other,NA,,NA,,0.47010,BREAK,2002.08.20 01:00,0,,0,,0,,0,NA,Asia,BREAK,2002.09.12 01:00,BREAK,2002.10.07 01:00,0.45490,UNTOUCHED,,0,,0,,0,,0,NA,Other,NA,,NA,,0.46870,BREAK,2002.08.16 01:00,0,,0,,0,,0,NA,Asia,BOUNCE,2002.08.28 01:00,NA,,B-ZO-BR,B-ZD-BO,B-ZH-BO,B-ZE-BR,S-ZO-UN,S-ZH-BR,S-ZB-BR,B-ZD-UN,S-ZO-BR,B-ZD-UN,B-ZD-BO,B-ZF-BR,S-ZE-UN,S-ZE-UN,B-ZO-BO,S-ZO-UN,B-ZD-BO,S-ZO-UN,B-ZD-BO,S-ZG-BO
295,2002.08.17 00:00,NZDUSD,60,86400,BUY,ZD,1,0.46830,0.46020,810.0,0.46950,0.46420,530.0,65.432,49.38,410.0,191.2,0.46830,0.46420,0.47360,BOUNCE,2002.08.27 01:00,1,2002.09.04 01:00,0,,0,,1,1w 1d,Asia,NA,,NA,,0.45610,UNTOUCHED,,0,,0,,0,,0,NA,Other,NA,,NA,,0.47240,BOUNCE,2002.08.21 01:00,0,,0,,0,,0,NA,Asia,NA,,NA,,0.46010,UNTOUCHED,,0,,0,,0,,0,NA,Other,NA,,NA,,S-ZO-UN,B-ZO-BR,B-ZD-BO,B-ZH-BO,B-ZE-BR,S-ZO-UN,S-ZH-BR,S-ZB-BR,B-ZD-UN,S-ZO-BR,B-ZF-BR,S-ZE-UN,S-ZE-UN,B-ZO-BO,S-ZO-UN,B-ZD-BO,S-ZO-UN,B-ZD-BO,S-ZG-BO,S-ZO-UN
296,2002.08.21 00:00,NZDUSD,60,86400,BUY,ZF,0,0.46980,0.46510,470.0,0.47090,0.46560,530.0,112.766,10.64,420.0,110.9,0.46980,0.46560,0.47510,BREAK,2002.09.12 01:00,0,,0,,0,,0,NA,Asia,BREAK,2002.10.07 01:00,BREAK,2002.10.07 16:00,0.46090,UNTOUCHED,,0,,0,,0,,0,NA,Other,NA,,NA,,0.47400,BOUNCE,2002.08.28 01:00,0,,0,,0,,0,NA,Asia,NA,,NA,,0.46140,UNTOUCHED,,0,,0,,0,,0,NA,Other,NA,,NA,,B-ZD-BO,S-ZO-UN,B-ZO-BR,B-ZD-BO,B-ZH-BO,B-ZE-BR,S-ZO-UN,S-ZH-BR,S-ZB-BR,B-ZD-UN,S-ZE-UN,S-ZE-UN,B-ZO-BO,S-ZO-UN,B-ZD-BO,S-ZO-UN,B-ZD-BO,S-ZG-BO,S-ZO-UN,B-ZE-BO
297,2002.08.30 00:00,NZDUSD,60,86400,SELL,ZE,1,0.47430,0.46810,620.0,0.47130,0.46660,470.0,75.806,48.39,320.0,146.3,0.47130,0.46810,0.46340,UNTOUCHED,,0,,0,,0,,0,NA,Other,NA,,NA,,0.47750,BOUNCE,2002.10.03 01:00,0,,0,,0,,0,NA,Asia,NA,,NA,,0.46490,BOUNCE,2002.09.04 01:00,1,2002.09.12 01:00,1,2002.10.03 01:00,0,,2,4w 1d,Asia,NA,,NA,,0.47450,BREAK,2002.09.12 01:00,0,,0,,0,,0,NA,Asia,BOUNCE,2002.10.03 01:00,NA,,B-ZF-BR,B-ZD-BO,S-ZO-UN,B-ZO-BR,B-ZD-BO,B-ZH-BO,B-ZE-BR,S-ZO-UN,S-ZH-BR,S-ZB-BR,S-ZE-UN,B-ZO-BO,S-ZO-UN,B-ZD-BO,S-ZO-UN,B-ZD-BO,S-ZG-BO,S-ZO-UN,B-ZE-BO,B-ZH-BR
298,2002.09.05 00:00,NZDUSD,60,86400,SELL,ZE,1,0.47190,0.46590,600.0,0.46790,0.46420,370.0,61.667,66.67,200.0,141.6,0.46790,0.46590,0.46220,UNTOUCHED,,0,,0,,0,,0,NA,Other,NA,,NA,,0.47390,BREAK,2002.09.12 01:00,0,,0,,0,,0,NA,Asia,BOUNCE,2002.09.12 04:00,NA,,0.46390,UNTOUCHED,,0,,0,,0,,0,NA,Other,NA,,NA,,0.46990,BOUNCE,2002.09.06 01:00,0,,0,,0,,0,NA,Asia,NA,,NA,,S-ZE-UN,B-ZF-BR,B-ZD-BO,S-ZO-UN,B-ZO-BR,B-ZD-BO,B-ZH-BO,B-ZE-BR,S-ZO-UN,S-ZH-BR,B-ZO-BO,S-ZO-UN,B-ZD-BO,S-ZO-UN,B-ZD-BO,S-ZG-BO,S-ZO-UN,B-ZE-BO,B-ZH-BR,B-ZE-BR
299,2002.09.11 00:00,NZDUSD,60,86400,BUY,ZO,0,0.47150,0.46800,350.0,0.47300,0.46830,470.0,134.286,8.57,320.0,82.6,0.47150,0.46830,0.47620,BOUNCE,2002.09.12 01:00,1,2002.09.16 01:00,1,2002.09.26 01:00,1,2002.09.26 12:00,3,2w 0d,Asia,NA,,NA,,0.46480,BOUNCE,2002.09.26 12:00,1,2002.09.27 01:00,1,2002.10.01 23:00,1,2002.10.02 01:00,3,5d 13h,London,NA,,NA,,0.47470,BREAK,2002.09.12 01:00,0,,0,,0,,0,NA,Asia,BOUNCE,2002.10.03 01:00,NA,,0.46510,BOUNCE,2002.09.26 01:00,1,2002.10.01 23:00,1,2002.10.01 23:00,0,,2,5d 22h,Asia,NA,,NA,,S-ZE-UN,S-ZE-UN,B-ZF-BR,B-ZD-BO,S-ZO-UN,B-ZO-BR,B-ZD-BO,B-ZH-BO,B-ZE-BR,S-ZO-UN,S-ZO-UN,B-ZD-BO,S-ZO-UN,B-ZD-BO,S-ZG-BO,S-ZO-UN,B-ZE-BO,B-ZH-BR,B-ZE-BR,S-ZE-BR
300,2002.09.12 00:00,NZDUSD,60,86400,SELL,ZO,0,0.47300,0.46830,470.0,0.47250,0.46810,440.0,93.617,10.64,420.0,110.9,0.47250,0.46830,0.46390,UNTOUCHED,,0,,0,,0,,0,NA,Other,NA,,NA,,0.47720,BREAK,2002.10.03 01:00,0,,0,,0,,0,NA,Asia,BREAK,2002.10.07 01:00,BREAK,2002.10.24 01:00,0.46410,UNTOUCHED,,0,,0,,0,,0,NA,Other,NA,,NA,,0.47670,BOUNCE,2002.09.12 01:00,0,,0,,0,,0,NA,Asia,NA,,NA,,B-ZO-BO,S-ZE-UN,S-ZE-UN,B-ZF-BR,B-ZD-BO,S-ZO-UN,B-ZO-BR,B-ZD-BO,B-ZH-BO,B-ZE-BR,B-ZD-BO,S-ZO-UN,B-ZD-BO,S-ZG-BO,S-ZO-UN,B-ZE-BO,B-ZH-BR,B-ZE-BR,S-ZE-BR,S-ZD-BR
301,2002.09.13 00:00,NZDUSD,60,86400,BUY,ZD,1,0.47250,0.46810,440.0,0.47680,0.47130,550.0,125.000,72.73,120.0,103.8,0.47250,0.47130,0.47800,BOUNCE,2002.10.03 01:00,1,2002.10.03 02:00,0,,0,,1,1h,Asia,NA,,NA,,0.46690,BOUNCE,2002.09.17 13:00,1,2002.09.17 15:00,1,2002.09.19 01:00,1,2002.10.03 01:00,3,2w 1d,NewYork,NA,,NA,,0.47370,BREAK,2002.09.13 00:00,0,,0,,0,,0,NA,Asia,BREAK,2002.09.13 01:00,BOUNCE,2002.09.13 07:00,0.47010,BOUNCE,2002.09.16 01:00,1,2002.09.17 01:00,1,2002.09.17 01:00,0,,2,1d 0h,Asia,NA,,NA,,S-ZO-UN,B-ZO-BO,S-ZE-UN,S-ZE-UN,B-ZF-BR,B-ZD-BO,S-ZO-UN,B-ZO-BR,B-ZD-BO,B-ZH-BO,S-ZO-UN,B-ZD-BO,S-ZG-BO,S-ZO-UN,B-ZE-BO,B-ZH-BR,B-ZE-BR,S-ZE-BR,S-ZD-BR,S-ZO-UN
302,2002.09.19 00:00,NZDUSD,60,86400,SELL,ZO,0,0.47370,0.46690,680.0,0.47220,0.46550,670.0,98.529,22.06,530.0,160.5,0.47220,0.46690,0.46020,UNTOUCHED,,0,,0,,0,,0,NA,Other,NA,,NA,,0.47900,BREAK,2002.10.04 01:00,0,,0,,0,,0,NA,Asia,BOUNCE,2002.10.09 01:00,NA,,0.46160,UNTOUCHED,,0,,0,,0,,0,NA,Other,NA,,NA,,0.47750,BREAK,2002.10.03 01:00,0,,0,,0,,0,NA,Asia,BREAK,2002.10.07 01:00,BREAK,2002.10.28 02:00,B-ZD-BO,S-ZO-UN,B-ZO-BO,S-ZE-UN,S-ZE-UN,B-ZF-BR,B-ZD-BO,S-ZO-UN,B-ZO-BR,B-ZD-BO,B-ZD-BO,S-ZG-BO,S-ZO-UN,B-ZE-BO,B-ZH-BR,B-ZE-BR,S-ZE-BR,S-ZD-BR,S-ZO-UN,B-ZE-BO
303,2002.09.20 00:00,NZDUSD,60,86400,BUY,ZD,1,0.47220,0.46550,670.0,0.47650,0.47030,620.0,92.537,71.64,190.0,158.1,0.47220,0.47030,0.47840,BOUNCE,2002.10.03 01:00,1,2002.10.03 02:00,0,,0,,1,1h,Asia,NA,,NA,,0.46360,UNTOUCHED,,0,,0,,0,,0,NA,Other,NA,,NA,,0.47410,BOUNCE,2002.09.20 00:00,1,2002.09.23 01:00,0,,0,,1,3d 1h,Asia,NA,,NA,,0.46840,BOUNCE,2002.09.23 01:00,1,2002.09.26 01:00,1,2002.09.26 01:00,0,,2,3d 0h,Asia,NA,,NA,,S-ZO-UN,B-ZD-BO,S-ZO-UN,B-ZO-BO,S-ZE-UN,S-ZE-UN,B-ZF-BR,B-ZD-BO,S-ZO-UN,B-ZO-BR,S-ZG-BO,S-ZO-UN,B-ZE-BO,B-ZH-BR,B-ZE-BR,S-ZE-BR,S-ZD-BR,S-ZO-UN,B-ZE-BO,B-ZD-BO
304,2002.09.21 00:00,NZDUSD,60,86400,SELL,ZG,0,0.47650,0.47030,620.0,0.47490,0.46970,520.0,83.871,25.81,460.0,146.3,0.47490,0.47030,0.46510,BOUNCE,2002.09.26 01:00,1,2002.10.01 01:00,1,2002.10.04 19:00,1,2002.10.07 01:00,3,1w 4d,Asia,NA,,NA,,0.48110,BREAK,2002.10.07 01:00,0,,0,,0,,0,NA,Asia,BREAK,2002.10.24 01:00,BOUNCE,2002.10.29 19:00,0.46570,BOUNCE,2002.09.26 01:00,1,2002.10.04 19:00,1,2002.10.07 01:00,0,,2,1w 4d,Asia,NA,,NA,,0.47950,BREAK,2002.10.04 19:00,0,,0,,0,,0,NA,NewYork,BOUNCE,2002.10.09 01:00,NA,,B-ZD-BO,S-ZO-UN,B-ZD-BO,S-ZO-UN,B-ZO-BO,S-ZE-UN,S-ZE-UN,B-ZF-BR,B-ZD-BO,S-ZO-UN,S-ZO-UN,B-ZE-BO,B-ZH-BR,B-ZE-BR,S-ZE-BR,S-ZD-BR,S-ZO-UN,B-ZE-BO,B-ZD-BO,B-ZO-BO
305,2002.09.25 00:00,NZDUSD,60,86400,SELL,ZO,0,0.47300,0.46820,480.0,0.47190,0.46660,530.0,110.417,22.92,370.0,113.3,0.47190,0.46820,0.46290,UNTOUCHED,,0,,0,,0,,0,NA,Other,NA,,NA,,0.47670,BREAK,2002.10.03 01:00,0,,0,,0,,0,NA,Asia,BREAK,2002.10.07 01:00,BOUNCE,2002.10.09 01:00,0.46450,UNTOUCHED,,0,,0,,0,,0,NA,Other,NA,,NA,,0.47560,BREAK,2002.10.02 01:00,0,,0,,0,,0,NA,Asia,BREAK,2002.10.07 01:00,BREAK,2002.10.07 15:00,S-ZG-BO,B-ZD-BO,S-ZO-UN,B-ZD-BO,S-ZO-UN,B-ZO-BO,S-ZE-UN,S-ZE-UN,B-ZF-BR,B-ZD-BO,B-ZE-BO,B-ZH-BR,B-ZE-BR,S-ZE-BR,S-ZD-BR,S-ZO-UN,B-ZE-BO,B-ZD-BO,B-ZO-BO,B-ZE-BR
306,2002.10.03 00:00,NZDUSD,60,86400,BUY,ZE,1,0.47490,0.46760,730.0,0.47660,0.47220,440.0,60.274,63.01,270.0,172.3,0.47490,0.47220,0.47930,BOUNCE,2002.10.04 01:00,0,,0,,0,,0,NA,Asia,NA,,NA,,0.46490,UNTOUCHED,,0,,0,,0,,0,NA,Other,NA,,NA,,0.47760,BOUNCE,2002.10.03 01:00,0,,0,,0,,0,NA,Asia,NA,,NA,,0.46950,UNTOUCHED,,0,,0,,0,,0,NA,Other,NA,,NA,,S-ZO-UN,S-ZG-BO,B-ZD-BO,S-ZO-UN,B-ZD-BO,S-ZO-UN,B-ZO-BO,S-ZE-UN,S-ZE-UN,B-ZF-BR,B-ZH-BR,B-ZE-BR,S-ZE-BR,S-ZD-BR,S-ZO-UN,B-ZE-BO,B-ZD-BO,B-ZO-BO,B-ZE-BR,B-ZD-BO
307,2002.10.04 00:00,NZDUSD,60,86400,BUY,ZH,0,0.47660,0.47220,440.0,0.47870,0.47290,580.0,131.818,15.91,370.0,103.8,0.47660,0.47290,0.48240,BREAK,2002.10.07 01:00,0,,0,,0,,0,NA,Asia,BREAK,2002.10.24 01:00,BOUNCE,2002.10.29 02:00,0.46850,UNTOUCHED,,0,,0,,0,,0,NA,Other,NA,,NA,,0.48030,BREAK,2002.10.07 01:00,0,,0,,0,,0,NA,Asia,BREAK,2002.10.07 16:00,BREAK,2002.10.28 02:00,0.46920,UNTOUCHED,,0,,0,,0,,0,NA,Other,NA,,NA,,B-ZE-BO,S-ZO-UN,S-ZG-BO,B-ZD-BO,S-ZO-UN,B-ZD-BO,S-ZO-UN,B-ZO-BO,S-ZE-UN,S-ZE-UN,B-ZE-BR,S-ZE-BR,S-ZD-BR,S-ZO-UN,B-ZE-BO,B-ZD-BO,B-ZO-BO,B-ZE-BR,B-ZD-BO,B-ZC-BO
308,2002.10.05 00:00,NZDUSD,60,86400,BUY,ZE,1,0.47870,0.47290,580.0,0.47960,0.47600,360.0,62.069,53.45,270.0,136.9,0.47870,0.47600,0.48230,BREAK,2002.10.07 01:00,0,,0,,0,,0,NA,Asia,BOUNCE,2002.10.08 01:00,NA,,0.47020,UNTOUCHED,,0,,0,,0,,0,NA,Other,NA,,NA,,0.48140,BREAK,2002.10.07 01:00,0,,0,,0,,0,NA,Asia,BOUNCE,2002.10.08 01:00,NA,,0.47330,UNTOUCHED,,0,,0,,0,,0,NA,Other,NA,,NA,,B-ZH-BR,B-ZE-BO,S-ZO-UN,S-ZG-BO,B-ZD-BO,S-ZO-UN,B-ZD-BO,S-ZO-UN,B-ZO-BO,S-ZE-UN,S-ZE-BR,S-ZD-BR,S-ZO-UN,B-ZE-BO,B-ZD-BO,B-ZO-BO,B-ZE-BR,B-ZD-BO,B-ZC-BO,S-ZB-UN
309,2002.10.10 00:00,NZDUSD,60,86400,SELL,ZE,1,0.48430,0.48050,380.0,0.48220,0.47870,350.0,92.105,55.26,170.0,89.7,0.48220,0.48050,0.47700,BREAK,2002.10.15 01:00,0,,0,,0,,0,NA,Asia,BOUNCE,2002.10.15 09:00,NA,,0.48600,BREAK,2002.10.24 01:00,0,,0,,0,,0,NA,Asia,BREAK,2002.10.28 02:00,BOUNCE,2002.10.29 02:00,0.47880,BREAK,2002.10.10 01:00,0,,0,,0,,0,NA,Asia,BREAK,2002.10.15 01:00,BOUNCE,2002.10.15 09:00,0.48390,BREAK,2002.10.21 01:00,0,,0,,0,,0,NA,Asia,BOUNCE,2002.10.23 01:00,NA,,B-ZE-BR,B-ZH-BR,B-ZE-BO,S-ZO-UN,S-ZG-BO,B-ZD-BO,S-ZO-UN,B-ZD-BO,S-ZO-UN,B-ZO-BO,S-ZD-BR,S-ZO-UN,B-ZE-BO,B-ZD-BO,B-ZO-BO,B-ZE-BR,B-ZD-BO,B-ZC-BO,S-ZB-UN,B-ZD-BR
310,2002.10.15 00:00,NZDUSD,60,86400,SELL,ZD,1,0.48200,0.48130,70.0,0.48160,0.47780,380.0,542.857,57.14,30.0,16.5,0.48160,0.48130,0.47750,BREAK,2002.10.15 01:00,0,,0,,0,,0,NA,Asia,BREAK,2002.10.15 03:00,BREAK,2002.10.15 04:00,0.48230,BREAK,2002.10.17 01:00,0,,0,,0,,0,NA,Asia,BREAK,2002.10.17 13:00,BOUNCE,2002.10.18 01:00,0.48100,BREAK,2002.10.15 00:00,0,,0,,0,,0,NA,Asia,BREAK,2002.10.15 01:00,BREAK,2002.10.15 02:00,0.48190,BREAK,2002.10.17 01:00,0,,0,,0,,0,NA,Asia,BREAK,2002.10.17 13:00,BREAK,2002.10.17 16:00,S-ZE-BR,B-ZE-BR,B-ZH-BR,B-ZE-BO,S-ZO-UN,S-ZG-BO,B-ZD-BO,S-ZO-UN,B-ZD-BO,S-ZO-UN,S-ZO-UN,B-ZE-BO,B-ZD-BO,B-ZO-BO,B-ZE-BR,B-ZD-BO,B-ZC-BO,S-ZB-UN,B-ZD-BR,B-ZD-BO
311,2002.10.16 00:00,NZDUSD,60,86400,SELL,ZO,1,0.48160,0.47780,380.0,0.48090,0.47510,580.0,152.632,18.42,310.0,89.7,0.48090,0.47780,0.47200,UNTOUCHED,,0,,0,,0,,0,NA,Other,NA,,NA,,0.48470,BOUNCE,2002.10.21 01:00,0,,0,,0,,0,NA,Asia,NA,,NA,,0.47470,UNTOUCHED,,0,,0,,0,,0,NA,Other,NA,,NA,,0.48400,BOUNCE,2002.10.21 01:00,0,,0,,0,,0,NA,Asia,NA,,NA,,S-ZD-BR,S-ZE-BR,B-ZE-BR,B-ZH-BR,B-ZE-BO,S-ZO-UN,S-ZG-BO,B-ZD-BO,S-ZO-UN,B-ZD-BO,B-ZE-BO,B-ZD-BO,B-ZO-BO,B-ZE-BR,B-ZD-BO,B-ZC-BO,S-ZB-UN,B-ZD-BR,B-ZD-BO,S-ZO-UN
312,2002.10.17 00:00,NZDUSD,60,86400,BUY,ZE,1,0.48090,0.47510,580.0,0.48150,0.47800,350.0,60.345,50.00,290.0,136.9,0.48090,0.47800,0.48440,BOUNCE,2002.10.21 01:00,0,,0,,0,,0,NA,Asia,NA,,NA,,0.47220,UNTOUCHED,,0,,0,,0,,0,NA,Other,NA,,NA,,0.48380,BOUNCE,2002.10.21 01:00,0,,0,,0,,0,NA,Asia,NA,,NA,,0.47510,UNTOUCHED,,0,,0,,0,,0,NA,Other,NA,,NA,,S-ZO-UN,S-ZD-BR,S-ZE-BR,B-ZE-BR,B-ZH-BR,B-ZE-BO,S-ZO-UN,S-ZG-BO,B-ZD-BO,S-ZO-UN,B-ZD-BO,B-ZO-BO,B-ZE-BR,B-ZD-BO,B-ZC-BO,S-ZB-UN,B-ZD-BR,B-ZD-BO,S-ZO-UN,B-ZH-BO
313,2002.10.18 00:00,NZDUSD,60,86400,BUY,ZD,1,0.48150,0.47800,350.0,0.48280,0.47940,340.0,97.143,40.00,210.0,82.6,0.48150,0.47940,0.48490,BOUNCE,2002.10.21 08:00,0,,0,,0,,0,NA,London,NA,,NA,,0.47590,UNTOUCHED,,0,,0,,0,,0,NA,Other,NA,,NA,,0.48360,BREAK,2002.10.21 01:00,0,,0,,0,,0,NA,Asia,BOUNCE,2002.10.23 01:00,NA,,0.47730,UNTOUCHED,,0,,0,,0,,0,NA,Other,NA,,NA,,B-ZE-BO,S-ZO-UN,S-ZD-BR,S-ZE-BR,B-ZE-BR,B-ZH-BR,B-ZE-BO,S-ZO-UN,S-ZG-BO,B-ZD-BO,B-ZO-BO,B-ZE-BR,B-ZD-BO,B-ZC-BO,S-ZB-UN,B-ZD-BR,B-ZD-BO,S-ZO-UN,B-ZH-BO,B-ZD-BO
314,2002.10.19 00:00,NZDUSD,60,86400,BUY,ZO,0,0.48280,0.47940,340.0,0.48320,0.48030,290.0,85.294,26.47,250.0,80.2,0.48280,0.48030,0.48570,BOUNCE,2002.10.23 01:00,0,,0,,0,,0,NA,Asia,NA,,NA,,0.47690,UNTOUCHED,,0,,0,,0,,0,NA,Other,NA,,NA,,0.48530,BOUNCE,2002.10.22 01:00,0,,0,,0,,0,NA,Asia,NA,,NA,,0.47780,UNTOUCHED,,0,,0,,0,,0,NA,Other,NA,,NA,,B-ZD-BO,B-ZE-BO,S-ZO-UN,S-ZD-BR,S-ZE-BR,B-ZE-BR,B-ZH-BR,B-ZE-BO,S-ZO-UN,S-ZG-BO,B-ZE-BR,B-ZD-BO,B-ZC-BO,S-ZB-UN,B-ZD-BR,B-ZD-BO,S-ZO-UN,B-ZH-BO,B-ZD-BO,B-ZE-BO
315,2002.10.23 00:00,NZDUSD,60,86400,BUY,ZE,1,0.48500,0.47970,530.0,0.48550,0.48210,340.0,64.151,45.28,290.0,125.1,0.48500,0.48210,0.48840,BREAK,2002.10.28 02:00,0,,0,,0,,0,NA,Asia,BREAK,2002.11.01 02:00,BREAK,2002.11.04 02:00,0.47680,UNTOUCHED,,0,,0,,0,,0,NA,Other,NA,,NA,,0.48790,BREAK,2002.10.26 00:00,0,,0,,0,,0,NA,Asia,BREAK,2002.11.01 02:00,BREAK,2002.11.04 02:00,0.47920,UNTOUCHED,,0,,0,,0,,0,NA,Other,NA,,NA,,B-ZO-BO,B-ZD-BO,B-ZE-BO,S-ZO-UN,S-ZD-BR,S-ZE-BR,B-ZE-BR,B-ZH-BR,B-ZE-BO,S-ZO-UN,B-ZD-BO,B-ZC-BO,S-ZB-UN,B-ZD-BR,B-ZD-BO,S-ZO-UN,B-ZH-BO,B-ZD-BO,B-ZE-BO,S-ZO-BO
316,2002.10.25 00:00,NZDUSD,60,86400,BUY,ZD,1,0.48590,0.48210,380.0,0.48760,0.48380,380.0,100.000,44.74,210.0,89.7,0.48590,0.48380,0.48970,BOUNCE,2002.10.28 02:00,1,2002.10.29 02:00,1,2002.10.30 02:00,0,,2,2d 0h,Asia,NA,,NA,,0.48000,UNTOUCHED,,0,,0,,0,,0,NA,Other,NA,,NA,,0.48800,BREAK,2002.10.26 00:00,0,,0,,0,,0,NA,Asia,BOUNCE,2002.10.29 02:00,NA,,0.48170,BOUNCE,2002.10.30 02:00,1,2002.11.01 02:00,1,2002.11.01 02:00,0,,2,2d 0h,Asia,NA,,NA,,B-ZE-BR,B-ZO-BO,B-ZD-BO,B-ZE-BO,S-ZO-UN,S-ZD-BR,S-ZE-BR,B-ZE-BR,B-ZH-BR,B-ZE-BO,B-ZC-BO,S-ZB-UN,B-ZD-BR,B-ZD-BO,S-ZO-UN,B-ZH-BO,B-ZD-BO,B-ZE-BO,S-ZO-BO,B-ZD-BR
317,2002.10.26 00:00,NZDUSD,60,86400,BUY,ZC,1,0.48760,0.48380,380.0,0.48770,0.48550,220.0,57.895,44.74,210.0,89.7,0.48760,0.48550,0.48980,BOUNCE,2002.10.28 02:00,1,2002.10.29 02:00,1,2002.10.30 02:00,1,2002.10.30 02:00,3,2d 0h,Asia,NA,,NA,,0.48170,BOUNCE,2002.10.30 02:00,1,2002.10.30 03:00,1,2002.11.01 02:00,1,2002.11.01 02:00,3,2d 0h,Asia,NA,,NA,,0.48970,BOUNCE,2002.10.28 02:00,1,2002.10.30 02:00,1,2002.10.30 02:00,0,,2,2d 0h,Asia,NA,,NA,,0.48340,BREAK,2002.10.30 02:00,0,,0,,0,,0,NA,Asia,BOUNCE,2002.10.30 19:00,NA,,B-ZD-BO,B-ZE-BR,B-ZO-BO,B-ZD-BO,B-ZE-BO,S-ZO-UN,S-ZD-BR,S-ZE-BR,B-ZE-BR,B-ZH-BR,S-ZB-UN,B-ZD-BR,B-ZD-BO,S-ZO-UN,B-ZH-BO,B-ZD-BO,B-ZE-BO,S-ZO-BO,B-ZD-BR,S-ZH-BR
318,2002.10.31 00:00,NZDUSD,60,86400,SELL,ZB,1,0.49040,0.48510,530.0,0.48690,0.48130,560.0,105.660,66.04,180.0,125.1,0.48690,0.48510,0.47950,UNTOUCHED,,0,,0,,0,,0,NA,Other,NA,,NA,,0.49220,BOUNCE,2002.11.01 02:00,1,2002.11.01 03:00,0,,0,,1,1h,Asia,NA,,NA,,0.48330,BREAK,2002.10.31 00:00,0,,0,,0,,0,NA,Asia,UNTOUCHED,,NA,,0.48870,BREAK,2002.11.01 02:00,0,,0,,0,,0,NA,Asia,BOUNCE,2002.11.01 16:00,NA,,B-ZC-BO,B-ZD-BO,B-ZE-BR,B-ZO-BO,B-ZD-BO,B-ZE-BO,S-ZO-UN,S-ZD-BR,S-ZE-BR,B-ZE-BR,B-ZD-BR,B-ZD-BO,S-ZO-UN,B-ZH-BO,B-ZD-BO,B-ZE-BO,S-ZO-BO,B-ZD-BR,S-ZH-BR,S-ZD-BO
319,2002.11.02 00:00,NZDUSD,60,86400,BUY,ZD,1,0.48690,0.48200,490.0,0.49300,0.48550,750.0,153.061,71.43,140.0,115.6,0.48690,0.48550,0.49440,BREAK,2002.11.04 02:00,0,,0,,0,,0,NA,Asia,BREAK,2002.11.04 19:00,BREAK,2002.11.05 01:00,0.48060,UNTOUCHED,,0,,0,,0,,0,NA,Other,NA,,NA,,0.48830,BREAK,2002.11.02 00:00,0,,0,,0,,0,NA,Asia,BREAK,2002.11.02 01:00,BREAK,2002.11.04 02:00,0.48410,UNTOUCHED,,0,,0,,0,,0,NA,Other,NA,,NA,,S-ZB-UN,B-ZC-BO,B-ZD-BO,B-ZE-BR,B-ZO-BO,B-ZD-BO,B-ZE-BO,S-ZO-UN,S-ZD-BR,S-ZE-BR,B-ZD-BO,S-ZO-UN,B-ZH-BO,B-ZD-BO,B-ZE-BO,S-ZO-BO,B-ZD-BR,S-ZH-BR,S-ZD-BO,S-ZO-UN
320,2002.11.08 00:00,NZDUSD,60,86400,BUY,ZD,1,0.49940,0.49320,620.0,0.50090,0.49670,420.0,67.742,56.45,270.0,146.3,0.49940,0.49670,0.50360,BOUNCE,2002.11.21 02:00,1,2002.11.21 06:00,1,2002.11.26 20:00,0,,2,5d 18h,Asia,NA,,NA,,0.49050,UNTOUCHED,,0,,0,,0,,0,NA,Other,NA,,NA,,0.50210,BREAK,2002.11.21 02:00,0,,0,,0,,0,NA,Asia,BOUNCE,2002.12.10 02:00,NA,,0.49400,BREAK,2002.11.11 02:00,0,,0,,0,,0,NA,Asia,BOUNCE,2002.11.12 10:00,NA,,B-ZD-BR,S-ZB-UN,B-ZC-BO,B-ZD-BO,B-ZE-BR,B-ZO-BO,B-ZD-BO,B-ZE-BO,S-ZO-UN,S-ZD-BR,S-ZO-UN,B-ZH-BO,B-ZD-BO,B-ZE-BO,S-ZO-BO,B-ZD-BR,S-ZH-BR,S-ZD-BO,S-ZO-UN,B-ZB-BO
321,2002.11.13 00:00,NZDUSD,60,86400,SELL,ZO,0,0.49640,0.49270,370.0,0.49520,0.49110,410.0,110.811,32.43,250.0,87.3,0.49520,0.49270,0.48860,UNTOUCHED,,0,,0,,0,,0,NA,Other,NA,,NA,,0.49890,BREAK,2002.11.14 02:00,0,,0,,0,,0,NA,Asia,BOUNCE,2002.11.15 14:00,NA,,0.49020,UNTOUCHED,,0,,0,,0,,0,NA,Other,NA,,NA,,0.49770,BOUNCE,2002.11.13 02:00,0,,0,,0,,0,NA,Asia,NA,,NA,,B-ZD-BO,B-ZD-BR,S-ZB-UN,B-ZC-BO,B-ZD-BO,B-ZE-BR,B-ZO-BO,B-ZD-BO,B-ZE-BO,S-ZO-UN,B-ZH-BO,B-ZD-BO,B-ZE-BO,S-ZO-BO,B-ZD-BR,S-ZH-BR,S-ZD-BO,S-ZO-UN,B-ZB-BO,B-ZE-BO
322,2002.11.14 00:00,NZDUSD,60,86400,BUY,ZH,1,0.49520,0.49110,410.0,0.49800,0.49230,570.0,139.024,29.27,290.0,96.8,0.49520,0.49230,0.50090,BOUNCE,2002.11.14 02:00,1,2002.11.19 02:00,0,,0,,1,5d 0h,Asia,NA,,NA,,0.48820,UNTOUCHED,,0,,0,,0,,0,NA,Other,NA,,NA,,0.49810,BREAK,2002.11.14 00:00,0,,0,,0,,0,NA,Asia,BOUNCE,2002.11.18 02:00,NA,,0.48940,UNTOUCHED,,0,,0,,0,,0,NA,Other,NA,,NA,,S-ZO-UN,B-ZD-BO,B-ZD-BR,S-ZB-UN,B-ZC-BO,B-ZD-BO,B-ZE-BR,B-ZO-BO,B-ZD-BO,B-ZE-BO,B-ZD-BO,B-ZE-BO,S-ZO-BO,B-ZD-BR,S-ZH-BR,S-ZD-BO,S-ZO-UN,B-ZB-BO,B-ZE-BO,S-ZG-UN
323,2002.11.15 00:00,NZDUSD,60,86400,BUY,ZD,1,0.49800,0.49230,570.0,0.50160,0.49610,550.0,96.491,66.67,190.0,134.5,0.49800,0.49610,0.50350,BOUNCE,2002.11.21 02:00,1,2002.11.21 03:00,1,2002.11.26 02:00,0,,2,5d 0h,Asia,NA,,NA,,0.49040,UNTOUCHED,,0,,0,,0,,0,NA,Other,NA,,NA,,0.49990,BREAK,2002.11.15 00:00,0,,0,,0,,0,NA,Asia,BOUNCE,2002.11.15 01:00,NA,,0.49420,BOUNCE,2002.11.20 02:00,1,2002.11.21 01:00,1,2002.11.21 01:00,0,,2,23h,Asia,NA,,NA,,B-ZH-BO,S-ZO-UN,B-ZD-BO,B-ZD-BR,S-ZB-UN,B-ZC-BO,B-ZD-BO,B-ZE-BR,B-ZO-BO,B-ZD-BO,B-ZE-BO,S-ZO-BO,B-ZD-BR,S-ZH-BR,S-ZD-BO,S-ZO-UN,B-ZB-BO,B-ZE-BO,S-ZG-UN,B-ZH-BR
324,2002.11.16 00:00,NZDUSD,60,86400,BUY,ZE,1,0.50160,0.49610,550.0,0.50190,0.49880,310.0,56.364,49.09,280.0,129.8,0.50160,0.49880,0.50470,BOUNCE,2002.12.10 02:00,0,,0,,0,,0,NA,Asia,NA,,NA,,0.49330,BREAK,2002.11.27 02:00,0,,0,,0,,0,NA,Asia,UNTOUCHED,,NA,,0.50440,BOUNCE,2002.11.21 15:00,1,2002.11.26 02:00,1,2002.11.27 02:00,0,,2,5d 11h,NewYork,NA,,NA,,0.49600,BOUNCE,2002.11.19 02:00,1,2002.11.21 15:00,1,2002.11.21 15:00,0,,2,2d 13h,Asia,NA,,NA,,B-ZD-BO,B-ZH-BO,S-ZO-UN,B-ZD-BO,B-ZD-BR,S-ZB-UN,B-ZC-BO,B-ZD-BO,B-ZE-BR,B-ZO-BO,S-ZO-BO,B-ZD-BR,S-ZH-BR,S-ZD-BO,S-ZO-UN,B-ZB-BO,B-ZE-BO,S-ZG-UN,B-ZH-BR,S-ZE-UN
325,2002.11.20 00:00,NZDUSD,60,86400,SELL,ZO,0,0.49940,0.49610,330.0,0.49920,0.49490,430.0,130.303,6.06,310.0,77.9,0.49920,0.49610,0.49180,BOUNCE,2002.11.27 02:00,1,2002.11.27 05:00,1,2002.12.05 01:00,1,2002.12.05 01:00,3,1w 0d,Asia,NA,,NA,,0.50250,BREAK,2002.11.21 02:00,0,,0,,0,,0,NA,Asia,BOUNCE,2002.12.10 02:00,NA,,0.49300,BREAK,2002.11.27 02:00,0,,0,,0,,0,NA,Asia,UNTOUCHED,,NA,,0.50230,BREAK,2002.11.21 02:00,0,,0,,0,,0,NA,Asia,BOUNCE,2002.12.10 02:00,NA,,B-ZE-BO,B-ZD-BO,B-ZH-BO,S-ZO-UN,B-ZD-BO,B-ZD-BR,S-ZB-UN,B-ZC-BO,B-ZD-BO,B-ZE-BR,B-ZD-BR,S-ZH-BR,S-ZD-BO,S-ZO-UN,B-ZB-BO,B-ZE-BO,S-ZG-UN,B-ZH-BR,S-ZE-UN,B-ZD-BR
326,2002.11.22 00:00,NZDUSD,60,86400,BUY,ZD,1,0.49970,0.49410,560.0,0.50460,0.49800,660.0,117.857,69.64,170.0,132.2,0.49970,0.49800,0.50630,BREAK,2002.12.12 02:00,0,,0,,0,,0,NA,Asia,BREAK,2002.12.12 15:00,BREAK,2002.12.12 20:00,0.49240,BOUNCE,2002.11.27 02:00,1,2002.11.27 03:00,1,2002.12.02 02:00,1,2002.12.12 02:00,3,2w 1d,Asia,NA,,NA,,0.50140,BREAK,2002.11.22 00:00,0,,0,,0,,0,NA,Asia,BREAK,2002.11.22 02:00,BOUNCE,2002.12.10 02:00,0.49630,BREAK,2002.11.26 02:00,0,,0,,0,,0,NA,Asia,BOUNCE,2002.11.26 21:00,NA,,S-ZO-BO,B-ZE-BO,B-ZD-BO,B-ZH-BO,S-ZO-UN,B-ZD-BO,B-ZD-BR,S-ZB-UN,B-ZC-BO,B-ZD-BO,S-ZH-BR,S-ZD-BO,S-ZO-UN,B-ZB-BO,B-ZE-BO,S-ZG-UN,B-ZH-BR,S-ZE-UN,B-ZD-BR,B-ZD-BO
327,2002.11.26 00:00,NZDUSD,60,86400,SELL,ZH,1,0.50380,0.50210,170.0,0.50350,0.49790,560.0,329.412,17.65,140.0,40.1,0.50350,0.50210,0.49650,BREAK,2002.11.26 02:00,0,,0,,0,,0,NA,Asia,BREAK,2002.11.26 20:00,BREAK,2002.11.27 02:00,0.50520,BREAK,2002.12.10 02:00,0,,0,,0,,0,NA,Asia,BREAK,2002.12.12 02:00,BREAK,2002.12.12 15:00,0.50070,BREAK,2002.11.26 00:00,0,,0,,0,,0,NA,Asia,BREAK,2002.11.26 02:00,BREAK,2002.11.26 04:00,0.50490,BREAK,2002.12.10 02:00,0,,0,,0,,0,NA,Asia,BREAK,2002.12.12 02:00,BREAK,2002.12.12 15:00,B-ZD-BR,S-ZO-BO,B-ZE-BO,B-ZD-BO,B-ZH-BO,S-ZO-UN,B-ZD-BO,B-ZD-BR,S-ZB-UN,B-ZC-BO,S-ZD-BO,S-ZO-UN,B-ZB-BO,B-ZE-BO,S-ZG-UN,B-ZH-BR,S-ZE-UN,B-ZD-BR,B-ZD-BO,S-ZG-UN
328,2002.11.27 00:00,NZDUSD,60,86400,SELL,ZD,1,0.50350,0.49790,560.0,0.50000,0.49380,620.0,110.714,62.50,210.0,132.2,0.50000,0.49790,0.49170,BOUNCE,2002.11.27 02:00,1,2002.11.27 03:00,1,2002.12.05 01:00,1,2002.12.10 02:00,3,1w 6d,Asia,NA,,NA,,0.50560,BOUNCE,2002.12.10 02:00,1,2002.12.10 23:00,0,,0,,1,21h,Asia,NA,,NA,,0.49580,BREAK,2002.11.27 00:00,0,,0,,0,,0,NA,Asia,BOUNCE,2002.11.27 14:00,NA,,0.50210,BOUNCE,2002.12.05 01:00,0,,0,,0,,0,NA,Asia,NA,,NA,,S-ZH-BR,B-ZD-BR,S-ZO-BO,B-ZE-BO,B-ZD-BO,B-ZH-BO,S-ZO-UN,B-ZD-BO,B-ZD-BR,S-ZB-UN,S-ZO-UN,B-ZB-BO,B-ZE-BO,S-ZG-UN,B-ZH-BR,S-ZE-UN,B-ZD-BR,B-ZD-BO,S-ZG-UN,B-ZH-BR
329,2002.11.28 00:00,NZDUSD,60,86400,SELL,ZO,0,0.50000,0.49380,620.0,0.49850,0.49070,780.0,125.806,24.19,470.0,146.3,0.49850,0.49380,0.48600,UNTOUCHED,,0,,0,,0,,0,NA,Other,NA,,NA,,0.50470,BREAK,2002.12.10 02:00,0,,0,,0,,0,NA,Asia,BREAK,2002.12.12 20:00,BOUNCE,2002.12.13 02:00,0.48910,UNTOUCHED,,0,,0,,0,,0,NA,Other,NA,,NA,,0.50320,BREAK,2002.12.05 02:00,0,,0,,0,,0,NA,Asia,BREAK,2002.12.12 02:00,BREAK,2002.12.13 02:00,S-ZD-BO,S-ZH-BR,B-ZD-BR,S-ZO-BO,B-ZE-BO,B-ZD-BO,B-ZH-BO,S-ZO-UN,B-ZD-BO,B-ZD-BR,B-ZB-BO,B-ZE-BO,S-ZG-UN,B-ZH-BR,S-ZE-UN,B-ZD-BR,B-ZD-BO,S-ZG-UN,B-ZH-BR,B-ZE-BO
330,2002.11.30 00:00,NZDUSD,60,86400,BUY,ZB,1,0.49600,0.49190,410.0,0.49930,0.49400,530.0,129.268,51.22,200.0,96.8,0.49600,0.49400,0.50130,BOUNCE,2002.12.02 02:00,1,2002.12.02 04:00,0,,0,,1,2h,Asia,NA,,NA,,0.48990,UNTOUCHED,,0,,0,,0,,0,NA,Other,NA,,NA,,0.49800,BREAK,2002.11.30 00:00,0,,0,,0,,0,NA,Asia,BREAK,2002.12.02 12:00,BOUNCE,2002.12.02 15:00,0.49200,UNTOUCHED,,0,,0,,0,,0,NA,Other,NA,,NA,,S-ZO-UN,S-ZD-BO,S-ZH-BR,B-ZD-BR,S-ZO-BO,B-ZE-BO,B-ZD-BO,B-ZH-BO,S-ZO-UN,B-ZD-BO,B-ZE-BO,S-ZG-UN,B-ZH-BR,S-ZE-UN,B-ZD-BR,B-ZD-BO,S-ZG-UN,B-ZH-BR,B-ZE-BO,B-ZO-BR
331,2002.12.06 00:00,NZDUSD,60,86400,BUY,ZE,1,0.50200,0.49740,460.0,0.50330,0.49990,340.0,73.913,54.35,210.0,108.6,0.50200,0.49990,0.50540,BOUNCE,2002.12.10 02:00,1,2002.12.10 23:00,0,,0,,1,21h,Asia,NA,,NA,,0.49530,UNTOUCHED,,0,,0,,0,,0,NA,Other,NA,,NA,,0.50410,BOUNCE,2002.12.09 02:00,0,,0,,0,,0,NA,Asia,NA,,NA,,0.49780,UNTOUCHED,,0,,0,,0,,0,NA,Other,NA,,NA,,B-ZB-BO,S-ZO-UN,S-ZD-BO,S-ZH-BR,B-ZD-BR,S-ZO-BO,B-ZE-BO,B-ZD-BO,B-ZH-BO,S-ZO-UN,S-ZG-UN,B-ZH-BR,S-ZE-UN,B-ZD-BR,B-ZD-BO,S-ZG-UN,B-ZH-BR,B-ZE-BO,B-ZO-BR,B-ZF-BR
332,2002.12.07 00:00,NZDUSD,60,86400,SELL,ZG,0,0.50330,0.49990,340.0,0.50320,0.49970,350.0,102.941,2.94,330.0,80.2,0.50320,0.49990,0.49640,UNTOUCHED,,0,,0,,0,,0,NA,Other,NA,,NA,,0.50660,BREAK,2002.12.12 02:00,0,,0,,0,,0,NA,Asia,BREAK,2002.12.12 20:00,BREAK,2002.12.13 02:00,0.49660,UNTOUCHED,,0,,0,,0,,0,NA,Other,NA,,NA,,0.50650,BREAK,2002.12.12 02:00,0,,0,,0,,0,NA,Asia,BREAK,2002.12.12 20:00,BREAK,2002.12.13 02:00,B-ZE-BO,B-ZB-BO,S-ZO-UN,S-ZD-BO,S-ZH-BR,B-ZD-BR,S-ZO-BO,B-ZE-BO,B-ZD-BO,B-ZH-BO,B-ZH-BR,S-ZE-UN,B-ZD-BR,B-ZD-BO,S-ZG-UN,B-ZH-BR,B-ZE-BO,B-ZO-BR,B-ZF-BR,B-ZB-BR
333,2002.12.10 00:00,NZDUSD,60,86400,BUY,ZH,1,0.50260,0.50160,100.0,0.50440,0.50180,260.0,260.000,20.00,80.0,23.6,0.50260,0.50180,0.50520,BREAK,2002.12.10 02:00,0,,0,,0,,0,NA,Asia,BREAK,2002.12.12 02:00,BREAK,2002.12.12 12:00,0.50080,BOUNCE,2002.12.10 02:00,1,2002.12.10 03:00,1,2002.12.10 03:00,1,2002.12.10 12:00,3,10h,Asia,NA,,NA,,0.50340,BREAK,2002.12.10 00:00,0,,0,,0,,0,NA,Asia,BOUNCE,2002.12.10 01:00,NA,,0.50100,BOUNCE,2002.12.10 02:00,1,2002.12.10 03:00,1,2002.12.10 03:00,0,,2,1h,Asia,NA,,NA,,S-ZG-UN,B-ZE-BO,B-ZB-BO,S-ZO-UN,S-ZD-BO,S-ZH-BR,B-ZD-BR,S-ZO-BO,B-ZE-BO,B-ZD-BO,S-ZE-UN,B-ZD-BR,B-ZD-BO,S-ZG-UN,B-ZH-BR,B-ZE-BO,B-ZO-BR,B-ZF-BR,B-ZB-BR,B-ZB-BR
334,2002.12.12 00:00,NZDUSD,60,86400,SELL,ZE,1,0.50580,0.50080,500.0,0.50350,0.50040,310.0,62.000,46.00,270.0,118.0,0.50350,0.50080,0.49770,UNTOUCHED,,0,,0,,0,,0,NA,Other,NA,,NA,,0.50850,BREAK,2002.12.12 02:00,0,,0,,0,,0,NA,Asia,BOUNCE,2002.12.12 21:00,NA,,0.49810,UNTOUCHED,,0,,0,,0,,0,NA,Other,NA,,NA,,0.50620,BREAK,2002.12.12 02:00,0,,0,,0,,0,NA,Asia,BREAK,2002.12.12 19:00,BREAK,2002.12.13 02:00,B-ZH-BR,S-ZG-UN,B-ZE-BO,B-ZB-BO,S-ZO-UN,S-ZD-BO,S-ZH-BR,B-ZD-BR,S-ZO-BO,B-ZE-BO,B-ZD-BR,B-ZD-BO,S-ZG-UN,B-ZH-BR,B-ZE-BO,B-ZO-BR,B-ZF-BR,B-ZB-BR,B-ZB-BR,S-ZF-UN
335,2002.12.13 00:00,NZDUSD,60,86400,BUY,ZD,1,0.50350,0.50040,310.0,0.51150,0.50190,960.0,309.677,48.39,160.0,73.2,0.50350,0.50190,0.51310,BREAK,2002.12.13 02:00,0,,0,,0,,0,NA,Asia,BOUNCE,2002.12.13 12:00,NA,,0.49880,UNTOUCHED,,0,,0,,0,,0,NA,Other,NA,,NA,,0.50510,BREAK,2002.12.13 00:00,0,,0,,0,,0,NA,Asia,BREAK,2002.12.13 01:00,BREAK,2002.12.13 02:00,0.50030,UNTOUCHED,,0,,0,,0,,0,NA,Other,NA,,NA,,S-ZE-UN,B-ZH-BR,S-ZG-UN,B-ZE-BO,B-ZB-BO,S-ZO-UN,S-ZD-BO,S-ZH-BR,B-ZD-BR,S-ZO-BO,B-ZD-BO,S-ZG-UN,B-ZH-BR,B-ZE-BO,B-ZO-BR,B-ZF-BR,B-ZB-BR,B-ZB-BR,S-ZF-UN,S-ZD-UN
336,2002.12.14 00:00,NZDUSD,60,86400,BUY,ZD,1,0.51150,0.50190,960.0,0.51540,0.50770,770.0,80.208,60.42,380.0,226.6,0.51150,0.50770,0.51920,BOUNCE,2002.12.17 02:00,0,,0,,0,,0,NA,Asia,NA,,NA,,0.49810,UNTOUCHED,,0,,0,,0,,0,NA,Other,NA,,NA,,0.51530,BREAK,2002.12.16 22:00,0,,0,,0,,0,NA,Other,BOUNCE,2002.12.18 02:00,NA,,0.50390,UNTOUCHED,,0,,0,,0,,0,NA,Other,NA,,NA,,B-ZD-BR,S-ZE-UN,B-ZH-BR,S-ZG-UN,B-ZE-BO,B-ZB-BO,S-ZO-UN,S-ZD-BO,S-ZH-BR,B-ZD-BR,S-ZG-UN,B-ZH-BR,B-ZE-BO,B-ZO-BR,B-ZF-BR,B-ZB-BR,B-ZB-BR,S-ZF-UN,S-ZD-UN,B-ZD-BO
337,2002.12.19 00:00,NZDUSD,60,86400,SELL,ZG,0,0.51980,0.51280,700.0,0.51830,0.51240,590.0,84.286,21.43,550.0,165.2,0.51830,0.51280,0.50690,UNTOUCHED,,0,,0,,0,,0,NA,Other,NA,,NA,,0.52530,BREAK,2002.12.30 02:00,0,,0,,0,,0,NA,Asia,BREAK,2003.01.06 02:00,BREAK,2003.01.10 02:00,0.50730,UNTOUCHED,,0,,0,,0,,0,NA,Other,NA,,NA,,0.52380,BREAK,2002.12.30 02:00,0,,0,,0,,0,NA,Asia,BREAK,2003.01.06 02:00,BREAK,2003.01.10 02:00,B-ZD-BO,B-ZD-BR,S-ZE-UN,B-ZH-BR,S-ZG-UN,B-ZE-BO,B-ZB-BO,S-ZO-UN,S-ZD-BO,S-ZH-BR,B-ZH-BR,B-ZE-BO,B-ZO-BR,B-ZF-BR,B-ZB-BR,B-ZB-BR,S-ZF-UN,S-ZD-UN,B-ZD-BO,S-ZB-BR
338,2002.12.27 00:00,NZDUSD,60,86400,BUY,ZH,1,0.51730,0.51660,70.0,0.52030,0.51670,360.0,514.286,14.29,60.0,16.5,0.51730,0.51670,0.52090,BREAK,2002.12.30 02:00,0,,0,,0,,0,NA,Asia,BREAK,2002.12.30 06:00,BREAK,2002.12.30 08:00,0.51600,UNTOUCHED,,0,,0,,0,,0,NA,Other,NA,,NA,,0.51790,BREAK,2002.12.27 00:00,0,,0,,0,,0,NA,Asia,BREAK,2002.12.27 02:00,BREAK,2002.12.27 07:00,0.51610,BOUNCE,2002.12.27 17:00,1,2002.12.27 18:00,1,2002.12.27 18:00,0,,2,1h,NewYork,NA,,NA,,S-ZG-UN,B-ZD-BO,B-ZD-BR,S-ZE-UN,B-ZH-BR,S-ZG-UN,B-ZE-BO,B-ZB-BO,S-ZO-UN,S-ZD-BO,B-ZE-BO,B-ZO-BR,B-ZF-BR,B-ZB-BR,B-ZB-BR,S-ZF-UN,S-ZD-UN,B-ZD-BO,S-ZB-BR,B-ZE-BR
339,2003.01.01 00:00,NZDUSD,60,86400,BUY,ZE,1,0.52750,0.51820,930.0,0.52760,0.52270,490.0,52.688,48.39,480.0,219.5,0.52750,0.52270,0.53240,BOUNCE,2003.01.06 02:00,0,,0,,0,,0,NA,Asia,NA,,NA,,0.51340,UNTOUCHED,,0,,0,,0,,0,NA,Other,NA,,NA,,0.53230,BOUNCE,2003.01.06 02:00,0,,0,,0,,0,NA,Asia,NA,,NA,,0.51790,UNTOUCHED,,0,,0,,0,,0,NA,Other,NA,,NA,,B-ZH-BR,S-ZG-UN,B-ZD-BO,B-ZD-BR,S-ZE-UN,B-ZH-BR,S-ZG-UN,B-ZE-BO,B-ZB-BO,S-ZO-UN,B-ZO-BR,B-ZF-BR,B-ZB-BR,B-ZB-BR,S-ZF-UN,S-ZD-UN,B-ZD-BO,S-ZB-BR,B-ZE-BR,S-ZE-BR
340,2003.01.10 00:00,NZDUSD,60,86400,BUY,ZO,0,0.53380,0.52710,670.0,0.53540,0.52960,580.0,86.567,37.31,420.0,158.1,0.53380,0.52960,0.53960,BREAK,2003.01.13 02:00,0,,0,,0,,0,NA,Asia,BREAK,2003.01.16 02:00,BREAK,2003.01.17 02:00,0.52290,UNTOUCHED,,0,,0,,0,,0,NA,Other,NA,,NA,,0.53800,BOUNCE,2003.01.10 02:00,0,,0,,0,,0,NA,Asia,NA,,NA,,0.52540,UNTOUCHED,,0,,0,,0,,0,NA,Other,NA,,NA,,B-ZE-BO,B-ZH-BR,S-ZG-UN,B-ZD-BO,B-ZD-BR,S-ZE-UN,B-ZH-BR,S-ZG-UN,B-ZE-BO,B-ZB-BO,B-ZF-BR,B-ZB-BR,B-ZB-BR,S-ZF-UN,S-ZD-UN,B-ZD-BO,S-ZB-BR,B-ZE-BR,S-ZE-BR,B-ZO-BR
341,2003.01.11 00:00,NZDUSD,60,86400,BUY,ZF,1,0.53540,0.52960,580.0,0.53890,0.53060,830.0,143.103,17.24,480.0,136.9,0.53540,0.53060,0.54370,BREAK,2003.01.16 02:00,0,,0,,0,,0,NA,Asia,BREAK,2003.01.17 02:00,BOUNCE,2003.01.21 02:00,0.52480,UNTOUCHED,,0,,0,,0,,0,NA,Other,NA,,NA,,0.54020,BREAK,2003.01.13 02:00,0,,0,,0,,0,NA,Asia,BREAK,2003.01.16 02:00,BREAK,2003.01.17 02:00,0.52580,UNTOUCHED,,0,,0,,0,,0,NA,Other,NA,,NA,,B-ZO-BR,B-ZE-BO,B-ZH-BR,S-ZG-UN,B-ZD-BO,B-ZD-BR,S-ZE-UN,B-ZH-BR,S-ZG-UN,B-ZE-BO,B-ZB-BR,B-ZB-BR,S-ZF-UN,S-ZD-UN,B-ZD-BO,S-ZB-BR,B-ZE-BR,S-ZE-BR,B-ZO-BR,B-ZE-BR
342,2003.01.17 00:00,NZDUSD,60,86400,BUY,ZB,1,0.54220,0.53570,650.0,0.54720,0.53840,880.0,135.385,41.54,380.0,153.4,0.54220,0.53840,0.55100,BREAK,2003.01.17 02:00,0,,0,,0,,0,NA,Asia,BOUNCE,2003.02.14 02:00,NA,,0.53190,UNTOUCHED,,0,,0,,0,,0,NA,Other,NA,,NA,,0.54600,BREAK,2003.01.17 00:00,0,,0,,0,,0,NA,Asia,BREAK,2003.01.17 02:00,BOUNCE,2003.01.20 02:00,0.53460,UNTOUCHED,,0,,0,,0,,0,NA,Other,NA,,NA,,B-ZF-BR,B-ZO-BR,B-ZE-BO,B-ZH-BR,S-ZG-UN,B-ZD-BO,B-ZD-BR,S-ZE-UN,B-ZH-BR,S-ZG-UN,B-ZB-BR,S-ZF-UN,S-ZD-UN,B-ZD-BO,S-ZB-BR,B-ZE-BR,S-ZE-BR,B-ZO-BR,B-ZE-BR,S-ZH-BR
343,2003.01.18 00:00,NZDUSD,60,86400,BUY,ZB,1,0.54720,0.53840,880.0,0.55340,0.54430,910.0,103.409,67.05,290.0,207.7,0.54720,0.54430,0.55630,BREAK,2003.02.20 02:00,0,,0,,0,,0,NA,Asia,BREAK,2003.02.21 15:00,BREAK,2003.02.24 02:00,0.53550,UNTOUCHED,,0,,0,,0,,0,NA,Other,NA,,NA,,0.55010,BREAK,2003.01.18 00:00,0,,0,,0,,0,NA,Asia,BOUNCE,2003.01.20 02:00,NA,,0.54140,BOUNCE,2003.01.22 02:00,1,2003.01.24 02:00,1,2003.01.24 02:00,0,,2,2d 0h,Asia,NA,,NA,,B-ZB-BR,B-ZF-BR,B-ZO-BR,B-ZE-BO,B-ZH-BR,S-ZG-UN,B-ZD-BO,B-ZD-BR,S-ZE-UN,B-ZH-BR,S-ZF-UN,S-ZD-UN,B-ZD-BO,S-ZB-BR,B-ZE-BR,S-ZE-BR,B-ZO-BR,B-ZE-BR,S-ZH-BR,B-ZD-BO
344,2003.01.22 00:00,NZDUSD,60,86400,SELL,ZF,1,0.55440,0.54910,530.0,0.55400,0.54320,1080.0,203.774,7.55,490.0,125.1,0.55400,0.54910,0.53830,UNTOUCHED,,0,,0,,0,,0,NA,Other,NA,,NA,,0.55930,BREAK,2003.02.21 02:00,0,,0,,0,,0,NA,Asia,BREAK,2003.02.24 02:00,UNTOUCHED,,0.54420,BREAK,2003.01.22 02:00,0,,0,,0,,0,NA,Asia,UNTOUCHED,,NA,,0.55890,BOUNCE,2003.02.20 02:00,0,,0,,0,,0,NA,Asia,NA,,NA,,B-ZB-BR,B-ZB-BR,B-ZF-BR,B-ZO-BR,B-ZE-BO,B-ZH-BR,S-ZG-UN,B-ZD-BO,B-ZD-BR,S-ZE-UN,S-ZD-UN,B-ZD-BO,S-ZB-BR,B-ZE-BR,S-ZE-BR,B-ZO-BR,B-ZE-BR,S-ZH-BR,B-ZD-BO,B-ZE-BR
345,2003.01.23 00:00,NZDUSD,60,86400,SELL,ZD,1,0.55400,0.54320,1080.0,0.54860,0.54010,850.0,78.704,50.00,540.0,254.9,0.54860,0.54320,0.53470,UNTOUCHED,,0,,0,,0,,0,NA,Other,NA,,NA,,0.55940,BREAK,2003.02.21 02:00,0,,0,,0,,0,NA,Asia,BREAK,2003.02.25 02:00,UNTOUCHED,,0.53780,UNTOUCHED,,0,,0,,0,,0,NA,Other,NA,,NA,,0.55400,BOUNCE,2003.02.13 02:00,0,,0,,0,,0,NA,Asia,NA,,NA,,S-ZF-UN,B-ZB-BR,B-ZB-BR,B-ZF-BR,B-ZO-BR,B-ZE-BO,B-ZH-BR,S-ZG-UN,B-ZD-BO,B-ZD-BR,B-ZD-BO,S-ZB-BR,B-ZE-BR,S-ZE-BR,B-ZO-BR,B-ZE-BR,S-ZH-BR,B-ZD-BO,B-ZE-BR,B-ZE-UN
346,2003.01.25 00:00,NZDUSD,60,86400,BUY,ZD,1,0.54920,0.53980,940.0,0.55290,0.54680,610.0,64.894,74.47,240.0,221.8,0.54920,0.54680,0.55530,BOUNCE,2003.02.14 01:00,1,2003.02.14 16:00,0,,0,,1,15h,Asia,NA,,NA,,0.53740,UNTOUCHED,,0,,0,,0,,0,NA,Other,NA,,NA,,0.55160,BOUNCE,2003.02.05 02:00,0,,0,,0,,0,NA,Asia,NA,,NA,,0.54440,BOUNCE,2003.01.28 10:00,1,2003.02.05 02:00,1,2003.02.05 02:00,0,,2,1w 0d,London,NA,,NA,,S-ZD-UN,S-ZF-UN,B-ZB-BR,B-ZB-BR,B-ZF-BR,B-ZO-BR,B-ZE-BO,B-ZH-BR,S-ZG-UN,B-ZD-BO,S-ZB-BR,B-ZE-BR,S-ZE-BR,B-ZO-BR,B-ZE-BR,S-ZH-BR,B-ZD-BO,B-ZE-BR,B-ZE-UN,S-ZO-BR
347,2003.01.29 00:00,NZDUSD,60,86400,SELL,ZB,1,0.55110,0.54740,370.0,0.54970,0.54430,540.0,145.946,37.84,230.0,87.3,0.54970,0.54740,0.54200,BREAK,2003.02.03 02:00,0,,0,,0,,0,NA,Asia,UNTOUCHED,,NA,,0.55340,BREAK,2003.02.13 02:00,0,,0,,0,,0,NA,Asia,BOUNCE,2003.02.14 02:00,NA,,0.54510,BREAK,2003.01.30 02:00,0,,0,,0,,0,NA,Asia,BREAK,2003.02.03 02:00,BOUNCE,2003.02.03 17:00,0.55200,BOUNCE,2003.02.05 02:00,0,,0,,0,,0,NA,Asia,NA,,NA,,B-ZD-BO,S-ZD-UN,S-ZF-UN,B-ZB-BR,B-ZB-BR,B-ZF-BR,B-ZO-BR,B-ZE-BO,B-ZH-BR,S-ZG-UN,B-ZE-BR,S-ZE-BR,B-ZO-BR,B-ZE-BR,S-ZH-BR,B-ZD-BO,B-ZE-BR,B-ZE-UN,S-ZO-BR,S-ZD-BO
348,2003.02.06 00:00,NZDUSD,60,86400,BUY,ZE,1,0.55020,0.54350,670.0,0.55230,0.54630,600.0,89.552,41.79,390.0,158.1,0.55020,0.54630,0.55620,BREAK,2003.02.20 02:00,0,,0,,0,,0,NA,Asia,BREAK,2003.02.24 02:00,BREAK,2003.02.24 19:00,0.53960,UNTOUCHED,,0,,0,,0,,0,NA,Other,NA,,NA,,0.55410,BOUNCE,2003.02.13 02:00,1,2003.03.13 02:00,0,,0,,1,4w 0d,Asia,NA,,NA,,0.54240,BOUNCE,2003.03.13 02:00,1,2003.03.17 02:00,1,2003.03.17 02:00,0,,2,4d 0h,Asia,NA,,NA,,S-ZB-BR,B-ZD-BO,S-ZD-UN,S-ZF-UN,B-ZB-BR,B-ZB-BR,B-ZF-BR,B-ZO-BR,B-ZE-BO,B-ZH-BR,S-ZE-BR,B-ZO-BR,B-ZE-BR,S-ZH-BR,B-ZD-BO,B-ZE-BR,B-ZE-UN,S-ZO-BR,S-ZD-BO,B-ZE-BO
349,2003.02.12 00:00,NZDUSD,60,86400,SELL,ZE,1,0.55300,0.54860,440.0,0.55120,0.54580,540.0,122.727,40.91,260.0,103.8,0.55120,0.54860,0.54320,BREAK,2003.03.13 02:00,0,,0,,0,,0,NA,Asia,BREAK,2003.04.04 01:00,BREAK,2003.04.07 01:00,0.55560,BOUNCE,2003.02.14 02:00,1,2003.02.14 16:00,1,2003.03.13 02:00,1,2003.03.13 02:00,3,3w 6d,Asia,NA,,NA,,0.54600,BREAK,2003.03.13 02:00,0,,0,,0,,0,NA,Asia,BREAK,2003.03.13 03:00,BREAK,2003.04.04 01:00,0.55380,BOUNCE,2003.02.13 02:00,1,2003.03.13 02:00,1,2003.03.13 02:00,0,,2,4w 0d,Asia,NA,,NA,,B-ZE-BR,S-ZB-BR,B-ZD-BO,S-ZD-UN,S-ZF-UN,B-ZB-BR,B-ZB-BR,B-ZF-BR,B-ZO-BR,B-ZE-BO,B-ZO-BR,B-ZE-BR,S-ZH-BR,B-ZD-BO,B-ZE-BR,B-ZE-UN,S-ZO-BR,S-ZD-BO,B-ZE-BO,S-ZH-BR
350,2003.02.13 00:00,NZDUSD,60,86400,BUY,ZO,0,0.55120,0.54580,540.0,0.55280,0.54700,580.0,107.407,22.22,420.0,127.4,0.55120,0.54700,0.55700,BREAK,2003.02.20 02:00,0,,0,,0,,0,NA,Asia,BREAK,2003.02.24 02:00,BREAK,2003.02.24 22:00,0.54160,BOUNCE,2003.03.13 04:00,1,2003.03.14 02:00,1,2003.03.17 02:00,0,,2,3d 22h,Asia,NA,,NA,,0.55540,BOUNCE,2003.02.14 01:00,1,2003.03.13 02:00,1,2003.03.13 04:00,0,,2,3w 6d,Asia,NA,,NA,,0.54280,BOUNCE,2003.03.13 02:00,1,2003.03.17 02:00,1,2003.03.17 02:00,0,,2,4d 0h,Asia,NA,,NA,,S-ZE-BR,B-ZE-BR,S-ZB-BR,B-ZD-BO,S-ZD-UN,S-ZF-UN,B-ZB-BR,B-ZB-BR,B-ZF-BR,B-ZO-BR,B-ZE-BR,S-ZH-BR,B-ZD-BO,B-ZE-BR,B-ZE-UN,S-ZO-BR,S-ZD-BO,B-ZE-BO,S-ZH-BR,S-ZD-BR
351,2003.02.15 00:00,NZDUSD,60,86400,BUY,ZE,1,0.55480,0.54670,810.0,0.55610,0.55040,570.0,70.370,45.68,440.0,191.2,0.55480,0.55040,0.56050,BREAK,2003.02.21 02:00,0,,0,,0,,0,NA,Asia,BREAK,2003.02.24 22:00,UNTOUCHED,,0.54230,BOUNCE,2003.03.13 02:00,1,2003.03.14 02:00,0,,0,,1,1d 0h,Asia,NA,,NA,,0.55920,BREAK,2003.02.21 02:00,0,,0,,0,,0,NA,Asia,BREAK,2003.02.24 02:00,BOUNCE,2003.02.25 02:00,0.54600,BREAK,2003.03.13 02:00,0,,0,,0,,0,NA,Asia,BOUNCE,2003.03.13 05:00,NA,,B-ZO-BR,S-ZE-BR,B-ZE-BR,S-ZB-BR,B-ZD-BO,S-ZD-UN,S-ZF-UN,B-ZB-BR,B-ZB-BR,B-ZF-BR,S-ZH-BR,B-ZD-BO,B-ZE-BR,B-ZE-UN,S-ZO-BR,S-ZD-BO,B-ZE-BO,S-ZH-BR,S-ZD-BR,S-ZD-BO
352,2003.02.18 00:00,NZDUSD,60,86400,SELL,ZH,1,0.55330,0.55180,150.0,0.55290,0.54810,480.0,320.000,26.67,110.0,35.4,0.55290,0.55180,0.54700,BREAK,2003.03.12 02:00,0,,0,,0,,0,NA,Asia,BREAK,2003.03.13 02:00,BREAK,2003.03.13 03:00,0.55440,BOUNCE,2003.02.19 02:00,1,2003.02.19 03:00,1,2003.02.19 03:00,1,2003.03.12 02:00,3,3w 0d,Asia,NA,,NA,,0.55070,BREAK,2003.02.18 00:00,0,,0,,0,,0,NA,Asia,BREAK,2003.02.18 01:00,BOUNCE,2003.02.18 03:00,0.55400,BREAK,2003.02.19 02:00,0,,0,,0,,0,NA,Asia,BREAK,2003.02.20 02:00,BREAK,2003.02.20 17:00,B-ZE-BR,B-ZO-BR,S-ZE-BR,B-ZE-BR,S-ZB-BR,B-ZD-BO,S-ZD-UN,S-ZF-UN,B-ZB-BR,B-ZB-BR,B-ZD-BO,B-ZE-BR,B-ZE-UN,S-ZO-BR,S-ZD-BO,B-ZE-BO,S-ZH-BR,S-ZD-BR,S-ZD-BO,S-ZE-BR
353,2003.02.21 00:00,NZDUSD,60,86400,BUY,ZD,1,0.55470,0.54880,590.0,0.55900,0.55270,630.0,106.780,66.10,200.0,139.2,0.55470,0.55270,0.56100,BOUNCE,2003.02.21 14:00,1,2003.02.21 21:00,1,2003.03.12 02:00,1,2003.03.12 02:00,3,2w 4d,NewYork,NA,,NA,,0.54680,BOUNCE,2003.03.12 02:00,1,2003.03.12 03:00,0,,0,,1,1h,Asia,NA,,NA,,0.55670,BREAK,2003.02.21 00:00,0,,0,,0,,0,NA,Asia,BREAK,2003.02.21 02:00,BOUNCE,2003.02.21 18:00,0.55070,BREAK,2003.03.12 02:00,0,,0,,0,,0,NA,Asia,BREAK,2003.03.12 16:00,BREAK,2003.03.13 02:00,S-ZH-BR,B-ZE-BR,B-ZO-BR,S-ZE-BR,B-ZE-BR,S-ZB-BR,B-ZD-BO,S-ZD-UN,S-ZF-UN,B-ZB-BR,B-ZE-BR,B-ZE-UN,S-ZO-BR,S-ZD-BO,B-ZE-BO,S-ZH-BR,S-ZD-BR,S-ZD-BO,S-ZE-BR,B-ZD-BO
354,2003.02.22 00:00,NZDUSD,60,86400,BUY,ZE,1,0.55900,0.55270,630.0,0.56130,0.55700,430.0,68.254,68.25,200.0,148.7,0.55900,0.55700,0.56330,BREAK,2003.02.24 02:00,0,,0,,0,,0,NA,Asia,BREAK,2003.02.24 22:00,BOUNCE,2003.02.25 02:00,0.55070,BREAK,2003.03.12 02:00,0,,0,,0,,0,NA,Asia,BREAK,2003.03.12 16:00,BREAK,2003.03.13 02:00,0.56100,BREAK,2003.02.24 02:00,0,,0,,0,,0,NA,Asia,BREAK,2003.02.24 14:00,BREAK,2003.02.24 22:00,0.55500,BREAK,2003.03.11 02:00,0,,0,,0,,0,NA,Asia,BOUNCE,2003.03.11 20:00,NA,,B-ZD-BO,S-ZH-BR,B-ZE-BR,B-ZO-BR,S-ZE-BR,B-ZE-BR,S-ZB-BR,B-ZD-BO,S-ZD-UN,S-ZF-UN,B-ZE-UN,S-ZO-BR,S-ZD-BO,B-ZE-BO,S-ZH-BR,S-ZD-BR,S-ZD-BO,S-ZE-BR,B-ZD-BO,S-ZE-BO
355,2003.02.26 00:00,NZDUSD,60,86400,BUY,ZE,1,0.56690,0.55700,990.0,0.56830,0.56340,490.0,49.495,64.65,350.0,233.6,0.56690,0.56340,0.57180,UNTOUCHED,,0,,0,,0,,0,NA,Other,NA,,NA,,0.55350,BOUNCE,2003.03.11 02:00,1,2003.03.11 04:00,0,,0,,1,2h,Asia,NA,,NA,,0.57040,UNTOUCHED,,0,,0,,0,,0,NA,Other,NA,,NA,,0.55990,BREAK,2003.02.28 02:00,0,,0,,0,,0,NA,Asia,BOUNCE,2003.02.28 17:00,NA,,B-ZE-BR,B-ZD-BO,S-ZH-BR,B-ZE-BR,B-ZO-BR,S-ZE-BR,B-ZE-BR,S-ZB-BR,B-ZD-BO,S-ZD-UN,S-ZO-BR,S-ZD-BO,B-ZE-BO,S-ZH-BR,S-ZD-BR,S-ZD-BO,S-ZE-BR,B-ZD-BO,S-ZE-BO,B-ZE-BO
356,2003.02.27 00:00,NZDUSD,60,86400,SELL,ZO,0,0.56830,0.56340,490.0,0.56690,0.56240,450.0,91.837,28.57,350.0,115.6,0.56690,0.56340,0.55890,BREAK,2003.02.28 02:00,0,,0,,0,,0,NA,Asia,BOUNCE,2003.02.28 20:00,NA,,0.57180,UNTOUCHED,,0,,0,,0,,0,NA,Other,NA,,NA,,0.55990,BREAK,2003.02.28 02:00,0,,0,,0,,0,NA,Asia,BOUNCE,2003.02.28 17:00,NA,,0.57040,UNTOUCHED,,0,,0,,0,,0,NA,Other,NA,,NA,,B-ZE-UN,B-ZE-BR,B-ZD-BO,S-ZH-BR,B-ZE-BR,B-ZO-BR,S-ZE-BR,B-ZE-BR,S-ZB-BR,B-ZD-BO,S-ZD-BO,B-ZE-BO,S-ZH-BR,S-ZD-BR,S-ZD-BO,S-ZE-BR,B-ZD-BO,S-ZE-BO,B-ZE-BO,S-ZD-BR
357,2003.03.01 00:00,NZDUSD,60,86400,SELL,ZD,1,0.56700,0.56100,600.0,0.56260,0.55510,750.0,125.000,73.33,160.0,141.6,0.56260,0.56100,0.55350,BOUNCE,2003.03.11 02:00,1,2003.03.11 03:00,0,,0,,1,1h,Asia,NA,,NA,,0.56860,UNTOUCHED,,0,,0,,0,,0,NA,Other,NA,,NA,,0.55940,BREAK,2003.03.01 00:00,0,,0,,0,,0,NA,Asia,BREAK,2003.03.03 09:00,BOUNCE,2003.03.03 11:00,0.56420,BREAK,2003.03.05 02:00,0,,0,,0,,0,NA,Asia,BOUNCE,2003.03.05 18:00,NA,,S-ZO-BR,B-ZE-UN,B-ZE-BR,B-ZD-BO,S-ZH-BR,B-ZE-BR,B-ZO-BR,S-ZE-BR,B-ZE-BR,S-ZB-BR,B-ZE-BO,S-ZH-BR,S-ZD-BR,S-ZD-BO,S-ZE-BR,B-ZD-BO,S-ZE-BO,B-ZE-BO,S-ZD-BR,B-ZE-BR
358,2003.03.05 00:00,NZDUSD,60,86400,BUY,ZE,1,0.56310,0.55580,730.0,0.56330,0.55970,360.0,49.315,53.42,340.0,172.3,0.56310,0.55970,0.56670,BOUNCE,2003.03.05 02:00,1,2003.03.10 02:00,1,2003.03.11 02:00,1,2003.03.11 20:00,3,6d 18h,Asia,NA,,NA,,0.55240,BREAK,2003.03.11 20:00,0,,0,,0,,0,NA,NewYork,BREAK,2003.03.12 16:00,BREAK,2003.03.13 02:00,0.56650,BOUNCE,2003.03.05 02:00,1,2003.03.11 02:00,1,2003.03.11 20:00,0,,2,6d 18h,Asia,NA,,NA,,0.55630,BREAK,2003.03.11 02:00,0,,0,,0,,0,NA,Asia,BREAK,2003.03.12 02:00,BOUNCE,2003.03.12 12:00,S-ZD-BO,S-ZO-BR,B-ZE-UN,B-ZE-BR,B-ZD-BO,S-ZH-BR,B-ZE-BR,B-ZO-BR,S-ZE-BR,B-ZE-BR,S-ZH-BR,S-ZD-BR,S-ZD-BO,S-ZE-BR,B-ZD-BO,S-ZE-BO,B-ZE-BO,S-ZD-BR,B-ZE-BR,S-ZO-BR
359,2003.03.08 00:00,NZDUSD,60,86400,SELL,ZH,0,0.56800,0.56300,500.0,0.56770,0.56060,710.0,142.000,6.00,470.0,118.0,0.56770,0.56300,0.55590,BREAK,2003.03.11 02:00,0,,0,,0,,0,NA,Asia,BREAK,2003.03.12 02:00,BOUNCE,2003.03.12 16:00,0.57270,UNTOUCHED,,0,,0,,0,,0,NA,Other,NA,,NA,,0.55830,BREAK,2003.03.11 02:00,0,,0,,0,,0,NA,Asia,BREAK,2003.03.11 20:00,BREAK,2003.03.12 02:00,0.57240,UNTOUCHED,,0,,0,,0,,0,NA,Other,NA,,NA,,B-ZE-BO,S-ZD-BO,S-ZO-BR,B-ZE-UN,B-ZE-BR,B-ZD-BO,S-ZH-BR,B-ZE-BR,B-ZO-BR,S-ZE-BR,S-ZD-BR,S-ZD-BO,S-ZE-BR,B-ZD-BO,S-ZE-BO,B-ZE-BO,S-ZD-BR,B-ZE-BR,S-ZO-BR,S-ZD-BR
360,2003.03.12 00:00,NZDUSD,60,86400,SELL,ZD,1,0.56460,0.55860,600.0,0.56140,0.55200,940.0,156.667,53.33,280.0,141.6,0.56140,0.55860,0.54920,BREAK,2003.03.12 02:00,0,,0,,0,,0,NA,Asia,BOUNCE,2003.03.12 16:00,NA,,0.56740,UNTOUCHED,,0,,0,,0,,0,NA,Other,NA,,NA,,0.55580,BREAK,2003.03.12 00:00,0,,0,,0,,0,NA,Asia,BREAK,2003.03.12 02:00,BOUNCE,2003.03.12 12:00,0.56420,UNTOUCHED,,0,,0,,0,,0,NA,Other,NA,,NA,,S-ZH-BR,B-ZE-BO,S-ZD-BO,S-ZO-BR,B-ZE-UN,B-ZE-BR,B-ZD-BO,S-ZH-BR,B-ZE-BR,B-ZO-BR,S-ZD-BO,S-ZE-BR,B-ZD-BO,S-ZE-BO,B-ZE-BO,S-ZD-BR,B-ZE-BR,S-ZO-BR,S-ZD-BR,S-ZB-BR
361,2003.03.13 00:00,NZDUSD,60,86400,SELL,ZD,1,0.56140,0.55200,940.0,0.55530,0.54620,910.0,96.809,64.89,330.0,221.8,0.55530,0.55200,0.54290,BOUNCE,2003.03.13 02:00,1,2003.03.14 02:00,1,2003.04.22 01:00,0,,2,5w 4d,Asia,NA,,NA,,0.56470,UNTOUCHED,,0,,0,,0,,0,NA,Other,NA,,NA,,0.54870,BREAK,2003.03.13 00:00,0,,0,,0,,0,NA,Asia,BREAK,2003.03.13 02:00,BOUNCE,2003.03.13 03:00,0.55860,BREAK,2003.04.22 01:00,0,,0,,0,,0,NA,Asia,BOUNCE,2003.04.23 01:00,NA,,S-ZD-BR,S-ZH-BR,B-ZE-BO,S-ZD-BO,S-ZO-BR,B-ZE-UN,B-ZE-BR,B-ZD-BO,S-ZH-BR,B-ZE-BR,S-ZE-BR,B-ZD-BO,S-ZE-BO,B-ZE-BO,S-ZD-BR,B-ZE-BR,S-ZO-BR,S-ZD-BR,S-ZB-BR,B-ZD-BR
362,2003.03.14 00:00,NZDUSD,60,86400,SELL,ZE,1,0.55530,0.54620,910.0,0.54900,0.54130,770.0,84.615,69.23,280.0,214.8,0.54900,0.54620,0.53850,BREAK,2003.04.07 01:00,0,,0,,0,,0,NA,Asia,BREAK,2003.04.07 08:00,BOUNCE,2003.04.07 15:00,0.55810,BREAK,2003.04.22 01:00,0,,0,,0,,0,NA,Asia,BOUNCE,2003.04.23 01:00,NA,,0.54340,BOUNCE,2003.03.18 02:00,1,2003.03.20 02:00,1,2003.04.22 01:00,0,,2,4w 6d,Asia,NA,,NA,,0.55180,BOUNCE,2003.03.14 02:00,1,2003.03.18 02:00,1,2003.03.18 02:00,0,,2,4d 0h,Asia,NA,,NA,,S-ZD-BO,S-ZD-BR,S-ZH-BR,B-ZE-BO,S-ZD-BO,S-ZO-BR,B-ZE-UN,B-ZE-BR,B-ZD-BO,S-ZH-BR,B-ZD-BO,S-ZE-BO,B-ZE-BO,S-ZD-BR,B-ZE-BR,S-ZO-BR,S-ZD-BR,S-ZB-BR,B-ZD-BR,B-ZD-BR
363,2003.03.15 00:00,NZDUSD,60,86400,BUY,ZD,1,0.54900,0.54130,770.0,0.55210,0.54550,660.0,85.714,54.55,350.0,181.7,0.54900,0.54550,0.55560,BOUNCE,2003.03.17 02:00,1,2003.03.17 19:00,1,2003.04.04 01:00,1,2003.04.07 01:00,3,2w 6d,Asia,NA,,NA,,0.53780,BREAK,2003.04.07 01:00,0,,0,,0,,0,NA,Asia,BREAK,2003.04.07 09:00,UNTOUCHED,,0.55250,BREAK,2003.03.17 02:00,0,,0,,0,,0,NA,Asia,BOUNCE,2003.03.17 13:00,NA,,0.54200,BREAK,2003.04.04 01:00,0,,0,,0,,0,NA,Asia,BREAK,2003.04.07 01:00,BREAK,2003.04.07 09:00,S-ZE-BR,S-ZD-BO,S-ZD-BR,S-ZH-BR,B-ZE-BO,S-ZD-BO,S-ZO-BR,B-ZE-UN,B-ZE-BR,B-ZD-BO,S-ZE-BO,B-ZE-BO,S-ZD-BR,B-ZE-BR,S-ZO-BR,S-ZD-BR,S-ZB-BR,B-ZD-BR,B-ZD-BR,B-ZO-BR
364,2003.03.19 00:00,NZDUSD,60,86400,SELL,ZE,1,0.55650,0.54760,890.0,0.55080,0.54330,750.0,84.270,64.04,320.0,210.0,0.55080,0.54760,0.54010,BOUNCE,2003.04.04 01:00,1,2003.04.04 02:00,1,2003.04.15 01:00,1,2003.04.22 01:00,3,2w 4d,Asia,NA,,NA,,0.55970,BREAK,2003.04.22 01:00,0,,0,,0,,0,NA,Asia,BOUNCE,2003.05.01 01:00,NA,,0.54440,BREAK,2003.04.04 01:00,0,,0,,0,,0,NA,Asia,BREAK,2003.04.04 22:00,BREAK,2003.04.07 01:00,0.55400,BOUNCE,2003.03.20 02:00,1,2003.04.04 01:00,1,2003.04.04 01:00,0,,2,2w 0d,Asia,NA,,NA,,B-ZD-BO,S-ZE-BR,S-ZD-BO,S-ZD-BR,S-ZH-BR,B-ZE-BO,S-ZD-BO,S-ZO-BR,B-ZE-UN,B-ZE-BR,B-ZE-BO,S-ZD-BR,B-ZE-BR,S-ZO-BR,S-ZD-BR,S-ZB-BR,B-ZD-BR,B-ZD-BR,B-ZO-BR,S-ZO-UN
365,2003.03.20 00:00,NZDUSD,60,86400,BUY,ZE,1,0.55080,0.54330,750.0,0.55170,0.54670,500.0,66.667,45.33,410.0,177.0,0.55080,0.54670,0.55580,BOUNCE,2003.04.01 01:00,1,2003.04.03 01:00,1,2003.04.04 01:00,1,2003.04.04 01:00,3,3d 0h,Asia,NA,,NA,,0.53920,BOUNCE,2003.04.04 01:00,1,2003.04.04 02:00,1,2003.04.16 01:00,1,2003.04.16 01:00,3,1w 5d,Asia,NA,,NA,,0.55490,BOUNCE,2003.03.20 13:00,1,2003.04.04 01:00,1,2003.04.04 01:00,0,,2,2w 0d,NewYork,NA,,NA,,0.54260,BREAK,2003.04.04 01:00,0,,0,,0,,0,NA,Asia,BREAK,2003.04.07 01:00,BREAK,2003.04.07 09:00,S-ZE-BO,B-ZD-BO,S-ZE-BR,S-ZD-BO,S-ZD-BR,S-ZH-BR,B-ZE-BO,S-ZD-BO,S-ZO-BR,B-ZE-UN,S-ZD-BR,B-ZE-BR,S-ZO-BR,S-ZD-BR,S-ZB-BR,B-ZD-BR,B-ZD-BR,B-ZO-BR,S-ZO-UN,B-ZH-BO
366,2003.03.27 00:00,NZDUSD,60,86400,SELL,ZD,1,0.55560,0.54880,680.0,0.55150,0.54560,590.0,86.765,60.29,270.0,160.5,0.55150,0.54880,0.54290,BREAK,2003.04.04 01:00,0,,0,,0,,0,NA,Asia,BREAK,2003.04.07 01:00,BREAK,2003.04.07 04:00,0.55830,BREAK,2003.04.22 01:00,0,,0,,0,,0,NA,Asia,BOUNCE,2003.04.23 01:00,NA,,0.54610,BOUNCE,2003.03.27 02:00,1,2003.03.31 02:00,1,2003.04.22 01:00,0,,2,3w 4d,Asia,NA,,NA,,0.55420,BOUNCE,2003.03.31 02:00,1,2003.04.03 01:00,1,2003.04.03 01:00,0,,2,2d 23h,Asia,NA,,NA,,B-ZE-BO,S-ZE-BO,B-ZD-BO,S-ZE-BR,S-ZD-BO,S-ZD-BR,S-ZH-BR,B-ZE-BO,S-ZD-BO,S-ZO-BR,B-ZE-BR,S-ZO-BR,S-ZD-BR,S-ZB-BR,B-ZD-BR,B-ZD-BR,B-ZO-BR,S-ZO-UN,B-ZH-BO,B-ZD-BO
367,2003.04.02 00:00,NZDUSD,60,86400,BUY,ZE,1,0.55540,0.55010,530.0,0.55650,0.55230,420.0,79.245,41.51,310.0,125.1,0.55540,0.55230,0.55960,BREAK,2003.04.22 01:00,0,,0,,0,,0,NA,Asia,BREAK,2003.05.01 01:00,BREAK,2003.05.05 01:00,0.54700,BREAK,2003.04.03 01:00,0,,0,,0,,0,NA,Asia,BREAK,2003.04.04 01:00,BREAK,2003.04.04 22:00,0.55850,BREAK,2003.04.22 01:00,0,,0,,0,,0,NA,Asia,BOUNCE,2003.04.23 01:00,NA,,0.54920,BOUNCE,2003.04.02 01:00,1,2003.04.22 01:00,1,2003.04.22 01:00,0,,2,2w 6d,Asia,NA,,NA,,S-ZD-BR,B-ZE-BO,S-ZE-BO,B-ZD-BO,S-ZE-BR,S-ZD-BO,S-ZD-BR,S-ZH-BR,B-ZE-BO,S-ZD-BO,S-ZO-BR,S-ZD-BR,S-ZB-BR,B-ZD-BR,B-ZD-BR,B-ZO-BR,S-ZO-UN,B-ZH-BO,B-ZD-BO,S-ZE-UN
368,2003.04.03 00:00,NZDUSD,60,86400,SELL,ZO,1,0.55650,0.55230,420.0,0.55630,0.54910,720.0,171.429,4.76,400.0,99.1,0.55630,0.55230,0.54510,BREAK,2003.04.04 01:00,0,,0,,0,,0,NA,Asia,BREAK,2003.04.04 22:00,BREAK,2003.04.07 01:00,0.56050,BREAK,2003.04.22 01:00,0,,0,,0,,0,NA,Asia,BREAK,2003.05.05 01:00,BREAK,2003.05.06 01:00,0.54830,BREAK,2003.04.03 01:00,0,,0,,0,,0,NA,Asia,BREAK,2003.04.04 01:00,BREAK,2003.04.04 22:00,0.56030,BREAK,2003.04.22 01:00,0,,0,,0,,0,NA,Asia,BOUNCE,2003.05.01 01:00,NA,,B-ZE-BR,S-ZD-BR,B-ZE-BO,S-ZE-BO,B-ZD-BO,S-ZE-BR,S-ZD-BO,S-ZD-BR,S-ZH-BR,B-ZE-BO,S-ZD-BR,S-ZB-BR,B-ZD-BR,B-ZD-BR,B-ZO-BR,S-ZO-UN,B-ZH-BO,B-ZD-BO,S-ZE-UN,B-ZH-BR
369,2003.04.04 00:00,NZDUSD,60,86400,SELL,ZD,1,0.55630,0.54910,720.0,0.55320,0.54540,780.0,108.333,43.06,410.0,169.9,0.55320,0.54910,0.54130,BREAK,2003.04.04 01:00,0,,0,,0,,0,NA,Asia,BREAK,2003.04.07 01:00,BOUNCE,2003.04.07 16:00,0.56040,BREAK,2003.04.22 01:00,0,,0,,0,,0,NA,Asia,BREAK,2003.05.05 01:00,BREAK,2003.05.06 01:00,0.54500,BREAK,2003.04.04 01:00,0,,0,,0,,0,NA,Asia,BREAK,2003.04.04 22:00,BREAK,2003.04.07 01:00,0.55730,BOUNCE,2003.04.16 01:00,0,,0,,0,,0,NA,Asia,NA,,NA,,S-ZO-BR,B-ZE-BR,S-ZD-BR,B-ZE-BO,S-ZE-BO,B-ZD-BO,S-ZE-BR,S-ZD-BO,S-ZD-BR,S-ZH-BR,S-ZB-BR,B-ZD-BR,B-ZD-BR,B-ZO-BR,S-ZO-UN,B-ZH-BO,B-ZD-BO,S-ZE-UN,B-ZH-BR,B-ZD-BO
370,2003.04.05 00:00,NZDUSD,60,86400,SELL,ZB,1,0.55320,0.54540,780.0,0.54930,0.53870,1060.0,135.897,50.00,390.0,184.1,0.54930,0.54540,0.53480,BREAK,2003.04.07 01:00,0,,0,,0,,0,NA,Asia,UNTOUCHED,,NA,,0.55710,BOUNCE,2003.04.16 01:00,0,,0,,0,,0,NA,Asia,NA,,NA,,0.54150,BREAK,2003.04.05 00:00,0,,0,,0,,0,NA,Asia,BREAK,2003.04.07 04:00,BOUNCE,2003.04.07 18:00,0.55320,BOUNCE,2003.04.15 01:00,0,,0,,0,,0,NA,Asia,NA,,NA,,S-ZD-BR,S-ZO-BR,B-ZE-BR,S-ZD-BR,B-ZE-BO,S-ZE-BO,B-ZD-BO,S-ZE-BR,S-ZD-BO,S-ZD-BR,B-ZD-BR,B-ZD-BR,B-ZO-BR,S-ZO-UN,B-ZH-BO,B-ZD-BO,S-ZE-UN,B-ZH-BR,B-ZD-BO,B-ZD-BO
371,2003.04.09 00:00,NZDUSD,60,86400,BUY,ZD,1,0.54270,0.53210,1060.0,0.54590,0.53910,680.0,64.151,66.04,360.0,250.2,0.54270,0.53910,0.54950,BREAK,2003.04.15 01:00,0,,0,,0,,0,NA,Asia,BREAK,2003.04.16 01:00,BREAK,2003.04.22 01:00,0.52850,UNTOUCHED,,0,,0,,0,,0,NA,Other,NA,,NA,,0.54630,BOUNCE,2003.04.09 01:00,0,,0,,0,,0,NA,Asia,NA,,NA,,0.53550,UNTOUCHED,,0,,0,,0,,0,NA,Other,NA,,NA,,S-ZB-BR,S-ZD-BR,S-ZO-BR,B-ZE-BR,S-ZD-BR,B-ZE-BO,S-ZE-BO,B-ZD-BO,S-ZE-BR,S-ZD-BO,B-ZD-BR,B-ZO-BR,S-ZO-UN,B-ZH-BO,B-ZD-BO,S-ZE-UN,B-ZH-BR,B-ZD-BO,B-ZD-BO,B-ZO-BO
372,2003.04.10 00:00,NZDUSD,60,86400,BUY,ZD,1,0.54590,0.53910,680.0,0.54860,0.54350,510.0,75.000,64.71,240.0,160.5,0.54590,0.54350,0.55100,BREAK,2003.04.15 01:00,0,,0,,0,,0,NA,Asia,BREAK,2003.04.16 01:00,BREAK,2003.04.16 14:00,0.53670,UNTOUCHED,,0,,0,,0,,0,NA,Other,NA,,NA,,0.54830,BOUNCE,2003.04.10 00:00,0,,0,,0,,0,NA,Asia,NA,,NA,,0.54110,UNTOUCHED,,0,,0,,0,,0,NA,Other,NA,,NA,,B-ZD-BR,S-ZB-BR,S-ZD-BR,S-ZO-BR,B-ZE-BR,S-ZD-BR,B-ZE-BO,S-ZE-BO,B-ZD-BO,S-ZE-BR,B-ZO-BR,S-ZO-UN,B-ZH-BO,B-ZD-BO,S-ZE-UN,B-ZH-BR,B-ZD-BO,B-ZD-BO,B-ZO-BO,B-ZD-BO
373,2003.04.11 00:00,NZDUSD,60,86400,BUY,ZO,0,0.54860,0.54350,510.0,0.54870,0.54520,350.0,68.627,33.33,340.0,120.4,0.54860,0.54520,0.55210,BREAK,2003.04.15 01:00,0,,0,,0,,0,NA,Asia,BREAK,2003.04.16 01:00,BREAK,2003.04.22 01:00,0.54010,UNTOUCHED,,0,,0,,0,,0,NA,Other,NA,,NA,,0.55200,BREAK,2003.04.15 01:00,0,,0,,0,,0,NA,Asia,BREAK,2003.04.16 01:00,BREAK,2003.04.22 01:00,0.54180,UNTOUCHED,,0,,0,,0,,0,NA,Other,NA,,NA,,B-ZD-BR,B-ZD-BR,S-ZB-BR,S-ZD-BR,S-ZO-BR,B-ZE-BR,S-ZD-BR,B-ZE-BO,S-ZE-BO,B-ZD-BO,S-ZO-UN,B-ZH-BO,B-ZD-BO,S-ZE-UN,B-ZH-BR,B-ZD-BO,B-ZD-BO,B-ZO-BO,B-ZD-BO,B-ZO-BR
374,2003.04.12 00:00,NZDUSD,60,86400,SELL,ZO,1,0.54870,0.54520,350.0,0.54800,0.54270,530.0,151.429,20.00,280.0,82.6,0.54800,0.54520,0.53990,UNTOUCHED,,0,,0,,0,,0,NA,Other,NA,,NA,,0.55150,BREAK,2003.04.15 01:00,0,,0,,0,,0,NA,Asia,BOUNCE,2003.04.15 23:00,NA,,0.54240,UNTOUCHED,,0,,0,,0,,0,NA,Other,NA,,NA,,0.55080,BREAK,2003.04.15 01:00,0,,0,,0,,0,NA,Asia,BREAK,2003.04.15 21:00,BREAK,2003.04.16 01:00,B-ZO-BR,B-ZD-BR,B-ZD-BR,S-ZB-BR,S-ZD-BR,S-ZO-BR,B-ZE-BR,S-ZD-BR,B-ZE-BO,S-ZE-BO,B-ZH-BO,B-ZD-BO,S-ZE-UN,B-ZH-BR,B-ZD-BO,B-ZD-BO,B-ZO-BO,B-ZD-BO,B-ZO-BR,S-ZF-UN
375,2003.04.16 00:00,NZDUSD,60,86400,BUY,ZH,1,0.54860,0.54330,530.0,0.55470,0.54530,940.0,177.358,37.74,330.0,125.1,0.54860,0.54530,0.55800,BOUNCE,2003.04.16 01:00,1,2003.04.24 00:00,0,,0,,1,1w 0d,Asia,NA,,NA,,0.54000,UNTOUCHED,,0,,0,,0,,0,NA,Other,NA,,NA,,0.55190,BREAK,2003.04.16 00:00,0,,0,,0,,0,NA,Asia,BREAK,2003.04.16 01:00,BREAK,2003.04.22 01:00,0.54200,UNTOUCHED,,0,,0,,0,,0,NA,Other,NA,,NA,,S-ZO-UN,B-ZO-BR,B-ZD-BR,B-ZD-BR,S-ZB-BR,S-ZD-BR,S-ZO-BR,B-ZE-BR,S-ZD-BR,B-ZE-BO,B-ZD-BO,S-ZE-UN,B-ZH-BR,B-ZD-BO,B-ZD-BO,B-ZO-BO,B-ZD-BO,B-ZO-BR,S-ZF-UN,B-ZO-PE
376,2003.04.17 00:00,NZDUSD,60,86400,BUY,ZD,1,0.55470,0.54530,940.0,0.55800,0.55210,590.0,62.766,72.34,260.0,221.8,0.55470,0.55210,0.56060,BOUNCE,2003.04.22 01:00,1,2003.04.22 02:00,0,,0,,1,1h,Asia,NA,,NA,,0.54270,UNTOUCHED,,0,,0,,0,,0,NA,Other,NA,,NA,,0.55730,BOUNCE,2003.04.17 00:00,0,,0,,0,,0,NA,Asia,NA,,NA,,0.54950,UNTOUCHED,,0,,0,,0,,0,NA,Other,NA,,NA,,B-ZH-BO,S-ZO-UN,B-ZO-BR,B-ZD-BR,B-ZD-BR,S-ZB-BR,S-ZD-BR,S-ZO-BR,B-ZE-BR,S-ZD-BR,S-ZE-UN,B-ZH-BR,B-ZD-BO,B-ZD-BO,B-ZO-BO,B-ZD-BO,B-ZO-BR,S-ZF-UN,B-ZO-PE,S-ZE-BR
377,2003.04.26 00:00,NZDUSD,60,86400,SELL,ZE,1,0.55910,0.55140,770.0,0.55570,0.55020,550.0,71.429,44.16,430.0,181.7,0.55570,0.55140,0.54590,UNTOUCHED,,0,,0,,0,,0,NA,Other,NA,,NA,,0.56340,BREAK,2003.05.01 01:00,0,,0,,0,,0,NA,Asia,BREAK,2003.05.06 01:00,BREAK,2003.05.06 21:00,0.54710,UNTOUCHED,,0,,0,,0,,0,NA,Other,NA,,NA,,0.56000,BREAK,2003.04.30 01:00,0,,0,,0,,0,NA,Asia,BOUNCE,2003.05.01 01:00,NA,,B-ZD-BO,B-ZH-BO,S-ZO-UN,B-ZO-BR,B-ZD-BR,B-ZD-BR,S-ZB-BR,S-ZD-BR,S-ZO-BR,B-ZE-BR,B-ZH-BR,B-ZD-BO,B-ZD-BO,B-ZO-BO,B-ZD-BO,B-ZO-BR,S-ZF-UN,B-ZO-PE,S-ZE-BR,B-ZH-PE
378,2003.04.30 00:00,NZDUSD,60,86400,BUY,ZH,0,0.55860,0.55340,520.0,0.55920,0.55450,470.0,90.385,21.15,410.0,122.7,0.55860,0.55450,0.56330,BREAK,2003.05.01 01:00,0,,0,,0,,0,NA,Asia,BREAK,2003.05.06 01:00,BREAK,2003.05.06 21:00,0.54930,UNTOUCHED,,0,,0,,0,,0,NA,Other,NA,,NA,,0.56270,BREAK,2003.05.01 01:00,0,,0,,0,,0,NA,Asia,BREAK,2003.05.05 01:00,BREAK,2003.05.06 01:00,0.55040,UNTOUCHED,,0,,0,,0,,0,NA,Other,NA,,NA,,S-ZE-UN,B-ZD-BO,B-ZH-BO,S-ZO-UN,B-ZO-BR,B-ZD-BR,B-ZD-BR,S-ZB-BR,S-ZD-BR,S-ZO-BR,B-ZD-BO,B-ZD-BO,B-ZO-BO,B-ZD-BO,B-ZO-BR,S-ZF-UN,B-ZO-PE,S-ZE-BR,B-ZH-PE,S-ZD-PE
379,2003.05.01 00:00,NZDUSD,60,86400,BUY,ZD,1,0.55920,0.55450,470.0,0.56220,0.55780,440.0,93.617,70.21,140.0,110.9,0.55920,0.55780,0.56360,BOUNCE,2003.05.01 01:00,1,2003.05.01 04:00,0,,0,,1,3h,Asia,NA,,NA,,0.55310,UNTOUCHED,,0,,0,,0,,0,NA,Other,NA,,NA,,0.56060,BREAK,2003.05.01 00:00,0,,0,,0,,0,NA,Asia,BREAK,2003.05.01 01:00,BOUNCE,2003.05.01 16:00,0.55640,UNTOUCHED,,0,,0,,0,,0,NA,Other,NA,,NA,,B-ZH-BR,S-ZE-UN,B-ZD-BO,B-ZH-BO,S-ZO-UN,B-ZO-BR,B-ZD-BR,B-ZD-BR,S-ZB-BR,S-ZD-BR,B-ZD-BO,B-ZO-BO,B-ZD-BO,B-ZO-BR,S-ZF-UN,B-ZO-PE,S-ZE-BR,B-ZH-PE,S-ZD-PE,S-ZO-PE
380,2003.05.02 00:00,NZDUSD,60,86400,BUY,ZD,1,0.56220,0.55780,440.0,0.56440,0.55950,490.0,111.364,38.64,270.0,103.8,0.56220,0.55950,0.56710,BOUNCE,2003.05.05 01:00,0,,0,,0,,0,NA,Asia,NA,,NA,,0.55510,UNTOUCHED,,0,,0,,0,,0,NA,Other,NA,,NA,,0.56490,BREAK,2003.05.05 01:00,0,,0,,0,,0,NA,Asia,BREAK,2003.05.06 01:00,BOUNCE,2003.05.06 15:00,0.55680,UNTOUCHED,,0,,0,,0,,0,NA,Other,NA,,NA,,B-ZD-BO,B-ZH-BR,S-ZE-UN,B-ZD-BO,B-ZH-BO,S-ZO-UN,B-ZO-BR,B-ZD-BR,B-ZD-BR,S-ZB-BR,B-ZO-BO,B-ZD-BO,B-ZO-BR,S-ZF-UN,B-ZO-PE,S-ZE-BR,B-ZH-PE,S-ZD-PE,S-ZO-PE,S-ZO-PE
381,2003.05.03 00:00,NZDUSD,60,86400,BUY,ZO,0,0.56440,0.55950,490.0,0.56450,0.56110,340.0,69.388,32.65,330.0,115.6,0.56440,0.56110,0.56780,BOUNCE,2003.05.05 01:00,0,,0,,0,,0,NA,Asia,NA,,NA,,0.55620,UNTOUCHED,,0,,0,,0,,0,NA,Other,NA,,NA,,0.56770,BOUNCE,2003.05.05 01:00,0,,0,,0,,0,NA,Asia,NA,,NA,,0.55780,UNTOUCHED,,0,,0,,0,,0,NA,Other,NA,,NA,,B-ZD-BO,B-ZD-BO,B-ZH-BR,S-ZE-UN,B-ZD-BO,B-ZH-BO,S-ZO-UN,B-ZO-BR,B-ZD-BR,B-ZD-BR,B-ZD-BO,B-ZO-BR,S-ZF-UN,B-ZO-PE,S-ZE-BR,B-ZH-PE,S-ZD-PE,S-ZO-PE,S-ZO-PE,B-ZG-BO
382,2003.05.07 00:00,NZDUSD,60,86400,BUY,ZD,1,0.56830,0.56240,590.0,0.57520,0.56600,920.0,155.932,61.02,230.0,139.2,0.56830,0.56600,0.57750,BOUNCE,2003.05.09 01:00,1,2003.05.14 01:00,0,,0,,1,5d 0h,Asia,NA,,NA,,0.56010,UNTOUCHED,,0,,0,,0,,0,NA,Other,NA,,NA,,0.57060,BREAK,2003.05.07 00:00,0,,0,,0,,0,NA,Asia,BREAK,2003.05.07 01:00,BOUNCE,2003.05.08 01:00,0.56370,UNTOUCHED,,0,,0,,0,,0,NA,Other,NA,,NA,,B-ZO-BO,B-ZD-BO,B-ZD-BO,B-ZH-BR,S-ZE-UN,B-ZD-BO,B-ZH-BO,S-ZO-UN,B-ZO-BR,B-ZD-BR,B-ZO-BR,S-ZF-UN,B-ZO-PE,S-ZE-BR,B-ZH-PE,S-ZD-PE,S-ZO-PE,S-ZO-PE,B-ZG-BO,B-ZO-PE
383,2003.05.09 00:00,NZDUSD,60,86400,BUY,ZO,0,0.57530,0.56430,1100.0,0.57640,0.56580,1060.0,96.364,13.64,950.0,259.6,0.57530,0.56580,0.58590,BREAK,2003.05.19 01:00,0,,0,,0,,0,NA,Asia,PENDING,,NA,,0.55480,UNTOUCHED,,0,,0,,0,,0,NA,Other,NA,,NA,,0.58480,BREAK,2003.05.19 01:00,0,,0,,0,,0,NA,Asia,UNTOUCHED,,NA,,0.55630,UNTOUCHED,,0,,0,,0,,0,NA,Other,NA,,NA,,B-ZD-BO,B-ZO-BO,B-ZD-BO,B-ZD-BO,B-ZH-BR,S-ZE-UN,B-ZD-BO,B-ZH-BO,S-ZO-UN,B-ZO-BR,S-ZF-UN,B-ZO-PE,S-ZE-BR,B-ZH-PE,S-ZD-PE,S-ZO-PE,S-ZO-PE,B-ZG-BO,B-ZO-PE,S-ZH-PE
384,2003.05.14 00:00,NZDUSD,60,86400,SELL,ZF,1,0.58230,0.57730,500.0,0.58150,0.57370,780.0,156.000,16.00,420.0,118.0,0.58150,0.57730,0.56950,UNTOUCHED,,0,,0,,0,,0,NA,Other,NA,,NA,,0.58650,BOUNCE,2003.05.19 01:00,1,2003.05.28 01:00,1,2003.05.28 01:00,0,,2,1w 2d,Asia,NA,,NA,,0.57310,BREAK,2003.05.14 01:00,0,,0,,0,,0,NA,Asia,UNTOUCHED,,NA,,0.58570,BOUNCE,2003.05.19 01:00,1,2003.05.28 01:00,1,2003.05.28 01:00,0,,2,1w 2d,Asia,NA,,NA,,B-ZO-BR,B-ZD-BO,B-ZO-BO,B-ZD-BO,B-ZD-BO,B-ZH-BR,S-ZE-UN,B-ZD-BO,B-ZH-BO,S-ZO-UN,B-ZO-PE,S-ZE-BR,B-ZH-PE,S-ZD-PE,S-ZO-PE,S-ZO-PE,B-ZG-BO,B-ZO-PE,S-ZH-PE,B-ZO-PE
385,2003.05.21 00:00,NZDUSD,60,86400,BUY,ZO,0,0.58680,0.58130,550.0,0.58770,0.58150,620.0,112.727,3.64,530.0,129.8,0.58680,0.58150,0.59300,PENDING,,0,,0,,0,,0,NA,Other,NA,,NA,,0.57600,BREAK,2003.05.28 01:00,0,,0,,0,,0,NA,Asia,BOUNCE,2003.05.29 01:00,NA,,0.59210,PENDING,,0,,0,,0,,0,NA,Other,NA,,NA,,0.57620,BREAK,2003.05.28 01:00,0,,0,,0,,0,NA,Asia,BOUNCE,2003.05.29 01:00,NA,,S-ZF-UN,B-ZO-BR,B-ZD-BO,B-ZO-BO,B-ZD-BO,B-ZD-BO,B-ZH-BR,S-ZE-UN,B-ZD-BO,B-ZH-BO,S-ZE-BR,B-ZH-PE,S-ZD-PE,S-ZO-PE,S-ZO-PE,B-ZG-BO,B-ZO-PE,S-ZH-PE,B-ZO-PE,S-ZH-PE
386,2003.05.23 00:00,NZDUSD,60,86400,SELL,ZE,1,0.58900,0.57980,920.0,0.58410,0.57910,500.0,54.348,53.26,430.0,217.1,0.58410,0.57980,0.57480,BREAK,2003.05.28 01:00,0,,0,,0,,0,NA,Asia,PENDING,,NA,,0.59330,PENDING,,0,,0,,0,,0,NA,Other,NA,,NA,,0.57550,BREAK,2003.05.28 01:00,0,,0,,0,,0,NA,Asia,BOUNCE,2003.05.29 01:00,NA,,0.58840,BOUNCE,2003.06.25 01:00,0,,0,,0,,0,NA,Asia,NA,,NA,,B-ZO-PE,S-ZF-UN,B-ZO-BR,B-ZD-BO,B-ZO-BO,B-ZD-BO,B-ZD-BO,B-ZH-BR,S-ZE-UN,B-ZD-BO,B-ZH-PE,S-ZD-PE,S-ZO-PE,S-ZO-PE,B-ZG-BO,B-ZO-PE,S-ZH-PE,B-ZO-PE,S-ZH-PE,
387,2003.05.24 00:00,NZDUSD,60,86400,BUY,ZH,0,0.58410,0.57910,500.0,0.58670,0.58000,670.0,134.000,18.00,410.0,118.0,0.58410,0.58000,0.59080,PENDING,,0,,0,,0,,0,NA,Other,NA,,NA,,0.57500,BREAK,2003.05.28 01:00,0,,0,,0,,0,NA,Asia,BOUNCE,2003.05.29 01:00,NA,,0.58820,BOUNCE,2003.06.25 01:00,0,,0,,0,,0,NA,Asia,NA,,NA,,0.57590,BREAK,2003.05.28 01:00,0,,0,,0,,0,NA,Asia,BOUNCE,2003.05.28 15:00,NA,,S-ZE-BR,B-ZO-PE,S-ZF-UN,B-ZO-BR,B-ZD-BO,B-ZO-BO,B-ZD-BO,B-ZD-BO,B-ZH-BR,S-ZE-UN,S-ZD-PE,S-ZO-PE,S-ZO-PE,B-ZG-BO,B-ZO-PE,S-ZH-PE,B-ZO-PE,S-ZH-PE,,
388,2003.05.29 00:00,NZDUSD,60,86400,SELL,ZD,1,0.58730,0.58080,650.0,0.58290,0.57170,1120.0,172.308,67.69,210.0,153.4,0.58290,0.58080,0.56960,PENDING,,0,,0,,0,,0,NA,Other,NA,,NA,,0.58940,PENDING,,0,,0,,0,,0,NA,Other,NA,,NA,,0.57870,BREAK,2003.05.29 00:00,0,,0,,0,,0,NA,Asia,BREAK,2003.05.29 01:00,BREAK,2003.05.29 05:00,0.58500,BOUNCE,2003.06.17 01:00,1,2003.06.26 01:00,1,2003.06.26 01:00,0,,2,1w 2d,Asia,NA,,NA,,B-ZH-PE,S-ZE-BR,B-ZO-PE,S-ZF-UN,B-ZO-BR,B-ZD-BO,B-ZO-BO,B-ZD-BO,B-ZD-BO,B-ZH-BR,S-ZO-PE,S-ZO-PE,B-ZG-BO,B-ZO-PE,S-ZH-PE,B-ZO-PE,S-ZH-PE,,,
389,2003.05.30 00:00,NZDUSD,60,86400,SELL,ZO,0,0.58290,0.57170,1120.0,0.57970,0.57060,910.0,81.250,28.57,800.0,264.3,0.57970,0.57170,0.56260,PENDING,,0,,0,,0,,0,NA,Other,NA,,NA,,0.59090,PENDING,,0,,0,,0,,0,NA,Other,NA,,NA,,0.56370,PENDING,,0,,0,,0,,0,NA,Other,NA,,NA,,0.58770,BOUNCE,2003.06.23 01:00,0,,0,,0,,0,NA,Asia,NA,,NA,,S-ZD-PE,B-ZH-PE,S-ZE-BR,B-ZO-PE,S-ZF-UN,B-ZO-BR,B-ZD-BO,B-ZO-BO,B-ZD-BO,B-ZD-BO,S-ZO-PE,B-ZG-BO,B-ZO-PE,S-ZH-PE,B-ZO-PE,S-ZH-PE,,,,
390,2003.06.06 00:00,NZDUSD,60,86400,SELL,ZO,0,0.58490,0.57740,750.0,0.58460,0.57380,1080.0,144.000,4.00,720.0,177.0,0.58460,0.57740,0.56660,PENDING,,0,,0,,0,,0,NA,Other,NA,,NA,,0.59210,PENDING,,0,,0,,0,,0,NA,Other,NA,,NA,,0.57020,PENDING,,0,,0,,0,,0,NA,Other,NA,,NA,,0.59180,PENDING,,0,,0,,0,,0,NA,Other,NA,,NA,,S-ZO-PE,S-ZD-PE,B-ZH-PE,S-ZE-BR,B-ZO-PE,S-ZF-UN,B-ZO-BR,B-ZD-BO,B-ZO-BO,B-ZD-BO,B-ZG-BO,B-ZO-PE,S-ZH-PE,B-ZO-PE,S-ZH-PE,,,,,
391,2003.06.14 00:00,NZDUSD,60,86400,BUY,ZG,0,0.58130,0.57490,640.0,0.58140,0.57670,470.0,73.437,28.13,460.0,151.0,0.58130,0.57670,0.58600,BOUNCE,2003.06.17 01:00,0,,0,,0,,0,NA,Asia,NA,,NA,,0.57030,PENDING,,0,,0,,0,,0,NA,Other,NA,,NA,,0.58590,BOUNCE,2003.06.17 01:00,0,,0,,0,,0,NA,Asia,NA,,NA,,0.57210,PENDING,,0,,0,,0,,0,NA,Other,NA,,NA,,S-ZO-PE,S-ZO-PE,S-ZD-PE,B-ZH-PE,S-ZE-BR,B-ZO-PE,S-ZF-UN,B-ZO-BR,B-ZD-BO,B-ZO-BO,B-ZO-PE,S-ZH-PE,B-ZO-PE,S-ZH-PE,,,,,,
392,2003.06.19 00:00,NZDUSD,60,86400,BUY,ZO,0,0.58650,0.58140,510.0,0.58720,0.58280,440.0,86.275,27.45,370.0,120.4,0.58650,0.58280,0.59090,PENDING,,0,,0,,0,,0,NA,Other,NA,,NA,,0.57770,PENDING,,0,,0,,0,,0,NA,Other,NA,,NA,,0.59020,PENDING,,0,,0,,0,,0,NA,Other,NA,,NA,,0.57910,BOUNCE,2003.06.26 01:00,0,,0,,0,,0,NA,Asia,NA,,NA,,B-ZG-BO,S-ZO-PE,S-ZO-PE,S-ZD-PE,B-ZH-PE,S-ZE-BR,B-ZO-PE,S-ZF-UN,B-ZO-BR,B-ZD-BO,S-ZH-PE,B-ZO-PE,S-ZH-PE,,,,,,,
393,2003.06.20 00:00,NZDUSD,60,86400,SELL,ZH,1,0.58720,0.58280,440.0,0.58620,0.57990,630.0,143.182,22.73,340.0,103.8,0.58620,0.58280,0.57650,PENDING,,0,,0,,0,,0,NA,Other,NA,,NA,,0.59060,PENDING,,0,,0,,0,,0,NA,Other,NA,,NA,,0.57940,BOUNCE,2003.06.26 01:00,0,,0,,0,,0,NA,Asia,NA,,NA,,0.58960,PENDING,,0,,0,,0,,0,NA,Other,NA,,NA,,B-ZO-PE,B-ZG-BO,S-ZO-PE,S-ZO-PE,S-ZD-PE,B-ZH-PE,S-ZE-BR,B-ZO-PE,S-ZF-UN,B-ZO-BR,B-ZO-PE,S-ZH-PE,,,,,,,,
394,2003.06.21 00:00,NZDUSD,60,86400,BUY,ZO,0,0.58620,0.57990,630.0,0.58750,0.58180,570.0,90.476,30.16,440.0,148.7,0.58620,0.58180,0.59190,PENDING,,0,,0,,0,,0,NA,Other,NA,,NA,,0.57550,PENDING,,0,,0,,0,,0,NA,Other,NA,,NA,,0.59060,PENDING,,0,,0,,0,,0,NA,Other,NA,,NA,,0.57740,PENDING,,0,,0,,0,,0,NA,Other,NA,,NA,,S-ZH-PE,B-ZO-PE,B-ZG-BO,S-ZO-PE,S-ZO-PE,S-ZD-PE,B-ZH-PE,S-ZE-BR,B-ZO-PE,S-ZF-UN,S-ZH-PE,,,,,,,,,
395,2003.06.27 00:00,NZDUSD,60,86400,SELL,ZH,1,0.58890,0.58240,650.0,0.58690,0.57820,870.0,133.846,30.77,450.0,153.4,0.58690,0.58240,0.57370,PENDING,,0,,0,,0,,0,NA,Other,NA,,NA,,0.59340,PENDING,,0,,0,,0,,0,NA,Other,NA,,NA,,0.57790,PENDING,,0,,0,,0,,0,NA,Other,NA,,NA,,0.59140,PENDING,,0,,0,,0,,0,NA,Other,NA,,NA,,B-ZO-PE,S-ZH-PE,B-ZO-PE,B-ZG-BO,S-ZO-PE,S-ZO-PE,S-ZD-PE,B-ZH-PE,S-ZE-BR,B-ZO-PE,,,,,,,,,,
