AngleID,FormTime,Symbol,TF,UnitSeconds,Dir,Class,Confirmed,U2_High,U2_Low,U2_Range,U1_High,U1_Low,U1_Range,Ratio_U1_U2_pct,Corr_pct,L_points,B_points,DiagTop,DiagBot,U1X1_Level,U1X1_React,U1X1_TouchTime,U1X1_TP1_Hit,U1X1_TP1_Time,U1X1_TP2_Hit,U1X1_TP2_Time,U1X1_TP3_Hit,U1X1_TP3_Time,U1X1_MaxTP,U1X1_Dur,U1X1_Session,U1X1_X2_React,U1X1_X2_Time,U1X1_X3_React,U1X1_X3_Time,U2X1_Level,U2X1_React,U2X1_TouchTime,U2X1_TP1_Hit,U2X1_TP1_Time,U2X1_TP2_Hit,U2X1_TP2_Time,U2X1_TP3_Hit,U2X1_TP3_Time,U2X1_MaxTP,U2X1_Dur,U2X1_Session,U2X1_X2_React,U2X1_X2_Time,U2X1_X3_React,U2X1_X3_Time,DLX1_Level,DLX1_React,DLX1_TouchTime,DLX1_TP1_Hit,DLX1_TP1_Time,DLX1_TP2_Hit,DLX1_TP2_Time,DLX1_TP3_Hit,DLX1_TP3_Time,DLX1_MaxTP,DLX1_Dur,DLX1_Session,DLX1_X2_React,DLX1_X2_Time,DLX1_X3_React,DLX1_X3_Time,DRX1_Level,DRX1_React,DRX1_TouchTime,DRX1_TP1_Hit,DRX1_TP1_Time,DRX1_TP2_Hit,DRX1_TP2_Time,DRX1_TP3_Hit,DRX1_TP3_Time,DRX1_MaxTP,DRX1_Dur,DRX1_Session,DRX1_X2_React,DRX1_X2_Time,DRX1_X3_React,DRX1_X3_Time,Left_1,Left_2,Left_3,Left_4,Left_5,Left_6,Left_7,Left_8,Left_9,Left_10,Right_1,Right_2,Right_3,Right_4,Right_5,Right_6,Right_7,Right_8,Right_9,Right_10
1,,USDCAD,60,86400,SELL,ZD,1,1.39465,1.38092,1373.0,1.38556,1.37567,989.0,72.032,0.00,464.0,324.0,1.38556,1.38092,1.37103,BREAK,2024.08.13 22:00,0,,0,,0,,0,NA,Other,BREAK,2024.08.19 22:00,BREAK,2024.08.21 19:00,1.39929,UNTOUCHED,,0,,0,,0,,0,NA,Other,NA,,NA,,1.37628,BREAK,2024.08.07 12:00,0,,0,,0,,0,NA,London,BREAK,2024.08.16 23:00,BREAK,2024.08.19 18:00,1.39020,UNTOUCHED,,0,,0,,0,,0,NA,Other,NA,,NA,,,,,,,,,,,,S-ZB-BR,S-ZO-BO,S-ZF-BR,S-ZE-BR,B-ZH-UN,S-ZH-BR,S-ZB-BR,S-ZO-BR,S-ZF-BR,S-ZB-UN
2,,USDCAD,60,86400,SELL,ZB,1,1.38556,1.37567,989.0,1.37904,1.37209,695.0,70.273,0.00,337.0,233.4,1.37904,1.37567,1.36872,BREAK,2024.08.16 23:00,0,,0,,0,,0,NA,Other,BREAK,2024.08.19 22:00,BREAK,2024.08.21 16:00,1.38893,UNTOUCHED,,0,,0,,0,,0,NA,Other,NA,,NA,,1.37230,BREAK,2024.08.09 07:00,0,,0,,0,,0,NA,London,BOUNCE,2024.08.14 21:00,NA,,1.38241,UNTOUCHED,,0,,0,,0,,0,NA,Other,NA,,NA,,S-ZD-BR,,,,,,,,,,S-ZO-BO,S-ZF-BR,S-ZE-BR,B-ZH-UN,S-ZH-BR,S-ZB-BR,S-ZO-BR,S-ZF-BR,S-ZB-UN,S-ZO-UN
3,,USDCAD,60,86400,SELL,ZO,0,1.37652,1.37262,390.0,1.37517,1.37178,339.0,86.923,0.00,255.0,92.0,1.37517,1.37262,1.36923,BOUNCE,2024.08.14 18:00,0,,0,,0,,0,NA,NewYork,NA,,NA,,1.37907,UNTOUCHED,,0,,0,,0,,0,NA,Other,NA,,NA,,1.37007,BREAK,2024.08.14 01:00,0,,0,,0,,0,NA,Asia,BREAK,2024.08.19 05:00,BREAK,2024.08.19 18:00,1.37772,UNTOUCHED,,0,,0,,0,,0,NA,Other,NA,,NA,,S-ZB-BR,S-ZD-BR,,,,,,,,,S-ZF-BR,S-ZE-BR,B-ZH-UN,S-ZH-BR,S-ZB-BR,S-ZO-BR,S-ZF-BR,S-ZB-UN,S-ZO-UN,B-ZG-BR
4,,USDCAD,60,86400,SELL,ZF,0,1.37477,1.37177,300.0,1.37471,1.37070,401.0,133.667,0.00,294.0,70.8,1.37471,1.37177,1.36776,BREAK,2024.08.17 00:00,0,,0,,0,,0,NA,Asia,BREAK,2024.08.19 18:00,BREAK,2024.08.20 14:00,1.37771,UNTOUCHED,,0,,0,,0,,0,NA,Other,NA,,NA,,1.36883,BREAK,2024.08.16 22:00,0,,0,,0,,0,NA,Other,BREAK,2024.08.19 18:00,BREAK,2024.08.20 11:00,1.37765,UNTOUCHED,,0,,0,,0,,0,NA,Other,NA,,NA,,S-ZO-BO,S-ZB-BR,S-ZD-BR,,,,,,,,S-ZE-BR,B-ZH-UN,S-ZH-BR,S-ZB-BR,S-ZO-BR,S-ZF-BR,S-ZB-UN,S-ZO-UN,B-ZG-BR,B-ZG-BR
5,,USDCAD,60,86400,SELL,ZE,1,1.37471,1.37070,401.0,1.37244,1.36886,358.0,89.277,0.00,174.0,94.6,1.37244,1.37070,1.36712,BREAK,2024.08.19 04:00,0,,0,,0,,0,NA,Asia,BREAK,2024.08.19 18:00,BOUNCE,2024.08.19 19:00,1.37645,UNTOUCHED,,0,,0,,0,,0,NA,Other,NA,,NA,,1.36896,BREAK,2024.08.16 22:00,0,,0,,0,,0,NA,Other,BREAK,2024.08.19 07:00,BREAK,2024.08.19 18:00,1.37418,UNTOUCHED,,0,,0,,0,,0,NA,Other,NA,,NA,,S-ZF-BR,S-ZO-BO,S-ZB-BR,S-ZD-BR,,,,,,,B-ZH-UN,S-ZH-BR,S-ZB-BR,S-ZO-BR,S-ZF-BR,S-ZB-UN,S-ZO-UN,B-ZG-BR,B-ZG-BR,B-ZC-BR
6,,USDCAD,60,86400,BUY,ZH,0,1.37244,1.36886,358.0,1.37379,1.36952,427.0,119.274,0.00,292.0,84.5,1.37244,1.36952,1.37671,UNTOUCHED,,0,,0,,0,,0,NA,Other,NA,,NA,,1.36594,BREAK,2024.08.19 18:00,0,,0,,0,,0,NA,NewYork,BREAK,2024.08.20 11:00,BREAK,2024.08.21 16:00,1.37536,UNTOUCHED,,0,,0,,0,,0,NA,Other,NA,,NA,,1.36660,BREAK,2024.08.19 05:00,0,,0,,0,,0,NA,Asia,BREAK,2024.08.20 05:00,BOUNCE,2024.08.20 17:00,S-ZE-BR,S-ZF-BR,S-ZO-BO,S-ZB-BR,S-ZD-BR,,,,,,S-ZH-BR,S-ZB-BR,S-ZO-BR,S-ZF-BR,S-ZB-UN,S-ZO-UN,B-ZG-BR,B-ZG-BR,B-ZC-BR,B-ZF-BO
7,,USDCAD,60,86400,SELL,ZH,1,1.36866,1.36768,98.0,1.36848,1.36296,552.0,563.265,0.00,80.0,23.1,1.36848,1.36768,1.36216,BREAK,2024.08.20 11:00,0,,0,,0,,0,NA,London,BREAK,2024.08.20 14:00,BOUNCE,2024.08.20 16:00,1.36946,UNTOUCHED,,0,,0,,0,,0,NA,Other,NA,,NA,,1.36688,BREAK,2024.08.20 00:00,0,,0,,0,,0,NA,Asia,BREAK,2024.08.20 01:00,BREAK,2024.08.20 02:00,1.36928,UNTOUCHED,,0,,0,,0,,0,NA,Other,NA,,NA,,B-ZH-UN,S-ZE-BR,S-ZF-BR,S-ZO-BO,S-ZB-BR,S-ZD-BR,,,,,S-ZB-BR,S-ZO-BR,S-ZF-BR,S-ZB-UN,S-ZO-UN,B-ZG-BR,B-ZG-BR,B-ZC-BR,B-ZF-BO,B-ZO-BR
8,,USDCAD,60,86400,SELL,ZB,1,1.36413,1.36049,364.0,1.36238,1.35756,482.0,132.418,0.00,189.0,85.9,1.36238,1.36049,1.35567,BREAK,2024.08.23 18:00,0,,0,,0,,0,NA,NewYork,BREAK,2024.08.23 19:00,BREAK,2024.08.23 20:00,1.36602,UNTOUCHED,,0,,0,,0,,0,NA,Other,NA,,NA,,1.35860,BREAK,2024.08.22 01:00,0,,0,,0,,0,NA,Asia,BREAK,2024.08.23 18:00,BREAK,2024.08.23 19:00,1.36427,BOUNCE,2024.09.19 05:00,1,2024.09.19 10:00,1,2024.09.19 10:00,0,,2,5h,Asia,NA,,NA,,S-ZH-BR,B-ZH-UN,S-ZE-BR,S-ZF-BR,S-ZO-BO,S-ZB-BR,S-ZD-BR,,,,S-ZO-BR,S-ZF-BR,S-ZB-UN,S-ZO-UN,B-ZG-BR,B-ZG-BR,B-ZC-BR,B-ZF-BO,B-ZO-BR,B-ZF-BR
9,,USDCAD,60,86400,SELL,ZO,0,1.36238,1.35756,482.0,1.36185,1.35711,474.0,98.340,0.00,429.0,113.8,1.36185,1.35756,1.35282,BREAK,2024.08.23 18:00,0,,0,,0,,0,NA,NewYork,BREAK,2024.08.26 18:00,BOUNCE,2024.08.28 22:00,1.36667,UNTOUCHED,,0,,0,,0,,0,NA,Other,NA,,NA,,1.35327,BREAK,2024.08.23 18:00,0,,0,,0,,0,NA,NewYork,BREAK,2024.08.26 18:00,BOUNCE,2024.08.29 17:00,1.36614,UNTOUCHED,,0,,0,,0,,0,NA,Other,NA,,NA,,S-ZB-BR,S-ZH-BR,B-ZH-UN,S-ZE-BR,S-ZF-BR,S-ZO-BO,S-ZB-BR,S-ZD-BR,,,S-ZF-BR,S-ZB-UN,S-ZO-UN,B-ZG-BR,B-ZG-BR,B-ZC-BR,B-ZF-BO,B-ZO-BR,B-ZF-BR,B-ZO-BR
10,,USDCAD,60,86400,SELL,ZF,1,1.36185,1.35711,474.0,1.36156,1.34985,1171.0,247.046,0.00,445.0,111.9,1.36156,1.35711,1.34540,BREAK,2024.08.27 18:00,0,,0,,0,,0,NA,NewYork,UNTOUCHED,,NA,,1.36630,UNTOUCHED,,0,,0,,0,,0,NA,Other,NA,,NA,,1.35266,BREAK,2024.08.24 00:00,0,,0,,0,,0,NA,Asia,BREAK,2024.08.26 18:00,BOUNCE,2024.08.28 21:00,1.36601,UNTOUCHED,,0,,0,,0,,0,NA,Other,NA,,NA,,S-ZO-BR,S-ZB-BR,S-ZH-BR,B-ZH-UN,S-ZE-BR,S-ZF-BR,S-ZO-BO,S-ZB-BR,S-ZD-BR,,S-ZB-UN,S-ZO-UN,B-ZG-BR,B-ZG-BR,B-ZC-BR,B-ZF-BO,B-ZO-BR,B-ZF-BR,B-ZO-BR,S-ZO-BR
11,,USDCAD,60,86400,SELL,ZB,1,1.35154,1.34630,524.0,1.34896,1.34442,454.0,86.641,0.00,266.0,123.7,1.34896,1.34630,1.34176,UNTOUCHED,,0,,0,,0,,0,NA,Other,NA,,NA,,1.35420,BREAK,2024.09.03 14:00,0,,0,,0,,0,NA,NewYork,BOUNCE,2024.09.06 19:00,NA,,1.34364,BOUNCE,2024.08.28 01:00,1,2024.09.03 07:00,1,2024.09.03 14:00,0,,2,6d 13h,Asia,NA,,NA,,1.35162,BREAK,2024.09.03 07:00,0,,0,,0,,0,NA,London,BREAK,2024.09.03 18:00,BOUNCE,2024.09.06 19:00,S-ZF-BR,S-ZO-BR,S-ZB-BR,S-ZH-BR,B-ZH-UN,S-ZE-BR,S-ZF-BR,S-ZO-BO,S-ZB-BR,S-ZD-BR,S-ZO-UN,B-ZG-BR,B-ZG-BR,B-ZC-BR,B-ZF-BO,B-ZO-BR,B-ZF-BR,B-ZO-BR,S-ZO-BR,B-ZG-BO
12,,USDCAD,60,86400,SELL,ZO,0,1.34896,1.34442,454.0,1.34880,1.34362,518.0,114.097,0.00,438.0,107.1,1.34880,1.34442,1.33924,UNTOUCHED,,0,,0,,0,,0,NA,Other,NA,,NA,,1.35334,BREAK,2024.09.03 14:00,0,,0,,0,,0,NA,NewYork,BREAK,2024.09.10 17:00,BOUNCE,2024.09.11 21:00,1.34004,UNTOUCHED,,0,,0,,0,,0,NA,Other,NA,,NA,,1.35318,BREAK,2024.09.03 13:00,0,,0,,0,,0,NA,NewYork,BREAK,2024.09.10 17:00,BOUNCE,2024.09.11 21:00,S-ZB-UN,S-ZF-BR,S-ZO-BR,S-ZB-BR,S-ZH-BR,B-ZH-UN,S-ZE-BR,S-ZF-BR,S-ZO-BO,S-ZB-BR,B-ZG-BR,B-ZG-BR,B-ZC-BR,B-ZF-BO,B-ZO-BR,B-ZF-BR,B-ZO-BR,S-ZO-BR,B-ZG-BO,S-ZB-UN
13,,USDCAD,60,86400,BUY,ZG,0,1.34880,1.34362,518.0,1.34910,1.34500,410.0,79.151,0.00,380.0,122.2,1.34880,1.34500,1.35290,BREAK,2024.09.03 08:00,0,,0,,0,,0,NA,London,BOUNCE,2024.09.06 19:00,NA,,1.33982,UNTOUCHED,,0,,0,,0,,0,NA,Other,NA,,NA,,1.35260,BREAK,2024.09.03 08:00,0,,0,,0,,0,NA,London,BOUNCE,2024.09.04 17:00,NA,,1.34120,UNTOUCHED,,0,,0,,0,,0,NA,Other,NA,,NA,,S-ZO-UN,S-ZB-UN,S-ZF-BR,S-ZO-BR,S-ZB-BR,S-ZH-BR,B-ZH-UN,S-ZE-BR,S-ZF-BR,S-ZO-BO,B-ZG-BR,B-ZC-BR,B-ZF-BO,B-ZO-BR,B-ZF-BR,B-ZO-BR,S-ZO-BR,B-ZG-BO,S-ZB-UN,S-ZE-UN
14,,USDCAD,60,86400,BUY,ZG,0,1.34910,1.34500,410.0,1.35093,1.34654,439.0,107.073,0.00,256.0,96.8,1.34910,1.34654,1.35349,BREAK,2024.09.03 14:00,0,,0,,0,,0,NA,NewYork,BOUNCE,2024.09.03 18:00,NA,,1.34244,BOUNCE,2024.09.25 01:00,1,2024.09.25 21:00,1,2024.09.27 21:00,1,2024.09.30 22:00,3,5d 21h,Asia,NA,,NA,,1.35166,BREAK,2024.09.03 07:00,0,,0,,0,,0,NA,London,BREAK,2024.09.03 17:00,BOUNCE,2024.09.06 19:00,1.34398,BREAK,2024.09.24 23:00,0,,0,,0,,0,NA,Other,UNTOUCHED,,NA,,B-ZG-BR,S-ZO-UN,S-ZB-UN,S-ZF-BR,S-ZO-BR,S-ZB-BR,S-ZH-BR,B-ZH-UN,S-ZE-BR,S-ZF-BR,B-ZC-BR,B-ZF-BO,B-ZO-BR,B-ZF-BR,B-ZO-BR,S-ZO-BR,B-ZG-BO,S-ZB-UN,S-ZE-UN,B-ZE-BR
15,,USDCAD,60,86400,BUY,ZC,1,1.34938,1.34752,186.0,1.35053,1.34829,224.0,120.430,0.00,109.0,43.9,1.34938,1.34829,1.35162,BREAK,2024.09.03 07:00,0,,0,,0,,0,NA,London,BOUNCE,2024.09.03 10:00,NA,,1.34643,BREAK,2024.09.24 20:00,0,,0,,0,,0,NA,NewYork,BREAK,2024.09.24 21:00,BREAK,2024.09.24 23:00,1.35047,BREAK,2024.09.03 05:00,0,,0,,0,,0,NA,Asia,BREAK,2024.09.03 07:00,BOUNCE,2024.09.03 10:00,1.34720,BREAK,2024.09.06 16:00,0,,0,,0,,0,NA,NewYork,BREAK,2024.09.24 20:00,BREAK,2024.09.24 21:00,B-ZG-BR,B-ZG-BR,S-ZO-UN,S-ZB-UN,S-ZF-BR,S-ZO-BR,S-ZB-BR,S-ZH-BR,B-ZH-UN,S-ZE-BR,B-ZF-BO,B-ZO-BR,B-ZF-BR,B-ZO-BR,S-ZO-BR,B-ZG-BO,S-ZB-UN,S-ZE-UN,B-ZE-BR,B-ZF-BR
16,,USDCAD,60,86400,BUY,ZF,1,1.35053,1.34829,224.0,1.35623,1.34857,766.0,341.964,0.00,196.0,52.9,1.35053,1.34857,1.35819,BOUNCE,2024.09.06 20:00,1,2024.09.18 22:00,1,2024.09.24 19:00,1,2024.09.24 20:00,3,2w 4d,NewYork,NA,,NA,,1.34633,BREAK,2024.09.24 20:00,0,,0,,0,,0,NA,NewYork,BREAK,2024.09.24 23:00,BOUNCE,2024.09.25 16:00,1.35249,BREAK,2024.09.04 00:00,0,,0,,0,,0,NA,Asia,BREAK,2024.09.04 01:00,BOUNCE,2024.09.04 17:00,1.34661,BOUNCE,2024.09.06 16:00,1,2024.09.06 18:00,1,2024.09.06 18:00,0,,2,2h,NewYork,NA,,NA,,B-ZC-BR,B-ZG-BR,B-ZG-BR,S-ZO-UN,S-ZB-UN,S-ZF-BR,S-ZO-BR,S-ZB-BR,S-ZH-BR,B-ZH-UN,B-ZO-BR,B-ZF-BR,B-ZO-BR,S-ZO-BR,B-ZG-BO,S-ZB-UN,S-ZE-UN,B-ZE-BR,B-ZF-BR,S-ZE-UN
17,,USDCAD,60,86400,BUY,ZO,0,1.35623,1.34857,766.0,1.35653,1.35000,653.0,85.248,0.00,623.0,180.8,1.35623,1.35000,1.36276,BREAK,2024.09.19 04:00,0,,0,,0,,0,NA,Asia,BREAK,2024.10.09 22:00,BREAK,2024.10.10 21:00,1.34234,BOUNCE,2024.09.25 03:00,1,2024.10.03 18:00,1,2024.10.07 22:00,1,2024.10.07 22:00,3,1w 5d,Asia,NA,,NA,,1.36246,BREAK,2024.09.19 04:00,0,,0,,0,,0,NA,Asia,BREAK,2024.10.09 22:00,BREAK,2024.10.10 17:00,1.34377,BREAK,2024.09.24 23:00,0,,0,,0,,0,NA,Other,UNTOUCHED,,NA,,B-ZF-BO,B-ZC-BR,B-ZG-BR,B-ZG-BR,S-ZO-UN,S-ZB-UN,S-ZF-BR,S-ZO-BR,S-ZB-BR,S-ZH-BR,B-ZF-BR,B-ZO-BR,S-ZO-BR,B-ZG-BO,S-ZB-UN,S-ZE-UN,B-ZE-BR,B-ZF-BR,S-ZE-UN,B-ZB-BR
18,,USDCAD,60,86400,BUY,ZF,1,1.35768,1.35463,305.0,1.36154,1.35530,624.0,204.590,0.00,238.0,72.0,1.35768,1.35530,1.36392,BREAK,2024.09.19 05:00,0,,0,,0,,0,NA,Asia,BREAK,2024.10.08 18:00,BREAK,2024.10.09 18:00,1.35225,BREAK,2024.09.23 17:00,0,,0,,0,,0,NA,NewYork,BREAK,2024.09.23 19:00,BREAK,2024.09.24 19:00,1.36006,BREAK,2024.09.11 00:00,0,,0,,0,,0,NA,Asia,BREAK,2024.09.19 04:00,BREAK,2024.10.08 17:00,1.35292,BREAK,2024.09.23 17:00,0,,0,,0,,0,NA,NewYork,BREAK,2024.09.23 18:00,BREAK,2024.09.24 19:00,B-ZO-BR,B-ZF-BO,B-ZC-BR,B-ZG-BR,B-ZG-BR,S-ZO-UN,S-ZB-UN,S-ZF-BR,S-ZO-BR,S-ZB-BR,B-ZO-BR,S-ZO-BR,B-ZG-BO,S-ZB-UN,S-ZE-UN,B-ZE-BR,B-ZF-BR,S-ZE-UN,B-ZB-BR,B-ZD-BR
19,,USDCAD,60,86400,BUY,ZO,0,1.36154,1.35530,624.0,1.36227,1.35670,557.0,89.263,0.00,484.0,147.3,1.36154,1.35670,1.36711,BREAK,2024.10.08 18:00,0,,0,,0,,0,NA,NewYork,BREAK,2024.10.10 12:00,BREAK,2024.10.11 16:00,1.35046,BREAK,2024.09.23 18:00,0,,0,,0,,0,NA,NewYork,BREAK,2024.09.24 23:00,UNTOUCHED,,1.36638,BREAK,2024.10.08 18:00,0,,0,,0,,0,NA,NewYork,BREAK,2024.10.10 11:00,BREAK,2024.10.11 15:00,1.35186,BREAK,2024.09.23 17:00,0,,0,,0,,0,NA,NewYork,BREAK,2024.09.24 20:00,BOUNCE,2024.09.25 20:00,B-ZF-BR,B-ZO-BR,B-ZF-BO,B-ZC-BR,B-ZG-BR,B-ZG-BR,S-ZO-UN,S-ZB-UN,S-ZF-BR,S-ZO-BR,S-ZO-BR,B-ZG-BO,S-ZB-UN,S-ZE-UN,B-ZE-BR,B-ZF-BR,S-ZE-UN,B-ZB-BR,B-ZD-BR,B-ZB-BR
20,,USDCAD,60,86400,SELL,ZO,0,1.36227,1.35670,557.0,1.36044,1.35650,394.0,70.736,0.00,374.0,131.5,1.36044,1.35670,1.35276,BREAK,2024.09.23 17:00,0,,0,,0,,0,NA,NewYork,BOUNCE,2024.09.24 00:00,NA,,1.36601,BREAK,2024.10.08 18:00,0,,0,,0,,0,NA,NewYork,BREAK,2024.10.09 23:00,BREAK,2024.10.10 15:00,1.35296,BREAK,2024.09.23 17:00,0,,0,,0,,0,NA,NewYork,BOUNCE,2024.09.24 00:00,NA,,1.36418,BOUNCE,2024.09.19 05:00,1,2024.09.23 17:00,1,2024.09.23 17:00,0,,2,4d 12h,Asia,NA,,NA,,B-ZO-BR,B-ZF-BR,B-ZO-BR,B-ZF-BO,B-ZC-BR,B-ZG-BR,B-ZG-BR,S-ZO-UN,S-ZB-UN,S-ZF-BR,B-ZG-BO,S-ZB-UN,S-ZE-UN,B-ZE-BR,B-ZF-BR,S-ZE-UN,B-ZB-BR,B-ZD-BR,B-ZB-BR,B-ZB-BR
21,,USDCAD,60,86400,BUY,ZG,0,1.36074,1.35665,409.0,1.36166,1.35797,369.0,90.220,0.00,277.0,96.5,1.36074,1.35797,1.36443,BOUNCE,2024.09.19 05:00,1,2024.09.19 10:00,1,2024.09.19 12:00,1,2024.09.19 13:00,3,8h,Asia,NA,,NA,,1.35388,BOUNCE,2024.09.19 13:00,1,2024.09.19 17:00,1,2024.10.07 22:00,1,2024.10.08 11:00,3,2w 4d,NewYork,NA,,NA,,1.36351,BOUNCE,2024.09.19 04:00,1,2024.09.19 12:00,1,2024.09.19 13:00,0,,2,9h,Asia,NA,,NA,,1.35520,BREAK,2024.09.18 22:00,0,,0,,0,,0,NA,Other,BREAK,2024.09.23 18:00,BREAK,2024.09.23 21:00,S-ZO-BR,B-ZO-BR,B-ZF-BR,B-ZO-BR,B-ZF-BO,B-ZC-BR,B-ZG-BR,B-ZG-BR,S-ZO-UN,S-ZB-UN,S-ZB-UN,S-ZE-UN,B-ZE-BR,B-ZF-BR,S-ZE-UN,B-ZB-BR,B-ZD-BR,B-ZB-BR,B-ZB-BR,B-ZB-BR
22,,USDCAD,60,86400,SELL,ZB,1,1.35820,1.34868,952.0,1.35427,1.34350,1077.0,113.130,0.00,559.0,224.7,1.35427,1.34868,1.33791,UNTOUCHED,,0,,0,,0,,0,NA,Other,NA,,NA,,1.36379,BREAK,2024.10.07 22:00,0,,0,,0,,0,NA,Other,BREAK,2024.10.09 23:00,BREAK,2024.10.10 21:00,1.34309,BOUNCE,2024.09.25 00:00,1,2024.10.07 17:00,1,2024.10.07 22:00,0,,2,1w 5d,Asia,NA,,NA,,1.35986,BREAK,2024.10.07 17:00,0,,0,,0,,0,NA,NewYork,BREAK,2024.10.09 15:00,BREAK,2024.10.10 12:00,B-ZG-BO,S-ZO-BR,B-ZO-BR,B-ZF-BR,B-ZO-BR,B-ZF-BO,B-ZC-BR,B-ZG-BR,B-ZG-BR,S-ZO-UN,S-ZE-UN,B-ZE-BR,B-ZF-BR,S-ZE-UN,B-ZB-BR,B-ZD-BR,B-ZB-BR,B-ZB-BR,B-ZB-BR,B-ZE-BO
23,,USDCAD,60,86400,SELL,ZE,1,1.35427,1.34350,1077.0,1.34850,1.34194,656.0,60.910,0.00,500.0,254.2,1.34850,1.34350,1.33694,UNTOUCHED,,0,,0,,0,,0,NA,Other,NA,,NA,,1.35927,BREAK,2024.10.07 12:00,0,,0,,0,,0,NA,London,BREAK,2024.10.08 18:00,BREAK,2024.10.09 23:00,1.33850,UNTOUCHED,,0,,0,,0,,0,NA,Other,NA,,NA,,1.35350,BOUNCE,2024.09.30 22:00,0,,0,,0,,0,NA,Other,NA,,NA,,S-ZB-UN,B-ZG-BO,S-ZO-BR,B-ZO-BR,B-ZF-BR,B-ZO-BR,B-ZF-BO,B-ZC-BR,B-ZG-BR,B-ZG-BR,B-ZE-BR,B-ZF-BR,S-ZE-UN,B-ZB-BR,B-ZD-BR,B-ZB-BR,B-ZB-BR,B-ZB-BR,B-ZE-BO,B-ZC-BR
24,,USDCAD,60,86400,BUY,ZE,1,1.34850,1.34194,656.0,1.34894,1.34575,319.0,48.628,0.00,275.0,154.8,1.34850,1.34575,1.35169,BREAK,2024.09.27 21:00,0,,0,,0,,0,NA,Other,BREAK,2024.10.04 10:00,BREAK,2024.10.04 16:00,1.33919,UNTOUCHED,,0,,0,,0,,0,NA,Other,NA,,NA,,1.35125,BREAK,2024.09.27 20:00,0,,0,,0,,0,NA,NewYork,BREAK,2024.10.03 23:00,BREAK,2024.10.04 16:00,1.34300,UNTOUCHED,,0,,0,,0,,0,NA,Other,NA,,NA,,S-ZE-UN,S-ZB-UN,B-ZG-BO,S-ZO-BR,B-ZO-BR,B-ZF-BR,B-ZO-BR,B-ZF-BO,B-ZC-BR,B-ZG-BR,B-ZF-BR,S-ZE-UN,B-ZB-BR,B-ZD-BR,B-ZB-BR,B-ZB-BR,B-ZB-BR,B-ZE-BO,B-ZC-BR,S-ZD-UN
25,,USDCAD,60,86400,BUY,ZF,1,1.34894,1.34575,319.0,1.35263,1.34606,657.0,205.956,0.00,288.0,75.3,1.34894,1.34606,1.35551,BREAK,2024.10.03 23:00,0,,0,,0,,0,NA,Other,BOUNCE,2024.10.04 16:00,NA,,1.34287,UNTOUCHED,,0,,0,,0,,0,NA,Other,NA,,NA,,1.35182,BREAK,2024.09.28 00:00,0,,0,,0,,0,NA,Asia,BOUNCE,2024.10.03 18:00,NA,,1.34318,UNTOUCHED,,0,,0,,0,,0,NA,Other,NA,,NA,,B-ZE-BR,S-ZE-UN,S-ZB-UN,B-ZG-BO,S-ZO-BR,B-ZO-BR,B-ZF-BR,B-ZO-BR,B-ZF-BO,B-ZC-BR,S-ZE-UN,B-ZB-BR,B-ZD-BR,B-ZB-BR,B-ZB-BR,B-ZB-BR,B-ZE-BO,B-ZC-BR,S-ZD-UN,B-ZB-BR
26,,USDCAD,60,86400,SELL,ZE,1,1.35393,1.34808,585.0,1.35098,1.34723,375.0,64.103,0.00,290.0,138.1,1.35098,1.34808,1.34433,UNTOUCHED,,0,,0,,0,,0,NA,Other,NA,,NA,,1.35683,BREAK,2024.10.04 16:00,0,,0,,0,,0,NA,NewYork,BREAK,2024.10.07 18:00,BREAK,2024.10.08 11:00,1.34518,UNTOUCHED,,0,,0,,0,,0,NA,Other,NA,,NA,,1.35388,BREAK,2024.10.03 15:00,0,,0,,0,,0,NA,NewYork,BREAK,2024.10.04 16:00,BREAK,2024.10.07 18:00,B-ZF-BR,B-ZE-BR,S-ZE-UN,S-ZB-UN,B-ZG-BO,S-ZO-BR,B-ZO-BR,B-ZF-BR,B-ZO-BR,B-ZF-BO,B-ZB-BR,B-ZD-BR,B-ZB-BR,B-ZB-BR,B-ZB-BR,B-ZE-BO,B-ZC-BR,S-ZD-UN,B-ZB-BR,B-ZG-BR
27,,USDCAD,60,86400,BUY,ZB,1,1.35098,1.34723,375.0,1.35576,1.34890,686.0,182.933,0.00,208.0,88.5,1.35098,1.34890,1.35784,BREAK,2024.10.04 16:00,0,,0,,0,,0,NA,NewYork,BREAK,2024.10.07 18:00,BREAK,2024.10.07 22:00,1.34515,UNTOUCHED,,0,,0,,0,,0,NA,Other,NA,,NA,,1.35306,BREAK,2024.10.04 00:00,0,,0,,0,,0,NA,Asia,BOUNCE,2024.10.04 01:00,NA,,1.34682,UNTOUCHED,,0,,0,,0,,0,NA,Other,NA,,NA,,S-ZE-UN,B-ZF-BR,B-ZE-BR,S-ZE-UN,S-ZB-UN,B-ZG-BO,S-ZO-BR,B-ZO-BR,B-ZF-BR,B-ZO-BR,B-ZD-BR,B-ZB-BR,B-ZB-BR,B-ZB-BR,B-ZE-BO,B-ZC-BR,S-ZD-UN,B-ZB-BR,B-ZG-BR,B-ZB-BO
28,,USDCAD,60,86400,BUY,ZD,1,1.35576,1.34890,686.0,1.35911,1.35280,631.0,91.983,0.00,296.0,161.9,1.35576,1.35280,1.36207,BREAK,2024.10.07 22:00,0,,0,,0,,0,NA,Other,BREAK,2024.10.08 18:00,BREAK,2024.10.09 21:00,1.34594,UNTOUCHED,,0,,0,,0,,0,NA,Other,NA,,NA,,1.35872,BREAK,2024.10.07 09:00,0,,0,,0,,0,NA,London,BREAK,2024.10.07 22:00,BREAK,2024.10.08 18:00,1.34984,UNTOUCHED,,0,,0,,0,,0,NA,Other,NA,,NA,,B-ZB-BR,S-ZE-UN,B-ZF-BR,B-ZE-BR,S-ZE-UN,S-ZB-UN,B-ZG-BO,S-ZO-BR,B-ZO-BR,B-ZF-BR,B-ZB-BR,B-ZB-BR,B-ZB-BR,B-ZE-BO,B-ZC-BR,S-ZD-UN,B-ZB-BR,B-ZG-BR,B-ZB-BO,B-ZE-BR
29,,USDCAD,60,86400,BUY,ZB,1,1.36392,1.35546,846.0,1.36750,1.36108,642.0,75.887,0.00,284.0,199.7,1.36392,1.36108,1.37034,BREAK,2024.10.09 22:00,0,,0,,0,,0,NA,Other,BREAK,2024.10.10 15:00,BREAK,2024.10.11 16:00,1.35262,UNTOUCHED,,0,,0,,0,,0,NA,Other,NA,,NA,,1.36676,BREAK,2024.10.09 11:00,0,,0,,0,,0,NA,London,BREAK,2024.10.09 23:00,BREAK,2024.10.10 15:00,1.35824,UNTOUCHED,,0,,0,,0,,0,NA,Other,NA,,NA,,B-ZD-BR,B-ZB-BR,S-ZE-UN,B-ZF-BR,B-ZE-BR,S-ZE-UN,S-ZB-UN,B-ZG-BO,S-ZO-BR,B-ZO-BR,B-ZB-BR,B-ZB-BR,B-ZE-BO,B-ZC-BR,S-ZD-UN,B-ZB-BR,B-ZG-BR,B-ZB-BO,B-ZE-BR,B-ZF-BR
30,,USDCAD,60,86400,BUY,ZB,1,1.36750,1.36108,642.0,1.37186,1.36421,765.0,119.159,0.00,329.0,151.5,1.36750,1.36421,1.37515,BREAK,2024.10.10 15:00,0,,0,,0,,0,NA,NewYork,BREAK,2024.10.14 17:00,BREAK,2024.10.15 16:00,1.35779,UNTOUCHED,,0,,0,,0,,0,NA,Other,NA,,NA,,1.37079,BREAK,2024.10.10 00:00,0,,0,,0,,0,NA,Asia,BREAK,2024.10.10 17:00,BOUNCE,2024.10.11 00:00,1.36092,UNTOUCHED,,0,,0,,0,,0,NA,Other,NA,,NA,,B-ZB-BR,B-ZD-BR,B-ZB-BR,S-ZE-UN,B-ZF-BR,B-ZE-BR,S-ZE-UN,S-ZB-UN,B-ZG-BO,S-ZO-BR,B-ZB-BR,B-ZE-BO,B-ZC-BR,S-ZD-UN,B-ZB-BR,B-ZG-BR,B-ZB-BO,B-ZE-BR,B-ZF-BR,S-ZB-UN
31,,USDCAD,60,86400,BUY,ZB,1,1.37186,1.36421,765.0,1.37750,1.36826,924.0,120.784,0.00,360.0,180.5,1.37186,1.36826,1.38110,BREAK,2024.10.15 09:00,0,,0,,0,,0,NA,London,BOUNCE,2024.10.23 01:00,NA,,1.36061,UNTOUCHED,,0,,0,,0,,0,NA,Other,NA,,NA,,1.37546,BREAK,2024.10.11 05:00,0,,0,,0,,0,NA,Asia,BREAK,2024.10.15 09:00,BOUNCE,2024.10.15 20:00,1.36466,UNTOUCHED,,0,,0,,0,,0,NA,Other,NA,,NA,,B-ZB-BR,B-ZB-BR,B-ZD-BR,B-ZB-BR,S-ZE-UN,B-ZF-BR,B-ZE-BR,S-ZE-UN,S-ZB-UN,B-ZG-BO,B-ZE-BO,B-ZC-BR,S-ZD-UN,B-ZB-BR,B-ZG-BR,B-ZB-BO,B-ZE-BR,B-ZF-BR,S-ZB-UN,S-ZO-UN
32,,USDCAD,60,86400,BUY,ZE,1,1.37750,1.36826,924.0,1.37835,1.37250,585.0,63.312,0.00,500.0,218.1,1.37750,1.37250,1.38335,BOUNCE,2024.10.15 16:00,0,,0,,0,,0,NA,NewYork,NA,,NA,,1.36326,UNTOUCHED,,0,,0,,0,,0,NA,Other,NA,,NA,,1.38250,BOUNCE,2024.10.15 16:00,0,,0,,0,,0,NA,NewYork,NA,,NA,,1.36750,UNTOUCHED,,0,,0,,0,,0,NA,Other,NA,,NA,,B-ZB-BR,B-ZB-BR,B-ZB-BR,B-ZD-BR,B-ZB-BR,S-ZE-UN,B-ZF-BR,B-ZE-BR,S-ZE-UN,S-ZB-UN,B-ZC-BR,S-ZD-UN,B-ZB-BR,B-ZG-BR,B-ZB-BO,B-ZE-BR,B-ZF-BR,S-ZB-UN,S-ZO-UN,B-ZG-BR
33,,USDCAD,60,86400,BUY,ZC,1,1.38052,1.37512,540.0,1.38383,1.37728,655.0,121.296,0.00,324.0,127.4,1.38052,1.37728,1.38707,BREAK,2024.10.25 18:00,0,,0,,0,,0,NA,NewYork,BOUNCE,2024.10.29 01:00,NA,,1.37188,UNTOUCHED,,0,,0,,0,,0,NA,Other,NA,,NA,,1.38376,BOUNCE,2024.10.21 19:00,0,,0,,0,,0,NA,NewYork,NA,,NA,,1.37404,UNTOUCHED,,0,,0,,0,,0,NA,Other,NA,,NA,,B-ZE-BO,B-ZB-BR,B-ZB-BR,B-ZB-BR,B-ZD-BR,B-ZB-BR,S-ZE-UN,B-ZF-BR,B-ZE-BR,S-ZE-UN,S-ZD-UN,B-ZB-BR,B-ZG-BR,B-ZB-BO,B-ZE-BR,B-ZF-BR,S-ZB-UN,S-ZO-UN,B-ZG-BR,B-ZF-BR
34,,USDCAD,60,86400,SELL,ZD,1,1.38383,1.37728,655.0,1.37929,1.37496,433.0,66.107,0.00,201.0,154.6,1.37929,1.37728,1.37295,UNTOUCHED,,0,,0,,0,,0,NA,Other,NA,,NA,,1.38584,BOUNCE,2024.10.23 18:00,1,2024.10.24 11:00,0,,0,,1,17h,NewYork,NA,,NA,,1.37527,BOUNCE,2024.10.17 00:00,1,2024.10.18 22:00,1,2024.10.23 18:00,0,,2,6d 18h,Asia,NA,,NA,,1.38130,BREAK,2024.10.18 22:00,0,,0,,0,,0,NA,Other,BREAK,2024.10.21 19:00,BOUNCE,2024.10.24 01:00,B-ZC-BR,B-ZE-BO,B-ZB-BR,B-ZB-BR,B-ZB-BR,B-ZD-BR,B-ZB-BR,S-ZE-UN,B-ZF-BR,B-ZE-BR,B-ZB-BR,B-ZG-BR,B-ZB-BO,B-ZE-BR,B-ZF-BR,S-ZB-UN,S-ZO-UN,B-ZG-BR,B-ZF-BR,S-ZD-BO
35,,USDCAD,60,86400,BUY,ZB,1,1.38010,1.37457,553.0,1.38147,1.37854,293.0,52.984,0.00,156.0,130.5,1.38010,1.37854,1.38303,BREAK,2024.10.21 18:00,0,,0,,0,,0,NA,NewYork,BOUNCE,2024.10.22 00:00,NA,,1.37301,UNTOUCHED,,0,,0,,0,,0,NA,Other,NA,,NA,,1.38166,BREAK,2024.10.21 10:00,0,,0,,0,,0,NA,London,BREAK,2024.10.21 19:00,BOUNCE,2024.10.21 23:00,1.37698,UNTOUCHED,,0,,0,,0,,0,NA,Other,NA,,NA,,S-ZD-UN,B-ZC-BR,B-ZE-BO,B-ZB-BR,B-ZB-BR,B-ZB-BR,B-ZD-BR,B-ZB-BR,S-ZE-UN,B-ZF-BR,B-ZG-BR,B-ZB-BO,B-ZE-BR,B-ZF-BR,S-ZB-UN,S-ZO-UN,B-ZG-BR,B-ZF-BR,S-ZD-BO,S-ZO-UN
36,,USDCAD,60,86400,BUY,ZG,0,1.38625,1.38048,577.0,1.38684,1.38125,559.0,96.880,0.00,500.0,136.2,1.38625,1.38125,1.39184,BREAK,2024.10.29 19:00,0,,0,,0,,0,NA,NewYork,BREAK,2024.11.13 18:00,BREAK,2024.11.14 19:00,1.37548,UNTOUCHED,,0,,0,,0,,0,NA,Other,NA,,NA,,1.39125,BREAK,2024.10.29 19:00,0,,0,,0,,0,NA,NewYork,BREAK,2024.11.13 18:00,BREAK,2024.11.14 18:00,1.37625,UNTOUCHED,,0,,0,,0,,0,NA,Other,NA,,NA,,B-ZB-BR,S-ZD-UN,B-ZC-BR,B-ZE-BO,B-ZB-BR,B-ZB-BR,B-ZB-BR,B-ZD-BR,B-ZB-BR,S-ZE-UN,B-ZB-BO,B-ZE-BR,B-ZF-BR,S-ZB-UN,S-ZO-UN,B-ZG-BR,B-ZF-BR,S-ZD-BO,S-ZO-UN,S-ZC-UN
37,,USDCAD,60,86400,BUY,ZB,1,1.38684,1.38125,559.0,1.38969,1.38381,588.0,105.188,0.00,303.0,131.9,1.38684,1.38381,1.39272,BOUNCE,2024.10.29 20:00,1,2024.11.05 18:00,0,,0,,1,6d 22h,NewYork,NA,,NA,,1.37822,UNTOUCHED,,0,,0,,0,,0,NA,Other,NA,,NA,,1.38987,BREAK,2024.10.28 05:00,0,,0,,0,,0,NA,Asia,BOUNCE,2024.10.30 22:00,NA,,1.38078,UNTOUCHED,,0,,0,,0,,0,NA,Other,NA,,NA,,B-ZG-BR,B-ZB-BR,S-ZD-UN,B-ZC-BR,B-ZE-BO,B-ZB-BR,B-ZB-BR,B-ZB-BR,B-ZD-BR,B-ZB-BR,B-ZE-BR,B-ZF-BR,S-ZB-UN,S-ZO-UN,B-ZG-BR,B-ZF-BR,S-ZD-BO,S-ZO-UN,S-ZC-UN,B-ZC-BR
38,,USDCAD,60,86400,BUY,ZE,1,1.39293,1.38703,590.0,1.39402,1.38949,453.0,76.780,0.00,344.0,139.2,1.39293,1.38949,1.39746,BREAK,2024.11.13 18:00,0,,0,,0,,0,NA,NewYork,BREAK,2024.11.14 18:00,BREAK,2024.11.15 00:00,1.38359,BREAK,2024.11.06 01:00,0,,0,,0,,0,NA,Asia,UNTOUCHED,,NA,,1.39637,BOUNCE,2024.11.12 14:00,0,,0,,0,,0,NA,NewYork,NA,,NA,,1.38605,BREAK,2024.11.05 18:00,0,,0,,0,,0,NA,NewYork,BOUNCE,2024.11.06 04:00,NA,,B-ZB-BO,B-ZG-BR,B-ZB-BR,S-ZD-UN,B-ZC-BR,B-ZE-BO,B-ZB-BR,B-ZB-BR,B-ZB-BR,B-ZD-BR,B-ZF-BR,S-ZB-UN,S-ZO-UN,B-ZG-BR,B-ZF-BR,S-ZD-BO,S-ZO-UN,S-ZC-UN,B-ZC-BR,B-ZB-BR
39,,USDCAD,60,86400,BUY,ZF,0,1.39452,1.38908,544.0,1.39565,1.39025,540.0,99.265,0.00,427.0,128.4,1.39452,1.39025,1.39992,BREAK,2024.11.14 00:00,0,,0,,0,,0,NA,Asia,BREAK,2024.11.15 00:00,BREAK,2024.11.15 19:00,1.38481,BREAK,2024.11.05 19:00,0,,0,,0,,0,NA,NewYork,UNTOUCHED,,NA,,1.39879,BREAK,2024.11.13 18:00,0,,0,,0,,0,NA,NewYork,BREAK,2024.11.15 00:00,BREAK,2024.11.15 19:00,1.38598,BREAK,2024.11.05 18:00,0,,0,,0,,0,NA,NewYork,BOUNCE,2024.11.06 04:00,NA,,B-ZE-BR,B-ZB-BO,B-ZG-BR,B-ZB-BR,S-ZD-UN,B-ZC-BR,B-ZE-BO,B-ZB-BR,B-ZB-BR,B-ZB-BR,S-ZB-UN,S-ZO-UN,B-ZG-BR,B-ZF-BR,S-ZD-BO,S-ZO-UN,S-ZC-UN,B-ZC-BR,B-ZB-BR,S-ZC-UN
40,,USDCAD,60,86400,SELL,ZB,1,1.39291,1.38749,542.0,1.39065,1.38384,681.0,125.646,0.00,316.0,127.9,1.39065,1.38749,1.38068,UNTOUCHED,,0,,0,,0,,0,NA,Other,NA,,NA,,1.39607,BOUNCE,2024.11.12 12:00,0,,0,,0,,0,NA,London,NA,,NA,,1.38433,BREAK,2024.11.06 00:00,0,,0,,0,,0,NA,Asia,UNTOUCHED,,NA,,1.39381,BOUNCE,2024.11.06 10:00,1,2024.11.08 00:00,1,2024.11.08 00:00,0,,2,1d 14h,London,NA,,NA,,B-ZF-BR,B-ZE-BR,B-ZB-BO,B-ZG-BR,B-ZB-BR,S-ZD-UN,B-ZC-BR,B-ZE-BO,B-ZB-BR,B-ZB-BR,S-ZO-UN,B-ZG-BR,B-ZF-BR,S-ZD-BO,S-ZO-UN,S-ZC-UN,B-ZC-BR,B-ZB-BR,S-ZC-UN,B-ZF-BR
41,,USDCAD,60,86400,SELL,ZO,0,1.39480,1.38496,984.0,1.39277,1.38421,856.0,86.992,0.00,781.0,232.2,1.39277,1.38496,1.37640,UNTOUCHED,,0,,0,,0,,0,NA,Other,NA,,NA,,1.40261,BREAK,2024.11.14 18:00,0,,0,,0,,0,NA,NewYork,BOUNCE,2024.11.18 21:00,NA,,1.37715,UNTOUCHED,,0,,0,,0,,0,NA,Other,NA,,NA,,1.40058,BREAK,2024.11.14 06:00,0,,0,,0,,0,NA,Asia,BOUNCE,2024.11.18 23:00,NA,,S-ZB-UN,B-ZF-BR,B-ZE-BR,B-ZB-BO,B-ZG-BR,B-ZB-BR,S-ZD-UN,B-ZC-BR,B-ZE-BO,B-ZB-BR,B-ZG-BR,B-ZF-BR,S-ZD-BO,S-ZO-UN,S-ZC-UN,B-ZC-BR,B-ZB-BR,S-ZC-UN,B-ZF-BR,B-ZE-BR
42,,USDCAD,60,86400,BUY,ZG,0,1.39505,1.39027,478.0,1.39671,1.39141,530.0,110.879,0.00,364.0,112.8,1.39505,1.39141,1.40035,BREAK,2024.11.14 06:00,0,,0,,0,,0,NA,Asia,BREAK,2024.11.15 00:00,BREAK,2024.11.15 19:00,1.38663,UNTOUCHED,,0,,0,,0,,0,NA,Other,NA,,NA,,1.39869,BOUNCE,2024.11.13 18:00,0,,0,,0,,0,NA,NewYork,NA,,NA,,1.38777,UNTOUCHED,,0,,0,,0,,0,NA,Other,NA,,NA,,S-ZO-UN,S-ZB-UN,B-ZF-BR,B-ZE-BR,B-ZB-BO,B-ZG-BR,B-ZB-BR,S-ZD-UN,B-ZC-BR,B-ZE-BO,B-ZF-BR,S-ZD-BO,S-ZO-UN,S-ZC-UN,B-ZC-BR,B-ZB-BR,S-ZC-UN,B-ZF-BR,B-ZE-BR,S-ZF-UN
43,,USDCAD,60,86400,BUY,ZF,0,1.39671,1.39141,530.0,1.39987,1.39306,681.0,128.491,0.00,365.0,125.1,1.39671,1.39306,1.40352,BREAK,2024.11.14 19:00,0,,0,,0,,0,NA,NewYork,BREAK,2024.11.15 18:00,BOUNCE,2024.11.26 03:00,1.38776,UNTOUCHED,,0,,0,,0,,0,NA,Other,NA,,NA,,1.40036,BREAK,2024.11.14 06:00,0,,0,,0,,0,NA,Asia,BREAK,2024.11.15 00:00,BREAK,2024.11.15 19:00,1.38941,UNTOUCHED,,0,,0,,0,,0,NA,Other,NA,,NA,,B-ZG-BR,S-ZO-UN,S-ZB-UN,B-ZF-BR,B-ZE-BR,B-ZB-BO,B-ZG-BR,B-ZB-BR,S-ZD-UN,B-ZC-BR,S-ZD-BO,S-ZO-UN,S-ZC-UN,B-ZC-BR,B-ZB-BR,S-ZC-UN,B-ZF-BR,B-ZE-BR,S-ZF-UN,B-ZF-BR
44,,USDCAD,60,86400,SELL,ZD,1,1.41024,1.40039,985.0,1.40364,1.39643,721.0,73.198,0.00,325.0,232.5,1.40364,1.40039,1.39318,BOUNCE,2024.11.21 19:00,1,2024.11.22 13:00,1,2024.11.26 03:00,1,2024.11.26 04:00,3,4d 9h,NewYork,NA,,NA,,1.41349,BREAK,2024.11.26 04:00,0,,0,,0,,0,NA,Asia,BOUNCE,2024.11.26 05:00,NA,,1.39714,BOUNCE,2024.11.20 00:00,1,2024.11.26 03:00,1,2024.11.26 04:00,0,,2,6d 4h,Asia,NA,,NA,,1.40689,BREAK,2024.11.26 03:00,0,,0,,0,,0,NA,Asia,BREAK,2024.11.26 04:00,BREAK,2024.11.26 05:00,B-ZF-BR,B-ZG-BR,S-ZO-UN,S-ZB-UN,B-ZF-BR,B-ZE-BR,B-ZB-BO,B-ZG-BR,B-ZB-BR,S-ZD-UN,S-ZO-UN,S-ZC-UN,B-ZC-BR,B-ZB-BR,S-ZC-UN,B-ZF-BR,B-ZE-BR,S-ZF-UN,B-ZF-BR,B-ZE-BR
45,,USDCAD,60,86400,SELL,ZO,0,1.40364,1.39643,721.0,1.40142,1.39504,638.0,88.488,0.00,499.0,170.2,1.40142,1.39643,1.39005,UNTOUCHED,,0,,0,,0,,0,NA,Other,NA,,NA,,1.40863,BREAK,2024.11.26 03:00,0,,0,,0,,0,NA,Asia,BREAK,2024.11.26 04:00,BOUNCE,2024.12.11 18:00,1.39144,UNTOUCHED,,0,,0,,0,,0,NA,Other,NA,,NA,,1.40641,BREAK,2024.11.26 03:00,0,,0,,0,,0,NA,Asia,BREAK,2024.11.26 04:00,BOUNCE,2024.11.26 06:00,S-ZD-BO,B-ZF-BR,B-ZG-BR,S-ZO-UN,S-ZB-UN,B-ZF-BR,B-ZE-BR,B-ZB-BO,B-ZG-BR,B-ZB-BR,S-ZC-UN,B-ZC-BR,B-ZB-BR,S-ZC-UN,B-ZF-BR,B-ZE-BR,S-ZF-UN,B-ZF-BR,B-ZE-BR,B-ZF-BR
46,,USDCAD,60,86400,SELL,ZC,1,1.40142,1.39504,638.0,1.39884,1.39311,573.0,89.812,0.00,380.0,150.6,1.39884,1.39504,1.38931,UNTOUCHED,,0,,0,,0,,0,NA,Other,NA,,NA,,1.40522,BREAK,2024.11.26 03:00,0,,0,,0,,0,NA,Asia,BREAK,2024.11.26 04:00,BREAK,2024.11.26 05:00,1.39124,UNTOUCHED,,0,,0,,0,,0,NA,Other,NA,,NA,,1.40264,BREAK,2024.11.26 03:00,0,,0,,0,,0,NA,Asia,BREAK,2024.11.26 04:00,BREAK,2024.11.26 05:00,S-ZO-UN,S-ZD-BO,B-ZF-BR,B-ZG-BR,S-ZO-UN,S-ZB-UN,B-ZF-BR,B-ZE-BR,B-ZB-BO,B-ZG-BR,B-ZC-BR,B-ZB-BR,S-ZC-UN,B-ZF-BR,B-ZE-BR,S-ZF-UN,B-ZF-BR,B-ZE-BR,B-ZF-BR,B-ZF-BR
47,,USDCAD,60,86400,BUY,ZC,1,1.39884,1.39311,573.0,1.40209,1.39577,632.0,110.297,0.00,307.0,135.2,1.39884,1.39577,1.40516,BREAK,2024.11.26 03:00,0,,0,,0,,0,NA,Asia,BREAK,2024.11.26 04:00,BREAK,2024.11.26 05:00,1.39004,UNTOUCHED,,0,,0,,0,,0,NA,Other,NA,,NA,,1.40191,BREAK,2024.11.26 03:00,0,,0,,0,,0,NA,Asia,BREAK,2024.11.26 04:00,BREAK,2024.11.26 05:00,1.39270,UNTOUCHED,,0,,0,,0,,0,NA,Other,NA,,NA,,S-ZC-UN,S-ZO-UN,S-ZD-BO,B-ZF-BR,B-ZG-BR,S-ZO-UN,S-ZB-UN,B-ZF-BR,B-ZE-BR,B-ZB-BO,B-ZB-BR,S-ZC-UN,B-ZF-BR,B-ZE-BR,S-ZF-UN,B-ZF-BR,B-ZE-BR,B-ZF-BR,B-ZF-BR,B-ZB-BO
48,,USDCAD,60,86400,BUY,ZB,1,1.40071,1.39274,797.0,1.41777,1.39735,2042.0,256.211,0.00,336.0,188.1,1.40071,1.39735,1.42113,BREAK,2024.12.12 23:00,0,,0,,0,,0,NA,Other,BREAK,2024.12.16 18:00,BREAK,2024.12.17 18:00,1.38938,UNTOUCHED,,0,,0,,0,,0,NA,Other,NA,,NA,,1.40407,BREAK,2024.11.27 00:00,0,,0,,0,,0,NA,Asia,BOUNCE,2024.11.27 12:00,NA,,1.39399,UNTOUCHED,,0,,0,,0,,0,NA,Other,NA,,NA,,B-ZC-BR,S-ZC-UN,S-ZO-UN,S-ZD-BO,B-ZF-BR,B-ZG-BR,S-ZO-UN,S-ZB-UN,B-ZF-BR,B-ZE-BR,S-ZC-UN,B-ZF-BR,B-ZE-BR,S-ZF-UN,B-ZF-BR,B-ZE-BR,B-ZF-BR,B-ZF-BR,B-ZB-BO,B-ZE-UN
49,,USDCAD,60,86400,SELL,ZC,1,1.40778,1.40093,685.0,1.40356,1.39984,372.0,54.307,0.00,263.0,161.7,1.40356,1.40093,1.39721,UNTOUCHED,,0,,0,,0,,0,NA,Other,NA,,NA,,1.41041,BREAK,2024.12.06 18:00,0,,0,,0,,0,NA,NewYork,BREAK,2024.12.06 19:00,BREAK,2024.12.09 09:00,1.39830,BOUNCE,2024.11.29 08:00,1,2024.12.02 18:00,1,2024.12.06 18:00,0,,2,1w 0d,London,NA,,NA,,1.40619,BOUNCE,2024.12.02 18:00,0,,0,,0,,0,NA,NewYork,NA,,NA,,B-ZB-BR,B-ZC-BR,S-ZC-UN,S-ZO-UN,S-ZD-BO,B-ZF-BR,B-ZG-BR,S-ZO-UN,S-ZB-UN,B-ZF-BR,B-ZF-BR,B-ZE-BR,S-ZF-UN,B-ZF-BR,B-ZE-BR,B-ZF-BR,B-ZF-BR,B-ZB-BO,B-ZE-UN,S-ZG-UN
50,,USDCAD,60,86400,BUY,ZF,1,1.40067,1.39831,236.0,1.40895,1.39866,1029.0,436.017,0.00,201.0,55.7,1.40067,1.39866,1.41096,BREAK,2024.12.06 18:00,0,,0,,0,,0,NA,NewYork,BREAK,2024.12.06 19:00,BREAK,2024.12.06 21:00,1.39630,UNTOUCHED,,0,,0,,0,,0,NA,Other,NA,,NA,,1.40268,BREAK,2024.12.03 00:00,0,,0,,0,,0,NA,Asia,BREAK,2024.12.03 04:00,BOUNCE,2024.12.03 19:00,1.39665,UNTOUCHED,,0,,0,,0,,0,NA,Other,NA,,NA,,S-ZC-UN,B-ZB-BR,B-ZC-BR,S-ZC-UN,S-ZO-UN,S-ZD-BO,B-ZF-BR,B-ZG-BR,S-ZO-UN,S-ZB-UN,B-ZE-BR,S-ZF-UN,B-ZF-BR,B-ZE-BR,B-ZF-BR,B-ZF-BR,B-ZB-BO,B-ZE-UN,S-ZG-UN,B-ZC-BR
51,,USDCAD,60,86400,BUY,ZE,1,1.40757,1.40091,666.0,1.40830,1.40519,311.0,46.697,0.00,238.0,157.2,1.40757,1.40519,1.41068,BREAK,2024.12.06 18:00,0,,0,,0,,0,NA,NewYork,BREAK,2024.12.06 19:00,BREAK,2024.12.09 09:00,1.39853,UNTOUCHED,,0,,0,,0,,0,NA,Other,NA,,NA,,1.40995,BREAK,2024.12.06 18:00,0,,0,,0,,0,NA,NewYork,BREAK,2024.12.06 19:00,BREAK,2024.12.06 23:00,1.40281,BREAK,2024.12.05 18:00,0,,0,,0,,0,NA,NewYork,UNTOUCHED,,NA,,B-ZF-BR,S-ZC-UN,B-ZB-BR,B-ZC-BR,S-ZC-UN,S-ZO-UN,S-ZD-BO,B-ZF-BR,B-ZG-BR,S-ZO-UN,S-ZF-UN,B-ZF-BR,B-ZE-BR,B-ZF-BR,B-ZF-BR,B-ZB-BO,B-ZE-UN,S-ZG-UN,B-ZC-BR,S-ZO-BO
52,,USDCAD,60,86400,SELL,ZF,1,1.40830,1.40519,311.0,1.40792,1.40103,689.0,221.543,0.00,273.0,73.4,1.40792,1.40519,1.39830,UNTOUCHED,,0,,0,,0,,0,NA,Other,NA,,NA,,1.41103,BREAK,2024.12.06 18:00,0,,0,,0,,0,NA,NewYork,BREAK,2024.12.06 19:00,BREAK,2024.12.09 09:00,1.40246,BREAK,2024.12.06 00:00,0,,0,,0,,0,NA,Asia,UNTOUCHED,,NA,,1.41065,BREAK,2024.12.06 18:00,0,,0,,0,,0,NA,NewYork,BREAK,2024.12.06 19:00,BREAK,2024.12.09 08:00,B-ZE-BR,B-ZF-BR,S-ZC-UN,B-ZB-BR,B-ZC-BR,S-ZC-UN,S-ZO-UN,S-ZD-BO,B-ZF-BR,B-ZG-BR,B-ZF-BR,B-ZE-BR,B-ZF-BR,B-ZF-BR,B-ZB-BO,B-ZE-UN,S-ZG-UN,B-ZC-BR,S-ZO-BO,B-ZF-BR
53,,USDCAD,60,86400,BUY,ZF,1,1.40792,1.40103,689.0,1.41645,1.40131,1514.0,219.739,0.00,661.0,162.6,1.40792,1.40131,1.42306,BREAK,2024.12.13 05:00,0,,0,,0,,0,NA,Asia,BREAK,2024.12.17 19:00,BREAK,2024.12.18 23:00,1.39442,UNTOUCHED,,0,,0,,0,,0,NA,Other,NA,,NA,,1.41453,BREAK,2024.12.07 00:00,0,,0,,0,,0,NA,Asia,BREAK,2024.12.13 05:00,BREAK,2024.12.17 16:00,1.39470,UNTOUCHED,,0,,0,,0,,0,NA,Other,NA,,NA,,S-ZF-UN,B-ZE-BR,B-ZF-BR,S-ZC-UN,B-ZB-BR,B-ZC-BR,S-ZC-UN,S-ZO-UN,S-ZD-BO,B-ZF-BR,B-ZE-BR,B-ZF-BR,B-ZF-BR,B-ZB-BO,B-ZE-UN,S-ZG-UN,B-ZC-BR,S-ZO-BO,B-ZF-BR,B-ZD-BO
54,,USDCAD,60,86400,BUY,ZE,1,1.41748,1.40932,816.0,1.41947,1.41556,391.0,47.917,0.00,192.0,192.6,1.41748,1.41556,1.42139,BREAK,2024.12.13 00:00,0,,0,,0,,0,NA,Asia,BOUNCE,2024.12.13 16:00,NA,,1.40740,UNTOUCHED,,0,,0,,0,,0,NA,Other,NA,,NA,,1.41940,BOUNCE,2024.12.11 18:00,1,2024.12.11 19:00,0,,0,,1,1h,NewYork,NA,,NA,,1.41364,BOUNCE,2024.12.11 18:00,1,2024.12.12 18:00,1,2024.12.12 18:00,0,,2,1d 0h,NewYork,NA,,NA,,B-ZF-BR,S-ZF-UN,B-ZE-BR,B-ZF-BR,S-ZC-UN,B-ZB-BR,B-ZC-BR,S-ZC-UN,S-ZO-UN,S-ZD-BO,B-ZF-BR,B-ZF-BR,B-ZB-BO,B-ZE-UN,S-ZG-UN,B-ZC-BR,S-ZO-BO,B-ZF-BR,B-ZD-BO,B-ZH-BR
55,,USDCAD,60,86400,BUY,ZF,0,1.41944,1.41198,746.0,1.42120,1.41311,809.0,108.445,0.00,633.0,176.1,1.41944,1.41311,1.42753,BREAK,2024.12.17 12:00,0,,0,,0,,0,NA,London,BREAK,2024.12.18 23:00,BREAK,2024.12.19 00:00,1.40565,UNTOUCHED,,0,,0,,0,,0,NA,Other,NA,,NA,,1.42577,BREAK,2024.12.16 18:00,0,,0,,0,,0,NA,NewYork,BREAK,2024.12.18 21:00,BREAK,2024.12.18 23:00,1.40678,UNTOUCHED,,0,,0,,0,,0,NA,Other,NA,,NA,,B-ZE-BR,B-ZF-BR,S-ZF-UN,B-ZE-BR,B-ZF-BR,S-ZC-UN,B-ZB-BR,B-ZC-BR,S-ZC-UN,S-ZO-UN,B-ZF-BR,B-ZB-BO,B-ZE-UN,S-ZG-UN,B-ZC-BR,S-ZO-BO,B-ZF-BR,B-ZD-BO,B-ZH-BR,S-ZB-BR
56,,USDCAD,60,86400,BUY,ZF,1,1.42704,1.42168,536.0,1.43233,1.42287,946.0,176.493,0.00,417.0,126.5,1.42704,1.42287,1.43650,BREAK,2024.12.18 23:00,0,,0,,0,,0,NA,Other,BREAK,2024.12.19 00:00,BREAK,2024.12.19 03:00,1.41751,UNTOUCHED,,0,,0,,0,,0,NA,Other,NA,,NA,,1.43121,BREAK,2024.12.18 00:00,0,,0,,0,,0,NA,Asia,BREAK,2024.12.18 23:00,BREAK,2024.12.19 00:00,1.41870,UNTOUCHED,,0,,0,,0,,0,NA,Other,NA,,NA,,B-ZF-BR,B-ZE-BR,B-ZF-BR,S-ZF-UN,B-ZE-BR,B-ZF-BR,S-ZC-UN,B-ZB-BR,B-ZC-BR,S-ZC-UN,B-ZB-BO,B-ZE-UN,S-ZG-UN,B-ZC-BR,S-ZO-BO,B-ZF-BR,B-ZD-BO,B-ZH-BR,S-ZB-BR,S-ZB-BO
57,,USDCAD,60,86400,BUY,ZB,1,1.43233,1.42287,946.0,1.44248,1.42935,1313.0,138.795,0.00,298.0,223.3,1.43233,1.42935,1.44546,BOUNCE,2024.12.19 03:00,1,2024.12.19 12:00,1,2025.01.20 18:00,0,,2,4w 4d,Asia,NA,,NA,,1.41989,UNTOUCHED,,0,,0,,0,,0,NA,Other,NA,,NA,,1.43531,BREAK,2024.12.19 00:00,0,,0,,0,,0,NA,Asia,BREAK,2024.12.19 01:00,BREAK,2024.12.19 02:00,1.42637,BOUNCE,2025.01.20 18:00,1,2025.01.20 19:00,1,2025.01.20 19:00,0,,2,1h,NewYork,NA,,NA,,B-ZF-BR,B-ZF-BR,B-ZE-BR,B-ZF-BR,S-ZF-UN,B-ZE-BR,B-ZF-BR,S-ZC-UN,B-ZB-BR,B-ZC-BR,B-ZE-UN,S-ZG-UN,B-ZC-BR,S-ZO-BO,B-ZF-BR,B-ZD-BO,B-ZH-BR,S-ZB-BR,S-ZB-BO,B-ZF-BO
58,,USDCAD,60,86400,BUY,ZE,1,1.44248,1.42935,1313.0,1.44668,1.43443,1225.0,93.298,0.00,805.0,309.9,1.44248,1.43443,1.45473,UNTOUCHED,,0,,0,,0,,0,NA,Other,NA,,NA,,1.42130,UNTOUCHED,,0,,0,,0,,0,NA,Other,NA,,NA,,1.45053,BOUNCE,2025.01.21 04:00,0,,0,,0,,0,NA,Asia,NA,,NA,,1.42638,BOUNCE,2025.01.20 18:00,1,2025.01.21 04:00,1,2025.01.21 04:00,0,,2,10h,NewYork,NA,,NA,,B-ZB-BO,B-ZF-BR,B-ZF-BR,B-ZE-BR,B-ZF-BR,S-ZF-UN,B-ZE-BR,B-ZF-BR,S-ZC-UN,B-ZB-BR,S-ZG-UN,B-ZC-BR,S-ZO-BO,B-ZF-BR,B-ZD-BO,B-ZH-BR,S-ZB-BR,S-ZB-BO,B-ZF-BO,B-ZD-BR
59,,USDCAD,60,86400,SELL,ZG,0,1.44668,1.43443,1225.0,1.44352,1.43352,1000.0,81.633,0.00,909.0,289.1,1.44352,1.43443,1.42443,UNTOUCHED,,0,,0,,0,,0,NA,Other,NA,,NA,,1.45577,BREAK,2025.01.31 00:00,0,,0,,0,,0,NA,Asia,BREAK,2025.02.03 02:00,BREAK,2025.02.03 06:00,1.42534,UNTOUCHED,,0,,0,,0,,0,NA,Other,NA,,NA,,1.45261,BREAK,2025.01.31 00:00,0,,0,,0,,0,NA,Asia,BREAK,2025.02.03 02:00,BREAK,2025.02.03 03:00,B-ZE-UN,B-ZB-BO,B-ZF-BR,B-ZF-BR,B-ZE-BR,B-ZF-BR,S-ZF-UN,B-ZE-BR,B-ZF-BR,S-ZC-UN,B-ZC-BR,S-ZO-BO,B-ZF-BR,B-ZD-BO,B-ZH-BR,S-ZB-BR,S-ZB-BO,B-ZF-BO,B-ZD-BR,B-ZG-BR
60,,USDCAD,60,86400,BUY,ZC,1,1.44204,1.43337,867.0,1.44492,1.43747,745.0,85.928,0.00,457.0,204.6,1.44204,1.43747,1.44949,BREAK,2025.01.21 04:00,0,,0,,0,,0,NA,Asia,BREAK,2025.01.31 00:00,BREAK,2025.02.03 02:00,1.42880,BOUNCE,2025.01.06 18:00,1,2025.01.08 15:00,1,2025.01.18 00:00,1,2025.01.21 04:00,3,2w 0d,NewYork,NA,,NA,,1.44661,BOUNCE,2025.01.18 00:00,1,2025.01.20 18:00,1,2025.01.20 18:00,0,,2,2d 18h,Asia,NA,,NA,,1.43290,BREAK,2025.01.06 15:00,0,,0,,0,,0,NA,NewYork,BOUNCE,2025.01.06 18:00,NA,,S-ZG-UN,B-ZE-UN,B-ZB-BO,B-ZF-BR,B-ZF-BR,B-ZE-BR,B-ZF-BR,S-ZF-UN,B-ZE-BR,B-ZF-BR,S-ZO-BO,B-ZF-BR,B-ZD-BO,B-ZH-BR,S-ZB-BR,S-ZB-BO,B-ZF-BO,B-ZD-BR,B-ZG-BR,B-ZO-BO
61,,USDCAD,60,86400,SELL,ZO,0,1.44328,1.43449,879.0,1.44093,1.43381,712.0,81.001,0.00,644.0,207.4,1.44093,1.43449,1.42737,BOUNCE,2025.01.20 18:00,1,2025.01.21 04:00,1,2025.01.21 04:00,1,2025.01.21 04:00,3,10h,NewYork,NA,,NA,,1.44972,BOUNCE,2025.01.21 04:00,1,2025.01.21 19:00,1,2025.02.05 13:00,1,2025.02.05 14:00,3,2w 1d,Asia,NA,,NA,,1.42805,BOUNCE,2025.01.06 18:00,1,2025.01.18 00:00,1,2025.01.21 04:00,0,,2,2w 0d,NewYork,NA,,NA,,1.44737,BOUNCE,2025.01.18 00:00,1,2025.01.20 18:00,1,2025.01.20 18:00,0,,2,2d 18h,Asia,NA,,NA,,B-ZC-BR,S-ZG-UN,B-ZE-UN,B-ZB-BO,B-ZF-BR,B-ZF-BR,B-ZE-BR,B-ZF-BR,S-ZF-UN,B-ZE-BR,B-ZF-BR,B-ZD-BO,B-ZH-BR,S-ZB-BR,S-ZB-BO,B-ZF-BO,B-ZD-BR,B-ZG-BR,B-ZO-BO,S-ZG-BR
62,,USDCAD,60,86400,BUY,ZF,0,1.44417,1.43691,726.0,1.44633,1.43831,802.0,110.468,0.00,586.0,171.3,1.44417,1.43831,1.45219,BREAK,2025.01.31 00:00,0,,0,,0,,0,NA,Asia,BREAK,2025.02.03 02:00,BREAK,2025.02.03 03:00,1.43105,BOUNCE,2025.01.06 15:00,1,2025.01.10 17:00,1,2025.01.21 04:00,1,2025.01.31 00:00,3,3w 3d,NewYork,NA,,NA,,1.45003,BOUNCE,2025.01.21 04:00,1,2025.01.21 21:00,1,2025.01.22 14:00,0,,2,1d 10h,Asia,NA,,NA,,1.43245,BREAK,2025.01.06 15:00,0,,0,,0,,0,NA,NewYork,BOUNCE,2025.01.20 18:00,NA,,S-ZO-BO,B-ZC-BR,S-ZG-UN,B-ZE-UN,B-ZB-BO,B-ZF-BR,B-ZF-BR,B-ZE-BR,B-ZF-BR,S-ZF-UN,B-ZD-BO,B-ZH-BR,S-ZB-BR,S-ZB-BO,B-ZF-BO,B-ZD-BR,B-ZG-BR,B-ZO-BO,S-ZG-BR,B-ZC-BO
63,,USDCAD,60,86400,BUY,ZD,1,1.43657,1.42978,679.0,1.44095,1.43391,704.0,103.682,0.00,266.0,160.2,1.43657,1.43391,1.44361,BOUNCE,2025.01.10 17:00,1,2025.01.10 18:00,1,2025.01.15 17:00,1,2025.01.20 18:00,3,1w 3d,NewYork,NA,,NA,,1.42712,BOUNCE,2025.01.20 18:00,1,2025.01.20 19:00,1,2025.01.21 04:00,1,2025.01.21 04:00,3,10h,NewYork,NA,,NA,,1.43923,BOUNCE,2025.01.09 00:00,1,2025.01.15 17:00,1,2025.01.20 18:00,0,,2,1w 4d,Asia,NA,,NA,,1.43125,BOUNCE,2025.01.15 17:00,1,2025.01.16 16:00,1,2025.01.16 16:00,0,,2,23h,NewYork,NA,,NA,,B-ZF-BR,S-ZO-BO,B-ZC-BR,S-ZG-UN,B-ZE-UN,B-ZB-BO,B-ZF-BR,B-ZF-BR,B-ZE-BR,B-ZF-BR,B-ZH-BR,S-ZB-BR,S-ZB-BO,B-ZF-BO,B-ZD-BR,B-ZG-BR,B-ZO-BO,S-ZG-BR,B-ZC-BO,B-ZB-BR
64,,USDCAD,60,86400,BUY,ZH,1,1.44048,1.43642,406.0,1.44425,1.43754,671.0,165.271,0.00,294.0,95.8,1.44048,1.43754,1.44719,BREAK,2025.01.18 00:00,0,,0,,0,,0,NA,Asia,BREAK,2025.01.21 04:00,BREAK,2025.01.31 00:00,1.43348,BOUNCE,2025.01.15 12:00,1,2025.01.16 18:00,1,2025.01.17 16:00,1,2025.01.18 00:00,3,2d 12h,London,NA,,NA,,1.44342,BREAK,2025.01.11 00:00,0,,0,,0,,0,NA,Asia,BOUNCE,2025.01.17 18:00,NA,,1.43460,BOUNCE,2025.01.14 03:00,1,2025.01.17 16:00,1,2025.01.17 16:00,0,,2,3d 13h,Asia,NA,,NA,,B-ZD-BO,B-ZF-BR,S-ZO-BO,B-ZC-BR,S-ZG-UN,B-ZE-UN,B-ZB-BO,B-ZF-BR,B-ZF-BR,B-ZE-BR,S-ZB-BR,S-ZB-BO,B-ZF-BO,B-ZD-BR,B-ZG-BR,B-ZO-BO,S-ZG-BR,B-ZC-BO,B-ZB-BR,B-ZC-BR
65,,USDCAD,60,86400,SELL,ZB,1,1.44468,1.43919,549.0,1.44121,1.43429,692.0,126.047,0.00,202.0,129.6,1.44121,1.43919,1.43227,BREAK,2025.01.15 17:00,0,,0,,0,,0,NA,NewYork,BREAK,2025.01.20 18:00,BOUNCE,2025.01.20 19:00,1.44670,BREAK,2025.01.18 00:00,0,,0,,0,,0,NA,Asia,BREAK,2025.01.21 04:00,BREAK,2025.01.31 00:00,1.43717,BREAK,2025.01.15 00:00,0,,0,,0,,0,NA,Asia,BREAK,2025.01.15 12:00,BREAK,2025.01.15 17:00,1.44323,BOUNCE,2025.01.17 16:00,1,2025.01.20 17:00,1,2025.01.20 17:00,0,,2,3d 1h,NewYork,NA,,NA,,B-ZH-BR,B-ZD-BO,B-ZF-BR,S-ZO-BO,B-ZC-BR,S-ZG-UN,B-ZE-UN,B-ZB-BO,B-ZF-BR,B-ZF-BR,S-ZB-BO,B-ZF-BO,B-ZD-BR,B-ZG-BR,B-ZO-BO,S-ZG-BR,B-ZC-BO,B-ZB-BR,B-ZC-BR,S-ZD-BR
66,,USDCAD,60,86400,SELL,ZB,1,1.44121,1.43429,692.0,1.43688,1.43023,665.0,96.098,0.00,259.0,163.3,1.43688,1.43429,1.42764,BOUNCE,2025.01.20 18:00,1,2025.01.20 19:00,1,2025.01.21 04:00,1,2025.01.21 04:00,3,10h,NewYork,NA,,NA,,1.44380,BOUNCE,2025.01.17 16:00,1,2025.01.17 19:00,1,2025.01.20 17:00,1,2025.01.20 18:00,3,3d 2h,NewYork,NA,,NA,,1.43170,BOUNCE,2025.01.16 02:00,1,2025.01.16 18:00,1,2025.01.17 16:00,0,,2,1d 14h,Asia,NA,,NA,,1.43947,BOUNCE,2025.01.16 18:00,1,2025.01.20 17:00,1,2025.01.20 17:00,0,,2,3d 23h,NewYork,NA,,NA,,S-ZB-BR,B-ZH-BR,B-ZD-BO,B-ZF-BR,S-ZO-BO,B-ZC-BR,S-ZG-UN,B-ZE-UN,B-ZB-BO,B-ZF-BR,B-ZF-BO,B-ZD-BR,B-ZG-BR,B-ZO-BO,S-ZG-BR,B-ZC-BO,B-ZB-BR,B-ZC-BR,S-ZD-BR,S-ZO-BR
67,,USDCAD,60,86400,BUY,ZF,0,1.43688,1.43023,665.0,1.44005,1.43146,859.0,129.173,0.00,542.0,156.9,1.43688,1.43146,1.44547,BOUNCE,2025.01.17 18:00,1,2025.01.20 17:00,1,2025.02.12 21:00,1,2025.02.13 19:00,3,3w 6d,NewYork,NA,,NA,,1.42481,BREAK,2025.02.13 19:00,0,,0,,0,,0,NA,NewYork,BREAK,2025.02.14 08:00,UNTOUCHED,,1.44230,BREAK,2025.01.17 16:00,0,,0,,0,,0,NA,NewYork,BOUNCE,2025.01.20 17:00,NA,,1.42604,BREAK,2025.02.12 21:00,0,,0,,0,,0,NA,Other,BREAK,2025.02.14 00:00,BOUNCE,2025.02.18 05:00,S-ZB-BO,S-ZB-BR,B-ZH-BR,B-ZD-BO,B-ZF-BR,S-ZO-BO,B-ZC-BR,S-ZG-UN,B-ZE-UN,B-ZB-BO,B-ZD-BR,B-ZG-BR,B-ZO-BO,S-ZG-BR,B-ZC-BO,B-ZB-BR,B-ZC-BR,S-ZD-BR,S-ZO-BR,S-ZF-BO
68,,USDCAD,60,86400,BUY,ZD,1,1.44005,1.43146,859.0,1.44646,1.43728,918.0,106.868,0.00,277.0,202.7,1.44005,1.43728,1.44923,BREAK,2025.01.21 04:00,0,,0,,0,,0,NA,Asia,BREAK,2025.01.31 00:00,BOUNCE,2025.01.31 18:00,1.42869,BREAK,2025.01.20 18:00,0,,0,,0,,0,NA,NewYork,BOUNCE,2025.02.12 21:00,NA,,1.44282,BREAK,2025.01.18 00:00,0,,0,,0,,0,NA,Asia,BREAK,2025.01.18 01:00,BOUNCE,2025.01.20 05:00,1.43451,BREAK,2025.01.20 17:00,0,,0,,0,,0,NA,NewYork,BREAK,2025.01.20 18:00,BOUNCE,2025.01.20 19:00,B-ZF-BO,S-ZB-BO,S-ZB-BR,B-ZH-BR,B-ZD-BO,B-ZF-BR,S-ZO-BO,B-ZC-BR,S-ZG-UN,B-ZE-UN,B-ZG-BR,B-ZO-BO,S-ZG-BR,B-ZC-BO,B-ZB-BR,B-ZC-BR,S-ZD-BR,S-ZO-BR,S-ZF-BO,B-ZG-BO
69,,USDCAD,60,86400,BUY,ZG,0,1.44854,1.42611,2243.0,1.45157,1.42831,2326.0,103.700,0.00,2023.0,529.3,1.44854,1.42831,1.47180,BREAK,2025.02.03 02:00,0,,0,,0,,0,NA,Asia,UNTOUCHED,,NA,,1.40588,UNTOUCHED,,0,,0,,0,,0,NA,Other,NA,,NA,,1.46877,BREAK,2025.02.03 02:00,0,,0,,0,,0,NA,Asia,UNTOUCHED,,NA,,1.40808,UNTOUCHED,,0,,0,,0,,0,NA,Other,NA,,NA,,B-ZD-BR,B-ZF-BO,S-ZB-BO,S-ZB-BR,B-ZH-BR,B-ZD-BO,B-ZF-BR,S-ZO-BO,B-ZC-BR,S-ZG-UN,B-ZO-BO,S-ZG-BR,B-ZC-BO,B-ZB-BR,B-ZC-BR,S-ZD-BR,S-ZO-BR,S-ZF-BO,B-ZG-BO,B-ZF-BR
70,,USDCAD,60,86400,BUY,ZO,0,1.43907,1.43008,899.0,1.44131,1.43344,787.0,87.542,0.00,563.0,212.2,1.43907,1.43344,1.44694,BOUNCE,2025.01.29 17:00,1,2025.02.04 19:00,1,2025.02.05 14:00,1,2025.02.13 19:00,3,2w 1d,NewYork,NA,,NA,,1.42445,BREAK,2025.02.13 19:00,0,,0,,0,,0,NA,NewYork,BREAK,2025.02.14 11:00,UNTOUCHED,,1.44470,BREAK,2025.01.29 17:00,0,,0,,0,,0,NA,NewYork,BREAK,2025.01.31 00:00,BREAK,2025.02.03 02:00,1.42781,BOUNCE,2025.02.05 14:00,1,2025.02.28 00:00,1,2025.02.28 00:00,0,,2,3w 1d,NewYork,NA,,NA,,B-ZG-BR,B-ZD-BR,B-ZF-BO,S-ZB-BO,S-ZB-BR,B-ZH-BR,B-ZD-BO,B-ZF-BR,S-ZO-BO,B-ZC-BR,S-ZG-BR,B-ZC-BO,B-ZB-BR,B-ZC-BR,S-ZD-BR,S-ZO-BR,S-ZF-BO,B-ZG-BO,B-ZF-BR,S-ZF-BR
71,,USDCAD,60,86400,SELL,ZG,0,1.44131,1.43344,787.0,1.43850,1.43148,702.0,89.199,0.00,506.0,185.7,1.43850,1.43344,1.42642,BREAK,2025.02.12 21:00,0,,0,,0,,0,NA,Other,BREAK,2025.02.14 00:00,BOUNCE,2025.02.19 16:00,1.44637,BOUNCE,2025.01.29 17:00,1,2025.02.04 18:00,1,2025.02.05 12:00,1,2025.02.12 21:00,3,2w 0d,NewYork,NA,,NA,,1.42838,BOUNCE,2025.02.05 12:00,1,2025.02.27 18:00,1,2025.03.01 00:00,0,,2,3w 2d,London,NA,,NA,,1.44356,BREAK,2025.01.29 16:00,0,,0,,0,,0,NA,NewYork,BREAK,2025.01.31 00:00,BOUNCE,2025.01.31 19:00,B-ZO-BO,B-ZG-BR,B-ZD-BR,B-ZF-BO,S-ZB-BO,S-ZB-BR,B-ZH-BR,B-ZD-BO,B-ZF-BR,S-ZO-BO,B-ZC-BO,B-ZB-BR,B-ZC-BR,S-ZD-BR,S-ZO-BR,S-ZF-BO,B-ZG-BO,B-ZF-BR,S-ZF-BR,S-ZO-BR
72,,USDCAD,60,86400,BUY,ZC,1,1.44014,1.43192,822.0,1.44199,1.43626,573.0,69.708,0.00,388.0,194.0,1.44014,1.43626,1.44587,BOUNCE,2025.01.29 17:00,1,2025.01.31 21:00,1,2025.02.04 20:00,1,2025.02.05 13:00,3,6d 20h,NewYork,NA,,NA,,1.42804,BOUNCE,2025.02.05 13:00,1,2025.02.06 11:00,1,2025.02.27 20:00,1,2025.02.28 22:00,3,3w 2d,NewYork,NA,,NA,,1.44402,BREAK,2025.01.29 16:00,0,,0,,0,,0,NA,NewYork,BREAK,2025.01.31 00:00,BREAK,2025.01.31 18:00,1.43238,BREAK,2025.02.04 20:00,0,,0,,0,,0,NA,NewYork,BOUNCE,2025.02.06 00:00,NA,,S-ZG-BR,B-ZO-BO,B-ZG-BR,B-ZD-BR,B-ZF-BO,S-ZB-BO,S-ZB-BR,B-ZH-BR,B-ZD-BO,B-ZF-BR,B-ZB-BR,B-ZC-BR,S-ZD-BR,S-ZO-BR,S-ZF-BO,B-ZG-BO,B-ZF-BR,S-ZF-BR,S-ZO-BR,B-ZB-BR
73,,USDCAD,60,86400,BUY,ZB,1,1.44199,1.43626,573.0,1.44716,1.43890,826.0,144.154,0.00,309.0,135.2,1.44199,1.43890,1.45025,BREAK,2025.01.31 00:00,0,,0,,0,,0,NA,Asia,BREAK,2025.01.31 18:00,BREAK,2025.02.03 02:00,1.43317,BOUNCE,2025.02.04 19:00,1,2025.02.27 17:00,1,2025.02.28 06:00,1,2025.03.04 00:00,3,3w 6d,NewYork,NA,,NA,,1.44508,BREAK,2025.01.31 00:00,0,,0,,0,,0,NA,Asia,BREAK,2025.01.31 01:00,BREAK,2025.01.31 18:00,1.43581,BREAK,2025.02.04 19:00,0,,0,,0,,0,NA,NewYork,BREAK,2025.02.04 20:00,BREAK,2025.02.05 13:00,B-ZC-BO,S-ZG-BR,B-ZO-BO,B-ZG-BR,B-ZD-BR,B-ZF-BO,S-ZB-BO,S-ZB-BR,B-ZH-BR,B-ZD-BO,B-ZC-BR,S-ZD-BR,S-ZO-BR,S-ZF-BO,B-ZG-BO,B-ZF-BR,S-ZF-BR,S-ZO-BR,B-ZB-BR,B-ZD-BO
74,,USDCAD,60,86400,BUY,ZC,1,1.43442,1.42697,745.0,1.43665,1.42997,668.0,89.664,0.00,445.0,175.8,1.43442,1.42997,1.44110,BREAK,2025.02.27 17:00,0,,0,,0,,0,NA,NewYork,BOUNCE,2025.03.03 17:00,NA,,1.42252,BREAK,2025.02.13 19:00,0,,0,,0,,0,NA,NewYork,BREAK,2025.02.14 12:00,UNTOUCHED,,1.43887,BREAK,2025.02.27 17:00,0,,0,,0,,0,NA,NewYork,BREAK,2025.02.28 06:00,BREAK,2025.03.03 23:00,1.42552,BOUNCE,2025.02.13 10:00,1,2025.02.27 17:00,1,2025.02.27 17:00,0,,2,2w 0d,London,NA,,NA,,B-ZB-BR,B-ZC-BO,S-ZG-BR,B-ZO-BO,B-ZG-BR,B-ZD-BR,B-ZF-BO,S-ZB-BO,S-ZB-BR,B-ZH-BR,S-ZD-BR,S-ZO-BR,S-ZF-BO,B-ZG-BO,B-ZF-BR,S-ZF-BR,S-ZO-BR,B-ZB-BR,B-ZD-BO,B-ZD-BR
75,,USDCAD,60,86400,SELL,ZD,1,1.43778,1.43051,727.0,1.43457,1.42790,667.0,91.747,0.00,406.0,171.6,1.43457,1.43051,1.42384,BREAK,2025.02.13 19:00,0,,0,,0,,0,NA,NewYork,BREAK,2025.02.14 08:00,BOUNCE,2025.02.18 05:00,1.44184,BOUNCE,2025.02.27 17:00,1,2025.03.05 23:00,1,2025.03.06 19:00,1,2025.03.06 20:00,3,1w 0d,NewYork,NA,,NA,,1.42645,BOUNCE,2025.02.12 21:00,1,2025.02.27 17:00,1,2025.02.27 17:00,0,,2,2w 0d,Other,NA,,NA,,1.43863,BREAK,2025.02.27 17:00,0,,0,,0,,0,NA,NewYork,BREAK,2025.02.28 00:00,BOUNCE,2025.03.03 13:00,B-ZC-BR,B-ZB-BR,B-ZC-BO,S-ZG-BR,B-ZO-BO,B-ZG-BR,B-ZD-BR,B-ZF-BO,S-ZB-BO,S-ZB-BR,S-ZO-BR,S-ZF-BO,B-ZG-BO,B-ZF-BR,S-ZF-BR,S-ZO-BR,B-ZB-BR,B-ZD-BO,B-ZD-BR,B-ZO-UN
76,,USDCAD,60,86400,SELL,ZO,0,1.43457,1.42790,667.0,1.43422,1.42556,866.0,129.835,0.00,632.0,157.4,1.43422,1.42790,1.41924,BREAK,2025.02.14 00:00,0,,0,,0,,0,NA,Asia,UNTOUCHED,,NA,,1.44089,BREAK,2025.02.27 17:00,0,,0,,0,,0,NA,NewYork,BREAK,2025.03.03 23:00,BOUNCE,2025.03.04 11:00,1.42158,BREAK,2025.02.13 19:00,0,,0,,0,,0,NA,NewYork,BOUNCE,2025.02.19 16:00,NA,,1.44054,BREAK,2025.02.27 17:00,0,,0,,0,,0,NA,NewYork,BOUNCE,2025.03.03 17:00,NA,,S-ZD-BR,B-ZC-BR,B-ZB-BR,B-ZC-BO,S-ZG-BR,B-ZO-BO,B-ZG-BR,B-ZD-BR,B-ZF-BO,S-ZB-BO,S-ZF-BO,B-ZG-BO,B-ZF-BR,S-ZF-BR,S-ZO-BR,B-ZB-BR,B-ZD-BO,B-ZD-BR,B-ZO-UN,S-ZB-BO
77,,USDCAD,60,86400,SELL,ZF,1,1.43422,1.42556,866.0,1.43103,1.42107,996.0,115.012,0.00,547.0,204.4,1.43103,1.42556,1.41560,BOUNCE,2025.02.14 17:00,1,2025.02.25 00:00,1,2025.02.26 21:00,1,2025.02.27 17:00,3,1w 6d,NewYork,NA,,NA,,1.43969,BREAK,2025.02.27 17:00,0,,0,,0,,0,NA,NewYork,BOUNCE,2025.03.03 19:00,NA,,1.42009,BREAK,2025.02.14 00:00,0,,0,,0,,0,NA,Asia,UNTOUCHED,,NA,,1.43650,BOUNCE,2025.02.26 21:00,0,,0,,0,,0,NA,Other,NA,,NA,,S-ZO-BR,S-ZD-BR,B-ZC-BR,B-ZB-BR,B-ZC-BO,S-ZG-BR,B-ZO-BO,B-ZG-BR,B-ZD-BR,B-ZF-BO,B-ZG-BO,B-ZF-BR,S-ZF-BR,S-ZO-BR,B-ZB-BR,B-ZD-BO,B-ZD-BR,B-ZO-UN,S-ZB-BO,S-ZD-BR
78,,USDCAD,60,86400,BUY,ZG,0,1.41939,1.41570,369.0,1.42127,1.41669,458.0,124.119,0.00,270.0,87.1,1.41939,1.41669,1.42397,BOUNCE,2025.02.19 21:00,1,2025.02.20 19:00,0,,0,,1,22h,Other,NA,,NA,,1.41300,UNTOUCHED,,0,,0,,0,,0,NA,Other,NA,,NA,,1.42209,BOUNCE,2025.02.19 16:00,0,,0,,0,,0,NA,NewYork,NA,,NA,,1.41399,UNTOUCHED,,0,,0,,0,,0,NA,Other,NA,,NA,,S-ZF-BO,S-ZO-BR,S-ZD-BR,B-ZC-BR,B-ZB-BR,B-ZC-BO,S-ZG-BR,B-ZO-BO,B-ZG-BR,B-ZD-BR,B-ZF-BR,S-ZF-BR,S-ZO-BR,B-ZB-BR,B-ZD-BO,B-ZD-BR,B-ZO-UN,S-ZB-BO,S-ZD-BR,B-ZG-UN
79,,USDCAD,60,86400,BUY,ZF,1,1.42127,1.41669,458.0,1.42453,1.41753,700.0,152.838,0.00,374.0,108.1,1.42127,1.41753,1.42827,BREAK,2025.02.25 19:00,0,,0,,0,,0,NA,NewYork,BREAK,2025.02.26 09:00,BOUNCE,2025.02.26 21:00,1.41295,UNTOUCHED,,0,,0,,0,,0,NA,Other,NA,,NA,,1.42501,BREAK,2025.02.25 00:00,0,,0,,0,,0,NA,Asia,BREAK,2025.02.25 20:00,BREAK,2025.02.26 14:00,1.41379,UNTOUCHED,,0,,0,,0,,0,NA,Other,NA,,NA,,B-ZG-BO,S-ZF-BO,S-ZO-BR,S-ZD-BR,B-ZC-BR,B-ZB-BR,B-ZC-BO,S-ZG-BR,B-ZO-BO,B-ZG-BR,S-ZF-BR,S-ZO-BR,B-ZB-BR,B-ZD-BO,B-ZD-BR,B-ZO-UN,S-ZB-BO,S-ZD-BR,B-ZG-UN,B-ZO-UN
80,,USDCAD,60,86400,SELL,ZF,0,1.42453,1.41753,700.0,1.42446,1.41705,741.0,105.857,0.00,693.0,165.2,1.42446,1.41753,1.41012,BREAK,2025.04.03 15:00,0,,0,,0,,0,NA,NewYork,BOUNCE,2025.04.03 22:00,NA,,1.43146,BREAK,2025.02.25 21:00,0,,0,,0,,0,NA,Other,BREAK,2025.02.27 17:00,BREAK,2025.03.01 01:00,1.41060,BREAK,2025.04.03 14:00,0,,0,,0,,0,NA,NewYork,BOUNCE,2025.04.04 10:00,NA,,1.43139,BREAK,2025.02.25 21:00,0,,0,,0,,0,NA,Other,BREAK,2025.02.27 17:00,BREAK,2025.03.01 01:00,B-ZF-BR,B-ZG-BO,S-ZF-BO,S-ZO-BR,S-ZD-BR,B-ZC-BR,B-ZB-BR,B-ZC-BO,S-ZG-BR,B-ZO-BO,S-ZO-BR,B-ZB-BR,B-ZD-BO,B-ZD-BR,B-ZO-UN,S-ZB-BO,S-ZD-BR,B-ZG-UN,B-ZO-UN,S-ZF-BO
81,,USDCAD,60,86400,SELL,ZO,0,1.42446,1.41705,741.0,1.42350,1.41661,689.0,92.982,0.00,645.0,174.9,1.42350,1.41705,1.41016,BREAK,2025.04.03 15:00,0,,0,,0,,0,NA,NewYork,BOUNCE,2025.04.03 22:00,NA,,1.43091,BREAK,2025.02.25 20:00,0,,0,,0,,0,NA,NewYork,BREAK,2025.02.27 17:00,BREAK,2025.02.28 22:00,1.41060,BREAK,2025.04.03 14:00,0,,0,,0,,0,NA,NewYork,BOUNCE,2025.04.04 10:00,NA,,1.42995,BREAK,2025.02.25 20:00,0,,0,,0,,0,NA,NewYork,BOUNCE,2025.02.26 21:00,NA,,S-ZF-BR,B-ZF-BR,B-ZG-BO,S-ZF-BO,S-ZO-BR,S-ZD-BR,B-ZC-BR,B-ZB-BR,B-ZC-BO,S-ZG-BR,B-ZB-BR,B-ZD-BO,B-ZD-BR,B-ZO-UN,S-ZB-BO,S-ZD-BR,B-ZG-UN,B-ZO-UN,S-ZF-BO,S-ZG-BO
82,,USDCAD,60,86400,BUY,ZB,1,1.43164,1.42251,913.0,1.43654,1.42917,737.0,80.723,0.00,247.0,215.5,1.43164,1.42917,1.43901,BREAK,2025.02.27 17:00,0,,0,,0,,0,NA,NewYork,BREAK,2025.02.27 18:00,BOUNCE,2025.02.27 20:00,1.42004,BREAK,2025.04.03 10:00,0,,0,,0,,0,NA,London,BREAK,2025.04.03 12:00,BREAK,2025.04.03 13:00,1.43411,BREAK,2025.02.27 00:00,0,,0,,0,,0,NA,Asia,BREAK,2025.02.27 17:00,BREAK,2025.02.27 18:00,1.42670,BOUNCE,2025.03.06 19:00,1,2025.03.07 16:00,1,2025.03.07 16:00,0,,2,21h,NewYork,NA,,NA,,S-ZO-BR,S-ZF-BR,B-ZF-BR,B-ZG-BO,S-ZF-BO,S-ZO-BR,S-ZD-BR,B-ZC-BR,B-ZB-BR,B-ZC-BO,B-ZD-BO,B-ZD-BR,B-ZO-UN,S-ZB-BO,S-ZD-BR,B-ZG-UN,B-ZO-UN,S-ZF-BO,S-ZG-BO,S-ZE-BO
83,,USDCAD,60,86400,BUY,ZD,1,1.43654,1.42917,737.0,1.44423,1.43220,1203.0,163.229,0.00,434.0,173.9,1.43654,1.43220,1.44857,BOUNCE,2025.03.03 23:00,1,2025.03.05 01:00,1,2025.03.06 19:00,1,2025.03.06 20:00,3,2d 21h,Other,NA,,NA,,1.42483,BOUNCE,2025.03.06 20:00,1,2025.03.07 16:00,1,2025.03.07 21:00,1,2025.03.11 18:00,3,4d 22h,NewYork,NA,,NA,,1.44088,BREAK,2025.02.28 00:00,0,,0,,0,,0,NA,Asia,BOUNCE,2025.02.28 17:00,NA,,1.42786,BOUNCE,2025.03.06 19:00,1,2025.03.07 21:00,1,2025.03.07 21:00,0,,2,1d 2h,NewYork,NA,,NA,,B-ZB-BR,S-ZO-BR,S-ZF-BR,B-ZF-BR,B-ZG-BO,S-ZF-BO,S-ZO-BR,S-ZD-BR,B-ZC-BR,B-ZB-BR,B-ZD-BR,B-ZO-UN,S-ZB-BO,S-ZD-BR,B-ZG-UN,B-ZO-UN,S-ZF-BO,S-ZG-BO,S-ZE-BO,B-ZB-BR
84,,USDCAD,60,86400,BUY,ZD,1,1.44423,1.43220,1203.0,1.44625,1.43996,629.0,52.286,0.00,427.0,283.9,1.44423,1.43996,1.45052,BREAK,2025.03.04 00:00,0,,0,,0,,0,NA,Asia,UNTOUCHED,,NA,,1.42793,BOUNCE,2025.03.06 19:00,1,2025.03.07 17:00,1,2025.03.11 18:00,1,2025.03.11 18:00,3,4d 23h,NewYork,NA,,NA,,1.44850,BOUNCE,2025.03.03 23:00,1,2025.03.05 18:00,1,2025.03.06 19:00,0,,2,2d 20h,Other,NA,,NA,,1.43569,BOUNCE,2025.03.05 18:00,1,2025.03.11 18:00,1,2025.03.11 18:00,0,,2,6d 0h,NewYork,NA,,NA,,B-ZD-BO,B-ZB-BR,S-ZO-BR,S-ZF-BR,B-ZF-BR,B-ZG-BO,S-ZF-BO,S-ZO-BR,S-ZD-BR,B-ZC-BR,B-ZO-UN,S-ZB-BO,S-ZD-BR,B-ZG-UN,B-ZO-UN,S-ZF-BO,S-ZG-BO,S-ZE-BO,B-ZB-BR,B-ZE-UN
85,,USDCAD,60,86400,BUY,ZO,0,1.45003,1.43699,1304.0,1.45429,1.44067,1362.0,104.448,0.00,936.0,307.7,1.45003,1.44067,1.46365,UNTOUCHED,,0,,0,,0,,0,NA,Other,NA,,NA,,1.42763,BREAK,2025.03.06 19:00,0,,0,,0,,0,NA,NewYork,BREAK,2025.04.03 12:00,BREAK,2025.04.03 17:00,1.45939,UNTOUCHED,,0,,0,,0,,0,NA,Other,NA,,NA,,1.43131,BREAK,2025.03.06 05:00,0,,0,,0,,0,NA,Asia,BOUNCE,2025.04.03 02:00,NA,,B-ZD-BR,B-ZD-BO,B-ZB-BR,S-ZO-BR,S-ZF-BR,B-ZF-BR,B-ZG-BO,S-ZF-BO,S-ZO-BR,S-ZD-BR,S-ZB-BO,S-ZD-BR,B-ZG-UN,B-ZO-UN,S-ZF-BO,S-ZG-BO,S-ZE-BO,B-ZB-BR,B-ZE-UN,S-ZH-BR
86,,USDCAD,60,86400,SELL,ZB,1,1.45429,1.44067,1362.0,1.44885,1.43309,1576.0,115.712,0.00,818.0,321.4,1.44885,1.44067,1.42491,BOUNCE,2025.03.06 20:00,1,2025.03.07 21:00,0,,0,,1,1d 1h,NewYork,NA,,NA,,1.46247,UNTOUCHED,,0,,0,,0,,0,NA,Other,NA,,NA,,1.43249,BREAK,2025.03.06 05:00,0,,0,,0,,0,NA,Asia,BOUNCE,2025.03.07 16:00,NA,,1.45703,UNTOUCHED,,0,,0,,0,,0,NA,Other,NA,,NA,,B-ZO-UN,B-ZD-BR,B-ZD-BO,B-ZB-BR,S-ZO-BR,S-ZF-BR,B-ZF-BR,B-ZG-BO,S-ZF-BO,S-ZO-BR,S-ZD-BR,B-ZG-UN,B-ZO-UN,S-ZF-BO,S-ZG-BO,S-ZE-BO,B-ZB-BR,B-ZE-UN,S-ZH-BR,S-ZF-BO
87,,USDCAD,60,86400,SELL,ZD,1,1.44885,1.43309,1576.0,1.43766,1.42384,1382.0,87.690,0.00,457.0,371.9,1.43766,1.43309,1.41927,BREAK,2025.04.03 10:00,0,,0,,0,,0,NA,London,BREAK,2025.04.03 14:00,BREAK,2025.04.03 17:00,1.45342,UNTOUCHED,,0,,0,,0,,0,NA,Other,NA,,NA,,1.42852,BOUNCE,2025.03.07 02:00,1,2025.03.07 21:00,0,,0,,1,19h,Asia,NA,,NA,,1.44223,BOUNCE,2025.03.07 21:00,1,2025.03.17 20:00,1,2025.03.17 20:00,0,,2,1w 2d,Other,NA,,NA,,S-ZB-BO,B-ZO-UN,B-ZD-BR,B-ZD-BO,B-ZB-BR,S-ZO-BR,S-ZF-BR,B-ZF-BR,B-ZG-BO,S-ZF-BO,B-ZG-UN,B-ZO-UN,S-ZF-BO,S-ZG-BO,S-ZE-BO,B-ZB-BR,B-ZE-UN,S-ZH-BR,S-ZF-BO,S-ZC-BR
88,,USDCAD,60,86400,BUY,ZG,0,1.43766,1.42384,1382.0,1.44264,1.42796,1468.0,106.223,0.00,970.0,326.2,1.43766,1.42796,1.45234,UNTOUCHED,,0,,0,,0,,0,NA,Other,NA,,NA,,1.41414,BREAK,2025.04.03 12:00,0,,0,,0,,0,NA,London,BOUNCE,2025.04.04 11:00,NA,,1.44736,BREAK,2025.03.11 18:00,0,,0,,0,,0,NA,NewYork,UNTOUCHED,,NA,,1.41826,BREAK,2025.04.03 10:00,0,,0,,0,,0,NA,London,BREAK,2025.04.03 17:00,BREAK,2025.04.10 21:00,S-ZD-BR,S-ZB-BO,B-ZO-UN,B-ZD-BR,B-ZD-BO,B-ZB-BR,S-ZO-BR,S-ZF-BR,B-ZF-BR,B-ZG-BO,B-ZO-UN,S-ZF-BO,S-ZG-BO,S-ZE-BO,B-ZB-BR,B-ZE-UN,S-ZH-BR,S-ZF-BO,S-ZC-BR,B-ZD-BR
89,,USDCAD,60,86400,BUY,ZO,0,1.44725,1.43530,1195.0,1.45209,1.43793,1416.0,118.494,0.00,932.0,282.0,1.44725,1.43793,1.46141,UNTOUCHED,,0,,0,,0,,0,NA,Other,NA,,NA,,1.42598,BOUNCE,2025.03.26 11:00,0,,0,,0,,0,NA,London,NA,,NA,,1.45657,UNTOUCHED,,0,,0,,0,,0,NA,Other,NA,,NA,,1.42861,BOUNCE,2025.03.17 20:00,0,,0,,0,,0,NA,NewYork,NA,,NA,,B-ZG-UN,S-ZD-BR,S-ZB-BO,B-ZO-UN,B-ZD-BR,B-ZD-BO,B-ZB-BR,S-ZO-BR,S-ZF-BR,B-ZF-BR,S-ZF-BO,S-ZG-BO,S-ZE-BO,B-ZB-BR,B-ZE-UN,S-ZH-BR,S-ZF-BO,S-ZC-BR,B-ZD-BR,B-ZO-BR
90,,USDCAD,60,86400,SELL,ZF,0,1.45209,1.43793,1416.0,1.44846,1.43535,1311.0,92.585,0.00,1053.0,334.2,1.44846,1.43793,1.42482,BOUNCE,2025.03.26 11:00,0,,0,,0,,0,NA,London,NA,,NA,,1.46262,UNTOUCHED,,0,,0,,0,,0,NA,Other,NA,,NA,,1.42740,BOUNCE,2025.03.18 12:00,0,,0,,0,,0,NA,London,NA,,NA,,1.45899,UNTOUCHED,,0,,0,,0,,0,NA,Other,NA,,NA,,B-ZO-UN,B-ZG-UN,S-ZD-BR,S-ZB-BO,B-ZO-UN,B-ZD-BR,B-ZD-BO,B-ZB-BR,S-ZO-BR,S-ZF-BR,S-ZG-BO,S-ZE-BO,B-ZB-BR,B-ZE-UN,S-ZH-BR,S-ZF-BO,S-ZC-BR,B-ZD-BR,B-ZO-BR,B-ZO-UN
91,,USDCAD,60,86400,SELL,ZG,0,1.44515,1.43588,927.0,1.44442,1.43581,861.0,92.880,0.00,854.0,218.8,1.44442,1.43588,1.42727,BOUNCE,2025.03.18 12:00,0,,0,,0,,0,NA,London,NA,,NA,,1.45369,UNTOUCHED,,0,,0,,0,,0,NA,Other,NA,,NA,,1.42734,BOUNCE,2025.03.18 12:00,0,,0,,0,,0,NA,London,NA,,NA,,1.45296,UNTOUCHED,,0,,0,,0,,0,NA,Other,NA,,NA,,S-ZF-BO,B-ZO-UN,B-ZG-UN,S-ZD-BR,S-ZB-BO,B-ZO-UN,B-ZD-BR,B-ZD-BO,B-ZB-BR,S-ZO-BR,S-ZE-BO,B-ZB-BR,B-ZE-UN,S-ZH-BR,S-ZF-BO,S-ZC-BR,B-ZD-BR,B-ZO-BR,B-ZO-UN,S-ZE-BR
92,,USDCAD,60,86400,SELL,ZE,1,1.43804,1.42754,1050.0,1.43193,1.42629,564.0,53.714,0.00,439.0,247.8,1.43193,1.42754,1.42190,BOUNCE,2025.04.03 01:00,0,,0,,0,,0,NA,Asia,NA,,NA,,1.44243,UNTOUCHED,,0,,0,,0,,0,NA,Other,NA,,NA,,1.42315,BOUNCE,2025.04.03 00:00,0,,0,,0,,0,NA,Asia,NA,,NA,,1.43632,BREAK,2025.03.20 13:00,0,,0,,0,,0,NA,NewYork,BOUNCE,2025.04.01 18:00,NA,,S-ZG-BO,S-ZF-BO,B-ZO-UN,B-ZG-UN,S-ZD-BR,S-ZB-BO,B-ZO-UN,B-ZD-BR,B-ZD-BO,B-ZB-BR,B-ZB-BR,B-ZE-UN,S-ZH-BR,S-ZF-BO,S-ZC-BR,B-ZD-BR,B-ZO-BR,B-ZO-UN,S-ZE-BR,S-ZO-BR
93,,USDCAD,60,86400,BUY,ZB,1,1.43193,1.42629,564.0,1.43490,1.42845,645.0,114.362,0.00,348.0,133.1,1.43193,1.42845,1.43838,BREAK,2025.03.20 14:00,0,,0,,0,,0,NA,NewYork,UNTOUCHED,,NA,,1.42281,BOUNCE,2025.04.03 00:00,1,2025.04.03 02:00,0,,0,,1,2h,Asia,NA,,NA,,1.43541,BREAK,2025.03.20 12:00,0,,0,,0,,0,NA,London,BOUNCE,2025.03.20 18:00,NA,,1.42497,BREAK,2025.03.26 11:00,0,,0,,0,,0,NA,London,BOUNCE,2025.04.03 03:00,NA,,S-ZE-BO,S-ZG-BO,S-ZF-BO,B-ZO-UN,B-ZG-UN,S-ZD-BR,S-ZB-BO,B-ZO-UN,B-ZD-BR,B-ZD-BO,B-ZE-UN,S-ZH-BR,S-ZF-BO,S-ZC-BR,B-ZD-BR,B-ZO-BR,B-ZO-UN,S-ZE-BR,S-ZO-BR,S-ZB-BO
94,,USDCAD,60,86400,BUY,ZE,1,1.43490,1.42845,645.0,1.44013,1.43126,887.0,137.519,0.00,364.0,152.2,1.43490,1.43126,1.44377,UNTOUCHED,,0,,0,,0,,0,NA,Other,NA,,NA,,1.42481,BOUNCE,2025.03.26 11:00,1,2025.03.27 17:00,1,2025.03.31 17:00,0,,2,5d 6h,London,NA,,NA,,1.43854,BREAK,2025.03.31 17:00,0,,0,,0,,0,NA,NewYork,UNTOUCHED,,NA,,1.42762,BOUNCE,2025.03.25 17:00,1,2025.03.31 17:00,1,2025.03.31 17:00,0,,2,6d 0h,NewYork,NA,,NA,,B-ZB-BR,S-ZE-BO,S-ZG-BO,S-ZF-BO,B-ZO-UN,B-ZG-UN,S-ZD-BR,S-ZB-BO,B-ZO-UN,B-ZD-BR,S-ZH-BR,S-ZF-BO,S-ZC-BR,B-ZD-BR,B-ZO-BR,B-ZO-UN,S-ZE-BR,S-ZO-BR,S-ZB-BO,B-ZF-UN
95,,USDCAD,60,86400,SELL,ZH,1,1.43554,1.43374,180.0,1.43507,1.42881,626.0,347.778,0.00,133.0,42.5,1.43507,1.43374,1.42748,BREAK,2025.03.25 17:00,0,,0,,0,,0,NA,NewYork,BOUNCE,2025.03.26 10:00,NA,,1.43687,BREAK,2025.03.31 16:00,0,,0,,0,,0,NA,NewYork,BREAK,2025.03.31 17:00,BOUNCE,2025.04.01 06:00,1.43241,BREAK,2025.03.25 00:00,0,,0,,0,,0,NA,Asia,BOUNCE,2025.03.25 04:00,NA,,1.43640,BREAK,2025.03.31 16:00,0,,0,,0,,0,NA,NewYork,BREAK,2025.03.31 17:00,BOUNCE,2025.03.31 18:00,B-ZE-UN,B-ZB-BR,S-ZE-BO,S-ZG-BO,S-ZF-BO,B-ZO-UN,B-ZG-UN,S-ZD-BR,S-ZB-BO,B-ZO-UN,S-ZF-BO,S-ZC-BR,B-ZD-BR,B-ZO-BR,B-ZO-UN,S-ZE-BR,S-ZO-BR,S-ZB-BO,B-ZF-UN,S-ZD-BO
96,,USDCAD,60,86400,SELL,ZF,0,1.43507,1.42881,626.0,1.43317,1.42700,617.0,98.562,0.00,436.0,147.7,1.43317,1.42881,1.42264,BOUNCE,2025.04.03 00:00,1,2025.04.03 02:00,0,,0,,1,2h,Asia,NA,,NA,,1.43943,BREAK,2025.04.01 00:00,0,,0,,0,,0,NA,Asia,UNTOUCHED,,NA,,1.42445,BOUNCE,2025.03.26 14:00,1,2025.03.31 16:00,1,2025.04.01 00:00,0,,2,5d 10h,NewYork,NA,,NA,,1.43753,BREAK,2025.03.31 16:00,0,,0,,0,,0,NA,NewYork,UNTOUCHED,,NA,,S-ZH-BR,B-ZE-UN,B-ZB-BR,S-ZE-BO,S-ZG-BO,S-ZF-BO,B-ZO-UN,B-ZG-UN,S-ZD-BR,S-ZB-BO,S-ZC-BR,B-ZD-BR,B-ZO-BR,B-ZO-UN,S-ZE-BR,S-ZO-BR,S-ZB-BO,B-ZF-UN,S-ZD-BO,B-ZG-BR
97,,USDCAD,60,86400,SELL,ZC,1,1.43317,1.42700,617.0,1.42972,1.42340,632.0,102.431,0.00,272.0,145.6,1.42972,1.42700,1.42068,BREAK,2025.04.03 10:00,0,,0,,0,,0,NA,London,BREAK,2025.04.03 11:00,BREAK,2025.04.03 12:00,1.43589,BREAK,2025.03.31 14:00,0,,0,,0,,0,NA,NewYork,BREAK,2025.04.01 11:00,BOUNCE,2025.04.01 18:00,1.42428,BREAK,2025.04.03 00:00,0,,0,,0,,0,NA,Asia,BOUNCE,2025.04.03 03:00,NA,,1.43244,BOUNCE,2025.03.27 17:00,1,2025.04.03 00:00,1,2025.04.03 00:00,0,,2,6d 7h,NewYork,NA,,NA,,S-ZF-BO,S-ZH-BR,B-ZE-UN,B-ZB-BR,S-ZE-BO,S-ZG-BO,S-ZF-BO,B-ZO-UN,B-ZG-UN,S-ZD-BR,B-ZD-BR,B-ZO-BR,B-ZO-UN,S-ZE-BR,S-ZO-BR,S-ZB-BO,B-ZF-UN,S-ZD-BO,B-ZG-BR,B-ZF-BR
98,,USDCAD,60,86400,BUY,ZD,1,1.42972,1.42340,632.0,1.43278,1.42584,694.0,109.810,0.00,388.0,149.2,1.42972,1.42584,1.43666,BREAK,2025.03.31 16:00,0,,0,,0,,0,NA,NewYork,BOUNCE,2025.04.01 18:00,NA,,1.41952,BREAK,2025.04.03 10:00,0,,0,,0,,0,NA,London,BREAK,2025.04.03 12:00,BOUNCE,2025.04.03 14:00,1.43360,BREAK,2025.03.31 11:00,0,,0,,0,,0,NA,London,BREAK,2025.03.31 18:00,BOUNCE,2025.04.01 18:00,1.42196,BOUNCE,2025.04.03 01:00,0,,0,,0,,0,NA,Asia,NA,,NA,,S-ZC-BR,S-ZF-BO,S-ZH-BR,B-ZE-UN,B-ZB-BR,S-ZE-BO,S-ZG-BO,S-ZF-BO,B-ZO-UN,B-ZG-UN,B-ZO-BR,B-ZO-UN,S-ZE-BR,S-ZO-BR,S-ZB-BO,B-ZF-UN,S-ZD-BO,B-ZG-BR,B-ZF-BR,S-ZO-BO
99,,USDCAD,60,86400,BUY,ZO,0,1.43278,1.42584,694.0,1.43319,1.42753,566.0,81.556,0.00,525.0,163.8,1.43278,1.42753,1.43844,BREAK,2025.03.31 17:00,0,,0,,0,,0,NA,NewYork,UNTOUCHED,,NA,,1.42059,BREAK,2025.04.03 10:00,0,,0,,0,,0,NA,London,BREAK,2025.04.03 12:00,BREAK,2025.04.03 15:00,1.43803,BREAK,2025.03.31 17:00,0,,0,,0,,0,NA,NewYork,UNTOUCHED,,NA,,1.42228,BOUNCE,2025.04.03 01:00,0,,0,,0,,0,NA,Asia,NA,,NA,,B-ZD-BR,S-ZC-BR,S-ZF-BO,S-ZH-BR,B-ZE-UN,B-ZB-BR,S-ZE-BO,S-ZG-BO,S-ZF-BO,B-ZO-UN,B-ZO-UN,S-ZE-BR,S-ZO-BR,S-ZB-BO,B-ZF-UN,S-ZD-BO,B-ZG-BR,B-ZF-BR,S-ZO-BO,B-ZG-BR
100,,USDCAD,60,86400,BUY,ZO,0,1.43943,1.42926,1017.0,1.44141,1.43045,1096.0,107.768,0.00,898.0,240.0,1.43943,1.43045,1.45039,UNTOUCHED,,0,,0,,0,,0,NA,Other,NA,,NA,,1.42028,BREAK,2025.04.03 10:00,0,,0,,0,,0,NA,London,BREAK,2025.04.03 15:00,BREAK,2025.04.10 18:00,1.44841,UNTOUCHED,,0,,0,,0,,0,NA,Other,NA,,NA,,1.42147,BREAK,2025.04.03 03:00,0,,0,,0,,0,NA,Asia,BREAK,2025.04.03 15:00,BOUNCE,2025.04.04 11:00,B-ZO-BR,B-ZD-BR,S-ZC-BR,S-ZF-BO,S-ZH-BR,B-ZE-UN,B-ZB-BR,S-ZE-BO,S-ZG-BO,S-ZF-BO,S-ZE-BR,S-ZO-BR,S-ZB-BO,B-ZF-UN,S-ZD-BO,B-ZG-BR,B-ZF-BR,S-ZO-BO,B-ZG-BR,S-ZG-BO
101,,USDCAD,60,86400,SELL,ZE,1,1.44141,1.43045,1096.0,1.43335,1.42878,457.0,41.697,0.00,290.0,258.7,1.43335,1.43045,1.42588,BREAK,2025.04.03 00:00,0,,0,,0,,0,NA,Asia,BOUNCE,2025.04.03 02:00,NA,,1.44431,UNTOUCHED,,0,,0,,0,,0,NA,Other,NA,,NA,,1.42755,BREAK,2025.04.03 00:00,0,,0,,0,,0,NA,Asia,BREAK,2025.04.03 01:00,BOUNCE,2025.04.03 03:00,1.43625,BOUNCE,2025.04.03 00:00,1,2025.04.03 01:00,1,2025.04.03 01:00,0,,2,1h,Asia,NA,,NA,,B-ZO-UN,B-ZO-BR,B-ZD-BR,S-ZC-BR,S-ZF-BO,S-ZH-BR,B-ZE-UN,B-ZB-BR,S-ZE-BO,S-ZG-BO,S-ZO-BR,S-ZB-BO,B-ZF-UN,S-ZD-BO,B-ZG-BR,B-ZF-BR,S-ZO-BO,B-ZG-BR,S-ZG-BO,B-ZD-BR
102,,USDCAD,60,86400,SELL,ZO,0,1.42952,1.41778,1174.0,1.42610,1.41422,1188.0,101.193,0.00,832.0,277.1,1.42610,1.41778,1.40590,BREAK,2025.04.10 09:00,0,,0,,0,,0,NA,London,BREAK,2025.04.11 04:00,BREAK,2025.04.11 16:00,1.43784,UNTOUCHED,,0,,0,,0,,0,NA,Other,NA,,NA,,1.40946,BOUNCE,2025.04.09 21:00,0,,0,,0,,0,NA,Other,NA,,NA,,1.43442,UNTOUCHED,,0,,0,,0,,0,NA,Other,NA,,NA,,S-ZE-BR,B-ZO-UN,B-ZO-BR,B-ZD-BR,S-ZC-BR,S-ZF-BO,S-ZH-BR,B-ZE-UN,B-ZB-BR,S-ZE-BO,S-ZB-BO,B-ZF-UN,S-ZD-BO,B-ZG-BR,B-ZF-BR,S-ZO-BO,B-ZG-BR,S-ZG-BO,B-ZD-BR,B-ZO-UN
103,,USDCAD,60,86400,SELL,ZB,1,1.41200,1.39505,1695.0,1.40026,1.38386,1640.0,96.755,0.00,521.0,400.0,1.40026,1.39505,1.37865,BOUNCE,2025.04.21 13:00,1,2025.04.23 19:00,0,,0,,1,2d 6h,NewYork,NA,,NA,,1.41721,UNTOUCHED,,0,,0,,0,,0,NA,Other,NA,,NA,,1.38984,BREAK,2025.04.12 00:00,0,,0,,0,,0,NA,Asia,BOUNCE,2025.04.14 17:00,NA,,1.40547,UNTOUCHED,,0,,0,,0,,0,NA,Other,NA,,NA,,S-ZO-BR,S-ZE-BR,B-ZO-UN,B-ZO-BR,B-ZD-BR,S-ZC-BR,S-ZF-BO,S-ZH-BR,B-ZE-UN,B-ZB-BR,B-ZF-UN,S-ZD-BO,B-ZG-BR,B-ZF-BR,S-ZO-BO,B-ZG-BR,S-ZG-BO,B-ZD-BR,B-ZO-UN,S-ZO-BR
104,,USDCAD,60,86400,BUY,ZF,1,1.39095,1.38275,820.0,1.39764,1.38487,1277.0,155.732,0.00,608.0,193.5,1.39095,1.38487,1.40372,UNTOUCHED,,0,,0,,0,,0,NA,Other,NA,,NA,,1.37667,BOUNCE,2025.05.02 17:00,1,2025.05.08 14:00,1,2025.05.12 11:00,0,,2,1w 2d,NewYork,NA,,NA,,1.39703,BREAK,2025.05.12 11:00,0,,0,,0,,0,NA,London,UNTOUCHED,,NA,,1.37879,BOUNCE,2025.04.21 13:00,1,2025.05.12 11:00,1,2025.05.12 11:00,0,,2,2w 6d,NewYork,NA,,NA,,S-ZB-BO,S-ZO-BR,S-ZE-BR,B-ZO-UN,B-ZO-BR,B-ZD-BR,S-ZC-BR,S-ZF-BO,S-ZH-BR,B-ZE-UN,S-ZD-BO,B-ZG-BR,B-ZF-BR,S-ZO-BO,B-ZG-BR,S-ZG-BO,B-ZD-BR,B-ZO-UN,S-ZO-BR,B-ZE-UN
105,,USDCAD,60,86400,SELL,ZD,1,1.39660,1.38578,1082.0,1.39049,1.38273,776.0,71.719,0.00,471.0,255.4,1.39049,1.38578,1.37802,BOUNCE,2025.04.21 13:00,1,2025.04.23 19:00,1,2025.05.12 11:00,1,2025.05.12 21:00,3,3w 0d,NewYork,NA,,NA,,1.40131,BOUNCE,2025.05.12 21:00,1,2025.05.14 08:00,1,2025.05.23 11:00,1,2025.05.23 17:00,3,1w 3d,Other,NA,,NA,,1.38107,BREAK,2025.04.21 04:00,0,,0,,0,,0,NA,Asia,BOUNCE,2025.05.02 22:00,NA,,1.39520,BREAK,2025.05.12 11:00,0,,0,,0,,0,NA,London,BOUNCE,2025.05.13 21:00,NA,,B-ZF-UN,S-ZB-BO,S-ZO-BR,S-ZE-BR,B-ZO-UN,B-ZO-BR,B-ZD-BR,S-ZC-BR,S-ZF-BO,S-ZH-BR,B-ZG-BR,B-ZF-BR,S-ZO-BO,B-ZG-BR,S-ZG-BO,B-ZD-BR,B-ZO-UN,S-ZO-BR,B-ZE-UN,S-ZO-BR
106,,USDCAD,60,86400,BUY,ZG,0,1.38490,1.37800,690.0,1.38604,1.37920,684.0,99.130,0.00,570.0,162.8,1.38490,1.37920,1.39174,BREAK,2025.05.08 19:00,0,,0,,0,,0,NA,NewYork,BOUNCE,2025.05.12 11:00,NA,,1.37230,BREAK,2025.05.23 21:00,0,,0,,0,,0,NA,Other,BREAK,2025.06.05 16:00,BREAK,2025.06.13 04:00,1.39060,BREAK,2025.05.08 19:00,0,,0,,0,,0,NA,NewYork,BREAK,2025.05.12 12:00,UNTOUCHED,,1.37350,BREAK,2025.05.23 20:00,0,,0,,0,,0,NA,NewYork,BOUNCE,2025.06.03 09:00,NA,,S-ZD-BO,B-ZF-UN,S-ZB-BO,S-ZO-BR,S-ZE-BR,B-ZO-UN,B-ZO-BR,B-ZD-BR,S-ZC-BR,S-ZF-BO,B-ZF-BR,S-ZO-BO,B-ZG-BR,S-ZG-BO,B-ZD-BR,B-ZO-UN,S-ZO-BR,B-ZE-UN,S-ZO-BR,S-ZD-BR
107,,USDCAD,60,86400,BUY,ZF,1,1.38604,1.37920,684.0,1.39035,1.37970,1065.0,155.702,0.00,634.0,161.4,1.38604,1.37970,1.39669,BREAK,2025.05.12 11:00,0,,0,,0,,0,NA,London,UNTOUCHED,,NA,,1.37286,BREAK,2025.05.23 21:00,0,,0,,0,,0,NA,Other,BREAK,2025.06.05 16:00,BREAK,2025.06.13 19:00,1.39238,BREAK,2025.05.08 20:00,0,,0,,0,,0,NA,NewYork,BREAK,2025.05.12 19:00,UNTOUCHED,,1.37336,BREAK,2025.05.23 20:00,0,,0,,0,,0,NA,NewYork,BREAK,2025.06.04 20:00,BREAK,2025.06.13 18:00,B-ZG-BR,S-ZD-BO,B-ZF-UN,S-ZB-BO,S-ZO-BR,S-ZE-BR,B-ZO-UN,B-ZO-BR,B-ZD-BR,S-ZC-BR,S-ZO-BO,B-ZG-BR,S-ZG-BO,B-ZD-BR,B-ZO-UN,S-ZO-BR,B-ZE-UN,S-ZO-BR,S-ZD-BR,S-ZH-BR
108,,USDCAD,60,86400,SELL,ZO,0,1.38912,1.38152,760.0,1.38703,1.38072,631.0,83.026,0.00,551.0,179.4,1.38703,1.38152,1.37521,BOUNCE,2025.05.06 20:00,1,2025.05.08 10:00,1,2025.05.08 20:00,1,2025.05.12 11:00,3,5d 15h,NewYork,NA,,NA,,1.39463,BREAK,2025.05.12 11:00,0,,0,,0,,0,NA,London,BOUNCE,2025.05.13 21:00,NA,,1.37601,BOUNCE,2025.05.02 18:00,1,2025.05.08 20:00,1,2025.05.12 11:00,0,,2,1w 2d,NewYork,NA,,NA,,1.39254,BREAK,2025.05.08 20:00,0,,0,,0,,0,NA,NewYork,BREAK,2025.05.12 19:00,UNTOUCHED,,B-ZF-BR,B-ZG-BR,S-ZD-BO,B-ZF-UN,S-ZB-BO,S-ZO-BR,S-ZE-BR,B-ZO-UN,B-ZO-BR,B-ZD-BR,B-ZG-BR,S-ZG-BO,B-ZD-BR,B-ZO-UN,S-ZO-BR,B-ZE-UN,S-ZO-BR,S-ZD-BR,S-ZH-BR,S-ZB-BO
109,,USDCAD,60,86400,BUY,ZG,0,1.38542,1.37690,852.0,1.38610,1.37812,798.0,93.662,0.00,730.0,201.1,1.38542,1.37812,1.39340,BREAK,2025.05.09 05:00,0,,0,,0,,0,NA,Asia,BOUNCE,2025.05.13 23:00,NA,,1.36960,BOUNCE,2025.05.26 05:00,1,2025.05.28 17:00,0,,0,,1,2d 12h,Asia,NA,,NA,,1.39272,BREAK,2025.05.08 20:00,0,,0,,0,,0,NA,NewYork,BOUNCE,2025.05.14 02:00,NA,,1.37082,BREAK,2025.05.23 23:00,0,,0,,0,,0,NA,Other,BOUNCE,2025.06.10 05:00,NA,,S-ZO-BO,B-ZF-BR,B-ZG-BR,S-ZD-BO,B-ZF-UN,S-ZB-BO,S-ZO-BR,S-ZE-BR,B-ZO-UN,B-ZO-BR,S-ZG-BO,B-ZD-BR,B-ZO-UN,S-ZO-BR,B-ZE-UN,S-ZO-BR,S-ZD-BR,S-ZH-BR,S-ZB-BO,B-ZB-BR
110,,USDCAD,60,86400,SELL,ZG,0,1.38610,1.37812,798.0,1.38544,1.37589,955.0,119.674,0.00,732.0,188.3,1.38544,1.37812,1.36857,BOUNCE,2025.05.26 10:00,1,2025.05.28 00:00,0,,0,,1,1d 14h,London,NA,,NA,,1.39342,BREAK,2025.05.09 05:00,0,,0,,0,,0,NA,Asia,BOUNCE,2025.05.13 23:00,NA,,1.37080,BREAK,2025.05.23 23:00,0,,0,,0,,0,NA,Other,BOUNCE,2025.06.10 05:00,NA,,1.39276,BREAK,2025.05.08 20:00,0,,0,,0,,0,NA,NewYork,BOUNCE,2025.05.14 02:00,NA,,B-ZG-BR,S-ZO-BO,B-ZF-BR,B-ZG-BR,S-ZD-BO,B-ZF-UN,S-ZB-BO,S-ZO-BR,S-ZE-BR,B-ZO-UN,B-ZD-BR,B-ZO-UN,S-ZO-BR,B-ZE-UN,S-ZO-BR,S-ZD-BR,S-ZH-BR,S-ZB-BO,B-ZB-BR,S-ZB-BR
111,,USDCAD,60,86400,BUY,ZD,1,1.38358,1.37624,734.0,1.39317,1.38124,1193.0,162.534,0.00,234.0,173.2,1.38358,1.38124,1.39551,BREAK,2025.05.12 11:00,0,,0,,0,,0,NA,London,BOUNCE,2025.05.12 12:00,NA,,1.37390,BREAK,2025.05.23 20:00,0,,0,,0,,0,NA,NewYork,BREAK,2025.05.26 05:00,BOUNCE,2025.05.26 13:00,1.38592,BREAK,2025.05.09 00:00,0,,0,,0,,0,NA,Asia,BREAK,2025.05.09 01:00,BREAK,2025.05.09 03:00,1.37890,BREAK,2025.05.23 17:00,0,,0,,0,,0,NA,NewYork,BREAK,2025.05.23 20:00,BREAK,2025.05.23 21:00,S-ZG-BO,B-ZG-BR,S-ZO-BO,B-ZF-BR,B-ZG-BR,S-ZD-BO,B-ZF-UN,S-ZB-BO,S-ZO-BR,S-ZE-BR,B-ZO-UN,S-ZO-BR,B-ZE-UN,S-ZO-BR,S-ZD-BR,S-ZH-BR,S-ZB-BO,B-ZB-BR,S-ZB-BR,S-ZF-BR
112,,USDCAD,60,86400,BUY,ZO,0,1.40145,1.38918,1227.0,1.40151,1.39311,840.0,68.460,0.00,834.0,289.6,1.40145,1.39311,1.40985,UNTOUCHED,,0,,0,,0,,0,NA,Other,NA,,NA,,1.38084,BREAK,2025.05.23 11:00,0,,0,,0,,0,NA,London,BREAK,2025.05.26 05:00,BOUNCE,2025.06.10 11:00,1.40979,UNTOUCHED,,0,,0,,0,,0,NA,Other,NA,,NA,,1.38477,BREAK,2025.05.21 18:00,0,,0,,0,,0,NA,NewYork,BREAK,2025.05.23 20:00,BREAK,2025.06.04 21:00,B-ZD-BR,S-ZG-BO,B-ZG-BR,S-ZO-BO,B-ZF-BR,B-ZG-BR,S-ZD-BO,B-ZF-UN,S-ZB-BO,S-ZO-BR,S-ZO-BR,B-ZE-UN,S-ZO-BR,S-ZD-BR,S-ZH-BR,S-ZB-BO,B-ZB-BR,S-ZB-BR,S-ZF-BR,S-ZC-BO
113,,USDCAD,60,86400,SELL,ZO,0,1.40151,1.39311,840.0,1.39835,1.39007,828.0,98.571,0.00,524.0,198.2,1.39835,1.39311,1.38483,BREAK,2025.05.21 18:00,0,,0,,0,,0,NA,NewYork,BREAK,2025.05.23 17:00,BREAK,2025.05.23 21:00,1.40675,UNTOUCHED,,0,,0,,0,,0,NA,Other,NA,,NA,,1.38787,BREAK,2025.05.21 10:00,0,,0,,0,,0,NA,London,BOUNCE,2025.05.22 13:00,NA,,1.40359,UNTOUCHED,,0,,0,,0,,0,NA,Other,NA,,NA,,B-ZO-UN,B-ZD-BR,S-ZG-BO,B-ZG-BR,S-ZO-BO,B-ZF-BR,B-ZG-BR,S-ZD-BO,B-ZF-UN,S-ZB-BO,B-ZE-UN,S-ZO-BR,S-ZD-BR,S-ZH-BR,S-ZB-BO,B-ZB-BR,S-ZB-BR,S-ZF-BR,S-ZC-BO,B-ZB-BO
114,,USDCAD,60,86400,BUY,ZE,1,1.39835,1.39007,828.0,1.40035,1.39581,454.0,54.831,0.00,254.0,195.4,1.39835,1.39581,1.40289,UNTOUCHED,,0,,0,,0,,0,NA,Other,NA,,NA,,1.38753,BREAK,2025.05.21 14:00,0,,0,,0,,0,NA,NewYork,BREAK,2025.05.21 19:00,BOUNCE,2025.05.21 23:00,1.40089,UNTOUCHED,,0,,0,,0,,0,NA,Other,NA,,NA,,1.39327,BOUNCE,2025.05.19 18:00,0,,0,,0,,0,NA,NewYork,NA,,NA,,S-ZO-BR,B-ZO-UN,B-ZD-BR,S-ZG-BO,B-ZG-BR,S-ZO-BO,B-ZF-BR,B-ZG-BR,S-ZD-BO,B-ZF-UN,S-ZO-BR,S-ZD-BR,S-ZH-BR,S-ZB-BO,B-ZB-BR,S-ZB-BR,S-ZF-BR,S-ZC-BO,B-ZB-BO,S-ZD-BR
115,,USDCAD,60,86400,SELL,ZO,0,1.40035,1.39581,454.0,1.39944,1.39342,602.0,132.599,0.00,363.0,107.1,1.39944,1.39581,1.38979,BREAK,2025.05.21 06:00,0,,0,,0,,0,NA,Asia,BREAK,2025.05.21 18:00,BREAK,2025.05.21 20:00,1.40398,UNTOUCHED,,0,,0,,0,,0,NA,Other,NA,,NA,,1.39218,BOUNCE,2025.05.19 19:00,0,,0,,0,,0,NA,NewYork,NA,,NA,,1.40307,UNTOUCHED,,0,,0,,0,,0,NA,Other,NA,,NA,,B-ZE-UN,S-ZO-BR,B-ZO-UN,B-ZD-BR,S-ZG-BO,B-ZG-BR,S-ZO-BO,B-ZF-BR,B-ZG-BR,S-ZD-BO,S-ZD-BR,S-ZH-BR,S-ZB-BO,B-ZB-BR,S-ZB-BR,S-ZF-BR,S-ZC-BO,B-ZB-BO,S-ZD-BR,S-ZH-BO
116,,USDCAD,60,86400,SELL,ZD,1,1.39802,1.39590,212.0,1.39717,1.39159,558.0,263.208,0.00,127.0,50.0,1.39717,1.39590,1.39032,BREAK,2025.05.21 04:00,0,,0,,0,,0,NA,Asia,BREAK,2025.05.21 07:00,BOUNCE,2025.05.21 10:00,1.39929,UNTOUCHED,,0,,0,,0,,0,NA,Other,NA,,NA,,1.39463,BREAK,2025.05.20 01:00,0,,0,,0,,0,NA,Asia,BOUNCE,2025.05.20 11:00,NA,,1.39844,UNTOUCHED,,0,,0,,0,,0,NA,Other,NA,,NA,,S-ZO-BR,B-ZE-UN,S-ZO-BR,B-ZO-UN,B-ZD-BR,S-ZG-BO,B-ZG-BR,S-ZO-BO,B-ZF-BR,B-ZG-BR,S-ZH-BR,S-ZB-BO,B-ZB-BR,S-ZB-BR,S-ZF-BR,S-ZC-BO,B-ZB-BO,S-ZD-BR,S-ZH-BO,S-ZH-UN
117,,USDCAD,60,86400,SELL,ZH,0,1.39717,1.39159,558.0,1.39672,1.39130,542.0,97.133,0.00,513.0,131.7,1.39672,1.39159,1.38617,BREAK,2025.05.21 17:00,0,,0,,0,,0,NA,NewYork,BREAK,2025.05.23 16:00,BREAK,2025.05.23 20:00,1.40230,UNTOUCHED,,0,,0,,0,,0,NA,Other,NA,,NA,,1.38646,BREAK,2025.05.21 17:00,0,,0,,0,,0,NA,NewYork,BOUNCE,2025.05.22 02:00,NA,,1.40185,UNTOUCHED,,0,,0,,0,,0,NA,Other,NA,,NA,,S-ZD-BR,S-ZO-BR,B-ZE-UN,S-ZO-BR,B-ZO-UN,B-ZD-BR,S-ZG-BO,B-ZG-BR,S-ZO-BO,B-ZF-BR,S-ZB-BO,B-ZB-BR,S-ZB-BR,S-ZF-BR,S-ZC-BO,B-ZB-BO,S-ZD-BR,S-ZH-BO,S-ZH-UN,B-ZF-BR
118,,USDCAD,60,86400,SELL,ZB,1,1.38879,1.38450,429.0,1.38644,1.37080,1564.0,364.569,0.00,194.0,101.2,1.38644,1.38450,1.36886,BOUNCE,2025.05.26 10:00,1,2025.05.26 18:00,0,,0,,1,8h,London,NA,,NA,,1.39073,UNTOUCHED,,0,,0,,0,,0,NA,Other,NA,,NA,,1.38256,BREAK,2025.05.24 00:00,0,,0,,0,,0,NA,Asia,BREAK,2025.05.26 01:00,BREAK,2025.05.26 02:00,1.38838,UNTOUCHED,,0,,0,,0,,0,NA,Other,NA,,NA,,S-ZH-BR,S-ZD-BR,S-ZO-BR,B-ZE-UN,S-ZO-BR,B-ZO-UN,B-ZD-BR,S-ZG-BO,B-ZG-BR,S-ZO-BO,B-ZB-BR,S-ZB-BR,S-ZF-BR,S-ZC-BO,B-ZB-BO,S-ZD-BR,S-ZH-BO,S-ZH-UN,B-ZF-BR,B-ZE-BO
119,,USDCAD,60,86400,BUY,ZB,1,1.37380,1.36848,532.0,1.38022,1.37210,812.0,152.632,0.00,170.0,125.6,1.37380,1.37210,1.38192,BREAK,2025.05.28 00:00,0,,0,,0,,0,NA,Asia,BOUNCE,2025.05.28 11:00,NA,,1.36678,BOUNCE,2025.06.04 18:00,1,2025.06.06 16:00,1,2025.06.23 01:00,0,,2,2w 4d,NewYork,NA,,NA,,1.37550,BREAK,2025.05.28 00:00,0,,0,,0,,0,NA,Asia,BREAK,2025.05.28 01:00,BREAK,2025.05.28 02:00,1.37040,BOUNCE,2025.06.02 05:00,1,2025.06.23 01:00,1,2025.06.23 01:00,0,,2,2w 6d,Asia,NA,,NA,,S-ZB-BO,S-ZH-BR,S-ZD-BR,S-ZO-BR,B-ZE-UN,S-ZO-BR,B-ZO-UN,B-ZD-BR,S-ZG-BO,B-ZG-BR,S-ZB-BR,S-ZF-BR,S-ZC-BO,B-ZB-BO,S-ZD-BR,S-ZH-BO,S-ZH-UN,B-ZF-BR,B-ZE-BO,B-ZG-BR
120,,USDCAD,60,86400,SELL,ZB,1,1.38606,1.37838,768.0,1.38287,1.37127,1160.0,151.042,0.00,449.0,181.2,1.38287,1.37838,1.36678,BREAK,2025.06.04 18:00,0,,0,,0,,0,NA,NewYork,BREAK,2025.06.12 20:00,BREAK,2025.06.16 16:00,1.39055,UNTOUCHED,,0,,0,,0,,0,NA,Other,NA,,NA,,1.37389,BREAK,2025.05.31 00:00,0,,0,,0,,0,NA,Asia,BREAK,2025.06.02 11:00,BOUNCE,2025.06.06 16:00,1.38736,UNTOUCHED,,0,,0,,0,,0,NA,Other,NA,,NA,,B-ZB-BR,S-ZB-BO,S-ZH-BR,S-ZD-BR,S-ZO-BR,B-ZE-UN,S-ZO-BR,B-ZO-UN,B-ZD-BR,S-ZG-BO,S-ZF-BR,S-ZC-BO,B-ZB-BO,S-ZD-BR,S-ZH-BO,S-ZH-UN,B-ZF-BR,B-ZE-BO,B-ZG-BR,B-ZC-BR
121,,USDCAD,60,86400,SELL,ZF,1,1.37417,1.36999,418.0,1.37304,1.36513,791.0,189.234,0.00,305.0,98.6,1.37304,1.36999,1.36208,BREAK,2025.06.12 16:00,0,,0,,0,,0,NA,NewYork,BREAK,2025.06.13 19:00,BREAK,2025.06.16 17:00,1.37722,BREAK,2025.06.23 12:00,0,,0,,0,,0,NA,London,BREAK,2025.07.30 17:00,BREAK,2025.07.31 00:00,1.36694,BREAK,2025.06.05 05:00,0,,0,,0,,0,NA,Asia,BOUNCE,2025.06.05 19:00,NA,,1.37609,BREAK,2025.06.23 05:00,0,,0,,0,,0,NA,Asia,BOUNCE,2025.06.23 17:00,NA,,S-ZB-BR,B-ZB-BR,S-ZB-BO,S-ZH-BR,S-ZD-BR,S-ZO-BR,B-ZE-UN,S-ZO-BR,B-ZO-UN,B-ZD-BR,S-ZC-BO,B-ZB-BO,S-ZD-BR,S-ZH-BO,S-ZH-UN,B-ZF-BR,B-ZE-BO,B-ZG-BR,B-ZC-BR,S-ZB-BO
122,,USDCAD,60,86400,SELL,ZC,1,1.37304,1.36513,791.0,1.36845,1.36333,512.0,64.728,0.00,332.0,186.7,1.36845,1.36513,1.36001,BOUNCE,2025.06.12 21:00,1,2025.06.18 00:00,1,2025.06.19 06:00,1,2025.06.23 05:00,3,1w 3d,Other,NA,,NA,,1.37636,BREAK,2025.06.23 05:00,0,,0,,0,,0,NA,Asia,BREAK,2025.07.30 17:00,BREAK,2025.07.31 14:00,1.36181,BREAK,2025.06.12 16:00,0,,0,,0,,0,NA,NewYork,BREAK,2025.06.13 20:00,BOUNCE,2025.06.17 17:00,1.37177,BOUNCE,2025.06.10 10:00,1,2025.06.12 16:00,1,2025.06.12 16:00,0,,2,2d 6h,London,NA,,NA,,S-ZF-BR,S-ZB-BR,B-ZB-BR,S-ZB-BO,S-ZH-BR,S-ZD-BR,S-ZO-BR,B-ZE-UN,S-ZO-BR,B-ZO-UN,B-ZB-BO,S-ZD-BR,S-ZH-BO,S-ZH-UN,B-ZF-BR,B-ZE-BO,B-ZG-BR,B-ZC-BR,S-ZB-BO,B-ZG-BO
123,,USDCAD,60,86400,BUY,ZB,1,1.36845,1.36333,512.0,1.37031,1.36592,439.0,85.742,0.00,253.0,120.8,1.36845,1.36592,1.37284,BOUNCE,2025.06.19 10:00,1,2025.06.24 18:00,1,2025.06.26 18:00,1,2025.07.01 00:00,3,1w 4d,London,NA,,NA,,1.36080,BREAK,2025.06.12 19:00,0,,0,,0,,0,NA,NewYork,BREAK,2025.06.13 20:00,BREAK,2025.06.16 17:00,1.37098,BREAK,2025.06.10 05:00,0,,0,,0,,0,NA,Asia,BOUNCE,2025.06.19 22:00,NA,,1.36339,BREAK,2025.06.12 14:00,0,,0,,0,,0,NA,NewYork,BREAK,2025.06.13 03:00,BREAK,2025.06.13 20:00,S-ZC-BO,S-ZF-BR,S-ZB-BR,B-ZB-BR,S-ZB-BO,S-ZH-BR,S-ZD-BR,S-ZO-BR,B-ZE-UN,S-ZO-BR,S-ZD-BR,S-ZH-BO,S-ZH-UN,B-ZF-BR,B-ZE-BO,B-ZG-BR,B-ZC-BR,S-ZB-BO,B-ZG-BO,S-ZH-BO
124,,USDCAD,60,86400,SELL,ZD,1,1.37273,1.36669,604.0,1.36889,1.36486,403.0,66.722,0.00,220.0,142.5,1.36889,1.36669,1.36266,BREAK,2025.06.12 15:00,0,,0,,0,,0,NA,NewYork,BOUNCE,2025.06.13 04:00,NA,,1.37493,BREAK,2025.06.23 01:00,0,,0,,0,,0,NA,Asia,BREAK,2025.06.23 13:00,BOUNCE,2025.06.23 17:00,1.36449,BOUNCE,2025.06.12 10:00,1,2025.06.19 05:00,1,2025.06.23 01:00,0,,2,1w 3d,London,NA,,NA,,1.37109,BREAK,2025.06.19 05:00,0,,0,,0,,0,NA,Asia,BOUNCE,2025.06.19 22:00,NA,,B-ZB-BO,S-ZC-BO,S-ZF-BR,S-ZB-BR,B-ZB-BR,S-ZB-BO,S-ZH-BR,S-ZD-BR,S-ZO-BR,B-ZE-UN,S-ZH-BO,S-ZH-UN,B-ZF-BR,B-ZE-BO,B-ZG-BR,B-ZC-BR,S-ZB-BO,B-ZG-BO,S-ZH-BO,S-ZE-UN
125,,USDCAD,60,86400,SELL,ZH,1,1.36889,1.36486,403.0,1.36741,1.35985,756.0,187.593,0.00,255.0,95.1,1.36741,1.36486,1.35730,BOUNCE,2025.06.13 20:00,1,2025.06.17 21:00,1,2025.06.18 23:00,1,2025.06.19 06:00,3,5d 10h,NewYork,NA,,NA,,1.37144,BREAK,2025.06.19 06:00,0,,0,,0,,0,NA,Asia,BOUNCE,2025.06.19 22:00,NA,,1.36231,BREAK,2025.06.13 00:00,0,,0,,0,,0,NA,Asia,BOUNCE,2025.06.13 04:00,NA,,1.36996,BREAK,2025.06.18 23:00,0,,0,,0,,0,NA,Other,BREAK,2025.06.19 18:00,BREAK,2025.06.23 05:00,S-ZD-BR,B-ZB-BO,S-ZC-BO,S-ZF-BR,S-ZB-BR,B-ZB-BR,S-ZB-BO,S-ZH-BR,S-ZD-BR,S-ZO-BR,S-ZH-UN,B-ZF-BR,B-ZE-BO,B-ZG-BR,B-ZC-BR,S-ZB-BO,B-ZG-BO,S-ZH-BO,S-ZE-UN,S-ZF-UN
126,,USDCAD,60,86400,SELL,ZH,0,1.36741,1.35985,756.0,1.36507,1.35652,855.0,113.095,0.00,522.0,178.4,1.36507,1.35985,1.35130,UNTOUCHED,,0,,0,,0,,0,NA,Other,NA,,NA,,1.37263,BREAK,2025.06.19 10:00,0,,0,,0,,0,NA,London,BREAK,2025.06.23 13:00,BREAK,2025.07.31 14:00,1.35463,BOUNCE,2025.06.16 17:00,1,2025.06.19 05:00,1,2025.06.19 10:00,0,,2,2d 17h,NewYork,NA,,NA,,1.37029,BREAK,2025.06.19 05:00,0,,0,,0,,0,NA,Asia,BREAK,2025.06.23 12:00,BREAK,2025.07.30 22:00,S-ZH-BO,S-ZD-BR,B-ZB-BO,S-ZC-BO,S-ZF-BR,S-ZB-BR,B-ZB-BR,S-ZB-BO,S-ZH-BR,S-ZD-BR,B-ZF-BR,B-ZE-BO,B-ZG-BR,B-ZC-BR,S-ZB-BO,B-ZG-BO,S-ZH-BO,S-ZE-UN,S-ZF-UN,S-ZD-UN
127,,USDCAD,60,86400,BUY,ZF,1,1.36057,1.35390,667.0,1.36520,1.35555,965.0,144.678,0.00,502.0,157.4,1.36057,1.35555,1.37022,BREAK,2025.06.19 05:00,0,,0,,0,,0,NA,Asia,BREAK,2025.06.23 12:00,BREAK,2025.07.30 22:00,1.34888,UNTOUCHED,,0,,0,,0,,0,NA,Other,NA,,NA,,1.36559,BREAK,2025.06.18 00:00,0,,0,,0,,0,NA,Asia,BREAK,2025.06.19 09:00,BREAK,2025.06.23 12:00,1.35053,UNTOUCHED,,0,,0,,0,,0,NA,Other,NA,,NA,,S-ZH-UN,S-ZH-BO,S-ZD-BR,B-ZB-BO,S-ZC-BO,S-ZF-BR,S-ZB-BR,B-ZB-BR,S-ZB-BO,S-ZH-BR,B-ZE-BO,B-ZG-BR,B-ZC-BR,S-ZB-BO,B-ZG-BO,S-ZH-BO,S-ZE-UN,S-ZF-UN,S-ZD-UN,B-ZC-BO
128,,USDCAD,60,86400,BUY,ZE,1,1.37015,1.36330,685.0,1.37452,1.36813,639.0,93.285,0.00,202.0,161.7,1.37015,1.36813,1.37654,BOUNCE,2025.06.23 05:00,1,2025.06.23 19:00,1,2025.06.26 17:00,1,2025.07.01 00:00,3,1w 0d,Asia,NA,,NA,,1.36128,BREAK,2025.07.01 00:00,0,,0,,0,,0,NA,Asia,BOUNCE,2025.07.01 16:00,NA,,1.37217,BREAK,2025.06.20 16:00,0,,0,,0,,0,NA,NewYork,BOUNCE,2025.06.20 22:00,NA,,1.36611,BREAK,2025.06.26 17:00,0,,0,,0,,0,NA,NewYork,BREAK,2025.06.26 18:00,BOUNCE,2025.06.27 00:00,B-ZF-BR,S-ZH-UN,S-ZH-BO,S-ZD-BR,B-ZB-BO,S-ZC-BO,S-ZF-BR,S-ZB-BR,B-ZB-BR,S-ZB-BO,B-ZG-BR,B-ZC-BR,S-ZB-BO,B-ZG-BO,S-ZH-BO,S-ZE-UN,S-ZF-UN,S-ZD-UN,B-ZC-BO,B-ZG-BO
129,,USDCAD,60,86400,BUY,ZG,0,1.37452,1.36813,639.0,1.37455,1.36860,595.0,93.114,0.00,592.0,150.8,1.37452,1.36860,1.38047,BREAK,2025.07.30 17:00,0,,0,,0,,0,NA,NewYork,BOUNCE,2025.08.01 16:00,NA,,1.36221,BOUNCE,2025.06.26 20:00,1,2025.06.27 22:00,1,2025.07.30 16:00,1,2025.07.30 17:00,3,4w 5d,NewYork,NA,,NA,,1.38044,BREAK,2025.07.30 16:00,0,,0,,0,,0,NA,NewYork,BOUNCE,2025.08.01 16:00,NA,,1.36268,BOUNCE,2025.06.26 18:00,1,2025.07.30 16:00,1,2025.07.30 16:00,0,,2,4w 5d,NewYork,NA,,NA,,B-ZE-BO,B-ZF-BR,S-ZH-UN,S-ZH-BO,S-ZD-BR,B-ZB-BO,S-ZC-BO,S-ZF-BR,S-ZB-BR,B-ZB-BR,B-ZC-BR,S-ZB-BO,B-ZG-BO,S-ZH-BO,S-ZE-UN,S-ZF-UN,S-ZD-UN,B-ZC-BO,B-ZG-BO,B-ZH-BO
130,,USDCAD,60,86400,BUY,ZC,1,1.37376,1.36776,600.0,1.37534,1.37059,475.0,79.167,0.00,317.0,141.6,1.37376,1.37059,1.37851,BREAK,2025.07.29 19:00,0,,0,,0,,0,NA,NewYork,BREAK,2025.07.30 23:00,BREAK,2025.08.01 02:00,1.36459,BREAK,2025.06.26 17:00,0,,0,,0,,0,NA,NewYork,BREAK,2025.07.01 00:00,BOUNCE,2025.07.03 16:00,1.37693,BOUNCE,2025.07.17 15:00,1,2025.07.22 03:00,1,2025.07.22 18:00,0,,2,5d 3h,NewYork,NA,,NA,,1.36742,BREAK,2025.06.26 16:00,0,,0,,0,,0,NA,NewYork,BREAK,2025.06.26 18:00,BREAK,2025.07.01 12:00,B-ZG-BR,B-ZE-BO,B-ZF-BR,S-ZH-UN,S-ZH-BO,S-ZD-BR,B-ZB-BO,S-ZC-BO,S-ZF-BR,S-ZB-BR,S-ZB-BO,B-ZG-BO,S-ZH-BO,S-ZE-UN,S-ZF-UN,S-ZD-UN,B-ZC-BO,B-ZG-BO,B-ZH-BO,B-ZO-BR
131,,USDCAD,60,86400,SELL,ZB,1,1.37534,1.37059,475.0,1.37286,1.36167,1119.0,235.579,0.00,227.0,112.1,1.37286,1.37059,1.35940,BOUNCE,2025.07.01 12:00,1,2025.07.01 17:00,1,2025.07.16 18:00,1,2025.07.29 16:00,3,4w 0d,London,NA,,NA,,1.37761,BOUNCE,2025.07.29 16:00,1,2025.08.07 08:00,0,,0,,1,1w 1d,NewYork,NA,,NA,,1.36832,BREAK,2025.06.27 00:00,0,,0,,0,,0,NA,Asia,BREAK,2025.06.27 01:00,BREAK,2025.06.27 11:00,1.37513,BOUNCE,2025.06.27 21:00,1,2025.06.28 00:00,1,2025.06.28 00:00,0,,2,3h,Other,NA,,NA,,B-ZC-BR,B-ZG-BR,B-ZE-BO,B-ZF-BR,S-ZH-UN,S-ZH-BO,S-ZD-BR,B-ZB-BO,S-ZC-BO,S-ZF-BR,B-ZG-BO,S-ZH-BO,S-ZE-UN,S-ZF-UN,S-ZD-UN,B-ZC-BO,B-ZG-BO,B-ZH-BO,B-ZO-BR,S-ZD-BO
132,,USDCAD,60,86400,BUY,ZG,0,1.37286,1.36167,1119.0,1.37575,1.36265,1310.0,117.069,0.00,1021.0,264.1,1.37286,1.36265,1.38596,BOUNCE,2025.08.01 02:00,0,,0,,0,,0,NA,Asia,NA,,NA,,1.35146,UNTOUCHED,,0,,0,,0,,0,NA,Other,NA,,NA,,1.38307,BREAK,2025.07.30 23:00,0,,0,,0,,0,NA,Other,UNTOUCHED,,NA,,1.35244,UNTOUCHED,,0,,0,,0,,0,NA,Other,NA,,NA,,S-ZB-BO,B-ZC-BR,B-ZG-BR,B-ZE-BO,B-ZF-BR,S-ZH-UN,S-ZH-BO,S-ZD-BR,B-ZB-BO,S-ZC-BO,S-ZH-BO,S-ZE-UN,S-ZF-UN,S-ZD-UN,B-ZC-BO,B-ZG-BO,B-ZH-BO,B-ZO-BR,S-ZD-BO,S-ZD-UN
133,,USDCAD,60,86400,SELL,ZH,1,1.37052,1.36767,285.0,1.36987,1.36151,836.0,293.333,0.00,220.0,67.3,1.36987,1.36767,1.35931,BOUNCE,2025.07.01 12:00,1,2025.07.01 17:00,1,2025.07.11 04:00,1,2025.07.11 04:00,3,1w 2d,London,NA,,NA,,1.37272,BOUNCE,2025.07.11 04:00,1,2025.07.11 05:00,1,2025.07.11 16:00,1,2025.07.23 05:00,3,1w 5d,Asia,NA,,NA,,1.36547,BREAK,2025.07.01 00:00,0,,0,,0,,0,NA,Asia,BREAK,2025.07.01 01:00,BREAK,2025.07.01 02:00,1.37207,BREAK,2025.07.11 04:00,0,,0,,0,,0,NA,Asia,BREAK,2025.07.16 18:00,BREAK,2025.07.17 16:00,B-ZG-BO,S-ZB-BO,B-ZC-BR,B-ZG-BR,B-ZE-BO,B-ZF-BR,S-ZH-UN,S-ZH-BO,S-ZD-BR,B-ZB-BO,S-ZE-UN,S-ZF-UN,S-ZD-UN,B-ZC-BO,B-ZG-BO,B-ZH-BO,B-ZO-BR,S-ZD-BO,S-ZD-UN,B-ZF-BR
134,,USDCAD,60,86400,SELL,ZE,1,1.36987,1.36151,836.0,1.36660,1.35901,759.0,90.789,0.00,509.0,197.3,1.36660,1.36151,1.35392,UNTOUCHED,,0,,0,,0,,0,NA,Other,NA,,NA,,1.37496,BOUNCE,2025.07.16 18:00,1,2025.07.22 18:00,0,,0,,1,6d 0h,NewYork,NA,,NA,,1.35642,BOUNCE,2025.07.03 19:00,1,2025.07.11 04:00,1,2025.07.16 18:00,0,,2,1w 5d,NewYork,NA,,NA,,1.37169,BOUNCE,2025.07.11 04:00,0,,0,,0,,0,NA,Asia,NA,,NA,,S-ZH-BO,B-ZG-BO,S-ZB-BO,B-ZC-BR,B-ZG-BR,B-ZE-BO,B-ZF-BR,S-ZH-UN,S-ZH-BO,S-ZD-BR,S-ZF-UN,S-ZD-UN,B-ZC-BO,B-ZG-BO,B-ZH-BO,B-ZO-BR,S-ZD-BO,S-ZD-UN,B-ZF-BR,B-ZD-BR
135,,USDCAD,60,86400,SELL,ZF,0,1.36660,1.35901,759.0,1.36577,1.35873,704.0,92.754,0.00,676.0,179.1,1.36577,1.35901,1.35197,UNTOUCHED,,0,,0,,0,,0,NA,Other,NA,,NA,,1.37336,BREAK,2025.07.16 17:00,0,,0,,0,,0,NA,NewYork,BREAK,2025.07.30 22:00,BOUNCE,2025.08.01 16:00,1.35225,UNTOUCHED,,0,,0,,0,,0,NA,Other,NA,,NA,,1.37253,BOUNCE,2025.07.11 04:00,0,,0,,0,,0,NA,Asia,NA,,NA,,S-ZE-UN,S-ZH-BO,B-ZG-BO,S-ZB-BO,B-ZC-BR,B-ZG-BR,B-ZE-BO,B-ZF-BR,S-ZH-UN,S-ZH-BO,S-ZD-UN,B-ZC-BO,B-ZG-BO,B-ZH-BO,B-ZO-BR,S-ZD-BO,S-ZD-UN,B-ZF-BR,B-ZD-BR,B-ZB-BO
136,,USDCAD,60,86400,SELL,ZD,1,1.36577,1.35873,704.0,1.36229,1.35553,676.0,96.023,0.00,356.0,166.1,1.36229,1.35873,1.35197,UNTOUCHED,,0,,0,,0,,0,NA,Other,NA,,NA,,1.36933,BOUNCE,2025.07.09 14:00,1,2025.07.22 19:00,0,,0,,1,1w 6d,NewYork,NA,,NA,,1.35517,UNTOUCHED,,0,,0,,0,,0,NA,Other,NA,,NA,,1.36585,BREAK,2025.07.07 11:00,0,,0,,0,,0,NA,London,BOUNCE,2025.07.11 00:00,NA,,S-ZF-UN,S-ZE-UN,S-ZH-BO,B-ZG-BO,S-ZB-BO,B-ZC-BR,B-ZG-BR,B-ZE-BO,B-ZF-BR,S-ZH-UN,B-ZC-BO,B-ZG-BO,B-ZH-BO,B-ZO-BR,S-ZD-BO,S-ZD-UN,B-ZF-BR,B-ZD-BR,B-ZB-BO,B-ZB-BO
137,,USDCAD,60,86400,BUY,ZC,1,1.36842,1.35843,999.0,1.36932,1.36375,557.0,55.756,0.00,467.0,235.8,1.36842,1.36375,1.37399,BOUNCE,2025.07.16 17:00,1,2025.07.22 18:00,1,2025.07.23 11:00,0,,2,6d 18h,NewYork,NA,,NA,,1.35376,UNTOUCHED,,0,,0,,0,,0,NA,Other,NA,,NA,,1.37309,BOUNCE,2025.07.16 17:00,1,2025.07.23 11:00,0,,0,,1,6d 18h,NewYork,NA,,NA,,1.35908,BOUNCE,2025.07.23 11:00,1,2025.07.28 11:00,1,2025.07.28 11:00,0,,2,5d 0h,London,NA,,NA,,S-ZD-UN,S-ZF-UN,S-ZE-UN,S-ZH-BO,B-ZG-BO,S-ZB-BO,B-ZC-BR,B-ZG-BR,B-ZE-BO,B-ZF-BR,B-ZG-BO,B-ZH-BO,B-ZO-BR,S-ZD-BO,S-ZD-UN,B-ZF-BR,B-ZD-BR,B-ZB-BO,B-ZB-BO,B-ZD-BR
138,,USDCAD,60,86400,BUY,ZG,0,1.36932,1.36375,557.0,1.37088,1.36507,581.0,104.309,0.00,425.0,131.5,1.36932,1.36507,1.37513,BOUNCE,2025.07.16 18:00,1,2025.07.22 16:00,1,2025.07.22 20:00,1,2025.07.23 03:00,3,6d 9h,NewYork,NA,,NA,,1.35950,BREAK,2025.07.23 03:00,0,,0,,0,,0,NA,Asia,UNTOUCHED,,NA,,1.37357,BREAK,2025.07.16 17:00,0,,0,,0,,0,NA,NewYork,BREAK,2025.07.30 15:00,BREAK,2025.07.30 23:00,1.36082,BREAK,2025.07.22 20:00,0,,0,,0,,0,NA,NewYork,UNTOUCHED,,NA,,B-ZC-BO,S-ZD-UN,S-ZF-UN,S-ZE-UN,S-ZH-BO,B-ZG-BO,S-ZB-BO,B-ZC-BR,B-ZG-BR,B-ZE-BO,B-ZH-BO,B-ZO-BR,S-ZD-BO,S-ZD-UN,B-ZF-BR,B-ZD-BR,B-ZB-BO,B-ZB-BO,B-ZD-BR,S-ZO-BR
139,,USDCAD,60,86400,BUY,ZH,0,1.37070,1.36689,381.0,1.37289,1.36707,582.0,152.756,0.00,363.0,89.9,1.37070,1.36707,1.37652,BOUNCE,2025.07.17 14:00,1,2025.07.21 18:00,1,2025.07.22 18:00,1,2025.07.22 18:00,3,5d 4h,NewYork,NA,,NA,,1.36326,BOUNCE,2025.07.22 18:00,1,2025.07.25 17:00,1,2025.07.29 10:00,1,2025.07.29 15:00,3,6d 21h,NewYork,NA,,NA,,1.37433,BREAK,2025.07.16 17:00,0,,0,,0,,0,NA,NewYork,BREAK,2025.07.30 14:00,BREAK,2025.07.30 22:00,1.36344,BREAK,2025.07.22 18:00,0,,0,,0,,0,NA,NewYork,BREAK,2025.07.23 11:00,UNTOUCHED,,B-ZG-BO,B-ZC-BO,S-ZD-UN,S-ZF-UN,S-ZE-UN,S-ZH-BO,B-ZG-BO,S-ZB-BO,B-ZC-BR,B-ZG-BR,B-ZO-BR,S-ZD-BO,S-ZD-UN,B-ZF-BR,B-ZD-BR,B-ZB-BO,B-ZB-BO,B-ZD-BR,S-ZO-BR,B-ZG-BR
140,,USDCAD,60,86400,BUY,ZO,0,1.37289,1.36707,582.0,1.37543,1.36790,753.0,129.381,0.00,499.0,137.4,1.37289,1.36790,1.38042,BREAK,2025.07.30 16:00,0,,0,,0,,0,NA,NewYork,BREAK,2025.08.01 02:00,BREAK,2025.08.22 17:00,1.36208,BREAK,2025.07.22 19:00,0,,0,,0,,0,NA,NewYork,UNTOUCHED,,NA,,1.37788,BREAK,2025.07.29 17:00,0,,0,,0,,0,NA,NewYork,BREAK,2025.07.31 00:00,BREAK,2025.08.21 16:00,1.36291,BREAK,2025.07.22 19:00,0,,0,,0,,0,NA,NewYork,BOUNCE,2025.07.24 19:00,NA,,B-ZH-BO,B-ZG-BO,B-ZC-BO,S-ZD-UN,S-ZF-UN,S-ZE-UN,S-ZH-BO,B-ZG-BO,S-ZB-BO,B-ZC-BR,S-ZD-BO,S-ZD-UN,B-ZF-BR,B-ZD-BR,B-ZB-BO,B-ZB-BO,B-ZD-BR,S-ZO-BR,B-ZG-BR,S-ZB-UN
141,,USDCAD,60,86400,SELL,ZD,1,1.37337,1.36774,563.0,1.36942,1.36018,924.0,164.121,0.00,168.0,132.9,1.36942,1.36774,1.35850,BOUNCE,2025.07.23 12:00,1,2025.07.23 17:00,1,2025.07.25 17:00,1,2025.07.29 11:00,3,5d 23h,London,NA,,NA,,1.37505,BREAK,2025.07.29 11:00,0,,0,,0,,0,NA,London,BREAK,2025.07.29 18:00,BOUNCE,2025.07.29 21:00,1.36606,BREAK,2025.07.23 00:00,0,,0,,0,,0,NA,Asia,BREAK,2025.07.23 01:00,BREAK,2025.07.23 02:00,1.37110,BOUNCE,2025.07.25 17:00,0,,0,,0,,0,NA,NewYork,NA,,NA,,B-ZO-BR,B-ZH-BO,B-ZG-BO,B-ZC-BO,S-ZD-UN,S-ZF-UN,S-ZE-UN,S-ZH-BO,B-ZG-BO,S-ZB-BO,S-ZD-UN,B-ZF-BR,B-ZD-BR,B-ZB-BO,B-ZB-BO,B-ZD-BR,S-ZO-BR,B-ZG-BR,S-ZB-UN,S-ZO-UN
142,,USDCAD,60,86400,SELL,ZD,1,1.36942,1.36018,924.0,1.36280,1.35746,534.0,57.792,0.00,262.0,218.1,1.36280,1.36018,1.35484,UNTOUCHED,,0,,0,,0,,0,NA,Other,NA,,NA,,1.37204,BOUNCE,2025.07.25 20:00,0,,0,,0,,0,NA,NewYork,NA,,NA,,1.35756,UNTOUCHED,,0,,0,,0,,0,NA,Other,NA,,NA,,1.36542,BREAK,2025.07.25 06:00,0,,0,,0,,0,NA,Asia,BREAK,2025.07.25 17:00,BREAK,2025.07.28 11:00,S-ZD-BO,B-ZO-BR,B-ZH-BO,B-ZG-BO,B-ZC-BO,S-ZD-UN,S-ZF-UN,S-ZE-UN,S-ZH-BO,B-ZG-BO,B-ZF-BR,B-ZD-BR,B-ZB-BO,B-ZB-BO,B-ZD-BR,S-ZO-BR,B-ZG-BR,S-ZB-UN,S-ZO-UN,B-ZO-BR
143,,USDCAD,60,86400,BUY,ZF,0,1.36280,1.35746,534.0,1.36452,1.35893,559.0,104.682,0.00,387.0,126.0,1.36280,1.35893,1.36839,BREAK,2025.07.25 16:00,0,,0,,0,,0,NA,NewYork,BREAK,2025.07.28 11:00,BREAK,2025.07.29 16:00,1.35359,UNTOUCHED,,0,,0,,0,,0,NA,Other,NA,,NA,,1.36667,BREAK,2025.07.25 11:00,0,,0,,0,,0,NA,London,BREAK,2025.07.25 20:00,BREAK,2025.07.29 11:00,1.35506,UNTOUCHED,,0,,0,,0,,0,NA,Other,NA,,NA,,S-ZD-UN,S-ZD-BO,B-ZO-BR,B-ZH-BO,B-ZG-BO,B-ZC-BO,S-ZD-UN,S-ZF-UN,S-ZE-UN,S-ZH-BO,B-ZD-BR,B-ZB-BO,B-ZB-BO,B-ZD-BR,S-ZO-BR,B-ZG-BR,S-ZB-UN,S-ZO-UN,B-ZO-BR,S-ZC-UN
144,,USDCAD,60,86400,BUY,ZD,1,1.36452,1.35893,559.0,1.37247,1.36273,974.0,174.240,0.00,179.0,131.9,1.36452,1.36273,1.37426,BREAK,2025.07.29 10:00,0,,0,,0,,0,NA,London,BREAK,2025.07.29 16:00,BOUNCE,2025.07.29 17:00,1.35714,UNTOUCHED,,0,,0,,0,,0,NA,Other,NA,,NA,,1.36631,BREAK,2025.07.26 00:00,0,,0,,0,,0,NA,Asia,BREAK,2025.07.28 01:00,BREAK,2025.07.28 10:00,1.36094,UNTOUCHED,,0,,0,,0,,0,NA,Other,NA,,NA,,B-ZF-BR,S-ZD-UN,S-ZD-BO,B-ZO-BR,B-ZH-BO,B-ZG-BO,B-ZC-BO,S-ZD-UN,S-ZF-UN,S-ZE-UN,B-ZB-BO,B-ZB-BO,B-ZD-BR,S-ZO-BR,B-ZG-BR,S-ZB-UN,S-ZO-UN,B-ZO-BR,S-ZC-UN,B-ZF-BR
145,,USDCAD,60,86400,BUY,ZB,1,1.37413,1.36859,554.0,1.37874,1.37268,606.0,109.386,0.00,145.0,130.7,1.37413,1.37268,1.38019,BOUNCE,2025.07.30 16:00,1,2025.08.01 17:00,0,,0,,1,2d 1h,NewYork,NA,,NA,,1.36714,UNTOUCHED,,0,,0,,0,,0,NA,Other,NA,,NA,,1.37558,BREAK,2025.07.30 00:00,0,,0,,0,,0,NA,Asia,BREAK,2025.07.30 14:00,BREAK,2025.07.30 16:00,1.37123,UNTOUCHED,,0,,0,,0,,0,NA,Other,NA,,NA,,B-ZD-BR,B-ZF-BR,S-ZD-UN,S-ZD-BO,B-ZO-BR,B-ZH-BO,B-ZG-BO,B-ZC-BO,S-ZD-UN,S-ZF-UN,B-ZB-BO,B-ZD-BR,S-ZO-BR,B-ZG-BR,S-ZB-UN,S-ZO-UN,B-ZO-BR,S-ZC-UN,B-ZF-BR,B-ZF-BR
146,,USDCAD,60,86400,BUY,ZB,1,1.37874,1.37268,606.0,1.38409,1.37577,832.0,137.294,0.00,297.0,143.0,1.37874,1.37577,1.38706,BOUNCE,2025.08.01 11:00,1,2025.08.01 17:00,1,2025.08.07 10:00,0,,2,5d 23h,London,NA,,NA,,1.36971,UNTOUCHED,,0,,0,,0,,0,NA,Other,NA,,NA,,1.38171,BREAK,2025.07.31 00:00,0,,0,,0,,0,NA,Asia,BREAK,2025.08.01 02:00,BOUNCE,2025.08.01 16:00,1.37280,BOUNCE,2025.08.07 10:00,1,2025.08.14 21:00,1,2025.08.14 21:00,0,,2,1w 0d,London,NA,,NA,,B-ZB-BO,B-ZD-BR,B-ZF-BR,S-ZD-UN,S-ZD-BO,B-ZO-BR,B-ZH-BO,B-ZG-BO,B-ZC-BO,S-ZD-UN,B-ZD-BR,S-ZO-BR,B-ZG-BR,S-ZB-UN,S-ZO-UN,B-ZO-BR,S-ZC-UN,B-ZF-BR,B-ZF-BR,B-ZO-BR
147,,USDCAD,60,86400,BUY,ZD,1,1.38409,1.37577,832.0,1.38553,1.38126,427.0,51.322,0.00,283.0,196.4,1.38409,1.38126,1.38836,BREAK,2025.08.21 11:00,0,,0,,0,,0,NA,London,BOUNCE,2025.08.22 18:00,NA,,1.37294,BOUNCE,2025.08.07 08:00,1,2025.08.11 16:00,1,2025.08.20 04:00,1,2025.08.21 11:00,3,2w 0d,London,NA,,NA,,1.38692,BOUNCE,2025.08.01 02:00,1,2025.08.01 17:00,1,2025.08.07 08:00,0,,2,6d 6h,Asia,NA,,NA,,1.37843,BREAK,2025.08.01 17:00,0,,0,,0,,0,NA,NewYork,BREAK,2025.08.06 21:00,BOUNCE,2025.08.07 18:00,B-ZB-BO,B-ZB-BO,B-ZD-BR,B-ZF-BR,S-ZD-UN,S-ZD-BO,B-ZO-BR,B-ZH-BO,B-ZG-BO,B-ZC-BO,S-ZO-BR,B-ZG-BR,S-ZB-UN,S-ZO-UN,B-ZO-BR,S-ZC-UN,B-ZF-BR,B-ZF-BR,B-ZO-BR,S-ZF-BR
148,,USDCAD,60,86400,SELL,ZO,0,1.37965,1.37709,256.0,1.37948,1.37584,364.0,142.187,0.00,239.0,60.4,1.37948,1.37709,1.37345,BREAK,2025.08.06 22:00,0,,0,,0,,0,NA,Other,UNTOUCHED,,NA,,1.38204,BREAK,2025.08.18 18:00,0,,0,,0,,0,NA,NewYork,BREAK,2025.08.19 18:00,BREAK,2025.08.20 05:00,1.37470,BREAK,2025.08.06 15:00,0,,0,,0,,0,NA,NewYork,BOUNCE,2025.08.07 17:00,NA,,1.38187,BOUNCE,2025.08.16 00:00,1,2025.08.28 20:00,1,2025.08.28 20:00,0,,2,1w 5d,Asia,NA,,NA,,B-ZD-BR,B-ZB-BO,B-ZB-BO,B-ZD-BR,B-ZF-BR,S-ZD-UN,S-ZD-BO,B-ZO-BR,B-ZH-BO,B-ZG-BO,B-ZG-BR,S-ZB-UN,S-ZO-UN,B-ZO-BR,S-ZC-UN,B-ZF-BR,B-ZF-BR,B-ZO-BR,S-ZF-BR,S-ZH-UN
149,,USDCAD,60,86400,BUY,ZG,0,1.37948,1.37584,364.0,1.38102,1.37634,468.0,128.571,0.00,314.0,85.9,1.37948,1.37634,1.38416,BREAK,2025.08.19 17:00,0,,0,,0,,0,NA,NewYork,BREAK,2025.08.20 06:00,BREAK,2025.08.22 07:00,1.37270,BOUNCE,2025.08.07 10:00,1,2025.08.11 16:00,1,2025.08.18 19:00,1,2025.08.19 17:00,3,1w 5d,London,NA,,NA,,1.38262,BREAK,2025.08.18 19:00,0,,0,,0,,0,NA,NewYork,BREAK,2025.08.19 23:00,BREAK,2025.08.21 17:00,1.37320,BREAK,2025.08.07 08:00,0,,0,,0,,0,NA,London,UNTOUCHED,,NA,,S-ZO-BR,B-ZD-BR,B-ZB-BO,B-ZB-BO,B-ZD-BR,B-ZF-BR,S-ZD-UN,S-ZD-BO,B-ZO-BR,B-ZH-BO,S-ZB-UN,S-ZO-UN,B-ZO-BR,S-ZC-UN,B-ZF-BR,B-ZF-BR,B-ZO-BR,S-ZF-BR,S-ZH-UN,B-ZB-BR
150,,USDCAD,60,86400,SELL,ZB,1,1.38102,1.37634,468.0,1.37826,1.37342,484.0,103.419,0.00,192.0,110.4,1.37826,1.37634,1.37150,UNTOUCHED,,0,,0,,0,,0,NA,Other,NA,,NA,,1.38294,BOUNCE,2025.08.18 19:00,1,2025.08.27 21:00,1,2025.08.28 21:00,0,,2,1w 3d,NewYork,NA,,NA,,1.37442,BREAK,2025.08.07 00:00,0,,0,,0,,0,NA,Asia,BOUNCE,2025.08.07 17:00,NA,,1.38018,BOUNCE,2025.08.12 15:00,1,2025.08.14 05:00,1,2025.08.14 05:00,0,,2,1d 14h,NewYork,NA,,NA,,B-ZG-BR,S-ZO-BR,B-ZD-BR,B-ZB-BO,B-ZB-BO,B-ZD-BR,B-ZF-BR,S-ZD-UN,S-ZD-BO,B-ZO-BR,S-ZO-UN,B-ZO-BR,S-ZC-UN,B-ZF-BR,B-ZF-BR,B-ZO-BR,S-ZF-BR,S-ZH-UN,B-ZB-BR,B-ZB-BR
151,,USDCAD,60,86400,SELL,ZO,0,1.37826,1.37342,484.0,1.37727,1.37206,521.0,107.645,0.00,385.0,114.2,1.37727,1.37342,1.36821,UNTOUCHED,,0,,0,,0,,0,NA,Other,NA,,NA,,1.38211,BREAK,2025.08.18 18:00,0,,0,,0,,0,NA,NewYork,BREAK,2025.08.20 04:00,BREAK,2025.08.22 00:00,1.36957,UNTOUCHED,,0,,0,,0,,0,NA,Other,NA,,NA,,1.38112,BREAK,2025.08.14 17:00,0,,0,,0,,0,NA,NewYork,BREAK,2025.08.19 20:00,BREAK,2025.08.21 17:00,S-ZB-UN,B-ZG-BR,S-ZO-BR,B-ZD-BR,B-ZB-BO,B-ZB-BO,B-ZD-BR,B-ZF-BR,S-ZD-UN,S-ZD-BO,B-ZO-BR,S-ZC-UN,B-ZF-BR,B-ZF-BR,B-ZO-BR,S-ZF-BR,S-ZH-UN,B-ZB-BR,B-ZB-BR,S-ZF-BR
152,,USDCAD,60,86400,BUY,ZO,0,1.37943,1.37440,503.0,1.38050,1.37529,521.0,103.579,0.00,414.0,118.7,1.37943,1.37529,1.38464,BREAK,2025.08.19 18:00,0,,0,,0,,0,NA,NewYork,BREAK,2025.08.21 17:00,BREAK,2025.09.25 21:00,1.37026,UNTOUCHED,,0,,0,,0,,0,NA,Other,NA,,NA,,1.38357,BREAK,2025.08.19 16:00,0,,0,,0,,0,NA,NewYork,BREAK,2025.08.21 16:00,BOUNCE,2025.08.22 18:00,1.37115,UNTOUCHED,,0,,0,,0,,0,NA,Other,NA,,NA,,S-ZO-UN,S-ZB-UN,B-ZG-BR,S-ZO-BR,B-ZD-BR,B-ZB-BO,B-ZB-BO,B-ZD-BR,B-ZF-BR,S-ZD-UN,S-ZC-UN,B-ZF-BR,B-ZF-BR,B-ZO-BR,S-ZF-BR,S-ZH-UN,B-ZB-BR,B-ZB-BR,S-ZF-BR,B-ZF-BR
153,,USDCAD,60,86400,SELL,ZC,1,1.38050,1.37529,521.0,1.37810,1.37507,303.0,58.157,0.00,281.0,123.0,1.37810,1.37529,1.37226,UNTOUCHED,,0,,0,,0,,0,NA,Other,NA,,NA,,1.38331,BOUNCE,2025.08.19 16:00,1,2025.08.28 06:00,1,2025.09.01 01:00,0,,2,1w 5d,NewYork,NA,,NA,,1.37248,BOUNCE,2025.09.01 01:00,1,2025.09.02 16:00,1,2025.09.04 18:00,0,,2,3d 17h,Asia,NA,,NA,,1.38091,BREAK,2025.08.14 17:00,0,,0,,0,,0,NA,NewYork,BREAK,2025.08.19 18:00,BREAK,2025.08.20 06:00,B-ZO-BR,S-ZO-UN,S-ZB-UN,B-ZG-BR,S-ZO-BR,B-ZD-BR,B-ZB-BO,B-ZB-BO,B-ZD-BR,B-ZF-BR,B-ZF-BR,B-ZF-BR,B-ZO-BR,S-ZF-BR,S-ZH-UN,B-ZB-BR,B-ZB-BR,S-ZF-BR,B-ZF-BR,B-ZD-BR
154,,USDCAD,60,86400,BUY,ZF,1,1.38303,1.37819,484.0,1.38673,1.37952,721.0,148.967,0.00,351.0,114.2,1.38303,1.37952,1.39024,BREAK,2025.08.21 19:00,0,,0,,0,,0,NA,NewYork,BREAK,2025.09.25 22:00,BREAK,2025.10.02 19:00,1.37468,BREAK,2025.08.28 20:00,0,,0,,0,,0,NA,NewYork,UNTOUCHED,,NA,,1.38654,BREAK,2025.08.20 00:00,0,,0,,0,,0,NA,Asia,BREAK,2025.08.22 07:00,BREAK,2025.09.25 22:00,1.37601,BREAK,2025.08.28 15:00,0,,0,,0,,0,NA,NewYork,BOUNCE,2025.09.01 19:00,NA,,S-ZC-UN,B-ZO-BR,S-ZO-UN,S-ZB-UN,B-ZG-BR,S-ZO-BR,B-ZD-BR,B-ZB-BO,B-ZB-BO,B-ZD-BR,B-ZF-BR,B-ZO-BR,S-ZF-BR,S-ZH-UN,B-ZB-BR,B-ZB-BR,S-ZF-BR,B-ZF-BR,B-ZD-BR,S-ZD-BO
155,,USDCAD,60,86400,BUY,ZF,1,1.38825,1.38526,299.0,1.39068,1.38633,435.0,145.485,0.00,192.0,70.6,1.38825,1.38633,1.39260,BREAK,2025.09.25 19:00,0,,0,,0,,0,NA,NewYork,BOUNCE,2025.09.26 01:00,NA,,1.38334,BOUNCE,2025.08.22 18:00,1,2025.09.11 06:00,1,2025.09.24 20:00,1,2025.09.25 19:00,3,4w 6d,NewYork,NA,,NA,,1.39017,BREAK,2025.08.22 00:00,0,,0,,0,,0,NA,Asia,BOUNCE,2025.08.22 18:00,NA,,1.38441,BREAK,2025.08.22 18:00,0,,0,,0,,0,NA,NewYork,BREAK,2025.08.22 21:00,BREAK,2025.08.27 20:00,B-ZF-BR,S-ZC-UN,B-ZO-BR,S-ZO-UN,S-ZB-UN,B-ZG-BR,S-ZO-BR,B-ZD-BR,B-ZB-BO,B-ZB-BO,B-ZO-BR,S-ZF-BR,S-ZH-UN,B-ZB-BR,B-ZB-BR,S-ZF-BR,B-ZF-BR,B-ZD-BR,S-ZD-BO,B-ZB-BR
156,,USDCAD,60,86400,BUY,ZO,0,1.38627,1.38151,476.0,1.38669,1.38213,456.0,95.798,0.00,414.0,112.3,1.38627,1.38213,1.39083,BREAK,2025.09.25 16:00,0,,0,,0,,0,NA,NewYork,BOUNCE,2025.09.29 19:00,NA,,1.37737,BREAK,2025.08.28 06:00,0,,0,,0,,0,NA,Asia,BOUNCE,2025.09.02 11:00,NA,,1.39041,BREAK,2025.09.24 20:00,0,,0,,0,,0,NA,NewYork,BREAK,2025.09.26 14:00,BREAK,2025.10.09 18:00,1.37799,BREAK,2025.08.28 03:00,0,,0,,0,,0,NA,Asia,BREAK,2025.08.29 18:00,UNTOUCHED,,B-ZF-BR,B-ZF-BR,S-ZC-UN,B-ZO-BR,S-ZO-UN,S-ZB-UN,B-ZG-BR,S-ZO-BR,B-ZD-BR,B-ZB-BO,S-ZF-BR,S-ZH-UN,B-ZB-BR,B-ZB-BR,S-ZF-BR,B-ZF-BR,B-ZD-BR,S-ZD-BO,B-ZB-BR,B-ZO-BR
157,,USDCAD,60,86400,SELL,ZF,1,1.38669,1.38213,456.0,1.38567,1.37818,749.0,164.254,0.00,354.0,107.6,1.38567,1.38213,1.37464,BREAK,2025.08.28 20:00,0,,0,,0,,0,NA,NewYork,UNTOUCHED,,NA,,1.39023,BREAK,2025.09.24 20:00,0,,0,,0,,0,NA,NewYork,BREAK,2025.09.25 22:00,BREAK,2025.10.02 19:00,1.37859,BREAK,2025.08.28 00:00,0,,0,,0,,0,NA,Asia,BREAK,2025.08.29 11:00,UNTOUCHED,,1.38921,BREAK,2025.09.24 18:00,0,,0,,0,,0,NA,NewYork,BREAK,2025.09.25 21:00,BREAK,2025.10.02 18:00,B-ZO-BR,B-ZF-BR,B-ZF-BR,S-ZC-UN,B-ZO-BR,S-ZO-UN,S-ZB-UN,B-ZG-BR,S-ZO-BR,B-ZD-BR,S-ZH-UN,B-ZB-BR,B-ZB-BR,S-ZF-BR,B-ZF-BR,B-ZD-BR,S-ZD-BO,B-ZB-BR,B-ZO-BR,B-ZD-BR
158,,USDCAD,60,86400,SELL,ZH,0,1.37914,1.37403,511.0,1.37781,1.37256,525.0,102.740,0.00,378.0,120.6,1.37781,1.37403,1.36878,UNTOUCHED,,0,,0,,0,,0,NA,Other,NA,,NA,,1.38292,BREAK,2025.09.04 18:00,0,,0,,0,,0,NA,NewYork,BREAK,2025.09.11 10:00,BREAK,2025.09.25 17:00,1.37025,UNTOUCHED,,0,,0,,0,,0,NA,Other,NA,,NA,,1.38159,BREAK,2025.09.04 13:00,0,,0,,0,,0,NA,NewYork,BOUNCE,2025.09.08 11:00,NA,,S-ZF-BR,B-ZO-BR,B-ZF-BR,B-ZF-BR,S-ZC-UN,B-ZO-BR,S-ZO-UN,S-ZB-UN,B-ZG-BR,S-ZO-BR,B-ZB-BR,B-ZB-BR,S-ZF-BR,B-ZF-BR,B-ZD-BR,S-ZD-BO,B-ZB-BR,B-ZO-BR,B-ZD-BR,B-ZB-BR
159,,USDCAD,60,86400,BUY,ZB,1,1.37608,1.37238,370.0,1.38138,1.37411,727.0,196.486,0.00,197.0,87.3,1.37608,1.37411,1.38335,BREAK,2025.09.04 18:00,0,,0,,0,,0,NA,NewYork,BOUNCE,2025.09.06 00:00,NA,,1.37041,UNTOUCHED,,0,,0,,0,,0,NA,Other,NA,,NA,,1.37805,BREAK,2025.09.03 00:00,0,,0,,0,,0,NA,Asia,BREAK,2025.09.04 09:00,BREAK,2025.09.04 18:00,1.37214,UNTOUCHED,,0,,0,,0,,0,NA,Other,NA,,NA,,S-ZH-UN,S-ZF-BR,B-ZO-BR,B-ZF-BR,B-ZF-BR,S-ZC-UN,B-ZO-BR,S-ZO-UN,S-ZB-UN,B-ZG-BR,B-ZB-BR,S-ZF-BR,B-ZF-BR,B-ZD-BR,S-ZD-BO,B-ZB-BR,B-ZO-BR,B-ZD-BR,B-ZB-BR,B-ZB-BO
160,,USDCAD,60,86400,BUY,ZB,1,1.38066,1.37747,319.0,1.38453,1.37868,585.0,183.386,0.00,198.0,75.3,1.38066,1.37868,1.38651,BREAK,2025.09.10 21:00,0,,0,,0,,0,NA,Other,BOUNCE,2025.09.11 16:00,NA,,1.37549,BREAK,2025.09.16 15:00,0,,0,,0,,0,NA,NewYork,BOUNCE,2025.09.17 10:00,NA,,1.38264,BOUNCE,2025.09.05 00:00,1,2025.09.05 16:00,1,2025.09.16 15:00,0,,2,1w 4d,Asia,NA,,NA,,1.37670,BREAK,2025.09.05 16:00,0,,0,,0,,0,NA,NewYork,BREAK,2025.09.16 17:00,BOUNCE,2025.09.17 22:00,B-ZB-BR,S-ZH-UN,S-ZF-BR,B-ZO-BR,B-ZF-BR,B-ZF-BR,S-ZC-UN,B-ZO-BR,S-ZO-UN,S-ZB-UN,S-ZF-BR,B-ZF-BR,B-ZD-BR,S-ZD-BO,B-ZB-BR,B-ZO-BR,B-ZD-BR,B-ZB-BR,B-ZB-BO,B-ZG-BR
161,,USDCAD,60,86400,SELL,ZF,1,1.38511,1.38214,297.0,1.38445,1.37882,563.0,189.562,0.00,231.0,70.1,1.38445,1.38214,1.37651,BREAK,2025.09.16 07:00,0,,0,,0,,0,NA,London,BREAK,2025.09.17 00:00,UNTOUCHED,,1.38742,BREAK,2025.09.11 09:00,0,,0,,0,,0,NA,London,BREAK,2025.09.24 20:00,BREAK,2025.09.25 19:00,1.37983,BOUNCE,2025.09.09 01:00,1,2025.09.10 23:00,1,2025.09.11 09:00,0,,2,2d 8h,Asia,NA,,NA,,1.38676,BREAK,2025.09.10 23:00,0,,0,,0,,0,NA,Other,BOUNCE,2025.09.11 16:00,NA,,B-ZB-BR,B-ZB-BR,S-ZH-UN,S-ZF-BR,B-ZO-BR,B-ZF-BR,B-ZF-BR,S-ZC-UN,B-ZO-BR,S-ZO-UN,B-ZF-BR,B-ZD-BR,S-ZD-BO,B-ZB-BR,B-ZO-BR,B-ZD-BR,B-ZB-BR,B-ZB-BO,B-ZG-BR,S-ZO-UN
162,,USDCAD,60,86400,BUY,ZF,0,1.38445,1.37882,563.0,1.38581,1.37935,646.0,114.742,0.00,510.0,132.9,1.38445,1.37935,1.39091,BREAK,2025.09.25 16:00,0,,0,,0,,0,NA,NewYork,BREAK,2025.10.02 18:00,BREAK,2025.10.09 20:00,1.37372,BOUNCE,2025.09.16 17:00,1,2025.09.23 11:00,1,2025.09.24 18:00,1,2025.09.25 16:00,3,1w 1d,NewYork,NA,,NA,,1.38955,BREAK,2025.09.24 18:00,0,,0,,0,,0,NA,NewYork,BREAK,2025.10.02 18:00,BREAK,2025.10.09 19:00,1.37425,BREAK,2025.09.16 17:00,0,,0,,0,,0,NA,NewYork,UNTOUCHED,,NA,,S-ZF-BR,B-ZB-BR,B-ZB-BR,S-ZH-UN,S-ZF-BR,B-ZO-BR,B-ZF-BR,B-ZF-BR,S-ZC-UN,B-ZO-BR,B-ZD-BR,S-ZD-BO,B-ZB-BR,B-ZO-BR,B-ZD-BR,B-ZB-BR,B-ZB-BO,B-ZG-BR,S-ZO-UN,B-ZF-BO
163,,USDCAD,60,86400,BUY,ZD,1,1.38581,1.37935,646.0,1.38698,1.38305,393.0,60.836,0.00,276.0,152.5,1.38581,1.38305,1.38974,BREAK,2025.09.24 19:00,0,,0,,0,,0,NA,NewYork,BREAK,2025.09.25 21:00,BOUNCE,2025.09.29 01:00,1.37659,BREAK,2025.09.16 07:00,0,,0,,0,,0,NA,London,BOUNCE,2025.09.17 17:00,NA,,1.38857,BOUNCE,2025.09.11 13:00,1,2025.09.15 19:00,1,2025.09.16 07:00,0,,2,4d 18h,NewYork,NA,,NA,,1.38029,BREAK,2025.09.15 19:00,0,,0,,0,,0,NA,NewYork,BREAK,2025.09.16 15:00,BREAK,2025.09.17 22:00,B-ZF-BR,S-ZF-BR,B-ZB-BR,B-ZB-BR,S-ZH-UN,S-ZF-BR,B-ZO-BR,B-ZF-BR,B-ZF-BR,S-ZC-UN,S-ZD-BO,B-ZB-BR,B-ZO-BR,B-ZD-BR,B-ZB-BR,B-ZB-BO,B-ZG-BR,S-ZO-UN,B-ZF-BO,B-ZB-BR
164,,USDCAD,60,86400,SELL,ZD,1,1.38537,1.38405,132.0,1.38457,1.37682,775.0,587.121,0.00,52.0,31.2,1.38457,1.38405,1.37630,BOUNCE,2025.09.16 11:00,1,2025.09.16 12:00,1,2025.09.24 10:00,1,2025.09.24 11:00,3,1w 1d,London,NA,,NA,,1.38589,BOUNCE,2025.09.24 11:00,0,,0,,0,,0,NA,London,NA,,NA,,1.38353,BREAK,2025.09.16 00:00,0,,0,,0,,0,NA,Asia,BREAK,2025.09.16 01:00,BREAK,2025.09.16 02:00,1.38509,BREAK,2025.09.24 10:00,0,,0,,0,,0,NA,London,BREAK,2025.09.24 11:00,BOUNCE,2025.09.24 12:00,B-ZD-BR,B-ZF-BR,S-ZF-BR,B-ZB-BR,B-ZB-BR,S-ZH-UN,S-ZF-BR,B-ZO-BR,B-ZF-BR,B-ZF-BR,B-ZB-BR,B-ZO-BR,B-ZD-BR,B-ZB-BR,B-ZB-BO,B-ZG-BR,S-ZO-UN,B-ZF-BO,B-ZB-BR,S-ZO-BR
165,,USDCAD,60,86400,BUY,ZB,1,1.37871,1.37268,603.0,1.38099,1.37612,487.0,80.763,0.00,259.0,142.3,1.37871,1.37612,1.38358,BREAK,2025.09.23 11:00,0,,0,,0,,0,NA,London,BREAK,2025.09.24 15:00,BREAK,2025.09.24 20:00,1.37009,UNTOUCHED,,0,,0,,0,,0,NA,Other,NA,,NA,,1.38130,BOUNCE,2025.09.19 10:00,0,,0,,0,,0,NA,London,NA,,NA,,1.37353,UNTOUCHED,,0,,0,,0,,0,NA,Other,NA,,NA,,S-ZD-BO,B-ZD-BR,B-ZF-BR,S-ZF-BR,B-ZB-BR,B-ZB-BR,S-ZH-UN,S-ZF-BR,B-ZO-BR,B-ZF-BR,B-ZO-BR,B-ZD-BR,B-ZB-BR,B-ZB-BO,B-ZG-BR,S-ZO-UN,B-ZF-BO,B-ZB-BR,S-ZO-BR,B-ZF-BO
166,,USDCAD,60,86400,BUY,ZO,0,1.38099,1.37612,487.0,1.38251,1.37688,563.0,115.606,0.00,411.0,114.9,1.38099,1.37688,1.38662,BREAK,2025.09.24 13:00,0,,0,,0,,0,NA,NewYork,BREAK,2025.09.25 17:00,BOUNCE,2025.09.29 19:00,1.37201,UNTOUCHED,,0,,0,,0,,0,NA,Other,NA,,NA,,1.38510,BREAK,2025.09.24 10:00,0,,0,,0,,0,NA,London,BREAK,2025.09.24 20:00,BREAK,2025.09.25 22:00,1.37277,UNTOUCHED,,0,,0,,0,,0,NA,Other,NA,,NA,,B-ZB-BR,S-ZD-BO,B-ZD-BR,B-ZF-BR,S-ZF-BR,B-ZB-BR,B-ZB-BR,S-ZH-UN,S-ZF-BR,B-ZO-BR,B-ZD-BR,B-ZB-BR,B-ZB-BO,B-ZG-BR,S-ZO-UN,B-ZF-BO,B-ZB-BR,S-ZO-BR,B-ZF-BO,B-ZB-BO
167,,USDCAD,60,86400,BUY,ZD,1,1.38289,1.37705,584.0,1.38499,1.38115,384.0,65.753,0.00,174.0,137.8,1.38289,1.38115,1.38673,BREAK,2025.09.24 13:00,0,,0,,0,,0,NA,NewYork,BREAK,2025.09.24 20:00,BREAK,2025.09.25 17:00,1.37531,UNTOUCHED,,0,,0,,0,,0,NA,Other,NA,,NA,,1.38463,BREAK,2025.09.24 04:00,0,,0,,0,,0,NA,Asia,BREAK,2025.09.24 15:00,BREAK,2025.09.24 18:00,1.37941,UNTOUCHED,,0,,0,,0,,0,NA,Other,NA,,NA,,B-ZO-BR,B-ZB-BR,S-ZD-BO,B-ZD-BR,B-ZF-BR,S-ZF-BR,B-ZB-BR,B-ZB-BR,S-ZH-UN,S-ZF-BR,B-ZB-BR,B-ZB-BO,B-ZG-BR,S-ZO-UN,B-ZF-BO,B-ZB-BR,S-ZO-BR,B-ZF-BO,B-ZB-BO,S-ZD-BR
168,,USDCAD,60,86400,BUY,ZB,1,1.38499,1.38115,384.0,1.39068,1.38270,798.0,207.813,0.00,229.0,90.6,1.38499,1.38270,1.39297,BREAK,2025.09.25 19:00,0,,0,,0,,0,NA,NewYork,BOUNCE,2025.09.29 01:00,NA,,1.37886,UNTOUCHED,,0,,0,,0,,0,NA,Other,NA,,NA,,1.38728,BREAK,2025.09.25 00:00,0,,0,,0,,0,NA,Asia,BREAK,2025.09.25 16:00,BREAK,2025.09.25 19:00,1.38041,UNTOUCHED,,0,,0,,0,,0,NA,Other,NA,,NA,,B-ZD-BR,B-ZO-BR,B-ZB-BR,S-ZD-BO,B-ZD-BR,B-ZF-BR,S-ZF-BR,B-ZB-BR,B-ZB-BR,S-ZH-UN,B-ZB-BO,B-ZG-BR,S-ZO-UN,B-ZF-BO,B-ZB-BR,S-ZO-BR,B-ZF-BO,B-ZB-BO,S-ZD-BR,S-ZF-BR
169,,USDCAD,60,86400,BUY,ZB,1,1.39068,1.38270,798.0,1.39494,1.38851,643.0,80.576,0.00,217.0,188.3,1.39068,1.38851,1.39711,BOUNCE,2025.10.02 18:00,1,2025.10.29 11:00,0,,0,,1,3w 5d,NewYork,NA,,NA,,1.38053,UNTOUCHED,,0,,0,,0,,0,NA,Other,NA,,NA,,1.39285,BREAK,2025.09.26 00:00,0,,0,,0,,0,NA,Asia,BOUNCE,2025.09.29 01:00,NA,,1.38634,UNTOUCHED,,0,,0,,0,,0,NA,Other,NA,,NA,,B-ZB-BR,B-ZD-BR,B-ZO-BR,B-ZB-BR,S-ZD-BO,B-ZD-BR,B-ZF-BR,S-ZF-BR,B-ZB-BR,B-ZB-BR,B-ZG-BR,S-ZO-UN,B-ZF-BO,B-ZB-BR,S-ZO-BR,B-ZF-BO,B-ZB-BO,S-ZD-BR,S-ZF-BR,S-ZE-BR
170,,USDCAD,60,86400,BUY,ZG,0,1.39494,1.38851,643.0,1.39585,1.39073,512.0,79.627,0.00,421.0,151.7,1.39494,1.39073,1.40006,BREAK,2025.10.09 18:00,0,,0,,0,,0,NA,NewYork,BREAK,2025.10.14 10:00,BREAK,2025.11.04 23:00,1.38430,UNTOUCHED,,0,,0,,0,,0,NA,Other,NA,,NA,,1.39915,BREAK,2025.10.09 18:00,0,,0,,0,,0,NA,NewYork,BOUNCE,2025.10.10 16:00,NA,,1.38652,UNTOUCHED,,0,,0,,0,,0,NA,Other,NA,,NA,,B-ZB-BO,B-ZB-BR,B-ZD-BR,B-ZO-BR,B-ZB-BR,S-ZD-BO,B-ZD-BR,B-ZF-BR,S-ZF-BR,B-ZB-BR,S-ZO-UN,B-ZF-BO,B-ZB-BR,S-ZO-BR,B-ZF-BO,B-ZB-BO,S-ZD-BR,S-ZF-BR,S-ZE-BR,B-ZB-BR
171,,USDCAD,60,86400,SELL,ZO,0,1.39474,1.39031,443.0,1.39357,1.38963,394.0,88.939,0.00,326.0,104.5,1.39357,1.39031,1.38637,UNTOUCHED,,0,,0,,0,,0,NA,Other,NA,,NA,,1.39800,BOUNCE,2025.10.02 19:00,1,2025.10.29 17:00,0,,0,,1,3w 5d,NewYork,NA,,NA,,1.38705,UNTOUCHED,,0,,0,,0,,0,NA,Other,NA,,NA,,1.39683,BREAK,2025.10.02 18:00,0,,0,,0,,0,NA,NewYork,BREAK,2025.10.09 19:00,BOUNCE,2025.10.10 16:00,B-ZG-BR,B-ZB-BO,B-ZB-BR,B-ZD-BR,B-ZO-BR,B-ZB-BR,S-ZD-BO,B-ZD-BR,B-ZF-BR,S-ZF-BR,B-ZF-BO,B-ZB-BR,S-ZO-BR,B-ZF-BO,B-ZB-BO,S-ZD-BR,S-ZF-BR,S-ZE-BR,B-ZB-BR,B-ZB-BR
172,,USDCAD,60,86400,BUY,ZF,0,1.39357,1.38963,394.0,1.39569,1.39070,499.0,126.650,0.00,287.0,93.0,1.39357,1.39070,1.39856,BOUNCE,2025.10.02 19:00,1,2025.10.29 11:00,0,,0,,1,3w 5d,NewYork,NA,,NA,,1.38676,UNTOUCHED,,0,,0,,0,,0,NA,Other,NA,,NA,,1.39644,BREAK,2025.10.02 18:00,0,,0,,0,,0,NA,NewYork,BREAK,2025.10.09 18:00,BREAK,2025.10.09 22:00,1.38783,UNTOUCHED,,0,,0,,0,,0,NA,Other,NA,,NA,,S-ZO-UN,B-ZG-BR,B-ZB-BO,B-ZB-BR,B-ZD-BR,B-ZO-BR,B-ZB-BR,S-ZD-BO,B-ZD-BR,B-ZF-BR,B-ZB-BR,S-ZO-BR,B-ZF-BO,B-ZB-BO,S-ZD-BR,S-ZF-BR,S-ZE-BR,B-ZB-BR,B-ZB-BR,B-ZB-BO
173,,USDCAD,60,86400,BUY,ZB,1,1.39569,1.39070,499.0,1.39862,1.39290,572.0,114.629,0.00,279.0,117.8,1.39569,1.39290,1.40141,BREAK,2025.10.09 19:00,0,,0,,0,,0,NA,NewYork,BREAK,2025.10.14 10:00,BOUNCE,2025.10.14 17:00,1.38791,UNTOUCHED,,0,,0,,0,,0,NA,Other,NA,,NA,,1.39848,BREAK,2025.10.09 18:00,0,,0,,0,,0,NA,NewYork,BREAK,2025.10.09 20:00,BREAK,2025.10.14 10:00,1.39011,BREAK,2025.10.29 19:00,0,,0,,0,,0,NA,NewYork,BREAK,2025.12.05 19:00,BREAK,2025.12.05 22:00,B-ZF-BO,S-ZO-UN,B-ZG-BR,B-ZB-BO,B-ZB-BR,B-ZD-BR,B-ZO-BR,B-ZB-BR,S-ZD-BO,B-ZD-BR,S-ZO-BR,B-ZF-BO,B-ZB-BO,S-ZD-BR,S-ZF-BR,S-ZE-BR,B-ZB-BR,B-ZB-BR,B-ZB-BO,S-ZO-BR
174,,USDCAD,60,86400,SELL,ZO,0,1.39680,1.39399,281.0,1.39626,1.39387,239.0,85.053,0.00,227.0,66.3,1.39626,1.39399,1.39160,BREAK,2025.10.29 17:00,0,,0,,0,,0,NA,NewYork,BOUNCE,2025.10.29 22:00,NA,,1.39907,BREAK,2025.10.09 18:00,0,,0,,0,,0,NA,NewYork,BREAK,2025.10.09 19:00,BREAK,2025.10.14 04:00,1.39172,BREAK,2025.10.29 17:00,0,,0,,0,,0,NA,NewYork,BOUNCE,2025.10.29 22:00,NA,,1.39853,BREAK,2025.10.09 18:00,0,,0,,0,,0,NA,NewYork,BREAK,2025.10.09 19:00,BOUNCE,2025.10.10 01:00,B-ZB-BR,B-ZF-BO,S-ZO-UN,B-ZG-BR,B-ZB-BO,B-ZB-BR,B-ZD-BR,B-ZO-BR,B-ZB-BR,S-ZD-BO,B-ZF-BO,B-ZB-BO,S-ZD-BR,S-ZF-BR,S-ZE-BR,B-ZB-BR,B-ZB-BR,B-ZB-BO,S-ZO-BR,S-ZF-BR
175,,USDCAD,60,86400,BUY,ZF,1,1.39708,1.39318,390.0,1.40339,1.39335,1004.0,257.436,0.00,373.0,92.0,1.39708,1.39335,1.40712,BOUNCE,2025.10.14 14:00,1,2025.10.22 09:00,1,2025.10.29 19:00,1,2025.10.29 19:00,3,2w 1d,NewYork,NA,,NA,,1.38945,BOUNCE,2025.10.29 19:00,1,2025.10.30 15:00,1,2025.10.30 17:00,1,2025.11.03 19:00,3,5d 0h,NewYork,NA,,NA,,1.40081,BREAK,2025.10.10 00:00,0,,0,,0,,0,NA,Asia,BREAK,2025.10.14 10:00,BREAK,2025.11.04 18:00,1.38962,BOUNCE,2025.10.29 19:00,1,2025.10.30 17:00,1,2025.10.30 17:00,0,,2,22h,NewYork,NA,,NA,,S-ZO-BR,B-ZB-BR,B-ZF-BO,S-ZO-UN,B-ZG-BR,B-ZB-BO,B-ZB-BR,B-ZD-BR,B-ZO-BR,B-ZB-BR,B-ZB-BO,S-ZD-BR,S-ZF-BR,S-ZE-BR,B-ZB-BR,B-ZB-BR,B-ZB-BO,S-ZO-BR,S-ZF-BR,S-ZB-BR
176,,USDCAD,60,86400,BUY,ZB,1,1.40393,1.39830,563.0,1.40798,1.40238,560.0,99.467,0.00,155.0,132.9,1.40393,1.40238,1.40953,BOUNCE,2025.11.04 18:00,1,2025.11.07 17:00,1,2025.11.10 12:00,0,,2,5d 18h,NewYork,NA,,NA,,1.39675,BOUNCE,2025.10.28 18:00,1,2025.10.30 16:00,1,2025.11.03 17:00,1,2025.11.04 18:00,3,1w 0d,NewYork,NA,,NA,,1.40548,BOUNCE,2025.10.15 21:00,1,2025.10.17 23:00,1,2025.10.28 18:00,0,,2,1w 5d,Other,NA,,NA,,1.40083,BOUNCE,2025.10.17 23:00,1,2025.10.21 09:00,1,2025.10.21 09:00,0,,2,3d 10h,Other,NA,,NA,,B-ZF-BO,S-ZO-BR,B-ZB-BR,B-ZF-BO,S-ZO-UN,B-ZG-BR,B-ZB-BO,B-ZB-BR,B-ZD-BR,B-ZO-BR,S-ZD-BR,S-ZF-BR,S-ZE-BR,B-ZB-BR,B-ZB-BR,B-ZB-BO,S-ZO-BR,S-ZF-BR,S-ZB-BR,B-ZE-BO
177,,USDCAD,60,86400,SELL,ZD,1,1.40657,1.40032,625.0,1.40322,1.39759,563.0,90.080,0.00,290.0,147.5,1.40322,1.40032,1.39469,BREAK,2025.10.28 19:00,0,,0,,0,,0,NA,NewYork,BREAK,2025.10.29 19:00,BOUNCE,2025.12.05 17:00,1.40947,BREAK,2025.11.04 18:00,0,,0,,0,,0,NA,NewYork,BREAK,2025.11.05 16:00,UNTOUCHED,,1.39742,BOUNCE,2025.10.24 02:00,1,2025.11.03 17:00,1,2025.11.04 18:00,0,,2,1w 4d,Asia,NA,,NA,,1.40612,BREAK,2025.11.03 17:00,0,,0,,0,,0,NA,NewYork,BREAK,2025.11.05 00:00,BREAK,2025.11.05 14:00,B-ZB-BO,B-ZF-BO,S-ZO-BR,B-ZB-BR,B-ZF-BO,S-ZO-UN,B-ZG-BR,B-ZB-BO,B-ZB-BR,B-ZD-BR,S-ZF-BR,S-ZE-BR,B-ZB-BR,B-ZB-BR,B-ZB-BO,S-ZO-BR,S-ZF-BR,S-ZB-BR,B-ZE-BO,B-ZG-UN
178,,USDCAD,60,86400,SELL,ZF,1,1.40078,1.39703,375.0,1.40054,1.39352,702.0,187.200,0.00,351.0,88.5,1.40054,1.39703,1.39001,BREAK,2025.10.29 19:00,0,,0,,0,,0,NA,NewYork,BREAK,2025.12.05 19:00,BREAK,2025.12.06 01:00,1.40429,BREAK,2025.11.03 14:00,0,,0,,0,,0,NA,NewYork,BREAK,2025.11.04 18:00,BREAK,2025.11.05 13:00,1.39352,BREAK,2025.10.29 00:00,0,,0,,0,,0,NA,Asia,BREAK,2025.10.29 19:00,BREAK,2025.12.05 19:00,1.40405,BREAK,2025.11.03 13:00,0,,0,,0,,0,NA,NewYork,BREAK,2025.11.04 18:00,BREAK,2025.11.05 11:00,S-ZD-BR,B-ZB-BO,B-ZF-BO,S-ZO-BR,B-ZB-BR,B-ZF-BO,S-ZO-UN,B-ZG-BR,B-ZB-BO,B-ZB-BR,S-ZE-BR,B-ZB-BR,B-ZB-BR,B-ZB-BO,S-ZO-BR,S-ZF-BR,S-ZB-BR,B-ZE-BO,B-ZG-UN,B-ZD-UN
179,,USDCAD,60,86400,SELL,ZE,1,1.40054,1.39352,702.0,1.39548,1.38879,669.0,95.299,0.00,196.0,165.7,1.39548,1.39352,1.38683,BREAK,2025.12.05 19:00,0,,0,,0,,0,NA,NewYork,BREAK,2025.12.06 00:00,BREAK,2025.12.08 16:00,1.40250,BOUNCE,2025.10.31 16:00,1,2025.11.13 13:00,1,2025.12.05 17:00,1,2025.12.05 19:00,3,5w 0d,NewYork,NA,,NA,,1.39156,BREAK,2025.12.05 17:00,0,,0,,0,,0,NA,NewYork,BREAK,2025.12.05 18:00,BREAK,2025.12.05 19:00,1.39744,BREAK,2025.10.30 15:00,0,,0,,0,,0,NA,NewYork,BREAK,2025.10.30 17:00,BREAK,2025.10.31 16:00,S-ZF-BR,S-ZD-BR,B-ZB-BO,B-ZF-BO,S-ZO-BR,B-ZB-BR,B-ZF-BO,S-ZO-UN,B-ZG-BR,B-ZB-BO,B-ZB-BR,B-ZB-BR,B-ZB-BO,S-ZO-BR,S-ZF-BR,S-ZB-BR,B-ZE-BO,B-ZG-UN,B-ZD-UN,B-ZE-UN
180,,USDCAD,60,86400,BUY,ZB,1,1.39548,1.38879,669.0,1.40142,1.39269,873.0,130.493,0.00,279.0,157.9,1.39548,1.39269,1.40421,BREAK,2025.11.03 14:00,0,,0,,0,,0,NA,NewYork,BREAK,2025.11.04 18:00,BREAK,2025.11.05 05:00,1.38600,BREAK,2025.12.05 19:00,0,,0,,0,,0,NA,NewYork,BREAK,2025.12.06 01:00,BOUNCE,2025.12.08 19:00,1.39827,BREAK,2025.10.31 00:00,0,,0,,0,,0,NA,Asia,BREAK,2025.10.31 16:00,BREAK,2025.11.03 17:00,1.38990,BOUNCE,2025.12.05 17:00,0,,0,,0,,0,NA,NewYork,NA,,NA,,S-ZE-BR,S-ZF-BR,S-ZD-BR,B-ZB-BO,B-ZF-BO,S-ZO-BR,B-ZB-BR,B-ZF-BO,S-ZO-UN,B-ZG-BR,B-ZB-BR,B-ZB-BO,S-ZO-BR,S-ZF-BR,S-ZB-BR,B-ZE-BO,B-ZG-UN,B-ZD-UN,B-ZE-UN,B-ZO-UN
181,,USDCAD,60,86400,BUY,ZB,1,1.40142,1.39269,873.0,1.40353,1.39790,563.0,64.490,0.00,352.0,206.0,1.40142,1.39790,1.40705,BREAK,2025.11.03 19:00,0,,0,,0,,0,NA,NewYork,BREAK,2025.11.05 13:00,UNTOUCHED,,1.38917,BOUNCE,2025.12.05 17:00,0,,0,,0,,0,NA,NewYork,NA,,NA,,1.40494,BREAK,2025.11.03 17:00,0,,0,,0,,0,NA,NewYork,BREAK,2025.11.05 00:00,BOUNCE,2025.11.07 17:00,1.39438,BOUNCE,2025.11.28 19:00,0,,0,,0,,0,NA,NewYork,NA,,NA,,B-ZB-BR,S-ZE-BR,S-ZF-BR,S-ZD-BR,B-ZB-BO,B-ZF-BO,S-ZO-BR,B-ZB-BR,B-ZF-BO,S-ZO-UN,B-ZB-BO,S-ZO-BR,S-ZF-BR,S-ZB-BR,B-ZE-BO,B-ZG-UN,B-ZD-UN,B-ZE-UN,B-ZO-UN,S-ZB-BO
182,,USDCAD,60,86400,BUY,ZB,1,1.40754,1.39994,760.0,1.41021,1.40478,543.0,71.447,0.00,276.0,179.4,1.40754,1.40478,1.41297,BOUNCE,2025.11.05 14:00,1,2025.11.07 17:00,1,2025.11.10 09:00,1,2025.11.18 22:00,3,1w 6d,NewYork,NA,,NA,,1.39718,BOUNCE,2025.11.18 22:00,1,2025.11.19 19:00,1,2025.11.20 21:00,1,2025.11.21 20:00,3,2d 22h,Other,NA,,NA,,1.41030,BREAK,2025.11.05 00:00,0,,0,,0,,0,NA,Asia,BOUNCE,2025.11.06 02:00,NA,,1.40202,BREAK,2025.11.10 09:00,0,,0,,0,,0,NA,London,BOUNCE,2025.11.13 21:00,NA,,B-ZB-BR,B-ZB-BR,S-ZE-BR,S-ZF-BR,S-ZD-BR,B-ZB-BO,B-ZF-BO,S-ZO-BR,B-ZB-BR,B-ZF-BO,S-ZO-BR,S-ZF-BR,S-ZB-BR,B-ZE-BO,B-ZG-UN,B-ZD-UN,B-ZE-UN,B-ZO-UN,S-ZB-BO,B-ZO-UN
183,,USDCAD,60,86400,SELL,ZO,0,1.41403,1.40919,484.0,1.41399,1.40900,499.0,103.099,0.00,480.0,114.2,1.41399,1.40919,1.40420,BREAK,2025.11.07 23:00,0,,0,,0,,0,NA,Other,BOUNCE,2025.11.14 04:00,NA,,1.41883,UNTOUCHED,,0,,0,,0,,0,NA,Other,NA,,NA,,1.40439,BREAK,2025.11.07 23:00,0,,0,,0,,0,NA,Other,BOUNCE,2025.11.14 04:00,NA,,1.41879,UNTOUCHED,,0,,0,,0,,0,NA,Other,NA,,NA,,B-ZB-BO,B-ZB-BR,B-ZB-BR,S-ZE-BR,S-ZF-BR,S-ZD-BR,B-ZB-BO,B-ZF-BO,S-ZO-BR,B-ZB-BR,S-ZF-BR,S-ZB-BR,B-ZE-BO,B-ZG-UN,B-ZD-UN,B-ZE-UN,B-ZO-UN,S-ZB-BO,B-ZO-UN,S-ZG-BO
184,,USDCAD,60,86400,SELL,ZF,1,1.41399,1.40900,499.0,1.41262,1.40361,901.0,180.561,0.00,362.0,117.8,1.41262,1.40900,1.39999,BREAK,2025.11.12 19:00,0,,0,,0,,0,NA,NewYork,BREAK,2025.11.28 19:00,BREAK,2025.12.05 17:00,1.41761,UNTOUCHED,,0,,0,,0,,0,NA,Other,NA,,NA,,1.40538,BREAK,2025.11.08 00:00,0,,0,,0,,0,NA,Asia,BREAK,2025.11.10 12:00,BOUNCE,2025.11.19 17:00,1.41624,UNTOUCHED,,0,,0,,0,,0,NA,Other,NA,,NA,,S-ZO-BR,B-ZB-BO,B-ZB-BR,B-ZB-BR,S-ZE-BR,S-ZF-BR,S-ZD-BR,B-ZB-BO,B-ZF-BO,S-ZO-BR,S-ZB-BR,B-ZE-BO,B-ZG-UN,B-ZD-UN,B-ZE-UN,B-ZO-UN,S-ZB-BO,B-ZO-UN,S-ZG-BO,S-ZF-BR
185,,USDCAD,60,86400,SELL,ZB,1,1.40411,1.40019,392.0,1.40220,1.39900,320.0,81.633,0.00,201.0,92.5,1.40220,1.40019,1.39699,BREAK,2025.11.28 19:00,0,,0,,0,,0,NA,NewYork,BREAK,2025.11.28 20:00,BOUNCE,2025.12.04 19:00,1.40612,BOUNCE,2025.11.18 08:00,1,2025.11.18 17:00,1,2025.11.18 21:00,1,2025.11.28 19:00,3,1w 3d,London,NA,,NA,,1.39818,BOUNCE,2025.11.18 21:00,1,2025.11.19 20:00,1,2025.11.19 21:00,0,,2,1d 0h,Other,NA,,NA,,1.40421,BOUNCE,2025.11.14 04:00,1,2025.11.18 21:00,1,2025.11.18 21:00,0,,2,4d 17h,Asia,NA,,NA,,S-ZF-BR,S-ZO-BR,B-ZB-BO,B-ZB-BR,B-ZB-BR,S-ZE-BR,S-ZF-BR,S-ZD-BR,B-ZB-BO,B-ZF-BO,B-ZE-BO,B-ZG-UN,B-ZD-UN,B-ZE-UN,B-ZO-UN,S-ZB-BO,B-ZO-UN,S-ZG-BO,S-ZF-BR,B-ZE-BR
186,,USDCAD,60,86400,BUY,ZE,1,1.40377,1.39851,526.0,1.40452,1.40140,312.0,59.316,0.00,237.0,124.1,1.40377,1.40140,1.40689,BOUNCE,2025.11.20 17:00,1,2025.11.28 16:00,1,2025.11.28 18:00,1,2025.11.28 19:00,3,1w 1d,NewYork,NA,,NA,,1.39614,BREAK,2025.11.28 19:00,0,,0,,0,,0,NA,NewYork,BREAK,2025.12.05 17:00,BREAK,2025.12.05 18:00,1.40614,BOUNCE,2025.11.18 08:00,1,2025.11.18 21:00,1,2025.11.28 19:00,0,,2,1w 3d,London,NA,,NA,,1.39903,BREAK,2025.11.18 21:00,0,,0,,0,,0,NA,Other,BREAK,2025.11.28 19:00,BOUNCE,2025.11.28 20:00,S-ZB-BR,S-ZF-BR,S-ZO-BR,B-ZB-BO,B-ZB-BR,B-ZB-BR,S-ZE-BR,S-ZF-BR,S-ZD-BR,B-ZB-BO,B-ZG-UN,B-ZD-UN,B-ZE-UN,B-ZO-UN,S-ZB-BO,B-ZO-UN,S-ZG-BO,S-ZF-BR,B-ZE-BR,S-ZE-BR
187,,USDCAD,60,86400,BUY,ZG,0,1.40622,1.39713,909.0,1.40653,1.39776,877.0,96.480,0.00,846.0,214.5,1.40622,1.39776,1.41499,UNTOUCHED,,0,,0,,0,,0,NA,Other,NA,,NA,,1.38867,BREAK,2025.12.05 17:00,0,,0,,0,,0,NA,NewYork,BREAK,2025.12.11 18:00,BREAK,2025.12.23 17:00,1.41468,UNTOUCHED,,0,,0,,0,,0,NA,Other,NA,,NA,,1.38930,BREAK,2025.12.05 17:00,0,,0,,0,,0,NA,NewYork,BREAK,2025.12.11 00:00,BREAK,2025.12.23 14:00,B-ZE-BO,S-ZB-BR,S-ZF-BR,S-ZO-BR,B-ZB-BO,B-ZB-BR,B-ZB-BR,S-ZE-BR,S-ZF-BR,S-ZD-BR,B-ZD-UN,B-ZE-UN,B-ZO-UN,S-ZB-BO,B-ZO-UN,S-ZG-BO,S-ZF-BR,B-ZE-BR,S-ZE-BR,S-ZF-BR
188,,USDCAD,60,86400,BUY,ZD,1,1.40653,1.39776,877.0,1.41071,1.40400,671.0,76.511,0.00,253.0,207.0,1.40653,1.40400,1.41324,UNTOUCHED,,0,,0,,0,,0,NA,Other,NA,,NA,,1.39523,BOUNCE,2025.11.28 19:00,1,2025.12.02 05:00,0,,0,,1,3d 10h,NewYork,NA,,NA,,1.40906,BREAK,2025.11.21 00:00,0,,0,,0,,0,NA,Asia,BOUNCE,2025.11.21 21:00,NA,,1.40147,BREAK,2025.11.28 17:00,0,,0,,0,,0,NA,NewYork,BREAK,2025.11.28 19:00,BREAK,2025.11.28 20:00,B-ZG-UN,B-ZE-BO,S-ZB-BR,S-ZF-BR,S-ZO-BR,B-ZB-BO,B-ZB-BR,B-ZB-BR,S-ZE-BR,S-ZF-BR,B-ZE-UN,B-ZO-UN,S-ZB-BO,B-ZO-UN,S-ZG-BO,S-ZF-BR,B-ZE-BR,S-ZE-BR,S-ZF-BR,B-ZF-BR
189,,USDCAD,60,86400,BUY,ZE,1,1.41071,1.40400,671.0,1.41308,1.40816,492.0,73.323,0.00,255.0,158.4,1.41071,1.40816,1.41563,UNTOUCHED,,0,,0,,0,,0,NA,Other,NA,,NA,,1.40145,BREAK,2025.11.28 17:00,0,,0,,0,,0,NA,NewYork,BREAK,2025.11.28 19:00,BREAK,2025.11.28 20:00,1.41326,UNTOUCHED,,0,,0,,0,,0,NA,Other,NA,,NA,,1.40561,BOUNCE,2025.11.26 19:00,0,,0,,0,,0,NA,NewYork,NA,,NA,,B-ZD-UN,B-ZG-UN,B-ZE-BO,S-ZB-BR,S-ZF-BR,S-ZO-BR,B-ZB-BO,B-ZB-BR,B-ZB-BR,S-ZE-BR,B-ZO-UN,S-ZB-BO,B-ZO-UN,S-ZG-BO,S-ZF-BR,B-ZE-BR,S-ZE-BR,S-ZF-BR,B-ZF-BR,S-ZB-BR
190,,USDCAD,60,86400,BUY,ZO,0,1.41186,1.40884,302.0,1.41247,1.40897,350.0,115.894,0.00,289.0,71.3,1.41186,1.40897,1.41536,UNTOUCHED,,0,,0,,0,,0,NA,Other,NA,,NA,,1.40595,BREAK,2025.11.26 19:00,0,,0,,0,,0,NA,NewYork,BREAK,2025.11.28 16:00,BREAK,2025.11.28 17:00,1.41475,UNTOUCHED,,0,,0,,0,,0,NA,Other,NA,,NA,,1.40608,BREAK,2025.11.26 19:00,0,,0,,0,,0,NA,NewYork,BREAK,2025.11.28 03:00,BREAK,2025.11.28 17:00,B-ZE-UN,B-ZD-UN,B-ZG-UN,B-ZE-BO,S-ZB-BR,S-ZF-BR,S-ZO-BR,B-ZB-BO,B-ZB-BR,B-ZB-BR,S-ZB-BO,B-ZO-UN,S-ZG-BO,S-ZF-BR,B-ZE-BR,S-ZE-BR,S-ZF-BR,B-ZF-BR,S-ZB-BR,B-ZC-BR
191,,USDCAD,60,86400,SELL,ZB,1,1.41247,1.40897,350.0,1.41049,1.40347,702.0,200.571,0.00,152.0,82.6,1.41049,1.40897,1.40195,BOUNCE,2025.11.28 16:00,0,,0,,0,,0,NA,NewYork,NA,,NA,,1.41399,UNTOUCHED,,0,,0,,0,,0,NA,Other,NA,,NA,,1.40745,BREAK,2025.11.27 00:00,0,,0,,0,,0,NA,Asia,BREAK,2025.11.27 01:00,BREAK,2025.11.27 03:00,1.41201,UNTOUCHED,,0,,0,,0,,0,NA,Other,NA,,NA,,B-ZO-UN,B-ZE-UN,B-ZD-UN,B-ZG-UN,B-ZE-BO,S-ZB-BR,S-ZF-BR,S-ZO-BR,B-ZB-BO,B-ZB-BR,B-ZO-UN,S-ZG-BO,S-ZF-BR,B-ZE-BR,S-ZE-BR,S-ZF-BR,B-ZF-BR,S-ZB-BR,B-ZC-BR,B-ZH-BR
192,,USDCAD,60,86400,BUY,ZO,0,1.39998,1.39547,451.0,1.40145,1.39678,467.0,103.548,0.00,320.0,106.4,1.39998,1.39678,1.40465,UNTOUCHED,,0,,0,,0,,0,NA,Other,NA,,NA,,1.39227,BREAK,2025.12.05 17:00,0,,0,,0,,0,NA,NewYork,BREAK,2025.12.05 18:00,BREAK,2025.12.05 21:00,1.40318,UNTOUCHED,,0,,0,,0,,0,NA,Other,NA,,NA,,1.39358,BREAK,2025.12.04 19:00,0,,0,,0,,0,NA,NewYork,BREAK,2025.12.05 18:00,BREAK,2025.12.05 19:00,S-ZB-BO,B-ZO-UN,B-ZE-UN,B-ZD-UN,B-ZG-UN,B-ZE-BO,S-ZB-BR,S-ZF-BR,S-ZO-BR,B-ZB-BO,S-ZG-BO,S-ZF-BR,B-ZE-BR,S-ZE-BR,S-ZF-BR,B-ZF-BR,S-ZB-BR,B-ZC-BR,B-ZH-BR,B-ZD-BR
193,,USDCAD,60,86400,SELL,ZG,0,1.39829,1.39386,443.0,1.39773,1.39253,520.0,117.381,0.00,387.0,104.5,1.39773,1.39386,1.38866,BOUNCE,2025.12.05 17:00,0,,0,,0,,0,NA,NewYork,NA,,NA,,1.40216,UNTOUCHED,,0,,0,,0,,0,NA,Other,NA,,NA,,1.38999,BREAK,2025.12.05 17:00,0,,0,,0,,0,NA,NewYork,BREAK,2025.12.05 21:00,BREAK,2025.12.08 16:00,1.40160,UNTOUCHED,,0,,0,,0,,0,NA,Other,NA,,NA,,B-ZO-UN,S-ZB-BO,B-ZO-UN,B-ZE-UN,B-ZD-UN,B-ZG-UN,B-ZE-BO,S-ZB-BR,S-ZF-BR,S-ZO-BR,S-ZF-BR,B-ZE-BR,S-ZE-BR,S-ZF-BR,B-ZF-BR,S-ZB-BR,B-ZC-BR,B-ZH-BR,B-ZD-BR,B-ZF-UN
194,,USDCAD,60,86400,SELL,ZF,1,1.39773,1.39253,520.0,1.39607,1.38329,1278.0,245.769,0.00,354.0,122.7,1.39607,1.39253,1.37975,BREAK,2025.12.11 00:00,0,,0,,0,,0,NA,Asia,BREAK,2025.12.15 17:00,BREAK,2025.12.23 13:00,1.40127,UNTOUCHED,,0,,0,,0,,0,NA,Other,NA,,NA,,1.38899,BREAK,2025.12.06 00:00,0,,0,,0,,0,NA,Asia,BREAK,2025.12.06 01:00,BREAK,2025.12.08 16:00,1.39961,UNTOUCHED,,0,,0,,0,,0,NA,Other,NA,,NA,,S-ZG-BO,B-ZO-UN,S-ZB-BO,B-ZO-UN,B-ZE-UN,B-ZD-UN,B-ZG-UN,B-ZE-BO,S-ZB-BR,S-ZF-BR,B-ZE-BR,S-ZE-BR,S-ZF-BR,B-ZF-BR,S-ZB-BR,B-ZC-BR,B-ZH-BR,B-ZD-BR,B-ZF-UN,S-ZF-BR
195,,USDCAD,60,86400,BUY,ZE,1,1.38594,1.37999,595.0,1.38607,1.38235,372.0,62.521,0.00,359.0,140.4,1.38594,1.38235,1.38966,BREAK,2026.01.09 19:00,0,,0,,0,,0,NA,NewYork,UNTOUCHED,,NA,,1.37640,BREAK,2025.12.11 19:00,0,,0,,0,,0,NA,NewYork,BOUNCE,2025.12.17 06:00,NA,,1.38953,BREAK,2026.01.09 19:00,0,,0,,0,,0,NA,NewYork,UNTOUCHED,,NA,,1.37876,BREAK,2025.12.11 00:00,0,,0,,0,,0,NA,Asia,BOUNCE,2025.12.15 22:00,NA,,S-ZF-BR,S-ZG-BO,B-ZO-UN,S-ZB-BO,B-ZO-UN,B-ZE-UN,B-ZD-UN,B-ZG-UN,B-ZE-BO,S-ZB-BR,S-ZE-BR,S-ZF-BR,B-ZF-BR,S-ZB-BR,B-ZC-BR,B-ZH-BR,B-ZD-BR,B-ZF-UN,S-ZF-BR,S-ZE-BR
196,,USDCAD,60,86400,SELL,ZE,1,1.38228,1.37567,661.0,1.37945,1.37534,411.0,62.179,0.00,378.0,156.0,1.37945,1.37567,1.37156,BREAK,2025.12.23 13:00,0,,0,,0,,0,NA,NewYork,BREAK,2025.12.26 17:00,BREAK,2026.01.27 19:00,1.38606,BREAK,2026.01.08 01:00,0,,0,,0,,0,NA,Asia,BREAK,2026.01.10 01:00,UNTOUCHED,,1.37189,BREAK,2025.12.23 13:00,0,,0,,0,,0,NA,NewYork,BREAK,2025.12.24 18:00,BOUNCE,2025.12.29 10:00,1.38323,BREAK,2026.01.07 20:00,0,,0,,0,,0,NA,NewYork,BREAK,2026.01.08 12:00,BOUNCE,2026.01.12 12:00,B-ZE-BR,S-ZF-BR,S-ZG-BO,B-ZO-UN,S-ZB-BO,B-ZO-UN,B-ZE-UN,B-ZD-UN,B-ZG-UN,B-ZE-BO,S-ZF-BR,B-ZF-BR,S-ZB-BR,B-ZC-BR,B-ZH-BR,B-ZD-BR,B-ZF-UN,S-ZF-BR,S-ZE-BR,B-ZG-UN
197,,USDCAD,60,86400,SELL,ZF,0,1.37884,1.37476,408.0,1.37812,1.37280,532.0,130.392,0.00,336.0,96.3,1.37812,1.37476,1.36944,BREAK,2025.12.23 17:00,0,,0,,0,,0,NA,NewYork,BREAK,2025.12.26 17:00,BREAK,2026.01.27 19:00,1.38220,BREAK,2026.01.07 04:00,0,,0,,0,,0,NA,Asia,BREAK,2026.01.08 05:00,BREAK,2026.01.09 19:00,1.37140,BREAK,2025.12.23 13:00,0,,0,,0,,0,NA,NewYork,BREAK,2025.12.24 15:00,BOUNCE,2025.12.29 10:00,1.38148,BOUNCE,2026.01.05 17:00,1,2026.01.23 21:00,1,2026.01.23 21:00,0,,2,2w 4d,NewYork,NA,,NA,,S-ZE-BR,B-ZE-BR,S-ZF-BR,S-ZG-BO,B-ZO-UN,S-ZB-BO,B-ZO-UN,B-ZE-UN,B-ZD-UN,B-ZG-UN,B-ZF-BR,S-ZB-BR,B-ZC-BR,B-ZH-BR,B-ZD-BR,B-ZF-UN,S-ZF-BR,S-ZE-BR,B-ZG-UN,B-ZG-UN
198,,USDCAD,60,86400,BUY,ZF,0,1.37812,1.37280,532.0,1.37981,1.37424,557.0,104.699,0.00,388.0,125.6,1.37812,1.37424,1.38369,BREAK,2026.01.07 22:00,0,,0,,0,,0,NA,Other,BREAK,2026.01.08 12:00,BOUNCE,2026.01.12 12:00,1.36892,BREAK,2025.12.23 17:00,0,,0,,0,,0,NA,NewYork,BOUNCE,2025.12.29 12:00,NA,,1.38200,BREAK,2026.01.07 04:00,0,,0,,0,,0,NA,Asia,BREAK,2026.01.08 10:00,BREAK,2026.01.09 23:00,1.37036,BREAK,2025.12.23 14:00,0,,0,,0,,0,NA,NewYork,BREAK,2025.12.26 17:00,BREAK,2026.01.27 19:00,S-ZF-BR,S-ZE-BR,B-ZE-BR,S-ZF-BR,S-ZG-BO,B-ZO-UN,S-ZB-BO,B-ZO-UN,B-ZE-UN,B-ZD-UN,S-ZB-BR,B-ZC-BR,B-ZH-BR,B-ZD-BR,B-ZF-UN,S-ZF-BR,S-ZE-BR,B-ZG-UN,B-ZG-UN,S-ZH-BO
199,,USDCAD,60,86400,SELL,ZB,1,1.38036,1.37356,680.0,1.37538,1.36883,655.0,96.324,0.00,182.0,160.5,1.37538,1.37356,1.36701,BREAK,2025.12.24 15:00,0,,0,,0,,0,NA,NewYork,BOUNCE,2025.12.26 20:00,NA,,1.38218,BOUNCE,2026.01.07 04:00,1,2026.01.22 21:00,1,2026.01.23 21:00,1,2026.01.27 17:00,3,2w 6d,Asia,NA,,NA,,1.37174,BREAK,2025.12.24 00:00,0,,0,,0,,0,NA,Asia,BREAK,2025.12.24 05:00,BREAK,2025.12.26 17:00,1.37720,BREAK,2026.01.05 08:00,0,,0,,0,,0,NA,London,BREAK,2026.01.05 17:00,BREAK,2026.01.07 05:00,B-ZF-BR,S-ZF-BR,S-ZE-BR,B-ZE-BR,S-ZF-BR,S-ZG-BO,B-ZO-UN,S-ZB-BO,B-ZO-UN,B-ZE-UN,B-ZC-BR,B-ZH-BR,B-ZD-BR,B-ZF-UN,S-ZF-BR,S-ZE-BR,B-ZG-UN,B-ZG-UN,S-ZH-BO,S-ZB-BO
200,,USDCAD,60,86400,BUY,ZC,1,1.37011,1.36491,520.0,1.37087,1.36789,298.0,57.308,0.00,222.0,122.7,1.37011,1.36789,1.37309,BREAK,2026.01.02 16:00,0,,0,,0,,0,NA,NewYork,BREAK,2026.01.05 07:00,BREAK,2026.01.05 13:00,1.36269,BREAK,2026.01.27 19:00,0,,0,,0,,0,NA,NewYork,BREAK,2026.01.27 20:00,BREAK,2026.01.28 00:00,1.37233,BOUNCE,2025.12.31 19:00,1,2026.01.27 18:00,1,2026.01.27 19:00,0,,2,3w 6d,NewYork,NA,,NA,,1.36567,BREAK,2026.01.27 18:00,0,,0,,0,,0,NA,NewYork,BREAK,2026.01.27 19:00,BREAK,2026.01.27 20:00,S-ZB-BR,B-ZF-BR,S-ZF-BR,S-ZE-BR,B-ZE-BR,S-ZF-BR,S-ZG-BO,B-ZO-UN,S-ZB-BO,B-ZO-UN,B-ZH-BR,B-ZD-BR,B-ZF-UN,S-ZF-BR,S-ZE-BR,B-ZG-UN,B-ZG-UN,S-ZH-BO,S-ZB-BO,S-ZC-BR
201,,USDCAD,60,86400,BUY,ZH,1,1.37087,1.36789,298.0,1.37279,1.36882,397.0,133.221,0.00,205.0,70.3,1.37087,1.36882,1.37484,BREAK,2026.01.05 05:00,0,,0,,0,,0,NA,Asia,BREAK,2026.01.05 08:00,BREAK,2026.01.05 17:00,1.36584,BOUNCE,2026.01.27 17:00,1,2026.02.02 22:00,0,,0,,1,6d 5h,NewYork,NA,,NA,,1.37292,BREAK,2026.01.02 15:00,0,,0,,0,,0,NA,NewYork,BREAK,2026.01.05 07:00,BREAK,2026.01.05 08:00,1.36677,BREAK,2026.01.27 17:00,0,,0,,0,,0,NA,NewYork,BREAK,2026.01.27 18:00,BREAK,2026.01.27 19:00,B-ZC-BR,S-ZB-BR,B-ZF-BR,S-ZF-BR,S-ZE-BR,B-ZE-BR,S-ZF-BR,S-ZG-BO,B-ZO-UN,S-ZB-BO,B-ZD-BR,B-ZF-UN,S-ZF-BR,S-ZE-BR,B-ZG-UN,B-ZG-UN,S-ZH-BO,S-ZB-BO,S-ZC-BR,S-ZD-BR
202,,USDCAD,60,86400,BUY,ZD,1,1.38075,1.37516,559.0,1.38464,1.37901,563.0,100.716,0.00,174.0,131.9,1.38075,1.37901,1.38638,BREAK,2026.01.08 05:00,0,,0,,0,,0,NA,Asia,BOUNCE,2026.01.08 16:00,NA,,1.37342,BREAK,2026.01.23 20:00,0,,0,,0,,0,NA,NewYork,BREAK,2026.01.23 23:00,BREAK,2026.01.26 05:00,1.38249,BREAK,2026.01.08 00:00,0,,0,,0,,0,NA,Asia,BREAK,2026.01.08 01:00,BREAK,2026.01.08 10:00,1.37727,BREAK,2026.01.23 16:00,0,,0,,0,,0,NA,NewYork,BREAK,2026.01.23 19:00,BREAK,2026.01.23 20:00,B-ZH-BR,B-ZC-BR,S-ZB-BR,B-ZF-BR,S-ZF-BR,S-ZE-BR,B-ZE-BR,S-ZF-BR,S-ZG-BO,B-ZO-UN,B-ZF-UN,S-ZF-BR,S-ZE-BR,B-ZG-UN,B-ZG-UN,S-ZH-BO,S-ZB-BO,S-ZC-BR,S-ZD-BR,S-ZD-UN
203,,USDCAD,60,86400,BUY,ZF,0,1.38884,1.38443,441.0,1.39131,1.38550,581.0,131.746,0.00,334.0,104.1,1.38884,1.38550,1.39465,UNTOUCHED,,0,,0,,0,,0,NA,Other,NA,,NA,,1.38109,BREAK,2026.01.21 16:00,0,,0,,0,,0,NA,NewYork,BREAK,2026.01.23 17:00,BREAK,2026.01.23 20:00,1.39218,BOUNCE,2026.01.16 20:00,1,2026.01.20 15:00,1,2026.01.21 16:00,0,,2,4d 20h,NewYork,NA,,NA,,1.38216,BREAK,2026.01.20 15:00,0,,0,,0,,0,NA,NewYork,BOUNCE,2026.01.21 21:00,NA,,B-ZD-BR,B-ZH-BR,B-ZC-BR,S-ZB-BR,B-ZF-BR,S-ZF-BR,S-ZE-BR,B-ZE-BR,S-ZF-BR,S-ZG-BO,S-ZF-BR,S-ZE-BR,B-ZG-UN,B-ZG-UN,S-ZH-BO,S-ZB-BO,S-ZC-BR,S-ZD-BR,S-ZD-UN,B-ZF-BO
204,,USDCAD,60,86400,SELL,ZF,1,1.39198,1.39083,115.0,1.39177,1.38672,505.0,439.130,0.00,94.0,27.1,1.39177,1.39083,1.38578,BREAK,2026.01.13 17:00,0,,0,,0,,0,NA,NewYork,BREAK,2026.01.20 09:00,BOUNCE,2026.01.20 11:00,1.39292,UNTOUCHED,,0,,0,,0,,0,NA,Other,NA,,NA,,1.38989,BREAK,2026.01.13 00:00,0,,0,,0,,0,NA,Asia,BREAK,2026.01.13 01:00,BREAK,2026.01.13 02:00,1.39271,BOUNCE,2026.01.16 21:00,1,2026.01.19 04:00,1,2026.01.19 04:00,0,,2,2d 7h,Other,NA,,NA,,B-ZF-UN,B-ZD-BR,B-ZH-BR,B-ZC-BR,S-ZB-BR,B-ZF-BR,S-ZF-BR,S-ZE-BR,B-ZE-BR,S-ZF-BR,S-ZE-BR,B-ZG-UN,B-ZG-UN,S-ZH-BO,S-ZB-BO,S-ZC-BR,S-ZD-BR,S-ZD-UN,B-ZF-BO,S-ZO-BR
205,,USDCAD,60,86400,SELL,ZE,1,1.39177,1.38672,505.0,1.38982,1.38550,432.0,85.545,0.00,310.0,119.2,1.38982,1.38672,1.38240,BREAK,2026.01.20 15:00,0,,0,,0,,0,NA,NewYork,BOUNCE,2026.01.21 21:00,NA,,1.39487,UNTOUCHED,,0,,0,,0,,0,NA,Other,NA,,NA,,1.38362,BREAK,2026.01.20 12:00,0,,0,,0,,0,NA,London,BREAK,2026.01.21 17:00,BREAK,2026.01.23 17:00,1.39292,UNTOUCHED,,0,,0,,0,,0,NA,Other,NA,,NA,,S-ZF-BR,B-ZF-UN,B-ZD-BR,B-ZH-BR,B-ZC-BR,S-ZB-BR,B-ZF-BR,S-ZF-BR,S-ZE-BR,B-ZE-BR,B-ZG-UN,B-ZG-UN,S-ZH-BO,S-ZB-BO,S-ZC-BR,S-ZD-BR,S-ZD-UN,B-ZF-BO,S-ZO-BR,B-ZG-BO
206,,USDCAD,60,86400,BUY,ZG,1,1.38979,1.38662,317.0,1.39197,1.38724,473.0,149.211,0.00,255.0,74.8,1.38979,1.38724,1.39452,UNTOUCHED,,0,,0,,0,,0,NA,Other,NA,,NA,,1.38407,BREAK,2026.01.20 11:00,0,,0,,0,,0,NA,London,BOUNCE,2026.01.20 18:00,NA,,1.39234,BOUNCE,2026.01.16 20:00,1,2026.01.20 09:00,1,2026.01.20 11:00,0,,2,3d 15h,NewYork,NA,,NA,,1.38469,BREAK,2026.01.20 09:00,0,,0,,0,,0,NA,London,BREAK,2026.01.21 16:00,BREAK,2026.01.21 18:00,S-ZE-BR,S-ZF-BR,B-ZF-UN,B-ZD-BR,B-ZH-BR,B-ZC-BR,S-ZB-BR,B-ZF-BR,S-ZF-BR,S-ZE-BR,B-ZG-UN,S-ZH-BO,S-ZB-BO,S-ZC-BR,S-ZD-BR,S-ZD-UN,B-ZF-BO,S-ZO-BR,B-ZG-BO,S-ZF-BO
207,,USDCAD,60,86400,BUY,ZG,0,1.39197,1.38724,473.0,1.39286,1.38813,473.0,100.000,0.00,384.0,111.6,1.39197,1.38813,1.39670,UNTOUCHED,,0,,0,,0,,0,NA,Other,NA,,NA,,1.38340,BREAK,2026.01.20 12:00,0,,0,,0,,0,NA,London,BOUNCE,2026.01.21 23:00,NA,,1.39581,UNTOUCHED,,0,,0,,0,,0,NA,Other,NA,,NA,,1.38429,BREAK,2026.01.20 11:00,0,,0,,0,,0,NA,London,BREAK,2026.01.21 17:00,BREAK,2026.01.23 18:00,B-ZG-UN,S-ZE-BR,S-ZF-BR,B-ZF-UN,B-ZD-BR,B-ZH-BR,B-ZC-BR,S-ZB-BR,B-ZF-BR,S-ZF-BR,S-ZH-BO,S-ZB-BO,S-ZC-BR,S-ZD-BR,S-ZD-UN,B-ZF-BO,S-ZO-BR,B-ZG-BO,S-ZF-BO,B-ZC-BO
208,,USDCAD,60,86400,SELL,ZH,1,1.39190,1.39117,73.0,1.39169,1.38598,571.0,782.192,0.00,52.0,17.2,1.39169,1.39117,1.38546,BOUNCE,2026.01.20 07:00,1,2026.01.20 10:00,0,,0,,1,3h,London,NA,,NA,,1.39242,UNTOUCHED,,0,,0,,0,,0,NA,Other,NA,,NA,,1.39065,BREAK,2026.01.20 00:00,0,,0,,0,,0,NA,Asia,BREAK,2026.01.20 01:00,BREAK,2026.01.20 02:00,1.39221,UNTOUCHED,,0,,0,,0,,0,NA,Other,NA,,NA,,B-ZG-UN,B-ZG-UN,S-ZE-BR,S-ZF-BR,B-ZF-UN,B-ZD-BR,B-ZH-BR,B-ZC-BR,S-ZB-BR,B-ZF-BR,S-ZB-BO,S-ZC-BR,S-ZD-BR,S-ZD-UN,B-ZF-BO,S-ZO-BR,B-ZG-BO,S-ZF-BO,B-ZC-BO,B-ZE-BO
209,,USDCAD,60,86400,SELL,ZB,1,1.39169,1.38598,571.0,1.38789,1.38145,644.0,112.785,0.00,191.0,134.8,1.38789,1.38598,1.37954,BOUNCE,2026.01.21 17:00,1,2026.01.21 23:00,0,,0,,1,6h,NewYork,NA,,NA,,1.39360,UNTOUCHED,,0,,0,,0,,0,NA,Other,NA,,NA,,1.38407,BREAK,2026.01.21 00:00,0,,0,,0,,0,NA,Asia,BREAK,2026.01.21 16:00,BREAK,2026.01.21 18:00,1.38980,UNTOUCHED,,0,,0,,0,,0,NA,Other,NA,,NA,,S-ZH-BO,B-ZG-UN,B-ZG-UN,S-ZE-BR,S-ZF-BR,B-ZF-UN,B-ZD-BR,B-ZH-BR,B-ZC-BR,S-ZB-BR,S-ZC-BR,S-ZD-BR,S-ZD-UN,B-ZF-BO,S-ZO-BR,B-ZG-BO,S-ZF-BO,B-ZC-BO,B-ZE-BO,B-ZC-BO
210,,USDCAD,60,86400,SELL,ZC,1,1.38789,1.38145,644.0,1.38432,1.37855,577.0,89.596,0.00,287.0,152.0,1.38432,1.38145,1.37568,BREAK,2026.01.23 18:00,0,,0,,0,,0,NA,NewYork,BREAK,2026.01.23 21:00,BREAK,2026.01.26 05:00,1.39076,UNTOUCHED,,0,,0,,0,,0,NA,Other,NA,,NA,,1.37858,BREAK,2026.01.22 21:00,0,,0,,0,,0,NA,Other,BREAK,2026.01.23 19:00,BREAK,2026.01.23 21:00,1.38719,UNTOUCHED,,0,,0,,0,,0,NA,Other,NA,,NA,,S-ZB-BO,S-ZH-BO,B-ZG-UN,B-ZG-UN,S-ZE-BR,S-ZF-BR,B-ZF-UN,B-ZD-BR,B-ZH-BR,B-ZC-BR,S-ZD-BR,S-ZD-UN,B-ZF-BO,S-ZO-BR,B-ZG-BO,S-ZF-BO,B-ZC-BO,B-ZE-BO,B-ZC-BO,B-ZF-BR
211,,USDCAD,60,86400,SELL,ZD,1,1.38447,1.37830,617.0,1.37996,1.37034,962.0,155.916,0.00,166.0,145.6,1.37996,1.37830,1.36868,BREAK,2026.01.26 05:00,0,,0,,0,,0,NA,Asia,BREAK,2026.01.27 18:00,BREAK,2026.01.27 19:00,1.38613,UNTOUCHED,,0,,0,,0,,0,NA,Other,NA,,NA,,1.37664,BREAK,2026.01.24 00:00,0,,0,,0,,0,NA,Asia,BREAK,2026.01.24 01:00,BREAK,2026.01.26 02:00,1.38162,UNTOUCHED,,0,,0,,0,,0,NA,Other,NA,,NA,,S-ZC-BR,S-ZB-BO,S-ZH-BO,B-ZG-UN,B-ZG-UN,S-ZE-BR,S-ZF-BR,B-ZF-UN,B-ZD-BR,B-ZH-BR,S-ZD-UN,B-ZF-BO,S-ZO-BR,B-ZG-BO,S-ZF-BO,B-ZC-BO,B-ZE-BO,B-ZC-BO,B-ZF-BR,B-ZD-BO
212,,USDCAD,60,86400,SELL,ZD,1,1.36228,1.35357,871.0,1.35775,1.34913,862.0,98.967,0.00,418.0,205.6,1.35775,1.35357,1.34495,UNTOUCHED,,0,,0,,0,,0,NA,Other,NA,,NA,,1.36646,BREAK,2026.02.02 09:00,0,,0,,0,,0,NA,London,BOUNCE,2026.02.06 17:00,NA,,1.34939,BOUNCE,2026.01.30 00:00,1,2026.01.31 01:00,1,2026.02.02 09:00,0,,2,3d 9h,Asia,NA,,NA,,1.36193,BREAK,2026.01.31 01:00,0,,0,,0,,0,NA,Asia,BREAK,2026.02.02 19:00,BREAK,2026.02.06 04:00,S-ZD-BR,S-ZC-BR,S-ZB-BO,S-ZH-BO,B-ZG-UN,B-ZG-UN,S-ZE-BR,S-ZF-BR,B-ZF-UN,B-ZD-BR,B-ZF-BO,S-ZO-BR,B-ZG-BO,S-ZF-BO,B-ZC-BO,B-ZE-BO,B-ZC-BO,B-ZF-BR,B-ZD-BO,S-ZC-BO
213,,USDCAD,60,86400,BUY,ZF,1,1.36229,1.35880,349.0,1.37024,1.35969,1055.0,302.292,0.00,260.0,82.4,1.36229,1.35969,1.37284,BOUNCE,2026.03.03 18:00,1,2026.03.03 20:00,1,2026.03.07 01:00,1,2026.03.09 02:00,3,5d 8h,NewYork,NA,,NA,,1.35620,BREAK,2026.02.09 22:00,0,,0,,0,,0,NA,Other,BREAK,2026.02.10 19:00,BOUNCE,2026.02.11 15:00,1.36489,BREAK,2026.02.03 00:00,0,,0,,0,,0,NA,Asia,BREAK,2026.02.03 03:00,BREAK,2026.02.06 01:00,1.35709,BREAK,2026.02.09 20:00,0,,0,,0,,0,NA,NewYork,BREAK,2026.02.10 18:00,BREAK,2026.02.11 13:00,S-ZD-UN,S-ZD-BR,S-ZC-BR,S-ZB-BO,S-ZH-BO,B-ZG-UN,B-ZG-UN,S-ZE-BR,S-ZF-BR,B-ZF-UN,S-ZO-BR,B-ZG-BO,S-ZF-BO,B-ZC-BO,B-ZE-BO,B-ZC-BO,B-ZF-BR,B-ZD-BO,S-ZC-BO,B-ZD-BR
214,,USDCAD,60,86400,SELL,ZO,0,1.36894,1.36362,532.0,1.36839,1.36287,552.0,103.759,0.00,477.0,125.6,1.36839,1.36362,1.35810,BREAK,2026.02.09 18:00,0,,0,,0,,0,NA,NewYork,BREAK,2026.02.11 07:00,UNTOUCHED,,1.37371,BREAK,2026.03.03 19:00,0,,0,,0,,0,NA,NewYork,BREAK,2026.03.25 14:00,BREAK,2026.03.26 15:00,1.35885,BREAK,2026.02.09 18:00,0,,0,,0,,0,NA,NewYork,BREAK,2026.02.10 19:00,UNTOUCHED,,1.37316,BREAK,2026.03.03 18:00,0,,0,,0,,0,NA,NewYork,BREAK,2026.03.25 13:00,BREAK,2026.03.26 15:00,B-ZF-BO,S-ZD-UN,S-ZD-BR,S-ZC-BR,S-ZB-BO,S-ZH-BO,B-ZG-UN,B-ZG-UN,S-ZE-BR,S-ZF-BR,B-ZG-BO,S-ZF-BO,B-ZC-BO,B-ZE-BO,B-ZC-BO,B-ZF-BR,B-ZD-BO,S-ZC-BO,B-ZD-BR,S-ZD-BO
215,,USDCAD,60,86400,BUY,ZG,0,1.36839,1.36287,552.0,1.36998,1.36438,560.0,101.449,0.00,401.0,130.3,1.36839,1.36438,1.37399,BOUNCE,2026.03.03 19:00,1,2026.03.03 20:00,1,2026.03.06 20:00,1,2026.03.06 22:00,3,3d 3h,NewYork,NA,,NA,,1.35886,BREAK,2026.02.09 18:00,0,,0,,0,,0,NA,NewYork,BREAK,2026.02.10 18:00,BOUNCE,2026.02.11 15:00,1.37240,BOUNCE,2026.02.06 04:00,1,2026.02.09 17:00,1,2026.02.09 18:00,0,,2,3d 14h,Asia,NA,,NA,,1.36037,BREAK,2026.02.09 17:00,0,,0,,0,,0,NA,NewYork,BREAK,2026.02.10 02:00,BREAK,2026.02.11 13:00,S-ZO-BR,B-ZF-BO,S-ZD-UN,S-ZD-BR,S-ZC-BR,S-ZB-BO,S-ZH-BO,B-ZG-UN,B-ZG-UN,S-ZE-BR,S-ZF-BO,B-ZC-BO,B-ZE-BO,B-ZC-BO,B-ZF-BR,B-ZD-BO,S-ZC-BO,B-ZD-BR,S-ZD-BO,S-ZB-BO
216,,USDCAD,60,86400,SELL,ZF,1,1.36762,1.36455,307.0,1.36740,1.35563,1177.0,383.388,0.00,285.0,72.5,1.36740,1.36455,1.35278,BOUNCE,2026.02.10 19:00,1,2026.02.11 17:00,1,2026.02.19 08:00,1,2026.02.19 17:00,3,1w 1d,NewYork,NA,,NA,,1.37047,BREAK,2026.02.19 17:00,0,,0,,0,,0,NA,NewYork,BOUNCE,2026.03.03 18:00,NA,,1.36170,BREAK,2026.02.10 00:00,0,,0,,0,,0,NA,Asia,BREAK,2026.02.10 01:00,BREAK,2026.02.10 02:00,1.37025,BOUNCE,2026.02.19 08:00,1,2026.03.05 17:00,1,2026.03.05 17:00,0,,2,2w 0d,London,NA,,NA,,B-ZG-BO,S-ZO-BR,B-ZF-BO,S-ZD-UN,S-ZD-BR,S-ZC-BR,S-ZB-BO,S-ZH-BO,B-ZG-UN,B-ZG-UN,B-ZC-BO,B-ZE-BO,B-ZC-BO,B-ZF-BR,B-ZD-BO,S-ZC-BO,B-ZD-BR,S-ZD-BO,S-ZB-BO,B-ZO-BR
217,,USDCAD,60,86400,BUY,ZC,1,1.36188,1.35043,1145.0,1.36356,1.35555,801.0,69.956,0.00,633.0,270.2,1.36188,1.35555,1.36989,BOUNCE,2026.02.18 23:00,1,2026.03.07 01:00,0,,0,,1,2w 2d,Other,NA,,NA,,1.34410,UNTOUCHED,,0,,0,,0,,0,NA,Other,NA,,NA,,1.36821,BREAK,2026.02.17 19:00,0,,0,,0,,0,NA,NewYork,BOUNCE,2026.03.03 20:00,NA,,1.34922,UNTOUCHED,,0,,0,,0,,0,NA,Other,NA,,NA,,S-ZF-BO,B-ZG-BO,S-ZO-BR,B-ZF-BO,S-ZD-UN,S-ZD-BR,S-ZC-BR,S-ZB-BO,S-ZH-BO,B-ZG-UN,B-ZE-BO,B-ZC-BO,B-ZF-BR,B-ZD-BO,S-ZC-BO,B-ZD-BR,S-ZD-BO,S-ZB-BO,B-ZO-BR,S-ZB-BR
218,,USDCAD,60,86400,BUY,ZE,1,1.36356,1.35555,801.0,1.36374,1.35933,441.0,55.056,0.00,423.0,189.0,1.36356,1.35933,1.36797,BOUNCE,2026.02.17 19:00,1,2026.03.06 21:00,1,2026.03.09 09:00,0,,2,2w 5d,NewYork,NA,,NA,,1.35132,UNTOUCHED,,0,,0,,0,,0,NA,Other,NA,,NA,,1.36779,BOUNCE,2026.02.17 18:00,1,2026.03.09 09:00,0,,0,,1,2w 5d,NewYork,NA,,NA,,1.35510,BREAK,2026.03.09 09:00,0,,0,,0,,0,NA,London,UNTOUCHED,,NA,,B-ZC-BO,S-ZF-BO,B-ZG-BO,S-ZO-BR,B-ZF-BO,S-ZD-UN,S-ZD-BR,S-ZC-BR,S-ZB-BO,S-ZH-BO,B-ZC-BO,B-ZF-BR,B-ZD-BO,S-ZC-BO,B-ZD-BR,S-ZD-BO,S-ZB-BO,B-ZO-BR,S-ZB-BR,S-ZF-UN
219,,USDCAD,60,86400,BUY,ZC,1,1.36388,1.36000,388.0,1.36927,1.36265,662.0,170.619,0.00,123.0,91.6,1.36388,1.36265,1.37050,BOUNCE,2026.02.19 17:00,1,2026.02.19 19:00,1,2026.03.06 20:00,1,2026.03.06 22:00,3,2w 1d,NewYork,NA,,NA,,1.35877,BOUNCE,2026.03.06 22:00,1,2026.03.12 18:00,1,2026.03.13 10:00,1,2026.03.13 17:00,3,6d 19h,Other,NA,,NA,,1.36511,BREAK,2026.02.18 06:00,0,,0,,0,,0,NA,Asia,BOUNCE,2026.02.18 14:00,NA,,1.36142,BREAK,2026.03.06 20:00,0,,0,,0,,0,NA,NewYork,BREAK,2026.03.06 22:00,BREAK,2026.03.06 23:00,B-ZE-BO,B-ZC-BO,S-ZF-BO,B-ZG-BO,S-ZO-BR,B-ZF-BO,S-ZD-UN,S-ZD-BR,S-ZC-BR,S-ZB-BO,B-ZF-BR,B-ZD-BO,S-ZC-BO,B-ZD-BR,S-ZD-BO,S-ZB-BO,B-ZO-BR,S-ZB-BR,S-ZF-UN,B-ZG-BR
220,,USDCAD,60,86400,BUY,ZF,0,1.36927,1.36265,662.0,1.37001,1.36282,719.0,108.610,0.00,645.0,156.2,1.36927,1.36282,1.37646,BREAK,2026.03.24 19:00,0,,0,,0,,0,NA,NewYork,BREAK,2026.03.26 15:00,BREAK,2026.03.30 12:00,1.35620,BREAK,2026.03.09 02:00,0,,0,,0,,0,NA,Asia,UNTOUCHED,,NA,,1.37572,BREAK,2026.03.24 08:00,0,,0,,0,,0,NA,London,BREAK,2026.03.26 12:00,BREAK,2026.03.30 03:00,1.35637,BREAK,2026.03.07 01:00,0,,0,,0,,0,NA,Asia,UNTOUCHED,,NA,,B-ZC-BO,B-ZE-BO,B-ZC-BO,S-ZF-BO,B-ZG-BO,S-ZO-BR,B-ZF-BO,S-ZD-UN,S-ZD-BR,S-ZC-BR,B-ZD-BO,S-ZC-BO,B-ZD-BR,S-ZD-BO,S-ZB-BO,B-ZO-BR,S-ZB-BR,S-ZF-UN,B-ZG-BR,B-ZB-BR
221,,USDCAD,60,86400,BUY,ZD,1,1.37001,1.36282,719.0,1.37149,1.36674,475.0,66.064,0.00,327.0,169.7,1.37001,1.36674,1.37476,BOUNCE,2026.03.03 19:00,1,2026.03.03 20:00,1,2026.03.04 23:00,1,2026.03.06 21:00,3,3d 2h,NewYork,NA,,NA,,1.35955,BREAK,2026.03.06 21:00,0,,0,,0,,0,NA,Other,BOUNCE,2026.03.09 02:00,NA,,1.37328,BOUNCE,2026.03.03 18:00,1,2026.03.04 23:00,1,2026.03.06 21:00,0,,2,3d 3h,NewYork,NA,,NA,,1.36347,BOUNCE,2026.02.27 19:00,1,2026.03.03 18:00,1,2026.03.03 18:00,0,,2,3d 23h,NewYork,NA,,NA,,B-ZF-BR,B-ZC-BO,B-ZE-BO,B-ZC-BO,S-ZF-BO,B-ZG-BO,S-ZO-BR,B-ZF-BO,S-ZD-UN,S-ZD-BR,S-ZC-BO,B-ZD-BR,S-ZD-BO,S-ZB-BO,B-ZO-BR,S-ZB-BR,S-ZF-UN,B-ZG-BR,B-ZB-BR,B-ZF-BR
222,,USDCAD,60,86400,SELL,ZC,1,1.37113,1.36701,412.0,1.36904,1.36689,215.0,52.184,0.00,203.0,97.2,1.36904,1.36701,1.36486,BOUNCE,2026.02.23 03:00,1,2026.02.23 16:00,1,2026.02.24 05:00,1,2026.03.03 18:00,3,1w 1d,Asia,NA,,NA,,1.37316,BOUNCE,2026.03.03 18:00,1,2026.03.03 20:00,1,2026.03.04 11:00,1,2026.03.04 11:00,3,17h,NewYork,NA,,NA,,1.36498,BOUNCE,2026.02.23 03:00,1,2026.02.24 05:00,1,2026.03.03 18:00,0,,2,1w 1d,Asia,NA,,NA,,1.37107,BREAK,2026.02.24 05:00,0,,0,,0,,0,NA,Asia,BOUNCE,2026.03.03 18:00,NA,,B-ZD-BO,B-ZF-BR,B-ZC-BO,B-ZE-BO,B-ZC-BO,S-ZF-BO,B-ZG-BO,S-ZO-BR,B-ZF-BO,S-ZD-UN,B-ZD-BR,S-ZD-BO,S-ZB-BO,B-ZO-BR,S-ZB-BR,S-ZF-UN,B-ZG-BR,B-ZB-BR,B-ZF-BR,B-ZD-BR
223,,USDCAD,60,86400,BUY,ZD,1,1.36999,1.36485,514.0,1.37252,1.36858,394.0,76.654,0.00,141.0,121.3,1.36999,1.36858,1.37393,BREAK,2026.03.03 19:00,0,,0,,0,,0,NA,NewYork,BOUNCE,2026.03.23 15:00,NA,,1.36344,BOUNCE,2026.02.27 19:00,1,2026.03.02 03:00,1,2026.03.02 20:00,1,2026.03.03 19:00,3,4d 0h,NewYork,NA,,NA,,1.37140,BOUNCE,2026.03.02 20:00,1,2026.03.02 23:00,1,2026.03.04 23:00,0,,2,2d 3h,NewYork,NA,,NA,,1.36717,BREAK,2026.02.26 02:00,0,,0,,0,,0,NA,Asia,BOUNCE,2026.02.27 18:00,NA,,S-ZC-BO,B-ZD-BO,B-ZF-BR,B-ZC-BO,B-ZE-BO,B-ZC-BO,S-ZF-BO,B-ZG-BO,S-ZO-BR,B-ZF-BO,S-ZD-BO,S-ZB-BO,B-ZO-BR,S-ZB-BR,S-ZF-UN,B-ZG-BR,B-ZB-BR,B-ZF-BR,B-ZD-BR,S-ZO-BO
224,,USDCAD,60,86400,SELL,ZD,1,1.37252,1.36858,394.0,1.37065,1.36742,323.0,81.980,0.00,207.0,93.0,1.37065,1.36858,1.36535,BOUNCE,2026.02.27 18:00,1,2026.03.02 19:00,1,2026.03.03 18:00,1,2026.03.03 19:00,3,4d 1h,NewYork,NA,,NA,,1.37459,BOUNCE,2026.03.03 19:00,1,2026.03.03 20:00,1,2026.03.03 20:00,1,2026.03.03 22:00,3,3h,NewYork,NA,,NA,,1.36651,BOUNCE,2026.02.26 05:00,1,2026.03.03 18:00,1,2026.03.03 19:00,0,,2,5d 14h,Asia,NA,,NA,,1.37272,BOUNCE,2026.03.03 18:00,1,2026.03.03 20:00,1,2026.03.03 20:00,0,,2,2h,NewYork,NA,,NA,,B-ZD-BR,S-ZC-BO,B-ZD-BO,B-ZF-BR,B-ZC-BO,B-ZE-BO,B-ZC-BO,S-ZF-BO,B-ZG-BO,S-ZO-BR,S-ZB-BO,B-ZO-BR,S-ZB-BR,S-ZF-UN,B-ZG-BR,B-ZB-BR,B-ZF-BR,B-ZD-BR,S-ZO-BO,B-ZB-BR
225,,USDCAD,60,86400,SELL,ZB,1,1.37122,1.36591,531.0,1.36848,1.36251,597.0,112.429,0.00,257.0,125.3,1.36848,1.36591,1.35994,BOUNCE,2026.03.06 20:00,1,2026.03.13 10:00,1,2026.03.13 17:00,1,2026.03.13 20:00,3,1w 0d,NewYork,NA,,NA,,1.37379,BREAK,2026.03.03 19:00,0,,0,,0,,0,NA,NewYork,BREAK,2026.03.24 21:00,BREAK,2026.03.25 19:00,1.36334,BOUNCE,2026.02.28 00:00,1,2026.03.02 20:00,1,2026.03.03 19:00,0,,2,3d 19h,Asia,NA,,NA,,1.37105,BOUNCE,2026.03.02 20:00,1,2026.03.05 00:00,1,2026.03.05 00:00,0,,2,2d 4h,NewYork,NA,,NA,,S-ZD-BO,B-ZD-BR,S-ZC-BO,B-ZD-BO,B-ZF-BR,B-ZC-BO,B-ZE-BO,B-ZC-BO,S-ZF-BO,B-ZG-BO,B-ZO-BR,S-ZB-BR,S-ZF-UN,B-ZG-BR,B-ZB-BR,B-ZF-BR,B-ZD-BR,S-ZO-BO,B-ZB-BR,B-ZB-BR
226,,USDCAD,60,86400,BUY,ZO,0,1.37186,1.36337,849.0,1.37528,1.36533,995.0,117.197,0.00,653.0,200.4,1.37186,1.36533,1.38181,BREAK,2026.03.25 23:00,0,,0,,0,,0,NA,Other,BREAK,2026.03.30 12:00,BOUNCE,2026.04.01 17:00,1.35684,BREAK,2026.03.07 01:00,0,,0,,0,,0,NA,Asia,UNTOUCHED,,NA,,1.37839,BREAK,2026.03.24 21:00,0,,0,,0,,0,NA,Other,BREAK,2026.03.27 16:00,BREAK,2026.03.30 19:00,1.35880,BREAK,2026.03.06 22:00,0,,0,,0,,0,NA,Other,UNTOUCHED,,NA,,S-ZB-BO,S-ZD-BO,B-ZD-BR,S-ZC-BO,B-ZD-BO,B-ZF-BR,B-ZC-BO,B-ZE-BO,B-ZC-BO,S-ZF-BO,S-ZB-BR,S-ZF-UN,B-ZG-BR,B-ZB-BR,B-ZF-BR,B-ZD-BR,S-ZO-BO,B-ZB-BR,B-ZB-BR,B-ZB-BR
227,,USDCAD,60,86400,SELL,ZB,1,1.37528,1.36533,995.0,1.36999,1.36343,656.0,65.930,0.00,466.0,234.8,1.36999,1.36533,1.35877,BREAK,2026.03.06 22:00,0,,0,,0,,0,NA,Other,BOUNCE,2026.03.09 19:00,NA,,1.37994,BREAK,2026.03.25 15:00,0,,0,,0,,0,NA,NewYork,BREAK,2026.03.27 16:00,BREAK,2026.03.30 13:00,1.36067,BREAK,2026.03.06 20:00,0,,0,,0,,0,NA,NewYork,BREAK,2026.03.09 14:00,UNTOUCHED,,1.37465,BOUNCE,2026.03.19 12:00,0,,0,,0,,0,NA,London,NA,,NA,,B-ZO-BR,S-ZB-BO,S-ZD-BO,B-ZD-BR,S-ZC-BO,B-ZD-BO,B-ZF-BR,B-ZC-BO,B-ZE-BO,B-ZC-BO,S-ZF-UN,B-ZG-BR,B-ZB-BR,B-ZF-BR,B-ZD-BR,S-ZO-BO,B-ZB-BR,B-ZB-BR,B-ZB-BR,B-ZE-UN
228,,USDCAD,60,86400,SELL,ZF,0,1.37161,1.36151,1010.0,1.36953,1.35799,1154.0,114.257,0.00,802.0,238.4,1.36953,1.36151,1.34997,UNTOUCHED,,0,,0,,0,,0,NA,Other,NA,,NA,,1.37963,BREAK,2026.03.25 14:00,0,,0,,0,,0,NA,NewYork,BREAK,2026.03.30 03:00,BOUNCE,2026.04.01 19:00,1.35349,BOUNCE,2026.03.09 15:00,1,2026.03.24 21:00,1,2026.03.25 14:00,0,,2,2w 1d,NewYork,NA,,NA,,1.37755,BREAK,2026.03.24 21:00,0,,0,,0,,0,NA,Other,BREAK,2026.03.27 19:00,BREAK,2026.03.31 18:00,S-ZB-BR,B-ZO-BR,S-ZB-BO,S-ZD-BO,B-ZD-BR,S-ZC-BO,B-ZD-BO,B-ZF-BR,B-ZC-BO,B-ZE-BO,B-ZG-BR,B-ZB-BR,B-ZF-BR,B-ZD-BR,S-ZO-BO,B-ZB-BR,B-ZB-BR,B-ZB-BR,B-ZE-UN,B-ZB-UN
229,,USDCAD,60,86400,BUY,ZG,0,1.36018,1.35420,598.0,1.36053,1.35548,505.0,84.448,0.00,470.0,141.1,1.36018,1.35548,1.36523,BREAK,2026.03.13 10:00,0,,0,,0,,0,NA,London,BREAK,2026.03.13 17:00,BOUNCE,2026.03.23 15:00,1.34950,UNTOUCHED,,0,,0,,0,,0,NA,Other,NA,,NA,,1.36488,BREAK,2026.03.13 10:00,0,,0,,0,,0,NA,London,BREAK,2026.03.13 17:00,BOUNCE,2026.03.23 15:00,1.35078,UNTOUCHED,,0,,0,,0,,0,NA,Other,NA,,NA,,S-ZF-UN,S-ZB-BR,B-ZO-BR,S-ZB-BO,S-ZD-BO,B-ZD-BR,S-ZC-BO,B-ZD-BO,B-ZF-BR,B-ZC-BO,B-ZB-BR,B-ZF-BR,B-ZD-BR,S-ZO-BO,B-ZB-BR,B-ZB-BR,B-ZB-BR,B-ZE-UN,B-ZB-UN,S-ZD-BO
230,,USDCAD,60,86400,BUY,ZB,1,1.36053,1.35548,505.0,1.36342,1.35767,575.0,113.861,0.00,286.0,119.2,1.36053,1.35767,1.36628,BREAK,2026.03.13 11:00,0,,0,,0,,0,NA,London,BREAK,2026.03.13 16:00,BREAK,2026.03.13 19:00,1.35262,UNTOUCHED,,0,,0,,0,,0,NA,Other,NA,,NA,,1.36339,BREAK,2026.03.13 00:00,0,,0,,0,,0,NA,Asia,BREAK,2026.03.13 14:00,BREAK,2026.03.13 16:00,1.35481,UNTOUCHED,,0,,0,,0,,0,NA,Other,NA,,NA,,B-ZG-BR,S-ZF-UN,S-ZB-BR,B-ZO-BR,S-ZB-BO,S-ZD-BO,B-ZD-BR,S-ZC-BO,B-ZD-BO,B-ZF-BR,B-ZF-BR,B-ZD-BR,S-ZO-BO,B-ZB-BR,B-ZB-BR,B-ZB-BR,B-ZE-UN,B-ZB-UN,S-ZD-BO,S-ZD-BO
231,,USDCAD,60,86400,BUY,ZF,0,1.37228,1.36777,451.0,1.37260,1.36866,394.0,87.361,0.00,362.0,106.4,1.37228,1.36866,1.37622,BREAK,2026.03.24 19:00,0,,0,,0,,0,NA,NewYork,BREAK,2026.03.25 20:00,BREAK,2026.03.26 15:00,1.36415,BOUNCE,2026.04.20 20:00,1,2026.04.23 21:00,0,,0,,1,3d 1h,NewYork,NA,,NA,,1.37590,BREAK,2026.03.24 08:00,0,,0,,0,,0,NA,London,BREAK,2026.03.25 19:00,BREAK,2026.03.26 15:00,1.36504,BOUNCE,2026.04.17 17:00,0,,0,,0,,0,NA,NewYork,NA,,NA,,B-ZB-BR,B-ZG-BR,S-ZF-UN,S-ZB-BR,B-ZO-BR,S-ZB-BO,S-ZD-BO,B-ZD-BR,S-ZC-BO,B-ZD-BO,B-ZD-BR,S-ZO-BO,B-ZB-BR,B-ZB-BR,B-ZB-BR,B-ZE-UN,B-ZB-UN,S-ZD-BO,S-ZD-BO,S-ZB-BR
232,,USDCAD,60,86400,BUY,ZD,1,1.37260,1.36866,394.0,1.37481,1.37046,435.0,110.406,0.00,214.0,93.0,1.37260,1.37046,1.37695,BREAK,2026.03.24 20:00,0,,0,,0,,0,NA,NewYork,BREAK,2026.03.25 19:00,BREAK,2026.03.26 04:00,1.36652,BREAK,2026.04.17 16:00,0,,0,,0,,0,NA,NewYork,BOUNCE,2026.04.20 19:00,NA,,1.37474,BOUNCE,2026.03.20 19:00,1,2026.03.23 18:00,1,2026.04.17 16:00,0,,2,3w 6d,NewYork,NA,,NA,,1.36832,BREAK,2026.03.23 18:00,0,,0,,0,,0,NA,NewYork,BREAK,2026.04.17 17:00,BOUNCE,2026.04.21 12:00,B-ZF-BR,B-ZB-BR,B-ZG-BR,S-ZF-UN,S-ZB-BR,B-ZO-BR,S-ZB-BO,S-ZD-BO,B-ZD-BR,S-ZC-BO,S-ZO-BO,B-ZB-BR,B-ZB-BR,B-ZB-BR,B-ZE-UN,B-ZB-UN,S-ZD-BO,S-ZD-BO,S-ZB-BR,S-ZG-BR
233,,USDCAD,60,86400,SELL,ZO,0,1.37481,1.37046,435.0,1.37476,1.36994,482.0,110.805,0.00,430.0,102.7,1.37476,1.37046,1.36564,BOUNCE,2026.04.17 17:00,0,,0,,0,,0,NA,NewYork,NA,,NA,,1.37911,BREAK,2026.03.25 13:00,0,,0,,0,,0,NA,NewYork,BREAK,2026.03.26 15:00,BREAK,2026.03.27 21:00,1.36616,BREAK,2026.04.17 16:00,0,,0,,0,,0,NA,NewYork,BREAK,2026.04.27 13:00,BREAK,2026.05.01 15:00,1.37906,BREAK,2026.03.25 13:00,0,,0,,0,,0,NA,NewYork,BREAK,2026.03.26 15:00,BREAK,2026.03.27 21:00,B-ZD-BR,B-ZF-BR,B-ZB-BR,B-ZG-BR,S-ZF-UN,S-ZB-BR,B-ZO-BR,S-ZB-BO,S-ZD-BO,B-ZD-BR,B-ZB-BR,B-ZB-BR,B-ZB-BR,B-ZE-UN,B-ZB-UN,S-ZD-BO,S-ZD-BO,S-ZB-BR,S-ZG-BR,S-ZG-BR
234,,USDCAD,60,86400,BUY,ZB,1,1.37546,1.36699,847.0,1.37854,1.37093,761.0,89.847,0.00,453.0,199.9,1.37546,1.37093,1.38307,BREAK,2026.03.26 06:00,0,,0,,0,,0,NA,Asia,BREAK,2026.03.30 03:00,BREAK,2026.03.30 19:00,1.36246,BREAK,2026.04.27 12:00,0,,0,,0,,0,NA,London,BREAK,2026.05.01 16:00,UNTOUCHED,,1.37999,BREAK,2026.03.25 15:00,0,,0,,0,,0,NA,NewYork,BREAK,2026.03.27 00:00,BREAK,2026.03.30 13:00,1.36640,BOUNCE,2026.04.17 16:00,0,,0,,0,,0,NA,NewYork,NA,,NA,,S-ZO-BO,B-ZD-BR,B-ZF-BR,B-ZB-BR,B-ZG-BR,S-ZF-UN,S-ZB-BR,B-ZO-BR,S-ZB-BO,S-ZD-BO,B-ZB-BR,B-ZB-BR,B-ZE-UN,B-ZB-UN,S-ZD-BO,S-ZD-BO,S-ZB-BR,S-ZG-BR,S-ZG-BR,S-ZB-BR
235,,USDCAD,60,86400,BUY,ZB,1,1.37854,1.37093,761.0,1.38195,1.37411,784.0,103.022,0.00,443.0,179.6,1.37854,1.37411,1.38638,BREAK,2026.03.27 00:00,0,,0,,0,,0,NA,Asia,BREAK,2026.03.30 17:00,BOUNCE,2026.04.01 00:00,1.36650,BOUNCE,2026.04.17 16:00,0,,0,,0,,0,NA,NewYork,NA,,NA,,1.38297,BREAK,2026.03.26 06:00,0,,0,,0,,0,NA,Asia,BREAK,2026.03.28 00:00,BREAK,2026.03.30 19:00,1.36968,BREAK,2026.04.16 23:00,0,,0,,0,,0,NA,Other,BOUNCE,2026.04.20 02:00,NA,,B-ZB-BR,S-ZO-BO,B-ZD-BR,B-ZF-BR,B-ZB-BR,B-ZG-BR,S-ZF-UN,S-ZB-BR,B-ZO-BR,S-ZB-BO,B-ZB-BR,B-ZE-UN,B-ZB-UN,S-ZD-BO,S-ZD-BO,S-ZB-BR,S-ZG-BR,S-ZG-BR,S-ZB-BR,S-ZE-BR
236,,USDCAD,60,86400,BUY,ZB,1,1.38195,1.37411,784.0,1.38578,1.37943,635.0,80.995,0.00,252.0,185.0,1.38195,1.37943,1.38830,BREAK,2026.03.27 20:00,0,,0,,0,,0,NA,NewYork,BREAK,2026.03.30 18:00,BREAK,2026.03.31 18:00,1.37159,BREAK,2026.04.16 07:00,0,,0,,0,,0,NA,London,BREAK,2026.04.17 12:00,BOUNCE,2026.04.17 23:00,1.38447,BREAK,2026.03.27 00:00,0,,0,,0,,0,NA,Asia,BREAK,2026.03.27 21:00,BREAK,2026.03.30 13:00,1.37691,BREAK,2026.04.14 11:00,0,,0,,0,,0,NA,London,BOUNCE,2026.04.14 22:00,NA,,B-ZB-BR,B-ZB-BR,S-ZO-BO,B-ZD-BR,B-ZF-BR,B-ZB-BR,B-ZG-BR,S-ZF-UN,S-ZB-BR,B-ZO-BR,B-ZE-UN,B-ZB-UN,S-ZD-BO,S-ZD-BO,S-ZB-BR,S-ZG-BR,S-ZG-BR,S-ZB-BR,S-ZE-BR,B-ZD-BO
237,,USDCAD,60,86400,BUY,ZE,1,1.39455,1.38749,706.0,1.39668,1.39094,574.0,81.303,0.00,361.0,166.6,1.39455,1.39094,1.40029,UNTOUCHED,,0,,0,,0,,0,NA,Other,NA,,NA,,1.38388,BREAK,2026.04.08 04:00,0,,0,,0,,0,NA,Asia,BOUNCE,2026.04.11 00:00,NA,,1.39816,UNTOUCHED,,0,,0,,0,,0,NA,Other,NA,,NA,,1.38733,BOUNCE,2026.04.01 21:00,0,,0,,0,,0,NA,Other,NA,,NA,,B-ZB-BR,B-ZB-BR,B-ZB-BR,S-ZO-BO,B-ZD-BR,B-ZF-BR,B-ZB-BR,B-ZG-BR,S-ZF-UN,S-ZB-BR,B-ZB-UN,S-ZD-BO,S-ZD-BO,S-ZB-BR,S-ZG-BR,S-ZG-BR,S-ZB-BR,S-ZE-BR,B-ZD-BO,B-ZF-BR
238,,USDCAD,60,86400,BUY,ZB,1,1.39334,1.38668,666.0,1.39492,1.39046,446.0,66.967,0.00,288.0,157.2,1.39334,1.39046,1.39780,UNTOUCHED,,0,,0,,0,,0,NA,Other,NA,,NA,,1.38380,BOUNCE,2026.04.08 04:00,0,,0,,0,,0,NA,Asia,NA,,NA,,1.39622,UNTOUCHED,,0,,0,,0,,0,NA,Other,NA,,NA,,1.38758,BREAK,2026.04.08 02:00,0,,0,,0,,0,NA,Asia,BREAK,2026.04.08 09:00,BREAK,2026.04.10 18:00,B-ZE-UN,B-ZB-BR,B-ZB-BR,B-ZB-BR,S-ZO-BO,B-ZD-BR,B-ZF-BR,B-ZB-BR,B-ZG-BR,S-ZF-UN,S-ZD-BO,S-ZD-BO,S-ZB-BR,S-ZG-BR,S-ZG-BR,S-ZB-BR,S-ZE-BR,B-ZD-BO,B-ZF-BR,B-ZE-BR
239,,USDCAD,60,86400,SELL,ZD,1,1.39476,1.39022,454.0,1.39298,1.38890,408.0,89.868,0.00,276.0,107.1,1.39298,1.39022,1.38614,BOUNCE,2026.04.08 02:00,0,,0,,0,,0,NA,Asia,NA,,NA,,1.39752,UNTOUCHED,,0,,0,,0,,0,NA,Other,NA,,NA,,1.38746,BREAK,2026.04.08 02:00,0,,0,,0,,0,NA,Asia,BREAK,2026.04.08 04:00,BREAK,2026.04.09 19:00,1.39574,UNTOUCHED,,0,,0,,0,,0,NA,Other,NA,,NA,,B-ZB-UN,B-ZE-UN,B-ZB-BR,B-ZB-BR,B-ZB-BR,S-ZO-BO,B-ZD-BR,B-ZF-BR,B-ZB-BR,B-ZG-BR,S-ZD-BO,S-ZB-BR,S-ZG-BR,S-ZG-BR,S-ZB-BR,S-ZE-BR,B-ZD-BO,B-ZF-BR,B-ZE-BR,S-ZD-BO
240,,USDCAD,60,86400,SELL,ZD,1,1.39298,1.38890,408.0,1.39006,1.38236,770.0,188.725,0.00,116.0,96.3,1.39006,1.38890,1.38120,BOUNCE,2026.04.09 18:00,1,2026.04.10 11:00,0,,0,,1,17h,NewYork,NA,,NA,,1.39414,UNTOUCHED,,0,,0,,0,,0,NA,Other,NA,,NA,,1.38774,BREAK,2026.04.09 00:00,0,,0,,0,,0,NA,Asia,BREAK,2026.04.09 01:00,BREAK,2026.04.09 02:00,1.39122,UNTOUCHED,,0,,0,,0,,0,NA,Other,NA,,NA,,S-ZD-BO,B-ZB-UN,B-ZE-UN,B-ZB-BR,B-ZB-BR,B-ZB-BR,S-ZO-BO,B-ZD-BR,B-ZF-BR,B-ZB-BR,S-ZB-BR,S-ZG-BR,S-ZG-BR,S-ZB-BR,S-ZE-BR,B-ZD-BO,B-ZF-BR,B-ZE-BR,S-ZD-BO,B-ZD-BR
241,,USDCAD,60,86400,SELL,ZB,1,1.39006,1.38236,770.0,1.38606,1.38044,562.0,72.987,0.00,370.0,181.7,1.38606,1.38236,1.37674,BREAK,2026.04.14 11:00,0,,0,,0,,0,NA,London,BREAK,2026.04.16 17:00,BREAK,2026.04.17 12:00,1.39376,UNTOUCHED,,0,,0,,0,,0,NA,Other,NA,,NA,,1.37866,BREAK,2026.04.13 23:00,0,,0,,0,,0,NA,Other,BREAK,2026.04.14 17:00,BREAK,2026.04.17 07:00,1.38976,UNTOUCHED,,0,,0,,0,,0,NA,Other,NA,,NA,,S-ZD-BO,S-ZD-BO,B-ZB-UN,B-ZE-UN,B-ZB-BR,B-ZB-BR,B-ZB-BR,S-ZO-BO,B-ZD-BR,B-ZF-BR,S-ZG-BR,S-ZG-BR,S-ZB-BR,S-ZE-BR,B-ZD-BO,B-ZF-BR,B-ZE-BR,S-ZD-BO,B-ZD-BR,B-ZB-BR
242,,USDCAD,60,86400,SELL,ZG,0,1.38606,1.38044,562.0,1.38440,1.37991,449.0,79.893,0.00,396.0,132.6,1.38440,1.38044,1.37595,BREAK,2026.04.14 14:00,0,,0,,0,,0,NA,NewYork,BREAK,2026.04.16 19:00,BREAK,2026.04.17 16:00,1.39002,UNTOUCHED,,0,,0,,0,,0,NA,Other,NA,,NA,,1.37648,BREAK,2026.04.14 11:00,0,,0,,0,,0,NA,London,BREAK,2026.04.16 17:00,BREAK,2026.04.17 12:00,1.38836,UNTOUCHED,,0,,0,,0,,0,NA,Other,NA,,NA,,S-ZB-BR,S-ZD-BO,S-ZD-BO,B-ZB-UN,B-ZE-UN,B-ZB-BR,B-ZB-BR,B-ZB-BR,S-ZO-BO,B-ZD-BR,S-ZG-BR,S-ZB-BR,S-ZE-BR,B-ZD-BO,B-ZF-BR,B-ZE-BR,S-ZD-BO,B-ZD-BR,B-ZB-BR,B-ZD-BO
243,,USDCAD,60,86400,SELL,ZG,0,1.37939,1.37309,630.0,1.37884,1.37265,619.0,98.254,0.00,575.0,148.7,1.37884,1.37309,1.36690,BREAK,2026.04.17 16:00,0,,0,,0,,0,NA,NewYork,BOUNCE,2026.04.28 15:00,NA,,1.38514,UNTOUCHED,,0,,0,,0,,0,NA,Other,NA,,NA,,1.36734,BREAK,2026.04.17 12:00,0,,0,,0,,0,NA,London,BREAK,2026.04.27 16:00,BOUNCE,2026.05.04 14:00,1.38459,UNTOUCHED,,0,,0,,0,,0,NA,Other,NA,,NA,,S-ZG-BR,S-ZB-BR,S-ZD-BO,S-ZD-BO,B-ZB-UN,B-ZE-UN,B-ZB-BR,B-ZB-BR,B-ZB-BR,S-ZO-BO,S-ZB-BR,S-ZE-BR,B-ZD-BO,B-ZF-BR,B-ZE-BR,S-ZD-BO,B-ZD-BR,B-ZB-BR,B-ZD-BO,B-ZB-BR
244,,USDCAD,60,86400,SELL,ZB,1,1.37884,1.37265,619.0,1.37426,1.36953,473.0,76.414,0.00,161.0,146.1,1.37426,1.37265,1.36792,BREAK,2026.04.17 10:00,0,,0,,0,,0,NA,London,BOUNCE,2026.04.17 21:00,NA,,1.38045,BREAK,2026.05.22 16:00,0,,0,,0,,0,NA,NewYork,BOUNCE,2026.05.22 22:00,NA,,1.37104,BREAK,2026.04.17 00:00,0,,0,,0,,0,NA,Asia,BREAK,2026.04.17 10:00,BREAK,2026.04.17 16:00,1.37587,BOUNCE,2026.05.15 16:00,0,,0,,0,,0,NA,NewYork,NA,,NA,,S-ZG-BR,S-ZG-BR,S-ZB-BR,S-ZD-BO,S-ZD-BO,B-ZB-UN,B-ZE-UN,B-ZB-BR,B-ZB-BR,B-ZB-BR,S-ZE-BR,B-ZD-BO,B-ZF-BR,B-ZE-BR,S-ZD-BO,B-ZD-BR,B-ZB-BR,B-ZD-BO,B-ZB-BR,B-ZB-BO
245,,USDCAD,60,86400,SELL,ZE,1,1.37094,1.36349,745.0,1.36769,1.36310,459.0,61.611,0.00,420.0,175.8,1.36769,1.36349,1.35890,BREAK,2026.04.30 22:00,0,,0,,0,,0,NA,Other,UNTOUCHED,,NA,,1.37514,BREAK,2026.05.15 09:00,0,,0,,0,,0,NA,London,BREAK,2026.05.22 18:00,BREAK,2026.05.28 05:00,1.35929,BREAK,2026.04.30 22:00,0,,0,,0,,0,NA,Other,BOUNCE,2026.05.01 22:00,NA,,1.37189,BREAK,2026.05.12 17:00,0,,0,,0,,0,NA,NewYork,BREAK,2026.05.20 13:00,BREAK,2026.05.22 19:00,S-ZB-BR,S-ZG-BR,S-ZG-BR,S-ZB-BR,S-ZD-BO,S-ZD-BO,B-ZB-UN,B-ZE-UN,B-ZB-BR,B-ZB-BR,B-ZD-BO,B-ZF-BR,B-ZE-BR,S-ZD-BO,B-ZD-BR,B-ZB-BR,B-ZD-BO,B-ZB-BR,B-ZB-BO,B-ZF-BR
246,,USDCAD,60,86400,BUY,ZD,1,1.36737,1.36433,304.0,1.37142,1.36588,554.0,182.237,0.00,149.0,71.7,1.36737,1.36588,1.37291,BOUNCE,2026.05.14 18:00,0,,0,,0,,0,NA,NewYork,NA,,NA,,1.36284,BREAK,2026.04.27 12:00,0,,0,,0,,0,NA,London,BREAK,2026.04.27 14:00,BOUNCE,2026.04.27 18:00,1.36886,BREAK,2026.04.24 00:00,0,,0,,0,,0,NA,Asia,BOUNCE,2026.04.24 01:00,NA,,1.36439,BREAK,2026.04.27 11:00,0,,0,,0,,0,NA,London,BREAK,2026.04.27 12:00,BREAK,2026.04.27 14:00,S-ZE-BR,S-ZB-BR,S-ZG-BR,S-ZG-BR,S-ZB-BR,S-ZD-BO,S-ZD-BO,B-ZB-UN,B-ZE-UN,B-ZB-BR,B-ZF-BR,B-ZE-BR,S-ZD-BO,B-ZD-BR,B-ZB-BR,B-ZD-BO,B-ZB-BR,B-ZB-BO,B-ZF-BR,B-ZO-BR
247,,USDCAD,60,86400,BUY,ZF,0,1.36825,1.35975,850.0,1.36916,1.36126,790.0,92.941,0.00,699.0,200.6,1.36825,1.36126,1.37615,BREAK,2026.05.15 17:00,0,,0,,0,,0,NA,NewYork,BREAK,2026.05.27 18:00,BREAK,2026.06.04 11:00,1.35276,UNTOUCHED,,0,,0,,0,,0,NA,Other,NA,,NA,,1.37524,BREAK,2026.05.15 09:00,0,,0,,0,,0,NA,London,BREAK,2026.05.27 18:00,BREAK,2026.06.04 10:00,1.35427,UNTOUCHED,,0,,0,,0,,0,NA,Other,NA,,NA,,B-ZD-BO,S-ZE-BR,S-ZB-BR,S-ZG-BR,S-ZG-BR,S-ZB-BR,S-ZD-BO,S-ZD-BO,B-ZB-UN,B-ZE-UN,B-ZE-BR,S-ZD-BO,B-ZD-BR,B-ZB-BR,B-ZD-BO,B-ZB-BR,B-ZB-BO,B-ZF-BR,B-ZO-BR,B-ZB-BO
248,,USDCAD,60,86400,BUY,ZE,1,1.36916,1.36126,790.0,1.37107,1.36672,435.0,55.063,0.00,244.0,186.4,1.36916,1.36672,1.37351,BREAK,2026.05.14 19:00,0,,0,,0,,0,NA,NewYork,BOUNCE,2026.05.15 20:00,NA,,1.35882,BREAK,2026.04.30 22:00,0,,0,,0,,0,NA,Other,BOUNCE,2026.05.01 21:00,NA,,1.37160,BOUNCE,2026.05.12 17:00,0,,0,,0,,0,NA,NewYork,NA,,NA,,1.36428,BREAK,2026.04.30 18:00,0,,0,,0,,0,NA,NewYork,BREAK,2026.04.30 22:00,BREAK,2026.05.01 04:00,B-ZF-BR,B-ZD-BO,S-ZE-BR,S-ZB-BR,S-ZG-BR,S-ZG-BR,S-ZB-BR,S-ZD-BO,S-ZD-BO,B-ZB-UN,S-ZD-BO,B-ZD-BR,B-ZB-BR,B-ZD-BO,B-ZB-BR,B-ZB-BO,B-ZF-BR,B-ZO-BR,B-ZB-BO,S-ZH-BR
249,,USDCAD,60,86400,SELL,ZD,1,1.37107,1.36672,435.0,1.36889,1.35805,1084.0,249.195,0.00,217.0,102.7,1.36889,1.36672,1.35588,BOUNCE,2026.05.01 16:00,1,2026.05.04 11:00,1,2026.05.12 13:00,1,2026.05.14 19:00,3,1w 6d,NewYork,NA,,NA,,1.37324,BREAK,2026.05.14 19:00,0,,0,,0,,0,NA,NewYork,BREAK,2026.05.15 17:00,BOUNCE,2026.05.20 15:00,1.36455,BREAK,2026.05.01 00:00,0,,0,,0,,0,NA,Asia,BREAK,2026.05.01 01:00,BREAK,2026.05.01 02:00,1.37106,BREAK,2026.05.12 13:00,0,,0,,0,,0,NA,NewYork,BREAK,2026.05.15 05:00,BREAK,2026.05.15 17:00,B-ZE-BR,B-ZF-BR,B-ZD-BO,S-ZE-BR,S-ZB-BR,S-ZG-BR,S-ZG-BR,S-ZB-BR,S-ZD-BO,S-ZD-BO,B-ZD-BR,B-ZB-BR,B-ZD-BO,B-ZB-BR,B-ZB-BO,B-ZF-BR,B-ZO-BR,B-ZB-BO,S-ZH-BR,B-ZF-BR
250,,USDCAD,60,86400,BUY,ZD,1,1.36194,1.35771,423.0,1.36301,1.36041,260.0,61.466,0.00,153.0,99.8,1.36194,1.36041,1.36454,BREAK,2026.05.07 23:00,0,,0,,0,,0,NA,Other,BOUNCE,2026.05.08 13:00,NA,,1.35618,UNTOUCHED,,0,,0,,0,,0,NA,Other,NA,,NA,,1.36347,BOUNCE,2026.05.06 20:00,0,,0,,0,,0,NA,NewYork,NA,,NA,,1.35888,BREAK,2026.05.06 08:00,0,,0,,0,,0,NA,London,UNTOUCHED,,NA,,S-ZD-BO,B-ZE-BR,B-ZF-BR,B-ZD-BO,S-ZE-BR,S-ZB-BR,S-ZG-BR,S-ZG-BR,S-ZB-BR,S-ZD-BO,B-ZB-BR,B-ZD-BO,B-ZB-BR,B-ZB-BO,B-ZF-BR,B-ZO-BR,B-ZB-BO,S-ZH-BR,B-ZF-BR,S-ZE-PE
251,,USDCAD,60,86400,BUY,ZB,1,1.36414,1.35779,635.0,1.36537,1.36185,352.0,55.433,0.00,229.0,149.9,1.36414,1.36185,1.36766,BREAK,2026.05.08 16:00,0,,0,,0,,0,NA,NewYork,BOUNCE,2026.05.08 23:00,NA,,1.35550,UNTOUCHED,,0,,0,,0,,0,NA,Other,NA,,NA,,1.36643,BREAK,2026.05.08 00:00,0,,0,,0,,0,NA,Asia,BREAK,2026.05.08 17:00,BOUNCE,2026.05.13 01:00,1.35956,UNTOUCHED,,0,,0,,0,,0,NA,Other,NA,,NA,,B-ZD-BR,S-ZD-BO,B-ZE-BR,B-ZF-BR,B-ZD-BO,S-ZE-BR,S-ZB-BR,S-ZG-BR,S-ZG-BR,S-ZB-BR,B-ZD-BO,B-ZB-BR,B-ZB-BO,B-ZF-BR,B-ZO-BR,B-ZB-BO,S-ZH-BR,B-ZF-BR,S-ZE-PE,B-ZE-BR
252,,USDCAD,60,86400,BUY,ZD,1,1.36537,1.36185,352.0,1.37100,1.36426,674.0,191.477,0.00,111.0,83.1,1.36537,1.36426,1.37211,BOUNCE,2026.05.12 19:00,1,2026.05.12 23:00,0,,0,,1,4h,NewYork,NA,,NA,,1.36074,UNTOUCHED,,0,,0,,0,,0,NA,Other,NA,,NA,,1.36648,BREAK,2026.05.09 00:00,0,,0,,0,,0,NA,Asia,BREAK,2026.05.11 01:00,BOUNCE,2026.05.11 11:00,1.36315,UNTOUCHED,,0,,0,,0,,0,NA,Other,NA,,NA,,B-ZB-BR,B-ZD-BR,S-ZD-BO,B-ZE-BR,B-ZF-BR,B-ZD-BO,S-ZE-BR,S-ZB-BR,S-ZG-BR,S-ZG-BR,B-ZB-BR,B-ZB-BO,B-ZF-BR,B-ZO-BR,B-ZB-BO,S-ZH-BR,B-ZF-BR,S-ZE-PE,B-ZE-BR,B-ZF-BR
253,,USDCAD,60,86400,BUY,ZB,1,1.36946,1.36482,464.0,1.37243,1.36688,555.0,119.612,0.00,258.0,109.5,1.36946,1.36688,1.37501,BREAK,2026.05.15 09:00,0,,0,,0,,0,NA,London,BOUNCE,2026.05.20 18:00,NA,,1.36224,UNTOUCHED,,0,,0,,0,,0,NA,Other,NA,,NA,,1.37204,BREAK,2026.05.14 15:00,0,,0,,0,,0,NA,NewYork,BREAK,2026.05.15 09:00,BOUNCE,2026.05.19 23:00,1.36430,UNTOUCHED,,0,,0,,0,,0,NA,Other,NA,,NA,,B-ZD-BO,B-ZB-BR,B-ZD-BR,S-ZD-BO,B-ZE-BR,B-ZF-BR,B-ZD-BO,S-ZE-BR,S-ZB-BR,S-ZG-BR,B-ZB-BO,B-ZF-BR,B-ZO-BR,B-ZB-BO,S-ZH-BR,B-ZF-BR,S-ZE-PE,B-ZE-BR,B-ZF-BR,B-ZD-BO
254,,USDCAD,60,86400,BUY,ZB,1,1.37186,1.36840,346.0,1.37377,1.36986,391.0,113.006,0.00,200.0,81.7,1.37186,1.36986,1.37577,BOUNCE,2026.05.15 13:00,0,,0,,0,,0,NA,NewYork,NA,,NA,,1.36640,PENDING,,0,,0,,0,,0,NA,Other,NA,,NA,,1.37386,BREAK,2026.05.15 05:00,0,,0,,0,,0,NA,Asia,BREAK,2026.05.15 17:00,BREAK,2026.05.21 17:00,1.36786,PENDING,,0,,0,,0,,0,NA,Other,NA,,NA,,B-ZB-BR,B-ZD-BO,B-ZB-BR,B-ZD-BR,S-ZD-BO,B-ZE-BR,B-ZF-BR,B-ZD-BO,S-ZE-BR,S-ZB-BR,B-ZF-BR,B-ZO-BR,B-ZB-BO,S-ZH-BR,B-ZF-BR,S-ZE-PE,B-ZE-BR,B-ZF-BR,B-ZD-BO,S-ZG-PE
255,,USDCAD,60,86400,BUY,ZF,1,1.37377,1.36986,391.0,1.37671,1.37125,546.0,139.642,0.00,252.0,92.3,1.37377,1.37125,1.37923,BREAK,2026.05.21 18:00,0,,0,,0,,0,NA,NewYork,BREAK,2026.05.27 11:00,BREAK,2026.05.27 18:00,1.36734,PENDING,,0,,0,,0,,0,NA,Other,NA,,NA,,1.37629,BOUNCE,2026.05.18 03:00,0,,0,,0,,0,NA,Asia,NA,,NA,,1.36873,PENDING,,0,,0,,0,,0,NA,Other,NA,,NA,,B-ZB-BO,B-ZB-BR,B-ZD-BO,B-ZB-BR,B-ZD-BR,S-ZD-BO,B-ZE-BR,B-ZF-BR,B-ZD-BO,S-ZE-BR,B-ZO-BR,B-ZB-BO,S-ZH-BR,B-ZF-BR,S-ZE-PE,B-ZE-BR,B-ZF-BR,B-ZD-BO,S-ZG-PE,B-ZB-BR
256,,USDCAD,60,86400,BUY,ZO,0,1.37740,1.37275,465.0,1.37785,1.37307,478.0,102.796,0.00,433.0,109.7,1.37740,1.37307,1.38218,BREAK,2026.05.22 19:00,0,,0,,0,,0,NA,NewYork,BOUNCE,2026.05.28 18:00,NA,,1.36842,PENDING,,0,,0,,0,,0,NA,Other,NA,,NA,,1.38173,BREAK,2026.05.22 18:00,0,,0,,0,,0,NA,NewYork,BOUNCE,2026.05.28 18:00,NA,,1.36874,PENDING,,0,,0,,0,,0,NA,Other,NA,,NA,,B-ZF-BR,B-ZB-BO,B-ZB-BR,B-ZD-BO,B-ZB-BR,B-ZD-BR,S-ZD-BO,B-ZE-BR,B-ZF-BR,B-ZD-BO,B-ZB-BO,S-ZH-BR,B-ZF-BR,S-ZE-PE,B-ZE-BR,B-ZF-BR,B-ZD-BO,S-ZG-PE,B-ZB-BR,B-ZB-BR
257,,USDCAD,60,86400,BUY,ZB,1,1.38000,1.37210,790.0,1.38223,1.37681,542.0,68.608,0.00,319.0,186.4,1.38000,1.37681,1.38542,BOUNCE,2026.05.28 05:00,1,2026.05.28 20:00,0,,0,,1,15h,Asia,NA,,NA,,1.36891,PENDING,,0,,0,,0,,0,NA,Other,NA,,NA,,1.38319,BREAK,2026.05.27 14:00,0,,0,,0,,0,NA,NewYork,BOUNCE,2026.05.28 18:00,NA,,1.37362,PENDING,,0,,0,,0,,0,NA,Other,NA,,NA,,B-ZO-BR,B-ZF-BR,B-ZB-BO,B-ZB-BR,B-ZD-BO,B-ZB-BR,B-ZD-BR,S-ZD-BO,B-ZE-BR,B-ZF-BR,S-ZH-BR,B-ZF-BR,S-ZE-PE,B-ZE-BR,B-ZF-BR,B-ZD-BO,S-ZG-PE,B-ZB-BR,B-ZB-BR,B-ZF-BR
258,,USDCAD,60,86400,SELL,ZH,1,1.38238,1.38112,126.0,1.38205,1.37933,272.0,215.873,0.00,93.0,29.7,1.38205,1.38112,1.37840,BREAK,2026.05.28 21:00,0,,0,,0,,0,NA,Other,BOUNCE,2026.05.28 23:00,NA,,1.38331,BREAK,2026.05.27 14:00,0,,0,,0,,0,NA,NewYork,BREAK,2026.05.27 18:00,BREAK,2026.05.28 06:00,1.38019,BREAK,2026.05.26 00:00,0,,0,,0,,0,NA,Asia,BREAK,2026.05.28 20:00,BREAK,2026.05.28 22:00,1.38298,BREAK,2026.05.27 14:00,0,,0,,0,,0,NA,NewYork,BOUNCE,2026.05.27 16:00,NA,,B-ZB-BO,B-ZO-BR,B-ZF-BR,B-ZB-BO,B-ZB-BR,B-ZD-BO,B-ZB-BR,B-ZD-BR,S-ZD-BO,B-ZE-BR,B-ZF-BR,S-ZE-PE,B-ZE-BR,B-ZF-BR,B-ZD-BO,S-ZG-PE,B-ZB-BR,B-ZB-BR,B-ZF-BR,S-ZD-BR
259,,USDCAD,60,86400,BUY,ZF,1,1.38214,1.37926,288.0,1.38521,1.38002,519.0,180.208,0.00,212.0,68.0,1.38214,1.38002,1.38733,BREAK,2026.06.03 17:00,0,,0,,0,,0,NA,NewYork,BREAK,2026.06.04 06:00,BREAK,2026.06.04 11:00,1.37714,BOUNCE,2026.05.29 01:00,1,2026.05.29 15:00,1,2026.06.01 17:00,1,2026.06.03 17:00,3,5d 16h,Asia,NA,,NA,,1.38426,BREAK,2026.05.28 03:00,0,,0,,0,,0,NA,Asia,BOUNCE,2026.05.28 16:00,NA,,1.37790,BREAK,2026.05.28 23:00,0,,0,,0,,0,NA,Other,PENDING,,NA,,S-ZH-BR,B-ZB-BO,B-ZO-BR,B-ZF-BR,B-ZB-BO,B-ZB-BR,B-ZD-BO,B-ZB-BR,B-ZD-BR,S-ZD-BO,S-ZE-PE,B-ZE-BR,B-ZF-BR,B-ZD-BO,S-ZG-PE,B-ZB-BR,B-ZB-BR,B-ZF-BR,S-ZD-BR,S-ZF-BR
260,,USDCAD,60,86400,SELL,ZE,1,1.38699,1.37738,961.0,1.38293,1.37703,590.0,61.394,0.00,555.0,226.8,1.38293,1.37738,1.37148,PENDING,,0,,0,,0,,0,NA,Other,NA,,NA,,1.39254,BREAK,2026.06.05 19:00,0,,0,,0,,0,NA,NewYork,BREAK,2026.06.11 18:00,BREAK,2026.06.17 22:00,1.37183,PENDING,,0,,0,,0,,0,NA,Other,NA,,NA,,1.38848,BREAK,2026.06.03 19:00,0,,0,,0,,0,NA,NewYork,BREAK,2026.06.09 19:00,BREAK,2026.06.11 18:00,B-ZF-BR,S-ZH-BR,B-ZB-BO,B-ZO-BR,B-ZF-BR,B-ZB-BO,B-ZB-BR,B-ZD-BO,B-ZB-BR,B-ZD-BR,B-ZE-BR,B-ZF-BR,B-ZD-BO,S-ZG-PE,B-ZB-BR,B-ZB-BR,B-ZF-BR,S-ZD-BR,S-ZF-BR,S-ZH-BR
261,,USDCAD,60,86400,BUY,ZE,1,1.38493,1.37891,602.0,1.38541,1.38149,392.0,65.116,0.00,344.0,142.1,1.38493,1.38149,1.38885,BREAK,2026.06.03 19:00,0,,0,,0,,0,NA,NewYork,BOUNCE,2026.06.04 16:00,NA,,1.37547,PENDING,,0,,0,,0,,0,NA,Other,NA,,NA,,1.38837,BREAK,2026.06.03 19:00,0,,0,,0,,0,NA,NewYork,BOUNCE,2026.06.04 17:00,NA,,1.37805,PENDING,,0,,0,,0,,0,NA,Other,NA,,NA,,S-ZE-PE,B-ZF-BR,S-ZH-BR,B-ZB-BO,B-ZO-BR,B-ZF-BR,B-ZB-BO,B-ZB-BR,B-ZD-BO,B-ZB-BR,B-ZF-BR,B-ZD-BO,S-ZG-PE,B-ZB-BR,B-ZB-BR,B-ZF-BR,S-ZD-BR,S-ZF-BR,S-ZH-BR,S-ZB-UN
262,,USDCAD,60,86400,BUY,ZF,1,1.38541,1.38149,392.0,1.38995,1.38245,750.0,191.327,0.00,296.0,92.5,1.38541,1.38245,1.39291,BREAK,2026.06.05 19:00,0,,0,,0,,0,NA,NewYork,BOUNCE,2026.06.09 15:00,NA,,1.37853,PENDING,,0,,0,,0,,0,NA,Other,NA,,NA,,1.38837,BREAK,2026.06.04 00:00,0,,0,,0,,0,NA,Asia,BREAK,2026.06.04 11:00,BREAK,2026.06.08 12:00,1.37949,PENDING,,0,,0,,0,,0,NA,Other,NA,,NA,,B-ZE-BR,S-ZE-PE,B-ZF-BR,S-ZH-BR,B-ZB-BO,B-ZO-BR,B-ZF-BR,B-ZB-BO,B-ZB-BR,B-ZD-BO,B-ZD-BO,S-ZG-PE,B-ZB-BR,B-ZB-BR,B-ZF-BR,S-ZD-BR,S-ZF-BR,S-ZH-BR,S-ZB-UN,B-ZC-BR
263,,USDCAD,60,86400,BUY,ZD,1,1.38995,1.38245,750.0,1.39251,1.38809,442.0,58.933,0.00,186.0,177.0,1.38995,1.38809,1.39437,BOUNCE,2026.06.05 20:00,1,2026.06.10 17:00,0,,0,,1,4d 21h,NewYork,NA,,NA,,1.38059,PENDING,,0,,0,,0,,0,NA,Other,NA,,NA,,1.39181,BOUNCE,2026.06.05 18:00,0,,0,,0,,0,NA,NewYork,NA,,NA,,1.38623,PENDING,,0,,0,,0,,0,NA,Other,NA,,NA,,B-ZF-BR,B-ZE-BR,S-ZE-PE,B-ZF-BR,S-ZH-BR,B-ZB-BO,B-ZO-BR,B-ZF-BR,B-ZB-BO,B-ZB-BR,S-ZG-PE,B-ZB-BR,B-ZB-BR,B-ZF-BR,S-ZD-BR,S-ZF-BR,S-ZH-BR,S-ZB-UN,B-ZC-BR,B-ZF-BO
264,,USDCAD,60,86400,SELL,ZG,0,1.39692,1.39188,504.0,1.39572,1.38989,583.0,115.675,0.00,384.0,118.9,1.39572,1.39188,1.38605,PENDING,,0,,0,,0,,0,NA,Other,NA,,NA,,1.40076,BREAK,2026.06.11 18:00,0,,0,,0,,0,NA,NewYork,BREAK,2026.06.17 22:00,BREAK,2026.06.17 23:00,1.38804,PENDING,,0,,0,,0,,0,NA,Other,NA,,NA,,1.39956,BREAK,2026.06.11 17:00,0,,0,,0,,0,NA,NewYork,BREAK,2026.06.17 22:00,BREAK,2026.06.17 23:00,B-ZD-BO,B-ZF-BR,B-ZE-BR,S-ZE-PE,B-ZF-BR,S-ZH-BR,B-ZB-BO,B-ZO-BR,B-ZF-BR,B-ZB-BO,B-ZB-BR,B-ZB-BR,B-ZF-BR,S-ZD-BR,S-ZF-BR,S-ZH-BR,S-ZB-UN,B-ZC-BR,B-ZF-BO,B-ZF-BR
265,,USDCAD,60,86400,BUY,ZB,1,1.39572,1.38989,583.0,1.40239,1.39315,924.0,158.491,0.00,257.0,137.6,1.39572,1.39315,1.40496,BREAK,2026.06.17 22:00,0,,0,,0,,0,NA,Other,BREAK,2026.06.17 23:00,BREAK,2026.06.18 00:00,1.38732,PENDING,,0,,0,,0,,0,NA,Other,NA,,NA,,1.39829,BOUNCE,2026.06.12 09:00,0,,0,,0,,0,NA,London,NA,,NA,,1.39058,PENDING,,0,,0,,0,,0,NA,Other,NA,,NA,,S-ZG-PE,B-ZD-BO,B-ZF-BR,B-ZE-BR,S-ZE-PE,B-ZF-BR,S-ZH-BR,B-ZB-BO,B-ZO-BR,B-ZF-BR,B-ZB-BR,B-ZF-BR,S-ZD-BR,S-ZF-BR,S-ZH-BR,S-ZB-UN,B-ZC-BR,B-ZF-BO,B-ZF-BR,B-ZG-BO
266,,USDCAD,60,86400,BUY,ZB,1,1.39942,1.39504,438.0,1.40186,1.39783,403.0,92.009,0.00,159.0,103.4,1.39942,1.39783,1.40345,BREAK,2026.06.17 20:00,0,,0,,0,,0,NA,NewYork,BREAK,2026.06.17 23:00,BREAK,2026.06.18 00:00,1.39345,PENDING,,0,,0,,0,,0,NA,Other,NA,,NA,,1.40101,BREAK,2026.06.17 14:00,0,,0,,0,,0,NA,NewYork,BREAK,2026.06.17 20:00,BREAK,2026.06.17 22:00,1.39624,PENDING,,0,,0,,0,,0,NA,Other,NA,,NA,,B-ZB-BR,S-ZG-PE,B-ZD-BO,B-ZF-BR,B-ZE-BR,S-ZE-PE,B-ZF-BR,S-ZH-BR,B-ZB-BO,B-ZO-BR,B-ZF-BR,S-ZD-BR,S-ZF-BR,S-ZH-BR,S-ZB-UN,B-ZC-BR,B-ZF-BO,B-ZF-BR,B-ZG-BO,S-ZB-UN
267,,USDCAD,60,86400,BUY,ZF,1,1.40186,1.39783,403.0,1.41230,1.39877,1353.0,335.732,0.00,309.0,95.1,1.40186,1.39877,1.41539,BREAK,2026.06.19 08:00,0,,0,,0,,0,NA,London,BREAK,2026.06.23 17:00,PENDING,,1.39474,PENDING,,0,,0,,0,,0,NA,Other,NA,,NA,,1.40495,BREAK,2026.06.18 00:00,0,,0,,0,,0,NA,Asia,BREAK,2026.06.18 01:00,BREAK,2026.06.18 12:00,1.39568,PENDING,,0,,0,,0,,0,NA,Other,NA,,NA,,B-ZB-BR,B-ZB-BR,S-ZG-PE,B-ZD-BO,B-ZF-BR,B-ZE-BR,S-ZE-PE,B-ZF-BR,S-ZH-BR,B-ZB-BO,S-ZD-BR,S-ZF-BR,S-ZH-BR,S-ZB-UN,B-ZC-BR,B-ZF-BO,B-ZF-BR,B-ZG-BO,S-ZB-UN,B-ZB-BR
268,,USDCAD,60,86400,SELL,ZD,1,1.39465,1.38092,1373.0,1.38556,1.37567,989.0,72.032,0.00,464.0,324.0,1.38556,1.38092,1.37103,BREAK,2024.08.13 22:00,0,,0,,0,,0,NA,Other,BREAK,2024.08.19 22:00,BREAK,2024.08.21 19:00,1.39929,UNTOUCHED,,0,,0,,0,,0,NA,Other,NA,,NA,,1.37628,BREAK,2024.08.07 12:00,0,,0,,0,,0,NA,London,BREAK,2024.08.16 23:00,BREAK,2024.08.19 18:00,1.39020,UNTOUCHED,,0,,0,,0,,0,NA,Other,NA,,NA,,B-ZF-BR,B-ZB-BR,B-ZB-BR,S-ZG-PE,B-ZD-BO,B-ZF-BR,B-ZE-BR,S-ZE-PE,B-ZF-BR,S-ZH-BR,S-ZF-BR,S-ZH-BR,S-ZB-UN,B-ZC-BR,B-ZF-BO,B-ZF-BR,B-ZG-BO,S-ZB-UN,B-ZB-BR,B-ZC-BR
269,,USDCAD,60,86400,SELL,ZF,0,1.37477,1.37177,300.0,1.37471,1.37070,401.0,133.667,0.00,294.0,70.8,1.37471,1.37177,1.36776,BREAK,2024.08.17 00:00,0,,0,,0,,0,NA,Asia,BREAK,2024.08.19 18:00,BREAK,2024.08.20 14:00,1.37771,UNTOUCHED,,0,,0,,0,,0,NA,Other,NA,,NA,,1.36883,BREAK,2024.08.16 22:00,0,,0,,0,,0,NA,Other,BREAK,2024.08.19 18:00,BREAK,2024.08.20 11:00,1.37765,UNTOUCHED,,0,,0,,0,,0,NA,Other,NA,,NA,,S-ZD-BR,B-ZF-BR,B-ZB-BR,B-ZB-BR,S-ZG-PE,B-ZD-BO,B-ZF-BR,B-ZE-BR,S-ZE-PE,B-ZF-BR,S-ZH-BR,S-ZB-UN,B-ZC-BR,B-ZF-BO,B-ZF-BR,B-ZG-BO,S-ZB-UN,B-ZB-BR,B-ZC-BR,S-ZB-UN
270,,USDCAD,60,86400,SELL,ZH,1,1.36866,1.36768,98.0,1.36848,1.36296,552.0,563.265,0.00,80.0,23.1,1.36848,1.36768,1.36216,BREAK,2024.08.20 11:00,0,,0,,0,,0,NA,London,BREAK,2024.08.20 14:00,BOUNCE,2024.08.20 16:00,1.36946,UNTOUCHED,,0,,0,,0,,0,NA,Other,NA,,NA,,1.36688,BREAK,2024.08.20 00:00,0,,0,,0,,0,NA,Asia,BREAK,2024.08.20 01:00,BREAK,2024.08.20 02:00,1.36928,UNTOUCHED,,0,,0,,0,,0,NA,Other,NA,,NA,,S-ZF-BR,S-ZD-BR,B-ZF-BR,B-ZB-BR,B-ZB-BR,S-ZG-PE,B-ZD-BO,B-ZF-BR,B-ZE-BR,S-ZE-PE,S-ZB-UN,B-ZC-BR,B-ZF-BO,B-ZF-BR,B-ZG-BO,S-ZB-UN,B-ZB-BR,B-ZC-BR,S-ZB-UN,B-ZG-BR
271,,USDCAD,60,86400,SELL,ZB,1,1.35154,1.34630,524.0,1.34896,1.34442,454.0,86.641,0.00,266.0,123.7,1.34896,1.34630,1.34176,UNTOUCHED,,0,,0,,0,,0,NA,Other,NA,,NA,,1.35420,BREAK,2024.09.03 14:00,0,,0,,0,,0,NA,NewYork,BOUNCE,2024.09.06 19:00,NA,,1.34364,BOUNCE,2024.08.28 01:00,1,2024.09.03 07:00,1,2024.09.03 14:00,0,,2,6d 13h,Asia,NA,,NA,,1.35162,BREAK,2024.09.03 07:00,0,,0,,0,,0,NA,London,BREAK,2024.09.03 18:00,BOUNCE,2024.09.06 19:00,S-ZH-BR,S-ZF-BR,S-ZD-BR,B-ZF-BR,B-ZB-BR,B-ZB-BR,S-ZG-PE,B-ZD-BO,B-ZF-BR,B-ZE-BR,B-ZC-BR,B-ZF-BO,B-ZF-BR,B-ZG-BO,S-ZB-UN,B-ZB-BR,B-ZC-BR,S-ZB-UN,B-ZG-BR,S-ZD-BO
272,,USDCAD,60,86400,BUY,ZC,1,1.34938,1.34752,186.0,1.35053,1.34829,224.0,120.430,0.00,109.0,43.9,1.34938,1.34829,1.35162,BREAK,2024.09.03 07:00,0,,0,,0,,0,NA,London,BOUNCE,2024.09.03 10:00,NA,,1.34643,BREAK,2024.09.24 20:00,0,,0,,0,,0,NA,NewYork,BREAK,2024.09.24 21:00,BREAK,2024.09.24 23:00,1.35047,BREAK,2024.09.03 05:00,0,,0,,0,,0,NA,Asia,BREAK,2024.09.03 07:00,BOUNCE,2024.09.03 10:00,1.34720,BREAK,2024.09.06 16:00,0,,0,,0,,0,NA,NewYork,BREAK,2024.09.24 20:00,BREAK,2024.09.24 21:00,S-ZB-UN,S-ZH-BR,S-ZF-BR,S-ZD-BR,B-ZF-BR,B-ZB-BR,B-ZB-BR,S-ZG-PE,B-ZD-BO,B-ZF-BR,B-ZF-BO,B-ZF-BR,B-ZG-BO,S-ZB-UN,B-ZB-BR,B-ZC-BR,S-ZB-UN,B-ZG-BR,S-ZD-BO,B-ZB-BR
273,,USDCAD,60,86400,BUY,ZF,1,1.35053,1.34829,224.0,1.35623,1.34857,766.0,341.964,0.00,196.0,52.9,1.35053,1.34857,1.35819,BOUNCE,2024.09.06 20:00,1,2024.09.18 22:00,1,2024.09.24 19:00,1,2024.09.24 20:00,3,2w 4d,NewYork,NA,,NA,,1.34633,BREAK,2024.09.24 20:00,0,,0,,0,,0,NA,NewYork,BREAK,2024.09.24 23:00,BOUNCE,2024.09.25 16:00,1.35249,BREAK,2024.09.04 00:00,0,,0,,0,,0,NA,Asia,BREAK,2024.09.04 01:00,BOUNCE,2024.09.04 17:00,1.34661,BOUNCE,2024.09.06 16:00,1,2024.09.06 18:00,1,2024.09.06 18:00,0,,2,2h,NewYork,NA,,NA,,B-ZC-BR,S-ZB-UN,S-ZH-BR,S-ZF-BR,S-ZD-BR,B-ZF-BR,B-ZB-BR,B-ZB-BR,S-ZG-PE,B-ZD-BO,B-ZF-BR,B-ZG-BO,S-ZB-UN,B-ZB-BR,B-ZC-BR,S-ZB-UN,B-ZG-BR,S-ZD-BO,B-ZB-BR,B-ZF-BR
274,,USDCAD,60,86400,BUY,ZF,1,1.35768,1.35463,305.0,1.36154,1.35530,624.0,204.590,0.00,238.0,72.0,1.35768,1.35530,1.36392,BREAK,2024.09.19 05:00,0,,0,,0,,0,NA,Asia,BREAK,2024.10.08 18:00,BREAK,2024.10.09 18:00,1.35225,BREAK,2024.09.23 17:00,0,,0,,0,,0,NA,NewYork,BREAK,2024.09.23 19:00,BREAK,2024.09.24 19:00,1.36006,BREAK,2024.09.11 00:00,0,,0,,0,,0,NA,Asia,BREAK,2024.09.19 04:00,BREAK,2024.10.08 17:00,1.35292,BREAK,2024.09.23 17:00,0,,0,,0,,0,NA,NewYork,BREAK,2024.09.23 18:00,BREAK,2024.09.24 19:00,B-ZF-BO,B-ZC-BR,S-ZB-UN,S-ZH-BR,S-ZF-BR,S-ZD-BR,B-ZF-BR,B-ZB-BR,B-ZB-BR,S-ZG-PE,B-ZG-BO,S-ZB-UN,B-ZB-BR,B-ZC-BR,S-ZB-UN,B-ZG-BR,S-ZD-BO,B-ZB-BR,B-ZF-BR,B-ZE-BR
275,,USDCAD,60,86400,BUY,ZG,0,1.36074,1.35665,409.0,1.36166,1.35797,369.0,90.220,0.00,277.0,96.5,1.36074,1.35797,1.36443,BOUNCE,2024.09.19 05:00,1,2024.09.19 10:00,1,2024.09.19 12:00,1,2024.09.19 13:00,3,8h,Asia,NA,,NA,,1.35388,BOUNCE,2024.09.19 13:00,1,2024.09.19 17:00,1,2024.10.07 22:00,1,2024.10.08 11:00,3,2w 4d,NewYork,NA,,NA,,1.36351,BOUNCE,2024.09.19 04:00,1,2024.09.19 12:00,1,2024.09.19 13:00,0,,2,9h,Asia,NA,,NA,,1.35520,BREAK,2024.09.18 22:00,0,,0,,0,,0,NA,Other,BREAK,2024.09.23 18:00,BREAK,2024.09.23 21:00,B-ZF-BR,B-ZF-BO,B-ZC-BR,S-ZB-UN,S-ZH-BR,S-ZF-BR,S-ZD-BR,B-ZF-BR,B-ZB-BR,B-ZB-BR,S-ZB-UN,B-ZB-BR,B-ZC-BR,S-ZB-UN,B-ZG-BR,S-ZD-BO,B-ZB-BR,B-ZF-BR,B-ZE-BR,B-ZF-BR
276,,USDCAD,60,86400,SELL,ZB,1,1.35820,1.34868,952.0,1.35427,1.34350,1077.0,113.130,0.00,559.0,224.7,1.35427,1.34868,1.33791,UNTOUCHED,,0,,0,,0,,0,NA,Other,NA,,NA,,1.36379,BREAK,2024.10.07 22:00,0,,0,,0,,0,NA,Other,BREAK,2024.10.09 23:00,BREAK,2024.10.10 21:00,1.34309,BOUNCE,2024.09.25 00:00,1,2024.10.07 17:00,1,2024.10.07 22:00,0,,2,1w 5d,Asia,NA,,NA,,1.35986,BREAK,2024.10.07 17:00,0,,0,,0,,0,NA,NewYork,BREAK,2024.10.09 15:00,BREAK,2024.10.10 12:00,B-ZG-BO,B-ZF-BR,B-ZF-BO,B-ZC-BR,S-ZB-UN,S-ZH-BR,S-ZF-BR,S-ZD-BR,B-ZF-BR,B-ZB-BR,B-ZB-BR,B-ZC-BR,S-ZB-UN,B-ZG-BR,S-ZD-BO,B-ZB-BR,B-ZF-BR,B-ZE-BR,B-ZF-BR,B-ZC-BR
277,,USDCAD,60,86400,BUY,ZB,1,1.36392,1.35546,846.0,1.36750,1.36108,642.0,75.887,0.00,284.0,199.7,1.36392,1.36108,1.37034,BREAK,2024.10.09 22:00,0,,0,,0,,0,NA,Other,BREAK,2024.10.10 15:00,BREAK,2024.10.11 16:00,1.35262,UNTOUCHED,,0,,0,,0,,0,NA,Other,NA,,NA,,1.36676,BREAK,2024.10.09 11:00,0,,0,,0,,0,NA,London,BREAK,2024.10.09 23:00,BREAK,2024.10.10 15:00,1.35824,UNTOUCHED,,0,,0,,0,,0,NA,Other,NA,,NA,,S-ZB-UN,B-ZG-BO,B-ZF-BR,B-ZF-BO,B-ZC-BR,S-ZB-UN,S-ZH-BR,S-ZF-BR,S-ZD-BR,B-ZF-BR,B-ZC-BR,S-ZB-UN,B-ZG-BR,S-ZD-BO,B-ZB-BR,B-ZF-BR,B-ZE-BR,B-ZF-BR,B-ZC-BR,S-ZO-BO
278,,USDCAD,60,86400,BUY,ZC,1,1.38052,1.37512,540.0,1.38383,1.37728,655.0,121.296,0.00,324.0,127.4,1.38052,1.37728,1.38707,BREAK,2024.10.25 18:00,0,,0,,0,,0,NA,NewYork,BOUNCE,2024.10.29 01:00,NA,,1.37188,UNTOUCHED,,0,,0,,0,,0,NA,Other,NA,,NA,,1.38376,BOUNCE,2024.10.21 19:00,0,,0,,0,,0,NA,NewYork,NA,,NA,,1.37404,UNTOUCHED,,0,,0,,0,,0,NA,Other,NA,,NA,,B-ZB-BR,S-ZB-UN,B-ZG-BO,B-ZF-BR,B-ZF-BO,B-ZC-BR,S-ZB-UN,S-ZH-BR,S-ZF-BR,S-ZD-BR,S-ZB-UN,B-ZG-BR,S-ZD-BO,B-ZB-BR,B-ZF-BR,B-ZE-BR,B-ZF-BR,B-ZC-BR,S-ZO-BO,B-ZF-BR
279,,USDCAD,60,86400,SELL,ZB,1,1.39291,1.38749,542.0,1.39065,1.38384,681.0,125.646,0.00,316.0,127.9,1.39065,1.38749,1.38068,UNTOUCHED,,0,,0,,0,,0,NA,Other,NA,,NA,,1.39607,BOUNCE,2024.11.12 12:00,0,,0,,0,,0,NA,London,NA,,NA,,1.38433,BREAK,2024.11.06 00:00,0,,0,,0,,0,NA,Asia,UNTOUCHED,,NA,,1.39381,BOUNCE,2024.11.06 10:00,1,2024.11.08 00:00,1,2024.11.08 00:00,0,,2,1d 14h,London,NA,,NA,,B-ZC-BR,B-ZB-BR,S-ZB-UN,B-ZG-BO,B-ZF-BR,B-ZF-BO,B-ZC-BR,S-ZB-UN,S-ZH-BR,S-ZF-BR,B-ZG-BR,S-ZD-BO,B-ZB-BR,B-ZF-BR,B-ZE-BR,B-ZF-BR,B-ZC-BR,S-ZO-BO,B-ZF-BR,S-ZB-BR
280,,USDCAD,60,86400,BUY,ZG,0,1.39505,1.39027,478.0,1.39671,1.39141,530.0,110.879,0.00,364.0,112.8,1.39505,1.39141,1.40035,BREAK,2024.11.14 06:00,0,,0,,0,,0,NA,Asia,BREAK,2024.11.15 00:00,BREAK,2024.11.15 19:00,1.38663,UNTOUCHED,,0,,0,,0,,0,NA,Other,NA,,NA,,1.39869,BOUNCE,2024.11.13 18:00,0,,0,,0,,0,NA,NewYork,NA,,NA,,1.38777,UNTOUCHED,,0,,0,,0,,0,NA,Other,NA,,NA,,S-ZB-UN,B-ZC-BR,B-ZB-BR,S-ZB-UN,B-ZG-BO,B-ZF-BR,B-ZF-BO,B-ZC-BR,S-ZB-UN,S-ZH-BR,S-ZD-BO,B-ZB-BR,B-ZF-BR,B-ZE-BR,B-ZF-BR,B-ZC-BR,S-ZO-BO,B-ZF-BR,S-ZB-BR,B-ZG-BR
281,,USDCAD,60,86400,SELL,ZD,1,1.41024,1.40039,985.0,1.40364,1.39643,721.0,73.198,0.00,325.0,232.5,1.40364,1.40039,1.39318,BOUNCE,2024.11.21 19:00,1,2024.11.22 13:00,1,2024.11.26 03:00,1,2024.11.26 04:00,3,4d 9h,NewYork,NA,,NA,,1.41349,BREAK,2024.11.26 04:00,0,,0,,0,,0,NA,Asia,BOUNCE,2024.11.26 05:00,NA,,1.39714,BOUNCE,2024.11.20 00:00,1,2024.11.26 03:00,1,2024.11.26 04:00,0,,2,6d 4h,Asia,NA,,NA,,1.40689,BREAK,2024.11.26 03:00,0,,0,,0,,0,NA,Asia,BREAK,2024.11.26 04:00,BREAK,2024.11.26 05:00,B-ZG-BR,S-ZB-UN,B-ZC-BR,B-ZB-BR,S-ZB-UN,B-ZG-BO,B-ZF-BR,B-ZF-BO,B-ZC-BR,S-ZB-UN,B-ZB-BR,B-ZF-BR,B-ZE-BR,B-ZF-BR,B-ZC-BR,S-ZO-BO,B-ZF-BR,S-ZB-BR,B-ZG-BR,B-ZC-BO
282,,USDCAD,60,86400,BUY,ZB,1,1.40071,1.39274,797.0,1.41777,1.39735,2042.0,256.211,0.00,336.0,188.1,1.40071,1.39735,1.42113,BREAK,2024.12.12 23:00,0,,0,,0,,0,NA,Other,BREAK,2024.12.16 18:00,BREAK,2024.12.17 18:00,1.38938,UNTOUCHED,,0,,0,,0,,0,NA,Other,NA,,NA,,1.40407,BREAK,2024.11.27 00:00,0,,0,,0,,0,NA,Asia,BOUNCE,2024.11.27 12:00,NA,,1.39399,UNTOUCHED,,0,,0,,0,,0,NA,Other,NA,,NA,,S-ZD-BO,B-ZG-BR,S-ZB-UN,B-ZC-BR,B-ZB-BR,S-ZB-UN,B-ZG-BO,B-ZF-BR,B-ZF-BO,B-ZC-BR,B-ZF-BR,B-ZE-BR,B-ZF-BR,B-ZC-BR,S-ZO-BO,B-ZF-BR,S-ZB-BR,B-ZG-BR,B-ZC-BO,S-ZD-BR
283,,USDCAD,60,86400,BUY,ZF,1,1.40067,1.39831,236.0,1.40895,1.39866,1029.0,436.017,0.00,201.0,55.7,1.40067,1.39866,1.41096,BREAK,2024.12.06 18:00,0,,0,,0,,0,NA,NewYork,BREAK,2024.12.06 19:00,BREAK,2024.12.06 21:00,1.39630,UNTOUCHED,,0,,0,,0,,0,NA,Other,NA,,NA,,1.40268,BREAK,2024.12.03 00:00,0,,0,,0,,0,NA,Asia,BREAK,2024.12.03 04:00,BOUNCE,2024.12.03 19:00,1.39665,UNTOUCHED,,0,,0,,0,,0,NA,Other,NA,,NA,,B-ZB-BR,S-ZD-BO,B-ZG-BR,S-ZB-UN,B-ZC-BR,B-ZB-BR,S-ZB-UN,B-ZG-BO,B-ZF-BR,B-ZF-BO,B-ZE-BR,B-ZF-BR,B-ZC-BR,S-ZO-BO,B-ZF-BR,S-ZB-BR,B-ZG-BR,B-ZC-BO,S-ZD-BR,B-ZG-BO
284,,USDCAD,60,86400,BUY,ZE,1,1.41748,1.40932,816.0,1.41947,1.41556,391.0,47.917,0.00,192.0,192.6,1.41748,1.41556,1.42139,BREAK,2024.12.13 00:00,0,,0,,0,,0,NA,Asia,BOUNCE,2024.12.13 16:00,NA,,1.40740,UNTOUCHED,,0,,0,,0,,0,NA,Other,NA,,NA,,1.41940,BOUNCE,2024.12.11 18:00,1,2024.12.11 19:00,0,,0,,1,1h,NewYork,NA,,NA,,1.41364,BOUNCE,2024.12.11 18:00,1,2024.12.12 18:00,1,2024.12.12 18:00,0,,2,1d 0h,NewYork,NA,,NA,,B-ZF-BR,B-ZB-BR,S-ZD-BO,B-ZG-BR,S-ZB-UN,B-ZC-BR,B-ZB-BR,S-ZB-UN,B-ZG-BO,B-ZF-BR,B-ZF-BR,B-ZC-BR,S-ZO-BO,B-ZF-BR,S-ZB-BR,B-ZG-BR,B-ZC-BO,S-ZD-BR,B-ZG-BO,B-ZO-UN
285,,USDCAD,60,86400,BUY,ZF,1,1.42704,1.42168,536.0,1.43233,1.42287,946.0,176.493,0.00,417.0,126.5,1.42704,1.42287,1.43650,BREAK,2024.12.18 23:00,0,,0,,0,,0,NA,Other,BREAK,2024.12.19 00:00,BREAK,2024.12.19 03:00,1.41751,UNTOUCHED,,0,,0,,0,,0,NA,Other,NA,,NA,,1.43121,BREAK,2024.12.18 00:00,0,,0,,0,,0,NA,Asia,BREAK,2024.12.18 23:00,BREAK,2024.12.19 00:00,1.41870,UNTOUCHED,,0,,0,,0,,0,NA,Other,NA,,NA,,B-ZE-BR,B-ZF-BR,B-ZB-BR,S-ZD-BO,B-ZG-BR,S-ZB-UN,B-ZC-BR,B-ZB-BR,S-ZB-UN,B-ZG-BO,B-ZC-BR,S-ZO-BO,B-ZF-BR,S-ZB-BR,B-ZG-BR,B-ZC-BO,S-ZD-BR,B-ZG-BO,B-ZO-UN,B-ZO-UN
286,,USDCAD,60,86400,BUY,ZC,1,1.44204,1.43337,867.0,1.44492,1.43747,745.0,85.928,0.00,457.0,204.6,1.44204,1.43747,1.44949,BREAK,2025.01.21 04:00,0,,0,,0,,0,NA,Asia,BREAK,2025.01.31 00:00,BREAK,2025.02.03 02:00,1.42880,BOUNCE,2025.01.06 18:00,1,2025.01.08 15:00,1,2025.01.18 00:00,1,2025.01.21 04:00,3,2w 0d,NewYork,NA,,NA,,1.44661,BOUNCE,2025.01.18 00:00,1,2025.01.20 18:00,1,2025.01.20 18:00,0,,2,2d 18h,Asia,NA,,NA,,1.43290,BREAK,2025.01.06 15:00,0,,0,,0,,0,NA,NewYork,BOUNCE,2025.01.06 18:00,NA,,B-ZF-BR,B-ZE-BR,B-ZF-BR,B-ZB-BR,S-ZD-BO,B-ZG-BR,S-ZB-UN,B-ZC-BR,B-ZB-BR,S-ZB-UN,S-ZO-BO,B-ZF-BR,S-ZB-BR,B-ZG-BR,B-ZC-BO,S-ZD-BR,B-ZG-BO,B-ZO-UN,B-ZO-UN,S-ZE-BO
287,,USDCAD,60,86400,SELL,ZO,0,1.44328,1.43449,879.0,1.44093,1.43381,712.0,81.001,0.00,644.0,207.4,1.44093,1.43449,1.42737,BOUNCE,2025.01.20 18:00,1,2025.01.21 04:00,1,2025.01.21 04:00,1,2025.01.21 04:00,3,10h,NewYork,NA,,NA,,1.44972,BOUNCE,2025.01.21 04:00,1,2025.01.21 19:00,1,2025.02.05 13:00,1,2025.02.05 14:00,3,2w 1d,Asia,NA,,NA,,1.42805,BOUNCE,2025.01.06 18:00,1,2025.01.18 00:00,1,2025.01.21 04:00,0,,2,2w 0d,NewYork,NA,,NA,,1.44737,BOUNCE,2025.01.18 00:00,1,2025.01.20 18:00,1,2025.01.20 18:00,0,,2,2d 18h,Asia,NA,,NA,,B-ZC-BR,B-ZF-BR,B-ZE-BR,B-ZF-BR,B-ZB-BR,S-ZD-BO,B-ZG-BR,S-ZB-UN,B-ZC-BR,B-ZB-BR,B-ZF-BR,S-ZB-BR,B-ZG-BR,B-ZC-BO,S-ZD-BR,B-ZG-BO,B-ZO-UN,B-ZO-UN,S-ZE-BO,S-ZH-BR
288,,USDCAD,60,86400,BUY,ZF,0,1.44417,1.43691,726.0,1.44633,1.43831,802.0,110.468,0.00,586.0,171.3,1.44417,1.43831,1.45219,BREAK,2025.01.31 00:00,0,,0,,0,,0,NA,Asia,BREAK,2025.02.03 02:00,BREAK,2025.02.03 03:00,1.43105,BOUNCE,2025.01.06 15:00,1,2025.01.10 17:00,1,2025.01.21 04:00,1,2025.01.31 00:00,3,3w 3d,NewYork,NA,,NA,,1.45003,BOUNCE,2025.01.21 04:00,1,2025.01.21 21:00,1,2025.01.22 14:00,0,,2,1d 10h,Asia,NA,,NA,,1.43245,BREAK,2025.01.06 15:00,0,,0,,0,,0,NA,NewYork,BOUNCE,2025.01.20 18:00,NA,,S-ZO-BO,B-ZC-BR,B-ZF-BR,B-ZE-BR,B-ZF-BR,B-ZB-BR,S-ZD-BO,B-ZG-BR,S-ZB-UN,B-ZC-BR,S-ZB-BR,B-ZG-BR,B-ZC-BO,S-ZD-BR,B-ZG-BO,B-ZO-UN,B-ZO-UN,S-ZE-BO,S-ZH-BR,S-ZF-BO
289,,USDCAD,60,86400,SELL,ZB,1,1.44468,1.43919,549.0,1.44121,1.43429,692.0,126.047,0.00,202.0,129.6,1.44121,1.43919,1.43227,BREAK,2025.01.15 17:00,0,,0,,0,,0,NA,NewYork,BREAK,2025.01.20 18:00,BOUNCE,2025.01.20 19:00,1.44670,BREAK,2025.01.18 00:00,0,,0,,0,,0,NA,Asia,BREAK,2025.01.21 04:00,BREAK,2025.01.31 00:00,1.43717,BREAK,2025.01.15 00:00,0,,0,,0,,0,NA,Asia,BREAK,2025.01.15 12:00,BREAK,2025.01.15 17:00,1.44323,BOUNCE,2025.01.17 16:00,1,2025.01.20 17:00,1,2025.01.20 17:00,0,,2,3d 1h,NewYork,NA,,NA,,B-ZF-BR,S-ZO-BO,B-ZC-BR,B-ZF-BR,B-ZE-BR,B-ZF-BR,B-ZB-BR,S-ZD-BO,B-ZG-BR,S-ZB-UN,B-ZG-BR,B-ZC-BO,S-ZD-BR,B-ZG-BO,B-ZO-UN,B-ZO-UN,S-ZE-BO,S-ZH-BR,S-ZF-BO,B-ZO-UN
290,,USDCAD,60,86400,BUY,ZG,0,1.44854,1.42611,2243.0,1.45157,1.42831,2326.0,103.700,0.00,2023.0,529.3,1.44854,1.42831,1.47180,BREAK,2025.02.03 02:00,0,,0,,0,,0,NA,Asia,UNTOUCHED,,NA,,1.40588,UNTOUCHED,,0,,0,,0,,0,NA,Other,NA,,NA,,1.46877,BREAK,2025.02.03 02:00,0,,0,,0,,0,NA,Asia,UNTOUCHED,,NA,,1.40808,UNTOUCHED,,0,,0,,0,,0,NA,Other,NA,,NA,,S-ZB-BR,B-ZF-BR,S-ZO-BO,B-ZC-BR,B-ZF-BR,B-ZE-BR,B-ZF-BR,B-ZB-BR,S-ZD-BO,B-ZG-BR,B-ZC-BO,S-ZD-BR,B-ZG-BO,B-ZO-UN,B-ZO-UN,S-ZE-BO,S-ZH-BR,S-ZF-BO,B-ZO-UN,S-ZO-BR
291,,USDCAD,60,86400,BUY,ZC,1,1.44014,1.43192,822.0,1.44199,1.43626,573.0,69.708,0.00,388.0,194.0,1.44014,1.43626,1.44587,BOUNCE,2025.01.29 17:00,1,2025.01.31 21:00,1,2025.02.04 20:00,1,2025.02.05 13:00,3,6d 20h,NewYork,NA,,NA,,1.42804,BOUNCE,2025.02.05 13:00,1,2025.02.06 11:00,1,2025.02.27 20:00,1,2025.02.28 22:00,3,3w 2d,NewYork,NA,,NA,,1.44402,BREAK,2025.01.29 16:00,0,,0,,0,,0,NA,NewYork,BREAK,2025.01.31 00:00,BREAK,2025.01.31 18:00,1.43238,BREAK,2025.02.04 20:00,0,,0,,0,,0,NA,NewYork,BOUNCE,2025.02.06 00:00,NA,,B-ZG-BR,S-ZB-BR,B-ZF-BR,S-ZO-BO,B-ZC-BR,B-ZF-BR,B-ZE-BR,B-ZF-BR,B-ZB-BR,S-ZD-BO,S-ZD-BR,B-ZG-BO,B-ZO-UN,B-ZO-UN,S-ZE-BO,S-ZH-BR,S-ZF-BO,B-ZO-UN,S-ZO-BR,B-ZF-UN
292,,USDCAD,60,86400,SELL,ZD,1,1.43778,1.43051,727.0,1.43457,1.42790,667.0,91.747,0.00,406.0,171.6,1.43457,1.43051,1.42384,BREAK,2025.02.13 19:00,0,,0,,0,,0,NA,NewYork,BREAK,2025.02.14 08:00,BOUNCE,2025.02.18 05:00,1.44184,BOUNCE,2025.02.27 17:00,1,2025.03.05 23:00,1,2025.03.06 19:00,1,2025.03.06 20:00,3,1w 0d,NewYork,NA,,NA,,1.42645,BOUNCE,2025.02.12 21:00,1,2025.02.27 17:00,1,2025.02.27 17:00,0,,2,2w 0d,Other,NA,,NA,,1.43863,BREAK,2025.02.27 17:00,0,,0,,0,,0,NA,NewYork,BREAK,2025.02.28 00:00,BOUNCE,2025.03.03 13:00,B-ZC-BO,B-ZG-BR,S-ZB-BR,B-ZF-BR,S-ZO-BO,B-ZC-BR,B-ZF-BR,B-ZE-BR,B-ZF-BR,B-ZB-BR,B-ZG-BO,B-ZO-UN,B-ZO-UN,S-ZE-BO,S-ZH-BR,S-ZF-BO,B-ZO-UN,S-ZO-BR,B-ZF-UN,B-ZG-BR
293,,USDCAD,60,86400,BUY,ZG,0,1.41939,1.41570,369.0,1.42127,1.41669,458.0,124.119,0.00,270.0,87.1,1.41939,1.41669,1.42397,BOUNCE,2025.02.19 21:00,1,2025.02.20 19:00,0,,0,,1,22h,Other,NA,,NA,,1.41300,UNTOUCHED,,0,,0,,0,,0,NA,Other,NA,,NA,,1.42209,BOUNCE,2025.02.19 16:00,0,,0,,0,,0,NA,NewYork,NA,,NA,,1.41399,UNTOUCHED,,0,,0,,0,,0,NA,Other,NA,,NA,,S-ZD-BR,B-ZC-BO,B-ZG-BR,S-ZB-BR,B-ZF-BR,S-ZO-BO,B-ZC-BR,B-ZF-BR,B-ZE-BR,B-ZF-BR,B-ZO-UN,B-ZO-UN,S-ZE-BO,S-ZH-BR,S-ZF-BO,B-ZO-UN,S-ZO-BR,B-ZF-UN,B-ZG-BR,S-ZO-BO
294,,USDCAD,60,86400,BUY,ZO,0,1.45003,1.43699,1304.0,1.45429,1.44067,1362.0,104.448,0.00,936.0,307.7,1.45003,1.44067,1.46365,UNTOUCHED,,0,,0,,0,,0,NA,Other,NA,,NA,,1.42763,BREAK,2025.03.06 19:00,0,,0,,0,,0,NA,NewYork,BREAK,2025.04.03 12:00,BREAK,2025.04.03 17:00,1.45939,UNTOUCHED,,0,,0,,0,,0,NA,Other,NA,,NA,,1.43131,BREAK,2025.03.06 05:00,0,,0,,0,,0,NA,Asia,BOUNCE,2025.04.03 02:00,NA,,B-ZG-BO,S-ZD-BR,B-ZC-BO,B-ZG-BR,S-ZB-BR,B-ZF-BR,S-ZO-BO,B-ZC-BR,B-ZF-BR,B-ZE-BR,B-ZO-UN,S-ZE-BO,S-ZH-BR,S-ZF-BO,B-ZO-UN,S-ZO-BR,B-ZF-UN,B-ZG-BR,S-ZO-BO,B-ZO-UN
295,,USDCAD,60,86400,BUY,ZO,0,1.44725,1.43530,1195.0,1.45209,1.43793,1416.0,118.494,0.00,932.0,282.0,1.44725,1.43793,1.46141,UNTOUCHED,,0,,0,,0,,0,NA,Other,NA,,NA,,1.42598,BOUNCE,2025.03.26 11:00,0,,0,,0,,0,NA,London,NA,,NA,,1.45657,UNTOUCHED,,0,,0,,0,,0,NA,Other,NA,,NA,,1.42861,BOUNCE,2025.03.17 20:00,0,,0,,0,,0,NA,NewYork,NA,,NA,,B-ZO-UN,B-ZG-BO,S-ZD-BR,B-ZC-BO,B-ZG-BR,S-ZB-BR,B-ZF-BR,S-ZO-BO,B-ZC-BR,B-ZF-BR,S-ZE-BO,S-ZH-BR,S-ZF-BO,B-ZO-UN,S-ZO-BR,B-ZF-UN,B-ZG-BR,S-ZO-BO,B-ZO-UN,S-ZD-BR
296,,USDCAD,60,86400,SELL,ZE,1,1.43804,1.42754,1050.0,1.43193,1.42629,564.0,53.714,0.00,439.0,247.8,1.43193,1.42754,1.42190,BOUNCE,2025.04.03 01:00,0,,0,,0,,0,NA,Asia,NA,,NA,,1.44243,UNTOUCHED,,0,,0,,0,,0,NA,Other,NA,,NA,,1.42315,BOUNCE,2025.04.03 00:00,0,,0,,0,,0,NA,Asia,NA,,NA,,1.43632,BREAK,2025.03.20 13:00,0,,0,,0,,0,NA,NewYork,BOUNCE,2025.04.01 18:00,NA,,B-ZO-UN,B-ZO-UN,B-ZG-BO,S-ZD-BR,B-ZC-BO,B-ZG-BR,S-ZB-BR,B-ZF-BR,S-ZO-BO,B-ZC-BR,S-ZH-BR,S-ZF-BO,B-ZO-UN,S-ZO-BR,B-ZF-UN,B-ZG-BR,S-ZO-BO,B-ZO-UN,S-ZD-BR,S-ZH-BR
297,,USDCAD,60,86400,SELL,ZH,1,1.43554,1.43374,180.0,1.43507,1.42881,626.0,347.778,0.00,133.0,42.5,1.43507,1.43374,1.42748,BREAK,2025.03.25 17:00,0,,0,,0,,0,NA,NewYork,BOUNCE,2025.03.26 10:00,NA,,1.43687,BREAK,2025.03.31 16:00,0,,0,,0,,0,NA,NewYork,BREAK,2025.03.31 17:00,BOUNCE,2025.04.01 06:00,1.43241,BREAK,2025.03.25 00:00,0,,0,,0,,0,NA,Asia,BOUNCE,2025.03.25 04:00,NA,,1.43640,BREAK,2025.03.31 16:00,0,,0,,0,,0,NA,NewYork,BREAK,2025.03.31 17:00,BOUNCE,2025.03.31 18:00,S-ZE-BO,B-ZO-UN,B-ZO-UN,B-ZG-BO,S-ZD-BR,B-ZC-BO,B-ZG-BR,S-ZB-BR,B-ZF-BR,S-ZO-BO,S-ZF-BO,B-ZO-UN,S-ZO-BR,B-ZF-UN,B-ZG-BR,S-ZO-BO,B-ZO-UN,S-ZD-BR,S-ZH-BR,B-ZB-BR
298,,USDCAD,60,86400,SELL,ZF,0,1.43507,1.42881,626.0,1.43317,1.42700,617.0,98.562,0.00,436.0,147.7,1.43317,1.42881,1.42264,BOUNCE,2025.04.03 00:00,1,2025.04.03 02:00,0,,0,,1,2h,Asia,NA,,NA,,1.43943,BREAK,2025.04.01 00:00,0,,0,,0,,0,NA,Asia,UNTOUCHED,,NA,,1.42445,BOUNCE,2025.03.26 14:00,1,2025.03.31 16:00,1,2025.04.01 00:00,0,,2,5d 10h,NewYork,NA,,NA,,1.43753,BREAK,2025.03.31 16:00,0,,0,,0,,0,NA,NewYork,UNTOUCHED,,NA,,S-ZH-BR,S-ZE-BO,B-ZO-UN,B-ZO-UN,B-ZG-BO,S-ZD-BR,B-ZC-BO,B-ZG-BR,S-ZB-BR,B-ZF-BR,B-ZO-UN,S-ZO-BR,B-ZF-UN,B-ZG-BR,S-ZO-BO,B-ZO-UN,S-ZD-BR,S-ZH-BR,B-ZB-BR,B-ZF-BR
299,,USDCAD,60,86400,BUY,ZO,0,1.43943,1.42926,1017.0,1.44141,1.43045,1096.0,107.768,0.00,898.0,240.0,1.43943,1.43045,1.45039,UNTOUCHED,,0,,0,,0,,0,NA,Other,NA,,NA,,1.42028,BREAK,2025.04.03 10:00,0,,0,,0,,0,NA,London,BREAK,2025.04.03 15:00,BREAK,2025.04.10 18:00,1.44841,UNTOUCHED,,0,,0,,0,,0,NA,Other,NA,,NA,,1.42147,BREAK,2025.04.03 03:00,0,,0,,0,,0,NA,Asia,BREAK,2025.04.03 15:00,BOUNCE,2025.04.04 11:00,S-ZF-BO,S-ZH-BR,S-ZE-BO,B-ZO-UN,B-ZO-UN,B-ZG-BO,S-ZD-BR,B-ZC-BO,B-ZG-BR,S-ZB-BR,S-ZO-BR,B-ZF-UN,B-ZG-BR,S-ZO-BO,B-ZO-UN,S-ZD-BR,S-ZH-BR,B-ZB-BR,B-ZF-BR,S-ZH-BO
300,,USDCAD,60,86400,SELL,ZO,0,1.42952,1.41778,1174.0,1.42610,1.41422,1188.0,101.193,0.00,832.0,277.1,1.42610,1.41778,1.40590,BREAK,2025.04.10 09:00,0,,0,,0,,0,NA,London,BREAK,2025.04.11 04:00,BREAK,2025.04.11 16:00,1.43784,UNTOUCHED,,0,,0,,0,,0,NA,Other,NA,,NA,,1.40946,BOUNCE,2025.04.09 21:00,0,,0,,0,,0,NA,Other,NA,,NA,,1.43442,UNTOUCHED,,0,,0,,0,,0,NA,Other,NA,,NA,,B-ZO-UN,S-ZF-BO,S-ZH-BR,S-ZE-BO,B-ZO-UN,B-ZO-UN,B-ZG-BO,S-ZD-BR,B-ZC-BO,B-ZG-BR,B-ZF-UN,B-ZG-BR,S-ZO-BO,B-ZO-UN,S-ZD-BR,S-ZH-BR,B-ZB-BR,B-ZF-BR,S-ZH-BO,S-ZE-UN
301,,USDCAD,60,86400,BUY,ZF,1,1.39095,1.38275,820.0,1.39764,1.38487,1277.0,155.732,0.00,608.0,193.5,1.39095,1.38487,1.40372,UNTOUCHED,,0,,0,,0,,0,NA,Other,NA,,NA,,1.37667,BOUNCE,2025.05.02 17:00,1,2025.05.08 14:00,1,2025.05.12 11:00,0,,2,1w 2d,NewYork,NA,,NA,,1.39703,BREAK,2025.05.12 11:00,0,,0,,0,,0,NA,London,UNTOUCHED,,NA,,1.37879,BOUNCE,2025.04.21 13:00,1,2025.05.12 11:00,1,2025.05.12 11:00,0,,2,2w 6d,NewYork,NA,,NA,,S-ZO-BR,B-ZO-UN,S-ZF-BO,S-ZH-BR,S-ZE-BO,B-ZO-UN,B-ZO-UN,B-ZG-BO,S-ZD-BR,B-ZC-BO,B-ZG-BR,S-ZO-BO,B-ZO-UN,S-ZD-BR,S-ZH-BR,B-ZB-BR,B-ZF-BR,S-ZH-BO,S-ZE-UN,B-ZC-BO
302,,USDCAD,60,86400,BUY,ZG,0,1.38490,1.37800,690.0,1.38604,1.37920,684.0,99.130,0.00,570.0,162.8,1.38490,1.37920,1.39174,BREAK,2025.05.08 19:00,0,,0,,0,,0,NA,NewYork,BOUNCE,2025.05.12 11:00,NA,,1.37230,BREAK,2025.05.23 21:00,0,,0,,0,,0,NA,Other,BREAK,2025.06.05 16:00,BREAK,2025.06.13 04:00,1.39060,BREAK,2025.05.08 19:00,0,,0,,0,,0,NA,NewYork,BREAK,2025.05.12 12:00,UNTOUCHED,,1.37350,BREAK,2025.05.23 20:00,0,,0,,0,,0,NA,NewYork,BOUNCE,2025.06.03 09:00,NA,,B-ZF-UN,S-ZO-BR,B-ZO-UN,S-ZF-BO,S-ZH-BR,S-ZE-BO,B-ZO-UN,B-ZO-UN,B-ZG-BO,S-ZD-BR,S-ZO-BO,B-ZO-UN,S-ZD-BR,S-ZH-BR,B-ZB-BR,B-ZF-BR,S-ZH-BO,S-ZE-UN,B-ZC-BO,B-ZH-BO
303,,USDCAD,60,86400,SELL,ZO,0,1.38912,1.38152,760.0,1.38703,1.38072,631.0,83.026,0.00,551.0,179.4,1.38703,1.38152,1.37521,BOUNCE,2025.05.06 20:00,1,2025.05.08 10:00,1,2025.05.08 20:00,1,2025.05.12 11:00,3,5d 15h,NewYork,NA,,NA,,1.39463,BREAK,2025.05.12 11:00,0,,0,,0,,0,NA,London,BOUNCE,2025.05.13 21:00,NA,,1.37601,BOUNCE,2025.05.02 18:00,1,2025.05.08 20:00,1,2025.05.12 11:00,0,,2,1w 2d,NewYork,NA,,NA,,1.39254,BREAK,2025.05.08 20:00,0,,0,,0,,0,NA,NewYork,BREAK,2025.05.12 19:00,UNTOUCHED,,B-ZG-BR,B-ZF-UN,S-ZO-BR,B-ZO-UN,S-ZF-BO,S-ZH-BR,S-ZE-BO,B-ZO-UN,B-ZO-UN,B-ZG-BO,B-ZO-UN,S-ZD-BR,S-ZH-BR,B-ZB-BR,B-ZF-BR,S-ZH-BO,S-ZE-UN,B-ZC-BO,B-ZH-BO,S-ZD-BO
304,,USDCAD,60,86400,BUY,ZO,0,1.40145,1.38918,1227.0,1.40151,1.39311,840.0,68.460,0.00,834.0,289.6,1.40145,1.39311,1.40985,UNTOUCHED,,0,,0,,0,,0,NA,Other,NA,,NA,,1.38084,BREAK,2025.05.23 11:00,0,,0,,0,,0,NA,London,BREAK,2025.05.26 05:00,BOUNCE,2025.06.10 11:00,1.40979,UNTOUCHED,,0,,0,,0,,0,NA,Other,NA,,NA,,1.38477,BREAK,2025.05.21 18:00,0,,0,,0,,0,NA,NewYork,BREAK,2025.05.23 20:00,BREAK,2025.06.04 21:00,S-ZO-BO,B-ZG-BR,B-ZF-UN,S-ZO-BR,B-ZO-UN,S-ZF-BO,S-ZH-BR,S-ZE-BO,B-ZO-UN,B-ZO-UN,S-ZD-BR,S-ZH-BR,B-ZB-BR,B-ZF-BR,S-ZH-BO,S-ZE-UN,B-ZC-BO,B-ZH-BO,S-ZD-BO,B-ZB-BO
305,,USDCAD,60,86400,SELL,ZD,1,1.39802,1.39590,212.0,1.39717,1.39159,558.0,263.208,0.00,127.0,50.0,1.39717,1.39590,1.39032,BREAK,2025.05.21 04:00,0,,0,,0,,0,NA,Asia,BREAK,2025.05.21 07:00,BOUNCE,2025.05.21 10:00,1.39929,UNTOUCHED,,0,,0,,0,,0,NA,Other,NA,,NA,,1.39463,BREAK,2025.05.20 01:00,0,,0,,0,,0,NA,Asia,BOUNCE,2025.05.20 11:00,NA,,1.39844,UNTOUCHED,,0,,0,,0,,0,NA,Other,NA,,NA,,B-ZO-UN,S-ZO-BO,B-ZG-BR,B-ZF-UN,S-ZO-BR,B-ZO-UN,S-ZF-BO,S-ZH-BR,S-ZE-BO,B-ZO-UN,S-ZH-BR,B-ZB-BR,B-ZF-BR,S-ZH-BO,S-ZE-UN,B-ZC-BO,B-ZH-BO,S-ZD-BO,B-ZB-BO,S-ZO-BR
306,,USDCAD,60,86400,SELL,ZH,0,1.39717,1.39159,558.0,1.39672,1.39130,542.0,97.133,0.00,513.0,131.7,1.39672,1.39159,1.38617,BREAK,2025.05.21 17:00,0,,0,,0,,0,NA,NewYork,BREAK,2025.05.23 16:00,BREAK,2025.05.23 20:00,1.40230,UNTOUCHED,,0,,0,,0,,0,NA,Other,NA,,NA,,1.38646,BREAK,2025.05.21 17:00,0,,0,,0,,0,NA,NewYork,BOUNCE,2025.05.22 02:00,NA,,1.40185,UNTOUCHED,,0,,0,,0,,0,NA,Other,NA,,NA,,S-ZD-BR,B-ZO-UN,S-ZO-BO,B-ZG-BR,B-ZF-UN,S-ZO-BR,B-ZO-UN,S-ZF-BO,S-ZH-BR,S-ZE-BO,B-ZB-BR,B-ZF-BR,S-ZH-BO,S-ZE-UN,B-ZC-BO,B-ZH-BO,S-ZD-BO,B-ZB-BO,S-ZO-BR,B-ZG-BR
307,,USDCAD,60,86400,BUY,ZB,1,1.37380,1.36848,532.0,1.38022,1.37210,812.0,152.632,0.00,170.0,125.6,1.37380,1.37210,1.38192,BREAK,2025.05.28 00:00,0,,0,,0,,0,NA,Asia,BOUNCE,2025.05.28 11:00,NA,,1.36678,BOUNCE,2025.06.04 18:00,1,2025.06.06 16:00,1,2025.06.23 01:00,0,,2,2w 4d,NewYork,NA,,NA,,1.37550,BREAK,2025.05.28 00:00,0,,0,,0,,0,NA,Asia,BREAK,2025.05.28 01:00,BREAK,2025.05.28 02:00,1.37040,BOUNCE,2025.06.02 05:00,1,2025.06.23 01:00,1,2025.06.23 01:00,0,,2,2w 6d,Asia,NA,,NA,,S-ZH-BR,S-ZD-BR,B-ZO-UN,S-ZO-BO,B-ZG-BR,B-ZF-UN,S-ZO-BR,B-ZO-UN,S-ZF-BO,S-ZH-BR,B-ZF-BR,S-ZH-BO,S-ZE-UN,B-ZC-BO,B-ZH-BO,S-ZD-BO,B-ZB-BO,S-ZO-BR,B-ZG-BR,B-ZO-BR
308,,USDCAD,60,86400,BUY,ZF,1,1.36057,1.35390,667.0,1.36520,1.35555,965.0,144.678,0.00,502.0,157.4,1.36057,1.35555,1.37022,BREAK,2025.06.19 05:00,0,,0,,0,,0,NA,Asia,BREAK,2025.06.23 12:00,BREAK,2025.07.30 22:00,1.34888,UNTOUCHED,,0,,0,,0,,0,NA,Other,NA,,NA,,1.36559,BREAK,2025.06.18 00:00,0,,0,,0,,0,NA,Asia,BREAK,2025.06.19 09:00,BREAK,2025.06.23 12:00,1.35053,UNTOUCHED,,0,,0,,0,,0,NA,Other,NA,,NA,,B-ZB-BR,S-ZH-BR,S-ZD-BR,B-ZO-UN,S-ZO-BO,B-ZG-BR,B-ZF-UN,S-ZO-BR,B-ZO-UN,S-ZF-BO,S-ZH-BO,S-ZE-UN,B-ZC-BO,B-ZH-BO,S-ZD-BO,B-ZB-BO,S-ZO-BR,B-ZG-BR,B-ZO-BR,B-ZF-BR
309,,USDCAD,60,86400,SELL,ZH,1,1.37052,1.36767,285.0,1.36987,1.36151,836.0,293.333,0.00,220.0,67.3,1.36987,1.36767,1.35931,BOUNCE,2025.07.01 12:00,1,2025.07.01 17:00,1,2025.07.11 04:00,1,2025.07.11 04:00,3,1w 2d,London,NA,,NA,,1.37272,BOUNCE,2025.07.11 04:00,1,2025.07.11 05:00,1,2025.07.11 16:00,1,2025.07.23 05:00,3,1w 5d,Asia,NA,,NA,,1.36547,BREAK,2025.07.01 00:00,0,,0,,0,,0,NA,Asia,BREAK,2025.07.01 01:00,BREAK,2025.07.01 02:00,1.37207,BREAK,2025.07.11 04:00,0,,0,,0,,0,NA,Asia,BREAK,2025.07.16 18:00,BREAK,2025.07.17 16:00,B-ZF-BR,B-ZB-BR,S-ZH-BR,S-ZD-BR,B-ZO-UN,S-ZO-BO,B-ZG-BR,B-ZF-UN,S-ZO-BR,B-ZO-UN,S-ZE-UN,B-ZC-BO,B-ZH-BO,S-ZD-BO,B-ZB-BO,S-ZO-BR,B-ZG-BR,B-ZO-BR,B-ZF-BR,B-ZO-BR
310,,USDCAD,60,86400,SELL,ZE,1,1.36987,1.36151,836.0,1.36660,1.35901,759.0,90.789,0.00,509.0,197.3,1.36660,1.36151,1.35392,UNTOUCHED,,0,,0,,0,,0,NA,Other,NA,,NA,,1.37496,BOUNCE,2025.07.16 18:00,1,2025.07.22 18:00,0,,0,,1,6d 0h,NewYork,NA,,NA,,1.35642,BOUNCE,2025.07.03 19:00,1,2025.07.11 04:00,1,2025.07.16 18:00,0,,2,1w 5d,NewYork,NA,,NA,,1.37169,BOUNCE,2025.07.11 04:00,0,,0,,0,,0,NA,Asia,NA,,NA,,S-ZH-BO,B-ZF-BR,B-ZB-BR,S-ZH-BR,S-ZD-BR,B-ZO-UN,S-ZO-BO,B-ZG-BR,B-ZF-UN,S-ZO-BR,B-ZC-BO,B-ZH-BO,S-ZD-BO,B-ZB-BO,S-ZO-BR,B-ZG-BR,B-ZO-BR,B-ZF-BR,B-ZO-BR,B-ZB-BR
311,,USDCAD,60,86400,BUY,ZC,1,1.36842,1.35843,999.0,1.36932,1.36375,557.0,55.756,0.00,467.0,235.8,1.36842,1.36375,1.37399,BOUNCE,2025.07.16 17:00,1,2025.07.22 18:00,1,2025.07.23 11:00,0,,2,6d 18h,NewYork,NA,,NA,,1.35376,UNTOUCHED,,0,,0,,0,,0,NA,Other,NA,,NA,,1.37309,BOUNCE,2025.07.16 17:00,1,2025.07.23 11:00,0,,0,,1,6d 18h,NewYork,NA,,NA,,1.35908,BOUNCE,2025.07.23 11:00,1,2025.07.28 11:00,1,2025.07.28 11:00,0,,2,5d 0h,London,NA,,NA,,S-ZE-UN,S-ZH-BO,B-ZF-BR,B-ZB-BR,S-ZH-BR,S-ZD-BR,B-ZO-UN,S-ZO-BO,B-ZG-BR,B-ZF-UN,B-ZH-BO,S-ZD-BO,B-ZB-BO,S-ZO-BR,B-ZG-BR,B-ZO-BR,B-ZF-BR,B-ZO-BR,B-ZB-BR,S-ZF-BR
312,,USDCAD,60,86400,BUY,ZH,0,1.37070,1.36689,381.0,1.37289,1.36707,582.0,152.756,0.00,363.0,89.9,1.37070,1.36707,1.37652,BOUNCE,2025.07.17 14:00,1,2025.07.21 18:00,1,2025.07.22 18:00,1,2025.07.22 18:00,3,5d 4h,NewYork,NA,,NA,,1.36326,BOUNCE,2025.07.22 18:00,1,2025.07.25 17:00,1,2025.07.29 10:00,1,2025.07.29 15:00,3,6d 21h,NewYork,NA,,NA,,1.37433,BREAK,2025.07.16 17:00,0,,0,,0,,0,NA,NewYork,BREAK,2025.07.30 14:00,BREAK,2025.07.30 22:00,1.36344,BREAK,2025.07.22 18:00,0,,0,,0,,0,NA,NewYork,BREAK,2025.07.23 11:00,UNTOUCHED,,B-ZC-BO,S-ZE-UN,S-ZH-BO,B-ZF-BR,B-ZB-BR,S-ZH-BR,S-ZD-BR,B-ZO-UN,S-ZO-BO,B-ZG-BR,S-ZD-BO,B-ZB-BO,S-ZO-BR,B-ZG-BR,B-ZO-BR,B-ZF-BR,B-ZO-BR,B-ZB-BR,S-ZF-BR,B-ZF-BR
313,,USDCAD,60,86400,SELL,ZD,1,1.37337,1.36774,563.0,1.36942,1.36018,924.0,164.121,0.00,168.0,132.9,1.36942,1.36774,1.35850,BOUNCE,2025.07.23 12:00,1,2025.07.23 17:00,1,2025.07.25 17:00,1,2025.07.29 11:00,3,5d 23h,London,NA,,NA,,1.37505,BREAK,2025.07.29 11:00,0,,0,,0,,0,NA,London,BREAK,2025.07.29 18:00,BOUNCE,2025.07.29 21:00,1.36606,BREAK,2025.07.23 00:00,0,,0,,0,,0,NA,Asia,BREAK,2025.07.23 01:00,BREAK,2025.07.23 02:00,1.37110,BOUNCE,2025.07.25 17:00,0,,0,,0,,0,NA,NewYork,NA,,NA,,B-ZH-BO,B-ZC-BO,S-ZE-UN,S-ZH-BO,B-ZF-BR,B-ZB-BR,S-ZH-BR,S-ZD-BR,B-ZO-UN,S-ZO-BO,B-ZB-BO,S-ZO-BR,B-ZG-BR,B-ZO-BR,B-ZF-BR,B-ZO-BR,B-ZB-BR,S-ZF-BR,B-ZF-BR,S-ZD-BO
314,,USDCAD,60,86400,BUY,ZB,1,1.37413,1.36859,554.0,1.37874,1.37268,606.0,109.386,0.00,145.0,130.7,1.37413,1.37268,1.38019,BOUNCE,2025.07.30 16:00,1,2025.08.01 17:00,0,,0,,1,2d 1h,NewYork,NA,,NA,,1.36714,UNTOUCHED,,0,,0,,0,,0,NA,Other,NA,,NA,,1.37558,BREAK,2025.07.30 00:00,0,,0,,0,,0,NA,Asia,BREAK,2025.07.30 14:00,BREAK,2025.07.30 16:00,1.37123,UNTOUCHED,,0,,0,,0,,0,NA,Other,NA,,NA,,S-ZD-BO,B-ZH-BO,B-ZC-BO,S-ZE-UN,S-ZH-BO,B-ZF-BR,B-ZB-BR,S-ZH-BR,S-ZD-BR,B-ZO-UN,S-ZO-BR,B-ZG-BR,B-ZO-BR,B-ZF-BR,B-ZO-BR,B-ZB-BR,S-ZF-BR,B-ZF-BR,S-ZD-BO,B-ZD-BR
315,,USDCAD,60,86400,SELL,ZO,0,1.37965,1.37709,256.0,1.37948,1.37584,364.0,142.187,0.00,239.0,60.4,1.37948,1.37709,1.37345,BREAK,2025.08.06 22:00,0,,0,,0,,0,NA,Other,UNTOUCHED,,NA,,1.38204,BREAK,2025.08.18 18:00,0,,0,,0,,0,NA,NewYork,BREAK,2025.08.19 18:00,BREAK,2025.08.20 05:00,1.37470,BREAK,2025.08.06 15:00,0,,0,,0,,0,NA,NewYork,BOUNCE,2025.08.07 17:00,NA,,1.38187,BOUNCE,2025.08.16 00:00,1,2025.08.28 20:00,1,2025.08.28 20:00,0,,2,1w 5d,Asia,NA,,NA,,B-ZB-BO,S-ZD-BO,B-ZH-BO,B-ZC-BO,S-ZE-UN,S-ZH-BO,B-ZF-BR,B-ZB-BR,S-ZH-BR,S-ZD-BR,B-ZG-BR,B-ZO-BR,B-ZF-BR,B-ZO-BR,B-ZB-BR,S-ZF-BR,B-ZF-BR,S-ZD-BO,B-ZD-BR,S-ZO-UN
316,,USDCAD,60,86400,BUY,ZG,0,1.37948,1.37584,364.0,1.38102,1.37634,468.0,128.571,0.00,314.0,85.9,1.37948,1.37634,1.38416,BREAK,2025.08.19 17:00,0,,0,,0,,0,NA,NewYork,BREAK,2025.08.20 06:00,BREAK,2025.08.22 07:00,1.37270,BOUNCE,2025.08.07 10:00,1,2025.08.11 16:00,1,2025.08.18 19:00,1,2025.08.19 17:00,3,1w 5d,London,NA,,NA,,1.38262,BREAK,2025.08.18 19:00,0,,0,,0,,0,NA,NewYork,BREAK,2025.08.19 23:00,BREAK,2025.08.21 17:00,1.37320,BREAK,2025.08.07 08:00,0,,0,,0,,0,NA,London,UNTOUCHED,,NA,,S-ZO-BR,B-ZB-BO,S-ZD-BO,B-ZH-BO,B-ZC-BO,S-ZE-UN,S-ZH-BO,B-ZF-BR,B-ZB-BR,S-ZH-BR,B-ZO-BR,B-ZF-BR,B-ZO-BR,B-ZB-BR,S-ZF-BR,B-ZF-BR,S-ZD-BO,B-ZD-BR,S-ZO-UN,S-ZO-BR
317,,USDCAD,60,86400,BUY,ZO,0,1.37943,1.37440,503.0,1.38050,1.37529,521.0,103.579,0.00,414.0,118.7,1.37943,1.37529,1.38464,BREAK,2025.08.19 18:00,0,,0,,0,,0,NA,NewYork,BREAK,2025.08.21 17:00,BREAK,2025.09.25 21:00,1.37026,UNTOUCHED,,0,,0,,0,,0,NA,Other,NA,,NA,,1.38357,BREAK,2025.08.19 16:00,0,,0,,0,,0,NA,NewYork,BREAK,2025.08.21 16:00,BOUNCE,2025.08.22 18:00,1.37115,UNTOUCHED,,0,,0,,0,,0,NA,Other,NA,,NA,,B-ZG-BR,S-ZO-BR,B-ZB-BO,S-ZD-BO,B-ZH-BO,B-ZC-BO,S-ZE-UN,S-ZH-BO,B-ZF-BR,B-ZB-BR,B-ZF-BR,B-ZO-BR,B-ZB-BR,S-ZF-BR,B-ZF-BR,S-ZD-BO,B-ZD-BR,S-ZO-UN,S-ZO-BR,B-ZB-BO
318,,USDCAD,60,86400,BUY,ZF,1,1.38303,1.37819,484.0,1.38673,1.37952,721.0,148.967,0.00,351.0,114.2,1.38303,1.37952,1.39024,BREAK,2025.08.21 19:00,0,,0,,0,,0,NA,NewYork,BREAK,2025.09.25 22:00,BREAK,2025.10.02 19:00,1.37468,BREAK,2025.08.28 20:00,0,,0,,0,,0,NA,NewYork,UNTOUCHED,,NA,,1.38654,BREAK,2025.08.20 00:00,0,,0,,0,,0,NA,Asia,BREAK,2025.08.22 07:00,BREAK,2025.09.25 22:00,1.37601,BREAK,2025.08.28 15:00,0,,0,,0,,0,NA,NewYork,BOUNCE,2025.09.01 19:00,NA,,B-ZO-BR,B-ZG-BR,S-ZO-BR,B-ZB-BO,S-ZD-BO,B-ZH-BO,B-ZC-BO,S-ZE-UN,S-ZH-BO,B-ZF-BR,B-ZO-BR,B-ZB-BR,S-ZF-BR,B-ZF-BR,S-ZD-BO,B-ZD-BR,S-ZO-UN,S-ZO-BR,B-ZB-BO,S-ZF-BR
319,,USDCAD,60,86400,BUY,ZO,0,1.38627,1.38151,476.0,1.38669,1.38213,456.0,95.798,0.00,414.0,112.3,1.38627,1.38213,1.39083,BREAK,2025.09.25 16:00,0,,0,,0,,0,NA,NewYork,BOUNCE,2025.09.29 19:00,NA,,1.37737,BREAK,2025.08.28 06:00,0,,0,,0,,0,NA,Asia,BOUNCE,2025.09.02 11:00,NA,,1.39041,BREAK,2025.09.24 20:00,0,,0,,0,,0,NA,NewYork,BREAK,2025.09.26 14:00,BREAK,2025.10.09 18:00,1.37799,BREAK,2025.08.28 03:00,0,,0,,0,,0,NA,Asia,BREAK,2025.08.29 18:00,UNTOUCHED,,B-ZF-BR,B-ZO-BR,B-ZG-BR,S-ZO-BR,B-ZB-BO,S-ZD-BO,B-ZH-BO,B-ZC-BO,S-ZE-UN,S-ZH-BO,B-ZB-BR,S-ZF-BR,B-ZF-BR,S-ZD-BO,B-ZD-BR,S-ZO-UN,S-ZO-BR,B-ZB-BO,S-ZF-BR,B-ZB-BO
320,,USDCAD,60,86400,BUY,ZB,1,1.37608,1.37238,370.0,1.38138,1.37411,727.0,196.486,0.00,197.0,87.3,1.37608,1.37411,1.38335,BREAK,2025.09.04 18:00,0,,0,,0,,0,NA,NewYork,BOUNCE,2025.09.06 00:00,NA,,1.37041,UNTOUCHED,,0,,0,,0,,0,NA,Other,NA,,NA,,1.37805,BREAK,2025.09.03 00:00,0,,0,,0,,0,NA,Asia,BREAK,2025.09.04 09:00,BREAK,2025.09.04 18:00,1.37214,UNTOUCHED,,0,,0,,0,,0,NA,Other,NA,,NA,,B-ZO-BR,B-ZF-BR,B-ZO-BR,B-ZG-BR,S-ZO-BR,B-ZB-BO,S-ZD-BO,B-ZH-BO,B-ZC-BO,S-ZE-UN,S-ZF-BR,B-ZF-BR,S-ZD-BO,B-ZD-BR,S-ZO-UN,S-ZO-BR,B-ZB-BO,S-ZF-BR,B-ZB-BO,B-ZO-UN
321,,USDCAD,60,86400,SELL,ZF,1,1.38511,1.38214,297.0,1.38445,1.37882,563.0,189.562,0.00,231.0,70.1,1.38445,1.38214,1.37651,BREAK,2025.09.16 07:00,0,,0,,0,,0,NA,London,BREAK,2025.09.17 00:00,UNTOUCHED,,1.38742,BREAK,2025.09.11 09:00,0,,0,,0,,0,NA,London,BREAK,2025.09.24 20:00,BREAK,2025.09.25 19:00,1.37983,BOUNCE,2025.09.09 01:00,1,2025.09.10 23:00,1,2025.09.11 09:00,0,,2,2d 8h,Asia,NA,,NA,,1.38676,BREAK,2025.09.10 23:00,0,,0,,0,,0,NA,Other,BOUNCE,2025.09.11 16:00,NA,,B-ZB-BR,B-ZO-BR,B-ZF-BR,B-ZO-BR,B-ZG-BR,S-ZO-BR,B-ZB-BO,S-ZD-BO,B-ZH-BO,B-ZC-BO,B-ZF-BR,S-ZD-BO,B-ZD-BR,S-ZO-UN,S-ZO-BR,B-ZB-BO,S-ZF-BR,B-ZB-BO,B-ZO-UN,B-ZO-UN
322,,USDCAD,60,86400,BUY,ZF,0,1.38445,1.37882,563.0,1.38581,1.37935,646.0,114.742,0.00,510.0,132.9,1.38445,1.37935,1.39091,BREAK,2025.09.25 16:00,0,,0,,0,,0,NA,NewYork,BREAK,2025.10.02 18:00,BREAK,2025.10.09 20:00,1.37372,BOUNCE,2025.09.16 17:00,1,2025.09.23 11:00,1,2025.09.24 18:00,1,2025.09.25 16:00,3,1w 1d,NewYork,NA,,NA,,1.38955,BREAK,2025.09.24 18:00,0,,0,,0,,0,NA,NewYork,BREAK,2025.10.02 18:00,BREAK,2025.10.09 19:00,1.37425,BREAK,2025.09.16 17:00,0,,0,,0,,0,NA,NewYork,UNTOUCHED,,NA,,S-ZF-BR,B-ZB-BR,B-ZO-BR,B-ZF-BR,B-ZO-BR,B-ZG-BR,S-ZO-BR,B-ZB-BO,S-ZD-BO,B-ZH-BO,S-ZD-BO,B-ZD-BR,S-ZO-UN,S-ZO-BR,B-ZB-BO,S-ZF-BR,B-ZB-BO,B-ZO-UN,B-ZO-UN,B-ZE-BR
323,,USDCAD,60,86400,SELL,ZD,1,1.38537,1.38405,132.0,1.38457,1.37682,775.0,587.121,0.00,52.0,31.2,1.38457,1.38405,1.37630,BOUNCE,2025.09.16 11:00,1,2025.09.16 12:00,1,2025.09.24 10:00,1,2025.09.24 11:00,3,1w 1d,London,NA,,NA,,1.38589,BOUNCE,2025.09.24 11:00,0,,0,,0,,0,NA,London,NA,,NA,,1.38353,BREAK,2025.09.16 00:00,0,,0,,0,,0,NA,Asia,BREAK,2025.09.16 01:00,BREAK,2025.09.16 02:00,1.38509,BREAK,2025.09.24 10:00,0,,0,,0,,0,NA,London,BREAK,2025.09.24 11:00,BOUNCE,2025.09.24 12:00,B-ZF-BR,S-ZF-BR,B-ZB-BR,B-ZO-BR,B-ZF-BR,B-ZO-BR,B-ZG-BR,S-ZO-BR,B-ZB-BO,S-ZD-BO,B-ZD-BR,S-ZO-UN,S-ZO-BR,B-ZB-BO,S-ZF-BR,B-ZB-BO,B-ZO-UN,B-ZO-UN,B-ZE-BR,S-ZF-BR
324,,USDCAD,60,86400,BUY,ZD,1,1.38289,1.37705,584.0,1.38499,1.38115,384.0,65.753,0.00,174.0,137.8,1.38289,1.38115,1.38673,BREAK,2025.09.24 13:00,0,,0,,0,,0,NA,NewYork,BREAK,2025.09.24 20:00,BREAK,2025.09.25 17:00,1.37531,UNTOUCHED,,0,,0,,0,,0,NA,Other,NA,,NA,,1.38463,BREAK,2025.09.24 04:00,0,,0,,0,,0,NA,Asia,BREAK,2025.09.24 15:00,BREAK,2025.09.24 18:00,1.37941,UNTOUCHED,,0,,0,,0,,0,NA,Other,NA,,NA,,S-ZD-BO,B-ZF-BR,S-ZF-BR,B-ZB-BR,B-ZO-BR,B-ZF-BR,B-ZO-BR,B-ZG-BR,S-ZO-BR,B-ZB-BO,S-ZO-UN,S-ZO-BR,B-ZB-BO,S-ZF-BR,B-ZB-BO,B-ZO-UN,B-ZO-UN,B-ZE-BR,S-ZF-BR,S-ZB-BR
325,,USDCAD,60,86400,SELL,ZO,0,1.39474,1.39031,443.0,1.39357,1.38963,394.0,88.939,0.00,326.0,104.5,1.39357,1.39031,1.38637,UNTOUCHED,,0,,0,,0,,0,NA,Other,NA,,NA,,1.39800,BOUNCE,2025.10.02 19:00,1,2025.10.29 17:00,0,,0,,1,3w 5d,NewYork,NA,,NA,,1.38705,UNTOUCHED,,0,,0,,0,,0,NA,Other,NA,,NA,,1.39683,BREAK,2025.10.02 18:00,0,,0,,0,,0,NA,NewYork,BREAK,2025.10.09 19:00,BOUNCE,2025.10.10 16:00,B-ZD-BR,S-ZD-BO,B-ZF-BR,S-ZF-BR,B-ZB-BR,B-ZO-BR,B-ZF-BR,B-ZO-BR,B-ZG-BR,S-ZO-BR,S-ZO-BR,B-ZB-BO,S-ZF-BR,B-ZB-BO,B-ZO-UN,B-ZO-UN,B-ZE-BR,S-ZF-BR,S-ZB-BR,B-ZC-BR
326,,USDCAD,60,86400,SELL,ZO,0,1.39680,1.39399,281.0,1.39626,1.39387,239.0,85.053,0.00,227.0,66.3,1.39626,1.39399,1.39160,BREAK,2025.10.29 17:00,0,,0,,0,,0,NA,NewYork,BOUNCE,2025.10.29 22:00,NA,,1.39907,BREAK,2025.10.09 18:00,0,,0,,0,,0,NA,NewYork,BREAK,2025.10.09 19:00,BREAK,2025.10.14 04:00,1.39172,BREAK,2025.10.29 17:00,0,,0,,0,,0,NA,NewYork,BOUNCE,2025.10.29 22:00,NA,,1.39853,BREAK,2025.10.09 18:00,0,,0,,0,,0,NA,NewYork,BREAK,2025.10.09 19:00,BOUNCE,2025.10.10 01:00,S-ZO-UN,B-ZD-BR,S-ZD-BO,B-ZF-BR,S-ZF-BR,B-ZB-BR,B-ZO-BR,B-ZF-BR,B-ZO-BR,B-ZG-BR,B-ZB-BO,S-ZF-BR,B-ZB-BO,B-ZO-UN,B-ZO-UN,B-ZE-BR,S-ZF-BR,S-ZB-BR,B-ZC-BR,S-ZF-BR
327,,USDCAD,60,86400,BUY,ZB,1,1.40393,1.39830,563.0,1.40798,1.40238,560.0,99.467,0.00,155.0,132.9,1.40393,1.40238,1.40953,BOUNCE,2025.11.04 18:00,1,2025.11.07 17:00,1,2025.11.10 12:00,0,,2,5d 18h,NewYork,NA,,NA,,1.39675,BOUNCE,2025.10.28 18:00,1,2025.10.30 16:00,1,2025.11.03 17:00,1,2025.11.04 18:00,3,1w 0d,NewYork,NA,,NA,,1.40548,BOUNCE,2025.10.15 21:00,1,2025.10.17 23:00,1,2025.10.28 18:00,0,,2,1w 5d,Other,NA,,NA,,1.40083,BOUNCE,2025.10.17 23:00,1,2025.10.21 09:00,1,2025.10.21 09:00,0,,2,3d 10h,Other,NA,,NA,,S-ZO-BR,S-ZO-UN,B-ZD-BR,S-ZD-BO,B-ZF-BR,S-ZF-BR,B-ZB-BR,B-ZO-BR,B-ZF-BR,B-ZO-BR,S-ZF-BR,B-ZB-BO,B-ZO-UN,B-ZO-UN,B-ZE-BR,S-ZF-BR,S-ZB-BR,B-ZC-BR,S-ZF-BR,S-ZE-BR
328,,USDCAD,60,86400,SELL,ZF,1,1.40078,1.39703,375.0,1.40054,1.39352,702.0,187.200,0.00,351.0,88.5,1.40054,1.39703,1.39001,BREAK,2025.10.29 19:00,0,,0,,0,,0,NA,NewYork,BREAK,2025.12.05 19:00,BREAK,2025.12.06 01:00,1.40429,BREAK,2025.11.03 14:00,0,,0,,0,,0,NA,NewYork,BREAK,2025.11.04 18:00,BREAK,2025.11.05 13:00,1.39352,BREAK,2025.10.29 00:00,0,,0,,0,,0,NA,Asia,BREAK,2025.10.29 19:00,BREAK,2025.12.05 19:00,1.40405,BREAK,2025.11.03 13:00,0,,0,,0,,0,NA,NewYork,BREAK,2025.11.04 18:00,BREAK,2025.11.05 11:00,B-ZB-BO,S-ZO-BR,S-ZO-UN,B-ZD-BR,S-ZD-BO,B-ZF-BR,S-ZF-BR,B-ZB-BR,B-ZO-BR,B-ZF-BR,B-ZB-BO,B-ZO-UN,B-ZO-UN,B-ZE-BR,S-ZF-BR,S-ZB-BR,B-ZC-BR,S-ZF-BR,S-ZE-BR,S-ZH-BO
329,,USDCAD,60,86400,BUY,ZB,1,1.40754,1.39994,760.0,1.41021,1.40478,543.0,71.447,0.00,276.0,179.4,1.40754,1.40478,1.41297,BOUNCE,2025.11.05 14:00,1,2025.11.07 17:00,1,2025.11.10 09:00,1,2025.11.18 22:00,3,1w 6d,NewYork,NA,,NA,,1.39718,BOUNCE,2025.11.18 22:00,1,2025.11.19 19:00,1,2025.11.20 21:00,1,2025.11.21 20:00,3,2d 22h,Other,NA,,NA,,1.41030,BREAK,2025.11.05 00:00,0,,0,,0,,0,NA,Asia,BOUNCE,2025.11.06 02:00,NA,,1.40202,BREAK,2025.11.10 09:00,0,,0,,0,,0,NA,London,BOUNCE,2025.11.13 21:00,NA,,S-ZF-BR,B-ZB-BO,S-ZO-BR,S-ZO-UN,B-ZD-BR,S-ZD-BO,B-ZF-BR,S-ZF-BR,B-ZB-BR,B-ZO-BR,B-ZO-UN,B-ZO-UN,B-ZE-BR,S-ZF-BR,S-ZB-BR,B-ZC-BR,S-ZF-BR,S-ZE-BR,S-ZH-BO,S-ZB-BO
330,,USDCAD,60,86400,BUY,ZO,0,1.41186,1.40884,302.0,1.41247,1.40897,350.0,115.894,0.00,289.0,71.3,1.41186,1.40897,1.41536,UNTOUCHED,,0,,0,,0,,0,NA,Other,NA,,NA,,1.40595,BREAK,2025.11.26 19:00,0,,0,,0,,0,NA,NewYork,BREAK,2025.11.28 16:00,BREAK,2025.11.28 17:00,1.41475,UNTOUCHED,,0,,0,,0,,0,NA,Other,NA,,NA,,1.40608,BREAK,2025.11.26 19:00,0,,0,,0,,0,NA,NewYork,BREAK,2025.11.28 03:00,BREAK,2025.11.28 17:00,B-ZB-BO,S-ZF-BR,B-ZB-BO,S-ZO-BR,S-ZO-UN,B-ZD-BR,S-ZD-BO,B-ZF-BR,S-ZF-BR,B-ZB-BR,B-ZO-UN,B-ZE-BR,S-ZF-BR,S-ZB-BR,B-ZC-BR,S-ZF-BR,S-ZE-BR,S-ZH-BO,S-ZB-BO,B-ZF-BO
331,,USDCAD,60,86400,BUY,ZO,0,1.39998,1.39547,451.0,1.40145,1.39678,467.0,103.548,0.00,320.0,106.4,1.39998,1.39678,1.40465,UNTOUCHED,,0,,0,,0,,0,NA,Other,NA,,NA,,1.39227,BREAK,2025.12.05 17:00,0,,0,,0,,0,NA,NewYork,BREAK,2025.12.05 18:00,BREAK,2025.12.05 21:00,1.40318,UNTOUCHED,,0,,0,,0,,0,NA,Other,NA,,NA,,1.39358,BREAK,2025.12.04 19:00,0,,0,,0,,0,NA,NewYork,BREAK,2025.12.05 18:00,BREAK,2025.12.05 19:00,B-ZO-UN,B-ZB-BO,S-ZF-BR,B-ZB-BO,S-ZO-BR,S-ZO-UN,B-ZD-BR,S-ZD-BO,B-ZF-BR,S-ZF-BR,B-ZE-BR,S-ZF-BR,S-ZB-BR,B-ZC-BR,S-ZF-BR,S-ZE-BR,S-ZH-BO,S-ZB-BO,B-ZF-BO,S-ZF-BO
332,,USDCAD,60,86400,BUY,ZE,1,1.38594,1.37999,595.0,1.38607,1.38235,372.0,62.521,0.00,359.0,140.4,1.38594,1.38235,1.38966,BREAK,2026.01.09 19:00,0,,0,,0,,0,NA,NewYork,UNTOUCHED,,NA,,1.37640,BREAK,2025.12.11 19:00,0,,0,,0,,0,NA,NewYork,BOUNCE,2025.12.17 06:00,NA,,1.38953,BREAK,2026.01.09 19:00,0,,0,,0,,0,NA,NewYork,UNTOUCHED,,NA,,1.37876,BREAK,2025.12.11 00:00,0,,0,,0,,0,NA,Asia,BOUNCE,2025.12.15 22:00,NA,,B-ZO-UN,B-ZO-UN,B-ZB-BO,S-ZF-BR,B-ZB-BO,S-ZO-BR,S-ZO-UN,B-ZD-BR,S-ZD-BO,B-ZF-BR,S-ZF-BR,S-ZB-BR,B-ZC-BR,S-ZF-BR,S-ZE-BR,S-ZH-BO,S-ZB-BO,B-ZF-BO,S-ZF-BO,B-ZC-BO
333,,USDCAD,60,86400,SELL,ZF,0,1.37884,1.37476,408.0,1.37812,1.37280,532.0,130.392,0.00,336.0,96.3,1.37812,1.37476,1.36944,BREAK,2025.12.23 17:00,0,,0,,0,,0,NA,NewYork,BREAK,2025.12.26 17:00,BREAK,2026.01.27 19:00,1.38220,BREAK,2026.01.07 04:00,0,,0,,0,,0,NA,Asia,BREAK,2026.01.08 05:00,BREAK,2026.01.09 19:00,1.37140,BREAK,2025.12.23 13:00,0,,0,,0,,0,NA,NewYork,BREAK,2025.12.24 15:00,BOUNCE,2025.12.29 10:00,1.38148,BOUNCE,2026.01.05 17:00,1,2026.01.23 21:00,1,2026.01.23 21:00,0,,2,2w 4d,NewYork,NA,,NA,,B-ZE-BR,B-ZO-UN,B-ZO-UN,B-ZB-BO,S-ZF-BR,B-ZB-BO,S-ZO-BR,S-ZO-UN,B-ZD-BR,S-ZD-BO,S-ZB-BR,B-ZC-BR,S-ZF-BR,S-ZE-BR,S-ZH-BO,S-ZB-BO,B-ZF-BO,S-ZF-BO,B-ZC-BO,B-ZD-BR
334,,USDCAD,60,86400,SELL,ZB,1,1.38036,1.37356,680.0,1.37538,1.36883,655.0,96.324,0.00,182.0,160.5,1.37538,1.37356,1.36701,BREAK,2025.12.24 15:00,0,,0,,0,,0,NA,NewYork,BOUNCE,2025.12.26 20:00,NA,,1.38218,BOUNCE,2026.01.07 04:00,1,2026.01.22 21:00,1,2026.01.23 21:00,1,2026.01.27 17:00,3,2w 6d,Asia,NA,,NA,,1.37174,BREAK,2025.12.24 00:00,0,,0,,0,,0,NA,Asia,BREAK,2025.12.24 05:00,BREAK,2025.12.26 17:00,1.37720,BREAK,2026.01.05 08:00,0,,0,,0,,0,NA,London,BREAK,2026.01.05 17:00,BREAK,2026.01.07 05:00,S-ZF-BR,B-ZE-BR,B-ZO-UN,B-ZO-UN,B-ZB-BO,S-ZF-BR,B-ZB-BO,S-ZO-BR,S-ZO-UN,B-ZD-BR,B-ZC-BR,S-ZF-BR,S-ZE-BR,S-ZH-BO,S-ZB-BO,B-ZF-BO,S-ZF-BO,B-ZC-BO,B-ZD-BR,S-ZB-BO
335,,USDCAD,60,86400,BUY,ZC,1,1.37011,1.36491,520.0,1.37087,1.36789,298.0,57.308,0.00,222.0,122.7,1.37011,1.36789,1.37309,BREAK,2026.01.02 16:00,0,,0,,0,,0,NA,NewYork,BREAK,2026.01.05 07:00,BREAK,2026.01.05 13:00,1.36269,BREAK,2026.01.27 19:00,0,,0,,0,,0,NA,NewYork,BREAK,2026.01.27 20:00,BREAK,2026.01.28 00:00,1.37233,BOUNCE,2025.12.31 19:00,1,2026.01.27 18:00,1,2026.01.27 19:00,0,,2,3w 6d,NewYork,NA,,NA,,1.36567,BREAK,2026.01.27 18:00,0,,0,,0,,0,NA,NewYork,BREAK,2026.01.27 19:00,BREAK,2026.01.27 20:00,S-ZB-BR,S-ZF-BR,B-ZE-BR,B-ZO-UN,B-ZO-UN,B-ZB-BO,S-ZF-BR,B-ZB-BO,S-ZO-BR,S-ZO-UN,S-ZF-BR,S-ZE-BR,S-ZH-BO,S-ZB-BO,B-ZF-BO,S-ZF-BO,B-ZC-BO,B-ZD-BR,S-ZB-BO,B-ZO-BR
336,,USDCAD,60,86400,SELL,ZF,1,1.39198,1.39083,115.0,1.39177,1.38672,505.0,439.130,0.00,94.0,27.1,1.39177,1.39083,1.38578,BREAK,2026.01.13 17:00,0,,0,,0,,0,NA,NewYork,BREAK,2026.01.20 09:00,BOUNCE,2026.01.20 11:00,1.39292,UNTOUCHED,,0,,0,,0,,0,NA,Other,NA,,NA,,1.38989,BREAK,2026.01.13 00:00,0,,0,,0,,0,NA,Asia,BREAK,2026.01.13 01:00,BREAK,2026.01.13 02:00,1.39271,BOUNCE,2026.01.16 21:00,1,2026.01.19 04:00,1,2026.01.19 04:00,0,,2,2d 7h,Other,NA,,NA,,B-ZC-BR,S-ZB-BR,S-ZF-BR,B-ZE-BR,B-ZO-UN,B-ZO-UN,B-ZB-BO,S-ZF-BR,B-ZB-BO,S-ZO-BR,S-ZE-BR,S-ZH-BO,S-ZB-BO,B-ZF-BO,S-ZF-BO,B-ZC-BO,B-ZD-BR,S-ZB-BO,B-ZO-BR,B-ZB-BR
337,,USDCAD,60,86400,SELL,ZE,1,1.39177,1.38672,505.0,1.38982,1.38550,432.0,85.545,0.00,310.0,119.2,1.38982,1.38672,1.38240,BREAK,2026.01.20 15:00,0,,0,,0,,0,NA,NewYork,BOUNCE,2026.01.21 21:00,NA,,1.39487,UNTOUCHED,,0,,0,,0,,0,NA,Other,NA,,NA,,1.38362,BREAK,2026.01.20 12:00,0,,0,,0,,0,NA,London,BREAK,2026.01.21 17:00,BREAK,2026.01.23 17:00,1.39292,UNTOUCHED,,0,,0,,0,,0,NA,Other,NA,,NA,,S-ZF-BR,B-ZC-BR,S-ZB-BR,S-ZF-BR,B-ZE-BR,B-ZO-UN,B-ZO-UN,B-ZB-BO,S-ZF-BR,B-ZB-BO,S-ZH-BO,S-ZB-BO,B-ZF-BO,S-ZF-BO,B-ZC-BO,B-ZD-BR,S-ZB-BO,B-ZO-BR,B-ZB-BR,B-ZE-UN
338,,USDCAD,60,86400,SELL,ZH,1,1.39190,1.39117,73.0,1.39169,1.38598,571.0,782.192,0.00,52.0,17.2,1.39169,1.39117,1.38546,BOUNCE,2026.01.20 07:00,1,2026.01.20 10:00,0,,0,,1,3h,London,NA,,NA,,1.39242,UNTOUCHED,,0,,0,,0,,0,NA,Other,NA,,NA,,1.39065,BREAK,2026.01.20 00:00,0,,0,,0,,0,NA,Asia,BREAK,2026.01.20 01:00,BREAK,2026.01.20 02:00,1.39221,UNTOUCHED,,0,,0,,0,,0,NA,Other,NA,,NA,,S-ZE-BR,S-ZF-BR,B-ZC-BR,S-ZB-BR,S-ZF-BR,B-ZE-BR,B-ZO-UN,B-ZO-UN,B-ZB-BO,S-ZF-BR,S-ZB-BO,B-ZF-BO,S-ZF-BO,B-ZC-BO,B-ZD-BR,S-ZB-BO,B-ZO-BR,B-ZB-BR,B-ZE-UN,S-ZD-BO
339,,USDCAD,60,86400,SELL,ZB,1,1.39169,1.38598,571.0,1.38789,1.38145,644.0,112.785,0.00,191.0,134.8,1.38789,1.38598,1.37954,BOUNCE,2026.01.21 17:00,1,2026.01.21 23:00,0,,0,,1,6h,NewYork,NA,,NA,,1.39360,UNTOUCHED,,0,,0,,0,,0,NA,Other,NA,,NA,,1.38407,BREAK,2026.01.21 00:00,0,,0,,0,,0,NA,Asia,BREAK,2026.01.21 16:00,BREAK,2026.01.21 18:00,1.38980,UNTOUCHED,,0,,0,,0,,0,NA,Other,NA,,NA,,S-ZH-BO,S-ZE-BR,S-ZF-BR,B-ZC-BR,S-ZB-BR,S-ZF-BR,B-ZE-BR,B-ZO-UN,B-ZO-UN,B-ZB-BO,B-ZF-BO,S-ZF-BO,B-ZC-BO,B-ZD-BR,S-ZB-BO,B-ZO-BR,B-ZB-BR,B-ZE-UN,S-ZD-BO,S-ZE-BR
340,,USDCAD,60,86400,BUY,ZF,1,1.36229,1.35880,349.0,1.37024,1.35969,1055.0,302.292,0.00,260.0,82.4,1.36229,1.35969,1.37284,BOUNCE,2026.03.03 18:00,1,2026.03.03 20:00,1,2026.03.07 01:00,1,2026.03.09 02:00,3,5d 8h,NewYork,NA,,NA,,1.35620,BREAK,2026.02.09 22:00,0,,0,,0,,0,NA,Other,BREAK,2026.02.10 19:00,BOUNCE,2026.02.11 15:00,1.36489,BREAK,2026.02.03 00:00,0,,0,,0,,0,NA,Asia,BREAK,2026.02.03 03:00,BREAK,2026.02.06 01:00,1.35709,BREAK,2026.02.09 20:00,0,,0,,0,,0,NA,NewYork,BREAK,2026.02.10 18:00,BREAK,2026.02.11 13:00,S-ZB-BO,S-ZH-BO,S-ZE-BR,S-ZF-BR,B-ZC-BR,S-ZB-BR,S-ZF-BR,B-ZE-BR,B-ZO-UN,B-ZO-UN,S-ZF-BO,B-ZC-BO,B-ZD-BR,S-ZB-BO,B-ZO-BR,B-ZB-BR,B-ZE-UN,S-ZD-BO,S-ZE-BR,B-ZF-BR
341,,USDCAD,60,86400,SELL,ZF,1,1.36762,1.36455,307.0,1.36740,1.35563,1177.0,383.388,0.00,285.0,72.5,1.36740,1.36455,1.35278,BOUNCE,2026.02.10 19:00,1,2026.02.11 17:00,1,2026.02.19 08:00,1,2026.02.19 17:00,3,1w 1d,NewYork,NA,,NA,,1.37047,BREAK,2026.02.19 17:00,0,,0,,0,,0,NA,NewYork,BOUNCE,2026.03.03 18:00,NA,,1.36170,BREAK,2026.02.10 00:00,0,,0,,0,,0,NA,Asia,BREAK,2026.02.10 01:00,BREAK,2026.02.10 02:00,1.37025,BOUNCE,2026.02.19 08:00,1,2026.03.05 17:00,1,2026.03.05 17:00,0,,2,2w 0d,London,NA,,NA,,B-ZF-BO,S-ZB-BO,S-ZH-BO,S-ZE-BR,S-ZF-BR,B-ZC-BR,S-ZB-BR,S-ZF-BR,B-ZE-BR,B-ZO-UN,B-ZC-BO,B-ZD-BR,S-ZB-BO,B-ZO-BR,B-ZB-BR,B-ZE-UN,S-ZD-BO,S-ZE-BR,B-ZF-BR,B-ZD-BR
342,,USDCAD,60,86400,BUY,ZC,1,1.36388,1.36000,388.0,1.36927,1.36265,662.0,170.619,0.00,123.0,91.6,1.36388,1.36265,1.37050,BOUNCE,2026.02.19 17:00,1,2026.02.19 19:00,1,2026.03.06 20:00,1,2026.03.06 22:00,3,2w 1d,NewYork,NA,,NA,,1.35877,BOUNCE,2026.03.06 22:00,1,2026.03.12 18:00,1,2026.03.13 10:00,1,2026.03.13 17:00,3,6d 19h,Other,NA,,NA,,1.36511,BREAK,2026.02.18 06:00,0,,0,,0,,0,NA,Asia,BOUNCE,2026.02.18 14:00,NA,,1.36142,BREAK,2026.03.06 20:00,0,,0,,0,,0,NA,NewYork,BREAK,2026.03.06 22:00,BREAK,2026.03.06 23:00,S-ZF-BO,B-ZF-BO,S-ZB-BO,S-ZH-BO,S-ZE-BR,S-ZF-BR,B-ZC-BR,S-ZB-BR,S-ZF-BR,B-ZE-BR,B-ZD-BR,S-ZB-BO,B-ZO-BR,B-ZB-BR,B-ZE-UN,S-ZD-BO,S-ZE-BR,B-ZF-BR,B-ZD-BR,B-ZB-BR
343,,USDCAD,60,86400,BUY,ZD,1,1.36999,1.36485,514.0,1.37252,1.36858,394.0,76.654,0.00,141.0,121.3,1.36999,1.36858,1.37393,BREAK,2026.03.03 19:00,0,,0,,0,,0,NA,NewYork,BOUNCE,2026.03.23 15:00,NA,,1.36344,BOUNCE,2026.02.27 19:00,1,2026.03.02 03:00,1,2026.03.02 20:00,1,2026.03.03 19:00,3,4d 0h,NewYork,NA,,NA,,1.37140,BOUNCE,2026.03.02 20:00,1,2026.03.02 23:00,1,2026.03.04 23:00,0,,2,2d 3h,NewYork,NA,,NA,,1.36717,BREAK,2026.02.26 02:00,0,,0,,0,,0,NA,Asia,BOUNCE,2026.02.27 18:00,NA,,B-ZC-BO,S-ZF-BO,B-ZF-BO,S-ZB-BO,S-ZH-BO,S-ZE-BR,S-ZF-BR,B-ZC-BR,S-ZB-BR,S-ZF-BR,S-ZB-BO,B-ZO-BR,B-ZB-BR,B-ZE-UN,S-ZD-BO,S-ZE-BR,B-ZF-BR,B-ZD-BR,B-ZB-BR,S-ZH-BR
344,,USDCAD,60,86400,SELL,ZB,1,1.37122,1.36591,531.0,1.36848,1.36251,597.0,112.429,0.00,257.0,125.3,1.36848,1.36591,1.35994,BOUNCE,2026.03.06 20:00,1,2026.03.13 10:00,1,2026.03.13 17:00,1,2026.03.13 20:00,3,1w 0d,NewYork,NA,,NA,,1.37379,BREAK,2026.03.03 19:00,0,,0,,0,,0,NA,NewYork,BREAK,2026.03.24 21:00,BREAK,2026.03.25 19:00,1.36334,BOUNCE,2026.02.28 00:00,1,2026.03.02 20:00,1,2026.03.03 19:00,0,,2,3d 19h,Asia,NA,,NA,,1.37105,BOUNCE,2026.03.02 20:00,1,2026.03.05 00:00,1,2026.03.05 00:00,0,,2,2d 4h,NewYork,NA,,NA,,B-ZD-BR,B-ZC-BO,S-ZF-BO,B-ZF-BO,S-ZB-BO,S-ZH-BO,S-ZE-BR,S-ZF-BR,B-ZC-BR,S-ZB-BR,B-ZO-BR,B-ZB-BR,B-ZE-UN,S-ZD-BO,S-ZE-BR,B-ZF-BR,B-ZD-BR,B-ZB-BR,S-ZH-BR,B-ZE-BR
345,,USDCAD,60,86400,BUY,ZO,0,1.37186,1.36337,849.0,1.37528,1.36533,995.0,117.197,0.00,653.0,200.4,1.37186,1.36533,1.38181,BREAK,2026.03.25 23:00,0,,0,,0,,0,NA,Other,BREAK,2026.03.30 12:00,BOUNCE,2026.04.01 17:00,1.35684,BREAK,2026.03.07 01:00,0,,0,,0,,0,NA,Asia,UNTOUCHED,,NA,,1.37839,BREAK,2026.03.24 21:00,0,,0,,0,,0,NA,Other,BREAK,2026.03.27 16:00,BREAK,2026.03.30 19:00,1.35880,BREAK,2026.03.06 22:00,0,,0,,0,,0,NA,Other,UNTOUCHED,,NA,,S-ZB-BO,B-ZD-BR,B-ZC-BO,S-ZF-BO,B-ZF-BO,S-ZB-BO,S-ZH-BO,S-ZE-BR,S-ZF-BR,B-ZC-BR,B-ZB-BR,B-ZE-UN,S-ZD-BO,S-ZE-BR,B-ZF-BR,B-ZD-BR,B-ZB-BR,S-ZH-BR,B-ZE-BR,B-ZB-BR
346,,USDCAD,60,86400,BUY,ZB,1,1.37546,1.36699,847.0,1.37854,1.37093,761.0,89.847,0.00,453.0,199.9,1.37546,1.37093,1.38307,BREAK,2026.03.26 06:00,0,,0,,0,,0,NA,Asia,BREAK,2026.03.30 03:00,BREAK,2026.03.30 19:00,1.36246,BREAK,2026.04.27 12:00,0,,0,,0,,0,NA,London,BREAK,2026.05.01 16:00,UNTOUCHED,,1.37999,BREAK,2026.03.25 15:00,0,,0,,0,,0,NA,NewYork,BREAK,2026.03.27 00:00,BREAK,2026.03.30 13:00,1.36640,BOUNCE,2026.04.17 16:00,0,,0,,0,,0,NA,NewYork,NA,,NA,,B-ZO-BR,S-ZB-BO,B-ZD-BR,B-ZC-BO,S-ZF-BO,B-ZF-BO,S-ZB-BO,S-ZH-BO,S-ZE-BR,S-ZF-BR,B-ZE-UN,S-ZD-BO,S-ZE-BR,B-ZF-BR,B-ZD-BR,B-ZB-BR,S-ZH-BR,B-ZE-BR,B-ZB-BR,B-ZB-PE
347,,USDCAD,60,86400,BUY,ZE,1,1.39455,1.38749,706.0,1.39668,1.39094,574.0,81.303,0.00,361.0,166.6,1.39455,1.39094,1.40029,UNTOUCHED,,0,,0,,0,,0,NA,Other,NA,,NA,,1.38388,BREAK,2026.04.08 04:00,0,,0,,0,,0,NA,Asia,BOUNCE,2026.04.11 00:00,NA,,1.39816,UNTOUCHED,,0,,0,,0,,0,NA,Other,NA,,NA,,1.38733,BOUNCE,2026.04.01 21:00,0,,0,,0,,0,NA,Other,NA,,NA,,B-ZB-BR,B-ZO-BR,S-ZB-BO,B-ZD-BR,B-ZC-BO,S-ZF-BO,B-ZF-BO,S-ZB-BO,S-ZH-BO,S-ZE-BR,S-ZD-BO,S-ZE-BR,B-ZF-BR,B-ZD-BR,B-ZB-BR,S-ZH-BR,B-ZE-BR,B-ZB-BR,B-ZB-PE,
348,,USDCAD,60,86400,SELL,ZD,1,1.39476,1.39022,454.0,1.39298,1.38890,408.0,89.868,0.00,276.0,107.1,1.39298,1.39022,1.38614,BOUNCE,2026.04.08 02:00,0,,0,,0,,0,NA,Asia,NA,,NA,,1.39752,UNTOUCHED,,0,,0,,0,,0,NA,Other,NA,,NA,,1.38746,BREAK,2026.04.08 02:00,0,,0,,0,,0,NA,Asia,BREAK,2026.04.08 04:00,BREAK,2026.04.09 19:00,1.39574,UNTOUCHED,,0,,0,,0,,0,NA,Other,NA,,NA,,B-ZE-UN,B-ZB-BR,B-ZO-BR,S-ZB-BO,B-ZD-BR,B-ZC-BO,S-ZF-BO,B-ZF-BO,S-ZB-BO,S-ZH-BO,S-ZE-BR,B-ZF-BR,B-ZD-BR,B-ZB-BR,S-ZH-BR,B-ZE-BR,B-ZB-BR,B-ZB-PE,,
349,,USDCAD,60,86400,SELL,ZE,1,1.37094,1.36349,745.0,1.36769,1.36310,459.0,61.611,0.00,420.0,175.8,1.36769,1.36349,1.35890,BREAK,2026.04.30 22:00,0,,0,,0,,0,NA,Other,UNTOUCHED,,NA,,1.37514,BREAK,2026.05.15 09:00,0,,0,,0,,0,NA,London,BREAK,2026.05.22 18:00,BREAK,2026.05.28 05:00,1.35929,BREAK,2026.04.30 22:00,0,,0,,0,,0,NA,Other,BOUNCE,2026.05.01 22:00,NA,,1.37189,BREAK,2026.05.12 17:00,0,,0,,0,,0,NA,NewYork,BREAK,2026.05.20 13:00,BREAK,2026.05.22 19:00,S-ZD-BO,B-ZE-UN,B-ZB-BR,B-ZO-BR,S-ZB-BO,B-ZD-BR,B-ZC-BO,S-ZF-BO,B-ZF-BO,S-ZB-BO,B-ZF-BR,B-ZD-BR,B-ZB-BR,S-ZH-BR,B-ZE-BR,B-ZB-BR,B-ZB-PE,,,
350,,USDCAD,60,86400,BUY,ZF,0,1.36825,1.35975,850.0,1.36916,1.36126,790.0,92.941,0.00,699.0,200.6,1.36825,1.36126,1.37615,BREAK,2026.05.15 17:00,0,,0,,0,,0,NA,NewYork,BREAK,2026.05.27 18:00,BREAK,2026.06.04 11:00,1.35276,UNTOUCHED,,0,,0,,0,,0,NA,Other,NA,,NA,,1.37524,BREAK,2026.05.15 09:00,0,,0,,0,,0,NA,London,BREAK,2026.05.27 18:00,BREAK,2026.06.04 10:00,1.35427,UNTOUCHED,,0,,0,,0,,0,NA,Other,NA,,NA,,S-ZE-BR,S-ZD-BO,B-ZE-UN,B-ZB-BR,B-ZO-BR,S-ZB-BO,B-ZD-BR,B-ZC-BO,S-ZF-BO,B-ZF-BO,B-ZD-BR,B-ZB-BR,S-ZH-BR,B-ZE-BR,B-ZB-BR,B-ZB-PE,,,,
351,,USDCAD,60,86400,BUY,ZD,1,1.36194,1.35771,423.0,1.36301,1.36041,260.0,61.466,0.00,153.0,99.8,1.36194,1.36041,1.36454,BREAK,2026.05.07 23:00,0,,0,,0,,0,NA,Other,BOUNCE,2026.05.08 13:00,NA,,1.35618,UNTOUCHED,,0,,0,,0,,0,NA,Other,NA,,NA,,1.36347,BOUNCE,2026.05.06 20:00,0,,0,,0,,0,NA,NewYork,NA,,NA,,1.35888,BREAK,2026.05.06 08:00,0,,0,,0,,0,NA,London,UNTOUCHED,,NA,,B-ZF-BR,S-ZE-BR,S-ZD-BO,B-ZE-UN,B-ZB-BR,B-ZO-BR,S-ZB-BO,B-ZD-BR,B-ZC-BO,S-ZF-BO,B-ZB-BR,S-ZH-BR,B-ZE-BR,B-ZB-BR,B-ZB-PE,,,,,
352,,USDCAD,60,86400,BUY,ZB,1,1.36946,1.36482,464.0,1.37243,1.36688,555.0,119.612,0.00,258.0,109.5,1.36946,1.36688,1.37501,BREAK,2026.05.15 09:00,0,,0,,0,,0,NA,London,BOUNCE,2026.05.20 18:00,NA,,1.36224,UNTOUCHED,,0,,0,,0,,0,NA,Other,NA,,NA,,1.37204,BREAK,2026.05.14 15:00,0,,0,,0,,0,NA,NewYork,BREAK,2026.05.15 09:00,BOUNCE,2026.05.19 23:00,1.36430,UNTOUCHED,,0,,0,,0,,0,NA,Other,NA,,NA,,B-ZD-BR,B-ZF-BR,S-ZE-BR,S-ZD-BO,B-ZE-UN,B-ZB-BR,B-ZO-BR,S-ZB-BO,B-ZD-BR,B-ZC-BO,S-ZH-BR,B-ZE-BR,B-ZB-BR,B-ZB-PE,,,,,,
353,,USDCAD,60,86400,SELL,ZH,1,1.38238,1.38112,126.0,1.38205,1.37933,272.0,215.873,0.00,93.0,29.7,1.38205,1.38112,1.37840,BREAK,2026.05.28 21:00,0,,0,,0,,0,NA,Other,BOUNCE,2026.05.28 23:00,NA,,1.38331,BREAK,2026.05.27 14:00,0,,0,,0,,0,NA,NewYork,BREAK,2026.05.27 18:00,BREAK,2026.05.28 06:00,1.38019,BREAK,2026.05.26 00:00,0,,0,,0,,0,NA,Asia,BREAK,2026.05.28 20:00,BREAK,2026.05.28 22:00,1.38298,BREAK,2026.05.27 14:00,0,,0,,0,,0,NA,NewYork,BOUNCE,2026.05.27 16:00,NA,,B-ZB-BR,B-ZD-BR,B-ZF-BR,S-ZE-BR,S-ZD-BO,B-ZE-UN,B-ZB-BR,B-ZO-BR,S-ZB-BO,B-ZD-BR,B-ZE-BR,B-ZB-BR,B-ZB-PE,,,,,,,
354,,USDCAD,60,86400,BUY,ZE,1,1.38493,1.37891,602.0,1.38541,1.38149,392.0,65.116,0.00,344.0,142.1,1.38493,1.38149,1.38885,BREAK,2026.06.03 19:00,0,,0,,0,,0,NA,NewYork,BOUNCE,2026.06.04 16:00,NA,,1.37547,PENDING,,0,,0,,0,,0,NA,Other,NA,,NA,,1.38837,BREAK,2026.06.03 19:00,0,,0,,0,,0,NA,NewYork,BOUNCE,2026.06.04 17:00,NA,,1.37805,PENDING,,0,,0,,0,,0,NA,Other,NA,,NA,,S-ZH-BR,B-ZB-BR,B-ZD-BR,B-ZF-BR,S-ZE-BR,S-ZD-BO,B-ZE-UN,B-ZB-BR,B-ZO-BR,S-ZB-BO,B-ZB-BR,B-ZB-PE,,,,,,,,
355,,USDCAD,60,86400,BUY,ZB,1,1.39942,1.39504,438.0,1.40186,1.39783,403.0,92.009,0.00,159.0,103.4,1.39942,1.39783,1.40345,BREAK,2026.06.17 20:00,0,,0,,0,,0,NA,NewYork,BREAK,2026.06.17 23:00,BREAK,2026.06.18 00:00,1.39345,PENDING,,0,,0,,0,,0,NA,Other,NA,,NA,,1.40101,BREAK,2026.06.17 14:00,0,,0,,0,,0,NA,NewYork,BREAK,2026.06.17 20:00,BREAK,2026.06.17 22:00,1.39624,PENDING,,0,,0,,0,,0,NA,Other,NA,,NA,,B-ZE-BR,S-ZH-BR,B-ZB-BR,B-ZD-BR,B-ZF-BR,S-ZE-BR,S-ZD-BO,B-ZE-UN,B-ZB-BR,B-ZO-BR,B-ZB-PE,,,,,,,,,
356,,USDCAD,60,86400,BUY,ZB,1,1.41469,1.40937,532.0,1.41833,1.41162,671.0,126.128,0.00,307.0,125.6,1.41469,1.41162,1.42140,PENDING,2026.06.23 21:00,0,,0,,0,,0,NA,Other,NA,,NA,,1.40630,PENDING,,0,,0,,0,,0,NA,Other,NA,,NA,,1.41776,BREAK,2026.06.20 00:00,0,,0,,0,,0,NA,Asia,PENDING,,NA,,1.40855,PENDING,,0,,0,,0,,0,NA,Other,NA,,NA,,B-ZB-BR,B-ZE-BR,S-ZH-BR,B-ZB-BR,B-ZD-BR,B-ZF-BR,S-ZE-BR,S-ZD-BO,B-ZE-UN,B-ZB-BR,,,,,,,,,,
