AngleID,FormTime,Symbol,TF,UnitSeconds,Dir,Class,Confirmed,U2_High,U2_Low,U2_Range,U1_High,U1_Low,U1_Range,Ratio_U1_U2_pct,Corr_pct,L_points,B_points,DiagTop,DiagBot,U1X1_Level,U1X1_React,U1X1_TouchTime,U1X1_TP1_Hit,U1X1_TP1_Time,U1X1_TP2_Hit,U1X1_TP2_Time,U1X1_TP3_Hit,U1X1_TP3_Time,U1X1_MaxTP,U1X1_Dur,U1X1_Session,U1X1_X2_React,U1X1_X2_Time,U1X1_X3_React,U1X1_X3_Time,U2X1_Level,U2X1_React,U2X1_TouchTime,U2X1_TP1_Hit,U2X1_TP1_Time,U2X1_TP2_Hit,U2X1_TP2_Time,U2X1_TP3_Hit,U2X1_TP3_Time,U2X1_MaxTP,U2X1_Dur,U2X1_Session,U2X1_X2_React,U2X1_X2_Time,U2X1_X3_React,U2X1_X3_Time,DLX1_Level,DLX1_React,DLX1_TouchTime,DLX1_TP1_Hit,DLX1_TP1_Time,DLX1_TP2_Hit,DLX1_TP2_Time,DLX1_TP3_Hit,DLX1_TP3_Time,DLX1_MaxTP,DLX1_Dur,DLX1_Session,DLX1_X2_React,DLX1_X2_Time,DLX1_X3_React,DLX1_X3_Time,DRX1_Level,DRX1_React,DRX1_TouchTime,DRX1_TP1_Hit,DRX1_TP1_Time,DRX1_TP2_Hit,DRX1_TP2_Time,DRX1_TP3_Hit,DRX1_TP3_Time,DRX1_MaxTP,DRX1_Dur,DRX1_Session,DRX1_X2_React,DRX1_X2_Time,DRX1_X3_React,DRX1_X3_Time,Left_1,Left_2,Left_3,Left_4,Left_5,Left_6,Left_7,Left_8,Left_9,Left_10,Right_1,Right_2,Right_3,Right_4,Right_5,Right_6,Right_7,Right_8,Right_9,Right_10
1,2010.02.04 00:00,USDCAD,60,86400,SELL,ZO,0,1.06378,1.05646,732.0,1.06289,1.05452,837.0,114.344,12.16,643.0,172.8,1.06289,1.05646,1.04809,BOUNCE,2010.02.11 21:00,1,2010.02.25 16:00,0,,0,,1,1w 6d,Other,NA,,NA,,1.07021,BREAK,2010.02.04 19:00,0,,0,,0,,0,NA,NewYork,BOUNCE,2010.02.05 16:00,NA,,1.05003,BREAK,2010.02.11 20:00,0,,0,,0,,0,NA,NewYork,BREAK,2010.02.16 18:00,BOUNCE,2010.02.22 19:00,1.06932,BREAK,2010.02.04 18:00,0,,0,,0,,0,NA,NewYork,BREAK,2010.02.05 13:00,UNTOUCHED,,,,,,,,,,,,B-ZD-UN,B-ZO-UN,S-ZD-BR,S-ZB-BR,S-ZB-BO,B-ZF-BO,B-ZE-BO,B-ZG-UN,S-ZG-BR,S-ZC-BO
2,2010.02.05 00:00,USDCAD,60,86400,BUY,ZD,1,1.06289,1.05452,837.0,1.07510,1.05965,1545.0,184.588,61.29,324.0,197.5,1.06289,1.05965,1.07834,UNTOUCHED,,0,,0,,0,,0,NA,Other,NA,,NA,,1.05128,BOUNCE,2010.02.11 19:00,1,2010.02.23 22:00,1,2010.02.25 17:00,0,,2,1w 6d,NewYork,NA,,NA,,1.06613,BREAK,2010.02.05 00:00,0,,0,,0,,0,NA,Asia,BREAK,2010.02.05 01:00,BREAK,2010.02.05 11:00,1.05641,BOUNCE,2010.02.11 16:00,1,2010.02.25 17:00,1,2010.02.25 17:00,0,,2,2w 0d,NewYork,NA,,NA,,S-ZO-BO,,,,,,,,,,B-ZO-UN,S-ZD-BR,S-ZB-BR,S-ZB-BO,B-ZF-BO,B-ZE-BO,B-ZG-UN,S-ZG-BR,S-ZC-BO,S-ZO-BR
3,2010.02.06 00:00,USDCAD,60,86400,BUY,ZO,0,1.07510,1.05965,1545.0,1.07791,1.06435,1356.0,87.767,30.42,1075.0,364.6,1.07510,1.06435,1.08866,UNTOUCHED,,0,,0,,0,,0,NA,Other,NA,,NA,,1.04890,BREAK,2010.02.11 21:00,0,,0,,0,,0,NA,Other,BOUNCE,2010.02.23 18:00,NA,,1.08585,UNTOUCHED,,0,,0,,0,,0,NA,Other,NA,,NA,,1.05360,BREAK,2010.02.11 19:00,0,,0,,0,,0,NA,NewYork,BREAK,2010.02.19 21:00,BREAK,2010.03.03 19:00,B-ZD-UN,S-ZO-BO,,,,,,,,,S-ZD-BR,S-ZB-BR,S-ZB-BO,B-ZF-BO,B-ZE-BO,B-ZG-UN,S-ZG-BR,S-ZC-BO,S-ZO-BR,S-ZG-BR
4,2010.02.11 00:00,USDCAD,60,86400,SELL,ZD,1,1.07721,1.06443,1278.0,1.07065,1.05972,1093.0,85.524,51.33,622.0,301.6,1.07065,1.06443,1.05350,BREAK,2010.02.11 19:00,0,,0,,0,,0,NA,NewYork,BREAK,2010.02.16 16:00,BOUNCE,2010.02.18 03:00,1.08343,UNTOUCHED,,0,,0,,0,,0,NA,Other,NA,,NA,,1.05821,BREAK,2010.02.11 03:00,0,,0,,0,,0,NA,Asia,BREAK,2010.02.11 21:00,BREAK,2010.02.16 18:00,1.07687,UNTOUCHED,,0,,0,,0,,0,NA,Other,NA,,NA,,B-ZO-UN,B-ZD-UN,S-ZO-BO,,,,,,,,S-ZB-BR,S-ZB-BO,B-ZF-BO,B-ZE-BO,B-ZG-UN,S-ZG-BR,S-ZC-BO,S-ZO-BR,S-ZG-BR,S-ZD-BR
5,2010.02.12 00:00,USDCAD,60,86400,SELL,ZB,1,1.07065,1.05972,1093.0,1.06330,1.04791,1539.0,140.805,67.25,358.0,257.9,1.06330,1.05972,1.04433,BREAK,2010.02.16 16:00,0,,0,,0,,0,NA,NewYork,BOUNCE,2010.02.19 00:00,NA,,1.07423,UNTOUCHED,,0,,0,,0,,0,NA,Other,NA,,NA,,1.05614,BREAK,2010.02.12 00:00,0,,0,,0,,0,NA,Asia,BREAK,2010.02.12 01:00,BOUNCE,2010.02.12 12:00,1.06688,BOUNCE,2010.02.25 17:00,1,2010.02.26 13:00,1,2010.02.26 13:00,0,,2,20h,NewYork,NA,,NA,,S-ZD-BR,B-ZO-UN,B-ZD-UN,S-ZO-BO,,,,,,,S-ZB-BO,B-ZF-BO,B-ZE-BO,B-ZG-UN,S-ZG-BR,S-ZC-BO,S-ZO-BR,S-ZG-BR,S-ZD-BR,S-ZG-BO
6,2010.02.17 00:00,USDCAD,60,86400,SELL,ZB,1,1.05319,1.04625,694.0,1.04976,1.04092,884.0,127.378,49.42,351.0,163.8,1.04976,1.04625,1.03741,BOUNCE,2010.02.22 04:00,1,2010.02.23 14:00,1,2010.02.23 20:00,1,2010.02.23 20:00,3,1d 16h,Asia,NA,,NA,,1.05670,BOUNCE,2010.02.23 20:00,1,2010.03.01 12:00,1,2010.03.01 19:00,1,2010.03.02 12:00,3,6d 16h,NewYork,NA,,NA,,1.04274,BREAK,2010.02.17 11:00,0,,0,,0,,0,NA,London,BREAK,2010.02.22 03:00,BREAK,2010.03.02 15:00,1.05327,BREAK,2010.02.23 20:00,0,,0,,0,,0,NA,NewYork,BOUNCE,2010.02.24 05:00,NA,,S-ZB-BR,S-ZD-BR,B-ZO-UN,B-ZD-UN,S-ZO-BO,,,,,,B-ZF-BO,B-ZE-BO,B-ZG-UN,S-ZG-BR,S-ZC-BO,S-ZO-BR,S-ZG-BR,S-ZD-BR,S-ZG-BO,B-ZO-UN
7,2010.02.24 00:00,USDCAD,60,86400,BUY,ZF,1,1.04399,1.03693,706.0,1.05783,1.03805,1978.0,280.170,15.86,594.0,166.6,1.04399,1.03805,1.06377,BOUNCE,2010.02.25 16:00,1,2010.02.26 19:00,1,2010.03.02 17:00,1,2010.03.02 17:00,3,5d 1h,NewYork,NA,,NA,,1.03099,BREAK,2010.03.02 17:00,0,,0,,0,,0,NA,NewYork,BOUNCE,2010.03.09 14:00,NA,,1.04993,BREAK,2010.02.24 00:00,0,,0,,0,,0,NA,Asia,BREAK,2010.02.24 11:00,BREAK,2010.02.25 16:00,1.03211,BREAK,2010.03.02 17:00,0,,0,,0,,0,NA,NewYork,BREAK,2010.03.09 20:00,BREAK,2010.03.12 15:00,S-ZB-BO,S-ZB-BR,S-ZD-BR,B-ZO-UN,B-ZD-UN,S-ZO-BO,,,,,B-ZE-BO,B-ZG-UN,S-ZG-BR,S-ZC-BO,S-ZO-BR,S-ZG-BR,S-ZD-BR,S-ZG-BO,B-ZO-UN,S-ZB-BR
8,2010.02.25 00:00,USDCAD,60,86400,BUY,ZE,1,1.05783,1.03805,1978.0,1.05928,1.05098,830.0,41.962,65.37,685.0,466.8,1.05783,1.05098,1.06613,BOUNCE,2010.02.25 17:00,1,2010.02.26 19:00,1,2010.03.01 19:00,1,2010.03.02 17:00,3,5d 0h,NewYork,NA,,NA,,1.03120,BREAK,2010.03.02 17:00,0,,0,,0,,0,NA,NewYork,BOUNCE,2010.03.11 16:00,NA,,1.06468,BOUNCE,2010.02.25 17:00,1,2010.03.01 19:00,1,2010.03.02 17:00,0,,2,5d 0h,NewYork,NA,,NA,,1.04413,BREAK,2010.03.01 19:00,0,,0,,0,,0,NA,NewYork,BREAK,2010.03.02 17:00,BREAK,2010.03.08 16:00,B-ZF-BO,S-ZB-BO,S-ZB-BR,S-ZD-BR,B-ZO-UN,B-ZD-UN,S-ZO-BO,,,,B-ZG-UN,S-ZG-BR,S-ZC-BO,S-ZO-BR,S-ZG-BR,S-ZD-BR,S-ZG-BO,B-ZO-UN,S-ZB-BR,S-ZB-BR
9,2010.02.26 00:00,USDCAD,60,86400,BUY,ZG,1,1.05928,1.05098,830.0,1.06792,1.05130,1662.0,200.241,3.86,798.0,195.9,1.05928,1.05130,1.07590,UNTOUCHED,,0,,0,,0,,0,NA,Other,NA,,NA,,1.04300,BREAK,2010.03.01 19:00,0,,0,,0,,0,NA,NewYork,BREAK,2010.03.02 17:00,BREAK,2010.03.08 17:00,1.06726,UNTOUCHED,,0,,0,,0,,0,NA,Other,NA,,NA,,1.04332,BREAK,2010.03.01 19:00,0,,0,,0,,0,NA,NewYork,BREAK,2010.03.02 17:00,BREAK,2010.03.08 17:00,B-ZE-BO,B-ZF-BO,S-ZB-BO,S-ZB-BR,S-ZD-BR,B-ZO-UN,B-ZD-UN,S-ZO-BO,,,S-ZG-BR,S-ZC-BO,S-ZO-BR,S-ZG-BR,S-ZD-BR,S-ZG-BO,B-ZO-UN,S-ZB-BR,S-ZB-BR,B-ZF-UN
10,2010.02.27 00:00,USDCAD,60,86400,SELL,ZG,0,1.06792,1.05130,1662.0,1.06179,1.05118,1061.0,63.839,36.88,1049.0,392.2,1.06179,1.05130,1.04069,BREAK,2010.03.02 10:00,0,,0,,0,,0,NA,London,BREAK,2010.03.05 17:00,BREAK,2010.03.12 15:00,1.07841,UNTOUCHED,,0,,0,,0,,0,NA,Other,NA,,NA,,1.04081,BREAK,2010.03.02 03:00,0,,0,,0,,0,NA,Asia,BREAK,2010.03.05 17:00,BREAK,2010.03.12 15:00,1.07228,UNTOUCHED,,0,,0,,0,,0,NA,Other,NA,,NA,,B-ZG-UN,B-ZE-BO,B-ZF-BO,S-ZB-BO,S-ZB-BR,S-ZD-BR,B-ZO-UN,B-ZD-UN,S-ZO-BO,,S-ZC-BO,S-ZO-BR,S-ZG-BR,S-ZD-BR,S-ZG-BO,B-ZO-UN,S-ZB-BR,S-ZB-BR,B-ZF-UN,B-ZG-BR
11,2010.03.04 00:00,USDCAD,60,86400,SELL,ZC,1,1.04419,1.03083,1336.0,1.03648,1.02737,911.0,68.189,57.71,565.0,315.3,1.03648,1.03083,1.02172,BOUNCE,2010.03.10 19:00,0,,0,,0,,0,NA,NewYork,NA,,NA,,1.04984,UNTOUCHED,,0,,0,,0,,0,NA,Other,NA,,NA,,1.02518,BOUNCE,2010.03.08 17:00,0,,0,,0,,0,NA,NewYork,NA,,NA,,1.04213,UNTOUCHED,,0,,0,,0,,0,NA,Other,NA,,NA,,S-ZG-BR,B-ZG-UN,B-ZE-BO,B-ZF-BO,S-ZB-BO,S-ZB-BR,S-ZD-BR,B-ZO-UN,B-ZD-UN,S-ZO-BO,S-ZO-BR,S-ZG-BR,S-ZD-BR,S-ZG-BO,B-ZO-UN,S-ZB-BR,S-ZB-BR,B-ZF-UN,B-ZG-BR,S-ZG-BR
12,2010.03.05 00:00,USDCAD,60,86400,SELL,ZO,0,1.03648,1.02737,911.0,1.03385,1.02697,688.0,75.521,28.87,648.0,215.0,1.03385,1.02737,1.02049,BREAK,2010.03.12 15:00,0,,0,,0,,0,NA,NewYork,BREAK,2010.03.17 11:00,BOUNCE,2010.03.18 18:00,1.04296,UNTOUCHED,,0,,0,,0,,0,NA,Other,NA,,NA,,1.02089,BREAK,2010.03.12 15:00,0,,0,,0,,0,NA,NewYork,BREAK,2010.03.17 10:00,BOUNCE,2010.03.19 00:00,1.04033,UNTOUCHED,,0,,0,,0,,0,NA,Other,NA,,NA,,S-ZC-BO,S-ZG-BR,B-ZG-UN,B-ZE-BO,B-ZF-BO,S-ZB-BO,S-ZB-BR,S-ZD-BR,B-ZO-UN,B-ZD-UN,S-ZG-BR,S-ZD-BR,S-ZG-BO,B-ZO-UN,S-ZB-BR,S-ZB-BR,B-ZF-UN,B-ZG-BR,S-ZG-BR,S-ZC-BR
13,2010.03.06 00:00,USDCAD,60,86400,SELL,ZG,0,1.03385,1.02697,688.0,1.03310,1.02599,711.0,103.343,10.90,613.0,162.4,1.03310,1.02697,1.01986,BREAK,2010.03.12 15:00,0,,0,,0,,0,NA,NewYork,BREAK,2010.03.17 11:00,BOUNCE,2010.03.18 18:00,1.03998,UNTOUCHED,,0,,0,,0,,0,NA,Other,NA,,NA,,1.02084,BREAK,2010.03.12 15:00,0,,0,,0,,0,NA,NewYork,BREAK,2010.03.17 09:00,BOUNCE,2010.03.19 00:00,1.03923,UNTOUCHED,,0,,0,,0,,0,NA,Other,NA,,NA,,S-ZO-BR,S-ZC-BO,S-ZG-BR,B-ZG-UN,B-ZE-BO,B-ZF-BO,S-ZB-BO,S-ZB-BR,S-ZD-BR,B-ZO-UN,S-ZD-BR,S-ZG-BO,B-ZO-UN,S-ZB-BR,S-ZB-BR,B-ZF-UN,B-ZG-BR,S-ZG-BR,S-ZC-BR,S-ZF-BR
14,2010.03.09 00:00,USDCAD,60,86400,SELL,ZD,1,1.03065,1.02878,187.0,1.02926,1.02501,425.0,227.273,74.33,48.0,44.1,1.02926,1.02878,1.02453,BREAK,2010.03.09 20:00,0,,0,,0,,0,NA,NewYork,BOUNCE,2010.03.09 21:00,NA,,1.03113,BREAK,2010.03.09 15:00,0,,0,,0,,0,NA,NewYork,BOUNCE,2010.03.11 17:00,NA,,1.02830,BREAK,2010.03.09 00:00,0,,0,,0,,0,NA,Asia,BREAK,2010.03.09 01:00,BOUNCE,2010.03.09 03:00,1.02974,BOUNCE,2010.03.09 12:00,1,2010.03.09 13:00,1,2010.03.09 13:00,0,,2,1h,London,NA,,NA,,S-ZG-BR,S-ZO-BR,S-ZC-BO,S-ZG-BR,B-ZG-UN,B-ZE-BO,B-ZF-BO,S-ZB-BO,S-ZB-BR,S-ZD-BR,S-ZG-BO,B-ZO-UN,S-ZB-BR,S-ZB-BR,B-ZF-UN,B-ZG-BR,S-ZG-BR,S-ZC-BR,S-ZF-BR,S-ZB-BR
15,2010.03.11 00:00,USDCAD,60,86400,SELL,ZG,0,1.03190,1.02350,840.0,1.02916,1.02159,757.0,90.119,32.62,566.0,198.2,1.02916,1.02350,1.01593,BOUNCE,2010.03.12 15:00,1,2010.03.24 18:00,0,,0,,1,1w 5d,NewYork,NA,,NA,,1.03756,UNTOUCHED,,0,,0,,0,,0,NA,Other,NA,,NA,,1.01784,BREAK,2010.03.12 15:00,0,,0,,0,,0,NA,NewYork,BREAK,2010.03.17 16:00,BOUNCE,2010.03.19 17:00,1.03482,UNTOUCHED,,0,,0,,0,,0,NA,Other,NA,,NA,,S-ZD-BR,S-ZG-BR,S-ZO-BR,S-ZC-BO,S-ZG-BR,B-ZG-UN,B-ZE-BO,B-ZF-BO,S-ZB-BO,S-ZB-BR,B-ZO-UN,S-ZB-BR,S-ZB-BR,B-ZF-UN,B-ZG-BR,S-ZG-BR,S-ZC-BR,S-ZF-BR,S-ZB-BR,S-ZC-BR
16,2010.03.12 00:00,USDCAD,60,86400,BUY,ZO,0,1.02916,1.02159,757.0,1.03203,1.02276,927.0,122.457,15.46,640.0,178.7,1.02916,1.02276,1.03843,UNTOUCHED,,0,,0,,0,,0,NA,Other,NA,,NA,,1.01519,BREAK,2010.03.16 17:00,0,,0,,0,,0,NA,NewYork,BREAK,2010.03.17 20:00,BREAK,2010.04.06 09:00,1.03556,UNTOUCHED,,0,,0,,0,,0,NA,Other,NA,,NA,,1.01636,BOUNCE,2010.03.12 15:00,0,,0,,0,,0,NA,NewYork,NA,,NA,,S-ZG-BO,S-ZD-BR,S-ZG-BR,S-ZO-BR,S-ZC-BO,S-ZG-BR,B-ZG-UN,B-ZE-BO,B-ZF-BO,S-ZB-BO,S-ZB-BR,S-ZB-BR,B-ZF-UN,B-ZG-BR,S-ZG-BR,S-ZC-BR,S-ZF-BR,S-ZB-BR,S-ZC-BR,B-ZE-BO
17,2010.03.13 00:00,USDCAD,60,86400,SELL,ZB,1,1.03203,1.02276,927.0,1.02501,1.01542,959.0,103.452,75.73,225.0,218.8,1.02501,1.02276,1.01317,BREAK,2010.03.17 06:00,0,,0,,0,,0,NA,Asia,BREAK,2010.03.17 19:00,BOUNCE,2010.03.18 03:00,1.03428,UNTOUCHED,,0,,0,,0,,0,NA,Other,NA,,NA,,1.02051,BREAK,2010.03.13 00:00,0,,0,,0,,0,NA,Asia,BOUNCE,2010.03.15 17:00,NA,,1.02726,BOUNCE,2010.03.24 18:00,1,2010.03.25 12:00,1,2010.03.25 12:00,0,,2,18h,NewYork,NA,,NA,,B-ZO-UN,S-ZG-BO,S-ZD-BR,S-ZG-BR,S-ZO-BR,S-ZC-BO,S-ZG-BR,B-ZG-UN,B-ZE-BO,B-ZF-BO,S-ZB-BR,B-ZF-UN,B-ZG-BR,S-ZG-BR,S-ZC-BR,S-ZF-BR,S-ZB-BR,S-ZC-BR,B-ZE-BO,S-ZO-UN
18,2010.03.17 00:00,USDCAD,60,86400,SELL,ZB,1,1.02311,1.01639,672.0,1.02019,1.01342,677.0,100.744,43.45,380.0,158.6,1.02019,1.01639,1.00962,BREAK,2010.03.17 16:00,0,,0,,0,,0,NA,NewYork,BREAK,2010.04.05 16:00,BREAK,2010.04.06 09:00,1.02691,BOUNCE,2010.03.24 18:00,1,2010.03.25 13:00,1,2010.04.01 08:00,1,2010.04.01 16:00,3,1w 0d,NewYork,NA,,NA,,1.01259,BREAK,2010.03.17 10:00,0,,0,,0,,0,NA,London,BREAK,2010.03.17 20:00,BREAK,2010.04.05 17:00,1.02399,BOUNCE,2010.03.22 16:00,1,2010.04.01 08:00,1,2010.04.01 08:00,0,,2,1w 2d,NewYork,NA,,NA,,S-ZB-BR,B-ZO-UN,S-ZG-BO,S-ZD-BR,S-ZG-BR,S-ZO-BR,S-ZC-BO,S-ZG-BR,B-ZG-UN,B-ZE-BO,B-ZF-UN,B-ZG-BR,S-ZG-BR,S-ZC-BR,S-ZF-BR,S-ZB-BR,S-ZC-BR,B-ZE-BO,S-ZO-UN,B-ZO-BR
19,2010.03.25 00:00,USDCAD,60,86400,BUY,ZF,1,1.02278,1.01507,771.0,1.02806,1.01544,1262.0,163.684,4.80,734.0,182.0,1.02278,1.01544,1.03540,UNTOUCHED,,0,,0,,0,,0,NA,Other,NA,,NA,,1.00773,BREAK,2010.04.01 18:00,0,,0,,0,,0,NA,NewYork,BREAK,2010.04.07 10:00,BOUNCE,2010.04.21 21:00,1.03012,BOUNCE,2010.03.26 18:00,1,2010.04.01 18:00,1,2010.04.01 18:00,0,,2,6d 0h,NewYork,NA,,NA,,1.00810,BREAK,2010.04.01 18:00,0,,0,,0,,0,NA,NewYork,BREAK,2010.04.06 17:00,BOUNCE,2010.04.21 21:00,S-ZB-BR,S-ZB-BR,B-ZO-UN,S-ZG-BO,S-ZD-BR,S-ZG-BR,S-ZO-BR,S-ZC-BO,S-ZG-BR,B-ZG-UN,B-ZG-BR,S-ZG-BR,S-ZC-BR,S-ZF-BR,S-ZB-BR,S-ZC-BR,B-ZE-BO,S-ZO-UN,B-ZO-BR,S-ZH-BR
20,2010.03.29 02:00,USDCAD,60,86400,BUY,ZG,0,1.02682,1.01693,989.0,1.03020,1.02047,973.0,98.382,35.79,635.0,233.4,1.02682,1.02047,1.03655,BREAK,2010.05.06 09:00,0,,0,,0,,0,NA,London,BREAK,2010.05.06 18:00,BREAK,2010.05.06 21:00,1.01058,BREAK,2010.04.01 16:00,0,,0,,0,,0,NA,NewYork,BREAK,2010.04.05 19:00,BOUNCE,2010.04.07 22:00,1.03317,BOUNCE,2010.05.05 16:00,0,,0,,0,,0,NA,NewYork,NA,,NA,,1.01412,BREAK,2010.03.31 14:00,0,,0,,0,,0,NA,NewYork,BREAK,2010.04.05 11:00,BREAK,2010.04.06 16:00,B-ZF-UN,S-ZB-BR,S-ZB-BR,B-ZO-UN,S-ZG-BO,S-ZD-BR,S-ZG-BR,S-ZO-BR,S-ZC-BO,S-ZG-BR,S-ZG-BR,S-ZC-BR,S-ZF-BR,S-ZB-BR,S-ZC-BR,B-ZE-BO,S-ZO-UN,B-ZO-BR,S-ZH-BR,S-ZB-BO
21,2010.03.30 00:00,USDCAD,60,86400,SELL,ZG,0,1.03020,1.02047,973.0,1.02715,1.01754,961.0,98.767,31.35,668.0,229.6,1.02715,1.02047,1.01086,BREAK,2010.04.01 10:00,0,,0,,0,,0,NA,London,BREAK,2010.04.05 19:00,BOUNCE,2010.04.16 03:00,1.03688,BREAK,2010.05.06 09:00,0,,0,,0,,0,NA,London,BREAK,2010.05.06 18:00,BREAK,2010.05.06 21:00,1.01379,BREAK,2010.03.31 14:00,0,,0,,0,,0,NA,NewYork,BREAK,2010.04.05 16:00,BREAK,2010.04.07 10:00,1.03383,BOUNCE,2010.05.05 16:00,0,,0,,0,,0,NA,NewYork,NA,,NA,,B-ZG-BR,B-ZF-UN,S-ZB-BR,S-ZB-BR,B-ZO-UN,S-ZG-BO,S-ZD-BR,S-ZG-BR,S-ZO-BR,S-ZC-BO,S-ZC-BR,S-ZF-BR,S-ZB-BR,S-ZC-BR,B-ZE-BO,S-ZO-UN,B-ZO-BR,S-ZH-BR,S-ZB-BO,B-ZF-BR
22,2010.03.31 00:00,USDCAD,60,86400,SELL,ZC,1,1.02715,1.01754,961.0,1.02216,1.01568,648.0,67.430,51.93,462.0,226.8,1.02216,1.01754,1.01106,BREAK,2010.04.01 10:00,0,,0,,0,,0,NA,London,BREAK,2010.04.05 16:00,BREAK,2010.04.06 16:00,1.03177,BREAK,2010.05.05 16:00,0,,0,,0,,0,NA,NewYork,BOUNCE,2010.05.06 09:00,NA,,1.01292,BOUNCE,2010.03.31 15:00,1,2010.05.05 10:00,1,2010.05.05 16:00,0,,2,5w 0d,NewYork,NA,,NA,,1.02678,BREAK,2010.05.05 10:00,0,,0,,0,,0,NA,London,BREAK,2010.05.05 16:00,BREAK,2010.05.06 09:00,S-ZG-BR,B-ZG-BR,B-ZF-UN,S-ZB-BR,S-ZB-BR,B-ZO-UN,S-ZG-BO,S-ZD-BR,S-ZG-BR,S-ZO-BR,S-ZF-BR,S-ZB-BR,S-ZC-BR,B-ZE-BO,S-ZO-UN,B-ZO-BR,S-ZH-BR,S-ZB-BO,B-ZF-BR,B-ZD-BR
23,2010.04.01 00:00,USDCAD,60,86400,SELL,ZF,0,1.02216,1.01568,648.0,1.02146,1.01287,859.0,132.562,10.80,578.0,152.9,1.02146,1.01568,1.00709,BREAK,2010.04.01 18:00,0,,0,,0,,0,NA,NewYork,BREAK,2010.04.06 16:00,BOUNCE,2010.04.15 18:00,1.02794,BREAK,2010.05.05 10:00,0,,0,,0,,0,NA,London,BREAK,2010.05.05 16:00,BOUNCE,2010.05.06 11:00,1.00990,BREAK,2010.04.01 16:00,0,,0,,0,,0,NA,NewYork,BREAK,2010.04.05 18:00,BOUNCE,2010.04.07 18:00,1.02724,BREAK,2010.05.05 10:00,0,,0,,0,,0,NA,London,BREAK,2010.05.05 16:00,BREAK,2010.05.06 10:00,S-ZC-BR,S-ZG-BR,B-ZG-BR,B-ZF-UN,S-ZB-BR,S-ZB-BR,B-ZO-UN,S-ZG-BO,S-ZD-BR,S-ZG-BR,S-ZB-BR,S-ZC-BR,B-ZE-BO,S-ZO-UN,B-ZO-BR,S-ZH-BR,S-ZB-BO,B-ZF-BR,B-ZD-BR,S-ZD-BO
24,2010.04.02 00:00,USDCAD,60,86400,SELL,ZB,1,1.02146,1.01287,859.0,1.01613,1.00660,953.0,110.943,62.05,326.0,202.7,1.01613,1.01287,1.00334,BREAK,2010.04.05 17:00,0,,0,,0,,0,NA,NewYork,BREAK,2010.04.07 10:00,BOUNCE,2010.04.15 12:00,1.02472,BOUNCE,2010.05.04 18:00,1,2010.05.11 19:00,0,,0,,1,1w 0d,NewYork,NA,,NA,,1.00961,BREAK,2010.04.02 00:00,0,,0,,0,,0,NA,Asia,BREAK,2010.04.05 16:00,BREAK,2010.04.05 19:00,1.01939,BREAK,2010.04.19 13:00,0,,0,,0,,0,NA,NewYork,BOUNCE,2010.05.04 16:00,NA,,S-ZF-BR,S-ZC-BR,S-ZG-BR,B-ZG-BR,B-ZF-UN,S-ZB-BR,S-ZB-BR,B-ZO-UN,S-ZG-BO,S-ZD-BR,S-ZC-BR,B-ZE-BO,S-ZO-UN,B-ZO-BR,S-ZH-BR,S-ZB-BO,B-ZF-BR,B-ZD-BR,S-ZD-BO,B-ZG-BR
25,2010.04.07 00:00,USDCAD,60,86400,SELL,ZC,1,1.00891,1.00100,791.0,1.00465,0.99871,594.0,75.095,53.86,365.0,186.7,1.00465,1.00100,0.99506,BREAK,2010.04.21 08:00,0,,0,,0,,0,NA,London,UNTOUCHED,,NA,,1.01256,BOUNCE,2010.04.16 17:00,1,2010.04.20 16:00,1,2010.04.20 18:00,1,2010.04.21 08:00,3,4d 15h,NewYork,NA,,NA,,0.99735,BREAK,2010.04.14 14:00,0,,0,,0,,0,NA,NewYork,BOUNCE,2010.04.21 14:00,NA,,1.00830,BREAK,2010.04.08 10:00,0,,0,,0,,0,NA,London,BOUNCE,2010.04.16 17:00,NA,,S-ZB-BR,S-ZF-BR,S-ZC-BR,S-ZG-BR,B-ZG-BR,B-ZF-UN,S-ZB-BR,S-ZB-BR,B-ZO-UN,S-ZG-BO,B-ZE-BO,S-ZO-UN,B-ZO-BR,S-ZH-BR,S-ZB-BO,B-ZF-BR,B-ZD-BR,S-ZD-BO,B-ZG-BR,B-ZG-BR
26,2010.04.09 00:00,USDCAD,60,86400,BUY,ZE,1,1.00613,0.99766,847.0,1.01038,1.00174,864.0,102.007,48.17,439.0,199.9,1.00613,1.00174,1.01477,BOUNCE,2010.04.16 18:00,1,2010.04.20 16:00,1,2010.04.20 18:00,1,2010.04.21 09:00,3,4d 15h,NewYork,NA,,NA,,0.99327,BOUNCE,2010.04.21 09:00,1,2010.04.22 16:00,1,2010.04.27 18:00,1,2010.04.27 18:00,3,6d 9h,London,NA,,NA,,1.01052,BREAK,2010.04.16 17:00,0,,0,,0,,0,NA,NewYork,BOUNCE,2010.04.16 18:00,NA,,0.99735,BREAK,2010.04.14 14:00,0,,0,,0,,0,NA,NewYork,UNTOUCHED,,NA,,S-ZC-BR,S-ZB-BR,S-ZF-BR,S-ZC-BR,S-ZG-BR,B-ZG-BR,B-ZF-UN,S-ZB-BR,S-ZB-BR,B-ZO-UN,S-ZO-UN,B-ZO-BR,S-ZH-BR,S-ZB-BO,B-ZF-BR,B-ZD-BR,S-ZD-BO,B-ZG-BR,B-ZG-BR,B-ZB-BR
27,2010.04.12 01:00,USDCAD,60,86400,SELL,ZO,0,1.01038,1.00174,864.0,1.00815,0.99906,909.0,105.208,25.81,641.0,203.9,1.00815,1.00174,0.99265,UNTOUCHED,,0,,0,,0,,0,NA,Other,NA,,NA,,1.01679,BREAK,2010.04.19 06:00,0,,0,,0,,0,NA,Asia,BREAK,2010.05.04 21:00,BREAK,2010.05.05 16:00,0.99533,BOUNCE,2010.04.14 18:00,1,2010.04.16 18:00,1,2010.04.19 06:00,0,,2,4d 12h,NewYork,NA,,NA,,1.01456,BREAK,2010.04.16 18:00,0,,0,,0,,0,NA,NewYork,BOUNCE,2010.04.19 17:00,NA,,B-ZE-BO,S-ZC-BR,S-ZB-BR,S-ZF-BR,S-ZC-BR,S-ZG-BR,B-ZG-BR,B-ZF-UN,S-ZB-BR,S-ZB-BR,B-ZO-BR,S-ZH-BR,S-ZB-BO,B-ZF-BR,B-ZD-BR,S-ZD-BO,B-ZG-BR,B-ZG-BR,B-ZB-BR,B-ZE-BR
28,2010.04.13 00:00,USDCAD,60,86400,BUY,ZO,0,1.00815,0.99906,909.0,1.00870,1.00104,766.0,84.268,21.78,711.0,214.5,1.00815,1.00104,1.01581,BREAK,2010.04.16 18:00,0,,0,,0,,0,NA,NewYork,BREAK,2010.05.04 21:00,BREAK,2010.05.05 16:00,0.99195,UNTOUCHED,,0,,0,,0,,0,NA,Other,NA,,NA,,1.01526,BREAK,2010.04.16 18:00,0,,0,,0,,0,NA,NewYork,BREAK,2010.05.04 18:00,BREAK,2010.05.05 16:00,0.99393,BOUNCE,2010.04.21 09:00,1,2010.04.27 18:00,1,2010.04.27 18:00,0,,2,6d 9h,London,NA,,NA,,S-ZO-UN,B-ZE-BO,S-ZC-BR,S-ZB-BR,S-ZF-BR,S-ZC-BR,S-ZG-BR,B-ZG-BR,B-ZF-UN,S-ZB-BR,S-ZH-BR,S-ZB-BO,B-ZF-BR,B-ZD-BR,S-ZD-BO,B-ZG-BR,B-ZG-BR,B-ZB-BR,B-ZE-BR,S-ZB-UN
29,2010.04.14 00:00,USDCAD,60,86400,SELL,ZH,0,1.00870,1.00104,766.0,1.00644,1.00040,604.0,78.851,29.50,540.0,180.8,1.00644,1.00104,0.99500,BREAK,2010.04.21 08:00,0,,0,,0,,0,NA,London,UNTOUCHED,,NA,,1.01410,BREAK,2010.04.16 18:00,0,,0,,0,,0,NA,NewYork,BREAK,2010.04.19 13:00,BREAK,2010.05.05 07:00,0.99564,BOUNCE,2010.04.14 18:00,1,2010.04.16 17:00,1,2010.04.16 18:00,0,,2,2d 0h,NewYork,NA,,NA,,1.01184,BOUNCE,2010.04.16 17:00,1,2010.04.21 08:00,1,2010.04.21 08:00,0,,2,4d 15h,NewYork,NA,,NA,,B-ZO-BR,S-ZO-UN,B-ZE-BO,S-ZC-BR,S-ZB-BR,S-ZF-BR,S-ZC-BR,S-ZG-BR,B-ZG-BR,B-ZF-UN,S-ZB-BO,B-ZF-BR,B-ZD-BR,S-ZD-BO,B-ZG-BR,B-ZG-BR,B-ZB-BR,B-ZE-BR,S-ZB-UN,B-ZF-BR
30,2010.04.15 00:00,USDCAD,60,86400,SELL,ZB,1,1.00644,1.00040,604.0,1.00198,0.99524,674.0,111.589,73.84,158.0,142.5,1.00198,1.00040,0.99366,BOUNCE,2010.04.21 09:00,1,2010.04.21 14:00,1,2010.04.22 16:00,1,2010.04.27 15:00,3,6d 6h,London,NA,,NA,,1.00802,BREAK,2010.04.16 17:00,0,,0,,0,,0,NA,NewYork,BREAK,2010.04.16 18:00,BREAK,2010.04.16 19:00,0.99882,BREAK,2010.04.15 00:00,0,,0,,0,,0,NA,Asia,BOUNCE,2010.04.15 10:00,NA,,1.00356,BOUNCE,2010.04.16 03:00,1,2010.04.20 16:00,1,2010.04.20 16:00,0,,2,4d 13h,Asia,NA,,NA,,S-ZH-BR,B-ZO-BR,S-ZO-UN,B-ZE-BO,S-ZC-BR,S-ZB-BR,S-ZF-BR,S-ZC-BR,S-ZG-BR,B-ZG-BR,B-ZF-BR,B-ZD-BR,S-ZD-BO,B-ZG-BR,B-ZG-BR,B-ZB-BR,B-ZE-BR,S-ZB-UN,B-ZF-BR,B-ZE-BR
31,2010.04.16 00:00,USDCAD,60,86400,BUY,ZF,0,1.00198,0.99524,674.0,1.00350,0.99629,721.0,106.973,15.58,569.0,159.1,1.00198,0.99629,1.00919,BREAK,2010.04.16 17:00,0,,0,,0,,0,NA,NewYork,BREAK,2010.04.19 06:00,BOUNCE,2010.04.19 17:00,0.98955,UNTOUCHED,,0,,0,,0,,0,NA,Other,NA,,NA,,1.00767,BREAK,2010.04.16 17:00,0,,0,,0,,0,NA,NewYork,BREAK,2010.04.16 18:00,BREAK,2010.04.19 13:00,0.99060,UNTOUCHED,,0,,0,,0,,0,NA,Other,NA,,NA,,S-ZB-BO,S-ZH-BR,B-ZO-BR,S-ZO-UN,B-ZE-BO,S-ZC-BR,S-ZB-BR,S-ZF-BR,S-ZC-BR,S-ZG-BR,B-ZD-BR,S-ZD-BO,B-ZG-BR,B-ZG-BR,B-ZB-BR,B-ZE-BR,S-ZB-UN,B-ZF-BR,B-ZE-BR,B-ZF-BO
32,2010.04.19 01:00,USDCAD,60,86400,BUY,ZD,1,1.00350,0.99629,721.0,1.01615,1.00025,1590.0,220.527,54.92,325.0,170.2,1.00350,1.00025,1.01940,BREAK,2010.04.19 13:00,0,,0,,0,,0,NA,NewYork,BOUNCE,2010.05.04 16:00,NA,,0.99304,BOUNCE,2010.04.21 09:00,1,2010.04.21 18:00,1,2010.04.27 15:00,1,2010.04.28 12:00,3,1w 0d,London,NA,,NA,,1.00675,BREAK,2010.04.19 01:00,0,,0,,0,,0,NA,Asia,BREAK,2010.04.19 02:00,BREAK,2010.04.19 03:00,0.99700,BREAK,2010.04.21 04:00,0,,0,,0,,0,NA,Asia,BOUNCE,2010.04.21 14:00,NA,,B-ZF-BR,S-ZB-BO,S-ZH-BR,B-ZO-BR,S-ZO-UN,B-ZE-BO,S-ZC-BR,S-ZB-BR,S-ZF-BR,S-ZC-BR,S-ZD-BO,B-ZG-BR,B-ZG-BR,B-ZB-BR,B-ZE-BR,S-ZB-UN,B-ZF-BR,B-ZE-BR,B-ZF-BO,B-ZB-BR
33,2010.04.21 00:00,USDCAD,60,86400,SELL,ZD,1,1.02146,1.01355,791.0,1.01624,0.99702,1922.0,242.984,65.99,269.0,186.7,1.01624,1.01355,0.99433,BOUNCE,2010.04.21 08:00,1,2010.04.21 18:00,1,2010.04.28 11:00,1,2010.05.04 18:00,3,1w 6d,London,NA,,NA,,1.02415,BOUNCE,2010.05.04 18:00,1,2010.05.11 18:00,0,,0,,1,1w 0d,NewYork,NA,,NA,,1.01086,BREAK,2010.04.21 00:00,0,,0,,0,,0,NA,Asia,BREAK,2010.04.21 01:00,BREAK,2010.04.21 02:00,1.01893,BOUNCE,2010.04.28 11:00,1,2010.04.28 15:00,1,2010.04.28 15:00,0,,2,4h,London,NA,,NA,,B-ZD-BR,B-ZF-BR,S-ZB-BO,S-ZH-BR,B-ZO-BR,S-ZO-UN,B-ZE-BO,S-ZC-BR,S-ZB-BR,S-ZF-BR,B-ZG-BR,B-ZG-BR,B-ZB-BR,B-ZE-BR,S-ZB-UN,B-ZF-BR,B-ZE-BR,B-ZF-BO,B-ZB-BR,S-ZC-UN
34,2010.04.23 00:00,USDCAD,60,86400,BUY,ZG,0,1.00125,0.99299,826.0,1.00384,0.99598,786.0,95.157,36.20,527.0,194.9,1.00125,0.99598,1.00911,BREAK,2010.04.27 18:00,0,,0,,0,,0,NA,NewYork,BREAK,2010.04.27 19:00,BREAK,2010.05.04 16:00,0.98772,UNTOUCHED,,0,,0,,0,,0,NA,Other,NA,,NA,,1.00652,BREAK,2010.04.27 15:00,0,,0,,0,,0,NA,NewYork,BREAK,2010.04.27 18:00,BOUNCE,2010.04.27 20:00,0.99071,UNTOUCHED,,0,,0,,0,,0,NA,Other,NA,,NA,,S-ZD-BO,B-ZD-BR,B-ZF-BR,S-ZB-BO,S-ZH-BR,B-ZO-BR,S-ZO-UN,B-ZE-BO,S-ZC-BR,S-ZB-BR,B-ZG-BR,B-ZB-BR,B-ZE-BR,S-ZB-UN,B-ZF-BR,B-ZE-BR,B-ZF-BO,B-ZB-BR,S-ZC-UN,S-ZE-UN
35,2010.04.26 01:00,USDCAD,60,86400,BUY,ZG,0,1.00384,0.99598,786.0,1.00638,0.99676,962.0,122.392,9.92,708.0,185.5,1.00384,0.99676,1.01346,BREAK,2010.04.27 18:00,0,,0,,0,,0,NA,NewYork,BREAK,2010.05.04 16:00,BREAK,2010.05.05 15:00,0.98890,UNTOUCHED,,0,,0,,0,,0,NA,Other,NA,,NA,,1.01092,BREAK,2010.04.27 18:00,0,,0,,0,,0,NA,NewYork,BOUNCE,2010.04.28 15:00,NA,,0.98968,UNTOUCHED,,0,,0,,0,,0,NA,Other,NA,,NA,,B-ZG-BR,S-ZD-BO,B-ZD-BR,B-ZF-BR,S-ZB-BO,S-ZH-BR,B-ZO-BR,S-ZO-UN,B-ZE-BO,S-ZC-BR,B-ZB-BR,B-ZE-BR,S-ZB-UN,B-ZF-BR,B-ZE-BR,B-ZF-BO,B-ZB-BR,S-ZC-UN,S-ZE-UN,S-ZO-BO
36,2010.04.28 00:00,USDCAD,60,86400,BUY,ZB,1,1.00222,0.99703,519.0,1.01799,0.99994,1805.0,347.784,56.07,228.0,122.5,1.00222,0.99994,1.02027,BREAK,2010.05.04 16:00,0,,0,,0,,0,NA,NewYork,BREAK,2010.05.04 17:00,BREAK,2010.05.05 07:00,0.99475,UNTOUCHED,,0,,0,,0,,0,NA,Other,NA,,NA,,1.00450,BREAK,2010.04.28 00:00,0,,0,,0,,0,NA,Asia,BREAK,2010.04.28 01:00,BREAK,2010.04.28 02:00,0.99766,UNTOUCHED,,0,,0,,0,,0,NA,Other,NA,,NA,,B-ZG-BR,B-ZG-BR,S-ZD-BO,B-ZD-BR,B-ZF-BR,S-ZB-BO,S-ZH-BR,B-ZO-BR,S-ZO-UN,B-ZE-BO,B-ZE-BR,S-ZB-UN,B-ZF-BR,B-ZE-BR,B-ZF-BO,B-ZB-BR,S-ZC-UN,S-ZE-UN,S-ZO-BO,B-ZF-BO
37,2010.04.29 00:00,USDCAD,60,86400,BUY,ZE,1,1.01799,0.99994,1805.0,1.01962,1.00733,1229.0,68.089,40.94,1066.0,426.0,1.01799,1.00733,1.03028,BREAK,2010.05.05 15:00,0,,0,,0,,0,NA,NewYork,BREAK,2010.05.06 18:00,BREAK,2010.05.06 21:00,0.98928,UNTOUCHED,,0,,0,,0,,0,NA,Other,NA,,NA,,1.02865,BREAK,2010.05.05 15:00,0,,0,,0,,0,NA,NewYork,BREAK,2010.05.06 18:00,BREAK,2010.05.06 21:00,0.99667,UNTOUCHED,,0,,0,,0,,0,NA,Other,NA,,NA,,B-ZB-BR,B-ZG-BR,B-ZG-BR,S-ZD-BO,B-ZD-BR,B-ZF-BR,S-ZB-BO,S-ZH-BR,B-ZO-BR,S-ZO-UN,S-ZB-UN,B-ZF-BR,B-ZE-BR,B-ZF-BO,B-ZB-BR,S-ZC-UN,S-ZE-UN,S-ZO-BO,B-ZF-BO,B-ZE-UN
38,2010.04.30 00:00,USDCAD,60,86400,SELL,ZB,1,1.01962,1.00733,1229.0,1.01122,1.00129,993.0,80.797,68.35,389.0,290.0,1.01122,1.00733,0.99740,UNTOUCHED,,0,,0,,0,,0,NA,Other,NA,,NA,,1.02351,BOUNCE,2010.05.04 16:00,1,2010.05.11 19:00,0,,0,,1,1w 0d,NewYork,NA,,NA,,1.00344,BOUNCE,2010.04.30 02:00,1,2010.04.30 19:00,1,2010.05.04 16:00,0,,2,4d 14h,Asia,NA,,NA,,1.01511,BOUNCE,2010.04.30 19:00,0,,0,,0,,0,NA,NewYork,NA,,NA,,B-ZE-BR,B-ZB-BR,B-ZG-BR,B-ZG-BR,S-ZD-BO,B-ZD-BR,B-ZF-BR,S-ZB-BO,S-ZH-BR,B-ZO-BR,B-ZF-BR,B-ZE-BR,B-ZF-BO,B-ZB-BR,S-ZC-UN,S-ZE-UN,S-ZO-BO,B-ZF-BO,B-ZE-UN,S-ZC-BO
39,2010.05.03 01:00,USDCAD,60,86400,BUY,ZF,1,1.01122,1.00129,993.0,1.01781,1.00151,1630.0,164.149,2.22,971.0,234.3,1.01122,1.00151,1.02752,BREAK,2010.05.05 10:00,0,,0,,0,,0,NA,London,BREAK,2010.05.06 10:00,BREAK,2010.05.06 21:00,0.99158,UNTOUCHED,,0,,0,,0,,0,NA,Other,NA,,NA,,1.02093,BREAK,2010.05.04 16:00,0,,0,,0,,0,NA,NewYork,BREAK,2010.05.05 16:00,BOUNCE,2010.05.06 13:00,0.99180,UNTOUCHED,,0,,0,,0,,0,NA,Other,NA,,NA,,S-ZB-UN,B-ZE-BR,B-ZB-BR,B-ZG-BR,B-ZG-BR,S-ZD-BO,B-ZD-BR,B-ZF-BR,S-ZB-BO,S-ZH-BR,B-ZE-BR,B-ZF-BO,B-ZB-BR,S-ZC-UN,S-ZE-UN,S-ZO-BO,B-ZF-BO,B-ZE-UN,S-ZC-BO,B-ZB-UN
40,2010.05.04 00:00,USDCAD,60,86400,BUY,ZE,1,1.01781,1.00151,1630.0,1.01852,1.01000,852.0,52.270,52.09,781.0,384.7,1.01781,1.01000,1.02633,BREAK,2010.05.05 07:00,0,,0,,0,,0,NA,London,BOUNCE,2010.05.05 18:00,NA,,0.99370,UNTOUCHED,,0,,0,,0,,0,NA,Other,NA,,NA,,1.02562,BREAK,2010.05.05 07:00,0,,0,,0,,0,NA,London,BOUNCE,2010.05.05 19:00,NA,,1.00219,UNTOUCHED,,0,,0,,0,,0,NA,Other,NA,,NA,,B-ZF-BR,S-ZB-UN,B-ZE-BR,B-ZB-BR,B-ZG-BR,B-ZG-BR,S-ZD-BO,B-ZD-BR,B-ZF-BR,S-ZB-BO,B-ZF-BO,B-ZB-BR,S-ZC-UN,S-ZE-UN,S-ZO-BO,B-ZF-BO,B-ZE-UN,S-ZC-BO,B-ZB-UN,S-ZC-BR
41,2010.05.05 00:00,USDCAD,60,86400,BUY,ZF,1,1.01852,1.01000,852.0,1.02559,1.01018,1541.0,180.869,2.11,834.0,201.1,1.01852,1.01018,1.03393,BOUNCE,2010.05.05 16:00,1,2010.05.11 19:00,0,,0,,1,6d 3h,NewYork,NA,,NA,,1.00166,UNTOUCHED,,0,,0,,0,,0,NA,Other,NA,,NA,,1.02686,BREAK,2010.05.05 10:00,0,,0,,0,,0,NA,London,BOUNCE,2010.05.05 18:00,NA,,1.00184,UNTOUCHED,,0,,0,,0,,0,NA,Other,NA,,NA,,B-ZE-BR,B-ZF-BR,S-ZB-UN,B-ZE-BR,B-ZB-BR,B-ZG-BR,B-ZG-BR,S-ZD-BO,B-ZD-BR,B-ZF-BR,B-ZB-BR,S-ZC-UN,S-ZE-UN,S-ZO-BO,B-ZF-BO,B-ZE-UN,S-ZC-BO,B-ZB-UN,S-ZC-BR,S-ZF-BO
42,2010.05.07 00:00,USDCAD,60,86400,BUY,ZB,1,1.03530,1.02313,1217.0,1.07347,1.02807,4540.0,373.048,40.59,723.0,287.2,1.03530,1.02807,1.08070,BREAK,2010.05.25 12:00,0,,0,,0,,0,NA,London,UNTOUCHED,,NA,,1.01590,BOUNCE,2010.05.11 19:00,1,2010.05.14 16:00,1,2010.05.17 05:00,1,2010.05.25 12:00,3,1w 6d,NewYork,NA,,NA,,1.04253,BREAK,2010.05.07 00:00,0,,0,,0,,0,NA,Asia,BREAK,2010.05.07 01:00,BREAK,2010.05.20 14:00,1.02084,BREAK,2010.05.11 17:00,0,,0,,0,,0,NA,NewYork,BOUNCE,2010.05.14 00:00,NA,,B-ZF-BO,B-ZE-BR,B-ZF-BR,S-ZB-UN,B-ZE-BR,B-ZB-BR,B-ZG-BR,B-ZG-BR,S-ZD-BO,B-ZD-BR,S-ZC-UN,S-ZE-UN,S-ZO-BO,B-ZF-BO,B-ZE-UN,S-ZC-BO,B-ZB-UN,S-ZC-BR,S-ZF-BO,S-ZE-BO
43,2010.05.12 00:00,USDCAD,60,86400,SELL,ZC,1,1.03918,1.02090,1828.0,1.02870,1.01484,1386.0,75.821,57.33,780.0,431.4,1.02870,1.02090,1.00704,UNTOUCHED,,0,,0,,0,,0,NA,Other,NA,,NA,,1.04698,BREAK,2010.05.19 11:00,0,,0,,0,,0,NA,London,BREAK,2010.05.20 14:00,BREAK,2010.05.20 15:00,1.01310,BOUNCE,2010.05.13 09:00,1,2010.05.14 18:00,1,2010.05.19 11:00,0,,2,6d 2h,London,NA,,NA,,1.03650,BREAK,2010.05.14 18:00,0,,0,,0,,0,NA,NewYork,BREAK,2010.05.19 12:00,BOUNCE,2010.05.19 22:00,B-ZB-BR,B-ZF-BO,B-ZE-BR,B-ZF-BR,S-ZB-UN,B-ZE-BR,B-ZB-BR,B-ZG-BR,B-ZG-BR,S-ZD-BO,S-ZE-UN,S-ZO-BO,B-ZF-BO,B-ZE-UN,S-ZC-BO,B-ZB-UN,S-ZC-BR,S-ZF-BO,S-ZE-BO,B-ZF-UN
44,2010.05.14 00:00,USDCAD,60,86400,SELL,ZE,1,1.02455,1.01528,927.0,1.02073,1.01095,978.0,105.502,41.21,545.0,218.8,1.02073,1.01528,1.00550,UNTOUCHED,,0,,0,,0,,0,NA,Other,NA,,NA,,1.03000,BREAK,2010.05.14 16:00,0,,0,,0,,0,NA,NewYork,BREAK,2010.05.14 18:00,BREAK,2010.05.17 05:00,1.00983,UNTOUCHED,,0,,0,,0,,0,NA,Other,NA,,NA,,1.02618,BREAK,2010.05.14 12:00,0,,0,,0,,0,NA,London,BREAK,2010.05.14 17:00,BOUNCE,2010.05.14 18:00,S-ZC-UN,B-ZB-BR,B-ZF-BO,B-ZE-BR,B-ZF-BR,S-ZB-UN,B-ZE-BR,B-ZB-BR,B-ZG-BR,B-ZG-BR,S-ZO-BO,B-ZF-BO,B-ZE-UN,S-ZC-BO,B-ZB-UN,S-ZC-BR,S-ZF-BO,S-ZE-BO,B-ZF-UN,S-ZE-BO
45,2010.05.19 00:00,USDCAD,60,86400,SELL,ZO,0,1.04375,1.03179,1196.0,1.04092,1.02455,1637.0,136.873,23.66,913.0,282.3,1.04092,1.03179,1.01542,BOUNCE,2010.06.21 14:00,1,2010.06.23 12:00,1,2010.06.29 14:00,0,,2,1w 1d,NewYork,NA,,NA,,1.05288,BOUNCE,2010.05.19 18:00,1,2010.06.03 11:00,1,2010.06.14 18:00,1,2010.06.21 14:00,3,4w 4d,NewYork,NA,,NA,,1.02266,BOUNCE,2010.06.14 18:00,1,2010.06.29 14:00,0,,0,,1,2w 0d,NewYork,NA,,NA,,1.05005,BOUNCE,2010.05.19 13:00,1,2010.06.14 18:00,1,2010.06.14 18:00,0,,2,3w 5d,NewYork,NA,,NA,,S-ZE-UN,S-ZC-UN,B-ZB-BR,B-ZF-BO,B-ZE-BR,B-ZF-BR,S-ZB-UN,B-ZE-BR,B-ZB-BR,B-ZG-BR,B-ZF-BO,B-ZE-UN,S-ZC-BO,B-ZB-UN,S-ZC-BR,S-ZF-BO,S-ZE-BO,B-ZF-UN,S-ZE-BO,S-ZF-BR
46,2010.05.21 00:00,USDCAD,60,86400,BUY,ZF,1,1.05350,1.03754,1596.0,1.07179,1.04030,3149.0,197.306,17.29,1320.0,376.7,1.05350,1.04030,1.08499,BOUNCE,2010.05.25 13:00,1,2010.05.26 17:00,1,2010.06.14 15:00,1,2010.06.14 17:00,3,2w 6d,NewYork,NA,,NA,,1.02434,BREAK,2010.06.14 17:00,0,,0,,0,,0,NA,NewYork,UNTOUCHED,,NA,,1.06670,BREAK,2010.05.21 00:00,0,,0,,0,,0,NA,Asia,BREAK,2010.05.25 13:00,UNTOUCHED,,1.02710,BREAK,2010.06.14 15:00,0,,0,,0,,0,NA,NewYork,BOUNCE,2010.06.22 21:00,NA,,S-ZO-BO,S-ZE-UN,S-ZC-UN,B-ZB-BR,B-ZF-BO,B-ZE-BR,B-ZF-BR,S-ZB-UN,B-ZE-BR,B-ZB-BR,B-ZE-UN,S-ZC-BO,B-ZB-UN,S-ZC-BR,S-ZF-BO,S-ZE-BO,B-ZF-UN,S-ZE-BO,S-ZF-BR,S-ZB-BO
47,2010.05.24 01:00,USDCAD,60,86400,BUY,ZE,1,1.07179,1.04030,3149.0,1.07481,1.05506,1975.0,62.718,46.87,1673.0,743.2,1.07179,1.05506,1.09154,UNTOUCHED,,0,,0,,0,,0,NA,Other,NA,,NA,,1.02357,BREAK,2010.06.14 17:00,0,,0,,0,,0,NA,NewYork,UNTOUCHED,,NA,,1.08852,UNTOUCHED,,0,,0,,0,,0,NA,Other,NA,,NA,,1.03833,BOUNCE,2010.06.02 19:00,0,,0,,0,,0,NA,NewYork,NA,,NA,,B-ZF-BO,S-ZO-BO,S-ZE-UN,S-ZC-UN,B-ZB-BR,B-ZF-BO,B-ZE-BR,B-ZF-BR,S-ZB-UN,B-ZE-BR,S-ZC-BO,B-ZB-UN,S-ZC-BR,S-ZF-BO,S-ZE-BO,B-ZF-UN,S-ZE-BO,S-ZF-BR,S-ZB-BO,S-ZB-BR
48,2010.05.25 00:00,USDCAD,60,86400,SELL,ZC,1,1.07481,1.05506,1975.0,1.06595,1.05328,1267.0,64.152,44.86,1089.0,466.1,1.06595,1.05506,1.04239,BOUNCE,2010.05.31 16:00,1,2010.06.07 02:00,0,,0,,1,6d 10h,NewYork,NA,,NA,,1.08570,UNTOUCHED,,0,,0,,0,,0,NA,Other,NA,,NA,,1.04417,BOUNCE,2010.05.31 15:00,0,,0,,0,,0,NA,NewYork,NA,,NA,,1.07684,BREAK,2010.05.25 10:00,0,,0,,0,,0,NA,London,UNTOUCHED,,NA,,B-ZE-UN,B-ZF-BO,S-ZO-BO,S-ZE-UN,S-ZC-UN,B-ZB-BR,B-ZF-BO,B-ZE-BR,B-ZF-BR,S-ZB-UN,B-ZB-UN,S-ZC-BR,S-ZF-BO,S-ZE-BO,B-ZF-UN,S-ZE-BO,S-ZF-BR,S-ZB-BO,S-ZB-BR,B-ZO-BO
49,2010.05.26 00:00,USDCAD,60,86400,BUY,ZB,1,1.06595,1.05328,1267.0,1.08516,1.05970,2546.0,200.947,50.67,625.0,299.0,1.06595,1.05970,1.09141,UNTOUCHED,,0,,0,,0,,0,NA,Other,NA,,NA,,1.04703,BOUNCE,2010.05.28 11:00,1,2010.06.04 22:00,0,,0,,1,1w 0d,London,NA,,NA,,1.07220,BOUNCE,2010.05.26 04:00,1,2010.05.27 13:00,1,2010.05.28 11:00,0,,2,2d 7h,Asia,NA,,NA,,1.05345,BREAK,2010.05.27 13:00,0,,0,,0,,0,NA,NewYork,BOUNCE,2010.05.28 19:00,NA,,S-ZC-BO,B-ZE-UN,B-ZF-BO,S-ZO-BO,S-ZE-UN,S-ZC-UN,B-ZB-BR,B-ZF-BO,B-ZE-BR,B-ZF-BR,S-ZC-BR,S-ZF-BO,S-ZE-BO,B-ZF-UN,S-ZE-BO,S-ZF-BR,S-ZB-BO,S-ZB-BR,B-ZO-BO,S-ZG-BO
50,2010.05.27 00:00,USDCAD,60,86400,SELL,ZC,1,1.08516,1.05970,2546.0,1.07436,1.05798,1638.0,64.336,42.42,1466.0,600.9,1.07436,1.05970,1.04332,BREAK,2010.05.31 15:00,0,,0,,0,,0,NA,NewYork,BREAK,2010.06.14 18:00,BOUNCE,2010.06.22 21:00,1.09982,UNTOUCHED,,0,,0,,0,,0,NA,Other,NA,,NA,,1.04504,BREAK,2010.05.28 13:00,0,,0,,0,,0,NA,NewYork,BREAK,2010.06.14 17:00,BOUNCE,2010.06.23 03:00,1.08902,UNTOUCHED,,0,,0,,0,,0,NA,Other,NA,,NA,,B-ZB-UN,S-ZC-BO,B-ZE-UN,B-ZF-BO,S-ZO-BO,S-ZE-UN,S-ZC-UN,B-ZB-BR,B-ZF-BO,B-ZE-BR,S-ZF-BO,S-ZE-BO,B-ZF-UN,S-ZE-BO,S-ZF-BR,S-ZB-BO,S-ZB-BR,B-ZO-BO,S-ZG-BO,S-ZF-UN
51,2010.05.28 00:00,USDCAD,60,86400,SELL,ZF,0,1.07436,1.05798,1638.0,1.07180,1.04801,2379.0,145.238,15.63,1382.0,386.6,1.07180,1.05798,1.03419,BOUNCE,2010.06.03 11:00,1,2010.06.04 22:00,0,,0,,1,1d 11h,London,NA,,NA,,1.08818,UNTOUCHED,,0,,0,,0,,0,NA,Other,NA,,NA,,1.04416,BREAK,2010.05.31 15:00,0,,0,,0,,0,NA,NewYork,BREAK,2010.06.14 15:00,BOUNCE,2010.06.23 03:00,1.08562,UNTOUCHED,,0,,0,,0,,0,NA,Other,NA,,NA,,S-ZC-BR,B-ZB-UN,S-ZC-BO,B-ZE-UN,B-ZF-BO,S-ZO-BO,S-ZE-UN,S-ZC-UN,B-ZB-BR,B-ZF-BO,S-ZE-BO,B-ZF-UN,S-ZE-BO,S-ZF-BR,S-ZB-BO,S-ZB-BR,B-ZO-BO,S-ZG-BO,S-ZF-UN,B-ZF-BR
52,2010.05.29 00:00,USDCAD,60,86400,SELL,ZE,1,1.07180,1.04801,2379.0,1.05592,1.04435,1157.0,48.634,66.75,791.0,561.4,1.05592,1.04801,1.03644,BOUNCE,2010.06.03 06:00,1,2010.06.04 18:00,1,2010.06.07 01:00,0,,2,3d 19h,Asia,NA,,NA,,1.07971,UNTOUCHED,,0,,0,,0,,0,NA,Other,NA,,NA,,1.04010,BREAK,2010.06.02 18:00,0,,0,,0,,0,NA,NewYork,BREAK,2010.06.14 15:00,BOUNCE,2010.06.14 21:00,1.06383,BOUNCE,2010.06.07 01:00,1,2010.06.09 16:00,1,2010.06.09 16:00,0,,2,2d 15h,Asia,NA,,NA,,S-ZF-BO,S-ZC-BR,B-ZB-UN,S-ZC-BO,B-ZE-UN,B-ZF-BO,S-ZO-BO,S-ZE-UN,S-ZC-UN,B-ZB-BR,B-ZF-UN,S-ZE-BO,S-ZF-BR,S-ZB-BO,S-ZB-BR,B-ZO-BO,S-ZG-BO,S-ZF-UN,B-ZF-BR,B-ZC-BO
53,2010.06.02 00:00,USDCAD,60,86400,BUY,ZF,0,1.05508,1.04129,1379.0,1.05613,1.04194,1419.0,102.901,4.71,1314.0,325.4,1.05508,1.04194,1.06927,UNTOUCHED,,0,,0,,0,,0,NA,Other,NA,,NA,,1.02815,BREAK,2010.06.14 12:00,0,,0,,0,,0,NA,London,BOUNCE,2010.06.22 21:00,NA,,1.06822,UNTOUCHED,,0,,0,,0,,0,NA,Other,NA,,NA,,1.02880,BREAK,2010.06.10 17:00,0,,0,,0,,0,NA,NewYork,BOUNCE,2010.06.22 21:00,NA,,S-ZE-BO,S-ZF-BO,S-ZC-BR,B-ZB-UN,S-ZC-BO,B-ZE-UN,B-ZF-BO,S-ZO-BO,S-ZE-UN,S-ZC-UN,S-ZE-BO,S-ZF-BR,S-ZB-BO,S-ZB-BR,B-ZO-BO,S-ZG-BO,S-ZF-UN,B-ZF-BR,B-ZC-BO,S-ZF-BO
54,2010.06.04 00:00,USDCAD,60,86400,SELL,ZE,1,1.05713,1.03707,2006.0,1.04623,1.03328,1295.0,64.556,54.34,916.0,473.4,1.04623,1.03707,1.02412,BOUNCE,2010.06.14 17:00,1,2010.06.23 16:00,1,2010.06.29 22:00,1,2010.07.01 04:00,3,2w 2d,NewYork,NA,,NA,,1.06629,BOUNCE,2010.06.07 03:00,1,2010.06.08 22:00,1,2010.06.14 12:00,1,2010.06.14 17:00,3,1w 0d,Asia,NA,,NA,,1.02791,BREAK,2010.06.14 12:00,0,,0,,0,,0,NA,London,BREAK,2010.06.21 16:00,UNTOUCHED,,1.05539,BREAK,2010.06.04 21:00,0,,0,,0,,0,NA,Other,BOUNCE,2010.06.07 16:00,NA,,B-ZF-UN,S-ZE-BO,S-ZF-BO,S-ZC-BR,B-ZB-UN,S-ZC-BO,B-ZE-UN,B-ZF-BO,S-ZO-BO,S-ZE-UN,S-ZF-BR,S-ZB-BO,S-ZB-BR,B-ZO-BO,S-ZG-BO,S-ZF-UN,B-ZF-BR,B-ZC-BO,S-ZF-BO,S-ZE-BO
55,2010.06.09 00:00,USDCAD,60,86400,SELL,ZF,0,1.06781,1.05146,1635.0,1.06165,1.04690,1475.0,90.214,37.68,1019.0,385.9,1.06165,1.05146,1.03671,BREAK,2010.06.09 18:00,0,,0,,0,,0,NA,NewYork,BREAK,2010.06.14 18:00,BOUNCE,2010.06.22 21:00,1.07800,UNTOUCHED,,0,,0,,0,,0,NA,Other,NA,,NA,,1.04127,BREAK,2010.06.09 15:00,0,,0,,0,,0,NA,NewYork,BREAK,2010.06.14 15:00,BREAK,2010.06.21 03:00,1.07184,UNTOUCHED,,0,,0,,0,,0,NA,Other,NA,,NA,,S-ZE-BO,B-ZF-UN,S-ZE-BO,S-ZF-BO,S-ZC-BR,B-ZB-UN,S-ZC-BO,B-ZE-UN,B-ZF-BO,S-ZO-BO,S-ZB-BO,S-ZB-BR,B-ZO-BO,S-ZG-BO,S-ZF-UN,B-ZF-BR,B-ZC-BO,S-ZF-BO,S-ZE-BO,B-ZB-BR
56,2010.06.10 00:00,USDCAD,60,86400,SELL,ZB,1,1.06165,1.04690,1475.0,1.05151,1.03639,1512.0,102.508,68.75,461.0,348.1,1.05151,1.04690,1.03178,BOUNCE,2010.06.10 16:00,1,2010.06.23 16:00,1,2010.06.29 22:00,1,2010.07.01 04:00,3,2w 6d,NewYork,NA,,NA,,1.06626,BOUNCE,2010.07.01 04:00,1,2010.07.02 03:00,1,2010.07.08 15:00,1,2010.07.09 16:00,3,1w 1d,Asia,NA,,NA,,1.04229,BREAK,2010.06.10 04:00,0,,0,,0,,0,NA,Asia,BREAK,2010.06.10 15:00,BREAK,2010.06.10 16:00,1.05612,BOUNCE,2010.06.29 22:00,1,2010.07.08 15:00,1,2010.07.08 15:00,0,,2,1w 1d,Other,NA,,NA,,S-ZF-BR,S-ZE-BO,B-ZF-UN,S-ZE-BO,S-ZF-BO,S-ZC-BR,B-ZB-UN,S-ZC-BO,B-ZE-UN,B-ZF-BO,S-ZB-BR,B-ZO-BO,S-ZG-BO,S-ZF-UN,B-ZF-BR,B-ZC-BO,S-ZF-BO,S-ZE-BO,B-ZB-BR,B-ZB-UN
57,2010.06.11 00:00,USDCAD,60,86400,SELL,ZB,1,1.05151,1.03639,1512.0,1.04512,1.02865,1647.0,108.929,42.26,873.0,356.8,1.04512,1.03639,1.01992,BREAK,2010.06.21 01:00,0,,0,,0,,0,NA,Asia,UNTOUCHED,,NA,,1.06024,BREAK,2010.06.30 17:00,0,,0,,0,,0,NA,NewYork,UNTOUCHED,,NA,,1.02766,BREAK,2010.06.14 12:00,0,,0,,0,,0,NA,London,BREAK,2010.06.21 14:00,UNTOUCHED,,1.05385,BREAK,2010.06.29 20:00,0,,0,,0,,0,NA,NewYork,BREAK,2010.07.01 04:00,UNTOUCHED,,S-ZB-BO,S-ZF-BR,S-ZE-BO,B-ZF-UN,S-ZE-BO,S-ZF-BO,S-ZC-BR,B-ZB-UN,S-ZC-BO,B-ZE-UN,B-ZO-BO,S-ZG-BO,S-ZF-UN,B-ZF-BR,B-ZC-BO,S-ZF-BO,S-ZE-BO,B-ZB-BR,B-ZB-UN,B-ZE-UN
58,2010.06.16 00:00,USDCAD,60,86400,BUY,ZO,0,1.03440,1.02235,1205.0,1.03591,1.02409,1182.0,98.091,14.44,1031.0,284.4,1.03440,1.02409,1.04622,BOUNCE,2010.06.24 18:00,1,2010.07.27 15:00,0,,0,,1,4w 4d,NewYork,NA,,NA,,1.01204,UNTOUCHED,,0,,0,,0,,0,NA,Other,NA,,NA,,1.04471,BOUNCE,2010.06.23 17:00,0,,0,,0,,0,NA,NewYork,NA,,NA,,1.01378,UNTOUCHED,,0,,0,,0,,0,NA,Other,NA,,NA,,S-ZB-BR,S-ZB-BO,S-ZF-BR,S-ZE-BO,B-ZF-UN,S-ZE-BO,S-ZF-BO,S-ZC-BR,B-ZB-UN,S-ZC-BO,S-ZG-BO,S-ZF-UN,B-ZF-BR,B-ZC-BO,S-ZF-BO,S-ZE-BO,B-ZB-BR,B-ZB-UN,B-ZE-UN,S-ZO-BR
59,2010.06.17 00:00,USDCAD,60,86400,SELL,ZG,0,1.03591,1.02409,1182.0,1.03215,1.02237,978.0,82.741,31.81,806.0,279.0,1.03215,1.02409,1.01431,BOUNCE,2010.06.21 16:00,1,2010.06.23 03:00,1,2010.06.23 16:00,1,2010.06.23 17:00,3,2d 1h,NewYork,NA,,NA,,1.04397,BREAK,2010.06.23 17:00,0,,0,,0,,0,NA,NewYork,BREAK,2010.06.29 20:00,BREAK,2010.06.30 21:00,1.01603,BOUNCE,2010.06.21 08:00,1,2010.06.23 16:00,1,2010.06.23 17:00,0,,2,2d 9h,London,NA,,NA,,1.04021,BREAK,2010.06.23 16:00,0,,0,,0,,0,NA,NewYork,BREAK,2010.06.29 17:00,BOUNCE,2010.06.30 12:00,B-ZO-BO,S-ZB-BR,S-ZB-BO,S-ZF-BR,S-ZE-BO,B-ZF-UN,S-ZE-BO,S-ZF-BO,S-ZC-BR,B-ZB-UN,S-ZF-UN,B-ZF-BR,B-ZC-BO,S-ZF-BO,S-ZE-BO,B-ZB-BR,B-ZB-UN,B-ZE-UN,S-ZO-BR,B-ZG-UN
60,2010.06.19 00:00,USDCAD,60,86400,SELL,ZF,0,1.03370,1.02234,1136.0,1.03114,1.02062,1052.0,92.606,22.54,880.0,268.1,1.03114,1.02234,1.01182,UNTOUCHED,,0,,0,,0,,0,NA,Other,NA,,NA,,1.04250,BREAK,2010.06.23 16:00,0,,0,,0,,0,NA,NewYork,BREAK,2010.06.29 20:00,BREAK,2010.06.30 21:00,1.01354,UNTOUCHED,,0,,0,,0,,0,NA,Other,NA,,NA,,1.03994,BREAK,2010.06.23 16:00,0,,0,,0,,0,NA,NewYork,BREAK,2010.06.29 17:00,BREAK,2010.06.30 17:00,S-ZG-BO,B-ZO-BO,S-ZB-BR,S-ZB-BO,S-ZF-BR,S-ZE-BO,B-ZF-UN,S-ZE-BO,S-ZF-BO,S-ZC-BR,B-ZF-BR,B-ZC-BO,S-ZF-BO,S-ZE-BO,B-ZB-BR,B-ZB-UN,B-ZE-UN,S-ZO-BR,B-ZG-UN,S-ZF-BR
61,2010.06.23 00:00,USDCAD,60,86400,BUY,ZF,0,1.02593,1.01380,1213.0,1.02946,1.01806,1140.0,93.982,35.12,787.0,286.3,1.02593,1.01806,1.03733,BREAK,2010.06.23 16:00,0,,0,,0,,0,NA,NewYork,BOUNCE,2010.06.23 21:00,NA,,1.00593,UNTOUCHED,,0,,0,,0,,0,NA,Other,NA,,NA,,1.03380,BREAK,2010.06.23 12:00,0,,0,,0,,0,NA,London,BREAK,2010.06.23 17:00,BREAK,2010.06.29 17:00,1.01019,UNTOUCHED,,0,,0,,0,,0,NA,Other,NA,,NA,,S-ZF-UN,S-ZG-BO,B-ZO-BO,S-ZB-BR,S-ZB-BO,S-ZF-BR,S-ZE-BO,B-ZF-UN,S-ZE-BO,S-ZF-BO,B-ZC-BO,S-ZF-BO,S-ZE-BO,B-ZB-BR,B-ZB-UN,B-ZE-UN,S-ZO-BR,B-ZG-UN,S-ZF-BR,S-ZF-BR
62,2010.06.25 00:00,USDCAD,60,86400,BUY,ZC,1,1.04583,1.02712,1871.0,1.04684,1.03739,945.0,50.508,54.89,844.0,441.6,1.04583,1.03739,1.05528,BOUNCE,2010.06.29 22:00,1,2010.07.08 16:00,1,2010.07.13 18:00,1,2010.08.04 18:00,3,5w 0d,Other,NA,,NA,,1.01868,BREAK,2010.08.04 18:00,0,,0,,0,,0,NA,NewYork,UNTOUCHED,,NA,,1.05427,BREAK,2010.06.29 20:00,0,,0,,0,,0,NA,NewYork,BREAK,2010.07.01 04:00,UNTOUCHED,,1.02895,BOUNCE,2010.07.13 18:00,1,2010.07.16 17:00,1,2010.07.16 17:00,0,,2,2d 23h,NewYork,NA,,NA,,B-ZF-BR,S-ZF-UN,S-ZG-BO,B-ZO-BO,S-ZB-BR,S-ZB-BO,S-ZF-BR,S-ZE-BO,B-ZF-UN,S-ZE-BO,S-ZF-BO,S-ZE-BO,B-ZB-BR,B-ZB-UN,B-ZE-UN,S-ZO-BR,B-ZG-UN,S-ZF-BR,S-ZF-BR,B-ZB-BO
63,2010.06.28 01:00,USDCAD,60,86400,SELL,ZF,0,1.04684,1.03739,945.0,1.04408,1.03401,1007.0,106.561,29.21,669.0,223.0,1.04408,1.03739,1.02732,BOUNCE,2010.07.27 14:00,0,,0,,0,,0,NA,NewYork,NA,,NA,,1.05353,BREAK,2010.06.29 20:00,0,,0,,0,,0,NA,NewYork,BREAK,2010.06.30 17:00,BOUNCE,2010.07.01 15:00,1.03070,BOUNCE,2010.07.09 16:00,1,2010.07.16 16:00,1,2010.07.16 17:00,0,,2,1w 0d,NewYork,NA,,NA,,1.05077,BREAK,2010.06.29 15:00,0,,0,,0,,0,NA,NewYork,BOUNCE,2010.06.30 09:00,NA,,B-ZC-BO,B-ZF-BR,S-ZF-UN,S-ZG-BO,B-ZO-BO,S-ZB-BR,S-ZB-BO,S-ZF-BR,S-ZE-BO,B-ZF-UN,S-ZE-BO,B-ZB-BR,B-ZB-UN,B-ZE-UN,S-ZO-BR,B-ZG-UN,S-ZF-BR,S-ZF-BR,B-ZB-BO,S-ZE-BO
64,2010.06.29 00:00,USDCAD,60,86400,SELL,ZE,1,1.04408,1.03401,1007.0,1.03708,1.03196,512.0,50.844,69.51,307.0,237.7,1.03708,1.03401,1.02889,BOUNCE,2010.07.13 18:00,1,2010.07.13 20:00,1,2010.07.15 17:00,1,2010.07.16 16:00,3,2d 22h,NewYork,NA,,NA,,1.04715,BOUNCE,2010.06.29 11:00,1,2010.07.08 15:00,1,2010.07.09 16:00,1,2010.07.13 18:00,3,2w 0d,London,NA,,NA,,1.03094,BOUNCE,2010.07.09 16:00,1,2010.07.15 17:00,1,2010.07.16 16:00,0,,2,1w 0d,NewYork,NA,,NA,,1.04015,BREAK,2010.06.29 09:00,0,,0,,0,,0,NA,London,BREAK,2010.06.29 11:00,BREAK,2010.06.29 13:00,S-ZF-BO,B-ZC-BO,B-ZF-BR,S-ZF-UN,S-ZG-BO,B-ZO-BO,S-ZB-BR,S-ZB-BO,S-ZF-BR,S-ZE-BO,B-ZB-BR,B-ZB-UN,B-ZE-UN,S-ZO-BR,B-ZG-UN,S-ZF-BR,S-ZF-BR,B-ZB-BO,S-ZE-BO,B-ZO-BO
65,2010.06.30 00:00,USDCAD,60,86400,BUY,ZB,1,1.03708,1.03196,512.0,1.05751,1.03411,2340.0,457.031,41.99,297.0,120.8,1.03708,1.03411,1.06048,BREAK,2010.06.30 17:00,0,,0,,0,,0,NA,NewYork,BREAK,2010.06.30 22:00,BOUNCE,2010.07.01 08:00,1.02899,BREAK,2010.07.13 18:00,0,,0,,0,,0,NA,NewYork,BOUNCE,2010.07.27 14:00,NA,,1.04005,BREAK,2010.06.30 00:00,0,,0,,0,,0,NA,Asia,BREAK,2010.06.30 01:00,BREAK,2010.06.30 02:00,1.03114,BREAK,2010.07.09 16:00,0,,0,,0,,0,NA,NewYork,BOUNCE,2010.07.13 18:00,NA,,S-ZE-BO,S-ZF-BO,B-ZC-BO,B-ZF-BR,S-ZF-UN,S-ZG-BO,B-ZO-BO,S-ZB-BR,S-ZB-BO,S-ZF-BR,B-ZB-UN,B-ZE-UN,S-ZO-BR,B-ZG-UN,S-ZF-BR,S-ZF-BR,B-ZB-BO,S-ZE-BO,B-ZO-BO,S-ZE-BO
66,2010.07.01 00:00,USDCAD,60,86400,BUY,ZB,1,1.05751,1.03411,2340.0,1.06470,1.04655,1815.0,77.564,53.16,1096.0,552.2,1.05751,1.04655,1.07566,UNTOUCHED,,0,,0,,0,,0,NA,Other,NA,,NA,,1.02315,BREAK,2010.08.02 10:00,0,,0,,0,,0,NA,London,BOUNCE,2010.08.06 14:00,NA,,1.06847,UNTOUCHED,,0,,0,,0,,0,NA,Other,NA,,NA,,1.03559,BREAK,2010.07.09 14:00,0,,0,,0,,0,NA,NewYork,BREAK,2010.08.04 18:00,BOUNCE,2010.08.06 15:00,B-ZB-BR,S-ZE-BO,S-ZF-BO,B-ZC-BO,B-ZF-BR,S-ZF-UN,S-ZG-BO,B-ZO-BO,S-ZB-BR,S-ZB-BO,B-ZE-UN,S-ZO-BR,B-ZG-UN,S-ZF-BR,S-ZF-BR,B-ZB-BO,S-ZE-BO,B-ZO-BO,S-ZE-BO,B-ZO-BO
67,2010.07.02 00:00,USDCAD,60,86400,BUY,ZE,1,1.06470,1.04655,1815.0,1.06730,1.05769,961.0,52.948,61.38,701.0,428.3,1.06470,1.05769,1.07431,UNTOUCHED,,0,,0,,0,,0,NA,Other,NA,,NA,,1.03954,BREAK,2010.07.08 16:00,0,,0,,0,,0,NA,NewYork,BREAK,2010.07.13 18:00,BOUNCE,2010.07.27 17:00,1.07171,UNTOUCHED,,0,,0,,0,,0,NA,Other,NA,,NA,,1.05068,BOUNCE,2010.07.06 17:00,0,,0,,0,,0,NA,NewYork,NA,,NA,,B-ZB-UN,B-ZB-BR,S-ZE-BO,S-ZF-BO,B-ZC-BO,B-ZF-BR,S-ZF-UN,S-ZG-BO,B-ZO-BO,S-ZB-BR,S-ZO-BR,B-ZG-UN,S-ZF-BR,S-ZF-BR,B-ZB-BO,S-ZE-BO,B-ZO-BO,S-ZE-BO,B-ZO-BO,S-ZF-BR
68,2010.07.05 01:00,USDCAD,60,86400,SELL,ZO,0,1.06730,1.05769,961.0,1.06672,1.05552,1120.0,116.545,6.04,903.0,226.8,1.06672,1.05769,1.04649,BREAK,2010.07.07 23:00,0,,0,,0,,0,NA,Other,BREAK,2010.07.09 14:00,BOUNCE,2010.07.15 09:00,1.07633,UNTOUCHED,,0,,0,,0,,0,NA,Other,NA,,NA,,1.04866,BOUNCE,2010.07.06 17:00,0,,0,,0,,0,NA,NewYork,NA,,NA,,1.07575,UNTOUCHED,,0,,0,,0,,0,NA,Other,NA,,NA,,B-ZE-UN,B-ZB-UN,B-ZB-BR,S-ZE-BO,S-ZF-BO,B-ZC-BO,B-ZF-BR,S-ZF-UN,S-ZG-BO,B-ZO-BO,B-ZG-UN,S-ZF-BR,S-ZF-BR,B-ZB-BO,S-ZE-BO,B-ZO-BO,S-ZE-BO,B-ZO-BO,S-ZF-BR,S-ZB-BR
69,2010.07.06 00:00,USDCAD,60,86400,BUY,ZG,0,1.06672,1.05552,1120.0,1.06751,1.05756,995.0,88.839,18.21,916.0,264.3,1.06672,1.05756,1.07667,UNTOUCHED,,0,,0,,0,,0,NA,Other,NA,,NA,,1.04636,BREAK,2010.07.07 23:00,0,,0,,0,,0,NA,Other,BREAK,2010.07.09 14:00,BOUNCE,2010.07.15 09:00,1.07588,UNTOUCHED,,0,,0,,0,,0,NA,Other,NA,,NA,,1.04840,BOUNCE,2010.07.06 17:00,0,,0,,0,,0,NA,NewYork,NA,,NA,,S-ZO-BR,B-ZE-UN,B-ZB-UN,B-ZB-BR,S-ZE-BO,S-ZF-BO,B-ZC-BO,B-ZF-BR,S-ZF-UN,S-ZG-BO,S-ZF-BR,S-ZF-BR,B-ZB-BO,S-ZE-BO,B-ZO-BO,S-ZE-BO,B-ZO-BO,S-ZF-BR,S-ZB-BR,S-ZF-BO
70,2010.07.08 00:00,USDCAD,60,86400,SELL,ZF,0,1.06756,1.04837,1919.0,1.06047,1.04624,1423.0,74.153,36.95,1210.0,452.9,1.06047,1.04837,1.03414,BREAK,2010.07.09 14:00,0,,0,,0,,0,NA,NewYork,BREAK,2010.08.04 21:00,UNTOUCHED,,1.07966,UNTOUCHED,,0,,0,,0,,0,NA,Other,NA,,NA,,1.03627,BREAK,2010.07.09 14:00,0,,0,,0,,0,NA,NewYork,BREAK,2010.08.04 16:00,BOUNCE,2010.08.06 14:00,1.07257,UNTOUCHED,,0,,0,,0,,0,NA,Other,NA,,NA,,B-ZG-UN,S-ZO-BR,B-ZE-UN,B-ZB-UN,B-ZB-BR,S-ZE-BO,S-ZF-BO,B-ZC-BO,B-ZF-BR,S-ZF-UN,S-ZF-BR,B-ZB-BO,S-ZE-BO,B-ZO-BO,S-ZE-BO,B-ZO-BO,S-ZF-BR,S-ZB-BR,S-ZF-BO,B-ZB-BR
71,2010.07.12 01:00,USDCAD,60,86400,SELL,ZF,1,1.04852,1.03788,1064.0,1.04540,1.02950,1590.0,149.436,29.32,752.0,251.1,1.04540,1.03788,1.02198,BREAK,2010.08.02 14:00,0,,0,,0,,0,NA,NewYork,BREAK,2010.08.05 13:00,UNTOUCHED,,1.05604,BOUNCE,2010.07.16 23:00,1,2010.07.21 07:00,1,2010.07.26 18:00,1,2010.08.02 14:00,3,2w 2d,Other,NA,,NA,,1.03036,BOUNCE,2010.07.12 03:00,1,2010.07.16 17:00,1,2010.07.16 23:00,0,,2,4d 20h,Asia,NA,,NA,,1.05292,BREAK,2010.07.16 17:00,0,,0,,0,,0,NA,NewYork,BREAK,2010.08.24 15:00,UNTOUCHED,,S-ZF-BR,B-ZG-UN,S-ZO-BR,B-ZE-UN,B-ZB-UN,B-ZB-BR,S-ZE-BO,S-ZF-BO,B-ZC-BO,B-ZF-BR,B-ZB-BO,S-ZE-BO,B-ZO-BO,S-ZE-BO,B-ZO-BO,S-ZF-BR,S-ZB-BR,S-ZF-BO,B-ZB-BR,B-ZF-BO
72,2010.07.19 01:00,USDCAD,60,86400,BUY,ZB,1,1.04414,1.02826,1588.0,1.05809,1.03779,2030.0,127.834,60.01,635.0,374.8,1.04414,1.03779,1.06444,BOUNCE,2010.08.24 15:00,1,2010.08.27 23:00,0,,0,,1,3d 8h,NewYork,NA,,NA,,1.02191,BREAK,2010.08.02 17:00,0,,0,,0,,0,NA,NewYork,BREAK,2010.08.05 13:00,UNTOUCHED,,1.05049,BREAK,2010.07.19 01:00,0,,0,,0,,0,NA,Asia,BOUNCE,2010.07.19 11:00,NA,,1.03144,BREAK,2010.07.26 17:00,0,,0,,0,,0,NA,NewYork,BREAK,2010.08.02 17:00,BREAK,2010.08.05 10:00,S-ZF-BR,S-ZF-BR,B-ZG-UN,S-ZO-BR,B-ZE-UN,B-ZB-UN,B-ZB-BR,S-ZE-BO,S-ZF-BO,B-ZC-BO,S-ZE-BO,B-ZO-BO,S-ZE-BO,B-ZO-BO,S-ZF-BR,S-ZB-BR,S-ZF-BO,B-ZB-BR,B-ZF-BO,B-ZF-BR
73,2010.07.22 00:00,USDCAD,60,86400,SELL,ZE,1,1.05852,1.04296,1556.0,1.05007,1.03506,1501.0,96.465,54.31,711.0,367.2,1.05007,1.04296,1.02795,BOUNCE,2010.07.27 14:00,1,2010.08.11 15:00,1,2010.08.24 08:00,1,2010.08.24 16:00,3,4w 0d,NewYork,NA,,NA,,1.06563,BOUNCE,2010.08.24 16:00,1,2010.08.27 23:00,0,,0,,1,3d 7h,NewYork,NA,,NA,,1.03585,BOUNCE,2010.07.22 18:00,1,2010.08.24 08:00,1,2010.08.24 16:00,0,,2,4w 4d,NewYork,NA,,NA,,1.05718,BREAK,2010.08.24 08:00,0,,0,,0,,0,NA,London,BOUNCE,2010.08.24 18:00,NA,,B-ZB-BO,S-ZF-BR,S-ZF-BR,B-ZG-UN,S-ZO-BR,B-ZE-UN,B-ZB-UN,B-ZB-BR,S-ZE-BO,S-ZF-BO,B-ZO-BO,S-ZE-BO,B-ZO-BO,S-ZF-BR,S-ZB-BR,S-ZF-BO,B-ZB-BR,B-ZF-BO,B-ZF-BR,B-ZE-BR
74,2010.07.23 00:00,USDCAD,60,86400,BUY,ZO,0,1.05007,1.03506,1501.0,1.05024,1.03545,1479.0,98.534,2.60,1462.0,354.2,1.05007,1.03545,1.06486,BOUNCE,2010.08.24 15:00,0,,0,,0,,0,NA,NewYork,NA,,NA,,1.02044,BREAK,2010.08.02 17:00,0,,0,,0,,0,NA,NewYork,UNTOUCHED,,NA,,1.06469,BOUNCE,2010.08.24 15:00,0,,0,,0,,0,NA,NewYork,NA,,NA,,1.02083,BREAK,2010.08.02 17:00,0,,0,,0,,0,NA,NewYork,UNTOUCHED,,NA,,S-ZE-BO,B-ZB-BO,S-ZF-BR,S-ZF-BR,B-ZG-UN,S-ZO-BR,B-ZE-UN,B-ZB-UN,B-ZB-BR,S-ZE-BO,S-ZE-BO,B-ZO-BO,S-ZF-BR,S-ZB-BR,S-ZF-BO,B-ZB-BR,B-ZF-BO,B-ZF-BR,B-ZE-BR,B-ZO-BR
75,2010.07.24 00:00,USDCAD,60,86400,SELL,ZE,1,1.05024,1.03545,1479.0,1.04311,1.03454,857.0,57.945,48.21,766.0,349.0,1.04311,1.03545,1.02688,BOUNCE,2010.07.27 14:00,1,2010.08.11 15:00,1,2010.08.20 18:00,1,2010.08.24 10:00,3,3w 6d,NewYork,NA,,NA,,1.05790,BREAK,2010.08.24 10:00,0,,0,,0,,0,NA,London,BOUNCE,2010.08.24 18:00,NA,,1.02779,BOUNCE,2010.07.27 14:00,1,2010.08.20 18:00,1,2010.08.24 10:00,0,,2,3w 6d,NewYork,NA,,NA,,1.05077,BREAK,2010.08.20 18:00,0,,0,,0,,0,NA,NewYork,BREAK,2010.08.24 14:00,BOUNCE,2010.08.24 17:00,B-ZO-BO,S-ZE-BO,B-ZB-BO,S-ZF-BR,S-ZF-BR,B-ZG-UN,S-ZO-BR,B-ZE-UN,B-ZB-UN,B-ZB-BR,B-ZO-BO,S-ZF-BR,S-ZB-BR,S-ZF-BO,B-ZB-BR,B-ZF-BO,B-ZF-BR,B-ZE-BR,B-ZO-BR,S-ZF-BR
76,2010.07.30 00:00,USDCAD,60,86400,BUY,ZO,0,1.03896,1.02982,914.0,1.03900,1.03023,877.0,95.952,4.49,873.0,215.7,1.03896,1.03023,1.04773,BOUNCE,2010.08.12 00:00,1,2010.08.18 12:00,0,,0,,1,6d 12h,Asia,NA,,NA,,1.02109,BREAK,2010.08.02 17:00,0,,0,,0,,0,NA,NewYork,BOUNCE,2010.08.06 14:00,NA,,1.04769,BOUNCE,2010.08.12 00:00,0,,0,,0,,0,NA,Asia,NA,,NA,,1.02150,BREAK,2010.08.02 17:00,0,,0,,0,,0,NA,NewYork,BOUNCE,2010.08.06 14:00,NA,,S-ZE-BO,B-ZO-BO,S-ZE-BO,B-ZB-BO,S-ZF-BR,S-ZF-BR,B-ZG-UN,S-ZO-BR,B-ZE-UN,B-ZB-UN,S-ZF-BR,S-ZB-BR,S-ZF-BO,B-ZB-BR,B-ZF-BO,B-ZF-BR,B-ZE-BR,B-ZO-BR,S-ZF-BR,S-ZB-BO
77,2010.08.02 02:00,USDCAD,60,86400,SELL,ZF,0,1.03900,1.03023,877.0,1.03743,1.02633,1110.0,126.568,17.90,720.0,207.0,1.03743,1.03023,1.01913,BREAK,2010.08.04 18:00,0,,0,,0,,0,NA,NewYork,BOUNCE,2010.08.06 13:00,NA,,1.04620,BREAK,2010.08.11 17:00,0,,0,,0,,0,NA,NewYork,BREAK,2010.08.24 03:00,BREAK,2010.08.24 14:00,1.02303,BREAK,2010.08.02 10:00,0,,0,,0,,0,NA,London,BREAK,2010.08.05 10:00,UNTOUCHED,,1.04463,BREAK,2010.08.11 17:00,0,,0,,0,,0,NA,NewYork,BREAK,2010.08.24 02:00,BREAK,2010.08.24 14:00,B-ZO-BO,S-ZE-BO,B-ZO-BO,S-ZE-BO,B-ZB-BO,S-ZF-BR,S-ZF-BR,B-ZG-UN,S-ZO-BR,B-ZE-UN,S-ZB-BR,S-ZF-BO,B-ZB-BR,B-ZF-BO,B-ZF-BR,B-ZE-BR,B-ZO-BR,S-ZF-BR,S-ZB-BO,B-ZB-BR
78,2010.08.03 00:00,USDCAD,60,86400,SELL,ZB,1,1.03743,1.02633,1110.0,1.02942,1.02034,908.0,81.802,72.16,309.0,262.0,1.02942,1.02633,1.01725,BREAK,2010.08.04 21:00,0,,0,,0,,0,NA,Other,BREAK,2010.08.05 13:00,BOUNCE,2010.08.05 16:00,1.04052,BOUNCE,2010.08.11 15:00,1,2010.08.17 15:00,0,,0,,1,6d 0h,NewYork,NA,,NA,,1.02324,BOUNCE,2010.08.03 00:00,1,2010.08.10 11:00,1,2010.08.11 15:00,0,,2,1w 1d,Asia,NA,,NA,,1.03251,BREAK,2010.08.10 11:00,0,,0,,0,,0,NA,London,BREAK,2010.08.10 17:00,BREAK,2010.08.11 15:00,S-ZF-BR,B-ZO-BO,S-ZE-BO,B-ZO-BO,S-ZE-BO,B-ZB-BO,S-ZF-BR,S-ZF-BR,B-ZG-UN,S-ZO-BR,S-ZF-BO,B-ZB-BR,B-ZF-BO,B-ZF-BR,B-ZE-BR,B-ZO-BR,S-ZF-BR,S-ZB-BO,B-ZB-BR,B-ZC-UN
79,2010.08.05 00:00,USDCAD,60,86400,SELL,ZF,1,1.02723,1.02187,536.0,1.02698,1.01624,1074.0,200.373,4.66,511.0,126.5,1.02698,1.02187,1.01113,BOUNCE,2010.08.05 13:00,1,2010.08.06 14:00,1,2010.08.10 09:00,1,2010.08.10 11:00,3,4d 22h,NewYork,NA,,NA,,1.03234,BREAK,2010.08.10 11:00,0,,0,,0,,0,NA,London,BREAK,2010.08.10 17:00,BOUNCE,2010.08.11 15:00,1.01676,BREAK,2010.08.05 03:00,0,,0,,0,,0,NA,Asia,BOUNCE,2010.08.05 17:00,NA,,1.03209,BREAK,2010.08.10 09:00,0,,0,,0,,0,NA,London,BREAK,2010.08.10 15:00,BOUNCE,2010.08.11 15:00,S-ZB-BR,S-ZF-BR,B-ZO-BO,S-ZE-BO,B-ZO-BO,S-ZE-BO,B-ZB-BO,S-ZF-BR,S-ZF-BR,B-ZG-UN,B-ZB-BR,B-ZF-BO,B-ZF-BR,B-ZE-BR,B-ZO-BR,S-ZF-BR,S-ZB-BO,B-ZB-BR,B-ZC-UN,S-ZC-BO
80,2010.08.09 01:00,USDCAD,60,86400,BUY,ZB,1,1.01864,1.01067,797.0,1.03048,1.01461,1587.0,199.122,49.44,403.0,188.1,1.01864,1.01461,1.03451,BREAK,2010.08.10 14:00,0,,0,,0,,0,NA,NewYork,BOUNCE,2010.08.10 19:00,NA,,1.00664,UNTOUCHED,,0,,0,,0,,0,NA,Other,NA,,NA,,1.02267,BREAK,2010.08.09 01:00,0,,0,,0,,0,NA,Asia,BREAK,2010.08.09 02:00,BREAK,2010.08.10 11:00,1.01058,UNTOUCHED,,0,,0,,0,,0,NA,Other,NA,,NA,,S-ZF-BO,S-ZB-BR,S-ZF-BR,B-ZO-BO,S-ZE-BO,B-ZO-BO,S-ZE-BO,B-ZB-BO,S-ZF-BR,S-ZF-BR,B-ZF-BO,B-ZF-BR,B-ZE-BR,B-ZO-BR,S-ZF-BR,S-ZB-BO,B-ZB-BR,B-ZC-UN,S-ZC-BO,S-ZO-BR
81,2010.08.11 00:00,USDCAD,60,86400,BUY,ZF,1,1.02985,1.02557,428.0,1.03876,1.02677,1199.0,280.140,28.04,308.0,101.0,1.02985,1.02677,1.04184,BOUNCE,2010.08.11 15:00,1,2010.08.13 10:00,1,2010.09.14 17:00,1,2010.09.14 18:00,3,4w 6d,NewYork,NA,,NA,,1.02249,BOUNCE,2010.09.14 18:00,1,2010.09.15 05:00,1,2010.09.17 17:00,0,,2,2d 23h,NewYork,NA,,NA,,1.03293,BREAK,2010.08.11 03:00,0,,0,,0,,0,NA,Asia,BREAK,2010.08.11 10:00,BREAK,2010.08.11 15:00,1.02369,BOUNCE,2010.09.14 17:00,1,2010.09.17 17:00,1,2010.09.17 17:00,0,,2,3d 0h,NewYork,NA,,NA,,B-ZB-BR,S-ZF-BO,S-ZB-BR,S-ZF-BR,B-ZO-BO,S-ZE-BO,B-ZO-BO,S-ZE-BO,B-ZB-BO,S-ZF-BR,B-ZF-BR,B-ZE-BR,B-ZO-BR,S-ZF-BR,S-ZB-BO,B-ZB-BR,B-ZC-UN,S-ZC-BO,S-ZO-BR,S-ZF-BR
82,2010.08.12 00:00,USDCAD,60,86400,BUY,ZF,1,1.03876,1.02677,1199.0,1.04732,1.03018,1714.0,142.952,28.44,858.0,283.0,1.03876,1.03018,1.05590,BREAK,2010.08.24 04:00,0,,0,,0,,0,NA,Asia,BOUNCE,2010.08.24 18:00,NA,,1.01819,UNTOUCHED,,0,,0,,0,,0,NA,Other,NA,,NA,,1.04734,BOUNCE,2010.08.12 00:00,1,2010.09.14 19:00,0,,0,,1,4w 5d,Asia,NA,,NA,,1.02160,BOUNCE,2010.09.14 19:00,0,,0,,0,,0,NA,NewYork,NA,,NA,,B-ZF-BO,B-ZB-BR,S-ZF-BO,S-ZB-BR,S-ZF-BR,B-ZO-BO,S-ZE-BO,B-ZO-BO,S-ZE-BO,B-ZB-BO,B-ZE-BR,B-ZO-BR,S-ZF-BR,S-ZB-BO,B-ZB-BR,B-ZC-UN,S-ZC-BO,S-ZO-BR,S-ZF-BR,S-ZE-BR
83,2010.08.13 00:00,USDCAD,60,86400,BUY,ZE,1,1.04732,1.03018,1714.0,1.04934,1.04204,730.0,42.590,69.19,528.0,404.5,1.04732,1.04204,1.05462,BREAK,2010.08.24 03:00,0,,0,,0,,0,NA,Asia,BREAK,2010.08.24 15:00,BOUNCE,2010.08.24 17:00,1.02490,BOUNCE,2010.08.19 14:00,1,2010.08.19 17:00,1,2010.08.23 22:00,1,2010.08.24 03:00,3,4d 13h,NewYork,NA,,NA,,1.05260,BREAK,2010.08.23 22:00,0,,0,,0,,0,NA,Other,BREAK,2010.08.24 14:00,BOUNCE,2010.08.24 18:00,1.03676,BOUNCE,2010.08.13 09:00,1,2010.08.23 22:00,1,2010.08.23 22:00,0,,2,1w 3d,London,NA,,NA,,B-ZF-BR,B-ZF-BO,B-ZB-BR,S-ZF-BO,S-ZB-BR,S-ZF-BR,B-ZO-BO,S-ZE-BO,B-ZO-BO,S-ZE-BO,B-ZO-BR,S-ZF-BR,S-ZB-BO,B-ZB-BR,B-ZC-UN,S-ZC-BO,S-ZO-BR,S-ZF-BR,S-ZE-BR,B-ZF-UN
84,2010.08.17 00:00,USDCAD,60,86400,BUY,ZO,0,1.04376,1.03487,889.0,1.04641,1.03705,936.0,105.287,24.52,671.0,209.8,1.04376,1.03705,1.05312,BREAK,2010.08.24 01:00,0,,0,,0,,0,NA,Asia,BREAK,2010.08.24 14:00,BOUNCE,2010.08.25 21:00,1.02816,BREAK,2010.08.18 14:00,0,,0,,0,,0,NA,NewYork,BREAK,2010.09.22 12:00,BREAK,2010.10.06 10:00,1.05047,BREAK,2010.08.20 14:00,0,,0,,0,,0,NA,NewYork,BREAK,2010.08.24 12:00,BREAK,2010.08.24 16:00,1.03034,BREAK,2010.08.18 12:00,0,,0,,0,,0,NA,London,BOUNCE,2010.09.15 05:00,NA,,B-ZE-BR,B-ZF-BR,B-ZF-BO,B-ZB-BR,S-ZF-BO,S-ZB-BR,S-ZF-BR,B-ZO-BO,S-ZE-BO,B-ZO-BO,S-ZF-BR,S-ZB-BO,B-ZB-BR,B-ZC-UN,S-ZC-BO,S-ZO-BR,S-ZF-BR,S-ZE-BR,B-ZF-UN,S-ZB-BO
85,2010.08.18 00:00,USDCAD,60,86400,SELL,ZF,1,1.04641,1.03705,936.0,1.04366,1.03079,1287.0,137.500,29.38,661.0,220.9,1.04366,1.03705,1.02418,BREAK,2010.09.14 17:00,0,,0,,0,,0,NA,NewYork,BREAK,2010.10.05 17:00,BREAK,2010.10.06 18:00,1.05302,BREAK,2010.08.24 01:00,0,,0,,0,,0,NA,Asia,BREAK,2010.08.24 14:00,BOUNCE,2010.08.25 21:00,1.03044,BREAK,2010.08.18 12:00,0,,0,,0,,0,NA,London,BREAK,2010.09.14 19:00,BREAK,2010.10.06 06:00,1.05027,BREAK,2010.08.20 14:00,0,,0,,0,,0,NA,NewYork,BREAK,2010.08.24 11:00,BREAK,2010.08.24 16:00,B-ZO-BR,B-ZE-BR,B-ZF-BR,B-ZF-BO,B-ZB-BR,S-ZF-BO,S-ZB-BR,S-ZF-BR,B-ZO-BO,S-ZE-BO,S-ZB-BO,B-ZB-BR,B-ZC-UN,S-ZC-BO,S-ZO-BR,S-ZF-BR,S-ZE-BR,B-ZF-UN,S-ZB-BO,S-ZO-BR
86,2010.08.19 00:00,USDCAD,60,86400,SELL,ZB,1,1.04366,1.03079,1287.0,1.03400,1.02698,702.0,54.545,75.06,321.0,303.7,1.03400,1.03079,1.02377,BOUNCE,2010.09.14 17:00,1,2010.09.15 05:00,1,2010.09.23 15:00,0,,2,1w 1d,NewYork,NA,,NA,,1.04687,BOUNCE,2010.08.20 13:00,1,2010.09.03 16:00,1,2010.09.13 17:00,1,2010.09.14 17:00,3,3w 4d,NewYork,NA,,NA,,1.02758,BOUNCE,2010.08.19 01:00,1,2010.08.19 17:00,1,2010.08.20 13:00,0,,2,1d 12h,Asia,NA,,NA,,1.03721,BOUNCE,2010.08.19 17:00,1,2010.09.13 17:00,1,2010.09.13 17:00,0,,2,3w 4d,NewYork,NA,,NA,,S-ZF-BR,B-ZO-BR,B-ZE-BR,B-ZF-BR,B-ZF-BO,B-ZB-BR,S-ZF-BO,S-ZB-BR,S-ZF-BR,B-ZO-BO,B-ZB-BR,B-ZC-UN,S-ZC-BO,S-ZO-BR,S-ZF-BR,S-ZE-BR,B-ZF-UN,S-ZB-BO,S-ZO-BR,S-ZF-BO
87,2010.08.24 00:00,USDCAD,60,86400,BUY,ZB,1,1.05132,1.03817,1315.0,1.05286,1.04444,842.0,64.030,47.68,688.0,310.3,1.05132,1.04444,1.05974,BREAK,2010.08.24 13:00,0,,0,,0,,0,NA,NewYork,BOUNCE,2010.09.01 12:00,NA,,1.03129,BREAK,2010.09.09 16:00,0,,0,,0,,0,NA,NewYork,BOUNCE,2010.09.15 06:00,NA,,1.05820,BREAK,2010.08.24 10:00,0,,0,,0,,0,NA,London,BOUNCE,2010.08.24 17:00,NA,,1.03756,BREAK,2010.09.06 06:00,0,,0,,0,,0,NA,Asia,BREAK,2010.09.13 17:00,BOUNCE,2010.09.15 06:00,S-ZB-BO,S-ZF-BR,B-ZO-BR,B-ZE-BR,B-ZF-BR,B-ZF-BO,B-ZB-BR,S-ZF-BO,S-ZB-BR,S-ZF-BR,B-ZC-UN,S-ZC-BO,S-ZO-BR,S-ZF-BR,S-ZE-BR,B-ZF-UN,S-ZB-BO,S-ZO-BR,S-ZF-BO,S-ZC-BR
88,2010.08.26 00:00,USDCAD,60,86400,BUY,ZC,1,1.06614,1.05106,1508.0,1.06661,1.05737,924.0,61.273,41.84,877.0,355.9,1.06614,1.05737,1.07538,UNTOUCHED,,0,,0,,0,,0,NA,Other,NA,,NA,,1.04229,BREAK,2010.09.03 16:00,0,,0,,0,,0,NA,NewYork,BREAK,2010.09.10 14:00,BOUNCE,2010.09.17 17:00,1.07491,UNTOUCHED,,0,,0,,0,,0,NA,Other,NA,,NA,,1.04860,BOUNCE,2010.08.30 01:00,0,,0,,0,,0,NA,Asia,NA,,NA,,B-ZB-BR,S-ZB-BO,S-ZF-BR,B-ZO-BR,B-ZE-BR,B-ZF-BR,B-ZF-BO,B-ZB-BR,S-ZF-BO,S-ZB-BR,S-ZC-BO,S-ZO-BR,S-ZF-BR,S-ZE-BR,B-ZF-UN,S-ZB-BO,S-ZO-BR,S-ZF-BO,S-ZC-BR,B-ZE-BO
89,2010.08.27 00:00,USDCAD,60,86400,SELL,ZC,1,1.06661,1.05737,924.0,1.06041,1.05208,833.0,90.152,67.10,304.0,218.1,1.06041,1.05737,1.04904,BOUNCE,2010.08.30 01:00,1,2010.08.30 17:00,1,2010.08.31 14:00,0,,2,1d 13h,Asia,NA,,NA,,1.06965,UNTOUCHED,,0,,0,,0,,0,NA,Other,NA,,NA,,1.05433,BOUNCE,2010.08.27 18:00,1,2010.08.31 14:00,0,,0,,1,3d 20h,NewYork,NA,,NA,,1.06345,BOUNCE,2010.08.27 17:00,1,2010.08.27 18:00,1,2010.08.27 18:00,0,,2,1h,NewYork,NA,,NA,,B-ZC-UN,B-ZB-BR,S-ZB-BO,S-ZF-BR,B-ZO-BR,B-ZE-BR,B-ZF-BR,B-ZF-BO,B-ZB-BR,S-ZF-BO,S-ZO-BR,S-ZF-BR,S-ZE-BR,B-ZF-UN,S-ZB-BO,S-ZO-BR,S-ZF-BO,S-ZC-BR,B-ZE-BO,S-ZE-BO
90,2010.08.31 00:00,USDCAD,60,86400,SELL,ZO,0,1.06467,1.05049,1418.0,1.06030,1.04708,1322.0,93.230,30.82,981.0,334.6,1.06030,1.05049,1.03727,BREAK,2010.09.06 10:00,0,,0,,0,,0,NA,London,BREAK,2010.09.14 17:00,BREAK,2010.10.06 08:00,1.07448,UNTOUCHED,,0,,0,,0,,0,NA,Other,NA,,NA,,1.04068,BREAK,2010.09.03 16:00,0,,0,,0,,0,NA,NewYork,BREAK,2010.09.13 17:00,BOUNCE,2010.09.22 18:00,1.07011,UNTOUCHED,,0,,0,,0,,0,NA,Other,NA,,NA,,S-ZC-BO,B-ZC-UN,B-ZB-BR,S-ZB-BO,S-ZF-BR,B-ZO-BR,B-ZE-BR,B-ZF-BR,B-ZF-BO,B-ZB-BR,S-ZF-BR,S-ZE-BR,B-ZF-UN,S-ZB-BO,S-ZO-BR,S-ZF-BO,S-ZC-BR,B-ZE-BO,S-ZE-BO,S-ZG-BR
91,2010.09.02 00:00,USDCAD,60,86400,SELL,ZF,1,1.06716,1.05735,981.0,1.06551,1.04837,1714.0,174.720,16.82,816.0,231.5,1.06551,1.05735,1.04021,BREAK,2010.09.03 16:00,0,,0,,0,,0,NA,NewYork,BREAK,2010.09.10 14:00,BREAK,2010.09.14 19:00,1.07532,UNTOUCHED,,0,,0,,0,,0,NA,Other,NA,,NA,,1.04919,BREAK,2010.09.02 00:00,0,,0,,0,,0,NA,Asia,BREAK,2010.09.03 21:00,BREAK,2010.09.09 16:00,1.07367,UNTOUCHED,,0,,0,,0,,0,NA,Other,NA,,NA,,S-ZO-BR,S-ZC-BO,B-ZC-UN,B-ZB-BR,S-ZB-BO,S-ZF-BR,B-ZO-BR,B-ZE-BR,B-ZF-BR,B-ZF-BO,S-ZE-BR,B-ZF-UN,S-ZB-BO,S-ZO-BR,S-ZF-BO,S-ZC-BR,B-ZE-BO,S-ZE-BO,S-ZG-BR,B-ZC-UN
92,2010.09.03 00:00,USDCAD,60,86400,SELL,ZE,1,1.06551,1.04837,1714.0,1.05544,1.04712,832.0,48.541,58.75,707.0,404.5,1.05544,1.04837,1.04005,BREAK,2010.09.03 16:00,0,,0,,0,,0,NA,NewYork,BREAK,2010.09.10 14:00,BREAK,2010.09.14 18:00,1.07258,UNTOUCHED,,0,,0,,0,,0,NA,Other,NA,,NA,,1.04130,BREAK,2010.09.03 16:00,0,,0,,0,,0,NA,NewYork,BOUNCE,2010.09.07 11:00,NA,,1.06251,UNTOUCHED,,0,,0,,0,,0,NA,Other,NA,,NA,,S-ZF-BR,S-ZO-BR,S-ZC-BO,B-ZC-UN,B-ZB-BR,S-ZB-BO,S-ZF-BR,B-ZO-BR,B-ZE-BR,B-ZF-BR,B-ZF-UN,S-ZB-BO,S-ZO-BR,S-ZF-BO,S-ZC-BR,B-ZE-BO,S-ZE-BO,S-ZG-BR,B-ZC-UN,S-ZF-BR
93,2010.09.08 00:00,USDCAD,60,86400,BUY,ZF,1,1.04025,1.03390,635.0,1.04808,1.03480,1328.0,209.134,14.17,545.0,149.9,1.04025,1.03480,1.05353,UNTOUCHED,,0,,0,,0,,0,NA,Other,NA,,NA,,1.02845,BREAK,2010.09.13 16:00,0,,0,,0,,0,NA,NewYork,BOUNCE,2010.09.15 05:00,NA,,1.04570,BREAK,2010.09.08 00:00,0,,0,,0,,0,NA,Asia,UNTOUCHED,,NA,,1.02935,BOUNCE,2010.09.10 14:00,0,,0,,0,,0,NA,NewYork,NA,,NA,,S-ZE-BR,S-ZF-BR,S-ZO-BR,S-ZC-BO,B-ZC-UN,B-ZB-BR,S-ZB-BO,S-ZF-BR,B-ZO-BR,B-ZE-BR,S-ZB-BO,S-ZO-BR,S-ZF-BO,S-ZC-BR,B-ZE-BO,S-ZE-BO,S-ZG-BR,B-ZC-UN,S-ZF-BR,S-ZE-BR
94,2010.09.10 00:00,USDCAD,60,86400,SELL,ZB,1,1.05080,1.03451,1629.0,1.03932,1.03007,925.0,56.783,70.47,481.0,384.4,1.03932,1.03451,1.02526,BOUNCE,2010.09.14 15:00,1,2010.09.17 17:00,0,,0,,1,3d 2h,NewYork,NA,,NA,,1.05561,UNTOUCHED,,0,,0,,0,,0,NA,Other,NA,,NA,,1.02970,BOUNCE,2010.09.10 14:00,0,,0,,0,,0,NA,NewYork,NA,,NA,,1.04413,UNTOUCHED,,0,,0,,0,,0,NA,Other,NA,,NA,,B-ZF-UN,S-ZE-BR,S-ZF-BR,S-ZO-BR,S-ZC-BO,B-ZC-UN,B-ZB-BR,S-ZB-BO,S-ZF-BR,B-ZO-BR,S-ZO-BR,S-ZF-BO,S-ZC-BR,B-ZE-BO,S-ZE-BO,S-ZG-BR,B-ZC-UN,S-ZF-BR,S-ZE-BR,S-ZO-BO
95,2010.09.13 01:00,USDCAD,60,86400,SELL,ZO,0,1.03932,1.03007,925.0,1.03730,1.02860,870.0,94.054,21.84,723.0,218.3,1.03730,1.03007,1.02137,BREAK,2010.09.22 12:00,0,,0,,0,,0,NA,London,BREAK,2010.10.06 14:00,BOUNCE,2010.10.07 16:00,1.04655,UNTOUCHED,,0,,0,,0,,0,NA,Other,NA,,NA,,1.02284,BOUNCE,2010.09.14 18:00,0,,0,,0,,0,NA,NewYork,NA,,NA,,1.04453,UNTOUCHED,,0,,0,,0,,0,NA,Other,NA,,NA,,S-ZB-BO,B-ZF-UN,S-ZE-BR,S-ZF-BR,S-ZO-BR,S-ZC-BO,B-ZC-UN,B-ZB-BR,S-ZB-BO,S-ZF-BR,S-ZF-BO,S-ZC-BR,B-ZE-BO,S-ZE-BO,S-ZG-BR,B-ZC-UN,S-ZF-BR,S-ZE-BR,S-ZO-BO,S-ZF-BR
96,2010.09.14 00:00,USDCAD,60,86400,SELL,ZF,0,1.03730,1.02860,870.0,1.03445,1.02648,797.0,91.609,32.76,585.0,205.3,1.03445,1.02860,1.02063,BOUNCE,2010.09.22 12:00,1,2010.09.22 18:00,0,,0,,1,6h,London,NA,,NA,,1.04315,UNTOUCHED,,0,,0,,0,,0,NA,Other,NA,,NA,,1.02275,BOUNCE,2010.09.14 18:00,0,,0,,0,,0,NA,NewYork,NA,,NA,,1.04030,UNTOUCHED,,0,,0,,0,,0,NA,Other,NA,,NA,,S-ZO-BR,S-ZB-BO,B-ZF-UN,S-ZE-BR,S-ZF-BR,S-ZO-BR,S-ZC-BO,B-ZC-UN,B-ZB-BR,S-ZB-BO,S-ZC-BR,B-ZE-BO,S-ZE-BO,S-ZG-BR,B-ZC-UN,S-ZF-BR,S-ZE-BR,S-ZO-BO,S-ZF-BR,B-ZF-BR
97,2010.09.15 00:00,USDCAD,60,86400,SELL,ZC,1,1.03445,1.02648,797.0,1.03038,1.02154,884.0,110.916,51.07,390.0,188.1,1.03038,1.02648,1.01764,BREAK,2010.10.05 16:00,0,,0,,0,,0,NA,NewYork,BREAK,2010.10.06 14:00,BREAK,2010.10.06 18:00,1.03835,UNTOUCHED,,0,,0,,0,,0,NA,Other,NA,,NA,,1.02258,BOUNCE,2010.09.17 08:00,1,2010.09.17 17:00,0,,0,,1,9h,London,NA,,NA,,1.03428,BOUNCE,2010.09.17 17:00,1,2010.09.21 21:00,1,2010.09.21 21:00,0,,2,4d 4h,NewYork,NA,,NA,,S-ZF-BO,S-ZO-BR,S-ZB-BO,B-ZF-UN,S-ZE-BR,S-ZF-BR,S-ZO-BR,S-ZC-BO,B-ZC-UN,B-ZB-BR,B-ZE-BO,S-ZE-BO,S-ZG-BR,B-ZC-UN,S-ZF-BR,S-ZE-BR,S-ZO-BO,S-ZF-BR,B-ZF-BR,B-ZO-BR
98,2010.09.16 00:00,USDCAD,60,86400,BUY,ZE,1,1.03038,1.02154,884.0,1.03190,1.02508,682.0,77.149,40.05,530.0,208.6,1.03038,1.02508,1.03720,BOUNCE,2010.09.23 15:00,1,2010.09.24 15:00,1,2010.10.01 21:00,1,2010.10.05 17:00,3,1w 5d,NewYork,NA,,NA,,1.01624,BREAK,2010.10.05 17:00,0,,0,,0,,0,NA,NewYork,BREAK,2010.10.06 18:00,BREAK,2010.10.13 15:00,1.03568,BOUNCE,2010.09.22 18:00,1,2010.10.01 21:00,1,2010.10.05 17:00,0,,2,1w 5d,NewYork,NA,,NA,,1.01978,BOUNCE,2010.09.22 12:00,1,2010.09.22 18:00,1,2010.09.22 18:00,0,,2,6h,London,NA,,NA,,S-ZC-BR,S-ZF-BO,S-ZO-BR,S-ZB-BO,B-ZF-UN,S-ZE-BR,S-ZF-BR,S-ZO-BR,S-ZC-BO,B-ZC-UN,S-ZE-BO,S-ZG-BR,B-ZC-UN,S-ZF-BR,S-ZE-BR,S-ZO-BO,S-ZF-BR,B-ZF-BR,B-ZO-BR,S-ZE-BR
99,2010.09.17 00:00,USDCAD,60,86400,SELL,ZE,1,1.03190,1.02508,682.0,1.02893,1.02381,512.0,75.073,43.55,385.0,161.0,1.02893,1.02508,1.01996,BOUNCE,2010.09.22 12:00,1,2010.09.22 15:00,1,2010.09.22 18:00,1,2010.09.22 18:00,3,6h,London,NA,,NA,,1.03575,BOUNCE,2010.09.22 18:00,1,2010.09.24 15:00,1,2010.10.01 18:00,1,2010.10.01 21:00,3,1w 2d,NewYork,NA,,NA,,1.02123,BREAK,2010.09.22 12:00,0,,0,,0,,0,NA,London,BREAK,2010.10.05 17:00,BREAK,2010.10.06 14:00,1.03278,BREAK,2010.09.17 17:00,0,,0,,0,,0,NA,NewYork,BOUNCE,2010.09.23 18:00,NA,,B-ZE-BO,S-ZC-BR,S-ZF-BO,S-ZO-BR,S-ZB-BO,B-ZF-UN,S-ZE-BR,S-ZF-BR,S-ZO-BR,S-ZC-BO,S-ZG-BR,B-ZC-UN,S-ZF-BR,S-ZE-BR,S-ZO-BO,S-ZF-BR,B-ZF-BR,B-ZO-BR,S-ZE-BR,S-ZO-UN
100,2010.09.22 00:00,USDCAD,60,86400,SELL,ZG,0,1.03450,1.02610,840.0,1.03293,1.02157,1136.0,135.238,18.69,683.0,198.2,1.03293,1.02610,1.01474,BREAK,2010.10.06 07:00,0,,0,,0,,0,NA,London,BOUNCE,2010.10.07 16:00,NA,,1.04133,UNTOUCHED,,0,,0,,0,,0,NA,Other,NA,,NA,,1.01927,BOUNCE,2010.09.22 12:00,0,,0,,0,,0,NA,London,NA,,NA,,1.03976,UNTOUCHED,,0,,0,,0,,0,NA,Other,NA,,NA,,S-ZE-BO,B-ZE-BO,S-ZC-BR,S-ZF-BO,S-ZO-BR,S-ZB-BO,B-ZF-UN,S-ZE-BR,S-ZF-BR,S-ZO-BR,B-ZC-UN,S-ZF-BR,S-ZE-BR,S-ZO-BO,S-ZF-BR,B-ZF-BR,B-ZO-BR,S-ZE-BR,S-ZO-UN,B-ZH-BR
101,2010.09.24 00:00,USDCAD,60,86400,BUY,ZC,1,1.03578,1.01900,1678.0,1.03778,1.02835,943.0,56.198,55.72,743.0,396.0,1.03578,1.02835,1.04521,UNTOUCHED,,0,,0,,0,,0,NA,Other,NA,,NA,,1.01157,BREAK,2010.10.06 17:00,0,,0,,0,,0,NA,NewYork,BREAK,2010.10.14 06:00,UNTOUCHED,,1.04321,UNTOUCHED,,0,,0,,0,,0,NA,Other,NA,,NA,,1.02092,BREAK,2010.10.01 18:00,0,,0,,0,,0,NA,NewYork,BREAK,2010.10.06 18:00,BREAK,2010.10.13 15:00,S-ZG-BR,S-ZE-BO,B-ZE-BO,S-ZC-BR,S-ZF-BO,S-ZO-BR,S-ZB-BO,B-ZF-UN,S-ZE-BR,S-ZF-BR,S-ZF-BR,S-ZE-BR,S-ZO-BO,S-ZF-BR,B-ZF-BR,B-ZO-BR,S-ZE-BR,S-ZO-UN,B-ZH-BR,B-ZB-UN
102,2010.09.27 01:00,USDCAD,60,86400,SELL,ZF,1,1.03778,1.02835,943.0,1.03531,1.02250,1281.0,135.843,26.19,696.0,222.5,1.03531,1.02835,1.01554,BREAK,2010.10.05 17:00,0,,0,,0,,0,NA,NewYork,BREAK,2010.10.06 18:00,BREAK,2010.10.14 09:00,1.04474,UNTOUCHED,,0,,0,,0,,0,NA,Other,NA,,NA,,1.02139,BREAK,2010.10.01 18:00,0,,0,,0,,0,NA,NewYork,BREAK,2010.10.06 11:00,BOUNCE,2010.10.07 16:00,1.04227,UNTOUCHED,,0,,0,,0,,0,NA,Other,NA,,NA,,B-ZC-UN,S-ZG-BR,S-ZE-BO,B-ZE-BO,S-ZC-BR,S-ZF-BO,S-ZO-BR,S-ZB-BO,B-ZF-UN,S-ZE-BR,S-ZE-BR,S-ZO-BO,S-ZF-BR,B-ZF-BR,B-ZO-BR,S-ZE-BR,S-ZO-UN,B-ZH-BR,B-ZB-UN,S-ZO-BR
103,2010.09.28 00:00,USDCAD,60,86400,SELL,ZE,1,1.03531,1.02250,1281.0,1.02972,1.02224,748.0,58.392,43.64,722.0,302.3,1.02972,1.02250,1.01502,BREAK,2010.10.06 06:00,0,,0,,0,,0,NA,Asia,BOUNCE,2010.10.07 16:00,NA,,1.04253,UNTOUCHED,,0,,0,,0,,0,NA,Other,NA,,NA,,1.01528,BREAK,2010.10.06 06:00,0,,0,,0,,0,NA,Asia,BOUNCE,2010.10.07 16:00,NA,,1.03694,BOUNCE,2010.10.19 16:00,1,2010.11.01 16:00,1,2010.11.01 16:00,0,,2,1w 6d,NewYork,NA,,NA,,S-ZF-BR,B-ZC-UN,S-ZG-BR,S-ZE-BO,B-ZE-BO,S-ZC-BR,S-ZF-BO,S-ZO-BR,S-ZB-BO,B-ZF-UN,S-ZO-BO,S-ZF-BR,B-ZF-BR,B-ZO-BR,S-ZE-BR,S-ZO-UN,B-ZH-BR,B-ZB-UN,S-ZO-BR,B-ZE-UN
104,2010.09.30 00:00,USDCAD,60,86400,SELL,ZO,0,1.03607,1.02826,781.0,1.03402,1.02397,1005.0,128.681,26.25,576.0,184.3,1.03402,1.02826,1.01821,BOUNCE,2010.10.04 09:00,1,2010.10.19 16:00,0,,0,,1,2w 1d,London,NA,,NA,,1.04183,UNTOUCHED,,0,,0,,0,,0,NA,Other,NA,,NA,,1.02250,BREAK,2010.10.01 18:00,0,,0,,0,,0,NA,NewYork,BREAK,2010.10.06 07:00,BREAK,2010.10.06 18:00,1.03978,UNTOUCHED,,0,,0,,0,,0,NA,Other,NA,,NA,,S-ZE-BR,S-ZF-BR,B-ZC-UN,S-ZG-BR,S-ZE-BO,B-ZE-BO,S-ZC-BR,S-ZF-BO,S-ZO-BR,S-ZB-BO,S-ZF-BR,B-ZF-BR,B-ZO-BR,S-ZE-BR,S-ZO-UN,B-ZH-BR,B-ZB-UN,S-ZO-BR,B-ZE-UN,B-ZB-UN
105,2010.10.02 00:00,USDCAD,60,86400,SELL,ZF,0,1.03440,1.02299,1141.0,1.03127,1.01868,1259.0,110.342,27.43,828.0,269.3,1.03127,1.02299,1.01040,BREAK,2010.10.06 17:00,0,,0,,0,,0,NA,NewYork,BREAK,2010.10.14 09:00,UNTOUCHED,,1.04268,UNTOUCHED,,0,,0,,0,,0,NA,Other,NA,,NA,,1.01471,BREAK,2010.10.06 07:00,0,,0,,0,,0,NA,London,BOUNCE,2010.10.07 16:00,NA,,1.03955,UNTOUCHED,,0,,0,,0,,0,NA,Other,NA,,NA,,S-ZO-BO,S-ZE-BR,S-ZF-BR,B-ZC-UN,S-ZG-BR,S-ZE-BO,B-ZE-BO,S-ZC-BR,S-ZF-BO,S-ZO-BR,B-ZF-BR,B-ZO-BR,S-ZE-BR,S-ZO-UN,B-ZH-BR,B-ZB-UN,S-ZO-BR,B-ZE-UN,B-ZB-UN,S-ZB-BR
106,2010.10.08 00:00,USDCAD,60,86400,BUY,ZF,0,1.01659,1.00618,1041.0,1.02104,1.00771,1333.0,128.050,14.70,888.0,245.7,1.01659,1.00771,1.02992,BREAK,2010.10.19 16:00,0,,0,,0,,0,NA,NewYork,UNTOUCHED,,NA,,0.99730,UNTOUCHED,,0,,0,,0,,0,NA,Other,NA,,NA,,1.02547,BREAK,2010.10.19 14:00,0,,0,,0,,0,NA,NewYork,BREAK,2010.10.19 16:00,UNTOUCHED,,0.99883,BOUNCE,2010.10.14 09:00,1,2010.10.19 14:00,1,2010.10.19 14:00,0,,2,5d 5h,London,NA,,NA,,S-ZF-BR,S-ZO-BO,S-ZE-BR,S-ZF-BR,B-ZC-UN,S-ZG-BR,S-ZE-BO,B-ZE-BO,S-ZC-BR,S-ZF-BO,B-ZO-BR,S-ZE-BR,S-ZO-UN,B-ZH-BR,B-ZB-UN,S-ZO-BR,B-ZE-UN,B-ZB-UN,S-ZB-BR,S-ZG-BR
107,2010.10.11 01:00,USDCAD,60,86400,BUY,ZO,0,1.02104,1.00771,1333.0,1.02322,1.01080,1242.0,93.173,23.18,1024.0,314.6,1.02104,1.01080,1.03346,BREAK,2010.10.19 16:00,0,,0,,0,,0,NA,NewYork,UNTOUCHED,,NA,,0.99747,UNTOUCHED,,0,,0,,0,,0,NA,Other,NA,,NA,,1.03128,BREAK,2010.10.19 16:00,0,,0,,0,,0,NA,NewYork,UNTOUCHED,,NA,,1.00056,BOUNCE,2010.10.14 04:00,1,2010.10.19 16:00,1,2010.10.19 16:00,0,,2,5d 12h,Asia,NA,,NA,,B-ZF-BR,S-ZF-BR,S-ZO-BO,S-ZE-BR,S-ZF-BR,B-ZC-UN,S-ZG-BR,S-ZE-BO,B-ZE-BO,S-ZC-BR,S-ZE-BR,S-ZO-UN,B-ZH-BR,B-ZB-UN,S-ZO-BR,B-ZE-UN,B-ZB-UN,S-ZB-BR,S-ZG-BR,S-ZD-BR
108,2010.10.12 00:00,USDCAD,60,86400,SELL,ZE,1,1.02322,1.01080,1242.0,1.01492,1.00910,582.0,46.860,66.83,412.0,293.1,1.01492,1.01080,1.00498,BREAK,2010.10.13 14:00,0,,0,,0,,0,NA,NewYork,BOUNCE,2010.10.14 16:00,NA,,1.02734,BREAK,2010.10.19 15:00,0,,0,,0,,0,NA,NewYork,BREAK,2010.10.19 17:00,UNTOUCHED,,1.00668,BREAK,2010.10.13 11:00,0,,0,,0,,0,NA,London,BREAK,2010.10.14 09:00,BOUNCE,2010.10.14 16:00,1.01904,BREAK,2010.10.18 05:00,0,,0,,0,,0,NA,Asia,BREAK,2010.10.19 14:00,BREAK,2010.10.19 16:00,B-ZO-BR,B-ZF-BR,S-ZF-BR,S-ZO-BO,S-ZE-BR,S-ZF-BR,B-ZC-UN,S-ZG-BR,S-ZE-BO,B-ZE-BO,S-ZO-UN,B-ZH-BR,B-ZB-UN,S-ZO-BR,B-ZE-UN,B-ZB-UN,S-ZB-BR,S-ZG-BR,S-ZD-BR,S-ZB-BR
109,2010.10.15 00:00,USDCAD,60,86400,SELL,ZO,0,1.01041,1.00103,938.0,1.00727,0.99793,934.0,99.574,33.48,624.0,221.4,1.00727,1.00103,0.99169,UNTOUCHED,,0,,0,,0,,0,NA,Other,NA,,NA,,1.01665,BREAK,2010.10.18 05:00,0,,0,,0,,0,NA,Asia,BREAK,2010.10.19 14:00,BREAK,2010.10.19 16:00,0.99479,UNTOUCHED,,0,,0,,0,,0,NA,Other,NA,,NA,,1.01351,BREAK,2010.10.15 21:00,0,,0,,0,,0,NA,Other,BREAK,2010.10.18 11:00,BREAK,2010.10.19 15:00,S-ZE-BR,B-ZO-BR,B-ZF-BR,S-ZF-BR,S-ZO-BO,S-ZE-BR,S-ZF-BR,B-ZC-UN,S-ZG-BR,S-ZE-BO,B-ZH-BR,B-ZB-UN,S-ZO-BR,B-ZE-UN,B-ZB-UN,S-ZB-BR,S-ZG-BR,S-ZD-BR,S-ZB-BR,S-ZH-UN
110,2010.10.18 01:00,USDCAD,60,86400,BUY,ZH,1,1.00727,0.99793,934.0,1.01375,1.00125,1250.0,133.833,35.55,602.0,220.4,1.00727,1.00125,1.01977,BREAK,2010.10.18 11:00,0,,0,,0,,0,NA,London,BREAK,2010.10.19 15:00,BREAK,2010.10.19 16:00,0.99191,UNTOUCHED,,0,,0,,0,,0,NA,Other,NA,,NA,,1.01329,BREAK,2010.10.18 02:00,0,,0,,0,,0,NA,Asia,BREAK,2010.10.18 11:00,BREAK,2010.10.19 15:00,0.99523,UNTOUCHED,,0,,0,,0,,0,NA,Other,NA,,NA,,S-ZO-UN,S-ZE-BR,B-ZO-BR,B-ZF-BR,S-ZF-BR,S-ZO-BO,S-ZE-BR,S-ZF-BR,B-ZC-UN,S-ZG-BR,B-ZB-UN,S-ZO-BR,B-ZE-UN,B-ZB-UN,S-ZB-BR,S-ZG-BR,S-ZD-BR,S-ZB-BR,S-ZH-UN,S-ZF-UN
111,2010.10.20 00:00,USDCAD,60,86400,BUY,ZB,1,1.02268,1.01164,1104.0,1.03716,1.01610,2106.0,190.761,40.40,658.0,260.5,1.02268,1.01610,1.04374,UNTOUCHED,,0,,0,,0,,0,NA,Other,NA,,NA,,1.00506,BOUNCE,2010.11.03 21:00,1,2010.11.16 17:00,0,,0,,1,1w 5d,Other,NA,,NA,,1.02926,BREAK,2010.10.20 00:00,0,,0,,0,,0,NA,Asia,UNTOUCHED,,NA,,1.00952,BREAK,2010.11.02 12:00,0,,0,,0,,0,NA,London,BREAK,2010.11.05 16:00,UNTOUCHED,,B-ZH-BR,S-ZO-UN,S-ZE-BR,B-ZO-BR,B-ZF-BR,S-ZF-BR,S-ZO-BO,S-ZE-BR,S-ZF-BR,B-ZC-UN,S-ZO-BR,B-ZE-UN,B-ZB-UN,S-ZB-BR,S-ZG-BR,S-ZD-BR,S-ZB-BR,S-ZH-UN,S-ZF-UN,S-ZF-UN
112,2010.10.22 00:00,USDCAD,60,86400,SELL,ZO,0,1.03479,1.02067,1412.0,1.03006,1.01675,1331.0,94.263,33.50,939.0,333.2,1.03006,1.02067,1.00736,BREAK,2010.11.03 12:00,0,,0,,0,,0,NA,London,BOUNCE,2010.11.09 23:00,NA,,1.04418,UNTOUCHED,,0,,0,,0,,0,NA,Other,NA,,NA,,1.01128,BREAK,2010.11.02 08:00,0,,0,,0,,0,NA,London,BREAK,2010.11.09 16:00,UNTOUCHED,,1.03945,UNTOUCHED,,0,,0,,0,,0,NA,Other,NA,,NA,,B-ZB-UN,B-ZH-BR,S-ZO-UN,S-ZE-BR,B-ZO-BR,B-ZF-BR,S-ZF-BR,S-ZO-BO,S-ZE-BR,S-ZF-BR,B-ZE-UN,B-ZB-UN,S-ZB-BR,S-ZG-BR,S-ZD-BR,S-ZB-BR,S-ZH-UN,S-ZF-UN,S-ZF-UN,S-ZO-UN
113,2010.10.23 00:00,USDCAD,60,86400,BUY,ZE,1,1.03006,1.01675,1331.0,1.03010,1.02227,783.0,58.828,41.47,779.0,314.1,1.03006,1.02227,1.03789,UNTOUCHED,,0,,0,,0,,0,NA,Other,NA,,NA,,1.00896,BREAK,2010.11.02 14:00,0,,0,,0,,0,NA,NewYork,BREAK,2010.11.09 16:00,UNTOUCHED,,1.03785,UNTOUCHED,,0,,0,,0,,0,NA,Other,NA,,NA,,1.01448,BREAK,2010.11.01 16:00,0,,0,,0,,0,NA,NewYork,BOUNCE,2010.11.03 21:00,NA,,S-ZO-BR,B-ZB-UN,B-ZH-BR,S-ZO-UN,S-ZE-BR,B-ZO-BR,B-ZF-BR,S-ZF-BR,S-ZO-BO,S-ZE-BR,B-ZB-UN,S-ZB-BR,S-ZG-BR,S-ZD-BR,S-ZB-BR,S-ZH-UN,S-ZF-UN,S-ZF-UN,S-ZO-UN,B-ZB-BR
114,2010.10.28 00:00,USDCAD,60,86400,BUY,ZB,1,1.02659,1.01807,852.0,1.03385,1.02251,1134.0,133.099,52.11,408.0,201.1,1.02659,1.02251,1.03793,UNTOUCHED,,0,,0,,0,,0,NA,Other,NA,,NA,,1.01399,BOUNCE,2010.11.01 16:00,1,2010.11.16 18:00,0,,0,,1,2w 1d,NewYork,NA,,NA,,1.03067,UNTOUCHED,,0,,0,,0,,0,NA,Other,NA,,NA,,1.01843,BOUNCE,2010.10.28 19:00,0,,0,,0,,0,NA,NewYork,NA,,NA,,B-ZE-UN,S-ZO-BR,B-ZB-UN,B-ZH-BR,S-ZO-UN,S-ZE-BR,B-ZO-BR,B-ZF-BR,S-ZF-BR,S-ZO-BO,S-ZB-BR,S-ZG-BR,S-ZD-BR,S-ZB-BR,S-ZH-UN,S-ZF-UN,S-ZF-UN,S-ZO-UN,B-ZB-BR,B-ZF-UN
115,2010.10.29 00:00,USDCAD,60,86400,SELL,ZB,1,1.03385,1.02251,1134.0,1.02854,1.01805,1049.0,92.504,46.83,603.0,267.6,1.02854,1.02251,1.01202,BREAK,2010.11.02 06:00,0,,0,,0,,0,NA,Asia,BOUNCE,2010.11.03 21:00,NA,,1.03988,UNTOUCHED,,0,,0,,0,,0,NA,Other,NA,,NA,,1.01648,BREAK,2010.11.01 08:00,0,,0,,0,,0,NA,London,BREAK,2010.11.03 12:00,BREAK,2010.11.04 15:00,1.03457,UNTOUCHED,,0,,0,,0,,0,NA,Other,NA,,NA,,B-ZB-UN,B-ZE-UN,S-ZO-BR,B-ZB-UN,B-ZH-BR,S-ZO-UN,S-ZE-BR,B-ZO-BR,B-ZF-BR,S-ZF-BR,S-ZG-BR,S-ZD-BR,S-ZB-BR,S-ZH-UN,S-ZF-UN,S-ZF-UN,S-ZO-UN,B-ZB-BR,B-ZF-UN,B-ZE-UN
116,2010.11.01 02:00,USDCAD,60,86400,SELL,ZG,0,1.02854,1.01805,1049.0,1.02471,1.01680,791.0,75.405,36.51,666.0,247.6,1.02471,1.01805,1.01014,BREAK,2010.11.02 11:00,0,,0,,0,,0,NA,London,BREAK,2010.11.04 15:00,UNTOUCHED,,1.03520,UNTOUCHED,,0,,0,,0,,0,NA,Other,NA,,NA,,1.01139,BREAK,2010.11.02 08:00,0,,0,,0,,0,NA,London,BOUNCE,2010.11.04 00:00,NA,,1.03137,UNTOUCHED,,0,,0,,0,,0,NA,Other,NA,,NA,,S-ZB-BR,B-ZB-UN,B-ZE-UN,S-ZO-BR,B-ZB-UN,B-ZH-BR,S-ZO-UN,S-ZE-BR,B-ZO-BR,B-ZF-BR,S-ZD-BR,S-ZB-BR,S-ZH-UN,S-ZF-UN,S-ZF-UN,S-ZO-UN,B-ZB-BR,B-ZF-UN,B-ZE-UN,B-ZB-UN
117,2010.11.02 00:00,USDCAD,60,86400,SELL,ZD,1,1.02471,1.01680,791.0,1.02017,1.01258,759.0,95.954,57.40,337.0,186.7,1.02017,1.01680,1.00921,BREAK,2010.11.02 14:00,0,,0,,0,,0,NA,NewYork,BOUNCE,2010.11.03 21:00,NA,,1.02808,BOUNCE,2010.11.30 16:00,1,2010.12.01 10:00,1,2010.12.02 09:00,1,2010.12.02 15:00,3,1d 23h,NewYork,NA,,NA,,1.01343,BREAK,2010.11.02 02:00,0,,0,,0,,0,NA,Asia,BREAK,2010.11.02 15:00,BOUNCE,2010.11.03 16:00,1.02354,BREAK,2010.11.16 19:00,0,,0,,0,,0,NA,NewYork,BOUNCE,2010.11.30 16:00,NA,,S-ZG-BR,S-ZB-BR,B-ZB-UN,B-ZE-UN,S-ZO-BR,B-ZB-UN,B-ZH-BR,S-ZO-UN,S-ZE-BR,B-ZO-BR,S-ZB-BR,S-ZH-UN,S-ZF-UN,S-ZF-UN,S-ZO-UN,B-ZB-BR,B-ZF-UN,B-ZE-UN,B-ZB-UN,S-ZF-BO
118,2010.11.03 00:00,USDCAD,60,86400,SELL,ZB,1,1.02017,1.01258,759.0,1.01630,1.00804,826.0,108.827,50.99,372.0,179.1,1.01630,1.01258,1.00432,BREAK,2010.11.04 12:00,0,,0,,0,,0,NA,London,BOUNCE,2010.11.08 12:00,NA,,1.02389,BREAK,2010.11.16 19:00,0,,0,,0,,0,NA,NewYork,BOUNCE,2010.11.30 16:00,NA,,1.00886,BREAK,2010.11.03 00:00,0,,0,,0,,0,NA,Asia,BOUNCE,2010.11.03 21:00,NA,,1.02002,BOUNCE,2010.11.16 17:00,1,2010.11.25 10:00,1,2010.11.25 10:00,0,,2,1w 1d,NewYork,NA,,NA,,S-ZD-BR,S-ZG-BR,S-ZB-BR,B-ZB-UN,B-ZE-UN,S-ZO-BR,B-ZB-UN,B-ZH-BR,S-ZO-UN,S-ZE-BR,S-ZH-UN,S-ZF-UN,S-ZF-UN,S-ZO-UN,B-ZB-BR,B-ZF-UN,B-ZE-UN,B-ZB-UN,S-ZF-BO,B-ZF-BO
119,2010.11.04 00:00,USDCAD,60,86400,SELL,ZH,0,1.01630,1.00804,826.0,1.01541,1.00462,1079.0,130.630,10.77,737.0,194.9,1.01541,1.00804,0.99725,UNTOUCHED,,0,,0,,0,,0,NA,Other,NA,,NA,,1.02367,BREAK,2010.11.16 19:00,0,,0,,0,,0,NA,NewYork,UNTOUCHED,,NA,,1.00067,BREAK,2010.11.05 16:00,0,,0,,0,,0,NA,NewYork,UNTOUCHED,,NA,,1.02278,BREAK,2010.11.16 18:00,0,,0,,0,,0,NA,NewYork,UNTOUCHED,,NA,,S-ZB-BR,S-ZD-BR,S-ZG-BR,S-ZB-BR,B-ZB-UN,B-ZE-UN,S-ZO-BR,B-ZB-UN,B-ZH-BR,S-ZO-UN,S-ZF-UN,S-ZF-UN,S-ZO-UN,B-ZB-BR,B-ZF-UN,B-ZE-UN,B-ZB-UN,S-ZF-BO,B-ZF-BO,B-ZF-UN
120,2010.11.05 00:00,USDCAD,60,86400,SELL,ZF,0,1.01541,1.00462,1079.0,1.01198,1.00094,1104.0,102.317,31.79,736.0,254.6,1.01198,1.00462,0.99358,UNTOUCHED,,0,,0,,0,,0,NA,Other,NA,,NA,,1.02277,BREAK,2010.11.16 18:00,0,,0,,0,,0,NA,NewYork,UNTOUCHED,,NA,,0.99726,UNTOUCHED,,0,,0,,0,,0,NA,Other,NA,,NA,,1.01934,BREAK,2010.11.16 17:00,0,,0,,0,,0,NA,NewYork,BOUNCE,2010.12.01 14:00,NA,,S-ZH-UN,S-ZB-BR,S-ZD-BR,S-ZG-BR,S-ZB-BR,B-ZB-UN,B-ZE-UN,S-ZO-BR,B-ZB-UN,B-ZH-BR,S-ZF-UN,S-ZO-UN,B-ZB-BR,B-ZF-UN,B-ZE-UN,B-ZB-UN,S-ZF-BO,B-ZF-BO,B-ZF-UN,S-ZF-BR
121,2010.11.06 00:00,USDCAD,60,86400,SELL,ZF,0,1.01198,1.00094,1104.0,1.00797,0.99907,890.0,80.616,36.32,703.0,260.5,1.00797,1.00094,0.99204,UNTOUCHED,,0,,0,,0,,0,NA,Other,NA,,NA,,1.01901,BREAK,2010.11.16 17:00,0,,0,,0,,0,NA,NewYork,BOUNCE,2010.11.24 04:00,NA,,0.99391,UNTOUCHED,,0,,0,,0,,0,NA,Other,NA,,NA,,1.01500,BREAK,2010.11.16 14:00,0,,0,,0,,0,NA,NewYork,BREAK,2010.11.16 19:00,UNTOUCHED,,S-ZF-UN,S-ZH-UN,S-ZB-BR,S-ZD-BR,S-ZG-BR,S-ZB-BR,B-ZB-UN,B-ZE-UN,S-ZO-BR,B-ZB-UN,S-ZO-UN,B-ZB-BR,B-ZF-UN,B-ZE-UN,B-ZB-UN,S-ZF-BO,B-ZF-BO,B-ZF-UN,S-ZF-BR,S-ZB-BO
122,2010.11.12 00:00,USDCAD,60,86400,SELL,ZO,0,1.00910,0.99934,976.0,1.00713,0.99770,943.0,96.619,20.18,779.0,230.3,1.00713,0.99934,0.98991,UNTOUCHED,,0,,0,,0,,0,NA,Other,NA,,NA,,1.01689,BREAK,2010.11.16 16:00,0,,0,,0,,0,NA,NewYork,BOUNCE,2010.11.18 12:00,NA,,0.99155,UNTOUCHED,,0,,0,,0,,0,NA,Other,NA,,NA,,1.01492,BREAK,2010.11.16 14:00,0,,0,,0,,0,NA,NewYork,BREAK,2010.11.16 20:00,UNTOUCHED,,S-ZF-UN,S-ZF-UN,S-ZH-UN,S-ZB-BR,S-ZD-BR,S-ZG-BR,S-ZB-BR,B-ZB-UN,B-ZE-UN,S-ZO-BR,B-ZB-BR,B-ZF-UN,B-ZE-UN,B-ZB-UN,S-ZF-BO,B-ZF-BO,B-ZF-UN,S-ZF-BR,S-ZB-BO,S-ZE-BR
123,2010.11.13 00:00,USDCAD,60,86400,BUY,ZB,1,1.00713,0.99770,943.0,1.01446,1.00262,1184.0,125.557,52.17,451.0,222.5,1.00713,1.00262,1.01897,BREAK,2010.11.16 17:00,0,,0,,0,,0,NA,NewYork,BREAK,2010.11.17 11:00,BOUNCE,2010.11.30 16:00,0.99319,UNTOUCHED,,0,,0,,0,,0,NA,Other,NA,,NA,,1.01164,BOUNCE,2010.11.13 00:00,0,,0,,0,,0,NA,Asia,NA,,NA,,0.99811,UNTOUCHED,,0,,0,,0,,0,NA,Other,NA,,NA,,S-ZO-UN,S-ZF-UN,S-ZF-UN,S-ZH-UN,S-ZB-BR,S-ZD-BR,S-ZG-BR,S-ZB-BR,B-ZB-UN,B-ZE-UN,B-ZF-UN,B-ZE-UN,B-ZB-UN,S-ZF-BO,B-ZF-BO,B-ZF-UN,S-ZF-BR,S-ZB-BO,S-ZE-BR,B-ZE-BO
124,2010.11.17 00:00,USDCAD,60,86400,BUY,ZF,1,1.01381,1.00562,819.0,1.02536,1.00693,1843.0,225.031,16.00,688.0,193.3,1.01381,1.00693,1.03224,UNTOUCHED,,0,,0,,0,,0,NA,Other,NA,,NA,,0.99874,PENDING,2010.12.28 16:00,0,,0,,0,,0,NA,NewYork,NA,,NA,,1.02069,BREAK,2010.11.17 00:00,0,,0,,0,,0,NA,Asia,BOUNCE,2010.12.01 11:00,NA,,1.00005,BOUNCE,2010.12.15 21:00,1,2010.12.20 18:00,1,2010.12.20 18:00,0,,2,4d 21h,Other,NA,,NA,,B-ZB-BR,S-ZO-UN,S-ZF-UN,S-ZF-UN,S-ZH-UN,S-ZB-BR,S-ZD-BR,S-ZG-BR,S-ZB-BR,B-ZB-UN,B-ZE-UN,B-ZB-UN,S-ZF-BO,B-ZF-BO,B-ZF-UN,S-ZF-BR,S-ZB-BO,S-ZE-BR,B-ZE-BO,B-ZO-BR
125,2010.11.18 00:00,USDCAD,60,86400,BUY,ZE,1,1.02536,1.00693,1843.0,1.02576,1.01801,775.0,42.051,60.12,735.0,434.9,1.02536,1.01801,1.03311,UNTOUCHED,,0,,0,,0,,0,NA,Other,NA,,NA,,0.99958,PENDING,2010.12.28 14:00,0,,0,,0,,0,NA,NewYork,NA,,NA,,1.03271,UNTOUCHED,,0,,0,,0,,0,NA,Other,NA,,NA,,1.01066,BOUNCE,2010.11.24 18:00,0,,0,,0,,0,NA,NewYork,NA,,NA,,B-ZF-UN,B-ZB-BR,S-ZO-UN,S-ZF-UN,S-ZF-UN,S-ZH-UN,S-ZB-BR,S-ZD-BR,S-ZG-BR,S-ZB-BR,B-ZB-UN,S-ZF-BO,B-ZF-BO,B-ZF-UN,S-ZF-BR,S-ZB-BO,S-ZE-BR,B-ZE-BO,B-ZO-BR,S-ZG-BR
126,2010.11.24 00:00,USDCAD,60,86400,BUY,ZB,1,1.02159,1.01210,949.0,1.02631,1.01656,975.0,102.740,47.00,503.0,224.0,1.02159,1.01656,1.03134,UNTOUCHED,,0,,0,,0,,0,NA,Other,NA,,NA,,1.00707,BREAK,2010.12.02 17:00,0,,0,,0,,0,NA,NewYork,BOUNCE,2010.12.03 16:00,NA,,1.02662,BOUNCE,2010.11.30 16:00,1,2010.12.02 15:00,1,2010.12.02 17:00,0,,2,2d 1h,NewYork,NA,,NA,,1.01153,BREAK,2010.11.24 18:00,0,,0,,0,,0,NA,NewYork,BOUNCE,2010.12.02 17:00,NA,,B-ZE-UN,B-ZF-UN,B-ZB-BR,S-ZO-UN,S-ZF-UN,S-ZF-UN,S-ZH-UN,S-ZB-BR,S-ZD-BR,S-ZG-BR,S-ZF-BO,B-ZF-BO,B-ZF-UN,S-ZF-BR,S-ZB-BO,S-ZE-BR,B-ZE-BO,B-ZO-BR,S-ZG-BR,B-ZF-BR
127,2010.11.25 00:00,USDCAD,60,86400,SELL,ZF,1,1.02631,1.01656,975.0,1.02456,1.00910,1546.0,158.564,17.95,800.0,230.1,1.02456,1.01656,1.00110,BOUNCE,2010.12.03 14:00,1,2010.12.20 18:00,0,,0,,1,2w 3d,NewYork,NA,,NA,,1.03431,UNTOUCHED,,0,,0,,0,,0,NA,Other,NA,,NA,,1.00856,BOUNCE,2010.11.25 10:00,0,,0,,0,,0,NA,London,NA,,NA,,1.03256,UNTOUCHED,,0,,0,,0,,0,NA,Other,NA,,NA,,B-ZB-UN,B-ZE-UN,B-ZF-UN,B-ZB-BR,S-ZO-UN,S-ZF-UN,S-ZF-UN,S-ZH-UN,S-ZB-BR,S-ZD-BR,B-ZF-BO,B-ZF-UN,S-ZF-BR,S-ZB-BO,S-ZE-BR,B-ZE-BO,B-ZO-BR,S-ZG-BR,B-ZF-BR,S-ZB-BO
128,2010.11.27 00:00,USDCAD,60,86400,BUY,ZF,1,1.01228,1.00758,470.0,1.02456,1.00843,1613.0,343.191,18.09,385.0,110.9,1.01228,1.00843,1.02841,BOUNCE,2010.11.30 16:00,1,2010.12.01 11:00,1,2010.12.02 18:00,1,2010.12.02 19:00,3,2d 3h,NewYork,NA,,NA,,1.00373,BREAK,2010.12.02 19:00,0,,0,,0,,0,NA,NewYork,BREAK,2010.12.28 16:00,BREAK,2010.12.31 18:00,1.01613,BREAK,2010.11.27 00:00,0,,0,,0,,0,NA,Asia,BREAK,2010.11.27 01:00,BREAK,2010.11.29 18:00,1.00458,BREAK,2010.12.02 18:00,0,,0,,0,,0,NA,NewYork,BOUNCE,2010.12.03 16:00,NA,,S-ZF-BO,B-ZB-UN,B-ZE-UN,B-ZF-UN,B-ZB-BR,S-ZO-UN,S-ZF-UN,S-ZF-UN,S-ZH-UN,S-ZB-BR,B-ZF-UN,S-ZF-BR,S-ZB-BO,S-ZE-BR,B-ZE-BO,B-ZO-BR,S-ZG-BR,B-ZF-BR,S-ZB-BO,S-ZF-BR
129,2010.12.01 00:00,USDCAD,60,86400,BUY,ZF,0,1.02571,1.01670,901.0,1.02854,1.01707,1147.0,127.303,4.11,864.0,212.6,1.02571,1.01707,1.03718,UNTOUCHED,,0,,0,,0,,0,NA,Other,NA,,NA,,1.00806,BREAK,2010.12.02 15:00,0,,0,,0,,0,NA,NewYork,BREAK,2010.12.31 15:00,BOUNCE,2011.01.04 18:00,1.03435,UNTOUCHED,,0,,0,,0,,0,NA,Other,NA,,NA,,1.00843,BREAK,2010.12.02 15:00,0,,0,,0,,0,NA,NewYork,BREAK,2010.12.28 18:00,BREAK,2011.01.03 20:00,B-ZF-BO,S-ZF-BO,B-ZB-UN,B-ZE-UN,B-ZF-UN,B-ZB-BR,S-ZO-UN,S-ZF-UN,S-ZF-UN,S-ZH-UN,S-ZF-BR,S-ZB-BO,S-ZE-BR,B-ZE-BO,B-ZO-BR,S-ZG-BR,B-ZF-BR,S-ZB-BO,S-ZF-BR,S-ZC-BR
130,2010.12.02 00:00,USDCAD,60,86400,SELL,ZF,0,1.02854,1.01707,1147.0,1.02704,1.01408,1296.0,112.990,13.08,997.0,270.7,1.02704,1.01707,1.00411,BREAK,2010.12.02 19:00,0,,0,,0,,0,NA,NewYork,BREAK,2011.01.03 08:00,BOUNCE,2011.01.19 18:00,1.03851,UNTOUCHED,,0,,0,,0,,0,NA,Other,NA,,NA,,1.00710,BREAK,2010.12.02 17:00,0,,0,,0,,0,NA,NewYork,BREAK,2010.12.31 18:00,BOUNCE,2011.01.14 13:00,1.03701,UNTOUCHED,,0,,0,,0,,0,NA,Other,NA,,NA,,B-ZF-UN,B-ZF-BO,S-ZF-BO,B-ZB-UN,B-ZE-UN,B-ZF-UN,B-ZB-BR,S-ZO-UN,S-ZF-UN,S-ZF-UN,S-ZB-BO,S-ZE-BR,B-ZE-BO,B-ZO-BR,S-ZG-BR,B-ZF-BR,S-ZB-BO,S-ZF-BR,S-ZC-BR,S-ZB-BO
131,2010.12.03 00:00,USDCAD,60,86400,SELL,ZB,1,1.02704,1.01408,1296.0,1.01884,1.00268,1616.0,124.691,63.27,476.0,305.9,1.01884,1.01408,0.99792,BOUNCE,2010.12.28 17:00,0,,0,,0,,0,NA,NewYork,NA,,NA,,1.03180,UNTOUCHED,,0,,0,,0,,0,NA,Other,NA,,NA,,1.00932,BREAK,2010.12.03 00:00,0,,0,,0,,0,NA,Asia,BREAK,2010.12.03 13:00,BOUNCE,2010.12.29 15:00,1.02360,UNTOUCHED,,0,,0,,0,,0,NA,Other,NA,,NA,,S-ZF-BR,B-ZF-UN,B-ZF-BO,S-ZF-BO,B-ZB-UN,B-ZE-UN,B-ZF-UN,B-ZB-BR,S-ZO-UN,S-ZF-UN,S-ZE-BR,B-ZE-BO,B-ZO-BR,S-ZG-BR,B-ZF-BR,S-ZB-BO,S-ZF-BR,S-ZC-BR,S-ZB-BO,S-ZO-BO
132,2010.12.04 00:00,USDCAD,60,86400,SELL,ZE,1,1.01884,1.00268,1616.0,1.00792,1.00021,771.0,47.710,67.57,524.0,381.4,1.00792,1.00268,0.99497,BREAK,2010.12.31 18:00,0,,0,,0,,0,NA,NewYork,BOUNCE,2011.01.04 16:00,NA,,1.02408,UNTOUCHED,,0,,0,,0,,0,NA,Other,NA,,NA,,0.99744,BOUNCE,2010.12.28 18:00,0,,0,,0,,0,NA,NewYork,NA,,NA,,1.01316,BOUNCE,2010.12.08 07:00,1,2010.12.28 18:00,1,2010.12.28 18:00,0,,2,2w 6d,London,NA,,NA,,S-ZB-BO,S-ZF-BR,B-ZF-UN,B-ZF-BO,S-ZF-BO,B-ZB-UN,B-ZE-UN,B-ZF-UN,B-ZB-BR,S-ZO-UN,B-ZE-BO,B-ZO-BR,S-ZG-BR,B-ZF-BR,S-ZB-BO,S-ZF-BR,S-ZC-BR,S-ZB-BO,S-ZO-BO,B-ZB-UN
133,2010.12.09 00:00,USDCAD,60,86400,BUY,ZE,1,1.01155,1.00110,1045.0,1.01396,1.00629,767.0,73.397,49.67,526.0,246.6,1.01155,1.00629,1.01922,BOUNCE,2010.12.20 18:00,1,2010.12.23 19:00,1,2010.12.28 13:00,1,2010.12.31 15:00,3,1w 3d,NewYork,NA,,NA,,0.99584,BREAK,2010.12.31 15:00,0,,0,,0,,0,NA,NewYork,BOUNCE,2011.01.04 16:00,NA,,1.01681,BREAK,2010.12.20 18:00,0,,0,,0,,0,NA,NewYork,UNTOUCHED,,NA,,1.00103,BOUNCE,2010.12.15 20:00,1,2010.12.20 18:00,1,2010.12.20 18:00,0,,2,4d 22h,NewYork,NA,,NA,,S-ZE-BR,S-ZB-BO,S-ZF-BR,B-ZF-UN,B-ZF-BO,S-ZF-BO,B-ZB-UN,B-ZE-UN,B-ZF-UN,B-ZB-BR,B-ZO-BR,S-ZG-BR,B-ZF-BR,S-ZB-BO,S-ZF-BR,S-ZC-BR,S-ZB-BO,S-ZO-BO,B-ZB-UN,S-ZO-BO
134,2010.12.15 00:00,USDCAD,60,86400,BUY,ZO,0,1.01068,1.00266,802.0,1.01093,1.00281,812.0,101.247,1.87,787.0,189.3,1.01068,1.00281,1.01880,BREAK,2010.12.20 18:00,0,,0,,0,,0,NA,NewYork,UNTOUCHED,,NA,,0.99479,BREAK,2010.12.31 18:00,0,,0,,0,,0,NA,NewYork,BREAK,2011.01.12 16:00,UNTOUCHED,,1.01855,BREAK,2010.12.20 18:00,0,,0,,0,,0,NA,NewYork,UNTOUCHED,,NA,,0.99494,BREAK,2010.12.31 18:00,0,,0,,0,,0,NA,NewYork,BREAK,2011.01.12 16:00,UNTOUCHED,,B-ZE-BO,S-ZE-BR,S-ZB-BO,S-ZF-BR,B-ZF-UN,B-ZF-BO,S-ZF-BO,B-ZB-UN,B-ZE-UN,B-ZF-UN,S-ZG-BR,B-ZF-BR,S-ZB-BO,S-ZF-BR,S-ZC-BR,S-ZB-BO,S-ZO-BO,B-ZB-UN,S-ZO-BO,S-ZB-BO
135,2010.12.16 00:00,USDCAD,60,86400,SELL,ZG,0,1.01093,1.00281,812.0,1.00937,1.00005,932.0,114.778,19.21,656.0,191.6,1.00937,1.00281,0.99349,BREAK,2010.12.31 18:00,0,,0,,0,,0,NA,NewYork,BREAK,2011.01.12 16:00,UNTOUCHED,,1.01749,BREAK,2010.12.20 18:00,0,,0,,0,,0,NA,NewYork,UNTOUCHED,,NA,,0.99625,BREAK,2010.12.31 15:00,0,,0,,0,,0,NA,NewYork,BOUNCE,2011.01.04 17:00,NA,,1.01593,BREAK,2010.12.20 18:00,0,,0,,0,,0,NA,NewYork,UNTOUCHED,,NA,,B-ZO-BR,B-ZE-BO,S-ZE-BR,S-ZB-BO,S-ZF-BR,B-ZF-UN,B-ZF-BO,S-ZF-BO,B-ZB-UN,B-ZE-UN,B-ZF-BR,S-ZB-BO,S-ZF-BR,S-ZC-BR,S-ZB-BO,S-ZO-BO,B-ZB-UN,S-ZO-BO,S-ZB-BO,S-ZB-BO
136,2010.12.18 00:00,USDCAD,60,86400,BUY,ZF,1,1.00739,1.00317,422.0,1.01452,1.00374,1078.0,255.450,13.51,365.0,99.6,1.00739,1.00374,1.01817,BREAK,2010.12.20 18:00,0,,0,,0,,0,NA,NewYork,UNTOUCHED,,NA,,0.99952,BREAK,2010.12.28 16:00,0,,0,,0,,0,NA,NewYork,BREAK,2010.12.31 18:00,BREAK,2011.01.03 16:00,1.01104,BREAK,2010.12.18 00:00,0,,0,,0,,0,NA,Asia,BREAK,2010.12.20 17:00,BREAK,2010.12.20 18:00,1.00009,BREAK,2010.12.28 13:00,0,,0,,0,,0,NA,NewYork,BREAK,2010.12.31 18:00,BOUNCE,2010.12.31 23:00,S-ZG-BR,B-ZO-BR,B-ZE-BO,S-ZE-BR,S-ZB-BO,S-ZF-BR,B-ZF-UN,B-ZF-BO,S-ZF-BO,B-ZB-UN,S-ZB-BO,S-ZF-BR,S-ZC-BR,S-ZB-BO,S-ZO-BO,B-ZB-UN,S-ZO-BO,S-ZB-BO,S-ZB-BO,B-ZE-BO
137,2010.12.23 00:00,USDCAD,60,86400,SELL,ZB,1,1.02053,1.01506,547.0,1.01776,1.01102,674.0,123.218,50.64,270.0,129.1,1.01776,1.01506,1.00832,BOUNCE,2010.12.23 19:00,0,,0,,0,,0,NA,NewYork,NA,,NA,,1.02323,UNTOUCHED,,0,,0,,0,,0,NA,Other,NA,,NA,,1.01236,BOUNCE,2010.12.23 04:00,0,,0,,0,,0,NA,Asia,NA,,NA,,1.02046,UNTOUCHED,,0,,0,,0,,0,NA,Other,NA,,NA,,B-ZF-BR,S-ZG-BR,B-ZO-BR,B-ZE-BO,S-ZE-BR,S-ZB-BO,S-ZF-BR,B-ZF-UN,B-ZF-BO,S-ZF-BO,S-ZF-BR,S-ZC-BR,S-ZB-BO,S-ZO-BO,B-ZB-UN,S-ZO-BO,S-ZB-BO,S-ZB-BO,B-ZE-BO,S-ZD-BR
138,2010.12.24 00:00,USDCAD,60,86400,SELL,ZF,0,1.01776,1.01102,674.0,1.01636,1.00705,931.0,138.131,20.77,534.0,159.1,1.01636,1.01102,1.00171,BREAK,2010.12.28 13:00,0,,0,,0,,0,NA,NewYork,BREAK,2010.12.31 18:00,BREAK,2011.01.03 20:00,1.02310,UNTOUCHED,,0,,0,,0,,0,NA,Other,NA,,NA,,1.00568,BREAK,2010.12.24 13:00,0,,0,,0,,0,NA,NewYork,BREAK,2010.12.28 16:00,BREAK,2010.12.31 18:00,1.02170,UNTOUCHED,,0,,0,,0,,0,NA,Other,NA,,NA,,S-ZB-BO,B-ZF-BR,S-ZG-BR,B-ZO-BR,B-ZE-BO,S-ZE-BR,S-ZB-BO,S-ZF-BR,B-ZF-UN,B-ZF-BO,S-ZC-BR,S-ZB-BO,S-ZO-BO,B-ZB-UN,S-ZO-BO,S-ZB-BO,S-ZB-BO,B-ZE-BO,S-ZD-BR,B-ZB-BO
139,2010.12.25 00:00,USDCAD,60,86400,SELL,ZC,1,1.01636,1.00705,931.0,1.01136,1.00493,643.0,69.066,53.71,431.0,219.7,1.01136,1.00705,1.00062,BREAK,2010.12.28 13:00,0,,0,,0,,0,NA,NewYork,BREAK,2010.12.31 18:00,BREAK,2011.01.03 20:00,1.02067,UNTOUCHED,,0,,0,,0,,0,NA,Other,NA,,NA,,1.00274,BREAK,2010.12.28 13:00,0,,0,,0,,0,NA,NewYork,BOUNCE,2010.12.29 15:00,NA,,1.01567,UNTOUCHED,,0,,0,,0,,0,NA,Other,NA,,NA,,S-ZF-BR,S-ZB-BO,B-ZF-BR,S-ZG-BR,B-ZO-BR,B-ZE-BO,S-ZE-BR,S-ZB-BO,S-ZF-BR,B-ZF-UN,S-ZB-BO,S-ZO-BO,B-ZB-UN,S-ZO-BO,S-ZB-BO,S-ZB-BO,B-ZE-BO,S-ZD-BR,B-ZB-BO,S-ZC-BO
140,2010.12.29 00:00,USDCAD,60,86400,SELL,ZB,1,1.01095,1.00569,526.0,1.00719,0.99739,980.0,186.312,71.48,150.0,124.1,1.00719,1.00569,0.99589,BOUNCE,2010.12.31 15:00,1,2010.12.31 17:00,0,,0,,1,2h,NewYork,NA,,NA,,1.01245,UNTOUCHED,,0,,0,,0,,0,NA,Other,NA,,NA,,1.00419,BREAK,2010.12.29 00:00,0,,0,,0,,0,NA,Asia,BREAK,2010.12.29 01:00,BREAK,2010.12.29 08:00,1.00869,UNTOUCHED,,0,,0,,0,,0,NA,Other,NA,,NA,,S-ZC-BR,S-ZF-BR,S-ZB-BO,B-ZF-BR,S-ZG-BR,B-ZO-BR,B-ZE-BO,S-ZE-BR,S-ZB-BO,S-ZF-BR,S-ZO-BO,B-ZB-UN,S-ZO-BO,S-ZB-BO,S-ZB-BO,B-ZE-BO,S-ZD-BR,B-ZB-BO,S-ZC-BO,B-ZF-UN
141,2010.12.30 00:00,USDCAD,60,86400,SELL,ZO,0,1.00719,0.99739,980.0,1.00555,0.99734,821.0,83.776,16.73,816.0,231.3,1.00555,0.99739,0.98918,BOUNCE,2011.01.03 20:00,1,2011.01.31 19:00,0,,0,,1,3w 6d,NewYork,NA,,NA,,1.01535,UNTOUCHED,,0,,0,,0,,0,NA,Other,NA,,NA,,0.98923,BOUNCE,2011.01.03 20:00,0,,0,,0,,0,NA,NewYork,NA,,NA,,1.01371,UNTOUCHED,,0,,0,,0,,0,NA,Other,NA,,NA,,S-ZB-BO,S-ZC-BR,S-ZF-BR,S-ZB-BO,B-ZF-BR,S-ZG-BR,B-ZO-BR,B-ZE-BO,S-ZE-BR,S-ZB-BO,B-ZB-UN,S-ZO-BO,S-ZB-BO,S-ZB-BO,B-ZE-BO,S-ZD-BR,B-ZB-BO,S-ZC-BO,B-ZF-UN,S-ZB-BO
142,2011.01.05 00:00,USDCAD,60,86400,BUY,ZB,1,0.99481,0.98879,602.0,1.00334,0.99152,1182.0,196.346,45.35,329.0,142.1,0.99481,0.99152,1.00663,UNTOUCHED,,0,,0,,0,,0,NA,Other,NA,,NA,,0.98550,BOUNCE,2011.01.12 16:00,1,2011.01.14 10:00,1,2011.01.20 10:00,0,,2,1w 0d,NewYork,NA,,NA,,0.99810,BREAK,2011.01.05 00:00,0,,0,,0,,0,NA,Asia,BOUNCE,2011.01.05 16:00,NA,,0.98823,BREAK,2011.01.12 04:00,0,,0,,0,,0,NA,Asia,BOUNCE,2011.01.12 21:00,NA,,S-ZO-BO,S-ZB-BO,S-ZC-BR,S-ZF-BR,S-ZB-BO,B-ZF-BR,S-ZG-BR,B-ZO-BR,B-ZE-BO,S-ZE-BR,S-ZO-BO,S-ZB-BO,S-ZB-BO,B-ZE-BO,S-ZD-BR,B-ZB-BO,S-ZC-BO,B-ZF-UN,S-ZB-BO,B-ZG-BO
143,2011.01.07 00:00,USDCAD,60,86400,SELL,ZO,0,1.00225,0.99325,900.0,0.99931,0.99244,687.0,76.333,32.67,606.0,212.4,0.99931,0.99325,0.98638,BOUNCE,2011.01.12 15:00,1,2011.01.20 10:00,1,2011.01.31 19:00,0,,2,2w 5d,NewYork,NA,,NA,,1.00831,UNTOUCHED,,0,,0,,0,,0,NA,Other,NA,,NA,,0.98719,BREAK,2011.01.12 10:00,0,,0,,0,,0,NA,London,UNTOUCHED,,NA,,1.00537,BOUNCE,2011.01.31 19:00,1,2011.02.02 11:00,1,2011.02.02 11:00,0,,2,1d 16h,NewYork,NA,,NA,,B-ZB-UN,S-ZO-BO,S-ZB-BO,S-ZC-BR,S-ZF-BR,S-ZB-BO,B-ZF-BR,S-ZG-BR,B-ZO-BR,B-ZE-BO,S-ZB-BO,S-ZB-BO,B-ZE-BO,S-ZD-BR,B-ZB-BO,S-ZC-BO,B-ZF-UN,S-ZB-BO,B-ZG-BO,B-ZH-UN
144,2011.01.12 00:00,USDCAD,60,86400,SELL,ZB,1,0.99832,0.99097,735.0,0.99494,0.98916,578.0,78.639,45.99,397.0,173.5,0.99494,0.99097,0.98519,BOUNCE,2011.01.12 16:00,1,2011.01.14 11:00,1,2011.01.20 10:00,1,2011.01.20 17:00,3,1w 1d,NewYork,NA,,NA,,1.00229,BOUNCE,2011.01.20 17:00,1,2011.01.21 16:00,1,2011.02.02 13:00,1,2011.02.04 15:00,3,2w 0d,NewYork,NA,,NA,,0.98700,BREAK,2011.01.12 11:00,0,,0,,0,,0,NA,London,BOUNCE,2011.02.18 21:00,NA,,0.99891,BREAK,2011.01.20 10:00,0,,0,,0,,0,NA,London,BREAK,2011.01.31 19:00,UNTOUCHED,,S-ZO-BO,B-ZB-UN,S-ZO-BO,S-ZB-BO,S-ZC-BR,S-ZF-BR,S-ZB-BO,B-ZF-BR,S-ZG-BR,B-ZO-BR,S-ZB-BO,B-ZE-BO,S-ZD-BR,B-ZB-BO,S-ZC-BO,B-ZF-UN,S-ZB-BO,B-ZG-BO,B-ZH-UN,B-ZF-UN
145,2011.01.13 00:00,USDCAD,60,86400,SELL,ZB,1,0.99494,0.98916,578.0,0.99114,0.98478,636.0,110.035,65.74,198.0,136.4,0.99114,0.98916,0.98280,BOUNCE,2011.02.17 15:00,1,2011.02.18 21:00,0,,0,,1,1d 6h,NewYork,NA,,NA,,0.99692,BOUNCE,2011.01.14 13:00,1,2011.01.14 17:00,1,2011.01.17 15:00,1,2011.02.17 15:00,3,4w 6d,NewYork,NA,,NA,,0.98718,BREAK,2011.01.13 00:00,0,,0,,0,,0,NA,Asia,BREAK,2011.01.18 10:00,BOUNCE,2011.02.04 17:00,0.99312,BREAK,2011.01.14 11:00,0,,0,,0,,0,NA,London,BREAK,2011.01.14 15:00,BOUNCE,2011.01.14 16:00,S-ZB-BO,S-ZO-BO,B-ZB-UN,S-ZO-BO,S-ZB-BO,S-ZC-BR,S-ZF-BR,S-ZB-BO,B-ZF-BR,S-ZG-BR,B-ZE-BO,S-ZD-BR,B-ZB-BO,S-ZC-BO,B-ZF-UN,S-ZB-BO,B-ZG-BO,B-ZH-UN,B-ZF-UN,S-ZF-BR
146,2011.01.15 00:00,USDCAD,60,86400,BUY,ZE,1,0.99081,0.98510,571.0,0.99762,0.98847,915.0,160.245,59.02,234.0,134.8,0.99081,0.98847,0.99996,BOUNCE,2011.01.20 16:00,1,2011.01.21 15:00,1,2011.02.02 18:00,1,2011.02.17 15:00,3,3w 6d,NewYork,NA,,NA,,0.98276,BOUNCE,2011.02.17 15:00,1,2011.02.22 14:00,1,2011.02.23 17:00,0,,2,6d 2h,NewYork,NA,,NA,,0.99315,BOUNCE,2011.01.18 21:00,1,2011.02.02 18:00,1,2011.02.17 15:00,0,,2,4w 1d,Other,NA,,NA,,0.98613,BOUNCE,2011.01.17 18:00,1,2011.01.18 21:00,1,2011.01.18 21:00,0,,2,1d 3h,NewYork,NA,,NA,,S-ZB-BO,S-ZB-BO,S-ZO-BO,B-ZB-UN,S-ZO-BO,S-ZB-BO,S-ZC-BR,S-ZF-BR,S-ZB-BO,B-ZF-BR,S-ZD-BR,B-ZB-BO,S-ZC-BO,B-ZF-UN,S-ZB-BO,B-ZG-BO,B-ZH-UN,B-ZF-UN,S-ZF-BR,B-ZG-BO
147,2011.01.18 00:00,USDCAD,60,86400,SELL,ZD,1,0.99116,0.98894,222.0,0.99004,0.98553,451.0,203.153,50.45,110.0,52.4,0.99004,0.98894,0.98443,BREAK,2011.01.18 09:00,0,,0,,0,,0,NA,London,BOUNCE,2011.02.04 17:00,NA,,0.99226,BOUNCE,2011.01.18 18:00,1,2011.01.19 04:00,1,2011.02.02 11:00,1,2011.02.04 16:00,3,2w 2d,NewYork,NA,,NA,,0.98784,BREAK,2011.01.18 00:00,0,,0,,0,,0,NA,Asia,BOUNCE,2011.01.18 01:00,NA,,0.99114,BREAK,2011.01.18 18:00,0,,0,,0,,0,NA,NewYork,BREAK,2011.01.18 20:00,BOUNCE,2011.01.19 17:00,B-ZE-BO,S-ZB-BO,S-ZB-BO,S-ZO-BO,B-ZB-UN,S-ZO-BO,S-ZB-BO,S-ZC-BR,S-ZF-BR,S-ZB-BO,B-ZB-BO,S-ZC-BO,B-ZF-UN,S-ZB-BO,B-ZG-BO,B-ZH-UN,B-ZF-UN,S-ZF-BR,B-ZG-BO,B-ZG-BO
148,2011.01.20 00:00,USDCAD,60,86400,BUY,ZB,1,0.99333,0.98361,972.0,0.99647,0.98885,762.0,78.395,53.91,448.0,229.4,0.99333,0.98885,1.00095,BOUNCE,2011.01.20 17:00,1,2011.01.21 16:00,1,2011.02.04 16:00,1,2011.02.25 22:00,3,5w 1d,NewYork,NA,,NA,,0.97913,BREAK,2011.02.25 22:00,0,,0,,0,,0,NA,Other,BREAK,2011.02.28 20:00,BOUNCE,2011.03.01 18:00,0.99781,BREAK,2011.01.20 10:00,0,,0,,0,,0,NA,London,BOUNCE,2011.01.20 20:00,NA,,0.98437,BOUNCE,2011.02.04 16:00,1,2011.02.10 12:00,1,2011.02.10 12:00,0,,2,5d 20h,NewYork,NA,,NA,,S-ZD-BR,B-ZE-BO,S-ZB-BO,S-ZB-BO,S-ZO-BO,B-ZB-UN,S-ZO-BO,S-ZB-BO,S-ZC-BR,S-ZF-BR,S-ZC-BO,B-ZF-UN,S-ZB-BO,B-ZG-BO,B-ZH-UN,B-ZF-UN,S-ZF-BR,B-ZG-BO,B-ZG-BO,B-ZF-BO
149,2011.01.22 00:00,USDCAD,60,86400,SELL,ZC,1,1.00295,0.99491,804.0,0.99866,0.99075,791.0,98.383,53.36,375.0,189.7,0.99866,0.99491,0.98700,BOUNCE,2011.02.02 13:00,1,2011.02.08 21:00,0,,0,,1,6d 8h,NewYork,NA,,NA,,1.00670,UNTOUCHED,,0,,0,,0,,0,NA,Other,NA,,NA,,0.99116,BOUNCE,2011.01.25 10:00,1,2011.01.31 02:00,0,,0,,1,5d 16h,London,NA,,NA,,1.00241,BOUNCE,2011.01.31 02:00,1,2011.02.01 20:00,1,2011.02.01 20:00,0,,2,1d 18h,Asia,NA,,NA,,B-ZB-BO,S-ZD-BR,B-ZE-BO,S-ZB-BO,S-ZB-BO,S-ZO-BO,B-ZB-UN,S-ZO-BO,S-ZB-BO,S-ZC-BR,B-ZF-UN,S-ZB-BO,B-ZG-BO,B-ZH-UN,B-ZF-UN,S-ZF-BR,B-ZG-BO,B-ZG-BO,B-ZF-BO,B-ZG-UN
150,2011.01.29 00:00,USDCAD,60,86400,BUY,ZF,0,0.99853,0.99258,595.0,1.00158,0.99304,854.0,143.529,7.73,549.0,140.4,0.99853,0.99304,1.00707,UNTOUCHED,,0,,0,,0,,0,NA,Other,NA,,NA,,0.98709,BOUNCE,2011.02.02 13:00,1,2011.02.10 12:00,0,,0,,1,1w 0d,NewYork,NA,,NA,,1.00402,BREAK,2011.01.31 19:00,0,,0,,0,,0,NA,NewYork,UNTOUCHED,,NA,,0.98755,BREAK,2011.02.02 11:00,0,,0,,0,,0,NA,London,BOUNCE,2011.02.22 14:00,NA,,S-ZC-BO,B-ZB-BO,S-ZD-BR,B-ZE-BO,S-ZB-BO,S-ZB-BO,S-ZO-BO,B-ZB-UN,S-ZO-BO,S-ZB-BO,S-ZB-BO,B-ZG-BO,B-ZH-UN,B-ZF-UN,S-ZF-BR,B-ZG-BO,B-ZG-BO,B-ZF-BO,B-ZG-UN,S-ZB-BR
151,2011.02.02 00:00,USDCAD,60,86400,SELL,ZB,1,1.00570,0.99615,955.0,1.00140,0.98997,1143.0,119.686,45.03,525.0,225.4,1.00140,0.99615,0.98472,BOUNCE,2011.02.04 15:00,1,2011.02.08 21:00,0,,0,,1,4d 6h,NewYork,NA,,NA,,1.01095,UNTOUCHED,,0,,0,,0,,0,NA,Other,NA,,NA,,0.99090,BREAK,2011.02.02 00:00,0,,0,,0,,0,NA,Asia,BREAK,2011.02.04 17:00,BREAK,2011.02.25 22:00,1.00665,UNTOUCHED,,0,,0,,0,,0,NA,Other,NA,,NA,,B-ZF-UN,S-ZC-BO,B-ZB-BO,S-ZD-BR,B-ZE-BO,S-ZB-BO,S-ZB-BO,S-ZO-BO,B-ZB-UN,S-ZO-BO,B-ZG-BO,B-ZH-UN,B-ZF-UN,S-ZF-BR,B-ZG-BO,B-ZG-BO,B-ZF-BO,B-ZG-UN,S-ZB-BR,S-ZE-BR
152,2011.02.04 00:00,USDCAD,60,86400,BUY,ZG,0,0.99145,0.98601,544.0,0.99202,0.98650,552.0,101.471,9.01,495.0,128.4,0.99145,0.98650,0.99697,BOUNCE,2011.02.08 21:00,1,2011.02.11 22:00,1,2011.02.17 15:00,1,2011.02.25 10:00,3,2w 2d,Other,NA,,NA,,0.98106,BREAK,2011.02.25 10:00,0,,0,,0,,0,NA,London,BREAK,2011.02.28 16:00,BREAK,2011.03.01 13:00,0.99640,BREAK,2011.02.08 21:00,0,,0,,0,,0,NA,Other,UNTOUCHED,,NA,,0.98155,BOUNCE,2011.02.17 15:00,1,2011.03.15 15:00,1,2011.03.15 15:00,0,,2,3w 5d,NewYork,NA,,NA,,S-ZB-BO,B-ZF-UN,S-ZC-BO,B-ZB-BO,S-ZD-BR,B-ZE-BO,S-ZB-BO,S-ZB-BO,S-ZO-BO,B-ZB-UN,B-ZH-UN,B-ZF-UN,S-ZF-BR,B-ZG-BO,B-ZG-BO,B-ZF-BO,B-ZG-UN,S-ZB-BR,S-ZE-BR,B-ZO-BR
153,2011.02.09 00:00,USDCAD,60,86400,BUY,ZH,1,0.99058,0.98570,488.0,0.99765,0.98680,1085.0,222.336,22.54,378.0,115.2,0.99058,0.98680,1.00143,UNTOUCHED,,0,,0,,0,,0,NA,Other,NA,,NA,,0.98192,BOUNCE,2011.02.17 15:00,1,2011.02.22 22:00,1,2011.02.23 18:00,0,,2,6d 3h,NewYork,NA,,NA,,0.99436,BREAK,2011.02.09 00:00,0,,0,,0,,0,NA,Asia,BOUNCE,2011.02.11 16:00,NA,,0.98302,BREAK,2011.02.17 15:00,0,,0,,0,,0,NA,NewYork,BREAK,2011.02.25 22:00,BREAK,2011.02.28 16:00,B-ZG-BO,S-ZB-BO,B-ZF-UN,S-ZC-BO,B-ZB-BO,S-ZD-BR,B-ZE-BO,S-ZB-BO,S-ZB-BO,S-ZO-BO,B-ZF-UN,S-ZF-BR,B-ZG-BO,B-ZG-BO,B-ZF-BO,B-ZG-UN,S-ZB-BR,S-ZE-BR,B-ZO-BR,S-ZG-BO
154,2011.02.11 00:00,USDCAD,60,86400,BUY,ZF,1,0.99554,0.99146,408.0,0.99869,0.99298,571.0,139.951,37.25,256.0,96.3,0.99554,0.99298,1.00125,UNTOUCHED,,0,,0,,0,,0,NA,Other,NA,,NA,,0.98890,BOUNCE,2011.02.11 18:00,1,2011.02.23 18:00,0,,0,,1,1w 5d,NewYork,NA,,NA,,0.99810,BOUNCE,2011.02.11 13:00,1,2011.02.11 18:00,1,2011.02.11 18:00,0,,2,5h,NewYork,NA,,NA,,0.99042,BREAK,2011.02.11 18:00,0,,0,,0,,0,NA,NewYork,BREAK,2011.02.11 23:00,BOUNCE,2011.02.14 11:00,B-ZH-UN,B-ZG-BO,S-ZB-BO,B-ZF-UN,S-ZC-BO,B-ZB-BO,S-ZD-BR,B-ZE-BO,S-ZB-BO,S-ZB-BO,S-ZF-BR,B-ZG-BO,B-ZG-BO,B-ZF-BO,B-ZG-UN,S-ZB-BR,S-ZE-BR,B-ZO-BR,S-ZG-BO,B-ZO-BR
155,2011.02.12 00:00,USDCAD,60,86400,SELL,ZF,1,0.99869,0.99298,571.0,0.99853,0.98627,1226.0,214.711,2.80,555.0,134.8,0.99853,0.99298,0.98072,BREAK,2011.02.25 14:00,0,,0,,0,,0,NA,NewYork,BREAK,2011.02.28 16:00,BOUNCE,2011.03.01 18:00,1.00424,UNTOUCHED,,0,,0,,0,,0,NA,Other,NA,,NA,,0.98743,BREAK,2011.02.12 00:00,0,,0,,0,,0,NA,Asia,BOUNCE,2011.02.22 14:00,NA,,1.00408,UNTOUCHED,,0,,0,,0,,0,NA,Other,NA,,NA,,B-ZF-UN,B-ZH-UN,B-ZG-BO,S-ZB-BO,B-ZF-UN,S-ZC-BO,B-ZB-BO,S-ZD-BR,B-ZE-BO,S-ZB-BO,B-ZG-BO,B-ZG-BO,B-ZF-BO,B-ZG-UN,S-ZB-BR,S-ZE-BR,B-ZO-BR,S-ZG-BO,B-ZO-BR,B-ZF-BO
156,2011.02.16 00:00,USDCAD,60,86400,BUY,ZG,0,0.99002,0.98500,502.0,0.99010,0.98508,502.0,100.000,1.59,494.0,118.5,0.99002,0.98508,0.99504,BOUNCE,2011.02.23 18:00,1,2011.02.24 11:00,1,2011.02.25 15:00,1,2011.02.25 15:00,3,1d 21h,NewYork,NA,,NA,,0.98006,BREAK,2011.02.25 15:00,0,,0,,0,,0,NA,NewYork,BREAK,2011.02.28 16:00,BREAK,2011.03.01 16:00,0.99496,BOUNCE,2011.02.23 18:00,1,2011.02.25 15:00,1,2011.02.25 15:00,0,,2,1d 21h,NewYork,NA,,NA,,0.98014,BREAK,2011.02.25 15:00,0,,0,,0,,0,NA,NewYork,BREAK,2011.02.28 16:00,BREAK,2011.03.01 16:00,S-ZF-BR,B-ZF-UN,B-ZH-UN,B-ZG-BO,S-ZB-BO,B-ZF-UN,S-ZC-BO,B-ZB-BO,S-ZD-BR,B-ZE-BO,B-ZG-BO,B-ZF-BO,B-ZG-UN,S-ZB-BR,S-ZE-BR,B-ZO-BR,S-ZG-BO,B-ZO-BR,B-ZF-BO,B-ZO-BR
157,2011.02.19 00:00,USDCAD,60,86400,BUY,ZG,0,0.98583,0.98154,429.0,0.98730,0.98178,552.0,128.671,5.59,405.0,101.2,0.98583,0.98178,0.99135,BOUNCE,2011.02.22 22:00,1,2011.02.24 12:00,1,2011.02.26 00:00,1,2011.02.26 00:00,3,3d 2h,Other,NA,,NA,,0.97749,BREAK,2011.02.26 00:00,0,,0,,0,,0,NA,Asia,BREAK,2011.02.28 20:00,BREAK,2011.03.01 16:00,0.98988,BREAK,2011.02.22 22:00,0,,0,,0,,0,NA,Other,BREAK,2011.02.23 18:00,UNTOUCHED,,0.97773,BREAK,2011.02.26 00:00,0,,0,,0,,0,NA,Asia,BOUNCE,2011.02.28 16:00,NA,,B-ZG-BO,S-ZF-BR,B-ZF-UN,B-ZH-UN,B-ZG-BO,S-ZB-BO,B-ZF-UN,S-ZC-BO,B-ZB-BO,S-ZD-BR,B-ZF-BO,B-ZG-UN,S-ZB-BR,S-ZE-BR,B-ZO-BR,S-ZG-BO,B-ZO-BR,B-ZF-BO,B-ZO-BR,B-ZH-BR
158,2011.02.23 00:00,USDCAD,60,86400,BUY,ZF,1,0.98713,0.98215,498.0,0.99173,0.98226,947.0,190.161,2.21,487.0,117.5,0.98713,0.98226,0.99660,BOUNCE,2011.03.15 15:00,1,2011.03.15 17:00,1,2011.03.21 13:00,1,2011.03.21 13:00,3,5d 22h,NewYork,NA,,NA,,0.97728,BREAK,2011.02.26 00:00,0,,0,,0,,0,NA,Asia,BREAK,2011.02.28 22:00,BOUNCE,2011.03.10 16:00,0.99200,BREAK,2011.02.23 16:00,0,,0,,0,,0,NA,NewYork,BOUNCE,2011.03.15 15:00,NA,,0.97739,BREAK,2011.02.26 00:00,0,,0,,0,,0,NA,Asia,BREAK,2011.02.28 22:00,BOUNCE,2011.03.10 16:00,B-ZG-BO,B-ZG-BO,S-ZF-BR,B-ZF-UN,B-ZH-UN,B-ZG-BO,S-ZB-BO,B-ZF-UN,S-ZC-BO,B-ZB-BO,B-ZG-UN,S-ZB-BR,S-ZE-BR,B-ZO-BR,S-ZG-BO,B-ZO-BR,B-ZF-BO,B-ZO-BR,B-ZH-BR,B-ZB-UN
159,2011.02.24 00:00,USDCAD,60,86400,BUY,ZG,0,0.99173,0.98226,947.0,0.99578,0.98573,1005.0,106.125,36.64,600.0,223.5,0.99173,0.98573,1.00178,UNTOUCHED,,0,,0,,0,,0,NA,Other,NA,,NA,,0.97626,BREAK,2011.02.28 10:00,0,,0,,0,,0,NA,London,BOUNCE,2011.03.02 11:00,NA,,0.99773,UNTOUCHED,,0,,0,,0,,0,NA,Other,NA,,NA,,0.97973,BREAK,2011.02.25 15:00,0,,0,,0,,0,NA,NewYork,BREAK,2011.02.28 22:00,BOUNCE,2011.03.10 17:00,B-ZF-BO,B-ZG-BO,B-ZG-BO,S-ZF-BR,B-ZF-UN,B-ZH-UN,B-ZG-BO,S-ZB-BO,B-ZF-UN,S-ZC-BO,S-ZB-BR,S-ZE-BR,B-ZO-BR,S-ZG-BO,B-ZO-BR,B-ZF-BO,B-ZO-BR,B-ZH-BR,B-ZB-UN,S-ZO-BR
160,2011.02.25 00:00,USDCAD,60,86400,SELL,ZB,1,0.99578,0.98573,1005.0,0.99002,0.98159,843.0,83.881,57.31,429.0,237.2,0.99002,0.98573,0.97730,BREAK,2011.02.26 00:00,0,,0,,0,,0,NA,Asia,BREAK,2011.03.01 03:00,BOUNCE,2011.03.01 17:00,1.00007,UNTOUCHED,,0,,0,,0,,0,NA,Other,NA,,NA,,0.98144,BREAK,2011.02.25 07:00,0,,0,,0,,0,NA,London,BREAK,2011.02.28 16:00,BREAK,2011.03.01 03:00,0.99431,BREAK,2011.03.15 15:00,0,,0,,0,,0,NA,NewYork,UNTOUCHED,,NA,,B-ZG-UN,B-ZF-BO,B-ZG-BO,B-ZG-BO,S-ZF-BR,B-ZF-UN,B-ZH-UN,B-ZG-BO,S-ZB-BO,B-ZF-UN,S-ZE-BR,B-ZO-BR,S-ZG-BO,B-ZO-BR,B-ZF-BO,B-ZO-BR,B-ZH-BR,B-ZB-UN,S-ZO-BR,B-ZD-UN
161,2011.03.02 00:00,USDCAD,60,86400,SELL,ZE,1,0.97881,0.97094,787.0,0.97548,0.96833,715.0,90.851,42.31,454.0,185.7,0.97548,0.97094,0.96379,BREAK,2011.04.01 18:00,0,,0,,0,,0,NA,NewYork,BREAK,2011.04.06 17:00,BREAK,2011.04.08 14:00,0.98335,BREAK,2011.03.15 07:00,0,,0,,0,,0,NA,London,BREAK,2011.03.15 13:00,BREAK,2011.03.15 15:00,0.96640,BREAK,2011.04.01 15:00,0,,0,,0,,0,NA,NewYork,BOUNCE,2011.04.04 16:00,NA,,0.98002,BOUNCE,2011.03.11 16:00,1,2011.04.01 15:00,1,2011.04.01 15:00,0,,2,2w 6d,NewYork,NA,,NA,,S-ZB-BR,B-ZG-UN,B-ZF-BO,B-ZG-BO,B-ZG-BO,S-ZF-BR,B-ZF-UN,B-ZH-UN,B-ZG-BO,S-ZB-BO,B-ZO-BR,S-ZG-BO,B-ZO-BR,B-ZF-BO,B-ZO-BR,B-ZH-BR,B-ZB-UN,S-ZO-BR,B-ZD-UN,S-ZF-BR
162,2011.03.03 00:00,USDCAD,60,86400,BUY,ZO,0,0.97548,0.96833,715.0,0.97748,0.97074,674.0,94.266,33.71,474.0,168.7,0.97548,0.97074,0.98222,BREAK,2011.03.15 07:00,0,,0,,0,,0,NA,London,BOUNCE,2011.03.15 12:00,NA,,0.96359,BREAK,2011.04.01 18:00,0,,0,,0,,0,NA,NewYork,BREAK,2011.04.06 17:00,BOUNCE,2011.04.12 05:00,0.98022,BREAK,2011.03.15 06:00,0,,0,,0,,0,NA,Asia,BREAK,2011.03.15 12:00,BREAK,2011.03.15 14:00,0.96600,BREAK,2011.04.01 15:00,0,,0,,0,,0,NA,NewYork,BREAK,2011.04.06 13:00,BREAK,2011.04.08 10:00,S-ZE-BR,S-ZB-BR,B-ZG-UN,B-ZF-BO,B-ZG-BO,B-ZG-BO,S-ZF-BR,B-ZF-UN,B-ZH-UN,B-ZG-BO,S-ZG-BO,B-ZO-BR,B-ZF-BO,B-ZO-BR,B-ZH-BR,B-ZB-UN,S-ZO-BR,B-ZD-UN,S-ZF-BR,B-ZG-UN
163,2011.03.05 00:00,USDCAD,60,86400,SELL,ZG,0,0.97519,0.97138,381.0,0.97423,0.96992,431.0,113.123,25.20,285.0,89.9,0.97423,0.97138,0.96707,BOUNCE,2011.03.09 15:00,1,2011.03.10 16:00,1,2011.03.11 14:00,1,2011.03.11 15:00,3,2d 0h,NewYork,NA,,NA,,0.97804,BREAK,2011.03.11 15:00,0,,0,,0,,0,NA,NewYork,BREAK,2011.03.15 06:00,BOUNCE,2011.03.15 10:00,0.96853,BREAK,2011.03.09 14:00,0,,0,,0,,0,NA,NewYork,BREAK,2011.04.01 15:00,BREAK,2011.04.04 08:00,0.97708,BREAK,2011.03.11 14:00,0,,0,,0,,0,NA,NewYork,BOUNCE,2011.03.11 17:00,NA,,B-ZO-BR,S-ZE-BR,S-ZB-BR,B-ZG-UN,B-ZF-BO,B-ZG-BO,B-ZG-BO,S-ZF-BR,B-ZF-UN,B-ZH-UN,B-ZO-BR,B-ZF-BO,B-ZO-BR,B-ZH-BR,B-ZB-UN,S-ZO-BR,B-ZD-UN,S-ZF-BR,B-ZG-UN,S-ZO-BR
164,2011.03.09 00:00,USDCAD,60,86400,BUY,ZO,0,0.97424,0.96981,443.0,0.97470,0.97070,400.0,90.293,20.09,354.0,104.5,0.97424,0.97070,0.97824,BREAK,2011.03.11 15:00,0,,0,,0,,0,NA,NewYork,BOUNCE,2011.03.15 06:00,NA,,0.96627,BREAK,2011.04.01 15:00,0,,0,,0,,0,NA,NewYork,BREAK,2011.04.04 08:00,BREAK,2011.04.06 17:00,0.97778,BREAK,2011.03.11 15:00,0,,0,,0,,0,NA,NewYork,BREAK,2011.03.15 07:00,BREAK,2011.03.15 12:00,0.96716,BOUNCE,2011.03.09 15:00,1,2011.03.11 15:00,1,2011.03.11 15:00,0,,2,2d 0h,NewYork,NA,,NA,,S-ZG-BO,B-ZO-BR,S-ZE-BR,S-ZB-BR,B-ZG-UN,B-ZF-BO,B-ZG-BO,B-ZG-BO,S-ZF-BR,B-ZF-UN,B-ZF-BO,B-ZO-BR,B-ZH-BR,B-ZB-UN,S-ZO-BR,B-ZD-UN,S-ZF-BR,B-ZG-UN,S-ZO-BR,S-ZB-BR
165,2011.03.11 00:00,USDCAD,60,86400,BUY,ZF,1,0.97146,0.96666,480.0,0.97661,0.96818,843.0,175.625,31.67,328.0,113.3,0.97146,0.96818,0.97989,BOUNCE,2011.03.11 16:00,1,2011.03.11 19:00,1,2011.04.01 15:00,1,2011.04.01 18:00,3,3w 0d,NewYork,NA,,NA,,0.96338,BREAK,2011.04.01 18:00,0,,0,,0,,0,NA,NewYork,BREAK,2011.04.06 13:00,BOUNCE,2011.04.06 22:00,0.97474,BREAK,2011.03.11 00:00,0,,0,,0,,0,NA,Asia,BREAK,2011.03.11 16:00,BOUNCE,2011.03.15 06:00,0.96490,BREAK,2011.04.01 15:00,0,,0,,0,,0,NA,NewYork,BOUNCE,2011.04.04 14:00,NA,,B-ZO-BR,S-ZG-BO,B-ZO-BR,S-ZE-BR,S-ZB-BR,B-ZG-UN,B-ZF-BO,B-ZG-BO,B-ZG-BO,S-ZF-BR,B-ZO-BR,B-ZH-BR,B-ZB-UN,S-ZO-BR,B-ZD-UN,S-ZF-BR,B-ZG-UN,S-ZO-BR,S-ZB-BR,B-ZO-BR
166,2011.03.12 00:00,USDCAD,60,86400,BUY,ZO,0,0.97661,0.96818,843.0,0.98005,0.97100,905.0,107.355,33.45,561.0,198.9,0.97661,0.97100,0.98566,BREAK,2011.03.15 12:00,0,,0,,0,,0,NA,London,BREAK,2011.03.15 15:00,UNTOUCHED,,0.96257,BOUNCE,2011.04.01 19:00,0,,0,,0,,0,NA,NewYork,NA,,NA,,0.98222,BREAK,2011.03.15 07:00,0,,0,,0,,0,NA,London,BOUNCE,2011.03.15 12:00,NA,,0.96539,BREAK,2011.04.01 15:00,0,,0,,0,,0,NA,NewYork,BREAK,2011.04.06 17:00,BOUNCE,2011.04.12 05:00,B-ZF-BO,B-ZO-BR,S-ZG-BO,B-ZO-BR,S-ZE-BR,S-ZB-BR,B-ZG-UN,B-ZF-BO,B-ZG-BO,B-ZG-BO,B-ZH-BR,B-ZB-UN,S-ZO-BR,B-ZD-UN,S-ZF-BR,B-ZG-UN,S-ZO-BR,S-ZB-BR,B-ZO-BR,S-ZB-BO
167,2011.03.15 00:00,USDCAD,60,86400,BUY,ZH,1,0.97340,0.97047,293.0,0.97630,0.97090,540.0,184.300,14.68,250.0,69.1,0.97340,0.97090,0.97880,BREAK,2011.03.15 06:00,0,,0,,0,,0,NA,Asia,BREAK,2011.03.15 07:00,BOUNCE,2011.03.15 09:00,0.96797,BREAK,2011.04.01 10:00,0,,0,,0,,0,NA,London,BREAK,2011.04.01 15:00,BREAK,2011.04.04 07:00,0.97590,BREAK,2011.03.15 05:00,0,,0,,0,,0,NA,Asia,BREAK,2011.03.15 06:00,BREAK,2011.03.15 07:00,0.96840,BOUNCE,2011.03.31 14:00,0,,0,,0,,0,NA,NewYork,NA,,NA,,B-ZO-BR,B-ZF-BO,B-ZO-BR,S-ZG-BO,B-ZO-BR,S-ZE-BR,S-ZB-BR,B-ZG-UN,B-ZF-BO,B-ZG-BO,B-ZB-UN,S-ZO-BR,B-ZD-UN,S-ZF-BR,B-ZG-UN,S-ZO-BR,S-ZB-BR,B-ZO-BR,S-ZB-BO,B-ZB-BR
168,2011.03.16 00:00,USDCAD,60,86400,BUY,ZB,1,0.97630,0.97090,540.0,0.99729,0.97339,2390.0,442.593,46.11,291.0,127.4,0.97630,0.97339,1.00020,UNTOUCHED,,0,,0,,0,,0,NA,Other,NA,,NA,,0.96799,BREAK,2011.04.01 10:00,0,,0,,0,,0,NA,London,BREAK,2011.04.01 18:00,BOUNCE,2011.04.04 14:00,0.97921,BREAK,2011.03.16 00:00,0,,0,,0,,0,NA,Asia,BREAK,2011.03.16 01:00,BREAK,2011.03.16 06:00,0.97048,BREAK,2011.03.30 14:00,0,,0,,0,,0,NA,NewYork,BREAK,2011.04.01 15:00,BREAK,2011.04.01 18:00,B-ZH-BR,B-ZO-BR,B-ZF-BO,B-ZO-BR,S-ZG-BO,B-ZO-BR,S-ZE-BR,S-ZB-BR,B-ZG-UN,B-ZF-BO,S-ZO-BR,B-ZD-UN,S-ZF-BR,B-ZG-UN,S-ZO-BR,S-ZB-BR,B-ZO-BR,S-ZB-BO,B-ZB-BR,B-ZG-BR
169,2011.03.23 00:00,USDCAD,60,86400,SELL,ZO,0,0.98452,0.97487,965.0,0.98123,0.97458,665.0,68.912,34.09,636.0,227.7,0.98123,0.97487,0.96822,BREAK,2011.04.01 10:00,0,,0,,0,,0,NA,London,BOUNCE,2011.04.04 18:00,NA,,0.99088,UNTOUCHED,,0,,0,,0,,0,NA,Other,NA,,NA,,0.96851,BREAK,2011.03.31 14:00,0,,0,,0,,0,NA,NewYork,BOUNCE,2011.04.04 18:00,NA,,0.98759,UNTOUCHED,,0,,0,,0,,0,NA,Other,NA,,NA,,B-ZB-UN,B-ZH-BR,B-ZO-BR,B-ZF-BO,B-ZO-BR,S-ZG-BO,B-ZO-BR,S-ZE-BR,S-ZB-BR,B-ZG-UN,B-ZD-UN,S-ZF-BR,B-ZG-UN,S-ZO-BR,S-ZB-BR,B-ZO-BR,S-ZB-BO,B-ZB-BR,B-ZG-BR,S-ZF-BR
170,2011.03.24 00:00,USDCAD,60,86400,BUY,ZD,1,0.98123,0.97458,665.0,0.98417,0.97906,511.0,76.842,67.37,217.0,156.9,0.98123,0.97906,0.98634,UNTOUCHED,,0,,0,,0,,0,NA,Other,NA,,NA,,0.97241,BREAK,2011.03.30 09:00,0,,0,,0,,0,NA,London,BREAK,2011.03.30 15:00,BREAK,2011.04.01 15:00,0.98340,UNTOUCHED,,0,,0,,0,,0,NA,Other,NA,,NA,,0.97689,BOUNCE,2011.03.24 12:00,0,,0,,0,,0,NA,London,NA,,NA,,S-ZO-BR,B-ZB-UN,B-ZH-BR,B-ZO-BR,B-ZF-BO,B-ZO-BR,S-ZG-BO,B-ZO-BR,S-ZE-BR,S-ZB-BR,S-ZF-BR,B-ZG-UN,S-ZO-BR,S-ZB-BR,B-ZO-BR,S-ZB-BO,B-ZB-BR,B-ZG-BR,S-ZF-BR,S-ZB-BO
171,2011.03.25 00:00,USDCAD,60,86400,SELL,ZF,1,0.98417,0.97906,511.0,0.98231,0.97307,924.0,180.822,36.40,325.0,120.6,0.98231,0.97906,0.96982,BREAK,2011.03.30 15:00,0,,0,,0,,0,NA,NewYork,BREAK,2011.04.01 15:00,BREAK,2011.04.04 07:00,0.98742,UNTOUCHED,,0,,0,,0,,0,NA,Other,NA,,NA,,0.97581,BREAK,2011.03.25 00:00,0,,0,,0,,0,NA,Asia,BREAK,2011.03.30 13:00,BOUNCE,2011.03.31 17:00,0.98556,UNTOUCHED,,0,,0,,0,,0,NA,Other,NA,,NA,,B-ZD-UN,S-ZO-BR,B-ZB-UN,B-ZH-BR,B-ZO-BR,B-ZF-BO,B-ZO-BR,S-ZG-BO,B-ZO-BR,S-ZE-BR,B-ZG-UN,S-ZO-BR,S-ZB-BR,B-ZO-BR,S-ZB-BO,B-ZB-BR,B-ZG-BR,S-ZF-BR,S-ZB-BO,S-ZE-UN
172,2011.03.26 00:00,USDCAD,60,86400,BUY,ZG,0,0.98231,0.97307,924.0,0.98256,0.97411,845.0,91.450,11.26,820.0,218.1,0.98231,0.97411,0.99076,UNTOUCHED,,0,,0,,0,,0,NA,Other,NA,,NA,,0.96487,BREAK,2011.04.01 15:00,0,,0,,0,,0,NA,NewYork,BREAK,2011.04.08 10:00,BREAK,2011.04.21 14:00,0.99051,UNTOUCHED,,0,,0,,0,,0,NA,Other,NA,,NA,,0.96591,BREAK,2011.04.01 15:00,0,,0,,0,,0,NA,NewYork,BREAK,2011.04.08 08:00,BREAK,2011.04.21 08:00,S-ZF-BR,B-ZD-UN,S-ZO-BR,B-ZB-UN,B-ZH-BR,B-ZO-BR,B-ZF-BO,B-ZO-BR,S-ZG-BO,B-ZO-BR,S-ZO-BR,S-ZB-BR,B-ZO-BR,S-ZB-BO,B-ZB-BR,B-ZG-BR,S-ZF-BR,S-ZB-BO,S-ZE-UN,S-ZE-UN
173,2011.04.01 00:00,USDCAD,60,86400,SELL,ZO,0,0.97519,0.96855,664.0,0.97278,0.96827,451.0,67.922,36.30,423.0,156.7,0.97278,0.96855,0.96404,BREAK,2011.04.01 16:00,0,,0,,0,,0,NA,NewYork,BREAK,2011.04.06 17:00,BREAK,2011.04.08 10:00,0.97942,UNTOUCHED,,0,,0,,0,,0,NA,Other,NA,,NA,,0.96432,BREAK,2011.04.01 16:00,0,,0,,0,,0,NA,NewYork,BREAK,2011.04.06 14:00,BREAK,2011.04.08 10:00,0.97701,UNTOUCHED,,0,,0,,0,,0,NA,Other,NA,,NA,,B-ZG-UN,S-ZF-BR,B-ZD-UN,S-ZO-BR,B-ZB-UN,B-ZH-BR,B-ZO-BR,B-ZF-BO,B-ZO-BR,S-ZG-BO,S-ZB-BR,B-ZO-BR,S-ZB-BO,B-ZB-BR,B-ZG-BR,S-ZF-BR,S-ZB-BO,S-ZE-UN,S-ZE-UN,B-ZH-BR
174,2011.04.02 00:00,USDCAD,60,86400,SELL,ZB,1,0.97278,0.96827,451.0,0.97048,0.96252,796.0,176.497,51.00,221.0,106.4,0.97048,0.96827,0.96031,BREAK,2011.04.06 13:00,0,,0,,0,,0,NA,NewYork,BREAK,2011.04.06 17:00,BREAK,2011.04.08 10:00,0.97499,UNTOUCHED,,0,,0,,0,,0,NA,Other,NA,,NA,,0.96606,BREAK,2011.04.02 00:00,0,,0,,0,,0,NA,Asia,BREAK,2011.04.04 05:00,BOUNCE,2011.04.04 12:00,0.97269,UNTOUCHED,,0,,0,,0,,0,NA,Other,NA,,NA,,S-ZO-BR,B-ZG-UN,S-ZF-BR,B-ZD-UN,S-ZO-BR,B-ZB-UN,B-ZH-BR,B-ZO-BR,B-ZF-BO,B-ZO-BR,B-ZO-BR,S-ZB-BO,B-ZB-BR,B-ZG-BR,S-ZF-BR,S-ZB-BO,S-ZE-UN,S-ZE-UN,B-ZH-BR,B-ZD-BR
175,2011.04.06 00:00,USDCAD,60,86400,BUY,ZO,0,0.96858,0.96151,707.0,0.96922,0.96267,655.0,92.645,16.41,591.0,166.9,0.96858,0.96267,0.97513,BREAK,2011.05.16 13:00,0,,0,,0,,0,NA,NewYork,BOUNCE,2011.05.25 18:00,NA,,0.95560,BREAK,2011.04.08 07:00,0,,0,,0,,0,NA,London,BOUNCE,2011.04.20 21:00,NA,,0.97449,BREAK,2011.05.16 12:00,0,,0,,0,,0,NA,London,BOUNCE,2011.05.25 18:00,NA,,0.95676,BREAK,2011.04.08 05:00,0,,0,,0,,0,NA,Asia,BREAK,2011.04.21 04:00,BOUNCE,2011.05.02 22:00,S-ZB-BR,S-ZO-BR,B-ZG-UN,S-ZF-BR,B-ZD-UN,S-ZO-BR,B-ZB-UN,B-ZH-BR,B-ZO-BR,B-ZF-BO,S-ZB-BO,B-ZB-BR,B-ZG-BR,S-ZF-BR,S-ZB-BO,S-ZE-UN,S-ZE-UN,B-ZH-BR,B-ZD-BR,B-ZB-BR
176,2011.04.09 00:00,USDCAD,60,86400,SELL,ZB,1,0.96233,0.95698,535.0,0.95935,0.95257,678.0,126.729,55.70,237.0,126.3,0.95935,0.95698,0.95020,BOUNCE,2011.04.20 13:00,1,2011.04.20 20:00,1,2011.05.05 12:00,1,2011.05.05 13:00,3,2w 1d,NewYork,NA,,NA,,0.96470,BOUNCE,2011.04.12 18:00,1,2011.04.12 21:00,1,2011.04.20 03:00,1,2011.04.20 13:00,3,1w 0d,NewYork,NA,,NA,,0.95461,BOUNCE,2011.04.11 08:00,1,2011.04.12 06:00,1,2011.04.12 18:00,0,,2,1d 10h,London,NA,,NA,,0.96172,BREAK,2011.04.12 06:00,0,,0,,0,,0,NA,Asia,BOUNCE,2011.04.12 17:00,NA,,B-ZO-BR,S-ZB-BR,S-ZO-BR,B-ZG-UN,S-ZF-BR,B-ZD-UN,S-ZO-BR,B-ZB-UN,B-ZH-BR,B-ZO-BR,B-ZB-BR,B-ZG-BR,S-ZF-BR,S-ZB-BO,S-ZE-UN,S-ZE-UN,B-ZH-BR,B-ZD-BR,B-ZB-BR,S-ZB-BO
177,2011.04.13 00:00,USDCAD,60,86400,BUY,ZB,1,0.95771,0.95421,350.0,0.96556,0.95557,999.0,285.429,38.86,214.0,82.6,0.95771,0.95557,0.96770,BREAK,2011.04.18 17:00,0,,0,,0,,0,NA,NewYork,BREAK,2011.04.18 18:00,BREAK,2011.05.13 19:00,0.95207,BREAK,2011.04.20 11:00,0,,0,,0,,0,NA,London,BOUNCE,2011.04.20 14:00,NA,,0.95985,BREAK,2011.04.13 00:00,0,,0,,0,,0,NA,Asia,BREAK,2011.04.13 02:00,BOUNCE,2011.04.13 17:00,0.95343,BREAK,2011.04.20 09:00,0,,0,,0,,0,NA,London,BREAK,2011.04.20 13:00,BREAK,2011.04.21 04:00,S-ZB-BO,B-ZO-BR,S-ZB-BR,S-ZO-BR,B-ZG-UN,S-ZF-BR,B-ZD-UN,S-ZO-BR,B-ZB-UN,B-ZH-BR,B-ZG-BR,S-ZF-BR,S-ZB-BO,S-ZE-UN,S-ZE-UN,B-ZH-BR,B-ZD-BR,B-ZB-BR,S-ZB-BO,S-ZO-UN
178,2011.04.15 00:00,USDCAD,60,86400,BUY,ZG,0,0.96537,0.95848,689.0,0.96686,0.95944,742.0,107.692,13.93,593.0,162.6,0.96537,0.95944,0.97279,BREAK,2011.05.13 19:00,0,,0,,0,,0,NA,NewYork,BOUNCE,2011.05.17 21:00,NA,,0.95255,BREAK,2011.04.20 10:00,0,,0,,0,,0,NA,London,BOUNCE,2011.04.21 19:00,NA,,0.97130,BOUNCE,2011.04.18 17:00,1,2011.04.20 09:00,1,2011.04.20 10:00,0,,2,1d 17h,NewYork,NA,,NA,,0.95351,BREAK,2011.04.20 09:00,0,,0,,0,,0,NA,London,BREAK,2011.04.21 14:00,UNTOUCHED,,B-ZB-BR,S-ZB-BO,B-ZO-BR,S-ZB-BR,S-ZO-BR,B-ZG-UN,S-ZF-BR,B-ZD-UN,S-ZO-BR,B-ZB-UN,S-ZF-BR,S-ZB-BO,S-ZE-UN,S-ZE-UN,B-ZH-BR,B-ZD-BR,B-ZB-BR,S-ZB-BO,S-ZO-UN,B-ZC-BO
179,2011.04.16 00:00,USDCAD,60,86400,SELL,ZF,0,0.96686,0.95944,742.0,0.96486,0.95908,578.0,77.898,26.95,542.0,175.1,0.96486,0.95944,0.95366,BREAK,2011.04.20 09:00,0,,0,,0,,0,NA,London,BREAK,2011.04.21 13:00,UNTOUCHED,,0.97228,BREAK,2011.05.13 19:00,0,,0,,0,,0,NA,NewYork,BOUNCE,2011.05.17 23:00,NA,,0.95402,BREAK,2011.04.20 04:00,0,,0,,0,,0,NA,Asia,BREAK,2011.04.21 08:00,UNTOUCHED,,0.97028,BREAK,2011.04.18 17:00,0,,0,,0,,0,NA,NewYork,BOUNCE,2011.05.16 18:00,NA,,B-ZG-BR,B-ZB-BR,S-ZB-BO,B-ZO-BR,S-ZB-BR,S-ZO-BR,B-ZG-UN,S-ZF-BR,B-ZD-UN,S-ZO-BR,S-ZB-BO,S-ZE-UN,S-ZE-UN,B-ZH-BR,B-ZD-BR,B-ZB-BR,S-ZB-BO,S-ZO-UN,B-ZC-BO,B-ZG-BO
180,2011.04.20 00:00,USDCAD,60,86400,SELL,ZB,1,0.97206,0.95879,1327.0,0.96661,0.95476,1185.0,89.299,41.07,782.0,313.2,0.96661,0.95879,0.94694,BOUNCE,2011.04.21 08:00,1,2011.05.05 13:00,1,2011.05.16 12:00,1,2011.05.23 16:00,3,4w 4d,London,NA,,NA,,0.97988,BOUNCE,2011.05.23 16:00,0,,0,,0,,0,NA,NewYork,NA,,NA,,0.95097,BREAK,2011.04.20 13:00,0,,0,,0,,0,NA,NewYork,UNTOUCHED,,NA,,0.97443,BREAK,2011.05.16 12:00,0,,0,,0,,0,NA,London,BOUNCE,2011.06.07 13:00,NA,,S-ZF-BR,B-ZG-BR,B-ZB-BR,S-ZB-BO,B-ZO-BR,S-ZB-BR,S-ZO-BR,B-ZG-UN,S-ZF-BR,B-ZD-UN,S-ZE-UN,S-ZE-UN,B-ZH-BR,B-ZD-BR,B-ZB-BR,S-ZB-BO,S-ZO-UN,B-ZC-BO,B-ZG-BO,B-ZH-BR
181,2011.04.22 00:00,USDCAD,60,86400,SELL,ZE,1,0.95629,0.94967,662.0,0.95362,0.94534,828.0,125.076,40.33,395.0,156.2,0.95362,0.94967,0.94139,UNTOUCHED,,0,,0,,0,,0,NA,Other,NA,,NA,,0.96024,BOUNCE,2011.05.04 19:00,1,2011.05.11 11:00,0,,0,,1,6d 16h,NewYork,NA,,NA,,0.94572,BOUNCE,2011.04.29 20:00,1,2011.05.04 17:00,1,2011.05.04 19:00,0,,2,4d 23h,NewYork,NA,,NA,,0.95757,BREAK,2011.05.04 17:00,0,,0,,0,,0,NA,NewYork,BREAK,2011.05.05 13:00,BREAK,2011.05.05 14:00,S-ZB-BO,S-ZF-BR,B-ZG-BR,B-ZB-BR,S-ZB-BO,B-ZO-BR,S-ZB-BR,S-ZO-BR,B-ZG-UN,S-ZF-BR,S-ZE-UN,B-ZH-BR,B-ZD-BR,B-ZB-BR,S-ZB-BO,S-ZO-UN,B-ZC-BO,B-ZG-BO,B-ZH-BR,B-ZE-BO
182,2011.04.29 00:00,USDCAD,60,86400,SELL,ZE,1,0.95751,0.94856,895.0,0.95194,0.94633,561.0,62.682,62.23,338.0,211.2,0.95194,0.94856,0.94295,UNTOUCHED,,0,,0,,0,,0,NA,Other,NA,,NA,,0.96089,BREAK,2011.05.05 12:00,0,,0,,0,,0,NA,London,BREAK,2011.05.05 14:00,BOUNCE,2011.05.05 16:00,0.94518,BOUNCE,2011.04.29 21:00,1,2011.05.04 17:00,1,2011.05.05 12:00,0,,2,5d 15h,Other,NA,,NA,,0.95532,BREAK,2011.05.04 17:00,0,,0,,0,,0,NA,NewYork,BREAK,2011.05.05 12:00,BREAK,2011.05.05 13:00,S-ZE-UN,S-ZB-BO,S-ZF-BR,B-ZG-BR,B-ZB-BR,S-ZB-BO,B-ZO-BR,S-ZB-BR,S-ZO-BR,B-ZG-UN,B-ZH-BR,B-ZD-BR,B-ZB-BR,S-ZB-BO,S-ZO-UN,B-ZC-BO,B-ZG-BO,B-ZH-BR,B-ZE-BO,S-ZD-BO
183,2011.05.04 00:00,USDCAD,60,86400,BUY,ZH,0,0.95176,0.94440,736.0,0.95406,0.94577,829.0,112.636,18.61,599.0,173.7,0.95176,0.94577,0.96005,BREAK,2011.05.04 19:00,0,,0,,0,,0,NA,NewYork,BREAK,2011.05.05 15:00,BREAK,2011.05.13 19:00,0.93841,UNTOUCHED,,0,,0,,0,,0,NA,Other,NA,,NA,,0.95775,BREAK,2011.05.04 17:00,0,,0,,0,,0,NA,NewYork,BREAK,2011.05.05 13:00,BOUNCE,2011.05.06 09:00,0.93978,UNTOUCHED,,0,,0,,0,,0,NA,Other,NA,,NA,,S-ZE-UN,S-ZE-UN,S-ZB-BO,S-ZF-BR,B-ZG-BR,B-ZB-BR,S-ZB-BO,B-ZO-BR,S-ZB-BR,S-ZO-BR,B-ZD-BR,B-ZB-BR,S-ZB-BO,S-ZO-UN,B-ZC-BO,B-ZG-BO,B-ZH-BR,B-ZE-BO,S-ZD-BO,S-ZD-UN
184,2011.05.05 00:00,USDCAD,60,86400,BUY,ZD,1,0.95406,0.94577,829.0,0.96026,0.95039,987.0,119.059,55.73,367.0,195.6,0.95406,0.95039,0.96393,BREAK,2011.05.05 13:00,0,,0,,0,,0,NA,NewYork,BOUNCE,2011.05.05 16:00,NA,,0.94210,UNTOUCHED,,0,,0,,0,,0,NA,Other,NA,,NA,,0.95773,BREAK,2011.05.05 00:00,0,,0,,0,,0,NA,Asia,BREAK,2011.05.05 13:00,BREAK,2011.05.05 14:00,0.94672,UNTOUCHED,,0,,0,,0,,0,NA,Other,NA,,NA,,B-ZH-BR,S-ZE-UN,S-ZE-UN,S-ZB-BO,S-ZF-BR,B-ZG-BR,B-ZB-BR,S-ZB-BO,B-ZO-BR,S-ZB-BR,B-ZB-BR,S-ZB-BO,S-ZO-UN,B-ZC-BO,B-ZG-BO,B-ZH-BR,B-ZE-BO,S-ZD-BO,S-ZD-UN,B-ZB-BO
185,2011.05.06 00:00,USDCAD,60,86400,BUY,ZB,1,0.96026,0.95039,987.0,0.97108,0.95674,1434.0,145.289,64.34,352.0,232.9,0.96026,0.95674,0.97460,BREAK,2011.05.16 13:00,0,,0,,0,,0,NA,NewYork,BOUNCE,2011.05.17 20:00,NA,,0.94687,UNTOUCHED,,0,,0,,0,,0,NA,Other,NA,,NA,,0.96378,BREAK,2011.05.06 00:00,0,,0,,0,,0,NA,Asia,BREAK,2011.05.06 11:00,BOUNCE,2011.05.13 18:00,0.95322,BOUNCE,2011.05.11 11:00,1,2011.05.12 09:00,1,2011.05.12 09:00,0,,2,22h,London,NA,,NA,,B-ZD-BR,B-ZH-BR,S-ZE-UN,S-ZE-UN,S-ZB-BO,S-ZF-BR,B-ZG-BR,B-ZB-BR,S-ZB-BO,B-ZO-BR,S-ZB-BO,S-ZO-UN,B-ZC-BO,B-ZG-BO,B-ZH-BR,B-ZE-BO,S-ZD-BO,S-ZD-UN,B-ZB-BO,S-ZG-BR
186,2011.05.11 00:00,USDCAD,60,86400,SELL,ZB,1,0.96952,0.96037,915.0,0.96528,0.95673,855.0,93.443,46.34,491.0,215.9,0.96528,0.96037,0.95182,BOUNCE,2011.05.11 12:00,1,2011.05.11 19:00,1,2011.05.13 18:00,1,2011.05.16 12:00,3,5d 0h,London,NA,,NA,,0.97443,BREAK,2011.05.16 12:00,0,,0,,0,,0,NA,London,BREAK,2011.05.25 09:00,BOUNCE,2011.06.03 15:00,0.95546,BREAK,2011.05.11 04:00,0,,0,,0,,0,NA,Asia,UNTOUCHED,,NA,,0.97019,BREAK,2011.05.13 18:00,0,,0,,0,,0,NA,NewYork,BOUNCE,2011.05.16 18:00,NA,,B-ZB-BR,B-ZD-BR,B-ZH-BR,S-ZE-UN,S-ZE-UN,S-ZB-BO,S-ZF-BR,B-ZG-BR,B-ZB-BR,S-ZB-BO,S-ZO-UN,B-ZC-BO,B-ZG-BO,B-ZH-BR,B-ZE-BO,S-ZD-BO,S-ZD-UN,B-ZB-BO,S-ZG-BR,S-ZB-BR
187,2011.05.12 00:00,USDCAD,60,86400,SELL,ZO,1,0.96528,0.95673,855.0,0.96376,0.95128,1248.0,145.965,17.78,703.0,201.8,0.96376,0.95673,0.94425,UNTOUCHED,,0,,0,,0,,0,NA,Other,NA,,NA,,0.97231,BREAK,2011.05.13 19:00,0,,0,,0,,0,NA,NewYork,BREAK,2011.05.25 09:00,BREAK,2011.06.16 15:00,0.94970,UNTOUCHED,,0,,0,,0,,0,NA,Other,NA,,NA,,0.97079,BREAK,2011.05.13 18:00,0,,0,,0,,0,NA,NewYork,BOUNCE,2011.05.18 09:00,NA,,S-ZB-BO,B-ZB-BR,B-ZD-BR,B-ZH-BR,S-ZE-UN,S-ZE-UN,S-ZB-BO,S-ZF-BR,B-ZG-BR,B-ZB-BR,B-ZC-BO,B-ZG-BO,B-ZH-BR,B-ZE-BO,S-ZD-BO,S-ZD-UN,B-ZB-BO,S-ZG-BR,S-ZB-BR,B-ZG-BO
188,2011.05.13 00:00,USDCAD,60,86400,BUY,ZC,1,0.96376,0.95128,1248.0,0.96935,0.95983,952.0,76.282,68.51,393.0,294.5,0.96376,0.95983,0.97328,BOUNCE,2011.05.13 19:00,1,2011.05.19 13:00,0,,0,,1,5d 18h,NewYork,NA,,NA,,0.94735,UNTOUCHED,,0,,0,,0,,0,NA,Other,NA,,NA,,0.96769,BREAK,2011.05.13 18:00,0,,0,,0,,0,NA,NewYork,BOUNCE,2011.05.13 21:00,NA,,0.95590,UNTOUCHED,,0,,0,,0,,0,NA,Other,NA,,NA,,S-ZO-UN,S-ZB-BO,B-ZB-BR,B-ZD-BR,B-ZH-BR,S-ZE-UN,S-ZE-UN,S-ZB-BO,S-ZF-BR,B-ZG-BR,B-ZG-BO,B-ZH-BR,B-ZE-BO,S-ZD-BO,S-ZD-UN,B-ZB-BO,S-ZG-BR,S-ZB-BR,B-ZG-BO,B-ZE-BO
189,2011.05.14 00:00,USDCAD,60,86400,BUY,ZG,0,0.96935,0.95983,952.0,0.97428,0.96037,1391.0,146.113,5.67,898.0,224.7,0.96935,0.96037,0.98326,BOUNCE,2011.06.03 15:00,0,,0,,0,,0,NA,NewYork,NA,,NA,,0.95085,UNTOUCHED,,0,,0,,0,,0,NA,Other,NA,,NA,,0.97833,BOUNCE,2011.05.17 18:00,0,,0,,0,,0,NA,NewYork,NA,,NA,,0.95139,UNTOUCHED,,0,,0,,0,,0,NA,Other,NA,,NA,,B-ZC-BO,S-ZO-UN,S-ZB-BO,B-ZB-BR,B-ZD-BR,B-ZH-BR,S-ZE-UN,S-ZE-UN,S-ZB-BO,S-ZF-BR,B-ZH-BR,B-ZE-BO,S-ZD-BO,S-ZD-UN,B-ZB-BO,S-ZG-BR,S-ZB-BR,B-ZG-BO,B-ZE-BO,S-ZF-BR
190,2011.05.17 00:00,USDCAD,60,86400,BUY,ZH,1,0.96869,0.96819,50.0,0.97697,0.96830,867.0,1734.000,22.00,39.0,11.8,0.96869,0.96830,0.97736,BREAK,2011.05.17 15:00,0,,0,,0,,0,NA,NewYork,BREAK,2011.05.17 16:00,BREAK,2011.05.17 18:00,0.96780,BREAK,2011.05.19 05:00,0,,0,,0,,0,NA,Asia,BREAK,2011.05.19 12:00,BREAK,2011.05.19 13:00,0.96908,BREAK,2011.05.17 00:00,0,,0,,0,,0,NA,Asia,BREAK,2011.05.17 01:00,BREAK,2011.05.17 02:00,0.96791,BREAK,2011.05.19 05:00,0,,0,,0,,0,NA,Asia,BREAK,2011.05.19 12:00,BREAK,2011.05.19 13:00,B-ZG-BO,B-ZC-BO,S-ZO-UN,S-ZB-BO,B-ZB-BR,B-ZD-BR,B-ZH-BR,S-ZE-UN,S-ZE-UN,S-ZB-BO,B-ZE-BO,S-ZD-BO,S-ZD-UN,B-ZB-BO,S-ZG-BR,S-ZB-BR,B-ZG-BO,B-ZE-BO,S-ZF-BR,B-ZG-BO
191,2011.05.18 00:00,USDCAD,60,86400,BUY,ZE,1,0.97697,0.96830,867.0,0.97929,0.97162,767.0,88.466,38.29,535.0,204.6,0.97697,0.97162,0.98464,BOUNCE,2011.06.03 15:00,1,2011.06.07 13:00,0,,0,,1,3d 22h,NewYork,NA,,NA,,0.96295,UNTOUCHED,,0,,0,,0,,0,NA,Other,NA,,NA,,0.98232,BREAK,2011.06.03 15:00,0,,0,,0,,0,NA,NewYork,BREAK,2011.06.16 15:00,UNTOUCHED,,0.96627,BREAK,2011.05.19 13:00,0,,0,,0,,0,NA,NewYork,UNTOUCHED,,NA,,B-ZH-BR,B-ZG-BO,B-ZC-BO,S-ZO-UN,S-ZB-BO,B-ZB-BR,B-ZD-BR,B-ZH-BR,S-ZE-UN,S-ZE-UN,S-ZD-BO,S-ZD-UN,B-ZB-BO,S-ZG-BR,S-ZB-BR,B-ZG-BO,B-ZE-BO,S-ZF-BR,B-ZG-BO,S-ZF-BR
192,2011.05.19 00:00,USDCAD,60,86400,SELL,ZD,1,0.97929,0.97162,767.0,0.97587,0.96963,624.0,81.356,44.59,425.0,181.0,0.97587,0.97162,0.96538,BOUNCE,2011.05.19 13:00,1,2011.05.20 16:00,1,2011.05.23 16:00,1,2011.06.03 15:00,3,2w 1d,NewYork,NA,,NA,,0.98354,BOUNCE,2011.06.03 15:00,1,2011.06.07 10:00,1,2011.06.14 20:00,0,,2,1w 4d,NewYork,NA,,NA,,0.96737,BREAK,2011.05.19 12:00,0,,0,,0,,0,NA,London,UNTOUCHED,,NA,,0.98012,BOUNCE,2011.05.23 16:00,1,2011.05.31 16:00,1,2011.05.31 16:00,0,,2,1w 1d,NewYork,NA,,NA,,B-ZE-BO,B-ZH-BR,B-ZG-BO,B-ZC-BO,S-ZO-UN,S-ZB-BO,B-ZB-BR,B-ZD-BR,B-ZH-BR,S-ZE-UN,S-ZD-UN,B-ZB-BO,S-ZG-BR,S-ZB-BR,B-ZG-BO,B-ZE-BO,S-ZF-BR,B-ZG-BO,S-ZF-BR,S-ZO-BR
193,2011.05.20 00:00,USDCAD,60,86400,SELL,ZD,1,0.97587,0.96963,624.0,0.97136,0.96532,604.0,96.795,72.28,173.0,147.3,0.97136,0.96963,0.96359,UNTOUCHED,,0,,0,,0,,0,NA,Other,NA,,NA,,0.97760,BREAK,2011.05.23 09:00,0,,0,,0,,0,NA,London,BOUNCE,2011.05.23 12:00,NA,,0.96790,BREAK,2011.05.20 00:00,0,,0,,0,,0,NA,Asia,BREAK,2011.05.20 11:00,BOUNCE,2011.05.20 13:00,0.97309,BOUNCE,2011.05.20 15:00,1,2011.05.31 16:00,1,2011.05.31 16:00,0,,2,1w 4d,NewYork,NA,,NA,,S-ZD-BO,B-ZE-BO,B-ZH-BR,B-ZG-BO,B-ZC-BO,S-ZO-UN,S-ZB-BO,B-ZB-BR,B-ZD-BR,B-ZH-BR,B-ZB-BO,S-ZG-BR,S-ZB-BR,B-ZG-BO,B-ZE-BO,S-ZF-BR,B-ZG-BO,S-ZF-BR,S-ZO-BR,S-ZB-BR
194,2011.05.24 00:00,USDCAD,60,86400,BUY,ZB,1,0.97714,0.96408,1306.0,0.98096,0.97357,739.0,56.585,72.66,357.0,308.2,0.97714,0.97357,0.98453,BOUNCE,2011.06.03 15:00,1,2011.06.03 18:00,1,2011.06.14 15:00,1,2011.07.01 17:00,3,4w 0d,NewYork,NA,,NA,,0.96051,BOUNCE,2011.07.01 17:00,0,,0,,0,,0,NA,NewYork,NA,,NA,,0.98071,BOUNCE,2011.05.25 08:00,1,2011.05.31 10:00,1,2011.07.01 17:00,0,,2,5w 2d,London,NA,,NA,,0.97000,BREAK,2011.05.31 10:00,0,,0,,0,,0,NA,London,BOUNCE,2011.06.01 15:00,NA,,S-ZD-UN,S-ZD-BO,B-ZE-BO,B-ZH-BR,B-ZG-BO,B-ZC-BO,S-ZO-UN,S-ZB-BO,B-ZB-BR,B-ZD-BR,S-ZG-BR,S-ZB-BR,B-ZG-BO,B-ZE-BO,S-ZF-BR,B-ZG-BO,S-ZF-BR,S-ZO-BR,S-ZB-BR,B-ZC-UN
195,2011.05.28 00:00,USDCAD,60,86400,SELL,ZG,0,0.98156,0.97554,602.0,0.97977,0.97520,457.0,75.914,29.73,423.0,142.1,0.97977,0.97554,0.97097,BREAK,2011.05.31 09:00,0,,0,,0,,0,NA,London,BOUNCE,2011.06.01 16:00,NA,,0.98579,BREAK,2011.06.16 13:00,0,,0,,0,,0,NA,NewYork,BOUNCE,2011.06.27 22:00,NA,,0.97131,BREAK,2011.05.31 09:00,0,,0,,0,,0,NA,London,BREAK,2011.05.31 16:00,BREAK,2011.07.01 09:00,0.98400,BOUNCE,2011.06.03 15:00,1,2011.06.10 14:00,1,2011.06.10 14:00,0,,2,6d 23h,NewYork,NA,,NA,,B-ZB-BO,S-ZD-UN,S-ZD-BO,B-ZE-BO,B-ZH-BR,B-ZG-BO,B-ZC-BO,S-ZO-UN,S-ZB-BO,B-ZB-BR,S-ZB-BR,B-ZG-BO,B-ZE-BO,S-ZF-BR,B-ZG-BO,S-ZF-BR,S-ZO-BR,S-ZB-BR,B-ZC-UN,S-ZD-BR
196,2011.06.01 00:00,USDCAD,60,86400,SELL,ZB,1,0.97862,0.97500,362.0,0.97697,0.96548,1149.0,317.403,45.58,197.0,85.4,0.97697,0.97500,0.96351,BREAK,2011.06.30 17:00,0,,0,,0,,0,NA,NewYork,BOUNCE,2011.07.01 11:00,NA,,0.98059,BOUNCE,2011.06.02 18:00,1,2011.06.02 20:00,1,2011.06.09 18:00,1,2011.06.30 17:00,3,3w 6d,NewYork,NA,,NA,,0.97303,BREAK,2011.06.01 00:00,0,,0,,0,,0,NA,Asia,BREAK,2011.06.01 01:00,BREAK,2011.06.01 02:00,0.97894,BREAK,2011.06.02 08:00,0,,0,,0,,0,NA,London,BREAK,2011.06.03 15:00,BREAK,2011.06.03 16:00,S-ZG-BR,B-ZB-BO,S-ZD-UN,S-ZD-BO,B-ZE-BO,B-ZH-BR,B-ZG-BO,B-ZC-BO,S-ZO-UN,S-ZB-BO,B-ZG-BO,B-ZE-BO,S-ZF-BR,B-ZG-BO,S-ZF-BR,S-ZO-BR,S-ZB-BR,B-ZC-UN,S-ZD-BR,S-ZE-BR
197,2011.06.02 00:00,USDCAD,60,86400,BUY,ZG,0,0.97697,0.96548,1149.0,0.97701,0.96660,1041.0,90.601,9.75,1037.0,271.2,0.97697,0.96660,0.98738,BOUNCE,2011.06.16 14:00,1,2011.06.30 10:00,0,,0,,1,1w 6d,NewYork,NA,,NA,,0.95511,UNTOUCHED,,0,,0,,0,,0,NA,Other,NA,,NA,,0.98734,BOUNCE,2011.06.16 14:00,0,,0,,0,,0,NA,NewYork,NA,,NA,,0.95623,UNTOUCHED,,0,,0,,0,,0,NA,Other,NA,,NA,,S-ZB-BR,S-ZG-BR,B-ZB-BO,S-ZD-UN,S-ZD-BO,B-ZE-BO,B-ZH-BR,B-ZG-BO,B-ZC-BO,S-ZO-UN,B-ZE-BO,S-ZF-BR,B-ZG-BO,S-ZF-BR,S-ZO-BR,S-ZB-BR,B-ZC-UN,S-ZD-BR,S-ZE-BR,B-ZF-BR
198,2011.06.03 00:00,USDCAD,60,86400,BUY,ZE,1,0.97701,0.96660,1041.0,0.98087,0.97443,644.0,61.864,75.22,258.0,245.7,0.97701,0.97443,0.98345,BOUNCE,2011.06.03 15:00,1,2011.06.03 18:00,1,2011.06.10 14:00,1,2011.06.30 17:00,3,3w 6d,NewYork,NA,,NA,,0.96402,BREAK,2011.06.30 17:00,0,,0,,0,,0,NA,NewYork,BOUNCE,2011.07.01 15:00,NA,,0.97959,BREAK,2011.06.03 15:00,0,,0,,0,,0,NA,NewYork,BREAK,2011.06.03 16:00,BREAK,2011.06.16 14:00,0.97185,BOUNCE,2011.06.10 14:00,1,2011.06.10 23:00,1,2011.06.10 23:00,0,,2,9h,NewYork,NA,,NA,,B-ZG-BO,S-ZB-BR,S-ZG-BR,B-ZB-BO,S-ZD-UN,S-ZD-BO,B-ZE-BO,B-ZH-BR,B-ZG-BO,B-ZC-BO,S-ZF-BR,B-ZG-BO,S-ZF-BR,S-ZO-BR,S-ZB-BR,B-ZC-UN,S-ZD-BR,S-ZE-BR,B-ZF-BR,B-ZB-UN
199,2011.06.08 00:00,USDCAD,60,86400,SELL,ZF,1,0.98162,0.97643,519.0,0.98089,0.97306,783.0,150.867,14.07,446.0,122.5,0.98089,0.97643,0.96860,BREAK,2011.06.14 17:00,0,,0,,0,,0,NA,NewYork,BREAK,2011.06.30 17:00,BREAK,2011.07.01 22:00,0.98608,BREAK,2011.06.16 13:00,0,,0,,0,,0,NA,NewYork,BOUNCE,2011.06.27 18:00,NA,,0.97197,BOUNCE,2011.06.10 14:00,1,2011.06.16 13:00,1,2011.06.16 13:00,0,,2,5d 23h,NewYork,NA,,NA,,0.98535,BREAK,2011.06.16 13:00,0,,0,,0,,0,NA,NewYork,BREAK,2011.06.27 03:00,UNTOUCHED,,B-ZE-BO,B-ZG-BO,S-ZB-BR,S-ZG-BR,B-ZB-BO,S-ZD-UN,S-ZD-BO,B-ZE-BO,B-ZH-BR,B-ZG-BO,B-ZG-BO,S-ZF-BR,S-ZO-BR,S-ZB-BR,B-ZC-UN,S-ZD-BR,S-ZE-BR,B-ZF-BR,B-ZB-UN,S-ZD-BR
200,2011.06.09 00:00,USDCAD,60,86400,BUY,ZG,0,0.98089,0.97306,783.0,0.98197,0.97374,823.0,105.109,8.68,715.0,184.8,0.98089,0.97374,0.98912,BOUNCE,2011.06.16 15:00,1,2011.06.21 15:00,1,2011.06.30 10:00,1,2011.06.30 11:00,3,1w 6d,NewYork,NA,,NA,,0.96591,BREAK,2011.06.30 11:00,0,,0,,0,,0,NA,London,BOUNCE,2011.07.06 14:00,NA,,0.98804,BOUNCE,2011.06.16 15:00,1,2011.06.30 10:00,1,2011.06.30 11:00,0,,2,1w 6d,NewYork,NA,,NA,,0.96659,BREAK,2011.06.30 10:00,0,,0,,0,,0,NA,London,BOUNCE,2011.07.06 15:00,NA,,S-ZF-BR,B-ZE-BO,B-ZG-BO,S-ZB-BR,S-ZG-BR,B-ZB-BO,S-ZD-UN,S-ZD-BO,B-ZE-BO,B-ZH-BR,S-ZF-BR,S-ZO-BR,S-ZB-BR,B-ZC-UN,S-ZD-BR,S-ZE-BR,B-ZF-BR,B-ZB-UN,S-ZD-BR,S-ZD-BO
201,2011.06.10 00:00,USDCAD,60,86400,SELL,ZF,0,0.98197,0.97374,823.0,0.98119,0.97229,890.0,108.141,9.48,745.0,194.2,0.98119,0.97374,0.96484,BREAK,2011.06.30 15:00,0,,0,,0,,0,NA,NewYork,BOUNCE,2011.07.08 15:00,NA,,0.98942,BOUNCE,2011.06.16 15:00,1,2011.06.21 15:00,1,2011.06.30 11:00,1,2011.06.30 15:00,3,2w 0d,NewYork,NA,,NA,,0.96629,BREAK,2011.06.30 11:00,0,,0,,0,,0,NA,London,BOUNCE,2011.07.06 14:00,NA,,0.98864,BOUNCE,2011.06.16 15:00,1,2011.06.30 11:00,1,2011.06.30 11:00,0,,2,1w 6d,NewYork,NA,,NA,,B-ZG-BO,S-ZF-BR,B-ZE-BO,B-ZG-BO,S-ZB-BR,S-ZG-BR,B-ZB-BO,S-ZD-UN,S-ZD-BO,B-ZE-BO,S-ZO-BR,S-ZB-BR,B-ZC-UN,S-ZD-BR,S-ZE-BR,B-ZF-BR,B-ZB-UN,S-ZD-BR,S-ZD-BO,B-ZF-BR
202,2011.06.11 00:00,USDCAD,60,86400,SELL,ZO,0,0.98119,0.97229,890.0,0.97977,0.97125,852.0,95.730,15.96,748.0,210.0,0.97977,0.97229,0.96377,BREAK,2011.06.30 17:00,0,,0,,0,,0,NA,NewYork,BREAK,2011.07.15 18:00,BREAK,2011.07.20 13:00,0.98867,BOUNCE,2011.06.16 15:00,1,2011.06.21 17:00,1,2011.06.30 15:00,1,2011.06.30 17:00,3,2w 0d,NewYork,NA,,NA,,0.96481,BREAK,2011.06.30 15:00,0,,0,,0,,0,NA,NewYork,BOUNCE,2011.07.08 15:00,NA,,0.98725,BREAK,2011.06.16 14:00,0,,0,,0,,0,NA,NewYork,UNTOUCHED,,NA,,S-ZF-BR,B-ZG-BO,S-ZF-BR,B-ZE-BO,B-ZG-BO,S-ZB-BR,S-ZG-BR,B-ZB-BO,S-ZD-UN,S-ZD-BO,S-ZB-BR,B-ZC-UN,S-ZD-BR,S-ZE-BR,B-ZF-BR,B-ZB-UN,S-ZD-BR,S-ZD-BO,B-ZF-BR,B-ZB-BO
203,2011.06.15 00:00,USDCAD,60,86400,SELL,ZB,1,0.97974,0.97505,469.0,0.97706,0.96730,976.0,208.102,57.14,201.0,110.7,0.97706,0.97505,0.96529,BREAK,2011.06.30 12:00,0,,0,,0,,0,NA,London,BREAK,2011.07.01 08:00,BOUNCE,2011.07.01 10:00,0.98175,BOUNCE,2011.06.15 19:00,1,2011.06.16 03:00,1,2011.06.21 17:00,1,2011.06.30 12:00,3,2w 0d,NewYork,NA,,NA,,0.97304,BREAK,2011.06.15 00:00,0,,0,,0,,0,NA,Asia,BREAK,2011.06.15 01:00,BREAK,2011.06.15 10:00,0.97907,BREAK,2011.06.15 19:00,0,,0,,0,,0,NA,NewYork,BREAK,2011.06.15 20:00,BREAK,2011.06.16 13:00,S-ZO-BR,S-ZF-BR,B-ZG-BO,S-ZF-BR,B-ZE-BO,B-ZG-BO,S-ZB-BR,S-ZG-BR,B-ZB-BO,S-ZD-UN,B-ZC-UN,S-ZD-BR,S-ZE-BR,B-ZF-BR,B-ZB-UN,S-ZD-BR,S-ZD-BO,B-ZF-BR,B-ZB-BO,S-ZF-BR
204,2011.06.17 00:00,USDCAD,60,86400,BUY,ZC,1,0.98279,0.96694,1585.0,0.98977,0.97711,1266.0,79.874,64.16,568.0,374.1,0.98279,0.97711,0.99545,UNTOUCHED,,0,,0,,0,,0,NA,Other,NA,,NA,,0.96126,BOUNCE,2011.07.01 09:00,1,2011.07.12 09:00,0,,0,,1,1w 4d,London,NA,,NA,,0.98847,BOUNCE,2011.06.24 22:00,1,2011.06.29 15:00,1,2011.07.01 09:00,0,,2,6d 11h,Other,NA,,NA,,0.97143,BOUNCE,2011.06.21 17:00,1,2011.06.24 22:00,1,2011.06.24 22:00,0,,2,3d 5h,NewYork,NA,,NA,,S-ZB-BR,S-ZO-BR,S-ZF-BR,B-ZG-BO,S-ZF-BR,B-ZE-BO,B-ZG-BO,S-ZB-BR,S-ZG-BR,B-ZB-BO,S-ZD-BR,S-ZE-BR,B-ZF-BR,B-ZB-UN,S-ZD-BR,S-ZD-BO,B-ZF-BR,B-ZB-BO,S-ZF-BR,S-ZO-BR
205,2011.06.22 00:00,USDCAD,60,86400,SELL,ZD,1,0.98485,0.97807,678.0,0.98040,0.97104,936.0,138.053,65.63,233.0,160.0,0.98040,0.97807,0.96871,BREAK,2011.06.30 02:00,0,,0,,0,,0,NA,Asia,BREAK,2011.06.30 15:00,BREAK,2011.06.30 17:00,0.98718,BREAK,2011.06.24 20:00,0,,0,,0,,0,NA,NewYork,BREAK,2011.06.27 07:00,UNTOUCHED,,0.97574,BREAK,2011.06.22 00:00,0,,0,,0,,0,NA,Asia,BREAK,2011.06.22 02:00,BOUNCE,2011.06.22 12:00,0.98273,BREAK,2011.06.24 17:00,0,,0,,0,,0,NA,NewYork,BREAK,2011.06.24 19:00,BOUNCE,2011.06.24 20:00,B-ZC-UN,S-ZB-BR,S-ZO-BR,S-ZF-BR,B-ZG-BO,S-ZF-BR,B-ZE-BO,B-ZG-BO,S-ZB-BR,S-ZG-BR,S-ZE-BR,B-ZF-BR,B-ZB-UN,S-ZD-BR,S-ZD-BO,B-ZF-BR,B-ZB-BO,S-ZF-BR,S-ZO-BR,B-ZO-BO
206,2011.06.23 00:00,USDCAD,60,86400,SELL,ZE,1,0.98040,0.97104,936.0,0.97530,0.97006,524.0,55.983,54.49,426.0,220.9,0.97530,0.97104,0.96580,BREAK,2011.06.30 11:00,0,,0,,0,,0,NA,London,BREAK,2011.07.01 21:00,BOUNCE,2011.07.07 15:00,0.98466,BREAK,2011.06.24 17:00,0,,0,,0,,0,NA,NewYork,BREAK,2011.06.27 07:00,UNTOUCHED,,0.96678,BREAK,2011.06.30 02:00,0,,0,,0,,0,NA,Asia,BREAK,2011.07.01 17:00,BOUNCE,2011.07.05 10:00,0.97956,BOUNCE,2011.06.23 15:00,1,2011.06.30 02:00,1,2011.06.30 02:00,0,,2,6d 11h,NewYork,NA,,NA,,S-ZD-BR,B-ZC-UN,S-ZB-BR,S-ZO-BR,S-ZF-BR,B-ZG-BO,S-ZF-BR,B-ZE-BO,B-ZG-BO,S-ZB-BR,B-ZF-BR,B-ZB-UN,S-ZD-BR,S-ZD-BO,B-ZF-BR,B-ZB-BO,S-ZF-BR,S-ZO-BR,B-ZO-BO,S-ZB-BO
207,2011.06.24 00:00,USDCAD,60,86400,BUY,ZF,1,0.97530,0.97006,524.0,0.98226,0.97126,1100.0,209.924,22.90,404.0,123.7,0.97530,0.97126,0.98630,BREAK,2011.06.24 19:00,0,,0,,0,,0,NA,NewYork,BOUNCE,2011.06.27 17:00,NA,,0.96602,BREAK,2011.06.30 11:00,0,,0,,0,,0,NA,London,BREAK,2011.07.01 17:00,BOUNCE,2011.07.05 09:00,0.97934,BREAK,2011.06.24 09:00,0,,0,,0,,0,NA,London,BREAK,2011.06.24 17:00,BREAK,2011.06.27 01:00,0.96722,BREAK,2011.06.30 02:00,0,,0,,0,,0,NA,Asia,BREAK,2011.07.01 08:00,BREAK,2011.07.04 02:00,S-ZE-BR,S-ZD-BR,B-ZC-UN,S-ZB-BR,S-ZO-BR,S-ZF-BR,B-ZG-BO,S-ZF-BR,B-ZE-BO,B-ZG-BO,B-ZB-UN,S-ZD-BR,S-ZD-BO,B-ZF-BR,B-ZB-BO,S-ZF-BR,S-ZO-BR,B-ZO-BO,S-ZB-BO,S-ZE-BR
208,2011.06.25 00:00,USDCAD,60,86400,BUY,ZB,1,0.98226,0.97126,1100.0,0.98857,0.97696,1161.0,105.545,51.82,530.0,259.6,0.98226,0.97696,0.99387,UNTOUCHED,,0,,0,,0,,0,NA,Other,NA,,NA,,0.96596,BREAK,2011.06.30 11:00,0,,0,,0,,0,NA,London,BREAK,2011.07.01 23:00,BOUNCE,2011.07.14 20:00,0.98756,BREAK,2011.06.25 00:00,0,,0,,0,,0,NA,Asia,UNTOUCHED,,NA,,0.97166,BREAK,2011.06.29 15:00,0,,0,,0,,0,NA,NewYork,BREAK,2011.06.30 17:00,BREAK,2011.07.01 22:00,B-ZF-BR,S-ZE-BR,S-ZD-BR,B-ZC-UN,S-ZB-BR,S-ZO-BR,S-ZF-BR,B-ZG-BO,S-ZF-BR,B-ZE-BO,S-ZD-BR,S-ZD-BO,B-ZF-BR,B-ZB-BO,S-ZF-BR,S-ZO-BR,B-ZO-BO,S-ZB-BO,S-ZE-BR,S-ZF-BO
209,2011.06.29 00:00,USDCAD,60,86400,SELL,ZD,1,0.99123,0.98578,545.0,0.98838,0.98102,736.0,135.046,52.29,260.0,128.6,0.98838,0.98578,0.97842,BREAK,2011.06.29 09:00,0,,0,,0,,0,NA,London,BREAK,2011.06.29 14:00,BREAK,2011.06.29 15:00,0.99383,BOUNCE,2011.08.08 23:00,0,,0,,0,,0,NA,Other,NA,,NA,,0.98318,BREAK,2011.06.29 00:00,0,,0,,0,,0,NA,Asia,BREAK,2011.06.29 08:00,BREAK,2011.06.29 13:00,0.99098,BREAK,2011.08.08 17:00,0,,0,,0,,0,NA,NewYork,BOUNCE,2011.08.08 23:00,NA,,B-ZB-UN,B-ZF-BR,S-ZE-BR,S-ZD-BR,B-ZC-UN,S-ZB-BR,S-ZO-BR,S-ZF-BR,B-ZG-BO,S-ZF-BR,S-ZD-BO,B-ZF-BR,B-ZB-BO,S-ZF-BR,S-ZO-BR,B-ZO-BO,S-ZB-BO,S-ZE-BR,S-ZF-BO,S-ZB-BO
210,2011.07.02 00:00,USDCAD,60,86400,SELL,ZD,1,0.97008,0.96242,766.0,0.96498,0.95796,702.0,91.645,66.58,256.0,180.8,0.96498,0.96242,0.95540,BOUNCE,2011.07.14 15:00,1,2011.07.14 20:00,1,2011.08.04 11:00,1,2011.08.04 13:00,3,2w 6d,NewYork,NA,,NA,,0.97264,BREAK,2011.07.12 09:00,0,,0,,0,,0,NA,London,BREAK,2011.07.12 11:00,BOUNCE,2011.08.04 20:00,0.95986,BREAK,2011.07.02 00:00,0,,0,,0,,0,NA,Asia,BOUNCE,2011.07.07 15:00,NA,,0.96754,BREAK,2011.07.06 17:00,0,,0,,0,,0,NA,NewYork,BREAK,2011.07.12 05:00,BREAK,2011.07.12 10:00,S-ZD-BR,B-ZB-UN,B-ZF-BR,S-ZE-BR,S-ZD-BR,B-ZC-UN,S-ZB-BR,S-ZO-BR,S-ZF-BR,B-ZG-BO,B-ZF-BR,B-ZB-BO,S-ZF-BR,S-ZO-BR,B-ZO-BO,S-ZB-BO,S-ZE-BR,S-ZF-BO,S-ZB-BO,S-ZH-UN
211,2011.07.06 00:00,USDCAD,60,86400,BUY,ZF,0,0.96173,0.95789,384.0,0.96407,0.95923,484.0,126.042,34.90,250.0,90.6,0.96173,0.95923,0.96657,BREAK,2011.07.06 15:00,0,,0,,0,,0,NA,NewYork,BOUNCE,2011.07.11 14:00,NA,,0.95539,BOUNCE,2011.07.14 15:00,1,2011.07.14 20:00,1,2011.08.03 17:00,1,2011.08.04 09:00,3,2w 6d,NewYork,NA,,NA,,0.96423,BREAK,2011.07.06 10:00,0,,0,,0,,0,NA,London,BREAK,2011.07.06 17:00,BOUNCE,2011.07.11 16:00,0.95673,BOUNCE,2011.07.08 14:00,1,2011.07.08 15:00,1,2011.07.08 15:00,0,,2,1h,NewYork,NA,,NA,,S-ZD-BO,S-ZD-BR,B-ZB-UN,B-ZF-BR,S-ZE-BR,S-ZD-BR,B-ZC-UN,S-ZB-BR,S-ZO-BR,S-ZF-BR,B-ZB-BO,S-ZF-BR,S-ZO-BR,B-ZO-BO,S-ZB-BO,S-ZE-BR,S-ZF-BO,S-ZB-BO,S-ZH-UN,B-ZG-BR
212,2011.07.07 00:00,USDCAD,60,86400,BUY,ZB,1,0.96407,0.95923,484.0,0.96940,0.96132,808.0,166.942,43.18,275.0,114.2,0.96407,0.96132,0.97215,BOUNCE,2011.07.12 05:00,1,2011.07.12 18:00,1,2011.07.13 17:00,1,2011.07.14 01:00,3,1d 20h,Asia,NA,,NA,,0.95648,BOUNCE,2011.07.14 01:00,1,2011.07.15 10:00,1,2011.08.04 09:00,1,2011.08.04 12:00,3,3w 0d,Asia,NA,,NA,,0.96682,BREAK,2011.07.11 14:00,0,,0,,0,,0,NA,NewYork,BREAK,2011.07.12 05:00,BREAK,2011.07.12 09:00,0.95857,BREAK,2011.07.07 15:00,0,,0,,0,,0,NA,NewYork,BOUNCE,2011.07.14 17:00,NA,,B-ZF-BR,S-ZD-BO,S-ZD-BR,B-ZB-UN,B-ZF-BR,S-ZE-BR,S-ZD-BR,B-ZC-UN,S-ZB-BR,S-ZO-BR,S-ZF-BR,S-ZO-BR,B-ZO-BO,S-ZB-BO,S-ZE-BR,S-ZF-BO,S-ZB-BO,S-ZH-UN,B-ZG-BR,S-ZC-UN
213,2011.07.08 00:00,USDCAD,60,86400,SELL,ZF,0,0.96940,0.96132,808.0,0.96660,0.95684,976.0,120.792,34.65,528.0,190.7,0.96660,0.96132,0.95156,BREAK,2011.07.19 16:00,0,,0,,0,,0,NA,NewYork,BREAK,2011.07.21 15:00,BOUNCE,2011.07.27 17:00,0.97468,BREAK,2011.07.12 10:00,0,,0,,0,,0,NA,London,BREAK,2011.08.05 09:00,BOUNCE,2011.08.08 04:00,0.95604,BOUNCE,2011.07.14 02:00,1,2011.08.04 12:00,1,2011.08.04 17:00,0,,2,3w 0d,Asia,NA,,NA,,0.97188,BREAK,2011.07.12 05:00,0,,0,,0,,0,NA,Asia,BOUNCE,2011.07.12 12:00,NA,,B-ZB-BO,B-ZF-BR,S-ZD-BO,S-ZD-BR,B-ZB-UN,B-ZF-BR,S-ZE-BR,S-ZD-BR,B-ZC-UN,S-ZB-BR,S-ZO-BR,B-ZO-BO,S-ZB-BO,S-ZE-BR,S-ZF-BO,S-ZB-BO,S-ZH-UN,B-ZG-BR,S-ZC-UN,B-ZF-BR
214,2011.07.09 00:00,USDCAD,60,86400,SELL,ZO,0,0.96660,0.95684,976.0,0.96639,0.95668,971.0,99.488,2.15,955.0,230.3,0.96639,0.95684,0.94713,BREAK,2011.07.20 13:00,0,,0,,0,,0,NA,NewYork,UNTOUCHED,,NA,,0.97615,BOUNCE,2011.07.12 10:00,1,2011.07.14 00:00,1,2011.07.20 12:00,1,2011.07.20 13:00,3,1w 1d,London,NA,,NA,,0.94729,BREAK,2011.07.20 12:00,0,,0,,0,,0,NA,London,UNTOUCHED,,NA,,0.97594,BOUNCE,2011.07.12 10:00,1,2011.07.20 12:00,1,2011.07.20 12:00,0,,2,1w 1d,London,NA,,NA,,S-ZF-BR,B-ZB-BO,B-ZF-BR,S-ZD-BO,S-ZD-BR,B-ZB-UN,B-ZF-BR,S-ZE-BR,S-ZD-BR,B-ZC-UN,B-ZO-BO,S-ZB-BO,S-ZE-BR,S-ZF-BO,S-ZB-BO,S-ZH-UN,B-ZG-BR,S-ZC-UN,B-ZF-BR,B-ZC-BO
215,2011.07.13 00:00,USDCAD,60,86400,BUY,ZO,1,0.96952,0.96142,810.0,0.97771,0.96248,1523.0,188.025,13.09,704.0,191.2,0.96952,0.96248,0.98475,BOUNCE,2011.08.05 18:00,0,,0,,0,,0,NA,NewYork,NA,,NA,,0.95438,BREAK,2011.07.15 18:00,0,,0,,0,,0,NA,NewYork,BREAK,2011.07.21 07:00,UNTOUCHED,,0.97656,BREAK,2011.08.04 18:00,0,,0,,0,,0,NA,NewYork,BOUNCE,2011.08.05 20:00,NA,,0.95544,BREAK,2011.07.14 15:00,0,,0,,0,,0,NA,NewYork,BREAK,2011.07.20 14:00,BOUNCE,2011.07.27 18:00,S-ZO-BR,S-ZF-BR,B-ZB-BO,B-ZF-BR,S-ZD-BO,S-ZD-BR,B-ZB-UN,B-ZF-BR,S-ZE-BR,S-ZD-BR,S-ZB-BO,S-ZE-BR,S-ZF-BO,S-ZB-BO,S-ZH-UN,B-ZG-BR,S-ZC-UN,B-ZF-BR,B-ZC-BO,B-ZB-BO
216,2011.07.14 00:00,USDCAD,60,86400,SELL,ZB,1,0.97771,0.96248,1523.0,0.96663,0.95777,886.0,58.175,72.75,415.0,359.4,0.96663,0.96248,0.95362,BOUNCE,2011.07.15 19:00,1,2011.07.18 17:00,1,2011.08.04 12:00,1,2011.08.05 09:00,3,2w 6d,NewYork,NA,,NA,,0.98186,BOUNCE,2011.08.05 09:00,0,,0,,0,,0,NA,London,NA,,NA,,0.95833,BREAK,2011.07.14 00:00,0,,0,,0,,0,NA,Asia,BOUNCE,2011.07.18 09:00,NA,,0.97078,BREAK,2011.08.04 12:00,0,,0,,0,,0,NA,London,BOUNCE,2011.08.04 17:00,NA,,B-ZO-BO,S-ZO-BR,S-ZF-BR,B-ZB-BO,B-ZF-BR,S-ZD-BO,S-ZD-BR,B-ZB-UN,B-ZF-BR,S-ZE-BR,S-ZE-BR,S-ZF-BO,S-ZB-BO,S-ZH-UN,B-ZG-BR,S-ZC-UN,B-ZF-BR,B-ZC-BO,B-ZB-BO,B-ZB-BR
217,2011.07.15 00:00,USDCAD,60,86400,SELL,ZE,1,0.96663,0.95777,886.0,0.96156,0.95486,670.0,75.621,57.22,379.0,209.1,0.96156,0.95777,0.95107,BREAK,2011.07.19 16:00,0,,0,,0,,0,NA,NewYork,BREAK,2011.07.21 07:00,BOUNCE,2011.07.22 14:00,0.97042,BREAK,2011.08.04 12:00,0,,0,,0,,0,NA,London,BREAK,2011.08.04 18:00,BREAK,2011.08.04 23:00,0.95398,BOUNCE,2011.07.15 18:00,1,2011.08.04 08:00,1,2011.08.04 12:00,0,,2,2w 5d,NewYork,NA,,NA,,0.96535,BREAK,2011.08.04 08:00,0,,0,,0,,0,NA,London,BREAK,2011.08.04 12:00,BOUNCE,2011.08.04 16:00,S-ZB-BO,B-ZO-BO,S-ZO-BR,S-ZF-BR,B-ZB-BO,B-ZF-BR,S-ZD-BO,S-ZD-BR,B-ZB-UN,B-ZF-BR,S-ZF-BO,S-ZB-BO,S-ZH-UN,B-ZG-BR,S-ZC-UN,B-ZF-BR,B-ZC-BO,B-ZB-BO,B-ZB-BR,B-ZH-BR
218,2011.07.20 00:00,USDCAD,60,86400,SELL,ZF,0,0.96352,0.95368,984.0,0.96012,0.94820,1192.0,121.138,34.55,644.0,232.2,0.96012,0.95368,0.94176,BOUNCE,2011.07.26 14:00,1,2011.07.29 15:00,1,2011.08.04 09:00,1,2011.08.04 12:00,3,1w 1d,NewYork,NA,,NA,,0.96996,BREAK,2011.08.04 12:00,0,,0,,0,,0,NA,London,BREAK,2011.08.04 20:00,BOUNCE,2011.08.05 15:00,0.94724,BREAK,2011.07.20 12:00,0,,0,,0,,0,NA,London,BOUNCE,2011.07.27 17:00,NA,,0.96656,BREAK,2011.08.04 09:00,0,,0,,0,,0,NA,London,BREAK,2011.08.04 18:00,BREAK,2011.08.05 09:00,S-ZE-BR,S-ZB-BO,B-ZO-BO,S-ZO-BR,S-ZF-BR,B-ZB-BO,B-ZF-BR,S-ZD-BO,S-ZD-BR,B-ZB-UN,S-ZB-BO,S-ZH-UN,B-ZG-BR,S-ZC-UN,B-ZF-BR,B-ZC-BO,B-ZB-BO,B-ZB-BR,B-ZH-BR,B-ZB-BO
219,2011.07.21 00:00,USDCAD,60,86400,SELL,ZB,1,0.96012,0.94820,1192.0,0.95125,0.94570,555.0,46.560,74.41,305.0,281.3,0.95125,0.94820,0.94265,BOUNCE,2011.07.21 15:00,1,2011.07.22 14:00,1,2011.07.29 15:00,1,2011.08.03 09:00,3,1w 5d,NewYork,NA,,NA,,0.96317,BOUNCE,2011.08.03 09:00,1,2011.08.03 13:00,0,,0,,1,4h,London,NA,,NA,,0.94515,BOUNCE,2011.07.21 07:00,1,2011.07.29 15:00,1,2011.08.03 09:00,0,,2,1w 6d,London,NA,,NA,,0.95430,BREAK,2011.07.29 15:00,0,,0,,0,,0,NA,NewYork,BOUNCE,2011.07.29 17:00,NA,,S-ZF-BO,S-ZE-BR,S-ZB-BO,B-ZO-BO,S-ZO-BR,S-ZF-BR,B-ZB-BO,B-ZF-BR,S-ZD-BO,S-ZD-BR,S-ZH-UN,B-ZG-BR,S-ZC-UN,B-ZF-BR,B-ZC-BO,B-ZB-BO,B-ZB-BR,B-ZH-BR,B-ZB-BO,B-ZD-BR
220,2011.07.22 00:00,USDCAD,60,86400,SELL,ZH,0,0.95125,0.94570,555.0,0.94931,0.94230,701.0,126.306,34.95,361.0,131.0,0.94931,0.94570,0.93869,UNTOUCHED,,0,,0,,0,,0,NA,Other,NA,,NA,,0.95486,BREAK,2011.07.29 15:00,0,,0,,0,,0,NA,NewYork,BOUNCE,2011.07.29 17:00,NA,,0.94209,BREAK,2011.07.26 13:00,0,,0,,0,,0,NA,NewYork,UNTOUCHED,,NA,,0.95292,BREAK,2011.07.29 15:00,0,,0,,0,,0,NA,NewYork,BREAK,2011.07.29 16:00,BOUNCE,2011.08.01 21:00,S-ZB-BO,S-ZF-BO,S-ZE-BR,S-ZB-BO,B-ZO-BO,S-ZO-BR,S-ZF-BR,B-ZB-BO,B-ZF-BR,S-ZD-BO,B-ZG-BR,S-ZC-UN,B-ZF-BR,B-ZC-BO,B-ZB-BO,B-ZB-BR,B-ZH-BR,B-ZB-BO,B-ZD-BR,S-ZO-UN
221,2011.07.23 00:00,USDCAD,60,86400,BUY,ZG,0,0.94931,0.94230,701.0,0.95289,0.94260,1029.0,146.790,4.28,671.0,165.4,0.94931,0.94260,0.95960,BREAK,2011.08.01 17:00,0,,0,,0,,0,NA,NewYork,BREAK,2011.08.04 11:00,BREAK,2011.08.04 17:00,0.93559,UNTOUCHED,,0,,0,,0,,0,NA,Other,NA,,NA,,0.95602,BREAK,2011.07.29 15:00,0,,0,,0,,0,NA,NewYork,BREAK,2011.08.03 17:00,BREAK,2011.08.04 12:00,0.93589,UNTOUCHED,,0,,0,,0,,0,NA,Other,NA,,NA,,S-ZH-UN,S-ZB-BO,S-ZF-BO,S-ZE-BR,S-ZB-BO,B-ZO-BO,S-ZO-BR,S-ZF-BR,B-ZB-BO,B-ZF-BR,S-ZC-UN,B-ZF-BR,B-ZC-BO,B-ZB-BO,B-ZB-BR,B-ZH-BR,B-ZB-BO,B-ZD-BR,S-ZO-UN,B-ZE-BR
222,2011.07.27 00:00,USDCAD,60,86400,SELL,ZC,1,0.95246,0.94344,902.0,0.94742,0.94062,680.0,75.388,55.88,398.0,212.9,0.94742,0.94344,0.93664,UNTOUCHED,,0,,0,,0,,0,NA,Other,NA,,NA,,0.95644,BREAK,2011.07.29 15:00,0,,0,,0,,0,NA,NewYork,BREAK,2011.08.03 04:00,BOUNCE,2011.08.03 17:00,0.93946,UNTOUCHED,,0,,0,,0,,0,NA,Other,NA,,NA,,0.95140,BREAK,2011.07.28 22:00,0,,0,,0,,0,NA,Other,BREAK,2011.07.29 16:00,BOUNCE,2011.08.01 17:00,B-ZG-BR,S-ZH-UN,S-ZB-BO,S-ZF-BO,S-ZE-BR,S-ZB-BO,B-ZO-BO,S-ZO-BR,S-ZF-BR,B-ZB-BO,B-ZF-BR,B-ZC-BO,B-ZB-BO,B-ZB-BR,B-ZH-BR,B-ZB-BO,B-ZD-BR,S-ZO-UN,B-ZE-BR,S-ZE-BR
223,2011.07.28 00:00,USDCAD,60,86400,BUY,ZF,0,0.94742,0.94062,680.0,0.95048,0.94091,957.0,140.735,4.26,651.0,160.5,0.94742,0.94091,0.95699,BREAK,2011.07.29 15:00,0,,0,,0,,0,NA,NewYork,BREAK,2011.08.04 08:00,BREAK,2011.08.04 12:00,0.93411,UNTOUCHED,,0,,0,,0,,0,NA,Other,NA,,NA,,0.95393,BREAK,2011.07.29 15:00,0,,0,,0,,0,NA,NewYork,BREAK,2011.08.03 04:00,BREAK,2011.08.04 12:00,0.93440,UNTOUCHED,,0,,0,,0,,0,NA,Other,NA,,NA,,S-ZC-UN,B-ZG-BR,S-ZH-UN,S-ZB-BO,S-ZF-BO,S-ZE-BR,S-ZB-BO,B-ZO-BO,S-ZO-BR,S-ZF-BR,B-ZC-BO,B-ZB-BO,B-ZB-BR,B-ZH-BR,B-ZB-BO,B-ZD-BR,S-ZO-UN,B-ZE-BR,S-ZE-BR,S-ZF-UN
224,2011.07.29 00:00,USDCAD,60,86400,BUY,ZC,1,0.95048,0.94091,957.0,0.95219,0.94573,646.0,67.503,50.37,475.0,225.9,0.95048,0.94573,0.95694,BOUNCE,2011.07.29 15:00,0,,0,,0,,0,NA,NewYork,NA,,NA,,0.93616,UNTOUCHED,,0,,0,,0,,0,NA,Other,NA,,NA,,0.95523,BREAK,2011.07.29 15:00,0,,0,,0,,0,NA,NewYork,BOUNCE,2011.08.01 17:00,NA,,0.94098,UNTOUCHED,,0,,0,,0,,0,NA,Other,NA,,NA,,B-ZF-BR,S-ZC-UN,B-ZG-BR,S-ZH-UN,S-ZB-BO,S-ZF-BO,S-ZE-BR,S-ZB-BO,B-ZO-BO,S-ZO-BR,B-ZB-BO,B-ZB-BR,B-ZH-BR,B-ZB-BO,B-ZD-BR,S-ZO-UN,B-ZE-BR,S-ZE-BR,S-ZF-UN,S-ZO-UN
225,2011.07.30 00:00,USDCAD,60,86400,BUY,ZB,1,0.95219,0.94573,646.0,0.95897,0.94848,1049.0,162.384,42.57,371.0,152.5,0.95219,0.94848,0.96268,BOUNCE,2011.08.03 09:00,0,,0,,0,,0,NA,London,NA,,NA,,0.94202,UNTOUCHED,,0,,0,,0,,0,NA,Other,NA,,NA,,0.95590,BREAK,2011.08.01 17:00,0,,0,,0,,0,NA,NewYork,BOUNCE,2011.08.01 22:00,NA,,0.94477,UNTOUCHED,,0,,0,,0,,0,NA,Other,NA,,NA,,B-ZC-BO,B-ZF-BR,S-ZC-UN,B-ZG-BR,S-ZH-UN,S-ZB-BO,S-ZF-BO,S-ZE-BR,S-ZB-BO,B-ZO-BO,B-ZB-BR,B-ZH-BR,B-ZB-BO,B-ZD-BR,S-ZO-UN,B-ZE-BR,S-ZE-BR,S-ZF-UN,S-ZO-UN,S-ZG-UN
226,2011.08.03 00:00,USDCAD,60,86400,BUY,ZB,1,0.96042,0.94913,1129.0,0.96170,0.95473,697.0,61.736,49.60,569.0,266.4,0.96042,0.95473,0.96739,BREAK,2011.08.04 11:00,0,,0,,0,,0,NA,London,BREAK,2011.08.04 18:00,BREAK,2011.08.04 23:00,0.94344,UNTOUCHED,,0,,0,,0,,0,NA,Other,NA,,NA,,0.96611,BREAK,2011.08.04 08:00,0,,0,,0,,0,NA,London,BREAK,2011.08.04 13:00,BREAK,2011.08.04 23:00,0.94904,UNTOUCHED,,0,,0,,0,,0,NA,Other,NA,,NA,,B-ZB-BO,B-ZC-BO,B-ZF-BR,S-ZC-UN,B-ZG-BR,S-ZH-UN,S-ZB-BO,S-ZF-BO,S-ZE-BR,S-ZB-BO,B-ZH-BR,B-ZB-BO,B-ZD-BR,S-ZO-UN,B-ZE-BR,S-ZE-BR,S-ZF-UN,S-ZO-UN,S-ZG-UN,B-ZF-BR
227,2011.08.04 00:00,USDCAD,60,86400,BUY,ZH,0,0.96170,0.95473,697.0,0.96463,0.95689,774.0,111.047,30.99,481.0,164.5,0.96170,0.95689,0.96944,BREAK,2011.08.04 12:00,0,,0,,0,,0,NA,London,BOUNCE,2011.08.04 16:00,NA,,0.94992,UNTOUCHED,,0,,0,,0,,0,NA,Other,NA,,NA,,0.96651,BREAK,2011.08.04 09:00,0,,0,,0,,0,NA,London,BREAK,2011.08.04 13:00,BREAK,2011.08.04 20:00,0.95208,UNTOUCHED,,0,,0,,0,,0,NA,Other,NA,,NA,,B-ZB-BR,B-ZB-BO,B-ZC-BO,B-ZF-BR,S-ZC-UN,B-ZG-BR,S-ZH-UN,S-ZB-BO,S-ZF-BO,S-ZE-BR,B-ZB-BO,B-ZD-BR,S-ZO-UN,B-ZE-BR,S-ZE-BR,S-ZF-UN,S-ZO-UN,S-ZG-UN,B-ZF-BR,S-ZG-BR
228,2011.08.05 00:00,USDCAD,60,86400,BUY,ZB,1,0.96463,0.95689,774.0,0.98148,0.96013,2135.0,275.840,41.86,450.0,182.7,0.96463,0.96013,0.98598,BOUNCE,2011.08.08 01:00,1,2011.08.10 00:00,0,,0,,1,1d 23h,Asia,NA,,NA,,0.95239,UNTOUCHED,,0,,0,,0,,0,NA,Other,NA,,NA,,0.96913,BREAK,2011.08.05 00:00,0,,0,,0,,0,NA,Asia,BREAK,2011.08.05 01:00,BREAK,2011.08.05 02:00,0.95563,UNTOUCHED,,0,,0,,0,,0,NA,Other,NA,,NA,,B-ZH-BR,B-ZB-BR,B-ZB-BO,B-ZC-BO,B-ZF-BR,S-ZC-UN,B-ZG-BR,S-ZH-UN,S-ZB-BO,S-ZF-BO,B-ZD-BR,S-ZO-UN,B-ZE-BR,S-ZE-BR,S-ZF-UN,S-ZO-UN,S-ZG-UN,B-ZF-BR,S-ZG-BR,S-ZG-BO
229,2011.08.06 00:00,USDCAD,60,86400,BUY,ZD,1,0.98148,0.96013,2135.0,0.98520,0.97412,1108.0,51.897,65.53,736.0,503.9,0.98148,0.97412,0.99256,BREAK,2011.08.08 17:00,0,,0,,0,,0,NA,NewYork,BOUNCE,2011.08.09 12:00,NA,,0.95277,UNTOUCHED,,0,,0,,0,,0,NA,Other,NA,,NA,,0.98884,BREAK,2011.08.08 17:00,0,,0,,0,,0,NA,NewYork,BOUNCE,2011.08.09 21:00,NA,,0.96676,UNTOUCHED,,0,,0,,0,,0,NA,Other,NA,,NA,,B-ZB-BO,B-ZH-BR,B-ZB-BR,B-ZB-BO,B-ZC-BO,B-ZF-BR,S-ZC-UN,B-ZG-BR,S-ZH-UN,S-ZB-BO,S-ZO-UN,B-ZE-BR,S-ZE-BR,S-ZF-UN,S-ZO-UN,S-ZG-UN,B-ZF-BR,S-ZG-BR,S-ZG-BO,B-ZO-BR
230,2011.08.11 00:00,USDCAD,60,86400,SELL,ZO,0,1.00090,0.97704,2386.0,0.99520,0.97651,1869.0,78.332,23.89,1816.0,563.1,0.99520,0.97704,0.95835,UNTOUCHED,,0,,0,,0,,0,NA,Other,NA,,NA,,1.01906,UNTOUCHED,,0,,0,,0,,0,NA,Other,NA,,NA,,0.95888,UNTOUCHED,,0,,0,,0,,0,NA,Other,NA,,NA,,1.01336,UNTOUCHED,,0,,0,,0,,0,NA,Other,NA,,NA,,B-ZD-BR,B-ZB-BO,B-ZH-BR,B-ZB-BR,B-ZB-BO,B-ZC-BO,B-ZF-BR,S-ZC-UN,B-ZG-BR,S-ZH-UN,B-ZE-BR,S-ZE-BR,S-ZF-UN,S-ZO-UN,S-ZG-UN,B-ZF-BR,S-ZG-BR,S-ZG-BO,B-ZO-BR,S-ZG-UN
231,2011.08.12 00:00,USDCAD,60,86400,BUY,ZE,1,0.99520,0.97651,1869.0,0.99665,0.98420,1245.0,66.613,41.14,1100.0,441.1,0.99520,0.98420,1.00765,BREAK,2011.09.21 23:00,0,,0,,0,,0,NA,Other,BREAK,2011.09.22 12:00,BREAK,2011.09.22 14:00,0.96551,UNTOUCHED,,0,,0,,0,,0,NA,Other,NA,,NA,,1.00620,BREAK,2011.09.21 23:00,0,,0,,0,,0,NA,Other,BREAK,2011.09.22 12:00,BREAK,2011.09.22 14:00,0.97320,BOUNCE,2011.08.31 15:00,1,2011.09.21 23:00,1,2011.09.21 23:00,0,,2,3w 0d,NewYork,NA,,NA,,S-ZO-UN,B-ZD-BR,B-ZB-BO,B-ZH-BR,B-ZB-BR,B-ZB-BO,B-ZC-BO,B-ZF-BR,S-ZC-UN,B-ZG-BR,S-ZE-BR,S-ZF-UN,S-ZO-UN,S-ZG-UN,B-ZF-BR,S-ZG-BR,S-ZG-BO,B-ZO-BR,S-ZG-UN,B-ZF-BR
232,2011.08.15 01:00,USDCAD,60,86400,SELL,ZE,1,0.99665,0.98420,1245.0,0.99171,0.98328,843.0,67.711,39.68,751.0,293.8,0.99171,0.98420,0.97577,BREAK,2011.08.29 13:00,0,,0,,0,,0,NA,NewYork,UNTOUCHED,,NA,,1.00416,BREAK,2011.09.21 22:00,0,,0,,0,,0,NA,Other,BREAK,2011.09.22 10:00,BREAK,2011.09.22 12:00,0.97669,BREAK,2011.08.29 12:00,0,,0,,0,,0,NA,London,UNTOUCHED,,NA,,0.99922,BREAK,2011.09.12 07:00,0,,0,,0,,0,NA,London,BREAK,2011.09.22 04:00,BREAK,2011.09.22 10:00,B-ZE-BR,S-ZO-UN,B-ZD-BR,B-ZB-BO,B-ZH-BR,B-ZB-BR,B-ZB-BO,B-ZC-BO,B-ZF-BR,S-ZC-UN,S-ZF-UN,S-ZO-UN,S-ZG-UN,B-ZF-BR,S-ZG-BR,S-ZG-BO,B-ZO-BR,S-ZG-UN,B-ZF-BR,B-ZG-BR
233,2011.08.16 00:00,USDCAD,60,86400,SELL,ZF,0,0.99171,0.98328,843.0,0.99053,0.97906,1147.0,136.062,14.00,725.0,198.9,0.99053,0.98328,0.97181,UNTOUCHED,,0,,0,,0,,0,NA,Other,NA,,NA,,0.99896,BREAK,2011.09.12 05:00,0,,0,,0,,0,NA,Asia,BREAK,2011.09.21 23:00,BREAK,2011.09.22 10:00,0.97603,BREAK,2011.08.29 13:00,0,,0,,0,,0,NA,NewYork,UNTOUCHED,,NA,,0.99778,BREAK,2011.09.09 18:00,0,,0,,0,,0,NA,NewYork,BREAK,2011.09.21 23:00,BREAK,2011.09.22 10:00,S-ZE-BR,B-ZE-BR,S-ZO-UN,B-ZD-BR,B-ZB-BO,B-ZH-BR,B-ZB-BR,B-ZB-BO,B-ZC-BO,B-ZF-BR,S-ZO-UN,S-ZG-UN,B-ZF-BR,S-ZG-BR,S-ZG-BO,B-ZO-BR,S-ZG-UN,B-ZF-BR,B-ZG-BR,S-ZD-BO
234,2011.08.17 00:00,USDCAD,60,86400,SELL,ZO,0,0.99053,0.97906,1147.0,0.98711,0.97880,831.0,72.450,29.82,805.0,270.7,0.98711,0.97906,0.97075,UNTOUCHED,,0,,0,,0,,0,NA,Other,NA,,NA,,0.99858,BREAK,2011.09.12 05:00,0,,0,,0,,0,NA,Asia,BREAK,2011.09.22 03:00,BREAK,2011.09.22 10:00,0.97101,UNTOUCHED,,0,,0,,0,,0,NA,Other,NA,,NA,,0.99516,BOUNCE,2011.09.06 14:00,0,,0,,0,,0,NA,NewYork,NA,,NA,,S-ZF-UN,S-ZE-BR,B-ZE-BR,S-ZO-UN,B-ZD-BR,B-ZB-BO,B-ZH-BR,B-ZB-BR,B-ZB-BO,B-ZC-BO,S-ZG-UN,B-ZF-BR,S-ZG-BR,S-ZG-BO,B-ZO-BR,S-ZG-UN,B-ZF-BR,B-ZG-BR,S-ZD-BO,S-ZO-UN
235,2011.08.18 00:00,USDCAD,60,86400,SELL,ZG,0,0.98711,0.97880,831.0,0.98451,0.97738,713.0,85.800,31.29,571.0,196.1,0.98451,0.97880,0.97167,UNTOUCHED,,0,,0,,0,,0,NA,Other,NA,,NA,,0.99282,BOUNCE,2011.08.18 17:00,1,2011.08.25 16:00,1,2011.08.31 15:00,0,,2,1w 5d,NewYork,NA,,NA,,0.97309,BOUNCE,2011.08.31 15:00,1,2011.09.05 15:00,1,2011.09.05 16:00,0,,2,5d 1h,NewYork,NA,,NA,,0.99022,BREAK,2011.08.18 16:00,0,,0,,0,,0,NA,NewYork,BOUNCE,2011.09.06 17:00,NA,,S-ZO-UN,S-ZF-UN,S-ZE-BR,B-ZE-BR,S-ZO-UN,B-ZD-BR,B-ZB-BO,B-ZH-BR,B-ZB-BR,B-ZB-BO,B-ZF-BR,S-ZG-BR,S-ZG-BO,B-ZO-BR,S-ZG-UN,B-ZF-BR,B-ZG-BR,S-ZD-BO,S-ZO-UN,B-ZD-BO
236,2011.08.19 00:00,USDCAD,60,86400,BUY,ZF,1,0.98451,0.97738,713.0,0.99375,0.97980,1395.0,195.652,33.94,471.0,168.3,0.98451,0.97980,0.99846,BREAK,2011.09.12 05:00,0,,0,,0,,0,NA,Asia,BOUNCE,2011.09.21 21:00,NA,,0.97267,BOUNCE,2011.08.31 16:00,1,2011.09.02 15:00,1,2011.09.05 13:00,1,2011.09.12 05:00,3,1w 4d,NewYork,NA,,NA,,0.98922,BREAK,2011.08.19 00:00,0,,0,,0,,0,NA,Asia,BREAK,2011.09.06 14:00,BREAK,2011.09.12 10:00,0.97509,BOUNCE,2011.08.29 15:00,1,2011.09.05 13:00,1,2011.09.05 13:00,0,,2,6d 22h,NewYork,NA,,NA,,S-ZG-UN,S-ZO-UN,S-ZF-UN,S-ZE-BR,B-ZE-BR,S-ZO-UN,B-ZD-BR,B-ZB-BO,B-ZH-BR,B-ZB-BR,S-ZG-BR,S-ZG-BO,B-ZO-BR,S-ZG-UN,B-ZF-BR,B-ZG-BR,S-ZD-BO,S-ZO-UN,B-ZD-BO,B-ZE-BR
237,2011.08.25 00:00,USDCAD,60,86400,SELL,ZG,0,0.99078,0.98483,595.0,0.99039,0.98387,652.0,109.580,6.55,556.0,140.4,0.99039,0.98483,0.97831,BREAK,2011.08.29 08:00,0,,0,,0,,0,NA,London,BOUNCE,2011.08.31 16:00,NA,,0.99634,BREAK,2011.09.09 15:00,0,,0,,0,,0,NA,NewYork,BOUNCE,2011.09.12 16:00,NA,,0.97927,BOUNCE,2011.08.25 16:00,1,2011.09.06 14:00,1,2011.09.09 15:00,0,,2,2w 0d,NewYork,NA,,NA,,0.99595,BOUNCE,2011.09.06 14:00,1,2011.09.16 22:00,1,2011.09.16 22:00,0,,2,1w 3d,NewYork,NA,,NA,,B-ZF-BR,S-ZG-UN,S-ZO-UN,S-ZF-UN,S-ZE-BR,B-ZE-BR,S-ZO-UN,B-ZD-BR,B-ZB-BO,B-ZH-BR,S-ZG-BO,B-ZO-BR,S-ZG-UN,B-ZF-BR,B-ZG-BR,S-ZD-BO,S-ZO-UN,B-ZD-BO,B-ZE-BR,S-ZD-BO
238,2011.08.26 00:00,USDCAD,60,86400,SELL,ZG,1,0.99039,0.98387,652.0,0.98867,0.97909,958.0,146.933,26.38,480.0,153.9,0.98867,0.98387,0.97429,BOUNCE,2011.08.29 16:00,1,2011.09.02 15:00,1,2011.09.06 14:00,1,2011.09.06 14:00,3,1w 0d,NewYork,NA,,NA,,0.99519,BOUNCE,2011.09.06 14:00,1,2011.09.07 10:00,1,2011.09.16 22:00,0,,2,1w 3d,NewYork,NA,,NA,,0.97907,BREAK,2011.08.29 07:00,0,,0,,0,,0,NA,London,BOUNCE,2011.08.29 18:00,NA,,0.99347,BREAK,2011.09.06 14:00,0,,0,,0,,0,NA,NewYork,BREAK,2011.09.12 08:00,BOUNCE,2011.09.21 21:00,S-ZG-BR,B-ZF-BR,S-ZG-UN,S-ZO-UN,S-ZF-UN,S-ZE-BR,B-ZE-BR,S-ZO-UN,B-ZD-BR,B-ZB-BO,B-ZO-BR,S-ZG-UN,B-ZF-BR,B-ZG-BR,S-ZD-BO,S-ZO-UN,B-ZD-BO,B-ZE-BR,S-ZD-BO,S-ZO-UN
239,2011.08.29 01:00,USDCAD,60,86400,BUY,ZO,0,0.98867,0.97909,958.0,0.99229,0.98081,1148.0,119.833,17.95,786.0,226.1,0.98867,0.98081,1.00015,BREAK,2011.09.12 09:00,0,,0,,0,,0,NA,London,BREAK,2011.09.22 05:00,BREAK,2011.09.22 10:00,0.97123,UNTOUCHED,,0,,0,,0,,0,NA,Other,NA,,NA,,0.99653,BREAK,2011.09.09 15:00,0,,0,,0,,0,NA,NewYork,BREAK,2011.09.21 23:00,BREAK,2011.09.22 10:00,0.97295,BOUNCE,2011.08.31 16:00,1,2011.09.09 15:00,1,2011.09.09 15:00,0,,2,1w 1d,NewYork,NA,,NA,,S-ZG-BO,S-ZG-BR,B-ZF-BR,S-ZG-UN,S-ZO-UN,S-ZF-UN,S-ZE-BR,B-ZE-BR,S-ZO-UN,B-ZD-BR,S-ZG-UN,B-ZF-BR,B-ZG-BR,S-ZD-BO,S-ZO-UN,B-ZD-BO,B-ZE-BR,S-ZD-BO,S-ZO-UN,S-ZD-UN
240,2011.09.01 00:00,USDCAD,60,86400,SELL,ZG,0,0.98169,0.97573,596.0,0.98008,0.97251,757.0,127.013,27.01,435.0,140.7,0.98008,0.97573,0.96816,UNTOUCHED,,0,,0,,0,,0,NA,Other,NA,,NA,,0.98604,BREAK,2011.09.05 01:00,0,,0,,0,,0,NA,Asia,BREAK,2011.09.05 16:00,BOUNCE,2011.09.06 17:00,0.97138,UNTOUCHED,,0,,0,,0,,0,NA,Other,NA,,NA,,0.98443,BOUNCE,2011.09.02 15:00,0,,0,,0,,0,NA,NewYork,NA,,NA,,B-ZO-BR,S-ZG-BO,S-ZG-BR,B-ZF-BR,S-ZG-UN,S-ZO-UN,S-ZF-UN,S-ZE-BR,B-ZE-BR,S-ZO-UN,B-ZF-BR,B-ZG-BR,S-ZD-BO,S-ZO-UN,B-ZD-BO,B-ZE-BR,S-ZD-BO,S-ZO-UN,S-ZD-UN,B-ZD-BR
241,2011.09.05 01:00,USDCAD,60,86400,BUY,ZF,1,0.97950,0.97352,598.0,0.98568,0.97558,1010.0,168.896,34.45,392.0,141.1,0.97950,0.97558,0.98960,BREAK,2011.09.05 14:00,0,,0,,0,,0,NA,NewYork,BREAK,2011.09.06 14:00,BREAK,2011.09.12 05:00,0.96960,UNTOUCHED,,0,,0,,0,,0,NA,Other,NA,,NA,,0.98342,BREAK,2011.09.05 01:00,0,,0,,0,,0,NA,Asia,BREAK,2011.09.05 13:00,BREAK,2011.09.05 16:00,0.97166,UNTOUCHED,,0,,0,,0,,0,NA,Other,NA,,NA,,S-ZG-UN,B-ZO-BR,S-ZG-BO,S-ZG-BR,B-ZF-BR,S-ZG-UN,S-ZO-UN,S-ZF-UN,S-ZE-BR,B-ZE-BR,B-ZG-BR,S-ZD-BO,S-ZO-UN,B-ZD-BO,B-ZE-BR,S-ZD-BO,S-ZO-UN,S-ZD-UN,B-ZD-BR,B-ZB-BR
242,2011.09.07 00:00,USDCAD,60,86400,BUY,ZG,0,0.99322,0.98528,794.0,0.99610,0.98632,978.0,123.174,13.10,690.0,187.4,0.99322,0.98632,1.00300,BREAK,2011.09.21 21:00,0,,0,,0,,0,NA,Other,BREAK,2011.09.22 06:00,BREAK,2011.09.22 11:00,0.97838,BOUNCE,2011.09.16 23:00,1,2011.09.19 17:00,1,2011.09.21 19:00,1,2011.09.21 21:00,3,4d 22h,Other,NA,,NA,,1.00012,BREAK,2011.09.12 09:00,0,,0,,0,,0,NA,London,BREAK,2011.09.22 03:00,BREAK,2011.09.22 10:00,0.97942,BOUNCE,2011.09.16 20:00,1,2011.09.21 19:00,1,2011.09.21 19:00,0,,2,4d 23h,NewYork,NA,,NA,,B-ZF-BR,S-ZG-UN,B-ZO-BR,S-ZG-BO,S-ZG-BR,B-ZF-BR,S-ZG-UN,S-ZO-UN,S-ZF-UN,S-ZE-BR,S-ZD-BO,S-ZO-UN,B-ZD-BO,B-ZE-BR,S-ZD-BO,S-ZO-UN,S-ZD-UN,B-ZD-BR,B-ZB-BR,B-ZO-BR
243,2011.09.08 00:00,USDCAD,60,86400,SELL,ZD,1,0.99610,0.98632,978.0,0.99077,0.98306,771.0,78.834,54.50,445.0,230.8,0.99077,0.98632,0.97861,BOUNCE,2011.09.16 23:00,1,2011.09.19 16:00,1,2011.09.21 10:00,1,2011.09.21 19:00,3,4d 20h,Other,NA,,NA,,1.00055,BOUNCE,2011.09.12 10:00,1,2011.09.12 23:00,1,2011.09.16 18:00,1,2011.09.16 23:00,3,4d 13h,London,NA,,NA,,0.98187,BREAK,2011.09.16 18:00,0,,0,,0,,0,NA,NewYork,UNTOUCHED,,NA,,0.99522,BREAK,2011.09.09 15:00,0,,0,,0,,0,NA,NewYork,BREAK,2011.09.12 15:00,BREAK,2011.09.21 23:00,B-ZG-BR,B-ZF-BR,S-ZG-UN,B-ZO-BR,S-ZG-BO,S-ZG-BR,B-ZF-BR,S-ZG-UN,S-ZO-UN,S-ZF-UN,S-ZO-UN,B-ZD-BO,B-ZE-BR,S-ZD-BO,S-ZO-UN,S-ZD-UN,B-ZD-BR,B-ZB-BR,B-ZO-BR,B-ZF-BR
244,2011.09.09 00:00,USDCAD,60,86400,SELL,ZO,0,0.99077,0.98306,771.0,0.98954,0.98284,670.0,86.900,15.95,648.0,182.0,0.98954,0.98306,0.97636,UNTOUCHED,,0,,0,,0,,0,NA,Other,NA,,NA,,0.99725,BREAK,2011.09.09 15:00,0,,0,,0,,0,NA,NewYork,BREAK,2011.09.21 22:00,BREAK,2011.09.22 06:00,0.97658,UNTOUCHED,,0,,0,,0,,0,NA,Other,NA,,NA,,0.99602,BREAK,2011.09.09 15:00,0,,0,,0,,0,NA,NewYork,BREAK,2011.09.21 22:00,BREAK,2011.09.22 05:00,S-ZD-BO,B-ZG-BR,B-ZF-BR,S-ZG-UN,B-ZO-BR,S-ZG-BO,S-ZG-BR,B-ZF-BR,S-ZG-UN,S-ZO-UN,B-ZD-BO,B-ZE-BR,S-ZD-BO,S-ZO-UN,S-ZD-UN,B-ZD-BR,B-ZB-BR,B-ZO-BR,B-ZF-BR,B-ZD-BR
245,2011.09.12 01:00,USDCAD,60,86400,BUY,ZD,1,0.98954,0.98284,670.0,0.99787,0.98682,1105.0,164.925,59.40,272.0,158.1,0.98954,0.98682,1.00059,BOUNCE,2011.09.12 10:00,1,2011.09.12 16:00,1,2011.09.15 16:00,1,2011.09.16 19:00,3,4d 9h,London,NA,,NA,,0.98012,BREAK,2011.09.16 19:00,0,,0,,0,,0,NA,NewYork,UNTOUCHED,,NA,,0.99226,BREAK,2011.09.12 01:00,0,,0,,0,,0,NA,Asia,BREAK,2011.09.12 02:00,BREAK,2011.09.12 07:00,0.98410,BOUNCE,2011.09.15 16:00,1,2011.09.20 01:00,1,2011.09.20 01:00,0,,2,4d 9h,NewYork,NA,,NA,,S-ZO-UN,S-ZD-BO,B-ZG-BR,B-ZF-BR,S-ZG-UN,B-ZO-BR,S-ZG-BO,S-ZG-BR,B-ZF-BR,S-ZG-UN,B-ZE-BR,S-ZD-BO,S-ZO-UN,S-ZD-UN,B-ZD-BR,B-ZB-BR,B-ZO-BR,B-ZF-BR,B-ZD-BR,B-ZB-BR
246,2011.09.13 00:00,USDCAD,60,86400,BUY,ZE,1,0.99787,0.98682,1105.0,1.00249,0.99148,1101.0,99.638,42.17,639.0,260.8,0.99787,0.99148,1.00888,BREAK,2011.09.22 03:00,0,,0,,0,,0,NA,Asia,BREAK,2011.09.22 10:00,BREAK,2011.09.22 12:00,0.98043,BOUNCE,2011.09.16 19:00,1,2011.09.20 01:00,1,2011.09.21 22:00,1,2011.09.22 03:00,3,5d 8h,NewYork,NA,,NA,,1.00426,BREAK,2011.09.21 22:00,0,,0,,0,,0,NA,Other,BREAK,2011.09.22 06:00,BREAK,2011.09.22 11:00,0.98509,BOUNCE,2011.09.13 22:00,1,2011.09.21 22:00,1,2011.09.21 22:00,0,,2,1w 1d,Other,NA,,NA,,B-ZD-BO,S-ZO-UN,S-ZD-BO,B-ZG-BR,B-ZF-BR,S-ZG-UN,B-ZO-BR,S-ZG-BO,S-ZG-BR,B-ZF-BR,S-ZD-BO,S-ZO-UN,S-ZD-UN,B-ZD-BR,B-ZB-BR,B-ZO-BR,B-ZF-BR,B-ZD-BR,B-ZB-BR,B-ZD-BR
247,2011.09.14 00:00,USDCAD,60,86400,SELL,ZD,1,1.00249,0.99148,1101.0,0.99762,0.98497,1265.0,114.896,44.23,614.0,259.8,0.99762,0.99148,0.97883,BOUNCE,2011.09.16 23:00,1,2011.09.19 16:00,1,2011.09.21 22:00,1,2011.09.21 23:00,3,5d 0h,Other,NA,,NA,,1.00863,BREAK,2011.09.21 23:00,0,,0,,0,,0,NA,Other,BREAK,2011.09.22 10:00,BREAK,2011.09.22 12:00,0.98534,BOUNCE,2011.09.14 02:00,1,2011.09.21 22:00,1,2011.09.21 23:00,0,,2,1w 0d,Asia,NA,,NA,,1.00376,BREAK,2011.09.21 22:00,0,,0,,0,,0,NA,Other,BREAK,2011.09.22 06:00,BREAK,2011.09.22 11:00,B-ZE-BR,B-ZD-BO,S-ZO-UN,S-ZD-BO,B-ZG-BR,B-ZF-BR,S-ZG-UN,B-ZO-BR,S-ZG-BO,S-ZG-BR,S-ZO-UN,S-ZD-UN,B-ZD-BR,B-ZB-BR,B-ZO-BR,B-ZF-BR,B-ZD-BR,B-ZB-BR,B-ZD-BR,B-ZE-UN
248,2011.09.15 00:00,USDCAD,60,86400,SELL,ZO,0,0.99762,0.98497,1265.0,0.99381,0.98452,929.0,73.439,30.12,884.0,298.5,0.99381,0.98497,0.97568,UNTOUCHED,,0,,0,,0,,0,NA,Other,NA,,NA,,1.00646,BREAK,2011.09.21 23:00,0,,0,,0,,0,NA,Other,BREAK,2011.09.22 10:00,BREAK,2011.09.22 13:00,0.97613,UNTOUCHED,,0,,0,,0,,0,NA,Other,NA,,NA,,1.00265,BREAK,2011.09.21 21:00,0,,0,,0,,0,NA,Other,BREAK,2011.09.22 10:00,BREAK,2011.09.22 12:00,S-ZD-BO,B-ZE-BR,B-ZD-BO,S-ZO-UN,S-ZD-BO,B-ZG-BR,B-ZF-BR,S-ZG-UN,B-ZO-BR,S-ZG-BO,S-ZD-UN,B-ZD-BR,B-ZB-BR,B-ZO-BR,B-ZF-BR,B-ZD-BR,B-ZB-BR,B-ZD-BR,B-ZE-UN,S-ZD-BR
249,2011.09.17 00:00,USDCAD,60,86400,SELL,ZD,1,0.99484,0.98289,1195.0,0.98603,0.97794,809.0,67.699,73.72,314.0,282.0,0.98603,0.98289,0.97480,UNTOUCHED,,0,,0,,0,,0,NA,Other,NA,,NA,,0.99798,BREAK,2011.09.21 16:00,0,,0,,0,,0,NA,NewYork,BOUNCE,2011.09.21 21:00,NA,,0.97975,BOUNCE,2011.09.17 00:00,1,2011.09.19 16:00,1,2011.09.21 16:00,0,,2,4d 16h,Asia,NA,,NA,,0.98917,BREAK,2011.09.19 16:00,0,,0,,0,,0,NA,NewYork,BOUNCE,2011.09.20 12:00,NA,,S-ZO-UN,S-ZD-BO,B-ZE-BR,B-ZD-BO,S-ZO-UN,S-ZD-BO,B-ZG-BR,B-ZF-BR,S-ZG-UN,B-ZO-BR,B-ZD-BR,B-ZB-BR,B-ZO-BR,B-ZF-BR,B-ZD-BR,B-ZB-BR,B-ZD-BR,B-ZE-UN,S-ZD-BR,S-ZD-BR
250,2011.09.21 00:00,USDCAD,60,86400,BUY,ZD,1,0.99222,0.98054,1168.0,0.99478,0.98821,657.0,56.250,65.67,401.0,275.6,0.99222,0.98821,0.99879,BREAK,2011.09.21 16:00,0,,0,,0,,0,NA,NewYork,BREAK,2011.09.21 22:00,BREAK,2011.09.22 03:00,0.97653,UNTOUCHED,,0,,0,,0,,0,NA,Other,NA,,NA,,0.99623,BREAK,2011.09.21 14:00,0,,0,,0,,0,NA,NewYork,BREAK,2011.09.21 21:00,BREAK,2011.09.21 23:00,0.98420,UNTOUCHED,,0,,0,,0,,0,NA,Other,NA,,NA,,S-ZD-UN,S-ZO-UN,S-ZD-BO,B-ZE-BR,B-ZD-BO,S-ZO-UN,S-ZD-BO,B-ZG-BR,B-ZF-BR,S-ZG-UN,B-ZB-BR,B-ZO-BR,B-ZF-BR,B-ZD-BR,B-ZB-BR,B-ZD-BR,B-ZE-UN,S-ZD-BR,S-ZD-BR,S-ZE-BR
251,2011.09.22 00:00,USDCAD,60,86400,BUY,ZB,1,0.99478,0.98821,657.0,1.00874,0.99089,1785.0,271.689,40.79,389.0,155.1,0.99478,0.99089,1.01263,BREAK,2011.09.22 06:00,0,,0,,0,,0,NA,Asia,BREAK,2011.09.22 11:00,BREAK,2011.09.22 12:00,0.98432,UNTOUCHED,,0,,0,,0,,0,NA,Other,NA,,NA,,0.99867,BREAK,2011.09.22 00:00,0,,0,,0,,0,NA,Asia,BREAK,2011.09.22 01:00,BREAK,2011.09.22 02:00,0.98700,UNTOUCHED,,0,,0,,0,,0,NA,Other,NA,,NA,,B-ZD-BR,S-ZD-UN,S-ZO-UN,S-ZD-BO,B-ZE-BR,B-ZD-BO,S-ZO-UN,S-ZD-BO,B-ZG-BR,B-ZF-BR,B-ZO-BR,B-ZF-BR,B-ZD-BR,B-ZB-BR,B-ZD-BR,B-ZE-UN,S-ZD-BR,S-ZD-BR,S-ZE-BR,S-ZF-BO
252,2011.09.27 00:00,USDCAD,60,86400,BUY,ZO,0,1.03469,1.02240,1229.0,1.03846,1.02509,1337.0,108.788,21.89,960.0,290.0,1.03469,1.02509,1.04806,BREAK,2011.09.30 23:00,0,,0,,0,,0,NA,Other,BREAK,2011.10.04 16:00,UNTOUCHED,,1.01280,BREAK,2011.10.14 15:00,0,,0,,0,,0,NA,NewYork,BREAK,2011.10.25 11:00,BREAK,2011.10.27 21:00,1.04429,BREAK,2011.09.30 11:00,0,,0,,0,,0,NA,London,BREAK,2011.10.04 10:00,BOUNCE,2011.10.04 23:00,1.01549,BOUNCE,2011.09.27 20:00,1,2011.09.30 11:00,1,2011.09.30 11:00,0,,2,2d 15h,NewYork,NA,,NA,,B-ZB-BR,B-ZD-BR,S-ZD-UN,S-ZO-UN,S-ZD-BO,B-ZE-BR,B-ZD-BO,S-ZO-UN,S-ZD-BO,B-ZG-BR,B-ZF-BR,B-ZD-BR,B-ZB-BR,B-ZD-BR,B-ZE-UN,S-ZD-BR,S-ZD-BR,S-ZE-BR,S-ZF-BO,S-ZF-BR
253,2011.09.29 00:00,USDCAD,60,86400,BUY,ZF,0,1.02802,1.01431,1371.0,1.03366,1.01730,1636.0,119.329,21.81,1072.0,323.6,1.02802,1.01730,1.04438,BREAK,2011.09.30 11:00,0,,0,,0,,0,NA,London,BREAK,2011.10.04 16:00,UNTOUCHED,,1.00359,BREAK,2011.10.24 18:00,0,,0,,0,,0,NA,NewYork,BREAK,2011.10.27 22:00,UNTOUCHED,,1.03874,BREAK,2011.09.29 21:00,0,,0,,0,,0,NA,Other,BREAK,2011.10.03 21:00,BREAK,2011.10.04 21:00,1.00658,BOUNCE,2011.10.17 10:00,0,,0,,0,,0,NA,London,NA,,NA,,B-ZO-BR,B-ZB-BR,B-ZD-BR,S-ZD-UN,S-ZO-UN,S-ZD-BO,B-ZE-BR,B-ZD-BO,S-ZO-UN,S-ZD-BO,B-ZD-BR,B-ZB-BR,B-ZD-BR,B-ZE-UN,S-ZD-BR,S-ZD-BR,S-ZE-BR,S-ZF-BO,S-ZF-BR,B-ZO-BR
254,2011.09.30 00:00,USDCAD,60,86400,BUY,ZD,1,1.03366,1.01730,1636.0,1.04009,1.02561,1448.0,88.509,50.79,805.0,386.1,1.03366,1.02561,1.04814,BREAK,2011.09.30 23:00,0,,0,,0,,0,NA,Other,BREAK,2011.10.04 16:00,BOUNCE,2011.10.04 22:00,1.00925,BREAK,2011.10.17 02:00,0,,0,,0,,0,NA,Asia,BOUNCE,2011.10.25 16:00,NA,,1.04171,BREAK,2011.09.30 09:00,0,,0,,0,,0,NA,London,BREAK,2011.10.03 23:00,BREAK,2011.10.04 17:00,1.01756,BREAK,2011.10.12 12:00,0,,0,,0,,0,NA,London,BREAK,2011.10.17 10:00,BOUNCE,2011.10.25 16:00,B-ZF-BR,B-ZO-BR,B-ZB-BR,B-ZD-BR,S-ZD-UN,S-ZO-UN,S-ZD-BO,B-ZE-BR,B-ZD-BO,S-ZO-UN,B-ZB-BR,B-ZD-BR,B-ZE-UN,S-ZD-BR,S-ZD-BR,S-ZE-BR,S-ZF-BO,S-ZF-BR,B-ZO-BR,S-ZO-BR
255,2011.10.03 01:00,USDCAD,60,86400,BUY,ZB,1,1.04009,1.02561,1448.0,1.05019,1.03507,1512.0,104.420,65.33,502.0,341.7,1.04009,1.03507,1.05521,BREAK,2011.10.04 06:00,0,,0,,0,,0,NA,Asia,BREAK,2011.10.04 21:00,BOUNCE,2011.10.04 22:00,1.02059,BREAK,2011.10.12 12:00,0,,0,,0,,0,NA,London,BOUNCE,2011.10.13 09:00,NA,,1.04511,BREAK,2011.10.03 01:00,0,,0,,0,,0,NA,Asia,BOUNCE,2011.10.03 17:00,NA,,1.03005,BREAK,2011.10.07 15:00,0,,0,,0,,0,NA,NewYork,BOUNCE,2011.10.11 08:00,NA,,B-ZD-BR,B-ZF-BR,B-ZO-BR,B-ZB-BR,B-ZD-BR,S-ZD-UN,S-ZO-UN,S-ZD-BO,B-ZE-BR,B-ZD-BO,B-ZD-BR,B-ZE-UN,S-ZD-BR,S-ZD-BR,S-ZE-BR,S-ZF-BO,S-ZF-BR,B-ZO-BR,S-ZO-BR,B-ZO-BR
256,2011.10.04 00:00,USDCAD,60,86400,BUY,ZD,1,1.05019,1.03507,1512.0,1.05465,1.04320,1145.0,75.728,53.77,699.0,356.8,1.05019,1.04320,1.06164,BREAK,2011.10.04 17:00,0,,0,,0,,0,NA,NewYork,UNTOUCHED,,NA,,1.02808,BREAK,2011.10.07 15:00,0,,0,,0,,0,NA,NewYork,BREAK,2011.10.12 12:00,BOUNCE,2011.10.13 11:00,1.05718,BREAK,2011.10.04 11:00,0,,0,,0,,0,NA,London,BOUNCE,2011.10.04 22:00,NA,,1.03621,BREAK,2011.10.07 14:00,0,,0,,0,,0,NA,NewYork,BREAK,2011.10.07 15:00,BREAK,2011.10.12 12:00,B-ZB-BR,B-ZD-BR,B-ZF-BR,B-ZO-BR,B-ZB-BR,B-ZD-BR,S-ZD-UN,S-ZO-UN,S-ZD-BO,B-ZE-BR,B-ZE-UN,S-ZD-BR,S-ZD-BR,S-ZE-BR,S-ZF-BO,S-ZF-BR,B-ZO-BR,S-ZO-BR,B-ZO-BR,S-ZB-BO
257,2011.10.05 00:00,USDCAD,60,86400,BUY,ZE,1,1.05465,1.04320,1145.0,1.06560,1.05109,1451.0,126.725,68.91,356.0,270.2,1.05465,1.05109,1.06916,UNTOUCHED,,0,,0,,0,,0,NA,Other,NA,,NA,,1.03964,BOUNCE,2011.10.05 22:00,1,2011.10.06 15:00,0,,0,,1,17h,Other,NA,,NA,,1.05821,UNTOUCHED,,0,,0,,0,,0,NA,Other,NA,,NA,,1.04753,BREAK,2011.10.05 18:00,0,,0,,0,,0,NA,NewYork,BREAK,2011.10.05 22:00,BREAK,2011.10.06 12:00,B-ZD-BR,B-ZB-BR,B-ZD-BR,B-ZF-BR,B-ZO-BR,B-ZB-BR,B-ZD-BR,S-ZD-UN,S-ZO-UN,S-ZD-BO,S-ZD-BR,S-ZD-BR,S-ZE-BR,S-ZF-BO,S-ZF-BR,B-ZO-BR,S-ZO-BR,B-ZO-BR,S-ZB-BO,B-ZB-BO
258,2011.10.06 00:00,USDCAD,60,86400,SELL,ZD,1,1.06560,1.05109,1451.0,1.05706,1.03959,1747.0,120.400,58.86,597.0,342.4,1.05706,1.05109,1.03362,BREAK,2011.10.07 14:00,0,,0,,0,,0,NA,NewYork,BOUNCE,2011.10.07 19:00,NA,,1.07157,UNTOUCHED,,0,,0,,0,,0,NA,Other,NA,,NA,,1.04512,BREAK,2011.10.06 00:00,0,,0,,0,,0,NA,Asia,BOUNCE,2011.10.06 15:00,NA,,1.06303,UNTOUCHED,,0,,0,,0,,0,NA,Other,NA,,NA,,B-ZE-UN,B-ZD-BR,B-ZB-BR,B-ZD-BR,B-ZF-BR,B-ZO-BR,B-ZB-BR,B-ZD-BR,S-ZD-UN,S-ZO-UN,S-ZD-BR,S-ZE-BR,S-ZF-BO,S-ZF-BR,B-ZO-BR,S-ZO-BR,B-ZO-BR,S-ZB-BO,B-ZB-BO,B-ZE-BR
259,2011.10.07 00:00,USDCAD,60,86400,SELL,ZD,1,1.05706,1.03959,1747.0,1.04812,1.03702,1110.0,63.537,51.17,853.0,412.3,1.04812,1.03959,1.02849,BREAK,2011.10.07 15:00,0,,0,,0,,0,NA,NewYork,BREAK,2011.10.12 13:00,BREAK,2011.10.17 10:00,1.06559,UNTOUCHED,,0,,0,,0,,0,NA,Other,NA,,NA,,1.03106,BREAK,2011.10.07 15:00,0,,0,,0,,0,NA,NewYork,BREAK,2011.10.12 12:00,BOUNCE,2011.10.13 11:00,1.05665,UNTOUCHED,,0,,0,,0,,0,NA,Other,NA,,NA,,S-ZD-BR,B-ZE-UN,B-ZD-BR,B-ZB-BR,B-ZD-BR,B-ZF-BR,B-ZO-BR,B-ZB-BR,B-ZD-BR,S-ZD-UN,S-ZE-BR,S-ZF-BO,S-ZF-BR,B-ZO-BR,S-ZO-BR,B-ZO-BR,S-ZB-BO,B-ZB-BO,B-ZE-BR,S-ZF-UN
260,2011.10.08 00:00,USDCAD,60,86400,SELL,ZE,1,1.04812,1.03702,1110.0,1.04175,1.02351,1824.0,164.324,57.39,473.0,262.0,1.04175,1.03702,1.01878,BREAK,2011.10.12 12:00,0,,0,,0,,0,NA,London,BOUNCE,2011.10.13 03:00,NA,,1.05285,UNTOUCHED,,0,,0,,0,,0,NA,Other,NA,,NA,,1.03229,BREAK,2011.10.10 04:00,0,,0,,0,,0,NA,Asia,BOUNCE,2011.10.11 09:00,NA,,1.04648,UNTOUCHED,,0,,0,,0,,0,NA,Other,NA,,NA,,S-ZD-BR,S-ZD-BR,B-ZE-UN,B-ZD-BR,B-ZB-BR,B-ZD-BR,B-ZF-BR,B-ZO-BR,B-ZB-BR,B-ZD-BR,S-ZF-BO,S-ZF-BR,B-ZO-BR,S-ZO-BR,B-ZO-BR,S-ZB-BO,B-ZB-BO,B-ZE-BR,S-ZF-UN,B-ZG-BR
261,2011.10.13 00:00,USDCAD,60,86400,SELL,ZF,1,1.03374,1.02552,822.0,1.03270,1.01333,1937.0,235.645,12.65,718.0,194.0,1.03270,1.02552,1.00615,BOUNCE,2011.10.17 10:00,1,2011.10.17 21:00,1,2011.11.21 18:00,1,2011.11.21 19:00,3,5w 0d,London,NA,,NA,,1.04092,BREAK,2011.11.21 19:00,0,,0,,0,,0,NA,NewYork,BREAK,2011.11.25 12:00,UNTOUCHED,,1.01834,BREAK,2011.10.13 00:00,0,,0,,0,,0,NA,Asia,BREAK,2011.10.17 02:00,BREAK,2011.10.25 06:00,1.03988,BREAK,2011.11.21 18:00,0,,0,,0,,0,NA,NewYork,BREAK,2011.11.23 19:00,UNTOUCHED,,S-ZE-BR,S-ZD-BR,S-ZD-BR,B-ZE-UN,B-ZD-BR,B-ZB-BR,B-ZD-BR,B-ZF-BR,B-ZO-BR,B-ZB-BR,S-ZF-BR,B-ZO-BR,S-ZO-BR,B-ZO-BR,S-ZB-BO,B-ZB-BO,B-ZE-BR,S-ZF-UN,B-ZG-BR,S-ZH-UN
262,2011.10.15 00:00,USDCAD,60,86400,SELL,ZF,1,1.02721,1.01631,1090.0,1.02332,1.00933,1399.0,128.349,35.69,701.0,257.2,1.02332,1.01631,1.00232,BREAK,2011.10.24 18:00,0,,0,,0,,0,NA,NewYork,BREAK,2011.10.27 16:00,UNTOUCHED,,1.03422,BREAK,2011.11.21 13:00,0,,0,,0,,0,NA,NewYork,BREAK,2011.11.23 13:00,BREAK,2011.11.25 12:00,1.00930,BREAK,2011.10.17 02:00,0,,0,,0,,0,NA,Asia,BREAK,2011.10.25 13:00,BREAK,2011.10.27 16:00,1.03033,BREAK,2011.11.21 11:00,0,,0,,0,,0,NA,London,BREAK,2011.11.21 18:00,BREAK,2011.11.23 19:00,S-ZF-BO,S-ZE-BR,S-ZD-BR,S-ZD-BR,B-ZE-UN,B-ZD-BR,B-ZB-BR,B-ZD-BR,B-ZF-BR,B-ZO-BR,B-ZO-BR,S-ZO-BR,B-ZO-BR,S-ZB-BO,B-ZB-BO,B-ZE-BR,S-ZF-UN,B-ZG-BR,S-ZH-UN,B-ZF-BR
263,2011.10.19 00:00,USDCAD,60,86400,BUY,ZO,0,1.02363,1.00434,1929.0,1.02631,1.01114,1517.0,78.642,35.25,1249.0,455.2,1.02363,1.01114,1.03880,BREAK,2011.11.21 18:00,0,,0,,0,,0,NA,NewYork,BOUNCE,2011.11.28 08:00,NA,,0.99185,BOUNCE,2011.10.27 16:00,1,2011.11.01 16:00,1,2011.11.21 15:00,1,2011.11.21 18:00,3,3w 4d,NewYork,NA,,NA,,1.03612,BREAK,2011.11.21 15:00,0,,0,,0,,0,NA,NewYork,BOUNCE,2011.11.28 12:00,NA,,0.99865,BREAK,2011.10.27 09:00,0,,0,,0,,0,NA,London,UNTOUCHED,,NA,,S-ZF-BR,S-ZF-BO,S-ZE-BR,S-ZD-BR,S-ZD-BR,B-ZE-UN,B-ZD-BR,B-ZB-BR,B-ZD-BR,B-ZF-BR,S-ZO-BR,B-ZO-BR,S-ZB-BO,B-ZB-BO,B-ZE-BR,S-ZF-UN,B-ZG-BR,S-ZH-UN,B-ZF-BR,B-ZE-BR
264,2011.10.20 00:00,USDCAD,60,86400,SELL,ZO,0,1.02631,1.01114,1517.0,1.02153,1.00849,1304.0,85.959,31.51,1039.0,358.0,1.02153,1.01114,0.99810,BREAK,2011.10.27 09:00,0,,0,,0,,0,NA,London,UNTOUCHED,,NA,,1.03670,BREAK,2011.11.21 15:00,0,,0,,0,,0,NA,NewYork,BREAK,2011.11.25 12:00,UNTOUCHED,,1.00075,BOUNCE,2011.10.25 10:00,1,2011.11.21 11:00,1,2011.11.21 15:00,0,,2,3w 6d,London,NA,,NA,,1.03192,BREAK,2011.11.21 11:00,0,,0,,0,,0,NA,London,BREAK,2011.11.23 18:00,UNTOUCHED,,B-ZO-BR,S-ZF-BR,S-ZF-BO,S-ZE-BR,S-ZD-BR,S-ZD-BR,B-ZE-UN,B-ZD-BR,B-ZB-BR,B-ZD-BR,B-ZO-BR,S-ZB-BO,B-ZB-BO,B-ZE-BR,S-ZF-UN,B-ZG-BR,S-ZH-UN,B-ZF-BR,B-ZE-BR,S-ZH-UN
265,2011.10.21 00:00,USDCAD,60,86400,BUY,ZO,0,1.02153,1.00849,1304.0,1.02457,1.01314,1143.0,87.653,35.66,839.0,307.7,1.02153,1.01314,1.03296,BREAK,2011.11.21 12:00,0,,0,,0,,0,NA,London,BREAK,2011.11.23 13:00,BOUNCE,2011.11.28 02:00,1.00010,BOUNCE,2011.10.25 13:00,1,2011.10.25 17:00,1,2011.11.18 09:00,1,2011.11.21 12:00,3,3w 5d,NewYork,NA,,NA,,1.02992,BOUNCE,2011.11.18 09:00,0,,0,,0,,0,NA,London,NA,,NA,,1.00475,BREAK,2011.10.24 16:00,0,,0,,0,,0,NA,NewYork,BREAK,2011.10.27 16:00,UNTOUCHED,,S-ZO-BR,B-ZO-BR,S-ZF-BR,S-ZF-BO,S-ZE-BR,S-ZD-BR,S-ZD-BR,B-ZE-UN,B-ZD-BR,B-ZB-BR,S-ZB-BO,B-ZB-BO,B-ZE-BR,S-ZF-UN,B-ZG-BR,S-ZH-UN,B-ZF-BR,B-ZE-BR,S-ZH-UN,S-ZO-UN
266,2011.10.22 00:00,USDCAD,60,86400,SELL,ZB,1,1.02457,1.01314,1143.0,1.01869,1.00665,1204.0,105.337,51.44,555.0,269.7,1.01869,1.01314,1.00110,BOUNCE,2011.10.25 10:00,1,2011.10.25 17:00,1,2011.11.10 00:00,1,2011.11.21 11:00,3,3w 6d,London,NA,,NA,,1.03012,BREAK,2011.11.21 11:00,0,,0,,0,,0,NA,London,BREAK,2011.11.21 18:00,BOUNCE,2011.11.22 18:00,1.00759,BREAK,2011.10.22 00:00,0,,0,,0,,0,NA,Asia,BREAK,2011.10.25 13:00,BREAK,2011.10.27 16:00,1.02424,BOUNCE,2011.11.10 00:00,0,,0,,0,,0,NA,Asia,NA,,NA,,B-ZO-BR,S-ZO-BR,B-ZO-BR,S-ZF-BR,S-ZF-BO,S-ZE-BR,S-ZD-BR,S-ZD-BR,B-ZE-UN,B-ZD-BR,B-ZB-BO,B-ZE-BR,S-ZF-UN,B-ZG-BR,S-ZH-UN,B-ZF-BR,B-ZE-BR,S-ZH-UN,S-ZO-UN,B-ZB-BO
267,2011.11.02 00:00,USDCAD,60,86400,BUY,ZB,1,1.00262,0.99122,1140.0,1.02071,0.99653,2418.0,212.105,46.58,609.0,269.0,1.00262,0.99653,1.02680,BOUNCE,2011.11.16 06:00,1,2011.11.30 16:00,0,,0,,1,2w 0d,Asia,NA,,NA,,0.98513,UNTOUCHED,,0,,0,,0,,0,NA,Other,NA,,NA,,1.00871,BREAK,2011.11.02 00:00,0,,0,,0,,0,NA,Asia,BREAK,2011.11.02 01:00,BOUNCE,2011.11.02 12:00,0.99044,UNTOUCHED,,0,,0,,0,,0,NA,Other,NA,,NA,,S-ZB-BO,B-ZO-BR,S-ZO-BR,B-ZO-BR,S-ZF-BR,S-ZF-BO,S-ZE-BR,S-ZD-BR,S-ZD-BR,B-ZE-UN,B-ZE-BR,S-ZF-UN,B-ZG-BR,S-ZH-UN,B-ZF-BR,B-ZE-BR,S-ZH-UN,S-ZO-UN,B-ZB-BO,B-ZO-BR
268,2011.11.03 00:00,USDCAD,60,86400,BUY,ZE,1,1.02071,0.99653,2418.0,1.02216,1.01059,1157.0,47.849,58.15,1012.0,570.6,1.02071,1.01059,1.03228,BREAK,2011.11.21 11:00,0,,0,,0,,0,NA,London,BREAK,2011.11.23 19:00,UNTOUCHED,,0.98641,UNTOUCHED,,0,,0,,0,,0,NA,Other,NA,,NA,,1.03083,BREAK,2011.11.21 11:00,0,,0,,0,,0,NA,London,BREAK,2011.11.23 19:00,BOUNCE,2011.11.28 02:00,1.00047,UNTOUCHED,,0,,0,,0,,0,NA,Other,NA,,NA,,B-ZB-BO,S-ZB-BO,B-ZO-BR,S-ZO-BR,B-ZO-BR,S-ZF-BR,S-ZF-BO,S-ZE-BR,S-ZD-BR,S-ZD-BR,S-ZF-UN,B-ZG-BR,S-ZH-UN,B-ZF-BR,B-ZE-BR,S-ZH-UN,S-ZO-UN,B-ZB-BO,B-ZO-BR,B-ZG-BR
269,2011.11.04 00:00,USDCAD,60,86400,SELL,ZF,0,1.02216,1.01059,1157.0,1.02142,1.00553,1589.0,137.338,6.40,1083.0,273.1,1.02142,1.01059,0.99470,UNTOUCHED,,0,,0,,0,,0,NA,Other,NA,,NA,,1.03299,BREAK,2011.11.21 12:00,0,,0,,0,,0,NA,London,BREAK,2011.11.23 19:00,UNTOUCHED,,0.99976,UNTOUCHED,,0,,0,,0,,0,NA,Other,NA,,NA,,1.03225,BREAK,2011.11.21 11:00,0,,0,,0,,0,NA,London,BREAK,2011.11.23 18:00,UNTOUCHED,,B-ZE-BR,B-ZB-BO,S-ZB-BO,B-ZO-BR,S-ZO-BR,B-ZO-BR,S-ZF-BR,S-ZF-BO,S-ZE-BR,S-ZD-BR,B-ZG-BR,S-ZH-UN,B-ZF-BR,B-ZE-BR,S-ZH-UN,S-ZO-UN,B-ZB-BO,B-ZO-BR,B-ZG-BR,B-ZB-UN
270,2011.11.05 00:00,USDCAD,60,86400,BUY,ZG,0,1.02142,1.00553,1589.0,1.02267,1.00653,1614.0,101.573,6.29,1489.0,375.0,1.02142,1.00653,1.03756,BREAK,2011.11.21 17:00,0,,0,,0,,0,NA,NewYork,UNTOUCHED,,NA,,0.99064,UNTOUCHED,,0,,0,,0,,0,NA,Other,NA,,NA,,1.03631,BREAK,2011.11.21 15:00,0,,0,,0,,0,NA,NewYork,BOUNCE,2011.11.28 12:00,NA,,0.99164,UNTOUCHED,,0,,0,,0,,0,NA,Other,NA,,NA,,S-ZF-UN,B-ZE-BR,B-ZB-BO,S-ZB-BO,B-ZO-BR,S-ZO-BR,B-ZO-BR,S-ZF-BR,S-ZF-BO,S-ZE-BR,S-ZH-UN,B-ZF-BR,B-ZE-BR,S-ZH-UN,S-ZO-UN,B-ZB-BO,B-ZO-BR,B-ZG-BR,B-ZB-UN,S-ZB-BR
271,2011.11.09 00:00,USDCAD,60,86400,SELL,ZH,0,1.02028,1.01237,791.0,1.01813,1.00770,1043.0,131.858,27.18,576.0,186.7,1.01813,1.01237,1.00194,UNTOUCHED,,0,,0,,0,,0,NA,Other,NA,,NA,,1.02604,BOUNCE,2011.11.10 10:00,1,2011.11.11 18:00,1,2011.12.07 10:00,0,,2,3w 6d,London,NA,,NA,,1.00661,BOUNCE,2011.12.07 10:00,1,2011.12.09 06:00,1,2011.12.09 10:00,0,,2,2d 0h,London,NA,,NA,,1.02389,BREAK,2011.11.10 00:00,0,,0,,0,,0,NA,Asia,BOUNCE,2011.11.18 14:00,NA,,B-ZG-BR,S-ZF-UN,B-ZE-BR,B-ZB-BO,S-ZB-BO,B-ZO-BR,S-ZO-BR,B-ZO-BR,S-ZF-BR,S-ZF-BO,B-ZF-BR,B-ZE-BR,S-ZH-UN,S-ZO-UN,B-ZB-BO,B-ZO-BR,B-ZG-BR,B-ZB-UN,S-ZB-BR,S-ZF-UN
272,2011.11.10 00:00,USDCAD,60,86400,BUY,ZF,0,1.01813,1.00770,1043.0,1.02316,1.00773,1543.0,147.939,0.29,1040.0,246.1,1.01813,1.00773,1.03356,BREAK,2011.11.21 13:00,0,,0,,0,,0,NA,NewYork,BREAK,2011.11.23 18:00,UNTOUCHED,,0.99730,UNTOUCHED,,0,,0,,0,,0,NA,Other,NA,,NA,,1.02853,BOUNCE,2011.11.16 08:00,0,,0,,0,,0,NA,London,NA,,NA,,0.99733,UNTOUCHED,,0,,0,,0,,0,NA,Other,NA,,NA,,S-ZH-UN,B-ZG-BR,S-ZF-UN,B-ZE-BR,B-ZB-BO,S-ZB-BO,B-ZO-BR,S-ZO-BR,B-ZO-BR,S-ZF-BR,B-ZE-BR,S-ZH-UN,S-ZO-UN,B-ZB-BO,B-ZO-BR,B-ZG-BR,B-ZB-UN,S-ZB-BR,S-ZF-UN,S-ZO-UN
273,2011.11.11 00:00,USDCAD,60,86400,BUY,ZE,1,1.02316,1.00773,1543.0,1.02652,1.01632,1020.0,66.105,55.67,684.0,364.1,1.02316,1.01632,1.03336,BREAK,2011.11.21 13:00,0,,0,,0,,0,NA,NewYork,BREAK,2011.11.23 13:00,BREAK,2011.11.25 12:00,1.00089,UNTOUCHED,,0,,0,,0,,0,NA,Other,NA,,NA,,1.03000,BOUNCE,2011.11.18 09:00,1,2011.12.02 14:00,0,,0,,1,2w 0d,London,NA,,NA,,1.00948,BOUNCE,2011.11.14 02:00,1,2011.11.18 09:00,1,2011.11.18 09:00,0,,2,4d 7h,Asia,NA,,NA,,B-ZF-BR,S-ZH-UN,B-ZG-BR,S-ZF-UN,B-ZE-BR,B-ZB-BO,S-ZB-BO,B-ZO-BR,S-ZO-BR,B-ZO-BR,S-ZH-UN,S-ZO-UN,B-ZB-BO,B-ZO-BR,B-ZG-BR,B-ZB-UN,S-ZB-BR,S-ZF-UN,S-ZO-UN,S-ZH-BR
274,2011.11.14 02:00,USDCAD,60,86400,SELL,ZH,1,1.02652,1.01632,1020.0,1.02311,1.01068,1243.0,121.863,33.43,679.0,240.7,1.02311,1.01632,1.00389,UNTOUCHED,,0,,0,,0,,0,NA,Other,NA,,NA,,1.03331,BREAK,2011.11.21 13:00,0,,0,,0,,0,NA,NewYork,BREAK,2011.11.23 12:00,BREAK,2011.11.23 19:00,1.00953,BOUNCE,2011.11.14 02:00,1,2011.11.18 09:00,1,2011.11.21 13:00,0,,2,1w 0d,Asia,NA,,NA,,1.02990,BOUNCE,2011.11.18 09:00,1,2011.12.02 14:00,1,2011.12.02 14:00,0,,2,2w 0d,London,NA,,NA,,B-ZE-BR,B-ZF-BR,S-ZH-UN,B-ZG-BR,S-ZF-UN,B-ZE-BR,B-ZB-BO,S-ZB-BO,B-ZO-BR,S-ZO-BR,S-ZO-UN,B-ZB-BO,B-ZO-BR,B-ZG-BR,B-ZB-UN,S-ZB-BR,S-ZF-UN,S-ZO-UN,S-ZH-BR,S-ZE-UN
275,2011.11.15 00:00,USDCAD,60,86400,SELL,ZO,0,1.02311,1.01068,1243.0,1.01940,1.00870,1070.0,86.082,29.85,872.0,293.3,1.01940,1.01068,0.99998,UNTOUCHED,,0,,0,,0,,0,NA,Other,NA,,NA,,1.03183,BREAK,2011.11.21 11:00,0,,0,,0,,0,NA,London,BREAK,2011.11.23 13:00,BREAK,2011.11.25 14:00,1.00196,UNTOUCHED,,0,,0,,0,,0,NA,Other,NA,,NA,,1.02812,BOUNCE,2011.11.16 08:00,0,,0,,0,,0,NA,London,NA,,NA,,S-ZH-UN,B-ZE-BR,B-ZF-BR,S-ZH-UN,B-ZG-BR,S-ZF-UN,B-ZE-BR,B-ZB-BO,S-ZB-BO,B-ZO-BR,B-ZB-BO,B-ZO-BR,B-ZG-BR,B-ZB-UN,S-ZB-BR,S-ZF-UN,S-ZO-UN,S-ZH-BR,S-ZE-UN,B-ZE-BR
276,2011.11.16 00:00,USDCAD,60,86400,BUY,ZB,1,1.01940,1.00870,1070.0,1.02620,1.01578,1042.0,97.383,66.17,362.0,252.5,1.01940,1.01578,1.02982,BOUNCE,2011.11.18 09:00,1,2011.11.18 15:00,1,2011.12.02 11:00,0,,2,2w 0d,London,NA,,NA,,1.00508,UNTOUCHED,,0,,0,,0,,0,NA,Other,NA,,NA,,1.02302,BREAK,2011.11.16 03:00,0,,0,,0,,0,NA,Asia,BOUNCE,2011.11.16 12:00,NA,,1.01216,BREAK,2011.12.02 11:00,0,,0,,0,,0,NA,London,BOUNCE,2011.12.07 16:00,NA,,S-ZO-UN,S-ZH-UN,B-ZE-BR,B-ZF-BR,S-ZH-UN,B-ZG-BR,S-ZF-UN,B-ZE-BR,B-ZB-BO,S-ZB-BO,B-ZO-BR,B-ZG-BR,B-ZB-UN,S-ZB-BR,S-ZF-UN,S-ZO-UN,S-ZH-BR,S-ZE-UN,B-ZE-BR,B-ZD-BO
277,2011.11.17 00:00,USDCAD,60,86400,BUY,ZO,0,1.02620,1.01578,1042.0,1.02873,1.01706,1167.0,111.996,12.28,914.0,245.9,1.02620,1.01706,1.03787,BREAK,2011.11.21 18:00,0,,0,,0,,0,NA,NewYork,BREAK,2011.11.23 19:00,UNTOUCHED,,1.00664,BOUNCE,2011.12.07 10:00,1,2011.12.09 06:00,1,2011.12.14 11:00,1,2011.12.14 15:00,3,1w 0d,London,NA,,NA,,1.03534,BREAK,2011.11.21 14:00,0,,0,,0,,0,NA,NewYork,BREAK,2011.11.23 19:00,UNTOUCHED,,1.00792,BOUNCE,2011.12.02 14:00,1,2011.12.14 11:00,1,2011.12.14 11:00,0,,2,1w 4d,NewYork,NA,,NA,,B-ZB-BO,S-ZO-UN,S-ZH-UN,B-ZE-BR,B-ZF-BR,S-ZH-UN,B-ZG-BR,S-ZF-UN,B-ZE-BR,B-ZB-BO,B-ZG-BR,B-ZB-UN,S-ZB-BR,S-ZF-UN,S-ZO-UN,S-ZH-BR,S-ZE-UN,B-ZE-BR,B-ZD-BO,S-ZG-BR
278,2011.11.18 00:00,USDCAD,60,86400,BUY,ZG,0,1.02873,1.01706,1167.0,1.02933,1.02077,856.0,73.350,31.79,796.0,275.4,1.02873,1.02077,1.03729,BREAK,2011.11.21 17:00,0,,0,,0,,0,NA,NewYork,BREAK,2011.11.23 19:00,UNTOUCHED,,1.00910,BOUNCE,2011.12.02 14:00,1,2011.12.09 06:00,1,2011.12.14 15:00,1,2011.12.14 15:00,3,1w 5d,NewYork,NA,,NA,,1.03669,BREAK,2011.11.21 15:00,0,,0,,0,,0,NA,NewYork,BREAK,2011.11.23 19:00,UNTOUCHED,,1.01281,BOUNCE,2011.11.30 16:00,1,2011.12.14 15:00,1,2011.12.14 15:00,0,,2,1w 6d,NewYork,NA,,NA,,B-ZO-BR,B-ZB-BO,S-ZO-UN,S-ZH-UN,B-ZE-BR,B-ZF-BR,S-ZH-UN,B-ZG-BR,S-ZF-UN,B-ZE-BR,B-ZB-UN,S-ZB-BR,S-ZF-UN,S-ZO-UN,S-ZH-BR,S-ZE-UN,B-ZE-BR,B-ZD-BO,S-ZG-BR,S-ZF-BO
279,2011.11.24 00:00,USDCAD,60,86400,BUY,ZB,1,1.04108,1.03457,651.0,1.04967,1.03712,1255.0,192.780,39.17,396.0,153.6,1.04108,1.03712,1.05363,UNTOUCHED,,0,,0,,0,,0,NA,Other,NA,,NA,,1.03061,BOUNCE,2011.11.28 17:00,1,2011.12.14 16:00,0,,0,,1,2w 1d,NewYork,NA,,NA,,1.04504,BREAK,2011.11.24 00:00,0,,0,,0,,0,NA,Asia,BREAK,2011.11.25 12:00,UNTOUCHED,,1.03316,BREAK,2011.11.28 13:00,0,,0,,0,,0,NA,NewYork,BREAK,2011.11.29 14:00,BREAK,2011.11.30 16:00,B-ZG-BR,B-ZO-BR,B-ZB-BO,S-ZO-UN,S-ZH-UN,B-ZE-BR,B-ZF-BR,S-ZH-UN,B-ZG-BR,S-ZF-UN,S-ZB-BR,S-ZF-UN,S-ZO-UN,S-ZH-BR,S-ZE-UN,B-ZE-BR,B-ZD-BO,S-ZG-BR,S-ZF-BO,S-ZB-BR
280,2011.11.30 00:00,USDCAD,60,86400,SELL,ZB,1,1.04338,1.03033,1305.0,1.03625,1.02575,1050.0,80.460,54.64,592.0,308.0,1.03625,1.03033,1.01983,BREAK,2011.11.30 16:00,0,,0,,0,,0,NA,NewYork,BOUNCE,2011.11.30 19:00,NA,,1.04930,UNTOUCHED,,0,,0,,0,,0,NA,Other,NA,,NA,,1.02441,BREAK,2011.11.30 16:00,0,,0,,0,,0,NA,NewYork,BREAK,2011.11.30 17:00,BREAK,2011.12.02 14:00,1.04217,BOUNCE,2011.12.14 18:00,1,2011.12.21 10:00,1,2011.12.21 10:00,0,,2,6d 16h,NewYork,NA,,NA,,B-ZB-UN,B-ZG-BR,B-ZO-BR,B-ZB-BO,S-ZO-UN,S-ZH-UN,B-ZE-BR,B-ZF-BR,S-ZH-UN,B-ZG-BR,S-ZF-UN,S-ZO-UN,S-ZH-BR,S-ZE-UN,B-ZE-BR,B-ZD-BO,S-ZG-BR,S-ZF-BO,S-ZB-BR,S-ZG-BO
281,2011.12.01 00:00,USDCAD,60,86400,SELL,ZF,1,1.03625,1.02575,1050.0,1.03613,1.01223,2390.0,227.619,1.14,1038.0,247.8,1.03613,1.02575,1.00185,UNTOUCHED,,0,,0,,0,,0,NA,Other,NA,,NA,,1.04663,UNTOUCHED,,0,,0,,0,,0,NA,Other,NA,,NA,,1.01537,BREAK,2011.12.01 18:00,0,,0,,0,,0,NA,NewYork,UNTOUCHED,,NA,,1.04651,UNTOUCHED,,0,,0,,0,,0,NA,Other,NA,,NA,,S-ZB-BR,B-ZB-UN,B-ZG-BR,B-ZO-BR,B-ZB-BO,S-ZO-UN,S-ZH-UN,B-ZE-BR,B-ZF-BR,S-ZH-UN,S-ZO-UN,S-ZH-BR,S-ZE-UN,B-ZE-BR,B-ZD-BO,S-ZG-BR,S-ZF-BO,S-ZB-BR,S-ZG-BO,B-ZE-BO
282,2011.12.03 00:00,USDCAD,60,86400,SELL,ZO,1,1.02221,1.01351,870.0,1.01947,1.00787,1160.0,133.333,31.49,596.0,205.3,1.01947,1.01351,1.00191,UNTOUCHED,,0,,0,,0,,0,NA,Other,NA,,NA,,1.02817,BREAK,2011.12.12 18:00,0,,0,,0,,0,NA,NewYork,BREAK,2011.12.14 11:00,BREAK,2011.12.14 18:00,1.00755,BREAK,2011.12.07 10:00,0,,0,,0,,0,NA,London,UNTOUCHED,,NA,,1.02543,BOUNCE,2011.12.09 10:00,0,,0,,0,,0,NA,London,NA,,NA,,S-ZF-UN,S-ZB-BR,B-ZB-UN,B-ZG-BR,B-ZO-BR,B-ZB-BO,S-ZO-UN,S-ZH-UN,B-ZE-BR,B-ZF-BR,S-ZH-BR,S-ZE-UN,B-ZE-BR,B-ZD-BO,S-ZG-BR,S-ZF-BO,S-ZB-BR,S-ZG-BO,B-ZE-BO,S-ZD-BR
283,2011.12.06 00:00,USDCAD,60,86400,SELL,ZH,1,1.01964,1.01792,172.0,1.01918,1.01191,727.0,422.674,26.74,126.0,40.6,1.01918,1.01792,1.01065,BREAK,2011.12.06 22:00,0,,0,,0,,0,NA,Other,BREAK,2011.12.06 23:00,BREAK,2011.12.07 10:00,1.02090,BOUNCE,2011.12.08 19:00,1,2011.12.08 23:00,1,2011.12.10 00:00,1,2012.01.03 14:00,3,3w 4d,NewYork,NA,,NA,,1.01666,BREAK,2011.12.06 00:00,0,,0,,0,,0,NA,Asia,BREAK,2011.12.06 13:00,BOUNCE,2011.12.06 14:00,1.02044,BOUNCE,2011.12.06 10:00,1,2011.12.06 11:00,1,2011.12.06 11:00,0,,2,1h,London,NA,,NA,,S-ZO-UN,S-ZF-UN,S-ZB-BR,B-ZB-UN,B-ZG-BR,B-ZO-BR,B-ZB-BO,S-ZO-UN,S-ZH-UN,B-ZE-BR,S-ZE-UN,B-ZE-BR,B-ZD-BO,S-ZG-BR,S-ZF-BO,S-ZB-BR,S-ZG-BO,B-ZE-BO,S-ZD-BR,S-ZF-BO
284,2011.12.08 00:00,USDCAD,60,86400,SELL,ZE,1,1.02054,1.00844,1210.0,1.01323,1.00649,674.0,55.702,60.41,479.0,285.6,1.01323,1.00844,1.00170,UNTOUCHED,,0,,0,,0,,0,NA,Other,NA,,NA,,1.02533,BOUNCE,2011.12.09 10:00,1,2011.12.28 14:00,0,,0,,1,2w 5d,London,NA,,NA,,1.00365,UNTOUCHED,,0,,0,,0,,0,NA,Other,NA,,NA,,1.01802,BREAK,2011.12.08 19:00,0,,0,,0,,0,NA,NewYork,BOUNCE,2011.12.08 23:00,NA,,S-ZH-BR,S-ZO-UN,S-ZF-UN,S-ZB-BR,B-ZB-UN,B-ZG-BR,B-ZO-BR,B-ZB-BO,S-ZO-UN,S-ZH-UN,B-ZE-BR,B-ZD-BO,S-ZG-BR,S-ZF-BO,S-ZB-BR,S-ZG-BO,B-ZE-BO,S-ZD-BR,S-ZF-BO,B-ZB-UN
285,2011.12.10 00:00,USDCAD,60,86400,BUY,ZE,1,1.02323,1.00508,1815.0,1.02610,1.01776,834.0,45.950,69.86,547.0,428.3,1.02323,1.01776,1.03157,BREAK,2011.12.13 22:00,0,,0,,0,,0,NA,Other,BREAK,2011.12.14 17:00,UNTOUCHED,,0.99961,UNTOUCHED,,0,,0,,0,,0,NA,Other,NA,,NA,,1.02870,BOUNCE,2011.12.13 12:00,1,2012.01.03 13:00,0,,0,,1,3w 0d,London,NA,,NA,,1.01229,BREAK,2012.01.03 13:00,0,,0,,0,,0,NA,NewYork,BOUNCE,2012.01.24 15:00,NA,,S-ZE-UN,S-ZH-BR,S-ZO-UN,S-ZF-UN,S-ZB-BR,B-ZB-UN,B-ZG-BR,B-ZO-BR,B-ZB-BO,S-ZO-UN,B-ZD-BO,S-ZG-BR,S-ZF-BO,S-ZB-BR,S-ZG-BO,B-ZE-BO,S-ZD-BR,S-ZF-BO,B-ZB-UN,S-ZO-BO
286,2011.12.14 00:00,USDCAD,60,86400,BUY,ZD,1,1.02839,1.01826,1013.0,1.03473,1.02305,1168.0,115.301,47.29,534.0,239.1,1.02839,1.02305,1.04007,BOUNCE,2011.12.14 17:00,1,2011.12.20 17:00,1,2011.12.26 13:00,1,2011.12.28 16:00,3,1w 6d,NewYork,NA,,NA,,1.01292,BOUNCE,2011.12.28 16:00,1,2011.12.28 19:00,0,,0,,1,3h,NewYork,NA,,NA,,1.03373,BREAK,2011.12.14 00:00,0,,0,,0,,0,NA,Asia,BREAK,2011.12.14 18:00,UNTOUCHED,,1.01771,BREAK,2011.12.26 13:00,0,,0,,0,,0,NA,NewYork,BREAK,2012.01.03 14:00,BOUNCE,2012.01.20 04:00,B-ZE-BR,S-ZE-UN,S-ZH-BR,S-ZO-UN,S-ZF-UN,S-ZB-BR,B-ZB-UN,B-ZG-BR,B-ZO-BR,B-ZB-BO,S-ZG-BR,S-ZF-BO,S-ZB-BR,S-ZG-BO,B-ZE-BO,S-ZD-BR,S-ZF-BO,B-ZB-UN,S-ZO-BO,B-ZG-BO
287,2011.12.16 00:00,USDCAD,60,86400,SELL,ZG,0,1.04222,1.03261,961.0,1.04047,1.03186,861.0,89.594,18.21,786.0,226.8,1.04047,1.03261,1.02400,BREAK,2011.12.21 10:00,0,,0,,0,,0,NA,London,BREAK,2011.12.28 16:00,BOUNCE,2012.01.05 11:00,1.05008,UNTOUCHED,,0,,0,,0,,0,NA,Other,NA,,NA,,1.02475,BREAK,2011.12.21 10:00,0,,0,,0,,0,NA,London,BREAK,2011.12.28 16:00,BOUNCE,2012.01.05 12:00,1.04833,UNTOUCHED,,0,,0,,0,,0,NA,Other,NA,,NA,,B-ZD-BO,B-ZE-BR,S-ZE-UN,S-ZH-BR,S-ZO-UN,S-ZF-UN,S-ZB-BR,B-ZB-UN,B-ZG-BR,B-ZO-BR,S-ZF-BO,S-ZB-BR,S-ZG-BO,B-ZE-BO,S-ZD-BR,S-ZF-BO,B-ZB-UN,S-ZO-BO,B-ZG-BO,B-ZF-UN
288,2011.12.21 00:00,USDCAD,60,86400,SELL,ZF,1,1.04147,1.03341,806.0,1.03880,1.02630,1250.0,155.087,33.13,539.0,190.2,1.03880,1.03341,1.02091,BOUNCE,2011.12.21 13:00,1,2012.01.09 07:00,0,,0,,1,2w 4d,NewYork,NA,,NA,,1.04686,UNTOUCHED,,0,,0,,0,,0,NA,Other,NA,,NA,,1.02802,BREAK,2011.12.21 03:00,0,,0,,0,,0,NA,Asia,BOUNCE,2011.12.21 15:00,NA,,1.04419,UNTOUCHED,,0,,0,,0,,0,NA,Other,NA,,NA,,S-ZG-BR,B-ZD-BO,B-ZE-BR,S-ZE-UN,S-ZH-BR,S-ZO-UN,S-ZF-UN,S-ZB-BR,B-ZB-UN,B-ZG-BR,S-ZB-BR,S-ZG-BO,B-ZE-BO,S-ZD-BR,S-ZF-BO,B-ZB-UN,S-ZO-BO,B-ZG-BO,B-ZF-UN,S-ZB-BO
289,2011.12.22 00:00,USDCAD,60,86400,SELL,ZB,1,1.03880,1.02630,1250.0,1.03090,1.02080,1010.0,80.800,63.20,460.0,295.0,1.03090,1.02630,1.01620,BREAK,2011.12.28 13:00,0,,0,,0,,0,NA,NewYork,BREAK,2012.01.03 14:00,BOUNCE,2012.01.19 22:00,1.04340,UNTOUCHED,,0,,0,,0,,0,NA,Other,NA,,NA,,1.02170,BREAK,2011.12.22 19:00,0,,0,,0,,0,NA,NewYork,BREAK,2011.12.28 16:00,BREAK,2012.01.03 14:00,1.03550,UNTOUCHED,,0,,0,,0,,0,NA,Other,NA,,NA,,S-ZF-BO,S-ZG-BR,B-ZD-BO,B-ZE-BR,S-ZE-UN,S-ZH-BR,S-ZO-UN,S-ZF-UN,S-ZB-BR,B-ZB-UN,S-ZG-BO,B-ZE-BO,S-ZD-BR,S-ZF-BO,B-ZB-UN,S-ZO-BO,B-ZG-BO,B-ZF-UN,S-ZB-BO,S-ZF-BR
290,2011.12.23 00:00,USDCAD,60,86400,SELL,ZG,0,1.03090,1.02080,1010.0,1.02798,1.02001,797.0,78.911,28.91,718.0,238.4,1.02798,1.02080,1.01283,BOUNCE,2011.12.28 16:00,1,2012.01.07 00:00,0,,0,,1,1w 2d,NewYork,NA,,NA,,1.03808,UNTOUCHED,,0,,0,,0,,0,NA,Other,NA,,NA,,1.01362,BOUNCE,2011.12.28 16:00,0,,0,,0,,0,NA,NewYork,NA,,NA,,1.03516,UNTOUCHED,,0,,0,,0,,0,NA,Other,NA,,NA,,S-ZB-BR,S-ZF-BO,S-ZG-BR,B-ZD-BO,B-ZE-BR,S-ZE-UN,S-ZH-BR,S-ZO-UN,S-ZF-UN,S-ZB-BR,B-ZE-BO,S-ZD-BR,S-ZF-BO,B-ZB-UN,S-ZO-BO,B-ZG-BO,B-ZF-UN,S-ZB-BO,S-ZF-BR,S-ZE-BO
291,2011.12.30 00:00,USDCAD,60,86400,BUY,ZE,1,1.02501,1.01254,1247.0,1.02672,1.02017,655.0,52.526,61.19,484.0,294.3,1.02501,1.02017,1.03156,BOUNCE,2012.01.09 07:00,1,2012.01.10 03:00,1,2012.01.10 23:00,1,2012.01.19 15:00,3,1w 3d,London,NA,,NA,,1.00770,BOUNCE,2012.01.03 18:00,1,2012.01.05 12:00,1,2012.01.09 02:00,1,2012.01.09 07:00,3,5d 13h,NewYork,NA,,NA,,1.02985,BOUNCE,2012.01.09 02:00,1,2012.01.10 23:00,1,2012.01.19 15:00,0,,2,1w 3d,Asia,NA,,NA,,1.01533,BREAK,2012.01.03 05:00,0,,0,,0,,0,NA,Asia,BOUNCE,2012.01.04 16:00,NA,,S-ZG-BO,S-ZB-BR,S-ZF-BO,S-ZG-BR,B-ZD-BO,B-ZE-BR,S-ZE-UN,S-ZH-BR,S-ZO-UN,S-ZF-UN,S-ZD-BR,S-ZF-BO,B-ZB-UN,S-ZO-BO,B-ZG-BO,B-ZF-UN,S-ZB-BO,S-ZF-BR,S-ZE-BO,B-ZB-UN
292,2011.12.31 00:00,USDCAD,60,86400,SELL,ZD,1,1.02672,1.02017,655.0,1.02192,1.01560,632.0,96.489,73.28,175.0,154.6,1.02192,1.02017,1.01385,BREAK,2012.01.03 08:00,0,,0,,0,,0,NA,London,BREAK,2012.01.03 14:00,BREAK,2012.01.03 15:00,1.02847,BOUNCE,2012.01.07 00:00,1,2012.01.09 17:00,1,2012.01.10 09:00,1,2012.01.11 13:00,3,4d 13h,Asia,NA,,NA,,1.01842,BOUNCE,2012.01.02 02:00,1,2012.01.06 17:00,1,2012.01.07 00:00,0,,2,4d 22h,Asia,NA,,NA,,1.02367,BOUNCE,2012.01.06 17:00,1,2012.01.10 09:00,1,2012.01.10 09:00,0,,2,3d 16h,NewYork,NA,,NA,,B-ZE-BO,S-ZG-BO,S-ZB-BR,S-ZF-BO,S-ZG-BR,B-ZD-BO,B-ZE-BR,S-ZE-UN,S-ZH-BR,S-ZO-UN,S-ZF-BO,B-ZB-UN,S-ZO-BO,B-ZG-BO,B-ZF-UN,S-ZB-BO,S-ZF-BR,S-ZE-BO,B-ZB-UN,B-ZF-UN
293,2012.01.04 00:00,USDCAD,60,86400,SELL,ZF,1,1.02100,1.01723,377.0,1.01965,1.00756,1209.0,320.690,35.81,242.0,89.0,1.01965,1.01723,1.00514,BOUNCE,2012.01.25 21:00,0,,0,,0,,0,NA,Other,NA,,NA,,1.02342,BREAK,2012.01.06 17:00,0,,0,,0,,0,NA,NewYork,BREAK,2012.01.06 21:00,BREAK,2012.01.09 02:00,1.01481,BREAK,2012.01.04 00:00,0,,0,,0,,0,NA,Asia,BREAK,2012.01.04 01:00,BREAK,2012.01.19 12:00,1.02207,BOUNCE,2012.01.05 19:00,1,2012.01.11 11:00,1,2012.01.11 11:00,0,,2,5d 16h,NewYork,NA,,NA,,S-ZD-BR,B-ZE-BO,S-ZG-BO,S-ZB-BR,S-ZF-BO,S-ZG-BR,B-ZD-BO,B-ZE-BR,S-ZE-UN,S-ZH-BR,B-ZB-UN,S-ZO-BO,B-ZG-BO,B-ZF-UN,S-ZB-BO,S-ZF-BR,S-ZE-BO,B-ZB-UN,B-ZF-UN,S-ZO-BR
294,2012.01.07 00:00,USDCAD,60,86400,BUY,ZB,1,1.02243,1.01196,1047.0,1.02699,1.01686,1013.0,96.753,46.80,557.0,247.1,1.02243,1.01686,1.03256,UNTOUCHED,,0,,0,,0,,0,NA,Other,NA,,NA,,1.00639,BOUNCE,2012.01.23 17:00,0,,0,,0,,0,NA,NewYork,NA,,NA,,1.02800,BREAK,2012.01.07 00:00,0,,0,,0,,0,NA,Asia,UNTOUCHED,,NA,,1.01129,BOUNCE,2012.01.17 13:00,0,,0,,0,,0,NA,NewYork,NA,,NA,,S-ZF-BO,S-ZD-BR,B-ZE-BO,S-ZG-BO,S-ZB-BR,S-ZF-BO,S-ZG-BR,B-ZD-BO,B-ZE-BR,S-ZE-UN,S-ZO-BO,B-ZG-BO,B-ZF-UN,S-ZB-BO,S-ZF-BR,S-ZE-BO,B-ZB-UN,B-ZF-UN,S-ZO-BR,S-ZG-BR
295,2012.01.12 00:00,USDCAD,60,86400,SELL,ZO,0,1.02393,1.01532,861.0,1.02091,1.01382,709.0,82.346,35.08,559.0,203.2,1.02091,1.01532,1.00823,BOUNCE,2012.01.19 15:00,0,,0,,0,,0,NA,NewYork,NA,,NA,,1.02952,UNTOUCHED,,0,,0,,0,,0,NA,Other,NA,,NA,,1.00973,BREAK,2012.01.19 06:00,0,,0,,0,,0,NA,Asia,BREAK,2012.01.26 08:00,BOUNCE,2012.01.30 09:00,1.02650,BOUNCE,2012.01.13 18:00,1,2012.01.19 06:00,1,2012.01.19 06:00,0,,2,5d 12h,NewYork,NA,,NA,,B-ZB-UN,S-ZF-BO,S-ZD-BR,B-ZE-BO,S-ZG-BO,S-ZB-BR,S-ZF-BO,S-ZG-BR,B-ZD-BO,B-ZE-BR,B-ZG-BO,B-ZF-UN,S-ZB-BO,S-ZF-BR,S-ZE-BO,B-ZB-UN,B-ZF-UN,S-ZO-BR,S-ZG-BR,B-ZH-BO
296,2012.01.13 00:00,USDCAD,60,86400,BUY,ZG,0,1.02091,1.01382,709.0,1.02094,1.01385,709.0,100.000,0.42,706.0,167.3,1.02091,1.01385,1.02800,BOUNCE,2012.01.13 18:00,1,2012.01.17 10:00,1,2012.01.23 17:00,1,2012.01.23 17:00,3,1w 2d,NewYork,NA,,NA,,1.00676,BOUNCE,2012.01.23 17:00,0,,0,,0,,0,NA,NewYork,NA,,NA,,1.02797,BOUNCE,2012.01.13 18:00,1,2012.01.23 17:00,1,2012.01.23 17:00,0,,2,1w 2d,NewYork,NA,,NA,,1.00679,BOUNCE,2012.01.23 17:00,0,,0,,0,,0,NA,NewYork,NA,,NA,,S-ZO-BO,B-ZB-UN,S-ZF-BO,S-ZD-BR,B-ZE-BO,S-ZG-BO,S-ZB-BR,S-ZF-BO,S-ZG-BR,B-ZD-BO,B-ZF-UN,S-ZB-BO,S-ZF-BR,S-ZE-BO,B-ZB-UN,B-ZF-UN,S-ZO-BR,S-ZG-BR,B-ZH-BO,B-ZO-BO
297,2012.01.14 00:00,USDCAD,60,86400,BUY,ZF,1,1.02094,1.01385,709.0,1.02822,1.01626,1196.0,168.688,33.99,468.0,167.3,1.02094,1.01626,1.03290,UNTOUCHED,,0,,0,,0,,0,NA,Other,NA,,NA,,1.00917,BREAK,2012.01.19 11:00,0,,0,,0,,0,NA,London,BREAK,2012.01.25 23:00,BREAK,2012.01.26 19:00,1.02562,UNTOUCHED,,0,,0,,0,,0,NA,Other,NA,,NA,,1.01158,BOUNCE,2012.01.17 12:00,0,,0,,0,,0,NA,London,NA,,NA,,B-ZG-BO,S-ZO-BO,B-ZB-UN,S-ZF-BO,S-ZD-BR,B-ZE-BO,S-ZG-BO,S-ZB-BR,S-ZF-BO,S-ZG-BR,S-ZB-BO,S-ZF-BR,S-ZE-BO,B-ZB-UN,B-ZF-UN,S-ZO-BR,S-ZG-BR,B-ZH-BO,B-ZO-BO,S-ZO-BR
298,2012.01.18 00:00,USDCAD,60,86400,SELL,ZB,1,1.02522,1.01646,876.0,1.01872,1.01121,751.0,85.731,74.20,226.0,206.7,1.01872,1.01646,1.00895,BOUNCE,2012.01.19 13:00,1,2012.01.20 06:00,0,,0,,1,17h,NewYork,NA,,NA,,1.02748,UNTOUCHED,,0,,0,,0,,0,NA,Other,NA,,NA,,1.01420,BOUNCE,2012.01.18 06:00,0,,0,,0,,0,NA,Asia,NA,,NA,,1.02098,UNTOUCHED,,0,,0,,0,,0,NA,Other,NA,,NA,,B-ZF-UN,B-ZG-BO,S-ZO-BO,B-ZB-UN,S-ZF-BO,S-ZD-BR,B-ZE-BO,S-ZG-BO,S-ZB-BR,S-ZF-BO,S-ZF-BR,S-ZE-BO,B-ZB-UN,B-ZF-UN,S-ZO-BR,S-ZG-BR,B-ZH-BO,B-ZO-BO,S-ZO-BR,S-ZG-BR
299,2012.01.19 00:00,USDCAD,60,86400,SELL,ZF,0,1.01872,1.01121,751.0,1.01755,1.01095,660.0,87.883,15.58,634.0,177.2,1.01755,1.01121,1.00461,BREAK,2012.01.25 21:00,0,,0,,0,,0,NA,Other,BOUNCE,2012.01.30 09:00,NA,,1.02506,UNTOUCHED,,0,,0,,0,,0,NA,Other,NA,,NA,,1.00487,BREAK,2012.01.25 21:00,0,,0,,0,,0,NA,Other,BOUNCE,2012.01.30 09:00,NA,,1.02389,UNTOUCHED,,0,,0,,0,,0,NA,Other,NA,,NA,,S-ZB-BO,B-ZF-UN,B-ZG-BO,S-ZO-BO,B-ZB-UN,S-ZF-BO,S-ZD-BR,B-ZE-BO,S-ZG-BO,S-ZB-BR,S-ZE-BO,B-ZB-UN,B-ZF-UN,S-ZO-BR,S-ZG-BR,B-ZH-BO,B-ZO-BO,S-ZO-BR,S-ZG-BR,B-ZF-UN
300,2012.01.20 00:00,USDCAD,60,86400,SELL,ZE,1,1.01755,1.01095,660.0,1.01267,1.00694,573.0,86.818,73.94,172.0,155.8,1.01267,1.01095,1.00522,BOUNCE,2012.01.23 18:00,1,2012.01.23 20:00,1,2012.01.25 15:00,0,,2,1d 21h,NewYork,NA,,NA,,1.01927,UNTOUCHED,,0,,0,,0,,0,NA,Other,NA,,NA,,1.00923,BREAK,2012.01.23 14:00,0,,0,,0,,0,NA,NewYork,BREAK,2012.01.23 18:00,BOUNCE,2012.01.25 21:00,1.01439,BOUNCE,2012.01.20 11:00,1,2012.01.23 14:00,1,2012.01.23 14:00,0,,2,3d 3h,London,NA,,NA,,S-ZF-BR,S-ZB-BO,B-ZF-UN,B-ZG-BO,S-ZO-BO,B-ZB-UN,S-ZF-BO,S-ZD-BR,B-ZE-BO,S-ZG-BO,B-ZB-UN,B-ZF-UN,S-ZO-BR,S-ZG-BR,B-ZH-BO,B-ZO-BO,S-ZO-BR,S-ZG-BR,B-ZF-UN,B-ZO-UN
301,2012.01.21 00:00,USDCAD,60,86400,BUY,ZB,1,1.01267,1.00694,573.0,1.01595,1.01050,545.0,95.113,62.13,217.0,135.2,1.01267,1.01050,1.01812,UNTOUCHED,,0,,0,,0,,0,NA,Other,NA,,NA,,1.00477,BOUNCE,2012.01.25 21:00,0,,0,,0,,0,NA,Other,NA,,NA,,1.01484,BOUNCE,2012.01.23 02:00,1,2012.01.23 16:00,1,2012.01.25 21:00,0,,2,2d 19h,Asia,NA,,NA,,1.00833,BREAK,2012.01.23 16:00,0,,0,,0,,0,NA,NewYork,BOUNCE,2012.01.23 20:00,NA,,S-ZE-BO,S-ZF-BR,S-ZB-BO,B-ZF-UN,B-ZG-BO,S-ZO-BO,B-ZB-UN,S-ZF-BO,S-ZD-BR,B-ZE-BO,B-ZF-UN,S-ZO-BR,S-ZG-BR,B-ZH-BO,B-ZO-BO,S-ZO-BR,S-ZG-BR,B-ZF-UN,B-ZO-UN,S-ZC-BO
302,2012.01.31 00:00,USDCAD,60,86400,BUY,ZF,1,1.00192,1.00037,155.0,1.00689,1.00094,595.0,383.871,36.77,98.0,36.6,1.00192,1.00094,1.00787,UNTOUCHED,,0,,0,,0,,0,NA,Other,NA,,NA,,0.99939,BREAK,2012.01.31 11:00,0,,0,,0,,0,NA,London,BREAK,2012.01.31 12:00,BREAK,2012.01.31 14:00,1.00290,BREAK,2012.01.31 18:00,0,,0,,0,,0,NA,NewYork,BREAK,2012.01.31 19:00,BOUNCE,2012.01.31 20:00,0.99996,BOUNCE,2012.01.31 05:00,1,2012.01.31 18:00,1,2012.01.31 18:00,0,,2,13h,Asia,NA,,NA,,B-ZB-UN,S-ZE-BO,S-ZF-BR,S-ZB-BO,B-ZF-UN,B-ZG-BO,S-ZO-BO,B-ZB-UN,S-ZF-BO,S-ZD-BR,S-ZO-BR,S-ZG-BR,B-ZH-BO,B-ZO-BO,S-ZO-BR,S-ZG-BR,B-ZF-UN,B-ZO-UN,S-ZC-BO,B-ZO-UN
303,2012.02.01 00:00,USDCAD,60,86400,SELL,ZO,1,1.00689,1.00094,595.0,1.00521,0.99647,874.0,146.891,28.24,427.0,140.4,1.00521,1.00094,0.99220,BREAK,2012.02.20 02:00,0,,0,,0,,0,NA,Asia,BREAK,2012.02.29 18:00,UNTOUCHED,,1.01116,UNTOUCHED,,0,,0,,0,,0,NA,Other,NA,,NA,,0.99667,BOUNCE,2012.02.01 18:00,0,,0,,0,,0,NA,NewYork,NA,,NA,,1.00948,UNTOUCHED,,0,,0,,0,,0,NA,Other,NA,,NA,,B-ZF-UN,B-ZB-UN,S-ZE-BO,S-ZF-BR,S-ZB-BO,B-ZF-UN,B-ZG-BO,S-ZO-BO,B-ZB-UN,S-ZF-BO,S-ZG-BR,B-ZH-BO,B-ZO-BO,S-ZO-BR,S-ZG-BR,B-ZF-UN,B-ZO-UN,S-ZC-BO,B-ZO-UN,S-ZE-BO
304,2012.02.02 00:00,USDCAD,60,86400,SELL,ZG,0,1.00521,0.99647,874.0,1.00469,0.99626,843.0,96.453,5.95,822.0,206.3,1.00469,0.99647,0.98804,BREAK,2012.02.29 15:00,0,,0,,0,,0,NA,NewYork,UNTOUCHED,,NA,,1.01343,UNTOUCHED,,0,,0,,0,,0,NA,Other,NA,,NA,,0.98825,BREAK,2012.02.29 15:00,0,,0,,0,,0,NA,NewYork,UNTOUCHED,,NA,,1.01291,UNTOUCHED,,0,,0,,0,,0,NA,Other,NA,,NA,,S-ZO-BR,B-ZF-UN,B-ZB-UN,S-ZE-BO,S-ZF-BR,S-ZB-BO,B-ZF-UN,B-ZG-BO,S-ZO-BO,B-ZB-UN,B-ZH-BO,B-ZO-BO,S-ZO-BR,S-ZG-BR,B-ZF-UN,B-ZO-UN,S-ZC-BO,B-ZO-UN,S-ZE-BO,B-ZD-BR
305,2012.02.07 00:00,USDCAD,60,86400,BUY,ZH,1,0.99400,0.99271,129.0,0.99927,0.99276,651.0,504.651,3.88,124.0,30.4,0.99400,0.99276,1.00051,BOUNCE,2012.02.10 14:00,1,2012.02.13 11:00,1,2012.02.20 02:00,1,2012.02.20 02:00,3,1w 2d,NewYork,NA,,NA,,0.99147,BOUNCE,2012.02.20 02:00,1,2012.02.20 11:00,1,2012.02.21 02:00,1,2012.02.22 16:00,3,2d 14h,Asia,NA,,NA,,0.99524,BREAK,2012.02.07 00:00,0,,0,,0,,0,NA,Asia,BREAK,2012.02.07 06:00,BREAK,2012.02.07 14:00,0.99152,BOUNCE,2012.02.20 02:00,1,2012.02.21 02:00,1,2012.02.21 02:00,0,,2,1d 0h,Asia,NA,,NA,,S-ZG-BR,S-ZO-BR,B-ZF-UN,B-ZB-UN,S-ZE-BO,S-ZF-BR,S-ZB-BO,B-ZF-UN,B-ZG-BO,S-ZO-BO,B-ZO-BO,S-ZO-BR,S-ZG-BR,B-ZF-UN,B-ZO-UN,S-ZC-BO,B-ZO-UN,S-ZE-BO,B-ZD-BR,B-ZD-BO
306,2012.02.08 00:00,USDCAD,60,86400,BUY,ZO,0,0.99927,0.99276,651.0,0.99934,0.99394,540.0,82.949,18.13,533.0,153.6,0.99927,0.99394,1.00467,BOUNCE,2012.02.16 11:00,1,2012.02.17 15:00,1,2012.02.29 15:00,1,2012.02.29 16:00,3,1w 6d,London,NA,,NA,,0.98743,BREAK,2012.02.29 16:00,0,,0,,0,,0,NA,NewYork,UNTOUCHED,,NA,,1.00460,BOUNCE,2012.02.16 11:00,1,2012.02.29 15:00,1,2012.02.29 16:00,0,,2,1w 6d,London,NA,,NA,,0.98861,BREAK,2012.02.29 15:00,0,,0,,0,,0,NA,NewYork,UNTOUCHED,,NA,,B-ZH-BO,S-ZG-BR,S-ZO-BR,B-ZF-UN,B-ZB-UN,S-ZE-BO,S-ZF-BR,S-ZB-BO,B-ZF-UN,B-ZG-BO,S-ZO-BR,S-ZG-BR,B-ZF-UN,B-ZO-UN,S-ZC-BO,B-ZO-UN,S-ZE-BO,B-ZD-BR,B-ZD-BO,S-ZG-BR
307,2012.02.09 00:00,USDCAD,60,86400,SELL,ZO,0,0.99934,0.99394,540.0,0.99885,0.99334,551.0,102.037,9.07,491.0,127.4,0.99885,0.99394,0.98843,BREAK,2012.02.29 15:00,0,,0,,0,,0,NA,NewYork,UNTOUCHED,,NA,,1.00425,BOUNCE,2012.02.16 11:00,1,2012.02.17 15:00,1,2012.02.29 14:00,1,2012.02.29 15:00,3,1w 6d,London,NA,,NA,,0.98903,BREAK,2012.02.29 14:00,0,,0,,0,,0,NA,NewYork,BOUNCE,2012.03.02 19:00,NA,,1.00376,BOUNCE,2012.02.10 16:00,1,2012.02.29 14:00,1,2012.02.29 14:00,0,,2,2w 4d,NewYork,NA,,NA,,B-ZO-BO,B-ZH-BO,S-ZG-BR,S-ZO-BR,B-ZF-UN,B-ZB-UN,S-ZE-BO,S-ZF-BR,S-ZB-BO,B-ZF-UN,S-ZG-BR,B-ZF-UN,B-ZO-UN,S-ZC-BO,B-ZO-UN,S-ZE-BO,B-ZD-BR,B-ZD-BO,S-ZG-BR,S-ZB-UN
308,2012.02.10 00:00,USDCAD,60,86400,SELL,ZG,0,0.99885,0.99334,551.0,0.99785,0.99249,536.0,97.278,18.15,451.0,130.0,0.99785,0.99334,0.98798,BREAK,2012.02.29 15:00,0,,0,,0,,0,NA,NewYork,UNTOUCHED,,NA,,1.00336,BOUNCE,2012.02.10 15:00,1,2012.02.15 10:00,1,2012.02.29 14:00,1,2012.02.29 15:00,3,2w 5d,NewYork,NA,,NA,,0.98883,BREAK,2012.02.29 14:00,0,,0,,0,,0,NA,NewYork,BOUNCE,2012.03.02 19:00,NA,,1.00236,BREAK,2012.02.10 15:00,0,,0,,0,,0,NA,NewYork,UNTOUCHED,,NA,,S-ZO-BR,B-ZO-BO,B-ZH-BO,S-ZG-BR,S-ZO-BR,B-ZF-UN,B-ZB-UN,S-ZE-BO,S-ZF-BR,S-ZB-BO,B-ZF-UN,B-ZO-UN,S-ZC-BO,B-ZO-UN,S-ZE-BO,B-ZD-BR,B-ZD-BO,S-ZG-BR,S-ZB-UN,S-ZC-UN
309,2012.02.11 00:00,USDCAD,60,86400,BUY,ZF,1,0.99785,0.99249,536.0,1.00378,0.99427,951.0,177.425,33.21,358.0,126.5,0.99785,0.99427,1.00736,UNTOUCHED,,0,,0,,0,,0,NA,Other,NA,,NA,,0.98891,BREAK,2012.02.29 14:00,0,,0,,0,,0,NA,NewYork,BOUNCE,2012.02.29 18:00,NA,,1.00143,BOUNCE,2012.02.11 00:00,1,2012.02.20 14:00,1,2012.02.29 14:00,0,,2,2w 4d,Asia,NA,,NA,,0.99069,BOUNCE,2012.02.20 14:00,1,2012.02.22 18:00,1,2012.02.22 18:00,0,,2,2d 4h,NewYork,NA,,NA,,S-ZG-BR,S-ZO-BR,B-ZO-BO,B-ZH-BO,S-ZG-BR,S-ZO-BR,B-ZF-UN,B-ZB-UN,S-ZE-BO,S-ZF-BR,B-ZO-UN,S-ZC-BO,B-ZO-UN,S-ZE-BO,B-ZD-BR,B-ZD-BO,S-ZG-BR,S-ZB-UN,S-ZC-UN,B-ZB-UN
310,2012.02.15 00:00,USDCAD,60,86400,BUY,ZO,0,1.00095,0.99705,390.0,1.00253,0.99774,479.0,122.821,17.69,321.0,92.0,1.00095,0.99774,1.00574,UNTOUCHED,,0,,0,,0,,0,NA,Other,NA,,NA,,0.99384,BOUNCE,2012.02.15 15:00,1,2012.02.16 01:00,1,2012.02.16 11:00,0,,2,20h,NewYork,NA,,NA,,1.00416,BOUNCE,2012.02.16 11:00,1,2012.02.17 15:00,1,2012.02.20 02:00,0,,2,3d 15h,London,NA,,NA,,0.99453,BOUNCE,2012.02.15 10:00,1,2012.02.16 11:00,1,2012.02.16 11:00,0,,2,1d 1h,London,NA,,NA,,B-ZF-UN,S-ZG-BR,S-ZO-BR,B-ZO-BO,B-ZH-BO,S-ZG-BR,S-ZO-BR,B-ZF-UN,B-ZB-UN,S-ZE-BO,S-ZC-BO,B-ZO-UN,S-ZE-BO,B-ZD-BR,B-ZD-BO,S-ZG-BR,S-ZB-UN,S-ZC-UN,B-ZB-UN,S-ZD-BO
311,2012.02.16 00:00,USDCAD,60,86400,SELL,ZC,1,1.00253,0.99774,479.0,1.00023,0.99375,648.0,135.282,48.02,249.0,113.0,1.00023,0.99774,0.99126,BOUNCE,2012.02.20 02:00,1,2012.02.21 05:00,1,2012.02.27 11:00,0,,2,1w 0d,Asia,NA,,NA,,1.00502,BOUNCE,2012.02.16 11:00,1,2012.02.16 17:00,1,2012.02.16 21:00,1,2012.02.20 02:00,3,3d 15h,London,NA,,NA,,0.99525,BREAK,2012.02.16 21:00,0,,0,,0,,0,NA,Other,BREAK,2012.02.20 02:00,BREAK,2012.02.29 13:00,1.00272,BREAK,2012.02.16 06:00,0,,0,,0,,0,NA,Asia,UNTOUCHED,,NA,,B-ZO-UN,B-ZF-UN,S-ZG-BR,S-ZO-BR,B-ZO-BO,B-ZH-BO,S-ZG-BR,S-ZO-BR,B-ZF-UN,B-ZB-UN,B-ZO-UN,S-ZE-BO,B-ZD-BR,B-ZD-BO,S-ZG-BR,S-ZB-UN,S-ZC-UN,B-ZB-UN,S-ZD-BO,S-ZE-UN
312,2012.02.17 00:00,USDCAD,60,86400,BUY,ZO,1,1.00023,0.99375,648.0,1.00504,0.99519,985.0,152.006,22.22,504.0,152.9,1.00023,0.99519,1.01008,UNTOUCHED,,0,,0,,0,,0,NA,Other,NA,,NA,,0.98871,BREAK,2012.02.29 14:00,0,,0,,0,,0,NA,NewYork,UNTOUCHED,,NA,,1.00527,UNTOUCHED,,0,,0,,0,,0,NA,Other,NA,,NA,,0.99015,BREAK,2012.02.29 13:00,0,,0,,0,,0,NA,NewYork,BOUNCE,2012.02.29 18:00,NA,,S-ZC-BO,B-ZO-UN,B-ZF-UN,S-ZG-BR,S-ZO-BR,B-ZO-BO,B-ZH-BO,S-ZG-BR,S-ZO-BR,B-ZF-UN,S-ZE-BO,B-ZD-BR,B-ZD-BO,S-ZG-BR,S-ZB-UN,S-ZC-UN,B-ZB-UN,S-ZD-BO,S-ZE-UN,S-ZF-UN
313,2012.02.18 00:00,USDCAD,60,86400,SELL,ZE,1,1.00504,0.99519,985.0,0.99835,0.99399,436.0,44.264,67.92,316.0,232.5,0.99835,0.99519,0.99083,BOUNCE,2012.02.20 14:00,1,2012.02.21 14:00,1,2012.02.22 18:00,0,,2,2d 4h,NewYork,NA,,NA,,1.00820,UNTOUCHED,,0,,0,,0,,0,NA,Other,NA,,NA,,0.99203,BOUNCE,2012.02.20 02:00,1,2012.02.22 18:00,0,,0,,1,2d 16h,Asia,NA,,NA,,1.00151,BOUNCE,2012.02.22 18:00,1,2012.02.29 12:00,1,2012.02.29 12:00,0,,2,6d 18h,NewYork,NA,,NA,,B-ZO-UN,S-ZC-BO,B-ZO-UN,B-ZF-UN,S-ZG-BR,S-ZO-BR,B-ZO-BO,B-ZH-BO,S-ZG-BR,S-ZO-BR,B-ZD-BR,B-ZD-BO,S-ZG-BR,S-ZB-UN,S-ZC-UN,B-ZB-UN,S-ZD-BO,S-ZE-UN,S-ZF-UN,B-ZE-BR
314,2012.02.22 00:00,USDCAD,60,86400,BUY,ZD,1,0.99419,0.99053,366.0,0.99751,0.99230,521.0,142.350,48.36,189.0,86.4,0.99419,0.99230,0.99940,BREAK,2012.02.22 16:00,0,,0,,0,,0,NA,NewYork,BOUNCE,2012.02.22 19:00,NA,,0.98864,BREAK,2012.02.29 15:00,0,,0,,0,,0,NA,NewYork,BREAK,2012.02.29 18:00,BOUNCE,2012.02.29 19:00,0.99608,BREAK,2012.02.22 00:00,0,,0,,0,,0,NA,Asia,BOUNCE,2012.02.22 08:00,NA,,0.99041,BREAK,2012.02.29 13:00,0,,0,,0,,0,NA,NewYork,BREAK,2012.02.29 15:00,BREAK,2012.02.29 18:00,S-ZE-BO,B-ZO-UN,S-ZC-BO,B-ZO-UN,B-ZF-UN,S-ZG-BR,S-ZO-BR,B-ZO-BO,B-ZH-BO,S-ZG-BR,B-ZD-BO,S-ZG-BR,S-ZB-UN,S-ZC-UN,B-ZB-UN,S-ZD-BO,S-ZE-UN,S-ZF-UN,B-ZE-BR,S-ZG-BO
315,2012.02.23 00:00,USDCAD,60,86400,BUY,ZD,1,0.99751,0.99230,521.0,1.00188,0.99530,658.0,126.296,57.58,221.0,123.0,0.99751,0.99530,1.00409,BOUNCE,2012.02.27 13:00,1,2012.02.27 19:00,1,2012.02.29 05:00,1,2012.02.29 13:00,3,2d 0h,NewYork,NA,,NA,,0.99009,BOUNCE,2012.02.29 13:00,1,2012.03.05 13:00,1,2012.03.06 13:00,0,,2,6d 0h,NewYork,NA,,NA,,0.99972,BOUNCE,2012.02.23 00:00,1,2012.02.29 05:00,1,2012.02.29 13:00,0,,2,6d 13h,Asia,NA,,NA,,0.99309,BREAK,2012.02.29 05:00,0,,0,,0,,0,NA,Asia,BREAK,2012.02.29 13:00,BREAK,2012.02.29 16:00,B-ZD-BR,S-ZE-BO,B-ZO-UN,S-ZC-BO,B-ZO-UN,B-ZF-UN,S-ZG-BR,S-ZO-BR,B-ZO-BO,B-ZH-BO,S-ZG-BR,S-ZB-UN,S-ZC-UN,B-ZB-UN,S-ZD-BO,S-ZE-UN,S-ZF-UN,B-ZE-BR,S-ZG-BO,B-ZG-BO
316,2012.02.24 00:00,USDCAD,60,86400,SELL,ZG,0,1.00188,0.99530,658.0,1.00089,0.99523,566.0,86.018,15.05,559.0,155.3,1.00089,0.99530,0.98964,BREAK,2012.02.29 13:00,0,,0,,0,,0,NA,NewYork,UNTOUCHED,,NA,,1.00747,UNTOUCHED,,0,,0,,0,,0,NA,Other,NA,,NA,,0.98971,BREAK,2012.02.29 13:00,0,,0,,0,,0,NA,NewYork,BOUNCE,2012.03.05 02:00,NA,,1.00648,UNTOUCHED,,0,,0,,0,,0,NA,Other,NA,,NA,,B-ZD-BO,B-ZD-BR,S-ZE-BO,B-ZO-UN,S-ZC-BO,B-ZO-UN,B-ZF-UN,S-ZG-BR,S-ZO-BR,B-ZO-BO,S-ZB-UN,S-ZC-UN,B-ZB-UN,S-ZD-BO,S-ZE-UN,S-ZF-UN,B-ZE-BR,S-ZG-BO,B-ZG-BO,B-ZC-UN
317,2012.03.01 00:00,USDCAD,60,86400,SELL,ZB,1,0.99922,0.99407,515.0,0.99561,0.98440,1121.0,217.670,70.10,154.0,121.5,0.99561,0.99407,0.98286,UNTOUCHED,,0,,0,,0,,0,NA,Other,NA,,NA,,1.00076,BOUNCE,2012.03.06 13:00,1,2012.03.07 23:00,1,2012.03.08 17:00,0,,2,2d 4h,NewYork,NA,,NA,,0.99253,BREAK,2012.03.01 00:00,0,,0,,0,,0,NA,Asia,BREAK,2012.03.01 01:00,BREAK,2012.03.01 04:00,0.99715,BREAK,2012.03.06 12:00,0,,0,,0,,0,NA,London,BREAK,2012.03.06 13:00,BOUNCE,2012.03.06 14:00,S-ZG-BR,B-ZD-BO,B-ZD-BR,S-ZE-BO,B-ZO-UN,S-ZC-BO,B-ZO-UN,B-ZF-UN,S-ZG-BR,S-ZO-BR,S-ZC-UN,B-ZB-UN,S-ZD-BO,S-ZE-UN,S-ZF-UN,B-ZE-BR,S-ZG-BO,B-ZG-BO,B-ZC-UN,S-ZE-BR
318,2012.03.02 00:00,USDCAD,60,86400,SELL,ZC,1,0.99561,0.98440,1121.0,0.99003,0.98408,595.0,53.078,49.78,563.0,264.6,0.99003,0.98440,0.97845,UNTOUCHED,,0,,0,,0,,0,NA,Other,NA,,NA,,1.00124,BOUNCE,2012.03.06 17:00,1,2012.03.08 22:00,0,,0,,1,2d 5h,NewYork,NA,,NA,,0.97877,UNTOUCHED,,0,,0,,0,,0,NA,Other,NA,,NA,,0.99566,BREAK,2012.03.05 14:00,0,,0,,0,,0,NA,NewYork,BOUNCE,2012.03.08 06:00,NA,,S-ZB-UN,S-ZG-BR,B-ZD-BO,B-ZD-BR,S-ZE-BO,B-ZO-UN,S-ZC-BO,B-ZO-UN,B-ZF-UN,S-ZG-BR,B-ZB-UN,S-ZD-BO,S-ZE-UN,S-ZF-UN,B-ZE-BR,S-ZG-BO,B-ZG-BO,B-ZC-UN,S-ZE-BR,B-ZO-BO
319,2012.03.07 00:00,USDCAD,60,86400,BUY,ZB,1,0.99590,0.98843,747.0,1.00275,0.99354,921.0,123.293,68.41,236.0,176.3,0.99590,0.99354,1.00511,UNTOUCHED,,0,,0,,0,,0,NA,Other,NA,,NA,,0.98607,BOUNCE,2012.03.19 19:00,1,2012.03.20 12:00,1,2012.03.22 15:00,0,,2,2d 20h,NewYork,NA,,NA,,0.99826,BREAK,2012.03.07 00:00,0,,0,,0,,0,NA,Asia,BOUNCE,2012.03.07 23:00,NA,,0.99118,BREAK,2012.03.08 20:00,0,,0,,0,,0,NA,NewYork,BOUNCE,2012.03.09 16:00,NA,,S-ZC-UN,S-ZB-UN,S-ZG-BR,B-ZD-BO,B-ZD-BR,S-ZE-BO,B-ZO-UN,S-ZC-BO,B-ZO-UN,B-ZF-UN,S-ZD-BO,S-ZE-UN,S-ZF-UN,B-ZE-BR,S-ZG-BO,B-ZG-BO,B-ZC-UN,S-ZE-BR,B-ZO-BO,S-ZO-BR
320,2012.03.09 00:00,USDCAD,60,86400,SELL,ZD,1,1.00235,0.99727,508.0,0.99889,0.98916,973.0,191.535,68.11,162.0,119.9,0.99889,0.99727,0.98754,BOUNCE,2012.03.09 18:00,1,2012.03.10 00:00,1,2012.03.22 18:00,1,2012.04.10 22:00,3,4w 4d,NewYork,NA,,NA,,1.00397,BOUNCE,2012.04.10 22:00,1,2012.04.12 09:00,1,2012.04.12 18:00,1,2012.04.17 17:00,3,6d 19h,Other,NA,,NA,,0.99565,BREAK,2012.03.09 00:00,0,,0,,0,,0,NA,Asia,BREAK,2012.03.09 01:00,BREAK,2012.03.09 02:00,1.00051,BOUNCE,2012.03.22 18:00,1,2012.03.26 16:00,1,2012.03.26 16:00,0,,2,3d 22h,NewYork,NA,,NA,,B-ZB-UN,S-ZC-UN,S-ZB-UN,S-ZG-BR,B-ZD-BO,B-ZD-BR,S-ZE-BO,B-ZO-UN,S-ZC-BO,B-ZO-UN,S-ZE-UN,S-ZF-UN,B-ZE-BR,S-ZG-BO,B-ZG-BO,B-ZC-UN,S-ZE-BR,B-ZO-BO,S-ZO-BR,S-ZE-BR
321,2012.03.10 00:00,USDCAD,60,86400,SELL,ZE,1,0.99889,0.98916,973.0,0.99312,0.98716,596.0,61.254,59.30,396.0,229.6,0.99312,0.98916,0.98320,UNTOUCHED,,0,,0,,0,,0,NA,Other,NA,,NA,,1.00285,BOUNCE,2012.03.23 15:00,1,2012.03.26 16:00,0,,0,,1,3d 1h,NewYork,NA,,NA,,0.98520,UNTOUCHED,,0,,0,,0,,0,NA,Other,NA,,NA,,0.99708,BREAK,2012.03.22 15:00,0,,0,,0,,0,NA,NewYork,BOUNCE,2012.03.26 03:00,NA,,S-ZD-BO,B-ZB-UN,S-ZC-UN,S-ZB-UN,S-ZG-BR,B-ZD-BO,B-ZD-BR,S-ZE-BO,B-ZO-UN,S-ZC-BO,S-ZF-UN,B-ZE-BR,S-ZG-BO,B-ZG-BO,B-ZC-UN,S-ZE-BR,B-ZO-BO,S-ZO-BR,S-ZE-BR,B-ZF-BO
322,2012.03.14 00:00,USDCAD,60,86400,SELL,ZF,0,0.99462,0.98984,478.0,0.99295,0.98837,458.0,95.816,34.94,311.0,112.8,0.99295,0.98984,0.98526,UNTOUCHED,,0,,0,,0,,0,NA,Other,NA,,NA,,0.99773,BREAK,2012.03.22 15:00,0,,0,,0,,0,NA,NewYork,BREAK,2012.03.23 14:00,BREAK,2012.04.11 03:00,0.98673,BOUNCE,2012.03.19 19:00,1,2012.03.20 16:00,1,2012.03.22 15:00,0,,2,2d 20h,NewYork,NA,,NA,,0.99606,BOUNCE,2012.03.20 16:00,1,2012.04.17 17:00,1,2012.04.17 17:00,0,,2,4w 0d,NewYork,NA,,NA,,S-ZE-UN,S-ZD-BO,B-ZB-UN,S-ZC-UN,S-ZB-UN,S-ZG-BR,B-ZD-BO,B-ZD-BR,S-ZE-BO,B-ZO-UN,B-ZE-BR,S-ZG-BO,B-ZG-BO,B-ZC-UN,S-ZE-BR,B-ZO-BO,S-ZO-BR,S-ZE-BR,B-ZF-BO,B-ZO-BR
323,2012.03.16 00:00,USDCAD,60,86400,BUY,ZE,1,0.99433,0.98794,639.0,0.99473,0.99045,428.0,66.980,39.28,388.0,150.8,0.99433,0.99045,0.99861,BREAK,2012.03.22 15:00,0,,0,,0,,0,NA,NewYork,BOUNCE,2012.03.23 18:00,NA,,0.98406,BREAK,2012.04.25 16:00,0,,0,,0,,0,NA,NewYork,BOUNCE,2012.04.30 15:00,NA,,0.99821,BREAK,2012.03.22 15:00,0,,0,,0,,0,NA,NewYork,BOUNCE,2012.03.23 18:00,NA,,0.98657,BOUNCE,2012.03.19 19:00,1,2012.03.22 15:00,1,2012.03.22 15:00,0,,2,2d 20h,NewYork,NA,,NA,,S-ZF-UN,S-ZE-UN,S-ZD-BO,B-ZB-UN,S-ZC-UN,S-ZB-UN,S-ZG-BR,B-ZD-BO,B-ZD-BR,S-ZE-BO,S-ZG-BO,B-ZG-BO,B-ZC-UN,S-ZE-BR,B-ZO-BO,S-ZO-BR,S-ZE-BR,B-ZF-BO,B-ZO-BR,B-ZF-BR
324,2012.03.17 00:00,USDCAD,60,86400,SELL,ZG,0,0.99473,0.99045,428.0,0.99394,0.98994,400.0,93.458,18.46,349.0,101.0,0.99394,0.99045,0.98645,BOUNCE,2012.03.19 19:00,1,2012.03.20 15:00,1,2012.03.22 15:00,1,2012.03.22 15:00,3,2d 20h,NewYork,NA,,NA,,0.99822,BREAK,2012.03.22 15:00,0,,0,,0,,0,NA,NewYork,BREAK,2012.03.23 14:00,UNTOUCHED,,0.98696,BREAK,2012.03.19 19:00,0,,0,,0,,0,NA,NewYork,BREAK,2012.04.25 16:00,BOUNCE,2012.04.30 15:00,0.99743,BREAK,2012.03.22 15:00,0,,0,,0,,0,NA,NewYork,BREAK,2012.03.23 14:00,BOUNCE,2012.04.11 17:00,B-ZE-BR,S-ZF-UN,S-ZE-UN,S-ZD-BO,B-ZB-UN,S-ZC-UN,S-ZB-UN,S-ZG-BR,B-ZD-BO,B-ZD-BR,B-ZG-BO,B-ZC-UN,S-ZE-BR,B-ZO-BO,S-ZO-BR,S-ZE-BR,B-ZF-BO,B-ZO-BR,B-ZF-BR,B-ZE-BR
325,2012.03.21 00:00,USDCAD,60,86400,BUY,ZG,0,0.99298,0.98594,704.0,0.99675,0.98629,1046.0,148.580,4.97,669.0,166.1,0.99298,0.98629,1.00344,BOUNCE,2012.04.10 17:00,1,2012.04.17 16:00,0,,0,,1,6d 23h,NewYork,NA,,NA,,0.97925,UNTOUCHED,,0,,0,,0,,0,NA,Other,NA,,NA,,0.99967,BREAK,2012.03.22 15:00,0,,0,,0,,0,NA,NewYork,UNTOUCHED,,NA,,0.97960,UNTOUCHED,,0,,0,,0,,0,NA,Other,NA,,NA,,S-ZG-BO,B-ZE-BR,S-ZF-UN,S-ZE-UN,S-ZD-BO,B-ZB-UN,S-ZC-UN,S-ZB-UN,S-ZG-BR,B-ZD-BO,B-ZC-UN,S-ZE-BR,B-ZO-BO,S-ZO-BR,S-ZE-BR,B-ZF-BO,B-ZO-BR,B-ZF-BR,B-ZE-BR,S-ZF-BR
326,2012.03.24 00:00,USDCAD,60,86400,BUY,ZC,1,1.00075,0.99105,970.0,1.00331,0.99704,627.0,64.639,61.75,371.0,228.9,1.00075,0.99704,1.00702,UNTOUCHED,,0,,0,,0,,0,NA,Other,NA,,NA,,0.98734,BOUNCE,2012.04.17 17:00,1,2012.04.19 21:00,0,,0,,1,2d 4h,NewYork,NA,,NA,,1.00446,BOUNCE,2012.04.11 01:00,1,2012.04.13 13:00,1,2012.04.17 17:00,0,,2,6d 16h,Asia,NA,,NA,,0.99333,BREAK,2012.03.26 17:00,0,,0,,0,,0,NA,NewYork,BOUNCE,2012.04.04 11:00,NA,,B-ZG-BO,S-ZG-BO,B-ZE-BR,S-ZF-UN,S-ZE-UN,S-ZD-BO,B-ZB-UN,S-ZC-UN,S-ZB-UN,S-ZG-BR,S-ZE-BR,B-ZO-BO,S-ZO-BR,S-ZE-BR,B-ZF-BO,B-ZO-BR,B-ZF-BR,B-ZE-BR,S-ZF-BR,S-ZE-BO
327,2012.03.28 00:00,USDCAD,60,86400,SELL,ZE,1,0.99982,0.99065,917.0,0.99498,0.98990,508.0,55.398,52.78,433.0,216.4,0.99498,0.99065,0.98557,BREAK,2012.04.25 11:00,0,,0,,0,,0,NA,London,BOUNCE,2012.04.27 00:00,NA,,1.00415,BOUNCE,2012.04.10 23:00,1,2012.04.12 18:00,1,2012.04.25 10:00,1,2012.04.25 11:00,3,2w 0d,Other,NA,,NA,,0.98632,BREAK,2012.04.25 10:00,0,,0,,0,,0,NA,London,BOUNCE,2012.04.27 01:00,NA,,0.99931,BREAK,2012.03.28 20:00,0,,0,,0,,0,NA,NewYork,BOUNCE,2012.04.12 11:00,NA,,B-ZC-UN,B-ZG-BO,S-ZG-BO,B-ZE-BR,S-ZF-UN,S-ZE-UN,S-ZD-BO,B-ZB-UN,S-ZC-UN,S-ZB-UN,B-ZO-BO,S-ZO-BR,S-ZE-BR,B-ZF-BO,B-ZO-BR,B-ZF-BR,B-ZE-BR,S-ZF-BR,S-ZE-BO,B-ZE-BO
328,2012.03.30 00:00,USDCAD,60,86400,BUY,ZO,0,0.99985,0.99417,568.0,1.00180,0.99627,553.0,97.359,36.97,358.0,134.0,0.99985,0.99627,1.00538,BOUNCE,2012.05.09 15:00,1,2012.05.10 15:00,0,,0,,1,1d 0h,NewYork,NA,,NA,,0.99059,BREAK,2012.04.02 21:00,0,,0,,0,,0,NA,Other,BOUNCE,2012.04.17 23:00,NA,,1.00343,BOUNCE,2012.04.10 17:00,1,2012.04.13 14:00,1,2012.04.17 16:00,0,,2,6d 23h,NewYork,NA,,NA,,0.99269,BREAK,2012.04.02 18:00,0,,0,,0,,0,NA,NewYork,BOUNCE,2012.04.03 14:00,NA,,S-ZE-BR,B-ZC-UN,B-ZG-BO,S-ZG-BO,B-ZE-BR,S-ZF-UN,S-ZE-UN,S-ZD-BO,B-ZB-UN,S-ZC-UN,S-ZO-BR,S-ZE-BR,B-ZF-BO,B-ZO-BR,B-ZF-BR,B-ZE-BR,S-ZF-BR,S-ZE-BO,B-ZE-BO,S-ZF-BR
329,2012.03.31 00:00,USDCAD,60,86400,SELL,ZO,0,1.00180,0.99627,553.0,0.99977,0.99512,465.0,84.087,36.71,350.0,130.5,0.99977,0.99627,0.99162,BREAK,2012.04.02 18:00,0,,0,,0,,0,NA,NewYork,BREAK,2012.04.17 17:00,BREAK,2012.04.25 16:00,1.00530,BOUNCE,2012.05.09 15:00,1,2012.05.10 15:00,0,,0,,1,1d 0h,NewYork,NA,,NA,,0.99277,BREAK,2012.04.02 18:00,0,,0,,0,,0,NA,NewYork,BOUNCE,2012.04.03 14:00,NA,,1.00327,BOUNCE,2012.04.10 17:00,1,2012.04.13 14:00,1,2012.04.13 14:00,0,,2,2d 21h,NewYork,NA,,NA,,B-ZO-BO,S-ZE-BR,B-ZC-UN,B-ZG-BO,S-ZG-BO,B-ZE-BR,S-ZF-UN,S-ZE-UN,S-ZD-BO,B-ZB-UN,S-ZE-BR,B-ZF-BO,B-ZO-BR,B-ZF-BR,B-ZE-BR,S-ZF-BR,S-ZE-BO,B-ZE-BO,S-ZF-BR,S-ZD-BR
330,2012.04.04 00:00,USDCAD,60,86400,SELL,ZE,1,0.99897,0.98874,1023.0,0.99280,0.98871,409.0,39.980,60.31,406.0,241.4,0.99280,0.98874,0.98465,BREAK,2012.04.25 16:00,0,,0,,0,,0,NA,NewYork,BOUNCE,2012.04.30 15:00,NA,,1.00303,BOUNCE,2012.04.10 17:00,1,2012.04.12 18:00,1,2012.04.25 16:00,1,2012.04.25 16:00,3,2w 0d,NewYork,NA,,NA,,0.98468,BREAK,2012.04.25 16:00,0,,0,,0,,0,NA,NewYork,BOUNCE,2012.04.26 20:00,NA,,0.99686,BREAK,2012.04.04 17:00,0,,0,,0,,0,NA,NewYork,BREAK,2012.04.10 17:00,BOUNCE,2012.04.11 17:00,S-ZO-BR,B-ZO-BO,S-ZE-BR,B-ZC-UN,B-ZG-BO,S-ZG-BO,B-ZE-BR,S-ZF-UN,S-ZE-UN,S-ZD-BO,B-ZF-BO,B-ZO-BR,B-ZF-BR,B-ZE-BR,S-ZF-BR,S-ZE-BO,B-ZE-BO,S-ZF-BR,S-ZD-BR,S-ZE-UN
331,2012.04.05 00:00,USDCAD,60,86400,BUY,ZF,1,0.99280,0.98871,409.0,0.99726,0.99024,702.0,171.638,37.41,256.0,96.5,0.99280,0.99024,0.99982,BOUNCE,2012.04.09 16:00,1,2012.04.12 18:00,1,2012.04.17 17:00,1,2012.04.25 10:00,3,2w 1d,NewYork,NA,,NA,,0.98615,BREAK,2012.04.25 10:00,0,,0,,0,,0,NA,London,BREAK,2012.04.25 16:00,BOUNCE,2012.04.26 15:00,0.99536,BREAK,2012.04.05 00:00,0,,0,,0,,0,NA,Asia,BREAK,2012.04.05 12:00,BREAK,2012.04.10 17:00,0.98768,BREAK,2012.04.17 17:00,0,,0,,0,,0,NA,NewYork,BREAK,2012.04.25 16:00,BREAK,2012.04.26 10:00,S-ZE-BR,S-ZO-BR,B-ZO-BO,S-ZE-BR,B-ZC-UN,B-ZG-BO,S-ZG-BO,B-ZE-BR,S-ZF-UN,S-ZE-UN,B-ZO-BR,B-ZF-BR,B-ZE-BR,S-ZF-BR,S-ZE-BO,B-ZE-BO,S-ZF-BR,S-ZD-BR,S-ZE-UN,B-ZO-BR
332,2012.04.06 00:00,USDCAD,60,86400,BUY,ZO,0,0.99726,0.99024,702.0,0.99976,0.99054,922.0,131.339,4.27,672.0,165.7,0.99726,0.99054,1.00648,BREAK,2012.05.15 22:00,0,,0,,0,,0,NA,Other,BREAK,2012.05.17 14:00,BREAK,2012.05.18 07:00,0.98352,BREAK,2012.04.25 16:00,0,,0,,0,,0,NA,NewYork,UNTOUCHED,,NA,,1.00398,BOUNCE,2012.04.10 22:00,1,2012.04.25 16:00,1,2012.04.25 16:00,0,,2,2w 0d,Other,NA,,NA,,0.98382,BREAK,2012.04.25 16:00,0,,0,,0,,0,NA,NewYork,UNTOUCHED,,NA,,B-ZF-BO,S-ZE-BR,S-ZO-BR,B-ZO-BO,S-ZE-BR,B-ZC-UN,B-ZG-BO,S-ZG-BO,B-ZE-BR,S-ZF-UN,B-ZF-BR,B-ZE-BR,S-ZF-BR,S-ZE-BO,B-ZE-BO,S-ZF-BR,S-ZD-BR,S-ZE-UN,B-ZO-BR,B-ZG-BR
333,2012.04.11 00:00,USDCAD,60,86400,BUY,ZF,1,1.00009,0.99435,574.0,1.00432,0.99495,937.0,163.240,10.45,514.0,135.5,1.00009,0.99495,1.00946,BREAK,2012.05.16 07:00,0,,0,,0,,0,NA,London,BREAK,2012.05.17 17:00,BREAK,2012.05.18 04:00,0.98921,BOUNCE,2012.04.17 16:00,1,2012.05.08 16:00,1,2012.05.09 15:00,1,2012.05.16 07:00,3,4w 0d,NewYork,NA,,NA,,1.00523,BOUNCE,2012.05.09 15:00,0,,0,,0,,0,NA,NewYork,NA,,NA,,0.98981,BOUNCE,2012.04.17 16:00,1,2012.05.09 15:00,1,2012.05.09 15:00,0,,2,3w 0d,NewYork,NA,,NA,,B-ZO-BR,B-ZF-BO,S-ZE-BR,S-ZO-BR,B-ZO-BO,S-ZE-BR,B-ZC-UN,B-ZG-BO,S-ZG-BO,B-ZE-BR,B-ZE-BR,S-ZF-BR,S-ZE-BO,B-ZE-BO,S-ZF-BR,S-ZD-BR,S-ZE-UN,B-ZO-BR,B-ZG-BR,S-ZO-UN
334,2012.04.12 00:00,USDCAD,60,86400,BUY,ZE,1,1.00432,0.99495,937.0,1.00510,1.00078,432.0,46.105,62.22,354.0,221.1,1.00432,1.00078,1.00864,BREAK,2012.05.16 06:00,0,,0,,0,,0,NA,Asia,BOUNCE,2012.05.16 14:00,NA,,0.99141,BREAK,2012.04.17 16:00,0,,0,,0,,0,NA,NewYork,BOUNCE,2012.04.18 14:00,NA,,1.00786,BREAK,2012.05.16 05:00,0,,0,,0,,0,NA,Asia,BOUNCE,2012.05.16 14:00,NA,,0.99724,BOUNCE,2012.04.12 14:00,1,2012.05.16 05:00,1,2012.05.16 05:00,0,,2,4w 5d,NewYork,NA,,NA,,B-ZF-BR,B-ZO-BR,B-ZF-BO,S-ZE-BR,S-ZO-BR,B-ZO-BO,S-ZE-BR,B-ZC-UN,B-ZG-BO,S-ZG-BO,S-ZF-BR,S-ZE-BO,B-ZE-BO,S-ZF-BR,S-ZD-BR,S-ZE-UN,B-ZO-BR,B-ZG-BR,S-ZO-UN,B-ZD-BR
335,2012.04.13 00:00,USDCAD,60,86400,SELL,ZF,1,1.00510,1.00078,432.0,1.00399,0.99395,1004.0,232.407,25.69,321.0,102.0,1.00399,1.00078,0.99074,BREAK,2012.04.17 16:00,0,,0,,0,,0,NA,NewYork,BREAK,2012.04.17 17:00,BREAK,2012.04.25 16:00,1.00831,BREAK,2012.05.16 06:00,0,,0,,0,,0,NA,Asia,BREAK,2012.05.16 10:00,BREAK,2012.05.17 16:00,0.99757,BREAK,2012.04.13 00:00,0,,0,,0,,0,NA,Asia,BREAK,2012.04.13 13:00,BREAK,2012.04.17 16:00,1.00720,BREAK,2012.05.16 00:00,0,,0,,0,,0,NA,Asia,BREAK,2012.05.16 09:00,BREAK,2012.05.17 14:00,B-ZE-BR,B-ZF-BR,B-ZO-BR,B-ZF-BO,S-ZE-BR,S-ZO-BR,B-ZO-BO,S-ZE-BR,B-ZC-UN,B-ZG-BO,S-ZE-BO,B-ZE-BO,S-ZF-BR,S-ZD-BR,S-ZE-UN,B-ZO-BR,B-ZG-BR,S-ZO-UN,B-ZD-BR,B-ZB-BR
336,2012.04.16 01:00,USDCAD,60,86400,SELL,ZE,1,1.00399,0.99395,1004.0,0.99951,0.99253,698.0,69.522,44.62,556.0,236.9,0.99951,0.99395,0.98697,BOUNCE,2012.04.17 17:00,1,2012.05.07 01:00,1,2012.05.09 14:00,1,2012.05.16 08:00,3,4w 0d,NewYork,NA,,NA,,1.00955,BREAK,2012.05.16 08:00,0,,0,,0,,0,NA,London,BREAK,2012.05.17 17:00,BOUNCE,2012.05.18 15:00,0.98839,BOUNCE,2012.04.17 17:00,1,2012.05.09 14:00,1,2012.05.16 08:00,0,,2,4w 0d,NewYork,NA,,NA,,1.00507,BOUNCE,2012.05.09 14:00,0,,0,,0,,0,NA,NewYork,NA,,NA,,S-ZF-BR,B-ZE-BR,B-ZF-BR,B-ZO-BR,B-ZF-BO,S-ZE-BR,S-ZO-BR,B-ZO-BO,S-ZE-BR,B-ZC-UN,B-ZE-BO,S-ZF-BR,S-ZD-BR,S-ZE-UN,B-ZO-BR,B-ZG-BR,S-ZO-UN,B-ZD-BR,B-ZB-BR,S-ZC-UN
337,2012.04.17 00:00,USDCAD,60,86400,BUY,ZE,1,0.99951,0.99253,698.0,1.00319,0.99733,586.0,83.954,68.77,218.0,164.7,0.99951,0.99733,1.00537,BOUNCE,2012.05.09 15:00,1,2012.05.09 20:00,0,,0,,1,5h,NewYork,NA,,NA,,0.99035,BOUNCE,2012.04.17 16:00,1,2012.04.19 21:00,1,2012.05.08 18:00,1,2012.05.09 15:00,3,3w 0d,NewYork,NA,,NA,,1.00169,BOUNCE,2012.05.08 18:00,0,,0,,0,,0,NA,NewYork,NA,,NA,,0.99515,BREAK,2012.04.17 15:00,0,,0,,0,,0,NA,NewYork,BREAK,2012.04.17 17:00,BREAK,2012.04.17 18:00,S-ZE-BO,S-ZF-BR,B-ZE-BR,B-ZF-BR,B-ZO-BR,B-ZF-BO,S-ZE-BR,S-ZO-BR,B-ZO-BO,S-ZE-BR,S-ZF-BR,S-ZD-BR,S-ZE-UN,B-ZO-BR,B-ZG-BR,S-ZO-UN,B-ZD-BR,B-ZB-BR,S-ZC-UN,B-ZB-BO
338,2012.04.18 00:00,USDCAD,60,86400,SELL,ZF,1,1.00319,0.99733,586.0,1.00108,0.98648,1460.0,249.147,36.01,375.0,138.3,1.00108,0.99733,0.98273,BREAK,2012.04.25 16:00,0,,0,,0,,0,NA,NewYork,UNTOUCHED,,NA,,1.00694,BREAK,2012.05.15 22:00,0,,0,,0,,0,NA,Other,BREAK,2012.05.16 09:00,BREAK,2012.05.17 17:00,0.99358,BREAK,2012.04.18 00:00,0,,0,,0,,0,NA,Asia,BREAK,2012.04.18 03:00,BREAK,2012.04.25 16:00,1.00483,BOUNCE,2012.05.09 14:00,0,,0,,0,,0,NA,NewYork,NA,,NA,,B-ZE-BO,S-ZE-BO,S-ZF-BR,B-ZE-BR,B-ZF-BR,B-ZO-BR,B-ZF-BO,S-ZE-BR,S-ZO-BR,B-ZO-BO,S-ZD-BR,S-ZE-UN,B-ZO-BR,B-ZG-BR,S-ZO-UN,B-ZD-BR,B-ZB-BR,S-ZC-UN,B-ZB-BO,B-ZH-BO
339,2012.04.25 00:00,USDCAD,60,86400,SELL,ZD,1,0.99780,0.99044,736.0,0.99275,0.98691,584.0,79.348,68.61,231.0,173.7,0.99275,0.99044,0.98460,BREAK,2012.04.25 16:00,0,,0,,0,,0,NA,NewYork,BOUNCE,2012.04.26 20:00,NA,,1.00011,BREAK,2012.05.08 17:00,0,,0,,0,,0,NA,NewYork,BREAK,2012.05.09 14:00,BOUNCE,2012.05.09 18:00,0.98813,BREAK,2012.04.25 00:00,0,,0,,0,,0,NA,Asia,BREAK,2012.04.25 16:00,BREAK,2012.04.26 09:00,0.99506,BREAK,2012.05.04 18:00,0,,0,,0,,0,NA,NewYork,BOUNCE,2012.05.07 12:00,NA,,S-ZF-BR,B-ZE-BO,S-ZE-BO,S-ZF-BR,B-ZE-BR,B-ZF-BR,B-ZO-BR,B-ZF-BO,S-ZE-BR,S-ZO-BR,S-ZE-UN,B-ZO-BR,B-ZG-BR,S-ZO-UN,B-ZD-BR,B-ZB-BR,S-ZC-UN,B-ZB-BO,B-ZH-BO,S-ZO-UN
340,2012.04.27 00:00,USDCAD,60,86400,SELL,ZE,1,0.98791,0.98229,562.0,0.98472,0.98059,413.0,73.488,56.76,243.0,132.6,0.98472,0.98229,0.97816,UNTOUCHED,,0,,0,,0,,0,NA,Other,NA,,NA,,0.99034,BOUNCE,2012.05.04 15:00,0,,0,,0,,0,NA,NewYork,NA,,NA,,0.97986,UNTOUCHED,,0,,0,,0,,0,NA,Other,NA,,NA,,0.98715,BREAK,2012.04.30 16:00,0,,0,,0,,0,NA,NewYork,BOUNCE,2012.05.01 17:00,NA,,S-ZD-BR,S-ZF-BR,B-ZE-BO,S-ZE-BO,S-ZF-BR,B-ZE-BR,B-ZF-BR,B-ZO-BR,B-ZF-BO,S-ZE-BR,B-ZO-BR,B-ZG-BR,S-ZO-UN,B-ZD-BR,B-ZB-BR,S-ZC-UN,B-ZB-BO,B-ZH-BO,S-ZO-UN,B-ZB-BR
341,2012.05.02 00:00,USDCAD,60,86400,BUY,ZO,0,0.98935,0.98029,906.0,0.98968,0.98320,648.0,71.523,32.12,615.0,213.8,0.98935,0.98320,0.99583,BREAK,2012.05.04 18:00,0,,0,,0,,0,NA,NewYork,BREAK,2012.05.09 14:00,BREAK,2012.05.16 09:00,0.97414,UNTOUCHED,,0,,0,,0,,0,NA,Other,NA,,NA,,0.99550,BREAK,2012.05.04 18:00,0,,0,,0,,0,NA,NewYork,BREAK,2012.05.09 13:00,BREAK,2012.05.16 08:00,0.97705,UNTOUCHED,,0,,0,,0,,0,NA,Other,NA,,NA,,S-ZE-UN,S-ZD-BR,S-ZF-BR,B-ZE-BO,S-ZE-BO,S-ZF-BR,B-ZE-BR,B-ZF-BR,B-ZO-BR,B-ZF-BO,B-ZG-BR,S-ZO-UN,B-ZD-BR,B-ZB-BR,S-ZC-UN,B-ZB-BO,B-ZH-BO,S-ZO-UN,B-ZB-BR,B-ZG-BR
342,2012.05.03 00:00,USDCAD,60,86400,BUY,ZG,0,0.98968,0.98320,648.0,0.99013,0.98480,533.0,82.253,24.69,488.0,152.9,0.98968,0.98480,0.99501,BREAK,2012.05.04 18:00,0,,0,,0,,0,NA,NewYork,BREAK,2012.05.08 18:00,BOUNCE,2012.05.10 09:00,0.97832,UNTOUCHED,,0,,0,,0,,0,NA,Other,NA,,NA,,0.99456,BREAK,2012.05.04 18:00,0,,0,,0,,0,NA,NewYork,BREAK,2012.05.08 17:00,BREAK,2012.05.09 15:00,0.97992,UNTOUCHED,,0,,0,,0,,0,NA,Other,NA,,NA,,B-ZO-BR,S-ZE-UN,S-ZD-BR,S-ZF-BR,B-ZE-BO,S-ZE-BO,S-ZF-BR,B-ZE-BR,B-ZF-BR,B-ZO-BR,S-ZO-UN,B-ZD-BR,B-ZB-BR,S-ZC-UN,B-ZB-BO,B-ZH-BO,S-ZO-UN,B-ZB-BR,B-ZG-BR,B-ZG-BO
343,2012.05.04 00:00,USDCAD,60,86400,SELL,ZO,0,0.99013,0.98480,533.0,0.98913,0.98273,640.0,120.075,18.76,433.0,125.8,0.98913,0.98480,0.97840,UNTOUCHED,,0,,0,,0,,0,NA,Other,NA,,NA,,0.99446,BREAK,2012.05.04 18:00,0,,0,,0,,0,NA,NewYork,BREAK,2012.05.08 17:00,BREAK,2012.05.09 14:00,0.98047,UNTOUCHED,,0,,0,,0,,0,NA,Other,NA,,NA,,0.99346,BREAK,2012.05.04 17:00,0,,0,,0,,0,NA,NewYork,BOUNCE,2012.05.07 16:00,NA,,B-ZG-BR,B-ZO-BR,S-ZE-UN,S-ZD-BR,S-ZF-BR,B-ZE-BO,S-ZE-BO,S-ZF-BR,B-ZE-BR,B-ZF-BR,B-ZD-BR,B-ZB-BR,S-ZC-UN,B-ZB-BO,B-ZH-BO,S-ZO-UN,B-ZB-BR,B-ZG-BR,B-ZG-BO,S-ZH-BO
344,2012.05.05 00:00,USDCAD,60,86400,BUY,ZD,1,0.98913,0.98273,640.0,0.99623,0.98613,1010.0,157.813,53.12,300.0,151.0,0.98913,0.98613,0.99923,BREAK,2012.05.08 16:00,0,,0,,0,,0,NA,NewYork,BREAK,2012.05.09 13:00,BOUNCE,2012.05.09 18:00,0.97973,UNTOUCHED,,0,,0,,0,,0,NA,Other,NA,,NA,,0.99213,BREAK,2012.05.05 00:00,0,,0,,0,,0,NA,Asia,BREAK,2012.05.07 01:00,BOUNCE,2012.05.07 12:00,0.98313,UNTOUCHED,,0,,0,,0,,0,NA,Other,NA,,NA,,S-ZO-UN,B-ZG-BR,B-ZO-BR,S-ZE-UN,S-ZD-BR,S-ZF-BR,B-ZE-BO,S-ZE-BO,S-ZF-BR,B-ZE-BR,B-ZB-BR,S-ZC-UN,B-ZB-BO,B-ZH-BO,S-ZO-UN,B-ZB-BR,B-ZG-BR,B-ZG-BO,S-ZH-BO,B-ZF-BO
345,2012.05.10 00:00,USDCAD,60,86400,BUY,ZB,1,1.00216,0.99224,992.0,1.00615,0.99830,785.0,79.133,61.09,386.0,234.1,1.00216,0.99830,1.01001,BREAK,2012.05.16 09:00,0,,0,,0,,0,NA,London,BREAK,2012.05.17 17:00,BREAK,2012.05.18 03:00,0.98838,UNTOUCHED,,0,,0,,0,,0,NA,Other,NA,,NA,,1.00602,BREAK,2012.05.15 22:00,0,,0,,0,,0,NA,Other,BREAK,2012.05.16 10:00,BREAK,2012.05.17 17:00,0.99444,UNTOUCHED,,0,,0,,0,,0,NA,Other,NA,,NA,,B-ZD-BR,S-ZO-UN,B-ZG-BR,B-ZO-BR,S-ZE-UN,S-ZD-BR,S-ZF-BR,B-ZE-BO,S-ZE-BO,S-ZF-BR,S-ZC-UN,B-ZB-BO,B-ZH-BO,S-ZO-UN,B-ZB-BR,B-ZG-BR,B-ZG-BO,S-ZH-BO,B-ZF-BO,B-ZD-BR
346,2012.05.11 00:00,USDCAD,60,86400,SELL,ZC,1,1.00615,0.99830,785.0,1.00307,0.99763,544.0,69.299,39.24,477.0,185.3,1.00307,0.99830,0.99286,UNTOUCHED,,0,,0,,0,,0,NA,Other,NA,,NA,,1.01092,BREAK,2012.05.16 09:00,0,,0,,0,,0,NA,London,BREAK,2012.05.17 17:00,BREAK,2012.05.18 08:00,0.99353,UNTOUCHED,,0,,0,,0,,0,NA,Other,NA,,NA,,1.00784,BREAK,2012.05.16 05:00,0,,0,,0,,0,NA,Asia,BOUNCE,2012.05.16 14:00,NA,,B-ZB-BR,B-ZD-BR,S-ZO-UN,B-ZG-BR,B-ZO-BR,S-ZE-UN,S-ZD-BR,S-ZF-BR,B-ZE-BO,S-ZE-BO,B-ZB-BO,B-ZH-BO,S-ZO-UN,B-ZB-BR,B-ZG-BR,B-ZG-BO,S-ZH-BO,B-ZF-BO,B-ZD-BR,B-ZB-UN
347,2012.05.18 00:00,USDCAD,60,86400,BUY,ZB,1,1.01312,1.00537,775.0,1.01949,1.01040,909.0,117.290,64.90,272.0,182.9,1.01312,1.01040,1.02221,BOUNCE,2012.05.18 08:00,1,2012.05.18 14:00,0,,0,,1,6h,London,NA,,NA,,1.00265,UNTOUCHED,,0,,0,,0,,0,NA,Other,NA,,NA,,1.01584,BREAK,2012.05.18 00:00,0,,0,,0,,0,NA,Asia,BREAK,2012.05.18 04:00,BOUNCE,2012.05.18 11:00,1.00768,UNTOUCHED,,0,,0,,0,,0,NA,Other,NA,,NA,,S-ZC-UN,B-ZB-BR,B-ZD-BR,S-ZO-UN,B-ZG-BR,B-ZO-BR,S-ZE-UN,S-ZD-BR,S-ZF-BR,B-ZE-BO,B-ZH-BO,S-ZO-UN,B-ZB-BR,B-ZG-BR,B-ZG-BO,S-ZH-BO,B-ZF-BO,B-ZD-BR,B-ZB-UN,S-ZO-BR
348,2012.05.19 00:00,USDCAD,60,86400,BUY,ZH,0,1.01949,1.01040,909.0,1.02264,1.01378,886.0,97.470,37.18,571.0,214.5,1.01949,1.01378,1.02835,BOUNCE,2012.05.23 17:00,1,2012.06.19 17:00,0,,0,,1,3w 6d,NewYork,NA,,NA,,1.00469,UNTOUCHED,,0,,0,,0,,0,NA,Other,NA,,NA,,1.02520,BREAK,2012.05.23 17:00,0,,0,,0,,0,NA,NewYork,BOUNCE,2012.05.28 03:00,NA,,1.00807,UNTOUCHED,,0,,0,,0,,0,NA,Other,NA,,NA,,B-ZB-BO,S-ZC-UN,B-ZB-BR,B-ZD-BR,S-ZO-UN,B-ZG-BR,B-ZO-BR,S-ZE-UN,S-ZD-BR,S-ZF-BR,S-ZO-UN,B-ZB-BR,B-ZG-BR,B-ZG-BO,S-ZH-BO,B-ZF-BO,B-ZD-BR,B-ZB-UN,S-ZO-BR,S-ZB-BO
349,2012.05.23 00:00,USDCAD,60,86400,SELL,ZO,0,1.02455,1.01641,814.0,1.02327,1.01509,818.0,100.491,15.72,686.0,192.1,1.02327,1.01641,1.00823,UNTOUCHED,,0,,0,,0,,0,NA,Other,NA,,NA,,1.03141,BREAK,2012.05.31 16:00,0,,0,,0,,0,NA,NewYork,BREAK,2012.06.01 15:00,UNTOUCHED,,1.00955,UNTOUCHED,,0,,0,,0,,0,NA,Other,NA,,NA,,1.03013,BOUNCE,2012.05.25 20:00,0,,0,,0,,0,NA,NewYork,NA,,NA,,B-ZH-BO,B-ZB-BO,S-ZC-UN,B-ZB-BR,B-ZD-BR,S-ZO-UN,B-ZG-BR,B-ZO-BR,S-ZE-UN,S-ZD-BR,B-ZB-BR,B-ZG-BR,B-ZG-BO,S-ZH-BO,B-ZF-BO,B-ZD-BR,B-ZB-UN,S-ZO-BR,S-ZB-BO,B-ZE-UN
350,2012.05.24 00:00,USDCAD,60,86400,BUY,ZB,1,1.02327,1.01509,818.0,1.02942,1.02030,912.0,111.491,63.69,297.0,193.0,1.02327,1.02030,1.03239,BREAK,2012.05.31 17:00,0,,0,,0,,0,NA,NewYork,BOUNCE,2012.05.31 19:00,NA,,1.01212,PENDING,2012.07.03 18:00,0,,0,,0,,0,NA,NewYork,NA,,NA,,1.02624,BOUNCE,2012.05.24 09:00,1,2012.06.19 17:00,1,2012.07.03 18:00,0,,2,5w 5d,London,NA,,NA,,1.01733,BOUNCE,2012.06.19 17:00,1,2012.06.21 18:00,1,2012.06.21 18:00,0,,2,2d 1h,NewYork,NA,,NA,,S-ZO-UN,B-ZH-BO,B-ZB-BO,S-ZC-UN,B-ZB-BR,B-ZD-BR,S-ZO-UN,B-ZG-BR,B-ZO-BR,S-ZE-UN,B-ZG-BR,B-ZG-BO,S-ZH-BO,B-ZF-BO,B-ZD-BR,B-ZB-UN,S-ZO-BR,S-ZB-BO,B-ZE-UN,B-ZE-UN
351,2012.05.25 00:00,USDCAD,60,86400,BUY,ZG,0,1.02942,1.02030,912.0,1.02946,1.02253,693.0,75.987,24.45,689.0,215.2,1.02942,1.02253,1.03635,BREAK,2012.05.31 18:00,0,,0,,0,,0,NA,NewYork,BOUNCE,2012.06.01 16:00,NA,,1.01341,BREAK,2012.07.03 17:00,0,,0,,0,,0,NA,NewYork,BOUNCE,2012.07.23 01:00,NA,,1.03631,BREAK,2012.05.31 18:00,0,,0,,0,,0,NA,NewYork,BOUNCE,2012.06.01 16:00,NA,,1.01564,BREAK,2012.07.02 12:00,0,,0,,0,,0,NA,London,BREAK,2012.07.19 15:00,BREAK,2012.08.03 16:00,B-ZB-BR,S-ZO-UN,B-ZH-BO,B-ZB-BO,S-ZC-UN,B-ZB-BR,B-ZD-BR,S-ZO-UN,B-ZG-BR,B-ZO-BR,B-ZG-BO,S-ZH-BO,B-ZF-BO,B-ZD-BR,B-ZB-UN,S-ZO-BR,S-ZB-BO,B-ZE-UN,B-ZE-UN,S-ZO-BO
352,2012.05.26 00:00,USDCAD,60,86400,BUY,ZG,0,1.02946,1.02253,693.0,1.03108,1.02457,651.0,93.939,29.44,489.0,163.5,1.02946,1.02457,1.03597,BOUNCE,2012.05.31 18:00,1,2012.06.07 14:00,1,2012.06.18 01:00,1,2012.06.19 17:00,3,2w 4d,NewYork,NA,,NA,,1.01764,BREAK,2012.06.19 17:00,0,,0,,0,,0,NA,NewYork,BREAK,2012.07.05 14:00,BOUNCE,2012.07.20 16:00,1.03435,BREAK,2012.05.31 17:00,0,,0,,0,,0,NA,NewYork,BREAK,2012.06.01 15:00,BOUNCE,2012.06.04 13:00,1.01968,BOUNCE,2012.06.18 01:00,1,2012.06.28 19:00,1,2012.06.28 19:00,0,,2,1w 3d,Asia,NA,,NA,,B-ZG-BR,B-ZB-BR,S-ZO-UN,B-ZH-BO,B-ZB-BO,S-ZC-UN,B-ZB-BR,B-ZD-BR,S-ZO-UN,B-ZG-BR,S-ZH-BO,B-ZF-BO,B-ZD-BR,B-ZB-UN,S-ZO-BR,S-ZB-BO,B-ZE-UN,B-ZE-UN,S-ZO-BO,S-ZD-BR
353,2012.05.30 00:00,USDCAD,60,86400,SELL,ZH,0,1.02710,1.02226,484.0,1.02689,1.02063,626.0,129.339,4.34,463.0,114.2,1.02689,1.02226,1.01600,BOUNCE,2012.06.20 14:00,1,2012.06.21 18:00,1,2012.06.25 17:00,1,2012.06.28 16:00,3,1w 1d,NewYork,NA,,NA,,1.03173,BREAK,2012.05.31 16:00,0,,0,,0,,0,NA,NewYork,BOUNCE,2012.05.31 22:00,NA,,1.01763,BREAK,2012.06.19 17:00,0,,0,,0,,0,NA,NewYork,BREAK,2012.07.05 14:00,BREAK,2012.07.19 13:00,1.03152,BREAK,2012.05.31 16:00,0,,0,,0,,0,NA,NewYork,BOUNCE,2012.05.31 22:00,NA,,B-ZG-BO,B-ZG-BR,B-ZB-BR,S-ZO-UN,B-ZH-BO,B-ZB-BO,S-ZC-UN,B-ZB-BR,B-ZD-BR,S-ZO-UN,B-ZF-BO,B-ZD-BR,B-ZB-UN,S-ZO-BR,S-ZB-BO,B-ZE-UN,B-ZE-UN,S-ZO-BO,S-ZD-BR,S-ZB-BO
354,2012.05.31 00:00,USDCAD,60,86400,BUY,ZF,1,1.02689,1.02063,626.0,1.03099,1.02168,931.0,148.722,16.77,521.0,147.7,1.02689,1.02168,1.03620,BOUNCE,2012.05.31 18:00,1,2012.06.07 14:00,1,2012.06.20 14:00,1,2012.07.03 06:00,3,4w 4d,NewYork,NA,,NA,,1.01542,BREAK,2012.07.03 06:00,0,,0,,0,,0,NA,Asia,BOUNCE,2012.07.05 17:00,NA,,1.03210,BREAK,2012.05.31 16:00,0,,0,,0,,0,NA,NewYork,BREAK,2012.06.01 11:00,BREAK,2012.06.01 15:00,1.01647,BOUNCE,2012.06.20 14:00,1,2012.06.28 17:00,1,2012.06.28 17:00,0,,2,1w 1d,NewYork,NA,,NA,,S-ZH-BO,B-ZG-BO,B-ZG-BR,B-ZB-BR,S-ZO-UN,B-ZH-BO,B-ZB-BO,S-ZC-UN,B-ZB-BR,B-ZD-BR,B-ZD-BR,B-ZB-UN,S-ZO-BR,S-ZB-BO,B-ZE-UN,B-ZE-UN,S-ZO-BO,S-ZD-BR,S-ZB-BO,S-ZO-BR
355,2012.06.01 00:00,USDCAD,60,86400,BUY,ZD,1,1.03099,1.02168,931.0,1.03647,1.02607,1040.0,111.708,47.15,492.0,219.7,1.03099,1.02607,1.04139,BREAK,2012.06.01 15:00,0,,0,,0,,0,NA,NewYork,UNTOUCHED,,NA,,1.01676,BOUNCE,2012.06.19 20:00,1,2012.06.21 19:00,1,2012.06.28 21:00,0,,2,1w 2d,NewYork,NA,,NA,,1.03591,BREAK,2012.06.01 04:00,0,,0,,0,,0,NA,Asia,BREAK,2012.06.01 15:00,UNTOUCHED,,1.02115,BOUNCE,2012.06.07 16:00,1,2012.06.28 21:00,1,2012.06.28 21:00,0,,2,3w 0d,NewYork,NA,,NA,,B-ZF-BO,S-ZH-BO,B-ZG-BO,B-ZG-BR,B-ZB-BR,S-ZO-UN,B-ZH-BO,B-ZB-BO,S-ZC-UN,B-ZB-BR,B-ZB-UN,S-ZO-BR,S-ZB-BO,B-ZE-UN,B-ZE-UN,S-ZO-BO,S-ZD-BR,S-ZB-BO,S-ZO-BR,B-ZF-BO
356,2012.06.02 00:00,USDCAD,60,86400,BUY,ZB,1,1.03647,1.02607,1040.0,1.04406,1.03198,1208.0,116.154,56.83,449.0,245.4,1.03647,1.03198,1.04855,UNTOUCHED,,0,,0,,0,,0,NA,Other,NA,,NA,,1.02158,BOUNCE,2012.06.07 16:00,1,2012.06.08 05:00,0,,0,,1,13h,NewYork,NA,,NA,,1.04096,BREAK,2012.06.02 00:00,0,,0,,0,,0,NA,Asia,UNTOUCHED,,NA,,1.02749,BREAK,2012.06.06 23:00,0,,0,,0,,0,NA,Other,BOUNCE,2012.06.07 22:00,NA,,B-ZD-BR,B-ZF-BO,S-ZH-BO,B-ZG-BO,B-ZG-BR,B-ZB-BR,S-ZO-UN,B-ZH-BO,B-ZB-BO,S-ZC-UN,S-ZO-BR,S-ZB-BO,B-ZE-UN,B-ZE-UN,S-ZO-BO,S-ZD-BR,S-ZB-BO,S-ZO-BR,B-ZF-BO,B-ZE-BO
357,2012.06.06 00:00,USDCAD,60,86400,SELL,ZO,0,1.04449,1.03688,761.0,1.04249,1.03600,649.0,85.283,26.28,561.0,179.6,1.04249,1.03688,1.03039,BREAK,2012.06.06 18:00,0,,0,,0,,0,NA,NewYork,BREAK,2012.06.07 15:00,BOUNCE,2012.06.18 11:00,1.05010,UNTOUCHED,,0,,0,,0,,0,NA,Other,NA,,NA,,1.03127,BOUNCE,2012.06.06 10:00,0,,0,,0,,0,NA,London,NA,,NA,,1.04810,UNTOUCHED,,0,,0,,0,,0,NA,Other,NA,,NA,,B-ZB-UN,B-ZD-BR,B-ZF-BO,S-ZH-BO,B-ZG-BO,B-ZG-BR,B-ZB-BR,S-ZO-UN,B-ZH-BO,B-ZB-BO,S-ZB-BO,B-ZE-UN,B-ZE-UN,S-ZO-BO,S-ZD-BR,S-ZB-BO,S-ZO-BR,B-ZF-BO,B-ZE-BO,S-ZH-BR
358,2012.06.07 00:00,USDCAD,60,86400,SELL,ZB,1,1.04249,1.03600,649.0,1.03825,1.02700,1125.0,173.344,65.33,225.0,153.2,1.03825,1.03600,1.02475,BOUNCE,2012.06.07 14:00,1,2012.06.08 03:00,0,,0,,1,13h,NewYork,NA,,NA,,1.04474,UNTOUCHED,,0,,0,,0,,0,NA,Other,NA,,NA,,1.03375,BREAK,2012.06.07 00:00,0,,0,,0,,0,NA,Asia,BREAK,2012.06.07 01:00,BREAK,2012.06.07 02:00,1.04050,UNTOUCHED,,0,,0,,0,,0,NA,Other,NA,,NA,,S-ZO-BR,B-ZB-UN,B-ZD-BR,B-ZF-BO,S-ZH-BO,B-ZG-BO,B-ZG-BR,B-ZB-BR,S-ZO-UN,B-ZH-BO,B-ZE-UN,B-ZE-UN,S-ZO-BO,S-ZD-BR,S-ZB-BO,S-ZO-BR,B-ZF-BO,B-ZE-BO,S-ZH-BR,S-ZF-BR
359,2012.06.09 00:00,USDCAD,60,86400,BUY,ZE,1,1.02955,1.02098,857.0,1.03538,1.02605,933.0,108.868,59.16,350.0,202.3,1.02955,1.02605,1.03888,UNTOUCHED,,0,,0,,0,,0,NA,Other,NA,,NA,,1.01748,BOUNCE,2012.06.19 17:00,1,2012.06.21 18:00,1,2012.06.28 17:00,0,,2,1w 2d,NewYork,NA,,NA,,1.03305,BREAK,2012.06.28 17:00,0,,0,,0,,0,NA,NewYork,UNTOUCHED,,NA,,1.02255,BREAK,2012.06.11 01:00,0,,0,,0,,0,NA,Asia,BREAK,2012.06.19 17:00,BOUNCE,2012.07.02 17:00,S-ZB-BO,S-ZO-BR,B-ZB-UN,B-ZD-BR,B-ZF-BO,S-ZH-BO,B-ZG-BO,B-ZG-BR,B-ZB-BR,S-ZO-UN,B-ZE-UN,S-ZO-BO,S-ZD-BR,S-ZB-BO,S-ZO-BR,B-ZF-BO,B-ZE-BO,S-ZH-BR,S-ZF-BR,S-ZB-BO
360,2012.06.13 00:00,USDCAD,60,86400,BUY,ZE,1,1.03149,1.01995,1154.0,1.03242,1.02556,686.0,59.445,48.61,593.0,272.3,1.03149,1.02556,1.03835,UNTOUCHED,,0,,0,,0,,0,NA,Other,NA,,NA,,1.01402,BREAK,2012.07.03 12:00,0,,0,,0,,0,NA,London,BOUNCE,2012.07.23 01:00,NA,,1.03742,UNTOUCHED,,0,,0,,0,,0,NA,Other,NA,,NA,,1.01963,BOUNCE,2012.06.18 01:00,0,,0,,0,,0,NA,Asia,NA,,NA,,B-ZE-UN,S-ZB-BO,S-ZO-BR,B-ZB-UN,B-ZD-BR,B-ZF-BO,S-ZH-BO,B-ZG-BO,B-ZG-BR,B-ZB-BR,S-ZO-BO,S-ZD-BR,S-ZB-BO,S-ZO-BR,B-ZF-BO,B-ZE-BO,S-ZH-BR,S-ZF-BR,S-ZB-BO,S-ZE-BR
361,2012.06.14 00:00,USDCAD,60,86400,SELL,ZO,0,1.03242,1.02556,686.0,1.03004,1.02411,593.0,86.443,34.69,448.0,161.9,1.03004,1.02556,1.01963,BOUNCE,2012.06.18 01:00,1,2012.06.21 21:00,1,2012.06.28 19:00,0,,2,1w 3d,Asia,NA,,NA,,1.03690,UNTOUCHED,,0,,0,,0,,0,NA,Other,NA,,NA,,1.02108,BREAK,2012.06.18 01:00,0,,0,,0,,0,NA,Asia,BOUNCE,2012.06.20 19:00,NA,,1.03452,BOUNCE,2012.06.28 19:00,1,2012.06.29 15:00,1,2012.06.29 15:00,0,,2,20h,NewYork,NA,,NA,,B-ZE-UN,B-ZE-UN,S-ZB-BO,S-ZO-BR,B-ZB-UN,B-ZD-BR,B-ZF-BO,S-ZH-BO,B-ZG-BO,B-ZG-BR,S-ZD-BR,S-ZB-BO,S-ZO-BR,B-ZF-BO,B-ZE-BO,S-ZH-BR,S-ZF-BR,S-ZB-BO,S-ZE-BR,B-ZB-BO
362,2012.06.16 00:00,USDCAD,60,86400,SELL,ZD,1,1.03015,1.02255,760.0,1.02554,1.02143,411.0,54.079,60.66,299.0,179.4,1.02554,1.02255,1.01844,BREAK,2012.06.19 16:00,0,,0,,0,,0,NA,NewYork,BOUNCE,2012.07.02 17:00,NA,,1.03314,BREAK,2012.06.28 17:00,0,,0,,0,,0,NA,NewYork,UNTOUCHED,,NA,,1.01956,BOUNCE,2012.06.18 01:00,1,2012.06.21 21:00,1,2012.06.28 17:00,0,,2,1w 3d,Asia,NA,,NA,,1.02853,BOUNCE,2012.06.21 21:00,1,2012.06.29 15:00,1,2012.06.29 15:00,0,,2,1w 0d,Other,NA,,NA,,S-ZO-BO,B-ZE-UN,B-ZE-UN,S-ZB-BO,S-ZO-BR,B-ZB-UN,B-ZD-BR,B-ZF-BO,S-ZH-BO,B-ZG-BO,S-ZB-BO,S-ZO-BR,B-ZF-BO,B-ZE-BO,S-ZH-BR,S-ZF-BR,S-ZB-BO,S-ZE-BR,B-ZB-BO,B-ZO-UN
363,2012.06.20 00:00,USDCAD,60,86400,SELL,ZB,1,1.02779,1.01913,866.0,1.02425,1.01658,767.0,88.568,40.88,512.0,204.4,1.02425,1.01913,1.01146,BOUNCE,2012.07.05 14:00,1,2012.07.09 16:00,0,,0,,1,4d 2h,NewYork,NA,,NA,,1.03291,BREAK,2012.06.28 17:00,0,,0,,0,,0,NA,NewYork,UNTOUCHED,,NA,,1.01401,BREAK,2012.07.03 12:00,0,,0,,0,,0,NA,London,BREAK,2012.07.19 13:00,BREAK,2012.07.30 21:00,1.02937,BOUNCE,2012.06.21 22:00,1,2012.07.03 12:00,1,2012.07.03 12:00,0,,2,1w 4d,Other,NA,,NA,,S-ZD-BR,S-ZO-BO,B-ZE-UN,B-ZE-UN,S-ZB-BO,S-ZO-BR,B-ZB-UN,B-ZD-BR,B-ZF-BO,S-ZH-BO,S-ZO-BR,B-ZF-BO,B-ZE-BO,S-ZH-BR,S-ZF-BR,S-ZB-BO,S-ZE-BR,B-ZB-BO,B-ZO-UN,B-ZO-UN
364,2012.06.21 00:00,USDCAD,60,86400,SELL,ZO,0,1.02425,1.01658,767.0,1.02309,1.01585,724.0,94.394,15.12,651.0,181.0,1.02309,1.01658,1.00934,BREAK,2012.07.19 03:00,0,,0,,0,,0,NA,Asia,BREAK,2012.07.31 04:00,BREAK,2012.08.08 17:00,1.03076,BOUNCE,2012.06.25 15:00,1,2012.06.29 15:00,1,2012.07.05 14:00,1,2012.07.19 03:00,3,3w 2d,NewYork,NA,,NA,,1.01007,BOUNCE,2012.07.05 14:00,0,,0,,0,,0,NA,NewYork,NA,,NA,,1.02960,BREAK,2012.06.22 10:00,0,,0,,0,,0,NA,London,UNTOUCHED,,NA,,S-ZB-BO,S-ZD-BR,S-ZO-BO,B-ZE-UN,B-ZE-UN,S-ZB-BO,S-ZO-BR,B-ZB-UN,B-ZD-BR,B-ZF-BO,B-ZF-BO,B-ZE-BO,S-ZH-BR,S-ZF-BR,S-ZB-BO,S-ZE-BR,B-ZB-BO,B-ZO-UN,B-ZO-UN,S-ZB-BR
365,2012.06.22 00:00,USDCAD,60,86400,BUY,ZF,1,1.02309,1.01585,724.0,1.02940,1.01745,1195.0,165.055,22.10,564.0,170.9,1.02309,1.01745,1.03504,BOUNCE,2012.06.28 20:00,1,2012.06.29 09:00,1,2012.07.05 14:00,1,2012.07.05 14:00,3,6d 18h,NewYork,NA,,NA,,1.01021,BOUNCE,2012.07.05 14:00,1,2012.07.09 16:00,0,,0,,1,4d 2h,NewYork,NA,,NA,,1.02873,BREAK,2012.06.22 00:00,0,,0,,0,,0,NA,Asia,BREAK,2012.06.28 21:00,UNTOUCHED,,1.01181,BREAK,2012.07.05 14:00,0,,0,,0,,0,NA,NewYork,BREAK,2012.07.27 20:00,BOUNCE,2012.08.02 15:00,S-ZO-BR,S-ZB-BO,S-ZD-BR,S-ZO-BO,B-ZE-UN,B-ZE-UN,S-ZB-BO,S-ZO-BR,B-ZB-UN,B-ZD-BR,B-ZE-BO,S-ZH-BR,S-ZF-BR,S-ZB-BO,S-ZE-BR,B-ZB-BO,B-ZO-UN,B-ZO-UN,S-ZB-BR,S-ZH-BR
366,2012.06.23 00:00,USDCAD,60,86400,BUY,ZE,1,1.02940,1.01745,1195.0,1.02987,1.02406,581.0,48.619,55.31,534.0,282.0,1.02940,1.02406,1.03521,BOUNCE,2012.06.28 20:00,1,2012.06.29 09:00,1,2012.06.29 15:00,1,2012.07.03 18:00,3,4d 22h,NewYork,NA,,NA,,1.01211,BOUNCE,2012.07.03 18:00,1,2012.07.11 00:00,0,,0,,1,1w 0d,NewYork,NA,,NA,,1.03474,BOUNCE,2012.06.28 19:00,1,2012.06.29 15:00,1,2012.07.03 18:00,0,,2,4d 23h,NewYork,NA,,NA,,1.01872,BREAK,2012.06.29 15:00,0,,0,,0,,0,NA,NewYork,BREAK,2012.07.05 14:00,BOUNCE,2012.07.23 01:00,B-ZF-BO,S-ZO-BR,S-ZB-BO,S-ZD-BR,S-ZO-BO,B-ZE-UN,B-ZE-UN,S-ZB-BO,S-ZO-BR,B-ZB-UN,S-ZH-BR,S-ZF-BR,S-ZB-BO,S-ZE-BR,B-ZB-BO,B-ZO-UN,B-ZO-UN,S-ZB-BR,S-ZH-BR,S-ZD-BO
367,2012.06.27 00:00,USDCAD,60,86400,SELL,ZH,0,1.03168,1.02526,642.0,1.02960,1.02320,640.0,99.688,32.40,434.0,151.5,1.02960,1.02526,1.01886,BREAK,2012.06.29 15:00,0,,0,,0,,0,NA,NewYork,BREAK,2012.07.03 17:00,BOUNCE,2012.07.05 17:00,1.03602,BOUNCE,2012.06.28 21:00,1,2012.06.29 06:00,1,2012.06.29 15:00,1,2012.06.29 15:00,3,18h,Other,NA,,NA,,1.02092,BREAK,2012.06.29 15:00,0,,0,,0,,0,NA,NewYork,BREAK,2012.07.03 07:00,BREAK,2012.07.05 14:00,1.03394,BREAK,2012.06.28 19:00,0,,0,,0,,0,NA,NewYork,UNTOUCHED,,NA,,B-ZE-BO,B-ZF-BO,S-ZO-BR,S-ZB-BO,S-ZD-BR,S-ZO-BO,B-ZE-UN,B-ZE-UN,S-ZB-BO,S-ZO-BR,S-ZF-BR,S-ZB-BO,S-ZE-BR,B-ZB-BO,B-ZO-UN,B-ZO-UN,S-ZB-BR,S-ZH-BR,S-ZD-BO,B-ZF-BR
368,2012.06.30 00:00,USDCAD,60,86400,SELL,ZF,0,1.03608,1.02312,1296.0,1.03404,1.01647,1757.0,135.571,15.74,1092.0,305.9,1.03404,1.02312,1.00555,BREAK,2012.07.27 17:00,0,,0,,0,,0,NA,NewYork,BREAK,2012.08.09 17:00,BREAK,2012.09.07 10:00,1.04700,UNTOUCHED,,0,,0,,0,,0,NA,Other,NA,,NA,,1.01220,BOUNCE,2012.07.03 17:00,0,,0,,0,,0,NA,NewYork,NA,,NA,,1.04496,UNTOUCHED,,0,,0,,0,,0,NA,Other,NA,,NA,,S-ZH-BR,B-ZE-BO,B-ZF-BO,S-ZO-BR,S-ZB-BO,S-ZD-BR,S-ZO-BO,B-ZE-UN,B-ZE-UN,S-ZB-BO,S-ZB-BO,S-ZE-BR,B-ZB-BO,B-ZO-UN,B-ZO-UN,S-ZB-BR,S-ZH-BR,S-ZD-BO,B-ZF-BR,B-ZF-UN
369,2012.07.04 00:00,USDCAD,60,86400,SELL,ZB,1,1.01999,1.01545,454.0,1.01712,1.01192,520.0,114.537,63.22,167.0,107.1,1.01712,1.01545,1.01025,BOUNCE,2012.07.05 14:00,1,2012.07.05 15:00,1,2012.07.06 17:00,1,2012.07.09 16:00,3,4d 2h,NewYork,NA,,NA,,1.02166,BOUNCE,2012.07.09 16:00,1,2012.07.10 11:00,1,2012.07.13 17:00,1,2012.07.18 19:00,3,1w 2d,NewYork,NA,,NA,,1.01378,BREAK,2012.07.04 00:00,0,,0,,0,,0,NA,Asia,BOUNCE,2012.07.04 06:00,NA,,1.01879,BOUNCE,2012.07.06 17:00,1,2012.07.13 17:00,1,2012.07.13 17:00,0,,2,1w 0d,NewYork,NA,,NA,,S-ZF-BR,S-ZH-BR,B-ZE-BO,B-ZF-BO,S-ZO-BR,S-ZB-BO,S-ZD-BR,S-ZO-BO,B-ZE-UN,B-ZE-UN,S-ZE-BR,B-ZB-BO,B-ZO-UN,B-ZO-UN,S-ZB-BR,S-ZH-BR,S-ZD-BO,B-ZF-BR,B-ZF-UN,S-ZB-BO
370,2012.07.05 00:00,USDCAD,60,86400,SELL,ZE,1,1.01712,1.01192,520.0,1.01412,1.01187,225.0,43.269,57.69,220.0,122.7,1.01412,1.01192,1.00967,BREAK,2012.07.19 01:00,0,,0,,0,,0,NA,Asia,BOUNCE,2012.07.20 14:00,NA,,1.01932,BREAK,2012.07.06 18:00,0,,0,,0,,0,NA,NewYork,BOUNCE,2012.07.09 18:00,NA,,1.00972,BREAK,2012.07.19 01:00,0,,0,,0,,0,NA,Asia,BOUNCE,2012.07.20 14:00,NA,,1.01632,BREAK,2012.07.06 15:00,0,,0,,0,,0,NA,NewYork,BREAK,2012.07.06 18:00,BREAK,2012.07.09 17:00,S-ZB-BO,S-ZF-BR,S-ZH-BR,B-ZE-BO,B-ZF-BO,S-ZO-BR,S-ZB-BO,S-ZD-BR,S-ZO-BO,B-ZE-UN,B-ZB-BO,B-ZO-UN,B-ZO-UN,S-ZB-BR,S-ZH-BR,S-ZD-BO,B-ZF-BR,B-ZF-UN,S-ZB-BO,S-ZB-BR
371,2012.07.07 00:00,USDCAD,60,86400,BUY,ZB,1,1.01563,1.00999,564.0,1.02066,1.01388,678.0,120.213,68.97,175.0,133.1,1.01563,1.01388,1.02241,BOUNCE,2012.07.10 21:00,1,2012.07.11 13:00,1,2012.07.17 23:00,1,2012.07.19 12:00,3,1w 1d,Other,NA,,NA,,1.00824,BOUNCE,2012.07.19 12:00,1,2012.07.20 15:00,1,2012.07.23 15:00,1,2012.07.24 21:00,3,5d 9h,London,NA,,NA,,1.01738,BREAK,2012.07.07 00:00,0,,0,,0,,0,NA,Asia,BREAK,2012.07.09 10:00,BOUNCE,2012.07.09 20:00,1.01213,BOUNCE,2012.07.17 23:00,1,2012.07.23 15:00,1,2012.07.23 15:00,0,,2,5d 16h,Other,NA,,NA,,S-ZE-BR,S-ZB-BO,S-ZF-BR,S-ZH-BR,B-ZE-BO,B-ZF-BO,S-ZO-BR,S-ZB-BO,S-ZD-BR,S-ZO-BO,B-ZO-UN,B-ZO-UN,S-ZB-BR,S-ZH-BR,S-ZD-BO,B-ZF-BR,B-ZF-UN,S-ZB-BO,S-ZB-BR,S-ZO-BR
372,2012.07.12 00:00,USDCAD,60,86400,BUY,ZO,0,1.02275,1.01649,626.0,1.02297,1.01723,574.0,91.693,11.82,552.0,147.7,1.02275,1.01723,1.02849,UNTOUCHED,,0,,0,,0,,0,NA,Other,NA,,NA,,1.01097,BREAK,2012.07.18 17:00,0,,0,,0,,0,NA,NewYork,BREAK,2012.07.27 20:00,BREAK,2012.08.03 17:00,1.02827,UNTOUCHED,,0,,0,,0,,0,NA,Other,NA,,NA,,1.01171,BREAK,2012.07.18 03:00,0,,0,,0,,0,NA,Asia,BREAK,2012.07.27 20:00,BOUNCE,2012.08.02 15:00,B-ZB-BO,S-ZE-BR,S-ZB-BO,S-ZF-BR,S-ZH-BR,B-ZE-BO,B-ZF-BO,S-ZO-BR,S-ZB-BO,S-ZD-BR,B-ZO-UN,S-ZB-BR,S-ZH-BR,S-ZD-BO,B-ZF-BR,B-ZF-UN,S-ZB-BO,S-ZB-BR,S-ZO-BR,S-ZG-BR
373,2012.07.13 00:00,USDCAD,60,86400,BUY,ZO,0,1.02297,1.01723,574.0,1.02486,1.01756,730.0,127.178,5.75,541.0,135.5,1.02297,1.01756,1.03027,UNTOUCHED,,0,,0,,0,,0,NA,Other,NA,,NA,,1.01182,BREAK,2012.07.18 00:00,0,,0,,0,,0,NA,Asia,BREAK,2012.07.27 20:00,BOUNCE,2012.08.02 16:00,1.02838,UNTOUCHED,,0,,0,,0,,0,NA,Other,NA,,NA,,1.01215,BREAK,2012.07.17 23:00,0,,0,,0,,0,NA,Other,BOUNCE,2012.07.20 15:00,NA,,B-ZO-UN,B-ZB-BO,S-ZE-BR,S-ZB-BO,S-ZF-BR,S-ZH-BR,B-ZE-BO,B-ZF-BO,S-ZO-BR,S-ZB-BO,S-ZB-BR,S-ZH-BR,S-ZD-BO,B-ZF-BR,B-ZF-UN,S-ZB-BO,S-ZB-BR,S-ZO-BR,S-ZG-BR,S-ZF-BR
374,2012.07.14 00:00,USDCAD,60,86400,SELL,ZB,1,1.02486,1.01756,730.0,1.02024,1.01287,737.0,100.959,63.29,268.0,172.3,1.02024,1.01756,1.01019,BREAK,2012.07.18 19:00,0,,0,,0,,0,NA,NewYork,BOUNCE,2012.07.20 15:00,NA,,1.02754,UNTOUCHED,,0,,0,,0,,0,NA,Other,NA,,NA,,1.01488,BREAK,2012.07.14 00:00,0,,0,,0,,0,NA,Asia,BREAK,2012.07.18 19:00,BREAK,2012.07.19 13:00,1.02292,BOUNCE,2012.07.25 04:00,1,2012.07.25 20:00,1,2012.07.25 20:00,0,,2,16h,Asia,NA,,NA,,B-ZO-UN,B-ZO-UN,B-ZB-BO,S-ZE-BR,S-ZB-BO,S-ZF-BR,S-ZH-BR,B-ZE-BO,B-ZF-BO,S-ZO-BR,S-ZH-BR,S-ZD-BO,B-ZF-BR,B-ZF-UN,S-ZB-BO,S-ZB-BR,S-ZO-BR,S-ZG-BR,S-ZF-BR,S-ZB-BO
375,2012.07.18 00:00,USDCAD,60,86400,SELL,ZH,0,1.01719,1.01355,364.0,1.01686,1.01184,502.0,137.912,9.07,331.0,85.9,1.01686,1.01355,1.00853,BREAK,2012.07.19 12:00,0,,0,,0,,0,NA,London,BREAK,2012.07.27 20:00,BREAK,2012.07.31 04:00,1.02050,BREAK,2012.07.24 18:00,0,,0,,0,,0,NA,NewYork,UNTOUCHED,,NA,,1.01024,BREAK,2012.07.18 19:00,0,,0,,0,,0,NA,NewYork,BOUNCE,2012.07.20 15:00,NA,,1.02017,BOUNCE,2012.07.23 15:00,1,2012.07.26 13:00,1,2012.07.26 13:00,0,,2,2d 22h,NewYork,NA,,NA,,S-ZB-BR,B-ZO-UN,B-ZO-UN,B-ZB-BO,S-ZE-BR,S-ZB-BO,S-ZF-BR,S-ZH-BR,B-ZE-BO,B-ZF-BO,S-ZD-BO,B-ZF-BR,B-ZF-UN,S-ZB-BO,S-ZB-BR,S-ZO-BR,S-ZG-BR,S-ZF-BR,S-ZB-BO,S-ZB-BR
376,2012.07.19 00:00,USDCAD,60,86400,SELL,ZD,1,1.01686,1.01184,502.0,1.01487,1.00990,497.0,99.004,39.64,303.0,118.5,1.01487,1.01184,1.00687,BOUNCE,2012.07.19 13:00,1,2012.07.20 16:00,1,2012.07.23 15:00,1,2012.07.23 15:00,3,4d 2h,NewYork,NA,,NA,,1.01989,BOUNCE,2012.07.23 15:00,1,2012.07.26 09:00,1,2012.07.26 14:00,1,2012.07.26 15:00,3,3d 0h,NewYork,NA,,NA,,1.00881,BREAK,2012.07.19 10:00,0,,0,,0,,0,NA,London,BREAK,2012.07.27 20:00,BREAK,2012.07.30 22:00,1.01790,BREAK,2012.07.23 15:00,0,,0,,0,,0,NA,NewYork,BREAK,2012.07.24 19:00,UNTOUCHED,,S-ZH-BR,S-ZB-BR,B-ZO-UN,B-ZO-UN,B-ZB-BO,S-ZE-BR,S-ZB-BO,S-ZF-BR,S-ZH-BR,B-ZE-BO,B-ZF-BR,B-ZF-UN,S-ZB-BO,S-ZB-BR,S-ZO-BR,S-ZG-BR,S-ZF-BR,S-ZB-BO,S-ZB-BR,B-ZO-UN
377,2012.07.21 00:00,USDCAD,60,86400,BUY,ZF,0,1.01057,1.00648,409.0,1.01299,1.00684,615.0,150.367,8.80,373.0,96.5,1.01057,1.00684,1.01672,BREAK,2012.07.23 09:00,0,,0,,0,,0,NA,London,BREAK,2012.07.24 19:00,UNTOUCHED,,1.00275,BREAK,2012.07.30 17:00,0,,0,,0,,0,NA,NewYork,BREAK,2012.08.03 17:00,BREAK,2012.08.08 18:00,1.01430,BREAK,2012.07.23 02:00,0,,0,,0,,0,NA,Asia,BREAK,2012.07.23 15:00,BREAK,2012.07.25 03:00,1.00311,BREAK,2012.07.27 23:00,0,,0,,0,,0,NA,Other,BREAK,2012.08.03 17:00,BREAK,2012.08.08 17:00,S-ZD-BO,S-ZH-BR,S-ZB-BR,B-ZO-UN,B-ZO-UN,B-ZB-BO,S-ZE-BR,S-ZB-BO,S-ZF-BR,S-ZH-BR,B-ZF-UN,S-ZB-BO,S-ZB-BR,S-ZO-BR,S-ZG-BR,S-ZF-BR,S-ZB-BO,S-ZB-BR,B-ZO-UN,S-ZF-BR
378,2012.07.25 00:00,USDCAD,60,86400,BUY,ZF,0,1.02037,1.01303,734.0,1.02251,1.01570,681.0,92.779,36.38,467.0,173.2,1.02037,1.01570,1.02718,UNTOUCHED,,0,,0,,0,,0,NA,Other,NA,,NA,,1.00836,BREAK,2012.07.26 14:00,0,,0,,0,,0,NA,NewYork,BREAK,2012.07.30 21:00,BREAK,2012.08.07 15:00,1.02504,UNTOUCHED,,0,,0,,0,,0,NA,Other,NA,,NA,,1.01103,BOUNCE,2012.07.26 13:00,0,,0,,0,,0,NA,NewYork,NA,,NA,,B-ZF-BR,S-ZD-BO,S-ZH-BR,S-ZB-BR,B-ZO-UN,B-ZO-UN,B-ZB-BO,S-ZE-BR,S-ZB-BO,S-ZF-BR,S-ZB-BO,S-ZB-BR,S-ZO-BR,S-ZG-BR,S-ZF-BR,S-ZB-BO,S-ZB-BR,B-ZO-UN,S-ZF-BR,S-ZD-BO
379,2012.07.27 00:00,USDCAD,60,86400,SELL,ZB,1,1.02303,1.01384,919.0,1.01653,1.00622,1031.0,112.187,70.73,269.0,216.9,1.01653,1.01384,1.00353,BOUNCE,2012.07.27 20:00,0,,0,,0,,0,NA,NewYork,NA,,NA,,1.02572,UNTOUCHED,,0,,0,,0,,0,NA,Other,NA,,NA,,1.01115,BREAK,2012.07.27 00:00,0,,0,,0,,0,NA,Asia,BREAK,2012.07.27 16:00,BREAK,2012.07.27 20:00,1.01922,UNTOUCHED,,0,,0,,0,,0,NA,Other,NA,,NA,,B-ZF-UN,B-ZF-BR,S-ZD-BO,S-ZH-BR,S-ZB-BR,B-ZO-UN,B-ZO-UN,B-ZB-BO,S-ZE-BR,S-ZB-BO,S-ZB-BR,S-ZO-BR,S-ZG-BR,S-ZF-BR,S-ZB-BO,S-ZB-BR,B-ZO-UN,S-ZF-BR,S-ZD-BO,B-ZG-BO
380,2012.07.28 00:00,USDCAD,60,86400,SELL,ZB,1,1.01653,1.00622,1031.0,1.01052,1.00299,753.0,73.036,58.29,430.0,243.3,1.01052,1.00622,0.99869,BREAK,2012.08.03 17:00,0,,0,,0,,0,NA,NewYork,BREAK,2012.08.09 17:00,BREAK,2012.08.16 19:00,1.02083,UNTOUCHED,,0,,0,,0,,0,NA,Other,NA,,NA,,1.00192,BOUNCE,2012.07.30 21:00,0,,0,,0,,0,NA,Other,NA,,NA,,1.01482,UNTOUCHED,,0,,0,,0,,0,NA,Other,NA,,NA,,S-ZB-BO,B-ZF-UN,B-ZF-BR,S-ZD-BO,S-ZH-BR,S-ZB-BR,B-ZO-UN,B-ZO-UN,B-ZB-BO,S-ZE-BR,S-ZO-BR,S-ZG-BR,S-ZF-BR,S-ZB-BO,S-ZB-BR,B-ZO-UN,S-ZF-BR,S-ZD-BO,B-ZG-BO,S-ZO-BR
381,2012.08.01 00:00,USDCAD,60,86400,SELL,ZO,0,1.00527,1.00122,405.0,1.00420,1.00025,395.0,97.531,26.42,298.0,95.6,1.00420,1.00122,0.99727,BREAK,2012.08.07 15:00,0,,0,,0,,0,NA,NewYork,BREAK,2012.08.09 06:00,BOUNCE,2012.08.10 15:00,1.00825,BOUNCE,2012.08.02 22:00,1,2012.08.03 12:00,1,2012.08.03 17:00,1,2012.08.07 15:00,3,4d 17h,Other,NA,,NA,,0.99824,BOUNCE,2012.08.03 17:00,0,,0,,0,,0,NA,NewYork,NA,,NA,,1.00718,BREAK,2012.08.02 19:00,0,,0,,0,,0,NA,NewYork,UNTOUCHED,,NA,,S-ZB-BR,S-ZB-BO,B-ZF-UN,B-ZF-BR,S-ZD-BO,S-ZH-BR,S-ZB-BR,B-ZO-UN,B-ZO-UN,B-ZB-BO,S-ZG-BR,S-ZF-BR,S-ZB-BO,S-ZB-BR,B-ZO-UN,S-ZF-BR,S-ZD-BO,B-ZG-BO,S-ZO-BR,S-ZF-BO
382,2012.08.04 00:00,USDCAD,60,86400,SELL,ZG,0,1.00833,1.00016,817.0,1.00750,0.99789,961.0,117.625,10.16,734.0,192.8,1.00750,1.00016,0.99055,BREAK,2012.08.10 22:00,0,,0,,0,,0,NA,Other,BREAK,2012.09.06 17:00,BREAK,2012.09.11 10:00,1.01567,UNTOUCHED,,0,,0,,0,,0,NA,Other,NA,,NA,,0.99282,BREAK,2012.08.09 17:00,0,,0,,0,,0,NA,NewYork,BOUNCE,2012.08.22 15:00,NA,,1.01484,UNTOUCHED,,0,,0,,0,,0,NA,Other,NA,,NA,,S-ZO-BR,S-ZB-BR,S-ZB-BO,B-ZF-UN,B-ZF-BR,S-ZD-BO,S-ZH-BR,S-ZB-BR,B-ZO-UN,B-ZO-UN,S-ZF-BR,S-ZB-BO,S-ZB-BR,B-ZO-UN,S-ZF-BR,S-ZD-BO,B-ZG-BO,S-ZO-BR,S-ZF-BO,B-ZB-UN
383,2012.08.08 00:00,USDCAD,60,86400,SELL,ZF,0,1.00194,0.99822,372.0,1.00120,0.99618,502.0,134.946,19.89,298.0,87.8,1.00120,0.99822,0.99320,BREAK,2012.08.09 07:00,0,,0,,0,,0,NA,London,BREAK,2012.08.15 17:00,BREAK,2012.08.16 20:00,1.00492,UNTOUCHED,,0,,0,,0,,0,NA,Other,NA,,NA,,0.99524,BREAK,2012.08.08 17:00,0,,0,,0,,0,NA,NewYork,BREAK,2012.08.09 17:00,BREAK,2012.08.16 03:00,1.00418,UNTOUCHED,,0,,0,,0,,0,NA,Other,NA,,NA,,S-ZG-BR,S-ZO-BR,S-ZB-BR,S-ZB-BO,B-ZF-UN,B-ZF-BR,S-ZD-BO,S-ZH-BR,S-ZB-BR,B-ZO-UN,S-ZB-BO,S-ZB-BR,B-ZO-UN,S-ZF-BR,S-ZD-BO,B-ZG-BO,S-ZO-BR,S-ZF-BO,B-ZB-UN,S-ZF-BO
384,2012.08.09 00:00,USDCAD,60,86400,SELL,ZB,1,1.00120,0.99618,502.0,0.99876,0.99354,522.0,103.984,48.61,258.0,118.5,0.99876,0.99618,0.99096,BOUNCE,2012.08.09 23:00,1,2012.08.10 15:00,0,,0,,1,16h,Other,NA,,NA,,1.00378,UNTOUCHED,,0,,0,,0,,0,NA,Other,NA,,NA,,0.99360,BREAK,2012.08.09 06:00,0,,0,,0,,0,NA,Asia,BOUNCE,2012.08.10 09:00,NA,,1.00134,UNTOUCHED,,0,,0,,0,,0,NA,Other,NA,,NA,,S-ZF-BR,S-ZG-BR,S-ZO-BR,S-ZB-BR,S-ZB-BO,B-ZF-UN,B-ZF-BR,S-ZD-BO,S-ZH-BR,S-ZB-BR,S-ZB-BR,B-ZO-UN,S-ZF-BR,S-ZD-BO,B-ZG-BO,S-ZO-BR,S-ZF-BO,B-ZB-UN,S-ZF-BO,S-ZO-BR
385,2012.08.10 00:00,USDCAD,60,86400,SELL,ZB,1,0.99876,0.99354,522.0,0.99496,0.99090,406.0,77.778,72.80,142.0,123.2,0.99496,0.99354,0.98948,BREAK,2012.08.15 17:00,0,,0,,0,,0,NA,NewYork,BOUNCE,2012.08.16 17:00,NA,,1.00018,UNTOUCHED,,0,,0,,0,,0,NA,Other,NA,,NA,,0.99212,BREAK,2012.08.10 00:00,0,,0,,0,,0,NA,Asia,BOUNCE,2012.08.13 15:00,NA,,0.99638,BOUNCE,2012.08.10 15:00,1,2012.08.10 17:00,1,2012.08.10 17:00,0,,2,2h,NewYork,NA,,NA,,S-ZB-BO,S-ZF-BR,S-ZG-BR,S-ZO-BR,S-ZB-BR,S-ZB-BO,B-ZF-UN,B-ZF-BR,S-ZD-BO,S-ZH-BR,B-ZO-UN,S-ZF-BR,S-ZD-BO,B-ZG-BO,S-ZO-BR,S-ZF-BO,B-ZB-UN,S-ZF-BO,S-ZO-BR,B-ZB-UN
386,2012.08.15 00:00,USDCAD,60,86400,BUY,ZO,0,0.99392,0.99044,348.0,0.99404,0.99054,350.0,100.575,2.87,338.0,82.1,0.99392,0.99054,0.99742,UNTOUCHED,,0,,0,,0,,0,NA,Other,NA,,NA,,0.98706,BREAK,2012.08.16 19:00,0,,0,,0,,0,NA,NewYork,BREAK,2012.09.06 17:00,BREAK,2012.09.07 15:00,0.99730,UNTOUCHED,,0,,0,,0,,0,NA,Other,NA,,NA,,0.98716,BREAK,2012.08.16 19:00,0,,0,,0,,0,NA,NewYork,BREAK,2012.09.06 17:00,BREAK,2012.09.07 15:00,S-ZB-BR,S-ZB-BO,S-ZF-BR,S-ZG-BR,S-ZO-BR,S-ZB-BR,S-ZB-BO,B-ZF-UN,B-ZF-BR,S-ZD-BO,S-ZF-BR,S-ZD-BO,B-ZG-BO,S-ZO-BR,S-ZF-BO,B-ZB-UN,S-ZF-BO,S-ZO-BR,B-ZB-UN,S-ZF-BR
387,2012.08.16 00:00,USDCAD,60,86400,SELL,ZF,0,0.99404,0.99054,350.0,0.99346,0.98857,489.0,139.714,16.57,292.0,82.6,0.99346,0.99054,0.98565,BREAK,2012.08.21 11:00,0,,0,,0,,0,NA,London,BREAK,2012.09.06 17:00,BREAK,2012.09.07 15:00,0.99696,UNTOUCHED,,0,,0,,0,,0,NA,Other,NA,,NA,,0.98762,BREAK,2012.08.16 19:00,0,,0,,0,,0,NA,NewYork,BOUNCE,2012.08.21 20:00,NA,,0.99638,UNTOUCHED,,0,,0,,0,,0,NA,Other,NA,,NA,,B-ZO-UN,S-ZB-BR,S-ZB-BO,S-ZF-BR,S-ZG-BR,S-ZO-BR,S-ZB-BR,S-ZB-BO,B-ZF-UN,B-ZF-BR,S-ZD-BO,B-ZG-BO,S-ZO-BR,S-ZF-BO,B-ZB-UN,S-ZF-BO,S-ZO-BR,B-ZB-UN,S-ZF-BR,S-ZB-BR
388,2012.08.17 00:00,USDCAD,60,86400,SELL,ZD,1,0.99346,0.98857,489.0,0.98991,0.98587,404.0,82.618,72.60,134.0,115.4,0.98991,0.98857,0.98453,BOUNCE,2012.08.21 17:00,1,2012.08.21 19:00,1,2012.08.22 10:00,0,,2,17h,NewYork,NA,,NA,,0.99480,UNTOUCHED,,0,,0,,0,,0,NA,Other,NA,,NA,,0.98723,BOUNCE,2012.08.17 00:00,1,2012.08.22 10:00,0,,0,,1,5d 10h,Asia,NA,,NA,,0.99125,BOUNCE,2012.08.22 10:00,1,2012.08.28 15:00,1,2012.08.28 15:00,0,,2,6d 5h,London,NA,,NA,,S-ZF-BR,B-ZO-UN,S-ZB-BR,S-ZB-BO,S-ZF-BR,S-ZG-BR,S-ZO-BR,S-ZB-BR,S-ZB-BO,B-ZF-UN,B-ZG-BO,S-ZO-BR,S-ZF-BO,B-ZB-UN,S-ZF-BO,S-ZO-BR,B-ZB-UN,S-ZF-BR,S-ZB-BR,S-ZC-BR
389,2012.08.18 00:00,USDCAD,60,86400,BUY,ZG,0,0.98991,0.98587,404.0,0.99000,0.98619,381.0,94.307,7.92,372.0,95.3,0.98991,0.98619,0.99372,BOUNCE,2012.08.22 15:00,1,2012.08.28 16:00,1,2012.09.06 17:00,1,2012.09.06 17:00,3,2w 1d,NewYork,NA,,NA,,0.98215,BREAK,2012.09.06 17:00,0,,0,,0,,0,NA,NewYork,BOUNCE,2012.09.07 15:00,NA,,0.99363,BREAK,2012.08.22 15:00,0,,0,,0,,0,NA,NewYork,UNTOUCHED,,NA,,0.98247,BREAK,2012.09.06 17:00,0,,0,,0,,0,NA,NewYork,BREAK,2012.09.07 17:00,BREAK,2012.09.11 10:00,S-ZD-BO,S-ZF-BR,B-ZO-UN,S-ZB-BR,S-ZB-BO,S-ZF-BR,S-ZG-BR,S-ZO-BR,S-ZB-BR,S-ZB-BO,S-ZO-BR,S-ZF-BO,B-ZB-UN,S-ZF-BO,S-ZO-BR,B-ZB-UN,S-ZF-BR,S-ZB-BR,S-ZC-BR,S-ZF-BR
390,2012.08.22 00:00,USDCAD,60,86400,SELL,ZO,1,0.99010,0.98740,270.0,0.98985,0.98415,570.0,211.111,9.26,245.0,63.7,0.98985,0.98740,0.98170,BREAK,2012.09.06 17:00,0,,0,,0,,0,NA,NewYork,BREAK,2012.09.07 15:00,BOUNCE,2012.09.07 17:00,0.99255,BREAK,2012.08.22 15:00,0,,0,,0,,0,NA,NewYork,UNTOUCHED,,NA,,0.98495,BREAK,2012.08.28 16:00,0,,0,,0,,0,NA,NewYork,BREAK,2012.09.06 17:00,BREAK,2012.09.07 15:00,0.99230,BREAK,2012.08.22 13:00,0,,0,,0,,0,NA,NewYork,BOUNCE,2012.08.24 17:00,NA,,B-ZG-BO,S-ZD-BO,S-ZF-BR,B-ZO-UN,S-ZB-BR,S-ZB-BO,S-ZF-BR,S-ZG-BR,S-ZO-BR,S-ZB-BR,S-ZF-BO,B-ZB-UN,S-ZF-BO,S-ZO-BR,B-ZB-UN,S-ZF-BR,S-ZB-BR,S-ZC-BR,S-ZF-BR,S-ZE-UN
391,2012.08.29 00:00,USDCAD,60,86400,SELL,ZF,1,0.99236,0.98890,346.0,0.99165,0.98417,748.0,216.185,20.52,275.0,81.7,0.99165,0.98890,0.98142,BOUNCE,2012.09.06 17:00,1,2012.10.03 09:00,0,,0,,1,3w 5d,NewYork,NA,,NA,,0.99511,UNTOUCHED,,0,,0,,0,,0,NA,Other,NA,,NA,,0.98615,BOUNCE,2012.08.31 17:00,0,,0,,0,,0,NA,NewYork,NA,,NA,,0.99440,UNTOUCHED,,0,,0,,0,,0,NA,Other,NA,,NA,,S-ZO-BR,B-ZG-BO,S-ZD-BO,S-ZF-BR,B-ZO-UN,S-ZB-BR,S-ZB-BO,S-ZF-BR,S-ZG-BR,S-ZO-BR,B-ZB-UN,S-ZF-BO,S-ZO-BR,B-ZB-UN,S-ZF-BR,S-ZB-BR,S-ZC-BR,S-ZF-BR,S-ZE-UN,B-ZC-BR
392,2012.08.31 00:00,USDCAD,60,86400,BUY,ZB,1,0.98983,0.98647,336.0,0.99308,0.98892,416.0,123.810,72.92,91.0,79.3,0.98983,0.98892,0.99399,UNTOUCHED,,0,,0,,0,,0,NA,Other,NA,,NA,,0.98556,BOUNCE,2012.08.31 18:00,1,2012.09.03 17:00,1,2012.09.05 17:00,0,,2,4d 23h,NewYork,NA,,NA,,0.99074,BREAK,2012.08.31 00:00,0,,0,,0,,0,NA,Asia,BREAK,2012.08.31 01:00,BOUNCE,2012.08.31 07:00,0.98801,BREAK,2012.08.31 15:00,0,,0,,0,,0,NA,NewYork,BOUNCE,2012.08.31 16:00,NA,,S-ZF-BO,S-ZO-BR,B-ZG-BO,S-ZD-BO,S-ZF-BR,B-ZO-UN,S-ZB-BR,S-ZB-BO,S-ZF-BR,S-ZG-BR,S-ZF-BO,S-ZO-BR,B-ZB-UN,S-ZF-BR,S-ZB-BR,S-ZC-BR,S-ZF-BR,S-ZE-UN,B-ZC-BR,S-ZO-UN
393,2012.09.01 00:00,USDCAD,60,86400,SELL,ZF,1,0.99308,0.98892,416.0,0.99295,0.98507,788.0,189.423,3.12,403.0,98.2,0.99295,0.98892,0.98104,BOUNCE,2012.09.06 17:00,0,,0,,0,,0,NA,NewYork,NA,,NA,,0.99711,UNTOUCHED,,0,,0,,0,,0,NA,Other,NA,,NA,,0.98489,BOUNCE,2012.09.04 09:00,0,,0,,0,,0,NA,London,NA,,NA,,0.99698,UNTOUCHED,,0,,0,,0,,0,NA,Other,NA,,NA,,B-ZB-UN,S-ZF-BO,S-ZO-BR,B-ZG-BO,S-ZD-BO,S-ZF-BR,B-ZO-UN,S-ZB-BR,S-ZB-BO,S-ZF-BR,S-ZO-BR,B-ZB-UN,S-ZF-BR,S-ZB-BR,S-ZC-BR,S-ZF-BR,S-ZE-UN,B-ZC-BR,S-ZO-UN,B-ZB-BR
394,2012.09.05 00:00,USDCAD,60,86400,SELL,ZO,0,0.98773,0.98500,273.0,0.98741,0.98422,319.0,116.850,11.72,241.0,64.4,0.98741,0.98500,0.98181,BREAK,2012.09.06 17:00,0,,0,,0,,0,NA,NewYork,BREAK,2012.09.07 15:00,BOUNCE,2012.09.07 17:00,0.99014,BOUNCE,2012.09.05 16:00,1,2012.09.06 15:00,1,2012.09.06 17:00,1,2012.09.06 17:00,3,1d 1h,NewYork,NA,,NA,,0.98259,BREAK,2012.09.06 17:00,0,,0,,0,,0,NA,NewYork,BREAK,2012.09.07 15:00,BREAK,2012.09.07 17:00,0.98982,BOUNCE,2012.09.05 16:00,1,2012.09.06 17:00,1,2012.09.06 17:00,0,,2,1d 1h,NewYork,NA,,NA,,S-ZF-BO,B-ZB-UN,S-ZF-BO,S-ZO-BR,B-ZG-BO,S-ZD-BO,S-ZF-BR,B-ZO-UN,S-ZB-BR,S-ZB-BO,B-ZB-UN,S-ZF-BR,S-ZB-BR,S-ZC-BR,S-ZF-BR,S-ZE-UN,B-ZC-BR,S-ZO-UN,B-ZB-BR,S-ZE-UN
395,2012.09.06 00:00,USDCAD,60,86400,BUY,ZB,1,0.98741,0.98422,319.0,0.99183,0.98547,636.0,199.373,39.18,194.0,75.3,0.98741,0.98547,0.99377,UNTOUCHED,,0,,0,,0,,0,NA,Other,NA,,NA,,0.98228,BREAK,2012.09.06 17:00,0,,0,,0,,0,NA,NewYork,BREAK,2012.09.07 15:00,BREAK,2012.09.07 17:00,0.98935,BREAK,2012.09.06 00:00,0,,0,,0,,0,NA,Asia,BOUNCE,2012.09.06 10:00,NA,,0.98353,BREAK,2012.09.06 17:00,0,,0,,0,,0,NA,NewYork,BREAK,2012.09.07 09:00,BREAK,2012.09.07 15:00,S-ZO-BR,S-ZF-BO,B-ZB-UN,S-ZF-BO,S-ZO-BR,B-ZG-BO,S-ZD-BO,S-ZF-BR,B-ZO-UN,S-ZB-BR,S-ZF-BR,S-ZB-BR,S-ZC-BR,S-ZF-BR,S-ZE-UN,B-ZC-BR,S-ZO-UN,B-ZB-BR,S-ZE-UN,S-ZO-UN
396,2012.09.07 00:00,USDCAD,60,86400,SELL,ZF,1,0.99183,0.98547,636.0,0.99139,0.98083,1056.0,166.038,6.92,592.0,150.1,0.99139,0.98547,0.97491,BREAK,2012.09.11 09:00,0,,0,,0,,0,NA,London,BREAK,2012.09.13 21:00,UNTOUCHED,,0.99775,UNTOUCHED,,0,,0,,0,,0,NA,Other,NA,,NA,,0.97955,BREAK,2012.09.07 15:00,0,,0,,0,,0,NA,NewYork,BREAK,2012.09.11 15:00,BREAK,2012.09.14 06:00,0.99731,UNTOUCHED,,0,,0,,0,,0,NA,Other,NA,,NA,,B-ZB-UN,S-ZO-BR,S-ZF-BO,B-ZB-UN,S-ZF-BO,S-ZO-BR,B-ZG-BO,S-ZD-BO,S-ZF-BR,B-ZO-UN,S-ZB-BR,S-ZC-BR,S-ZF-BR,S-ZE-UN,B-ZC-BR,S-ZO-UN,B-ZB-BR,S-ZE-UN,S-ZO-UN,S-ZG-UN
397,2012.09.10 01:00,USDCAD,60,86400,SELL,ZB,1,0.99139,0.98083,1056.0,0.98336,0.97645,691.0,65.436,76.04,253.0,249.2,0.98336,0.98083,0.97392,BREAK,2012.09.11 10:00,0,,0,,0,,0,NA,London,BOUNCE,2012.09.12 14:00,NA,,0.99392,UNTOUCHED,,0,,0,,0,,0,NA,Other,NA,,NA,,0.97830,BREAK,2012.09.10 01:00,0,,0,,0,,0,NA,Asia,BREAK,2012.09.11 11:00,BOUNCE,2012.09.12 17:00,0.98589,BOUNCE,2012.09.26 22:00,1,2012.09.28 12:00,1,2012.09.28 12:00,0,,2,1d 14h,Other,NA,,NA,,S-ZF-BR,B-ZB-UN,S-ZO-BR,S-ZF-BO,B-ZB-UN,S-ZF-BO,S-ZO-BR,B-ZG-BO,S-ZD-BO,S-ZF-BR,S-ZC-BR,S-ZF-BR,S-ZE-UN,B-ZC-BR,S-ZO-UN,B-ZB-BR,S-ZE-UN,S-ZO-UN,S-ZG-UN,S-ZO-UN
398,2012.09.11 00:00,USDCAD,60,86400,SELL,ZC,1,0.98336,0.97645,691.0,0.97876,0.97535,341.0,49.349,66.57,231.0,163.1,0.97876,0.97645,0.97304,BREAK,2012.09.11 11:00,0,,0,,0,,0,NA,London,BREAK,2012.09.13 21:00,BREAK,2012.09.14 05:00,0.98567,BOUNCE,2012.09.26 22:00,1,2012.09.27 19:00,1,2012.10.05 15:00,0,,2,1w 1d,Other,NA,,NA,,0.97414,BREAK,2012.09.11 10:00,0,,0,,0,,0,NA,London,BOUNCE,2012.09.12 14:00,NA,,0.98107,BOUNCE,2012.09.20 16:00,1,2012.09.21 07:00,1,2012.09.21 07:00,0,,2,15h,NewYork,NA,,NA,,S-ZB-BR,S-ZF-BR,B-ZB-UN,S-ZO-BR,S-ZF-BO,B-ZB-UN,S-ZF-BO,S-ZO-BR,B-ZG-BO,S-ZD-BO,S-ZF-BR,S-ZE-UN,B-ZC-BR,S-ZO-UN,B-ZB-BR,S-ZE-UN,S-ZO-UN,S-ZG-UN,S-ZO-UN,B-ZO-BR
399,2012.09.12 00:00,USDCAD,60,86400,SELL,ZF,1,0.97876,0.97535,341.0,0.97763,0.97125,638.0,187.097,33.14,228.0,80.5,0.97763,0.97535,0.96897,BREAK,2012.09.13 21:00,0,,0,,0,,0,NA,Other,BREAK,2012.09.14 06:00,BREAK,2012.09.14 14:00,0.98104,BOUNCE,2012.09.20 10:00,1,2012.09.20 21:00,1,2012.09.21 08:00,0,,2,22h,London,NA,,NA,,0.97307,BREAK,2012.09.12 00:00,0,,0,,0,,0,NA,Asia,BREAK,2012.09.13 20:00,BREAK,2012.09.13 21:00,0.97991,BREAK,2012.09.20 09:00,0,,0,,0,,0,NA,London,BREAK,2012.09.26 15:00,BREAK,2012.09.26 17:00,S-ZC-BR,S-ZB-BR,S-ZF-BR,B-ZB-UN,S-ZO-BR,S-ZF-BO,B-ZB-UN,S-ZF-BO,S-ZO-BR,B-ZG-BO,S-ZE-UN,B-ZC-BR,S-ZO-UN,B-ZB-BR,S-ZE-UN,S-ZO-UN,S-ZG-UN,S-ZO-UN,B-ZO-BR,S-ZF-BR
400,2012.09.15 00:00,USDCAD,60,86400,SELL,ZE,1,0.97732,0.96645,1087.0,0.97211,0.96319,892.0,82.061,47.93,566.0,256.5,0.97211,0.96645,0.95753,UNTOUCHED,,0,,0,,0,,0,NA,Other,NA,,NA,,0.98298,BREAK,2012.09.26 15:00,0,,0,,0,,0,NA,NewYork,BREAK,2012.10.19 17:00,BREAK,2012.10.23 14:00,0.96079,UNTOUCHED,,0,,0,,0,,0,NA,Other,NA,,NA,,0.97777,BREAK,2012.09.20 07:00,0,,0,,0,,0,NA,London,BREAK,2012.10.03 09:00,BREAK,2012.10.19 18:00,S-ZF-BR,S-ZC-BR,S-ZB-BR,S-ZF-BR,B-ZB-UN,S-ZO-BR,S-ZF-BO,B-ZB-UN,S-ZF-BO,S-ZO-BR,B-ZC-BR,S-ZO-UN,B-ZB-BR,S-ZE-UN,S-ZO-UN,S-ZG-UN,S-ZO-UN,B-ZO-BR,S-ZF-BR,B-ZB-BR
401,2012.09.19 00:00,USDCAD,60,86400,BUY,ZC,1,0.97592,0.96923,669.0,0.97648,0.97298,350.0,52.317,56.05,294.0,157.9,0.97592,0.97298,0.97942,BREAK,2012.09.20 09:00,0,,0,,0,,0,NA,London,BREAK,2012.09.26 15:00,BOUNCE,2012.09.26 17:00,0.96629,UNTOUCHED,,0,,0,,0,,0,NA,Other,NA,,NA,,0.97886,BREAK,2012.09.20 08:00,0,,0,,0,,0,NA,London,BREAK,2012.09.26 15:00,BOUNCE,2012.09.27 18:00,0.97004,UNTOUCHED,,0,,0,,0,,0,NA,Other,NA,,NA,,S-ZE-UN,S-ZF-BR,S-ZC-BR,S-ZB-BR,S-ZF-BR,B-ZB-UN,S-ZO-BR,S-ZF-BO,B-ZB-UN,S-ZF-BO,S-ZO-UN,B-ZB-BR,S-ZE-UN,S-ZO-UN,S-ZG-UN,S-ZO-UN,B-ZO-BR,S-ZF-BR,B-ZB-BR,B-ZO-BR
402,2012.09.20 00:00,USDCAD,60,86400,SELL,ZO,0,0.97648,0.97298,350.0,0.97630,0.97241,389.0,111.143,5.14,332.0,82.6,0.97630,0.97298,0.96909,UNTOUCHED,,0,,0,,0,,0,NA,Other,NA,,NA,,0.97980,BREAK,2012.09.20 09:00,0,,0,,0,,0,NA,London,BREAK,2012.09.26 15:00,BREAK,2012.10.03 11:00,0.96966,UNTOUCHED,,0,,0,,0,,0,NA,Other,NA,,NA,,0.97962,BREAK,2012.09.20 09:00,0,,0,,0,,0,NA,London,BREAK,2012.09.26 15:00,BREAK,2012.10.03 10:00,B-ZC-BR,S-ZE-UN,S-ZF-BR,S-ZC-BR,S-ZB-BR,S-ZF-BR,B-ZB-UN,S-ZO-BR,S-ZF-BO,B-ZB-UN,B-ZB-BR,S-ZE-UN,S-ZO-UN,S-ZG-UN,S-ZO-UN,B-ZO-BR,S-ZF-BR,B-ZB-BR,B-ZO-BR,S-ZF-UN
403,2012.09.21 00:00,USDCAD,60,86400,BUY,ZB,1,0.97630,0.97241,389.0,0.98155,0.97434,721.0,185.347,49.61,196.0,91.8,0.97630,0.97434,0.98351,BREAK,2012.09.26 15:00,0,,0,,0,,0,NA,NewYork,BOUNCE,2012.09.26 19:00,NA,,0.97045,UNTOUCHED,,0,,0,,0,,0,NA,Other,NA,,NA,,0.97826,BREAK,2012.09.24 04:00,0,,0,,0,,0,NA,Asia,BREAK,2012.09.24 13:00,BREAK,2012.09.26 15:00,0.97238,UNTOUCHED,,0,,0,,0,,0,NA,Other,NA,,NA,,S-ZO-UN,B-ZC-BR,S-ZE-UN,S-ZF-BR,S-ZC-BR,S-ZB-BR,S-ZF-BR,B-ZB-UN,S-ZO-BR,S-ZF-BO,S-ZE-UN,S-ZO-UN,S-ZG-UN,S-ZO-UN,B-ZO-BR,S-ZF-BR,B-ZB-BR,B-ZO-BR,S-ZF-UN,S-ZO-UN
404,2012.09.22 00:00,USDCAD,60,86400,SELL,ZE,1,0.98155,0.97434,721.0,0.97786,0.97300,486.0,67.406,51.18,352.0,170.2,0.97786,0.97434,0.96948,UNTOUCHED,,0,,0,,0,,0,NA,Other,NA,,NA,,0.98507,BOUNCE,2012.09.26 17:00,1,2012.09.28 12:00,0,,0,,1,1d 19h,NewYork,NA,,NA,,0.97082,UNTOUCHED,,0,,0,,0,,0,NA,Other,NA,,NA,,0.98138,BOUNCE,2012.09.24 13:00,0,,0,,0,,0,NA,NewYork,NA,,NA,,B-ZB-BR,S-ZO-UN,B-ZC-BR,S-ZE-UN,S-ZF-BR,S-ZC-BR,S-ZB-BR,S-ZF-BR,B-ZB-UN,S-ZO-BR,S-ZO-UN,S-ZG-UN,S-ZO-UN,B-ZO-BR,S-ZF-BR,B-ZB-BR,B-ZO-BR,S-ZF-UN,S-ZO-UN,S-ZO-UN
405,2012.09.26 00:00,USDCAD,60,86400,SELL,ZO,0,0.98173,0.97634,539.0,0.98095,0.97557,538.0,99.814,14.47,461.0,127.2,0.98095,0.97634,0.97096,UNTOUCHED,,0,,0,,0,,0,NA,Other,NA,,NA,,0.98634,BREAK,2012.10.03 09:00,0,,0,,0,,0,NA,London,BREAK,2012.10.19 18:00,BREAK,2012.10.23 14:00,0.97173,UNTOUCHED,,0,,0,,0,,0,NA,Other,NA,,NA,,0.98556,BOUNCE,2012.09.26 22:00,0,,0,,0,,0,NA,Other,NA,,NA,,S-ZE-UN,B-ZB-BR,S-ZO-UN,B-ZC-BR,S-ZE-UN,S-ZF-BR,S-ZC-BR,S-ZB-BR,S-ZF-BR,B-ZB-UN,S-ZG-UN,S-ZO-UN,B-ZO-BR,S-ZF-BR,B-ZB-BR,B-ZO-BR,S-ZF-UN,S-ZO-UN,S-ZO-UN,B-ZO-BR
406,2012.09.28 00:00,USDCAD,60,86400,SELL,ZG,0,0.98589,0.97986,603.0,0.98550,0.97906,644.0,106.799,6.47,564.0,142.3,0.98550,0.97986,0.97342,UNTOUCHED,,0,,0,,0,,0,NA,Other,NA,,NA,,0.99153,BREAK,2012.10.19 17:00,0,,0,,0,,0,NA,NewYork,BOUNCE,2012.10.23 17:00,NA,,0.97422,BOUNCE,2012.10.05 15:00,1,2012.10.19 17:00,1,2012.10.19 17:00,0,,2,2w 0d,NewYork,NA,,NA,,0.99114,BREAK,2012.10.19 17:00,0,,0,,0,,0,NA,NewYork,BOUNCE,2012.10.23 17:00,NA,,S-ZO-UN,S-ZE-UN,B-ZB-BR,S-ZO-UN,B-ZC-BR,S-ZE-UN,S-ZF-BR,S-ZC-BR,S-ZB-BR,S-ZF-BR,S-ZO-UN,B-ZO-BR,S-ZF-BR,B-ZB-BR,B-ZO-BR,S-ZF-UN,S-ZO-UN,S-ZO-UN,B-ZO-BR,S-ZO-BO
407,2012.10.01 01:00,USDCAD,60,86400,SELL,ZO,0,0.98550,0.97906,644.0,0.98510,0.97800,710.0,110.248,6.21,604.0,152.0,0.98510,0.97906,0.97196,UNTOUCHED,,0,,0,,0,,0,NA,Other,NA,,NA,,0.99154,BREAK,2012.10.19 17:00,0,,0,,0,,0,NA,NewYork,BREAK,2012.10.26 20:00,BREAK,2012.11.16 19:00,0.97302,UNTOUCHED,,0,,0,,0,,0,NA,Other,NA,,NA,,0.99114,BREAK,2012.10.19 17:00,0,,0,,0,,0,NA,NewYork,BOUNCE,2012.10.23 17:00,NA,,S-ZG-UN,S-ZO-UN,S-ZE-UN,B-ZB-BR,S-ZO-UN,B-ZC-BR,S-ZE-UN,S-ZF-BR,S-ZC-BR,S-ZB-BR,B-ZO-BR,S-ZF-BR,B-ZB-BR,B-ZO-BR,S-ZF-UN,S-ZO-UN,S-ZO-UN,B-ZO-BR,S-ZO-BO,S-ZG-BR
408,2012.10.02 00:00,USDCAD,60,86400,BUY,ZO,0,0.98510,0.97800,710.0,0.98523,0.97970,553.0,77.887,23.94,540.0,167.6,0.98510,0.97970,0.99063,BREAK,2012.10.19 16:00,0,,0,,0,,0,NA,NewYork,BOUNCE,2012.10.23 17:00,NA,,0.97260,UNTOUCHED,,0,,0,,0,,0,NA,Other,NA,,NA,,0.99050,BREAK,2012.10.19 16:00,0,,0,,0,,0,NA,NewYork,BOUNCE,2012.10.23 17:00,NA,,0.97430,BOUNCE,2012.10.05 15:00,1,2012.10.19 16:00,1,2012.10.19 16:00,0,,2,2w 0d,NewYork,NA,,NA,,S-ZO-UN,S-ZG-UN,S-ZO-UN,S-ZE-UN,B-ZB-BR,S-ZO-UN,B-ZC-BR,S-ZE-UN,S-ZF-BR,S-ZC-BR,S-ZF-BR,B-ZB-BR,B-ZO-BR,S-ZF-UN,S-ZO-UN,S-ZO-UN,B-ZO-BR,S-ZO-BO,S-ZG-BR,S-ZF-BR
409,2012.10.05 00:00,USDCAD,60,86400,SELL,ZF,1,0.98839,0.98382,457.0,0.98783,0.97984,799.0,174.836,12.25,401.0,107.9,0.98783,0.98382,0.97583,BREAK,2012.10.05 15:00,0,,0,,0,,0,NA,NewYork,UNTOUCHED,,NA,,0.99240,BREAK,2012.10.19 18:00,0,,0,,0,,0,NA,NewYork,BOUNCE,2012.10.22 23:00,NA,,0.97981,BREAK,2012.10.05 10:00,0,,0,,0,,0,NA,London,BREAK,2012.10.05 16:00,UNTOUCHED,,0.99184,BREAK,2012.10.19 18:00,0,,0,,0,,0,NA,NewYork,BOUNCE,2012.10.23 00:00,NA,,B-ZO-BR,S-ZO-UN,S-ZG-UN,S-ZO-UN,S-ZE-UN,B-ZB-BR,S-ZO-UN,B-ZC-BR,S-ZE-UN,S-ZF-BR,B-ZB-BR,B-ZO-BR,S-ZF-UN,S-ZO-UN,S-ZO-UN,B-ZO-BR,S-ZO-BO,S-ZG-BR,S-ZF-BR,B-ZB-BO
410,2012.10.11 00:00,USDCAD,60,86400,BUY,ZB,1,0.98068,0.97431,637.0,0.98171,0.97673,498.0,78.179,37.99,395.0,150.3,0.98068,0.97673,0.98566,BREAK,2012.10.16 15:00,0,,0,,0,,0,NA,NewYork,BREAK,2012.10.19 17:00,BREAK,2012.10.22 16:00,0.97036,UNTOUCHED,,0,,0,,0,,0,NA,Other,NA,,NA,,0.98463,BREAK,2012.10.16 14:00,0,,0,,0,,0,NA,NewYork,BREAK,2012.10.19 15:00,BREAK,2012.10.22 02:00,0.97278,UNTOUCHED,,0,,0,,0,,0,NA,Other,NA,,NA,,S-ZF-BR,B-ZO-BR,S-ZO-UN,S-ZG-UN,S-ZO-UN,S-ZE-UN,B-ZB-BR,S-ZO-UN,B-ZC-BR,S-ZE-UN,B-ZO-BR,S-ZF-UN,S-ZO-UN,S-ZO-UN,B-ZO-BR,S-ZO-BO,S-ZG-BR,S-ZF-BR,B-ZB-BO,B-ZD-BO
411,2012.10.16 00:00,USDCAD,60,86400,BUY,ZO,0,0.98083,0.97665,418.0,0.98108,0.97677,431.0,103.110,2.87,406.0,98.6,0.98083,0.97677,0.98514,BREAK,2012.10.16 14:00,0,,0,,0,,0,NA,NewYork,BREAK,2012.10.19 15:00,BREAK,2012.10.22 02:00,0.97259,UNTOUCHED,,0,,0,,0,,0,NA,Other,NA,,NA,,0.98489,BREAK,2012.10.16 14:00,0,,0,,0,,0,NA,NewYork,BREAK,2012.10.19 15:00,BREAK,2012.10.22 02:00,0.97271,UNTOUCHED,,0,,0,,0,,0,NA,Other,NA,,NA,,B-ZB-BR,S-ZF-BR,B-ZO-BR,S-ZO-UN,S-ZG-UN,S-ZO-UN,S-ZE-UN,B-ZB-BR,S-ZO-UN,B-ZC-BR,S-ZF-UN,S-ZO-UN,S-ZO-UN,B-ZO-BR,S-ZO-BO,S-ZG-BR,S-ZF-BR,B-ZB-BO,B-ZD-BO,B-ZH-BO
412,2012.10.18 00:00,USDCAD,60,86400,SELL,ZF,0,0.98774,0.98011,763.0,0.98706,0.97716,990.0,129.751,8.91,695.0,180.1,0.98706,0.98011,0.97021,UNTOUCHED,,0,,0,,0,,0,NA,Other,NA,,NA,,0.99469,BREAK,2012.10.22 02:00,0,,0,,0,,0,NA,Asia,BOUNCE,2012.11.02 15:00,NA,,0.97316,UNTOUCHED,,0,,0,,0,,0,NA,Other,NA,,NA,,0.99401,BREAK,2012.10.22 02:00,0,,0,,0,,0,NA,Asia,BOUNCE,2012.11.02 15:00,NA,,B-ZO-BR,B-ZB-BR,S-ZF-BR,B-ZO-BR,S-ZO-UN,S-ZG-UN,S-ZO-UN,S-ZE-UN,B-ZB-BR,S-ZO-UN,S-ZO-UN,S-ZO-UN,B-ZO-BR,S-ZO-BO,S-ZG-BR,S-ZF-BR,B-ZB-BO,B-ZD-BO,B-ZH-BO,B-ZF-UN
413,2012.10.19 00:00,USDCAD,60,86400,SELL,ZO,0,0.98706,0.97716,990.0,0.98582,0.97633,949.0,95.859,12.53,866.0,233.6,0.98582,0.97716,0.96767,UNTOUCHED,,0,,0,,0,,0,NA,Other,NA,,NA,,0.99572,BREAK,2012.10.22 16:00,0,,0,,0,,0,NA,NewYork,BOUNCE,2012.11.19 18:00,NA,,0.96850,UNTOUCHED,,0,,0,,0,,0,NA,Other,NA,,NA,,0.99448,BREAK,2012.10.22 02:00,0,,0,,0,,0,NA,Asia,BREAK,2012.11.16 19:00,UNTOUCHED,,S-ZF-UN,B-ZO-BR,B-ZB-BR,S-ZF-BR,B-ZO-BR,S-ZO-UN,S-ZG-UN,S-ZO-UN,S-ZE-UN,B-ZB-BR,S-ZO-UN,B-ZO-BR,S-ZO-BO,S-ZG-BR,S-ZF-BR,B-ZB-BO,B-ZD-BO,B-ZH-BO,B-ZF-UN,B-ZO-UN
414,2012.10.25 00:00,USDCAD,60,86400,SELL,ZO,0,0.99752,0.99001,751.0,0.99566,0.98879,687.0,91.478,24.77,565.0,177.2,0.99566,0.99001,0.98314,UNTOUCHED,,0,,0,,0,,0,NA,Other,NA,,NA,,1.00317,BREAK,2012.11.09 16:00,0,,0,,0,,0,NA,NewYork,UNTOUCHED,,NA,,0.98436,UNTOUCHED,,0,,0,,0,,0,NA,Other,NA,,NA,,1.00131,BOUNCE,2012.10.30 06:00,0,,0,,0,,0,NA,Asia,NA,,NA,,S-ZO-UN,S-ZF-UN,B-ZO-BR,B-ZB-BR,S-ZF-BR,B-ZO-BR,S-ZO-UN,S-ZG-UN,S-ZO-UN,S-ZE-UN,B-ZO-BR,S-ZO-BO,S-ZG-BR,S-ZF-BR,B-ZB-BO,B-ZD-BO,B-ZH-BO,B-ZF-UN,B-ZO-UN,B-ZG-UN
415,2012.10.31 00:00,USDCAD,60,86400,BUY,ZO,0,1.00099,0.99784,315.0,1.00177,0.99821,356.0,113.016,11.75,278.0,74.3,1.00099,0.99821,1.00455,BREAK,2012.11.16 19:00,0,,0,,0,,0,NA,NewYork,UNTOUCHED,,NA,,0.99506,BREAK,2012.11.02 15:00,0,,0,,0,,0,NA,NewYork,BOUNCE,2012.11.02 21:00,NA,,1.00377,BOUNCE,2012.11.14 23:00,1,2012.11.19 18:00,1,2012.11.23 18:00,0,,2,1w 1d,Other,NA,,NA,,0.99543,BREAK,2012.11.02 15:00,0,,0,,0,,0,NA,NewYork,BOUNCE,2012.11.02 21:00,NA,,S-ZO-UN,S-ZO-UN,S-ZF-UN,B-ZO-BR,B-ZB-BR,S-ZF-BR,B-ZO-BR,S-ZO-UN,S-ZG-UN,S-ZO-UN,S-ZO-BO,S-ZG-BR,S-ZF-BR,B-ZB-BO,B-ZD-BO,B-ZH-BO,B-ZF-UN,B-ZO-UN,B-ZG-UN,S-ZO-BO
416,2012.11.01 00:00,USDCAD,60,86400,SELL,ZO,1,1.00177,0.99821,356.0,1.00133,0.99594,539.0,151.404,12.36,312.0,84.0,1.00133,0.99821,0.99282,BOUNCE,2012.11.02 20:00,1,2012.11.08 19:00,1,2012.11.16 19:00,1,2012.11.16 19:00,3,1w 6d,NewYork,NA,,NA,,1.00489,BOUNCE,2012.11.16 19:00,1,2012.11.19 13:00,1,2012.11.23 18:00,1,2012.11.23 18:00,3,6d 23h,NewYork,NA,,NA,,0.99509,BREAK,2012.11.02 15:00,0,,0,,0,,0,NA,NewYork,BREAK,2012.11.06 22:00,BREAK,2012.11.07 10:00,1.00445,BREAK,2012.11.16 19:00,0,,0,,0,,0,NA,NewYork,UNTOUCHED,,NA,,B-ZO-BR,S-ZO-UN,S-ZO-UN,S-ZF-UN,B-ZO-BR,B-ZB-BR,S-ZF-BR,B-ZO-BR,S-ZO-UN,S-ZG-UN,S-ZG-BR,S-ZF-BR,B-ZB-BO,B-ZD-BO,B-ZH-BO,B-ZF-UN,B-ZO-UN,B-ZG-UN,S-ZO-BO,B-ZH-UN
417,2012.11.02 00:00,USDCAD,60,86400,SELL,ZG,0,1.00133,0.99594,539.0,1.00127,0.99588,539.0,100.000,1.11,533.0,127.2,1.00127,0.99594,0.99055,BREAK,2012.11.07 07:00,0,,0,,0,,0,NA,London,BREAK,2012.12.12 20:00,UNTOUCHED,,1.00666,UNTOUCHED,,0,,0,,0,,0,NA,Other,NA,,NA,,0.99061,BREAK,2012.11.07 07:00,0,,0,,0,,0,NA,London,BREAK,2012.12.12 20:00,UNTOUCHED,,1.00660,UNTOUCHED,,0,,0,,0,,0,NA,Other,NA,,NA,,S-ZO-BO,B-ZO-BR,S-ZO-UN,S-ZO-UN,S-ZF-UN,B-ZO-BR,B-ZB-BR,S-ZF-BR,B-ZO-BR,S-ZO-UN,S-ZF-BR,B-ZB-BO,B-ZD-BO,B-ZH-BO,B-ZF-UN,B-ZO-UN,B-ZG-UN,S-ZO-BO,B-ZH-UN,S-ZO-BR
418,2012.11.07 00:00,USDCAD,60,86400,SELL,ZF,1,0.99763,0.99392,371.0,0.99665,0.99101,564.0,152.022,26.42,273.0,87.6,0.99665,0.99392,0.98828,BREAK,2012.11.07 10:00,0,,0,,0,,0,NA,London,BREAK,2012.12.12 20:00,BOUNCE,2012.12.14 18:00,1.00036,BREAK,2012.11.09 01:00,0,,0,,0,,0,NA,Asia,BOUNCE,2012.11.09 17:00,NA,,0.99119,BREAK,2012.11.07 06:00,0,,0,,0,,0,NA,Asia,BREAK,2012.11.07 10:00,BREAK,2012.12.12 20:00,0.99938,BREAK,2012.11.08 19:00,0,,0,,0,,0,NA,NewYork,BREAK,2012.11.09 16:00,BOUNCE,2012.11.16 20:00,S-ZG-BR,S-ZO-BO,B-ZO-BR,S-ZO-UN,S-ZO-UN,S-ZF-UN,B-ZO-BR,B-ZB-BR,S-ZF-BR,B-ZO-BR,B-ZB-BO,B-ZD-BO,B-ZH-BO,B-ZF-UN,B-ZO-UN,B-ZG-UN,S-ZO-BO,B-ZH-UN,S-ZO-BR,B-ZO-UN
419,2012.11.09 00:00,USDCAD,60,86400,BUY,ZB,1,0.99819,0.98736,1083.0,1.00025,0.99468,557.0,51.431,67.59,351.0,255.6,0.99819,0.99468,1.00376,BOUNCE,2012.11.14 23:00,1,2012.11.19 16:00,1,2012.11.27 16:00,1,2012.12.12 20:00,3,3w 6d,Other,NA,,NA,,0.98385,BOUNCE,2012.12.12 20:00,0,,0,,0,,0,NA,NewYork,NA,,NA,,1.00170,BREAK,2012.11.09 15:00,0,,0,,0,,0,NA,NewYork,UNTOUCHED,,NA,,0.99117,BOUNCE,2012.11.27 16:00,0,,0,,0,,0,NA,NewYork,NA,,NA,,S-ZF-BR,S-ZG-BR,S-ZO-BO,B-ZO-BR,S-ZO-UN,S-ZO-UN,S-ZF-UN,B-ZO-BR,B-ZB-BR,S-ZF-BR,B-ZD-BO,B-ZH-BO,B-ZF-UN,B-ZO-UN,B-ZG-UN,S-ZO-BO,B-ZH-UN,S-ZO-BR,B-ZO-UN,S-ZE-BR
420,2012.11.10 00:00,USDCAD,60,86400,BUY,ZD,1,1.00025,0.99468,557.0,1.00327,0.99822,505.0,90.664,63.55,203.0,131.5,1.00025,0.99822,1.00530,BOUNCE,2012.11.16 19:00,1,2012.11.16 20:00,1,2012.11.19 17:00,1,2012.11.23 18:00,3,6d 23h,NewYork,NA,,NA,,0.99265,BOUNCE,2012.11.23 18:00,0,,0,,0,,0,NA,NewYork,NA,,NA,,1.00228,BOUNCE,2012.11.13 14:00,1,2012.11.19 17:00,1,2012.11.23 18:00,0,,2,1w 3d,NewYork,NA,,NA,,0.99619,BOUNCE,2012.11.19 17:00,0,,0,,0,,0,NA,NewYork,NA,,NA,,B-ZB-BO,S-ZF-BR,S-ZG-BR,S-ZO-BO,B-ZO-BR,S-ZO-UN,S-ZO-UN,S-ZF-UN,B-ZO-BR,B-ZB-BR,B-ZH-BO,B-ZF-UN,B-ZO-UN,B-ZG-UN,S-ZO-BO,B-ZH-UN,S-ZO-BR,B-ZO-UN,S-ZE-BR,B-ZG-BO
421,2012.11.14 00:00,USDCAD,60,86400,BUY,ZH,1,1.00057,0.99843,214.0,1.00349,0.99896,453.0,211.682,24.77,161.0,50.5,1.00057,0.99896,1.00510,BOUNCE,2012.11.16 19:00,1,2012.11.16 20:00,1,2012.11.19 16:00,1,2012.11.19 16:00,3,2d 21h,NewYork,NA,,NA,,0.99682,BOUNCE,2012.11.19 16:00,0,,0,,0,,0,NA,NewYork,NA,,NA,,1.00218,BOUNCE,2012.11.14 00:00,1,2012.11.19 16:00,1,2012.11.19 16:00,0,,2,5d 16h,Asia,NA,,NA,,0.99735,BREAK,2012.11.19 16:00,0,,0,,0,,0,NA,NewYork,BOUNCE,2012.11.20 11:00,NA,,B-ZD-BO,B-ZB-BO,S-ZF-BR,S-ZG-BR,S-ZO-BO,B-ZO-BR,S-ZO-UN,S-ZO-UN,S-ZF-UN,B-ZO-BR,B-ZF-UN,B-ZO-UN,B-ZG-UN,S-ZO-BO,B-ZH-UN,S-ZO-BR,B-ZO-UN,S-ZE-BR,B-ZG-BO,B-ZO-UN
422,2012.11.15 00:00,USDCAD,60,86400,BUY,ZF,0,1.00349,0.99896,453.0,1.00394,0.99970,424.0,93.598,16.34,379.0,106.9,1.00349,0.99970,1.00773,UNTOUCHED,,0,,0,,0,,0,NA,Other,NA,,NA,,0.99517,BREAK,2012.11.23 18:00,0,,0,,0,,0,NA,NewYork,BOUNCE,2012.11.28 15:00,NA,,1.00728,UNTOUCHED,,0,,0,,0,,0,NA,Other,NA,,NA,,0.99591,BREAK,2012.11.19 17:00,0,,0,,0,,0,NA,NewYork,BOUNCE,2012.11.26 19:00,NA,,B-ZH-BO,B-ZD-BO,B-ZB-BO,S-ZF-BR,S-ZG-BR,S-ZO-BO,B-ZO-BR,S-ZO-UN,S-ZO-UN,S-ZF-UN,B-ZO-UN,B-ZG-UN,S-ZO-BO,B-ZH-UN,S-ZO-BR,B-ZO-UN,S-ZE-BR,B-ZG-BO,B-ZO-UN,S-ZO-BO
423,2012.11.16 00:00,USDCAD,60,86400,BUY,ZO,0,1.00394,0.99970,424.0,1.00406,1.00039,367.0,86.557,16.27,355.0,100.1,1.00394,1.00039,1.00761,UNTOUCHED,,0,,0,,0,,0,NA,Other,NA,,NA,,0.99615,BREAK,2012.11.19 17:00,0,,0,,0,,0,NA,NewYork,BREAK,2012.11.23 20:00,BREAK,2012.12.07 16:00,1.00749,UNTOUCHED,,0,,0,,0,,0,NA,Other,NA,,NA,,0.99684,BREAK,2012.11.19 16:00,0,,0,,0,,0,NA,NewYork,BREAK,2012.11.23 19:00,BOUNCE,2012.12.07 15:00,B-ZF-UN,B-ZH-BO,B-ZD-BO,B-ZB-BO,S-ZF-BR,S-ZG-BR,S-ZO-BO,B-ZO-BR,S-ZO-UN,S-ZO-UN,B-ZG-UN,S-ZO-BO,B-ZH-UN,S-ZO-BR,B-ZO-UN,S-ZE-BR,B-ZG-BO,B-ZO-UN,S-ZO-BO,S-ZC-BR
424,2012.11.22 00:00,USDCAD,60,86400,BUY,ZG,0,0.99899,0.99540,359.0,0.99907,0.99569,338.0,94.150,8.08,330.0,84.7,0.99899,0.99569,1.00237,UNTOUCHED,,0,,0,,0,,0,NA,Other,NA,,NA,,0.99210,BOUNCE,2012.11.23 19:00,0,,0,,0,,0,NA,NewYork,NA,,NA,,1.00229,UNTOUCHED,,0,,0,,0,,0,NA,Other,NA,,NA,,0.99239,BREAK,2012.11.23 19:00,0,,0,,0,,0,NA,NewYork,BREAK,2012.12.07 16:00,BREAK,2012.12.12 19:00,B-ZO-UN,B-ZF-UN,B-ZH-BO,B-ZD-BO,B-ZB-BO,S-ZF-BR,S-ZG-BR,S-ZO-BO,B-ZO-BR,S-ZO-UN,S-ZO-BO,B-ZH-UN,S-ZO-BR,B-ZO-UN,S-ZE-BR,B-ZG-BO,B-ZO-UN,S-ZO-BO,S-ZC-BR,S-ZH-BR
425,2012.11.23 00:00,USDCAD,60,86400,SELL,ZO,0,0.99907,0.99569,338.0,0.99809,0.99518,291.0,86.095,28.99,240.0,79.8,0.99809,0.99569,0.99278,BOUNCE,2012.11.23 18:00,0,,0,,0,,0,NA,NewYork,NA,,NA,,1.00147,UNTOUCHED,,0,,0,,0,,0,NA,Other,NA,,NA,,0.99329,BREAK,2012.11.23 18:00,0,,0,,0,,0,NA,NewYork,BOUNCE,2012.11.27 18:00,NA,,1.00049,UNTOUCHED,,0,,0,,0,,0,NA,Other,NA,,NA,,B-ZG-UN,B-ZO-UN,B-ZF-UN,B-ZH-BO,B-ZD-BO,B-ZB-BO,S-ZF-BR,S-ZG-BR,S-ZO-BO,B-ZO-BR,B-ZH-UN,S-ZO-BR,B-ZO-UN,S-ZE-BR,B-ZG-BO,B-ZO-UN,S-ZO-BO,S-ZC-BR,S-ZH-BR,S-ZB-BO
426,2012.11.27 00:00,USDCAD,60,86400,BUY,ZH,1,0.99273,0.99152,121.0,0.99594,0.99164,430.0,355.372,9.92,109.0,28.6,0.99273,0.99164,0.99703,UNTOUCHED,,0,,0,,0,,0,NA,Other,NA,,NA,,0.99043,BOUNCE,2012.12.06 12:00,1,2012.12.07 14:00,1,2012.12.21 18:00,0,,2,2w 1d,London,NA,,NA,,0.99382,BREAK,2012.11.27 18:00,0,,0,,0,,0,NA,NewYork,BOUNCE,2012.11.28 14:00,NA,,0.99055,BOUNCE,2012.11.27 16:00,1,2012.11.27 18:00,1,2012.11.27 18:00,0,,2,2h,NewYork,NA,,NA,,S-ZO-BO,B-ZG-UN,B-ZO-UN,B-ZF-UN,B-ZH-BO,B-ZD-BO,B-ZB-BO,S-ZF-BR,S-ZG-BR,S-ZO-BO,S-ZO-BR,B-ZO-UN,S-ZE-BR,B-ZG-BO,B-ZO-UN,S-ZO-BO,S-ZC-BR,S-ZH-BR,S-ZB-BO,S-ZO-UN
427,2012.11.28 00:00,USDCAD,60,86400,SELL,ZO,0,0.99594,0.99164,430.0,0.99473,0.99046,427.0,99.302,28.14,309.0,101.5,0.99473,0.99164,0.98737,BREAK,2012.12.10 02:00,0,,0,,0,,0,NA,Asia,BREAK,2012.12.12 20:00,UNTOUCHED,,0.99903,UNTOUCHED,,0,,0,,0,,0,NA,Other,NA,,NA,,0.98855,BOUNCE,2012.12.07 16:00,0,,0,,0,,0,NA,NewYork,NA,,NA,,0.99782,UNTOUCHED,,0,,0,,0,,0,NA,Other,NA,,NA,,B-ZH-UN,S-ZO-BO,B-ZG-UN,B-ZO-UN,B-ZF-UN,B-ZH-BO,B-ZD-BO,B-ZB-BO,S-ZF-BR,S-ZG-BR,B-ZO-UN,S-ZE-BR,B-ZG-BO,B-ZO-UN,S-ZO-BO,S-ZC-BR,S-ZH-BR,S-ZB-BO,S-ZO-UN,B-ZF-BR
428,2012.11.29 00:00,USDCAD,60,86400,BUY,ZO,0,0.99473,0.99046,427.0,0.99602,0.99169,433.0,101.405,28.81,304.0,100.8,0.99473,0.99169,0.99906,UNTOUCHED,,0,,0,,0,,0,NA,Other,NA,,NA,,0.98742,BREAK,2012.12.10 02:00,0,,0,,0,,0,NA,Asia,BREAK,2012.12.12 20:00,UNTOUCHED,,0.99777,UNTOUCHED,,0,,0,,0,,0,NA,Other,NA,,NA,,0.98865,BOUNCE,2012.12.07 16:00,0,,0,,0,,0,NA,NewYork,NA,,NA,,S-ZO-BR,B-ZH-UN,S-ZO-BO,B-ZG-UN,B-ZO-UN,B-ZF-UN,B-ZH-BO,B-ZD-BO,B-ZB-BO,S-ZF-BR,S-ZE-BR,B-ZG-BO,B-ZO-UN,S-ZO-BO,S-ZC-BR,S-ZH-BR,S-ZB-BO,S-ZO-UN,B-ZF-BR,S-ZE-UN
429,2012.11.30 00:00,USDCAD,60,86400,SELL,ZE,1,0.99602,0.99169,433.0,0.99381,0.99106,275.0,63.510,51.04,212.0,102.2,0.99381,0.99169,0.98894,BREAK,2012.12.07 16:00,0,,0,,0,,0,NA,NewYork,BREAK,2012.12.11 16:00,BREAK,2012.12.12 20:00,0.99814,UNTOUCHED,,0,,0,,0,,0,NA,Other,NA,,NA,,0.98957,BOUNCE,2012.12.06 18:00,1,2012.12.28 18:00,0,,0,,1,3w 1d,NewYork,NA,,NA,,0.99593,BREAK,2012.12.28 18:00,0,,0,,0,,0,NA,NewYork,BREAK,2013.01.23 18:00,BREAK,2013.01.24 14:00,B-ZO-UN,S-ZO-BR,B-ZH-UN,S-ZO-BO,B-ZG-UN,B-ZO-UN,B-ZF-UN,B-ZH-BO,B-ZD-BO,B-ZB-BO,B-ZG-BO,B-ZO-UN,S-ZO-BO,S-ZC-BR,S-ZH-BR,S-ZB-BO,S-ZO-UN,B-ZF-BR,S-ZE-UN,B-ZD-BO
430,2012.12.01 00:00,USDCAD,60,86400,BUY,ZG,0,0.99381,0.99106,275.0,0.99506,0.99203,303.0,110.182,35.27,178.0,64.9,0.99381,0.99203,0.99684,BOUNCE,2012.12.29 00:00,1,2012.12.31 10:00,1,2013.01.02 04:00,1,2013.01.02 04:00,3,4d 4h,Asia,NA,,NA,,0.98928,BOUNCE,2012.12.06 18:00,1,2012.12.07 14:00,1,2012.12.27 22:00,1,2012.12.29 00:00,3,3w 1d,NewYork,NA,,NA,,0.99559,BOUNCE,2012.12.27 22:00,1,2013.01.02 04:00,1,2013.01.02 04:00,0,,2,5d 6h,Other,NA,,NA,,0.99025,BREAK,2012.12.06 17:00,0,,0,,0,,0,NA,NewYork,BREAK,2012.12.07 16:00,BOUNCE,2012.12.10 11:00,S-ZE-BR,B-ZO-UN,S-ZO-BR,B-ZH-UN,S-ZO-BO,B-ZG-UN,B-ZO-UN,B-ZF-UN,B-ZH-BO,B-ZD-BO,B-ZO-UN,S-ZO-BO,S-ZC-BR,S-ZH-BR,S-ZB-BO,S-ZO-UN,B-ZF-BR,S-ZE-UN,B-ZD-BO,B-ZE-BR
431,2012.12.05 00:00,USDCAD,60,86400,BUY,ZO,0,0.99487,0.99137,350.0,0.99535,0.99144,391.0,111.714,2.00,343.0,82.6,0.99487,0.99144,0.99878,UNTOUCHED,,0,,0,,0,,0,NA,Other,NA,,NA,,0.98794,BOUNCE,2012.12.07 16:00,1,2012.12.21 19:00,0,,0,,1,2w 0d,NewYork,NA,,NA,,0.99830,UNTOUCHED,,0,,0,,0,,0,NA,Other,NA,,NA,,0.98801,BOUNCE,2012.12.07 16:00,0,,0,,0,,0,NA,NewYork,NA,,NA,,B-ZG-BO,S-ZE-BR,B-ZO-UN,S-ZO-BR,B-ZH-UN,S-ZO-BO,B-ZG-UN,B-ZO-UN,B-ZF-UN,B-ZH-BO,S-ZO-BO,S-ZC-BR,S-ZH-BR,S-ZB-BO,S-ZO-UN,B-ZF-BR,S-ZE-UN,B-ZD-BO,B-ZE-BR,B-ZF-BR
432,2012.12.06 00:00,USDCAD,60,86400,SELL,ZO,0,0.99535,0.99144,391.0,0.99408,0.99073,335.0,85.678,32.48,264.0,92.3,0.99408,0.99144,0.98809,BOUNCE,2012.12.07 16:00,1,2012.12.21 17:00,1,2012.12.28 18:00,0,,2,3w 0d,NewYork,NA,,NA,,0.99799,UNTOUCHED,,0,,0,,0,,0,NA,Other,NA,,NA,,0.98880,BREAK,2012.12.07 16:00,0,,0,,0,,0,NA,NewYork,BREAK,2012.12.12 12:00,BREAK,2012.12.12 21:00,0.99672,BOUNCE,2012.12.28 18:00,1,2013.01.02 04:00,1,2013.01.02 04:00,0,,2,4d 10h,NewYork,NA,,NA,,B-ZO-UN,B-ZG-BO,S-ZE-BR,B-ZO-UN,S-ZO-BR,B-ZH-UN,S-ZO-BO,B-ZG-UN,B-ZO-UN,B-ZF-UN,S-ZC-BR,S-ZH-BR,S-ZB-BO,S-ZO-UN,B-ZF-BR,S-ZE-UN,B-ZD-BO,B-ZE-BR,B-ZF-BR,B-ZG-BR
433,2012.12.07 00:00,USDCAD,60,86400,SELL,ZC,1,0.99408,0.99073,335.0,0.99257,0.98916,341.0,101.791,45.07,184.0,79.1,0.99257,0.99073,0.98732,BREAK,2012.12.10 02:00,0,,0,,0,,0,NA,Asia,BREAK,2012.12.12 20:00,BREAK,2012.12.12 21:00,0.99592,BREAK,2012.12.28 18:00,0,,0,,0,,0,NA,NewYork,BREAK,2013.01.23 18:00,BREAK,2013.01.24 11:00,0.98889,BREAK,2012.12.07 16:00,0,,0,,0,,0,NA,NewYork,BREAK,2012.12.11 00:00,BREAK,2012.12.12 20:00,0.99441,BREAK,2012.12.21 18:00,0,,0,,0,,0,NA,NewYork,BOUNCE,2012.12.31 02:00,NA,,S-ZO-BO,B-ZO-UN,B-ZG-BO,S-ZE-BR,B-ZO-UN,S-ZO-BR,B-ZH-UN,S-ZO-BO,B-ZG-UN,B-ZO-UN,S-ZH-BR,S-ZB-BO,S-ZO-UN,B-ZF-BR,S-ZE-UN,B-ZD-BO,B-ZE-BR,B-ZF-BR,B-ZG-BR,B-ZB-BR
434,2012.12.12 00:00,USDCAD,60,86400,SELL,ZH,0,0.98877,0.98654,223.0,0.98795,0.98566,229.0,102.691,36.77,141.0,52.6,0.98795,0.98654,0.98425,BREAK,2012.12.12 20:00,0,,0,,0,,0,NA,NewYork,BOUNCE,2012.12.12 23:00,NA,,0.99018,BREAK,2012.12.21 10:00,0,,0,,0,,0,NA,London,BREAK,2012.12.21 16:00,BREAK,2012.12.21 18:00,0.98513,BREAK,2012.12.12 13:00,0,,0,,0,,0,NA,NewYork,BREAK,2012.12.12 21:00,BREAK,2013.01.11 17:00,0.98936,BOUNCE,2012.12.20 15:00,1,2013.01.02 11:00,1,2013.01.02 11:00,0,,2,1w 5d,NewYork,NA,,NA,,S-ZC-BR,S-ZO-BO,B-ZO-UN,B-ZG-BO,S-ZE-BR,B-ZO-UN,S-ZO-BR,B-ZH-UN,S-ZO-BO,B-ZG-UN,S-ZB-BO,S-ZO-UN,B-ZF-BR,S-ZE-UN,B-ZD-BO,B-ZE-BR,B-ZF-BR,B-ZG-BR,B-ZB-BR,S-ZB-UN
435,2012.12.13 00:00,USDCAD,60,86400,SELL,ZB,1,0.98795,0.98566,229.0,0.98652,0.98253,399.0,174.236,62.45,86.0,54.0,0.98652,0.98566,0.98167,BOUNCE,2013.01.11 17:00,1,2013.01.11 18:00,1,2013.01.16 15:00,1,2013.01.18 11:00,3,6d 18h,NewYork,NA,,NA,,0.98881,BOUNCE,2012.12.20 01:00,1,2012.12.20 20:00,1,2013.01.02 12:00,1,2013.01.11 17:00,3,3w 1d,Asia,NA,,NA,,0.98480,BREAK,2012.12.13 00:00,0,,0,,0,,0,NA,Asia,BREAK,2012.12.13 10:00,BREAK,2012.12.13 15:00,0.98738,BREAK,2012.12.17 13:00,0,,0,,0,,0,NA,NewYork,BREAK,2012.12.20 01:00,BOUNCE,2012.12.20 10:00,S-ZH-BR,S-ZC-BR,S-ZO-BO,B-ZO-UN,B-ZG-BO,S-ZE-BR,B-ZO-UN,S-ZO-BR,B-ZH-UN,S-ZO-BO,S-ZO-UN,B-ZF-BR,S-ZE-UN,B-ZD-BO,B-ZE-BR,B-ZF-BR,B-ZG-BR,B-ZB-BR,S-ZB-UN,B-ZO-BR
436,2012.12.14 00:00,USDCAD,60,86400,SELL,ZO,0,0.98652,0.98253,399.0,0.98548,0.98239,309.0,77.444,26.07,295.0,94.2,0.98548,0.98253,0.97944,UNTOUCHED,,0,,0,,0,,0,NA,Other,NA,,NA,,0.98947,BREAK,2012.12.20 15:00,0,,0,,0,,0,NA,NewYork,BREAK,2012.12.21 17:00,BREAK,2012.12.28 18:00,0.97958,UNTOUCHED,,0,,0,,0,,0,NA,Other,NA,,NA,,0.98843,BREAK,2012.12.20 00:00,0,,0,,0,,0,NA,Asia,BREAK,2012.12.21 16:00,BOUNCE,2012.12.24 19:00,S-ZB-BO,S-ZH-BR,S-ZC-BR,S-ZO-BO,B-ZO-UN,B-ZG-BO,S-ZE-BR,B-ZO-UN,S-ZO-BR,B-ZH-UN,B-ZF-BR,S-ZE-UN,B-ZD-BO,B-ZE-BR,B-ZF-BR,B-ZG-BR,B-ZB-BR,S-ZB-UN,B-ZO-BR,S-ZO-UN
437,2012.12.15 00:00,USDCAD,60,86400,BUY,ZF,0,0.98548,0.98239,309.0,0.98649,0.98310,339.0,109.709,22.98,238.0,72.9,0.98548,0.98310,0.98887,BREAK,2012.12.20 01:00,0,,0,,0,,0,NA,Asia,BREAK,2012.12.21 16:00,BREAK,2012.12.21 18:00,0.98001,UNTOUCHED,,0,,0,,0,,0,NA,Other,NA,,NA,,0.98786,BOUNCE,2012.12.17 13:00,0,,0,,0,,0,NA,NewYork,NA,,NA,,0.98072,UNTOUCHED,,0,,0,,0,,0,NA,Other,NA,,NA,,S-ZO-UN,S-ZB-BO,S-ZH-BR,S-ZC-BR,S-ZO-BO,B-ZO-UN,B-ZG-BO,S-ZE-BR,B-ZO-UN,S-ZO-BR,S-ZE-UN,B-ZD-BO,B-ZE-BR,B-ZF-BR,B-ZG-BR,B-ZB-BR,S-ZB-UN,B-ZO-BR,S-ZO-UN,S-ZF-UN
438,2012.12.19 00:00,USDCAD,60,86400,SELL,ZE,1,0.98807,0.98346,461.0,0.98571,0.98312,259.0,56.182,51.19,225.0,108.8,0.98571,0.98346,0.98087,UNTOUCHED,,0,,0,,0,,0,NA,Other,NA,,NA,,0.99032,BREAK,2012.12.21 10:00,0,,0,,0,,0,NA,London,BREAK,2012.12.21 18:00,BOUNCE,2012.12.21 20:00,0.98121,UNTOUCHED,,0,,0,,0,,0,NA,Other,NA,,NA,,0.98796,BREAK,2012.12.19 18:00,0,,0,,0,,0,NA,NewYork,BREAK,2012.12.21 13:00,BREAK,2012.12.21 18:00,B-ZF-BR,S-ZO-UN,S-ZB-BO,S-ZH-BR,S-ZC-BR,S-ZO-BO,B-ZO-UN,B-ZG-BO,S-ZE-BR,B-ZO-UN,B-ZD-BO,B-ZE-BR,B-ZF-BR,B-ZG-BR,B-ZB-BR,S-ZB-UN,B-ZO-BR,S-ZO-UN,S-ZF-UN,B-ZG-BR
439,2012.12.20 00:00,USDCAD,60,86400,BUY,ZD,1,0.98571,0.98312,259.0,0.98810,0.98485,325.0,125.483,66.80,86.0,61.1,0.98571,0.98485,0.98896,BOUNCE,2012.12.20 01:00,1,2012.12.20 20:00,1,2013.01.02 17:00,1,2013.01.11 17:00,3,3w 1d,Asia,NA,,NA,,0.98226,BREAK,2013.01.11 17:00,0,,0,,0,,0,NA,NewYork,UNTOUCHED,,NA,,0.98657,BREAK,2012.12.20 00:00,0,,0,,0,,0,NA,Asia,BREAK,2012.12.20 01:00,BREAK,2012.12.20 02:00,0.98399,BOUNCE,2013.01.02 17:00,1,2013.01.02 20:00,1,2013.01.02 20:00,0,,2,3h,NewYork,NA,,NA,,S-ZE-UN,B-ZF-BR,S-ZO-UN,S-ZB-BO,S-ZH-BR,S-ZC-BR,S-ZO-BO,B-ZO-UN,B-ZG-BO,S-ZE-BR,B-ZE-BR,B-ZF-BR,B-ZG-BR,B-ZB-BR,S-ZB-UN,B-ZO-BR,S-ZO-UN,S-ZF-UN,B-ZG-BR,B-ZO-BR
440,2012.12.21 00:00,USDCAD,60,86400,BUY,ZE,1,0.98810,0.98485,325.0,0.98957,0.98686,271.0,83.385,61.85,124.0,76.7,0.98810,0.98686,0.99081,BREAK,2012.12.21 12:00,0,,0,,0,,0,NA,London,BREAK,2012.12.21 17:00,BREAK,2012.12.21 18:00,0.98361,BOUNCE,2013.01.02 18:00,1,2013.01.02 20:00,1,2013.01.04 06:00,1,2013.01.04 11:00,3,1d 17h,NewYork,NA,,NA,,0.98934,BOUNCE,2012.12.21 04:00,1,2013.01.02 06:00,1,2013.01.02 18:00,0,,2,1w 5d,Asia,NA,,NA,,0.98562,BOUNCE,2013.01.02 06:00,1,2013.01.04 06:00,1,2013.01.04 06:00,0,,2,2d 0h,Asia,NA,,NA,,B-ZD-BO,S-ZE-UN,B-ZF-BR,S-ZO-UN,S-ZB-BO,S-ZH-BR,S-ZC-BR,S-ZO-BO,B-ZO-UN,B-ZG-BO,B-ZF-BR,B-ZG-BR,B-ZB-BR,S-ZB-UN,B-ZO-BR,S-ZO-UN,S-ZF-UN,B-ZG-BR,B-ZO-BR,B-ZF-BR
441,2012.12.22 00:00,USDCAD,60,86400,BUY,ZF,1,0.98957,0.98686,271.0,0.99525,0.98704,821.0,302.952,6.64,253.0,64.0,0.98957,0.98704,0.99778,BREAK,2013.01.23 18:00,0,,0,,0,,0,NA,NewYork,BREAK,2013.01.24 14:00,BREAK,2013.01.24 18:00,0.98433,BREAK,2013.01.02 14:00,0,,0,,0,,0,NA,NewYork,BOUNCE,2013.01.11 23:00,NA,,0.99210,BREAK,2012.12.22 00:00,0,,0,,0,,0,NA,Asia,BOUNCE,2012.12.27 11:00,NA,,0.98451,BREAK,2013.01.02 14:00,0,,0,,0,,0,NA,NewYork,BOUNCE,2013.01.12 00:00,NA,,B-ZE-BR,B-ZD-BO,S-ZE-UN,B-ZF-BR,S-ZO-UN,S-ZB-BO,S-ZH-BR,S-ZC-BR,S-ZO-BO,B-ZO-UN,B-ZG-BR,B-ZB-BR,S-ZB-UN,B-ZO-BR,S-ZO-UN,S-ZF-UN,B-ZG-BR,B-ZO-BR,B-ZF-BR,B-ZB-BR
442,2012.12.27 00:00,USDCAD,60,86400,BUY,ZG,0,0.99442,0.99096,346.0,0.99503,0.99118,385.0,111.272,6.36,324.0,81.7,0.99442,0.99118,0.99827,BREAK,2013.01.23 18:00,0,,0,,0,,0,NA,NewYork,BREAK,2013.01.24 16:00,BREAK,2013.01.25 15:00,0.98772,BREAK,2013.01.02 05:00,0,,0,,0,,0,NA,Asia,BREAK,2013.01.02 17:00,UNTOUCHED,,0.99766,BREAK,2013.01.23 18:00,0,,0,,0,,0,NA,NewYork,BREAK,2013.01.24 16:00,BREAK,2013.01.25 15:00,0.98794,BREAK,2013.01.02 05:00,0,,0,,0,,0,NA,Asia,BREAK,2013.01.02 17:00,UNTOUCHED,,B-ZF-BR,B-ZE-BR,B-ZD-BO,S-ZE-UN,B-ZF-BR,S-ZO-UN,S-ZB-BO,S-ZH-BR,S-ZC-BR,S-ZO-BO,B-ZB-BR,S-ZB-UN,B-ZO-BR,S-ZO-UN,S-ZF-UN,B-ZG-BR,B-ZO-BR,B-ZF-BR,B-ZB-BR,B-ZE-BR
443,2012.12.29 00:00,USDCAD,60,86400,BUY,ZB,1,0.99577,0.99075,502.0,0.99678,0.99377,301.0,59.960,60.16,200.0,118.5,0.99577,0.99377,0.99878,BREAK,2013.01.23 18:00,0,,0,,0,,0,NA,NewYork,BREAK,2013.01.24 16:00,BREAK,2013.01.25 14:00,0.98875,BOUNCE,2013.01.02 04:00,1,2013.01.18 17:00,1,2013.01.23 18:00,1,2013.01.23 18:00,3,3w 0d,Asia,NA,,NA,,0.99777,BREAK,2013.01.23 18:00,0,,0,,0,,0,NA,NewYork,BREAK,2013.01.24 14:00,BREAK,2013.01.24 18:00,0.99177,BOUNCE,2012.12.31 20:00,1,2013.01.23 18:00,1,2013.01.23 18:00,0,,2,3w 1d,NewYork,NA,,NA,,B-ZG-BR,B-ZF-BR,B-ZE-BR,B-ZD-BO,S-ZE-UN,B-ZF-BR,S-ZO-UN,S-ZB-BO,S-ZH-BR,S-ZC-BR,S-ZB-UN,B-ZO-BR,S-ZO-UN,S-ZF-UN,B-ZG-BR,B-ZO-BR,B-ZF-BR,B-ZB-BR,B-ZE-BR,S-ZH-BR
444,2013.01.03 00:00,USDCAD,60,86400,SELL,ZB,1,0.99698,0.99091,607.0,0.99430,0.98360,1070.0,176.277,44.15,339.0,143.3,0.99430,0.99091,0.98021,UNTOUCHED,,0,,0,,0,,0,NA,Other,NA,,NA,,1.00037,BOUNCE,2013.01.23 18:00,1,2013.02.07 13:00,0,,0,,1,2w 0d,NewYork,NA,,NA,,0.98752,BREAK,2013.01.03 00:00,0,,0,,0,,0,NA,Asia,BREAK,2013.01.11 12:00,UNTOUCHED,,0.99769,BREAK,2013.01.23 18:00,0,,0,,0,,0,NA,NewYork,BREAK,2013.01.24 18:00,BREAK,2013.01.25 15:00,B-ZB-BR,B-ZG-BR,B-ZF-BR,B-ZE-BR,B-ZD-BO,S-ZE-UN,B-ZF-BR,S-ZO-UN,S-ZB-BO,S-ZH-BR,B-ZO-BR,S-ZO-UN,S-ZF-UN,B-ZG-BR,B-ZO-BR,B-ZF-BR,B-ZB-BR,B-ZE-BR,S-ZH-BR,S-ZB-UN
445,2013.01.05 00:00,USDCAD,60,86400,BUY,ZO,1,0.98829,0.98420,409.0,0.99230,0.98478,752.0,183.863,14.18,351.0,96.5,0.98829,0.98478,0.99581,BREAK,2013.01.23 18:00,0,,0,,0,,0,NA,NewYork,BREAK,2013.01.24 04:00,BREAK,2013.01.25 14:00,0.98069,UNTOUCHED,,0,,0,,0,,0,NA,Other,NA,,NA,,0.99180,BREAK,2013.01.18 17:00,0,,0,,0,,0,NA,NewYork,BREAK,2013.01.23 18:00,BREAK,2013.01.23 20:00,0.98127,UNTOUCHED,,0,,0,,0,,0,NA,Other,NA,,NA,,S-ZB-UN,B-ZB-BR,B-ZG-BR,B-ZF-BR,B-ZE-BR,B-ZD-BO,S-ZE-UN,B-ZF-BR,S-ZO-UN,S-ZB-BO,S-ZO-UN,S-ZF-UN,B-ZG-BR,B-ZO-BR,B-ZF-BR,B-ZB-BR,B-ZE-BR,S-ZH-BR,S-ZB-UN,B-ZO-BO
446,2013.01.09 00:00,USDCAD,60,86400,SELL,ZO,0,0.98844,0.98524,320.0,0.98823,0.98426,397.0,124.063,6.56,299.0,75.5,0.98823,0.98524,0.98127,UNTOUCHED,,0,,0,,0,,0,NA,Other,NA,,NA,,0.99143,BREAK,2013.01.18 17:00,0,,0,,0,,0,NA,NewYork,BOUNCE,2013.01.19 00:00,NA,,0.98225,BOUNCE,2013.01.11 17:00,1,2013.01.18 17:00,1,2013.01.18 17:00,0,,2,1w 0d,NewYork,NA,,NA,,0.99122,BREAK,2013.01.18 17:00,0,,0,,0,,0,NA,NewYork,BOUNCE,2013.01.21 05:00,NA,,B-ZO-BR,S-ZB-UN,B-ZB-BR,B-ZG-BR,B-ZF-BR,B-ZE-BR,B-ZD-BO,S-ZE-UN,B-ZF-BR,S-ZO-UN,S-ZF-UN,B-ZG-BR,B-ZO-BR,B-ZF-BR,B-ZB-BR,B-ZE-BR,S-ZH-BR,S-ZB-UN,B-ZO-BO,S-ZH-UN
447,2013.01.11 00:00,USDCAD,60,86400,SELL,ZF,1,0.98805,0.98541,264.0,0.98796,0.98360,436.0,165.152,3.41,255.0,62.3,0.98796,0.98541,0.98105,UNTOUCHED,,0,,0,,0,,0,NA,Other,NA,,NA,,0.99060,BREAK,2013.01.18 14:00,0,,0,,0,,0,NA,NewYork,BREAK,2013.01.18 18:00,BREAK,2013.01.23 18:00,0.98286,BREAK,2013.01.11 01:00,0,,0,,0,,0,NA,Asia,UNTOUCHED,,NA,,0.99051,BREAK,2013.01.18 14:00,0,,0,,0,,0,NA,NewYork,BREAK,2013.01.18 18:00,BREAK,2013.01.23 18:00,S-ZO-UN,B-ZO-BR,S-ZB-UN,B-ZB-BR,B-ZG-BR,B-ZF-BR,B-ZE-BR,B-ZD-BO,S-ZE-UN,B-ZF-BR,B-ZG-BR,B-ZO-BR,B-ZF-BR,B-ZB-BR,B-ZE-BR,S-ZH-BR,S-ZB-UN,B-ZO-BO,S-ZH-UN,B-ZB-BR
448,2013.01.17 00:00,USDCAD,60,86400,BUY,ZG,0,0.98663,0.98308,355.0,0.98772,0.98369,403.0,113.521,17.18,294.0,83.8,0.98663,0.98369,0.99066,BREAK,2013.01.18 14:00,0,,0,,0,,0,NA,NewYork,BREAK,2013.01.18 18:00,BREAK,2013.01.23 18:00,0.98014,UNTOUCHED,,0,,0,,0,,0,NA,Other,NA,,NA,,0.98957,BREAK,2013.01.18 11:00,0,,0,,0,,0,NA,London,BREAK,2013.01.18 17:00,BREAK,2013.01.23 18:00,0.98075,UNTOUCHED,,0,,0,,0,,0,NA,Other,NA,,NA,,S-ZF-UN,S-ZO-UN,B-ZO-BR,S-ZB-UN,B-ZB-BR,B-ZG-BR,B-ZF-BR,B-ZE-BR,B-ZD-BO,S-ZE-UN,B-ZO-BR,B-ZF-BR,B-ZB-BR,B-ZE-BR,S-ZH-BR,S-ZB-UN,B-ZO-BO,S-ZH-UN,B-ZB-BR,S-ZD-UN
449,2013.01.18 00:00,USDCAD,60,86400,BUY,ZO,0,0.98772,0.98369,403.0,0.98853,0.98424,429.0,106.452,13.65,348.0,95.1,0.98772,0.98424,0.99201,BREAK,2013.01.18 17:00,0,,0,,0,,0,NA,NewYork,BREAK,2013.01.23 18:00,BREAK,2013.01.24 02:00,0.98021,UNTOUCHED,,0,,0,,0,,0,NA,Other,NA,,NA,,0.99120,BREAK,2013.01.18 17:00,0,,0,,0,,0,NA,NewYork,BREAK,2013.01.23 18:00,BREAK,2013.01.23 19:00,0.98076,UNTOUCHED,,0,,0,,0,,0,NA,Other,NA,,NA,,B-ZG-BR,S-ZF-UN,S-ZO-UN,B-ZO-BR,S-ZB-UN,B-ZB-BR,B-ZG-BR,B-ZF-BR,B-ZE-BR,B-ZD-BO,B-ZF-BR,B-ZB-BR,B-ZE-BR,S-ZH-BR,S-ZB-UN,B-ZO-BO,S-ZH-UN,B-ZB-BR,S-ZD-UN,S-ZD-UN
450,2013.01.19 00:00,USDCAD,60,86400,BUY,ZF,1,0.98853,0.98424,429.0,0.99461,0.98527,934.0,217.716,24.01,326.0,101.2,0.98853,0.98527,0.99787,BREAK,2013.01.23 18:00,0,,0,,0,,0,NA,NewYork,BREAK,2013.01.24 16:00,BREAK,2013.01.25 15:00,0.98098,UNTOUCHED,,0,,0,,0,,0,NA,Other,NA,,NA,,0.99179,BREAK,2013.01.19 00:00,0,,0,,0,,0,NA,Asia,BREAK,2013.01.23 18:00,BREAK,2013.01.23 19:00,0.98201,UNTOUCHED,,0,,0,,0,,0,NA,Other,NA,,NA,,B-ZO-BR,B-ZG-BR,S-ZF-UN,S-ZO-UN,B-ZO-BR,S-ZB-UN,B-ZB-BR,B-ZG-BR,B-ZF-BR,B-ZE-BR,B-ZB-BR,B-ZE-BR,S-ZH-BR,S-ZB-UN,B-ZO-BO,S-ZH-UN,B-ZB-BR,S-ZD-UN,S-ZD-UN,B-ZF-BR
451,2013.01.26 00:00,USDCAD,60,86400,BUY,ZB,1,1.00356,0.99873,483.0,1.00996,1.00190,806.0,166.874,65.63,166.0,114.0,1.00356,1.00190,1.01162,BREAK,2013.02.18 20:00,0,,0,,0,,0,NA,NewYork,BOUNCE,2013.02.19 16:00,NA,,0.99707,BOUNCE,2013.01.31 20:00,1,2013.02.08 16:00,1,2013.02.11 10:00,1,2013.02.18 20:00,3,2w 4d,NewYork,NA,,NA,,1.00522,BREAK,2013.01.26 00:00,0,,0,,0,,0,NA,Asia,BREAK,2013.01.28 03:00,BREAK,2013.01.28 11:00,1.00024,BREAK,2013.01.31 18:00,0,,0,,0,,0,NA,NewYork,BREAK,2013.01.31 20:00,BREAK,2013.01.31 22:00,B-ZF-BR,B-ZO-BR,B-ZG-BR,S-ZF-UN,S-ZO-UN,B-ZO-BR,S-ZB-UN,B-ZB-BR,B-ZG-BR,B-ZF-BR,B-ZE-BR,S-ZH-BR,S-ZB-UN,B-ZO-BO,S-ZH-UN,B-ZB-BR,S-ZD-UN,S-ZD-UN,B-ZF-BR,B-ZC-BR
452,2013.01.29 00:00,USDCAD,60,86400,BUY,ZE,1,1.00650,1.00541,109.0,1.00997,1.00599,398.0,365.138,53.21,51.0,25.7,1.00650,1.00599,1.01048,BREAK,2013.02.18 20:00,0,,0,,0,,0,NA,NewYork,BREAK,2013.02.18 21:00,BREAK,2013.02.19 11:00,1.00490,BREAK,2013.01.29 11:00,0,,0,,0,,0,NA,London,BOUNCE,2013.01.29 17:00,NA,,1.00701,BOUNCE,2013.02.11 12:00,1,2013.02.11 22:00,1,2013.02.11 23:00,0,,2,11h,London,NA,,NA,,1.00548,BOUNCE,2013.01.29 04:00,1,2013.02.11 12:00,1,2013.02.11 12:00,0,,2,1w 6d,Asia,NA,,NA,,B-ZB-BR,B-ZF-BR,B-ZO-BR,B-ZG-BR,S-ZF-UN,S-ZO-UN,B-ZO-BR,S-ZB-UN,B-ZB-BR,B-ZG-BR,S-ZH-BR,S-ZB-UN,B-ZO-BO,S-ZH-UN,B-ZB-BR,S-ZD-UN,S-ZD-UN,B-ZF-BR,B-ZC-BR,B-ZF-BR
453,2013.01.31 00:00,USDCAD,60,86400,SELL,ZH,0,1.00661,1.00180,481.0,1.00521,1.00068,453.0,94.179,29.11,341.0,113.5,1.00521,1.00180,0.99727,BREAK,2013.01.31 20:00,0,,0,,0,,0,NA,NewYork,BOUNCE,2013.02.07 18:00,NA,,1.01002,BREAK,2013.02.18 18:00,0,,0,,0,,0,NA,NewYork,BREAK,2013.02.20 15:00,BREAK,2013.02.20 22:00,0.99839,BREAK,2013.01.31 20:00,0,,0,,0,,0,NA,NewYork,BOUNCE,2013.02.04 18:00,NA,,1.00862,BOUNCE,2013.02.12 13:00,0,,0,,0,,0,NA,NewYork,NA,,NA,,B-ZE-BR,B-ZB-BR,B-ZF-BR,B-ZO-BR,B-ZG-BR,S-ZF-UN,S-ZO-UN,B-ZO-BR,S-ZB-UN,B-ZB-BR,S-ZB-UN,B-ZO-BO,S-ZH-UN,B-ZB-BR,S-ZD-UN,S-ZD-UN,B-ZF-BR,B-ZC-BR,B-ZF-BR,B-ZB-BO
454,2013.02.01 00:00,USDCAD,60,86400,SELL,ZB,1,1.00521,1.00068,453.0,1.00342,0.99565,777.0,171.523,39.51,274.0,106.9,1.00342,1.00068,0.99291,UNTOUCHED,,0,,0,,0,,0,NA,Other,NA,,NA,,1.00795,BOUNCE,2013.02.11 16:00,1,2013.02.12 18:00,0,,0,,1,1d 2h,NewYork,NA,,NA,,0.99794,BREAK,2013.02.01 00:00,0,,0,,0,,0,NA,Asia,BOUNCE,2013.02.04 17:00,NA,,1.00616,BREAK,2013.02.11 11:00,0,,0,,0,,0,NA,London,BREAK,2013.02.18 18:00,BREAK,2013.02.19 14:00,S-ZH-BR,B-ZE-BR,B-ZB-BR,B-ZF-BR,B-ZO-BR,B-ZG-BR,S-ZF-UN,S-ZO-UN,B-ZO-BR,S-ZB-UN,B-ZO-BO,S-ZH-UN,B-ZB-BR,S-ZD-UN,S-ZD-UN,B-ZF-BR,B-ZC-BR,B-ZF-BR,B-ZB-BO,B-ZO-BO
455,2013.02.06 00:00,USDCAD,60,86400,BUY,ZO,0,0.99924,0.99473,451.0,0.99941,0.99560,381.0,84.479,19.29,364.0,106.4,0.99924,0.99560,1.00305,BOUNCE,2013.02.08 16:00,0,,0,,0,,0,NA,NewYork,NA,,NA,,0.99109,UNTOUCHED,,0,,0,,0,,0,NA,Other,NA,,NA,,1.00288,BOUNCE,2013.02.08 16:00,0,,0,,0,,0,NA,NewYork,NA,,NA,,0.99196,UNTOUCHED,,0,,0,,0,,0,NA,Other,NA,,NA,,S-ZB-UN,S-ZH-BR,B-ZE-BR,B-ZB-BR,B-ZF-BR,B-ZO-BR,B-ZG-BR,S-ZF-UN,S-ZO-UN,B-ZO-BR,S-ZH-UN,B-ZB-BR,S-ZD-UN,S-ZD-UN,B-ZF-BR,B-ZC-BR,B-ZF-BR,B-ZB-BO,B-ZO-BO,S-ZB-BO
456,2013.02.07 00:00,USDCAD,60,86400,SELL,ZH,0,0.99941,0.99560,381.0,0.99883,0.99488,395.0,103.675,15.22,323.0,89.9,0.99883,0.99560,0.99165,UNTOUCHED,,0,,0,,0,,0,NA,Other,NA,,NA,,1.00264,BOUNCE,2013.02.08 16:00,0,,0,,0,,0,NA,NewYork,NA,,NA,,0.99237,UNTOUCHED,,0,,0,,0,,0,NA,Other,NA,,NA,,1.00206,BREAK,2013.02.08 16:00,0,,0,,0,,0,NA,NewYork,BREAK,2013.02.11 11:00,BOUNCE,2013.02.12 16:00,B-ZO-BO,S-ZB-UN,S-ZH-BR,B-ZE-BR,B-ZB-BR,B-ZF-BR,B-ZO-BR,B-ZG-BR,S-ZF-UN,S-ZO-UN,B-ZB-BR,S-ZD-UN,S-ZD-UN,B-ZF-BR,B-ZC-BR,B-ZF-BR,B-ZB-BO,B-ZO-BO,S-ZB-BO,B-ZE-UN
457,2013.02.09 00:00,USDCAD,60,86400,BUY,ZB,1,0.99936,0.99318,618.0,1.00348,0.99700,648.0,104.854,61.81,236.0,145.8,0.99936,0.99700,1.00584,BREAK,2013.02.11 10:00,0,,0,,0,,0,NA,London,BOUNCE,2013.02.11 21:00,NA,,0.99082,UNTOUCHED,,0,,0,,0,,0,NA,Other,NA,,NA,,1.00172,BREAK,2013.02.09 00:00,0,,0,,0,,0,NA,Asia,BREAK,2013.02.11 10:00,BREAK,2013.02.11 16:00,0.99464,UNTOUCHED,,0,,0,,0,,0,NA,Other,NA,,NA,,S-ZH-UN,B-ZO-BO,S-ZB-UN,S-ZH-BR,B-ZE-BR,B-ZB-BR,B-ZF-BR,B-ZO-BR,B-ZG-BR,S-ZF-UN,S-ZD-UN,S-ZD-UN,B-ZF-BR,B-ZC-BR,B-ZF-BR,B-ZB-BO,B-ZO-BO,S-ZB-BO,B-ZE-UN,B-ZG-BR
458,2013.02.14 00:00,USDCAD,60,86400,SELL,ZD,1,1.00875,1.00201,674.0,1.00435,1.00123,312.0,46.291,65.28,234.0,159.1,1.00435,1.00201,0.99889,UNTOUCHED,,0,,0,,0,,0,NA,Other,NA,,NA,,1.01109,BREAK,2013.02.18 20:00,0,,0,,0,,0,NA,NewYork,BOUNCE,2013.02.20 09:00,NA,,0.99967,UNTOUCHED,,0,,0,,0,,0,NA,Other,NA,,NA,,1.00669,BREAK,2013.02.15 17:00,0,,0,,0,,0,NA,NewYork,BREAK,2013.02.18 20:00,BREAK,2013.02.19 16:00,B-ZB-BR,S-ZH-UN,B-ZO-BO,S-ZB-UN,S-ZH-BR,B-ZE-BR,B-ZB-BR,B-ZF-BR,B-ZO-BR,B-ZG-BR,S-ZD-UN,B-ZF-BR,B-ZC-BR,B-ZF-BR,B-ZB-BO,B-ZO-BO,S-ZB-BO,B-ZE-UN,B-ZG-BR,S-ZE-BR
459,2013.02.15 00:00,USDCAD,60,86400,SELL,ZD,1,1.00435,1.00123,312.0,1.00237,0.99988,249.0,79.808,63.46,114.0,73.6,1.00237,1.00123,0.99874,UNTOUCHED,,0,,0,,0,,0,NA,Other,NA,,NA,,1.00549,BREAK,2013.02.15 17:00,0,,0,,0,,0,NA,NewYork,BREAK,2013.02.15 18:00,BOUNCE,2013.02.15 21:00,1.00009,UNTOUCHED,,0,,0,,0,,0,NA,Other,NA,,NA,,1.00351,BREAK,2013.02.15 16:00,0,,0,,0,,0,NA,NewYork,BREAK,2013.02.15 17:00,BREAK,2013.02.15 18:00,S-ZD-UN,B-ZB-BR,S-ZH-UN,B-ZO-BO,S-ZB-UN,S-ZH-BR,B-ZE-BR,B-ZB-BR,B-ZF-BR,B-ZO-BR,B-ZF-BR,B-ZC-BR,B-ZF-BR,B-ZB-BO,B-ZO-BO,S-ZB-BO,B-ZE-UN,B-ZG-BR,S-ZE-BR,S-ZG-BR
460,2013.02.16 00:00,USDCAD,60,86400,BUY,ZF,1,1.00237,0.99988,249.0,1.00819,1.00012,807.0,324.096,9.64,225.0,58.8,1.00237,1.00012,1.01044,BREAK,2013.02.18 20:00,0,,0,,0,,0,NA,NewYork,BREAK,2013.02.19 16:00,BREAK,2013.02.20 17:00,0.99763,UNTOUCHED,,0,,0,,0,,0,NA,Other,NA,,NA,,1.00462,BREAK,2013.02.16 00:00,0,,0,,0,,0,NA,Asia,BREAK,2013.02.18 02:00,BREAK,2013.02.18 18:00,0.99787,UNTOUCHED,,0,,0,,0,,0,NA,Other,NA,,NA,,S-ZD-UN,S-ZD-UN,B-ZB-BR,S-ZH-UN,B-ZO-BO,S-ZB-UN,S-ZH-BR,B-ZE-BR,B-ZB-BR,B-ZF-BR,B-ZC-BR,B-ZF-BR,B-ZB-BO,B-ZO-BO,S-ZB-BO,B-ZE-UN,B-ZG-BR,S-ZE-BR,S-ZG-BR,S-ZH-BR
461,2013.02.20 00:00,USDCAD,60,86400,BUY,ZC,1,1.01206,1.00568,638.0,1.01375,1.01007,368.0,57.680,68.81,199.0,150.6,1.01206,1.01007,1.01574,BREAK,2013.02.20 17:00,0,,0,,0,,0,NA,NewYork,BREAK,2013.02.21 12:00,BOUNCE,2013.02.21 16:00,1.00369,UNTOUCHED,,0,,0,,0,,0,NA,Other,NA,,NA,,1.01405,BREAK,2013.02.20 14:00,0,,0,,0,,0,NA,NewYork,BREAK,2013.02.20 22:00,BREAK,2013.02.21 13:00,1.00808,UNTOUCHED,,0,,0,,0,,0,NA,Other,NA,,NA,,B-ZF-BR,S-ZD-UN,S-ZD-UN,B-ZB-BR,S-ZH-UN,B-ZO-BO,S-ZB-UN,S-ZH-BR,B-ZE-BR,B-ZB-BR,B-ZF-BR,B-ZB-BO,B-ZO-BO,S-ZB-BO,B-ZE-UN,B-ZG-BR,S-ZE-BR,S-ZG-BR,S-ZH-BR,S-ZO-BO
462,2013.02.21 00:00,USDCAD,60,86400,BUY,ZF,1,1.01375,1.01007,368.0,1.01846,1.01084,762.0,207.065,20.92,291.0,86.8,1.01375,1.01084,1.02137,BREAK,2013.02.22 16:00,0,,0,,0,,0,NA,NewYork,BREAK,2013.02.22 17:00,BOUNCE,2013.02.26 08:00,1.00716,UNTOUCHED,,0,,0,,0,,0,NA,Other,NA,,NA,,1.01666,BREAK,2013.02.21 00:00,0,,0,,0,,0,NA,Asia,BREAK,2013.02.21 21:00,BOUNCE,2013.02.22 16:00,1.00793,UNTOUCHED,,0,,0,,0,,0,NA,Other,NA,,NA,,B-ZC-BR,B-ZF-BR,S-ZD-UN,S-ZD-UN,B-ZB-BR,S-ZH-UN,B-ZO-BO,S-ZB-UN,S-ZH-BR,B-ZE-BR,B-ZB-BO,B-ZO-BO,S-ZB-BO,B-ZE-UN,B-ZG-BR,S-ZE-BR,S-ZG-BR,S-ZH-BR,S-ZO-BO,S-ZF-BR
463,2013.02.22 00:00,USDCAD,60,86400,BUY,ZB,1,1.01846,1.01084,762.0,1.02073,1.01623,450.0,59.055,70.73,223.0,179.8,1.01846,1.01623,1.02296,BOUNCE,2013.02.22 16:00,1,2013.03.15 15:00,1,2013.04.02 12:00,0,,2,5w 3d,NewYork,NA,,NA,,1.00861,UNTOUCHED,,0,,0,,0,,0,NA,Other,NA,,NA,,1.02069,BREAK,2013.02.22 16:00,0,,0,,0,,0,NA,NewYork,BREAK,2013.02.22 17:00,BOUNCE,2013.02.22 19:00,1.01400,BOUNCE,2013.04.02 12:00,0,,0,,0,,0,NA,London,NA,,NA,,B-ZF-BR,B-ZC-BR,B-ZF-BR,S-ZD-UN,S-ZD-UN,B-ZB-BR,S-ZH-UN,B-ZO-BO,S-ZB-UN,S-ZH-BR,B-ZO-BO,S-ZB-BO,B-ZE-UN,B-ZG-BR,S-ZE-BR,S-ZG-BR,S-ZH-BR,S-ZO-BO,S-ZF-BR,S-ZB-BO
464,2013.02.27 00:00,USDCAD,60,86400,BUY,ZO,0,1.02763,1.02199,564.0,1.03027,1.02398,629.0,111.525,35.28,365.0,133.1,1.02763,1.02398,1.03392,BOUNCE,2013.03.01 16:00,1,2013.03.01 23:00,1,2013.03.15 10:00,1,2013.03.15 15:00,3,1w 6d,NewYork,NA,,NA,,1.01834,BOUNCE,2013.03.15 15:00,1,2013.03.19 16:00,0,,0,,1,4d 1h,NewYork,NA,,NA,,1.03128,BREAK,2013.03.01 12:00,0,,0,,0,,0,NA,London,UNTOUCHED,,NA,,1.02033,BREAK,2013.03.15 10:00,0,,0,,0,,0,NA,London,BREAK,2013.03.27 15:00,BREAK,2013.04.04 20:00,B-ZB-BO,B-ZF-BR,B-ZC-BR,B-ZF-BR,S-ZD-UN,S-ZD-UN,B-ZB-BR,S-ZH-UN,B-ZO-BO,S-ZB-UN,S-ZB-BO,B-ZE-UN,B-ZG-BR,S-ZE-BR,S-ZG-BR,S-ZH-BR,S-ZO-BO,S-ZF-BR,S-ZB-BO,B-ZF-UN
465,2013.02.28 00:00,USDCAD,60,86400,SELL,ZB,1,1.03027,1.02398,629.0,1.02771,1.02274,497.0,79.014,40.70,373.0,148.4,1.02771,1.02398,1.01901,BOUNCE,2013.03.15 15:00,1,2013.03.19 16:00,0,,0,,1,4d 1h,NewYork,NA,,NA,,1.03400,BOUNCE,2013.03.01 16:00,1,2013.03.01 23:00,1,2013.03.15 14:00,1,2013.03.15 15:00,3,1w 6d,NewYork,NA,,NA,,1.02025,BREAK,2013.03.15 14:00,0,,0,,0,,0,NA,NewYork,BREAK,2013.03.27 15:00,BOUNCE,2013.04.04 16:00,1.03144,BREAK,2013.03.01 12:00,0,,0,,0,,0,NA,London,UNTOUCHED,,NA,,B-ZO-BO,B-ZB-BO,B-ZF-BR,B-ZC-BR,B-ZF-BR,S-ZD-UN,S-ZD-UN,B-ZB-BR,S-ZH-UN,B-ZO-BO,B-ZE-UN,B-ZG-BR,S-ZE-BR,S-ZG-BR,S-ZH-BR,S-ZO-BO,S-ZF-BR,S-ZB-BO,B-ZF-UN,S-ZG-BO
466,2013.03.02 00:00,USDCAD,60,86400,BUY,ZE,1,1.03126,1.02163,963.0,1.03414,1.02619,795.0,82.555,47.35,507.0,227.3,1.03126,1.02619,1.03921,UNTOUCHED,,0,,0,,0,,0,NA,Other,NA,,NA,,1.01656,BREAK,2013.03.26 18:00,0,,0,,0,,0,NA,NewYork,BOUNCE,2013.04.05 15:00,NA,,1.03633,UNTOUCHED,,0,,0,,0,,0,NA,Other,NA,,NA,,1.02112,BREAK,2013.03.15 10:00,0,,0,,0,,0,NA,London,BREAK,2013.04.02 12:00,BOUNCE,2013.04.05 15:00,S-ZB-BO,B-ZO-BO,B-ZB-BO,B-ZF-BR,B-ZC-BR,B-ZF-BR,S-ZD-UN,S-ZD-UN,B-ZB-BR,S-ZH-UN,B-ZG-BR,S-ZE-BR,S-ZG-BR,S-ZH-BR,S-ZO-BO,S-ZF-BR,S-ZB-BO,B-ZF-UN,S-ZG-BO,S-ZF-BO
467,2013.03.05 00:00,USDCAD,60,86400,BUY,ZG,1,1.02776,1.02632,144.0,1.03091,1.02680,411.0,285.417,33.33,96.0,34.0,1.02776,1.02680,1.03187,BREAK,2013.03.06 18:00,0,,0,,0,,0,NA,NewYork,BOUNCE,2013.03.07 05:00,NA,,1.02536,BREAK,2013.03.08 16:00,0,,0,,0,,0,NA,NewYork,BREAK,2013.03.14 19:00,BREAK,2013.03.14 20:00,1.02872,BOUNCE,2013.03.05 18:00,1,2013.03.06 04:00,1,2013.03.08 16:00,0,,2,2d 22h,NewYork,NA,,NA,,1.02584,BOUNCE,2013.03.05 03:00,1,2013.03.05 18:00,1,2013.03.05 18:00,0,,2,15h,Asia,NA,,NA,,B-ZE-UN,S-ZB-BO,B-ZO-BO,B-ZB-BO,B-ZF-BR,B-ZC-BR,B-ZF-BR,S-ZD-UN,S-ZD-UN,B-ZB-BR,S-ZE-BR,S-ZG-BR,S-ZH-BR,S-ZO-BO,S-ZF-BR,S-ZB-BO,B-ZF-UN,S-ZG-BO,S-ZF-BO,S-ZE-BO
468,2013.03.06 00:00,USDCAD,60,86400,SELL,ZE,1,1.03091,1.02680,411.0,1.02932,1.02553,379.0,92.214,38.69,252.0,97.0,1.02932,1.02680,1.02301,BREAK,2013.03.14 19:00,0,,0,,0,,0,NA,NewYork,BREAK,2013.03.15 15:00,BREAK,2013.03.26 16:00,1.03343,BOUNCE,2013.03.06 18:00,1,2013.03.08 16:00,1,2013.03.08 16:00,1,2013.03.14 19:00,3,1w 1d,NewYork,NA,,NA,,1.02428,BOUNCE,2013.03.08 16:00,0,,0,,0,,0,NA,NewYork,NA,,NA,,1.03184,BREAK,2013.03.06 18:00,0,,0,,0,,0,NA,NewYork,UNTOUCHED,,NA,,B-ZG-BR,B-ZE-UN,S-ZB-BO,B-ZO-BO,B-ZB-BO,B-ZF-BR,B-ZC-BR,B-ZF-BR,S-ZD-UN,S-ZD-UN,S-ZG-BR,S-ZH-BR,S-ZO-BO,S-ZF-BR,S-ZB-BO,B-ZF-UN,S-ZG-BO,S-ZF-BO,S-ZE-BO,S-ZE-BR
469,2013.03.09 00:00,USDCAD,60,86400,SELL,ZG,1,1.03290,1.02847,443.0,1.03142,1.02340,802.0,181.038,33.41,295.0,104.5,1.03142,1.02847,1.02045,BREAK,2013.03.15 10:00,0,,0,,0,,0,NA,London,BREAK,2013.03.26 18:00,BOUNCE,2013.03.29 17:00,1.03585,UNTOUCHED,,0,,0,,0,,0,NA,Other,NA,,NA,,1.02552,BOUNCE,2013.03.11 20:00,0,,0,,0,,0,NA,NewYork,NA,,NA,,1.03437,UNTOUCHED,,0,,0,,0,,0,NA,Other,NA,,NA,,S-ZE-BR,B-ZG-BR,B-ZE-UN,S-ZB-BO,B-ZO-BO,B-ZB-BO,B-ZF-BR,B-ZC-BR,B-ZF-BR,S-ZD-UN,S-ZH-BR,S-ZO-BO,S-ZF-BR,S-ZB-BO,B-ZF-UN,S-ZG-BO,S-ZF-BO,S-ZE-BO,S-ZE-BR,B-ZC-BR
470,2013.03.12 00:00,USDCAD,60,86400,SELL,ZH,1,1.02954,1.02811,143.0,1.02941,1.02547,394.0,275.524,9.09,130.0,33.7,1.02941,1.02811,1.02417,BREAK,2013.03.14 19:00,0,,0,,0,,0,NA,NewYork,BREAK,2013.03.14 20:00,BOUNCE,2013.03.15 08:00,1.03084,UNTOUCHED,,0,,0,,0,,0,NA,Other,NA,,NA,,1.02681,BREAK,2013.03.12 00:00,0,,0,,0,,0,NA,Asia,BREAK,2013.03.12 04:00,BREAK,2013.03.14 19:00,1.03071,UNTOUCHED,,0,,0,,0,,0,NA,Other,NA,,NA,,S-ZG-BR,S-ZE-BR,B-ZG-BR,B-ZE-UN,S-ZB-BO,B-ZO-BO,B-ZB-BO,B-ZF-BR,B-ZC-BR,B-ZF-BR,S-ZO-BO,S-ZF-BR,S-ZB-BO,B-ZF-UN,S-ZG-BO,S-ZF-BO,S-ZE-BO,S-ZE-BR,B-ZC-BR,B-ZO-BR
471,2013.03.13 00:00,USDCAD,60,86400,SELL,ZO,0,1.02941,1.02547,394.0,1.02832,1.02485,347.0,88.071,27.66,285.0,93.0,1.02832,1.02547,1.02200,BOUNCE,2013.03.14 19:00,1,2013.03.19 19:00,0,,0,,1,5d 0h,NewYork,NA,,NA,,1.03226,UNTOUCHED,,0,,0,,0,,0,NA,Other,NA,,NA,,1.02262,BREAK,2013.03.14 19:00,0,,0,,0,,0,NA,NewYork,BREAK,2013.03.15 15:00,BOUNCE,2013.03.26 16:00,1.03117,UNTOUCHED,,0,,0,,0,,0,NA,Other,NA,,NA,,S-ZH-BR,S-ZG-BR,S-ZE-BR,B-ZG-BR,B-ZE-UN,S-ZB-BO,B-ZO-BO,B-ZB-BO,B-ZF-BR,B-ZC-BR,S-ZF-BR,S-ZB-BO,B-ZF-UN,S-ZG-BO,S-ZF-BO,S-ZE-BO,S-ZE-BR,B-ZC-BR,B-ZO-BR,S-ZB-BR
472,2013.03.15 00:00,USDCAD,60,86400,SELL,ZF,1,1.02947,1.02459,488.0,1.02827,1.02114,713.0,146.107,24.59,368.0,115.2,1.02827,1.02459,1.01746,BREAK,2013.03.26 16:00,0,,0,,0,,0,NA,NewYork,BREAK,2013.04.02 13:00,BREAK,2013.04.11 13:00,1.03315,UNTOUCHED,,0,,0,,0,,0,NA,Other,NA,,NA,,1.02091,BREAK,2013.03.15 10:00,0,,0,,0,,0,NA,London,BREAK,2013.03.26 23:00,BREAK,2013.04.04 20:00,1.03195,UNTOUCHED,,0,,0,,0,,0,NA,Other,NA,,NA,,S-ZO-BO,S-ZH-BR,S-ZG-BR,S-ZE-BR,B-ZG-BR,B-ZE-UN,S-ZB-BO,B-ZO-BO,B-ZB-BO,B-ZF-BR,S-ZB-BO,B-ZF-UN,S-ZG-BO,S-ZF-BO,S-ZE-BO,S-ZE-BR,B-ZC-BR,B-ZO-BR,S-ZB-BR,B-ZF-BO
473,2013.03.16 00:00,USDCAD,60,86400,SELL,ZB,1,1.02827,1.02114,713.0,1.02305,1.01805,500.0,70.126,73.21,191.0,168.3,1.02305,1.02114,1.01614,BOUNCE,2013.03.26 23:00,1,2013.04.05 15:00,1,2013.04.15 22:00,0,,2,2w 5d,Other,NA,,NA,,1.03018,UNTOUCHED,,0,,0,,0,,0,NA,Other,NA,,NA,,1.01923,BOUNCE,2013.03.25 13:00,1,2013.04.15 22:00,0,,0,,1,3w 0d,NewYork,NA,,NA,,1.02496,BOUNCE,2013.03.18 13:00,1,2013.03.25 13:00,1,2013.03.25 13:00,0,,2,1w 0d,NewYork,NA,,NA,,S-ZF-BR,S-ZO-BO,S-ZH-BR,S-ZG-BR,S-ZE-BR,B-ZG-BR,B-ZE-UN,S-ZB-BO,B-ZO-BO,B-ZB-BO,B-ZF-UN,S-ZG-BO,S-ZF-BO,S-ZE-BO,S-ZE-BR,B-ZC-BR,B-ZO-BR,S-ZB-BR,B-ZF-BO,S-ZC-BR
474,2013.03.20 00:00,USDCAD,60,86400,BUY,ZF,1,1.02501,1.02035,466.0,1.02837,1.02136,701.0,150.429,21.67,365.0,110.0,1.02501,1.02136,1.03202,UNTOUCHED,,0,,0,,0,,0,NA,Other,NA,,NA,,1.01670,BREAK,2013.03.26 16:00,0,,0,,0,,0,NA,NewYork,BREAK,2013.04.04 20:00,BOUNCE,2013.04.11 11:00,1.02866,BOUNCE,2013.04.17 18:00,1,2013.04.26 17:00,1,2013.04.26 18:00,0,,2,1w 2d,NewYork,NA,,NA,,1.01771,BREAK,2013.03.26 16:00,0,,0,,0,,0,NA,NewYork,BREAK,2013.04.02 13:00,BOUNCE,2013.04.05 11:00,S-ZB-BO,S-ZF-BR,S-ZO-BO,S-ZH-BR,S-ZG-BR,S-ZE-BR,B-ZG-BR,B-ZE-UN,S-ZB-BO,B-ZO-BO,S-ZG-BO,S-ZF-BO,S-ZE-BO,S-ZE-BR,B-ZC-BR,B-ZO-BR,S-ZB-BR,B-ZF-BO,S-ZC-BR,S-ZB-BR
475,2013.03.22 00:00,USDCAD,60,86400,SELL,ZG,1,1.02777,1.02381,396.0,1.02641,1.01994,647.0,163.384,34.34,260.0,93.5,1.02641,1.02381,1.01734,BOUNCE,2013.03.26 16:00,1,2013.04.05 16:00,1,2013.04.17 18:00,0,,2,3w 1d,NewYork,NA,,NA,,1.03037,UNTOUCHED,,0,,0,,0,,0,NA,Other,NA,,NA,,1.02121,BREAK,2013.03.25 12:00,0,,0,,0,,0,NA,London,BREAK,2013.03.26 16:00,BOUNCE,2013.03.27 14:00,1.02901,BOUNCE,2013.04.17 18:00,1,2013.04.25 15:00,1,2013.04.25 15:00,0,,2,1w 0d,NewYork,NA,,NA,,B-ZF-UN,S-ZB-BO,S-ZF-BR,S-ZO-BO,S-ZH-BR,S-ZG-BR,S-ZE-BR,B-ZG-BR,B-ZE-UN,S-ZB-BO,S-ZF-BO,S-ZE-BO,S-ZE-BR,B-ZC-BR,B-ZO-BR,S-ZB-BR,B-ZF-BO,S-ZC-BR,S-ZB-BR,B-ZF-BR
476,2013.03.27 00:00,USDCAD,60,86400,SELL,ZF,1,1.02323,1.01878,445.0,1.02205,1.01590,615.0,138.202,26.52,327.0,105.0,1.02205,1.01878,1.01263,BOUNCE,2013.04.02 13:00,1,2013.04.05 15:00,1,2013.04.15 22:00,1,2013.04.17 16:00,3,2w 1d,NewYork,NA,,NA,,1.02650,BREAK,2013.04.17 16:00,0,,0,,0,,0,NA,NewYork,BOUNCE,2013.05.17 15:00,NA,,1.01551,BOUNCE,2013.03.27 15:00,1,2013.04.15 22:00,1,2013.04.17 16:00,0,,2,3w 0d,NewYork,NA,,NA,,1.02532,BOUNCE,2013.04.15 22:00,1,2013.04.29 05:00,1,2013.04.29 05:00,0,,2,1w 6d,Other,NA,,NA,,S-ZG-BO,B-ZF-UN,S-ZB-BO,S-ZF-BR,S-ZO-BO,S-ZH-BR,S-ZG-BR,S-ZE-BR,B-ZG-BR,B-ZE-UN,S-ZE-BO,S-ZE-BR,B-ZC-BR,B-ZO-BR,S-ZB-BR,B-ZF-BO,S-ZC-BR,S-ZB-BR,B-ZF-BR,B-ZC-BO
477,2013.03.28 00:00,USDCAD,60,86400,SELL,ZE,1,1.02205,1.01590,615.0,1.01950,1.01498,452.0,73.496,41.46,360.0,145.1,1.01950,1.01590,1.01138,BOUNCE,2013.04.04 20:00,1,2013.04.05 16:00,1,2013.04.05 16:00,1,2013.04.15 23:00,3,1w 4d,NewYork,NA,,NA,,1.02565,BOUNCE,2013.04.15 23:00,1,2013.04.26 05:00,1,2013.04.29 20:00,1,2013.04.29 21:00,3,1w 6d,Other,NA,,NA,,1.01230,BREAK,2013.04.04 20:00,0,,0,,0,,0,NA,NewYork,BOUNCE,2013.04.12 12:00,NA,,1.02310,BOUNCE,2013.04.05 16:00,1,2013.04.11 11:00,1,2013.04.11 11:00,0,,2,5d 19h,NewYork,NA,,NA,,S-ZF-BO,S-ZG-BO,B-ZF-UN,S-ZB-BO,S-ZF-BR,S-ZO-BO,S-ZH-BR,S-ZG-BR,S-ZE-BR,B-ZG-BR,S-ZE-BR,B-ZC-BR,B-ZO-BR,S-ZB-BR,B-ZF-BO,S-ZC-BR,S-ZB-BR,B-ZF-BR,B-ZC-BO,S-ZG-BR
478,2013.03.29 00:00,USDCAD,60,86400,SELL,ZE,1,1.01950,1.01498,452.0,1.01736,1.01445,291.0,64.381,47.35,238.0,106.7,1.01736,1.01498,1.01207,BREAK,2013.04.04 20:00,0,,0,,0,,0,NA,NewYork,BOUNCE,2013.04.11 11:00,NA,,1.02188,BOUNCE,2013.04.05 15:00,1,2013.04.05 19:00,1,2013.04.11 11:00,1,2013.04.11 11:00,3,5d 20h,NewYork,NA,,NA,,1.01260,BOUNCE,2013.04.02 13:00,1,2013.04.05 15:00,1,2013.04.05 15:00,0,,2,3d 2h,NewYork,NA,,NA,,1.01974,BREAK,2013.04.05 15:00,0,,0,,0,,0,NA,NewYork,BREAK,2013.04.05 16:00,BREAK,2013.04.15 22:00,S-ZE-BO,S-ZF-BO,S-ZG-BO,B-ZF-UN,S-ZB-BO,S-ZF-BR,S-ZO-BO,S-ZH-BR,S-ZG-BR,S-ZE-BR,B-ZC-BR,B-ZO-BR,S-ZB-BR,B-ZF-BO,S-ZC-BR,S-ZB-BR,B-ZF-BR,B-ZC-BO,S-ZG-BR,S-ZB-BO
479,2013.04.01 01:00,USDCAD,60,86400,BUY,ZC,1,1.01736,1.01445,291.0,1.01791,1.01565,226.0,77.663,41.24,171.0,68.7,1.01736,1.01565,1.01962,BREAK,2013.04.05 15:00,0,,0,,0,,0,NA,NewYork,BREAK,2013.04.05 16:00,BOUNCE,2013.04.05 17:00,1.01274,BOUNCE,2013.04.02 13:00,1,2013.04.04 15:00,1,2013.04.05 15:00,1,2013.04.05 15:00,3,3d 2h,NewYork,NA,,NA,,1.01907,BREAK,2013.04.05 15:00,0,,0,,0,,0,NA,NewYork,BREAK,2013.04.05 16:00,BOUNCE,2013.04.05 17:00,1.01394,BREAK,2013.04.02 12:00,0,,0,,0,,0,NA,London,BREAK,2013.04.04 20:00,BREAK,2013.04.11 11:00,S-ZE-BR,S-ZE-BO,S-ZF-BO,S-ZG-BO,B-ZF-UN,S-ZB-BO,S-ZF-BR,S-ZO-BO,S-ZH-BR,S-ZG-BR,B-ZO-BR,S-ZB-BR,B-ZF-BO,S-ZC-BR,S-ZB-BR,B-ZF-BR,B-ZC-BO,S-ZG-BR,S-ZB-BO,S-ZD-BR
480,2013.04.02 00:00,USDCAD,60,86400,BUY,ZO,0,1.01791,1.01565,226.0,1.01821,1.01590,231.0,102.212,11.06,201.0,53.3,1.01791,1.01590,1.02022,BREAK,2013.04.05 15:00,0,,0,,0,,0,NA,NewYork,BREAK,2013.04.05 16:00,BOUNCE,2013.04.15 21:00,1.01364,BREAK,2013.04.02 12:00,0,,0,,0,,0,NA,London,BREAK,2013.04.04 20:00,BREAK,2013.04.11 11:00,1.01992,BREAK,2013.04.05 15:00,0,,0,,0,,0,NA,NewYork,BREAK,2013.04.05 16:00,BREAK,2013.04.15 21:00,1.01389,BREAK,2013.04.02 12:00,0,,0,,0,,0,NA,London,BREAK,2013.04.04 20:00,BREAK,2013.04.11 11:00,B-ZC-BR,S-ZE-BR,S-ZE-BO,S-ZF-BO,S-ZG-BO,B-ZF-UN,S-ZB-BO,S-ZF-BR,S-ZO-BO,S-ZH-BR,S-ZB-BR,B-ZF-BO,S-ZC-BR,S-ZB-BR,B-ZF-BR,B-ZC-BO,S-ZG-BR,S-ZB-BO,S-ZD-BR,S-ZD-BO
481,2013.04.03 00:00,USDCAD,60,86400,SELL,ZB,1,1.01821,1.01590,231.0,1.01680,1.01245,435.0,188.312,61.04,90.0,54.5,1.01680,1.01590,1.01155,BREAK,2013.04.04 20:00,0,,0,,0,,0,NA,NewYork,BOUNCE,2013.04.04 21:00,NA,,1.01911,BREAK,2013.04.05 15:00,0,,0,,0,,0,NA,NewYork,BREAK,2013.04.05 16:00,BREAK,2013.04.05 17:00,1.01500,BREAK,2013.04.03 00:00,0,,0,,0,,0,NA,Asia,BOUNCE,2013.04.03 03:00,NA,,1.01770,BREAK,2013.04.05 15:00,0,,0,,0,,0,NA,NewYork,BREAK,2013.04.05 16:00,BREAK,2013.04.05 17:00,B-ZO-BR,B-ZC-BR,S-ZE-BR,S-ZE-BO,S-ZF-BO,S-ZG-BO,B-ZF-UN,S-ZB-BO,S-ZF-BR,S-ZO-BO,B-ZF-BO,S-ZC-BR,S-ZB-BR,B-ZF-BR,B-ZC-BO,S-ZG-BR,S-ZB-BO,S-ZD-BR,S-ZD-BO,S-ZO-UN
482,2013.04.08 01:00,USDCAD,60,86400,BUY,ZF,1,1.01660,1.01037,623.0,1.02355,1.01227,1128.0,181.059,30.50,433.0,147.0,1.01660,1.01227,1.02788,BOUNCE,2013.04.17 17:00,1,2013.04.25 18:00,1,2013.04.30 17:00,1,2013.04.30 17:00,3,1w 6d,NewYork,NA,,NA,,1.00604,BOUNCE,2013.04.30 17:00,1,2013.05.10 17:00,1,2013.05.15 10:00,1,2013.05.17 15:00,3,2w 2d,NewYork,NA,,NA,,1.02093,BOUNCE,2013.04.08 17:00,1,2013.04.30 17:00,1,2013.04.30 17:00,0,,2,3w 1d,NewYork,NA,,NA,,1.00794,BREAK,2013.04.30 17:00,0,,0,,0,,0,NA,NewYork,BREAK,2013.05.08 18:00,UNTOUCHED,,S-ZB-BR,B-ZO-BR,B-ZC-BR,S-ZE-BR,S-ZE-BO,S-ZF-BO,S-ZG-BO,B-ZF-UN,S-ZB-BO,S-ZF-BR,S-ZC-BR,S-ZB-BR,B-ZF-BR,B-ZC-BO,S-ZG-BR,S-ZB-BO,S-ZD-BR,S-ZD-BO,S-ZO-UN,B-ZF-BO
483,2013.04.10 00:00,USDCAD,60,86400,SELL,ZC,1,1.02137,1.01553,584.0,1.01752,1.01338,414.0,70.890,65.92,199.0,137.8,1.01752,1.01553,1.01139,BREAK,2013.04.11 11:00,0,,0,,0,,0,NA,London,BOUNCE,2013.04.11 18:00,NA,,1.02336,BREAK,2013.04.15 21:00,0,,0,,0,,0,NA,Other,BOUNCE,2013.04.16 01:00,NA,,1.01354,BREAK,2013.04.11 10:00,0,,0,,0,,0,NA,London,BREAK,2013.04.11 12:00,BOUNCE,2013.04.11 18:00,1.01951,BREAK,2013.04.15 07:00,0,,0,,0,,0,NA,London,BOUNCE,2013.04.15 15:00,NA,,B-ZF-BO,S-ZB-BR,B-ZO-BR,B-ZC-BR,S-ZE-BR,S-ZE-BO,S-ZF-BO,S-ZG-BO,B-ZF-UN,S-ZB-BO,S-ZB-BR,B-ZF-BR,B-ZC-BO,S-ZG-BR,S-ZB-BO,S-ZD-BR,S-ZD-BO,S-ZO-UN,B-ZF-BO,B-ZO-BR
484,2013.04.12 00:00,USDCAD,60,86400,SELL,ZB,1,1.01673,1.01387,286.0,1.01560,1.00828,732.0,255.944,39.51,173.0,67.5,1.01560,1.01387,1.00655,BREAK,2013.04.30 17:00,0,,0,,0,,0,NA,NewYork,BREAK,2013.05.07 13:00,BREAK,2013.05.08 18:00,1.01846,BREAK,2013.04.15 06:00,0,,0,,0,,0,NA,Asia,BOUNCE,2013.04.15 10:00,NA,,1.01214,BREAK,2013.04.12 00:00,0,,0,,0,,0,NA,Asia,BREAK,2013.04.12 05:00,BREAK,2013.04.30 17:00,1.01733,BOUNCE,2013.04.15 05:00,1,2013.04.29 20:00,1,2013.04.29 20:00,0,,2,2w 0d,Asia,NA,,NA,,S-ZC-BR,B-ZF-BO,S-ZB-BR,B-ZO-BR,B-ZC-BR,S-ZE-BR,S-ZE-BO,S-ZF-BO,S-ZG-BO,B-ZF-UN,B-ZF-BR,B-ZC-BO,S-ZG-BR,S-ZB-BO,S-ZD-BR,S-ZD-BO,S-ZO-UN,B-ZF-BO,B-ZO-BR,S-ZD-BO
485,2013.04.18 00:00,USDCAD,60,86400,BUY,ZF,1,1.02567,1.02028,539.0,1.02928,1.02057,871.0,161.596,5.38,510.0,127.2,1.02567,1.02057,1.03438,BREAK,2013.05.22 19:00,0,,0,,0,,0,NA,NewYork,BREAK,2013.05.28 23:00,BREAK,2013.06.21 15:00,1.01518,BREAK,2013.04.29 06:00,0,,0,,0,,0,NA,Asia,BREAK,2013.04.30 17:00,BREAK,2013.05.07 13:00,1.03077,BOUNCE,2013.05.17 16:00,0,,0,,0,,0,NA,NewYork,NA,,NA,,1.01547,BREAK,2013.04.29 05:00,0,,0,,0,,0,NA,Asia,BREAK,2013.04.30 17:00,BOUNCE,2013.05.02 23:00,S-ZB-BR,S-ZC-BR,B-ZF-BO,S-ZB-BR,B-ZO-BR,B-ZC-BR,S-ZE-BR,S-ZE-BO,S-ZF-BO,S-ZG-BO,B-ZC-BO,S-ZG-BR,S-ZB-BO,S-ZD-BR,S-ZD-BO,S-ZO-UN,B-ZF-BO,B-ZO-BR,S-ZD-BO,S-ZD-BO
486,2013.04.23 00:00,USDCAD,60,86400,BUY,ZC,1,1.02687,1.02315,372.0,1.02852,1.02472,380.0,102.151,42.20,215.0,87.8,1.02687,1.02472,1.03067,BOUNCE,2013.05.17 16:00,1,2013.05.17 19:00,1,2013.05.20 22:00,0,,2,3d 6h,NewYork,NA,,NA,,1.02100,BREAK,2013.04.25 15:00,0,,0,,0,,0,NA,NewYork,BOUNCE,2013.04.26 15:00,NA,,1.02902,BREAK,2013.05.17 15:00,0,,0,,0,,0,NA,NewYork,BOUNCE,2013.05.17 17:00,NA,,1.02257,BREAK,2013.04.25 11:00,0,,0,,0,,0,NA,London,BREAK,2013.04.25 18:00,BOUNCE,2013.04.26 12:00,B-ZF-BR,S-ZB-BR,S-ZC-BR,B-ZF-BO,S-ZB-BR,B-ZO-BR,B-ZC-BR,S-ZE-BR,S-ZE-BO,S-ZF-BO,S-ZG-BR,S-ZB-BO,S-ZD-BR,S-ZD-BO,S-ZO-UN,B-ZF-BO,B-ZO-BR,S-ZD-BO,S-ZD-BO,S-ZB-UN
487,2013.04.25 00:00,USDCAD,60,86400,SELL,ZG,0,1.02847,1.02503,344.0,1.02780,1.02463,317.0,92.151,19.48,277.0,81.2,1.02780,1.02503,1.02186,BREAK,2013.04.25 15:00,0,,0,,0,,0,NA,NewYork,BREAK,2013.04.26 05:00,BREAK,2013.04.29 05:00,1.03124,BOUNCE,2013.05.17 16:00,1,2013.05.20 19:00,1,2013.05.20 22:00,1,2013.05.20 22:00,3,3d 6h,NewYork,NA,,NA,,1.02226,BREAK,2013.04.25 15:00,0,,0,,0,,0,NA,NewYork,BREAK,2013.04.25 18:00,BREAK,2013.04.26 18:00,1.03057,BOUNCE,2013.05.17 15:00,1,2013.05.20 22:00,1,2013.05.20 22:00,0,,2,3d 7h,NewYork,NA,,NA,,B-ZC-BO,B-ZF-BR,S-ZB-BR,S-ZC-BR,B-ZF-BO,S-ZB-BR,B-ZO-BR,B-ZC-BR,S-ZE-BR,S-ZE-BO,S-ZB-BO,S-ZD-BR,S-ZD-BO,S-ZO-UN,B-ZF-BO,B-ZO-BR,S-ZD-BO,S-ZD-BO,S-ZB-UN,B-ZB-BR
488,2013.04.26 00:00,USDCAD,60,86400,SELL,ZB,1,1.02780,1.02463,317.0,1.02591,1.01851,740.0,233.438,59.62,128.0,74.8,1.02591,1.02463,1.01723,BOUNCE,2013.04.26 17:00,1,2013.05.15 09:00,1,2013.05.17 14:00,1,2013.05.17 15:00,3,2w 6d,NewYork,NA,,NA,,1.02908,BREAK,2013.05.17 15:00,0,,0,,0,,0,NA,NewYork,BREAK,2013.05.17 16:00,BOUNCE,2013.05.21 17:00,1.02335,BREAK,2013.04.26 00:00,0,,0,,0,,0,NA,Asia,BREAK,2013.04.26 01:00,BREAK,2013.04.26 02:00,1.02719,BOUNCE,2013.05.17 14:00,1,2013.05.20 21:00,1,2013.05.20 21:00,0,,2,3d 7h,NewYork,NA,,NA,,S-ZG-BR,B-ZC-BO,B-ZF-BR,S-ZB-BR,S-ZC-BR,B-ZF-BO,S-ZB-BR,B-ZO-BR,B-ZC-BR,S-ZE-BR,S-ZD-BR,S-ZD-BO,S-ZO-UN,B-ZF-BO,B-ZO-BR,S-ZD-BO,S-ZD-BO,S-ZB-UN,B-ZB-BR,B-ZF-BR
489,2013.04.29 01:00,USDCAD,60,86400,SELL,ZD,1,1.02591,1.01851,740.0,1.02139,1.01572,567.0,76.622,61.08,288.0,174.6,1.02139,1.01851,1.01284,BREAK,2013.04.29 20:00,0,,0,,0,,0,NA,NewYork,BREAK,2013.04.30 17:00,BREAK,2013.05.01 13:00,1.02879,BREAK,2013.05.17 15:00,0,,0,,0,,0,NA,NewYork,BOUNCE,2013.05.21 18:00,NA,,1.01563,BREAK,2013.04.29 05:00,0,,0,,0,,0,NA,Asia,BREAK,2013.04.29 21:00,BREAK,2013.04.30 17:00,1.02427,BREAK,2013.05.17 10:00,0,,0,,0,,0,NA,London,BREAK,2013.05.17 15:00,BOUNCE,2013.05.17 17:00,S-ZB-BO,S-ZG-BR,B-ZC-BO,B-ZF-BR,S-ZB-BR,S-ZC-BR,B-ZF-BO,S-ZB-BR,B-ZO-BR,B-ZC-BR,S-ZD-BO,S-ZO-UN,B-ZF-BO,B-ZO-BR,S-ZD-BO,S-ZD-BO,S-ZB-UN,B-ZB-BR,B-ZF-BR,B-ZE-BR
490,2013.05.01 00:00,USDCAD,60,86400,SELL,ZD,1,1.01683,1.01074,609.0,1.01226,1.00545,681.0,111.823,75.04,152.0,143.7,1.01226,1.01074,1.00393,BOUNCE,2013.05.07 13:00,1,2013.05.09 21:00,1,2013.05.10 17:00,1,2013.05.15 00:00,3,1w 0d,NewYork,NA,,NA,,1.01835,BREAK,2013.05.15 00:00,0,,0,,0,,0,NA,Asia,BREAK,2013.05.15 14:00,BOUNCE,2013.05.15 15:00,1.00922,BREAK,2013.05.01 00:00,0,,0,,0,,0,NA,Asia,BREAK,2013.05.01 03:00,BOUNCE,2013.05.01 16:00,1.01378,BOUNCE,2013.05.10 17:00,1,2013.05.13 15:00,1,2013.05.13 15:00,0,,2,2d 22h,NewYork,NA,,NA,,S-ZD-BR,S-ZB-BO,S-ZG-BR,B-ZC-BO,B-ZF-BR,S-ZB-BR,S-ZC-BR,B-ZF-BO,S-ZB-BR,B-ZO-BR,S-ZO-UN,B-ZF-BO,B-ZO-BR,S-ZD-BO,S-ZD-BO,S-ZB-UN,B-ZB-BR,B-ZF-BR,B-ZE-BR,S-ZO-UN
491,2013.05.02 00:00,USDCAD,60,86400,SELL,ZO,0,1.01226,1.00545,681.0,1.00996,1.00507,489.0,71.806,33.77,451.0,160.7,1.00996,1.00545,1.00056,UNTOUCHED,,0,,0,,0,,0,NA,Other,NA,,NA,,1.01677,BREAK,2013.05.14 16:00,0,,0,,0,,0,NA,NewYork,BOUNCE,2013.05.15 23:00,NA,,1.00094,UNTOUCHED,,0,,0,,0,,0,NA,Other,NA,,NA,,1.01447,BOUNCE,2013.05.10 17:00,0,,0,,0,,0,NA,NewYork,NA,,NA,,S-ZD-BO,S-ZD-BR,S-ZB-BO,S-ZG-BR,B-ZC-BO,B-ZF-BR,S-ZB-BR,S-ZC-BR,B-ZF-BO,S-ZB-BR,B-ZF-BO,B-ZO-BR,S-ZD-BO,S-ZD-BO,S-ZB-UN,B-ZB-BR,B-ZF-BR,B-ZE-BR,S-ZO-UN,B-ZB-BR
492,2013.05.03 00:00,USDCAD,60,86400,BUY,ZF,0,1.00996,1.00507,489.0,1.01089,1.00590,499.0,102.045,16.97,406.0,115.4,1.00996,1.00590,1.01495,BOUNCE,2013.05.10 17:00,0,,0,,0,,0,NA,NewYork,NA,,NA,,1.00101,UNTOUCHED,,0,,0,,0,,0,NA,Other,NA,,NA,,1.01402,BREAK,2013.05.10 17:00,0,,0,,0,,0,NA,NewYork,BREAK,2013.05.15 04:00,BREAK,2013.05.17 09:00,1.00184,BOUNCE,2013.05.08 18:00,1,2013.05.10 17:00,1,2013.05.10 17:00,0,,2,1d 23h,NewYork,NA,,NA,,S-ZO-UN,S-ZD-BO,S-ZD-BR,S-ZB-BO,S-ZG-BR,B-ZC-BO,B-ZF-BR,S-ZB-BR,S-ZC-BR,B-ZF-BO,B-ZO-BR,S-ZD-BO,S-ZD-BO,S-ZB-UN,B-ZB-BR,B-ZF-BR,B-ZE-BR,S-ZO-UN,B-ZB-BR,B-ZG-BO
493,2013.05.06 01:00,USDCAD,60,86400,BUY,ZO,0,1.01089,1.00590,499.0,1.01318,1.00737,581.0,116.433,29.46,352.0,117.8,1.01089,1.00737,1.01670,BREAK,2013.05.14 16:00,0,,0,,0,,0,NA,NewYork,BREAK,2013.05.15 14:00,BREAK,2013.05.17 11:00,1.00238,BOUNCE,2013.05.08 18:00,1,2013.05.10 11:00,1,2013.05.10 17:00,1,2013.05.14 16:00,3,5d 22h,NewYork,NA,,NA,,1.01441,BOUNCE,2013.05.10 17:00,0,,0,,0,,0,NA,NewYork,NA,,NA,,1.00385,BREAK,2013.05.07 13:00,0,,0,,0,,0,NA,NewYork,UNTOUCHED,,NA,,B-ZF-BO,S-ZO-UN,S-ZD-BO,S-ZD-BR,S-ZB-BO,S-ZG-BR,B-ZC-BO,B-ZF-BR,S-ZB-BR,S-ZC-BR,S-ZD-BO,S-ZD-BO,S-ZB-UN,B-ZB-BR,B-ZF-BR,B-ZE-BR,S-ZO-UN,B-ZB-BR,B-ZG-BO,B-ZH-BR
494,2013.05.07 00:00,USDCAD,60,86400,SELL,ZD,1,1.01318,1.00737,581.0,1.00956,1.00641,315.0,54.217,62.31,219.0,137.1,1.00956,1.00737,1.00422,BOUNCE,2013.05.07 13:00,1,2013.05.09 21:00,1,2013.05.10 15:00,1,2013.05.14 15:00,3,1w 0d,NewYork,NA,,NA,,1.01537,BOUNCE,2013.05.14 15:00,0,,0,,0,,0,NA,NewYork,NA,,NA,,1.00518,BREAK,2013.05.07 13:00,0,,0,,0,,0,NA,NewYork,BREAK,2013.05.09 10:00,UNTOUCHED,,1.01175,BOUNCE,2013.05.10 15:00,0,,0,,0,,0,NA,NewYork,NA,,NA,,B-ZO-BR,B-ZF-BO,S-ZO-UN,S-ZD-BO,S-ZD-BR,S-ZB-BO,S-ZG-BR,B-ZC-BO,B-ZF-BR,S-ZB-BR,S-ZD-BO,S-ZB-UN,B-ZB-BR,B-ZF-BR,B-ZE-BR,S-ZO-UN,B-ZB-BR,B-ZG-BO,B-ZH-BR,B-ZO-BR
495,2013.05.08 00:00,USDCAD,60,86400,SELL,ZD,1,1.00956,1.00641,315.0,1.00828,1.00362,466.0,147.937,40.63,187.0,74.3,1.00828,1.00641,1.00175,BOUNCE,2013.05.08 18:00,1,2013.05.09 21:00,1,2013.05.10 15:00,1,2013.05.10 15:00,3,1d 21h,NewYork,NA,,NA,,1.01143,BREAK,2013.05.10 15:00,0,,0,,0,,0,NA,NewYork,BOUNCE,2013.05.10 16:00,NA,,1.00454,BREAK,2013.05.08 00:00,0,,0,,0,,0,NA,Asia,BREAK,2013.05.08 18:00,UNTOUCHED,,1.01015,BREAK,2013.05.10 15:00,0,,0,,0,,0,NA,NewYork,BREAK,2013.05.10 16:00,BREAK,2013.05.10 17:00,S-ZD-BO,B-ZO-BR,B-ZF-BO,S-ZO-UN,S-ZD-BO,S-ZD-BR,S-ZB-BO,S-ZG-BR,B-ZC-BO,B-ZF-BR,S-ZB-UN,B-ZB-BR,B-ZF-BR,B-ZE-BR,S-ZO-UN,B-ZB-BR,B-ZG-BO,B-ZH-BR,B-ZO-BR,B-ZD-BR
496,2013.05.09 00:00,USDCAD,60,86400,SELL,ZB,1,1.00828,1.00362,466.0,1.00581,1.00173,408.0,87.554,53.00,219.0,110.0,1.00581,1.00362,0.99954,UNTOUCHED,,0,,0,,0,,0,NA,Other,NA,,NA,,1.01047,BREAK,2013.05.10 15:00,0,,0,,0,,0,NA,NewYork,BREAK,2013.05.10 16:00,BOUNCE,2013.05.10 17:00,1.00143,BOUNCE,2013.05.09 11:00,1,2013.05.09 21:00,1,2013.05.10 15:00,0,,2,1d 4h,London,NA,,NA,,1.00800,BOUNCE,2013.05.09 21:00,0,,0,,0,,0,NA,Other,NA,,NA,,S-ZD-BO,S-ZD-BO,B-ZO-BR,B-ZF-BO,S-ZO-UN,S-ZD-BO,S-ZD-BR,S-ZB-BO,S-ZG-BR,B-ZC-BO,B-ZB-BR,B-ZF-BR,B-ZE-BR,S-ZO-UN,B-ZB-BR,B-ZG-BO,B-ZH-BR,B-ZO-BR,B-ZD-BR,B-ZO-BO
497,2013.05.13 01:00,USDCAD,60,86400,BUY,ZB,1,1.00892,1.00133,759.0,1.01518,1.00621,897.0,118.182,64.30,271.0,179.1,1.00892,1.00621,1.01789,BREAK,2013.05.14 23:00,0,,0,,0,,0,NA,Other,BOUNCE,2013.05.15 16:00,NA,,0.99862,UNTOUCHED,,0,,0,,0,,0,NA,Other,NA,,NA,,1.01163,BOUNCE,2013.05.13 02:00,0,,0,,0,,0,NA,Asia,NA,,NA,,1.00350,UNTOUCHED,,0,,0,,0,,0,NA,Other,NA,,NA,,S-ZB-UN,S-ZD-BO,S-ZD-BO,B-ZO-BR,B-ZF-BO,S-ZO-UN,S-ZD-BO,S-ZD-BR,S-ZB-BO,S-ZG-BR,B-ZF-BR,B-ZE-BR,S-ZO-UN,B-ZB-BR,B-ZG-BO,B-ZH-BR,B-ZO-BR,B-ZD-BR,B-ZO-BO,S-ZD-BR
498,2013.05.15 00:00,USDCAD,60,86400,BUY,ZF,1,1.01323,1.00815,508.0,1.01824,1.00898,926.0,182.283,16.34,425.0,119.9,1.01323,1.00898,1.02249,BREAK,2013.05.17 09:00,0,,0,,0,,0,NA,London,BREAK,2013.05.17 15:00,BOUNCE,2013.05.17 18:00,1.00390,UNTOUCHED,,0,,0,,0,,0,NA,Other,NA,,NA,,1.01748,BREAK,2013.05.15 00:00,0,,0,,0,,0,NA,Asia,BOUNCE,2013.05.15 16:00,NA,,1.00473,UNTOUCHED,,0,,0,,0,,0,NA,Other,NA,,NA,,B-ZB-BR,S-ZB-UN,S-ZD-BO,S-ZD-BO,B-ZO-BR,B-ZF-BO,S-ZO-UN,S-ZD-BO,S-ZD-BR,S-ZB-BO,B-ZE-BR,S-ZO-UN,B-ZB-BR,B-ZG-BO,B-ZH-BR,B-ZO-BR,B-ZD-BR,B-ZO-BO,S-ZD-BR,S-ZO-BO
499,2013.05.16 00:00,USDCAD,60,86400,BUY,ZE,1,1.01824,1.00898,926.0,1.02192,1.01565,627.0,67.711,72.03,259.0,218.5,1.01824,1.01565,1.02451,BREAK,2013.05.17 10:00,0,,0,,0,,0,NA,London,BREAK,2013.05.17 15:00,BOUNCE,2013.05.17 17:00,1.00639,UNTOUCHED,,0,,0,,0,,0,NA,Other,NA,,NA,,1.02083,BREAK,2013.05.17 04:00,0,,0,,0,,0,NA,Asia,BREAK,2013.05.17 12:00,BREAK,2013.05.17 15:00,1.01306,UNTOUCHED,,0,,0,,0,,0,NA,Other,NA,,NA,,B-ZF-BR,B-ZB-BR,S-ZB-UN,S-ZD-BO,S-ZD-BO,B-ZO-BR,B-ZF-BO,S-ZO-UN,S-ZD-BO,S-ZD-BR,S-ZO-UN,B-ZB-BR,B-ZG-BO,B-ZH-BR,B-ZO-BR,B-ZD-BR,B-ZO-BO,S-ZD-BR,S-ZO-BO,S-ZF-BR
500,2013.05.17 00:00,USDCAD,60,86400,SELL,ZO,0,1.02192,1.01565,627.0,1.02073,1.01490,583.0,92.982,18.98,508.0,148.0,1.02073,1.01565,1.00982,UNTOUCHED,,0,,0,,0,,0,NA,Other,NA,,NA,,1.02700,BREAK,2013.05.17 14:00,0,,0,,0,,0,NA,NewYork,BOUNCE,2013.05.21 19:00,NA,,1.01057,UNTOUCHED,,0,,0,,0,,0,NA,Other,NA,,NA,,1.02581,BREAK,2013.05.17 14:00,0,,0,,0,,0,NA,NewYork,BOUNCE,2013.05.20 19:00,NA,,B-ZE-BR,B-ZF-BR,B-ZB-BR,S-ZB-UN,S-ZD-BO,S-ZD-BO,B-ZO-BR,B-ZF-BO,S-ZO-UN,S-ZD-BO,B-ZB-BR,B-ZG-BO,B-ZH-BR,B-ZO-BR,B-ZD-BR,B-ZO-BO,S-ZD-BR,S-ZO-BO,S-ZF-BR,B-ZE-BR
501,2013.05.20 01:00,USDCAD,60,86400,BUY,ZB,1,1.02073,1.01490,583.0,1.03130,1.01789,1341.0,230.017,51.29,284.0,137.6,1.02073,1.01789,1.03414,BREAK,2013.05.22 19:00,0,,0,,0,,0,NA,NewYork,BREAK,2013.05.22 21:00,BREAK,2013.05.29 02:00,1.01206,UNTOUCHED,,0,,0,,0,,0,NA,Other,NA,,NA,,1.02357,BREAK,2013.05.20 01:00,0,,0,,0,,0,NA,Asia,BREAK,2013.05.20 02:00,BOUNCE,2013.05.20 19:00,1.01505,BOUNCE,2013.06.13 14:00,1,2013.06.19 03:00,1,2013.06.19 03:00,0,,2,5d 13h,NewYork,NA,,NA,,S-ZO-UN,B-ZE-BR,B-ZF-BR,B-ZB-BR,S-ZB-UN,S-ZD-BO,S-ZD-BO,B-ZO-BR,B-ZF-BO,S-ZO-UN,B-ZG-BO,B-ZH-BR,B-ZO-BR,B-ZD-BR,B-ZO-BO,S-ZD-BR,S-ZO-BO,S-ZF-BR,B-ZE-BR,S-ZF-BO
502,2013.05.22 00:00,USDCAD,60,86400,BUY,ZG,0,1.02956,1.02165,791.0,1.03209,1.02344,865.0,109.355,22.63,612.0,186.7,1.02956,1.02344,1.03821,BOUNCE,2013.05.22 19:00,1,2013.06.06 19:00,1,2013.06.07 16:00,1,2013.06.12 16:00,3,2w 6d,NewYork,NA,,NA,,1.01553,BOUNCE,2013.06.12 16:00,1,2013.06.19 21:00,1,2013.06.20 12:00,1,2013.06.20 18:00,3,1w 1d,NewYork,NA,,NA,,1.03568,BREAK,2013.05.22 19:00,0,,0,,0,,0,NA,NewYork,BOUNCE,2013.05.29 17:00,NA,,1.01732,BOUNCE,2013.06.07 16:00,1,2013.06.20 12:00,1,2013.06.20 12:00,0,,2,1w 5d,NewYork,NA,,NA,,B-ZB-BR,S-ZO-UN,B-ZE-BR,B-ZF-BR,B-ZB-BR,S-ZB-UN,S-ZD-BO,S-ZD-BO,B-ZO-BR,B-ZF-BO,B-ZH-BR,B-ZO-BR,B-ZD-BR,B-ZO-BO,S-ZD-BR,S-ZO-BO,S-ZF-BR,B-ZE-BR,S-ZF-BO,S-ZB-UN
503,2013.05.23 00:00,USDCAD,60,86400,BUY,ZH,1,1.03209,1.02344,865.0,1.03876,1.02504,1372.0,158.613,18.50,705.0,204.1,1.03209,1.02504,1.04581,BREAK,2013.06.21 15:00,0,,0,,0,,0,NA,NewYork,BREAK,2013.06.24 15:00,BOUNCE,2013.07.05 15:00,1.01639,BREAK,2013.06.12 15:00,0,,0,,0,,0,NA,NewYork,UNTOUCHED,,NA,,1.03914,BOUNCE,2013.05.23 04:00,1,2013.06.07 16:00,1,2013.06.12 15:00,0,,2,2w 6d,Asia,NA,,NA,,1.01799,BOUNCE,2013.06.07 16:00,1,2013.06.20 19:00,1,2013.06.20 19:00,0,,2,1w 6d,NewYork,NA,,NA,,B-ZG-BO,B-ZB-BR,S-ZO-UN,B-ZE-BR,B-ZF-BR,B-ZB-BR,S-ZB-UN,S-ZD-BO,S-ZD-BO,B-ZO-BR,B-ZO-BR,B-ZD-BR,B-ZO-BO,S-ZD-BR,S-ZO-BO,S-ZF-BR,B-ZE-BR,S-ZF-BO,S-ZB-UN,B-ZO-BR
504,2013.05.24 00:00,USDCAD,60,86400,BUY,ZO,0,1.03876,1.02504,1372.0,1.03930,1.02852,1078.0,78.571,25.36,1024.0,323.8,1.03876,1.02852,1.04954,BREAK,2013.06.24 05:00,0,,0,,0,,0,NA,Asia,BOUNCE,2013.07.10 14:00,NA,,1.01480,BOUNCE,2013.06.14 00:00,1,2013.06.20 12:00,1,2013.06.24 05:00,1,2013.06.24 05:00,3,1w 3d,Asia,NA,,NA,,1.04900,BREAK,2013.06.24 05:00,0,,0,,0,,0,NA,Asia,BOUNCE,2013.07.10 21:00,NA,,1.01828,BREAK,2013.06.07 16:00,0,,0,,0,,0,NA,NewYork,UNTOUCHED,,NA,,B-ZH-BR,B-ZG-BO,B-ZB-BR,S-ZO-UN,B-ZE-BR,B-ZF-BR,B-ZB-BR,S-ZB-UN,S-ZD-BO,S-ZD-BO,B-ZD-BR,B-ZO-BO,S-ZD-BR,S-ZO-BO,S-ZF-BR,B-ZE-BR,S-ZF-BO,S-ZB-UN,B-ZO-BR,S-ZE-UN
505,2013.05.29 00:00,USDCAD,60,86400,BUY,ZD,1,1.03437,1.03117,320.0,1.04077,1.03243,834.0,260.625,39.38,194.0,75.5,1.03437,1.03243,1.04271,BREAK,2013.06.21 15:00,0,,0,,0,,0,NA,NewYork,BREAK,2013.06.21 16:00,BREAK,2013.06.21 17:00,1.02923,BREAK,2013.06.03 18:00,0,,0,,0,,0,NA,NewYork,BREAK,2013.06.03 20:00,BREAK,2013.06.06 19:00,1.03631,BREAK,2013.05.29 00:00,0,,0,,0,,0,NA,Asia,BREAK,2013.05.29 01:00,BREAK,2013.05.29 02:00,1.03049,BREAK,2013.05.30 17:00,0,,0,,0,,0,NA,NewYork,BOUNCE,2013.06.03 18:00,NA,,B-ZO-BR,B-ZH-BR,B-ZG-BO,B-ZB-BR,S-ZO-UN,B-ZE-BR,B-ZF-BR,B-ZB-BR,S-ZB-UN,S-ZD-BO,B-ZO-BO,S-ZD-BR,S-ZO-BO,S-ZF-BR,B-ZE-BR,S-ZF-BO,S-ZB-UN,B-ZO-BR,S-ZE-UN,S-ZE-UN
506,2013.05.30 00:00,USDCAD,60,86400,BUY,ZO,0,1.04077,1.03243,834.0,1.04203,1.03454,749.0,89.808,25.30,623.0,196.8,1.04077,1.03454,1.04826,BOUNCE,2013.06.21 15:00,0,,0,,0,,0,NA,NewYork,NA,,NA,,1.02620,BOUNCE,2013.06.03 21:00,1,2013.06.20 19:00,1,2013.06.21 15:00,1,2013.06.21 15:00,3,2w 3d,Other,NA,,NA,,1.04700,BOUNCE,2013.06.21 15:00,0,,0,,0,,0,NA,NewYork,NA,,NA,,1.02831,BREAK,2013.06.03 18:00,0,,0,,0,,0,NA,NewYork,BOUNCE,2013.06.06 19:00,NA,,B-ZD-BR,B-ZO-BR,B-ZH-BR,B-ZG-BO,B-ZB-BR,S-ZO-UN,B-ZE-BR,B-ZF-BR,B-ZB-BR,S-ZB-UN,S-ZD-BR,S-ZO-BO,S-ZF-BR,B-ZE-BR,S-ZF-BO,S-ZB-UN,B-ZO-BR,S-ZE-UN,S-ZE-UN,B-ZG-BR
507,2013.05.31 00:00,USDCAD,60,86400,SELL,ZD,1,1.04203,1.03454,749.0,1.03878,1.02960,918.0,122.563,43.39,424.0,176.8,1.03878,1.03454,1.02536,BREAK,2013.06.06 19:00,0,,0,,0,,0,NA,NewYork,BOUNCE,2013.06.06 21:00,NA,,1.04627,BREAK,2013.06.21 15:00,0,,0,,0,,0,NA,NewYork,BREAK,2013.06.24 09:00,BOUNCE,2013.06.24 20:00,1.03030,BOUNCE,2013.05.31 00:00,1,2013.06.21 15:00,1,2013.06.21 15:00,0,,2,3w 0d,Asia,NA,,NA,,1.04302,BREAK,2013.06.21 15:00,0,,0,,0,,0,NA,NewYork,BREAK,2013.06.24 05:00,BREAK,2013.06.24 11:00,B-ZO-BO,B-ZD-BR,B-ZO-BR,B-ZH-BR,B-ZG-BO,B-ZB-BR,S-ZO-UN,B-ZE-BR,B-ZF-BR,B-ZB-BR,S-ZO-BO,S-ZF-BR,B-ZE-BR,S-ZF-BO,S-ZB-UN,B-ZO-BR,S-ZE-UN,S-ZE-UN,B-ZG-BR,B-ZB-BR
508,2013.06.03 01:00,USDCAD,60,86400,SELL,ZO,0,1.03878,1.02960,918.0,1.03810,1.02945,865.0,94.227,7.41,850.0,216.6,1.03810,1.02960,1.02095,BOUNCE,2013.06.06 19:00,1,2013.06.20 18:00,1,2013.06.21 15:00,1,2013.06.21 15:00,3,2w 0d,NewYork,NA,,NA,,1.04728,BREAK,2013.06.21 15:00,0,,0,,0,,0,NA,NewYork,BOUNCE,2013.07.04 16:00,NA,,1.02110,BOUNCE,2013.06.06 19:00,1,2013.06.21 15:00,1,2013.06.21 15:00,0,,2,2w 0d,NewYork,NA,,NA,,1.04660,BREAK,2013.06.21 15:00,0,,0,,0,,0,NA,NewYork,BOUNCE,2013.06.25 11:00,NA,,S-ZD-BR,B-ZO-BO,B-ZD-BR,B-ZO-BR,B-ZH-BR,B-ZG-BO,B-ZB-BR,S-ZO-UN,B-ZE-BR,B-ZF-BR,S-ZF-BR,B-ZE-BR,S-ZF-BO,S-ZB-UN,B-ZO-BR,S-ZE-UN,S-ZE-UN,B-ZG-BR,B-ZB-BR,B-ZB-BR
509,2013.06.04 00:00,USDCAD,60,86400,SELL,ZF,0,1.03810,1.02945,865.0,1.03747,1.02613,1134.0,131.098,7.28,802.0,204.1,1.03747,1.02945,1.01811,BREAK,2013.06.07 16:00,0,,0,,0,,0,NA,NewYork,UNTOUCHED,,NA,,1.04612,BREAK,2013.06.21 15:00,0,,0,,0,,0,NA,NewYork,BOUNCE,2013.06.25 11:00,NA,,1.02143,BOUNCE,2013.06.06 19:00,1,2013.06.21 15:00,1,2013.06.21 15:00,0,,2,2w 0d,NewYork,NA,,NA,,1.04549,BREAK,2013.06.21 15:00,0,,0,,0,,0,NA,NewYork,BREAK,2013.06.24 17:00,UNTOUCHED,,S-ZO-BO,S-ZD-BR,B-ZO-BO,B-ZD-BR,B-ZO-BR,B-ZH-BR,B-ZG-BO,B-ZB-BR,S-ZO-UN,B-ZE-BR,B-ZE-BR,S-ZF-BO,S-ZB-UN,B-ZO-BR,S-ZE-UN,S-ZE-UN,B-ZG-BR,B-ZB-BR,B-ZB-BR,S-ZO-BR
510,2013.06.06 00:00,USDCAD,60,86400,BUY,ZE,1,1.03612,1.02725,887.0,1.03798,1.03272,526.0,59.301,61.67,340.0,209.3,1.03612,1.03272,1.04138,BREAK,2013.06.21 15:00,0,,0,,0,,0,NA,NewYork,BREAK,2013.06.21 16:00,BOUNCE,2013.06.21 19:00,1.02385,BREAK,2013.06.06 19:00,0,,0,,0,,0,NA,NewYork,BOUNCE,2013.06.06 20:00,NA,,1.03952,BREAK,2013.06.21 15:00,0,,0,,0,,0,NA,NewYork,BREAK,2013.06.21 16:00,BREAK,2013.06.21 18:00,1.02932,BREAK,2013.06.06 19:00,0,,0,,0,,0,NA,NewYork,BREAK,2013.06.06 20:00,BREAK,2013.06.07 16:00,S-ZF-BR,S-ZO-BO,S-ZD-BR,B-ZO-BO,B-ZD-BR,B-ZO-BR,B-ZH-BR,B-ZG-BO,B-ZB-BR,S-ZO-UN,S-ZF-BO,S-ZB-UN,B-ZO-BR,S-ZE-UN,S-ZE-UN,B-ZG-BR,B-ZB-BR,B-ZB-BR,S-ZO-BR,S-ZO-BO
511,2013.06.07 00:00,USDCAD,60,86400,SELL,ZF,1,1.03798,1.03272,526.0,1.03664,1.01978,1686.0,320.532,25.48,392.0,124.1,1.03664,1.03272,1.01586,BOUNCE,2013.06.12 16:00,1,2013.06.19 03:00,1,2013.06.21 15:00,1,2013.06.21 15:00,3,1w 1d,NewYork,NA,,NA,,1.04190,BREAK,2013.06.21 15:00,0,,0,,0,,0,NA,NewYork,BREAK,2013.06.21 16:00,BREAK,2013.06.24 09:00,1.02880,BREAK,2013.06.07 00:00,0,,0,,0,,0,NA,Asia,BREAK,2013.06.07 15:00,BREAK,2013.06.07 16:00,1.04056,BREAK,2013.06.21 15:00,0,,0,,0,,0,NA,NewYork,BREAK,2013.06.21 16:00,BOUNCE,2013.06.21 19:00,B-ZE-BR,S-ZF-BR,S-ZO-BO,S-ZD-BR,B-ZO-BO,B-ZD-BR,B-ZO-BR,B-ZH-BR,B-ZG-BO,B-ZB-BR,S-ZB-UN,B-ZO-BR,S-ZE-UN,S-ZE-UN,B-ZG-BR,B-ZB-BR,B-ZB-BR,S-ZO-BR,S-ZO-BO,B-ZF-BO
512,2013.06.08 00:00,USDCAD,60,86400,SELL,ZB,1,1.03664,1.01978,1686.0,1.02870,1.01666,1204.0,71.412,47.09,892.0,397.9,1.02870,1.01978,1.00774,UNTOUCHED,,0,,0,,0,,0,NA,Other,NA,,NA,,1.04556,BREAK,2013.06.21 15:00,0,,0,,0,,0,NA,NewYork,BOUNCE,2013.06.27 05:00,NA,,1.01086,UNTOUCHED,,0,,0,,0,,0,NA,Other,NA,,NA,,1.03762,BREAK,2013.06.20 12:00,0,,0,,0,,0,NA,London,BREAK,2013.06.24 09:00,BOUNCE,2013.06.25 11:00,S-ZF-BO,B-ZE-BR,S-ZF-BR,S-ZO-BO,S-ZD-BR,B-ZO-BO,B-ZD-BR,B-ZO-BR,B-ZH-BR,B-ZG-BO,B-ZO-BR,S-ZE-UN,S-ZE-UN,B-ZG-BR,B-ZB-BR,B-ZB-BR,S-ZO-BR,S-ZO-BO,B-ZF-BO,B-ZF-UN
513,2013.06.12 00:00,USDCAD,60,86400,BUY,ZO,0,1.02231,1.01682,549.0,1.02509,1.01749,760.0,138.434,12.20,482.0,129.6,1.02231,1.01749,1.02991,BREAK,2013.06.20 09:00,0,,0,,0,,0,NA,London,BREAK,2013.06.20 12:00,BREAK,2013.06.21 15:00,1.01200,UNTOUCHED,,0,,0,,0,,0,NA,Other,NA,,NA,,1.02713,BREAK,2013.06.19 21:00,0,,0,,0,,0,NA,Other,BREAK,2013.06.20 11:00,BREAK,2013.06.20 18:00,1.01267,UNTOUCHED,,0,,0,,0,,0,NA,Other,NA,,NA,,S-ZB-UN,S-ZF-BO,B-ZE-BR,S-ZF-BR,S-ZO-BO,S-ZD-BR,B-ZO-BO,B-ZD-BR,B-ZO-BR,B-ZH-BR,S-ZE-UN,S-ZE-UN,B-ZG-BR,B-ZB-BR,B-ZB-BR,S-ZO-BR,S-ZO-BO,B-ZF-BO,B-ZF-UN,S-ZO-BR
514,2013.06.13 00:00,USDCAD,60,86400,SELL,ZE,1,1.02509,1.01749,760.0,1.02166,1.01549,617.0,81.184,45.13,417.0,179.4,1.02166,1.01749,1.01132,UNTOUCHED,,0,,0,,0,,0,NA,Other,NA,,NA,,1.02926,BREAK,2013.06.20 07:00,0,,0,,0,,0,NA,London,BREAK,2013.06.20 12:00,BOUNCE,2013.06.20 15:00,1.01332,UNTOUCHED,,0,,0,,0,,0,NA,Other,NA,,NA,,1.02583,BREAK,2013.06.19 21:00,0,,0,,0,,0,NA,Other,BREAK,2013.06.20 10:00,BREAK,2013.06.20 12:00,B-ZO-BR,S-ZB-UN,S-ZF-BO,B-ZE-BR,S-ZF-BR,S-ZO-BO,S-ZD-BR,B-ZO-BO,B-ZD-BR,B-ZO-BR,S-ZE-UN,B-ZG-BR,B-ZB-BR,B-ZB-BR,S-ZO-BR,S-ZO-BO,B-ZF-BO,B-ZF-UN,S-ZO-BR,B-ZB-UN
515,2013.06.17 01:00,USDCAD,60,86400,SELL,ZE,1,1.02256,1.01499,757.0,1.01866,1.01369,497.0,65.654,51.52,367.0,178.7,1.01866,1.01499,1.01002,UNTOUCHED,,0,,0,,0,,0,NA,Other,NA,,NA,,1.02623,BREAK,2013.06.19 21:00,0,,0,,0,,0,NA,Other,BREAK,2013.06.20 10:00,BREAK,2013.06.20 12:00,1.01132,UNTOUCHED,,0,,0,,0,,0,NA,Other,NA,,NA,,1.02233,BOUNCE,2013.06.19 02:00,0,,0,,0,,0,NA,Asia,NA,,NA,,S-ZE-UN,B-ZO-BR,S-ZB-UN,S-ZF-BO,B-ZE-BR,S-ZF-BR,S-ZO-BO,S-ZD-BR,B-ZO-BO,B-ZD-BR,B-ZG-BR,B-ZB-BR,B-ZB-BR,S-ZO-BR,S-ZO-BO,B-ZF-BO,B-ZF-UN,S-ZO-BR,B-ZB-UN,S-ZF-BR
516,2013.06.18 00:00,USDCAD,60,86400,BUY,ZG,0,1.01866,1.01369,497.0,1.02050,1.01489,561.0,112.877,24.14,377.0,117.3,1.01866,1.01489,1.02427,BREAK,2013.06.19 21:00,0,,0,,0,,0,NA,Other,BREAK,2013.06.20 07:00,BREAK,2013.06.20 10:00,1.00992,UNTOUCHED,,0,,0,,0,,0,NA,Other,NA,,NA,,1.02243,BREAK,2013.06.19 03:00,0,,0,,0,,0,NA,Asia,BREAK,2013.06.19 21:00,BREAK,2013.06.20 09:00,1.01112,UNTOUCHED,,0,,0,,0,,0,NA,Other,NA,,NA,,S-ZE-UN,S-ZE-UN,B-ZO-BR,S-ZB-UN,S-ZF-BO,B-ZE-BR,S-ZF-BR,S-ZO-BO,S-ZD-BR,B-ZO-BO,B-ZB-BR,B-ZB-BR,S-ZO-BR,S-ZO-BO,B-ZF-BO,B-ZF-UN,S-ZO-BR,B-ZB-UN,S-ZF-BR,S-ZB-BR
517,2013.06.19 00:00,USDCAD,60,86400,BUY,ZB,1,1.02050,1.01489,561.0,1.02167,1.01766,401.0,71.480,49.38,284.0,132.4,1.02050,1.01766,1.02451,BREAK,2013.06.19 21:00,0,,0,,0,,0,NA,Other,BREAK,2013.06.20 04:00,BREAK,2013.06.20 10:00,1.01205,UNTOUCHED,,0,,0,,0,,0,NA,Other,NA,,NA,,1.02334,BOUNCE,2013.06.19 03:00,0,,0,,0,,0,NA,Asia,NA,,NA,,1.01482,UNTOUCHED,,0,,0,,0,,0,NA,Other,NA,,NA,,B-ZG-BR,S-ZE-UN,S-ZE-UN,B-ZO-BR,S-ZB-UN,S-ZF-BO,B-ZE-BR,S-ZF-BR,S-ZO-BO,S-ZD-BR,B-ZB-BR,S-ZO-BR,S-ZO-BO,B-ZF-BO,B-ZF-UN,S-ZO-BR,B-ZB-UN,S-ZF-BR,S-ZB-BR,S-ZO-BR
518,2013.06.22 00:00,USDCAD,60,86400,BUY,ZB,1,1.03936,1.02668,1268.0,1.04883,1.03625,1258.0,99.211,75.47,311.0,299.2,1.03936,1.03625,1.05194,BREAK,2013.06.24 09:00,0,,0,,0,,0,NA,London,BOUNCE,2013.06.24 19:00,NA,,1.02357,UNTOUCHED,,0,,0,,0,,0,NA,Other,NA,,NA,,1.04247,BREAK,2013.06.22 00:00,0,,0,,0,,0,NA,Asia,BREAK,2013.06.24 04:00,BREAK,2013.06.24 09:00,1.03314,BOUNCE,2013.07.11 07:00,1,2013.07.11 15:00,1,2013.07.11 15:00,0,,2,8h,London,NA,,NA,,B-ZB-BR,B-ZG-BR,S-ZE-UN,S-ZE-UN,B-ZO-BR,S-ZB-UN,S-ZF-BO,B-ZE-BR,S-ZF-BR,S-ZO-BO,S-ZO-BR,S-ZO-BO,B-ZF-BO,B-ZF-UN,S-ZO-BR,B-ZB-UN,S-ZF-BR,S-ZB-BR,S-ZO-BR,B-ZO-BR
519,2013.06.26 00:00,USDCAD,60,86400,SELL,ZO,0,1.05557,1.04702,855.0,1.05471,1.04577,894.0,104.561,10.06,769.0,201.8,1.05471,1.04702,1.03808,BREAK,2013.07.11 01:00,0,,0,,0,,0,NA,Asia,BREAK,2013.07.23 21:00,UNTOUCHED,,1.06326,UNTOUCHED,,0,,0,,0,,0,NA,Other,NA,,NA,,1.03933,BREAK,2013.07.11 01:00,0,,0,,0,,0,NA,Asia,BREAK,2013.07.23 17:00,UNTOUCHED,,1.06240,UNTOUCHED,,0,,0,,0,,0,NA,Other,NA,,NA,,B-ZB-BR,B-ZB-BR,B-ZG-BR,S-ZE-UN,S-ZE-UN,B-ZO-BR,S-ZB-UN,S-ZF-BO,B-ZE-BR,S-ZF-BR,S-ZO-BO,B-ZF-BO,B-ZF-UN,S-ZO-BR,B-ZB-UN,S-ZF-BR,S-ZB-BR,S-ZO-BR,B-ZO-BR,S-ZD-BO
520,2013.06.28 00:00,USDCAD,60,86400,SELL,ZO,0,1.05273,1.04575,698.0,1.05038,1.04237,801.0,114.756,33.67,463.0,164.7,1.05038,1.04575,1.03774,BOUNCE,2013.07.11 01:00,0,,0,,0,,0,NA,Asia,NA,,NA,,1.05736,BOUNCE,2013.07.02 15:00,1,2013.07.04 16:00,1,2013.07.11 01:00,1,2013.07.11 01:00,3,1w 1d,NewYork,NA,,NA,,1.04112,BREAK,2013.07.11 01:00,0,,0,,0,,0,NA,Asia,BREAK,2013.07.11 07:00,BREAK,2013.07.23 15:00,1.05501,BOUNCE,2013.06.28 19:00,1,2013.07.11 01:00,1,2013.07.11 01:00,0,,2,1w 5d,NewYork,NA,,NA,,S-ZO-BR,B-ZB-BR,B-ZB-BR,B-ZG-BR,S-ZE-UN,S-ZE-UN,B-ZO-BR,S-ZB-UN,S-ZF-BO,B-ZE-BR,B-ZF-BO,B-ZF-UN,S-ZO-BR,B-ZB-UN,S-ZF-BR,S-ZB-BR,S-ZO-BR,B-ZO-BR,S-ZD-BO,S-ZB-BR
521,2013.06.29 00:00,USDCAD,60,86400,BUY,ZF,0,1.05038,1.04237,801.0,1.05528,1.04534,994.0,124.095,37.08,504.0,189.0,1.05038,1.04534,1.06032,BOUNCE,2013.07.05 15:00,1,2013.07.10 11:00,1,2013.07.11 01:00,1,2013.07.11 07:00,3,5d 16h,NewYork,NA,,NA,,1.03733,BREAK,2013.07.11 07:00,0,,0,,0,,0,NA,London,BREAK,2013.07.23 15:00,BOUNCE,2013.07.24 20:00,1.05542,BREAK,2013.07.02 15:00,0,,0,,0,,0,NA,NewYork,BOUNCE,2013.07.05 15:00,NA,,1.04030,BREAK,2013.07.11 01:00,0,,0,,0,,0,NA,Asia,BREAK,2013.07.11 07:00,BREAK,2013.07.23 21:00,S-ZO-BO,S-ZO-BR,B-ZB-BR,B-ZB-BR,B-ZG-BR,S-ZE-UN,S-ZE-UN,B-ZO-BR,S-ZB-UN,S-ZF-BO,B-ZF-UN,S-ZO-BR,B-ZB-UN,S-ZF-BR,S-ZB-BR,S-ZO-BR,B-ZO-BR,S-ZD-BO,S-ZB-BR,S-ZD-BO
522,2013.07.03 00:00,USDCAD,60,86400,BUY,ZF,1,1.05339,1.04868,471.0,1.05777,1.04908,869.0,184.501,8.49,431.0,111.2,1.05339,1.04908,1.06208,UNTOUCHED,,0,,0,,0,,0,NA,Other,NA,,NA,,1.04437,BREAK,2013.07.11 00:00,0,,0,,0,,0,NA,Asia,BREAK,2013.07.11 01:00,BREAK,2013.07.11 07:00,1.05770,BREAK,2013.07.05 15:00,0,,0,,0,,0,NA,NewYork,UNTOUCHED,,NA,,1.04477,BOUNCE,2013.07.10 21:00,0,,0,,0,,0,NA,Other,NA,,NA,,B-ZF-BO,S-ZO-BO,S-ZO-BR,B-ZB-BR,B-ZB-BR,B-ZG-BR,S-ZE-UN,S-ZE-UN,B-ZO-BR,S-ZB-UN,S-ZO-BR,B-ZB-UN,S-ZF-BR,S-ZB-BR,S-ZO-BR,B-ZO-BR,S-ZD-BO,S-ZB-BR,S-ZD-BO,S-ZO-UN
523,2013.07.05 00:00,USDCAD,60,86400,SELL,ZO,0,1.05644,1.05014,630.0,1.05572,1.04721,851.0,135.079,11.43,558.0,148.7,1.05572,1.05014,1.04163,BREAK,2013.07.11 01:00,0,,0,,0,,0,NA,Asia,BREAK,2013.07.11 07:00,BREAK,2013.07.23 17:00,1.06202,UNTOUCHED,,0,,0,,0,,0,NA,Other,NA,,NA,,1.04456,BREAK,2013.07.11 00:00,0,,0,,0,,0,NA,Asia,BOUNCE,2013.07.11 01:00,NA,,1.06130,UNTOUCHED,,0,,0,,0,,0,NA,Other,NA,,NA,,B-ZF-UN,B-ZF-BO,S-ZO-BO,S-ZO-BR,B-ZB-BR,B-ZB-BR,B-ZG-BR,S-ZE-UN,S-ZE-UN,B-ZO-BR,B-ZB-UN,S-ZF-BR,S-ZB-BR,S-ZO-BR,B-ZO-BR,S-ZD-BO,S-ZB-BR,S-ZD-BO,S-ZO-UN,S-ZG-UN
524,2013.07.08 01:00,USDCAD,60,86400,BUY,ZB,1,1.05572,1.04721,851.0,1.06089,1.05113,976.0,114.689,46.06,459.0,200.8,1.05572,1.05113,1.06548,UNTOUCHED,,0,,0,,0,,0,NA,Other,NA,,NA,,1.04262,BREAK,2013.07.11 01:00,0,,0,,0,,0,NA,Asia,BREAK,2013.07.11 07:00,BOUNCE,2013.07.11 10:00,1.06031,UNTOUCHED,,0,,0,,0,,0,NA,Other,NA,,NA,,1.04654,BOUNCE,2013.07.10 21:00,0,,0,,0,,0,NA,Other,NA,,NA,,S-ZO-BR,B-ZF-UN,B-ZF-BO,S-ZO-BO,S-ZO-BR,B-ZB-BR,B-ZB-BR,B-ZG-BR,S-ZE-UN,S-ZE-UN,S-ZF-BR,S-ZB-BR,S-ZO-BR,B-ZO-BR,S-ZD-BO,S-ZB-BR,S-ZD-BO,S-ZO-UN,S-ZG-UN,S-ZE-UN
525,2013.07.10 00:00,USDCAD,60,86400,SELL,ZF,1,1.05851,1.05463,388.0,1.05741,1.05134,607.0,156.443,28.35,278.0,91.6,1.05741,1.05463,1.04856,BREAK,2013.07.10 21:00,0,,0,,0,,0,NA,Other,BREAK,2013.07.11 00:00,BREAK,2013.07.11 01:00,1.06129,UNTOUCHED,,0,,0,,0,,0,NA,Other,NA,,NA,,1.05185,BREAK,2013.07.10 07:00,0,,0,,0,,0,NA,London,BREAK,2013.07.10 21:00,BOUNCE,2013.07.10 23:00,1.06019,UNTOUCHED,,0,,0,,0,,0,NA,Other,NA,,NA,,B-ZB-UN,S-ZO-BR,B-ZF-UN,B-ZF-BO,S-ZO-BO,S-ZO-BR,B-ZB-BR,B-ZB-BR,B-ZG-BR,S-ZE-UN,S-ZB-BR,S-ZO-BR,B-ZO-BR,S-ZD-BO,S-ZB-BR,S-ZD-BO,S-ZO-UN,S-ZG-UN,S-ZE-UN,B-ZF-BO
526,2013.07.11 00:00,USDCAD,60,86400,SELL,ZB,1,1.05741,1.05134,607.0,1.05399,1.04467,932.0,153.542,56.34,265.0,143.3,1.05399,1.05134,1.04202,BREAK,2013.07.11 01:00,0,,0,,0,,0,NA,Asia,BREAK,2013.07.11 02:00,BREAK,2013.07.11 07:00,1.06006,UNTOUCHED,,0,,0,,0,,0,NA,Other,NA,,NA,,1.04869,BREAK,2013.07.11 00:00,0,,0,,0,,0,NA,Asia,BREAK,2013.07.11 01:00,BREAK,2013.07.11 02:00,1.05664,UNTOUCHED,,0,,0,,0,,0,NA,Other,NA,,NA,,S-ZF-BR,B-ZB-UN,S-ZO-BR,B-ZF-UN,B-ZF-BO,S-ZO-BO,S-ZO-BR,B-ZB-BR,B-ZB-BR,B-ZG-BR,S-ZO-BR,B-ZO-BR,S-ZD-BO,S-ZB-BR,S-ZD-BO,S-ZO-UN,S-ZG-UN,S-ZE-UN,B-ZF-BO,B-ZF-BR
527,2013.07.18 00:00,USDCAD,60,86400,SELL,ZO,0,1.04418,1.03633,785.0,1.04387,1.03555,832.0,105.987,3.95,754.0,185.3,1.04387,1.03633,1.02801,BREAK,2013.07.23 21:00,0,,0,,0,,0,NA,Other,UNTOUCHED,,NA,,1.05172,BREAK,2013.08.22 19:00,0,,0,,0,,0,NA,NewYork,UNTOUCHED,,NA,,1.02879,BREAK,2013.07.23 17:00,0,,0,,0,,0,NA,NewYork,UNTOUCHED,,NA,,1.05141,BREAK,2013.08.22 15:00,0,,0,,0,,0,NA,NewYork,UNTOUCHED,,NA,,S-ZB-BR,S-ZF-BR,B-ZB-UN,S-ZO-BR,B-ZF-UN,B-ZF-BO,S-ZO-BO,S-ZO-BR,B-ZB-BR,B-ZB-BR,B-ZO-BR,S-ZD-BO,S-ZB-BR,S-ZD-BO,S-ZO-UN,S-ZG-UN,S-ZE-UN,B-ZF-BO,B-ZF-BR,B-ZO-BR
528,2013.07.19 00:00,USDCAD,60,86400,BUY,ZO,0,1.04387,1.03555,832.0,1.04390,1.03751,639.0,76.803,23.56,636.0,196.4,1.04387,1.03751,1.05026,BREAK,2013.08.22 15:00,0,,0,,0,,0,NA,NewYork,BOUNCE,2013.08.23 22:00,NA,,1.02919,BREAK,2013.07.23 17:00,0,,0,,0,,0,NA,NewYork,UNTOUCHED,,NA,,1.05023,BREAK,2013.08.22 15:00,0,,0,,0,,0,NA,NewYork,BOUNCE,2013.08.23 22:00,NA,,1.03115,BREAK,2013.07.23 15:00,0,,0,,0,,0,NA,NewYork,BOUNCE,2013.08.01 16:00,NA,,S-ZO-BR,S-ZB-BR,S-ZF-BR,B-ZB-UN,S-ZO-BR,B-ZF-UN,B-ZF-BO,S-ZO-BO,S-ZO-BR,B-ZB-BR,S-ZD-BO,S-ZB-BR,S-ZD-BO,S-ZO-UN,S-ZG-UN,S-ZE-UN,B-ZF-BO,B-ZF-BR,B-ZO-BR,S-ZO-BO
529,2013.07.22 01:00,USDCAD,60,86400,SELL,ZD,1,1.04390,1.03751,639.0,1.03933,1.03553,380.0,59.468,71.52,182.0,150.8,1.03933,1.03751,1.03371,BOUNCE,2013.07.22 14:00,1,2013.08.02 10:00,1,2013.08.07 10:00,1,2013.08.21 21:00,3,4w 2d,NewYork,NA,,NA,,1.04572,BREAK,2013.08.21 21:00,0,,0,,0,,0,NA,Other,BOUNCE,2013.08.21 22:00,NA,,1.03569,BREAK,2013.07.22 02:00,0,,0,,0,,0,NA,Asia,BOUNCE,2013.07.22 16:00,NA,,1.04115,BOUNCE,2013.08.07 10:00,1,2013.08.08 18:00,1,2013.08.08 18:00,0,,2,1d 8h,London,NA,,NA,,B-ZO-BR,S-ZO-BR,S-ZB-BR,S-ZF-BR,B-ZB-UN,S-ZO-BR,B-ZF-UN,B-ZF-BO,S-ZO-BO,S-ZO-BR,S-ZB-BR,S-ZD-BO,S-ZO-UN,S-ZG-UN,S-ZE-UN,B-ZF-BO,B-ZF-BR,B-ZO-BR,S-ZO-BO,B-ZB-BO
530,2013.07.23 00:00,USDCAD,60,86400,SELL,ZB,1,1.03933,1.03553,380.0,1.03671,1.03215,456.0,120.000,68.95,118.0,89.7,1.03671,1.03553,1.03097,BREAK,2013.07.23 15:00,0,,0,,0,,0,NA,NewYork,BREAK,2013.07.23 17:00,BOUNCE,2013.07.23 21:00,1.04051,BREAK,2013.08.07 10:00,0,,0,,0,,0,NA,London,BREAK,2013.08.07 12:00,BREAK,2013.08.07 15:00,1.03435,BREAK,2013.07.23 00:00,0,,0,,0,,0,NA,Asia,BREAK,2013.07.23 05:00,BOUNCE,2013.07.23 10:00,1.03789,BOUNCE,2013.08.02 10:00,1,2013.08.02 15:00,1,2013.08.02 15:00,0,,2,5h,London,NA,,NA,,S-ZD-BO,B-ZO-BR,S-ZO-BR,S-ZB-BR,S-ZF-BR,B-ZB-UN,S-ZO-BR,B-ZF-UN,B-ZF-BO,S-ZO-BO,S-ZD-BO,S-ZO-UN,S-ZG-UN,S-ZE-UN,B-ZF-BO,B-ZF-BR,B-ZO-BR,S-ZO-BO,B-ZB-BO,S-ZF-BR
531,2013.07.24 00:00,USDCAD,60,86400,SELL,ZD,1,1.03671,1.03215,456.0,1.03488,1.02774,714.0,156.579,40.13,273.0,107.6,1.03488,1.03215,1.02501,BOUNCE,2013.07.31 21:00,1,2013.08.01 15:00,1,2013.08.02 10:00,1,2013.08.02 14:00,3,1d 17h,Other,NA,,NA,,1.03944,BOUNCE,2013.08.02 14:00,1,2013.08.08 19:00,1,2013.08.09 15:00,0,,2,1w 0d,NewYork,NA,,NA,,1.02942,BREAK,2013.07.24 00:00,0,,0,,0,,0,NA,Asia,BOUNCE,2013.07.24 17:00,NA,,1.03761,BREAK,2013.08.02 10:00,0,,0,,0,,0,NA,London,BREAK,2013.08.07 10:00,BREAK,2013.08.07 16:00,S-ZB-BR,S-ZD-BO,B-ZO-BR,S-ZO-BR,S-ZB-BR,S-ZF-BR,B-ZB-UN,S-ZO-BR,B-ZF-UN,B-ZF-BO,S-ZO-UN,S-ZG-UN,S-ZE-UN,B-ZF-BO,B-ZF-BR,B-ZO-BR,S-ZO-BO,B-ZB-BO,S-ZF-BR,S-ZD-BO
532,2013.07.25 00:00,USDCAD,60,86400,SELL,ZO,0,1.03488,1.02774,714.0,1.03246,1.02625,621.0,86.975,33.89,472.0,168.5,1.03246,1.02774,1.02153,UNTOUCHED,,0,,0,,0,,0,NA,Other,NA,,NA,,1.03960,BOUNCE,2013.08.02 14:00,1,2013.08.09 12:00,0,,0,,1,6d 22h,NewYork,NA,,NA,,1.02302,UNTOUCHED,,0,,0,,0,,0,NA,Other,NA,,NA,,1.03718,BREAK,2013.08.02 10:00,0,,0,,0,,0,NA,London,BREAK,2013.08.07 15:00,BREAK,2013.08.22 01:00,S-ZD-BO,S-ZB-BR,S-ZD-BO,B-ZO-BR,S-ZO-BR,S-ZB-BR,S-ZF-BR,B-ZB-UN,S-ZO-BR,B-ZF-UN,S-ZG-UN,S-ZE-UN,B-ZF-BO,B-ZF-BR,B-ZO-BR,S-ZO-BO,B-ZB-BO,S-ZF-BR,S-ZD-BO,B-ZB-BO
533,2013.07.26 00:00,USDCAD,60,86400,SELL,ZG,0,1.03246,1.02625,621.0,1.03193,1.02552,641.0,103.221,8.53,568.0,146.6,1.03193,1.02625,1.01984,UNTOUCHED,,0,,0,,0,,0,NA,Other,NA,,NA,,1.03814,BREAK,2013.08.02 10:00,0,,0,,0,,0,NA,London,BOUNCE,2013.08.08 17:00,NA,,1.02057,UNTOUCHED,,0,,0,,0,,0,NA,Other,NA,,NA,,1.03761,BREAK,2013.08.02 10:00,0,,0,,0,,0,NA,London,BOUNCE,2013.08.08 17:00,NA,,S-ZO-UN,S-ZD-BO,S-ZB-BR,S-ZD-BO,B-ZO-BR,S-ZO-BR,S-ZB-BR,S-ZF-BR,B-ZB-UN,S-ZO-BR,S-ZE-UN,B-ZF-BO,B-ZF-BR,B-ZO-BR,S-ZO-BO,B-ZB-BO,S-ZF-BR,S-ZD-BO,B-ZB-BO,B-ZO-BR
534,2013.07.30 00:00,USDCAD,60,86400,SELL,ZE,1,1.03027,1.02619,408.0,1.02831,1.02523,308.0,75.490,48.04,212.0,96.3,1.02831,1.02619,1.02311,UNTOUCHED,,0,,0,,0,,0,NA,Other,NA,,NA,,1.03239,BREAK,2013.07.31 15:00,0,,0,,0,,0,NA,NewYork,BREAK,2013.08.02 04:00,BREAK,2013.08.02 10:00,1.02407,UNTOUCHED,,0,,0,,0,,0,NA,Other,NA,,NA,,1.03043,BREAK,2013.07.30 20:00,0,,0,,0,,0,NA,NewYork,BREAK,2013.07.31 15:00,BREAK,2013.08.02 04:00,S-ZG-UN,S-ZO-UN,S-ZD-BO,S-ZB-BR,S-ZD-BO,B-ZO-BR,S-ZO-BR,S-ZB-BR,S-ZF-BR,B-ZB-UN,B-ZF-BO,B-ZF-BR,B-ZO-BR,S-ZO-BO,B-ZB-BO,S-ZF-BR,S-ZD-BO,B-ZB-BO,B-ZO-BR,S-ZH-BR
535,2013.07.31 00:00,USDCAD,60,86400,BUY,ZF,1,1.02831,1.02523,308.0,1.03103,1.02585,518.0,168.182,20.13,246.0,72.7,1.02831,1.02585,1.03349,BOUNCE,2013.07.31 15:00,1,2013.07.31 17:00,0,,0,,1,2h,NewYork,NA,,NA,,1.02277,UNTOUCHED,,0,,0,,0,,0,NA,Other,NA,,NA,,1.03077,BREAK,2013.07.31 01:00,0,,0,,0,,0,NA,Asia,BOUNCE,2013.07.31 15:00,NA,,1.02339,UNTOUCHED,,0,,0,,0,,0,NA,Other,NA,,NA,,S-ZE-UN,S-ZG-UN,S-ZO-UN,S-ZD-BO,S-ZB-BR,S-ZD-BO,B-ZO-BR,S-ZO-BR,S-ZB-BR,S-ZF-BR,B-ZF-BR,B-ZO-BR,S-ZO-BO,B-ZB-BO,S-ZF-BR,S-ZD-BO,B-ZB-BO,B-ZO-BR,S-ZH-BR,S-ZO-BR
536,2013.08.02 00:00,USDCAD,60,86400,BUY,ZF,0,1.03356,1.02458,898.0,1.03509,1.02649,860.0,95.768,21.27,707.0,211.9,1.03356,1.02649,1.04216,BREAK,2013.08.07 11:00,0,,0,,0,,0,NA,London,BREAK,2013.08.22 15:00,BOUNCE,2013.08.27 21:00,1.01751,UNTOUCHED,,0,,0,,0,,0,NA,Other,NA,,NA,,1.04063,BREAK,2013.08.07 10:00,0,,0,,0,,0,NA,London,BREAK,2013.08.22 05:00,BOUNCE,2013.08.27 22:00,1.01942,UNTOUCHED,,0,,0,,0,,0,NA,Other,NA,,NA,,B-ZF-BO,S-ZE-UN,S-ZG-UN,S-ZO-UN,S-ZD-BO,S-ZB-BR,S-ZD-BO,B-ZO-BR,S-ZO-BR,S-ZB-BR,B-ZO-BR,S-ZO-BO,B-ZB-BO,S-ZF-BR,S-ZD-BO,B-ZB-BO,B-ZO-BR,S-ZH-BR,S-ZO-BR,B-ZB-BR
537,2013.08.06 00:00,USDCAD,60,86400,BUY,ZO,0,1.04022,1.03387,635.0,1.04031,1.03588,443.0,69.764,31.65,434.0,149.9,1.04022,1.03588,1.04465,BREAK,2013.08.21 12:00,0,,0,,0,,0,NA,London,BREAK,2013.08.22 15:00,BREAK,2013.08.23 09:00,1.02953,BOUNCE,2013.08.09 13:00,1,2013.08.20 15:00,1,2013.08.21 12:00,1,2013.08.21 12:00,3,1w 4d,NewYork,NA,,NA,,1.04456,BREAK,2013.08.21 12:00,0,,0,,0,,0,NA,London,BREAK,2013.08.22 15:00,BREAK,2013.08.23 09:00,1.03154,BREAK,2013.08.08 19:00,0,,0,,0,,0,NA,NewYork,BREAK,2013.09.18 21:00,BREAK,2013.09.18 22:00,B-ZF-BR,B-ZF-BO,S-ZE-UN,S-ZG-UN,S-ZO-UN,S-ZD-BO,S-ZB-BR,S-ZD-BO,B-ZO-BR,S-ZO-BR,S-ZO-BO,B-ZB-BO,S-ZF-BR,S-ZD-BO,B-ZB-BO,B-ZO-BR,S-ZH-BR,S-ZO-BR,B-ZB-BR,B-ZE-UN
538,2013.08.07 00:00,USDCAD,60,86400,SELL,ZO,0,1.04031,1.03588,443.0,1.03903,1.03478,425.0,95.937,28.89,315.0,104.5,1.03903,1.03588,1.03163,BOUNCE,2013.08.08 19:00,1,2013.08.20 15:00,1,2013.08.21 05:00,1,2013.08.21 09:00,3,1w 5d,NewYork,NA,,NA,,1.04346,BREAK,2013.08.07 15:00,0,,0,,0,,0,NA,NewYork,BREAK,2013.08.21 22:00,BREAK,2013.08.22 15:00,1.03273,BREAK,2013.08.08 19:00,0,,0,,0,,0,NA,NewYork,BOUNCE,2013.08.09 15:00,NA,,1.04218,BREAK,2013.08.07 11:00,0,,0,,0,,0,NA,London,BREAK,2013.08.21 21:00,BREAK,2013.08.22 03:00,B-ZO-BR,B-ZF-BR,B-ZF-BO,S-ZE-UN,S-ZG-UN,S-ZO-UN,S-ZD-BO,S-ZB-BR,S-ZD-BO,B-ZO-BR,B-ZB-BO,S-ZF-BR,S-ZD-BO,B-ZB-BO,B-ZO-BR,S-ZH-BR,S-ZO-BR,B-ZB-BR,B-ZE-UN,B-ZF-UN
539,2013.08.08 00:00,USDCAD,60,86400,BUY,ZB,1,1.03903,1.03478,425.0,1.04451,1.03677,774.0,182.118,46.82,226.0,100.3,1.03903,1.03677,1.04677,BOUNCE,2013.08.21 21:00,1,2013.09.06 15:00,1,2013.09.10 14:00,1,2013.09.11 18:00,3,2w 6d,Other,NA,,NA,,1.03252,BREAK,2013.08.08 19:00,0,,0,,0,,0,NA,NewYork,BREAK,2013.08.09 15:00,BOUNCE,2013.08.09 19:00,1.04129,BREAK,2013.08.08 00:00,0,,0,,0,,0,NA,Asia,BREAK,2013.08.21 12:00,BREAK,2013.08.21 21:00,1.03451,BREAK,2013.08.08 19:00,0,,0,,0,,0,NA,NewYork,BREAK,2013.08.08 20:00,BREAK,2013.08.09 15:00,S-ZO-BO,B-ZO-BR,B-ZF-BR,B-ZF-BO,S-ZE-UN,S-ZG-UN,S-ZO-UN,S-ZD-BO,S-ZB-BR,S-ZD-BO,S-ZF-BR,S-ZD-BO,B-ZB-BO,B-ZO-BR,S-ZH-BR,S-ZO-BR,B-ZB-BR,B-ZE-UN,B-ZF-UN,B-ZE-UN
540,2013.08.09 00:00,USDCAD,60,86400,SELL,ZF,1,1.04451,1.03677,774.0,1.04307,1.03041,1266.0,163.566,18.60,630.0,182.7,1.04307,1.03677,1.02411,BREAK,2013.09.18 21:00,0,,0,,0,,0,NA,Other,UNTOUCHED,,NA,,1.05081,BREAK,2013.08.22 15:00,0,,0,,0,,0,NA,NewYork,UNTOUCHED,,NA,,1.03047,BREAK,2013.08.09 11:00,0,,0,,0,,0,NA,London,BREAK,2013.09.18 21:00,UNTOUCHED,,1.04937,BREAK,2013.08.22 03:00,0,,0,,0,,0,NA,Asia,BOUNCE,2013.08.27 19:00,NA,,B-ZB-BO,S-ZO-BO,B-ZO-BR,B-ZF-BR,B-ZF-BO,S-ZE-UN,S-ZG-UN,S-ZO-UN,S-ZD-BO,S-ZB-BR,S-ZD-BO,B-ZB-BO,B-ZO-BR,S-ZH-BR,S-ZO-BR,B-ZB-BR,B-ZE-UN,B-ZF-UN,B-ZE-UN,S-ZF-BR
541,2013.08.12 01:00,USDCAD,60,86400,SELL,ZD,1,1.04307,1.03041,1266.0,1.03528,1.02751,777.0,61.374,61.53,487.0,298.8,1.03528,1.03041,1.02264,BOUNCE,2013.09.18 21:00,0,,0,,0,,0,NA,Other,NA,,NA,,1.04794,BREAK,2013.08.21 22:00,0,,0,,0,,0,NA,Other,BREAK,2013.08.23 12:00,UNTOUCHED,,1.02554,BREAK,2013.09.18 21:00,0,,0,,0,,0,NA,Other,BOUNCE,2013.09.19 20:00,NA,,1.04015,BREAK,2013.08.21 03:00,0,,0,,0,,0,NA,Asia,BREAK,2013.08.21 22:00,BREAK,2013.08.22 21:00,S-ZF-BR,B-ZB-BO,S-ZO-BO,B-ZO-BR,B-ZF-BR,B-ZF-BO,S-ZE-UN,S-ZG-UN,S-ZO-UN,S-ZD-BO,B-ZB-BO,B-ZO-BR,S-ZH-BR,S-ZO-BR,B-ZB-BR,B-ZE-UN,B-ZF-UN,B-ZE-UN,S-ZF-BR,S-ZF-BR
542,2013.08.14 00:00,USDCAD,60,86400,BUY,ZB,1,1.03164,1.02790,374.0,1.03481,1.03011,470.0,125.668,59.09,153.0,88.3,1.03164,1.03011,1.03634,BOUNCE,2013.08.14 09:00,1,2013.08.14 15:00,1,2013.09.16 09:00,1,2013.09.18 21:00,3,5w 0d,London,NA,,NA,,1.02637,BREAK,2013.09.18 21:00,0,,0,,0,,0,NA,Other,BREAK,2013.09.18 22:00,BREAK,2013.09.18 23:00,1.03317,BREAK,2013.08.14 00:00,0,,0,,0,,0,NA,Asia,BREAK,2013.08.14 04:00,BOUNCE,2013.08.14 13:00,1.02858,BOUNCE,2013.09.16 09:00,1,2013.09.17 04:00,1,2013.09.17 04:00,0,,2,19h,London,NA,,NA,,S-ZD-BO,S-ZF-BR,B-ZB-BO,S-ZO-BO,B-ZO-BR,B-ZF-BR,B-ZF-BO,S-ZE-UN,S-ZG-UN,S-ZO-UN,B-ZO-BR,S-ZH-BR,S-ZO-BR,B-ZB-BR,B-ZE-UN,B-ZF-UN,B-ZE-UN,S-ZF-BR,S-ZF-BR,S-ZB-BR
543,2013.08.15 00:00,USDCAD,60,86400,BUY,ZO,0,1.03481,1.03011,470.0,1.03693,1.03182,511.0,108.723,36.38,299.0,110.9,1.03481,1.03182,1.03992,BREAK,2013.08.20 15:00,0,,0,,0,,0,NA,NewYork,BREAK,2013.08.21 11:00,BREAK,2013.08.21 21:00,1.02712,BREAK,2013.09.18 21:00,0,,0,,0,,0,NA,Other,BREAK,2013.09.18 22:00,BREAK,2013.09.19 10:00,1.03780,BREAK,2013.08.20 15:00,0,,0,,0,,0,NA,NewYork,BREAK,2013.08.21 05:00,BREAK,2013.08.21 18:00,1.02883,BOUNCE,2013.09.16 09:00,0,,0,,0,,0,NA,London,NA,,NA,,B-ZB-BO,S-ZD-BO,S-ZF-BR,B-ZB-BO,S-ZO-BO,B-ZO-BR,B-ZF-BR,B-ZF-BO,S-ZE-UN,S-ZG-UN,S-ZH-BR,S-ZO-BR,B-ZB-BR,B-ZE-UN,B-ZF-UN,B-ZE-UN,S-ZF-BR,S-ZF-BR,S-ZB-BR,S-ZD-BO
544,2013.08.16 00:00,USDCAD,60,86400,SELL,ZH,0,1.03693,1.03182,511.0,1.03639,1.03000,639.0,125.049,10.57,457.0,120.6,1.03639,1.03182,1.02543,BREAK,2013.09.18 21:00,0,,0,,0,,0,NA,Other,BREAK,2013.09.19 10:00,UNTOUCHED,,1.04150,BREAK,2013.08.21 05:00,0,,0,,0,,0,NA,Asia,BREAK,2013.08.21 21:00,BREAK,2013.08.22 19:00,1.02725,BREAK,2013.09.18 21:00,0,,0,,0,,0,NA,Other,BREAK,2013.09.18 22:00,UNTOUCHED,,1.04096,BREAK,2013.08.21 05:00,0,,0,,0,,0,NA,Asia,BREAK,2013.08.21 21:00,BREAK,2013.08.22 15:00,B-ZO-BR,B-ZB-BO,S-ZD-BO,S-ZF-BR,B-ZB-BO,S-ZO-BO,B-ZO-BR,B-ZF-BR,B-ZF-BO,S-ZE-UN,S-ZO-BR,B-ZB-BR,B-ZE-UN,B-ZF-UN,B-ZE-UN,S-ZF-BR,S-ZF-BR,S-ZB-BR,S-ZD-BO,S-ZF-BO
545,2013.08.19 01:00,USDCAD,60,86400,SELL,ZO,0,1.03639,1.03000,639.0,1.03601,1.02934,667.0,104.382,5.95,601.0,150.8,1.03601,1.03000,1.02333,BREAK,2013.09.18 21:00,0,,0,,0,,0,NA,Other,UNTOUCHED,,NA,,1.04240,BREAK,2013.08.21 05:00,0,,0,,0,,0,NA,Asia,BREAK,2013.08.22 05:00,BREAK,2013.08.23 12:00,1.02399,BREAK,2013.09.18 21:00,0,,0,,0,,0,NA,Other,UNTOUCHED,,NA,,1.04202,BREAK,2013.08.21 05:00,0,,0,,0,,0,NA,Asia,BREAK,2013.08.22 03:00,BREAK,2013.08.23 09:00,S-ZH-BR,B-ZO-BR,B-ZB-BO,S-ZD-BO,S-ZF-BR,B-ZB-BO,S-ZO-BO,B-ZO-BR,B-ZF-BR,B-ZF-BO,B-ZB-BR,B-ZE-UN,B-ZF-UN,B-ZE-UN,S-ZF-BR,S-ZF-BR,S-ZB-BR,S-ZD-BO,S-ZF-BO,S-ZE-BO
546,2013.08.21 00:00,USDCAD,60,86400,BUY,ZB,1,1.03480,1.03156,324.0,1.04012,1.03358,654.0,201.852,62.35,122.0,76.5,1.03480,1.03358,1.04134,BREAK,2013.08.21 05:00,0,,0,,0,,0,NA,Asia,BREAK,2013.08.21 09:00,BREAK,2013.08.21 12:00,1.03034,BREAK,2013.09.16 02:00,0,,0,,0,,0,NA,Asia,BREAK,2013.09.16 10:00,BOUNCE,2013.09.17 17:00,1.03602,BREAK,2013.08.21 00:00,0,,0,,0,,0,NA,Asia,BREAK,2013.08.21 01:00,BREAK,2013.08.21 02:00,1.03236,BREAK,2013.09.11 20:00,0,,0,,0,,0,NA,NewYork,BOUNCE,2013.09.12 07:00,NA,,S-ZO-BR,S-ZH-BR,B-ZO-BR,B-ZB-BO,S-ZD-BO,S-ZF-BR,B-ZB-BO,S-ZO-BO,B-ZO-BR,B-ZF-BR,B-ZE-UN,B-ZF-UN,B-ZE-UN,S-ZF-BR,S-ZF-BR,S-ZB-BR,S-ZD-BO,S-ZF-BO,S-ZE-BO,B-ZB-BO
547,2013.08.26 01:00,USDCAD,60,86400,BUY,ZE,1,1.05300,1.04692,608.0,1.05680,1.04944,736.0,121.053,41.45,356.0,143.5,1.05300,1.04944,1.06036,UNTOUCHED,,0,,0,,0,,0,NA,Other,NA,,NA,,1.04336,BREAK,2013.09.06 15:00,0,,0,,0,,0,NA,NewYork,BREAK,2013.09.06 17:00,BREAK,2013.09.10 14:00,1.05656,UNTOUCHED,,0,,0,,0,,0,NA,Other,NA,,NA,,1.04588,BREAK,2013.09.06 11:00,0,,0,,0,,0,NA,London,BREAK,2013.09.06 15:00,BREAK,2013.09.09 15:00,B-ZB-BR,S-ZO-BR,S-ZH-BR,B-ZO-BR,B-ZB-BO,S-ZD-BO,S-ZF-BR,B-ZB-BO,S-ZO-BO,B-ZO-BR,B-ZF-UN,B-ZE-UN,S-ZF-BR,S-ZF-BR,S-ZB-BR,S-ZD-BO,S-ZF-BO,S-ZE-BO,B-ZB-BO,S-ZF-UN
548,2013.08.30 00:00,USDCAD,60,86400,BUY,ZF,1,1.05109,1.04722,387.0,1.05410,1.04797,613.0,158.398,19.38,312.0,91.3,1.05109,1.04797,1.05722,UNTOUCHED,,0,,0,,0,,0,NA,Other,NA,,NA,,1.04410,BREAK,2013.09.06 14:00,0,,0,,0,,0,NA,NewYork,BREAK,2013.09.06 16:00,BREAK,2013.09.09 15:00,1.05421,BREAK,2013.08.30 15:00,0,,0,,0,,0,NA,NewYork,UNTOUCHED,,NA,,1.04485,BREAK,2013.09.06 14:00,0,,0,,0,,0,NA,NewYork,BREAK,2013.09.06 15:00,BOUNCE,2013.09.09 02:00,B-ZE-UN,B-ZB-BR,S-ZO-BR,S-ZH-BR,B-ZO-BR,B-ZB-BO,S-ZD-BO,S-ZF-BR,B-ZB-BO,S-ZO-BO,B-ZE-UN,S-ZF-BR,S-ZF-BR,S-ZB-BR,S-ZD-BO,S-ZF-BO,S-ZE-BO,B-ZB-BO,S-ZF-UN,S-ZE-UN
549,2013.09.02 01:00,USDCAD,60,86400,BUY,ZE,1,1.05410,1.04797,613.0,1.05579,1.05086,493.0,80.424,47.15,324.0,144.7,1.05410,1.05086,1.05903,UNTOUCHED,,0,,0,,0,,0,NA,Other,NA,,NA,,1.04473,BREAK,2013.09.06 14:00,0,,0,,0,,0,NA,NewYork,BREAK,2013.09.06 16:00,BOUNCE,2013.09.09 02:00,1.05734,UNTOUCHED,,0,,0,,0,,0,NA,Other,NA,,NA,,1.04762,BOUNCE,2013.09.04 18:00,0,,0,,0,,0,NA,NewYork,NA,,NA,,B-ZF-UN,B-ZE-UN,B-ZB-BR,S-ZO-BR,S-ZH-BR,B-ZO-BR,B-ZB-BO,S-ZD-BO,S-ZF-BR,B-ZB-BO,S-ZF-BR,S-ZF-BR,S-ZB-BR,S-ZD-BO,S-ZF-BO,S-ZE-BO,B-ZB-BO,S-ZF-UN,S-ZE-UN,B-ZD-BR
550,2013.09.05 00:00,USDCAD,60,86400,SELL,ZF,1,1.05593,1.05089,504.0,1.05421,1.04753,668.0,132.540,34.13,332.0,118.9,1.05421,1.05089,1.04421,BREAK,2013.09.06 14:00,0,,0,,0,,0,NA,NewYork,BREAK,2013.09.06 16:00,BREAK,2013.09.09 15:00,1.05925,UNTOUCHED,,0,,0,,0,,0,NA,Other,NA,,NA,,1.04757,BREAK,2013.09.06 10:00,0,,0,,0,,0,NA,London,BREAK,2013.09.06 15:00,BREAK,2013.09.06 16:00,1.05753,UNTOUCHED,,0,,0,,0,,0,NA,Other,NA,,NA,,B-ZE-UN,B-ZF-UN,B-ZE-UN,B-ZB-BR,S-ZO-BR,S-ZH-BR,B-ZO-BR,B-ZB-BO,S-ZD-BO,S-ZF-BR,S-ZF-BR,S-ZB-BR,S-ZD-BO,S-ZF-BO,S-ZE-BO,B-ZB-BO,S-ZF-UN,S-ZE-UN,B-ZD-BR,B-ZE-BR
551,2013.09.09 01:00,USDCAD,60,86400,SELL,ZF,1,1.05160,1.04759,401.0,1.05050,1.03817,1233.0,307.481,27.43,291.0,94.6,1.05050,1.04759,1.03526,BREAK,2013.09.10 14:00,0,,0,,0,,0,NA,NewYork,BREAK,2013.09.11 23:00,BREAK,2013.09.16 09:00,1.05451,UNTOUCHED,,0,,0,,0,,0,NA,Other,NA,,NA,,1.04468,BREAK,2013.09.09 01:00,0,,0,,0,,0,NA,Asia,BREAK,2013.09.09 02:00,BREAK,2013.09.09 15:00,1.05341,UNTOUCHED,,0,,0,,0,,0,NA,Other,NA,,NA,,S-ZF-BR,B-ZE-UN,B-ZF-UN,B-ZE-UN,B-ZB-BR,S-ZO-BR,S-ZH-BR,B-ZO-BR,B-ZB-BO,S-ZD-BO,S-ZB-BR,S-ZD-BO,S-ZF-BO,S-ZE-BO,B-ZB-BO,S-ZF-UN,S-ZE-UN,B-ZD-BR,B-ZE-BR,S-ZG-UN
552,2013.09.10 00:00,USDCAD,60,86400,SELL,ZB,1,1.05050,1.03817,1233.0,1.04182,1.03594,588.0,47.689,70.40,365.0,291.0,1.04182,1.03817,1.03229,BREAK,2013.09.11 20:00,0,,0,,0,,0,NA,NewYork,BOUNCE,2013.09.16 17:00,NA,,1.05415,UNTOUCHED,,0,,0,,0,,0,NA,Other,NA,,NA,,1.03452,BREAK,2013.09.10 14:00,0,,0,,0,,0,NA,NewYork,BOUNCE,2013.09.13 10:00,NA,,1.04547,UNTOUCHED,,0,,0,,0,,0,NA,Other,NA,,NA,,S-ZF-BR,S-ZF-BR,B-ZE-UN,B-ZF-UN,B-ZE-UN,B-ZB-BR,S-ZO-BR,S-ZH-BR,B-ZO-BR,B-ZB-BO,S-ZD-BO,S-ZF-BO,S-ZE-BO,B-ZB-BO,S-ZF-UN,S-ZE-UN,B-ZD-BR,B-ZE-BR,S-ZG-UN,B-ZH-BR
553,2013.09.11 00:00,USDCAD,60,86400,SELL,ZD,1,1.04182,1.03594,588.0,1.03796,1.03303,493.0,83.844,65.65,202.0,138.8,1.03796,1.03594,1.03101,BOUNCE,2013.09.12 02:00,1,2013.09.13 23:00,1,2013.10.09 17:00,0,,2,3w 6d,Asia,NA,,NA,,1.04384,UNTOUCHED,,0,,0,,0,,0,NA,Other,NA,,NA,,1.03392,BREAK,2013.09.11 13:00,0,,0,,0,,0,NA,NewYork,BOUNCE,2013.09.13 08:00,NA,,1.03998,BREAK,2013.10.09 17:00,0,,0,,0,,0,NA,NewYork,BREAK,2013.10.24 18:00,BREAK,2013.10.25 12:00,S-ZB-BR,S-ZF-BR,S-ZF-BR,B-ZE-UN,B-ZF-UN,B-ZE-UN,B-ZB-BR,S-ZO-BR,S-ZH-BR,B-ZO-BR,S-ZF-BO,S-ZE-BO,B-ZB-BO,S-ZF-UN,S-ZE-UN,B-ZD-BR,B-ZE-BR,S-ZG-UN,B-ZH-BR,B-ZC-BO
554,2013.09.12 00:00,USDCAD,60,86400,SELL,ZF,0,1.03796,1.03303,493.0,1.03648,1.03132,516.0,104.665,30.02,345.0,116.3,1.03648,1.03303,1.02787,BOUNCE,2013.09.17 17:00,1,2013.10.02 08:00,1,2013.10.09 17:00,1,2013.10.10 05:00,3,3w 1d,NewYork,NA,,NA,,1.04141,BOUNCE,2013.10.10 05:00,1,2013.10.11 21:00,1,2013.10.17 11:00,1,2013.10.18 17:00,3,1w 1d,Asia,NA,,NA,,1.02958,BREAK,2013.09.16 09:00,0,,0,,0,,0,NA,London,BREAK,2013.09.18 21:00,BREAK,2013.09.18 22:00,1.03993,BREAK,2013.10.09 17:00,0,,0,,0,,0,NA,NewYork,BREAK,2013.10.25 11:00,BREAK,2013.10.30 21:00,S-ZD-BO,S-ZB-BR,S-ZF-BR,S-ZF-BR,B-ZE-UN,B-ZF-UN,B-ZE-UN,B-ZB-BR,S-ZO-BR,S-ZH-BR,S-ZE-BO,B-ZB-BO,S-ZF-UN,S-ZE-UN,B-ZD-BR,B-ZE-BR,S-ZG-UN,B-ZH-BR,B-ZC-BO,S-ZE-BO
555,2013.09.13 00:00,USDCAD,60,86400,SELL,ZE,1,1.03648,1.03132,516.0,1.03353,1.03056,297.0,57.558,57.17,221.0,121.8,1.03353,1.03132,1.02835,BOUNCE,2013.09.16 09:00,1,2013.09.17 04:00,1,2013.10.08 21:00,1,2013.10.09 17:00,3,3w 2d,London,NA,,NA,,1.03869,BREAK,2013.10.09 17:00,0,,0,,0,,0,NA,NewYork,BOUNCE,2013.10.10 13:00,NA,,1.02911,BOUNCE,2013.09.16 09:00,1,2013.10.08 21:00,1,2013.10.09 17:00,0,,2,3w 2d,London,NA,,NA,,1.03574,BREAK,2013.10.08 21:00,0,,0,,0,,0,NA,Other,BREAK,2013.10.09 17:00,BREAK,2013.10.10 05:00,S-ZF-BO,S-ZD-BO,S-ZB-BR,S-ZF-BR,S-ZF-BR,B-ZE-UN,B-ZF-UN,B-ZE-UN,B-ZB-BR,S-ZO-BR,B-ZB-BO,S-ZF-UN,S-ZE-UN,B-ZD-BR,B-ZE-BR,S-ZG-UN,B-ZH-BR,B-ZC-BO,S-ZE-BO,B-ZH-BR
556,2013.09.14 00:00,USDCAD,60,86400,BUY,ZB,1,1.03353,1.03056,297.0,1.03558,1.03198,360.0,121.212,47.81,155.0,70.1,1.03353,1.03198,1.03713,BOUNCE,2013.10.08 21:00,1,2013.10.11 21:00,1,2013.10.17 10:00,1,2013.10.17 17:00,3,1w 1d,Other,NA,,NA,,1.02901,BREAK,2013.09.16 09:00,0,,0,,0,,0,NA,London,BREAK,2013.09.18 21:00,BREAK,2013.09.18 22:00,1.03508,BOUNCE,2013.10.02 09:00,1,2013.10.04 17:00,1,2013.10.04 22:00,0,,2,2d 13h,London,NA,,NA,,1.03043,BREAK,2013.09.16 02:00,0,,0,,0,,0,NA,Asia,BOUNCE,2013.09.16 17:00,NA,,S-ZE-BO,S-ZF-BO,S-ZD-BO,S-ZB-BR,S-ZF-BR,S-ZF-BR,B-ZE-UN,B-ZF-UN,B-ZE-UN,B-ZB-BR,S-ZF-UN,S-ZE-UN,B-ZD-BR,B-ZE-BR,S-ZG-UN,B-ZH-BR,B-ZC-BO,S-ZE-BO,B-ZH-BR,B-ZB-BR
557,2013.09.19 00:00,USDCAD,60,86400,SELL,ZF,1,1.03343,1.02746,597.0,1.03180,1.02013,1167.0,195.477,27.30,434.0,140.9,1.03180,1.02746,1.01579,UNTOUCHED,,0,,0,,0,,0,NA,Other,NA,,NA,,1.03777,BREAK,2013.10.09 09:00,0,,0,,0,,0,NA,London,BREAK,2013.10.24 18:00,BREAK,2013.10.30 21:00,1.02312,BREAK,2013.09.19 00:00,0,,0,,0,,0,NA,Asia,BOUNCE,2013.09.19 17:00,NA,,1.03614,BREAK,2013.10.08 21:00,0,,0,,0,,0,NA,Other,BREAK,2013.10.10 06:00,BREAK,2013.10.29 19:00,B-ZB-BO,S-ZE-BO,S-ZF-BO,S-ZD-BO,S-ZB-BR,S-ZF-BR,S-ZF-BR,B-ZE-UN,B-ZF-UN,B-ZE-UN,S-ZE-UN,B-ZD-BR,B-ZE-BR,S-ZG-UN,B-ZH-BR,B-ZC-BO,S-ZE-BO,B-ZH-BR,B-ZB-BR,B-ZO-BR
558,2013.09.20 00:00,USDCAD,60,86400,SELL,ZE,1,1.03180,1.02013,1167.0,1.02668,1.01822,846.0,72.494,43.87,655.0,275.4,1.02668,1.02013,1.01167,UNTOUCHED,,0,,0,,0,,0,NA,Other,NA,,NA,,1.03835,BREAK,2013.10.09 15:00,0,,0,,0,,0,NA,NewYork,BREAK,2013.10.30 21:00,BOUNCE,2013.11.15 22:00,1.01358,UNTOUCHED,,0,,0,,0,,0,NA,Other,NA,,NA,,1.03323,BREAK,2013.09.26 17:00,0,,0,,0,,0,NA,NewYork,BOUNCE,2013.10.15 06:00,NA,,S-ZF-UN,B-ZB-BO,S-ZE-BO,S-ZF-BO,S-ZD-BO,S-ZB-BR,S-ZF-BR,S-ZF-BR,B-ZE-UN,B-ZF-UN,B-ZD-BR,B-ZE-BR,S-ZG-UN,B-ZH-BR,B-ZC-BO,S-ZE-BO,B-ZH-BR,B-ZB-BR,B-ZO-BR,S-ZF-BR
559,2013.09.26 00:00,USDCAD,60,86400,BUY,ZD,1,1.03103,1.02693,410.0,1.03190,1.02859,331.0,80.732,40.49,244.0,96.8,1.03103,1.02859,1.03434,BREAK,2013.10.02 04:00,0,,0,,0,,0,NA,Asia,BREAK,2013.10.09 09:00,BREAK,2013.10.09 17:00,1.02449,UNTOUCHED,,0,,0,,0,,0,NA,Other,NA,,NA,,1.03347,BOUNCE,2013.09.26 18:00,0,,0,,0,,0,NA,NewYork,NA,,NA,,1.02615,UNTOUCHED,,0,,0,,0,,0,NA,Other,NA,,NA,,S-ZE-UN,S-ZF-UN,B-ZB-BO,S-ZE-BO,S-ZF-BO,S-ZD-BO,S-ZB-BR,S-ZF-BR,S-ZF-BR,B-ZE-UN,B-ZE-BR,S-ZG-UN,B-ZH-BR,B-ZC-BO,S-ZE-BO,B-ZH-BR,B-ZB-BR,B-ZO-BR,S-ZF-BR,S-ZF-BO
560,2013.09.27 00:00,USDCAD,60,86400,BUY,ZE,1,1.03190,1.02859,331.0,1.03400,1.03026,374.0,112.991,50.45,164.0,78.1,1.03190,1.03026,1.03564,BREAK,2013.10.08 21:00,0,,0,,0,,0,NA,Other,BOUNCE,2013.10.09 01:00,NA,,1.02695,UNTOUCHED,,0,,0,,0,,0,NA,Other,NA,,NA,,1.03354,BREAK,2013.10.01 19:00,0,,0,,0,,0,NA,NewYork,BOUNCE,2013.10.02 15:00,NA,,1.02862,BREAK,2013.09.30 15:00,0,,0,,0,,0,NA,NewYork,UNTOUCHED,,NA,,B-ZD-BR,S-ZE-UN,S-ZF-UN,B-ZB-BO,S-ZE-BO,S-ZF-BO,S-ZD-BO,S-ZB-BR,S-ZF-BR,S-ZF-BR,S-ZG-UN,B-ZH-BR,B-ZC-BO,S-ZE-BO,B-ZH-BR,B-ZB-BR,B-ZO-BR,S-ZF-BR,S-ZF-BO,S-ZC-UN
561,2013.09.28 00:00,USDCAD,60,86400,SELL,ZG,0,1.03400,1.03026,374.0,1.03318,1.02980,338.0,90.374,21.93,292.0,88.3,1.03318,1.03026,1.02688,UNTOUCHED,,0,,0,,0,,0,NA,Other,NA,,NA,,1.03692,BREAK,2013.10.08 21:00,0,,0,,0,,0,NA,Other,BREAK,2013.10.10 04:00,BREAK,2013.10.24 18:00,1.02734,BOUNCE,2013.10.22 17:00,1,2013.10.23 17:00,1,2013.10.23 17:00,0,,2,1d 0h,NewYork,NA,,NA,,1.03610,BREAK,2013.10.08 21:00,0,,0,,0,,0,NA,Other,BREAK,2013.10.09 17:00,BREAK,2013.10.24 17:00,B-ZE-BR,B-ZD-BR,S-ZE-UN,S-ZF-UN,B-ZB-BO,S-ZE-BO,S-ZF-BO,S-ZD-BO,S-ZB-BR,S-ZF-BR,B-ZH-BR,B-ZC-BO,S-ZE-BO,B-ZH-BR,B-ZB-BR,B-ZO-BR,S-ZF-BR,S-ZF-BO,S-ZC-UN,B-ZF-BR
562,2013.10.02 00:00,USDCAD,60,86400,BUY,ZH,0,1.03172,1.02750,422.0,1.03362,1.02874,488.0,115.640,29.38,298.0,99.6,1.03172,1.02874,1.03660,BREAK,2013.10.08 21:00,0,,0,,0,,0,NA,Other,BREAK,2013.10.09 18:00,BREAK,2013.10.24 18:00,1.02452,UNTOUCHED,,0,,0,,0,,0,NA,Other,NA,,NA,,1.03470,BOUNCE,2013.10.02 04:00,0,,0,,0,,0,NA,Asia,NA,,NA,,1.02576,UNTOUCHED,,0,,0,,0,,0,NA,Other,NA,,NA,,S-ZG-UN,B-ZE-BR,B-ZD-BR,S-ZE-UN,S-ZF-UN,B-ZB-BO,S-ZE-BO,S-ZF-BO,S-ZD-BO,S-ZB-BR,B-ZC-BO,S-ZE-BO,B-ZH-BR,B-ZB-BR,B-ZO-BR,S-ZF-BR,S-ZF-BO,S-ZC-UN,B-ZF-BR,B-ZB-BR
563,2013.10.03 00:00,USDCAD,60,86400,BUY,ZC,1,1.03362,1.02874,488.0,1.03562,1.03216,346.0,70.902,70.08,146.0,115.2,1.03362,1.03216,1.03708,BOUNCE,2013.10.08 21:00,1,2013.10.11 21:00,1,2013.10.17 10:00,1,2013.10.22 17:00,3,1w 6d,Other,NA,,NA,,1.02728,BOUNCE,2013.10.22 17:00,1,2013.10.23 07:00,1,2013.10.23 17:00,1,2013.10.23 17:00,3,1d 0h,NewYork,NA,,NA,,1.03508,BREAK,2013.10.08 20:00,0,,0,,0,,0,NA,NewYork,BREAK,2013.10.09 09:00,BREAK,2013.10.09 17:00,1.03070,BOUNCE,2013.10.04 17:00,1,2013.10.08 20:00,1,2013.10.08 20:00,0,,2,4d 3h,NewYork,NA,,NA,,B-ZH-BR,S-ZG-UN,B-ZE-BR,B-ZD-BR,S-ZE-UN,S-ZF-UN,B-ZB-BO,S-ZE-BO,S-ZF-BO,S-ZD-BO,S-ZE-BO,B-ZH-BR,B-ZB-BR,B-ZO-BR,S-ZF-BR,S-ZF-BO,S-ZC-UN,B-ZF-BR,B-ZB-BR,B-ZB-BO
564,2013.10.04 00:00,USDCAD,60,86400,SELL,ZE,1,1.03562,1.03216,346.0,1.03393,1.03126,267.0,77.168,48.84,177.0,81.7,1.03393,1.03216,1.02949,BOUNCE,2013.10.04 21:00,1,2013.10.07 15:00,1,2013.10.08 21:00,1,2013.10.09 08:00,3,4d 11h,Other,NA,,NA,,1.03739,BREAK,2013.10.09 08:00,0,,0,,0,,0,NA,London,BREAK,2013.10.09 17:00,BREAK,2013.10.10 06:00,1.03039,BOUNCE,2013.10.04 17:00,1,2013.10.08 21:00,1,2013.10.09 08:00,0,,2,4d 15h,NewYork,NA,,NA,,1.03570,BREAK,2013.10.08 21:00,0,,0,,0,,0,NA,Other,BREAK,2013.10.09 15:00,BREAK,2013.10.09 17:00,B-ZC-BO,B-ZH-BR,S-ZG-UN,B-ZE-BR,B-ZD-BR,S-ZE-UN,S-ZF-UN,B-ZB-BO,S-ZE-BO,S-ZF-BO,B-ZH-BR,B-ZB-BR,B-ZO-BR,S-ZF-BR,S-ZF-BO,S-ZC-UN,B-ZF-BR,B-ZB-BR,B-ZB-BO,B-ZH-BR
565,2013.10.09 00:00,USDCAD,60,86400,BUY,ZH,1,1.03333,1.02956,377.0,1.03734,1.03071,663.0,175.862,30.50,262.0,89.0,1.03333,1.03071,1.03996,BREAK,2013.10.09 17:00,0,,0,,0,,0,NA,NewYork,BREAK,2013.10.24 18:00,BREAK,2013.10.29 19:00,1.02694,UNTOUCHED,,0,,0,,0,,0,NA,Other,NA,,NA,,1.03595,BREAK,2013.10.09 00:00,0,,0,,0,,0,NA,Asia,BREAK,2013.10.09 17:00,BOUNCE,2013.10.10 13:00,1.02809,BOUNCE,2013.10.17 18:00,1,2013.10.23 17:00,1,2013.10.23 17:00,0,,2,5d 23h,NewYork,NA,,NA,,S-ZE-BO,B-ZC-BO,B-ZH-BR,S-ZG-UN,B-ZE-BR,B-ZD-BR,S-ZE-UN,S-ZF-UN,B-ZB-BO,S-ZE-BO,B-ZB-BR,B-ZO-BR,S-ZF-BR,S-ZF-BO,S-ZC-UN,B-ZF-BR,B-ZB-BR,B-ZB-BO,B-ZH-BR,S-ZF-UN
566,2013.10.10 00:00,USDCAD,60,86400,BUY,ZB,1,1.03734,1.03071,663.0,1.04070,1.03527,543.0,81.900,68.78,207.0,156.5,1.03734,1.03527,1.04277,BREAK,2013.10.24 17:00,0,,0,,0,,0,NA,NewYork,BOUNCE,2013.10.29 14:00,NA,,1.02864,BOUNCE,2013.10.17 17:00,1,2013.10.23 10:00,1,2013.10.23 21:00,1,2013.10.24 17:00,3,1w 0d,NewYork,NA,,NA,,1.03941,BREAK,2013.10.10 02:00,0,,0,,0,,0,NA,Asia,BOUNCE,2013.10.10 11:00,NA,,1.03320,BOUNCE,2013.10.15 06:00,1,2013.10.23 21:00,1,2013.10.23 21:00,0,,2,1w 1d,Asia,NA,,NA,,B-ZH-BR,S-ZE-BO,B-ZC-BO,B-ZH-BR,S-ZG-UN,B-ZE-BR,B-ZD-BR,S-ZE-UN,S-ZF-UN,B-ZB-BO,B-ZO-BR,S-ZF-BR,S-ZF-BO,S-ZC-UN,B-ZF-BR,B-ZB-BR,B-ZB-BO,B-ZH-BR,S-ZF-UN,S-ZE-UN
567,2013.10.11 00:00,USDCAD,60,86400,BUY,ZO,0,1.04070,1.03527,543.0,1.04192,1.03716,476.0,87.661,34.81,354.0,128.1,1.04070,1.03716,1.04546,BREAK,2013.10.25 12:00,0,,0,,0,,0,NA,London,BOUNCE,2013.10.30 21:00,NA,,1.03173,BREAK,2013.10.17 03:00,0,,0,,0,,0,NA,Asia,BOUNCE,2013.10.23 08:00,NA,,1.04424,BREAK,2013.10.25 11:00,0,,0,,0,,0,NA,London,BREAK,2013.10.30 21:00,BOUNCE,2013.11.14 20:00,1.03362,BOUNCE,2013.10.15 04:00,1,2013.10.25 11:00,1,2013.10.25 11:00,0,,2,1w 3d,Asia,NA,,NA,,B-ZB-BR,B-ZH-BR,S-ZE-BO,B-ZC-BO,B-ZH-BR,S-ZG-UN,B-ZE-BR,B-ZD-BR,S-ZE-UN,S-ZF-UN,S-ZF-BR,S-ZF-BO,S-ZC-UN,B-ZF-BR,B-ZB-BR,B-ZB-BO,B-ZH-BR,S-ZF-UN,S-ZE-UN,S-ZG-UN
568,2013.10.12 00:00,USDCAD,60,86400,SELL,ZF,1,1.04192,1.03716,476.0,1.04119,1.03399,720.0,151.261,15.34,403.0,112.3,1.04119,1.03716,1.02996,BREAK,2013.10.17 10:00,0,,0,,0,,0,NA,London,UNTOUCHED,,NA,,1.04595,BREAK,2013.10.25 20:00,0,,0,,0,,0,NA,NewYork,BOUNCE,2013.11.13 20:00,NA,,1.03313,BREAK,2013.10.16 20:00,0,,0,,0,,0,NA,NewYork,BREAK,2013.10.18 17:00,UNTOUCHED,,1.04522,BREAK,2013.10.25 12:00,0,,0,,0,,0,NA,London,BOUNCE,2013.10.31 13:00,NA,,B-ZO-BR,B-ZB-BR,B-ZH-BR,S-ZE-BO,B-ZC-BO,B-ZH-BR,S-ZG-UN,B-ZE-BR,B-ZD-BR,S-ZE-UN,S-ZF-BO,S-ZC-UN,B-ZF-BR,B-ZB-BR,B-ZB-BO,B-ZH-BR,S-ZF-UN,S-ZE-UN,S-ZG-UN,B-ZB-BO
569,2013.10.17 00:00,USDCAD,60,86400,SELL,ZF,0,1.03910,1.03314,596.0,1.03848,1.03255,593.0,99.497,10.40,534.0,140.7,1.03848,1.03314,1.02721,BOUNCE,2013.10.22 17:00,1,2013.10.23 17:00,1,2013.10.25 10:00,1,2013.10.25 11:00,3,2d 18h,NewYork,NA,,NA,,1.04444,BREAK,2013.10.25 11:00,0,,0,,0,,0,NA,London,BOUNCE,2013.11.14 03:00,NA,,1.02780,BOUNCE,2013.10.18 17:00,1,2013.10.25 10:00,1,2013.10.25 11:00,0,,2,6d 18h,NewYork,NA,,NA,,1.04382,BREAK,2013.10.25 10:00,0,,0,,0,,0,NA,London,BOUNCE,2013.10.31 15:00,NA,,S-ZF-BR,B-ZO-BR,B-ZB-BR,B-ZH-BR,S-ZE-BO,B-ZC-BO,B-ZH-BR,S-ZG-UN,B-ZE-BR,B-ZD-BR,S-ZC-UN,B-ZF-BR,B-ZB-BR,B-ZB-BO,B-ZH-BR,S-ZF-UN,S-ZE-UN,S-ZG-UN,B-ZB-BO,S-ZF-BO
570,2013.10.19 00:00,USDCAD,60,86400,SELL,ZC,1,1.03320,1.02804,516.0,1.03017,1.02770,247.0,47.868,58.72,213.0,121.8,1.03017,1.02804,1.02557,UNTOUCHED,,0,,0,,0,,0,NA,Other,NA,,NA,,1.03533,BREAK,2013.10.23 17:00,0,,0,,0,,0,NA,NewYork,BREAK,2013.10.23 18:00,BOUNCE,2013.10.24 04:00,1.02591,UNTOUCHED,,0,,0,,0,,0,NA,Other,NA,,NA,,1.03230,BREAK,2013.10.23 09:00,0,,0,,0,,0,NA,London,BREAK,2013.10.23 17:00,BREAK,2013.10.23 18:00,S-ZF-BO,S-ZF-BR,B-ZO-BR,B-ZB-BR,B-ZH-BR,S-ZE-BO,B-ZC-BO,B-ZH-BR,S-ZG-UN,B-ZE-BR,B-ZF-BR,B-ZB-BR,B-ZB-BO,B-ZH-BR,S-ZF-UN,S-ZE-UN,S-ZG-UN,B-ZB-BO,S-ZF-BO,S-ZB-UN
571,2013.10.24 00:00,USDCAD,60,86400,BUY,ZF,1,1.03096,1.02707,389.0,1.03965,1.02816,1149.0,295.373,28.02,280.0,91.8,1.03096,1.02816,1.04245,BREAK,2013.10.24 16:00,0,,0,,0,,0,NA,NewYork,BREAK,2013.10.29 19:00,BREAK,2013.10.30 21:00,1.02427,UNTOUCHED,,0,,0,,0,,0,NA,Other,NA,,NA,,1.03376,BREAK,2013.10.24 00:00,0,,0,,0,,0,NA,Asia,BREAK,2013.10.24 01:00,BREAK,2013.10.24 12:00,1.02536,UNTOUCHED,,0,,0,,0,,0,NA,Other,NA,,NA,,S-ZC-UN,S-ZF-BO,S-ZF-BR,B-ZO-BR,B-ZB-BR,B-ZH-BR,S-ZE-BO,B-ZC-BO,B-ZH-BR,S-ZG-UN,B-ZB-BR,B-ZB-BO,B-ZH-BR,S-ZF-UN,S-ZE-UN,S-ZG-UN,B-ZB-BO,S-ZF-BO,S-ZB-UN,B-ZF-BR
572,2013.10.25 00:00,USDCAD,60,86400,BUY,ZB,1,1.03965,1.02816,1149.0,1.04376,1.03658,718.0,62.489,73.28,307.0,271.2,1.03965,1.03658,1.04683,BREAK,2013.10.29 20:00,0,,0,,0,,0,NA,NewYork,BOUNCE,2013.11.11 11:00,NA,,1.02509,UNTOUCHED,,0,,0,,0,,0,NA,Other,NA,,NA,,1.04272,BREAK,2013.10.25 03:00,0,,0,,0,,0,NA,Asia,BREAK,2013.10.30 21:00,BOUNCE,2013.10.31 11:00,1.03351,UNTOUCHED,,0,,0,,0,,0,NA,Other,NA,,NA,,B-ZF-BR,S-ZC-UN,S-ZF-BO,S-ZF-BR,B-ZO-BR,B-ZB-BR,B-ZH-BR,S-ZE-BO,B-ZC-BO,B-ZH-BR,B-ZB-BO,B-ZH-BR,S-ZF-UN,S-ZE-UN,S-ZG-UN,B-ZB-BO,S-ZF-BO,S-ZB-UN,B-ZF-BR,B-ZF-BR
573,2013.10.26 00:00,USDCAD,60,86400,BUY,ZB,1,1.04376,1.03658,718.0,1.04603,1.04099,504.0,70.195,61.42,277.0,169.4,1.04376,1.04099,1.04880,BOUNCE,2013.10.30 21:00,1,2013.10.31 16:00,0,,0,,1,19h,Other,NA,,NA,,1.03381,UNTOUCHED,,0,,0,,0,,0,NA,Other,NA,,NA,,1.04653,BREAK,2013.10.29 20:00,0,,0,,0,,0,NA,NewYork,BOUNCE,2013.11.08 16:00,NA,,1.03822,UNTOUCHED,,0,,0,,0,,0,NA,Other,NA,,NA,,B-ZB-BR,B-ZF-BR,S-ZC-UN,S-ZF-BO,S-ZF-BR,B-ZO-BR,B-ZB-BR,B-ZH-BR,S-ZE-BO,B-ZC-BO,B-ZH-BR,S-ZF-UN,S-ZE-UN,S-ZG-UN,B-ZB-BO,S-ZF-BO,S-ZB-UN,B-ZF-BR,B-ZF-BR,S-ZE-UN
574,2013.10.31 00:00,USDCAD,60,86400,BUY,ZH,0,1.04709,1.04273,436.0,1.04963,1.04405,558.0,127.982,30.28,304.0,102.9,1.04709,1.04405,1.05267,BREAK,2013.11.22 04:00,0,,0,,0,,0,NA,Asia,BREAK,2013.11.22 13:00,BREAK,2013.11.27 18:00,1.03969,UNTOUCHED,,0,,0,,0,,0,NA,Other,NA,,NA,,1.05013,BOUNCE,2013.11.08 17:00,0,,0,,0,,0,NA,NewYork,NA,,NA,,1.04101,BREAK,2013.11.04 10:00,0,,0,,0,,0,NA,London,UNTOUCHED,,NA,,B-ZB-BO,B-ZB-BR,B-ZF-BR,S-ZC-UN,S-ZF-BO,S-ZF-BR,B-ZO-BR,B-ZB-BR,B-ZH-BR,S-ZE-BO,S-ZF-UN,S-ZE-UN,S-ZG-UN,B-ZB-BO,S-ZF-BO,S-ZB-UN,B-ZF-BR,B-ZF-BR,S-ZE-UN,B-ZF-BR
575,2013.11.01 00:00,USDCAD,60,86400,SELL,ZF,0,1.04963,1.04405,558.0,1.04894,1.04121,773.0,138.530,12.37,489.0,131.7,1.04894,1.04405,1.03632,UNTOUCHED,,0,,0,,0,,0,NA,Other,NA,,NA,,1.05452,BREAK,2013.11.22 07:00,0,,0,,0,,0,NA,London,BREAK,2013.11.29 20:00,BREAK,2013.12.03 13:00,1.03916,UNTOUCHED,,0,,0,,0,,0,NA,Other,NA,,NA,,1.05383,BREAK,2013.11.22 06:00,0,,0,,0,,0,NA,Asia,BREAK,2013.11.27 18:00,BREAK,2013.12.02 13:00,B-ZH-BR,B-ZB-BO,B-ZB-BR,B-ZF-BR,S-ZC-UN,S-ZF-BO,S-ZF-BR,B-ZO-BR,B-ZB-BR,B-ZH-BR,S-ZE-UN,S-ZG-UN,B-ZB-BO,S-ZF-BO,S-ZB-UN,B-ZF-BR,B-ZF-BR,S-ZE-UN,B-ZF-BR,B-ZD-BO
576,2013.11.02 00:00,USDCAD,60,86400,SELL,ZE,1,1.04894,1.04121,773.0,1.04537,1.04114,423.0,54.722,46.18,416.0,182.4,1.04537,1.04121,1.03698,UNTOUCHED,,0,,0,,0,,0,NA,Other,NA,,NA,,1.05310,BREAK,2013.11.22 06:00,0,,0,,0,,0,NA,Asia,BOUNCE,2013.11.26 02:00,NA,,1.03705,UNTOUCHED,,0,,0,,0,,0,NA,Other,NA,,NA,,1.04953,BOUNCE,2013.11.08 16:00,0,,0,,0,,0,NA,NewYork,NA,,NA,,S-ZF-UN,B-ZH-BR,B-ZB-BO,B-ZB-BR,B-ZF-BR,S-ZC-UN,S-ZF-BO,S-ZF-BR,B-ZO-BR,B-ZB-BR,S-ZG-UN,B-ZB-BO,S-ZF-BO,S-ZB-UN,B-ZF-BR,B-ZF-BR,S-ZE-UN,B-ZF-BR,B-ZD-BO,B-ZC-BO
577,2013.11.07 00:00,USDCAD,60,86400,SELL,ZG,0,1.04617,1.04161,456.0,1.04588,1.04115,473.0,103.728,6.36,427.0,107.6,1.04588,1.04161,1.03688,UNTOUCHED,,0,,0,,0,,0,NA,Other,NA,,NA,,1.05044,BOUNCE,2013.11.12 12:00,1,2013.11.18 12:00,0,,0,,1,6d 0h,London,NA,,NA,,1.03734,UNTOUCHED,,0,,0,,0,,0,NA,Other,NA,,NA,,1.05015,BOUNCE,2013.11.08 17:00,0,,0,,0,,0,NA,NewYork,NA,,NA,,S-ZE-UN,S-ZF-UN,B-ZH-BR,B-ZB-BO,B-ZB-BR,B-ZF-BR,S-ZC-UN,S-ZF-BO,S-ZF-BR,B-ZO-BR,B-ZB-BO,S-ZF-BO,S-ZB-UN,B-ZF-BR,B-ZF-BR,S-ZE-UN,B-ZF-BR,B-ZD-BO,B-ZC-BO,B-ZF-BR
578,2013.11.09 00:00,USDCAD,60,86400,BUY,ZB,1,1.04629,1.04044,585.0,1.05030,1.04451,579.0,98.974,69.57,178.0,138.1,1.04629,1.04451,1.05208,BOUNCE,2013.11.14 18:00,1,2013.11.14 20:00,1,2013.11.18 10:00,0,,2,3d 16h,NewYork,NA,,NA,,1.03866,UNTOUCHED,,0,,0,,0,,0,NA,Other,NA,,NA,,1.04807,BREAK,2013.11.09 00:00,0,,0,,0,,0,NA,Asia,BOUNCE,2013.11.12 17:00,NA,,1.04273,BOUNCE,2013.11.18 10:00,1,2013.11.19 21:00,1,2013.11.19 21:00,0,,2,1d 11h,London,NA,,NA,,S-ZG-UN,S-ZE-UN,S-ZF-UN,B-ZH-BR,B-ZB-BO,B-ZB-BR,B-ZF-BR,S-ZC-UN,S-ZF-BO,S-ZF-BR,S-ZF-BO,S-ZB-UN,B-ZF-BR,B-ZF-BR,S-ZE-UN,B-ZF-BR,B-ZD-BO,B-ZC-BO,B-ZF-BR,S-ZG-BO
579,2013.11.14 00:00,USDCAD,60,86400,SELL,ZF,0,1.05081,1.04635,446.0,1.04959,1.04550,409.0,91.704,27.35,324.0,105.3,1.04959,1.04635,1.04226,BOUNCE,2013.11.18 11:00,1,2013.11.21 16:00,1,2013.11.22 06:00,1,2013.11.22 06:00,3,3d 19h,London,NA,,NA,,1.05405,BREAK,2013.11.22 06:00,0,,0,,0,,0,NA,Asia,BOUNCE,2013.11.26 01:00,NA,,1.04311,BREAK,2013.11.18 06:00,0,,0,,0,,0,NA,Asia,UNTOUCHED,,NA,,1.05283,BREAK,2013.11.22 06:00,0,,0,,0,,0,NA,Asia,BOUNCE,2013.11.22 17:00,NA,,B-ZB-BO,S-ZG-UN,S-ZE-UN,S-ZF-UN,B-ZH-BR,B-ZB-BO,B-ZB-BR,B-ZF-BR,S-ZC-UN,S-ZF-BO,S-ZB-UN,B-ZF-BR,B-ZF-BR,S-ZE-UN,B-ZF-BR,B-ZD-BO,B-ZC-BO,B-ZF-BR,S-ZG-BO,B-ZO-BR
580,2013.11.19 00:00,USDCAD,60,86400,SELL,ZB,1,1.04470,1.04365,105.0,1.04418,1.04146,272.0,259.048,49.52,53.0,24.8,1.04418,1.04365,1.04093,UNTOUCHED,,0,,0,,0,,0,NA,Other,NA,,NA,,1.04523,BREAK,2013.11.19 19:00,0,,0,,0,,0,NA,NewYork,BREAK,2013.11.19 20:00,BREAK,2013.11.19 21:00,1.04312,BREAK,2013.11.19 00:00,0,,0,,0,,0,NA,Asia,BOUNCE,2013.11.19 03:00,NA,,1.04471,BOUNCE,2013.11.19 13:00,1,2013.11.19 16:00,1,2013.11.19 16:00,0,,2,3h,NewYork,NA,,NA,,S-ZF-BO,B-ZB-BO,S-ZG-UN,S-ZE-UN,S-ZF-UN,B-ZH-BR,B-ZB-BO,B-ZB-BR,B-ZF-BR,S-ZC-UN,B-ZF-BR,B-ZF-BR,S-ZE-UN,B-ZF-BR,B-ZD-BO,B-ZC-BO,B-ZF-BR,S-ZG-BO,B-ZO-BR,S-ZD-BO
581,2013.11.20 00:00,USDCAD,60,86400,BUY,ZF,1,1.04418,1.04146,272.0,1.04849,1.04151,698.0,256.618,1.84,267.0,64.2,1.04418,1.04151,1.05116,BREAK,2013.11.21 18:00,0,,0,,0,,0,NA,NewYork,BREAK,2013.11.22 07:00,BOUNCE,2013.11.22 16:00,1.03879,UNTOUCHED,,0,,0,,0,,0,NA,Other,NA,,NA,,1.04685,BOUNCE,2013.11.20 00:00,0,,0,,0,,0,NA,Asia,NA,,NA,,1.03884,UNTOUCHED,,0,,0,,0,,0,NA,Other,NA,,NA,,S-ZB-UN,S-ZF-BO,B-ZB-BO,S-ZG-UN,S-ZE-UN,S-ZF-UN,B-ZH-BR,B-ZB-BO,B-ZB-BR,B-ZF-BR,B-ZF-BR,S-ZE-UN,B-ZF-BR,B-ZD-BO,B-ZC-BO,B-ZF-BR,S-ZG-BO,B-ZO-BR,S-ZD-BO,S-ZD-BO
582,2013.11.22 00:00,USDCAD,60,86400,BUY,ZF,1,1.04734,1.04358,376.0,1.05262,1.04449,813.0,216.223,24.20,285.0,88.7,1.04734,1.04449,1.05547,BREAK,2013.11.22 13:00,0,,0,,0,,0,NA,NewYork,BOUNCE,2013.11.27 15:00,NA,,1.04073,UNTOUCHED,,0,,0,,0,,0,NA,Other,NA,,NA,,1.05019,BREAK,2013.11.22 00:00,0,,0,,0,,0,NA,Asia,BREAK,2013.11.22 06:00,BREAK,2013.11.22 13:00,1.04164,UNTOUCHED,,0,,0,,0,,0,NA,Other,NA,,NA,,B-ZF-BR,S-ZB-UN,S-ZF-BO,B-ZB-BO,S-ZG-UN,S-ZE-UN,S-ZF-UN,B-ZH-BR,B-ZB-BO,B-ZB-BR,S-ZE-UN,B-ZF-BR,B-ZD-BO,B-ZC-BO,B-ZF-BR,S-ZG-BO,B-ZO-BR,S-ZD-BO,S-ZD-BO,B-ZO-BR
583,2013.11.27 00:00,USDCAD,60,86400,SELL,ZE,1,1.05828,1.05230,598.0,1.05584,1.05200,384.0,64.214,40.80,354.0,141.1,1.05584,1.05230,1.04846,UNTOUCHED,,0,,0,,0,,0,NA,Other,NA,,NA,,1.06182,BREAK,2013.11.29 20:00,0,,0,,0,,0,NA,NewYork,BREAK,2013.12.03 18:00,BREAK,2013.12.04 19:00,1.04876,UNTOUCHED,,0,,0,,0,,0,NA,Other,NA,,NA,,1.05938,BREAK,2013.11.27 17:00,0,,0,,0,,0,NA,NewYork,BREAK,2013.12.02 13:00,BREAK,2013.12.04 17:00,B-ZF-BR,B-ZF-BR,S-ZB-UN,S-ZF-BO,B-ZB-BO,S-ZG-UN,S-ZE-UN,S-ZF-UN,B-ZH-BR,B-ZB-BO,B-ZF-BR,B-ZD-BO,B-ZC-BO,B-ZF-BR,S-ZG-BO,B-ZO-BR,S-ZD-BO,S-ZD-BO,B-ZO-BR,S-ZO-UN
584,2013.11.28 00:00,USDCAD,60,86400,BUY,ZF,1,1.05584,1.05200,384.0,1.06024,1.05283,741.0,192.969,21.61,301.0,90.6,1.05584,1.05283,1.06325,BREAK,2013.12.02 11:00,0,,0,,0,,0,NA,London,BREAK,2013.12.03 18:00,BREAK,2013.12.04 19:00,1.04899,UNTOUCHED,,0,,0,,0,,0,NA,Other,NA,,NA,,1.05885,BREAK,2013.11.28 00:00,0,,0,,0,,0,NA,Asia,BREAK,2013.11.29 21:00,BREAK,2013.12.03 13:00,1.04982,UNTOUCHED,,0,,0,,0,,0,NA,Other,NA,,NA,,S-ZE-UN,B-ZF-BR,B-ZF-BR,S-ZB-UN,S-ZF-BO,B-ZB-BO,S-ZG-UN,S-ZE-UN,S-ZF-UN,B-ZH-BR,B-ZD-BO,B-ZC-BO,B-ZF-BR,S-ZG-BO,B-ZO-BR,S-ZD-BO,S-ZD-BO,B-ZO-BR,S-ZO-UN,B-ZH-BR
585,2013.12.03 00:00,USDCAD,60,86400,BUY,ZD,1,1.06186,1.06046,140.0,1.06538,1.06136,402.0,287.143,64.29,50.0,33.0,1.06186,1.06136,1.06588,BOUNCE,2013.12.03 13:00,1,2013.12.03 14:00,1,2013.12.10 21:00,1,2013.12.11 12:00,3,1w 0d,NewYork,NA,,NA,,1.05996,BREAK,2013.12.11 12:00,0,,0,,0,,0,NA,London,BREAK,2013.12.11 14:00,BREAK,2013.12.11 15:00,1.06236,BREAK,2013.12.03 00:00,0,,0,,0,,0,NA,Asia,BREAK,2013.12.03 01:00,BREAK,2013.12.03 02:00,1.06086,BREAK,2013.12.10 21:00,0,,0,,0,,0,NA,Other,BOUNCE,2013.12.10 22:00,NA,,B-ZF-BR,S-ZE-UN,B-ZF-BR,B-ZF-BR,S-ZB-UN,S-ZF-BO,B-ZB-BO,S-ZG-UN,S-ZE-UN,S-ZF-UN,B-ZC-BO,B-ZF-BR,S-ZG-BO,B-ZO-BR,S-ZD-BO,S-ZD-BO,B-ZO-BR,S-ZO-UN,B-ZH-BR,B-ZB-BO
586,2013.12.04 00:00,USDCAD,60,86400,BUY,ZC,1,1.06538,1.06136,402.0,1.06722,1.06308,414.0,102.985,42.79,230.0,94.9,1.06538,1.06308,1.06952,BOUNCE,2013.12.04 18:00,1,2013.12.05 18:00,1,2013.12.10 21:00,1,2013.12.11 14:00,3,6d 20h,NewYork,NA,,NA,,1.05906,BOUNCE,2013.12.11 14:00,1,2013.12.12 18:00,1,2013.12.18 22:00,1,2013.12.18 23:00,3,1w 0d,NewYork,NA,,NA,,1.06768,BOUNCE,2013.12.04 13:00,1,2013.12.10 21:00,1,2013.12.11 14:00,0,,2,1w 0d,NewYork,NA,,NA,,1.06078,BREAK,2013.12.10 21:00,0,,0,,0,,0,NA,Other,BOUNCE,2013.12.11 17:00,NA,,B-ZD-BO,B-ZF-BR,S-ZE-UN,B-ZF-BR,B-ZF-BR,S-ZB-UN,S-ZF-BO,B-ZB-BO,S-ZG-UN,S-ZE-UN,B-ZF-BR,S-ZG-BO,B-ZO-BR,S-ZD-BO,S-ZD-BO,B-ZO-BR,S-ZO-UN,B-ZH-BR,B-ZB-BO,B-ZE-BR
587,2013.12.05 00:00,USDCAD,60,86400,BUY,ZF,1,1.06722,1.06308,414.0,1.07068,1.06370,698.0,168.599,14.98,352.0,97.7,1.06722,1.06370,1.07420,BREAK,2014.01.07 18:00,0,,0,,0,,0,NA,NewYork,BREAK,2014.01.08 03:00,BREAK,2014.01.08 10:00,1.05956,BREAK,2013.12.11 12:00,0,,0,,0,,0,NA,London,UNTOUCHED,,NA,,1.07074,BOUNCE,2013.12.06 16:00,1,2013.12.10 23:00,1,2013.12.11 12:00,0,,2,4d 20h,NewYork,NA,,NA,,1.06018,BREAK,2013.12.10 23:00,0,,0,,0,,0,NA,Other,BOUNCE,2013.12.12 16:00,NA,,B-ZC-BO,B-ZD-BO,B-ZF-BR,S-ZE-UN,B-ZF-BR,B-ZF-BR,S-ZB-UN,S-ZF-BO,B-ZB-BO,S-ZG-UN,S-ZG-BO,B-ZO-BR,S-ZD-BO,S-ZD-BO,B-ZO-BR,S-ZO-UN,B-ZH-BR,B-ZB-BO,B-ZE-BR,B-ZD-BO
588,2013.12.06 00:00,USDCAD,60,86400,SELL,ZG,0,1.07068,1.06370,698.0,1.06988,1.06247,741.0,106.160,11.46,618.0,164.7,1.06988,1.06370,1.05629,BOUNCE,2013.12.12 12:00,1,2013.12.18 22:00,1,2014.01.07 18:00,1,2014.01.07 23:00,3,3w 5d,London,NA,,NA,,1.07686,BREAK,2014.01.07 23:00,0,,0,,0,,0,NA,Other,BREAK,2014.01.09 14:00,BREAK,2014.01.10 16:00,1.05752,BOUNCE,2013.12.12 12:00,1,2014.01.07 18:00,1,2014.01.07 23:00,0,,2,3w 5d,London,NA,,NA,,1.07606,BREAK,2014.01.07 18:00,0,,0,,0,,0,NA,NewYork,BREAK,2014.01.09 05:00,BREAK,2014.01.10 16:00,B-ZF-BR,B-ZC-BO,B-ZD-BO,B-ZF-BR,S-ZE-UN,B-ZF-BR,B-ZF-BR,S-ZB-UN,S-ZF-BO,B-ZB-BO,B-ZO-BR,S-ZD-BO,S-ZD-BO,B-ZO-BR,S-ZO-UN,B-ZH-BR,B-ZB-BO,B-ZE-BR,B-ZD-BO,B-ZH-BR
589,2013.12.10 00:00,USDCAD,60,86400,BUY,ZO,0,1.06580,1.06327,253.0,1.06696,1.06335,361.0,142.688,3.16,245.0,59.7,1.06580,1.06335,1.06941,BREAK,2013.12.18 23:00,0,,0,,0,,0,NA,Other,BREAK,2013.12.19 08:00,BREAK,2014.01.07 18:00,1.06082,BREAK,2013.12.10 21:00,0,,0,,0,,0,NA,Other,BREAK,2013.12.12 12:00,UNTOUCHED,,1.06825,BREAK,2013.12.18 22:00,0,,0,,0,,0,NA,Other,BREAK,2013.12.19 01:00,BOUNCE,2013.12.20 16:00,1.06090,BREAK,2013.12.10 21:00,0,,0,,0,,0,NA,Other,BOUNCE,2013.12.11 18:00,NA,,S-ZG-BO,B-ZF-BR,B-ZC-BO,B-ZD-BO,B-ZF-BR,S-ZE-UN,B-ZF-BR,B-ZF-BR,S-ZB-UN,S-ZF-BO,S-ZD-BO,S-ZD-BO,B-ZO-BR,S-ZO-UN,B-ZH-BR,B-ZB-BO,B-ZE-BR,B-ZD-BO,B-ZH-BR,B-ZB-BR
590,2013.12.11 00:00,USDCAD,60,86400,SELL,ZD,1,1.06696,1.06335,361.0,1.06453,1.06011,442.0,122.438,67.31,118.0,85.2,1.06453,1.06335,1.05893,BOUNCE,2013.12.11 14:00,1,2013.12.11 18:00,1,2013.12.13 13:00,1,2013.12.18 22:00,3,1w 0d,NewYork,NA,,NA,,1.06814,BREAK,2013.12.18 22:00,0,,0,,0,,0,NA,Other,BREAK,2013.12.18 23:00,BREAK,2013.12.19 01:00,1.06217,BREAK,2013.12.11 00:00,0,,0,,0,,0,NA,Asia,BREAK,2013.12.11 04:00,BOUNCE,2013.12.11 12:00,1.06571,BREAK,2013.12.13 13:00,0,,0,,0,,0,NA,NewYork,BOUNCE,2013.12.18 18:00,NA,,B-ZO-BR,S-ZG-BO,B-ZF-BR,B-ZC-BO,B-ZD-BO,B-ZF-BR,S-ZE-UN,B-ZF-BR,B-ZF-BR,S-ZB-UN,S-ZD-BO,B-ZO-BR,S-ZO-UN,B-ZH-BR,B-ZB-BO,B-ZE-BR,B-ZD-BO,B-ZH-BR,B-ZB-BR,B-ZB-BO
591,2013.12.12 00:00,USDCAD,60,86400,SELL,ZD,1,1.06453,1.06011,442.0,1.06197,1.05842,355.0,80.317,57.92,186.0,104.3,1.06197,1.06011,1.05656,BOUNCE,2013.12.12 12:00,1,2013.12.12 17:00,1,2013.12.12 18:00,1,2013.12.13 13:00,3,1d 1h,London,NA,,NA,,1.06639,BOUNCE,2013.12.13 13:00,1,2013.12.13 18:00,1,2013.12.14 00:00,0,,2,11h,NewYork,NA,,NA,,1.05825,BREAK,2013.12.12 10:00,0,,0,,0,,0,NA,London,BOUNCE,2013.12.12 16:00,NA,,1.06383,BREAK,2013.12.12 18:00,0,,0,,0,,0,NA,NewYork,BREAK,2013.12.13 13:00,BREAK,2013.12.18 22:00,S-ZD-BO,B-ZO-BR,S-ZG-BO,B-ZF-BR,B-ZC-BO,B-ZD-BO,B-ZF-BR,S-ZE-UN,B-ZF-BR,B-ZF-BR,B-ZO-BR,S-ZO-UN,B-ZH-BR,B-ZB-BO,B-ZE-BR,B-ZD-BO,B-ZH-BR,B-ZB-BR,B-ZB-BO,B-ZF-BR
592,2013.12.14 00:00,USDCAD,60,86400,BUY,ZO,0,1.06556,1.05607,949.0,1.06685,1.05858,827.0,87.144,26.45,698.0,224.0,1.06556,1.05858,1.07383,BREAK,2014.01.07 18:00,0,,0,,0,,0,NA,NewYork,BREAK,2014.01.09 04:00,BREAK,2014.01.10 16:00,1.04909,UNTOUCHED,,0,,0,,0,,0,NA,Other,NA,,NA,,1.07254,BOUNCE,2013.12.19 10:00,0,,0,,0,,0,NA,London,NA,,NA,,1.05160,UNTOUCHED,,0,,0,,0,,0,NA,Other,NA,,NA,,S-ZD-BO,S-ZD-BO,B-ZO-BR,S-ZG-BO,B-ZF-BR,B-ZC-BO,B-ZD-BO,B-ZF-BR,S-ZE-UN,B-ZF-BR,S-ZO-UN,B-ZH-BR,B-ZB-BO,B-ZE-BR,B-ZD-BO,B-ZH-BR,B-ZB-BR,B-ZB-BO,B-ZF-BR,B-ZE-BR
593,2013.12.17 00:00,USDCAD,60,86400,SELL,ZO,0,1.05949,1.05807,142.0,1.05933,1.05721,212.0,149.296,11.27,126.0,33.5,1.05933,1.05807,1.05595,UNTOUCHED,,0,,0,,0,,0,NA,Other,NA,,NA,,1.06075,BREAK,2013.12.17 18:00,0,,0,,0,,0,NA,NewYork,BREAK,2013.12.18 14:00,BREAK,2013.12.18 15:00,1.05681,UNTOUCHED,,0,,0,,0,,0,NA,Other,NA,,NA,,1.06059,BREAK,2013.12.17 18:00,0,,0,,0,,0,NA,NewYork,BOUNCE,2013.12.18 11:00,NA,,B-ZO-BR,S-ZD-BO,S-ZD-BO,B-ZO-BR,S-ZG-BO,B-ZF-BR,B-ZC-BO,B-ZD-BO,B-ZF-BR,S-ZE-UN,B-ZH-BR,B-ZB-BO,B-ZE-BR,B-ZD-BO,B-ZH-BR,B-ZB-BR,B-ZB-BO,B-ZF-BR,B-ZE-BR,S-ZC-PE
594,2013.12.18 00:00,USDCAD,60,86400,BUY,ZH,1,1.05933,1.05721,212.0,1.06175,1.05756,419.0,197.642,16.51,177.0,50.0,1.05933,1.05756,1.06352,BREAK,2013.12.18 14:00,0,,0,,0,,0,NA,NewYork,BREAK,2013.12.18 18:00,BREAK,2013.12.18 22:00,1.05544,UNTOUCHED,,0,,0,,0,,0,NA,Other,NA,,NA,,1.06110,BREAK,2013.12.18 07:00,0,,0,,0,,0,NA,London,BREAK,2013.12.18 14:00,BREAK,2013.12.18 18:00,1.05579,UNTOUCHED,,0,,0,,0,,0,NA,Other,NA,,NA,,S-ZO-UN,B-ZO-BR,S-ZD-BO,S-ZD-BO,B-ZO-BR,S-ZG-BO,B-ZF-BR,B-ZC-BO,B-ZD-BO,B-ZF-BR,B-ZB-BO,B-ZE-BR,B-ZD-BO,B-ZH-BR,B-ZB-BR,B-ZB-BO,B-ZF-BR,B-ZE-BR,S-ZC-PE,B-ZF-BR
595,2013.12.19 00:00,USDCAD,60,86400,BUY,ZB,1,1.06175,1.05756,419.0,1.07020,1.06010,1010.0,241.050,60.62,165.0,98.9,1.06175,1.06010,1.07185,BOUNCE,2013.12.19 02:00,1,2013.12.19 18:00,1,2013.12.23 18:00,0,,2,4d 16h,Asia,NA,,NA,,1.05591,UNTOUCHED,,0,,0,,0,,0,NA,Other,NA,,NA,,1.06340,BREAK,2013.12.19 00:00,0,,0,,0,,0,NA,Asia,BREAK,2013.12.19 01:00,BREAK,2013.12.19 02:00,1.05845,BOUNCE,2013.12.23 18:00,1,2013.12.24 18:00,1,2013.12.24 18:00,0,,2,1d 0h,NewYork,NA,,NA,,B-ZH-BR,S-ZO-UN,B-ZO-BR,S-ZD-BO,S-ZD-BO,B-ZO-BR,S-ZG-BO,B-ZF-BR,B-ZC-BO,B-ZD-BO,B-ZE-BR,B-ZD-BO,B-ZH-BR,B-ZB-BR,B-ZB-BO,B-ZF-BR,B-ZE-BR,S-ZC-PE,B-ZF-BR,S-ZH-PE
596,2013.12.20 00:00,USDCAD,60,86400,BUY,ZE,1,1.07020,1.06010,1010.0,1.07274,1.06600,674.0,66.733,58.42,420.0,238.4,1.07020,1.06600,1.07694,BREAK,2014.01.07 23:00,0,,0,,0,,0,NA,Other,BREAK,2014.01.09 05:00,BREAK,2014.01.10 16:00,1.05590,UNTOUCHED,,0,,0,,0,,0,NA,Other,NA,,NA,,1.07440,BREAK,2014.01.07 18:00,0,,0,,0,,0,NA,NewYork,BREAK,2014.01.08 10:00,BREAK,2014.01.09 14:00,1.06180,BREAK,2013.12.23 14:00,0,,0,,0,,0,NA,NewYork,PENDING,,NA,,B-ZB-BO,B-ZH-BR,S-ZO-UN,B-ZO-BR,S-ZD-BO,S-ZD-BO,B-ZO-BR,S-ZG-BO,B-ZF-BR,B-ZC-BO,B-ZD-BO,B-ZH-BR,B-ZB-BR,B-ZB-BO,B-ZF-BR,B-ZE-BR,S-ZC-PE,B-ZF-BR,S-ZH-PE,B-ZG-BR
597,2013.12.27 00:00,USDCAD,60,86400,BUY,ZD,1,1.06342,1.06041,301.0,1.06494,1.06158,336.0,111.628,38.87,184.0,71.0,1.06342,1.06158,1.06678,BOUNCE,2013.12.27 14:00,1,2013.12.31 15:00,1,2014.01.02 17:00,0,,2,6d 3h,NewYork,NA,,NA,,1.05857,PENDING,,0,,0,,0,,0,NA,Other,NA,,NA,,1.06526,BREAK,2013.12.27 14:00,0,,0,,0,,0,NA,NewYork,BOUNCE,2013.12.27 16:00,NA,,1.05974,BREAK,2014.01.02 17:00,0,,0,,0,,0,NA,NewYork,PENDING,,NA,,B-ZE-BR,B-ZB-BO,B-ZH-BR,S-ZO-UN,B-ZO-BR,S-ZD-BO,S-ZD-BO,B-ZO-BR,S-ZG-BO,B-ZF-BR,B-ZH-BR,B-ZB-BR,B-ZB-BO,B-ZF-BR,B-ZE-BR,S-ZC-PE,B-ZF-BR,S-ZH-PE,B-ZG-BR,B-ZF-BO
598,2013.12.28 00:00,USDCAD,60,86400,BUY,ZH,1,1.06494,1.06158,336.0,1.07183,1.06191,992.0,295.238,9.82,303.0,79.3,1.06494,1.06191,1.07486,BREAK,2014.01.07 18:00,0,,0,,0,,0,NA,NewYork,BREAK,2014.01.08 03:00,BREAK,2014.01.08 10:00,1.05855,PENDING,,0,,0,,0,,0,NA,Other,NA,,NA,,1.06797,BREAK,2013.12.28 00:00,0,,0,,0,,0,NA,Asia,BREAK,2013.12.30 04:00,BREAK,2014.01.07 18:00,1.05888,BOUNCE,2014.01.02 17:00,1,2014.01.06 17:00,1,2014.01.06 17:00,0,,2,4d 0h,NewYork,NA,,NA,,B-ZD-BO,B-ZE-BR,B-ZB-BO,B-ZH-BR,S-ZO-UN,B-ZO-BR,S-ZD-BO,S-ZD-BO,B-ZO-BR,S-ZG-BO,B-ZB-BR,B-ZB-BO,B-ZF-BR,B-ZE-BR,S-ZC-PE,B-ZF-BR,S-ZH-PE,B-ZG-BR,B-ZF-BO,S-ZB-PE
599,2014.01.08 00:00,USDCAD,60,86400,BUY,ZB,1,1.06805,1.06084,721.0,1.07811,1.06488,1323.0,183.495,56.03,317.0,170.2,1.06805,1.06488,1.08128,BREAK,2014.01.08 10:00,0,,0,,0,,0,NA,London,BREAK,2014.01.09 15:00,BREAK,2014.01.10 16:00,1.05767,PENDING,,0,,0,,0,,0,NA,Other,NA,,NA,,1.07122,BREAK,2014.01.08 00:00,0,,0,,0,,0,NA,Asia,BREAK,2014.01.08 01:00,BREAK,2014.01.08 05:00,1.06171,PENDING,,0,,0,,0,,0,NA,Other,NA,,NA,,B-ZH-BR,B-ZD-BO,B-ZE-BR,B-ZB-BO,B-ZH-BR,S-ZO-UN,B-ZO-BR,S-ZD-BO,S-ZD-BO,B-ZO-BR,B-ZB-BO,B-ZF-BR,B-ZE-BR,S-ZC-PE,B-ZF-BR,S-ZH-PE,B-ZG-BR,B-ZF-BO,S-ZB-PE,B-ZD-PE
600,2014.01.11 00:00,USDCAD,60,86400,BUY,ZB,1,1.08744,1.08029,715.0,1.09457,1.08301,1156.0,161.678,38.04,443.0,168.7,1.08744,1.08301,1.09900,BOUNCE,2014.01.15 12:00,0,,0,,0,,0,NA,London,NA,,NA,,1.07586,PENDING,,0,,0,,0,,0,NA,Other,NA,,NA,,1.09187,BOUNCE,2014.01.13 12:00,0,,0,,0,,0,NA,London,NA,,NA,,1.07858,PENDING,,0,,0,,0,,0,NA,Other,NA,,NA,,B-ZB-BR,B-ZH-BR,B-ZD-BO,B-ZE-BR,B-ZB-BO,B-ZH-BR,S-ZO-UN,B-ZO-BR,S-ZD-BO,S-ZD-BO,B-ZF-BR,B-ZE-BR,S-ZC-PE,B-ZF-BR,S-ZH-PE,B-ZG-BR,B-ZF-BO,S-ZB-PE,B-ZD-PE,
601,2014.01.15 00:00,USDCAD,60,86400,BUY,ZF,0,1.09289,1.08422,867.0,1.09586,1.08453,1133.0,130.681,3.58,836.0,204.6,1.09289,1.08453,1.10422,BREAK,2014.01.22 18:00,0,,0,,0,,0,NA,NewYork,BREAK,2014.01.23 06:00,PENDING,,1.07586,PENDING,,0,,0,,0,,0,NA,Other,NA,,NA,,1.10125,BREAK,2014.01.21 12:00,0,,0,,0,,0,NA,London,BREAK,2014.01.23 04:00,PENDING,,1.07617,PENDING,,0,,0,,0,,0,NA,Other,NA,,NA,,B-ZB-BO,B-ZB-BR,B-ZH-BR,B-ZD-BO,B-ZE-BR,B-ZB-BO,B-ZH-BR,S-ZO-UN,B-ZO-BR,S-ZD-BO,B-ZE-BR,S-ZC-PE,B-ZF-BR,S-ZH-PE,B-ZG-BR,B-ZF-BO,S-ZB-PE,B-ZD-PE,,
602,2014.01.16 00:00,USDCAD,60,86400,BUY,ZE,1,1.09586,1.08453,1133.0,1.09909,1.09200,709.0,62.577,65.93,386.0,267.4,1.09586,1.09200,1.10295,BREAK,2014.01.22 18:00,0,,0,,0,,0,NA,NewYork,BREAK,2014.01.23 02:00,BREAK,2014.01.23 04:00,1.08067,PENDING,,0,,0,,0,,0,NA,Other,NA,,NA,,1.09972,BOUNCE,2014.01.21 12:00,0,,0,,0,,0,NA,London,NA,,NA,,1.08814,PENDING,,0,,0,,0,,0,NA,Other,NA,,NA,,B-ZF-BR,B-ZB-BO,B-ZB-BR,B-ZH-BR,B-ZD-BO,B-ZE-BR,B-ZB-BO,B-ZH-BR,S-ZO-UN,B-ZO-BR,S-ZC-PE,B-ZF-BR,S-ZH-PE,B-ZG-BR,B-ZF-BO,S-ZB-PE,B-ZD-PE,,,
603,2014.01.17 00:00,USDCAD,60,86400,SELL,ZC,1,1.09909,1.09200,709.0,1.09621,1.09049,572.0,80.677,40.62,421.0,167.3,1.09621,1.09200,1.08628,PENDING,,0,,0,,0,,0,NA,Other,NA,,NA,,1.10330,BREAK,2014.01.22 18:00,0,,0,,0,,0,NA,NewYork,BREAK,2014.01.23 01:00,BREAK,2014.01.23 04:00,1.08779,PENDING,,0,,0,,0,,0,NA,Other,NA,,NA,,1.10042,BOUNCE,2014.01.21 12:00,0,,0,,0,,0,NA,London,NA,,NA,,B-ZE-BR,B-ZF-BR,B-ZB-BO,B-ZB-BR,B-ZH-BR,B-ZD-BO,B-ZE-BR,B-ZB-BO,B-ZH-BR,S-ZO-UN,B-ZF-BR,S-ZH-PE,B-ZG-BR,B-ZF-BO,S-ZB-PE,B-ZD-PE,,,,
604,2014.01.18 00:00,USDCAD,60,86400,BUY,ZF,0,1.09621,1.09049,572.0,1.09832,1.09240,592.0,103.497,33.39,381.0,135.0,1.09621,1.09240,1.10213,BREAK,2014.01.22 18:00,0,,0,,0,,0,NA,NewYork,BREAK,2014.01.22 19:00,BREAK,2014.01.23 03:00,1.08668,PENDING,,0,,0,,0,,0,NA,Other,NA,,NA,,1.10002,BREAK,2014.01.21 12:00,0,,0,,0,,0,NA,London,BREAK,2014.01.22 18:00,BREAK,2014.01.22 22:00,1.08859,PENDING,,0,,0,,0,,0,NA,Other,NA,,NA,,S-ZC-PE,B-ZE-BR,B-ZF-BR,B-ZB-BO,B-ZB-BR,B-ZH-BR,B-ZD-BO,B-ZE-BR,B-ZB-BO,B-ZH-BR,S-ZH-PE,B-ZG-BR,B-ZF-BO,S-ZB-PE,B-ZD-PE,,,,,
605,2014.01.21 00:00,USDCAD,60,86400,SELL,ZH,1,1.09781,1.09594,187.0,1.09719,1.09292,427.0,228.342,33.16,125.0,44.1,1.09719,1.09594,1.09167,PENDING,,0,,0,,0,,0,NA,Other,NA,,NA,,1.09906,BREAK,2014.01.21 12:00,0,,0,,0,,0,NA,London,BREAK,2014.01.21 13:00,BOUNCE,2014.01.21 15:00,1.09469,BREAK,2014.01.21 00:00,0,,0,,0,,0,NA,Asia,PENDING,,NA,,1.09844,BREAK,2014.01.21 11:00,0,,0,,0,,0,NA,London,BREAK,2014.01.21 12:00,BREAK,2014.01.21 15:00,B-ZF-BR,S-ZC-PE,B-ZE-BR,B-ZF-BR,B-ZB-BO,B-ZB-BR,B-ZH-BR,B-ZD-BO,B-ZE-BR,B-ZB-BO,B-ZG-BR,B-ZF-BO,S-ZB-PE,B-ZD-PE,,,,,,
606,2014.01.22 00:00,USDCAD,60,86400,BUY,ZG,1,1.09719,1.09292,427.0,1.10182,1.09418,764.0,178.923,29.51,301.0,100.8,1.09719,1.09418,1.10483,BREAK,2014.01.22 18:00,0,,0,,0,,0,NA,NewYork,BREAK,2014.01.22 22:00,BREAK,2014.01.23 04:00,1.08991,PENDING,,0,,0,,0,,0,NA,Other,NA,,NA,,1.10020,BREAK,2014.01.22 18:00,0,,0,,0,,0,NA,NewYork,BREAK,2014.01.22 19:00,BREAK,2014.01.22 20:00,1.09117,PENDING,,0,,0,,0,,0,NA,Other,NA,,NA,,S-ZH-PE,B-ZF-BR,S-ZC-PE,B-ZE-BR,B-ZF-BR,B-ZB-BO,B-ZB-BR,B-ZH-BR,B-ZD-BO,B-ZE-BR,B-ZF-BO,S-ZB-PE,B-ZD-PE,,,,,,,
607,2014.01.23 00:00,USDCAD,60,86400,BUY,ZF,1,1.10182,1.09418,764.0,1.10916,1.09531,1385.0,181.283,14.79,651.0,180.3,1.10182,1.09531,1.11567,BOUNCE,2014.01.23 11:00,0,,0,,0,,0,NA,London,NA,,NA,,1.08767,PENDING,,0,,0,,0,,0,NA,Other,NA,,NA,,1.10833,BREAK,2014.01.23 00:00,0,,0,,0,,0,NA,Asia,BREAK,2014.01.23 11:00,PENDING,,1.08880,PENDING,,0,,0,,0,,0,NA,Other,NA,,NA,,B-ZG-BR,S-ZH-PE,B-ZF-BR,S-ZC-PE,B-ZE-BR,B-ZF-BR,B-ZB-BO,B-ZB-BR,B-ZH-BR,B-ZD-BO,S-ZB-PE,B-ZD-PE,,,,,,,,
608,2014.01.25 00:00,USDCAD,60,86400,SELL,ZB,1,1.11731,1.10816,915.0,1.11371,1.10520,851.0,93.005,39.34,555.0,215.9,1.11371,1.10816,1.09965,PENDING,,0,,0,,0,,0,NA,Other,NA,,NA,,1.12286,PENDING,,0,,0,,0,,0,NA,Other,NA,,NA,,1.10261,PENDING,,0,,0,,0,,0,NA,Other,NA,,NA,,1.11926,PENDING,2014.01.30 07:00,0,,0,,0,,0,NA,London,NA,,NA,,B-ZF-BO,B-ZG-BR,S-ZH-PE,B-ZF-BR,S-ZC-PE,B-ZE-BR,B-ZF-BR,B-ZB-BO,B-ZB-BR,B-ZH-BR,B-ZD-PE,,,,,,,,,
609,2014.01.29 00:00,USDCAD,60,86400,BUY,ZD,1,1.11138,1.10313,825.0,1.11767,1.10781,986.0,119.515,56.73,357.0,194.7,1.11138,1.10781,1.12124,PENDING,,0,,0,,0,,0,NA,Other,NA,,NA,,1.09956,PENDING,,0,,0,,0,,0,NA,Other,NA,,NA,,1.11495,BREAK,2014.01.29 00:00,0,,0,,0,,0,NA,Asia,BOUNCE,2014.01.29 14:00,NA,,1.10424,PENDING,,0,,0,,0,,0,NA,Other,NA,,NA,,S-ZB-PE,B-ZF-BO,B-ZG-BR,S-ZH-PE,B-ZF-BR,S-ZC-PE,B-ZE-BR,B-ZF-BR,B-ZB-BO,B-ZB-BR,,,,,,,,,,
