AngleID,FormTime,Symbol,TF,UnitSeconds,Dir,Class,Confirmed,U2_High,U2_Low,U2_Range,U1_High,U1_Low,U1_Range,Ratio_U1_U2_pct,Corr_pct,L_points,B_points,DiagTop,DiagBot,U1X1_Level,U1X1_React,U1X1_TouchTime,U1X1_TP1_Hit,U1X1_TP1_Time,U1X1_TP2_Hit,U1X1_TP2_Time,U1X1_TP3_Hit,U1X1_TP3_Time,U1X1_MaxTP,U1X1_Dur,U1X1_Session,U1X1_X2_React,U1X1_X2_Time,U1X1_X3_React,U1X1_X3_Time,U2X1_Level,U2X1_React,U2X1_TouchTime,U2X1_TP1_Hit,U2X1_TP1_Time,U2X1_TP2_Hit,U2X1_TP2_Time,U2X1_TP3_Hit,U2X1_TP3_Time,U2X1_MaxTP,U2X1_Dur,U2X1_Session,U2X1_X2_React,U2X1_X2_Time,U2X1_X3_React,U2X1_X3_Time,DLX1_Level,DLX1_React,DLX1_TouchTime,DLX1_TP1_Hit,DLX1_TP1_Time,DLX1_TP2_Hit,DLX1_TP2_Time,DLX1_TP3_Hit,DLX1_TP3_Time,DLX1_MaxTP,DLX1_Dur,DLX1_Session,DLX1_X2_React,DLX1_X2_Time,DLX1_X3_React,DLX1_X3_Time,DRX1_Level,DRX1_React,DRX1_TouchTime,DRX1_TP1_Hit,DRX1_TP1_Time,DRX1_TP2_Hit,DRX1_TP2_Time,DRX1_TP3_Hit,DRX1_TP3_Time,DRX1_MaxTP,DRX1_Dur,DRX1_Session,DRX1_X2_React,DRX1_X2_Time,DRX1_X3_React,DRX1_X3_Time,Left_1,Left_2,Left_3,Left_4,Left_5,Left_6,Left_7,Left_8,Left_9,Left_10,Right_1,Right_2,Right_3,Right_4,Right_5,Right_6,Right_7,Right_8,Right_9,Right_10
1,2017.04.06 00:00,NZDUSD,60,86400,SELL,ZE,1,0.69976,0.69685,291.0,0.69830,0.69382,448.0,153.952,50.17,145.0,68.7,0.69830,0.69685,0.69237,BOUNCE,2017.04.10 06:00,1,2017.04.10 17:00,1,2017.04.13 05:00,1,2017.04.13 20:00,3,3d 14h,Asia,NA,,NA,,0.70121,BOUNCE,2017.04.13 20:00,1,2017.04.14 04:00,1,2017.04.15 00:00,1,2017.04.26 06:00,3,1w 5d,NewYork,NA,,NA,,0.69540,BREAK,2017.04.07 17:00,0,,0,,0,,0,NA,NewYork,BREAK,2017.04.07 21:00,BOUNCE,2017.04.10 09:00,0.69975,BREAK,2017.04.13 05:00,0,,0,,0,,0,NA,Asia,BOUNCE,2017.04.13 23:00,NA,,,,,,,,,,,,B-ZC-BR,B-ZO-BR,S-ZG-BO,B-ZC-BR,B-ZF-BO,B-ZO-BR,S-ZO-BR,B-ZO-BO,S-ZC-UN,B-ZB-BO
2,2017.04.07 00:00,NZDUSD,60,86400,BUY,ZC,1,0.69830,0.69382,448.0,0.69890,0.69572,318.0,70.982,42.41,258.0,105.7,0.69830,0.69572,0.70148,BREAK,2017.04.17 03:00,0,,0,,0,,0,NA,Asia,BREAK,2017.04.19 05:00,BOUNCE,2017.05.26 18:00,0.69124,BOUNCE,2017.04.12 22:00,1,2017.04.13 00:00,1,2017.04.13 17:00,1,2017.04.17 03:00,3,4d 5h,Other,NA,,NA,,0.70088,BOUNCE,2017.04.13 17:00,1,2017.04.26 06:00,1,2017.04.26 10:00,0,,2,1w 5d,NewYork,NA,,NA,,0.69314,BREAK,2017.04.07 22:00,0,,0,,0,,0,NA,Other,BREAK,2017.04.26 11:00,BOUNCE,2017.04.27 06:00,S-ZE-BO,,,,,,,,,,B-ZO-BR,S-ZG-BO,B-ZC-BR,B-ZF-BO,B-ZO-BR,S-ZO-BR,B-ZO-BO,S-ZC-UN,B-ZB-BO,S-ZC-UN
3,2017.04.12 00:00,NZDUSD,60,86400,BUY,ZO,0,0.69644,0.69197,447.0,0.69680,0.69291,389.0,87.025,21.03,353.0,105.5,0.69644,0.69291,0.70033,BREAK,2017.04.13 10:00,0,,0,,0,,0,NA,London,BREAK,2017.04.19 05:00,BOUNCE,2017.05.29 04:00,0.68844,BREAK,2017.04.26 16:00,0,,0,,0,,0,NA,NewYork,BOUNCE,2017.04.28 03:00,NA,,0.69997,BREAK,2017.04.13 07:00,0,,0,,0,,0,NA,London,BOUNCE,2017.04.17 23:00,NA,,0.68938,BREAK,2017.04.26 11:00,0,,0,,0,,0,NA,London,BREAK,2017.04.27 17:00,BOUNCE,2017.05.11 10:00,B-ZC-BR,S-ZE-BO,,,,,,,,,S-ZG-BO,B-ZC-BR,B-ZF-BO,B-ZO-BR,S-ZO-BR,B-ZO-BO,S-ZC-UN,B-ZB-BO,S-ZC-UN,B-ZB-BR
4,2017.04.13 00:00,NZDUSD,60,86400,SELL,ZG,0,0.69680,0.69291,389.0,0.69594,0.69083,511.0,131.362,22.11,303.0,91.8,0.69594,0.69291,0.68780,BOUNCE,2017.04.26 19:00,1,2017.05.02 23:00,1,2017.05.22 18:00,1,2017.05.23 02:00,3,3w 5d,NewYork,NA,,NA,,0.69983,BREAK,2017.04.13 05:00,0,,0,,0,,0,NA,Asia,BOUNCE,2017.04.18 01:00,NA,,0.68988,BREAK,2017.04.26 10:00,0,,0,,0,,0,NA,London,BREAK,2017.04.27 17:00,BOUNCE,2017.05.05 00:00,0.69897,BREAK,2017.04.13 03:00,0,,0,,0,,0,NA,Asia,BREAK,2017.04.17 04:00,BOUNCE,2017.04.19 11:00,B-ZO-BR,B-ZC-BR,S-ZE-BO,,,,,,,,B-ZC-BR,B-ZF-BO,B-ZO-BR,S-ZO-BR,B-ZO-BO,S-ZC-UN,B-ZB-BO,S-ZC-UN,B-ZB-BR,S-ZG-BO
5,2017.04.18 00:00,NZDUSD,60,86400,BUY,ZC,1,0.70090,0.69522,568.0,0.70353,0.69775,578.0,101.761,44.54,315.0,134.0,0.70090,0.69775,0.70668,BREAK,2017.05.26 16:00,0,,0,,0,,0,NA,NewYork,BREAK,2017.05.31 05:00,BOUNCE,2017.06.02 16:00,0.69207,BREAK,2017.04.26 06:00,0,,0,,0,,0,NA,Asia,BREAK,2017.04.26 19:00,BOUNCE,2017.04.28 03:00,0.70405,BOUNCE,2017.04.18 23:00,1,2017.04.25 19:00,1,2017.04.26 06:00,0,,2,1w 0d,Other,NA,,NA,,0.69460,BREAK,2017.04.25 19:00,0,,0,,0,,0,NA,NewYork,BREAK,2017.04.26 10:00,BOUNCE,2017.04.27 06:00,S-ZG-BO,B-ZO-BR,B-ZC-BR,S-ZE-BO,,,,,,,B-ZF-BO,B-ZO-BR,S-ZO-BR,B-ZO-BO,S-ZC-UN,B-ZB-BO,S-ZC-UN,B-ZB-BR,S-ZG-BO,B-ZF-BR
6,2017.04.19 00:00,NZDUSD,60,86400,BUY,ZF,0,0.70353,0.69775,578.0,0.70410,0.69936,474.0,82.007,27.85,417.0,136.4,0.70353,0.69936,0.70827,BOUNCE,2017.05.29 15:00,0,,0,,0,,0,NA,NewYork,NA,,NA,,0.69358,BREAK,2017.04.26 05:00,0,,0,,0,,0,NA,Asia,BREAK,2017.04.26 16:00,BOUNCE,2017.05.01 15:00,0.70770,BOUNCE,2017.05.29 15:00,0,,0,,0,,0,NA,NewYork,NA,,NA,,0.69519,BREAK,2017.04.25 11:00,0,,0,,0,,0,NA,London,BREAK,2017.04.26 11:00,BREAK,2017.04.27 17:00,B-ZC-BR,S-ZG-BO,B-ZO-BR,B-ZC-BR,S-ZE-BO,,,,,,B-ZO-BR,S-ZO-BR,B-ZO-BO,S-ZC-UN,B-ZB-BO,S-ZC-UN,B-ZB-BR,S-ZG-BO,B-ZF-BR,S-ZF-UN
7,2017.04.20 00:00,NZDUSD,60,86400,BUY,ZO,0,0.70410,0.69936,474.0,0.70517,0.69953,564.0,118.987,3.59,457.0,111.9,0.70410,0.69953,0.70974,BREAK,2017.05.30 22:00,0,,0,,0,,0,NA,Other,BREAK,2017.06.06 06:00,BREAK,2017.06.06 18:00,0.69479,BREAK,2017.04.25 12:00,0,,0,,0,,0,NA,London,BREAK,2017.04.26 15:00,BOUNCE,2017.05.01 17:00,0.70867,BOUNCE,2017.05.29 15:00,0,,0,,0,,0,NA,NewYork,NA,,NA,,0.69496,BREAK,2017.04.25 12:00,0,,0,,0,,0,NA,London,BREAK,2017.04.26 15:00,BOUNCE,2017.05.01 17:00,B-ZF-BO,B-ZC-BR,S-ZG-BO,B-ZO-BR,B-ZC-BR,S-ZE-BO,,,,,S-ZO-BR,B-ZO-BO,S-ZC-UN,B-ZB-BO,S-ZC-UN,B-ZB-BR,S-ZG-BO,B-ZF-BR,S-ZF-UN,B-ZF-BR
8,2017.04.22 00:00,NZDUSD,60,86400,SELL,ZO,0,0.70509,0.69970,539.0,0.70322,0.69824,498.0,92.393,34.69,352.0,127.2,0.70322,0.69970,0.69472,BREAK,2017.04.25 19:00,0,,0,,0,,0,NA,NewYork,BREAK,2017.04.26 10:00,BOUNCE,2017.04.27 06:00,0.70861,BOUNCE,2017.05.29 15:00,0,,0,,0,,0,NA,NewYork,NA,,NA,,0.69618,BREAK,2017.04.25 11:00,0,,0,,0,,0,NA,London,BREAK,2017.04.26 10:00,BREAK,2017.04.26 19:00,0.70674,BREAK,2017.05.26 16:00,0,,0,,0,,0,NA,NewYork,BREAK,2017.05.31 05:00,BREAK,2017.06.06 06:00,B-ZO-BR,B-ZF-BO,B-ZC-BR,S-ZG-BO,B-ZO-BR,B-ZC-BR,S-ZE-BO,,,,B-ZO-BO,S-ZC-UN,B-ZB-BO,S-ZC-UN,B-ZB-BR,S-ZG-BO,B-ZF-BR,S-ZF-UN,B-ZF-BR,B-ZF-BR
9,2017.04.25 00:00,NZDUSD,60,86400,BUY,ZO,0,0.70348,0.70070,278.0,0.70462,0.70092,370.0,133.094,7.91,256.0,65.6,0.70348,0.70092,0.70718,BOUNCE,2017.05.26 16:00,0,,0,,0,,0,NA,NewYork,NA,,NA,,0.69814,BREAK,2017.04.25 10:00,0,,0,,0,,0,NA,London,BREAK,2017.04.25 12:00,BREAK,2017.04.26 06:00,0.70604,BREAK,2017.05.26 15:00,0,,0,,0,,0,NA,NewYork,BOUNCE,2017.05.29 20:00,NA,,0.69836,BREAK,2017.04.25 10:00,0,,0,,0,,0,NA,London,BREAK,2017.04.25 12:00,BREAK,2017.04.26 06:00,S-ZO-BR,B-ZO-BR,B-ZF-BO,B-ZC-BR,S-ZG-BO,B-ZO-BR,B-ZC-BR,S-ZE-BO,,,S-ZC-UN,B-ZB-BO,S-ZC-UN,B-ZB-BR,S-ZG-BO,B-ZF-BR,S-ZF-UN,B-ZF-BR,B-ZF-BR,B-ZO-BR
10,2017.04.28 00:00,NZDUSD,60,86400,SELL,ZC,1,0.69554,0.68710,844.0,0.69194,0.68471,723.0,85.664,42.65,484.0,199.2,0.69194,0.68710,0.67987,UNTOUCHED,,0,,0,,0,,0,NA,Other,NA,,NA,,0.70038,BREAK,2017.05.23 03:00,0,,0,,0,,0,NA,Asia,BREAK,2017.05.26 16:00,BREAK,2017.05.31 14:00,0.68226,BOUNCE,2017.05.11 02:00,1,2017.05.22 15:00,1,2017.05.23 03:00,0,,2,1w 5d,Asia,NA,,NA,,0.69678,BREAK,2017.05.22 15:00,0,,0,,0,,0,NA,NewYork,BREAK,2017.05.23 10:00,BREAK,2017.05.29 15:00,B-ZO-BO,S-ZO-BR,B-ZO-BR,B-ZF-BO,B-ZC-BR,S-ZG-BO,B-ZO-BR,B-ZC-BR,S-ZE-BO,,B-ZB-BO,S-ZC-UN,B-ZB-BR,S-ZG-BO,B-ZF-BR,S-ZF-UN,B-ZF-BR,B-ZF-BR,B-ZO-BR,S-ZO-UN
11,2017.05.03 00:00,NZDUSD,60,86400,BUY,ZB,1,0.69224,0.68506,718.0,0.69397,0.69014,383.0,53.343,70.75,210.0,169.4,0.69224,0.69014,0.69607,BOUNCE,2017.05.03 02:00,1,2017.05.03 13:00,1,2017.05.03 22:00,1,2017.05.11 02:00,3,1w 1d,Asia,NA,,NA,,0.68296,BOUNCE,2017.05.11 02:00,1,2017.05.15 04:00,1,2017.05.17 21:00,1,2017.05.22 15:00,3,1w 4d,Asia,NA,,NA,,0.69434,BREAK,2017.05.03 02:00,0,,0,,0,,0,NA,Asia,BOUNCE,2017.05.03 06:00,NA,,0.68804,BOUNCE,2017.05.03 22:00,1,2017.05.08 12:00,1,2017.05.08 12:00,0,,2,4d 14h,Other,NA,,NA,,S-ZC-UN,B-ZO-BO,S-ZO-BR,B-ZO-BR,B-ZF-BO,B-ZC-BR,S-ZG-BO,B-ZO-BR,B-ZC-BR,S-ZE-BO,S-ZC-UN,B-ZB-BR,S-ZG-BO,B-ZF-BR,S-ZF-UN,B-ZF-BR,B-ZF-BR,B-ZO-BR,S-ZO-UN,B-ZG-BR
12,2017.05.05 00:00,NZDUSD,60,86400,SELL,ZC,1,0.69676,0.68661,1015.0,0.68926,0.68382,544.0,53.596,73.89,265.0,239.5,0.68926,0.68661,0.68117,UNTOUCHED,,0,,0,,0,,0,NA,Other,NA,,NA,,0.69941,BREAK,2017.05.22 18:00,0,,0,,0,,0,NA,NewYork,BREAK,2017.05.23 16:00,BOUNCE,2017.05.24 22:00,0.68396,BOUNCE,2017.05.11 01:00,1,2017.05.17 09:00,1,2017.05.22 18:00,0,,2,1w 4d,Asia,NA,,NA,,0.69191,BOUNCE,2017.05.05 19:00,1,2017.05.11 01:00,1,2017.05.11 01:00,0,,2,5d 6h,NewYork,NA,,NA,,B-ZB-BO,S-ZC-UN,B-ZO-BO,S-ZO-BR,B-ZO-BR,B-ZF-BO,B-ZC-BR,S-ZG-BO,B-ZO-BR,B-ZC-BR,B-ZB-BR,S-ZG-BO,B-ZF-BR,S-ZF-UN,B-ZF-BR,B-ZF-BR,B-ZO-BR,S-ZO-UN,B-ZG-BR,B-ZE-BR
13,2017.05.06 00:00,NZDUSD,60,86400,BUY,ZB,1,0.68926,0.68382,544.0,0.69216,0.68601,615.0,113.051,40.26,325.0,128.4,0.68926,0.68601,0.69541,BREAK,2017.05.22 11:00,0,,0,,0,,0,NA,London,BREAK,2017.05.23 02:00,BREAK,2017.05.23 10:00,0.68057,UNTOUCHED,,0,,0,,0,,0,NA,Other,NA,,NA,,0.69251,BOUNCE,2017.05.06 00:00,1,2017.05.11 02:00,0,,0,,1,5d 2h,Asia,NA,,NA,,0.68276,BOUNCE,2017.05.11 02:00,1,2017.05.17 10:00,1,2017.05.17 10:00,0,,2,6d 8h,Asia,NA,,NA,,S-ZC-UN,B-ZB-BO,S-ZC-UN,B-ZO-BO,S-ZO-BR,B-ZO-BR,B-ZF-BO,B-ZC-BR,S-ZG-BO,B-ZO-BR,S-ZG-BO,B-ZF-BR,S-ZF-UN,B-ZF-BR,B-ZF-BR,B-ZO-BR,S-ZO-UN,B-ZG-BR,B-ZE-BR,B-ZE-BO
14,2017.05.10 00:00,NZDUSD,60,86400,SELL,ZG,0,0.69446,0.68871,575.0,0.69256,0.68791,465.0,80.870,33.04,385.0,135.7,0.69256,0.68871,0.68406,BOUNCE,2017.05.11 01:00,1,2017.05.17 09:00,1,2017.05.22 15:00,1,2017.05.22 17:00,3,1w 4d,Asia,NA,,NA,,0.69831,BREAK,2017.05.22 17:00,0,,0,,0,,0,NA,NewYork,BREAK,2017.05.23 10:00,BREAK,2017.05.26 16:00,0.68486,BREAK,2017.05.11 01:00,0,,0,,0,,0,NA,Asia,UNTOUCHED,,NA,,0.69641,BREAK,2017.05.22 15:00,0,,0,,0,,0,NA,NewYork,BREAK,2017.05.23 08:00,BOUNCE,2017.05.23 23:00,B-ZB-BR,S-ZC-UN,B-ZB-BO,S-ZC-UN,B-ZO-BO,S-ZO-BR,B-ZO-BR,B-ZF-BO,B-ZC-BR,S-ZG-BO,B-ZF-BR,S-ZF-UN,B-ZF-BR,B-ZF-BR,B-ZO-BR,S-ZO-UN,B-ZG-BR,B-ZE-BR,B-ZE-BO,B-ZF-BR
15,2017.05.11 00:00,NZDUSD,60,86400,BUY,ZF,0,0.69256,0.68791,465.0,0.69497,0.68884,613.0,131.828,20.00,372.0,109.7,0.69256,0.68884,0.69869,BREAK,2017.05.22 18:00,0,,0,,0,,0,NA,NewYork,BREAK,2017.05.23 10:00,BREAK,2017.05.26 16:00,0.68419,BOUNCE,2017.05.11 01:00,1,2017.05.15 16:00,1,2017.05.22 15:00,1,2017.05.22 18:00,3,1w 4d,Asia,NA,,NA,,0.69628,BREAK,2017.05.22 15:00,0,,0,,0,,0,NA,NewYork,BREAK,2017.05.23 06:00,BOUNCE,2017.05.24 04:00,0.68512,BREAK,2017.05.11 01:00,0,,0,,0,,0,NA,Asia,UNTOUCHED,,NA,,S-ZG-BO,B-ZB-BR,S-ZC-UN,B-ZB-BO,S-ZC-UN,B-ZO-BO,S-ZO-BR,B-ZO-BR,B-ZF-BO,B-ZC-BR,S-ZF-UN,B-ZF-BR,B-ZF-BR,B-ZO-BR,S-ZO-UN,B-ZG-BR,B-ZE-BR,B-ZE-BO,B-ZF-BR,B-ZC-BR
16,2017.05.12 00:00,NZDUSD,60,86400,SELL,ZF,1,0.69497,0.68884,613.0,0.69400,0.68168,1232.0,200.979,15.82,516.0,144.7,0.69400,0.68884,0.67652,UNTOUCHED,,0,,0,,0,,0,NA,Other,NA,,NA,,0.70013,BREAK,2017.05.23 03:00,0,,0,,0,,0,NA,Asia,BREAK,2017.05.26 16:00,BREAK,2017.05.31 14:00,0.68368,BOUNCE,2017.05.12 01:00,1,2017.05.22 18:00,1,2017.05.23 03:00,0,,2,1w 4d,Asia,NA,,NA,,0.69916,BREAK,2017.05.22 18:00,0,,0,,0,,0,NA,NewYork,BOUNCE,2017.05.24 08:00,NA,,B-ZF-BR,S-ZG-BO,B-ZB-BR,S-ZC-UN,B-ZB-BO,S-ZC-UN,B-ZO-BO,S-ZO-BR,B-ZO-BR,B-ZF-BO,B-ZF-BR,B-ZF-BR,B-ZO-BR,S-ZO-UN,B-ZG-BR,B-ZE-BR,B-ZE-BO,B-ZF-BR,B-ZC-BR,B-ZB-BR
17,2017.05.16 00:00,NZDUSD,60,86400,BUY,ZF,1,0.68658,0.68502,156.0,0.69171,0.68505,666.0,426.923,1.92,153.0,36.8,0.68658,0.68505,0.69324,BREAK,2017.05.17 18:00,0,,0,,0,,0,NA,NewYork,BOUNCE,2017.05.18 05:00,NA,,0.68349,UNTOUCHED,,0,,0,,0,,0,NA,Other,NA,,NA,,0.68811,BREAK,2017.05.16 00:00,0,,0,,0,,0,NA,Asia,BREAK,2017.05.16 04:00,BREAK,2017.05.17 09:00,0.68352,UNTOUCHED,,0,,0,,0,,0,NA,Other,NA,,NA,,S-ZF-UN,B-ZF-BR,S-ZG-BO,B-ZB-BR,S-ZC-UN,B-ZB-BO,S-ZC-UN,B-ZO-BO,S-ZO-BR,B-ZO-BR,B-ZF-BR,B-ZO-BR,S-ZO-UN,B-ZG-BR,B-ZE-BR,B-ZE-BO,B-ZF-BR,B-ZC-BR,B-ZB-BR,S-ZH-UN
18,2017.05.18 00:00,NZDUSD,60,86400,BUY,ZF,1,0.69054,0.68616,438.0,0.69439,0.68734,705.0,160.959,26.94,320.0,103.4,0.69054,0.68734,0.69759,BREAK,2017.05.22 16:00,0,,0,,0,,0,NA,NewYork,BREAK,2017.05.23 08:00,BOUNCE,2017.05.23 19:00,0.68296,UNTOUCHED,,0,,0,,0,,0,NA,Other,NA,,NA,,0.69374,BREAK,2017.05.18 00:00,0,,0,,0,,0,NA,Asia,BREAK,2017.05.22 17:00,BREAK,2017.05.23 06:00,0.68414,UNTOUCHED,,0,,0,,0,,0,NA,Other,NA,,NA,,B-ZF-BR,S-ZF-UN,B-ZF-BR,S-ZG-BO,B-ZB-BR,S-ZC-UN,B-ZB-BO,S-ZC-UN,B-ZO-BO,S-ZO-BR,B-ZO-BR,S-ZO-UN,B-ZG-BR,B-ZE-BR,B-ZE-BO,B-ZF-BR,B-ZC-BR,B-ZB-BR,S-ZH-UN,B-ZF-BR
19,2017.05.19 00:00,NZDUSD,60,86400,BUY,ZO,0,0.69439,0.68734,705.0,0.69487,0.68856,631.0,89.504,17.30,583.0,166.4,0.69439,0.68856,0.70070,BREAK,2017.05.23 05:00,0,,0,,0,,0,NA,Asia,BREAK,2017.05.29 15:00,BREAK,2017.06.02 18:00,0.68151,UNTOUCHED,,0,,0,,0,,0,NA,Other,NA,,NA,,0.70022,BREAK,2017.05.23 03:00,0,,0,,0,,0,NA,Asia,BREAK,2017.05.29 15:00,BOUNCE,2017.06.01 16:00,0.68273,UNTOUCHED,,0,,0,,0,,0,NA,Other,NA,,NA,,B-ZF-BR,B-ZF-BR,S-ZF-UN,B-ZF-BR,S-ZG-BO,B-ZB-BR,S-ZC-UN,B-ZB-BO,S-ZC-UN,B-ZO-BO,S-ZO-UN,B-ZG-BR,B-ZE-BR,B-ZE-BO,B-ZF-BR,B-ZC-BR,B-ZB-BR,S-ZH-UN,B-ZF-BR,B-ZF-BR
20,2017.05.20 00:00,NZDUSD,60,86400,SELL,ZO,0,0.69487,0.68856,631.0,0.69382,0.68801,581.0,92.076,16.64,526.0,148.9,0.69382,0.68856,0.68275,UNTOUCHED,,0,,0,,0,,0,NA,Other,NA,,NA,,0.70013,BREAK,2017.05.23 03:00,0,,0,,0,,0,NA,Asia,BREAK,2017.05.26 16:00,BREAK,2017.06.02 16:00,0.68330,UNTOUCHED,,0,,0,,0,,0,NA,Other,NA,,NA,,0.69908,BREAK,2017.05.22 18:00,0,,0,,0,,0,NA,NewYork,BOUNCE,2017.05.24 08:00,NA,,B-ZO-BR,B-ZF-BR,B-ZF-BR,S-ZF-UN,B-ZF-BR,S-ZG-BO,B-ZB-BR,S-ZC-UN,B-ZB-BO,S-ZC-UN,B-ZG-BR,B-ZE-BR,B-ZE-BO,B-ZF-BR,B-ZC-BR,B-ZB-BR,S-ZH-UN,B-ZF-BR,B-ZF-BR,S-ZC-UN
21,2017.05.25 00:00,NZDUSD,60,86400,BUY,ZG,0,0.70457,0.69870,587.0,0.70534,0.69875,659.0,112.266,0.85,582.0,138.5,0.70457,0.69875,0.71116,BREAK,2017.05.31 05:00,0,,0,,0,,0,NA,Asia,BREAK,2017.06.06 14:00,BREAK,2017.06.14 12:00,0.69288,UNTOUCHED,,0,,0,,0,,0,NA,Other,NA,,NA,,0.71039,BREAK,2017.05.31 05:00,0,,0,,0,,0,NA,Asia,BREAK,2017.06.06 14:00,BREAK,2017.06.14 10:00,0.69293,UNTOUCHED,,0,,0,,0,,0,NA,Other,NA,,NA,,S-ZO-UN,B-ZO-BR,B-ZF-BR,B-ZF-BR,S-ZF-UN,B-ZF-BR,S-ZG-BO,B-ZB-BR,S-ZC-UN,B-ZB-BO,B-ZE-BR,B-ZE-BO,B-ZF-BR,B-ZC-BR,B-ZB-BR,S-ZH-UN,B-ZF-BR,B-ZF-BR,S-ZC-UN,S-ZE-UN
22,2017.05.26 00:00,NZDUSD,60,86400,BUY,ZE,1,0.70534,0.69875,659.0,0.70575,0.70152,423.0,64.188,42.03,382.0,155.5,0.70534,0.70152,0.70957,BREAK,2017.05.30 20:00,0,,0,,0,,0,NA,NewYork,BOUNCE,2017.06.02 16:00,NA,,0.69493,UNTOUCHED,,0,,0,,0,,0,NA,Other,NA,,NA,,0.70916,BREAK,2017.05.30 19:00,0,,0,,0,,0,NA,NewYork,BOUNCE,2017.06.02 16:00,NA,,0.69770,UNTOUCHED,,0,,0,,0,,0,NA,Other,NA,,NA,,B-ZG-BR,S-ZO-UN,B-ZO-BR,B-ZF-BR,B-ZF-BR,S-ZF-UN,B-ZF-BR,S-ZG-BO,B-ZB-BR,S-ZC-UN,B-ZE-BO,B-ZF-BR,B-ZC-BR,B-ZB-BR,S-ZH-UN,B-ZF-BR,B-ZF-BR,S-ZC-UN,S-ZE-UN,S-ZO-UN
23,2017.06.01 00:00,NZDUSD,60,86400,BUY,ZE,1,0.71006,0.70340,666.0,0.71210,0.70808,402.0,60.360,70.27,198.0,157.2,0.71006,0.70808,0.71408,BOUNCE,2017.06.02 18:00,0,,0,,0,,0,NA,NewYork,NA,,NA,,0.70142,UNTOUCHED,,0,,0,,0,,0,NA,Other,NA,,NA,,0.71204,BOUNCE,2017.06.02 16:00,0,,0,,0,,0,NA,NewYork,NA,,NA,,0.70610,BOUNCE,2017.06.01 16:00,1,2017.06.02 16:00,1,2017.06.02 16:00,0,,2,1d 0h,NewYork,NA,,NA,,B-ZE-BR,B-ZG-BR,S-ZO-UN,B-ZO-BR,B-ZF-BR,B-ZF-BR,S-ZF-UN,B-ZF-BR,S-ZG-BO,B-ZB-BR,B-ZF-BR,B-ZC-BR,B-ZB-BR,S-ZH-UN,B-ZF-BR,B-ZF-BR,S-ZC-UN,S-ZE-UN,S-ZO-UN,B-ZB-BR
24,2017.06.07 00:00,NZDUSD,60,86400,BUY,ZF,1,0.71484,0.71128,356.0,0.72042,0.71252,790.0,221.910,34.83,232.0,84.0,0.71484,0.71252,0.72274,BREAK,2017.06.14 10:00,0,,0,,0,,0,NA,London,BREAK,2017.06.14 13:00,BREAK,2017.06.14 16:00,0.70896,UNTOUCHED,,0,,0,,0,,0,NA,Other,NA,,NA,,0.71716,BREAK,2017.06.07 00:00,0,,0,,0,,0,NA,Asia,BREAK,2017.06.07 13:00,BOUNCE,2017.06.09 01:00,0.71020,UNTOUCHED,,0,,0,,0,,0,NA,Other,NA,,NA,,B-ZE-BO,B-ZE-BR,B-ZG-BR,S-ZO-UN,B-ZO-BR,B-ZF-BR,B-ZF-BR,S-ZF-UN,B-ZF-BR,S-ZG-BO,B-ZC-BR,B-ZB-BR,S-ZH-UN,B-ZF-BR,B-ZF-BR,S-ZC-UN,S-ZE-UN,S-ZO-UN,B-ZB-BR,B-ZO-BR
25,2017.06.08 00:00,NZDUSD,60,86400,BUY,ZC,1,0.72042,0.71252,790.0,0.72056,0.71681,375.0,47.468,54.30,361.0,186.4,0.72042,0.71681,0.72417,BREAK,2017.06.14 12:00,0,,0,,0,,0,NA,London,BREAK,2017.06.14 17:00,BOUNCE,2017.06.14 22:00,0.70891,UNTOUCHED,,0,,0,,0,,0,NA,Other,NA,,NA,,0.72403,BREAK,2017.06.14 12:00,0,,0,,0,,0,NA,London,BREAK,2017.06.14 17:00,BOUNCE,2017.06.14 22:00,0.71320,UNTOUCHED,,0,,0,,0,,0,NA,Other,NA,,NA,,B-ZF-BR,B-ZE-BO,B-ZE-BR,B-ZG-BR,S-ZO-UN,B-ZO-BR,B-ZF-BR,B-ZF-BR,S-ZF-UN,B-ZF-BR,B-ZB-BR,S-ZH-UN,B-ZF-BR,B-ZF-BR,S-ZC-UN,S-ZE-UN,S-ZO-UN,B-ZB-BR,B-ZO-BR,S-ZE-BO
26,2017.06.09 00:00,NZDUSD,60,86400,BUY,ZB,1,0.72056,0.71681,375.0,0.72219,0.71863,356.0,94.933,48.53,193.0,88.5,0.72056,0.71863,0.72412,BREAK,2017.06.14 12:00,0,,0,,0,,0,NA,London,BREAK,2017.06.14 16:00,BREAK,2017.06.14 17:00,0.71488,UNTOUCHED,,0,,0,,0,,0,NA,Other,NA,,NA,,0.72249,BOUNCE,2017.06.13 06:00,0,,0,,0,,0,NA,Asia,NA,,NA,,0.71670,UNTOUCHED,,0,,0,,0,,0,NA,Other,NA,,NA,,B-ZC-BR,B-ZF-BR,B-ZE-BO,B-ZE-BR,B-ZG-BR,S-ZO-UN,B-ZO-BR,B-ZF-BR,B-ZF-BR,S-ZF-UN,S-ZH-UN,B-ZF-BR,B-ZF-BR,S-ZC-UN,S-ZE-UN,S-ZO-UN,B-ZB-BR,B-ZO-BR,S-ZE-BO,B-ZO-BR
27,2017.06.13 00:00,NZDUSD,60,86400,SELL,ZH,1,0.72130,0.72050,80.0,0.72123,0.71699,424.0,530.000,8.75,73.0,18.9,0.72123,0.72050,0.71626,UNTOUCHED,,0,,0,,0,,0,NA,Other,NA,,NA,,0.72203,BOUNCE,2017.06.13 04:00,1,2017.06.14 03:00,1,2017.06.14 03:00,0,,2,23h,Asia,NA,,NA,,0.71977,BOUNCE,2017.06.13 00:00,1,2017.06.13 04:00,1,2017.06.13 04:00,0,,2,4h,Asia,NA,,NA,,0.72196,BOUNCE,2017.06.13 04:00,1,2017.06.14 03:00,1,2017.06.14 03:00,0,,2,23h,Asia,NA,,NA,,B-ZB-BR,B-ZC-BR,B-ZF-BR,B-ZE-BO,B-ZE-BR,B-ZG-BR,S-ZO-UN,B-ZO-BR,B-ZF-BR,B-ZF-BR,B-ZF-BR,B-ZF-BR,S-ZC-UN,S-ZE-UN,S-ZO-UN,B-ZB-BR,B-ZO-BR,S-ZE-BO,B-ZO-BR,B-ZG-BO
28,2017.06.14 00:00,NZDUSD,60,86400,BUY,ZF,0,0.72123,0.71699,424.0,0.72266,0.71825,441.0,104.009,29.72,298.0,100.1,0.72123,0.71825,0.72564,BREAK,2017.06.14 13:00,0,,0,,0,,0,NA,NewYork,BREAK,2017.06.14 17:00,BOUNCE,2017.06.14 22:00,0.71401,UNTOUCHED,,0,,0,,0,,0,NA,Other,NA,,NA,,0.72421,BREAK,2017.06.14 12:00,0,,0,,0,,0,NA,London,BREAK,2017.06.14 16:00,BREAK,2017.06.14 18:00,0.71527,UNTOUCHED,,0,,0,,0,,0,NA,Other,NA,,NA,,S-ZH-UN,B-ZB-BR,B-ZC-BR,B-ZF-BR,B-ZE-BO,B-ZE-BR,B-ZG-BR,S-ZO-UN,B-ZO-BR,B-ZF-BR,B-ZF-BR,S-ZC-UN,S-ZE-UN,S-ZO-UN,B-ZB-BR,B-ZO-BR,S-ZE-BO,B-ZO-BR,B-ZG-BO,S-ZC-BR
29,2017.06.15 00:00,NZDUSD,60,86400,BUY,ZF,1,0.72266,0.71825,441.0,0.73183,0.71976,1207.0,273.696,34.24,290.0,104.1,0.72266,0.71976,0.73473,BREAK,2017.07.13 15:00,0,,0,,0,,0,NA,NewYork,BREAK,2017.07.19 10:00,BREAK,2017.07.21 06:00,0.71535,UNTOUCHED,,0,,0,,0,,0,NA,Other,NA,,NA,,0.72556,BREAK,2017.06.15 00:00,0,,0,,0,,0,NA,Asia,BREAK,2017.06.19 05:00,BREAK,2017.06.27 12:00,0.71686,UNTOUCHED,,0,,0,,0,,0,NA,Other,NA,,NA,,B-ZF-BR,S-ZH-UN,B-ZB-BR,B-ZC-BR,B-ZF-BR,B-ZE-BO,B-ZE-BR,B-ZG-BR,S-ZO-UN,B-ZO-BR,S-ZC-UN,S-ZE-UN,S-ZO-UN,B-ZB-BR,B-ZO-BR,S-ZE-BO,B-ZO-BR,B-ZG-BO,S-ZC-BR,S-ZG-BR
30,2017.06.16 00:00,NZDUSD,60,86400,SELL,ZC,1,0.73183,0.71976,1207.0,0.72719,0.71844,875.0,72.494,38.44,743.0,284.9,0.72719,0.71976,0.71101,UNTOUCHED,,0,,0,,0,,0,NA,Other,NA,,NA,,0.73926,BREAK,2017.07.20 19:00,0,,0,,0,,0,NA,NewYork,BREAK,2017.07.26 23:00,BOUNCE,2017.07.28 13:00,0.71233,UNTOUCHED,,0,,0,,0,,0,NA,Other,NA,,NA,,0.73462,BOUNCE,2017.07.13 15:00,0,,0,,0,,0,NA,NewYork,NA,,NA,,B-ZF-BR,B-ZF-BR,S-ZH-UN,B-ZB-BR,B-ZC-BR,B-ZF-BR,B-ZE-BO,B-ZE-BR,B-ZG-BR,S-ZO-UN,S-ZE-UN,S-ZO-UN,B-ZB-BR,B-ZO-BR,S-ZE-BO,B-ZO-BR,B-ZG-BO,S-ZC-BR,S-ZG-BR,S-ZG-BO
31,2017.06.21 00:00,NZDUSD,60,86400,SELL,ZE,1,0.72973,0.72256,717.0,0.72664,0.72187,477.0,66.527,43.10,408.0,169.2,0.72664,0.72256,0.71779,UNTOUCHED,,0,,0,,0,,0,NA,Other,NA,,NA,,0.73381,BOUNCE,2017.06.27 12:00,1,2017.06.28 13:00,0,,0,,1,1d 1h,London,NA,,NA,,0.71848,UNTOUCHED,,0,,0,,0,,0,NA,Other,NA,,NA,,0.73072,BREAK,2017.06.26 17:00,0,,0,,0,,0,NA,NewYork,BREAK,2017.07.13 15:00,BREAK,2017.07.20 20:00,S-ZC-UN,B-ZF-BR,B-ZF-BR,S-ZH-UN,B-ZB-BR,B-ZC-BR,B-ZF-BR,B-ZE-BO,B-ZE-BR,B-ZG-BR,S-ZO-UN,B-ZB-BR,B-ZO-BR,S-ZE-BO,B-ZO-BR,B-ZG-BO,S-ZC-BR,S-ZG-BR,S-ZG-BO,B-ZO-BR
32,2017.06.22 00:00,NZDUSD,60,86400,SELL,ZO,0,0.72664,0.72187,477.0,0.72493,0.72052,441.0,92.453,35.85,306.0,112.6,0.72493,0.72187,0.71746,UNTOUCHED,,0,,0,,0,,0,NA,Other,NA,,NA,,0.72970,BREAK,2017.06.26 16:00,0,,0,,0,,0,NA,NewYork,BREAK,2017.06.27 12:00,BOUNCE,2017.07.13 15:00,0.71881,UNTOUCHED,,0,,0,,0,,0,NA,Other,NA,,NA,,0.72799,BREAK,2017.06.23 10:00,0,,0,,0,,0,NA,London,BREAK,2017.06.27 12:00,BOUNCE,2017.07.03 10:00,S-ZE-UN,S-ZC-UN,B-ZF-BR,B-ZF-BR,S-ZH-UN,B-ZB-BR,B-ZC-BR,B-ZF-BR,B-ZE-BO,B-ZE-BR,B-ZB-BR,B-ZO-BR,S-ZE-BO,B-ZO-BR,B-ZG-BO,S-ZC-BR,S-ZG-BR,S-ZG-BO,B-ZO-BR,S-ZF-UN
33,2017.06.24 00:00,NZDUSD,60,86400,BUY,ZB,1,0.72731,0.72142,589.0,0.72959,0.72484,475.0,80.645,58.06,247.0,139.0,0.72731,0.72484,0.73206,BREAK,2017.06.27 12:00,0,,0,,0,,0,NA,London,BOUNCE,2017.06.30 16:00,NA,,0.71895,UNTOUCHED,,0,,0,,0,,0,NA,Other,NA,,NA,,0.72978,BOUNCE,2017.06.26 16:00,1,2017.07.11 11:00,0,,0,,1,2w 0d,NewYork,NA,,NA,,0.72237,BREAK,2017.07.11 11:00,0,,0,,0,,0,NA,London,UNTOUCHED,,NA,,S-ZO-UN,S-ZE-UN,S-ZC-UN,B-ZF-BR,B-ZF-BR,S-ZH-UN,B-ZB-BR,B-ZC-BR,B-ZF-BR,B-ZE-BO,B-ZO-BR,S-ZE-BO,B-ZO-BR,B-ZG-BO,S-ZC-BR,S-ZG-BR,S-ZG-BO,B-ZO-BR,S-ZF-UN,B-ZG-BR
34,2017.06.28 00:00,NZDUSD,60,86400,BUY,ZO,1,0.73097,0.72608,489.0,0.73432,0.72646,786.0,160.736,7.77,451.0,115.4,0.73097,0.72646,0.73883,BREAK,2017.07.20 19:00,0,,0,,0,,0,NA,NewYork,BREAK,2017.07.21 14:00,BREAK,2017.07.26 23:00,0.72157,BREAK,2017.07.11 13:00,0,,0,,0,,0,NA,NewYork,UNTOUCHED,,NA,,0.73548,BREAK,2017.07.13 15:00,0,,0,,0,,0,NA,NewYork,BREAK,2017.07.20 20:00,BREAK,2017.07.21 22:00,0.72195,BREAK,2017.07.11 13:00,0,,0,,0,,0,NA,NewYork,UNTOUCHED,,NA,,B-ZB-BR,S-ZO-UN,S-ZE-UN,S-ZC-UN,B-ZF-BR,B-ZF-BR,S-ZH-UN,B-ZB-BR,B-ZC-BR,B-ZF-BR,S-ZE-BO,B-ZO-BR,B-ZG-BO,S-ZC-BR,S-ZG-BR,S-ZG-BO,B-ZO-BR,S-ZF-UN,B-ZG-BR,B-ZB-BR
35,2017.06.29 00:00,NZDUSD,60,86400,SELL,ZE,1,0.73432,0.72646,786.0,0.73131,0.72525,606.0,77.099,38.30,485.0,185.5,0.73131,0.72646,0.72040,BOUNCE,2017.07.11 18:00,1,2017.07.13 10:00,1,2017.07.13 15:00,1,2017.07.20 19:00,3,1w 2d,NewYork,NA,,NA,,0.73917,BREAK,2017.07.20 19:00,0,,0,,0,,0,NA,NewYork,BREAK,2017.07.26 22:00,BREAK,2017.07.26 23:00,0.72161,BOUNCE,2017.07.11 13:00,1,2017.07.13 15:00,1,2017.07.20 19:00,0,,2,1w 2d,NewYork,NA,,NA,,0.73616,BOUNCE,2017.07.13 15:00,0,,0,,0,,0,NA,NewYork,NA,,NA,,B-ZO-BR,B-ZB-BR,S-ZO-UN,S-ZE-UN,S-ZC-UN,B-ZF-BR,B-ZF-BR,S-ZH-UN,B-ZB-BR,B-ZC-BR,B-ZO-BR,B-ZG-BO,S-ZC-BR,S-ZG-BR,S-ZG-BO,B-ZO-BR,S-ZF-UN,B-ZG-BR,B-ZB-BR,B-ZC-BR
36,2017.06.30 00:00,NZDUSD,60,86400,BUY,ZO,0,0.73131,0.72525,606.0,0.73309,0.72747,562.0,92.739,36.63,384.0,143.0,0.73131,0.72747,0.73693,BREAK,2017.07.18 19:00,0,,0,,0,,0,NA,NewYork,BREAK,2017.07.21 06:00,BOUNCE,2017.07.25 06:00,0.72141,BOUNCE,2017.07.11 13:00,1,2017.07.13 07:00,1,2017.07.13 15:00,1,2017.07.18 19:00,3,1w 0d,NewYork,NA,,NA,,0.73515,BREAK,2017.07.13 15:00,0,,0,,0,,0,NA,NewYork,BREAK,2017.07.20 20:00,BREAK,2017.07.21 14:00,0.72363,BREAK,2017.07.11 05:00,0,,0,,0,,0,NA,Asia,UNTOUCHED,,NA,,S-ZE-BO,B-ZO-BR,B-ZB-BR,S-ZO-UN,S-ZE-UN,S-ZC-UN,B-ZF-BR,B-ZF-BR,S-ZH-UN,B-ZB-BR,B-ZG-BO,S-ZC-BR,S-ZG-BR,S-ZG-BO,B-ZO-BR,S-ZF-UN,B-ZG-BR,B-ZB-BR,B-ZC-BR,B-ZB-BO
37,2017.07.01 00:00,NZDUSD,60,86400,BUY,ZG,0,0.73309,0.72747,562.0,0.73458,0.72912,546.0,97.153,29.36,397.0,132.6,0.73309,0.72912,0.73855,BOUNCE,2017.07.19 10:00,1,2017.08.10 07:00,1,2017.08.10 11:00,0,,2,3w 1d,London,NA,,NA,,0.72350,BREAK,2017.07.11 08:00,0,,0,,0,,0,NA,London,UNTOUCHED,,NA,,0.73706,BREAK,2017.07.18 19:00,0,,0,,0,,0,NA,NewYork,BREAK,2017.07.21 06:00,BOUNCE,2017.07.25 06:00,0.72515,BOUNCE,2017.07.06 15:00,1,2017.07.18 19:00,1,2017.07.18 19:00,0,,2,1w 5d,NewYork,NA,,NA,,B-ZO-BR,S-ZE-BO,B-ZO-BR,B-ZB-BR,S-ZO-UN,S-ZE-UN,S-ZC-UN,B-ZF-BR,B-ZF-BR,S-ZH-UN,S-ZC-BR,S-ZG-BR,S-ZG-BO,B-ZO-BR,S-ZF-UN,B-ZG-BR,B-ZB-BR,B-ZC-BR,B-ZB-BO,S-ZD-BR
38,2017.07.05 00:00,NZDUSD,60,86400,SELL,ZC,1,0.73443,0.72717,726.0,0.73023,0.72612,411.0,56.612,57.85,306.0,171.3,0.73023,0.72717,0.72306,BREAK,2017.07.11 08:00,0,,0,,0,,0,NA,London,UNTOUCHED,,NA,,0.73749,BOUNCE,2017.07.19 10:00,1,2017.08.09 04:00,0,,0,,1,2w 6d,London,NA,,NA,,0.72411,BREAK,2017.07.11 05:00,0,,0,,0,,0,NA,Asia,BOUNCE,2017.07.12 09:00,NA,,0.73329,BREAK,2017.07.13 13:00,0,,0,,0,,0,NA,NewYork,BOUNCE,2017.07.14 16:00,NA,,B-ZG-BO,B-ZO-BR,S-ZE-BO,B-ZO-BR,B-ZB-BR,S-ZO-UN,S-ZE-UN,S-ZC-UN,B-ZF-BR,B-ZF-BR,S-ZG-BR,S-ZG-BO,B-ZO-BR,S-ZF-UN,B-ZG-BR,B-ZB-BR,B-ZC-BR,B-ZB-BO,S-ZD-BR,S-ZH-BR
39,2017.07.06 00:00,NZDUSD,60,86400,SELL,ZG,0,0.73023,0.72612,411.0,0.72961,0.72534,427.0,103.893,15.09,349.0,97.0,0.72961,0.72612,0.72185,BREAK,2017.07.11 13:00,0,,0,,0,,0,NA,NewYork,UNTOUCHED,,NA,,0.73372,BREAK,2017.07.13 13:00,0,,0,,0,,0,NA,NewYork,BREAK,2017.07.19 10:00,BREAK,2017.07.21 06:00,0.72263,BREAK,2017.07.11 09:00,0,,0,,0,,0,NA,London,UNTOUCHED,,NA,,0.73310,BREAK,2017.07.13 13:00,0,,0,,0,,0,NA,NewYork,BOUNCE,2017.07.13 15:00,NA,,S-ZC-BR,B-ZG-BO,B-ZO-BR,S-ZE-BO,B-ZO-BR,B-ZB-BR,S-ZO-UN,S-ZE-UN,S-ZC-UN,B-ZF-BR,S-ZG-BO,B-ZO-BR,S-ZF-UN,B-ZG-BR,B-ZB-BR,B-ZC-BR,B-ZB-BO,S-ZD-BR,S-ZH-BR,B-ZF-UN
40,2017.07.07 00:00,NZDUSD,60,86400,SELL,ZG,0,0.72961,0.72534,427.0,0.72911,0.72431,480.0,112.412,11.71,377.0,100.8,0.72911,0.72534,0.72054,BOUNCE,2017.07.11 18:00,1,2017.07.13 06:00,1,2017.07.13 13:00,1,2017.07.13 13:00,3,1d 19h,NewYork,NA,,NA,,0.73338,BREAK,2017.07.13 13:00,0,,0,,0,,0,NA,NewYork,BREAK,2017.07.19 10:00,BREAK,2017.07.21 06:00,0.72157,BREAK,2017.07.11 13:00,0,,0,,0,,0,NA,NewYork,UNTOUCHED,,NA,,0.73288,BREAK,2017.07.13 13:00,0,,0,,0,,0,NA,NewYork,BOUNCE,2017.07.13 15:00,NA,,S-ZG-BR,S-ZC-BR,B-ZG-BO,B-ZO-BR,S-ZE-BO,B-ZO-BR,B-ZB-BR,S-ZO-UN,S-ZE-UN,S-ZC-UN,B-ZO-BR,S-ZF-UN,B-ZG-BR,B-ZB-BR,B-ZC-BR,B-ZB-BO,S-ZD-BR,S-ZH-BR,B-ZF-UN,B-ZE-UN
41,2017.07.08 00:00,NZDUSD,60,86400,BUY,ZO,0,0.72911,0.72431,480.0,0.73092,0.72596,496.0,103.333,34.38,315.0,113.3,0.72911,0.72596,0.73407,BREAK,2017.07.13 14:00,0,,0,,0,,0,NA,NewYork,BREAK,2017.07.19 10:00,BREAK,2017.07.21 06:00,0.72116,BOUNCE,2017.07.11 18:00,1,2017.07.12 17:00,1,2017.07.13 13:00,1,2017.07.13 14:00,3,1d 20h,NewYork,NA,,NA,,0.73226,BREAK,2017.07.13 13:00,0,,0,,0,,0,NA,NewYork,BREAK,2017.07.13 15:00,BOUNCE,2017.07.19 18:00,0.72281,BREAK,2017.07.11 09:00,0,,0,,0,,0,NA,London,UNTOUCHED,,NA,,S-ZG-BO,S-ZG-BR,S-ZC-BR,B-ZG-BO,B-ZO-BR,S-ZE-BO,B-ZO-BR,B-ZB-BR,S-ZO-UN,S-ZE-UN,S-ZF-UN,B-ZG-BR,B-ZB-BR,B-ZC-BR,B-ZB-BO,S-ZD-BR,S-ZH-BR,B-ZF-UN,B-ZE-UN,S-ZE-BR
42,2017.07.12 00:00,NZDUSD,60,86400,SELL,ZF,1,0.72822,0.72607,215.0,0.72751,0.72006,745.0,346.512,33.02,144.0,50.7,0.72751,0.72607,0.71862,UNTOUCHED,,0,,0,,0,,0,NA,Other,NA,,NA,,0.72966,BREAK,2017.07.13 10:00,0,,0,,0,,0,NA,London,BREAK,2017.07.13 13:00,BREAK,2017.07.13 14:00,0.72463,BREAK,2017.07.12 00:00,0,,0,,0,,0,NA,Asia,BREAK,2017.07.12 01:00,BOUNCE,2017.07.12 06:00,0.72895,BREAK,2017.07.13 07:00,0,,0,,0,,0,NA,London,BOUNCE,2017.07.13 10:00,NA,,B-ZO-BR,S-ZG-BO,S-ZG-BR,S-ZC-BR,B-ZG-BO,B-ZO-BR,S-ZE-BO,B-ZO-BR,B-ZB-BR,S-ZO-UN,B-ZG-BR,B-ZB-BR,B-ZC-BR,B-ZB-BO,S-ZD-BR,S-ZH-BR,B-ZF-UN,B-ZE-UN,S-ZE-BR,S-ZH-BR
43,2017.07.13 00:00,NZDUSD,60,86400,BUY,ZG,0,0.72751,0.72006,745.0,0.72796,0.72151,645.0,86.577,19.46,600.0,175.8,0.72751,0.72151,0.73396,BREAK,2017.07.13 14:00,0,,0,,0,,0,NA,NewYork,BREAK,2017.07.21 06:00,BREAK,2017.07.26 22:00,0.71406,UNTOUCHED,,0,,0,,0,,0,NA,Other,NA,,NA,,0.73351,BREAK,2017.07.13 13:00,0,,0,,0,,0,NA,NewYork,BREAK,2017.07.20 21:00,BREAK,2017.07.26 22:00,0.71551,UNTOUCHED,,0,,0,,0,,0,NA,Other,NA,,NA,,S-ZF-UN,B-ZO-BR,S-ZG-BO,S-ZG-BR,S-ZC-BR,B-ZG-BO,B-ZO-BR,S-ZE-BO,B-ZO-BR,B-ZB-BR,B-ZB-BR,B-ZC-BR,B-ZB-BO,S-ZD-BR,S-ZH-BR,B-ZF-UN,B-ZE-UN,S-ZE-BR,S-ZH-BR,S-ZO-BR
44,2017.07.14 00:00,NZDUSD,60,86400,BUY,ZB,1,0.72796,0.72151,645.0,0.73676,0.72454,1222.0,189.457,46.98,342.0,152.2,0.72796,0.72454,0.74018,BREAK,2017.07.20 20:00,0,,0,,0,,0,NA,NewYork,BREAK,2017.07.21 22:00,BREAK,2017.07.26 22:00,0.71809,UNTOUCHED,,0,,0,,0,,0,NA,Other,NA,,NA,,0.73138,BREAK,2017.07.14 00:00,0,,0,,0,,0,NA,Asia,BREAK,2017.07.14 16:00,BOUNCE,2017.07.20 06:00,0.72112,BREAK,2017.08.23 12:00,0,,0,,0,,0,NA,London,BREAK,2017.08.31 10:00,BOUNCE,2017.08.31 22:00,B-ZG-BR,S-ZF-UN,B-ZO-BR,S-ZG-BO,S-ZG-BR,S-ZC-BR,B-ZG-BO,B-ZO-BR,S-ZE-BO,B-ZO-BR,B-ZC-BR,B-ZB-BO,S-ZD-BR,S-ZH-BR,B-ZF-UN,B-ZE-UN,S-ZE-BR,S-ZH-BR,S-ZO-BR,B-ZO-UN
45,2017.07.20 00:00,NZDUSD,60,86400,BUY,ZC,1,0.73718,0.72616,1102.0,0.73868,0.73395,473.0,42.922,70.69,323.0,260.1,0.73718,0.73395,0.74191,BREAK,2017.07.21 06:00,0,,0,,0,,0,NA,Asia,BOUNCE,2017.07.25 06:00,NA,,0.72293,BOUNCE,2017.08.15 21:00,1,2017.08.16 22:00,0,,0,,1,1d 1h,Other,NA,,NA,,0.74041,BREAK,2017.07.20 20:00,0,,0,,0,,0,NA,NewYork,BOUNCE,2017.07.25 06:00,NA,,0.73072,BREAK,2017.08.10 07:00,0,,0,,0,,0,NA,London,BOUNCE,2017.08.11 16:00,NA,,B-ZB-BR,B-ZG-BR,S-ZF-UN,B-ZO-BR,S-ZG-BO,S-ZG-BR,S-ZC-BR,B-ZG-BO,B-ZO-BR,S-ZE-BO,B-ZB-BO,S-ZD-BR,S-ZH-BR,B-ZF-UN,B-ZE-UN,S-ZE-BR,S-ZH-BR,S-ZO-BR,B-ZO-UN,S-ZH-BR
46,2017.07.22 00:00,NZDUSD,60,86400,BUY,ZB,1,0.74139,0.73328,811.0,0.74572,0.73928,644.0,79.408,73.98,211.0,191.4,0.74139,0.73928,0.74783,BOUNCE,2017.07.26 22:00,1,2017.08.02 02:00,1,2017.08.07 12:00,1,2017.08.09 04:00,3,1w 6d,Other,NA,,NA,,0.73117,BOUNCE,2017.08.09 04:00,1,2017.08.10 01:00,0,,0,,1,21h,Asia,NA,,NA,,0.74350,BREAK,2017.07.22 00:00,0,,0,,0,,0,NA,Asia,BREAK,2017.07.26 22:00,BREAK,2017.07.26 23:00,0.73717,BREAK,2017.08.07 12:00,0,,0,,0,,0,NA,London,BREAK,2017.08.08 18:00,BREAK,2017.08.09 04:00,B-ZC-BR,B-ZB-BR,B-ZG-BR,S-ZF-UN,B-ZO-BR,S-ZG-BO,S-ZG-BR,S-ZC-BR,B-ZG-BO,B-ZO-BR,S-ZD-BR,S-ZH-BR,B-ZF-UN,B-ZE-UN,S-ZE-BR,S-ZH-BR,S-ZO-BR,B-ZO-UN,S-ZH-BR,S-ZB-BR
47,2017.07.25 00:00,NZDUSD,60,86400,SELL,ZD,1,0.74576,0.74508,68.0,0.74552,0.74209,343.0,504.412,35.29,44.0,16.0,0.74552,0.74508,0.74165,BREAK,2017.07.25 06:00,0,,0,,0,,0,NA,Asia,BREAK,2017.07.25 23:00,BREAK,2017.07.26 00:00,0.74620,BREAK,2017.07.26 22:00,0,,0,,0,,0,NA,Other,BREAK,2017.07.26 23:00,BREAK,2017.07.27 00:00,0.74464,BREAK,2017.07.25 00:00,0,,0,,0,,0,NA,Asia,BREAK,2017.07.25 01:00,BREAK,2017.07.25 02:00,0.74596,BREAK,2017.07.26 22:00,0,,0,,0,,0,NA,Other,BREAK,2017.07.26 23:00,BREAK,2017.07.27 00:00,B-ZB-BO,B-ZC-BR,B-ZB-BR,B-ZG-BR,S-ZF-UN,B-ZO-BR,S-ZG-BO,S-ZG-BR,S-ZC-BR,B-ZG-BO,S-ZH-BR,B-ZF-UN,B-ZE-UN,S-ZE-BR,S-ZH-BR,S-ZO-BR,B-ZO-UN,S-ZH-BR,S-ZB-BR,S-ZE-BR
48,2017.07.26 00:00,NZDUSD,60,86400,SELL,ZH,0,0.74552,0.74209,343.0,0.74498,0.74003,495.0,144.315,15.74,289.0,80.9,0.74498,0.74209,0.73714,BREAK,2017.08.07 12:00,0,,0,,0,,0,NA,London,BREAK,2017.08.08 18:00,BOUNCE,2017.08.10 01:00,0.74841,BOUNCE,2017.07.26 22:00,1,2017.08.02 02:00,1,2017.08.03 06:00,1,2017.08.07 12:00,3,1w 4d,Other,NA,,NA,,0.73920,BOUNCE,2017.08.03 06:00,0,,0,,0,,0,NA,Asia,NA,,NA,,0.74787,BREAK,2017.07.26 22:00,0,,0,,0,,0,NA,Other,BREAK,2017.07.26 23:00,BREAK,2017.07.27 07:00,S-ZD-BR,B-ZB-BO,B-ZC-BR,B-ZB-BR,B-ZG-BR,S-ZF-UN,B-ZO-BR,S-ZG-BO,S-ZG-BR,S-ZC-BR,B-ZF-UN,B-ZE-UN,S-ZE-BR,S-ZH-BR,S-ZO-BR,B-ZO-UN,S-ZH-BR,S-ZB-BR,S-ZE-BR,S-ZF-BO
49,2017.07.27 00:00,NZDUSD,60,86400,BUY,ZF,1,0.74498,0.74003,495.0,0.75275,0.74037,1238.0,250.101,6.87,461.0,116.8,0.74498,0.74037,0.75736,UNTOUCHED,,0,,0,,0,,0,NA,Other,NA,,NA,,0.73542,BREAK,2017.08.07 16:00,0,,0,,0,,0,NA,NewYork,BOUNCE,2017.08.10 01:00,NA,,0.74959,BREAK,2017.07.27 00:00,0,,0,,0,,0,NA,Asia,BREAK,2017.07.27 07:00,UNTOUCHED,,0.73576,BREAK,2017.08.07 13:00,0,,0,,0,,0,NA,NewYork,BOUNCE,2017.08.10 02:00,NA,,S-ZH-BR,S-ZD-BR,B-ZB-BO,B-ZC-BR,B-ZB-BR,B-ZG-BR,S-ZF-UN,B-ZO-BR,S-ZG-BO,S-ZG-BR,B-ZE-UN,S-ZE-BR,S-ZH-BR,S-ZO-BR,B-ZO-UN,S-ZH-BR,S-ZB-BR,S-ZE-BR,S-ZF-BO,B-ZE-BO
50,2017.07.28 00:00,NZDUSD,60,86400,BUY,ZE,1,0.75275,0.74037,1238.0,0.75573,0.74789,784.0,63.328,60.74,486.0,292.2,0.75275,0.74789,0.76059,UNTOUCHED,,0,,0,,0,,0,NA,Other,NA,,NA,,0.73551,BREAK,2017.08.07 15:00,0,,0,,0,,0,NA,NewYork,BREAK,2017.08.10 09:00,BOUNCE,2017.08.11 16:00,0.75761,UNTOUCHED,,0,,0,,0,,0,NA,Other,NA,,NA,,0.74303,BREAK,2017.08.02 02:00,0,,0,,0,,0,NA,Asia,BREAK,2017.08.07 16:00,BREAK,2017.08.10 07:00,B-ZF-UN,S-ZH-BR,S-ZD-BR,B-ZB-BO,B-ZC-BR,B-ZB-BR,B-ZG-BR,S-ZF-UN,B-ZO-BR,S-ZG-BO,S-ZE-BR,S-ZH-BR,S-ZO-BR,B-ZO-UN,S-ZH-BR,S-ZB-BR,S-ZE-BR,S-ZF-BO,B-ZE-BO,S-ZF-BR
51,2017.07.29 00:00,NZDUSD,60,86400,SELL,ZE,1,0.75573,0.74789,784.0,0.75238,0.74595,643.0,82.015,42.73,449.0,185.0,0.75238,0.74789,0.74146,BREAK,2017.08.02 16:00,0,,0,,0,,0,NA,NewYork,BREAK,2017.08.07 17:00,BREAK,2017.08.10 07:00,0.76022,UNTOUCHED,,0,,0,,0,,0,NA,Other,NA,,NA,,0.74340,BREAK,2017.08.02 02:00,0,,0,,0,,0,NA,Asia,BREAK,2017.08.07 12:00,BREAK,2017.08.08 18:00,0.75687,UNTOUCHED,,0,,0,,0,,0,NA,Other,NA,,NA,,B-ZE-UN,B-ZF-UN,S-ZH-BR,S-ZD-BR,B-ZB-BO,B-ZC-BR,B-ZB-BR,B-ZG-BR,S-ZF-UN,B-ZO-BR,S-ZH-BR,S-ZO-BR,B-ZO-UN,S-ZH-BR,S-ZB-BR,S-ZE-BR,S-ZF-BO,B-ZE-BO,S-ZF-BR,S-ZC-BR
52,2017.08.01 00:00,NZDUSD,60,86400,SELL,ZH,1,0.75230,0.75124,106.0,0.75215,0.74669,546.0,515.094,14.15,91.0,25.0,0.75215,0.75124,0.74578,BREAK,2017.08.02 02:00,0,,0,,0,,0,NA,Asia,BREAK,2017.08.02 03:00,BREAK,2017.08.02 04:00,0.75321,UNTOUCHED,,0,,0,,0,,0,NA,Other,NA,,NA,,0.75033,BOUNCE,2017.08.01 03:00,0,,0,,0,,0,NA,Asia,NA,,NA,,0.75306,UNTOUCHED,,0,,0,,0,,0,NA,Other,NA,,NA,,S-ZE-BR,B-ZE-UN,B-ZF-UN,S-ZH-BR,S-ZD-BR,B-ZB-BO,B-ZC-BR,B-ZB-BR,B-ZG-BR,S-ZF-UN,S-ZO-BR,B-ZO-UN,S-ZH-BR,S-ZB-BR,S-ZE-BR,S-ZF-BO,B-ZE-BO,S-ZF-BR,S-ZC-BR,B-ZF-BO
53,2017.08.04 00:00,NZDUSD,60,86400,SELL,ZO,0,0.74732,0.74094,638.0,0.74503,0.73898,605.0,94.828,35.89,409.0,150.6,0.74503,0.74094,0.73489,BREAK,2017.08.07 20:00,0,,0,,0,,0,NA,NewYork,BOUNCE,2017.08.10 01:00,NA,,0.75141,UNTOUCHED,,0,,0,,0,,0,NA,Other,NA,,NA,,0.73685,BREAK,2017.08.07 12:00,0,,0,,0,,0,NA,London,BREAK,2017.08.09 04:00,BREAK,2017.08.10 09:00,0.74912,UNTOUCHED,,0,,0,,0,,0,NA,Other,NA,,NA,,S-ZH-BR,S-ZE-BR,B-ZE-UN,B-ZF-UN,S-ZH-BR,S-ZD-BR,B-ZB-BO,B-ZC-BR,B-ZB-BR,B-ZG-BR,B-ZO-UN,S-ZH-BR,S-ZB-BR,S-ZE-BR,S-ZF-BO,B-ZE-BO,S-ZF-BR,S-ZC-BR,B-ZF-BO,S-ZF-BR
54,2017.08.05 00:00,NZDUSD,60,86400,BUY,ZO,0,0.74503,0.73898,605.0,0.74540,0.73915,625.0,103.306,2.81,588.0,142.8,0.74503,0.73915,0.75128,UNTOUCHED,,0,,0,,0,,0,NA,Other,NA,,NA,,0.73310,BREAK,2017.08.08 18:00,0,,0,,0,,0,NA,NewYork,BREAK,2017.08.10 11:00,BREAK,2017.08.23 20:00,0.75091,UNTOUCHED,,0,,0,,0,,0,NA,Other,NA,,NA,,0.73327,BREAK,2017.08.08 18:00,0,,0,,0,,0,NA,NewYork,BREAK,2017.08.10 11:00,BREAK,2017.08.23 20:00,S-ZO-BR,S-ZH-BR,S-ZE-BR,B-ZE-UN,B-ZF-UN,S-ZH-BR,S-ZD-BR,B-ZB-BO,B-ZC-BR,B-ZB-BR,S-ZH-BR,S-ZB-BR,S-ZE-BR,S-ZF-BO,B-ZE-BO,S-ZF-BR,S-ZC-BR,B-ZF-BO,S-ZF-BR,B-ZF-BR
55,2017.08.08 00:00,NZDUSD,60,86400,SELL,ZH,1,0.74170,0.74108,62.0,0.74155,0.73469,686.0,1106.452,24.19,47.0,14.6,0.74155,0.74108,0.73422,BREAK,2017.08.08 17:00,0,,0,,0,,0,NA,NewYork,BREAK,2017.08.08 18:00,BREAK,2017.08.08 19:00,0.74217,UNTOUCHED,,0,,0,,0,,0,NA,Other,NA,,NA,,0.74061,BREAK,2017.08.08 00:00,0,,0,,0,,0,NA,Asia,BREAK,2017.08.08 01:00,BREAK,2017.08.08 02:00,0.74202,UNTOUCHED,,0,,0,,0,,0,NA,Other,NA,,NA,,B-ZO-UN,S-ZO-BR,S-ZH-BR,S-ZE-BR,B-ZE-UN,B-ZF-UN,S-ZH-BR,S-ZD-BR,B-ZB-BO,B-ZC-BR,S-ZB-BR,S-ZE-BR,S-ZF-BO,B-ZE-BO,S-ZF-BR,S-ZC-BR,B-ZF-BO,S-ZF-BR,B-ZF-BR,S-ZO-BR
56,2017.08.09 00:00,NZDUSD,60,86400,SELL,ZB,1,0.74155,0.73469,686.0,0.73691,0.73172,519.0,75.656,67.64,222.0,161.9,0.73691,0.73469,0.72950,BREAK,2017.08.10 09:00,0,,0,,0,,0,NA,London,BREAK,2017.08.10 11:00,BOUNCE,2017.08.15 16:00,0.74377,UNTOUCHED,,0,,0,,0,,0,NA,Other,NA,,NA,,0.73247,BREAK,2017.08.09 00:00,0,,0,,0,,0,NA,Asia,BREAK,2017.08.10 09:00,BREAK,2017.08.10 11:00,0.73913,UNTOUCHED,,0,,0,,0,,0,NA,Other,NA,,NA,,S-ZH-BR,B-ZO-UN,S-ZO-BR,S-ZH-BR,S-ZE-BR,B-ZE-UN,B-ZF-UN,S-ZH-BR,S-ZD-BR,B-ZB-BO,S-ZE-BR,S-ZF-BO,B-ZE-BO,S-ZF-BR,S-ZC-BR,B-ZF-BO,S-ZF-BR,B-ZF-BR,S-ZO-BR,S-ZB-BR
57,2017.08.10 00:00,NZDUSD,60,86400,SELL,ZE,1,0.73691,0.73172,519.0,0.73367,0.73074,293.0,56.455,62.43,195.0,122.5,0.73367,0.73172,0.72879,BREAK,2017.08.10 09:00,0,,0,,0,,0,NA,London,BREAK,2017.08.10 11:00,BOUNCE,2017.08.15 16:00,0.73886,BOUNCE,2017.09.20 15:00,0,,0,,0,,0,NA,NewYork,NA,,NA,,0.72977,BREAK,2017.08.10 09:00,0,,0,,0,,0,NA,London,BREAK,2017.08.10 10:00,BOUNCE,2017.08.10 16:00,0.73562,BOUNCE,2017.08.10 01:00,1,2017.08.10 09:00,1,2017.08.10 09:00,0,,2,8h,Asia,NA,,NA,,S-ZB-BR,S-ZH-BR,B-ZO-UN,S-ZO-BR,S-ZH-BR,S-ZE-BR,B-ZE-UN,B-ZF-UN,S-ZH-BR,S-ZD-BR,S-ZF-BO,B-ZE-BO,S-ZF-BR,S-ZC-BR,B-ZF-BO,S-ZF-BR,B-ZF-BR,S-ZO-BR,S-ZB-BR,B-ZF-BR
58,2017.08.16 00:00,NZDUSD,60,86400,SELL,ZF,1,0.73295,0.72801,494.0,0.73109,0.72283,826.0,167.206,37.65,308.0,116.6,0.73109,0.72801,0.71975,BOUNCE,2017.08.23 20:00,1,2017.08.28 21:00,1,2017.09.18 06:00,1,2017.09.20 10:00,3,3w 6d,NewYork,NA,,NA,,0.73603,BREAK,2017.09.20 10:00,0,,0,,0,,0,NA,London,BREAK,2017.09.20 21:00,BREAK,2017.09.20 22:00,0.72493,BREAK,2017.08.16 00:00,0,,0,,0,,0,NA,Asia,BREAK,2017.08.23 12:00,BREAK,2017.08.31 05:00,0.73417,BOUNCE,2017.09.18 06:00,1,2017.09.18 22:00,1,2017.09.18 22:00,0,,2,16h,Asia,NA,,NA,,S-ZE-BR,S-ZB-BR,S-ZH-BR,B-ZO-UN,S-ZO-BR,S-ZH-BR,S-ZE-BR,B-ZE-UN,B-ZF-UN,S-ZH-BR,B-ZE-BO,S-ZF-BR,S-ZC-BR,B-ZF-BO,S-ZF-BR,B-ZF-BR,S-ZO-BR,S-ZB-BR,B-ZF-BR,B-ZD-UN
59,2017.08.18 00:00,NZDUSD,60,86400,BUY,ZE,1,0.73172,0.72222,950.0,0.73341,0.72863,478.0,50.316,67.47,309.0,224.2,0.73172,0.72863,0.73650,BOUNCE,2017.09.20 10:00,1,2017.09.21 10:00,1,2017.09.25 07:00,1,2017.09.26 18:00,3,6d 8h,London,NA,,NA,,0.71913,BOUNCE,2017.08.24 10:00,1,2017.08.25 18:00,1,2017.09.20 10:00,1,2017.09.20 10:00,3,3w 6d,London,NA,,NA,,0.73481,BREAK,2017.09.20 10:00,0,,0,,0,,0,NA,London,BREAK,2017.09.20 21:00,BREAK,2017.09.20 22:00,0.72554,BREAK,2017.08.23 04:00,0,,0,,0,,0,NA,Asia,BREAK,2017.08.23 20:00,BOUNCE,2017.08.25 12:00,S-ZF-BO,S-ZE-BR,S-ZB-BR,S-ZH-BR,B-ZO-UN,S-ZO-BR,S-ZH-BR,S-ZE-BR,B-ZE-UN,B-ZF-UN,S-ZF-BR,S-ZC-BR,B-ZF-BO,S-ZF-BR,B-ZF-BR,S-ZO-BR,S-ZB-BR,B-ZF-BR,B-ZD-UN,S-ZC-BR
60,2017.08.23 00:00,NZDUSD,60,86400,SELL,ZF,1,0.73361,0.73016,345.0,0.73341,0.72720,621.0,180.000,5.80,325.0,81.4,0.73341,0.73016,0.72395,BREAK,2017.08.23 05:00,0,,0,,0,,0,NA,Asia,BREAK,2017.08.23 20:00,BREAK,2017.08.31 05:00,0.73686,BOUNCE,2017.09.20 10:00,1,2017.09.21 10:00,1,2017.09.25 06:00,1,2017.09.26 05:00,3,5d 19h,London,NA,,NA,,0.72691,BREAK,2017.08.23 04:00,0,,0,,0,,0,NA,Asia,BREAK,2017.08.23 10:00,BREAK,2017.08.24 10:00,0.73666,BREAK,2017.09.20 10:00,0,,0,,0,,0,NA,London,BREAK,2017.09.20 21:00,BOUNCE,2017.09.20 22:00,B-ZE-BO,S-ZF-BO,S-ZE-BR,S-ZB-BR,S-ZH-BR,B-ZO-UN,S-ZO-BR,S-ZH-BR,S-ZE-BR,B-ZE-UN,S-ZC-BR,B-ZF-BO,S-ZF-BR,B-ZF-BR,S-ZO-BR,S-ZB-BR,B-ZF-BR,B-ZD-UN,S-ZC-BR,S-ZO-BR
61,2017.08.25 00:00,NZDUSD,60,86400,SELL,ZC,1,0.72821,0.71963,858.0,0.72352,0.71907,445.0,51.865,54.66,389.0,202.5,0.72352,0.71963,0.71518,BREAK,2017.08.31 10:00,0,,0,,0,,0,NA,London,BREAK,2017.10.06 08:00,BOUNCE,2017.10.12 08:00,0.73210,BOUNCE,2017.09.08 07:00,1,2017.09.11 03:00,1,2017.10.03 09:00,1,2017.10.03 09:00,3,3w 4d,London,NA,,NA,,0.71574,BREAK,2017.08.31 10:00,0,,0,,0,,0,NA,London,BREAK,2017.10.06 07:00,BREAK,2017.10.06 16:00,0.72741,BREAK,2017.08.29 12:00,0,,0,,0,,0,NA,London,BOUNCE,2017.09.08 06:00,NA,,S-ZF-BR,B-ZE-BO,S-ZF-BO,S-ZE-BR,S-ZB-BR,S-ZH-BR,B-ZO-UN,S-ZO-BR,S-ZH-BR,S-ZE-BR,B-ZF-BO,S-ZF-BR,B-ZF-BR,S-ZO-BR,S-ZB-BR,B-ZF-BR,B-ZD-UN,S-ZC-BR,S-ZO-BR,S-ZD-BO
62,2017.08.26 00:00,NZDUSD,60,86400,BUY,ZF,0,0.72352,0.71907,445.0,0.72575,0.71959,616.0,138.427,11.69,393.0,105.0,0.72352,0.71959,0.72968,BOUNCE,2017.08.29 16:00,1,2017.08.30 16:00,1,2017.08.31 10:00,1,2017.08.31 10:00,3,1d 18h,NewYork,NA,,NA,,0.71514,BREAK,2017.08.31 10:00,0,,0,,0,,0,NA,London,BREAK,2017.10.06 04:00,BREAK,2017.10.06 16:00,0.72745,BREAK,2017.08.29 12:00,0,,0,,0,,0,NA,London,BOUNCE,2017.09.08 06:00,NA,,0.71566,BREAK,2017.08.31 10:00,0,,0,,0,,0,NA,London,BREAK,2017.10.06 04:00,BREAK,2017.10.06 16:00,S-ZC-BR,S-ZF-BR,B-ZE-BO,S-ZF-BO,S-ZE-BR,S-ZB-BR,S-ZH-BR,B-ZO-UN,S-ZO-BR,S-ZH-BR,S-ZF-BR,B-ZF-BR,S-ZO-BR,S-ZB-BR,B-ZF-BR,B-ZD-UN,S-ZC-BR,S-ZO-BR,S-ZD-BO,S-ZD-BR
63,2017.08.31 00:00,NZDUSD,60,86400,SELL,ZF,0,0.72976,0.72169,807.0,0.72768,0.71882,886.0,109.789,25.77,599.0,190.5,0.72768,0.72169,0.71283,BREAK,2017.10.05 17:00,0,,0,,0,,0,NA,NewYork,BOUNCE,2017.10.12 20:00,NA,,0.73575,BREAK,2017.09.20 10:00,0,,0,,0,,0,NA,London,BOUNCE,2017.09.20 22:00,NA,,0.71570,BREAK,2017.08.31 10:00,0,,0,,0,,0,NA,London,BREAK,2017.10.06 16:00,BREAK,2017.10.19 15:00,0.73367,BOUNCE,2017.09.18 06:00,1,2017.10.03 09:00,1,2017.10.03 09:00,0,,2,2w 1d,Asia,NA,,NA,,B-ZF-BO,S-ZC-BR,S-ZF-BR,B-ZE-BO,S-ZF-BO,S-ZE-BR,S-ZB-BR,S-ZH-BR,B-ZO-UN,S-ZO-BR,B-ZF-BR,S-ZO-BR,S-ZB-BR,B-ZF-BR,B-ZD-UN,S-ZC-BR,S-ZO-BR,S-ZD-BO,S-ZD-BR,S-ZO-BR
64,2017.09.06 00:00,NZDUSD,60,86400,BUY,ZF,1,0.71815,0.71448,367.0,0.72624,0.71568,1056.0,287.738,32.70,247.0,86.6,0.71815,0.71568,0.72871,BREAK,2017.09.08 06:00,0,,0,,0,,0,NA,Asia,BREAK,2017.09.08 07:00,BOUNCE,2017.09.18 06:00,0.71201,BREAK,2017.10.05 19:00,0,,0,,0,,0,NA,NewYork,BREAK,2017.10.06 13:00,BREAK,2017.10.06 16:00,0.72062,BREAK,2017.09.06 00:00,0,,0,,0,,0,NA,Asia,BREAK,2017.09.06 01:00,BOUNCE,2017.09.06 06:00,0.71321,BREAK,2017.10.05 17:00,0,,0,,0,,0,NA,NewYork,BREAK,2017.10.06 04:00,BREAK,2017.10.06 16:00,S-ZF-BR,B-ZF-BO,S-ZC-BR,S-ZF-BR,B-ZE-BO,S-ZF-BO,S-ZE-BR,S-ZB-BR,S-ZH-BR,B-ZO-UN,S-ZO-BR,S-ZB-BR,B-ZF-BR,B-ZD-UN,S-ZC-BR,S-ZO-BR,S-ZD-BO,S-ZD-BR,S-ZO-BR,S-ZB-BR
65,2017.09.08 00:00,NZDUSD,60,86400,SELL,ZO,0,0.72602,0.71856,746.0,0.72409,0.71713,696.0,93.298,25.87,553.0,176.1,0.72409,0.71856,0.71160,BREAK,2017.10.05 19:00,0,,0,,0,,0,NA,NewYork,BOUNCE,2017.10.12 08:00,NA,,0.73155,BREAK,2017.09.08 07:00,0,,0,,0,,0,NA,London,BOUNCE,2017.09.20 10:00,NA,,0.71303,BREAK,2017.10.05 17:00,0,,0,,0,,0,NA,NewYork,BREAK,2017.10.09 01:00,BREAK,2017.10.20 04:00,0.72962,BREAK,2017.09.08 06:00,0,,0,,0,,0,NA,Asia,BREAK,2017.09.20 10:00,BREAK,2017.09.20 22:00,B-ZF-BR,S-ZF-BR,B-ZF-BO,S-ZC-BR,S-ZF-BR,B-ZE-BO,S-ZF-BO,S-ZE-BR,S-ZB-BR,S-ZH-BR,S-ZB-BR,B-ZF-BR,B-ZD-UN,S-ZC-BR,S-ZO-BR,S-ZD-BO,S-ZD-BR,S-ZO-BR,S-ZB-BR,S-ZB-BR
66,2017.09.15 00:00,NZDUSD,60,86400,SELL,ZB,1,0.73035,0.72202,833.0,0.72626,0.71835,791.0,94.958,49.10,424.0,196.6,0.72626,0.72202,0.71411,BREAK,2017.10.05 16:00,0,,0,,0,,0,NA,NewYork,BREAK,2017.10.06 16:00,BOUNCE,2017.10.11 04:00,0.73459,BREAK,2017.09.20 10:00,0,,0,,0,,0,NA,London,BREAK,2017.09.20 21:00,BOUNCE,2017.09.20 22:00,0.71778,BOUNCE,2017.09.26 20:00,0,,0,,0,,0,NA,NewYork,NA,,NA,,0.73050,BREAK,2017.09.15 20:00,0,,0,,0,,0,NA,NewYork,BREAK,2017.09.20 10:00,BREAK,2017.09.20 22:00,S-ZO-BR,B-ZF-BR,S-ZF-BR,B-ZF-BO,S-ZC-BR,S-ZF-BR,B-ZE-BO,S-ZF-BO,S-ZE-BR,S-ZB-BR,B-ZF-BR,B-ZD-UN,S-ZC-BR,S-ZO-BR,S-ZD-BO,S-ZD-BR,S-ZO-BR,S-ZB-BR,S-ZB-BR,S-ZD-BR
67,2017.09.16 00:00,NZDUSD,60,86400,BUY,ZF,0,0.72626,0.71835,791.0,0.73103,0.72118,985.0,124.526,35.78,508.0,186.7,0.72626,0.72118,0.73611,BREAK,2017.09.20 10:00,0,,0,,0,,0,NA,London,BREAK,2017.09.20 22:00,UNTOUCHED,,0.71327,BREAK,2017.10.05 17:00,0,,0,,0,,0,NA,NewYork,BREAK,2017.10.06 16:00,BREAK,2017.10.19 17:00,0.73134,BREAK,2017.09.18 06:00,0,,0,,0,,0,NA,Asia,BOUNCE,2017.09.20 10:00,NA,,0.71610,BREAK,2017.10.03 07:00,0,,0,,0,,0,NA,London,BREAK,2017.10.06 08:00,BOUNCE,2017.10.12 08:00,S-ZB-BR,S-ZO-BR,B-ZF-BR,S-ZF-BR,B-ZF-BO,S-ZC-BR,S-ZF-BR,B-ZE-BO,S-ZF-BO,S-ZE-BR,B-ZD-UN,S-ZC-BR,S-ZO-BR,S-ZD-BO,S-ZD-BR,S-ZO-BR,S-ZB-BR,S-ZB-BR,S-ZD-BR,B-ZH-BR
68,2017.09.21 00:00,NZDUSD,60,86400,BUY,ZD,1,0.73267,0.72551,716.0,0.74340,0.73029,1311.0,183.101,66.76,238.0,169.0,0.73267,0.73029,0.74578,UNTOUCHED,,0,,0,,0,,0,NA,Other,NA,,NA,,0.72313,BREAK,2017.09.26 10:00,0,,0,,0,,0,NA,London,BREAK,2017.09.26 18:00,BOUNCE,2017.09.26 21:00,0.73505,BOUNCE,2017.09.21 00:00,1,2017.09.25 04:00,1,2017.09.26 10:00,0,,2,5d 10h,Asia,NA,,NA,,0.72791,BREAK,2017.09.25 04:00,0,,0,,0,,0,NA,Asia,BOUNCE,2017.09.25 10:00,NA,,B-ZF-BR,S-ZB-BR,S-ZO-BR,B-ZF-BR,S-ZF-BR,B-ZF-BO,S-ZC-BR,S-ZF-BR,B-ZE-BO,S-ZF-BO,S-ZC-BR,S-ZO-BR,S-ZD-BO,S-ZD-BR,S-ZO-BR,S-ZB-BR,S-ZB-BR,S-ZD-BR,B-ZH-BR,B-ZF-BR
69,2017.09.22 00:00,NZDUSD,60,86400,SELL,ZC,1,0.74340,0.73029,1311.0,0.73630,0.72983,647.0,49.352,54.16,601.0,309.4,0.73630,0.73029,0.72382,BREAK,2017.09.26 05:00,0,,0,,0,,0,NA,Asia,BOUNCE,2017.09.27 20:00,NA,,0.74941,UNTOUCHED,,0,,0,,0,,0,NA,Other,NA,,NA,,0.72428,BREAK,2017.09.26 04:00,0,,0,,0,,0,NA,Asia,BOUNCE,2017.09.29 16:00,NA,,0.74231,UNTOUCHED,,0,,0,,0,,0,NA,Other,NA,,NA,,B-ZD-UN,B-ZF-BR,S-ZB-BR,S-ZO-BR,B-ZF-BR,S-ZF-BR,B-ZF-BO,S-ZC-BR,S-ZF-BR,B-ZE-BO,S-ZO-BR,S-ZD-BO,S-ZD-BR,S-ZO-BR,S-ZB-BR,S-ZB-BR,S-ZD-BR,B-ZH-BR,B-ZF-BR,B-ZB-UN
70,2017.09.23 00:00,NZDUSD,60,86400,SELL,ZO,0,0.73630,0.72983,647.0,0.73440,0.72800,640.0,98.918,29.37,457.0,152.7,0.73440,0.72983,0.72343,BREAK,2017.09.26 09:00,0,,0,,0,,0,NA,London,BREAK,2017.09.26 20:00,BREAK,2017.10.05 17:00,0.74087,UNTOUCHED,,0,,0,,0,,0,NA,Other,NA,,NA,,0.72526,BREAK,2017.09.25 07:00,0,,0,,0,,0,NA,London,BREAK,2017.09.26 18:00,BREAK,2017.10.05 15:00,0.73897,UNTOUCHED,,0,,0,,0,,0,NA,Other,NA,,NA,,S-ZC-BR,B-ZD-UN,B-ZF-BR,S-ZB-BR,S-ZO-BR,B-ZF-BR,S-ZF-BR,B-ZF-BO,S-ZC-BR,S-ZF-BR,S-ZD-BO,S-ZD-BR,S-ZO-BR,S-ZB-BR,S-ZB-BR,S-ZD-BR,B-ZH-BR,B-ZF-BR,B-ZB-UN,S-ZC-BO
71,2017.09.26 00:00,NZDUSD,60,86400,SELL,ZD,1,0.73407,0.73152,255.0,0.73275,0.72517,758.0,297.255,51.76,123.0,60.2,0.73275,0.73152,0.72394,BOUNCE,2017.09.26 05:00,0,,0,,0,,0,NA,Asia,NA,,NA,,0.73530,UNTOUCHED,,0,,0,,0,,0,NA,Other,NA,,NA,,0.73029,BREAK,2017.09.26 00:00,0,,0,,0,,0,NA,Asia,BREAK,2017.09.26 01:00,BREAK,2017.09.26 02:00,0.73398,UNTOUCHED,,0,,0,,0,,0,NA,Other,NA,,NA,,S-ZO-BR,S-ZC-BR,B-ZD-UN,B-ZF-BR,S-ZB-BR,S-ZO-BR,B-ZF-BR,S-ZF-BR,B-ZF-BO,S-ZC-BR,S-ZD-BR,S-ZO-BR,S-ZB-BR,S-ZB-BR,S-ZD-BR,B-ZH-BR,B-ZF-BR,B-ZB-UN,S-ZC-BO,S-ZF-BR
72,2017.09.27 00:00,NZDUSD,60,86400,SELL,ZD,1,0.73275,0.72517,758.0,0.72774,0.71677,1097.0,144.723,66.09,257.0,178.9,0.72774,0.72517,0.71420,BREAK,2017.10.05 16:00,0,,0,,0,,0,NA,NewYork,BREAK,2017.10.06 07:00,BREAK,2017.10.06 16:00,0.73532,UNTOUCHED,,0,,0,,0,,0,NA,Other,NA,,NA,,0.72260,BREAK,2017.09.27 00:00,0,,0,,0,,0,NA,Asia,BREAK,2017.09.27 10:00,BOUNCE,2017.09.28 10:00,0.73031,UNTOUCHED,,0,,0,,0,,0,NA,Other,NA,,NA,,S-ZD-BO,S-ZO-BR,S-ZC-BR,B-ZD-UN,B-ZF-BR,S-ZB-BR,S-ZO-BR,B-ZF-BR,S-ZF-BR,B-ZF-BO,S-ZO-BR,S-ZB-BR,S-ZB-BR,S-ZD-BR,B-ZH-BR,B-ZF-BR,B-ZB-UN,S-ZC-BO,S-ZF-BR,S-ZF-BR
73,2017.09.29 00:00,NZDUSD,60,86400,SELL,ZO,0,0.72393,0.71771,622.0,0.72390,0.71665,725.0,116.559,0.48,619.0,146.8,0.72390,0.71771,0.71046,BREAK,2017.10.06 04:00,0,,0,,0,,0,NA,Asia,BREAK,2017.10.19 12:00,BREAK,2017.10.20 17:00,0.73012,UNTOUCHED,,0,,0,,0,,0,NA,Other,NA,,NA,,0.71152,BREAK,2017.10.05 21:00,0,,0,,0,,0,NA,Other,BREAK,2017.10.19 10:00,BREAK,2017.10.20 06:00,0.73009,UNTOUCHED,,0,,0,,0,,0,NA,Other,NA,,NA,,S-ZD-BR,S-ZD-BO,S-ZO-BR,S-ZC-BR,B-ZD-UN,B-ZF-BR,S-ZB-BR,S-ZO-BR,B-ZF-BR,S-ZF-BR,S-ZB-BR,S-ZB-BR,S-ZD-BR,B-ZH-BR,B-ZF-BR,B-ZB-UN,S-ZC-BO,S-ZF-BR,S-ZF-BR,S-ZE-UN
74,2017.10.04 00:00,NZDUSD,60,86400,SELL,ZB,1,0.72261,0.71673,588.0,0.71977,0.71478,499.0,84.864,48.30,304.0,138.8,0.71977,0.71673,0.71174,BREAK,2017.10.05 19:00,0,,0,,0,,0,NA,NewYork,BREAK,2017.10.06 16:00,BOUNCE,2017.10.10 05:00,0.72565,UNTOUCHED,,0,,0,,0,,0,NA,Other,NA,,NA,,0.71369,BREAK,2017.10.05 17:00,0,,0,,0,,0,NA,NewYork,BREAK,2017.10.06 08:00,BREAK,2017.10.06 16:00,0.72281,UNTOUCHED,,0,,0,,0,,0,NA,Other,NA,,NA,,S-ZO-BR,S-ZD-BR,S-ZD-BO,S-ZO-BR,S-ZC-BR,B-ZD-UN,B-ZF-BR,S-ZB-BR,S-ZO-BR,B-ZF-BR,S-ZB-BR,S-ZD-BR,B-ZH-BR,B-ZF-BR,B-ZB-UN,S-ZC-BO,S-ZF-BR,S-ZF-BR,S-ZE-UN,S-ZG-BO
75,2017.10.06 00:00,NZDUSD,60,86400,SELL,ZB,1,0.72054,0.71464,590.0,0.71698,0.71113,585.0,99.153,60.34,234.0,139.2,0.71698,0.71464,0.70879,BREAK,2017.10.06 13:00,0,,0,,0,,0,NA,NewYork,BOUNCE,2017.10.06 18:00,NA,,0.72288,UNTOUCHED,,0,,0,,0,,0,NA,Other,NA,,NA,,0.71230,BREAK,2017.10.06 00:00,0,,0,,0,,0,NA,Asia,BREAK,2017.10.06 13:00,BREAK,2017.10.06 16:00,0.71932,BOUNCE,2017.10.13 17:00,1,2017.10.18 12:00,1,2017.10.18 12:00,0,,2,4d 19h,NewYork,NA,,NA,,S-ZB-BR,S-ZO-BR,S-ZD-BR,S-ZD-BO,S-ZO-BR,S-ZC-BR,B-ZD-UN,B-ZF-BR,S-ZB-BR,S-ZO-BR,S-ZD-BR,B-ZH-BR,B-ZF-BR,B-ZB-UN,S-ZC-BO,S-ZF-BR,S-ZF-BR,S-ZE-UN,S-ZG-BO,B-ZC-BR
76,2017.10.10 00:00,NZDUSD,60,86400,SELL,ZD,1,0.70904,0.70827,77.0,0.70854,0.70572,282.0,366.234,64.94,27.0,18.2,0.70854,0.70827,0.70545,BREAK,2017.10.19 10:00,0,,0,,0,,0,NA,London,BREAK,2017.10.19 11:00,BREAK,2017.10.19 12:00,0.70931,BREAK,2017.10.11 04:00,0,,0,,0,,0,NA,Asia,BOUNCE,2017.10.11 05:00,NA,,0.70800,BREAK,2017.10.10 00:00,0,,0,,0,,0,NA,Asia,BREAK,2017.10.10 01:00,BREAK,2017.10.10 02:00,0.70881,BREAK,2017.10.11 04:00,0,,0,,0,,0,NA,Asia,BREAK,2017.10.11 05:00,BOUNCE,2017.10.11 23:00,S-ZB-BR,S-ZB-BR,S-ZO-BR,S-ZD-BR,S-ZD-BO,S-ZO-BR,S-ZC-BR,B-ZD-UN,B-ZF-BR,S-ZB-BR,B-ZH-BR,B-ZF-BR,B-ZB-UN,S-ZC-BO,S-ZF-BR,S-ZF-BR,S-ZE-UN,S-ZG-BO,B-ZC-BR,B-ZO-BR
77,2017.10.12 00:00,NZDUSD,60,86400,BUY,ZH,0,0.70880,0.70557,323.0,0.70989,0.70624,365.0,113.003,20.74,256.0,76.2,0.70880,0.70624,0.71245,BREAK,2017.10.12 12:00,0,,0,,0,,0,NA,London,BREAK,2017.10.13 16:00,BREAK,2017.10.13 17:00,0.70301,BREAK,2017.10.19 12:00,0,,0,,0,,0,NA,London,BREAK,2017.10.20 04:00,BOUNCE,2017.10.20 05:00,0.71136,BREAK,2017.10.12 08:00,0,,0,,0,,0,NA,London,BREAK,2017.10.13 11:00,BREAK,2017.10.13 16:00,0.70368,BREAK,2017.10.19 12:00,0,,0,,0,,0,NA,London,BREAK,2017.10.20 04:00,BREAK,2017.10.20 05:00,S-ZD-BR,S-ZB-BR,S-ZB-BR,S-ZO-BR,S-ZD-BR,S-ZD-BO,S-ZO-BR,S-ZC-BR,B-ZD-UN,B-ZF-BR,B-ZF-BR,B-ZB-UN,S-ZC-BO,S-ZF-BR,S-ZF-BR,S-ZE-UN,S-ZG-BO,B-ZC-BR,B-ZO-BR,B-ZO-BR
78,2017.10.13 00:00,NZDUSD,60,86400,BUY,ZF,1,0.70989,0.70624,365.0,0.71458,0.70729,729.0,199.726,28.77,260.0,86.1,0.70989,0.70729,0.71718,BREAK,2017.10.13 16:00,0,,0,,0,,0,NA,NewYork,BOUNCE,2017.10.17 01:00,NA,,0.70364,BREAK,2017.10.19 12:00,0,,0,,0,,0,NA,London,BREAK,2017.10.20 04:00,BREAK,2017.10.20 06:00,0.71249,BREAK,2017.10.13 00:00,0,,0,,0,,0,NA,Asia,BREAK,2017.10.13 16:00,BREAK,2017.10.13 17:00,0.70469,BREAK,2017.10.19 10:00,0,,0,,0,,0,NA,London,BREAK,2017.10.19 17:00,BREAK,2017.10.20 05:00,B-ZH-BR,S-ZD-BR,S-ZB-BR,S-ZB-BR,S-ZO-BR,S-ZD-BR,S-ZD-BO,S-ZO-BR,S-ZC-BR,B-ZD-UN,B-ZB-UN,S-ZC-BO,S-ZF-BR,S-ZF-BR,S-ZE-UN,S-ZG-BO,B-ZC-BR,B-ZO-BR,B-ZO-BR,S-ZH-BR
79,2017.10.14 00:00,NZDUSD,60,86400,BUY,ZB,1,0.71458,0.70729,729.0,0.71966,0.71145,821.0,112.620,57.06,313.0,172.0,0.71458,0.71145,0.72279,UNTOUCHED,,0,,0,,0,,0,NA,Other,NA,,NA,,0.70416,BOUNCE,2017.10.19 10:00,0,,0,,0,,0,NA,London,NA,,NA,,0.71771,BREAK,2017.10.14 00:00,0,,0,,0,,0,NA,Asia,UNTOUCHED,,NA,,0.70832,BOUNCE,2017.10.19 08:00,0,,0,,0,,0,NA,London,NA,,NA,,B-ZF-BR,B-ZH-BR,S-ZD-BR,S-ZB-BR,S-ZB-BR,S-ZO-BR,S-ZD-BR,S-ZD-BO,S-ZO-BR,S-ZC-BR,S-ZC-BO,S-ZF-BR,S-ZF-BR,S-ZE-UN,S-ZG-BO,B-ZC-BR,B-ZO-BR,B-ZO-BR,S-ZH-BR,S-ZB-BR
80,2017.10.19 00:00,NZDUSD,60,86400,SELL,ZC,1,0.72039,0.71471,568.0,0.71783,0.71191,592.0,104.225,45.07,312.0,134.0,0.71783,0.71471,0.70879,BOUNCE,2017.10.19 08:00,0,,0,,0,,0,NA,London,NA,,NA,,0.72351,UNTOUCHED,,0,,0,,0,,0,NA,Other,NA,,NA,,0.71159,BREAK,2017.10.19 08:00,0,,0,,0,,0,NA,London,BREAK,2017.10.19 09:00,BREAK,2017.10.19 10:00,0.72095,UNTOUCHED,,0,,0,,0,,0,NA,Other,NA,,NA,,B-ZB-UN,B-ZF-BR,B-ZH-BR,S-ZD-BR,S-ZB-BR,S-ZB-BR,S-ZO-BR,S-ZD-BR,S-ZD-BO,S-ZO-BR,S-ZF-BR,S-ZF-BR,S-ZE-UN,S-ZG-BO,B-ZC-BR,B-ZO-BR,B-ZO-BR,S-ZH-BR,S-ZB-BR,B-ZG-BR
81,2017.10.20 00:00,NZDUSD,60,86400,SELL,ZF,1,0.71783,0.71191,592.0,0.71715,0.70093,1622.0,273.986,11.49,524.0,139.7,0.71715,0.71191,0.69569,BREAK,2017.10.20 19:00,0,,0,,0,,0,NA,NewYork,BREAK,2017.10.24 22:00,BREAK,2017.10.26 22:00,0.72307,UNTOUCHED,,0,,0,,0,,0,NA,Other,NA,,NA,,0.70667,BREAK,2017.10.20 00:00,0,,0,,0,,0,NA,Asia,BREAK,2017.10.20 04:00,BREAK,2017.10.23 01:00,0.72239,UNTOUCHED,,0,,0,,0,,0,NA,Other,NA,,NA,,S-ZC-BO,B-ZB-UN,B-ZF-BR,B-ZH-BR,S-ZD-BR,S-ZB-BR,S-ZB-BR,S-ZO-BR,S-ZD-BR,S-ZD-BO,S-ZF-BR,S-ZE-UN,S-ZG-BO,B-ZC-BR,B-ZO-BR,B-ZO-BR,S-ZH-BR,S-ZB-BR,B-ZG-BR,S-ZB-BR
82,2017.10.27 00:00,NZDUSD,60,86400,SELL,ZF,0,0.69123,0.68609,514.0,0.69035,0.68370,665.0,129.377,17.12,426.0,121.3,0.69035,0.68609,0.67944,BREAK,2017.11.17 12:00,0,,0,,0,,0,NA,London,UNTOUCHED,,NA,,0.69549,BOUNCE,2017.11.07 01:00,1,2017.11.14 07:00,1,2017.11.17 12:00,1,2017.11.17 12:00,3,1w 3d,Asia,NA,,NA,,0.68183,BOUNCE,2017.10.27 07:00,1,2017.11.03 10:00,1,2017.11.07 01:00,0,,2,1w 3d,London,NA,,NA,,0.69461,BOUNCE,2017.11.03 10:00,1,2017.11.17 12:00,1,2017.11.17 12:00,0,,2,2w 0d,London,NA,,NA,,S-ZF-BR,S-ZC-BO,B-ZB-UN,B-ZF-BR,B-ZH-BR,S-ZD-BR,S-ZB-BR,S-ZB-BR,S-ZO-BR,S-ZD-BR,S-ZE-UN,S-ZG-BO,B-ZC-BR,B-ZO-BR,B-ZO-BR,S-ZH-BR,S-ZB-BR,B-ZG-BR,S-ZB-BR,B-ZD-BR
83,2017.10.28 00:00,NZDUSD,60,86400,SELL,ZE,1,0.69035,0.68370,665.0,0.68756,0.68180,576.0,86.617,41.95,386.0,156.9,0.68756,0.68370,0.67794,UNTOUCHED,,0,,0,,0,,0,NA,Other,NA,,NA,,0.69421,BOUNCE,2017.11.03 10:00,1,2017.11.14 07:00,1,2017.11.17 12:00,0,,2,2w 0d,London,NA,,NA,,0.67984,BREAK,2017.11.17 12:00,0,,0,,0,,0,NA,London,UNTOUCHED,,NA,,0.69142,BREAK,2017.11.01 11:00,0,,0,,0,,0,NA,London,BOUNCE,2017.11.07 17:00,NA,,S-ZF-BR,S-ZF-BR,S-ZC-BO,B-ZB-UN,B-ZF-BR,B-ZH-BR,S-ZD-BR,S-ZB-BR,S-ZB-BR,S-ZO-BR,S-ZG-BO,B-ZC-BR,B-ZO-BR,B-ZO-BR,S-ZH-BR,S-ZB-BR,B-ZG-BR,S-ZB-BR,B-ZD-BR,B-ZD-BR
84,2017.11.01 00:00,NZDUSD,60,86400,SELL,ZG,0,0.68856,0.68329,527.0,0.68827,0.68310,517.0,98.102,5.50,498.0,124.4,0.68827,0.68329,0.67812,BOUNCE,2017.11.17 14:00,1,2017.11.22 23:00,1,2017.11.28 08:00,1,2017.11.28 08:00,3,1w 3d,NewYork,NA,,NA,,0.69354,BREAK,2017.11.02 06:00,0,,0,,0,,0,NA,Asia,BREAK,2017.12.13 18:00,BREAK,2017.12.27 08:00,0.67831,BOUNCE,2017.11.17 14:00,1,2017.11.28 08:00,1,2017.11.28 08:00,0,,2,1w 3d,NewYork,NA,,NA,,0.69325,BREAK,2017.11.02 06:00,0,,0,,0,,0,NA,Asia,BREAK,2017.12.13 18:00,BOUNCE,2017.12.19 18:00,S-ZE-UN,S-ZF-BR,S-ZF-BR,S-ZC-BO,B-ZB-UN,B-ZF-BR,B-ZH-BR,S-ZD-BR,S-ZB-BR,S-ZB-BR,B-ZC-BR,B-ZO-BR,B-ZO-BR,S-ZH-BR,S-ZB-BR,B-ZG-BR,S-ZB-BR,B-ZD-BR,B-ZD-BR,S-ZG-BO
85,2017.11.03 00:00,NZDUSD,60,86400,BUY,ZC,1,0.69305,0.68240,1065.0,0.69419,0.68815,604.0,56.714,53.99,490.0,251.3,0.69305,0.68815,0.69909,BREAK,2017.12.13 18:00,0,,0,,0,,0,NA,NewYork,BREAK,2017.12.27 13:00,BREAK,2017.12.29 12:00,0.67750,UNTOUCHED,,0,,0,,0,,0,NA,Other,NA,,NA,,0.69795,BOUNCE,2017.11.09 15:00,1,2017.11.17 11:00,0,,0,,1,1w 0d,NewYork,NA,,NA,,0.68325,BREAK,2017.11.17 11:00,0,,0,,0,,0,NA,London,BOUNCE,2017.11.20 10:00,NA,,S-ZG-BO,S-ZE-UN,S-ZF-BR,S-ZF-BR,S-ZC-BO,B-ZB-UN,B-ZF-BR,B-ZH-BR,S-ZD-BR,S-ZB-BR,B-ZO-BR,B-ZO-BR,S-ZH-BR,S-ZB-BR,B-ZG-BR,S-ZB-BR,B-ZD-BR,B-ZD-BR,S-ZG-BO,S-ZC-BR
86,2017.11.04 00:00,NZDUSD,60,86400,BUY,ZO,0,0.69419,0.68815,604.0,0.69503,0.68977,526.0,87.086,26.82,442.0,142.5,0.69419,0.68977,0.69945,BREAK,2017.12.13 18:00,0,,0,,0,,0,NA,NewYork,BREAK,2017.12.27 10:00,BREAK,2017.12.28 11:00,0.68373,BOUNCE,2017.11.16 15:00,1,2017.11.27 20:00,1,2017.12.13 17:00,1,2017.12.13 18:00,3,3w 6d,NewYork,NA,,NA,,0.69861,BREAK,2017.12.13 17:00,0,,0,,0,,0,NA,NewYork,BOUNCE,2017.12.19 04:00,NA,,0.68535,BOUNCE,2017.11.14 10:00,1,2017.12.13 17:00,1,2017.12.13 17:00,0,,2,4w 1d,London,NA,,NA,,B-ZC-BR,S-ZG-BO,S-ZE-UN,S-ZF-BR,S-ZF-BR,S-ZC-BO,B-ZB-UN,B-ZF-BR,B-ZH-BR,S-ZD-BR,B-ZO-BR,S-ZH-BR,S-ZB-BR,B-ZG-BR,S-ZB-BR,B-ZD-BR,B-ZD-BR,S-ZG-BO,S-ZC-BR,B-ZF-BR
87,2017.11.08 00:00,NZDUSD,60,86400,BUY,ZO,0,0.69375,0.68749,626.0,0.69578,0.68910,668.0,106.709,25.72,465.0,147.7,0.69375,0.68910,0.70043,BREAK,2017.12.13 23:00,0,,0,,0,,0,NA,Other,BREAK,2017.12.27 13:00,BREAK,2017.12.29 12:00,0.68284,BREAK,2017.11.17 11:00,0,,0,,0,,0,NA,London,BOUNCE,2017.11.20 10:00,NA,,0.69840,BREAK,2017.12.13 17:00,0,,0,,0,,0,NA,NewYork,BOUNCE,2017.12.19 18:00,NA,,0.68445,BOUNCE,2017.11.14 12:00,1,2017.12.13 17:00,1,2017.12.13 17:00,0,,2,4w 1d,London,NA,,NA,,B-ZO-BR,B-ZC-BR,S-ZG-BO,S-ZE-UN,S-ZF-BR,S-ZF-BR,S-ZC-BO,B-ZB-UN,B-ZF-BR,B-ZH-BR,S-ZH-BR,S-ZB-BR,B-ZG-BR,S-ZB-BR,B-ZD-BR,B-ZD-BR,S-ZG-BO,S-ZC-BR,B-ZF-BR,B-ZE-BR
88,2017.11.14 00:00,NZDUSD,60,86400,SELL,ZH,1,0.69414,0.69229,185.0,0.69372,0.68935,437.0,236.216,22.70,143.0,43.7,0.69372,0.69229,0.68792,BREAK,2017.11.14 06:00,0,,0,,0,,0,NA,Asia,BREAK,2017.11.14 07:00,BOUNCE,2017.11.14 10:00,0.69557,BREAK,2017.12.13 07:00,0,,0,,0,,0,NA,London,BREAK,2017.12.13 17:00,BREAK,2017.12.13 18:00,0.69086,BREAK,2017.11.14 00:00,0,,0,,0,,0,NA,Asia,BREAK,2017.11.14 04:00,BREAK,2017.11.14 06:00,0.69515,BOUNCE,2017.12.12 12:00,0,,0,,0,,0,NA,London,NA,,NA,,B-ZO-BR,B-ZO-BR,B-ZC-BR,S-ZG-BO,S-ZE-UN,S-ZF-BR,S-ZF-BR,S-ZC-BO,B-ZB-UN,B-ZF-BR,S-ZB-BR,B-ZG-BR,S-ZB-BR,B-ZD-BR,B-ZD-BR,S-ZG-BO,S-ZC-BR,B-ZF-BR,B-ZE-BR,S-ZF-BR
89,2017.11.15 00:00,NZDUSD,60,86400,SELL,ZB,1,0.69372,0.68935,437.0,0.69041,0.68442,599.0,137.071,75.74,106.0,103.1,0.69041,0.68935,0.68336,BREAK,2017.11.17 11:00,0,,0,,0,,0,NA,London,BREAK,2017.11.17 12:00,BREAK,2017.11.17 13:00,0.69478,BOUNCE,2017.12.12 12:00,1,2017.12.12 20:00,0,,0,,1,8h,London,NA,,NA,,0.68829,BREAK,2017.11.15 00:00,0,,0,,0,,0,NA,Asia,BREAK,2017.11.15 01:00,BOUNCE,2017.11.15 10:00,0.69147,BOUNCE,2017.11.15 15:00,1,2017.11.15 19:00,1,2017.11.15 19:00,0,,2,4h,NewYork,NA,,NA,,S-ZH-BR,B-ZO-BR,B-ZO-BR,B-ZC-BR,S-ZG-BO,S-ZE-UN,S-ZF-BR,S-ZF-BR,S-ZC-BO,B-ZB-UN,B-ZG-BR,S-ZB-BR,B-ZD-BR,B-ZD-BR,S-ZG-BO,S-ZC-BR,B-ZF-BR,B-ZE-BR,S-ZF-BR,S-ZB-UN
90,2017.11.16 00:00,NZDUSD,60,86400,BUY,ZG,0,0.69041,0.68442,599.0,0.69187,0.68610,577.0,96.327,28.05,431.0,141.4,0.69041,0.68610,0.69618,BREAK,2017.12.13 17:00,0,,0,,0,,0,NA,NewYork,BREAK,2017.12.13 23:00,BREAK,2017.12.27 12:00,0.68011,BREAK,2017.11.17 12:00,0,,0,,0,,0,NA,London,UNTOUCHED,,NA,,0.69472,BREAK,2017.12.12 12:00,0,,0,,0,,0,NA,London,BREAK,2017.12.13 23:00,BOUNCE,2017.12.15 22:00,0.68179,BREAK,2017.11.17 12:00,0,,0,,0,,0,NA,London,UNTOUCHED,,NA,,S-ZB-BR,S-ZH-BR,B-ZO-BR,B-ZO-BR,B-ZC-BR,S-ZG-BO,S-ZE-UN,S-ZF-BR,S-ZF-BR,S-ZC-BO,S-ZB-BR,B-ZD-BR,B-ZD-BR,S-ZG-BO,S-ZC-BR,B-ZF-BR,B-ZE-BR,S-ZF-BR,S-ZB-UN,B-ZF-BR
91,2017.11.17 00:00,NZDUSD,60,86400,SELL,ZB,1,0.69187,0.68610,577.0,0.68818,0.68356,462.0,80.069,63.95,208.0,136.2,0.68818,0.68610,0.68148,BREAK,2017.11.17 12:00,0,,0,,0,,0,NA,London,BOUNCE,2017.11.17 22:00,NA,,0.69395,BOUNCE,2017.11.28 09:00,1,2017.11.29 01:00,1,2017.11.30 04:00,0,,2,1d 19h,London,NA,,NA,,0.68402,BREAK,2017.11.17 09:00,0,,0,,0,,0,NA,London,BREAK,2017.11.17 12:00,BREAK,2017.11.17 13:00,0.69026,BOUNCE,2017.11.23 15:00,1,2017.11.30 04:00,1,2017.11.30 04:00,0,,2,6d 13h,NewYork,NA,,NA,,B-ZG-BR,S-ZB-BR,S-ZH-BR,B-ZO-BR,B-ZO-BR,B-ZC-BR,S-ZG-BO,S-ZE-UN,S-ZF-BR,S-ZF-BR,B-ZD-BR,B-ZD-BR,S-ZG-BO,S-ZC-BR,B-ZF-BR,B-ZE-BR,S-ZF-BR,S-ZB-UN,B-ZF-BR,B-ZE-BR
92,2017.11.23 00:00,NZDUSD,60,86400,BUY,ZD,1,0.68402,0.67890,512.0,0.68873,0.68201,672.0,131.250,60.74,201.0,120.8,0.68402,0.68201,0.69074,BREAK,2017.11.27 15:00,0,,0,,0,,0,NA,NewYork,BREAK,2017.11.28 09:00,BOUNCE,2017.12.12 20:00,0.67689,UNTOUCHED,,0,,0,,0,,0,NA,Other,NA,,NA,,0.68603,BREAK,2017.11.23 00:00,0,,0,,0,,0,NA,Asia,BREAK,2017.11.23 01:00,BOUNCE,2017.11.24 04:00,0.68000,UNTOUCHED,,0,,0,,0,,0,NA,Other,NA,,NA,,S-ZB-BR,B-ZG-BR,S-ZB-BR,S-ZH-BR,B-ZO-BR,B-ZO-BR,B-ZC-BR,S-ZG-BO,S-ZE-UN,S-ZF-BR,B-ZD-BR,S-ZG-BO,S-ZC-BR,B-ZF-BR,B-ZE-BR,S-ZF-BR,S-ZB-UN,B-ZF-BR,B-ZE-BR,S-ZB-UN
93,2017.11.24 00:00,NZDUSD,60,86400,BUY,ZD,1,0.68873,0.68201,672.0,0.69053,0.68661,392.0,58.333,68.45,212.0,158.6,0.68873,0.68661,0.69265,BREAK,2017.11.28 04:00,0,,0,,0,,0,NA,Asia,BOUNCE,2017.12.12 20:00,NA,,0.67989,UNTOUCHED,,0,,0,,0,,0,NA,Other,NA,,NA,,0.69085,BREAK,2017.11.27 15:00,0,,0,,0,,0,NA,NewYork,BOUNCE,2017.11.28 23:00,NA,,0.68449,BOUNCE,2017.11.30 04:00,1,2017.12.01 20:00,1,2017.12.01 20:00,0,,2,1d 16h,Asia,NA,,NA,,B-ZD-BR,S-ZB-BR,B-ZG-BR,S-ZB-BR,S-ZH-BR,B-ZO-BR,B-ZO-BR,B-ZC-BR,S-ZG-BO,S-ZE-UN,S-ZG-BO,S-ZC-BR,B-ZF-BR,B-ZE-BR,S-ZF-BR,S-ZB-UN,B-ZF-BR,B-ZE-BR,S-ZB-UN,S-ZO-UN
94,2017.11.25 00:00,NZDUSD,60,86400,SELL,ZG,0,0.69053,0.68661,392.0,0.68940,0.68657,283.0,72.194,28.83,279.0,92.5,0.68940,0.68661,0.68378,BOUNCE,2017.11.30 04:00,1,2017.12.01 20:00,1,2017.12.11 11:00,1,2017.12.12 07:00,3,1w 5d,Asia,NA,,NA,,0.69332,BREAK,2017.11.28 08:00,0,,0,,0,,0,NA,London,BREAK,2017.12.13 17:00,BREAK,2017.12.13 18:00,0.68382,BOUNCE,2017.11.30 04:00,1,2017.12.11 11:00,1,2017.12.12 07:00,0,,2,1w 5d,Asia,NA,,NA,,0.69219,BREAK,2017.11.27 18:00,0,,0,,0,,0,NA,NewYork,BREAK,2017.12.13 07:00,BREAK,2017.12.13 17:00,B-ZD-BR,B-ZD-BR,S-ZB-BR,B-ZG-BR,S-ZB-BR,S-ZH-BR,B-ZO-BR,B-ZO-BR,B-ZC-BR,S-ZG-BO,S-ZC-BR,B-ZF-BR,B-ZE-BR,S-ZF-BR,S-ZB-UN,B-ZF-BR,B-ZE-BR,S-ZB-UN,S-ZO-UN,B-ZB-BO
95,2017.11.27 02:00,NZDUSD,60,86400,SELL,ZC,1,0.68940,0.68657,283.0,0.68830,0.68477,353.0,124.735,38.87,173.0,66.8,0.68830,0.68657,0.68304,BREAK,2017.11.30 22:00,0,,0,,0,,0,NA,Other,UNTOUCHED,,NA,,0.69113,BREAK,2017.11.27 17:00,0,,0,,0,,0,NA,NewYork,BREAK,2017.11.28 08:00,BREAK,2017.12.12 12:00,0.68484,BREAK,2017.11.30 04:00,0,,0,,0,,0,NA,Asia,BREAK,2017.12.01 02:00,UNTOUCHED,,0.69003,BREAK,2017.11.27 14:00,0,,0,,0,,0,NA,NewYork,BREAK,2017.11.27 20:00,BREAK,2017.11.28 09:00,S-ZG-BO,B-ZD-BR,B-ZD-BR,S-ZB-BR,B-ZG-BR,S-ZB-BR,S-ZH-BR,B-ZO-BR,B-ZO-BR,B-ZC-BR,B-ZF-BR,B-ZE-BR,S-ZF-BR,S-ZB-UN,B-ZF-BR,B-ZE-BR,S-ZB-UN,S-ZO-UN,B-ZB-BO,B-ZB-BR
96,2017.11.28 00:00,NZDUSD,60,86400,BUY,ZF,1,0.68830,0.68477,353.0,0.69260,0.68531,729.0,206.516,15.30,299.0,83.3,0.68830,0.68531,0.69559,BREAK,2017.12.13 07:00,0,,0,,0,,0,NA,London,BREAK,2017.12.13 18:00,BREAK,2017.12.13 23:00,0.68178,BOUNCE,2017.12.01 02:00,1,2017.12.01 20:00,1,2017.12.06 11:00,1,2017.12.13 07:00,3,1w 5d,Asia,NA,,NA,,0.69129,BREAK,2017.11.28 01:00,0,,0,,0,,0,NA,Asia,BOUNCE,2017.11.28 22:00,NA,,0.68232,BOUNCE,2017.12.01 02:00,1,2017.12.06 11:00,1,2017.12.06 11:00,0,,2,5d 9h,Asia,NA,,NA,,S-ZC-BR,S-ZG-BO,B-ZD-BR,B-ZD-BR,S-ZB-BR,B-ZG-BR,S-ZB-BR,S-ZH-BR,B-ZO-BR,B-ZO-BR,B-ZE-BR,S-ZF-BR,S-ZB-UN,B-ZF-BR,B-ZE-BR,S-ZB-UN,S-ZO-UN,B-ZB-BO,B-ZB-BR,B-ZE-BR
97,2017.11.29 00:00,NZDUSD,60,86400,BUY,ZE,1,0.69260,0.68531,729.0,0.69454,0.69030,424.0,58.162,68.45,230.0,172.0,0.69260,0.69030,0.69684,BREAK,2017.12.13 17:00,0,,0,,0,,0,NA,NewYork,BREAK,2017.12.13 23:00,BOUNCE,2017.12.14 13:00,0.68301,BOUNCE,2017.11.30 22:00,1,2017.12.01 20:00,1,2017.12.12 12:00,1,2017.12.13 17:00,3,1w 5d,Other,NA,,NA,,0.69490,BOUNCE,2017.12.12 12:00,0,,0,,0,,0,NA,London,NA,,NA,,0.68800,BREAK,2017.11.29 19:00,0,,0,,0,,0,NA,NewYork,BREAK,2017.11.30 05:00,BOUNCE,2017.11.30 18:00,B-ZF-BR,S-ZC-BR,S-ZG-BO,B-ZD-BR,B-ZD-BR,S-ZB-BR,B-ZG-BR,S-ZB-BR,S-ZH-BR,B-ZO-BR,S-ZF-BR,S-ZB-UN,B-ZF-BR,B-ZE-BR,S-ZB-UN,S-ZO-UN,B-ZB-BO,B-ZB-BR,B-ZE-BR,B-ZG-BR
98,2017.11.30 00:00,NZDUSD,60,86400,SELL,ZF,1,0.69454,0.69030,424.0,0.69322,0.68763,559.0,131.840,31.13,292.0,100.1,0.69322,0.69030,0.68471,BREAK,2017.11.30 04:00,0,,0,,0,,0,NA,Asia,BOUNCE,2017.12.01 12:00,NA,,0.69746,BREAK,2017.12.13 17:00,0,,0,,0,,0,NA,NewYork,BREAK,2017.12.13 23:00,BOUNCE,2017.12.15 19:00,0.68738,BREAK,2017.11.30 04:00,0,,0,,0,,0,NA,Asia,BREAK,2017.11.30 12:00,UNTOUCHED,,0.69614,BREAK,2017.12.13 17:00,0,,0,,0,,0,NA,NewYork,BREAK,2017.12.13 22:00,BOUNCE,2017.12.13 23:00,B-ZE-BR,B-ZF-BR,S-ZC-BR,S-ZG-BO,B-ZD-BR,B-ZD-BR,S-ZB-BR,B-ZG-BR,S-ZB-BR,S-ZH-BR,S-ZB-UN,B-ZF-BR,B-ZE-BR,S-ZB-UN,S-ZO-UN,B-ZB-BO,B-ZB-BR,B-ZE-BR,B-ZG-BR,B-ZO-BR
99,2017.12.01 00:00,NZDUSD,60,86400,SELL,ZB,1,0.69322,0.68763,559.0,0.68929,0.68300,629.0,112.522,70.30,166.0,131.9,0.68929,0.68763,0.68134,UNTOUCHED,,0,,0,,0,,0,NA,Other,NA,,NA,,0.69488,BOUNCE,2017.12.12 12:00,0,,0,,0,,0,NA,London,NA,,NA,,0.68597,BREAK,2017.12.01 00:00,0,,0,,0,,0,NA,Asia,BREAK,2017.12.01 02:00,BOUNCE,2017.12.01 12:00,0.69095,BOUNCE,2017.12.01 20:00,1,2017.12.04 03:00,1,2017.12.04 03:00,0,,2,2d 7h,NewYork,NA,,NA,,S-ZF-BR,B-ZE-BR,B-ZF-BR,S-ZC-BR,S-ZG-BO,B-ZD-BR,B-ZD-BR,S-ZB-BR,B-ZG-BR,S-ZB-BR,B-ZF-BR,B-ZE-BR,S-ZB-UN,S-ZO-UN,B-ZB-BO,B-ZB-BR,B-ZE-BR,B-ZG-BR,B-ZO-BR,S-ZO-UN
100,2017.12.06 00:00,NZDUSD,60,86400,BUY,ZF,1,0.68707,0.68396,311.0,0.69074,0.68451,623.0,200.322,17.68,256.0,73.4,0.68707,0.68451,0.69330,BREAK,2017.12.12 07:00,0,,0,,0,,0,NA,London,BREAK,2017.12.13 17:00,BREAK,2017.12.13 18:00,0.68140,UNTOUCHED,,0,,0,,0,,0,NA,Other,NA,,NA,,0.68963,BREAK,2017.12.06 06:00,0,,0,,0,,0,NA,Asia,BREAK,2017.12.11 11:00,BREAK,2017.12.13 07:00,0.68195,UNTOUCHED,,0,,0,,0,,0,NA,Other,NA,,NA,,S-ZB-UN,S-ZF-BR,B-ZE-BR,B-ZF-BR,S-ZC-BR,S-ZG-BO,B-ZD-BR,B-ZD-BR,S-ZB-BR,B-ZG-BR,B-ZE-BR,S-ZB-UN,S-ZO-UN,B-ZB-BO,B-ZB-BR,B-ZE-BR,B-ZG-BR,B-ZO-BR,S-ZO-UN,S-ZC-UN
101,2017.12.07 00:00,NZDUSD,60,86400,BUY,ZE,1,0.69074,0.68451,623.0,0.69169,0.68693,476.0,76.404,38.84,381.0,147.0,0.69074,0.68693,0.69550,BREAK,2017.12.13 07:00,0,,0,,0,,0,NA,London,BREAK,2017.12.13 23:00,BOUNCE,2017.12.15 22:00,0.68070,UNTOUCHED,,0,,0,,0,,0,NA,Other,NA,,NA,,0.69455,BREAK,2017.12.12 11:00,0,,0,,0,,0,NA,London,BOUNCE,2017.12.13 17:00,NA,,0.68312,BOUNCE,2017.12.07 15:00,1,2017.12.12 11:00,1,2017.12.12 11:00,0,,2,4d 20h,NewYork,NA,,NA,,B-ZF-BR,S-ZB-UN,S-ZF-BR,B-ZE-BR,B-ZF-BR,S-ZC-BR,S-ZG-BO,B-ZD-BR,B-ZD-BR,S-ZB-BR,S-ZB-UN,S-ZO-UN,B-ZB-BO,B-ZB-BR,B-ZE-BR,B-ZG-BR,B-ZO-BR,S-ZO-UN,S-ZC-UN,B-ZE-BR
102,2017.12.08 00:00,NZDUSD,60,86400,SELL,ZB,1,0.69169,0.68693,476.0,0.68886,0.68234,652.0,136.975,59.45,193.0,112.3,0.68886,0.68693,0.68041,UNTOUCHED,,0,,0,,0,,0,NA,Other,NA,,NA,,0.69362,BREAK,2017.12.12 07:00,0,,0,,0,,0,NA,London,BOUNCE,2017.12.13 08:00,NA,,0.68500,BREAK,2017.12.08 00:00,0,,0,,0,,0,NA,Asia,BOUNCE,2017.12.08 11:00,NA,,0.69079,BREAK,2017.12.11 09:00,0,,0,,0,,0,NA,London,BOUNCE,2017.12.11 15:00,NA,,B-ZE-BR,B-ZF-BR,S-ZB-UN,S-ZF-BR,B-ZE-BR,B-ZF-BR,S-ZC-BR,S-ZG-BO,B-ZD-BR,B-ZD-BR,S-ZO-UN,B-ZB-BO,B-ZB-BR,B-ZE-BR,B-ZG-BR,B-ZO-BR,S-ZO-UN,S-ZC-UN,B-ZE-BR,B-ZD-BO
103,2017.12.09 00:00,NZDUSD,60,86400,SELL,ZO,0,0.68886,0.68234,652.0,0.68699,0.68224,475.0,72.853,28.68,465.0,153.9,0.68699,0.68234,0.67759,UNTOUCHED,,0,,0,,0,,0,NA,Other,NA,,NA,,0.69351,BREAK,2017.12.12 07:00,0,,0,,0,,0,NA,London,BREAK,2017.12.13 18:00,BOUNCE,2017.12.19 18:00,0.67769,UNTOUCHED,,0,,0,,0,,0,NA,Other,NA,,NA,,0.69164,BREAK,2017.12.11 11:00,0,,0,,0,,0,NA,London,BREAK,2017.12.13 17:00,BREAK,2017.12.13 23:00,S-ZB-UN,B-ZE-BR,B-ZF-BR,S-ZB-UN,S-ZF-BR,B-ZE-BR,B-ZF-BR,S-ZC-BR,S-ZG-BO,B-ZD-BR,B-ZB-BO,B-ZB-BR,B-ZE-BR,B-ZG-BR,B-ZO-BR,S-ZO-UN,S-ZC-UN,B-ZE-BR,B-ZD-BO,B-ZB-BO
104,2017.12.13 00:00,NZDUSD,60,86400,BUY,ZB,1,0.69304,0.68344,960.0,0.69530,0.69010,520.0,54.167,69.38,294.0,226.6,0.69304,0.69010,0.69824,BOUNCE,2017.12.13 17:00,0,,0,,0,,0,NA,NewYork,NA,,NA,,0.68050,UNTOUCHED,,0,,0,,0,,0,NA,Other,NA,,NA,,0.69598,BREAK,2017.12.13 07:00,0,,0,,0,,0,NA,London,BREAK,2017.12.13 23:00,BOUNCE,2017.12.14 13:00,0.68716,UNTOUCHED,,0,,0,,0,,0,NA,Other,NA,,NA,,S-ZO-UN,S-ZB-UN,B-ZE-BR,B-ZF-BR,S-ZB-UN,S-ZF-BR,B-ZE-BR,B-ZF-BR,S-ZC-BR,S-ZG-BO,B-ZB-BR,B-ZE-BR,B-ZG-BR,B-ZO-BR,S-ZO-UN,S-ZC-UN,B-ZE-BR,B-ZD-BO,B-ZB-BO,B-ZC-BR
105,2017.12.14 00:00,NZDUSD,60,86400,BUY,ZB,1,0.69530,0.69010,520.0,0.70268,0.69304,964.0,185.385,56.54,226.0,122.7,0.69530,0.69304,0.70494,BREAK,2017.12.27 08:00,0,,0,,0,,0,NA,London,BREAK,2017.12.28 08:00,BREAK,2017.12.29 12:00,0.68784,UNTOUCHED,,0,,0,,0,,0,NA,Other,NA,,NA,,0.69756,BREAK,2017.12.14 00:00,0,,0,,0,,0,NA,Asia,BREAK,2017.12.14 01:00,BOUNCE,2017.12.14 07:00,0.69078,UNTOUCHED,,0,,0,,0,,0,NA,Other,NA,,NA,,B-ZB-BO,S-ZO-UN,S-ZB-UN,B-ZE-BR,B-ZF-BR,S-ZB-UN,S-ZF-BR,B-ZE-BR,B-ZF-BR,S-ZC-BR,B-ZE-BR,B-ZG-BR,B-ZO-BR,S-ZO-UN,S-ZC-UN,B-ZE-BR,B-ZD-BO,B-ZB-BO,B-ZC-BR,B-ZO-BR
106,2017.12.15 00:00,NZDUSD,60,86400,BUY,ZE,1,0.70268,0.69304,964.0,0.70277,0.69782,495.0,51.349,49.59,486.0,227.5,0.70268,0.69782,0.70763,BREAK,2017.12.28 04:00,0,,0,,0,,0,NA,Asia,BOUNCE,2018.01.03 06:00,NA,,0.68818,UNTOUCHED,,0,,0,,0,,0,NA,Other,NA,,NA,,0.70754,BREAK,2017.12.27 16:00,0,,0,,0,,0,NA,NewYork,BOUNCE,2018.01.03 06:00,NA,,0.69296,UNTOUCHED,,0,,0,,0,,0,NA,Other,NA,,NA,,B-ZB-BR,B-ZB-BO,S-ZO-UN,S-ZB-UN,B-ZE-BR,B-ZF-BR,S-ZB-UN,S-ZF-BR,B-ZE-BR,B-ZF-BR,B-ZG-BR,B-ZO-BR,S-ZO-UN,S-ZC-UN,B-ZE-BR,B-ZD-BO,B-ZB-BO,B-ZC-BR,B-ZO-BR,B-ZB-BO
107,2017.12.16 00:00,NZDUSD,60,86400,BUY,ZG,0,0.70277,0.69782,495.0,0.70338,0.69786,552.0,111.515,0.81,491.0,116.8,0.70277,0.69786,0.70829,BREAK,2017.12.28 08:00,0,,0,,0,,0,NA,London,BREAK,2018.01.04 19:00,BREAK,2018.01.09 06:00,0.69291,UNTOUCHED,,0,,0,,0,,0,NA,Other,NA,,NA,,0.70768,BREAK,2017.12.28 04:00,0,,0,,0,,0,NA,Asia,BOUNCE,2018.01.03 06:00,NA,,0.69295,UNTOUCHED,,0,,0,,0,,0,NA,Other,NA,,NA,,B-ZE-BR,B-ZB-BR,B-ZB-BO,S-ZO-UN,S-ZB-UN,B-ZE-BR,B-ZF-BR,S-ZB-UN,S-ZF-BR,B-ZE-BR,B-ZO-BR,S-ZO-UN,S-ZC-UN,B-ZE-BR,B-ZD-BO,B-ZB-BO,B-ZC-BR,B-ZO-BR,B-ZB-BO,B-ZE-BO
108,2017.12.19 00:00,NZDUSD,60,86400,BUY,ZO,1,0.69987,0.69883,104.0,0.70279,0.69916,363.0,349.038,31.73,71.0,24.5,0.69987,0.69916,0.70350,BREAK,2017.12.26 21:00,0,,0,,0,,0,NA,Other,BOUNCE,2017.12.27 02:00,NA,,0.69812,BOUNCE,2017.12.19 18:00,1,2017.12.21 01:00,1,2017.12.21 01:00,1,2017.12.26 21:00,3,1w 0d,NewYork,NA,,NA,,0.70058,BREAK,2017.12.19 04:00,0,,0,,0,,0,NA,Asia,BREAK,2017.12.19 12:00,BOUNCE,2017.12.22 03:00,0.69845,BOUNCE,2017.12.19 04:00,1,2017.12.19 05:00,1,2017.12.19 05:00,0,,2,1h,Asia,NA,,NA,,B-ZG-BR,B-ZE-BR,B-ZB-BR,B-ZB-BO,S-ZO-UN,S-ZB-UN,B-ZE-BR,B-ZF-BR,S-ZB-UN,S-ZF-BR,S-ZO-UN,S-ZC-UN,B-ZE-BR,B-ZD-BO,B-ZB-BO,B-ZC-BR,B-ZO-BR,B-ZB-BO,B-ZE-BO,B-ZO-BR
109,2017.12.20 00:00,NZDUSD,60,86400,SELL,ZO,0,0.70279,0.69916,363.0,0.70188,0.69774,414.0,114.050,25.07,272.0,85.7,0.70188,0.69916,0.69502,UNTOUCHED,,0,,0,,0,,0,NA,Other,NA,,NA,,0.70551,BREAK,2017.12.27 11:00,0,,0,,0,,0,NA,London,BREAK,2017.12.28 09:00,BREAK,2017.12.29 13:00,0.69644,BREAK,2017.12.20 07:00,0,,0,,0,,0,NA,London,UNTOUCHED,,NA,,0.70460,BREAK,2017.12.27 07:00,0,,0,,0,,0,NA,London,BREAK,2017.12.28 08:00,BREAK,2017.12.29 12:00,B-ZO-BR,B-ZG-BR,B-ZE-BR,B-ZB-BR,B-ZB-BO,S-ZO-UN,S-ZB-UN,B-ZE-BR,B-ZF-BR,S-ZB-UN,S-ZC-UN,B-ZE-BR,B-ZD-BO,B-ZB-BO,B-ZC-BR,B-ZO-BR,B-ZB-BO,B-ZE-BO,B-ZO-BR,B-ZD-BO
110,2017.12.21 00:00,NZDUSD,60,86400,SELL,ZC,1,0.70188,0.69774,414.0,0.69917,0.69539,378.0,91.304,65.46,143.0,97.7,0.69917,0.69774,0.69396,UNTOUCHED,,0,,0,,0,,0,NA,Other,NA,,NA,,0.70331,BOUNCE,2017.12.26 08:00,0,,0,,0,,0,NA,London,NA,,NA,,0.69631,BOUNCE,2017.12.21 01:00,1,2017.12.21 02:00,1,2017.12.26 08:00,0,,2,5d 7h,Asia,NA,,NA,,0.70060,BOUNCE,2017.12.21 01:00,0,,0,,0,,0,NA,Asia,NA,,NA,,S-ZO-UN,B-ZO-BR,B-ZG-BR,B-ZE-BR,B-ZB-BR,B-ZB-BO,S-ZO-UN,S-ZB-UN,B-ZE-BR,B-ZF-BR,B-ZE-BR,B-ZD-BO,B-ZB-BO,B-ZC-BR,B-ZO-BR,B-ZB-BO,B-ZE-BO,B-ZO-BR,B-ZD-BO,B-ZB-UN
111,2017.12.23 00:00,NZDUSD,60,86400,BUY,ZE,1,0.70195,0.69564,631.0,0.70266,0.70019,247.0,39.144,72.11,176.0,148.9,0.70195,0.70019,0.70442,BREAK,2017.12.27 07:00,0,,0,,0,,0,NA,London,BREAK,2017.12.28 04:00,BREAK,2017.12.28 10:00,0.69388,UNTOUCHED,,0,,0,,0,,0,NA,Other,NA,,NA,,0.70371,BREAK,2017.12.26 23:00,0,,0,,0,,0,NA,Other,BREAK,2017.12.27 13:00,BOUNCE,2017.12.28 01:00,0.69843,UNTOUCHED,,0,,0,,0,,0,NA,Other,NA,,NA,,S-ZC-UN,S-ZO-UN,B-ZO-BR,B-ZG-BR,B-ZE-BR,B-ZB-BR,B-ZB-BO,S-ZO-UN,S-ZB-UN,B-ZE-BR,B-ZD-BO,B-ZB-BO,B-ZC-BR,B-ZO-BR,B-ZB-BO,B-ZE-BO,B-ZO-BR,B-ZD-BO,B-ZB-UN,S-ZE-BR
112,2017.12.28 00:00,NZDUSD,60,86400,BUY,ZD,1,0.70377,0.70097,280.0,0.70762,0.70283,479.0,171.071,66.43,94.0,66.1,0.70377,0.70283,0.70856,BOUNCE,2017.12.28 08:00,1,2018.01.02 03:00,0,,0,,1,4d 19h,London,NA,,NA,,0.70003,UNTOUCHED,,0,,0,,0,,0,NA,Other,NA,,NA,,0.70471,BREAK,2017.12.28 00:00,0,,0,,0,,0,NA,Asia,BREAK,2017.12.28 01:00,BREAK,2017.12.28 04:00,0.70189,UNTOUCHED,,0,,0,,0,,0,NA,Other,NA,,NA,,B-ZE-BR,S-ZC-UN,S-ZO-UN,B-ZO-BR,B-ZG-BR,B-ZE-BR,B-ZB-BR,B-ZB-BO,S-ZO-UN,S-ZB-UN,B-ZB-BO,B-ZC-BR,B-ZO-BR,B-ZB-BO,B-ZE-BO,B-ZO-BR,B-ZD-BO,B-ZB-UN,S-ZE-BR,S-ZO-BR
113,2017.12.29 00:00,NZDUSD,60,86400,BUY,ZB,1,0.70762,0.70283,479.0,0.70984,0.70515,469.0,97.912,48.43,247.0,113.0,0.70762,0.70515,0.71231,BOUNCE,2017.12.29 15:00,1,2018.01.02 03:00,0,,0,,1,3d 12h,NewYork,NA,,NA,,0.70036,UNTOUCHED,,0,,0,,0,,0,NA,Other,NA,,NA,,0.71009,BREAK,2017.12.29 06:00,0,,0,,0,,0,NA,Asia,BOUNCE,2018.01.02 16:00,NA,,0.70268,UNTOUCHED,,0,,0,,0,,0,NA,Other,NA,,NA,,B-ZD-BO,B-ZE-BR,S-ZC-UN,S-ZO-UN,B-ZO-BR,B-ZG-BR,B-ZE-BR,B-ZB-BR,B-ZB-BO,S-ZO-UN,B-ZC-BR,B-ZO-BR,B-ZB-BO,B-ZE-BO,B-ZO-BR,B-ZD-BO,B-ZB-UN,S-ZE-BR,S-ZO-BR,B-ZB-UN
114,2017.12.30 00:00,NZDUSD,60,86400,BUY,ZC,1,0.70984,0.70515,469.0,0.71237,0.70758,479.0,102.132,51.81,226.0,110.7,0.70984,0.70758,0.71463,BREAK,2018.01.04 19:00,0,,0,,0,,0,NA,NewYork,BREAK,2018.01.05 17:00,BOUNCE,2018.01.09 06:00,0.70289,UNTOUCHED,,0,,0,,0,,0,NA,Other,NA,,NA,,0.71210,BOUNCE,2018.01.02 09:00,0,,0,,0,,0,NA,London,NA,,NA,,0.70532,UNTOUCHED,,0,,0,,0,,0,NA,Other,NA,,NA,,B-ZB-BO,B-ZD-BO,B-ZE-BR,S-ZC-UN,S-ZO-UN,B-ZO-BR,B-ZG-BR,B-ZE-BR,B-ZB-BR,B-ZB-BO,B-ZO-BR,B-ZB-BO,B-ZE-BO,B-ZO-BR,B-ZD-BO,B-ZB-UN,S-ZE-BR,S-ZO-BR,B-ZB-UN,S-ZO-BO
115,2018.01.10 00:00,NZDUSD,60,86400,BUY,ZO,0,0.71841,0.71494,347.0,0.71968,0.71622,346.0,99.712,36.89,219.0,81.9,0.71841,0.71622,0.72187,BREAK,2018.01.10 14:00,0,,0,,0,,0,NA,NewYork,BREAK,2018.01.11 22:00,BREAK,2018.01.12 02:00,0.71275,UNTOUCHED,,0,,0,,0,,0,NA,Other,NA,,NA,,0.72060,BOUNCE,2018.01.10 12:00,0,,0,,0,,0,NA,London,NA,,NA,,0.71403,BOUNCE,2018.01.10 03:00,1,2018.01.10 12:00,1,2018.01.10 12:00,0,,2,9h,Asia,NA,,NA,,B-ZC-BR,B-ZB-BO,B-ZD-BO,B-ZE-BR,S-ZC-UN,S-ZO-UN,B-ZO-BR,B-ZG-BR,B-ZE-BR,B-ZB-BR,B-ZB-BO,B-ZE-BO,B-ZO-BR,B-ZD-BO,B-ZB-UN,S-ZE-BR,S-ZO-BR,B-ZB-UN,S-ZO-BO,B-ZG-BO
116,2018.01.12 00:00,NZDUSD,60,86400,BUY,ZB,1,0.72295,0.71395,900.0,0.72620,0.71820,800.0,88.889,47.22,475.0,212.4,0.72295,0.71820,0.73095,BOUNCE,2018.01.15 19:00,1,2018.02.08 00:00,0,,0,,1,3w 2d,NewYork,NA,,NA,,0.70920,UNTOUCHED,,0,,0,,0,,0,NA,Other,NA,,NA,,0.72770,BREAK,2018.01.15 05:00,0,,0,,0,,0,NA,Asia,BOUNCE,2018.01.18 01:00,NA,,0.71345,UNTOUCHED,,0,,0,,0,,0,NA,Other,NA,,NA,,B-ZO-BR,B-ZC-BR,B-ZB-BO,B-ZD-BO,B-ZE-BR,S-ZC-UN,S-ZO-UN,B-ZO-BR,B-ZG-BR,B-ZE-BR,B-ZE-BO,B-ZO-BR,B-ZD-BO,B-ZB-UN,S-ZE-BR,S-ZO-BR,B-ZB-UN,S-ZO-BO,B-ZG-BO,B-ZO-UN
117,2018.01.13 00:00,NZDUSD,60,86400,BUY,ZE,1,0.72620,0.71820,800.0,0.72761,0.72193,568.0,71.000,46.63,427.0,188.8,0.72620,0.72193,0.73188,BOUNCE,2018.01.17 22:00,1,2018.02.08 00:00,1,2018.02.08 10:00,0,,2,3w 0d,Other,NA,,NA,,0.71393,UNTOUCHED,,0,,0,,0,,0,NA,Other,NA,,NA,,0.73047,BOUNCE,2018.01.15 19:00,1,2018.02.08 10:00,0,,0,,1,3w 2d,NewYork,NA,,NA,,0.71766,BOUNCE,2018.02.08 10:00,1,2018.02.13 12:00,1,2018.02.13 12:00,0,,2,5d 2h,London,NA,,NA,,B-ZB-BO,B-ZO-BR,B-ZC-BR,B-ZB-BO,B-ZD-BO,B-ZE-BR,S-ZC-UN,S-ZO-UN,B-ZO-BR,B-ZG-BR,B-ZO-BR,B-ZD-BO,B-ZB-UN,S-ZE-BR,S-ZO-BR,B-ZB-UN,S-ZO-BO,B-ZG-BO,B-ZO-UN,S-ZB-BO
118,2018.01.20 00:00,NZDUSD,60,86400,BUY,ZO,0,0.73206,0.72456,750.0,0.73232,0.72740,492.0,65.600,37.87,466.0,177.0,0.73206,0.72740,0.73698,BREAK,2018.01.24 08:00,0,,0,,0,,0,NA,London,BREAK,2018.01.25 01:00,UNTOUCHED,,0.71990,BREAK,2018.02.08 05:00,0,,0,,0,,0,NA,Asia,UNTOUCHED,,NA,,0.73672,BREAK,2018.01.24 08:00,0,,0,,0,,0,NA,London,BREAK,2018.01.25 01:00,UNTOUCHED,,0.72274,BREAK,2018.02.08 00:00,0,,0,,0,,0,NA,Asia,BOUNCE,2018.02.08 14:00,NA,,B-ZE-BO,B-ZB-BO,B-ZO-BR,B-ZC-BR,B-ZB-BO,B-ZD-BO,B-ZE-BR,S-ZC-UN,S-ZO-UN,B-ZO-BR,B-ZD-BO,B-ZB-UN,S-ZE-BR,S-ZO-BR,B-ZB-UN,S-ZO-BO,B-ZG-BO,B-ZO-UN,S-ZB-BO,S-ZO-BR
119,2018.01.24 00:00,NZDUSD,60,86400,BUY,ZD,1,0.73293,0.72673,620.0,0.73646,0.73058,588.0,94.839,62.10,235.0,146.3,0.73293,0.73058,0.73881,BOUNCE,2018.01.24 12:00,1,2018.01.25 01:00,1,2018.01.30 11:00,1,2018.02.08 00:00,3,2w 0d,London,NA,,NA,,0.72438,BREAK,2018.02.08 00:00,0,,0,,0,,0,NA,Asia,BOUNCE,2018.02.08 01:00,NA,,0.73528,BREAK,2018.01.24 00:00,0,,0,,0,,0,NA,Asia,BREAK,2018.01.24 13:00,BREAK,2018.01.24 18:00,0.72823,BOUNCE,2018.01.30 11:00,1,2018.01.30 17:00,1,2018.01.30 17:00,0,,2,6h,London,NA,,NA,,B-ZO-BR,B-ZE-BO,B-ZB-BO,B-ZO-BR,B-ZC-BR,B-ZB-BO,B-ZD-BO,B-ZE-BR,S-ZC-UN,S-ZO-UN,B-ZB-UN,S-ZE-BR,S-ZO-BR,B-ZB-UN,S-ZO-BO,B-ZG-BO,B-ZO-UN,S-ZB-BO,S-ZO-BR,S-ZF-BR
120,2018.01.25 00:00,NZDUSD,60,86400,BUY,ZB,1,0.73646,0.73058,588.0,0.74303,0.73452,851.0,144.728,67.01,194.0,138.8,0.73646,0.73452,0.74497,UNTOUCHED,,0,,0,,0,,0,NA,Other,NA,,NA,,0.72864,BOUNCE,2018.01.30 11:00,1,2018.01.30 13:00,1,2018.01.31 07:00,0,,2,20h,London,NA,,NA,,0.73840,BREAK,2018.01.25 00:00,0,,0,,0,,0,NA,Asia,BREAK,2018.01.25 01:00,BREAK,2018.02.16 13:00,0.73258,BOUNCE,2018.01.25 03:00,1,2018.01.25 07:00,1,2018.01.25 07:00,0,,2,4h,Asia,NA,,NA,,B-ZD-BO,B-ZO-BR,B-ZE-BO,B-ZB-BO,B-ZO-BR,B-ZC-BR,B-ZB-BO,B-ZD-BO,B-ZE-BR,S-ZC-UN,S-ZE-BR,S-ZO-BR,B-ZB-UN,S-ZO-BO,B-ZG-BO,B-ZO-UN,S-ZB-BO,S-ZO-BR,S-ZF-BR,S-ZB-BO
121,2018.01.27 00:00,NZDUSD,60,86400,SELL,ZE,1,0.74370,0.73136,1234.0,0.73745,0.72887,858.0,69.530,50.65,609.0,291.2,0.73745,0.73136,0.72278,BREAK,2018.02.08 00:00,0,,0,,0,,0,NA,Asia,PENDING,,NA,,0.74979,UNTOUCHED,,0,,0,,0,,0,NA,Other,NA,,NA,,0.72527,BREAK,2018.02.07 22:00,0,,0,,0,,0,NA,Other,BOUNCE,2018.02.09 17:00,NA,,0.74354,BOUNCE,2018.02.16 13:00,1,2018.02.27 19:00,1,2018.02.27 19:00,0,,2,1w 4d,NewYork,NA,,NA,,B-ZB-UN,B-ZD-BO,B-ZO-BR,B-ZE-BO,B-ZB-BO,B-ZO-BR,B-ZC-BR,B-ZB-BO,B-ZD-BO,B-ZE-BR,S-ZO-BR,B-ZB-UN,S-ZO-BO,B-ZG-BO,B-ZO-UN,S-ZB-BO,S-ZO-BR,S-ZF-BR,S-ZB-BO,B-ZE-BR
122,2018.01.31 00:00,NZDUSD,60,86400,SELL,ZO,0,0.73637,0.73011,626.0,0.73551,0.72793,758.0,121.086,13.74,540.0,147.7,0.73551,0.73011,0.72253,BREAK,2018.02.08 00:00,0,,0,,0,,0,NA,Asia,BREAK,2018.03.21 15:00,BREAK,2018.04.25 04:00,0.74177,BOUNCE,2018.01.31 16:00,1,2018.02.02 18:00,1,2018.02.07 22:00,1,2018.02.08 00:00,3,1w 0d,NewYork,NA,,NA,,0.72471,BREAK,2018.02.07 22:00,0,,0,,0,,0,NA,Other,BREAK,2018.02.08 10:00,UNTOUCHED,,0.74091,BOUNCE,2018.01.31 16:00,1,2018.02.07 22:00,1,2018.02.07 22:00,0,,2,1w 0d,NewYork,NA,,NA,,S-ZE-BR,B-ZB-UN,B-ZD-BO,B-ZO-BR,B-ZE-BO,B-ZB-BO,B-ZO-BR,B-ZC-BR,B-ZB-BO,B-ZD-BO,B-ZB-UN,S-ZO-BO,B-ZG-BO,B-ZO-UN,S-ZB-BO,S-ZO-BR,S-ZF-BR,S-ZB-BO,B-ZE-BR,B-ZB-BR
123,2018.02.01 00:00,NZDUSD,60,86400,BUY,ZB,1,0.73551,0.72793,758.0,0.74197,0.73251,946.0,124.802,60.42,300.0,178.9,0.73551,0.73251,0.74497,UNTOUCHED,,0,,0,,0,,0,NA,Other,NA,,NA,,0.72493,BREAK,2018.02.07 22:00,0,,0,,0,,0,NA,Other,BOUNCE,2018.02.08 01:00,NA,,0.73851,BREAK,2018.02.01 19:00,0,,0,,0,,0,NA,NewYork,BREAK,2018.02.16 12:00,UNTOUCHED,,0.72951,BREAK,2018.02.02 23:00,0,,0,,0,,0,NA,Other,BOUNCE,2018.02.06 07:00,NA,,S-ZO-BR,S-ZE-BR,B-ZB-UN,B-ZD-BO,B-ZO-BR,B-ZE-BO,B-ZB-BO,B-ZO-BR,B-ZC-BR,B-ZB-BO,S-ZO-BO,B-ZG-BO,B-ZO-UN,S-ZB-BO,S-ZO-BR,S-ZF-BR,S-ZB-BO,B-ZE-BR,B-ZB-BR,S-ZG-BO
124,2018.02.07 00:00,NZDUSD,60,86400,SELL,ZO,0,0.73304,0.72716,588.0,0.73182,0.72566,616.0,104.762,20.75,466.0,138.8,0.73182,0.72716,0.72100,BOUNCE,2018.02.08 00:00,1,2018.02.13 12:00,1,2018.02.14 22:00,1,2018.02.15 01:00,3,1w 0d,Asia,NA,,NA,,0.73770,BREAK,2018.02.15 01:00,0,,0,,0,,0,NA,Asia,BOUNCE,2018.02.16 23:00,NA,,0.72250,BREAK,2018.02.08 00:00,0,,0,,0,,0,NA,Asia,BOUNCE,2018.02.08 14:00,NA,,0.73648,BREAK,2018.02.14 22:00,0,,0,,0,,0,NA,Other,BREAK,2018.02.16 08:00,UNTOUCHED,,B-ZB-UN,S-ZO-BR,S-ZE-BR,B-ZB-UN,B-ZD-BO,B-ZO-BR,B-ZE-BO,B-ZB-BO,B-ZO-BR,B-ZC-BR,B-ZG-BO,B-ZO-UN,S-ZB-BO,S-ZO-BR,S-ZF-BR,S-ZB-BO,B-ZE-BR,B-ZB-BR,S-ZG-BO,B-ZG-BO
125,2018.02.14 00:00,NZDUSD,60,86400,BUY,ZG,1,0.72770,0.72318,452.0,0.73148,0.72420,728.0,161.062,22.57,350.0,106.7,0.72770,0.72420,0.73498,BOUNCE,2018.02.14 19:00,1,2018.02.23 18:00,1,2018.03.01 00:00,1,2018.03.01 04:00,3,2w 0d,NewYork,NA,,NA,,0.71968,BREAK,2018.03.01 04:00,0,,0,,0,,0,NA,Asia,BOUNCE,2018.03.21 22:00,NA,,0.73120,BREAK,2018.02.14 06:00,0,,0,,0,,0,NA,Asia,BOUNCE,2018.02.14 19:00,NA,,0.72070,BREAK,2018.03.01 00:00,0,,0,,0,,0,NA,Asia,BREAK,2018.03.21 13:00,BREAK,2018.04.24 05:00,S-ZO-BO,B-ZB-UN,S-ZO-BR,S-ZE-BR,B-ZB-UN,B-ZD-BO,B-ZO-BR,B-ZE-BO,B-ZB-BO,B-ZO-BR,B-ZO-UN,S-ZB-BO,S-ZO-BR,S-ZF-BR,S-ZB-BO,B-ZE-BR,B-ZB-BR,S-ZG-BO,B-ZG-BO,B-ZF-BO
126,2018.02.17 00:00,NZDUSD,60,86400,BUY,ZO,0,0.74115,0.73567,548.0,0.74370,0.73737,633.0,115.511,31.02,378.0,129.3,0.74115,0.73737,0.74748,UNTOUCHED,,0,,0,,0,,0,NA,Other,NA,,NA,,0.73189,BOUNCE,2018.02.22 00:00,0,,0,,0,,0,NA,Asia,NA,,NA,,0.74493,UNTOUCHED,,0,,0,,0,,0,NA,Other,NA,,NA,,0.73359,BOUNCE,2018.02.20 17:00,0,,0,,0,,0,NA,NewYork,NA,,NA,,B-ZG-BO,S-ZO-BO,B-ZB-UN,S-ZO-BR,S-ZE-BR,B-ZB-UN,B-ZD-BO,B-ZO-BR,B-ZE-BO,B-ZB-BO,S-ZB-BO,S-ZO-BR,S-ZF-BR,S-ZB-BO,B-ZE-BR,B-ZB-BR,S-ZG-BO,B-ZG-BO,B-ZF-BO,S-ZB-BR
127,2018.02.21 00:00,NZDUSD,60,86400,SELL,ZB,1,0.74092,0.73530,562.0,0.73740,0.73359,381.0,67.794,62.63,210.0,132.6,0.73740,0.73530,0.73149,BOUNCE,2018.02.22 02:00,1,2018.02.22 19:00,0,,0,,1,17h,Asia,NA,,NA,,0.74302,UNTOUCHED,,0,,0,,0,,0,NA,Other,NA,,NA,,0.73320,BOUNCE,2018.02.21 07:00,0,,0,,0,,0,NA,London,NA,,NA,,0.73950,UNTOUCHED,,0,,0,,0,,0,NA,Other,NA,,NA,,B-ZO-UN,B-ZG-BO,S-ZO-BO,B-ZB-UN,S-ZO-BR,S-ZE-BR,B-ZB-UN,B-ZD-BO,B-ZO-BR,B-ZE-BO,S-ZO-BR,S-ZF-BR,S-ZB-BO,B-ZE-BR,B-ZB-BR,S-ZG-BO,B-ZG-BO,B-ZF-BO,S-ZB-BR,S-ZF-BR
128,2018.02.23 00:00,NZDUSD,60,86400,SELL,ZO,0,0.73854,0.73259,595.0,0.73646,0.73072,574.0,96.471,34.96,387.0,140.4,0.73646,0.73259,0.72685,BREAK,2018.02.27 17:00,0,,0,,0,,0,NA,NewYork,BREAK,2018.02.28 13:00,BOUNCE,2018.03.01 18:00,0.74241,UNTOUCHED,,0,,0,,0,,0,NA,Other,NA,,NA,,0.72872,BREAK,2018.02.23 18:00,0,,0,,0,,0,NA,NewYork,BREAK,2018.02.27 21:00,BREAK,2018.03.01 04:00,0.74033,UNTOUCHED,,0,,0,,0,,0,NA,Other,NA,,NA,,S-ZB-BO,B-ZO-UN,B-ZG-BO,S-ZO-BO,B-ZB-UN,S-ZO-BR,S-ZE-BR,B-ZB-UN,B-ZD-BO,B-ZO-BR,S-ZF-BR,S-ZB-BO,B-ZE-BR,B-ZB-BR,S-ZG-BO,B-ZG-BO,B-ZF-BO,S-ZB-BR,S-ZF-BR,S-ZO-BR
129,2018.02.24 00:00,NZDUSD,60,86400,SELL,ZF,1,0.73646,0.73072,574.0,0.73454,0.72706,748.0,130.314,33.45,382.0,135.5,0.73454,0.73072,0.72324,BREAK,2018.02.28 00:00,0,,0,,0,,0,NA,Asia,BOUNCE,2018.03.01 19:00,NA,,0.74028,UNTOUCHED,,0,,0,,0,,0,NA,Other,NA,,NA,,0.72690,BREAK,2018.02.27 17:00,0,,0,,0,,0,NA,NewYork,BREAK,2018.02.28 13:00,BOUNCE,2018.03.01 19:00,0.73836,UNTOUCHED,,0,,0,,0,,0,NA,Other,NA,,NA,,S-ZO-BR,S-ZB-BO,B-ZO-UN,B-ZG-BO,S-ZO-BO,B-ZB-UN,S-ZO-BR,S-ZE-BR,B-ZB-UN,B-ZD-BO,S-ZB-BO,B-ZE-BR,B-ZB-BR,S-ZG-BO,B-ZG-BO,B-ZF-BO,S-ZB-BR,S-ZF-BR,S-ZO-BR,B-ZE-BO
130,2018.02.28 00:00,NZDUSD,60,86400,SELL,ZB,1,0.73449,0.72765,684.0,0.73179,0.72338,841.0,122.953,39.47,414.0,161.4,0.73179,0.72765,0.71924,BOUNCE,2018.03.01 05:00,1,2018.03.02 05:00,0,,0,,1,1d 0h,Asia,NA,,NA,,0.73863,UNTOUCHED,,0,,0,,0,,0,NA,Other,NA,,NA,,0.72351,BREAK,2018.02.28 00:00,0,,0,,0,,0,NA,Asia,BOUNCE,2018.03.01 19:00,NA,,0.73593,UNTOUCHED,,0,,0,,0,,0,NA,Other,NA,,NA,,S-ZF-BR,S-ZO-BR,S-ZB-BO,B-ZO-UN,B-ZG-BO,S-ZO-BO,B-ZB-UN,S-ZO-BR,S-ZE-BR,B-ZB-UN,B-ZE-BR,B-ZB-BR,S-ZG-BO,B-ZG-BO,B-ZF-BO,S-ZB-BR,S-ZF-BR,S-ZO-BR,B-ZE-BO,B-ZE-BR
131,2018.03.03 00:00,NZDUSD,60,86400,BUY,ZE,1,0.72597,0.71859,738.0,0.72793,0.72187,606.0,82.114,44.44,410.0,174.2,0.72597,0.72187,0.73203,BREAK,2018.03.12 07:00,0,,0,,0,,0,NA,London,BREAK,2018.04.12 11:00,UNTOUCHED,,0.71449,UNTOUCHED,,0,,0,,0,,0,NA,Other,NA,,NA,,0.73007,BOUNCE,2018.03.06 16:00,1,2018.03.20 23:00,0,,0,,1,2w 0d,NewYork,NA,,NA,,0.71777,BREAK,2018.03.20 23:00,0,,0,,0,,0,NA,Other,BREAK,2018.04.24 05:00,BREAK,2018.04.25 11:00,S-ZB-BO,S-ZF-BR,S-ZO-BR,S-ZB-BO,B-ZO-UN,B-ZG-BO,S-ZO-BO,B-ZB-UN,S-ZO-BR,S-ZE-BR,B-ZB-BR,S-ZG-BO,B-ZG-BO,B-ZF-BO,S-ZB-BR,S-ZF-BR,S-ZO-BR,B-ZE-BO,B-ZE-BR,S-ZD-BO
132,2018.03.07 00:00,NZDUSD,60,86400,BUY,ZB,1,0.72451,0.72027,424.0,0.73108,0.72212,896.0,211.321,43.63,239.0,100.1,0.72451,0.72212,0.73347,BREAK,2018.03.13 16:00,0,,0,,0,,0,NA,NewYork,BREAK,2018.04.10 18:00,BREAK,2018.04.13 11:00,0.71788,BREAK,2018.03.20 23:00,0,,0,,0,,0,NA,Other,BOUNCE,2018.03.21 19:00,NA,,0.72690,BREAK,2018.03.07 00:00,0,,0,,0,,0,NA,Asia,BOUNCE,2018.03.07 19:00,NA,,0.71973,BOUNCE,2018.03.19 09:00,1,2018.03.23 21:00,1,2018.03.23 21:00,0,,2,4d 12h,London,NA,,NA,,B-ZE-BR,S-ZB-BO,S-ZF-BR,S-ZO-BR,S-ZB-BO,B-ZO-UN,B-ZG-BO,S-ZO-BO,B-ZB-UN,S-ZO-BR,S-ZG-BO,B-ZG-BO,B-ZF-BO,S-ZB-BR,S-ZF-BR,S-ZO-BR,B-ZE-BO,B-ZE-BR,S-ZD-BO,S-ZE-BR
133,2018.03.09 00:00,NZDUSD,60,86400,SELL,ZG,0,0.73001,0.72541,460.0,0.72972,0.72450,522.0,113.478,6.30,431.0,108.6,0.72972,0.72541,0.72019,BOUNCE,2018.03.19 08:00,1,2018.03.26 12:00,1,2018.04.10 10:00,1,2018.04.10 10:00,3,3w 1d,London,NA,,NA,,0.73432,BREAK,2018.03.13 16:00,0,,0,,0,,0,NA,NewYork,BOUNCE,2018.04.16 10:00,NA,,0.72110,BREAK,2018.03.16 18:00,0,,0,,0,,0,NA,NewYork,BREAK,2018.03.21 15:00,BREAK,2018.04.24 08:00,0.73403,BREAK,2018.03.13 16:00,0,,0,,0,,0,NA,NewYork,BREAK,2018.04.13 12:00,UNTOUCHED,,B-ZB-BR,B-ZE-BR,S-ZB-BO,S-ZF-BR,S-ZO-BR,S-ZB-BO,B-ZO-UN,B-ZG-BO,S-ZO-BO,B-ZB-UN,B-ZG-BO,B-ZF-BO,S-ZB-BR,S-ZF-BR,S-ZO-BR,B-ZE-BO,B-ZE-BR,S-ZD-BO,S-ZE-BR,B-ZE-BO
134,2018.03.10 00:00,NZDUSD,60,86400,BUY,ZG,0,0.72972,0.72450,522.0,0.72976,0.72492,484.0,92.720,8.05,480.0,123.2,0.72972,0.72492,0.73456,BOUNCE,2018.03.13 16:00,1,2018.03.16 07:00,1,2018.03.19 08:00,1,2018.03.19 09:00,3,5d 17h,NewYork,NA,,NA,,0.71970,BOUNCE,2018.03.19 09:00,1,2018.03.26 14:00,1,2018.04.10 11:00,1,2018.04.10 11:00,3,3w 1d,London,NA,,NA,,0.73452,BOUNCE,2018.03.13 16:00,1,2018.03.19 08:00,1,2018.03.19 09:00,0,,2,5d 17h,NewYork,NA,,NA,,0.72012,BOUNCE,2018.03.19 08:00,1,2018.04.10 11:00,1,2018.04.10 11:00,0,,2,3w 1d,London,NA,,NA,,S-ZG-BO,B-ZB-BR,B-ZE-BR,S-ZB-BO,S-ZF-BR,S-ZO-BR,S-ZB-BO,B-ZO-UN,B-ZG-BO,S-ZO-BO,B-ZF-BO,S-ZB-BR,S-ZF-BR,S-ZO-BR,B-ZE-BO,B-ZE-BR,S-ZD-BO,S-ZE-BR,B-ZE-BO,S-ZH-BR
135,2018.03.14 00:00,NZDUSD,60,86400,BUY,ZF,1,0.73230,0.72852,378.0,0.73549,0.72901,648.0,171.429,12.96,329.0,89.2,0.73230,0.72901,0.73878,BOUNCE,2018.04.12 12:00,1,2018.04.18 10:00,1,2018.04.20 03:00,1,2018.04.20 04:00,3,1w 0d,London,NA,,NA,,0.72523,BREAK,2018.03.16 05:00,0,,0,,0,,0,NA,Asia,BREAK,2018.03.16 18:00,BREAK,2018.03.20 23:00,0.73559,BREAK,2018.04.10 15:00,0,,0,,0,,0,NA,NewYork,BOUNCE,2018.04.13 17:00,NA,,0.72572,BREAK,2018.03.16 05:00,0,,0,,0,,0,NA,Asia,BREAK,2018.03.16 18:00,BREAK,2018.03.20 23:00,B-ZG-BO,S-ZG-BO,B-ZB-BR,B-ZE-BR,S-ZB-BO,S-ZF-BR,S-ZO-BR,S-ZB-BO,B-ZO-UN,B-ZG-BO,S-ZB-BR,S-ZF-BR,S-ZO-BR,B-ZE-BO,B-ZE-BR,S-ZD-BO,S-ZE-BR,B-ZE-BO,S-ZH-BR,B-ZF-BO
136,2018.03.16 00:00,NZDUSD,60,86400,SELL,ZB,1,0.73536,0.73178,358.0,0.73365,0.72671,694.0,193.855,47.77,187.0,84.5,0.73365,0.73178,0.72484,BREAK,2018.03.16 07:00,0,,0,,0,,0,NA,London,BREAK,2018.03.16 18:00,BREAK,2018.03.19 08:00,0.73723,BOUNCE,2018.04.10 22:00,1,2018.04.16 16:00,1,2018.04.19 17:00,1,2018.04.20 04:00,3,1w 2d,Other,NA,,NA,,0.72991,BREAK,2018.03.16 00:00,0,,0,,0,,0,NA,Asia,BREAK,2018.03.16 02:00,BREAK,2018.03.16 05:00,0.73552,BREAK,2018.04.10 15:00,0,,0,,0,,0,NA,NewYork,BOUNCE,2018.04.11 01:00,NA,,B-ZF-BO,B-ZG-BO,S-ZG-BO,B-ZB-BR,B-ZE-BR,S-ZB-BO,S-ZF-BR,S-ZO-BR,S-ZB-BO,B-ZO-UN,S-ZF-BR,S-ZO-BR,B-ZE-BO,B-ZE-BR,S-ZD-BO,S-ZE-BR,B-ZE-BO,S-ZH-BR,B-ZF-BO,B-ZB-BR
137,2018.03.21 00:00,NZDUSD,60,86400,SELL,ZF,0,0.72601,0.71957,644.0,0.72498,0.71765,733.0,113.820,15.99,541.0,152.0,0.72498,0.71957,0.71224,BREAK,2018.04.24 05:00,0,,0,,0,,0,NA,Asia,BREAK,2018.04.27 04:00,BREAK,2018.05.01 17:00,0.73142,BOUNCE,2018.04.05 02:00,1,2018.04.20 17:00,1,2018.04.24 04:00,1,2018.04.24 05:00,3,2w 5d,Asia,NA,,NA,,0.71416,BREAK,2018.04.24 04:00,0,,0,,0,,0,NA,Asia,BREAK,2018.04.25 15:00,BREAK,2018.05.01 12:00,0.73039,BREAK,2018.04.04 20:00,0,,0,,0,,0,NA,NewYork,BREAK,2018.04.10 22:00,UNTOUCHED,,S-ZB-BR,B-ZF-BO,B-ZG-BO,S-ZG-BO,B-ZB-BR,B-ZE-BR,S-ZB-BO,S-ZF-BR,S-ZO-BR,S-ZB-BO,S-ZO-BR,B-ZE-BO,B-ZE-BR,S-ZD-BO,S-ZE-BR,B-ZE-BO,S-ZH-BR,B-ZF-BO,B-ZB-BR,B-ZO-BR
138,2018.03.22 00:00,NZDUSD,60,86400,SELL,ZO,0,0.72498,0.71765,733.0,0.72455,0.71533,922.0,125.784,5.87,690.0,173.0,0.72455,0.71765,0.70843,BREAK,2018.04.25 10:00,0,,0,,0,,0,NA,London,BREAK,2018.05.01 17:00,BREAK,2018.05.10 03:00,0.73188,BOUNCE,2018.04.05 03:00,1,2018.04.23 13:00,1,2018.04.24 11:00,1,2018.04.25 10:00,3,2w 6d,Asia,NA,,NA,,0.71075,BREAK,2018.04.24 11:00,0,,0,,0,,0,NA,London,BREAK,2018.05.01 12:00,BREAK,2018.05.09 10:00,0.73145,BOUNCE,2018.04.05 02:00,1,2018.04.24 11:00,1,2018.04.24 11:00,0,,2,2w 5d,Asia,NA,,NA,,S-ZF-BR,S-ZB-BR,B-ZF-BO,B-ZG-BO,S-ZG-BO,B-ZB-BR,B-ZE-BR,S-ZB-BO,S-ZF-BR,S-ZO-BR,B-ZE-BO,B-ZE-BR,S-ZD-BO,S-ZE-BR,B-ZE-BO,S-ZH-BR,B-ZF-BO,B-ZB-BR,B-ZO-BR,S-ZE-BR
139,2018.03.23 00:00,NZDUSD,60,86400,BUY,ZE,1,0.72455,0.71533,922.0,0.72625,0.72119,506.0,54.881,63.56,336.0,217.6,0.72455,0.72119,0.72961,BOUNCE,2018.03.26 14:00,1,2018.03.28 19:00,1,2018.04.23 13:00,1,2018.04.24 05:00,3,4w 0d,NewYork,NA,,NA,,0.71197,BREAK,2018.04.24 05:00,0,,0,,0,,0,NA,Asia,BREAK,2018.04.25 18:00,BOUNCE,2018.04.27 22:00,0.72791,BREAK,2018.03.26 11:00,0,,0,,0,,0,NA,London,BOUNCE,2018.04.05 14:00,NA,,0.71783,BREAK,2018.04.23 13:00,0,,0,,0,,0,NA,NewYork,BREAK,2018.04.24 05:00,BREAK,2018.04.25 10:00,S-ZO-BR,S-ZF-BR,S-ZB-BR,B-ZF-BO,B-ZG-BO,S-ZG-BO,B-ZB-BR,B-ZE-BR,S-ZB-BO,S-ZF-BR,B-ZE-BR,S-ZD-BO,S-ZE-BR,B-ZE-BO,S-ZH-BR,B-ZF-BO,B-ZB-BR,B-ZO-BR,S-ZE-BR,B-ZB-UN
140,2018.03.28 00:00,NZDUSD,60,86400,BUY,ZE,1,0.72988,0.72284,704.0,0.73031,0.72590,441.0,62.642,43.47,398.0,166.1,0.72988,0.72590,0.73429,BREAK,2018.04.10 10:00,0,,0,,0,,0,NA,London,BOUNCE,2018.04.16 10:00,NA,,0.71886,BOUNCE,2018.03.29 06:00,1,2018.04.03 16:00,1,2018.04.10 10:00,1,2018.04.10 10:00,3,1w 5d,Asia,NA,,NA,,0.73386,BREAK,2018.04.10 10:00,0,,0,,0,,0,NA,London,BOUNCE,2018.04.16 14:00,NA,,0.72192,BREAK,2018.03.28 22:00,0,,0,,0,,0,NA,Other,BREAK,2018.04.23 17:00,BREAK,2018.04.24 05:00,B-ZE-BO,S-ZO-BR,S-ZF-BR,S-ZB-BR,B-ZF-BO,B-ZG-BO,S-ZG-BO,B-ZB-BR,B-ZE-BR,S-ZB-BO,S-ZD-BO,S-ZE-BR,B-ZE-BO,S-ZH-BR,B-ZF-BO,B-ZB-BR,B-ZO-BR,S-ZE-BR,B-ZB-UN,B-ZE-UN
141,2018.03.29 00:00,NZDUSD,60,86400,SELL,ZD,1,0.73031,0.72590,441.0,0.72742,0.72030,712.0,161.451,65.53,152.0,104.1,0.72742,0.72590,0.71878,BOUNCE,2018.04.02 23:00,1,2018.04.03 00:00,1,2018.04.04 07:00,1,2018.04.05 02:00,3,2d 3h,Other,NA,,NA,,0.73183,BOUNCE,2018.04.05 02:00,1,2018.04.05 09:00,1,2018.04.06 15:00,1,2018.04.23 12:00,3,2w 4d,Asia,NA,,NA,,0.72438,BREAK,2018.03.29 00:00,0,,0,,0,,0,NA,Asia,BREAK,2018.03.29 01:00,BREAK,2018.03.29 05:00,0.72894,BOUNCE,2018.04.04 07:00,1,2018.04.06 15:00,1,2018.04.06 15:00,0,,2,2d 8h,London,NA,,NA,,B-ZE-BR,B-ZE-BO,S-ZO-BR,S-ZF-BR,S-ZB-BR,B-ZF-BO,B-ZG-BO,S-ZG-BO,B-ZB-BR,B-ZE-BR,S-ZE-BR,B-ZE-BO,S-ZH-BR,B-ZF-BO,B-ZB-BR,B-ZO-BR,S-ZE-BR,B-ZB-UN,B-ZE-UN,B-ZG-UN
142,2018.03.30 00:00,NZDUSD,60,86400,SELL,ZE,1,0.72742,0.72030,712.0,0.72339,0.71879,460.0,64.607,56.60,309.0,168.0,0.72339,0.72030,0.71570,BREAK,2018.04.23 18:00,0,,0,,0,,0,NA,NewYork,BREAK,2018.04.24 10:00,BREAK,2018.04.25 11:00,0.73051,BREAK,2018.04.04 20:00,0,,0,,0,,0,NA,NewYork,BREAK,2018.04.10 15:00,BREAK,2018.04.12 11:00,0.71721,BREAK,2018.04.23 13:00,0,,0,,0,,0,NA,NewYork,BREAK,2018.04.24 05:00,BREAK,2018.04.25 08:00,0.72648,BREAK,2018.04.03 16:00,0,,0,,0,,0,NA,NewYork,BREAK,2018.04.05 02:00,BREAK,2018.04.10 10:00,S-ZD-BO,B-ZE-BR,B-ZE-BO,S-ZO-BR,S-ZF-BR,S-ZB-BR,B-ZF-BO,B-ZG-BO,S-ZG-BO,B-ZB-BR,B-ZE-BO,S-ZH-BR,B-ZF-BO,B-ZB-BR,B-ZO-BR,S-ZE-BR,B-ZB-UN,B-ZE-UN,B-ZG-UN,S-ZB-BR
143,2018.03.31 00:00,NZDUSD,60,86400,BUY,ZE,1,0.72339,0.71879,460.0,0.72471,0.72197,274.0,59.565,69.13,142.0,108.6,0.72339,0.72197,0.72613,BOUNCE,2018.04.03 10:00,1,2018.04.20 11:00,1,2018.04.20 17:00,1,2018.04.23 13:00,3,2w 6d,London,NA,,NA,,0.71737,BOUNCE,2018.04.23 13:00,0,,0,,0,,0,NA,NewYork,NA,,NA,,0.72481,BREAK,2018.04.03 10:00,0,,0,,0,,0,NA,London,BOUNCE,2018.04.03 16:00,NA,,0.72055,BREAK,2018.04.02 23:00,0,,0,,0,,0,NA,Other,BOUNCE,2018.04.23 11:00,NA,,S-ZE-BR,S-ZD-BO,B-ZE-BR,B-ZE-BO,S-ZO-BR,S-ZF-BR,S-ZB-BR,B-ZF-BO,B-ZG-BO,S-ZG-BO,S-ZH-BR,B-ZF-BO,B-ZB-BR,B-ZO-BR,S-ZE-BR,B-ZB-UN,B-ZE-UN,B-ZG-UN,S-ZB-BR,S-ZF-BR
144,2018.04.03 00:00,NZDUSD,60,86400,SELL,ZH,1,0.72431,0.72277,154.0,0.72402,0.71871,531.0,344.805,18.83,125.0,36.3,0.72402,0.72277,0.71746,BREAK,2018.04.23 13:00,0,,0,,0,,0,NA,NewYork,BOUNCE,2018.04.23 17:00,NA,,0.72556,BREAK,2018.04.03 10:00,0,,0,,0,,0,NA,London,BOUNCE,2018.04.03 16:00,NA,,0.72152,BREAK,2018.04.03 00:00,0,,0,,0,,0,NA,Asia,BREAK,2018.04.03 05:00,BOUNCE,2018.04.23 11:00,0.72527,BREAK,2018.04.03 10:00,0,,0,,0,,0,NA,London,BREAK,2018.04.03 16:00,BREAK,2018.04.04 06:00,B-ZE-BO,S-ZE-BR,S-ZD-BO,B-ZE-BR,B-ZE-BO,S-ZO-BR,S-ZF-BR,S-ZB-BR,B-ZF-BO,B-ZG-BO,B-ZF-BO,B-ZB-BR,B-ZO-BR,S-ZE-BR,B-ZB-UN,B-ZE-UN,B-ZG-UN,S-ZB-BR,S-ZF-BR,S-ZB-BO
145,2018.04.04 00:00,NZDUSD,60,86400,BUY,ZF,0,0.72402,0.71871,531.0,0.72705,0.71947,758.0,142.750,14.31,455.0,125.3,0.72402,0.71947,0.73160,BOUNCE,2018.04.05 02:00,1,2018.04.20 12:00,1,2018.04.23 22:00,1,2018.04.24 04:00,3,2w 5d,Asia,NA,,NA,,0.71416,BREAK,2018.04.24 04:00,0,,0,,0,,0,NA,Asia,BREAK,2018.04.25 10:00,BREAK,2018.04.30 17:00,0.72857,BREAK,2018.04.04 06:00,0,,0,,0,,0,NA,Asia,BREAK,2018.04.10 11:00,BREAK,2018.04.13 10:00,0.71492,BREAK,2018.04.23 22:00,0,,0,,0,,0,NA,Other,BREAK,2018.04.25 09:00,BREAK,2018.04.27 11:00,S-ZH-BR,B-ZE-BO,S-ZE-BR,S-ZD-BO,B-ZE-BR,B-ZE-BO,S-ZO-BR,S-ZF-BR,S-ZB-BR,B-ZF-BO,B-ZB-BR,B-ZO-BR,S-ZE-BR,B-ZB-UN,B-ZE-UN,B-ZG-UN,S-ZB-BR,S-ZF-BR,S-ZB-BO,S-ZE-BR
146,2018.04.05 00:00,NZDUSD,60,86400,BUY,ZB,1,0.72705,0.71947,758.0,0.73108,0.72487,621.0,81.926,71.24,218.0,178.9,0.72705,0.72487,0.73326,BREAK,2018.04.10 07:00,0,,0,,0,,0,NA,London,BREAK,2018.04.10 22:00,BOUNCE,2018.04.11 22:00,0.71729,BREAK,2018.04.23 13:00,0,,0,,0,,0,NA,NewYork,BREAK,2018.04.24 05:00,BREAK,2018.04.24 10:00,0.72923,BREAK,2018.04.05 00:00,0,,0,,0,,0,NA,Asia,BOUNCE,2018.04.05 08:00,NA,,0.72269,BREAK,2018.04.20 12:00,0,,0,,0,,0,NA,London,BREAK,2018.04.23 12:00,BREAK,2018.04.23 17:00,B-ZF-BO,S-ZH-BR,B-ZE-BO,S-ZE-BR,S-ZD-BO,B-ZE-BR,B-ZE-BO,S-ZO-BR,S-ZF-BR,S-ZB-BR,B-ZO-BR,S-ZE-BR,B-ZB-UN,B-ZE-UN,B-ZG-UN,S-ZB-BR,S-ZF-BR,S-ZB-BO,S-ZE-BR,S-ZD-BO
147,2018.04.06 00:00,NZDUSD,60,86400,BUY,ZO,0,0.73108,0.72487,621.0,0.73220,0.72620,600.0,96.618,21.42,488.0,146.6,0.73108,0.72620,0.73708,BREAK,2018.04.10 22:00,0,,0,,0,,0,NA,Other,UNTOUCHED,,NA,,0.71999,BREAK,2018.04.23 04:00,0,,0,,0,,0,NA,Asia,BREAK,2018.04.24 04:00,BREAK,2018.04.25 10:00,0.73596,BREAK,2018.04.10 17:00,0,,0,,0,,0,NA,NewYork,UNTOUCHED,,NA,,0.72132,BREAK,2018.04.20 16:00,0,,0,,0,,0,NA,NewYork,BREAK,2018.04.23 22:00,BREAK,2018.04.25 07:00,B-ZB-BR,B-ZF-BO,S-ZH-BR,B-ZE-BO,S-ZE-BR,S-ZD-BO,B-ZE-BR,B-ZE-BO,S-ZO-BR,S-ZF-BR,S-ZE-BR,B-ZB-UN,B-ZE-UN,B-ZG-UN,S-ZB-BR,S-ZF-BR,S-ZB-BO,S-ZE-BR,S-ZD-BO,S-ZF-BR
148,2018.04.07 00:00,NZDUSD,60,86400,SELL,ZE,1,0.73220,0.72620,600.0,0.72819,0.72409,410.0,68.333,66.83,199.0,141.6,0.72819,0.72620,0.72210,BREAK,2018.04.20 13:00,0,,0,,0,,0,NA,NewYork,BOUNCE,2018.04.20 19:00,NA,,0.73419,BREAK,2018.04.10 10:00,0,,0,,0,,0,NA,London,BREAK,2018.04.10 22:00,BOUNCE,2018.04.12 17:00,0.72421,BREAK,2018.04.20 05:00,0,,0,,0,,0,NA,Asia,BREAK,2018.04.20 17:00,BOUNCE,2018.04.20 19:00,0.73018,BOUNCE,2018.04.09 09:00,1,2018.04.20 05:00,1,2018.04.20 05:00,0,,2,1w 3d,London,NA,,NA,,B-ZO-BR,B-ZB-BR,B-ZF-BO,S-ZH-BR,B-ZE-BO,S-ZE-BR,S-ZD-BO,B-ZE-BR,B-ZE-BO,S-ZO-BR,B-ZB-UN,B-ZE-UN,B-ZG-UN,S-ZB-BR,S-ZF-BR,S-ZB-BO,S-ZE-BR,S-ZD-BO,S-ZF-BR,B-ZF-UN
149,2018.04.11 00:00,NZDUSD,60,86400,BUY,ZB,1,0.73240,0.72622,618.0,0.73763,0.73029,734.0,118.770,65.86,211.0,145.8,0.73240,0.73029,0.73974,UNTOUCHED,,0,,0,,0,,0,NA,Other,NA,,NA,,0.72411,BREAK,2018.04.20 05:00,0,,0,,0,,0,NA,Asia,BREAK,2018.04.20 17:00,BREAK,2018.04.23 13:00,0.73451,BREAK,2018.04.11 00:00,0,,0,,0,,0,NA,Asia,BOUNCE,2018.04.11 22:00,NA,,0.72818,BREAK,2018.04.19 19:00,0,,0,,0,,0,NA,NewYork,BREAK,2018.04.20 04:00,BREAK,2018.04.20 12:00,S-ZE-BR,B-ZO-BR,B-ZB-BR,B-ZF-BO,S-ZH-BR,B-ZE-BO,S-ZE-BR,S-ZD-BO,B-ZE-BR,B-ZE-BO,B-ZE-UN,B-ZG-UN,S-ZB-BR,S-ZF-BR,S-ZB-BO,S-ZE-BR,S-ZD-BO,S-ZF-BR,B-ZF-UN,B-ZO-UN
150,2018.04.12 00:00,NZDUSD,60,86400,BUY,ZE,1,0.73763,0.73029,734.0,0.73783,0.73443,340.0,46.322,56.40,320.0,173.2,0.73763,0.73443,0.74103,UNTOUCHED,,0,,0,,0,,0,NA,Other,NA,,NA,,0.72709,BREAK,2018.04.19 20:00,0,,0,,0,,0,NA,NewYork,BREAK,2018.04.20 13:00,BREAK,2018.04.23 11:00,0.74083,UNTOUCHED,,0,,0,,0,,0,NA,Other,NA,,NA,,0.73123,BREAK,2018.04.18 11:00,0,,0,,0,,0,NA,London,BREAK,2018.04.19 21:00,BREAK,2018.04.20 11:00,B-ZB-UN,S-ZE-BR,B-ZO-BR,B-ZB-BR,B-ZF-BO,S-ZH-BR,B-ZE-BO,S-ZE-BR,S-ZD-BO,B-ZE-BR,B-ZG-UN,S-ZB-BR,S-ZF-BR,S-ZB-BO,S-ZE-BR,S-ZD-BO,S-ZF-BR,B-ZF-UN,B-ZO-UN,S-ZF-BR
151,2018.04.13 00:00,NZDUSD,60,86400,BUY,ZG,0,0.73783,0.73443,340.0,0.73891,0.73483,408.0,120.000,11.76,300.0,80.2,0.73783,0.73483,0.74191,UNTOUCHED,,0,,0,,0,,0,NA,Other,NA,,NA,,0.73143,BREAK,2018.04.18 11:00,0,,0,,0,,0,NA,London,BREAK,2018.04.19 20:00,BREAK,2018.04.20 04:00,0.74083,UNTOUCHED,,0,,0,,0,,0,NA,Other,NA,,NA,,0.73183,BREAK,2018.04.18 10:00,0,,0,,0,,0,NA,London,BREAK,2018.04.19 19:00,BREAK,2018.04.20 04:00,B-ZE-UN,B-ZB-UN,S-ZE-BR,B-ZO-BR,B-ZB-BR,B-ZF-BO,S-ZH-BR,B-ZE-BO,S-ZE-BR,S-ZD-BO,S-ZB-BR,S-ZF-BR,S-ZB-BO,S-ZE-BR,S-ZD-BO,S-ZF-BR,B-ZF-UN,B-ZO-UN,S-ZF-BR,S-ZE-BO
152,2018.04.19 00:00,NZDUSD,60,86400,SELL,ZB,1,0.73721,0.73262,459.0,0.73442,0.73033,409.0,89.107,60.78,180.0,108.3,0.73442,0.73262,0.72853,BREAK,2018.04.19 19:00,0,,0,,0,,0,NA,NewYork,BREAK,2018.04.20 03:00,BREAK,2018.04.20 09:00,0.73901,UNTOUCHED,,0,,0,,0,,0,NA,Other,NA,,NA,,0.73082,BREAK,2018.04.19 12:00,0,,0,,0,,0,NA,London,BREAK,2018.04.19 19:00,BREAK,2018.04.19 22:00,0.73622,UNTOUCHED,,0,,0,,0,,0,NA,Other,NA,,NA,,B-ZG-UN,B-ZE-UN,B-ZB-UN,S-ZE-BR,B-ZO-BR,B-ZB-BR,B-ZF-BO,S-ZH-BR,B-ZE-BO,S-ZE-BR,S-ZF-BR,S-ZB-BO,S-ZE-BR,S-ZD-BO,S-ZF-BR,B-ZF-UN,B-ZO-UN,S-ZF-BR,S-ZE-BO,S-ZG-BR
153,2018.04.20 00:00,NZDUSD,60,86400,SELL,ZF,1,0.73442,0.73033,409.0,0.73419,0.72598,821.0,200.733,5.62,386.0,96.5,0.73419,0.73033,0.72212,BREAK,2018.04.20 13:00,0,,0,,0,,0,NA,NewYork,BREAK,2018.04.23 13:00,BREAK,2018.04.24 05:00,0.73828,UNTOUCHED,,0,,0,,0,,0,NA,Other,NA,,NA,,0.72647,BREAK,2018.04.20 02:00,0,,0,,0,,0,NA,Asia,BREAK,2018.04.20 13:00,BREAK,2018.04.23 13:00,0.73805,UNTOUCHED,,0,,0,,0,,0,NA,Other,NA,,NA,,S-ZB-BR,B-ZG-UN,B-ZE-UN,B-ZB-UN,S-ZE-BR,B-ZO-BR,B-ZB-BR,B-ZF-BO,S-ZH-BR,B-ZE-BO,S-ZB-BO,S-ZE-BR,S-ZD-BO,S-ZF-BR,B-ZF-UN,B-ZO-UN,S-ZF-BR,S-ZE-BO,S-ZG-BR,B-ZE-BO
154,2018.04.26 00:00,NZDUSD,60,86400,SELL,ZB,1,0.71576,0.71053,523.0,0.71214,0.70577,637.0,121.797,69.22,161.0,123.4,0.71214,0.71053,0.70416,BOUNCE,2018.04.27 11:00,1,2018.04.27 19:00,0,,0,,1,8h,London,NA,,NA,,0.71737,UNTOUCHED,,0,,0,,0,,0,NA,Other,NA,,NA,,0.70892,BREAK,2018.04.26 00:00,0,,0,,0,,0,NA,Asia,BREAK,2018.04.26 06:00,BOUNCE,2018.04.26 14:00,0.71375,UNTOUCHED,,0,,0,,0,,0,NA,Other,NA,,NA,,S-ZF-BR,S-ZB-BR,B-ZG-UN,B-ZE-UN,B-ZB-UN,S-ZE-BR,B-ZO-BR,B-ZB-BR,B-ZF-BO,S-ZH-BR,S-ZE-BR,S-ZD-BO,S-ZF-BR,B-ZF-UN,B-ZO-UN,S-ZF-BR,S-ZE-BO,S-ZG-BR,B-ZE-BO,S-ZO-UN
155,2018.04.27 00:00,NZDUSD,60,86400,SELL,ZE,1,0.71214,0.70577,637.0,0.70949,0.70557,392.0,61.538,41.60,372.0,150.3,0.70949,0.70577,0.70185,BREAK,2018.05.01 12:00,0,,0,,0,,0,NA,London,BREAK,2018.05.08 17:00,BREAK,2018.05.10 03:00,0.71586,UNTOUCHED,,0,,0,,0,,0,NA,Other,NA,,NA,,0.70205,BREAK,2018.05.01 12:00,0,,0,,0,,0,NA,London,BREAK,2018.05.08 17:00,BREAK,2018.05.10 03:00,0.71321,UNTOUCHED,,0,,0,,0,,0,NA,Other,NA,,NA,,S-ZB-BO,S-ZF-BR,S-ZB-BR,B-ZG-UN,B-ZE-UN,B-ZB-UN,S-ZE-BR,B-ZO-BR,B-ZB-BR,B-ZF-BO,S-ZD-BO,S-ZF-BR,B-ZF-UN,B-ZO-UN,S-ZF-BR,S-ZE-BO,S-ZG-BR,B-ZE-BO,S-ZO-UN,B-ZO-BR
156,2018.05.01 00:00,NZDUSD,60,86400,SELL,ZD,1,0.70959,0.70830,129.0,0.70890,0.70332,558.0,432.558,53.49,60.0,30.4,0.70890,0.70830,0.70272,BOUNCE,2018.05.01 10:00,1,2018.05.03 13:00,0,,0,,1,2d 3h,London,NA,,NA,,0.71019,UNTOUCHED,,0,,0,,0,,0,NA,Other,NA,,NA,,0.70770,BREAK,2018.05.01 00:00,0,,0,,0,,0,NA,Asia,BREAK,2018.05.01 01:00,BREAK,2018.05.01 02:00,0.70950,UNTOUCHED,,0,,0,,0,,0,NA,Other,NA,,NA,,S-ZE-BR,S-ZB-BO,S-ZF-BR,S-ZB-BR,B-ZG-UN,B-ZE-UN,B-ZB-UN,S-ZE-BR,B-ZO-BR,B-ZB-BR,S-ZF-BR,B-ZF-UN,B-ZO-UN,S-ZF-BR,S-ZE-BO,S-ZG-BR,B-ZE-BO,S-ZO-UN,B-ZO-BR,S-ZO-BR
157,2018.05.03 00:00,NZDUSD,60,86400,SELL,ZF,0,0.70410,0.69901,509.0,0.70314,0.69847,467.0,91.749,18.86,413.0,120.1,0.70314,0.69901,0.69434,BREAK,2018.05.10 01:00,0,,0,,0,,0,NA,Asia,BREAK,2018.05.15 16:00,BOUNCE,2018.05.16 17:00,0.70823,UNTOUCHED,,0,,0,,0,,0,NA,Other,NA,,NA,,0.69488,BOUNCE,2018.05.09 11:00,0,,0,,0,,0,NA,London,NA,,NA,,0.70727,UNTOUCHED,,0,,0,,0,,0,NA,Other,NA,,NA,,S-ZD-BO,S-ZE-BR,S-ZB-BO,S-ZF-BR,S-ZB-BR,B-ZG-UN,B-ZE-UN,B-ZB-UN,S-ZE-BR,B-ZO-BR,B-ZF-UN,B-ZO-UN,S-ZF-BR,S-ZE-BO,S-ZG-BR,B-ZE-BO,S-ZO-UN,B-ZO-BR,S-ZO-BR,B-ZE-BO
158,2018.05.04 00:00,NZDUSD,60,86400,BUY,ZF,0,0.70314,0.69847,467.0,0.70470,0.69856,614.0,131.478,1.93,458.0,110.2,0.70314,0.69856,0.70928,UNTOUCHED,,0,,0,,0,,0,NA,Other,NA,,NA,,0.69389,BREAK,2018.05.10 01:00,0,,0,,0,,0,NA,Asia,BREAK,2018.05.15 16:00,BREAK,2018.06.21 05:00,0.70772,UNTOUCHED,,0,,0,,0,,0,NA,Other,NA,,NA,,0.69398,BREAK,2018.05.10 01:00,0,,0,,0,,0,NA,Asia,BREAK,2018.05.15 16:00,BREAK,2018.06.21 05:00,S-ZF-BR,S-ZD-BO,S-ZE-BR,S-ZB-BO,S-ZF-BR,S-ZB-BR,B-ZG-UN,B-ZE-UN,B-ZB-UN,S-ZE-BR,B-ZO-UN,S-ZF-BR,S-ZE-BO,S-ZG-BR,B-ZE-BO,S-ZO-UN,B-ZO-BR,S-ZO-BR,B-ZE-BO,S-ZF-BR
159,2018.05.05 00:00,NZDUSD,60,86400,BUY,ZO,0,0.70470,0.69856,614.0,0.70527,0.69939,588.0,95.765,13.52,531.0,144.9,0.70470,0.69939,0.71058,UNTOUCHED,,0,,0,,0,,0,NA,Other,NA,,NA,,0.69325,BREAK,2018.05.10 01:00,0,,0,,0,,0,NA,Asia,BREAK,2018.05.15 17:00,BOUNCE,2018.06.21 18:00,0.71001,UNTOUCHED,,0,,0,,0,,0,NA,Other,NA,,NA,,0.69408,BREAK,2018.05.10 01:00,0,,0,,0,,0,NA,Asia,BREAK,2018.05.15 17:00,BOUNCE,2018.06.22 06:00,B-ZF-UN,S-ZF-BR,S-ZD-BO,S-ZE-BR,S-ZB-BO,S-ZF-BR,S-ZB-BR,B-ZG-UN,B-ZE-UN,B-ZB-UN,S-ZF-BR,S-ZE-BO,S-ZG-BR,B-ZE-BO,S-ZO-UN,B-ZO-BR,S-ZO-BR,B-ZE-BO,S-ZF-BR,B-ZC-BO
160,2018.05.09 00:00,NZDUSD,60,86400,SELL,ZF,1,0.70411,0.69944,467.0,0.70308,0.69532,776.0,166.167,22.06,364.0,110.2,0.70308,0.69944,0.69168,BREAK,2018.05.10 05:00,0,,0,,0,,0,NA,Asia,BREAK,2018.05.15 17:00,BREAK,2018.06.21 05:00,0.70775,UNTOUCHED,,0,,0,,0,,0,NA,Other,NA,,NA,,0.69580,BOUNCE,2018.05.09 04:00,0,,0,,0,,0,NA,Asia,NA,,NA,,0.70672,UNTOUCHED,,0,,0,,0,,0,NA,Other,NA,,NA,,B-ZO-UN,B-ZF-UN,S-ZF-BR,S-ZD-BO,S-ZE-BR,S-ZB-BO,S-ZF-BR,S-ZB-BR,B-ZG-UN,B-ZE-UN,S-ZE-BO,S-ZG-BR,B-ZE-BO,S-ZO-UN,B-ZO-BR,S-ZO-BR,B-ZE-BO,S-ZF-BR,B-ZC-BO,S-ZG-BR
161,2018.05.10 00:00,NZDUSD,60,86400,SELL,ZE,1,0.70308,0.69532,776.0,0.69967,0.69487,480.0,61.856,43.94,435.0,183.1,0.69967,0.69532,0.69052,BOUNCE,2018.05.10 10:00,1,2018.05.30 19:00,1,2018.06.04 14:00,0,,2,3w 4d,London,NA,,NA,,0.70743,UNTOUCHED,,0,,0,,0,,0,NA,Other,NA,,NA,,0.69097,BOUNCE,2018.05.10 09:00,1,2018.06.04 14:00,0,,0,,1,3w 4d,London,NA,,NA,,0.70402,BREAK,2018.06.04 14:00,0,,0,,0,,0,NA,NewYork,UNTOUCHED,,NA,,S-ZF-BR,B-ZO-UN,B-ZF-UN,S-ZF-BR,S-ZD-BO,S-ZE-BR,S-ZB-BO,S-ZF-BR,S-ZB-BR,B-ZG-UN,S-ZG-BR,B-ZE-BO,S-ZO-UN,B-ZO-BR,S-ZO-BR,B-ZE-BO,S-ZF-BR,B-ZC-BO,S-ZG-BR,B-ZG-UN
162,2018.05.11 00:00,NZDUSD,60,86400,SELL,ZG,1,0.69967,0.69487,480.0,0.69851,0.69025,826.0,172.083,24.17,364.0,113.3,0.69851,0.69487,0.68661,BREAK,2018.05.15 17:00,0,,0,,0,,0,NA,NewYork,BOUNCE,2018.06.21 16:00,NA,,0.70331,BREAK,2018.06.04 13:00,0,,0,,0,,0,NA,NewYork,UNTOUCHED,,NA,,0.69123,BREAK,2018.05.14 23:00,0,,0,,0,,0,NA,Other,BREAK,2018.05.15 17:00,BREAK,2018.06.21 09:00,0.70215,BOUNCE,2018.05.31 17:00,1,2018.06.19 10:00,1,2018.06.19 10:00,0,,2,2w 4d,NewYork,NA,,NA,,S-ZE-BO,S-ZF-BR,B-ZO-UN,B-ZF-UN,S-ZF-BR,S-ZD-BO,S-ZE-BR,S-ZB-BO,S-ZF-BR,S-ZB-BR,B-ZE-BO,S-ZO-UN,B-ZO-BR,S-ZO-BR,B-ZE-BO,S-ZF-BR,B-ZC-BO,S-ZG-BR,B-ZG-UN,S-ZE-BR
163,2018.05.12 00:00,NZDUSD,60,86400,BUY,ZE,1,0.69851,0.69025,826.0,0.69869,0.69540,329.0,39.831,62.35,311.0,194.9,0.69851,0.69540,0.70180,BOUNCE,2018.05.31 14:00,1,2018.06.15 01:00,1,2018.06.18 04:00,1,2018.06.20 16:00,3,2w 6d,NewYork,NA,,NA,,0.68714,BREAK,2018.05.15 17:00,0,,0,,0,,0,NA,NewYork,BOUNCE,2018.06.21 16:00,NA,,0.70162,BOUNCE,2018.05.31 14:00,1,2018.06.18 04:00,1,2018.06.20 16:00,0,,2,2w 6d,NewYork,NA,,NA,,0.69229,BREAK,2018.05.14 21:00,0,,0,,0,,0,NA,Other,BREAK,2018.05.15 17:00,BOUNCE,2018.05.16 12:00,S-ZG-BR,S-ZE-BO,S-ZF-BR,B-ZO-UN,B-ZF-UN,S-ZF-BR,S-ZD-BO,S-ZE-BR,S-ZB-BO,S-ZF-BR,S-ZO-UN,B-ZO-BR,S-ZO-BR,B-ZE-BO,S-ZF-BR,B-ZC-BO,S-ZG-BR,B-ZG-UN,S-ZE-BR,S-ZH-BR
164,2018.05.17 00:00,NZDUSD,60,86400,SELL,ZO,0,0.69245,0.68539,706.0,0.69170,0.68508,662.0,93.768,10.62,631.0,166.6,0.69170,0.68539,0.67877,UNTOUCHED,,0,,0,,0,,0,NA,Other,NA,,NA,,0.69876,BREAK,2018.05.30 19:00,0,,0,,0,,0,NA,NewYork,BOUNCE,2018.06.13 22:00,NA,,0.67908,UNTOUCHED,,0,,0,,0,,0,NA,Other,NA,,NA,,0.69801,BREAK,2018.05.30 15:00,0,,0,,0,,0,NA,NewYork,BOUNCE,2018.06.13 22:00,NA,,B-ZE-BO,S-ZG-BR,S-ZE-BO,S-ZF-BR,B-ZO-UN,B-ZF-UN,S-ZF-BR,S-ZD-BO,S-ZE-BR,S-ZB-BO,B-ZO-BR,S-ZO-BR,B-ZE-BO,S-ZF-BR,B-ZC-BO,S-ZG-BR,B-ZG-UN,S-ZE-BR,S-ZH-BR,S-ZG-BR
165,2018.05.18 00:00,NZDUSD,60,86400,BUY,ZO,0,0.69170,0.68508,662.0,0.69375,0.68724,651.0,98.338,32.63,446.0,156.2,0.69170,0.68724,0.69821,BREAK,2018.05.30 19:00,0,,0,,0,,0,NA,NewYork,BREAK,2018.06.04 14:00,UNTOUCHED,,0.68062,BREAK,2018.06.27 16:00,0,,0,,0,,0,NA,NewYork,BREAK,2018.06.28 22:00,BREAK,2018.07.02 17:00,0.69616,BOUNCE,2018.05.22 10:00,1,2018.06.21 09:00,1,2018.06.27 16:00,0,,2,5w 1d,London,NA,,NA,,0.68278,BOUNCE,2018.06.21 09:00,0,,0,,0,,0,NA,London,NA,,NA,,S-ZO-UN,B-ZE-BO,S-ZG-BR,S-ZE-BO,S-ZF-BR,B-ZO-UN,B-ZF-UN,S-ZF-BR,S-ZD-BO,S-ZE-BR,S-ZO-BR,B-ZE-BO,S-ZF-BR,B-ZC-BO,S-ZG-BR,B-ZG-UN,S-ZE-BR,S-ZH-BR,S-ZG-BR,S-ZF-BR
166,2018.05.19 00:00,NZDUSD,60,86400,SELL,ZO,0,0.69375,0.68724,651.0,0.69176,0.68703,473.0,72.657,30.57,452.0,153.6,0.69176,0.68724,0.68251,BREAK,2018.06.27 05:00,0,,0,,0,,0,NA,Asia,BREAK,2018.06.28 10:00,BREAK,2018.07.02 15:00,0.69827,BREAK,2018.05.30 19:00,0,,0,,0,,0,NA,NewYork,BREAK,2018.06.04 15:00,UNTOUCHED,,0.68272,BOUNCE,2018.06.21 09:00,0,,0,,0,,0,NA,London,NA,,NA,,0.69628,BOUNCE,2018.05.22 10:00,1,2018.06.21 09:00,1,2018.06.21 09:00,0,,2,4w 1d,London,NA,,NA,,B-ZO-BR,S-ZO-UN,B-ZE-BO,S-ZG-BR,S-ZE-BO,S-ZF-BR,B-ZO-UN,B-ZF-UN,S-ZF-BR,S-ZD-BO,B-ZE-BO,S-ZF-BR,B-ZC-BO,S-ZG-BR,B-ZG-UN,S-ZE-BR,S-ZH-BR,S-ZG-BR,S-ZF-BR,S-ZB-BO
167,2018.05.23 00:00,NZDUSD,60,86400,BUY,ZE,1,0.69426,0.68838,588.0,0.69743,0.69202,541.0,92.007,61.90,224.0,138.8,0.69426,0.69202,0.69967,BOUNCE,2018.05.30 21:00,1,2018.06.15 04:00,1,2018.06.19 10:00,1,2018.06.20 23:00,3,3w 0d,Other,NA,,NA,,0.68614,BREAK,2018.06.20 23:00,0,,0,,0,,0,NA,Other,BOUNCE,2018.06.21 14:00,NA,,0.69650,BREAK,2018.05.30 15:00,0,,0,,0,,0,NA,NewYork,BREAK,2018.05.31 10:00,BOUNCE,2018.06.01 09:00,0.68978,BOUNCE,2018.05.23 07:00,1,2018.05.30 15:00,1,2018.05.30 15:00,0,,2,1w 0d,London,NA,,NA,,S-ZO-BR,B-ZO-BR,S-ZO-UN,B-ZE-BO,S-ZG-BR,S-ZE-BO,S-ZF-BR,B-ZO-UN,B-ZF-UN,S-ZF-BR,S-ZF-BR,B-ZC-BO,S-ZG-BR,B-ZG-UN,S-ZE-BR,S-ZH-BR,S-ZG-BR,S-ZF-BR,S-ZB-BO,S-ZE-BR
168,2018.05.30 00:00,NZDUSD,60,86400,SELL,ZF,0,0.69592,0.69087,505.0,0.69488,0.68892,596.0,118.020,20.59,401.0,119.2,0.69488,0.69087,0.68491,BREAK,2018.06.21 05:00,0,,0,,0,,0,NA,Asia,BREAK,2018.06.27 20:00,BREAK,2018.06.28 12:00,0.69993,BREAK,2018.05.31 10:00,0,,0,,0,,0,NA,London,BOUNCE,2018.06.05 18:00,NA,,0.68686,BREAK,2018.06.20 16:00,0,,0,,0,,0,NA,NewYork,BOUNCE,2018.06.21 16:00,NA,,0.69889,BREAK,2018.05.30 19:00,0,,0,,0,,0,NA,NewYork,BREAK,2018.06.04 14:00,UNTOUCHED,,B-ZE-BO,S-ZO-BR,B-ZO-BR,S-ZO-UN,B-ZE-BO,S-ZG-BR,S-ZE-BO,S-ZF-BR,B-ZO-UN,B-ZF-UN,B-ZC-BO,S-ZG-BR,B-ZG-UN,S-ZE-BR,S-ZH-BR,S-ZG-BR,S-ZF-BR,S-ZB-BO,S-ZE-BR,B-ZB-UN
169,2018.06.01 00:00,NZDUSD,60,86400,BUY,ZC,1,0.69980,0.68823,1157.0,0.70235,0.69682,553.0,47.796,74.24,298.0,273.1,0.69980,0.69682,0.70533,BOUNCE,2018.06.06 10:00,1,2018.06.13 22:00,1,2018.06.15 10:00,1,2018.06.21 04:00,3,2w 0d,London,NA,,NA,,0.68525,BOUNCE,2018.06.21 04:00,1,2018.06.22 12:00,0,,0,,1,1d 8h,Asia,NA,,NA,,0.70278,BOUNCE,2018.06.04 12:00,1,2018.06.15 10:00,1,2018.06.21 04:00,0,,2,2w 2d,London,NA,,NA,,0.69384,BREAK,2018.06.15 10:00,0,,0,,0,,0,NA,London,BREAK,2018.06.20 12:00,BREAK,2018.06.21 04:00,S-ZF-BR,B-ZE-BO,S-ZO-BR,B-ZO-BR,S-ZO-UN,B-ZE-BO,S-ZG-BR,S-ZE-BO,S-ZF-BR,B-ZO-UN,S-ZG-BR,B-ZG-UN,S-ZE-BR,S-ZH-BR,S-ZG-BR,S-ZF-BR,S-ZB-BO,S-ZE-BR,B-ZB-UN,S-ZD-BR
170,2018.06.02 00:00,NZDUSD,60,86400,SELL,ZG,0,0.70235,0.69682,553.0,0.70202,0.69597,605.0,109.403,5.97,520.0,130.5,0.70202,0.69682,0.69077,BREAK,2018.06.19 10:00,0,,0,,0,,0,NA,London,BREAK,2018.06.21 05:00,BREAK,2018.06.27 23:00,0.70755,UNTOUCHED,,0,,0,,0,,0,NA,Other,NA,,NA,,0.69162,BREAK,2018.06.19 10:00,0,,0,,0,,0,NA,London,BREAK,2018.06.21 04:00,BREAK,2018.06.27 19:00,0.70722,UNTOUCHED,,0,,0,,0,,0,NA,Other,NA,,NA,,B-ZC-BO,S-ZF-BR,B-ZE-BO,S-ZO-BR,B-ZO-BR,S-ZO-UN,B-ZE-BO,S-ZG-BR,S-ZE-BO,S-ZF-BR,B-ZG-UN,S-ZE-BR,S-ZH-BR,S-ZG-BR,S-ZF-BR,S-ZB-BO,S-ZE-BR,B-ZB-UN,S-ZD-BR,S-ZB-BR
171,2018.06.07 00:00,NZDUSD,60,86400,BUY,ZG,0,0.70443,0.69969,474.0,0.70598,0.70107,491.0,103.586,29.11,336.0,111.9,0.70443,0.70107,0.70934,UNTOUCHED,,0,,0,,0,,0,NA,Other,NA,,NA,,0.69633,BREAK,2018.06.15 01:00,0,,0,,0,,0,NA,Asia,BREAK,2018.06.19 10:00,BREAK,2018.06.19 11:00,0.70779,UNTOUCHED,,0,,0,,0,,0,NA,Other,NA,,NA,,0.69771,BOUNCE,2018.06.13 22:00,0,,0,,0,,0,NA,Other,NA,,NA,,S-ZG-BR,B-ZC-BO,S-ZF-BR,B-ZE-BO,S-ZO-BR,B-ZO-BR,S-ZO-UN,B-ZE-BO,S-ZG-BR,S-ZE-BO,S-ZE-BR,S-ZH-BR,S-ZG-BR,S-ZF-BR,S-ZB-BO,S-ZE-BR,B-ZB-UN,S-ZD-BR,S-ZB-BR,S-ZE-BO
172,2018.06.09 00:00,NZDUSD,60,86400,SELL,ZE,1,0.70563,0.70221,342.0,0.70423,0.70080,343.0,100.292,40.94,202.0,80.7,0.70423,0.70221,0.69878,BREAK,2018.06.13 22:00,0,,0,,0,,0,NA,Other,BREAK,2018.06.15 01:00,BREAK,2018.06.15 10:00,0.70765,UNTOUCHED,,0,,0,,0,,0,NA,Other,NA,,NA,,0.70019,BOUNCE,2018.06.12 04:00,0,,0,,0,,0,NA,Asia,NA,,NA,,0.70625,UNTOUCHED,,0,,0,,0,,0,NA,Other,NA,,NA,,B-ZG-UN,S-ZG-BR,B-ZC-BO,S-ZF-BR,B-ZE-BO,S-ZO-BR,B-ZO-BR,S-ZO-UN,B-ZE-BO,S-ZG-BR,S-ZH-BR,S-ZG-BR,S-ZF-BR,S-ZB-BO,S-ZE-BR,B-ZB-UN,S-ZD-BR,S-ZB-BR,S-ZE-BO,S-ZO-BR
173,2018.06.13 00:00,NZDUSD,60,86400,SELL,ZH,0,0.70534,0.70145,389.0,0.70459,0.69965,494.0,126.992,19.28,314.0,91.8,0.70459,0.70145,0.69651,BREAK,2018.06.15 01:00,0,,0,,0,,0,NA,Asia,BREAK,2018.06.18 04:00,BREAK,2018.06.19 10:00,0.70848,UNTOUCHED,,0,,0,,0,,0,NA,Other,NA,,NA,,0.69831,BOUNCE,2018.06.13 22:00,0,,0,,0,,0,NA,Other,NA,,NA,,0.70773,UNTOUCHED,,0,,0,,0,,0,NA,Other,NA,,NA,,S-ZE-BR,B-ZG-UN,S-ZG-BR,B-ZC-BO,S-ZF-BR,B-ZE-BO,S-ZO-BR,B-ZO-BR,S-ZO-UN,B-ZE-BO,S-ZG-BR,S-ZF-BR,S-ZB-BO,S-ZE-BR,B-ZB-UN,S-ZD-BR,S-ZB-BR,S-ZE-BO,S-ZO-BR,B-ZD-BR
174,2018.06.15 00:00,NZDUSD,60,86400,SELL,ZG,0,0.70526,0.69740,786.0,0.70444,0.69727,717.0,91.221,10.43,704.0,185.5,0.70444,0.69740,0.69023,BREAK,2018.06.19 10:00,0,,0,,0,,0,NA,London,BOUNCE,2018.06.22 09:00,NA,,0.71230,UNTOUCHED,,0,,0,,0,,0,NA,Other,NA,,NA,,0.69036,BREAK,2018.06.19 10:00,0,,0,,0,,0,NA,London,BOUNCE,2018.06.22 09:00,NA,,0.71148,UNTOUCHED,,0,,0,,0,,0,NA,Other,NA,,NA,,S-ZH-BR,S-ZE-BR,B-ZG-UN,S-ZG-BR,B-ZC-BO,S-ZF-BR,B-ZE-BO,S-ZO-BR,B-ZO-BR,S-ZO-UN,S-ZF-BR,S-ZB-BO,S-ZE-BR,B-ZB-UN,S-ZD-BR,S-ZB-BR,S-ZE-BO,S-ZO-BR,B-ZD-BR,B-ZF-BR
175,2018.06.20 00:00,NZDUSD,60,86400,SELL,ZF,1,0.69556,0.69198,358.0,0.69435,0.68848,587.0,163.966,33.80,237.0,84.5,0.69435,0.69198,0.68611,BREAK,2018.06.20 23:00,0,,0,,0,,0,NA,Other,BREAK,2018.06.21 09:00,BREAK,2018.06.27 16:00,0.69793,UNTOUCHED,,0,,0,,0,,0,NA,Other,NA,,NA,,0.68961,BREAK,2018.06.20 00:00,0,,0,,0,,0,NA,Asia,BREAK,2018.06.20 18:00,BREAK,2018.06.21 05:00,0.69672,UNTOUCHED,,0,,0,,0,,0,NA,Other,NA,,NA,,S-ZG-BR,S-ZH-BR,S-ZE-BR,B-ZG-UN,S-ZG-BR,B-ZC-BO,S-ZF-BR,B-ZE-BO,S-ZO-BR,B-ZO-BR,S-ZB-BO,S-ZE-BR,B-ZB-UN,S-ZD-BR,S-ZB-BR,S-ZE-BO,S-ZO-BR,B-ZD-BR,B-ZF-BR,B-ZB-UN
176,2018.06.21 00:00,NZDUSD,60,86400,SELL,ZB,1,0.69435,0.68848,587.0,0.69168,0.68596,572.0,97.445,45.49,320.0,138.5,0.69168,0.68848,0.68276,BOUNCE,2018.06.21 09:00,1,2018.06.22 07:00,0,,0,,1,22h,London,NA,,NA,,0.69755,UNTOUCHED,,0,,0,,0,,0,NA,Other,NA,,NA,,0.68528,BREAK,2018.06.21 04:00,0,,0,,0,,0,NA,Asia,BREAK,2018.06.27 15:00,BREAK,2018.06.28 05:00,0.69488,UNTOUCHED,,0,,0,,0,,0,NA,Other,NA,,NA,,S-ZF-BR,S-ZG-BR,S-ZH-BR,S-ZE-BR,B-ZG-UN,S-ZG-BR,B-ZC-BO,S-ZF-BR,B-ZE-BO,S-ZO-BR,S-ZE-BR,B-ZB-UN,S-ZD-BR,S-ZB-BR,S-ZE-BO,S-ZO-BR,B-ZD-BR,B-ZF-BR,B-ZB-UN,S-ZG-BR
177,2018.06.22 00:00,NZDUSD,60,86400,SELL,ZE,1,0.69168,0.68596,572.0,0.68828,0.68256,572.0,100.000,59.44,232.0,135.0,0.68828,0.68596,0.68024,BREAK,2018.06.27 17:00,0,,0,,0,,0,NA,NewYork,BOUNCE,2018.06.28 01:00,NA,,0.69400,UNTOUCHED,,0,,0,,0,,0,NA,Other,NA,,NA,,0.68364,BREAK,2018.06.27 05:00,0,,0,,0,,0,NA,Asia,BREAK,2018.06.27 19:00,BREAK,2018.06.28 05:00,0.69060,BREAK,2018.06.22 09:00,0,,0,,0,,0,NA,London,UNTOUCHED,,NA,,S-ZB-BO,S-ZF-BR,S-ZG-BR,S-ZH-BR,S-ZE-BR,B-ZG-UN,S-ZG-BR,B-ZC-BO,S-ZF-BR,B-ZE-BO,B-ZB-UN,S-ZD-BR,S-ZB-BR,S-ZE-BO,S-ZO-BR,B-ZD-BR,B-ZF-BR,B-ZB-UN,S-ZG-BR,S-ZF-BO
178,2018.06.23 00:00,NZDUSD,60,86400,BUY,ZB,1,0.68828,0.68256,572.0,0.69208,0.68489,719.0,125.699,40.73,339.0,135.0,0.68828,0.68489,0.69547,UNTOUCHED,,0,,0,,0,,0,NA,Other,NA,,NA,,0.67917,BREAK,2018.06.27 23:00,0,,0,,0,,0,NA,Other,BREAK,2018.06.29 04:00,BREAK,2018.07.02 17:00,0.69167,BOUNCE,2018.06.23 00:00,1,2018.06.27 06:00,1,2018.06.27 23:00,0,,2,4d 23h,Asia,NA,,NA,,0.68150,BREAK,2018.06.27 06:00,0,,0,,0,,0,NA,Asia,BREAK,2018.06.28 10:00,BOUNCE,2018.06.29 08:00,S-ZE-BR,S-ZB-BO,S-ZF-BR,S-ZG-BR,S-ZH-BR,S-ZE-BR,B-ZG-UN,S-ZG-BR,B-ZC-BO,S-ZF-BR,S-ZD-BR,S-ZB-BR,S-ZE-BO,S-ZO-BR,B-ZD-BR,B-ZF-BR,B-ZB-UN,S-ZG-BR,S-ZF-BO,S-ZE-BR
179,2018.06.27 00:00,NZDUSD,60,86400,SELL,ZD,1,0.69213,0.68850,363.0,0.69014,0.68471,543.0,149.587,54.82,164.0,85.7,0.69014,0.68850,0.68307,BREAK,2018.06.27 05:00,0,,0,,0,,0,NA,Asia,BOUNCE,2018.06.27 15:00,NA,,0.69377,UNTOUCHED,,0,,0,,0,,0,NA,Other,NA,,NA,,0.68686,BREAK,2018.06.27 00:00,0,,0,,0,,0,NA,Asia,BREAK,2018.06.27 01:00,BREAK,2018.06.27 05:00,0.69178,UNTOUCHED,,0,,0,,0,,0,NA,Other,NA,,NA,,B-ZB-UN,S-ZE-BR,S-ZB-BO,S-ZF-BR,S-ZG-BR,S-ZH-BR,S-ZE-BR,B-ZG-UN,S-ZG-BR,B-ZC-BO,S-ZB-BR,S-ZE-BO,S-ZO-BR,B-ZD-BR,B-ZF-BR,B-ZB-UN,S-ZG-BR,S-ZF-BO,S-ZE-BR,S-ZE-BR
180,2018.06.29 00:00,NZDUSD,60,86400,SELL,ZB,1,0.68594,0.67780,814.0,0.68101,0.67459,642.0,78.870,60.57,321.0,192.1,0.68101,0.67780,0.67138,BREAK,2018.07.02 16:00,0,,0,,0,,0,NA,NewYork,BREAK,2018.08.09 10:00,BREAK,2018.08.09 18:00,0.68915,UNTOUCHED,,0,,0,,0,,0,NA,Other,NA,,NA,,0.67459,BOUNCE,2018.06.29 04:00,1,2018.07.06 16:00,0,,0,,1,1w 0d,Asia,NA,,NA,,0.68422,BOUNCE,2018.07.06 16:00,1,2018.07.13 11:00,1,2018.07.13 11:00,0,,2,6d 19h,NewYork,NA,,NA,,S-ZD-BR,B-ZB-UN,S-ZE-BR,S-ZB-BO,S-ZF-BR,S-ZG-BR,S-ZH-BR,S-ZE-BR,B-ZG-UN,S-ZG-BR,S-ZE-BO,S-ZO-BR,B-ZD-BR,B-ZF-BR,B-ZB-UN,S-ZG-BR,S-ZF-BO,S-ZE-BR,S-ZE-BR,B-ZF-UN
181,2018.06.30 00:00,NZDUSD,60,86400,SELL,ZE,1,0.68101,0.67459,642.0,0.67824,0.67359,465.0,72.430,43.15,365.0,151.5,0.67824,0.67459,0.66994,BOUNCE,2018.07.02 19:00,1,2018.07.04 05:00,1,2018.07.06 13:00,1,2018.07.09 10:00,3,6d 15h,NewYork,NA,,NA,,0.68466,BOUNCE,2018.07.09 10:00,1,2018.07.11 20:00,1,2018.08.09 01:00,1,2018.08.09 01:00,3,4w 2d,London,NA,,NA,,0.67094,BREAK,2018.07.02 17:00,0,,0,,0,,0,NA,NewYork,BREAK,2018.08.09 10:00,BREAK,2018.08.09 18:00,0.68189,BREAK,2018.07.06 13:00,0,,0,,0,,0,NA,NewYork,BOUNCE,2018.07.10 12:00,NA,,S-ZB-BR,S-ZD-BR,B-ZB-UN,S-ZE-BR,S-ZB-BO,S-ZF-BR,S-ZG-BR,S-ZH-BR,S-ZE-BR,B-ZG-UN,S-ZO-BR,B-ZD-BR,B-ZF-BR,B-ZB-UN,S-ZG-BR,S-ZF-BO,S-ZE-BR,S-ZE-BR,B-ZF-UN,S-ZO-BR
182,2018.07.04 00:00,NZDUSD,60,86400,SELL,ZO,0,0.67890,0.66893,997.0,0.67574,0.66876,698.0,70.010,31.70,681.0,235.3,0.67574,0.66893,0.66195,BREAK,2018.08.09 18:00,0,,0,,0,,0,NA,NewYork,BOUNCE,2018.08.17 22:00,NA,,0.68571,BOUNCE,2018.07.09 15:00,1,2018.07.19 16:00,1,2018.08.09 18:00,1,2018.08.09 18:00,3,4w 3d,NewYork,NA,,NA,,0.66212,BREAK,2018.08.09 18:00,0,,0,,0,,0,NA,NewYork,BOUNCE,2018.08.17 22:00,NA,,0.68255,BREAK,2018.07.06 13:00,0,,0,,0,,0,NA,NewYork,UNTOUCHED,,NA,,S-ZE-BO,S-ZB-BR,S-ZD-BR,B-ZB-UN,S-ZE-BR,S-ZB-BO,S-ZF-BR,S-ZG-BR,S-ZH-BR,S-ZE-BR,B-ZD-BR,B-ZF-BR,B-ZB-UN,S-ZG-BR,S-ZF-BO,S-ZE-BR,S-ZE-BR,B-ZF-UN,S-ZO-BR,B-ZF-UN
183,2018.07.05 00:00,NZDUSD,60,86400,BUY,ZD,1,0.67574,0.66876,698.0,0.67830,0.67356,474.0,67.908,68.77,218.0,164.7,0.67574,0.67356,0.68048,BREAK,2018.07.06 08:00,0,,0,,0,,0,NA,London,BREAK,2018.07.07 00:00,BOUNCE,2018.07.10 12:00,0.66658,BREAK,2018.08.09 05:00,0,,0,,0,,0,NA,Asia,BREAK,2018.08.09 18:00,BREAK,2018.08.10 02:00,0.67792,BREAK,2018.07.05 10:00,0,,0,,0,,0,NA,London,BREAK,2018.07.06 10:00,BREAK,2018.07.06 16:00,0.67138,BOUNCE,2018.07.19 19:00,1,2018.07.20 16:00,1,2018.07.20 16:00,0,,2,21h,NewYork,NA,,NA,,S-ZO-BR,S-ZE-BO,S-ZB-BR,S-ZD-BR,B-ZB-UN,S-ZE-BR,S-ZB-BO,S-ZF-BR,S-ZG-BR,S-ZH-BR,B-ZF-BR,B-ZB-UN,S-ZG-BR,S-ZF-BO,S-ZE-BR,S-ZE-BR,B-ZF-UN,S-ZO-BR,B-ZF-UN,S-ZE-BR
184,2018.07.06 00:00,NZDUSD,60,86400,BUY,ZF,0,0.67830,0.67356,474.0,0.67975,0.67502,473.0,99.789,30.80,328.0,111.9,0.67830,0.67502,0.68303,BREAK,2018.07.06 16:00,0,,0,,0,,0,NA,NewYork,UNTOUCHED,,NA,,0.67028,BREAK,2018.08.09 01:00,0,,0,,0,,0,NA,Asia,BREAK,2018.08.09 10:00,BREAK,2018.08.09 18:00,0.68158,BREAK,2018.07.06 10:00,0,,0,,0,,0,NA,London,BOUNCE,2018.07.10 13:00,NA,,0.67174,BOUNCE,2018.07.19 16:00,1,2018.07.20 22:00,1,2018.07.20 22:00,0,,2,1d 6h,NewYork,NA,,NA,,B-ZD-BR,S-ZO-BR,S-ZE-BO,S-ZB-BR,S-ZD-BR,B-ZB-UN,S-ZE-BR,S-ZB-BO,S-ZF-BR,S-ZG-BR,B-ZB-UN,S-ZG-BR,S-ZF-BO,S-ZE-BR,S-ZE-BR,B-ZF-UN,S-ZO-BR,B-ZF-UN,S-ZE-BR,B-ZB-UN
185,2018.07.07 00:00,NZDUSD,60,86400,BUY,ZB,1,0.67975,0.67502,473.0,0.68422,0.67765,657.0,138.901,55.60,210.0,111.6,0.67975,0.67765,0.68632,UNTOUCHED,,0,,0,,0,,0,NA,Other,NA,,NA,,0.67292,BOUNCE,2018.07.13 13:00,1,2018.07.16 04:00,1,2018.07.17 07:00,0,,2,3d 18h,NewYork,NA,,NA,,0.68185,BREAK,2018.07.07 00:00,0,,0,,0,,0,NA,Asia,BREAK,2018.07.09 15:00,UNTOUCHED,,0.67555,BOUNCE,2018.07.11 21:00,1,2018.07.17 07:00,1,2018.07.17 07:00,0,,2,5d 10h,Other,NA,,NA,,B-ZF-BR,B-ZD-BR,S-ZO-BR,S-ZE-BO,S-ZB-BR,S-ZD-BR,B-ZB-UN,S-ZE-BR,S-ZB-BO,S-ZF-BR,S-ZG-BR,S-ZF-BO,S-ZE-BR,S-ZE-BR,B-ZF-UN,S-ZO-BR,B-ZF-UN,S-ZE-BR,B-ZB-UN,S-ZB-BR
186,2018.07.11 00:00,NZDUSD,60,86400,SELL,ZG,1,0.68588,0.68293,295.0,0.68556,0.68059,497.0,168.475,10.85,263.0,69.6,0.68556,0.68293,0.67796,BREAK,2018.07.11 19:00,0,,0,,0,,0,NA,NewYork,BOUNCE,2018.07.12 16:00,NA,,0.68851,UNTOUCHED,,0,,0,,0,,0,NA,Other,NA,,NA,,0.68030,BREAK,2018.07.11 12:00,0,,0,,0,,0,NA,London,BREAK,2018.07.11 21:00,BOUNCE,2018.07.12 16:00,0.68819,UNTOUCHED,,0,,0,,0,,0,NA,Other,NA,,NA,,B-ZB-UN,B-ZF-BR,B-ZD-BR,S-ZO-BR,S-ZE-BO,S-ZB-BR,S-ZD-BR,B-ZB-UN,S-ZE-BR,S-ZB-BO,S-ZF-BO,S-ZE-BR,S-ZE-BR,B-ZF-UN,S-ZO-BR,B-ZF-UN,S-ZE-BR,B-ZB-UN,S-ZB-BR,S-ZB-BO
187,2018.07.12 00:00,NZDUSD,60,86400,SELL,ZF,1,0.68556,0.68059,497.0,0.68410,0.67526,884.0,177.867,29.38,351.0,117.3,0.68410,0.68059,0.67175,BOUNCE,2018.07.19 16:00,1,2018.07.20 16:00,0,,0,,1,1d 0h,NewYork,NA,,NA,,0.68907,UNTOUCHED,,0,,0,,0,,0,NA,Other,NA,,NA,,0.67708,BREAK,2018.07.12 00:00,0,,0,,0,,0,NA,Asia,BOUNCE,2018.07.16 04:00,NA,,0.68761,UNTOUCHED,,0,,0,,0,,0,NA,Other,NA,,NA,,S-ZG-BR,B-ZB-UN,B-ZF-BR,B-ZD-BR,S-ZO-BR,S-ZE-BO,S-ZB-BR,S-ZD-BR,B-ZB-UN,S-ZE-BR,S-ZE-BR,S-ZE-BR,B-ZF-UN,S-ZO-BR,B-ZF-UN,S-ZE-BR,B-ZB-UN,S-ZB-BR,S-ZB-BO,S-ZE-BR
188,2018.07.13 00:00,NZDUSD,60,86400,SELL,ZE,1,0.68410,0.67526,884.0,0.67859,0.67465,394.0,44.570,62.33,333.0,208.6,0.67859,0.67526,0.67132,BREAK,2018.08.09 01:00,0,,0,,0,,0,NA,Asia,BREAK,2018.08.09 10:00,BREAK,2018.08.09 18:00,0.68743,UNTOUCHED,,0,,0,,0,,0,NA,Other,NA,,NA,,0.67193,BOUNCE,2018.07.19 16:00,1,2018.07.23 03:00,0,,0,,1,3d 11h,NewYork,NA,,NA,,0.68192,BREAK,2018.07.17 07:00,0,,0,,0,,0,NA,London,UNTOUCHED,,NA,,S-ZF-BO,S-ZG-BR,B-ZB-UN,B-ZF-BR,B-ZD-BR,S-ZO-BR,S-ZE-BO,S-ZB-BR,S-ZD-BR,B-ZB-UN,S-ZE-BR,B-ZF-UN,S-ZO-BR,B-ZF-UN,S-ZE-BR,B-ZB-UN,S-ZB-BR,S-ZB-BO,S-ZE-BR,S-ZF-BR
189,2018.07.19 00:00,NZDUSD,60,86400,SELL,ZE,1,0.68404,0.67546,858.0,0.68050,0.67423,627.0,73.077,41.26,504.0,202.5,0.68050,0.67546,0.66919,BREAK,2018.08.09 03:00,0,,0,,0,,0,NA,Asia,BREAK,2018.08.09 18:00,BREAK,2018.08.10 10:00,0.68908,UNTOUCHED,,0,,0,,0,,0,NA,Other,NA,,NA,,0.67042,BREAK,2018.08.09 01:00,0,,0,,0,,0,NA,Asia,BREAK,2018.08.09 17:00,BREAK,2018.08.10 10:00,0.68554,UNTOUCHED,,0,,0,,0,,0,NA,Other,NA,,NA,,S-ZE-BR,S-ZF-BO,S-ZG-BR,B-ZB-UN,B-ZF-BR,B-ZD-BR,S-ZO-BR,S-ZE-BO,S-ZB-BR,S-ZD-BR,B-ZF-UN,S-ZO-BR,B-ZF-UN,S-ZE-BR,B-ZB-UN,S-ZB-BR,S-ZB-BO,S-ZE-BR,S-ZF-BR,B-ZO-BR
190,2018.07.21 00:00,NZDUSD,60,86400,BUY,ZF,0,0.68054,0.67135,919.0,0.68171,0.67195,976.0,106.202,6.53,859.0,216.9,0.68054,0.67195,0.69030,UNTOUCHED,,0,,0,,0,,0,NA,Other,NA,,NA,,0.66276,BREAK,2018.08.09 18:00,0,,0,,0,,0,NA,NewYork,BREAK,2018.09.10 05:00,BREAK,2018.10.05 20:00,0.68913,UNTOUCHED,,0,,0,,0,,0,NA,Other,NA,,NA,,0.66336,BREAK,2018.08.09 17:00,0,,0,,0,,0,NA,NewYork,BOUNCE,2018.08.18 00:00,NA,,S-ZE-BR,S-ZE-BR,S-ZF-BO,S-ZG-BR,B-ZB-UN,B-ZF-BR,B-ZD-BR,S-ZO-BR,S-ZE-BO,S-ZB-BR,S-ZO-BR,B-ZF-UN,S-ZE-BR,B-ZB-UN,S-ZB-BR,S-ZB-BO,S-ZE-BR,S-ZF-BR,B-ZO-BR,B-ZF-BR
191,2018.07.25 00:00,NZDUSD,60,86400,SELL,ZO,0,0.68230,0.67749,481.0,0.68170,0.67674,496.0,103.119,12.47,421.0,113.5,0.68170,0.67749,0.67253,BREAK,2018.08.03 05:00,0,,0,,0,,0,NA,Asia,BREAK,2018.08.09 04:00,BREAK,2018.08.09 18:00,0.68651,UNTOUCHED,,0,,0,,0,,0,NA,Other,NA,,NA,,0.67328,BREAK,2018.08.03 03:00,0,,0,,0,,0,NA,Asia,BREAK,2018.08.09 04:00,BREAK,2018.08.09 17:00,0.68591,UNTOUCHED,,0,,0,,0,,0,NA,Other,NA,,NA,,B-ZF-UN,S-ZE-BR,S-ZE-BR,S-ZF-BO,S-ZG-BR,B-ZB-UN,B-ZF-BR,B-ZD-BR,S-ZO-BR,S-ZE-BO,B-ZF-UN,S-ZE-BR,B-ZB-UN,S-ZB-BR,S-ZB-BO,S-ZE-BR,S-ZF-BR,B-ZO-BR,B-ZF-BR,B-ZB-BR
192,2018.07.26 00:00,NZDUSD,60,86400,BUY,ZF,0,0.68170,0.67674,496.0,0.68407,0.67840,567.0,114.315,33.47,330.0,117.1,0.68170,0.67840,0.68737,UNTOUCHED,,0,,0,,0,,0,NA,Other,NA,,NA,,0.67344,BREAK,2018.08.03 02:00,0,,0,,0,,0,NA,Asia,BREAK,2018.08.09 04:00,BREAK,2018.08.09 10:00,0.68500,UNTOUCHED,,0,,0,,0,,0,NA,Other,NA,,NA,,0.67510,BREAK,2018.08.02 13:00,0,,0,,0,,0,NA,NewYork,BREAK,2018.08.09 01:00,BREAK,2018.08.09 04:00,S-ZO-BR,B-ZF-UN,S-ZE-BR,S-ZE-BR,S-ZF-BO,S-ZG-BR,B-ZB-UN,B-ZF-BR,B-ZD-BR,S-ZO-BR,S-ZE-BR,B-ZB-UN,S-ZB-BR,S-ZB-BO,S-ZE-BR,S-ZF-BR,B-ZO-BR,B-ZF-BR,B-ZB-BR,B-ZD-UN
193,2018.07.28 00:00,NZDUSD,60,86400,SELL,ZE,1,0.68491,0.67794,697.0,0.67989,0.67608,381.0,54.663,72.02,195.0,164.5,0.67989,0.67794,0.67413,BREAK,2018.08.02 22:00,0,,0,,0,,0,NA,Other,BOUNCE,2018.08.03 15:00,NA,,0.68686,UNTOUCHED,,0,,0,,0,,0,NA,Other,NA,,NA,,0.67599,BREAK,2018.08.02 12:00,0,,0,,0,,0,NA,London,BREAK,2018.08.03 05:00,BOUNCE,2018.08.03 15:00,0.68184,BOUNCE,2018.07.30 17:00,1,2018.08.02 12:00,1,2018.08.02 12:00,0,,2,2d 19h,NewYork,NA,,NA,,B-ZF-UN,S-ZO-BR,B-ZF-UN,S-ZE-BR,S-ZE-BR,S-ZF-BO,S-ZG-BR,B-ZB-UN,B-ZF-BR,B-ZD-BR,B-ZB-UN,S-ZB-BR,S-ZB-BO,S-ZE-BR,S-ZF-BR,B-ZO-BR,B-ZF-BR,B-ZB-BR,B-ZD-UN,S-ZB-BR
194,2018.07.31 00:00,NZDUSD,60,86400,BUY,ZB,1,0.67980,0.67843,137.0,0.68331,0.67898,433.0,316.058,40.15,82.0,32.3,0.67980,0.67898,0.68413,UNTOUCHED,,0,,0,,0,,0,NA,Other,NA,,NA,,0.67761,BREAK,2018.08.02 08:00,0,,0,,0,,0,NA,London,BREAK,2018.08.02 11:00,BREAK,2018.08.02 13:00,0.68062,BREAK,2018.07.31 00:00,0,,0,,0,,0,NA,Asia,BREAK,2018.07.31 01:00,BREAK,2018.07.31 02:00,0.67816,BOUNCE,2018.08.01 21:00,0,,0,,0,,0,NA,Other,NA,,NA,,S-ZE-BR,B-ZF-UN,S-ZO-BR,B-ZF-UN,S-ZE-BR,S-ZE-BR,S-ZF-BO,S-ZG-BR,B-ZB-UN,B-ZF-BR,S-ZB-BR,S-ZB-BO,S-ZE-BR,S-ZF-BR,B-ZO-BR,B-ZF-BR,B-ZB-BR,B-ZD-UN,S-ZB-BR,S-ZO-BR
195,2018.08.02 00:00,NZDUSD,60,86400,SELL,ZB,1,0.68305,0.67994,311.0,0.68185,0.67803,382.0,122.830,38.59,191.0,73.4,0.68185,0.67994,0.67612,BREAK,2018.08.02 12:00,0,,0,,0,,0,NA,London,BREAK,2018.08.03 01:00,BOUNCE,2018.08.03 15:00,0.68496,UNTOUCHED,,0,,0,,0,,0,NA,Other,NA,,NA,,0.67803,BREAK,2018.08.02 07:00,0,,0,,0,,0,NA,London,BREAK,2018.08.02 13:00,BREAK,2018.08.03 01:00,0.68376,UNTOUCHED,,0,,0,,0,,0,NA,Other,NA,,NA,,B-ZB-UN,S-ZE-BR,B-ZF-UN,S-ZO-BR,B-ZF-UN,S-ZE-BR,S-ZE-BR,S-ZF-BO,S-ZG-BR,B-ZB-UN,S-ZB-BO,S-ZE-BR,S-ZF-BR,B-ZO-BR,B-ZF-BR,B-ZB-BR,B-ZD-UN,S-ZB-BR,S-ZO-BR,B-ZH-BO
196,2018.08.03 00:00,NZDUSD,60,86400,SELL,ZB,1,0.68185,0.67803,382.0,0.67966,0.67378,588.0,153.927,57.33,163.0,90.2,0.67966,0.67803,0.67215,BOUNCE,2018.08.03 11:00,1,2018.08.03 16:00,0,,0,,1,5h,London,NA,,NA,,0.68348,UNTOUCHED,,0,,0,,0,,0,NA,Other,NA,,NA,,0.67640,BREAK,2018.08.03 00:00,0,,0,,0,,0,NA,Asia,BREAK,2018.08.03 01:00,BREAK,2018.08.03 11:00,0.68129,UNTOUCHED,,0,,0,,0,,0,NA,Other,NA,,NA,,S-ZB-BR,B-ZB-UN,S-ZE-BR,B-ZF-UN,S-ZO-BR,B-ZF-UN,S-ZE-BR,S-ZE-BR,S-ZF-BO,S-ZG-BR,S-ZE-BR,S-ZF-BR,B-ZO-BR,B-ZF-BR,B-ZB-BR,B-ZD-UN,S-ZB-BR,S-ZO-BR,B-ZH-BO,B-ZH-UN
197,2018.08.04 00:00,NZDUSD,60,86400,SELL,ZE,1,0.67966,0.67378,588.0,0.67646,0.67188,458.0,77.891,54.42,268.0,138.8,0.67646,0.67378,0.66920,BREAK,2018.08.09 03:00,0,,0,,0,,0,NA,Asia,BREAK,2018.08.09 10:00,BREAK,2018.08.09 18:00,0.68234,UNTOUCHED,,0,,0,,0,,0,NA,Other,NA,,NA,,0.67110,BREAK,2018.08.09 01:00,0,,0,,0,,0,NA,Asia,BREAK,2018.08.09 05:00,BREAK,2018.08.09 12:00,0.67914,UNTOUCHED,,0,,0,,0,,0,NA,Other,NA,,NA,,S-ZB-BO,S-ZB-BR,B-ZB-UN,S-ZE-BR,B-ZF-UN,S-ZO-BR,B-ZF-UN,S-ZE-BR,S-ZE-BR,S-ZF-BO,S-ZF-BR,B-ZO-BR,B-ZF-BR,B-ZB-BR,B-ZD-UN,S-ZB-BR,S-ZO-BR,B-ZH-BO,B-ZH-UN,S-ZF-BR
198,2018.08.10 00:00,NZDUSD,60,86400,SELL,ZF,1,0.67612,0.67209,403.0,0.67517,0.66106,1411.0,350.124,23.57,308.0,95.1,0.67517,0.67209,0.65798,BREAK,2018.08.10 10:00,0,,0,,0,,0,NA,London,BOUNCE,2018.08.16 05:00,NA,,0.67920,UNTOUCHED,,0,,0,,0,,0,NA,Other,NA,,NA,,0.66901,BREAK,2018.08.10 00:00,0,,0,,0,,0,NA,Asia,BREAK,2018.08.10 01:00,BREAK,2018.08.10 02:00,0.67825,UNTOUCHED,,0,,0,,0,,0,NA,Other,NA,,NA,,S-ZE-BR,S-ZB-BO,S-ZB-BR,B-ZB-UN,S-ZE-BR,B-ZF-UN,S-ZO-BR,B-ZF-UN,S-ZE-BR,S-ZE-BR,B-ZO-BR,B-ZF-BR,B-ZB-BR,B-ZD-UN,S-ZB-BR,S-ZO-BR,B-ZH-BO,B-ZH-UN,S-ZF-BR,S-ZB-BR
199,2018.08.15 00:00,NZDUSD,60,86400,BUY,ZO,0,0.65933,0.65605,328.0,0.66083,0.65666,417.0,127.134,18.60,267.0,77.4,0.65933,0.65666,0.66350,BREAK,2018.08.18 00:00,0,,0,,0,,0,NA,Asia,BREAK,2018.08.21 09:00,BREAK,2018.08.21 21:00,0.65338,BOUNCE,2018.09.05 05:00,1,2018.09.05 20:00,1,2018.09.19 20:00,1,2018.09.20 02:00,3,2w 0d,Asia,NA,,NA,,0.66200,BREAK,2018.08.17 22:00,0,,0,,0,,0,NA,Other,BREAK,2018.08.21 05:00,BREAK,2018.08.21 20:00,0.65399,BREAK,2018.09.04 12:00,0,,0,,0,,0,NA,London,BOUNCE,2018.09.10 16:00,NA,,S-ZF-BR,S-ZE-BR,S-ZB-BO,S-ZB-BR,B-ZB-UN,S-ZE-BR,B-ZF-UN,S-ZO-BR,B-ZF-UN,S-ZE-BR,B-ZF-BR,B-ZB-BR,B-ZD-UN,S-ZB-BR,S-ZO-BR,B-ZH-BO,B-ZH-UN,S-ZF-BR,S-ZB-BR,S-ZH-BO
200,2018.08.17 00:00,NZDUSD,60,86400,BUY,ZF,1,0.65753,0.65429,324.0,0.66069,0.65541,528.0,162.963,34.57,212.0,76.5,0.65753,0.65541,0.66281,BREAK,2018.08.17 22:00,0,,0,,0,,0,NA,Other,BREAK,2018.08.21 07:00,BREAK,2018.08.21 20:00,0.65217,BREAK,2018.09.10 05:00,0,,0,,0,,0,NA,Asia,BOUNCE,2018.09.12 00:00,NA,,0.65965,BREAK,2018.08.17 05:00,0,,0,,0,,0,NA,Asia,BREAK,2018.08.17 22:00,BREAK,2018.08.21 00:00,0.65329,BOUNCE,2018.09.05 05:00,1,2018.09.05 23:00,1,2018.09.05 23:00,0,,2,18h,Asia,NA,,NA,,B-ZO-BR,S-ZF-BR,S-ZE-BR,S-ZB-BO,S-ZB-BR,B-ZB-UN,S-ZE-BR,B-ZF-UN,S-ZO-BR,B-ZF-UN,B-ZB-BR,B-ZD-UN,S-ZB-BR,S-ZO-BR,B-ZH-BO,B-ZH-UN,S-ZF-BR,S-ZB-BR,S-ZH-BO,S-ZD-BR
201,2018.08.18 00:00,NZDUSD,60,86400,BUY,ZB,1,0.66069,0.65541,528.0,0.66331,0.65780,551.0,104.356,45.27,289.0,124.6,0.66069,0.65780,0.66620,BREAK,2018.08.21 08:00,0,,0,,0,,0,NA,London,BREAK,2018.08.22 02:00,BOUNCE,2018.08.29 10:00,0.65252,BREAK,2018.09.10 04:00,0,,0,,0,,0,NA,Asia,BREAK,2018.10.04 10:00,BREAK,2018.10.05 16:00,0.66358,BREAK,2018.08.20 01:00,0,,0,,0,,0,NA,Asia,BREAK,2018.08.21 18:00,BREAK,2018.08.22 02:00,0.65491,BREAK,2018.09.04 12:00,0,,0,,0,,0,NA,London,BREAK,2018.09.11 14:00,BREAK,2018.10.04 20:00,B-ZF-BR,B-ZO-BR,S-ZF-BR,S-ZE-BR,S-ZB-BO,S-ZB-BR,B-ZB-UN,S-ZE-BR,B-ZF-UN,S-ZO-BR,B-ZD-UN,S-ZB-BR,S-ZO-BR,B-ZH-BO,B-ZH-UN,S-ZF-BR,S-ZB-BR,S-ZH-BO,S-ZD-BR,S-ZO-BR
202,2018.08.23 00:00,NZDUSD,60,86400,BUY,ZD,1,0.66995,0.66315,680.0,0.67200,0.66800,400.0,58.824,71.32,195.0,160.5,0.66995,0.66800,0.67395,UNTOUCHED,,0,,0,,0,,0,NA,Other,NA,,NA,,0.66120,BOUNCE,2018.08.31 19:00,1,2018.09.20 07:00,0,,0,,1,2w 5d,NewYork,NA,,NA,,0.67190,BOUNCE,2018.08.28 17:00,1,2018.08.30 05:00,1,2018.08.31 19:00,0,,2,3d 2h,NewYork,NA,,NA,,0.66605,BREAK,2018.08.23 17:00,0,,0,,0,,0,NA,NewYork,BREAK,2018.08.24 02:00,BOUNCE,2018.08.24 06:00,B-ZB-BR,B-ZF-BR,B-ZO-BR,S-ZF-BR,S-ZE-BR,S-ZB-BO,S-ZB-BR,B-ZB-UN,S-ZE-BR,B-ZF-UN,S-ZB-BR,S-ZO-BR,B-ZH-BO,B-ZH-UN,S-ZF-BR,S-ZB-BR,S-ZH-BO,S-ZD-BR,S-ZO-BR,B-ZE-BO
203,2018.08.24 00:00,NZDUSD,60,86400,SELL,ZB,1,0.67200,0.66800,400.0,0.67015,0.66290,725.0,181.250,46.25,215.0,94.4,0.67015,0.66800,0.66075,BREAK,2018.08.31 20:00,0,,0,,0,,0,NA,NewYork,BREAK,2018.09.04 11:00,BREAK,2018.09.04 12:00,0.67415,UNTOUCHED,,0,,0,,0,,0,NA,Other,NA,,NA,,0.66585,BREAK,2018.08.24 00:00,0,,0,,0,,0,NA,Asia,BREAK,2018.08.24 02:00,BREAK,2018.08.31 23:00,0.67230,BOUNCE,2018.08.28 20:00,1,2018.08.30 05:00,1,2018.08.30 05:00,0,,2,1d 9h,NewYork,NA,,NA,,B-ZD-UN,B-ZB-BR,B-ZF-BR,B-ZO-BR,S-ZF-BR,S-ZE-BR,S-ZB-BO,S-ZB-BR,B-ZB-UN,S-ZE-BR,S-ZO-BR,B-ZH-BO,B-ZH-UN,S-ZF-BR,S-ZB-BR,S-ZH-BO,S-ZD-BR,S-ZO-BR,B-ZE-BO,S-ZB-BO
204,2018.08.25 00:00,NZDUSD,60,86400,SELL,ZO,0,0.67015,0.66290,725.0,0.66949,0.66186,763.0,105.241,9.10,659.0,171.1,0.66949,0.66290,0.65527,BREAK,2018.09.04 12:00,0,,0,,0,,0,NA,London,BREAK,2018.10.05 05:00,UNTOUCHED,,0.67674,UNTOUCHED,,0,,0,,0,,0,NA,Other,NA,,NA,,0.65631,BREAK,2018.09.04 11:00,0,,0,,0,,0,NA,London,BREAK,2018.10.04 20:00,BOUNCE,2018.10.11 16:00,0.67608,UNTOUCHED,,0,,0,,0,,0,NA,Other,NA,,NA,,S-ZB-BR,B-ZD-UN,B-ZB-BR,B-ZF-BR,B-ZO-BR,S-ZF-BR,S-ZE-BR,S-ZB-BO,S-ZB-BR,B-ZB-UN,B-ZH-BO,B-ZH-UN,S-ZF-BR,S-ZB-BR,S-ZH-BO,S-ZD-BR,S-ZO-BR,B-ZE-BO,S-ZB-BO,S-ZG-BR
205,2018.08.28 00:00,NZDUSD,60,86400,BUY,ZH,0,0.66924,0.66570,354.0,0.67008,0.66685,323.0,91.243,32.49,239.0,83.5,0.66924,0.66685,0.67247,BOUNCE,2018.08.28 21:00,1,2018.08.30 05:00,1,2018.08.30 09:00,1,2018.08.30 20:00,3,1d 23h,Other,NA,,NA,,0.66331,BOUNCE,2018.08.30 20:00,1,2018.09.20 21:00,0,,0,,1,3w 0d,NewYork,NA,,NA,,0.67163,BREAK,2018.08.28 16:00,0,,0,,0,,0,NA,NewYork,UNTOUCHED,,NA,,0.66446,BREAK,2018.08.30 09:00,0,,0,,0,,0,NA,London,BREAK,2018.08.31 19:00,BREAK,2018.09.04 05:00,S-ZO-BR,S-ZB-BR,B-ZD-UN,B-ZB-BR,B-ZF-BR,B-ZO-BR,S-ZF-BR,S-ZE-BR,S-ZB-BO,S-ZB-BR,B-ZH-UN,S-ZF-BR,S-ZB-BR,S-ZH-BO,S-ZD-BR,S-ZO-BR,B-ZE-BO,S-ZB-BO,S-ZG-BR,B-ZF-BR
206,2018.08.29 00:00,NZDUSD,60,86400,BUY,ZH,1,0.67008,0.66685,323.0,0.67256,0.66753,503.0,155.728,21.05,255.0,76.2,0.67008,0.66753,0.67511,UNTOUCHED,,0,,0,,0,,0,NA,Other,NA,,NA,,0.66430,BREAK,2018.08.30 19:00,0,,0,,0,,0,NA,NewYork,BREAK,2018.08.31 19:00,BOUNCE,2018.09.03 11:00,0.67263,UNTOUCHED,,0,,0,,0,,0,NA,Other,NA,,NA,,0.66498,BREAK,2018.08.30 09:00,0,,0,,0,,0,NA,London,BREAK,2018.08.31 19:00,BREAK,2018.09.04 04:00,B-ZH-BO,S-ZO-BR,S-ZB-BR,B-ZD-UN,B-ZB-BR,B-ZF-BR,B-ZO-BR,S-ZF-BR,S-ZE-BR,S-ZB-BO,S-ZF-BR,S-ZB-BR,S-ZH-BO,S-ZD-BR,S-ZO-BR,B-ZE-BO,S-ZB-BO,S-ZG-BR,B-ZF-BR,B-ZD-BR
207,2018.08.31 00:00,NZDUSD,60,86400,SELL,ZF,1,0.67178,0.66835,343.0,0.67154,0.66327,827.0,241.108,7.00,319.0,80.9,0.67154,0.66835,0.66008,BREAK,2018.09.03 03:00,0,,0,,0,,0,NA,Asia,BREAK,2018.09.04 11:00,BREAK,2018.09.05 05:00,0.67497,UNTOUCHED,,0,,0,,0,,0,NA,Other,NA,,NA,,0.66516,BREAK,2018.08.31 00:00,0,,0,,0,,0,NA,Asia,BREAK,2018.08.31 19:00,BREAK,2018.09.04 10:00,0.67473,UNTOUCHED,,0,,0,,0,,0,NA,Other,NA,,NA,,B-ZH-UN,B-ZH-BO,S-ZO-BR,S-ZB-BR,B-ZD-UN,B-ZB-BR,B-ZF-BR,B-ZO-BR,S-ZF-BR,S-ZE-BR,S-ZB-BR,S-ZH-BO,S-ZD-BR,S-ZO-BR,B-ZE-BO,S-ZB-BO,S-ZG-BR,B-ZF-BR,B-ZD-BR,B-ZO-BR
208,2018.09.01 00:00,NZDUSD,60,86400,SELL,ZB,1,0.67154,0.66327,827.0,0.66607,0.66055,552.0,66.747,66.14,280.0,195.2,0.66607,0.66327,0.65775,BREAK,2018.09.04 11:00,0,,0,,0,,0,NA,London,BREAK,2018.09.05 05:00,BREAK,2018.09.11 16:00,0.67434,UNTOUCHED,,0,,0,,0,,0,NA,Other,NA,,NA,,0.66047,BREAK,2018.09.03 03:00,0,,0,,0,,0,NA,Asia,BREAK,2018.09.04 12:00,BREAK,2018.09.05 05:00,0.66887,BOUNCE,2018.09.20 23:00,1,2018.09.28 02:00,1,2018.09.28 02:00,0,,2,1w 0d,Other,NA,,NA,,S-ZF-BR,B-ZH-UN,B-ZH-BO,S-ZO-BR,S-ZB-BR,B-ZD-UN,B-ZB-BR,B-ZF-BR,B-ZO-BR,S-ZF-BR,S-ZH-BO,S-ZD-BR,S-ZO-BR,B-ZE-BO,S-ZB-BO,S-ZG-BR,B-ZF-BR,B-ZD-BR,B-ZO-BR,B-ZE-BR
209,2018.09.04 00:00,NZDUSD,60,86400,SELL,ZH,1,0.66217,0.66141,76.0,0.66200,0.65918,282.0,371.053,22.37,59.0,17.9,0.66200,0.66141,0.65859,BOUNCE,2018.09.04 05:00,1,2018.09.04 08:00,1,2018.09.20 02:00,1,2018.09.20 02:00,3,2w 1d,Asia,NA,,NA,,0.66276,BREAK,2018.09.20 02:00,0,,0,,0,,0,NA,Asia,BREAK,2018.09.20 03:00,BREAK,2018.09.20 04:00,0.66082,BREAK,2018.09.04 00:00,0,,0,,0,,0,NA,Asia,BREAK,2018.09.04 01:00,BREAK,2018.09.04 04:00,0.66259,BREAK,2018.09.20 02:00,0,,0,,0,,0,NA,Asia,BREAK,2018.09.20 03:00,BREAK,2018.09.20 04:00,S-ZB-BR,S-ZF-BR,B-ZH-UN,B-ZH-BO,S-ZO-BR,S-ZB-BR,B-ZD-UN,B-ZB-BR,B-ZF-BR,B-ZO-BR,S-ZD-BR,S-ZO-BR,B-ZE-BO,S-ZB-BO,S-ZG-BR,B-ZF-BR,B-ZD-BR,B-ZO-BR,B-ZE-BR,B-ZF-BR
210,2018.09.05 00:00,NZDUSD,60,86400,SELL,ZD,1,0.66200,0.65918,282.0,0.66054,0.65386,668.0,236.879,51.77,136.0,66.6,0.66054,0.65918,0.65250,BREAK,2018.09.10 04:00,0,,0,,0,,0,NA,Asia,BOUNCE,2018.09.10 09:00,NA,,0.66336,BREAK,2018.09.20 02:00,0,,0,,0,,0,NA,Asia,BREAK,2018.09.20 11:00,BREAK,2018.09.20 15:00,0.65782,BREAK,2018.09.05 00:00,0,,0,,0,,0,NA,Asia,BREAK,2018.09.05 01:00,BREAK,2018.09.05 03:00,0.66190,BOUNCE,2018.09.19 20:00,1,2018.10.02 12:00,1,2018.10.02 12:00,0,,2,1w 5d,NewYork,NA,,NA,,S-ZH-BO,S-ZB-BR,S-ZF-BR,B-ZH-UN,B-ZH-BO,S-ZO-BR,S-ZB-BR,B-ZD-UN,B-ZB-BR,B-ZF-BR,S-ZO-BR,B-ZE-BO,S-ZB-BO,S-ZG-BR,B-ZF-BR,B-ZD-BR,B-ZO-BR,B-ZE-BR,B-ZF-BR,B-ZC-UN
211,2018.09.06 00:00,NZDUSD,60,86400,SELL,ZO,0,0.66054,0.65386,668.0,0.65976,0.65287,689.0,103.144,11.68,590.0,157.6,0.65976,0.65386,0.64697,BREAK,2018.10.05 05:00,0,,0,,0,,0,NA,Asia,UNTOUCHED,,NA,,0.66644,BREAK,2018.09.20 14:00,0,,0,,0,,0,NA,NewYork,UNTOUCHED,,NA,,0.64796,BREAK,2018.10.04 20:00,0,,0,,0,,0,NA,NewYork,UNTOUCHED,,NA,,0.66566,BREAK,2018.09.20 11:00,0,,0,,0,,0,NA,London,UNTOUCHED,,NA,,S-ZD-BR,S-ZH-BO,S-ZB-BR,S-ZF-BR,B-ZH-UN,B-ZH-BO,S-ZO-BR,S-ZB-BR,B-ZD-UN,B-ZB-BR,B-ZE-BO,S-ZB-BO,S-ZG-BR,B-ZF-BR,B-ZD-BR,B-ZO-BR,B-ZE-BR,B-ZF-BR,B-ZC-UN,S-ZE-BR
212,2018.09.07 00:00,NZDUSD,60,86400,BUY,ZE,1,0.65976,0.65287,689.0,0.66146,0.65706,440.0,63.861,60.81,270.0,162.6,0.65976,0.65706,0.66416,BOUNCE,2018.09.20 02:00,1,2018.10.02 10:00,1,2018.10.03 18:00,1,2018.10.04 03:00,3,2w 0d,Asia,NA,,NA,,0.65017,BOUNCE,2018.09.11 16:00,1,2018.09.12 19:00,1,2018.09.20 02:00,1,2018.09.20 02:00,3,1w 1d,NewYork,NA,,NA,,0.66246,BREAK,2018.09.20 02:00,0,,0,,0,,0,NA,Asia,BREAK,2018.09.20 15:00,BREAK,2018.09.21 11:00,0.65436,BREAK,2018.09.07 20:00,0,,0,,0,,0,NA,NewYork,BOUNCE,2018.09.10 17:00,NA,,S-ZO-BR,S-ZD-BR,S-ZH-BO,S-ZB-BR,S-ZF-BR,B-ZH-UN,B-ZH-BO,S-ZO-BR,S-ZB-BR,B-ZD-UN,S-ZB-BO,S-ZG-BR,B-ZF-BR,B-ZD-BR,B-ZO-BR,B-ZE-BR,B-ZF-BR,B-ZC-UN,S-ZE-BR,B-ZG-BR
213,2018.09.08 00:00,NZDUSD,60,86400,SELL,ZB,1,0.66146,0.65706,440.0,0.65921,0.65265,656.0,149.091,51.14,215.0,103.8,0.65921,0.65706,0.65050,BOUNCE,2018.09.11 16:00,1,2018.09.12 19:00,1,2018.09.19 14:00,1,2018.09.20 02:00,3,1w 1d,NewYork,NA,,NA,,0.66361,BREAK,2018.09.20 02:00,0,,0,,0,,0,NA,Asia,BREAK,2018.09.20 15:00,BREAK,2018.09.20 23:00,0.65491,BREAK,2018.09.08 00:00,0,,0,,0,,0,NA,Asia,BREAK,2018.09.10 05:00,BOUNCE,2018.09.12 18:00,0.66136,BREAK,2018.09.19 14:00,0,,0,,0,,0,NA,NewYork,BREAK,2018.09.20 04:00,BREAK,2018.09.20 15:00,B-ZE-BO,S-ZO-BR,S-ZD-BR,S-ZH-BO,S-ZB-BR,S-ZF-BR,B-ZH-UN,B-ZH-BO,S-ZO-BR,S-ZB-BR,S-ZG-BR,B-ZF-BR,B-ZD-BR,B-ZO-BR,B-ZE-BR,B-ZF-BR,B-ZC-UN,S-ZE-BR,B-ZG-BR,S-ZF-BR
214,2018.09.12 00:00,NZDUSD,60,86400,SELL,ZG,0,0.65456,0.65109,347.0,0.65394,0.64994,400.0,115.274,17.87,285.0,81.9,0.65394,0.65109,0.64709,BREAK,2018.10.05 05:00,0,,0,,0,,0,NA,Asia,BREAK,2018.10.05 20:00,UNTOUCHED,,0.65741,BREAK,2018.09.13 16:00,0,,0,,0,,0,NA,NewYork,BOUNCE,2018.09.18 21:00,NA,,0.64824,BREAK,2018.10.04 10:00,0,,0,,0,,0,NA,London,BREAK,2018.10.05 19:00,BOUNCE,2018.10.09 01:00,0.65679,BREAK,2018.09.13 16:00,0,,0,,0,,0,NA,NewYork,BREAK,2018.09.18 10:00,BREAK,2018.09.20 02:00,S-ZB-BO,B-ZE-BO,S-ZO-BR,S-ZD-BR,S-ZH-BO,S-ZB-BR,S-ZF-BR,B-ZH-UN,B-ZH-BO,S-ZO-BR,B-ZF-BR,B-ZD-BR,B-ZO-BR,B-ZE-BR,B-ZF-BR,B-ZC-UN,S-ZE-BR,B-ZG-BR,S-ZF-BR,S-ZE-BR
215,2018.09.13 00:00,NZDUSD,60,86400,BUY,ZF,0,0.65394,0.64994,400.0,0.65639,0.65009,630.0,157.500,3.75,385.0,94.4,0.65394,0.65009,0.66024,BREAK,2018.09.18 10:00,0,,0,,0,,0,NA,London,BOUNCE,2018.09.20 02:00,NA,,0.64609,BREAK,2018.10.05 10:00,0,,0,,0,,0,NA,London,UNTOUCHED,,NA,,0.65779,BREAK,2018.09.13 16:00,0,,0,,0,,0,NA,NewYork,BREAK,2018.09.20 02:00,BREAK,2018.09.20 14:00,0.64624,BREAK,2018.10.05 07:00,0,,0,,0,,0,NA,London,BOUNCE,2018.10.09 01:00,NA,,S-ZG-BR,S-ZB-BO,B-ZE-BO,S-ZO-BR,S-ZD-BR,S-ZH-BO,S-ZB-BR,S-ZF-BR,B-ZH-UN,B-ZH-BO,B-ZD-BR,B-ZO-BR,B-ZE-BR,B-ZF-BR,B-ZC-UN,S-ZE-BR,B-ZG-BR,S-ZF-BR,S-ZE-BR,S-ZO-BR
216,2018.09.14 00:00,NZDUSD,60,86400,BUY,ZD,1,0.65639,0.65009,630.0,0.65883,0.65402,481.0,76.349,62.38,237.0,148.7,0.65639,0.65402,0.66120,BREAK,2018.09.19 13:00,0,,0,,0,,0,NA,NewYork,BREAK,2018.09.20 07:00,BREAK,2018.09.20 16:00,0.64772,BREAK,2018.10.04 20:00,0,,0,,0,,0,NA,NewYork,BOUNCE,2018.10.05 16:00,NA,,0.65876,BOUNCE,2018.09.14 07:00,1,2018.10.04 00:00,1,2018.10.04 20:00,0,,2,2w 6d,London,NA,,NA,,0.65165,BREAK,2018.10.04 00:00,0,,0,,0,,0,NA,Asia,BREAK,2018.10.04 20:00,BREAK,2018.10.05 16:00,B-ZF-BR,S-ZG-BR,S-ZB-BO,B-ZE-BO,S-ZO-BR,S-ZD-BR,S-ZH-BO,S-ZB-BR,S-ZF-BR,B-ZH-UN,B-ZO-BR,B-ZE-BR,B-ZF-BR,B-ZC-UN,S-ZE-BR,B-ZG-BR,S-ZF-BR,S-ZE-BR,S-ZO-BR,S-ZF-BR
217,2018.09.15 00:00,NZDUSD,60,86400,BUY,ZO,0,0.65883,0.65402,481.0,0.65940,0.65416,524.0,108.940,2.91,467.0,113.5,0.65883,0.65416,0.66407,BREAK,2018.09.20 02:00,0,,0,,0,,0,NA,Asia,BOUNCE,2018.09.24 19:00,NA,,0.64935,BREAK,2018.10.04 04:00,0,,0,,0,,0,NA,Asia,BREAK,2018.10.05 19:00,UNTOUCHED,,0.66350,BREAK,2018.09.20 02:00,0,,0,,0,,0,NA,Asia,BREAK,2018.09.21 09:00,UNTOUCHED,,0.64949,BREAK,2018.10.04 03:00,0,,0,,0,,0,NA,Asia,BREAK,2018.10.05 19:00,UNTOUCHED,,B-ZD-BR,B-ZF-BR,S-ZG-BR,S-ZB-BO,B-ZE-BO,S-ZO-BR,S-ZD-BR,S-ZH-BO,S-ZB-BR,S-ZF-BR,B-ZE-BR,B-ZF-BR,B-ZC-UN,S-ZE-BR,B-ZG-BR,S-ZF-BR,S-ZE-BR,S-ZO-BR,S-ZF-BR,S-ZB-BR
218,2018.09.19 00:00,NZDUSD,60,86400,BUY,ZE,1,0.65889,0.65370,519.0,0.66064,0.65600,464.0,89.403,44.32,289.0,122.5,0.65889,0.65600,0.66353,BREAK,2018.09.20 02:00,0,,0,,0,,0,NA,Asia,BREAK,2018.09.20 17:00,BOUNCE,2018.09.24 10:00,0.65081,BREAK,2018.10.04 01:00,0,,0,,0,,0,NA,Asia,BREAK,2018.10.05 06:00,BOUNCE,2018.10.05 16:00,0.66178,BREAK,2018.09.19 19:00,0,,0,,0,,0,NA,NewYork,BREAK,2018.09.20 11:00,BREAK,2018.09.20 23:00,0.65311,BREAK,2018.10.03 20:00,0,,0,,0,,0,NA,NewYork,BREAK,2018.10.04 04:00,BREAK,2018.10.05 10:00,B-ZO-BR,B-ZD-BR,B-ZF-BR,S-ZG-BR,S-ZB-BO,B-ZE-BO,S-ZO-BR,S-ZD-BR,S-ZH-BO,S-ZB-BR,B-ZF-BR,B-ZC-UN,S-ZE-BR,B-ZG-BR,S-ZF-BR,S-ZE-BR,S-ZO-BR,S-ZF-BR,S-ZB-BR,B-ZH-BR
219,2018.09.20 00:00,NZDUSD,60,86400,BUY,ZF,0,0.66064,0.65600,464.0,0.66211,0.65712,499.0,107.543,24.14,352.0,109.5,0.66064,0.65712,0.66563,BREAK,2018.09.20 11:00,0,,0,,0,,0,NA,London,BOUNCE,2018.09.24 10:00,NA,,0.65248,BREAK,2018.10.04 00:00,0,,0,,0,,0,NA,Asia,BREAK,2018.10.04 20:00,BREAK,2018.10.05 19:00,0.66416,BOUNCE,2018.09.20 02:00,1,2018.10.03 19:00,1,2018.10.04 00:00,0,,2,1w 6d,Asia,NA,,NA,,0.65360,BREAK,2018.10.03 19:00,0,,0,,0,,0,NA,NewYork,BREAK,2018.10.04 04:00,BREAK,2018.10.05 16:00,B-ZE-BR,B-ZO-BR,B-ZD-BR,B-ZF-BR,S-ZG-BR,S-ZB-BO,B-ZE-BO,S-ZO-BR,S-ZD-BR,S-ZH-BO,B-ZC-UN,S-ZE-BR,B-ZG-BR,S-ZF-BR,S-ZE-BR,S-ZO-BR,S-ZF-BR,S-ZB-BR,B-ZH-BR,B-ZE-BO
220,2018.09.22 00:00,NZDUSD,60,86400,BUY,ZC,1,0.66915,0.65998,917.0,0.66976,0.66642,334.0,36.423,70.23,273.0,216.4,0.66915,0.66642,0.67249,UNTOUCHED,,0,,0,,0,,0,NA,Other,NA,,NA,,0.65725,BREAK,2018.10.03 04:00,0,,0,,0,,0,NA,Asia,BREAK,2018.10.04 00:00,BREAK,2018.10.04 03:00,0.67188,UNTOUCHED,,0,,0,,0,,0,NA,Other,NA,,NA,,0.66369,BOUNCE,2018.09.25 01:00,0,,0,,0,,0,NA,Asia,NA,,NA,,B-ZF-BR,B-ZE-BR,B-ZO-BR,B-ZD-BR,B-ZF-BR,S-ZG-BR,S-ZB-BO,B-ZE-BO,S-ZO-BR,S-ZD-BR,S-ZE-BR,B-ZG-BR,S-ZF-BR,S-ZE-BR,S-ZO-BR,S-ZF-BR,S-ZB-BR,B-ZH-BR,B-ZE-BO,B-ZE-BR
221,2018.09.26 00:00,NZDUSD,60,86400,SELL,ZE,1,0.66871,0.66392,479.0,0.66572,0.66284,288.0,60.125,62.42,180.0,113.0,0.66572,0.66392,0.66104,BREAK,2018.09.28 00:00,0,,0,,0,,0,NA,Asia,BOUNCE,2018.10.02 01:00,NA,,0.67051,UNTOUCHED,,0,,0,,0,,0,NA,Other,NA,,NA,,0.66212,BREAK,2018.09.27 19:00,0,,0,,0,,0,NA,NewYork,BOUNCE,2018.09.28 18:00,NA,,0.66752,BREAK,2018.09.26 05:00,0,,0,,0,,0,NA,Asia,BOUNCE,2018.09.26 22:00,NA,,B-ZC-UN,B-ZF-BR,B-ZE-BR,B-ZO-BR,B-ZD-BR,B-ZF-BR,S-ZG-BR,S-ZB-BO,B-ZE-BO,S-ZO-BR,B-ZG-BR,S-ZF-BR,S-ZE-BR,S-ZO-BR,S-ZF-BR,S-ZB-BR,B-ZH-BR,B-ZE-BO,B-ZE-BR,B-ZO-BR
222,2018.09.27 00:00,NZDUSD,60,86400,BUY,ZG,1,0.66572,0.66284,288.0,0.66944,0.66331,613.0,212.847,16.32,241.0,68.0,0.66572,0.66331,0.67185,BREAK,2018.11.07 01:00,0,,0,,0,,0,NA,Asia,BREAK,2018.11.07 04:00,BOUNCE,2018.11.07 07:00,0.66043,BREAK,2018.09.28 08:00,0,,0,,0,,0,NA,London,BOUNCE,2018.10.02 19:00,NA,,0.66813,BOUNCE,2018.11.02 08:00,0,,0,,0,,0,NA,London,NA,,NA,,0.66090,BREAK,2018.09.28 00:00,0,,0,,0,,0,NA,Asia,BREAK,2018.10.02 12:00,BREAK,2018.10.03 15:00,S-ZE-BR,B-ZC-UN,B-ZF-BR,B-ZE-BR,B-ZO-BR,B-ZD-BR,B-ZF-BR,S-ZG-BR,S-ZB-BO,B-ZE-BO,S-ZF-BR,S-ZE-BR,S-ZO-BR,S-ZF-BR,S-ZB-BR,B-ZH-BR,B-ZE-BO,B-ZE-BR,B-ZO-BR,S-ZD-BO
223,2018.09.28 00:00,NZDUSD,60,86400,SELL,ZF,0,0.66944,0.66331,613.0,0.66750,0.66116,634.0,103.426,31.65,419.0,144.7,0.66750,0.66331,0.65697,BREAK,2018.10.03 05:00,0,,0,,0,,0,NA,Asia,BREAK,2018.10.04 00:00,BREAK,2018.10.05 05:00,0.67363,BOUNCE,2018.11.07 01:00,0,,0,,0,,0,NA,Asia,NA,,NA,,0.65912,BREAK,2018.10.02 09:00,0,,0,,0,,0,NA,London,BREAK,2018.10.03 19:00,BREAK,2018.10.04 04:00,0.67169,BREAK,2018.11.07 01:00,0,,0,,0,,0,NA,Asia,BOUNCE,2018.11.07 05:00,NA,,B-ZG-BR,S-ZE-BR,B-ZC-UN,B-ZF-BR,B-ZE-BR,B-ZO-BR,B-ZD-BR,B-ZF-BR,S-ZG-BR,S-ZB-BO,S-ZE-BR,S-ZO-BR,S-ZF-BR,S-ZB-BR,B-ZH-BR,B-ZE-BO,B-ZE-BR,B-ZO-BR,S-ZD-BO,S-ZE-BO
224,2018.09.29 00:00,NZDUSD,60,86400,SELL,ZE,1,0.66750,0.66116,634.0,0.66380,0.65969,411.0,64.826,58.36,264.0,149.6,0.66380,0.66116,0.65705,BREAK,2018.10.03 05:00,0,,0,,0,,0,NA,Asia,BREAK,2018.10.03 21:00,BREAK,2018.10.04 03:00,0.67014,BREAK,2018.11.07 01:00,0,,0,,0,,0,NA,Asia,BREAK,2018.11.07 04:00,BOUNCE,2018.11.07 05:00,0.65852,BREAK,2018.10.02 11:00,0,,0,,0,,0,NA,London,BREAK,2018.10.03 18:00,BREAK,2018.10.04 00:00,0.66644,BREAK,2018.11.02 04:00,0,,0,,0,,0,NA,Asia,BREAK,2018.11.07 01:00,BREAK,2018.11.07 02:00,S-ZF-BR,B-ZG-BR,S-ZE-BR,B-ZC-UN,B-ZF-BR,B-ZE-BR,B-ZO-BR,B-ZD-BR,B-ZF-BR,S-ZG-BR,S-ZO-BR,S-ZF-BR,S-ZB-BR,B-ZH-BR,B-ZE-BO,B-ZE-BR,B-ZO-BR,S-ZD-BO,S-ZE-BO,S-ZF-BR
225,2018.10.02 00:00,NZDUSD,60,86400,SELL,ZO,1,0.66274,0.66107,167.0,0.66269,0.65981,288.0,172.455,2.99,162.0,39.4,0.66269,0.66107,0.65819,BREAK,2018.10.02 12:00,0,,0,,0,,0,NA,London,BREAK,2018.10.03 13:00,BREAK,2018.10.03 16:00,0.66436,BOUNCE,2018.11.01 18:00,0,,0,,0,,0,NA,NewYork,NA,,NA,,0.65945,BOUNCE,2018.10.02 01:00,1,2018.11.01 18:00,1,2018.11.01 18:00,0,,2,4w 2d,Asia,NA,,NA,,0.66431,BREAK,2018.11.01 18:00,0,,0,,0,,0,NA,NewYork,BOUNCE,2018.11.02 01:00,NA,,S-ZE-BR,S-ZF-BR,B-ZG-BR,S-ZE-BR,B-ZC-UN,B-ZF-BR,B-ZE-BR,B-ZO-BR,B-ZD-BR,B-ZF-BR,S-ZF-BR,S-ZB-BR,B-ZH-BR,B-ZE-BO,B-ZE-BR,B-ZO-BR,S-ZD-BO,S-ZE-BO,S-ZF-BR,S-ZD-BO
226,2018.10.03 00:00,NZDUSD,60,86400,SELL,ZF,1,0.66269,0.65981,288.0,0.66222,0.65737,485.0,168.403,16.32,241.0,68.0,0.66222,0.65981,0.65496,BREAK,2018.10.03 16:00,0,,0,,0,,0,NA,NewYork,BREAK,2018.10.04 00:00,BREAK,2018.10.04 04:00,0.66510,BREAK,2018.11.01 21:00,0,,0,,0,,0,NA,Other,BREAK,2018.11.02 08:00,BREAK,2018.11.07 01:00,0.65740,BREAK,2018.10.03 04:00,0,,0,,0,,0,NA,Asia,BREAK,2018.10.03 18:00,BREAK,2018.10.04 00:00,0.66463,BREAK,2018.11.01 18:00,0,,0,,0,,0,NA,NewYork,BREAK,2018.11.02 08:00,BREAK,2018.11.07 01:00,S-ZO-BR,S-ZE-BR,S-ZF-BR,B-ZG-BR,S-ZE-BR,B-ZC-UN,B-ZF-BR,B-ZE-BR,B-ZO-BR,B-ZD-BR,S-ZB-BR,B-ZH-BR,B-ZE-BO,B-ZE-BR,B-ZO-BR,S-ZD-BO,S-ZE-BO,S-ZF-BR,S-ZD-BO,S-ZO-UN
227,2018.10.04 00:00,NZDUSD,60,86400,SELL,ZB,1,0.66222,0.65737,485.0,0.65976,0.65249,727.0,149.897,50.72,239.0,114.5,0.65976,0.65737,0.65010,BREAK,2018.10.04 03:00,0,,0,,0,,0,NA,Asia,BREAK,2018.10.05 07:00,BOUNCE,2018.10.05 16:00,0.66461,BREAK,2018.11.01 18:00,0,,0,,0,,0,NA,NewYork,BREAK,2018.11.02 08:00,BREAK,2018.11.07 01:00,0.65498,BREAK,2018.10.04 00:00,0,,0,,0,,0,NA,Asia,BREAK,2018.10.04 01:00,BREAK,2018.10.04 04:00,0.66215,BREAK,2018.11.01 16:00,0,,0,,0,,0,NA,NewYork,BREAK,2018.11.01 21:00,BREAK,2018.11.02 08:00,S-ZF-BR,S-ZO-BR,S-ZE-BR,S-ZF-BR,B-ZG-BR,S-ZE-BR,B-ZC-UN,B-ZF-BR,B-ZE-BR,B-ZO-BR,B-ZH-BR,B-ZE-BO,B-ZE-BR,B-ZO-BR,S-ZD-BO,S-ZE-BO,S-ZF-BR,S-ZD-BO,S-ZO-UN,B-ZG-BR
228,2018.10.10 00:00,NZDUSD,60,86400,BUY,ZH,1,0.64531,0.64228,303.0,0.64693,0.64258,435.0,143.564,9.90,273.0,71.5,0.64531,0.64258,0.64966,BREAK,2018.10.11 16:00,0,,0,,0,,0,NA,NewYork,BREAK,2018.10.12 02:00,BREAK,2018.10.16 01:00,0.63955,UNTOUCHED,,0,,0,,0,,0,NA,Other,NA,,NA,,0.64804,BREAK,2018.10.10 02:00,0,,0,,0,,0,NA,Asia,BREAK,2018.10.11 16:00,BREAK,2018.10.15 16:00,0.63985,UNTOUCHED,,0,,0,,0,,0,NA,Other,NA,,NA,,S-ZB-BR,S-ZF-BR,S-ZO-BR,S-ZE-BR,S-ZF-BR,B-ZG-BR,S-ZE-BR,B-ZC-UN,B-ZF-BR,B-ZE-BR,B-ZE-BO,B-ZE-BR,B-ZO-BR,S-ZD-BO,S-ZE-BO,S-ZF-BR,S-ZD-BO,S-ZO-UN,B-ZG-BR,S-ZG-UN
229,2018.10.11 00:00,NZDUSD,60,86400,BUY,ZE,1,0.64693,0.64258,435.0,0.64954,0.64526,428.0,98.391,61.61,167.0,102.7,0.64693,0.64526,0.65121,BOUNCE,2018.10.11 16:00,1,2018.10.26 08:00,0,,0,,1,2w 0d,NewYork,NA,,NA,,0.64091,UNTOUCHED,,0,,0,,0,,0,NA,Other,NA,,NA,,0.64860,BREAK,2018.10.11 13:00,0,,0,,0,,0,NA,NewYork,BREAK,2018.10.11 17:00,BREAK,2018.10.11 23:00,0.64359,UNTOUCHED,,0,,0,,0,,0,NA,Other,NA,,NA,,B-ZH-BR,S-ZB-BR,S-ZF-BR,S-ZO-BR,S-ZE-BR,S-ZF-BR,B-ZG-BR,S-ZE-BR,B-ZC-UN,B-ZF-BR,B-ZE-BR,B-ZO-BR,S-ZD-BO,S-ZE-BO,S-ZF-BR,S-ZD-BO,S-ZO-UN,B-ZG-BR,S-ZG-UN,B-ZF-BR
230,2018.10.13 00:00,NZDUSD,60,86400,BUY,ZE,1,0.65302,0.64406,896.0,0.65318,0.64984,334.0,37.277,64.51,318.0,211.5,0.65302,0.64984,0.65636,BREAK,2018.10.16 01:00,0,,0,,0,,0,NA,Asia,BOUNCE,2018.10.17 14:00,NA,,0.64088,UNTOUCHED,,0,,0,,0,,0,NA,Other,NA,,NA,,0.65620,BREAK,2018.10.16 01:00,0,,0,,0,,0,NA,Asia,BOUNCE,2018.10.17 15:00,NA,,0.64666,BOUNCE,2018.10.26 10:00,1,2018.10.30 17:00,1,2018.10.30 17:00,0,,2,4d 7h,London,NA,,NA,,B-ZE-BO,B-ZH-BR,S-ZB-BR,S-ZF-BR,S-ZO-BR,S-ZE-BR,S-ZF-BR,B-ZG-BR,S-ZE-BR,B-ZC-UN,B-ZO-BR,S-ZD-BO,S-ZE-BO,S-ZF-BR,S-ZD-BO,S-ZO-UN,B-ZG-BR,S-ZG-UN,B-ZF-BR,B-ZC-BR
231,2018.10.18 00:00,NZDUSD,60,86400,BUY,ZO,0,0.65954,0.65388,566.0,0.66000,0.65483,517.0,91.343,16.78,471.0,133.6,0.65954,0.65483,0.66471,BREAK,2018.11.01 18:00,0,,0,,0,,0,NA,NewYork,BREAK,2018.11.07 01:00,BREAK,2018.11.07 04:00,0.64917,BREAK,2018.10.26 08:00,0,,0,,0,,0,NA,London,UNTOUCHED,,NA,,0.66425,BREAK,2018.11.01 18:00,0,,0,,0,,0,NA,NewYork,BREAK,2018.11.07 01:00,BREAK,2018.11.07 04:00,0.65012,BREAK,2018.10.25 04:00,0,,0,,0,,0,NA,Asia,UNTOUCHED,,NA,,B-ZE-BR,B-ZE-BO,B-ZH-BR,S-ZB-BR,S-ZF-BR,S-ZO-BR,S-ZE-BR,S-ZF-BR,B-ZG-BR,S-ZE-BR,S-ZD-BO,S-ZE-BO,S-ZF-BR,S-ZD-BO,S-ZO-UN,B-ZG-BR,S-ZG-UN,B-ZF-BR,B-ZC-BR,B-ZB-BO
232,2018.10.19 00:00,NZDUSD,60,86400,SELL,ZD,1,0.66000,0.65483,517.0,0.65764,0.65327,437.0,84.526,45.65,281.0,122.0,0.65764,0.65483,0.65046,BOUNCE,2018.10.25 04:00,1,2018.10.30 17:00,1,2018.11.01 12:00,1,2018.11.01 16:00,3,1w 0d,Asia,NA,,NA,,0.66281,BREAK,2018.11.01 16:00,0,,0,,0,,0,NA,NewYork,BREAK,2018.11.02 08:00,BOUNCE,2018.11.02 16:00,0.65202,BREAK,2018.10.24 20:00,0,,0,,0,,0,NA,NewYork,BREAK,2018.10.26 08:00,BOUNCE,2018.10.26 19:00,0.66045,BOUNCE,2018.10.19 17:00,1,2018.10.24 20:00,1,2018.10.24 20:00,0,,2,5d 3h,NewYork,NA,,NA,,B-ZO-BR,B-ZE-BR,B-ZE-BO,B-ZH-BR,S-ZB-BR,S-ZF-BR,S-ZO-BR,S-ZE-BR,S-ZF-BR,B-ZG-BR,S-ZE-BO,S-ZF-BR,S-ZD-BO,S-ZO-UN,B-ZG-BR,S-ZG-UN,B-ZF-BR,B-ZC-BR,B-ZB-BO,B-ZE-BO
233,2018.10.24 00:00,NZDUSD,60,86400,SELL,ZE,1,0.66090,0.65421,669.0,0.65675,0.65334,341.0,50.972,62.03,254.0,157.9,0.65675,0.65421,0.65080,BOUNCE,2018.10.25 04:00,1,2018.10.30 17:00,1,2018.11.01 11:00,1,2018.11.01 18:00,3,1w 0d,Asia,NA,,NA,,0.66344,BREAK,2018.11.01 18:00,0,,0,,0,,0,NA,NewYork,BREAK,2018.11.02 08:00,BOUNCE,2018.11.02 16:00,0.65167,BREAK,2018.10.24 22:00,0,,0,,0,,0,NA,Other,BREAK,2018.10.26 09:00,BOUNCE,2018.10.26 19:00,0.65929,BREAK,2018.11.01 11:00,0,,0,,0,,0,NA,London,BREAK,2018.11.01 18:00,BREAK,2018.11.01 23:00,S-ZD-BO,B-ZO-BR,B-ZE-BR,B-ZE-BO,B-ZH-BR,S-ZB-BR,S-ZF-BR,S-ZO-BR,S-ZE-BR,S-ZF-BR,S-ZF-BR,S-ZD-BO,S-ZO-UN,B-ZG-BR,S-ZG-UN,B-ZF-BR,B-ZC-BR,B-ZB-BO,B-ZE-BO,S-ZB-UN
234,2018.10.25 00:00,NZDUSD,60,86400,SELL,ZF,0,0.65675,0.65334,341.0,0.65659,0.65166,493.0,144.575,4.69,325.0,80.5,0.65659,0.65334,0.64841,BREAK,2018.10.26 08:00,0,,0,,0,,0,NA,London,UNTOUCHED,,NA,,0.66000,BREAK,2018.11.01 11:00,0,,0,,0,,0,NA,London,BREAK,2018.11.01 18:00,BREAK,2018.11.02 08:00,0.65009,BOUNCE,2018.10.25 04:00,1,2018.11.01 11:00,1,2018.11.01 11:00,0,,2,1w 0d,Asia,NA,,NA,,0.65984,BREAK,2018.11.01 11:00,0,,0,,0,,0,NA,London,BREAK,2018.11.01 18:00,BREAK,2018.11.02 08:00,S-ZE-BO,S-ZD-BO,B-ZO-BR,B-ZE-BR,B-ZE-BO,B-ZH-BR,S-ZB-BR,S-ZF-BR,S-ZO-BR,S-ZE-BR,S-ZD-BO,S-ZO-UN,B-ZG-BR,S-ZG-UN,B-ZF-BR,B-ZC-BR,B-ZB-BO,B-ZE-BO,S-ZB-UN,B-ZG-BR
235,2018.10.26 00:00,NZDUSD,60,86400,SELL,ZD,1,0.65659,0.65166,493.0,0.65431,0.65008,423.0,85.801,46.25,265.0,116.3,0.65431,0.65166,0.64743,BOUNCE,2018.10.26 09:00,1,2018.10.26 21:00,1,2018.10.30 17:00,1,2018.11.01 11:00,3,6d 2h,London,NA,,NA,,0.65924,BREAK,2018.11.01 11:00,0,,0,,0,,0,NA,London,BREAK,2018.11.01 18:00,BREAK,2018.11.01 21:00,0.64901,BREAK,2018.10.26 08:00,0,,0,,0,,0,NA,London,BOUNCE,2018.10.26 19:00,NA,,0.65696,BOUNCE,2018.10.30 17:00,0,,0,,0,,0,NA,NewYork,NA,,NA,,S-ZF-BR,S-ZE-BO,S-ZD-BO,B-ZO-BR,B-ZE-BR,B-ZE-BO,B-ZH-BR,S-ZB-BR,S-ZF-BR,S-ZO-BR,S-ZO-UN,B-ZG-BR,S-ZG-UN,B-ZF-BR,B-ZC-BR,B-ZB-BO,B-ZE-BO,S-ZB-UN,B-ZG-BR,B-ZB-BR
236,2018.10.27 00:00,NZDUSD,60,86400,SELL,ZO,1,0.65431,0.65008,423.0,0.65314,0.64634,680.0,160.757,27.66,306.0,99.8,0.65314,0.65008,0.64328,UNTOUCHED,,0,,0,,0,,0,NA,Other,NA,,NA,,0.65737,BREAK,2018.11.01 07:00,0,,0,,0,,0,NA,London,BREAK,2018.11.01 13:00,BREAK,2018.11.01 18:00,0.64702,UNTOUCHED,,0,,0,,0,,0,NA,Other,NA,,NA,,0.65620,BOUNCE,2018.10.30 17:00,0,,0,,0,,0,NA,NewYork,NA,,NA,,S-ZD-BO,S-ZF-BR,S-ZE-BO,S-ZD-BO,B-ZO-BR,B-ZE-BR,B-ZE-BO,B-ZH-BR,S-ZB-BR,S-ZF-BR,B-ZG-BR,S-ZG-UN,B-ZF-BR,B-ZC-BR,B-ZB-BO,B-ZE-BO,S-ZB-UN,B-ZG-BR,B-ZB-BR,B-ZD-BO
237,2018.10.31 00:00,NZDUSD,60,86400,BUY,ZG,0,0.65540,0.65130,410.0,0.65715,0.65180,535.0,130.488,12.20,360.0,96.8,0.65540,0.65180,0.66075,BREAK,2018.11.01 12:00,0,,0,,0,,0,NA,London,BREAK,2018.11.01 21:00,BOUNCE,2018.11.02 20:00,0.64770,UNTOUCHED,,0,,0,,0,,0,NA,Other,NA,,NA,,0.65900,BREAK,2018.11.01 11:00,0,,0,,0,,0,NA,London,BREAK,2018.11.01 18:00,BREAK,2018.11.02 08:00,0.64820,UNTOUCHED,,0,,0,,0,,0,NA,Other,NA,,NA,,S-ZO-UN,S-ZD-BO,S-ZF-BR,S-ZE-BO,S-ZD-BO,B-ZO-BR,B-ZE-BR,B-ZE-BO,B-ZH-BR,S-ZB-BR,S-ZG-UN,B-ZF-BR,B-ZC-BR,B-ZB-BO,B-ZE-BO,S-ZB-UN,B-ZG-BR,B-ZB-BR,B-ZD-BO,B-ZH-BR
238,2018.11.01 00:00,NZDUSD,60,86400,SELL,ZG,0,0.65715,0.65180,535.0,0.65693,0.65116,577.0,107.850,4.11,513.0,126.3,0.65693,0.65180,0.64603,UNTOUCHED,,0,,0,,0,,0,NA,Other,NA,,NA,,0.66228,BREAK,2018.11.01 16:00,0,,0,,0,,0,NA,NewYork,BREAK,2018.11.02 09:00,BREAK,2018.11.07 01:00,0.64667,UNTOUCHED,,0,,0,,0,,0,NA,Other,NA,,NA,,0.66206,BREAK,2018.11.01 16:00,0,,0,,0,,0,NA,NewYork,BREAK,2018.11.02 08:00,BREAK,2018.11.07 01:00,B-ZG-BR,S-ZO-UN,S-ZD-BO,S-ZF-BR,S-ZE-BO,S-ZD-BO,B-ZO-BR,B-ZE-BR,B-ZE-BO,B-ZH-BR,B-ZF-BR,B-ZC-BR,B-ZB-BO,B-ZE-BO,S-ZB-UN,B-ZG-BR,B-ZB-BR,B-ZD-BO,B-ZH-BR,S-ZF-BO
239,2018.11.02 00:00,NZDUSD,60,86400,BUY,ZF,1,0.65693,0.65116,577.0,0.66612,0.65124,1488.0,257.886,1.39,569.0,136.2,0.65693,0.65124,0.67181,BREAK,2018.11.07 01:00,0,,0,,0,,0,NA,Asia,BREAK,2018.11.07 20:00,BREAK,2018.11.16 18:00,0.64547,UNTOUCHED,,0,,0,,0,,0,NA,Other,NA,,NA,,0.66262,BREAK,2018.11.02 00:00,0,,0,,0,,0,NA,Asia,BOUNCE,2018.11.05 02:00,NA,,0.64555,UNTOUCHED,,0,,0,,0,,0,NA,Other,NA,,NA,,S-ZG-UN,B-ZG-BR,S-ZO-UN,S-ZD-BO,S-ZF-BR,S-ZE-BO,S-ZD-BO,B-ZO-BR,B-ZE-BR,B-ZE-BO,B-ZC-BR,B-ZB-BO,B-ZE-BO,S-ZB-UN,B-ZG-BR,B-ZB-BR,B-ZD-BO,B-ZH-BR,S-ZF-BO,S-ZO-BR
240,2018.11.07 00:00,NZDUSD,60,86400,BUY,ZC,1,0.66744,0.66225,519.0,0.66826,0.66444,382.0,73.603,42.20,300.0,122.5,0.66744,0.66444,0.67126,BREAK,2018.11.07 01:00,0,,0,,0,,0,NA,Asia,BREAK,2018.11.07 04:00,BREAK,2018.11.07 15:00,0.65925,UNTOUCHED,,0,,0,,0,,0,NA,Other,NA,,NA,,0.67044,BREAK,2018.11.07 01:00,0,,0,,0,,0,NA,Asia,BREAK,2018.11.07 04:00,BREAK,2018.11.07 08:00,0.66144,UNTOUCHED,,0,,0,,0,,0,NA,Other,NA,,NA,,B-ZF-BR,S-ZG-UN,B-ZG-BR,S-ZO-UN,S-ZD-BO,S-ZF-BR,S-ZE-BO,S-ZD-BO,B-ZO-BR,B-ZE-BR,B-ZB-BO,B-ZE-BO,S-ZB-UN,B-ZG-BR,B-ZB-BR,B-ZD-BO,B-ZH-BR,S-ZF-BO,S-ZO-BR,S-ZF-BO
241,2018.11.08 00:00,NZDUSD,60,86400,BUY,ZB,1,0.66826,0.66444,382.0,0.67919,0.66622,1297.0,339.529,46.60,204.0,90.2,0.66826,0.66622,0.68123,BOUNCE,2018.11.08 00:00,1,2018.11.08 04:00,0,,0,,1,4h,Asia,NA,,NA,,0.66240,UNTOUCHED,,0,,0,,0,,0,NA,Other,NA,,NA,,0.67030,BREAK,2018.11.08 00:00,0,,0,,0,,0,NA,Asia,BREAK,2018.11.08 01:00,BREAK,2018.11.08 02:00,0.66418,UNTOUCHED,,0,,0,,0,,0,NA,Other,NA,,NA,,B-ZC-BR,B-ZF-BR,S-ZG-UN,B-ZG-BR,S-ZO-UN,S-ZD-BO,S-ZF-BR,S-ZE-BO,S-ZD-BO,B-ZO-BR,B-ZE-BO,S-ZB-UN,B-ZG-BR,B-ZB-BR,B-ZD-BO,B-ZH-BR,S-ZF-BO,S-ZO-BR,S-ZF-BO,S-ZO-BR
242,2018.11.09 00:00,NZDUSD,60,86400,BUY,ZE,1,0.67919,0.66622,1297.0,0.68189,0.67397,792.0,61.064,59.75,522.0,306.1,0.67919,0.67397,0.68711,BOUNCE,2018.11.16 21:00,1,2018.11.23 17:00,0,,0,,1,6d 20h,Other,NA,,NA,,0.66100,UNTOUCHED,,0,,0,,0,,0,NA,Other,NA,,NA,,0.68441,BREAK,2018.11.16 18:00,0,,0,,0,,0,NA,NewYork,BREAK,2018.12.03 12:00,BOUNCE,2018.12.05 22:00,0.66875,UNTOUCHED,,0,,0,,0,,0,NA,Other,NA,,NA,,B-ZB-BO,B-ZC-BR,B-ZF-BR,S-ZG-UN,B-ZG-BR,S-ZO-UN,S-ZD-BO,S-ZF-BR,S-ZE-BO,S-ZD-BO,S-ZB-UN,B-ZG-BR,B-ZB-BR,B-ZD-BO,B-ZH-BR,S-ZF-BO,S-ZO-BR,S-ZF-BO,S-ZO-BR,B-ZB-BR
243,2018.11.10 00:00,NZDUSD,60,86400,SELL,ZB,1,0.68189,0.67397,792.0,0.67639,0.67260,379.0,47.854,69.44,242.0,186.9,0.67639,0.67397,0.67018,UNTOUCHED,,0,,0,,0,,0,NA,Other,NA,,NA,,0.68431,BREAK,2018.11.16 18:00,0,,0,,0,,0,NA,NewYork,BOUNCE,2018.11.19 09:00,NA,,0.67155,BOUNCE,2018.11.12 11:00,1,2018.11.14 11:00,1,2018.11.16 18:00,0,,2,4d 7h,London,NA,,NA,,0.67881,BREAK,2018.11.14 11:00,0,,0,,0,,0,NA,London,BREAK,2018.11.15 20:00,BOUNCE,2018.11.16 12:00,B-ZE-BO,B-ZB-BO,B-ZC-BR,B-ZF-BR,S-ZG-UN,B-ZG-BR,S-ZO-UN,S-ZD-BO,S-ZF-BR,S-ZE-BO,B-ZG-BR,B-ZB-BR,B-ZD-BO,B-ZH-BR,S-ZF-BO,S-ZO-BR,S-ZF-BO,S-ZO-BR,B-ZB-BR,B-ZG-BR
244,2018.11.14 00:00,NZDUSD,60,86400,BUY,ZG,0,0.67558,0.67041,517.0,0.67663,0.67059,604.0,116.828,3.48,499.0,122.0,0.67558,0.67059,0.68162,BREAK,2018.11.15 12:00,0,,0,,0,,0,NA,London,BREAK,2018.11.16 21:00,BREAK,2018.12.03 12:00,0.66542,UNTOUCHED,,0,,0,,0,,0,NA,Other,NA,,NA,,0.68057,BREAK,2018.11.15 00:00,0,,0,,0,,0,NA,Asia,BREAK,2018.11.16 21:00,BREAK,2018.12.03 11:00,0.66560,UNTOUCHED,,0,,0,,0,,0,NA,Other,NA,,NA,,S-ZB-UN,B-ZE-BO,B-ZB-BO,B-ZC-BR,B-ZF-BR,S-ZG-UN,B-ZG-BR,S-ZO-UN,S-ZD-BO,S-ZF-BR,B-ZB-BR,B-ZD-BO,B-ZH-BR,S-ZF-BO,S-ZO-BR,S-ZF-BO,S-ZO-BR,B-ZB-BR,B-ZG-BR,B-ZE-UN
245,2018.11.15 00:00,NZDUSD,60,86400,BUY,ZB,1,0.67663,0.67059,604.0,0.68055,0.67488,567.0,93.874,71.03,175.0,142.5,0.67663,0.67488,0.68230,BREAK,2018.11.15 18:00,0,,0,,0,,0,NA,NewYork,BREAK,2018.11.16 18:00,BREAK,2018.11.16 21:00,0.66884,UNTOUCHED,,0,,0,,0,,0,NA,Other,NA,,NA,,0.67838,BREAK,2018.11.15 00:00,0,,0,,0,,0,NA,Asia,BREAK,2018.11.15 12:00,BOUNCE,2018.11.15 14:00,0.67313,BOUNCE,2018.12.20 08:00,1,2018.12.20 14:00,1,2018.12.20 14:00,0,,2,6h,London,NA,,NA,,B-ZG-BR,S-ZB-UN,B-ZE-BO,B-ZB-BO,B-ZC-BR,B-ZF-BR,S-ZG-UN,B-ZG-BR,S-ZO-UN,S-ZD-BO,B-ZD-BO,B-ZH-BR,S-ZF-BO,S-ZO-BR,S-ZF-BO,S-ZO-BR,B-ZB-BR,B-ZG-BR,B-ZE-UN,S-ZB-BO
246,2018.11.16 00:00,NZDUSD,60,86400,BUY,ZD,1,0.68055,0.67488,567.0,0.68383,0.67857,526.0,92.769,65.08,198.0,133.8,0.68055,0.67857,0.68581,BOUNCE,2018.11.16 18:00,1,2018.11.19 16:00,1,2018.11.23 17:00,1,2018.12.20 09:00,3,4w 5d,NewYork,NA,,NA,,0.67290,BOUNCE,2018.12.20 09:00,1,2018.12.20 13:00,0,,0,,1,4h,London,NA,,NA,,0.68253,BREAK,2018.11.16 00:00,0,,0,,0,,0,NA,Asia,BREAK,2018.11.16 18:00,BREAK,2018.11.16 21:00,0.67659,BOUNCE,2018.11.23 17:00,1,2018.11.28 21:00,1,2018.11.28 21:00,0,,2,5d 4h,NewYork,NA,,NA,,B-ZB-BR,B-ZG-BR,S-ZB-UN,B-ZE-BO,B-ZB-BO,B-ZC-BR,B-ZF-BR,S-ZG-UN,B-ZG-BR,S-ZO-UN,B-ZH-BR,S-ZF-BO,S-ZO-BR,S-ZF-BO,S-ZO-BR,B-ZB-BR,B-ZG-BR,B-ZE-UN,S-ZB-BO,S-ZG-BR
247,2018.11.17 00:00,NZDUSD,60,86400,BUY,ZH,1,0.68383,0.67857,526.0,0.68800,0.67971,829.0,157.605,21.67,412.0,124.1,0.68383,0.67971,0.69212,BREAK,2018.12.03 11:00,0,,0,,0,,0,NA,London,BOUNCE,2018.12.04 21:00,NA,,0.67445,BREAK,2018.12.20 06:00,0,,0,,0,,0,NA,Asia,BREAK,2018.12.31 19:00,BREAK,2019.01.03 02:00,0.68795,BOUNCE,2018.11.17 00:00,1,2018.11.26 02:00,1,2018.12.20 06:00,0,,2,4w 5d,Asia,NA,,NA,,0.67559,BOUNCE,2018.11.26 02:00,1,2018.11.28 21:00,1,2018.11.28 21:00,0,,2,2d 19h,Asia,NA,,NA,,B-ZD-BO,B-ZB-BR,B-ZG-BR,S-ZB-UN,B-ZE-BO,B-ZB-BO,B-ZC-BR,B-ZF-BR,S-ZG-UN,B-ZG-BR,S-ZF-BO,S-ZO-BR,S-ZF-BO,S-ZO-BR,B-ZB-BR,B-ZG-BR,B-ZE-UN,S-ZB-BO,S-ZG-BR,B-ZG-UN
248,2018.11.21 00:00,NZDUSD,60,86400,SELL,ZF,0,0.68722,0.68149,573.0,0.68679,0.67866,813.0,141.885,7.50,530.0,135.2,0.68679,0.68149,0.67336,BOUNCE,2018.12.20 08:00,0,,0,,0,,0,NA,London,NA,,NA,,0.69252,BREAK,2018.12.03 12:00,0,,0,,0,,0,NA,London,UNTOUCHED,,NA,,0.67619,BOUNCE,2018.11.26 02:00,1,2018.12.03 11:00,1,2018.12.03 12:00,0,,2,1w 0d,Asia,NA,,NA,,0.69209,BREAK,2018.12.03 11:00,0,,0,,0,,0,NA,London,UNTOUCHED,,NA,,B-ZH-BR,B-ZD-BO,B-ZB-BR,B-ZG-BR,S-ZB-UN,B-ZE-BO,B-ZB-BO,B-ZC-BR,B-ZF-BR,S-ZG-UN,S-ZO-BR,S-ZF-BO,S-ZO-BR,B-ZB-BR,B-ZG-BR,B-ZE-UN,S-ZB-BO,S-ZG-BR,B-ZG-UN,S-ZF-BO
249,2018.11.22 00:00,NZDUSD,60,86400,SELL,ZO,0,0.68679,0.67866,813.0,0.68522,0.67800,722.0,88.807,19.31,656.0,191.9,0.68522,0.67866,0.67144,BREAK,2018.12.21 21:00,0,,0,,0,,0,NA,Other,BREAK,2019.01.03 02:00,UNTOUCHED,,0.69335,BREAK,2018.12.03 19:00,0,,0,,0,,0,NA,NewYork,UNTOUCHED,,NA,,0.67210,BREAK,2018.12.21 21:00,0,,0,,0,,0,NA,Other,BREAK,2019.01.03 02:00,BOUNCE,2019.01.03 18:00,0.69178,BREAK,2018.12.03 11:00,0,,0,,0,,0,NA,London,UNTOUCHED,,NA,,S-ZF-BO,B-ZH-BR,B-ZD-BO,B-ZB-BR,B-ZG-BR,S-ZB-UN,B-ZE-BO,B-ZB-BO,B-ZC-BR,B-ZF-BR,S-ZF-BO,S-ZO-BR,B-ZB-BR,B-ZG-BR,B-ZE-UN,S-ZB-BO,S-ZG-BR,B-ZG-UN,S-ZF-BO,S-ZF-BR
250,2018.11.24 00:00,NZDUSD,60,86400,SELL,ZF,0,0.68355,0.67874,481.0,0.68189,0.67657,532.0,110.603,34.51,315.0,113.5,0.68189,0.67874,0.67342,BOUNCE,2018.12.20 08:00,0,,0,,0,,0,NA,London,NA,,NA,,0.68670,BREAK,2018.11.28 21:00,0,,0,,0,,0,NA,Other,BREAK,2018.12.03 02:00,BREAK,2018.12.04 05:00,0.67559,BOUNCE,2018.11.26 02:00,1,2018.11.28 21:00,1,2018.11.28 21:00,0,,2,2d 19h,Asia,NA,,NA,,0.68504,BREAK,2018.11.28 21:00,0,,0,,0,,0,NA,Other,BOUNCE,2018.11.29 04:00,NA,,S-ZO-BR,S-ZF-BO,B-ZH-BR,B-ZD-BO,B-ZB-BR,B-ZG-BR,S-ZB-UN,B-ZE-BO,B-ZB-BO,B-ZC-BR,S-ZO-BR,B-ZB-BR,B-ZG-BR,B-ZE-UN,S-ZB-BO,S-ZG-BR,B-ZG-UN,S-ZF-BO,S-ZF-BR,B-ZB-UN
251,2018.11.28 00:00,NZDUSD,60,86400,SELL,ZO,0,0.68145,0.67535,610.0,0.68088,0.67521,567.0,92.951,9.34,553.0,144.0,0.68088,0.67535,0.66968,BREAK,2018.12.27 18:00,0,,0,,0,,0,NA,NewYork,BREAK,2019.01.03 02:00,UNTOUCHED,,0.68698,BOUNCE,2018.11.28 21:00,1,2018.12.20 05:00,1,2018.12.27 10:00,1,2018.12.27 18:00,3,4w 0d,Other,NA,,NA,,0.66982,BREAK,2018.12.27 10:00,0,,0,,0,,0,NA,London,BREAK,2019.01.03 02:00,UNTOUCHED,,0.68641,BREAK,2018.11.28 21:00,0,,0,,0,,0,NA,Other,BREAK,2018.12.03 19:00,UNTOUCHED,,S-ZF-BO,S-ZO-BR,S-ZF-BO,B-ZH-BR,B-ZD-BO,B-ZB-BR,B-ZG-BR,S-ZB-UN,B-ZE-BO,B-ZB-BO,B-ZB-BR,B-ZG-BR,B-ZE-UN,S-ZB-BO,S-ZG-BR,B-ZG-UN,S-ZF-BO,S-ZF-BR,B-ZB-UN,S-ZF-BR
252,2018.11.29 00:00,NZDUSD,60,86400,BUY,ZB,1,0.68088,0.67521,567.0,0.68855,0.67823,1032.0,182.011,53.26,265.0,133.8,0.68088,0.67823,0.69120,BREAK,2018.12.03 02:00,0,,0,,0,,0,NA,Asia,BREAK,2018.12.04 07:00,BOUNCE,2018.12.04 17:00,0.67256,BOUNCE,2018.12.20 09:00,1,2018.12.20 14:00,0,,0,,1,5h,London,NA,,NA,,0.68353,BREAK,2018.11.29 00:00,0,,0,,0,,0,NA,Asia,BREAK,2018.11.29 11:00,BREAK,2018.12.03 02:00,0.67558,BREAK,2018.12.20 06:00,0,,0,,0,,0,NA,Asia,BOUNCE,2018.12.20 13:00,NA,,S-ZO-BR,S-ZF-BO,S-ZO-BR,S-ZF-BO,B-ZH-BR,B-ZD-BO,B-ZB-BR,B-ZG-BR,S-ZB-UN,B-ZE-BO,B-ZG-BR,B-ZE-UN,S-ZB-BO,S-ZG-BR,B-ZG-UN,S-ZF-BO,S-ZF-BR,B-ZB-UN,S-ZF-BR,B-ZO-BR
253,2018.12.01 00:00,NZDUSD,60,86400,BUY,ZG,0,0.68826,0.68365,461.0,0.68846,0.68501,345.0,74.837,29.50,325.0,108.8,0.68826,0.68501,0.69171,BREAK,2018.12.03 11:00,0,,0,,0,,0,NA,London,BREAK,2018.12.04 10:00,UNTOUCHED,,0.68040,BOUNCE,2018.12.14 05:00,1,2018.12.18 12:00,0,,0,,1,4d 7h,Asia,NA,,NA,,0.69151,BREAK,2018.12.03 02:00,0,,0,,0,,0,NA,Asia,BREAK,2018.12.04 08:00,UNTOUCHED,,0.68176,BREAK,2018.12.14 05:00,0,,0,,0,,0,NA,Asia,BOUNCE,2018.12.18 04:00,NA,,B-ZB-BR,S-ZO-BR,S-ZF-BO,S-ZO-BR,S-ZF-BO,B-ZH-BR,B-ZD-BO,B-ZB-BR,B-ZG-BR,S-ZB-UN,B-ZE-UN,S-ZB-BO,S-ZG-BR,B-ZG-UN,S-ZF-BO,S-ZF-BR,B-ZB-UN,S-ZF-BR,B-ZO-BR,S-ZH-BR
254,2018.12.05 00:00,NZDUSD,60,86400,BUY,ZE,1,0.69387,0.68874,513.0,0.69681,0.69161,520.0,101.365,55.95,226.0,121.1,0.69387,0.69161,0.69907,UNTOUCHED,,0,,0,,0,,0,NA,Other,NA,,NA,,0.68648,BOUNCE,2018.12.06 07:00,0,,0,,0,,0,NA,London,NA,,NA,,0.69613,UNTOUCHED,,0,,0,,0,,0,NA,Other,NA,,NA,,0.68935,BREAK,2018.12.05 22:00,0,,0,,0,,0,NA,Other,BREAK,2018.12.06 07:00,BOUNCE,2018.12.10 05:00,B-ZG-BR,B-ZB-BR,S-ZO-BR,S-ZF-BO,S-ZO-BR,S-ZF-BO,B-ZH-BR,B-ZD-BO,B-ZB-BR,B-ZG-BR,S-ZB-BO,S-ZG-BR,B-ZG-UN,S-ZF-BO,S-ZF-BR,B-ZB-UN,S-ZF-BR,B-ZO-BR,S-ZH-BR,S-ZE-BR
255,2018.12.06 00:00,NZDUSD,60,86400,SELL,ZB,1,0.69681,0.69161,520.0,0.69427,0.68879,548.0,105.385,48.85,266.0,122.7,0.69427,0.69161,0.68613,BOUNCE,2018.12.06 07:00,0,,0,,0,,0,NA,London,NA,,NA,,0.69947,UNTOUCHED,,0,,0,,0,,0,NA,Other,NA,,NA,,0.68895,BREAK,2018.12.06 00:00,0,,0,,0,,0,NA,Asia,BOUNCE,2018.12.06 18:00,NA,,0.69693,UNTOUCHED,,0,,0,,0,,0,NA,Other,NA,,NA,,B-ZE-UN,B-ZG-BR,B-ZB-BR,S-ZO-BR,S-ZF-BO,S-ZO-BR,S-ZF-BO,B-ZH-BR,B-ZD-BO,B-ZB-BR,S-ZG-BR,B-ZG-UN,S-ZF-BO,S-ZF-BR,B-ZB-UN,S-ZF-BR,B-ZO-BR,S-ZH-BR,S-ZE-BR,S-ZO-UN
256,2018.12.08 00:00,NZDUSD,60,86400,SELL,ZG,0,0.69000,0.68548,452.0,0.68969,0.68448,521.0,115.265,6.86,421.0,106.7,0.68969,0.68548,0.68027,BREAK,2018.12.14 05:00,0,,0,,0,,0,NA,Asia,BREAK,2018.12.20 06:00,BREAK,2018.12.21 21:00,0.69421,UNTOUCHED,,0,,0,,0,,0,NA,Other,NA,,NA,,0.68127,BREAK,2018.12.14 05:00,0,,0,,0,,0,NA,Asia,BREAK,2018.12.20 05:00,BOUNCE,2018.12.20 13:00,0.69390,UNTOUCHED,,0,,0,,0,,0,NA,Other,NA,,NA,,S-ZB-BO,B-ZE-UN,B-ZG-BR,B-ZB-BR,S-ZO-BR,S-ZF-BO,S-ZO-BR,S-ZF-BO,B-ZH-BR,B-ZD-BO,B-ZG-UN,S-ZF-BO,S-ZF-BR,B-ZB-UN,S-ZF-BR,B-ZO-BR,S-ZH-BR,S-ZE-BR,S-ZO-UN,B-ZD-BR
257,2018.12.12 00:00,NZDUSD,60,86400,BUY,ZG,0,0.69032,0.68391,641.0,0.69100,0.68607,493.0,76.911,33.70,425.0,151.3,0.69032,0.68607,0.69525,UNTOUCHED,,0,,0,,0,,0,NA,Other,NA,,NA,,0.67966,BREAK,2018.12.14 06:00,0,,0,,0,,0,NA,Asia,BREAK,2018.12.20 07:00,BREAK,2018.12.27 18:00,0.69457,UNTOUCHED,,0,,0,,0,,0,NA,Other,NA,,NA,,0.68182,BREAK,2018.12.14 05:00,0,,0,,0,,0,NA,Asia,BREAK,2018.12.20 05:00,BOUNCE,2018.12.20 13:00,S-ZG-BR,S-ZB-BO,B-ZE-UN,B-ZG-BR,B-ZB-BR,S-ZO-BR,S-ZF-BO,S-ZO-BR,S-ZF-BO,B-ZH-BR,S-ZF-BO,S-ZF-BR,B-ZB-UN,S-ZF-BR,B-ZO-BR,S-ZH-BR,S-ZE-BR,S-ZO-UN,B-ZD-BR,S-ZF-UN
258,2018.12.13 00:00,NZDUSD,60,86400,SELL,ZF,1,0.69100,0.68607,493.0,0.68989,0.68230,759.0,153.955,22.52,382.0,116.3,0.68989,0.68607,0.67848,BOUNCE,2018.12.14 12:00,1,2018.12.18 11:00,0,,0,,1,3d 23h,London,NA,,NA,,0.69482,UNTOUCHED,,0,,0,,0,,0,NA,Other,NA,,NA,,0.68225,BREAK,2018.12.14 05:00,0,,0,,0,,0,NA,Asia,BOUNCE,2018.12.18 04:00,NA,,0.69371,UNTOUCHED,,0,,0,,0,,0,NA,Other,NA,,NA,,B-ZG-UN,S-ZG-BR,S-ZB-BO,B-ZE-UN,B-ZG-BR,B-ZB-BR,S-ZO-BR,S-ZF-BO,S-ZO-BR,S-ZF-BO,S-ZF-BR,B-ZB-UN,S-ZF-BR,B-ZO-BR,S-ZH-BR,S-ZE-BR,S-ZO-UN,B-ZD-BR,S-ZF-UN,B-ZF-BO
259,2018.12.15 00:00,NZDUSD,60,86400,SELL,ZF,1,0.68779,0.68405,374.0,0.68661,0.67775,886.0,236.898,31.55,256.0,88.3,0.68661,0.68405,0.67519,BREAK,2018.12.20 06:00,0,,0,,0,,0,NA,Asia,BOUNCE,2018.12.20 12:00,NA,,0.69035,UNTOUCHED,,0,,0,,0,,0,NA,Other,NA,,NA,,0.68149,BREAK,2018.12.15 00:00,0,,0,,0,,0,NA,Asia,BOUNCE,2018.12.17 13:00,NA,,0.68917,UNTOUCHED,,0,,0,,0,,0,NA,Other,NA,,NA,,S-ZF-BO,B-ZG-UN,S-ZG-BR,S-ZB-BO,B-ZE-UN,B-ZG-BR,B-ZB-BR,S-ZO-BR,S-ZF-BO,S-ZO-BR,B-ZB-UN,S-ZF-BR,B-ZO-BR,S-ZH-BR,S-ZE-BR,S-ZO-UN,B-ZD-BR,S-ZF-UN,B-ZF-BO,B-ZF-BR
260,2018.12.19 00:00,NZDUSD,60,86400,BUY,ZB,1,0.68162,0.67831,331.0,0.68784,0.67962,822.0,248.338,39.58,200.0,78.1,0.68162,0.67962,0.68984,UNTOUCHED,,0,,0,,0,,0,NA,Other,NA,,NA,,0.67631,BOUNCE,2018.12.20 01:00,1,2019.01.09 19:00,1,2019.01.11 13:00,0,,2,3w 1d,Asia,NA,,NA,,0.68362,BREAK,2018.12.19 00:00,0,,0,,0,,0,NA,Asia,BREAK,2018.12.19 06:00,UNTOUCHED,,0.67762,BREAK,2018.12.20 01:00,0,,0,,0,,0,NA,Asia,BOUNCE,2018.12.20 05:00,NA,,S-ZF-BR,S-ZF-BO,B-ZG-UN,S-ZG-BR,S-ZB-BO,B-ZE-UN,B-ZG-BR,B-ZB-BR,S-ZO-BR,S-ZF-BO,S-ZF-BR,B-ZO-BR,S-ZH-BR,S-ZE-BR,S-ZO-UN,B-ZD-BR,S-ZF-UN,B-ZF-BO,B-ZF-BR,S-ZH-BR
261,2018.12.22 00:00,NZDUSD,60,86400,SELL,ZF,0,0.68071,0.67232,839.0,0.67886,0.67044,842.0,100.358,22.05,654.0,198.0,0.67886,0.67232,0.66390,BREAK,2019.01.03 02:00,0,,0,,0,,0,NA,Asia,UNTOUCHED,,NA,,0.68725,BREAK,2019.01.30 23:00,0,,0,,0,,0,NA,Other,BOUNCE,2019.02.04 18:00,NA,,0.66578,BREAK,2019.01.02 21:00,0,,0,,0,,0,NA,Other,BOUNCE,2019.01.03 18:00,NA,,0.68540,BREAK,2019.01.28 05:00,0,,0,,0,,0,NA,Asia,BREAK,2019.02.01 17:00,UNTOUCHED,,B-ZB-UN,S-ZF-BR,S-ZF-BO,B-ZG-UN,S-ZG-BR,S-ZB-BO,B-ZE-UN,B-ZG-BR,B-ZB-BR,S-ZO-BR,B-ZO-BR,S-ZH-BR,S-ZE-BR,S-ZO-UN,B-ZD-BR,S-ZF-UN,B-ZF-BO,B-ZF-BR,S-ZH-BR,B-ZO-BR
262,2018.12.27 00:00,NZDUSD,60,86400,BUY,ZO,0,0.67427,0.67047,380.0,0.67446,0.67154,292.0,76.842,28.16,273.0,89.7,0.67427,0.67154,0.67719,BREAK,2019.01.09 15:00,0,,0,,0,,0,NA,NewYork,BREAK,2019.01.09 23:00,BREAK,2019.01.11 13:00,0.66774,BREAK,2019.01.02 17:00,0,,0,,0,,0,NA,NewYork,BREAK,2019.01.03 02:00,BREAK,2019.01.03 03:00,0.67700,BREAK,2019.01.09 15:00,0,,0,,0,,0,NA,NewYork,BREAK,2019.01.09 19:00,BREAK,2019.01.11 13:00,0.66881,BOUNCE,2019.01.02 08:00,1,2019.01.09 15:00,1,2019.01.09 15:00,0,,2,1w 0d,London,NA,,NA,,S-ZF-BR,B-ZB-UN,S-ZF-BR,S-ZF-BO,B-ZG-UN,S-ZG-BR,S-ZB-BO,B-ZE-UN,B-ZG-BR,B-ZB-BR,S-ZH-BR,S-ZE-BR,S-ZO-UN,B-ZD-BR,S-ZF-UN,B-ZF-BO,B-ZF-BR,S-ZH-BR,B-ZO-BR,S-ZF-BR
263,2018.12.28 00:00,NZDUSD,60,86400,SELL,ZH,1,0.67446,0.67154,292.0,0.67393,0.66934,459.0,157.192,18.15,239.0,68.9,0.67393,0.67154,0.66695,BREAK,2019.01.02 17:00,0,,0,,0,,0,NA,NewYork,BREAK,2019.01.03 02:00,BREAK,2019.01.03 03:00,0.67685,BREAK,2019.01.09 15:00,0,,0,,0,,0,NA,NewYork,BREAK,2019.01.09 19:00,BREAK,2019.01.11 08:00,0.66915,BOUNCE,2018.12.28 00:00,1,2019.01.07 17:00,1,2019.01.09 15:00,0,,2,1w 5d,Asia,NA,,NA,,0.67632,BOUNCE,2019.01.07 17:00,0,,0,,0,,0,NA,NewYork,NA,,NA,,B-ZO-BR,S-ZF-BR,B-ZB-UN,S-ZF-BR,S-ZF-BO,B-ZG-UN,S-ZG-BR,S-ZB-BO,B-ZE-UN,B-ZG-BR,S-ZE-BR,S-ZO-UN,B-ZD-BR,S-ZF-UN,B-ZF-BO,B-ZF-BR,S-ZH-BR,B-ZO-BR,S-ZF-BR,S-ZC-UN
264,2018.12.29 00:00,NZDUSD,60,86400,SELL,ZE,1,0.67393,0.66934,459.0,0.67186,0.66910,276.0,60.131,45.10,252.0,108.3,0.67186,0.66934,0.66658,BREAK,2019.01.02 17:00,0,,0,,0,,0,NA,NewYork,BREAK,2019.01.03 02:00,BREAK,2019.01.03 03:00,0.67645,BOUNCE,2019.01.07 17:00,1,2019.01.08 17:00,0,,0,,1,1d 0h,NewYork,NA,,NA,,0.66682,BREAK,2019.01.02 17:00,0,,0,,0,,0,NA,NewYork,BREAK,2019.01.03 02:00,BREAK,2019.01.03 03:00,0.67438,BREAK,2019.01.04 20:00,0,,0,,0,,0,NA,NewYork,BREAK,2019.01.09 17:00,BREAK,2019.01.09 19:00,S-ZH-BR,B-ZO-BR,S-ZF-BR,B-ZB-UN,S-ZF-BR,S-ZF-BO,B-ZG-UN,S-ZG-BR,S-ZB-BO,B-ZE-UN,S-ZO-UN,B-ZD-BR,S-ZF-UN,B-ZF-BO,B-ZF-BR,S-ZH-BR,B-ZO-BR,S-ZF-BR,S-ZC-UN,S-ZC-UN
265,2019.01.04 00:00,NZDUSD,60,86400,SELL,ZO,1,0.67200,0.66546,654.0,0.66982,0.65773,1209.0,184.862,33.33,436.0,154.3,0.66982,0.66546,0.65337,UNTOUCHED,,0,,0,,0,,0,NA,Other,NA,,NA,,0.67636,BOUNCE,2019.01.07 17:00,0,,0,,0,,0,NA,NewYork,NA,,NA,,0.66110,UNTOUCHED,,0,,0,,0,,0,NA,Other,NA,,NA,,0.67418,BREAK,2019.01.04 20:00,0,,0,,0,,0,NA,NewYork,BREAK,2019.01.09 19:00,BREAK,2019.01.15 09:00,S-ZE-BR,S-ZH-BR,B-ZO-BR,S-ZF-BR,B-ZB-UN,S-ZF-BR,S-ZF-BO,B-ZG-UN,S-ZG-BR,S-ZB-BO,B-ZD-BR,S-ZF-UN,B-ZF-BO,B-ZF-BR,S-ZH-BR,B-ZO-BR,S-ZF-BR,S-ZC-UN,S-ZC-UN,B-ZE-BR
266,2019.01.05 00:00,NZDUSD,60,86400,BUY,ZD,1,0.66982,0.65773,1209.0,0.67502,0.66690,812.0,67.163,75.85,292.0,285.3,0.66982,0.66690,0.67794,BREAK,2019.01.09 17:00,0,,0,,0,,0,NA,NewYork,BREAK,2019.01.11 13:00,BOUNCE,2019.01.11 18:00,0.65481,UNTOUCHED,,0,,0,,0,,0,NA,Other,NA,,NA,,0.67274,BREAK,2019.01.05 00:00,0,,0,,0,,0,NA,Asia,BOUNCE,2019.01.08 16:00,NA,,0.66398,UNTOUCHED,,0,,0,,0,,0,NA,Other,NA,,NA,,S-ZO-UN,S-ZE-BR,S-ZH-BR,B-ZO-BR,S-ZF-BR,B-ZB-UN,S-ZF-BR,S-ZF-BO,B-ZG-UN,S-ZG-BR,S-ZF-UN,B-ZF-BO,B-ZF-BR,S-ZH-BR,B-ZO-BR,S-ZF-BR,S-ZC-UN,S-ZC-UN,B-ZE-BR,S-ZH-BR
267,2019.01.09 00:00,NZDUSD,60,86400,SELL,ZF,0,0.67656,0.67244,412.0,0.67559,0.67058,501.0,121.602,23.54,315.0,97.2,0.67559,0.67244,0.66743,UNTOUCHED,,0,,0,,0,,0,NA,Other,NA,,NA,,0.67971,BREAK,2019.01.09 18:00,0,,0,,0,,0,NA,NewYork,BREAK,2019.01.11 13:00,BREAK,2019.01.28 09:00,0.66929,UNTOUCHED,,0,,0,,0,,0,NA,Other,NA,,NA,,0.67874,BREAK,2019.01.09 18:00,0,,0,,0,,0,NA,NewYork,BREAK,2019.01.11 11:00,BREAK,2019.01.28 07:00,B-ZD-BR,S-ZO-UN,S-ZE-BR,S-ZH-BR,B-ZO-BR,S-ZF-BR,B-ZB-UN,S-ZF-BR,S-ZF-BO,B-ZG-UN,B-ZF-BO,B-ZF-BR,S-ZH-BR,B-ZO-BR,S-ZF-BR,S-ZC-UN,S-ZC-UN,B-ZE-BR,S-ZH-BR,B-ZF-UN
268,2019.01.10 00:00,NZDUSD,60,86400,BUY,ZF,1,0.67559,0.67058,501.0,0.68089,0.67185,904.0,180.439,25.35,374.0,118.2,0.67559,0.67185,0.68463,BOUNCE,2019.01.15 10:00,1,2019.01.16 14:00,0,,0,,1,1d 4h,London,NA,,NA,,0.66684,UNTOUCHED,,0,,0,,0,,0,NA,Other,NA,,NA,,0.67933,BREAK,2019.01.10 00:00,0,,0,,0,,0,NA,Asia,BREAK,2019.01.15 09:00,BOUNCE,2019.01.28 20:00,0.66811,UNTOUCHED,,0,,0,,0,,0,NA,Other,NA,,NA,,S-ZF-UN,B-ZD-BR,S-ZO-UN,S-ZE-BR,S-ZH-BR,B-ZO-BR,S-ZF-BR,B-ZB-UN,S-ZF-BR,S-ZF-BO,B-ZF-BR,S-ZH-BR,B-ZO-BR,S-ZF-BR,S-ZC-UN,S-ZC-UN,B-ZE-BR,S-ZH-BR,B-ZF-UN,B-ZC-UN
269,2019.01.12 00:00,NZDUSD,60,86400,BUY,ZF,1,0.68058,0.67708,350.0,0.68423,0.67746,677.0,193.429,10.86,312.0,82.6,0.68058,0.67746,0.68735,BREAK,2019.01.30 23:00,0,,0,,0,,0,NA,Other,BREAK,2019.01.31 04:00,BOUNCE,2019.01.31 22:00,0.67396,BREAK,2019.01.17 11:00,0,,0,,0,,0,NA,London,BOUNCE,2019.01.23 01:00,NA,,0.68370,BREAK,2019.01.15 05:00,0,,0,,0,,0,NA,Asia,BOUNCE,2019.01.28 15:00,NA,,0.67434,BREAK,2019.01.17 08:00,0,,0,,0,,0,NA,London,BOUNCE,2019.01.23 01:00,NA,,B-ZF-BO,S-ZF-UN,B-ZD-BR,S-ZO-UN,S-ZE-BR,S-ZH-BR,B-ZO-BR,S-ZF-BR,B-ZB-UN,S-ZF-BR,S-ZH-BR,B-ZO-BR,S-ZF-BR,S-ZC-UN,S-ZC-UN,B-ZE-BR,S-ZH-BR,B-ZF-UN,B-ZC-UN,B-ZO-UN
270,2019.01.15 00:00,NZDUSD,60,86400,SELL,ZH,1,0.68333,0.68265,68.0,0.68310,0.67949,361.0,530.882,33.82,45.0,16.0,0.68310,0.68265,0.67904,BREAK,2019.01.16 13:00,0,,0,,0,,0,NA,NewYork,BREAK,2019.01.16 14:00,BREAK,2019.01.16 15:00,0.68378,BREAK,2019.01.15 05:00,0,,0,,0,,0,NA,Asia,BREAK,2019.01.15 09:00,BOUNCE,2019.01.15 11:00,0.68220,BREAK,2019.01.15 00:00,0,,0,,0,,0,NA,Asia,BREAK,2019.01.15 02:00,BREAK,2019.01.15 16:00,0.68355,BREAK,2019.01.15 05:00,0,,0,,0,,0,NA,Asia,BREAK,2019.01.15 09:00,BREAK,2019.01.15 10:00,B-ZF-BR,B-ZF-BO,S-ZF-UN,B-ZD-BR,S-ZO-UN,S-ZE-BR,S-ZH-BR,B-ZO-BR,S-ZF-BR,B-ZB-UN,B-ZO-BR,S-ZF-BR,S-ZC-UN,S-ZC-UN,B-ZE-BR,S-ZH-BR,B-ZF-UN,B-ZC-UN,B-ZO-UN,S-ZF-BR
271,2019.01.16 00:00,NZDUSD,60,86400,BUY,ZO,0,0.68310,0.67949,361.0,0.68472,0.67984,488.0,135.180,9.70,326.0,85.2,0.68310,0.67984,0.68798,BREAK,2019.01.30 23:00,0,,0,,0,,0,NA,Other,BREAK,2019.01.31 04:00,UNTOUCHED,,0.67623,BREAK,2019.01.16 15:00,0,,0,,0,,0,NA,NewYork,BOUNCE,2019.01.17 23:00,NA,,0.68636,BOUNCE,2019.01.28 07:00,1,2019.02.07 01:00,1,2019.02.07 02:00,0,,2,1w 2d,London,NA,,NA,,0.67658,BREAK,2019.01.16 15:00,0,,0,,0,,0,NA,NewYork,BOUNCE,2019.01.17 23:00,NA,,S-ZH-BR,B-ZF-BR,B-ZF-BO,S-ZF-UN,B-ZD-BR,S-ZO-UN,S-ZE-BR,S-ZH-BR,B-ZO-BR,S-ZF-BR,S-ZF-BR,S-ZC-UN,S-ZC-UN,B-ZE-BR,S-ZH-BR,B-ZF-UN,B-ZC-UN,B-ZO-UN,S-ZF-BR,S-ZE-UN
272,2019.01.17 00:00,NZDUSD,60,86400,SELL,ZF,1,0.68472,0.67984,488.0,0.68288,0.67537,751.0,153.893,37.70,304.0,115.2,0.68288,0.67984,0.67233,BREAK,2019.01.21 05:00,0,,0,,0,,0,NA,Asia,UNTOUCHED,,NA,,0.68776,BREAK,2019.01.30 23:00,0,,0,,0,,0,NA,Other,BREAK,2019.01.31 04:00,BOUNCE,2019.02.01 19:00,0.67680,BREAK,2019.01.17 04:00,0,,0,,0,,0,NA,Asia,BOUNCE,2019.01.17 23:00,NA,,0.68592,BREAK,2019.01.28 07:00,0,,0,,0,,0,NA,London,BREAK,2019.01.30 23:00,BREAK,2019.01.31 19:00,B-ZO-BR,S-ZH-BR,B-ZF-BR,B-ZF-BO,S-ZF-UN,B-ZD-BR,S-ZO-UN,S-ZE-BR,S-ZH-BR,B-ZO-BR,S-ZC-UN,S-ZC-UN,B-ZE-BR,S-ZH-BR,B-ZF-UN,B-ZC-UN,B-ZO-UN,S-ZF-BR,S-ZE-UN,S-ZE-UN
273,2019.01.18 00:00,NZDUSD,60,86400,SELL,ZC,1,0.68288,0.67537,751.0,0.67888,0.67262,626.0,83.356,53.26,351.0,177.2,0.67888,0.67537,0.66911,UNTOUCHED,,0,,0,,0,,0,NA,Other,NA,,NA,,0.68639,BOUNCE,2019.01.28 07:00,1,2019.02.07 01:00,1,2019.02.12 05:00,0,,2,2w 0d,London,NA,,NA,,0.67186,BOUNCE,2019.01.21 05:00,1,2019.01.25 18:00,1,2019.01.28 07:00,0,,2,1w 0d,Asia,NA,,NA,,0.68239,BREAK,2019.01.25 18:00,0,,0,,0,,0,NA,NewYork,BOUNCE,2019.01.29 02:00,NA,,S-ZF-BR,B-ZO-BR,S-ZH-BR,B-ZF-BR,B-ZF-BO,S-ZF-UN,B-ZD-BR,S-ZO-UN,S-ZE-BR,S-ZH-BR,S-ZC-UN,B-ZE-BR,S-ZH-BR,B-ZF-UN,B-ZC-UN,B-ZO-UN,S-ZF-BR,S-ZE-UN,S-ZE-UN,B-ZH-BR
274,2019.01.23 00:00,NZDUSD,60,86400,SELL,ZC,1,0.67478,0.67118,360.0,0.67326,0.67052,274.0,76.111,42.22,208.0,85.0,0.67326,0.67118,0.66844,UNTOUCHED,,0,,0,,0,,0,NA,Other,NA,,NA,,0.67686,BOUNCE,2019.01.23 04:00,1,2019.02.11 20:00,0,,0,,1,2w 5d,Asia,NA,,NA,,0.66910,UNTOUCHED,,0,,0,,0,,0,NA,Other,NA,,NA,,0.67534,BOUNCE,2019.01.23 01:00,0,,0,,0,,0,NA,Asia,NA,,NA,,S-ZC-UN,S-ZF-BR,B-ZO-BR,S-ZH-BR,B-ZF-BR,B-ZF-BO,S-ZF-UN,B-ZD-BR,S-ZO-UN,S-ZE-BR,B-ZE-BR,S-ZH-BR,B-ZF-UN,B-ZC-UN,B-ZO-UN,S-ZF-BR,S-ZE-UN,S-ZE-UN,B-ZH-BR,B-ZC-BO
275,2019.01.25 00:00,NZDUSD,60,86400,BUY,ZE,1,0.67968,0.67172,796.0,0.68049,0.67546,503.0,63.191,46.98,422.0,187.9,0.67968,0.67546,0.68471,BREAK,2019.01.25 23:00,0,,0,,0,,0,NA,Other,BREAK,2019.01.30 23:00,BOUNCE,2019.02.02 01:00,0.66750,UNTOUCHED,,0,,0,,0,,0,NA,Other,NA,,NA,,0.68390,BREAK,2019.01.25 21:00,0,,0,,0,,0,NA,Other,BREAK,2019.01.30 23:00,BOUNCE,2019.02.04 16:00,0.67124,UNTOUCHED,,0,,0,,0,,0,NA,Other,NA,,NA,,S-ZC-UN,S-ZC-UN,S-ZF-BR,B-ZO-BR,S-ZH-BR,B-ZF-BR,B-ZF-BO,S-ZF-UN,B-ZD-BR,S-ZO-UN,S-ZH-BR,B-ZF-UN,B-ZC-UN,B-ZO-UN,S-ZF-BR,S-ZE-UN,S-ZE-UN,B-ZH-BR,B-ZC-BO,B-ZF-BR
276,2019.01.30 00:00,NZDUSD,60,86400,SELL,ZH,0,0.68708,0.68255,453.0,0.68605,0.68140,465.0,102.649,22.74,350.0,106.9,0.68605,0.68255,0.67790,BREAK,2019.02.07 01:00,0,,0,,0,,0,NA,Asia,BREAK,2019.02.08 04:00,UNTOUCHED,,0.69058,BOUNCE,2019.01.30 23:00,1,2019.02.06 19:00,1,2019.02.07 01:00,1,2019.02.07 01:00,3,1w 0d,Other,NA,,NA,,0.67905,BREAK,2019.02.07 01:00,0,,0,,0,,0,NA,Asia,BREAK,2019.02.07 08:00,BOUNCE,2019.02.13 05:00,0.68955,BREAK,2019.01.30 23:00,0,,0,,0,,0,NA,Other,BOUNCE,2019.02.01 23:00,NA,,B-ZE-BR,S-ZC-UN,S-ZC-UN,S-ZF-BR,B-ZO-BR,S-ZH-BR,B-ZF-BR,B-ZF-BO,S-ZF-UN,B-ZD-BR,B-ZF-UN,B-ZC-UN,B-ZO-UN,S-ZF-BR,S-ZE-UN,S-ZE-UN,B-ZH-BR,B-ZC-BO,B-ZF-BR,S-ZO-BO
277,2019.01.31 00:00,NZDUSD,60,86400,BUY,ZF,1,0.68605,0.68140,465.0,0.69100,0.68193,907.0,195.054,11.40,412.0,109.7,0.68605,0.68193,0.69512,UNTOUCHED,,0,,0,,0,,0,NA,Other,NA,,NA,,0.67728,BOUNCE,2019.02.07 01:00,1,2019.02.15 16:00,0,,0,,1,1w 1d,Asia,NA,,NA,,0.69017,BREAK,2019.01.31 00:00,0,,0,,0,,0,NA,Asia,UNTOUCHED,,NA,,0.67781,BREAK,2019.02.07 01:00,0,,0,,0,,0,NA,Asia,BREAK,2019.02.11 21:00,UNTOUCHED,,S-ZH-BR,B-ZE-BR,S-ZC-UN,S-ZC-UN,S-ZF-BR,B-ZO-BR,S-ZH-BR,B-ZF-BR,B-ZF-BO,S-ZF-UN,B-ZC-UN,B-ZO-UN,S-ZF-BR,S-ZE-UN,S-ZE-UN,B-ZH-BR,B-ZC-BO,B-ZF-BR,S-ZO-BO,S-ZF-BR
278,2019.02.01 00:00,NZDUSD,60,86400,BUY,ZC,1,0.69100,0.68193,907.0,0.69373,0.68834,539.0,59.427,70.67,266.0,214.1,0.69100,0.68834,0.69639,UNTOUCHED,,0,,0,,0,,0,NA,Other,NA,,NA,,0.67927,BREAK,2019.02.07 01:00,0,,0,,0,,0,NA,Asia,BREAK,2019.02.07 08:00,BOUNCE,2019.02.11 04:00,0.69366,BOUNCE,2019.02.01 17:00,1,2019.02.06 10:00,1,2019.02.07 01:00,0,,2,5d 8h,NewYork,NA,,NA,,0.68568,BREAK,2019.02.06 10:00,0,,0,,0,,0,NA,London,BREAK,2019.02.07 01:00,BREAK,2019.02.07 02:00,B-ZF-UN,S-ZH-BR,B-ZE-BR,S-ZC-UN,S-ZC-UN,S-ZF-BR,B-ZO-BR,S-ZH-BR,B-ZF-BR,B-ZF-BO,B-ZO-UN,S-ZF-BR,S-ZE-UN,S-ZE-UN,B-ZH-BR,B-ZC-BO,B-ZF-BR,S-ZO-BO,S-ZF-BR,S-ZO-UN
279,2019.02.02 00:00,NZDUSD,60,86400,BUY,ZO,0,0.69373,0.68834,539.0,0.69403,0.68948,455.0,84.416,21.15,425.0,127.2,0.69373,0.68948,0.69828,UNTOUCHED,,0,,0,,0,,0,NA,Other,NA,,NA,,0.68409,BREAK,2019.02.06 19:00,0,,0,,0,,0,NA,NewYork,BREAK,2019.02.07 01:00,BREAK,2019.02.07 08:00,0.69798,UNTOUCHED,,0,,0,,0,,0,NA,Other,NA,,NA,,0.68523,BREAK,2019.02.06 11:00,0,,0,,0,,0,NA,London,BREAK,2019.02.07 01:00,BREAK,2019.02.07 05:00,B-ZC-UN,B-ZF-UN,S-ZH-BR,B-ZE-BR,S-ZC-UN,S-ZC-UN,S-ZF-BR,B-ZO-BR,S-ZH-BR,B-ZF-BR,S-ZF-BR,S-ZE-UN,S-ZE-UN,B-ZH-BR,B-ZC-BO,B-ZF-BR,S-ZO-BO,S-ZF-BR,S-ZO-UN,B-ZG-BO
280,2019.02.07 00:00,NZDUSD,60,86400,SELL,ZF,1,0.69044,0.68695,349.0,0.69035,0.68270,765.0,219.198,2.58,340.0,82.4,0.69035,0.68695,0.67930,BREAK,2019.02.07 01:00,0,,0,,0,,0,NA,Asia,BREAK,2019.02.07 06:00,BOUNCE,2019.02.13 05:00,0.69384,UNTOUCHED,,0,,0,,0,,0,NA,Other,NA,,NA,,0.68355,BREAK,2019.02.07 00:00,0,,0,,0,,0,NA,Asia,BREAK,2019.02.07 01:00,BREAK,2019.02.07 05:00,0.69375,UNTOUCHED,,0,,0,,0,,0,NA,Other,NA,,NA,,B-ZO-UN,B-ZC-UN,B-ZF-UN,S-ZH-BR,B-ZE-BR,S-ZC-UN,S-ZC-UN,S-ZF-BR,B-ZO-BR,S-ZH-BR,S-ZE-UN,S-ZE-UN,B-ZH-BR,B-ZC-BO,B-ZF-BR,S-ZO-BO,S-ZF-BR,S-ZO-UN,B-ZG-BO,S-ZF-BR
281,2019.02.09 00:00,NZDUSD,60,86400,SELL,ZE,1,0.68316,0.67427,889.0,0.67650,0.67280,370.0,41.620,74.92,223.0,209.8,0.67650,0.67427,0.67057,UNTOUCHED,,0,,0,,0,,0,NA,Other,NA,,NA,,0.68539,BOUNCE,2019.02.14 17:00,1,2019.02.15 05:00,0,,0,,1,12h,NewYork,NA,,NA,,0.67204,BOUNCE,2019.02.12 05:00,1,2019.02.13 05:00,1,2019.02.14 17:00,0,,2,2d 12h,Asia,NA,,NA,,0.67873,BREAK,2019.02.13 05:00,0,,0,,0,,0,NA,Asia,BREAK,2019.02.13 06:00,BOUNCE,2019.02.13 17:00,S-ZF-BR,B-ZO-UN,B-ZC-UN,B-ZF-UN,S-ZH-BR,B-ZE-BR,S-ZC-UN,S-ZC-UN,S-ZF-BR,B-ZO-BR,S-ZE-UN,B-ZH-BR,B-ZC-BO,B-ZF-BR,S-ZO-BO,S-ZF-BR,S-ZO-UN,B-ZG-BO,S-ZF-BR,S-ZD-BO
282,2019.02.13 00:00,NZDUSD,60,86400,SELL,ZE,1,0.67718,0.67255,463.0,0.67425,0.67180,245.0,52.916,63.28,170.0,109.3,0.67425,0.67255,0.67010,UNTOUCHED,,0,,0,,0,,0,NA,Other,NA,,NA,,0.67888,BREAK,2019.02.13 05:00,0,,0,,0,,0,NA,Asia,BREAK,2019.02.13 06:00,BREAK,2019.02.13 07:00,0.67085,UNTOUCHED,,0,,0,,0,,0,NA,Other,NA,,NA,,0.67595,BREAK,2019.02.13 05:00,0,,0,,0,,0,NA,Asia,BREAK,2019.02.13 06:00,BREAK,2019.02.13 07:00,S-ZE-UN,S-ZF-BR,B-ZO-UN,B-ZC-UN,B-ZF-UN,S-ZH-BR,B-ZE-BR,S-ZC-UN,S-ZC-UN,S-ZF-BR,B-ZH-BR,B-ZC-BO,B-ZF-BR,S-ZO-BO,S-ZF-BR,S-ZO-UN,B-ZG-BO,S-ZF-BR,S-ZD-BO,B-ZD-BR
283,2019.02.14 00:00,NZDUSD,60,86400,BUY,ZH,1,0.67425,0.67180,245.0,0.68504,0.67231,1273.0,519.592,20.82,194.0,57.8,0.67425,0.67231,0.68698,BREAK,2019.02.15 22:00,0,,0,,0,,0,NA,Other,BOUNCE,2019.02.18 11:00,NA,,0.66986,UNTOUCHED,,0,,0,,0,,0,NA,Other,NA,,NA,,0.67619,BREAK,2019.02.14 00:00,0,,0,,0,,0,NA,Asia,BREAK,2019.02.14 01:00,BREAK,2019.02.14 04:00,0.67037,UNTOUCHED,,0,,0,,0,,0,NA,Other,NA,,NA,,S-ZE-UN,S-ZE-UN,S-ZF-BR,B-ZO-UN,B-ZC-UN,B-ZF-UN,S-ZH-BR,B-ZE-BR,S-ZC-UN,S-ZC-UN,B-ZC-BO,B-ZF-BR,S-ZO-BO,S-ZF-BR,S-ZO-UN,B-ZG-BO,S-ZF-BR,S-ZD-BO,B-ZD-BR,S-ZG-BR
284,2019.02.15 00:00,NZDUSD,60,86400,BUY,ZC,1,0.68504,0.67231,1273.0,0.68544,0.67887,657.0,51.610,51.53,617.0,300.4,0.68504,0.67887,0.69161,BOUNCE,2019.03.21 01:00,1,2019.03.27 12:00,0,,0,,1,6d 11h,Asia,NA,,NA,,0.66614,UNTOUCHED,,0,,0,,0,,0,NA,Other,NA,,NA,,0.69121,BOUNCE,2019.03.20 22:00,0,,0,,0,,0,NA,Other,NA,,NA,,0.67270,UNTOUCHED,,0,,0,,0,,0,NA,Other,NA,,NA,,B-ZH-BR,S-ZE-UN,S-ZE-UN,S-ZF-BR,B-ZO-UN,B-ZC-UN,B-ZF-UN,S-ZH-BR,B-ZE-BR,S-ZC-UN,B-ZF-BR,S-ZO-BO,S-ZF-BR,S-ZO-UN,B-ZG-BO,S-ZF-BR,S-ZD-BO,B-ZD-BR,S-ZG-BR,S-ZC-BO
285,2019.02.16 00:00,NZDUSD,60,86400,BUY,ZF,0,0.68544,0.67887,657.0,0.68728,0.68078,650.0,98.935,29.07,466.0,155.1,0.68544,0.68078,0.69194,BREAK,2019.03.21 02:00,0,,0,,0,,0,NA,Asia,UNTOUCHED,,NA,,0.67421,UNTOUCHED,,0,,0,,0,,0,NA,Other,NA,,NA,,0.69010,BOUNCE,2019.02.26 23:00,1,2019.03.06 07:00,0,,0,,1,1w 0d,Other,NA,,NA,,0.67612,BOUNCE,2019.02.22 07:00,1,2019.02.26 23:00,1,2019.02.26 23:00,0,,2,4d 16h,London,NA,,NA,,B-ZC-BO,B-ZH-BR,S-ZE-UN,S-ZE-UN,S-ZF-BR,B-ZO-UN,B-ZC-UN,B-ZF-UN,S-ZH-BR,B-ZE-BR,S-ZO-BO,S-ZF-BR,S-ZO-UN,B-ZG-BO,S-ZF-BR,S-ZD-BO,B-ZD-BR,S-ZG-BR,S-ZC-BO,S-ZF-BR
286,2019.02.20 00:00,NZDUSD,60,86400,SELL,ZO,0,0.68918,0.68378,540.0,0.68870,0.68132,738.0,136.667,8.89,492.0,127.4,0.68870,0.68378,0.67640,BOUNCE,2019.02.22 07:00,1,2019.02.25 02:00,1,2019.03.21 06:00,0,,2,3w 5d,London,NA,,NA,,0.69410,UNTOUCHED,,0,,0,,0,,0,NA,Other,NA,,NA,,0.67886,BREAK,2019.02.22 07:00,0,,0,,0,,0,NA,London,BOUNCE,2019.04.03 13:00,NA,,0.69362,BOUNCE,2019.03.21 06:00,1,2019.03.27 16:00,1,2019.03.27 16:00,0,,2,6d 10h,Asia,NA,,NA,,B-ZF-BR,B-ZC-BO,B-ZH-BR,S-ZE-UN,S-ZE-UN,S-ZF-BR,B-ZO-UN,B-ZC-UN,B-ZF-UN,S-ZH-BR,S-ZF-BR,S-ZO-UN,B-ZG-BO,S-ZF-BR,S-ZD-BO,B-ZD-BR,S-ZG-BR,S-ZC-BO,S-ZF-BR,S-ZF-BR
287,2019.02.22 00:00,NZDUSD,60,86400,SELL,ZF,1,0.68840,0.68484,356.0,0.68754,0.67955,799.0,224.438,24.16,270.0,84.0,0.68754,0.68484,0.67685,BREAK,2019.02.22 07:00,0,,0,,0,,0,NA,London,BOUNCE,2019.04.03 05:00,NA,,0.69110,BOUNCE,2019.03.20 22:00,1,2019.03.21 20:00,1,2019.03.27 05:00,1,2019.04.02 11:00,3,1w 5d,Other,NA,,NA,,0.68214,BREAK,2019.02.22 00:00,0,,0,,0,,0,NA,Asia,BREAK,2019.02.22 07:00,BOUNCE,2019.02.22 11:00,0.69024,BREAK,2019.03.20 22:00,0,,0,,0,,0,NA,Other,BOUNCE,2019.03.21 14:00,NA,,S-ZO-BO,B-ZF-BR,B-ZC-BO,B-ZH-BR,S-ZE-UN,S-ZE-UN,S-ZF-BR,B-ZO-UN,B-ZC-UN,B-ZF-UN,S-ZO-UN,B-ZG-BO,S-ZF-BR,S-ZD-BO,B-ZD-BR,S-ZG-BR,S-ZC-BO,S-ZF-BR,S-ZF-BR,B-ZO-UN
288,2019.02.23 00:00,NZDUSD,60,86400,SELL,ZO,0,0.68754,0.67955,799.0,0.68522,0.67557,965.0,120.776,29.04,567.0,188.6,0.68522,0.67955,0.66990,UNTOUCHED,,0,,0,,0,,0,NA,Other,NA,,NA,,0.69321,BOUNCE,2019.03.21 04:00,1,2019.03.27 05:00,1,2019.04.02 19:00,0,,2,1w 5d,Asia,NA,,NA,,0.67388,BOUNCE,2019.04.02 19:00,0,,0,,0,,0,NA,NewYork,NA,,NA,,0.69089,BOUNCE,2019.03.20 22:00,1,2019.04.02 19:00,1,2019.04.02 19:00,0,,2,1w 5d,Other,NA,,NA,,S-ZF-BR,S-ZO-BO,B-ZF-BR,B-ZC-BO,B-ZH-BR,S-ZE-UN,S-ZE-UN,S-ZF-BR,B-ZO-UN,B-ZC-UN,B-ZG-BO,S-ZF-BR,S-ZD-BO,B-ZD-BR,S-ZG-BR,S-ZC-BO,S-ZF-BR,S-ZF-BR,B-ZO-UN,B-ZE-UN
289,2019.02.27 00:00,NZDUSD,60,86400,BUY,ZG,0,0.69005,0.68510,495.0,0.69016,0.68694,322.0,65.051,37.17,311.0,116.8,0.69005,0.68694,0.69327,BOUNCE,2019.03.21 06:00,1,2019.03.21 20:00,1,2019.03.27 05:00,1,2019.03.27 05:00,3,5d 23h,Asia,NA,,NA,,0.68199,BREAK,2019.02.28 17:00,0,,0,,0,,0,NA,NewYork,BREAK,2019.03.05 19:00,BOUNCE,2019.03.07 06:00,0.69316,BOUNCE,2019.03.21 04:00,1,2019.03.27 05:00,1,2019.03.27 05:00,0,,2,6d 1h,Asia,NA,,NA,,0.68383,BREAK,2019.02.27 19:00,0,,0,,0,,0,NA,NewYork,BREAK,2019.02.28 19:00,BREAK,2019.03.06 06:00,S-ZO-UN,S-ZF-BR,S-ZO-BO,B-ZF-BR,B-ZC-BO,B-ZH-BR,S-ZE-UN,S-ZE-UN,S-ZF-BR,B-ZO-UN,S-ZF-BR,S-ZD-BO,B-ZD-BR,S-ZG-BR,S-ZC-BO,S-ZF-BR,S-ZF-BR,B-ZO-UN,B-ZE-UN,S-ZF-BR
290,2019.02.28 00:00,NZDUSD,60,86400,SELL,ZF,1,0.69016,0.68694,322.0,0.69003,0.68332,671.0,208.385,4.04,309.0,76.0,0.69003,0.68694,0.68023,BREAK,2019.02.28 19:00,0,,0,,0,,0,NA,NewYork,BOUNCE,2019.03.06 01:00,NA,,0.69325,BOUNCE,2019.03.21 04:00,1,2019.03.21 20:00,1,2019.03.27 05:00,1,2019.03.27 06:00,3,6d 2h,Asia,NA,,NA,,0.68385,BREAK,2019.02.28 00:00,0,,0,,0,,0,NA,Asia,BREAK,2019.02.28 19:00,BREAK,2019.03.05 19:00,0.69312,BOUNCE,2019.03.21 04:00,1,2019.03.27 05:00,1,2019.03.27 05:00,0,,2,6d 1h,Asia,NA,,NA,,B-ZG-BO,S-ZO-UN,S-ZF-BR,S-ZO-BO,B-ZF-BR,B-ZC-BO,B-ZH-BR,S-ZE-UN,S-ZE-UN,S-ZF-BR,S-ZD-BO,B-ZD-BR,S-ZG-BR,S-ZC-BO,S-ZF-BR,S-ZF-BR,B-ZO-UN,B-ZE-UN,S-ZF-BR,S-ZD-BO
291,2019.03.01 00:00,NZDUSD,60,86400,SELL,ZD,1,0.69003,0.68332,671.0,0.68518,0.67945,573.0,85.395,72.28,186.0,158.4,0.68518,0.68332,0.67759,BOUNCE,2019.03.05 19:00,1,2019.03.11 11:00,1,2019.03.12 22:00,1,2019.03.21 02:00,3,2w 1d,NewYork,NA,,NA,,0.69189,BREAK,2019.03.21 02:00,0,,0,,0,,0,NA,Asia,UNTOUCHED,,NA,,0.68146,BOUNCE,2019.03.01 00:00,1,2019.03.12 22:00,1,2019.03.21 02:00,0,,2,2w 6d,Asia,NA,,NA,,0.68704,BOUNCE,2019.03.12 22:00,1,2019.03.14 14:00,1,2019.03.14 14:00,0,,2,1d 16h,Other,NA,,NA,,S-ZF-BR,B-ZG-BO,S-ZO-UN,S-ZF-BR,S-ZO-BO,B-ZF-BR,B-ZC-BO,B-ZH-BR,S-ZE-UN,S-ZE-UN,B-ZD-BR,S-ZG-BR,S-ZC-BO,S-ZF-BR,S-ZF-BR,B-ZO-UN,B-ZE-UN,S-ZF-BR,S-ZD-BO,S-ZO-BR
292,2019.03.05 00:00,NZDUSD,60,86400,BUY,ZD,1,0.67979,0.67924,55.0,0.68261,0.67946,315.0,572.727,40.00,33.0,13.0,0.67979,0.67946,0.68294,BREAK,2019.03.11 18:00,0,,0,,0,,0,NA,NewYork,BREAK,2019.03.11 23:00,BREAK,2019.03.12 02:00,0.67891,BREAK,2019.03.05 08:00,0,,0,,0,,0,NA,London,BREAK,2019.03.05 19:00,BREAK,2019.03.05 20:00,0.68012,BREAK,2019.03.05 00:00,0,,0,,0,,0,NA,Asia,BREAK,2019.03.05 01:00,BREAK,2019.03.05 02:00,0.67913,BREAK,2019.03.05 08:00,0,,0,,0,,0,NA,London,BREAK,2019.03.05 17:00,BREAK,2019.03.05 19:00,S-ZD-BO,S-ZF-BR,B-ZG-BO,S-ZO-UN,S-ZF-BR,S-ZO-BO,B-ZF-BR,B-ZC-BO,B-ZH-BR,S-ZE-UN,S-ZG-BR,S-ZC-BO,S-ZF-BR,S-ZF-BR,B-ZO-UN,B-ZE-UN,S-ZF-BR,S-ZD-BO,S-ZO-BR,B-ZO-UN
293,2019.03.06 00:00,NZDUSD,60,86400,SELL,ZG,1,0.68261,0.67946,315.0,0.68255,0.67671,584.0,185.397,1.90,309.0,74.3,0.68255,0.67946,0.67362,BREAK,2019.04.05 12:00,0,,0,,0,,0,NA,London,BREAK,2019.04.17 02:00,BREAK,2019.04.23 09:00,0.68570,BREAK,2019.03.12 16:00,0,,0,,0,,0,NA,NewYork,BREAK,2019.03.20 22:00,BREAK,2019.03.21 04:00,0.67637,BREAK,2019.03.06 06:00,0,,0,,0,,0,NA,Asia,BREAK,2019.04.05 16:00,BREAK,2019.04.17 02:00,0.68564,BREAK,2019.03.12 16:00,0,,0,,0,,0,NA,NewYork,BREAK,2019.03.20 22:00,BREAK,2019.03.21 04:00,B-ZD-BR,S-ZD-BO,S-ZF-BR,B-ZG-BO,S-ZO-UN,S-ZF-BR,S-ZO-BO,B-ZF-BR,B-ZC-BO,B-ZH-BR,S-ZC-BO,S-ZF-BR,S-ZF-BR,B-ZO-UN,B-ZE-UN,S-ZF-BR,S-ZD-BO,S-ZO-BR,B-ZO-UN,S-ZB-BR
294,2019.03.07 00:00,NZDUSD,60,86400,SELL,ZC,1,0.68255,0.67671,584.0,0.68023,0.67515,508.0,86.986,39.73,352.0,137.8,0.68023,0.67671,0.67163,BOUNCE,2019.04.12 04:00,0,,0,,0,,0,NA,Asia,NA,,NA,,0.68607,BOUNCE,2019.03.12 16:00,1,2019.03.27 16:00,1,2019.04.05 16:00,1,2019.04.12 04:00,3,4w 2d,NewYork,NA,,NA,,0.67319,BREAK,2019.04.05 16:00,0,,0,,0,,0,NA,NewYork,BREAK,2019.04.17 02:00,BREAK,2019.04.23 17:00,0.68375,BREAK,2019.03.12 02:00,0,,0,,0,,0,NA,Asia,BOUNCE,2019.03.20 04:00,NA,,S-ZG-BR,B-ZD-BR,S-ZD-BO,S-ZF-BR,B-ZG-BO,S-ZO-UN,S-ZF-BR,S-ZO-BO,B-ZF-BR,B-ZC-BO,S-ZF-BR,S-ZF-BR,B-ZO-UN,B-ZE-UN,S-ZF-BR,S-ZD-BO,S-ZO-BR,B-ZO-UN,S-ZB-BR,B-ZE-BO
295,2019.03.08 00:00,NZDUSD,60,86400,SELL,ZF,0,0.68023,0.67515,508.0,0.67912,0.67459,453.0,89.173,21.85,397.0,119.9,0.67912,0.67515,0.67062,BREAK,2019.04.17 02:00,0,,0,,0,,0,NA,Asia,BREAK,2019.04.23 16:00,BREAK,2019.04.24 07:00,0.68420,BREAK,2019.03.12 06:00,0,,0,,0,,0,NA,Asia,BREAK,2019.03.20 22:00,BREAK,2019.03.21 06:00,0.67118,BREAK,2019.04.17 02:00,0,,0,,0,,0,NA,Asia,BREAK,2019.04.23 10:00,BREAK,2019.04.24 05:00,0.68309,BREAK,2019.03.11 18:00,0,,0,,0,,0,NA,NewYork,BOUNCE,2019.03.13 11:00,NA,,S-ZC-BO,S-ZG-BR,B-ZD-BR,S-ZD-BO,S-ZF-BR,B-ZG-BO,S-ZO-UN,S-ZF-BR,S-ZO-BO,B-ZF-BR,S-ZF-BR,B-ZO-UN,B-ZE-UN,S-ZF-BR,S-ZD-BO,S-ZO-BR,B-ZO-UN,S-ZB-BR,B-ZE-BO,B-ZH-UN
296,2019.03.15 00:00,NZDUSD,60,86400,SELL,ZF,0,0.68641,0.68275,366.0,0.68637,0.68070,567.0,154.918,1.09,362.0,86.4,0.68637,0.68275,0.67708,BREAK,2019.04.02 07:00,0,,0,,0,,0,NA,London,BREAK,2019.04.05 16:00,BREAK,2019.04.17 02:00,0.69003,BREAK,2019.03.20 22:00,0,,0,,0,,0,NA,Other,BOUNCE,2019.03.21 14:00,NA,,0.67913,BREAK,2019.03.27 16:00,0,,0,,0,,0,NA,NewYork,BREAK,2019.04.02 18:00,BOUNCE,2019.04.09 12:00,0.68999,BREAK,2019.03.20 22:00,0,,0,,0,,0,NA,Other,BOUNCE,2019.03.21 14:00,NA,,S-ZF-BR,S-ZC-BO,S-ZG-BR,B-ZD-BR,S-ZD-BO,S-ZF-BR,B-ZG-BO,S-ZO-UN,S-ZF-BR,S-ZO-BO,B-ZO-UN,B-ZE-UN,S-ZF-BR,S-ZD-BO,S-ZO-BR,B-ZO-UN,S-ZB-BR,B-ZE-BO,B-ZH-UN,S-ZF-BR
297,2019.03.22 00:00,NZDUSD,60,86400,BUY,ZO,0,0.69161,0.68262,899.0,0.69369,0.68555,814.0,90.545,32.59,606.0,212.2,0.69161,0.68555,0.69975,UNTOUCHED,,0,,0,,0,,0,NA,Other,NA,,NA,,0.67656,BREAK,2019.04.02 12:00,0,,0,,0,,0,NA,London,BREAK,2019.04.17 02:00,BREAK,2019.04.24 05:00,0.69767,UNTOUCHED,,0,,0,,0,,0,NA,Other,NA,,NA,,0.67949,BREAK,2019.03.27 06:00,0,,0,,0,,0,NA,Asia,BREAK,2019.04.12 04:00,BOUNCE,2019.04.17 02:00,S-ZF-BR,S-ZF-BR,S-ZC-BO,S-ZG-BR,B-ZD-BR,S-ZD-BO,S-ZF-BR,B-ZG-BO,S-ZO-UN,S-ZF-BR,B-ZE-UN,S-ZF-BR,S-ZD-BO,S-ZO-BR,B-ZO-UN,S-ZB-BR,B-ZE-BO,B-ZH-UN,S-ZF-BR,S-ZE-BR
298,2019.03.27 00:00,NZDUSD,60,86400,BUY,ZE,1,0.69173,0.68706,467.0,0.69230,0.68929,301.0,64.454,47.75,244.0,110.2,0.69173,0.68929,0.69474,UNTOUCHED,,0,,0,,0,,0,NA,Other,NA,,NA,,0.68462,BREAK,2019.03.27 05:00,0,,0,,0,,0,NA,Asia,BREAK,2019.03.27 06:00,BREAK,2019.03.27 20:00,0.69417,UNTOUCHED,,0,,0,,0,,0,NA,Other,NA,,NA,,0.68685,BREAK,2019.03.27 05:00,0,,0,,0,,0,NA,Asia,BREAK,2019.03.27 06:00,BREAK,2019.03.27 07:00,B-ZO-UN,S-ZF-BR,S-ZF-BR,S-ZC-BO,S-ZG-BR,B-ZD-BR,S-ZD-BO,S-ZF-BR,B-ZG-BO,S-ZO-UN,S-ZF-BR,S-ZD-BO,S-ZO-BR,B-ZO-UN,S-ZB-BR,B-ZE-BO,B-ZH-UN,S-ZF-BR,S-ZE-BR,S-ZH-BR
299,2019.03.28 00:00,NZDUSD,60,86400,SELL,ZF,1,0.69230,0.68929,301.0,0.69127,0.67853,1274.0,423.256,34.22,198.0,71.0,0.69127,0.68929,0.67655,BREAK,2019.04.02 12:00,0,,0,,0,,0,NA,London,BREAK,2019.04.02 19:00,BOUNCE,2019.04.05 16:00,0.69428,UNTOUCHED,,0,,0,,0,,0,NA,Other,NA,,NA,,0.68731,BREAK,2019.03.28 00:00,0,,0,,0,,0,NA,Asia,BREAK,2019.03.28 01:00,BREAK,2019.03.28 02:00,0.69325,UNTOUCHED,,0,,0,,0,,0,NA,Other,NA,,NA,,B-ZE-UN,B-ZO-UN,S-ZF-BR,S-ZF-BR,S-ZC-BO,S-ZG-BR,B-ZD-BR,S-ZD-BO,S-ZF-BR,B-ZG-BO,S-ZD-BO,S-ZO-BR,B-ZO-UN,S-ZB-BR,B-ZE-BO,B-ZH-UN,S-ZF-BR,S-ZE-BR,S-ZH-BR,S-ZF-BO
300,2019.03.29 00:00,NZDUSD,60,86400,SELL,ZD,1,0.69127,0.67853,1274.0,0.68275,0.67782,493.0,38.697,66.88,422.0,300.7,0.68275,0.67853,0.67360,BOUNCE,2019.04.05 12:00,0,,0,,0,,0,NA,London,NA,,NA,,0.69549,UNTOUCHED,,0,,0,,0,,0,NA,Other,NA,,NA,,0.67431,BOUNCE,2019.04.02 18:00,0,,0,,0,,0,NA,NewYork,NA,,NA,,0.68697,UNTOUCHED,,0,,0,,0,,0,NA,Other,NA,,NA,,S-ZF-BR,B-ZE-UN,B-ZO-UN,S-ZF-BR,S-ZF-BR,S-ZC-BO,S-ZG-BR,B-ZD-BR,S-ZD-BO,S-ZF-BR,S-ZO-BR,B-ZO-UN,S-ZB-BR,B-ZE-BO,B-ZH-UN,S-ZF-BR,S-ZE-BR,S-ZH-BR,S-ZF-BO,S-ZB-BR
301,2019.03.30 00:00,NZDUSD,60,86400,SELL,ZO,0,0.68275,0.67782,493.0,0.68219,0.67724,495.0,100.406,11.36,437.0,116.3,0.68219,0.67782,0.67287,BREAK,2019.04.05 16:00,0,,0,,0,,0,NA,NewYork,BREAK,2019.04.17 02:00,BREAK,2019.04.23 18:00,0.68712,UNTOUCHED,,0,,0,,0,,0,NA,Other,NA,,NA,,0.67345,BREAK,2019.04.05 12:00,0,,0,,0,,0,NA,London,BREAK,2019.04.17 02:00,BREAK,2019.04.23 18:00,0.68656,UNTOUCHED,,0,,0,,0,,0,NA,Other,NA,,NA,,S-ZD-BO,S-ZF-BR,B-ZE-UN,B-ZO-UN,S-ZF-BR,S-ZF-BR,S-ZC-BO,S-ZG-BR,B-ZD-BR,S-ZD-BO,B-ZO-UN,S-ZB-BR,B-ZE-BO,B-ZH-UN,S-ZF-BR,S-ZE-BR,S-ZH-BR,S-ZF-BO,S-ZB-BR,S-ZO-BO
302,2019.04.02 00:00,NZDUSD,60,86400,BUY,ZO,1,0.68109,0.68003,106.0,0.68358,0.68022,336.0,316.981,17.92,87.0,25.0,0.68109,0.68022,0.68445,UNTOUCHED,,0,,0,,0,,0,NA,Other,NA,,NA,,0.67916,BREAK,2019.04.02 01:00,0,,0,,0,,0,NA,Asia,BREAK,2019.04.02 02:00,BREAK,2019.04.02 07:00,0.68196,UNTOUCHED,,0,,0,,0,,0,NA,Other,NA,,NA,,0.67935,BREAK,2019.04.02 01:00,0,,0,,0,,0,NA,Asia,BREAK,2019.04.02 02:00,BOUNCE,2019.04.02 05:00,S-ZO-BR,S-ZD-BO,S-ZF-BR,B-ZE-UN,B-ZO-UN,S-ZF-BR,S-ZF-BR,S-ZC-BO,S-ZG-BR,B-ZD-BR,S-ZB-BR,B-ZE-BO,B-ZH-UN,S-ZF-BR,S-ZE-BR,S-ZH-BR,S-ZF-BO,S-ZB-BR,S-ZO-BO,B-ZO-UN
303,2019.04.06 00:00,NZDUSD,60,86400,SELL,ZB,1,0.67981,0.67466,515.0,0.67638,0.67169,469.0,91.068,66.60,172.0,121.5,0.67638,0.67466,0.66997,BREAK,2019.04.17 02:00,0,,0,,0,,0,NA,Asia,BREAK,2019.04.23 04:00,BREAK,2019.04.23 16:00,0.68153,UNTOUCHED,,0,,0,,0,,0,NA,Other,NA,,NA,,0.67294,BOUNCE,2019.04.06 00:00,1,2019.04.15 06:00,0,,0,,1,1w 2d,Asia,NA,,NA,,0.67810,BOUNCE,2019.04.15 06:00,1,2019.04.17 02:00,1,2019.04.17 02:00,0,,2,1d 20h,Asia,NA,,NA,,B-ZO-UN,S-ZO-BR,S-ZD-BO,S-ZF-BR,B-ZE-UN,B-ZO-UN,S-ZF-BR,S-ZF-BR,S-ZC-BO,S-ZG-BR,B-ZE-BO,B-ZH-UN,S-ZF-BR,S-ZE-BR,S-ZH-BR,S-ZF-BO,S-ZB-BR,S-ZO-BO,B-ZO-UN,S-ZF-BR
304,2019.04.10 00:00,NZDUSD,60,86400,BUY,ZE,1,0.67521,0.67205,316.0,0.67569,0.67350,219.0,69.304,45.89,171.0,74.6,0.67521,0.67350,0.67740,BOUNCE,2019.04.12 18:00,1,2019.04.16 07:00,1,2019.04.17 02:00,1,2019.04.17 02:00,3,4d 8h,NewYork,NA,,NA,,0.67034,BREAK,2019.04.17 02:00,0,,0,,0,,0,NA,Asia,BREAK,2019.04.18 16:00,BREAK,2019.04.23 10:00,0.67692,BOUNCE,2019.04.10 21:00,1,2019.04.12 04:00,1,2019.04.17 02:00,0,,2,6d 5h,Other,NA,,NA,,0.67179,BOUNCE,2019.04.12 04:00,1,2019.04.12 18:00,1,2019.04.12 18:00,0,,2,14h,Asia,NA,,NA,,S-ZB-BR,B-ZO-UN,S-ZO-BR,S-ZD-BO,S-ZF-BR,B-ZE-UN,B-ZO-UN,S-ZF-BR,S-ZF-BR,S-ZC-BO,B-ZH-UN,S-ZF-BR,S-ZE-BR,S-ZH-BR,S-ZF-BO,S-ZB-BR,S-ZO-BO,B-ZO-UN,S-ZF-BR,S-ZE-BR
305,2019.04.11 00:00,NZDUSD,60,86400,BUY,ZH,1,0.67569,0.67350,219.0,0.67723,0.67364,359.0,163.927,6.39,205.0,51.7,0.67569,0.67364,0.67928,UNTOUCHED,,0,,0,,0,,0,NA,Other,NA,,NA,,0.67145,BOUNCE,2019.04.12 04:00,1,2019.04.12 16:00,1,2019.04.12 18:00,0,,2,14h,Asia,NA,,NA,,0.67774,BOUNCE,2019.04.12 18:00,1,2019.04.17 02:00,1,2019.04.17 02:00,0,,2,4d 8h,NewYork,NA,,NA,,0.67159,BOUNCE,2019.04.12 04:00,1,2019.04.12 18:00,1,2019.04.12 18:00,0,,2,14h,Asia,NA,,NA,,B-ZE-BO,S-ZB-BR,B-ZO-UN,S-ZO-BR,S-ZD-BO,S-ZF-BR,B-ZE-UN,B-ZO-UN,S-ZF-BR,S-ZF-BR,S-ZF-BR,S-ZE-BR,S-ZH-BR,S-ZF-BO,S-ZB-BR,S-ZO-BO,B-ZO-UN,S-ZF-BR,S-ZE-BR,S-ZB-BR
306,2019.04.12 00:00,NZDUSD,60,86400,SELL,ZF,0,0.67723,0.67364,359.0,0.67697,0.67212,485.0,135.097,7.24,333.0,84.7,0.67697,0.67364,0.66879,BREAK,2019.04.17 02:00,0,,0,,0,,0,NA,Asia,BREAK,2019.04.23 17:00,BREAK,2019.04.24 07:00,0.68056,UNTOUCHED,,0,,0,,0,,0,NA,Other,NA,,NA,,0.67031,BREAK,2019.04.17 02:00,0,,0,,0,,0,NA,Asia,BREAK,2019.04.23 10:00,BREAK,2019.04.23 18:00,0.68030,UNTOUCHED,,0,,0,,0,,0,NA,Other,NA,,NA,,B-ZH-UN,B-ZE-BO,S-ZB-BR,B-ZO-UN,S-ZO-BR,S-ZD-BO,S-ZF-BR,B-ZE-UN,B-ZO-UN,S-ZF-BR,S-ZE-BR,S-ZH-BR,S-ZF-BO,S-ZB-BR,S-ZO-BO,B-ZO-UN,S-ZF-BR,S-ZE-BR,S-ZB-BR,S-ZB-BR
307,2019.04.17 00:00,NZDUSD,60,86400,SELL,ZE,1,0.67812,0.67489,323.0,0.67679,0.67396,283.0,87.616,41.18,190.0,76.2,0.67679,0.67489,0.67206,BREAK,2019.04.17 02:00,0,,0,,0,,0,NA,Asia,BOUNCE,2019.04.17 06:00,NA,,0.68002,UNTOUCHED,,0,,0,,0,,0,NA,Other,NA,,NA,,0.67299,BREAK,2019.04.17 02:00,0,,0,,0,,0,NA,Asia,BREAK,2019.04.17 03:00,BREAK,2019.04.18 16:00,0.67869,UNTOUCHED,,0,,0,,0,,0,NA,Other,NA,,NA,,S-ZF-BR,B-ZH-UN,B-ZE-BO,S-ZB-BR,B-ZO-UN,S-ZO-BR,S-ZD-BO,S-ZF-BR,B-ZE-UN,B-ZO-UN,S-ZH-BR,S-ZF-BO,S-ZB-BR,S-ZO-BO,B-ZO-UN,S-ZF-BR,S-ZE-BR,S-ZB-BR,S-ZB-BR,S-ZD-BR
308,2019.04.23 00:00,NZDUSD,60,86400,SELL,ZH,1,0.66893,0.66810,83.0,0.66881,0.66713,168.0,202.410,14.46,71.0,19.6,0.66881,0.66810,0.66642,BREAK,2019.04.23 09:00,0,,0,,0,,0,NA,London,BREAK,2019.04.23 12:00,BREAK,2019.04.23 16:00,0.66964,UNTOUCHED,,0,,0,,0,,0,NA,Other,NA,,NA,,0.66739,BOUNCE,2019.04.23 00:00,0,,0,,0,,0,NA,Asia,NA,,NA,,0.66952,UNTOUCHED,,0,,0,,0,,0,NA,Other,NA,,NA,,S-ZE-BR,S-ZF-BR,B-ZH-UN,B-ZE-BO,S-ZB-BR,B-ZO-UN,S-ZO-BR,S-ZD-BO,S-ZF-BR,B-ZE-UN,S-ZF-BO,S-ZB-BR,S-ZO-BO,B-ZO-UN,S-ZF-BR,S-ZE-BR,S-ZB-BR,S-ZB-BR,S-ZD-BR,S-ZF-UN
309,2019.04.24 00:00,NZDUSD,60,86400,SELL,ZF,1,0.66881,0.66713,168.0,0.66836,0.66278,558.0,332.143,26.79,123.0,39.6,0.66836,0.66713,0.66155,BOUNCE,2019.04.24 07:00,1,2019.04.26 05:00,0,,0,,1,1d 22h,London,NA,,NA,,0.67004,UNTOUCHED,,0,,0,,0,,0,NA,Other,NA,,NA,,0.66590,BREAK,2019.04.24 00:00,0,,0,,0,,0,NA,Asia,BREAK,2019.04.24 05:00,BREAK,2019.04.24 06:00,0.66959,UNTOUCHED,,0,,0,,0,,0,NA,Other,NA,,NA,,S-ZH-BR,S-ZE-BR,S-ZF-BR,B-ZH-UN,B-ZE-BO,S-ZB-BR,B-ZO-UN,S-ZO-BR,S-ZD-BO,S-ZF-BR,S-ZB-BR,S-ZO-BO,B-ZO-UN,S-ZF-BR,S-ZE-BR,S-ZB-BR,S-ZB-BR,S-ZD-BR,S-ZF-UN,B-ZB-BR
310,2019.04.25 00:00,NZDUSD,60,86400,SELL,ZB,1,0.66836,0.66278,558.0,0.66572,0.65801,771.0,138.172,47.31,294.0,131.7,0.66572,0.66278,0.65507,BREAK,2019.05.08 06:00,0,,0,,0,,0,NA,Asia,BREAK,2019.05.21 09:00,BOUNCE,2019.05.23 20:00,0.67130,UNTOUCHED,,0,,0,,0,,0,NA,Other,NA,,NA,,0.65984,BREAK,2019.04.25 00:00,0,,0,,0,,0,NA,Asia,BREAK,2019.05.08 06:00,BREAK,2019.05.17 04:00,0.66866,UNTOUCHED,,0,,0,,0,,0,NA,Other,NA,,NA,,S-ZF-BO,S-ZH-BR,S-ZE-BR,S-ZF-BR,B-ZH-UN,B-ZE-BO,S-ZB-BR,B-ZO-UN,S-ZO-BR,S-ZD-BO,S-ZO-BO,B-ZO-UN,S-ZF-BR,S-ZE-BR,S-ZB-BR,S-ZB-BR,S-ZD-BR,S-ZF-UN,B-ZB-BR,S-ZG-BR
311,2019.04.26 00:00,NZDUSD,60,86400,SELL,ZO,0,0.66572,0.65801,771.0,0.66282,0.65788,494.0,64.073,37.61,481.0,182.0,0.66282,0.65801,0.65307,BOUNCE,2019.05.08 06:00,1,2019.06.05 05:00,0,,0,,1,3w 6d,Asia,NA,,NA,,0.67053,UNTOUCHED,,0,,0,,0,,0,NA,Other,NA,,NA,,0.65320,BOUNCE,2019.05.08 06:00,0,,0,,0,,0,NA,Asia,NA,,NA,,0.66763,BOUNCE,2019.04.26 18:00,1,2019.05.08 06:00,1,2019.05.08 06:00,0,,2,1w 4d,NewYork,NA,,NA,,S-ZB-BR,S-ZF-BO,S-ZH-BR,S-ZE-BR,S-ZF-BR,B-ZH-UN,B-ZE-BO,S-ZB-BR,B-ZO-UN,S-ZO-BR,B-ZO-UN,S-ZF-BR,S-ZE-BR,S-ZB-BR,S-ZB-BR,S-ZD-BR,S-ZF-UN,B-ZB-BR,S-ZG-BR,S-ZH-BO
312,2019.05.01 00:00,NZDUSD,60,86400,BUY,ZO,0,0.66792,0.66495,297.0,0.66834,0.66532,302.0,101.684,12.46,260.0,70.1,0.66792,0.66532,0.67094,UNTOUCHED,,0,,0,,0,,0,NA,Other,NA,,NA,,0.66235,BREAK,2019.05.01 22:00,0,,0,,0,,0,NA,Other,BOUNCE,2019.05.07 08:00,NA,,0.67052,UNTOUCHED,,0,,0,,0,,0,NA,Other,NA,,NA,,0.66272,BOUNCE,2019.05.01 02:00,0,,0,,0,,0,NA,Asia,NA,,NA,,S-ZO-BO,S-ZB-BR,S-ZF-BO,S-ZH-BR,S-ZE-BR,S-ZF-BR,B-ZH-UN,B-ZE-BO,S-ZB-BR,B-ZO-UN,S-ZF-BR,S-ZE-BR,S-ZB-BR,S-ZB-BR,S-ZD-BR,S-ZF-UN,B-ZB-BR,S-ZG-BR,S-ZH-BO,S-ZC-UN
313,2019.05.02 00:00,NZDUSD,60,86400,SELL,ZF,1,0.66834,0.66532,302.0,0.66808,0.66146,662.0,219.205,8.61,276.0,71.3,0.66808,0.66532,0.65870,BREAK,2019.05.07 20:00,0,,0,,0,,0,NA,NewYork,BREAK,2019.05.15 15:00,BREAK,2019.05.17 13:00,0.67110,UNTOUCHED,,0,,0,,0,,0,NA,Other,NA,,NA,,0.66256,BREAK,2019.05.02 00:00,0,,0,,0,,0,NA,Asia,BOUNCE,2019.05.07 08:00,NA,,0.67084,UNTOUCHED,,0,,0,,0,,0,NA,Other,NA,,NA,,B-ZO-UN,S-ZO-BO,S-ZB-BR,S-ZF-BO,S-ZH-BR,S-ZE-BR,S-ZF-BR,B-ZH-UN,B-ZE-BO,S-ZB-BR,S-ZE-BR,S-ZB-BR,S-ZB-BR,S-ZD-BR,S-ZF-UN,B-ZB-BR,S-ZG-BR,S-ZH-BO,S-ZC-UN,B-ZF-BR
314,2019.05.03 00:00,NZDUSD,60,86400,SELL,ZE,1,0.66808,0.66146,662.0,0.66378,0.66065,313.0,47.281,64.95,232.0,156.2,0.66378,0.66146,0.65833,BREAK,2019.05.08 06:00,0,,0,,0,,0,NA,Asia,BREAK,2019.05.16 10:00,BREAK,2019.05.17 17:00,0.67040,UNTOUCHED,,0,,0,,0,,0,NA,Other,NA,,NA,,0.65914,BOUNCE,2019.05.07 08:00,1,2019.06.05 16:00,0,,0,,1,4w 1d,London,NA,,NA,,0.66610,BOUNCE,2019.06.05 16:00,1,2019.06.11 09:00,1,2019.06.11 09:00,0,,2,5d 17h,NewYork,NA,,NA,,S-ZF-BR,B-ZO-UN,S-ZO-BO,S-ZB-BR,S-ZF-BO,S-ZH-BR,S-ZE-BR,S-ZF-BR,B-ZH-UN,B-ZE-BO,S-ZB-BR,S-ZB-BR,S-ZD-BR,S-ZF-UN,B-ZB-BR,S-ZG-BR,S-ZH-BO,S-ZC-UN,B-ZF-BR,B-ZB-BO
315,2019.05.09 00:00,NZDUSD,60,86400,SELL,ZB,1,0.66277,0.65866,411.0,0.66035,0.65243,792.0,192.701,58.88,169.0,97.0,0.66035,0.65866,0.65074,BREAK,2019.05.21 10:00,0,,0,,0,,0,NA,London,BREAK,2019.05.23 14:00,UNTOUCHED,,0.66446,BREAK,2019.06.05 10:00,0,,0,,0,,0,NA,London,BREAK,2019.06.07 18:00,BREAK,2019.06.26 19:00,0.65697,BOUNCE,2019.05.09 00:00,1,2019.06.05 05:00,1,2019.06.05 10:00,0,,2,3w 6d,Asia,NA,,NA,,0.66204,BREAK,2019.06.05 05:00,0,,0,,0,,0,NA,Asia,BREAK,2019.06.05 10:00,BREAK,2019.06.05 16:00,S-ZE-BR,S-ZF-BR,B-ZO-UN,S-ZO-BO,S-ZB-BR,S-ZF-BO,S-ZH-BR,S-ZE-BR,S-ZF-BR,B-ZH-UN,S-ZB-BR,S-ZD-BR,S-ZF-UN,B-ZB-BR,S-ZG-BR,S-ZH-BO,S-ZC-UN,B-ZF-BR,B-ZB-BO,B-ZC-BR
316,2019.05.16 00:00,NZDUSD,60,86400,SELL,ZB,1,0.65899,0.65627,272.0,0.65767,0.65491,276.0,101.471,48.53,140.0,64.2,0.65767,0.65627,0.65351,BREAK,2019.05.16 22:00,0,,0,,0,,0,NA,Other,BREAK,2019.05.17 22:00,BREAK,2019.05.21 15:00,0.66039,BREAK,2019.06.04 17:00,0,,0,,0,,0,NA,NewYork,BOUNCE,2019.06.05 01:00,NA,,0.65487,BOUNCE,2019.05.16 05:00,1,2019.06.03 21:00,1,2019.06.04 17:00,0,,2,2w 5d,Asia,NA,,NA,,0.65907,BOUNCE,2019.06.03 21:00,1,2019.06.14 04:00,1,2019.06.14 04:00,0,,2,1w 3d,Other,NA,,NA,,S-ZB-BR,S-ZE-BR,S-ZF-BR,B-ZO-UN,S-ZO-BO,S-ZB-BR,S-ZF-BO,S-ZH-BR,S-ZE-BR,S-ZF-BR,S-ZD-BR,S-ZF-UN,B-ZB-BR,S-ZG-BR,S-ZH-BO,S-ZC-UN,B-ZF-BR,B-ZB-BO,B-ZC-BR,B-ZF-BR
317,2019.05.18 00:00,NZDUSD,60,86400,SELL,ZD,1,0.65810,0.65305,505.0,0.65455,0.65135,320.0,63.366,70.30,150.0,119.2,0.65455,0.65305,0.64985,BREAK,2019.05.22 01:00,0,,0,,0,,0,NA,Asia,BOUNCE,2019.05.23 18:00,NA,,0.65960,BOUNCE,2019.06.03 22:00,1,2019.06.12 09:00,1,2019.06.14 16:00,1,2019.06.14 19:00,3,1w 3d,Other,NA,,NA,,0.65155,BOUNCE,2019.05.18 00:00,1,2019.06.03 14:00,1,2019.06.03 22:00,0,,2,2w 2d,Asia,NA,,NA,,0.65605,BREAK,2019.06.03 14:00,0,,0,,0,,0,NA,NewYork,BREAK,2019.06.03 21:00,BREAK,2019.06.03 23:00,S-ZB-BR,S-ZB-BR,S-ZE-BR,S-ZF-BR,B-ZO-UN,S-ZO-BO,S-ZB-BR,S-ZF-BO,S-ZH-BR,S-ZE-BR,S-ZF-UN,B-ZB-BR,S-ZG-BR,S-ZH-BO,S-ZC-UN,B-ZF-BR,B-ZB-BO,B-ZC-BR,B-ZF-BR,S-ZE-BR
318,2019.05.22 00:00,NZDUSD,60,86400,SELL,ZF,1,0.65449,0.65189,260.0,0.65416,0.64988,428.0,164.615,12.69,227.0,61.4,0.65416,0.65189,0.64761,UNTOUCHED,,0,,0,,0,,0,NA,Other,NA,,NA,,0.65676,BREAK,2019.06.03 16:00,0,,0,,0,,0,NA,NewYork,BREAK,2019.06.03 22:00,BREAK,2019.06.05 05:00,0.64962,BREAK,2019.05.22 08:00,0,,0,,0,,0,NA,London,UNTOUCHED,,NA,,0.65643,BREAK,2019.06.03 15:00,0,,0,,0,,0,NA,NewYork,BREAK,2019.06.03 21:00,BOUNCE,2019.06.04 17:00,S-ZD-BR,S-ZB-BR,S-ZB-BR,S-ZE-BR,S-ZF-BR,B-ZO-UN,S-ZO-BO,S-ZB-BR,S-ZF-BO,S-ZH-BR,B-ZB-BR,S-ZG-BR,S-ZH-BO,S-ZC-UN,B-ZF-BR,B-ZB-BO,B-ZC-BR,B-ZF-BR,S-ZE-BR,S-ZG-BR
319,2019.05.25 00:00,NZDUSD,60,86400,BUY,ZB,1,0.65247,0.64801,446.0,0.65541,0.65107,434.0,97.309,68.61,140.0,105.3,0.65247,0.65107,0.65681,BREAK,2019.06.03 16:00,0,,0,,0,,0,NA,NewYork,BREAK,2019.06.03 22:00,BOUNCE,2019.06.04 05:00,0.64661,UNTOUCHED,,0,,0,,0,,0,NA,Other,NA,,NA,,0.65387,BREAK,2019.05.25 00:00,0,,0,,0,,0,NA,Asia,BOUNCE,2019.05.27 21:00,NA,,0.64967,BOUNCE,2019.05.30 18:00,1,2019.05.31 21:00,1,2019.05.31 21:00,0,,2,1d 3h,NewYork,NA,,NA,,S-ZF-UN,S-ZD-BR,S-ZB-BR,S-ZB-BR,S-ZE-BR,S-ZF-BR,B-ZO-UN,S-ZO-BO,S-ZB-BR,S-ZF-BO,S-ZG-BR,S-ZH-BO,S-ZC-UN,B-ZF-BR,B-ZB-BO,B-ZC-BR,B-ZF-BR,S-ZE-BR,S-ZG-BR,S-ZB-UN
320,2019.05.29 00:00,NZDUSD,60,86400,SELL,ZG,0,0.65578,0.65386,192.0,0.65570,0.65383,187.0,97.396,4.17,184.0,45.3,0.65570,0.65386,0.65199,BREAK,2019.05.29 12:00,0,,0,,0,,0,NA,London,BREAK,2019.05.30 18:00,UNTOUCHED,,0.65762,BREAK,2019.06.03 18:00,0,,0,,0,,0,NA,NewYork,BREAK,2019.06.03 23:00,BREAK,2019.06.04 22:00,0.65202,BREAK,2019.05.29 12:00,0,,0,,0,,0,NA,London,BREAK,2019.05.30 18:00,UNTOUCHED,,0.65754,BREAK,2019.06.03 18:00,0,,0,,0,,0,NA,NewYork,BREAK,2019.06.03 23:00,BREAK,2019.06.04 22:00,B-ZB-BR,S-ZF-UN,S-ZD-BR,S-ZB-BR,S-ZB-BR,S-ZE-BR,S-ZF-BR,B-ZO-UN,S-ZO-BO,S-ZB-BR,S-ZH-BO,S-ZC-UN,B-ZF-BR,B-ZB-BO,B-ZC-BR,B-ZF-BR,S-ZE-BR,S-ZG-BR,S-ZB-UN,B-ZE-BR
321,2019.05.30 00:00,NZDUSD,60,86400,SELL,ZH,1,0.65570,0.65383,187.0,0.65508,0.65027,481.0,257.219,33.16,125.0,44.1,0.65508,0.65383,0.64902,BOUNCE,2019.06.14 21:00,1,2019.06.18 17:00,1,2019.06.20 04:00,1,2019.06.20 04:00,3,5d 7h,Other,NA,,NA,,0.65695,BREAK,2019.06.03 18:00,0,,0,,0,,0,NA,NewYork,BREAK,2019.06.03 21:00,BREAK,2019.06.03 23:00,0.65258,BREAK,2019.05.30 00:00,0,,0,,0,,0,NA,Asia,BREAK,2019.05.30 01:00,BREAK,2019.05.30 18:00,0.65633,BREAK,2019.06.03 14:00,0,,0,,0,,0,NA,NewYork,BOUNCE,2019.06.03 18:00,NA,,S-ZG-BR,B-ZB-BR,S-ZF-UN,S-ZD-BR,S-ZB-BR,S-ZB-BR,S-ZE-BR,S-ZF-BR,B-ZO-UN,S-ZO-BO,S-ZC-UN,B-ZF-BR,B-ZB-BO,B-ZC-BR,B-ZF-BR,S-ZE-BR,S-ZG-BR,S-ZB-UN,B-ZE-BR,B-ZE-BR
322,2019.05.31 00:00,NZDUSD,60,86400,SELL,ZC,1,0.65508,0.65027,481.0,0.65260,0.64934,326.0,67.775,51.56,233.0,113.5,0.65260,0.65027,0.64701,UNTOUCHED,,0,,0,,0,,0,NA,Other,NA,,NA,,0.65741,BREAK,2019.06.03 18:00,0,,0,,0,,0,NA,NewYork,BOUNCE,2019.06.04 13:00,NA,,0.64794,UNTOUCHED,,0,,0,,0,,0,NA,Other,NA,,NA,,0.65493,BREAK,2019.06.03 05:00,0,,0,,0,,0,NA,Asia,BREAK,2019.06.03 21:00,BREAK,2019.06.04 17:00,S-ZH-BO,S-ZG-BR,B-ZB-BR,S-ZF-UN,S-ZD-BR,S-ZB-BR,S-ZB-BR,S-ZE-BR,S-ZF-BR,B-ZO-UN,B-ZF-BR,B-ZB-BO,B-ZC-BR,B-ZF-BR,S-ZE-BR,S-ZG-BR,S-ZB-UN,B-ZE-BR,B-ZE-BR,B-ZB-BR
323,2019.06.01 00:00,NZDUSD,60,86400,BUY,ZF,1,0.65260,0.64934,326.0,0.65462,0.64960,502.0,153.988,7.98,300.0,76.9,0.65260,0.64960,0.65762,BREAK,2019.06.03 18:00,0,,0,,0,,0,NA,NewYork,BREAK,2019.06.04 22:00,BREAK,2019.06.05 10:00,0.64634,UNTOUCHED,,0,,0,,0,,0,NA,Other,NA,,NA,,0.65560,BREAK,2019.06.03 13:00,0,,0,,0,,0,NA,NewYork,BREAK,2019.06.03 21:00,BREAK,2019.06.05 05:00,0.64660,UNTOUCHED,,0,,0,,0,,0,NA,Other,NA,,NA,,S-ZC-UN,S-ZH-BO,S-ZG-BR,B-ZB-BR,S-ZF-UN,S-ZD-BR,S-ZB-BR,S-ZB-BR,S-ZE-BR,S-ZF-BR,B-ZB-BO,B-ZC-BR,B-ZF-BR,S-ZE-BR,S-ZG-BR,S-ZB-UN,B-ZE-BR,B-ZE-BR,B-ZB-BR,B-ZO-BR
324,2019.06.05 00:00,NZDUSD,60,86400,BUY,ZB,1,0.66028,0.65244,784.0,0.66179,0.65738,441.0,56.250,63.01,290.0,185.0,0.66028,0.65738,0.66469,BOUNCE,2019.06.05 10:00,1,2019.06.11 09:00,1,2019.06.14 04:00,1,2019.06.14 20:00,3,1w 2d,London,NA,,NA,,0.64954,BOUNCE,2019.06.14 20:00,1,2019.06.19 22:00,1,2019.06.25 04:00,1,2019.06.25 08:00,3,1w 3d,NewYork,NA,,NA,,0.66318,BREAK,2019.06.05 05:00,0,,0,,0,,0,NA,Asia,BOUNCE,2019.06.07 16:00,NA,,0.65448,BREAK,2019.06.14 04:00,0,,0,,0,,0,NA,Asia,BREAK,2019.06.14 19:00,BOUNCE,2019.06.18 17:00,B-ZF-BR,S-ZC-UN,S-ZH-BO,S-ZG-BR,B-ZB-BR,S-ZF-UN,S-ZD-BR,S-ZB-BR,S-ZB-BR,S-ZE-BR,B-ZC-BR,B-ZF-BR,S-ZE-BR,S-ZG-BR,S-ZB-UN,B-ZE-BR,B-ZE-BR,B-ZB-BR,B-ZO-BR,B-ZB-BR
325,2019.06.06 00:00,NZDUSD,60,86400,BUY,ZC,1,0.66179,0.65738,441.0,0.66650,0.66017,633.0,143.537,63.27,162.0,104.1,0.66179,0.66017,0.66812,BREAK,2019.06.26 15:00,0,,0,,0,,0,NA,NewYork,BREAK,2019.06.28 11:00,BREAK,2019.07.01 03:00,0.65576,BREAK,2019.06.13 17:00,0,,0,,0,,0,NA,NewYork,BREAK,2019.06.14 06:00,BREAK,2019.06.14 16:00,0.66341,BOUNCE,2019.06.06 16:00,1,2019.06.11 12:00,1,2019.06.13 17:00,0,,2,1w 0d,NewYork,NA,,NA,,0.65855,BREAK,2019.06.11 12:00,0,,0,,0,,0,NA,London,BOUNCE,2019.06.12 16:00,NA,,B-ZB-BO,B-ZF-BR,S-ZC-UN,S-ZH-BO,S-ZG-BR,B-ZB-BR,S-ZF-UN,S-ZD-BR,S-ZB-BR,S-ZB-BR,B-ZF-BR,S-ZE-BR,S-ZG-BR,S-ZB-UN,B-ZE-BR,B-ZE-BR,B-ZB-BR,B-ZO-BR,B-ZB-BR,B-ZD-BO
326,2019.06.08 00:00,NZDUSD,60,86400,BUY,ZF,1,0.66426,0.66093,333.0,0.66799,0.66126,673.0,202.102,9.91,300.0,78.6,0.66426,0.66126,0.67099,BREAK,2019.06.28 16:00,0,,0,,0,,0,NA,NewYork,BREAK,2019.07.18 18:00,BREAK,2019.07.18 22:00,0.65793,BREAK,2019.06.11 14:00,0,,0,,0,,0,NA,NewYork,BREAK,2019.06.14 05:00,BREAK,2019.06.14 16:00,0.66726,BREAK,2019.06.26 13:00,0,,0,,0,,0,NA,NewYork,BREAK,2019.06.28 16:00,BOUNCE,2019.07.16 19:00,0.65826,BREAK,2019.06.11 13:00,0,,0,,0,,0,NA,NewYork,BREAK,2019.06.14 04:00,BREAK,2019.06.14 16:00,B-ZC-BR,B-ZB-BO,B-ZF-BR,S-ZC-UN,S-ZH-BO,S-ZG-BR,B-ZB-BR,S-ZF-UN,S-ZD-BR,S-ZB-BR,S-ZE-BR,S-ZG-BR,S-ZB-UN,B-ZE-BR,B-ZE-BR,B-ZB-BR,B-ZO-BR,B-ZB-BR,B-ZD-BO,S-ZE-BO
327,2019.06.13 00:00,NZDUSD,60,86400,SELL,ZE,1,0.66104,0.65670,434.0,0.65911,0.65645,266.0,61.290,44.47,241.0,102.4,0.65911,0.65670,0.65404,BREAK,2019.06.14 05:00,0,,0,,0,,0,NA,Asia,BREAK,2019.06.14 18:00,BOUNCE,2019.06.18 17:00,0.66345,BREAK,2019.06.25 04:00,0,,0,,0,,0,NA,Asia,BOUNCE,2019.06.25 20:00,NA,,0.65429,BREAK,2019.06.14 05:00,0,,0,,0,,0,NA,Asia,BREAK,2019.06.14 16:00,BOUNCE,2019.06.18 18:00,0.66152,BREAK,2019.06.24 19:00,0,,0,,0,,0,NA,NewYork,BREAK,2019.06.25 08:00,BREAK,2019.06.26 13:00,B-ZF-BR,B-ZC-BR,B-ZB-BO,B-ZF-BR,S-ZC-UN,S-ZH-BO,S-ZG-BR,B-ZB-BR,S-ZF-UN,S-ZD-BR,S-ZG-BR,S-ZB-UN,B-ZE-BR,B-ZE-BR,B-ZB-BR,B-ZO-BR,B-ZB-BR,B-ZD-BO,S-ZE-BO,B-ZB-BO
328,2019.06.14 00:00,NZDUSD,60,86400,SELL,ZG,0,0.65911,0.65645,266.0,0.65862,0.65543,319.0,119.925,18.42,217.0,62.8,0.65862,0.65645,0.65326,BREAK,2019.06.14 05:00,0,,0,,0,,0,NA,Asia,BOUNCE,2019.06.14 16:00,NA,,0.66128,BREAK,2019.06.24 10:00,0,,0,,0,,0,NA,London,BREAK,2019.06.25 05:00,BOUNCE,2019.06.25 20:00,0.65428,BREAK,2019.06.14 05:00,0,,0,,0,,0,NA,Asia,BREAK,2019.06.14 16:00,BREAK,2019.06.14 21:00,0.66079,BREAK,2019.06.24 10:00,0,,0,,0,,0,NA,London,BREAK,2019.06.25 04:00,BREAK,2019.06.25 20:00,S-ZE-BR,B-ZF-BR,B-ZC-BR,B-ZB-BO,B-ZF-BR,S-ZC-UN,S-ZH-BO,S-ZG-BR,B-ZB-BR,S-ZF-UN,S-ZB-UN,B-ZE-BR,B-ZE-BR,B-ZB-BR,B-ZO-BR,B-ZB-BR,B-ZD-BO,S-ZE-BO,B-ZB-BO,B-ZO-BR
329,2019.06.15 00:00,NZDUSD,60,86400,SELL,ZB,1,0.65862,0.65543,319.0,0.65718,0.64868,850.0,266.458,45.14,175.0,75.3,0.65718,0.65543,0.64693,UNTOUCHED,,0,,0,,0,,0,NA,Other,NA,,NA,,0.66037,BREAK,2019.06.24 09:00,0,,0,,0,,0,NA,London,BREAK,2019.06.25 04:00,BREAK,2019.06.25 08:00,0.65368,BREAK,2019.06.15 00:00,0,,0,,0,,0,NA,Asia,BREAK,2019.06.17 01:00,BREAK,2019.06.17 02:00,0.65893,BOUNCE,2019.06.20 12:00,0,,0,,0,,0,NA,London,NA,,NA,,S-ZG-BR,S-ZE-BR,B-ZF-BR,B-ZC-BR,B-ZB-BO,B-ZF-BR,S-ZC-UN,S-ZH-BO,S-ZG-BR,B-ZB-BR,B-ZE-BR,B-ZE-BR,B-ZB-BR,B-ZO-BR,B-ZB-BR,B-ZD-BO,S-ZE-BO,B-ZB-BO,B-ZO-BR,S-ZB-BR
330,2019.06.18 00:00,NZDUSD,60,86400,BUY,ZE,1,0.64923,0.64867,56.0,0.65132,0.64894,238.0,425.000,48.21,29.0,13.2,0.64923,0.64894,0.65161,BREAK,2019.06.18 17:00,0,,0,,0,,0,NA,NewYork,BREAK,2019.06.18 18:00,BREAK,2019.06.18 19:00,0.64838,UNTOUCHED,,0,,0,,0,,0,NA,Other,NA,,NA,,0.64952,BREAK,2019.06.18 01:00,0,,0,,0,,0,NA,Asia,BOUNCE,2019.06.18 03:00,NA,,0.64865,UNTOUCHED,,0,,0,,0,,0,NA,Other,NA,,NA,,S-ZB-UN,S-ZG-BR,S-ZE-BR,B-ZF-BR,B-ZC-BR,B-ZB-BO,B-ZF-BR,S-ZC-UN,S-ZH-BO,S-ZG-BR,B-ZE-BR,B-ZB-BR,B-ZO-BR,B-ZB-BR,B-ZD-BO,S-ZE-BO,B-ZB-BO,B-ZO-BR,S-ZB-BR,S-ZD-BR
331,2019.06.20 00:00,NZDUSD,60,86400,BUY,ZE,1,0.65362,0.64888,474.0,0.65614,0.65122,492.0,103.797,49.37,240.0,111.9,0.65362,0.65122,0.65854,BREAK,2019.06.20 11:00,0,,0,,0,,0,NA,London,BREAK,2019.06.24 19:00,BREAK,2019.06.25 07:00,0.64648,UNTOUCHED,,0,,0,,0,,0,NA,Other,NA,,NA,,0.65602,BREAK,2019.06.20 04:00,0,,0,,0,,0,NA,Asia,BREAK,2019.06.21 05:00,BREAK,2019.06.24 19:00,0.64882,UNTOUCHED,,0,,0,,0,,0,NA,Other,NA,,NA,,B-ZE-BR,S-ZB-UN,S-ZG-BR,S-ZE-BR,B-ZF-BR,B-ZC-BR,B-ZB-BO,B-ZF-BR,S-ZC-UN,S-ZH-BO,B-ZB-BR,B-ZO-BR,B-ZB-BR,B-ZD-BO,S-ZE-BO,B-ZB-BO,B-ZO-BR,S-ZB-BR,S-ZD-BR,B-ZF-BO
332,2019.06.21 00:00,NZDUSD,60,86400,BUY,ZB,1,0.65614,0.65122,492.0,0.65943,0.65326,617.0,125.407,41.46,288.0,116.1,0.65614,0.65326,0.66231,BREAK,2019.06.24 19:00,0,,0,,0,,0,NA,NewYork,BOUNCE,2019.06.26 06:00,NA,,0.64834,UNTOUCHED,,0,,0,,0,,0,NA,Other,NA,,NA,,0.65902,BREAK,2019.06.21 04:00,0,,0,,0,,0,NA,Asia,BREAK,2019.06.25 04:00,BREAK,2019.06.25 20:00,0.65038,UNTOUCHED,,0,,0,,0,,0,NA,Other,NA,,NA,,B-ZE-BR,B-ZE-BR,S-ZB-UN,S-ZG-BR,S-ZE-BR,B-ZF-BR,B-ZC-BR,B-ZB-BO,B-ZF-BR,S-ZC-UN,B-ZO-BR,B-ZB-BR,B-ZD-BO,S-ZE-BO,B-ZB-BO,B-ZO-BR,S-ZB-BR,S-ZD-BR,B-ZF-BO,B-ZO-BR
333,2019.06.22 00:00,NZDUSD,60,86400,BUY,ZO,0,0.65943,0.65326,617.0,0.66026,0.65526,500.0,81.037,32.41,417.0,145.6,0.65943,0.65526,0.66443,BREAK,2019.06.25 07:00,0,,0,,0,,0,NA,London,BREAK,2019.06.28 00:00,BREAK,2019.07.17 19:00,0.64909,UNTOUCHED,,0,,0,,0,,0,NA,Other,NA,,NA,,0.66360,BREAK,2019.06.25 04:00,0,,0,,0,,0,NA,Asia,BREAK,2019.06.27 13:00,BOUNCE,2019.07.01 18:00,0.65109,PENDING,2019.08.02 16:00,0,,0,,0,,0,NA,NewYork,NA,,NA,,B-ZB-BR,B-ZE-BR,B-ZE-BR,S-ZB-UN,S-ZG-BR,S-ZE-BR,B-ZF-BR,B-ZC-BR,B-ZB-BO,B-ZF-BR,B-ZB-BR,B-ZD-BO,S-ZE-BO,B-ZB-BO,B-ZO-BR,S-ZB-BR,S-ZD-BR,B-ZF-BO,B-ZO-BR,B-ZB-UN
334,2019.06.26 00:00,NZDUSD,60,86400,BUY,ZB,1,0.66249,0.65829,420.0,0.66598,0.66108,490.0,116.667,66.43,141.0,99.1,0.66249,0.66108,0.66739,BREAK,2019.06.26 13:00,0,,0,,0,,0,NA,NewYork,BOUNCE,2019.06.27 00:00,NA,,0.65688,BOUNCE,2019.07.10 06:00,1,2019.07.10 07:00,1,2019.07.10 16:00,1,2019.07.11 13:00,3,1d 7h,Asia,NA,,NA,,0.66390,BREAK,2019.06.26 00:00,0,,0,,0,,0,NA,Asia,BREAK,2019.06.26 11:00,BREAK,2019.06.26 13:00,0.65967,BOUNCE,2019.06.26 06:00,1,2019.06.26 07:00,1,2019.06.26 07:00,0,,2,1h,Asia,NA,,NA,,B-ZO-BR,B-ZB-BR,B-ZE-BR,B-ZE-BR,S-ZB-UN,S-ZG-BR,S-ZE-BR,B-ZF-BR,B-ZC-BR,B-ZB-BO,B-ZD-BO,S-ZE-BO,B-ZB-BO,B-ZO-BR,S-ZB-BR,S-ZD-BR,B-ZF-BO,B-ZO-BR,B-ZB-UN,B-ZE-UN
335,2019.06.29 00:00,NZDUSD,60,86400,BUY,ZD,1,0.67002,0.66697,305.0,0.67195,0.66884,311.0,101.967,61.31,118.0,72.0,0.67002,0.66884,0.67313,BOUNCE,2019.07.15 14:00,1,2019.07.16 18:00,1,2019.07.25 17:00,1,2019.07.25 20:00,3,1w 3d,NewYork,NA,,NA,,0.66579,BOUNCE,2019.07.02 11:00,1,2019.07.03 04:00,1,2019.07.03 18:00,1,2019.07.15 14:00,3,1w 6d,London,NA,,NA,,0.67120,BREAK,2019.06.29 00:00,0,,0,,0,,0,NA,Asia,BOUNCE,2019.07.01 04:00,NA,,0.66766,BOUNCE,2019.07.01 18:00,1,2019.07.03 18:00,1,2019.07.03 18:00,0,,2,2d 0h,NewYork,NA,,NA,,B-ZB-BR,B-ZO-BR,B-ZB-BR,B-ZE-BR,B-ZE-BR,S-ZB-UN,S-ZG-BR,S-ZE-BR,B-ZF-BR,B-ZC-BR,S-ZE-BO,B-ZB-BO,B-ZO-BR,S-ZB-BR,S-ZD-BR,B-ZF-BO,B-ZO-BR,B-ZB-UN,B-ZE-UN,S-ZB-BO
336,2019.07.03 00:00,NZDUSD,60,86400,SELL,ZE,1,0.67253,0.66631,622.0,0.66797,0.66548,249.0,40.032,73.31,166.0,146.8,0.66797,0.66631,0.66382,BOUNCE,2019.07.05 16:00,1,2019.07.11 13:00,1,2019.07.12 22:00,1,2019.07.17 19:00,3,1w 5d,NewYork,NA,,NA,,0.67419,BOUNCE,2019.07.17 19:00,1,2019.07.23 17:00,1,2019.07.26 12:00,1,2019.07.26 16:00,3,1w 1d,NewYork,NA,,NA,,0.66465,BREAK,2019.07.05 16:00,0,,0,,0,,0,NA,NewYork,BREAK,2019.07.05 17:00,BOUNCE,2019.07.08 03:00,0.66963,BREAK,2019.07.03 17:00,0,,0,,0,,0,NA,NewYork,BOUNCE,2019.07.04 11:00,NA,,B-ZD-BO,B-ZB-BR,B-ZO-BR,B-ZB-BR,B-ZE-BR,B-ZE-BR,S-ZB-UN,S-ZG-BR,S-ZE-BR,B-ZF-BR,B-ZB-BO,B-ZO-BR,S-ZB-BR,S-ZD-BR,B-ZF-BO,B-ZO-BR,B-ZB-UN,B-ZE-UN,S-ZB-BO,S-ZE-BR
337,2019.07.04 00:00,NZDUSD,60,86400,BUY,ZB,1,0.66797,0.66548,249.0,0.67182,0.66652,530.0,212.851,41.77,145.0,58.8,0.66797,0.66652,0.67327,BOUNCE,2019.07.15 14:00,1,2019.07.16 19:00,1,2019.07.26 05:00,1,2019.07.26 14:00,3,1w 4d,NewYork,NA,,NA,,0.66403,BREAK,2019.07.05 16:00,0,,0,,0,,0,NA,NewYork,BREAK,2019.07.05 17:00,BREAK,2019.07.05 18:00,0.66942,BREAK,2019.07.04 00:00,0,,0,,0,,0,NA,Asia,BREAK,2019.07.04 05:00,BREAK,2019.07.15 14:00,0.66507,BREAK,2019.07.05 16:00,0,,0,,0,,0,NA,NewYork,BREAK,2019.07.05 17:00,BREAK,2019.07.05 18:00,S-ZE-BO,B-ZD-BO,B-ZB-BR,B-ZO-BR,B-ZB-BR,B-ZE-BR,B-ZE-BR,S-ZB-UN,S-ZG-BR,S-ZE-BR,B-ZO-BR,S-ZB-BR,S-ZD-BR,B-ZF-BO,B-ZO-BR,B-ZB-UN,B-ZE-UN,S-ZB-BO,S-ZE-BR,S-ZB-BR
338,2019.07.05 00:00,NZDUSD,60,86400,BUY,ZO,0,0.67182,0.66652,530.0,0.67186,0.66756,430.0,81.132,19.62,426.0,125.1,0.67182,0.66756,0.67612,BREAK,2019.07.18 22:00,0,,0,,0,,0,NA,Other,UNTOUCHED,,NA,,0.66226,BREAK,2019.07.05 17:00,0,,0,,0,,0,NA,NewYork,BREAK,2019.07.10 06:00,BREAK,2019.08.02 12:00,0.67608,BREAK,2019.07.18 22:00,0,,0,,0,,0,NA,Other,UNTOUCHED,,NA,,0.66330,BREAK,2019.07.05 16:00,0,,0,,0,,0,NA,NewYork,BREAK,2019.07.10 06:00,BOUNCE,2019.07.31 22:00,B-ZB-BO,S-ZE-BO,B-ZD-BO,B-ZB-BR,B-ZO-BR,B-ZB-BR,B-ZE-BR,B-ZE-BR,S-ZB-UN,S-ZG-BR,S-ZB-BR,S-ZD-BR,B-ZF-BO,B-ZO-BR,B-ZB-UN,B-ZE-UN,S-ZB-BO,S-ZE-BR,S-ZB-BR,S-ZB-BR
339,2019.07.06 00:00,NZDUSD,60,86400,SELL,ZB,1,0.67186,0.66756,430.0,0.66929,0.66006,923.0,214.651,59.77,173.0,101.5,0.66929,0.66756,0.65833,BREAK,2019.07.10 06:00,0,,0,,0,,0,NA,Asia,BREAK,2019.07.31 22:00,BREAK,2019.08.01 04:00,0.67359,BOUNCE,2019.07.16 04:00,1,2019.07.16 20:00,1,2019.07.25 20:00,1,2019.07.31 22:00,3,2w 1d,Asia,NA,,NA,,0.66583,BREAK,2019.07.06 00:00,0,,0,,0,,0,NA,Asia,BREAK,2019.07.08 01:00,BOUNCE,2019.07.08 07:00,0.67102,BREAK,2019.07.15 06:00,0,,0,,0,,0,NA,Asia,BREAK,2019.07.16 07:00,BOUNCE,2019.07.18 01:00,B-ZO-BR,B-ZB-BO,S-ZE-BO,B-ZD-BO,B-ZB-BR,B-ZO-BR,B-ZB-BR,B-ZE-BR,B-ZE-BR,S-ZB-UN,S-ZD-BR,B-ZF-BO,B-ZO-BR,B-ZB-UN,B-ZE-UN,S-ZB-BO,S-ZE-BR,S-ZB-BR,S-ZB-BR,S-ZF-BR
340,2019.07.10 00:00,NZDUSD,60,86400,SELL,ZD,1,0.66525,0.66190,335.0,0.66312,0.66003,309.0,92.239,63.58,122.0,79.1,0.66312,0.66190,0.65881,BREAK,2019.07.10 06:00,0,,0,,0,,0,NA,Asia,BREAK,2019.07.31 22:00,BREAK,2019.07.31 23:00,0.66647,BREAK,2019.07.11 07:00,0,,0,,0,,0,NA,London,BREAK,2019.07.11 16:00,BOUNCE,2019.07.12 13:00,0.66068,BREAK,2019.07.10 00:00,0,,0,,0,,0,NA,Asia,BREAK,2019.07.10 06:00,BREAK,2019.07.31 22:00,0.66434,BREAK,2019.07.10 16:00,0,,0,,0,,0,NA,NewYork,BOUNCE,2019.07.10 22:00,NA,,S-ZB-BR,B-ZO-BR,B-ZB-BO,S-ZE-BO,B-ZD-BO,B-ZB-BR,B-ZO-BR,B-ZB-BR,B-ZE-BR,B-ZE-BR,B-ZF-BO,B-ZO-BR,B-ZB-UN,B-ZE-UN,S-ZB-BO,S-ZE-BR,S-ZB-BR,S-ZB-BR,S-ZF-BR,S-ZB-BR
341,2019.07.13 00:00,NZDUSD,60,86400,BUY,ZF,0,0.66885,0.66397,488.0,0.66981,0.66534,447.0,91.598,28.07,351.0,115.2,0.66885,0.66534,0.67332,BOUNCE,2019.07.15 14:00,1,2019.07.25 20:00,1,2019.07.29 16:00,1,2019.07.30 17:00,3,2w 1d,NewYork,NA,,NA,,0.66046,BREAK,2019.07.30 17:00,0,,0,,0,,0,NA,NewYork,BREAK,2019.07.31 22:00,BOUNCE,2019.08.01 19:00,0.67236,BREAK,2019.07.15 11:00,0,,0,,0,,0,NA,London,BREAK,2019.07.18 22:00,UNTOUCHED,,0.66183,BREAK,2019.07.29 16:00,0,,0,,0,,0,NA,NewYork,BREAK,2019.07.31 22:00,BREAK,2019.08.01 04:00,S-ZD-BR,S-ZB-BR,B-ZO-BR,B-ZB-BO,S-ZE-BO,B-ZD-BO,B-ZB-BR,B-ZO-BR,B-ZB-BR,B-ZE-BR,B-ZO-BR,B-ZB-UN,B-ZE-UN,S-ZB-BO,S-ZE-BR,S-ZB-BR,S-ZB-BR,S-ZF-BR,S-ZB-BR,S-ZE-BO
342,2019.07.17 00:00,NZDUSD,60,86400,BUY,ZO,0,0.67341,0.66800,541.0,0.67377,0.66954,423.0,78.189,28.47,387.0,127.7,0.67341,0.66954,0.67764,BREAK,2019.07.18 22:00,0,,0,,0,,0,NA,Other,UNTOUCHED,,NA,,0.66413,BREAK,2019.07.26 14:00,0,,0,,0,,0,NA,NewYork,BREAK,2019.07.31 06:00,BREAK,2019.07.31 22:00,0.67728,BREAK,2019.07.18 22:00,0,,0,,0,,0,NA,Other,UNTOUCHED,,NA,,0.66567,BREAK,2019.07.25 20:00,0,,0,,0,,0,NA,NewYork,BREAK,2019.07.30 17:00,BREAK,2019.07.31 22:00,B-ZF-BO,S-ZD-BR,S-ZB-BR,B-ZO-BR,B-ZB-BO,S-ZE-BO,B-ZD-BO,B-ZB-BR,B-ZO-BR,B-ZB-BR,B-ZB-UN,B-ZE-UN,S-ZB-BO,S-ZE-BR,S-ZB-BR,S-ZB-BR,S-ZF-BR,S-ZB-BR,S-ZE-BO,S-ZF-BR
343,2019.07.19 00:00,NZDUSD,60,86400,BUY,ZB,1,0.67461,0.66952,509.0,0.67864,0.67197,667.0,131.041,48.13,264.0,120.1,0.67461,0.67197,0.68128,UNTOUCHED,,0,,0,,0,,0,NA,Other,NA,,NA,,0.66688,BREAK,2019.07.25 19:00,0,,0,,0,,0,NA,NewYork,BREAK,2019.07.26 18:00,BREAK,2019.07.30 17:00,0.67725,BREAK,2019.07.19 00:00,0,,0,,0,,0,NA,Asia,UNTOUCHED,,NA,,0.66933,BOUNCE,2019.07.24 04:00,0,,0,,0,,0,NA,Asia,NA,,NA,,B-ZO-BR,B-ZF-BO,S-ZD-BR,S-ZB-BR,B-ZO-BR,B-ZB-BO,S-ZE-BO,B-ZD-BO,B-ZB-BR,B-ZO-BR,B-ZE-UN,S-ZB-BO,S-ZE-BR,S-ZB-BR,S-ZB-BR,S-ZF-BR,S-ZB-BR,S-ZE-BO,S-ZF-BR,B-ZG-UN
344,2019.07.20 00:00,NZDUSD,60,86400,BUY,ZE,1,0.67864,0.67197,667.0,0.67902,0.67578,324.0,48.576,57.12,286.0,157.4,0.67864,0.67578,0.68188,UNTOUCHED,,0,,0,,0,,0,NA,Other,NA,,NA,,0.66911,BREAK,2019.07.25 12:00,0,,0,,0,,0,NA,London,BREAK,2019.07.26 12:00,BREAK,2019.07.29 16:00,0.68150,UNTOUCHED,,0,,0,,0,,0,NA,Other,NA,,NA,,0.67292,BREAK,2019.07.23 08:00,0,,0,,0,,0,NA,London,BREAK,2019.07.25 12:00,BREAK,2019.07.25 20:00,B-ZB-UN,B-ZO-BR,B-ZF-BO,S-ZD-BR,S-ZB-BR,B-ZO-BR,B-ZB-BO,S-ZE-BO,B-ZD-BO,B-ZB-BR,S-ZB-BO,S-ZE-BR,S-ZB-BR,S-ZB-BR,S-ZF-BR,S-ZB-BR,S-ZE-BO,S-ZF-BR,B-ZG-UN,S-ZB-BR
345,2019.07.24 00:00,NZDUSD,60,86400,SELL,ZB,1,0.67867,0.67564,303.0,0.67651,0.67024,627.0,206.931,71.29,87.0,71.5,0.67651,0.67564,0.66937,BOUNCE,2019.07.24 04:00,1,2019.07.24 17:00,0,,0,,1,13h,Asia,NA,,NA,,0.67954,UNTOUCHED,,0,,0,,0,,0,NA,Other,NA,,NA,,0.67477,BREAK,2019.07.24 00:00,0,,0,,0,,0,NA,Asia,BREAK,2019.07.24 01:00,BREAK,2019.07.24 02:00,0.67738,UNTOUCHED,,0,,0,,0,,0,NA,Other,NA,,NA,,B-ZE-UN,B-ZB-UN,B-ZO-BR,B-ZF-BO,S-ZD-BR,S-ZB-BR,B-ZO-BR,B-ZB-BO,S-ZE-BO,B-ZD-BO,S-ZE-BR,S-ZB-BR,S-ZB-BR,S-ZF-BR,S-ZB-BR,S-ZE-BO,S-ZF-BR,B-ZG-UN,S-ZB-BR,B-ZC-UN
346,2019.07.25 00:00,NZDUSD,60,86400,SELL,ZE,1,0.67651,0.67024,627.0,0.67230,0.66913,317.0,50.558,67.15,206.0,148.0,0.67230,0.67024,0.66707,BREAK,2019.07.25 19:00,0,,0,,0,,0,NA,NewYork,BREAK,2019.07.26 16:00,BREAK,2019.07.30 14:00,0.67857,UNTOUCHED,,0,,0,,0,,0,NA,Other,NA,,NA,,0.66818,BREAK,2019.07.25 17:00,0,,0,,0,,0,NA,NewYork,BREAK,2019.07.26 12:00,BREAK,2019.07.26 21:00,0.67436,UNTOUCHED,,0,,0,,0,,0,NA,Other,NA,,NA,,S-ZB-BO,B-ZE-UN,B-ZB-UN,B-ZO-BR,B-ZF-BO,S-ZD-BR,S-ZB-BR,B-ZO-BR,B-ZB-BO,S-ZE-BO,S-ZB-BR,S-ZB-BR,S-ZF-BR,S-ZB-BR,S-ZE-BO,S-ZF-BR,B-ZG-UN,S-ZB-BR,B-ZC-UN,S-ZO-BR
347,2019.07.26 00:00,NZDUSD,60,86400,SELL,ZB,1,0.67230,0.66913,317.0,0.67085,0.66535,550.0,173.502,45.74,172.0,74.8,0.67085,0.66913,0.66363,BREAK,2019.07.26 16:00,0,,0,,0,,0,NA,NewYork,BREAK,2019.07.30 16:00,BREAK,2019.07.31 05:00,0.67402,UNTOUCHED,,0,,0,,0,,0,NA,Other,NA,,NA,,0.66741,BREAK,2019.07.26 00:00,0,,0,,0,,0,NA,Asia,BREAK,2019.07.26 11:00,BREAK,2019.07.26 18:00,0.67257,UNTOUCHED,,0,,0,,0,,0,NA,Other,NA,,NA,,S-ZE-BR,S-ZB-BO,B-ZE-UN,B-ZB-UN,B-ZO-BR,B-ZF-BO,S-ZD-BR,S-ZB-BR,B-ZO-BR,B-ZB-BO,S-ZB-BR,S-ZF-BR,S-ZB-BR,S-ZE-BO,S-ZF-BR,B-ZG-UN,S-ZB-BR,B-ZC-UN,S-ZO-BR,S-ZG-BR
348,2019.07.27 00:00,NZDUSD,60,86400,SELL,ZB,1,0.67085,0.66535,550.0,0.66686,0.66255,431.0,78.364,72.55,151.0,129.8,0.66686,0.66535,0.66104,BREAK,2019.07.30 16:00,0,,0,,0,,0,NA,NewYork,BOUNCE,2019.07.31 13:00,NA,,0.67236,UNTOUCHED,,0,,0,,0,,0,NA,Other,NA,,NA,,0.66384,BREAK,2019.07.27 00:00,0,,0,,0,,0,NA,Asia,BREAK,2019.07.30 16:00,BREAK,2019.07.31 05:00,0.66837,UNTOUCHED,,0,,0,,0,,0,NA,Other,NA,,NA,,S-ZB-BR,S-ZE-BR,S-ZB-BO,B-ZE-UN,B-ZB-UN,B-ZO-BR,B-ZF-BO,S-ZD-BR,S-ZB-BR,B-ZO-BR,S-ZF-BR,S-ZB-BR,S-ZE-BO,S-ZF-BR,B-ZG-UN,S-ZB-BR,B-ZC-UN,S-ZO-BR,S-ZG-BR,S-ZF-BR
349,2019.07.31 00:00,NZDUSD,60,86400,SELL,ZF,0,0.66413,0.66156,257.0,0.66340,0.66019,321.0,124.903,28.40,184.0,60.7,0.66340,0.66156,0.65835,BREAK,2019.07.31 22:00,0,,0,,0,,0,NA,Other,BREAK,2019.07.31 23:00,BREAK,2019.08.01 04:00,0.66597,UNTOUCHED,,0,,0,,0,,0,NA,Other,NA,,NA,,0.65972,BREAK,2019.07.31 05:00,0,,0,,0,,0,NA,Asia,BREAK,2019.07.31 22:00,BREAK,2019.07.31 23:00,0.66524,UNTOUCHED,,0,,0,,0,,0,NA,Other,NA,,NA,,S-ZB-BR,S-ZB-BR,S-ZE-BR,S-ZB-BO,B-ZE-UN,B-ZB-UN,B-ZO-BR,B-ZF-BO,S-ZD-BR,S-ZB-BR,S-ZB-BR,S-ZE-BO,S-ZF-BR,B-ZG-UN,S-ZB-BR,B-ZC-UN,S-ZO-BR,S-ZG-BR,S-ZF-BR,S-ZF-BR
350,2019.08.01 00:00,NZDUSD,60,86400,SELL,ZB,1,0.66340,0.66019,321.0,0.66186,0.65425,761.0,237.072,47.98,167.0,75.8,0.66186,0.66019,0.65258,BREAK,2019.08.02 12:00,0,,0,,0,,0,NA,London,BREAK,2019.08.05 05:00,BREAK,2019.08.07 06:00,0.66507,UNTOUCHED,,0,,0,,0,,0,NA,Other,NA,,NA,,0.65852,BREAK,2019.08.01 00:00,0,,0,,0,,0,NA,Asia,BREAK,2019.08.01 01:00,BREAK,2019.08.01 04:00,0.66353,UNTOUCHED,,0,,0,,0,,0,NA,Other,NA,,NA,,S-ZF-BR,S-ZB-BR,S-ZB-BR,S-ZE-BR,S-ZB-BO,B-ZE-UN,B-ZB-UN,B-ZO-BR,B-ZF-BO,S-ZD-BR,S-ZE-BO,S-ZF-BR,B-ZG-UN,S-ZB-BR,B-ZC-UN,S-ZO-BR,S-ZG-BR,S-ZF-BR,S-ZF-BR,S-ZB-BO
351,2019.08.02 00:00,NZDUSD,60,86400,SELL,ZE,1,0.66186,0.65425,761.0,0.65772,0.65336,436.0,57.293,54.40,347.0,179.6,0.65772,0.65425,0.64989,BOUNCE,2019.08.05 05:00,1,2019.08.06 02:00,0,,0,,1,21h,Asia,NA,,NA,,0.66533,UNTOUCHED,,0,,0,,0,,0,NA,Other,NA,,NA,,0.65078,BOUNCE,2019.08.02 16:00,0,,0,,0,,0,NA,NewYork,NA,,NA,,0.66119,UNTOUCHED,,0,,0,,0,,0,NA,Other,NA,,NA,,S-ZB-BR,S-ZF-BR,S-ZB-BR,S-ZB-BR,S-ZE-BR,S-ZB-BO,B-ZE-UN,B-ZB-UN,B-ZO-BR,B-ZF-BO,S-ZF-BR,B-ZG-UN,S-ZB-BR,B-ZC-UN,S-ZO-BR,S-ZG-BR,S-ZF-BR,S-ZF-BR,S-ZB-BO,S-ZD-BR
352,2019.08.03 00:00,NZDUSD,60,86400,SELL,ZF,1,0.65772,0.65336,436.0,0.65632,0.65049,583.0,133.716,32.11,296.0,102.9,0.65632,0.65336,0.64753,BREAK,2019.08.07 06:00,0,,0,,0,,0,NA,Asia,BREAK,2019.08.07 07:00,BREAK,2019.08.07 08:00,0.66068,UNTOUCHED,,0,,0,,0,,0,NA,Other,NA,,NA,,0.65040,BREAK,2019.08.05 05:00,0,,0,,0,,0,NA,Asia,BREAK,2019.08.07 06:00,BREAK,2019.08.07 07:00,0.65928,UNTOUCHED,,0,,0,,0,,0,NA,Other,NA,,NA,,S-ZE-BO,S-ZB-BR,S-ZF-BR,S-ZB-BR,S-ZB-BR,S-ZE-BR,S-ZB-BO,B-ZE-UN,B-ZB-UN,B-ZO-BR,B-ZG-UN,S-ZB-BR,B-ZC-UN,S-ZO-BR,S-ZG-BR,S-ZF-BR,S-ZF-BR,S-ZB-BO,S-ZD-BR,S-ZD-BR
353,2019.08.07 00:00,NZDUSD,60,86400,BUY,ZG,1,0.65442,0.64881,561.0,0.65890,0.65079,811.0,144.563,35.29,363.0,132.4,0.65442,0.65079,0.66253,UNTOUCHED,,0,,0,,0,,0,NA,Other,NA,,NA,,0.64518,BREAK,2019.08.07 06:00,0,,0,,0,,0,NA,Asia,BREAK,2019.08.07 07:00,BREAK,2019.08.22 18:00,0.65805,UNTOUCHED,,0,,0,,0,,0,NA,Other,NA,,NA,,0.64716,BREAK,2019.08.07 06:00,0,,0,,0,,0,NA,Asia,BREAK,2019.08.07 07:00,BOUNCE,2019.08.07 13:00,S-ZF-BR,S-ZE-BO,S-ZB-BR,S-ZF-BR,S-ZB-BR,S-ZB-BR,S-ZE-BR,S-ZB-BO,B-ZE-UN,B-ZB-UN,S-ZB-BR,B-ZC-UN,S-ZO-BR,S-ZG-BR,S-ZF-BR,S-ZF-BR,S-ZB-BO,S-ZD-BR,S-ZD-BR,B-ZB-BR
354,2019.08.08 00:00,NZDUSD,60,86400,SELL,ZB,1,0.65890,0.65079,811.0,0.65571,0.63772,1799.0,221.825,39.33,492.0,191.4,0.65571,0.65079,0.63280,BREAK,2019.08.28 09:00,0,,0,,0,,0,NA,London,BOUNCE,2019.09.03 22:00,NA,,0.66382,UNTOUCHED,,0,,0,,0,,0,NA,Other,NA,,NA,,0.64587,BREAK,2019.08.08 00:00,0,,0,,0,,0,NA,Asia,BREAK,2019.08.22 06:00,BREAK,2019.08.28 08:00,0.66063,UNTOUCHED,,0,,0,,0,,0,NA,Other,NA,,NA,,B-ZG-UN,S-ZF-BR,S-ZE-BO,S-ZB-BR,S-ZF-BR,S-ZB-BR,S-ZB-BR,S-ZE-BR,S-ZB-BO,B-ZE-UN,B-ZC-UN,S-ZO-BR,S-ZG-BR,S-ZF-BR,S-ZF-BR,S-ZB-BO,S-ZD-BR,S-ZD-BR,B-ZB-BR,B-ZF-UN
355,2019.08.10 00:00,NZDUSD,60,86400,BUY,ZC,1,0.64911,0.64330,581.0,0.64981,0.64594,387.0,66.609,45.44,317.0,137.1,0.64911,0.64594,0.65298,UNTOUCHED,,0,,0,,0,,0,NA,Other,NA,,NA,,0.64013,BREAK,2019.08.21 10:00,0,,0,,0,,0,NA,London,BOUNCE,2019.08.23 18:00,NA,,0.65228,UNTOUCHED,,0,,0,,0,,0,NA,Other,NA,,NA,,0.64277,BOUNCE,2019.08.13 16:00,0,,0,,0,,0,NA,NewYork,NA,,NA,,S-ZB-BR,B-ZG-UN,S-ZF-BR,S-ZE-BO,S-ZB-BR,S-ZF-BR,S-ZB-BR,S-ZB-BR,S-ZE-BR,S-ZB-BO,S-ZO-BR,S-ZG-BR,S-ZF-BR,S-ZF-BR,S-ZB-BO,S-ZD-BR,S-ZD-BR,B-ZB-BR,B-ZF-UN,S-ZG-BR
356,2019.08.14 00:00,NZDUSD,60,86400,SELL,ZO,0,0.64747,0.64381,366.0,0.64708,0.64212,496.0,135.519,10.66,327.0,86.4,0.64708,0.64381,0.63885,BREAK,2019.08.22 07:00,0,,0,,0,,0,NA,London,BREAK,2019.08.26 02:00,BREAK,2019.08.29 05:00,0.65074,UNTOUCHED,,0,,0,,0,,0,NA,Other,NA,,NA,,0.64054,BREAK,2019.08.19 23:00,0,,0,,0,,0,NA,Other,BREAK,2019.08.22 18:00,BREAK,2019.08.28 09:00,0.65035,UNTOUCHED,,0,,0,,0,,0,NA,Other,NA,,NA,,B-ZC-UN,S-ZB-BR,B-ZG-UN,S-ZF-BR,S-ZE-BO,S-ZB-BR,S-ZF-BR,S-ZB-BR,S-ZB-BR,S-ZE-BR,S-ZG-BR,S-ZF-BR,S-ZF-BR,S-ZB-BO,S-ZD-BR,S-ZD-BR,B-ZB-BR,B-ZF-UN,S-ZG-BR,S-ZO-BR
357,2019.08.15 00:00,NZDUSD,60,86400,SELL,ZG,0,0.64708,0.64212,496.0,0.64684,0.64206,478.0,96.371,4.84,472.0,117.1,0.64684,0.64212,0.63734,BREAK,2019.08.22 08:00,0,,0,,0,,0,NA,London,BREAK,2019.08.29 05:00,BOUNCE,2019.09.03 21:00,0.65180,UNTOUCHED,,0,,0,,0,,0,NA,Other,NA,,NA,,0.63740,BREAK,2019.08.22 08:00,0,,0,,0,,0,NA,London,BREAK,2019.08.29 05:00,BOUNCE,2019.09.03 21:00,0.65156,UNTOUCHED,,0,,0,,0,,0,NA,Other,NA,,NA,,S-ZO-BR,B-ZC-UN,S-ZB-BR,B-ZG-UN,S-ZF-BR,S-ZE-BO,S-ZB-BR,S-ZF-BR,S-ZB-BR,S-ZB-BR,S-ZF-BR,S-ZF-BR,S-ZB-BO,S-ZD-BR,S-ZD-BR,B-ZB-BR,B-ZF-UN,S-ZG-BR,S-ZO-BR,S-ZE-BO
358,2019.08.17 00:00,NZDUSD,60,86400,SELL,ZF,0,0.64586,0.64270,316.0,0.64499,0.64222,277.0,87.658,27.53,229.0,74.6,0.64499,0.64270,0.63993,BREAK,2019.08.21 10:00,0,,0,,0,,0,NA,London,BREAK,2019.08.22 18:00,BREAK,2019.08.26 02:00,0.64815,UNTOUCHED,,0,,0,,0,,0,NA,Other,NA,,NA,,0.64041,BOUNCE,2019.08.19 23:00,0,,0,,0,,0,NA,Other,NA,,NA,,0.64728,UNTOUCHED,,0,,0,,0,,0,NA,Other,NA,,NA,,S-ZG-BR,S-ZO-BR,B-ZC-UN,S-ZB-BR,B-ZG-UN,S-ZF-BR,S-ZE-BO,S-ZB-BR,S-ZF-BR,S-ZB-BR,S-ZF-BR,S-ZB-BO,S-ZD-BR,S-ZD-BR,B-ZB-BR,B-ZF-UN,S-ZG-BR,S-ZO-BR,S-ZE-BO,S-ZB-BO
359,2019.08.22 00:00,NZDUSD,60,86400,SELL,ZF,0,0.64296,0.64027,269.0,0.64223,0.63943,280.0,104.089,27.14,196.0,63.5,0.64223,0.64027,0.63747,BREAK,2019.08.22 08:00,0,,0,,0,,0,NA,London,BREAK,2019.08.26 02:00,BREAK,2019.08.28 09:00,0.64492,BOUNCE,2019.09.12 12:00,1,2019.09.12 22:00,1,2019.09.13 16:00,1,2019.09.13 22:00,3,1d 10h,London,NA,,NA,,0.63831,BREAK,2019.08.22 07:00,0,,0,,0,,0,NA,London,BOUNCE,2019.08.22 18:00,NA,,0.64419,BOUNCE,2019.09.06 17:00,1,2019.09.13 16:00,1,2019.09.13 16:00,0,,2,6d 23h,NewYork,NA,,NA,,S-ZF-BR,S-ZG-BR,S-ZO-BR,B-ZC-UN,S-ZB-BR,B-ZG-UN,S-ZF-BR,S-ZE-BO,S-ZB-BR,S-ZF-BR,S-ZB-BO,S-ZD-BR,S-ZD-BR,B-ZB-BR,B-ZF-UN,S-ZG-BR,S-ZO-BR,S-ZE-BO,S-ZB-BO,S-ZD-BO
360,2019.08.23 00:00,NZDUSD,60,86400,SELL,ZB,1,0.64223,0.63943,280.0,0.64075,0.63609,466.0,166.429,52.86,132.0,66.1,0.64075,0.63943,0.63477,BOUNCE,2019.08.26 02:00,1,2019.08.26 04:00,1,2019.09.06 16:00,1,2019.09.06 17:00,3,1w 4d,Asia,NA,,NA,,0.64355,BREAK,2019.09.06 17:00,0,,0,,0,,0,NA,NewYork,BOUNCE,2019.09.12 13:00,NA,,0.63811,BREAK,2019.08.23 00:00,0,,0,,0,,0,NA,Asia,BREAK,2019.08.23 01:00,BREAK,2019.08.26 02:00,0.64207,BOUNCE,2019.09.06 16:00,1,2019.09.13 16:00,1,2019.09.13 16:00,0,,2,1w 0d,NewYork,NA,,NA,,S-ZF-BR,S-ZF-BR,S-ZG-BR,S-ZO-BR,B-ZC-UN,S-ZB-BR,B-ZG-UN,S-ZF-BR,S-ZE-BO,S-ZB-BR,S-ZD-BR,S-ZD-BR,B-ZB-BR,B-ZF-UN,S-ZG-BR,S-ZO-BR,S-ZE-BO,S-ZB-BO,S-ZD-BO,B-ZD-BR
361,2019.08.30 00:00,NZDUSD,60,86400,SELL,ZD,1,0.63661,0.63255,406.0,0.63470,0.63038,432.0,106.404,47.04,215.0,95.8,0.63470,0.63255,0.62823,BREAK,2019.09.03 06:00,0,,0,,0,,0,NA,Asia,BOUNCE,2019.09.23 17:00,NA,,0.63876,BOUNCE,2019.09.05 14:00,1,2019.09.16 21:00,1,2019.09.18 22:00,1,2019.09.20 12:00,3,2w 0d,NewYork,NA,,NA,,0.63040,BREAK,2019.08.30 04:00,0,,0,,0,,0,NA,Asia,BREAK,2019.09.03 06:00,BOUNCE,2019.09.23 17:00,0.63685,BREAK,2019.09.05 05:00,0,,0,,0,,0,NA,Asia,BOUNCE,2019.09.05 18:00,NA,,S-ZB-BO,S-ZF-BR,S-ZF-BR,S-ZG-BR,S-ZO-BR,B-ZC-UN,S-ZB-BR,B-ZG-UN,S-ZF-BR,S-ZE-BO,S-ZD-BR,B-ZB-BR,B-ZF-UN,S-ZG-BR,S-ZO-BR,S-ZE-BO,S-ZB-BO,S-ZD-BO,B-ZD-BR,B-ZD-BO
362,2019.08.31 00:00,NZDUSD,60,86400,SELL,ZD,1,0.63470,0.63038,432.0,0.63199,0.62826,373.0,86.343,62.73,161.0,102.0,0.63199,0.63038,0.62665,BREAK,2019.09.20 15:00,0,,0,,0,,0,NA,NewYork,BOUNCE,2019.09.30 11:00,NA,,0.63631,BREAK,2019.09.04 22:00,0,,0,,0,,0,NA,Other,BREAK,2019.09.05 14:00,BREAK,2019.09.06 11:00,0.62877,BOUNCE,2019.09.02 01:00,1,2019.09.04 00:00,1,2019.09.04 22:00,0,,2,2d 21h,Asia,NA,,NA,,0.63360,BREAK,2019.09.04 00:00,0,,0,,0,,0,NA,Asia,BREAK,2019.09.04 13:00,BREAK,2019.09.05 11:00,S-ZD-BR,S-ZB-BO,S-ZF-BR,S-ZF-BR,S-ZG-BR,S-ZO-BR,B-ZC-UN,S-ZB-BR,B-ZG-UN,S-ZF-BR,B-ZB-BR,B-ZF-UN,S-ZG-BR,S-ZO-BR,S-ZE-BO,S-ZB-BO,S-ZD-BO,B-ZD-BR,B-ZD-BO,S-ZO-UN
363,2019.09.06 00:00,NZDUSD,60,86400,BUY,ZB,1,0.63640,0.63242,398.0,0.63950,0.63514,436.0,109.548,68.34,126.0,93.9,0.63640,0.63514,0.64076,BREAK,2019.09.06 12:00,0,,0,,0,,0,NA,London,BREAK,2019.09.06 17:00,BREAK,2019.09.06 18:00,0.63116,BREAK,2019.09.18 22:00,0,,0,,0,,0,NA,Other,BOUNCE,2019.09.19 04:00,NA,,0.63766,BREAK,2019.09.06 05:00,0,,0,,0,,0,NA,Asia,BREAK,2019.09.06 11:00,BREAK,2019.09.06 13:00,0.63388,BREAK,2019.09.17 04:00,0,,0,,0,,0,NA,Asia,BOUNCE,2019.09.17 18:00,NA,,S-ZD-BR,S-ZD-BR,S-ZB-BO,S-ZF-BR,S-ZF-BR,S-ZG-BR,S-ZO-BR,B-ZC-UN,S-ZB-BR,B-ZG-UN,B-ZF-UN,S-ZG-BR,S-ZO-BR,S-ZE-BO,S-ZB-BO,S-ZD-BO,B-ZD-BR,B-ZD-BO,S-ZO-UN,S-ZH-BR
364,2019.09.07 00:00,NZDUSD,60,86400,BUY,ZF,1,0.63950,0.63514,436.0,0.64435,0.63632,803.0,184.174,27.06,318.0,102.9,0.63950,0.63632,0.64753,UNTOUCHED,,0,,0,,0,,0,NA,Other,NA,,NA,,0.63196,BREAK,2019.09.18 22:00,0,,0,,0,,0,NA,Other,BREAK,2019.09.20 12:00,BOUNCE,2019.09.23 21:00,0.64268,BREAK,2019.09.07 00:00,0,,0,,0,,0,NA,Asia,UNTOUCHED,,NA,,0.63314,BREAK,2019.09.17 06:00,0,,0,,0,,0,NA,Asia,BREAK,2019.09.20 04:00,BREAK,2019.09.20 18:00,B-ZB-BR,S-ZD-BR,S-ZD-BR,S-ZB-BO,S-ZF-BR,S-ZF-BR,S-ZG-BR,S-ZO-BR,B-ZC-UN,S-ZB-BR,S-ZG-BR,S-ZO-BR,S-ZE-BO,S-ZB-BO,S-ZD-BO,B-ZD-BR,B-ZD-BO,S-ZO-UN,S-ZH-BR,S-ZD-UN
365,2019.09.11 00:00,NZDUSD,60,86400,SELL,ZG,0,0.64441,0.64122,319.0,0.64413,0.64089,324.0,101.567,8.78,291.0,75.3,0.64413,0.64122,0.63798,BREAK,2019.09.13 16:00,0,,0,,0,,0,NA,NewYork,BREAK,2019.09.16 21:00,BOUNCE,2019.09.17 20:00,0.64732,UNTOUCHED,,0,,0,,0,,0,NA,Other,NA,,NA,,0.63831,BREAK,2019.09.13 16:00,0,,0,,0,,0,NA,NewYork,BREAK,2019.09.16 20:00,BOUNCE,2019.09.17 21:00,0.64704,UNTOUCHED,,0,,0,,0,,0,NA,Other,NA,,NA,,B-ZF-UN,B-ZB-BR,S-ZD-BR,S-ZD-BR,S-ZB-BO,S-ZF-BR,S-ZF-BR,S-ZG-BR,S-ZO-BR,B-ZC-UN,S-ZO-BR,S-ZE-BO,S-ZB-BO,S-ZD-BO,B-ZD-BR,B-ZD-BO,S-ZO-UN,S-ZH-BR,S-ZD-UN,B-ZD-BO
366,2019.09.12 00:00,NZDUSD,60,86400,SELL,ZO,0,0.64413,0.64089,324.0,0.64388,0.64067,321.0,99.074,7.72,299.0,76.5,0.64388,0.64089,0.63768,BREAK,2019.09.13 16:00,0,,0,,0,,0,NA,NewYork,BREAK,2019.09.17 01:00,BREAK,2019.09.18 22:00,0.64712,UNTOUCHED,,0,,0,,0,,0,NA,Other,NA,,NA,,0.63790,BREAK,2019.09.13 16:00,0,,0,,0,,0,NA,NewYork,BREAK,2019.09.16 22:00,BREAK,2019.09.18 22:00,0.64687,UNTOUCHED,,0,,0,,0,,0,NA,Other,NA,,NA,,S-ZG-BR,B-ZF-UN,B-ZB-BR,S-ZD-BR,S-ZD-BR,S-ZB-BO,S-ZF-BR,S-ZF-BR,S-ZG-BR,S-ZO-BR,S-ZE-BO,S-ZB-BO,S-ZD-BO,B-ZD-BR,B-ZD-BO,S-ZO-UN,S-ZH-BR,S-ZD-UN,B-ZD-BO,B-ZC-BR
367,2019.09.18 00:00,NZDUSD,60,86400,SELL,ZE,1,0.63913,0.63407,506.0,0.63583,0.63214,369.0,72.925,65.22,176.0,119.4,0.63583,0.63407,0.63038,BOUNCE,2019.09.18 22:00,1,2019.09.25 06:00,1,2019.10.18 12:00,1,2019.10.21 13:00,3,4w 4d,Other,NA,,NA,,0.64089,BOUNCE,2019.10.21 13:00,1,2019.10.25 04:00,0,,0,,1,3d 15h,NewYork,NA,,NA,,0.63231,BREAK,2019.09.18 22:00,0,,0,,0,,0,NA,Other,BREAK,2019.09.20 03:00,BREAK,2019.09.20 13:00,0.63759,BREAK,2019.10.18 12:00,0,,0,,0,,0,NA,London,BREAK,2019.10.21 12:00,BOUNCE,2019.10.21 18:00,S-ZO-BR,S-ZG-BR,B-ZF-UN,B-ZB-BR,S-ZD-BR,S-ZD-BR,S-ZB-BO,S-ZF-BR,S-ZF-BR,S-ZG-BR,S-ZB-BO,S-ZD-BO,B-ZD-BR,B-ZD-BO,S-ZO-UN,S-ZH-BR,S-ZD-UN,B-ZD-BO,B-ZC-BR,B-ZG-BR
368,2019.09.20 00:00,NZDUSD,60,86400,SELL,ZB,1,0.63618,0.62995,623.0,0.63323,0.62978,345.0,55.377,47.35,328.0,147.0,0.63323,0.62995,0.62650,BOUNCE,2019.09.20 17:00,1,2019.09.24 23:00,1,2019.10.18 04:00,1,2019.10.21 05:00,3,4w 2d,NewYork,NA,,NA,,0.63946,BREAK,2019.10.21 05:00,0,,0,,0,,0,NA,Asia,BOUNCE,2019.10.23 06:00,NA,,0.62667,BOUNCE,2019.09.20 15:00,1,2019.10.18 04:00,1,2019.10.21 05:00,0,,2,4w 2d,NewYork,NA,,NA,,0.63651,BREAK,2019.10.18 04:00,0,,0,,0,,0,NA,Asia,BREAK,2019.10.21 13:00,BOUNCE,2019.10.23 01:00,S-ZE-BO,S-ZO-BR,S-ZG-BR,B-ZF-UN,B-ZB-BR,S-ZD-BR,S-ZD-BR,S-ZB-BO,S-ZF-BR,S-ZF-BR,S-ZD-BO,B-ZD-BR,B-ZD-BO,S-ZO-UN,S-ZH-BR,S-ZD-UN,B-ZD-BO,B-ZC-BR,B-ZG-BR,B-ZC-BR
369,2019.09.21 00:00,NZDUSD,60,86400,SELL,ZD,1,0.63323,0.62978,345.0,0.63069,0.62545,524.0,151.884,73.62,91.0,81.4,0.63069,0.62978,0.62454,BOUNCE,2019.10.01 05:00,1,2019.10.01 08:00,1,2019.10.04 04:00,1,2019.10.11 13:00,3,1w 3d,Asia,NA,,NA,,0.63414,BOUNCE,2019.09.25 06:00,1,2019.09.25 08:00,1,2019.09.25 17:00,1,2019.10.01 05:00,3,5d 23h,Asia,NA,,NA,,0.62887,BREAK,2019.09.21 00:00,0,,0,,0,,0,NA,Asia,BREAK,2019.09.23 01:00,BREAK,2019.09.23 02:00,0.63160,BOUNCE,2019.09.24 16:00,1,2019.09.25 17:00,1,2019.09.25 17:00,0,,2,1d 1h,NewYork,NA,,NA,,S-ZB-BO,S-ZE-BO,S-ZO-BR,S-ZG-BR,B-ZF-UN,B-ZB-BR,S-ZD-BR,S-ZD-BR,S-ZB-BO,S-ZF-BR,B-ZD-BR,B-ZD-BO,S-ZO-UN,S-ZH-BR,S-ZD-UN,B-ZD-BO,B-ZC-BR,B-ZG-BR,B-ZC-BR,S-ZH-BR
370,2019.09.24 00:00,NZDUSD,60,86400,BUY,ZD,1,0.62589,0.62557,32.0,0.62987,0.62576,411.0,1284.375,59.38,13.0,7.6,0.62589,0.62576,0.63000,BREAK,2019.09.24 04:00,0,,0,,0,,0,NA,Asia,BREAK,2019.09.24 08:00,BOUNCE,2019.09.24 09:00,0.62544,BREAK,2019.09.30 10:00,0,,0,,0,,0,NA,London,BOUNCE,2019.10.01 01:00,NA,,0.62602,BREAK,2019.09.24 00:00,0,,0,,0,,0,NA,Asia,BREAK,2019.09.24 01:00,BREAK,2019.09.24 02:00,0.62563,BREAK,2019.09.30 10:00,0,,0,,0,,0,NA,London,BOUNCE,2019.09.30 11:00,NA,,S-ZD-BO,S-ZB-BO,S-ZE-BO,S-ZO-BR,S-ZG-BR,B-ZF-UN,B-ZB-BR,S-ZD-BR,S-ZD-BR,S-ZB-BO,B-ZD-BO,S-ZO-UN,S-ZH-BR,S-ZD-UN,B-ZD-BO,B-ZC-BR,B-ZG-BR,B-ZC-BR,S-ZH-BR,S-ZC-UN
371,2019.09.25 00:00,NZDUSD,60,86400,BUY,ZD,1,0.62987,0.62576,411.0,0.63310,0.62870,440.0,107.056,71.53,117.0,97.0,0.62987,0.62870,0.63427,BOUNCE,2019.09.25 06:00,1,2019.09.25 13:00,1,2019.09.25 18:00,1,2019.10.01 05:00,3,5d 23h,Asia,NA,,NA,,0.62459,BOUNCE,2019.10.01 05:00,1,2019.10.01 08:00,1,2019.10.03 18:00,1,2019.10.11 14:00,3,1w 3d,Asia,NA,,NA,,0.63104,BREAK,2019.09.25 00:00,0,,0,,0,,0,NA,Asia,BOUNCE,2019.09.25 05:00,NA,,0.62753,BOUNCE,2019.09.25 18:00,1,2019.09.26 08:00,1,2019.09.26 08:00,0,,2,14h,NewYork,NA,,NA,,B-ZD-BR,S-ZD-BO,S-ZB-BO,S-ZE-BO,S-ZO-BR,S-ZG-BR,B-ZF-UN,B-ZB-BR,S-ZD-BR,S-ZD-BR,S-ZO-UN,S-ZH-BR,S-ZD-UN,B-ZD-BO,B-ZC-BR,B-ZG-BR,B-ZC-BR,S-ZH-BR,S-ZC-UN,B-ZB-BR
372,2019.09.27 00:00,NZDUSD,60,86400,SELL,ZO,0,0.63483,0.62658,825.0,0.63267,0.62639,628.0,76.121,26.18,609.0,194.7,0.63267,0.62658,0.62030,UNTOUCHED,,0,,0,,0,,0,NA,Other,NA,,NA,,0.64092,BREAK,2019.10.21 13:00,0,,0,,0,,0,NA,NewYork,BREAK,2019.12.02 18:00,BREAK,2019.12.05 03:00,0.62049,BOUNCE,2019.10.01 17:00,1,2019.10.18 23:00,1,2019.10.21 13:00,0,,2,2w 5d,NewYork,NA,,NA,,0.63876,BREAK,2019.10.18 23:00,0,,0,,0,,0,NA,Other,BOUNCE,2019.11.05 19:00,NA,,B-ZD-BO,B-ZD-BR,S-ZD-BO,S-ZB-BO,S-ZE-BO,S-ZO-BR,S-ZG-BR,B-ZF-UN,B-ZB-BR,S-ZD-BR,S-ZH-BR,S-ZD-UN,B-ZD-BO,B-ZC-BR,B-ZG-BR,B-ZC-BR,S-ZH-BR,S-ZC-UN,B-ZB-BR,B-ZC-BO
373,2019.10.01 00:00,NZDUSD,60,86400,SELL,ZH,1,0.62952,0.62890,62.0,0.62943,0.62489,454.0,732.258,14.52,53.0,14.6,0.62943,0.62890,0.62436,BREAK,2019.10.01 05:00,0,,0,,0,,0,NA,Asia,BREAK,2019.10.01 06:00,BOUNCE,2019.10.01 09:00,0.63005,BREAK,2019.10.03 18:00,0,,0,,0,,0,NA,NewYork,BREAK,2019.10.03 19:00,BREAK,2019.10.03 20:00,0.62837,BREAK,2019.10.01 00:00,0,,0,,0,,0,NA,Asia,BREAK,2019.10.01 01:00,BREAK,2019.10.01 02:00,0.62996,BREAK,2019.10.03 18:00,0,,0,,0,,0,NA,NewYork,BREAK,2019.10.03 19:00,BREAK,2019.10.03 20:00,S-ZO-UN,B-ZD-BO,B-ZD-BR,S-ZD-BO,S-ZB-BO,S-ZE-BO,S-ZO-BR,S-ZG-BR,B-ZF-UN,B-ZB-BR,S-ZD-UN,B-ZD-BO,B-ZC-BR,B-ZG-BR,B-ZC-BR,S-ZH-BR,S-ZC-UN,B-ZB-BR,B-ZC-BO,S-ZO-BR
374,2019.10.02 00:00,NZDUSD,60,86400,SELL,ZD,1,0.62943,0.62489,454.0,0.62716,0.62034,682.0,150.220,50.00,227.0,107.1,0.62716,0.62489,0.61807,UNTOUCHED,,0,,0,,0,,0,NA,Other,NA,,NA,,0.63170,BREAK,2019.10.04 05:00,0,,0,,0,,0,NA,Asia,BREAK,2019.10.11 19:00,BREAK,2019.10.18 05:00,0.62262,BOUNCE,2019.10.02 12:00,1,2019.10.03 12:00,1,2019.10.04 05:00,0,,2,1d 17h,London,NA,,NA,,0.62943,BOUNCE,2019.10.03 12:00,0,,0,,0,,0,NA,London,NA,,NA,,S-ZH-BR,S-ZO-UN,B-ZD-BO,B-ZD-BR,S-ZD-BO,S-ZB-BO,S-ZE-BO,S-ZO-BR,S-ZG-BR,B-ZF-UN,B-ZD-BO,B-ZC-BR,B-ZG-BR,B-ZC-BR,S-ZH-BR,S-ZC-UN,B-ZB-BR,B-ZC-BO,S-ZO-BR,S-ZF-BO
375,2019.10.04 00:00,NZDUSD,60,86400,BUY,ZD,1,0.62716,0.62185,531.0,0.63156,0.62548,608.0,114.501,68.36,168.0,125.3,0.62716,0.62548,0.63324,BOUNCE,2019.10.04 16:00,1,2019.10.07 12:00,0,,0,,1,2d 20h,NewYork,NA,,NA,,0.62017,UNTOUCHED,,0,,0,,0,,0,NA,Other,NA,,NA,,0.62884,BREAK,2019.10.04 00:00,0,,0,,0,,0,NA,Asia,BREAK,2019.10.04 05:00,BREAK,2019.10.04 16:00,0.62380,UNTOUCHED,,0,,0,,0,,0,NA,Other,NA,,NA,,S-ZD-UN,S-ZH-BR,S-ZO-UN,B-ZD-BO,B-ZD-BR,S-ZD-BO,S-ZB-BO,S-ZE-BO,S-ZO-BR,S-ZG-BR,B-ZC-BR,B-ZG-BR,B-ZC-BR,S-ZH-BR,S-ZC-UN,B-ZB-BR,B-ZC-BO,S-ZO-BR,S-ZF-BO,B-ZO-BR
376,2019.10.05 00:00,NZDUSD,60,86400,BUY,ZC,1,0.63156,0.62548,608.0,0.63370,0.62952,418.0,68.750,66.45,204.0,143.5,0.63156,0.62952,0.63574,BREAK,2019.10.18 04:00,0,,0,,0,,0,NA,Asia,BREAK,2019.10.21 04:00,BREAK,2019.10.21 13:00,0.62344,UNTOUCHED,,0,,0,,0,,0,NA,Other,NA,,NA,,0.63360,BREAK,2019.10.11 12:00,0,,0,,0,,0,NA,London,BREAK,2019.10.18 05:00,BREAK,2019.10.21 04:00,0.62748,BREAK,2019.10.15 14:00,0,,0,,0,,0,NA,NewYork,BOUNCE,2019.10.16 19:00,NA,,B-ZD-BO,S-ZD-UN,S-ZH-BR,S-ZO-UN,B-ZD-BO,B-ZD-BR,S-ZD-BO,S-ZB-BO,S-ZE-BO,S-ZO-BR,B-ZG-BR,B-ZC-BR,S-ZH-BR,S-ZC-UN,B-ZB-BR,B-ZC-BO,S-ZO-BR,S-ZF-BO,B-ZO-BR,B-ZB-BR
377,2019.10.09 00:00,NZDUSD,60,86400,BUY,ZG,0,0.63215,0.62829,386.0,0.63267,0.62841,426.0,110.363,3.11,374.0,91.1,0.63215,0.62841,0.63641,BREAK,2019.10.18 04:00,0,,0,,0,,0,NA,Asia,BREAK,2019.10.21 13:00,BREAK,2019.11.01 18:00,0.62455,BOUNCE,2019.10.16 15:00,1,2019.10.17 12:00,1,2019.10.18 04:00,1,2019.10.18 04:00,3,1d 13h,NewYork,NA,,NA,,0.63589,BREAK,2019.10.18 04:00,0,,0,,0,,0,NA,Asia,BREAK,2019.10.21 12:00,BOUNCE,2019.10.23 01:00,0.62467,BOUNCE,2019.10.16 15:00,1,2019.10.18 04:00,1,2019.10.18 04:00,0,,2,1d 13h,NewYork,NA,,NA,,B-ZC-BR,B-ZD-BO,S-ZD-UN,S-ZH-BR,S-ZO-UN,B-ZD-BO,B-ZD-BR,S-ZD-BO,S-ZB-BO,S-ZE-BO,B-ZC-BR,S-ZH-BR,S-ZC-UN,B-ZB-BR,B-ZC-BO,S-ZO-BR,S-ZF-BO,B-ZO-BR,B-ZB-BR,S-ZD-BO
378,2019.10.12 00:00,NZDUSD,60,86400,BUY,ZC,1,0.63348,0.62766,582.0,0.63536,0.63154,382.0,65.636,66.67,194.0,137.4,0.63348,0.63154,0.63730,BREAK,2019.10.18 05:00,0,,0,,0,,0,NA,Asia,BREAK,2019.10.21 12:00,BOUNCE,2019.10.21 18:00,0.62572,BREAK,2019.10.16 14:00,0,,0,,0,,0,NA,NewYork,UNTOUCHED,,NA,,0.63542,BREAK,2019.10.17 20:00,0,,0,,0,,0,NA,NewYork,BREAK,2019.10.18 23:00,BREAK,2019.10.21 12:00,0.62960,BREAK,2019.10.14 12:00,0,,0,,0,,0,NA,London,BREAK,2019.10.15 16:00,BREAK,2019.10.16 16:00,B-ZG-BR,B-ZC-BR,B-ZD-BO,S-ZD-UN,S-ZH-BR,S-ZO-UN,B-ZD-BO,B-ZD-BR,S-ZD-BO,S-ZB-BO,S-ZH-BR,S-ZC-UN,B-ZB-BR,B-ZC-BO,S-ZO-BR,S-ZF-BO,B-ZO-BR,B-ZB-BR,S-ZD-BO,S-ZO-UN
379,2019.10.15 00:00,NZDUSD,60,86400,SELL,ZH,1,0.63365,0.63308,57.0,0.63347,0.62807,540.0,947.368,31.58,39.0,13.5,0.63347,0.63308,0.62768,BREAK,2019.10.15 14:00,0,,0,,0,,0,NA,NewYork,BREAK,2019.10.15 15:00,BREAK,2019.10.15 16:00,0.63404,BREAK,2019.10.17 17:00,0,,0,,0,,0,NA,NewYork,BREAK,2019.10.17 18:00,BREAK,2019.10.17 19:00,0.63269,BREAK,2019.10.15 00:00,0,,0,,0,,0,NA,Asia,BREAK,2019.10.15 01:00,BREAK,2019.10.15 02:00,0.63386,BREAK,2019.10.17 17:00,0,,0,,0,,0,NA,NewYork,BREAK,2019.10.17 18:00,BREAK,2019.10.17 19:00,B-ZC-BR,B-ZG-BR,B-ZC-BR,B-ZD-BO,S-ZD-UN,S-ZH-BR,S-ZO-UN,B-ZD-BO,B-ZD-BR,S-ZD-BO,S-ZC-UN,B-ZB-BR,B-ZC-BO,S-ZO-BR,S-ZF-BO,B-ZO-BR,B-ZB-BR,S-ZD-BO,S-ZO-UN,S-ZF-UN
380,2019.10.16 00:00,NZDUSD,60,86400,SELL,ZC,1,0.63347,0.62807,540.0,0.63142,0.62582,560.0,103.704,37.96,335.0,127.4,0.63142,0.62807,0.62247,UNTOUCHED,,0,,0,,0,,0,NA,Other,NA,,NA,,0.63682,BREAK,2019.10.18 04:00,0,,0,,0,,0,NA,Asia,BREAK,2019.10.21 14:00,BOUNCE,2019.10.23 01:00,0.62472,BOUNCE,2019.10.16 15:00,1,2019.10.17 18:00,1,2019.10.18 04:00,0,,2,1d 13h,NewYork,NA,,NA,,0.63477,BREAK,2019.10.17 18:00,0,,0,,0,,0,NA,NewYork,BREAK,2019.10.21 04:00,BREAK,2019.10.22 05:00,S-ZH-BR,B-ZC-BR,B-ZG-BR,B-ZC-BR,B-ZD-BO,S-ZD-UN,S-ZH-BR,S-ZO-UN,B-ZD-BO,B-ZD-BR,B-ZB-BR,B-ZC-BO,S-ZO-BR,S-ZF-BO,B-ZO-BR,B-ZB-BR,S-ZD-BO,S-ZO-UN,S-ZF-UN,B-ZF-BR
381,2019.10.18 00:00,NZDUSD,60,86400,BUY,ZB,1,0.63186,0.62402,784.0,0.63547,0.62789,758.0,96.684,49.36,397.0,185.0,0.63186,0.62789,0.63944,BREAK,2019.10.21 05:00,0,,0,,0,,0,NA,Asia,BOUNCE,2019.10.23 06:00,NA,,0.62005,UNTOUCHED,,0,,0,,0,,0,NA,Other,NA,,NA,,0.63583,BREAK,2019.10.18 04:00,0,,0,,0,,0,NA,Asia,BREAK,2019.10.22 04:00,BREAK,2019.11.04 06:00,0.62392,UNTOUCHED,,0,,0,,0,,0,NA,Other,NA,,NA,,S-ZC-UN,S-ZH-BR,B-ZC-BR,B-ZG-BR,B-ZC-BR,B-ZD-BO,S-ZD-UN,S-ZH-BR,S-ZO-UN,B-ZD-BO,B-ZC-BO,S-ZO-BR,S-ZF-BO,B-ZO-BR,B-ZB-BR,S-ZD-BO,S-ZO-UN,S-ZF-UN,B-ZF-BR,B-ZE-BR
382,2019.10.23 00:00,NZDUSD,60,86400,BUY,ZC,1,0.64159,0.63699,460.0,0.64354,0.63952,402.0,87.391,55.00,207.0,108.6,0.64159,0.63952,0.64561,BOUNCE,2019.11.01 18:00,1,2019.11.04 20:00,1,2019.11.05 19:00,1,2019.11.07 06:00,3,5d 12h,NewYork,NA,,NA,,0.63492,BREAK,2019.10.25 22:00,0,,0,,0,,0,NA,Other,BREAK,2019.11.11 02:00,UNTOUCHED,,0.64366,BOUNCE,2019.11.01 05:00,1,2019.11.05 19:00,1,2019.11.07 06:00,0,,2,6d 1h,Asia,NA,,NA,,0.63745,BREAK,2019.10.24 20:00,0,,0,,0,,0,NA,NewYork,BREAK,2019.10.28 07:00,BOUNCE,2019.10.30 22:00,B-ZB-BR,S-ZC-UN,S-ZH-BR,B-ZC-BR,B-ZG-BR,B-ZC-BR,B-ZD-BO,S-ZD-UN,S-ZH-BR,S-ZO-UN,S-ZO-BR,S-ZF-BO,B-ZO-BR,B-ZB-BR,S-ZD-BO,S-ZO-UN,S-ZF-UN,B-ZF-BR,B-ZE-BR,B-ZG-BR
383,2019.10.24 00:00,NZDUSD,60,86400,SELL,ZO,0,0.64354,0.63952,402.0,0.64261,0.63855,406.0,100.995,23.13,309.0,94.9,0.64261,0.63952,0.63546,BREAK,2019.10.25 20:00,0,,0,,0,,0,NA,NewYork,BOUNCE,2019.11.11 12:00,NA,,0.64663,BREAK,2019.12.02 14:00,0,,0,,0,,0,NA,NewYork,BREAK,2019.12.02 20:00,BREAK,2019.12.04 18:00,0.63643,BREAK,2019.10.25 13:00,0,,0,,0,,0,NA,NewYork,BOUNCE,2019.10.30 22:00,NA,,0.64570,BOUNCE,2019.11.04 06:00,1,2019.11.06 04:00,1,2019.11.06 04:00,0,,2,1d 22h,Asia,NA,,NA,,B-ZC-BO,B-ZB-BR,S-ZC-UN,S-ZH-BR,B-ZC-BR,B-ZG-BR,B-ZC-BR,B-ZD-BO,S-ZD-UN,S-ZH-BR,S-ZF-BO,B-ZO-BR,B-ZB-BR,S-ZD-BO,S-ZO-UN,S-ZF-UN,B-ZF-BR,B-ZE-BR,B-ZG-BR,B-ZE-BR
384,2019.10.25 00:00,NZDUSD,60,86400,SELL,ZF,0,0.64261,0.63855,406.0,0.64243,0.63739,504.0,124.138,4.43,388.0,95.8,0.64243,0.63855,0.63351,BOUNCE,2019.10.28 18:00,1,2019.10.31 03:00,1,2019.11.04 08:00,1,2019.11.04 11:00,3,6d 17h,NewYork,NA,,NA,,0.64649,BOUNCE,2019.11.04 11:00,1,2019.11.05 19:00,1,2019.11.07 07:00,1,2019.11.08 14:00,3,4d 3h,London,NA,,NA,,0.63467,BREAK,2019.10.28 07:00,0,,0,,0,,0,NA,London,UNTOUCHED,,NA,,0.64631,BOUNCE,2019.11.04 08:00,1,2019.11.07 07:00,1,2019.11.07 07:00,0,,2,2d 23h,London,NA,,NA,,S-ZO-BR,B-ZC-BO,B-ZB-BR,S-ZC-UN,S-ZH-BR,B-ZC-BR,B-ZG-BR,B-ZC-BR,B-ZD-BO,S-ZD-UN,B-ZO-BR,B-ZB-BR,S-ZD-BO,S-ZO-UN,S-ZF-UN,B-ZF-BR,B-ZE-BR,B-ZG-BR,B-ZE-BR,S-ZO-UN
385,2019.10.30 00:00,NZDUSD,60,86400,BUY,ZO,0,0.63597,0.63338,259.0,0.63749,0.63384,365.0,140.927,17.76,213.0,61.1,0.63597,0.63384,0.63962,BREAK,2019.10.31 01:00,0,,0,,0,,0,NA,Asia,BREAK,2019.10.31 05:00,BOUNCE,2019.11.01 13:00,0.63125,UNTOUCHED,,0,,0,,0,,0,NA,Other,NA,,NA,,0.63810,BREAK,2019.10.31 00:00,0,,0,,0,,0,NA,Asia,BREAK,2019.10.31 02:00,BREAK,2019.10.31 08:00,0.63171,BOUNCE,2019.11.11 02:00,1,2019.11.13 05:00,1,2019.11.13 05:00,0,,2,2d 3h,Asia,NA,,NA,,S-ZF-BO,S-ZO-BR,B-ZC-BO,B-ZB-BR,S-ZC-UN,S-ZH-BR,B-ZC-BR,B-ZG-BR,B-ZC-BR,B-ZD-BO,B-ZB-BR,S-ZD-BO,S-ZO-UN,S-ZF-UN,B-ZF-BR,B-ZE-BR,B-ZG-BR,B-ZE-BR,S-ZO-UN,B-ZO-BR
386,2019.11.02 00:00,NZDUSD,60,86400,BUY,ZB,1,0.64325,0.63748,577.0,0.64561,0.64065,496.0,85.962,54.94,260.0,136.2,0.64325,0.64065,0.64821,BREAK,2019.12.02 18:00,0,,0,,0,,0,NA,NewYork,BREAK,2019.12.03 12:00,BREAK,2019.12.05 03:00,0.63488,BOUNCE,2019.11.07 06:00,1,2019.11.13 05:00,1,2019.12.02 12:00,1,2019.12.02 18:00,3,3w 4d,Asia,NA,,NA,,0.64585,BOUNCE,2019.11.04 07:00,1,2019.11.05 19:00,1,2019.11.07 06:00,0,,2,2d 23h,London,NA,,NA,,0.63805,BREAK,2019.11.05 19:00,0,,0,,0,,0,NA,NewYork,BOUNCE,2019.11.07 13:00,NA,,B-ZO-BR,S-ZF-BO,S-ZO-BR,B-ZC-BO,B-ZB-BR,S-ZC-UN,S-ZH-BR,B-ZC-BR,B-ZG-BR,B-ZC-BR,S-ZD-BO,S-ZO-UN,S-ZF-UN,B-ZF-BR,B-ZE-BR,B-ZG-BR,B-ZE-BR,S-ZO-UN,B-ZO-BR,B-ZG-BO
387,2019.11.06 00:00,NZDUSD,60,86400,SELL,ZD,1,0.64653,0.63897,756.0,0.64308,0.63705,603.0,79.762,45.63,411.0,178.4,0.64308,0.63897,0.63294,BOUNCE,2019.11.08 15:00,1,2019.11.13 05:00,1,2019.12.02 14:00,1,2019.12.02 20:00,3,3w 3d,NewYork,NA,,NA,,0.65064,BREAK,2019.12.02 20:00,0,,0,,0,,0,NA,NewYork,BREAK,2019.12.06 12:00,BREAK,2019.12.13 02:00,0.63486,BREAK,2019.11.07 06:00,0,,0,,0,,0,NA,Asia,UNTOUCHED,,NA,,0.64719,BREAK,2019.12.02 14:00,0,,0,,0,,0,NA,NewYork,BREAK,2019.12.03 13:00,BREAK,2019.12.06 17:00,B-ZB-BR,B-ZO-BR,S-ZF-BO,S-ZO-BR,B-ZC-BO,B-ZB-BR,S-ZC-UN,S-ZH-BR,B-ZC-BR,B-ZG-BR,S-ZO-UN,S-ZF-UN,B-ZF-BR,B-ZE-BR,B-ZG-BR,B-ZE-BR,S-ZO-UN,B-ZO-BR,B-ZG-BO,B-ZD-BR
388,2019.11.08 00:00,NZDUSD,60,86400,SELL,ZO,0,0.63913,0.63594,319.0,0.63859,0.63415,444.0,139.185,16.93,265.0,75.3,0.63859,0.63594,0.63150,UNTOUCHED,,0,,0,,0,,0,NA,Other,NA,,NA,,0.64178,BOUNCE,2019.11.13 05:00,1,2019.11.14 19:00,0,,0,,1,1d 14h,Asia,NA,,NA,,0.63329,BREAK,2019.11.08 15:00,0,,0,,0,,0,NA,NewYork,UNTOUCHED,,NA,,0.64124,BOUNCE,2019.11.13 05:00,0,,0,,0,,0,NA,Asia,NA,,NA,,S-ZD-BO,B-ZB-BR,B-ZO-BR,S-ZF-BO,S-ZO-BR,B-ZC-BO,B-ZB-BR,S-ZC-UN,S-ZH-BR,B-ZC-BR,S-ZF-UN,B-ZF-BR,B-ZE-BR,B-ZG-BR,B-ZE-BR,S-ZO-UN,B-ZO-BR,B-ZG-BO,B-ZD-BR,B-ZB-BO
389,2019.11.09 00:00,NZDUSD,60,86400,SELL,ZF,0,0.63859,0.63415,444.0,0.63816,0.63216,600.0,135.135,9.68,401.0,104.8,0.63816,0.63415,0.62815,UNTOUCHED,,0,,0,,0,,0,NA,Other,NA,,NA,,0.64260,BREAK,2019.11.19 17:00,0,,0,,0,,0,NA,NewYork,BREAK,2019.12.02 17:00,BREAK,2019.12.03 11:00,0.63014,UNTOUCHED,,0,,0,,0,,0,NA,Other,NA,,NA,,0.64217,BREAK,2019.11.19 17:00,0,,0,,0,,0,NA,NewYork,BREAK,2019.12.02 14:00,BREAK,2019.12.03 09:00,S-ZO-UN,S-ZD-BO,B-ZB-BR,B-ZO-BR,S-ZF-BO,S-ZO-BR,B-ZC-BO,B-ZB-BR,S-ZC-UN,S-ZH-BR,B-ZF-BR,B-ZE-BR,B-ZG-BR,B-ZE-BR,S-ZO-UN,B-ZO-BR,B-ZG-BO,B-ZD-BR,B-ZB-BO,B-ZE-BO
390,2019.11.14 00:00,NZDUSD,60,86400,BUY,ZF,1,0.63676,0.63245,431.0,0.64188,0.63265,923.0,214.153,4.64,411.0,101.7,0.63676,0.63265,0.64599,BREAK,2019.12.02 12:00,0,,0,,0,,0,NA,London,BREAK,2019.12.03 07:00,BREAK,2019.12.05 03:00,0.62834,UNTOUCHED,,0,,0,,0,,0,NA,Other,NA,,NA,,0.64087,BOUNCE,2019.11.14 00:00,0,,0,,0,,0,NA,Asia,NA,,NA,,0.62854,UNTOUCHED,,0,,0,,0,,0,NA,Other,NA,,NA,,S-ZF-UN,S-ZO-UN,S-ZD-BO,B-ZB-BR,B-ZO-BR,S-ZF-BO,S-ZO-BR,B-ZC-BO,B-ZB-BR,S-ZC-UN,B-ZE-BR,B-ZG-BR,B-ZE-BR,S-ZO-UN,B-ZO-BR,B-ZG-BO,B-ZD-BR,B-ZB-BO,B-ZE-BO,B-ZG-BR
391,2019.11.21 00:00,NZDUSD,60,86400,BUY,ZE,1,0.64289,0.63814,475.0,0.64354,0.64035,319.0,67.158,46.53,254.0,112.1,0.64289,0.64035,0.64608,BREAK,2019.12.02 12:00,0,,0,,0,,0,NA,London,BREAK,2019.12.02 19:00,BREAK,2019.12.03 12:00,0.63560,UNTOUCHED,,0,,0,,0,,0,NA,Other,NA,,NA,,0.64543,BREAK,2019.12.02 11:00,0,,0,,0,,0,NA,London,BREAK,2019.12.02 19:00,BREAK,2019.12.03 11:00,0.63781,UNTOUCHED,,0,,0,,0,,0,NA,Other,NA,,NA,,B-ZF-BR,S-ZF-UN,S-ZO-UN,S-ZD-BO,B-ZB-BR,B-ZO-BR,S-ZF-BO,S-ZO-BR,B-ZC-BO,B-ZB-BR,B-ZG-BR,B-ZE-BR,S-ZO-UN,B-ZO-BR,B-ZG-BO,B-ZD-BR,B-ZB-BO,B-ZE-BO,B-ZG-BR,B-ZD-BR
392,2019.11.27 00:00,NZDUSD,60,86400,BUY,ZG,0,0.64272,0.63941,331.0,0.64275,0.64036,239.0,72.205,28.70,236.0,78.1,0.64272,0.64036,0.64511,BREAK,2019.12.02 10:00,0,,0,,0,,0,NA,London,BREAK,2019.12.02 18:00,BREAK,2019.12.02 20:00,0.63705,UNTOUCHED,,0,,0,,0,,0,NA,Other,NA,,NA,,0.64508,BREAK,2019.12.02 10:00,0,,0,,0,,0,NA,London,BREAK,2019.12.02 18:00,BREAK,2019.12.02 19:00,0.63800,UNTOUCHED,,0,,0,,0,,0,NA,Other,NA,,NA,,B-ZE-BR,B-ZF-BR,S-ZF-UN,S-ZO-UN,S-ZD-BO,B-ZB-BR,B-ZO-BR,S-ZF-BO,S-ZO-BR,B-ZC-BO,B-ZE-BR,S-ZO-UN,B-ZO-BR,B-ZG-BO,B-ZD-BR,B-ZB-BO,B-ZE-BO,B-ZG-BR,B-ZD-BR,S-ZF-BR
393,2019.11.28 00:00,NZDUSD,60,86400,BUY,ZE,1,0.64275,0.64036,239.0,0.64329,0.64127,202.0,84.519,38.08,148.0,56.4,0.64275,0.64127,0.64477,BREAK,2019.12.02 08:00,0,,0,,0,,0,NA,London,BREAK,2019.12.02 14:00,BREAK,2019.12.02 18:00,0.63888,UNTOUCHED,,0,,0,,0,,0,NA,Other,NA,,NA,,0.64423,BREAK,2019.12.02 05:00,0,,0,,0,,0,NA,Asia,BREAK,2019.12.02 12:00,BREAK,2019.12.02 17:00,0.63979,UNTOUCHED,,0,,0,,0,,0,NA,Other,NA,,NA,,B-ZG-BR,B-ZE-BR,B-ZF-BR,S-ZF-UN,S-ZO-UN,S-ZD-BO,B-ZB-BR,B-ZO-BR,S-ZF-BO,S-ZO-BR,S-ZO-UN,B-ZO-BR,B-ZG-BO,B-ZD-BR,B-ZB-BO,B-ZE-BO,B-ZG-BR,B-ZD-BR,S-ZF-BR,S-ZO-BO
394,2019.11.29 00:00,NZDUSD,60,86400,SELL,ZO,0,0.64329,0.64127,202.0,0.64299,0.64019,280.0,138.614,14.85,172.0,47.7,0.64299,0.64127,0.63847,UNTOUCHED,,0,,0,,0,,0,NA,Other,NA,,NA,,0.64501,BREAK,2019.12.02 08:00,0,,0,,0,,0,NA,London,BREAK,2019.12.02 14:00,BREAK,2019.12.02 18:00,0.63955,UNTOUCHED,,0,,0,,0,,0,NA,Other,NA,,NA,,0.64471,BREAK,2019.12.02 06:00,0,,0,,0,,0,NA,Asia,BREAK,2019.12.02 14:00,BREAK,2019.12.02 18:00,B-ZE-BR,B-ZG-BR,B-ZE-BR,B-ZF-BR,S-ZF-UN,S-ZO-UN,S-ZD-BO,B-ZB-BR,B-ZO-BR,S-ZF-BO,B-ZO-BR,B-ZG-BO,B-ZD-BR,B-ZB-BO,B-ZE-BO,B-ZG-BR,B-ZD-BR,S-ZF-BR,S-ZO-BO,B-ZD-BR
395,2019.11.30 00:00,NZDUSD,60,86400,BUY,ZO,0,0.64299,0.64019,280.0,0.64378,0.64086,292.0,104.286,23.93,213.0,66.1,0.64299,0.64086,0.64591,BREAK,2019.12.02 12:00,0,,0,,0,,0,NA,London,BREAK,2019.12.02 18:00,BREAK,2019.12.02 20:00,0.63806,UNTOUCHED,,0,,0,,0,,0,NA,Other,NA,,NA,,0.64512,BREAK,2019.12.02 10:00,0,,0,,0,,0,NA,London,BREAK,2019.12.02 17:00,BREAK,2019.12.02 19:00,0.63873,UNTOUCHED,,0,,0,,0,,0,NA,Other,NA,,NA,,S-ZO-UN,B-ZE-BR,B-ZG-BR,B-ZE-BR,B-ZF-BR,S-ZF-UN,S-ZO-UN,S-ZD-BO,B-ZB-BR,B-ZO-BR,B-ZG-BO,B-ZD-BR,B-ZB-BO,B-ZE-BO,B-ZG-BR,B-ZD-BR,S-ZF-BR,S-ZO-BO,B-ZD-BR,B-ZE-BR
396,2019.12.05 00:00,NZDUSD,60,86400,BUY,ZG,0,0.65330,0.64931,399.0,0.65399,0.65028,371.0,92.982,24.31,302.0,94.2,0.65330,0.65028,0.65701,BOUNCE,2019.12.06 15:00,0,,0,,0,,0,NA,NewYork,NA,,NA,,0.64629,UNTOUCHED,,0,,0,,0,,0,NA,Other,NA,,NA,,0.65632,BREAK,2019.12.06 10:00,0,,0,,0,,0,NA,London,BREAK,2019.12.12 00:00,BREAK,2019.12.13 02:00,0.64726,UNTOUCHED,,0,,0,,0,,0,NA,Other,NA,,NA,,B-ZO-BR,S-ZO-UN,B-ZE-BR,B-ZG-BR,B-ZE-BR,B-ZF-BR,S-ZF-UN,S-ZO-UN,S-ZD-BO,B-ZB-BR,B-ZD-BR,B-ZB-BO,B-ZE-BO,B-ZG-BR,B-ZD-BR,S-ZF-BR,S-ZO-BO,B-ZD-BR,B-ZE-BR,B-ZE-BR
397,2019.12.06 00:00,NZDUSD,60,86400,BUY,ZD,1,0.65399,0.65028,371.0,0.65616,0.65193,423.0,114.016,44.47,206.0,87.6,0.65399,0.65193,0.65822,BREAK,2019.12.11 23:00,0,,0,,0,,0,NA,Other,BOUNCE,2019.12.12 01:00,NA,,0.64822,UNTOUCHED,,0,,0,,0,,0,NA,Other,NA,,NA,,0.65605,BREAK,2019.12.06 10:00,0,,0,,0,,0,NA,London,BREAK,2019.12.11 23:00,BOUNCE,2019.12.12 03:00,0.64987,UNTOUCHED,,0,,0,,0,,0,NA,Other,NA,,NA,,B-ZG-BO,B-ZO-BR,S-ZO-UN,B-ZE-BR,B-ZG-BR,B-ZE-BR,B-ZF-BR,S-ZF-UN,S-ZO-UN,S-ZD-BO,B-ZB-BO,B-ZE-BO,B-ZG-BR,B-ZD-BR,S-ZF-BR,S-ZO-BO,B-ZD-BR,B-ZE-BR,B-ZE-BR,B-ZB-BR
398,2019.12.07 00:00,NZDUSD,60,86400,BUY,ZB,1,0.65616,0.65193,423.0,0.65757,0.65394,363.0,85.816,47.52,222.0,99.8,0.65616,0.65394,0.65979,BOUNCE,2019.12.11 23:00,0,,0,,0,,0,NA,Other,NA,,NA,,0.64971,UNTOUCHED,,0,,0,,0,,0,NA,Other,NA,,NA,,0.65838,BREAK,2019.12.11 23:00,0,,0,,0,,0,NA,Other,BREAK,2019.12.13 02:00,BREAK,2019.12.24 01:00,0.65172,UNTOUCHED,,0,,0,,0,,0,NA,Other,NA,,NA,,B-ZD-BR,B-ZG-BO,B-ZO-BR,S-ZO-UN,B-ZE-BR,B-ZG-BR,B-ZE-BR,B-ZF-BR,S-ZF-UN,S-ZO-UN,B-ZE-BO,B-ZG-BR,B-ZD-BR,S-ZF-BR,S-ZO-BO,B-ZD-BR,B-ZE-BR,B-ZE-BR,B-ZB-BR,B-ZG-UN
399,2019.12.13 00:00,NZDUSD,60,86400,BUY,ZE,1,0.66022,0.65218,804.0,0.66030,0.65737,293.0,36.443,64.55,285.0,189.7,0.66022,0.65737,0.66315,BOUNCE,2019.12.13 02:00,1,2019.12.17 12:00,0,,0,,1,4d 10h,Asia,NA,,NA,,0.64933,UNTOUCHED,,0,,0,,0,,0,NA,Other,NA,,NA,,0.66307,BOUNCE,2019.12.13 02:00,0,,0,,0,,0,NA,Asia,NA,,NA,,0.65452,UNTOUCHED,,0,,0,,0,,0,NA,Other,NA,,NA,,B-ZB-BO,B-ZD-BR,B-ZG-BO,B-ZO-BR,S-ZO-UN,B-ZE-BR,B-ZG-BR,B-ZE-BR,B-ZF-BR,S-ZF-UN,B-ZG-BR,B-ZD-BR,S-ZF-BR,S-ZO-BO,B-ZD-BR,B-ZE-BR,B-ZE-BR,B-ZB-BR,B-ZG-UN,S-ZB-BR
400,2019.12.14 00:00,NZDUSD,60,86400,BUY,ZG,1,0.66030,0.65737,293.0,0.66346,0.65804,542.0,184.983,22.87,226.0,69.1,0.66030,0.65804,0.66572,BREAK,2019.12.26 18:00,0,,0,,0,,0,NA,NewYork,BREAK,2019.12.27 13:00,BREAK,2019.12.27 20:00,0.65511,UNTOUCHED,,0,,0,,0,,0,NA,Other,NA,,NA,,0.66256,BREAK,2019.12.23 14:00,0,,0,,0,,0,NA,NewYork,BREAK,2019.12.26 17:00,BREAK,2019.12.27 04:00,0.65578,BOUNCE,2019.12.18 06:00,1,2019.12.23 14:00,1,2019.12.23 14:00,0,,2,5d 8h,Asia,NA,,NA,,B-ZE-BO,B-ZB-BO,B-ZD-BR,B-ZG-BO,B-ZO-BR,S-ZO-UN,B-ZE-BR,B-ZG-BR,B-ZE-BR,B-ZF-BR,B-ZD-BR,S-ZF-BR,S-ZO-BO,B-ZD-BR,B-ZE-BR,B-ZE-BR,B-ZB-BR,B-ZG-UN,S-ZB-BR,S-ZF-BO
401,2019.12.17 00:00,NZDUSD,60,86400,BUY,ZD,1,0.65914,0.65846,68.0,0.66138,0.65876,262.0,385.294,44.12,38.0,16.0,0.65914,0.65876,0.66176,BREAK,2019.12.23 12:00,0,,0,,0,,0,NA,London,BREAK,2019.12.23 13:00,BREAK,2019.12.23 14:00,0.65808,BREAK,2019.12.17 12:00,0,,0,,0,,0,NA,London,BREAK,2019.12.17 13:00,BREAK,2019.12.17 14:00,0.65952,BREAK,2019.12.17 00:00,0,,0,,0,,0,NA,Asia,BREAK,2019.12.17 04:00,BOUNCE,2019.12.17 07:00,0.65838,BREAK,2019.12.17 12:00,0,,0,,0,,0,NA,London,BREAK,2019.12.17 13:00,BREAK,2019.12.17 14:00,B-ZG-BR,B-ZE-BO,B-ZB-BO,B-ZD-BR,B-ZG-BO,B-ZO-BR,S-ZO-UN,B-ZE-BR,B-ZG-BR,B-ZE-BR,S-ZF-BR,S-ZO-BO,B-ZD-BR,B-ZE-BR,B-ZE-BR,B-ZB-BR,B-ZG-UN,S-ZB-BR,S-ZF-BO,S-ZO-BR
402,2019.12.18 00:00,NZDUSD,60,86400,SELL,ZF,1,0.66138,0.65876,262.0,0.66048,0.65640,408.0,155.725,34.35,172.0,61.8,0.66048,0.65876,0.65468,BREAK,2020.01.27 20:00,0,,0,,0,,0,NA,NewYork,BREAK,2020.01.28 12:00,BREAK,2020.01.29 18:00,0.66310,BREAK,2019.12.23 22:00,0,,0,,0,,0,NA,Other,BREAK,2019.12.26 17:00,BREAK,2019.12.26 22:00,0.65704,BREAK,2019.12.18 00:00,0,,0,,0,,0,NA,Asia,BREAK,2020.01.27 20:00,BREAK,2020.01.28 12:00,0.66220,BREAK,2019.12.23 12:00,0,,0,,0,,0,NA,London,BREAK,2019.12.24 20:00,BREAK,2019.12.26 19:00,B-ZD-BR,B-ZG-BR,B-ZE-BO,B-ZB-BO,B-ZD-BR,B-ZG-BO,B-ZO-BR,S-ZO-UN,B-ZE-BR,B-ZG-BR,S-ZO-BO,B-ZD-BR,B-ZE-BR,B-ZE-BR,B-ZB-BR,B-ZG-UN,S-ZB-BR,S-ZF-BO,S-ZO-BR,S-ZF-BR
403,2019.12.19 00:00,NZDUSD,60,86400,SELL,ZO,0,0.66048,0.65640,408.0,0.65903,0.65537,366.0,89.706,35.54,263.0,96.3,0.65903,0.65640,0.65274,BOUNCE,2020.01.28 12:00,0,,0,,0,,0,NA,London,NA,,NA,,0.66311,BREAK,2019.12.23 22:00,0,,0,,0,,0,NA,Other,BREAK,2019.12.26 21:00,BREAK,2019.12.27 14:00,0.65377,BREAK,2020.01.28 02:00,0,,0,,0,,0,NA,Asia,BREAK,2020.01.30 11:00,BREAK,2020.01.31 12:00,0.66166,BREAK,2019.12.23 12:00,0,,0,,0,,0,NA,London,BREAK,2019.12.26 17:00,BREAK,2019.12.27 05:00,S-ZF-BR,B-ZD-BR,B-ZG-BR,B-ZE-BO,B-ZB-BO,B-ZD-BR,B-ZG-BO,B-ZO-BR,S-ZO-UN,B-ZE-BR,B-ZD-BR,B-ZE-BR,B-ZE-BR,B-ZB-BR,B-ZG-UN,S-ZB-BR,S-ZF-BO,S-ZO-BR,S-ZF-BR,S-ZB-BO
404,2019.12.20 00:00,NZDUSD,60,86400,BUY,ZD,1,0.65903,0.65537,366.0,0.66126,0.65722,404.0,110.383,50.55,181.0,86.4,0.65903,0.65722,0.66307,BREAK,2019.12.23 22:00,0,,0,,0,,0,NA,Other,BREAK,2019.12.26 18:00,BREAK,2019.12.26 22:00,0.65356,BREAK,2020.01.28 04:00,0,,0,,0,,0,NA,Asia,BREAK,2020.01.29 18:00,BREAK,2020.01.30 18:00,0.66084,BOUNCE,2019.12.20 02:00,1,2020.01.27 18:00,1,2020.01.28 04:00,0,,2,5w 4d,Asia,NA,,NA,,0.65541,BREAK,2020.01.27 18:00,0,,0,,0,,0,NA,NewYork,BREAK,2020.01.28 12:00,BREAK,2020.01.29 18:00,S-ZO-BO,S-ZF-BR,B-ZD-BR,B-ZG-BR,B-ZE-BO,B-ZB-BO,B-ZD-BR,B-ZG-BO,B-ZO-BR,S-ZO-UN,B-ZE-BR,B-ZE-BR,B-ZB-BR,B-ZG-UN,S-ZB-BR,S-ZF-BO,S-ZO-BR,S-ZF-BR,S-ZB-BO,S-ZC-BR
405,2019.12.21 00:00,NZDUSD,60,86400,BUY,ZE,1,0.66126,0.65722,404.0,0.66134,0.65881,253.0,62.624,39.36,245.0,95.3,0.66126,0.65881,0.66379,BREAK,2019.12.24 00:00,0,,0,,0,,0,NA,Asia,BREAK,2019.12.26 22:00,BREAK,2019.12.27 15:00,0.65477,BREAK,2020.01.27 20:00,0,,0,,0,,0,NA,NewYork,BOUNCE,2020.01.29 02:00,NA,,0.66371,BREAK,2019.12.23 23:00,0,,0,,0,,0,NA,Other,BREAK,2019.12.26 22:00,BREAK,2019.12.27 15:00,0.65636,BREAK,2020.01.27 13:00,0,,0,,0,,0,NA,NewYork,BREAK,2020.01.28 12:00,BREAK,2020.01.30 07:00,B-ZD-BR,S-ZO-BO,S-ZF-BR,B-ZD-BR,B-ZG-BR,B-ZE-BO,B-ZB-BO,B-ZD-BR,B-ZG-BO,B-ZO-BR,B-ZE-BR,B-ZB-BR,B-ZG-UN,S-ZB-BR,S-ZF-BO,S-ZO-BR,S-ZF-BR,S-ZB-BO,S-ZC-BR,B-ZB-UN
406,2019.12.26 08:00,NZDUSD,60,86400,BUY,ZE,1,0.66377,0.65962,415.0,0.66482,0.66200,282.0,67.952,57.35,177.0,97.9,0.66377,0.66200,0.66659,BREAK,2019.12.26 20:00,0,,0,,0,,0,NA,NewYork,BREAK,2019.12.27 14:00,BREAK,2019.12.30 04:00,0.65785,BREAK,2020.01.27 03:00,0,,0,,0,,0,NA,Asia,BREAK,2020.01.27 19:00,BREAK,2020.01.28 12:00,0.66554,BREAK,2019.12.26 17:00,0,,0,,0,,0,NA,NewYork,BREAK,2019.12.27 12:00,BREAK,2019.12.27 15:00,0.66023,BOUNCE,2020.01.09 20:00,1,2020.01.16 16:00,1,2020.01.16 16:00,0,,2,6d 20h,NewYork,NA,,NA,,B-ZE-BR,B-ZD-BR,S-ZO-BO,S-ZF-BR,B-ZD-BR,B-ZG-BR,B-ZE-BO,B-ZB-BO,B-ZD-BR,B-ZG-BO,B-ZB-BR,B-ZG-UN,S-ZB-BR,S-ZF-BO,S-ZO-BR,S-ZF-BR,S-ZB-BO,S-ZC-BR,B-ZB-UN,S-ZG-BR
407,2019.12.28 00:00,NZDUSD,60,86400,BUY,ZB,1,0.66764,0.66425,339.0,0.67101,0.66651,450.0,132.743,66.67,113.0,80.0,0.66764,0.66651,0.67214,BREAK,2019.12.30 14:00,0,,0,,0,,0,NA,NewYork,BOUNCE,2019.12.31 02:00,NA,,0.66312,BOUNCE,2020.01.07 18:00,1,2020.01.08 11:00,0,,0,,1,17h,NewYork,NA,,NA,,0.66877,BREAK,2019.12.28 00:00,0,,0,,0,,0,NA,Asia,BREAK,2019.12.30 02:00,BREAK,2019.12.30 07:00,0.66538,BREAK,2020.01.03 13:00,0,,0,,0,,0,NA,NewYork,BREAK,2020.01.07 17:00,BOUNCE,2020.01.07 23:00,B-ZE-BR,B-ZE-BR,B-ZD-BR,S-ZO-BO,S-ZF-BR,B-ZD-BR,B-ZG-BR,B-ZE-BO,B-ZB-BO,B-ZD-BR,B-ZG-UN,S-ZB-BR,S-ZF-BO,S-ZO-BR,S-ZF-BR,S-ZB-BO,S-ZC-BR,B-ZB-UN,S-ZG-BR,S-ZO-BR
408,2020.01.01 00:00,NZDUSD,60,86400,BUY,ZG,0,0.67359,0.66930,429.0,0.67552,0.67089,463.0,107.925,37.06,270.0,101.2,0.67359,0.67089,0.67822,UNTOUCHED,,0,,0,,0,,0,NA,Other,NA,,NA,,0.66660,BREAK,2020.01.03 09:00,0,,0,,0,,0,NA,London,BREAK,2020.01.07 18:00,BREAK,2020.01.09 20:00,0.67629,UNTOUCHED,,0,,0,,0,,0,NA,Other,NA,,NA,,0.66819,BREAK,2020.01.03 06:00,0,,0,,0,,0,NA,Asia,BREAK,2020.01.03 14:00,BREAK,2020.01.08 04:00,B-ZB-BR,B-ZE-BR,B-ZE-BR,B-ZD-BR,S-ZO-BO,S-ZF-BR,B-ZD-BR,B-ZG-BR,B-ZE-BO,B-ZB-BO,S-ZB-BR,S-ZF-BO,S-ZO-BR,S-ZF-BR,S-ZB-BO,S-ZC-BR,B-ZB-UN,S-ZG-BR,S-ZO-BR,B-ZB-UN
409,2020.01.04 00:00,NZDUSD,60,86400,SELL,ZB,1,0.67247,0.66840,407.0,0.66999,0.66437,562.0,138.084,60.93,159.0,96.1,0.66999,0.66840,0.66278,BREAK,2020.01.07 18:00,0,,0,,0,,0,NA,NewYork,BREAK,2020.01.09 20:00,BREAK,2020.01.15 17:00,0.67406,UNTOUCHED,,0,,0,,0,,0,NA,Other,NA,,NA,,0.66681,BREAK,2020.01.04 00:00,0,,0,,0,,0,NA,Asia,BOUNCE,2020.01.06 13:00,NA,,0.67158,UNTOUCHED,,0,,0,,0,,0,NA,Other,NA,,NA,,B-ZG-UN,B-ZB-BR,B-ZE-BR,B-ZE-BR,B-ZD-BR,S-ZO-BO,S-ZF-BR,B-ZD-BR,B-ZG-BR,B-ZE-BO,S-ZF-BO,S-ZO-BR,S-ZF-BR,S-ZB-BO,S-ZC-BR,B-ZB-UN,S-ZG-BR,S-ZO-BR,B-ZB-UN,S-ZF-BO
410,2020.01.08 00:00,NZDUSD,60,86400,SELL,ZF,0,0.66797,0.66437,360.0,0.66787,0.66245,542.0,150.556,2.78,350.0,85.0,0.66787,0.66437,0.65895,BOUNCE,2020.01.15 17:00,1,2020.01.16 17:00,0,,0,,1,1d 0h,NewYork,NA,,NA,,0.67147,UNTOUCHED,,0,,0,,0,,0,NA,Other,NA,,NA,,0.66087,BREAK,2020.01.09 18:00,0,,0,,0,,0,NA,NewYork,BREAK,2020.01.27 13:00,BREAK,2020.01.28 12:00,0.67137,UNTOUCHED,,0,,0,,0,,0,NA,Other,NA,,NA,,S-ZB-BR,B-ZG-UN,B-ZB-BR,B-ZE-BR,B-ZE-BR,B-ZD-BR,S-ZO-BO,S-ZF-BR,B-ZD-BR,B-ZG-BR,S-ZO-BR,S-ZF-BR,S-ZB-BO,S-ZC-BR,B-ZB-UN,S-ZG-BR,S-ZO-BR,B-ZB-UN,S-ZF-BO,S-ZB-BR
411,2020.01.09 00:00,NZDUSD,60,86400,SELL,ZO,0,0.66787,0.66245,542.0,0.66718,0.66168,550.0,101.476,12.73,473.0,127.9,0.66718,0.66245,0.65695,BREAK,2020.01.27 06:00,0,,0,,0,,0,NA,Asia,BREAK,2020.01.29 18:00,BREAK,2020.01.31 13:00,0.67260,UNTOUCHED,,0,,0,,0,,0,NA,Other,NA,,NA,,0.65772,BREAK,2020.01.27 03:00,0,,0,,0,,0,NA,Asia,BREAK,2020.01.29 15:00,BREAK,2020.01.31 12:00,0.67191,UNTOUCHED,,0,,0,,0,,0,NA,Other,NA,,NA,,S-ZF-BO,S-ZB-BR,B-ZG-UN,B-ZB-BR,B-ZE-BR,B-ZE-BR,B-ZD-BR,S-ZO-BO,S-ZF-BR,B-ZD-BR,S-ZF-BR,S-ZB-BO,S-ZC-BR,B-ZB-UN,S-ZG-BR,S-ZO-BR,B-ZB-UN,S-ZF-BO,S-ZB-BR,B-ZE-UN
412,2020.01.10 00:00,NZDUSD,60,86400,SELL,ZF,0,0.66718,0.66168,550.0,0.66578,0.65995,583.0,106.000,25.45,410.0,129.8,0.66578,0.66168,0.65585,BREAK,2020.01.27 13:00,0,,0,,0,,0,NA,NewYork,BREAK,2020.01.30 11:00,BREAK,2020.01.31 12:00,0.67128,UNTOUCHED,,0,,0,,0,,0,NA,Other,NA,,NA,,0.65758,BREAK,2020.01.27 03:00,0,,0,,0,,0,NA,Asia,BREAK,2020.01.28 13:00,BREAK,2020.01.30 23:00,0.66988,UNTOUCHED,,0,,0,,0,,0,NA,Other,NA,,NA,,S-ZO-BR,S-ZF-BO,S-ZB-BR,B-ZG-UN,B-ZB-BR,B-ZE-BR,B-ZE-BR,B-ZD-BR,S-ZO-BO,S-ZF-BR,S-ZB-BO,S-ZC-BR,B-ZB-UN,S-ZG-BR,S-ZO-BR,B-ZB-UN,S-ZF-BO,S-ZB-BR,B-ZE-UN,S-ZB-BR
413,2020.01.15 00:00,NZDUSD,60,86400,SELL,ZB,1,0.66523,0.66199,324.0,0.66343,0.66029,314.0,96.914,55.56,144.0,76.5,0.66343,0.66199,0.65885,BOUNCE,2020.01.15 17:00,1,2020.01.15 20:00,1,2020.01.16 14:00,0,,2,21h,NewYork,NA,,NA,,0.66667,UNTOUCHED,,0,,0,,0,,0,NA,Other,NA,,NA,,0.66055,BOUNCE,2020.01.15 04:00,1,2020.01.16 14:00,0,,0,,1,1d 10h,Asia,NA,,NA,,0.66487,BREAK,2020.01.16 14:00,0,,0,,0,,0,NA,NewYork,UNTOUCHED,,NA,,S-ZF-BR,S-ZO-BR,S-ZF-BO,S-ZB-BR,B-ZG-UN,B-ZB-BR,B-ZE-BR,B-ZE-BR,B-ZD-BR,S-ZO-BO,S-ZC-BR,B-ZB-UN,S-ZG-BR,S-ZO-BR,B-ZB-UN,S-ZF-BO,S-ZB-BR,B-ZE-UN,S-ZB-BR,S-ZB-BR
414,2020.01.16 00:00,NZDUSD,60,86400,SELL,ZC,1,0.66343,0.66029,314.0,0.66202,0.65832,370.0,117.834,44.90,173.0,74.1,0.66202,0.66029,0.65659,BREAK,2020.01.27 12:00,0,,0,,0,,0,NA,London,BREAK,2020.01.28 02:00,BREAK,2020.01.28 12:00,0.66516,BREAK,2020.01.16 14:00,0,,0,,0,,0,NA,NewYork,UNTOUCHED,,NA,,0.65856,BOUNCE,2020.01.22 05:00,0,,0,,0,,0,NA,Asia,NA,,NA,,0.66375,BREAK,2020.01.16 12:00,0,,0,,0,,0,NA,London,BREAK,2020.01.16 17:00,UNTOUCHED,,S-ZB-BO,S-ZF-BR,S-ZO-BR,S-ZF-BO,S-ZB-BR,B-ZG-UN,B-ZB-BR,B-ZE-BR,B-ZE-BR,B-ZD-BR,B-ZB-UN,S-ZG-BR,S-ZO-BR,B-ZB-UN,S-ZF-BO,S-ZB-BR,B-ZE-UN,S-ZB-BR,S-ZB-BR,B-ZB-UN
415,2020.01.17 00:00,NZDUSD,60,86400,BUY,ZB,1,0.66202,0.65832,370.0,0.66647,0.66065,582.0,157.297,62.97,137.0,87.3,0.66202,0.66065,0.66784,UNTOUCHED,,0,,0,,0,,0,NA,Other,NA,,NA,,0.65695,BREAK,2020.01.27 06:00,0,,0,,0,,0,NA,Asia,BREAK,2020.01.27 20:00,BREAK,2020.01.28 12:00,0.66339,BREAK,2020.01.17 00:00,0,,0,,0,,0,NA,Asia,BOUNCE,2020.01.17 13:00,NA,,0.65928,BOUNCE,2020.01.20 19:00,0,,0,,0,,0,NA,NewYork,NA,,NA,,S-ZC-BR,S-ZB-BO,S-ZF-BR,S-ZO-BR,S-ZF-BO,S-ZB-BR,B-ZG-UN,B-ZB-BR,B-ZE-BR,B-ZE-BR,S-ZG-BR,S-ZO-BR,B-ZB-UN,S-ZF-BO,S-ZB-BR,B-ZE-UN,S-ZB-BR,S-ZB-BR,B-ZB-UN,S-ZE-BR
416,2020.01.22 00:00,NZDUSD,60,86400,SELL,ZG,0,0.66238,0.65916,322.0,0.66160,0.65871,289.0,89.752,24.22,244.0,76.0,0.66160,0.65916,0.65627,BREAK,2020.01.27 13:00,0,,0,,0,,0,NA,NewYork,BREAK,2020.01.28 12:00,BREAK,2020.01.29 18:00,0.66482,UNTOUCHED,,0,,0,,0,,0,NA,Other,NA,,NA,,0.65672,BREAK,2020.01.27 12:00,0,,0,,0,,0,NA,London,BREAK,2020.01.28 04:00,BREAK,2020.01.29 18:00,0.66404,UNTOUCHED,,0,,0,,0,,0,NA,Other,NA,,NA,,B-ZB-UN,S-ZC-BR,S-ZB-BO,S-ZF-BR,S-ZO-BR,S-ZF-BO,S-ZB-BR,B-ZG-UN,B-ZB-BR,B-ZE-BR,S-ZO-BR,B-ZB-UN,S-ZF-BO,S-ZB-BR,B-ZE-UN,S-ZB-BR,S-ZB-BR,B-ZB-UN,S-ZE-BR,S-ZF-BO
417,2020.01.23 00:00,NZDUSD,60,86400,SELL,ZO,0,0.66160,0.65871,289.0,0.66101,0.65807,294.0,101.730,20.42,230.0,68.2,0.66101,0.65871,0.65577,BREAK,2020.01.27 14:00,0,,0,,0,,0,NA,NewYork,BREAK,2020.01.28 12:00,BOUNCE,2020.01.29 23:00,0.66390,UNTOUCHED,,0,,0,,0,,0,NA,Other,NA,,NA,,0.65641,BREAK,2020.01.27 13:00,0,,0,,0,,0,NA,NewYork,BREAK,2020.01.28 11:00,BREAK,2020.01.29 18:00,0.66331,UNTOUCHED,,0,,0,,0,,0,NA,Other,NA,,NA,,S-ZG-BR,B-ZB-UN,S-ZC-BR,S-ZB-BO,S-ZF-BR,S-ZO-BR,S-ZF-BO,S-ZB-BR,B-ZG-UN,B-ZB-BR,B-ZB-UN,S-ZF-BO,S-ZB-BR,B-ZE-UN,S-ZB-BR,S-ZB-BR,B-ZB-UN,S-ZE-BR,S-ZF-BO,S-ZD-BR
418,2020.01.25 00:00,NZDUSD,60,86400,BUY,ZB,1,0.66087,0.65805,282.0,0.66286,0.65947,339.0,120.213,50.35,140.0,66.6,0.66087,0.65947,0.66426,UNTOUCHED,,0,,0,,0,,0,NA,Other,NA,,NA,,0.65665,BREAK,2020.01.27 12:00,0,,0,,0,,0,NA,London,BREAK,2020.01.27 20:00,BREAK,2020.01.28 12:00,0.66227,UNTOUCHED,,0,,0,,0,,0,NA,Other,NA,,NA,,0.65807,BOUNCE,2020.01.27 02:00,0,,0,,0,,0,NA,Asia,NA,,NA,,S-ZO-BR,S-ZG-BR,B-ZB-UN,S-ZC-BR,S-ZB-BO,S-ZF-BR,S-ZO-BR,S-ZF-BO,S-ZB-BR,B-ZG-UN,S-ZF-BO,S-ZB-BR,B-ZE-UN,S-ZB-BR,S-ZB-BR,B-ZB-UN,S-ZE-BR,S-ZF-BO,S-ZD-BR,S-ZE-BR
419,2020.01.31 00:00,NZDUSD,60,86400,SELL,ZF,0,0.65537,0.65052,485.0,0.65356,0.64795,561.0,115.670,37.32,304.0,114.5,0.65356,0.65052,0.64491,BOUNCE,2020.02.04 05:00,0,,0,,0,,0,NA,Asia,NA,,NA,,0.65841,UNTOUCHED,,0,,0,,0,,0,NA,Other,NA,,NA,,0.64748,BREAK,2020.01.31 12:00,0,,0,,0,,0,NA,London,BREAK,2020.02.07 12:00,BREAK,2020.02.07 21:00,0.65660,UNTOUCHED,,0,,0,,0,,0,NA,Other,NA,,NA,,B-ZB-UN,S-ZO-BR,S-ZG-BR,B-ZB-UN,S-ZC-BR,S-ZB-BO,S-ZF-BR,S-ZO-BR,S-ZF-BO,S-ZB-BR,S-ZB-BR,B-ZE-UN,S-ZB-BR,S-ZB-BR,B-ZB-UN,S-ZE-BR,S-ZF-BO,S-ZD-BR,S-ZE-BR,S-ZH-BO
420,2020.02.01 00:00,NZDUSD,60,86400,SELL,ZB,1,0.65356,0.64795,561.0,0.64953,0.64531,422.0,75.223,71.84,158.0,132.4,0.64953,0.64795,0.64373,BREAK,2020.02.07 11:00,0,,0,,0,,0,NA,London,BREAK,2020.02.07 17:00,BREAK,2020.02.10 18:00,0.65514,UNTOUCHED,,0,,0,,0,,0,NA,Other,NA,,NA,,0.64637,BREAK,2020.02.01 00:00,0,,0,,0,,0,NA,Asia,BREAK,2020.02.07 12:00,BREAK,2020.02.07 13:00,0.65111,UNTOUCHED,,0,,0,,0,,0,NA,Other,NA,,NA,,S-ZF-BO,B-ZB-UN,S-ZO-BR,S-ZG-BR,B-ZB-UN,S-ZC-BR,S-ZB-BO,S-ZF-BR,S-ZO-BR,S-ZF-BO,B-ZE-UN,S-ZB-BR,S-ZB-BR,B-ZB-UN,S-ZE-BR,S-ZF-BO,S-ZD-BR,S-ZE-BR,S-ZH-BO,B-ZO-BR
421,2020.02.06 00:00,NZDUSD,60,86400,BUY,ZE,1,0.64890,0.64490,400.0,0.65024,0.64688,336.0,84.000,49.50,202.0,94.4,0.64890,0.64688,0.65226,UNTOUCHED,,0,,0,,0,,0,NA,Other,NA,,NA,,0.64288,BREAK,2020.02.07 12:00,0,,0,,0,,0,NA,London,BREAK,2020.02.07 22:00,BREAK,2020.02.11 02:00,0.65092,UNTOUCHED,,0,,0,,0,,0,NA,Other,NA,,NA,,0.64486,BREAK,2020.02.07 04:00,0,,0,,0,,0,NA,Asia,BREAK,2020.02.07 13:00,BREAK,2020.02.07 22:00,S-ZB-BR,S-ZF-BO,B-ZB-UN,S-ZO-BR,S-ZG-BR,B-ZB-UN,S-ZC-BR,S-ZB-BO,S-ZF-BR,S-ZO-BR,S-ZB-BR,S-ZB-BR,B-ZB-UN,S-ZE-BR,S-ZF-BO,S-ZD-BR,S-ZE-BR,S-ZH-BO,B-ZO-BR,S-ZB-BO
422,2020.02.07 00:00,NZDUSD,60,86400,SELL,ZB,1,0.65024,0.64688,336.0,0.64834,0.64535,299.0,88.988,56.55,146.0,79.3,0.64834,0.64688,0.64389,BREAK,2020.02.07 11:00,0,,0,,0,,0,NA,London,BREAK,2020.02.07 13:00,BREAK,2020.02.07 21:00,0.65170,UNTOUCHED,,0,,0,,0,,0,NA,Other,NA,,NA,,0.64542,BREAK,2020.02.07 04:00,0,,0,,0,,0,NA,Asia,BREAK,2020.02.07 12:00,BREAK,2020.02.07 13:00,0.64980,UNTOUCHED,,0,,0,,0,,0,NA,Other,NA,,NA,,B-ZE-UN,S-ZB-BR,S-ZF-BO,B-ZB-UN,S-ZO-BR,S-ZG-BR,B-ZB-UN,S-ZC-BR,S-ZB-BO,S-ZF-BR,S-ZB-BR,B-ZB-UN,S-ZE-BR,S-ZF-BO,S-ZD-BR,S-ZE-BR,S-ZH-BO,B-ZO-BR,S-ZB-BO,S-ZF-BR
423,2020.02.08 00:00,NZDUSD,60,86400,SELL,ZB,1,0.64834,0.64535,299.0,0.64634,0.63975,659.0,220.401,66.89,99.0,70.6,0.64634,0.64535,0.63876,BREAK,2020.02.10 19:00,0,,0,,0,,0,NA,NewYork,BOUNCE,2020.02.11 05:00,NA,,0.64933,UNTOUCHED,,0,,0,,0,,0,NA,Other,NA,,NA,,0.64436,BREAK,2020.02.08 00:00,0,,0,,0,,0,NA,Asia,BREAK,2020.02.08 01:00,BREAK,2020.02.10 02:00,0.64733,BOUNCE,2020.02.12 06:00,1,2020.02.13 03:00,1,2020.02.13 03:00,0,,2,21h,Asia,NA,,NA,,S-ZB-BR,B-ZE-UN,S-ZB-BR,S-ZF-BO,B-ZB-UN,S-ZO-BR,S-ZG-BR,B-ZB-UN,S-ZC-BR,S-ZB-BO,B-ZB-UN,S-ZE-BR,S-ZF-BO,S-ZD-BR,S-ZE-BR,S-ZH-BO,B-ZO-BR,S-ZB-BO,S-ZF-BR,B-ZB-BO
424,2020.02.13 00:00,NZDUSD,60,86400,BUY,ZB,1,0.64206,0.63776,430.0,0.64871,0.63976,895.0,208.140,46.51,230.0,101.5,0.64206,0.63976,0.65101,UNTOUCHED,,0,,0,,0,,0,NA,Other,NA,,NA,,0.63546,BREAK,2020.02.20 06:00,0,,0,,0,,0,NA,Asia,BREAK,2020.02.21 06:00,BOUNCE,2020.02.21 18:00,0.64436,BREAK,2020.02.13 00:00,0,,0,,0,,0,NA,Asia,BOUNCE,2020.02.13 03:00,NA,,0.63746,BREAK,2020.02.19 19:00,0,,0,,0,,0,NA,NewYork,BREAK,2020.02.20 12:00,BREAK,2020.02.21 06:00,S-ZB-BR,S-ZB-BR,B-ZE-UN,S-ZB-BR,S-ZF-BO,B-ZB-UN,S-ZO-BR,S-ZG-BR,B-ZB-UN,S-ZC-BR,S-ZE-BR,S-ZF-BO,S-ZD-BR,S-ZE-BR,S-ZH-BO,B-ZO-BR,S-ZB-BO,S-ZF-BR,B-ZB-BO,B-ZC-BR
425,2020.02.15 00:00,NZDUSD,60,86400,SELL,ZE,1,0.64673,0.64278,395.0,0.64439,0.64227,212.0,53.671,59.24,161.0,93.2,0.64439,0.64278,0.64066,BREAK,2020.02.18 06:00,0,,0,,0,,0,NA,Asia,BREAK,2020.02.18 23:00,BOUNCE,2020.02.20 03:00,0.64834,UNTOUCHED,,0,,0,,0,,0,NA,Other,NA,,NA,,0.64117,BREAK,2020.02.18 05:00,0,,0,,0,,0,NA,Asia,BREAK,2020.02.18 18:00,BREAK,2020.02.19 22:00,0.64600,UNTOUCHED,,0,,0,,0,,0,NA,Other,NA,,NA,,B-ZB-UN,S-ZB-BR,S-ZB-BR,B-ZE-UN,S-ZB-BR,S-ZF-BO,B-ZB-UN,S-ZO-BR,S-ZG-BR,B-ZB-UN,S-ZF-BO,S-ZD-BR,S-ZE-BR,S-ZH-BO,B-ZO-BR,S-ZB-BO,S-ZF-BR,B-ZB-BO,B-ZC-BR,B-ZF-BR
426,2020.02.19 00:00,NZDUSD,60,86400,SELL,ZF,1,0.64472,0.64198,274.0,0.64412,0.63808,604.0,220.438,21.90,214.0,64.7,0.64412,0.64198,0.63594,BOUNCE,2020.02.20 05:00,1,2020.03.09 18:00,0,,0,,1,2w 4d,Asia,NA,,NA,,0.64686,UNTOUCHED,,0,,0,,0,,0,NA,Other,NA,,NA,,0.63984,BREAK,2020.02.19 00:00,0,,0,,0,,0,NA,Asia,BREAK,2020.02.19 21:00,BOUNCE,2020.02.20 05:00,0.64626,UNTOUCHED,,0,,0,,0,,0,NA,Other,NA,,NA,,S-ZE-BR,B-ZB-UN,S-ZB-BR,S-ZB-BR,B-ZE-UN,S-ZB-BR,S-ZF-BO,B-ZB-UN,S-ZO-BR,S-ZG-BR,S-ZD-BR,S-ZE-BR,S-ZH-BO,B-ZO-BR,S-ZB-BO,S-ZF-BR,B-ZB-BO,B-ZC-BR,B-ZF-BR,S-ZB-BO
427,2020.02.20 00:00,NZDUSD,60,86400,SELL,ZD,1,0.64412,0.63808,604.0,0.64102,0.63699,403.0,66.722,51.32,294.0,142.5,0.64102,0.63808,0.63405,BREAK,2020.02.20 12:00,0,,0,,0,,0,NA,London,BOUNCE,2020.02.21 19:00,NA,,0.64706,UNTOUCHED,,0,,0,,0,,0,NA,Other,NA,,NA,,0.63514,BREAK,2020.02.20 11:00,0,,0,,0,,0,NA,London,BREAK,2020.02.21 06:00,BOUNCE,2020.02.27 12:00,0.64396,BOUNCE,2020.03.09 18:00,1,2020.03.09 22:00,1,2020.03.09 22:00,0,,2,4h,NewYork,NA,,NA,,S-ZF-BO,S-ZE-BR,B-ZB-UN,S-ZB-BR,S-ZB-BR,B-ZE-UN,S-ZB-BR,S-ZF-BO,B-ZB-UN,S-ZO-BR,S-ZE-BR,S-ZH-BO,B-ZO-BR,S-ZB-BO,S-ZF-BR,B-ZB-BO,B-ZC-BR,B-ZF-BR,S-ZB-BO,S-ZE-BR
428,2020.02.22 00:00,NZDUSD,60,86400,SELL,ZE,1,0.63943,0.63243,700.0,0.63557,0.63030,527.0,75.286,55.14,314.0,165.2,0.63557,0.63243,0.62716,BREAK,2020.02.28 06:00,0,,0,,0,,0,NA,Asia,BREAK,2020.02.28 19:00,BOUNCE,2020.02.28 21:00,0.64257,BREAK,2020.03.09 18:00,0,,0,,0,,0,NA,NewYork,UNTOUCHED,,NA,,0.62929,BOUNCE,2020.02.26 17:00,1,2020.03.09 18:00,1,2020.03.09 18:00,0,,2,1w 5d,NewYork,NA,,NA,,0.63871,BREAK,2020.03.09 18:00,0,,0,,0,,0,NA,NewYork,BREAK,2020.03.09 19:00,UNTOUCHED,,S-ZD-BR,S-ZF-BO,S-ZE-BR,B-ZB-UN,S-ZB-BR,S-ZB-BR,B-ZE-UN,S-ZB-BR,S-ZF-BO,B-ZB-UN,S-ZH-BO,B-ZO-BR,S-ZB-BO,S-ZF-BR,B-ZB-BO,B-ZC-BR,B-ZF-BR,S-ZB-BO,S-ZE-BR,S-ZF-BR
429,2020.02.25 00:00,NZDUSD,60,86400,SELL,ZH,1,0.63564,0.63482,82.0,0.63556,0.63031,525.0,640.244,9.76,74.0,19.4,0.63556,0.63482,0.62957,BOUNCE,2020.02.26 14:00,1,2020.02.27 12:00,1,2020.03.06 12:00,1,2020.03.06 12:00,3,1w 1d,NewYork,NA,,NA,,0.63638,BREAK,2020.03.06 12:00,0,,0,,0,,0,NA,London,BOUNCE,2020.03.06 13:00,NA,,0.63408,BREAK,2020.02.25 00:00,0,,0,,0,,0,NA,Asia,BOUNCE,2020.02.25 03:00,NA,,0.63630,BREAK,2020.03.06 12:00,0,,0,,0,,0,NA,London,BOUNCE,2020.03.06 13:00,NA,,S-ZE-BR,S-ZD-BR,S-ZF-BO,S-ZE-BR,B-ZB-UN,S-ZB-BR,S-ZB-BR,B-ZE-UN,S-ZB-BR,S-ZF-BO,B-ZO-BR,S-ZB-BO,S-ZF-BR,B-ZB-BO,B-ZC-BR,B-ZF-BR,S-ZB-BO,S-ZE-BR,S-ZF-BR,S-ZB-BO
430,2020.02.26 00:00,NZDUSD,60,86400,BUY,ZO,0,0.63556,0.63031,525.0,0.63583,0.63105,478.0,91.048,14.10,451.0,123.9,0.63556,0.63105,0.64034,BREAK,2020.03.09 18:00,0,,0,,0,,0,NA,NewYork,UNTOUCHED,,NA,,0.62580,BREAK,2020.02.28 07:00,0,,0,,0,,0,NA,London,BREAK,2020.02.28 19:00,BREAK,2020.03.09 05:00,0.64007,BREAK,2020.03.09 18:00,0,,0,,0,,0,NA,NewYork,UNTOUCHED,,NA,,0.62654,BREAK,2020.02.28 06:00,0,,0,,0,,0,NA,Asia,BREAK,2020.02.28 19:00,BREAK,2020.03.09 05:00,S-ZH-BO,S-ZE-BR,S-ZD-BR,S-ZF-BO,S-ZE-BR,B-ZB-UN,S-ZB-BR,S-ZB-BR,B-ZE-UN,S-ZB-BR,S-ZB-BO,S-ZF-BR,B-ZB-BO,B-ZC-BR,B-ZF-BR,S-ZB-BO,S-ZE-BR,S-ZF-BR,S-ZB-BO,S-ZH-UN
431,2020.02.27 00:00,NZDUSD,60,86400,SELL,ZB,1,0.63583,0.63105,478.0,0.63265,0.62925,340.0,71.130,66.53,160.0,112.8,0.63265,0.63105,0.62765,BOUNCE,2020.02.28 05:00,1,2020.03.03 19:00,1,2020.03.06 11:00,1,2020.03.09 18:00,3,1w 3d,Asia,NA,,NA,,0.63743,BREAK,2020.03.09 18:00,0,,0,,0,,0,NA,NewYork,BREAK,2020.03.09 19:00,BOUNCE,2020.03.09 20:00,0.62945,BREAK,2020.02.27 00:00,0,,0,,0,,0,NA,Asia,BOUNCE,2020.02.28 05:00,NA,,0.63425,BOUNCE,2020.03.06 11:00,1,2020.03.09 05:00,1,2020.03.09 05:00,0,,2,2d 18h,London,NA,,NA,,B-ZO-BR,S-ZH-BO,S-ZE-BR,S-ZD-BR,S-ZF-BO,S-ZE-BR,B-ZB-UN,S-ZB-BR,S-ZB-BR,B-ZE-UN,S-ZF-BR,B-ZB-BO,B-ZC-BR,B-ZF-BR,S-ZB-BO,S-ZE-BR,S-ZF-BR,S-ZB-BO,S-ZH-UN,B-ZB-BO
432,2020.02.29 00:00,NZDUSD,60,86400,SELL,ZF,1,0.63342,0.62828,514.0,0.63181,0.61910,1271.0,247.276,31.32,353.0,121.3,0.63181,0.62828,0.61557,BREAK,2020.03.09 05:00,0,,0,,0,,0,NA,Asia,BREAK,2020.03.12 19:00,BOUNCE,2020.03.13 00:00,0.63695,BOUNCE,2020.03.06 13:00,1,2020.03.09 05:00,1,2020.03.09 05:00,1,2020.03.09 05:00,3,2d 16h,NewYork,NA,,NA,,0.62475,BREAK,2020.02.29 00:00,0,,0,,0,,0,NA,Asia,BOUNCE,2020.03.02 06:00,NA,,0.63534,BREAK,2020.03.06 12:00,0,,0,,0,,0,NA,London,BREAK,2020.03.09 18:00,BREAK,2020.03.09 19:00,S-ZB-BO,B-ZO-BR,S-ZH-BO,S-ZE-BR,S-ZD-BR,S-ZF-BO,S-ZE-BR,B-ZB-UN,S-ZB-BR,S-ZB-BR,B-ZB-BO,B-ZC-BR,B-ZF-BR,S-ZB-BO,S-ZE-BR,S-ZF-BR,S-ZB-BO,S-ZH-UN,B-ZB-BO,B-ZD-BO
433,2020.03.04 00:00,NZDUSD,60,86400,BUY,ZB,1,0.62783,0.61965,818.0,0.63250,0.62368,882.0,107.824,49.27,415.0,193.0,0.62783,0.62368,0.63665,BOUNCE,2020.03.06 13:00,1,2020.03.09 05:00,1,2020.03.09 05:00,1,2020.03.09 05:00,3,2d 16h,NewYork,NA,,NA,,0.61550,BREAK,2020.03.09 05:00,0,,0,,0,,0,NA,Asia,BREAK,2020.03.12 19:00,BREAK,2020.03.13 19:00,0.63198,BREAK,2020.03.05 13:00,0,,0,,0,,0,NA,NewYork,BOUNCE,2020.03.09 02:00,NA,,0.61953,BREAK,2020.03.09 05:00,0,,0,,0,,0,NA,Asia,BREAK,2020.03.12 19:00,BOUNCE,2020.03.12 20:00,S-ZF-BR,S-ZB-BO,B-ZO-BR,S-ZH-BO,S-ZE-BR,S-ZD-BR,S-ZF-BO,S-ZE-BR,B-ZB-UN,S-ZB-BR,B-ZC-BR,B-ZF-BR,S-ZB-BO,S-ZE-BR,S-ZF-BR,S-ZB-BO,S-ZH-UN,B-ZB-BO,B-ZD-BO,B-ZD-BO
434,2020.03.06 00:00,NZDUSD,60,86400,BUY,ZC,1,0.63049,0.62629,420.0,0.63336,0.62798,538.0,128.095,40.24,251.0,99.1,0.63049,0.62798,0.63587,BREAK,2020.03.06 12:00,0,,0,,0,,0,NA,London,BREAK,2020.03.09 18:00,BREAK,2020.03.09 19:00,0.62378,BREAK,2020.03.09 05:00,0,,0,,0,,0,NA,Asia,BOUNCE,2020.03.09 06:00,NA,,0.63300,BREAK,2020.03.06 10:00,0,,0,,0,,0,NA,London,BREAK,2020.03.06 12:00,BREAK,2020.03.09 18:00,0.62547,BREAK,2020.03.09 05:00,0,,0,,0,,0,NA,Asia,BREAK,2020.03.09 06:00,BOUNCE,2020.03.12 15:00,B-ZB-BO,S-ZF-BR,S-ZB-BO,B-ZO-BR,S-ZH-BO,S-ZE-BR,S-ZD-BR,S-ZF-BO,S-ZE-BR,B-ZB-UN,B-ZF-BR,S-ZB-BO,S-ZE-BR,S-ZF-BR,S-ZB-BO,S-ZH-UN,B-ZB-BO,B-ZD-BO,B-ZD-BO,S-ZH-BO
435,2020.03.07 00:00,NZDUSD,60,86400,BUY,ZF,1,0.63336,0.62798,538.0,0.63721,0.62861,860.0,159.851,11.71,475.0,127.0,0.63336,0.62861,0.64196,BREAK,2020.03.09 18:00,0,,0,,0,,0,NA,NewYork,UNTOUCHED,,NA,,0.62323,BREAK,2020.03.09 05:00,0,,0,,0,,0,NA,Asia,BREAK,2020.03.12 17:00,BREAK,2020.03.12 19:00,0.63811,BREAK,2020.03.09 18:00,0,,0,,0,,0,NA,NewYork,BOUNCE,2020.03.09 20:00,NA,,0.62386,BREAK,2020.03.09 05:00,0,,0,,0,,0,NA,Asia,BREAK,2020.03.12 16:00,BREAK,2020.03.12 19:00,B-ZC-BR,B-ZB-BO,S-ZF-BR,S-ZB-BO,B-ZO-BR,S-ZH-BO,S-ZE-BR,S-ZD-BR,S-ZF-BO,S-ZE-BR,S-ZB-BO,S-ZE-BR,S-ZF-BR,S-ZB-BO,S-ZH-UN,B-ZB-BO,B-ZD-BO,B-ZD-BO,S-ZH-BO,S-ZC-UN
436,2020.03.13 00:00,NZDUSD,60,86400,SELL,ZB,1,0.63417,0.62504,913.0,0.62778,0.60913,1865.0,204.272,69.99,274.0,215.5,0.62778,0.62504,0.60639,BOUNCE,2020.03.13 19:00,1,2020.03.16 19:00,0,,0,,1,3d 0h,NewYork,NA,,NA,,0.63691,UNTOUCHED,,0,,0,,0,,0,NA,Other,NA,,NA,,0.62230,BREAK,2020.03.13 00:00,0,,0,,0,,0,NA,Asia,BREAK,2020.03.13 01:00,BREAK,2020.03.13 02:00,0.63052,UNTOUCHED,,0,,0,,0,,0,NA,Other,NA,,NA,,B-ZF-BR,B-ZC-BR,B-ZB-BO,S-ZF-BR,S-ZB-BO,B-ZO-BR,S-ZH-BO,S-ZE-BR,S-ZD-BR,S-ZF-BO,S-ZE-BR,S-ZF-BR,S-ZB-BO,S-ZH-UN,B-ZB-BO,B-ZD-BO,B-ZD-BO,S-ZH-BO,S-ZC-UN,S-ZB-UN
437,2020.03.14 00:00,NZDUSD,60,86400,SELL,ZE,1,0.62778,0.60913,1865.0,0.61602,0.60173,1429.0,76.622,63.06,689.0,440.1,0.61602,0.60913,0.59484,BREAK,2020.03.17 14:00,0,,0,,0,,0,NA,NewYork,BREAK,2020.03.18 17:00,BREAK,2020.03.18 19:00,0.63467,UNTOUCHED,,0,,0,,0,,0,NA,Other,NA,,NA,,0.60224,BOUNCE,2020.03.16 02:00,0,,0,,0,,0,NA,Asia,NA,,NA,,0.62291,UNTOUCHED,,0,,0,,0,,0,NA,Other,NA,,NA,,S-ZB-BO,B-ZF-BR,B-ZC-BR,B-ZB-BO,S-ZF-BR,S-ZB-BO,B-ZO-BR,S-ZH-BO,S-ZE-BR,S-ZD-BR,S-ZF-BR,S-ZB-BO,S-ZH-UN,B-ZB-BO,B-ZD-BO,B-ZD-BO,S-ZH-BO,S-ZC-UN,S-ZB-UN,B-ZB-BR
438,2020.03.18 00:00,NZDUSD,60,86400,SELL,ZF,0,0.61302,0.59828,1474.0,0.60956,0.59151,1805.0,122.456,23.47,1128.0,347.9,0.60956,0.59828,0.58023,BREAK,2020.03.18 18:00,0,,0,,0,,0,NA,NewYork,BREAK,2020.03.19 04:00,BREAK,2020.03.19 05:00,0.62430,UNTOUCHED,,0,,0,,0,,0,NA,Other,NA,,NA,,0.58700,BREAK,2020.03.18 12:00,0,,0,,0,,0,NA,London,BREAK,2020.03.18 21:00,BREAK,2020.03.19 05:00,0.62084,UNTOUCHED,,0,,0,,0,,0,NA,Other,NA,,NA,,S-ZE-BR,S-ZB-BO,B-ZF-BR,B-ZC-BR,B-ZB-BO,S-ZF-BR,S-ZB-BO,B-ZO-BR,S-ZH-BO,S-ZE-BR,S-ZB-BO,S-ZH-UN,B-ZB-BO,B-ZD-BO,B-ZD-BO,S-ZH-BO,S-ZC-UN,S-ZB-UN,B-ZB-BR,B-ZG-BR
439,2020.03.19 00:00,NZDUSD,60,86400,SELL,ZB,1,0.60956,0.59151,1805.0,0.59680,0.56948,2732.0,151.357,70.69,529.0,426.0,0.59680,0.59151,0.56419,BOUNCE,2020.03.19 04:00,1,2020.03.19 17:00,1,2020.03.27 19:00,0,,2,1w 1d,Asia,NA,,NA,,0.61485,UNTOUCHED,,0,,0,,0,,0,NA,Other,NA,,NA,,0.58622,BREAK,2020.03.19 00:00,0,,0,,0,,0,NA,Asia,BREAK,2020.03.19 01:00,BREAK,2020.03.19 03:00,0.60209,BOUNCE,2020.03.27 19:00,1,2020.04.03 13:00,1,2020.04.03 13:00,0,,2,6d 18h,NewYork,NA,,NA,,S-ZF-BR,S-ZE-BR,S-ZB-BO,B-ZF-BR,B-ZC-BR,B-ZB-BO,S-ZF-BR,S-ZB-BO,B-ZO-BR,S-ZH-BO,S-ZH-UN,B-ZB-BO,B-ZD-BO,B-ZD-BO,S-ZH-BO,S-ZC-UN,S-ZB-UN,B-ZB-BR,B-ZG-BR,B-ZB-BR
440,2020.03.20 00:00,NZDUSD,60,86400,SELL,ZH,1,0.59680,0.56948,2732.0,0.59174,0.54686,4488.0,164.275,18.52,2226.0,644.8,0.59174,0.56948,0.52460,UNTOUCHED,,0,,0,,0,,0,NA,Other,NA,,NA,,0.61906,UNTOUCHED,,0,,0,,0,,0,NA,Other,NA,,NA,,0.54722,UNTOUCHED,,0,,0,,0,,0,NA,Other,NA,,NA,,0.61400,PENDING,2020.04.30 03:00,0,,0,,0,,0,NA,Asia,NA,,NA,,S-ZB-BO,S-ZF-BR,S-ZE-BR,S-ZB-BO,B-ZF-BR,B-ZC-BR,B-ZB-BO,S-ZF-BR,S-ZB-BO,B-ZO-BR,B-ZB-BO,B-ZD-BO,B-ZD-BO,S-ZH-BO,S-ZC-UN,S-ZB-UN,B-ZB-BR,B-ZG-BR,B-ZB-BR,B-ZC-BR
441,2020.03.25 00:00,NZDUSD,60,86400,BUY,ZB,1,0.57381,0.55876,1505.0,0.58394,0.56775,1619.0,107.575,59.73,606.0,355.2,0.57381,0.56775,0.59000,BOUNCE,2020.03.25 12:00,1,2020.03.26 05:00,0,,0,,1,17h,London,NA,,NA,,0.55270,UNTOUCHED,,0,,0,,0,,0,NA,Other,NA,,NA,,0.57987,BREAK,2020.03.25 00:00,0,,0,,0,,0,NA,Asia,BREAK,2020.03.25 12:00,BREAK,2020.03.26 19:00,0.56169,UNTOUCHED,,0,,0,,0,,0,NA,Other,NA,,NA,,S-ZH-UN,S-ZB-BO,S-ZF-BR,S-ZE-BR,S-ZB-BO,B-ZF-BR,B-ZC-BR,B-ZB-BO,S-ZF-BR,S-ZB-BO,B-ZD-BO,B-ZD-BO,S-ZH-BO,S-ZC-UN,S-ZB-UN,B-ZB-BR,B-ZG-BR,B-ZB-BR,B-ZC-BR,B-ZH-BR
442,2020.03.26 00:00,NZDUSD,60,86400,BUY,ZD,1,0.58394,0.56775,1619.0,0.59120,0.57873,1247.0,77.023,67.82,521.0,382.1,0.58394,0.57873,0.59641,BOUNCE,2020.03.26 19:00,1,2020.04.03 13:00,0,,0,,1,1w 0d,NewYork,NA,,NA,,0.56254,UNTOUCHED,,0,,0,,0,,0,NA,Other,NA,,NA,,0.58915,BREAK,2020.03.26 15:00,0,,0,,0,,0,NA,NewYork,BREAK,2020.03.26 22:00,BOUNCE,2020.03.27 10:00,0.57352,UNTOUCHED,,0,,0,,0,,0,NA,Other,NA,,NA,,B-ZB-BO,S-ZH-UN,S-ZB-BO,S-ZF-BR,S-ZE-BR,S-ZB-BO,B-ZF-BR,B-ZC-BR,B-ZB-BO,S-ZF-BR,B-ZD-BO,S-ZH-BO,S-ZC-UN,S-ZB-UN,B-ZB-BR,B-ZG-BR,B-ZB-BR,B-ZC-BR,B-ZH-BR,B-ZO-BR
443,2020.03.28 00:00,NZDUSD,60,86400,BUY,ZD,1,0.59882,0.57769,2113.0,0.60689,0.59095,1594.0,75.438,62.75,787.0,498.7,0.59882,0.59095,0.61476,BOUNCE,2020.04.30 08:00,0,,0,,0,,0,NA,London,NA,,NA,,0.56982,UNTOUCHED,,0,,0,,0,,0,NA,Other,NA,,NA,,0.60669,BREAK,2020.04.09 17:00,0,,0,,0,,0,NA,NewYork,BOUNCE,2020.05.01 15:00,NA,,0.58308,UNTOUCHED,,0,,0,,0,,0,NA,Other,NA,,NA,,B-ZD-BO,B-ZB-BO,S-ZH-UN,S-ZB-BO,S-ZF-BR,S-ZE-BR,S-ZB-BO,B-ZF-BR,B-ZC-BR,B-ZB-BO,S-ZH-BO,S-ZC-UN,S-ZB-UN,B-ZB-BR,B-ZG-BR,B-ZB-BR,B-ZC-BR,B-ZH-BR,B-ZO-BR,S-ZF-BO
444,2020.04.01 00:00,NZDUSD,60,86400,SELL,ZH,1,0.60627,0.59831,796.0,0.60384,0.59091,1293.0,162.437,30.53,553.0,187.9,0.60384,0.59831,0.58538,BOUNCE,2020.04.03 13:00,1,2020.04.07 07:00,1,2020.04.09 21:00,1,2020.04.14 05:00,3,1w 3d,NewYork,NA,,NA,,0.61180,BOUNCE,2020.04.14 05:00,1,2020.04.15 14:00,1,2020.04.16 20:00,0,,2,2d 15h,Asia,NA,,NA,,0.59278,BREAK,2020.04.01 02:00,0,,0,,0,,0,NA,Asia,BREAK,2020.04.03 13:00,UNTOUCHED,,0.60937,BREAK,2020.04.09 21:00,0,,0,,0,,0,NA,Other,BREAK,2020.04.30 18:00,BREAK,2020.05.26 22:00,B-ZD-BO,B-ZD-BO,B-ZB-BO,S-ZH-UN,S-ZB-BO,S-ZF-BR,S-ZE-BR,S-ZB-BO,B-ZF-BR,B-ZC-BR,S-ZC-UN,S-ZB-UN,B-ZB-BR,B-ZG-BR,B-ZB-BR,B-ZC-BR,B-ZH-BR,B-ZO-BR,S-ZF-BO,S-ZC-UN
445,2020.04.02 00:00,NZDUSD,60,86400,SELL,ZC,1,0.60384,0.59091,1293.0,0.59794,0.58788,1006.0,77.804,45.63,703.0,305.1,0.59794,0.59091,0.58085,UNTOUCHED,,0,,0,,0,,0,NA,Other,NA,,NA,,0.61087,BOUNCE,2020.04.13 21:00,1,2020.04.15 16:00,0,,0,,1,1d 19h,Other,NA,,NA,,0.58388,UNTOUCHED,,0,,0,,0,,0,NA,Other,NA,,NA,,0.60497,BREAK,2020.04.09 17:00,0,,0,,0,,0,NA,NewYork,BOUNCE,2020.04.15 09:00,NA,,S-ZH-BO,B-ZD-BO,B-ZD-BO,B-ZB-BO,S-ZH-UN,S-ZB-BO,S-ZF-BR,S-ZE-BR,S-ZB-BO,B-ZF-BR,S-ZB-UN,B-ZB-BR,B-ZG-BR,B-ZB-BR,B-ZC-BR,B-ZH-BR,B-ZO-BR,S-ZF-BO,S-ZC-UN,B-ZF-BR
446,2020.04.04 00:00,NZDUSD,60,86400,SELL,ZB,1,0.59733,0.58801,932.0,0.59260,0.58431,829.0,88.948,50.75,459.0,220.0,0.59260,0.58801,0.57972,UNTOUCHED,,0,,0,,0,,0,NA,Other,NA,,NA,,0.60192,BREAK,2020.04.08 19:00,0,,0,,0,,0,NA,NewYork,BREAK,2020.04.09 21:00,BOUNCE,2020.04.14 19:00,0.58342,UNTOUCHED,,0,,0,,0,,0,NA,Other,NA,,NA,,0.59719,BREAK,2020.04.07 08:00,0,,0,,0,,0,NA,London,BREAK,2020.04.09 16:00,BREAK,2020.04.09 21:00,S-ZC-UN,S-ZH-BO,B-ZD-BO,B-ZD-BO,B-ZB-BO,S-ZH-UN,S-ZB-BO,S-ZF-BR,S-ZE-BR,S-ZB-BO,B-ZB-BR,B-ZG-BR,B-ZB-BR,B-ZC-BR,B-ZH-BR,B-ZO-BR,S-ZF-BO,S-ZC-UN,B-ZF-BR,S-ZB-UN
447,2020.04.08 00:00,NZDUSD,60,86400,BUY,ZB,1,0.59631,0.58476,1155.0,0.60155,0.59139,1016.0,87.965,57.40,492.0,272.6,0.59631,0.59139,0.60647,BREAK,2020.04.09 17:00,0,,0,,0,,0,NA,NewYork,BOUNCE,2020.04.15 08:00,NA,,0.57984,UNTOUCHED,,0,,0,,0,,0,NA,Other,NA,,NA,,0.60123,BREAK,2020.04.08 19:00,0,,0,,0,,0,NA,NewYork,BREAK,2020.04.09 21:00,BOUNCE,2020.04.15 09:00,0.58647,UNTOUCHED,,0,,0,,0,,0,NA,Other,NA,,NA,,S-ZB-UN,S-ZC-UN,S-ZH-BO,B-ZD-BO,B-ZD-BO,B-ZB-BO,S-ZH-UN,S-ZB-BO,S-ZF-BR,S-ZE-BR,B-ZG-BR,B-ZB-BR,B-ZC-BR,B-ZH-BR,B-ZO-BR,S-ZF-BO,S-ZC-UN,B-ZF-BR,S-ZB-UN,S-ZO-UN
448,2020.04.09 00:00,NZDUSD,60,86400,BUY,ZG,0,0.60155,0.59139,1016.0,0.60306,0.59400,906.0,89.173,25.69,755.0,239.8,0.60155,0.59400,0.61061,BREAK,2020.04.13 21:00,0,,0,,0,,0,NA,Other,UNTOUCHED,,NA,,0.58384,UNTOUCHED,,0,,0,,0,,0,NA,Other,NA,,NA,,0.60910,BREAK,2020.04.09 21:00,0,,0,,0,,0,NA,Other,BOUNCE,2020.05.01 04:00,NA,,0.58645,UNTOUCHED,,0,,0,,0,,0,NA,Other,NA,,NA,,B-ZB-BR,S-ZB-UN,S-ZC-UN,S-ZH-BO,B-ZD-BO,B-ZD-BO,B-ZB-BO,S-ZH-UN,S-ZB-BO,S-ZF-BR,B-ZB-BR,B-ZC-BR,B-ZH-BR,B-ZO-BR,S-ZF-BO,S-ZC-UN,B-ZF-BR,S-ZB-UN,S-ZO-UN,B-ZB-BO
449,2020.04.10 00:00,NZDUSD,60,86400,BUY,ZB,1,0.60306,0.59400,906.0,0.60956,0.59851,1105.0,121.965,49.78,455.0,213.8,0.60306,0.59851,0.61411,BREAK,2020.04.30 03:00,0,,0,,0,,0,NA,Asia,BREAK,2020.05.26 17:00,BOUNCE,2020.05.27 17:00,0.58945,UNTOUCHED,,0,,0,,0,,0,NA,Other,NA,,NA,,0.60761,BREAK,2020.04.10 00:00,0,,0,,0,,0,NA,Asia,BOUNCE,2020.04.14 14:00,NA,,0.59396,BOUNCE,2020.04.16 19:00,1,2020.04.20 13:00,1,2020.04.20 13:00,0,,2,3d 18h,NewYork,NA,,NA,,B-ZG-BR,B-ZB-BR,S-ZB-UN,S-ZC-UN,S-ZH-BO,B-ZD-BO,B-ZD-BO,B-ZB-BO,S-ZH-UN,S-ZB-BO,B-ZC-BR,B-ZH-BR,B-ZO-BR,S-ZF-BO,S-ZC-UN,B-ZF-BR,S-ZB-UN,S-ZO-UN,B-ZB-BO,B-ZE-BR
450,2020.04.11 00:00,NZDUSD,60,86400,BUY,ZC,1,0.60956,0.59851,1105.0,0.61028,0.60499,529.0,47.873,58.64,457.0,260.8,0.60956,0.60499,0.61485,BREAK,2020.04.30 09:00,0,,0,,0,,0,NA,London,BREAK,2020.05.26 22:00,BREAK,2020.06.01 18:00,0.59394,BOUNCE,2020.04.16 19:00,1,2020.04.17 16:00,1,2020.04.30 03:00,1,2020.04.30 09:00,3,1w 6d,NewYork,NA,,NA,,0.61413,BREAK,2020.04.30 03:00,0,,0,,0,,0,NA,Asia,BREAK,2020.05.26 17:00,BOUNCE,2020.05.29 19:00,0.60042,BREAK,2020.04.15 14:00,0,,0,,0,,0,NA,NewYork,BOUNCE,2020.04.15 18:00,NA,,B-ZB-BR,B-ZG-BR,B-ZB-BR,S-ZB-UN,S-ZC-UN,S-ZH-BO,B-ZD-BO,B-ZD-BO,B-ZB-BO,S-ZH-UN,B-ZH-BR,B-ZO-BR,S-ZF-BO,S-ZC-UN,B-ZF-BR,S-ZB-UN,S-ZO-UN,B-ZB-BO,B-ZE-BR,S-ZB-BO
451,2020.04.14 00:00,NZDUSD,60,86400,BUY,ZH,1,0.60886,0.60586,300.0,0.61109,0.60594,515.0,171.667,2.67,292.0,70.8,0.60886,0.60594,0.61401,BREAK,2020.04.30 03:00,0,,0,,0,,0,NA,Asia,BOUNCE,2020.04.30 18:00,NA,,0.60294,BREAK,2020.04.15 10:00,0,,0,,0,,0,NA,London,BREAK,2020.04.15 16:00,BREAK,2020.04.15 17:00,0.61178,BREAK,2020.04.14 05:00,0,,0,,0,,0,NA,Asia,BOUNCE,2020.04.30 12:00,NA,,0.60302,BREAK,2020.04.15 10:00,0,,0,,0,,0,NA,London,BREAK,2020.04.15 16:00,BREAK,2020.04.15 17:00,B-ZC-BR,B-ZB-BR,B-ZG-BR,B-ZB-BR,S-ZB-UN,S-ZC-UN,S-ZH-BO,B-ZD-BO,B-ZD-BO,B-ZB-BO,B-ZO-BR,S-ZF-BO,S-ZC-UN,B-ZF-BR,S-ZB-UN,S-ZO-UN,B-ZB-BO,B-ZE-BR,S-ZB-BO,S-ZD-BO
452,2020.04.15 00:00,NZDUSD,60,86400,BUY,ZO,0,0.61109,0.60594,515.0,0.61303,0.60649,654.0,126.990,10.68,460.0,121.5,0.61109,0.60649,0.61763,BREAK,2020.05.26 12:00,0,,0,,0,,0,NA,London,BOUNCE,2020.05.27 17:00,NA,,0.60134,BREAK,2020.04.15 12:00,0,,0,,0,,0,NA,London,BREAK,2020.04.15 18:00,BOUNCE,2020.04.17 01:00,0.61569,BREAK,2020.04.30 18:00,0,,0,,0,,0,NA,NewYork,BREAK,2020.05.26 18:00,BREAK,2020.06.01 11:00,0.60189,BREAK,2020.04.15 11:00,0,,0,,0,,0,NA,London,BREAK,2020.04.15 16:00,BOUNCE,2020.04.17 01:00,B-ZH-BR,B-ZC-BR,B-ZB-BR,B-ZG-BR,B-ZB-BR,S-ZB-UN,S-ZC-UN,S-ZH-BO,B-ZD-BO,B-ZD-BO,S-ZF-BO,S-ZC-UN,B-ZF-BR,S-ZB-UN,S-ZO-UN,B-ZB-BO,B-ZE-BR,S-ZB-BO,S-ZD-BO,B-ZD-BR
453,2020.04.16 00:00,NZDUSD,60,86400,SELL,ZF,1,0.61303,0.60649,654.0,0.61087,0.59548,1539.0,235.321,33.03,438.0,154.3,0.61087,0.60649,0.59110,BOUNCE,2020.04.23 04:00,1,2020.04.23 15:00,1,2020.04.30 09:00,1,2020.04.30 19:00,3,1w 0d,Asia,NA,,NA,,0.61741,BOUNCE,2020.04.30 19:00,1,2020.05.01 07:00,1,2020.05.04 02:00,0,,2,3d 7h,NewYork,NA,,NA,,0.60211,BREAK,2020.04.16 00:00,0,,0,,0,,0,NA,Asia,BREAK,2020.04.16 04:00,BOUNCE,2020.04.17 01:00,0.61525,BOUNCE,2020.04.30 09:00,1,2020.05.04 02:00,1,2020.05.04 02:00,0,,2,3d 17h,London,NA,,NA,,B-ZO-BR,B-ZH-BR,B-ZC-BR,B-ZB-BR,B-ZG-BR,B-ZB-BR,S-ZB-UN,S-ZC-UN,S-ZH-BO,B-ZD-BO,S-ZC-UN,B-ZF-BR,S-ZB-UN,S-ZO-UN,B-ZB-BO,B-ZE-BR,S-ZB-BO,S-ZD-BO,B-ZD-BR,S-ZF-BO
454,2020.04.17 00:00,NZDUSD,60,86400,SELL,ZC,1,0.61087,0.59548,1539.0,0.59992,0.59213,779.0,50.617,71.15,444.0,363.2,0.59992,0.59548,0.58769,UNTOUCHED,,0,,0,,0,,0,NA,Other,NA,,NA,,0.61531,BOUNCE,2020.04.30 09:00,1,2020.05.01 16:00,0,,0,,1,1d 7h,London,NA,,NA,,0.59104,BOUNCE,2020.04.23 04:00,1,2020.04.27 05:00,1,2020.04.30 09:00,0,,2,1w 0d,Asia,NA,,NA,,0.60436,BREAK,2020.04.17 16:00,0,,0,,0,,0,NA,NewYork,BREAK,2020.04.29 22:00,BREAK,2020.04.30 18:00,S-ZF-BO,B-ZO-BR,B-ZH-BR,B-ZC-BR,B-ZB-BR,B-ZG-BR,B-ZB-BR,S-ZB-UN,S-ZC-UN,S-ZH-BO,B-ZF-BR,S-ZB-UN,S-ZO-UN,B-ZB-BO,B-ZE-BR,S-ZB-BO,S-ZD-BO,B-ZD-BR,S-ZF-BO,S-ZO-BR
455,2020.04.18 00:00,NZDUSD,60,86400,BUY,ZF,1,0.59992,0.59213,779.0,0.60510,0.59488,1022.0,131.194,35.30,504.0,183.8,0.59992,0.59488,0.61014,BREAK,2020.04.29 05:00,0,,0,,0,,0,NA,Asia,BREAK,2020.04.30 18:00,BREAK,2020.05.26 22:00,0.58709,UNTOUCHED,,0,,0,,0,,0,NA,Other,NA,,NA,,0.60496,BREAK,2020.04.20 02:00,0,,0,,0,,0,NA,Asia,BREAK,2020.04.29 22:00,BREAK,2020.04.30 18:00,0.58984,UNTOUCHED,,0,,0,,0,,0,NA,Other,NA,,NA,,S-ZC-UN,S-ZF-BO,B-ZO-BR,B-ZH-BR,B-ZC-BR,B-ZB-BR,B-ZG-BR,B-ZB-BR,S-ZB-UN,S-ZC-UN,S-ZB-UN,S-ZO-UN,B-ZB-BO,B-ZE-BR,S-ZB-BO,S-ZD-BO,B-ZD-BR,S-ZF-BO,S-ZO-BR,B-ZF-BO
456,2020.04.22 00:00,NZDUSD,60,86400,SELL,ZB,1,0.60917,0.60087,830.0,0.60446,0.59334,1112.0,133.976,56.75,359.0,195.9,0.60446,0.60087,0.58975,UNTOUCHED,,0,,0,,0,,0,NA,Other,NA,,NA,,0.61276,BREAK,2020.04.29 22:00,0,,0,,0,,0,NA,Other,BOUNCE,2020.04.30 20:00,NA,,0.59728,BREAK,2020.04.22 00:00,0,,0,,0,,0,NA,Asia,BREAK,2020.04.23 04:00,UNTOUCHED,,0.60805,BREAK,2020.04.29 03:00,0,,0,,0,,0,NA,Asia,BREAK,2020.04.30 01:00,BOUNCE,2020.04.30 12:00,B-ZF-BR,S-ZC-UN,S-ZF-BO,B-ZO-BR,B-ZH-BR,B-ZC-BR,B-ZB-BR,B-ZG-BR,B-ZB-BR,S-ZB-UN,S-ZO-UN,B-ZB-BO,B-ZE-BR,S-ZB-BO,S-ZD-BO,B-ZD-BR,S-ZF-BO,S-ZO-BR,B-ZF-BO,S-ZD-UN
457,2020.04.29 00:00,NZDUSD,60,86400,SELL,ZO,0,0.60754,0.59964,790.0,0.60729,0.59918,811.0,102.658,3.16,765.0,186.4,0.60729,0.59964,0.59153,UNTOUCHED,,0,,0,,0,,0,NA,Other,NA,,NA,,0.61519,BREAK,2020.04.30 09:00,0,,0,,0,,0,NA,London,BOUNCE,2020.05.27 19:00,NA,,0.59199,UNTOUCHED,,0,,0,,0,,0,NA,Other,NA,,NA,,0.61494,BREAK,2020.04.30 09:00,0,,0,,0,,0,NA,London,BOUNCE,2020.05.27 19:00,NA,,S-ZB-UN,B-ZF-BR,S-ZC-UN,S-ZF-BO,B-ZO-BR,B-ZH-BR,B-ZC-BR,B-ZB-BR,B-ZG-BR,B-ZB-BR,B-ZB-BO,B-ZE-BR,S-ZB-BO,S-ZD-BO,B-ZD-BR,S-ZF-BO,S-ZO-BR,B-ZF-BO,S-ZD-UN,B-ZB-BO
458,2020.04.30 00:00,NZDUSD,60,86400,BUY,ZB,1,0.60729,0.59918,811.0,0.61334,0.60454,880.0,108.508,66.09,275.0,191.4,0.60729,0.60454,0.61609,BOUNCE,2020.04.30 18:00,1,2020.05.01 02:00,1,2020.05.04 03:00,1,2020.05.14 14:00,3,1w 6d,NewYork,NA,,NA,,0.59643,BOUNCE,2020.05.14 14:00,1,2020.05.18 17:00,1,2020.05.19 18:00,1,2020.05.26 12:00,3,1w 4d,NewYork,NA,,NA,,0.61004,BREAK,2020.04.30 00:00,0,,0,,0,,0,NA,Asia,BREAK,2020.04.30 08:00,BREAK,2020.04.30 19:00,0.60179,BOUNCE,2020.05.04 03:00,1,2020.05.08 04:00,1,2020.05.08 04:00,0,,2,4d 1h,Asia,NA,,NA,,S-ZO-UN,S-ZB-UN,B-ZF-BR,S-ZC-UN,S-ZF-BO,B-ZO-BR,B-ZH-BR,B-ZC-BR,B-ZB-BR,B-ZG-BR,B-ZE-BR,S-ZB-BO,S-ZD-BO,B-ZD-BR,S-ZF-BO,S-ZO-BR,B-ZF-BO,S-ZD-UN,B-ZB-BO,B-ZE-BR
459,2020.05.01 00:00,NZDUSD,60,86400,BUY,ZE,1,0.61334,0.60454,880.0,0.61757,0.61069,688.0,78.182,69.89,265.0,207.7,0.61334,0.61069,0.62022,BREAK,2020.05.26 17:00,0,,0,,0,,0,NA,NewYork,BOUNCE,2020.05.27 16:00,NA,,0.60189,BOUNCE,2020.05.04 03:00,1,2020.05.05 09:00,1,2020.05.26 12:00,1,2020.05.26 17:00,3,3w 1d,Asia,NA,,NA,,0.61599,BREAK,2020.05.26 12:00,0,,0,,0,,0,NA,London,BREAK,2020.05.26 17:00,BOUNCE,2020.05.27 04:00,0.60804,BREAK,2020.05.01 11:00,0,,0,,0,,0,NA,London,BREAK,2020.05.04 02:00,BOUNCE,2020.05.04 11:00,B-ZB-BO,S-ZO-UN,S-ZB-UN,B-ZF-BR,S-ZC-UN,S-ZF-BO,B-ZO-BR,B-ZH-BR,B-ZC-BR,B-ZB-BR,S-ZB-BO,S-ZD-BO,B-ZD-BR,S-ZF-BO,S-ZO-BR,B-ZF-BO,S-ZD-UN,B-ZB-BO,B-ZE-BR,B-ZO-BR
460,2020.05.02 00:00,NZDUSD,60,86400,SELL,ZB,1,0.61757,0.61069,688.0,0.61371,0.60465,906.0,131.686,56.10,302.0,162.4,0.61371,0.61069,0.60163,BOUNCE,2020.05.04 03:00,1,2020.05.05 17:00,1,2020.05.26 12:00,1,2020.05.26 17:00,3,3w 1d,Asia,NA,,NA,,0.62059,BREAK,2020.05.26 17:00,0,,0,,0,,0,NA,NewYork,BOUNCE,2020.05.29 17:00,NA,,0.60767,BREAK,2020.05.02 00:00,0,,0,,0,,0,NA,Asia,BREAK,2020.05.04 02:00,BOUNCE,2020.05.04 11:00,0.61673,BREAK,2020.05.26 12:00,0,,0,,0,,0,NA,London,BREAK,2020.05.26 17:00,BOUNCE,2020.05.27 00:00,B-ZE-BR,B-ZB-BO,S-ZO-UN,S-ZB-UN,B-ZF-BR,S-ZC-UN,S-ZF-BO,B-ZO-BR,B-ZH-BR,B-ZC-BR,S-ZD-BO,B-ZD-BR,S-ZF-BO,S-ZO-BR,B-ZF-BO,S-ZD-UN,B-ZB-BO,B-ZE-BR,B-ZO-BR,B-ZD-BO
461,2020.05.05 00:00,NZDUSD,60,86400,SELL,ZD,1,0.60631,0.60556,75.0,0.60587,0.60082,505.0,673.333,58.67,31.0,17.7,0.60587,0.60556,0.60051,BOUNCE,2020.05.06 23:00,1,2020.05.07 00:00,1,2020.05.07 11:00,1,2020.05.07 19:00,3,20h,Other,NA,,NA,,0.60662,BOUNCE,2020.05.05 04:00,1,2020.05.05 05:00,1,2020.05.05 12:00,1,2020.05.06 23:00,3,1d 19h,Asia,NA,,NA,,0.60525,BREAK,2020.05.05 00:00,0,,0,,0,,0,NA,Asia,BREAK,2020.05.05 01:00,BREAK,2020.05.05 02:00,0.60618,BREAK,2020.05.05 04:00,0,,0,,0,,0,NA,Asia,BOUNCE,2020.05.05 05:00,NA,,S-ZB-BO,B-ZE-BR,B-ZB-BO,S-ZO-UN,S-ZB-UN,B-ZF-BR,S-ZC-UN,S-ZF-BO,B-ZO-BR,B-ZH-BR,B-ZD-BR,S-ZF-BO,S-ZO-BR,B-ZF-BO,S-ZD-UN,B-ZB-BO,B-ZE-BR,B-ZO-BR,B-ZD-BO,B-ZB-BR
462,2020.05.06 00:00,NZDUSD,60,86400,BUY,ZD,1,0.60587,0.60082,505.0,0.60767,0.60315,452.0,89.505,46.14,272.0,119.2,0.60587,0.60315,0.61039,BREAK,2020.05.08 04:00,0,,0,,0,,0,NA,Asia,BREAK,2020.05.08 18:00,BREAK,2020.05.26 12:00,0.59810,BREAK,2020.05.13 22:00,0,,0,,0,,0,NA,Other,BREAK,2020.05.15 18:00,BOUNCE,2020.05.18 06:00,0.60859,BOUNCE,2020.05.07 19:00,1,2020.05.13 08:00,1,2020.05.13 22:00,0,,2,6d 3h,NewYork,NA,,NA,,0.60043,BOUNCE,2020.05.06 23:00,1,2020.05.07 19:00,1,2020.05.07 19:00,0,,2,20h,Other,NA,,NA,,S-ZD-BO,S-ZB-BO,B-ZE-BR,B-ZB-BO,S-ZO-UN,S-ZB-UN,B-ZF-BR,S-ZC-UN,S-ZF-BO,B-ZO-BR,S-ZF-BO,S-ZO-BR,B-ZF-BO,S-ZD-UN,B-ZB-BO,B-ZE-BR,B-ZO-BR,B-ZD-BO,B-ZB-BR,B-ZB-BR
463,2020.05.07 00:00,NZDUSD,60,86400,SELL,ZF,1,0.60767,0.60315,452.0,0.60729,0.60035,694.0,153.540,8.41,414.0,106.7,0.60729,0.60315,0.59621,BOUNCE,2020.05.14 14:00,1,2020.05.19 02:00,1,2020.05.19 22:00,1,2020.05.19 22:00,3,5d 8h,NewYork,NA,,NA,,0.61181,BREAK,2020.05.08 05:00,0,,0,,0,,0,NA,Asia,BREAK,2020.05.26 12:00,BREAK,2020.05.26 17:00,0.59901,BREAK,2020.05.13 20:00,0,,0,,0,,0,NA,NewYork,BREAK,2020.05.15 18:00,UNTOUCHED,,0.61143,BREAK,2020.05.08 04:00,0,,0,,0,,0,NA,Asia,BOUNCE,2020.05.11 11:00,NA,,B-ZD-BR,S-ZD-BO,S-ZB-BO,B-ZE-BR,B-ZB-BO,S-ZO-UN,S-ZB-UN,B-ZF-BR,S-ZC-UN,S-ZF-BO,S-ZO-BR,B-ZF-BO,S-ZD-UN,B-ZB-BO,B-ZE-BR,B-ZO-BR,B-ZD-BO,B-ZB-BR,B-ZB-BR,B-ZG-PE
464,2020.05.13 00:00,NZDUSD,60,86400,SELL,ZO,0,0.61558,0.60535,1023.0,0.61234,0.60408,826.0,80.743,31.67,699.0,241.4,0.61234,0.60535,0.59709,BREAK,2020.05.14 05:00,0,,0,,0,,0,NA,Asia,UNTOUCHED,,NA,,0.62257,BOUNCE,2020.05.26 22:00,0,,0,,0,,0,NA,Other,NA,,NA,,0.59836,BREAK,2020.05.13 22:00,0,,0,,0,,0,NA,Other,UNTOUCHED,,NA,,0.61933,BREAK,2020.05.26 15:00,0,,0,,0,,0,NA,NewYork,BREAK,2020.06.01 18:00,BREAK,2020.06.02 18:00,S-ZF-BO,B-ZD-BR,S-ZD-BO,S-ZB-BO,B-ZE-BR,B-ZB-BO,S-ZO-UN,S-ZB-UN,B-ZF-BR,S-ZC-UN,B-ZF-BO,S-ZD-UN,B-ZB-BO,B-ZE-BR,B-ZO-BR,B-ZD-BO,B-ZB-BR,B-ZB-BR,B-ZG-PE,S-ZF-UN
465,2020.05.21 00:00,NZDUSD,60,86400,BUY,ZF,0,0.61190,0.60314,876.0,0.61578,0.60626,952.0,108.676,35.62,564.0,206.7,0.61190,0.60626,0.62142,BOUNCE,2020.05.26 17:00,0,,0,,0,,0,NA,NewYork,NA,,NA,,0.59750,UNTOUCHED,,0,,0,,0,,0,NA,Other,NA,,NA,,0.61754,BREAK,2020.05.26 12:00,0,,0,,0,,0,NA,London,BOUNCE,2020.05.27 17:00,NA,,0.60062,UNTOUCHED,,0,,0,,0,,0,NA,Other,NA,,NA,,S-ZO-BR,S-ZF-BO,B-ZD-BR,S-ZD-BO,S-ZB-BO,B-ZE-BR,B-ZB-BO,S-ZO-UN,S-ZB-UN,B-ZF-BR,S-ZD-UN,B-ZB-BO,B-ZE-BR,B-ZO-BR,B-ZD-BO,B-ZB-BR,B-ZB-BR,B-ZG-PE,S-ZF-UN,S-ZE-UN
466,2020.05.23 00:00,NZDUSD,60,86400,SELL,ZD,1,0.61498,0.61057,441.0,0.61296,0.60808,488.0,110.658,45.80,239.0,104.1,0.61296,0.61057,0.60569,UNTOUCHED,,0,,0,,0,,0,NA,Other,NA,,NA,,0.61737,BOUNCE,2020.05.26 12:00,0,,0,,0,,0,NA,London,NA,,NA,,0.60818,UNTOUCHED,,0,,0,,0,,0,NA,Other,NA,,NA,,0.61535,BREAK,2020.05.26 12:00,0,,0,,0,,0,NA,London,BREAK,2020.05.26 15:00,BREAK,2020.05.26 17:00,B-ZF-BO,S-ZO-BR,S-ZF-BO,B-ZD-BR,S-ZD-BO,S-ZB-BO,B-ZE-BR,B-ZB-BO,S-ZO-UN,S-ZB-UN,B-ZB-BO,B-ZE-BR,B-ZO-BR,B-ZD-BO,B-ZB-BR,B-ZB-BR,B-ZG-PE,S-ZF-UN,S-ZE-UN,B-ZO-BO
467,2020.05.27 00:00,NZDUSD,60,86400,BUY,ZB,1,0.61083,0.60835,248.0,0.62281,0.60929,1352.0,545.161,37.90,154.0,58.5,0.61083,0.60929,0.62435,BOUNCE,2020.06.01 05:00,0,,0,,0,,0,NA,Asia,NA,,NA,,0.60681,UNTOUCHED,,0,,0,,0,,0,NA,Other,NA,,NA,,0.61237,BREAK,2020.05.27 00:00,0,,0,,0,,0,NA,Asia,BREAK,2020.05.27 01:00,BREAK,2020.05.27 02:00,0.60775,UNTOUCHED,,0,,0,,0,,0,NA,Other,NA,,NA,,S-ZD-UN,B-ZF-BO,S-ZO-BR,S-ZF-BO,B-ZD-BR,S-ZD-BO,S-ZB-BO,B-ZE-BR,B-ZB-BO,S-ZO-UN,B-ZE-BR,B-ZO-BR,B-ZD-BO,B-ZB-BR,B-ZB-BR,B-ZG-PE,S-ZF-UN,S-ZE-UN,B-ZO-BO,S-ZH-UN
468,2020.05.28 00:00,NZDUSD,60,86400,BUY,ZE,1,0.62281,0.60929,1352.0,0.62324,0.61489,835.0,61.760,41.42,792.0,319.1,0.62281,0.61489,0.63116,BREAK,2020.06.02 13:00,0,,0,,0,,0,NA,NewYork,BREAK,2020.06.03 05:00,BREAK,2020.06.05 10:00,0.60137,UNTOUCHED,,0,,0,,0,,0,NA,Other,NA,,NA,,0.63073,BREAK,2020.06.02 13:00,0,,0,,0,,0,NA,NewYork,BREAK,2020.06.03 05:00,BREAK,2020.06.05 09:00,0.60697,UNTOUCHED,,0,,0,,0,,0,NA,Other,NA,,NA,,B-ZB-BO,S-ZD-UN,B-ZF-BO,S-ZO-BR,S-ZF-BO,B-ZD-BR,S-ZD-BO,S-ZB-BO,B-ZE-BR,B-ZB-BO,B-ZO-BR,B-ZD-BO,B-ZB-BR,B-ZB-BR,B-ZG-PE,S-ZF-UN,S-ZE-UN,B-ZO-BO,S-ZH-UN,B-ZE-BO
469,2020.05.30 00:00,NZDUSD,60,86400,BUY,ZO,0,0.62281,0.61670,611.0,0.62398,0.61687,711.0,116.367,2.78,594.0,144.2,0.62281,0.61687,0.62992,BREAK,2020.06.02 01:00,0,,0,,0,,0,NA,Asia,BREAK,2020.06.03 03:00,BREAK,2020.06.03 19:00,0.61076,UNTOUCHED,,0,,0,,0,,0,NA,Other,NA,,NA,,0.62875,BREAK,2020.06.01 18:00,0,,0,,0,,0,NA,NewYork,BREAK,2020.06.02 18:00,BREAK,2020.06.03 05:00,0.61093,UNTOUCHED,,0,,0,,0,,0,NA,Other,NA,,NA,,B-ZE-BR,B-ZB-BO,S-ZD-UN,B-ZF-BO,S-ZO-BR,S-ZF-BO,B-ZD-BR,S-ZD-BO,S-ZB-BO,B-ZE-BR,B-ZD-BO,B-ZB-BR,B-ZB-BR,B-ZG-PE,S-ZF-UN,S-ZE-UN,B-ZO-BO,S-ZH-UN,B-ZE-BO,S-ZF-UN
470,2020.06.03 00:00,NZDUSD,60,86400,BUY,ZD,1,0.62989,0.61853,1136.0,0.63684,0.62630,1054.0,92.782,68.40,359.0,268.1,0.62989,0.62630,0.64043,BOUNCE,2020.06.03 04:00,0,,0,,0,,0,NA,Asia,NA,,NA,,0.61494,UNTOUCHED,,0,,0,,0,,0,NA,Other,NA,,NA,,0.63348,BREAK,2020.06.03 00:00,0,,0,,0,,0,NA,Asia,BREAK,2020.06.03 04:00,BOUNCE,2020.06.03 15:00,0.62271,UNTOUCHED,,0,,0,,0,,0,NA,Other,NA,,NA,,B-ZO-BR,B-ZE-BR,B-ZB-BO,S-ZD-UN,B-ZF-BO,S-ZO-BR,S-ZF-BO,B-ZD-BR,S-ZD-BO,S-ZB-BO,B-ZB-BR,B-ZB-BR,B-ZG-PE,S-ZF-UN,S-ZE-UN,B-ZO-BO,S-ZH-UN,B-ZE-BO,S-ZF-UN,S-ZE-UN
471,2020.06.05 00:00,NZDUSD,60,86400,BUY,ZB,1,0.64435,0.63558,877.0,0.64780,0.64032,748.0,85.291,54.05,403.0,207.0,0.64435,0.64032,0.65183,BREAK,2020.06.05 16:00,0,,0,,0,,0,NA,NewYork,BREAK,2020.06.09 04:00,BOUNCE,2020.07.09 19:00,0.63155,UNTOUCHED,,0,,0,,0,,0,NA,Other,NA,,NA,,0.64838,BREAK,2020.06.05 08:00,0,,0,,0,,0,NA,London,BREAK,2020.06.08 19:00,BOUNCE,2020.06.09 10:00,0.63629,UNTOUCHED,,0,,0,,0,,0,NA,Other,NA,,NA,,B-ZD-BO,B-ZO-BR,B-ZE-BR,B-ZB-BO,S-ZD-UN,B-ZF-BO,S-ZO-BR,S-ZF-BO,B-ZD-BR,S-ZD-BO,B-ZB-BR,B-ZG-PE,S-ZF-UN,S-ZE-UN,B-ZO-BO,S-ZH-UN,B-ZE-BO,S-ZF-UN,S-ZE-UN,B-ZO-BR
472,2020.06.06 00:00,NZDUSD,60,86400,BUY,ZB,1,0.64780,0.64032,748.0,0.65281,0.64526,755.0,100.936,66.04,254.0,176.5,0.64780,0.64526,0.65535,BREAK,2020.06.08 21:00,0,,0,,0,,0,NA,Other,BOUNCE,2020.06.10 22:00,NA,,0.63778,UNTOUCHED,,0,,0,,0,,0,NA,Other,NA,,NA,,0.65034,BREAK,2020.06.06 00:00,0,,0,,0,,0,NA,Asia,BREAK,2020.06.08 19:00,BREAK,2020.06.09 04:00,0.64272,BREAK,2020.06.11 22:00,0,,0,,0,,0,NA,Other,BOUNCE,2020.06.12 09:00,NA,,B-ZB-BR,B-ZD-BO,B-ZO-BR,B-ZE-BR,B-ZB-BO,S-ZD-UN,B-ZF-BO,S-ZO-BR,S-ZF-BO,B-ZD-BR,B-ZG-PE,S-ZF-UN,S-ZE-UN,B-ZO-BO,S-ZH-UN,B-ZE-BO,S-ZF-UN,S-ZE-UN,B-ZO-BR,B-ZD-BR
473,2020.06.11 00:00,NZDUSD,60,86400,BUY,ZG,0,0.65802,0.64686,1116.0,0.65840,0.64949,891.0,79.839,23.57,853.0,263.4,0.65802,0.64949,0.66693,PENDING,2020.07.22 11:00,0,,0,,0,,0,NA,London,NA,,NA,,0.63833,BOUNCE,2020.06.15 10:00,1,2020.07.06 09:00,1,2020.07.22 11:00,1,2020.07.22 11:00,3,5w 2d,London,NA,,NA,,0.66655,PENDING,2020.07.22 11:00,0,,0,,0,,0,NA,London,NA,,NA,,0.64096,BREAK,2020.06.12 02:00,0,,0,,0,,0,NA,Asia,UNTOUCHED,,NA,,B-ZB-BR,B-ZB-BR,B-ZD-BO,B-ZO-BR,B-ZE-BR,B-ZB-BO,S-ZD-UN,B-ZF-BO,S-ZO-BR,S-ZF-BO,S-ZF-UN,S-ZE-UN,B-ZO-BO,S-ZH-UN,B-ZE-BO,S-ZF-UN,S-ZE-UN,B-ZO-BR,B-ZD-BR,B-ZF-BR
474,2020.06.12 00:00,NZDUSD,60,86400,SELL,ZF,1,0.65840,0.64949,891.0,0.65509,0.64110,1399.0,157.015,37.15,560.0,210.3,0.65509,0.64949,0.63550,UNTOUCHED,,0,,0,,0,,0,NA,Other,NA,,NA,,0.66400,BREAK,2020.07.21 21:00,0,,0,,0,,0,NA,Other,BOUNCE,2020.07.28 11:00,NA,,0.64389,BREAK,2020.06.12 00:00,0,,0,,0,,0,NA,Asia,BOUNCE,2020.06.15 15:00,NA,,0.66069,BREAK,2020.07.21 14:00,0,,0,,0,,0,NA,NewYork,BREAK,2020.07.22 16:00,BREAK,2020.08.28 18:00,B-ZG-PE,B-ZB-BR,B-ZB-BR,B-ZD-BO,B-ZO-BR,B-ZE-BR,B-ZB-BO,S-ZD-UN,B-ZF-BO,S-ZO-BR,S-ZE-UN,B-ZO-BO,S-ZH-UN,B-ZE-BO,S-ZF-UN,S-ZE-UN,B-ZO-BR,B-ZD-BR,B-ZF-BR,B-ZO-BR
475,2020.06.13 00:00,NZDUSD,60,86400,SELL,ZE,1,0.65509,0.64110,1399.0,0.64769,0.63937,832.0,59.471,52.89,659.0,330.2,0.64769,0.64110,0.63278,UNTOUCHED,,0,,0,,0,,0,NA,Other,NA,,NA,,0.66168,BREAK,2020.07.21 16:00,0,,0,,0,,0,NA,NewYork,BOUNCE,2020.07.24 14:00,NA,,0.63451,UNTOUCHED,,0,,0,,0,,0,NA,Other,NA,,NA,,0.65428,BREAK,2020.07.06 04:00,0,,0,,0,,0,NA,Asia,BREAK,2020.07.21 21:00,BREAK,2020.07.31 09:00,S-ZF-UN,B-ZG-PE,B-ZB-BR,B-ZB-BR,B-ZD-BO,B-ZO-BR,B-ZE-BR,B-ZB-BO,S-ZD-UN,B-ZF-BO,B-ZO-BO,S-ZH-UN,B-ZE-BO,S-ZF-UN,S-ZE-UN,B-ZO-BR,B-ZD-BR,B-ZF-BR,B-ZO-BR,B-ZE-BR
476,2020.06.17 00:00,NZDUSD,60,86400,BUY,ZO,0,0.64841,0.63810,1031.0,0.65065,0.64116,949.0,92.047,29.68,725.0,243.3,0.64841,0.64116,0.65790,BOUNCE,2020.07.07 04:00,0,,0,,0,,0,NA,Asia,NA,,NA,,0.63085,UNTOUCHED,,0,,0,,0,,0,NA,Other,NA,,NA,,0.65566,BREAK,2020.07.06 09:00,0,,0,,0,,0,NA,London,BREAK,2020.07.22 09:00,BOUNCE,2020.07.30 10:00,0.63391,UNTOUCHED,,0,,0,,0,,0,NA,Other,NA,,NA,,S-ZE-UN,S-ZF-UN,B-ZG-PE,B-ZB-BR,B-ZB-BR,B-ZD-BO,B-ZO-BR,B-ZE-BR,B-ZB-BO,S-ZD-UN,S-ZH-UN,B-ZE-BO,S-ZF-UN,S-ZE-UN,B-ZO-BR,B-ZD-BR,B-ZF-BR,B-ZO-BR,B-ZE-BR,S-ZO-BO
477,2020.06.20 00:00,NZDUSD,60,86400,SELL,ZH,0,0.64777,0.64183,594.0,0.64574,0.64003,571.0,96.128,34.18,391.0,140.2,0.64574,0.64183,0.63612,UNTOUCHED,,0,,0,,0,,0,NA,Other,NA,,NA,,0.65168,BREAK,2020.06.23 16:00,0,,0,,0,,0,NA,NewYork,BREAK,2020.07.07 04:00,BOUNCE,2020.07.09 19:00,0.63792,UNTOUCHED,,0,,0,,0,,0,NA,Other,NA,,NA,,0.64965,BOUNCE,2020.06.23 03:00,0,,0,,0,,0,NA,Asia,NA,,NA,,B-ZO-BO,S-ZE-UN,S-ZF-UN,B-ZG-PE,B-ZB-BR,B-ZB-BR,B-ZD-BO,B-ZO-BR,B-ZE-BR,B-ZB-BO,B-ZE-BO,S-ZF-UN,S-ZE-UN,B-ZO-BR,B-ZD-BR,B-ZF-BR,B-ZO-BR,B-ZE-BR,S-ZO-BO,B-ZB-BR
478,2020.06.24 00:00,NZDUSD,60,86400,BUY,ZE,1,0.64942,0.63800,1142.0,0.65331,0.64362,969.0,84.851,49.21,580.0,269.5,0.64942,0.64362,0.65911,BOUNCE,2020.07.09 11:00,0,,0,,0,,0,NA,London,NA,,NA,,0.63220,UNTOUCHED,,0,,0,,0,,0,NA,Other,NA,,NA,,0.65522,BREAK,2020.07.06 05:00,0,,0,,0,,0,NA,Asia,BREAK,2020.07.21 21:00,BREAK,2020.07.28 05:00,0.63782,UNTOUCHED,,0,,0,,0,,0,NA,Other,NA,,NA,,S-ZH-UN,B-ZO-BO,S-ZE-UN,S-ZF-UN,B-ZG-PE,B-ZB-BR,B-ZB-BR,B-ZD-BO,B-ZO-BR,B-ZE-BR,S-ZF-UN,S-ZE-UN,B-ZO-BR,B-ZD-BR,B-ZF-BR,B-ZO-BR,B-ZE-BR,S-ZO-BO,B-ZB-BR,S-ZO-BO
479,2020.06.25 00:00,NZDUSD,60,86400,SELL,ZF,0,0.65331,0.64362,969.0,0.65139,0.64044,1095.0,113.003,19.81,777.0,228.7,0.65139,0.64362,0.63267,UNTOUCHED,,0,,0,,0,,0,NA,Other,NA,,NA,,0.66108,BREAK,2020.07.21 14:00,0,,0,,0,,0,NA,NewYork,BREAK,2020.07.31 10:00,BOUNCE,2020.09.04 03:00,0.63585,UNTOUCHED,,0,,0,,0,,0,NA,Other,NA,,NA,,0.65916,BOUNCE,2020.07.09 12:00,0,,0,,0,,0,NA,London,NA,,NA,,B-ZE-BO,S-ZH-UN,B-ZO-BO,S-ZE-UN,S-ZF-UN,B-ZG-PE,B-ZB-BR,B-ZB-BR,B-ZD-BO,B-ZO-BR,S-ZE-UN,B-ZO-BR,B-ZD-BR,B-ZF-BR,B-ZO-BR,B-ZE-BR,S-ZO-BO,B-ZB-BR,S-ZO-BO,B-ZD-BO
480,2020.06.26 00:00,NZDUSD,60,86400,SELL,ZE,1,0.65139,0.64044,1095.0,0.64419,0.63983,436.0,39.817,65.75,375.0,258.4,0.64419,0.64044,0.63608,UNTOUCHED,,0,,0,,0,,0,NA,Other,NA,,NA,,0.65514,BREAK,2020.07.06 05:00,0,,0,,0,,0,NA,Asia,BOUNCE,2020.07.09 19:00,NA,,0.63669,UNTOUCHED,,0,,0,,0,,0,NA,Other,NA,,NA,,0.64794,BREAK,2020.07.01 18:00,0,,0,,0,,0,NA,NewYork,BREAK,2020.07.06 04:00,BREAK,2020.07.09 04:00,S-ZF-UN,B-ZE-BO,S-ZH-UN,B-ZO-BO,S-ZE-UN,S-ZF-UN,B-ZG-PE,B-ZB-BR,B-ZB-BR,B-ZD-BO,B-ZO-BR,B-ZD-BR,B-ZF-BR,B-ZO-BR,B-ZE-BR,S-ZO-BO,B-ZB-BR,S-ZO-BO,B-ZD-BO,S-ZC-BO
481,2020.06.27 00:00,NZDUSD,60,86400,BUY,ZO,0,0.64419,0.63983,436.0,0.64500,0.64018,482.0,110.550,8.03,401.0,102.9,0.64419,0.64018,0.64901,BREAK,2020.07.02 01:00,0,,0,,0,,0,NA,Asia,BREAK,2020.07.06 04:00,BOUNCE,2020.07.07 12:00,0.63582,UNTOUCHED,,0,,0,,0,,0,NA,Other,NA,,NA,,0.64820,BREAK,2020.07.01 18:00,0,,0,,0,,0,NA,NewYork,BREAK,2020.07.02 16:00,BREAK,2020.07.07 04:00,0.63617,UNTOUCHED,,0,,0,,0,,0,NA,Other,NA,,NA,,S-ZE-UN,S-ZF-UN,B-ZE-BO,S-ZH-UN,B-ZO-BO,S-ZE-UN,S-ZF-UN,B-ZG-PE,B-ZB-BR,B-ZB-BR,B-ZD-BR,B-ZF-BR,B-ZO-BR,B-ZE-BR,S-ZO-BO,B-ZB-BR,S-ZO-BO,B-ZD-BO,S-ZC-BO,B-ZO-BR
482,2020.07.02 00:00,NZDUSD,60,86400,BUY,ZD,1,0.64610,0.63846,764.0,0.64889,0.64397,492.0,64.398,72.12,213.0,180.3,0.64610,0.64397,0.65102,BREAK,2020.07.02 12:00,0,,0,,0,,0,NA,London,BOUNCE,2020.07.02 17:00,NA,,0.63633,UNTOUCHED,,0,,0,,0,,0,NA,Other,NA,,NA,,0.64823,BREAK,2020.07.02 01:00,0,,0,,0,,0,NA,Asia,BREAK,2020.07.02 15:00,BOUNCE,2020.07.02 19:00,0.64184,UNTOUCHED,,0,,0,,0,,0,NA,Other,NA,,NA,,B-ZO-BR,S-ZE-UN,S-ZF-UN,B-ZE-BO,S-ZH-UN,B-ZO-BO,S-ZE-UN,S-ZF-UN,B-ZG-PE,B-ZB-BR,B-ZF-BR,B-ZO-BR,B-ZE-BR,S-ZO-BO,B-ZB-BR,S-ZO-BO,B-ZD-BO,S-ZC-BO,B-ZO-BR,S-ZO-BO
483,2020.07.07 00:00,NZDUSD,60,86400,BUY,ZF,1,0.65374,0.65075,299.0,0.65656,0.65169,487.0,162.876,31.44,205.0,70.6,0.65374,0.65169,0.65861,BREAK,2020.07.09 08:00,0,,0,,0,,0,NA,London,BREAK,2020.07.21 16:00,BREAK,2020.07.21 20:00,0.64870,UNTOUCHED,,0,,0,,0,,0,NA,Other,NA,,NA,,0.65579,BREAK,2020.07.07 00:00,0,,0,,0,,0,NA,Asia,BREAK,2020.07.09 08:00,BOUNCE,2020.07.09 17:00,0.64964,UNTOUCHED,,0,,0,,0,,0,NA,Other,NA,,NA,,B-ZD-BR,B-ZO-BR,S-ZE-UN,S-ZF-UN,B-ZE-BO,S-ZH-UN,B-ZO-BO,S-ZE-UN,S-ZF-UN,B-ZG-PE,B-ZO-BR,B-ZE-BR,S-ZO-BO,B-ZB-BR,S-ZO-BO,B-ZD-BO,S-ZC-BO,B-ZO-BR,S-ZO-BO,B-ZO-BR
484,2020.07.08 00:00,NZDUSD,60,86400,BUY,ZO,0,0.65656,0.65169,487.0,0.65801,0.65188,613.0,125.873,3.90,468.0,114.9,0.65656,0.65188,0.66269,BREAK,2020.07.21 16:00,0,,0,,0,,0,NA,NewYork,BREAK,2020.07.22 16:00,BREAK,2020.08.28 18:00,0.64701,UNTOUCHED,,0,,0,,0,,0,NA,Other,NA,,NA,,0.66124,BREAK,2020.07.21 16:00,0,,0,,0,,0,NA,NewYork,BREAK,2020.07.22 11:00,BOUNCE,2020.07.31 15:00,0.64720,UNTOUCHED,,0,,0,,0,,0,NA,Other,NA,,NA,,B-ZF-BR,B-ZD-BR,B-ZO-BR,S-ZE-UN,S-ZF-UN,B-ZE-BO,S-ZH-UN,B-ZO-BO,S-ZE-UN,S-ZF-UN,B-ZE-BR,S-ZO-BO,B-ZB-BR,S-ZO-BO,B-ZD-BO,S-ZC-BO,B-ZO-BR,S-ZO-BO,B-ZO-BR,B-ZF-BR
485,2020.07.10 00:00,NZDUSD,60,86400,BUY,ZE,1,0.65778,0.65243,535.0,0.66002,0.65506,496.0,92.710,49.16,272.0,126.3,0.65778,0.65506,0.66274,BREAK,2020.07.21 17:00,0,,0,,0,,0,NA,NewYork,BREAK,2020.07.22 11:00,BOUNCE,2020.07.22 18:00,0.64971,UNTOUCHED,,0,,0,,0,,0,NA,Other,NA,,NA,,0.66050,BREAK,2020.07.21 14:00,0,,0,,0,,0,NA,NewYork,BREAK,2020.07.21 22:00,BREAK,2020.07.22 11:00,0.65234,BREAK,2020.07.14 11:00,0,,0,,0,,0,NA,London,BOUNCE,2020.08.20 22:00,NA,,B-ZO-BR,B-ZF-BR,B-ZD-BR,B-ZO-BR,S-ZE-UN,S-ZF-UN,B-ZE-BO,S-ZH-UN,B-ZO-BO,S-ZE-UN,S-ZO-BO,B-ZB-BR,S-ZO-BO,B-ZD-BO,S-ZC-BO,B-ZO-BR,S-ZO-BO,B-ZO-BR,B-ZF-BR,S-ZE-BO
486,2020.07.11 00:00,NZDUSD,60,86400,SELL,ZO,0,0.66002,0.65506,496.0,0.65881,0.65456,425.0,85.685,24.40,375.0,117.1,0.65881,0.65506,0.65081,BOUNCE,2020.07.14 17:00,1,2020.07.15 17:00,1,2020.07.21 16:00,1,2020.07.21 21:00,3,1w 0d,NewYork,NA,,NA,,0.66377,BREAK,2020.07.21 21:00,0,,0,,0,,0,NA,Other,BREAK,2020.07.22 16:00,BOUNCE,2020.07.31 13:00,0.65131,BOUNCE,2020.07.14 11:00,1,2020.07.21 16:00,1,2020.07.21 21:00,0,,2,1w 0d,London,NA,,NA,,0.66256,BREAK,2020.07.21 16:00,0,,0,,0,,0,NA,NewYork,BREAK,2020.07.22 15:00,BOUNCE,2020.07.28 07:00,B-ZE-BR,B-ZO-BR,B-ZF-BR,B-ZD-BR,B-ZO-BR,S-ZE-UN,S-ZF-UN,B-ZE-BO,S-ZH-UN,B-ZO-BO,B-ZB-BR,S-ZO-BO,B-ZD-BO,S-ZC-BO,B-ZO-BR,S-ZO-BO,B-ZO-BR,B-ZF-BR,S-ZE-BO,S-ZE-BO
487,2020.07.16 00:00,NZDUSD,60,86400,BUY,ZB,1,0.65442,0.65024,418.0,0.65834,0.65228,606.0,144.976,48.80,214.0,98.6,0.65442,0.65228,0.66048,BREAK,2020.07.21 14:00,0,,0,,0,,0,NA,NewYork,BREAK,2020.07.21 20:00,BREAK,2020.07.22 09:00,0.64810,UNTOUCHED,,0,,0,,0,,0,NA,Other,NA,,NA,,0.65656,BREAK,2020.07.16 00:00,0,,0,,0,,0,NA,Asia,BOUNCE,2020.07.21 08:00,NA,,0.65014,BOUNCE,2020.08.20 16:00,1,2020.08.26 12:00,1,2020.08.26 12:00,0,,2,5d 20h,NewYork,NA,,NA,,S-ZO-BO,B-ZE-BR,B-ZO-BR,B-ZF-BR,B-ZD-BR,B-ZO-BR,S-ZE-UN,S-ZF-UN,B-ZE-BO,S-ZH-UN,S-ZO-BO,B-ZD-BO,S-ZC-BO,B-ZO-BR,S-ZO-BO,B-ZO-BR,B-ZF-BR,S-ZE-BO,S-ZE-BO,B-ZH-BR
488,2020.07.18 00:00,NZDUSD,60,86400,SELL,ZO,0,0.65778,0.65276,502.0,0.65654,0.65271,383.0,76.295,24.70,378.0,118.5,0.65654,0.65276,0.64893,BOUNCE,2020.08.20 17:00,1,2020.08.26 12:00,1,2020.08.26 19:00,1,2020.08.26 20:00,3,6d 3h,NewYork,NA,,NA,,0.66156,BREAK,2020.07.21 16:00,0,,0,,0,,0,NA,NewYork,BREAK,2020.07.22 11:00,BOUNCE,2020.07.28 08:00,0.64898,BOUNCE,2020.08.20 17:00,1,2020.08.26 19:00,1,2020.08.26 20:00,0,,2,6d 3h,NewYork,NA,,NA,,0.66032,BREAK,2020.07.21 14:00,0,,0,,0,,0,NA,NewYork,BREAK,2020.07.22 09:00,BOUNCE,2020.07.23 16:00,B-ZB-BR,S-ZO-BO,B-ZE-BR,B-ZO-BR,B-ZF-BR,B-ZD-BR,B-ZO-BR,S-ZE-UN,S-ZF-UN,B-ZE-BO,B-ZD-BO,S-ZC-BO,B-ZO-BR,S-ZO-BO,B-ZO-BR,B-ZF-BR,S-ZE-BO,S-ZE-BO,B-ZH-BR,B-ZO-BR
489,2020.07.22 00:00,NZDUSD,60,86400,BUY,ZD,1,0.65759,0.65381,378.0,0.66496,0.65586,910.0,240.741,54.23,173.0,89.2,0.65759,0.65586,0.66669,BOUNCE,2020.07.22 11:00,1,2020.07.22 12:00,1,2020.08.12 06:00,1,2020.08.17 15:00,3,3w 5d,London,NA,,NA,,0.65208,BOUNCE,2020.08.17 15:00,1,2020.08.17 23:00,1,2020.08.18 17:00,1,2020.08.27 17:00,3,1w 3d,NewYork,NA,,NA,,0.65932,BREAK,2020.07.22 00:00,0,,0,,0,,0,NA,Asia,BREAK,2020.07.22 01:00,BREAK,2020.07.22 02:00,0.65413,BREAK,2020.08.12 06:00,0,,0,,0,,0,NA,Asia,BOUNCE,2020.08.17 17:00,NA,,S-ZO-BO,B-ZB-BR,S-ZO-BO,B-ZE-BR,B-ZO-BR,B-ZF-BR,B-ZD-BR,B-ZO-BR,S-ZE-UN,S-ZF-UN,S-ZC-BO,B-ZO-BR,S-ZO-BO,B-ZO-BR,B-ZF-BR,S-ZE-BO,S-ZE-BO,B-ZH-BR,B-ZO-BR,S-ZO-UN
490,2020.07.25 00:00,NZDUSD,60,86400,SELL,ZC,1,0.66893,0.66249,644.0,0.66532,0.66142,390.0,60.559,56.06,283.0,152.0,0.66532,0.66249,0.65859,BOUNCE,2020.08.03 17:00,1,2020.08.05 02:00,1,2020.08.06 23:00,1,2020.08.28 16:00,3,3w 3d,NewYork,NA,,NA,,0.67176,BREAK,2020.08.28 16:00,0,,0,,0,,0,NA,NewYork,BREAK,2020.08.31 18:00,BOUNCE,2020.09.01 22:00,0.65966,BREAK,2020.08.03 17:00,0,,0,,0,,0,NA,NewYork,BREAK,2020.08.12 06:00,BOUNCE,2020.08.12 17:00,0.66815,BREAK,2020.07.27 17:00,0,,0,,0,,0,NA,NewYork,BOUNCE,2020.07.31 12:00,NA,,B-ZD-BO,S-ZO-BO,B-ZB-BR,S-ZO-BO,B-ZE-BR,B-ZO-BR,B-ZF-BR,B-ZD-BR,B-ZO-BR,S-ZE-UN,B-ZO-BR,S-ZO-BO,B-ZO-BR,B-ZF-BR,S-ZE-BO,S-ZE-BO,B-ZH-BR,B-ZO-BR,S-ZO-UN,B-ZB-BO
491,2020.07.29 00:00,NZDUSD,60,86400,BUY,ZO,0,0.66928,0.66222,706.0,0.67024,0.66326,698.0,98.867,14.73,602.0,166.6,0.66928,0.66326,0.67626,BREAK,2020.08.31 18:00,0,,0,,0,,0,NA,NewYork,UNTOUCHED,,NA,,0.65620,BREAK,2020.08.12 04:00,0,,0,,0,,0,NA,Asia,BOUNCE,2020.08.24 16:00,NA,,0.67530,BREAK,2020.08.31 18:00,0,,0,,0,,0,NA,NewYork,UNTOUCHED,,NA,,0.65724,BREAK,2020.08.11 19:00,0,,0,,0,,0,NA,NewYork,BREAK,2020.08.20 17:00,UNTOUCHED,,S-ZC-BO,B-ZD-BO,S-ZO-BO,B-ZB-BR,S-ZO-BO,B-ZE-BR,B-ZO-BR,B-ZF-BR,B-ZD-BR,B-ZO-BR,S-ZO-BO,B-ZO-BR,B-ZF-BR,S-ZE-BO,S-ZE-BO,B-ZH-BR,B-ZO-BR,S-ZO-UN,B-ZB-BO,B-ZD-BR
492,2020.07.31 00:00,NZDUSD,60,86400,SELL,ZO,0,0.66790,0.66407,383.0,0.66776,0.66196,580.0,151.436,3.66,369.0,90.4,0.66776,0.66407,0.65827,BOUNCE,2020.08.03 17:00,1,2020.08.05 11:00,1,2020.08.28 15:00,1,2020.08.28 15:00,3,3w 3d,NewYork,NA,,NA,,0.67159,BREAK,2020.08.28 15:00,0,,0,,0,,0,NA,NewYork,BREAK,2020.08.31 18:00,BOUNCE,2020.09.21 11:00,0.66038,BREAK,2020.08.03 16:00,0,,0,,0,,0,NA,NewYork,BREAK,2020.08.12 06:00,BREAK,2020.08.17 12:00,0.67145,BOUNCE,2020.07.31 11:00,1,2020.08.03 16:00,1,2020.08.03 16:00,0,,2,3d 5h,London,NA,,NA,,B-ZO-BR,S-ZC-BO,B-ZD-BO,S-ZO-BO,B-ZB-BR,S-ZO-BO,B-ZE-BR,B-ZO-BR,B-ZF-BR,B-ZD-BR,B-ZO-BR,B-ZF-BR,S-ZE-BO,S-ZE-BO,B-ZH-BR,B-ZO-BR,S-ZO-UN,B-ZB-BO,B-ZD-BR,B-ZF-UN
493,2020.08.01 00:00,NZDUSD,60,86400,BUY,ZO,1,0.66776,0.66196,580.0,0.67151,0.66226,925.0,159.483,5.17,550.0,136.9,0.66776,0.66226,0.67701,BREAK,2020.09.01 11:00,0,,0,,0,,0,NA,London,UNTOUCHED,,NA,,0.65646,BREAK,2020.08.12 03:00,0,,0,,0,,0,NA,Asia,BREAK,2020.08.20 17:00,UNTOUCHED,,0.67326,BREAK,2020.08.28 18:00,0,,0,,0,,0,NA,NewYork,BOUNCE,2020.09.03 13:00,NA,,0.65676,BREAK,2020.08.12 02:00,0,,0,,0,,0,NA,Asia,BREAK,2020.08.20 17:00,UNTOUCHED,,S-ZO-BO,B-ZO-BR,S-ZC-BO,B-ZD-BO,S-ZO-BO,B-ZB-BR,S-ZO-BO,B-ZE-BR,B-ZO-BR,B-ZF-BR,B-ZF-BR,S-ZE-BO,S-ZE-BO,B-ZH-BR,B-ZO-BR,S-ZO-UN,B-ZB-BO,B-ZD-BR,B-ZF-UN,B-ZG-UN
494,2020.08.07 00:00,NZDUSD,60,86400,BUY,ZF,0,0.66729,0.66112,617.0,0.66875,0.66277,598.0,96.921,26.74,452.0,145.6,0.66729,0.66277,0.67327,BREAK,2020.08.28 18:00,0,,0,,0,,0,NA,NewYork,BOUNCE,2020.09.03 13:00,NA,,0.65660,BREAK,2020.08.12 03:00,0,,0,,0,,0,NA,Asia,BOUNCE,2020.08.18 00:00,NA,,0.67181,BREAK,2020.08.28 16:00,0,,0,,0,,0,NA,NewYork,BREAK,2020.09.01 17:00,UNTOUCHED,,0.65825,BREAK,2020.08.10 14:00,0,,0,,0,,0,NA,NewYork,BOUNCE,2020.08.12 18:00,NA,,B-ZO-BR,S-ZO-BO,B-ZO-BR,S-ZC-BO,B-ZD-BO,S-ZO-BO,B-ZB-BR,S-ZO-BO,B-ZE-BR,B-ZO-BR,S-ZE-BO,S-ZE-BO,B-ZH-BR,B-ZO-BR,S-ZO-UN,B-ZB-BO,B-ZD-BR,B-ZF-UN,B-ZG-UN,B-ZO-UN
495,2020.08.13 00:00,NZDUSD,60,86400,SELL,ZE,1,0.66263,0.65707,556.0,0.65996,0.65234,762.0,137.050,48.02,289.0,131.2,0.65996,0.65707,0.64945,BOUNCE,2020.08.20 17:00,1,2020.08.24 14:00,1,2020.08.27 03:00,1,2020.08.27 17:00,3,1w 0d,NewYork,NA,,NA,,0.66552,BREAK,2020.08.27 17:00,0,,0,,0,,0,NA,NewYork,BREAK,2020.08.28 14:00,BREAK,2020.08.28 16:00,0.65418,BREAK,2020.08.13 22:00,0,,0,,0,,0,NA,Other,BREAK,2020.08.20 16:00,UNTOUCHED,,0.66285,BREAK,2020.08.19 11:00,0,,0,,0,,0,NA,London,BREAK,2020.08.27 17:00,BREAK,2020.08.28 15:00,B-ZF-BR,B-ZO-BR,S-ZO-BO,B-ZO-BR,S-ZC-BO,B-ZD-BO,S-ZO-BO,B-ZB-BR,S-ZO-BO,B-ZE-BR,S-ZE-BO,B-ZH-BR,B-ZO-BR,S-ZO-UN,B-ZB-BO,B-ZD-BR,B-ZF-UN,B-ZG-UN,B-ZO-UN,S-ZF-BR
496,2020.08.15 00:00,NZDUSD,60,86400,SELL,ZE,1,0.65981,0.65364,617.0,0.65586,0.65259,327.0,52.998,64.02,222.0,145.6,0.65586,0.65364,0.65037,BOUNCE,2020.08.20 16:00,1,2020.08.21 09:00,1,2020.08.26 18:00,1,2020.08.26 23:00,3,6d 7h,NewYork,NA,,NA,,0.66203,BREAK,2020.08.19 09:00,0,,0,,0,,0,NA,London,BOUNCE,2020.08.19 18:00,NA,,0.65142,BREAK,2020.08.20 16:00,0,,0,,0,,0,NA,NewYork,BOUNCE,2020.08.20 19:00,NA,,0.65808,BREAK,2020.08.18 16:00,0,,0,,0,,0,NA,NewYork,BREAK,2020.08.19 09:00,BREAK,2020.08.19 13:00,S-ZE-BO,B-ZF-BR,B-ZO-BR,S-ZO-BO,B-ZO-BR,S-ZC-BO,B-ZD-BO,S-ZO-BO,B-ZB-BR,S-ZO-BO,B-ZH-BR,B-ZO-BR,S-ZO-UN,B-ZB-BO,B-ZD-BR,B-ZF-UN,B-ZG-UN,B-ZO-UN,S-ZF-BR,S-ZE-BR
497,2020.08.19 00:00,NZDUSD,60,86400,BUY,ZH,1,0.65632,0.65187,445.0,0.66088,0.65338,750.0,168.539,33.93,294.0,105.0,0.65632,0.65338,0.66382,BREAK,2020.08.19 12:00,0,,0,,0,,0,NA,London,BOUNCE,2020.08.27 17:00,NA,,0.64893,BOUNCE,2020.08.20 17:00,1,2020.08.21 09:00,1,2020.08.26 18:00,1,2020.08.27 04:00,3,6d 11h,NewYork,NA,,NA,,0.65926,BREAK,2020.08.19 00:00,0,,0,,0,,0,NA,Asia,BREAK,2020.08.19 12:00,BREAK,2020.08.27 17:00,0.65044,BREAK,2020.08.20 16:00,0,,0,,0,,0,NA,NewYork,UNTOUCHED,,NA,,S-ZE-BO,S-ZE-BO,B-ZF-BR,B-ZO-BR,S-ZO-BO,B-ZO-BR,S-ZC-BO,B-ZD-BO,S-ZO-BO,B-ZB-BR,B-ZO-BR,S-ZO-UN,B-ZB-BO,B-ZD-BR,B-ZF-UN,B-ZG-UN,B-ZO-UN,S-ZF-BR,S-ZE-BR,S-ZD-BO
498,2020.08.20 00:00,NZDUSD,60,86400,BUY,ZO,0,0.66088,0.65338,750.0,0.66512,0.65586,926.0,123.467,33.07,502.0,177.0,0.66088,0.65586,0.67014,BREAK,2020.08.28 15:00,0,,0,,0,,0,NA,NewYork,BREAK,2020.09.01 11:00,UNTOUCHED,,0.64836,UNTOUCHED,,0,,0,,0,,0,NA,Other,NA,,NA,,0.66590,BOUNCE,2020.08.27 17:00,0,,0,,0,,0,NA,NewYork,NA,,NA,,0.65084,BREAK,2020.08.20 16:00,0,,0,,0,,0,NA,NewYork,UNTOUCHED,,NA,,B-ZH-BR,S-ZE-BO,S-ZE-BO,B-ZF-BR,B-ZO-BR,S-ZO-BO,B-ZO-BR,S-ZC-BO,B-ZD-BO,S-ZO-BO,S-ZO-UN,B-ZB-BO,B-ZD-BR,B-ZF-UN,B-ZG-UN,B-ZO-UN,S-ZF-BR,S-ZE-BR,S-ZD-BO,S-ZO-BO
499,2020.08.26 00:00,NZDUSD,60,86400,SELL,ZO,0,0.65645,0.65214,431.0,0.65579,0.65148,431.0,100.000,15.31,365.0,101.7,0.65579,0.65214,0.64783,UNTOUCHED,,0,,0,,0,,0,NA,Other,NA,,NA,,0.66010,BREAK,2020.08.26 19:00,0,,0,,0,,0,NA,NewYork,BREAK,2020.08.27 17:00,BREAK,2020.08.28 12:00,0.64849,UNTOUCHED,,0,,0,,0,,0,NA,Other,NA,,NA,,0.65944,BREAK,2020.08.26 18:00,0,,0,,0,,0,NA,NewYork,BREAK,2020.08.27 05:00,BOUNCE,2020.08.27 17:00,B-ZO-BR,B-ZH-BR,S-ZE-BO,S-ZE-BO,B-ZF-BR,B-ZO-BR,S-ZO-BO,B-ZO-BR,S-ZC-BO,B-ZD-BO,B-ZB-BO,B-ZD-BR,B-ZF-UN,B-ZG-UN,B-ZO-UN,S-ZF-BR,S-ZE-BR,S-ZD-BO,S-ZO-BO,B-ZE-BO
500,2020.08.27 00:00,NZDUSD,60,86400,BUY,ZB,1,0.65579,0.65148,431.0,0.66226,0.65415,811.0,188.167,61.95,164.0,101.7,0.65579,0.65415,0.66390,BOUNCE,2020.08.27 04:00,1,2020.08.27 18:00,1,2020.09.24 09:00,0,,2,4w 0d,Asia,NA,,NA,,0.64984,UNTOUCHED,,0,,0,,0,,0,NA,Other,NA,,NA,,0.65743,BREAK,2020.08.27 00:00,0,,0,,0,,0,NA,Asia,BREAK,2020.08.27 01:00,BREAK,2020.08.27 02:00,0.65251,BREAK,2020.09.24 09:00,0,,0,,0,,0,NA,London,UNTOUCHED,,NA,,S-ZO-UN,B-ZO-BR,B-ZH-BR,S-ZE-BO,S-ZE-BO,B-ZF-BR,B-ZO-BR,S-ZO-BO,B-ZO-BR,S-ZC-BO,B-ZD-BR,B-ZF-UN,B-ZG-UN,B-ZO-UN,S-ZF-BR,S-ZE-BR,S-ZD-BO,S-ZO-BO,B-ZE-BO,B-ZC-BR
501,2020.08.28 00:00,NZDUSD,60,86400,BUY,ZD,1,0.66226,0.65415,811.0,0.66746,0.65998,748.0,92.232,71.89,228.0,191.4,0.66226,0.65998,0.66974,BREAK,2020.08.28 14:00,0,,0,,0,,0,NA,NewYork,BREAK,2020.08.28 18:00,BOUNCE,2020.08.28 21:00,0.65187,BOUNCE,2020.09.24 13:00,1,2020.09.25 08:00,1,2020.10.01 10:00,0,,2,6d 21h,NewYork,NA,,NA,,0.66454,BOUNCE,2020.08.28 01:00,1,2020.09.23 18:00,1,2020.09.24 13:00,0,,2,3w 6d,Asia,NA,,NA,,0.65770,BREAK,2020.09.23 18:00,0,,0,,0,,0,NA,NewYork,BREAK,2020.09.24 06:00,BREAK,2020.09.24 16:00,B-ZB-BO,S-ZO-UN,B-ZO-BR,B-ZH-BR,S-ZE-BO,S-ZE-BO,B-ZF-BR,B-ZO-BR,S-ZO-BO,B-ZO-BR,B-ZF-UN,B-ZG-UN,B-ZO-UN,S-ZF-BR,S-ZE-BR,S-ZD-BO,S-ZO-BO,B-ZE-BO,B-ZC-BR,B-ZG-BO
502,2020.08.29 00:00,NZDUSD,60,86400,BUY,ZF,1,0.66746,0.65998,748.0,0.67437,0.66209,1228.0,164.171,28.21,537.0,176.5,0.66746,0.66209,0.67974,UNTOUCHED,,0,,0,,0,,0,NA,Other,NA,,NA,,0.65461,BREAK,2020.09.23 22:00,0,,0,,0,,0,NA,Other,UNTOUCHED,,NA,,0.67283,BREAK,2020.08.29 00:00,0,,0,,0,,0,NA,Asia,BOUNCE,2020.09.03 13:00,NA,,0.65672,BREAK,2020.09.23 18:00,0,,0,,0,,0,NA,NewYork,BOUNCE,2020.09.25 10:00,NA,,B-ZD-BR,B-ZB-BO,S-ZO-UN,B-ZO-BR,B-ZH-BR,S-ZE-BO,S-ZE-BO,B-ZF-BR,B-ZO-BR,S-ZO-BO,B-ZG-UN,B-ZO-UN,S-ZF-BR,S-ZE-BR,S-ZD-BO,S-ZO-BO,B-ZE-BO,B-ZC-BR,B-ZG-BO,S-ZO-BR
503,2020.09.02 00:00,NZDUSD,60,86400,BUY,ZG,0,0.67629,0.67184,445.0,0.67784,0.67259,525.0,117.978,16.85,370.0,105.0,0.67629,0.67259,0.68154,UNTOUCHED,,0,,0,,0,,0,NA,Other,NA,,NA,,0.66814,BREAK,2020.09.04 17:00,0,,0,,0,,0,NA,NewYork,BREAK,2020.09.08 17:00,BOUNCE,2020.09.09 15:00,0.67999,UNTOUCHED,,0,,0,,0,,0,NA,Other,NA,,NA,,0.66889,BOUNCE,2020.09.04 03:00,0,,0,,0,,0,NA,Asia,NA,,NA,,B-ZF-UN,B-ZD-BR,B-ZB-BO,S-ZO-UN,B-ZO-BR,B-ZH-BR,S-ZE-BO,S-ZE-BO,B-ZF-BR,B-ZO-BR,B-ZO-UN,S-ZF-BR,S-ZE-BR,S-ZD-BO,S-ZO-BO,B-ZE-BO,B-ZC-BR,B-ZG-BO,S-ZO-BR,S-ZD-BR
504,2020.09.03 00:00,NZDUSD,60,86400,BUY,ZO,0,0.67784,0.67259,525.0,0.67884,0.67411,473.0,90.095,28.95,373.0,123.9,0.67784,0.67411,0.68257,UNTOUCHED,,0,,0,,0,,0,NA,Other,NA,,NA,,0.66886,BOUNCE,2020.09.04 03:00,1,2020.09.18 03:00,0,,0,,1,2w 0d,Asia,NA,,NA,,0.68157,UNTOUCHED,,0,,0,,0,,0,NA,Other,NA,,NA,,0.67038,BREAK,2020.09.03 20:00,0,,0,,0,,0,NA,NewYork,BREAK,2020.09.08 16:00,BREAK,2020.09.08 22:00,B-ZG-UN,B-ZF-UN,B-ZD-BR,B-ZB-BO,S-ZO-UN,B-ZO-BR,B-ZH-BR,S-ZE-BO,S-ZE-BO,B-ZF-BR,S-ZF-BR,S-ZE-BR,S-ZD-BO,S-ZO-BO,B-ZE-BO,B-ZC-BR,B-ZG-BO,S-ZO-BR,S-ZD-BR,S-ZD-UN
505,2020.09.04 00:00,NZDUSD,60,86400,SELL,ZF,1,0.67884,0.67411,473.0,0.67728,0.66930,798.0,168.710,32.98,317.0,111.6,0.67728,0.67411,0.66613,BREAK,2020.09.08 13:00,0,,0,,0,,0,NA,NewYork,BREAK,2020.09.08 22:00,BOUNCE,2020.09.23 06:00,0.68201,UNTOUCHED,,0,,0,,0,,0,NA,Other,NA,,NA,,0.67094,BREAK,2020.09.04 00:00,0,,0,,0,,0,NA,Asia,BOUNCE,2020.09.04 20:00,NA,,0.68045,UNTOUCHED,,0,,0,,0,,0,NA,Other,NA,,NA,,B-ZO-UN,B-ZG-UN,B-ZF-UN,B-ZD-BR,B-ZB-BO,S-ZO-UN,B-ZO-BR,B-ZH-BR,S-ZE-BO,S-ZE-BO,S-ZE-BR,S-ZD-BO,S-ZO-BO,B-ZE-BO,B-ZC-BR,B-ZG-BO,S-ZO-BR,S-ZD-BR,S-ZD-UN,B-ZO-BR
506,2020.09.05 00:00,NZDUSD,60,86400,SELL,ZE,1,0.67728,0.66930,798.0,0.67348,0.66669,679.0,85.088,47.62,418.0,188.3,0.67348,0.66930,0.66251,BREAK,2020.09.08 22:00,0,,0,,0,,0,NA,Other,BREAK,2020.09.23 18:00,BREAK,2020.09.24 10:00,0.68146,UNTOUCHED,,0,,0,,0,,0,NA,Other,NA,,NA,,0.66512,BREAK,2020.09.08 16:00,0,,0,,0,,0,NA,NewYork,BOUNCE,2020.09.09 16:00,NA,,0.67766,BREAK,2020.09.18 04:00,0,,0,,0,,0,NA,Asia,UNTOUCHED,,NA,,S-ZF-BR,B-ZO-UN,B-ZG-UN,B-ZF-UN,B-ZD-BR,B-ZB-BO,S-ZO-UN,B-ZO-BR,B-ZH-BR,S-ZE-BO,S-ZD-BO,S-ZO-BO,B-ZE-BO,B-ZC-BR,B-ZG-BO,S-ZO-BR,S-ZD-BR,S-ZD-UN,B-ZO-BR,B-ZF-BR
507,2020.09.09 00:00,NZDUSD,60,86400,SELL,ZD,1,0.67215,0.66892,323.0,0.67067,0.66121,946.0,292.879,45.82,175.0,76.2,0.67067,0.66892,0.65946,BOUNCE,2020.09.23 10:00,1,2020.10.01 05:00,0,,0,,1,1w 0d,London,NA,,NA,,0.67390,BREAK,2020.09.16 12:00,0,,0,,0,,0,NA,London,BOUNCE,2020.09.16 21:00,NA,,0.66717,BREAK,2020.09.09 00:00,0,,0,,0,,0,NA,Asia,BREAK,2020.09.09 01:00,BREAK,2020.09.09 02:00,0.67242,BREAK,2020.09.15 09:00,0,,0,,0,,0,NA,London,BREAK,2020.09.16 16:00,BREAK,2020.09.18 03:00,S-ZE-BR,S-ZF-BR,B-ZO-UN,B-ZG-UN,B-ZF-UN,B-ZD-BR,B-ZB-BO,S-ZO-UN,B-ZO-BR,B-ZH-BR,S-ZO-BO,B-ZE-BO,B-ZC-BR,B-ZG-BO,S-ZO-BR,S-ZD-BR,S-ZD-UN,B-ZO-BR,B-ZF-BR,B-ZD-BR
508,2020.09.10 00:00,NZDUSD,60,86400,SELL,ZO,0,0.67067,0.66121,946.0,0.66851,0.66004,847.0,89.535,22.83,730.0,223.3,0.66851,0.66121,0.65274,BOUNCE,2020.09.24 09:00,1,2020.10.14 18:00,0,,0,,1,2w 6d,London,NA,,NA,,0.67797,BOUNCE,2020.09.18 07:00,1,2020.09.22 19:00,1,2020.09.23 23:00,1,2020.09.24 09:00,3,6d 2h,London,NA,,NA,,0.65391,BREAK,2020.09.23 23:00,0,,0,,0,,0,NA,Other,UNTOUCHED,,NA,,0.67581,BOUNCE,2020.09.16 19:00,1,2020.09.23 23:00,1,2020.09.23 23:00,0,,2,1w 0d,NewYork,NA,,NA,,S-ZD-BO,S-ZE-BR,S-ZF-BR,B-ZO-UN,B-ZG-UN,B-ZF-UN,B-ZD-BR,B-ZB-BO,S-ZO-UN,B-ZO-BR,B-ZE-BO,B-ZC-BR,B-ZG-BO,S-ZO-BR,S-ZD-BR,S-ZD-UN,B-ZO-BR,B-ZF-BR,B-ZD-BR,B-ZB-BO
509,2020.09.11 00:00,NZDUSD,60,86400,BUY,ZE,1,0.66851,0.66004,847.0,0.67080,0.66386,694.0,81.936,45.10,465.0,199.9,0.66851,0.66386,0.67545,BOUNCE,2020.09.16 19:00,1,2020.09.21 18:00,1,2020.09.23 10:00,1,2020.09.23 22:00,3,1w 0d,NewYork,NA,,NA,,0.65539,BREAK,2020.09.23 22:00,0,,0,,0,,0,NA,Other,UNTOUCHED,,NA,,0.67316,BREAK,2020.09.15 12:00,0,,0,,0,,0,NA,London,BOUNCE,2020.09.21 12:00,NA,,0.65921,BREAK,2020.09.23 10:00,0,,0,,0,,0,NA,London,BREAK,2020.09.24 09:00,UNTOUCHED,,S-ZO-BO,S-ZD-BO,S-ZE-BR,S-ZF-BR,B-ZO-UN,B-ZG-UN,B-ZF-UN,B-ZD-BR,B-ZB-BO,S-ZO-UN,B-ZC-BR,B-ZG-BO,S-ZO-BR,S-ZD-BR,S-ZD-UN,B-ZO-BR,B-ZF-BR,B-ZD-BR,B-ZB-BO,S-ZO-UN
510,2020.09.16 00:00,NZDUSD,60,86400,BUY,ZC,1,0.67173,0.66567,606.0,0.67360,0.66831,529.0,87.294,43.56,342.0,143.0,0.67173,0.66831,0.67702,BREAK,2020.09.18 04:00,0,,0,,0,,0,NA,Asia,UNTOUCHED,,NA,,0.66225,BREAK,2020.09.22 20:00,0,,0,,0,,0,NA,NewYork,BREAK,2020.09.23 18:00,BREAK,2020.09.23 23:00,0.67515,BOUNCE,2020.09.16 16:00,1,2020.09.22 11:00,1,2020.09.22 20:00,0,,2,6d 4h,NewYork,NA,,NA,,0.66489,BOUNCE,2020.09.22 11:00,0,,0,,0,,0,NA,London,NA,,NA,,B-ZE-BO,S-ZO-BO,S-ZD-BO,S-ZE-BR,S-ZF-BR,B-ZO-UN,B-ZG-UN,B-ZF-UN,B-ZD-BR,B-ZB-BO,B-ZG-BO,S-ZO-BR,S-ZD-BR,S-ZD-UN,B-ZO-BR,B-ZF-BR,B-ZD-BR,B-ZB-BO,S-ZO-UN,B-ZB-BO
511,2020.09.17 00:00,NZDUSD,60,86400,BUY,ZG,0,0.67360,0.66831,529.0,0.67586,0.67021,565.0,106.805,35.92,339.0,124.8,0.67360,0.67021,0.67925,BOUNCE,2020.09.18 09:00,1,2020.09.21 13:00,1,2020.09.21 18:00,1,2020.09.22 11:00,3,4d 2h,London,NA,,NA,,0.66492,BOUNCE,2020.09.22 11:00,1,2020.10.27 18:00,0,,0,,1,5w 0d,London,NA,,NA,,0.67699,BREAK,2020.09.18 04:00,0,,0,,0,,0,NA,Asia,UNTOUCHED,,NA,,0.66682,BREAK,2020.09.21 18:00,0,,0,,0,,0,NA,NewYork,BREAK,2020.09.23 04:00,BOUNCE,2020.09.23 06:00,B-ZC-BR,B-ZE-BO,S-ZO-BO,S-ZD-BO,S-ZE-BR,S-ZF-BR,B-ZO-UN,B-ZG-UN,B-ZF-UN,B-ZD-BR,S-ZO-BR,S-ZD-BR,S-ZD-UN,B-ZO-BR,B-ZF-BR,B-ZD-BR,B-ZB-BO,S-ZO-UN,B-ZB-BO,S-ZD-BR
512,2020.09.18 00:00,NZDUSD,60,86400,SELL,ZO,0,0.67586,0.67021,565.0,0.67552,0.66746,806.0,142.655,6.02,531.0,133.3,0.67552,0.67021,0.66215,BREAK,2020.09.23 04:00,0,,0,,0,,0,NA,Asia,BREAK,2020.09.23 22:00,BOUNCE,2020.09.25 10:00,0.68117,UNTOUCHED,,0,,0,,0,,0,NA,Other,NA,,NA,,0.66490,BREAK,2020.09.22 11:00,0,,0,,0,,0,NA,London,BREAK,2020.09.23 16:00,BREAK,2020.09.24 08:00,0.68083,UNTOUCHED,,0,,0,,0,,0,NA,Other,NA,,NA,,B-ZG-BO,B-ZC-BR,B-ZE-BO,S-ZO-BO,S-ZD-BO,S-ZE-BR,S-ZF-BR,B-ZO-UN,B-ZG-UN,B-ZF-UN,S-ZD-BR,S-ZD-UN,B-ZO-BR,B-ZF-BR,B-ZD-BR,B-ZB-BO,S-ZO-UN,B-ZB-BO,S-ZD-BR,B-ZG-BR
513,2020.09.23 00:00,NZDUSD,60,86400,SELL,ZD,1,0.67772,0.66518,1254.0,0.66869,0.66221,648.0,51.675,72.01,351.0,295.9,0.66869,0.66518,0.65870,BREAK,2020.09.23 15:00,0,,0,,0,,0,NA,NewYork,BREAK,2020.09.24 10:00,BOUNCE,2020.09.24 21:00,0.68123,UNTOUCHED,,0,,0,,0,,0,NA,Other,NA,,NA,,0.66167,BREAK,2020.09.23 04:00,0,,0,,0,,0,NA,Asia,BREAK,2020.09.23 22:00,BREAK,2020.09.24 13:00,0.67220,BOUNCE,2020.10.27 19:00,1,2020.10.29 17:00,1,2020.10.29 17:00,0,,2,1d 22h,NewYork,NA,,NA,,S-ZO-BR,B-ZG-BO,B-ZC-BR,B-ZE-BO,S-ZO-BO,S-ZD-BO,S-ZE-BR,S-ZF-BR,B-ZO-UN,B-ZG-UN,S-ZD-UN,B-ZO-BR,B-ZF-BR,B-ZD-BR,B-ZB-BO,S-ZO-UN,B-ZB-BO,S-ZD-BR,B-ZG-BR,S-ZB-BO
514,2020.09.24 00:00,NZDUSD,60,86400,SELL,ZD,1,0.66869,0.66221,648.0,0.66470,0.65352,1118.0,172.531,61.57,249.0,152.9,0.66470,0.66221,0.65103,UNTOUCHED,,0,,0,,0,,0,NA,Other,NA,,NA,,0.67118,BOUNCE,2020.10.27 16:00,1,2020.10.28 15:00,1,2020.10.29 20:00,0,,2,2d 4h,NewYork,NA,,NA,,0.65972,BREAK,2020.09.24 00:00,0,,0,,0,,0,NA,Asia,BREAK,2020.09.24 01:00,BREAK,2020.09.24 08:00,0.66719,BOUNCE,2020.10.10 00:00,1,2020.10.15 12:00,1,2020.10.15 12:00,0,,2,5d 12h,Asia,NA,,NA,,S-ZD-BR,S-ZO-BR,B-ZG-BO,B-ZC-BR,B-ZE-BO,S-ZO-BO,S-ZD-BO,S-ZE-BR,S-ZF-BR,B-ZO-UN,B-ZO-BR,B-ZF-BR,B-ZD-BR,B-ZB-BO,S-ZO-UN,B-ZB-BO,S-ZD-BR,B-ZG-BR,S-ZB-BO,B-ZF-BO
515,2020.09.26 00:00,NZDUSD,60,86400,BUY,ZO,0,0.65617,0.65113,504.0,0.65918,0.65275,643.0,127.579,32.14,342.0,118.9,0.65617,0.65275,0.66260,BREAK,2020.09.30 20:00,0,,0,,0,,0,NA,NewYork,BREAK,2020.10.10 00:00,BOUNCE,2020.10.23 19:00,0.64771,UNTOUCHED,,0,,0,,0,,0,NA,Other,NA,,NA,,0.65959,BREAK,2020.09.29 16:00,0,,0,,0,,0,NA,NewYork,BREAK,2020.10.01 10:00,BOUNCE,2020.10.13 04:00,0.64933,UNTOUCHED,,0,,0,,0,,0,NA,Other,NA,,NA,,S-ZD-UN,S-ZD-BR,S-ZO-BR,B-ZG-BO,B-ZC-BR,B-ZE-BO,S-ZO-BO,S-ZD-BO,S-ZE-BR,S-ZF-BR,B-ZF-BR,B-ZD-BR,B-ZB-BO,S-ZO-UN,B-ZB-BO,S-ZD-BR,B-ZG-BR,S-ZB-BO,B-ZF-BO,B-ZC-BO
516,2020.09.30 00:00,NZDUSD,60,86400,BUY,ZF,1,0.65676,0.65394,282.0,0.66026,0.65485,541.0,191.844,32.27,191.0,66.6,0.65676,0.65485,0.66217,BREAK,2020.09.30 20:00,0,,0,,0,,0,NA,NewYork,BOUNCE,2020.10.01 11:00,NA,,0.65203,UNTOUCHED,,0,,0,,0,,0,NA,Other,NA,,NA,,0.65867,BREAK,2020.09.30 00:00,0,,0,,0,,0,NA,Asia,BOUNCE,2020.09.30 07:00,NA,,0.65294,UNTOUCHED,,0,,0,,0,,0,NA,Other,NA,,NA,,B-ZO-BR,S-ZD-UN,S-ZD-BR,S-ZO-BR,B-ZG-BO,B-ZC-BR,B-ZE-BO,S-ZO-BO,S-ZD-BO,S-ZE-BR,B-ZD-BR,B-ZB-BO,S-ZO-UN,B-ZB-BO,S-ZD-BR,B-ZG-BR,S-ZB-BO,B-ZF-BO,B-ZC-BO,B-ZC-BO
517,2020.10.01 00:00,NZDUSD,60,86400,BUY,ZD,1,0.66026,0.65485,541.0,0.66260,0.65692,568.0,104.991,38.26,334.0,127.7,0.66026,0.65692,0.66594,BREAK,2020.10.09 18:00,0,,0,,0,,0,NA,NewYork,BOUNCE,2020.10.23 19:00,NA,,0.65151,UNTOUCHED,,0,,0,,0,,0,NA,Other,NA,,NA,,0.66360,BREAK,2020.10.01 09:00,0,,0,,0,,0,NA,London,BOUNCE,2020.10.13 04:00,NA,,0.65358,UNTOUCHED,,0,,0,,0,,0,NA,Other,NA,,NA,,B-ZF-BR,B-ZO-BR,S-ZD-UN,S-ZD-BR,S-ZO-BR,B-ZG-BO,B-ZC-BR,B-ZE-BO,S-ZO-BO,S-ZD-BO,B-ZB-BO,S-ZO-UN,B-ZB-BO,S-ZD-BR,B-ZG-BR,S-ZB-BO,B-ZF-BO,B-ZC-BO,B-ZC-BO,S-ZF-UN
518,2020.10.02 00:00,NZDUSD,60,86400,BUY,ZB,1,0.66260,0.65692,568.0,0.66570,0.66069,501.0,88.204,66.37,191.0,134.0,0.66260,0.66069,0.66761,BOUNCE,2020.10.14 18:00,1,2020.10.15 10:00,1,2020.10.15 16:00,0,,2,22h,NewYork,NA,,NA,,0.65501,BOUNCE,2020.10.08 04:00,1,2020.10.08 10:00,1,2020.10.09 18:00,1,2020.10.14 18:00,3,6d 14h,Asia,NA,,NA,,0.66451,BOUNCE,2020.10.02 00:00,1,2020.10.06 23:00,1,2020.10.08 04:00,0,,2,6d 4h,Asia,NA,,NA,,0.65878,BOUNCE,2020.10.06 23:00,1,2020.10.09 18:00,1,2020.10.09 18:00,0,,2,2d 19h,Other,NA,,NA,,B-ZD-BR,B-ZF-BR,B-ZO-BR,S-ZD-UN,S-ZD-BR,S-ZO-BR,B-ZG-BO,B-ZC-BR,B-ZE-BO,S-ZO-BO,S-ZO-UN,B-ZB-BO,S-ZD-BR,B-ZG-BR,S-ZB-BO,B-ZF-BO,B-ZC-BO,B-ZC-BO,S-ZF-UN,S-ZC-UN
519,2020.10.09 00:00,NZDUSD,60,86400,SELL,ZO,1,0.66044,0.65708,336.0,0.65964,0.65467,497.0,147.917,23.81,256.0,79.3,0.65964,0.65708,0.65211,UNTOUCHED,,0,,0,,0,,0,NA,Other,NA,,NA,,0.66300,BREAK,2020.10.09 16:00,0,,0,,0,,0,NA,NewYork,BREAK,2020.10.09 19:00,BOUNCE,2020.10.14 20:00,0.65452,UNTOUCHED,,0,,0,,0,,0,NA,Other,NA,,NA,,0.66220,BREAK,2020.10.09 15:00,0,,0,,0,,0,NA,NewYork,BREAK,2020.10.09 18:00,BREAK,2020.10.14 19:00,B-ZB-BO,B-ZD-BR,B-ZF-BR,B-ZO-BR,S-ZD-UN,S-ZD-BR,S-ZO-BR,B-ZG-BO,B-ZC-BR,B-ZE-BO,B-ZB-BO,S-ZD-BR,B-ZG-BR,S-ZB-BO,B-ZF-BO,B-ZC-BO,B-ZC-BO,S-ZF-UN,S-ZC-UN,B-ZO-BO
520,2020.10.10 00:00,NZDUSD,60,86400,BUY,ZB,1,0.65964,0.65467,497.0,0.66712,0.65687,1025.0,206.237,44.27,277.0,117.3,0.65964,0.65687,0.66989,BOUNCE,2020.10.23 14:00,1,2020.10.28 16:00,0,,0,,1,5d 2h,NewYork,NA,,NA,,0.65190,UNTOUCHED,,0,,0,,0,,0,NA,Other,NA,,NA,,0.66241,BREAK,2020.10.10 00:00,0,,0,,0,,0,NA,Asia,BREAK,2020.10.12 02:00,BOUNCE,2020.10.14 20:00,0.65410,UNTOUCHED,,0,,0,,0,,0,NA,Other,NA,,NA,,S-ZO-UN,B-ZB-BO,B-ZD-BR,B-ZF-BR,B-ZO-BR,S-ZD-UN,S-ZD-BR,S-ZO-BR,B-ZG-BO,B-ZC-BR,S-ZD-BR,B-ZG-BR,S-ZB-BO,B-ZF-BO,B-ZC-BO,B-ZC-BO,S-ZF-UN,S-ZC-UN,B-ZO-BO,B-ZD-BO
521,2020.10.13 00:00,NZDUSD,60,86400,SELL,ZD,1,0.66731,0.66662,69.0,0.66700,0.66419,281.0,407.246,44.93,38.0,16.3,0.66700,0.66662,0.66381,BREAK,2020.10.13 04:00,0,,0,,0,,0,NA,Asia,BREAK,2020.10.13 05:00,BREAK,2020.10.13 06:00,0.66769,BREAK,2020.10.14 18:00,0,,0,,0,,0,NA,NewYork,BOUNCE,2020.10.14 19:00,NA,,0.66624,BREAK,2020.10.13 00:00,0,,0,,0,,0,NA,Asia,BREAK,2020.10.13 01:00,BREAK,2020.10.13 02:00,0.66738,BREAK,2020.10.14 18:00,0,,0,,0,,0,NA,NewYork,BREAK,2020.10.14 19:00,BOUNCE,2020.10.22 20:00,B-ZB-BO,S-ZO-UN,B-ZB-BO,B-ZD-BR,B-ZF-BR,B-ZO-BR,S-ZD-UN,S-ZD-BR,S-ZO-BR,B-ZG-BO,B-ZG-BR,S-ZB-BO,B-ZF-BO,B-ZC-BO,B-ZC-BO,S-ZF-UN,S-ZC-UN,B-ZO-BO,B-ZD-BO,B-ZB-BR
522,2020.10.15 00:00,NZDUSD,60,86400,BUY,ZG,0,0.66707,0.66282,425.0,0.66820,0.66441,379.0,89.176,37.41,266.0,100.3,0.66707,0.66441,0.67086,BREAK,2020.10.27 16:00,0,,0,,0,,0,NA,NewYork,BOUNCE,2020.11.04 04:00,NA,,0.66016,BOUNCE,2020.10.15 12:00,1,2020.10.21 17:00,1,2020.10.23 14:00,1,2020.10.27 16:00,3,1w 5d,London,NA,,NA,,0.66973,BOUNCE,2020.10.23 14:00,1,2020.10.29 17:00,1,2020.10.29 19:00,0,,2,6d 5h,NewYork,NA,,NA,,0.66175,BREAK,2020.10.15 12:00,0,,0,,0,,0,NA,London,BREAK,2020.10.15 17:00,BREAK,2020.10.20 15:00,S-ZD-BR,B-ZB-BO,S-ZO-UN,B-ZB-BO,B-ZD-BR,B-ZF-BR,B-ZO-BR,S-ZD-UN,S-ZD-BR,S-ZO-BR,S-ZB-BO,B-ZF-BO,B-ZC-BO,B-ZC-BO,S-ZF-UN,S-ZC-UN,B-ZO-BO,B-ZD-BO,B-ZB-BR,B-ZC-BO
523,2020.10.16 00:00,NZDUSD,60,86400,SELL,ZB,1,0.66820,0.66441,379.0,0.66624,0.65760,864.0,227.968,51.72,183.0,89.4,0.66624,0.66441,0.65577,BOUNCE,2020.10.20 15:00,1,2020.10.20 22:00,1,2020.10.22 20:00,1,2020.10.23 14:00,3,2d 23h,NewYork,NA,,NA,,0.67003,BOUNCE,2020.10.23 14:00,1,2020.10.23 19:00,1,2020.10.29 15:00,0,,2,6d 1h,NewYork,NA,,NA,,0.66258,BREAK,2020.10.16 00:00,0,,0,,0,,0,NA,Asia,BREAK,2020.10.16 01:00,BOUNCE,2020.10.16 12:00,0.66807,BOUNCE,2020.10.22 20:00,1,2020.10.29 15:00,1,2020.10.29 15:00,0,,2,6d 19h,NewYork,NA,,NA,,B-ZG-BR,S-ZD-BR,B-ZB-BO,S-ZO-UN,B-ZB-BO,B-ZD-BR,B-ZF-BR,B-ZO-BR,S-ZD-UN,S-ZD-BR,B-ZF-BO,B-ZC-BO,B-ZC-BO,S-ZF-UN,S-ZC-UN,B-ZO-BO,B-ZD-BO,B-ZB-BR,B-ZC-BO,B-ZO-BR
524,2020.10.22 00:00,NZDUSD,60,86400,BUY,ZF,1,0.66086,0.65527,559.0,0.66776,0.65727,1049.0,187.657,35.78,359.0,131.9,0.66086,0.65727,0.67135,BOUNCE,2020.10.27 16:00,1,2020.10.28 16:00,0,,0,,1,1d 0h,NewYork,NA,,NA,,0.65168,UNTOUCHED,,0,,0,,0,,0,NA,Other,NA,,NA,,0.66445,BREAK,2020.10.22 00:00,0,,0,,0,,0,NA,Asia,BREAK,2020.10.23 13:00,BOUNCE,2020.10.28 13:00,0.65368,UNTOUCHED,,0,,0,,0,,0,NA,Other,NA,,NA,,S-ZB-BO,B-ZG-BR,S-ZD-BR,B-ZB-BO,S-ZO-UN,B-ZB-BO,B-ZD-BR,B-ZF-BR,B-ZO-BR,S-ZD-UN,B-ZC-BO,B-ZC-BO,S-ZF-UN,S-ZC-UN,B-ZO-BO,B-ZD-BO,B-ZB-BR,B-ZC-BO,B-ZO-BR,B-ZC-BR
525,2020.10.23 00:00,NZDUSD,60,86400,BUY,ZC,1,0.66776,0.65727,1049.0,0.66886,0.66321,565.0,53.861,56.63,455.0,247.6,0.66776,0.66321,0.67341,BOUNCE,2020.11.04 04:00,1,2020.11.04 06:00,0,,0,,1,2h,Asia,NA,,NA,,0.65272,UNTOUCHED,,0,,0,,0,,0,NA,Other,NA,,NA,,0.67231,BOUNCE,2020.10.27 19:00,0,,0,,0,,0,NA,NewYork,NA,,NA,,0.65866,UNTOUCHED,,0,,0,,0,,0,NA,Other,NA,,NA,,B-ZF-BO,S-ZB-BO,B-ZG-BR,S-ZD-BR,B-ZB-BO,S-ZO-UN,B-ZB-BO,B-ZD-BR,B-ZF-BR,B-ZO-BR,B-ZC-BO,S-ZF-UN,S-ZC-UN,B-ZO-BO,B-ZD-BO,B-ZB-BR,B-ZC-BO,B-ZO-BR,B-ZC-BR,B-ZE-BO
526,2020.10.24 00:00,NZDUSD,60,86400,BUY,ZC,1,0.66886,0.66321,565.0,0.67046,0.66559,487.0,86.195,42.12,327.0,133.3,0.66886,0.66559,0.67373,BOUNCE,2020.11.04 04:00,1,2020.11.04 06:00,1,2020.11.04 06:00,0,,2,2h,Asia,NA,,NA,,0.65994,BOUNCE,2020.10.29 19:00,1,2020.10.30 16:00,1,2020.11.04 03:00,1,2020.11.04 04:00,3,5d 9h,NewYork,NA,,NA,,0.67213,BOUNCE,2020.10.27 19:00,1,2020.10.29 15:00,1,2020.10.29 19:00,0,,2,2d 0h,NewYork,NA,,NA,,0.66232,BREAK,2020.10.29 15:00,0,,0,,0,,0,NA,NewYork,BOUNCE,2020.11.02 14:00,NA,,B-ZC-BO,B-ZF-BO,S-ZB-BO,B-ZG-BR,S-ZD-BR,B-ZB-BO,S-ZO-UN,B-ZB-BO,B-ZD-BR,B-ZF-BR,S-ZF-UN,S-ZC-UN,B-ZO-BO,B-ZD-BO,B-ZB-BR,B-ZC-BO,B-ZO-BR,B-ZC-BR,B-ZE-BO,B-ZB-BO
527,2020.10.29 00:00,NZDUSD,60,86400,SELL,ZF,0,0.67240,0.66639,601.0,0.67196,0.66283,913.0,151.913,7.32,557.0,141.8,0.67196,0.66639,0.65726,UNTOUCHED,,0,,0,,0,,0,NA,Other,NA,,NA,,0.67797,BREAK,2020.11.06 05:00,0,,0,,0,,0,NA,Asia,BREAK,2020.11.09 17:00,BREAK,2020.11.12 05:00,0.66082,BOUNCE,2020.10.29 19:00,1,2020.11.05 23:00,1,2020.11.06 05:00,0,,2,1w 0d,NewYork,NA,,NA,,0.67753,BREAK,2020.11.05 23:00,0,,0,,0,,0,NA,Other,BREAK,2020.11.09 16:00,BREAK,2020.11.11 07:00,B-ZC-BO,B-ZC-BO,B-ZF-BO,S-ZB-BO,B-ZG-BR,S-ZD-BR,B-ZB-BO,S-ZO-UN,B-ZB-BO,B-ZD-BR,S-ZC-UN,B-ZO-BO,B-ZD-BO,B-ZB-BR,B-ZC-BO,B-ZO-BR,B-ZC-BR,B-ZE-BO,B-ZB-BO,B-ZF-BR
528,2020.10.30 00:00,NZDUSD,60,86400,SELL,ZC,1,0.67196,0.66283,913.0,0.66596,0.65966,630.0,69.003,65.72,313.0,215.5,0.66596,0.66283,0.65653,UNTOUCHED,,0,,0,,0,,0,NA,Other,NA,,NA,,0.67509,BREAK,2020.11.05 16:00,0,,0,,0,,0,NA,NewYork,BREAK,2020.11.09 05:00,BREAK,2020.11.09 15:00,0.65970,BOUNCE,2020.11.02 03:00,1,2020.11.03 19:00,1,2020.11.05 16:00,0,,2,3d 13h,Asia,NA,,NA,,0.66909,BREAK,2020.11.03 19:00,0,,0,,0,,0,NA,NewYork,BOUNCE,2020.11.04 04:00,NA,,S-ZF-UN,B-ZC-BO,B-ZC-BO,B-ZF-BO,S-ZB-BO,B-ZG-BR,S-ZD-BR,B-ZB-BO,S-ZO-UN,B-ZB-BO,B-ZO-BO,B-ZD-BO,B-ZB-BR,B-ZC-BO,B-ZO-BR,B-ZC-BR,B-ZE-BO,B-ZB-BO,B-ZF-BR,B-ZB-BR
529,2020.10.31 00:00,NZDUSD,60,86400,BUY,ZO,0,0.66596,0.65966,630.0,0.66711,0.65977,734.0,116.508,1.75,619.0,148.7,0.66596,0.65977,0.67330,BOUNCE,2020.11.04 04:00,0,,0,,0,,0,NA,Asia,NA,,NA,,0.65347,UNTOUCHED,,0,,0,,0,,0,NA,Other,NA,,NA,,0.67215,BREAK,2020.11.04 03:00,0,,0,,0,,0,NA,Asia,BREAK,2020.11.06 12:00,BREAK,2020.11.11 05:00,0.65358,UNTOUCHED,,0,,0,,0,,0,NA,Other,NA,,NA,,S-ZC-UN,S-ZF-UN,B-ZC-BO,B-ZC-BO,B-ZF-BO,S-ZB-BO,B-ZG-BR,S-ZD-BR,B-ZB-BO,S-ZO-UN,B-ZD-BO,B-ZB-BR,B-ZC-BO,B-ZO-BR,B-ZC-BR,B-ZE-BO,B-ZB-BO,B-ZF-BR,B-ZB-BR,B-ZF-BO
530,2020.11.04 00:00,NZDUSD,60,86400,BUY,ZD,1,0.66347,0.65889,458.0,0.67178,0.66193,985.0,215.066,66.38,154.0,108.1,0.66347,0.66193,0.67332,BOUNCE,2020.11.04 04:00,1,2020.11.04 05:00,0,,0,,1,1h,Asia,NA,,NA,,0.65735,UNTOUCHED,,0,,0,,0,,0,NA,Other,NA,,NA,,0.66501,BREAK,2020.11.04 00:00,0,,0,,0,,0,NA,Asia,BREAK,2020.11.04 01:00,BREAK,2020.11.04 02:00,0.66039,UNTOUCHED,,0,,0,,0,,0,NA,Other,NA,,NA,,B-ZO-BO,S-ZC-UN,S-ZF-UN,B-ZC-BO,B-ZC-BO,B-ZF-BO,S-ZB-BO,B-ZG-BR,S-ZD-BR,B-ZB-BO,B-ZB-BR,B-ZC-BO,B-ZO-BR,B-ZC-BR,B-ZE-BO,B-ZB-BO,B-ZF-BR,B-ZB-BR,B-ZF-BO,B-ZE-BO
531,2020.11.06 00:00,NZDUSD,60,86400,BUY,ZB,1,0.67434,0.66136,1298.0,0.67779,0.66789,990.0,76.271,50.31,645.0,306.3,0.67434,0.66789,0.68424,BREAK,2020.11.09 16:00,0,,0,,0,,0,NA,NewYork,BOUNCE,2020.11.13 00:00,NA,,0.65491,UNTOUCHED,,0,,0,,0,,0,NA,Other,NA,,NA,,0.68079,BREAK,2020.11.09 05:00,0,,0,,0,,0,NA,Asia,BREAK,2020.11.11 07:00,BREAK,2020.11.23 16:00,0.66144,UNTOUCHED,,0,,0,,0,,0,NA,Other,NA,,NA,,B-ZD-BO,B-ZO-BO,S-ZC-UN,S-ZF-UN,B-ZC-BO,B-ZC-BO,B-ZF-BO,S-ZB-BO,B-ZG-BR,S-ZD-BR,B-ZC-BO,B-ZO-BR,B-ZC-BR,B-ZE-BO,B-ZB-BO,B-ZF-BR,B-ZB-BR,B-ZF-BO,B-ZE-BO,B-ZG-BR
532,2020.11.07 00:00,NZDUSD,60,86400,BUY,ZC,1,0.67779,0.66789,990.0,0.68021,0.67512,509.0,51.414,73.03,267.0,233.6,0.67779,0.67512,0.68288,BOUNCE,2020.11.09 15:00,0,,0,,0,,0,NA,NewYork,NA,,NA,,0.66522,UNTOUCHED,,0,,0,,0,,0,NA,Other,NA,,NA,,0.68046,BREAK,2020.11.09 05:00,0,,0,,0,,0,NA,Asia,BREAK,2020.11.09 18:00,BOUNCE,2020.11.11 05:00,0.67245,UNTOUCHED,,0,,0,,0,,0,NA,Other,NA,,NA,,B-ZB-BR,B-ZD-BO,B-ZO-BO,S-ZC-UN,S-ZF-UN,B-ZC-BO,B-ZC-BO,B-ZF-BO,S-ZB-BO,B-ZG-BR,B-ZO-BR,B-ZC-BR,B-ZE-BO,B-ZB-BO,B-ZF-BR,B-ZB-BR,B-ZF-BO,B-ZE-BO,B-ZG-BR,S-ZB-PE
533,2020.11.13 00:00,NZDUSD,60,86400,BUY,ZO,0,0.69037,0.68089,948.0,0.69146,0.68426,720.0,75.949,35.55,611.0,223.7,0.69037,0.68426,0.69757,BREAK,2020.11.24 05:00,0,,0,,0,,0,NA,Asia,BREAK,2020.12.01 18:00,BOUNCE,2020.12.04 17:00,0.67478,UNTOUCHED,,0,,0,,0,,0,NA,Other,NA,,NA,,0.69648,BOUNCE,2020.11.23 15:00,0,,0,,0,,0,NA,NewYork,NA,,NA,,0.67815,UNTOUCHED,,0,,0,,0,,0,NA,Other,NA,,NA,,B-ZC-BO,B-ZB-BR,B-ZD-BO,B-ZO-BO,S-ZC-UN,S-ZF-UN,B-ZC-BO,B-ZC-BO,B-ZF-BO,S-ZB-BO,B-ZC-BR,B-ZE-BO,B-ZB-BO,B-ZF-BR,B-ZB-BR,B-ZF-BO,B-ZE-BO,B-ZG-BR,S-ZB-PE,S-ZO-PE
534,2020.11.16 02:00,NZDUSD,60,86400,BUY,ZC,1,0.68480,0.68105,375.0,0.68486,0.68385,101.0,26.933,74.67,95.0,88.5,0.68480,0.68385,0.68581,BREAK,2020.11.16 03:00,0,,0,,0,,0,NA,Asia,BREAK,2020.11.16 04:00,BREAK,2020.11.16 05:00,0.68010,UNTOUCHED,,0,,0,,0,,0,NA,Other,NA,,NA,,0.68575,BREAK,2020.11.16 03:00,0,,0,,0,,0,NA,Asia,BREAK,2020.11.16 04:00,BREAK,2020.11.16 05:00,0.68290,UNTOUCHED,,0,,0,,0,,0,NA,Other,NA,,NA,,B-ZO-BR,B-ZC-BO,B-ZB-BR,B-ZD-BO,B-ZO-BO,S-ZC-UN,S-ZF-UN,B-ZC-BO,B-ZC-BO,B-ZF-BO,B-ZE-BO,B-ZB-BO,B-ZF-BR,B-ZB-BR,B-ZF-BO,B-ZE-BO,B-ZG-BR,S-ZB-PE,S-ZO-PE,S-ZE-BR
535,2020.11.18 00:00,NZDUSD,60,86400,BUY,ZE,1,0.69005,0.68378,627.0,0.69188,0.68753,435.0,69.378,59.81,252.0,148.0,0.69005,0.68753,0.69440,BOUNCE,2020.11.18 22:00,1,2020.11.19 12:00,0,,0,,1,14h,Other,NA,,NA,,0.68126,UNTOUCHED,,0,,0,,0,,0,NA,Other,NA,,NA,,0.69257,BREAK,2020.11.18 12:00,0,,0,,0,,0,NA,London,BREAK,2020.11.23 15:00,BOUNCE,2020.11.24 05:00,0.68501,UNTOUCHED,,0,,0,,0,,0,NA,Other,NA,,NA,,B-ZC-BR,B-ZO-BR,B-ZC-BO,B-ZB-BR,B-ZD-BO,B-ZO-BO,S-ZC-UN,S-ZF-UN,B-ZC-BO,B-ZC-BO,B-ZB-BO,B-ZF-BR,B-ZB-BR,B-ZF-BO,B-ZE-BO,B-ZG-BR,S-ZB-PE,S-ZO-PE,S-ZE-BR,B-ZB-PE
536,2020.11.21 00:00,NZDUSD,60,86400,BUY,ZB,1,0.69360,0.68787,573.0,0.69509,0.69040,469.0,81.850,44.15,320.0,135.2,0.69360,0.69040,0.69829,BOUNCE,2020.11.24 05:00,0,,0,,0,,0,NA,Asia,NA,,NA,,0.68467,PENDING,,0,,0,,0,,0,NA,Other,NA,,NA,,0.69680,BREAK,2020.11.24 05:00,0,,0,,0,,0,NA,Asia,BOUNCE,2020.11.24 17:00,NA,,0.68720,PENDING,,0,,0,,0,,0,NA,Other,NA,,NA,,B-ZE-BO,B-ZC-BR,B-ZO-BR,B-ZC-BO,B-ZB-BR,B-ZD-BO,B-ZO-BO,S-ZC-UN,S-ZF-UN,B-ZC-BO,B-ZF-BR,B-ZB-BR,B-ZF-BO,B-ZE-BO,B-ZG-BR,S-ZB-PE,S-ZO-PE,S-ZE-BR,B-ZB-PE,S-ZO-PE
537,2020.11.25 00:00,NZDUSD,60,86400,BUY,ZF,0,0.69678,0.68967,711.0,0.70048,0.69163,885.0,124.473,27.57,515.0,167.8,0.69678,0.69163,0.70563,BREAK,2020.12.01 18:00,0,,0,,0,,0,NA,NewYork,BOUNCE,2020.12.16 23:00,NA,,0.68452,PENDING,,0,,0,,0,,0,NA,Other,NA,,NA,,0.70193,BREAK,2020.11.27 09:00,0,,0,,0,,0,NA,London,BREAK,2020.12.03 18:00,BREAK,2020.12.17 05:00,0.68648,PENDING,,0,,0,,0,,0,NA,Other,NA,,NA,,B-ZB-BO,B-ZE-BO,B-ZC-BR,B-ZO-BR,B-ZC-BO,B-ZB-BR,B-ZD-BO,B-ZO-BO,S-ZC-UN,S-ZF-UN,B-ZB-BR,B-ZF-BO,B-ZE-BO,B-ZG-BR,S-ZB-PE,S-ZO-PE,S-ZE-BR,B-ZB-PE,S-ZO-PE,B-ZD-BO
538,2020.11.26 00:00,NZDUSD,60,86400,BUY,ZB,1,0.70048,0.69163,885.0,0.70148,0.69602,546.0,61.695,49.60,446.0,208.9,0.70048,0.69602,0.70594,BREAK,2020.12.01 18:00,0,,0,,0,,0,NA,NewYork,BOUNCE,2020.12.04 05:00,NA,,0.68717,PENDING,,0,,0,,0,,0,NA,Other,NA,,NA,,0.70494,BREAK,2020.11.30 15:00,0,,0,,0,,0,NA,NewYork,BOUNCE,2020.12.04 12:00,NA,,0.69156,PENDING,,0,,0,,0,,0,NA,Other,NA,,NA,,B-ZF-BR,B-ZB-BO,B-ZE-BO,B-ZC-BR,B-ZO-BR,B-ZC-BO,B-ZB-BR,B-ZD-BO,B-ZO-BO,S-ZC-UN,B-ZF-BO,B-ZE-BO,B-ZG-BR,S-ZB-PE,S-ZO-PE,S-ZE-BR,B-ZB-PE,S-ZO-PE,B-ZD-BO,
539,2020.11.28 00:00,NZDUSD,60,86400,BUY,ZF,1,0.70148,0.69928,220.0,0.70393,0.69952,441.0,200.455,10.91,196.0,51.9,0.70148,0.69952,0.70589,BOUNCE,2020.12.01 18:00,1,2020.12.07 12:00,0,,0,,1,5d 18h,NewYork,NA,,NA,,0.69732,PENDING,,0,,0,,0,,0,NA,Other,NA,,NA,,0.70344,BREAK,2020.11.30 02:00,0,,0,,0,,0,NA,Asia,BREAK,2020.12.01 18:00,BREAK,2020.12.02 11:00,0.69756,PENDING,,0,,0,,0,,0,NA,Other,NA,,NA,,B-ZB-BR,B-ZF-BR,B-ZB-BO,B-ZE-BO,B-ZC-BR,B-ZO-BR,B-ZC-BO,B-ZB-BR,B-ZD-BO,B-ZO-BO,B-ZE-BO,B-ZG-BR,S-ZB-PE,S-ZO-PE,S-ZE-BR,B-ZB-PE,S-ZO-PE,B-ZD-BO,,
540,2020.12.03 00:00,NZDUSD,60,86400,BUY,ZE,1,0.70675,0.70072,603.0,0.70841,0.70316,525.0,87.065,40.46,359.0,142.3,0.70675,0.70316,0.71200,BOUNCE,2020.12.16 12:00,1,2020.12.21 11:00,0,,0,,1,4d 23h,London,NA,,NA,,0.69713,PENDING,,0,,0,,0,,0,NA,Other,NA,,NA,,0.71034,BOUNCE,2020.12.03 18:00,0,,0,,0,,0,NA,NewYork,NA,,NA,,0.69957,PENDING,,0,,0,,0,,0,NA,Other,NA,,NA,,B-ZF-BO,B-ZB-BR,B-ZF-BR,B-ZB-BO,B-ZE-BO,B-ZC-BR,B-ZO-BR,B-ZC-BO,B-ZB-BR,B-ZD-BO,B-ZG-BR,S-ZB-PE,S-ZO-PE,S-ZE-BR,B-ZB-PE,S-ZO-PE,B-ZD-BO,,,
541,2020.12.04 00:00,NZDUSD,60,86400,BUY,ZG,0,0.70841,0.70316,525.0,0.71041,0.70504,537.0,102.286,35.81,337.0,123.9,0.70841,0.70504,0.71378,BREAK,2020.12.17 05:00,0,,0,,0,,0,NA,Asia,BREAK,2020.12.30 08:00,PENDING,,0.69979,PENDING,,0,,0,,0,,0,NA,Other,NA,,NA,,0.71178,BOUNCE,2020.12.14 14:00,1,2020.12.21 14:00,0,,0,,1,1w 0d,NewYork,NA,,NA,,0.70167,BOUNCE,2020.12.07 13:00,1,2020.12.14 14:00,1,2020.12.14 14:00,0,,2,1w 0d,NewYork,NA,,NA,,B-ZE-BO,B-ZF-BO,B-ZB-BR,B-ZF-BR,B-ZB-BO,B-ZE-BO,B-ZC-BR,B-ZO-BR,B-ZC-BO,B-ZB-BR,S-ZB-PE,S-ZO-PE,S-ZE-BR,B-ZB-PE,S-ZO-PE,B-ZD-BO,,,,
542,2020.12.05 00:00,NZDUSD,60,86400,SELL,ZB,1,0.71041,0.70504,537.0,0.70828,0.70273,555.0,103.352,39.66,324.0,126.7,0.70828,0.70504,0.69949,PENDING,,0,,0,,0,,0,NA,Other,NA,,NA,,0.71365,BREAK,2020.12.17 05:00,0,,0,,0,,0,NA,Asia,BOUNCE,2020.12.18 06:00,NA,,0.70180,BREAK,2020.12.07 12:00,0,,0,,0,,0,NA,London,PENDING,,NA,,0.71152,BOUNCE,2020.12.14 14:00,1,2020.12.21 14:00,1,2020.12.21 14:00,0,,2,1w 0d,NewYork,NA,,NA,,B-ZG-BR,B-ZE-BO,B-ZF-BO,B-ZB-BR,B-ZF-BR,B-ZB-BO,B-ZE-BO,B-ZC-BR,B-ZO-BR,B-ZC-BO,S-ZO-PE,S-ZE-BR,B-ZB-PE,S-ZO-PE,B-ZD-BO,,,,,
543,2020.12.11 00:00,NZDUSD,60,86400,SELL,ZO,0,0.70941,0.70110,831.0,0.70918,0.70107,811.0,97.593,2.77,808.0,196.1,0.70918,0.70110,0.69299,PENDING,,0,,0,,0,,0,NA,Other,NA,,NA,,0.71749,BREAK,2020.12.30 05:00,0,,0,,0,,0,NA,Asia,PENDING,,NA,,0.69302,PENDING,,0,,0,,0,,0,NA,Other,NA,,NA,,0.71726,BREAK,2020.12.30 05:00,0,,0,,0,,0,NA,Asia,PENDING,,NA,,S-ZB-PE,B-ZG-BR,B-ZE-BO,B-ZF-BO,B-ZB-BR,B-ZF-BR,B-ZB-BO,B-ZE-BO,B-ZC-BR,B-ZO-BR,S-ZE-BR,B-ZB-PE,S-ZO-PE,B-ZD-BO,,,,,,
544,2020.12.16 00:00,NZDUSD,60,86400,SELL,ZE,1,0.71198,0.70765,433.0,0.70981,0.70588,393.0,90.762,50.12,216.0,102.2,0.70981,0.70765,0.70372,BREAK,2020.12.21 13:00,0,,0,,0,,0,NA,NewYork,BREAK,2020.12.21 14:00,PENDING,,0.71414,BREAK,2020.12.17 11:00,0,,0,,0,,0,NA,London,BOUNCE,2020.12.18 06:00,NA,,0.70549,BOUNCE,2020.12.16 23:00,1,2020.12.17 05:00,1,2020.12.17 11:00,0,,2,12h,Other,NA,,NA,,0.71197,BOUNCE,2020.12.16 12:00,1,2020.12.16 23:00,1,2020.12.16 23:00,0,,2,11h,London,NA,,NA,,S-ZO-PE,S-ZB-PE,B-ZG-BR,B-ZE-BO,B-ZF-BO,B-ZB-BR,B-ZF-BR,B-ZB-BO,B-ZE-BO,B-ZC-BR,B-ZB-PE,S-ZO-PE,B-ZD-BO,,,,,,,
545,2020.12.18 00:00,NZDUSD,60,86400,BUY,ZB,1,0.71205,0.70536,669.0,0.71714,0.70838,876.0,130.942,45.14,367.0,157.9,0.71205,0.70838,0.72081,PENDING,2020.12.30 19:00,0,,0,,0,,0,NA,NewYork,NA,,NA,,0.70169,BOUNCE,2020.12.21 14:00,1,2020.12.21 21:00,1,2020.12.29 18:00,1,2020.12.30 19:00,3,1w 2d,NewYork,NA,,NA,,0.71572,BREAK,2020.12.29 18:00,0,,0,,0,,0,NA,NewYork,BREAK,2020.12.30 22:00,PENDING,,0.70471,BREAK,2020.12.21 12:00,0,,0,,0,,0,NA,London,BOUNCE,2020.12.21 18:00,NA,,S-ZE-BR,S-ZO-PE,S-ZB-PE,B-ZG-BR,B-ZE-BO,B-ZF-BO,B-ZB-BR,B-ZF-BR,B-ZB-BO,B-ZE-BO,S-ZO-PE,B-ZD-BO,,,,,,,,
546,2020.12.24 00:00,NZDUSD,60,86400,SELL,ZO,0,0.71107,0.70311,796.0,0.71045,0.70297,748.0,93.970,7.79,734.0,187.9,0.71045,0.70311,0.69563,PENDING,,0,,0,,0,,0,NA,Other,NA,,NA,,0.71841,BREAK,2020.12.30 08:00,0,,0,,0,,0,NA,London,PENDING,,NA,,0.69577,PENDING,,0,,0,,0,,0,NA,Other,NA,,NA,,0.71779,BREAK,2020.12.30 08:00,0,,0,,0,,0,NA,London,PENDING,,NA,,B-ZB-PE,S-ZE-BR,S-ZO-PE,S-ZB-PE,B-ZG-BR,B-ZE-BO,B-ZF-BO,B-ZB-BR,B-ZF-BR,B-ZB-BO,B-ZD-BO,,,,,,,,,
547,2020.12.28 02:00,NZDUSD,60,86400,BUY,ZD,1,0.71045,0.70297,748.0,0.71176,0.70840,336.0,44.920,72.59,205.0,176.5,0.71045,0.70840,0.71381,BOUNCE,2020.12.28 11:00,1,2020.12.28 19:00,0,,0,,1,8h,London,NA,,NA,,0.70092,PENDING,,0,,0,,0,,0,NA,Other,NA,,NA,,0.71250,BOUNCE,2020.12.28 06:00,0,,0,,0,,0,NA,Asia,NA,,NA,,0.70635,PENDING,,0,,0,,0,,0,NA,Other,NA,,NA,,S-ZO-PE,B-ZB-PE,S-ZE-BR,S-ZO-PE,S-ZB-PE,B-ZG-BR,B-ZE-BO,B-ZF-BO,B-ZB-BR,B-ZF-BR,,,,,,,,,,
