AngleID,FormTime,Symbol,TF,UnitSeconds,Dir,Class,Confirmed,U2_High,U2_Low,U2_Range,U1_High,U1_Low,U1_Range,Ratio_U1_U2_pct,Corr_pct,L_points,B_points,DiagTop,DiagBot,U1X1_Level,U1X1_React,U1X1_TouchTime,U1X1_TP1_Hit,U1X1_TP1_Time,U1X1_TP2_Hit,U1X1_TP2_Time,U1X1_TP3_Hit,U1X1_TP3_Time,U1X1_MaxTP,U1X1_Dur,U1X1_Session,U1X1_X2_React,U1X1_X2_Time,U1X1_X3_React,U1X1_X3_Time,U2X1_Level,U2X1_React,U2X1_TouchTime,U2X1_TP1_Hit,U2X1_TP1_Time,U2X1_TP2_Hit,U2X1_TP2_Time,U2X1_TP3_Hit,U2X1_TP3_Time,U2X1_MaxTP,U2X1_Dur,U2X1_Session,U2X1_X2_React,U2X1_X2_Time,U2X1_X3_React,U2X1_X3_Time,DLX1_Level,DLX1_React,DLX1_TouchTime,DLX1_TP1_Hit,DLX1_TP1_Time,DLX1_TP2_Hit,DLX1_TP2_Time,DLX1_TP3_Hit,DLX1_TP3_Time,DLX1_MaxTP,DLX1_Dur,DLX1_Session,DLX1_X2_React,DLX1_X2_Time,DLX1_X3_React,DLX1_X3_Time,DRX1_Level,DRX1_React,DRX1_TouchTime,DRX1_TP1_Hit,DRX1_TP1_Time,DRX1_TP2_Hit,DRX1_TP2_Time,DRX1_TP3_Hit,DRX1_TP3_Time,DRX1_MaxTP,DRX1_Dur,DRX1_Session,DRX1_X2_React,DRX1_X2_Time,DRX1_X3_React,DRX1_X3_Time,Left_1,Left_2,Left_3,Left_4,Left_5,Left_6,Left_7,Left_8,Left_9,Left_10,Right_1,Right_2,Right_3,Right_4,Right_5,Right_6,Right_7,Right_8,Right_9,Right_10
1,2017.08.10 00:00,USDCAD,60,86400,BUY,ZG,0,1.27051,1.26503,548.0,1.27210,1.26630,580.0,105.839,23.18,421.0,129.3,1.27051,1.26630,1.27631,BREAK,2017.08.15 16:00,0,,0,,0,,0,NA,NewYork,UNTOUCHED,,NA,,1.26082,BREAK,2017.08.17 05:00,0,,0,,0,,0,NA,Asia,BREAK,2017.08.22 04:00,BREAK,2017.08.25 03:00,1.27472,BOUNCE,2017.08.11 05:00,1,2017.08.17 00:00,1,2017.08.17 05:00,0,,2,6d 0h,Asia,NA,,NA,,1.26209,BREAK,2017.08.17 00:00,0,,0,,0,,0,NA,Asia,BOUNCE,2017.08.18 16:00,NA,,,,,,,,,,,,B-ZH-UN,S-ZF-BR,S-ZE-BO,S-ZO-BO,B-ZO-BO,S-ZD-BR,S-ZD-BO,B-ZB-UN,S-ZG-BR,S-ZF-UN
2,2017.08.11 00:00,USDCAD,60,86400,BUY,ZH,0,1.27210,1.26630,580.0,1.27416,1.26724,692.0,119.310,16.21,486.0,136.9,1.27210,1.26724,1.27902,UNTOUCHED,,0,,0,,0,,0,NA,Other,NA,,NA,,1.26144,BREAK,2017.08.17 00:00,0,,0,,0,,0,NA,Asia,BREAK,2017.08.22 05:00,BREAK,2017.08.25 14:00,1.27696,BOUNCE,2017.08.15 16:00,1,2017.08.17 00:00,1,2017.08.17 00:00,0,,2,1d 8h,NewYork,NA,,NA,,1.26238,BREAK,2017.08.17 00:00,0,,0,,0,,0,NA,Asia,BREAK,2017.08.18 19:00,BOUNCE,2017.08.22 16:00,B-ZG-BR,,,,,,,,,,S-ZF-BR,S-ZE-BO,S-ZO-BO,B-ZO-BO,S-ZD-BR,S-ZD-BO,B-ZB-UN,S-ZG-BR,S-ZF-UN,S-ZB-UN
3,2017.08.17 00:00,USDCAD,60,86400,SELL,ZF,1,1.27777,1.27179,598.0,1.27699,1.26258,1441.0,240.970,13.04,520.0,141.1,1.27699,1.27179,1.25738,BREAK,2017.08.18 19:00,0,,0,,0,,0,NA,NewYork,BREAK,2017.08.25 03:00,BREAK,2017.08.28 16:00,1.28297,UNTOUCHED,,0,,0,,0,,0,NA,Other,NA,,NA,,1.26659,BREAK,2017.08.17 00:00,0,,0,,0,,0,NA,Asia,BREAK,2017.08.17 11:00,BREAK,2017.08.22 10:00,1.28219,UNTOUCHED,,0,,0,,0,,0,NA,Other,NA,,NA,,B-ZH-UN,B-ZG-BR,,,,,,,,,S-ZE-BO,S-ZO-BO,B-ZO-BO,S-ZD-BR,S-ZD-BO,B-ZB-UN,S-ZG-BR,S-ZF-UN,S-ZB-UN,S-ZE-UN
4,2017.08.18 00:00,USDCAD,60,86400,SELL,ZE,1,1.27699,1.26258,1441.0,1.26785,1.25879,906.0,62.873,63.43,527.0,340.1,1.26785,1.26258,1.25352,BOUNCE,2017.08.22 16:00,1,2017.08.31 05:00,0,,0,,1,1w 1d,NewYork,NA,,NA,,1.28226,UNTOUCHED,,0,,0,,0,,0,NA,Other,NA,,NA,,1.25731,BREAK,2017.08.18 19:00,0,,0,,0,,0,NA,NewYork,BREAK,2017.08.25 18:00,BOUNCE,2017.08.29 01:00,1.27312,UNTOUCHED,,0,,0,,0,,0,NA,Other,NA,,NA,,S-ZF-BR,B-ZH-UN,B-ZG-BR,,,,,,,,S-ZO-BO,B-ZO-BO,S-ZD-BR,S-ZD-BO,B-ZB-UN,S-ZG-BR,S-ZF-UN,S-ZB-UN,S-ZE-UN,B-ZC-BR
5,2017.08.23 00:00,USDCAD,60,86400,SELL,ZO,0,1.26066,1.25532,534.0,1.25947,1.25256,691.0,129.401,22.28,415.0,126.0,1.25947,1.25532,1.24841,BOUNCE,2017.08.25 18:00,1,2017.08.30 16:00,1,2017.08.30 19:00,1,2017.08.31 05:00,3,5d 11h,NewYork,NA,,NA,,1.26481,BREAK,2017.08.31 05:00,0,,0,,0,,0,NA,Asia,UNTOUCHED,,NA,,1.25117,BREAK,2017.08.25 03:00,0,,0,,0,,0,NA,Asia,BREAK,2017.08.28 16:00,BREAK,2017.09.01 16:00,1.26362,BREAK,2017.08.30 19:00,0,,0,,0,,0,NA,NewYork,UNTOUCHED,,NA,,S-ZE-BO,S-ZF-BR,B-ZH-UN,B-ZG-BR,,,,,,,B-ZO-BO,S-ZD-BR,S-ZD-BO,B-ZB-UN,S-ZG-BR,S-ZF-UN,S-ZB-UN,S-ZE-UN,B-ZC-BR,B-ZG-BR
6,2017.08.24 00:00,USDCAD,60,86400,BUY,ZO,0,1.25947,1.25256,691.0,1.25978,1.25407,571.0,82.634,21.85,540.0,163.1,1.25947,1.25407,1.26518,BOUNCE,2017.08.31 10:00,1,2017.08.31 18:00,1,2017.08.31 23:00,1,2017.09.01 04:00,3,18h,London,NA,,NA,,1.24716,BREAK,2017.08.25 20:00,0,,0,,0,,0,NA,NewYork,BREAK,2017.09.01 16:00,BOUNCE,2017.09.04 11:00,1.26487,BOUNCE,2017.08.31 05:00,1,2017.08.31 23:00,1,2017.09.01 04:00,0,,2,23h,Asia,NA,,NA,,1.24867,BREAK,2017.08.25 18:00,0,,0,,0,,0,NA,NewYork,BREAK,2017.09.01 16:00,BREAK,2017.09.01 19:00,S-ZO-BO,S-ZE-BO,S-ZF-BR,B-ZH-UN,B-ZG-BR,,,,,,S-ZD-BR,S-ZD-BO,B-ZB-UN,S-ZG-BR,S-ZF-UN,S-ZB-UN,S-ZE-UN,B-ZC-BR,B-ZG-BR,S-ZO-UN
7,2017.08.25 00:00,USDCAD,60,86400,SELL,ZD,1,1.25978,1.25407,571.0,1.25604,1.25193,411.0,71.979,65.50,197.0,134.8,1.25604,1.25407,1.24996,BREAK,2017.08.25 18:00,0,,0,,0,,0,NA,NewYork,BREAK,2017.08.25 20:00,BREAK,2017.08.28 17:00,1.26175,BOUNCE,2017.08.30 18:00,1,2017.08.31 16:00,1,2017.08.31 19:00,1,2017.08.31 22:00,3,1d 4h,NewYork,NA,,NA,,1.25210,BREAK,2017.08.25 00:00,0,,0,,0,,0,NA,Asia,BREAK,2017.08.25 18:00,BREAK,2017.08.25 20:00,1.25801,BREAK,2017.08.30 17:00,0,,0,,0,,0,NA,NewYork,BREAK,2017.08.30 18:00,BREAK,2017.08.30 19:00,B-ZO-BO,S-ZO-BO,S-ZE-BO,S-ZF-BR,B-ZH-UN,B-ZG-BR,,,,,S-ZD-BO,B-ZB-UN,S-ZG-BR,S-ZF-UN,S-ZB-UN,S-ZE-UN,B-ZC-BR,B-ZG-BR,S-ZO-UN,S-ZO-UN
8,2017.08.26 00:00,USDCAD,60,86400,SELL,ZD,1,1.25604,1.25193,411.0,1.25391,1.24652,739.0,179.805,51.82,198.0,97.0,1.25391,1.25193,1.24454,BOUNCE,2017.08.28 17:00,1,2017.08.28 19:00,1,2017.08.30 16:00,1,2017.08.30 17:00,3,2d 0h,NewYork,NA,,NA,,1.25802,BREAK,2017.08.30 17:00,0,,0,,0,,0,NA,NewYork,BREAK,2017.08.30 18:00,BREAK,2017.08.30 19:00,1.24995,BREAK,2017.08.26 00:00,0,,0,,0,,0,NA,Asia,BREAK,2017.08.28 02:00,BREAK,2017.08.28 16:00,1.25589,BREAK,2017.08.30 16:00,0,,0,,0,,0,NA,NewYork,BREAK,2017.08.30 17:00,BREAK,2017.08.30 18:00,S-ZD-BR,B-ZO-BO,S-ZO-BO,S-ZE-BO,S-ZF-BR,B-ZH-UN,B-ZG-BR,,,,B-ZB-UN,S-ZG-BR,S-ZF-UN,S-ZB-UN,S-ZE-UN,B-ZC-BR,B-ZG-BR,S-ZO-UN,S-ZO-UN,B-ZO-BR
9,2017.08.31 00:00,USDCAD,60,86400,BUY,ZB,1,1.25496,1.24409,1087.0,1.26365,1.25002,1363.0,125.391,54.55,494.0,256.5,1.25496,1.25002,1.26859,UNTOUCHED,,0,,0,,0,,0,NA,Other,NA,,NA,,1.23915,BREAK,2017.09.01 16:00,0,,0,,0,,0,NA,NewYork,BOUNCE,2017.09.05 22:00,NA,,1.25990,BREAK,2017.08.31 00:00,0,,0,,0,,0,NA,Asia,BOUNCE,2017.08.31 16:00,NA,,1.24508,BREAK,2017.09.01 06:00,0,,0,,0,,0,NA,Asia,BREAK,2017.09.01 18:00,BOUNCE,2017.09.06 16:00,S-ZD-BO,S-ZD-BR,B-ZO-BO,S-ZO-BO,S-ZE-BO,S-ZF-BR,B-ZH-UN,B-ZG-BR,,,S-ZG-BR,S-ZF-UN,S-ZB-UN,S-ZE-UN,B-ZC-BR,B-ZG-BR,S-ZO-UN,S-ZO-UN,B-ZO-BR,B-ZE-BO
10,2017.09.06 00:00,USDCAD,60,86400,SELL,ZG,1,1.24259,1.23749,510.0,1.24170,1.23357,813.0,159.412,17.45,421.0,120.4,1.24170,1.23749,1.22936,BREAK,2017.09.06 18:00,0,,0,,0,,0,NA,NewYork,BREAK,2017.09.06 19:00,BREAK,2017.09.07 12:00,1.24680,BREAK,2017.09.27 23:00,0,,0,,0,,0,NA,Other,BOUNCE,2017.09.28 13:00,NA,,1.23328,BREAK,2017.09.06 18:00,0,,0,,0,,0,NA,NewYork,BREAK,2017.09.06 19:00,BREAK,2017.09.06 20:00,1.24591,BREAK,2017.09.27 22:00,0,,0,,0,,0,NA,Other,BREAK,2017.09.28 11:00,BOUNCE,2017.10.05 16:00,B-ZB-UN,S-ZD-BO,S-ZD-BR,B-ZO-BO,S-ZO-BO,S-ZE-BO,S-ZF-BR,B-ZH-UN,B-ZG-BR,,S-ZF-UN,S-ZB-UN,S-ZE-UN,B-ZC-BR,B-ZG-BR,S-ZO-UN,S-ZO-UN,B-ZO-BR,B-ZE-BO,B-ZG-BR
11,2017.09.07 00:00,USDCAD,60,86400,SELL,ZF,1,1.24170,1.23357,813.0,1.24144,1.21357,2787.0,342.804,3.20,787.0,191.9,1.24144,1.23357,1.20570,UNTOUCHED,,0,,0,,0,,0,NA,Other,NA,,NA,,1.24957,BREAK,2017.09.28 07:00,0,,0,,0,,0,NA,London,BREAK,2017.10.06 10:00,BREAK,2017.10.24 19:00,1.22570,BREAK,2017.09.07 00:00,0,,0,,0,,0,NA,Asia,BREAK,2017.09.07 16:00,BREAK,2017.09.08 06:00,1.24931,BREAK,2017.09.28 06:00,0,,0,,0,,0,NA,Asia,BREAK,2017.10.06 10:00,BREAK,2017.10.24 19:00,S-ZG-BR,B-ZB-UN,S-ZD-BO,S-ZD-BR,B-ZO-BO,S-ZO-BO,S-ZE-BO,S-ZF-BR,B-ZH-UN,B-ZG-BR,S-ZB-UN,S-ZE-UN,B-ZC-BR,B-ZG-BR,S-ZO-UN,S-ZO-UN,B-ZO-BR,B-ZE-BO,B-ZG-BR,B-ZO-BR
12,2017.09.08 00:00,USDCAD,60,86400,SELL,ZB,1,1.24144,1.21357,2787.0,1.22408,1.21183,1225.0,43.954,62.29,1051.0,657.7,1.22408,1.21357,1.20132,UNTOUCHED,,0,,0,,0,,0,NA,Other,NA,,NA,,1.25195,BREAK,2017.09.29 19:00,0,,0,,0,,0,NA,NewYork,BREAK,2017.10.24 23:00,BREAK,2017.10.25 20:00,1.20306,UNTOUCHED,,0,,0,,0,,0,NA,Other,NA,,NA,,1.23459,BOUNCE,2017.09.20 22:00,0,,0,,0,,0,NA,Other,NA,,NA,,S-ZF-UN,S-ZG-BR,B-ZB-UN,S-ZD-BO,S-ZD-BR,B-ZO-BO,S-ZO-BO,S-ZE-BO,S-ZF-BR,B-ZH-UN,S-ZE-UN,B-ZC-BR,B-ZG-BR,S-ZO-UN,S-ZO-UN,B-ZO-BR,B-ZE-BO,B-ZG-BR,B-ZO-BR,S-ZD-UN
13,2017.09.09 00:00,USDCAD,60,86400,SELL,ZE,1,1.22408,1.21183,1225.0,1.21653,1.20611,1042.0,85.061,61.63,470.0,289.1,1.21653,1.21183,1.20141,UNTOUCHED,,0,,0,,0,,0,NA,Other,NA,,NA,,1.22878,BREAK,2017.09.18 22:00,0,,0,,0,,0,NA,Other,BREAK,2017.09.20 22:00,BREAK,2017.09.26 20:00,1.20713,UNTOUCHED,,0,,0,,0,,0,NA,Other,NA,,NA,,1.22123,BOUNCE,2017.09.13 19:00,0,,0,,0,,0,NA,NewYork,NA,,NA,,S-ZB-UN,S-ZF-UN,S-ZG-BR,B-ZB-UN,S-ZD-BO,S-ZD-BR,B-ZO-BO,S-ZO-BO,S-ZE-BO,S-ZF-BR,B-ZC-BR,B-ZG-BR,S-ZO-UN,S-ZO-UN,B-ZO-BR,B-ZE-BO,B-ZG-BR,B-ZO-BR,S-ZD-UN,B-ZF-BR
14,2017.09.14 00:00,USDCAD,60,86400,BUY,ZC,1,1.21895,1.20821,1074.0,1.22200,1.21306,894.0,83.240,45.16,589.0,253.5,1.21895,1.21306,1.22789,BREAK,2017.09.18 22:00,0,,0,,0,,0,NA,Other,BREAK,2017.09.20 22:00,BOUNCE,2017.09.26 21:00,1.20232,UNTOUCHED,,0,,0,,0,,0,NA,Other,NA,,NA,,1.22484,BREAK,2017.09.18 22:00,0,,0,,0,,0,NA,Other,BOUNCE,2017.09.20 13:00,NA,,1.20717,UNTOUCHED,,0,,0,,0,,0,NA,Other,NA,,NA,,S-ZE-UN,S-ZB-UN,S-ZF-UN,S-ZG-BR,B-ZB-UN,S-ZD-BO,S-ZD-BR,B-ZO-BO,S-ZO-BO,S-ZE-BO,B-ZG-BR,S-ZO-UN,S-ZO-UN,B-ZO-BR,B-ZE-BO,B-ZG-BR,B-ZO-BR,S-ZD-UN,B-ZF-BR,B-ZE-BR
15,2017.09.15 00:00,USDCAD,60,86400,BUY,ZG,0,1.22200,1.21306,894.0,1.22394,1.21600,794.0,88.814,32.89,600.0,211.0,1.22200,1.21600,1.22994,BREAK,2017.09.18 22:00,0,,0,,0,,0,NA,Other,BREAK,2017.09.20 22:00,BOUNCE,2017.09.27 19:00,1.20706,UNTOUCHED,,0,,0,,0,,0,NA,Other,NA,,NA,,1.22800,BREAK,2017.09.18 22:00,0,,0,,0,,0,NA,Other,BREAK,2017.09.20 22:00,BOUNCE,2017.09.26 21:00,1.21000,UNTOUCHED,,0,,0,,0,,0,NA,Other,NA,,NA,,B-ZC-BR,S-ZE-UN,S-ZB-UN,S-ZF-UN,S-ZG-BR,B-ZB-UN,S-ZD-BO,S-ZD-BR,B-ZO-BO,S-ZO-BO,S-ZO-UN,S-ZO-UN,B-ZO-BR,B-ZE-BO,B-ZG-BR,B-ZO-BR,S-ZD-UN,B-ZF-BR,B-ZE-BR,S-ZF-BR
16,2017.09.16 00:00,USDCAD,60,86400,SELL,ZO,0,1.22394,1.21600,794.0,1.22180,1.21192,988.0,124.433,26.95,580.0,187.4,1.22180,1.21600,1.20612,UNTOUCHED,,0,,0,,0,,0,NA,Other,NA,,NA,,1.22974,BREAK,2017.09.18 22:00,0,,0,,0,,0,NA,Other,BREAK,2017.09.20 22:00,BOUNCE,2017.09.27 19:00,1.21020,UNTOUCHED,,0,,0,,0,,0,NA,Other,NA,,NA,,1.22760,BREAK,2017.09.18 22:00,0,,0,,0,,0,NA,Other,BREAK,2017.09.20 22:00,BREAK,2017.09.26 20:00,B-ZG-BR,B-ZC-BR,S-ZE-UN,S-ZB-UN,S-ZF-UN,S-ZG-BR,B-ZB-UN,S-ZD-BO,S-ZD-BR,B-ZO-BO,S-ZO-UN,B-ZO-BR,B-ZE-BO,B-ZG-BR,B-ZO-BR,S-ZD-UN,B-ZF-BR,B-ZE-BR,S-ZF-BR,S-ZF-UN
17,2017.09.23 00:00,USDCAD,60,86400,SELL,ZO,1,1.23676,1.23167,509.0,1.23512,1.22530,982.0,192.927,32.22,345.0,120.1,1.23512,1.23167,1.22185,UNTOUCHED,,0,,0,,0,,0,NA,Other,NA,,NA,,1.24021,BOUNCE,2017.09.26 20:00,0,,0,,0,,0,NA,NewYork,NA,,NA,,1.22822,UNTOUCHED,,0,,0,,0,,0,NA,Other,NA,,NA,,1.23857,BREAK,2017.09.26 04:00,0,,0,,0,,0,NA,Asia,BOUNCE,2017.09.27 19:00,NA,,S-ZO-UN,B-ZG-BR,B-ZC-BR,S-ZE-UN,S-ZB-UN,S-ZF-UN,S-ZG-BR,B-ZB-UN,S-ZD-BO,S-ZD-BR,B-ZO-BR,B-ZE-BO,B-ZG-BR,B-ZO-BR,S-ZD-UN,B-ZF-BR,B-ZE-BR,S-ZF-BR,S-ZF-UN,S-ZE-UN
18,2017.09.27 00:00,USDCAD,60,86400,BUY,ZO,0,1.23812,1.23127,685.0,1.24127,1.23299,828.0,120.876,25.11,513.0,161.7,1.23812,1.23299,1.24640,BREAK,2017.09.27 22:00,0,,0,,0,,0,NA,Other,BOUNCE,2017.09.28 16:00,NA,,1.22614,UNTOUCHED,,0,,0,,0,,0,NA,Other,NA,,NA,,1.24325,BREAK,2017.09.27 21:00,0,,0,,0,,0,NA,Other,BREAK,2017.09.28 07:00,BOUNCE,2017.10.03 20:00,1.22786,UNTOUCHED,,0,,0,,0,,0,NA,Other,NA,,NA,,S-ZO-UN,S-ZO-UN,B-ZG-BR,B-ZC-BR,S-ZE-UN,S-ZB-UN,S-ZF-UN,S-ZG-BR,B-ZB-UN,S-ZD-BO,B-ZE-BO,B-ZG-BR,B-ZO-BR,S-ZD-UN,B-ZF-BR,B-ZE-BR,S-ZF-BR,S-ZF-UN,S-ZE-UN,B-ZO-BR
19,2017.09.29 00:00,USDCAD,60,86400,BUY,ZE,1,1.24801,1.23358,1443.0,1.25191,1.24163,1028.0,71.240,55.79,638.0,340.5,1.24801,1.24163,1.25829,BOUNCE,2017.10.05 21:00,1,2017.10.11 23:00,0,,0,,1,6d 2h,Other,NA,,NA,,1.22720,UNTOUCHED,,0,,0,,0,,0,NA,Other,NA,,NA,,1.25439,BOUNCE,2017.10.05 16:00,0,,0,,0,,0,NA,NewYork,NA,,NA,,1.23525,UNTOUCHED,,0,,0,,0,,0,NA,Other,NA,,NA,,B-ZO-BR,S-ZO-UN,S-ZO-UN,B-ZG-BR,B-ZC-BR,S-ZE-UN,S-ZB-UN,S-ZF-UN,S-ZG-BR,B-ZB-UN,B-ZG-BR,B-ZO-BR,S-ZD-UN,B-ZF-BR,B-ZE-BR,S-ZF-BR,S-ZF-UN,S-ZE-UN,B-ZO-BR,B-ZC-BR
20,2017.09.30 00:00,USDCAD,60,86400,BUY,ZG,0,1.25191,1.24163,1028.0,1.25325,1.24169,1156.0,112.451,0.58,1022.0,242.6,1.25191,1.24169,1.26347,BREAK,2017.10.23 02:00,0,,0,,0,,0,NA,Asia,BREAK,2017.10.25 19:00,BREAK,2017.10.27 06:00,1.23141,UNTOUCHED,,0,,0,,0,,0,NA,Other,NA,,NA,,1.26213,BREAK,2017.10.20 19:00,0,,0,,0,,0,NA,NewYork,BREAK,2017.10.25 19:00,BREAK,2017.10.26 22:00,1.23147,UNTOUCHED,,0,,0,,0,,0,NA,Other,NA,,NA,,B-ZE-BO,B-ZO-BR,S-ZO-UN,S-ZO-UN,B-ZG-BR,B-ZC-BR,S-ZE-UN,S-ZB-UN,S-ZF-UN,S-ZG-BR,B-ZO-BR,S-ZD-UN,B-ZF-BR,B-ZE-BR,S-ZF-BR,S-ZF-UN,S-ZE-UN,B-ZO-BR,B-ZC-BR,S-ZD-UN
21,2017.10.04 00:00,USDCAD,60,86400,BUY,ZO,0,1.25246,1.24629,617.0,1.25384,1.24815,569.0,92.220,30.15,431.0,145.6,1.25246,1.24815,1.25815,BREAK,2017.10.05 21:00,0,,0,,0,,0,NA,Other,BREAK,2017.10.23 04:00,BREAK,2017.10.24 21:00,1.24198,UNTOUCHED,,0,,0,,0,,0,NA,Other,NA,,NA,,1.25677,BREAK,2017.10.05 21:00,0,,0,,0,,0,NA,Other,BREAK,2017.10.20 22:00,BREAK,2017.10.24 14:00,1.24384,BOUNCE,2017.10.12 10:00,1,2017.10.17 18:00,1,2017.10.17 18:00,0,,2,5d 8h,London,NA,,NA,,B-ZG-BR,B-ZE-BO,B-ZO-BR,S-ZO-UN,S-ZO-UN,B-ZG-BR,B-ZC-BR,S-ZE-UN,S-ZB-UN,S-ZF-UN,S-ZD-UN,B-ZF-BR,B-ZE-BR,S-ZF-BR,S-ZF-UN,S-ZE-UN,B-ZO-BR,B-ZC-BR,S-ZD-UN,S-ZE-UN
22,2017.10.05 00:00,USDCAD,60,86400,SELL,ZD,1,1.25384,1.24815,569.0,1.24984,1.24486,498.0,87.522,70.30,169.0,134.3,1.24984,1.24815,1.24317,UNTOUCHED,,0,,0,,0,,0,NA,Other,NA,,NA,,1.25553,BREAK,2017.10.05 20:00,0,,0,,0,,0,NA,NewYork,BREAK,2017.10.06 07:00,BOUNCE,2017.10.06 14:00,1.24646,BOUNCE,2017.10.05 12:00,1,2017.10.05 16:00,1,2017.10.05 20:00,0,,2,8h,London,NA,,NA,,1.25153,BREAK,2017.10.05 16:00,0,,0,,0,,0,NA,NewYork,BREAK,2017.10.05 17:00,BOUNCE,2017.10.05 18:00,B-ZO-BR,B-ZG-BR,B-ZE-BO,B-ZO-BR,S-ZO-UN,S-ZO-UN,B-ZG-BR,B-ZC-BR,S-ZE-UN,S-ZB-UN,B-ZF-BR,B-ZE-BR,S-ZF-BR,S-ZF-UN,S-ZE-UN,B-ZO-BR,B-ZC-BR,S-ZD-UN,S-ZE-UN,B-ZB-BO
23,2017.10.06 00:00,USDCAD,60,86400,BUY,ZF,1,1.24984,1.24486,498.0,1.25847,1.24619,1228.0,246.586,26.71,365.0,117.5,1.24984,1.24619,1.26212,BREAK,2017.10.20 19:00,0,,0,,0,,0,NA,NewYork,BOUNCE,2017.10.24 02:00,NA,,1.24121,UNTOUCHED,,0,,0,,0,,0,NA,Other,NA,,NA,,1.25349,BREAK,2017.10.06 00:00,0,,0,,0,,0,NA,Asia,BREAK,2017.10.06 07:00,BREAK,2017.10.20 19:00,1.24254,UNTOUCHED,,0,,0,,0,,0,NA,Other,NA,,NA,,S-ZD-UN,B-ZO-BR,B-ZG-BR,B-ZE-BO,B-ZO-BR,S-ZO-UN,S-ZO-UN,B-ZG-BR,B-ZC-BR,S-ZE-UN,B-ZE-BR,S-ZF-BR,S-ZF-UN,S-ZE-UN,B-ZO-BR,B-ZC-BR,S-ZD-UN,S-ZE-UN,B-ZB-BO,B-ZH-BO
24,2017.10.07 00:00,USDCAD,60,86400,BUY,ZE,1,1.25847,1.24619,1228.0,1.25992,1.25253,739.0,60.179,51.63,594.0,289.8,1.25847,1.25253,1.26586,BREAK,2017.10.23 19:00,0,,0,,0,,0,NA,NewYork,BOUNCE,2017.10.25 18:00,NA,,1.24025,UNTOUCHED,,0,,0,,0,,0,NA,Other,NA,,NA,,1.26441,BREAK,2017.10.23 16:00,0,,0,,0,,0,NA,NewYork,BREAK,2017.10.25 19:00,BREAK,2017.10.25 20:00,1.24659,BREAK,2017.10.11 23:00,0,,0,,0,,0,NA,Other,UNTOUCHED,,NA,,B-ZF-BR,S-ZD-UN,B-ZO-BR,B-ZG-BR,B-ZE-BO,B-ZO-BR,S-ZO-UN,S-ZO-UN,B-ZG-BR,B-ZC-BR,S-ZF-BR,S-ZF-UN,S-ZE-UN,B-ZO-BR,B-ZC-BR,S-ZD-UN,S-ZE-UN,B-ZB-BO,B-ZH-BO,B-ZF-BR
25,2017.10.11 00:00,USDCAD,60,86400,SELL,ZF,1,1.25588,1.25256,332.0,1.25550,1.24834,716.0,215.663,11.45,294.0,78.4,1.25550,1.25256,1.24540,BREAK,2017.10.11 23:00,0,,0,,0,,0,NA,Other,UNTOUCHED,,NA,,1.25882,BOUNCE,2017.10.17 18:00,1,2017.10.17 23:00,1,2017.10.18 04:00,1,2017.10.19 04:00,3,1d 10h,NewYork,NA,,NA,,1.24962,BOUNCE,2017.10.11 04:00,1,2017.10.17 18:00,1,2017.10.17 18:00,0,,2,6d 14h,Asia,NA,,NA,,1.25844,BOUNCE,2017.10.17 18:00,1,2017.10.18 04:00,1,2017.10.18 04:00,0,,2,10h,NewYork,NA,,NA,,B-ZE-BR,B-ZF-BR,S-ZD-UN,B-ZO-BR,B-ZG-BR,B-ZE-BO,B-ZO-BR,S-ZO-UN,S-ZO-UN,B-ZG-BR,S-ZF-UN,S-ZE-UN,B-ZO-BR,B-ZC-BR,S-ZD-UN,S-ZE-UN,B-ZB-BO,B-ZH-BO,B-ZF-BR,B-ZH-BR
26,2017.10.12 00:00,USDCAD,60,86400,SELL,ZF,0,1.25550,1.24834,716.0,1.25306,1.24528,778.0,108.659,34.08,472.0,169.0,1.25306,1.24834,1.24056,UNTOUCHED,,0,,0,,0,,0,NA,Other,NA,,NA,,1.26022,BREAK,2017.10.20 17:00,0,,0,,0,,0,NA,NewYork,BREAK,2017.10.24 13:00,BREAK,2017.10.25 15:00,1.24362,BOUNCE,2017.10.12 10:00,1,2017.10.17 18:00,1,2017.10.20 17:00,0,,2,1w 1d,London,NA,,NA,,1.25778,BOUNCE,2017.10.17 18:00,0,,0,,0,,0,NA,NewYork,NA,,NA,,S-ZF-BR,B-ZE-BR,B-ZF-BR,S-ZD-UN,B-ZO-BR,B-ZG-BR,B-ZE-BO,B-ZO-BR,S-ZO-UN,S-ZO-UN,S-ZE-UN,B-ZO-BR,B-ZC-BR,S-ZD-UN,S-ZE-UN,B-ZB-BO,B-ZH-BO,B-ZF-BR,B-ZH-BR,B-ZG-BR
27,2017.10.13 00:00,USDCAD,60,86400,SELL,ZE,1,1.25306,1.24528,778.0,1.24905,1.24329,576.0,74.036,51.54,377.0,183.6,1.24905,1.24528,1.23952,UNTOUCHED,,0,,0,,0,,0,NA,Other,NA,,NA,,1.25683,BREAK,2017.10.17 18:00,0,,0,,0,,0,NA,NewYork,BREAK,2017.10.20 22:00,BREAK,2017.10.24 12:00,1.24151,UNTOUCHED,,0,,0,,0,,0,NA,Other,NA,,NA,,1.25282,BREAK,2017.10.16 15:00,0,,0,,0,,0,NA,NewYork,BREAK,2017.10.17 18:00,BREAK,2017.10.20 19:00,S-ZF-UN,S-ZF-BR,B-ZE-BR,B-ZF-BR,S-ZD-UN,B-ZO-BR,B-ZG-BR,B-ZE-BO,B-ZO-BR,S-ZO-UN,B-ZO-BR,B-ZC-BR,S-ZD-UN,S-ZE-UN,B-ZB-BO,B-ZH-BO,B-ZF-BR,B-ZH-BR,B-ZG-BR,B-ZF-UN
28,2017.10.14 00:00,USDCAD,60,86400,BUY,ZO,0,1.24905,1.24329,576.0,1.25199,1.24520,679.0,117.882,33.16,385.0,135.9,1.24905,1.24520,1.25584,BREAK,2017.10.17 18:00,0,,0,,0,,0,NA,NewYork,BREAK,2017.10.20 19:00,BREAK,2017.10.23 19:00,1.23944,UNTOUCHED,,0,,0,,0,,0,NA,Other,NA,,NA,,1.25290,BREAK,2017.10.16 15:00,0,,0,,0,,0,NA,NewYork,BREAK,2017.10.17 18:00,BREAK,2017.10.20 19:00,1.24135,UNTOUCHED,,0,,0,,0,,0,NA,Other,NA,,NA,,S-ZE-UN,S-ZF-UN,S-ZF-BR,B-ZE-BR,B-ZF-BR,S-ZD-UN,B-ZO-BR,B-ZG-BR,B-ZE-BO,B-ZO-BR,B-ZC-BR,S-ZD-UN,S-ZE-UN,B-ZB-BO,B-ZH-BO,B-ZF-BR,B-ZH-BR,B-ZG-BR,B-ZF-UN,S-ZB-BO
29,2017.10.18 00:00,USDCAD,60,86400,BUY,ZC,1,1.25578,1.24623,955.0,1.25911,1.25123,788.0,82.513,52.36,455.0,225.4,1.25578,1.25123,1.26366,BREAK,2017.10.23 03:00,0,,0,,0,,0,NA,Asia,BREAK,2017.10.25 15:00,BREAK,2017.10.25 19:00,1.24168,UNTOUCHED,,0,,0,,0,,0,NA,Other,NA,,NA,,1.26033,BREAK,2017.10.20 17:00,0,,0,,0,,0,NA,NewYork,BREAK,2017.10.24 19:00,BREAK,2017.10.25 15:00,1.24668,BOUNCE,2017.10.18 20:00,1,2017.10.20 17:00,1,2017.10.20 17:00,0,,2,1d 21h,NewYork,NA,,NA,,B-ZO-BR,S-ZE-UN,S-ZF-UN,S-ZF-BR,B-ZE-BR,B-ZF-BR,S-ZD-UN,B-ZO-BR,B-ZG-BR,B-ZE-BO,S-ZD-UN,S-ZE-UN,B-ZB-BO,B-ZH-BO,B-ZF-BR,B-ZH-BR,B-ZG-BR,B-ZF-UN,S-ZB-BO,S-ZB-BR
30,2017.10.19 00:00,USDCAD,60,86400,SELL,ZD,1,1.25911,1.25123,788.0,1.25338,1.24584,754.0,95.685,72.72,215.0,186.0,1.25338,1.25123,1.24369,UNTOUCHED,,0,,0,,0,,0,NA,Other,NA,,NA,,1.26126,BREAK,2017.10.20 19:00,0,,0,,0,,0,NA,NewYork,BREAK,2017.10.23 19:00,BREAK,2017.10.24 19:00,1.24908,BREAK,2017.10.19 00:00,0,,0,,0,,0,NA,Asia,BREAK,2017.10.19 14:00,UNTOUCHED,,1.25553,BOUNCE,2017.10.20 16:00,0,,0,,0,,0,NA,NewYork,NA,,NA,,B-ZC-BR,B-ZO-BR,S-ZE-UN,S-ZF-UN,S-ZF-BR,B-ZE-BR,B-ZF-BR,S-ZD-UN,B-ZO-BR,B-ZG-BR,S-ZE-UN,B-ZB-BO,B-ZH-BO,B-ZF-BR,B-ZH-BR,B-ZG-BR,B-ZF-UN,S-ZB-BO,S-ZB-BR,S-ZE-BO
31,2017.10.20 00:00,USDCAD,60,86400,SELL,ZE,1,1.25338,1.24584,754.0,1.24943,1.24506,437.0,57.958,52.39,359.0,177.9,1.24943,1.24584,1.24147,UNTOUCHED,,0,,0,,0,,0,NA,Other,NA,,NA,,1.25697,BOUNCE,2017.10.20 16:00,0,,0,,0,,0,NA,NewYork,NA,,NA,,1.24225,UNTOUCHED,,0,,0,,0,,0,NA,Other,NA,,NA,,1.25302,BREAK,2017.10.20 16:00,0,,0,,0,,0,NA,NewYork,BREAK,2017.10.20 17:00,BREAK,2017.10.20 19:00,S-ZD-UN,B-ZC-BR,B-ZO-BR,S-ZE-UN,S-ZF-UN,S-ZF-BR,B-ZE-BR,B-ZF-BR,S-ZD-UN,B-ZO-BR,B-ZB-BO,B-ZH-BO,B-ZF-BR,B-ZH-BR,B-ZG-BR,B-ZF-UN,S-ZB-BO,S-ZB-BR,S-ZE-BO,B-ZE-BO
32,2017.10.21 00:00,USDCAD,60,86400,BUY,ZB,1,1.24943,1.24506,437.0,1.26298,1.24673,1625.0,371.854,38.22,270.0,103.1,1.24943,1.24673,1.26568,BOUNCE,2017.10.23 19:00,0,,0,,0,,0,NA,NewYork,NA,,NA,,1.24236,UNTOUCHED,,0,,0,,0,,0,NA,Other,NA,,NA,,1.25213,BREAK,2017.10.21 00:00,0,,0,,0,,0,NA,Asia,BREAK,2017.10.23 01:00,BREAK,2017.10.23 02:00,1.24403,UNTOUCHED,,0,,0,,0,,0,NA,Other,NA,,NA,,S-ZE-UN,S-ZD-UN,B-ZC-BR,B-ZO-BR,S-ZE-UN,S-ZF-UN,S-ZF-BR,B-ZE-BR,B-ZF-BR,S-ZD-UN,B-ZH-BO,B-ZF-BR,B-ZH-BR,B-ZG-BR,B-ZF-UN,S-ZB-BO,S-ZB-BR,S-ZE-BO,B-ZE-BO,B-ZG-BR
33,2017.10.24 00:00,USDCAD,60,86400,BUY,ZH,1,1.26302,1.26130,172.0,1.26599,1.26135,464.0,269.767,2.91,167.0,40.6,1.26302,1.26135,1.26766,BOUNCE,2017.10.24 19:00,1,2017.10.25 19:00,0,,0,,1,1d 0h,NewYork,NA,,NA,,1.25963,UNTOUCHED,,0,,0,,0,,0,NA,Other,NA,,NA,,1.26469,BREAK,2017.10.24 00:00,0,,0,,0,,0,NA,Asia,BREAK,2017.10.24 14:00,BOUNCE,2017.10.24 21:00,1.25968,UNTOUCHED,,0,,0,,0,,0,NA,Other,NA,,NA,,B-ZB-BO,S-ZE-UN,S-ZD-UN,B-ZC-BR,B-ZO-BR,S-ZE-UN,S-ZF-UN,S-ZF-BR,B-ZE-BR,B-ZF-BR,B-ZF-BR,B-ZH-BR,B-ZG-BR,B-ZF-UN,S-ZB-BO,S-ZB-BR,S-ZE-BO,B-ZE-BO,B-ZG-BR,B-ZH-BO
34,2017.10.25 00:00,USDCAD,60,86400,BUY,ZF,1,1.26599,1.26135,464.0,1.26919,1.26193,726.0,156.466,12.50,406.0,109.5,1.26599,1.26193,1.27325,BREAK,2017.10.25 19:00,0,,0,,0,,0,NA,NewYork,BREAK,2017.10.25 20:00,BREAK,2017.10.26 18:00,1.25729,UNTOUCHED,,0,,0,,0,,0,NA,Other,NA,,NA,,1.27005,BREAK,2017.10.25 15:00,0,,0,,0,,0,NA,NewYork,BREAK,2017.10.25 19:00,BREAK,2017.10.25 20:00,1.25787,UNTOUCHED,,0,,0,,0,,0,NA,Other,NA,,NA,,B-ZH-BO,B-ZB-BO,S-ZE-UN,S-ZD-UN,B-ZC-BR,B-ZO-BR,S-ZE-UN,S-ZF-UN,S-ZF-BR,B-ZE-BR,B-ZH-BR,B-ZG-BR,B-ZF-UN,S-ZB-BO,S-ZB-BR,S-ZE-BO,B-ZE-BO,B-ZG-BR,B-ZH-BO,S-ZB-BO
35,2017.10.26 00:00,USDCAD,60,86400,BUY,ZH,1,1.26919,1.26193,726.0,1.28167,1.26310,1857.0,255.785,16.12,609.0,171.3,1.26919,1.26310,1.28776,BREAK,2017.10.27 10:00,0,,0,,0,,0,NA,London,UNTOUCHED,,NA,,1.25584,UNTOUCHED,,0,,0,,0,,0,NA,Other,NA,,NA,,1.27528,BREAK,2017.10.26 00:00,0,,0,,0,,0,NA,Asia,BREAK,2017.10.26 20:00,BREAK,2017.10.27 15:00,1.25701,UNTOUCHED,,0,,0,,0,,0,NA,Other,NA,,NA,,B-ZF-BR,B-ZH-BO,B-ZB-BO,S-ZE-UN,S-ZD-UN,B-ZC-BR,B-ZO-BR,S-ZE-UN,S-ZF-UN,S-ZF-BR,B-ZG-BR,B-ZF-UN,S-ZB-BO,S-ZB-BR,S-ZE-BO,B-ZE-BO,B-ZG-BR,B-ZH-BO,S-ZB-BO,S-ZE-BR
36,2017.10.31 00:00,USDCAD,60,86400,BUY,ZG,0,1.28523,1.28076,447.0,1.28612,1.28117,495.0,110.738,9.17,406.0,105.5,1.28523,1.28117,1.29018,BREAK,2017.10.31 17:00,0,,0,,0,,0,NA,NewYork,UNTOUCHED,,NA,,1.27670,BREAK,2017.11.03 16:00,0,,0,,0,,0,NA,NewYork,BOUNCE,2017.11.03 18:00,NA,,1.28929,BREAK,2017.10.31 17:00,0,,0,,0,,0,NA,NewYork,UNTOUCHED,,NA,,1.27711,BREAK,2017.11.03 16:00,0,,0,,0,,0,NA,NewYork,BREAK,2017.11.03 17:00,BREAK,2017.11.09 21:00,B-ZH-BR,B-ZF-BR,B-ZH-BO,B-ZB-BO,S-ZE-UN,S-ZD-UN,B-ZC-BR,B-ZO-BR,S-ZE-UN,S-ZF-UN,B-ZF-UN,S-ZB-BO,S-ZB-BR,S-ZE-BO,B-ZE-BO,B-ZG-BR,B-ZH-BO,S-ZB-BO,S-ZE-BR,B-ZE-BR
37,2017.11.01 00:00,USDCAD,60,86400,BUY,ZF,1,1.28612,1.28117,495.0,1.29146,1.28186,960.0,193.939,13.94,426.0,116.8,1.28612,1.28186,1.29572,UNTOUCHED,,0,,0,,0,,0,NA,Other,NA,,NA,,1.27691,BREAK,2017.11.03 16:00,0,,0,,0,,0,NA,NewYork,BOUNCE,2017.11.03 18:00,NA,,1.29038,BOUNCE,2017.11.01 00:00,1,2017.11.03 16:00,1,2017.11.03 16:00,0,,2,2d 16h,Asia,NA,,NA,,1.27760,BREAK,2017.11.03 16:00,0,,0,,0,,0,NA,NewYork,BREAK,2017.11.03 17:00,BREAK,2017.11.09 21:00,B-ZG-BR,B-ZH-BR,B-ZF-BR,B-ZH-BO,B-ZB-BO,S-ZE-UN,S-ZD-UN,B-ZC-BR,B-ZO-BR,S-ZE-UN,S-ZB-BO,S-ZB-BR,S-ZE-BO,B-ZE-BO,B-ZG-BR,B-ZH-BO,S-ZB-BO,S-ZE-BR,B-ZE-BR,B-ZD-BO
38,2017.11.04 00:00,USDCAD,60,86400,SELL,ZB,1,1.28815,1.27986,829.0,1.28352,1.27151,1201.0,144.873,55.85,366.0,195.6,1.28352,1.27986,1.26785,BOUNCE,2017.11.09 21:00,1,2017.11.14 12:00,1,2017.11.29 19:00,0,,2,2w 5d,Other,NA,,NA,,1.29181,UNTOUCHED,,0,,0,,0,,0,NA,Other,NA,,NA,,1.27620,BREAK,2017.11.04 00:00,0,,0,,0,,0,NA,Asia,BREAK,2017.11.07 01:00,BOUNCE,2017.11.09 17:00,1.28718,BREAK,2017.11.29 19:00,0,,0,,0,,0,NA,NewYork,BOUNCE,2017.12.01 09:00,NA,,B-ZF-UN,B-ZG-BR,B-ZH-BR,B-ZF-BR,B-ZH-BO,B-ZB-BO,S-ZE-UN,S-ZD-UN,B-ZC-BR,B-ZO-BR,S-ZB-BR,S-ZE-BO,B-ZE-BO,B-ZG-BR,B-ZH-BO,S-ZB-BO,S-ZE-BR,B-ZE-BR,B-ZD-BO,B-ZD-UN
39,2017.11.10 00:00,USDCAD,60,86400,SELL,ZB,1,1.27862,1.27153,709.0,1.27406,1.26680,726.0,102.398,64.32,253.0,167.3,1.27406,1.27153,1.26427,BREAK,2017.12.05 15:00,0,,0,,0,,0,NA,NewYork,BREAK,2017.12.28 17:00,BREAK,2017.12.28 23:00,1.28115,BOUNCE,2017.11.17 17:00,1,2017.11.17 22:00,1,2017.11.23 12:00,1,2017.12.05 15:00,3,2w 3d,NewYork,NA,,NA,,1.26900,BREAK,2017.11.10 00:00,0,,0,,0,,0,NA,Asia,BOUNCE,2017.12.04 16:00,NA,,1.27659,BOUNCE,2017.11.14 19:00,1,2017.11.23 12:00,1,2017.11.23 12:00,0,,2,1w 1d,NewYork,NA,,NA,,S-ZB-BO,B-ZF-UN,B-ZG-BR,B-ZH-BR,B-ZF-BR,B-ZH-BO,B-ZB-BO,S-ZE-UN,S-ZD-UN,B-ZC-BR,S-ZE-BO,B-ZE-BO,B-ZG-BR,B-ZH-BO,S-ZB-BO,S-ZE-BR,B-ZE-BR,B-ZD-BO,B-ZD-UN,S-ZF-BO
40,2017.11.11 00:00,USDCAD,60,86400,SELL,ZE,1,1.27406,1.26680,726.0,1.26957,1.26659,298.0,41.047,61.85,277.0,171.3,1.26957,1.26680,1.26382,BOUNCE,2017.12.05 15:00,1,2017.12.05 19:00,1,2017.12.06 19:00,1,2017.12.06 19:00,3,1d 4h,NewYork,NA,,NA,,1.27683,BOUNCE,2017.11.14 19:00,1,2017.11.22 23:00,1,2017.12.05 15:00,1,2017.12.05 15:00,3,2w 6d,NewYork,NA,,NA,,1.26403,BOUNCE,2017.12.05 15:00,1,2017.12.06 19:00,1,2017.12.06 19:00,0,,2,1d 4h,NewYork,NA,,NA,,1.27234,BREAK,2017.11.13 18:00,0,,0,,0,,0,NA,NewYork,BOUNCE,2017.11.14 16:00,NA,,S-ZB-BR,S-ZB-BO,B-ZF-UN,B-ZG-BR,B-ZH-BR,B-ZF-BR,B-ZH-BO,B-ZB-BO,S-ZE-UN,S-ZD-UN,B-ZE-BO,B-ZG-BR,B-ZH-BO,S-ZB-BO,S-ZE-BR,B-ZE-BR,B-ZD-BO,B-ZD-UN,S-ZF-BO,S-ZG-BR
41,2017.11.15 00:00,USDCAD,60,86400,BUY,ZE,1,1.27416,1.26707,709.0,1.27732,1.27007,725.0,102.257,42.31,409.0,167.3,1.27416,1.27007,1.28141,BOUNCE,2017.11.17 17:00,1,2017.11.22 19:00,1,2017.12.04 16:00,1,2017.12.05 17:00,3,2w 4d,NewYork,NA,,NA,,1.26298,BOUNCE,2017.12.05 17:00,1,2017.12.06 19:00,1,2017.12.06 20:00,1,2017.12.07 10:00,3,1d 17h,NewYork,NA,,NA,,1.27825,BOUNCE,2017.11.15 18:00,1,2017.12.04 16:00,1,2017.12.05 17:00,0,,2,2w 5d,NewYork,NA,,NA,,1.26598,BOUNCE,2017.12.04 16:00,1,2017.12.06 20:00,1,2017.12.06 20:00,0,,2,2d 4h,NewYork,NA,,NA,,S-ZE-BO,S-ZB-BR,S-ZB-BO,B-ZF-UN,B-ZG-BR,B-ZH-BR,B-ZF-BR,B-ZH-BO,B-ZB-BO,S-ZE-UN,B-ZG-BR,B-ZH-BO,S-ZB-BO,S-ZE-BR,B-ZE-BR,B-ZD-BO,B-ZD-UN,S-ZF-BO,S-ZG-BR,B-ZF-BO
42,2017.11.16 00:00,USDCAD,60,86400,BUY,ZG,0,1.27732,1.27007,725.0,1.27892,1.27130,762.0,105.103,16.97,602.0,171.1,1.27732,1.27130,1.28494,BREAK,2017.11.29 17:00,0,,0,,0,,0,NA,NewYork,BOUNCE,2017.12.20 16:00,NA,,1.26405,BOUNCE,2017.12.05 15:00,1,2017.12.06 19:00,1,2017.12.07 12:00,1,2017.12.07 18:00,3,2d 3h,NewYork,NA,,NA,,1.28334,BOUNCE,2017.11.21 12:00,1,2017.12.05 11:00,1,2017.12.05 15:00,0,,2,2w 0d,London,NA,,NA,,1.26528,BREAK,2017.12.05 11:00,0,,0,,0,,0,NA,London,BREAK,2017.12.28 23:00,BREAK,2017.12.29 21:00,B-ZE-BO,S-ZE-BO,S-ZB-BR,S-ZB-BO,B-ZF-UN,B-ZG-BR,B-ZH-BR,B-ZF-BR,B-ZH-BO,B-ZB-BO,B-ZH-BO,S-ZB-BO,S-ZE-BR,B-ZE-BR,B-ZD-BO,B-ZD-UN,S-ZF-BO,S-ZG-BR,B-ZF-BO,B-ZO-UN
43,2017.11.21 00:00,USDCAD,60,86400,BUY,ZH,1,1.27804,1.27417,387.0,1.28160,1.27546,614.0,158.656,33.33,258.0,91.3,1.27804,1.27546,1.28418,BOUNCE,2017.11.29 14:00,1,2017.12.01 17:00,1,2017.12.01 19:00,1,2017.12.01 20:00,3,2d 6h,NewYork,NA,,NA,,1.27159,BREAK,2017.11.22 23:00,0,,0,,0,,0,NA,Other,BREAK,2017.11.23 14:00,BOUNCE,2017.12.04 16:00,1.28062,BREAK,2017.11.21 00:00,0,,0,,0,,0,NA,Asia,BOUNCE,2017.11.21 13:00,NA,,1.27288,BOUNCE,2017.11.22 19:00,1,2017.11.28 14:00,1,2017.11.28 14:00,0,,2,5d 19h,NewYork,NA,,NA,,B-ZG-BR,B-ZE-BO,S-ZE-BO,S-ZB-BR,S-ZB-BO,B-ZF-UN,B-ZG-BR,B-ZH-BR,B-ZF-BR,B-ZH-BO,S-ZB-BO,S-ZE-BR,B-ZE-BR,B-ZD-BO,B-ZD-UN,S-ZF-BO,S-ZG-BR,B-ZF-BO,B-ZO-UN,S-ZO-BR
44,2017.11.23 00:00,USDCAD,60,86400,SELL,ZB,1,1.28366,1.27486,880.0,1.27867,1.26979,888.0,100.909,56.70,381.0,207.7,1.27867,1.27486,1.26598,BOUNCE,2017.12.04 16:00,1,2017.12.06 19:00,1,2017.12.07 12:00,1,2017.12.08 20:00,3,4d 4h,NewYork,NA,,NA,,1.28747,BREAK,2017.11.30 11:00,0,,0,,0,,0,NA,London,BOUNCE,2017.12.19 23:00,NA,,1.27105,BREAK,2017.11.23 00:00,0,,0,,0,,0,NA,Asia,BOUNCE,2017.12.04 19:00,NA,,1.28248,BREAK,2017.11.29 13:00,0,,0,,0,,0,NA,NewYork,BREAK,2017.11.30 12:00,BOUNCE,2017.11.30 18:00,B-ZH-BO,B-ZG-BR,B-ZE-BO,S-ZE-BO,S-ZB-BR,S-ZB-BO,B-ZF-UN,B-ZG-BR,B-ZH-BR,B-ZF-BR,S-ZE-BR,B-ZE-BR,B-ZD-BO,B-ZD-UN,S-ZF-BO,S-ZG-BR,B-ZF-BO,B-ZO-UN,S-ZO-BR,S-ZF-BO
45,2017.11.24 00:00,USDCAD,60,86400,SELL,ZE,1,1.27867,1.26979,888.0,1.27243,1.26728,515.0,57.995,70.27,264.0,209.6,1.27243,1.26979,1.26464,BREAK,2017.12.05 14:00,0,,0,,0,,0,NA,NewYork,BREAK,2017.12.28 17:00,BREAK,2017.12.28 23:00,1.28131,BREAK,2017.11.28 19:00,0,,0,,0,,0,NA,NewYork,BOUNCE,2017.11.29 16:00,NA,,1.26715,BOUNCE,2017.12.04 15:00,1,2017.12.06 19:00,1,2017.12.07 10:00,0,,2,2d 19h,NewYork,NA,,NA,,1.27507,BOUNCE,2017.11.27 20:00,1,2017.12.04 15:00,1,2017.12.04 15:00,0,,2,6d 19h,NewYork,NA,,NA,,S-ZB-BO,B-ZH-BO,B-ZG-BR,B-ZE-BO,S-ZE-BO,S-ZB-BR,S-ZB-BO,B-ZF-UN,B-ZG-BR,B-ZH-BR,B-ZE-BR,B-ZD-BO,B-ZD-UN,S-ZF-BO,S-ZG-BR,B-ZF-BO,B-ZO-UN,S-ZO-BR,S-ZF-BO,S-ZF-BR
46,2017.11.25 00:00,USDCAD,60,86400,BUY,ZE,1,1.27243,1.26728,515.0,1.27475,1.26932,543.0,105.437,39.61,311.0,121.5,1.27243,1.26932,1.27786,BREAK,2017.11.28 12:00,0,,0,,0,,0,NA,London,BREAK,2017.11.28 19:00,BOUNCE,2017.11.29 16:00,1.26417,BREAK,2017.12.05 15:00,0,,0,,0,,0,NA,NewYork,BREAK,2017.12.28 17:00,BREAK,2017.12.29 00:00,1.27554,BOUNCE,2017.11.27 20:00,1,2017.12.04 16:00,1,2017.12.05 15:00,0,,2,1w 0d,NewYork,NA,,NA,,1.26621,BOUNCE,2017.12.04 16:00,1,2017.12.06 19:00,1,2017.12.06 19:00,0,,2,2d 3h,NewYork,NA,,NA,,S-ZE-BR,S-ZB-BO,B-ZH-BO,B-ZG-BR,B-ZE-BO,S-ZE-BO,S-ZB-BR,S-ZB-BO,B-ZF-UN,B-ZG-BR,B-ZD-BO,B-ZD-UN,S-ZF-BO,S-ZG-BR,B-ZF-BO,B-ZO-UN,S-ZO-BR,S-ZF-BO,S-ZF-BR,B-ZF-UN
47,2017.11.30 00:00,USDCAD,60,86400,BUY,ZD,1,1.28244,1.27541,703.0,1.28746,1.28046,700.0,99.573,71.83,198.0,165.9,1.28244,1.28046,1.28944,BOUNCE,2017.11.30 14:00,1,2017.11.30 19:00,1,2017.12.01 17:00,1,2017.12.01 19:00,3,1d 5h,NewYork,NA,,NA,,1.27343,BOUNCE,2017.12.01 19:00,1,2017.12.06 19:00,1,2017.12.07 17:00,1,2017.12.19 18:00,3,2w 3d,NewYork,NA,,NA,,1.28442,BREAK,2017.11.30 00:00,0,,0,,0,,0,NA,Asia,BREAK,2017.11.30 12:00,BREAK,2017.11.30 14:00,1.27848,BREAK,2017.12.01 17:00,0,,0,,0,,0,NA,NewYork,BREAK,2017.12.01 18:00,BREAK,2017.12.01 19:00,B-ZE-BR,S-ZE-BR,S-ZB-BO,B-ZH-BO,B-ZG-BR,B-ZE-BO,S-ZE-BO,S-ZB-BR,S-ZB-BO,B-ZF-UN,B-ZD-UN,S-ZF-BO,S-ZG-BR,B-ZF-BO,B-ZO-UN,S-ZO-BR,S-ZF-BO,S-ZF-BR,B-ZF-UN,S-ZE-BO
48,2017.12.01 00:00,USDCAD,60,86400,BUY,ZD,1,1.28746,1.28046,700.0,1.29095,1.28505,590.0,84.286,65.57,241.0,165.2,1.28746,1.28505,1.29336,UNTOUCHED,,0,,0,,0,,0,NA,Other,NA,,NA,,1.27805,BOUNCE,2017.12.01 17:00,1,2017.12.07 12:00,1,2017.12.19 18:00,0,,2,2w 4d,NewYork,NA,,NA,,1.28987,BOUNCE,2017.12.01 00:00,1,2017.12.01 17:00,1,2017.12.01 17:00,0,,2,17h,Asia,NA,,NA,,1.28264,BREAK,2017.12.01 17:00,0,,0,,0,,0,NA,NewYork,BREAK,2017.12.01 18:00,BREAK,2017.12.01 19:00,B-ZD-BO,B-ZE-BR,S-ZE-BR,S-ZB-BO,B-ZH-BO,B-ZG-BR,B-ZE-BO,S-ZE-BO,S-ZB-BR,S-ZB-BO,S-ZF-BO,S-ZG-BR,B-ZF-BO,B-ZO-UN,S-ZO-BR,S-ZF-BO,S-ZF-BR,B-ZF-UN,S-ZE-BO,B-ZG-UN
49,2017.12.02 00:00,USDCAD,60,86400,SELL,ZF,1,1.29095,1.28505,590.0,1.29062,1.26893,2169.0,367.627,5.59,557.0,139.2,1.29062,1.28505,1.26336,BOUNCE,2017.12.05 15:00,1,2017.12.06 19:00,0,,0,,1,1d 4h,NewYork,NA,,NA,,1.29652,UNTOUCHED,,0,,0,,0,,0,NA,Other,NA,,NA,,1.27948,BREAK,2017.12.02 00:00,0,,0,,0,,0,NA,Asia,BREAK,2017.12.02 01:00,BREAK,2017.12.04 16:00,1.29619,UNTOUCHED,,0,,0,,0,,0,NA,Other,NA,,NA,,B-ZD-UN,B-ZD-BO,B-ZE-BR,S-ZE-BR,S-ZB-BO,B-ZH-BO,B-ZG-BR,B-ZE-BO,S-ZE-BO,S-ZB-BR,S-ZG-BR,B-ZF-BO,B-ZO-UN,S-ZO-BR,S-ZF-BO,S-ZF-BR,B-ZF-UN,S-ZE-BO,B-ZG-UN,S-ZB-BR
50,2017.12.06 00:00,USDCAD,60,86400,SELL,ZG,0,1.27269,1.26562,707.0,1.27078,1.26238,840.0,118.812,27.02,516.0,166.9,1.27078,1.26562,1.25722,BREAK,2017.12.28 23:00,0,,0,,0,,0,NA,Other,BOUNCE,2017.12.30 00:00,NA,,1.27785,BREAK,2017.12.06 20:00,0,,0,,0,,0,NA,NewYork,BREAK,2017.12.07 18:00,BOUNCE,2017.12.13 17:00,1.26046,BREAK,2017.12.28 17:00,0,,0,,0,,0,NA,NewYork,BREAK,2017.12.29 12:00,BOUNCE,2018.01.03 23:00,1.27594,BREAK,2017.12.06 19:00,0,,0,,0,,0,NA,NewYork,BREAK,2017.12.07 12:00,BOUNCE,2017.12.08 17:00,S-ZF-BO,B-ZD-UN,B-ZD-BO,B-ZE-BR,S-ZE-BR,S-ZB-BO,B-ZH-BO,B-ZG-BR,B-ZE-BO,S-ZE-BO,B-ZF-BO,B-ZO-UN,S-ZO-BR,S-ZF-BO,S-ZF-BR,B-ZF-UN,S-ZE-BO,B-ZG-UN,S-ZB-BR,S-ZB-BR
51,2017.12.07 00:00,USDCAD,60,86400,BUY,ZF,1,1.27078,1.26238,840.0,1.28074,1.26532,1542.0,183.571,35.00,546.0,198.2,1.27078,1.26532,1.28620,BOUNCE,2017.12.07 19:00,1,2017.12.14 22:00,1,2017.12.28 17:00,1,2017.12.29 00:00,3,3w 0d,NewYork,NA,,NA,,1.25692,BREAK,2017.12.29 00:00,0,,0,,0,,0,NA,Asia,BOUNCE,2017.12.30 00:00,NA,,1.27624,BREAK,2017.12.07 00:00,0,,0,,0,,0,NA,Asia,BREAK,2017.12.07 16:00,BOUNCE,2017.12.12 15:00,1.25986,BREAK,2017.12.28 17:00,0,,0,,0,,0,NA,NewYork,BREAK,2017.12.29 20:00,BREAK,2018.01.05 17:00,S-ZG-BR,S-ZF-BO,B-ZD-UN,B-ZD-BO,B-ZE-BR,S-ZE-BR,S-ZB-BO,B-ZH-BO,B-ZG-BR,B-ZE-BO,B-ZO-UN,S-ZO-BR,S-ZF-BO,S-ZF-BR,B-ZF-UN,S-ZE-BO,B-ZG-UN,S-ZB-BR,S-ZB-BR,S-ZD-BR
52,2017.12.09 00:00,USDCAD,60,86400,BUY,ZO,0,1.28681,1.27805,876.0,1.28800,1.28043,757.0,86.416,27.17,638.0,206.7,1.28681,1.28043,1.29438,UNTOUCHED,,0,,0,,0,,0,NA,Other,NA,,NA,,1.27167,BOUNCE,2017.12.14 22:00,1,2017.12.15 20:00,0,,0,,1,22h,Other,NA,,NA,,1.29319,UNTOUCHED,,0,,0,,0,,0,NA,Other,NA,,NA,,1.27405,BREAK,2017.12.14 22:00,0,,0,,0,,0,NA,Other,BREAK,2017.12.27 12:00,BREAK,2017.12.28 17:00,B-ZF-BO,S-ZG-BR,S-ZF-BO,B-ZD-UN,B-ZD-BO,B-ZE-BR,S-ZE-BR,S-ZB-BO,B-ZH-BO,B-ZG-BR,S-ZO-BR,S-ZF-BO,S-ZF-BR,B-ZF-UN,S-ZE-BO,B-ZG-UN,S-ZB-BR,S-ZB-BR,S-ZD-BR,S-ZD-BR
53,2017.12.12 00:00,USDCAD,60,86400,SELL,ZO,1,1.28706,1.28473,233.0,1.28687,1.28309,378.0,162.232,8.15,214.0,55.0,1.28687,1.28473,1.28095,BREAK,2017.12.13 23:00,0,,0,,0,,0,NA,Other,BREAK,2017.12.14 21:00,BREAK,2017.12.14 22:00,1.28920,BOUNCE,2017.12.12 21:00,1,2017.12.13 02:00,1,2017.12.13 17:00,1,2017.12.13 23:00,3,1d 2h,Other,NA,,NA,,1.28259,BREAK,2017.12.12 13:00,0,,0,,0,,0,NA,NewYork,BREAK,2017.12.13 23:00,BOUNCE,2017.12.14 21:00,1.28901,BOUNCE,2017.12.12 21:00,1,2017.12.13 17:00,1,2017.12.13 17:00,0,,2,20h,Other,NA,,NA,,B-ZO-UN,B-ZF-BO,S-ZG-BR,S-ZF-BO,B-ZD-UN,B-ZD-BO,B-ZE-BR,S-ZE-BR,S-ZB-BO,B-ZH-BO,S-ZF-BO,S-ZF-BR,B-ZF-UN,S-ZE-BO,B-ZG-UN,S-ZB-BR,S-ZB-BR,S-ZD-BR,S-ZD-BR,S-ZB-BR
54,2017.12.14 00:00,USDCAD,60,86400,SELL,ZF,0,1.28923,1.28132,791.0,1.28802,1.27918,884.0,111.757,15.30,670.0,186.7,1.28802,1.28132,1.27248,BOUNCE,2017.12.14 22:00,1,2017.12.15 21:00,0,,0,,1,23h,Other,NA,,NA,,1.29593,UNTOUCHED,,0,,0,,0,,0,NA,Other,NA,,NA,,1.27462,BREAK,2017.12.14 22:00,0,,0,,0,,0,NA,Other,BREAK,2017.12.27 12:00,BREAK,2017.12.28 17:00,1.29472,UNTOUCHED,,0,,0,,0,,0,NA,Other,NA,,NA,,S-ZO-BR,B-ZO-UN,B-ZF-BO,S-ZG-BR,S-ZF-BO,B-ZD-UN,B-ZD-BO,B-ZE-BR,S-ZE-BR,S-ZB-BO,S-ZF-BR,B-ZF-UN,S-ZE-BO,B-ZG-UN,S-ZB-BR,S-ZB-BR,S-ZD-BR,S-ZD-BR,S-ZB-BR,B-ZG-BR
55,2017.12.15 00:00,USDCAD,60,86400,SELL,ZF,1,1.28802,1.27918,884.0,1.28659,1.27138,1521.0,172.059,16.18,741.0,208.6,1.28659,1.27918,1.26397,BREAK,2017.12.27 15:00,0,,0,,0,,0,NA,NewYork,BREAK,2017.12.29 12:00,BREAK,2018.01.05 17:00,1.29543,UNTOUCHED,,0,,0,,0,,0,NA,Other,NA,,NA,,1.27177,BOUNCE,2017.12.21 20:00,0,,0,,0,,0,NA,NewYork,NA,,NA,,1.29400,UNTOUCHED,,0,,0,,0,,0,NA,Other,NA,,NA,,S-ZF-BO,S-ZO-BR,B-ZO-UN,B-ZF-BO,S-ZG-BR,S-ZF-BO,B-ZD-UN,B-ZD-BO,B-ZE-BR,S-ZE-BR,B-ZF-UN,S-ZE-BO,B-ZG-UN,S-ZB-BR,S-ZB-BR,S-ZD-BR,S-ZD-BR,S-ZB-BR,B-ZG-BR,S-ZD-BR
56,2017.12.16 00:00,USDCAD,60,86400,BUY,ZF,0,1.28659,1.27138,1521.0,1.28906,1.27390,1516.0,99.671,16.57,1269.0,359.0,1.28659,1.27390,1.30175,UNTOUCHED,,0,,0,,0,,0,NA,Other,NA,,NA,,1.25869,BREAK,2017.12.28 17:00,0,,0,,0,,0,NA,NewYork,BREAK,2018.01.05 17:00,BREAK,2018.01.25 10:00,1.29928,UNTOUCHED,,0,,0,,0,,0,NA,Other,NA,,NA,,1.26121,BREAK,2017.12.28 10:00,0,,0,,0,,0,NA,London,BREAK,2018.01.05 17:00,BOUNCE,2018.01.10 17:00,S-ZF-BR,S-ZF-BO,S-ZO-BR,B-ZO-UN,B-ZF-BO,S-ZG-BR,S-ZF-BO,B-ZD-UN,B-ZD-BO,B-ZE-BR,S-ZE-BO,B-ZG-UN,S-ZB-BR,S-ZB-BR,S-ZD-BR,S-ZD-BR,S-ZB-BR,B-ZG-BR,S-ZD-BR,S-ZO-BR
57,2017.12.19 00:00,USDCAD,60,86400,SELL,ZE,1,1.28943,1.28639,304.0,1.28813,1.28422,391.0,128.618,42.76,174.0,71.7,1.28813,1.28639,1.28248,BOUNCE,2017.12.20 17:00,1,2017.12.20 18:00,0,,0,,1,1h,NewYork,NA,,NA,,1.29117,BOUNCE,2017.12.19 20:00,1,2017.12.19 23:00,1,2017.12.20 17:00,1,2017.12.20 17:00,3,21h,NewYork,NA,,NA,,1.28465,BREAK,2017.12.20 17:00,0,,0,,0,,0,NA,NewYork,BREAK,2017.12.21 04:00,BREAK,2017.12.21 17:00,1.28987,BOUNCE,2017.12.19 18:00,1,2017.12.20 17:00,1,2017.12.20 17:00,0,,2,23h,NewYork,NA,,NA,,B-ZF-UN,S-ZF-BR,S-ZF-BO,S-ZO-BR,B-ZO-UN,B-ZF-BO,S-ZG-BR,S-ZF-BO,B-ZD-UN,B-ZD-BO,B-ZG-UN,S-ZB-BR,S-ZB-BR,S-ZD-BR,S-ZD-BR,S-ZB-BR,B-ZG-BR,S-ZD-BR,S-ZO-BR,S-ZD-BO
58,2017.12.20 00:00,USDCAD,60,86400,BUY,ZG,1,1.28813,1.28422,391.0,1.29198,1.28500,698.0,178.517,19.95,313.0,92.3,1.28813,1.28500,1.29511,UNTOUCHED,,0,,0,,0,,0,NA,Other,NA,,NA,,1.28109,BREAK,2017.12.21 17:00,0,,0,,0,,0,NA,NewYork,BREAK,2017.12.21 18:00,BREAK,2017.12.21 19:00,1.29126,UNTOUCHED,,0,,0,,0,,0,NA,Other,NA,,NA,,1.28187,BOUNCE,2017.12.20 17:00,0,,0,,0,,0,NA,NewYork,NA,,NA,,S-ZE-BO,B-ZF-UN,S-ZF-BR,S-ZF-BO,S-ZO-BR,B-ZO-UN,B-ZF-BO,S-ZG-BR,S-ZF-BO,B-ZD-UN,S-ZB-BR,S-ZB-BR,S-ZD-BR,S-ZD-BR,S-ZB-BR,B-ZG-BR,S-ZD-BR,S-ZO-BR,S-ZD-BO,B-ZF-BR
59,2017.12.21 00:00,USDCAD,60,86400,SELL,ZB,1,1.29198,1.28500,698.0,1.28835,1.28184,651.0,93.266,52.01,335.0,164.7,1.28835,1.28500,1.27849,BREAK,2017.12.21 17:00,0,,0,,0,,0,NA,NewYork,BREAK,2017.12.21 19:00,BREAK,2017.12.21 21:00,1.29533,UNTOUCHED,,0,,0,,0,,0,NA,Other,NA,,NA,,1.28165,BREAK,2017.12.21 17:00,0,,0,,0,,0,NA,NewYork,BREAK,2017.12.21 18:00,BREAK,2017.12.21 19:00,1.29170,UNTOUCHED,,0,,0,,0,,0,NA,Other,NA,,NA,,B-ZG-UN,S-ZE-BO,B-ZF-UN,S-ZF-BR,S-ZF-BO,S-ZO-BR,B-ZO-UN,B-ZF-BO,S-ZG-BR,S-ZF-BO,S-ZB-BR,S-ZD-BR,S-ZD-BR,S-ZB-BR,B-ZG-BR,S-ZD-BR,S-ZO-BR,S-ZD-BO,B-ZF-BR,B-ZF-BR
60,2017.12.22 00:00,USDCAD,60,86400,SELL,ZB,1,1.28835,1.28184,651.0,1.28389,1.26994,1395.0,214.286,68.51,205.0,153.6,1.28389,1.28184,1.26789,BREAK,2017.12.27 08:00,0,,0,,0,,0,NA,London,BREAK,2017.12.27 15:00,BOUNCE,2017.12.27 19:00,1.29040,UNTOUCHED,,0,,0,,0,,0,NA,Other,NA,,NA,,1.27979,BREAK,2017.12.22 00:00,0,,0,,0,,0,NA,Asia,BREAK,2017.12.22 01:00,BREAK,2017.12.22 02:00,1.28594,UNTOUCHED,,0,,0,,0,,0,NA,Other,NA,,NA,,S-ZB-BR,B-ZG-UN,S-ZE-BO,B-ZF-UN,S-ZF-BR,S-ZF-BO,S-ZO-BR,B-ZO-UN,B-ZF-BO,S-ZG-BR,S-ZD-BR,S-ZD-BR,S-ZB-BR,B-ZG-BR,S-ZD-BR,S-ZO-BR,S-ZD-BO,B-ZF-BR,B-ZF-BR,B-ZC-BO
61,2017.12.27 00:00,USDCAD,60,86400,SELL,ZD,1,1.27370,1.27148,222.0,1.27277,1.26845,432.0,194.595,41.89,129.0,52.4,1.27277,1.27148,1.26716,BREAK,2017.12.27 10:00,0,,0,,0,,0,NA,London,BREAK,2017.12.27 13:00,BREAK,2017.12.27 15:00,1.27499,UNTOUCHED,,0,,0,,0,,0,NA,Other,NA,,NA,,1.27019,BREAK,2017.12.27 00:00,0,,0,,0,,0,NA,Asia,BREAK,2017.12.27 01:00,BREAK,2017.12.27 10:00,1.27406,UNTOUCHED,,0,,0,,0,,0,NA,Other,NA,,NA,,S-ZB-BR,S-ZB-BR,B-ZG-UN,S-ZE-BO,B-ZF-UN,S-ZF-BR,S-ZF-BO,S-ZO-BR,B-ZO-UN,B-ZF-BO,S-ZD-BR,S-ZB-BR,B-ZG-BR,S-ZD-BR,S-ZO-BR,S-ZD-BO,B-ZF-BR,B-ZF-BR,B-ZC-BO,S-ZF-BO
62,2017.12.28 00:00,USDCAD,60,86400,SELL,ZD,1,1.27277,1.26845,432.0,1.26955,1.26272,683.0,158.102,74.54,110.0,102.0,1.26955,1.26845,1.26162,BREAK,2017.12.28 09:00,0,,0,,0,,0,NA,London,BOUNCE,2017.12.28 13:00,NA,,1.27387,UNTOUCHED,,0,,0,,0,,0,NA,Other,NA,,NA,,1.26735,BREAK,2017.12.28 00:00,0,,0,,0,,0,NA,Asia,BREAK,2017.12.28 01:00,BREAK,2017.12.28 04:00,1.27065,UNTOUCHED,,0,,0,,0,,0,NA,Other,NA,,NA,,S-ZD-BR,S-ZB-BR,S-ZB-BR,B-ZG-UN,S-ZE-BO,B-ZF-UN,S-ZF-BR,S-ZF-BO,S-ZO-BR,B-ZO-UN,S-ZB-BR,B-ZG-BR,S-ZD-BR,S-ZO-BR,S-ZD-BO,B-ZF-BR,B-ZF-BR,B-ZC-BO,S-ZF-BO,S-ZD-BR
63,2017.12.29 00:00,USDCAD,60,86400,SELL,ZB,1,1.26955,1.26272,683.0,1.26609,1.25706,903.0,132.211,50.66,337.0,161.2,1.26609,1.26272,1.25369,BREAK,2017.12.29 12:00,0,,0,,0,,0,NA,London,BOUNCE,2018.01.02 19:00,NA,,1.27292,UNTOUCHED,,0,,0,,0,,0,NA,Other,NA,,NA,,1.25935,BREAK,2017.12.29 00:00,0,,0,,0,,0,NA,Asia,BREAK,2017.12.29 12:00,BOUNCE,2017.12.29 18:00,1.26946,UNTOUCHED,,0,,0,,0,,0,NA,Other,NA,,NA,,S-ZD-BR,S-ZD-BR,S-ZB-BR,S-ZB-BR,B-ZG-UN,S-ZE-BO,B-ZF-UN,S-ZF-BR,S-ZF-BO,S-ZO-BR,B-ZG-BR,S-ZD-BR,S-ZO-BR,S-ZD-BO,B-ZF-BR,B-ZF-BR,B-ZC-BO,S-ZF-BO,S-ZD-BR,S-ZG-BR
64,2018.01.02 02:00,USDCAD,60,86400,BUY,ZG,0,1.25770,1.25146,624.0,1.25887,1.25369,518.0,83.013,35.74,401.0,147.3,1.25770,1.25369,1.26288,BREAK,2018.02.09 17:00,0,,0,,0,,0,NA,NewYork,BREAK,2018.02.21 23:00,BREAK,2018.02.22 17:00,1.24745,BREAK,2018.01.05 17:00,0,,0,,0,,0,NA,NewYork,BREAK,2018.01.05 18:00,BREAK,2018.01.05 19:00,1.26171,BREAK,2018.02.09 16:00,0,,0,,0,,0,NA,NewYork,BREAK,2018.02.21 16:00,BREAK,2018.02.22 12:00,1.24968,BREAK,2018.01.04 23:00,0,,0,,0,,0,NA,Other,BREAK,2018.01.05 18:00,BREAK,2018.01.05 19:00,S-ZB-BR,S-ZD-BR,S-ZD-BR,S-ZB-BR,S-ZB-BR,B-ZG-UN,S-ZE-BO,B-ZF-UN,S-ZF-BR,S-ZF-BO,S-ZD-BR,S-ZO-BR,S-ZD-BO,B-ZF-BR,B-ZF-BR,B-ZC-BO,S-ZF-BO,S-ZD-BR,S-ZG-BR,S-ZD-BR
65,2018.01.03 00:00,USDCAD,60,86400,SELL,ZD,1,1.25887,1.25369,518.0,1.25583,1.25000,583.0,112.548,58.69,214.0,122.2,1.25583,1.25369,1.24786,BREAK,2018.01.05 17:00,0,,0,,0,,0,NA,NewYork,BREAK,2018.01.05 18:00,BREAK,2018.01.05 19:00,1.26101,BOUNCE,2018.02.08 20:00,1,2018.02.09 17:00,0,,0,,1,21h,NewYork,NA,,NA,,1.25155,BREAK,2018.01.03 00:00,0,,0,,0,,0,NA,Asia,BREAK,2018.01.05 17:00,BREAK,2018.01.05 18:00,1.25797,BOUNCE,2018.01.10 23:00,1,2018.01.11 00:00,1,2018.01.11 00:00,0,,2,1h,Other,NA,,NA,,B-ZG-BR,S-ZB-BR,S-ZD-BR,S-ZD-BR,S-ZB-BR,S-ZB-BR,B-ZG-UN,S-ZE-BO,B-ZF-UN,S-ZF-BR,S-ZO-BR,S-ZD-BO,B-ZF-BR,B-ZF-BR,B-ZC-BO,S-ZF-BO,S-ZD-BR,S-ZG-BR,S-ZD-BR,S-ZF-BR
66,2018.01.04 00:00,USDCAD,60,86400,SELL,ZO,0,1.25583,1.25000,583.0,1.25537,1.24991,546.0,93.654,7.89,537.0,137.6,1.25537,1.25000,1.24454,BREAK,2018.01.05 17:00,0,,0,,0,,0,NA,NewYork,BREAK,2018.01.05 18:00,BREAK,2018.01.24 15:00,1.26120,BREAK,2018.02.08 20:00,0,,0,,0,,0,NA,NewYork,BREAK,2018.02.21 17:00,BREAK,2018.02.22 17:00,1.24463,BREAK,2018.01.05 17:00,0,,0,,0,,0,NA,NewYork,BREAK,2018.01.05 18:00,BREAK,2018.01.24 15:00,1.26074,BREAK,2018.02.08 20:00,0,,0,,0,,0,NA,NewYork,BREAK,2018.02.09 17:00,BREAK,2018.02.22 17:00,S-ZD-BR,B-ZG-BR,S-ZB-BR,S-ZD-BR,S-ZD-BR,S-ZB-BR,S-ZB-BR,B-ZG-UN,S-ZE-BO,B-ZF-UN,S-ZD-BO,B-ZF-BR,B-ZF-BR,B-ZC-BO,S-ZF-BO,S-ZD-BR,S-ZG-BR,S-ZD-BR,S-ZF-BR,S-ZO-UN
67,2018.01.06 00:00,USDCAD,60,86400,SELL,ZD,1,1.25549,1.24883,666.0,1.25132,1.23551,1581.0,237.387,62.61,249.0,157.2,1.25132,1.24883,1.23302,BOUNCE,2018.01.24 15:00,1,2018.01.25 23:00,1,2018.02.06 01:00,1,2018.02.08 12:00,3,2w 0d,NewYork,NA,,NA,,1.25798,BOUNCE,2018.01.10 23:00,1,2018.01.11 00:00,1,2018.01.13 01:00,1,2018.01.24 15:00,3,1w 6d,Other,NA,,NA,,1.24634,BREAK,2018.01.06 00:00,0,,0,,0,,0,NA,Asia,BREAK,2018.01.06 01:00,BREAK,2018.01.08 03:00,1.25381,BREAK,2018.01.10 23:00,0,,0,,0,,0,NA,Other,BREAK,2018.01.11 00:00,BOUNCE,2018.01.11 13:00,S-ZO-BR,S-ZD-BR,B-ZG-BR,S-ZB-BR,S-ZD-BR,S-ZD-BR,S-ZB-BR,S-ZB-BR,B-ZG-UN,S-ZE-BO,B-ZF-BR,B-ZF-BR,B-ZC-BO,S-ZF-BO,S-ZD-BR,S-ZG-BR,S-ZD-BR,S-ZF-BR,S-ZO-UN,S-ZB-UN
68,2018.01.10 00:00,USDCAD,60,86400,BUY,ZF,0,1.24497,1.23781,716.0,1.24779,1.23978,801.0,111.872,27.51,519.0,169.0,1.24497,1.23978,1.25298,BREAK,2018.01.10 23:00,0,,0,,0,,0,NA,Other,BOUNCE,2018.01.11 19:00,NA,,1.23262,BREAK,2018.01.24 15:00,0,,0,,0,,0,NA,NewYork,BREAK,2018.01.31 17:00,UNTOUCHED,,1.25016,BREAK,2018.01.10 23:00,0,,0,,0,,0,NA,Other,BREAK,2018.01.11 00:00,BREAK,2018.02.09 16:00,1.23459,BREAK,2018.01.24 14:00,0,,0,,0,,0,NA,NewYork,BOUNCE,2018.01.25 23:00,NA,,S-ZD-BO,S-ZO-BR,S-ZD-BR,B-ZG-BR,S-ZB-BR,S-ZD-BR,S-ZD-BR,S-ZB-BR,S-ZB-BR,B-ZG-UN,B-ZF-BR,B-ZC-BO,S-ZF-BO,S-ZD-BR,S-ZG-BR,S-ZD-BR,S-ZF-BR,S-ZO-UN,S-ZB-UN,B-ZH-BO
69,2018.01.11 00:00,USDCAD,60,86400,BUY,ZF,1,1.24779,1.23978,801.0,1.25833,1.24273,1560.0,194.757,36.83,506.0,189.0,1.24779,1.24273,1.26339,BREAK,2018.02.09 17:00,0,,0,,0,,0,NA,NewYork,BOUNCE,2018.02.21 23:00,NA,,1.23472,BREAK,2018.01.24 14:00,0,,0,,0,,0,NA,NewYork,BOUNCE,2018.01.25 23:00,NA,,1.25285,BREAK,2018.01.11 00:00,0,,0,,0,,0,NA,Asia,BOUNCE,2018.01.11 19:00,NA,,1.23767,BOUNCE,2018.01.17 19:00,1,2018.02.06 01:00,1,2018.02.06 01:00,0,,2,2w 5d,NewYork,NA,,NA,,B-ZF-BR,S-ZD-BO,S-ZO-BR,S-ZD-BR,B-ZG-BR,S-ZB-BR,S-ZD-BR,S-ZD-BR,S-ZB-BR,S-ZB-BR,B-ZC-BO,S-ZF-BO,S-ZD-BR,S-ZG-BR,S-ZD-BR,S-ZF-BR,S-ZO-UN,S-ZB-UN,B-ZH-BO,B-ZF-BR
70,2018.01.12 00:00,USDCAD,60,86400,BUY,ZC,1,1.25833,1.24273,1560.0,1.25903,1.25030,873.0,55.962,48.53,803.0,368.2,1.25833,1.25030,1.26706,BOUNCE,2018.02.09 17:00,1,2018.02.15 00:00,0,,0,,1,5d 7h,NewYork,NA,,NA,,1.23470,BREAK,2018.01.24 14:00,0,,0,,0,,0,NA,NewYork,BOUNCE,2018.02.02 17:00,NA,,1.26636,BOUNCE,2018.02.09 17:00,0,,0,,0,,0,NA,NewYork,NA,,NA,,1.24227,BOUNCE,2018.01.15 13:00,1,2018.02.09 17:00,1,2018.02.09 17:00,0,,2,3w 4d,NewYork,NA,,NA,,B-ZF-BR,B-ZF-BR,S-ZD-BO,S-ZO-BR,S-ZD-BR,B-ZG-BR,S-ZB-BR,S-ZD-BR,S-ZD-BR,S-ZB-BR,S-ZF-BO,S-ZD-BR,S-ZG-BR,S-ZD-BR,S-ZF-BR,S-ZO-UN,S-ZB-UN,B-ZH-BO,B-ZF-BR,B-ZD-BR
71,2018.01.13 00:00,USDCAD,60,86400,SELL,ZF,0,1.25903,1.25030,873.0,1.25616,1.24689,927.0,106.186,32.88,586.0,206.0,1.25616,1.25030,1.24103,BOUNCE,2018.01.15 14:00,1,2018.02.06 01:00,1,2018.02.09 16:00,1,2018.02.09 17:00,3,3w 4d,NewYork,NA,,NA,,1.26489,BREAK,2018.02.09 17:00,0,,0,,0,,0,NA,NewYork,BREAK,2018.02.22 17:00,BREAK,2018.02.28 17:00,1.24444,BREAK,2018.01.15 02:00,0,,0,,0,,0,NA,Asia,BREAK,2018.01.17 19:00,BREAK,2018.01.25 07:00,1.26202,BREAK,2018.02.09 16:00,0,,0,,0,,0,NA,NewYork,BREAK,2018.02.22 00:00,BREAK,2018.02.22 17:00,B-ZC-BO,B-ZF-BR,B-ZF-BR,S-ZD-BO,S-ZO-BR,S-ZD-BR,B-ZG-BR,S-ZB-BR,S-ZD-BR,S-ZD-BR,S-ZD-BR,S-ZG-BR,S-ZD-BR,S-ZF-BR,S-ZO-UN,S-ZB-UN,B-ZH-BO,B-ZF-BR,B-ZD-BR,B-ZO-BR
72,2018.01.16 00:00,USDCAD,60,86400,SELL,ZD,1,1.24880,1.24566,314.0,1.24714,1.24023,691.0,220.064,52.87,148.0,74.1,1.24714,1.24566,1.23875,BREAK,2018.01.17 19:00,0,,0,,0,,0,NA,NewYork,BOUNCE,2018.01.17 22:00,NA,,1.25028,BREAK,2018.01.17 18:00,0,,0,,0,,0,NA,NewYork,BOUNCE,2018.01.17 19:00,NA,,1.24418,BREAK,2018.01.16 00:00,0,,0,,0,,0,NA,Asia,BREAK,2018.01.16 03:00,BREAK,2018.01.16 19:00,1.24862,BREAK,2018.01.17 18:00,0,,0,,0,,0,NA,NewYork,BREAK,2018.01.17 19:00,BREAK,2018.02.05 23:00,S-ZF-BO,B-ZC-BO,B-ZF-BR,B-ZF-BR,S-ZD-BO,S-ZO-BR,S-ZD-BR,B-ZG-BR,S-ZB-BR,S-ZD-BR,S-ZG-BR,S-ZD-BR,S-ZF-BR,S-ZO-UN,S-ZB-UN,B-ZH-BO,B-ZF-BR,B-ZD-BR,B-ZO-BR,B-ZG-BR
73,2018.01.17 00:00,USDCAD,60,86400,SELL,ZG,0,1.24714,1.24023,691.0,1.24523,1.23969,554.0,80.174,27.64,500.0,163.1,1.24523,1.24023,1.23469,BREAK,2018.01.24 14:00,0,,0,,0,,0,NA,NewYork,BOUNCE,2018.01.25 23:00,NA,,1.25214,BOUNCE,2018.01.17 19:00,1,2018.01.17 21:00,1,2018.01.24 13:00,1,2018.01.24 14:00,3,6d 19h,NewYork,NA,,NA,,1.23523,BREAK,2018.01.24 13:00,0,,0,,0,,0,NA,NewYork,BREAK,2018.01.25 18:00,BOUNCE,2018.01.31 20:00,1.25023,BOUNCE,2018.01.17 18:00,1,2018.01.24 13:00,1,2018.01.24 13:00,0,,2,6d 19h,NewYork,NA,,NA,,S-ZD-BR,S-ZF-BO,B-ZC-BO,B-ZF-BR,B-ZF-BR,S-ZD-BO,S-ZO-BR,S-ZD-BR,B-ZG-BR,S-ZB-BR,S-ZD-BR,S-ZF-BR,S-ZO-UN,S-ZB-UN,B-ZH-BO,B-ZF-BR,B-ZD-BR,B-ZO-BR,B-ZG-BR,B-ZB-BO
74,2018.01.23 00:00,USDCAD,60,86400,SELL,ZD,1,1.25083,1.24805,278.0,1.24964,1.24345,619.0,222.662,42.81,159.0,65.6,1.24964,1.24805,1.24186,BREAK,2018.01.24 01:00,0,,0,,0,,0,NA,Asia,BREAK,2018.01.24 12:00,BREAK,2018.01.24 13:00,1.25242,BOUNCE,2018.02.06 00:00,1,2018.02.07 01:00,1,2018.02.16 08:00,0,,2,1w 3d,Asia,NA,,NA,,1.24646,BREAK,2018.01.23 00:00,0,,0,,0,,0,NA,Asia,BREAK,2018.01.23 01:00,BOUNCE,2018.01.23 19:00,1.25123,BREAK,2018.02.05 23:00,0,,0,,0,,0,NA,Other,BREAK,2018.02.06 01:00,BREAK,2018.02.06 05:00,S-ZG-BR,S-ZD-BR,S-ZF-BO,B-ZC-BO,B-ZF-BR,B-ZF-BR,S-ZD-BO,S-ZO-BR,S-ZD-BR,B-ZG-BR,S-ZF-BR,S-ZO-UN,S-ZB-UN,B-ZH-BO,B-ZF-BR,B-ZD-BR,B-ZO-BR,B-ZG-BR,B-ZB-BO,B-ZD-BO
75,2018.01.24 00:00,USDCAD,60,86400,SELL,ZF,0,1.24964,1.24345,619.0,1.24911,1.24244,667.0,107.754,8.56,566.0,146.1,1.24911,1.24345,1.23678,BREAK,2018.01.24 13:00,0,,0,,0,,0,NA,NewYork,BREAK,2018.01.25 10:00,BOUNCE,2018.01.31 21:00,1.25530,BOUNCE,2018.02.06 05:00,0,,0,,0,,0,NA,Asia,NA,,NA,,1.23779,BREAK,2018.01.24 12:00,0,,0,,0,,0,NA,London,BREAK,2018.01.25 07:00,BREAK,2018.01.31 17:00,1.25477,BREAK,2018.02.06 05:00,0,,0,,0,,0,NA,Asia,BREAK,2018.02.09 16:00,BREAK,2018.02.09 17:00,S-ZD-BR,S-ZG-BR,S-ZD-BR,S-ZF-BO,B-ZC-BO,B-ZF-BR,B-ZF-BR,S-ZD-BO,S-ZO-BR,S-ZD-BR,S-ZO-UN,S-ZB-UN,B-ZH-BO,B-ZF-BR,B-ZD-BR,B-ZO-BR,B-ZG-BR,B-ZB-BO,B-ZD-BO,B-ZD-BR
76,2018.01.26 00:00,USDCAD,60,86400,SELL,ZO,0,1.24344,1.23162,1182.0,1.23911,1.22819,1092.0,92.386,36.63,749.0,279.0,1.23911,1.23162,1.22070,UNTOUCHED,,0,,0,,0,,0,NA,Other,NA,,NA,,1.25093,BREAK,2018.02.05 23:00,0,,0,,0,,0,NA,Other,BREAK,2018.02.08 20:00,BOUNCE,2018.02.09 17:00,1.22413,UNTOUCHED,,0,,0,,0,,0,NA,Other,NA,,NA,,1.24660,BREAK,2018.02.05 18:00,0,,0,,0,,0,NA,NewYork,BREAK,2018.02.07 21:00,BREAK,2018.02.09 17:00,S-ZF-BR,S-ZD-BR,S-ZG-BR,S-ZD-BR,S-ZF-BO,B-ZC-BO,B-ZF-BR,B-ZF-BR,S-ZD-BO,S-ZO-BR,S-ZB-UN,B-ZH-BO,B-ZF-BR,B-ZD-BR,B-ZO-BR,B-ZG-BR,B-ZB-BO,B-ZD-BO,B-ZD-BR,S-ZB-UN
77,2018.02.01 00:00,USDCAD,60,86400,SELL,ZB,1,1.23788,1.23092,696.0,1.23479,1.22486,993.0,142.672,44.40,387.0,164.3,1.23479,1.23092,1.22099,UNTOUCHED,,0,,0,,0,,0,NA,Other,NA,,NA,,1.24175,BREAK,2018.02.03 00:00,0,,0,,0,,0,NA,Asia,BREAK,2018.02.05 18:00,BREAK,2018.02.05 23:00,1.22705,BOUNCE,2018.02.01 19:00,1,2018.02.02 18:00,1,2018.02.03 00:00,0,,2,1d 5h,NewYork,NA,,NA,,1.23866,BREAK,2018.02.02 18:00,0,,0,,0,,0,NA,NewYork,BOUNCE,2018.02.03 00:00,NA,,S-ZO-UN,S-ZF-BR,S-ZD-BR,S-ZG-BR,S-ZD-BR,S-ZF-BO,B-ZC-BO,B-ZF-BR,B-ZF-BR,S-ZD-BO,B-ZH-BO,B-ZF-BR,B-ZD-BR,B-ZO-BR,B-ZG-BR,B-ZB-BO,B-ZD-BO,B-ZD-BR,S-ZB-UN,B-ZB-BR
78,2018.02.06 00:00,USDCAD,60,86400,BUY,ZH,1,1.24366,1.23844,522.0,1.25240,1.23974,1266.0,242.529,24.90,392.0,123.2,1.24366,1.23974,1.25632,BOUNCE,2018.02.06 06:00,1,2018.02.15 03:00,0,,0,,1,1w 1d,Asia,NA,,NA,,1.23452,UNTOUCHED,,0,,0,,0,,0,NA,Other,NA,,NA,,1.24758,BREAK,2018.02.06 00:00,0,,0,,0,,0,NA,Asia,BREAK,2018.02.06 01:00,BOUNCE,2018.02.06 12:00,1.23582,UNTOUCHED,,0,,0,,0,,0,NA,Other,NA,,NA,,S-ZB-UN,S-ZO-UN,S-ZF-BR,S-ZD-BR,S-ZG-BR,S-ZD-BR,S-ZF-BO,B-ZC-BO,B-ZF-BR,B-ZF-BR,B-ZF-BR,B-ZD-BR,B-ZO-BR,B-ZG-BR,B-ZB-BO,B-ZD-BO,B-ZD-BR,S-ZB-UN,B-ZB-BR,S-ZO-BR
79,2018.02.08 00:00,USDCAD,60,86400,BUY,ZF,0,1.25665,1.24845,820.0,1.25773,1.24896,877.0,106.951,6.22,769.0,193.5,1.25665,1.24896,1.26542,BREAK,2018.02.09 17:00,0,,0,,0,,0,NA,NewYork,BREAK,2018.02.22 17:00,BREAK,2018.02.28 23:00,1.24076,UNTOUCHED,,0,,0,,0,,0,NA,Other,NA,,NA,,1.26434,BREAK,2018.02.09 17:00,0,,0,,0,,0,NA,NewYork,BREAK,2018.02.22 17:00,BREAK,2018.02.28 19:00,1.24127,UNTOUCHED,,0,,0,,0,,0,NA,Other,NA,,NA,,B-ZH-BO,S-ZB-UN,S-ZO-UN,S-ZF-BR,S-ZD-BR,S-ZG-BR,S-ZD-BR,S-ZF-BO,B-ZC-BO,B-ZF-BR,B-ZD-BR,B-ZO-BR,B-ZG-BR,B-ZB-BO,B-ZD-BO,B-ZD-BR,S-ZB-UN,B-ZB-BR,S-ZO-BR,S-ZB-BR
80,2018.02.09 00:00,USDCAD,60,86400,BUY,ZD,1,1.25773,1.24896,877.0,1.26143,1.25461,682.0,77.765,64.42,312.0,207.0,1.25773,1.25461,1.26455,BREAK,2018.02.09 17:00,0,,0,,0,,0,NA,NewYork,BOUNCE,2018.02.21 23:00,NA,,1.24584,BOUNCE,2018.02.16 12:00,1,2018.02.16 17:00,1,2018.02.20 17:00,1,2018.02.21 00:00,3,4d 12h,London,NA,,NA,,1.26085,BREAK,2018.02.09 00:00,0,,0,,0,,0,NA,Asia,BOUNCE,2018.02.14 17:00,NA,,1.25149,BREAK,2018.02.15 00:00,0,,0,,0,,0,NA,Asia,BOUNCE,2018.02.15 18:00,NA,,B-ZF-BR,B-ZH-BO,S-ZB-UN,S-ZO-UN,S-ZF-BR,S-ZD-BR,S-ZG-BR,S-ZD-BR,S-ZF-BO,B-ZC-BO,B-ZO-BR,B-ZG-BR,B-ZB-BO,B-ZD-BO,B-ZD-BR,S-ZB-UN,B-ZB-BR,S-ZO-BR,S-ZB-BR,B-ZD-BR
81,2018.02.10 00:00,USDCAD,60,86400,BUY,ZO,1,1.26143,1.25461,682.0,1.26869,1.25601,1268.0,185.924,20.53,542.0,161.0,1.26143,1.25601,1.27411,BREAK,2018.02.22 17:00,0,,0,,0,,0,NA,NewYork,BREAK,2018.02.28 19:00,BREAK,2018.03.01 17:00,1.24919,BREAK,2018.02.15 01:00,0,,0,,0,,0,NA,Asia,UNTOUCHED,,NA,,1.26685,BREAK,2018.02.21 12:00,0,,0,,0,,0,NA,London,BREAK,2018.02.22 17:00,BREAK,2018.02.28 18:00,1.25059,BREAK,2018.02.15 00:00,0,,0,,0,,0,NA,Asia,BOUNCE,2018.02.16 17:00,NA,,B-ZD-BR,B-ZF-BR,B-ZH-BO,S-ZB-UN,S-ZO-UN,S-ZF-BR,S-ZD-BR,S-ZG-BR,S-ZD-BR,S-ZF-BO,B-ZG-BR,B-ZB-BO,B-ZD-BO,B-ZD-BR,S-ZB-UN,B-ZB-BR,S-ZO-BR,S-ZB-BR,B-ZD-BR,B-ZB-BR
82,2018.02.14 00:00,USDCAD,60,86400,BUY,ZG,0,1.26229,1.25557,672.0,1.26249,1.25662,587.0,87.351,15.63,567.0,158.6,1.26229,1.25662,1.26816,BREAK,2018.02.21 17:00,0,,0,,0,,0,NA,NewYork,BREAK,2018.02.22 17:00,BREAK,2018.02.28 19:00,1.24990,BREAK,2018.02.15 01:00,0,,0,,0,,0,NA,Asia,UNTOUCHED,,NA,,1.26796,BREAK,2018.02.21 17:00,0,,0,,0,,0,NA,NewYork,BREAK,2018.02.22 17:00,BREAK,2018.02.28 19:00,1.25095,BREAK,2018.02.15 00:00,0,,0,,0,,0,NA,Asia,BOUNCE,2018.02.16 17:00,NA,,B-ZO-BR,B-ZD-BR,B-ZF-BR,B-ZH-BO,S-ZB-UN,S-ZO-UN,S-ZF-BR,S-ZD-BR,S-ZG-BR,S-ZD-BR,B-ZB-BO,B-ZD-BO,B-ZD-BR,S-ZB-UN,B-ZB-BR,S-ZO-BR,S-ZB-BR,B-ZD-BR,B-ZB-BR,S-ZF-BR
83,2018.02.21 00:00,USDCAD,60,86400,BUY,ZB,1,1.25923,1.25273,650.0,1.26435,1.25546,889.0,136.769,42.00,377.0,153.4,1.25923,1.25546,1.26812,BOUNCE,2018.02.21 17:00,0,,0,,0,,0,NA,NewYork,NA,,NA,,1.24896,UNTOUCHED,,0,,0,,0,,0,NA,Other,NA,,NA,,1.26300,BREAK,2018.02.21 00:00,0,,0,,0,,0,NA,Asia,BREAK,2018.02.21 17:00,BREAK,2018.02.22 17:00,1.25169,UNTOUCHED,,0,,0,,0,,0,NA,Other,NA,,NA,,B-ZG-BR,B-ZO-BR,B-ZD-BR,B-ZF-BR,B-ZH-BO,S-ZB-UN,S-ZO-UN,S-ZF-BR,S-ZD-BR,S-ZG-BR,B-ZD-BO,B-ZD-BR,S-ZB-UN,B-ZB-BR,S-ZO-BR,S-ZB-BR,B-ZD-BR,B-ZB-BR,S-ZF-BR,S-ZE-BO
84,2018.02.22 00:00,USDCAD,60,86400,BUY,ZD,1,1.26435,1.25546,889.0,1.26880,1.26207,673.0,75.703,74.35,228.0,209.8,1.26435,1.26207,1.27108,BOUNCE,2018.02.22 12:00,1,2018.02.23 17:00,0,,0,,1,1d 5h,London,NA,,NA,,1.25318,UNTOUCHED,,0,,0,,0,,0,NA,Other,NA,,NA,,1.26663,BREAK,2018.02.22 00:00,0,,0,,0,,0,NA,Asia,BREAK,2018.02.22 12:00,BREAK,2018.02.22 17:00,1.25979,UNTOUCHED,,0,,0,,0,,0,NA,Other,NA,,NA,,B-ZB-BO,B-ZG-BR,B-ZO-BR,B-ZD-BR,B-ZF-BR,B-ZH-BO,S-ZB-UN,S-ZO-UN,S-ZF-BR,S-ZD-BR,B-ZD-BR,S-ZB-UN,B-ZB-BR,S-ZO-BR,S-ZB-BR,B-ZD-BR,B-ZB-BR,S-ZF-BR,S-ZE-BO,S-ZO-BR
85,2018.02.23 00:00,USDCAD,60,86400,BUY,ZD,1,1.26880,1.26207,673.0,1.27592,1.26713,879.0,130.609,75.19,167.0,158.8,1.26880,1.26713,1.27759,BREAK,2018.02.28 01:00,0,,0,,0,,0,NA,Asia,BREAK,2018.02.28 19:00,BREAK,2018.02.28 23:00,1.26040,UNTOUCHED,,0,,0,,0,,0,NA,Other,NA,,NA,,1.27047,BREAK,2018.02.23 00:00,0,,0,,0,,0,NA,Asia,BOUNCE,2018.02.23 12:00,NA,,1.26546,BREAK,2018.02.23 17:00,0,,0,,0,,0,NA,NewYork,BOUNCE,2018.02.24 01:00,NA,,B-ZD-BO,B-ZB-BO,B-ZG-BR,B-ZO-BR,B-ZD-BR,B-ZF-BR,B-ZH-BO,S-ZB-UN,S-ZO-UN,S-ZF-BR,S-ZB-UN,B-ZB-BR,S-ZO-BR,S-ZB-BR,B-ZD-BR,B-ZB-BR,S-ZF-BR,S-ZE-BO,S-ZO-BR,B-ZD-BR
86,2018.02.24 00:00,USDCAD,60,86400,SELL,ZB,1,1.27592,1.26713,879.0,1.27256,1.26115,1141.0,129.807,38.23,543.0,207.4,1.27256,1.26713,1.25572,UNTOUCHED,,0,,0,,0,,0,NA,Other,NA,,NA,,1.28135,BREAK,2018.02.28 19:00,0,,0,,0,,0,NA,NewYork,BREAK,2018.03.01 22:00,BREAK,2018.03.05 17:00,1.26170,BOUNCE,2018.02.26 10:00,1,2018.02.28 17:00,1,2018.02.28 19:00,0,,2,2d 9h,London,NA,,NA,,1.27799,BREAK,2018.02.28 17:00,0,,0,,0,,0,NA,NewYork,BREAK,2018.03.01 14:00,BOUNCE,2018.03.01 23:00,B-ZD-BR,B-ZD-BO,B-ZB-BO,B-ZG-BR,B-ZO-BR,B-ZD-BR,B-ZF-BR,B-ZH-BO,S-ZB-UN,S-ZO-UN,B-ZB-BR,S-ZO-BR,S-ZB-BR,B-ZD-BR,B-ZB-BR,S-ZF-BR,S-ZE-BO,S-ZO-BR,B-ZD-BR,S-ZE-BR
87,2018.02.28 00:00,USDCAD,60,86400,BUY,ZB,1,1.27114,1.26148,966.0,1.27619,1.26673,946.0,97.930,54.35,441.0,228.0,1.27114,1.26673,1.28060,BREAK,2018.02.28 19:00,0,,0,,0,,0,NA,NewYork,BREAK,2018.03.01 21:00,BOUNCE,2018.03.01 23:00,1.25707,UNTOUCHED,,0,,0,,0,,0,NA,Other,NA,,NA,,1.27555,BREAK,2018.02.28 00:00,0,,0,,0,,0,NA,Asia,BREAK,2018.02.28 21:00,BREAK,2018.03.01 21:00,1.26232,UNTOUCHED,,0,,0,,0,,0,NA,Other,NA,,NA,,S-ZB-UN,B-ZD-BR,B-ZD-BO,B-ZB-BO,B-ZG-BR,B-ZO-BR,B-ZD-BR,B-ZF-BR,B-ZH-BO,S-ZB-UN,S-ZO-BR,S-ZB-BR,B-ZD-BR,B-ZB-BR,S-ZF-BR,S-ZE-BO,S-ZO-BR,B-ZD-BR,S-ZE-BR,S-ZF-BR
88,2018.03.09 00:00,USDCAD,60,86400,SELL,ZO,0,1.30007,1.28741,1266.0,1.29613,1.28671,942.0,74.408,31.12,872.0,298.8,1.29613,1.28741,1.27799,BREAK,2018.04.04 06:00,0,,0,,0,,0,NA,Asia,BREAK,2018.04.10 15:00,BREAK,2018.04.11 18:00,1.30879,BREAK,2018.03.16 15:00,0,,0,,0,,0,NA,NewYork,UNTOUCHED,,NA,,1.27869,BREAK,2018.04.03 19:00,0,,0,,0,,0,NA,NewYork,BREAK,2018.04.10 15:00,BREAK,2018.04.11 18:00,1.30485,BREAK,2018.03.15 19:00,0,,0,,0,,0,NA,NewYork,UNTOUCHED,,NA,,B-ZB-BR,S-ZB-UN,B-ZD-BR,B-ZD-BO,B-ZB-BO,B-ZG-BR,B-ZO-BR,B-ZD-BR,B-ZF-BR,B-ZH-BO,S-ZB-BR,B-ZD-BR,B-ZB-BR,S-ZF-BR,S-ZE-BO,S-ZO-BR,B-ZD-BR,S-ZE-BR,S-ZF-BR,S-ZD-BR
89,2018.03.10 00:00,USDCAD,60,86400,SELL,ZB,1,1.29613,1.28671,942.0,1.29152,1.28149,1003.0,106.476,48.94,481.0,222.3,1.29152,1.28671,1.27668,BREAK,2018.04.04 23:00,0,,0,,0,,0,NA,Other,BOUNCE,2018.04.09 18:00,NA,,1.30094,BREAK,2018.03.15 17:00,0,,0,,0,,0,NA,NewYork,BREAK,2018.03.16 14:00,BOUNCE,2018.03.19 16:00,1.28190,BOUNCE,2018.03.10 00:00,1,2018.03.13 23:00,1,2018.03.15 17:00,0,,2,5d 17h,Asia,NA,,NA,,1.29633,BREAK,2018.03.13 23:00,0,,0,,0,,0,NA,Other,BREAK,2018.03.15 18:00,BREAK,2018.03.16 14:00,S-ZO-BR,B-ZB-BR,S-ZB-UN,B-ZD-BR,B-ZD-BO,B-ZB-BO,B-ZG-BR,B-ZO-BR,B-ZD-BR,B-ZF-BR,B-ZD-BR,B-ZB-BR,S-ZF-BR,S-ZE-BO,S-ZO-BR,B-ZD-BR,S-ZE-BR,S-ZF-BR,S-ZD-BR,S-ZE-BR
90,2018.03.14 00:00,USDCAD,60,86400,BUY,ZD,1,1.28412,1.28032,380.0,1.29842,1.28300,1542.0,405.789,70.53,112.0,89.7,1.28412,1.28300,1.29954,BREAK,2018.03.15 17:00,0,,0,,0,,0,NA,NewYork,BREAK,2018.03.15 18:00,BREAK,2018.03.15 19:00,1.27920,BREAK,2018.04.03 19:00,0,,0,,0,,0,NA,NewYork,BOUNCE,2018.04.04 09:00,NA,,1.28524,BREAK,2018.03.14 00:00,0,,0,,0,,0,NA,Asia,BREAK,2018.03.14 01:00,BREAK,2018.03.14 02:00,1.28188,BOUNCE,2018.03.27 11:00,1,2018.03.27 13:00,1,2018.03.27 13:00,0,,2,2h,London,NA,,NA,,S-ZB-BR,S-ZO-BR,B-ZB-BR,S-ZB-UN,B-ZD-BR,B-ZD-BO,B-ZB-BO,B-ZG-BR,B-ZO-BR,B-ZD-BR,B-ZB-BR,S-ZF-BR,S-ZE-BO,S-ZO-BR,B-ZD-BR,S-ZE-BR,S-ZF-BR,S-ZD-BR,S-ZE-BR,S-ZO-BR
91,2018.03.16 00:00,USDCAD,60,86400,BUY,ZB,1,1.29758,1.29208,550.0,1.30672,1.29455,1217.0,221.273,44.91,303.0,129.8,1.29758,1.29455,1.30975,BREAK,2018.03.16 19:00,0,,0,,0,,0,NA,NewYork,UNTOUCHED,,NA,,1.28905,BOUNCE,2018.03.21 23:00,0,,0,,0,,0,NA,Other,NA,,NA,,1.30061,BREAK,2018.03.16 00:00,0,,0,,0,,0,NA,Asia,BREAK,2018.03.16 01:00,BREAK,2018.03.16 14:00,1.29152,BOUNCE,2018.03.21 22:00,0,,0,,0,,0,NA,Other,NA,,NA,,B-ZD-BR,S-ZB-BR,S-ZO-BR,B-ZB-BR,S-ZB-UN,B-ZD-BR,B-ZD-BO,B-ZB-BO,B-ZG-BR,B-ZO-BR,S-ZF-BR,S-ZE-BO,S-ZO-BR,B-ZD-BR,S-ZE-BR,S-ZF-BR,S-ZD-BR,S-ZE-BR,S-ZO-BR,S-ZB-UN
92,2018.03.22 00:00,USDCAD,60,86400,SELL,ZF,1,1.31031,1.30527,504.0,1.30850,1.28901,1949.0,386.706,35.91,323.0,118.9,1.30850,1.30527,1.28578,BREAK,2018.03.22 12:00,0,,0,,0,,0,NA,London,BOUNCE,2018.03.23 19:00,NA,,1.31354,UNTOUCHED,,0,,0,,0,,0,NA,Other,NA,,NA,,1.30204,BREAK,2018.03.22 00:00,0,,0,,0,,0,NA,Asia,BREAK,2018.03.22 01:00,BREAK,2018.03.22 02:00,1.31173,UNTOUCHED,,0,,0,,0,,0,NA,Other,NA,,NA,,B-ZB-BR,B-ZD-BR,S-ZB-BR,S-ZO-BR,B-ZB-BR,S-ZB-UN,B-ZD-BR,B-ZD-BO,B-ZB-BO,B-ZG-BR,S-ZE-BO,S-ZO-BR,B-ZD-BR,S-ZE-BR,S-ZF-BR,S-ZD-BR,S-ZE-BR,S-ZO-BR,S-ZB-UN,S-ZO-UN
93,2018.03.23 00:00,USDCAD,60,86400,SELL,ZE,1,1.30850,1.28901,1949.0,1.29367,1.28295,1072.0,55.003,76.09,466.0,460.0,1.29367,1.28901,1.27829,BOUNCE,2018.04.03 19:00,1,2018.04.25 14:00,0,,0,,1,3w 0d,NewYork,NA,,NA,,1.31316,UNTOUCHED,,0,,0,,0,,0,NA,Other,NA,,NA,,1.28435,BOUNCE,2018.03.23 16:00,0,,0,,0,,0,NA,NewYork,NA,,NA,,1.29833,UNTOUCHED,,0,,0,,0,,0,NA,Other,NA,,NA,,S-ZF-BR,B-ZB-BR,B-ZD-BR,S-ZB-BR,S-ZO-BR,B-ZB-BR,S-ZB-UN,B-ZD-BR,B-ZD-BO,B-ZB-BO,S-ZO-BR,B-ZD-BR,S-ZE-BR,S-ZF-BR,S-ZD-BR,S-ZE-BR,S-ZO-BR,S-ZB-UN,S-ZO-UN,S-ZD-UN
94,2018.03.28 00:00,USDCAD,60,86400,SELL,ZO,0,1.29220,1.28405,815.0,1.29026,1.28146,880.0,107.975,23.80,621.0,192.3,1.29026,1.28405,1.27525,BREAK,2018.04.05 03:00,0,,0,,0,,0,NA,Asia,BREAK,2018.04.10 15:00,BREAK,2018.04.10 18:00,1.29841,PENDING,2018.05.08 12:00,0,,0,,0,,0,NA,London,NA,,NA,,1.27784,BOUNCE,2018.04.04 06:00,1,2018.05.08 12:00,1,2018.05.08 12:00,0,,2,4w 6d,Asia,NA,,NA,,1.29647,BREAK,2018.05.08 12:00,0,,0,,0,,0,NA,London,BREAK,2018.05.29 15:00,BREAK,2018.06.14 21:00,S-ZE-BO,S-ZF-BR,B-ZB-BR,B-ZD-BR,S-ZB-BR,S-ZO-BR,B-ZB-BR,S-ZB-UN,B-ZD-BR,B-ZD-BO,B-ZD-BR,S-ZE-BR,S-ZF-BR,S-ZD-BR,S-ZE-BR,S-ZO-BR,S-ZB-UN,S-ZO-UN,S-ZD-UN,B-ZF-BR
95,2018.03.29 00:00,USDCAD,60,86400,BUY,ZD,1,1.29026,1.28146,880.0,1.29335,1.28630,705.0,80.114,55.00,396.0,207.7,1.29026,1.28630,1.29731,BREAK,2018.05.08 12:00,0,,0,,0,,0,NA,London,BOUNCE,2018.05.29 04:00,NA,,1.27750,BOUNCE,2018.04.04 06:00,1,2018.04.23 22:00,1,2018.05.08 11:00,1,2018.05.08 12:00,3,4w 6d,Asia,NA,,NA,,1.29422,BOUNCE,2018.04.02 22:00,1,2018.04.03 17:00,1,2018.04.04 06:00,0,,2,1d 8h,Other,NA,,NA,,1.28234,BREAK,2018.04.03 17:00,0,,0,,0,,0,NA,NewYork,BOUNCE,2018.04.04 12:00,NA,,S-ZO-BR,S-ZE-BO,S-ZF-BR,B-ZB-BR,B-ZD-BR,S-ZB-BR,S-ZO-BR,B-ZB-BR,S-ZB-UN,B-ZD-BR,S-ZE-BR,S-ZF-BR,S-ZD-BR,S-ZE-BR,S-ZO-BR,S-ZB-UN,S-ZO-UN,S-ZD-UN,B-ZF-BR,B-ZF-BR
96,2018.03.31 00:00,USDCAD,60,86400,SELL,ZE,1,1.29389,1.28606,783.0,1.28998,1.28600,398.0,50.830,49.94,392.0,184.8,1.28998,1.28606,1.28208,BREAK,2018.04.03 18:00,0,,0,,0,,0,NA,NewYork,BOUNCE,2018.04.04 12:00,NA,,1.29781,BREAK,2018.05.08 12:00,0,,0,,0,,0,NA,London,BOUNCE,2018.05.29 04:00,NA,,1.28214,BREAK,2018.04.03 18:00,0,,0,,0,,0,NA,NewYork,BOUNCE,2018.04.04 12:00,NA,,1.29390,BOUNCE,2018.04.02 22:00,1,2018.04.03 18:00,1,2018.04.03 18:00,0,,2,20h,Other,NA,,NA,,B-ZD-BR,S-ZO-BR,S-ZE-BO,S-ZF-BR,B-ZB-BR,B-ZD-BR,S-ZB-BR,S-ZO-BR,B-ZB-BR,S-ZB-UN,S-ZF-BR,S-ZD-BR,S-ZE-BR,S-ZO-BR,S-ZB-UN,S-ZO-UN,S-ZD-UN,B-ZF-BR,B-ZF-BR,B-ZD-BR
97,2018.04.04 00:00,USDCAD,60,86400,SELL,ZF,1,1.29434,1.28624,810.0,1.29234,1.27810,1424.0,175.802,24.69,610.0,191.2,1.29234,1.28624,1.27200,BREAK,2018.04.09 18:00,0,,0,,0,,0,NA,NewYork,BREAK,2018.04.10 17:00,BREAK,2018.04.11 18:00,1.30044,UNTOUCHED,,0,,0,,0,,0,NA,Other,NA,,NA,,1.28014,BREAK,2018.04.04 02:00,0,,0,,0,,0,NA,Asia,BOUNCE,2018.04.09 13:00,NA,,1.29844,BOUNCE,2018.05.08 12:00,1,2018.05.10 11:00,1,2018.05.10 11:00,0,,2,1d 23h,London,NA,,NA,,S-ZE-BR,B-ZD-BR,S-ZO-BR,S-ZE-BO,S-ZF-BR,B-ZB-BR,B-ZD-BR,S-ZB-BR,S-ZO-BR,B-ZB-BR,S-ZD-BR,S-ZE-BR,S-ZO-BR,S-ZB-UN,S-ZO-UN,S-ZD-UN,B-ZF-BR,B-ZF-BR,B-ZD-BR,B-ZE-BO
98,2018.04.05 00:00,USDCAD,60,86400,SELL,ZD,1,1.29234,1.27810,1424.0,1.28474,1.27573,901.0,63.272,53.37,664.0,336.1,1.28474,1.27810,1.26909,BREAK,2018.04.09 20:00,0,,0,,0,,0,NA,NewYork,BREAK,2018.04.10 21:00,BOUNCE,2018.04.18 18:00,1.29898,BOUNCE,2018.05.08 19:00,1,2018.05.09 18:00,0,,0,,1,23h,NewYork,NA,,NA,,1.27146,BREAK,2018.04.09 18:00,0,,0,,0,,0,NA,NewYork,BREAK,2018.04.10 18:00,BREAK,2018.04.11 18:00,1.29138,BOUNCE,2018.05.04 17:00,0,,0,,0,,0,NA,NewYork,NA,,NA,,S-ZF-BR,S-ZE-BR,B-ZD-BR,S-ZO-BR,S-ZE-BO,S-ZF-BR,B-ZB-BR,B-ZD-BR,S-ZB-BR,S-ZO-BR,S-ZE-BR,S-ZO-BR,S-ZB-UN,S-ZO-UN,S-ZD-UN,B-ZF-BR,B-ZF-BR,B-ZD-BR,B-ZE-BO,B-ZG-BR
99,2018.04.06 00:00,USDCAD,60,86400,SELL,ZE,1,1.28474,1.27573,901.0,1.28063,1.27453,610.0,67.703,45.62,490.0,212.6,1.28063,1.27573,1.26963,BREAK,2018.04.09 20:00,0,,0,,0,,0,NA,NewYork,BREAK,2018.04.10 18:00,BREAK,2018.04.11 18:00,1.28964,BOUNCE,2018.04.25 15:00,1,2018.05.10 11:00,0,,0,,1,2w 0d,NewYork,NA,,NA,,1.27083,BREAK,2018.04.09 19:00,0,,0,,0,,0,NA,NewYork,BREAK,2018.04.10 17:00,BREAK,2018.04.10 21:00,1.28553,BREAK,2018.04.23 22:00,0,,0,,0,,0,NA,Other,BOUNCE,2018.05.01 20:00,NA,,S-ZD-BR,S-ZF-BR,S-ZE-BR,B-ZD-BR,S-ZO-BR,S-ZE-BO,S-ZF-BR,B-ZB-BR,B-ZD-BR,S-ZB-BR,S-ZO-BR,S-ZB-UN,S-ZO-UN,S-ZD-UN,B-ZF-BR,B-ZF-BR,B-ZD-BR,B-ZE-BO,B-ZG-BR,B-ZO-BR
100,2018.04.07 00:00,USDCAD,60,86400,SELL,ZO,0,1.28063,1.27453,610.0,1.27954,1.27330,624.0,102.295,17.87,501.0,144.0,1.27954,1.27453,1.26829,BREAK,2018.04.10 06:00,0,,0,,0,,0,NA,Asia,BREAK,2018.04.10 18:00,BREAK,2018.04.11 18:00,1.28564,BREAK,2018.04.23 22:00,0,,0,,0,,0,NA,Other,BOUNCE,2018.05.01 20:00,NA,,1.26952,BREAK,2018.04.09 20:00,0,,0,,0,,0,NA,NewYork,BREAK,2018.04.10 18:00,BREAK,2018.04.11 18:00,1.28455,BREAK,2018.04.23 19:00,0,,0,,0,,0,NA,NewYork,BOUNCE,2018.04.25 22:00,NA,,S-ZE-BR,S-ZD-BR,S-ZF-BR,S-ZE-BR,B-ZD-BR,S-ZO-BR,S-ZE-BO,S-ZF-BR,B-ZB-BR,B-ZD-BR,S-ZB-UN,S-ZO-UN,S-ZD-UN,B-ZF-BR,B-ZF-BR,B-ZD-BR,B-ZE-BO,B-ZG-BR,B-ZO-BR,B-ZG-BR
101,2018.04.12 00:00,USDCAD,60,86400,SELL,ZB,1,1.27107,1.25881,1226.0,1.26233,1.25442,791.0,64.519,71.29,352.0,289.3,1.26233,1.25881,1.25090,UNTOUCHED,,0,,0,,0,,0,NA,Other,NA,,NA,,1.27459,BREAK,2018.04.20 18:00,0,,0,,0,,0,NA,NewYork,BREAK,2018.04.23 16:00,BREAK,2018.04.23 19:00,1.25529,BOUNCE,2018.04.13 14:00,1,2018.04.18 20:00,1,2018.04.20 18:00,0,,2,1w 0d,NewYork,NA,,NA,,1.26585,BOUNCE,2018.04.18 20:00,0,,0,,0,,0,NA,NewYork,NA,,NA,,S-ZO-BR,S-ZE-BR,S-ZD-BR,S-ZF-BR,S-ZE-BR,B-ZD-BR,S-ZO-BR,S-ZE-BO,S-ZF-BR,B-ZB-BR,S-ZO-UN,S-ZD-UN,B-ZF-BR,B-ZF-BR,B-ZD-BR,B-ZE-BO,B-ZG-BR,B-ZO-BR,B-ZG-BR,S-ZO-BO
102,2018.04.14 00:00,USDCAD,60,86400,SELL,ZO,0,1.26222,1.25615,607.0,1.26171,1.25520,651.0,107.249,8.40,556.0,143.3,1.26171,1.25615,1.24964,UNTOUCHED,,0,,0,,0,,0,NA,Other,NA,,NA,,1.26778,BREAK,2018.04.20 11:00,0,,0,,0,,0,NA,London,BREAK,2018.04.20 20:00,BREAK,2018.04.23 13:00,1.25059,UNTOUCHED,,0,,0,,0,,0,NA,Other,NA,,NA,,1.26727,BREAK,2018.04.19 22:00,0,,0,,0,,0,NA,Other,BREAK,2018.04.20 18:00,BREAK,2018.04.23 13:00,S-ZB-UN,S-ZO-BR,S-ZE-BR,S-ZD-BR,S-ZF-BR,S-ZE-BR,B-ZD-BR,S-ZO-BR,S-ZE-BO,S-ZF-BR,S-ZD-UN,B-ZF-BR,B-ZF-BR,B-ZD-BR,B-ZE-BO,B-ZG-BR,B-ZO-BR,B-ZG-BR,S-ZO-BO,B-ZO-BR
103,2018.04.18 00:00,USDCAD,60,86400,SELL,ZD,1,1.26231,1.25651,580.0,1.25793,1.25271,522.0,90.000,75.52,142.0,136.9,1.25793,1.25651,1.25129,UNTOUCHED,,0,,0,,0,,0,NA,Other,NA,,NA,,1.26373,BREAK,2018.04.18 19:00,0,,0,,0,,0,NA,NewYork,BOUNCE,2018.04.18 20:00,NA,,1.25509,BOUNCE,2018.04.18 00:00,1,2018.04.18 11:00,1,2018.04.18 19:00,0,,2,19h,Asia,NA,,NA,,1.25935,BOUNCE,2018.04.18 11:00,1,2018.04.18 17:00,1,2018.04.18 17:00,0,,2,6h,London,NA,,NA,,S-ZO-UN,S-ZB-UN,S-ZO-BR,S-ZE-BR,S-ZD-BR,S-ZF-BR,S-ZE-BR,B-ZD-BR,S-ZO-BR,S-ZE-BO,B-ZF-BR,B-ZF-BR,B-ZD-BR,B-ZE-BO,B-ZG-BR,B-ZO-BR,B-ZG-BR,S-ZO-BO,B-ZO-BR,B-ZG-BO
104,2018.04.19 00:00,USDCAD,60,86400,BUY,ZF,1,1.25793,1.25271,522.0,1.26592,1.25460,1132.0,216.858,36.21,333.0,123.2,1.25793,1.25460,1.26925,BREAK,2018.04.20 16:00,0,,0,,0,,0,NA,NewYork,BREAK,2018.04.20 18:00,BREAK,2018.04.23 11:00,1.24938,UNTOUCHED,,0,,0,,0,,0,NA,Other,NA,,NA,,1.26126,BREAK,2018.04.19 00:00,0,,0,,0,,0,NA,Asia,BREAK,2018.04.19 21:00,BREAK,2018.04.20 16:00,1.25127,UNTOUCHED,,0,,0,,0,,0,NA,Other,NA,,NA,,S-ZD-UN,S-ZO-UN,S-ZB-UN,S-ZO-BR,S-ZE-BR,S-ZD-BR,S-ZF-BR,S-ZE-BR,B-ZD-BR,S-ZO-BR,B-ZF-BR,B-ZD-BR,B-ZE-BO,B-ZG-BR,B-ZO-BR,B-ZG-BR,S-ZO-BO,B-ZO-BR,B-ZG-BO,S-ZF-UN
105,2018.04.20 00:00,USDCAD,60,86400,BUY,ZF,0,1.26592,1.25460,1132.0,1.26759,1.25853,906.0,80.035,34.72,739.0,267.2,1.26592,1.25853,1.27498,BREAK,2018.04.20 22:00,0,,0,,0,,0,NA,Other,BREAK,2018.04.23 22:00,BOUNCE,2018.04.30 18:00,1.24721,UNTOUCHED,,0,,0,,0,,0,NA,Other,NA,,NA,,1.27331,BREAK,2018.04.20 18:00,0,,0,,0,,0,NA,NewYork,BREAK,2018.04.23 18:00,BOUNCE,2018.04.30 20:00,1.25114,UNTOUCHED,,0,,0,,0,,0,NA,Other,NA,,NA,,B-ZF-BR,S-ZD-UN,S-ZO-UN,S-ZB-UN,S-ZO-BR,S-ZE-BR,S-ZD-BR,S-ZF-BR,S-ZE-BR,B-ZD-BR,B-ZD-BR,B-ZE-BO,B-ZG-BR,B-ZO-BR,B-ZG-BR,S-ZO-BO,B-ZO-BR,B-ZG-BO,S-ZF-UN,S-ZB-UN
106,2018.04.21 00:00,USDCAD,60,86400,BUY,ZD,1,1.26759,1.25853,906.0,1.27555,1.26294,1261.0,139.183,48.68,465.0,213.8,1.26759,1.26294,1.28020,BREAK,2018.04.23 13:00,0,,0,,0,,0,NA,NewYork,BREAK,2018.04.25 14:00,BOUNCE,2018.04.25 22:00,1.25388,UNTOUCHED,,0,,0,,0,,0,NA,Other,NA,,NA,,1.27224,BREAK,2018.04.21 00:00,0,,0,,0,,0,NA,Asia,BREAK,2018.04.23 13:00,BREAK,2018.04.23 18:00,1.25829,UNTOUCHED,,0,,0,,0,,0,NA,Other,NA,,NA,,B-ZF-BR,B-ZF-BR,S-ZD-UN,S-ZO-UN,S-ZB-UN,S-ZO-BR,S-ZE-BR,S-ZD-BR,S-ZF-BR,S-ZE-BR,B-ZE-BO,B-ZG-BR,B-ZO-BR,B-ZG-BR,S-ZO-BO,B-ZO-BR,B-ZG-BO,S-ZF-UN,S-ZB-UN,S-ZE-UN
107,2018.04.25 00:00,USDCAD,60,86400,BUY,ZE,1,1.28575,1.27421,1154.0,1.28609,1.28123,486.0,42.114,60.83,452.0,272.3,1.28575,1.28123,1.29061,BOUNCE,2018.05.01 18:00,1,2018.05.02 11:00,1,2018.05.10 16:00,0,,2,1w 1d,NewYork,NA,,NA,,1.26969,UNTOUCHED,,0,,0,,0,,0,NA,Other,NA,,NA,,1.29027,BOUNCE,2018.05.01 18:00,1,2018.05.10 16:00,0,,0,,1,1w 1d,NewYork,NA,,NA,,1.27671,BOUNCE,2018.05.10 16:00,1,2018.05.15 17:00,1,2018.05.15 17:00,0,,2,5d 1h,NewYork,NA,,NA,,B-ZD-BR,B-ZF-BR,B-ZF-BR,S-ZD-UN,S-ZO-UN,S-ZB-UN,S-ZO-BR,S-ZE-BR,S-ZD-BR,S-ZF-BR,B-ZG-BR,B-ZO-BR,B-ZG-BR,S-ZO-BO,B-ZO-BR,B-ZG-BO,S-ZF-UN,S-ZB-UN,S-ZE-UN,B-ZD-BR
108,2018.04.26 00:00,USDCAD,60,86400,BUY,ZG,1,1.28609,1.28123,486.0,1.28972,1.28205,767.0,157.819,16.87,404.0,114.7,1.28609,1.28205,1.29376,BREAK,2018.05.08 11:00,0,,0,,0,,0,NA,London,BREAK,2018.05.08 19:00,BOUNCE,2018.05.29 04:00,1.27719,BREAK,2018.05.10 15:00,0,,0,,0,,0,NA,NewYork,BOUNCE,2018.05.11 16:00,NA,,1.29013,BREAK,2018.05.01 18:00,0,,0,,0,,0,NA,NewYork,BOUNCE,2018.05.08 11:00,NA,,1.27801,BOUNCE,2018.05.10 11:00,1,2018.05.15 17:00,1,2018.05.15 17:00,0,,2,5d 6h,London,NA,,NA,,B-ZE-BO,B-ZD-BR,B-ZF-BR,B-ZF-BR,S-ZD-UN,S-ZO-UN,S-ZB-UN,S-ZO-BR,S-ZE-BR,S-ZD-BR,B-ZO-BR,B-ZG-BR,S-ZO-BO,B-ZO-BR,B-ZG-BO,S-ZF-UN,S-ZB-UN,S-ZE-UN,B-ZD-BR,S-ZG-UN
109,2018.04.28 00:00,USDCAD,60,86400,BUY,ZO,0,1.28842,1.28211,631.0,1.29004,1.28259,745.0,118.067,7.61,583.0,148.9,1.28842,1.28259,1.29587,BREAK,2018.05.08 12:00,0,,0,,0,,0,NA,London,BREAK,2018.05.29 14:00,BREAK,2018.06.14 21:00,1.27628,BREAK,2018.05.10 16:00,0,,0,,0,,0,NA,NewYork,UNTOUCHED,,NA,,1.29425,BREAK,2018.05.08 11:00,0,,0,,0,,0,NA,London,BREAK,2018.05.28 18:00,BOUNCE,2018.06.05 19:00,1.27676,BREAK,2018.05.10 16:00,0,,0,,0,,0,NA,NewYork,UNTOUCHED,,NA,,B-ZG-BR,B-ZE-BO,B-ZD-BR,B-ZF-BR,B-ZF-BR,S-ZD-UN,S-ZO-UN,S-ZB-UN,S-ZO-BR,S-ZE-BR,B-ZG-BR,S-ZO-BO,B-ZO-BR,B-ZG-BO,S-ZF-UN,S-ZB-UN,S-ZE-UN,B-ZD-BR,S-ZG-UN,S-ZE-UN
110,2018.05.02 00:00,USDCAD,60,86400,BUY,ZG,0,1.28744,1.28051,693.0,1.29135,1.28203,932.0,134.488,21.93,541.0,163.5,1.28744,1.28203,1.29676,BREAK,2018.05.08 12:00,0,,0,,0,,0,NA,London,BREAK,2018.05.29 14:00,BREAK,2018.06.14 21:00,1.27510,BOUNCE,2018.05.10 16:00,1,2018.05.15 16:00,1,2018.05.25 15:00,1,2018.05.25 16:00,3,2w 1d,NewYork,NA,,NA,,1.29285,BREAK,2018.05.08 11:00,0,,0,,0,,0,NA,London,BOUNCE,2018.05.09 13:00,NA,,1.27662,BREAK,2018.05.10 16:00,0,,0,,0,,0,NA,NewYork,UNTOUCHED,,NA,,B-ZO-BR,B-ZG-BR,B-ZE-BO,B-ZD-BR,B-ZF-BR,B-ZF-BR,S-ZD-UN,S-ZO-UN,S-ZB-UN,S-ZO-BR,S-ZO-BO,B-ZO-BR,B-ZG-BO,S-ZF-UN,S-ZB-UN,S-ZE-UN,B-ZD-BR,S-ZG-UN,S-ZE-UN,B-ZD-BR
111,2018.05.03 00:00,USDCAD,60,86400,SELL,ZO,0,1.29135,1.28203,932.0,1.28832,1.28028,804.0,86.266,32.51,629.0,220.0,1.28832,1.28203,1.27399,BOUNCE,2018.05.11 14:00,1,2018.05.15 16:00,1,2018.05.25 15:00,1,2018.05.25 17:00,3,2w 0d,NewYork,NA,,NA,,1.29764,BOUNCE,2018.05.08 12:00,1,2018.05.09 18:00,1,2018.05.10 16:00,1,2018.05.11 14:00,3,3d 2h,London,NA,,NA,,1.27574,BREAK,2018.05.10 16:00,0,,0,,0,,0,NA,NewYork,UNTOUCHED,,NA,,1.29461,BREAK,2018.05.08 11:00,0,,0,,0,,0,NA,London,BREAK,2018.05.29 14:00,BREAK,2018.06.14 21:00,B-ZG-BR,B-ZO-BR,B-ZG-BR,B-ZE-BO,B-ZD-BR,B-ZF-BR,B-ZF-BR,S-ZD-UN,S-ZO-UN,S-ZB-UN,B-ZO-BR,B-ZG-BO,S-ZF-UN,S-ZB-UN,S-ZE-UN,B-ZD-BR,S-ZG-UN,S-ZE-UN,B-ZD-BR,S-ZE-UN
112,2018.05.04 00:00,USDCAD,60,86400,BUY,ZO,0,1.28832,1.28028,804.0,1.29085,1.28161,924.0,114.925,16.54,671.0,189.7,1.28832,1.28161,1.29756,BREAK,2018.05.08 12:00,0,,0,,0,,0,NA,London,BOUNCE,2018.05.30 15:00,NA,,1.27357,BOUNCE,2018.05.11 14:00,1,2018.05.15 16:00,1,2018.05.25 15:00,1,2018.05.25 17:00,3,2w 0d,NewYork,NA,,NA,,1.29503,BREAK,2018.05.08 11:00,0,,0,,0,,0,NA,London,BREAK,2018.05.29 14:00,BREAK,2018.06.14 21:00,1.27490,BREAK,2018.05.10 16:00,0,,0,,0,,0,NA,NewYork,UNTOUCHED,,NA,,S-ZO-BO,B-ZG-BR,B-ZO-BR,B-ZG-BR,B-ZE-BO,B-ZD-BR,B-ZF-BR,B-ZF-BR,S-ZD-UN,S-ZO-UN,B-ZG-BO,S-ZF-UN,S-ZB-UN,S-ZE-UN,B-ZD-BR,S-ZG-UN,S-ZE-UN,B-ZD-BR,S-ZE-UN,B-ZG-BR
113,2018.05.05 00:00,USDCAD,60,86400,BUY,ZG,0,1.29085,1.28161,924.0,1.29174,1.28361,813.0,87.987,21.65,724.0,218.1,1.29085,1.28361,1.29898,BOUNCE,2018.05.08 19:00,1,2018.05.09 18:00,1,2018.05.10 16:00,1,2018.05.10 16:00,3,1d 21h,NewYork,NA,,NA,,1.27437,BOUNCE,2018.05.10 16:00,1,2018.05.15 17:00,1,2018.05.25 17:00,1,2018.05.28 05:00,3,2w 3d,NewYork,NA,,NA,,1.29809,BOUNCE,2018.05.08 12:00,1,2018.05.10 16:00,1,2018.05.10 16:00,0,,2,2d 4h,London,NA,,NA,,1.27637,BREAK,2018.05.10 16:00,0,,0,,0,,0,NA,NewYork,UNTOUCHED,,NA,,B-ZO-BR,S-ZO-BO,B-ZG-BR,B-ZO-BR,B-ZG-BR,B-ZE-BO,B-ZD-BR,B-ZF-BR,B-ZF-BR,S-ZD-UN,S-ZF-UN,S-ZB-UN,S-ZE-UN,B-ZD-BR,S-ZG-UN,S-ZE-UN,B-ZD-BR,S-ZE-UN,B-ZG-BR,B-ZB-BO
114,2018.05.10 00:00,USDCAD,60,86400,SELL,ZF,0,1.29972,1.28761,1211.0,1.29745,1.28251,1494.0,123.369,18.74,984.0,285.8,1.29745,1.28761,1.27267,UNTOUCHED,,0,,0,,0,,0,NA,Other,NA,,NA,,1.30956,BREAK,2018.06.14 21:00,0,,0,,0,,0,NA,Other,BREAK,2018.06.18 19:00,BREAK,2018.06.20 23:00,1.27777,BREAK,2018.05.10 11:00,0,,0,,0,,0,NA,London,UNTOUCHED,,NA,,1.30729,BREAK,2018.06.14 19:00,0,,0,,0,,0,NA,NewYork,BREAK,2018.06.15 19:00,BREAK,2018.06.20 11:00,B-ZG-BO,B-ZO-BR,S-ZO-BO,B-ZG-BR,B-ZO-BR,B-ZG-BR,B-ZE-BO,B-ZD-BR,B-ZF-BR,B-ZF-BR,S-ZB-UN,S-ZE-UN,B-ZD-BR,S-ZG-UN,S-ZE-UN,B-ZD-BR,S-ZE-UN,B-ZG-BR,B-ZB-BO,B-ZG-BR
115,2018.05.11 00:00,USDCAD,60,86400,SELL,ZB,1,1.29745,1.28251,1494.0,1.28611,1.27424,1187.0,79.451,75.90,360.0,352.6,1.28611,1.28251,1.27064,UNTOUCHED,,0,,0,,0,,0,NA,Other,NA,,NA,,1.30105,BOUNCE,2018.05.28 18:00,1,2018.05.30 18:00,0,,0,,1,2d 0h,NewYork,NA,,NA,,1.27891,BREAK,2018.05.11 00:00,0,,0,,0,,0,NA,Asia,BOUNCE,2018.05.11 18:00,NA,,1.28971,BOUNCE,2018.05.15 17:00,1,2018.05.16 18:00,1,2018.05.16 18:00,0,,2,1d 1h,NewYork,NA,,NA,,S-ZF-UN,B-ZG-BO,B-ZO-BR,S-ZO-BO,B-ZG-BR,B-ZO-BR,B-ZG-BR,B-ZE-BO,B-ZD-BR,B-ZF-BR,S-ZE-UN,B-ZD-BR,S-ZG-UN,S-ZE-UN,B-ZD-BR,S-ZE-UN,B-ZG-BR,B-ZB-BO,B-ZG-BR,S-ZF-UN
116,2018.05.12 00:00,USDCAD,60,86400,SELL,ZE,1,1.28611,1.27424,1187.0,1.27991,1.27291,700.0,58.972,52.23,567.0,280.1,1.27991,1.27424,1.26724,UNTOUCHED,,0,,0,,0,,0,NA,Other,NA,,NA,,1.29178,BOUNCE,2018.05.15 17:00,1,2018.05.16 17:00,0,,0,,1,1d 0h,NewYork,NA,,NA,,1.26857,UNTOUCHED,,0,,0,,0,,0,NA,Other,NA,,NA,,1.28558,BREAK,2018.05.15 16:00,0,,0,,0,,0,NA,NewYork,BOUNCE,2018.05.15 20:00,NA,,S-ZB-UN,S-ZF-UN,B-ZG-BO,B-ZO-BR,S-ZO-BO,B-ZG-BR,B-ZO-BR,B-ZG-BR,B-ZE-BO,B-ZD-BR,B-ZD-BR,S-ZG-UN,S-ZE-UN,B-ZD-BR,S-ZE-UN,B-ZG-BR,B-ZB-BO,B-ZG-BR,S-ZF-UN,S-ZO-UN
117,2018.05.16 00:00,USDCAD,60,86400,BUY,ZD,1,1.28055,1.27502,553.0,1.29243,1.27920,1323.0,239.241,75.59,135.0,130.5,1.28055,1.27920,1.29378,BREAK,2018.05.25 15:00,0,,0,,0,,0,NA,NewYork,BREAK,2018.05.25 16:00,BREAK,2018.05.25 17:00,1.27367,UNTOUCHED,,0,,0,,0,,0,NA,Other,NA,,NA,,1.28190,BREAK,2018.05.16 00:00,0,,0,,0,,0,NA,Asia,BREAK,2018.05.16 01:00,BREAK,2018.05.16 02:00,1.27785,BOUNCE,2018.05.16 18:00,1,2018.05.16 19:00,1,2018.05.16 19:00,0,,2,1h,NewYork,NA,,NA,,S-ZE-UN,S-ZB-UN,S-ZF-UN,B-ZG-BO,B-ZO-BR,S-ZO-BO,B-ZG-BR,B-ZO-BR,B-ZG-BR,B-ZE-BO,S-ZG-UN,S-ZE-UN,B-ZD-BR,S-ZE-UN,B-ZG-BR,B-ZB-BO,B-ZG-BR,S-ZF-UN,S-ZO-UN,B-ZC-BO
118,2018.05.17 00:00,USDCAD,60,86400,SELL,ZG,0,1.29243,1.27920,1323.0,1.28768,1.27777,991.0,74.906,35.90,848.0,312.2,1.28768,1.27920,1.26929,UNTOUCHED,,0,,0,,0,,0,NA,Other,NA,,NA,,1.30091,BREAK,2018.05.28 18:00,0,,0,,0,,0,NA,NewYork,BREAK,2018.06.15 04:00,BREAK,2018.06.18 18:00,1.27072,UNTOUCHED,,0,,0,,0,,0,NA,Other,NA,,NA,,1.29616,BREAK,2018.05.25 16:00,0,,0,,0,,0,NA,NewYork,BOUNCE,2018.05.30 16:00,NA,,B-ZD-BR,S-ZE-UN,S-ZB-UN,S-ZF-UN,B-ZG-BO,B-ZO-BR,S-ZO-BO,B-ZG-BR,B-ZO-BR,B-ZG-BR,S-ZE-UN,B-ZD-BR,S-ZE-UN,B-ZG-BR,B-ZB-BO,B-ZG-BR,S-ZF-UN,S-ZO-UN,B-ZC-BO,S-ZH-BR
119,2018.05.18 00:00,USDCAD,60,86400,SELL,ZE,1,1.28768,1.27777,991.0,1.28222,1.27494,728.0,73.461,55.10,445.0,233.9,1.28222,1.27777,1.27049,UNTOUCHED,,0,,0,,0,,0,NA,Other,NA,,NA,,1.29213,BREAK,2018.05.25 11:00,0,,0,,0,,0,NA,London,BREAK,2018.05.28 05:00,BREAK,2018.05.29 14:00,1.27332,UNTOUCHED,,0,,0,,0,,0,NA,Other,NA,,NA,,1.28667,BREAK,2018.05.18 16:00,0,,0,,0,,0,NA,NewYork,BOUNCE,2018.05.23 17:00,NA,,S-ZG-UN,B-ZD-BR,S-ZE-UN,S-ZB-UN,S-ZF-UN,B-ZG-BO,B-ZO-BR,S-ZO-BO,B-ZG-BR,B-ZO-BR,B-ZD-BR,S-ZE-UN,B-ZG-BR,B-ZB-BO,B-ZG-BR,S-ZF-UN,S-ZO-UN,B-ZC-BO,S-ZH-BR,B-ZF-BR
120,2018.05.19 00:00,USDCAD,60,86400,BUY,ZD,1,1.28222,1.27494,728.0,1.29108,1.27910,1198.0,164.560,57.14,312.0,171.8,1.28222,1.27910,1.29420,BREAK,2018.05.25 15:00,0,,0,,0,,0,NA,NewYork,BREAK,2018.05.28 05:00,BREAK,2018.05.28 20:00,1.27182,UNTOUCHED,,0,,0,,0,,0,NA,Other,NA,,NA,,1.28534,BREAK,2018.05.19 00:00,0,,0,,0,,0,NA,Asia,BOUNCE,2018.05.21 17:00,NA,,1.27598,BREAK,2018.05.22 11:00,0,,0,,0,,0,NA,London,UNTOUCHED,,NA,,S-ZE-UN,S-ZG-UN,B-ZD-BR,S-ZE-UN,S-ZB-UN,S-ZF-UN,B-ZG-BO,B-ZO-BR,S-ZO-BO,B-ZG-BR,S-ZE-UN,B-ZG-BR,B-ZB-BO,B-ZG-BR,S-ZF-UN,S-ZO-UN,B-ZC-BO,S-ZH-BR,B-ZF-BR,S-ZC-UN
121,2018.05.23 00:00,USDCAD,60,86400,SELL,ZE,1,1.28905,1.27964,941.0,1.28223,1.27423,800.0,85.016,72.48,259.0,222.1,1.28223,1.27964,1.27164,UNTOUCHED,,0,,0,,0,,0,NA,Other,NA,,NA,,1.29164,BOUNCE,2018.05.24 17:00,1,2018.05.30 18:00,0,,0,,1,6d 1h,NewYork,NA,,NA,,1.27705,UNTOUCHED,,0,,0,,0,,0,NA,Other,NA,,NA,,1.28482,BOUNCE,2018.05.23 05:00,0,,0,,0,,0,NA,Asia,NA,,NA,,B-ZD-BR,S-ZE-UN,S-ZG-UN,B-ZD-BR,S-ZE-UN,S-ZB-UN,S-ZF-UN,B-ZG-BO,B-ZO-BR,S-ZO-BO,B-ZG-BR,B-ZB-BO,B-ZG-BR,S-ZF-UN,S-ZO-UN,B-ZC-BO,S-ZH-BR,B-ZF-BR,S-ZC-UN,B-ZB-BO
122,2018.05.25 00:00,USDCAD,60,86400,BUY,ZG,0,1.29152,1.28119,1033.0,1.29204,1.28247,957.0,92.643,12.39,905.0,243.8,1.29152,1.28247,1.30109,BREAK,2018.05.28 18:00,0,,0,,0,,0,NA,NewYork,BREAK,2018.06.15 04:00,BREAK,2018.06.18 19:00,1.27214,UNTOUCHED,,0,,0,,0,,0,NA,Other,NA,,NA,,1.30057,BREAK,2018.05.28 18:00,0,,0,,0,,0,NA,NewYork,BREAK,2018.06.15 04:00,BREAK,2018.06.18 19:00,1.27342,UNTOUCHED,,0,,0,,0,,0,NA,Other,NA,,NA,,S-ZE-UN,B-ZD-BR,S-ZE-UN,S-ZG-UN,B-ZD-BR,S-ZE-UN,S-ZB-UN,S-ZF-UN,B-ZG-BO,B-ZO-BR,B-ZB-BO,B-ZG-BR,S-ZF-UN,S-ZO-UN,B-ZC-BO,S-ZH-BR,B-ZF-BR,S-ZC-UN,B-ZB-BO,B-ZG-BO
123,2018.05.26 00:00,USDCAD,60,86400,BUY,ZB,1,1.29204,1.28247,957.0,1.29884,1.28699,1185.0,123.824,47.23,505.0,225.9,1.29204,1.28699,1.30389,BOUNCE,2018.05.29 14:00,1,2018.05.30 18:00,1,2018.05.31 14:00,0,,2,2d 0h,NewYork,NA,,NA,,1.27742,UNTOUCHED,,0,,0,,0,,0,NA,Other,NA,,NA,,1.29709,BREAK,2018.05.26 00:00,0,,0,,0,,0,NA,Asia,BOUNCE,2018.05.29 04:00,NA,,1.28194,BOUNCE,2018.05.31 14:00,1,2018.05.31 17:00,1,2018.05.31 17:00,0,,2,3h,NewYork,NA,,NA,,B-ZG-BR,S-ZE-UN,B-ZD-BR,S-ZE-UN,S-ZG-UN,B-ZD-BR,S-ZE-UN,S-ZB-UN,S-ZF-UN,B-ZG-BO,B-ZG-BR,S-ZF-UN,S-ZO-UN,B-ZC-BO,S-ZH-BR,B-ZF-BR,S-ZC-UN,B-ZB-BO,B-ZG-BO,B-ZB-BR
124,2018.05.30 00:00,USDCAD,60,86400,BUY,ZG,0,1.30217,1.29583,634.0,1.30467,1.29679,788.0,124.290,15.14,538.0,149.6,1.30217,1.29679,1.31005,BREAK,2018.06.14 21:00,0,,0,,0,,0,NA,Other,BREAK,2018.06.15 16:00,BREAK,2018.06.18 19:00,1.29045,BREAK,2018.05.30 18:00,0,,0,,0,,0,NA,NewYork,BREAK,2018.05.30 20:00,UNTOUCHED,,1.30755,BREAK,2018.06.14 19:00,0,,0,,0,,0,NA,NewYork,BREAK,2018.06.15 10:00,BREAK,2018.06.15 18:00,1.29141,BREAK,2018.05.30 18:00,0,,0,,0,,0,NA,NewYork,BREAK,2018.05.30 19:00,UNTOUCHED,,B-ZB-BO,B-ZG-BR,S-ZE-UN,B-ZD-BR,S-ZE-UN,S-ZG-UN,B-ZD-BR,S-ZE-UN,S-ZB-UN,S-ZF-UN,S-ZF-UN,S-ZO-UN,B-ZC-BO,S-ZH-BR,B-ZF-BR,S-ZC-UN,B-ZB-BO,B-ZG-BO,B-ZB-BR,B-ZO-BO
125,2018.05.31 00:00,USDCAD,60,86400,SELL,ZF,1,1.30467,1.29679,788.0,1.30402,1.28357,2045.0,259.518,8.25,723.0,186.0,1.30402,1.29679,1.27634,UNTOUCHED,,0,,0,,0,,0,NA,Other,NA,,NA,,1.31190,BREAK,2018.06.15 04:00,0,,0,,0,,0,NA,Asia,BREAK,2018.06.18 18:00,BREAK,2018.06.19 15:00,1.28956,BREAK,2018.05.31 00:00,0,,0,,0,,0,NA,Asia,BOUNCE,2018.05.31 16:00,NA,,1.31125,BREAK,2018.06.15 03:00,0,,0,,0,,0,NA,Asia,BREAK,2018.06.16 00:00,BREAK,2018.06.19 14:00,B-ZG-BR,B-ZB-BO,B-ZG-BR,S-ZE-UN,B-ZD-BR,S-ZE-UN,S-ZG-UN,B-ZD-BR,S-ZE-UN,S-ZB-UN,S-ZO-UN,B-ZC-BO,S-ZH-BR,B-ZF-BR,S-ZC-UN,B-ZB-BO,B-ZG-BO,B-ZB-BR,B-ZO-BO,B-ZF-BR
126,2018.06.01 00:00,USDCAD,60,86400,SELL,ZO,0,1.30402,1.28357,2045.0,1.29905,1.28181,1724.0,84.303,24.30,1548.0,482.6,1.29905,1.28357,1.26633,UNTOUCHED,,0,,0,,0,,0,NA,Other,NA,,NA,,1.31950,BREAK,2018.06.15 18:00,0,,0,,0,,0,NA,NewYork,BOUNCE,2018.06.29 17:00,NA,,1.26809,UNTOUCHED,,0,,0,,0,,0,NA,Other,NA,,NA,,1.31453,BREAK,2018.06.15 10:00,0,,0,,0,,0,NA,London,BREAK,2018.06.22 16:00,UNTOUCHED,,S-ZF-UN,B-ZG-BR,B-ZB-BO,B-ZG-BR,S-ZE-UN,B-ZD-BR,S-ZE-UN,S-ZG-UN,B-ZD-BR,S-ZE-UN,B-ZC-BO,S-ZH-BR,B-ZF-BR,S-ZC-UN,B-ZB-BO,B-ZG-BO,B-ZB-BR,B-ZO-BO,B-ZF-BR,B-ZG-BO
127,2018.06.02 00:00,USDCAD,60,86400,BUY,ZC,1,1.29905,1.28181,1724.0,1.30072,1.29312,760.0,44.084,65.60,593.0,406.9,1.29905,1.29312,1.30665,BOUNCE,2018.06.05 18:00,1,2018.06.06 03:00,1,2018.06.06 16:00,0,,2,22h,NewYork,NA,,NA,,1.27588,UNTOUCHED,,0,,0,,0,,0,NA,Other,NA,,NA,,1.30498,BOUNCE,2018.06.05 18:00,1,2018.06.06 16:00,0,,0,,1,22h,NewYork,NA,,NA,,1.28719,BOUNCE,2018.06.06 16:00,1,2018.06.13 22:00,1,2018.06.13 22:00,0,,2,1w 0d,NewYork,NA,,NA,,S-ZO-UN,S-ZF-UN,B-ZG-BR,B-ZB-BO,B-ZG-BR,S-ZE-UN,B-ZD-BR,S-ZE-UN,S-ZG-UN,B-ZD-BR,S-ZH-BR,B-ZF-BR,S-ZC-UN,B-ZB-BO,B-ZG-BO,B-ZB-BR,B-ZO-BO,B-ZF-BR,B-ZG-BO,S-ZF-BR
128,2018.06.05 00:00,USDCAD,60,86400,SELL,ZH,1,1.29706,1.29500,206.0,1.29640,1.28996,644.0,312.621,32.04,140.0,48.6,1.29640,1.29500,1.28856,BREAK,2018.06.06 16:00,0,,0,,0,,0,NA,NewYork,BREAK,2018.06.06 17:00,UNTOUCHED,,1.29846,BREAK,2018.06.05 15:00,0,,0,,0,,0,NA,NewYork,BREAK,2018.06.05 17:00,BREAK,2018.06.05 18:00,1.29360,BREAK,2018.06.05 00:00,0,,0,,0,,0,NA,Asia,BOUNCE,2018.06.05 08:00,NA,,1.29780,BOUNCE,2018.06.05 14:00,1,2018.06.06 03:00,1,2018.06.06 03:00,0,,2,13h,NewYork,NA,,NA,,B-ZC-BO,S-ZO-UN,S-ZF-UN,B-ZG-BR,B-ZB-BO,B-ZG-BR,S-ZE-UN,B-ZD-BR,S-ZE-UN,S-ZG-UN,B-ZF-BR,S-ZC-UN,B-ZB-BO,B-ZG-BO,B-ZB-BR,B-ZO-BO,B-ZF-BR,B-ZG-BO,S-ZF-BR,B-ZD-BR
129,2018.06.06 00:00,USDCAD,60,86400,BUY,ZF,1,1.29640,1.28996,644.0,1.30668,1.29140,1528.0,237.267,22.36,500.0,152.0,1.29640,1.29140,1.31168,BREAK,2018.06.15 03:00,0,,0,,0,,0,NA,Asia,BREAK,2018.06.15 18:00,BREAK,2018.06.18 20:00,1.28496,UNTOUCHED,,0,,0,,0,,0,NA,Other,NA,,NA,,1.30140,BREAK,2018.06.08 11:00,0,,0,,0,,0,NA,London,BREAK,2018.06.14 19:00,BREAK,2018.06.15 04:00,1.28640,BOUNCE,2018.06.06 16:00,1,2018.06.08 11:00,1,2018.06.08 11:00,0,,2,1d 19h,NewYork,NA,,NA,,S-ZH-BR,B-ZC-BO,S-ZO-UN,S-ZF-UN,B-ZG-BR,B-ZB-BO,B-ZG-BR,S-ZE-UN,B-ZD-BR,S-ZE-UN,S-ZC-UN,B-ZB-BO,B-ZG-BO,B-ZB-BR,B-ZO-BO,B-ZF-BR,B-ZG-BO,S-ZF-BR,B-ZD-BR,S-ZF-BR
130,2018.06.07 00:00,USDCAD,60,86400,SELL,ZC,1,1.30668,1.29140,1528.0,1.29782,1.28558,1224.0,80.105,57.98,642.0,360.6,1.29782,1.29140,1.27916,UNTOUCHED,,0,,0,,0,,0,NA,Other,NA,,NA,,1.31310,BREAK,2018.06.15 05:00,0,,0,,0,,0,NA,Asia,BREAK,2018.06.18 20:00,BREAK,2018.06.20 11:00,1.28498,UNTOUCHED,,0,,0,,0,,0,NA,Other,NA,,NA,,1.30424,BOUNCE,2018.06.13 12:00,0,,0,,0,,0,NA,London,NA,,NA,,B-ZF-BR,S-ZH-BR,B-ZC-BO,S-ZO-UN,S-ZF-UN,B-ZG-BR,B-ZB-BO,B-ZG-BR,S-ZE-UN,B-ZD-BR,B-ZB-BO,B-ZG-BO,B-ZB-BR,B-ZO-BO,B-ZF-BR,B-ZG-BO,S-ZF-BR,B-ZD-BR,S-ZF-BR,S-ZE-BO
131,2018.06.08 00:00,USDCAD,60,86400,BUY,ZB,1,1.29782,1.28558,1224.0,1.30012,1.29351,661.0,54.003,64.79,431.0,288.9,1.29782,1.29351,1.30443,BOUNCE,2018.06.13 12:00,1,2018.06.13 19:00,0,,0,,1,7h,London,NA,,NA,,1.28127,UNTOUCHED,,0,,0,,0,,0,NA,Other,NA,,NA,,1.30213,BOUNCE,2018.06.08 12:00,0,,0,,0,,0,NA,London,NA,,NA,,1.28920,UNTOUCHED,,0,,0,,0,,0,NA,Other,NA,,NA,,S-ZC-UN,B-ZF-BR,S-ZH-BR,B-ZC-BO,S-ZO-UN,S-ZF-UN,B-ZG-BR,B-ZB-BO,B-ZG-BR,S-ZE-UN,B-ZG-BO,B-ZB-BR,B-ZO-BO,B-ZF-BR,B-ZG-BO,S-ZF-BR,B-ZD-BR,S-ZF-BR,S-ZE-BO,S-ZF-BR
132,2018.06.13 00:00,USDCAD,60,86400,BUY,ZG,0,1.30273,1.29551,722.0,1.30295,1.29761,534.0,73.961,29.09,512.0,170.4,1.30273,1.29761,1.30807,BOUNCE,2018.06.14 19:00,0,,0,,0,,0,NA,NewYork,NA,,NA,,1.29039,UNTOUCHED,,0,,0,,0,,0,NA,Other,NA,,NA,,1.30785,BREAK,2018.06.14 19:00,0,,0,,0,,0,NA,NewYork,BREAK,2018.06.15 11:00,BREAK,2018.06.15 18:00,1.29249,UNTOUCHED,,0,,0,,0,,0,NA,Other,NA,,NA,,B-ZB-BO,S-ZC-UN,B-ZF-BR,S-ZH-BR,B-ZC-BO,S-ZO-UN,S-ZF-UN,B-ZG-BR,B-ZB-BO,B-ZG-BR,B-ZB-BR,B-ZO-BO,B-ZF-BR,B-ZG-BO,S-ZF-BR,B-ZD-BR,S-ZF-BR,S-ZE-BO,S-ZF-BR,B-ZC-BO
133,2018.06.20 00:00,USDCAD,60,86400,BUY,ZB,1,1.32371,1.31590,781.0,1.32911,1.31922,989.0,126.633,42.51,449.0,184.3,1.32371,1.31922,1.33360,BREAK,2018.06.22 16:00,0,,0,,0,,0,NA,NewYork,BOUNCE,2018.06.27 23:00,NA,,1.31141,BOUNCE,2018.07.04 05:00,1,2018.07.11 22:00,1,2018.07.19 20:00,0,,2,2w 1d,Asia,NA,,NA,,1.32820,BREAK,2018.06.20 00:00,0,,0,,0,,0,NA,Asia,BOUNCE,2018.06.22 12:00,NA,,1.31473,BOUNCE,2018.06.29 18:00,1,2018.07.19 20:00,1,2018.07.19 20:00,0,,2,2w 6d,NewYork,NA,,NA,,B-ZG-BO,B-ZB-BO,S-ZC-UN,B-ZF-BR,S-ZH-BR,B-ZC-BO,S-ZO-UN,S-ZF-UN,B-ZG-BR,B-ZB-BO,B-ZO-BO,B-ZF-BR,B-ZG-BO,S-ZF-BR,B-ZD-BR,S-ZF-BR,S-ZE-BO,S-ZF-BR,B-ZC-BO,B-ZE-BO
134,2018.06.22 00:00,USDCAD,60,86400,BUY,ZO,0,1.33212,1.32686,526.0,1.33354,1.32822,532.0,101.141,25.86,390.0,124.1,1.33212,1.32822,1.33744,BOUNCE,2018.06.22 16:00,1,2018.06.22 21:00,1,2018.06.28 19:00,1,2018.06.29 08:00,3,6d 16h,NewYork,NA,,NA,,1.32296,BREAK,2018.06.29 08:00,0,,0,,0,,0,NA,London,BREAK,2018.06.29 18:00,BREAK,2018.06.29 19:00,1.33602,BREAK,2018.06.22 16:00,0,,0,,0,,0,NA,NewYork,UNTOUCHED,,NA,,1.32432,BREAK,2018.06.28 19:00,0,,0,,0,,0,NA,NewYork,BOUNCE,2018.06.29 16:00,NA,,B-ZB-BR,B-ZG-BO,B-ZB-BO,S-ZC-UN,B-ZF-BR,S-ZH-BR,B-ZC-BO,S-ZO-UN,S-ZF-UN,B-ZG-BR,B-ZF-BR,B-ZG-BO,S-ZF-BR,B-ZD-BR,S-ZF-BR,S-ZE-BO,S-ZF-BR,B-ZC-BO,B-ZE-BO,B-ZF-BR
135,2018.06.26 00:00,USDCAD,60,86400,BUY,ZF,1,1.32771,1.32601,170.0,1.33245,1.32651,594.0,349.412,29.41,120.0,40.1,1.32771,1.32651,1.33365,BREAK,2018.06.27 23:00,0,,0,,0,,0,NA,Other,BREAK,2018.06.28 00:00,UNTOUCHED,,1.32481,BOUNCE,2018.06.28 18:00,1,2018.06.28 22:00,1,2018.07.19 20:00,0,,2,3w 0d,NewYork,NA,,NA,,1.32891,BREAK,2018.06.26 00:00,0,,0,,0,,0,NA,Asia,BOUNCE,2018.06.26 01:00,NA,,1.32531,BREAK,2018.06.28 18:00,0,,0,,0,,0,NA,NewYork,BREAK,2018.06.29 06:00,BREAK,2018.06.29 08:00,B-ZO-BO,B-ZB-BR,B-ZG-BO,B-ZB-BO,S-ZC-UN,B-ZF-BR,S-ZH-BR,B-ZC-BO,S-ZO-UN,S-ZF-UN,B-ZG-BO,S-ZF-BR,B-ZD-BR,S-ZF-BR,S-ZE-BO,S-ZF-BR,B-ZC-BO,B-ZE-BO,B-ZF-BR,B-ZE-UN
136,2018.06.27 00:00,USDCAD,60,86400,BUY,ZG,0,1.33245,1.32651,594.0,1.33289,1.32805,484.0,81.481,25.93,440.0,140.2,1.33245,1.32805,1.33729,BOUNCE,2018.06.27 23:00,1,2018.06.28 14:00,1,2018.06.29 06:00,1,2018.06.29 08:00,3,1d 9h,Other,NA,,NA,,1.32211,BREAK,2018.06.29 08:00,0,,0,,0,,0,NA,London,BREAK,2018.06.29 18:00,BOUNCE,2018.07.02 09:00,1.33685,BREAK,2018.06.27 23:00,0,,0,,0,,0,NA,Other,UNTOUCHED,,NA,,1.32365,BREAK,2018.06.29 06:00,0,,0,,0,,0,NA,Asia,BREAK,2018.06.29 18:00,BREAK,2018.06.29 20:00,B-ZF-BR,B-ZO-BO,B-ZB-BR,B-ZG-BO,B-ZB-BO,S-ZC-UN,B-ZF-BR,S-ZH-BR,B-ZC-BO,S-ZO-UN,S-ZF-BR,B-ZD-BR,S-ZF-BR,S-ZE-BO,S-ZF-BR,B-ZC-BO,B-ZE-BO,B-ZF-BR,B-ZE-UN,B-ZO-UN
137,2018.06.29 00:00,USDCAD,60,86400,SELL,ZF,0,1.33860,1.32768,1092.0,1.33664,1.32413,1251.0,114.560,17.95,896.0,257.7,1.33664,1.32768,1.31517,BREAK,2018.06.29 18:00,0,,0,,0,,0,NA,NewYork,BREAK,2018.07.25 22:00,BOUNCE,2018.08.07 21:00,1.34756,UNTOUCHED,,0,,0,,0,,0,NA,Other,NA,,NA,,1.31872,BREAK,2018.06.29 17:00,0,,0,,0,,0,NA,NewYork,BREAK,2018.07.09 10:00,BREAK,2018.07.31 23:00,1.34560,UNTOUCHED,,0,,0,,0,,0,NA,Other,NA,,NA,,B-ZG-BO,B-ZF-BR,B-ZO-BO,B-ZB-BR,B-ZG-BO,B-ZB-BO,S-ZC-UN,B-ZF-BR,S-ZH-BR,B-ZC-BO,B-ZD-BR,S-ZF-BR,S-ZE-BO,S-ZF-BR,B-ZC-BO,B-ZE-BO,B-ZF-BR,B-ZE-UN,B-ZO-UN,S-ZB-BO
138,2018.07.03 00:00,USDCAD,60,86400,BUY,ZD,1,1.31494,1.31298,196.0,1.32249,1.31388,861.0,439.286,45.92,106.0,46.3,1.31494,1.31388,1.32355,BREAK,2018.07.18 10:00,0,,0,,0,,0,NA,London,BREAK,2018.07.18 12:00,BOUNCE,2018.07.18 16:00,1.31192,BREAK,2018.07.04 05:00,0,,0,,0,,0,NA,Asia,BREAK,2018.07.06 16:00,BREAK,2018.07.06 18:00,1.31600,BREAK,2018.07.03 00:00,0,,0,,0,,0,NA,Asia,BREAK,2018.07.03 01:00,BREAK,2018.07.03 02:00,1.31282,BREAK,2018.07.04 05:00,0,,0,,0,,0,NA,Asia,BOUNCE,2018.07.05 16:00,NA,,S-ZF-BR,B-ZG-BO,B-ZF-BR,B-ZO-BO,B-ZB-BR,B-ZG-BO,B-ZB-BO,S-ZC-UN,B-ZF-BR,S-ZH-BR,S-ZF-BR,S-ZE-BO,S-ZF-BR,B-ZC-BO,B-ZE-BO,B-ZF-BR,B-ZE-UN,B-ZO-UN,S-ZB-BO,S-ZC-BR
139,2018.07.04 00:00,USDCAD,60,86400,SELL,ZF,0,1.32249,1.31388,861.0,1.32075,1.31320,755.0,87.689,20.21,687.0,203.2,1.32075,1.31388,1.30633,BREAK,2018.07.25 21:00,0,,0,,0,,0,NA,Other,BOUNCE,2018.07.31 06:00,NA,,1.32936,UNTOUCHED,,0,,0,,0,,0,NA,Other,NA,,NA,,1.30701,BOUNCE,2018.07.09 10:00,1,2018.07.19 20:00,0,,0,,1,1w 3d,London,NA,,NA,,1.32762,BOUNCE,2018.07.19 20:00,1,2018.07.25 21:00,1,2018.07.25 21:00,0,,2,6d 1h,NewYork,NA,,NA,,B-ZD-BR,S-ZF-BR,B-ZG-BO,B-ZF-BR,B-ZO-BO,B-ZB-BR,B-ZG-BO,B-ZB-BO,S-ZC-UN,B-ZF-BR,S-ZE-BO,S-ZF-BR,B-ZC-BO,B-ZE-BO,B-ZF-BR,B-ZE-UN,B-ZO-UN,S-ZB-BO,S-ZC-BR,B-ZG-BR
140,2018.07.05 00:00,USDCAD,60,86400,SELL,ZE,1,1.32075,1.31320,755.0,1.31613,1.31116,497.0,65.828,61.19,293.0,178.2,1.31613,1.31320,1.30823,BOUNCE,2018.07.06 19:00,1,2018.07.10 13:00,1,2018.07.11 21:00,1,2018.07.18 10:00,3,1w 4d,NewYork,NA,,NA,,1.32368,BREAK,2018.07.18 10:00,0,,0,,0,,0,NA,London,BOUNCE,2018.07.19 16:00,NA,,1.31027,BOUNCE,2018.07.06 16:00,1,2018.07.11 21:00,1,2018.07.18 10:00,0,,2,1w 4d,NewYork,NA,,NA,,1.31906,BOUNCE,2018.07.11 21:00,1,2018.07.25 16:00,1,2018.07.25 16:00,0,,2,1w 6d,Other,NA,,NA,,S-ZF-BR,B-ZD-BR,S-ZF-BR,B-ZG-BO,B-ZF-BR,B-ZO-BO,B-ZB-BR,B-ZG-BO,B-ZB-BO,S-ZC-UN,S-ZF-BR,B-ZC-BO,B-ZE-BO,B-ZF-BR,B-ZE-UN,B-ZO-UN,S-ZB-BO,S-ZC-BR,B-ZG-BR,S-ZF-BR
141,2018.07.07 00:00,USDCAD,60,86400,SELL,ZF,1,1.31604,1.31145,459.0,1.31503,1.30763,740.0,161.220,22.00,358.0,108.3,1.31503,1.31145,1.30405,BREAK,2018.07.25 22:00,0,,0,,0,,0,NA,Other,BREAK,2018.07.30 19:00,BOUNCE,2018.08.06 02:00,1.31962,BOUNCE,2018.07.11 21:00,1,2018.07.16 18:00,1,2018.07.25 21:00,1,2018.07.25 22:00,3,2w 0d,Other,NA,,NA,,1.30787,BREAK,2018.07.09 01:00,0,,0,,0,,0,NA,Asia,BREAK,2018.07.25 22:00,BOUNCE,2018.07.30 17:00,1.31861,BREAK,2018.07.11 21:00,0,,0,,0,,0,NA,Other,BREAK,2018.07.18 10:00,BOUNCE,2018.07.18 18:00,S-ZE-BO,S-ZF-BR,B-ZD-BR,S-ZF-BR,B-ZG-BO,B-ZF-BR,B-ZO-BO,B-ZB-BR,B-ZG-BO,B-ZB-BO,B-ZC-BO,B-ZE-BO,B-ZF-BR,B-ZE-UN,B-ZO-UN,S-ZB-BO,S-ZC-BR,B-ZG-BR,S-ZF-BR,B-ZH-BR
142,2018.07.11 00:00,USDCAD,60,86400,BUY,ZC,1,1.31226,1.30658,568.0,1.31460,1.31012,448.0,78.873,62.32,214.0,134.0,1.31226,1.31012,1.31674,BOUNCE,2018.07.11 13:00,1,2018.07.11 18:00,1,2018.07.11 18:00,1,2018.07.25 22:00,3,2w 0d,NewYork,NA,,NA,,1.30444,BREAK,2018.07.25 22:00,0,,0,,0,,0,NA,Other,BREAK,2018.07.30 17:00,BOUNCE,2018.07.30 18:00,1.31440,BREAK,2018.07.11 02:00,0,,0,,0,,0,NA,Asia,BOUNCE,2018.07.11 16:00,NA,,1.30798,BREAK,2018.07.11 18:00,0,,0,,0,,0,NA,NewYork,BOUNCE,2018.07.25 21:00,NA,,S-ZF-BR,S-ZE-BO,S-ZF-BR,B-ZD-BR,S-ZF-BR,B-ZG-BO,B-ZF-BR,B-ZO-BO,B-ZB-BR,B-ZG-BO,B-ZE-BO,B-ZF-BR,B-ZE-UN,B-ZO-UN,S-ZB-BO,S-ZC-BR,B-ZG-BR,S-ZF-BR,B-ZH-BR,B-ZE-BR
143,2018.07.13 00:00,USDCAD,60,86400,BUY,ZE,1,1.32141,1.30638,1503.0,1.32175,1.31492,683.0,45.442,56.82,649.0,354.7,1.32141,1.31492,1.32824,BOUNCE,2018.07.19 20:00,1,2018.07.20 17:00,1,2018.07.25 18:00,1,2018.07.30 18:00,3,1w 3d,NewYork,NA,,NA,,1.29989,BOUNCE,2018.07.30 18:00,1,2018.08.10 20:00,0,,0,,1,1w 4d,NewYork,NA,,NA,,1.32790,BOUNCE,2018.07.19 20:00,1,2018.07.25 18:00,1,2018.07.30 18:00,0,,2,1w 3d,NewYork,NA,,NA,,1.30843,BREAK,2018.07.25 18:00,0,,0,,0,,0,NA,NewYork,BOUNCE,2018.07.31 06:00,NA,,B-ZC-BO,S-ZF-BR,S-ZE-BO,S-ZF-BR,B-ZD-BR,S-ZF-BR,B-ZG-BO,B-ZF-BR,B-ZO-BO,B-ZB-BR,B-ZF-BR,B-ZE-UN,B-ZO-UN,S-ZB-BO,S-ZC-BR,B-ZG-BR,S-ZF-BR,B-ZH-BR,B-ZE-BR,S-ZE-BR
144,2018.07.18 00:00,USDCAD,60,86400,BUY,ZF,1,1.31625,1.31092,533.0,1.32188,1.31108,1080.0,202.627,3.00,517.0,125.8,1.31625,1.31108,1.32705,BREAK,2018.07.19 19:00,0,,0,,0,,0,NA,NewYork,UNTOUCHED,,NA,,1.30575,BREAK,2018.07.25 21:00,0,,0,,0,,0,NA,Other,BOUNCE,2018.07.31 06:00,NA,,1.32142,BREAK,2018.07.18 09:00,0,,0,,0,,0,NA,London,BREAK,2018.07.19 20:00,UNTOUCHED,,1.30591,BREAK,2018.07.25 21:00,0,,0,,0,,0,NA,Other,BREAK,2018.07.30 18:00,BOUNCE,2018.08.27 18:00,B-ZE-BO,B-ZC-BO,S-ZF-BR,S-ZE-BO,S-ZF-BR,B-ZD-BR,S-ZF-BR,B-ZG-BO,B-ZF-BR,B-ZO-BO,B-ZE-UN,B-ZO-UN,S-ZB-BO,S-ZC-BR,B-ZG-BR,S-ZF-BR,B-ZH-BR,B-ZE-BR,S-ZE-BR,B-ZB-BR
145,2018.07.19 00:00,USDCAD,60,86400,BUY,ZE,1,1.32188,1.31108,1080.0,1.32596,1.31657,939.0,86.944,50.83,531.0,254.9,1.32188,1.31657,1.33127,UNTOUCHED,,0,,0,,0,,0,NA,Other,NA,,NA,,1.30577,BREAK,2018.07.25 21:00,0,,0,,0,,0,NA,Other,BOUNCE,2018.07.31 06:00,NA,,1.32719,BOUNCE,2018.07.19 19:00,1,2018.07.25 16:00,1,2018.07.25 21:00,0,,2,6d 2h,NewYork,NA,,NA,,1.31126,BREAK,2018.07.25 16:00,0,,0,,0,,0,NA,NewYork,BREAK,2018.07.25 22:00,BOUNCE,2018.07.31 06:00,B-ZF-BR,B-ZE-BO,B-ZC-BO,S-ZF-BR,S-ZE-BO,S-ZF-BR,B-ZD-BR,S-ZF-BR,B-ZG-BO,B-ZF-BR,B-ZO-UN,S-ZB-BO,S-ZC-BR,B-ZG-BR,S-ZF-BR,B-ZH-BR,B-ZE-BR,S-ZE-BR,B-ZB-BR,S-ZB-BR
146,2018.07.25 00:00,USDCAD,60,86400,BUY,ZO,0,1.31788,1.31138,650.0,1.31904,1.31348,556.0,85.538,32.31,440.0,153.4,1.31788,1.31348,1.32344,UNTOUCHED,,0,,0,,0,,0,NA,Other,NA,,NA,,1.30698,BREAK,2018.07.25 21:00,0,,0,,0,,0,NA,Other,BOUNCE,2018.07.26 18:00,NA,,1.32228,UNTOUCHED,,0,,0,,0,,0,NA,Other,NA,,NA,,1.30908,BREAK,2018.07.25 17:00,0,,0,,0,,0,NA,NewYork,BREAK,2018.07.25 23:00,BOUNCE,2018.07.31 06:00,B-ZE-UN,B-ZF-BR,B-ZE-BO,B-ZC-BO,S-ZF-BR,S-ZE-BO,S-ZF-BR,B-ZD-BR,S-ZF-BR,B-ZG-BO,S-ZB-BO,S-ZC-BR,B-ZG-BR,S-ZF-BR,B-ZH-BR,B-ZE-BR,S-ZE-BR,B-ZB-BR,S-ZB-BR,S-ZF-BO
147,2018.07.26 00:00,USDCAD,60,86400,SELL,ZB,1,1.31904,1.31348,556.0,1.31651,1.30235,1416.0,254.676,45.50,303.0,131.2,1.31651,1.31348,1.29932,BOUNCE,2018.07.31 16:00,1,2018.08.07 21:00,1,2018.09.04 17:00,0,,2,5w 0d,NewYork,NA,,NA,,1.32207,UNTOUCHED,,0,,0,,0,,0,NA,Other,NA,,NA,,1.31045,BREAK,2018.07.26 00:00,0,,0,,0,,0,NA,Asia,BREAK,2018.07.26 01:00,BREAK,2018.07.26 04:00,1.31954,BOUNCE,2018.09.04 17:00,0,,0,,0,,0,NA,NewYork,NA,,NA,,B-ZO-UN,B-ZE-UN,B-ZF-BR,B-ZE-BO,B-ZC-BO,S-ZF-BR,S-ZE-BO,S-ZF-BR,B-ZD-BR,S-ZF-BR,S-ZC-BR,B-ZG-BR,S-ZF-BR,B-ZH-BR,B-ZE-BR,S-ZE-BR,B-ZB-BR,S-ZB-BR,S-ZF-BO,S-ZE-BO
148,2018.08.02 00:00,USDCAD,60,86400,SELL,ZC,1,1.30955,1.29807,1148.0,1.30318,1.29742,576.0,50.174,55.49,511.0,270.9,1.30318,1.29807,1.29231,BREAK,2018.08.28 16:00,0,,0,,0,,0,NA,NewYork,BREAK,2018.10.01 02:00,BREAK,2018.10.01 14:00,1.31466,BOUNCE,2018.08.10 21:00,1,2018.08.20 23:00,1,2018.08.28 15:00,1,2018.08.28 16:00,3,2w 3d,Other,NA,,NA,,1.29296,BREAK,2018.08.28 15:00,0,,0,,0,,0,NA,NewYork,BREAK,2018.10.01 01:00,BREAK,2018.10.01 13:00,1.30829,BREAK,2018.08.08 14:00,0,,0,,0,,0,NA,NewYork,BREAK,2018.08.13 01:00,BREAK,2018.09.06 19:00,S-ZB-BO,B-ZO-UN,B-ZE-UN,B-ZF-BR,B-ZE-BO,B-ZC-BO,S-ZF-BR,S-ZE-BO,S-ZF-BR,B-ZD-BR,B-ZG-BR,S-ZF-BR,B-ZH-BR,B-ZE-BR,S-ZE-BR,B-ZB-BR,S-ZB-BR,S-ZF-BO,S-ZE-BO,S-ZF-BO
149,2018.08.03 00:00,USDCAD,60,86400,BUY,ZG,0,1.30318,1.29742,576.0,1.30387,1.29929,458.0,79.514,32.47,389.0,135.9,1.30318,1.29929,1.30776,BREAK,2018.08.08 12:00,0,,0,,0,,0,NA,London,BOUNCE,2018.08.08 16:00,NA,,1.29353,BREAK,2018.08.28 14:00,0,,0,,0,,0,NA,NewYork,BOUNCE,2018.08.28 23:00,NA,,1.30707,BREAK,2018.08.07 22:00,0,,0,,0,,0,NA,Other,BOUNCE,2018.08.08 17:00,NA,,1.29540,BOUNCE,2018.08.27 19:00,1,2018.08.31 17:00,1,2018.08.31 17:00,0,,2,3d 22h,NewYork,NA,,NA,,S-ZC-BR,S-ZB-BO,B-ZO-UN,B-ZE-UN,B-ZF-BR,B-ZE-BO,B-ZC-BO,S-ZF-BR,S-ZE-BO,S-ZF-BR,S-ZF-BR,B-ZH-BR,B-ZE-BR,S-ZE-BR,B-ZB-BR,S-ZB-BR,S-ZF-BO,S-ZE-BO,S-ZF-BO,B-ZF-BR
150,2018.08.04 00:00,USDCAD,60,86400,SELL,ZF,0,1.30387,1.29929,458.0,1.30383,1.29671,712.0,155.459,0.87,454.0,108.1,1.30383,1.29929,1.29217,BREAK,2018.08.28 16:00,0,,0,,0,,0,NA,NewYork,BREAK,2018.10.01 01:00,BREAK,2018.10.01 06:00,1.30841,BREAK,2018.08.08 14:00,0,,0,,0,,0,NA,NewYork,BREAK,2018.08.10 21:00,BREAK,2018.09.04 17:00,1.29475,BREAK,2018.08.28 12:00,0,,0,,0,,0,NA,London,BREAK,2018.08.28 17:00,BREAK,2018.10.01 02:00,1.30837,BREAK,2018.08.08 14:00,0,,0,,0,,0,NA,NewYork,BREAK,2018.08.10 21:00,BREAK,2018.09.04 17:00,B-ZG-BR,S-ZC-BR,S-ZB-BO,B-ZO-UN,B-ZE-UN,B-ZF-BR,B-ZE-BO,B-ZC-BO,S-ZF-BR,S-ZE-BO,B-ZH-BR,B-ZE-BR,S-ZE-BR,B-ZB-BR,S-ZB-BR,S-ZF-BO,S-ZE-BO,S-ZF-BO,B-ZF-BR,B-ZO-BR
151,2018.08.07 00:00,USDCAD,60,86400,BUY,ZH,1,1.29962,1.29832,130.0,1.30393,1.29866,527.0,405.385,26.15,96.0,30.7,1.29962,1.29866,1.30489,BREAK,2018.08.07 21:00,0,,0,,0,,0,NA,Other,BREAK,2018.08.07 22:00,BREAK,2018.08.07 23:00,1.29736,BREAK,2018.08.07 11:00,0,,0,,0,,0,NA,London,BOUNCE,2018.08.07 15:00,NA,,1.30058,BOUNCE,2018.08.07 00:00,1,2018.08.07 10:00,1,2018.08.07 11:00,0,,2,11h,Asia,NA,,NA,,1.29770,BOUNCE,2018.08.07 10:00,1,2018.08.07 18:00,1,2018.08.07 18:00,0,,2,8h,London,NA,,NA,,S-ZF-BR,B-ZG-BR,S-ZC-BR,S-ZB-BO,B-ZO-UN,B-ZE-UN,B-ZF-BR,B-ZE-BO,B-ZC-BO,S-ZF-BR,B-ZE-BR,S-ZE-BR,B-ZB-BR,S-ZB-BR,S-ZF-BO,S-ZE-BO,S-ZF-BO,B-ZF-BR,B-ZO-BR,S-ZD-BR
152,2018.08.09 00:00,USDCAD,60,86400,BUY,ZE,1,1.30746,1.29613,1133.0,1.31193,1.30058,1135.0,100.177,39.28,688.0,267.4,1.30746,1.30058,1.31881,BREAK,2018.09.04 17:00,0,,0,,0,,0,NA,NewYork,UNTOUCHED,,NA,,1.28925,BOUNCE,2018.08.28 17:00,1,2018.08.31 15:00,1,2018.09.04 12:00,1,2018.09.04 17:00,3,1w 0d,NewYork,NA,,NA,,1.31434,BOUNCE,2018.08.10 21:00,1,2018.08.28 13:00,1,2018.08.28 17:00,0,,2,2w 3d,Other,NA,,NA,,1.29370,BREAK,2018.08.28 13:00,0,,0,,0,,0,NA,NewYork,BREAK,2018.10.01 02:00,BOUNCE,2018.10.04 00:00,B-ZH-BR,S-ZF-BR,B-ZG-BR,S-ZC-BR,S-ZB-BO,B-ZO-UN,B-ZE-UN,B-ZF-BR,B-ZE-BO,B-ZC-BO,S-ZE-BR,B-ZB-BR,S-ZB-BR,S-ZF-BO,S-ZE-BO,S-ZF-BO,B-ZF-BR,B-ZO-BR,S-ZD-BR,B-ZB-BR
153,2018.08.10 00:00,USDCAD,60,86400,SELL,ZE,1,1.31193,1.30058,1135.0,1.30634,1.29993,641.0,56.476,49.25,576.0,267.9,1.30634,1.30058,1.29417,BREAK,2018.08.28 13:00,0,,0,,0,,0,NA,NewYork,BOUNCE,2018.09.21 17:00,NA,,1.31769,BREAK,2018.09.04 16:00,0,,0,,0,,0,NA,NewYork,UNTOUCHED,,NA,,1.29482,BREAK,2018.08.28 12:00,0,,0,,0,,0,NA,London,BOUNCE,2018.08.29 16:00,NA,,1.31210,BOUNCE,2018.08.10 12:00,1,2018.08.28 12:00,1,2018.08.28 12:00,0,,2,2w 4d,London,NA,,NA,,B-ZE-BR,B-ZH-BR,S-ZF-BR,B-ZG-BR,S-ZC-BR,S-ZB-BO,B-ZO-UN,B-ZE-UN,B-ZF-BR,B-ZE-BO,B-ZB-BR,S-ZB-BR,S-ZF-BO,S-ZE-BO,S-ZF-BO,B-ZF-BR,B-ZO-BR,S-ZD-BR,B-ZB-BR,B-ZD-BO
154,2018.08.11 00:00,USDCAD,60,86400,BUY,ZB,1,1.30634,1.29993,641.0,1.31525,1.30385,1140.0,177.847,61.15,249.0,151.3,1.30634,1.30385,1.31774,BREAK,2018.09.04 16:00,0,,0,,0,,0,NA,NewYork,BOUNCE,2018.09.04 18:00,NA,,1.29744,BREAK,2018.08.27 18:00,0,,0,,0,,0,NA,NewYork,BOUNCE,2018.08.28 06:00,NA,,1.30883,BREAK,2018.08.11 00:00,0,,0,,0,,0,NA,Asia,BREAK,2018.08.13 01:00,BREAK,2018.08.13 04:00,1.30136,BOUNCE,2018.08.21 15:00,1,2018.08.23 22:00,1,2018.08.23 22:00,0,,2,2d 7h,NewYork,NA,,NA,,S-ZE-BR,B-ZE-BR,B-ZH-BR,S-ZF-BR,B-ZG-BR,S-ZC-BR,S-ZB-BO,B-ZO-UN,B-ZE-UN,B-ZF-BR,S-ZB-BR,S-ZF-BO,S-ZE-BO,S-ZF-BO,B-ZF-BR,B-ZO-BR,S-ZD-BR,B-ZB-BR,B-ZD-BO,S-ZO-BO
155,2018.08.15 00:00,USDCAD,60,86400,SELL,ZB,1,1.31700,1.31029,671.0,1.31355,1.30698,657.0,97.914,51.42,326.0,158.4,1.31355,1.31029,1.30372,BREAK,2018.08.21 01:00,0,,0,,0,,0,NA,Asia,BREAK,2018.08.22 22:00,BREAK,2018.08.27 18:00,1.32026,BOUNCE,2018.09.04 18:00,1,2018.09.06 22:00,1,2018.09.12 00:00,1,2018.09.12 17:00,3,1w 0d,NewYork,NA,,NA,,1.30703,BREAK,2018.08.15 00:00,0,,0,,0,,0,NA,Asia,BREAK,2018.08.21 09:00,BREAK,2018.08.22 22:00,1.31681,BOUNCE,2018.08.15 18:00,1,2018.08.17 16:00,1,2018.08.17 16:00,0,,2,1d 22h,NewYork,NA,,NA,,B-ZB-BR,S-ZE-BR,B-ZE-BR,B-ZH-BR,S-ZF-BR,B-ZG-BR,S-ZC-BR,S-ZB-BO,B-ZO-UN,B-ZE-UN,S-ZF-BO,S-ZE-BO,S-ZF-BO,B-ZF-BR,B-ZO-BR,S-ZD-BR,B-ZB-BR,B-ZD-BO,S-ZO-BO,S-ZD-BR
156,2018.08.18 00:00,USDCAD,60,86400,SELL,ZF,1,1.31735,1.31128,607.0,1.31684,1.30507,1177.0,193.904,8.40,556.0,143.3,1.31684,1.31128,1.29951,BOUNCE,2018.08.22 22:00,1,2018.09.04 04:00,1,2018.09.06 19:00,0,,2,2w 0d,Other,NA,,NA,,1.32291,UNTOUCHED,,0,,0,,0,,0,NA,Other,NA,,NA,,1.30572,BREAK,2018.08.20 01:00,0,,0,,0,,0,NA,Asia,BREAK,2018.08.22 22:00,BREAK,2018.08.28 15:00,1.32240,BOUNCE,2018.09.06 19:00,1,2018.09.12 00:00,1,2018.09.12 00:00,0,,2,5d 5h,NewYork,NA,,NA,,S-ZB-BR,B-ZB-BR,S-ZE-BR,B-ZE-BR,B-ZH-BR,S-ZF-BR,B-ZG-BR,S-ZC-BR,S-ZB-BO,B-ZO-UN,S-ZE-BO,S-ZF-BO,B-ZF-BR,B-ZO-BR,S-ZD-BR,B-ZB-BR,B-ZD-BO,S-ZO-BO,S-ZD-BR,S-ZE-BR
157,2018.08.22 00:00,USDCAD,60,86400,SELL,ZE,1,1.30917,1.30403,514.0,1.30568,1.30130,438.0,85.214,67.90,165.0,121.3,1.30568,1.30403,1.29965,BOUNCE,2018.08.22 22:00,1,2018.08.23 05:00,1,2018.08.23 17:00,1,2018.09.04 04:00,3,1w 5d,Other,NA,,NA,,1.31082,BOUNCE,2018.09.04 04:00,1,2018.09.12 00:00,1,2018.09.12 18:00,1,2018.09.12 19:00,3,1w 1d,Asia,NA,,NA,,1.30238,BOUNCE,2018.08.22 06:00,1,2018.08.23 17:00,1,2018.09.04 04:00,0,,2,1w 5d,Asia,NA,,NA,,1.30733,BOUNCE,2018.08.23 17:00,1,2018.08.24 18:00,1,2018.08.24 18:00,0,,2,1d 1h,NewYork,NA,,NA,,S-ZF-BO,S-ZB-BR,B-ZB-BR,S-ZE-BR,B-ZE-BR,B-ZH-BR,S-ZF-BR,B-ZG-BR,S-ZC-BR,S-ZB-BO,S-ZF-BO,B-ZF-BR,B-ZO-BR,S-ZD-BR,B-ZB-BR,B-ZD-BO,S-ZO-BO,S-ZD-BR,S-ZE-BR,B-ZF-BR
158,2018.08.23 00:00,USDCAD,60,86400,SELL,ZF,1,1.30568,1.30130,438.0,1.30440,1.29859,581.0,132.648,29.22,310.0,103.4,1.30440,1.30130,1.29549,BOUNCE,2018.08.27 19:00,1,2018.08.31 06:00,1,2018.08.31 19:00,1,2018.09.03 19:00,3,1w 0d,NewYork,NA,,NA,,1.30878,BREAK,2018.08.23 22:00,0,,0,,0,,0,NA,Other,BREAK,2018.09.04 11:00,BREAK,2018.09.04 15:00,1.29820,BREAK,2018.08.27 18:00,0,,0,,0,,0,NA,NewYork,BREAK,2018.08.28 13:00,BREAK,2018.08.28 16:00,1.30750,BOUNCE,2018.08.23 17:00,1,2018.08.27 18:00,1,2018.08.27 18:00,0,,2,4d 1h,NewYork,NA,,NA,,S-ZE-BO,S-ZF-BO,S-ZB-BR,B-ZB-BR,S-ZE-BR,B-ZE-BR,B-ZH-BR,S-ZF-BR,B-ZG-BR,S-ZC-BR,B-ZF-BR,B-ZO-BR,S-ZD-BR,B-ZB-BR,B-ZD-BO,S-ZO-BO,S-ZD-BR,S-ZE-BR,B-ZF-BR,S-ZD-BR
159,2018.08.24 00:00,USDCAD,60,86400,BUY,ZF,1,1.30440,1.29859,581.0,1.30981,1.29877,1104.0,190.017,3.10,563.0,137.1,1.30440,1.29877,1.31544,BREAK,2018.09.04 14:00,0,,0,,0,,0,NA,NewYork,BREAK,2018.09.06 19:00,UNTOUCHED,,1.29296,BREAK,2018.08.28 15:00,0,,0,,0,,0,NA,NewYork,BREAK,2018.10.01 01:00,BREAK,2018.10.01 13:00,1.31003,BOUNCE,2018.08.24 03:00,1,2018.08.28 15:00,1,2018.08.28 15:00,0,,2,4d 12h,Asia,NA,,NA,,1.29314,BREAK,2018.08.28 15:00,0,,0,,0,,0,NA,NewYork,BREAK,2018.10.01 01:00,BREAK,2018.10.01 13:00,S-ZF-BO,S-ZE-BO,S-ZF-BO,S-ZB-BR,B-ZB-BR,S-ZE-BR,B-ZE-BR,B-ZH-BR,S-ZF-BR,B-ZG-BR,B-ZO-BR,S-ZD-BR,B-ZB-BR,B-ZD-BO,S-ZO-BO,S-ZD-BR,S-ZE-BR,B-ZF-BR,S-ZD-BR,B-ZG-BR
160,2018.08.25 00:00,USDCAD,60,86400,BUY,ZO,0,1.30981,1.29877,1104.0,1.31025,1.30103,922.0,83.514,20.47,878.0,260.5,1.30981,1.30103,1.31903,BREAK,2018.09.04 17:00,0,,0,,0,,0,NA,NewYork,UNTOUCHED,,NA,,1.28999,BOUNCE,2018.08.28 16:00,1,2018.08.31 19:00,1,2018.09.04 17:00,1,2018.09.04 17:00,3,1w 0d,NewYork,NA,,NA,,1.31859,BREAK,2018.09.04 17:00,0,,0,,0,,0,NA,NewYork,UNTOUCHED,,NA,,1.29225,BREAK,2018.08.28 16:00,0,,0,,0,,0,NA,NewYork,BREAK,2018.10.01 12:00,UNTOUCHED,,B-ZF-BR,S-ZF-BO,S-ZE-BO,S-ZF-BO,S-ZB-BR,B-ZB-BR,S-ZE-BR,B-ZE-BR,B-ZH-BR,S-ZF-BR,S-ZD-BR,B-ZB-BR,B-ZD-BO,S-ZO-BO,S-ZD-BR,S-ZE-BR,B-ZF-BR,S-ZD-BR,B-ZG-BR,B-ZE-BR
161,2018.08.29 00:00,USDCAD,60,86400,SELL,ZD,1,1.30664,1.29524,1140.0,1.29815,1.28865,950.0,83.333,74.47,291.0,269.0,1.29815,1.29524,1.28574,BREAK,2018.10.01 01:00,0,,0,,0,,0,NA,Asia,BREAK,2018.10.01 13:00,BOUNCE,2018.10.02 11:00,1.30955,BREAK,2018.09.03 19:00,0,,0,,0,,0,NA,NewYork,BREAK,2018.09.04 13:00,BREAK,2018.09.04 17:00,1.29233,BOUNCE,2018.08.29 01:00,1,2018.08.31 06:00,1,2018.09.03 19:00,0,,2,5d 18h,Asia,NA,,NA,,1.30106,BREAK,2018.08.31 06:00,0,,0,,0,,0,NA,Asia,BREAK,2018.08.31 17:00,BOUNCE,2018.08.31 19:00,B-ZO-BR,B-ZF-BR,S-ZF-BO,S-ZE-BO,S-ZF-BO,S-ZB-BR,B-ZB-BR,S-ZE-BR,B-ZE-BR,B-ZH-BR,B-ZB-BR,B-ZD-BO,S-ZO-BO,S-ZD-BR,S-ZE-BR,B-ZF-BR,S-ZD-BR,B-ZG-BR,B-ZE-BR,B-ZF-BR
162,2018.09.01 00:00,USDCAD,60,86400,BUY,ZB,1,1.29993,1.29022,971.0,1.30875,1.29669,1206.0,124.202,66.63,324.0,229.2,1.29993,1.29669,1.31199,BREAK,2018.09.04 11:00,0,,0,,0,,0,NA,London,BREAK,2018.09.04 16:00,BREAK,2018.09.06 19:00,1.28698,BREAK,2018.10.01 01:00,0,,0,,0,,0,NA,Asia,BREAK,2018.10.01 06:00,BREAK,2018.10.01 23:00,1.30317,BREAK,2018.09.01 00:00,0,,0,,0,,0,NA,Asia,BREAK,2018.09.03 19:00,BREAK,2018.09.04 11:00,1.29345,BOUNCE,2018.09.19 14:00,1,2018.09.27 01:00,1,2018.09.27 01:00,0,,2,1w 0d,NewYork,NA,,NA,,S-ZD-BR,B-ZO-BR,B-ZF-BR,S-ZF-BO,S-ZE-BO,S-ZF-BO,S-ZB-BR,B-ZB-BR,S-ZE-BR,B-ZE-BR,B-ZD-BO,S-ZO-BO,S-ZD-BR,S-ZE-BR,B-ZF-BR,S-ZD-BR,B-ZG-BR,B-ZE-BR,B-ZF-BR,S-ZB-BR
163,2018.09.04 00:00,USDCAD,60,86400,BUY,ZD,1,1.30522,1.30385,137.0,1.31019,1.30437,582.0,424.818,37.96,85.0,32.3,1.30522,1.30437,1.31104,BOUNCE,2018.09.04 04:00,1,2018.09.04 09:00,1,2018.09.12 17:00,1,2018.09.12 17:00,3,1w 1d,Asia,NA,,NA,,1.30300,BREAK,2018.09.12 17:00,0,,0,,0,,0,NA,NewYork,BREAK,2018.09.12 18:00,BREAK,2018.09.12 19:00,1.30607,BREAK,2018.09.04 00:00,0,,0,,0,,0,NA,Asia,BREAK,2018.09.04 01:00,BREAK,2018.09.04 02:00,1.30352,BREAK,2018.09.12 17:00,0,,0,,0,,0,NA,NewYork,BREAK,2018.09.12 18:00,BREAK,2018.09.12 19:00,B-ZB-BR,S-ZD-BR,B-ZO-BR,B-ZF-BR,S-ZF-BO,S-ZE-BO,S-ZF-BO,S-ZB-BR,B-ZB-BR,S-ZE-BR,S-ZO-BO,S-ZD-BR,S-ZE-BR,B-ZF-BR,S-ZD-BR,B-ZG-BR,B-ZE-BR,B-ZF-BR,S-ZB-BR,B-ZF-BR
164,2018.09.08 00:00,USDCAD,60,86400,SELL,ZO,0,1.32254,1.31271,983.0,1.31897,1.31090,807.0,82.096,36.32,626.0,232.0,1.31897,1.31271,1.30464,BOUNCE,2018.09.12 00:00,0,,0,,0,,0,NA,Asia,NA,,NA,,1.32880,UNTOUCHED,,0,,0,,0,,0,NA,Other,NA,,NA,,1.30645,BREAK,2018.09.12 00:00,0,,0,,0,,0,NA,Asia,BREAK,2018.09.13 16:00,BOUNCE,2018.09.19 18:00,1.32523,UNTOUCHED,,0,,0,,0,,0,NA,Other,NA,,NA,,B-ZD-BO,B-ZB-BR,S-ZD-BR,B-ZO-BR,B-ZF-BR,S-ZF-BO,S-ZE-BO,S-ZF-BO,S-ZB-BR,B-ZB-BR,S-ZD-BR,S-ZE-BR,B-ZF-BR,S-ZD-BR,B-ZG-BR,B-ZE-BR,B-ZF-BR,S-ZB-BR,B-ZF-BR,B-ZD-BO
165,2018.09.12 00:00,USDCAD,60,86400,SELL,ZD,1,1.31971,1.31504,467.0,1.31739,1.31094,645.0,138.116,49.68,235.0,110.2,1.31739,1.31504,1.30859,BREAK,2018.09.12 00:00,0,,0,,0,,0,NA,Asia,BREAK,2018.09.12 03:00,BREAK,2018.09.12 17:00,1.32206,UNTOUCHED,,0,,0,,0,,0,NA,Other,NA,,NA,,1.31269,BREAK,2018.09.12 00:00,0,,0,,0,,0,NA,Asia,BREAK,2018.09.12 01:00,BREAK,2018.09.12 02:00,1.31974,UNTOUCHED,,0,,0,,0,,0,NA,Other,NA,,NA,,S-ZO-BO,B-ZD-BO,B-ZB-BR,S-ZD-BR,B-ZO-BR,B-ZF-BR,S-ZF-BO,S-ZE-BO,S-ZF-BO,S-ZB-BR,S-ZE-BR,B-ZF-BR,S-ZD-BR,B-ZG-BR,B-ZE-BR,B-ZF-BR,S-ZB-BR,B-ZF-BR,B-ZD-BO,S-ZG-UN
166,2018.09.14 00:00,USDCAD,60,86400,SELL,ZE,1,1.31148,1.29796,1352.0,1.30248,1.29751,497.0,36.760,66.57,452.0,319.1,1.30248,1.29796,1.29299,BREAK,2018.09.19 20:00,0,,0,,0,,0,NA,NewYork,BOUNCE,2018.09.21 17:00,NA,,1.31600,UNTOUCHED,,0,,0,,0,,0,NA,Other,NA,,NA,,1.29344,BOUNCE,2018.09.19 14:00,1,2018.09.27 16:00,0,,0,,1,1w 1d,NewYork,NA,,NA,,1.30700,BOUNCE,2018.09.27 16:00,1,2018.09.28 18:00,1,2018.09.28 18:00,0,,2,1d 2h,NewYork,NA,,NA,,S-ZD-BR,S-ZO-BO,B-ZD-BO,B-ZB-BR,S-ZD-BR,B-ZO-BR,B-ZF-BR,S-ZF-BO,S-ZE-BO,S-ZF-BO,B-ZF-BR,S-ZD-BR,B-ZG-BR,B-ZE-BR,B-ZF-BR,S-ZB-BR,B-ZF-BR,B-ZD-BO,S-ZG-UN,B-ZE-BO
167,2018.09.15 00:00,USDCAD,60,86400,BUY,ZF,0,1.30248,1.29751,497.0,1.30535,1.29820,715.0,143.863,13.88,428.0,117.3,1.30248,1.29820,1.30963,BREAK,2018.10.19 16:00,0,,0,,0,,0,NA,NewYork,BREAK,2018.10.26 14:00,BOUNCE,2018.11.08 23:00,1.29323,BOUNCE,2018.09.19 14:00,1,2018.09.26 22:00,1,2018.09.27 16:00,1,2018.10.19 16:00,3,4w 2d,NewYork,NA,,NA,,1.30676,BREAK,2018.09.27 16:00,0,,0,,0,,0,NA,NewYork,BOUNCE,2018.10.19 16:00,NA,,1.29392,BOUNCE,2018.09.19 14:00,1,2018.09.27 16:00,1,2018.09.27 16:00,0,,2,1w 1d,NewYork,NA,,NA,,S-ZE-BR,S-ZD-BR,S-ZO-BO,B-ZD-BO,B-ZB-BR,S-ZD-BR,B-ZO-BR,B-ZF-BR,S-ZF-BO,S-ZE-BO,S-ZD-BR,B-ZG-BR,B-ZE-BR,B-ZF-BR,S-ZB-BR,B-ZF-BR,B-ZD-BO,S-ZG-UN,B-ZE-BO,S-ZO-BR
168,2018.09.20 00:00,USDCAD,60,86400,SELL,ZD,1,1.30636,1.29710,926.0,1.30151,1.29104,1047.0,113.067,52.38,441.0,218.5,1.30151,1.29710,1.28663,BREAK,2018.10.01 01:00,0,,0,,0,,0,NA,Asia,BREAK,2018.10.01 13:00,UNTOUCHED,,1.31077,BOUNCE,2018.10.19 16:00,1,2018.10.24 19:00,0,,0,,1,5d 3h,NewYork,NA,,NA,,1.29269,BREAK,2018.09.20 00:00,0,,0,,0,,0,NA,Asia,BREAK,2018.10.01 01:00,BREAK,2018.10.01 06:00,1.30592,BREAK,2018.09.27 12:00,0,,0,,0,,0,NA,London,BOUNCE,2018.10.19 16:00,NA,,B-ZF-BR,S-ZE-BR,S-ZD-BR,S-ZO-BO,B-ZD-BO,B-ZB-BR,S-ZD-BR,B-ZO-BR,B-ZF-BR,S-ZF-BO,B-ZG-BR,B-ZE-BR,B-ZF-BR,S-ZB-BR,B-ZF-BR,B-ZD-BO,S-ZG-UN,B-ZE-BO,S-ZO-BR,S-ZB-UN
169,2018.09.22 00:00,USDCAD,60,86400,BUY,ZG,0,1.29315,1.28836,479.0,1.29421,1.28848,573.0,119.624,2.51,467.0,113.0,1.29315,1.28848,1.29888,BREAK,2018.09.26 21:00,0,,0,,0,,0,NA,Other,BREAK,2018.09.27 09:00,BOUNCE,2018.10.19 15:00,1.28369,BREAK,2018.10.01 03:00,0,,0,,0,,0,NA,Asia,BOUNCE,2018.10.02 12:00,NA,,1.29782,BREAK,2018.09.26 21:00,0,,0,,0,,0,NA,Other,BREAK,2018.09.27 01:00,BOUNCE,2018.09.27 20:00,1.28381,BREAK,2018.10.01 03:00,0,,0,,0,,0,NA,Asia,BOUNCE,2018.10.02 12:00,NA,,S-ZD-BR,B-ZF-BR,S-ZE-BR,S-ZD-BR,S-ZO-BO,B-ZD-BO,B-ZB-BR,S-ZD-BR,B-ZO-BR,B-ZF-BR,B-ZE-BR,B-ZF-BR,S-ZB-BR,B-ZF-BR,B-ZD-BO,S-ZG-UN,B-ZE-BO,S-ZO-BR,S-ZB-UN,B-ZF-BR
170,2018.09.26 00:00,USDCAD,60,86400,BUY,ZE,1,1.29549,1.29081,468.0,1.29717,1.29351,366.0,78.205,57.69,198.0,110.4,1.29549,1.29351,1.29915,BREAK,2018.09.26 21:00,0,,0,,0,,0,NA,Other,BREAK,2018.09.26 22:00,BREAK,2018.09.27 01:00,1.28883,BREAK,2018.10.01 01:00,0,,0,,0,,0,NA,Asia,BREAK,2018.10.01 02:00,BREAK,2018.10.01 03:00,1.29747,BREAK,2018.09.26 18:00,0,,0,,0,,0,NA,NewYork,BREAK,2018.09.26 22:00,BREAK,2018.09.27 01:00,1.29153,BOUNCE,2018.09.28 19:00,1,2018.10.08 09:00,1,2018.10.08 09:00,0,,2,1w 2d,NewYork,NA,,NA,,B-ZG-BR,S-ZD-BR,B-ZF-BR,S-ZE-BR,S-ZD-BR,S-ZO-BO,B-ZD-BO,B-ZB-BR,S-ZD-BR,B-ZO-BR,B-ZF-BR,S-ZB-BR,B-ZF-BR,B-ZD-BO,S-ZG-UN,B-ZE-BO,S-ZO-BR,S-ZB-UN,B-ZF-BR,B-ZF-BR
171,2018.09.27 00:00,USDCAD,60,86400,BUY,ZF,1,1.29717,1.29351,366.0,1.30246,1.29434,812.0,221.858,22.68,283.0,86.4,1.29717,1.29434,1.30529,BREAK,2018.09.27 11:00,0,,0,,0,,0,NA,London,BOUNCE,2018.09.27 18:00,NA,,1.29068,BREAK,2018.10.01 01:00,0,,0,,0,,0,NA,Asia,BREAK,2018.10.01 02:00,BREAK,2018.10.01 03:00,1.30000,BREAK,2018.09.27 00:00,0,,0,,0,,0,NA,Asia,BREAK,2018.09.27 01:00,BREAK,2018.09.27 15:00,1.29151,BREAK,2018.09.28 19:00,0,,0,,0,,0,NA,NewYork,BREAK,2018.10.01 02:00,BREAK,2018.10.01 03:00,B-ZE-BR,B-ZG-BR,S-ZD-BR,B-ZF-BR,S-ZE-BR,S-ZD-BR,S-ZO-BO,B-ZD-BO,B-ZB-BR,S-ZD-BR,S-ZB-BR,B-ZF-BR,B-ZD-BO,S-ZG-UN,B-ZE-BO,S-ZO-BR,S-ZB-UN,B-ZF-BR,B-ZF-BR,S-ZD-UN
172,2018.09.29 00:00,USDCAD,60,86400,SELL,ZB,1,1.30812,1.30071,741.0,1.30490,1.29094,1396.0,188.394,43.45,419.0,174.9,1.30490,1.30071,1.28675,BREAK,2018.10.01 01:00,0,,0,,0,,0,NA,Asia,BREAK,2018.10.01 12:00,BOUNCE,2018.10.02 11:00,1.31231,BOUNCE,2018.10.19 20:00,1,2018.10.24 19:00,0,,0,,1,4d 23h,NewYork,NA,,NA,,1.29652,BREAK,2018.09.29 00:00,0,,0,,0,,0,NA,Asia,BREAK,2018.10.01 01:00,BREAK,2018.10.01 02:00,1.30909,BREAK,2018.10.19 16:00,0,,0,,0,,0,NA,NewYork,BREAK,2018.10.26 14:00,BOUNCE,2018.11.08 23:00,B-ZF-BR,B-ZE-BR,B-ZG-BR,S-ZD-BR,B-ZF-BR,S-ZE-BR,S-ZD-BR,S-ZO-BO,B-ZD-BO,B-ZB-BR,B-ZF-BR,B-ZD-BO,S-ZG-UN,B-ZE-BO,S-ZO-BR,S-ZB-UN,B-ZF-BR,B-ZF-BR,S-ZD-UN,B-ZC-BR
173,2018.10.04 00:00,USDCAD,60,86400,BUY,ZF,1,1.28403,1.27986,417.0,1.28535,1.28064,471.0,112.950,18.71,339.0,98.4,1.28403,1.28064,1.28874,BREAK,2018.10.04 10:00,0,,0,,0,,0,NA,London,BREAK,2018.10.04 21:00,BREAK,2018.10.08 07:00,1.27647,UNTOUCHED,,0,,0,,0,,0,NA,Other,NA,,NA,,1.28742,BREAK,2018.10.04 00:00,0,,0,,0,,0,NA,Asia,BREAK,2018.10.04 20:00,BREAK,2018.10.05 16:00,1.27725,UNTOUCHED,,0,,0,,0,,0,NA,Other,NA,,NA,,S-ZB-BR,B-ZF-BR,B-ZE-BR,B-ZG-BR,S-ZD-BR,B-ZF-BR,S-ZE-BR,S-ZD-BR,S-ZO-BO,B-ZD-BO,B-ZD-BO,S-ZG-UN,B-ZE-BO,S-ZO-BR,S-ZB-UN,B-ZF-BR,B-ZF-BR,S-ZD-UN,B-ZC-BR,B-ZH-BR
174,2018.10.06 00:00,USDCAD,60,86400,BUY,ZD,1,1.29367,1.28505,862.0,1.29543,1.28865,678.0,78.654,41.76,502.0,203.4,1.29367,1.28865,1.30045,BOUNCE,2018.10.08 12:00,0,,0,,0,,0,NA,London,NA,,NA,,1.28003,UNTOUCHED,,0,,0,,0,,0,NA,Other,NA,,NA,,1.29869,BREAK,2018.10.08 10:00,0,,0,,0,,0,NA,London,BREAK,2018.10.11 00:00,BREAK,2018.10.19 16:00,1.28363,UNTOUCHED,,0,,0,,0,,0,NA,Other,NA,,NA,,B-ZF-BR,S-ZB-BR,B-ZF-BR,B-ZE-BR,B-ZG-BR,S-ZD-BR,B-ZF-BR,S-ZE-BR,S-ZD-BR,S-ZO-BO,S-ZG-UN,B-ZE-BO,S-ZO-BR,S-ZB-UN,B-ZF-BR,B-ZF-BR,S-ZD-UN,B-ZC-BR,B-ZH-BR,B-ZF-BR
175,2018.10.10 00:00,USDCAD,60,86400,SELL,ZG,0,1.30095,1.29362,733.0,1.30027,1.29348,679.0,92.633,9.28,665.0,173.0,1.30027,1.29362,1.28683,UNTOUCHED,,0,,0,,0,,0,NA,Other,NA,,NA,,1.30760,BREAK,2018.10.18 21:00,0,,0,,0,,0,NA,Other,BOUNCE,2018.10.26 21:00,NA,,1.28697,UNTOUCHED,,0,,0,,0,,0,NA,Other,NA,,NA,,1.30692,BOUNCE,2018.10.11 19:00,0,,0,,0,,0,NA,NewYork,NA,,NA,,B-ZD-BO,B-ZF-BR,S-ZB-BR,B-ZF-BR,B-ZE-BR,B-ZG-BR,S-ZD-BR,B-ZF-BR,S-ZE-BR,S-ZD-BR,B-ZE-BO,S-ZO-BR,S-ZB-UN,B-ZF-BR,B-ZF-BR,S-ZD-UN,B-ZC-BR,B-ZH-BR,B-ZF-BR,S-ZF-UN
176,2018.10.12 00:00,USDCAD,60,86400,BUY,ZE,1,1.30455,1.29258,1197.0,1.30709,1.30140,569.0,47.536,73.68,315.0,282.5,1.30455,1.30140,1.31024,BOUNCE,2018.10.19 16:00,1,2018.10.24 19:00,1,2018.10.24 21:00,0,,2,5d 5h,NewYork,NA,,NA,,1.28943,UNTOUCHED,,0,,0,,0,,0,NA,Other,NA,,NA,,1.30770,BOUNCE,2018.10.18 21:00,1,2018.10.24 21:00,0,,0,,1,6d 0h,Other,NA,,NA,,1.29825,BOUNCE,2018.10.15 18:00,1,2018.10.18 21:00,1,2018.10.18 21:00,0,,2,3d 3h,NewYork,NA,,NA,,S-ZG-UN,B-ZD-BO,B-ZF-BR,S-ZB-BR,B-ZF-BR,B-ZE-BR,B-ZG-BR,S-ZD-BR,B-ZF-BR,S-ZE-BR,S-ZO-BR,S-ZB-UN,B-ZF-BR,B-ZF-BR,S-ZD-UN,B-ZC-BR,B-ZH-BR,B-ZF-BR,S-ZF-UN,S-ZE-UN
177,2018.10.13 00:00,USDCAD,60,86400,SELL,ZO,0,1.30709,1.30140,569.0,1.30515,1.30017,498.0,87.522,34.09,375.0,134.3,1.30515,1.30140,1.29642,BREAK,2018.10.15 19:00,0,,0,,0,,0,NA,NewYork,BOUNCE,2018.10.17 14:00,NA,,1.31084,BOUNCE,2018.10.19 16:00,1,2018.10.24 19:00,1,2018.10.24 21:00,0,,2,5d 5h,NewYork,NA,,NA,,1.29765,BREAK,2018.10.15 19:00,0,,0,,0,,0,NA,NewYork,BREAK,2018.10.16 20:00,UNTOUCHED,,1.30890,BREAK,2018.10.19 16:00,0,,0,,0,,0,NA,NewYork,BOUNCE,2018.10.22 08:00,NA,,B-ZE-BO,S-ZG-UN,B-ZD-BO,B-ZF-BR,S-ZB-BR,B-ZF-BR,B-ZE-BR,B-ZG-BR,S-ZD-BR,B-ZF-BR,S-ZB-UN,B-ZF-BR,B-ZF-BR,S-ZD-UN,B-ZC-BR,B-ZH-BR,B-ZF-BR,S-ZF-UN,S-ZE-UN,B-ZB-BR
178,2018.10.17 00:00,USDCAD,60,86400,SELL,ZB,1,1.30504,1.29542,962.0,1.29980,1.29154,826.0,85.863,54.47,438.0,227.0,1.29980,1.29542,1.28716,UNTOUCHED,,0,,0,,0,,0,NA,Other,NA,,NA,,1.30942,BREAK,2018.10.19 16:00,0,,0,,0,,0,NA,NewYork,BOUNCE,2018.10.26 20:00,NA,,1.29104,UNTOUCHED,,0,,0,,0,,0,NA,Other,NA,,NA,,1.30418,BREAK,2018.10.18 05:00,0,,0,,0,,0,NA,Asia,BOUNCE,2018.10.19 14:00,NA,,S-ZO-BR,B-ZE-BO,S-ZG-UN,B-ZD-BO,B-ZF-BR,S-ZB-BR,B-ZF-BR,B-ZE-BR,B-ZG-BR,S-ZD-BR,B-ZF-BR,B-ZF-BR,S-ZD-UN,B-ZC-BR,B-ZH-BR,B-ZF-BR,S-ZF-UN,S-ZE-UN,B-ZB-BR,B-ZF-BO
179,2018.10.18 00:00,USDCAD,60,86400,BUY,ZF,0,1.29980,1.29154,826.0,1.30218,1.29302,916.0,110.896,17.92,678.0,194.9,1.29980,1.29302,1.30896,BREAK,2018.10.19 16:00,0,,0,,0,,0,NA,NewYork,BOUNCE,2018.10.26 21:00,NA,,1.28476,UNTOUCHED,,0,,0,,0,,0,NA,Other,NA,,NA,,1.30658,BREAK,2018.10.18 21:00,0,,0,,0,,0,NA,Other,BREAK,2018.10.26 18:00,BREAK,2018.11.09 20:00,1.28624,UNTOUCHED,,0,,0,,0,,0,NA,Other,NA,,NA,,S-ZB-UN,S-ZO-BR,B-ZE-BO,S-ZG-UN,B-ZD-BO,B-ZF-BR,S-ZB-BR,B-ZF-BR,B-ZE-BR,B-ZG-BR,B-ZF-BR,S-ZD-UN,B-ZC-BR,B-ZH-BR,B-ZF-BR,S-ZF-UN,S-ZE-UN,B-ZB-BR,B-ZF-BO,B-ZB-BR
180,2018.10.20 00:00,USDCAD,60,86400,BUY,ZF,0,1.30873,1.30121,752.0,1.31314,1.30268,1046.0,139.096,19.55,605.0,177.5,1.30873,1.30268,1.31919,BREAK,2018.11.09 12:00,0,,0,,0,,0,NA,London,BOUNCE,2018.11.15 20:00,NA,,1.29516,UNTOUCHED,,0,,0,,0,,0,NA,Other,NA,,NA,,1.31478,BOUNCE,2018.10.26 14:00,0,,0,,0,,0,NA,NewYork,NA,,NA,,1.29663,UNTOUCHED,,0,,0,,0,,0,NA,Other,NA,,NA,,B-ZF-BR,S-ZB-UN,S-ZO-BR,B-ZE-BO,S-ZG-UN,B-ZD-BO,B-ZF-BR,S-ZB-BR,B-ZF-BR,B-ZE-BR,S-ZD-UN,B-ZC-BR,B-ZH-BR,B-ZF-BR,S-ZF-UN,S-ZE-UN,B-ZB-BR,B-ZF-BO,B-ZB-BR,B-ZD-BR
181,2018.10.25 00:00,USDCAD,60,86400,SELL,ZD,1,1.31215,1.30798,417.0,1.30998,1.29682,1316.0,315.588,52.04,200.0,98.4,1.30998,1.30798,1.29482,UNTOUCHED,,0,,0,,0,,0,NA,Other,NA,,NA,,1.31415,BREAK,2018.10.26 12:00,0,,0,,0,,0,NA,London,BOUNCE,2018.11.01 05:00,NA,,1.30598,BREAK,2018.10.25 00:00,0,,0,,0,,0,NA,Asia,BREAK,2018.10.25 05:00,BOUNCE,2018.10.25 16:00,1.31198,BREAK,2018.10.26 11:00,0,,0,,0,,0,NA,London,BREAK,2018.10.26 14:00,BOUNCE,2018.11.01 07:00,B-ZF-BR,B-ZF-BR,S-ZB-UN,S-ZO-BR,B-ZE-BO,S-ZG-UN,B-ZD-BO,B-ZF-BR,S-ZB-BR,B-ZF-BR,B-ZC-BR,B-ZH-BR,B-ZF-BR,S-ZF-UN,S-ZE-UN,B-ZB-BR,B-ZF-BO,B-ZB-BR,B-ZD-BR,S-ZF-UN
182,2018.10.27 00:00,USDCAD,60,86400,BUY,ZC,1,1.30976,1.30144,832.0,1.31588,1.30645,943.0,113.341,60.22,331.0,196.4,1.30976,1.30645,1.31919,BREAK,2018.11.09 12:00,0,,0,,0,,0,NA,London,BOUNCE,2018.11.10 01:00,NA,,1.29813,UNTOUCHED,,0,,0,,0,,0,NA,Other,NA,,NA,,1.31307,BREAK,2018.10.29 20:00,0,,0,,0,,0,NA,NewYork,BOUNCE,2018.11.01 11:00,NA,,1.30314,UNTOUCHED,,0,,0,,0,,0,NA,Other,NA,,NA,,S-ZD-UN,B-ZF-BR,B-ZF-BR,S-ZB-UN,S-ZO-BR,B-ZE-BO,S-ZG-UN,B-ZD-BO,B-ZF-BR,S-ZB-BR,B-ZH-BR,B-ZF-BR,S-ZF-UN,S-ZE-UN,B-ZB-BR,B-ZF-BO,B-ZB-BR,B-ZD-BR,S-ZF-UN,S-ZC-UN
183,2018.10.30 00:00,USDCAD,60,86400,BUY,ZH,1,1.31026,1.30783,243.0,1.31485,1.30815,670.0,275.720,13.17,211.0,57.3,1.31026,1.30815,1.31696,BREAK,2018.11.08 23:00,0,,0,,0,,0,NA,Other,BREAK,2018.11.09 13:00,BREAK,2018.11.09 20:00,1.30572,BREAK,2018.11.02 10:00,0,,0,,0,,0,NA,London,UNTOUCHED,,NA,,1.31237,BREAK,2018.10.30 00:00,0,,0,,0,,0,NA,Asia,BOUNCE,2018.10.30 23:00,NA,,1.30604,BREAK,2018.11.02 10:00,0,,0,,0,,0,NA,London,UNTOUCHED,,NA,,B-ZC-BR,S-ZD-UN,B-ZF-BR,B-ZF-BR,S-ZB-UN,S-ZO-BR,B-ZE-BO,S-ZG-UN,B-ZD-BO,B-ZF-BR,B-ZF-BR,S-ZF-UN,S-ZE-UN,B-ZB-BR,B-ZF-BO,B-ZB-BR,B-ZD-BR,S-ZF-UN,S-ZC-UN,B-ZF-BR
184,2018.11.01 00:00,USDCAD,60,86400,BUY,ZF,0,1.31463,1.30996,467.0,1.31691,1.31044,647.0,138.544,10.28,419.0,110.2,1.31463,1.31044,1.32110,BREAK,2018.11.09 20:00,0,,0,,0,,0,NA,NewYork,BOUNCE,2018.11.14 17:00,NA,,1.30577,BOUNCE,2018.11.02 10:00,1,2018.11.06 21:00,1,2018.11.09 11:00,1,2018.11.09 20:00,3,1w 0d,London,NA,,NA,,1.31882,BREAK,2018.11.09 11:00,0,,0,,0,,0,NA,London,BOUNCE,2018.11.12 05:00,NA,,1.30625,BREAK,2018.11.02 10:00,0,,0,,0,,0,NA,London,UNTOUCHED,,NA,,B-ZH-BR,B-ZC-BR,S-ZD-UN,B-ZF-BR,B-ZF-BR,S-ZB-UN,S-ZO-BR,B-ZE-BO,S-ZG-UN,B-ZD-BO,S-ZF-UN,S-ZE-UN,B-ZB-BR,B-ZF-BO,B-ZB-BR,B-ZD-BR,S-ZF-UN,S-ZC-UN,B-ZF-BR,B-ZE-BO
185,2018.11.02 00:00,USDCAD,60,86400,SELL,ZF,0,1.31691,1.31044,647.0,1.31682,1.30678,1004.0,155.178,1.39,638.0,152.7,1.31682,1.31044,1.30040,UNTOUCHED,,0,,0,,0,,0,NA,Other,NA,,NA,,1.32329,BREAK,2018.11.13 00:00,0,,0,,0,,0,NA,Asia,BREAK,2018.11.20 23:00,BREAK,2018.12.05 19:00,1.30406,UNTOUCHED,,0,,0,,0,,0,NA,Other,NA,,NA,,1.32320,BREAK,2018.11.09 20:00,0,,0,,0,,0,NA,NewYork,BREAK,2018.11.20 23:00,BREAK,2018.12.05 19:00,B-ZF-BR,B-ZH-BR,B-ZC-BR,S-ZD-UN,B-ZF-BR,B-ZF-BR,S-ZB-UN,S-ZO-BR,B-ZE-BO,S-ZG-UN,S-ZE-UN,B-ZB-BR,B-ZF-BO,B-ZB-BR,B-ZD-BR,S-ZF-UN,S-ZC-UN,B-ZF-BR,B-ZE-BO,B-ZO-BR
186,2018.11.03 00:00,USDCAD,60,86400,SELL,ZE,1,1.31682,1.30678,1004.0,1.31182,1.30476,706.0,70.319,49.80,504.0,236.9,1.31182,1.30678,1.29972,UNTOUCHED,,0,,0,,0,,0,NA,Other,NA,,NA,,1.32186,BREAK,2018.11.09 20:00,0,,0,,0,,0,NA,NewYork,BREAK,2018.11.20 22:00,BREAK,2018.11.28 19:00,1.30174,UNTOUCHED,,0,,0,,0,,0,NA,Other,NA,,NA,,1.31686,BOUNCE,2018.11.08 23:00,0,,0,,0,,0,NA,Other,NA,,NA,,S-ZF-UN,B-ZF-BR,B-ZH-BR,B-ZC-BR,S-ZD-UN,B-ZF-BR,B-ZF-BR,S-ZB-UN,S-ZO-BR,B-ZE-BO,B-ZB-BR,B-ZF-BO,B-ZB-BR,B-ZD-BR,S-ZF-UN,S-ZC-UN,B-ZF-BR,B-ZE-BO,B-ZO-BR,B-ZG-BR
187,2018.11.07 00:00,USDCAD,60,86400,BUY,ZB,1,1.31151,1.30700,451.0,1.31436,1.30980,456.0,101.109,62.08,171.0,106.4,1.31151,1.30980,1.31607,BREAK,2018.11.08 23:00,0,,0,,0,,0,NA,Other,BOUNCE,2018.11.09 00:00,NA,,1.30529,UNTOUCHED,,0,,0,,0,,0,NA,Other,NA,,NA,,1.31322,BOUNCE,2018.11.07 00:00,1,2018.11.07 13:00,0,,0,,1,13h,Asia,NA,,NA,,1.30809,BOUNCE,2018.11.07 13:00,1,2018.11.08 23:00,1,2018.11.08 23:00,0,,2,1d 10h,NewYork,NA,,NA,,S-ZE-UN,S-ZF-UN,B-ZF-BR,B-ZH-BR,B-ZC-BR,S-ZD-UN,B-ZF-BR,B-ZF-BR,S-ZB-UN,S-ZO-BR,B-ZF-BO,B-ZB-BR,B-ZD-BR,S-ZF-UN,S-ZC-UN,B-ZF-BR,B-ZE-BO,B-ZO-BR,B-ZG-BR,B-ZC-BO
188,2018.11.09 00:00,USDCAD,60,86400,BUY,ZF,0,1.31578,1.30553,1025.0,1.31825,1.30864,961.0,93.756,30.34,714.0,241.9,1.31578,1.30864,1.32539,BOUNCE,2018.11.13 19:00,0,,0,,0,,0,NA,NewYork,NA,,NA,,1.29839,UNTOUCHED,,0,,0,,0,,0,NA,Other,NA,,NA,,1.32292,BREAK,2018.11.09 20:00,0,,0,,0,,0,NA,NewYork,BOUNCE,2018.11.22 01:00,NA,,1.30150,UNTOUCHED,,0,,0,,0,,0,NA,Other,NA,,NA,,B-ZB-BR,S-ZE-UN,S-ZF-UN,B-ZF-BR,B-ZH-BR,B-ZC-BR,S-ZD-UN,B-ZF-BR,B-ZF-BR,S-ZB-UN,B-ZB-BR,B-ZD-BR,S-ZF-UN,S-ZC-UN,B-ZF-BR,B-ZE-BO,B-ZO-BR,B-ZG-BR,B-ZC-BO,B-ZH-BR
189,2018.11.10 00:00,USDCAD,60,86400,BUY,ZB,1,1.31825,1.30864,961.0,1.32323,1.31394,929.0,96.670,55.15,431.0,226.8,1.31825,1.31394,1.32754,BREAK,2018.11.20 22:00,0,,0,,0,,0,NA,Other,BREAK,2018.11.28 18:00,BREAK,2018.12.05 19:00,1.30433,UNTOUCHED,,0,,0,,0,,0,NA,Other,NA,,NA,,1.32256,BREAK,2018.11.12 20:00,0,,0,,0,,0,NA,NewYork,BOUNCE,2018.11.20 20:00,NA,,1.30963,UNTOUCHED,,0,,0,,0,,0,NA,Other,NA,,NA,,B-ZF-BO,B-ZB-BR,S-ZE-UN,S-ZF-UN,B-ZF-BR,B-ZH-BR,B-ZC-BR,S-ZD-UN,B-ZF-BR,B-ZF-BR,B-ZD-BR,S-ZF-UN,S-ZC-UN,B-ZF-BR,B-ZE-BO,B-ZO-BR,B-ZG-BR,B-ZC-BO,B-ZH-BR,B-ZE-BR
190,2018.11.14 00:00,USDCAD,60,86400,BUY,ZD,1,1.32314,1.31819,495.0,1.32626,1.32143,483.0,97.576,65.45,171.0,116.8,1.32314,1.32143,1.32797,BREAK,2018.11.20 22:00,0,,0,,0,,0,NA,Other,BREAK,2018.11.20 23:00,BOUNCE,2018.11.21 02:00,1.31648,BOUNCE,2018.11.15 23:00,1,2018.11.19 19:00,1,2018.11.20 19:00,1,2018.11.20 22:00,3,4d 23h,Other,NA,,NA,,1.32485,BOUNCE,2018.11.14 00:00,1,2018.11.15 20:00,1,2018.11.15 23:00,0,,2,1d 23h,Asia,NA,,NA,,1.31972,BOUNCE,2018.11.15 20:00,1,2018.11.20 19:00,1,2018.11.20 19:00,0,,2,4d 23h,NewYork,NA,,NA,,B-ZB-BR,B-ZF-BO,B-ZB-BR,S-ZE-UN,S-ZF-UN,B-ZF-BR,B-ZH-BR,B-ZC-BR,S-ZD-UN,B-ZF-BR,S-ZF-UN,S-ZC-UN,B-ZF-BR,B-ZE-BO,B-ZO-BR,B-ZG-BR,B-ZC-BO,B-ZH-BR,B-ZE-BR,S-ZF-BR
191,2018.11.16 00:00,USDCAD,60,86400,SELL,ZF,1,1.32631,1.32065,566.0,1.32515,1.31552,963.0,170.141,20.49,450.0,133.6,1.32515,1.32065,1.31102,UNTOUCHED,,0,,0,,0,,0,NA,Other,NA,,NA,,1.33081,BOUNCE,2018.11.20 23:00,1,2018.11.22 16:00,1,2018.12.03 12:00,0,,2,1w 5d,Other,NA,,NA,,1.31615,BREAK,2018.11.16 06:00,0,,0,,0,,0,NA,Asia,UNTOUCHED,,NA,,1.32965,BREAK,2018.11.20 22:00,0,,0,,0,,0,NA,Other,BREAK,2018.11.28 19:00,BOUNCE,2018.12.05 19:00,B-ZD-BR,B-ZB-BR,B-ZF-BO,B-ZB-BR,S-ZE-UN,S-ZF-UN,B-ZF-BR,B-ZH-BR,B-ZC-BR,S-ZD-UN,S-ZC-UN,B-ZF-BR,B-ZE-BO,B-ZO-BR,B-ZG-BR,B-ZC-BO,B-ZH-BR,B-ZE-BR,S-ZF-BR,B-ZG-BR
192,2018.11.17 00:00,USDCAD,60,86400,SELL,ZC,1,1.32515,1.31552,963.0,1.31892,1.31261,631.0,65.524,64.69,340.0,227.3,1.31892,1.31552,1.30921,UNTOUCHED,,0,,0,,0,,0,NA,Other,NA,,NA,,1.32855,BREAK,2018.11.20 22:00,0,,0,,0,,0,NA,Other,BREAK,2018.11.28 18:00,BOUNCE,2018.11.28 20:00,1.31212,UNTOUCHED,,0,,0,,0,,0,NA,Other,NA,,NA,,1.32232,BREAK,2018.11.20 18:00,0,,0,,0,,0,NA,NewYork,BREAK,2018.11.20 22:00,BREAK,2018.11.20 23:00,S-ZF-UN,B-ZD-BR,B-ZB-BR,B-ZF-BO,B-ZB-BR,S-ZE-UN,S-ZF-UN,B-ZF-BR,B-ZH-BR,B-ZC-BR,B-ZF-BR,B-ZE-BO,B-ZO-BR,B-ZG-BR,B-ZC-BO,B-ZH-BR,B-ZE-BR,S-ZF-BR,B-ZG-BR,B-ZF-BR
193,2018.11.21 00:00,USDCAD,60,86400,BUY,ZF,1,1.32009,1.31405,604.0,1.33147,1.31545,1602.0,265.232,23.18,464.0,142.5,1.32009,1.31545,1.33611,BREAK,2018.12.05 19:00,0,,0,,0,,0,NA,NewYork,BREAK,2018.12.06 12:00,BREAK,2018.12.18 20:00,1.30941,UNTOUCHED,,0,,0,,0,,0,NA,Other,NA,,NA,,1.32473,BREAK,2018.11.21 00:00,0,,0,,0,,0,NA,Asia,BREAK,2018.11.21 01:00,BREAK,2018.11.28 19:00,1.31081,UNTOUCHED,,0,,0,,0,,0,NA,Other,NA,,NA,,S-ZC-UN,S-ZF-UN,B-ZD-BR,B-ZB-BR,B-ZF-BO,B-ZB-BR,S-ZE-UN,S-ZF-UN,B-ZF-BR,B-ZH-BR,B-ZE-BO,B-ZO-BR,B-ZG-BR,B-ZC-BO,B-ZH-BR,B-ZE-BR,S-ZF-BR,B-ZG-BR,B-ZF-BR,B-ZD-BR
194,2018.11.22 00:00,USDCAD,60,86400,BUY,ZE,1,1.33147,1.31545,1602.0,1.33172,1.32354,818.0,51.061,50.50,793.0,378.1,1.33147,1.32354,1.33965,BOUNCE,2018.12.05 19:00,0,,0,,0,,0,NA,NewYork,NA,,NA,,1.30752,UNTOUCHED,,0,,0,,0,,0,NA,Other,NA,,NA,,1.33940,BOUNCE,2018.12.05 19:00,0,,0,,0,,0,NA,NewYork,NA,,NA,,1.31561,UNTOUCHED,,0,,0,,0,,0,NA,Other,NA,,NA,,B-ZF-BR,S-ZC-UN,S-ZF-UN,B-ZD-BR,B-ZB-BR,B-ZF-BO,B-ZB-BR,S-ZE-UN,S-ZF-UN,B-ZF-BR,B-ZO-BR,B-ZG-BR,B-ZC-BO,B-ZH-BR,B-ZE-BR,S-ZF-BR,B-ZG-BR,B-ZF-BR,B-ZD-BR,B-ZG-BR
195,2018.11.29 00:00,USDCAD,60,86400,BUY,ZO,0,1.33272,1.32352,920.0,1.33589,1.32411,1178.0,128.043,6.41,861.0,217.1,1.33272,1.32411,1.34450,BREAK,2018.12.18 20:00,0,,0,,0,,0,NA,NewYork,BREAK,2018.12.21 17:00,BREAK,2018.12.27 18:00,1.31491,UNTOUCHED,,0,,0,,0,,0,NA,Other,NA,,NA,,1.34133,BREAK,2018.12.06 12:00,0,,0,,0,,0,NA,London,BREAK,2018.12.20 20:00,BREAK,2018.12.24 22:00,1.31550,UNTOUCHED,,0,,0,,0,,0,NA,Other,NA,,NA,,B-ZE-BO,B-ZF-BR,S-ZC-UN,S-ZF-UN,B-ZD-BR,B-ZB-BR,B-ZF-BO,B-ZB-BR,S-ZE-UN,S-ZF-UN,B-ZG-BR,B-ZC-BO,B-ZH-BR,B-ZE-BR,S-ZF-BR,B-ZG-BR,B-ZF-BR,B-ZD-BR,B-ZG-BR,B-ZO-BR
196,2018.12.01 00:00,USDCAD,60,86400,BUY,ZG,0,1.33119,1.32524,595.0,1.33324,1.32704,620.0,104.202,30.25,415.0,140.4,1.33119,1.32704,1.33739,BREAK,2018.12.05 19:00,0,,0,,0,,0,NA,NewYork,BREAK,2018.12.06 13:00,BREAK,2018.12.18 21:00,1.32109,BREAK,2018.12.03 08:00,0,,0,,0,,0,NA,London,BOUNCE,2018.12.03 22:00,NA,,1.33534,BREAK,2018.12.05 19:00,0,,0,,0,,0,NA,NewYork,BREAK,2018.12.06 12:00,BOUNCE,2018.12.06 17:00,1.32289,BREAK,2018.12.03 06:00,0,,0,,0,,0,NA,Asia,BREAK,2018.12.03 11:00,UNTOUCHED,,B-ZO-BR,B-ZE-BO,B-ZF-BR,S-ZC-UN,S-ZF-UN,B-ZD-BR,B-ZB-BR,B-ZF-BO,B-ZB-BR,S-ZE-UN,B-ZC-BO,B-ZH-BR,B-ZE-BR,S-ZF-BR,B-ZG-BR,B-ZF-BR,B-ZD-BR,B-ZG-BR,B-ZO-BR,B-ZB-BR
197,2018.12.07 00:00,USDCAD,60,86400,BUY,ZC,1,1.33984,1.32432,1552.0,1.34438,1.33527,911.0,58.698,70.55,457.0,366.3,1.33984,1.33527,1.34895,BOUNCE,2018.12.18 22:00,1,2019.01.04 19:00,1,2019.01.07 19:00,1,2019.01.09 19:00,3,3w 0d,Other,NA,,NA,,1.31975,BOUNCE,2019.01.09 19:00,1,2019.01.14 10:00,0,,0,,1,4d 15h,NewYork,NA,,NA,,1.34441,BREAK,2018.12.18 20:00,0,,0,,0,,0,NA,NewYork,BOUNCE,2018.12.19 16:00,NA,,1.33070,BOUNCE,2018.12.07 17:00,1,2018.12.18 20:00,1,2018.12.18 20:00,0,,2,1w 4d,NewYork,NA,,NA,,B-ZG-BR,B-ZO-BR,B-ZE-BO,B-ZF-BR,S-ZC-UN,S-ZF-UN,B-ZD-BR,B-ZB-BR,B-ZF-BO,B-ZB-BR,B-ZH-BR,B-ZE-BR,S-ZF-BR,B-ZG-BR,B-ZF-BR,B-ZD-BR,B-ZG-BR,B-ZO-BR,B-ZB-BR,B-ZO-BO
198,2018.12.11 00:00,USDCAD,60,86400,BUY,ZH,1,1.33227,1.32814,413.0,1.34157,1.32918,1239.0,300.000,25.18,309.0,97.5,1.33227,1.32918,1.34466,BREAK,2018.12.18 20:00,0,,0,,0,,0,NA,NewYork,BREAK,2018.12.18 21:00,BREAK,2018.12.20 20:00,1.32505,BREAK,2019.01.09 03:00,0,,0,,0,,0,NA,Asia,BREAK,2019.01.09 19:00,BOUNCE,2019.01.11 17:00,1.33536,BREAK,2018.12.11 00:00,0,,0,,0,,0,NA,Asia,BREAK,2018.12.11 01:00,BOUNCE,2018.12.11 15:00,1.32609,BREAK,2019.01.09 03:00,0,,0,,0,,0,NA,Asia,BREAK,2019.01.09 18:00,BREAK,2019.01.09 19:00,B-ZC-BO,B-ZG-BR,B-ZO-BR,B-ZE-BO,B-ZF-BR,S-ZC-UN,S-ZF-UN,B-ZD-BR,B-ZB-BR,B-ZF-BO,B-ZE-BR,S-ZF-BR,B-ZG-BR,B-ZF-BR,B-ZD-BR,B-ZG-BR,B-ZO-BR,B-ZB-BR,B-ZO-BO,S-ZF-BR
199,2018.12.12 00:00,USDCAD,60,86400,BUY,ZE,1,1.34157,1.32918,1239.0,1.34231,1.33773,458.0,36.965,69.01,384.0,292.4,1.34157,1.33773,1.34615,BREAK,2018.12.18 20:00,0,,0,,0,,0,NA,NewYork,BOUNCE,2018.12.20 13:00,NA,,1.32534,BREAK,2019.01.09 03:00,0,,0,,0,,0,NA,Asia,BREAK,2019.01.09 19:00,BREAK,2019.01.30 23:00,1.34541,BREAK,2018.12.18 20:00,0,,0,,0,,0,NA,NewYork,BOUNCE,2018.12.19 01:00,NA,,1.33389,BOUNCE,2018.12.12 19:00,1,2018.12.18 20:00,1,2018.12.18 20:00,0,,2,6d 1h,NewYork,NA,,NA,,B-ZH-BR,B-ZC-BO,B-ZG-BR,B-ZO-BR,B-ZE-BO,B-ZF-BR,S-ZC-UN,S-ZF-UN,B-ZD-BR,B-ZB-BR,S-ZF-BR,B-ZG-BR,B-ZF-BR,B-ZD-BR,B-ZG-BR,B-ZO-BR,B-ZB-BR,B-ZO-BO,S-ZF-BR,S-ZB-BR
200,2018.12.13 00:00,USDCAD,60,86400,SELL,ZF,1,1.34231,1.33773,458.0,1.34077,1.33217,860.0,187.773,33.62,304.0,108.1,1.34077,1.33773,1.32913,BREAK,2019.01.07 20:00,0,,0,,0,,0,NA,NewYork,BREAK,2019.01.09 03:00,BREAK,2019.01.09 18:00,1.34535,BREAK,2018.12.18 20:00,0,,0,,0,,0,NA,NewYork,BREAK,2018.12.18 23:00,BREAK,2018.12.20 20:00,1.33469,BOUNCE,2018.12.13 00:00,1,2018.12.18 19:00,1,2018.12.18 20:00,0,,2,5d 20h,Asia,NA,,NA,,1.34381,BREAK,2018.12.18 19:00,0,,0,,0,,0,NA,NewYork,BREAK,2018.12.18 21:00,BOUNCE,2018.12.19 23:00,B-ZE-BR,B-ZH-BR,B-ZC-BO,B-ZG-BR,B-ZO-BR,B-ZE-BO,B-ZF-BR,S-ZC-UN,S-ZF-UN,B-ZD-BR,B-ZG-BR,B-ZF-BR,B-ZD-BR,B-ZG-BR,B-ZO-BR,B-ZB-BR,B-ZO-BO,S-ZF-BR,S-ZB-BR,S-ZE-BR
201,2018.12.15 00:00,USDCAD,60,86400,BUY,ZG,0,1.33831,1.33374,457.0,1.34004,1.33447,557.0,121.882,15.97,384.0,107.9,1.33831,1.33447,1.34388,BREAK,2018.12.18 19:00,0,,0,,0,,0,NA,NewYork,BREAK,2018.12.18 21:00,BREAK,2018.12.20 20:00,1.32990,BREAK,2019.01.07 20:00,0,,0,,0,,0,NA,NewYork,BREAK,2019.01.09 03:00,BREAK,2019.01.09 19:00,1.34215,BREAK,2018.12.18 18:00,0,,0,,0,,0,NA,NewYork,BREAK,2018.12.18 21:00,BOUNCE,2018.12.19 23:00,1.33063,BREAK,2019.01.07 19:00,0,,0,,0,,0,NA,NewYork,BOUNCE,2019.01.08 17:00,NA,,S-ZF-BR,B-ZE-BR,B-ZH-BR,B-ZC-BO,B-ZG-BR,B-ZO-BR,B-ZE-BO,B-ZF-BR,S-ZC-UN,S-ZF-UN,B-ZF-BR,B-ZD-BR,B-ZG-BR,B-ZO-BR,B-ZB-BR,B-ZO-BO,S-ZF-BR,S-ZB-BR,S-ZE-BR,S-ZB-BR
202,2018.12.18 00:00,USDCAD,60,86400,BUY,ZF,1,1.33941,1.33684,257.0,1.34107,1.33715,392.0,152.529,12.06,226.0,60.7,1.33941,1.33715,1.34333,BREAK,2018.12.18 19:00,0,,0,,0,,0,NA,NewYork,BREAK,2018.12.18 20:00,BREAK,2018.12.18 21:00,1.33458,BOUNCE,2019.01.07 12:00,0,,0,,0,,0,NA,London,NA,,NA,,1.34167,BOUNCE,2018.12.18 00:00,1,2019.01.07 12:00,1,2019.01.07 12:00,0,,2,2w 6d,Asia,NA,,NA,,1.33489,BREAK,2019.01.07 12:00,0,,0,,0,,0,NA,London,BREAK,2019.01.07 19:00,BREAK,2019.01.07 20:00,B-ZG-BR,S-ZF-BR,B-ZE-BR,B-ZH-BR,B-ZC-BO,B-ZG-BR,B-ZO-BR,B-ZE-BO,B-ZF-BR,S-ZC-UN,B-ZD-BR,B-ZG-BR,B-ZO-BR,B-ZB-BR,B-ZO-BO,S-ZF-BR,S-ZB-BR,S-ZE-BR,S-ZB-BR,S-ZO-BR
203,2018.12.19 00:00,USDCAD,60,86400,BUY,ZD,1,1.34107,1.33715,392.0,1.34960,1.33897,1063.0,271.173,46.43,210.0,92.5,1.34107,1.33897,1.35170,BREAK,2018.12.20 20:00,0,,0,,0,,0,NA,NewYork,BREAK,2018.12.21 17:00,BOUNCE,2018.12.21 19:00,1.33505,BREAK,2019.01.07 11:00,0,,0,,0,,0,NA,London,BREAK,2019.01.07 19:00,BREAK,2019.01.07 20:00,1.34317,BREAK,2018.12.19 00:00,0,,0,,0,,0,NA,Asia,BREAK,2018.12.19 01:00,BOUNCE,2018.12.19 15:00,1.33687,BREAK,2019.01.07 03:00,0,,0,,0,,0,NA,Asia,BOUNCE,2019.01.07 15:00,NA,,B-ZF-BR,B-ZG-BR,S-ZF-BR,B-ZE-BR,B-ZH-BR,B-ZC-BO,B-ZG-BR,B-ZO-BR,B-ZE-BO,B-ZF-BR,B-ZG-BR,B-ZO-BR,B-ZB-BR,B-ZO-BO,S-ZF-BR,S-ZB-BR,S-ZE-BR,S-ZB-BR,S-ZO-BR,B-ZG-BO
204,2018.12.20 00:00,USDCAD,60,86400,BUY,ZG,0,1.34960,1.33897,1063.0,1.34992,1.34144,848.0,79.774,23.24,816.0,250.9,1.34960,1.34144,1.35808,BREAK,2018.12.21 21:00,0,,0,,0,,0,NA,Other,BOUNCE,2019.01.02 11:00,NA,,1.33081,BREAK,2019.01.07 19:00,0,,0,,0,,0,NA,NewYork,BREAK,2019.01.09 19:00,BREAK,2019.01.30 23:00,1.35776,BREAK,2018.12.21 21:00,0,,0,,0,,0,NA,Other,BOUNCE,2019.01.02 11:00,NA,,1.33328,BREAK,2019.01.07 19:00,0,,0,,0,,0,NA,NewYork,BREAK,2019.01.09 11:00,BREAK,2019.01.30 23:00,B-ZD-BR,B-ZF-BR,B-ZG-BR,S-ZF-BR,B-ZE-BR,B-ZH-BR,B-ZC-BO,B-ZG-BR,B-ZO-BR,B-ZE-BO,B-ZO-BR,B-ZB-BR,B-ZO-BO,S-ZF-BR,S-ZB-BR,S-ZE-BR,S-ZB-BR,S-ZO-BR,B-ZG-BO,S-ZC-BR
205,2018.12.21 00:00,USDCAD,60,86400,BUY,ZO,0,1.34992,1.34144,848.0,1.35296,1.34454,842.0,99.292,36.56,538.0,200.1,1.34992,1.34454,1.35834,BREAK,2018.12.21 22:00,0,,0,,0,,0,NA,Other,BREAK,2018.12.27 18:00,UNTOUCHED,,1.33606,BREAK,2019.01.07 06:00,0,,0,,0,,0,NA,Asia,BREAK,2019.01.07 20:00,BREAK,2019.01.09 06:00,1.35530,BREAK,2018.12.21 17:00,0,,0,,0,,0,NA,NewYork,BREAK,2018.12.27 13:00,BOUNCE,2019.01.02 09:00,1.33916,BOUNCE,2019.01.04 19:00,0,,0,,0,,0,NA,NewYork,NA,,NA,,B-ZG-BR,B-ZD-BR,B-ZF-BR,B-ZG-BR,S-ZF-BR,B-ZE-BR,B-ZH-BR,B-ZC-BO,B-ZG-BR,B-ZO-BR,B-ZB-BR,B-ZO-BO,S-ZF-BR,S-ZB-BR,S-ZE-BR,S-ZB-BR,S-ZO-BR,B-ZG-BO,S-ZC-BR,B-ZE-BR
206,2018.12.22 00:00,USDCAD,60,86400,BUY,ZB,1,1.35296,1.34454,842.0,1.35947,1.34847,1100.0,130.641,46.67,449.0,198.7,1.35296,1.34847,1.36396,BREAK,2018.12.27 18:00,0,,0,,0,,0,NA,NewYork,UNTOUCHED,,NA,,1.34005,BOUNCE,2019.01.04 19:00,0,,0,,0,,0,NA,NewYork,NA,,NA,,1.35745,BREAK,2018.12.22 00:00,0,,0,,0,,0,NA,Asia,BREAK,2018.12.27 18:00,UNTOUCHED,,1.34398,BREAK,2019.01.04 12:00,0,,0,,0,,0,NA,London,BREAK,2019.01.05 01:00,BREAK,2019.01.07 19:00,B-ZO-BR,B-ZG-BR,B-ZD-BR,B-ZF-BR,B-ZG-BR,S-ZF-BR,B-ZE-BR,B-ZH-BR,B-ZC-BO,B-ZG-BR,B-ZO-BO,S-ZF-BR,S-ZB-BR,S-ZE-BR,S-ZB-BR,S-ZO-BR,B-ZG-BO,S-ZC-BR,B-ZE-BR,B-ZB-UN
207,2018.12.27 00:00,USDCAD,60,86400,BUY,ZO,0,1.36102,1.35639,463.0,1.36175,1.35720,455.0,98.272,17.49,382.0,109.3,1.36102,1.35720,1.36557,BOUNCE,2018.12.27 18:00,1,2019.01.02 11:00,1,2019.01.03 17:00,1,2019.01.03 18:00,3,1w 0d,NewYork,NA,,NA,,1.35257,BREAK,2019.01.03 18:00,0,,0,,0,,0,NA,NewYork,BREAK,2019.01.03 20:00,BREAK,2019.01.04 12:00,1.36484,BREAK,2018.12.27 18:00,0,,0,,0,,0,NA,NewYork,UNTOUCHED,,NA,,1.35338,BOUNCE,2019.01.03 17:00,0,,0,,0,,0,NA,NewYork,NA,,NA,,B-ZB-BR,B-ZO-BR,B-ZG-BR,B-ZD-BR,B-ZF-BR,B-ZG-BR,S-ZF-BR,B-ZE-BR,B-ZH-BR,B-ZC-BO,S-ZF-BR,S-ZB-BR,S-ZE-BR,S-ZB-BR,S-ZO-BR,B-ZG-BO,S-ZC-BR,B-ZE-BR,B-ZB-UN,B-ZO-UN
208,2019.01.04 00:00,USDCAD,60,86400,SELL,ZF,1,1.36614,1.35683,931.0,1.36534,1.34682,1852.0,198.926,8.59,851.0,219.7,1.36534,1.35683,1.33831,BREAK,2019.01.04 19:00,0,,0,,0,,0,NA,NewYork,BREAK,2019.01.08 07:00,BREAK,2019.01.09 19:00,1.37465,UNTOUCHED,,0,,0,,0,,0,NA,Other,NA,,NA,,1.34832,BREAK,2019.01.04 00:00,0,,0,,0,,0,NA,Asia,BREAK,2019.01.05 01:00,BREAK,2019.01.07 20:00,1.37385,UNTOUCHED,,0,,0,,0,,0,NA,Other,NA,,NA,,B-ZO-BO,B-ZB-BR,B-ZO-BR,B-ZG-BR,B-ZD-BR,B-ZF-BR,B-ZG-BR,S-ZF-BR,B-ZE-BR,B-ZH-BR,S-ZB-BR,S-ZE-BR,S-ZB-BR,S-ZO-BR,B-ZG-BO,S-ZC-BR,B-ZE-BR,B-ZB-UN,B-ZO-UN,B-ZG-BR
209,2019.01.08 00:00,USDCAD,60,86400,SELL,ZB,1,1.34042,1.33717,325.0,1.33888,1.32776,1112.0,342.154,47.38,171.0,76.7,1.33888,1.33717,1.32605,BREAK,2019.01.09 03:00,0,,0,,0,,0,NA,Asia,BREAK,2019.01.09 06:00,BOUNCE,2019.01.09 12:00,1.34213,UNTOUCHED,,0,,0,,0,,0,NA,Other,NA,,NA,,1.33546,BREAK,2019.01.08 00:00,0,,0,,0,,0,NA,Asia,BREAK,2019.01.08 01:00,BREAK,2019.01.08 02:00,1.34059,UNTOUCHED,,0,,0,,0,,0,NA,Other,NA,,NA,,S-ZF-BR,B-ZO-BO,B-ZB-BR,B-ZO-BR,B-ZG-BR,B-ZD-BR,B-ZF-BR,B-ZG-BR,S-ZF-BR,B-ZE-BR,S-ZE-BR,S-ZB-BR,S-ZO-BR,B-ZG-BO,S-ZC-BR,B-ZE-BR,B-ZB-UN,B-ZO-UN,B-ZG-BR,S-ZF-BR
210,2019.01.09 00:00,USDCAD,60,86400,SELL,ZE,1,1.33888,1.32776,1112.0,1.33220,1.32665,555.0,49.910,60.07,444.0,262.4,1.33220,1.32776,1.32221,BREAK,2019.01.09 18:00,0,,0,,0,,0,NA,NewYork,BREAK,2019.01.30 23:00,BREAK,2019.02.01 18:00,1.34332,UNTOUCHED,,0,,0,,0,,0,NA,Other,NA,,NA,,1.32332,BREAK,2019.01.09 06:00,0,,0,,0,,0,NA,Asia,BOUNCE,2019.01.11 17:00,NA,,1.33664,BOUNCE,2019.01.23 19:00,1,2019.01.25 23:00,1,2019.01.25 23:00,0,,2,2d 4h,NewYork,NA,,NA,,S-ZB-BR,S-ZF-BR,B-ZO-BO,B-ZB-BR,B-ZO-BR,B-ZG-BR,B-ZD-BR,B-ZF-BR,B-ZG-BR,S-ZF-BR,S-ZB-BR,S-ZO-BR,B-ZG-BO,S-ZC-BR,B-ZE-BR,B-ZB-UN,B-ZO-UN,B-ZG-BR,S-ZF-BR,S-ZF-UN
211,2019.01.10 00:00,USDCAD,60,86400,SELL,ZB,1,1.33220,1.32665,555.0,1.32823,1.31799,1024.0,184.505,71.53,158.0,131.0,1.32823,1.32665,1.31641,BREAK,2019.01.30 23:00,0,,0,,0,,0,NA,Other,BREAK,2019.01.31 00:00,BREAK,2019.01.31 11:00,1.33378,BOUNCE,2019.01.22 12:00,1,2019.01.23 17:00,1,2019.01.25 18:00,1,2019.01.30 23:00,3,1w 1d,London,NA,,NA,,1.32507,BREAK,2019.01.10 00:00,0,,0,,0,,0,NA,Asia,BREAK,2019.01.10 01:00,BREAK,2019.01.10 02:00,1.32981,BOUNCE,2019.01.17 12:00,1,2019.01.17 23:00,1,2019.01.17 23:00,0,,2,11h,London,NA,,NA,,S-ZE-BR,S-ZB-BR,S-ZF-BR,B-ZO-BO,B-ZB-BR,B-ZO-BR,B-ZG-BR,B-ZD-BR,B-ZF-BR,B-ZG-BR,S-ZO-BR,B-ZG-BO,S-ZC-BR,B-ZE-BR,B-ZB-UN,B-ZO-UN,B-ZG-BR,S-ZF-BR,S-ZF-UN,B-ZG-BR
212,2019.01.16 00:00,USDCAD,60,86400,SELL,ZO,0,1.32965,1.32449,516.0,1.32934,1.32252,682.0,132.171,6.01,485.0,121.8,1.32934,1.32449,1.31767,BREAK,2019.01.30 23:00,0,,0,,0,,0,NA,Other,BREAK,2019.02.01 17:00,BOUNCE,2019.02.04 18:00,1.33450,BREAK,2019.01.22 17:00,0,,0,,0,,0,NA,NewYork,UNTOUCHED,,NA,,1.31964,BREAK,2019.01.30 19:00,0,,0,,0,,0,NA,NewYork,BREAK,2019.01.31 00:00,BREAK,2019.02.01 19:00,1.33419,BREAK,2019.01.22 12:00,0,,0,,0,,0,NA,London,UNTOUCHED,,NA,,S-ZB-BR,S-ZE-BR,S-ZB-BR,S-ZF-BR,B-ZO-BO,B-ZB-BR,B-ZO-BR,B-ZG-BR,B-ZD-BR,B-ZF-BR,B-ZG-BO,S-ZC-BR,B-ZE-BR,B-ZB-UN,B-ZO-UN,B-ZG-BR,S-ZF-BR,S-ZF-UN,B-ZG-BR,B-ZB-BR
213,2019.01.18 00:00,USDCAD,60,86400,BUY,ZG,1,1.32832,1.32342,490.0,1.33180,1.32381,799.0,163.061,7.96,451.0,115.6,1.32832,1.32381,1.33631,BOUNCE,2019.01.23 19:00,1,2019.01.25 18:00,1,2019.01.30 19:00,1,2019.01.30 20:00,3,1w 0d,NewYork,NA,,NA,,1.31891,BREAK,2019.01.30 20:00,0,,0,,0,,0,NA,NewYork,BREAK,2019.01.31 00:00,BREAK,2019.02.01 19:00,1.33283,BREAK,2019.01.22 10:00,0,,0,,0,,0,NA,London,BOUNCE,2019.01.25 06:00,NA,,1.31930,BREAK,2019.01.30 19:00,0,,0,,0,,0,NA,NewYork,BREAK,2019.01.31 00:00,BREAK,2019.02.01 19:00,S-ZO-BR,S-ZB-BR,S-ZE-BR,S-ZB-BR,S-ZF-BR,B-ZO-BO,B-ZB-BR,B-ZO-BR,B-ZG-BR,B-ZD-BR,S-ZC-BR,B-ZE-BR,B-ZB-UN,B-ZO-UN,B-ZG-BR,S-ZF-BR,S-ZF-UN,B-ZG-BR,B-ZB-BR,B-ZO-BR
214,2019.01.19 00:00,USDCAD,60,86400,SELL,ZC,1,1.33180,1.32381,799.0,1.32820,1.32306,514.0,64.330,45.06,439.0,188.6,1.32820,1.32381,1.31867,BREAK,2019.01.30 23:00,0,,0,,0,,0,NA,Other,BREAK,2019.01.31 09:00,BREAK,2019.02.01 21:00,1.33619,BOUNCE,2019.01.23 19:00,1,2019.01.25 18:00,1,2019.01.30 19:00,1,2019.01.30 23:00,3,1w 0d,NewYork,NA,,NA,,1.31942,BREAK,2019.01.30 19:00,0,,0,,0,,0,NA,NewYork,BREAK,2019.01.31 00:00,BREAK,2019.02.01 19:00,1.33259,BREAK,2019.01.22 10:00,0,,0,,0,,0,NA,London,BOUNCE,2019.01.25 06:00,NA,,B-ZG-BO,S-ZO-BR,S-ZB-BR,S-ZE-BR,S-ZB-BR,S-ZF-BR,B-ZO-BO,B-ZB-BR,B-ZO-BR,B-ZG-BR,B-ZE-BR,B-ZB-UN,B-ZO-UN,B-ZG-BR,S-ZF-BR,S-ZF-UN,B-ZG-BR,B-ZB-BR,B-ZO-BR,S-ZF-BR
215,2019.01.21 02:00,USDCAD,60,86400,BUY,ZE,1,1.32820,1.32306,514.0,1.32831,1.32625,206.0,40.078,62.06,195.0,121.3,1.32820,1.32625,1.33026,BREAK,2019.01.21 17:00,0,,0,,0,,0,NA,NewYork,BREAK,2019.01.22 11:00,BOUNCE,2019.01.22 14:00,1.32111,BOUNCE,2019.01.28 03:00,1,2019.01.28 17:00,1,2019.02.07 21:00,1,2019.02.07 21:00,3,1w 3d,Asia,NA,,NA,,1.33015,BREAK,2019.01.21 17:00,0,,0,,0,,0,NA,NewYork,BREAK,2019.01.22 11:00,BOUNCE,2019.01.22 14:00,1.32430,BOUNCE,2019.01.25 19:00,1,2019.02.07 21:00,1,2019.02.07 21:00,0,,2,1w 6d,NewYork,NA,,NA,,S-ZC-BR,B-ZG-BO,S-ZO-BR,S-ZB-BR,S-ZE-BR,S-ZB-BR,S-ZF-BR,B-ZO-BO,B-ZB-BR,B-ZO-BR,B-ZB-UN,B-ZO-UN,B-ZG-BR,S-ZF-BR,S-ZF-UN,B-ZG-BR,B-ZB-BR,B-ZO-BR,S-ZF-BR,S-ZE-BO
216,2019.01.23 00:00,USDCAD,60,86400,BUY,ZB,1,1.33175,1.32506,669.0,1.33534,1.32878,656.0,98.057,55.61,297.0,157.9,1.33175,1.32878,1.33831,UNTOUCHED,,0,,0,,0,,0,NA,Other,NA,,NA,,1.32209,BREAK,2019.01.26 01:00,0,,0,,0,,0,NA,Asia,BREAK,2019.01.30 23:00,BREAK,2019.01.31 00:00,1.33472,BOUNCE,2019.01.23 00:00,1,2019.01.25 18:00,1,2019.01.26 01:00,0,,2,3d 1h,Asia,NA,,NA,,1.32581,BOUNCE,2019.01.25 18:00,1,2019.03.05 14:00,1,2019.03.05 14:00,0,,2,5w 3d,NewYork,NA,,NA,,B-ZE-BR,S-ZC-BR,B-ZG-BO,S-ZO-BR,S-ZB-BR,S-ZE-BR,S-ZB-BR,S-ZF-BR,B-ZO-BO,B-ZB-BR,B-ZO-UN,B-ZG-BR,S-ZF-BR,S-ZF-UN,B-ZG-BR,B-ZB-BR,B-ZO-BR,S-ZF-BR,S-ZE-BO,B-ZD-BR
217,2019.01.24 00:00,USDCAD,60,86400,BUY,ZO,0,1.33534,1.32878,656.0,1.33698,1.33041,657.0,100.152,24.85,493.0,154.8,1.33534,1.33041,1.34191,UNTOUCHED,,0,,0,,0,,0,NA,Other,NA,,NA,,1.32385,BREAK,2019.01.25 19:00,0,,0,,0,,0,NA,NewYork,BREAK,2019.01.30 23:00,BREAK,2019.01.31 09:00,1.34027,UNTOUCHED,,0,,0,,0,,0,NA,Other,NA,,NA,,1.32548,BREAK,2019.01.25 18:00,0,,0,,0,,0,NA,NewYork,BOUNCE,2019.01.28 17:00,NA,,B-ZB-UN,B-ZE-BR,S-ZC-BR,B-ZG-BO,S-ZO-BR,S-ZB-BR,S-ZE-BR,S-ZB-BR,S-ZF-BR,B-ZO-BO,B-ZG-BR,S-ZF-BR,S-ZF-UN,B-ZG-BR,B-ZB-BR,B-ZO-BR,S-ZF-BR,S-ZE-BO,B-ZD-BR,B-ZF-BR
218,2019.01.25 00:00,USDCAD,60,86400,BUY,ZG,0,1.33698,1.33041,657.0,1.33742,1.33284,458.0,69.711,36.99,414.0,155.1,1.33698,1.33284,1.34156,BREAK,2019.03.06 19:00,0,,0,,0,,0,NA,NewYork,BOUNCE,2019.03.08 17:00,NA,,1.32627,BREAK,2019.01.25 18:00,0,,0,,0,,0,NA,NewYork,BREAK,2019.01.28 05:00,BREAK,2019.01.30 23:00,1.34112,BREAK,2019.03.06 19:00,0,,0,,0,,0,NA,NewYork,BOUNCE,2019.03.08 17:00,NA,,1.32870,BREAK,2019.01.25 17:00,0,,0,,0,,0,NA,NewYork,BREAK,2019.01.25 23:00,BOUNCE,2019.01.28 17:00,B-ZO-UN,B-ZB-UN,B-ZE-BR,S-ZC-BR,B-ZG-BO,S-ZO-BR,S-ZB-BR,S-ZE-BR,S-ZB-BR,S-ZF-BR,S-ZF-BR,S-ZF-UN,B-ZG-BR,B-ZB-BR,B-ZO-BR,S-ZF-BR,S-ZE-BO,B-ZD-BR,B-ZF-BR,B-ZE-BR
219,2019.01.26 00:00,USDCAD,60,86400,SELL,ZF,1,1.33742,1.33284,458.0,1.33611,1.32270,1341.0,292.795,28.60,327.0,108.1,1.33611,1.33284,1.31943,BREAK,2019.01.30 19:00,0,,0,,0,,0,NA,NewYork,BREAK,2019.01.31 00:00,BOUNCE,2019.01.31 18:00,1.34069,BREAK,2019.03.06 19:00,0,,0,,0,,0,NA,NewYork,BREAK,2019.03.07 22:00,UNTOUCHED,,1.32957,BREAK,2019.01.26 00:00,0,,0,,0,,0,NA,Asia,BREAK,2019.01.26 01:00,BREAK,2019.01.28 02:00,1.33938,BREAK,2019.03.06 19:00,0,,0,,0,,0,NA,NewYork,BREAK,2019.03.06 20:00,BOUNCE,2019.03.08 17:00,B-ZG-BR,B-ZO-UN,B-ZB-UN,B-ZE-BR,S-ZC-BR,B-ZG-BO,S-ZO-BR,S-ZB-BR,S-ZE-BR,S-ZB-BR,S-ZF-UN,B-ZG-BR,B-ZB-BR,B-ZO-BR,S-ZF-BR,S-ZE-BO,B-ZD-BR,B-ZF-BR,B-ZE-BR,B-ZE-BR
220,2019.02.02 00:00,USDCAD,60,86400,SELL,ZF,1,1.31643,1.31194,449.0,1.31565,1.30677,888.0,197.773,17.37,371.0,106.0,1.31565,1.31194,1.30306,UNTOUCHED,,0,,0,,0,,0,NA,Other,NA,,NA,,1.32014,BREAK,2019.02.06 15:00,0,,0,,0,,0,NA,NewYork,BREAK,2019.02.07 12:00,BREAK,2019.02.07 20:00,1.30823,UNTOUCHED,,0,,0,,0,,0,NA,Other,NA,,NA,,1.31936,BREAK,2019.02.06 11:00,0,,0,,0,,0,NA,London,BREAK,2019.02.07 06:00,BREAK,2019.02.07 17:00,S-ZF-BR,B-ZG-BR,B-ZO-UN,B-ZB-UN,B-ZE-BR,S-ZC-BR,B-ZG-BO,S-ZO-BR,S-ZB-BR,S-ZE-BR,B-ZG-BR,B-ZB-BR,B-ZO-BR,S-ZF-BR,S-ZE-BO,B-ZD-BR,B-ZF-BR,B-ZE-BR,B-ZE-BR,B-ZB-BR
221,2019.02.06 00:00,USDCAD,60,86400,BUY,ZG,0,1.31466,1.30845,621.0,1.31523,1.31012,511.0,82.287,26.89,454.0,146.6,1.31466,1.31012,1.31977,BREAK,2019.02.06 11:00,0,,0,,0,,0,NA,London,BREAK,2019.02.07 17:00,BREAK,2019.02.07 21:00,1.30391,UNTOUCHED,,0,,0,,0,,0,NA,Other,NA,,NA,,1.31920,BREAK,2019.02.06 11:00,0,,0,,0,,0,NA,London,BREAK,2019.02.07 12:00,BREAK,2019.02.07 21:00,1.30558,UNTOUCHED,,0,,0,,0,,0,NA,Other,NA,,NA,,S-ZF-UN,S-ZF-BR,B-ZG-BR,B-ZO-UN,B-ZB-UN,B-ZE-BR,S-ZC-BR,B-ZG-BO,S-ZO-BR,S-ZB-BR,B-ZB-BR,B-ZO-BR,S-ZF-BR,S-ZE-BO,B-ZD-BR,B-ZF-BR,B-ZE-BR,B-ZE-BR,B-ZB-BR,B-ZB-UN
222,2019.02.07 00:00,USDCAD,60,86400,BUY,ZB,1,1.31523,1.31012,511.0,1.32072,1.31237,835.0,163.405,44.03,286.0,120.6,1.31523,1.31237,1.32358,BREAK,2019.02.07 06:00,0,,0,,0,,0,NA,Asia,BREAK,2019.02.07 17:00,BOUNCE,2019.02.07 20:00,1.30726,UNTOUCHED,,0,,0,,0,,0,NA,Other,NA,,NA,,1.31809,BREAK,2019.02.07 00:00,0,,0,,0,,0,NA,Asia,BREAK,2019.02.07 05:00,BREAK,2019.02.07 12:00,1.30951,UNTOUCHED,,0,,0,,0,,0,NA,Other,NA,,NA,,B-ZG-BR,S-ZF-UN,S-ZF-BR,B-ZG-BR,B-ZO-UN,B-ZB-UN,B-ZE-BR,S-ZC-BR,B-ZG-BO,S-ZO-BR,B-ZO-BR,S-ZF-BR,S-ZE-BO,B-ZD-BR,B-ZF-BR,B-ZE-BR,B-ZE-BR,B-ZB-BR,B-ZB-UN,B-ZB-UN
223,2019.02.09 00:00,USDCAD,60,86400,BUY,ZO,0,1.33164,1.31987,1177.0,1.33283,1.32314,969.0,82.328,27.78,850.0,277.8,1.33164,1.32314,1.34133,BREAK,2019.03.06 19:00,0,,0,,0,,0,NA,NewYork,UNTOUCHED,,NA,,1.31137,BOUNCE,2019.02.25 15:00,1,2019.03.01 22:00,1,2019.03.06 19:00,1,2019.03.06 19:00,3,1w 2d,NewYork,NA,,NA,,1.34014,BREAK,2019.03.06 19:00,0,,0,,0,,0,NA,NewYork,UNTOUCHED,,NA,,1.31464,BREAK,2019.02.22 22:00,0,,0,,0,,0,NA,Other,UNTOUCHED,,NA,,B-ZB-BR,B-ZG-BR,S-ZF-UN,S-ZF-BR,B-ZG-BR,B-ZO-UN,B-ZB-UN,B-ZE-BR,S-ZC-BR,B-ZG-BO,S-ZF-BR,S-ZE-BO,B-ZD-BR,B-ZF-BR,B-ZE-BR,B-ZE-BR,B-ZB-BR,B-ZB-UN,B-ZB-UN,S-ZD-BR
224,2019.02.13 00:00,USDCAD,60,86400,SELL,ZF,0,1.33180,1.32608,572.0,1.33138,1.32322,816.0,142.657,7.34,530.0,135.0,1.33138,1.32608,1.31792,BREAK,2019.02.20 15:00,0,,0,,0,,0,NA,NewYork,BREAK,2019.02.25 15:00,UNTOUCHED,,1.33710,BREAK,2019.03.06 06:00,0,,0,,0,,0,NA,Asia,BREAK,2019.03.06 19:00,UNTOUCHED,,1.32078,BOUNCE,2019.02.13 05:00,1,2019.03.06 05:00,1,2019.03.06 06:00,0,,2,3w 0d,Asia,NA,,NA,,1.33668,BREAK,2019.03.06 05:00,0,,0,,0,,0,NA,Asia,BREAK,2019.03.06 19:00,UNTOUCHED,,B-ZO-BR,B-ZB-BR,B-ZG-BR,S-ZF-UN,S-ZF-BR,B-ZG-BR,B-ZO-UN,B-ZB-UN,B-ZE-BR,S-ZC-BR,S-ZE-BO,B-ZD-BR,B-ZF-BR,B-ZE-BR,B-ZE-BR,B-ZB-BR,B-ZB-UN,B-ZB-UN,S-ZD-BR,S-ZD-BO
225,2019.02.14 00:00,USDCAD,60,86400,SELL,ZE,1,1.33138,1.32322,816.0,1.32562,1.31951,611.0,74.877,70.59,240.0,192.6,1.32562,1.32322,1.31711,BOUNCE,2019.02.20 17:00,1,2019.02.21 23:00,1,2019.03.01 21:00,1,2019.03.05 11:00,3,1w 5d,NewYork,NA,,NA,,1.33378,BOUNCE,2019.02.14 19:00,1,2019.02.14 21:00,1,2019.02.19 22:00,1,2019.02.20 17:00,3,5d 22h,NewYork,NA,,NA,,1.32082,BREAK,2019.02.19 22:00,0,,0,,0,,0,NA,Other,BREAK,2019.02.20 20:00,BOUNCE,2019.02.21 05:00,1.32802,BREAK,2019.02.14 17:00,0,,0,,0,,0,NA,NewYork,BREAK,2019.02.14 18:00,BOUNCE,2019.02.14 21:00,S-ZF-BR,B-ZO-BR,B-ZB-BR,B-ZG-BR,S-ZF-UN,S-ZF-BR,B-ZG-BR,B-ZO-UN,B-ZB-UN,B-ZE-BR,B-ZD-BR,B-ZF-BR,B-ZE-BR,B-ZE-BR,B-ZB-BR,B-ZB-UN,B-ZB-UN,S-ZD-BR,S-ZD-BO,S-ZO-UN
226,2019.02.15 00:00,USDCAD,60,86400,BUY,ZD,1,1.32562,1.31951,611.0,1.33395,1.32279,1116.0,182.651,53.68,283.0,144.2,1.32562,1.32279,1.33678,BREAK,2019.03.06 05:00,0,,0,,0,,0,NA,Asia,BREAK,2019.03.06 19:00,BREAK,2019.03.06 20:00,1.31668,BREAK,2019.02.20 19:00,0,,0,,0,,0,NA,NewYork,BOUNCE,2019.02.22 22:00,NA,,1.32845,BREAK,2019.02.15 00:00,0,,0,,0,,0,NA,Asia,BREAK,2019.03.04 20:00,BREAK,2019.03.05 19:00,1.31996,BREAK,2019.02.20 05:00,0,,0,,0,,0,NA,Asia,BREAK,2019.02.20 20:00,BREAK,2019.02.25 04:00,S-ZE-BO,S-ZF-BR,B-ZO-BR,B-ZB-BR,B-ZG-BR,S-ZF-UN,S-ZF-BR,B-ZG-BR,B-ZO-UN,B-ZB-UN,B-ZF-BR,B-ZE-BR,B-ZE-BR,B-ZB-BR,B-ZB-UN,B-ZB-UN,S-ZD-BR,S-ZD-BO,S-ZO-UN,B-ZG-BR
227,2019.02.22 00:00,USDCAD,60,86400,BUY,ZF,0,1.32165,1.31492,673.0,1.32304,1.31527,777.0,115.453,5.20,638.0,158.8,1.32165,1.31527,1.32942,BREAK,2019.03.01 23:00,0,,0,,0,,0,NA,Other,BREAK,2019.03.06 14:00,BREAK,2019.03.06 19:00,1.30854,UNTOUCHED,,0,,0,,0,,0,NA,Other,NA,,NA,,1.32803,BREAK,2019.03.01 21:00,0,,0,,0,,0,NA,Other,BREAK,2019.03.06 04:00,BREAK,2019.03.06 19:00,1.30889,UNTOUCHED,,0,,0,,0,,0,NA,Other,NA,,NA,,B-ZD-BR,S-ZE-BO,S-ZF-BR,B-ZO-BR,B-ZB-BR,B-ZG-BR,S-ZF-UN,S-ZF-BR,B-ZG-BR,B-ZO-UN,B-ZE-BR,B-ZE-BR,B-ZB-BR,B-ZB-UN,B-ZB-UN,S-ZD-BR,S-ZD-BO,S-ZO-UN,B-ZG-BR,S-ZG-UN
228,2019.02.27 00:00,USDCAD,60,86400,BUY,ZE,1,1.31964,1.31118,846.0,1.32348,1.31607,741.0,87.589,57.80,357.0,199.7,1.31964,1.31607,1.32705,BREAK,2019.03.01 20:00,0,,0,,0,,0,NA,NewYork,BREAK,2019.03.04 20:00,BREAK,2019.03.06 05:00,1.30761,UNTOUCHED,,0,,0,,0,,0,NA,Other,NA,,NA,,1.32321,BOUNCE,2019.03.01 17:00,0,,0,,0,,0,NA,NewYork,NA,,NA,,1.31250,BOUNCE,2019.02.27 17:00,1,2019.03.01 17:00,1,2019.03.01 17:00,0,,2,2d 0h,NewYork,NA,,NA,,B-ZF-BR,B-ZD-BR,S-ZE-BO,S-ZF-BR,B-ZO-BR,B-ZB-BR,B-ZG-BR,S-ZF-UN,S-ZF-BR,B-ZG-BR,B-ZE-BR,B-ZB-BR,B-ZB-UN,B-ZB-UN,S-ZD-BR,S-ZD-BO,S-ZO-UN,B-ZG-BR,S-ZG-UN,B-ZO-BO
229,2019.03.01 00:00,USDCAD,60,86400,BUY,ZE,1,1.31754,1.31173,581.0,1.32063,1.31393,670.0,115.318,37.87,361.0,137.1,1.31754,1.31393,1.32424,BREAK,2019.03.01 19:00,0,,0,,0,,0,NA,NewYork,BREAK,2019.03.01 23:00,BREAK,2019.03.04 20:00,1.30812,UNTOUCHED,,0,,0,,0,,0,NA,Other,NA,,NA,,1.32115,BREAK,2019.03.01 17:00,0,,0,,0,,0,NA,NewYork,BOUNCE,2019.03.01 19:00,NA,,1.31032,UNTOUCHED,,0,,0,,0,,0,NA,Other,NA,,NA,,B-ZE-BR,B-ZF-BR,B-ZD-BR,S-ZE-BO,S-ZF-BR,B-ZO-BR,B-ZB-BR,B-ZG-BR,S-ZF-UN,S-ZF-BR,B-ZB-BR,B-ZB-UN,B-ZB-UN,S-ZD-BR,S-ZD-BO,S-ZO-UN,B-ZG-BR,S-ZG-UN,B-ZO-BO,B-ZF-BR
230,2019.03.06 00:00,USDCAD,60,86400,BUY,ZB,1,1.33368,1.32739,629.0,1.33592,1.33005,587.0,93.323,42.29,363.0,148.4,1.33368,1.33005,1.33955,BREAK,2019.03.06 19:00,0,,0,,0,,0,NA,NewYork,BREAK,2019.03.06 20:00,UNTOUCHED,,1.32376,UNTOUCHED,,0,,0,,0,,0,NA,Other,NA,,NA,,1.33731,BREAK,2019.03.06 13:00,0,,0,,0,,0,NA,NewYork,BREAK,2019.03.06 19:00,BREAK,2019.03.08 00:00,1.32642,BOUNCE,2019.03.19 16:00,1,2019.03.21 19:00,1,2019.03.21 19:00,0,,2,2d 3h,NewYork,NA,,NA,,B-ZE-BR,B-ZE-BR,B-ZF-BR,B-ZD-BR,S-ZE-BO,S-ZF-BR,B-ZO-BR,B-ZB-BR,B-ZG-BR,S-ZF-UN,B-ZB-UN,B-ZB-UN,S-ZD-BR,S-ZD-BO,S-ZO-UN,B-ZG-BR,S-ZG-UN,B-ZO-BO,B-ZF-BR,B-ZB-BR
231,2019.03.07 00:00,USDCAD,60,86400,BUY,ZB,1,1.33592,1.33005,587.0,1.34565,1.33408,1157.0,197.104,68.65,184.0,138.5,1.33592,1.33408,1.34749,UNTOUCHED,,0,,0,,0,,0,NA,Other,NA,,NA,,1.32821,BREAK,2019.03.19 16:00,0,,0,,0,,0,NA,NewYork,BREAK,2019.03.19 17:00,UNTOUCHED,,1.33776,BREAK,2019.03.07 00:00,0,,0,,0,,0,NA,Asia,BREAK,2019.03.07 01:00,BREAK,2019.03.07 02:00,1.33224,BOUNCE,2019.03.13 17:00,1,2019.03.21 19:00,1,2019.03.21 19:00,0,,2,1w 1d,NewYork,NA,,NA,,B-ZB-BR,B-ZE-BR,B-ZE-BR,B-ZF-BR,B-ZD-BR,S-ZE-BO,S-ZF-BR,B-ZO-BR,B-ZB-BR,B-ZG-BR,B-ZB-UN,S-ZD-BR,S-ZD-BO,S-ZO-UN,B-ZG-BR,S-ZG-UN,B-ZO-BO,B-ZF-BR,B-ZB-BR,S-ZD-BR
232,2019.03.08 00:00,USDCAD,60,86400,BUY,ZB,1,1.34565,1.33408,1157.0,1.34601,1.34125,476.0,41.141,61.97,440.0,273.1,1.34565,1.34125,1.35041,UNTOUCHED,,0,,0,,0,,0,NA,Other,NA,,NA,,1.32968,BOUNCE,2019.03.13 23:00,1,2019.03.21 20:00,0,,0,,1,1w 0d,Other,NA,,NA,,1.35005,UNTOUCHED,,0,,0,,0,,0,NA,Other,NA,,NA,,1.33685,BREAK,2019.03.12 21:00,0,,0,,0,,0,NA,Other,BREAK,2019.03.13 23:00,BREAK,2019.03.19 17:00,B-ZB-UN,B-ZB-BR,B-ZE-BR,B-ZE-BR,B-ZF-BR,B-ZD-BR,S-ZE-BO,S-ZF-BR,B-ZO-BR,B-ZB-BR,S-ZD-BR,S-ZD-BO,S-ZO-UN,B-ZG-BR,S-ZG-UN,B-ZO-BO,B-ZF-BR,B-ZB-BR,S-ZD-BR,B-ZG-BR
233,2019.03.13 00:00,USDCAD,60,86400,SELL,ZD,1,1.34391,1.33941,450.0,1.34162,1.33513,649.0,144.222,50.89,221.0,106.2,1.34162,1.33941,1.33292,BREAK,2019.03.13 17:00,0,,0,,0,,0,NA,NewYork,BREAK,2019.03.13 23:00,BREAK,2019.03.19 16:00,1.34612,UNTOUCHED,,0,,0,,0,,0,NA,Other,NA,,NA,,1.33720,BREAK,2019.03.13 00:00,0,,0,,0,,0,NA,Asia,BREAK,2019.03.13 17:00,BREAK,2019.03.13 18:00,1.34383,BOUNCE,2019.03.25 05:00,1,2019.03.26 18:00,1,2019.03.26 18:00,0,,2,1d 13h,Asia,NA,,NA,,B-ZB-UN,B-ZB-UN,B-ZB-BR,B-ZE-BR,B-ZE-BR,B-ZF-BR,B-ZD-BR,S-ZE-BO,S-ZF-BR,B-ZO-BR,S-ZD-BO,S-ZO-UN,B-ZG-BR,S-ZG-UN,B-ZO-BO,B-ZF-BR,B-ZB-BR,S-ZD-BR,B-ZG-BR,B-ZF-BR
234,2019.03.14 00:00,USDCAD,60,86400,SELL,ZD,1,1.34162,1.33513,649.0,1.33705,1.32896,809.0,124.653,70.42,192.0,153.2,1.33705,1.33513,1.32704,BOUNCE,2019.03.19 16:00,1,2019.03.19 20:00,1,2019.03.21 20:00,1,2019.03.25 04:00,3,5d 12h,NewYork,NA,,NA,,1.34354,BOUNCE,2019.03.25 04:00,1,2019.03.26 03:00,1,2019.04.01 20:00,0,,2,1w 0d,Asia,NA,,NA,,1.33321,BREAK,2019.03.14 00:00,0,,0,,0,,0,NA,Asia,BREAK,2019.03.14 01:00,BOUNCE,2019.03.14 08:00,1.33897,BOUNCE,2019.03.21 20:00,1,2019.04.01 20:00,1,2019.04.01 20:00,0,,2,1w 4d,NewYork,NA,,NA,,S-ZD-BR,B-ZB-UN,B-ZB-UN,B-ZB-BR,B-ZE-BR,B-ZE-BR,B-ZF-BR,B-ZD-BR,S-ZE-BO,S-ZF-BR,S-ZO-UN,B-ZG-BR,S-ZG-UN,B-ZO-BO,B-ZF-BR,B-ZB-BR,S-ZD-BR,B-ZG-BR,B-ZF-BR,S-ZF-BO
235,2019.03.15 00:00,USDCAD,60,86400,SELL,ZO,0,1.33705,1.32896,809.0,1.33463,1.32861,602.0,74.413,29.91,567.0,190.9,1.33463,1.32896,1.32294,UNTOUCHED,,0,,0,,0,,0,NA,Other,NA,,NA,,1.34272,BREAK,2019.03.22 23:00,0,,0,,0,,0,NA,Other,BREAK,2019.04.24 18:00,BREAK,2019.05.31 14:00,1.32329,UNTOUCHED,,0,,0,,0,,0,NA,Other,NA,,NA,,1.34030,BREAK,2019.03.22 15:00,0,,0,,0,,0,NA,NewYork,BREAK,2019.04.24 18:00,BREAK,2019.05.29 18:00,S-ZD-BO,S-ZD-BR,B-ZB-UN,B-ZB-UN,B-ZB-BR,B-ZE-BR,B-ZE-BR,B-ZF-BR,B-ZD-BR,S-ZE-BO,B-ZG-BR,S-ZG-UN,B-ZO-BO,B-ZF-BR,B-ZB-BR,S-ZD-BR,B-ZG-BR,B-ZF-BR,S-ZF-BO,B-ZG-BR
236,2019.03.16 00:00,USDCAD,60,86400,BUY,ZG,0,1.33463,1.32861,602.0,1.33704,1.32883,821.0,136.379,3.65,580.0,142.1,1.33463,1.32883,1.34284,BREAK,2019.03.23 00:00,0,,0,,0,,0,NA,Asia,BREAK,2019.04.24 18:00,BOUNCE,2019.05.30 15:00,1.32281,UNTOUCHED,,0,,0,,0,,0,NA,Other,NA,,NA,,1.34043,BREAK,2019.03.22 16:00,0,,0,,0,,0,NA,NewYork,BREAK,2019.04.24 18:00,BREAK,2019.05.29 18:00,1.32303,UNTOUCHED,,0,,0,,0,,0,NA,Other,NA,,NA,,S-ZO-UN,S-ZD-BO,S-ZD-BR,B-ZB-UN,B-ZB-UN,B-ZB-BR,B-ZE-BR,B-ZE-BR,B-ZF-BR,B-ZD-BR,S-ZG-UN,B-ZO-BO,B-ZF-BR,B-ZB-BR,S-ZD-BR,B-ZG-BR,B-ZF-BR,S-ZF-BO,B-ZG-BR,S-ZG-UN
237,2019.03.20 00:00,USDCAD,60,86400,SELL,ZG,1,1.33645,1.33006,639.0,1.33436,1.32497,939.0,146.948,32.71,430.0,150.8,1.33436,1.33006,1.32067,UNTOUCHED,,0,,0,,0,,0,NA,Other,NA,,NA,,1.34075,BREAK,2019.03.22 16:00,0,,0,,0,,0,NA,NewYork,BREAK,2019.04.24 18:00,BREAK,2019.04.25 12:00,1.32576,BOUNCE,2019.03.20 22:00,1,2019.03.21 20:00,1,2019.03.22 16:00,0,,2,1d 18h,Other,NA,,NA,,1.33866,BREAK,2019.03.21 20:00,0,,0,,0,,0,NA,NewYork,BOUNCE,2019.03.26 05:00,NA,,B-ZG-BR,S-ZO-UN,S-ZD-BO,S-ZD-BR,B-ZB-UN,B-ZB-UN,B-ZB-BR,B-ZE-BR,B-ZE-BR,B-ZF-BR,B-ZO-BO,B-ZF-BR,B-ZB-BR,S-ZD-BR,B-ZG-BR,B-ZF-BR,S-ZF-BO,B-ZG-BR,S-ZG-UN,B-ZB-BO
238,2019.03.21 00:00,USDCAD,60,86400,BUY,ZO,0,1.33436,1.32497,939.0,1.33467,1.32568,899.0,95.740,7.56,868.0,221.6,1.33436,1.32568,1.34335,BOUNCE,2019.03.25 04:00,0,,0,,0,,0,NA,Asia,NA,,NA,,1.31629,UNTOUCHED,,0,,0,,0,,0,NA,Other,NA,,NA,,1.34304,BOUNCE,2019.03.25 04:00,0,,0,,0,,0,NA,Asia,NA,,NA,,1.31700,UNTOUCHED,,0,,0,,0,,0,NA,Other,NA,,NA,,S-ZG-UN,B-ZG-BR,S-ZO-UN,S-ZD-BO,S-ZD-BR,B-ZB-UN,B-ZB-UN,B-ZB-BR,B-ZE-BR,B-ZE-BR,B-ZF-BR,B-ZB-BR,S-ZD-BR,B-ZG-BR,B-ZF-BR,S-ZF-BO,B-ZG-BR,S-ZG-UN,B-ZB-BO,B-ZF-BR
239,2019.03.22 00:00,USDCAD,60,86400,BUY,ZF,0,1.33467,1.32568,899.0,1.33989,1.32742,1247.0,138.710,19.35,725.0,212.2,1.33467,1.32742,1.34714,BREAK,2019.04.24 18:00,0,,0,,0,,0,NA,NewYork,BOUNCE,2019.06.03 18:00,NA,,1.31843,UNTOUCHED,,0,,0,,0,,0,NA,Other,NA,,NA,,1.34192,BREAK,2019.03.22 16:00,0,,0,,0,,0,NA,NewYork,BREAK,2019.04.24 18:00,UNTOUCHED,,1.32017,UNTOUCHED,,0,,0,,0,,0,NA,Other,NA,,NA,,B-ZO-BO,S-ZG-UN,B-ZG-BR,S-ZO-UN,S-ZD-BO,S-ZD-BR,B-ZB-UN,B-ZB-UN,B-ZB-BR,B-ZE-BR,B-ZB-BR,S-ZD-BR,B-ZG-BR,B-ZF-BR,S-ZF-BO,B-ZG-BR,S-ZG-UN,B-ZB-BO,B-ZF-BR,S-ZF-BO
240,2019.03.23 00:00,USDCAD,60,86400,BUY,ZB,1,1.33989,1.32742,1247.0,1.34277,1.33511,766.0,61.427,61.67,478.0,294.3,1.33989,1.33511,1.34755,BREAK,2019.04.24 18:00,0,,0,,0,,0,NA,NewYork,BREAK,2019.05.31 14:00,UNTOUCHED,,1.32264,UNTOUCHED,,0,,0,,0,,0,NA,Other,NA,,NA,,1.34467,BOUNCE,2019.03.28 20:00,1,2019.04.01 22:00,0,,0,,1,4d 2h,NewYork,NA,,NA,,1.33033,BOUNCE,2019.04.01 22:00,1,2019.04.24 05:00,1,2019.04.24 05:00,0,,2,3w 1d,Other,NA,,NA,,B-ZF-BR,B-ZO-BO,S-ZG-UN,B-ZG-BR,S-ZO-UN,S-ZD-BO,S-ZD-BR,B-ZB-UN,B-ZB-UN,B-ZB-BR,S-ZD-BR,B-ZG-BR,B-ZF-BR,S-ZF-BO,B-ZG-BR,S-ZG-UN,B-ZB-BO,B-ZF-BR,S-ZF-BO,S-ZE-UN
241,2019.03.27 00:00,USDCAD,60,86400,SELL,ZD,1,1.34436,1.33985,451.0,1.34156,1.33710,446.0,98.891,62.08,171.0,106.4,1.34156,1.33985,1.33539,BREAK,2019.03.29 16:00,0,,0,,0,,0,NA,NewYork,BOUNCE,2019.04.01 17:00,NA,,1.34607,BOUNCE,2019.04.24 12:00,1,2019.04.30 16:00,1,2019.04.30 21:00,0,,2,6d 9h,London,NA,,NA,,1.33814,BOUNCE,2019.03.27 00:00,1,2019.03.27 19:00,1,2019.04.24 12:00,0,,2,4w 0d,Asia,NA,,NA,,1.34327,BOUNCE,2019.03.27 19:00,1,2019.03.29 16:00,1,2019.03.29 16:00,0,,2,1d 21h,NewYork,NA,,NA,,B-ZB-BR,B-ZF-BR,B-ZO-BO,S-ZG-UN,B-ZG-BR,S-ZO-UN,S-ZD-BO,S-ZD-BR,B-ZB-UN,B-ZB-UN,B-ZG-BR,B-ZF-BR,S-ZF-BO,B-ZG-BR,S-ZG-UN,B-ZB-BO,B-ZF-BR,S-ZF-BO,S-ZE-UN,B-ZE-BO
242,2019.03.28 00:00,USDCAD,60,86400,BUY,ZG,0,1.34156,1.33710,446.0,1.34389,1.33761,628.0,140.807,11.43,395.0,105.3,1.34156,1.33761,1.34784,BREAK,2019.04.24 18:00,0,,0,,0,,0,NA,NewYork,BREAK,2019.05.29 18:00,BOUNCE,2019.05.31 18:00,1.33315,BREAK,2019.04.01 20:00,0,,0,,0,,0,NA,NewYork,BOUNCE,2019.04.10 04:00,NA,,1.34551,BREAK,2019.04.24 05:00,0,,0,,0,,0,NA,Asia,BOUNCE,2019.04.24 19:00,NA,,1.33366,BREAK,2019.04.01 17:00,0,,0,,0,,0,NA,NewYork,BOUNCE,2019.04.02 18:00,NA,,S-ZD-BR,B-ZB-BR,B-ZF-BR,B-ZO-BO,S-ZG-UN,B-ZG-BR,S-ZO-UN,S-ZD-BO,S-ZD-BR,B-ZB-UN,B-ZF-BR,S-ZF-BO,B-ZG-BR,S-ZG-UN,B-ZB-BO,B-ZF-BR,S-ZF-BO,S-ZE-UN,B-ZE-BO,B-ZF-BR
243,2019.03.29 00:00,USDCAD,60,86400,BUY,ZF,0,1.34389,1.33761,628.0,1.34500,1.33952,548.0,87.261,30.41,437.0,148.2,1.34389,1.33952,1.34937,BREAK,2019.04.24 18:00,0,,0,,0,,0,NA,NewYork,BOUNCE,2019.05.30 11:00,NA,,1.33324,BREAK,2019.04.01 20:00,0,,0,,0,,0,NA,NewYork,BOUNCE,2019.04.10 04:00,NA,,1.34826,BREAK,2019.04.24 18:00,0,,0,,0,,0,NA,NewYork,BREAK,2019.05.29 18:00,UNTOUCHED,,1.33515,BOUNCE,2019.03.29 16:00,1,2019.04.24 18:00,1,2019.04.24 18:00,0,,2,3w 5d,NewYork,NA,,NA,,B-ZG-BR,S-ZD-BR,B-ZB-BR,B-ZF-BR,B-ZO-BO,S-ZG-UN,B-ZG-BR,S-ZO-UN,S-ZD-BO,S-ZD-BR,S-ZF-BO,B-ZG-BR,S-ZG-UN,B-ZB-BO,B-ZF-BR,S-ZF-BO,S-ZE-UN,B-ZE-BO,B-ZF-BR,B-ZE-BR
244,2019.03.30 00:00,USDCAD,60,86400,SELL,ZF,1,1.34500,1.33952,548.0,1.34438,1.33407,1031.0,188.139,11.31,486.0,129.3,1.34438,1.33952,1.32921,BOUNCE,2019.04.09 15:00,1,2019.04.11 16:00,1,2019.04.24 18:00,1,2019.04.24 18:00,3,2w 1d,NewYork,NA,,NA,,1.34986,BREAK,2019.04.24 18:00,0,,0,,0,,0,NA,NewYork,BREAK,2019.05.31 14:00,UNTOUCHED,,1.33466,BREAK,2019.04.01 01:00,0,,0,,0,,0,NA,Asia,BOUNCE,2019.04.02 18:00,NA,,1.34924,BREAK,2019.04.24 18:00,0,,0,,0,,0,NA,NewYork,BOUNCE,2019.05.30 13:00,NA,,B-ZF-BR,B-ZG-BR,S-ZD-BR,B-ZB-BR,B-ZF-BR,B-ZO-BO,S-ZG-UN,B-ZG-BR,S-ZO-UN,S-ZD-BO,B-ZG-BR,S-ZG-UN,B-ZB-BO,B-ZF-BR,S-ZF-BO,S-ZE-UN,B-ZE-BO,B-ZF-BR,B-ZE-BR,S-ZB-UN
245,2019.04.03 00:00,USDCAD,60,86400,BUY,ZG,0,1.33700,1.32969,731.0,1.33731,1.32982,749.0,102.462,1.78,718.0,172.5,1.33700,1.32982,1.34449,BREAK,2019.04.24 05:00,0,,0,,0,,0,NA,Asia,BREAK,2019.05.29 18:00,UNTOUCHED,,1.32251,UNTOUCHED,,0,,0,,0,,0,NA,Other,NA,,NA,,1.34418,BREAK,2019.04.23 22:00,0,,0,,0,,0,NA,Other,BOUNCE,2019.04.24 18:00,NA,,1.32264,UNTOUCHED,,0,,0,,0,,0,NA,Other,NA,,NA,,S-ZF-BO,B-ZF-BR,B-ZG-BR,S-ZD-BR,B-ZB-BR,B-ZF-BR,B-ZO-BO,S-ZG-UN,B-ZG-BR,S-ZO-UN,S-ZG-UN,B-ZB-BO,B-ZF-BR,S-ZF-BO,S-ZE-UN,B-ZE-BO,B-ZF-BR,B-ZE-BR,S-ZB-UN,B-ZB-BR
246,2019.04.04 00:00,USDCAD,60,86400,SELL,ZG,0,1.33731,1.32982,749.0,1.33525,1.32953,572.0,76.368,27.50,543.0,176.8,1.33525,1.32982,1.32410,UNTOUCHED,,0,,0,,0,,0,NA,Other,NA,,NA,,1.34274,BREAK,2019.04.23 19:00,0,,0,,0,,0,NA,NewYork,BREAK,2019.04.24 18:00,BREAK,2019.05.31 14:00,1.32439,UNTOUCHED,,0,,0,,0,,0,NA,Other,NA,,NA,,1.34068,BREAK,2019.04.23 16:00,0,,0,,0,,0,NA,NewYork,BREAK,2019.04.24 18:00,BOUNCE,2019.04.26 17:00,B-ZG-BR,S-ZF-BO,B-ZF-BR,B-ZG-BR,S-ZD-BR,B-ZB-BR,B-ZF-BR,B-ZO-BO,S-ZG-UN,B-ZG-BR,B-ZB-BO,B-ZF-BR,S-ZF-BO,S-ZE-UN,B-ZE-BO,B-ZF-BR,B-ZE-BR,S-ZB-UN,B-ZB-BR,B-ZF-BR
247,2019.04.05 00:00,USDCAD,60,86400,BUY,ZB,1,1.33525,1.32953,572.0,1.33720,1.33355,365.0,63.811,70.28,170.0,135.0,1.33525,1.33355,1.33890,BOUNCE,2019.04.05 16:00,1,2019.04.08 17:00,1,2019.04.08 18:00,1,2019.04.17 16:00,3,1w 5d,NewYork,NA,,NA,,1.32783,BOUNCE,2019.04.17 16:00,1,2019.04.17 17:00,1,2019.04.18 12:00,1,2019.04.18 16:00,3,1d 0h,NewYork,NA,,NA,,1.33695,BREAK,2019.04.05 14:00,0,,0,,0,,0,NA,NewYork,BREAK,2019.04.05 16:00,BOUNCE,2019.04.23 16:00,1.33185,BOUNCE,2019.04.08 18:00,1,2019.04.11 16:00,1,2019.04.11 16:00,0,,2,2d 22h,NewYork,NA,,NA,,S-ZG-UN,B-ZG-BR,S-ZF-BO,B-ZF-BR,B-ZG-BR,S-ZD-BR,B-ZB-BR,B-ZF-BR,B-ZO-BO,S-ZG-UN,B-ZF-BR,S-ZF-BO,S-ZE-UN,B-ZE-BO,B-ZF-BR,B-ZE-BR,S-ZB-UN,B-ZB-BR,B-ZF-BR,B-ZB-BO
248,2019.04.06 00:00,USDCAD,60,86400,BUY,ZF,1,1.33720,1.33355,365.0,1.34020,1.33480,540.0,147.945,34.25,240.0,86.1,1.33720,1.33480,1.34260,BREAK,2019.04.23 19:00,0,,0,,0,,0,NA,NewYork,BREAK,2019.04.24 10:00,BREAK,2019.04.24 18:00,1.33115,BREAK,2019.04.08 20:00,0,,0,,0,,0,NA,NewYork,BOUNCE,2019.04.09 17:00,NA,,1.33960,BOUNCE,2019.04.16 11:00,1,2019.04.17 11:00,1,2019.04.17 12:00,0,,2,1d 1h,London,NA,,NA,,1.33240,BREAK,2019.04.08 18:00,0,,0,,0,,0,NA,NewYork,BREAK,2019.04.09 15:00,BOUNCE,2019.04.17 16:00,B-ZB-BO,S-ZG-UN,B-ZG-BR,S-ZF-BO,B-ZF-BR,B-ZG-BR,S-ZD-BR,B-ZB-BR,B-ZF-BR,B-ZO-BO,S-ZF-BO,S-ZE-UN,B-ZE-BO,B-ZF-BR,B-ZE-BR,S-ZB-UN,B-ZB-BR,B-ZF-BR,B-ZB-BO,S-ZD-BO
249,2019.04.09 00:00,USDCAD,60,86400,SELL,ZF,1,1.33902,1.33759,143.0,1.33866,1.33038,828.0,579.021,25.17,107.0,33.7,1.33866,1.33759,1.32931,BOUNCE,2019.04.09 10:00,1,2019.04.09 17:00,1,2019.04.16 11:00,1,2019.04.16 11:00,3,1w 0d,London,NA,,NA,,1.34009,BOUNCE,2019.04.16 11:00,1,2019.04.16 13:00,1,2019.04.16 16:00,1,2019.04.17 16:00,3,1d 5h,London,NA,,NA,,1.33652,BREAK,2019.04.09 00:00,0,,0,,0,,0,NA,Asia,BREAK,2019.04.09 01:00,BREAK,2019.04.09 02:00,1.33973,BREAK,2019.04.16 11:00,0,,0,,0,,0,NA,London,BREAK,2019.04.23 16:00,BOUNCE,2019.04.23 18:00,B-ZF-BR,B-ZB-BO,S-ZG-UN,B-ZG-BR,S-ZF-BO,B-ZF-BR,B-ZG-BR,S-ZD-BR,B-ZB-BR,B-ZF-BR,S-ZE-UN,B-ZE-BO,B-ZF-BR,B-ZE-BR,S-ZB-UN,B-ZB-BR,B-ZF-BR,B-ZB-BO,S-ZD-BO,S-ZO-BR
250,2019.04.10 00:00,USDCAD,60,86400,SELL,ZE,1,1.33866,1.33038,828.0,1.33285,1.32831,454.0,54.831,70.17,247.0,195.4,1.33285,1.33038,1.32584,UNTOUCHED,,0,,0,,0,,0,NA,Other,NA,,NA,,1.34113,BOUNCE,2019.04.23 16:00,0,,0,,0,,0,NA,NewYork,NA,,NA,,1.32791,BOUNCE,2019.04.17 16:00,1,2019.04.18 04:00,1,2019.04.23 16:00,0,,2,6d 0h,NewYork,NA,,NA,,1.33532,BOUNCE,2019.04.10 17:00,1,2019.04.17 16:00,1,2019.04.17 16:00,0,,2,6d 23h,NewYork,NA,,NA,,S-ZF-BO,B-ZF-BR,B-ZB-BO,S-ZG-UN,B-ZG-BR,S-ZF-BO,B-ZF-BR,B-ZG-BR,S-ZD-BR,B-ZB-BR,B-ZE-BO,B-ZF-BR,B-ZE-BR,S-ZB-UN,B-ZB-BR,B-ZF-BR,B-ZB-BO,S-ZD-BO,S-ZO-BR,B-ZB-BO
251,2019.04.11 00:00,USDCAD,60,86400,BUY,ZE,1,1.33285,1.32831,454.0,1.33590,1.33054,536.0,118.062,49.12,231.0,107.1,1.33285,1.33054,1.33821,BOUNCE,2019.04.11 16:00,1,2019.04.12 13:00,1,2019.04.17 16:00,0,,2,6d 0h,NewYork,NA,,NA,,1.32600,UNTOUCHED,,0,,0,,0,,0,NA,Other,NA,,NA,,1.33516,BREAK,2019.04.11 11:00,0,,0,,0,,0,NA,London,BREAK,2019.04.11 17:00,BOUNCE,2019.04.16 15:00,1.32823,BOUNCE,2019.04.17 16:00,1,2019.04.18 01:00,1,2019.04.18 01:00,0,,2,9h,NewYork,NA,,NA,,S-ZE-UN,S-ZF-BO,B-ZF-BR,B-ZB-BO,S-ZG-UN,B-ZG-BR,S-ZF-BO,B-ZF-BR,B-ZG-BR,S-ZD-BR,B-ZF-BR,B-ZE-BR,S-ZB-UN,B-ZB-BR,B-ZF-BR,B-ZB-BO,S-ZD-BO,S-ZO-BR,B-ZB-BO,B-ZD-BR
252,2019.04.12 00:00,USDCAD,60,86400,BUY,ZF,1,1.33590,1.33054,536.0,1.33951,1.33096,855.0,159.515,7.84,494.0,126.5,1.33590,1.33096,1.34445,BREAK,2019.04.24 05:00,0,,0,,0,,0,NA,Asia,BREAK,2019.04.24 18:00,BOUNCE,2019.05.30 11:00,1.32560,UNTOUCHED,,0,,0,,0,,0,NA,Other,NA,,NA,,1.34084,BREAK,2019.04.23 16:00,0,,0,,0,,0,NA,NewYork,BREAK,2019.04.24 18:00,BOUNCE,2019.04.26 17:00,1.32602,UNTOUCHED,,0,,0,,0,,0,NA,Other,NA,,NA,,B-ZE-BO,S-ZE-UN,S-ZF-BO,B-ZF-BR,B-ZB-BO,S-ZG-UN,B-ZG-BR,S-ZF-BO,B-ZF-BR,B-ZG-BR,B-ZE-BR,S-ZB-UN,B-ZB-BR,B-ZF-BR,B-ZB-BO,S-ZD-BO,S-ZO-BR,B-ZB-BO,B-ZD-BR,S-ZO-BR
253,2019.04.17 00:00,USDCAD,60,86400,BUY,ZE,1,1.33895,1.32964,931.0,1.34021,1.33454,567.0,60.902,52.63,441.0,219.7,1.33895,1.33454,1.34462,BREAK,2019.04.24 05:00,0,,0,,0,,0,NA,Asia,BREAK,2019.04.25 13:00,BOUNCE,2019.05.30 13:00,1.32523,UNTOUCHED,,0,,0,,0,,0,NA,Other,NA,,NA,,1.34336,BREAK,2019.04.23 20:00,0,,0,,0,,0,NA,NewYork,BREAK,2019.04.24 18:00,BREAK,2019.05.29 18:00,1.33013,BREAK,2019.04.17 16:00,0,,0,,0,,0,NA,NewYork,UNTOUCHED,,NA,,B-ZF-BR,B-ZE-BO,S-ZE-UN,S-ZF-BO,B-ZF-BR,B-ZB-BO,S-ZG-UN,B-ZG-BR,S-ZF-BO,B-ZF-BR,S-ZB-UN,B-ZB-BR,B-ZF-BR,B-ZB-BO,S-ZD-BO,S-ZO-BR,B-ZB-BO,B-ZD-BR,S-ZO-BR,B-ZO-BR
254,2019.04.18 00:00,USDCAD,60,86400,SELL,ZB,1,1.34021,1.33454,567.0,1.33716,1.32736,980.0,172.840,53.79,262.0,133.8,1.33716,1.33454,1.32474,UNTOUCHED,,0,,0,,0,,0,NA,Other,NA,,NA,,1.34283,BREAK,2019.04.23 20:00,0,,0,,0,,0,NA,NewYork,BREAK,2019.04.24 18:00,BREAK,2019.04.24 19:00,1.33192,UNTOUCHED,,0,,0,,0,,0,NA,Other,NA,,NA,,1.33978,BOUNCE,2019.04.18 16:00,0,,0,,0,,0,NA,NewYork,NA,,NA,,B-ZE-BR,B-ZF-BR,B-ZE-BO,S-ZE-UN,S-ZF-BO,B-ZF-BR,B-ZB-BO,S-ZG-UN,B-ZG-BR,S-ZF-BO,B-ZB-BR,B-ZF-BR,B-ZB-BO,S-ZD-BO,S-ZO-BR,B-ZB-BO,B-ZD-BR,S-ZO-BR,B-ZO-BR,S-ZB-BR
255,2019.04.19 00:00,USDCAD,60,86400,BUY,ZB,1,1.33716,1.32736,980.0,1.33990,1.33311,679.0,69.286,58.67,405.0,231.3,1.33716,1.33311,1.34395,BREAK,2019.04.23 22:00,0,,0,,0,,0,NA,Other,BREAK,2019.04.25 12:00,BREAK,2019.05.29 18:00,1.32331,UNTOUCHED,,0,,0,,0,,0,NA,Other,NA,,NA,,1.34121,BREAK,2019.04.23 18:00,0,,0,,0,,0,NA,NewYork,BREAK,2019.04.24 18:00,BOUNCE,2019.04.26 17:00,1.32906,UNTOUCHED,,0,,0,,0,,0,NA,Other,NA,,NA,,S-ZB-UN,B-ZE-BR,B-ZF-BR,B-ZE-BO,S-ZE-UN,S-ZF-BO,B-ZF-BR,B-ZB-BO,S-ZG-UN,B-ZG-BR,B-ZF-BR,B-ZB-BO,S-ZD-BO,S-ZO-BR,B-ZB-BO,B-ZD-BR,S-ZO-BR,B-ZO-BR,S-ZB-BR,B-ZH-BO
256,2019.04.24 00:00,USDCAD,60,86400,BUY,ZF,1,1.33896,1.33344,552.0,1.34420,1.33424,996.0,180.435,14.49,472.0,130.3,1.33896,1.33424,1.34892,BREAK,2019.04.24 18:00,0,,0,,0,,0,NA,NewYork,BOUNCE,2019.05.30 13:00,NA,,1.32872,UNTOUCHED,,0,,0,,0,,0,NA,Other,NA,,NA,,1.34368,BREAK,2019.04.24 04:00,0,,0,,0,,0,NA,Asia,BREAK,2019.04.24 18:00,BREAK,2019.05.29 18:00,1.32952,UNTOUCHED,,0,,0,,0,,0,NA,Other,NA,,NA,,B-ZB-BR,S-ZB-UN,B-ZE-BR,B-ZF-BR,B-ZE-BO,S-ZE-UN,S-ZF-BO,B-ZF-BR,B-ZB-BO,S-ZG-UN,B-ZB-BO,S-ZD-BO,S-ZO-BR,B-ZB-BO,B-ZD-BR,S-ZO-BR,B-ZO-BR,S-ZB-BR,B-ZH-BO,B-ZE-BO
257,2019.04.25 00:00,USDCAD,60,86400,BUY,ZB,1,1.34420,1.33424,996.0,1.35209,1.34163,1046.0,105.020,74.20,257.0,235.1,1.34420,1.34163,1.35466,BOUNCE,2019.05.31 10:00,1,2019.06.03 06:00,1,2019.06.04 22:00,0,,2,4d 12h,London,NA,,NA,,1.33167,UNTOUCHED,,0,,0,,0,,0,NA,Other,NA,,NA,,1.34677,BREAK,2019.04.25 00:00,0,,0,,0,,0,NA,Asia,BOUNCE,2019.04.26 06:00,NA,,1.33906,BOUNCE,2019.04.30 21:00,1,2019.05.02 18:00,1,2019.05.02 18:00,0,,2,1d 21h,Other,NA,,NA,,B-ZF-BR,B-ZB-BR,S-ZB-UN,B-ZE-BR,B-ZF-BR,B-ZE-BO,S-ZE-UN,S-ZF-BO,B-ZF-BR,B-ZB-BO,S-ZD-BO,S-ZO-BR,B-ZB-BO,B-ZD-BR,S-ZO-BR,B-ZO-BR,S-ZB-BR,B-ZH-BO,B-ZE-BO,S-ZO-BO
258,2019.04.27 00:00,USDCAD,60,86400,SELL,ZD,1,1.35159,1.34781,378.0,1.34972,1.34510,462.0,122.222,49.47,191.0,89.2,1.34972,1.34781,1.34319,BOUNCE,2019.04.30 16:00,1,2019.05.02 18:00,1,2019.05.29 13:00,1,2019.05.29 18:00,3,4w 1d,NewYork,NA,,NA,,1.35350,BREAK,2019.05.29 18:00,0,,0,,0,,0,NA,NewYork,BREAK,2019.05.31 15:00,UNTOUCHED,,1.34590,BREAK,2019.04.27 00:00,0,,0,,0,,0,NA,Asia,BOUNCE,2019.04.30 04:00,NA,,1.35163,BOUNCE,2019.05.29 13:00,1,2019.06.03 18:00,1,2019.06.03 18:00,0,,2,5d 5h,NewYork,NA,,NA,,B-ZB-BO,B-ZF-BR,B-ZB-BR,S-ZB-UN,B-ZE-BR,B-ZF-BR,B-ZE-BO,S-ZE-UN,S-ZF-BO,B-ZF-BR,S-ZO-BR,B-ZB-BO,B-ZD-BR,S-ZO-BR,B-ZO-BR,S-ZB-BR,B-ZH-BO,B-ZE-BO,S-ZO-BO,B-ZE-BR
259,2019.05.02 00:00,USDCAD,60,86400,SELL,ZO,0,1.34793,1.33803,990.0,1.34606,1.33760,846.0,85.455,18.89,803.0,233.6,1.34606,1.33803,1.32957,BREAK,2019.06.07 16:00,0,,0,,0,,0,NA,NewYork,BREAK,2019.06.20 14:00,BREAK,2019.06.26 19:00,1.35596,BOUNCE,2019.05.31 14:00,1,2019.06.04 21:00,1,2019.06.07 16:00,1,2019.06.07 16:00,3,1w 0d,NewYork,NA,,NA,,1.33000,BREAK,2019.06.07 16:00,0,,0,,0,,0,NA,NewYork,BREAK,2019.06.20 14:00,BREAK,2019.06.26 19:00,1.35409,BOUNCE,2019.05.29 18:00,1,2019.06.07 16:00,1,2019.06.07 16:00,0,,2,1w 1d,NewYork,NA,,NA,,S-ZD-BO,B-ZB-BO,B-ZF-BR,B-ZB-BR,S-ZB-UN,B-ZE-BR,B-ZF-BR,B-ZE-BO,S-ZE-UN,S-ZF-BO,B-ZB-BO,B-ZD-BR,S-ZO-BR,B-ZO-BR,S-ZB-BR,B-ZH-BO,B-ZE-BO,S-ZO-BO,B-ZE-BR,S-ZB-BR
260,2019.05.03 00:00,USDCAD,60,86400,BUY,ZB,1,1.34606,1.33760,846.0,1.34756,1.34298,458.0,54.137,63.59,308.0,199.7,1.34606,1.34298,1.35064,BOUNCE,2019.05.17 16:00,1,2019.05.17 21:00,1,2019.05.21 16:00,1,2019.06.07 06:00,3,2w 6d,NewYork,NA,,NA,,1.33452,BREAK,2019.06.07 06:00,0,,0,,0,,0,NA,Asia,BREAK,2019.06.07 17:00,BREAK,2019.06.07 18:00,1.34914,BOUNCE,2019.05.06 10:00,1,2019.05.10 16:00,1,2019.06.07 06:00,0,,2,4w 3d,London,NA,,NA,,1.33990,BOUNCE,2019.05.10 16:00,1,2019.05.15 16:00,1,2019.05.15 16:00,0,,2,5d 0h,NewYork,NA,,NA,,S-ZO-BR,S-ZD-BO,B-ZB-BO,B-ZF-BR,B-ZB-BR,S-ZB-UN,B-ZE-BR,B-ZF-BR,B-ZE-BO,S-ZE-UN,B-ZD-BR,S-ZO-BR,B-ZO-BR,S-ZB-BR,B-ZH-BO,B-ZE-BO,S-ZO-BO,B-ZE-BR,S-ZB-BR,B-ZF-BO
261,2019.05.07 00:00,USDCAD,60,86400,BUY,ZD,1,1.34352,1.34187,165.0,1.34933,1.34315,618.0,374.545,77.58,37.0,38.9,1.34352,1.34315,1.34970,BREAK,2019.05.09 17:00,0,,0,,0,,0,NA,NewYork,BREAK,2019.05.17 16:00,BREAK,2019.05.17 17:00,1.34150,BREAK,2019.05.07 08:00,0,,0,,0,,0,NA,London,BREAK,2019.05.10 16:00,BREAK,2019.05.10 17:00,1.34389,BREAK,2019.05.07 00:00,0,,0,,0,,0,NA,Asia,BREAK,2019.05.07 01:00,BREAK,2019.05.07 02:00,1.34278,BREAK,2019.05.07 05:00,0,,0,,0,,0,NA,Asia,BREAK,2019.05.07 06:00,BOUNCE,2019.05.07 07:00,B-ZB-BO,S-ZO-BR,S-ZD-BO,B-ZB-BO,B-ZF-BR,B-ZB-BR,S-ZB-UN,B-ZE-BR,B-ZF-BR,B-ZE-BO,S-ZO-BR,B-ZO-BR,S-ZB-BR,B-ZH-BO,B-ZE-BO,S-ZO-BO,B-ZE-BR,S-ZB-BR,B-ZF-BO,B-ZD-BO
262,2019.05.08 00:00,USDCAD,60,86400,SELL,ZO,0,1.34933,1.34315,618.0,1.34879,1.34087,792.0,128.155,8.74,564.0,145.8,1.34879,1.34315,1.33523,BREAK,2019.06.07 03:00,0,,0,,0,,0,NA,Asia,BREAK,2019.06.07 17:00,BOUNCE,2019.06.11 20:00,1.35497,BOUNCE,2019.05.31 14:00,1,2019.06.03 22:00,1,2019.06.05 06:00,1,2019.06.07 03:00,3,6d 13h,NewYork,NA,,NA,,1.33751,BREAK,2019.05.22 16:00,0,,0,,0,,0,NA,NewYork,BREAK,2019.06.07 16:00,BREAK,2019.06.10 01:00,1.35443,BOUNCE,2019.05.29 18:00,1,2019.06.05 06:00,1,2019.06.05 06:00,0,,2,6d 12h,NewYork,NA,,NA,,B-ZD-BR,B-ZB-BO,S-ZO-BR,S-ZD-BO,B-ZB-BO,B-ZF-BR,B-ZB-BR,S-ZB-UN,B-ZE-BR,B-ZF-BR,B-ZO-BR,S-ZB-BR,B-ZH-BO,B-ZE-BO,S-ZO-BO,B-ZE-BR,S-ZB-BR,B-ZF-BO,B-ZD-BO,S-ZO-BR
263,2019.05.10 00:00,USDCAD,60,86400,BUY,ZO,0,1.34859,1.34440,419.0,1.35045,1.34581,464.0,110.740,33.65,278.0,98.9,1.34859,1.34581,1.35323,BREAK,2019.05.29 18:00,0,,0,,0,,0,NA,NewYork,BOUNCE,2019.05.31 16:00,NA,,1.34162,BREAK,2019.05.10 16:00,0,,0,,0,,0,NA,NewYork,BOUNCE,2019.05.10 18:00,NA,,1.35137,BOUNCE,2019.05.29 13:00,1,2019.06.04 10:00,1,2019.06.04 17:00,0,,2,6d 4h,NewYork,NA,,NA,,1.34303,BREAK,2019.05.10 16:00,0,,0,,0,,0,NA,NewYork,BREAK,2019.05.10 17:00,BREAK,2019.05.22 16:00,S-ZO-BR,B-ZD-BR,B-ZB-BO,S-ZO-BR,S-ZD-BO,B-ZB-BO,B-ZF-BR,B-ZB-BR,S-ZB-UN,B-ZE-BR,S-ZB-BR,B-ZH-BO,B-ZE-BO,S-ZO-BO,B-ZE-BR,S-ZB-BR,B-ZF-BO,B-ZD-BO,S-ZO-BR,S-ZO-BR
264,2019.05.11 00:00,USDCAD,60,86400,SELL,ZB,1,1.35045,1.34581,464.0,1.34841,1.33795,1046.0,225.431,43.97,260.0,109.5,1.34841,1.34581,1.33535,BREAK,2019.06.07 03:00,0,,0,,0,,0,NA,Asia,BREAK,2019.06.07 17:00,BREAK,2019.06.07 18:00,1.35305,BREAK,2019.05.29 18:00,0,,0,,0,,0,NA,NewYork,BOUNCE,2019.05.31 16:00,NA,,1.34321,BREAK,2019.05.11 00:00,0,,0,,0,,0,NA,Asia,BOUNCE,2019.05.16 19:00,NA,,1.35101,BOUNCE,2019.05.17 17:00,1,2019.05.20 05:00,1,2019.05.20 05:00,0,,2,2d 12h,NewYork,NA,,NA,,B-ZO-BR,S-ZO-BR,B-ZD-BR,B-ZB-BO,S-ZO-BR,S-ZD-BO,B-ZB-BO,B-ZF-BR,B-ZB-BR,S-ZB-UN,B-ZH-BO,B-ZE-BO,S-ZO-BO,B-ZE-BR,S-ZB-BR,B-ZF-BO,B-ZD-BO,S-ZO-BR,S-ZO-BR,B-ZF-BO
265,2019.05.14 00:00,USDCAD,60,86400,BUY,ZH,1,1.34258,1.34118,140.0,1.34810,1.34153,657.0,469.286,25.00,105.0,33.0,1.34258,1.34153,1.34915,BOUNCE,2019.05.15 16:00,1,2019.05.15 18:00,1,2019.05.16 14:00,1,2019.05.16 14:00,3,22h,NewYork,NA,,NA,,1.34013,BOUNCE,2019.05.16 14:00,1,2019.05.16 16:00,1,2019.05.16 19:00,1,2019.05.17 12:00,3,22h,NewYork,NA,,NA,,1.34363,BREAK,2019.05.14 00:00,0,,0,,0,,0,NA,Asia,BREAK,2019.05.14 01:00,BREAK,2019.05.14 02:00,1.34048,BREAK,2019.05.16 14:00,0,,0,,0,,0,NA,NewYork,BOUNCE,2019.05.22 05:00,NA,,S-ZB-BR,B-ZO-BR,S-ZO-BR,B-ZD-BR,B-ZB-BO,S-ZO-BR,S-ZD-BO,B-ZB-BO,B-ZF-BR,B-ZB-BR,B-ZE-BO,S-ZO-BO,B-ZE-BR,S-ZB-BR,B-ZF-BO,B-ZD-BO,S-ZO-BR,S-ZO-BR,B-ZF-BO,B-ZB-BR
266,2019.05.15 00:00,USDCAD,60,86400,BUY,ZE,1,1.34810,1.34153,657.0,1.34865,1.34552,313.0,47.641,60.73,258.0,155.1,1.34810,1.34552,1.35123,BOUNCE,2019.05.17 17:00,1,2019.05.17 19:00,1,2019.05.20 05:00,1,2019.05.22 13:00,3,4d 20h,NewYork,NA,,NA,,1.33895,BREAK,2019.05.22 13:00,0,,0,,0,,0,NA,NewYork,BOUNCE,2019.06.05 16:00,NA,,1.35068,BOUNCE,2019.05.17 16:00,1,2019.05.20 05:00,1,2019.05.22 13:00,0,,2,4d 21h,NewYork,NA,,NA,,1.34294,BREAK,2019.05.15 20:00,0,,0,,0,,0,NA,NewYork,BOUNCE,2019.05.16 16:00,NA,,B-ZH-BO,S-ZB-BR,B-ZO-BR,S-ZO-BR,B-ZD-BR,B-ZB-BO,S-ZO-BR,S-ZD-BO,B-ZB-BO,B-ZF-BR,S-ZO-BO,B-ZE-BR,S-ZB-BR,B-ZF-BO,B-ZD-BO,S-ZO-BR,S-ZO-BR,B-ZF-BO,B-ZB-BR,B-ZE-BR
267,2019.05.17 00:00,USDCAD,60,86400,SELL,ZO,0,1.34925,1.34262,663.0,1.34687,1.33996,691.0,104.223,35.90,425.0,156.5,1.34687,1.34262,1.33571,BOUNCE,2019.05.22 16:00,1,2019.05.23 04:00,1,2019.05.29 12:00,1,2019.05.29 18:00,3,1w 0d,NewYork,NA,,NA,,1.35350,BOUNCE,2019.05.29 18:00,1,2019.06.03 21:00,1,2019.06.04 22:00,1,2019.06.07 03:00,3,1w 1d,NewYork,NA,,NA,,1.33837,BREAK,2019.05.22 14:00,0,,0,,0,,0,NA,NewYork,BREAK,2019.06.07 16:00,BREAK,2019.06.07 17:00,1.35112,BOUNCE,2019.05.17 17:00,1,2019.05.22 14:00,1,2019.05.22 14:00,0,,2,4d 21h,NewYork,NA,,NA,,B-ZE-BO,B-ZH-BO,S-ZB-BR,B-ZO-BR,S-ZO-BR,B-ZD-BR,B-ZB-BO,S-ZO-BR,S-ZD-BO,B-ZB-BO,B-ZE-BR,S-ZB-BR,B-ZF-BO,B-ZD-BO,S-ZO-BR,S-ZO-BR,B-ZF-BO,B-ZB-BR,B-ZE-BR,B-ZB-UN
268,2019.05.18 00:00,USDCAD,60,86400,BUY,ZE,1,1.34687,1.33996,691.0,1.35125,1.34339,786.0,113.748,49.64,348.0,163.1,1.34687,1.34339,1.35473,BREAK,2019.05.31 10:00,0,,0,,0,,0,NA,London,UNTOUCHED,,NA,,1.33648,BOUNCE,2019.05.22 16:00,1,2019.05.23 00:00,1,2019.05.29 11:00,1,2019.05.31 10:00,3,1w 1d,NewYork,NA,,NA,,1.35035,BREAK,2019.05.29 11:00,0,,0,,0,,0,NA,London,BOUNCE,2019.05.29 18:00,NA,,1.33991,BREAK,2019.05.21 16:00,0,,0,,0,,0,NA,NewYork,BOUNCE,2019.05.22 18:00,NA,,S-ZO-BO,B-ZE-BO,B-ZH-BO,S-ZB-BR,B-ZO-BR,S-ZO-BR,B-ZD-BR,B-ZB-BO,S-ZO-BR,S-ZD-BO,S-ZB-BR,B-ZF-BO,B-ZD-BO,S-ZO-BR,S-ZO-BR,B-ZF-BO,B-ZB-BR,B-ZE-BR,B-ZB-UN,S-ZB-BR
269,2019.05.22 00:00,USDCAD,60,86400,SELL,ZB,1,1.34555,1.34153,402.0,1.34326,1.33948,378.0,94.030,56.97,173.0,94.9,1.34326,1.34153,1.33775,BREAK,2019.05.22 16:00,0,,0,,0,,0,NA,NewYork,BREAK,2019.06.07 05:00,BREAK,2019.06.07 16:00,1.34728,BREAK,2019.05.23 13:00,0,,0,,0,,0,NA,NewYork,BREAK,2019.05.23 18:00,BREAK,2019.05.29 13:00,1.33980,BOUNCE,2019.05.22 05:00,1,2019.05.23 10:00,1,2019.05.23 13:00,0,,2,1d 8h,Asia,NA,,NA,,1.34499,BREAK,2019.05.23 10:00,0,,0,,0,,0,NA,London,BREAK,2019.05.23 16:00,BREAK,2019.05.23 17:00,B-ZE-BR,S-ZO-BO,B-ZE-BO,B-ZH-BO,S-ZB-BR,B-ZO-BR,S-ZO-BR,B-ZD-BR,B-ZB-BO,S-ZO-BR,B-ZF-BO,B-ZD-BO,S-ZO-BR,S-ZO-BR,B-ZF-BO,B-ZB-BR,B-ZE-BR,B-ZB-UN,S-ZB-BR,S-ZH-BR
270,2019.05.29 00:00,USDCAD,60,86400,BUY,ZF,1,1.34520,1.34285,235.0,1.34963,1.34324,639.0,271.915,16.60,196.0,55.5,1.34520,1.34324,1.35159,BOUNCE,2019.05.29 13:00,1,2019.06.03 18:00,1,2019.06.04 20:00,1,2019.06.04 20:00,3,6d 7h,NewYork,NA,,NA,,1.34089,BREAK,2019.06.04 20:00,0,,0,,0,,0,NA,NewYork,BREAK,2019.06.04 22:00,BREAK,2019.06.05 13:00,1.34716,BREAK,2019.05.29 00:00,0,,0,,0,,0,NA,Asia,BREAK,2019.05.29 10:00,BREAK,2019.05.29 13:00,1.34128,BREAK,2019.06.04 20:00,0,,0,,0,,0,NA,NewYork,BREAK,2019.06.04 22:00,BREAK,2019.06.05 13:00,S-ZB-BR,B-ZE-BR,S-ZO-BO,B-ZE-BO,B-ZH-BO,S-ZB-BR,B-ZO-BR,S-ZO-BR,B-ZD-BR,B-ZB-BO,B-ZD-BO,S-ZO-BR,S-ZO-BR,B-ZF-BO,B-ZB-BR,B-ZE-BR,B-ZB-UN,S-ZB-BR,S-ZH-BR,S-ZF-BO
271,2019.05.30 00:00,USDCAD,60,86400,BUY,ZD,1,1.34963,1.34324,639.0,1.35456,1.34797,659.0,103.130,74.02,166.0,150.8,1.34963,1.34797,1.35622,BOUNCE,2019.05.31 14:00,1,2019.05.31 17:00,1,2019.06.03 18:00,1,2019.06.04 17:00,3,4d 3h,NewYork,NA,,NA,,1.34158,BOUNCE,2019.06.04 17:00,0,,0,,0,,0,NA,NewYork,NA,,NA,,1.35129,BOUNCE,2019.05.30 00:00,1,2019.06.03 18:00,1,2019.06.04 17:00,0,,2,5d 17h,Asia,NA,,NA,,1.34631,BOUNCE,2019.06.03 18:00,0,,0,,0,,0,NA,NewYork,NA,,NA,,B-ZF-BO,S-ZB-BR,B-ZE-BR,S-ZO-BO,B-ZE-BO,B-ZH-BO,S-ZB-BR,B-ZO-BR,S-ZO-BR,B-ZD-BR,S-ZO-BR,S-ZO-BR,B-ZF-BO,B-ZB-BR,B-ZE-BR,B-ZB-UN,S-ZB-BR,S-ZH-BR,S-ZF-BO,S-ZB-BO
272,2019.06.06 00:00,USDCAD,60,86400,SELL,ZO,0,1.34485,1.33805,680.0,1.34273,1.33618,655.0,96.324,31.18,468.0,160.5,1.34273,1.33805,1.33150,BREAK,2019.06.07 16:00,0,,0,,0,,0,NA,NewYork,BREAK,2019.06.10 01:00,BREAK,2019.06.20 13:00,1.34953,UNTOUCHED,,0,,0,,0,,0,NA,Other,NA,,NA,,1.33337,BREAK,2019.06.07 16:00,0,,0,,0,,0,NA,NewYork,BREAK,2019.06.07 18:00,BOUNCE,2019.06.11 18:00,1.34741,UNTOUCHED,,0,,0,,0,,0,NA,Other,NA,,NA,,B-ZD-BO,B-ZF-BO,S-ZB-BR,B-ZE-BR,S-ZO-BO,B-ZE-BO,B-ZH-BO,S-ZB-BR,B-ZO-BR,S-ZO-BR,S-ZO-BR,B-ZF-BO,B-ZB-BR,B-ZE-BR,B-ZB-UN,S-ZB-BR,S-ZH-BR,S-ZF-BO,S-ZB-BO,S-ZC-BO
273,2019.06.11 00:00,USDCAD,60,86400,SELL,ZO,1,1.32831,1.32633,198.0,1.32801,1.32389,412.0,208.081,15.15,168.0,46.7,1.32801,1.32633,1.32221,BREAK,2019.06.20 10:00,0,,0,,0,,0,NA,London,BREAK,2019.06.20 13:00,BREAK,2019.06.20 15:00,1.32999,BREAK,2019.06.11 20:00,0,,0,,0,,0,NA,NewYork,BREAK,2019.06.12 22:00,BREAK,2019.06.12 23:00,1.32465,BREAK,2019.06.20 05:00,0,,0,,0,,0,NA,Asia,BREAK,2019.06.20 10:00,BREAK,2019.06.20 12:00,1.32969,BREAK,2019.06.11 20:00,0,,0,,0,,0,NA,NewYork,BREAK,2019.06.12 21:00,BREAK,2019.06.12 23:00,S-ZO-BR,B-ZD-BO,B-ZF-BO,S-ZB-BR,B-ZE-BR,S-ZO-BO,B-ZE-BO,B-ZH-BO,S-ZB-BR,B-ZO-BR,B-ZF-BO,B-ZB-BR,B-ZE-BR,B-ZB-UN,S-ZB-BR,S-ZH-BR,S-ZF-BO,S-ZB-BO,S-ZC-BO,S-ZD-BO
274,2019.06.12 00:00,USDCAD,60,86400,BUY,ZF,1,1.32801,1.32389,412.0,1.33079,1.32493,586.0,142.233,25.24,308.0,97.2,1.32801,1.32493,1.33387,BOUNCE,2019.06.12 23:00,1,2019.06.20 02:00,1,2019.06.20 11:00,1,2019.06.20 12:00,3,1w 0d,Other,NA,,NA,,1.32081,BREAK,2019.06.20 12:00,0,,0,,0,,0,NA,London,BREAK,2019.06.20 15:00,BREAK,2019.06.26 18:00,1.33109,BREAK,2019.06.12 20:00,0,,0,,0,,0,NA,NewYork,BOUNCE,2019.06.13 13:00,NA,,1.32185,BREAK,2019.06.20 11:00,0,,0,,0,,0,NA,London,BREAK,2019.06.20 15:00,BOUNCE,2019.06.20 16:00,S-ZO-BR,S-ZO-BR,B-ZD-BO,B-ZF-BO,S-ZB-BR,B-ZE-BR,S-ZO-BO,B-ZE-BO,B-ZH-BO,S-ZB-BR,B-ZB-BR,B-ZE-BR,B-ZB-UN,S-ZB-BR,S-ZH-BR,S-ZF-BO,S-ZB-BO,S-ZC-BO,S-ZD-BO,S-ZD-BO
275,2019.06.13 00:00,USDCAD,60,86400,BUY,ZB,1,1.33079,1.32493,586.0,1.33412,1.32725,687.0,117.235,39.59,354.0,138.3,1.33079,1.32725,1.33766,BREAK,2019.06.14 17:00,0,,0,,0,,0,NA,NewYork,BREAK,2019.06.18 12:00,UNTOUCHED,,1.32139,BREAK,2019.06.20 11:00,0,,0,,0,,0,NA,London,BREAK,2019.06.20 15:00,BREAK,2019.06.26 19:00,1.33433,BOUNCE,2019.06.13 00:00,1,2019.06.20 07:00,1,2019.06.20 11:00,0,,2,1w 0d,Asia,NA,,NA,,1.32371,BREAK,2019.06.20 07:00,0,,0,,0,,0,NA,London,BREAK,2019.06.20 15:00,BREAK,2019.06.20 16:00,B-ZF-BO,S-ZO-BR,S-ZO-BR,B-ZD-BO,B-ZF-BO,S-ZB-BR,B-ZE-BR,S-ZO-BO,B-ZE-BO,B-ZH-BO,B-ZE-BR,B-ZB-UN,S-ZB-BR,S-ZH-BR,S-ZF-BO,S-ZB-BO,S-ZC-BO,S-ZD-BO,S-ZD-BO,B-ZG-BR
276,2019.06.14 00:00,USDCAD,60,86400,BUY,ZE,1,1.33412,1.32725,687.0,1.33437,1.32992,445.0,64.774,38.86,420.0,162.1,1.33412,1.32992,1.33857,BREAK,2019.06.14 19:00,0,,0,,0,,0,NA,NewYork,BOUNCE,2019.06.18 18:00,NA,,1.32305,BREAK,2019.06.20 10:00,0,,0,,0,,0,NA,London,BREAK,2019.06.20 15:00,BREAK,2019.06.26 18:00,1.33832,BREAK,2019.06.14 18:00,0,,0,,0,,0,NA,NewYork,BOUNCE,2019.06.18 20:00,NA,,1.32572,BREAK,2019.06.20 04:00,0,,0,,0,,0,NA,Asia,BREAK,2019.06.20 13:00,BREAK,2019.06.20 16:00,B-ZB-BR,B-ZF-BO,S-ZO-BR,S-ZO-BR,B-ZD-BO,B-ZF-BO,S-ZB-BR,B-ZE-BR,S-ZO-BO,B-ZE-BO,B-ZB-UN,S-ZB-BR,S-ZH-BR,S-ZF-BO,S-ZB-BO,S-ZC-BO,S-ZD-BO,S-ZD-BO,B-ZG-BR,B-ZB-BO
277,2019.06.15 00:00,USDCAD,60,86400,BUY,ZB,1,1.33437,1.32992,445.0,1.34218,1.33224,994.0,223.371,52.13,213.0,105.0,1.33437,1.33224,1.34431,UNTOUCHED,,0,,0,,0,,0,NA,Other,NA,,NA,,1.32779,BREAK,2019.06.20 02:00,0,,0,,0,,0,NA,Asia,BREAK,2019.06.20 05:00,BREAK,2019.06.20 10:00,1.33650,BREAK,2019.06.15 00:00,0,,0,,0,,0,NA,Asia,BREAK,2019.06.17 01:00,BREAK,2019.06.17 23:00,1.33011,BREAK,2019.06.19 22:00,0,,0,,0,,0,NA,Other,BREAK,2019.06.20 03:00,BREAK,2019.06.20 05:00,B-ZE-BR,B-ZB-BR,B-ZF-BO,S-ZO-BR,S-ZO-BR,B-ZD-BO,B-ZF-BO,S-ZB-BR,B-ZE-BR,S-ZO-BO,S-ZB-BR,S-ZH-BR,S-ZF-BO,S-ZB-BO,S-ZC-BO,S-ZD-BO,S-ZD-BO,B-ZG-BR,B-ZB-BO,S-ZD-UN
278,2019.06.25 00:00,USDCAD,60,86400,SELL,ZB,1,1.32223,1.32050,173.0,1.32157,1.31768,389.0,224.855,38.15,107.0,40.8,1.32157,1.32050,1.31661,BREAK,2019.06.25 16:00,0,,0,,0,,0,NA,NewYork,BOUNCE,2019.06.25 17:00,NA,,1.32330,BREAK,2019.08.01 16:00,0,,0,,0,,0,NA,NewYork,BOUNCE,2019.08.01 17:00,NA,,1.31943,BREAK,2019.06.25 00:00,0,,0,,0,,0,NA,Asia,BREAK,2019.06.25 01:00,BOUNCE,2019.06.25 04:00,1.32264,BREAK,2019.08.01 15:00,0,,0,,0,,0,NA,NewYork,BREAK,2019.08.01 17:00,BREAK,2019.08.02 16:00,B-ZB-UN,B-ZE-BR,B-ZB-BR,B-ZF-BO,S-ZO-BR,S-ZO-BR,B-ZD-BO,B-ZF-BO,S-ZB-BR,B-ZE-BR,S-ZH-BR,S-ZF-BO,S-ZB-BO,S-ZC-BO,S-ZD-BO,S-ZD-BO,B-ZG-BR,B-ZB-BO,S-ZD-UN,S-ZF-UN
279,2019.06.26 00:00,USDCAD,60,86400,SELL,ZH,1,1.32157,1.31768,389.0,1.32073,1.31515,558.0,143.445,21.59,305.0,91.8,1.32073,1.31768,1.31210,BREAK,2019.06.26 19:00,0,,0,,0,,0,NA,NewYork,BREAK,2019.06.28 16:00,BOUNCE,2019.06.28 18:00,1.32462,BOUNCE,2019.08.01 17:00,1,2019.08.01 20:00,0,,0,,1,3h,NewYork,NA,,NA,,1.31463,BREAK,2019.06.26 13:00,0,,0,,0,,0,NA,NewYork,BREAK,2019.06.26 20:00,BREAK,2019.06.28 16:00,1.32378,BREAK,2019.08.01 17:00,0,,0,,0,,0,NA,NewYork,BOUNCE,2019.08.06 19:00,NA,,S-ZB-BR,B-ZB-UN,B-ZE-BR,B-ZB-BR,B-ZF-BO,S-ZO-BR,S-ZO-BR,B-ZD-BO,B-ZF-BO,S-ZB-BR,S-ZF-BO,S-ZB-BO,S-ZC-BO,S-ZD-BO,S-ZD-BO,B-ZG-BR,B-ZB-BO,S-ZD-UN,S-ZF-UN,B-ZH-BR
280,2019.06.27 00:00,USDCAD,60,86400,SELL,ZF,1,1.32073,1.31515,558.0,1.31947,1.31060,887.0,158.961,22.58,432.0,131.7,1.31947,1.31515,1.30628,BOUNCE,2019.06.28 18:00,1,2019.07.23 16:00,1,2019.08.01 17:00,1,2019.08.02 16:00,3,4w 6d,NewYork,NA,,NA,,1.32505,BREAK,2019.08.02 16:00,0,,0,,0,,0,NA,NewYork,BREAK,2019.08.07 07:00,BOUNCE,2019.08.07 23:00,1.31083,BREAK,2019.06.27 18:00,0,,0,,0,,0,NA,NewYork,BOUNCE,2019.07.01 17:00,NA,,1.32379,BOUNCE,2019.08.01 17:00,0,,0,,0,,0,NA,NewYork,NA,,NA,,S-ZH-BR,S-ZB-BR,B-ZB-UN,B-ZE-BR,B-ZB-BR,B-ZF-BO,S-ZO-BR,S-ZO-BR,B-ZD-BO,B-ZF-BO,S-ZB-BO,S-ZC-BO,S-ZD-BO,S-ZD-BO,B-ZG-BR,B-ZB-BO,S-ZD-UN,S-ZF-UN,B-ZH-BR,B-ZO-BR
281,2019.06.28 00:00,USDCAD,60,86400,SELL,ZB,1,1.31947,1.31060,887.0,1.31371,1.30908,463.0,52.198,64.94,311.0,209.3,1.31371,1.31060,1.30597,BOUNCE,2019.06.28 18:00,1,2019.07.01 19:00,1,2019.07.26 11:00,1,2019.08.01 15:00,3,4w 5d,NewYork,NA,,NA,,1.32258,BREAK,2019.08.01 15:00,0,,0,,0,,0,NA,NewYork,BOUNCE,2019.08.02 16:00,NA,,1.30749,BOUNCE,2019.06.28 16:00,1,2019.07.26 11:00,1,2019.08.01 15:00,0,,2,4w 5d,NewYork,NA,,NA,,1.31682,BREAK,2019.07.26 11:00,0,,0,,0,,0,NA,London,BOUNCE,2019.07.31 22:00,NA,,S-ZF-BO,S-ZH-BR,S-ZB-BR,B-ZB-UN,B-ZE-BR,B-ZB-BR,B-ZF-BO,S-ZO-BR,S-ZO-BR,B-ZD-BO,S-ZC-BO,S-ZD-BO,S-ZD-BO,B-ZG-BR,B-ZB-BO,S-ZD-UN,S-ZF-UN,B-ZH-BR,B-ZO-BR,B-ZB-BO
282,2019.06.29 00:00,USDCAD,60,86400,SELL,ZC,1,1.31371,1.30908,463.0,1.31023,1.30587,436.0,94.168,75.16,115.0,109.3,1.31023,1.30908,1.30472,BOUNCE,2019.07.04 18:00,1,2019.07.05 16:00,1,2019.07.05 16:00,1,2019.07.23 16:00,3,2w 4d,NewYork,NA,,NA,,1.31486,BREAK,2019.07.23 16:00,0,,0,,0,,0,NA,NewYork,BOUNCE,2019.07.23 17:00,NA,,1.30793,BOUNCE,2019.07.01 01:00,1,2019.07.01 18:00,1,2019.07.23 16:00,0,,2,3w 1d,Asia,NA,,NA,,1.31138,BOUNCE,2019.07.01 18:00,1,2019.07.03 16:00,1,2019.07.03 16:00,0,,2,1d 22h,NewYork,NA,,NA,,S-ZB-BO,S-ZF-BO,S-ZH-BR,S-ZB-BR,B-ZB-UN,B-ZE-BR,B-ZB-BR,B-ZF-BO,S-ZO-BR,S-ZO-BR,S-ZD-BO,S-ZD-BO,B-ZG-BR,B-ZB-BO,S-ZD-UN,S-ZF-UN,B-ZH-BR,B-ZO-BR,B-ZB-BO,B-ZD-BR
283,2019.07.04 00:00,USDCAD,60,86400,SELL,ZD,1,1.31375,1.30957,418.0,1.31184,1.30610,574.0,137.321,45.69,227.0,98.6,1.31184,1.30957,1.30383,BOUNCE,2019.07.04 18:00,1,2019.07.05 16:00,1,2019.07.09 21:00,1,2019.07.23 16:00,3,2w 4d,NewYork,NA,,NA,,1.31602,BOUNCE,2019.07.23 16:00,1,2019.07.31 18:00,0,,0,,1,1w 1d,NewYork,NA,,NA,,1.30730,BREAK,2019.07.04 00:00,0,,0,,0,,0,NA,Asia,BREAK,2019.07.04 18:00,BOUNCE,2019.07.12 17:00,1.31411,BOUNCE,2019.07.09 21:00,1,2019.07.10 17:00,1,2019.07.10 17:00,0,,2,20h,Other,NA,,NA,,S-ZC-BO,S-ZB-BO,S-ZF-BO,S-ZH-BR,S-ZB-BR,B-ZB-UN,B-ZE-BR,B-ZB-BR,B-ZF-BO,S-ZO-BR,S-ZD-BO,B-ZG-BR,B-ZB-BO,S-ZD-UN,S-ZF-UN,B-ZH-BR,B-ZO-BR,B-ZB-BO,B-ZD-BR,B-ZO-BR
284,2019.07.05 00:00,USDCAD,60,86400,SELL,ZD,1,1.31184,1.30610,574.0,1.30787,1.30367,420.0,73.171,69.16,177.0,135.5,1.30787,1.30610,1.30190,BOUNCE,2019.07.12 12:00,1,2019.07.16 04:00,1,2019.07.19 16:00,1,2019.07.23 08:00,3,1w 3d,London,NA,,NA,,1.31361,BOUNCE,2019.07.09 18:00,1,2019.07.10 16:00,1,2019.07.11 12:00,1,2019.07.12 12:00,3,2d 18h,NewYork,NA,,NA,,1.30433,BOUNCE,2019.07.11 12:00,1,2019.07.19 16:00,1,2019.07.23 08:00,0,,2,1w 4d,London,NA,,NA,,1.30964,BREAK,2019.07.05 16:00,0,,0,,0,,0,NA,NewYork,BOUNCE,2019.07.05 17:00,NA,,S-ZD-BO,S-ZC-BO,S-ZB-BO,S-ZF-BO,S-ZH-BR,S-ZB-BR,B-ZB-UN,B-ZE-BR,B-ZB-BR,B-ZF-BO,B-ZG-BR,B-ZB-BO,S-ZD-UN,S-ZF-UN,B-ZH-BR,B-ZO-BR,B-ZB-BO,B-ZD-BR,B-ZO-BR,B-ZF-BR
285,2019.07.06 00:00,USDCAD,60,86400,BUY,ZG,1,1.30787,1.30367,420.0,1.31357,1.30434,923.0,219.762,15.95,353.0,99.1,1.30787,1.30434,1.31710,BREAK,2019.07.26 11:00,0,,0,,0,,0,NA,London,BOUNCE,2019.07.31 22:00,NA,,1.30014,UNTOUCHED,,0,,0,,0,,0,NA,Other,NA,,NA,,1.31140,BREAK,2019.07.09 10:00,0,,0,,0,,0,NA,London,BREAK,2019.07.23 16:00,BREAK,2019.07.26 18:00,1.30081,UNTOUCHED,,0,,0,,0,,0,NA,Other,NA,,NA,,S-ZD-BO,S-ZD-BO,S-ZC-BO,S-ZB-BO,S-ZF-BO,S-ZH-BR,S-ZB-BR,B-ZB-UN,B-ZE-BR,B-ZB-BR,B-ZB-BO,S-ZD-UN,S-ZF-UN,B-ZH-BR,B-ZO-BR,B-ZB-BO,B-ZD-BR,B-ZO-BR,B-ZF-BR,S-ZB-BO
286,2019.07.10 00:00,USDCAD,60,86400,BUY,ZB,1,1.31027,1.30492,535.0,1.31413,1.30898,515.0,96.262,75.89,129.0,126.3,1.31027,1.30898,1.31542,BOUNCE,2019.07.23 16:00,1,2019.07.23 21:00,0,,0,,1,5h,NewYork,NA,,NA,,1.30363,BREAK,2019.07.12 06:00,0,,0,,0,,0,NA,Asia,BOUNCE,2019.07.12 13:00,NA,,1.31156,BREAK,2019.07.10 00:00,0,,0,,0,,0,NA,Asia,BOUNCE,2019.07.10 16:00,NA,,1.30769,BOUNCE,2019.07.10 16:00,1,2019.07.10 18:00,1,2019.07.10 18:00,0,,2,2h,NewYork,NA,,NA,,B-ZG-BR,S-ZD-BO,S-ZD-BO,S-ZC-BO,S-ZB-BO,S-ZF-BO,S-ZH-BR,S-ZB-BR,B-ZB-UN,B-ZE-BR,S-ZD-UN,S-ZF-UN,B-ZH-BR,B-ZO-BR,B-ZB-BO,B-ZD-BR,B-ZO-BR,B-ZF-BR,S-ZB-BO,S-ZD-BO
287,2019.07.12 00:00,USDCAD,60,86400,SELL,ZD,1,1.31438,1.30622,816.0,1.30912,1.30417,495.0,60.662,64.46,290.0,192.6,1.30912,1.30622,1.30127,UNTOUCHED,,0,,0,,0,,0,NA,Other,NA,,NA,,1.31728,BREAK,2019.07.26 11:00,0,,0,,0,,0,NA,London,BOUNCE,2019.07.31 22:00,NA,,1.30332,BOUNCE,2019.07.12 09:00,1,2019.07.23 01:00,1,2019.07.26 11:00,0,,2,2w 0d,London,NA,,NA,,1.31202,BREAK,2019.07.23 01:00,0,,0,,0,,0,NA,Asia,BOUNCE,2019.07.24 18:00,NA,,B-ZB-BO,B-ZG-BR,S-ZD-BO,S-ZD-BO,S-ZC-BO,S-ZB-BO,S-ZF-BO,S-ZH-BR,S-ZB-BR,B-ZB-UN,S-ZF-UN,B-ZH-BR,B-ZO-BR,B-ZB-BO,B-ZD-BR,B-ZO-BR,B-ZF-BR,S-ZB-BO,S-ZD-BO,B-ZF-UN
288,2019.07.13 00:00,USDCAD,60,86400,SELL,ZF,0,1.30912,1.30417,495.0,1.30776,1.30179,597.0,120.606,27.47,359.0,116.8,1.30776,1.30417,1.29820,UNTOUCHED,,0,,0,,0,,0,NA,Other,NA,,NA,,1.31271,BREAK,2019.07.23 03:00,0,,0,,0,,0,NA,Asia,BOUNCE,2019.07.23 21:00,NA,,1.30058,UNTOUCHED,,0,,0,,0,,0,NA,Other,NA,,NA,,1.31135,BREAK,2019.07.22 18:00,0,,0,,0,,0,NA,NewYork,BREAK,2019.07.23 16:00,BREAK,2019.07.26 18:00,S-ZD-UN,B-ZB-BO,B-ZG-BR,S-ZD-BO,S-ZD-BO,S-ZC-BO,S-ZB-BO,S-ZF-BO,S-ZH-BR,S-ZB-BR,B-ZH-BR,B-ZO-BR,B-ZB-BO,B-ZD-BR,B-ZO-BR,B-ZF-BR,S-ZB-BO,S-ZD-BO,B-ZF-UN,B-ZC-BO
289,2019.07.17 00:00,USDCAD,60,86400,BUY,ZH,1,1.30526,1.30211,315.0,1.30802,1.30230,572.0,181.587,6.03,296.0,74.3,1.30526,1.30230,1.31098,BREAK,2019.07.22 18:00,0,,0,,0,,0,NA,NewYork,BREAK,2019.07.23 16:00,BREAK,2019.07.26 11:00,1.29915,UNTOUCHED,,0,,0,,0,,0,NA,Other,NA,,NA,,1.30822,BREAK,2019.07.17 00:00,0,,0,,0,,0,NA,Asia,BREAK,2019.07.22 20:00,BREAK,2019.07.23 16:00,1.29934,UNTOUCHED,,0,,0,,0,,0,NA,Other,NA,,NA,,S-ZF-UN,S-ZD-UN,B-ZB-BO,B-ZG-BR,S-ZD-BO,S-ZD-BO,S-ZC-BO,S-ZB-BO,S-ZF-BO,S-ZH-BR,B-ZO-BR,B-ZB-BO,B-ZD-BR,B-ZO-BR,B-ZF-BR,S-ZB-BO,S-ZD-BO,B-ZF-UN,B-ZC-BO,S-ZF-BR
290,2019.07.18 00:00,USDCAD,60,86400,BUY,ZO,0,1.30802,1.30230,572.0,1.30935,1.30353,582.0,101.748,21.50,449.0,135.0,1.30802,1.30353,1.31384,BREAK,2019.07.23 08:00,0,,0,,0,,0,NA,London,BREAK,2019.07.26 18:00,BREAK,2019.08.01 17:00,1.29781,UNTOUCHED,,0,,0,,0,,0,NA,Other,NA,,NA,,1.31251,BREAK,2019.07.23 02:00,0,,0,,0,,0,NA,Asia,BREAK,2019.07.26 14:00,BREAK,2019.08.01 16:00,1.29904,UNTOUCHED,,0,,0,,0,,0,NA,Other,NA,,NA,,B-ZH-BR,S-ZF-UN,S-ZD-UN,B-ZB-BO,B-ZG-BR,S-ZD-BO,S-ZD-BO,S-ZC-BO,S-ZB-BO,S-ZF-BO,B-ZB-BO,B-ZD-BR,B-ZO-BR,B-ZF-BR,S-ZB-BO,S-ZD-BO,B-ZF-UN,B-ZC-BO,S-ZF-BR,B-ZE-BO
291,2019.07.27 00:00,USDCAD,60,86400,BUY,ZB,1,1.31671,1.31152,519.0,1.31991,1.31524,467.0,89.981,71.68,147.0,122.5,1.31671,1.31524,1.32138,BOUNCE,2019.07.31 22:00,1,2019.07.31 23:00,0,,0,,1,1h,Other,NA,,NA,,1.31005,UNTOUCHED,,0,,0,,0,,0,NA,Other,NA,,NA,,1.31818,BOUNCE,2019.07.29 11:00,1,2019.07.31 04:00,0,,0,,1,1d 17h,London,NA,,NA,,1.31377,BOUNCE,2019.07.31 04:00,1,2019.07.31 22:00,1,2019.07.31 22:00,0,,2,18h,Asia,NA,,NA,,B-ZO-BR,B-ZH-BR,S-ZF-UN,S-ZD-UN,B-ZB-BO,B-ZG-BR,S-ZD-BO,S-ZD-BO,S-ZC-BO,S-ZB-BO,B-ZD-BR,B-ZO-BR,B-ZF-BR,S-ZB-BO,S-ZD-BO,B-ZF-UN,B-ZC-BO,S-ZF-BR,B-ZE-BO,S-ZB-BR
292,2019.08.02 00:00,USDCAD,60,86400,BUY,ZD,1,1.32143,1.31053,1090.0,1.32475,1.31824,651.0,59.725,70.73,319.0,257.2,1.32143,1.31824,1.32794,BREAK,2019.08.06 21:00,0,,0,,0,,0,NA,Other,BREAK,2019.08.07 16:00,BOUNCE,2019.08.07 18:00,1.30734,UNTOUCHED,,0,,0,,0,,0,NA,Other,NA,,NA,,1.32462,BOUNCE,2019.08.02 16:00,1,2019.09.09 16:00,0,,0,,1,5w 3d,NewYork,NA,,NA,,1.31505,BOUNCE,2019.09.09 16:00,0,,0,,0,,0,NA,NewYork,NA,,NA,,B-ZB-BO,B-ZO-BR,B-ZH-BR,S-ZF-UN,S-ZD-UN,B-ZB-BO,B-ZG-BR,S-ZD-BO,S-ZD-BO,S-ZC-BO,B-ZO-BR,B-ZF-BR,S-ZB-BO,S-ZD-BO,B-ZF-UN,B-ZC-BO,S-ZF-BR,B-ZE-BO,S-ZB-BR,B-ZO-BO
293,2019.08.03 00:00,USDCAD,60,86400,BUY,ZO,0,1.32475,1.31824,651.0,1.32659,1.32000,659.0,101.229,27.04,475.0,153.6,1.32475,1.32000,1.33134,BREAK,2019.08.07 07:00,0,,0,,0,,0,NA,London,BOUNCE,2019.09.02 18:00,NA,,1.31349,BOUNCE,2019.09.10 19:00,1,2019.09.13 16:00,0,,0,,1,2d 21h,NewYork,NA,,NA,,1.32950,BREAK,2019.08.07 06:00,0,,0,,0,,0,NA,Asia,BOUNCE,2019.08.07 23:00,NA,,1.31525,BREAK,2019.09.09 16:00,0,,0,,0,,0,NA,NewYork,BREAK,2019.10.21 20:00,BREAK,2019.10.29 15:00,B-ZD-BR,B-ZB-BO,B-ZO-BR,B-ZH-BR,S-ZF-UN,S-ZD-UN,B-ZB-BO,B-ZG-BR,S-ZD-BO,S-ZD-BO,B-ZF-BR,S-ZB-BO,S-ZD-BO,B-ZF-UN,B-ZC-BO,S-ZF-BR,B-ZE-BO,S-ZB-BR,B-ZO-BO,S-ZO-BO
294,2019.08.07 00:00,USDCAD,60,86400,BUY,ZF,1,1.32473,1.31773,700.0,1.32910,1.31867,1043.0,149.000,13.43,606.0,165.2,1.32473,1.31867,1.33516,BREAK,2019.09.02 16:00,0,,0,,0,,0,NA,NewYork,UNTOUCHED,,NA,,1.31167,UNTOUCHED,,0,,0,,0,,0,NA,Other,NA,,NA,,1.33079,BREAK,2019.08.07 07:00,0,,0,,0,,0,NA,London,BOUNCE,2019.09.04 18:00,NA,,1.31261,UNTOUCHED,,0,,0,,0,,0,NA,Other,NA,,NA,,B-ZO-BR,B-ZD-BR,B-ZB-BO,B-ZO-BR,B-ZH-BR,S-ZF-UN,S-ZD-UN,B-ZB-BO,B-ZG-BR,S-ZD-BO,S-ZB-BO,S-ZD-BO,B-ZF-UN,B-ZC-BO,S-ZF-BR,B-ZE-BO,S-ZB-BR,B-ZO-BO,S-ZO-BO,B-ZD-BR
295,2019.08.09 00:00,USDCAD,60,86400,SELL,ZB,1,1.33444,1.32669,775.0,1.33140,1.32259,881.0,113.677,39.23,471.0,182.9,1.33140,1.32669,1.31788,BOUNCE,2019.09.06 16:00,1,2019.09.13 20:00,0,,0,,1,1w 0d,NewYork,NA,,NA,,1.33915,UNTOUCHED,,0,,0,,0,,0,NA,Other,NA,,NA,,1.32198,BOUNCE,2019.08.09 05:00,1,2019.09.03 13:00,0,,0,,1,3w 4d,Asia,NA,,NA,,1.33611,BREAK,2019.09.03 13:00,0,,0,,0,,0,NA,NewYork,UNTOUCHED,,NA,,B-ZF-BR,B-ZO-BR,B-ZD-BR,B-ZB-BO,B-ZO-BR,B-ZH-BR,S-ZF-UN,S-ZD-UN,B-ZB-BO,B-ZG-BR,S-ZD-BO,B-ZF-UN,B-ZC-BO,S-ZF-BR,B-ZE-BO,S-ZB-BR,B-ZO-BO,S-ZO-BO,B-ZD-BR,B-ZD-BO
296,2019.08.10 00:00,USDCAD,60,86400,SELL,ZD,1,1.33140,1.32259,881.0,1.32744,1.31959,785.0,89.103,44.95,485.0,207.9,1.32744,1.32259,1.31474,BOUNCE,2019.09.09 19:00,1,2019.09.13 17:00,0,,0,,1,3d 22h,NewYork,NA,,NA,,1.33625,BOUNCE,2019.09.03 13:00,1,2019.09.04 18:00,1,2019.09.06 17:00,1,2019.09.09 19:00,3,6d 6h,NewYork,NA,,NA,,1.31774,BREAK,2019.09.06 17:00,0,,0,,0,,0,NA,NewYork,PENDING,,NA,,1.33229,BOUNCE,2019.08.14 20:00,1,2019.09.06 17:00,1,2019.09.06 17:00,0,,2,3w 1d,NewYork,NA,,NA,,S-ZB-BO,B-ZF-BR,B-ZO-BR,B-ZD-BR,B-ZB-BO,B-ZO-BR,B-ZH-BR,S-ZF-UN,S-ZD-UN,B-ZB-BO,B-ZF-UN,B-ZC-BO,S-ZF-BR,B-ZE-BO,S-ZB-BR,B-ZO-BO,S-ZO-BO,B-ZD-BR,B-ZD-BO,B-ZG-UN
297,2019.08.15 00:00,USDCAD,60,86400,BUY,ZF,0,1.32929,1.31844,1085.0,1.33256,1.32106,1150.0,105.991,24.15,823.0,256.1,1.32929,1.32106,1.34079,UNTOUCHED,,0,,0,,0,,0,NA,Other,NA,,NA,,1.31021,UNTOUCHED,,0,,0,,0,,0,NA,Other,NA,,NA,,1.33752,BOUNCE,2019.09.03 16:00,0,,0,,0,,0,NA,NewYork,NA,,NA,,1.31283,UNTOUCHED,,0,,0,,0,,0,NA,Other,NA,,NA,,S-ZD-BO,S-ZB-BO,B-ZF-BR,B-ZO-BR,B-ZD-BR,B-ZB-BO,B-ZO-BR,B-ZH-BR,S-ZF-UN,S-ZD-UN,B-ZC-BO,S-ZF-BR,B-ZE-BO,S-ZB-BR,B-ZO-BO,S-ZO-BO,B-ZD-BR,B-ZD-BO,B-ZG-UN,S-ZB-BO
298,2019.08.16 00:00,USDCAD,60,86400,BUY,ZC,1,1.33256,1.32106,1150.0,1.33388,1.32853,535.0,46.522,64.96,403.0,271.4,1.33256,1.32853,1.33791,BOUNCE,2019.09.03 16:00,1,2019.09.04 18:00,1,2019.09.04 19:00,1,2019.09.06 18:00,3,3d 2h,NewYork,NA,,NA,,1.31703,BREAK,2019.09.06 18:00,0,,0,,0,,0,NA,NewYork,PENDING,,NA,,1.33659,BOUNCE,2019.09.03 13:00,1,2019.09.04 19:00,1,2019.09.06 18:00,0,,2,3d 5h,NewYork,NA,,NA,,1.32450,BOUNCE,2019.08.27 04:00,1,2019.09.03 13:00,1,2019.09.03 13:00,0,,2,1w 0d,Asia,NA,,NA,,B-ZF-UN,S-ZD-BO,S-ZB-BO,B-ZF-BR,B-ZO-BR,B-ZD-BR,B-ZB-BO,B-ZO-BR,B-ZH-BR,S-ZF-UN,S-ZF-BR,B-ZE-BO,S-ZB-BR,B-ZO-BO,S-ZO-BO,B-ZD-BR,B-ZD-BO,B-ZG-UN,S-ZB-BO,S-ZF-UN
299,2019.08.17 00:00,USDCAD,60,86400,SELL,ZF,0,1.33388,1.32853,535.0,1.33247,1.32612,635.0,118.692,26.36,394.0,126.3,1.33247,1.32853,1.32218,BREAK,2019.09.04 22:00,0,,0,,0,,0,NA,Other,BOUNCE,2019.09.06 16:00,NA,,1.33782,BOUNCE,2019.09.03 16:00,1,2019.09.04 18:00,1,2019.09.04 19:00,1,2019.09.04 22:00,3,1d 6h,NewYork,NA,,NA,,1.32459,BREAK,2019.08.27 04:00,0,,0,,0,,0,NA,Asia,BREAK,2019.09.05 14:00,BREAK,2019.09.09 15:00,1.33641,BREAK,2019.09.03 13:00,0,,0,,0,,0,NA,NewYork,UNTOUCHED,,NA,,B-ZC-BO,B-ZF-UN,S-ZD-BO,S-ZB-BO,B-ZF-BR,B-ZO-BR,B-ZD-BR,B-ZB-BO,B-ZO-BR,B-ZH-BR,B-ZE-BO,S-ZB-BR,B-ZO-BO,S-ZO-BO,B-ZD-BR,B-ZD-BO,B-ZG-UN,S-ZB-BO,S-ZF-UN,S-ZF-BO
300,2019.08.21 00:00,USDCAD,60,86400,BUY,ZE,1,1.33368,1.32507,861.0,1.33455,1.33084,371.0,43.089,67.02,284.0,203.2,1.33368,1.33084,1.33739,BOUNCE,2019.09.03 16:00,1,2019.09.04 10:00,1,2019.09.04 18:00,1,2019.09.04 22:00,3,1d 6h,NewYork,NA,,NA,,1.32223,BREAK,2019.09.04 22:00,0,,0,,0,,0,NA,Other,BOUNCE,2019.09.05 18:00,NA,,1.33652,BOUNCE,2019.09.03 13:00,1,2019.09.04 18:00,1,2019.09.04 22:00,0,,2,1d 9h,NewYork,NA,,NA,,1.32800,BREAK,2019.08.21 16:00,0,,0,,0,,0,NA,NewYork,BREAK,2019.08.27 10:00,BREAK,2019.09.05 12:00,S-ZF-BR,B-ZC-BO,B-ZF-UN,S-ZD-BO,S-ZB-BO,B-ZF-BR,B-ZO-BR,B-ZD-BR,B-ZB-BO,B-ZO-BR,S-ZB-BR,B-ZO-BO,S-ZO-BO,B-ZD-BR,B-ZD-BO,B-ZG-UN,S-ZB-BO,S-ZF-UN,S-ZF-BO,B-ZF-BR
301,2019.08.22 00:00,USDCAD,60,86400,SELL,ZB,1,1.33455,1.33084,371.0,1.33248,1.32534,714.0,192.453,55.80,164.0,87.6,1.33248,1.33084,1.32370,BREAK,2019.08.27 05:00,0,,0,,0,,0,NA,Asia,BREAK,2019.09.05 10:00,BREAK,2019.09.05 14:00,1.33619,BOUNCE,2019.09.03 13:00,1,2019.09.03 20:00,1,2019.09.04 18:00,1,2019.09.04 20:00,3,1d 7h,NewYork,NA,,NA,,1.32920,BREAK,2019.08.22 00:00,0,,0,,0,,0,NA,Asia,BOUNCE,2019.08.22 17:00,NA,,1.33412,BREAK,2019.09.02 16:00,0,,0,,0,,0,NA,NewYork,BREAK,2019.09.03 14:00,BOUNCE,2019.09.03 17:00,B-ZE-BO,S-ZF-BR,B-ZC-BO,B-ZF-UN,S-ZD-BO,S-ZB-BO,B-ZF-BR,B-ZO-BR,B-ZD-BR,B-ZB-BO,B-ZO-BO,S-ZO-BO,B-ZD-BR,B-ZD-BO,B-ZG-UN,S-ZB-BO,S-ZF-UN,S-ZF-BO,B-ZF-BR,B-ZB-BR
302,2019.08.24 00:00,USDCAD,60,86400,BUY,ZO,0,1.33150,1.32751,399.0,1.33390,1.32767,623.0,156.140,4.01,383.0,94.2,1.33150,1.32767,1.33773,BOUNCE,2019.09.03 16:00,1,2019.09.04 18:00,1,2019.09.04 20:00,1,2019.09.04 20:00,3,1d 4h,NewYork,NA,,NA,,1.32368,BREAK,2019.08.27 06:00,0,,0,,0,,0,NA,Asia,BOUNCE,2019.09.05 18:00,NA,,1.33533,BOUNCE,2019.09.02 16:00,1,2019.09.04 20:00,1,2019.09.04 20:00,0,,2,2d 4h,NewYork,NA,,NA,,1.32384,BREAK,2019.08.27 05:00,0,,0,,0,,0,NA,Asia,BOUNCE,2019.09.05 18:00,NA,,S-ZB-BR,B-ZE-BO,S-ZF-BR,B-ZC-BO,B-ZF-UN,S-ZD-BO,S-ZB-BO,B-ZF-BR,B-ZO-BR,B-ZD-BR,S-ZO-BO,B-ZD-BR,B-ZD-BO,B-ZG-UN,S-ZB-BO,S-ZF-UN,S-ZF-BO,B-ZF-BR,B-ZB-BR,B-ZB-BO
303,2019.08.28 00:00,USDCAD,60,86400,SELL,ZO,0,1.33191,1.32547,644.0,1.33004,1.32250,754.0,117.081,29.04,457.0,152.0,1.33004,1.32547,1.31793,BOUNCE,2019.09.06 16:00,1,2019.09.13 19:00,1,2019.10.03 17:00,0,,2,3w 6d,NewYork,NA,,NA,,1.33648,BREAK,2019.09.03 13:00,0,,0,,0,,0,NA,NewYork,UNTOUCHED,,NA,,1.32090,BREAK,2019.09.05 10:00,0,,0,,0,,0,NA,London,BREAK,2019.09.09 18:00,UNTOUCHED,,1.33461,BREAK,2019.09.02 16:00,0,,0,,0,,0,NA,NewYork,UNTOUCHED,,NA,,B-ZO-BO,S-ZB-BR,B-ZE-BO,S-ZF-BR,B-ZC-BO,B-ZF-UN,S-ZD-BO,S-ZB-BO,B-ZF-BR,B-ZO-BR,B-ZD-BR,B-ZD-BO,B-ZG-UN,S-ZB-BO,S-ZF-UN,S-ZF-BO,B-ZF-BR,B-ZB-BR,B-ZB-BO,B-ZO-UN
304,2019.08.29 00:00,USDCAD,60,86400,BUY,ZD,1,1.33004,1.32250,754.0,1.33180,1.32784,396.0,52.520,70.82,220.0,177.9,1.33004,1.32784,1.33400,BREAK,2019.09.02 16:00,0,,0,,0,,0,NA,NewYork,BREAK,2019.09.03 16:00,UNTOUCHED,,1.32030,BOUNCE,2019.09.05 12:00,1,2019.09.13 17:00,1,2019.10.03 00:00,1,2019.10.03 16:00,3,4w 0d,London,NA,,NA,,1.33224,BOUNCE,2019.08.30 21:00,1,2019.09.04 19:00,1,2019.09.05 12:00,0,,2,5d 15h,Other,NA,,NA,,1.32564,BOUNCE,2019.08.30 16:00,1,2019.08.30 21:00,1,2019.08.30 21:00,0,,2,5h,NewYork,NA,,NA,,S-ZO-BO,B-ZO-BO,S-ZB-BR,B-ZE-BO,S-ZF-BR,B-ZC-BO,B-ZF-UN,S-ZD-BO,S-ZB-BO,B-ZF-BR,B-ZD-BO,B-ZG-UN,S-ZB-BO,S-ZF-UN,S-ZF-BO,B-ZF-BR,B-ZB-BR,B-ZB-BO,B-ZO-UN,B-ZG-UN
305,2019.09.03 00:00,USDCAD,60,86400,BUY,ZD,1,1.33179,1.32958,221.0,1.33610,1.33119,491.0,222.172,72.85,60.0,52.2,1.33179,1.33119,1.33670,BOUNCE,2019.09.03 15:00,1,2019.09.03 17:00,1,2019.09.04 18:00,1,2019.09.04 18:00,3,1d 3h,NewYork,NA,,NA,,1.32898,BREAK,2019.09.04 18:00,0,,0,,0,,0,NA,NewYork,BREAK,2019.09.04 19:00,BREAK,2019.09.04 20:00,1.33239,BREAK,2019.09.03 00:00,0,,0,,0,,0,NA,Asia,BREAK,2019.09.03 04:00,BREAK,2019.09.03 05:00,1.33059,BREAK,2019.09.04 18:00,0,,0,,0,,0,NA,NewYork,BREAK,2019.09.04 19:00,BREAK,2019.09.04 20:00,B-ZD-BR,S-ZO-BO,B-ZO-BO,S-ZB-BR,B-ZE-BO,S-ZF-BR,B-ZC-BO,B-ZF-UN,S-ZD-BO,S-ZB-BO,B-ZG-UN,S-ZB-BO,S-ZF-UN,S-ZF-BO,B-ZF-BR,B-ZB-BR,B-ZB-BO,B-ZO-UN,B-ZG-UN,S-ZD-BO
306,2019.09.04 00:00,USDCAD,60,86400,BUY,ZG,0,1.33610,1.33119,491.0,1.33825,1.33186,639.0,130.143,13.65,424.0,115.9,1.33610,1.33186,1.34249,UNTOUCHED,,0,,0,,0,,0,NA,Other,NA,,NA,,1.32695,BOUNCE,2019.09.04 18:00,0,,0,,0,,0,NA,NewYork,NA,,NA,,1.34034,UNTOUCHED,,0,,0,,0,,0,NA,Other,NA,,NA,,1.32762,BREAK,2019.09.04 18:00,0,,0,,0,,0,NA,NewYork,BREAK,2019.09.04 22:00,BOUNCE,2019.09.05 18:00,B-ZD-BO,B-ZD-BR,S-ZO-BO,B-ZO-BO,S-ZB-BR,B-ZE-BO,S-ZF-BR,B-ZC-BO,B-ZF-UN,S-ZD-BO,S-ZB-BO,S-ZF-UN,S-ZF-BO,B-ZF-BR,B-ZB-BR,B-ZB-BO,B-ZO-UN,B-ZG-UN,S-ZD-BO,B-ZG-BR
307,2019.09.05 00:00,USDCAD,60,86400,SELL,ZB,1,1.33825,1.33186,639.0,1.33444,1.32185,1259.0,197.027,59.62,258.0,150.8,1.33444,1.33186,1.31927,BOUNCE,2019.09.05 14:00,1,2019.09.05 19:00,0,,0,,1,5h,NewYork,NA,,NA,,1.34083,UNTOUCHED,,0,,0,,0,,0,NA,Other,NA,,NA,,1.32928,BREAK,2019.09.05 00:00,0,,0,,0,,0,NA,Asia,BREAK,2019.09.05 01:00,BREAK,2019.09.05 02:00,1.33702,UNTOUCHED,,0,,0,,0,,0,NA,Other,NA,,NA,,B-ZG-UN,B-ZD-BO,B-ZD-BR,S-ZO-BO,B-ZO-BO,S-ZB-BR,B-ZE-BO,S-ZF-BR,B-ZC-BO,B-ZF-UN,S-ZF-UN,S-ZF-BO,B-ZF-BR,B-ZB-BR,B-ZB-BO,B-ZO-UN,B-ZG-UN,S-ZD-BO,B-ZG-BR,S-ZO-BR
308,2019.09.07 00:00,USDCAD,60,86400,SELL,ZF,0,1.32460,1.31913,547.0,1.32351,1.31580,771.0,140.951,19.93,438.0,129.1,1.32351,1.31913,1.31142,UNTOUCHED,,0,,0,,0,,0,NA,Other,NA,,NA,,1.32898,BOUNCE,2019.09.17 17:00,1,2019.10.11 17:00,1,2019.10.17 17:00,0,,2,4w 2d,NewYork,NA,,NA,,1.31475,BOUNCE,2019.09.09 19:00,1,2019.09.13 22:00,1,2019.09.17 17:00,0,,2,1w 0d,NewYork,NA,,NA,,1.32789,BOUNCE,2019.09.13 22:00,1,2019.10.17 17:00,1,2019.10.17 17:00,0,,2,4w 5d,Other,NA,,NA,,S-ZB-BO,B-ZG-UN,B-ZD-BO,B-ZD-BR,S-ZO-BO,B-ZO-BO,S-ZB-BR,B-ZE-BO,S-ZF-BR,B-ZC-BO,S-ZF-BO,B-ZF-BR,B-ZB-BR,B-ZB-BO,B-ZO-UN,B-ZG-UN,S-ZD-BO,B-ZG-BR,S-ZO-BR,S-ZG-BR
309,2019.09.10 00:00,USDCAD,60,86400,SELL,ZF,1,1.31824,1.31632,192.0,1.31772,1.31392,380.0,197.917,27.08,140.0,45.3,1.31772,1.31632,1.31252,BOUNCE,2019.10.18 20:00,0,,0,,0,,0,NA,NewYork,NA,,NA,,1.31964,BREAK,2019.09.11 19:00,0,,0,,0,,0,NA,NewYork,BOUNCE,2019.09.11 20:00,NA,,1.31492,BREAK,2019.09.10 19:00,0,,0,,0,,0,NA,NewYork,BOUNCE,2019.09.10 20:00,NA,,1.31912,BOUNCE,2019.09.10 12:00,1,2019.09.10 19:00,1,2019.09.10 19:00,0,,2,7h,London,NA,,NA,,S-ZF-UN,S-ZB-BO,B-ZG-UN,B-ZD-BO,B-ZD-BR,S-ZO-BO,B-ZO-BO,S-ZB-BR,B-ZE-BO,S-ZF-BR,B-ZF-BR,B-ZB-BR,B-ZB-BO,B-ZO-UN,B-ZG-UN,S-ZD-BO,B-ZG-BR,S-ZO-BR,S-ZG-BR,S-ZB-BR
310,2019.09.12 00:00,USDCAD,60,86400,BUY,ZF,0,1.31913,1.31335,578.0,1.32142,1.31396,746.0,129.066,10.55,517.0,136.4,1.31913,1.31396,1.32659,BREAK,2019.09.13 19:00,0,,0,,0,,0,NA,NewYork,BREAK,2019.10.03 02:00,UNTOUCHED,,1.30818,PENDING,2019.10.22 04:00,0,,0,,0,,0,NA,Asia,NA,,NA,,1.32430,BREAK,2019.09.13 17:00,0,,0,,0,,0,NA,NewYork,BOUNCE,2019.09.17 20:00,NA,,1.30879,BREAK,2019.10.21 20:00,0,,0,,0,,0,NA,NewYork,UNTOUCHED,,NA,,S-ZF-BO,S-ZF-UN,S-ZB-BO,B-ZG-UN,B-ZD-BO,B-ZD-BR,S-ZO-BO,B-ZO-BO,S-ZB-BR,B-ZE-BO,B-ZB-BR,B-ZB-BO,B-ZO-UN,B-ZG-UN,S-ZD-BO,B-ZG-BR,S-ZO-BR,S-ZG-BR,S-ZB-BR,B-ZO-BR
311,2019.09.13 00:00,USDCAD,60,86400,BUY,ZB,1,1.32142,1.31396,746.0,1.32205,1.31767,438.0,58.713,49.73,375.0,176.1,1.32142,1.31767,1.32580,BREAK,2019.09.13 18:00,0,,0,,0,,0,NA,NewYork,BOUNCE,2019.09.17 19:00,NA,,1.31021,BREAK,2019.10.21 14:00,0,,0,,0,,0,NA,NewYork,BREAK,2019.10.29 15:00,UNTOUCHED,,1.32517,BREAK,2019.09.13 18:00,0,,0,,0,,0,NA,NewYork,BOUNCE,2019.09.17 19:00,NA,,1.31392,BREAK,2019.10.17 18:00,0,,0,,0,,0,NA,NewYork,BREAK,2019.10.21 22:00,BREAK,2019.10.29 15:00,B-ZF-BR,S-ZF-BO,S-ZF-UN,S-ZB-BO,B-ZG-UN,B-ZD-BO,B-ZD-BR,S-ZO-BO,B-ZO-BO,S-ZB-BR,B-ZB-BO,B-ZO-UN,B-ZG-UN,S-ZD-BO,B-ZG-BR,S-ZO-BR,S-ZG-BR,S-ZB-BR,B-ZO-BR,S-ZO-BR
312,2019.09.14 00:00,USDCAD,60,86400,BUY,ZB,1,1.32205,1.31767,438.0,1.32832,1.32022,810.0,184.932,58.22,183.0,103.4,1.32205,1.32022,1.33015,BOUNCE,2019.09.18 22:00,1,2019.09.19 17:00,1,2019.10.11 19:00,1,2019.10.17 13:00,3,4w 0d,Other,NA,,NA,,1.31584,BOUNCE,2019.10.17 13:00,0,,0,,0,,0,NA,NewYork,NA,,NA,,1.32388,BREAK,2019.09.14 00:00,0,,0,,0,,0,NA,Asia,BREAK,2019.09.16 01:00,BOUNCE,2019.09.17 16:00,1.31839,BREAK,2019.10.11 19:00,0,,0,,0,,0,NA,NewYork,BREAK,2019.10.17 17:00,BREAK,2019.10.17 18:00,B-ZB-BR,B-ZF-BR,S-ZF-BO,S-ZF-UN,S-ZB-BO,B-ZG-UN,B-ZD-BO,B-ZD-BR,S-ZO-BO,B-ZO-BO,B-ZO-UN,B-ZG-UN,S-ZD-BO,B-ZG-BR,S-ZO-BR,S-ZG-BR,S-ZB-BR,B-ZO-BR,S-ZO-BR,S-ZB-BR
313,2019.09.18 00:00,USDCAD,60,86400,BUY,ZO,0,1.32843,1.32097,746.0,1.32997,1.32330,667.0,89.410,31.23,513.0,176.1,1.32843,1.32330,1.33510,UNTOUCHED,,0,,0,,0,,0,NA,Other,NA,,NA,,1.31584,BREAK,2019.10.17 13:00,0,,0,,0,,0,NA,NewYork,BREAK,2019.10.21 20:00,BOUNCE,2019.10.30 18:00,1.33356,BOUNCE,2019.10.03 13:00,1,2019.10.11 19:00,1,2019.10.17 13:00,0,,2,2w 0d,NewYork,NA,,NA,,1.31817,BOUNCE,2019.10.11 19:00,0,,0,,0,,0,NA,NewYork,NA,,NA,,B-ZB-BO,B-ZB-BR,B-ZF-BR,S-ZF-BO,S-ZF-UN,S-ZB-BO,B-ZG-UN,B-ZD-BO,B-ZD-BR,S-ZO-BO,B-ZG-UN,S-ZD-BO,B-ZG-BR,S-ZO-BR,S-ZG-BR,S-ZB-BR,B-ZO-BR,S-ZO-BR,S-ZB-BR,S-ZO-UN
314,2019.09.19 00:00,USDCAD,60,86400,BUY,ZG,0,1.32997,1.32330,667.0,1.33101,1.32381,720.0,107.946,7.65,616.0,157.4,1.32997,1.32381,1.33717,UNTOUCHED,,0,,0,,0,,0,NA,Other,NA,,NA,,1.31714,BOUNCE,2019.10.11 19:00,0,,0,,0,,0,NA,NewYork,NA,,NA,,1.33613,UNTOUCHED,,0,,0,,0,,0,NA,Other,NA,,NA,,1.31765,BOUNCE,2019.10.11 19:00,0,,0,,0,,0,NA,NewYork,NA,,NA,,B-ZO-UN,B-ZB-BO,B-ZB-BR,B-ZF-BR,S-ZF-BO,S-ZF-UN,S-ZB-BO,B-ZG-UN,B-ZD-BO,B-ZD-BR,S-ZD-BO,B-ZG-BR,S-ZO-BR,S-ZG-BR,S-ZB-BR,B-ZO-BR,S-ZO-BR,S-ZB-BR,S-ZO-UN,S-ZE-UN
315,2019.09.25 00:00,USDCAD,60,86400,SELL,ZD,1,1.33048,1.32542,506.0,1.32742,1.32320,422.0,83.399,60.47,200.0,119.4,1.32742,1.32542,1.32120,BOUNCE,2019.10.01 22:00,1,2019.10.02 14:00,1,2019.10.02 18:00,1,2019.10.03 00:00,3,1d 2h,Other,NA,,NA,,1.33248,BREAK,2019.10.03 00:00,0,,0,,0,,0,NA,Asia,BOUNCE,2019.10.03 18:00,NA,,1.32342,BOUNCE,2019.09.26 16:00,1,2019.10.02 18:00,1,2019.10.03 00:00,0,,2,6d 8h,NewYork,NA,,NA,,1.32942,BREAK,2019.10.02 18:00,0,,0,,0,,0,NA,NewYork,BREAK,2019.10.03 00:00,BOUNCE,2019.10.03 12:00,B-ZG-UN,B-ZO-UN,B-ZB-BO,B-ZB-BR,B-ZF-BR,S-ZF-BO,S-ZF-UN,S-ZB-BO,B-ZG-UN,B-ZD-BO,B-ZG-BR,S-ZO-BR,S-ZG-BR,S-ZB-BR,B-ZO-BR,S-ZO-BR,S-ZB-BR,S-ZO-UN,S-ZE-UN,B-ZB-BR
316,2019.09.26 00:00,USDCAD,60,86400,BUY,ZG,0,1.32742,1.32320,422.0,1.32884,1.32350,534.0,126.540,7.11,392.0,99.6,1.32742,1.32350,1.33276,BREAK,2019.10.03 00:00,0,,0,,0,,0,NA,Asia,UNTOUCHED,,NA,,1.31928,BREAK,2019.10.11 17:00,0,,0,,0,,0,NA,NewYork,BREAK,2019.10.17 18:00,BREAK,2019.10.21 13:00,1.33134,BREAK,2019.10.02 19:00,0,,0,,0,,0,NA,NewYork,UNTOUCHED,,NA,,1.31958,BREAK,2019.10.11 17:00,0,,0,,0,,0,NA,NewYork,BREAK,2019.10.17 17:00,BREAK,2019.10.21 13:00,S-ZD-BO,B-ZG-UN,B-ZO-UN,B-ZB-BO,B-ZB-BR,B-ZF-BR,S-ZF-BO,S-ZF-UN,S-ZB-BO,B-ZG-UN,S-ZO-BR,S-ZG-BR,S-ZB-BR,B-ZO-BR,S-ZO-BR,S-ZB-BR,S-ZO-UN,S-ZE-UN,B-ZB-BR,B-ZO-BR
317,2019.09.27 00:00,USDCAD,60,86400,SELL,ZO,0,1.32884,1.32350,534.0,1.32763,1.32312,451.0,84.457,22.66,413.0,126.0,1.32763,1.32350,1.31899,BREAK,2019.10.11 17:00,0,,0,,0,,0,NA,NewYork,BREAK,2019.10.17 18:00,BREAK,2019.10.21 20:00,1.33297,BREAK,2019.10.03 02:00,0,,0,,0,,0,NA,Asia,UNTOUCHED,,NA,,1.31937,BREAK,2019.10.11 17:00,0,,0,,0,,0,NA,NewYork,BREAK,2019.10.17 18:00,BREAK,2019.10.21 16:00,1.33176,BREAK,2019.10.02 20:00,0,,0,,0,,0,NA,NewYork,UNTOUCHED,,NA,,B-ZG-BR,S-ZD-BO,B-ZG-UN,B-ZO-UN,B-ZB-BO,B-ZB-BR,B-ZF-BR,S-ZF-BO,S-ZF-UN,S-ZB-BO,S-ZG-BR,S-ZB-BR,B-ZO-BR,S-ZO-BR,S-ZB-BR,S-ZO-UN,S-ZE-UN,B-ZB-BR,B-ZO-BR,B-ZB-BR
318,2019.10.05 00:00,USDCAD,60,86400,SELL,ZG,0,1.33476,1.33093,383.0,1.33448,1.32988,460.0,120.104,7.31,355.0,90.4,1.33448,1.33093,1.32633,BREAK,2019.10.11 15:00,0,,0,,0,,0,NA,NewYork,BREAK,2019.10.11 17:00,BREAK,2019.10.11 19:00,1.33831,UNTOUCHED,,0,,0,,0,,0,NA,Other,NA,,NA,,1.32738,BREAK,2019.10.10 18:00,0,,0,,0,,0,NA,NewYork,BREAK,2019.10.11 16:00,BREAK,2019.10.11 17:00,1.33803,UNTOUCHED,,0,,0,,0,,0,NA,Other,NA,,NA,,S-ZO-BR,B-ZG-BR,S-ZD-BO,B-ZG-UN,B-ZO-UN,B-ZB-BO,B-ZB-BR,B-ZF-BR,S-ZF-BO,S-ZF-UN,S-ZB-BR,B-ZO-BR,S-ZO-BR,S-ZB-BR,S-ZO-UN,S-ZE-UN,B-ZB-BR,B-ZO-BR,B-ZB-BR,B-ZO-BO
319,2019.10.12 00:00,USDCAD,60,86400,SELL,ZB,1,1.33458,1.32686,772.0,1.33000,1.31708,1292.0,167.358,59.33,314.0,182.2,1.33000,1.32686,1.31394,BREAK,2019.10.17 18:00,0,,0,,0,,0,NA,NewYork,BREAK,2019.10.21 20:00,BOUNCE,2019.10.22 16:00,1.33772,UNTOUCHED,,0,,0,,0,,0,NA,Other,NA,,NA,,1.32372,BREAK,2019.10.12 00:00,0,,0,,0,,0,NA,Asia,BOUNCE,2019.10.15 00:00,NA,,1.33314,UNTOUCHED,,0,,0,,0,,0,NA,Other,NA,,NA,,S-ZG-BR,S-ZO-BR,B-ZG-BR,S-ZD-BO,B-ZG-UN,B-ZO-UN,B-ZB-BO,B-ZB-BR,B-ZF-BR,S-ZF-BO,B-ZO-BR,S-ZO-BR,S-ZB-BR,S-ZO-UN,S-ZE-UN,B-ZB-BR,B-ZO-BR,B-ZB-BR,B-ZO-BO,B-ZF-BO
320,2019.10.16 00:00,USDCAD,60,86400,BUY,ZO,0,1.32371,1.31912,459.0,1.32394,1.31955,439.0,95.643,9.37,416.0,108.3,1.32371,1.31955,1.32810,BREAK,2019.11.20 05:00,0,,0,,0,,0,NA,Asia,BOUNCE,2019.11.21 18:00,NA,,1.31496,BREAK,2019.10.17 17:00,0,,0,,0,,0,NA,NewYork,BREAK,2019.10.21 20:00,BREAK,2019.10.24 16:00,1.32787,BREAK,2019.11.20 04:00,0,,0,,0,,0,NA,Asia,BOUNCE,2019.11.21 18:00,NA,,1.31539,BREAK,2019.10.17 17:00,0,,0,,0,,0,NA,NewYork,BREAK,2019.10.21 16:00,BREAK,2019.10.24 16:00,S-ZB-BR,S-ZG-BR,S-ZO-BR,B-ZG-BR,S-ZD-BO,B-ZG-UN,B-ZO-UN,B-ZB-BO,B-ZB-BR,B-ZF-BR,S-ZO-BR,S-ZB-BR,S-ZO-UN,S-ZE-UN,B-ZB-BR,B-ZO-BR,B-ZB-BR,B-ZO-BO,B-ZF-BO,B-ZO-BR
321,2019.10.17 00:00,USDCAD,60,86400,SELL,ZO,0,1.32394,1.31955,439.0,1.32338,1.31842,496.0,112.984,12.76,383.0,103.6,1.32338,1.31955,1.31459,BREAK,2019.10.17 18:00,0,,0,,0,,0,NA,NewYork,BREAK,2019.10.21 20:00,BREAK,2019.10.24 16:00,1.32777,BREAK,2019.11.20 04:00,0,,0,,0,,0,NA,Asia,BREAK,2019.11.20 21:00,UNTOUCHED,,1.31572,BREAK,2019.10.17 17:00,0,,0,,0,,0,NA,NewYork,BREAK,2019.10.21 13:00,BOUNCE,2019.10.22 16:00,1.32721,BREAK,2019.11.20 01:00,0,,0,,0,,0,NA,Asia,BREAK,2019.11.20 21:00,UNTOUCHED,,B-ZO-BR,S-ZB-BR,S-ZG-BR,S-ZO-BR,B-ZG-BR,S-ZD-BO,B-ZG-UN,B-ZO-UN,B-ZB-BO,B-ZB-BR,S-ZB-BR,S-ZO-UN,S-ZE-UN,B-ZB-BR,B-ZO-BR,B-ZB-BR,B-ZO-BO,B-ZF-BO,B-ZO-BR,B-ZG-BR
322,2019.10.18 00:00,USDCAD,60,86400,SELL,ZB,1,1.32338,1.31842,496.0,1.32115,1.31308,807.0,162.702,44.96,273.0,117.1,1.32115,1.31842,1.31035,BREAK,2019.10.21 13:00,0,,0,,0,,0,NA,NewYork,BOUNCE,2019.10.22 15:00,NA,,1.32611,BOUNCE,2019.11.13 13:00,1,2019.11.18 20:00,0,,0,,1,5d 7h,NewYork,NA,,NA,,1.31569,BREAK,2019.10.18 00:00,0,,0,,0,,0,NA,Asia,BREAK,2019.10.21 12:00,BREAK,2019.10.21 20:00,1.32388,BREAK,2019.11.12 04:00,0,,0,,0,,0,NA,Asia,BOUNCE,2019.11.13 19:00,NA,,S-ZO-BR,B-ZO-BR,S-ZB-BR,S-ZG-BR,S-ZO-BR,B-ZG-BR,S-ZD-BO,B-ZG-UN,B-ZO-UN,B-ZB-BO,S-ZO-UN,S-ZE-UN,B-ZB-BR,B-ZO-BR,B-ZB-BR,B-ZO-BO,B-ZF-BO,B-ZO-BR,B-ZG-BR,B-ZE-BR
323,2019.10.23 00:00,USDCAD,60,86400,SELL,ZO,0,1.31382,1.30824,558.0,1.31227,1.30709,518.0,92.832,27.78,403.0,131.7,1.31227,1.30824,1.30306,UNTOUCHED,,0,,0,,0,,0,NA,Other,NA,,NA,,1.31785,BREAK,2019.10.30 19:00,0,,0,,0,,0,NA,NewYork,BREAK,2019.11.08 17:00,BOUNCE,2019.11.15 20:00,1.30421,BOUNCE,2019.10.29 15:00,1,2019.10.30 18:00,1,2019.10.30 19:00,0,,2,1d 4h,NewYork,NA,,NA,,1.31630,BOUNCE,2019.10.30 18:00,0,,0,,0,,0,NA,NewYork,NA,,NA,,S-ZB-BR,S-ZO-BR,B-ZO-BR,S-ZB-BR,S-ZG-BR,S-ZO-BR,B-ZG-BR,S-ZD-BO,B-ZG-UN,B-ZO-UN,S-ZE-UN,B-ZB-BR,B-ZO-BR,B-ZB-BR,B-ZO-BO,B-ZF-BO,B-ZO-BR,B-ZG-BR,B-ZE-BR,S-ZB-BO
324,2019.10.25 00:00,USDCAD,60,86400,SELL,ZE,1,1.31091,1.30709,382.0,1.30926,1.30531,395.0,103.403,43.19,217.0,90.2,1.30926,1.30709,1.30314,UNTOUCHED,,0,,0,,0,,0,NA,Other,NA,,NA,,1.31308,BREAK,2019.10.30 18:00,0,,0,,0,,0,NA,NewYork,BREAK,2019.10.30 19:00,BREAK,2019.10.30 20:00,1.30492,BOUNCE,2019.10.28 15:00,1,2019.10.30 18:00,1,2019.10.30 18:00,0,,2,2d 3h,NewYork,NA,,NA,,1.31143,BREAK,2019.10.30 18:00,0,,0,,0,,0,NA,NewYork,BREAK,2019.10.30 19:00,BREAK,2019.10.30 20:00,S-ZO-UN,S-ZB-BR,S-ZO-BR,B-ZO-BR,S-ZB-BR,S-ZG-BR,S-ZO-BR,B-ZG-BR,S-ZD-BO,B-ZG-UN,B-ZB-BR,B-ZO-BR,B-ZB-BR,B-ZO-BO,B-ZF-BO,B-ZO-BR,B-ZG-BR,B-ZE-BR,S-ZB-BO,S-ZE-BO
325,2019.10.31 00:00,USDCAD,60,86400,BUY,ZB,1,1.31003,1.30420,583.0,1.32081,1.30743,1338.0,229.503,55.40,260.0,137.6,1.31003,1.30743,1.32341,BREAK,2019.11.08 18:00,0,,0,,0,,0,NA,NewYork,BOUNCE,2019.11.15 07:00,NA,,1.30160,UNTOUCHED,,0,,0,,0,,0,NA,Other,NA,,NA,,1.31263,BREAK,2019.10.31 00:00,0,,0,,0,,0,NA,Asia,BREAK,2019.10.31 01:00,BREAK,2019.11.01 16:00,1.30483,UNTOUCHED,,0,,0,,0,,0,NA,Other,NA,,NA,,S-ZE-UN,S-ZO-UN,S-ZB-BR,S-ZO-BR,B-ZO-BR,S-ZB-BR,S-ZG-BR,S-ZO-BR,B-ZG-BR,S-ZD-BO,B-ZO-BR,B-ZB-BR,B-ZO-BO,B-ZF-BO,B-ZO-BR,B-ZG-BR,B-ZE-BR,S-ZB-BO,S-ZE-BO,S-ZF-BR
326,2019.11.02 00:00,USDCAD,60,86400,BUY,ZO,0,1.31780,1.31352,428.0,1.31960,1.31390,570.0,133.178,8.88,390.0,101.0,1.31780,1.31390,1.32350,BREAK,2019.11.08 18:00,0,,0,,0,,0,NA,NewYork,BREAK,2019.11.20 11:00,BREAK,2019.11.20 21:00,1.30962,UNTOUCHED,,0,,0,,0,,0,NA,Other,NA,,NA,,1.32170,BREAK,2019.11.08 17:00,0,,0,,0,,0,NA,NewYork,BOUNCE,2019.11.12 18:00,NA,,1.31000,UNTOUCHED,,0,,0,,0,,0,NA,Other,NA,,NA,,B-ZB-BR,S-ZE-UN,S-ZO-UN,S-ZB-BR,S-ZO-BR,B-ZO-BR,S-ZB-BR,S-ZG-BR,S-ZO-BR,B-ZG-BR,B-ZB-BR,B-ZO-BO,B-ZF-BO,B-ZO-BR,B-ZG-BR,B-ZE-BR,S-ZB-BO,S-ZE-BO,S-ZF-BR,S-ZE-BR
327,2019.11.07 00:00,USDCAD,60,86400,BUY,ZB,1,1.31779,1.31151,628.0,1.31927,1.31414,513.0,81.688,41.88,365.0,148.2,1.31779,1.31414,1.32292,BREAK,2019.11.08 17:00,0,,0,,0,,0,NA,NewYork,BOUNCE,2019.11.15 07:00,NA,,1.30786,UNTOUCHED,,0,,0,,0,,0,NA,Other,NA,,NA,,1.32144,BREAK,2019.11.08 17:00,0,,0,,0,,0,NA,NewYork,BREAK,2019.11.13 13:00,BREAK,2019.11.20 14:00,1.31049,UNTOUCHED,,0,,0,,0,,0,NA,Other,NA,,NA,,B-ZO-BR,B-ZB-BR,S-ZE-UN,S-ZO-UN,S-ZB-BR,S-ZO-BR,B-ZO-BR,S-ZB-BR,S-ZG-BR,S-ZO-BR,B-ZO-BO,B-ZF-BO,B-ZO-BR,B-ZG-BR,B-ZE-BR,S-ZB-BO,S-ZE-BO,S-ZF-BR,S-ZE-BR,B-ZC-BO
328,2019.11.08 00:00,USDCAD,60,86400,BUY,ZO,0,1.31927,1.31414,513.0,1.31970,1.31597,373.0,72.710,35.67,330.0,121.1,1.31927,1.31597,1.32300,BOUNCE,2019.11.08 17:00,1,2019.12.05 17:00,1,2019.12.16 16:00,1,2019.12.18 20:00,3,5w 5d,NewYork,NA,,NA,,1.31084,PENDING,2019.12.18 20:00,0,,0,,0,,0,NA,NewYork,NA,,NA,,1.32257,BREAK,2019.11.08 17:00,0,,0,,0,,0,NA,NewYork,BOUNCE,2019.11.15 07:00,NA,,1.31267,BOUNCE,2019.12.16 16:00,0,,0,,0,,0,NA,NewYork,NA,,NA,,B-ZB-BR,B-ZO-BR,B-ZB-BR,S-ZE-UN,S-ZO-UN,S-ZB-BR,S-ZO-BR,B-ZO-BR,S-ZB-BR,S-ZG-BR,B-ZF-BO,B-ZO-BR,B-ZG-BR,B-ZE-BR,S-ZB-BO,S-ZE-BO,S-ZF-BR,S-ZE-BR,B-ZC-BO,S-ZE-BR
329,2019.11.09 00:00,USDCAD,60,86400,BUY,ZF,1,1.31970,1.31597,373.0,1.32371,1.31708,663.0,177.748,29.76,262.0,88.0,1.31970,1.31708,1.32633,BOUNCE,2019.11.13 13:00,1,2019.11.18 10:00,1,2019.12.16 11:00,1,2019.12.16 14:00,3,4w 5d,NewYork,NA,,NA,,1.31335,BREAK,2019.12.16 14:00,0,,0,,0,,0,NA,NewYork,BOUNCE,2019.12.19 19:00,NA,,1.32232,BREAK,2019.11.09 00:00,0,,0,,0,,0,NA,Asia,BOUNCE,2019.11.12 18:00,NA,,1.31446,BREAK,2019.12.16 11:00,0,,0,,0,,0,NA,London,BOUNCE,2019.12.16 18:00,NA,,B-ZO-BO,B-ZB-BR,B-ZO-BR,B-ZB-BR,S-ZE-UN,S-ZO-UN,S-ZB-BR,S-ZO-BR,B-ZO-BR,S-ZB-BR,B-ZO-BR,B-ZG-BR,B-ZE-BR,S-ZB-BO,S-ZE-BO,S-ZF-BR,S-ZE-BR,B-ZC-BO,S-ZE-BR,B-ZO-UN
330,2019.11.13 00:00,USDCAD,60,86400,BUY,ZO,1,1.32349,1.32125,224.0,1.32573,1.32161,412.0,183.929,16.07,188.0,52.9,1.32349,1.32161,1.32761,BREAK,2019.11.20 04:00,0,,0,,0,,0,NA,Asia,BREAK,2019.11.20 14:00,BOUNCE,2019.11.20 17:00,1.31937,BOUNCE,2019.11.19 17:00,1,2019.11.19 20:00,1,2019.11.19 22:00,1,2019.11.20 04:00,3,11h,NewYork,NA,,NA,,1.32537,BREAK,2019.11.13 12:00,0,,0,,0,,0,NA,London,BREAK,2019.11.20 04:00,BREAK,2019.11.20 12:00,1.31973,BREAK,2019.11.19 17:00,0,,0,,0,,0,NA,NewYork,BREAK,2019.12.05 17:00,BOUNCE,2019.12.13 02:00,B-ZF-BO,B-ZO-BO,B-ZB-BR,B-ZO-BR,B-ZB-BR,S-ZE-UN,S-ZO-UN,S-ZB-BR,S-ZO-BR,B-ZO-BR,B-ZG-BR,B-ZE-BR,S-ZB-BO,S-ZE-BO,S-ZF-BR,S-ZE-BR,B-ZC-BO,S-ZE-BR,B-ZO-UN,S-ZB-BR
331,2019.11.14 00:00,USDCAD,60,86400,BUY,ZG,0,1.32573,1.32161,412.0,1.32682,1.32246,436.0,105.825,20.63,327.0,97.2,1.32573,1.32246,1.33009,BREAK,2019.11.20 14:00,0,,0,,0,,0,NA,NewYork,UNTOUCHED,,NA,,1.31834,BREAK,2019.12.05 04:00,0,,0,,0,,0,NA,Asia,BREAK,2019.12.16 12:00,BOUNCE,2019.12.16 19:00,1.32900,BREAK,2019.11.20 11:00,0,,0,,0,,0,NA,London,BOUNCE,2019.11.21 18:00,NA,,1.31919,BOUNCE,2019.11.19 17:00,1,2019.11.20 11:00,1,2019.11.20 11:00,0,,2,18h,NewYork,NA,,NA,,B-ZO-BR,B-ZF-BO,B-ZO-BO,B-ZB-BR,B-ZO-BR,B-ZB-BR,S-ZE-UN,S-ZO-UN,S-ZB-BR,S-ZO-BR,B-ZE-BR,S-ZB-BO,S-ZE-BO,S-ZF-BR,S-ZE-BR,B-ZC-BO,S-ZE-BR,B-ZO-UN,S-ZB-BR,B-ZF-UN
332,2019.11.15 00:00,USDCAD,60,86400,BUY,ZE,1,1.32682,1.32246,436.0,1.32704,1.32439,265.0,60.780,44.27,243.0,102.9,1.32682,1.32439,1.32947,BREAK,2019.11.20 12:00,0,,0,,0,,0,NA,London,BOUNCE,2019.11.21 18:00,NA,,1.32003,BREAK,2019.11.18 21:00,0,,0,,0,,0,NA,Other,BREAK,2019.12.05 17:00,BOUNCE,2019.12.13 18:00,1.32925,BREAK,2019.11.20 11:00,0,,0,,0,,0,NA,London,BREAK,2019.11.20 21:00,UNTOUCHED,,1.32196,BOUNCE,2019.11.15 08:00,1,2019.11.20 11:00,1,2019.11.20 11:00,0,,2,5d 3h,London,NA,,NA,,B-ZG-BR,B-ZO-BR,B-ZF-BO,B-ZO-BO,B-ZB-BR,B-ZO-BR,B-ZB-BR,S-ZE-UN,S-ZO-UN,S-ZB-BR,S-ZB-BO,S-ZE-BO,S-ZF-BR,S-ZE-BR,B-ZC-BO,S-ZE-BR,B-ZO-UN,S-ZB-BR,B-ZF-UN,S-ZB-BR
333,2019.11.16 00:00,USDCAD,60,86400,SELL,ZB,1,1.32704,1.32439,265.0,1.32577,1.32161,416.0,156.981,47.92,138.0,62.5,1.32577,1.32439,1.32023,BOUNCE,2019.11.18 21:00,1,2019.11.19 20:00,1,2019.11.19 23:00,1,2019.11.20 11:00,3,1d 14h,Other,NA,,NA,,1.32842,BREAK,2019.11.20 11:00,0,,0,,0,,0,NA,London,BREAK,2019.11.20 14:00,BOUNCE,2019.11.20 16:00,1.32301,BREAK,2019.11.16 00:00,0,,0,,0,,0,NA,Asia,BREAK,2019.11.18 11:00,BOUNCE,2019.11.19 02:00,1.32715,BREAK,2019.11.19 23:00,0,,0,,0,,0,NA,Other,BREAK,2019.11.20 11:00,BREAK,2019.11.20 14:00,B-ZE-BR,B-ZG-BR,B-ZO-BR,B-ZF-BO,B-ZO-BO,B-ZB-BR,B-ZO-BR,B-ZB-BR,S-ZE-UN,S-ZO-UN,S-ZE-BO,S-ZF-BR,S-ZE-BR,B-ZC-BO,S-ZE-BR,B-ZO-UN,S-ZB-BR,B-ZF-UN,S-ZB-BR,S-ZH-BR
334,2019.11.23 00:00,USDCAD,60,86400,SELL,ZE,1,1.33249,1.32694,555.0,1.32978,1.32542,436.0,78.559,48.83,284.0,131.0,1.32978,1.32694,1.32258,BOUNCE,2019.12.04 19:00,0,,0,,0,,0,NA,NewYork,NA,,NA,,1.33533,UNTOUCHED,,0,,0,,0,,0,NA,Other,NA,,NA,,1.32410,BREAK,2019.12.04 19:00,0,,0,,0,,0,NA,NewYork,BREAK,2019.12.04 21:00,BREAK,2019.12.05 17:00,1.33262,UNTOUCHED,,0,,0,,0,,0,NA,Other,NA,,NA,,S-ZB-BO,B-ZE-BR,B-ZG-BR,B-ZO-BR,B-ZF-BO,B-ZO-BO,B-ZB-BR,B-ZO-BR,B-ZB-BR,S-ZE-UN,S-ZF-BR,S-ZE-BR,B-ZC-BO,S-ZE-BR,B-ZO-UN,S-ZB-BR,B-ZF-UN,S-ZB-BR,S-ZH-BR,S-ZF-BR
335,2019.11.27 00:00,USDCAD,60,86400,SELL,ZF,0,1.33188,1.32850,338.0,1.33161,1.32742,419.0,123.964,7.99,311.0,79.8,1.33161,1.32850,1.32431,BREAK,2019.12.04 19:00,0,,0,,0,,0,NA,NewYork,BREAK,2019.12.04 21:00,BREAK,2019.12.05 17:00,1.33499,UNTOUCHED,,0,,0,,0,,0,NA,Other,NA,,NA,,1.32539,BREAK,2019.12.04 19:00,0,,0,,0,,0,NA,NewYork,BREAK,2019.12.04 20:00,BREAK,2019.12.05 04:00,1.33472,UNTOUCHED,,0,,0,,0,,0,NA,Other,NA,,NA,,S-ZE-BO,S-ZB-BO,B-ZE-BR,B-ZG-BR,B-ZO-BR,B-ZF-BO,B-ZO-BO,B-ZB-BR,B-ZO-BR,B-ZB-BR,S-ZE-BR,B-ZC-BO,S-ZE-BR,B-ZO-UN,S-ZB-BR,B-ZF-UN,S-ZB-BR,S-ZH-BR,S-ZF-BR,B-ZB-BO
336,2019.11.28 00:00,USDCAD,60,86400,SELL,ZE,1,1.33161,1.32742,419.0,1.32894,1.32600,294.0,70.167,63.72,152.0,98.9,1.32894,1.32742,1.32448,BREAK,2019.12.04 19:00,0,,0,,0,,0,NA,NewYork,BREAK,2019.12.04 20:00,BREAK,2019.12.04 21:00,1.33313,UNTOUCHED,,0,,0,,0,,0,NA,Other,NA,,NA,,1.32590,BREAK,2019.12.04 19:00,0,,0,,0,,0,NA,NewYork,BREAK,2019.12.04 20:00,BREAK,2019.12.04 21:00,1.33046,BOUNCE,2019.11.29 17:00,1,2019.12.04 19:00,1,2019.12.04 19:00,0,,2,5d 2h,NewYork,NA,,NA,,S-ZF-BR,S-ZE-BO,S-ZB-BO,B-ZE-BR,B-ZG-BR,B-ZO-BR,B-ZF-BO,B-ZO-BO,B-ZB-BR,B-ZO-BR,B-ZC-BO,S-ZE-BR,B-ZO-UN,S-ZB-BR,B-ZF-UN,S-ZB-BR,S-ZH-BR,S-ZF-BR,B-ZB-BO,S-ZO-BR
337,2019.11.29 00:00,USDCAD,60,86400,BUY,ZC,1,1.32894,1.32600,294.0,1.32990,1.32756,234.0,79.592,53.06,138.0,69.4,1.32894,1.32756,1.33128,BOUNCE,2019.11.29 18:00,1,2019.11.29 19:00,1,2019.12.04 19:00,1,2019.12.04 19:00,3,5d 1h,NewYork,NA,,NA,,1.32462,BREAK,2019.12.04 19:00,0,,0,,0,,0,NA,NewYork,BREAK,2019.12.04 20:00,BREAK,2019.12.04 21:00,1.33032,BOUNCE,2019.11.29 17:00,1,2019.12.04 19:00,1,2019.12.04 19:00,0,,2,5d 2h,NewYork,NA,,NA,,1.32618,BREAK,2019.12.04 19:00,0,,0,,0,,0,NA,NewYork,BREAK,2019.12.04 20:00,BREAK,2019.12.04 21:00,S-ZE-BR,S-ZF-BR,S-ZE-BO,S-ZB-BO,B-ZE-BR,B-ZG-BR,B-ZO-BR,B-ZF-BO,B-ZO-BO,B-ZB-BR,S-ZE-BR,B-ZO-UN,S-ZB-BR,B-ZF-UN,S-ZB-BR,S-ZH-BR,S-ZF-BR,B-ZB-BO,S-ZO-BR,S-ZF-BR
338,2019.12.02 02:00,USDCAD,60,86400,SELL,ZE,1,1.33137,1.32728,409.0,1.32833,1.32703,130.0,31.785,74.33,105.0,96.5,1.32833,1.32728,1.32598,BREAK,2019.12.04 19:00,0,,0,,0,,0,NA,NewYork,BREAK,2019.12.04 20:00,BREAK,2019.12.04 21:00,1.33242,UNTOUCHED,,0,,0,,0,,0,NA,Other,NA,,NA,,1.32623,BREAK,2019.12.04 19:00,0,,0,,0,,0,NA,NewYork,BREAK,2019.12.04 20:00,BREAK,2019.12.04 21:00,1.32938,BOUNCE,2019.12.02 10:00,1,2019.12.04 19:00,1,2019.12.04 19:00,0,,2,2d 9h,London,NA,,NA,,B-ZC-BO,S-ZE-BR,S-ZF-BR,S-ZE-BO,S-ZB-BO,B-ZE-BR,B-ZG-BR,B-ZO-BR,B-ZF-BO,B-ZO-BO,B-ZO-UN,S-ZB-BR,B-ZF-UN,S-ZB-BR,S-ZH-BR,S-ZF-BR,B-ZB-BO,S-ZO-BR,S-ZF-BR,S-ZD-BR
339,2019.12.04 00:00,USDCAD,60,86400,BUY,ZO,0,1.33064,1.32701,363.0,1.33208,1.32830,378.0,104.132,35.54,234.0,85.7,1.33064,1.32830,1.33442,UNTOUCHED,,0,,0,,0,,0,NA,Other,NA,,NA,,1.32467,BREAK,2019.12.04 19:00,0,,0,,0,,0,NA,NewYork,BREAK,2019.12.04 20:00,BREAK,2019.12.05 04:00,1.33298,UNTOUCHED,,0,,0,,0,,0,NA,Other,NA,,NA,,1.32596,BREAK,2019.12.04 19:00,0,,0,,0,,0,NA,NewYork,BREAK,2019.12.04 20:00,BREAK,2019.12.04 21:00,S-ZE-BR,B-ZC-BO,S-ZE-BR,S-ZF-BR,S-ZE-BO,S-ZB-BO,B-ZE-BR,B-ZG-BR,B-ZO-BR,B-ZF-BO,S-ZB-BR,B-ZF-UN,S-ZB-BR,S-ZH-BR,S-ZF-BR,B-ZB-BO,S-ZO-BR,S-ZF-BR,S-ZD-BR,S-ZH-BR
340,2019.12.05 00:00,USDCAD,60,86400,SELL,ZB,1,1.33208,1.32830,378.0,1.33012,1.31918,1094.0,289.418,51.85,182.0,89.2,1.33012,1.32830,1.31736,BREAK,2019.12.05 17:00,0,,0,,0,,0,NA,NewYork,BOUNCE,2019.12.13 18:00,NA,,1.33390,UNTOUCHED,,0,,0,,0,,0,NA,Other,NA,,NA,,1.32648,BREAK,2019.12.05 00:00,0,,0,,0,,0,NA,Asia,BREAK,2019.12.05 01:00,BREAK,2019.12.05 02:00,1.33194,UNTOUCHED,,0,,0,,0,,0,NA,Other,NA,,NA,,B-ZO-UN,S-ZE-BR,B-ZC-BO,S-ZE-BR,S-ZF-BR,S-ZE-BO,S-ZB-BO,B-ZE-BR,B-ZG-BR,B-ZO-BR,B-ZF-UN,S-ZB-BR,S-ZH-BR,S-ZF-BR,B-ZB-BO,S-ZO-BR,S-ZF-BR,S-ZD-BR,S-ZH-BR,S-ZB-UN
341,2019.12.07 00:00,USDCAD,60,86400,BUY,ZF,1,1.32029,1.31583,446.0,1.32697,1.31704,993.0,222.646,27.13,325.0,105.3,1.32029,1.31704,1.33022,UNTOUCHED,,0,,0,,0,,0,NA,Other,NA,,NA,,1.31258,BREAK,2019.12.16 16:00,0,,0,,0,,0,NA,NewYork,BREAK,2019.12.27 16:00,BREAK,2019.12.30 23:00,1.32354,BREAK,2019.12.07 00:00,0,,0,,0,,0,NA,Asia,UNTOUCHED,,NA,,1.31379,BREAK,2019.12.16 12:00,0,,0,,0,,0,NA,London,BOUNCE,2019.12.19 19:00,NA,,S-ZB-BR,B-ZO-UN,S-ZE-BR,B-ZC-BO,S-ZE-BR,S-ZF-BR,S-ZE-BO,S-ZB-BO,B-ZE-BR,B-ZG-BR,S-ZB-BR,S-ZH-BR,S-ZF-BR,B-ZB-BO,S-ZO-BR,S-ZF-BR,S-ZD-BR,S-ZH-BR,S-ZB-UN,S-ZO-UN
342,2019.12.12 00:00,USDCAD,60,86400,SELL,ZB,1,1.32492,1.32241,251.0,1.32397,1.31620,777.0,309.562,37.85,156.0,59.2,1.32397,1.32241,1.31464,BREAK,2019.12.16 11:00,0,,0,,0,,0,NA,London,BREAK,2019.12.16 16:00,BOUNCE,2019.12.16 18:00,1.32648,UNTOUCHED,,0,,0,,0,,0,NA,Other,NA,,NA,,1.32085,BREAK,2019.12.12 00:00,0,,0,,0,,0,NA,Asia,BREAK,2019.12.12 01:00,BREAK,2019.12.12 02:00,1.32553,UNTOUCHED,,0,,0,,0,,0,NA,Other,NA,,NA,,B-ZF-UN,S-ZB-BR,B-ZO-UN,S-ZE-BR,B-ZC-BO,S-ZE-BR,S-ZF-BR,S-ZE-BO,S-ZB-BO,B-ZE-BR,S-ZH-BR,S-ZF-BR,B-ZB-BO,S-ZO-BR,S-ZF-BR,S-ZD-BR,S-ZH-BR,S-ZB-UN,S-ZO-UN,S-ZD-UN
343,2019.12.17 00:00,USDCAD,60,86400,SELL,ZH,1,1.31918,1.31713,205.0,1.31862,1.31148,714.0,348.293,27.32,149.0,48.4,1.31862,1.31713,1.30999,BREAK,2019.12.27 14:00,0,,0,,0,,0,NA,NewYork,BREAK,2019.12.27 16:00,BREAK,2019.12.27 22:00,1.32067,UNTOUCHED,,0,,0,,0,,0,NA,Other,NA,,NA,,1.31564,BREAK,2019.12.17 00:00,0,,0,,0,,0,NA,Asia,BREAK,2019.12.18 17:00,BREAK,2019.12.18 18:00,1.32011,UNTOUCHED,,0,,0,,0,,0,NA,Other,NA,,NA,,S-ZB-BR,B-ZF-UN,S-ZB-BR,B-ZO-UN,S-ZE-BR,B-ZC-BO,S-ZE-BR,S-ZF-BR,S-ZE-BO,S-ZB-BO,S-ZF-BR,B-ZB-BO,S-ZO-BR,S-ZF-BR,S-ZD-BR,S-ZH-BR,S-ZB-UN,S-ZO-UN,S-ZD-UN,B-ZG-BO
344,2019.12.19 00:00,USDCAD,60,86400,SELL,ZF,1,1.31849,1.31453,396.0,1.31755,1.31022,733.0,185.101,23.74,302.0,93.5,1.31755,1.31453,1.30720,BREAK,2019.12.27 20:00,0,,0,,0,,0,NA,NewYork,BREAK,2019.12.31 13:00,BREAK,2019.12.31 17:00,1.32151,UNTOUCHED,,0,,0,,0,,0,NA,Other,NA,,NA,,1.31151,BREAK,2019.12.19 00:00,0,,0,,0,,0,NA,Asia,BREAK,2019.12.27 20:00,BREAK,2019.12.31 06:00,1.32057,UNTOUCHED,,0,,0,,0,,0,NA,Other,NA,,NA,,S-ZH-BR,S-ZB-BR,B-ZF-UN,S-ZB-BR,B-ZO-UN,S-ZE-BR,B-ZC-BO,S-ZE-BR,S-ZF-BR,S-ZE-BO,B-ZB-BO,S-ZO-BR,S-ZF-BR,S-ZD-BR,S-ZH-BR,S-ZB-UN,S-ZO-UN,S-ZD-UN,B-ZG-BO,B-ZB-BO
345,2019.12.21 00:00,USDCAD,60,86400,BUY,ZB,1,1.31379,1.31057,322.0,1.31812,1.31185,627.0,194.720,39.75,194.0,76.0,1.31379,1.31185,1.32006,BOUNCE,2020.01.28 12:00,1,2020.01.29 01:00,0,,0,,1,13h,London,NA,,NA,,1.30863,BREAK,2019.12.27 15:00,0,,0,,0,,0,NA,NewYork,BOUNCE,2019.12.28 01:00,NA,,1.31573,BREAK,2019.12.21 00:00,0,,0,,0,,0,NA,Asia,BREAK,2020.01.27 13:00,BOUNCE,2020.01.27 18:00,1.30991,BREAK,2019.12.27 14:00,0,,0,,0,,0,NA,NewYork,BREAK,2019.12.27 20:00,BREAK,2019.12.30 23:00,S-ZF-BR,S-ZH-BR,S-ZB-BR,B-ZF-UN,S-ZB-BR,B-ZO-UN,S-ZE-BR,B-ZC-BO,S-ZE-BR,S-ZF-BR,S-ZO-BR,S-ZF-BR,S-ZD-BR,S-ZH-BR,S-ZB-UN,S-ZO-UN,S-ZD-UN,B-ZG-BO,B-ZB-BO,B-ZC-BR
346,2019.12.26 08:00,USDCAD,60,86400,SELL,ZO,0,1.31764,1.31400,364.0,1.31675,1.31378,297.0,81.593,24.45,275.0,85.9,1.31675,1.31400,1.31103,BREAK,2019.12.26 19:00,0,,0,,0,,0,NA,NewYork,BREAK,2019.12.27 20:00,BREAK,2019.12.31 06:00,1.32039,BOUNCE,2020.01.28 13:00,0,,0,,0,,0,NA,NewYork,NA,,NA,,1.31125,BREAK,2019.12.26 19:00,0,,0,,0,,0,NA,NewYork,BREAK,2019.12.27 19:00,BREAK,2019.12.31 05:00,1.31950,BREAK,2020.01.27 18:00,0,,0,,0,,0,NA,NewYork,BOUNCE,2020.01.31 00:00,NA,,B-ZB-BO,S-ZF-BR,S-ZH-BR,S-ZB-BR,B-ZF-UN,S-ZB-BR,B-ZO-UN,S-ZE-BR,B-ZC-BO,S-ZE-BR,S-ZF-BR,S-ZD-BR,S-ZH-BR,S-ZB-UN,S-ZO-UN,S-ZD-UN,B-ZG-BO,B-ZB-BO,B-ZC-BR,S-ZF-UN
347,2019.12.27 00:00,USDCAD,60,86400,SELL,ZF,1,1.31675,1.31378,297.0,1.31571,1.31050,521.0,175.421,35.02,193.0,70.1,1.31571,1.31378,1.30857,BREAK,2019.12.27 16:00,0,,0,,0,,0,NA,NewYork,BOUNCE,2019.12.28 01:00,NA,,1.31868,BREAK,2020.01.27 14:00,0,,0,,0,,0,NA,NewYork,BREAK,2020.01.30 11:00,BOUNCE,2020.01.31 00:00,1.31185,BREAK,2019.12.27 00:00,0,,0,,0,,0,NA,Asia,BREAK,2019.12.27 14:00,BREAK,2019.12.27 20:00,1.31764,BREAK,2020.01.27 12:00,0,,0,,0,,0,NA,London,BOUNCE,2020.01.27 18:00,NA,,S-ZO-BR,B-ZB-BO,S-ZF-BR,S-ZH-BR,S-ZB-BR,B-ZF-UN,S-ZB-BR,B-ZO-UN,S-ZE-BR,B-ZC-BO,S-ZD-BR,S-ZH-BR,S-ZB-UN,S-ZO-UN,S-ZD-UN,B-ZG-BO,B-ZB-BO,B-ZC-BR,S-ZF-UN,S-ZE-UN
348,2019.12.28 00:00,USDCAD,60,86400,SELL,ZD,1,1.31571,1.31050,521.0,1.31216,1.30642,574.0,110.173,68.14,166.0,123.0,1.31216,1.31050,1.30476,BREAK,2019.12.31 06:00,0,,0,,0,,0,NA,Asia,BREAK,2019.12.31 16:00,BREAK,2019.12.31 17:00,1.31737,BREAK,2020.01.27 12:00,0,,0,,0,,0,NA,London,BOUNCE,2020.01.27 21:00,NA,,1.30884,BREAK,2019.12.28 00:00,0,,0,,0,,0,NA,Asia,BREAK,2019.12.30 18:00,BOUNCE,2019.12.30 19:00,1.31382,BOUNCE,2020.01.22 19:00,0,,0,,0,,0,NA,NewYork,NA,,NA,,S-ZF-BR,S-ZO-BR,B-ZB-BO,S-ZF-BR,S-ZH-BR,S-ZB-BR,B-ZF-UN,S-ZB-BR,B-ZO-UN,S-ZE-BR,S-ZH-BR,S-ZB-UN,S-ZO-UN,S-ZD-UN,B-ZG-BO,B-ZB-BO,B-ZC-BR,S-ZF-UN,S-ZE-UN,B-ZF-BR
349,2019.12.31 00:00,USDCAD,60,86400,SELL,ZH,1,1.30864,1.30678,186.0,1.30843,1.30502,341.0,183.333,11.29,165.0,43.9,1.30843,1.30678,1.30337,BREAK,2019.12.31 13:00,0,,0,,0,,0,NA,NewYork,BREAK,2019.12.31 16:00,BREAK,2019.12.31 17:00,1.31029,BOUNCE,2020.01.09 19:00,1,2020.01.10 00:00,1,2020.01.10 17:00,1,2020.01.10 17:00,3,22h,NewYork,NA,,NA,,1.30513,BREAK,2019.12.31 05:00,0,,0,,0,,0,NA,Asia,BREAK,2019.12.31 14:00,BREAK,2019.12.31 16:00,1.31008,BOUNCE,2020.01.09 19:00,1,2020.01.10 17:00,1,2020.01.10 17:00,0,,2,22h,NewYork,NA,,NA,,S-ZD-BR,S-ZF-BR,S-ZO-BR,B-ZB-BO,S-ZF-BR,S-ZH-BR,S-ZB-BR,B-ZF-UN,S-ZB-BR,B-ZO-UN,S-ZB-UN,S-ZO-UN,S-ZD-UN,B-ZG-BO,B-ZB-BO,B-ZC-BR,S-ZF-UN,S-ZE-UN,B-ZF-BR,S-ZH-UN
350,2020.01.01 00:00,USDCAD,60,86400,SELL,ZB,1,1.30843,1.30502,341.0,1.30702,1.29511,1191.0,349.267,41.35,200.0,80.5,1.30702,1.30502,1.29311,UNTOUCHED,,0,,0,,0,,0,NA,Other,NA,,NA,,1.31043,BOUNCE,2020.01.09 19:00,1,2020.01.10 00:00,1,2020.01.10 17:00,0,,2,22h,NewYork,NA,,NA,,1.30302,BREAK,2020.01.01 00:00,0,,0,,0,,0,NA,Asia,BREAK,2020.01.02 08:00,BREAK,2020.01.02 11:00,1.30902,BREAK,2020.01.09 19:00,0,,0,,0,,0,NA,NewYork,BREAK,2020.01.22 19:00,BOUNCE,2020.01.22 20:00,S-ZH-BR,S-ZD-BR,S-ZF-BR,S-ZO-BR,B-ZB-BO,S-ZF-BR,S-ZH-BR,S-ZB-BR,B-ZF-UN,S-ZB-BR,S-ZO-UN,S-ZD-UN,B-ZG-BO,B-ZB-BO,B-ZC-BR,S-ZF-UN,S-ZE-UN,B-ZF-BR,S-ZH-UN,S-ZE-UN
351,2020.01.04 00:00,USDCAD,60,86400,SELL,ZO,0,1.30079,1.29686,393.0,1.30051,1.29606,445.0,113.232,7.12,365.0,92.7,1.30051,1.29686,1.29241,UNTOUCHED,,0,,0,,0,,0,NA,Other,NA,,NA,,1.30444,BREAK,2020.01.09 12:00,0,,0,,0,,0,NA,London,BREAK,2020.01.09 19:00,BREAK,2020.01.22 19:00,1.29321,UNTOUCHED,,0,,0,,0,,0,NA,Other,NA,,NA,,1.30416,BREAK,2020.01.08 20:00,0,,0,,0,,0,NA,NewYork,BREAK,2020.01.09 19:00,BREAK,2020.01.22 19:00,S-ZB-UN,S-ZH-BR,S-ZD-BR,S-ZF-BR,S-ZO-BR,B-ZB-BO,S-ZF-BR,S-ZH-BR,S-ZB-BR,B-ZF-UN,S-ZD-UN,B-ZG-BO,B-ZB-BO,B-ZC-BR,S-ZF-UN,S-ZE-UN,B-ZF-BR,S-ZH-UN,S-ZE-UN,B-ZO-BR
352,2020.01.07 00:00,USDCAD,60,86400,SELL,ZD,1,1.30002,1.29858,144.0,1.29900,1.29600,300.0,208.333,70.83,42.0,34.0,1.29900,1.29858,1.29558,UNTOUCHED,,0,,0,,0,,0,NA,Other,NA,,NA,,1.30044,BREAK,2020.01.07 17:00,0,,0,,0,,0,NA,NewYork,BREAK,2020.01.07 18:00,BREAK,2020.01.07 19:00,1.29816,BREAK,2020.01.07 00:00,0,,0,,0,,0,NA,Asia,BREAK,2020.01.07 01:00,BREAK,2020.01.07 02:00,1.29942,BREAK,2020.01.07 17:00,0,,0,,0,,0,NA,NewYork,BREAK,2020.01.07 18:00,BREAK,2020.01.07 19:00,S-ZO-UN,S-ZB-UN,S-ZH-BR,S-ZD-BR,S-ZF-BR,S-ZO-BR,B-ZB-BO,S-ZF-BR,S-ZH-BR,S-ZB-BR,B-ZG-BO,B-ZB-BO,B-ZC-BR,S-ZF-UN,S-ZE-UN,B-ZF-BR,S-ZH-UN,S-ZE-UN,B-ZO-BR,B-ZB-BO
353,2020.01.09 00:00,USDCAD,60,86400,BUY,ZG,0,1.30293,1.29569,724.0,1.30435,1.29759,676.0,93.370,26.24,534.0,170.9,1.30293,1.29759,1.30969,BOUNCE,2020.01.09 19:00,0,,0,,0,,0,NA,NewYork,NA,,NA,,1.29035,UNTOUCHED,,0,,0,,0,,0,NA,Other,NA,,NA,,1.30827,BREAK,2020.01.09 19:00,0,,0,,0,,0,NA,NewYork,BOUNCE,2020.01.22 19:00,NA,,1.29225,UNTOUCHED,,0,,0,,0,,0,NA,Other,NA,,NA,,S-ZD-UN,S-ZO-UN,S-ZB-UN,S-ZH-BR,S-ZD-BR,S-ZF-BR,S-ZO-BR,B-ZB-BO,S-ZF-BR,S-ZH-BR,B-ZB-BO,B-ZC-BR,S-ZF-UN,S-ZE-UN,B-ZF-BR,S-ZH-UN,S-ZE-UN,B-ZO-BR,B-ZB-BO,B-ZF-BR
354,2020.01.10 00:00,USDCAD,60,86400,BUY,ZB,1,1.30435,1.29759,676.0,1.31044,1.30229,815.0,120.562,69.53,206.0,159.5,1.30435,1.30229,1.31250,BOUNCE,2020.01.22 19:00,0,,0,,0,,0,NA,NewYork,NA,,NA,,1.29553,UNTOUCHED,,0,,0,,0,,0,NA,Other,NA,,NA,,1.30641,BOUNCE,2020.01.10 00:00,0,,0,,0,,0,NA,Asia,NA,,NA,,1.30023,UNTOUCHED,,0,,0,,0,,0,NA,Other,NA,,NA,,B-ZG-BO,S-ZD-UN,S-ZO-UN,S-ZB-UN,S-ZH-BR,S-ZD-BR,S-ZF-BR,S-ZO-BR,B-ZB-BO,S-ZF-BR,B-ZC-BR,S-ZF-UN,S-ZE-UN,B-ZF-BR,S-ZH-UN,S-ZE-UN,B-ZO-BR,B-ZB-BO,B-ZF-BR,B-ZD-BR
355,2020.01.15 00:00,USDCAD,60,86400,BUY,ZC,1,1.30673,1.30314,359.0,1.30791,1.30458,333.0,92.758,40.11,215.0,84.7,1.30673,1.30458,1.31006,BREAK,2020.01.22 19:00,0,,0,,0,,0,NA,NewYork,BREAK,2020.01.22 20:00,BREAK,2020.01.22 22:00,1.30099,UNTOUCHED,,0,,0,,0,,0,NA,Other,NA,,NA,,1.30888,BOUNCE,2020.01.22 05:00,0,,0,,0,,0,NA,Asia,NA,,NA,,1.30243,UNTOUCHED,,0,,0,,0,,0,NA,Other,NA,,NA,,B-ZB-BO,B-ZG-BO,S-ZD-UN,S-ZO-UN,S-ZB-UN,S-ZH-BR,S-ZD-BR,S-ZF-BR,S-ZO-BR,B-ZB-BO,S-ZF-UN,S-ZE-UN,B-ZF-BR,S-ZH-UN,S-ZE-UN,B-ZO-BR,B-ZB-BO,B-ZF-BR,B-ZD-BR,B-ZG-BR
356,2020.01.16 00:00,USDCAD,60,86400,SELL,ZF,0,1.30791,1.30458,333.0,1.30780,1.30349,431.0,129.429,3.30,322.0,78.6,1.30780,1.30458,1.30027,UNTOUCHED,,0,,0,,0,,0,NA,Other,NA,,NA,,1.31113,BREAK,2020.01.22 19:00,0,,0,,0,,0,NA,NewYork,BREAK,2020.01.22 21:00,BREAK,2020.01.27 13:00,1.30136,UNTOUCHED,,0,,0,,0,,0,NA,Other,NA,,NA,,1.31102,BREAK,2020.01.22 19:00,0,,0,,0,,0,NA,NewYork,BREAK,2020.01.22 21:00,BREAK,2020.01.27 13:00,B-ZC-BR,B-ZB-BO,B-ZG-BO,S-ZD-UN,S-ZO-UN,S-ZB-UN,S-ZH-BR,S-ZD-BR,S-ZF-BR,S-ZO-BR,S-ZE-UN,B-ZF-BR,S-ZH-UN,S-ZE-UN,B-ZO-BR,B-ZB-BO,B-ZF-BR,B-ZD-BR,B-ZG-BR,B-ZO-BR
357,2020.01.17 00:00,USDCAD,60,86400,SELL,ZE,1,1.30780,1.30349,431.0,1.30560,1.30319,241.0,55.916,51.04,211.0,101.7,1.30560,1.30349,1.30108,UNTOUCHED,,0,,0,,0,,0,NA,Other,NA,,NA,,1.30991,BREAK,2020.01.22 19:00,0,,0,,0,,0,NA,NewYork,BREAK,2020.01.22 20:00,BREAK,2020.01.22 21:00,1.30138,UNTOUCHED,,0,,0,,0,,0,NA,Other,NA,,NA,,1.30771,BOUNCE,2020.01.21 13:00,0,,0,,0,,0,NA,NewYork,NA,,NA,,S-ZF-UN,B-ZC-BR,B-ZB-BO,B-ZG-BO,S-ZD-UN,S-ZO-UN,S-ZB-UN,S-ZH-BR,S-ZD-BR,S-ZF-BR,B-ZF-BR,S-ZH-UN,S-ZE-UN,B-ZO-BR,B-ZB-BO,B-ZF-BR,B-ZD-BR,B-ZG-BR,B-ZO-BR,S-ZG-BR
358,2020.01.18 00:00,USDCAD,60,86400,BUY,ZF,1,1.30560,1.30319,241.0,1.30748,1.30335,413.0,171.369,6.64,225.0,56.9,1.30560,1.30335,1.30973,BREAK,2020.01.22 19:00,0,,0,,0,,0,NA,NewYork,BREAK,2020.01.22 20:00,BREAK,2020.01.22 21:00,1.30094,UNTOUCHED,,0,,0,,0,,0,NA,Other,NA,,NA,,1.30785,BREAK,2020.01.22 00:00,0,,0,,0,,0,NA,Asia,BREAK,2020.01.22 19:00,BREAK,2020.01.22 20:00,1.30110,UNTOUCHED,,0,,0,,0,,0,NA,Other,NA,,NA,,S-ZE-UN,S-ZF-UN,B-ZC-BR,B-ZB-BO,B-ZG-BO,S-ZD-UN,S-ZO-UN,S-ZB-UN,S-ZH-BR,S-ZD-BR,S-ZH-UN,S-ZE-UN,B-ZO-BR,B-ZB-BO,B-ZF-BR,B-ZD-BR,B-ZG-BR,B-ZO-BR,S-ZG-BR,S-ZB-BO
359,2020.01.21 00:00,USDCAD,60,86400,SELL,ZH,1,1.30731,1.30618,113.0,1.30719,1.30437,282.0,249.558,10.62,101.0,26.7,1.30719,1.30618,1.30336,UNTOUCHED,,0,,0,,0,,0,NA,Other,NA,,NA,,1.30832,BOUNCE,2020.01.22 04:00,1,2020.01.22 15:00,1,2020.01.22 17:00,0,,2,13h,Asia,NA,,NA,,1.30517,BREAK,2020.01.21 00:00,0,,0,,0,,0,NA,Asia,BREAK,2020.01.22 17:00,UNTOUCHED,,1.30820,BOUNCE,2020.01.22 04:00,1,2020.01.22 17:00,1,2020.01.22 17:00,0,,2,13h,Asia,NA,,NA,,B-ZF-BR,S-ZE-UN,S-ZF-UN,B-ZC-BR,B-ZB-BO,B-ZG-BO,S-ZD-UN,S-ZO-UN,S-ZB-UN,S-ZH-BR,S-ZE-UN,B-ZO-BR,B-ZB-BO,B-ZF-BR,B-ZD-BR,B-ZG-BR,B-ZO-BR,S-ZG-BR,S-ZB-BO,S-ZG-BO
360,2020.01.25 00:00,USDCAD,60,86400,SELL,ZE,1,1.31713,1.31266,447.0,1.31524,1.31175,349.0,78.076,42.28,258.0,105.5,1.31524,1.31266,1.30917,UNTOUCHED,,0,,0,,0,,0,NA,Other,NA,,NA,,1.31971,BOUNCE,2020.01.27 18:00,0,,0,,0,,0,NA,NewYork,NA,,NA,,1.31008,UNTOUCHED,,0,,0,,0,,0,NA,Other,NA,,NA,,1.31782,BREAK,2020.01.27 12:00,0,,0,,0,,0,NA,London,BOUNCE,2020.01.28 19:00,NA,,S-ZH-UN,B-ZF-BR,S-ZE-UN,S-ZF-UN,B-ZC-BR,B-ZB-BO,B-ZG-BO,S-ZD-UN,S-ZO-UN,S-ZB-UN,B-ZO-BR,B-ZB-BO,B-ZF-BR,B-ZD-BR,B-ZG-BR,B-ZO-BR,S-ZG-BR,S-ZB-BO,S-ZG-BO,B-ZF-BR
361,2020.01.29 00:00,USDCAD,60,86400,BUY,ZO,0,1.31999,1.31475,524.0,1.32055,1.31666,389.0,74.237,36.45,333.0,123.7,1.31999,1.31666,1.32388,BREAK,2020.01.31 14:00,0,,0,,0,,0,NA,NewYork,BREAK,2020.02.03 20:00,BREAK,2020.02.07 16:00,1.31142,UNTOUCHED,,0,,0,,0,,0,NA,Other,NA,,NA,,1.32332,BREAK,2020.01.31 13:00,0,,0,,0,,0,NA,NewYork,BREAK,2020.02.03 20:00,BOUNCE,2020.02.04 20:00,1.31333,UNTOUCHED,,0,,0,,0,,0,NA,Other,NA,,NA,,S-ZE-UN,S-ZH-UN,B-ZF-BR,S-ZE-UN,S-ZF-UN,B-ZC-BR,B-ZB-BO,B-ZG-BO,S-ZD-UN,S-ZO-UN,B-ZB-BO,B-ZF-BR,B-ZD-BR,B-ZG-BR,B-ZO-BR,S-ZG-BR,S-ZB-BO,S-ZG-BO,B-ZF-BR,S-ZF-UN
362,2020.01.31 00:00,USDCAD,60,86400,BUY,ZB,1,1.32093,1.31539,554.0,1.32263,1.31876,387.0,69.856,60.83,217.0,130.7,1.32093,1.31876,1.32480,BOUNCE,2020.01.31 22:00,1,2020.02.21 21:00,0,,0,,1,2w 6d,Other,NA,,NA,,1.31322,UNTOUCHED,,0,,0,,0,,0,NA,Other,NA,,NA,,1.32310,BREAK,2020.01.31 13:00,0,,0,,0,,0,NA,NewYork,BOUNCE,2020.01.31 23:00,NA,,1.31659,UNTOUCHED,,0,,0,,0,,0,NA,Other,NA,,NA,,B-ZO-BR,S-ZE-UN,S-ZH-UN,B-ZF-BR,S-ZE-UN,S-ZF-UN,B-ZC-BR,B-ZB-BO,B-ZG-BO,S-ZD-UN,B-ZF-BR,B-ZD-BR,B-ZG-BR,B-ZO-BR,S-ZG-BR,S-ZB-BO,S-ZG-BO,B-ZF-BR,S-ZF-UN,S-ZF-UN
363,2020.02.01 00:00,USDCAD,60,86400,BUY,ZF,1,1.32263,1.31876,387.0,1.32528,1.31900,628.0,162.274,6.20,363.0,91.3,1.32263,1.31900,1.32891,BREAK,2020.02.03 20:00,0,,0,,0,,0,NA,NewYork,BOUNCE,2020.02.11 11:00,NA,,1.31513,UNTOUCHED,,0,,0,,0,,0,NA,Other,NA,,NA,,1.32626,BREAK,2020.02.03 19:00,0,,0,,0,,0,NA,NewYork,BOUNCE,2020.02.05 13:00,NA,,1.31537,UNTOUCHED,,0,,0,,0,,0,NA,Other,NA,,NA,,B-ZB-BO,B-ZO-BR,S-ZE-UN,S-ZH-UN,B-ZF-BR,S-ZE-UN,S-ZF-UN,B-ZC-BR,B-ZB-BO,B-ZG-BO,B-ZD-BR,B-ZG-BR,B-ZO-BR,S-ZG-BR,S-ZB-BO,S-ZG-BO,B-ZF-BR,S-ZF-UN,S-ZF-UN,B-ZF-BR
364,2020.02.04 00:00,USDCAD,60,86400,BUY,ZD,1,1.32386,1.32261,125.0,1.33033,1.32317,716.0,572.800,44.80,69.0,29.5,1.32386,1.32317,1.33102,BREAK,2020.02.07 13:00,0,,0,,0,,0,NA,NewYork,BREAK,2020.02.07 16:00,BOUNCE,2020.02.10 17:00,1.32192,BOUNCE,2020.02.19 16:00,1,2020.02.19 18:00,1,2020.02.19 19:00,1,2020.02.26 20:00,3,1w 0d,NewYork,NA,,NA,,1.32455,BREAK,2020.02.04 00:00,0,,0,,0,,0,NA,Asia,BREAK,2020.02.04 01:00,BREAK,2020.02.04 02:00,1.32248,BREAK,2020.02.19 16:00,0,,0,,0,,0,NA,NewYork,BREAK,2020.02.19 17:00,BREAK,2020.02.21 21:00,B-ZF-BR,B-ZB-BO,B-ZO-BR,S-ZE-UN,S-ZH-UN,B-ZF-BR,S-ZE-UN,S-ZF-UN,B-ZC-BR,B-ZB-BO,B-ZG-BR,B-ZO-BR,S-ZG-BR,S-ZB-BO,S-ZG-BO,B-ZF-BR,S-ZF-UN,S-ZF-UN,B-ZF-BR,B-ZB-BR
365,2020.02.07 00:00,USDCAD,60,86400,BUY,ZG,0,1.33026,1.32625,401.0,1.33089,1.32700,389.0,97.007,18.70,326.0,94.6,1.33026,1.32700,1.33415,BREAK,2020.02.27 03:00,0,,0,,0,,0,NA,Asia,BREAK,2020.02.28 00:00,BREAK,2020.02.28 05:00,1.32299,BOUNCE,2020.02.17 13:00,1,2020.02.24 13:00,1,2020.02.27 02:00,1,2020.02.27 03:00,3,1w 2d,NewYork,NA,,NA,,1.33352,BREAK,2020.02.27 02:00,0,,0,,0,,0,NA,Asia,BREAK,2020.02.28 00:00,BREAK,2020.02.28 05:00,1.32374,BOUNCE,2020.02.12 21:00,1,2020.02.27 02:00,1,2020.02.27 02:00,0,,2,2w 0d,Other,NA,,NA,,B-ZD-BR,B-ZF-BR,B-ZB-BO,B-ZO-BR,S-ZE-UN,S-ZH-UN,B-ZF-BR,S-ZE-UN,S-ZF-UN,B-ZC-BR,B-ZO-BR,S-ZG-BR,S-ZB-BO,S-ZG-BO,B-ZF-BR,S-ZF-UN,S-ZF-UN,B-ZF-BR,B-ZB-BR,B-ZH-BR
366,2020.02.08 00:00,USDCAD,60,86400,BUY,ZO,0,1.33089,1.32700,389.0,1.33209,1.32786,423.0,108.740,22.11,303.0,91.8,1.33089,1.32786,1.33512,BREAK,2020.02.27 16:00,0,,0,,0,,0,NA,NewYork,BREAK,2020.02.28 01:00,BREAK,2020.02.28 06:00,1.32397,BOUNCE,2020.02.12 21:00,1,2020.02.24 14:00,1,2020.02.27 03:00,1,2020.02.27 16:00,3,2w 0d,Other,NA,,NA,,1.33392,BREAK,2020.02.27 03:00,0,,0,,0,,0,NA,Asia,BREAK,2020.02.28 00:00,BREAK,2020.02.28 05:00,1.32483,BREAK,2020.02.12 20:00,0,,0,,0,,0,NA,NewYork,BOUNCE,2020.02.19 19:00,NA,,B-ZG-BR,B-ZD-BR,B-ZF-BR,B-ZB-BO,B-ZO-BR,S-ZE-UN,S-ZH-UN,B-ZF-BR,S-ZE-UN,S-ZF-UN,S-ZG-BR,S-ZB-BO,S-ZG-BO,B-ZF-BR,S-ZF-UN,S-ZF-UN,B-ZF-BR,B-ZB-BR,B-ZH-BR,B-ZC-BR
367,2020.02.12 00:00,USDCAD,60,86400,SELL,ZG,0,1.33289,1.32878,411.0,1.33202,1.32762,440.0,107.056,21.17,324.0,97.0,1.33202,1.32878,1.32438,BREAK,2020.02.12 20:00,0,,0,,0,,0,NA,NewYork,BOUNCE,2020.02.24 02:00,NA,,1.33613,BREAK,2020.02.27 17:00,0,,0,,0,,0,NA,NewYork,BREAK,2020.02.28 05:00,BREAK,2020.02.28 07:00,1.32554,BREAK,2020.02.12 18:00,0,,0,,0,,0,NA,NewYork,BREAK,2020.02.20 04:00,UNTOUCHED,,1.33526,BREAK,2020.02.27 16:00,0,,0,,0,,0,NA,NewYork,BREAK,2020.02.28 04:00,BREAK,2020.02.28 07:00,B-ZO-BR,B-ZG-BR,B-ZD-BR,B-ZF-BR,B-ZB-BO,B-ZO-BR,S-ZE-UN,S-ZH-UN,B-ZF-BR,S-ZE-UN,S-ZB-BO,S-ZG-BO,B-ZF-BR,S-ZF-UN,S-ZF-UN,B-ZF-BR,B-ZB-BR,B-ZH-BR,B-ZC-BR,B-ZG-BO
368,2020.02.13 00:00,USDCAD,60,86400,SELL,ZB,1,1.33202,1.32762,440.0,1.32955,1.32353,602.0,136.818,56.14,193.0,103.8,1.32955,1.32762,1.32160,BOUNCE,2020.02.19 17:00,1,2020.02.20 12:00,1,2020.02.26 20:00,1,2020.02.27 03:00,3,1w 0d,NewYork,NA,,NA,,1.33395,BOUNCE,2020.02.27 03:00,0,,0,,0,,0,NA,Asia,NA,,NA,,1.32569,BREAK,2020.02.13 00:00,0,,0,,0,,0,NA,Asia,BOUNCE,2020.02.14 19:00,NA,,1.33148,BREAK,2020.02.26 20:00,0,,0,,0,,0,NA,NewYork,BREAK,2020.02.27 03:00,BREAK,2020.02.27 17:00,S-ZG-BR,B-ZO-BR,B-ZG-BR,B-ZD-BR,B-ZF-BR,B-ZB-BO,B-ZO-BR,S-ZE-UN,S-ZH-UN,B-ZF-BR,S-ZG-BO,B-ZF-BR,S-ZF-UN,S-ZF-UN,B-ZF-BR,B-ZB-BR,B-ZH-BR,B-ZC-BR,B-ZG-BO,B-ZH-BR
369,2020.02.15 00:00,USDCAD,60,86400,SELL,ZG,0,1.32711,1.32400,311.0,1.32689,1.32354,335.0,107.717,7.07,289.0,73.4,1.32689,1.32400,1.32065,BOUNCE,2020.02.21 21:00,1,2020.02.24 05:00,1,2020.02.24 14:00,1,2020.02.24 14:00,3,2d 17h,Other,NA,,NA,,1.33000,BREAK,2020.02.24 14:00,0,,0,,0,,0,NA,NewYork,BREAK,2020.02.27 02:00,BREAK,2020.02.27 17:00,1.32111,BREAK,2020.02.21 21:00,0,,0,,0,,0,NA,Other,UNTOUCHED,,NA,,1.32978,BREAK,2020.02.24 14:00,0,,0,,0,,0,NA,NewYork,BREAK,2020.02.27 01:00,BREAK,2020.02.27 17:00,S-ZB-BO,S-ZG-BR,B-ZO-BR,B-ZG-BR,B-ZD-BR,B-ZF-BR,B-ZB-BO,B-ZO-BR,S-ZE-UN,S-ZH-UN,B-ZF-BR,S-ZF-UN,S-ZF-UN,B-ZF-BR,B-ZB-BR,B-ZH-BR,B-ZC-BR,B-ZG-BO,B-ZH-BR,B-ZE-BR
370,2020.02.19 00:00,USDCAD,60,86400,BUY,ZF,1,1.32508,1.32248,260.0,1.32782,1.32297,485.0,186.538,18.85,211.0,61.4,1.32508,1.32297,1.32993,BREAK,2020.02.24 14:00,0,,0,,0,,0,NA,NewYork,BOUNCE,2020.02.26 20:00,NA,,1.32037,BOUNCE,2020.02.21 21:00,1,2020.02.24 03:00,1,2020.02.24 09:00,1,2020.02.24 14:00,3,2d 17h,Other,NA,,NA,,1.32719,BREAK,2020.02.24 09:00,0,,0,,0,,0,NA,London,BREAK,2020.02.24 14:00,BREAK,2020.02.26 20:00,1.32086,BREAK,2020.02.21 21:00,0,,0,,0,,0,NA,Other,UNTOUCHED,,NA,,S-ZG-BO,S-ZB-BO,S-ZG-BR,B-ZO-BR,B-ZG-BR,B-ZD-BR,B-ZF-BR,B-ZB-BO,B-ZO-BR,S-ZE-UN,S-ZF-UN,S-ZF-UN,B-ZF-BR,B-ZB-BR,B-ZH-BR,B-ZC-BR,B-ZG-BO,B-ZH-BR,B-ZE-BR,B-ZB-UN
371,2020.02.20 00:00,USDCAD,60,86400,SELL,ZF,0,1.32782,1.32297,485.0,1.32619,1.32148,471.0,97.113,33.61,322.0,114.5,1.32619,1.32297,1.31826,UNTOUCHED,,0,,0,,0,,0,NA,Other,NA,,NA,,1.33104,BREAK,2020.02.26 20:00,0,,0,,0,,0,NA,NewYork,BREAK,2020.02.27 16:00,BREAK,2020.02.28 01:00,1.31975,UNTOUCHED,,0,,0,,0,,0,NA,Other,NA,,NA,,1.32941,BREAK,2020.02.24 13:00,0,,0,,0,,0,NA,NewYork,BREAK,2020.02.27 02:00,BREAK,2020.02.27 18:00,B-ZF-BR,S-ZG-BO,S-ZB-BO,S-ZG-BR,B-ZO-BR,B-ZG-BR,B-ZD-BR,B-ZF-BR,B-ZB-BO,B-ZO-BR,S-ZF-UN,B-ZF-BR,B-ZB-BR,B-ZH-BR,B-ZC-BR,B-ZG-BO,B-ZH-BR,B-ZE-BR,B-ZB-UN,B-ZG-UN
372,2020.02.22 00:00,USDCAD,60,86400,SELL,ZF,0,1.32684,1.32115,569.0,1.32681,1.32018,663.0,116.520,0.53,566.0,134.3,1.32681,1.32115,1.31452,UNTOUCHED,,0,,0,,0,,0,NA,Other,NA,,NA,,1.33250,BREAK,2020.02.26 22:00,0,,0,,0,,0,NA,Other,BREAK,2020.02.28 04:00,BREAK,2020.02.28 13:00,1.31549,UNTOUCHED,,0,,0,,0,,0,NA,Other,NA,,NA,,1.33247,BREAK,2020.02.26 21:00,0,,0,,0,,0,NA,Other,BREAK,2020.02.28 04:00,BREAK,2020.02.28 13:00,S-ZF-UN,B-ZF-BR,S-ZG-BO,S-ZB-BO,S-ZG-BR,B-ZO-BR,B-ZG-BR,B-ZD-BR,B-ZF-BR,B-ZB-BO,B-ZF-BR,B-ZB-BR,B-ZH-BR,B-ZC-BR,B-ZG-BO,B-ZH-BR,B-ZE-BR,B-ZB-UN,B-ZG-UN,S-ZC-BO
373,2020.02.27 00:00,USDCAD,60,86400,BUY,ZF,1,1.33055,1.32669,386.0,1.33328,1.32694,634.0,164.249,6.48,361.0,91.1,1.33055,1.32694,1.33689,BREAK,2020.02.27 17:00,0,,0,,0,,0,NA,NewYork,BREAK,2020.02.28 05:00,BREAK,2020.02.28 13:00,1.32308,UNTOUCHED,,0,,0,,0,,0,NA,Other,NA,,NA,,1.33416,BREAK,2020.02.27 03:00,0,,0,,0,,0,NA,Asia,BREAK,2020.02.28 01:00,BREAK,2020.02.28 07:00,1.32333,UNTOUCHED,,0,,0,,0,,0,NA,Other,NA,,NA,,S-ZF-UN,S-ZF-UN,B-ZF-BR,S-ZG-BO,S-ZB-BO,S-ZG-BR,B-ZO-BR,B-ZG-BR,B-ZD-BR,B-ZF-BR,B-ZB-BR,B-ZH-BR,B-ZC-BR,B-ZG-BO,B-ZH-BR,B-ZE-BR,B-ZB-UN,B-ZG-UN,S-ZC-BO,B-ZH-UN
374,2020.02.28 00:00,USDCAD,60,86400,BUY,ZB,1,1.33328,1.32694,634.0,1.33740,1.33081,659.0,103.943,61.04,247.0,149.6,1.33328,1.33081,1.33987,BREAK,2020.02.28 05:00,0,,0,,0,,0,NA,Asia,BREAK,2020.02.28 07:00,BREAK,2020.02.28 16:00,1.32447,UNTOUCHED,,0,,0,,0,,0,NA,Other,NA,,NA,,1.33575,BREAK,2020.02.28 00:00,0,,0,,0,,0,NA,Asia,BREAK,2020.02.28 04:00,BREAK,2020.02.28 06:00,1.32834,UNTOUCHED,,0,,0,,0,,0,NA,Other,NA,,NA,,B-ZF-BR,S-ZF-UN,S-ZF-UN,B-ZF-BR,S-ZG-BO,S-ZB-BO,S-ZG-BR,B-ZO-BR,B-ZG-BR,B-ZD-BR,B-ZH-BR,B-ZC-BR,B-ZG-BO,B-ZH-BR,B-ZE-BR,B-ZB-UN,B-ZG-UN,S-ZC-BO,B-ZH-UN,S-ZF-BR
375,2020.03.05 00:00,USDCAD,60,86400,BUY,ZH,1,1.33865,1.33184,681.0,1.34312,1.33280,1032.0,151.542,14.10,585.0,160.7,1.33865,1.33280,1.34897,BREAK,2020.03.09 02:00,0,,0,,0,,0,NA,Asia,BREAK,2020.03.09 03:00,BREAK,2020.03.09 04:00,1.32599,UNTOUCHED,,0,,0,,0,,0,NA,Other,NA,,NA,,1.34450,BREAK,2020.03.09 02:00,0,,0,,0,,0,NA,Asia,BREAK,2020.03.09 03:00,BREAK,2020.03.09 04:00,1.32695,UNTOUCHED,,0,,0,,0,,0,NA,Other,NA,,NA,,B-ZB-BR,B-ZF-BR,S-ZF-UN,S-ZF-UN,B-ZF-BR,S-ZG-BO,S-ZB-BO,S-ZG-BR,B-ZO-BR,B-ZG-BR,B-ZC-BR,B-ZG-BO,B-ZH-BR,B-ZE-BR,B-ZB-UN,B-ZG-UN,S-ZC-BO,B-ZH-UN,S-ZF-BR,S-ZB-BO
376,2020.03.06 00:00,USDCAD,60,86400,BUY,ZC,1,1.34312,1.33280,1032.0,1.34383,1.33820,563.0,54.554,52.33,492.0,243.6,1.34312,1.33820,1.34875,BREAK,2020.03.09 02:00,0,,0,,0,,0,NA,Asia,BREAK,2020.03.09 03:00,BREAK,2020.03.09 04:00,1.32788,UNTOUCHED,,0,,0,,0,,0,NA,Other,NA,,NA,,1.34804,BREAK,2020.03.09 02:00,0,,0,,0,,0,NA,Asia,BREAK,2020.03.09 03:00,BREAK,2020.03.09 04:00,1.33328,UNTOUCHED,,0,,0,,0,,0,NA,Other,NA,,NA,,B-ZH-BR,B-ZB-BR,B-ZF-BR,S-ZF-UN,S-ZF-UN,B-ZF-BR,S-ZG-BO,S-ZB-BO,S-ZG-BR,B-ZO-BR,B-ZG-BO,B-ZH-BR,B-ZE-BR,B-ZB-UN,B-ZG-UN,S-ZC-BO,B-ZH-UN,S-ZF-BR,S-ZB-BO,S-ZD-UN
377,2020.03.11 00:00,USDCAD,60,86400,BUY,ZG,0,1.37593,1.35165,2428.0,1.37953,1.36080,1873.0,77.142,37.69,1513.0,573.0,1.37593,1.36080,1.39466,BOUNCE,2020.03.13 00:00,0,,0,,0,,0,NA,Asia,NA,,NA,,1.33652,UNTOUCHED,,0,,0,,0,,0,NA,Other,NA,,NA,,1.39106,BREAK,2020.03.13 00:00,0,,0,,0,,0,NA,Asia,BREAK,2020.03.17 15:00,BREAK,2020.03.17 23:00,1.34567,UNTOUCHED,,0,,0,,0,,0,NA,Other,NA,,NA,,B-ZC-BR,B-ZH-BR,B-ZB-BR,B-ZF-BR,S-ZF-UN,S-ZF-UN,B-ZF-BR,S-ZG-BO,S-ZB-BO,S-ZG-BR,B-ZH-BR,B-ZE-BR,B-ZB-UN,B-ZG-UN,S-ZC-BO,B-ZH-UN,S-ZF-BR,S-ZB-BO,S-ZD-UN,B-ZO-UN
378,2020.03.13 00:00,USDCAD,60,86400,BUY,ZH,1,1.37796,1.36804,992.0,1.38974,1.37069,1905.0,192.036,26.71,727.0,234.1,1.37796,1.37069,1.39701,BREAK,2020.03.13 19:00,0,,0,,0,,0,NA,NewYork,BREAK,2020.03.17 13:00,BREAK,2020.03.17 15:00,1.36077,UNTOUCHED,,0,,0,,0,,0,NA,Other,NA,,NA,,1.38523,BREAK,2020.03.13 00:00,0,,0,,0,,0,NA,Asia,BOUNCE,2020.03.13 11:00,NA,,1.36342,UNTOUCHED,,0,,0,,0,,0,NA,Other,NA,,NA,,B-ZG-BO,B-ZC-BR,B-ZH-BR,B-ZB-BR,B-ZF-BR,S-ZF-UN,S-ZF-UN,B-ZF-BR,S-ZG-BO,S-ZB-BO,B-ZE-BR,B-ZB-UN,B-ZG-UN,S-ZC-BO,B-ZH-UN,S-ZF-BR,S-ZB-BO,S-ZD-UN,B-ZO-UN,S-ZO-UN
379,2020.03.14 00:00,USDCAD,60,86400,BUY,ZE,1,1.38974,1.37069,1905.0,1.39948,1.37813,2135.0,112.073,39.06,1161.0,449.6,1.38974,1.37813,1.41109,BREAK,2020.03.17 15:00,0,,0,,0,,0,NA,NewYork,BREAK,2020.03.17 23:00,BREAK,2020.03.18 16:00,1.35908,UNTOUCHED,,0,,0,,0,,0,NA,Other,NA,,NA,,1.40135,BREAK,2020.03.16 21:00,0,,0,,0,,0,NA,Other,BREAK,2020.03.17 19:00,BREAK,2020.03.18 12:00,1.36652,UNTOUCHED,,0,,0,,0,,0,NA,Other,NA,,NA,,B-ZH-BR,B-ZG-BO,B-ZC-BR,B-ZH-BR,B-ZB-BR,B-ZF-BR,S-ZF-UN,S-ZF-UN,B-ZF-BR,S-ZG-BO,B-ZB-UN,B-ZG-UN,S-ZC-BO,B-ZH-UN,S-ZF-BR,S-ZB-BO,S-ZD-UN,B-ZO-UN,S-ZO-UN,B-ZG-UN
380,2020.03.19 00:00,USDCAD,60,86400,BUY,ZB,1,1.42760,1.39603,3157.0,1.46500,1.41663,4837.0,153.215,65.25,1097.0,745.1,1.42760,1.41663,1.47597,UNTOUCHED,,0,,0,,0,,0,NA,Other,NA,,NA,,1.38506,UNTOUCHED,,0,,0,,0,,0,NA,Other,NA,,NA,,1.43857,BREAK,2020.03.19 00:00,0,,0,,0,,0,NA,Asia,BREAK,2020.03.19 05:00,BOUNCE,2020.03.19 10:00,1.40566,BREAK,2020.03.26 19:00,0,,0,,0,,0,NA,NewYork,BOUNCE,2020.03.30 03:00,NA,,B-ZE-BR,B-ZH-BR,B-ZG-BO,B-ZC-BR,B-ZH-BR,B-ZB-BR,B-ZF-BR,S-ZF-UN,S-ZF-UN,B-ZF-BR,B-ZG-UN,S-ZC-BO,B-ZH-UN,S-ZF-BR,S-ZB-BO,S-ZD-UN,B-ZO-UN,S-ZO-UN,B-ZG-UN,S-ZB-BO
381,2020.03.20 00:00,USDCAD,60,86400,BUY,ZG,0,1.46500,1.41663,4837.0,1.46674,1.43490,3184.0,65.826,37.77,3010.0,1141.5,1.46500,1.43490,1.49684,UNTOUCHED,,0,,0,,0,,0,NA,Other,NA,,NA,,1.38653,BOUNCE,2020.04.13 22:00,0,,0,,0,,0,NA,Other,NA,,NA,,1.49510,UNTOUCHED,,0,,0,,0,,0,NA,Other,NA,,NA,,1.40480,BREAK,2020.03.26 19:00,0,,0,,0,,0,NA,NewYork,UNTOUCHED,,NA,,B-ZB-UN,B-ZE-BR,B-ZH-BR,B-ZG-BO,B-ZC-BR,B-ZH-BR,B-ZB-BR,B-ZF-BR,S-ZF-UN,S-ZF-UN,S-ZC-BO,B-ZH-UN,S-ZF-BR,S-ZB-BO,S-ZD-UN,B-ZO-UN,S-ZO-UN,B-ZG-UN,S-ZB-BO,S-ZG-UN
382,2020.03.21 00:00,USDCAD,60,86400,SELL,ZC,1,1.46674,1.43490,3184.0,1.45347,1.41489,3858.0,121.168,41.68,1857.0,751.4,1.45347,1.43490,1.39632,BOUNCE,2020.03.27 22:00,1,2020.03.31 18:00,0,,0,,1,3d 20h,Other,NA,,NA,,1.48531,UNTOUCHED,,0,,0,,0,,0,NA,Other,NA,,NA,,1.41633,BREAK,2020.03.26 13:00,0,,0,,0,,0,NA,NewYork,BOUNCE,2020.03.30 16:00,NA,,1.47204,UNTOUCHED,,0,,0,,0,,0,NA,Other,NA,,NA,,B-ZG-UN,B-ZB-UN,B-ZE-BR,B-ZH-BR,B-ZG-BO,B-ZC-BR,B-ZH-BR,B-ZB-BR,B-ZF-BR,S-ZF-UN,B-ZH-UN,S-ZF-BR,S-ZB-BO,S-ZD-UN,B-ZO-UN,S-ZO-UN,B-ZG-UN,S-ZB-BO,S-ZG-UN,S-ZE-UN
383,2020.03.24 00:00,USDCAD,60,86400,BUY,ZH,1,1.44339,1.43294,1045.0,1.45605,1.43355,2250.0,215.311,5.84,984.0,246.6,1.44339,1.43355,1.46589,UNTOUCHED,,0,,0,,0,,0,NA,Other,NA,,NA,,1.42310,BREAK,2020.03.25 21:00,0,,0,,0,,0,NA,Other,BREAK,2020.03.26 15:00,BREAK,2020.03.27 01:00,1.45323,BOUNCE,2020.03.24 00:00,1,2020.03.25 21:00,1,2020.03.25 21:00,0,,2,1d 21h,Asia,NA,,NA,,1.42371,BREAK,2020.03.25 21:00,0,,0,,0,,0,NA,Other,BREAK,2020.03.26 15:00,BREAK,2020.03.26 19:00,S-ZC-BO,B-ZG-UN,B-ZB-UN,B-ZE-BR,B-ZH-BR,B-ZG-BO,B-ZC-BR,B-ZH-BR,B-ZB-BR,B-ZF-BR,S-ZF-BR,S-ZB-BO,S-ZD-UN,B-ZO-UN,S-ZO-UN,B-ZG-UN,S-ZB-BO,S-ZG-UN,S-ZE-UN,B-ZF-BO
384,2020.03.26 00:00,USDCAD,60,86400,SELL,ZF,1,1.45463,1.43745,1718.0,1.45090,1.41775,3315.0,192.957,21.71,1345.0,405.4,1.45090,1.43745,1.40430,BREAK,2020.03.26 19:00,0,,0,,0,,0,NA,NewYork,BREAK,2020.04.13 21:00,UNTOUCHED,,1.46808,UNTOUCHED,,0,,0,,0,,0,NA,Other,NA,,NA,,1.42400,BREAK,2020.03.26 00:00,0,,0,,0,,0,NA,Asia,BREAK,2020.03.26 18:00,BREAK,2020.03.27 23:00,1.46435,UNTOUCHED,,0,,0,,0,,0,NA,Other,NA,,NA,,B-ZH-UN,S-ZC-BO,B-ZG-UN,B-ZB-UN,B-ZE-BR,B-ZH-BR,B-ZG-BO,B-ZC-BR,B-ZH-BR,B-ZB-BR,S-ZB-BO,S-ZD-UN,B-ZO-UN,S-ZO-UN,B-ZG-UN,S-ZB-BO,S-ZG-UN,S-ZE-UN,B-ZF-BO,B-ZE-BO
385,2020.03.27 00:00,USDCAD,60,86400,SELL,ZB,1,1.45090,1.41775,3315.0,1.42756,1.40097,2659.0,80.211,70.41,981.0,782.3,1.42756,1.41775,1.39116,BOUNCE,2020.04.13 21:00,1,2020.04.15 16:00,0,,0,,1,1d 19h,Other,NA,,NA,,1.46071,UNTOUCHED,,0,,0,,0,,0,NA,Other,NA,,NA,,1.40794,BREAK,2020.03.27 00:00,0,,0,,0,,0,NA,Asia,BOUNCE,2020.03.30 04:00,NA,,1.43737,UNTOUCHED,,0,,0,,0,,0,NA,Other,NA,,NA,,S-ZF-BR,B-ZH-UN,S-ZC-BO,B-ZG-UN,B-ZB-UN,B-ZE-BR,B-ZH-BR,B-ZG-BO,B-ZC-BR,B-ZH-BR,S-ZD-UN,B-ZO-UN,S-ZO-UN,B-ZG-UN,S-ZB-BO,S-ZG-UN,S-ZE-UN,B-ZF-BO,B-ZE-BO,S-ZB-BO
386,2020.03.28 00:00,USDCAD,60,86400,SELL,ZD,1,1.42756,1.40097,2659.0,1.41538,1.39210,2328.0,87.552,45.81,1441.0,627.5,1.41538,1.40097,1.37769,UNTOUCHED,,0,,0,,0,,0,NA,Other,NA,,NA,,1.44197,UNTOUCHED,,0,,0,,0,,0,NA,Other,NA,,NA,,1.38656,BOUNCE,2020.04.13 22:00,0,,0,,0,,0,NA,Other,NA,,NA,,1.42979,BOUNCE,2020.03.31 17:00,1,2020.04.13 22:00,1,2020.04.13 22:00,0,,2,1w 6d,NewYork,NA,,NA,,S-ZB-BO,S-ZF-BR,B-ZH-UN,S-ZC-BO,B-ZG-UN,B-ZB-UN,B-ZE-BR,B-ZH-BR,B-ZG-BO,B-ZC-BR,B-ZO-UN,S-ZO-UN,B-ZG-UN,S-ZB-BO,S-ZG-UN,S-ZE-UN,B-ZF-BO,B-ZE-BO,S-ZB-BO,B-ZF-BR
387,2020.04.01 00:00,USDCAD,60,86400,BUY,ZO,1,1.41834,1.40002,1832.0,1.43489,1.40655,2834.0,154.694,35.64,1179.0,432.4,1.41834,1.40655,1.44668,UNTOUCHED,,0,,0,,0,,0,NA,Other,NA,,NA,,1.38823,BOUNCE,2020.04.13 21:00,1,2020.04.15 17:00,0,,0,,1,1d 20h,Other,NA,,NA,,1.43013,UNTOUCHED,,0,,0,,0,,0,NA,Other,NA,,NA,,1.39476,BOUNCE,2020.04.07 17:00,0,,0,,0,,0,NA,NewYork,NA,,NA,,S-ZD-UN,S-ZB-BO,S-ZF-BR,B-ZH-UN,S-ZC-BO,B-ZG-UN,B-ZB-UN,B-ZE-BR,B-ZH-BR,B-ZG-BO,S-ZO-UN,B-ZG-UN,S-ZB-BO,S-ZG-UN,S-ZE-UN,B-ZF-BO,B-ZE-BO,S-ZB-BO,B-ZF-BR,S-ZF-BR
388,2020.04.02 00:00,USDCAD,60,86400,SELL,ZO,0,1.43489,1.40655,2834.0,1.42714,1.40108,2606.0,91.955,27.35,2059.0,668.8,1.42714,1.40655,1.38049,UNTOUCHED,,0,,0,,0,,0,NA,Other,NA,,NA,,1.45548,UNTOUCHED,,0,,0,,0,,0,NA,Other,NA,,NA,,1.38596,BOUNCE,2020.04.14 00:00,0,,0,,0,,0,NA,Asia,NA,,NA,,1.44773,UNTOUCHED,,0,,0,,0,,0,NA,Other,NA,,NA,,B-ZO-UN,S-ZD-UN,S-ZB-BO,S-ZF-BR,B-ZH-UN,S-ZC-BO,B-ZG-UN,B-ZB-UN,B-ZE-BR,B-ZH-BR,B-ZG-UN,S-ZB-BO,S-ZG-UN,S-ZE-UN,B-ZF-BO,B-ZE-BO,S-ZB-BO,B-ZF-BR,S-ZF-BR,S-ZD-BR
389,2020.04.03 00:00,USDCAD,60,86400,BUY,ZG,0,1.42714,1.40108,2606.0,1.42979,1.40785,2194.0,84.190,25.98,1929.0,615.0,1.42714,1.40785,1.44908,UNTOUCHED,,0,,0,,0,,0,NA,Other,NA,,NA,,1.38179,UNTOUCHED,,0,,0,,0,,0,NA,Other,NA,,NA,,1.44643,UNTOUCHED,,0,,0,,0,,0,NA,Other,NA,,NA,,1.38856,BOUNCE,2020.04.13 21:00,0,,0,,0,,0,NA,Other,NA,,NA,,S-ZO-UN,B-ZO-UN,S-ZD-UN,S-ZB-BO,S-ZF-BR,B-ZH-UN,S-ZC-BO,B-ZG-UN,B-ZB-UN,B-ZE-BR,S-ZB-BO,S-ZG-UN,S-ZE-UN,B-ZF-BO,B-ZE-BO,S-ZB-BO,B-ZF-BR,S-ZF-BR,S-ZD-BR,S-ZB-BR
390,2020.04.08 00:00,USDCAD,60,86400,SELL,ZB,1,1.42610,1.40831,1779.0,1.41435,1.39448,1987.0,111.692,66.05,604.0,419.8,1.41435,1.40831,1.38844,BOUNCE,2020.04.13 21:00,1,2020.04.15 12:00,1,2020.04.21 11:00,0,,2,1w 0d,Other,NA,,NA,,1.43214,UNTOUCHED,,0,,0,,0,,0,NA,Other,NA,,NA,,1.40227,BREAK,2020.04.08 00:00,0,,0,,0,,0,NA,Asia,BOUNCE,2020.04.09 18:00,NA,,1.42039,BREAK,2020.04.21 11:00,0,,0,,0,,0,NA,London,BOUNCE,2020.04.21 16:00,NA,,B-ZG-UN,S-ZO-UN,B-ZO-UN,S-ZD-UN,S-ZB-BO,S-ZF-BR,B-ZH-UN,S-ZC-BO,B-ZG-UN,B-ZB-UN,S-ZG-UN,S-ZE-UN,B-ZF-BO,B-ZE-BO,S-ZB-BO,B-ZF-BR,S-ZF-BR,S-ZD-BR,S-ZB-BR,S-ZO-BR
391,2020.04.10 00:00,USDCAD,60,86400,SELL,ZG,0,1.40811,1.39779,1032.0,1.40774,1.39306,1468.0,142.248,3.59,995.0,243.6,1.40774,1.39779,1.38311,UNTOUCHED,,0,,0,,0,,0,NA,Other,NA,,NA,,1.41806,BOUNCE,2020.04.16 20:00,1,2020.04.28 13:00,1,2020.04.29 23:00,0,,2,1w 6d,NewYork,NA,,NA,,1.38784,BOUNCE,2020.04.13 21:00,1,2020.04.16 20:00,1,2020.04.16 20:00,0,,2,2d 23h,Other,NA,,NA,,1.41769,BOUNCE,2020.04.16 20:00,1,2020.04.29 23:00,1,2020.04.29 23:00,0,,2,1w 6d,NewYork,NA,,NA,,S-ZB-BO,B-ZG-UN,S-ZO-UN,B-ZO-UN,S-ZD-UN,S-ZB-BO,S-ZF-BR,B-ZH-UN,S-ZC-BO,B-ZG-UN,S-ZE-UN,B-ZF-BO,B-ZE-BO,S-ZB-BO,B-ZF-BR,S-ZF-BR,S-ZD-BR,S-ZB-BR,S-ZO-BR,B-ZB-BO
392,2020.04.15 00:00,USDCAD,60,86400,SELL,ZE,1,1.40001,1.38602,1399.0,1.39248,1.38551,697.0,49.821,53.82,646.0,330.2,1.39248,1.38602,1.37905,UNTOUCHED,,0,,0,,0,,0,NA,Other,NA,,NA,,1.40647,BREAK,2020.04.15 14:00,0,,0,,0,,0,NA,NewYork,BOUNCE,2020.04.15 22:00,NA,,1.37956,UNTOUCHED,,0,,0,,0,,0,NA,Other,NA,,NA,,1.39894,BREAK,2020.04.15 11:00,0,,0,,0,,0,NA,London,BREAK,2020.04.15 16:00,BOUNCE,2020.04.15 18:00,S-ZG-UN,S-ZB-BO,B-ZG-UN,S-ZO-UN,B-ZO-UN,S-ZD-UN,S-ZB-BO,S-ZF-BR,B-ZH-UN,S-ZC-BO,B-ZF-BO,B-ZE-BO,S-ZB-BO,B-ZF-BR,S-ZF-BR,S-ZD-BR,S-ZB-BR,S-ZO-BR,B-ZB-BO,B-ZH-UN
393,2020.04.16 00:00,USDCAD,60,86400,BUY,ZF,1,1.39248,1.38551,697.0,1.41320,1.38759,2561.0,367.432,29.84,489.0,164.5,1.39248,1.38759,1.41809,BOUNCE,2020.04.16 20:00,1,2020.04.17 00:00,1,2020.05.26 16:00,1,2020.05.26 18:00,3,5w 4d,NewYork,NA,,NA,,1.38062,BREAK,2020.05.26 18:00,0,,0,,0,,0,NA,NewYork,BREAK,2020.05.27 13:00,BREAK,2020.06.01 11:00,1.39737,BREAK,2020.04.16 00:00,0,,0,,0,,0,NA,Asia,BREAK,2020.04.16 01:00,BREAK,2020.04.16 02:00,1.38270,BREAK,2020.05.26 16:00,0,,0,,0,,0,NA,NewYork,BREAK,2020.05.26 22:00,BOUNCE,2020.05.27 17:00,S-ZE-UN,S-ZG-UN,S-ZB-BO,B-ZG-UN,S-ZO-UN,B-ZO-UN,S-ZD-UN,S-ZB-BO,S-ZF-BR,B-ZH-UN,B-ZE-BO,S-ZB-BO,B-ZF-BR,S-ZF-BR,S-ZD-BR,S-ZB-BR,S-ZO-BR,B-ZB-BO,B-ZH-UN,S-ZC-BR
394,2020.04.17 00:00,USDCAD,60,86400,BUY,ZE,1,1.41320,1.38759,2561.0,1.41822,1.40626,1196.0,46.701,72.90,694.0,604.4,1.41320,1.40626,1.42516,BOUNCE,2020.04.21 13:00,1,2020.04.23 16:00,1,2020.04.28 13:00,1,2020.05.26 18:00,3,5w 0d,NewYork,NA,,NA,,1.38065,BREAK,2020.05.26 18:00,0,,0,,0,,0,NA,NewYork,BOUNCE,2020.05.27 17:00,NA,,1.42014,BREAK,2020.04.21 11:00,0,,0,,0,,0,NA,London,UNTOUCHED,,NA,,1.39932,BREAK,2020.04.28 13:00,0,,0,,0,,0,NA,NewYork,BREAK,2020.04.30 09:00,BOUNCE,2020.04.30 20:00,B-ZF-BO,S-ZE-UN,S-ZG-UN,S-ZB-BO,B-ZG-UN,S-ZO-UN,B-ZO-UN,S-ZD-UN,S-ZB-BO,S-ZF-BR,S-ZB-BO,B-ZF-BR,S-ZF-BR,S-ZD-BR,S-ZB-BR,S-ZO-BR,B-ZB-BO,B-ZH-UN,S-ZC-BR,B-ZF-UN
395,2020.04.18 00:00,USDCAD,60,86400,SELL,ZB,1,1.41822,1.40626,1196.0,1.41281,1.40047,1234.0,103.177,45.23,655.0,282.3,1.41281,1.40626,1.39392,BOUNCE,2020.04.28 16:00,1,2020.05.01 18:00,0,,0,,1,3d 2h,NewYork,NA,,NA,,1.42477,BOUNCE,2020.04.21 13:00,1,2020.04.22 17:00,1,2020.04.28 13:00,1,2020.04.28 16:00,3,1w 0d,NewYork,NA,,NA,,1.39971,BREAK,2020.04.28 13:00,0,,0,,0,,0,NA,NewYork,BREAK,2020.04.29 22:00,BOUNCE,2020.04.30 20:00,1.41936,BREAK,2020.04.21 11:00,0,,0,,0,,0,NA,London,BOUNCE,2020.04.21 17:00,NA,,B-ZE-BO,B-ZF-BO,S-ZE-UN,S-ZG-UN,S-ZB-BO,B-ZG-UN,S-ZO-UN,B-ZO-UN,S-ZD-UN,S-ZB-BO,B-ZF-BR,S-ZF-BR,S-ZD-BR,S-ZB-BR,S-ZO-BR,B-ZB-BO,B-ZH-UN,S-ZC-BR,B-ZF-UN,B-ZD-BO
396,2020.04.21 00:00,USDCAD,60,86400,BUY,ZF,1,1.40309,1.40044,265.0,1.41367,1.40126,1241.0,468.302,30.94,183.0,62.5,1.40309,1.40126,1.41550,BREAK,2020.04.21 06:00,0,,0,,0,,0,NA,Asia,BOUNCE,2020.04.21 10:00,NA,,1.39861,BREAK,2020.04.28 13:00,0,,0,,0,,0,NA,NewYork,BREAK,2020.04.28 14:00,BREAK,2020.04.28 16:00,1.40492,BREAK,2020.04.21 00:00,0,,0,,0,,0,NA,Asia,BREAK,2020.04.21 01:00,BREAK,2020.04.21 02:00,1.39943,BREAK,2020.04.28 13:00,0,,0,,0,,0,NA,NewYork,BREAK,2020.04.28 14:00,BREAK,2020.04.28 15:00,S-ZB-BO,B-ZE-BO,B-ZF-BO,S-ZE-UN,S-ZG-UN,S-ZB-BO,B-ZG-UN,S-ZO-UN,B-ZO-UN,S-ZD-UN,S-ZF-BR,S-ZD-BR,S-ZB-BR,S-ZO-BR,B-ZB-BO,B-ZH-UN,S-ZC-BR,B-ZF-UN,B-ZD-BO,B-ZH-UN
397,2020.04.24 00:00,USDCAD,60,86400,SELL,ZF,1,1.42373,1.41147,1226.0,1.41980,1.39997,1983.0,161.746,32.06,833.0,289.3,1.41980,1.41147,1.39164,BREAK,2020.04.29 17:00,0,,0,,0,,0,NA,NewYork,BREAK,2020.05.26 18:00,BREAK,2020.05.29 16:00,1.43206,UNTOUCHED,,0,,0,,0,,0,NA,Other,NA,,NA,,1.40314,BOUNCE,2020.04.24 15:00,0,,0,,0,,0,NA,NewYork,NA,,NA,,1.42813,UNTOUCHED,,0,,0,,0,,0,NA,Other,NA,,NA,,B-ZF-BR,S-ZB-BO,B-ZE-BO,B-ZF-BO,S-ZE-UN,S-ZG-UN,S-ZB-BO,B-ZG-UN,S-ZO-UN,B-ZO-UN,S-ZD-BR,S-ZB-BR,S-ZO-BR,B-ZB-BO,B-ZH-UN,S-ZC-BR,B-ZF-UN,B-ZD-BO,B-ZH-UN,B-ZO-UN
398,2020.04.29 00:00,USDCAD,60,86400,SELL,ZD,1,1.41167,1.40287,880.0,1.40722,1.39357,1365.0,155.114,50.57,435.0,207.7,1.40722,1.40287,1.38922,BREAK,2020.04.29 22:00,0,,0,,0,,0,NA,Other,BREAK,2020.05.26 16:00,BREAK,2020.05.26 20:00,1.41602,BOUNCE,2020.05.07 02:00,1,2020.05.07 13:00,1,2020.05.07 19:00,1,2020.05.19 17:00,3,1w 5d,Asia,NA,,NA,,1.39852,BREAK,2020.04.29 00:00,0,,0,,0,,0,NA,Asia,BREAK,2020.04.29 17:00,BREAK,2020.04.30 00:00,1.41157,BREAK,2020.05.04 02:00,0,,0,,0,,0,NA,Asia,BOUNCE,2020.05.07 09:00,NA,,S-ZF-BR,B-ZF-BR,S-ZB-BO,B-ZE-BO,B-ZF-BO,S-ZE-UN,S-ZG-UN,S-ZB-BO,B-ZG-UN,S-ZO-UN,S-ZB-BR,S-ZO-BR,B-ZB-BO,B-ZH-UN,S-ZC-BR,B-ZF-UN,B-ZD-BO,B-ZH-UN,B-ZO-UN,S-ZO-BR
399,2020.04.30 00:00,USDCAD,60,86400,SELL,ZB,1,1.40722,1.39357,1365.0,1.40032,1.38776,1256.0,92.015,50.55,675.0,322.1,1.40032,1.39357,1.38101,BREAK,2020.05.26 18:00,0,,0,,0,,0,NA,NewYork,BOUNCE,2020.05.27 17:00,NA,,1.41397,BOUNCE,2020.05.04 04:00,1,2020.05.07 19:00,1,2020.05.19 22:00,1,2020.05.26 18:00,3,3w 1d,Asia,NA,,NA,,1.38682,BOUNCE,2020.04.30 07:00,1,2020.05.01 18:00,1,2020.05.04 04:00,0,,2,3d 21h,London,NA,,NA,,1.40707,BREAK,2020.05.01 18:00,0,,0,,0,,0,NA,NewYork,BOUNCE,2020.05.04 16:00,NA,,S-ZD-BR,S-ZF-BR,B-ZF-BR,S-ZB-BO,B-ZE-BO,B-ZF-BO,S-ZE-UN,S-ZG-UN,S-ZB-BO,B-ZG-UN,S-ZO-BR,B-ZB-BO,B-ZH-UN,S-ZC-BR,B-ZF-UN,B-ZD-BO,B-ZH-UN,B-ZO-UN,S-ZO-BR,B-ZG-BO
400,2020.05.01 00:00,USDCAD,60,86400,SELL,ZO,0,1.40032,1.38776,1256.0,1.39588,1.38498,1090.0,86.783,35.35,812.0,296.4,1.39588,1.38776,1.37686,BREAK,2020.05.26 22:00,0,,0,,0,,0,NA,Other,BREAK,2020.06.01 18:00,BREAK,2020.06.01 22:00,1.40844,BREAK,2020.05.01 18:00,0,,0,,0,,0,NA,NewYork,BOUNCE,2020.05.07 11:00,NA,,1.37964,BREAK,2020.05.26 19:00,0,,0,,0,,0,NA,NewYork,BOUNCE,2020.05.29 18:00,NA,,1.40400,BREAK,2020.05.01 11:00,0,,0,,0,,0,NA,London,BREAK,2020.05.04 04:00,UNTOUCHED,,S-ZB-BR,S-ZD-BR,S-ZF-BR,B-ZF-BR,S-ZB-BO,B-ZE-BO,B-ZF-BO,S-ZE-UN,S-ZG-UN,S-ZB-BO,B-ZB-BO,B-ZH-UN,S-ZC-BR,B-ZF-UN,B-ZD-BO,B-ZH-UN,B-ZO-UN,S-ZO-BR,B-ZG-BO,B-ZB-UN
401,2020.05.02 00:00,USDCAD,60,86400,BUY,ZB,1,1.39588,1.38498,1090.0,1.41091,1.39173,1918.0,175.963,61.93,415.0,257.2,1.39588,1.39173,1.41506,BOUNCE,2020.05.04 04:00,1,2020.05.04 16:00,1,2020.05.19 18:00,1,2020.05.26 18:00,3,3w 1d,Asia,NA,,NA,,1.38083,BREAK,2020.05.26 18:00,0,,0,,0,,0,NA,NewYork,BREAK,2020.05.27 13:00,BOUNCE,2020.05.29 17:00,1.40003,BREAK,2020.05.02 00:00,0,,0,,0,,0,NA,Asia,BREAK,2020.05.04 01:00,BREAK,2020.05.04 02:00,1.38758,BOUNCE,2020.05.19 18:00,1,2020.05.22 07:00,1,2020.05.22 07:00,0,,2,2d 13h,NewYork,NA,,NA,,S-ZO-BR,S-ZB-BR,S-ZD-BR,S-ZF-BR,B-ZF-BR,S-ZB-BO,B-ZE-BO,B-ZF-BO,S-ZE-UN,S-ZG-UN,B-ZH-UN,S-ZC-BR,B-ZF-UN,B-ZD-BO,B-ZH-UN,B-ZO-UN,S-ZO-BR,B-ZG-BO,B-ZB-UN,S-ZB-BO
402,2020.05.05 00:00,USDCAD,60,86400,BUY,ZH,1,1.40860,1.40497,363.0,1.41520,1.40509,1011.0,278.512,3.31,351.0,85.7,1.40860,1.40509,1.41871,UNTOUCHED,,0,,0,,0,,0,NA,Other,NA,,NA,,1.40146,BOUNCE,2020.05.05 17:00,1,2020.05.06 16:00,1,2020.05.06 17:00,0,,2,1d 0h,NewYork,NA,,NA,,1.41211,BREAK,2020.05.06 17:00,0,,0,,0,,0,NA,NewYork,BOUNCE,2020.05.06 21:00,NA,,1.40158,BOUNCE,2020.05.05 17:00,1,2020.05.06 17:00,1,2020.05.06 17:00,0,,2,1d 0h,NewYork,NA,,NA,,B-ZB-BO,S-ZO-BR,S-ZB-BR,S-ZD-BR,S-ZF-BR,B-ZF-BR,S-ZB-BO,B-ZE-BO,B-ZF-BO,S-ZE-UN,S-ZC-BR,B-ZF-UN,B-ZD-BO,B-ZH-UN,B-ZO-UN,S-ZO-BR,B-ZG-BO,B-ZB-UN,S-ZB-BO,S-ZE-BR
403,2020.05.06 00:00,USDCAD,60,86400,SELL,ZC,1,1.41520,1.40509,1011.0,1.41018,1.40077,941.0,93.076,49.65,509.0,238.6,1.41018,1.40509,1.39568,BREAK,2020.05.07 20:00,0,,0,,0,,0,NA,NewYork,BOUNCE,2020.05.11 12:00,NA,,1.42029,UNTOUCHED,,0,,0,,0,,0,NA,Other,NA,,NA,,1.40000,BREAK,2020.05.07 19:00,0,,0,,0,,0,NA,NewYork,BREAK,2020.05.08 05:00,BREAK,2020.05.19 18:00,1.41527,BOUNCE,2020.05.06 19:00,1,2020.05.07 19:00,1,2020.05.07 19:00,0,,2,1d 0h,NewYork,NA,,NA,,B-ZH-UN,B-ZB-BO,S-ZO-BR,S-ZB-BR,S-ZD-BR,S-ZF-BR,B-ZF-BR,S-ZB-BO,B-ZE-BO,B-ZF-BO,B-ZF-UN,B-ZD-BO,B-ZH-UN,B-ZO-UN,S-ZO-BR,B-ZG-BO,B-ZB-UN,S-ZB-BO,S-ZE-BR,S-ZO-BR
404,2020.05.07 00:00,USDCAD,60,86400,BUY,ZF,0,1.41018,1.40077,941.0,1.41568,1.40227,1341.0,142.508,15.94,791.0,222.1,1.41018,1.40227,1.42359,UNTOUCHED,,0,,0,,0,,0,NA,Other,NA,,NA,,1.39286,BREAK,2020.05.08 05:00,0,,0,,0,,0,NA,Asia,BREAK,2020.05.26 16:00,BREAK,2020.05.27 13:00,1.41809,UNTOUCHED,,0,,0,,0,,0,NA,Other,NA,,NA,,1.39436,BREAK,2020.05.08 04:00,0,,0,,0,,0,NA,Asia,BREAK,2020.05.26 15:00,BREAK,2020.05.26 22:00,S-ZC-BR,B-ZH-UN,B-ZB-BO,S-ZO-BR,S-ZB-BR,S-ZD-BR,S-ZF-BR,B-ZF-BR,S-ZB-BO,B-ZE-BO,B-ZD-BO,B-ZH-UN,B-ZO-UN,S-ZO-BR,B-ZG-BO,B-ZB-UN,S-ZB-BO,S-ZE-BR,S-ZO-BR,S-ZO-BR
405,2020.05.13 00:00,USDCAD,60,86400,BUY,ZD,1,1.40424,1.39000,1424.0,1.40644,1.39721,923.0,64.817,50.63,703.0,336.1,1.40424,1.39721,1.41347,BOUNCE,2020.05.14 17:00,1,2020.05.18 18:00,1,2020.05.19 17:00,1,2020.05.26 16:00,3,1w 4d,NewYork,NA,,NA,,1.38297,BREAK,2020.05.26 16:00,0,,0,,0,,0,NA,NewYork,BREAK,2020.05.29 16:00,BREAK,2020.06.01 18:00,1.41127,BOUNCE,2020.05.13 23:00,1,2020.05.19 17:00,1,2020.05.26 16:00,0,,2,1w 5d,Other,NA,,NA,,1.39018,BREAK,2020.05.19 17:00,0,,0,,0,,0,NA,NewYork,BREAK,2020.05.26 19:00,BREAK,2020.05.27 14:00,B-ZF-UN,S-ZC-BR,B-ZH-UN,B-ZB-BO,S-ZO-BR,S-ZB-BR,S-ZD-BR,S-ZF-BR,B-ZF-BR,S-ZB-BO,B-ZH-UN,B-ZO-UN,S-ZO-BR,B-ZG-BO,B-ZB-UN,S-ZB-BO,S-ZE-BR,S-ZO-BR,S-ZO-BR,S-ZB-BR
406,2020.05.14 00:00,USDCAD,60,86400,BUY,ZH,0,1.40644,1.39721,923.0,1.41149,1.40060,1089.0,117.985,36.73,584.0,217.8,1.40644,1.40060,1.41733,UNTOUCHED,,0,,0,,0,,0,NA,Other,NA,,NA,,1.39137,BREAK,2020.05.19 10:00,0,,0,,0,,0,NA,London,BREAK,2020.05.26 16:00,BREAK,2020.05.26 21:00,1.41228,BOUNCE,2020.05.14 16:00,1,2020.05.19 00:00,1,2020.05.19 10:00,0,,2,4d 18h,NewYork,NA,,NA,,1.39476,BREAK,2020.05.19 00:00,0,,0,,0,,0,NA,Asia,BREAK,2020.05.19 22:00,BREAK,2020.05.26 18:00,B-ZD-BO,B-ZF-UN,S-ZC-BR,B-ZH-UN,B-ZB-BO,S-ZO-BR,S-ZB-BR,S-ZD-BR,S-ZF-BR,B-ZF-BR,B-ZO-UN,S-ZO-BR,B-ZG-BO,B-ZB-UN,S-ZB-BO,S-ZE-BR,S-ZO-BR,S-ZO-BR,S-ZB-BR,S-ZD-BR
407,2020.05.15 00:00,USDCAD,60,86400,BUY,ZO,0,1.41149,1.40060,1089.0,1.41410,1.40339,1071.0,98.347,25.62,810.0,257.0,1.41149,1.40339,1.42220,UNTOUCHED,,0,,0,,0,,0,NA,Other,NA,,NA,,1.39250,BREAK,2020.05.19 04:00,0,,0,,0,,0,NA,Asia,BREAK,2020.05.26 17:00,BREAK,2020.05.27 13:00,1.41959,UNTOUCHED,,0,,0,,0,,0,NA,Other,NA,,NA,,1.39529,BREAK,2020.05.18 23:00,0,,0,,0,,0,NA,Other,BOUNCE,2020.05.20 01:00,NA,,B-ZH-UN,B-ZD-BO,B-ZF-UN,S-ZC-BR,B-ZH-UN,B-ZB-BO,S-ZO-BR,S-ZB-BR,S-ZD-BR,S-ZF-BR,S-ZO-BR,B-ZG-BO,B-ZB-UN,S-ZB-BO,S-ZE-BR,S-ZO-BR,S-ZO-BR,S-ZB-BR,S-ZD-BR,B-ZG-BR
408,2020.05.16 00:00,USDCAD,60,86400,SELL,ZO,0,1.41410,1.40339,1071.0,1.41170,1.40182,988.0,92.250,22.41,831.0,252.8,1.41170,1.40339,1.39351,BREAK,2020.05.19 01:00,0,,0,,0,,0,NA,Asia,BREAK,2020.05.26 16:00,BREAK,2020.05.27 13:00,1.42241,UNTOUCHED,,0,,0,,0,,0,NA,Other,NA,,NA,,1.39508,BREAK,2020.05.18 23:00,0,,0,,0,,0,NA,Other,BOUNCE,2020.05.20 01:00,NA,,1.42001,UNTOUCHED,,0,,0,,0,,0,NA,Other,NA,,NA,,B-ZO-UN,B-ZH-UN,B-ZD-BO,B-ZF-UN,S-ZC-BR,B-ZH-UN,B-ZB-BO,S-ZO-BR,S-ZB-BR,S-ZD-BR,B-ZG-BO,B-ZB-UN,S-ZB-BO,S-ZE-BR,S-ZO-BR,S-ZO-BR,S-ZB-BR,S-ZD-BR,B-ZG-BR,S-ZC-UN
409,2020.05.22 00:00,USDCAD,60,86400,BUY,ZG,0,1.39605,1.38678,927.0,1.39704,1.38909,795.0,85.761,24.92,696.0,218.8,1.39605,1.38909,1.40400,BOUNCE,2020.05.22 17:00,1,2020.05.26 12:00,1,2020.05.26 16:00,1,2020.05.26 19:00,3,4d 2h,NewYork,NA,,NA,,1.37982,BREAK,2020.05.26 19:00,0,,0,,0,,0,NA,NewYork,BOUNCE,2020.05.27 17:00,NA,,1.40301,BOUNCE,2020.05.22 11:00,1,2020.05.26 16:00,1,2020.05.26 19:00,0,,2,4d 8h,London,NA,,NA,,1.38213,BREAK,2020.05.26 16:00,0,,0,,0,,0,NA,NewYork,BREAK,2020.05.27 14:00,BREAK,2020.06.01 18:00,S-ZO-BR,B-ZO-UN,B-ZH-UN,B-ZD-BO,B-ZF-UN,S-ZC-BR,B-ZH-UN,B-ZB-BO,S-ZO-BR,S-ZB-BR,B-ZB-UN,S-ZB-BO,S-ZE-BR,S-ZO-BR,S-ZO-BR,S-ZB-BR,S-ZD-BR,B-ZG-BR,S-ZC-UN,B-ZB-BO
410,2020.05.23 00:00,USDCAD,60,86400,BUY,ZB,1,1.39704,1.38909,795.0,1.40482,1.39409,1073.0,134.969,62.89,295.0,187.6,1.39704,1.39409,1.40777,UNTOUCHED,,0,,0,,0,,0,NA,Other,NA,,NA,,1.38614,BREAK,2020.05.26 15:00,0,,0,,0,,0,NA,NewYork,BREAK,2020.05.26 17:00,BOUNCE,2020.05.26 18:00,1.39999,BOUNCE,2020.05.23 00:00,1,2020.05.26 12:00,1,2020.05.26 15:00,0,,2,3d 15h,Asia,NA,,NA,,1.39114,BREAK,2020.05.26 12:00,0,,0,,0,,0,NA,London,BREAK,2020.05.26 15:00,BREAK,2020.05.26 16:00,B-ZG-BO,S-ZO-BR,B-ZO-UN,B-ZH-UN,B-ZD-BO,B-ZF-UN,S-ZC-BR,B-ZH-UN,B-ZB-BO,S-ZO-BR,S-ZB-BO,S-ZE-BR,S-ZO-BR,S-ZO-BR,S-ZB-BR,S-ZD-BR,B-ZG-BR,S-ZC-UN,B-ZB-BO,B-ZE-UN
411,2020.05.27 00:00,USDCAD,60,86400,SELL,ZB,1,1.40073,1.39683,390.0,1.39891,1.37569,2322.0,595.385,46.67,208.0,92.0,1.39891,1.39683,1.37361,BOUNCE,2020.05.27 13:00,1,2020.05.27 17:00,0,,0,,1,4h,NewYork,NA,,NA,,1.40281,UNTOUCHED,,0,,0,,0,,0,NA,Other,NA,,NA,,1.39475,BREAK,2020.05.27 00:00,0,,0,,0,,0,NA,Asia,BREAK,2020.05.27 01:00,BREAK,2020.05.27 02:00,1.40099,UNTOUCHED,,0,,0,,0,,0,NA,Other,NA,,NA,,B-ZB-UN,B-ZG-BO,S-ZO-BR,B-ZO-UN,B-ZH-UN,B-ZD-BO,B-ZF-UN,S-ZC-BR,B-ZH-UN,B-ZB-BO,S-ZE-BR,S-ZO-BR,S-ZO-BR,S-ZB-BR,S-ZD-BR,B-ZG-BR,S-ZC-UN,B-ZB-BO,B-ZE-UN,S-ZE-BR
412,2020.05.28 00:00,USDCAD,60,86400,SELL,ZE,1,1.39891,1.37569,2322.0,1.38223,1.37275,948.0,40.827,71.83,654.0,548.0,1.38223,1.37569,1.36621,BREAK,2020.06.01 18:00,0,,0,,0,,0,NA,NewYork,BREAK,2020.06.02 09:00,BREAK,2020.06.04 15:00,1.40545,UNTOUCHED,,0,,0,,0,,0,NA,Other,NA,,NA,,1.36915,BREAK,2020.06.01 11:00,0,,0,,0,,0,NA,London,BREAK,2020.06.01 23:00,BREAK,2020.06.02 12:00,1.38877,UNTOUCHED,,0,,0,,0,,0,NA,Other,NA,,NA,,S-ZB-BO,B-ZB-UN,B-ZG-BO,S-ZO-BR,B-ZO-UN,B-ZH-UN,B-ZD-BO,B-ZF-UN,S-ZC-BR,B-ZH-UN,S-ZO-BR,S-ZO-BR,S-ZB-BR,S-ZD-BR,B-ZG-BR,S-ZC-UN,B-ZB-BO,B-ZE-UN,S-ZE-BR,B-ZH-BR
413,2020.06.04 00:00,USDCAD,60,86400,SELL,ZO,0,1.35850,1.34837,1013.0,1.35722,1.34799,923.0,91.115,12.64,885.0,239.1,1.35722,1.34837,1.33914,BREAK,2020.06.05 17:00,0,,0,,0,,0,NA,NewYork,UNTOUCHED,,NA,,1.36735,BOUNCE,2020.06.15 10:00,1,2020.06.23 16:00,0,,0,,1,1w 1d,London,NA,,NA,,1.33952,BREAK,2020.06.05 16:00,0,,0,,0,,0,NA,NewYork,UNTOUCHED,,NA,,1.36607,BOUNCE,2020.06.12 04:00,0,,0,,0,,0,NA,Asia,NA,,NA,,S-ZE-BR,S-ZB-BO,B-ZB-UN,B-ZG-BO,S-ZO-BR,B-ZO-UN,B-ZH-UN,B-ZD-BO,B-ZF-UN,S-ZC-BR,S-ZO-BR,S-ZB-BR,S-ZD-BR,B-ZG-BR,S-ZC-UN,B-ZB-BO,B-ZE-UN,S-ZE-BR,B-ZH-BR,B-ZG-BR
414,2020.06.05 00:00,USDCAD,60,86400,SELL,ZO,0,1.35722,1.34799,923.0,1.35410,1.34678,732.0,79.307,33.80,611.0,217.8,1.35410,1.34799,1.34067,BREAK,2020.06.05 16:00,0,,0,,0,,0,NA,NewYork,BREAK,2020.06.10 22:00,UNTOUCHED,,1.36333,BREAK,2020.06.12 02:00,0,,0,,0,,0,NA,Asia,BOUNCE,2020.06.30 18:00,NA,,1.34188,BREAK,2020.06.05 16:00,0,,0,,0,,0,NA,NewYork,BOUNCE,2020.06.09 10:00,NA,,1.36021,BREAK,2020.06.11 22:00,0,,0,,0,,0,NA,Other,BOUNCE,2020.06.12 09:00,NA,,S-ZO-BR,S-ZE-BR,S-ZB-BO,B-ZB-UN,B-ZG-BO,S-ZO-BR,B-ZO-UN,B-ZH-UN,B-ZD-BO,B-ZF-UN,S-ZB-BR,S-ZD-BR,B-ZG-BR,S-ZC-UN,B-ZB-BO,B-ZE-UN,S-ZE-BR,B-ZH-BR,B-ZG-BR,S-ZE-BR
415,2020.06.06 00:00,USDCAD,60,86400,SELL,ZB,1,1.35410,1.34678,732.0,1.35129,1.33909,1220.0,166.667,38.39,451.0,172.8,1.35129,1.34678,1.33458,BREAK,2020.06.10 22:00,0,,0,,0,,0,NA,Other,UNTOUCHED,,NA,,1.35861,BREAK,2020.06.11 21:00,0,,0,,0,,0,NA,Other,BREAK,2020.06.12 02:00,BOUNCE,2020.06.15 14:00,1.34227,BREAK,2020.06.08 01:00,0,,0,,0,,0,NA,Asia,BREAK,2020.06.08 23:00,BREAK,2020.06.10 22:00,1.35580,BREAK,2020.06.11 19:00,0,,0,,0,,0,NA,NewYork,BREAK,2020.06.11 23:00,BREAK,2020.06.12 04:00,S-ZO-BR,S-ZO-BR,S-ZE-BR,S-ZB-BO,B-ZB-UN,B-ZG-BO,S-ZO-BR,B-ZO-UN,B-ZH-UN,B-ZD-BO,S-ZD-BR,B-ZG-BR,S-ZC-UN,B-ZB-BO,B-ZE-UN,S-ZE-BR,B-ZH-BR,B-ZG-BR,S-ZE-BR,B-ZB-BR
416,2020.06.09 00:00,USDCAD,60,86400,SELL,ZD,1,1.34491,1.34253,238.0,1.34367,1.33563,804.0,337.815,52.10,114.0,56.2,1.34367,1.34253,1.33449,BREAK,2020.06.10 22:00,0,,0,,0,,0,NA,Other,UNTOUCHED,,NA,,1.34605,BREAK,2020.06.09 12:00,0,,0,,0,,0,NA,London,BREAK,2020.06.09 13:00,BOUNCE,2020.06.11 10:00,1.34139,BREAK,2020.06.09 00:00,0,,0,,0,,0,NA,Asia,BREAK,2020.06.09 01:00,BREAK,2020.06.09 02:00,1.34481,BREAK,2020.06.09 11:00,0,,0,,0,,0,NA,London,BREAK,2020.06.09 12:00,BREAK,2020.06.09 13:00,S-ZB-BR,S-ZO-BR,S-ZO-BR,S-ZE-BR,S-ZB-BO,B-ZB-UN,B-ZG-BO,S-ZO-BR,B-ZO-UN,B-ZH-UN,B-ZG-BR,S-ZC-UN,B-ZB-BO,B-ZE-UN,S-ZE-BR,B-ZH-BR,B-ZG-BR,S-ZE-BR,B-ZB-BR,B-ZG-UN
417,2020.06.10 00:00,USDCAD,60,86400,BUY,ZG,1,1.34367,1.33563,804.0,1.34879,1.33592,1287.0,160.075,3.61,775.0,189.7,1.34367,1.33592,1.35654,BREAK,2020.06.11 19:00,0,,0,,0,,0,NA,NewYork,BREAK,2020.06.12 04:00,UNTOUCHED,,1.32788,UNTOUCHED,,0,,0,,0,,0,NA,Other,NA,,NA,,1.35142,BREAK,2020.06.11 18:00,0,,0,,0,,0,NA,NewYork,BREAK,2020.06.11 22:00,BOUNCE,2020.06.15 18:00,1.32817,UNTOUCHED,,0,,0,,0,,0,NA,Other,NA,,NA,,S-ZD-BR,S-ZB-BR,S-ZO-BR,S-ZO-BR,S-ZE-BR,S-ZB-BO,B-ZB-UN,B-ZG-BO,S-ZO-BR,B-ZO-UN,S-ZC-UN,B-ZB-BO,B-ZE-UN,S-ZE-BR,B-ZH-BR,B-ZG-BR,S-ZE-BR,B-ZB-BR,B-ZG-UN,S-ZF-BR
418,2020.06.11 00:00,USDCAD,60,86400,SELL,ZC,1,1.34879,1.33592,1287.0,1.34377,1.33151,1226.0,95.260,39.01,785.0,303.7,1.34377,1.33592,1.32366,UNTOUCHED,,0,,0,,0,,0,NA,Other,NA,,NA,,1.35664,BREAK,2020.06.11 19:00,0,,0,,0,,0,NA,NewYork,BOUNCE,2020.06.12 12:00,NA,,1.32807,UNTOUCHED,,0,,0,,0,,0,NA,Other,NA,,NA,,1.35162,BREAK,2020.06.11 18:00,0,,0,,0,,0,NA,NewYork,BREAK,2020.06.11 23:00,BOUNCE,2020.06.15 18:00,B-ZG-BR,S-ZD-BR,S-ZB-BR,S-ZO-BR,S-ZO-BR,S-ZE-BR,S-ZB-BO,B-ZB-UN,B-ZG-BO,S-ZO-BR,B-ZB-BO,B-ZE-UN,S-ZE-BR,B-ZH-BR,B-ZG-BR,S-ZE-BR,B-ZB-BR,B-ZG-UN,S-ZF-BR,S-ZE-BO
419,2020.06.12 00:00,USDCAD,60,86400,BUY,ZB,1,1.34377,1.33151,1226.0,1.36310,1.33895,2415.0,196.982,60.69,482.0,289.3,1.34377,1.33895,1.36792,BOUNCE,2020.06.15 10:00,1,2020.06.15 18:00,0,,0,,1,8h,London,NA,,NA,,1.32669,UNTOUCHED,,0,,0,,0,,0,NA,Other,NA,,NA,,1.34859,BREAK,2020.06.12 00:00,0,,0,,0,,0,NA,Asia,BREAK,2020.06.12 01:00,BREAK,2020.06.12 02:00,1.33413,UNTOUCHED,,0,,0,,0,,0,NA,Other,NA,,NA,,S-ZC-UN,B-ZG-BR,S-ZD-BR,S-ZB-BR,S-ZO-BR,S-ZO-BR,S-ZE-BR,S-ZB-BO,B-ZB-UN,B-ZG-BO,B-ZE-UN,S-ZE-BR,B-ZH-BR,B-ZG-BR,S-ZE-BR,B-ZB-BR,B-ZG-UN,S-ZF-BR,S-ZE-BO,B-ZO-UN
420,2020.06.13 00:00,USDCAD,60,86400,BUY,ZE,1,1.36310,1.33895,2415.0,1.36665,1.35269,1396.0,57.805,56.89,1041.0,569.9,1.36310,1.35269,1.37706,UNTOUCHED,,0,,0,,0,,0,NA,Other,NA,,NA,,1.32854,UNTOUCHED,,0,,0,,0,,0,NA,Other,NA,,NA,,1.37351,UNTOUCHED,,0,,0,,0,,0,NA,Other,NA,,NA,,1.34228,BREAK,2020.07.22 15:00,0,,0,,0,,0,NA,NewYork,BREAK,2020.08.05 13:00,BREAK,2020.08.18 13:00,B-ZB-BO,S-ZC-UN,B-ZG-BR,S-ZD-BR,S-ZB-BR,S-ZO-BR,S-ZO-BR,S-ZE-BR,S-ZB-BO,B-ZB-UN,S-ZE-BR,B-ZH-BR,B-ZG-BR,S-ZE-BR,B-ZB-BR,B-ZG-UN,S-ZF-BR,S-ZE-BO,B-ZO-UN,S-ZD-BO
421,2020.06.17 00:00,USDCAD,60,86400,SELL,ZE,1,1.36859,1.35460,1399.0,1.36225,1.35046,1179.0,84.274,45.32,765.0,330.2,1.36225,1.35460,1.34281,BREAK,2020.07.21 21:00,0,,0,,0,,0,NA,Other,BOUNCE,2020.07.24 11:00,NA,,1.37624,UNTOUCHED,,0,,0,,0,,0,NA,Other,NA,,NA,,1.34695,BREAK,2020.07.21 15:00,0,,0,,0,,0,NA,NewYork,BREAK,2020.07.23 20:00,BREAK,2020.08.05 05:00,1.36990,BOUNCE,2020.06.26 18:00,1,2020.07.21 15:00,1,2020.07.21 15:00,0,,2,3w 3d,NewYork,NA,,NA,,B-ZE-UN,B-ZB-BO,S-ZC-UN,B-ZG-BR,S-ZD-BR,S-ZB-BR,S-ZO-BR,S-ZO-BR,S-ZE-BR,S-ZB-BO,B-ZH-BR,B-ZG-BR,S-ZE-BR,B-ZB-BR,B-ZG-UN,S-ZF-BR,S-ZE-BO,B-ZO-UN,S-ZD-BO,B-ZF-UN
422,2020.06.19 00:00,USDCAD,60,86400,BUY,ZH,0,1.35947,1.35118,829.0,1.36162,1.35214,948.0,114.355,11.58,733.0,195.6,1.35947,1.35214,1.36895,BREAK,2020.06.26 17:00,0,,0,,0,,0,NA,NewYork,UNTOUCHED,,NA,,1.34385,BREAK,2020.07.21 16:00,0,,0,,0,,0,NA,NewYork,BOUNCE,2020.07.24 11:00,NA,,1.36680,BREAK,2020.06.25 19:00,0,,0,,0,,0,NA,NewYork,UNTOUCHED,,NA,,1.34481,BREAK,2020.07.21 16:00,0,,0,,0,,0,NA,NewYork,BREAK,2020.07.23 20:00,BREAK,2020.08.05 10:00,S-ZE-BR,B-ZE-UN,B-ZB-BO,S-ZC-UN,B-ZG-BR,S-ZD-BR,S-ZB-BR,S-ZO-BR,S-ZO-BR,S-ZE-BR,B-ZG-BR,S-ZE-BR,B-ZB-BR,B-ZG-UN,S-ZF-BR,S-ZE-BO,B-ZO-UN,S-ZD-BO,B-ZF-UN,S-ZO-BR
423,2020.06.20 00:00,USDCAD,60,86400,BUY,ZG,0,1.36162,1.35214,948.0,1.36169,1.35470,699.0,73.734,27.00,692.0,223.7,1.36162,1.35470,1.36861,BREAK,2020.06.26 17:00,0,,0,,0,,0,NA,NewYork,UNTOUCHED,,NA,,1.34522,BREAK,2020.07.21 16:00,0,,0,,0,,0,NA,NewYork,BREAK,2020.07.23 20:00,BREAK,2020.08.05 05:00,1.36854,BREAK,2020.06.26 17:00,0,,0,,0,,0,NA,NewYork,UNTOUCHED,,NA,,1.34778,BREAK,2020.07.21 14:00,0,,0,,0,,0,NA,NewYork,BREAK,2020.07.23 10:00,BOUNCE,2020.07.30 11:00,B-ZH-BR,S-ZE-BR,B-ZE-UN,B-ZB-BO,S-ZC-UN,B-ZG-BR,S-ZD-BR,S-ZB-BR,S-ZO-BR,S-ZO-BR,S-ZE-BR,B-ZB-BR,B-ZG-UN,S-ZF-BR,S-ZE-BO,B-ZO-UN,S-ZD-BO,B-ZF-UN,S-ZO-BR,S-ZB-BR
424,2020.06.24 00:00,USDCAD,60,86400,SELL,ZE,1,1.36298,1.35182,1116.0,1.35707,1.34857,850.0,76.165,52.96,525.0,263.4,1.35707,1.35182,1.34332,BREAK,2020.07.21 21:00,0,,0,,0,,0,NA,Other,BREAK,2020.07.23 20:00,BREAK,2020.08.05 03:00,1.36823,BREAK,2020.06.26 17:00,0,,0,,0,,0,NA,NewYork,UNTOUCHED,,NA,,1.34657,BREAK,2020.07.21 15:00,0,,0,,0,,0,NA,NewYork,BREAK,2020.07.23 10:00,BOUNCE,2020.07.23 23:00,1.36232,BREAK,2020.06.24 23:00,0,,0,,0,,0,NA,Other,BREAK,2020.06.26 18:00,UNTOUCHED,,B-ZG-BR,B-ZH-BR,S-ZE-BR,B-ZE-UN,B-ZB-BO,S-ZC-UN,B-ZG-BR,S-ZD-BR,S-ZB-BR,S-ZO-BR,B-ZB-BR,B-ZG-UN,S-ZF-BR,S-ZE-BO,B-ZO-UN,S-ZD-BO,B-ZF-UN,S-ZO-BR,S-ZB-BR,S-ZO-BR
425,2020.06.25 00:00,USDCAD,60,86400,BUY,ZB,1,1.35707,1.34857,850.0,1.36260,1.35277,983.0,115.647,49.41,430.0,200.6,1.35707,1.35277,1.36690,BREAK,2020.06.25 19:00,0,,0,,0,,0,NA,NewYork,BOUNCE,2020.06.26 20:00,NA,,1.34427,BREAK,2020.07.21 16:00,0,,0,,0,,0,NA,NewYork,BREAK,2020.07.23 12:00,BOUNCE,2020.07.23 22:00,1.36137,BREAK,2020.06.25 00:00,0,,0,,0,,0,NA,Asia,BOUNCE,2020.06.25 13:00,NA,,1.34847,BREAK,2020.07.21 13:00,0,,0,,0,,0,NA,NewYork,BREAK,2020.07.22 15:00,BREAK,2020.07.23 12:00,S-ZE-BR,B-ZG-BR,B-ZH-BR,S-ZE-BR,B-ZE-UN,B-ZB-BO,S-ZC-UN,B-ZG-BR,S-ZD-BR,S-ZB-BR,B-ZG-UN,S-ZF-BR,S-ZE-BO,B-ZO-UN,S-ZD-BO,B-ZF-UN,S-ZO-BR,S-ZB-BR,S-ZO-BR,B-ZC-UN
426,2020.06.27 00:00,USDCAD,60,86400,BUY,ZG,1,1.36698,1.36073,625.0,1.37153,1.36273,880.0,140.800,32.00,425.0,147.5,1.36698,1.36273,1.37578,UNTOUCHED,,0,,0,,0,,0,NA,Other,NA,,NA,,1.35648,BREAK,2020.07.01 05:00,0,,0,,0,,0,NA,Asia,BOUNCE,2020.07.07 10:00,NA,,1.37123,UNTOUCHED,,0,,0,,0,,0,NA,Other,NA,,NA,,1.35848,BREAK,2020.06.30 22:00,0,,0,,0,,0,NA,Other,BREAK,2020.07.06 09:00,BOUNCE,2020.07.09 18:00,B-ZB-BR,S-ZE-BR,B-ZG-BR,B-ZH-BR,S-ZE-BR,B-ZE-UN,B-ZB-BO,S-ZC-UN,B-ZG-BR,S-ZD-BR,S-ZF-BR,S-ZE-BO,B-ZO-UN,S-ZD-BO,B-ZF-UN,S-ZO-BR,S-ZB-BR,S-ZO-BR,B-ZC-UN,S-ZB-BO
427,2020.07.01 00:00,USDCAD,60,86400,SELL,ZF,1,1.37047,1.36468,579.0,1.36990,1.35700,1290.0,222.798,9.84,522.0,136.6,1.36990,1.36468,1.35178,BREAK,2020.07.08 21:00,0,,0,,0,,0,NA,Other,BREAK,2020.07.21 16:00,BREAK,2020.07.22 20:00,1.37569,UNTOUCHED,,0,,0,,0,,0,NA,Other,NA,,NA,,1.35946,BREAK,2020.07.01 00:00,0,,0,,0,,0,NA,Asia,BREAK,2020.07.06 09:00,BREAK,2020.07.21 14:00,1.37512,UNTOUCHED,,0,,0,,0,,0,NA,Other,NA,,NA,,B-ZG-UN,B-ZB-BR,S-ZE-BR,B-ZG-BR,B-ZH-BR,S-ZE-BR,B-ZE-UN,B-ZB-BO,S-ZC-UN,B-ZG-BR,S-ZE-BO,B-ZO-UN,S-ZD-BO,B-ZF-UN,S-ZO-BR,S-ZB-BR,S-ZO-BR,B-ZC-UN,S-ZB-BO,S-ZE-BR
428,2020.07.02 00:00,USDCAD,60,86400,SELL,ZE,1,1.36990,1.35700,1290.0,1.36011,1.35453,558.0,43.256,75.89,311.0,304.4,1.36011,1.35700,1.35142,BOUNCE,2020.07.08 21:00,1,2020.07.09 19:00,1,2020.07.14 11:00,0,,2,5d 14h,Other,NA,,NA,,1.37301,UNTOUCHED,,0,,0,,0,,0,NA,Other,NA,,NA,,1.35389,BOUNCE,2020.07.06 07:00,1,2020.07.14 11:00,0,,0,,1,1w 1d,London,NA,,NA,,1.36322,BOUNCE,2020.07.14 11:00,1,2020.07.15 18:00,1,2020.07.15 18:00,0,,2,1d 7h,London,NA,,NA,,S-ZF-BR,B-ZG-UN,B-ZB-BR,S-ZE-BR,B-ZG-BR,B-ZH-BR,S-ZE-BR,B-ZE-UN,B-ZB-BO,S-ZC-UN,B-ZO-UN,S-ZD-BO,B-ZF-UN,S-ZO-BR,S-ZB-BR,S-ZO-BR,B-ZC-UN,S-ZB-BO,S-ZE-BR,B-ZG-UN
429,2020.07.03 00:00,USDCAD,60,86400,BUY,ZO,0,1.36011,1.35453,558.0,1.36238,1.35597,641.0,114.875,25.81,414.0,131.7,1.36011,1.35597,1.36652,UNTOUCHED,,0,,0,,0,,0,NA,Other,NA,,NA,,1.35039,BREAK,2020.07.08 22:00,0,,0,,0,,0,NA,Other,BREAK,2020.07.21 16:00,BREAK,2020.07.22 19:00,1.36425,BOUNCE,2020.07.14 11:00,1,2020.07.15 20:00,1,2020.07.16 04:00,0,,2,1d 17h,London,NA,,NA,,1.35183,BREAK,2020.07.08 21:00,0,,0,,0,,0,NA,Other,BREAK,2020.07.21 15:00,BOUNCE,2020.07.22 12:00,S-ZE-BO,S-ZF-BR,B-ZG-UN,B-ZB-BR,S-ZE-BR,B-ZG-BR,B-ZH-BR,S-ZE-BR,B-ZE-UN,B-ZB-BO,S-ZD-BO,B-ZF-UN,S-ZO-BR,S-ZB-BR,S-ZO-BR,B-ZC-UN,S-ZB-BO,S-ZE-BR,B-ZG-UN,S-ZO-BR
430,2020.07.04 00:00,USDCAD,60,86400,SELL,ZD,1,1.36238,1.35597,641.0,1.35812,1.35505,307.0,47.894,66.46,215.0,151.3,1.35812,1.35597,1.35290,BOUNCE,2020.07.06 09:00,1,2020.07.07 11:00,1,2020.07.07 18:00,1,2020.07.14 11:00,3,1w 1d,London,NA,,NA,,1.36453,BOUNCE,2020.07.14 11:00,1,2020.07.14 17:00,1,2020.07.15 18:00,1,2020.07.15 19:00,3,1d 8h,London,NA,,NA,,1.35382,BREAK,2020.07.06 07:00,0,,0,,0,,0,NA,London,BREAK,2020.07.08 22:00,BOUNCE,2020.07.09 17:00,1.36027,BOUNCE,2020.07.07 18:00,1,2020.07.08 18:00,1,2020.07.08 18:00,0,,2,1d 0h,NewYork,NA,,NA,,B-ZO-UN,S-ZE-BO,S-ZF-BR,B-ZG-UN,B-ZB-BR,S-ZE-BR,B-ZG-BR,B-ZH-BR,S-ZE-BR,B-ZE-UN,B-ZF-UN,S-ZO-BR,S-ZB-BR,S-ZO-BR,B-ZC-UN,S-ZB-BO,S-ZE-BR,B-ZG-UN,S-ZO-BR,S-ZD-BR
431,2020.07.08 00:00,USDCAD,60,86400,BUY,ZF,1,1.35629,1.35195,434.0,1.36096,1.35245,851.0,196.083,11.52,384.0,102.4,1.35629,1.35245,1.36480,UNTOUCHED,,0,,0,,0,,0,NA,Other,NA,,NA,,1.34811,BREAK,2020.07.21 14:00,0,,0,,0,,0,NA,NewYork,BREAK,2020.07.21 21:00,BREAK,2020.07.23 10:00,1.36013,BREAK,2020.07.08 00:00,0,,0,,0,,0,NA,Asia,BOUNCE,2020.07.14 17:00,NA,,1.34861,BREAK,2020.07.21 13:00,0,,0,,0,,0,NA,NewYork,BREAK,2020.07.21 19:00,BREAK,2020.07.23 08:00,S-ZD-BO,B-ZO-UN,S-ZE-BO,S-ZF-BR,B-ZG-UN,B-ZB-BR,S-ZE-BR,B-ZG-BR,B-ZH-BR,S-ZE-BR,S-ZO-BR,S-ZB-BR,S-ZO-BR,B-ZC-UN,S-ZB-BO,S-ZE-BR,B-ZG-UN,S-ZO-BR,S-ZD-BR,B-ZB-UN
432,2020.07.10 00:00,USDCAD,60,86400,SELL,ZO,0,1.36235,1.34923,1312.0,1.35944,1.34907,1037.0,79.040,22.18,1021.0,309.6,1.35944,1.34923,1.33886,BREAK,2020.07.23 10:00,0,,0,,0,,0,NA,London,BREAK,2020.08.05 13:00,BREAK,2020.08.18 16:00,1.37256,UNTOUCHED,,0,,0,,0,,0,NA,Other,NA,,NA,,1.33902,BREAK,2020.07.23 10:00,0,,0,,0,,0,NA,London,BREAK,2020.08.05 13:00,BREAK,2020.08.18 16:00,1.36965,UNTOUCHED,,0,,0,,0,,0,NA,Other,NA,,NA,,B-ZF-UN,S-ZD-BO,B-ZO-UN,S-ZE-BO,S-ZF-BR,B-ZG-UN,B-ZB-BR,S-ZE-BR,B-ZG-BR,B-ZH-BR,S-ZB-BR,S-ZO-BR,B-ZC-UN,S-ZB-BO,S-ZE-BR,B-ZG-UN,S-ZO-BR,S-ZD-BR,B-ZB-UN,S-ZB-BO
433,2020.07.16 00:00,USDCAD,60,86400,SELL,ZB,1,1.36459,1.35950,509.0,1.36181,1.35047,1134.0,222.790,54.62,231.0,120.1,1.36181,1.35950,1.34816,BREAK,2020.07.21 14:00,0,,0,,0,,0,NA,NewYork,BREAK,2020.07.21 16:00,BOUNCE,2020.07.21 23:00,1.36690,UNTOUCHED,,0,,0,,0,,0,NA,Other,NA,,NA,,1.35719,BREAK,2020.07.16 00:00,0,,0,,0,,0,NA,Asia,BREAK,2020.07.16 01:00,BREAK,2020.07.16 02:00,1.36412,UNTOUCHED,,0,,0,,0,,0,NA,Other,NA,,NA,,S-ZO-BR,B-ZF-UN,S-ZD-BO,B-ZO-UN,S-ZE-BO,S-ZF-BR,B-ZG-UN,B-ZB-BR,S-ZE-BR,B-ZG-BR,S-ZO-BR,B-ZC-UN,S-ZB-BO,S-ZE-BR,B-ZG-UN,S-ZO-BR,S-ZD-BR,B-ZB-UN,S-ZB-BO,S-ZF-BO
434,2020.07.17 00:00,USDCAD,60,86400,SELL,ZO,0,1.36181,1.35047,1134.0,1.35809,1.35012,797.0,70.282,32.80,762.0,267.6,1.35809,1.35047,1.34250,BREAK,2020.07.21 21:00,0,,0,,0,,0,NA,Other,BOUNCE,2020.07.30 16:00,NA,,1.36943,UNTOUCHED,,0,,0,,0,,0,NA,Other,NA,,NA,,1.34285,BREAK,2020.07.21 21:00,0,,0,,0,,0,NA,Other,BOUNCE,2020.07.24 11:00,NA,,1.36571,UNTOUCHED,,0,,0,,0,,0,NA,Other,NA,,NA,,S-ZB-BR,S-ZO-BR,B-ZF-UN,S-ZD-BO,B-ZO-UN,S-ZE-BO,S-ZF-BR,B-ZG-UN,B-ZB-BR,S-ZE-BR,B-ZC-UN,S-ZB-BO,S-ZE-BR,B-ZG-UN,S-ZO-BR,S-ZD-BR,B-ZB-UN,S-ZB-BO,S-ZF-BO,S-ZB-BO
435,2020.07.18 00:00,USDCAD,60,86400,BUY,ZC,1,1.35809,1.35012,797.0,1.35886,1.35567,319.0,40.025,69.64,242.0,188.1,1.35809,1.35567,1.36128,UNTOUCHED,,0,,0,,0,,0,NA,Other,NA,,NA,,1.34770,BREAK,2020.07.21 14:00,0,,0,,0,,0,NA,NewYork,BREAK,2020.07.21 19:00,BOUNCE,2020.07.21 23:00,1.36051,UNTOUCHED,,0,,0,,0,,0,NA,Other,NA,,NA,,1.35325,BREAK,2020.07.20 19:00,0,,0,,0,,0,NA,NewYork,BREAK,2020.07.21 11:00,BREAK,2020.07.21 15:00,S-ZO-BR,S-ZB-BR,S-ZO-BR,B-ZF-UN,S-ZD-BO,B-ZO-UN,S-ZE-BO,S-ZF-BR,B-ZG-UN,B-ZB-BR,S-ZB-BO,S-ZE-BR,B-ZG-UN,S-ZO-BR,S-ZD-BR,B-ZB-UN,S-ZB-BO,S-ZF-BO,S-ZB-BO,B-ZG-BR
436,2020.07.23 00:00,USDCAD,60,86400,SELL,ZB,1,1.35388,1.34247,1141.0,1.34830,1.33995,835.0,73.181,48.90,583.0,269.3,1.34830,1.34247,1.33412,BOUNCE,2020.07.28 03:00,1,2020.07.30 18:00,0,,0,,1,2d 15h,Asia,NA,,NA,,1.35971,UNTOUCHED,,0,,0,,0,,0,NA,Other,NA,,NA,,1.33664,BOUNCE,2020.07.23 19:00,0,,0,,0,,0,NA,NewYork,NA,,NA,,1.35413,UNTOUCHED,,0,,0,,0,,0,NA,Other,NA,,NA,,B-ZC-UN,S-ZO-BR,S-ZB-BR,S-ZO-BR,B-ZF-UN,S-ZD-BO,B-ZO-UN,S-ZE-BO,S-ZF-BR,B-ZG-UN,S-ZE-BR,B-ZG-UN,S-ZO-BR,S-ZD-BR,B-ZB-UN,S-ZB-BO,S-ZF-BO,S-ZB-BO,B-ZG-BR,S-ZB-BO
437,2020.07.24 00:00,USDCAD,60,86400,SELL,ZE,1,1.34830,1.33995,835.0,1.34272,1.33508,764.0,91.497,66.83,277.0,197.1,1.34272,1.33995,1.33231,BREAK,2020.08.04 23:00,0,,0,,0,,0,NA,Other,BREAK,2020.08.05 10:00,BREAK,2020.08.05 13:00,1.35107,UNTOUCHED,,0,,0,,0,,0,NA,Other,NA,,NA,,1.33718,BOUNCE,2020.07.27 07:00,1,2020.07.30 18:00,0,,0,,1,3d 11h,London,NA,,NA,,1.34549,BOUNCE,2020.07.30 18:00,1,2020.08.04 10:00,1,2020.08.04 10:00,0,,2,4d 16h,NewYork,NA,,NA,,S-ZB-BO,B-ZC-UN,S-ZO-BR,S-ZB-BR,S-ZO-BR,B-ZF-UN,S-ZD-BO,B-ZO-UN,S-ZE-BO,S-ZF-BR,B-ZG-UN,S-ZO-BR,S-ZD-BR,B-ZB-UN,S-ZB-BO,S-ZF-BO,S-ZB-BO,B-ZG-BR,S-ZB-BO,S-ZO-BR
438,2020.07.25 00:00,USDCAD,60,86400,BUY,ZG,0,1.34272,1.33508,764.0,1.34448,1.33764,684.0,89.529,33.51,508.0,180.3,1.34272,1.33764,1.34956,UNTOUCHED,,0,,0,,0,,0,NA,Other,NA,,NA,,1.33000,BREAK,2020.08.05 03:00,0,,0,,0,,0,NA,Asia,BOUNCE,2020.08.06 15:00,NA,,1.34780,UNTOUCHED,,0,,0,,0,,0,NA,Other,NA,,NA,,1.33256,BREAK,2020.08.04 23:00,0,,0,,0,,0,NA,Other,BREAK,2020.08.05 13:00,BREAK,2020.08.13 17:00,S-ZE-BR,S-ZB-BO,B-ZC-UN,S-ZO-BR,S-ZB-BR,S-ZO-BR,B-ZF-UN,S-ZD-BO,B-ZO-UN,S-ZE-BO,S-ZO-BR,S-ZD-BR,B-ZB-UN,S-ZB-BO,S-ZF-BO,S-ZB-BO,B-ZG-BR,S-ZB-BO,S-ZO-BR,B-ZE-BR
439,2020.07.29 00:00,USDCAD,60,86400,SELL,ZO,0,1.34313,1.33536,777.0,1.34069,1.33310,759.0,97.683,31.40,533.0,183.4,1.34069,1.33536,1.32777,BREAK,2020.08.05 10:00,0,,0,,0,,0,NA,London,BREAK,2020.08.13 17:00,BREAK,2020.08.18 16:00,1.34846,UNTOUCHED,,0,,0,,0,,0,NA,Other,NA,,NA,,1.33003,BREAK,2020.08.05 03:00,0,,0,,0,,0,NA,Asia,BOUNCE,2020.08.06 15:00,NA,,1.34602,UNTOUCHED,,0,,0,,0,,0,NA,Other,NA,,NA,,B-ZG-UN,S-ZE-BR,S-ZB-BO,B-ZC-UN,S-ZO-BR,S-ZB-BR,S-ZO-BR,B-ZF-UN,S-ZD-BO,B-ZO-UN,S-ZD-BR,B-ZB-UN,S-ZB-BO,S-ZF-BO,S-ZB-BO,B-ZG-BR,S-ZB-BO,S-ZO-BR,B-ZE-BR,S-ZO-BR
440,2020.08.05 00:00,USDCAD,60,86400,SELL,ZD,1,1.34509,1.33807,702.0,1.34202,1.33186,1016.0,144.729,43.73,395.0,165.7,1.34202,1.33807,1.32791,BREAK,2020.08.05 10:00,0,,0,,0,,0,NA,London,BOUNCE,2020.08.05 20:00,NA,,1.34904,UNTOUCHED,,0,,0,,0,,0,NA,Other,NA,,NA,,1.33412,BREAK,2020.08.05 00:00,0,,0,,0,,0,NA,Asia,BREAK,2020.08.05 05:00,BREAK,2020.08.05 13:00,1.34597,UNTOUCHED,,0,,0,,0,,0,NA,Other,NA,,NA,,S-ZO-BR,B-ZG-UN,S-ZE-BR,S-ZB-BO,B-ZC-UN,S-ZO-BR,S-ZB-BR,S-ZO-BR,B-ZF-UN,S-ZD-BO,B-ZB-UN,S-ZB-BO,S-ZF-BO,S-ZB-BO,B-ZG-BR,S-ZB-BO,S-ZO-BR,B-ZE-BR,S-ZO-BR,B-ZE-BR
441,2020.08.08 00:00,USDCAD,60,86400,BUY,ZB,1,1.33231,1.32434,797.0,1.33981,1.32842,1139.0,142.911,51.19,389.0,188.1,1.33231,1.32842,1.34370,UNTOUCHED,,0,,0,,0,,0,NA,Other,NA,,NA,,1.32045,BOUNCE,2020.08.13 18:00,0,,0,,0,,0,NA,NewYork,NA,,NA,,1.33620,BREAK,2020.08.08 00:00,0,,0,,0,,0,NA,Asia,UNTOUCHED,,NA,,1.32453,BREAK,2020.08.12 18:00,0,,0,,0,,0,NA,NewYork,BOUNCE,2020.08.14 12:00,NA,,S-ZD-BR,S-ZO-BR,B-ZG-UN,S-ZE-BR,S-ZB-BO,B-ZC-UN,S-ZO-BR,S-ZB-BR,S-ZO-BR,B-ZF-UN,S-ZB-BO,S-ZF-BO,S-ZB-BO,B-ZG-BR,S-ZB-BO,S-ZO-BR,B-ZE-BR,S-ZO-BR,B-ZE-BR,S-ZD-BO
442,2020.08.12 00:00,USDCAD,60,86400,SELL,ZB,1,1.33944,1.33336,608.0,1.33606,1.32702,904.0,148.684,55.59,270.0,143.5,1.33606,1.33336,1.32432,BOUNCE,2020.08.12 18:00,1,2020.09.21 18:00,0,,0,,1,5w 5d,NewYork,NA,,NA,,1.34214,UNTOUCHED,,0,,0,,0,,0,NA,Other,NA,,NA,,1.33066,BREAK,2020.08.12 00:00,0,,0,,0,,0,NA,Asia,BREAK,2020.08.12 16:00,BREAK,2020.08.12 18:00,1.33876,UNTOUCHED,,0,,0,,0,,0,NA,Other,NA,,NA,,B-ZB-UN,S-ZD-BR,S-ZO-BR,B-ZG-UN,S-ZE-BR,S-ZB-BO,B-ZC-UN,S-ZO-BR,S-ZB-BR,S-ZO-BR,S-ZF-BO,S-ZB-BO,B-ZG-BR,S-ZB-BO,S-ZO-BR,B-ZE-BR,S-ZO-BR,B-ZE-BR,S-ZD-BO,S-ZB-BR
443,2020.08.13 00:00,USDCAD,60,86400,SELL,ZF,0,1.33606,1.32702,904.0,1.33470,1.32289,1181.0,130.642,15.04,768.0,213.3,1.33470,1.32702,1.31521,BOUNCE,2020.08.18 16:00,1,2020.09.21 18:00,0,,0,,1,4w 6d,NewYork,NA,,NA,,1.34374,UNTOUCHED,,0,,0,,0,,0,NA,Other,NA,,NA,,1.31934,BOUNCE,2020.08.13 18:00,0,,0,,0,,0,NA,NewYork,NA,,NA,,1.34238,UNTOUCHED,,0,,0,,0,,0,NA,Other,NA,,NA,,S-ZB-BO,B-ZB-UN,S-ZD-BR,S-ZO-BR,B-ZG-UN,S-ZE-BR,S-ZB-BO,B-ZC-UN,S-ZO-BR,S-ZB-BR,S-ZB-BO,B-ZG-BR,S-ZB-BO,S-ZO-BR,B-ZE-BR,S-ZO-BR,B-ZE-BR,S-ZD-BO,S-ZB-BR,S-ZC-BR
444,2020.08.14 00:00,USDCAD,60,86400,SELL,ZB,1,1.33470,1.32289,1181.0,1.32592,1.31916,676.0,57.240,74.34,303.0,278.7,1.32592,1.32289,1.31613,BOUNCE,2020.08.18 12:00,1,2020.08.20 00:00,1,2020.09.21 18:00,1,2020.09.23 22:00,3,5w 1d,London,NA,,NA,,1.33773,BREAK,2020.09.23 22:00,0,,0,,0,,0,NA,Other,BOUNCE,2020.09.24 19:00,NA,,1.31986,BOUNCE,2020.08.17 18:00,1,2020.09.21 18:00,1,2020.09.23 22:00,0,,2,5w 2d,NewYork,NA,,NA,,1.32895,BREAK,2020.09.21 18:00,0,,0,,0,,0,NA,NewYork,BOUNCE,2020.09.22 14:00,NA,,S-ZF-BO,S-ZB-BO,B-ZB-UN,S-ZD-BR,S-ZO-BR,B-ZG-UN,S-ZE-BR,S-ZB-BO,B-ZC-UN,S-ZO-BR,B-ZG-BR,S-ZB-BO,S-ZO-BR,B-ZE-BR,S-ZO-BR,B-ZE-BR,S-ZD-BO,S-ZB-BR,S-ZC-BR,S-ZO-UN
445,2020.08.15 00:00,USDCAD,60,86400,BUY,ZG,0,1.32592,1.31916,676.0,1.32713,1.32060,653.0,96.598,21.30,532.0,159.5,1.32592,1.32060,1.33245,BREAK,2020.09.22 10:00,0,,0,,0,,0,NA,London,BREAK,2020.09.24 03:00,UNTOUCHED,,1.31384,BOUNCE,2020.08.19 13:00,1,2020.09.09 02:00,1,2020.09.21 19:00,1,2020.09.22 10:00,3,4w 5d,NewYork,NA,,NA,,1.33124,BREAK,2020.09.21 19:00,0,,0,,0,,0,NA,NewYork,BREAK,2020.09.23 23:00,BOUNCE,2020.09.30 17:00,1.31528,BREAK,2020.08.18 16:00,0,,0,,0,,0,NA,NewYork,BREAK,2020.08.28 10:00,BREAK,2020.08.31 18:00,S-ZB-BO,S-ZF-BO,S-ZB-BO,B-ZB-UN,S-ZD-BR,S-ZO-BR,B-ZG-UN,S-ZE-BR,S-ZB-BO,B-ZC-UN,S-ZB-BO,S-ZO-BR,B-ZE-BR,S-ZO-BR,B-ZE-BR,S-ZD-BO,S-ZB-BR,S-ZC-BR,S-ZO-UN,B-ZE-BR
446,2020.08.19 00:00,USDCAD,60,86400,SELL,ZB,1,1.32666,1.31918,748.0,1.32313,1.31512,801.0,107.086,47.19,395.0,176.5,1.32313,1.31918,1.31117,BOUNCE,2020.08.27 17:00,1,2020.09.08 17:00,1,2020.09.21 17:00,1,2020.09.21 18:00,3,3w 4d,NewYork,NA,,NA,,1.33061,BREAK,2020.09.21 18:00,0,,0,,0,,0,NA,NewYork,BOUNCE,2020.09.22 13:00,NA,,1.31523,BREAK,2020.08.19 05:00,0,,0,,0,,0,NA,Asia,BOUNCE,2020.08.27 18:00,NA,,1.32708,BREAK,2020.09.21 17:00,0,,0,,0,,0,NA,NewYork,BREAK,2020.09.22 10:00,BREAK,2020.09.23 18:00,B-ZG-BR,S-ZB-BO,S-ZF-BO,S-ZB-BO,B-ZB-UN,S-ZD-BR,S-ZO-BR,B-ZG-UN,S-ZE-BR,S-ZB-BO,S-ZO-BR,B-ZE-BR,S-ZO-BR,B-ZE-BR,S-ZD-BO,S-ZB-BR,S-ZC-BR,S-ZO-UN,B-ZE-BR,B-ZD-BO
447,2020.08.20 00:00,USDCAD,60,86400,SELL,ZO,0,1.32313,1.31512,801.0,1.32170,1.31330,840.0,104.869,17.85,658.0,189.0,1.32170,1.31512,1.30672,BREAK,2020.08.28 13:00,0,,0,,0,,0,NA,NewYork,BOUNCE,2020.09.01 18:00,NA,,1.32971,BREAK,2020.09.21 18:00,0,,0,,0,,0,NA,NewYork,BREAK,2020.09.23 23:00,UNTOUCHED,,1.30854,BREAK,2020.08.28 10:00,0,,0,,0,,0,NA,London,BREAK,2020.09.01 11:00,UNTOUCHED,,1.32828,BREAK,2020.09.21 18:00,0,,0,,0,,0,NA,NewYork,BREAK,2020.09.23 18:00,BOUNCE,2020.09.24 21:00,S-ZB-BO,B-ZG-BR,S-ZB-BO,S-ZF-BO,S-ZB-BO,B-ZB-UN,S-ZD-BR,S-ZO-BR,B-ZG-UN,S-ZE-BR,B-ZE-BR,S-ZO-BR,B-ZE-BR,S-ZD-BO,S-ZB-BR,S-ZC-BR,S-ZO-UN,B-ZE-BR,B-ZD-BO,B-ZE-BR
448,2020.08.21 00:00,USDCAD,60,86400,BUY,ZE,1,1.32170,1.31330,840.0,1.32440,1.31681,759.0,90.357,41.79,489.0,198.2,1.32170,1.31681,1.32929,BREAK,2020.09.21 18:00,0,,0,,0,,0,NA,NewYork,BOUNCE,2020.09.22 14:00,NA,,1.30841,BREAK,2020.08.28 10:00,0,,0,,0,,0,NA,London,BREAK,2020.09.01 06:00,UNTOUCHED,,1.32659,BREAK,2020.09.21 17:00,0,,0,,0,,0,NA,NewYork,BREAK,2020.09.22 11:00,BREAK,2020.09.23 23:00,1.31192,BREAK,2020.08.27 17:00,0,,0,,0,,0,NA,NewYork,BREAK,2020.08.28 16:00,BREAK,2020.09.01 09:00,S-ZO-BR,S-ZB-BO,B-ZG-BR,S-ZB-BO,S-ZF-BO,S-ZB-BO,B-ZB-UN,S-ZD-BR,S-ZO-BR,B-ZG-UN,S-ZO-BR,B-ZE-BR,S-ZD-BO,S-ZB-BR,S-ZC-BR,S-ZO-UN,B-ZE-BR,B-ZD-BO,B-ZE-BR,S-ZE-UN
449,2020.08.22 00:00,USDCAD,60,86400,SELL,ZO,0,1.32440,1.31681,759.0,1.32338,1.31586,752.0,99.078,13.44,657.0,179.1,1.32338,1.31681,1.30929,BREAK,2020.08.28 08:00,0,,0,,0,,0,NA,London,BREAK,2020.09.01 06:00,UNTOUCHED,,1.33097,BREAK,2020.09.21 19:00,0,,0,,0,,0,NA,NewYork,BREAK,2020.09.24 03:00,UNTOUCHED,,1.31024,BREAK,2020.08.27 19:00,0,,0,,0,,0,NA,NewYork,BREAK,2020.09.01 06:00,UNTOUCHED,,1.32995,BREAK,2020.09.21 18:00,0,,0,,0,,0,NA,NewYork,BREAK,2020.09.23 23:00,UNTOUCHED,,B-ZE-BR,S-ZO-BR,S-ZB-BO,B-ZG-BR,S-ZB-BO,S-ZF-BO,S-ZB-BO,B-ZB-UN,S-ZD-BR,S-ZO-BR,B-ZE-BR,S-ZD-BO,S-ZB-BR,S-ZC-BR,S-ZO-UN,B-ZE-BR,B-ZD-BO,B-ZE-BR,S-ZE-UN,B-ZC-BR
450,2020.08.26 00:00,USDCAD,60,86400,BUY,ZE,1,1.32384,1.31341,1043.0,1.32392,1.31766,626.0,60.019,40.75,618.0,246.1,1.32384,1.31766,1.33010,BREAK,2020.09.21 18:00,0,,0,,0,,0,NA,NewYork,BREAK,2020.09.24 03:00,UNTOUCHED,,1.30723,BREAK,2020.08.28 12:00,0,,0,,0,,0,NA,London,BOUNCE,2020.09.01 18:00,NA,,1.33002,BREAK,2020.09.21 18:00,0,,0,,0,,0,NA,NewYork,BREAK,2020.09.24 03:00,UNTOUCHED,,1.31148,BREAK,2020.08.27 17:00,0,,0,,0,,0,NA,NewYork,BOUNCE,2020.08.28 18:00,NA,,S-ZO-BR,B-ZE-BR,S-ZO-BR,S-ZB-BO,B-ZG-BR,S-ZB-BO,S-ZF-BO,S-ZB-BO,B-ZB-UN,S-ZD-BR,S-ZD-BO,S-ZB-BR,S-ZC-BR,S-ZO-UN,B-ZE-BR,B-ZD-BO,B-ZE-BR,S-ZE-UN,B-ZC-BR,S-ZG-UN
451,2020.08.27 00:00,USDCAD,60,86400,SELL,ZD,1,1.32392,1.31766,626.0,1.32046,1.31317,729.0,116.454,55.27,280.0,147.7,1.32046,1.31766,1.31037,BOUNCE,2020.08.27 19:00,1,2020.09.03 19:00,1,2020.09.08 23:00,1,2020.09.21 17:00,3,3w 3d,NewYork,NA,,NA,,1.32672,BREAK,2020.09.21 17:00,0,,0,,0,,0,NA,NewYork,BREAK,2020.09.21 19:00,BREAK,2020.09.22 11:00,1.31486,BREAK,2020.08.27 00:00,0,,0,,0,,0,NA,Asia,BREAK,2020.08.27 17:00,BREAK,2020.08.28 12:00,1.32326,BREAK,2020.09.08 23:00,0,,0,,0,,0,NA,Other,BREAK,2020.09.21 17:00,BREAK,2020.09.21 18:00,B-ZE-BR,S-ZO-BR,B-ZE-BR,S-ZO-BR,S-ZB-BO,B-ZG-BR,S-ZB-BO,S-ZF-BO,S-ZB-BO,B-ZB-UN,S-ZB-BR,S-ZC-BR,S-ZO-UN,B-ZE-BR,B-ZD-BO,B-ZE-BR,S-ZE-UN,B-ZC-BR,S-ZG-UN,B-ZO-BR
452,2020.08.28 00:00,USDCAD,60,86400,SELL,ZB,1,1.32046,1.31317,729.0,1.31659,1.31012,647.0,88.752,53.09,342.0,172.0,1.31659,1.31317,1.30670,BREAK,2020.08.28 13:00,0,,0,,0,,0,NA,NewYork,BREAK,2020.09.01 06:00,BOUNCE,2020.09.01 17:00,1.32388,BREAK,2020.09.09 01:00,0,,0,,0,,0,NA,Asia,BREAK,2020.09.21 18:00,BREAK,2020.09.22 10:00,1.30975,BREAK,2020.08.28 08:00,0,,0,,0,,0,NA,London,BOUNCE,2020.08.28 18:00,NA,,1.32001,BREAK,2020.09.08 19:00,0,,0,,0,,0,NA,NewYork,BREAK,2020.09.09 02:00,BREAK,2020.09.21 18:00,S-ZD-BO,B-ZE-BR,S-ZO-BR,B-ZE-BR,S-ZO-BR,S-ZB-BO,B-ZG-BR,S-ZB-BO,S-ZF-BO,S-ZB-BO,S-ZC-BR,S-ZO-UN,B-ZE-BR,B-ZD-BO,B-ZE-BR,S-ZE-UN,B-ZC-BR,S-ZG-UN,B-ZO-BR,S-ZE-BO
453,2020.08.29 00:00,USDCAD,60,86400,SELL,ZC,1,1.31659,1.31012,647.0,1.31323,1.30469,854.0,131.994,51.93,311.0,152.7,1.31323,1.31012,1.30158,BREAK,2020.09.01 06:00,0,,0,,0,,0,NA,Asia,UNTOUCHED,,NA,,1.31970,BOUNCE,2020.09.08 17:00,1,2020.09.10 10:00,0,,0,,1,1d 17h,NewYork,NA,,NA,,1.30701,BREAK,2020.08.31 12:00,0,,0,,0,,0,NA,London,BREAK,2020.08.31 18:00,BOUNCE,2020.09.01 17:00,1.31634,BREAK,2020.09.08 15:00,0,,0,,0,,0,NA,NewYork,BREAK,2020.09.08 22:00,BREAK,2020.09.09 02:00,S-ZB-BR,S-ZD-BO,B-ZE-BR,S-ZO-BR,B-ZE-BR,S-ZO-BR,S-ZB-BO,B-ZG-BR,S-ZB-BO,S-ZF-BO,S-ZO-UN,B-ZE-BR,B-ZD-BO,B-ZE-BR,S-ZE-UN,B-ZC-BR,S-ZG-UN,B-ZO-BR,S-ZE-BO,B-ZE-BR
454,2020.09.02 00:00,USDCAD,60,86400,SELL,ZO,0,1.31040,1.30199,841.0,1.30863,1.29939,924.0,109.869,21.05,664.0,198.5,1.30863,1.30199,1.29275,UNTOUCHED,,0,,0,,0,,0,NA,Other,NA,,NA,,1.31704,BREAK,2020.09.08 15:00,0,,0,,0,,0,NA,NewYork,BREAK,2020.09.09 10:00,BREAK,2020.09.22 05:00,1.29535,UNTOUCHED,,0,,0,,0,,0,NA,Other,NA,,NA,,1.31527,BOUNCE,2020.09.03 19:00,0,,0,,0,,0,NA,NewYork,NA,,NA,,S-ZC-BR,S-ZB-BR,S-ZD-BO,B-ZE-BR,S-ZO-BR,B-ZE-BR,S-ZO-BR,S-ZB-BO,B-ZG-BR,S-ZB-BO,B-ZE-BR,B-ZD-BO,B-ZE-BR,S-ZE-UN,B-ZC-BR,S-ZG-UN,B-ZO-BR,S-ZE-BO,B-ZE-BR,B-ZF-UN
455,2020.09.03 00:00,USDCAD,60,86400,BUY,ZE,1,1.30863,1.29939,924.0,1.30952,1.30463,489.0,52.922,56.71,400.0,218.1,1.30863,1.30463,1.31352,BREAK,2020.09.03 19:00,0,,0,,0,,0,NA,NewYork,BREAK,2020.09.08 17:00,BREAK,2020.09.09 00:00,1.29539,UNTOUCHED,,0,,0,,0,,0,NA,Other,NA,,NA,,1.31263,BREAK,2020.09.03 18:00,0,,0,,0,,0,NA,NewYork,BREAK,2020.09.08 17:00,BREAK,2020.09.08 23:00,1.30063,UNTOUCHED,,0,,0,,0,,0,NA,Other,NA,,NA,,S-ZO-UN,S-ZC-BR,S-ZB-BR,S-ZD-BO,B-ZE-BR,S-ZO-BR,B-ZE-BR,S-ZO-BR,S-ZB-BO,B-ZG-BR,B-ZD-BO,B-ZE-BR,S-ZE-UN,B-ZC-BR,S-ZG-UN,B-ZO-BR,S-ZE-BO,B-ZE-BR,B-ZF-UN,B-ZO-UN
456,2020.09.09 00:00,USDCAD,60,86400,BUY,ZD,1,1.31155,1.30492,663.0,1.32345,1.30860,1485.0,223.982,55.51,295.0,156.5,1.31155,1.30860,1.32640,BOUNCE,2020.09.21 16:00,1,2020.10.08 20:00,0,,0,,1,2w 3d,NewYork,NA,,NA,,1.30197,UNTOUCHED,,0,,0,,0,,0,NA,Other,NA,,NA,,1.31450,BREAK,2020.09.09 00:00,0,,0,,0,,0,NA,Asia,BREAK,2020.09.09 01:00,BREAK,2020.09.09 02:00,1.30565,UNTOUCHED,,0,,0,,0,,0,NA,Other,NA,,NA,,B-ZE-BR,S-ZO-UN,S-ZC-BR,S-ZB-BR,S-ZD-BO,B-ZE-BR,S-ZO-BR,B-ZE-BR,S-ZO-BR,S-ZB-BO,B-ZE-BR,S-ZE-UN,B-ZC-BR,S-ZG-UN,B-ZO-BR,S-ZE-BO,B-ZE-BR,B-ZF-UN,B-ZO-UN,B-ZG-BO
457,2020.09.10 00:00,USDCAD,60,86400,BUY,ZE,1,1.32345,1.30860,1485.0,1.32588,1.31485,1103.0,74.276,42.09,860.0,350.5,1.32345,1.31485,1.33448,BREAK,2020.09.22 11:00,0,,0,,0,,0,NA,London,UNTOUCHED,,NA,,1.30000,UNTOUCHED,,0,,0,,0,,0,NA,Other,NA,,NA,,1.33205,BREAK,2020.09.22 05:00,0,,0,,0,,0,NA,Asia,BOUNCE,2020.09.30 19:00,NA,,1.30625,UNTOUCHED,,0,,0,,0,,0,NA,Other,NA,,NA,,B-ZD-BO,B-ZE-BR,S-ZO-UN,S-ZC-BR,S-ZB-BR,S-ZD-BO,B-ZE-BR,S-ZO-BR,B-ZE-BR,S-ZO-BR,S-ZE-UN,B-ZC-BR,S-ZG-UN,B-ZO-BR,S-ZE-BO,B-ZE-BR,B-ZF-UN,B-ZO-UN,B-ZG-BO,S-ZD-BO
458,2020.09.11 00:00,USDCAD,60,86400,SELL,ZE,1,1.32588,1.31485,1103.0,1.32019,1.31185,834.0,75.612,51.59,534.0,260.3,1.32019,1.31485,1.30651,UNTOUCHED,,0,,0,,0,,0,NA,Other,NA,,NA,,1.33122,BREAK,2020.09.21 19:00,0,,0,,0,,0,NA,NewYork,BREAK,2020.09.24 03:00,BOUNCE,2020.09.30 17:00,1.30951,BOUNCE,2020.10.21 07:00,0,,0,,0,,0,NA,London,NA,,NA,,1.32553,BREAK,2020.09.21 16:00,0,,0,,0,,0,NA,NewYork,BREAK,2020.09.22 11:00,BREAK,2020.09.24 03:00,B-ZE-BR,B-ZD-BO,B-ZE-BR,S-ZO-UN,S-ZC-BR,S-ZB-BR,S-ZD-BO,B-ZE-BR,S-ZO-BR,B-ZE-BR,B-ZC-BR,S-ZG-UN,B-ZO-BR,S-ZE-BO,B-ZE-BR,B-ZF-UN,B-ZO-UN,B-ZG-BO,S-ZD-BO,B-ZO-UN
459,2020.09.12 00:00,USDCAD,60,86400,BUY,ZC,1,1.32019,1.31185,834.0,1.32073,1.31506,567.0,67.986,38.49,513.0,196.8,1.32019,1.31506,1.32586,BREAK,2020.09.21 16:00,0,,0,,0,,0,NA,NewYork,BREAK,2020.09.22 10:00,BREAK,2020.09.23 23:00,1.30672,UNTOUCHED,,0,,0,,0,,0,NA,Other,NA,,NA,,1.32532,BREAK,2020.09.21 16:00,0,,0,,0,,0,NA,NewYork,BREAK,2020.09.22 10:00,BREAK,2020.09.23 22:00,1.30993,BOUNCE,2020.10.13 16:00,1,2020.10.15 18:00,1,2020.10.15 18:00,0,,2,2d 2h,NewYork,NA,,NA,,S-ZE-UN,B-ZE-BR,B-ZD-BO,B-ZE-BR,S-ZO-UN,S-ZC-BR,S-ZB-BR,S-ZD-BO,B-ZE-BR,S-ZO-BR,S-ZG-UN,B-ZO-BR,S-ZE-BO,B-ZE-BR,B-ZF-UN,B-ZO-UN,B-ZG-BO,S-ZD-BO,B-ZO-UN,B-ZO-BR
460,2020.09.17 00:00,USDCAD,60,86400,SELL,ZG,0,1.32020,1.31344,676.0,1.32001,1.31273,728.0,107.692,2.81,657.0,159.5,1.32001,1.31344,1.30616,UNTOUCHED,,0,,0,,0,,0,NA,Other,NA,,NA,,1.32677,BREAK,2020.09.21 17:00,0,,0,,0,,0,NA,NewYork,BREAK,2020.09.23 16:00,BREAK,2020.09.24 16:00,1.30687,UNTOUCHED,,0,,0,,0,,0,NA,Other,NA,,NA,,1.32658,BREAK,2020.09.21 17:00,0,,0,,0,,0,NA,NewYork,BREAK,2020.09.23 16:00,BREAK,2020.09.24 10:00,B-ZC-BR,S-ZE-UN,B-ZE-BR,B-ZD-BO,B-ZE-BR,S-ZO-UN,S-ZC-BR,S-ZB-BR,S-ZD-BO,B-ZE-BR,B-ZO-BR,S-ZE-BO,B-ZE-BR,B-ZF-UN,B-ZO-UN,B-ZG-BO,S-ZD-BO,B-ZO-UN,B-ZO-BR,B-ZB-BR
461,2020.09.18 00:00,USDCAD,60,86400,BUY,ZO,1,1.32001,1.31273,728.0,1.32466,1.31540,926.0,127.198,36.68,461.0,171.8,1.32001,1.31540,1.32927,BREAK,2020.09.21 18:00,0,,0,,0,,0,NA,NewYork,BOUNCE,2020.09.22 14:00,NA,,1.30812,BOUNCE,2020.10.21 10:00,1,2020.10.22 06:00,1,2020.10.28 14:00,1,2020.10.28 16:00,3,1w 0d,London,NA,,NA,,1.32462,BREAK,2020.09.21 16:00,0,,0,,0,,0,NA,NewYork,BREAK,2020.09.21 19:00,BOUNCE,2020.09.22 14:00,1.31079,BOUNCE,2020.10.12 18:00,1,2020.10.15 18:00,1,2020.10.15 18:00,0,,2,3d 0h,NewYork,NA,,NA,,S-ZG-UN,B-ZC-BR,S-ZE-UN,B-ZE-BR,B-ZD-BO,B-ZE-BR,S-ZO-UN,S-ZC-BR,S-ZB-BR,S-ZD-BO,S-ZE-BO,B-ZE-BR,B-ZF-UN,B-ZO-UN,B-ZG-BO,S-ZD-BO,B-ZO-UN,B-ZO-BR,B-ZB-BR,S-ZE-BO
462,2020.09.19 00:00,USDCAD,60,86400,SELL,ZE,1,1.32466,1.31540,926.0,1.32085,1.31369,716.0,77.322,41.14,545.0,218.5,1.32085,1.31540,1.30824,BOUNCE,2020.10.21 10:00,1,2020.10.26 15:00,1,2020.10.28 16:00,1,2020.10.28 18:00,3,1w 0d,London,NA,,NA,,1.33011,BREAK,2020.09.21 18:00,0,,0,,0,,0,NA,NewYork,BREAK,2020.09.23 22:00,BOUNCE,2020.09.24 20:00,1.30995,BOUNCE,2020.10.13 16:00,1,2020.10.28 16:00,1,2020.10.28 18:00,0,,2,2w 1d,NewYork,NA,,NA,,1.32630,BREAK,2020.09.21 16:00,0,,0,,0,,0,NA,NewYork,BREAK,2020.09.22 11:00,BREAK,2020.09.24 03:00,B-ZO-BR,S-ZG-UN,B-ZC-BR,S-ZE-UN,B-ZE-BR,B-ZD-BO,B-ZE-BR,S-ZO-UN,S-ZC-BR,S-ZB-BR,B-ZE-BR,B-ZF-UN,B-ZO-UN,B-ZG-BO,S-ZD-BO,B-ZO-UN,B-ZO-BR,B-ZB-BR,S-ZE-BO,B-ZE-BR
463,2020.09.23 00:00,USDCAD,60,86400,BUY,ZE,1,1.33204,1.31709,1495.0,1.33457,1.32836,621.0,41.538,75.38,368.0,352.8,1.33204,1.32836,1.33825,BREAK,2020.09.23 23:00,0,,0,,0,,0,NA,Other,BOUNCE,2020.09.30 14:00,NA,,1.31341,BOUNCE,2020.10.09 16:00,1,2020.10.15 16:00,1,2020.10.29 15:00,1,2020.10.29 17:00,3,2w 6d,NewYork,NA,,NA,,1.33572,BREAK,2020.09.23 18:00,0,,0,,0,,0,NA,NewYork,BOUNCE,2020.09.24 20:00,NA,,1.32468,BOUNCE,2020.10.06 07:00,1,2020.10.29 15:00,1,2020.10.29 15:00,0,,2,3w 2d,London,NA,,NA,,S-ZE-BO,B-ZO-BR,S-ZG-UN,B-ZC-BR,S-ZE-UN,B-ZE-BR,B-ZD-BO,B-ZE-BR,S-ZO-UN,S-ZC-BR,B-ZF-UN,B-ZO-UN,B-ZG-BO,S-ZD-BO,B-ZO-UN,B-ZO-BR,B-ZB-BR,S-ZE-BO,B-ZE-BR,S-ZO-BR
464,2020.09.24 00:00,USDCAD,60,86400,BUY,ZF,1,1.33457,1.32836,621.0,1.33840,1.32936,904.0,145.572,16.10,521.0,146.6,1.33457,1.32936,1.34361,UNTOUCHED,,0,,0,,0,,0,NA,Other,NA,,NA,,1.32315,BREAK,2020.10.08 14:00,0,,0,,0,,0,NA,NewYork,BREAK,2020.10.09 12:00,BREAK,2020.10.10 00:00,1.33978,BREAK,2020.09.24 07:00,0,,0,,0,,0,NA,London,UNTOUCHED,,NA,,1.32415,BOUNCE,2020.10.06 07:00,0,,0,,0,,0,NA,London,NA,,NA,,B-ZE-BR,S-ZE-BO,B-ZO-BR,S-ZG-UN,B-ZC-BR,S-ZE-UN,B-ZE-BR,B-ZD-BO,B-ZE-BR,S-ZO-UN,B-ZO-UN,B-ZG-BO,S-ZD-BO,B-ZO-UN,B-ZO-BR,B-ZB-BR,S-ZE-BO,B-ZE-BR,S-ZO-BR,B-ZF-BO
465,2020.09.25 00:00,USDCAD,60,86400,BUY,ZO,0,1.33840,1.32936,904.0,1.34178,1.33251,927.0,102.544,34.85,589.0,213.3,1.33840,1.33251,1.34767,UNTOUCHED,,0,,0,,0,,0,NA,Other,NA,,NA,,1.32347,BREAK,2020.10.08 13:00,0,,0,,0,,0,NA,NewYork,BREAK,2020.10.09 16:00,BOUNCE,2020.10.15 12:00,1.34429,UNTOUCHED,,0,,0,,0,,0,NA,Other,NA,,NA,,1.32662,BREAK,2020.10.05 12:00,0,,0,,0,,0,NA,London,BREAK,2020.10.09 05:00,BREAK,2020.10.09 19:00,B-ZF-UN,B-ZE-BR,S-ZE-BO,B-ZO-BR,S-ZG-UN,B-ZC-BR,S-ZE-UN,B-ZE-BR,B-ZD-BO,B-ZE-BR,B-ZG-BO,S-ZD-BO,B-ZO-UN,B-ZO-BR,B-ZB-BR,S-ZE-BO,B-ZE-BR,S-ZO-BR,B-ZF-BO,B-ZC-UN
466,2020.10.03 00:00,USDCAD,60,86400,BUY,ZG,0,1.33242,1.32674,568.0,1.33308,1.32730,578.0,101.761,9.86,512.0,134.0,1.33242,1.32730,1.33820,BOUNCE,2020.10.29 17:00,1,2020.11.02 17:00,1,2020.11.03 01:00,1,2020.11.03 01:00,3,4d 8h,NewYork,NA,,NA,,1.32162,BREAK,2020.10.08 20:00,0,,0,,0,,0,NA,NewYork,BREAK,2020.10.09 16:00,BREAK,2020.10.13 13:00,1.33754,BREAK,2020.10.29 17:00,0,,0,,0,,0,NA,NewYork,UNTOUCHED,,NA,,1.32218,BREAK,2020.10.08 18:00,0,,0,,0,,0,NA,NewYork,BREAK,2020.10.09 16:00,BREAK,2020.10.12 18:00,B-ZO-UN,B-ZF-UN,B-ZE-BR,S-ZE-BO,B-ZO-BR,S-ZG-UN,B-ZC-BR,S-ZE-UN,B-ZE-BR,B-ZD-BO,S-ZD-BO,B-ZO-UN,B-ZO-BR,B-ZB-BR,S-ZE-BO,B-ZE-BR,S-ZO-BR,B-ZF-BO,B-ZC-UN,S-ZB-BO
467,2020.10.06 00:00,USDCAD,60,86400,SELL,ZD,1,1.33101,1.32983,118.0,1.33031,1.32571,460.0,389.831,59.32,48.0,27.8,1.33031,1.32983,1.32523,BOUNCE,2020.10.06 04:00,1,2020.10.06 10:00,1,2020.10.06 22:00,1,2020.10.06 23:00,3,19h,Asia,NA,,NA,,1.33149,BOUNCE,2020.10.06 23:00,1,2020.10.07 00:00,1,2020.10.07 11:00,1,2020.10.08 01:00,3,1d 2h,Other,NA,,NA,,1.32935,BREAK,2020.10.06 00:00,0,,0,,0,,0,NA,Asia,BREAK,2020.10.06 01:00,BREAK,2020.10.06 02:00,1.33079,BREAK,2020.10.06 22:00,0,,0,,0,,0,NA,Other,BREAK,2020.10.06 23:00,BREAK,2020.10.07 02:00,B-ZG-BO,B-ZO-UN,B-ZF-UN,B-ZE-BR,S-ZE-BO,B-ZO-BR,S-ZG-UN,B-ZC-BR,S-ZE-UN,B-ZE-BR,B-ZO-UN,B-ZO-BR,B-ZB-BR,S-ZE-BO,B-ZE-BR,S-ZO-BR,B-ZF-BO,B-ZC-UN,S-ZB-BO,S-ZD-BO
468,2020.10.08 00:00,USDCAD,60,86400,BUY,ZO,0,1.33165,1.32415,750.0,1.33405,1.32605,800.0,106.667,25.33,560.0,177.0,1.33165,1.32605,1.33965,UNTOUCHED,,0,,0,,0,,0,NA,Other,NA,,NA,,1.31855,BREAK,2020.10.09 05:00,0,,0,,0,,0,NA,Asia,BREAK,2020.10.10 00:00,BREAK,2020.11.05 16:00,1.33725,BOUNCE,2020.10.29 16:00,1,2020.11.03 12:00,1,2020.11.03 12:00,0,,2,4d 20h,NewYork,NA,,NA,,1.32045,BREAK,2020.10.08 20:00,0,,0,,0,,0,NA,NewYork,BREAK,2020.10.09 19:00,BOUNCE,2020.10.22 00:00,S-ZD-BO,B-ZG-BO,B-ZO-UN,B-ZF-UN,B-ZE-BR,S-ZE-BO,B-ZO-BR,S-ZG-UN,B-ZC-BR,S-ZE-UN,B-ZO-BR,B-ZB-BR,S-ZE-BO,B-ZE-BR,S-ZO-BR,B-ZF-BO,B-ZC-UN,S-ZB-BO,S-ZD-BO,S-ZF-BO
469,2020.10.15 00:00,USDCAD,60,86400,BUY,ZO,0,1.31461,1.30991,470.0,1.31631,1.31162,469.0,99.787,36.38,299.0,110.9,1.31461,1.31162,1.31930,BREAK,2020.10.15 13:00,0,,0,,0,,0,NA,NewYork,BREAK,2020.10.15 17:00,BOUNCE,2020.10.15 21:00,1.30692,BREAK,2020.11.05 16:00,0,,0,,0,,0,NA,NewYork,BOUNCE,2020.11.05 21:00,NA,,1.31760,BREAK,2020.10.15 12:00,0,,0,,0,,0,NA,London,BREAK,2020.10.15 16:00,BREAK,2020.10.15 18:00,1.30863,BOUNCE,2020.10.21 10:00,1,2020.10.22 06:00,1,2020.10.22 06:00,0,,2,20h,London,NA,,NA,,B-ZO-UN,S-ZD-BO,B-ZG-BO,B-ZO-UN,B-ZF-UN,B-ZE-BR,S-ZE-BO,B-ZO-BR,S-ZG-UN,B-ZC-BR,B-ZB-BR,S-ZE-BO,B-ZE-BR,S-ZO-BR,B-ZF-BO,B-ZC-UN,S-ZB-BO,S-ZD-BO,S-ZF-BO,B-ZB-BR
470,2020.10.16 00:00,USDCAD,60,86400,BUY,ZB,1,1.31631,1.31162,469.0,1.32591,1.31388,1203.0,256.503,48.19,243.0,110.7,1.31631,1.31388,1.32834,BREAK,2020.10.28 16:00,0,,0,,0,,0,NA,NewYork,BREAK,2020.10.28 18:00,BREAK,2020.10.29 15:00,1.30919,BREAK,2020.10.21 07:00,0,,0,,0,,0,NA,London,BREAK,2020.11.05 16:00,BOUNCE,2020.11.05 18:00,1.31874,BREAK,2020.10.16 00:00,0,,0,,0,,0,NA,Asia,BREAK,2020.10.16 01:00,BOUNCE,2020.10.16 11:00,1.31145,BOUNCE,2020.10.20 19:00,1,2020.10.26 15:00,1,2020.10.26 15:00,0,,2,5d 20h,NewYork,NA,,NA,,B-ZO-BR,B-ZO-UN,S-ZD-BO,B-ZG-BO,B-ZO-UN,B-ZF-UN,B-ZE-BR,S-ZE-BO,B-ZO-BR,S-ZG-UN,S-ZE-BO,B-ZE-BR,S-ZO-BR,B-ZF-BO,B-ZC-UN,S-ZB-BO,S-ZD-BO,S-ZF-BO,B-ZB-BR,B-ZD-BO
471,2020.10.22 00:00,USDCAD,60,86400,SELL,ZE,1,1.32036,1.31040,996.0,1.31438,1.30807,631.0,63.353,60.04,398.0,235.1,1.31438,1.31040,1.30409,BOUNCE,2020.11.05 18:00,1,2020.11.12 18:00,0,,0,,1,1w 0d,NewYork,NA,,NA,,1.32434,BREAK,2020.10.28 13:00,0,,0,,0,,0,NA,NewYork,BREAK,2020.10.28 18:00,BOUNCE,2020.10.29 10:00,1.30642,BOUNCE,2020.11.05 16:00,0,,0,,0,,0,NA,NewYork,NA,,NA,,1.31836,BREAK,2020.10.26 12:00,0,,0,,0,,0,NA,London,BOUNCE,2020.10.27 06:00,NA,,B-ZB-BR,B-ZO-BR,B-ZO-UN,S-ZD-BO,B-ZG-BO,B-ZO-UN,B-ZF-UN,B-ZE-BR,S-ZE-BO,B-ZO-BR,B-ZE-BR,S-ZO-BR,B-ZF-BO,B-ZC-UN,S-ZB-BO,S-ZD-BO,S-ZF-BO,B-ZB-BR,B-ZD-BO,B-ZE-UN
472,2020.10.23 00:00,USDCAD,60,86400,BUY,ZE,1,1.31438,1.30807,631.0,1.31777,1.31234,543.0,86.054,67.67,204.0,148.9,1.31438,1.31234,1.31981,BREAK,2020.10.26 18:00,0,,0,,0,,0,NA,NewYork,BOUNCE,2020.10.26 22:00,NA,,1.30603,BOUNCE,2020.11.05 16:00,1,2020.11.12 10:00,1,2020.11.13 07:00,0,,2,1w 0d,NewYork,NA,,NA,,1.31642,BREAK,2020.10.26 09:00,0,,0,,0,,0,NA,London,BREAK,2020.10.26 18:00,BREAK,2020.10.26 20:00,1.31030,BOUNCE,2020.11.04 03:00,1,2020.11.04 04:00,1,2020.11.04 04:00,0,,2,1h,Asia,NA,,NA,,S-ZE-BO,B-ZB-BR,B-ZO-BR,B-ZO-UN,S-ZD-BO,B-ZG-BO,B-ZO-UN,B-ZF-UN,B-ZE-BR,S-ZE-BO,S-ZO-BR,B-ZF-BO,B-ZC-UN,S-ZB-BO,S-ZD-BO,S-ZF-BO,B-ZB-BR,B-ZD-BO,B-ZE-UN,S-ZO-BO
473,2020.10.24 00:00,USDCAD,60,86400,SELL,ZO,0,1.31777,1.31234,543.0,1.31600,1.31090,510.0,93.923,32.60,366.0,128.1,1.31600,1.31234,1.30724,BREAK,2020.11.05 16:00,0,,0,,0,,0,NA,NewYork,BOUNCE,2020.11.06 03:00,NA,,1.32143,BOUNCE,2020.10.26 19:00,1,2020.11.03 13:00,1,2020.11.05 16:00,1,2020.11.05 16:00,3,1w 2d,NewYork,NA,,NA,,1.30868,BREAK,2020.11.05 16:00,0,,0,,0,,0,NA,NewYork,BREAK,2020.11.05 19:00,BREAK,2020.11.09 15:00,1.31966,BREAK,2020.10.26 17:00,0,,0,,0,,0,NA,NewYork,BREAK,2020.10.28 14:00,BREAK,2020.10.28 16:00,B-ZE-BR,S-ZE-BO,B-ZB-BR,B-ZO-BR,B-ZO-UN,S-ZD-BO,B-ZG-BO,B-ZO-UN,B-ZF-UN,B-ZE-BR,B-ZF-BO,B-ZC-UN,S-ZB-BO,S-ZD-BO,S-ZF-BO,B-ZB-BR,B-ZD-BO,B-ZE-UN,S-ZO-BO,B-ZG-PE
474,2020.10.29 00:00,USDCAD,60,86400,BUY,ZF,1,1.32136,1.31419,717.0,1.33335,1.31674,1661.0,231.660,35.56,462.0,169.2,1.32136,1.31674,1.33797,BOUNCE,2020.10.29 17:00,1,2020.10.30 16:00,1,2020.11.03 19:00,1,2020.11.04 04:00,3,5d 11h,NewYork,NA,,NA,,1.30957,BOUNCE,2020.11.04 04:00,1,2020.11.04 05:00,1,2020.11.04 06:00,0,,2,2h,Asia,NA,,NA,,1.32598,BREAK,2020.10.29 00:00,0,,0,,0,,0,NA,Asia,BREAK,2020.10.29 01:00,BREAK,2020.10.29 16:00,1.31212,BREAK,2020.11.03 19:00,0,,0,,0,,0,NA,NewYork,BREAK,2020.11.05 16:00,BOUNCE,2020.11.06 03:00,S-ZO-BR,B-ZE-BR,S-ZE-BO,B-ZB-BR,B-ZO-BR,B-ZO-UN,S-ZD-BO,B-ZG-BO,B-ZO-UN,B-ZF-UN,B-ZC-UN,S-ZB-BO,S-ZD-BO,S-ZF-BO,B-ZB-BR,B-ZD-BO,B-ZE-UN,S-ZO-BO,B-ZG-PE,S-ZO-BR
475,2020.10.30 00:00,USDCAD,60,86400,BUY,ZC,1,1.33335,1.31674,1661.0,1.33896,1.32777,1119.0,67.369,66.41,558.0,392.0,1.33335,1.32777,1.34454,UNTOUCHED,,0,,0,,0,,0,NA,Other,NA,,NA,,1.31116,BOUNCE,2020.11.03 19:00,1,2020.11.04 06:00,0,,0,,1,11h,NewYork,NA,,NA,,1.33893,UNTOUCHED,,0,,0,,0,,0,NA,Other,NA,,NA,,1.32219,BREAK,2020.11.03 01:00,0,,0,,0,,0,NA,Asia,BREAK,2020.11.03 18:00,BOUNCE,2020.11.03 22:00,B-ZF-BO,S-ZO-BR,B-ZE-BR,S-ZE-BO,B-ZB-BR,B-ZO-BR,B-ZO-UN,S-ZD-BO,B-ZG-BO,B-ZO-UN,S-ZB-BO,S-ZD-BO,S-ZF-BO,B-ZB-BR,B-ZD-BO,B-ZE-UN,S-ZO-BO,B-ZG-PE,S-ZO-BR,B-ZE-BO
476,2020.11.06 00:00,USDCAD,60,86400,SELL,ZB,1,1.32990,1.30947,2043.0,1.31780,1.30284,1496.0,73.226,59.23,833.0,482.1,1.31780,1.30947,1.29451,BOUNCE,2020.11.09 17:00,1,2020.11.12 18:00,0,,0,,1,3d 1h,NewYork,NA,,NA,,1.33823,UNTOUCHED,,0,,0,,0,,0,NA,Other,NA,,NA,,1.30114,BREAK,2020.11.09 05:00,0,,0,,0,,0,NA,Asia,BREAK,2020.12.03 19:00,BREAK,2020.12.04 19:00,1.32613,UNTOUCHED,,0,,0,,0,,0,NA,Other,NA,,NA,,B-ZC-UN,B-ZF-BO,S-ZO-BR,B-ZE-BR,S-ZE-BO,B-ZB-BR,B-ZO-BR,B-ZO-UN,S-ZD-BO,B-ZG-BO,S-ZD-BO,S-ZF-BO,B-ZB-BR,B-ZD-BO,B-ZE-UN,S-ZO-BO,B-ZG-PE,S-ZO-BR,B-ZE-BO,S-ZH-BR
477,2020.11.07 00:00,USDCAD,60,86400,SELL,ZD,1,1.31780,1.30284,1496.0,1.30965,1.30191,774.0,51.738,54.48,681.0,353.1,1.30965,1.30284,1.29510,BOUNCE,2020.11.09 17:00,1,2020.11.12 10:00,1,2020.11.13 07:00,0,,2,3d 14h,NewYork,NA,,NA,,1.32461,UNTOUCHED,,0,,0,,0,,0,NA,Other,NA,,NA,,1.29603,BOUNCE,2020.11.09 16:00,1,2020.11.13 07:00,0,,0,,1,3d 15h,NewYork,NA,,NA,,1.31646,BOUNCE,2020.11.13 07:00,1,2020.11.30 14:00,1,2020.11.30 14:00,0,,2,2w 3d,London,NA,,NA,,S-ZB-BO,B-ZC-UN,B-ZF-BO,S-ZO-BR,B-ZE-BR,S-ZE-BO,B-ZB-BR,B-ZO-BR,B-ZO-UN,S-ZD-BO,S-ZF-BO,B-ZB-BR,B-ZD-BO,B-ZE-UN,S-ZO-BO,B-ZG-PE,S-ZO-BR,B-ZE-BO,S-ZH-BR,S-ZD-BR
478,2020.11.10 00:00,USDCAD,60,86400,SELL,ZF,1,1.30620,1.30274,346.0,1.30517,1.29281,1236.0,357.225,29.77,243.0,81.7,1.30517,1.30274,1.29038,BOUNCE,2020.12.03 16:00,1,2020.12.21 14:00,0,,0,,1,2w 3d,NewYork,NA,,NA,,1.30863,BREAK,2020.11.12 10:00,0,,0,,0,,0,NA,London,BREAK,2020.11.12 18:00,BOUNCE,2020.11.12 20:00,1.30031,BREAK,2020.11.10 00:00,0,,0,,0,,0,NA,Asia,BREAK,2020.11.30 14:00,BREAK,2020.11.30 17:00,1.30760,BOUNCE,2020.11.11 16:00,1,2020.11.25 00:00,1,2020.11.25 00:00,0,,2,1w 6d,NewYork,NA,,NA,,S-ZD-BO,S-ZB-BO,B-ZC-UN,B-ZF-BO,S-ZO-BR,B-ZE-BR,S-ZE-BO,B-ZB-BR,B-ZO-BR,B-ZO-UN,B-ZB-BR,B-ZD-BO,B-ZE-UN,S-ZO-BO,B-ZG-PE,S-ZO-BR,B-ZE-BO,S-ZH-BR,S-ZD-BR,B-ZO-PE
479,2020.11.12 00:00,USDCAD,60,86400,BUY,ZB,1,1.30507,1.29761,746.0,1.30767,1.30084,683.0,91.555,43.30,423.0,176.1,1.30507,1.30084,1.31190,BREAK,2020.11.12 18:00,0,,0,,0,,0,NA,NewYork,BOUNCE,2020.11.13 14:00,NA,,1.29338,BOUNCE,2020.11.30 18:00,0,,0,,0,,0,NA,NewYork,NA,,NA,,1.30930,BREAK,2020.11.12 10:00,0,,0,,0,,0,NA,London,BREAK,2020.11.13 05:00,UNTOUCHED,,1.29661,BREAK,2020.11.30 14:00,0,,0,,0,,0,NA,NewYork,BOUNCE,2020.11.30 20:00,NA,,S-ZF-BO,S-ZD-BO,S-ZB-BO,B-ZC-UN,B-ZF-BO,S-ZO-BR,B-ZE-BR,S-ZE-BO,B-ZB-BR,B-ZO-BR,B-ZD-BO,B-ZE-UN,S-ZO-BO,B-ZG-PE,S-ZO-BR,B-ZE-BO,S-ZH-BR,S-ZD-BR,B-ZO-PE,S-ZD-BR
480,2020.11.13 00:00,USDCAD,60,86400,BUY,ZD,1,1.30767,1.30084,683.0,1.31497,1.30550,947.0,138.653,68.23,217.0,161.2,1.30767,1.30550,1.31714,BOUNCE,2020.11.13 20:00,1,2020.11.16 03:00,1,2020.11.24 12:00,1,2020.11.25 21:00,3,1w 5d,NewYork,NA,,NA,,1.29867,BOUNCE,2020.11.25 21:00,0,,0,,0,,0,NA,Other,NA,,NA,,1.30984,BREAK,2020.11.13 00:00,0,,0,,0,,0,NA,Asia,BREAK,2020.11.13 01:00,BREAK,2020.11.13 06:00,1.30333,BREAK,2020.11.24 12:00,0,,0,,0,,0,NA,London,BREAK,2020.11.25 01:00,BOUNCE,2020.11.26 14:00,B-ZB-BR,S-ZF-BO,S-ZD-BO,S-ZB-BO,B-ZC-UN,B-ZF-BO,S-ZO-BR,B-ZE-BR,S-ZE-BO,B-ZB-BR,B-ZE-UN,S-ZO-BO,B-ZG-PE,S-ZO-BR,B-ZE-BO,S-ZH-BR,S-ZD-BR,B-ZO-PE,S-ZD-BR,S-ZD-BO
481,2020.11.14 00:00,USDCAD,60,86400,BUY,ZE,1,1.31497,1.30550,947.0,1.31723,1.31162,561.0,59.240,64.63,335.0,223.5,1.31497,1.31162,1.32058,UNTOUCHED,,0,,0,,0,,0,NA,Other,NA,,NA,,1.30215,BOUNCE,2020.11.24 12:00,1,2020.11.24 18:00,0,,0,,1,6h,London,NA,,NA,,1.31832,UNTOUCHED,,0,,0,,0,,0,NA,Other,NA,,NA,,1.30827,BOUNCE,2020.11.16 15:00,0,,0,,0,,0,NA,NewYork,NA,,NA,,B-ZD-BO,B-ZB-BR,S-ZF-BO,S-ZD-BO,S-ZB-BO,B-ZC-UN,B-ZF-BO,S-ZO-BR,B-ZE-BR,S-ZE-BO,S-ZO-BO,B-ZG-PE,S-ZO-BR,B-ZE-BO,S-ZH-BR,S-ZD-BR,B-ZO-PE,S-ZD-BR,S-ZD-BO,S-ZB-BR
482,2020.11.18 00:00,USDCAD,60,86400,SELL,ZO,0,1.31388,1.30653,735.0,1.31162,1.30633,529.0,71.973,30.75,509.0,173.5,1.31162,1.30653,1.30124,BOUNCE,2020.11.24 12:00,0,,0,,0,,0,NA,London,NA,,NA,,1.31897,UNTOUCHED,,0,,0,,0,,0,NA,Other,NA,,NA,,1.30144,BOUNCE,2020.11.24 12:00,0,,0,,0,,0,NA,London,NA,,NA,,1.31671,UNTOUCHED,,0,,0,,0,,0,NA,Other,NA,,NA,,B-ZE-UN,B-ZD-BO,B-ZB-BR,S-ZF-BO,S-ZD-BO,S-ZB-BO,B-ZC-UN,B-ZF-BO,S-ZO-BR,B-ZE-BR,B-ZG-PE,S-ZO-BR,B-ZE-BO,S-ZH-BR,S-ZD-BR,B-ZO-PE,S-ZD-BR,S-ZD-BO,S-ZB-BR,B-ZF-BO
483,2020.11.20 00:00,USDCAD,60,86400,BUY,ZG,0,1.31175,1.30340,835.0,1.31230,1.30473,757.0,90.659,15.93,702.0,197.1,1.31175,1.30473,1.31932,PENDING,,0,,0,,0,,0,NA,Other,NA,,NA,,1.29638,BREAK,2020.11.30 14:00,0,,0,,0,,0,NA,NewYork,BREAK,2020.12.03 19:00,BREAK,2020.12.04 19:00,1.31877,PENDING,,0,,0,,0,,0,NA,Other,NA,,NA,,1.29771,BREAK,2020.11.27 18:00,0,,0,,0,,0,NA,NewYork,BREAK,2020.12.03 19:00,BREAK,2020.12.04 18:00,S-ZO-BO,B-ZE-UN,B-ZD-BO,B-ZB-BR,S-ZF-BO,S-ZD-BO,S-ZB-BO,B-ZC-UN,B-ZF-BO,S-ZO-BR,S-ZO-BR,B-ZE-BO,S-ZH-BR,S-ZD-BR,B-ZO-PE,S-ZD-BR,S-ZD-BO,S-ZB-BR,B-ZF-BO,S-ZO-BO
484,2020.11.21 00:00,USDCAD,60,86400,SELL,ZO,0,1.31230,1.30473,757.0,1.30963,1.30390,573.0,75.694,35.27,490.0,178.7,1.30963,1.30473,1.29900,BREAK,2020.11.25 04:00,0,,0,,0,,0,NA,Asia,BREAK,2020.11.30 19:00,BREAK,2020.12.03 19:00,1.31720,PENDING,,0,,0,,0,,0,NA,Other,NA,,NA,,1.29983,BREAK,2020.11.25 01:00,0,,0,,0,,0,NA,Asia,BREAK,2020.11.30 18:00,BREAK,2020.12.03 19:00,1.31453,PENDING,,0,,0,,0,,0,NA,Other,NA,,NA,,B-ZG-PE,S-ZO-BO,B-ZE-UN,B-ZD-BO,B-ZB-BR,S-ZF-BO,S-ZD-BO,S-ZB-BO,B-ZC-UN,B-ZF-BO,B-ZE-BO,S-ZH-BR,S-ZD-BR,B-ZO-PE,S-ZD-BR,S-ZD-BO,S-ZB-BR,B-ZF-BO,S-ZO-BO,B-ZG-BR
485,2020.11.23 02:00,USDCAD,60,86400,BUY,ZE,1,1.30963,1.30390,573.0,1.30968,1.30815,153.0,26.702,74.17,148.0,135.2,1.30963,1.30815,1.31116,BOUNCE,2020.11.23 20:00,1,2020.11.23 23:00,1,2020.11.24 04:00,1,2020.11.24 12:00,3,16h,NewYork,NA,,NA,,1.30242,BOUNCE,2020.11.24 12:00,1,2020.11.24 15:00,0,,0,,1,3h,London,NA,,NA,,1.31111,BOUNCE,2020.11.23 20:00,1,2020.11.24 04:00,1,2020.11.24 12:00,0,,2,16h,NewYork,NA,,NA,,1.30667,BREAK,2020.11.23 11:00,0,,0,,0,,0,NA,London,BOUNCE,2020.11.23 17:00,NA,,S-ZO-BR,B-ZG-PE,S-ZO-BO,B-ZE-UN,B-ZD-BO,B-ZB-BR,S-ZF-BO,S-ZD-BO,S-ZB-BO,B-ZC-UN,S-ZH-BR,S-ZD-BR,B-ZO-PE,S-ZD-BR,S-ZD-BO,S-ZB-BR,B-ZF-BO,S-ZO-BO,B-ZG-BR,S-ZF-PE
486,2020.11.25 00:00,USDCAD,60,86400,SELL,ZH,1,1.31125,1.30450,675.0,1.30908,1.30049,859.0,127.259,32.15,458.0,159.3,1.30908,1.30450,1.29591,BREAK,2020.11.30 14:00,0,,0,,0,,0,NA,NewYork,BREAK,2020.12.03 18:00,BREAK,2020.12.04 10:00,1.31583,PENDING,,0,,0,,0,,0,NA,Other,NA,,NA,,1.29992,BREAK,2020.11.25 01:00,0,,0,,0,,0,NA,Asia,BREAK,2020.11.30 18:00,BREAK,2020.12.03 19:00,1.31366,PENDING,,0,,0,,0,,0,NA,Other,NA,,NA,,B-ZE-BO,S-ZO-BR,B-ZG-PE,S-ZO-BO,B-ZE-UN,B-ZD-BO,B-ZB-BR,S-ZF-BO,S-ZD-BO,S-ZB-BO,S-ZD-BR,B-ZO-PE,S-ZD-BR,S-ZD-BO,S-ZB-BR,B-ZF-BO,S-ZO-BO,B-ZG-BR,S-ZF-PE,S-ZF-PE
487,2020.11.26 00:00,USDCAD,60,86400,SELL,ZD,1,1.30908,1.30049,859.0,1.30290,1.29862,428.0,49.825,71.94,241.0,202.7,1.30290,1.30049,1.29621,BREAK,2020.11.30 14:00,0,,0,,0,,0,NA,NewYork,BOUNCE,2020.11.30 20:00,NA,,1.31149,PENDING,,0,,0,,0,,0,NA,Other,NA,,NA,,1.29808,BREAK,2020.11.27 17:00,0,,0,,0,,0,NA,NewYork,BREAK,2020.11.30 18:00,BOUNCE,2020.11.30 19:00,1.30531,PENDING,,0,,0,,0,,0,NA,Other,NA,,NA,,S-ZH-BR,B-ZE-BO,S-ZO-BR,B-ZG-PE,S-ZO-BO,B-ZE-UN,B-ZD-BO,B-ZB-BR,S-ZF-BO,S-ZD-BO,B-ZO-PE,S-ZD-BR,S-ZD-BO,S-ZB-BR,B-ZF-BO,S-ZO-BO,B-ZG-BR,S-ZF-PE,S-ZF-PE,B-ZB-BR
488,2020.12.02 00:00,USDCAD,60,86400,BUY,ZO,0,1.29975,1.29231,744.0,1.30095,1.29299,796.0,106.989,9.14,676.0,175.6,1.29975,1.29299,1.30771,PENDING,,0,,0,,0,,0,NA,Other,NA,,NA,,1.28555,BREAK,2020.12.03 23:00,0,,0,,0,,0,NA,Other,BREAK,2020.12.08 13:00,BOUNCE,2020.12.11 18:00,1.30651,PENDING,,0,,0,,0,,0,NA,Other,NA,,NA,,1.28623,BREAK,2020.12.03 22:00,0,,0,,0,,0,NA,Other,BREAK,2020.12.05 00:00,BREAK,2020.12.10 19:00,S-ZD-BR,S-ZH-BR,B-ZE-BO,S-ZO-BR,B-ZG-PE,S-ZO-BO,B-ZE-UN,B-ZD-BO,B-ZB-BR,S-ZF-BO,S-ZD-BR,S-ZD-BO,S-ZB-BR,B-ZF-BO,S-ZO-BO,B-ZG-BR,S-ZF-PE,S-ZF-PE,B-ZB-BR,S-ZC-BO
489,2020.12.03 00:00,USDCAD,60,86400,SELL,ZD,1,1.30095,1.29299,796.0,1.29586,1.29161,425.0,53.392,63.94,287.0,187.9,1.29586,1.29299,1.28874,BREAK,2020.12.03 19:00,0,,0,,0,,0,NA,NewYork,BREAK,2020.12.04 17:00,BREAK,2020.12.04 18:00,1.30382,PENDING,,0,,0,,0,,0,NA,Other,NA,,NA,,1.29012,BREAK,2020.12.03 18:00,0,,0,,0,,0,NA,NewYork,BREAK,2020.12.03 23:00,BREAK,2020.12.04 17:00,1.29873,PENDING,,0,,0,,0,,0,NA,Other,NA,,NA,,B-ZO-PE,S-ZD-BR,S-ZH-BR,B-ZE-BO,S-ZO-BR,B-ZG-PE,S-ZO-BO,B-ZE-UN,B-ZD-BO,B-ZB-BR,S-ZD-BO,S-ZB-BR,B-ZF-BO,S-ZO-BO,B-ZG-BR,S-ZF-PE,S-ZF-PE,B-ZB-BR,S-ZC-BO,B-ZG-PE
490,2020.12.04 00:00,USDCAD,60,86400,SELL,ZD,1,1.29586,1.29161,425.0,1.29412,1.28519,893.0,210.118,40.94,251.0,100.3,1.29412,1.29161,1.28268,BOUNCE,2020.12.04 17:00,1,2020.12.21 11:00,0,,0,,1,2w 2d,NewYork,NA,,NA,,1.29837,PENDING,,0,,0,,0,,0,NA,Other,NA,,NA,,1.28910,BREAK,2020.12.04 00:00,0,,0,,0,,0,NA,Asia,BREAK,2020.12.04 10:00,BREAK,2020.12.04 17:00,1.29663,PENDING,,0,,0,,0,,0,NA,Other,NA,,NA,,S-ZD-BR,B-ZO-PE,S-ZD-BR,S-ZH-BR,B-ZE-BO,S-ZO-BR,B-ZG-PE,S-ZO-BO,B-ZE-UN,B-ZD-BO,S-ZB-BR,B-ZF-BO,S-ZO-BO,B-ZG-BR,S-ZF-PE,S-ZF-PE,B-ZB-BR,S-ZC-BO,B-ZG-PE,
491,2020.12.05 00:00,USDCAD,60,86400,SELL,ZB,1,1.29412,1.28519,893.0,1.28812,1.27777,1035.0,115.901,67.19,293.0,210.7,1.28812,1.28519,1.27484,BREAK,2020.12.10 17:00,0,,0,,0,,0,NA,NewYork,BOUNCE,2020.12.10 23:00,NA,,1.29705,PENDING,,0,,0,,0,,0,NA,Other,NA,,NA,,1.28226,BREAK,2020.12.05 00:00,0,,0,,0,,0,NA,Asia,BOUNCE,2020.12.07 12:00,NA,,1.29105,BOUNCE,2020.12.21 13:00,1,2020.12.21 23:00,1,2020.12.21 23:00,0,,2,10h,NewYork,NA,,NA,,S-ZD-BO,S-ZD-BR,B-ZO-PE,S-ZD-BR,S-ZH-BR,B-ZE-BO,S-ZO-BR,B-ZG-PE,S-ZO-BO,B-ZE-UN,B-ZF-BO,S-ZO-BO,B-ZG-BR,S-ZF-PE,S-ZF-PE,B-ZB-BR,S-ZC-BO,B-ZG-PE,,
492,2020.12.08 00:00,USDCAD,60,86400,BUY,ZF,1,1.27935,1.27723,212.0,1.28333,1.27734,599.0,282.547,5.19,201.0,50.0,1.27935,1.27734,1.28534,BOUNCE,2020.12.21 06:00,1,2020.12.24 21:00,1,2020.12.30 20:00,1,2020.12.30 20:00,3,1w 2d,Asia,NA,,NA,,1.27522,BREAK,2020.12.10 17:00,0,,0,,0,,0,NA,NewYork,BREAK,2020.12.10 18:00,BREAK,2020.12.10 19:00,1.28136,BOUNCE,2020.12.08 20:00,1,2020.12.10 17:00,1,2020.12.10 17:00,0,,2,1d 21h,NewYork,NA,,NA,,1.27533,BREAK,2020.12.10 17:00,0,,0,,0,,0,NA,NewYork,BREAK,2020.12.10 18:00,BREAK,2020.12.10 19:00,S-ZB-BR,S-ZD-BO,S-ZD-BR,B-ZO-PE,S-ZD-BR,S-ZH-BR,B-ZE-BO,S-ZO-BR,B-ZG-PE,S-ZO-BO,S-ZO-BO,B-ZG-BR,S-ZF-PE,S-ZF-PE,B-ZB-BR,S-ZC-BO,B-ZG-PE,,,
493,2020.12.09 00:00,USDCAD,60,86400,SELL,ZO,0,1.28333,1.27734,599.0,1.28255,1.27677,578.0,96.494,13.02,521.0,141.4,1.28255,1.27734,1.27156,BOUNCE,2020.12.10 18:00,1,2020.12.21 05:00,1,2020.12.21 11:00,1,2020.12.21 12:00,3,1w 3d,NewYork,NA,,NA,,1.28854,BREAK,2020.12.21 12:00,0,,0,,0,,0,NA,London,BREAK,2020.12.21 14:00,PENDING,,1.27213,BREAK,2020.12.10 18:00,0,,0,,0,,0,NA,NewYork,PENDING,,NA,,1.28776,BREAK,2020.12.21 11:00,0,,0,,0,,0,NA,London,BREAK,2020.12.21 14:00,PENDING,,B-ZF-BO,S-ZB-BR,S-ZD-BO,S-ZD-BR,B-ZO-PE,S-ZD-BR,S-ZH-BR,B-ZE-BO,S-ZO-BR,B-ZG-PE,B-ZG-BR,S-ZF-PE,S-ZF-PE,B-ZB-BR,S-ZC-BO,B-ZG-PE,,,,
494,2020.12.10 00:00,USDCAD,60,86400,BUY,ZG,0,1.28255,1.27677,578.0,1.28332,1.27692,640.0,110.727,2.60,563.0,136.4,1.28255,1.27692,1.28895,BREAK,2020.12.21 12:00,0,,0,,0,,0,NA,London,BOUNCE,2020.12.21 15:00,NA,,1.27114,BOUNCE,2020.12.10 19:00,1,2020.12.21 05:00,1,2020.12.21 11:00,1,2020.12.21 12:00,3,1w 3d,NewYork,NA,,NA,,1.28818,BREAK,2020.12.21 11:00,0,,0,,0,,0,NA,London,BREAK,2020.12.21 14:00,PENDING,,1.27129,BOUNCE,2020.12.10 19:00,1,2020.12.21 11:00,1,2020.12.21 11:00,0,,2,1w 3d,NewYork,NA,,NA,,S-ZO-BO,B-ZF-BO,S-ZB-BR,S-ZD-BO,S-ZD-BR,B-ZO-PE,S-ZD-BR,S-ZH-BR,B-ZE-BO,S-ZO-BR,S-ZF-PE,S-ZF-PE,B-ZB-BR,S-ZC-BO,B-ZG-PE,,,,,
495,2020.12.11 00:00,USDCAD,60,86400,SELL,ZF,1,1.28332,1.27692,640.0,1.28292,1.27066,1226.0,191.563,6.25,600.0,151.0,1.28292,1.27692,1.26466,PENDING,,0,,0,,0,,0,NA,Other,NA,,NA,,1.28932,BREAK,2020.12.21 13:00,0,,0,,0,,0,NA,NewYork,BOUNCE,2020.12.21 15:00,NA,,1.27092,BREAK,2020.12.15 22:00,0,,0,,0,,0,NA,Other,PENDING,,NA,,1.28892,BREAK,2020.12.21 12:00,0,,0,,0,,0,NA,London,BOUNCE,2020.12.21 15:00,NA,,B-ZG-BR,S-ZO-BO,B-ZF-BO,S-ZB-BR,S-ZD-BO,S-ZD-BR,B-ZO-PE,S-ZD-BR,S-ZH-BR,B-ZE-BO,S-ZF-PE,B-ZB-BR,S-ZC-BO,B-ZG-PE,,,,,,
496,2020.12.16 00:00,USDCAD,60,86400,SELL,ZF,0,1.27896,1.27200,696.0,1.27712,1.26932,780.0,112.069,26.44,512.0,164.3,1.27712,1.27200,1.26420,PENDING,,0,,0,,0,,0,NA,Other,NA,,NA,,1.28408,BREAK,2020.12.21 06:00,0,,0,,0,,0,NA,Asia,BREAK,2020.12.21 13:00,BOUNCE,2020.12.21 15:00,1.26688,PENDING,,0,,0,,0,,0,NA,Other,NA,,NA,,1.28224,BREAK,2020.12.21 05:00,0,,0,,0,,0,NA,Asia,BREAK,2020.12.21 12:00,BREAK,2020.12.21 14:00,S-ZF-PE,B-ZG-BR,S-ZO-BO,B-ZF-BO,S-ZB-BR,S-ZD-BO,S-ZD-BR,B-ZO-PE,S-ZD-BR,S-ZH-BR,B-ZB-BR,S-ZC-BO,B-ZG-PE,,,,,,,
497,2020.12.19 00:00,USDCAD,60,86400,BUY,ZB,1,1.27561,1.26886,675.0,1.27982,1.27147,835.0,123.704,38.67,414.0,159.3,1.27561,1.27147,1.28396,BREAK,2020.12.21 06:00,0,,0,,0,,0,NA,Asia,BREAK,2020.12.21 13:00,BREAK,2020.12.21 14:00,1.26472,PENDING,,0,,0,,0,,0,NA,Other,NA,,NA,,1.27975,BREAK,2020.12.21 02:00,0,,0,,0,,0,NA,Asia,BREAK,2020.12.21 06:00,BREAK,2020.12.21 13:00,1.26733,PENDING,,0,,0,,0,,0,NA,Other,NA,,NA,,S-ZF-PE,S-ZF-PE,B-ZG-BR,S-ZO-BO,B-ZF-BO,S-ZB-BR,S-ZD-BO,S-ZD-BR,B-ZO-PE,S-ZD-BR,S-ZC-BO,B-ZG-PE,,,,,,,,
498,2020.12.28 02:00,USDCAD,60,86400,SELL,ZC,1,1.29168,1.28341,827.0,1.28645,1.28128,517.0,62.515,63.24,304.0,195.2,1.28645,1.28341,1.27824,BOUNCE,2020.12.29 18:00,0,,0,,0,,0,NA,NewYork,NA,,NA,,1.29472,PENDING,,0,,0,,0,,0,NA,Other,NA,,NA,,1.28037,BREAK,2020.12.29 15:00,0,,0,,0,,0,NA,NewYork,BREAK,2020.12.30 20:00,PENDING,,1.28949,PENDING,,0,,0,,0,,0,NA,Other,NA,,NA,,B-ZB-BR,S-ZF-PE,S-ZF-PE,B-ZG-BR,S-ZO-BO,B-ZF-BO,S-ZB-BR,S-ZD-BO,S-ZD-BR,B-ZO-PE,B-ZG-PE,,,,,,,,,
499,2020.12.29 00:00,USDCAD,60,86400,BUY,ZG,0,1.28645,1.28128,517.0,1.28758,1.28136,622.0,120.309,1.55,509.0,122.0,1.28645,1.28136,1.29267,PENDING,,0,,0,,0,,0,NA,Other,NA,,NA,,1.27619,PENDING,2020.12.30 19:00,0,,0,,0,,0,NA,NewYork,NA,,NA,,1.29154,PENDING,,0,,0,,0,,0,NA,Other,NA,,NA,,1.27627,BREAK,2020.12.30 19:00,0,,0,,0,,0,NA,NewYork,PENDING,,NA,,S-ZC-BO,B-ZB-BR,S-ZF-PE,S-ZF-PE,B-ZG-BR,S-ZO-BO,B-ZF-BO,S-ZB-BR,S-ZD-BO,S-ZD-BR,,,,,,,,,,
