AngleID,FormTime,Symbol,TF,UnitSeconds,Dir,Class,Confirmed,U2_High,U2_Low,U2_Range,U1_High,U1_Low,U1_Range,Ratio_U1_U2_pct,Corr_pct,L_points,B_points,DiagTop,DiagBot,U1X1_Level,U1X1_React,U1X1_TouchTime,U1X1_TP1_Hit,U1X1_TP1_Time,U1X1_TP2_Hit,U1X1_TP2_Time,U1X1_TP3_Hit,U1X1_TP3_Time,U1X1_MaxTP,U1X1_Dur,U1X1_Session,U1X1_X2_React,U1X1_X2_Time,U1X1_X3_React,U1X1_X3_Time,U2X1_Level,U2X1_React,U2X1_TouchTime,U2X1_TP1_Hit,U2X1_TP1_Time,U2X1_TP2_Hit,U2X1_TP2_Time,U2X1_TP3_Hit,U2X1_TP3_Time,U2X1_MaxTP,U2X1_Dur,U2X1_Session,U2X1_X2_React,U2X1_X2_Time,U2X1_X3_React,U2X1_X3_Time,DLX1_Level,DLX1_React,DLX1_TouchTime,DLX1_TP1_Hit,DLX1_TP1_Time,DLX1_TP2_Hit,DLX1_TP2_Time,DLX1_TP3_Hit,DLX1_TP3_Time,DLX1_MaxTP,DLX1_Dur,DLX1_Session,DLX1_X2_React,DLX1_X2_Time,DLX1_X3_React,DLX1_X3_Time,DRX1_Level,DRX1_React,DRX1_TouchTime,DRX1_TP1_Hit,DRX1_TP1_Time,DRX1_TP2_Hit,DRX1_TP2_Time,DRX1_TP3_Hit,DRX1_TP3_Time,DRX1_MaxTP,DRX1_Dur,DRX1_Session,DRX1_X2_React,DRX1_X2_Time,DRX1_X3_React,DRX1_X3_Time,Left_1,Left_2,Left_3,Left_4,Left_5,Left_6,Left_7,Left_8,Left_9,Left_10,Right_1,Right_2,Right_3,Right_4,Right_5,Right_6,Right_7,Right_8,Right_9,Right_10
1,1999.11.05 00:00,USDCAD,60,86400,SELL,ZD,1,1.47130,1.46660,470.0,1.46880,1.46030,850.0,180.851,53.19,220.0,110.9,1.46880,1.46660,1.45810,BREAK,1999.11.05 15:00,0,,0,,0,,0,NA,NewYork,BOUNCE,1999.11.05 16:00,NA,,1.47350,BREAK,1999.11.09 17:00,0,,0,,0,,0,NA,NewYork,BOUNCE,1999.11.09 23:00,NA,,1.46440,BREAK,1999.11.05 00:00,0,,0,,0,,0,NA,Asia,BOUNCE,1999.11.05 10:00,NA,,1.47100,BREAK,1999.11.08 14:00,0,,0,,0,,0,NA,NewYork,BREAK,1999.11.09 17:00,BOUNCE,1999.11.10 09:00,,,,,,,,,,,B-ZH-BO,S-ZB-UN,B-ZO-BR,B-ZG-BR,S-ZB-BO,B-ZF-BO,B-ZE-BO,S-ZO-BR,B-ZF-BR,B-ZF-UN
2,1999.11.10 00:00,USDCAD,60,86400,BUY,ZH,0,1.47250,1.46520,730.0,1.47650,1.46730,920.0,126.027,28.77,520.0,172.3,1.47250,1.46730,1.48170,BOUNCE,1999.12.02 21:00,0,,0,,0,,0,NA,Other,NA,,NA,,1.46000,BOUNCE,1999.11.19 18:00,1,1999.11.24 20:00,1,1999.12.02 12:00,1,1999.12.02 21:00,3,1w 6d,NewYork,NA,,NA,,1.47770,BREAK,1999.12.02 12:00,0,,0,,0,,0,NA,London,BOUNCE,1999.12.03 17:00,NA,,1.46210,BOUNCE,1999.11.12 16:00,1,1999.12.02 12:00,1,1999.12.02 12:00,0,,2,2w 5d,NewYork,NA,,NA,,S-ZD-BR,,,,,,,,,,S-ZB-UN,B-ZO-BR,B-ZG-BR,S-ZB-BO,B-ZF-BO,B-ZE-BO,S-ZO-BR,B-ZF-BR,B-ZF-UN,S-ZF-BO
3,1999.11.13 00:00,USDCAD,60,86400,SELL,ZB,1,1.46910,1.46480,430.0,1.46670,1.46050,620.0,144.186,55.81,190.0,101.5,1.46670,1.46480,1.45860,UNTOUCHED,,0,,0,,0,,0,NA,Other,NA,,NA,,1.47100,BOUNCE,1999.11.17 22:00,1,1999.11.18 15:00,1,1999.11.18 18:00,0,,2,20h,Other,NA,,NA,,1.46290,BREAK,1999.11.13 00:00,0,,0,,0,,0,NA,Asia,BREAK,1999.11.19 18:00,BOUNCE,1999.12.27 22:00,1.46860,BOUNCE,1999.11.16 17:00,1,1999.11.16 23:00,1,1999.11.16 23:00,0,,2,6h,NewYork,NA,,NA,,B-ZH-BO,S-ZD-BR,,,,,,,,,B-ZO-BR,B-ZG-BR,S-ZB-BO,B-ZF-BO,B-ZE-BO,S-ZO-BR,B-ZF-BR,B-ZF-UN,S-ZF-BO,B-ZG-BO
4,1999.11.17 00:00,USDCAD,60,86400,BUY,ZO,1,1.46590,1.46130,460.0,1.46980,1.46180,800.0,173.913,10.87,410.0,108.6,1.46590,1.46180,1.47390,BREAK,1999.11.29 18:00,0,,0,,0,,0,NA,NewYork,BREAK,1999.12.02 12:00,BOUNCE,1999.12.03 15:00,1.45720,BOUNCE,1999.12.28 05:00,0,,0,,0,,0,NA,Asia,NA,,NA,,1.47000,BREAK,1999.11.17 21:00,0,,0,,0,,0,NA,Other,BREAK,1999.11.29 19:00,BREAK,1999.12.02 12:00,1.45770,BOUNCE,1999.12.28 00:00,0,,0,,0,,0,NA,Asia,NA,,NA,,S-ZB-UN,B-ZH-BO,S-ZD-BR,,,,,,,,B-ZG-BR,S-ZB-BO,B-ZF-BO,B-ZE-BO,S-ZO-BR,B-ZF-BR,B-ZF-UN,S-ZF-BO,B-ZG-BO,B-ZG-UN
5,1999.11.18 00:00,USDCAD,60,86400,BUY,ZG,0,1.46980,1.46180,800.0,1.47170,1.46200,970.0,121.250,2.50,780.0,188.8,1.46980,1.46200,1.47950,BREAK,1999.12.02 12:00,0,,0,,0,,0,NA,London,UNTOUCHED,,NA,,1.45400,BREAK,1999.12.28 16:00,0,,0,,0,,0,NA,NewYork,BREAK,1999.12.31 19:00,BREAK,2000.01.25 21:00,1.47760,BREAK,1999.12.02 12:00,0,,0,,0,,0,NA,London,UNTOUCHED,,NA,,1.45420,BREAK,1999.12.28 16:00,0,,0,,0,,0,NA,NewYork,BREAK,1999.12.31 19:00,BREAK,2000.01.25 21:00,B-ZO-BR,S-ZB-UN,B-ZH-BO,S-ZD-BR,,,,,,,S-ZB-BO,B-ZF-BO,B-ZE-BO,S-ZO-BR,B-ZF-BR,B-ZF-UN,S-ZF-BO,B-ZG-BO,B-ZG-UN,B-ZB-UN
6,1999.11.20 00:00,USDCAD,60,86400,SELL,ZB,1,1.47110,1.46260,850.0,1.46670,1.45980,690.0,81.176,51.76,410.0,200.6,1.46670,1.46260,1.45570,BOUNCE,1999.12.28 15:00,0,,0,,0,,0,NA,NewYork,NA,,NA,,1.47520,BOUNCE,1999.11.29 19:00,1,1999.12.27 16:00,1,1999.12.27 23:00,1,1999.12.28 15:00,3,4w 0d,NewYork,NA,,NA,,1.45850,BREAK,1999.12.27 23:00,0,,0,,0,,0,NA,Other,BREAK,1999.12.28 16:00,BOUNCE,1999.12.28 20:00,1.47080,BREAK,1999.11.29 11:00,0,,0,,0,,0,NA,London,BOUNCE,1999.11.30 19:00,NA,,B-ZG-BR,B-ZO-BR,S-ZB-UN,B-ZH-BO,S-ZD-BR,,,,,,B-ZF-BO,B-ZE-BO,S-ZO-BR,B-ZF-BR,B-ZF-UN,S-ZF-BO,B-ZG-BO,B-ZG-UN,B-ZB-UN,S-ZF-BR
7,1999.11.24 00:00,USDCAD,60,86400,BUY,ZF,1,1.46390,1.46000,390.0,1.46740,1.46130,610.0,156.410,33.33,260.0,92.0,1.46390,1.46130,1.47000,BOUNCE,1999.11.24 20:00,1,1999.11.24 23:00,1,1999.12.27 23:00,1,1999.12.28 00:00,3,4w 5d,NewYork,NA,,NA,,1.45740,BOUNCE,1999.12.28 00:00,0,,0,,0,,0,NA,Asia,NA,,NA,,1.46650,BREAK,1999.11.24 00:00,0,,0,,0,,0,NA,Asia,BREAK,1999.11.24 20:00,BREAK,1999.11.29 17:00,1.45870,BREAK,1999.12.27 23:00,0,,0,,0,,0,NA,Other,BREAK,1999.12.28 15:00,BREAK,1999.12.28 16:00,S-ZB-BO,B-ZG-BR,B-ZO-BR,S-ZB-UN,B-ZH-BO,S-ZD-BR,,,,,B-ZE-BO,S-ZO-BR,B-ZF-BR,B-ZF-UN,S-ZF-BO,B-ZG-BO,B-ZG-UN,B-ZB-UN,S-ZF-BR,S-ZE-BO
8,1999.11.25 00:00,USDCAD,60,86400,BUY,ZE,1,1.46740,1.46130,610.0,1.47050,1.46470,580.0,95.082,55.74,270.0,144.0,1.46740,1.46470,1.47320,BOUNCE,1999.11.29 17:00,1,1999.12.24 18:00,1,1999.12.27 18:00,1,1999.12.27 23:00,3,4w 0d,NewYork,NA,,NA,,1.45860,BREAK,1999.12.27 23:00,0,,0,,0,,0,NA,Other,BOUNCE,1999.12.28 15:00,NA,,1.47010,BREAK,1999.11.29 11:00,0,,0,,0,,0,NA,London,BOUNCE,1999.11.29 17:00,NA,,1.46200,BREAK,1999.12.27 18:00,0,,0,,0,,0,NA,NewYork,BREAK,1999.12.28 00:00,BREAK,1999.12.28 15:00,B-ZF-BO,S-ZB-BO,B-ZG-BR,B-ZO-BR,S-ZB-UN,B-ZH-BO,S-ZD-BR,,,,S-ZO-BR,B-ZF-BR,B-ZF-UN,S-ZF-BO,B-ZG-BO,B-ZG-UN,B-ZB-UN,S-ZF-BR,S-ZE-BO,S-ZG-BR
9,1999.11.26 00:00,USDCAD,60,86400,SELL,ZO,0,1.47050,1.46470,580.0,1.46920,1.46460,460.0,79.310,22.41,450.0,136.9,1.46920,1.46470,1.46010,BREAK,1999.12.27 21:00,0,,0,,0,,0,NA,Other,BOUNCE,1999.12.28 15:00,NA,,1.47500,BREAK,1999.11.29 19:00,0,,0,,0,,0,NA,NewYork,BOUNCE,1999.12.02 12:00,NA,,1.46020,BREAK,1999.12.27 21:00,0,,0,,0,,0,NA,Other,BOUNCE,1999.12.28 15:00,NA,,1.47370,BREAK,1999.11.29 18:00,0,,0,,0,,0,NA,NewYork,BREAK,1999.12.02 12:00,BOUNCE,1999.12.03 15:00,B-ZE-BO,B-ZF-BO,S-ZB-BO,B-ZG-BR,B-ZO-BR,S-ZB-UN,B-ZH-BO,S-ZD-BR,,,B-ZF-BR,B-ZF-UN,S-ZF-BO,B-ZG-BO,B-ZG-UN,B-ZB-UN,S-ZF-BR,S-ZE-BO,S-ZG-BR,S-ZE-BR
10,1999.11.30 00:00,USDCAD,60,86400,BUY,ZF,1,1.46870,1.46700,170.0,1.47650,1.46750,900.0,529.412,29.41,120.0,40.1,1.46870,1.46750,1.47770,BREAK,1999.12.02 12:00,0,,0,,0,,0,NA,London,BREAK,1999.12.02 13:00,BREAK,1999.12.02 16:00,1.46580,BREAK,1999.12.27 16:00,0,,0,,0,,0,NA,NewYork,BREAK,1999.12.27 17:00,BREAK,1999.12.27 18:00,1.46990,BREAK,1999.11.30 00:00,0,,0,,0,,0,NA,Asia,BREAK,1999.11.30 01:00,BREAK,1999.11.30 02:00,1.46630,BREAK,1999.12.27 16:00,0,,0,,0,,0,NA,NewYork,BREAK,1999.12.27 17:00,BREAK,1999.12.27 18:00,S-ZO-BR,B-ZE-BO,B-ZF-BO,S-ZB-BO,B-ZG-BR,B-ZO-BR,S-ZB-UN,B-ZH-BO,S-ZD-BR,,B-ZF-UN,S-ZF-BO,B-ZG-BO,B-ZG-UN,B-ZB-UN,S-ZF-BR,S-ZE-BO,S-ZG-BR,S-ZE-BR,S-ZF-BO
11,1999.12.03 00:00,USDCAD,60,86400,BUY,ZF,1,1.47550,1.47270,280.0,1.48300,1.47300,1000.0,357.143,10.71,250.0,66.1,1.47550,1.47300,1.48550,UNTOUCHED,,0,,0,,0,,0,NA,Other,NA,,NA,,1.47020,BREAK,1999.12.23 20:00,0,,0,,0,,0,NA,NewYork,BOUNCE,1999.12.24 18:00,NA,,1.47800,BREAK,1999.12.03 00:00,0,,0,,0,,0,NA,Asia,BREAK,1999.12.03 01:00,BOUNCE,1999.12.06 16:00,1.47050,BREAK,1999.12.23 20:00,0,,0,,0,,0,NA,NewYork,BREAK,1999.12.24 18:00,BREAK,1999.12.27 16:00,B-ZF-BR,S-ZO-BR,B-ZE-BO,B-ZF-BO,S-ZB-BO,B-ZG-BR,B-ZO-BR,S-ZB-UN,B-ZH-BO,S-ZD-BR,S-ZF-BO,B-ZG-BO,B-ZG-UN,B-ZB-UN,S-ZF-BR,S-ZE-BO,S-ZG-BR,S-ZE-BR,S-ZF-BO,S-ZB-BR
12,1999.12.10 00:00,USDCAD,60,86400,SELL,ZF,0,1.48050,1.47570,480.0,1.47950,1.47330,620.0,129.167,20.83,380.0,113.3,1.47950,1.47570,1.46950,BOUNCE,1999.12.23 20:00,0,,0,,0,,0,NA,NewYork,NA,,NA,,1.48430,BOUNCE,1999.12.15 12:00,1,1999.12.16 18:00,1,1999.12.23 20:00,1,1999.12.23 20:00,3,1w 1d,London,NA,,NA,,1.47190,BREAK,1999.12.23 20:00,0,,0,,0,,0,NA,NewYork,BREAK,1999.12.27 16:00,BREAK,1999.12.27 17:00,1.48330,BREAK,1999.12.15 12:00,0,,0,,0,,0,NA,London,UNTOUCHED,,NA,,B-ZF-UN,B-ZF-BR,S-ZO-BR,B-ZE-BO,B-ZF-BO,S-ZB-BO,B-ZG-BR,B-ZO-BR,S-ZB-UN,B-ZH-BO,B-ZG-BO,B-ZG-UN,B-ZB-UN,S-ZF-BR,S-ZE-BO,S-ZG-BR,S-ZE-BR,S-ZF-BO,S-ZB-BR,S-ZB-BO
13,1999.12.11 00:00,USDCAD,60,86400,BUY,ZG,0,1.47950,1.47330,620.0,1.47990,1.47430,560.0,90.323,16.13,520.0,146.3,1.47950,1.47430,1.48510,BOUNCE,1999.12.15 18:00,1,1999.12.17 11:00,1,1999.12.23 20:00,1,1999.12.24 18:00,3,1w 2d,NewYork,NA,,NA,,1.46810,BREAK,1999.12.24 18:00,0,,0,,0,,0,NA,NewYork,BREAK,1999.12.27 20:00,BREAK,1999.12.28 15:00,1.48470,BOUNCE,1999.12.15 18:00,1,1999.12.23 20:00,1,1999.12.24 18:00,0,,2,1w 2d,NewYork,NA,,NA,,1.46910,BREAK,1999.12.23 20:00,0,,0,,0,,0,NA,NewYork,BREAK,1999.12.27 18:00,BREAK,1999.12.28 05:00,S-ZF-BO,B-ZF-UN,B-ZF-BR,S-ZO-BR,B-ZE-BO,B-ZF-BO,S-ZB-BO,B-ZG-BR,B-ZO-BR,S-ZB-UN,B-ZG-UN,B-ZB-UN,S-ZF-BR,S-ZE-BO,S-ZG-BR,S-ZE-BR,S-ZF-BO,S-ZB-BR,S-ZB-BO,S-ZD-BO
14,1999.12.15 00:00,USDCAD,60,86400,BUY,ZG,0,1.48170,1.47640,530.0,1.48240,1.47740,500.0,94.340,18.87,430.0,125.1,1.48170,1.47740,1.48670,UNTOUCHED,,0,,0,,0,,0,NA,Other,NA,,NA,,1.47210,BREAK,1999.12.23 20:00,0,,0,,0,,0,NA,NewYork,BREAK,1999.12.27 16:00,BREAK,1999.12.27 18:00,1.48600,UNTOUCHED,,0,,0,,0,,0,NA,Other,NA,,NA,,1.47310,BREAK,1999.12.23 20:00,0,,0,,0,,0,NA,NewYork,BREAK,1999.12.24 18:00,BREAK,1999.12.27 17:00,B-ZG-BO,S-ZF-BO,B-ZF-UN,B-ZF-BR,S-ZO-BR,B-ZE-BO,B-ZF-BO,S-ZB-BO,B-ZG-BR,B-ZO-BR,B-ZB-UN,S-ZF-BR,S-ZE-BO,S-ZG-BR,S-ZE-BR,S-ZF-BO,S-ZB-BR,S-ZB-BO,S-ZD-BO,B-ZF-BR
15,1999.12.16 00:00,USDCAD,60,86400,BUY,ZB,1,1.48240,1.47740,500.0,1.48530,1.48050,480.0,96.000,62.00,190.0,118.0,1.48240,1.48050,1.48720,UNTOUCHED,,0,,0,,0,,0,NA,Other,NA,,NA,,1.47550,BREAK,1999.12.16 21:00,0,,0,,0,,0,NA,Other,BREAK,1999.12.23 20:00,BREAK,1999.12.23 21:00,1.48430,UNTOUCHED,,0,,0,,0,,0,NA,Other,NA,,NA,,1.47860,BREAK,1999.12.16 17:00,0,,0,,0,,0,NA,NewYork,BOUNCE,1999.12.16 19:00,NA,,B-ZG-UN,B-ZG-BO,S-ZF-BO,B-ZF-UN,B-ZF-BR,S-ZO-BR,B-ZE-BO,B-ZF-BO,S-ZB-BO,B-ZG-BR,S-ZF-BR,S-ZE-BO,S-ZG-BR,S-ZE-BR,S-ZF-BO,S-ZB-BR,S-ZB-BO,S-ZD-BO,B-ZF-BR,S-ZC-BO
16,1999.12.17 00:00,USDCAD,60,86400,SELL,ZF,1,1.48530,1.48050,480.0,1.48360,1.47520,840.0,175.000,35.42,310.0,113.3,1.48360,1.48050,1.47210,BREAK,1999.12.23 20:00,0,,0,,0,,0,NA,NewYork,BREAK,1999.12.24 18:00,BREAK,1999.12.27 16:00,1.48840,UNTOUCHED,,0,,0,,0,,0,NA,Other,NA,,NA,,1.47740,BREAK,1999.12.17 00:00,0,,0,,0,,0,NA,Asia,BOUNCE,1999.12.17 17:00,NA,,1.48670,UNTOUCHED,,0,,0,,0,,0,NA,Other,NA,,NA,,B-ZB-UN,B-ZG-UN,B-ZG-BO,S-ZF-BO,B-ZF-UN,B-ZF-BR,S-ZO-BR,B-ZE-BO,B-ZF-BO,S-ZB-BO,S-ZE-BO,S-ZG-BR,S-ZE-BR,S-ZF-BO,S-ZB-BR,S-ZB-BO,S-ZD-BO,B-ZF-BR,S-ZC-BO,B-ZB-BR
17,1999.12.18 00:00,USDCAD,60,86400,SELL,ZE,1,1.48360,1.47520,840.0,1.47910,1.47380,530.0,63.095,53.57,390.0,198.2,1.47910,1.47520,1.46990,BOUNCE,1999.12.23 20:00,0,,0,,0,,0,NA,NewYork,NA,,NA,,1.48750,UNTOUCHED,,0,,0,,0,,0,NA,Other,NA,,NA,,1.47130,BREAK,1999.12.23 20:00,0,,0,,0,,0,NA,NewYork,BREAK,1999.12.27 16:00,BREAK,1999.12.27 20:00,1.48300,BOUNCE,1999.12.20 16:00,1,1999.12.23 20:00,1,1999.12.23 20:00,0,,2,3d 4h,NewYork,NA,,NA,,S-ZF-BR,B-ZB-UN,B-ZG-UN,B-ZG-BO,S-ZF-BO,B-ZF-UN,B-ZF-BR,S-ZO-BR,B-ZE-BO,B-ZF-BO,S-ZG-BR,S-ZE-BR,S-ZF-BO,S-ZB-BR,S-ZB-BO,S-ZD-BO,B-ZF-BR,S-ZC-BO,B-ZB-BR,B-ZE-BO
18,1999.12.22 00:00,USDCAD,60,86400,SELL,ZG,0,1.48310,1.47650,660.0,1.48090,1.47520,570.0,86.364,33.33,440.0,155.8,1.48090,1.47650,1.47080,BREAK,1999.12.23 20:00,0,,0,,0,,0,NA,NewYork,BREAK,1999.12.27 16:00,BREAK,1999.12.27 20:00,1.48750,UNTOUCHED,,0,,0,,0,,0,NA,Other,NA,,NA,,1.47210,BREAK,1999.12.23 20:00,0,,0,,0,,0,NA,NewYork,BREAK,1999.12.27 16:00,BREAK,1999.12.27 20:00,1.48530,UNTOUCHED,,0,,0,,0,,0,NA,Other,NA,,NA,,S-ZE-BO,S-ZF-BR,B-ZB-UN,B-ZG-UN,B-ZG-BO,S-ZF-BO,B-ZF-UN,B-ZF-BR,S-ZO-BR,B-ZE-BO,S-ZE-BR,S-ZF-BO,S-ZB-BR,S-ZB-BO,S-ZD-BO,B-ZF-BR,S-ZC-BO,B-ZB-BR,B-ZE-BO,B-ZF-UN
19,1999.12.23 00:00,USDCAD,60,86400,SELL,ZE,1,1.48090,1.47520,570.0,1.47850,1.47400,450.0,78.947,42.11,330.0,134.5,1.47850,1.47520,1.47070,BREAK,1999.12.23 20:00,0,,0,,0,,0,NA,NewYork,BREAK,1999.12.27 16:00,BREAK,1999.12.27 18:00,1.48420,UNTOUCHED,,0,,0,,0,,0,NA,Other,NA,,NA,,1.47190,BREAK,1999.12.23 20:00,0,,0,,0,,0,NA,NewYork,BOUNCE,1999.12.24 00:00,NA,,1.48180,UNTOUCHED,,0,,0,,0,,0,NA,Other,NA,,NA,,S-ZG-BR,S-ZE-BO,S-ZF-BR,B-ZB-UN,B-ZG-UN,B-ZG-BO,S-ZF-BO,B-ZF-UN,B-ZF-BR,S-ZO-BR,S-ZF-BO,S-ZB-BR,S-ZB-BO,S-ZD-BO,B-ZF-BR,S-ZC-BO,B-ZB-BR,B-ZE-BO,B-ZF-UN,B-ZE-UN
20,1999.12.24 00:00,USDCAD,60,86400,SELL,ZF,1,1.47850,1.47400,450.0,1.47800,1.46830,970.0,215.556,11.11,400.0,106.2,1.47800,1.47400,1.46430,BOUNCE,1999.12.27 16:00,0,,0,,0,,0,NA,NewYork,NA,,NA,,1.48250,UNTOUCHED,,0,,0,,0,,0,NA,Other,NA,,NA,,1.47000,BREAK,1999.12.24 00:00,0,,0,,0,,0,NA,Asia,BREAK,1999.12.27 16:00,BREAK,1999.12.27 20:00,1.48200,UNTOUCHED,,0,,0,,0,,0,NA,Other,NA,,NA,,S-ZE-BR,S-ZG-BR,S-ZE-BO,S-ZF-BR,B-ZB-UN,B-ZG-UN,B-ZG-BO,S-ZF-BO,B-ZF-UN,B-ZF-BR,S-ZB-BR,S-ZB-BO,S-ZD-BO,B-ZF-BR,S-ZC-BO,B-ZB-BR,B-ZE-BO,B-ZF-UN,B-ZE-UN,B-ZG-BO
21,1999.12.27 02:00,USDCAD,60,86400,SELL,ZB,1,1.47800,1.46830,970.0,1.47200,1.46710,490.0,50.515,61.86,370.0,228.9,1.47200,1.46830,1.46340,BREAK,1999.12.27 17:00,0,,0,,0,,0,NA,NewYork,BREAK,1999.12.28 00:00,BOUNCE,1999.12.28 15:00,1.48170,UNTOUCHED,,0,,0,,0,,0,NA,Other,NA,,NA,,1.46460,BOUNCE,1999.12.27 16:00,0,,0,,0,,0,NA,NewYork,NA,,NA,,1.47570,UNTOUCHED,,0,,0,,0,,0,NA,Other,NA,,NA,,S-ZF-BO,S-ZE-BR,S-ZG-BR,S-ZE-BO,S-ZF-BR,B-ZB-UN,B-ZG-UN,B-ZG-BO,S-ZF-BO,B-ZF-UN,S-ZB-BO,S-ZD-BO,B-ZF-BR,S-ZC-BO,B-ZB-BR,B-ZE-BO,B-ZF-UN,B-ZE-UN,B-ZG-BO,S-ZH-BR
22,1999.12.28 00:00,USDCAD,60,86400,SELL,ZB,1,1.47200,1.46710,490.0,1.46950,1.45820,1130.0,230.612,51.02,240.0,115.6,1.46950,1.46710,1.45580,BOUNCE,1999.12.28 15:00,1,2000.01.07 01:00,0,,0,,1,1w 2d,NewYork,NA,,NA,,1.47440,UNTOUCHED,,0,,0,,0,,0,NA,Other,NA,,NA,,1.46470,BREAK,1999.12.28 00:00,0,,0,,0,,0,NA,Asia,BREAK,1999.12.28 01:00,BREAK,1999.12.28 02:00,1.47190,UNTOUCHED,,0,,0,,0,,0,NA,Other,NA,,NA,,S-ZB-BR,S-ZF-BO,S-ZE-BR,S-ZG-BR,S-ZE-BO,S-ZF-BR,B-ZB-UN,B-ZG-UN,B-ZG-BO,S-ZF-BO,S-ZD-BO,B-ZF-BR,S-ZC-BO,B-ZB-BR,B-ZE-BO,B-ZF-UN,B-ZE-UN,B-ZG-BO,S-ZH-BR,S-ZB-BO
23,1999.12.29 00:00,USDCAD,60,86400,SELL,ZD,1,1.46950,1.45820,1130.0,1.46230,1.44750,1480.0,130.973,63.72,410.0,266.7,1.46230,1.45820,1.44340,BOUNCE,1999.12.31 19:00,1,2000.01.04 19:00,0,,0,,1,4d 0h,NewYork,NA,,NA,,1.47360,UNTOUCHED,,0,,0,,0,,0,NA,Other,NA,,NA,,1.45410,BREAK,1999.12.29 00:00,0,,0,,0,,0,NA,Asia,BOUNCE,1999.12.30 15:00,NA,,1.46640,UNTOUCHED,,0,,0,,0,,0,NA,Other,NA,,NA,,S-ZB-BO,S-ZB-BR,S-ZF-BO,S-ZE-BR,S-ZG-BR,S-ZE-BO,S-ZF-BR,B-ZB-UN,B-ZG-UN,B-ZG-BO,B-ZF-BR,S-ZC-BO,B-ZB-BR,B-ZE-BO,B-ZF-UN,B-ZE-UN,B-ZG-BO,S-ZH-BR,S-ZB-BO,S-ZC-BR
24,1999.12.31 00:00,USDCAD,60,86400,BUY,ZF,0,1.45370,1.44800,570.0,1.45490,1.45010,480.0,84.211,36.84,360.0,134.5,1.45370,1.45010,1.45850,BREAK,2000.01.06 18:00,0,,0,,0,,0,NA,NewYork,UNTOUCHED,,NA,,1.44440,BREAK,1999.12.31 19:00,0,,0,,0,,0,NA,NewYork,BOUNCE,2000.01.03 16:00,NA,,1.45730,BOUNCE,2000.01.06 17:00,1,2000.01.14 16:00,1,2000.01.20 17:00,0,,2,2w 0d,NewYork,NA,,NA,,1.44650,BREAK,1999.12.31 19:00,0,,0,,0,,0,NA,NewYork,BREAK,2000.01.03 16:00,BREAK,2000.01.21 21:00,S-ZD-BO,S-ZB-BO,S-ZB-BR,S-ZF-BO,S-ZE-BR,S-ZG-BR,S-ZE-BO,S-ZF-BR,B-ZB-UN,B-ZG-UN,S-ZC-BO,B-ZB-BR,B-ZE-BO,B-ZF-UN,B-ZE-UN,B-ZG-BO,S-ZH-BR,S-ZB-BO,S-ZC-BR,S-ZO-BO
25,2000.01.04 00:00,USDCAD,60,86400,SELL,ZC,1,1.45570,1.44270,1300.0,1.44850,1.44070,780.0,60.000,55.38,580.0,306.8,1.44850,1.44270,1.43490,BOUNCE,2000.01.27 16:00,1,2000.01.28 19:00,1,2000.02.01 15:00,0,,2,4d 23h,NewYork,NA,,NA,,1.46150,BOUNCE,2000.01.07 16:00,1,2000.01.13 16:00,1,2000.01.25 21:00,1,2000.01.27 16:00,3,2w 6d,NewYork,NA,,NA,,1.43690,BREAK,2000.01.25 21:00,0,,0,,0,,0,NA,Other,UNTOUCHED,,NA,,1.45430,BOUNCE,2000.01.05 09:00,1,2000.01.25 21:00,1,2000.01.25 21:00,0,,2,2w 6d,London,NA,,NA,,B-ZF-BR,S-ZD-BO,S-ZB-BO,S-ZB-BR,S-ZF-BO,S-ZE-BR,S-ZG-BR,S-ZE-BO,S-ZF-BR,B-ZB-UN,B-ZB-BR,B-ZE-BO,B-ZF-UN,B-ZE-UN,B-ZG-BO,S-ZH-BR,S-ZB-BO,S-ZC-BR,S-ZO-BO,B-ZG-BR
26,2000.01.05 00:00,USDCAD,60,86400,BUY,ZB,1,1.44850,1.44070,780.0,1.45360,1.44380,980.0,125.641,39.74,470.0,184.1,1.44850,1.44380,1.45830,BREAK,2000.01.06 17:00,0,,0,,0,,0,NA,NewYork,UNTOUCHED,,NA,,1.43600,BREAK,2000.01.26 19:00,0,,0,,0,,0,NA,NewYork,UNTOUCHED,,NA,,1.45320,BREAK,2000.01.05 00:00,0,,0,,0,,0,NA,Asia,BREAK,2000.01.07 00:00,UNTOUCHED,,1.43910,BOUNCE,2000.01.21 20:00,1,2000.02.01 15:00,1,2000.02.01 15:00,0,,2,1w 3d,NewYork,NA,,NA,,S-ZC-BO,B-ZF-BR,S-ZD-BO,S-ZB-BO,S-ZB-BR,S-ZF-BO,S-ZE-BR,S-ZG-BR,S-ZE-BO,S-ZF-BR,B-ZE-BO,B-ZF-UN,B-ZE-UN,B-ZG-BO,S-ZH-BR,S-ZB-BO,S-ZC-BR,S-ZO-BO,B-ZG-BR,S-ZF-BO
27,2000.01.06 00:00,USDCAD,60,86400,BUY,ZE,1,1.45360,1.44380,980.0,1.45610,1.44830,780.0,79.592,45.92,530.0,231.3,1.45360,1.44830,1.46140,BOUNCE,2000.01.07 16:00,1,2000.01.13 15:00,1,2000.01.21 18:00,1,2000.01.21 20:00,3,2w 0d,NewYork,NA,,NA,,1.43850,BOUNCE,2000.01.21 20:00,1,2000.01.28 19:00,1,2000.02.15 16:00,0,,2,3w 3d,NewYork,NA,,NA,,1.45890,BREAK,2000.01.06 20:00,0,,0,,0,,0,NA,NewYork,UNTOUCHED,,NA,,1.44300,BREAK,2000.01.21 18:00,0,,0,,0,,0,NA,NewYork,BOUNCE,2000.01.24 03:00,NA,,B-ZB-BR,S-ZC-BO,B-ZF-BR,S-ZD-BO,S-ZB-BO,S-ZB-BR,S-ZF-BO,S-ZE-BR,S-ZG-BR,S-ZE-BO,B-ZF-UN,B-ZE-UN,B-ZG-BO,S-ZH-BR,S-ZB-BO,S-ZC-BR,S-ZO-BO,B-ZG-BR,S-ZF-BO,S-ZB-UN
28,2000.01.07 00:00,USDCAD,60,86400,BUY,ZF,0,1.45610,1.44830,780.0,1.45970,1.44860,1110.0,142.308,3.85,750.0,184.1,1.45610,1.44860,1.46720,UNTOUCHED,,0,,0,,0,,0,NA,Other,NA,,NA,,1.44080,BREAK,2000.01.21 20:00,0,,0,,0,,0,NA,NewYork,BOUNCE,2000.01.28 14:00,NA,,1.46360,UNTOUCHED,,0,,0,,0,,0,NA,Other,NA,,NA,,1.44110,BREAK,2000.01.21 20:00,0,,0,,0,,0,NA,NewYork,BOUNCE,2000.01.28 15:00,NA,,B-ZE-BO,B-ZB-BR,S-ZC-BO,B-ZF-BR,S-ZD-BO,S-ZB-BO,S-ZB-BR,S-ZF-BO,S-ZE-BR,S-ZG-BR,B-ZE-UN,B-ZG-BO,S-ZH-BR,S-ZB-BO,S-ZC-BR,S-ZO-BO,B-ZG-BR,S-ZF-BO,S-ZB-UN,S-ZO-UN
29,2000.01.08 00:00,USDCAD,60,86400,BUY,ZE,1,1.45970,1.44860,1110.0,1.46170,1.45560,610.0,54.955,63.06,410.0,262.0,1.45970,1.45560,1.46580,UNTOUCHED,,0,,0,,0,,0,NA,Other,NA,,NA,,1.44450,BOUNCE,2000.01.20 17:00,1,2000.02.01 15:00,0,,0,,1,1w 4d,NewYork,NA,,NA,,1.46380,UNTOUCHED,,0,,0,,0,,0,NA,Other,NA,,NA,,1.45150,BREAK,2000.01.12 21:00,0,,0,,0,,0,NA,Other,BOUNCE,2000.01.14 20:00,NA,,B-ZF-UN,B-ZE-BO,B-ZB-BR,S-ZC-BO,B-ZF-BR,S-ZD-BO,S-ZB-BO,S-ZB-BR,S-ZF-BO,S-ZE-BR,B-ZG-BO,S-ZH-BR,S-ZB-BO,S-ZC-BR,S-ZO-BO,B-ZG-BR,S-ZF-BO,S-ZB-UN,S-ZO-UN,S-ZF-UN
30,2000.01.12 00:00,USDCAD,60,86400,BUY,ZG,0,1.45880,1.45300,580.0,1.45930,1.45440,490.0,84.483,24.14,440.0,136.9,1.45880,1.45440,1.46370,BOUNCE,2000.02.22 16:00,0,,0,,0,,0,NA,NewYork,NA,,NA,,1.44860,BREAK,2000.01.13 17:00,0,,0,,0,,0,NA,NewYork,BOUNCE,2000.01.20 21:00,NA,,1.46320,BOUNCE,2000.02.22 16:00,0,,0,,0,,0,NA,NewYork,NA,,NA,,1.45000,BREAK,2000.01.13 16:00,0,,0,,0,,0,NA,NewYork,BOUNCE,2000.01.14 18:00,NA,,B-ZE-UN,B-ZF-UN,B-ZE-BO,B-ZB-BR,S-ZC-BO,B-ZF-BR,S-ZD-BO,S-ZB-BO,S-ZB-BR,S-ZF-BO,S-ZH-BR,S-ZB-BO,S-ZC-BR,S-ZO-BO,B-ZG-BR,S-ZF-BO,S-ZB-UN,S-ZO-UN,S-ZF-UN,B-ZF-BO
31,2000.01.13 00:00,USDCAD,60,86400,SELL,ZH,0,1.45930,1.45440,490.0,1.45790,1.45140,650.0,132.653,28.57,350.0,115.6,1.45790,1.45440,1.44790,BREAK,2000.01.14 15:00,0,,0,,0,,0,NA,NewYork,BOUNCE,2000.01.20 17:00,NA,,1.46280,BOUNCE,2000.02.22 16:00,0,,0,,0,,0,NA,NewYork,NA,,NA,,1.45090,BREAK,2000.01.13 15:00,0,,0,,0,,0,NA,NewYork,BREAK,2000.01.14 16:00,BOUNCE,2000.01.20 17:00,1.46140,BREAK,2000.02.22 16:00,0,,0,,0,,0,NA,NewYork,BREAK,2000.02.23 15:00,BREAK,2000.03.15 16:00,B-ZG-BO,B-ZE-UN,B-ZF-UN,B-ZE-BO,B-ZB-BR,S-ZC-BO,B-ZF-BR,S-ZD-BO,S-ZB-BO,S-ZB-BR,S-ZB-BO,S-ZC-BR,S-ZO-BO,B-ZG-BR,S-ZF-BO,S-ZB-UN,S-ZO-UN,S-ZF-UN,B-ZF-BO,B-ZO-BR
32,2000.01.14 00:00,USDCAD,60,86400,SELL,ZB,1,1.45790,1.45140,650.0,1.45460,1.44840,620.0,95.385,50.77,320.0,153.4,1.45460,1.45140,1.44520,BOUNCE,2000.01.14 17:00,1,2000.01.14 20:00,1,2000.02.14 22:00,1,2000.02.22 16:00,3,5w 3d,NewYork,NA,,NA,,1.46110,BREAK,2000.02.22 16:00,0,,0,,0,,0,NA,NewYork,BREAK,2000.02.23 15:00,BREAK,2000.03.15 16:00,1.44820,BREAK,2000.01.14 15:00,0,,0,,0,,0,NA,NewYork,BOUNCE,2000.01.20 19:00,NA,,1.45780,BREAK,2000.02.14 22:00,0,,0,,0,,0,NA,Other,BREAK,2000.02.22 16:00,BREAK,2000.02.23 15:00,S-ZH-BR,B-ZG-BO,B-ZE-UN,B-ZF-UN,B-ZE-BO,B-ZB-BR,S-ZC-BO,B-ZF-BR,S-ZD-BO,S-ZB-BO,S-ZC-BR,S-ZO-BO,B-ZG-BR,S-ZF-BO,S-ZB-UN,S-ZO-UN,S-ZF-UN,B-ZF-BO,B-ZO-BR,S-ZE-UN
33,2000.01.15 00:00,USDCAD,60,86400,SELL,ZC,1,1.45460,1.44840,620.0,1.45200,1.44520,680.0,109.677,41.94,360.0,146.3,1.45200,1.44840,1.44160,BREAK,2000.01.21 19:00,0,,0,,0,,0,NA,NewYork,BOUNCE,2000.01.22 00:00,NA,,1.45820,BREAK,2000.02.15 15:00,0,,0,,0,,0,NA,NewYork,BREAK,2000.02.22 16:00,BOUNCE,2000.02.23 22:00,1.44480,BOUNCE,2000.01.20 17:00,1,2000.02.14 19:00,1,2000.02.15 15:00,0,,2,3w 4d,NewYork,NA,,NA,,1.45560,BREAK,2000.02.14 19:00,0,,0,,0,,0,NA,NewYork,BOUNCE,2000.02.15 18:00,NA,,S-ZB-BO,S-ZH-BR,B-ZG-BO,B-ZE-UN,B-ZF-UN,B-ZE-BO,B-ZB-BR,S-ZC-BO,B-ZF-BR,S-ZD-BO,S-ZO-BO,B-ZG-BR,S-ZF-BO,S-ZB-UN,S-ZO-UN,S-ZF-UN,B-ZF-BO,B-ZO-BR,S-ZE-UN,B-ZC-BO
34,2000.01.19 00:00,USDCAD,60,86400,SELL,ZO,0,1.45250,1.44870,380.0,1.45210,1.44690,520.0,136.842,10.53,340.0,89.7,1.45210,1.44870,1.44350,BOUNCE,2000.01.20 18:00,1,2000.01.28 19:00,1,2000.02.14 19:00,1,2000.02.14 19:00,3,3w 4d,NewYork,NA,,NA,,1.45590,BREAK,2000.02.14 19:00,0,,0,,0,,0,NA,NewYork,BOUNCE,2000.02.15 18:00,NA,,1.44530,BREAK,2000.01.20 17:00,0,,0,,0,,0,NA,NewYork,BREAK,2000.01.21 20:00,BREAK,2000.01.21 21:00,1.45550,BREAK,2000.02.14 19:00,0,,0,,0,,0,NA,NewYork,BOUNCE,2000.02.15 18:00,NA,,S-ZC-BR,S-ZB-BO,S-ZH-BR,B-ZG-BO,B-ZE-UN,B-ZF-UN,B-ZE-BO,B-ZB-BR,S-ZC-BO,B-ZF-BR,B-ZG-BR,S-ZF-BO,S-ZB-UN,S-ZO-UN,S-ZF-UN,B-ZF-BO,B-ZO-BR,S-ZE-UN,B-ZC-BO,B-ZE-BO
35,2000.01.20 00:00,USDCAD,60,86400,BUY,ZG,0,1.45210,1.44690,520.0,1.45340,1.44810,530.0,101.923,23.08,400.0,122.7,1.45210,1.44810,1.45740,BREAK,2000.02.14 22:00,0,,0,,0,,0,NA,Other,BREAK,2000.02.22 16:00,BREAK,2000.02.23 16:00,1.44290,BREAK,2000.01.21 18:00,0,,0,,0,,0,NA,NewYork,BREAK,2000.01.21 21:00,BREAK,2000.01.27 17:00,1.45610,BREAK,2000.02.14 19:00,0,,0,,0,,0,NA,NewYork,BREAK,2000.02.22 16:00,BREAK,2000.02.23 15:00,1.44410,BOUNCE,2000.01.20 17:00,1,2000.02.14 19:00,1,2000.02.14 19:00,0,,2,3w 4d,NewYork,NA,,NA,,S-ZO-BO,S-ZC-BR,S-ZB-BO,S-ZH-BR,B-ZG-BO,B-ZE-UN,B-ZF-UN,B-ZE-BO,B-ZB-BR,S-ZC-BO,S-ZF-BO,S-ZB-UN,S-ZO-UN,S-ZF-UN,B-ZF-BO,B-ZO-BR,S-ZE-UN,B-ZC-BO,B-ZE-BO,S-ZD-UN
36,2000.01.21 00:00,USDCAD,60,86400,SELL,ZF,1,1.45340,1.44810,530.0,1.45300,1.44350,950.0,179.245,7.55,490.0,125.1,1.45300,1.44810,1.43860,BOUNCE,2000.01.21 20:00,1,2000.01.28 19:00,1,2000.02.15 15:00,1,2000.02.15 15:00,3,3w 3d,NewYork,NA,,NA,,1.45830,BREAK,2000.02.15 15:00,0,,0,,0,,0,NA,NewYork,BOUNCE,2000.02.22 16:00,NA,,1.44320,BREAK,2000.01.21 18:00,0,,0,,0,,0,NA,NewYork,BOUNCE,2000.01.24 03:00,NA,,1.45790,BREAK,2000.02.15 15:00,0,,0,,0,,0,NA,NewYork,BOUNCE,2000.02.22 16:00,NA,,B-ZG-BR,S-ZO-BO,S-ZC-BR,S-ZB-BO,S-ZH-BR,B-ZG-BO,B-ZE-UN,B-ZF-UN,B-ZE-BO,B-ZB-BR,S-ZB-UN,S-ZO-UN,S-ZF-UN,B-ZF-BO,B-ZO-BR,S-ZE-UN,B-ZC-BO,B-ZE-BO,S-ZD-UN,B-ZF-BO
37,2000.01.22 00:00,USDCAD,60,86400,SELL,ZB,1,1.45300,1.44350,950.0,1.44930,1.43750,1180.0,124.211,38.95,580.0,224.2,1.44930,1.44350,1.43170,UNTOUCHED,,0,,0,,0,,0,NA,Other,NA,,NA,,1.45880,BOUNCE,2000.02.15 16:00,1,2000.02.18 15:00,0,,0,,1,2d 23h,NewYork,NA,,NA,,1.43770,BOUNCE,2000.01.24 12:00,1,2000.02.14 19:00,1,2000.02.15 16:00,0,,2,3w 1d,London,NA,,NA,,1.45510,BREAK,2000.02.14 19:00,0,,0,,0,,0,NA,NewYork,BREAK,2000.02.22 16:00,BOUNCE,2000.02.23 23:00,S-ZF-BO,B-ZG-BR,S-ZO-BO,S-ZC-BR,S-ZB-BO,S-ZH-BR,B-ZG-BO,B-ZE-UN,B-ZF-UN,B-ZE-BO,S-ZO-UN,S-ZF-UN,B-ZF-BO,B-ZO-BR,S-ZE-UN,B-ZC-BO,B-ZE-BO,S-ZD-UN,B-ZF-BO,B-ZE-BO
38,2000.01.27 00:00,USDCAD,60,86400,SELL,ZO,0,1.44430,1.43640,790.0,1.44210,1.43600,610.0,77.215,27.85,570.0,186.4,1.44210,1.43640,1.43030,UNTOUCHED,,0,,0,,0,,0,NA,Other,NA,,NA,,1.45000,BOUNCE,2000.01.28 19:00,1,2000.02.02 22:00,0,,0,,1,5d 3h,NewYork,NA,,NA,,1.43070,UNTOUCHED,,0,,0,,0,,0,NA,Other,NA,,NA,,1.44780,BREAK,2000.01.28 19:00,0,,0,,0,,0,NA,NewYork,BOUNCE,2000.02.01 17:00,NA,,S-ZB-UN,S-ZF-BO,B-ZG-BR,S-ZO-BO,S-ZC-BR,S-ZB-BO,S-ZH-BR,B-ZG-BO,B-ZE-UN,B-ZF-UN,S-ZF-UN,B-ZF-BO,B-ZO-BR,S-ZE-UN,B-ZC-BO,B-ZE-BO,S-ZD-UN,B-ZF-BO,B-ZE-BO,S-ZH-BR
39,2000.01.28 00:00,USDCAD,60,86400,SELL,ZF,1,1.44210,1.43600,610.0,1.44020,1.43200,820.0,134.426,31.15,420.0,144.0,1.44020,1.43600,1.42780,UNTOUCHED,,0,,0,,0,,0,NA,Other,NA,,NA,,1.44630,BREAK,2000.01.28 19:00,0,,0,,0,,0,NA,NewYork,BOUNCE,2000.01.31 23:00,NA,,1.43180,UNTOUCHED,,0,,0,,0,,0,NA,Other,NA,,NA,,1.44440,BREAK,2000.01.28 19:00,0,,0,,0,,0,NA,NewYork,BOUNCE,2000.01.28 22:00,NA,,S-ZO-UN,S-ZB-UN,S-ZF-BO,B-ZG-BR,S-ZO-BO,S-ZC-BR,S-ZB-BO,S-ZH-BR,B-ZG-BO,B-ZE-UN,B-ZF-BO,B-ZO-BR,S-ZE-UN,B-ZC-BO,B-ZE-BO,S-ZD-UN,B-ZF-BO,B-ZE-BO,S-ZH-BR,S-ZE-BR
40,2000.01.29 00:00,USDCAD,60,86400,BUY,ZF,1,1.44020,1.43200,820.0,1.45090,1.43220,1870.0,228.049,2.44,800.0,193.5,1.44020,1.43220,1.45890,BOUNCE,2000.02.15 16:00,0,,0,,0,,0,NA,NewYork,NA,,NA,,1.42400,UNTOUCHED,,0,,0,,0,,0,NA,Other,NA,,NA,,1.44820,BREAK,2000.01.31 15:00,0,,0,,0,,0,NA,NewYork,BREAK,2000.02.15 15:00,BREAK,2000.02.23 15:00,1.42420,UNTOUCHED,,0,,0,,0,,0,NA,Other,NA,,NA,,S-ZF-UN,S-ZO-UN,S-ZB-UN,S-ZF-BO,B-ZG-BR,S-ZO-BO,S-ZC-BR,S-ZB-BO,S-ZH-BR,B-ZG-BO,B-ZO-BR,S-ZE-UN,B-ZC-BO,B-ZE-BO,S-ZD-UN,B-ZF-BO,B-ZE-BO,S-ZH-BR,S-ZE-BR,B-ZB-BO
41,2000.02.02 00:00,USDCAD,60,86400,BUY,ZO,0,1.45190,1.44400,790.0,1.45450,1.44440,1010.0,127.848,5.06,750.0,186.4,1.45190,1.44440,1.46200,BREAK,2000.02.22 16:00,0,,0,,0,,0,NA,NewYork,BREAK,2000.03.16 17:00,BOUNCE,2000.03.18 00:00,1.43650,BOUNCE,2000.02.03 00:00,1,2000.02.10 14:00,1,2000.02.15 16:00,1,2000.02.22 16:00,3,2w 5d,Asia,NA,,NA,,1.45940,BOUNCE,2000.02.15 16:00,0,,0,,0,,0,NA,NewYork,NA,,NA,,1.43690,BOUNCE,2000.02.03 00:00,1,2000.02.15 16:00,1,2000.02.15 16:00,0,,2,1w 5d,Asia,NA,,NA,,B-ZF-BO,S-ZF-UN,S-ZO-UN,S-ZB-UN,S-ZF-BO,B-ZG-BR,S-ZO-BO,S-ZC-BR,S-ZB-BO,S-ZH-BR,S-ZE-UN,B-ZC-BO,B-ZE-BO,S-ZD-UN,B-ZF-BO,B-ZE-BO,S-ZH-BR,S-ZE-BR,B-ZB-BO,B-ZE-BO
42,2000.02.04 00:00,USDCAD,60,86400,SELL,ZE,1,1.45480,1.43830,1650.0,1.44380,1.43540,840.0,50.909,66.67,550.0,389.4,1.44380,1.43830,1.42990,UNTOUCHED,,0,,0,,0,,0,NA,Other,NA,,NA,,1.46030,BREAK,2000.02.22 16:00,0,,0,,0,,0,NA,NewYork,BOUNCE,2000.02.24 00:00,NA,,1.43280,UNTOUCHED,,0,,0,,0,,0,NA,Other,NA,,NA,,1.44930,BOUNCE,2000.02.08 01:00,0,,0,,0,,0,NA,Asia,NA,,NA,,B-ZO-BR,B-ZF-BO,S-ZF-UN,S-ZO-UN,S-ZB-UN,S-ZF-BO,B-ZG-BR,S-ZO-BO,S-ZC-BR,S-ZB-BO,B-ZC-BO,B-ZE-BO,S-ZD-UN,B-ZF-BO,B-ZE-BO,S-ZH-BR,S-ZE-BR,B-ZB-BO,B-ZE-BO,S-ZD-BR
43,2000.02.05 00:00,USDCAD,60,86400,BUY,ZC,1,1.44380,1.43540,840.0,1.44770,1.43940,830.0,98.810,47.62,440.0,198.2,1.44380,1.43940,1.45210,BOUNCE,2000.02.10 14:00,0,,0,,0,,0,NA,NewYork,NA,,NA,,1.43100,UNTOUCHED,,0,,0,,0,,0,NA,Other,NA,,NA,,1.44820,BREAK,2000.02.08 00:00,0,,0,,0,,0,NA,Asia,BOUNCE,2000.02.10 15:00,NA,,1.43500,UNTOUCHED,,0,,0,,0,,0,NA,Other,NA,,NA,,S-ZE-UN,B-ZO-BR,B-ZF-BO,S-ZF-UN,S-ZO-UN,S-ZB-UN,S-ZF-BO,B-ZG-BR,S-ZO-BO,S-ZC-BR,B-ZE-BO,S-ZD-UN,B-ZF-BO,B-ZE-BO,S-ZH-BR,S-ZE-BR,B-ZB-BO,B-ZE-BO,S-ZD-BR,B-ZH-BR
44,2000.02.09 00:00,USDCAD,60,86400,BUY,ZE,1,1.44770,1.43660,1110.0,1.45070,1.44490,580.0,52.252,74.77,280.0,262.0,1.44770,1.44490,1.45350,BOUNCE,2000.02.10 14:00,1,2000.02.10 15:00,0,,0,,1,1h,NewYork,NA,,NA,,1.43380,UNTOUCHED,,0,,0,,0,,0,NA,Other,NA,,NA,,1.45050,BREAK,2000.02.10 13:00,0,,0,,0,,0,NA,NewYork,BREAK,2000.02.14 19:00,BREAK,2000.02.15 16:00,1.44210,BOUNCE,2000.02.09 16:00,1,2000.02.10 13:00,1,2000.02.10 13:00,0,,2,21h,NewYork,NA,,NA,,B-ZC-BO,S-ZE-UN,B-ZO-BR,B-ZF-BO,S-ZF-UN,S-ZO-UN,S-ZB-UN,S-ZF-BO,B-ZG-BR,S-ZO-BO,S-ZD-UN,B-ZF-BO,B-ZE-BO,S-ZH-BR,S-ZE-BR,B-ZB-BO,B-ZE-BO,S-ZD-BR,B-ZH-BR,S-ZG-UN
45,2000.02.10 00:00,USDCAD,60,86400,SELL,ZD,1,1.45070,1.44490,580.0,1.44780,1.44100,680.0,117.241,50.00,290.0,136.9,1.44780,1.44490,1.43810,UNTOUCHED,,0,,0,,0,,0,NA,Other,NA,,NA,,1.45360,BOUNCE,2000.02.10 14:00,1,2000.02.10 15:00,0,,0,,1,1h,NewYork,NA,,NA,,1.44200,UNTOUCHED,,0,,0,,0,,0,NA,Other,NA,,NA,,1.45070,BREAK,2000.02.10 13:00,0,,0,,0,,0,NA,NewYork,BREAK,2000.02.14 19:00,BREAK,2000.02.14 22:00,B-ZE-BO,B-ZC-BO,S-ZE-UN,B-ZO-BR,B-ZF-BO,S-ZF-UN,S-ZO-UN,S-ZB-UN,S-ZF-BO,B-ZG-BR,B-ZF-BO,B-ZE-BO,S-ZH-BR,S-ZE-BR,B-ZB-BO,B-ZE-BO,S-ZD-BR,B-ZH-BR,S-ZG-UN,B-ZF-BR
46,2000.02.11 00:00,USDCAD,60,86400,BUY,ZF,1,1.44780,1.44100,680.0,1.45370,1.44340,1030.0,151.471,35.29,440.0,160.5,1.44780,1.44340,1.45810,BOUNCE,2000.02.15 15:00,1,2000.02.16 18:00,0,,0,,1,1d 3h,NewYork,NA,,NA,,1.43660,UNTOUCHED,,0,,0,,0,,0,NA,Other,NA,,NA,,1.45220,BOUNCE,2000.02.11 18:00,0,,0,,0,,0,NA,NewYork,NA,,NA,,1.43900,UNTOUCHED,,0,,0,,0,,0,NA,Other,NA,,NA,,S-ZD-UN,B-ZE-BO,B-ZC-BO,S-ZE-UN,B-ZO-BR,B-ZF-BO,S-ZF-UN,S-ZO-UN,S-ZB-UN,S-ZF-BO,B-ZE-BO,S-ZH-BR,S-ZE-BR,B-ZB-BO,B-ZE-BO,S-ZD-BR,B-ZH-BR,S-ZG-UN,B-ZF-BR,B-ZD-BO
47,2000.02.16 00:00,USDCAD,60,86400,BUY,ZE,1,1.45790,1.44720,1070.0,1.45970,1.45490,480.0,44.860,71.96,300.0,252.5,1.45790,1.45490,1.46270,BOUNCE,2000.02.22 16:00,1,2000.02.24 16:00,1,2000.02.25 17:00,1,2000.03.01 16:00,3,1w 1d,NewYork,NA,,NA,,1.44420,BOUNCE,2000.03.01 16:00,1,2000.03.01 18:00,1,2000.03.08 18:00,1,2000.03.14 04:00,3,1w 5d,NewYork,NA,,NA,,1.46090,BREAK,2000.02.22 16:00,0,,0,,0,,0,NA,NewYork,BREAK,2000.02.23 16:00,BREAK,2000.03.15 16:00,1.45190,BREAK,2000.02.16 18:00,0,,0,,0,,0,NA,NewYork,BOUNCE,2000.02.21 14:00,NA,,B-ZF-BO,S-ZD-UN,B-ZE-BO,B-ZC-BO,S-ZE-UN,B-ZO-BR,B-ZF-BO,S-ZF-UN,S-ZO-UN,S-ZB-UN,S-ZH-BR,S-ZE-BR,B-ZB-BO,B-ZE-BO,S-ZD-BR,B-ZH-BR,S-ZG-UN,B-ZF-BR,B-ZD-BO,B-ZB-BO
48,2000.02.17 00:00,USDCAD,60,86400,SELL,ZH,1,1.45970,1.45490,480.0,1.45850,1.44930,920.0,191.667,25.00,360.0,113.3,1.45850,1.45490,1.44570,BREAK,2000.03.01 15:00,0,,0,,0,,0,NA,NewYork,UNTOUCHED,,NA,,1.46330,BOUNCE,2000.02.22 16:00,1,2000.02.24 16:00,1,2000.02.25 17:00,1,2000.03.01 15:00,3,1w 0d,NewYork,NA,,NA,,1.45130,BREAK,2000.02.17 11:00,0,,0,,0,,0,NA,London,BOUNCE,2000.02.18 18:00,NA,,1.46210,BREAK,2000.02.22 16:00,0,,0,,0,,0,NA,NewYork,BOUNCE,2000.02.23 22:00,NA,,B-ZE-BO,B-ZF-BO,S-ZD-UN,B-ZE-BO,B-ZC-BO,S-ZE-UN,B-ZO-BR,B-ZF-BO,S-ZF-UN,S-ZO-UN,S-ZE-BR,B-ZB-BO,B-ZE-BO,S-ZD-BR,B-ZH-BR,S-ZG-UN,B-ZF-BR,B-ZD-BO,B-ZB-BO,B-ZF-BR
49,2000.02.19 00:00,USDCAD,60,86400,SELL,ZE,1,1.45450,1.45050,400.0,1.45170,1.44720,450.0,112.500,70.00,120.0,94.4,1.45170,1.45050,1.44600,BREAK,2000.03.01 15:00,0,,0,,0,,0,NA,NewYork,BREAK,2000.03.01 16:00,UNTOUCHED,,1.45570,BOUNCE,2000.02.21 23:00,1,2000.02.25 12:00,1,2000.02.25 17:00,1,2000.03.01 15:00,3,1w 1d,Other,NA,,NA,,1.44930,BOUNCE,2000.02.19 01:00,1,2000.02.21 14:00,1,2000.02.21 23:00,0,,2,2d 22h,Asia,NA,,NA,,1.45290,BOUNCE,2000.02.21 14:00,1,2000.02.25 17:00,1,2000.02.25 17:00,0,,2,4d 3h,NewYork,NA,,NA,,S-ZH-BR,B-ZE-BO,B-ZF-BO,S-ZD-UN,B-ZE-BO,B-ZC-BO,S-ZE-UN,B-ZO-BR,B-ZF-BO,S-ZF-UN,B-ZB-BO,B-ZE-BO,S-ZD-BR,B-ZH-BR,S-ZG-UN,B-ZF-BR,B-ZD-BO,B-ZB-BO,B-ZF-BR,B-ZE-BR
50,2000.02.23 00:00,USDCAD,60,86400,BUY,ZB,1,1.45600,1.44870,730.0,1.46390,1.45400,990.0,135.616,72.60,200.0,172.3,1.45600,1.45400,1.46590,BOUNCE,2000.02.23 15:00,1,2000.02.23 22:00,1,2000.02.25 17:00,1,2000.03.01 15:00,3,1w 0d,NewYork,NA,,NA,,1.44670,BREAK,2000.03.01 15:00,0,,0,,0,,0,NA,NewYork,BOUNCE,2000.03.01 17:00,NA,,1.45800,BREAK,2000.02.23 00:00,0,,0,,0,,0,NA,Asia,BREAK,2000.02.23 01:00,BREAK,2000.02.23 11:00,1.45200,BREAK,2000.02.25 17:00,0,,0,,0,,0,NA,NewYork,BOUNCE,2000.02.25 18:00,NA,,S-ZE-BR,S-ZH-BR,B-ZE-BO,B-ZF-BO,S-ZD-UN,B-ZE-BO,B-ZC-BO,S-ZE-UN,B-ZO-BR,B-ZF-BO,B-ZE-BO,S-ZD-BR,B-ZH-BR,S-ZG-UN,B-ZF-BR,B-ZD-BO,B-ZB-BO,B-ZF-BR,B-ZE-BR,S-ZD-BO
51,2000.02.24 00:00,USDCAD,60,86400,BUY,ZE,1,1.46390,1.45400,990.0,1.46680,1.46090,590.0,59.596,69.70,300.0,233.6,1.46390,1.46090,1.46980,BOUNCE,2000.03.15 17:00,1,2000.03.24 18:00,1,2000.03.27 18:00,1,2000.03.31 15:00,3,2w 1d,NewYork,NA,,NA,,1.45100,BREAK,2000.02.25 17:00,0,,0,,0,,0,NA,NewYork,BOUNCE,2000.02.28 07:00,NA,,1.46690,BREAK,2000.03.15 16:00,0,,0,,0,,0,NA,NewYork,BOUNCE,2000.03.16 16:00,NA,,1.45790,BREAK,2000.02.24 16:00,0,,0,,0,,0,NA,NewYork,BREAK,2000.02.25 12:00,BREAK,2000.02.25 17:00,B-ZB-BO,S-ZE-BR,S-ZH-BR,B-ZE-BO,B-ZF-BO,S-ZD-UN,B-ZE-BO,B-ZC-BO,S-ZE-UN,B-ZO-BR,S-ZD-BR,B-ZH-BR,S-ZG-UN,B-ZF-BR,B-ZD-BO,B-ZB-BO,B-ZF-BR,B-ZE-BR,S-ZD-BO,S-ZO-BR
52,2000.02.25 00:00,USDCAD,60,86400,SELL,ZD,1,1.46680,1.46090,590.0,1.46390,1.45440,950.0,161.017,49.15,300.0,139.2,1.46390,1.46090,1.45140,BREAK,2000.02.25 17:00,0,,0,,0,,0,NA,NewYork,BOUNCE,2000.02.25 18:00,NA,,1.46980,BOUNCE,2000.03.15 17:00,1,2000.03.24 18:00,1,2000.03.27 18:00,1,2000.03.31 14:00,3,2w 1d,NewYork,NA,,NA,,1.45790,BREAK,2000.02.25 00:00,0,,0,,0,,0,NA,Asia,BREAK,2000.02.25 01:00,BREAK,2000.02.25 17:00,1.46690,BREAK,2000.03.15 16:00,0,,0,,0,,0,NA,NewYork,BOUNCE,2000.03.16 16:00,NA,,B-ZE-BO,B-ZB-BO,S-ZE-BR,S-ZH-BR,B-ZE-BO,B-ZF-BO,S-ZD-UN,B-ZE-BO,B-ZC-BO,S-ZE-UN,B-ZH-BR,S-ZG-UN,B-ZF-BR,B-ZD-BO,B-ZB-BO,B-ZF-BR,B-ZE-BR,S-ZD-BO,S-ZO-BR,B-ZG-BR
53,2000.02.29 00:00,USDCAD,60,86400,BUY,ZH,1,1.44960,1.44730,230.0,1.45700,1.44740,960.0,417.391,4.35,220.0,54.3,1.44960,1.44740,1.45920,BREAK,2000.03.08 16:00,0,,0,,0,,0,NA,NewYork,BREAK,2000.03.08 18:00,BREAK,2000.03.14 21:00,1.44510,BOUNCE,2000.03.01 15:00,1,2000.03.01 18:00,1,2000.03.02 16:00,1,2000.03.08 16:00,3,1w 0d,NewYork,NA,,NA,,1.45180,BOUNCE,2000.02.29 00:00,1,2000.03.01 15:00,1,2000.03.01 15:00,0,,2,1d 15h,Asia,NA,,NA,,1.44520,BOUNCE,2000.03.01 15:00,1,2000.03.02 16:00,1,2000.03.02 16:00,0,,2,1d 1h,NewYork,NA,,NA,,S-ZD-BR,B-ZE-BO,B-ZB-BO,S-ZE-BR,S-ZH-BR,B-ZE-BO,B-ZF-BO,S-ZD-UN,B-ZE-BO,B-ZC-BO,S-ZG-UN,B-ZF-BR,B-ZD-BO,B-ZB-BO,B-ZF-BR,B-ZE-BR,S-ZD-BO,S-ZO-BR,B-ZG-BR,S-ZB-BO
54,2000.03.02 00:00,USDCAD,60,86400,SELL,ZG,1,1.45500,1.44800,700.0,1.45390,1.44340,1050.0,150.000,15.71,590.0,165.2,1.45390,1.44800,1.43750,UNTOUCHED,,0,,0,,0,,0,NA,Other,NA,,NA,,1.46090,BOUNCE,2000.03.08 18:00,1,2000.03.31 23:00,0,,0,,1,3w 2d,NewYork,NA,,NA,,1.44210,UNTOUCHED,,0,,0,,0,,0,NA,Other,NA,,NA,,1.45980,BREAK,2000.03.08 16:00,0,,0,,0,,0,NA,NewYork,BREAK,2000.03.15 16:00,BREAK,2000.03.16 17:00,B-ZH-BR,S-ZD-BR,B-ZE-BO,B-ZB-BO,S-ZE-BR,S-ZH-BR,B-ZE-BO,B-ZF-BO,S-ZD-UN,B-ZE-BO,B-ZF-BR,B-ZD-BO,B-ZB-BO,B-ZF-BR,B-ZE-BR,S-ZD-BO,S-ZO-BR,B-ZG-BR,S-ZB-BO,S-ZO-UN
55,2000.03.03 00:00,USDCAD,60,86400,BUY,ZF,0,1.45390,1.44340,1050.0,1.45900,1.44610,1290.0,122.857,25.71,780.0,247.8,1.45390,1.44610,1.46680,BREAK,2000.03.15 16:00,0,,0,,0,,0,NA,NewYork,BREAK,2000.03.17 16:00,BREAK,2000.04.17 18:00,1.43560,UNTOUCHED,,0,,0,,0,,0,NA,Other,NA,,NA,,1.46170,BOUNCE,2000.03.08 18:00,0,,0,,0,,0,NA,NewYork,NA,,NA,,1.43830,UNTOUCHED,,0,,0,,0,,0,NA,Other,NA,,NA,,S-ZG-UN,B-ZH-BR,S-ZD-BR,B-ZE-BO,B-ZB-BO,S-ZE-BR,S-ZH-BR,B-ZE-BO,B-ZF-BO,S-ZD-UN,B-ZD-BO,B-ZB-BO,B-ZF-BR,B-ZE-BR,S-ZD-BO,S-ZO-BR,B-ZG-BR,S-ZB-BO,S-ZO-UN,B-ZO-BR
56,2000.03.15 00:00,USDCAD,60,86400,BUY,ZD,1,1.46230,1.45650,580.0,1.46590,1.45920,670.0,115.517,46.55,310.0,136.9,1.46230,1.45920,1.46900,BOUNCE,2000.03.15 16:00,1,2000.03.24 23:00,1,2000.03.28 05:00,1,2000.03.28 18:00,3,1w 6d,NewYork,NA,,NA,,1.45340,BOUNCE,2000.03.28 18:00,1,2000.03.30 17:00,1,2000.04.12 11:00,1,2000.04.13 19:00,3,2w 2d,NewYork,NA,,NA,,1.46540,BREAK,2000.03.15 00:00,0,,0,,0,,0,NA,Asia,BOUNCE,2000.03.16 10:00,NA,,1.45610,BREAK,2000.03.28 05:00,0,,0,,0,,0,NA,Asia,BOUNCE,2000.03.29 10:00,NA,,B-ZF-BR,S-ZG-UN,B-ZH-BR,S-ZD-BR,B-ZE-BO,B-ZB-BO,S-ZE-BR,S-ZH-BR,B-ZE-BO,B-ZF-BO,B-ZB-BO,B-ZF-BR,B-ZE-BR,S-ZD-BO,S-ZO-BR,B-ZG-BR,S-ZB-BO,S-ZO-UN,B-ZO-BR,S-ZH-UN
57,2000.03.16 00:00,USDCAD,60,86400,BUY,ZB,1,1.46590,1.45920,670.0,1.46980,1.46240,740.0,110.448,47.76,350.0,158.1,1.46590,1.46240,1.47330,BOUNCE,2000.03.16 17:00,1,2000.03.21 18:00,1,2000.03.27 18:00,1,2000.03.28 05:00,3,1w 4d,NewYork,NA,,NA,,1.45570,BREAK,2000.03.28 05:00,0,,0,,0,,0,NA,Asia,BOUNCE,2000.03.29 10:00,NA,,1.46940,BREAK,2000.03.16 15:00,0,,0,,0,,0,NA,NewYork,BREAK,2000.03.16 22:00,BOUNCE,2000.03.17 14:00,1.45890,BREAK,2000.03.27 18:00,0,,0,,0,,0,NA,NewYork,BREAK,2000.03.28 18:00,BREAK,2000.03.31 15:00,B-ZD-BO,B-ZF-BR,S-ZG-UN,B-ZH-BR,S-ZD-BR,B-ZE-BO,B-ZB-BO,S-ZE-BR,S-ZH-BR,B-ZE-BO,B-ZF-BR,B-ZE-BR,S-ZD-BO,S-ZO-BR,B-ZG-BR,S-ZB-BO,S-ZO-UN,B-ZO-BR,S-ZH-UN,S-ZO-UN
58,2000.03.17 00:00,USDCAD,60,86400,BUY,ZF,1,1.46980,1.46240,740.0,1.47480,1.46520,960.0,129.730,37.84,460.0,174.6,1.46980,1.46520,1.47940,BREAK,2000.04.17 10:00,0,,0,,0,,0,NA,London,BREAK,2000.04.17 18:00,BOUNCE,2000.04.17 19:00,1.45780,BREAK,2000.03.27 18:00,0,,0,,0,,0,NA,NewYork,BOUNCE,2000.03.29 15:00,NA,,1.47440,BREAK,2000.03.17 14:00,0,,0,,0,,0,NA,NewYork,BREAK,2000.04.17 13:00,BREAK,2000.04.17 18:00,1.46060,BREAK,2000.03.27 17:00,0,,0,,0,,0,NA,NewYork,BREAK,2000.03.28 18:00,BREAK,2000.03.31 22:00,B-ZB-BO,B-ZD-BO,B-ZF-BR,S-ZG-UN,B-ZH-BR,S-ZD-BR,B-ZE-BO,B-ZB-BO,S-ZE-BR,S-ZH-BR,B-ZE-BR,S-ZD-BO,S-ZO-BR,B-ZG-BR,S-ZB-BO,S-ZO-UN,B-ZO-BR,S-ZH-UN,S-ZO-UN,B-ZO-BR
59,2000.03.18 00:00,USDCAD,60,86400,BUY,ZE,1,1.47480,1.46520,960.0,1.47730,1.47000,730.0,76.042,50.00,480.0,226.6,1.47480,1.47000,1.48210,BREAK,2000.04.17 13:00,0,,0,,0,,0,NA,NewYork,BREAK,2000.04.18 15:00,BREAK,2000.05.03 23:00,1.46040,BREAK,2000.03.27 17:00,0,,0,,0,,0,NA,NewYork,BREAK,2000.03.28 21:00,BREAK,2000.03.31 23:00,1.47960,BREAK,2000.04.17 10:00,0,,0,,0,,0,NA,London,BREAK,2000.04.17 18:00,BOUNCE,2000.04.18 17:00,1.46520,BREAK,2000.03.24 16:00,0,,0,,0,,0,NA,NewYork,BREAK,2000.03.27 18:00,BREAK,2000.03.28 21:00,B-ZF-BR,B-ZB-BO,B-ZD-BO,B-ZF-BR,S-ZG-UN,B-ZH-BR,S-ZD-BR,B-ZE-BO,B-ZB-BO,S-ZE-BR,S-ZD-BO,S-ZO-BR,B-ZG-BR,S-ZB-BO,S-ZO-UN,B-ZO-BR,S-ZH-UN,S-ZO-UN,B-ZO-BR,S-ZE-UN
60,2000.03.20 02:00,USDCAD,60,86400,SELL,ZD,1,1.47730,1.47000,730.0,1.47180,1.46870,310.0,42.466,75.34,180.0,172.3,1.47180,1.47000,1.46690,BOUNCE,2000.03.21 18:00,1,2000.03.22 00:00,1,2000.03.23 17:00,1,2000.04.17 10:00,3,3w 5d,NewYork,NA,,NA,,1.47910,BOUNCE,2000.04.17 10:00,1,2000.04.19 17:00,1,2000.04.25 22:00,1,2000.04.26 09:00,3,1w 1d,London,NA,,NA,,1.46820,BOUNCE,2000.03.20 16:00,1,2000.03.23 17:00,1,2000.04.17 10:00,0,,2,3w 6d,NewYork,NA,,NA,,1.47360,BOUNCE,2000.03.23 17:00,1,2000.03.23 23:00,1,2000.03.23 23:00,0,,2,6h,NewYork,NA,,NA,,B-ZE-BR,B-ZF-BR,B-ZB-BO,B-ZD-BO,B-ZF-BR,S-ZG-UN,B-ZH-BR,S-ZD-BR,B-ZE-BO,B-ZB-BO,S-ZO-BR,B-ZG-BR,S-ZB-BO,S-ZO-UN,B-ZO-BR,S-ZH-UN,S-ZO-UN,B-ZO-BR,S-ZE-UN,B-ZD-BO
61,2000.03.21 00:00,USDCAD,60,86400,SELL,ZO,0,1.47180,1.46870,310.0,1.47150,1.46740,410.0,132.258,9.68,280.0,73.2,1.47150,1.46870,1.46460,BREAK,2000.03.24 18:00,0,,0,,0,,0,NA,NewYork,BOUNCE,2000.03.24 23:00,NA,,1.47460,BOUNCE,2000.03.23 19:00,1,2000.03.23 22:00,1,2000.03.24 15:00,1,2000.03.24 18:00,3,23h,NewYork,NA,,NA,,1.46590,BOUNCE,2000.03.21 19:00,1,2000.03.23 19:00,1,2000.03.23 19:00,0,,2,2d 0h,NewYork,NA,,NA,,1.47430,BOUNCE,2000.03.23 19:00,1,2000.03.24 15:00,1,2000.03.24 15:00,0,,2,20h,NewYork,NA,,NA,,S-ZD-BO,B-ZE-BR,B-ZF-BR,B-ZB-BO,B-ZD-BO,B-ZF-BR,S-ZG-UN,B-ZH-BR,S-ZD-BR,B-ZE-BO,B-ZG-BR,S-ZB-BO,S-ZO-UN,B-ZO-BR,S-ZH-UN,S-ZO-UN,B-ZO-BR,S-ZE-UN,B-ZD-BO,B-ZO-BR
62,2000.03.24 00:00,USDCAD,60,86400,BUY,ZG,1,1.47250,1.46690,560.0,1.47670,1.46770,900.0,160.714,14.29,480.0,132.2,1.47250,1.46770,1.48150,BREAK,2000.04.17 13:00,0,,0,,0,,0,NA,NewYork,BREAK,2000.04.17 19:00,BREAK,2000.05.03 18:00,1.46210,BREAK,2000.03.24 23:00,0,,0,,0,,0,NA,Other,BREAK,2000.03.28 05:00,BOUNCE,2000.03.29 15:00,1.47730,BREAK,2000.04.14 21:00,0,,0,,0,,0,NA,Other,BREAK,2000.04.17 14:00,BREAK,2000.04.17 19:00,1.46290,BREAK,2000.03.24 23:00,0,,0,,0,,0,NA,Other,BREAK,2000.03.28 01:00,BREAK,2000.03.29 19:00,S-ZO-BR,S-ZD-BO,B-ZE-BR,B-ZF-BR,B-ZB-BO,B-ZD-BO,B-ZF-BR,S-ZG-UN,B-ZH-BR,S-ZD-BR,S-ZB-BO,S-ZO-UN,B-ZO-BR,S-ZH-UN,S-ZO-UN,B-ZO-BR,S-ZE-UN,B-ZD-BO,B-ZO-BR,B-ZB-BR
63,2000.03.25 00:00,USDCAD,60,86400,SELL,ZB,1,1.47670,1.46770,900.0,1.47040,1.46170,870.0,96.667,70.00,270.0,212.4,1.47040,1.46770,1.45900,BOUNCE,2000.03.27 17:00,1,2000.04.11 16:00,1,2000.04.13 20:00,1,2000.04.17 10:00,3,2w 6d,NewYork,NA,,NA,,1.47940,BREAK,2000.04.17 10:00,0,,0,,0,,0,NA,London,BREAK,2000.04.17 17:00,BREAK,2000.04.17 18:00,1.46500,BREAK,2000.03.25 00:00,0,,0,,0,,0,NA,Asia,BREAK,2000.03.27 17:00,BREAK,2000.03.27 18:00,1.47310,BOUNCE,2000.04.13 20:00,0,,0,,0,,0,NA,NewYork,NA,,NA,,B-ZG-BR,S-ZO-BR,S-ZD-BO,B-ZE-BR,B-ZF-BR,B-ZB-BO,B-ZD-BO,B-ZF-BR,S-ZG-UN,B-ZH-BR,S-ZO-UN,B-ZO-BR,S-ZH-UN,S-ZO-UN,B-ZO-BR,S-ZE-UN,B-ZD-BO,B-ZO-BR,B-ZB-BR,B-ZF-BR
64,2000.03.30 00:00,USDCAD,60,86400,SELL,ZO,0,1.46080,1.45200,880.0,1.45850,1.45190,660.0,75.000,26.14,650.0,207.7,1.45850,1.45200,1.44540,UNTOUCHED,,0,,0,,0,,0,NA,Other,NA,,NA,,1.46730,BREAK,2000.04.13 19:00,0,,0,,0,,0,NA,NewYork,BREAK,2000.04.14 15:00,BREAK,2000.04.17 13:00,1.44550,UNTOUCHED,,0,,0,,0,,0,NA,Other,NA,,NA,,1.46500,BREAK,2000.04.11 16:00,0,,0,,0,,0,NA,NewYork,BREAK,2000.04.14 14:00,BREAK,2000.04.17 10:00,S-ZB-BO,B-ZG-BR,S-ZO-BR,S-ZD-BO,B-ZE-BR,B-ZF-BR,B-ZB-BO,B-ZD-BO,B-ZF-BR,S-ZG-UN,B-ZO-BR,S-ZH-UN,S-ZO-UN,B-ZO-BR,S-ZE-UN,B-ZD-BO,B-ZO-BR,B-ZB-BR,B-ZF-BR,B-ZE-BO
65,2000.03.31 00:00,USDCAD,60,86400,BUY,ZO,0,1.45850,1.45190,660.0,1.46000,1.45400,600.0,90.909,31.82,450.0,155.8,1.45850,1.45400,1.46450,BREAK,2000.04.11 16:00,0,,0,,0,,0,NA,NewYork,BREAK,2000.04.13 19:00,BREAK,2000.04.14 15:00,1.44740,BOUNCE,2000.04.03 02:00,1,2000.04.05 12:00,1,2000.04.11 15:00,1,2000.04.11 16:00,3,1w 1d,Asia,NA,,NA,,1.46300,BREAK,2000.04.11 15:00,0,,0,,0,,0,NA,NewYork,BREAK,2000.04.13 19:00,BREAK,2000.04.14 14:00,1.44950,BREAK,2000.03.31 22:00,0,,0,,0,,0,NA,Other,UNTOUCHED,,NA,,S-ZO-UN,S-ZB-BO,B-ZG-BR,S-ZO-BR,S-ZD-BO,B-ZE-BR,B-ZF-BR,B-ZB-BO,B-ZD-BO,B-ZF-BR,S-ZH-UN,S-ZO-UN,B-ZO-BR,S-ZE-UN,B-ZD-BO,B-ZO-BR,B-ZB-BR,B-ZF-BR,B-ZE-BO,S-ZE-BO
66,2000.04.01 00:00,USDCAD,60,86400,SELL,ZH,1,1.46000,1.45400,600.0,1.45780,1.44850,930.0,155.000,36.67,380.0,141.6,1.45780,1.45400,1.44470,UNTOUCHED,,0,,0,,0,,0,NA,Other,NA,,NA,,1.46380,BREAK,2000.04.11 16:00,0,,0,,0,,0,NA,NewYork,BREAK,2000.04.13 19:00,BREAK,2000.04.13 20:00,1.45020,BREAK,2000.04.01 00:00,0,,0,,0,,0,NA,Asia,UNTOUCHED,,NA,,1.46160,BREAK,2000.04.10 21:00,0,,0,,0,,0,NA,Other,BOUNCE,2000.04.12 18:00,NA,,B-ZO-BR,S-ZO-UN,S-ZB-BO,B-ZG-BR,S-ZO-BR,S-ZD-BO,B-ZE-BR,B-ZF-BR,B-ZB-BO,B-ZD-BO,S-ZO-UN,B-ZO-BR,S-ZE-UN,B-ZD-BO,B-ZO-BR,B-ZB-BR,B-ZF-BR,B-ZE-BO,S-ZE-BO,B-ZC-BR
67,2000.04.05 00:00,USDCAD,60,86400,SELL,ZO,0,1.45480,1.44710,770.0,1.45450,1.44700,750.0,97.403,3.90,740.0,181.7,1.45450,1.44710,1.43960,UNTOUCHED,,0,,0,,0,,0,NA,Other,NA,,NA,,1.46220,BREAK,2000.04.10 22:00,0,,0,,0,,0,NA,Other,BREAK,2000.04.13 19:00,BREAK,2000.04.17 09:00,1.43970,UNTOUCHED,,0,,0,,0,,0,NA,Other,NA,,NA,,1.46190,BREAK,2000.04.10 22:00,0,,0,,0,,0,NA,Other,BREAK,2000.04.13 19:00,BREAK,2000.04.17 09:00,S-ZH-UN,B-ZO-BR,S-ZO-UN,S-ZB-BO,B-ZG-BR,S-ZO-BR,S-ZD-BO,B-ZE-BR,B-ZF-BR,B-ZB-BO,B-ZO-BR,S-ZE-UN,B-ZD-BO,B-ZO-BR,B-ZB-BR,B-ZF-BR,B-ZE-BO,S-ZE-BO,B-ZC-BR,S-ZO-UN
68,2000.04.06 00:00,USDCAD,60,86400,BUY,ZO,0,1.45450,1.44700,750.0,1.45690,1.44950,740.0,98.667,33.33,500.0,177.0,1.45450,1.44950,1.46190,BREAK,2000.04.10 22:00,0,,0,,0,,0,NA,Other,BREAK,2000.04.13 19:00,BREAK,2000.04.14 14:00,1.44200,UNTOUCHED,,0,,0,,0,,0,NA,Other,NA,,NA,,1.45950,BREAK,2000.04.10 01:00,0,,0,,0,,0,NA,Asia,BREAK,2000.04.12 11:00,BREAK,2000.04.13 19:00,1.44450,UNTOUCHED,,0,,0,,0,,0,NA,Other,NA,,NA,,S-ZO-UN,S-ZH-UN,B-ZO-BR,S-ZO-UN,S-ZB-BO,B-ZG-BR,S-ZO-BR,S-ZD-BO,B-ZE-BR,B-ZF-BR,S-ZE-UN,B-ZD-BO,B-ZO-BR,B-ZB-BR,B-ZF-BR,B-ZE-BO,S-ZE-BO,B-ZC-BR,S-ZO-UN,B-ZD-BO
69,2000.04.07 00:00,USDCAD,60,86400,SELL,ZE,1,1.45690,1.44950,740.0,1.45370,1.44870,500.0,67.568,43.24,420.0,174.6,1.45370,1.44950,1.44450,UNTOUCHED,,0,,0,,0,,0,NA,Other,NA,,NA,,1.46110,BREAK,2000.04.10 18:00,0,,0,,0,,0,NA,NewYork,BOUNCE,2000.04.13 14:00,NA,,1.44530,UNTOUCHED,,0,,0,,0,,0,NA,Other,NA,,NA,,1.45790,BREAK,2000.04.07 17:00,0,,0,,0,,0,NA,NewYork,BREAK,2000.04.11 16:00,BOUNCE,2000.04.12 16:00,B-ZO-BR,S-ZO-UN,S-ZH-UN,B-ZO-BR,S-ZO-UN,S-ZB-BO,B-ZG-BR,S-ZO-BR,S-ZD-BO,B-ZE-BR,B-ZD-BO,B-ZO-BR,B-ZB-BR,B-ZF-BR,B-ZE-BO,S-ZE-BO,B-ZC-BR,S-ZO-UN,B-ZD-BO,B-ZB-BR
70,2000.04.08 00:00,USDCAD,60,86400,BUY,ZD,1,1.45370,1.44870,500.0,1.45890,1.45170,720.0,144.000,60.00,200.0,118.0,1.45370,1.45170,1.46090,BOUNCE,2000.04.10 18:00,0,,0,,0,,0,NA,NewYork,NA,,NA,,1.44670,UNTOUCHED,,0,,0,,0,,0,NA,Other,NA,,NA,,1.45570,BREAK,2000.04.08 00:00,0,,0,,0,,0,NA,Asia,BREAK,2000.04.10 01:00,BOUNCE,2000.04.10 02:00,1.44970,UNTOUCHED,,0,,0,,0,,0,NA,Other,NA,,NA,,S-ZE-UN,B-ZO-BR,S-ZO-UN,S-ZH-UN,B-ZO-BR,S-ZO-UN,S-ZB-BO,B-ZG-BR,S-ZO-BR,S-ZD-BO,B-ZO-BR,B-ZB-BR,B-ZF-BR,B-ZE-BO,S-ZE-BO,B-ZC-BR,S-ZO-UN,B-ZD-BO,B-ZB-BR,S-ZF-BR
71,2000.04.13 00:00,USDCAD,60,86400,BUY,ZO,0,1.46500,1.46020,480.0,1.46640,1.46160,480.0,100.000,29.17,340.0,113.3,1.46500,1.46160,1.46980,BREAK,2000.04.13 19:00,0,,0,,0,,0,NA,NewYork,BOUNCE,2000.04.14 11:00,NA,,1.45680,UNTOUCHED,,0,,0,,0,,0,NA,Other,NA,,NA,,1.46840,BREAK,2000.04.13 19:00,0,,0,,0,,0,NA,NewYork,BREAK,2000.04.13 20:00,BREAK,2000.04.14 15:00,1.45820,UNTOUCHED,,0,,0,,0,,0,NA,Other,NA,,NA,,B-ZD-BO,S-ZE-UN,B-ZO-BR,S-ZO-UN,S-ZH-UN,B-ZO-BR,S-ZO-UN,S-ZB-BO,B-ZG-BR,S-ZO-BR,B-ZB-BR,B-ZF-BR,B-ZE-BO,S-ZE-BO,B-ZC-BR,S-ZO-UN,B-ZD-BO,B-ZB-BR,S-ZF-BR,B-ZO-BR
72,2000.04.15 00:00,USDCAD,60,86400,BUY,ZB,1,1.47320,1.46020,1300.0,1.47750,1.46890,860.0,66.154,66.92,430.0,306.8,1.47320,1.46890,1.48180,BREAK,2000.04.17 13:00,0,,0,,0,,0,NA,NewYork,BREAK,2000.04.18 15:00,BREAK,2000.05.03 20:00,1.45590,UNTOUCHED,,0,,0,,0,,0,NA,Other,NA,,NA,,1.47750,BREAK,2000.04.17 09:00,0,,0,,0,,0,NA,London,BREAK,2000.04.17 18:00,BREAK,2000.04.18 15:00,1.46460,UNTOUCHED,,0,,0,,0,,0,NA,Other,NA,,NA,,B-ZO-BR,B-ZD-BO,S-ZE-UN,B-ZO-BR,S-ZO-UN,S-ZH-UN,B-ZO-BR,S-ZO-UN,S-ZB-BO,B-ZG-BR,B-ZF-BR,B-ZE-BO,S-ZE-BO,B-ZC-BR,S-ZO-UN,B-ZD-BO,B-ZB-BR,S-ZF-BR,B-ZO-BR,S-ZF-BR
73,2000.04.18 00:00,USDCAD,60,86400,BUY,ZF,1,1.47700,1.47520,180.0,1.48870,1.47530,1340.0,744.444,5.56,170.0,42.5,1.47700,1.47530,1.49040,BREAK,2000.05.03 17:00,0,,0,,0,,0,NA,NewYork,BREAK,2000.05.03 18:00,BOUNCE,2000.05.03 22:00,1.47350,BREAK,2000.04.19 19:00,0,,0,,0,,0,NA,NewYork,BREAK,2000.04.20 16:00,BREAK,2000.04.25 18:00,1.47870,BREAK,2000.04.18 00:00,0,,0,,0,,0,NA,Asia,BREAK,2000.04.18 01:00,BREAK,2000.04.18 02:00,1.47360,BREAK,2000.04.19 19:00,0,,0,,0,,0,NA,NewYork,BREAK,2000.04.20 16:00,BOUNCE,2000.04.25 16:00,B-ZB-BR,B-ZO-BR,B-ZD-BO,S-ZE-UN,B-ZO-BR,S-ZO-UN,S-ZH-UN,B-ZO-BR,S-ZO-UN,S-ZB-BO,B-ZE-BO,S-ZE-BO,B-ZC-BR,S-ZO-UN,B-ZD-BO,B-ZB-BR,S-ZF-BR,B-ZO-BR,S-ZF-BR,S-ZB-BR
74,2000.04.19 00:00,USDCAD,60,86400,BUY,ZE,1,1.48870,1.47530,1340.0,1.48940,1.48060,880.0,65.672,39.55,810.0,316.2,1.48870,1.48060,1.49750,BOUNCE,2000.05.04 17:00,0,,0,,0,,0,NA,NewYork,NA,,NA,,1.46720,BOUNCE,2000.04.26 09:00,1,2000.04.27 15:00,1,2000.05.04 16:00,1,2000.05.04 17:00,3,1w 1d,London,NA,,NA,,1.49680,BREAK,2000.05.04 16:00,0,,0,,0,,0,NA,NewYork,BOUNCE,2000.05.19 15:00,NA,,1.47250,BREAK,2000.04.19 20:00,0,,0,,0,,0,NA,NewYork,UNTOUCHED,,NA,,B-ZF-BR,B-ZB-BR,B-ZO-BR,B-ZD-BO,S-ZE-UN,B-ZO-BR,S-ZO-UN,S-ZH-UN,B-ZO-BR,S-ZO-UN,S-ZE-BO,B-ZC-BR,S-ZO-UN,B-ZD-BO,B-ZB-BR,S-ZF-BR,B-ZO-BR,S-ZF-BR,S-ZB-BR,S-ZD-BR
75,2000.04.21 00:00,USDCAD,60,86400,SELL,ZE,1,1.48240,1.47230,1010.0,1.47680,1.47120,560.0,55.446,55.45,450.0,238.4,1.47680,1.47230,1.46670,BOUNCE,2000.04.26 09:00,1,2000.04.26 18:00,1,2000.04.27 15:00,1,2000.05.02 18:00,3,6d 9h,London,NA,,NA,,1.48690,BREAK,2000.05.02 18:00,0,,0,,0,,0,NA,NewYork,BREAK,2000.05.03 21:00,BOUNCE,2000.05.04 15:00,1.46780,BOUNCE,2000.04.25 22:00,1,2000.04.27 15:00,1,2000.05.02 18:00,0,,2,6d 20h,Other,NA,,NA,,1.48130,BOUNCE,2000.04.27 15:00,0,,0,,0,,0,NA,NewYork,NA,,NA,,B-ZE-BO,B-ZF-BR,B-ZB-BR,B-ZO-BR,B-ZD-BO,S-ZE-UN,B-ZO-BR,S-ZO-UN,S-ZH-UN,B-ZO-BR,B-ZC-BR,S-ZO-UN,B-ZD-BO,B-ZB-BR,S-ZF-BR,B-ZO-BR,S-ZF-BR,S-ZB-BR,S-ZD-BR,B-ZF-BR
76,2000.04.28 00:00,USDCAD,60,86400,BUY,ZC,1,1.47830,1.46650,1180.0,1.48420,1.47380,1040.0,88.136,61.86,450.0,278.5,1.47830,1.47380,1.48870,BREAK,2000.05.03 15:00,0,,0,,0,,0,NA,NewYork,BREAK,2000.05.04 15:00,BOUNCE,2000.05.05 15:00,1.46200,UNTOUCHED,,0,,0,,0,,0,NA,Other,NA,,NA,,1.48280,BOUNCE,2000.05.01 04:00,0,,0,,0,,0,NA,Asia,NA,,NA,,1.46930,UNTOUCHED,,0,,0,,0,,0,NA,Other,NA,,NA,,S-ZE-BO,B-ZE-BO,B-ZF-BR,B-ZB-BR,B-ZO-BR,B-ZD-BO,S-ZE-UN,B-ZO-BR,S-ZO-UN,S-ZH-UN,S-ZO-UN,B-ZD-BO,B-ZB-BR,S-ZF-BR,B-ZO-BR,S-ZF-BR,S-ZB-BR,S-ZD-BR,B-ZF-BR,B-ZD-UN
77,2000.04.29 00:00,USDCAD,60,86400,SELL,ZO,0,1.48420,1.47380,1040.0,1.48250,1.47220,1030.0,99.038,16.35,870.0,245.4,1.48250,1.47380,1.46350,UNTOUCHED,,0,,0,,0,,0,NA,Other,NA,,NA,,1.49290,BREAK,2000.05.03 20:00,0,,0,,0,,0,NA,NewYork,BREAK,2000.05.18 14:00,BREAK,2000.05.25 14:00,1.46510,UNTOUCHED,,0,,0,,0,,0,NA,Other,NA,,NA,,1.49120,BREAK,2000.05.03 17:00,0,,0,,0,,0,NA,NewYork,BOUNCE,2000.05.05 21:00,NA,,B-ZC-BR,S-ZE-BO,B-ZE-BO,B-ZF-BR,B-ZB-BR,B-ZO-BR,B-ZD-BO,S-ZE-UN,B-ZO-BR,S-ZO-UN,B-ZD-BO,B-ZB-BR,S-ZF-BR,B-ZO-BR,S-ZF-BR,S-ZB-BR,S-ZD-BR,B-ZF-BR,B-ZD-UN,S-ZE-BR
78,2000.05.04 00:00,USDCAD,60,86400,BUY,ZD,1,1.48730,1.47540,1190.0,1.49470,1.48370,1100.0,92.437,69.75,360.0,280.8,1.48730,1.48370,1.49830,BOUNCE,2000.05.04 17:00,1,2000.05.05 21:00,1,2000.06.02 17:00,1,2000.06.09 14:00,3,5w 0d,NewYork,NA,,NA,,1.47180,BOUNCE,2000.06.09 14:00,0,,0,,0,,0,NA,NewYork,NA,,NA,,1.49090,BREAK,2000.05.04 00:00,0,,0,,0,,0,NA,Asia,BOUNCE,2000.05.04 14:00,NA,,1.48010,BOUNCE,2000.06.02 17:00,0,,0,,0,,0,NA,NewYork,NA,,NA,,S-ZO-UN,B-ZC-BR,S-ZE-BO,B-ZE-BO,B-ZF-BR,B-ZB-BR,B-ZO-BR,B-ZD-BO,S-ZE-UN,B-ZO-BR,B-ZB-BR,S-ZF-BR,B-ZO-BR,S-ZF-BR,S-ZB-BR,S-ZD-BR,B-ZF-BR,B-ZD-UN,S-ZE-BR,S-ZG-BR
79,2000.05.05 00:00,USDCAD,60,86400,BUY,ZB,1,1.49470,1.48370,1100.0,1.50030,1.49070,960.0,87.273,63.64,400.0,259.6,1.49470,1.49070,1.50430,BREAK,2000.05.18 14:00,0,,0,,0,,0,NA,NewYork,BOUNCE,2000.05.24 16:00,NA,,1.47970,BOUNCE,2000.06.02 17:00,0,,0,,0,,0,NA,NewYork,NA,,NA,,1.49870,BOUNCE,2000.05.05 14:00,1,2000.05.11 15:00,1,2000.06.02 17:00,0,,2,4w 0d,NewYork,NA,,NA,,1.48670,BOUNCE,2000.05.11 15:00,1,2000.05.17 17:00,1,2000.05.17 17:00,0,,2,6d 2h,NewYork,NA,,NA,,B-ZD-BO,S-ZO-UN,B-ZC-BR,S-ZE-BO,B-ZE-BO,B-ZF-BR,B-ZB-BR,B-ZO-BR,B-ZD-BO,S-ZE-UN,S-ZF-BR,B-ZO-BR,S-ZF-BR,S-ZB-BR,S-ZD-BR,B-ZF-BR,B-ZD-UN,S-ZE-BR,S-ZG-BR,B-ZF-UN
80,2000.05.06 00:00,USDCAD,60,86400,SELL,ZF,0,1.50030,1.49070,960.0,1.49890,1.48970,920.0,95.833,14.58,820.0,226.6,1.49890,1.49070,1.48150,BREAK,2000.06.02 17:00,0,,0,,0,,0,NA,NewYork,BOUNCE,2000.06.08 19:00,NA,,1.50850,BREAK,2000.05.23 22:00,0,,0,,0,,0,NA,Other,UNTOUCHED,,NA,,1.48250,BREAK,2000.06.02 17:00,0,,0,,0,,0,NA,NewYork,BREAK,2000.06.09 14:00,BOUNCE,2000.06.15 16:00,1.50710,BOUNCE,2000.05.18 14:00,1,2000.06.02 17:00,1,2000.06.02 17:00,0,,2,2w 1d,NewYork,NA,,NA,,B-ZB-BR,B-ZD-BO,S-ZO-UN,B-ZC-BR,S-ZE-BO,B-ZE-BO,B-ZF-BR,B-ZB-BR,B-ZO-BR,B-ZD-BO,B-ZO-BR,S-ZF-BR,S-ZB-BR,S-ZD-BR,B-ZF-BR,B-ZD-UN,S-ZE-BR,S-ZG-BR,B-ZF-UN,S-ZF-BR
81,2000.05.10 00:00,USDCAD,60,86400,BUY,ZO,0,1.49390,1.48840,550.0,1.49710,1.48970,740.0,134.545,23.64,420.0,129.8,1.49390,1.48970,1.50130,BREAK,2000.05.18 11:00,0,,0,,0,,0,NA,London,BREAK,2000.05.18 14:00,BOUNCE,2000.05.24 13:00,1.48420,BOUNCE,2000.05.16 16:00,1,2000.05.17 15:00,1,2000.05.17 17:00,1,2000.05.18 11:00,3,1d 19h,NewYork,NA,,NA,,1.49810,BOUNCE,2000.05.10 19:00,1,2000.05.12 16:00,1,2000.05.16 16:00,0,,2,5d 21h,NewYork,NA,,NA,,1.48550,BOUNCE,2000.05.12 16:00,1,2000.05.17 17:00,1,2000.05.17 17:00,0,,2,5d 1h,NewYork,NA,,NA,,S-ZF-BR,B-ZB-BR,B-ZD-BO,S-ZO-UN,B-ZC-BR,S-ZE-BO,B-ZE-BO,B-ZF-BR,B-ZB-BR,B-ZO-BR,S-ZF-BR,S-ZB-BR,S-ZD-BR,B-ZF-BR,B-ZD-UN,S-ZE-BR,S-ZG-BR,B-ZF-UN,S-ZF-BR,S-ZB-BO
82,2000.05.12 00:00,USDCAD,60,86400,SELL,ZF,0,1.49830,1.48820,1010.0,1.49690,1.48640,1050.0,103.960,13.86,870.0,238.4,1.49690,1.48820,1.47770,BREAK,2000.06.02 18:00,0,,0,,0,,0,NA,NewYork,BREAK,2000.06.14 07:00,UNTOUCHED,,1.50700,BOUNCE,2000.05.18 14:00,1,2000.06.01 19:00,1,2000.06.02 17:00,1,2000.06.02 18:00,3,2w 1d,NewYork,NA,,NA,,1.47950,BREAK,2000.06.02 17:00,0,,0,,0,,0,NA,NewYork,BREAK,2000.06.13 19:00,UNTOUCHED,,1.50560,BOUNCE,2000.05.18 14:00,1,2000.06.02 17:00,1,2000.06.02 17:00,0,,2,2w 1d,NewYork,NA,,NA,,B-ZO-BR,S-ZF-BR,B-ZB-BR,B-ZD-BO,S-ZO-UN,B-ZC-BR,S-ZE-BO,B-ZE-BO,B-ZF-BR,B-ZB-BR,S-ZB-BR,S-ZD-BR,B-ZF-BR,B-ZD-UN,S-ZE-BR,S-ZG-BR,B-ZF-UN,S-ZF-BR,S-ZB-BO,B-ZO-BR
83,2000.05.13 00:00,USDCAD,60,86400,SELL,ZB,1,1.49690,1.48640,1050.0,1.49000,1.48520,480.0,45.714,65.71,360.0,247.8,1.49000,1.48640,1.48160,BREAK,2000.06.02 17:00,0,,0,,0,,0,NA,NewYork,BREAK,2000.06.03 00:00,BOUNCE,2000.06.05 19:00,1.50050,BREAK,2000.05.18 11:00,0,,0,,0,,0,NA,London,BREAK,2000.05.18 14:00,BOUNCE,2000.05.24 16:00,1.48280,BREAK,2000.06.02 17:00,0,,0,,0,,0,NA,NewYork,BREAK,2000.06.02 19:00,BREAK,2000.06.05 16:00,1.49360,BREAK,2000.05.17 16:00,0,,0,,0,,0,NA,NewYork,BREAK,2000.05.18 11:00,BREAK,2000.05.18 13:00,S-ZF-BR,B-ZO-BR,S-ZF-BR,B-ZB-BR,B-ZD-BO,S-ZO-UN,B-ZC-BR,S-ZE-BO,B-ZE-BO,B-ZF-BR,S-ZD-BR,B-ZF-BR,B-ZD-UN,S-ZE-BR,S-ZG-BR,B-ZF-UN,S-ZF-BR,S-ZB-BO,B-ZO-BR,B-ZG-BR
84,2000.05.17 00:00,USDCAD,60,86400,SELL,ZD,1,1.49110,1.48500,610.0,1.48850,1.48400,450.0,73.770,42.62,350.0,144.0,1.48850,1.48500,1.48050,BREAK,2000.06.02 17:00,0,,0,,0,,0,NA,NewYork,BREAK,2000.06.03 00:00,BOUNCE,2000.06.05 18:00,1.49460,BREAK,2000.05.17 16:00,0,,0,,0,,0,NA,NewYork,BREAK,2000.05.18 11:00,BREAK,2000.05.18 13:00,1.48150,BREAK,2000.06.02 17:00,0,,0,,0,,0,NA,NewYork,BREAK,2000.06.02 19:00,BREAK,2000.06.05 16:00,1.49200,BOUNCE,2000.05.17 15:00,1,2000.06.02 17:00,1,2000.06.02 17:00,0,,2,2w 2d,NewYork,NA,,NA,,S-ZB-BR,S-ZF-BR,B-ZO-BR,S-ZF-BR,B-ZB-BR,B-ZD-BO,S-ZO-UN,B-ZC-BR,S-ZE-BO,B-ZE-BO,B-ZF-BR,B-ZD-UN,S-ZE-BR,S-ZG-BR,B-ZF-UN,S-ZF-BR,S-ZB-BO,B-ZO-BR,B-ZG-BR,S-ZB-BO
85,2000.05.18 00:00,USDCAD,60,86400,BUY,ZF,1,1.48850,1.48400,450.0,1.49920,1.48430,1490.0,331.111,6.67,420.0,106.2,1.48850,1.48430,1.50340,BREAK,2000.05.18 13:00,0,,0,,0,,0,NA,NewYork,BREAK,2000.05.23 22:00,BREAK,2000.05.25 15:00,1.47980,BREAK,2000.06.02 17:00,0,,0,,0,,0,NA,NewYork,BREAK,2000.06.05 13:00,BOUNCE,2000.06.09 17:00,1.49270,BREAK,2000.05.18 00:00,0,,0,,0,,0,NA,Asia,BREAK,2000.05.18 03:00,BREAK,2000.05.18 12:00,1.48010,BREAK,2000.06.02 17:00,0,,0,,0,,0,NA,NewYork,BREAK,2000.06.05 13:00,BOUNCE,2000.06.09 14:00,S-ZD-BR,S-ZB-BR,S-ZF-BR,B-ZO-BR,S-ZF-BR,B-ZB-BR,B-ZD-BO,S-ZO-UN,B-ZC-BR,S-ZE-BO,B-ZD-UN,S-ZE-BR,S-ZG-BR,B-ZF-UN,S-ZF-BR,S-ZB-BO,B-ZO-BR,B-ZG-BR,S-ZB-BO,S-ZE-UN
86,2000.05.25 00:00,USDCAD,60,86400,BUY,ZD,1,1.50900,1.49420,1480.0,1.51220,1.50400,820.0,55.405,66.22,500.0,349.3,1.50900,1.50400,1.51720,UNTOUCHED,,0,,0,,0,,0,NA,Other,NA,,NA,,1.48920,BREAK,2000.06.01 20:00,0,,0,,0,,0,NA,NewYork,BREAK,2000.06.02 17:00,BREAK,2000.06.03 00:00,1.51400,BOUNCE,2000.05.25 15:00,1,2000.05.26 16:00,1,2000.06.01 20:00,0,,2,1w 0d,NewYork,NA,,NA,,1.49900,BOUNCE,2000.05.26 16:00,0,,0,,0,,0,NA,NewYork,NA,,NA,,B-ZF-BR,S-ZD-BR,S-ZB-BR,S-ZF-BR,B-ZO-BR,S-ZF-BR,B-ZB-BR,B-ZD-BO,S-ZO-UN,B-ZC-BR,S-ZE-BR,S-ZG-BR,B-ZF-UN,S-ZF-BR,S-ZB-BO,B-ZO-BR,B-ZG-BR,S-ZB-BO,S-ZE-UN,B-ZF-BR
87,2000.05.29 01:00,USDCAD,60,86400,SELL,ZE,1,1.51450,1.50190,1260.0,1.50670,1.49820,850.0,67.460,61.90,480.0,297.4,1.50670,1.50190,1.49340,BREAK,2000.06.01 15:00,0,,0,,0,,0,NA,NewYork,BREAK,2000.06.02 15:00,BREAK,2000.06.02 17:00,1.51930,UNTOUCHED,,0,,0,,0,,0,NA,Other,NA,,NA,,1.49710,BREAK,2000.05.31 17:00,0,,0,,0,,0,NA,NewYork,BREAK,2000.06.01 20:00,BOUNCE,2000.06.02 15:00,1.51150,UNTOUCHED,,0,,0,,0,,0,NA,Other,NA,,NA,,B-ZD-UN,B-ZF-BR,S-ZD-BR,S-ZB-BR,S-ZF-BR,B-ZO-BR,S-ZF-BR,B-ZB-BR,B-ZD-BO,S-ZO-UN,S-ZG-BR,B-ZF-UN,S-ZF-BR,S-ZB-BO,B-ZO-BR,B-ZG-BR,S-ZB-BO,S-ZE-UN,B-ZF-BR,S-ZF-UN
88,2000.05.30 00:00,USDCAD,60,86400,SELL,ZG,0,1.50670,1.49820,850.0,1.50380,1.49800,580.0,68.235,34.12,560.0,200.6,1.50380,1.49820,1.49240,BREAK,2000.06.01 15:00,0,,0,,0,,0,NA,NewYork,BREAK,2000.06.02 15:00,BREAK,2000.06.02 17:00,1.51230,UNTOUCHED,,0,,0,,0,,0,NA,Other,NA,,NA,,1.49260,BREAK,2000.06.01 15:00,0,,0,,0,,0,NA,NewYork,BREAK,2000.06.02 15:00,BREAK,2000.06.02 17:00,1.50940,UNTOUCHED,,0,,0,,0,,0,NA,Other,NA,,NA,,S-ZE-BR,B-ZD-UN,B-ZF-BR,S-ZD-BR,S-ZB-BR,S-ZF-BR,B-ZO-BR,S-ZF-BR,B-ZB-BR,B-ZD-BO,B-ZF-UN,S-ZF-BR,S-ZB-BO,B-ZO-BR,B-ZG-BR,S-ZB-BO,S-ZE-UN,B-ZF-BR,S-ZF-UN,B-ZB-BR
89,2000.05.31 00:00,USDCAD,60,86400,BUY,ZF,1,1.50380,1.49800,580.0,1.50740,1.49860,880.0,151.724,10.34,520.0,136.9,1.50380,1.49860,1.51260,UNTOUCHED,,0,,0,,0,,0,NA,Other,NA,,NA,,1.49280,BREAK,2000.06.01 15:00,0,,0,,0,,0,NA,NewYork,BREAK,2000.06.02 15:00,BREAK,2000.06.02 17:00,1.50900,UNTOUCHED,,0,,0,,0,,0,NA,Other,NA,,NA,,1.49340,BREAK,2000.06.01 15:00,0,,0,,0,,0,NA,NewYork,BREAK,2000.06.02 15:00,BREAK,2000.06.02 17:00,S-ZG-BR,S-ZE-BR,B-ZD-UN,B-ZF-BR,S-ZD-BR,S-ZB-BR,S-ZF-BR,B-ZO-BR,S-ZF-BR,B-ZB-BR,S-ZF-BR,S-ZB-BO,B-ZO-BR,B-ZG-BR,S-ZB-BO,S-ZE-UN,B-ZF-BR,S-ZF-UN,B-ZB-BR,B-ZF-BR
90,2000.06.01 00:00,USDCAD,60,86400,SELL,ZF,0,1.50740,1.49860,880.0,1.50680,1.49540,1140.0,129.545,6.82,820.0,207.7,1.50680,1.49860,1.48720,BREAK,2000.06.02 15:00,0,,0,,0,,0,NA,NewYork,BREAK,2000.06.02 19:00,BREAK,2000.06.13 19:00,1.51560,UNTOUCHED,,0,,0,,0,,0,NA,Other,NA,,NA,,1.49040,BREAK,2000.06.01 17:00,0,,0,,0,,0,NA,NewYork,BREAK,2000.06.02 17:00,BREAK,2000.06.09 14:00,1.51500,UNTOUCHED,,0,,0,,0,,0,NA,Other,NA,,NA,,B-ZF-UN,S-ZG-BR,S-ZE-BR,B-ZD-UN,B-ZF-BR,S-ZD-BR,S-ZB-BR,S-ZF-BR,B-ZO-BR,S-ZF-BR,S-ZB-BO,B-ZO-BR,B-ZG-BR,S-ZB-BO,S-ZE-UN,B-ZF-BR,S-ZF-UN,B-ZB-BR,B-ZF-BR,B-ZD-BR
91,2000.06.03 00:00,USDCAD,60,86400,SELL,ZB,1,1.49730,1.48810,920.0,1.49330,1.47600,1730.0,188.043,43.48,520.0,217.1,1.49330,1.48810,1.47080,BOUNCE,2000.06.09 15:00,1,2000.06.23 20:00,0,,0,,1,2w 0d,NewYork,NA,,NA,,1.50250,UNTOUCHED,,0,,0,,0,,0,NA,Other,NA,,NA,,1.48290,BREAK,2000.06.03 00:00,0,,0,,0,,0,NA,Asia,BREAK,2000.06.05 13:00,BOUNCE,2000.06.13 04:00,1.49850,UNTOUCHED,,0,,0,,0,,0,NA,Other,NA,,NA,,S-ZF-BR,B-ZF-UN,S-ZG-BR,S-ZE-BR,B-ZD-UN,B-ZF-BR,S-ZD-BR,S-ZB-BR,S-ZF-BR,B-ZO-BR,B-ZO-BR,B-ZG-BR,S-ZB-BO,S-ZE-UN,B-ZF-BR,S-ZF-UN,B-ZB-BR,B-ZF-BR,B-ZD-BR,S-ZD-BO
92,2000.06.07 00:00,USDCAD,60,86400,BUY,ZO,0,1.47960,1.47300,660.0,1.47980,1.47360,620.0,93.939,9.09,600.0,155.8,1.47960,1.47360,1.48580,BREAK,2000.06.26 09:00,0,,0,,0,,0,NA,London,BOUNCE,2000.07.05 16:00,NA,,1.46700,BOUNCE,2000.06.14 07:00,1,2000.06.23 16:00,1,2000.06.26 09:00,1,2000.06.26 09:00,3,1w 5d,London,NA,,NA,,1.48560,BREAK,2000.06.26 09:00,0,,0,,0,,0,NA,London,BOUNCE,2000.07.05 16:00,NA,,1.46760,BREAK,2000.06.13 19:00,0,,0,,0,,0,NA,NewYork,UNTOUCHED,,NA,,S-ZB-BO,S-ZF-BR,B-ZF-UN,S-ZG-BR,S-ZE-BR,B-ZD-UN,B-ZF-BR,S-ZD-BR,S-ZB-BR,S-ZF-BR,B-ZG-BR,S-ZB-BO,S-ZE-UN,B-ZF-BR,S-ZF-UN,B-ZB-BR,B-ZF-BR,B-ZD-BR,S-ZD-BO,S-ZO-BR
93,2000.06.09 00:00,USDCAD,60,86400,BUY,ZG,0,1.48030,1.47350,680.0,1.48160,1.47550,610.0,89.706,29.41,480.0,160.5,1.48030,1.47550,1.48640,BREAK,2000.06.26 10:00,0,,0,,0,,0,NA,London,BOUNCE,2000.07.05 15:00,NA,,1.46870,BREAK,2000.06.13 19:00,0,,0,,0,,0,NA,NewYork,BREAK,2000.06.19 16:00,UNTOUCHED,,1.48510,BREAK,2000.06.26 09:00,0,,0,,0,,0,NA,London,BOUNCE,2000.06.26 15:00,NA,,1.47070,BOUNCE,2000.06.09 15:00,1,2000.06.26 09:00,1,2000.06.26 09:00,0,,2,2w 2d,NewYork,NA,,NA,,B-ZO-BR,S-ZB-BO,S-ZF-BR,B-ZF-UN,S-ZG-BR,S-ZE-BR,B-ZD-UN,B-ZF-BR,S-ZD-BR,S-ZB-BR,S-ZB-BO,S-ZE-UN,B-ZF-BR,S-ZF-UN,B-ZB-BR,B-ZF-BR,B-ZD-BR,S-ZD-BO,S-ZO-BR,B-ZO-BR
94,2000.06.10 00:00,USDCAD,60,86400,SELL,ZB,1,1.48160,1.47550,610.0,1.47890,1.47050,840.0,137.705,44.26,340.0,144.0,1.47890,1.47550,1.46710,BOUNCE,2000.06.14 07:00,1,2000.06.15 16:00,1,2000.06.23 20:00,1,2000.06.26 09:00,3,1w 5d,London,NA,,NA,,1.48500,BREAK,2000.06.26 09:00,0,,0,,0,,0,NA,London,BREAK,2000.06.26 14:00,BOUNCE,2000.07.05 16:00,1.47210,BREAK,2000.06.13 15:00,0,,0,,0,,0,NA,NewYork,BREAK,2000.06.14 07:00,BREAK,2000.06.19 15:00,1.48230,BREAK,2000.06.23 20:00,0,,0,,0,,0,NA,NewYork,BREAK,2000.06.26 12:00,BOUNCE,2000.06.26 15:00,B-ZG-BR,B-ZO-BR,S-ZB-BO,S-ZF-BR,B-ZF-UN,S-ZG-BR,S-ZE-BR,B-ZD-UN,B-ZF-BR,S-ZD-BR,S-ZE-UN,B-ZF-BR,S-ZF-UN,B-ZB-BR,B-ZF-BR,B-ZD-BR,S-ZD-BO,S-ZO-BR,B-ZO-BR,B-ZF-BR
95,2000.06.15 00:00,USDCAD,60,86400,SELL,ZE,1,1.47800,1.46740,1060.0,1.47130,1.46590,540.0,50.943,63.21,390.0,250.2,1.47130,1.46740,1.46200,UNTOUCHED,,0,,0,,0,,0,NA,Other,NA,,NA,,1.48190,BREAK,2000.06.23 20:00,0,,0,,0,,0,NA,NewYork,BREAK,2000.06.26 12:00,BOUNCE,2000.06.26 15:00,1.46350,BOUNCE,2000.06.19 15:00,1,2000.06.21 15:00,1,2000.06.23 20:00,0,,2,4d 5h,NewYork,NA,,NA,,1.47520,BOUNCE,2000.06.15 17:00,1,2000.06.19 15:00,1,2000.06.19 15:00,0,,2,3d 22h,NewYork,NA,,NA,,S-ZB-BO,B-ZG-BR,B-ZO-BR,S-ZB-BO,S-ZF-BR,B-ZF-UN,S-ZG-BR,S-ZE-BR,B-ZD-UN,B-ZF-BR,B-ZF-BR,S-ZF-UN,B-ZB-BR,B-ZF-BR,B-ZD-BR,S-ZD-BO,S-ZO-BR,B-ZO-BR,B-ZF-BR,S-ZG-BR
96,2000.06.16 00:00,USDCAD,60,86400,BUY,ZF,1,1.47130,1.46590,540.0,1.47770,1.46720,1050.0,194.444,24.07,410.0,127.4,1.47130,1.46720,1.48180,BREAK,2000.06.23 20:00,0,,0,,0,,0,NA,NewYork,BREAK,2000.06.26 12:00,BOUNCE,2000.06.26 15:00,1.46180,UNTOUCHED,,0,,0,,0,,0,NA,Other,NA,,NA,,1.47540,BREAK,2000.06.16 00:00,0,,0,,0,,0,NA,Asia,BREAK,2000.06.23 19:00,BREAK,2000.06.26 09:00,1.46310,BOUNCE,2000.06.19 15:00,1,2000.06.21 15:00,1,2000.06.21 15:00,0,,2,2d 0h,NewYork,NA,,NA,,S-ZE-UN,S-ZB-BO,B-ZG-BR,B-ZO-BR,S-ZB-BO,S-ZF-BR,B-ZF-UN,S-ZG-BR,S-ZE-BR,B-ZD-UN,S-ZF-UN,B-ZB-BR,B-ZF-BR,B-ZD-BR,S-ZD-BO,S-ZO-BR,B-ZO-BR,B-ZF-BR,S-ZG-BR,S-ZB-BR
97,2000.06.17 00:00,USDCAD,60,86400,SELL,ZF,0,1.47770,1.46720,1050.0,1.47710,1.46540,1170.0,111.429,5.71,990.0,247.8,1.47710,1.46720,1.45550,UNTOUCHED,,0,,0,,0,,0,NA,Other,NA,,NA,,1.48760,BREAK,2000.06.26 12:00,0,,0,,0,,0,NA,London,UNTOUCHED,,NA,,1.45730,UNTOUCHED,,0,,0,,0,,0,NA,Other,NA,,NA,,1.48700,BREAK,2000.06.26 12:00,0,,0,,0,,0,NA,London,UNTOUCHED,,NA,,B-ZF-BR,S-ZE-UN,S-ZB-BO,B-ZG-BR,B-ZO-BR,S-ZB-BO,S-ZF-BR,B-ZF-UN,S-ZG-BR,S-ZE-BR,B-ZB-BR,B-ZF-BR,B-ZD-BR,S-ZD-BO,S-ZO-BR,B-ZO-BR,B-ZF-BR,S-ZG-BR,S-ZB-BR,S-ZO-BR
98,2000.06.21 00:00,USDCAD,60,86400,BUY,ZB,1,1.46920,1.46220,700.0,1.47210,1.46490,720.0,102.857,38.57,430.0,165.2,1.46920,1.46490,1.47640,BREAK,2000.06.22 15:00,0,,0,,0,,0,NA,NewYork,BREAK,2000.06.23 20:00,BREAK,2000.06.26 11:00,1.45790,UNTOUCHED,,0,,0,,0,,0,NA,Other,NA,,NA,,1.47350,BREAK,2000.06.21 15:00,0,,0,,0,,0,NA,NewYork,BREAK,2000.06.23 17:00,BREAK,2000.06.26 03:00,1.46060,UNTOUCHED,,0,,0,,0,,0,NA,Other,NA,,NA,,S-ZF-UN,B-ZF-BR,S-ZE-UN,S-ZB-BO,B-ZG-BR,B-ZO-BR,S-ZB-BO,S-ZF-BR,B-ZF-UN,S-ZG-BR,B-ZF-BR,B-ZD-BR,S-ZD-BO,S-ZO-BR,B-ZO-BR,B-ZF-BR,S-ZG-BR,S-ZB-BR,S-ZO-BR,B-ZF-BR
99,2000.06.23 00:00,USDCAD,60,86400,BUY,ZF,0,1.47560,1.47000,560.0,1.47730,1.47140,590.0,105.357,25.00,420.0,132.2,1.47560,1.47140,1.48150,BREAK,2000.06.23 20:00,0,,0,,0,,0,NA,NewYork,BREAK,2000.06.26 12:00,BOUNCE,2000.06.26 15:00,1.46580,BREAK,2000.07.24 16:00,0,,0,,0,,0,NA,NewYork,UNTOUCHED,,NA,,1.47980,BREAK,2000.06.23 17:00,0,,0,,0,,0,NA,NewYork,BREAK,2000.06.26 09:00,BREAK,2000.06.26 14:00,1.46720,BREAK,2000.07.24 15:00,0,,0,,0,,0,NA,NewYork,BOUNCE,2000.07.25 14:00,NA,,B-ZB-BR,S-ZF-UN,B-ZF-BR,S-ZE-UN,S-ZB-BO,B-ZG-BR,B-ZO-BR,S-ZB-BO,S-ZF-BR,B-ZF-UN,B-ZD-BR,S-ZD-BO,S-ZO-BR,B-ZO-BR,B-ZF-BR,S-ZG-BR,S-ZB-BR,S-ZO-BR,B-ZF-BR,B-ZC-BR
100,2000.06.24 00:00,USDCAD,60,86400,BUY,ZD,1,1.47730,1.47140,590.0,1.48370,1.47410,960.0,162.712,45.76,320.0,139.2,1.47730,1.47410,1.48690,BREAK,2000.06.26 12:00,0,,0,,0,,0,NA,London,BREAK,2000.07.05 15:00,BREAK,2000.08.07 13:00,1.46820,BREAK,2000.07.24 15:00,0,,0,,0,,0,NA,NewYork,BREAK,2000.07.24 18:00,UNTOUCHED,,1.48050,BREAK,2000.06.24 00:00,0,,0,,0,,0,NA,Asia,BREAK,2000.06.26 09:00,BREAK,2000.06.26 12:00,1.47090,BOUNCE,2000.07.21 10:00,1,2000.07.31 13:00,1,2000.07.31 13:00,0,,2,1w 3d,London,NA,,NA,,B-ZF-BR,B-ZB-BR,S-ZF-UN,B-ZF-BR,S-ZE-UN,S-ZB-BO,B-ZG-BR,B-ZO-BR,S-ZB-BO,S-ZF-BR,S-ZD-BO,S-ZO-BR,B-ZO-BR,B-ZF-BR,S-ZG-BR,S-ZB-BR,S-ZO-BR,B-ZF-BR,B-ZC-BR,B-ZF-BO
101,2000.06.28 00:00,USDCAD,60,86400,SELL,ZD,1,1.49010,1.48090,920.0,1.48410,1.47950,460.0,50.000,65.22,320.0,217.1,1.48410,1.48090,1.47630,BOUNCE,2000.06.29 03:00,1,2000.06.29 19:00,1,2000.07.05 00:00,1,2000.08.07 10:00,3,5w 4d,Asia,NA,,NA,,1.49330,BOUNCE,2000.08.07 10:00,1,2000.08.07 19:00,0,,0,,1,9h,London,NA,,NA,,1.47770,BREAK,2000.06.28 23:00,0,,0,,0,,0,NA,Other,BREAK,2000.07.19 15:00,BREAK,2000.07.24 14:00,1.48730,BREAK,2000.07.05 00:00,0,,0,,0,,0,NA,Asia,BOUNCE,2000.07.05 15:00,NA,,B-ZD-BR,B-ZF-BR,B-ZB-BR,S-ZF-UN,B-ZF-BR,S-ZE-UN,S-ZB-BO,B-ZG-BR,B-ZO-BR,S-ZB-BO,S-ZO-BR,B-ZO-BR,B-ZF-BR,S-ZG-BR,S-ZB-BR,S-ZO-BR,B-ZF-BR,B-ZC-BR,B-ZF-BO,S-ZD-BO
102,2000.06.30 00:00,USDCAD,60,86400,SELL,ZO,0,1.48630,1.47770,860.0,1.48360,1.47520,840.0,97.674,31.40,590.0,203.0,1.48360,1.47770,1.46930,BREAK,2000.07.24 14:00,0,,0,,0,,0,NA,NewYork,BOUNCE,2000.07.25 16:00,NA,,1.49220,BOUNCE,2000.07.05 16:00,1,2000.07.07 15:00,1,2000.07.21 10:00,1,2000.07.24 14:00,3,2w 4d,NewYork,NA,,NA,,1.47180,BREAK,2000.07.21 10:00,0,,0,,0,,0,NA,London,BREAK,2000.07.24 18:00,UNTOUCHED,,1.48950,BREAK,2000.07.05 13:00,0,,0,,0,,0,NA,NewYork,UNTOUCHED,,NA,,S-ZD-BO,B-ZD-BR,B-ZF-BR,B-ZB-BR,S-ZF-UN,B-ZF-BR,S-ZE-UN,S-ZB-BO,B-ZG-BR,B-ZO-BR,B-ZO-BR,B-ZF-BR,S-ZG-BR,S-ZB-BR,S-ZO-BR,B-ZF-BR,B-ZC-BR,B-ZF-BO,S-ZD-BO,S-ZE-BO
103,2000.07.01 00:00,USDCAD,60,86400,BUY,ZO,0,1.48360,1.47520,840.0,1.48490,1.47830,660.0,78.571,36.90,530.0,198.2,1.48360,1.47830,1.49020,BREAK,2000.07.05 15:00,0,,0,,0,,0,NA,NewYork,UNTOUCHED,,NA,,1.46990,BREAK,2000.07.22 00:00,0,,0,,0,,0,NA,Asia,BOUNCE,2000.07.27 16:00,NA,,1.48890,BREAK,2000.07.05 12:00,0,,0,,0,,0,NA,London,BOUNCE,2000.08.07 18:00,NA,,1.47300,BOUNCE,2000.07.19 15:00,1,2000.07.31 20:00,1,2000.07.31 20:00,0,,2,1w 5d,NewYork,NA,,NA,,S-ZO-BR,S-ZD-BO,B-ZD-BR,B-ZF-BR,B-ZB-BR,S-ZF-UN,B-ZF-BR,S-ZE-UN,S-ZB-BO,B-ZG-BR,B-ZF-BR,S-ZG-BR,S-ZB-BR,S-ZO-BR,B-ZF-BR,B-ZC-BR,B-ZF-BO,S-ZD-BO,S-ZE-BO,S-ZB-BR
104,2000.07.05 00:00,USDCAD,60,86400,BUY,ZF,1,1.48200,1.47830,370.0,1.48580,1.47920,660.0,178.378,24.32,280.0,87.3,1.48200,1.47920,1.48860,BREAK,2000.07.05 12:00,0,,0,,0,,0,NA,London,BOUNCE,2000.07.05 15:00,NA,,1.47550,BREAK,2000.07.18 21:00,0,,0,,0,,0,NA,Other,BOUNCE,2000.07.19 18:00,NA,,1.48480,BREAK,2000.07.05 00:00,0,,0,,0,,0,NA,Asia,BREAK,2000.07.05 12:00,BREAK,2000.07.05 15:00,1.47640,BOUNCE,2000.07.10 20:00,1,2000.07.14 12:00,1,2000.07.14 12:00,0,,2,3d 16h,NewYork,NA,,NA,,B-ZO-BR,S-ZO-BR,S-ZD-BO,B-ZD-BR,B-ZF-BR,B-ZB-BR,S-ZF-UN,B-ZF-BR,S-ZE-UN,S-ZB-BO,S-ZG-BR,S-ZB-BR,S-ZO-BR,B-ZF-BR,B-ZC-BR,B-ZF-BO,S-ZD-BO,S-ZE-BO,S-ZB-BR,S-ZG-UN
105,2000.07.07 00:00,USDCAD,60,86400,SELL,ZG,0,1.49230,1.48470,760.0,1.49180,1.48280,900.0,118.421,6.58,710.0,179.4,1.49180,1.48470,1.47570,BREAK,2000.07.18 21:00,0,,0,,0,,0,NA,Other,BREAK,2000.07.24 15:00,UNTOUCHED,,1.49940,UNTOUCHED,,0,,0,,0,,0,NA,Other,NA,,NA,,1.47760,BOUNCE,2000.07.10 20:00,0,,0,,0,,0,NA,NewYork,NA,,NA,,1.49890,UNTOUCHED,,0,,0,,0,,0,NA,Other,NA,,NA,,B-ZF-BR,B-ZO-BR,S-ZO-BR,S-ZD-BO,B-ZD-BR,B-ZF-BR,B-ZB-BR,S-ZF-UN,B-ZF-BR,S-ZE-UN,S-ZB-BR,S-ZO-BR,B-ZF-BR,B-ZC-BR,B-ZF-BO,S-ZD-BO,S-ZE-BO,S-ZB-BR,S-ZG-UN,B-ZF-BR
106,2000.07.08 00:00,USDCAD,60,86400,SELL,ZB,1,1.49180,1.48280,900.0,1.48670,1.47920,750.0,83.333,56.67,390.0,212.4,1.48670,1.48280,1.47530,BREAK,2000.07.18 21:00,0,,0,,0,,0,NA,Other,BREAK,2000.07.24 14:00,BREAK,2000.07.24 17:00,1.49570,UNTOUCHED,,0,,0,,0,,0,NA,Other,NA,,NA,,1.47890,BREAK,2000.07.10 20:00,0,,0,,0,,0,NA,NewYork,BREAK,2000.07.19 15:00,BREAK,2000.07.24 14:00,1.49060,BOUNCE,2000.08.01 19:00,1,2000.08.02 23:00,1,2000.08.02 23:00,0,,2,1d 4h,NewYork,NA,,NA,,S-ZG-BR,B-ZF-BR,B-ZO-BR,S-ZO-BR,S-ZD-BO,B-ZD-BR,B-ZF-BR,B-ZB-BR,S-ZF-UN,B-ZF-BR,S-ZO-BR,B-ZF-BR,B-ZC-BR,B-ZF-BO,S-ZD-BO,S-ZE-BO,S-ZB-BR,S-ZG-UN,B-ZF-BR,B-ZB-BO
107,2000.07.12 00:00,USDCAD,60,86400,SELL,ZO,0,1.48300,1.47640,660.0,1.48100,1.47600,500.0,75.758,30.30,460.0,155.8,1.48100,1.47640,1.47140,BREAK,2000.07.21 10:00,0,,0,,0,,0,NA,London,BREAK,2000.07.24 17:00,UNTOUCHED,,1.48760,BREAK,2000.07.31 18:00,0,,0,,0,,0,NA,NewYork,BREAK,2000.08.07 11:00,UNTOUCHED,,1.47180,BREAK,2000.07.21 10:00,0,,0,,0,,0,NA,London,BREAK,2000.07.24 16:00,UNTOUCHED,,1.48560,BOUNCE,2000.07.14 16:00,1,2000.07.21 10:00,1,2000.07.21 10:00,0,,2,6d 18h,NewYork,NA,,NA,,S-ZB-BR,S-ZG-BR,B-ZF-BR,B-ZO-BR,S-ZO-BR,S-ZD-BO,B-ZD-BR,B-ZF-BR,B-ZB-BR,S-ZF-UN,B-ZF-BR,B-ZC-BR,B-ZF-BO,S-ZD-BO,S-ZE-BO,S-ZB-BR,S-ZG-UN,B-ZF-BR,B-ZB-BO,B-ZH-BO
108,2000.07.13 00:00,USDCAD,60,86400,BUY,ZF,0,1.48100,1.47600,500.0,1.48290,1.47730,560.0,112.000,26.00,370.0,118.0,1.48100,1.47730,1.48660,BREAK,2000.07.31 18:00,0,,0,,0,,0,NA,NewYork,BOUNCE,2000.08.01 18:00,NA,,1.47230,BOUNCE,2000.07.19 15:00,1,2000.07.31 12:00,1,2000.07.31 15:00,1,2000.07.31 18:00,3,1w 5d,NewYork,NA,,NA,,1.48470,BOUNCE,2000.07.14 12:00,1,2000.07.19 15:00,1,2000.07.19 15:00,0,,2,5d 3h,London,NA,,NA,,1.47360,BREAK,2000.07.19 15:00,0,,0,,0,,0,NA,NewYork,BREAK,2000.07.24 15:00,BREAK,2000.07.24 17:00,S-ZO-BR,S-ZB-BR,S-ZG-BR,B-ZF-BR,B-ZO-BR,S-ZO-BR,S-ZD-BO,B-ZD-BR,B-ZF-BR,B-ZB-BR,B-ZC-BR,B-ZF-BO,S-ZD-BO,S-ZE-BO,S-ZB-BR,S-ZG-UN,B-ZF-BR,B-ZB-BO,B-ZH-BO,B-ZE-UN
109,2000.07.14 00:00,USDCAD,60,86400,BUY,ZC,1,1.48290,1.47730,560.0,1.48320,1.47960,360.0,64.286,41.07,330.0,132.2,1.48290,1.47960,1.48650,BREAK,2000.07.31 18:00,0,,0,,0,,0,NA,NewYork,BOUNCE,2000.08.01 16:00,NA,,1.47400,BREAK,2000.07.19 13:00,0,,0,,0,,0,NA,NewYork,BOUNCE,2000.07.21 12:00,NA,,1.48620,BREAK,2000.07.31 17:00,0,,0,,0,,0,NA,NewYork,BOUNCE,2000.08.01 16:00,NA,,1.47630,BREAK,2000.07.18 21:00,0,,0,,0,,0,NA,Other,BOUNCE,2000.07.19 19:00,NA,,B-ZF-BR,S-ZO-BR,S-ZB-BR,S-ZG-BR,B-ZF-BR,B-ZO-BR,S-ZO-BR,S-ZD-BO,B-ZD-BR,B-ZF-BR,B-ZF-BO,S-ZD-BO,S-ZE-BO,S-ZB-BR,S-ZG-UN,B-ZF-BR,B-ZB-BO,B-ZH-BO,B-ZE-UN,S-ZB-BR
110,2000.07.15 00:00,USDCAD,60,86400,BUY,ZF,1,1.48320,1.47960,360.0,1.48600,1.48000,600.0,166.667,11.11,320.0,85.0,1.48320,1.48000,1.48920,BOUNCE,2000.07.31 20:00,1,2000.08.02 08:00,1,2000.08.16 18:00,1,2000.08.16 18:00,3,2w 1d,NewYork,NA,,NA,,1.47640,BREAK,2000.07.18 21:00,0,,0,,0,,0,NA,Other,BREAK,2000.07.19 15:00,BREAK,2000.07.24 14:00,1.48640,BREAK,2000.07.31 17:00,0,,0,,0,,0,NA,NewYork,BOUNCE,2000.08.01 16:00,NA,,1.47680,BREAK,2000.07.18 21:00,0,,0,,0,,0,NA,Other,BREAK,2000.07.19 15:00,BOUNCE,2000.07.21 11:00,B-ZC-BR,B-ZF-BR,S-ZO-BR,S-ZB-BR,S-ZG-BR,B-ZF-BR,B-ZO-BR,S-ZO-BR,S-ZD-BO,B-ZD-BR,S-ZD-BO,S-ZE-BO,S-ZB-BR,S-ZG-UN,B-ZF-BR,B-ZB-BO,B-ZH-BO,B-ZE-UN,S-ZB-BR,B-ZB-BO
111,2000.07.19 00:00,USDCAD,60,86400,SELL,ZD,1,1.48570,1.48040,530.0,1.48240,1.47520,720.0,135.849,62.26,200.0,125.1,1.48240,1.48040,1.47320,BOUNCE,2000.07.19 15:00,1,2000.07.19 20:00,1,2000.07.31 15:00,1,2000.07.31 18:00,3,1w 5d,NewYork,NA,,NA,,1.48770,BOUNCE,2000.07.31 18:00,1,2000.08.02 08:00,1,2000.08.02 23:00,1,2000.08.17 22:00,3,2w 3d,NewYork,NA,,NA,,1.47840,BREAK,2000.07.19 00:00,0,,0,,0,,0,NA,Asia,BREAK,2000.07.19 09:00,BOUNCE,2000.07.19 13:00,1.48440,BOUNCE,2000.07.31 15:00,1,2000.08.02 23:00,1,2000.08.02 23:00,0,,2,2d 8h,NewYork,NA,,NA,,B-ZF-BO,B-ZC-BR,B-ZF-BR,S-ZO-BR,S-ZB-BR,S-ZG-BR,B-ZF-BR,B-ZO-BR,S-ZO-BR,S-ZD-BO,S-ZE-BO,S-ZB-BR,S-ZG-UN,B-ZF-BR,B-ZB-BO,B-ZH-BO,B-ZE-UN,S-ZB-BR,B-ZB-BO,S-ZE-BO
112,2000.07.20 00:00,USDCAD,60,86400,SELL,ZE,1,1.48240,1.47520,720.0,1.47770,1.47230,540.0,75.000,65.28,250.0,169.9,1.47770,1.47520,1.46980,BOUNCE,2000.07.22 00:00,1,2000.07.28 15:00,1,2000.07.31 13:00,1,2000.07.31 16:00,3,1w 2d,Asia,NA,,NA,,1.48490,BREAK,2000.07.31 16:00,0,,0,,0,,0,NA,NewYork,BREAK,2000.07.31 20:00,BOUNCE,2000.08.01 16:00,1.47270,BOUNCE,2000.07.20 21:00,1,2000.07.31 13:00,1,2000.07.31 16:00,0,,2,1w 3d,Other,NA,,NA,,1.48020,BREAK,2000.07.31 13:00,0,,0,,0,,0,NA,NewYork,BREAK,2000.07.31 15:00,BREAK,2000.07.31 18:00,S-ZD-BO,B-ZF-BO,B-ZC-BR,B-ZF-BR,S-ZO-BR,S-ZB-BR,S-ZG-BR,B-ZF-BR,B-ZO-BR,S-ZO-BR,S-ZB-BR,S-ZG-UN,B-ZF-BR,B-ZB-BO,B-ZH-BO,B-ZE-UN,S-ZB-BR,B-ZB-BO,S-ZE-BO,S-ZF-BR
113,2000.07.22 00:00,USDCAD,60,86400,SELL,ZB,1,1.47960,1.47190,770.0,1.47550,1.47000,550.0,71.429,53.25,360.0,181.7,1.47550,1.47190,1.46640,BREAK,2000.07.24 15:00,0,,0,,0,,0,NA,NewYork,UNTOUCHED,,NA,,1.48320,BREAK,2000.07.31 14:00,0,,0,,0,,0,NA,NewYork,BREAK,2000.07.31 20:00,BOUNCE,2000.08.01 18:00,1.46830,BREAK,2000.07.24 15:00,0,,0,,0,,0,NA,NewYork,BOUNCE,2000.07.25 14:00,NA,,1.47910,BREAK,2000.07.31 08:00,0,,0,,0,,0,NA,London,BREAK,2000.07.31 15:00,BREAK,2000.07.31 19:00,S-ZE-BO,S-ZD-BO,B-ZF-BO,B-ZC-BR,B-ZF-BR,S-ZO-BR,S-ZB-BR,S-ZG-BR,B-ZF-BR,B-ZO-BR,S-ZG-UN,B-ZF-BR,B-ZB-BO,B-ZH-BO,B-ZE-UN,S-ZB-BR,B-ZB-BO,S-ZE-BO,S-ZF-BR,S-ZC-BO
114,2000.07.27 00:00,USDCAD,60,86400,SELL,ZG,0,1.46970,1.46390,580.0,1.46930,1.46380,550.0,94.828,6.90,540.0,136.9,1.46930,1.46390,1.45840,UNTOUCHED,,0,,0,,0,,0,NA,Other,NA,,NA,,1.47510,BREAK,2000.07.28 15:00,0,,0,,0,,0,NA,NewYork,BREAK,2000.07.31 13:00,BREAK,2000.07.31 18:00,1.45850,UNTOUCHED,,0,,0,,0,,0,NA,Other,NA,,NA,,1.47470,BREAK,2000.07.28 15:00,0,,0,,0,,0,NA,NewYork,BREAK,2000.07.31 13:00,BREAK,2000.07.31 18:00,S-ZB-BR,S-ZE-BO,S-ZD-BO,B-ZF-BO,B-ZC-BR,B-ZF-BR,S-ZO-BR,S-ZB-BR,S-ZG-BR,B-ZF-BR,B-ZF-BR,B-ZB-BO,B-ZH-BO,B-ZE-UN,S-ZB-BR,B-ZB-BO,S-ZE-BO,S-ZF-BR,S-ZC-BO,B-ZO-BO
115,2000.07.28 00:00,USDCAD,60,86400,BUY,ZF,1,1.46930,1.46380,550.0,1.47370,1.46400,970.0,176.364,3.64,530.0,129.8,1.46930,1.46400,1.47900,BREAK,2000.07.31 08:00,0,,0,,0,,0,NA,London,BREAK,2000.07.31 17:00,BREAK,2000.08.01 19:00,1.45850,UNTOUCHED,,0,,0,,0,,0,NA,Other,NA,,NA,,1.47460,BREAK,2000.07.28 15:00,0,,0,,0,,0,NA,NewYork,BREAK,2000.07.31 13:00,BREAK,2000.07.31 17:00,1.45870,UNTOUCHED,,0,,0,,0,,0,NA,Other,NA,,NA,,S-ZG-UN,S-ZB-BR,S-ZE-BO,S-ZD-BO,B-ZF-BO,B-ZC-BR,B-ZF-BR,S-ZO-BR,S-ZB-BR,S-ZG-BR,B-ZB-BO,B-ZH-BO,B-ZE-UN,S-ZB-BR,B-ZB-BO,S-ZE-BO,S-ZF-BR,S-ZC-BO,B-ZO-BO,B-ZE-BR
116,2000.07.29 00:00,USDCAD,60,86400,BUY,ZB,1,1.47370,1.46400,970.0,1.47890,1.47120,770.0,79.381,74.23,250.0,228.9,1.47370,1.47120,1.48140,BOUNCE,2000.07.31 13:00,1,2000.08.16 18:00,1,2000.09.01 15:00,0,,2,4w 4d,NewYork,NA,,NA,,1.46150,UNTOUCHED,,0,,0,,0,,0,NA,Other,NA,,NA,,1.47620,BREAK,2000.07.29 00:00,0,,0,,0,,0,NA,Asia,BREAK,2000.07.31 13:00,BREAK,2000.07.31 14:00,1.46870,BOUNCE,2000.09.01 15:00,1,2000.09.05 14:00,1,2000.09.05 14:00,0,,2,3d 23h,NewYork,NA,,NA,,B-ZF-BR,S-ZG-UN,S-ZB-BR,S-ZE-BO,S-ZD-BO,B-ZF-BO,B-ZC-BR,B-ZF-BR,S-ZO-BR,S-ZB-BR,B-ZH-BO,B-ZE-UN,S-ZB-BR,B-ZB-BO,S-ZE-BO,S-ZF-BR,S-ZC-BO,B-ZO-BO,B-ZE-BR,S-ZB-BO
117,2000.08.01 00:00,USDCAD,60,86400,BUY,ZH,1,1.47850,1.47720,130.0,1.48920,1.47730,1190.0,915.385,7.69,120.0,30.7,1.47850,1.47730,1.49040,BOUNCE,2000.08.01 18:00,1,2000.08.01 22:00,1,2000.08.16 18:00,1,2000.08.16 18:00,3,2w 1d,NewYork,NA,,NA,,1.47600,BOUNCE,2000.08.16 18:00,1,2000.08.16 20:00,1,2000.08.23 09:00,0,,2,6d 15h,NewYork,NA,,NA,,1.47970,BREAK,2000.08.01 00:00,0,,0,,0,,0,NA,Asia,BREAK,2000.08.01 01:00,BREAK,2000.08.01 02:00,1.47610,BOUNCE,2000.08.16 18:00,1,2000.08.23 09:00,1,2000.08.23 09:00,0,,2,6d 15h,NewYork,NA,,NA,,B-ZB-BO,B-ZF-BR,S-ZG-UN,S-ZB-BR,S-ZE-BO,S-ZD-BO,B-ZF-BO,B-ZC-BR,B-ZF-BR,S-ZO-BR,B-ZE-UN,S-ZB-BR,B-ZB-BO,S-ZE-BO,S-ZF-BR,S-ZC-BO,B-ZO-BO,B-ZE-BR,S-ZB-BO,S-ZO-UN
118,2000.08.02 00:00,USDCAD,60,86400,BUY,ZE,1,1.48920,1.47730,1190.0,1.49100,1.48500,600.0,50.420,64.71,420.0,280.8,1.48920,1.48500,1.49520,UNTOUCHED,,0,,0,,0,,0,NA,Other,NA,,NA,,1.47310,BOUNCE,2000.08.17 22:00,1,2000.08.23 10:00,0,,0,,1,5d 12h,Other,NA,,NA,,1.49340,BOUNCE,2000.08.07 10:00,1,2000.08.10 16:00,1,2000.08.17 22:00,0,,2,1w 3d,London,NA,,NA,,1.48080,BOUNCE,2000.08.02 18:00,1,2000.08.07 10:00,1,2000.08.07 10:00,0,,2,4d 16h,NewYork,NA,,NA,,B-ZH-BO,B-ZB-BO,B-ZF-BR,S-ZG-UN,S-ZB-BR,S-ZE-BO,S-ZD-BO,B-ZF-BO,B-ZC-BR,B-ZF-BR,S-ZB-BR,B-ZB-BO,S-ZE-BO,S-ZF-BR,S-ZC-BO,B-ZO-BO,B-ZE-BR,S-ZB-BO,S-ZO-UN,B-ZO-BR
119,2000.08.03 00:00,USDCAD,60,86400,SELL,ZB,1,1.49100,1.48500,600.0,1.48840,1.47820,1020.0,170.000,43.33,340.0,141.6,1.48840,1.48500,1.47480,BREAK,2000.08.17 13:00,0,,0,,0,,0,NA,NewYork,BOUNCE,2000.08.18 15:00,NA,,1.49440,BOUNCE,2000.08.07 11:00,1,2000.08.07 19:00,1,2000.08.10 16:00,1,2000.08.17 13:00,3,1w 3d,London,NA,,NA,,1.48160,BREAK,2000.08.03 00:00,0,,0,,0,,0,NA,Asia,BOUNCE,2000.08.03 14:00,NA,,1.49180,BREAK,2000.08.07 10:00,0,,0,,0,,0,NA,London,UNTOUCHED,,NA,,B-ZE-UN,B-ZH-BO,B-ZB-BO,B-ZF-BR,S-ZG-UN,S-ZB-BR,S-ZE-BO,S-ZD-BO,B-ZF-BO,B-ZC-BR,B-ZB-BO,S-ZE-BO,S-ZF-BR,S-ZC-BO,B-ZO-BO,B-ZE-BR,S-ZB-BO,S-ZO-UN,B-ZO-BR,B-ZB-BR
120,2000.08.05 00:00,USDCAD,60,86400,BUY,ZB,1,1.48550,1.47820,730.0,1.49080,1.48350,730.0,100.000,72.60,200.0,172.3,1.48550,1.48350,1.49280,BOUNCE,2000.08.07 10:00,1,2000.08.07 18:00,1,2000.08.10 16:00,1,2000.08.16 18:00,3,1w 2d,London,NA,,NA,,1.47620,BOUNCE,2000.08.16 18:00,1,2000.08.23 10:00,1,2000.08.23 16:00,1,2000.09.14 13:00,3,4w 0d,NewYork,NA,,NA,,1.48750,BREAK,2000.08.05 00:00,0,,0,,0,,0,NA,Asia,BREAK,2000.08.07 09:00,BREAK,2000.08.07 10:00,1.48150,BREAK,2000.08.10 16:00,0,,0,,0,,0,NA,NewYork,BOUNCE,2000.08.16 16:00,NA,,S-ZB-BR,B-ZE-UN,B-ZH-BO,B-ZB-BO,B-ZF-BR,S-ZG-UN,S-ZB-BR,S-ZE-BO,S-ZD-BO,B-ZF-BO,S-ZE-BO,S-ZF-BR,S-ZC-BO,B-ZO-BO,B-ZE-BR,S-ZB-BO,S-ZO-UN,B-ZO-BR,B-ZB-BR,S-ZF-BR
121,2000.08.09 00:00,USDCAD,60,86400,SELL,ZE,1,1.49470,1.48600,870.0,1.49080,1.48500,580.0,66.667,44.83,480.0,205.3,1.49080,1.48600,1.48020,BOUNCE,2000.08.10 17:00,1,2000.09.14 12:00,0,,0,,1,4w 6d,NewYork,NA,,NA,,1.49950,UNTOUCHED,,0,,0,,0,,0,NA,Other,NA,,NA,,1.48120,BOUNCE,2000.08.10 16:00,0,,0,,0,,0,NA,NewYork,NA,,NA,,1.49560,UNTOUCHED,,0,,0,,0,,0,NA,Other,NA,,NA,,B-ZB-BO,S-ZB-BR,B-ZE-UN,B-ZH-BO,B-ZB-BO,B-ZF-BR,S-ZG-UN,S-ZB-BR,S-ZE-BO,S-ZD-BO,S-ZF-BR,S-ZC-BO,B-ZO-BO,B-ZE-BR,S-ZB-BO,S-ZO-UN,B-ZO-BR,B-ZB-BR,S-ZF-BR,S-ZE-UN
122,2000.08.10 00:00,USDCAD,60,86400,SELL,ZF,0,1.49080,1.48500,580.0,1.49030,1.48230,800.0,137.931,8.62,530.0,136.9,1.49030,1.48500,1.47700,BREAK,2000.08.16 17:00,0,,0,,0,,0,NA,NewYork,BOUNCE,2000.08.18 20:00,NA,,1.49610,UNTOUCHED,,0,,0,,0,,0,NA,Other,NA,,NA,,1.47970,BOUNCE,2000.08.10 17:00,0,,0,,0,,0,NA,NewYork,NA,,NA,,1.49560,UNTOUCHED,,0,,0,,0,,0,NA,Other,NA,,NA,,S-ZE-BO,B-ZB-BO,S-ZB-BR,B-ZE-UN,B-ZH-BO,B-ZB-BO,B-ZF-BR,S-ZG-UN,S-ZB-BR,S-ZE-BO,S-ZC-BO,B-ZO-BO,B-ZE-BR,S-ZB-BO,S-ZO-UN,B-ZO-BR,B-ZB-BR,S-ZF-BR,S-ZE-UN,B-ZF-BR
123,2000.08.11 00:00,USDCAD,60,86400,SELL,ZC,1,1.49030,1.48230,800.0,1.48450,1.47940,510.0,63.750,72.50,220.0,188.8,1.48450,1.48230,1.47720,BOUNCE,2000.08.16 17:00,1,2000.08.23 11:00,1,2000.08.23 16:00,1,2000.09.14 13:00,3,4w 0d,NewYork,NA,,NA,,1.49250,BOUNCE,2000.09.14 13:00,1,2000.09.14 18:00,1,2000.09.20 14:00,0,,2,6d 1h,NewYork,NA,,NA,,1.48010,BOUNCE,2000.08.16 09:00,1,2000.08.23 16:00,1,2000.09.14 13:00,0,,2,4w 1d,London,NA,,NA,,1.48670,BOUNCE,2000.08.15 14:00,1,2000.08.16 09:00,1,2000.08.16 09:00,0,,2,19h,NewYork,NA,,NA,,S-ZF-BR,S-ZE-BO,B-ZB-BO,S-ZB-BR,B-ZE-UN,B-ZH-BO,B-ZB-BO,B-ZF-BR,S-ZG-UN,S-ZB-BR,B-ZO-BO,B-ZE-BR,S-ZB-BO,S-ZO-UN,B-ZO-BR,B-ZB-BR,S-ZF-BR,S-ZE-UN,B-ZF-BR,B-ZO-BO
124,2000.08.12 00:00,USDCAD,60,86400,BUY,ZO,0,1.48450,1.47940,510.0,1.48510,1.48080,430.0,84.314,27.45,370.0,120.4,1.48450,1.48080,1.48880,BOUNCE,2000.08.15 16:00,1,2000.08.16 06:00,1,2000.08.16 17:00,1,2000.08.16 19:00,3,1d 3h,NewYork,NA,,NA,,1.47570,BREAK,2000.08.16 19:00,0,,0,,0,,0,NA,NewYork,BOUNCE,2000.08.18 15:00,NA,,1.48820,BOUNCE,2000.08.15 15:00,1,2000.08.16 17:00,1,2000.08.16 19:00,0,,2,1d 4h,NewYork,NA,,NA,,1.47710,BOUNCE,2000.08.16 17:00,1,2000.08.23 16:00,1,2000.08.23 16:00,0,,2,6d 23h,NewYork,NA,,NA,,S-ZC-BO,S-ZF-BR,S-ZE-BO,B-ZB-BO,S-ZB-BR,B-ZE-UN,B-ZH-BO,B-ZB-BO,B-ZF-BR,S-ZG-UN,B-ZE-BR,S-ZB-BO,S-ZO-UN,B-ZO-BR,B-ZB-BR,S-ZF-BR,S-ZE-UN,B-ZF-BR,B-ZO-BO,S-ZE-UN
125,2000.08.16 00:00,USDCAD,60,86400,BUY,ZE,1,1.48640,1.48150,490.0,1.48910,1.48360,550.0,112.245,42.86,280.0,115.6,1.48640,1.48360,1.49190,BREAK,2000.09.14 13:00,0,,0,,0,,0,NA,NewYork,BREAK,2000.09.27 17:00,BOUNCE,2000.09.28 03:00,1.47870,BREAK,2000.08.16 17:00,0,,0,,0,,0,NA,NewYork,BREAK,2000.08.17 13:00,BREAK,2000.08.18 15:00,1.48920,BREAK,2000.09.14 12:00,0,,0,,0,,0,NA,London,BREAK,2000.09.14 14:00,BREAK,2000.09.27 17:00,1.48080,BREAK,2000.08.16 08:00,0,,0,,0,,0,NA,London,BOUNCE,2000.08.16 17:00,NA,,B-ZO-BO,S-ZC-BO,S-ZF-BR,S-ZE-BO,B-ZB-BO,S-ZB-BR,B-ZE-UN,B-ZH-BO,B-ZB-BO,B-ZF-BR,S-ZB-BO,S-ZO-UN,B-ZO-BR,B-ZB-BR,S-ZF-BR,S-ZE-UN,B-ZF-BR,B-ZO-BO,S-ZE-UN,B-ZE-BR
126,2000.08.18 00:00,USDCAD,60,86400,SELL,ZB,1,1.48470,1.47570,900.0,1.47810,1.47280,530.0,58.889,73.33,240.0,212.4,1.47810,1.47570,1.47040,BOUNCE,2000.09.01 12:00,1,2000.09.05 14:00,1,2000.09.06 15:00,1,2000.09.14 09:00,3,1w 5d,London,NA,,NA,,1.48710,BOUNCE,2000.08.23 16:00,1,2000.08.25 14:00,1,2000.08.31 15:00,1,2000.09.01 12:00,3,1w 1d,NewYork,NA,,NA,,1.47330,BOUNCE,2000.08.18 11:00,1,2000.08.23 10:00,1,2000.08.23 16:00,0,,2,5d 5h,London,NA,,NA,,1.48050,BREAK,2000.08.23 10:00,0,,0,,0,,0,NA,London,BREAK,2000.08.23 15:00,BREAK,2000.08.23 16:00,B-ZE-BR,B-ZO-BO,S-ZC-BO,S-ZF-BR,S-ZE-BO,B-ZB-BO,S-ZB-BR,B-ZE-UN,B-ZH-BO,B-ZB-BO,S-ZO-UN,B-ZO-BR,B-ZB-BR,S-ZF-BR,S-ZE-UN,B-ZF-BR,B-ZO-BO,S-ZE-UN,B-ZE-BR,B-ZB-BR
127,2000.08.19 00:00,USDCAD,60,86400,SELL,ZO,0,1.47810,1.47280,530.0,1.47710,1.47120,590.0,111.321,18.87,430.0,125.1,1.47710,1.47280,1.46690,UNTOUCHED,,0,,0,,0,,0,NA,Other,NA,,NA,,1.48240,BREAK,2000.08.23 11:00,0,,0,,0,,0,NA,London,BREAK,2000.08.23 16:00,BREAK,2000.09.14 13:00,1.46850,BOUNCE,2000.09.01 15:00,1,2000.09.06 15:00,1,2000.09.06 16:00,0,,2,5d 1h,NewYork,NA,,NA,,1.48140,BREAK,2000.08.23 10:00,0,,0,,0,,0,NA,London,BOUNCE,2000.08.23 15:00,NA,,S-ZB-BO,B-ZE-BR,B-ZO-BO,S-ZC-BO,S-ZF-BR,S-ZE-BO,B-ZB-BO,S-ZB-BR,B-ZE-UN,B-ZH-BO,B-ZO-BR,B-ZB-BR,S-ZF-BR,S-ZE-UN,B-ZF-BR,B-ZO-BO,S-ZE-UN,B-ZE-BR,B-ZB-BR,S-ZC-UN
128,2000.08.23 00:00,USDCAD,60,86400,BUY,ZO,0,1.47900,1.47220,680.0,1.47930,1.47370,560.0,82.353,22.06,530.0,160.5,1.47900,1.47370,1.48460,BREAK,2000.08.23 15:00,0,,0,,0,,0,NA,NewYork,BREAK,2000.09.14 13:00,BREAK,2000.09.27 18:00,1.46690,UNTOUCHED,,0,,0,,0,,0,NA,Other,NA,,NA,,1.48430,BREAK,2000.08.23 15:00,0,,0,,0,,0,NA,NewYork,BREAK,2000.09.14 12:00,BREAK,2000.09.27 18:00,1.46840,UNTOUCHED,,0,,0,,0,,0,NA,Other,NA,,NA,,S-ZO-UN,S-ZB-BO,B-ZE-BR,B-ZO-BO,S-ZC-BO,S-ZF-BR,S-ZE-BO,B-ZB-BO,S-ZB-BR,B-ZE-UN,B-ZB-BR,S-ZF-BR,S-ZE-UN,B-ZF-BR,B-ZO-BO,S-ZE-UN,B-ZE-BR,B-ZB-BR,S-ZC-UN,B-ZH-BR
129,2000.08.24 00:00,USDCAD,60,86400,BUY,ZB,1,1.47930,1.47370,560.0,1.48850,1.47590,1260.0,225.000,39.29,340.0,132.2,1.47930,1.47590,1.49190,BREAK,2000.09.14 13:00,0,,0,,0,,0,NA,NewYork,BREAK,2000.09.27 18:00,BREAK,2000.09.28 15:00,1.47030,BREAK,2000.09.01 12:00,0,,0,,0,,0,NA,London,UNTOUCHED,,NA,,1.48270,BREAK,2000.08.24 00:00,0,,0,,0,,0,NA,Asia,BOUNCE,2000.08.24 15:00,NA,,1.47250,BREAK,2000.08.31 18:00,0,,0,,0,,0,NA,NewYork,BOUNCE,2000.09.01 15:00,NA,,B-ZO-BR,S-ZO-UN,S-ZB-BO,B-ZE-BR,B-ZO-BO,S-ZC-BO,S-ZF-BR,S-ZE-BO,B-ZB-BO,S-ZB-BR,S-ZF-BR,S-ZE-UN,B-ZF-BR,B-ZO-BO,S-ZE-UN,B-ZE-BR,B-ZB-BR,S-ZC-UN,B-ZH-BR,S-ZG-UN
130,2000.08.31 00:00,USDCAD,60,86400,SELL,ZF,1,1.48850,1.48170,680.0,1.48650,1.47590,1060.0,155.882,29.41,480.0,160.5,1.48650,1.48170,1.47110,BREAK,2000.08.31 21:00,0,,0,,0,,0,NA,Other,UNTOUCHED,,NA,,1.49330,BOUNCE,2000.09.14 14:00,1,2000.09.15 19:00,0,,0,,1,1d 5h,NewYork,NA,,NA,,1.47690,BREAK,2000.08.31 00:00,0,,0,,0,,0,NA,Asia,BREAK,2000.09.01 12:00,UNTOUCHED,,1.49130,BREAK,2000.09.14 12:00,0,,0,,0,,0,NA,London,BREAK,2000.09.28 10:00,BREAK,2000.09.28 17:00,B-ZB-BR,B-ZO-BR,S-ZO-UN,S-ZB-BO,B-ZE-BR,B-ZO-BO,S-ZC-BO,S-ZF-BR,S-ZE-BO,B-ZB-BO,S-ZE-UN,B-ZF-BR,B-ZO-BO,S-ZE-UN,B-ZE-BR,B-ZB-BR,S-ZC-UN,B-ZH-BR,S-ZG-UN,S-ZE-UN
131,2000.09.02 00:00,USDCAD,60,86400,SELL,ZE,1,1.47780,1.47070,710.0,1.47500,1.46850,650.0,91.549,39.44,430.0,167.6,1.47500,1.47070,1.46420,UNTOUCHED,,0,,0,,0,,0,NA,Other,NA,,NA,,1.48210,BREAK,2000.09.06 16:00,0,,0,,0,,0,NA,NewYork,BREAK,2000.09.14 10:00,BREAK,2000.09.14 13:00,1.46640,UNTOUCHED,,0,,0,,0,,0,NA,Other,NA,,NA,,1.47930,BREAK,2000.09.06 09:00,0,,0,,0,,0,NA,London,BOUNCE,2000.09.06 20:00,NA,,S-ZF-BR,B-ZB-BR,B-ZO-BR,S-ZO-UN,S-ZB-BO,B-ZE-BR,B-ZO-BO,S-ZC-BO,S-ZF-BR,S-ZE-BO,B-ZF-BR,B-ZO-BO,S-ZE-UN,B-ZE-BR,B-ZB-BR,S-ZC-UN,B-ZH-BR,S-ZG-UN,S-ZE-UN,B-ZD-BR
132,2000.09.06 00:00,USDCAD,60,86400,BUY,ZF,0,1.47500,1.47160,340.0,1.47690,1.47260,430.0,126.471,29.41,240.0,80.2,1.47500,1.47260,1.47930,BREAK,2000.09.06 09:00,0,,0,,0,,0,NA,London,BREAK,2000.09.06 16:00,BOUNCE,2000.09.06 18:00,1.46920,UNTOUCHED,,0,,0,,0,,0,NA,Other,NA,,NA,,1.47740,BREAK,2000.09.06 04:00,0,,0,,0,,0,NA,Asia,BREAK,2000.09.06 15:00,BREAK,2000.09.06 16:00,1.47020,UNTOUCHED,,0,,0,,0,,0,NA,Other,NA,,NA,,S-ZE-UN,S-ZF-BR,B-ZB-BR,B-ZO-BR,S-ZO-UN,S-ZB-BO,B-ZE-BR,B-ZO-BO,S-ZC-BO,S-ZF-BR,B-ZO-BO,S-ZE-UN,B-ZE-BR,B-ZB-BR,S-ZC-UN,B-ZH-BR,S-ZG-UN,S-ZE-UN,B-ZD-BR,B-ZF-BR
133,2000.09.08 00:00,USDCAD,60,86400,BUY,ZO,0,1.48430,1.47550,880.0,1.48510,1.47580,930.0,105.682,3.41,850.0,207.7,1.48430,1.47580,1.49360,BOUNCE,2000.09.14 14:00,0,,0,,0,,0,NA,NewYork,NA,,NA,,1.46700,UNTOUCHED,,0,,0,,0,,0,NA,Other,NA,,NA,,1.49280,BOUNCE,2000.09.14 13:00,0,,0,,0,,0,NA,NewYork,NA,,NA,,1.46730,UNTOUCHED,,0,,0,,0,,0,NA,Other,NA,,NA,,B-ZF-BR,S-ZE-UN,S-ZF-BR,B-ZB-BR,B-ZO-BR,S-ZO-UN,S-ZB-BO,B-ZE-BR,B-ZO-BO,S-ZC-BO,S-ZE-UN,B-ZE-BR,B-ZB-BR,S-ZC-UN,B-ZH-BR,S-ZG-UN,S-ZE-UN,B-ZD-BR,B-ZF-BR,B-ZB-BO
134,2000.09.09 00:00,USDCAD,60,86400,SELL,ZE,1,1.48510,1.47580,930.0,1.47870,1.47450,420.0,45.161,68.82,290.0,219.5,1.47870,1.47580,1.47160,UNTOUCHED,,0,,0,,0,,0,NA,Other,NA,,NA,,1.48800,BREAK,2000.09.14 10:00,0,,0,,0,,0,NA,London,BREAK,2000.09.14 14:00,BOUNCE,2000.09.27 15:00,1.47290,UNTOUCHED,,0,,0,,0,,0,NA,Other,NA,,NA,,1.48160,BOUNCE,2000.09.12 05:00,0,,0,,0,,0,NA,Asia,NA,,NA,,B-ZO-BO,B-ZF-BR,S-ZE-UN,S-ZF-BR,B-ZB-BR,B-ZO-BR,S-ZO-UN,S-ZB-BO,B-ZE-BR,B-ZO-BO,B-ZE-BR,B-ZB-BR,S-ZC-UN,B-ZH-BR,S-ZG-UN,S-ZE-UN,B-ZD-BR,B-ZF-BR,B-ZB-BO,B-ZC-BR
135,2000.09.13 00:00,USDCAD,60,86400,BUY,ZE,1,1.48130,1.47570,560.0,1.48250,1.47800,450.0,80.357,41.07,330.0,132.2,1.48130,1.47800,1.48580,BREAK,2000.09.14 09:00,0,,0,,0,,0,NA,London,BREAK,2000.09.14 12:00,BOUNCE,2000.09.14 15:00,1.47240,UNTOUCHED,,0,,0,,0,,0,NA,Other,NA,,NA,,1.48460,BREAK,2000.09.13 17:00,0,,0,,0,,0,NA,NewYork,BREAK,2000.09.14 12:00,BREAK,2000.09.14 13:00,1.47470,UNTOUCHED,,0,,0,,0,,0,NA,Other,NA,,NA,,S-ZE-UN,B-ZO-BO,B-ZF-BR,S-ZE-UN,S-ZF-BR,B-ZB-BR,B-ZO-BR,S-ZO-UN,S-ZB-BO,B-ZE-BR,B-ZB-BR,S-ZC-UN,B-ZH-BR,S-ZG-UN,S-ZE-UN,B-ZD-BR,B-ZF-BR,B-ZB-BO,B-ZC-BR,S-ZB-UN
136,2000.09.15 00:00,USDCAD,60,86400,BUY,ZB,1,1.48500,1.47680,820.0,1.49370,1.48260,1110.0,135.366,70.73,240.0,193.5,1.48500,1.48260,1.49610,BREAK,2000.09.27 18:00,0,,0,,0,,0,NA,NewYork,BREAK,2000.09.28 15:00,BOUNCE,2000.09.28 16:00,1.47440,UNTOUCHED,,0,,0,,0,,0,NA,Other,NA,,NA,,1.48740,BOUNCE,2000.09.15 00:00,1,2000.09.20 14:00,0,,0,,1,5d 14h,Asia,NA,,NA,,1.48020,BOUNCE,2000.09.20 14:00,1,2000.09.21 16:00,1,2000.09.21 16:00,0,,2,1d 2h,NewYork,NA,,NA,,B-ZE-BR,S-ZE-UN,B-ZO-BO,B-ZF-BR,S-ZE-UN,S-ZF-BR,B-ZB-BR,B-ZO-BR,S-ZO-UN,S-ZB-BO,S-ZC-UN,B-ZH-BR,S-ZG-UN,S-ZE-UN,B-ZD-BR,B-ZF-BR,B-ZB-BO,B-ZC-BR,S-ZB-UN,S-ZG-UN
137,2000.09.16 00:00,USDCAD,60,86400,SELL,ZC,1,1.49370,1.48260,1110.0,1.48900,1.48130,770.0,69.369,42.34,640.0,262.0,1.48900,1.48260,1.47490,UNTOUCHED,,0,,0,,0,,0,NA,Other,NA,,NA,,1.50010,BREAK,2000.09.28 15:00,0,,0,,0,,0,NA,NewYork,BREAK,2000.10.02 17:00,BREAK,2000.10.12 23:00,1.47620,UNTOUCHED,,0,,0,,0,,0,NA,Other,NA,,NA,,1.49540,BREAK,2000.09.27 17:00,0,,0,,0,,0,NA,NewYork,BREAK,2000.09.29 14:00,BREAK,2000.10.02 18:00,B-ZB-BR,B-ZE-BR,S-ZE-UN,B-ZO-BO,B-ZF-BR,S-ZE-UN,S-ZF-BR,B-ZB-BR,B-ZO-BR,S-ZO-UN,B-ZH-BR,S-ZG-UN,S-ZE-UN,B-ZD-BR,B-ZF-BR,B-ZB-BO,B-ZC-BR,S-ZB-UN,S-ZG-UN,B-ZF-BO
138,2000.09.19 00:00,USDCAD,60,86400,BUY,ZH,1,1.48270,1.48200,70.0,1.49070,1.48210,860.0,1228.571,14.29,60.0,16.5,1.48270,1.48210,1.49130,BREAK,2000.09.22 14:00,0,,0,,0,,0,NA,NewYork,BOUNCE,2000.09.22 15:00,NA,,1.48140,BREAK,2000.09.20 11:00,0,,0,,0,,0,NA,London,BREAK,2000.09.20 14:00,BREAK,2000.09.20 15:00,1.48330,BREAK,2000.09.19 00:00,0,,0,,0,,0,NA,Asia,BREAK,2000.09.19 01:00,BREAK,2000.09.19 02:00,1.48150,BOUNCE,2000.09.19 22:00,1,2000.09.19 23:00,1,2000.09.19 23:00,0,,2,1h,Other,NA,,NA,,S-ZC-UN,B-ZB-BR,B-ZE-BR,S-ZE-UN,B-ZO-BO,B-ZF-BR,S-ZE-UN,S-ZF-BR,B-ZB-BR,B-ZO-BR,S-ZG-UN,S-ZE-UN,B-ZD-BR,B-ZF-BR,B-ZB-BO,B-ZC-BR,S-ZB-UN,S-ZG-UN,B-ZF-BO,B-ZO-BO
139,2000.09.20 00:00,USDCAD,60,86400,SELL,ZG,0,1.49070,1.48210,860.0,1.48940,1.48150,790.0,91.860,15.12,730.0,203.0,1.48940,1.48210,1.47420,UNTOUCHED,,0,,0,,0,,0,NA,Other,NA,,NA,,1.49800,BREAK,2000.09.28 13:00,0,,0,,0,,0,NA,NewYork,BREAK,2000.09.29 18:00,BREAK,2000.10.12 23:00,1.47480,UNTOUCHED,,0,,0,,0,,0,NA,Other,NA,,NA,,1.49670,BREAK,2000.09.27 18:00,0,,0,,0,,0,NA,NewYork,BREAK,2000.09.29 15:00,BOUNCE,2000.10.03 20:00,B-ZH-BR,S-ZC-UN,B-ZB-BR,B-ZE-BR,S-ZE-UN,B-ZO-BO,B-ZF-BR,S-ZE-UN,S-ZF-BR,B-ZB-BR,S-ZE-UN,B-ZD-BR,B-ZF-BR,B-ZB-BO,B-ZC-BR,S-ZB-UN,S-ZG-UN,B-ZF-BO,B-ZO-BO,B-ZE-BO
140,2000.09.21 00:00,USDCAD,60,86400,SELL,ZE,1,1.48940,1.48150,790.0,1.48510,1.47960,550.0,69.620,54.43,360.0,186.4,1.48510,1.48150,1.47600,UNTOUCHED,,0,,0,,0,,0,NA,Other,NA,,NA,,1.49300,BOUNCE,2000.09.27 15:00,0,,0,,0,,0,NA,NewYork,NA,,NA,,1.47790,UNTOUCHED,,0,,0,,0,,0,NA,Other,NA,,NA,,1.48870,BREAK,2000.09.22 11:00,0,,0,,0,,0,NA,London,BREAK,2000.09.27 16:00,BREAK,2000.09.28 10:00,S-ZG-UN,B-ZH-BR,S-ZC-UN,B-ZB-BR,B-ZE-BR,S-ZE-UN,B-ZO-BO,B-ZF-BR,S-ZE-UN,S-ZF-BR,B-ZD-BR,B-ZF-BR,B-ZB-BO,B-ZC-BR,S-ZB-UN,S-ZG-UN,B-ZF-BO,B-ZO-BO,B-ZE-BO,S-ZG-UN
141,2000.09.22 00:00,USDCAD,60,86400,BUY,ZD,1,1.48510,1.47960,550.0,1.48790,1.48240,550.0,100.000,50.91,270.0,129.8,1.48510,1.48240,1.49060,BREAK,2000.09.22 14:00,0,,0,,0,,0,NA,NewYork,BOUNCE,2000.09.27 15:00,NA,,1.47690,UNTOUCHED,,0,,0,,0,,0,NA,Other,NA,,NA,,1.48780,BREAK,2000.09.22 00:00,0,,0,,0,,0,NA,Asia,BREAK,2000.09.22 14:00,BOUNCE,2000.09.27 15:00,1.47970,UNTOUCHED,,0,,0,,0,,0,NA,Other,NA,,NA,,S-ZE-UN,S-ZG-UN,B-ZH-BR,S-ZC-UN,B-ZB-BR,B-ZE-BR,S-ZE-UN,B-ZO-BO,B-ZF-BR,S-ZE-UN,B-ZF-BR,B-ZB-BO,B-ZC-BR,S-ZB-UN,S-ZG-UN,B-ZF-BO,B-ZO-BO,B-ZE-BO,S-ZG-UN,S-ZB-UN
142,2000.09.28 00:00,USDCAD,60,86400,BUY,ZF,1,1.48950,1.48490,460.0,1.49750,1.48580,1170.0,254.348,19.57,370.0,108.6,1.48950,1.48580,1.50120,BREAK,2000.09.28 16:00,0,,0,,0,,0,NA,NewYork,BOUNCE,2000.09.29 14:00,NA,,1.48120,UNTOUCHED,,0,,0,,0,,0,NA,Other,NA,,NA,,1.49320,BREAK,2000.09.28 00:00,0,,0,,0,,0,NA,Asia,BREAK,2000.09.28 13:00,BREAK,2000.09.28 16:00,1.48210,UNTOUCHED,,0,,0,,0,,0,NA,Other,NA,,NA,,B-ZD-BR,S-ZE-UN,S-ZG-UN,B-ZH-BR,S-ZC-UN,B-ZB-BR,B-ZE-BR,S-ZE-UN,B-ZO-BO,B-ZF-BR,B-ZB-BO,B-ZC-BR,S-ZB-UN,S-ZG-UN,B-ZF-BO,B-ZO-BO,B-ZE-BO,S-ZG-UN,S-ZB-UN,S-ZO-UN
143,2000.09.29 00:00,USDCAD,60,86400,BUY,ZB,1,1.49750,1.48580,1170.0,1.50430,1.49440,990.0,84.615,73.50,310.0,276.1,1.49750,1.49440,1.50740,BOUNCE,2000.09.29 18:00,1,2000.09.29 22:00,0,,0,,1,4h,NewYork,NA,,NA,,1.48270,UNTOUCHED,,0,,0,,0,,0,NA,Other,NA,,NA,,1.50060,BREAK,2000.09.29 03:00,0,,0,,0,,0,NA,Asia,BREAK,2000.09.29 18:00,BOUNCE,2000.09.29 20:00,1.49130,UNTOUCHED,,0,,0,,0,,0,NA,Other,NA,,NA,,B-ZF-BR,B-ZD-BR,S-ZE-UN,S-ZG-UN,B-ZH-BR,S-ZC-UN,B-ZB-BR,B-ZE-BR,S-ZE-UN,B-ZO-BO,B-ZC-BR,S-ZB-UN,S-ZG-UN,B-ZF-BO,B-ZO-BO,B-ZE-BO,S-ZG-UN,S-ZB-UN,S-ZO-UN,B-ZD-BR
144,2000.09.30 00:00,USDCAD,60,86400,BUY,ZC,1,1.50430,1.49440,990.0,1.50810,1.49920,890.0,89.899,48.48,510.0,233.6,1.50430,1.49920,1.51320,BREAK,2000.10.12 23:00,0,,0,,0,,0,NA,Other,BREAK,2000.10.13 13:00,BOUNCE,2000.10.17 23:00,1.48930,UNTOUCHED,,0,,0,,0,,0,NA,Other,NA,,NA,,1.50940,BOUNCE,2000.10.02 17:00,1,2000.10.04 22:00,0,,0,,1,2d 5h,NewYork,NA,,NA,,1.49410,BOUNCE,2000.10.04 22:00,1,2000.10.12 16:00,1,2000.10.12 16:00,0,,2,1w 0d,Other,NA,,NA,,B-ZB-BO,B-ZF-BR,B-ZD-BR,S-ZE-UN,S-ZG-UN,B-ZH-BR,S-ZC-UN,B-ZB-BR,B-ZE-BR,S-ZE-UN,S-ZB-UN,S-ZG-UN,B-ZF-BO,B-ZO-BO,B-ZE-BO,S-ZG-UN,S-ZB-UN,S-ZO-UN,B-ZD-BR,B-ZF-BR
145,2000.10.05 00:00,USDCAD,60,86400,SELL,ZB,1,1.51000,1.50310,690.0,1.50520,1.49320,1200.0,173.913,69.57,210.0,162.8,1.50520,1.50310,1.49110,UNTOUCHED,,0,,0,,0,,0,NA,Other,NA,,NA,,1.51210,BREAK,2000.10.12 23:00,0,,0,,0,,0,NA,Other,BREAK,2000.10.13 00:00,BOUNCE,2000.10.13 09:00,1.50100,BREAK,2000.10.05 00:00,0,,0,,0,,0,NA,Asia,BREAK,2000.10.05 01:00,BREAK,2000.10.05 02:00,1.50730,BOUNCE,2000.10.12 04:00,0,,0,,0,,0,NA,Asia,NA,,NA,,B-ZC-BR,B-ZB-BO,B-ZF-BR,B-ZD-BR,S-ZE-UN,S-ZG-UN,B-ZH-BR,S-ZC-UN,B-ZB-BR,B-ZE-BR,S-ZG-UN,B-ZF-BO,B-ZO-BO,B-ZE-BO,S-ZG-UN,S-ZB-UN,S-ZO-UN,B-ZD-BR,B-ZF-BR,B-ZE-BO
146,2000.10.11 00:00,USDCAD,60,86400,SELL,ZG,1,1.50490,1.50120,370.0,1.50410,1.49840,570.0,154.054,21.62,290.0,87.3,1.50410,1.50120,1.49550,UNTOUCHED,,0,,0,,0,,0,NA,Other,NA,,NA,,1.50780,BREAK,2000.10.12 16:00,0,,0,,0,,0,NA,NewYork,BREAK,2000.10.12 23:00,BREAK,2000.10.13 00:00,1.49830,UNTOUCHED,,0,,0,,0,,0,NA,Other,NA,,NA,,1.50700,BOUNCE,2000.10.12 03:00,0,,0,,0,,0,NA,Asia,NA,,NA,,S-ZB-UN,B-ZC-BR,B-ZB-BO,B-ZF-BR,B-ZD-BR,S-ZE-UN,S-ZG-UN,B-ZH-BR,S-ZC-UN,B-ZB-BR,B-ZF-BO,B-ZO-BO,B-ZE-BO,S-ZG-UN,S-ZB-UN,S-ZO-UN,B-ZD-BR,B-ZF-BR,B-ZE-BO,S-ZO-BR
147,2000.10.12 00:00,USDCAD,60,86400,BUY,ZF,0,1.50410,1.49840,570.0,1.50590,1.49940,650.0,114.035,17.54,470.0,134.5,1.50410,1.49940,1.51060,BOUNCE,2000.10.12 16:00,0,,0,,0,,0,NA,NewYork,NA,,NA,,1.49370,UNTOUCHED,,0,,0,,0,,0,NA,Other,NA,,NA,,1.50880,BREAK,2000.10.12 16:00,0,,0,,0,,0,NA,NewYork,BREAK,2000.10.12 23:00,BREAK,2000.10.13 13:00,1.49470,UNTOUCHED,,0,,0,,0,,0,NA,Other,NA,,NA,,S-ZG-UN,S-ZB-UN,B-ZC-BR,B-ZB-BO,B-ZF-BR,B-ZD-BR,S-ZE-UN,S-ZG-UN,B-ZH-BR,S-ZC-UN,B-ZO-BO,B-ZE-BO,S-ZG-UN,S-ZB-UN,S-ZO-UN,B-ZD-BR,B-ZF-BR,B-ZE-BO,S-ZO-BR,S-ZH-BO
148,2000.10.14 00:00,USDCAD,60,86400,BUY,ZO,0,1.51650,1.50400,1250.0,1.52070,1.50620,1450.0,116.000,17.60,1030.0,295.0,1.51650,1.50620,1.53100,BOUNCE,2000.10.30 16:00,0,,0,,0,,0,NA,NewYork,NA,,NA,,1.49370,UNTOUCHED,,0,,0,,0,,0,NA,Other,NA,,NA,,1.52680,BREAK,2000.10.27 18:00,0,,0,,0,,0,NA,NewYork,BREAK,2000.11.08 19:00,BREAK,2000.11.15 17:00,1.49590,UNTOUCHED,,0,,0,,0,,0,NA,Other,NA,,NA,,B-ZF-BO,S-ZG-UN,S-ZB-UN,B-ZC-BR,B-ZB-BO,B-ZF-BR,B-ZD-BR,S-ZE-UN,S-ZG-UN,B-ZH-BR,B-ZE-BO,S-ZG-UN,S-ZB-UN,S-ZO-UN,B-ZD-BR,B-ZF-BR,B-ZE-BO,S-ZO-BR,S-ZH-BO,B-ZD-BR
149,2000.10.18 00:00,USDCAD,60,86400,BUY,ZE,1,1.52050,1.50650,1400.0,1.52380,1.51300,1080.0,77.143,46.43,750.0,330.4,1.52050,1.51300,1.53130,BOUNCE,2000.10.30 17:00,0,,0,,0,,0,NA,NewYork,NA,,NA,,1.49900,UNTOUCHED,,0,,0,,0,,0,NA,Other,NA,,NA,,1.52800,BREAK,2000.10.27 19:00,0,,0,,0,,0,NA,NewYork,BREAK,2000.11.02 18:00,BREAK,2000.11.09 20:00,1.50550,UNTOUCHED,,0,,0,,0,,0,NA,Other,NA,,NA,,B-ZO-BO,B-ZF-BO,S-ZG-UN,S-ZB-UN,B-ZC-BR,B-ZB-BO,B-ZF-BR,B-ZD-BR,S-ZE-UN,S-ZG-UN,S-ZG-UN,S-ZB-UN,S-ZO-UN,B-ZD-BR,B-ZF-BR,B-ZE-BO,S-ZO-BR,S-ZH-BO,B-ZD-BR,B-ZO-BR
150,2000.10.19 00:00,USDCAD,60,86400,SELL,ZG,0,1.52380,1.51300,1080.0,1.52150,1.51270,880.0,81.481,21.30,850.0,254.9,1.52150,1.51300,1.50420,UNTOUCHED,,0,,0,,0,,0,NA,Other,NA,,NA,,1.53230,BOUNCE,2000.10.31 10:00,0,,0,,0,,0,NA,London,NA,,NA,,1.50450,UNTOUCHED,,0,,0,,0,,0,NA,Other,NA,,NA,,1.53000,BREAK,2000.10.30 05:00,0,,0,,0,,0,NA,Asia,BOUNCE,2000.11.02 22:00,NA,,B-ZE-BO,B-ZO-BO,B-ZF-BO,S-ZG-UN,S-ZB-UN,B-ZC-BR,B-ZB-BO,B-ZF-BR,B-ZD-BR,S-ZE-UN,S-ZB-UN,S-ZO-UN,B-ZD-BR,B-ZF-BR,B-ZE-BO,S-ZO-BR,S-ZH-BO,B-ZD-BR,B-ZO-BR,B-ZH-BO
151,2000.10.20 00:00,USDCAD,60,86400,SELL,ZB,1,1.52150,1.51270,880.0,1.51720,1.50900,820.0,93.182,48.86,450.0,207.7,1.51720,1.51270,1.50450,UNTOUCHED,,0,,0,,0,,0,NA,Other,NA,,NA,,1.52600,BOUNCE,2000.10.27 00:00,0,,0,,0,,0,NA,Asia,NA,,NA,,1.50820,BOUNCE,2000.10.20 09:00,1,2000.10.25 15:00,1,2000.10.27 00:00,0,,2,6d 15h,London,NA,,NA,,1.52170,BOUNCE,2000.10.25 15:00,0,,0,,0,,0,NA,NewYork,NA,,NA,,S-ZG-UN,B-ZE-BO,B-ZO-BO,B-ZF-BO,S-ZG-UN,S-ZB-UN,B-ZC-BR,B-ZB-BO,B-ZF-BR,B-ZD-BR,S-ZO-UN,B-ZD-BR,B-ZF-BR,B-ZE-BO,S-ZO-BR,S-ZH-BO,B-ZD-BR,B-ZO-BR,B-ZH-BO,B-ZH-BR
152,2000.10.21 00:00,USDCAD,60,86400,SELL,ZO,0,1.51720,1.50900,820.0,1.51550,1.50800,750.0,91.463,20.73,650.0,193.5,1.51550,1.50900,1.50150,UNTOUCHED,,0,,0,,0,,0,NA,Other,NA,,NA,,1.52370,BREAK,2000.10.26 22:00,0,,0,,0,,0,NA,Other,BREAK,2000.10.31 08:00,BREAK,2000.11.02 18:00,1.50250,UNTOUCHED,,0,,0,,0,,0,NA,Other,NA,,NA,,1.52200,BOUNCE,2000.10.25 15:00,0,,0,,0,,0,NA,NewYork,NA,,NA,,S-ZB-UN,S-ZG-UN,B-ZE-BO,B-ZO-BO,B-ZF-BO,S-ZG-UN,S-ZB-UN,B-ZC-BR,B-ZB-BO,B-ZF-BR,B-ZD-BR,B-ZF-BR,B-ZE-BO,S-ZO-BR,S-ZH-BO,B-ZD-BR,B-ZO-BR,B-ZH-BO,B-ZH-BR,B-ZB-BO
153,2000.10.28 00:00,USDCAD,60,86400,BUY,ZD,1,1.52440,1.51240,1200.0,1.52970,1.51920,1050.0,87.500,56.67,520.0,283.2,1.52440,1.51920,1.53490,BREAK,2000.11.02 15:00,0,,0,,0,,0,NA,NewYork,BREAK,2000.11.08 19:00,BOUNCE,2000.11.09 19:00,1.50720,UNTOUCHED,,0,,0,,0,,0,NA,Other,NA,,NA,,1.52960,BOUNCE,2000.10.28 00:00,0,,0,,0,,0,NA,Asia,NA,,NA,,1.51400,UNTOUCHED,,0,,0,,0,,0,NA,Other,NA,,NA,,S-ZO-UN,S-ZB-UN,S-ZG-UN,B-ZE-BO,B-ZO-BO,B-ZF-BO,S-ZG-UN,S-ZB-UN,B-ZC-BR,B-ZB-BO,B-ZF-BR,B-ZE-BO,S-ZO-BR,S-ZH-BO,B-ZD-BR,B-ZO-BR,B-ZH-BO,B-ZH-BR,B-ZB-BO,B-ZD-UN
154,2000.11.02 00:00,USDCAD,60,86400,BUY,ZF,0,1.53280,1.52040,1240.0,1.53460,1.52110,1350.0,108.871,5.65,1170.0,292.6,1.53280,1.52110,1.54630,BREAK,2000.11.09 20:00,0,,0,,0,,0,NA,NewYork,BREAK,2000.11.17 19:00,UNTOUCHED,,1.50870,UNTOUCHED,,0,,0,,0,,0,NA,Other,NA,,NA,,1.54450,BREAK,2000.11.08 21:00,0,,0,,0,,0,NA,Other,BREAK,2000.11.17 18:00,UNTOUCHED,,1.50940,UNTOUCHED,,0,,0,,0,,0,NA,Other,NA,,NA,,B-ZD-BR,S-ZO-UN,S-ZB-UN,S-ZG-UN,B-ZE-BO,B-ZO-BO,B-ZF-BO,S-ZG-UN,S-ZB-UN,B-ZC-BR,B-ZE-BO,S-ZO-BR,S-ZH-BO,B-ZD-BR,B-ZO-BR,B-ZH-BO,B-ZH-BR,B-ZB-BO,B-ZD-UN,S-ZB-BO
155,2000.11.03 00:00,USDCAD,60,86400,BUY,ZE,1,1.53460,1.52110,1350.0,1.53930,1.52970,960.0,71.111,63.70,490.0,318.6,1.53460,1.52970,1.54420,BOUNCE,2000.11.08 21:00,1,2000.11.27 18:00,1,2000.12.07 14:00,1,2000.12.09 00:00,3,4w 2d,Other,NA,,NA,,1.51620,BOUNCE,2000.12.09 00:00,1,2000.12.12 00:00,0,,0,,1,3d 0h,Asia,NA,,NA,,1.53950,BREAK,2000.11.08 18:00,0,,0,,0,,0,NA,NewYork,BOUNCE,2000.11.09 18:00,NA,,1.52480,BOUNCE,2000.12.07 14:00,0,,0,,0,,0,NA,NewYork,NA,,NA,,B-ZF-BR,B-ZD-BR,S-ZO-UN,S-ZB-UN,S-ZG-UN,B-ZE-BO,B-ZO-BO,B-ZF-BO,S-ZG-UN,S-ZB-UN,S-ZO-BR,S-ZH-BO,B-ZD-BR,B-ZO-BR,B-ZH-BO,B-ZH-BR,B-ZB-BO,B-ZD-UN,S-ZB-BO,S-ZB-BR
156,2000.11.04 00:00,USDCAD,60,86400,SELL,ZO,0,1.53930,1.52970,960.0,1.53600,1.52760,840.0,87.500,34.37,630.0,226.6,1.53600,1.52970,1.52130,BREAK,2000.12.08 19:00,0,,0,,0,,0,NA,NewYork,BOUNCE,2000.12.11 19:00,NA,,1.54560,BOUNCE,2000.11.09 19:00,1,2000.11.28 06:00,1,2000.12.07 19:00,1,2000.12.08 19:00,3,4w 1d,NewYork,NA,,NA,,1.52340,BOUNCE,2000.12.07 19:00,0,,0,,0,,0,NA,NewYork,NA,,NA,,1.54230,BREAK,2000.11.08 19:00,0,,0,,0,,0,NA,NewYork,BOUNCE,2000.11.10 18:00,NA,,B-ZE-BO,B-ZF-BR,B-ZD-BR,S-ZO-UN,S-ZB-UN,S-ZG-UN,B-ZE-BO,B-ZO-BO,B-ZF-BO,S-ZG-UN,S-ZH-BO,B-ZD-BR,B-ZO-BR,B-ZH-BO,B-ZH-BR,B-ZB-BO,B-ZD-UN,S-ZB-BO,S-ZB-BR,S-ZG-BR
157,2000.11.07 00:00,USDCAD,60,86400,SELL,ZH,1,1.53450,1.53180,270.0,1.53350,1.52840,510.0,188.889,37.04,170.0,63.7,1.53350,1.53180,1.52670,BOUNCE,2000.12.06 21:00,1,2000.12.07 10:00,0,,0,,1,13h,Other,NA,,NA,,1.53620,BOUNCE,2000.11.08 14:00,1,2000.11.28 06:00,1,2000.11.28 15:00,1,2000.12.06 21:00,3,4w 0d,NewYork,NA,,NA,,1.53010,BOUNCE,2000.11.07 00:00,1,2000.11.08 14:00,1,2000.11.08 14:00,0,,2,1d 14h,Asia,NA,,NA,,1.53520,BREAK,2000.11.08 14:00,0,,0,,0,,0,NA,NewYork,BREAK,2000.11.08 15:00,BOUNCE,2000.11.08 17:00,S-ZO-BR,B-ZE-BO,B-ZF-BR,B-ZD-BR,S-ZO-UN,S-ZB-UN,S-ZG-UN,B-ZE-BO,B-ZO-BO,B-ZF-BO,B-ZD-BR,B-ZO-BR,B-ZH-BO,B-ZH-BR,B-ZB-BO,B-ZD-UN,S-ZB-BO,S-ZB-BR,S-ZG-BR,S-ZF-BR
158,2000.11.10 00:00,USDCAD,60,86400,BUY,ZD,1,1.54450,1.53190,1260.0,1.54900,1.53880,1020.0,80.952,54.76,570.0,297.4,1.54450,1.53880,1.55470,BREAK,2000.11.16 18:00,0,,0,,0,,0,NA,NewYork,BOUNCE,2000.11.21 16:00,NA,,1.52620,BREAK,2000.12.06 21:00,0,,0,,0,,0,NA,Other,BREAK,2000.12.08 21:00,BOUNCE,2000.12.11 11:00,1.55020,BOUNCE,2000.11.10 01:00,1,2000.11.28 06:00,1,2000.12.06 21:00,0,,2,3w 5d,Asia,NA,,NA,,1.53310,BREAK,2000.11.28 06:00,0,,0,,0,,0,NA,Asia,BREAK,2000.12.07 19:00,BREAK,2000.12.08 20:00,S-ZH-BO,S-ZO-BR,B-ZE-BO,B-ZF-BR,B-ZD-BR,S-ZO-UN,S-ZB-UN,S-ZG-UN,B-ZE-BO,B-ZO-BO,B-ZO-BR,B-ZH-BO,B-ZH-BR,B-ZB-BO,B-ZD-UN,S-ZB-BO,S-ZB-BR,S-ZG-BR,S-ZF-BR,S-ZO-BO
159,2000.11.11 00:00,USDCAD,60,86400,BUY,ZO,0,1.54900,1.53880,1020.0,1.55030,1.54100,930.0,91.176,21.57,800.0,240.7,1.54900,1.54100,1.55830,BREAK,2000.11.17 18:00,0,,0,,0,,0,NA,NewYork,UNTOUCHED,,NA,,1.53080,BREAK,2000.11.28 12:00,0,,0,,0,,0,NA,London,BOUNCE,2000.12.08 03:00,NA,,1.55700,BREAK,2000.11.17 00:00,0,,0,,0,,0,NA,Asia,UNTOUCHED,,NA,,1.53300,BREAK,2000.11.28 06:00,0,,0,,0,,0,NA,Asia,BREAK,2000.12.07 19:00,BREAK,2000.12.09 00:00,B-ZD-BR,S-ZH-BO,S-ZO-BR,B-ZE-BO,B-ZF-BR,B-ZD-BR,S-ZO-UN,S-ZB-UN,S-ZG-UN,B-ZE-BO,B-ZH-BO,B-ZH-BR,B-ZB-BO,B-ZD-UN,S-ZB-BO,S-ZB-BR,S-ZG-BR,S-ZF-BR,S-ZO-BO,B-ZD-BR
160,2000.11.14 00:00,USDCAD,60,86400,BUY,ZH,1,1.54360,1.54120,240.0,1.54850,1.54150,700.0,291.667,12.50,210.0,56.6,1.54360,1.54150,1.55060,BOUNCE,2000.11.15 17:00,1,2000.11.22 18:00,1,2000.11.24 19:00,1,2000.11.24 19:00,3,1w 2d,NewYork,NA,,NA,,1.53910,BOUNCE,2000.11.24 19:00,1,2000.11.30 00:00,1,2000.11.30 04:00,1,2000.12.04 15:00,3,1w 2d,NewYork,NA,,NA,,1.54570,BOUNCE,2000.11.14 00:00,1,2000.11.24 19:00,1,2000.11.24 19:00,0,,2,1w 3d,Asia,NA,,NA,,1.53940,BREAK,2000.11.24 19:00,0,,0,,0,,0,NA,NewYork,BOUNCE,2000.11.24 20:00,NA,,B-ZO-BR,B-ZD-BR,S-ZH-BO,S-ZO-BR,B-ZE-BO,B-ZF-BR,B-ZD-BR,S-ZO-UN,S-ZB-UN,S-ZG-UN,B-ZH-BR,B-ZB-BO,B-ZD-UN,S-ZB-BO,S-ZB-BR,S-ZG-BR,S-ZF-BR,S-ZO-BO,B-ZD-BR,S-ZE-BO
161,2000.11.16 00:00,USDCAD,60,86400,BUY,ZH,1,1.54660,1.54170,490.0,1.55400,1.54340,1060.0,216.327,34.69,320.0,115.6,1.54660,1.54340,1.55720,BREAK,2000.11.17 17:00,0,,0,,0,,0,NA,NewYork,BREAK,2000.11.17 19:00,UNTOUCHED,,1.53850,BREAK,2000.11.24 20:00,0,,0,,0,,0,NA,NewYork,BOUNCE,2000.11.27 17:00,NA,,1.54980,BREAK,2000.11.16 00:00,0,,0,,0,,0,NA,Asia,BOUNCE,2000.11.16 16:00,NA,,1.54020,BREAK,2000.11.24 19:00,0,,0,,0,,0,NA,NewYork,BOUNCE,2000.11.27 13:00,NA,,B-ZH-BO,B-ZO-BR,B-ZD-BR,S-ZH-BO,S-ZO-BR,B-ZE-BO,B-ZF-BR,B-ZD-BR,S-ZO-UN,S-ZB-UN,B-ZB-BO,B-ZD-UN,S-ZB-BO,S-ZB-BR,S-ZG-BR,S-ZF-BR,S-ZO-BO,B-ZD-BR,S-ZE-BO,S-ZB-BO
162,2000.11.17 00:00,USDCAD,60,86400,BUY,ZB,1,1.55400,1.54340,1060.0,1.55630,1.54850,780.0,73.585,48.11,550.0,250.2,1.55400,1.54850,1.56180,BOUNCE,2000.11.17 19:00,1,2000.11.21 21:00,1,2000.11.23 11:00,1,2000.11.24 20:00,3,1w 0d,NewYork,NA,,NA,,1.53790,BREAK,2000.11.24 20:00,0,,0,,0,,0,NA,NewYork,BREAK,2000.11.28 15:00,BREAK,2000.12.07 19:00,1.55950,BREAK,2000.11.17 18:00,0,,0,,0,,0,NA,NewYork,UNTOUCHED,,NA,,1.54300,BREAK,2000.11.23 11:00,0,,0,,0,,0,NA,London,BREAK,2000.11.27 18:00,BREAK,2000.11.28 16:00,B-ZH-BR,B-ZH-BO,B-ZO-BR,B-ZD-BR,S-ZH-BO,S-ZO-BR,B-ZE-BO,B-ZF-BR,B-ZD-BR,S-ZO-UN,B-ZD-UN,S-ZB-BO,S-ZB-BR,S-ZG-BR,S-ZF-BR,S-ZO-BO,B-ZD-BR,S-ZE-BO,S-ZB-BO,S-ZE-BO
163,2000.11.18 00:00,USDCAD,60,86400,BUY,ZD,1,1.55630,1.54850,780.0,1.56290,1.55300,990.0,126.923,57.69,330.0,184.1,1.55630,1.55300,1.56620,UNTOUCHED,,0,,0,,0,,0,NA,Other,NA,,NA,,1.54520,BOUNCE,2000.11.22 22:00,1,2000.12.04 15:00,0,,0,,1,1w 4d,Other,NA,,NA,,1.55960,BOUNCE,2000.11.20 19:00,1,2000.11.21 22:00,1,2000.11.22 22:00,0,,2,2d 3h,NewYork,NA,,NA,,1.54970,BREAK,2000.11.21 22:00,0,,0,,0,,0,NA,Other,BOUNCE,2000.11.22 18:00,NA,,B-ZB-BO,B-ZH-BR,B-ZH-BO,B-ZO-BR,B-ZD-BR,S-ZH-BO,S-ZO-BR,B-ZE-BO,B-ZF-BR,B-ZD-BR,S-ZB-BO,S-ZB-BR,S-ZG-BR,S-ZF-BR,S-ZO-BO,B-ZD-BR,S-ZE-BO,S-ZB-BO,S-ZE-BO,B-ZD-BO
164,2000.11.22 00:00,USDCAD,60,86400,SELL,ZB,1,1.56100,1.55520,580.0,1.55870,1.54920,950.0,163.793,39.66,350.0,136.9,1.55870,1.55520,1.54570,BOUNCE,2000.11.22 18:00,1,2000.12.04 15:00,0,,0,,1,1w 4d,NewYork,NA,,NA,,1.56450,UNTOUCHED,,0,,0,,0,,0,NA,Other,NA,,NA,,1.55170,BREAK,2000.11.22 00:00,0,,0,,0,,0,NA,Asia,BREAK,2000.11.22 18:00,BREAK,2000.11.23 11:00,1.56220,UNTOUCHED,,0,,0,,0,,0,NA,Other,NA,,NA,,B-ZD-UN,B-ZB-BO,B-ZH-BR,B-ZH-BO,B-ZO-BR,B-ZD-BR,S-ZH-BO,S-ZO-BR,B-ZE-BO,B-ZF-BR,S-ZB-BR,S-ZG-BR,S-ZF-BR,S-ZO-BO,B-ZD-BR,S-ZE-BO,S-ZB-BO,S-ZE-BO,B-ZD-BO,B-ZD-UN
165,2000.11.23 00:00,USDCAD,60,86400,SELL,ZB,1,1.55870,1.54920,950.0,1.55210,1.54480,730.0,76.842,69.47,290.0,224.2,1.55210,1.54920,1.54190,BREAK,2000.11.24 18:00,0,,0,,0,,0,NA,NewYork,BREAK,2000.11.27 11:00,BOUNCE,2000.11.27 15:00,1.56160,UNTOUCHED,,0,,0,,0,,0,NA,Other,NA,,NA,,1.54630,BOUNCE,2000.11.23 00:00,0,,0,,0,,0,NA,Asia,NA,,NA,,1.55500,UNTOUCHED,,0,,0,,0,,0,NA,Other,NA,,NA,,S-ZB-BO,B-ZD-UN,B-ZB-BO,B-ZH-BR,B-ZH-BO,B-ZO-BR,B-ZD-BR,S-ZH-BO,S-ZO-BR,B-ZE-BO,S-ZG-BR,S-ZF-BR,S-ZO-BO,B-ZD-BR,S-ZE-BO,S-ZB-BO,S-ZE-BO,B-ZD-BO,B-ZD-UN,S-ZF-BR
166,2000.11.24 00:00,USDCAD,60,86400,SELL,ZG,0,1.55210,1.54480,730.0,1.54950,1.54220,730.0,100.000,35.62,470.0,172.3,1.54950,1.54480,1.53750,BREAK,2000.11.24 20:00,0,,0,,0,,0,NA,NewYork,BREAK,2000.11.28 12:00,BREAK,2000.12.06 21:00,1.55680,UNTOUCHED,,0,,0,,0,,0,NA,Other,NA,,NA,,1.54010,BREAK,2000.11.24 19:00,0,,0,,0,,0,NA,NewYork,BREAK,2000.11.27 18:00,BREAK,2000.11.28 16:00,1.55420,BOUNCE,2000.12.04 15:00,1,2000.12.05 11:00,1,2000.12.05 11:00,0,,2,20h,NewYork,NA,,NA,,S-ZB-BR,S-ZB-BO,B-ZD-UN,B-ZB-BO,B-ZH-BR,B-ZH-BO,B-ZO-BR,B-ZD-BR,S-ZH-BO,S-ZO-BR,S-ZF-BR,S-ZO-BO,B-ZD-BR,S-ZE-BO,S-ZB-BO,S-ZE-BO,B-ZD-BO,B-ZD-UN,S-ZF-BR,S-ZB-BO
167,2000.11.25 00:00,USDCAD,60,86400,SELL,ZF,1,1.54950,1.54220,730.0,1.54810,1.53720,1090.0,149.315,19.18,590.0,172.3,1.54810,1.54220,1.53130,BREAK,2000.11.28 12:00,0,,0,,0,,0,NA,London,BOUNCE,2000.12.07 17:00,NA,,1.55540,UNTOUCHED,,0,,0,,0,,0,NA,Other,NA,,NA,,1.53630,BREAK,2000.11.27 15:00,0,,0,,0,,0,NA,NewYork,BREAK,2000.11.28 17:00,BREAK,2000.12.07 19:00,1.55400,BOUNCE,2000.12.04 15:00,1,2000.12.06 17:00,1,2000.12.06 17:00,0,,2,2d 2h,NewYork,NA,,NA,,S-ZG-BR,S-ZB-BR,S-ZB-BO,B-ZD-UN,B-ZB-BO,B-ZH-BR,B-ZH-BO,B-ZO-BR,B-ZD-BR,S-ZH-BO,S-ZO-BO,B-ZD-BR,S-ZE-BO,S-ZB-BO,S-ZE-BO,B-ZD-BO,B-ZD-UN,S-ZF-BR,S-ZB-BO,B-ZD-UN
168,2000.11.29 00:00,USDCAD,60,86400,SELL,ZO,1,1.54060,1.53320,740.0,1.53910,1.52820,1090.0,147.297,20.27,590.0,174.6,1.53910,1.53320,1.52230,BOUNCE,2000.12.07 19:00,0,,0,,0,,0,NA,NewYork,NA,,NA,,1.54650,BREAK,2000.12.01 22:00,0,,0,,0,,0,NA,Other,BREAK,2000.12.04 15:00,UNTOUCHED,,1.52730,BREAK,2000.12.06 21:00,0,,0,,0,,0,NA,Other,BREAK,2000.12.08 19:00,BREAK,2000.12.09 00:00,1.54500,BOUNCE,2000.11.30 00:00,1,2000.12.06 21:00,1,2000.12.06 21:00,0,,2,6d 21h,Asia,NA,,NA,,S-ZF-BR,S-ZG-BR,S-ZB-BR,S-ZB-BO,B-ZD-UN,B-ZB-BO,B-ZH-BR,B-ZH-BO,B-ZO-BR,B-ZD-BR,B-ZD-BR,S-ZE-BO,S-ZB-BO,S-ZE-BO,B-ZD-BO,B-ZD-UN,S-ZF-BR,S-ZB-BO,B-ZD-UN,B-ZO-UN
169,2000.11.30 00:00,USDCAD,60,86400,BUY,ZD,1,1.53910,1.52820,1090.0,1.54290,1.53410,880.0,80.734,54.13,500.0,257.2,1.53910,1.53410,1.54790,BREAK,2000.12.04 13:00,0,,0,,0,,0,NA,NewYork,BOUNCE,2000.12.04 17:00,NA,,1.52320,BOUNCE,2000.12.07 19:00,0,,0,,0,,0,NA,NewYork,NA,,NA,,1.54410,BOUNCE,2000.11.30 00:00,1,2000.12.01 12:00,1,2000.12.07 19:00,0,,2,1w 0d,Asia,NA,,NA,,1.52910,BOUNCE,2000.12.01 12:00,1,2000.12.01 21:00,1,2000.12.01 21:00,0,,2,9h,London,NA,,NA,,S-ZO-BO,S-ZF-BR,S-ZG-BR,S-ZB-BR,S-ZB-BO,B-ZD-UN,B-ZB-BO,B-ZH-BR,B-ZH-BO,B-ZO-BR,S-ZE-BO,S-ZB-BO,S-ZE-BO,B-ZD-BO,B-ZD-UN,S-ZF-BR,S-ZB-BO,B-ZD-UN,B-ZO-UN,S-ZD-BR
170,2000.12.06 00:00,USDCAD,60,86400,SELL,ZE,1,1.55450,1.54190,1260.0,1.54690,1.53960,730.0,57.937,60.32,500.0,297.4,1.54690,1.54190,1.53460,BOUNCE,2000.12.06 17:00,0,,0,,0,,0,NA,NewYork,NA,,NA,,1.55950,UNTOUCHED,,0,,0,,0,,0,NA,Other,NA,,NA,,1.53690,BOUNCE,2000.12.06 17:00,0,,0,,0,,0,NA,NewYork,NA,,NA,,1.55190,UNTOUCHED,,0,,0,,0,,0,NA,Other,NA,,NA,,B-ZD-BR,S-ZO-BO,S-ZF-BR,S-ZG-BR,S-ZB-BR,S-ZB-BO,B-ZD-UN,B-ZB-BO,B-ZH-BR,B-ZH-BO,S-ZB-BO,S-ZE-BO,B-ZD-BO,B-ZD-UN,S-ZF-BR,S-ZB-BO,B-ZD-UN,B-ZO-UN,S-ZD-BR,S-ZF-BO
171,2000.12.07 00:00,USDCAD,60,86400,SELL,ZB,1,1.54690,1.53960,730.0,1.54410,1.52620,1790.0,245.205,38.36,450.0,172.3,1.54410,1.53960,1.52170,BOUNCE,2000.12.07 20:00,1,2000.12.08 03:00,0,,0,,1,7h,NewYork,NA,,NA,,1.55140,UNTOUCHED,,0,,0,,0,,0,NA,Other,NA,,NA,,1.53510,BREAK,2000.12.07 00:00,0,,0,,0,,0,NA,Asia,BREAK,2000.12.07 01:00,BOUNCE,2000.12.07 17:00,1.54860,UNTOUCHED,,0,,0,,0,,0,NA,Other,NA,,NA,,S-ZE-BO,B-ZD-BR,S-ZO-BO,S-ZF-BR,S-ZG-BR,S-ZB-BR,S-ZB-BO,B-ZD-UN,B-ZB-BO,B-ZH-BR,S-ZE-BO,B-ZD-BO,B-ZD-UN,S-ZF-BR,S-ZB-BO,B-ZD-UN,B-ZO-UN,S-ZD-BR,S-ZF-BO,S-ZC-BR
172,2000.12.08 00:00,USDCAD,60,86400,SELL,ZE,1,1.54410,1.52620,1790.0,1.53180,1.52170,1010.0,56.425,68.72,560.0,422.4,1.53180,1.52620,1.51610,BOUNCE,2000.12.09 00:00,1,2000.12.12 00:00,0,,0,,1,3d 0h,Asia,NA,,NA,,1.54970,UNTOUCHED,,0,,0,,0,,0,NA,Other,NA,,NA,,1.52060,BREAK,2000.12.08 19:00,0,,0,,0,,0,NA,NewYork,BOUNCE,2000.12.11 11:00,NA,,1.53740,UNTOUCHED,,0,,0,,0,,0,NA,Other,NA,,NA,,S-ZB-BO,S-ZE-BO,B-ZD-BR,S-ZO-BO,S-ZF-BR,S-ZG-BR,S-ZB-BR,S-ZB-BO,B-ZD-UN,B-ZB-BO,B-ZD-BO,B-ZD-UN,S-ZF-BR,S-ZB-BO,B-ZD-UN,B-ZO-UN,S-ZD-BR,S-ZF-BO,S-ZC-BR,S-ZF-BO
173,2000.12.12 00:00,USDCAD,60,86400,BUY,ZD,1,1.51950,1.51310,640.0,1.52510,1.51580,930.0,145.312,42.19,370.0,151.0,1.51950,1.51580,1.52880,BOUNCE,2000.12.12 16:00,1,2000.12.13 17:00,1,2000.12.26 16:00,1,2000.12.26 19:00,3,2w 0d,NewYork,NA,,NA,,1.50940,BOUNCE,2000.12.26 19:00,1,2001.01.18 17:00,0,,0,,1,3w 1d,NewYork,NA,,NA,,1.52320,BREAK,2000.12.12 00:00,0,,0,,0,,0,NA,Asia,BOUNCE,2000.12.12 09:00,NA,,1.51210,BOUNCE,2000.12.26 16:00,0,,0,,0,,0,NA,NewYork,NA,,NA,,S-ZE-BO,S-ZB-BO,S-ZE-BO,B-ZD-BR,S-ZO-BO,S-ZF-BR,S-ZG-BR,S-ZB-BR,S-ZB-BO,B-ZD-UN,B-ZD-UN,S-ZF-BR,S-ZB-BO,B-ZD-UN,B-ZO-UN,S-ZD-BR,S-ZF-BO,S-ZC-BR,S-ZF-BO,S-ZD-BO
174,2000.12.13 00:00,USDCAD,60,86400,BUY,ZD,1,1.52510,1.51580,930.0,1.52980,1.52170,810.0,87.097,63.44,340.0,219.5,1.52510,1.52170,1.53320,UNTOUCHED,,0,,0,,0,,0,NA,Other,NA,,NA,,1.51240,BOUNCE,2000.12.26 16:00,0,,0,,0,,0,NA,NewYork,NA,,NA,,1.52850,BOUNCE,2000.12.13 00:00,1,2000.12.14 01:00,1,2000.12.26 16:00,0,,2,1w 6d,Asia,NA,,NA,,1.51830,BOUNCE,2000.12.14 01:00,1,2000.12.19 15:00,1,2000.12.19 15:00,0,,2,5d 14h,Asia,NA,,NA,,B-ZD-BO,S-ZE-BO,S-ZB-BO,S-ZE-BO,B-ZD-BR,S-ZO-BO,S-ZF-BR,S-ZG-BR,S-ZB-BR,S-ZB-BO,S-ZF-BR,S-ZB-BO,B-ZD-UN,B-ZO-UN,S-ZD-BR,S-ZF-BO,S-ZC-BR,S-ZF-BO,S-ZD-BO,S-ZO-UN
175,2000.12.14 00:00,USDCAD,60,86400,SELL,ZF,0,1.52980,1.52170,810.0,1.52930,1.51840,1090.0,134.568,6.17,760.0,191.2,1.52930,1.52170,1.51080,BREAK,2000.12.26 17:00,0,,0,,0,,0,NA,NewYork,BREAK,2000.12.28 21:00,BOUNCE,2000.12.29 18:00,1.53740,UNTOUCHED,,0,,0,,0,,0,NA,Other,NA,,NA,,1.51410,BOUNCE,2000.12.14 18:00,0,,0,,0,,0,NA,NewYork,NA,,NA,,1.53690,UNTOUCHED,,0,,0,,0,,0,NA,Other,NA,,NA,,B-ZD-UN,B-ZD-BO,S-ZE-BO,S-ZB-BO,S-ZE-BO,B-ZD-BR,S-ZO-BO,S-ZF-BR,S-ZG-BR,S-ZB-BR,S-ZB-BO,B-ZD-UN,B-ZO-UN,S-ZD-BR,S-ZF-BO,S-ZC-BR,S-ZF-BO,S-ZD-BO,S-ZO-UN,B-ZG-BR
176,2000.12.15 00:00,USDCAD,60,86400,SELL,ZB,1,1.52930,1.51840,1090.0,1.52250,1.51260,990.0,90.826,62.39,410.0,257.2,1.52250,1.51840,1.50850,BOUNCE,2000.12.27 15:00,1,2001.01.18 17:00,0,,0,,1,3w 1d,NewYork,NA,,NA,,1.53340,UNTOUCHED,,0,,0,,0,,0,NA,Other,NA,,NA,,1.51430,BREAK,2000.12.26 16:00,0,,0,,0,,0,NA,NewYork,BREAK,2000.12.28 16:00,BREAK,2000.12.28 21:00,1.52660,BOUNCE,2000.12.18 16:00,1,2000.12.26 16:00,1,2000.12.26 16:00,0,,2,1w 1d,NewYork,NA,,NA,,S-ZF-BR,B-ZD-UN,B-ZD-BO,S-ZE-BO,S-ZB-BO,S-ZE-BO,B-ZD-BR,S-ZO-BO,S-ZF-BR,S-ZG-BR,B-ZD-UN,B-ZO-UN,S-ZD-BR,S-ZF-BO,S-ZC-BR,S-ZF-BO,S-ZD-BO,S-ZO-UN,B-ZG-BR,B-ZE-BR
177,2000.12.19 00:00,USDCAD,60,86400,BUY,ZD,1,1.52110,1.51780,330.0,1.52770,1.51940,830.0,251.515,48.48,170.0,77.9,1.52110,1.51940,1.52940,UNTOUCHED,,0,,0,,0,,0,NA,Other,NA,,NA,,1.51610,BREAK,2000.12.21 20:00,0,,0,,0,,0,NA,NewYork,BREAK,2000.12.26 16:00,BREAK,2000.12.26 17:00,1.52280,BREAK,2000.12.19 00:00,0,,0,,0,,0,NA,Asia,BREAK,2000.12.19 01:00,BREAK,2000.12.19 14:00,1.51770,BREAK,2000.12.21 20:00,0,,0,,0,,0,NA,NewYork,BOUNCE,2000.12.22 18:00,NA,,S-ZB-BO,S-ZF-BR,B-ZD-UN,B-ZD-BO,S-ZE-BO,S-ZB-BO,S-ZE-BO,B-ZD-BR,S-ZO-BO,S-ZF-BR,B-ZO-UN,S-ZD-BR,S-ZF-BO,S-ZC-BR,S-ZF-BO,S-ZD-BO,S-ZO-UN,B-ZG-BR,B-ZE-BR,S-ZH-BO
178,2000.12.20 00:00,USDCAD,60,86400,BUY,ZO,0,1.52770,1.51940,830.0,1.52880,1.52000,880.0,106.024,7.23,770.0,195.9,1.52770,1.52000,1.53650,UNTOUCHED,,0,,0,,0,,0,NA,Other,NA,,NA,,1.51170,BREAK,2000.12.26 17:00,0,,0,,0,,0,NA,NewYork,BREAK,2000.12.28 21:00,BREAK,2001.01.02 18:00,1.53540,UNTOUCHED,,0,,0,,0,,0,NA,Other,NA,,NA,,1.51230,BREAK,2000.12.26 16:00,0,,0,,0,,0,NA,NewYork,BREAK,2000.12.28 21:00,BREAK,2000.12.29 16:00,B-ZD-UN,S-ZB-BO,S-ZF-BR,B-ZD-UN,B-ZD-BO,S-ZE-BO,S-ZB-BO,S-ZE-BO,B-ZD-BR,S-ZO-BO,S-ZD-BR,S-ZF-BO,S-ZC-BR,S-ZF-BO,S-ZD-BO,S-ZO-UN,B-ZG-BR,B-ZE-BR,S-ZH-BO,S-ZO-UN
179,2000.12.22 00:00,USDCAD,60,86400,SELL,ZD,1,1.52760,1.52030,730.0,1.52410,1.51470,940.0,128.767,47.95,380.0,172.3,1.52410,1.52030,1.51090,BREAK,2000.12.26 17:00,0,,0,,0,,0,NA,NewYork,BREAK,2000.12.28 18:00,BREAK,2000.12.28 21:00,1.53140,UNTOUCHED,,0,,0,,0,,0,NA,Other,NA,,NA,,1.51650,BOUNCE,2000.12.22 18:00,0,,0,,0,,0,NA,NewYork,NA,,NA,,1.52790,UNTOUCHED,,0,,0,,0,,0,NA,Other,NA,,NA,,B-ZO-UN,B-ZD-UN,S-ZB-BO,S-ZF-BR,B-ZD-UN,B-ZD-BO,S-ZE-BO,S-ZB-BO,S-ZE-BO,B-ZD-BR,S-ZF-BO,S-ZC-BR,S-ZF-BO,S-ZD-BO,S-ZO-UN,B-ZG-BR,B-ZE-BR,S-ZH-BO,S-ZO-UN,B-ZH-BR
180,2000.12.27 00:00,USDCAD,60,86400,SELL,ZF,1,1.51950,1.51530,420.0,1.51910,1.50900,1010.0,240.476,9.52,380.0,99.1,1.51910,1.51530,1.50520,BOUNCE,2000.12.28 18:00,1,2001.01.17 20:00,0,,0,,1,2w 6d,NewYork,NA,,NA,,1.52330,UNTOUCHED,,0,,0,,0,,0,NA,Other,NA,,NA,,1.51150,BREAK,2000.12.27 00:00,0,,0,,0,,0,NA,Asia,BREAK,2000.12.28 18:00,BREAK,2000.12.28 21:00,1.52290,UNTOUCHED,,0,,0,,0,,0,NA,Other,NA,,NA,,S-ZD-BR,B-ZO-UN,B-ZD-UN,S-ZB-BO,S-ZF-BR,B-ZD-UN,B-ZD-BO,S-ZE-BO,S-ZB-BO,S-ZE-BO,S-ZC-BR,S-ZF-BO,S-ZD-BO,S-ZO-UN,B-ZG-BR,B-ZE-BR,S-ZH-BO,S-ZO-UN,B-ZH-BR,B-ZD-BO
181,2000.12.28 00:00,USDCAD,60,86400,SELL,ZC,1,1.51910,1.50900,1010.0,1.51390,1.50820,570.0,56.436,51.49,490.0,238.4,1.51390,1.50900,1.50330,BREAK,2000.12.28 21:00,0,,0,,0,,0,NA,Other,BREAK,2000.12.29 15:00,BREAK,2001.01.02 20:00,1.52400,UNTOUCHED,,0,,0,,0,,0,NA,Other,NA,,NA,,1.50410,BREAK,2000.12.28 21:00,0,,0,,0,,0,NA,Other,BREAK,2000.12.29 15:00,BREAK,2001.01.02 20:00,1.51880,UNTOUCHED,,0,,0,,0,,0,NA,Other,NA,,NA,,S-ZF-BO,S-ZD-BR,B-ZO-UN,B-ZD-UN,S-ZB-BO,S-ZF-BR,B-ZD-UN,B-ZD-BO,S-ZE-BO,S-ZB-BO,S-ZF-BO,S-ZD-BO,S-ZO-UN,B-ZG-BR,B-ZE-BR,S-ZH-BO,S-ZO-UN,B-ZH-BR,B-ZD-BO,B-ZC-BR
182,2000.12.29 00:00,USDCAD,60,86400,SELL,ZF,1,1.51390,1.50820,570.0,1.51320,1.49940,1380.0,242.105,12.28,500.0,134.5,1.51320,1.50820,1.49440,BOUNCE,2000.12.29 16:00,1,2001.01.05 14:00,0,,0,,1,6d 22h,NewYork,NA,,NA,,1.51890,UNTOUCHED,,0,,0,,0,,0,NA,Other,NA,,NA,,1.50320,BREAK,2000.12.29 00:00,0,,0,,0,,0,NA,Asia,BREAK,2000.12.29 15:00,BREAK,2001.01.02 20:00,1.51820,UNTOUCHED,,0,,0,,0,,0,NA,Other,NA,,NA,,S-ZC-BR,S-ZF-BO,S-ZD-BR,B-ZO-UN,B-ZD-UN,S-ZB-BO,S-ZF-BR,B-ZD-UN,B-ZD-BO,S-ZE-BO,S-ZD-BO,S-ZO-UN,B-ZG-BR,B-ZE-BR,S-ZH-BO,S-ZO-UN,B-ZH-BR,B-ZD-BO,B-ZC-BR,S-ZO-BR
183,2000.12.30 00:00,USDCAD,60,86400,SELL,ZD,1,1.51320,1.49940,1380.0,1.50390,1.49440,950.0,68.841,67.39,450.0,325.7,1.50390,1.49940,1.48990,BOUNCE,2001.01.03 12:00,1,2001.01.03 19:00,1,2001.01.17 14:00,0,,2,2w 0d,London,NA,,NA,,1.51770,UNTOUCHED,,0,,0,,0,,0,NA,Other,NA,,NA,,1.49490,BREAK,2001.01.02 18:00,0,,0,,0,,0,NA,NewYork,BOUNCE,2001.01.03 15:00,NA,,1.50840,BREAK,2001.01.17 14:00,0,,0,,0,,0,NA,NewYork,BOUNCE,2001.01.18 16:00,NA,,S-ZF-BO,S-ZC-BR,S-ZF-BO,S-ZD-BR,B-ZO-UN,B-ZD-UN,S-ZB-BO,S-ZF-BR,B-ZD-UN,B-ZD-BO,S-ZO-UN,B-ZG-BR,B-ZE-BR,S-ZH-BO,S-ZO-UN,B-ZH-BR,B-ZD-BO,B-ZC-BR,S-ZO-BR,S-ZF-BO
184,2001.01.04 00:00,USDCAD,60,86400,SELL,ZO,0,1.50130,1.49060,1070.0,1.49990,1.48980,1010.0,94.393,13.08,930.0,252.5,1.49990,1.49060,1.48050,UNTOUCHED,,0,,0,,0,,0,NA,Other,NA,,NA,,1.51060,BREAK,2001.01.17 18:00,0,,0,,0,,0,NA,NewYork,BREAK,2001.02.13 03:00,BREAK,2001.02.16 01:00,1.48130,UNTOUCHED,,0,,0,,0,,0,NA,Other,NA,,NA,,1.50920,BREAK,2001.01.17 15:00,0,,0,,0,,0,NA,NewYork,BREAK,2001.02.12 18:00,BREAK,2001.02.16 00:00,S-ZD-BO,S-ZF-BO,S-ZC-BR,S-ZF-BO,S-ZD-BR,B-ZO-UN,B-ZD-UN,S-ZB-BO,S-ZF-BR,B-ZD-UN,B-ZG-BR,B-ZE-BR,S-ZH-BO,S-ZO-UN,B-ZH-BR,B-ZD-BO,B-ZC-BR,S-ZO-BR,S-ZF-BO,S-ZO-BO
185,2001.01.05 00:00,USDCAD,60,86400,BUY,ZG,0,1.49990,1.48980,1010.0,1.50150,1.49100,1050.0,103.960,11.88,890.0,238.4,1.49990,1.49100,1.51040,BREAK,2001.01.17 18:00,0,,0,,0,,0,NA,NewYork,BREAK,2001.02.12 21:00,BREAK,2001.02.16 01:00,1.48090,UNTOUCHED,,0,,0,,0,,0,NA,Other,NA,,NA,,1.50880,BREAK,2001.01.17 14:00,0,,0,,0,,0,NA,NewYork,BREAK,2001.02.12 17:00,BREAK,2001.02.14 22:00,1.48210,UNTOUCHED,,0,,0,,0,,0,NA,Other,NA,,NA,,S-ZO-UN,S-ZD-BO,S-ZF-BO,S-ZC-BR,S-ZF-BO,S-ZD-BR,B-ZO-UN,B-ZD-UN,S-ZB-BO,S-ZF-BR,B-ZE-BR,S-ZH-BO,S-ZO-UN,B-ZH-BR,B-ZD-BO,B-ZC-BR,S-ZO-BR,S-ZF-BO,S-ZO-BO,B-ZB-BR
186,2001.01.06 00:00,USDCAD,60,86400,BUY,ZE,1,1.50150,1.49100,1050.0,1.50500,1.49610,890.0,84.762,48.57,540.0,247.8,1.50150,1.49610,1.51040,BREAK,2001.01.17 18:00,0,,0,,0,,0,NA,NewYork,BOUNCE,2001.01.19 01:00,NA,,1.48560,UNTOUCHED,,0,,0,,0,,0,NA,Other,NA,,NA,,1.50690,BREAK,2001.01.16 23:00,0,,0,,0,,0,NA,Other,BREAK,2001.01.18 17:00,BREAK,2001.02.12 17:00,1.49070,BOUNCE,2001.02.02 16:00,1,2001.02.05 21:00,1,2001.02.05 21:00,0,,2,3d 5h,NewYork,NA,,NA,,B-ZG-BR,S-ZO-UN,S-ZD-BO,S-ZF-BO,S-ZC-BR,S-ZF-BO,S-ZD-BR,B-ZO-UN,B-ZD-UN,S-ZB-BO,S-ZH-BO,S-ZO-UN,B-ZH-BR,B-ZD-BO,B-ZC-BR,S-ZO-BR,S-ZF-BO,S-ZO-BO,B-ZB-BR,S-ZB-BO
187,2001.01.09 00:00,USDCAD,60,86400,SELL,ZH,1,1.49990,1.49780,210.0,1.49970,1.49220,750.0,357.143,9.52,190.0,49.6,1.49970,1.49780,1.49030,BOUNCE,2001.02.02 17:00,1,2001.02.02 18:00,1,2001.02.05 17:00,1,2001.02.05 17:00,3,3d 0h,NewYork,NA,,NA,,1.50180,BREAK,2001.01.10 21:00,0,,0,,0,,0,NA,Other,BREAK,2001.01.15 13:00,BREAK,2001.01.15 14:00,1.49590,BREAK,2001.01.09 00:00,0,,0,,0,,0,NA,Asia,BREAK,2001.01.09 01:00,BREAK,2001.02.01 18:00,1.50160,BOUNCE,2001.01.10 20:00,1,2001.01.11 16:00,1,2001.01.11 16:00,0,,2,20h,NewYork,NA,,NA,,B-ZE-BR,B-ZG-BR,S-ZO-UN,S-ZD-BO,S-ZF-BO,S-ZC-BR,S-ZF-BO,S-ZD-BR,B-ZO-UN,B-ZD-UN,S-ZO-UN,B-ZH-BR,B-ZD-BO,B-ZC-BR,S-ZO-BR,S-ZF-BO,S-ZO-BO,B-ZB-BR,S-ZB-BO,S-ZO-BR
188,2001.01.13 00:00,USDCAD,60,86400,SELL,ZO,0,1.50300,1.49330,970.0,1.50190,1.49240,950.0,97.938,11.34,860.0,228.9,1.50190,1.49330,1.48380,UNTOUCHED,,0,,0,,0,,0,NA,Other,NA,,NA,,1.51160,BREAK,2001.01.17 18:00,0,,0,,0,,0,NA,NewYork,BREAK,2001.02.13 03:00,BREAK,2001.02.16 01:00,1.48470,UNTOUCHED,,0,,0,,0,,0,NA,Other,NA,,NA,,1.51050,BREAK,2001.01.17 18:00,0,,0,,0,,0,NA,NewYork,BREAK,2001.02.12 18:00,BREAK,2001.02.15 18:00,S-ZH-BO,B-ZE-BR,B-ZG-BR,S-ZO-UN,S-ZD-BO,S-ZF-BO,S-ZC-BR,S-ZF-BO,S-ZD-BR,B-ZO-UN,B-ZH-BR,B-ZD-BO,B-ZC-BR,S-ZO-BR,S-ZF-BO,S-ZO-BO,B-ZB-BR,S-ZB-BO,S-ZO-BR,S-ZB-UN
189,2001.01.16 00:00,USDCAD,60,86400,BUY,ZH,1,1.50130,1.49910,220.0,1.50660,1.49980,680.0,309.091,31.82,150.0,51.9,1.50130,1.49980,1.50810,BREAK,2001.01.17 14:00,0,,0,,0,,0,NA,NewYork,BOUNCE,2001.01.17 15:00,NA,,1.49760,BREAK,2001.01.30 19:00,0,,0,,0,,0,NA,NewYork,BREAK,2001.02.01 15:00,BREAK,2001.02.01 16:00,1.50280,BOUNCE,2001.01.16 10:00,1,2001.01.30 18:00,1,2001.01.30 19:00,0,,2,2w 0d,London,NA,,NA,,1.49830,BOUNCE,2001.01.30 18:00,1,2001.01.30 21:00,1,2001.01.30 21:00,0,,2,3h,NewYork,NA,,NA,,S-ZO-UN,S-ZH-BO,B-ZE-BR,B-ZG-BR,S-ZO-UN,S-ZD-BO,S-ZF-BO,S-ZC-BR,S-ZF-BO,S-ZD-BR,B-ZD-BO,B-ZC-BR,S-ZO-BR,S-ZF-BO,S-ZO-BO,B-ZB-BR,S-ZB-BO,S-ZO-BR,S-ZB-UN,S-ZE-UN
190,2001.01.18 00:00,USDCAD,60,86400,BUY,ZD,1,1.50730,1.49850,880.0,1.51290,1.50440,850.0,96.591,67.05,290.0,207.7,1.50730,1.50440,1.51580,BOUNCE,2001.01.18 17:00,1,2001.01.19 04:00,1,2001.01.23 01:00,1,2001.02.01 15:00,3,1w 6d,NewYork,NA,,NA,,1.49560,BREAK,2001.02.01 15:00,0,,0,,0,,0,NA,NewYork,BOUNCE,2001.02.01 21:00,NA,,1.51020,BREAK,2001.01.18 00:00,0,,0,,0,,0,NA,Asia,BREAK,2001.01.18 18:00,BOUNCE,2001.01.18 22:00,1.50150,BOUNCE,2001.01.23 01:00,1,2001.01.23 22:00,1,2001.01.23 22:00,0,,2,21h,Asia,NA,,NA,,B-ZH-BR,S-ZO-UN,S-ZH-BO,B-ZE-BR,B-ZG-BR,S-ZO-UN,S-ZD-BO,S-ZF-BO,S-ZC-BR,S-ZF-BO,B-ZC-BR,S-ZO-BR,S-ZF-BO,S-ZO-BO,B-ZB-BR,S-ZB-BO,S-ZO-BR,S-ZB-UN,S-ZE-UN,B-ZH-BR
191,2001.01.19 00:00,USDCAD,60,86400,BUY,ZC,1,1.51290,1.50440,850.0,1.51720,1.50820,900.0,105.882,44.71,470.0,200.6,1.51290,1.50820,1.52190,BREAK,2001.02.12 21:00,0,,0,,0,,0,NA,Other,BREAK,2001.02.14 22:00,BREAK,2001.02.16 01:00,1.49970,BREAK,2001.01.30 17:00,0,,0,,0,,0,NA,NewYork,BREAK,2001.02.01 17:00,BOUNCE,2001.02.02 18:00,1.51760,BOUNCE,2001.02.12 16:00,0,,0,,0,,0,NA,NewYork,NA,,NA,,1.50350,BREAK,2001.01.22 21:00,0,,0,,0,,0,NA,Other,BOUNCE,2001.01.30 21:00,NA,,B-ZD-BO,B-ZH-BR,S-ZO-UN,S-ZH-BO,B-ZE-BR,B-ZG-BR,S-ZO-UN,S-ZD-BO,S-ZF-BO,S-ZC-BR,S-ZO-BR,S-ZF-BO,S-ZO-BO,B-ZB-BR,S-ZB-BO,S-ZO-BR,S-ZB-UN,S-ZE-UN,B-ZH-BR,B-ZO-BR
192,2001.01.20 00:00,USDCAD,60,86400,SELL,ZO,0,1.51720,1.50820,900.0,1.51540,1.50660,880.0,97.778,20.00,720.0,212.4,1.51540,1.50820,1.49940,BREAK,2001.01.30 17:00,0,,0,,0,,0,NA,NewYork,BREAK,2001.02.02 17:00,UNTOUCHED,,1.52440,BREAK,2001.02.13 15:00,0,,0,,0,,0,NA,NewYork,BREAK,2001.02.16 02:00,BREAK,2001.02.16 21:00,1.50100,BOUNCE,2001.01.23 01:00,1,2001.02.13 14:00,1,2001.02.13 15:00,0,,2,3w 0d,Asia,NA,,NA,,1.52260,BREAK,2001.02.13 14:00,0,,0,,0,,0,NA,NewYork,BREAK,2001.02.16 01:00,BREAK,2001.02.16 20:00,B-ZC-BR,B-ZD-BO,B-ZH-BR,S-ZO-UN,S-ZH-BO,B-ZE-BR,B-ZG-BR,S-ZO-UN,S-ZD-BO,S-ZF-BO,S-ZF-BO,S-ZO-BO,B-ZB-BR,S-ZB-BO,S-ZO-BR,S-ZB-UN,S-ZE-UN,B-ZH-BR,B-ZO-BR,S-ZO-UN
193,2001.01.23 00:00,USDCAD,60,86400,SELL,ZF,1,1.51290,1.51040,250.0,1.51200,1.50220,980.0,392.000,36.00,160.0,59.0,1.51200,1.51040,1.50060,BOUNCE,2001.01.23 02:00,1,2001.01.23 09:00,1,2001.01.24 17:00,1,2001.01.24 17:00,3,1d 15h,Asia,NA,,NA,,1.51450,BREAK,2001.01.24 17:00,0,,0,,0,,0,NA,NewYork,BOUNCE,2001.01.25 16:00,NA,,1.50880,BREAK,2001.01.23 00:00,0,,0,,0,,0,NA,Asia,BREAK,2001.01.23 01:00,BREAK,2001.01.23 02:00,1.51360,BREAK,2001.01.24 17:00,0,,0,,0,,0,NA,NewYork,BOUNCE,2001.01.24 18:00,NA,,S-ZO-BR,B-ZC-BR,B-ZD-BO,B-ZH-BR,S-ZO-UN,S-ZH-BO,B-ZE-BR,B-ZG-BR,S-ZO-UN,S-ZD-BO,S-ZO-BO,B-ZB-BR,S-ZB-BO,S-ZO-BR,S-ZB-UN,S-ZE-UN,B-ZH-BR,B-ZO-BR,S-ZO-UN,S-ZO-UN
194,2001.01.24 00:00,USDCAD,60,86400,SELL,ZO,0,1.51200,1.50220,980.0,1.51170,1.50020,1150.0,117.347,3.06,950.0,231.3,1.51170,1.50220,1.49070,BOUNCE,2001.02.02 16:00,1,2001.02.06 15:00,1,2001.02.12 18:00,1,2001.02.12 21:00,3,1w 3d,NewYork,NA,,NA,,1.52150,BREAK,2001.02.12 21:00,0,,0,,0,,0,NA,Other,BREAK,2001.02.16 01:00,BREAK,2001.02.19 14:00,1.49270,BREAK,2001.02.01 17:00,0,,0,,0,,0,NA,NewYork,UNTOUCHED,,NA,,1.52120,BREAK,2001.02.12 18:00,0,,0,,0,,0,NA,NewYork,BREAK,2001.02.16 01:00,BREAK,2001.02.19 14:00,S-ZF-BO,S-ZO-BR,B-ZC-BR,B-ZD-BO,B-ZH-BR,S-ZO-UN,S-ZH-BO,B-ZE-BR,B-ZG-BR,S-ZO-UN,B-ZB-BR,S-ZB-BO,S-ZO-BR,S-ZB-UN,S-ZE-UN,B-ZH-BR,B-ZO-BR,S-ZO-UN,S-ZO-UN,B-ZF-BR
195,2001.01.25 00:00,USDCAD,60,86400,BUY,ZB,1,1.51170,1.50020,1150.0,1.51570,1.50870,700.0,60.870,73.91,300.0,271.4,1.51170,1.50870,1.51870,BREAK,2001.02.12 17:00,0,,0,,0,,0,NA,NewYork,BREAK,2001.02.13 15:00,BOUNCE,2001.02.13 19:00,1.49720,BOUNCE,2001.01.30 19:00,1,2001.01.30 21:00,1,2001.02.12 16:00,1,2001.02.12 17:00,3,1w 5d,NewYork,NA,,NA,,1.51470,BOUNCE,2001.01.25 15:00,1,2001.01.25 21:00,1,2001.01.30 19:00,0,,2,5d 4h,NewYork,NA,,NA,,1.50570,BREAK,2001.01.25 21:00,0,,0,,0,,0,NA,Other,BOUNCE,2001.01.26 16:00,NA,,S-ZO-BO,S-ZF-BO,S-ZO-BR,B-ZC-BR,B-ZD-BO,B-ZH-BR,S-ZO-UN,S-ZH-BO,B-ZE-BR,B-ZG-BR,S-ZB-BO,S-ZO-BR,S-ZB-UN,S-ZE-UN,B-ZH-BR,B-ZO-BR,S-ZO-UN,S-ZO-UN,B-ZF-BR,B-ZB-BR
196,2001.01.27 00:00,USDCAD,60,86400,SELL,ZB,1,1.51650,1.50540,1110.0,1.50820,1.50070,750.0,67.568,74.77,280.0,262.0,1.50820,1.50540,1.49790,BOUNCE,2001.01.30 19:00,1,2001.01.30 21:00,1,2001.02.06 15:00,1,2001.02.12 17:00,3,1w 5d,NewYork,NA,,NA,,1.51930,BREAK,2001.02.12 17:00,0,,0,,0,,0,NA,NewYork,BREAK,2001.02.13 15:00,BOUNCE,2001.02.13 18:00,1.50260,BREAK,2001.01.29 16:00,0,,0,,0,,0,NA,NewYork,BREAK,2001.01.30 19:00,BOUNCE,2001.01.31 21:00,1.51100,BOUNCE,2001.02.06 15:00,0,,0,,0,,0,NA,NewYork,NA,,NA,,B-ZB-BR,S-ZO-BO,S-ZF-BO,S-ZO-BR,B-ZC-BR,B-ZD-BO,B-ZH-BR,S-ZO-UN,S-ZH-BO,B-ZE-BR,S-ZO-BR,S-ZB-UN,S-ZE-UN,B-ZH-BR,B-ZO-BR,S-ZO-UN,S-ZO-UN,B-ZF-BR,B-ZB-BR,S-ZO-BO
197,2001.01.31 00:00,USDCAD,60,86400,SELL,ZO,0,1.50620,1.50000,620.0,1.50470,1.49700,770.0,124.194,24.19,470.0,146.3,1.50470,1.50000,1.49230,BREAK,2001.02.01 17:00,0,,0,,0,,0,NA,NewYork,UNTOUCHED,,NA,,1.51090,BREAK,2001.02.06 15:00,0,,0,,0,,0,NA,NewYork,BREAK,2001.02.12 16:00,BREAK,2001.02.12 21:00,1.49530,BREAK,2001.02.01 15:00,0,,0,,0,,0,NA,NewYork,BOUNCE,2001.02.02 23:00,NA,,1.50940,BREAK,2001.02.06 12:00,0,,0,,0,,0,NA,London,BOUNCE,2001.02.07 20:00,NA,,S-ZB-BO,B-ZB-BR,S-ZO-BO,S-ZF-BO,S-ZO-BR,B-ZC-BR,B-ZD-BO,B-ZH-BR,S-ZO-UN,S-ZH-BO,S-ZB-UN,S-ZE-UN,B-ZH-BR,B-ZO-BR,S-ZO-UN,S-ZO-UN,B-ZF-BR,B-ZB-BR,S-ZO-BO,B-ZO-BO
198,2001.02.02 00:00,USDCAD,60,86400,SELL,ZB,1,1.50500,1.49650,850.0,1.50030,1.49110,920.0,108.235,55.29,380.0,200.6,1.50030,1.49650,1.48730,UNTOUCHED,,0,,0,,0,,0,NA,Other,NA,,NA,,1.50880,BREAK,2001.02.06 12:00,0,,0,,0,,0,NA,London,BREAK,2001.02.07 18:00,BREAK,2001.02.12 16:00,1.49270,BREAK,2001.02.02 12:00,0,,0,,0,,0,NA,London,UNTOUCHED,,NA,,1.50410,BREAK,2001.02.05 19:00,0,,0,,0,,0,NA,NewYork,BREAK,2001.02.06 15:00,BOUNCE,2001.02.06 19:00,S-ZO-BR,S-ZB-BO,B-ZB-BR,S-ZO-BO,S-ZF-BO,S-ZO-BR,B-ZC-BR,B-ZD-BO,B-ZH-BR,S-ZO-UN,S-ZE-UN,B-ZH-BR,B-ZO-BR,S-ZO-UN,S-ZO-UN,B-ZF-BR,B-ZB-BR,S-ZO-BO,B-ZO-BO,B-ZE-BR
199,2001.02.03 00:00,USDCAD,60,86400,SELL,ZE,1,1.50030,1.49110,920.0,1.49540,1.48990,550.0,59.783,53.26,430.0,217.1,1.49540,1.49110,1.48560,UNTOUCHED,,0,,0,,0,,0,NA,Other,NA,,NA,,1.50460,BREAK,2001.02.05 19:00,0,,0,,0,,0,NA,NewYork,BREAK,2001.02.06 15:00,BOUNCE,2001.02.07 20:00,1.48680,UNTOUCHED,,0,,0,,0,,0,NA,Other,NA,,NA,,1.49970,BREAK,2001.02.05 16:00,0,,0,,0,,0,NA,NewYork,BREAK,2001.02.05 20:00,BREAK,2001.02.06 15:00,S-ZB-UN,S-ZO-BR,S-ZB-BO,B-ZB-BR,S-ZO-BO,S-ZF-BO,S-ZO-BR,B-ZC-BR,B-ZD-BO,B-ZH-BR,B-ZH-BR,B-ZO-BR,S-ZO-UN,S-ZO-UN,B-ZF-BR,B-ZB-BR,S-ZO-BO,B-ZO-BO,B-ZE-BR,S-ZH-BR
200,2001.02.06 00:00,USDCAD,60,86400,BUY,ZH,1,1.49770,1.49500,270.0,1.50790,1.49590,1200.0,444.444,33.33,180.0,63.7,1.49770,1.49590,1.50970,BREAK,2001.02.06 15:00,0,,0,,0,,0,NA,NewYork,BOUNCE,2001.02.06 16:00,NA,,1.49320,UNTOUCHED,,0,,0,,0,,0,NA,Other,NA,,NA,,1.49950,BREAK,2001.02.06 00:00,0,,0,,0,,0,NA,Asia,BREAK,2001.02.06 01:00,BREAK,2001.02.06 02:00,1.49410,UNTOUCHED,,0,,0,,0,,0,NA,Other,NA,,NA,,S-ZE-UN,S-ZB-UN,S-ZO-BR,S-ZB-BO,B-ZB-BR,S-ZO-BO,S-ZF-BO,S-ZO-BR,B-ZC-BR,B-ZD-BO,B-ZO-BR,S-ZO-UN,S-ZO-UN,B-ZF-BR,B-ZB-BR,S-ZO-BO,B-ZO-BO,B-ZE-BR,S-ZH-BR,S-ZE-UN
201,2001.02.08 00:00,USDCAD,60,86400,BUY,ZO,0,1.51200,1.50600,600.0,1.51470,1.50750,720.0,120.000,25.00,450.0,141.6,1.51200,1.50750,1.51920,BREAK,2001.02.12 17:00,0,,0,,0,,0,NA,NewYork,BREAK,2001.02.13 15:00,BREAK,2001.02.15 16:00,1.50150,UNTOUCHED,,0,,0,,0,,0,NA,Other,NA,,NA,,1.51650,BREAK,2001.02.12 16:00,0,,0,,0,,0,NA,NewYork,BREAK,2001.02.13 03:00,BOUNCE,2001.02.13 19:00,1.50300,UNTOUCHED,,0,,0,,0,,0,NA,Other,NA,,NA,,B-ZH-BR,S-ZE-UN,S-ZB-UN,S-ZO-BR,S-ZB-BO,B-ZB-BR,S-ZO-BO,S-ZF-BO,S-ZO-BR,B-ZC-BR,S-ZO-UN,S-ZO-UN,B-ZF-BR,B-ZB-BR,S-ZO-BO,B-ZO-BO,B-ZE-BR,S-ZH-BR,S-ZE-UN,B-ZF-BR
202,2001.02.09 00:00,USDCAD,60,86400,SELL,ZO,0,1.51470,1.50750,720.0,1.51410,1.50740,670.0,93.056,8.33,660.0,169.9,1.51410,1.50750,1.50080,UNTOUCHED,,0,,0,,0,,0,NA,Other,NA,,NA,,1.52130,BREAK,2001.02.12 18:00,0,,0,,0,,0,NA,NewYork,BREAK,2001.02.15 15:00,BREAK,2001.02.16 02:00,1.50090,UNTOUCHED,,0,,0,,0,,0,NA,Other,NA,,NA,,1.52070,BREAK,2001.02.12 18:00,0,,0,,0,,0,NA,NewYork,BREAK,2001.02.14 22:00,BREAK,2001.02.16 02:00,B-ZO-BR,B-ZH-BR,S-ZE-UN,S-ZB-UN,S-ZO-BR,S-ZB-BO,B-ZB-BR,S-ZO-BO,S-ZF-BO,S-ZO-BR,S-ZO-UN,B-ZF-BR,B-ZB-BR,S-ZO-BO,B-ZO-BO,B-ZE-BR,S-ZH-BR,S-ZE-UN,B-ZF-BR,S-ZF-UN
203,2001.02.10 00:00,USDCAD,60,86400,SELL,ZO,0,1.51410,1.50740,670.0,1.51170,1.50660,510.0,76.119,35.82,430.0,158.1,1.51170,1.50740,1.50230,UNTOUCHED,,0,,0,,0,,0,NA,Other,NA,,NA,,1.51840,BOUNCE,2001.02.12 16:00,0,,0,,0,,0,NA,NewYork,NA,,NA,,1.50310,UNTOUCHED,,0,,0,,0,,0,NA,Other,NA,,NA,,1.51600,BREAK,2001.02.12 16:00,0,,0,,0,,0,NA,NewYork,BREAK,2001.02.12 21:00,BREAK,2001.02.13 17:00,S-ZO-UN,B-ZO-BR,B-ZH-BR,S-ZE-UN,S-ZB-UN,S-ZO-BR,S-ZB-BO,B-ZB-BR,S-ZO-BO,S-ZF-BO,B-ZF-BR,B-ZB-BR,S-ZO-BO,B-ZO-BO,B-ZE-BR,S-ZH-BR,S-ZE-UN,B-ZF-BR,S-ZF-UN,B-ZF-BR
204,2001.02.13 00:00,USDCAD,60,86400,BUY,ZF,1,1.51130,1.50990,140.0,1.52240,1.51000,1240.0,885.714,7.14,130.0,33.0,1.51130,1.51000,1.52370,BREAK,2001.02.13 15:00,0,,0,,0,,0,NA,NewYork,BREAK,2001.02.13 16:00,BOUNCE,2001.02.13 17:00,1.50860,UNTOUCHED,,0,,0,,0,,0,NA,Other,NA,,NA,,1.51260,BREAK,2001.02.13 00:00,0,,0,,0,,0,NA,Asia,BREAK,2001.02.13 01:00,BREAK,2001.02.13 02:00,1.50870,UNTOUCHED,,0,,0,,0,,0,NA,Other,NA,,NA,,S-ZO-UN,S-ZO-UN,B-ZO-BR,B-ZH-BR,S-ZE-UN,S-ZB-UN,S-ZO-BR,S-ZB-BO,B-ZB-BR,S-ZO-BO,B-ZB-BR,S-ZO-BO,B-ZO-BO,B-ZE-BR,S-ZH-BR,S-ZE-UN,B-ZF-BR,S-ZF-UN,B-ZF-BR,B-ZE-BR
205,2001.02.16 00:00,USDCAD,60,86400,BUY,ZB,1,1.52940,1.51920,1020.0,1.53010,1.52500,510.0,50.000,56.86,440.0,240.7,1.52940,1.52500,1.53450,BREAK,2001.02.16 02:00,0,,0,,0,,0,NA,Asia,BREAK,2001.02.19 14:00,BOUNCE,2001.02.19 17:00,1.51480,UNTOUCHED,,0,,0,,0,,0,NA,Other,NA,,NA,,1.53380,BREAK,2001.02.16 02:00,0,,0,,0,,0,NA,Asia,BREAK,2001.02.16 21:00,BOUNCE,2001.02.19 17:00,1.52060,UNTOUCHED,,0,,0,,0,,0,NA,Other,NA,,NA,,B-ZF-BR,S-ZO-UN,S-ZO-UN,B-ZO-BR,B-ZH-BR,S-ZE-UN,S-ZB-UN,S-ZO-BR,S-ZB-BO,B-ZB-BR,S-ZO-BO,B-ZO-BO,B-ZE-BR,S-ZH-BR,S-ZE-UN,B-ZF-BR,S-ZF-UN,B-ZF-BR,B-ZE-BR,S-ZO-UN
206,2001.02.21 00:00,USDCAD,60,86400,SELL,ZO,0,1.54350,1.53340,1010.0,1.54090,1.53280,810.0,80.198,25.74,750.0,238.4,1.54090,1.53340,1.52530,BOUNCE,2001.02.27 19:00,1,2001.03.01 15:00,1,2001.03.01 21:00,1,2001.03.07 18:00,3,1w 0d,NewYork,NA,,NA,,1.55100,BOUNCE,2001.03.07 18:00,0,,0,,0,,0,NA,NewYork,NA,,NA,,1.52590,BOUNCE,2001.02.27 18:00,1,2001.03.01 21:00,1,2001.03.07 18:00,0,,2,1w 1d,NewYork,NA,,NA,,1.54840,BOUNCE,2001.03.01 21:00,0,,0,,0,,0,NA,Other,NA,,NA,,B-ZB-BR,B-ZF-BR,S-ZO-UN,S-ZO-UN,B-ZO-BR,B-ZH-BR,S-ZE-UN,S-ZB-UN,S-ZO-BR,S-ZB-BO,B-ZO-BO,B-ZE-BR,S-ZH-BR,S-ZE-UN,B-ZF-BR,S-ZF-UN,B-ZF-BR,B-ZE-BR,S-ZO-UN,B-ZB-BO
207,2001.02.22 00:00,USDCAD,60,86400,BUY,ZO,0,1.54090,1.53280,810.0,1.54250,1.53420,830.0,102.469,17.28,670.0,191.2,1.54090,1.53420,1.54920,BOUNCE,2001.03.01 23:00,0,,0,,0,,0,NA,Other,NA,,NA,,1.52610,BOUNCE,2001.02.27 18:00,1,2001.03.01 15:00,1,2001.03.01 21:00,1,2001.03.01 23:00,3,2d 5h,NewYork,NA,,NA,,1.54760,BREAK,2001.03.01 21:00,0,,0,,0,,0,NA,Other,BREAK,2001.03.14 21:00,BREAK,2001.03.16 12:00,1.52750,BREAK,2001.02.27 00:00,0,,0,,0,,0,NA,Asia,UNTOUCHED,,NA,,S-ZO-BO,B-ZB-BR,B-ZF-BR,S-ZO-UN,S-ZO-UN,B-ZO-BR,B-ZH-BR,S-ZE-UN,S-ZB-UN,S-ZO-BR,B-ZE-BR,S-ZH-BR,S-ZE-UN,B-ZF-BR,S-ZF-UN,B-ZF-BR,B-ZE-BR,S-ZO-UN,B-ZB-BO,B-ZB-BO
208,2001.02.24 00:00,USDCAD,60,86400,BUY,ZE,1,1.53940,1.53420,520.0,1.54000,1.53640,360.0,69.231,42.31,300.0,122.7,1.53940,1.53640,1.54300,BREAK,2001.03.01 19:00,0,,0,,0,,0,NA,NewYork,BOUNCE,2001.03.01 20:00,NA,,1.53120,BREAK,2001.02.26 18:00,0,,0,,0,,0,NA,NewYork,BREAK,2001.02.27 01:00,BOUNCE,2001.02.27 22:00,1.54240,BREAK,2001.03.01 19:00,0,,0,,0,,0,NA,NewYork,BREAK,2001.03.01 20:00,BREAK,2001.03.01 23:00,1.53340,BREAK,2001.02.26 17:00,0,,0,,0,,0,NA,NewYork,BREAK,2001.02.26 21:00,BOUNCE,2001.02.27 12:00,B-ZO-BO,S-ZO-BO,B-ZB-BR,B-ZF-BR,S-ZO-UN,S-ZO-UN,B-ZO-BR,B-ZH-BR,S-ZE-UN,S-ZB-UN,S-ZH-BR,S-ZE-UN,B-ZF-BR,S-ZF-UN,B-ZF-BR,B-ZE-BR,S-ZO-UN,B-ZB-BO,B-ZB-BO,S-ZE-BO
209,2001.02.27 00:00,USDCAD,60,86400,SELL,ZH,1,1.53760,1.53640,120.0,1.53750,1.52800,950.0,791.667,8.33,110.0,28.3,1.53750,1.53640,1.52690,BREAK,2001.02.27 01:00,0,,0,,0,,0,NA,Asia,BREAK,2001.02.27 19:00,BOUNCE,2001.02.27 20:00,1.53870,BOUNCE,2001.03.01 03:00,1,2001.03.01 04:00,0,,0,,1,1h,Asia,NA,,NA,,1.53530,BREAK,2001.02.27 00:00,0,,0,,0,,0,NA,Asia,BREAK,2001.02.27 01:00,BREAK,2001.02.27 02:00,1.53860,BOUNCE,2001.03.01 00:00,0,,0,,0,,0,NA,Asia,NA,,NA,,B-ZE-BR,B-ZO-BO,S-ZO-BO,B-ZB-BR,B-ZF-BR,S-ZO-UN,S-ZO-UN,B-ZO-BR,B-ZH-BR,S-ZE-UN,S-ZE-UN,B-ZF-BR,S-ZF-UN,B-ZF-BR,B-ZE-BR,S-ZO-UN,B-ZB-BO,B-ZB-BO,S-ZE-BO,B-ZB-BO
210,2001.02.28 00:00,USDCAD,60,86400,SELL,ZE,1,1.53750,1.52800,950.0,1.53150,1.52460,690.0,72.632,63.16,350.0,224.2,1.53150,1.52800,1.52110,UNTOUCHED,,0,,0,,0,,0,NA,Other,NA,,NA,,1.54100,BOUNCE,2001.03.01 15:00,0,,0,,0,,0,NA,NewYork,NA,,NA,,1.52450,UNTOUCHED,,0,,0,,0,,0,NA,Other,NA,,NA,,1.53500,BREAK,2001.02.28 21:00,0,,0,,0,,0,NA,Other,BREAK,2001.03.01 15:00,BREAK,2001.03.01 19:00,S-ZH-BR,B-ZE-BR,B-ZO-BO,S-ZO-BO,B-ZB-BR,B-ZF-BR,S-ZO-UN,S-ZO-UN,B-ZO-BR,B-ZH-BR,B-ZF-BR,S-ZF-UN,B-ZF-BR,B-ZE-BR,S-ZO-UN,B-ZB-BO,B-ZB-BO,S-ZE-BO,B-ZB-BO,S-ZD-BR
211,2001.03.01 00:00,USDCAD,60,86400,BUY,ZF,1,1.53150,1.52460,690.0,1.53690,1.52600,1090.0,157.971,20.29,550.0,162.8,1.53150,1.52600,1.54240,BREAK,2001.03.01 19:00,0,,0,,0,,0,NA,NewYork,BREAK,2001.03.01 23:00,BREAK,2001.03.14 21:00,1.51910,UNTOUCHED,,0,,0,,0,,0,NA,Other,NA,,NA,,1.53700,BREAK,2001.03.01 00:00,0,,0,,0,,0,NA,Asia,BREAK,2001.03.01 19:00,BREAK,2001.03.01 23:00,1.52050,UNTOUCHED,,0,,0,,0,,0,NA,Other,NA,,NA,,S-ZE-UN,S-ZH-BR,B-ZE-BR,B-ZO-BO,S-ZO-BO,B-ZB-BR,B-ZF-BR,S-ZO-UN,S-ZO-UN,B-ZO-BR,S-ZF-UN,B-ZF-BR,B-ZE-BR,S-ZO-UN,B-ZB-BO,B-ZB-BO,S-ZE-BO,B-ZB-BO,S-ZD-BR,B-ZF-BO
212,2001.03.07 00:00,USDCAD,60,86400,SELL,ZF,0,1.54870,1.54120,750.0,1.54770,1.53660,1110.0,148.000,13.33,650.0,177.0,1.54770,1.54120,1.53010,UNTOUCHED,,0,,0,,0,,0,NA,Other,NA,,NA,,1.55520,BREAK,2001.03.14 21:00,0,,0,,0,,0,NA,Other,BREAK,2001.03.16 12:00,BREAK,2001.03.19 10:00,1.53470,UNTOUCHED,,0,,0,,0,,0,NA,Other,NA,,NA,,1.55420,BREAK,2001.03.14 21:00,0,,0,,0,,0,NA,Other,BREAK,2001.03.16 12:00,BREAK,2001.03.16 18:00,B-ZF-BR,S-ZE-UN,S-ZH-BR,B-ZE-BR,B-ZO-BO,S-ZO-BO,B-ZB-BR,B-ZF-BR,S-ZO-UN,S-ZO-UN,B-ZF-BR,B-ZE-BR,S-ZO-UN,B-ZB-BO,B-ZB-BO,S-ZE-BO,B-ZB-BO,S-ZD-BR,B-ZF-BO,B-ZE-BO
213,2001.03.08 00:00,USDCAD,60,86400,BUY,ZF,0,1.54770,1.53660,1110.0,1.55100,1.53720,1380.0,124.324,5.41,1050.0,262.0,1.54770,1.53720,1.56150,BREAK,2001.03.15 21:00,0,,0,,0,,0,NA,Other,BREAK,2001.03.21 20:00,BOUNCE,2001.04.04 15:00,1.52610,UNTOUCHED,,0,,0,,0,,0,NA,Other,NA,,NA,,1.55820,BREAK,2001.03.14 21:00,0,,0,,0,,0,NA,Other,BOUNCE,2001.03.20 21:00,NA,,1.52670,UNTOUCHED,,0,,0,,0,,0,NA,Other,NA,,NA,,S-ZF-UN,B-ZF-BR,S-ZE-UN,S-ZH-BR,B-ZE-BR,B-ZO-BO,S-ZO-BO,B-ZB-BR,B-ZF-BR,S-ZO-UN,B-ZE-BR,S-ZO-UN,B-ZB-BO,B-ZB-BO,S-ZE-BO,B-ZB-BO,S-ZD-BR,B-ZF-BO,B-ZE-BO,B-ZF-UN
214,2001.03.09 00:00,USDCAD,60,86400,BUY,ZE,1,1.55100,1.53720,1380.0,1.55230,1.54520,710.0,51.449,57.97,580.0,325.7,1.55100,1.54520,1.55810,BREAK,2001.03.14 21:00,0,,0,,0,,0,NA,Other,BREAK,2001.03.16 12:00,BOUNCE,2001.03.19 13:00,1.53140,UNTOUCHED,,0,,0,,0,,0,NA,Other,NA,,NA,,1.55680,BREAK,2001.03.14 21:00,0,,0,,0,,0,NA,Other,BREAK,2001.03.16 12:00,BOUNCE,2001.03.20 14:00,1.53940,UNTOUCHED,,0,,0,,0,,0,NA,Other,NA,,NA,,B-ZF-BR,S-ZF-UN,B-ZF-BR,S-ZE-UN,S-ZH-BR,B-ZE-BR,B-ZO-BO,S-ZO-BO,B-ZB-BR,B-ZF-BR,S-ZO-UN,B-ZB-BO,B-ZB-BO,S-ZE-BO,B-ZB-BO,S-ZD-BR,B-ZF-BO,B-ZE-BO,B-ZF-UN,B-ZB-UN
215,2001.03.10 00:00,USDCAD,60,86400,SELL,ZO,0,1.55230,1.54520,710.0,1.54980,1.54390,590.0,83.099,35.21,460.0,167.6,1.54980,1.54520,1.53930,UNTOUCHED,,0,,0,,0,,0,NA,Other,NA,,NA,,1.55690,BREAK,2001.03.14 21:00,0,,0,,0,,0,NA,Other,BREAK,2001.03.16 12:00,BOUNCE,2001.03.16 16:00,1.54060,UNTOUCHED,,0,,0,,0,,0,NA,Other,NA,,NA,,1.55440,BREAK,2001.03.14 21:00,0,,0,,0,,0,NA,Other,BREAK,2001.03.15 20:00,BREAK,2001.03.16 12:00,B-ZE-BR,B-ZF-BR,S-ZF-UN,B-ZF-BR,S-ZE-UN,S-ZH-BR,B-ZE-BR,B-ZO-BO,S-ZO-BO,B-ZB-BR,B-ZB-BO,B-ZB-BO,S-ZE-BO,B-ZB-BO,S-ZD-BR,B-ZF-BO,B-ZE-BO,B-ZF-UN,B-ZB-UN,B-ZE-UN
216,2001.03.16 00:00,USDCAD,60,86400,BUY,ZB,1,1.55970,1.54140,1830.0,1.56190,1.55490,700.0,38.251,73.77,480.0,431.9,1.55970,1.55490,1.56670,BOUNCE,2001.03.16 12:00,1,2001.03.26 17:00,1,2001.04.19 16:00,0,,2,4w 6d,London,NA,,NA,,1.53660,UNTOUCHED,,0,,0,,0,,0,NA,Other,NA,,NA,,1.56450,BOUNCE,2001.03.16 12:00,1,2001.04.19 16:00,0,,0,,1,4w 6d,London,NA,,NA,,1.55010,BREAK,2001.04.19 16:00,0,,0,,0,,0,NA,NewYork,BOUNCE,2001.04.23 13:00,NA,,S-ZO-UN,B-ZE-BR,B-ZF-BR,S-ZF-UN,B-ZF-BR,S-ZE-UN,S-ZH-BR,B-ZE-BR,B-ZO-BO,S-ZO-BO,B-ZB-BO,S-ZE-BO,B-ZB-BO,S-ZD-BR,B-ZF-BO,B-ZE-BO,B-ZF-UN,B-ZB-UN,B-ZE-UN,B-ZG-UN
217,2001.03.17 00:00,USDCAD,60,86400,BUY,ZB,1,1.56190,1.55490,700.0,1.56950,1.55820,1130.0,161.429,47.14,370.0,165.2,1.56190,1.55820,1.57320,BOUNCE,2001.03.21 14:00,1,2001.03.23 12:00,1,2001.03.26 19:00,1,2001.04.19 15:00,3,4w 1d,NewYork,NA,,NA,,1.55120,BOUNCE,2001.04.19 15:00,0,,0,,0,,0,NA,NewYork,NA,,NA,,1.56560,BREAK,2001.03.17 00:00,0,,0,,0,,0,NA,Asia,BOUNCE,2001.03.19 11:00,NA,,1.55450,BOUNCE,2001.03.26 19:00,1,2001.03.27 19:00,1,2001.03.27 19:00,0,,2,1d 0h,NewYork,NA,,NA,,B-ZB-BO,S-ZO-UN,B-ZE-BR,B-ZF-BR,S-ZF-UN,B-ZF-BR,S-ZE-UN,S-ZH-BR,B-ZE-BR,B-ZO-BO,S-ZE-BO,B-ZB-BO,S-ZD-BR,B-ZF-BO,B-ZE-BO,B-ZF-UN,B-ZB-UN,B-ZE-UN,B-ZG-UN,S-ZB-BO
218,2001.03.21 00:00,USDCAD,60,86400,SELL,ZE,1,1.57050,1.56320,730.0,1.56760,1.55800,960.0,131.507,39.73,440.0,172.3,1.56760,1.56320,1.55360,BOUNCE,2001.03.26 20:00,1,2001.03.27 17:00,1,2001.03.28 14:00,1,2001.03.29 21:00,3,3d 1h,NewYork,NA,,NA,,1.57490,BREAK,2001.03.21 21:00,0,,0,,0,,0,NA,Other,BOUNCE,2001.03.30 18:00,NA,,1.55880,BREAK,2001.03.26 16:00,0,,0,,0,,0,NA,NewYork,BOUNCE,2001.03.27 12:00,NA,,1.57200,BREAK,2001.03.21 14:00,0,,0,,0,,0,NA,NewYork,BOUNCE,2001.03.22 15:00,NA,,B-ZB-BO,B-ZB-BO,S-ZO-UN,B-ZE-BR,B-ZF-BR,S-ZF-UN,B-ZF-BR,S-ZE-UN,S-ZH-BR,B-ZE-BR,B-ZB-BO,S-ZD-BR,B-ZF-BO,B-ZE-BO,B-ZF-UN,B-ZB-UN,B-ZE-UN,B-ZG-UN,S-ZB-BO,S-ZF-BR
219,2001.03.22 00:00,USDCAD,60,86400,BUY,ZB,1,1.56760,1.55800,960.0,1.57730,1.56470,1260.0,131.250,69.79,290.0,226.6,1.56760,1.56470,1.58020,BOUNCE,2001.04.02 23:00,1,2001.04.04 02:00,1,2001.04.06 18:00,1,2001.04.10 18:00,3,1w 0d,Other,NA,,NA,,1.55510,BOUNCE,2001.03.26 19:00,1,2001.03.27 17:00,1,2001.03.28 05:00,1,2001.04.02 23:00,3,1w 0d,NewYork,NA,,NA,,1.57050,BREAK,2001.03.22 00:00,0,,0,,0,,0,NA,Asia,BREAK,2001.03.22 09:00,BREAK,2001.03.30 18:00,1.56180,BOUNCE,2001.03.26 12:00,1,2001.03.28 05:00,1,2001.03.28 05:00,0,,2,1d 17h,London,NA,,NA,,S-ZE-BO,B-ZB-BO,B-ZB-BO,S-ZO-UN,B-ZE-BR,B-ZF-BR,S-ZF-UN,B-ZF-BR,S-ZE-UN,S-ZH-BR,S-ZD-BR,B-ZF-BO,B-ZE-BO,B-ZF-UN,B-ZB-UN,B-ZE-UN,B-ZG-UN,S-ZB-BO,S-ZF-BR,B-ZO-BR
220,2001.03.24 00:00,USDCAD,60,86400,SELL,ZD,1,1.57580,1.56840,740.0,1.57170,1.56340,830.0,112.162,55.41,330.0,174.6,1.57170,1.56840,1.56010,BREAK,2001.03.26 15:00,0,,0,,0,,0,NA,NewYork,BREAK,2001.03.26 19:00,BOUNCE,2001.03.26 22:00,1.57910,BOUNCE,2001.03.30 18:00,1,2001.04.02 18:00,1,2001.04.06 18:00,1,2001.04.10 14:00,3,1w 3d,NewYork,NA,,NA,,1.56510,BREAK,2001.03.24 00:00,0,,0,,0,,0,NA,Asia,BREAK,2001.03.26 15:00,BREAK,2001.03.26 17:00,1.57500,BOUNCE,2001.03.29 21:00,1,2001.04.06 18:00,1,2001.04.06 18:00,0,,2,1w 0d,Other,NA,,NA,,B-ZB-BO,S-ZE-BO,B-ZB-BO,B-ZB-BO,S-ZO-UN,B-ZE-BR,B-ZF-BR,S-ZF-UN,B-ZF-BR,S-ZE-UN,B-ZF-BO,B-ZE-BO,B-ZF-UN,B-ZB-UN,B-ZE-UN,B-ZG-UN,S-ZB-BO,S-ZF-BR,B-ZO-BR,S-ZO-BR
221,2001.03.28 00:00,USDCAD,60,86400,BUY,ZF,0,1.56710,1.55320,1390.0,1.56990,1.55500,1490.0,107.194,12.95,1210.0,328.0,1.56710,1.55500,1.58200,BOUNCE,2001.04.03 15:00,1,2001.04.10 15:00,1,2001.04.20 13:00,1,2001.04.25 14:00,3,3w 0d,NewYork,NA,,NA,,1.54110,BREAK,2001.04.25 14:00,0,,0,,0,,0,NA,NewYork,BOUNCE,2001.05.07 19:00,NA,,1.57920,BREAK,2001.03.30 18:00,0,,0,,0,,0,NA,NewYork,UNTOUCHED,,NA,,1.54290,BREAK,2001.04.20 13:00,0,,0,,0,,0,NA,NewYork,BREAK,2001.05.04 15:00,BREAK,2001.06.11 19:00,S-ZD-BR,B-ZB-BO,S-ZE-BO,B-ZB-BO,B-ZB-BO,S-ZO-UN,B-ZE-BR,B-ZF-BR,S-ZF-UN,B-ZF-BR,B-ZE-BO,B-ZF-UN,B-ZB-UN,B-ZE-UN,B-ZG-UN,S-ZB-BO,S-ZF-BR,B-ZO-BR,S-ZO-BR,B-ZE-UN
222,2001.03.29 00:00,USDCAD,60,86400,BUY,ZE,1,1.56990,1.55500,1490.0,1.57360,1.56210,1150.0,77.181,47.65,780.0,351.6,1.56990,1.56210,1.58140,BOUNCE,2001.04.02 23:00,1,2001.04.06 18:00,1,2001.04.10 18:00,1,2001.04.19 17:00,3,2w 2d,Other,NA,,NA,,1.54720,BREAK,2001.04.19 17:00,0,,0,,0,,0,NA,NewYork,BOUNCE,2001.04.25 18:00,NA,,1.57770,BREAK,2001.03.30 18:00,0,,0,,0,,0,NA,NewYork,UNTOUCHED,,NA,,1.55430,BOUNCE,2001.04.10 18:00,0,,0,,0,,0,NA,NewYork,NA,,NA,,B-ZF-BO,S-ZD-BR,B-ZB-BO,S-ZE-BO,B-ZB-BO,B-ZB-BO,S-ZO-UN,B-ZE-BR,B-ZF-BR,S-ZF-UN,B-ZF-UN,B-ZB-UN,B-ZE-UN,B-ZG-UN,S-ZB-BO,S-ZF-BR,B-ZO-BR,S-ZO-BR,B-ZE-UN,S-ZB-BO
223,2001.03.30 00:00,USDCAD,60,86400,BUY,ZF,0,1.57360,1.56210,1150.0,1.57530,1.56320,1210.0,105.217,9.57,1040.0,271.4,1.57360,1.56320,1.58570,UNTOUCHED,,0,,0,,0,,0,NA,Other,NA,,NA,,1.55170,BREAK,2001.04.19 15:00,0,,0,,0,,0,NA,NewYork,BOUNCE,2001.04.25 20:00,NA,,1.58400,UNTOUCHED,,0,,0,,0,,0,NA,Other,NA,,NA,,1.55280,BREAK,2001.04.19 15:00,0,,0,,0,,0,NA,NewYork,BREAK,2001.04.25 15:00,BREAK,2001.05.02 12:00,B-ZE-BO,B-ZF-BO,S-ZD-BR,B-ZB-BO,S-ZE-BO,B-ZB-BO,B-ZB-BO,S-ZO-UN,B-ZE-BR,B-ZF-BR,B-ZB-UN,B-ZE-UN,B-ZG-UN,S-ZB-BO,S-ZF-BR,B-ZO-BR,S-ZO-BR,B-ZE-UN,S-ZB-BO,S-ZB-BR
224,2001.03.31 00:00,USDCAD,60,86400,BUY,ZB,1,1.57530,1.56320,1210.0,1.57950,1.57000,950.0,78.512,56.20,530.0,285.6,1.57530,1.57000,1.58480,UNTOUCHED,,0,,0,,0,,0,NA,Other,NA,,NA,,1.55790,BREAK,2001.04.10 15:00,0,,0,,0,,0,NA,NewYork,BREAK,2001.04.19 16:00,BREAK,2001.04.20 13:00,1.58060,BOUNCE,2001.04.02 23:00,1,2001.04.06 18:00,1,2001.04.10 15:00,0,,2,1w 0d,Other,NA,,NA,,1.56470,BREAK,2001.04.06 18:00,0,,0,,0,,0,NA,NewYork,BREAK,2001.04.10 15:00,BOUNCE,2001.04.11 15:00,B-ZF-UN,B-ZE-BO,B-ZF-BO,S-ZD-BR,B-ZB-BO,S-ZE-BO,B-ZB-BO,B-ZB-BO,S-ZO-UN,B-ZE-BR,B-ZE-UN,B-ZG-UN,S-ZB-BO,S-ZF-BR,B-ZO-BR,S-ZO-BR,B-ZE-UN,S-ZB-BO,S-ZB-BR,B-ZO-UN
225,2001.04.04 00:00,USDCAD,60,86400,BUY,ZE,1,1.58150,1.57180,970.0,1.58270,1.57700,570.0,58.763,53.61,450.0,228.9,1.58150,1.57700,1.58720,UNTOUCHED,,0,,0,,0,,0,NA,Other,NA,,NA,,1.56730,BOUNCE,2001.04.04 17:00,1,2001.04.05 11:00,0,,0,,1,18h,NewYork,NA,,NA,,1.58600,UNTOUCHED,,0,,0,,0,,0,NA,Other,NA,,NA,,1.57250,BREAK,2001.04.04 15:00,0,,0,,0,,0,NA,NewYork,BOUNCE,2001.04.04 22:00,NA,,B-ZB-UN,B-ZF-UN,B-ZE-BO,B-ZF-BO,S-ZD-BR,B-ZB-BO,S-ZE-BO,B-ZB-BO,B-ZB-BO,S-ZO-UN,B-ZG-UN,S-ZB-BO,S-ZF-BR,B-ZO-BR,S-ZO-BR,B-ZE-UN,S-ZB-BO,S-ZB-BR,B-ZO-UN,S-ZO-BR
226,2001.04.06 00:00,USDCAD,60,86400,BUY,ZG,0,1.57830,1.56640,1190.0,1.58070,1.57080,990.0,83.193,36.97,750.0,280.8,1.57830,1.57080,1.58820,UNTOUCHED,,0,,0,,0,,0,NA,Other,NA,,NA,,1.55890,BREAK,2001.04.10 14:00,0,,0,,0,,0,NA,NewYork,BREAK,2001.04.19 17:00,BOUNCE,2001.04.24 17:00,1.58580,UNTOUCHED,,0,,0,,0,,0,NA,Other,NA,,NA,,1.56330,BREAK,2001.04.06 18:00,0,,0,,0,,0,NA,NewYork,BOUNCE,2001.04.11 20:00,NA,,B-ZE-UN,B-ZB-UN,B-ZF-UN,B-ZE-BO,B-ZF-BO,S-ZD-BR,B-ZB-BO,S-ZE-BO,B-ZB-BO,B-ZB-BO,S-ZB-BO,S-ZF-BR,B-ZO-BR,S-ZO-BR,B-ZE-UN,S-ZB-BO,S-ZB-BR,B-ZO-UN,S-ZO-BR,S-ZO-BR
227,2001.04.07 00:00,USDCAD,60,86400,SELL,ZB,1,1.58070,1.57080,990.0,1.57550,1.56050,1500.0,151.515,52.53,470.0,233.6,1.57550,1.57080,1.55580,BOUNCE,2001.04.10 17:00,1,2001.04.18 04:00,0,,0,,1,1w 0d,NewYork,NA,,NA,,1.58540,UNTOUCHED,,0,,0,,0,,0,NA,Other,NA,,NA,,1.56610,BREAK,2001.04.07 00:00,0,,0,,0,,0,NA,Asia,BREAK,2001.04.10 14:00,BREAK,2001.04.10 18:00,1.58020,UNTOUCHED,,0,,0,,0,,0,NA,Other,NA,,NA,,B-ZG-UN,B-ZE-UN,B-ZB-UN,B-ZF-UN,B-ZE-BO,B-ZF-BO,S-ZD-BR,B-ZB-BO,S-ZE-BO,B-ZB-BO,S-ZF-BR,B-ZO-BR,S-ZO-BR,B-ZE-UN,S-ZB-BO,S-ZB-BR,B-ZO-UN,S-ZO-BR,S-ZO-BR,S-ZD-BO
228,2001.04.11 00:00,USDCAD,60,86400,SELL,ZF,1,1.56600,1.56170,430.0,1.56490,1.55370,1120.0,260.465,25.58,320.0,101.5,1.56490,1.56170,1.55050,BREAK,2001.04.19 16:00,0,,0,,0,,0,NA,NewYork,BOUNCE,2001.04.19 17:00,NA,,1.56920,BREAK,2001.04.18 13:00,0,,0,,0,,0,NA,NewYork,BREAK,2001.04.18 16:00,UNTOUCHED,,1.55850,BREAK,2001.04.11 00:00,0,,0,,0,,0,NA,Asia,BOUNCE,2001.04.11 15:00,NA,,1.56810,BREAK,2001.04.18 12:00,0,,0,,0,,0,NA,London,BREAK,2001.04.18 15:00,UNTOUCHED,,S-ZB-BO,B-ZG-UN,B-ZE-UN,B-ZB-UN,B-ZF-UN,B-ZE-BO,B-ZF-BO,S-ZD-BR,B-ZB-BO,S-ZE-BO,B-ZO-BR,S-ZO-BR,B-ZE-UN,S-ZB-BO,S-ZB-BR,B-ZO-UN,S-ZO-BR,S-ZO-BR,S-ZD-BO,S-ZE-BR
229,2001.04.13 00:00,USDCAD,60,86400,BUY,ZO,0,1.56350,1.55480,870.0,1.56370,1.55580,790.0,90.805,11.49,770.0,205.3,1.56350,1.55580,1.57140,BREAK,2001.04.18 15:00,0,,0,,0,,0,NA,NewYork,UNTOUCHED,,NA,,1.54710,BREAK,2001.04.19 17:00,0,,0,,0,,0,NA,NewYork,BOUNCE,2001.04.25 18:00,NA,,1.57120,BREAK,2001.04.18 15:00,0,,0,,0,,0,NA,NewYork,UNTOUCHED,,NA,,1.54810,BREAK,2001.04.19 17:00,0,,0,,0,,0,NA,NewYork,BOUNCE,2001.04.25 19:00,NA,,S-ZF-BR,S-ZB-BO,B-ZG-UN,B-ZE-UN,B-ZB-UN,B-ZF-UN,B-ZE-BO,B-ZF-BO,S-ZD-BR,B-ZB-BO,S-ZO-BR,B-ZE-UN,S-ZB-BO,S-ZB-BR,B-ZO-UN,S-ZO-BR,S-ZO-BR,S-ZD-BO,S-ZE-BR,B-ZO-BR
230,2001.04.18 00:00,USDCAD,60,86400,SELL,ZO,1,1.56500,1.56000,500.0,1.56470,1.55460,1010.0,202.000,6.00,470.0,118.0,1.56470,1.56000,1.54990,BREAK,2001.04.19 16:00,0,,0,,0,,0,NA,NewYork,BREAK,2001.04.20 13:00,BREAK,2001.04.25 15:00,1.56970,BREAK,2001.04.18 14:00,0,,0,,0,,0,NA,NewYork,UNTOUCHED,,NA,,1.55530,BREAK,2001.04.19 14:00,0,,0,,0,,0,NA,NewYork,BREAK,2001.04.19 16:00,BOUNCE,2001.04.19 20:00,1.56940,BREAK,2001.04.18 13:00,0,,0,,0,,0,NA,NewYork,BOUNCE,2001.04.18 17:00,NA,,B-ZO-BR,S-ZF-BR,S-ZB-BO,B-ZG-UN,B-ZE-UN,B-ZB-UN,B-ZF-UN,B-ZE-BO,B-ZF-BO,S-ZD-BR,B-ZE-UN,S-ZB-BO,S-ZB-BR,B-ZO-UN,S-ZO-BR,S-ZO-BR,S-ZD-BO,S-ZE-BR,B-ZO-BR,B-ZC-BO
231,2001.04.19 00:00,USDCAD,60,86400,BUY,ZE,1,1.56470,1.55460,1010.0,1.57430,1.56120,1310.0,129.703,65.35,350.0,238.4,1.56470,1.56120,1.57780,UNTOUCHED,,0,,0,,0,,0,NA,Other,NA,,NA,,1.55110,BOUNCE,2001.04.19 15:00,0,,0,,0,,0,NA,NewYork,NA,,NA,,1.56820,UNTOUCHED,,0,,0,,0,,0,NA,Other,NA,,NA,,1.55770,BOUNCE,2001.04.19 13:00,0,,0,,0,,0,NA,NewYork,NA,,NA,,S-ZO-BR,B-ZO-BR,S-ZF-BR,S-ZB-BO,B-ZG-UN,B-ZE-UN,B-ZB-UN,B-ZF-UN,B-ZE-BO,B-ZF-BO,S-ZB-BO,S-ZB-BR,B-ZO-UN,S-ZO-BR,S-ZO-BR,S-ZD-BO,S-ZE-BR,B-ZO-BR,B-ZC-BO,S-ZF-BO
232,2001.04.20 00:00,USDCAD,60,86400,SELL,ZB,1,1.57430,1.56120,1310.0,1.56610,1.54570,2040.0,155.725,62.60,490.0,309.2,1.56610,1.56120,1.54080,BOUNCE,2001.04.25 14:00,1,2001.04.25 19:00,0,,0,,1,5h,NewYork,NA,,NA,,1.57920,UNTOUCHED,,0,,0,,0,,0,NA,Other,NA,,NA,,1.55630,BREAK,2001.04.20 00:00,0,,0,,0,,0,NA,Asia,BREAK,2001.04.20 07:00,BREAK,2001.04.20 13:00,1.57100,UNTOUCHED,,0,,0,,0,,0,NA,Other,NA,,NA,,B-ZE-UN,S-ZO-BR,B-ZO-BR,S-ZF-BR,S-ZB-BO,B-ZG-UN,B-ZE-UN,B-ZB-UN,B-ZF-UN,B-ZE-BO,S-ZB-BR,B-ZO-UN,S-ZO-BR,S-ZO-BR,S-ZD-BO,S-ZE-BR,B-ZO-BR,B-ZC-BO,S-ZF-BO,S-ZO-BO
233,2001.04.21 00:00,USDCAD,60,86400,SELL,ZB,1,1.56610,1.54570,2040.0,1.55080,1.54190,890.0,43.627,75.00,510.0,481.4,1.55080,1.54570,1.53680,BREAK,2001.04.30 17:00,0,,0,,0,,0,NA,NewYork,BOUNCE,2001.05.07 16:00,NA,,1.57120,UNTOUCHED,,0,,0,,0,,0,NA,Other,NA,,NA,,1.54060,BOUNCE,2001.04.25 14:00,1,2001.05.15 13:00,0,,0,,1,2w 5d,NewYork,NA,,NA,,1.55590,BOUNCE,2001.05.15 13:00,1,2001.05.16 17:00,1,2001.05.16 17:00,0,,2,1d 4h,NewYork,NA,,NA,,S-ZB-BO,B-ZE-UN,S-ZO-BR,B-ZO-BR,S-ZF-BR,S-ZB-BO,B-ZG-UN,B-ZE-UN,B-ZB-UN,B-ZF-UN,B-ZO-UN,S-ZO-BR,S-ZO-BR,S-ZD-BO,S-ZE-BR,B-ZO-BR,B-ZC-BO,S-ZF-BO,S-ZO-BO,B-ZF-UN
234,2001.04.25 00:00,USDCAD,60,86400,BUY,ZO,0,1.55060,1.54210,850.0,1.55250,1.54500,750.0,88.235,34.12,560.0,200.6,1.55060,1.54500,1.55810,UNTOUCHED,,0,,0,,0,,0,NA,Other,NA,,NA,,1.53650,BREAK,2001.04.30 17:00,0,,0,,0,,0,NA,NewYork,BREAK,2001.05.02 12:00,BREAK,2001.06.06 23:00,1.55620,BOUNCE,2001.05.15 13:00,1,2001.05.16 18:00,1,2001.05.17 13:00,0,,2,2d 0h,NewYork,NA,,NA,,1.53940,BOUNCE,2001.04.25 15:00,1,2001.05.15 13:00,1,2001.05.15 13:00,0,,2,2w 5d,NewYork,NA,,NA,,S-ZB-BR,S-ZB-BO,B-ZE-UN,S-ZO-BR,B-ZO-BR,S-ZF-BR,S-ZB-BO,B-ZG-UN,B-ZE-UN,B-ZB-UN,S-ZO-BR,S-ZO-BR,S-ZD-BO,S-ZE-BR,B-ZO-BR,B-ZC-BO,S-ZF-BO,S-ZO-BO,B-ZF-UN,S-ZD-BO
235,2001.04.26 00:00,USDCAD,60,86400,SELL,ZO,1,1.55250,1.54500,750.0,1.55220,1.53920,1300.0,173.333,4.00,720.0,177.0,1.55220,1.54500,1.53200,BREAK,2001.05.01 23:00,0,,0,,0,,0,NA,Other,BREAK,2001.06.06 23:00,BREAK,2001.06.11 18:00,1.55970,UNTOUCHED,,0,,0,,0,,0,NA,Other,NA,,NA,,1.53780,BREAK,2001.04.30 16:00,0,,0,,0,,0,NA,NewYork,BREAK,2001.05.02 12:00,BREAK,2001.06.07 11:00,1.55940,UNTOUCHED,,0,,0,,0,,0,NA,Other,NA,,NA,,B-ZO-UN,S-ZB-BR,S-ZB-BO,B-ZE-UN,S-ZO-BR,B-ZO-BR,S-ZF-BR,S-ZB-BO,B-ZG-UN,B-ZE-UN,S-ZO-BR,S-ZD-BO,S-ZE-BR,B-ZO-BR,B-ZC-BO,S-ZF-BO,S-ZO-BO,B-ZF-UN,S-ZD-BO,S-ZB-BO
236,2001.04.28 00:00,USDCAD,60,86400,SELL,ZO,0,1.55010,1.54160,850.0,1.54700,1.53920,780.0,91.765,36.47,540.0,200.6,1.54700,1.54160,1.53380,BREAK,2001.05.01 13:00,0,,0,,0,,0,NA,NewYork,BOUNCE,2001.05.04 18:00,NA,,1.55550,BOUNCE,2001.05.15 13:00,1,2001.05.16 10:00,1,2001.05.17 13:00,1,2001.05.17 16:00,3,2d 3h,NewYork,NA,,NA,,1.53620,BREAK,2001.04.30 17:00,0,,0,,0,,0,NA,NewYork,BREAK,2001.05.02 12:00,BREAK,2001.06.06 18:00,1.55240,BREAK,2001.05.14 13:00,0,,0,,0,,0,NA,NewYork,UNTOUCHED,,NA,,S-ZO-BR,B-ZO-UN,S-ZB-BR,S-ZB-BO,B-ZE-UN,S-ZO-BR,B-ZO-BR,S-ZF-BR,S-ZB-BO,B-ZG-UN,S-ZD-BO,S-ZE-BR,B-ZO-BR,B-ZC-BO,S-ZF-BO,S-ZO-BO,B-ZF-UN,S-ZD-BO,S-ZB-BO,S-ZF-BR
237,2001.05.02 00:00,USDCAD,60,86400,SELL,ZD,1,1.54430,1.53450,980.0,1.53750,1.53070,680.0,69.388,69.39,300.0,231.3,1.53750,1.53450,1.52770,BOUNCE,2001.05.04 15:00,1,2001.05.04 18:00,1,2001.05.07 18:00,1,2001.05.11 16:00,3,1w 0d,NewYork,NA,,NA,,1.54730,BREAK,2001.05.11 16:00,0,,0,,0,,0,NA,NewYork,BREAK,2001.05.14 13:00,BREAK,2001.05.15 13:00,1.53150,BREAK,2001.05.02 00:00,0,,0,,0,,0,NA,Asia,BOUNCE,2001.05.04 15:00,NA,,1.54050,BREAK,2001.05.07 18:00,0,,0,,0,,0,NA,NewYork,BREAK,2001.05.08 19:00,BOUNCE,2001.05.08 22:00,S-ZO-BR,S-ZO-BR,B-ZO-UN,S-ZB-BR,S-ZB-BO,B-ZE-UN,S-ZO-BR,B-ZO-BR,S-ZF-BR,S-ZB-BO,S-ZE-BR,B-ZO-BR,B-ZC-BO,S-ZF-BO,S-ZO-BO,B-ZF-UN,S-ZD-BO,S-ZB-BO,S-ZF-BR,B-ZD-BR
238,2001.05.03 00:00,USDCAD,60,86400,SELL,ZE,1,1.53750,1.53070,680.0,1.53360,1.52850,510.0,75.000,57.35,290.0,160.5,1.53360,1.53070,1.52560,BREAK,2001.06.06 17:00,0,,0,,0,,0,NA,NewYork,BREAK,2001.06.07 14:00,BOUNCE,2001.06.07 20:00,1.54040,BREAK,2001.05.07 18:00,0,,0,,0,,0,NA,NewYork,BREAK,2001.05.08 18:00,BOUNCE,2001.05.08 23:00,1.52780,BOUNCE,2001.05.04 15:00,1,2001.05.07 16:00,1,2001.05.07 18:00,0,,2,3d 3h,NewYork,NA,,NA,,1.53650,BREAK,2001.05.07 16:00,0,,0,,0,,0,NA,NewYork,BREAK,2001.05.07 19:00,BREAK,2001.05.08 17:00,S-ZD-BO,S-ZO-BR,S-ZO-BR,B-ZO-UN,S-ZB-BR,S-ZB-BO,B-ZE-UN,S-ZO-BR,B-ZO-BR,S-ZF-BR,B-ZO-BR,B-ZC-BO,S-ZF-BO,S-ZO-BO,B-ZF-UN,S-ZD-BO,S-ZB-BO,S-ZF-BR,B-ZD-BR,B-ZB-UN
239,2001.05.04 00:00,USDCAD,60,86400,BUY,ZO,0,1.53360,1.52850,510.0,1.53540,1.52940,600.0,117.647,17.65,420.0,120.4,1.53360,1.52940,1.53960,BREAK,2001.05.07 18:00,0,,0,,0,,0,NA,NewYork,BREAK,2001.05.08 18:00,BREAK,2001.05.11 17:00,1.52430,BREAK,2001.06.06 18:00,0,,0,,0,,0,NA,NewYork,BOUNCE,2001.06.07 20:00,NA,,1.53780,BREAK,2001.05.07 17:00,0,,0,,0,,0,NA,NewYork,BREAK,2001.05.08 10:00,BOUNCE,2001.05.08 23:00,1.52520,BREAK,2001.06.06 18:00,0,,0,,0,,0,NA,NewYork,BREAK,2001.06.07 15:00,BREAK,2001.06.11 19:00,S-ZE-BR,S-ZD-BO,S-ZO-BR,S-ZO-BR,B-ZO-UN,S-ZB-BR,S-ZB-BO,B-ZE-UN,S-ZO-BR,B-ZO-BR,B-ZC-BO,S-ZF-BO,S-ZO-BO,B-ZF-UN,S-ZD-BO,S-ZB-BO,S-ZF-BR,B-ZD-BR,B-ZB-UN,S-ZD-BR
240,2001.05.09 00:00,USDCAD,60,86400,BUY,ZC,1,1.54260,1.53220,1040.0,1.54730,1.54000,730.0,70.192,75.00,260.0,245.4,1.54260,1.54000,1.54990,BOUNCE,2001.05.11 18:00,1,2001.05.16 10:00,1,2001.05.16 22:00,1,2001.06.01 16:00,3,2w 6d,NewYork,NA,,NA,,1.52960,BOUNCE,2001.06.01 16:00,1,2001.06.01 19:00,0,,0,,1,3h,NewYork,NA,,NA,,1.54520,BOUNCE,2001.05.09 04:00,1,2001.05.09 16:00,1,2001.06.01 16:00,0,,2,3w 2d,Asia,NA,,NA,,1.53740,BOUNCE,2001.05.09 16:00,1,2001.05.11 15:00,1,2001.05.11 15:00,0,,2,1d 23h,NewYork,NA,,NA,,B-ZO-BR,S-ZE-BR,S-ZD-BO,S-ZO-BR,S-ZO-BR,B-ZO-UN,S-ZB-BR,S-ZB-BO,B-ZE-UN,S-ZO-BR,S-ZF-BO,S-ZO-BO,B-ZF-UN,S-ZD-BO,S-ZB-BO,S-ZF-BR,B-ZD-BR,B-ZB-UN,S-ZD-BR,S-ZO-BR
241,2001.05.10 00:00,USDCAD,60,86400,SELL,ZF,0,1.54730,1.54000,730.0,1.54540,1.53740,800.0,109.589,26.03,540.0,172.3,1.54540,1.54000,1.53200,BOUNCE,2001.05.18 20:00,1,2001.05.22 16:00,1,2001.05.23 20:00,1,2001.05.23 20:00,3,5d 0h,NewYork,NA,,NA,,1.55270,BREAK,2001.05.14 13:00,0,,0,,0,,0,NA,NewYork,UNTOUCHED,,NA,,1.53460,BREAK,2001.05.17 14:00,0,,0,,0,,0,NA,NewYork,BOUNCE,2001.06.01 19:00,NA,,1.55080,BREAK,2001.05.11 18:00,0,,0,,0,,0,NA,NewYork,BOUNCE,2001.05.15 16:00,NA,,B-ZC-BO,B-ZO-BR,S-ZE-BR,S-ZD-BO,S-ZO-BR,S-ZO-BR,B-ZO-UN,S-ZB-BR,S-ZB-BO,B-ZE-UN,S-ZO-BO,B-ZF-UN,S-ZD-BO,S-ZB-BO,S-ZF-BR,B-ZD-BR,B-ZB-UN,S-ZD-BR,S-ZO-BR,B-ZO-UN
242,2001.05.11 00:00,USDCAD,60,86400,SELL,ZO,0,1.54540,1.53740,800.0,1.54400,1.53650,750.0,93.750,17.50,660.0,188.8,1.54400,1.53740,1.52990,BOUNCE,2001.06.01 15:00,0,,0,,0,,0,NA,NewYork,NA,,NA,,1.55200,BREAK,2001.05.11 22:00,0,,0,,0,,0,NA,Other,UNTOUCHED,,NA,,1.53080,BOUNCE,2001.06.01 15:00,0,,0,,0,,0,NA,NewYork,NA,,NA,,1.55060,BREAK,2001.05.11 18:00,0,,0,,0,,0,NA,NewYork,UNTOUCHED,,NA,,S-ZF-BO,B-ZC-BO,B-ZO-BR,S-ZE-BR,S-ZD-BO,S-ZO-BR,S-ZO-BR,B-ZO-UN,S-ZB-BR,S-ZB-BO,B-ZF-UN,S-ZD-BO,S-ZB-BO,S-ZF-BR,B-ZD-BR,B-ZB-UN,S-ZD-BR,S-ZO-BR,B-ZO-UN,S-ZB-BO
243,2001.05.12 00:00,USDCAD,60,86400,BUY,ZF,1,1.54400,1.53650,750.0,1.55230,1.53790,1440.0,192.000,18.67,610.0,177.0,1.54400,1.53790,1.55840,UNTOUCHED,,0,,0,,0,,0,NA,Other,NA,,NA,,1.53040,BOUNCE,2001.06.01 15:00,0,,0,,0,,0,NA,NewYork,NA,,NA,,1.55010,BREAK,2001.05.12 00:00,0,,0,,0,,0,NA,Asia,BOUNCE,2001.05.15 16:00,NA,,1.53180,BOUNCE,2001.05.18 20:00,1,2001.05.23 20:00,1,2001.05.23 20:00,0,,2,5d 0h,NewYork,NA,,NA,,S-ZO-BO,S-ZF-BO,B-ZC-BO,B-ZO-BR,S-ZE-BR,S-ZD-BO,S-ZO-BR,S-ZO-BR,B-ZO-UN,S-ZB-BR,S-ZD-BO,S-ZB-BO,S-ZF-BR,B-ZD-BR,B-ZB-UN,S-ZD-BR,S-ZO-BR,B-ZO-UN,S-ZB-BO,S-ZG-BR
244,2001.05.17 00:00,USDCAD,60,86400,SELL,ZD,1,1.55630,1.54520,1110.0,1.54800,1.53680,1120.0,100.901,74.77,280.0,262.0,1.54800,1.54520,1.53400,BOUNCE,2001.05.17 16:00,1,2001.05.22 13:00,1,2001.05.23 20:00,0,,2,6d 4h,NewYork,NA,,NA,,1.55910,UNTOUCHED,,0,,0,,0,,0,NA,Other,NA,,NA,,1.54240,BREAK,2001.05.17 00:00,0,,0,,0,,0,NA,Asia,BREAK,2001.05.17 13:00,BREAK,2001.05.17 14:00,1.55080,BOUNCE,2001.05.23 20:00,1,2001.05.25 14:00,1,2001.05.25 14:00,0,,2,1d 18h,NewYork,NA,,NA,,B-ZF-UN,S-ZO-BO,S-ZF-BO,B-ZC-BO,B-ZO-BR,S-ZE-BR,S-ZD-BO,S-ZO-BR,S-ZO-BR,B-ZO-UN,S-ZB-BO,S-ZF-BR,B-ZD-BR,B-ZB-UN,S-ZD-BR,S-ZO-BR,B-ZO-UN,S-ZB-BO,S-ZG-BR,B-ZB-BO
245,2001.05.18 00:00,USDCAD,60,86400,SELL,ZB,1,1.54800,1.53680,1120.0,1.53990,1.53340,650.0,58.036,72.32,310.0,264.3,1.53990,1.53680,1.53030,BOUNCE,2001.06.01 15:00,1,2001.06.01 19:00,0,,0,,1,4h,NewYork,NA,,NA,,1.55110,BOUNCE,2001.05.23 20:00,1,2001.05.25 03:00,1,2001.06.01 11:00,1,2001.06.01 15:00,3,1w 1d,NewYork,NA,,NA,,1.53370,BOUNCE,2001.05.18 15:00,1,2001.05.22 16:00,1,2001.05.23 20:00,0,,2,5d 5h,NewYork,NA,,NA,,1.54300,BOUNCE,2001.05.22 16:00,1,2001.06.01 11:00,1,2001.06.01 11:00,0,,2,1w 2d,NewYork,NA,,NA,,S-ZD-BO,B-ZF-UN,S-ZO-BO,S-ZF-BO,B-ZC-BO,B-ZO-BR,S-ZE-BR,S-ZD-BO,S-ZO-BR,S-ZO-BR,S-ZF-BR,B-ZD-BR,B-ZB-UN,S-ZD-BR,S-ZO-BR,B-ZO-UN,S-ZB-BO,S-ZG-BR,B-ZB-BO,S-ZF-BO
246,2001.05.19 00:00,USDCAD,60,86400,SELL,ZF,0,1.53990,1.53340,650.0,1.53900,1.53140,760.0,116.923,13.85,560.0,153.4,1.53900,1.53340,1.52580,BREAK,2001.06.06 16:00,0,,0,,0,,0,NA,NewYork,BREAK,2001.06.08 12:00,BOUNCE,2001.06.14 18:00,1.54550,BREAK,2001.05.23 10:00,0,,0,,0,,0,NA,London,BREAK,2001.05.23 20:00,UNTOUCHED,,1.52780,BREAK,2001.06.06 15:00,0,,0,,0,,0,NA,NewYork,BREAK,2001.06.07 15:00,BOUNCE,2001.06.12 11:00,1.54460,BREAK,2001.05.23 09:00,0,,0,,0,,0,NA,London,BREAK,2001.05.23 20:00,UNTOUCHED,,S-ZB-BO,S-ZD-BO,B-ZF-UN,S-ZO-BO,S-ZF-BO,B-ZC-BO,B-ZO-BR,S-ZE-BR,S-ZD-BO,S-ZO-BR,B-ZD-BR,B-ZB-UN,S-ZD-BR,S-ZO-BR,B-ZO-UN,S-ZB-BO,S-ZG-BR,B-ZB-BO,S-ZF-BO,S-ZO-UN
247,2001.05.23 00:00,USDCAD,60,86400,BUY,ZD,1,1.53790,1.53120,670.0,1.54390,1.53520,870.0,129.851,59.70,270.0,158.1,1.53790,1.53520,1.54660,BREAK,2001.05.23 15:00,0,,0,,0,,0,NA,NewYork,BREAK,2001.05.23 20:00,BREAK,2001.05.23 21:00,1.52850,BOUNCE,2001.06.05 23:00,1,2001.06.18 19:00,0,,0,,1,1w 5d,Other,NA,,NA,,1.54060,BREAK,2001.05.23 00:00,0,,0,,0,,0,NA,Asia,BREAK,2001.05.23 10:00,BREAK,2001.05.23 15:00,1.53250,BOUNCE,2001.06.01 12:00,0,,0,,0,,0,NA,London,NA,,NA,,S-ZF-BR,S-ZB-BO,S-ZD-BO,B-ZF-UN,S-ZO-BO,S-ZF-BO,B-ZC-BO,B-ZO-BR,S-ZE-BR,S-ZD-BO,B-ZB-UN,S-ZD-BR,S-ZO-BR,B-ZO-UN,S-ZB-BO,S-ZG-BR,B-ZB-BO,S-ZF-BO,S-ZO-UN,B-ZB-BR
248,2001.05.24 00:00,USDCAD,60,86400,BUY,ZB,1,1.54390,1.53520,870.0,1.55390,1.53990,1400.0,160.920,54.02,400.0,205.3,1.54390,1.53990,1.55790,UNTOUCHED,,0,,0,,0,,0,NA,Other,NA,,NA,,1.53120,BOUNCE,2001.06.01 15:00,0,,0,,0,,0,NA,NewYork,NA,,NA,,1.54790,BREAK,2001.05.24 00:00,0,,0,,0,,0,NA,Asia,BOUNCE,2001.05.24 16:00,NA,,1.53590,BOUNCE,2001.05.29 19:00,1,2001.05.31 08:00,1,2001.05.31 08:00,0,,2,1d 13h,NewYork,NA,,NA,,B-ZD-BR,S-ZF-BR,S-ZB-BO,S-ZD-BO,B-ZF-UN,S-ZO-BO,S-ZF-BO,B-ZC-BO,B-ZO-BR,S-ZE-BR,S-ZD-BR,S-ZO-BR,B-ZO-UN,S-ZB-BO,S-ZG-BR,B-ZB-BO,S-ZF-BO,S-ZO-UN,B-ZB-BR,B-ZE-BO
249,2001.05.26 00:00,USDCAD,60,86400,SELL,ZD,1,1.55300,1.54540,760.0,1.54970,1.54070,900.0,118.421,43.42,430.0,179.4,1.54970,1.54540,1.53640,BREAK,2001.05.29 19:00,0,,0,,0,,0,NA,NewYork,BOUNCE,2001.06.01 12:00,NA,,1.55730,UNTOUCHED,,0,,0,,0,,0,NA,Other,NA,,NA,,1.54110,BREAK,2001.05.29 13:00,0,,0,,0,,0,NA,NewYork,BOUNCE,2001.05.29 17:00,NA,,1.55400,UNTOUCHED,,0,,0,,0,,0,NA,Other,NA,,NA,,B-ZB-UN,B-ZD-BR,S-ZF-BR,S-ZB-BO,S-ZD-BO,B-ZF-UN,S-ZO-BO,S-ZF-BO,B-ZC-BO,B-ZO-BR,S-ZO-BR,B-ZO-UN,S-ZB-BO,S-ZG-BR,B-ZB-BO,S-ZF-BO,S-ZO-UN,B-ZB-BR,B-ZE-BO,S-ZB-BR
250,2001.05.31 00:00,USDCAD,60,86400,SELL,ZO,0,1.54920,1.53560,1360.0,1.54690,1.53400,1290.0,94.853,16.91,1130.0,321.0,1.54690,1.53560,1.52270,BREAK,2001.06.07 10:00,0,,0,,0,,0,NA,London,BOUNCE,2001.06.28 15:00,NA,,1.56050,UNTOUCHED,,0,,0,,0,,0,NA,Other,NA,,NA,,1.52430,BREAK,2001.06.06 18:00,0,,0,,0,,0,NA,NewYork,BOUNCE,2001.06.28 15:00,NA,,1.55820,UNTOUCHED,,0,,0,,0,,0,NA,Other,NA,,NA,,S-ZD-BR,B-ZB-UN,B-ZD-BR,S-ZF-BR,S-ZB-BO,S-ZD-BO,B-ZF-UN,S-ZO-BO,S-ZF-BO,B-ZC-BO,B-ZO-UN,S-ZB-BO,S-ZG-BR,B-ZB-BO,S-ZF-BO,S-ZO-UN,B-ZB-BR,B-ZE-BO,S-ZB-BR,S-ZF-BR
251,2001.06.01 00:00,USDCAD,60,86400,BUY,ZO,0,1.54690,1.53400,1290.0,1.55130,1.53620,1510.0,117.054,17.05,1070.0,304.4,1.54690,1.53620,1.56200,UNTOUCHED,,0,,0,,0,,0,NA,Other,NA,,NA,,1.52330,BREAK,2001.06.06 18:00,0,,0,,0,,0,NA,NewYork,BOUNCE,2001.06.28 15:00,NA,,1.55760,UNTOUCHED,,0,,0,,0,,0,NA,Other,NA,,NA,,1.52550,BREAK,2001.06.06 17:00,0,,0,,0,,0,NA,NewYork,BOUNCE,2001.06.15 14:00,NA,,S-ZO-BR,S-ZD-BR,B-ZB-UN,B-ZD-BR,S-ZF-BR,S-ZB-BO,S-ZD-BO,B-ZF-UN,S-ZO-BO,S-ZF-BO,S-ZB-BO,S-ZG-BR,B-ZB-BO,S-ZF-BO,S-ZO-UN,B-ZB-BR,B-ZE-BO,S-ZB-BR,S-ZF-BR,S-ZO-UN
252,2001.06.07 00:00,USDCAD,60,86400,SELL,ZB,1,1.53880,1.52840,1040.0,1.53210,1.52300,910.0,87.500,64.42,370.0,245.4,1.53210,1.52840,1.51930,BOUNCE,2001.06.07 16:00,1,2001.06.12 19:00,1,2001.06.19 22:00,1,2001.07.16 16:00,3,5w 4d,NewYork,NA,,NA,,1.54250,BOUNCE,2001.07.16 16:00,1,2001.07.17 05:00,0,,0,,1,13h,NewYork,NA,,NA,,1.52470,BREAK,2001.06.07 00:00,0,,0,,0,,0,NA,Asia,BREAK,2001.06.08 12:00,BOUNCE,2001.06.12 04:00,1.53580,BOUNCE,2001.06.19 22:00,1,2001.06.21 21:00,1,2001.06.21 21:00,0,,2,1d 23h,Other,NA,,NA,,B-ZO-UN,S-ZO-BR,S-ZD-BR,B-ZB-UN,B-ZD-BR,S-ZF-BR,S-ZB-BO,S-ZD-BO,B-ZF-UN,S-ZO-BO,S-ZG-BR,B-ZB-BO,S-ZF-BO,S-ZO-UN,B-ZB-BR,B-ZE-BO,S-ZB-BR,S-ZF-BR,S-ZO-UN,B-ZF-BR
253,2001.06.09 00:00,USDCAD,60,86400,SELL,ZG,0,1.52490,1.51910,580.0,1.52300,1.51780,520.0,89.655,32.76,390.0,136.9,1.52300,1.51910,1.51390,BREAK,2001.06.26 18:00,0,,0,,0,,0,NA,NewYork,BOUNCE,2001.06.27 16:00,NA,,1.52880,BOUNCE,2001.06.15 14:00,1,2001.06.15 15:00,1,2001.06.25 19:00,1,2001.06.26 18:00,3,1w 4d,NewYork,NA,,NA,,1.51520,BOUNCE,2001.06.11 19:00,1,2001.06.12 19:00,1,2001.06.15 14:00,0,,2,3d 19h,NewYork,NA,,NA,,1.52690,BOUNCE,2001.06.12 19:00,1,2001.06.14 17:00,1,2001.06.14 17:00,0,,2,1d 22h,NewYork,NA,,NA,,S-ZB-BO,B-ZO-UN,S-ZO-BR,S-ZD-BR,B-ZB-UN,B-ZD-BR,S-ZF-BR,S-ZB-BO,S-ZD-BO,B-ZF-UN,B-ZB-BO,S-ZF-BO,S-ZO-UN,B-ZB-BR,B-ZE-BO,S-ZB-BR,S-ZF-BR,S-ZO-UN,B-ZF-BR,S-ZG-UN
254,2001.06.13 00:00,USDCAD,60,86400,BUY,ZB,1,1.52090,1.51510,580.0,1.52730,1.51760,970.0,167.241,43.10,330.0,136.9,1.52090,1.51760,1.53060,BOUNCE,2001.06.18 17:00,1,2001.06.21 21:00,1,2001.06.26 18:00,1,2001.06.27 10:00,3,1w 1d,NewYork,NA,,NA,,1.51180,BREAK,2001.06.27 10:00,0,,0,,0,,0,NA,London,BOUNCE,2001.07.03 15:00,NA,,1.52420,BREAK,2001.06.13 00:00,0,,0,,0,,0,NA,Asia,BREAK,2001.06.15 14:00,BOUNCE,2001.06.18 17:00,1.51430,BOUNCE,2001.06.14 17:00,1,2001.06.15 14:00,1,2001.06.15 14:00,0,,2,21h,NewYork,NA,,NA,,S-ZG-BR,S-ZB-BO,B-ZO-UN,S-ZO-BR,S-ZD-BR,B-ZB-UN,B-ZD-BR,S-ZF-BR,S-ZB-BO,S-ZD-BO,S-ZF-BO,S-ZO-UN,B-ZB-BR,B-ZE-BO,S-ZB-BR,S-ZF-BR,S-ZO-UN,B-ZF-BR,S-ZG-UN,S-ZB-UN
255,2001.06.14 00:00,USDCAD,60,86400,SELL,ZF,0,1.52730,1.51760,970.0,1.52590,1.51550,1040.0,107.216,14.43,830.0,228.9,1.52590,1.51760,1.50720,BOUNCE,2001.07.03 16:00,1,2001.07.10 14:00,1,2001.07.13 09:00,1,2001.07.13 11:00,3,1w 2d,NewYork,NA,,NA,,1.53560,BREAK,2001.06.19 14:00,0,,0,,0,,0,NA,NewYork,BREAK,2001.07.20 17:00,UNTOUCHED,,1.50930,BREAK,2001.07.03 15:00,0,,0,,0,,0,NA,NewYork,UNTOUCHED,,NA,,1.53420,BREAK,2001.06.18 19:00,0,,0,,0,,0,NA,NewYork,BOUNCE,2001.07.17 11:00,NA,,B-ZB-BO,S-ZG-BR,S-ZB-BO,B-ZO-UN,S-ZO-BR,S-ZD-BR,B-ZB-UN,B-ZD-BR,S-ZF-BR,S-ZB-BO,S-ZO-UN,B-ZB-BR,B-ZE-BO,S-ZB-BR,S-ZF-BR,S-ZO-UN,B-ZF-BR,S-ZG-UN,S-ZB-UN,B-ZD-BR
256,2001.06.15 00:00,USDCAD,60,86400,SELL,ZO,0,1.52590,1.51550,1040.0,1.52390,1.51410,980.0,94.231,19.23,840.0,245.4,1.52390,1.51550,1.50570,UNTOUCHED,,0,,0,,0,,0,NA,Other,NA,,NA,,1.53430,BREAK,2001.06.18 19:00,0,,0,,0,,0,NA,NewYork,BOUNCE,2001.07.17 11:00,NA,,1.50710,BOUNCE,2001.07.03 17:00,1,2001.07.13 00:00,1,2001.07.13 09:00,0,,2,1w 2d,NewYork,NA,,NA,,1.53230,BREAK,2001.06.18 18:00,0,,0,,0,,0,NA,NewYork,BOUNCE,2001.07.18 15:00,NA,,S-ZF-BO,B-ZB-BO,S-ZG-BR,S-ZB-BO,B-ZO-UN,S-ZO-BR,S-ZD-BR,B-ZB-UN,B-ZD-BR,S-ZF-BR,B-ZB-BR,B-ZE-BO,S-ZB-BR,S-ZF-BR,S-ZO-UN,B-ZF-BR,S-ZG-UN,S-ZB-UN,B-ZD-BR,B-ZO-BR
257,2001.06.16 00:00,USDCAD,60,86400,BUY,ZB,1,1.52390,1.51410,980.0,1.52980,1.51860,1120.0,114.286,45.92,530.0,231.3,1.52390,1.51860,1.53510,BREAK,2001.06.18 22:00,0,,0,,0,,0,NA,Other,BREAK,2001.07.16 17:00,BOUNCE,2001.07.24 10:00,1.50880,BOUNCE,2001.07.03 15:00,1,2001.07.06 18:00,1,2001.07.12 23:00,1,2001.07.13 10:00,3,1w 2d,NewYork,NA,,NA,,1.52920,BREAK,2001.06.18 15:00,0,,0,,0,,0,NA,NewYork,BREAK,2001.06.20 11:00,BREAK,2001.07.16 16:00,1.51330,BREAK,2001.06.26 18:00,0,,0,,0,,0,NA,NewYork,BOUNCE,2001.07.05 22:00,NA,,S-ZO-UN,S-ZF-BO,B-ZB-BO,S-ZG-BR,S-ZB-BO,B-ZO-UN,S-ZO-BR,S-ZD-BR,B-ZB-UN,B-ZD-BR,B-ZE-BO,S-ZB-BR,S-ZF-BR,S-ZO-UN,B-ZF-BR,S-ZG-UN,S-ZB-UN,B-ZD-BR,B-ZO-BR,B-ZC-BR
258,2001.06.20 00:00,USDCAD,60,86400,BUY,ZE,1,1.53530,1.52370,1160.0,1.53620,1.53050,570.0,49.138,58.62,480.0,273.8,1.53530,1.53050,1.54100,BOUNCE,2001.07.13 18:00,1,2001.07.26 20:00,1,2001.07.31 16:00,0,,2,2w 3d,NewYork,NA,,NA,,1.51890,BREAK,2001.06.25 17:00,0,,0,,0,,0,NA,NewYork,BREAK,2001.06.27 10:00,BOUNCE,2001.07.05 23:00,1.54010,BREAK,2001.07.13 18:00,0,,0,,0,,0,NA,NewYork,BOUNCE,2001.07.24 11:00,NA,,1.52570,BREAK,2001.06.21 16:00,0,,0,,0,,0,NA,NewYork,BREAK,2001.06.25 18:00,BREAK,2001.06.26 18:00,B-ZB-BR,S-ZO-UN,S-ZF-BO,B-ZB-BO,S-ZG-BR,S-ZB-BO,B-ZO-UN,S-ZO-BR,S-ZD-BR,B-ZB-UN,S-ZB-BR,S-ZF-BR,S-ZO-UN,B-ZF-BR,S-ZG-UN,S-ZB-UN,B-ZD-BR,B-ZO-BR,B-ZC-BR,B-ZH-BO
259,2001.06.22 00:00,USDCAD,60,86400,SELL,ZB,1,1.53790,1.52950,840.0,1.53430,1.52170,1260.0,150.000,42.86,480.0,198.2,1.53430,1.52950,1.51690,BREAK,2001.06.25 19:00,0,,0,,0,,0,NA,NewYork,BREAK,2001.06.27 10:00,BOUNCE,2001.07.03 18:00,1.54270,BOUNCE,2001.07.16 17:00,1,2001.07.18 15:00,0,,0,,1,1d 22h,NewYork,NA,,NA,,1.52470,BREAK,2001.06.22 00:00,0,,0,,0,,0,NA,Asia,BREAK,2001.06.25 18:00,BOUNCE,2001.06.26 15:00,1.53910,BREAK,2001.07.13 18:00,0,,0,,0,,0,NA,NewYork,BOUNCE,2001.07.19 13:00,NA,,B-ZE-BO,B-ZB-BR,S-ZO-UN,S-ZF-BO,B-ZB-BO,S-ZG-BR,S-ZB-BO,B-ZO-UN,S-ZO-BR,S-ZD-BR,S-ZF-BR,S-ZO-UN,B-ZF-BR,S-ZG-UN,S-ZB-UN,B-ZD-BR,B-ZO-BR,B-ZC-BR,B-ZH-BO,S-ZO-BR
260,2001.06.26 00:00,USDCAD,60,86400,SELL,ZF,1,1.52300,1.52200,100.0,1.52270,1.51490,780.0,780.000,30.00,70.0,23.6,1.52270,1.52200,1.51420,BREAK,2001.06.26 18:00,0,,0,,0,,0,NA,NewYork,BOUNCE,2001.06.26 20:00,NA,,1.52370,BREAK,2001.06.28 15:00,0,,0,,0,,0,NA,NewYork,BREAK,2001.06.28 17:00,BREAK,2001.06.28 18:00,1.52130,BREAK,2001.06.26 00:00,0,,0,,0,,0,NA,Asia,BREAK,2001.06.26 01:00,BREAK,2001.06.26 02:00,1.52340,BREAK,2001.06.28 15:00,0,,0,,0,,0,NA,NewYork,BOUNCE,2001.06.28 16:00,NA,,S-ZB-BR,B-ZE-BO,B-ZB-BR,S-ZO-UN,S-ZF-BO,B-ZB-BO,S-ZG-BR,S-ZB-BO,B-ZO-UN,S-ZO-BR,S-ZO-UN,B-ZF-BR,S-ZG-UN,S-ZB-UN,B-ZD-BR,B-ZO-BR,B-ZC-BR,B-ZH-BO,S-ZO-BR,B-ZG-UN
261,2001.06.28 00:00,USDCAD,60,86400,SELL,ZO,0,1.52050,1.51320,730.0,1.51920,1.51000,920.0,126.027,17.81,600.0,172.3,1.51920,1.51320,1.50400,UNTOUCHED,,0,,0,,0,,0,NA,Other,NA,,NA,,1.52650,BREAK,2001.07.11 17:00,0,,0,,0,,0,NA,NewYork,BREAK,2001.07.13 09:00,BREAK,2001.07.13 18:00,1.50720,BOUNCE,2001.07.03 16:00,1,2001.07.11 16:00,1,2001.07.11 17:00,0,,2,1w 1d,NewYork,NA,,NA,,1.52520,BOUNCE,2001.06.28 18:00,1,2001.07.03 16:00,1,2001.07.03 16:00,0,,2,4d 22h,NewYork,NA,,NA,,S-ZF-BR,S-ZB-BR,B-ZE-BO,B-ZB-BR,S-ZO-UN,S-ZF-BO,B-ZB-BO,S-ZG-BR,S-ZB-BO,B-ZO-UN,B-ZF-BR,S-ZG-UN,S-ZB-UN,B-ZD-BR,B-ZO-BR,B-ZC-BR,B-ZH-BO,S-ZO-BR,B-ZG-UN,B-ZB-UN
262,2001.06.29 00:00,USDCAD,60,86400,BUY,ZF,1,1.51920,1.51000,920.0,1.52550,1.51310,1240.0,134.783,33.70,610.0,217.1,1.51920,1.51310,1.53160,BREAK,2001.07.13 00:00,0,,0,,0,,0,NA,Asia,BREAK,2001.07.13 18:00,BOUNCE,2001.07.19 14:00,1.50390,UNTOUCHED,,0,,0,,0,,0,NA,Other,NA,,NA,,1.52530,BREAK,2001.07.11 16:00,0,,0,,0,,0,NA,NewYork,BREAK,2001.07.13 02:00,BREAK,2001.07.13 18:00,1.50700,BOUNCE,2001.07.03 17:00,1,2001.07.11 16:00,1,2001.07.11 16:00,0,,2,1w 0d,NewYork,NA,,NA,,S-ZO-UN,S-ZF-BR,S-ZB-BR,B-ZE-BO,B-ZB-BR,S-ZO-UN,S-ZF-BO,B-ZB-BO,S-ZG-BR,S-ZB-BO,S-ZG-UN,S-ZB-UN,B-ZD-BR,B-ZO-BR,B-ZC-BR,B-ZH-BO,S-ZO-BR,B-ZG-UN,B-ZB-UN,S-ZF-BR
263,2001.06.30 00:00,USDCAD,60,86400,SELL,ZG,0,1.52550,1.51310,1240.0,1.52510,1.51230,1280.0,103.226,3.23,1200.0,292.6,1.52510,1.51310,1.50030,UNTOUCHED,,0,,0,,0,,0,NA,Other,NA,,NA,,1.53750,BREAK,2001.07.13 17:00,0,,0,,0,,0,NA,NewYork,PENDING,,NA,,1.50110,UNTOUCHED,,0,,0,,0,,0,NA,Other,NA,,NA,,1.53710,BREAK,2001.07.13 17:00,0,,0,,0,,0,NA,NewYork,PENDING,,NA,,B-ZF-BR,S-ZO-UN,S-ZF-BR,S-ZB-BR,B-ZE-BO,B-ZB-BR,S-ZO-UN,S-ZF-BO,B-ZB-BO,S-ZG-BR,S-ZB-UN,B-ZD-BR,B-ZO-BR,B-ZC-BR,B-ZH-BO,S-ZO-BR,B-ZG-UN,B-ZB-UN,S-ZF-BR,S-ZB-BR
264,2001.07.04 00:00,USDCAD,60,86400,SELL,ZB,1,1.51670,1.51260,410.0,1.51510,1.50690,820.0,200.000,39.02,250.0,96.8,1.51510,1.51260,1.50440,UNTOUCHED,,0,,0,,0,,0,NA,Other,NA,,NA,,1.51920,BREAK,2001.07.06 18:00,0,,0,,0,,0,NA,NewYork,BREAK,2001.07.06 20:00,BREAK,2001.07.11 16:00,1.51010,BREAK,2001.07.04 01:00,0,,0,,0,,0,NA,Asia,BOUNCE,2001.07.04 13:00,NA,,1.51760,BREAK,2001.07.06 18:00,0,,0,,0,,0,NA,NewYork,BREAK,2001.07.06 20:00,BREAK,2001.07.06 22:00,S-ZG-UN,B-ZF-BR,S-ZO-UN,S-ZF-BR,S-ZB-BR,B-ZE-BO,B-ZB-BR,S-ZO-UN,S-ZF-BO,B-ZB-BO,B-ZD-BR,B-ZO-BR,B-ZC-BR,B-ZH-BO,S-ZO-BR,B-ZG-UN,B-ZB-UN,S-ZF-BR,S-ZB-BR,S-ZD-BR
265,2001.07.07 00:00,USDCAD,60,86400,BUY,ZD,1,1.51430,1.50740,690.0,1.52360,1.51140,1220.0,176.812,57.97,290.0,162.8,1.51430,1.51140,1.52650,BREAK,2001.07.11 17:00,0,,0,,0,,0,NA,NewYork,BREAK,2001.07.13 00:00,BREAK,2001.07.13 04:00,1.50450,UNTOUCHED,,0,,0,,0,,0,NA,Other,NA,,NA,,1.51720,BREAK,2001.07.07 00:00,0,,0,,0,,0,NA,Asia,BREAK,2001.07.09 01:00,BOUNCE,2001.07.09 11:00,1.50850,UNTOUCHED,,0,,0,,0,,0,NA,Other,NA,,NA,,S-ZB-UN,S-ZG-UN,B-ZF-BR,S-ZO-UN,S-ZF-BR,S-ZB-BR,B-ZE-BO,B-ZB-BR,S-ZO-UN,S-ZF-BO,B-ZO-BR,B-ZC-BR,B-ZH-BO,S-ZO-BR,B-ZG-UN,B-ZB-UN,S-ZF-BR,S-ZB-BR,S-ZD-BR,S-ZO-BO
266,2001.07.11 00:00,USDCAD,60,86400,BUY,ZO,0,1.52370,1.51710,660.0,1.52410,1.51830,580.0,87.879,18.18,540.0,155.8,1.52370,1.51830,1.52950,BREAK,2001.07.13 00:00,0,,0,,0,,0,NA,Asia,BREAK,2001.07.13 17:00,BREAK,2001.07.16 16:00,1.51170,UNTOUCHED,,0,,0,,0,,0,NA,Other,NA,,NA,,1.52910,BREAK,2001.07.12 23:00,0,,0,,0,,0,NA,Other,BREAK,2001.07.13 13:00,BREAK,2001.07.13 18:00,1.51290,UNTOUCHED,,0,,0,,0,,0,NA,Other,NA,,NA,,B-ZD-BR,S-ZB-UN,S-ZG-UN,B-ZF-BR,S-ZO-UN,S-ZF-BR,S-ZB-BR,B-ZE-BO,B-ZB-BR,S-ZO-UN,B-ZC-BR,B-ZH-BO,S-ZO-BR,B-ZG-UN,B-ZB-UN,S-ZF-BR,S-ZB-BR,S-ZD-BR,S-ZO-BO,S-ZO-UN
267,2001.07.13 00:00,USDCAD,60,86400,BUY,ZC,1,1.52910,1.51800,1110.0,1.52940,1.52320,620.0,55.856,46.85,590.0,262.0,1.52910,1.52320,1.53530,BREAK,2001.07.13 11:00,0,,0,,0,,0,NA,London,BOUNCE,2001.07.17 05:00,NA,,1.51210,UNTOUCHED,,0,,0,,0,,0,NA,Other,NA,,NA,,1.53500,BREAK,2001.07.13 09:00,0,,0,,0,,0,NA,London,BOUNCE,2001.07.17 05:00,NA,,1.51730,UNTOUCHED,,0,,0,,0,,0,NA,Other,NA,,NA,,B-ZO-BR,B-ZD-BR,S-ZB-UN,S-ZG-UN,B-ZF-BR,S-ZO-UN,S-ZF-BR,S-ZB-BR,B-ZE-BO,B-ZB-BR,B-ZH-BO,S-ZO-BR,B-ZG-UN,B-ZB-UN,S-ZF-BR,S-ZB-BR,S-ZD-BR,S-ZO-BO,S-ZO-UN,S-ZB-BO
268,2001.07.17 00:00,USDCAD,60,86400,BUY,ZH,1,1.53730,1.53580,150.0,1.54300,1.53600,700.0,466.667,13.33,130.0,35.4,1.53730,1.53600,1.54430,BOUNCE,2001.07.19 12:00,1,2001.07.19 13:00,1,2001.07.26 09:00,1,2001.07.26 10:00,3,6d 22h,London,NA,,NA,,1.53450,BOUNCE,2001.07.17 05:00,1,2001.07.17 10:00,1,2001.07.17 17:00,1,2001.07.19 12:00,3,2d 7h,Asia,NA,,NA,,1.53860,BREAK,2001.07.17 00:00,0,,0,,0,,0,NA,Asia,BREAK,2001.07.17 17:00,BOUNCE,2001.07.17 18:00,1.53470,BOUNCE,2001.07.17 05:00,1,2001.07.17 17:00,1,2001.07.17 17:00,0,,2,12h,Asia,NA,,NA,,B-ZC-BR,B-ZO-BR,B-ZD-BR,S-ZB-UN,S-ZG-UN,B-ZF-BR,S-ZO-UN,S-ZF-BR,S-ZB-BR,B-ZE-BO,S-ZO-BR,B-ZG-UN,B-ZB-UN,S-ZF-BR,S-ZB-BR,S-ZD-BR,S-ZO-BO,S-ZO-UN,S-ZB-BO,B-ZF-BR
269,2001.07.18 00:00,USDCAD,60,86400,SELL,ZO,0,1.54300,1.53600,700.0,1.54140,1.53400,740.0,105.714,22.86,540.0,165.2,1.54140,1.53600,1.52860,BREAK,2001.07.30 20:00,0,,0,,0,,0,NA,NewYork,BOUNCE,2001.08.07 16:00,NA,,1.54840,BREAK,2001.08.21 15:00,0,,0,,0,,0,NA,NewYork,BREAK,2001.09.04 19:00,BREAK,2001.09.04 21:00,1.53060,BOUNCE,2001.07.27 12:00,1,2001.08.20 13:00,1,2001.08.21 15:00,0,,2,3w 4d,London,NA,,NA,,1.54680,BOUNCE,2001.07.20 17:00,1,2001.07.27 12:00,1,2001.07.27 12:00,0,,2,6d 19h,NewYork,NA,,NA,,B-ZH-BO,B-ZC-BR,B-ZO-BR,B-ZD-BR,S-ZB-UN,S-ZG-UN,B-ZF-BR,S-ZO-UN,S-ZF-BR,S-ZB-BR,B-ZG-UN,B-ZB-UN,S-ZF-BR,S-ZB-BR,S-ZD-BR,S-ZO-BO,S-ZO-UN,S-ZB-BO,B-ZF-BR,B-ZC-BO
270,2001.07.20 00:00,USDCAD,60,86400,BUY,ZG,0,1.54190,1.53230,960.0,1.54440,1.53510,930.0,96.875,29.17,680.0,226.6,1.54190,1.53510,1.55120,UNTOUCHED,,0,,0,,0,,0,NA,Other,NA,,NA,,1.52550,BOUNCE,2001.07.31 16:00,1,2001.08.02 13:00,1,2001.08.21 15:00,0,,2,2w 6d,NewYork,NA,,NA,,1.54870,BOUNCE,2001.08.21 15:00,0,,0,,0,,0,NA,NewYork,NA,,NA,,1.52830,BREAK,2001.07.31 01:00,0,,0,,0,,0,NA,Asia,UNTOUCHED,,NA,,S-ZO-BR,B-ZH-BO,B-ZC-BR,B-ZO-BR,B-ZD-BR,S-ZB-UN,S-ZG-UN,B-ZF-BR,S-ZO-UN,S-ZF-BR,B-ZB-UN,S-ZF-BR,S-ZB-BR,S-ZD-BR,S-ZO-BO,S-ZO-UN,S-ZB-BO,B-ZF-BR,B-ZC-BO,B-ZF-BR
271,2001.07.21 00:00,USDCAD,60,86400,BUY,ZB,1,1.54440,1.53510,930.0,1.54750,1.53970,780.0,83.871,49.46,470.0,219.5,1.54440,1.53970,1.55220,UNTOUCHED,,0,,0,,0,,0,NA,Other,NA,,NA,,1.53040,BOUNCE,2001.07.27 12:00,1,2001.08.02 13:00,1,2001.08.21 15:00,0,,2,3w 4d,London,NA,,NA,,1.54910,BOUNCE,2001.08.21 15:00,0,,0,,0,,0,NA,NewYork,NA,,NA,,1.53500,BREAK,2001.07.26 09:00,0,,0,,0,,0,NA,London,BOUNCE,2001.07.27 17:00,NA,,B-ZG-UN,S-ZO-BR,B-ZH-BO,B-ZC-BR,B-ZO-BR,B-ZD-BR,S-ZB-UN,S-ZG-UN,B-ZF-BR,S-ZO-UN,S-ZF-BR,S-ZB-BR,S-ZD-BR,S-ZO-BO,S-ZO-UN,S-ZB-BO,B-ZF-BR,B-ZC-BO,B-ZF-BR,S-ZD-UN
272,2001.07.25 00:00,USDCAD,60,86400,SELL,ZF,1,1.54700,1.54140,560.0,1.54530,1.53740,790.0,141.071,30.36,390.0,132.2,1.54530,1.54140,1.53350,BREAK,2001.07.26 18:00,0,,0,,0,,0,NA,NewYork,BOUNCE,2001.07.27 16:00,NA,,1.55090,BOUNCE,2001.08.31 23:00,0,,0,,0,,0,NA,Other,NA,,NA,,1.53750,BREAK,2001.07.25 10:00,0,,0,,0,,0,NA,London,BREAK,2001.07.26 19:00,BOUNCE,2001.07.27 17:00,1.54920,BOUNCE,2001.08.21 15:00,1,2001.08.24 20:00,1,2001.08.24 20:00,0,,2,3d 5h,NewYork,NA,,NA,,B-ZB-UN,B-ZG-UN,S-ZO-BR,B-ZH-BO,B-ZC-BR,B-ZO-BR,B-ZD-BR,S-ZB-UN,S-ZG-UN,B-ZF-BR,S-ZB-BR,S-ZD-BR,S-ZO-BO,S-ZO-UN,S-ZB-BO,B-ZF-BR,B-ZC-BO,B-ZF-BR,S-ZD-UN,B-ZD-BO
273,2001.07.26 00:00,USDCAD,60,86400,SELL,ZB,1,1.54530,1.53740,790.0,1.54100,1.53550,550.0,69.620,54.43,360.0,186.4,1.54100,1.53740,1.53190,BREAK,2001.07.26 20:00,0,,0,,0,,0,NA,NewYork,BREAK,2001.07.31 16:00,BOUNCE,2001.08.07 16:00,1.54890,BOUNCE,2001.08.21 15:00,1,2001.08.22 20:00,0,,0,,1,1d 5h,NewYork,NA,,NA,,1.53380,BREAK,2001.07.26 18:00,0,,0,,0,,0,NA,NewYork,BOUNCE,2001.07.27 17:00,NA,,1.54460,BREAK,2001.08.17 20:00,0,,0,,0,,0,NA,NewYork,BREAK,2001.08.21 16:00,BOUNCE,2001.09.04 10:00,S-ZF-BR,B-ZB-UN,B-ZG-UN,S-ZO-BR,B-ZH-BO,B-ZC-BR,B-ZO-BR,B-ZD-BR,S-ZB-UN,S-ZG-UN,S-ZD-BR,S-ZO-BO,S-ZO-UN,S-ZB-BO,B-ZF-BR,B-ZC-BO,B-ZF-BR,S-ZD-UN,B-ZD-BO,B-ZH-BR
274,2001.07.27 00:00,USDCAD,60,86400,SELL,ZD,1,1.54100,1.53550,550.0,1.53880,1.53080,800.0,145.455,40.00,330.0,129.8,1.53880,1.53550,1.52750,BREAK,2001.07.31 04:00,0,,0,,0,,0,NA,Asia,BOUNCE,2001.08.07 10:00,NA,,1.54430,BREAK,2001.08.17 20:00,0,,0,,0,,0,NA,NewYork,BREAK,2001.08.21 15:00,BOUNCE,2001.09.04 10:00,1.53220,BREAK,2001.07.27 11:00,0,,0,,0,,0,NA,London,BREAK,2001.07.31 04:00,BOUNCE,2001.07.31 18:00,1.54210,BREAK,2001.08.10 12:00,0,,0,,0,,0,NA,London,BREAK,2001.08.20 13:00,BOUNCE,2001.08.21 15:00,S-ZB-BR,S-ZF-BR,B-ZB-UN,B-ZG-UN,S-ZO-BR,B-ZH-BO,B-ZC-BR,B-ZO-BR,B-ZD-BR,S-ZB-UN,S-ZO-BO,S-ZO-UN,S-ZB-BO,B-ZF-BR,B-ZC-BO,B-ZF-BR,S-ZD-UN,B-ZD-BO,B-ZH-BR,B-ZF-BR
275,2001.07.28 00:00,USDCAD,60,86400,SELL,ZO,0,1.53880,1.53080,800.0,1.53670,1.52910,760.0,95.000,26.25,590.0,188.8,1.53670,1.53080,1.52320,BOUNCE,2001.08.06 22:00,1,2001.08.07 18:00,1,2001.08.10 12:00,1,2001.08.20 11:00,3,1w 6d,Other,NA,,NA,,1.54470,BREAK,2001.08.20 11:00,0,,0,,0,,0,NA,London,BOUNCE,2001.08.22 17:00,NA,,1.52490,BOUNCE,2001.08.06 22:00,1,2001.08.10 12:00,1,2001.08.20 11:00,0,,2,1w 6d,Other,NA,,NA,,1.54260,BOUNCE,2001.08.10 12:00,0,,0,,0,,0,NA,London,NA,,NA,,S-ZD-BR,S-ZB-BR,S-ZF-BR,B-ZB-UN,B-ZG-UN,S-ZO-BR,B-ZH-BO,B-ZC-BR,B-ZO-BR,B-ZD-BR,S-ZO-UN,S-ZB-BO,B-ZF-BR,B-ZC-BO,B-ZF-BR,S-ZD-UN,B-ZD-BO,B-ZH-BR,B-ZF-BR,S-ZF-UN
276,2001.08.01 00:00,USDCAD,60,86400,SELL,ZO,0,1.53470,1.52860,610.0,1.53430,1.52510,920.0,150.820,6.56,570.0,144.0,1.53430,1.52860,1.51940,UNTOUCHED,,0,,0,,0,,0,NA,Other,NA,,NA,,1.54040,BOUNCE,2001.08.02 15:00,1,2001.08.03 23:00,0,,0,,1,1d 8h,NewYork,NA,,NA,,1.52290,UNTOUCHED,,0,,0,,0,,0,NA,Other,NA,,NA,,1.54000,BREAK,2001.08.02 13:00,0,,0,,0,,0,NA,NewYork,BREAK,2001.08.20 15:00,BOUNCE,2001.09.04 11:00,S-ZO-BO,S-ZD-BR,S-ZB-BR,S-ZF-BR,B-ZB-UN,B-ZG-UN,S-ZO-BR,B-ZH-BO,B-ZC-BR,B-ZO-BR,S-ZB-BO,B-ZF-BR,B-ZC-BO,B-ZF-BR,S-ZD-UN,B-ZD-BO,B-ZH-BR,B-ZF-BR,S-ZF-UN,S-ZD-UN
277,2001.08.04 00:00,USDCAD,60,86400,SELL,ZB,1,1.54170,1.53270,900.0,1.53690,1.52860,830.0,92.222,53.33,420.0,212.4,1.53690,1.53270,1.52440,BOUNCE,2001.08.06 22:00,1,2001.08.07 17:00,1,2001.08.09 19:00,1,2001.08.20 12:00,3,1w 6d,Other,NA,,NA,,1.54590,BREAK,2001.08.20 12:00,0,,0,,0,,0,NA,London,BOUNCE,2001.08.22 17:00,NA,,1.52850,BREAK,2001.08.06 17:00,0,,0,,0,,0,NA,NewYork,BOUNCE,2001.08.07 16:00,NA,,1.54110,BREAK,2001.08.09 19:00,0,,0,,0,,0,NA,NewYork,BREAK,2001.08.21 15:00,BOUNCE,2001.08.22 17:00,S-ZO-UN,S-ZO-BO,S-ZD-BR,S-ZB-BR,S-ZF-BR,B-ZB-UN,B-ZG-UN,S-ZO-BR,B-ZH-BO,B-ZC-BR,B-ZF-BR,B-ZC-BO,B-ZF-BR,S-ZD-UN,B-ZD-BO,B-ZH-BR,B-ZF-BR,S-ZF-UN,S-ZD-UN,S-ZO-UN
278,2001.08.08 00:00,USDCAD,60,86400,BUY,ZF,1,1.53080,1.52310,770.0,1.53600,1.52510,1090.0,141.558,25.97,570.0,181.7,1.53080,1.52510,1.54170,BREAK,2001.08.10 12:00,0,,0,,0,,0,NA,London,BREAK,2001.08.21 15:00,BREAK,2001.09.04 19:00,1.51740,UNTOUCHED,,0,,0,,0,,0,NA,Other,NA,,NA,,1.53650,BREAK,2001.08.09 15:00,0,,0,,0,,0,NA,NewYork,BOUNCE,2001.08.14 21:00,NA,,1.51940,UNTOUCHED,,0,,0,,0,,0,NA,Other,NA,,NA,,S-ZB-BO,S-ZO-UN,S-ZO-BO,S-ZD-BR,S-ZB-BR,S-ZF-BR,B-ZB-UN,B-ZG-UN,S-ZO-BR,B-ZH-BO,B-ZC-BO,B-ZF-BR,S-ZD-UN,B-ZD-BO,B-ZH-BR,B-ZF-BR,S-ZF-UN,S-ZD-UN,S-ZO-UN,B-ZG-BR
279,2001.08.09 00:00,USDCAD,60,86400,BUY,ZC,1,1.53600,1.52510,1090.0,1.53620,1.53030,590.0,54.128,47.71,570.0,257.2,1.53600,1.53030,1.54190,BOUNCE,2001.08.10 12:00,1,2001.08.15 15:00,0,,0,,1,5d 3h,London,NA,,NA,,1.51940,UNTOUCHED,,0,,0,,0,,0,NA,Other,NA,,NA,,1.54170,BOUNCE,2001.08.10 12:00,0,,0,,0,,0,NA,London,NA,,NA,,1.52460,UNTOUCHED,,0,,0,,0,,0,NA,Other,NA,,NA,,B-ZF-BR,S-ZB-BO,S-ZO-UN,S-ZO-BO,S-ZD-BR,S-ZB-BR,S-ZF-BR,B-ZB-UN,B-ZG-UN,S-ZO-BR,B-ZF-BR,S-ZD-UN,B-ZD-BO,B-ZH-BR,B-ZF-BR,S-ZF-UN,S-ZD-UN,S-ZO-UN,B-ZG-BR,B-ZE-BO
280,2001.08.10 00:00,USDCAD,60,86400,BUY,ZF,1,1.53620,1.53030,590.0,1.54110,1.53250,860.0,145.763,37.29,370.0,139.2,1.53620,1.53250,1.54480,BREAK,2001.08.20 11:00,0,,0,,0,,0,NA,London,BOUNCE,2001.08.21 15:00,NA,,1.52660,BREAK,2001.08.15 20:00,0,,0,,0,,0,NA,NewYork,UNTOUCHED,,NA,,1.53990,BREAK,2001.08.10 10:00,0,,0,,0,,0,NA,London,BOUNCE,2001.08.10 16:00,NA,,1.52880,BREAK,2001.08.15 18:00,0,,0,,0,,0,NA,NewYork,BOUNCE,2001.08.16 15:00,NA,,B-ZC-BO,B-ZF-BR,S-ZB-BO,S-ZO-UN,S-ZO-BO,S-ZD-BR,S-ZB-BR,S-ZF-BR,B-ZB-UN,B-ZG-UN,S-ZD-UN,B-ZD-BO,B-ZH-BR,B-ZF-BR,S-ZF-UN,S-ZD-UN,S-ZO-UN,B-ZG-BR,B-ZE-BO,B-ZE-BO
281,2001.08.16 00:00,USDCAD,60,86400,SELL,ZD,1,1.54180,1.53520,660.0,1.53720,1.52560,1160.0,175.758,69.70,200.0,155.8,1.53720,1.53520,1.52360,UNTOUCHED,,0,,0,,0,,0,NA,Other,NA,,NA,,1.54380,BOUNCE,2001.08.17 20:00,1,2001.08.23 22:00,0,,0,,1,6d 2h,NewYork,NA,,NA,,1.53320,BREAK,2001.08.16 00:00,0,,0,,0,,0,NA,Asia,BREAK,2001.08.16 01:00,BREAK,2001.08.16 03:00,1.53920,BOUNCE,2001.08.16 22:00,0,,0,,0,,0,NA,Other,NA,,NA,,B-ZF-BR,B-ZC-BO,B-ZF-BR,S-ZB-BO,S-ZO-UN,S-ZO-BO,S-ZD-BR,S-ZB-BR,S-ZF-BR,B-ZB-UN,B-ZD-BO,B-ZH-BR,B-ZF-BR,S-ZF-UN,S-ZD-UN,S-ZO-UN,B-ZG-BR,B-ZE-BO,B-ZE-BO,S-ZE-UN
282,2001.08.18 00:00,USDCAD,60,86400,BUY,ZD,1,1.53920,1.52500,1420.0,1.54460,1.53450,1010.0,71.127,66.90,470.0,335.1,1.53920,1.53450,1.54930,BOUNCE,2001.08.21 15:00,1,2001.08.23 22:00,0,,0,,1,2d 7h,NewYork,NA,,NA,,1.52030,UNTOUCHED,,0,,0,,0,,0,NA,Other,NA,,NA,,1.54390,BREAK,2001.08.20 04:00,0,,0,,0,,0,NA,Asia,BOUNCE,2001.08.22 17:00,NA,,1.52980,UNTOUCHED,,0,,0,,0,,0,NA,Other,NA,,NA,,S-ZD-UN,B-ZF-BR,B-ZC-BO,B-ZF-BR,S-ZB-BO,S-ZO-UN,S-ZO-BO,S-ZD-BR,S-ZB-BR,S-ZF-BR,B-ZH-BR,B-ZF-BR,S-ZF-UN,S-ZD-UN,S-ZO-UN,B-ZG-BR,B-ZE-BO,B-ZE-BO,S-ZE-UN,B-ZF-BO
283,2001.08.21 00:00,USDCAD,60,86400,BUY,ZH,1,1.54350,1.54150,200.0,1.54740,1.54180,560.0,280.000,15.00,170.0,47.2,1.54350,1.54180,1.54910,BREAK,2001.08.21 15:00,0,,0,,0,,0,NA,NewYork,BREAK,2001.08.31 23:00,BREAK,2001.09.04 18:00,1.53980,BREAK,2001.08.23 22:00,0,,0,,0,,0,NA,Other,BREAK,2001.08.24 20:00,UNTOUCHED,,1.54520,BREAK,2001.08.21 00:00,0,,0,,0,,0,NA,Asia,BREAK,2001.08.21 15:00,BREAK,2001.08.21 16:00,1.54010,BOUNCE,2001.08.23 20:00,1,2001.08.29 17:00,1,2001.08.29 17:00,0,,2,5d 21h,NewYork,NA,,NA,,B-ZD-BO,S-ZD-UN,B-ZF-BR,B-ZC-BO,B-ZF-BR,S-ZB-BO,S-ZO-UN,S-ZO-BO,S-ZD-BR,S-ZB-BR,B-ZF-BR,S-ZF-UN,S-ZD-UN,S-ZO-UN,B-ZG-BR,B-ZE-BO,B-ZE-BO,S-ZE-UN,B-ZF-BO,S-ZC-UN
284,2001.08.22 00:00,USDCAD,60,86400,BUY,ZF,0,1.54740,1.54180,560.0,1.55060,1.54320,740.0,132.143,25.00,420.0,132.2,1.54740,1.54320,1.55480,BREAK,2001.09.04 19:00,0,,0,,0,,0,NA,NewYork,BREAK,2001.09.04 21:00,BOUNCE,2001.09.05 15:00,1.53760,BOUNCE,2001.08.24 20:00,1,2001.08.29 17:00,1,2001.08.31 23:00,1,2001.09.04 19:00,3,1w 3d,NewYork,NA,,NA,,1.55160,BOUNCE,2001.08.31 23:00,0,,0,,0,,0,NA,Other,NA,,NA,,1.53900,BREAK,2001.08.24 20:00,0,,0,,0,,0,NA,NewYork,UNTOUCHED,,NA,,B-ZH-BR,B-ZD-BO,S-ZD-UN,B-ZF-BR,B-ZC-BO,B-ZF-BR,S-ZB-BO,S-ZO-UN,S-ZO-BO,S-ZD-BR,S-ZF-UN,S-ZD-UN,S-ZO-UN,B-ZG-BR,B-ZE-BO,B-ZE-BO,S-ZE-UN,B-ZF-BO,S-ZC-UN,B-ZG-BR
285,2001.08.23 00:00,USDCAD,60,86400,SELL,ZF,0,1.55060,1.54320,740.0,1.55000,1.54100,900.0,121.622,8.11,680.0,174.6,1.55000,1.54320,1.53420,UNTOUCHED,,0,,0,,0,,0,NA,Other,NA,,NA,,1.55740,BREAK,2001.09.04 20:00,0,,0,,0,,0,NA,NewYork,BREAK,2001.09.07 18:00,BOUNCE,2001.09.12 00:00,1.53640,UNTOUCHED,,0,,0,,0,,0,NA,Other,NA,,NA,,1.55680,BREAK,2001.09.04 20:00,0,,0,,0,,0,NA,NewYork,BOUNCE,2001.09.05 21:00,NA,,B-ZF-BR,B-ZH-BR,B-ZD-BO,S-ZD-UN,B-ZF-BR,B-ZC-BO,B-ZF-BR,S-ZB-BO,S-ZO-UN,S-ZO-BO,S-ZD-UN,S-ZO-UN,B-ZG-BR,B-ZE-BO,B-ZE-BO,S-ZE-UN,B-ZF-BO,S-ZC-UN,B-ZG-BR,B-ZO-BR
286,2001.08.24 00:00,USDCAD,60,86400,SELL,ZD,1,1.55000,1.54100,900.0,1.54360,1.53950,410.0,45.556,71.11,260.0,212.4,1.54360,1.54100,1.53690,UNTOUCHED,,0,,0,,0,,0,NA,Other,NA,,NA,,1.55260,BOUNCE,2001.09.04 18:00,0,,0,,0,,0,NA,NewYork,NA,,NA,,1.53840,BOUNCE,2001.08.24 20:00,1,2001.08.29 17:00,1,2001.09.04 18:00,0,,2,1w 3d,NewYork,NA,,NA,,1.54620,BOUNCE,2001.08.29 17:00,0,,0,,0,,0,NA,NewYork,NA,,NA,,S-ZF-UN,B-ZF-BR,B-ZH-BR,B-ZD-BO,S-ZD-UN,B-ZF-BR,B-ZC-BO,B-ZF-BR,S-ZB-BO,S-ZO-UN,S-ZO-UN,B-ZG-BR,B-ZE-BO,B-ZE-BO,S-ZE-UN,B-ZF-BO,S-ZC-UN,B-ZG-BR,B-ZO-BR,B-ZD-BO
287,2001.08.25 00:00,USDCAD,60,86400,SELL,ZO,0,1.54360,1.53950,410.0,1.54230,1.53730,500.0,121.951,31.71,280.0,96.8,1.54230,1.53950,1.53450,UNTOUCHED,,0,,0,,0,,0,NA,Other,NA,,NA,,1.54640,BREAK,2001.08.29 17:00,0,,0,,0,,0,NA,NewYork,BREAK,2001.08.31 17:00,BOUNCE,2001.09.03 01:00,1.53670,UNTOUCHED,,0,,0,,0,,0,NA,Other,NA,,NA,,1.54510,BREAK,2001.08.29 17:00,0,,0,,0,,0,NA,NewYork,BOUNCE,2001.08.31 15:00,NA,,S-ZD-UN,S-ZF-UN,B-ZF-BR,B-ZH-BR,B-ZD-BO,S-ZD-UN,B-ZF-BR,B-ZC-BO,B-ZF-BR,S-ZB-BO,B-ZG-BR,B-ZE-BO,B-ZE-BO,S-ZE-UN,B-ZF-BO,S-ZC-UN,B-ZG-BR,B-ZO-BR,B-ZD-BO,S-ZO-BO
288,2001.08.28 00:00,USDCAD,60,86400,BUY,ZG,1,1.54000,1.53890,110.0,1.54400,1.53900,500.0,454.545,9.09,100.0,26.0,1.54000,1.53900,1.54500,BREAK,2001.08.29 17:00,0,,0,,0,,0,NA,NewYork,BOUNCE,2001.08.29 18:00,NA,,1.53790,BOUNCE,2001.08.28 23:00,1,2001.08.29 01:00,1,2001.08.29 10:00,1,2001.08.29 17:00,3,18h,Other,NA,,NA,,1.54100,BREAK,2001.08.28 03:00,0,,0,,0,,0,NA,Asia,BOUNCE,2001.08.28 09:00,NA,,1.53800,BOUNCE,2001.08.28 23:00,1,2001.08.29 10:00,1,2001.08.29 10:00,0,,2,11h,Other,NA,,NA,,S-ZO-UN,S-ZD-UN,S-ZF-UN,B-ZF-BR,B-ZH-BR,B-ZD-BO,S-ZD-UN,B-ZF-BR,B-ZC-BO,B-ZF-BR,B-ZE-BO,B-ZE-BO,S-ZE-UN,B-ZF-BO,S-ZC-UN,B-ZG-BR,B-ZO-BR,B-ZD-BO,S-ZO-BO,S-ZG-BO
289,2001.08.31 00:00,USDCAD,60,86400,BUY,ZE,1,1.54670,1.53760,910.0,1.54740,1.54350,390.0,42.857,64.84,320.0,214.8,1.54670,1.54350,1.55060,BOUNCE,2001.08.31 17:00,0,,0,,0,,0,NA,NewYork,NA,,NA,,1.53440,UNTOUCHED,,0,,0,,0,,0,NA,Other,NA,,NA,,1.54990,BOUNCE,2001.08.31 17:00,0,,0,,0,,0,NA,NewYork,NA,,NA,,1.54030,UNTOUCHED,,0,,0,,0,,0,NA,Other,NA,,NA,,B-ZG-BR,S-ZO-UN,S-ZD-UN,S-ZF-UN,B-ZF-BR,B-ZH-BR,B-ZD-BO,S-ZD-UN,B-ZF-BR,B-ZC-BO,B-ZE-BO,S-ZE-UN,B-ZF-BO,S-ZC-UN,B-ZG-BR,B-ZO-BR,B-ZD-BO,S-ZO-BO,S-ZG-BO,S-ZO-BR
290,2001.09.06 00:00,USDCAD,60,86400,BUY,ZE,1,1.56120,1.54570,1550.0,1.56390,1.55500,890.0,57.419,60.00,620.0,365.8,1.56120,1.55500,1.57010,BOUNCE,2001.09.10 11:00,1,2001.09.12 17:00,0,,0,,1,2d 6h,London,NA,,NA,,1.53950,UNTOUCHED,,0,,0,,0,,0,NA,Other,NA,,NA,,1.56740,BOUNCE,2001.09.07 18:00,0,,0,,0,,0,NA,NewYork,NA,,NA,,1.54880,UNTOUCHED,,0,,0,,0,,0,NA,Other,NA,,NA,,B-ZE-BO,B-ZG-BR,S-ZO-UN,S-ZD-UN,S-ZF-UN,B-ZF-BR,B-ZH-BR,B-ZD-BO,S-ZD-UN,B-ZF-BR,S-ZE-UN,B-ZF-BO,S-ZC-UN,B-ZG-BR,B-ZO-BR,B-ZD-BO,S-ZO-BO,S-ZG-BO,S-ZO-BR,B-ZB-BR
291,2001.09.07 00:00,USDCAD,60,86400,SELL,ZE,1,1.56390,1.55500,890.0,1.56000,1.55390,610.0,68.539,43.82,500.0,210.0,1.56000,1.55500,1.54890,UNTOUCHED,,0,,0,,0,,0,NA,Other,NA,,NA,,1.56890,BOUNCE,2001.09.10 10:00,1,2001.09.11 15:00,0,,0,,1,1d 5h,London,NA,,NA,,1.55000,UNTOUCHED,,0,,0,,0,,0,NA,Other,NA,,NA,,1.56500,BREAK,2001.09.07 18:00,0,,0,,0,,0,NA,NewYork,BOUNCE,2001.09.10 15:00,NA,,B-ZE-BO,B-ZE-BO,B-ZG-BR,S-ZO-UN,S-ZD-UN,S-ZF-UN,B-ZF-BR,B-ZH-BR,B-ZD-BO,S-ZD-UN,B-ZF-BO,S-ZC-UN,B-ZG-BR,B-ZO-BR,B-ZD-BO,S-ZO-BO,S-ZG-BO,S-ZO-BR,B-ZB-BR,B-ZF-BR
292,2001.09.08 00:00,USDCAD,60,86400,BUY,ZF,1,1.56000,1.55390,610.0,1.56850,1.55600,1250.0,204.918,34.43,400.0,144.0,1.56000,1.55600,1.57250,BOUNCE,2001.09.11 18:00,1,2001.09.11 21:00,0,,0,,1,3h,NewYork,NA,,NA,,1.54990,UNTOUCHED,,0,,0,,0,,0,NA,Other,NA,,NA,,1.56400,BREAK,2001.09.08 00:00,0,,0,,0,,0,NA,Asia,BREAK,2001.09.10 10:00,BOUNCE,2001.09.11 18:00,1.55200,UNTOUCHED,,0,,0,,0,,0,NA,Other,NA,,NA,,S-ZE-UN,B-ZE-BO,B-ZE-BO,B-ZG-BR,S-ZO-UN,S-ZD-UN,S-ZF-UN,B-ZF-BR,B-ZH-BR,B-ZD-BO,S-ZC-UN,B-ZG-BR,B-ZO-BR,B-ZD-BO,S-ZO-BO,S-ZG-BO,S-ZO-BR,B-ZB-BR,B-ZF-BR,B-ZC-BR
293,2001.09.13 00:00,USDCAD,60,86400,SELL,ZC,1,1.57270,1.55850,1420.0,1.56660,1.55670,990.0,69.718,42.96,810.0,335.1,1.56660,1.55850,1.54860,UNTOUCHED,,0,,0,,0,,0,NA,Other,NA,,NA,,1.58080,BOUNCE,2001.09.28 18:00,1,2001.10.05 17:00,0,,0,,1,6d 23h,NewYork,NA,,NA,,1.55040,UNTOUCHED,,0,,0,,0,,0,NA,Other,NA,,NA,,1.57470,BREAK,2001.09.26 18:00,0,,0,,0,,0,NA,NewYork,BREAK,2001.10.31 14:00,BREAK,2001.11.01 22:00,B-ZF-BO,S-ZE-UN,B-ZE-BO,B-ZE-BO,B-ZG-BR,S-ZO-UN,S-ZD-UN,S-ZF-UN,B-ZF-BR,B-ZH-BR,B-ZG-BR,B-ZO-BR,B-ZD-BO,S-ZO-BO,S-ZG-BO,S-ZO-BR,B-ZB-BR,B-ZF-BR,B-ZC-BR,S-ZD-BR
294,2001.09.14 00:00,USDCAD,60,86400,BUY,ZG,0,1.56660,1.55670,990.0,1.56940,1.56020,920.0,92.929,35.35,640.0,233.6,1.56660,1.56020,1.57580,BREAK,2001.09.27 16:00,0,,0,,0,,0,NA,NewYork,BREAK,2001.10.31 13:00,BREAK,2001.11.01 09:00,1.55030,UNTOUCHED,,0,,0,,0,,0,NA,Other,NA,,NA,,1.57300,BOUNCE,2001.09.18 15:00,0,,0,,0,,0,NA,NewYork,NA,,NA,,1.55380,UNTOUCHED,,0,,0,,0,,0,NA,Other,NA,,NA,,S-ZC-UN,B-ZF-BO,S-ZE-UN,B-ZE-BO,B-ZE-BO,B-ZG-BR,S-ZO-UN,S-ZD-UN,S-ZF-UN,B-ZF-BR,B-ZO-BR,B-ZD-BO,S-ZO-BO,S-ZG-BO,S-ZO-BR,B-ZB-BR,B-ZF-BR,B-ZC-BR,S-ZD-BR,S-ZC-BR
295,2001.09.15 00:00,USDCAD,60,86400,BUY,ZO,0,1.56940,1.56020,920.0,1.57080,1.56280,800.0,86.957,28.26,660.0,217.1,1.56940,1.56280,1.57740,BREAK,2001.09.27 16:00,0,,0,,0,,0,NA,NewYork,BREAK,2001.10.31 14:00,BREAK,2001.11.01 11:00,1.55360,UNTOUCHED,,0,,0,,0,,0,NA,Other,NA,,NA,,1.57600,BREAK,2001.09.27 16:00,0,,0,,0,,0,NA,NewYork,BREAK,2001.10.31 14:00,BREAK,2001.11.01 09:00,1.55620,BOUNCE,2001.10.15 15:00,1,2001.10.18 17:00,1,2001.10.18 17:00,0,,2,3d 2h,NewYork,NA,,NA,,B-ZG-BR,S-ZC-UN,B-ZF-BO,S-ZE-UN,B-ZE-BO,B-ZE-BO,B-ZG-BR,S-ZO-UN,S-ZD-UN,S-ZF-UN,B-ZD-BO,S-ZO-BO,S-ZG-BO,S-ZO-BR,B-ZB-BR,B-ZF-BR,B-ZC-BR,S-ZD-BR,S-ZC-BR,B-ZC-BR
296,2001.09.19 00:00,USDCAD,60,86400,BUY,ZD,1,1.57100,1.56330,770.0,1.57370,1.56870,500.0,64.935,70.13,230.0,181.7,1.57100,1.56870,1.57600,BOUNCE,2001.09.27 16:00,1,2001.10.02 03:00,1,2001.10.03 10:00,1,2001.10.05 19:00,3,1w 1d,NewYork,NA,,NA,,1.56100,BOUNCE,2001.10.05 19:00,1,2001.10.09 20:00,1,2001.10.18 04:00,1,2001.10.18 17:00,3,1w 5d,NewYork,NA,,NA,,1.57330,BOUNCE,2001.09.19 09:00,1,2001.09.19 17:00,1,2001.10.05 19:00,0,,2,2w 2d,London,NA,,NA,,1.56640,BOUNCE,2001.09.19 17:00,1,2001.09.26 17:00,1,2001.09.26 17:00,0,,2,1w 0d,NewYork,NA,,NA,,B-ZO-BR,B-ZG-BR,S-ZC-UN,B-ZF-BO,S-ZE-UN,B-ZE-BO,B-ZE-BO,B-ZG-BR,S-ZO-UN,S-ZD-UN,S-ZO-BO,S-ZG-BO,S-ZO-BR,B-ZB-BR,B-ZF-BR,B-ZC-BR,S-ZD-BR,S-ZC-BR,B-ZC-BR,B-ZO-BR
297,2001.09.21 00:00,USDCAD,60,86400,SELL,ZO,0,1.57420,1.56620,800.0,1.57290,1.56590,700.0,87.500,16.25,670.0,188.8,1.57290,1.56620,1.55920,BOUNCE,2001.10.09 13:00,1,2001.10.18 04:00,1,2001.10.18 20:00,1,2001.10.31 12:00,3,3w 0d,NewYork,NA,,NA,,1.58090,BOUNCE,2001.09.28 18:00,1,2001.10.02 21:00,1,2001.10.09 13:00,1,2001.10.09 13:00,3,1w 3d,NewYork,NA,,NA,,1.55950,BREAK,2001.10.09 13:00,0,,0,,0,,0,NA,NewYork,UNTOUCHED,,NA,,1.57960,BOUNCE,2001.09.28 17:00,1,2001.10.09 13:00,1,2001.10.09 13:00,0,,2,1w 3d,NewYork,NA,,NA,,B-ZD-BO,B-ZO-BR,B-ZG-BR,S-ZC-UN,B-ZF-BO,S-ZE-UN,B-ZE-BO,B-ZE-BO,B-ZG-BR,S-ZO-UN,S-ZG-BO,S-ZO-BR,B-ZB-BR,B-ZF-BR,B-ZC-BR,S-ZD-BR,S-ZC-BR,B-ZC-BR,B-ZO-BR,S-ZO-BO
298,2001.09.22 00:00,USDCAD,60,86400,SELL,ZG,0,1.57290,1.56590,700.0,1.57210,1.56230,980.0,140.000,11.43,620.0,165.2,1.57210,1.56590,1.55610,BOUNCE,2001.10.15 15:00,1,2001.10.17 17:00,1,2001.10.18 20:00,1,2001.10.18 20:00,3,3d 5h,NewYork,NA,,NA,,1.57910,BREAK,2001.09.27 18:00,0,,0,,0,,0,NA,NewYork,BREAK,2001.10.31 14:00,BREAK,2001.11.01 12:00,1.55970,BREAK,2001.10.09 13:00,0,,0,,0,,0,NA,NewYork,UNTOUCHED,,NA,,1.57830,BREAK,2001.09.27 17:00,0,,0,,0,,0,NA,NewYork,BREAK,2001.10.31 14:00,BREAK,2001.11.01 09:00,S-ZO-BO,B-ZD-BO,B-ZO-BR,B-ZG-BR,S-ZC-UN,B-ZF-BO,S-ZE-UN,B-ZE-BO,B-ZE-BO,B-ZG-BR,S-ZO-BR,B-ZB-BR,B-ZF-BR,B-ZC-BR,S-ZD-BR,S-ZC-BR,B-ZC-BR,B-ZO-BR,S-ZO-BO,S-ZD-UN
299,2001.09.26 00:00,USDCAD,60,86400,SELL,ZO,0,1.57210,1.56670,540.0,1.57190,1.56570,620.0,114.815,3.70,520.0,127.4,1.57190,1.56670,1.56050,BREAK,2001.10.08 21:00,0,,0,,0,,0,NA,Other,UNTOUCHED,,NA,,1.57730,BREAK,2001.09.27 16:00,0,,0,,0,,0,NA,NewYork,BREAK,2001.10.31 13:00,BREAK,2001.11.01 00:00,1.56150,BREAK,2001.10.05 18:00,0,,0,,0,,0,NA,NewYork,BOUNCE,2001.10.15 15:00,NA,,1.57710,BREAK,2001.09.27 16:00,0,,0,,0,,0,NA,NewYork,BREAK,2001.10.31 13:00,BREAK,2001.10.31 23:00,S-ZG-BO,S-ZO-BO,B-ZD-BO,B-ZO-BR,B-ZG-BR,S-ZC-UN,B-ZF-BO,S-ZE-UN,B-ZE-BO,B-ZE-BO,B-ZB-BR,B-ZF-BR,B-ZC-BR,S-ZD-BR,S-ZC-BR,B-ZC-BR,B-ZO-BR,S-ZO-BO,S-ZD-UN,B-ZF-BR
300,2001.09.27 00:00,USDCAD,60,86400,BUY,ZB,1,1.57190,1.56570,620.0,1.57510,1.56910,600.0,96.774,54.84,280.0,146.3,1.57190,1.56910,1.57790,BREAK,2001.09.27 17:00,0,,0,,0,,0,NA,NewYork,BOUNCE,2001.09.28 18:00,NA,,1.56290,BREAK,2001.10.05 18:00,0,,0,,0,,0,NA,NewYork,BOUNCE,2001.10.08 21:00,NA,,1.57470,BREAK,2001.09.27 16:00,0,,0,,0,,0,NA,NewYork,BREAK,2001.09.27 18:00,BOUNCE,2001.09.28 17:00,1.56630,BOUNCE,2001.10.03 10:00,1,2001.10.18 17:00,1,2001.10.18 17:00,0,,2,2w 1d,London,NA,,NA,,S-ZO-BR,S-ZG-BO,S-ZO-BO,B-ZD-BO,B-ZO-BR,B-ZG-BR,S-ZC-UN,B-ZF-BO,S-ZE-UN,B-ZE-BO,B-ZF-BR,B-ZC-BR,S-ZD-BR,S-ZC-BR,B-ZC-BR,B-ZO-BR,S-ZO-BO,S-ZD-UN,B-ZF-BR,B-ZD-BO
301,2001.09.28 00:00,USDCAD,60,86400,BUY,ZF,1,1.57510,1.56910,600.0,1.57950,1.57120,830.0,138.333,35.00,390.0,141.6,1.57510,1.57120,1.58340,BREAK,2001.10.31 13:00,0,,0,,0,,0,NA,NewYork,BREAK,2001.10.31 23:00,BREAK,2001.11.01 11:00,1.56520,BOUNCE,2001.10.04 15:00,1,2001.10.18 04:00,1,2001.10.18 20:00,1,2001.10.31 13:00,3,3w 5d,NewYork,NA,,NA,,1.57900,BREAK,2001.09.28 00:00,0,,0,,0,,0,NA,Asia,BREAK,2001.10.31 13:00,BREAK,2001.10.31 17:00,1.56730,BREAK,2001.10.02 21:00,0,,0,,0,,0,NA,Other,BREAK,2001.10.05 18:00,BREAK,2001.10.09 15:00,B-ZB-BR,S-ZO-BR,S-ZG-BO,S-ZO-BO,B-ZD-BO,B-ZO-BR,B-ZG-BR,S-ZC-UN,B-ZF-BO,S-ZE-UN,B-ZC-BR,S-ZD-BR,S-ZC-BR,B-ZC-BR,B-ZO-BR,S-ZO-BO,S-ZD-UN,B-ZF-BR,B-ZD-BO,B-ZH-BR
302,2001.09.29 00:00,USDCAD,60,86400,BUY,ZC,1,1.57950,1.57120,830.0,1.58120,1.57520,600.0,72.289,48.19,430.0,195.9,1.57950,1.57520,1.58550,BREAK,2001.10.31 14:00,0,,0,,0,,0,NA,NewYork,BREAK,2001.11.01 09:00,BREAK,2001.11.02 00:00,1.56690,BREAK,2001.10.02 22:00,0,,0,,0,,0,NA,Other,BREAK,2001.10.08 21:00,BOUNCE,2001.10.09 17:00,1.58380,BREAK,2001.10.31 13:00,0,,0,,0,,0,NA,NewYork,BREAK,2001.11.01 09:00,BREAK,2001.11.01 22:00,1.57090,BREAK,2001.10.02 11:00,0,,0,,0,,0,NA,London,BOUNCE,2001.10.05 04:00,NA,,B-ZF-BR,B-ZB-BR,S-ZO-BR,S-ZG-BO,S-ZO-BO,B-ZD-BO,B-ZO-BR,B-ZG-BR,S-ZC-UN,B-ZF-BO,S-ZD-BR,S-ZC-BR,B-ZC-BR,B-ZO-BR,S-ZO-BO,S-ZD-UN,B-ZF-BR,B-ZD-BO,B-ZH-BR,S-ZF-UN
303,2001.10.03 00:00,USDCAD,60,86400,SELL,ZD,1,1.58000,1.57220,780.0,1.57520,1.56660,860.0,110.256,61.54,300.0,184.1,1.57520,1.57220,1.56360,BREAK,2001.10.05 17:00,0,,0,,0,,0,NA,NewYork,BREAK,2001.10.09 13:00,BOUNCE,2001.10.09 17:00,1.58300,BOUNCE,2001.10.31 13:00,0,,0,,0,,0,NA,NewYork,NA,,NA,,1.56920,BREAK,2001.10.03 00:00,0,,0,,0,,0,NA,Asia,BOUNCE,2001.10.03 17:00,NA,,1.57820,BREAK,2001.10.18 20:00,0,,0,,0,,0,NA,NewYork,BOUNCE,2001.10.31 12:00,NA,,B-ZC-BR,B-ZF-BR,B-ZB-BR,S-ZO-BR,S-ZG-BO,S-ZO-BO,B-ZD-BO,B-ZO-BR,B-ZG-BR,S-ZC-UN,S-ZC-BR,B-ZC-BR,B-ZO-BR,S-ZO-BO,S-ZD-UN,B-ZF-BR,B-ZD-BO,B-ZH-BR,S-ZF-UN,B-ZO-BR
304,2001.10.04 00:00,USDCAD,60,86400,SELL,ZC,1,1.57520,1.56660,860.0,1.56960,1.56550,410.0,47.674,65.12,300.0,203.0,1.56960,1.56660,1.56250,BREAK,2001.10.05 18:00,0,,0,,0,,0,NA,NewYork,BOUNCE,2001.10.09 17:00,NA,,1.57820,BOUNCE,2001.10.18 20:00,1,2001.10.23 17:00,0,,0,,1,4d 21h,NewYork,NA,,NA,,1.56360,BREAK,2001.10.05 17:00,0,,0,,0,,0,NA,NewYork,BREAK,2001.10.09 13:00,BOUNCE,2001.10.15 15:00,1.57260,BREAK,2001.10.18 04:00,0,,0,,0,,0,NA,Asia,BOUNCE,2001.10.18 17:00,NA,,S-ZD-BR,B-ZC-BR,B-ZF-BR,B-ZB-BR,S-ZO-BR,S-ZG-BO,S-ZO-BO,B-ZD-BO,B-ZO-BR,B-ZG-BR,B-ZC-BR,B-ZO-BR,S-ZO-BO,S-ZD-UN,B-ZF-BR,B-ZD-BO,B-ZH-BR,S-ZF-UN,B-ZO-BR,S-ZO-UN
305,2001.10.11 00:00,USDCAD,60,86400,BUY,ZC,1,1.56750,1.55760,990.0,1.56940,1.56180,760.0,76.768,42.42,570.0,233.6,1.56750,1.56180,1.57510,BREAK,2001.10.18 17:00,0,,0,,0,,0,NA,NewYork,BREAK,2001.10.31 13:00,BREAK,2001.10.31 23:00,1.55190,UNTOUCHED,,0,,0,,0,,0,NA,Other,NA,,NA,,1.57320,BREAK,2001.10.18 04:00,0,,0,,0,,0,NA,Asia,BOUNCE,2001.10.23 17:00,NA,,1.55610,BOUNCE,2001.10.15 15:00,1,2001.10.18 04:00,1,2001.10.18 04:00,0,,2,2d 13h,NewYork,NA,,NA,,S-ZC-BR,S-ZD-BR,B-ZC-BR,B-ZF-BR,B-ZB-BR,S-ZO-BR,S-ZG-BO,S-ZO-BO,B-ZD-BO,B-ZO-BR,B-ZO-BR,S-ZO-BO,S-ZD-UN,B-ZF-BR,B-ZD-BO,B-ZH-BR,S-ZF-UN,B-ZO-BR,S-ZO-UN,S-ZH-BO
306,2001.10.12 00:00,USDCAD,60,86400,BUY,ZO,0,1.56940,1.56180,760.0,1.57030,1.56350,680.0,89.474,22.37,590.0,179.4,1.56940,1.56350,1.57620,BREAK,2001.10.18 17:00,0,,0,,0,,0,NA,NewYork,BREAK,2001.10.31 13:00,BREAK,2001.11.01 09:00,1.55590,BOUNCE,2001.10.15 15:00,1,2001.10.17 17:00,1,2001.10.18 17:00,1,2001.10.18 17:00,3,3d 2h,NewYork,NA,,NA,,1.57530,BREAK,2001.10.18 17:00,0,,0,,0,,0,NA,NewYork,BREAK,2001.10.31 13:00,BREAK,2001.10.31 23:00,1.55760,BREAK,2001.10.15 15:00,0,,0,,0,,0,NA,NewYork,UNTOUCHED,,NA,,B-ZC-BR,S-ZC-BR,S-ZD-BR,B-ZC-BR,B-ZF-BR,B-ZB-BR,S-ZO-BR,S-ZG-BO,S-ZO-BO,B-ZD-BO,S-ZO-BO,S-ZD-UN,B-ZF-BR,B-ZD-BO,B-ZH-BR,S-ZF-UN,B-ZO-BR,S-ZO-UN,S-ZH-BO,B-ZG-BO
307,2001.10.13 00:00,USDCAD,60,86400,SELL,ZO,0,1.57030,1.56350,680.0,1.56850,1.56090,760.0,111.765,26.47,500.0,160.5,1.56850,1.56350,1.55590,BOUNCE,2001.10.15 15:00,1,2001.10.17 00:00,1,2001.10.18 12:00,1,2001.10.18 17:00,3,3d 2h,NewYork,NA,,NA,,1.57530,BREAK,2001.10.18 17:00,0,,0,,0,,0,NA,NewYork,BOUNCE,2001.10.23 17:00,NA,,1.55850,BREAK,2001.10.15 15:00,0,,0,,0,,0,NA,NewYork,UNTOUCHED,,NA,,1.57350,BREAK,2001.10.18 12:00,0,,0,,0,,0,NA,London,BREAK,2001.10.22 20:00,BREAK,2001.10.31 14:00,B-ZO-BR,B-ZC-BR,S-ZC-BR,S-ZD-BR,B-ZC-BR,B-ZF-BR,B-ZB-BR,S-ZO-BR,S-ZG-BO,S-ZO-BO,S-ZD-UN,B-ZF-BR,B-ZD-BO,B-ZH-BR,S-ZF-UN,B-ZO-BR,S-ZO-UN,S-ZH-BO,B-ZG-BO,B-ZB-BO
308,2001.10.16 00:00,USDCAD,60,86400,SELL,ZD,1,1.56410,1.56190,220.0,1.56280,1.55540,740.0,336.364,59.09,90.0,51.9,1.56280,1.56190,1.55450,UNTOUCHED,,0,,0,,0,,0,NA,Other,NA,,NA,,1.56500,BOUNCE,2001.10.16 20:00,1,2001.10.16 21:00,0,,0,,1,1h,NewYork,NA,,NA,,1.56100,BREAK,2001.10.16 00:00,0,,0,,0,,0,NA,Asia,BREAK,2001.10.16 01:00,BREAK,2001.10.16 02:00,1.56370,BREAK,2001.10.16 20:00,0,,0,,0,,0,NA,NewYork,BOUNCE,2001.10.16 21:00,NA,,S-ZO-BO,B-ZO-BR,B-ZC-BR,S-ZC-BR,S-ZD-BR,B-ZC-BR,B-ZF-BR,B-ZB-BR,S-ZO-BR,S-ZG-BO,B-ZF-BR,B-ZD-BO,B-ZH-BR,S-ZF-UN,B-ZO-BR,S-ZO-UN,S-ZH-BO,B-ZG-BO,B-ZB-BO,B-ZO-BO
309,2001.10.17 00:00,USDCAD,60,86400,BUY,ZF,0,1.56280,1.55540,740.0,1.56500,1.55720,780.0,105.405,24.32,560.0,174.6,1.56280,1.55720,1.57060,BREAK,2001.10.18 00:00,0,,0,,0,,0,NA,Asia,BREAK,2001.10.18 20:00,BREAK,2001.10.31 13:00,1.54980,UNTOUCHED,,0,,0,,0,,0,NA,Other,NA,,NA,,1.56840,BREAK,2001.10.17 17:00,0,,0,,0,,0,NA,NewYork,BREAK,2001.10.18 17:00,BOUNCE,2001.10.20 00:00,1.55160,UNTOUCHED,,0,,0,,0,,0,NA,Other,NA,,NA,,S-ZD-UN,S-ZO-BO,B-ZO-BR,B-ZC-BR,S-ZC-BR,S-ZD-BR,B-ZC-BR,B-ZF-BR,B-ZB-BR,S-ZO-BR,B-ZD-BO,B-ZH-BR,S-ZF-UN,B-ZO-BR,S-ZO-UN,S-ZH-BO,B-ZG-BO,B-ZB-BO,B-ZO-BO,B-ZE-BO
310,2001.10.18 00:00,USDCAD,60,86400,BUY,ZD,1,1.56500,1.55720,780.0,1.57020,1.56270,750.0,96.154,70.51,230.0,184.1,1.56500,1.56270,1.57250,BOUNCE,2001.10.18 03:00,0,,0,,0,,0,NA,Asia,NA,,NA,,1.55490,UNTOUCHED,,0,,0,,0,,0,NA,Other,NA,,NA,,1.56730,BREAK,2001.10.18 00:00,0,,0,,0,,0,NA,Asia,BREAK,2001.10.18 03:00,BREAK,2001.10.18 14:00,1.56040,UNTOUCHED,,0,,0,,0,,0,NA,Other,NA,,NA,,B-ZF-BR,S-ZD-UN,S-ZO-BO,B-ZO-BR,B-ZC-BR,S-ZC-BR,S-ZD-BR,B-ZC-BR,B-ZF-BR,B-ZB-BR,B-ZH-BR,S-ZF-UN,B-ZO-BR,S-ZO-UN,S-ZH-BO,B-ZG-BO,B-ZB-BO,B-ZO-BO,B-ZE-BO,B-ZD-UN
311,2001.10.23 00:00,USDCAD,60,86400,BUY,ZH,1,1.57530,1.57360,170.0,1.58060,1.57390,670.0,394.118,17.65,140.0,40.1,1.57530,1.57390,1.58200,BREAK,2001.10.31 13:00,0,,0,,0,,0,NA,NewYork,BREAK,2001.10.31 14:00,BREAK,2001.10.31 15:00,1.57220,BREAK,2001.10.23 17:00,0,,0,,0,,0,NA,NewYork,BREAK,2001.10.23 18:00,UNTOUCHED,,1.57670,BREAK,2001.10.23 00:00,0,,0,,0,,0,NA,Asia,BREAK,2001.10.23 01:00,BREAK,2001.10.23 09:00,1.57250,BREAK,2001.10.23 17:00,0,,0,,0,,0,NA,NewYork,BREAK,2001.10.23 18:00,UNTOUCHED,,B-ZD-BO,B-ZF-BR,S-ZD-UN,S-ZO-BO,B-ZO-BR,B-ZC-BR,S-ZC-BR,S-ZD-BR,B-ZC-BR,B-ZF-BR,S-ZF-UN,B-ZO-BR,S-ZO-UN,S-ZH-BO,B-ZG-BO,B-ZB-BO,B-ZO-BO,B-ZE-BO,B-ZD-UN,S-ZF-BR
312,2001.10.24 00:00,USDCAD,60,86400,SELL,ZF,1,1.58060,1.57390,670.0,1.58050,1.56970,1080.0,161.194,1.49,660.0,158.1,1.58050,1.57390,1.56310,UNTOUCHED,,0,,0,,0,,0,NA,Other,NA,,NA,,1.58720,BREAK,2001.10.31 14:00,0,,0,,0,,0,NA,NewYork,BREAK,2001.11.01 23:00,BREAK,2001.11.09 18:00,1.56730,UNTOUCHED,,0,,0,,0,,0,NA,Other,NA,,NA,,1.58710,BREAK,2001.10.31 14:00,0,,0,,0,,0,NA,NewYork,BREAK,2001.11.01 23:00,BREAK,2001.11.09 18:00,B-ZH-BR,B-ZD-BO,B-ZF-BR,S-ZD-UN,S-ZO-BO,B-ZO-BR,B-ZC-BR,S-ZC-BR,S-ZD-BR,B-ZC-BR,B-ZO-BR,S-ZO-UN,S-ZH-BO,B-ZG-BO,B-ZB-BO,B-ZO-BO,B-ZE-BO,B-ZD-UN,S-ZF-BR,S-ZG-BR
313,2001.10.26 00:00,USDCAD,60,86400,BUY,ZO,0,1.57710,1.57020,690.0,1.57850,1.57260,590.0,85.507,34.78,450.0,162.8,1.57710,1.57260,1.58300,BREAK,2001.10.31 13:00,0,,0,,0,,0,NA,NewYork,BREAK,2001.11.01 09:00,BREAK,2001.11.01 13:00,1.56570,UNTOUCHED,,0,,0,,0,,0,NA,Other,NA,,NA,,1.58160,BREAK,2001.10.31 13:00,0,,0,,0,,0,NA,NewYork,BREAK,2001.10.31 17:00,BREAK,2001.11.01 09:00,1.56810,UNTOUCHED,,0,,0,,0,,0,NA,Other,NA,,NA,,S-ZF-UN,B-ZH-BR,B-ZD-BO,B-ZF-BR,S-ZD-UN,S-ZO-BO,B-ZO-BR,B-ZC-BR,S-ZC-BR,S-ZD-BR,S-ZO-UN,S-ZH-BO,B-ZG-BO,B-ZB-BO,B-ZO-BO,B-ZE-BO,B-ZD-UN,S-ZF-BR,S-ZG-BR,B-ZO-BR
314,2001.10.27 00:00,USDCAD,60,86400,SELL,ZO,0,1.57850,1.57260,590.0,1.57830,1.57250,580.0,98.305,3.39,570.0,139.2,1.57830,1.57260,1.56680,UNTOUCHED,,0,,0,,0,,0,NA,Other,NA,,NA,,1.58420,BREAK,2001.10.31 13:00,0,,0,,0,,0,NA,NewYork,BREAK,2001.11.01 09:00,BREAK,2001.11.02 16:00,1.56690,UNTOUCHED,,0,,0,,0,,0,NA,Other,NA,,NA,,1.58400,BREAK,2001.10.31 13:00,0,,0,,0,,0,NA,NewYork,BREAK,2001.11.01 09:00,BREAK,2001.11.02 10:00,B-ZO-BR,S-ZF-UN,B-ZH-BR,B-ZD-BO,B-ZF-BR,S-ZD-UN,S-ZO-BO,B-ZO-BR,B-ZC-BR,S-ZC-BR,S-ZH-BO,B-ZG-BO,B-ZB-BO,B-ZO-BO,B-ZE-BO,B-ZD-UN,S-ZF-BR,S-ZG-BR,B-ZO-BR,B-ZB-BO
315,2001.10.30 00:00,USDCAD,60,86400,SELL,ZH,1,1.57820,1.57540,280.0,1.57800,1.57320,480.0,171.429,7.14,260.0,66.1,1.57800,1.57540,1.57060,BOUNCE,2001.11.30 19:00,1,2001.12.03 05:00,0,,0,,1,2d 10h,NewYork,NA,,NA,,1.58080,BOUNCE,2001.10.31 12:00,1,2001.11.30 17:00,1,2001.11.30 18:00,1,2001.11.30 19:00,3,4w 2d,London,NA,,NA,,1.57280,BREAK,2001.11.30 18:00,0,,0,,0,,0,NA,NewYork,BREAK,2001.12.04 16:00,BREAK,2001.12.12 06:00,1.58060,BREAK,2001.10.31 12:00,0,,0,,0,,0,NA,London,BREAK,2001.10.31 13:00,BREAK,2001.10.31 14:00,S-ZO-UN,B-ZO-BR,S-ZF-UN,B-ZH-BR,B-ZD-BO,B-ZF-BR,S-ZD-UN,S-ZO-BO,B-ZO-BR,B-ZC-BR,B-ZG-BO,B-ZB-BO,B-ZO-BO,B-ZE-BO,B-ZD-UN,S-ZF-BR,S-ZG-BR,B-ZO-BR,B-ZB-BO,B-ZB-BO
316,2001.10.31 00:00,USDCAD,60,86400,BUY,ZG,0,1.57800,1.57320,480.0,1.58000,1.57340,660.0,137.500,4.17,460.0,113.3,1.57800,1.57340,1.58460,BOUNCE,2001.10.31 13:00,1,2001.11.30 17:00,0,,0,,1,4w 2d,NewYork,NA,,NA,,1.56860,UNTOUCHED,,0,,0,,0,,0,NA,Other,NA,,NA,,1.58260,BREAK,2001.10.31 13:00,0,,0,,0,,0,NA,NewYork,BREAK,2001.10.31 17:00,BREAK,2001.11.01 12:00,1.56880,UNTOUCHED,,0,,0,,0,,0,NA,Other,NA,,NA,,S-ZH-BO,S-ZO-UN,B-ZO-BR,S-ZF-UN,B-ZH-BR,B-ZD-BO,B-ZF-BR,S-ZD-UN,S-ZO-BO,B-ZO-BR,B-ZB-BO,B-ZO-BO,B-ZE-BO,B-ZD-UN,S-ZF-BR,S-ZG-BR,B-ZO-BR,B-ZB-BO,B-ZB-BO,B-ZE-UN
317,2001.11.01 00:00,USDCAD,60,86400,BUY,ZB,1,1.58000,1.57340,660.0,1.58890,1.57680,1210.0,183.333,51.52,320.0,155.8,1.58000,1.57680,1.59210,BOUNCE,2001.11.01 09:00,1,2001.11.15 19:00,1,2001.11.30 18:00,1,2001.12.04 16:00,3,4w 5d,London,NA,,NA,,1.57020,BOUNCE,2001.12.04 16:00,1,2001.12.06 00:00,0,,0,,1,1d 8h,NewYork,NA,,NA,,1.58320,BREAK,2001.11.01 00:00,0,,0,,0,,0,NA,Asia,BREAK,2001.11.01 01:00,BREAK,2001.11.01 09:00,1.57360,BREAK,2001.11.30 18:00,0,,0,,0,,0,NA,NewYork,BOUNCE,2001.11.30 19:00,NA,,B-ZG-BO,S-ZH-BO,S-ZO-UN,B-ZO-BR,S-ZF-UN,B-ZH-BR,B-ZD-BO,B-ZF-BR,S-ZD-UN,S-ZO-BO,B-ZO-BO,B-ZE-BO,B-ZD-UN,S-ZF-BR,S-ZG-BR,B-ZO-BR,B-ZB-BO,B-ZB-BO,B-ZE-UN,S-ZC-BR
318,2001.11.03 00:00,USDCAD,60,86400,BUY,ZO,0,1.59590,1.58750,840.0,1.59730,1.58960,770.0,91.667,25.00,630.0,198.2,1.59590,1.58960,1.60360,BOUNCE,2001.11.09 20:00,1,2001.11.14 12:00,1,2001.11.19 12:00,1,2001.11.29 13:00,3,2w 5d,NewYork,NA,,NA,,1.58120,BREAK,2001.11.29 13:00,0,,0,,0,,0,NA,NewYork,BREAK,2001.11.30 18:00,BREAK,2001.12.12 06:00,1.60220,BREAK,2001.11.09 18:00,0,,0,,0,,0,NA,NewYork,UNTOUCHED,,NA,,1.58330,BOUNCE,2001.11.19 12:00,1,2001.11.21 18:00,1,2001.11.21 18:00,0,,2,2d 6h,London,NA,,NA,,B-ZB-BO,B-ZG-BO,S-ZH-BO,S-ZO-UN,B-ZO-BR,S-ZF-UN,B-ZH-BR,B-ZD-BO,B-ZF-BR,S-ZD-UN,B-ZE-BO,B-ZD-UN,S-ZF-BR,S-ZG-BR,B-ZO-BR,B-ZB-BO,B-ZB-BO,B-ZE-UN,S-ZC-BR,S-ZF-BO
319,2001.11.09 00:00,USDCAD,60,86400,BUY,ZE,1,1.59930,1.58890,1040.0,1.59940,1.59480,460.0,44.231,56.73,450.0,245.4,1.59930,1.59480,1.60390,BOUNCE,2001.11.09 20:00,1,2001.11.13 15:00,1,2001.11.14 12:00,1,2001.11.19 11:00,3,1w 2d,NewYork,NA,,NA,,1.58440,BOUNCE,2001.11.19 11:00,1,2001.11.20 13:00,0,,0,,1,1d 2h,London,NA,,NA,,1.60380,BOUNCE,2001.11.09 20:00,1,2001.11.14 12:00,1,2001.11.19 11:00,0,,2,1w 2d,NewYork,NA,,NA,,1.59030,BREAK,2001.11.14 12:00,0,,0,,0,,0,NA,London,BOUNCE,2001.11.16 01:00,NA,,B-ZO-BO,B-ZB-BO,B-ZG-BO,S-ZH-BO,S-ZO-UN,B-ZO-BR,S-ZF-UN,B-ZH-BR,B-ZD-BO,B-ZF-BR,B-ZD-UN,S-ZF-BR,S-ZG-BR,B-ZO-BR,B-ZB-BO,B-ZB-BO,B-ZE-UN,S-ZC-BR,S-ZF-BO,S-ZB-BO
320,2001.11.10 00:00,USDCAD,60,86400,BUY,ZD,1,1.59940,1.59480,460.0,1.60520,1.59700,820.0,178.261,47.83,240.0,108.6,1.59940,1.59700,1.60760,UNTOUCHED,,0,,0,,0,,0,NA,Other,NA,,NA,,1.59240,BREAK,2001.11.14 11:00,0,,0,,0,,0,NA,London,BREAK,2001.11.14 13:00,BOUNCE,2001.11.14 16:00,1.60180,BREAK,2001.11.10 00:00,0,,0,,0,,0,NA,Asia,BOUNCE,2001.11.12 17:00,NA,,1.59460,BREAK,2001.11.13 22:00,0,,0,,0,,0,NA,Other,BREAK,2001.11.14 12:00,BREAK,2001.11.14 13:00,B-ZE-BO,B-ZO-BO,B-ZB-BO,B-ZG-BO,S-ZH-BO,S-ZO-UN,B-ZO-BR,S-ZF-UN,B-ZH-BR,B-ZD-BO,S-ZF-BR,S-ZG-BR,B-ZO-BR,B-ZB-BO,B-ZB-BO,B-ZE-UN,S-ZC-BR,S-ZF-BO,S-ZB-BO,B-ZD-BO
321,2001.11.14 00:00,USDCAD,60,86400,SELL,ZF,1,1.60490,1.60050,440.0,1.60440,1.59360,1080.0,245.455,11.36,390.0,103.8,1.60440,1.60050,1.58970,BREAK,2001.11.14 12:00,0,,0,,0,,0,NA,London,BOUNCE,2001.11.16 01:00,NA,,1.60880,UNTOUCHED,,0,,0,,0,,0,NA,Other,NA,,NA,,1.59660,BREAK,2001.11.14 00:00,0,,0,,0,,0,NA,Asia,BREAK,2001.11.14 12:00,BREAK,2001.11.14 16:00,1.60830,UNTOUCHED,,0,,0,,0,,0,NA,Other,NA,,NA,,B-ZD-UN,B-ZE-BO,B-ZO-BO,B-ZB-BO,B-ZG-BO,S-ZH-BO,S-ZO-UN,B-ZO-BR,S-ZF-UN,B-ZH-BR,S-ZG-BR,B-ZO-BR,B-ZB-BO,B-ZB-BO,B-ZE-UN,S-ZC-BR,S-ZF-BO,S-ZB-BO,B-ZD-BO,B-ZO-BR
322,2001.11.16 00:00,USDCAD,60,86400,SELL,ZG,0,1.59480,1.58760,720.0,1.59270,1.58560,710.0,98.611,29.17,510.0,169.9,1.59270,1.58760,1.58050,BREAK,2001.11.29 13:00,0,,0,,0,,0,NA,NewYork,BREAK,2001.11.30 17:00,BOUNCE,2001.12.03 04:00,1.59990,BREAK,2001.11.21 14:00,0,,0,,0,,0,NA,NewYork,BOUNCE,2001.12.24 17:00,NA,,1.58250,BOUNCE,2001.11.19 16:00,1,2001.11.21 11:00,1,2001.11.21 14:00,0,,2,1d 22h,NewYork,NA,,NA,,1.59780,BREAK,2001.11.21 11:00,0,,0,,0,,0,NA,London,BREAK,2001.12.24 17:00,BREAK,2002.01.17 12:00,S-ZF-BR,B-ZD-UN,B-ZE-BO,B-ZO-BO,B-ZB-BO,B-ZG-BO,S-ZH-BO,S-ZO-UN,B-ZO-BR,S-ZF-UN,B-ZO-BR,B-ZB-BO,B-ZB-BO,B-ZE-UN,S-ZC-BR,S-ZF-BO,S-ZB-BO,B-ZD-BO,B-ZO-BR,S-ZF-BR
323,2001.11.17 00:00,USDCAD,60,86400,BUY,ZO,0,1.59270,1.58560,710.0,1.59290,1.58640,650.0,91.549,11.27,630.0,167.6,1.59270,1.58640,1.59920,BREAK,2001.11.21 14:00,0,,0,,0,,0,NA,NewYork,BOUNCE,2001.12.24 17:00,NA,,1.57930,BREAK,2001.11.29 15:00,0,,0,,0,,0,NA,NewYork,BREAK,2001.11.30 18:00,BREAK,2001.12.12 16:00,1.59900,BREAK,2001.11.21 14:00,0,,0,,0,,0,NA,NewYork,BOUNCE,2001.12.24 18:00,NA,,1.58010,BREAK,2001.11.29 13:00,0,,0,,0,,0,NA,NewYork,BREAK,2001.11.30 18:00,BREAK,2001.12.12 07:00,S-ZG-BR,S-ZF-BR,B-ZD-UN,B-ZE-BO,B-ZO-BO,B-ZB-BO,B-ZG-BO,S-ZH-BO,S-ZO-UN,B-ZO-BR,B-ZB-BO,B-ZB-BO,B-ZE-UN,S-ZC-BR,S-ZF-BO,S-ZB-BO,B-ZD-BO,B-ZO-BR,S-ZF-BR,B-ZF-BR
324,2001.11.21 00:00,USDCAD,60,86400,BUY,ZB,1,1.59000,1.58240,760.0,1.59620,1.58740,880.0,115.789,65.79,260.0,179.4,1.59000,1.58740,1.59880,BOUNCE,2001.11.21 11:00,1,2001.11.27 14:00,1,2001.11.28 18:00,1,2001.11.29 13:00,3,1w 1d,London,NA,,NA,,1.57980,BOUNCE,2001.11.29 13:00,1,2001.12.21 19:00,1,2001.12.24 12:00,1,2001.12.24 16:00,3,3w 4d,NewYork,NA,,NA,,1.59260,BREAK,2001.11.21 00:00,0,,0,,0,,0,NA,Asia,BREAK,2001.11.21 08:00,BREAK,2001.11.21 14:00,1.58480,BREAK,2001.11.28 18:00,0,,0,,0,,0,NA,NewYork,BREAK,2001.11.29 13:00,BOUNCE,2001.11.29 16:00,B-ZO-BR,S-ZG-BR,S-ZF-BR,B-ZD-UN,B-ZE-BO,B-ZO-BO,B-ZB-BO,B-ZG-BO,S-ZH-BO,S-ZO-UN,B-ZB-BO,B-ZE-UN,S-ZC-BR,S-ZF-BO,S-ZB-BO,B-ZD-BO,B-ZO-BR,S-ZF-BR,B-ZF-BR,B-ZC-BR
325,2001.11.22 00:00,USDCAD,60,86400,BUY,ZB,1,1.59620,1.58740,880.0,1.60240,1.59380,860.0,97.727,72.73,240.0,207.7,1.59620,1.59380,1.60480,BOUNCE,2001.12.24 17:00,1,2001.12.24 18:00,1,2001.12.28 22:00,0,,2,4d 5h,NewYork,NA,,NA,,1.58500,BREAK,2001.11.28 18:00,0,,0,,0,,0,NA,NewYork,BREAK,2001.11.29 13:00,BOUNCE,2001.11.29 16:00,1.59860,BREAK,2001.11.22 00:00,0,,0,,0,,0,NA,Asia,BOUNCE,2001.11.22 23:00,NA,,1.59140,BOUNCE,2001.11.27 15:00,1,2001.12.24 16:00,1,2001.12.24 16:00,0,,2,3w 6d,NewYork,NA,,NA,,B-ZB-BO,B-ZO-BR,S-ZG-BR,S-ZF-BR,B-ZD-UN,B-ZE-BO,B-ZO-BO,B-ZB-BO,B-ZG-BO,S-ZH-BO,B-ZE-UN,S-ZC-BR,S-ZF-BO,S-ZB-BO,B-ZD-BO,B-ZO-BR,S-ZF-BR,B-ZF-BR,B-ZC-BR,B-ZF-BO
326,2001.11.23 00:00,USDCAD,60,86400,BUY,ZE,1,1.60240,1.59380,860.0,1.60290,1.59820,470.0,54.651,51.16,420.0,203.0,1.60240,1.59820,1.60710,UNTOUCHED,,0,,0,,0,,0,NA,Other,NA,,NA,,1.58960,BOUNCE,2001.11.28 15:00,1,2001.12.24 16:00,0,,0,,1,3w 5d,NewYork,NA,,NA,,1.60660,UNTOUCHED,,0,,0,,0,,0,NA,Other,NA,,NA,,1.59400,BREAK,2001.11.27 14:00,0,,0,,0,,0,NA,NewYork,BOUNCE,2001.11.28 15:00,NA,,B-ZB-BO,B-ZB-BO,B-ZO-BR,S-ZG-BR,S-ZF-BR,B-ZD-UN,B-ZE-BO,B-ZO-BO,B-ZB-BO,B-ZG-BO,S-ZC-BR,S-ZF-BO,S-ZB-BO,B-ZD-BO,B-ZO-BR,S-ZF-BR,B-ZF-BR,B-ZC-BR,B-ZF-BO,B-ZD-BR
327,2001.11.24 00:00,USDCAD,60,86400,SELL,ZC,1,1.60290,1.59820,470.0,1.60100,1.59590,510.0,108.511,40.43,280.0,110.9,1.60100,1.59820,1.59310,BREAK,2001.11.27 14:00,0,,0,,0,,0,NA,NewYork,BREAK,2001.11.28 15:00,BREAK,2001.11.28 16:00,1.60570,UNTOUCHED,,0,,0,,0,,0,NA,Other,NA,,NA,,1.59540,BOUNCE,2001.11.27 10:00,1,2001.12.24 17:00,0,,0,,1,3w 6d,London,NA,,NA,,1.60380,BREAK,2001.12.24 17:00,0,,0,,0,,0,NA,NewYork,BREAK,2002.01.17 12:00,BREAK,2002.01.17 13:00,B-ZE-UN,B-ZB-BO,B-ZB-BO,B-ZO-BR,S-ZG-BR,S-ZF-BR,B-ZD-UN,B-ZE-BO,B-ZO-BO,B-ZB-BO,S-ZF-BO,S-ZB-BO,B-ZD-BO,B-ZO-BR,S-ZF-BR,B-ZF-BR,B-ZC-BR,B-ZF-BO,B-ZD-BR,B-ZH-BO
328,2001.11.28 00:00,USDCAD,60,86400,SELL,ZF,1,1.60200,1.59720,480.0,1.60040,1.59120,920.0,191.667,33.33,320.0,113.3,1.60040,1.59720,1.58800,BOUNCE,2001.11.28 15:00,1,2001.12.24 12:00,1,2001.12.24 17:00,1,2001.12.24 17:00,3,3w 5d,NewYork,NA,,NA,,1.60520,BOUNCE,2001.12.24 17:00,1,2001.12.24 18:00,1,2001.12.24 19:00,0,,2,2h,NewYork,NA,,NA,,1.59400,BREAK,2001.11.28 00:00,0,,0,,0,,0,NA,Asia,BREAK,2001.11.28 15:00,BREAK,2001.11.28 16:00,1.60360,BREAK,2001.12.24 17:00,0,,0,,0,,0,NA,NewYork,BREAK,2002.01.17 12:00,BREAK,2002.01.17 13:00,S-ZC-BR,B-ZE-UN,B-ZB-BO,B-ZB-BO,B-ZO-BR,S-ZG-BR,S-ZF-BR,B-ZD-UN,B-ZE-BO,B-ZO-BO,S-ZB-BO,B-ZD-BO,B-ZO-BR,S-ZF-BR,B-ZF-BR,B-ZC-BR,B-ZF-BO,B-ZD-BR,B-ZH-BO,S-ZB-BO
329,2001.12.01 00:00,USDCAD,60,86400,SELL,ZB,1,1.58500,1.57890,610.0,1.58260,1.57020,1240.0,203.279,39.34,370.0,144.0,1.58260,1.57890,1.56650,BOUNCE,2001.12.12 06:00,1,2001.12.18 18:00,1,2001.12.22 00:00,1,2001.12.24 12:00,3,1w 5d,Asia,NA,,NA,,1.58870,BREAK,2001.12.24 12:00,0,,0,,0,,0,NA,London,BREAK,2001.12.24 13:00,BREAK,2001.12.24 16:00,1.57520,BREAK,2001.12.01 00:00,0,,0,,0,,0,NA,Asia,BOUNCE,2001.12.03 04:00,NA,,1.58630,BREAK,2001.12.22 00:00,0,,0,,0,,0,NA,Asia,BREAK,2001.12.24 13:00,BREAK,2001.12.24 14:00,S-ZF-BO,S-ZC-BR,B-ZE-UN,B-ZB-BO,B-ZB-BO,B-ZO-BR,S-ZG-BR,S-ZF-BR,B-ZD-UN,B-ZE-BO,B-ZD-BO,B-ZO-BR,S-ZF-BR,B-ZF-BR,B-ZC-BR,B-ZF-BO,B-ZD-BR,B-ZH-BO,S-ZB-BO,B-ZE-BO
330,2001.12.04 00:00,USDCAD,60,86400,BUY,ZD,1,1.57360,1.57100,260.0,1.57780,1.57200,580.0,223.077,38.46,160.0,61.4,1.57360,1.57200,1.57940,BOUNCE,2001.12.10 18:00,1,2001.12.11 17:00,1,2001.12.12 05:00,1,2001.12.12 06:00,3,1d 12h,NewYork,NA,,NA,,1.56940,BOUNCE,2001.12.04 16:00,1,2001.12.04 17:00,1,2001.12.06 00:00,1,2001.12.10 18:00,3,6d 2h,NewYork,NA,,NA,,1.57520,BREAK,2001.12.04 00:00,0,,0,,0,,0,NA,Asia,BREAK,2001.12.04 07:00,BREAK,2001.12.10 18:00,1.57040,BREAK,2001.12.04 16:00,0,,0,,0,,0,NA,NewYork,BREAK,2001.12.12 06:00,BREAK,2001.12.12 07:00,S-ZB-BO,S-ZF-BO,S-ZC-BR,B-ZE-UN,B-ZB-BO,B-ZB-BO,B-ZO-BR,S-ZG-BR,S-ZF-BR,B-ZD-UN,B-ZO-BR,S-ZF-BR,B-ZF-BR,B-ZC-BR,B-ZF-BO,B-ZD-BR,B-ZH-BO,S-ZB-BO,B-ZE-BO,S-ZE-BO
331,2001.12.07 00:00,USDCAD,60,86400,BUY,ZO,0,1.57500,1.56990,510.0,1.57750,1.57070,680.0,133.333,15.69,430.0,120.4,1.57500,1.57070,1.58180,BREAK,2001.12.21 18:00,0,,0,,0,,0,NA,NewYork,BREAK,2001.12.24 10:00,BREAK,2001.12.24 12:00,1.56560,BREAK,2001.12.12 16:00,0,,0,,0,,0,NA,NewYork,BREAK,2001.12.14 23:00,UNTOUCHED,,1.57930,BOUNCE,2001.12.10 18:00,1,2001.12.12 06:00,1,2001.12.12 16:00,0,,2,1d 22h,NewYork,NA,,NA,,1.56640,BREAK,2001.12.12 06:00,0,,0,,0,,0,NA,Asia,BREAK,2001.12.14 20:00,UNTOUCHED,,B-ZD-BO,S-ZB-BO,S-ZF-BO,S-ZC-BR,B-ZE-UN,B-ZB-BO,B-ZB-BO,B-ZO-BR,S-ZG-BR,S-ZF-BR,S-ZF-BR,B-ZF-BR,B-ZC-BR,B-ZF-BO,B-ZD-BR,B-ZH-BO,S-ZB-BO,B-ZE-BO,S-ZE-BO,B-ZO-BR
332,2001.12.12 00:00,USDCAD,60,86400,SELL,ZF,0,1.57970,1.57440,530.0,1.57920,1.57260,660.0,124.528,9.43,480.0,125.1,1.57920,1.57440,1.56780,BREAK,2001.12.12 06:00,0,,0,,0,,0,NA,Asia,BREAK,2001.12.14 20:00,UNTOUCHED,,1.58450,BOUNCE,2001.12.21 18:00,0,,0,,0,,0,NA,NewYork,NA,,NA,,1.56960,BREAK,2001.12.12 05:00,0,,0,,0,,0,NA,Asia,BOUNCE,2001.12.14 00:00,NA,,1.58400,BREAK,2001.12.21 18:00,0,,0,,0,,0,NA,NewYork,BREAK,2001.12.24 12:00,BREAK,2001.12.24 13:00,B-ZO-BR,B-ZD-BO,S-ZB-BO,S-ZF-BO,S-ZC-BR,B-ZE-UN,B-ZB-BO,B-ZB-BO,B-ZO-BR,S-ZG-BR,B-ZF-BR,B-ZC-BR,B-ZF-BO,B-ZD-BR,B-ZH-BO,S-ZB-BO,B-ZE-BO,S-ZE-BO,B-ZO-BR,S-ZE-BR
333,2001.12.18 00:00,USDCAD,60,86400,BUY,ZF,1,1.56190,1.55830,360.0,1.56690,1.55840,850.0,236.111,2.78,350.0,85.0,1.56190,1.55840,1.57040,BREAK,2001.12.18 16:00,0,,0,,0,,0,NA,NewYork,BREAK,2001.12.18 19:00,BOUNCE,2001.12.19 17:00,1.55480,UNTOUCHED,,0,,0,,0,,0,NA,Other,NA,,NA,,1.56540,BREAK,2001.12.18 00:00,0,,0,,0,,0,NA,Asia,BREAK,2001.12.18 16:00,BREAK,2001.12.18 18:00,1.55490,UNTOUCHED,,0,,0,,0,,0,NA,Other,NA,,NA,,S-ZF-BR,B-ZO-BR,B-ZD-BO,S-ZB-BO,S-ZF-BO,S-ZC-BR,B-ZE-UN,B-ZB-BO,B-ZB-BO,B-ZO-BR,B-ZC-BR,B-ZF-BO,B-ZD-BR,B-ZH-BO,S-ZB-BO,B-ZE-BO,S-ZE-BO,B-ZO-BR,S-ZE-BR,B-ZB-BR
334,2001.12.20 00:00,USDCAD,60,86400,BUY,ZC,1,1.57530,1.56570,960.0,1.57780,1.57190,590.0,61.458,64.58,340.0,226.6,1.57530,1.57190,1.58120,BREAK,2001.12.21 13:00,0,,0,,0,,0,NA,NewYork,BREAK,2001.12.24 07:00,BREAK,2001.12.24 12:00,1.56230,UNTOUCHED,,0,,0,,0,,0,NA,Other,NA,,NA,,1.57870,BREAK,2001.12.20 21:00,0,,0,,0,,0,NA,Other,BREAK,2001.12.21 18:00,BREAK,2001.12.24 12:00,1.56850,UNTOUCHED,,0,,0,,0,,0,NA,Other,NA,,NA,,B-ZF-BR,S-ZF-BR,B-ZO-BR,B-ZD-BO,S-ZB-BO,S-ZF-BO,S-ZC-BR,B-ZE-UN,B-ZB-BO,B-ZB-BO,B-ZF-BO,B-ZD-BR,B-ZH-BO,S-ZB-BO,B-ZE-BO,S-ZE-BO,B-ZO-BR,S-ZE-BR,B-ZB-BR,S-ZG-BO
335,2001.12.21 00:00,USDCAD,60,86400,BUY,ZF,0,1.57780,1.57190,590.0,1.58000,1.57350,650.0,110.169,27.12,430.0,139.2,1.57780,1.57350,1.58430,BOUNCE,2001.12.21 18:00,0,,0,,0,,0,NA,NewYork,NA,,NA,,1.56760,UNTOUCHED,,0,,0,,0,,0,NA,Other,NA,,NA,,1.58210,BREAK,2001.12.21 18:00,0,,0,,0,,0,NA,NewYork,BREAK,2001.12.24 12:00,BREAK,2001.12.24 13:00,1.56920,UNTOUCHED,,0,,0,,0,,0,NA,Other,NA,,NA,,B-ZC-BR,B-ZF-BR,S-ZF-BR,B-ZO-BR,B-ZD-BO,S-ZB-BO,S-ZF-BO,S-ZC-BR,B-ZE-UN,B-ZB-BO,B-ZD-BR,B-ZH-BO,S-ZB-BO,B-ZE-BO,S-ZE-BO,B-ZO-BR,S-ZE-BR,B-ZB-BR,S-ZG-BO,S-ZB-BO
336,2001.12.22 00:00,USDCAD,60,86400,BUY,ZD,1,1.58000,1.57350,650.0,1.58610,1.57820,790.0,121.538,72.31,180.0,153.4,1.58000,1.57820,1.58790,BREAK,2001.12.24 12:00,0,,0,,0,,0,NA,London,BREAK,2001.12.24 13:00,BREAK,2001.12.24 14:00,1.57170,UNTOUCHED,,0,,0,,0,,0,NA,Other,NA,,NA,,1.58180,BREAK,2001.12.22 00:00,0,,0,,0,,0,NA,Asia,BREAK,2001.12.22 01:00,BREAK,2001.12.24 07:00,1.57640,UNTOUCHED,,0,,0,,0,,0,NA,Other,NA,,NA,,B-ZF-BO,B-ZC-BR,B-ZF-BR,S-ZF-BR,B-ZO-BR,B-ZD-BO,S-ZB-BO,S-ZF-BO,S-ZC-BR,B-ZE-UN,B-ZH-BO,S-ZB-BO,B-ZE-BO,S-ZE-BO,B-ZO-BR,S-ZE-BR,B-ZB-BR,S-ZG-BO,S-ZB-BO,B-ZF-BR
337,2001.12.27 00:00,USDCAD,60,86400,BUY,ZH,1,1.59630,1.59310,320.0,1.60190,1.59360,830.0,259.375,15.62,270.0,75.5,1.59630,1.59360,1.60460,BOUNCE,2002.01.10 20:00,1,2002.01.10 23:00,1,2002.01.15 11:00,1,2002.01.15 19:00,3,4d 23h,NewYork,NA,,NA,,1.59040,BOUNCE,2001.12.28 23:00,1,2001.12.31 18:00,1,2002.01.02 19:00,1,2002.01.10 20:00,3,1w 5d,Other,NA,,NA,,1.59900,BREAK,2001.12.27 00:00,0,,0,,0,,0,NA,Asia,BREAK,2001.12.27 15:00,BOUNCE,2002.01.10 20:00,1.59090,BREAK,2001.12.28 23:00,0,,0,,0,,0,NA,Other,BREAK,2002.01.15 20:00,BREAK,2002.01.29 17:00,B-ZD-BR,B-ZF-BO,B-ZC-BR,B-ZF-BR,S-ZF-BR,B-ZO-BR,B-ZD-BO,S-ZB-BO,S-ZF-BO,S-ZC-BR,S-ZB-BO,B-ZE-BO,S-ZE-BO,B-ZO-BR,S-ZE-BR,B-ZB-BR,S-ZG-BO,S-ZB-BO,B-ZF-BR,S-ZD-BR
338,2001.12.29 00:00,USDCAD,60,86400,SELL,ZB,1,1.60430,1.59260,1170.0,1.59890,1.59000,890.0,76.068,46.15,630.0,276.1,1.59890,1.59260,1.58370,BOUNCE,2002.01.29 17:00,1,2002.02.04 23:00,1,2002.02.06 23:00,0,,2,1w 1d,NewYork,NA,,NA,,1.61060,BREAK,2002.01.17 13:00,0,,0,,0,,0,NA,NewYork,BOUNCE,2002.01.22 00:00,NA,,1.58630,BOUNCE,2002.01.29 17:00,1,2002.02.06 23:00,0,,0,,1,1w 1d,NewYork,NA,,NA,,1.60520,BREAK,2002.01.17 12:00,0,,0,,0,,0,NA,London,BREAK,2002.01.17 13:00,BOUNCE,2002.01.21 19:00,B-ZH-BO,B-ZD-BR,B-ZF-BO,B-ZC-BR,B-ZF-BR,S-ZF-BR,B-ZO-BR,B-ZD-BO,S-ZB-BO,S-ZF-BO,B-ZE-BO,S-ZE-BO,B-ZO-BR,S-ZE-BR,B-ZB-BR,S-ZG-BO,S-ZB-BO,B-ZF-BR,S-ZD-BR,S-ZB-BR
339,2002.01.05 00:00,USDCAD,60,86400,BUY,ZE,1,1.59880,1.59130,750.0,1.59940,1.59470,470.0,62.667,45.33,410.0,177.0,1.59880,1.59470,1.60350,BOUNCE,2002.01.10 20:00,1,2002.01.11 19:00,1,2002.01.15 11:00,1,2002.01.15 20:00,3,5d 0h,NewYork,NA,,NA,,1.58720,BOUNCE,2002.01.15 20:00,1,2002.01.16 20:00,1,2002.01.17 12:00,1,2002.01.17 12:00,3,1d 16h,NewYork,NA,,NA,,1.60290,BREAK,2002.01.10 20:00,0,,0,,0,,0,NA,NewYork,BREAK,2002.01.17 12:00,BREAK,2002.01.17 13:00,1.59060,BREAK,2002.01.15 11:00,0,,0,,0,,0,NA,London,BOUNCE,2002.01.16 16:00,NA,,S-ZB-BO,B-ZH-BO,B-ZD-BR,B-ZF-BO,B-ZC-BR,B-ZF-BR,S-ZF-BR,B-ZO-BR,B-ZD-BO,S-ZB-BO,S-ZE-BO,B-ZO-BR,S-ZE-BR,B-ZB-BR,S-ZG-BO,S-ZB-BO,B-ZF-BR,S-ZD-BR,S-ZB-BR,S-ZE-BR
340,2002.01.07 02:00,USDCAD,60,86400,SELL,ZE,1,1.59940,1.59470,470.0,1.59700,1.59460,240.0,51.064,51.06,230.0,110.9,1.59700,1.59470,1.59230,BOUNCE,2002.01.15 02:00,1,2002.01.16 20:00,1,2002.01.16 23:00,1,2002.01.17 12:00,3,2d 10h,Asia,NA,,NA,,1.60170,BOUNCE,2002.01.08 08:00,1,2002.01.08 17:00,1,2002.01.15 02:00,1,2002.01.15 02:00,3,6d 18h,London,NA,,NA,,1.59240,BOUNCE,2002.01.15 02:00,1,2002.01.16 23:00,1,2002.01.17 12:00,0,,2,2d 10h,Asia,NA,,NA,,1.59930,BREAK,2002.01.08 00:00,0,,0,,0,,0,NA,Asia,BOUNCE,2002.01.08 17:00,NA,,B-ZE-BO,S-ZB-BO,B-ZH-BO,B-ZD-BR,B-ZF-BO,B-ZC-BR,B-ZF-BR,S-ZF-BR,B-ZO-BR,B-ZD-BO,B-ZO-BR,S-ZE-BR,B-ZB-BR,S-ZG-BO,S-ZB-BO,B-ZF-BR,S-ZD-BR,S-ZB-BR,S-ZE-BR,B-ZD-UN
341,2002.01.09 00:00,USDCAD,60,86400,BUY,ZO,0,1.59890,1.59290,600.0,1.60260,1.59330,930.0,155.000,6.67,560.0,141.6,1.59890,1.59330,1.60820,BREAK,2002.01.17 12:00,0,,0,,0,,0,NA,London,BREAK,2002.01.17 13:00,UNTOUCHED,,1.58730,BOUNCE,2002.01.15 20:00,1,2002.01.16 23:00,1,2002.01.17 12:00,1,2002.01.17 12:00,3,1d 16h,NewYork,NA,,NA,,1.60450,BOUNCE,2002.01.10 20:00,1,2002.01.15 20:00,1,2002.01.15 20:00,0,,2,5d 0h,NewYork,NA,,NA,,1.58770,BOUNCE,2002.01.15 20:00,1,2002.01.17 12:00,1,2002.01.17 12:00,0,,2,1d 16h,NewYork,NA,,NA,,S-ZE-BO,B-ZE-BO,S-ZB-BO,B-ZH-BO,B-ZD-BR,B-ZF-BO,B-ZC-BR,B-ZF-BR,S-ZF-BR,B-ZO-BR,S-ZE-BR,B-ZB-BR,S-ZG-BO,S-ZB-BO,B-ZF-BR,S-ZD-BR,S-ZB-BR,S-ZE-BR,B-ZD-UN,B-ZO-UN
342,2002.01.10 00:00,USDCAD,60,86400,SELL,ZE,1,1.60260,1.59330,930.0,1.59780,1.59320,460.0,49.462,51.61,450.0,219.5,1.59780,1.59330,1.58870,BREAK,2002.01.15 20:00,0,,0,,0,,0,NA,NewYork,BOUNCE,2002.01.29 19:00,NA,,1.60710,BREAK,2002.01.17 12:00,0,,0,,0,,0,NA,London,BREAK,2002.01.17 13:00,BREAK,2002.01.21 02:00,1.58880,BREAK,2002.01.15 20:00,0,,0,,0,,0,NA,NewYork,BOUNCE,2002.01.29 19:00,NA,,1.60230,BREAK,2002.01.10 20:00,0,,0,,0,,0,NA,NewYork,BREAK,2002.01.17 12:00,BREAK,2002.01.17 13:00,B-ZO-BR,S-ZE-BO,B-ZE-BO,S-ZB-BO,B-ZH-BO,B-ZD-BR,B-ZF-BO,B-ZC-BR,B-ZF-BR,S-ZF-BR,B-ZB-BR,S-ZG-BO,S-ZB-BO,B-ZF-BR,S-ZD-BR,S-ZB-BR,S-ZE-BR,B-ZD-UN,B-ZO-UN,S-ZC-BO
343,2002.01.11 00:00,USDCAD,60,86400,BUY,ZB,1,1.59780,1.59320,460.0,1.60490,1.59590,900.0,195.652,58.70,190.0,108.6,1.59780,1.59590,1.60680,BREAK,2002.01.17 12:00,0,,0,,0,,0,NA,London,BREAK,2002.01.17 13:00,BREAK,2002.01.17 14:00,1.59130,BOUNCE,2002.01.15 11:00,1,2002.01.16 20:00,1,2002.01.17 11:00,1,2002.01.17 12:00,3,2d 1h,London,NA,,NA,,1.59970,BOUNCE,2002.01.11 13:00,1,2002.01.14 23:00,1,2002.01.15 11:00,0,,2,3d 22h,NewYork,NA,,NA,,1.59400,BREAK,2002.01.14 23:00,0,,0,,0,,0,NA,Other,BREAK,2002.01.15 11:00,BOUNCE,2002.01.15 19:00,S-ZE-BR,B-ZO-BR,S-ZE-BO,B-ZE-BO,S-ZB-BO,B-ZH-BO,B-ZD-BR,B-ZF-BO,B-ZC-BR,B-ZF-BR,S-ZG-BO,S-ZB-BO,B-ZF-BR,S-ZD-BR,S-ZB-BR,S-ZE-BR,B-ZD-UN,B-ZO-UN,S-ZC-BO,B-ZO-BR
344,2002.01.12 00:00,USDCAD,60,86400,SELL,ZG,0,1.60490,1.59590,900.0,1.60200,1.59470,730.0,81.111,32.22,610.0,212.4,1.60200,1.59590,1.58860,BOUNCE,2002.01.15 20:00,1,2002.01.17 11:00,1,2002.01.17 12:00,1,2002.01.17 13:00,3,1d 17h,NewYork,NA,,NA,,1.61100,BREAK,2002.01.17 13:00,0,,0,,0,,0,NA,NewYork,BOUNCE,2002.01.21 23:00,NA,,1.58980,BREAK,2002.01.15 19:00,0,,0,,0,,0,NA,NewYork,BOUNCE,2002.01.29 19:00,NA,,1.60810,BREAK,2002.01.17 12:00,0,,0,,0,,0,NA,London,BREAK,2002.01.17 13:00,UNTOUCHED,,B-ZB-BR,S-ZE-BR,B-ZO-BR,S-ZE-BO,B-ZE-BO,S-ZB-BO,B-ZH-BO,B-ZD-BR,B-ZF-BO,B-ZC-BR,S-ZB-BO,B-ZF-BR,S-ZD-BR,S-ZB-BR,S-ZE-BR,B-ZD-UN,B-ZO-UN,S-ZC-BO,B-ZO-BR,S-ZO-BR
345,2002.01.16 00:00,USDCAD,60,86400,SELL,ZB,1,1.59870,1.59370,500.0,1.59540,1.58650,890.0,178.000,66.00,170.0,118.0,1.59540,1.59370,1.58480,BOUNCE,2002.01.29 17:00,1,2002.01.29 18:00,1,2002.02.04 23:00,1,2002.02.05 17:00,3,1w 0d,NewYork,NA,,NA,,1.60040,BOUNCE,2002.01.17 11:00,1,2002.01.29 01:00,1,2002.01.29 04:00,1,2002.01.29 17:00,3,1w 5d,London,NA,,NA,,1.59200,BREAK,2002.01.16 00:00,0,,0,,0,,0,NA,Asia,BREAK,2002.01.16 01:00,BOUNCE,2002.01.16 11:00,1.59710,BOUNCE,2002.01.16 20:00,1,2002.01.29 04:00,1,2002.01.29 04:00,0,,2,1w 5d,NewYork,NA,,NA,,S-ZG-BO,B-ZB-BR,S-ZE-BR,B-ZO-BR,S-ZE-BO,B-ZE-BO,S-ZB-BO,B-ZH-BO,B-ZD-BR,B-ZF-BO,B-ZF-BR,S-ZD-BR,S-ZB-BR,S-ZE-BR,B-ZD-UN,B-ZO-UN,S-ZC-BO,B-ZO-BR,S-ZO-BR,B-ZF-BR
346,2002.01.17 00:00,USDCAD,60,86400,BUY,ZF,0,1.59540,1.58650,890.0,1.59960,1.58760,1200.0,134.831,12.36,780.0,210.0,1.59540,1.58760,1.60740,BREAK,2002.01.17 12:00,0,,0,,0,,0,NA,London,BREAK,2002.01.21 02:00,UNTOUCHED,,1.57870,UNTOUCHED,,0,,0,,0,,0,NA,Other,NA,,NA,,1.60320,BREAK,2002.01.17 12:00,0,,0,,0,,0,NA,London,BREAK,2002.01.17 13:00,BOUNCE,2002.01.21 23:00,1.57980,UNTOUCHED,,0,,0,,0,,0,NA,Other,NA,,NA,,S-ZB-BO,S-ZG-BO,B-ZB-BR,S-ZE-BR,B-ZO-BR,S-ZE-BO,B-ZE-BO,S-ZB-BO,B-ZH-BO,B-ZD-BR,S-ZD-BR,S-ZB-BR,S-ZE-BR,B-ZD-UN,B-ZO-UN,S-ZC-BO,B-ZO-BR,S-ZO-BR,B-ZF-BR,S-ZG-BR
347,2002.01.23 00:00,USDCAD,60,86400,SELL,ZD,1,1.61900,1.61070,830.0,1.61450,1.60670,780.0,93.976,54.22,380.0,195.9,1.61450,1.61070,1.60290,BREAK,2002.01.23 20:00,0,,0,,0,,0,NA,NewYork,BOUNCE,2002.01.24 19:00,NA,,1.62280,UNTOUCHED,,0,,0,,0,,0,NA,Other,NA,,NA,,1.60690,BREAK,2002.01.23 15:00,0,,0,,0,,0,NA,NewYork,BREAK,2002.01.24 00:00,BOUNCE,2002.01.24 19:00,1.61830,UNTOUCHED,,0,,0,,0,,0,NA,Other,NA,,NA,,B-ZF-BR,S-ZB-BO,S-ZG-BO,B-ZB-BR,S-ZE-BR,B-ZO-BR,S-ZE-BO,B-ZE-BO,S-ZB-BO,B-ZH-BO,S-ZB-BR,S-ZE-BR,B-ZD-UN,B-ZO-UN,S-ZC-BO,B-ZO-BR,S-ZO-BR,B-ZF-BR,S-ZG-BR,B-ZG-BR
348,2002.01.24 00:00,USDCAD,60,86400,SELL,ZB,1,1.61450,1.60670,780.0,1.61150,1.60130,1020.0,130.769,38.46,480.0,184.1,1.61150,1.60670,1.59650,BREAK,2002.01.29 04:00,0,,0,,0,,0,NA,Asia,BREAK,2002.01.29 05:00,BREAK,2002.01.29 17:00,1.61930,UNTOUCHED,,0,,0,,0,,0,NA,Other,NA,,NA,,1.60190,BREAK,2002.01.24 00:00,0,,0,,0,,0,NA,Asia,BREAK,2002.01.29 04:00,BREAK,2002.01.29 05:00,1.61630,UNTOUCHED,,0,,0,,0,,0,NA,Other,NA,,NA,,S-ZD-BR,B-ZF-BR,S-ZB-BO,S-ZG-BO,B-ZB-BR,S-ZE-BR,B-ZO-BR,S-ZE-BO,B-ZE-BO,S-ZB-BO,S-ZE-BR,B-ZD-UN,B-ZO-UN,S-ZC-BO,B-ZO-BR,S-ZO-BR,B-ZF-BR,S-ZG-BR,B-ZG-BR,B-ZD-BO
349,2002.01.25 00:00,USDCAD,60,86400,SELL,ZE,1,1.61150,1.60130,1020.0,1.60430,1.59910,520.0,50.980,70.59,300.0,240.7,1.60430,1.60130,1.59610,BREAK,2002.01.29 04:00,0,,0,,0,,0,NA,Asia,BREAK,2002.01.29 05:00,BREAK,2002.01.29 15:00,1.61450,UNTOUCHED,,0,,0,,0,,0,NA,Other,NA,,NA,,1.59830,BOUNCE,2002.01.29 00:00,1,2002.02.07 01:00,0,,0,,1,1w 2d,Asia,NA,,NA,,1.60730,BREAK,2002.01.25 16:00,0,,0,,0,,0,NA,NewYork,BREAK,2002.01.28 13:00,BOUNCE,2002.01.28 20:00,S-ZB-BR,S-ZD-BR,B-ZF-BR,S-ZB-BO,S-ZG-BO,B-ZB-BR,S-ZE-BR,B-ZO-BR,S-ZE-BO,B-ZE-BO,B-ZD-UN,B-ZO-UN,S-ZC-BO,B-ZO-BR,S-ZO-BR,B-ZF-BR,S-ZG-BR,B-ZG-BR,B-ZD-BO,B-ZH-BR
350,2002.01.26 00:00,USDCAD,60,86400,BUY,ZD,1,1.60430,1.59910,520.0,1.61270,1.60200,1070.0,205.769,55.77,230.0,122.7,1.60430,1.60200,1.61500,UNTOUCHED,,0,,0,,0,,0,NA,Other,NA,,NA,,1.59680,BOUNCE,2002.01.29 01:00,1,2002.02.06 13:00,1,2002.02.07 00:00,0,,2,1w 1d,Asia,NA,,NA,,1.60660,BREAK,2002.01.26 00:00,0,,0,,0,,0,NA,Asia,BREAK,2002.01.26 01:00,BREAK,2002.01.28 13:00,1.59970,BREAK,2002.01.29 00:00,0,,0,,0,,0,NA,Asia,BOUNCE,2002.01.29 01:00,NA,,S-ZE-BR,S-ZB-BR,S-ZD-BR,B-ZF-BR,S-ZB-BO,S-ZG-BO,B-ZB-BR,S-ZE-BR,B-ZO-BR,S-ZE-BO,B-ZO-UN,S-ZC-BO,B-ZO-BR,S-ZO-BR,B-ZF-BR,S-ZG-BR,B-ZG-BR,B-ZD-BO,B-ZH-BR,B-ZB-UN
351,2002.02.08 00:00,USDCAD,60,86400,BUY,ZO,0,1.60520,1.59600,920.0,1.60880,1.59750,1130.0,122.826,16.30,770.0,217.1,1.60520,1.59750,1.61650,UNTOUCHED,,0,,0,,0,,0,NA,Other,NA,,NA,,1.58830,BOUNCE,2002.02.11 19:00,1,2002.02.26 02:00,0,,0,,1,2w 0d,NewYork,NA,,NA,,1.61290,UNTOUCHED,,0,,0,,0,,0,NA,Other,NA,,NA,,1.58980,BREAK,2002.02.11 18:00,0,,0,,0,,0,NA,NewYork,BREAK,2002.03.07 16:00,BOUNCE,2002.03.25 15:00,B-ZD-UN,S-ZE-BR,S-ZB-BR,S-ZD-BR,B-ZF-BR,S-ZB-BO,S-ZG-BO,B-ZB-BR,S-ZE-BR,B-ZO-BR,S-ZC-BO,B-ZO-BR,S-ZO-BR,B-ZF-BR,S-ZG-BR,B-ZG-BR,B-ZD-BO,B-ZH-BR,B-ZB-UN,S-ZF-BR
352,2002.02.09 00:00,USDCAD,60,86400,SELL,ZC,1,1.60880,1.59750,1130.0,1.60210,1.59360,850.0,75.221,59.29,460.0,266.7,1.60210,1.59750,1.58900,BOUNCE,2002.02.11 19:00,1,2002.02.25 07:00,1,2002.02.26 02:00,0,,2,2w 0d,NewYork,NA,,NA,,1.61340,UNTOUCHED,,0,,0,,0,,0,NA,Other,NA,,NA,,1.59290,BREAK,2002.02.11 11:00,0,,0,,0,,0,NA,London,BOUNCE,2002.02.12 16:00,NA,,1.60670,BOUNCE,2002.02.26 02:00,1,2002.03.01 22:00,1,2002.03.01 22:00,0,,2,3d 20h,Asia,NA,,NA,,B-ZO-UN,B-ZD-UN,S-ZE-BR,S-ZB-BR,S-ZD-BR,B-ZF-BR,S-ZB-BO,S-ZG-BO,B-ZB-BR,S-ZE-BR,B-ZO-BR,S-ZO-BR,B-ZF-BR,S-ZG-BR,B-ZG-BR,B-ZD-BO,B-ZH-BR,B-ZB-UN,S-ZF-BR,S-ZD-BO
353,2002.02.14 00:00,USDCAD,60,86400,BUY,ZO,0,1.59440,1.58850,590.0,1.59600,1.58930,670.0,113.559,13.56,510.0,139.2,1.59440,1.58930,1.60110,BREAK,2002.02.25 19:00,0,,0,,0,,0,NA,NewYork,BREAK,2002.02.26 02:00,BOUNCE,2002.02.27 03:00,1.58340,BREAK,2002.03.06 18:00,0,,0,,0,,0,NA,NewYork,BOUNCE,2002.03.07 20:00,NA,,1.59950,BREAK,2002.02.25 18:00,0,,0,,0,,0,NA,NewYork,BREAK,2002.02.26 02:00,BREAK,2002.02.26 19:00,1.58420,BREAK,2002.03.06 18:00,0,,0,,0,,0,NA,NewYork,BREAK,2002.03.07 18:00,BREAK,2002.04.17 19:00,S-ZC-BO,B-ZO-UN,B-ZD-UN,S-ZE-BR,S-ZB-BR,S-ZD-BR,B-ZF-BR,S-ZB-BO,S-ZG-BO,B-ZB-BR,S-ZO-BR,B-ZF-BR,S-ZG-BR,B-ZG-BR,B-ZD-BO,B-ZH-BR,B-ZB-UN,S-ZF-BR,S-ZD-BO,S-ZE-BO
354,2002.02.15 00:00,USDCAD,60,86400,SELL,ZO,0,1.59600,1.58930,670.0,1.59370,1.58670,700.0,104.478,34.33,440.0,158.1,1.59370,1.58930,1.58230,BREAK,2002.03.06 22:00,0,,0,,0,,0,NA,Other,BOUNCE,2002.03.07 19:00,NA,,1.60040,BREAK,2002.02.25 18:00,0,,0,,0,,0,NA,NewYork,BREAK,2002.02.26 02:00,BREAK,2002.02.26 19:00,1.58490,BREAK,2002.03.06 18:00,0,,0,,0,,0,NA,NewYork,BREAK,2002.03.07 16:00,BREAK,2002.03.22 15:00,1.59810,BREAK,2002.02.22 23:00,0,,0,,0,,0,NA,Other,BREAK,2002.02.26 02:00,BREAK,2002.02.26 17:00,B-ZO-BR,S-ZC-BO,B-ZO-UN,B-ZD-UN,S-ZE-BR,S-ZB-BR,S-ZD-BR,B-ZF-BR,S-ZB-BO,S-ZG-BO,B-ZF-BR,S-ZG-BR,B-ZG-BR,B-ZD-BO,B-ZH-BR,B-ZB-UN,S-ZF-BR,S-ZD-BO,S-ZE-BO,B-ZE-BR
355,2002.02.19 00:00,USDCAD,60,86400,BUY,ZF,1,1.59130,1.58920,210.0,1.59470,1.58980,490.0,233.333,28.57,150.0,49.6,1.59130,1.58980,1.59620,BREAK,2002.02.22 20:00,0,,0,,0,,0,NA,NewYork,BOUNCE,2002.02.22 23:00,NA,,1.58770,BOUNCE,2002.02.19 16:00,1,2002.02.19 21:00,1,2002.02.22 09:00,1,2002.02.22 20:00,3,3d 4h,NewYork,NA,,NA,,1.59280,BREAK,2002.02.19 00:00,0,,0,,0,,0,NA,Asia,BOUNCE,2002.02.19 10:00,NA,,1.58830,BOUNCE,2002.02.19 15:00,1,2002.02.22 09:00,1,2002.02.22 09:00,0,,2,2d 18h,NewYork,NA,,NA,,S-ZO-BR,B-ZO-BR,S-ZC-BO,B-ZO-UN,B-ZD-UN,S-ZE-BR,S-ZB-BR,S-ZD-BR,B-ZF-BR,S-ZB-BO,S-ZG-BR,B-ZG-BR,B-ZD-BO,B-ZH-BR,B-ZB-UN,S-ZF-BR,S-ZD-BO,S-ZE-BO,B-ZE-BR,S-ZO-BO
356,2002.02.20 00:00,USDCAD,60,86400,SELL,ZG,1,1.59470,1.58980,490.0,1.59430,1.58550,880.0,179.592,8.16,450.0,115.6,1.59430,1.58980,1.58100,BREAK,2002.03.06 22:00,0,,0,,0,,0,NA,Other,BREAK,2002.03.22 15:00,BOUNCE,2002.04.18 04:00,1.59920,BREAK,2002.02.25 12:00,0,,0,,0,,0,NA,London,BREAK,2002.02.26 02:00,BREAK,2002.02.26 19:00,1.58530,BREAK,2002.03.06 17:00,0,,0,,0,,0,NA,NewYork,BREAK,2002.03.07 16:00,BREAK,2002.03.22 15:00,1.59880,BREAK,2002.02.25 07:00,0,,0,,0,,0,NA,London,BREAK,2002.02.26 02:00,BREAK,2002.02.26 19:00,B-ZF-BR,S-ZO-BR,B-ZO-BR,S-ZC-BO,B-ZO-UN,B-ZD-UN,S-ZE-BR,S-ZB-BR,S-ZD-BR,B-ZF-BR,B-ZG-BR,B-ZD-BO,B-ZH-BR,B-ZB-UN,S-ZF-BR,S-ZD-BO,S-ZE-BO,B-ZE-BR,S-ZO-BO,B-ZD-BO
357,2002.02.22 00:00,USDCAD,60,86400,BUY,ZG,0,1.59180,1.58700,480.0,1.59270,1.58730,540.0,112.500,6.25,450.0,113.3,1.59180,1.58730,1.59720,BREAK,2002.02.22 20:00,0,,0,,0,,0,NA,NewYork,BREAK,2002.02.25 20:00,BREAK,2002.02.26 02:00,1.58250,BREAK,2002.03.06 22:00,0,,0,,0,,0,NA,Other,BOUNCE,2002.03.07 19:00,NA,,1.59630,BREAK,2002.02.22 20:00,0,,0,,0,,0,NA,NewYork,BREAK,2002.02.25 19:00,BREAK,2002.02.26 02:00,1.58280,BREAK,2002.03.06 19:00,0,,0,,0,,0,NA,NewYork,BREAK,2002.03.07 19:00,BREAK,2002.04.17 19:00,S-ZG-BR,B-ZF-BR,S-ZO-BR,B-ZO-BR,S-ZC-BO,B-ZO-UN,B-ZD-UN,S-ZE-BR,S-ZB-BR,S-ZD-BR,B-ZD-BO,B-ZH-BR,B-ZB-UN,S-ZF-BR,S-ZD-BO,S-ZE-BO,B-ZE-BR,S-ZO-BO,B-ZD-BO,S-ZD-BO
358,2002.02.23 00:00,USDCAD,60,86400,BUY,ZD,1,1.59270,1.58730,540.0,1.59810,1.59020,790.0,146.296,53.70,250.0,127.4,1.59270,1.59020,1.60060,BOUNCE,2002.02.25 18:00,1,2002.03.01 18:00,1,2002.03.04 20:00,1,2002.03.06 18:00,3,1w 2d,NewYork,NA,,NA,,1.58480,BREAK,2002.03.06 18:00,0,,0,,0,,0,NA,NewYork,BREAK,2002.03.06 22:00,BREAK,2002.03.07 16:00,1.59520,BREAK,2002.02.23 00:00,0,,0,,0,,0,NA,Asia,BREAK,2002.02.25 12:00,BOUNCE,2002.02.25 18:00,1.58770,BOUNCE,2002.03.04 20:00,1,2002.03.13 21:00,1,2002.03.13 21:00,0,,2,1w 2d,NewYork,NA,,NA,,B-ZG-BR,S-ZG-BR,B-ZF-BR,S-ZO-BR,B-ZO-BR,S-ZC-BO,B-ZO-UN,B-ZD-UN,S-ZE-BR,S-ZB-BR,B-ZH-BR,B-ZB-UN,S-ZF-BR,S-ZD-BO,S-ZE-BO,B-ZE-BR,S-ZO-BO,B-ZD-BO,S-ZD-BO,S-ZE-BR
359,2002.02.26 00:00,USDCAD,60,86400,BUY,ZH,1,1.59780,1.59550,230.0,1.60290,1.59570,720.0,313.043,8.70,210.0,54.3,1.59780,1.59570,1.60500,BREAK,2002.02.26 02:00,0,,0,,0,,0,NA,Asia,BREAK,2002.02.26 17:00,BREAK,2002.02.26 19:00,1.59340,BOUNCE,2002.03.01 20:00,1,2002.03.13 21:00,1,2002.04.01 14:00,0,,2,4w 2d,NewYork,NA,,NA,,1.59990,BREAK,2002.02.26 00:00,0,,0,,0,,0,NA,Asia,BREAK,2002.02.26 01:00,BREAK,2002.02.26 02:00,1.59360,BOUNCE,2002.03.01 20:00,1,2002.04.01 14:00,1,2002.04.01 14:00,0,,2,4w 2d,NewYork,NA,,NA,,B-ZD-BO,B-ZG-BR,S-ZG-BR,B-ZF-BR,S-ZO-BR,B-ZO-BR,S-ZC-BO,B-ZO-UN,B-ZD-UN,S-ZE-BR,B-ZB-UN,S-ZF-BR,S-ZD-BO,S-ZE-BO,B-ZE-BR,S-ZO-BO,B-ZD-BO,S-ZD-BO,S-ZE-BR,S-ZF-BR
360,2002.02.27 00:00,USDCAD,60,86400,BUY,ZB,1,1.60290,1.59570,720.0,1.61250,1.60010,1240.0,172.222,61.11,280.0,169.9,1.60290,1.60010,1.61530,UNTOUCHED,,0,,0,,0,,0,NA,Other,NA,,NA,,1.59290,BREAK,2002.03.01 22:00,0,,0,,0,,0,NA,Other,BREAK,2002.03.04 16:00,BREAK,2002.03.06 16:00,1.60570,BREAK,2002.02.27 00:00,0,,0,,0,,0,NA,Asia,BREAK,2002.02.27 01:00,BOUNCE,2002.02.27 19:00,1.59730,BREAK,2002.03.01 18:00,0,,0,,0,,0,NA,NewYork,BREAK,2002.03.01 22:00,BREAK,2002.03.04 16:00,B-ZH-BR,B-ZD-BO,B-ZG-BR,S-ZG-BR,B-ZF-BR,S-ZO-BR,B-ZO-BR,S-ZC-BO,B-ZO-UN,B-ZD-UN,S-ZF-BR,S-ZD-BO,S-ZE-BO,B-ZE-BR,S-ZO-BO,B-ZD-BO,S-ZD-BO,S-ZE-BR,S-ZF-BR,S-ZO-BO
361,2002.03.01 00:00,USDCAD,60,86400,SELL,ZF,0,1.61160,1.60480,680.0,1.60980,1.60140,840.0,123.529,26.47,500.0,160.5,1.60980,1.60480,1.59640,BREAK,2002.03.01 18:00,0,,0,,0,,0,NA,NewYork,BREAK,2002.03.04 16:00,BREAK,2002.03.06 18:00,1.61660,UNTOUCHED,,0,,0,,0,,0,NA,Other,NA,,NA,,1.59980,BREAK,2002.03.01 12:00,0,,0,,0,,0,NA,London,BREAK,2002.03.01 21:00,BREAK,2002.03.04 18:00,1.61480,UNTOUCHED,,0,,0,,0,,0,NA,Other,NA,,NA,,B-ZB-UN,B-ZH-BR,B-ZD-BO,B-ZG-BR,S-ZG-BR,B-ZF-BR,S-ZO-BR,B-ZO-BR,S-ZC-BO,B-ZO-UN,S-ZD-BO,S-ZE-BO,B-ZE-BR,S-ZO-BO,B-ZD-BO,S-ZD-BO,S-ZE-BR,S-ZF-BR,S-ZO-BO,S-ZE-BO
362,2002.03.07 00:00,USDCAD,60,86400,SELL,ZD,1,1.59210,1.58790,420.0,1.58900,1.58000,900.0,214.286,73.81,110.0,99.1,1.58900,1.58790,1.57890,BOUNCE,2002.03.07 16:00,1,2002.03.07 17:00,1,2002.03.13 18:00,1,2002.03.13 19:00,3,6d 3h,NewYork,NA,,NA,,1.59320,BOUNCE,2002.03.13 19:00,1,2002.03.14 22:00,1,2002.03.15 17:00,1,2002.03.20 15:00,3,6d 20h,NewYork,NA,,NA,,1.58680,BREAK,2002.03.07 00:00,0,,0,,0,,0,NA,Asia,BREAK,2002.03.07 01:00,BREAK,2002.03.07 02:00,1.59010,BOUNCE,2002.03.13 18:00,1,2002.03.15 17:00,1,2002.03.15 17:00,0,,2,1d 23h,NewYork,NA,,NA,,S-ZF-BR,B-ZB-UN,B-ZH-BR,B-ZD-BO,B-ZG-BR,S-ZG-BR,B-ZF-BR,S-ZO-BR,B-ZO-BR,S-ZC-BO,S-ZE-BO,B-ZE-BR,S-ZO-BO,B-ZD-BO,S-ZD-BO,S-ZE-BR,S-ZF-BR,S-ZO-BO,S-ZE-BO,B-ZD-BR
363,2002.03.08 00:00,USDCAD,60,86400,SELL,ZE,1,1.58900,1.58000,900.0,1.58430,1.57710,720.0,80.000,52.22,430.0,212.4,1.58430,1.58000,1.57280,BOUNCE,2002.04.17 19:00,0,,0,,0,,0,NA,NewYork,NA,,NA,,1.59330,BREAK,2002.03.13 19:00,0,,0,,0,,0,NA,NewYork,BOUNCE,2002.03.14 18:00,NA,,1.57570,BOUNCE,2002.03.22 04:00,1,2002.03.26 05:00,1,2002.03.26 14:00,0,,2,4d 10h,Asia,NA,,NA,,1.58860,BREAK,2002.03.13 18:00,0,,0,,0,,0,NA,NewYork,BREAK,2002.03.13 21:00,BOUNCE,2002.03.14 18:00,S-ZD-BO,S-ZF-BR,B-ZB-UN,B-ZH-BR,B-ZD-BO,B-ZG-BR,S-ZG-BR,B-ZF-BR,S-ZO-BR,B-ZO-BR,B-ZE-BR,S-ZO-BO,B-ZD-BO,S-ZD-BO,S-ZE-BR,S-ZF-BR,S-ZO-BO,S-ZE-BO,B-ZD-BR,B-ZB-BR
364,2002.03.11 02:00,USDCAD,60,86400,BUY,ZE,1,1.58700,1.58290,410.0,1.58750,1.58460,290.0,70.732,41.46,240.0,96.8,1.58700,1.58460,1.58990,BREAK,2002.03.13 18:00,0,,0,,0,,0,NA,NewYork,BREAK,2002.03.13 19:00,BREAK,2002.03.13 21:00,1.58050,BOUNCE,2002.03.19 18:00,1,2002.03.19 22:00,1,2002.03.26 05:00,1,2002.03.26 05:00,3,6d 11h,NewYork,NA,,NA,,1.58940,BREAK,2002.03.13 18:00,0,,0,,0,,0,NA,NewYork,BREAK,2002.03.13 19:00,BREAK,2002.03.13 21:00,1.58220,BOUNCE,2002.03.12 00:00,1,2002.03.13 18:00,1,2002.03.13 18:00,0,,2,1d 18h,Asia,NA,,NA,,S-ZE-BO,S-ZD-BO,S-ZF-BR,B-ZB-UN,B-ZH-BR,B-ZD-BO,B-ZG-BR,S-ZG-BR,B-ZF-BR,S-ZO-BR,S-ZO-BO,B-ZD-BO,S-ZD-BO,S-ZE-BR,S-ZF-BR,S-ZO-BO,S-ZE-BO,B-ZD-BR,B-ZB-BR,B-ZB-UN
365,2002.03.13 00:00,USDCAD,60,86400,SELL,ZO,0,1.58800,1.58290,510.0,1.58650,1.58130,520.0,101.961,29.41,360.0,120.4,1.58650,1.58290,1.57770,BOUNCE,2002.03.21 13:00,1,2002.03.25 16:00,1,2002.03.26 05:00,1,2002.03.26 05:00,3,4d 16h,NewYork,NA,,NA,,1.59160,BREAK,2002.03.13 19:00,0,,0,,0,,0,NA,NewYork,BREAK,2002.03.13 21:00,BREAK,2002.04.01 14:00,1.57930,BREAK,2002.03.20 15:00,0,,0,,0,,0,NA,NewYork,BREAK,2002.03.22 16:00,BOUNCE,2002.04.17 22:00,1.59010,BOUNCE,2002.03.13 18:00,1,2002.03.20 15:00,1,2002.03.20 15:00,0,,2,6d 21h,NewYork,NA,,NA,,B-ZE-BR,S-ZE-BO,S-ZD-BO,S-ZF-BR,B-ZB-UN,B-ZH-BR,B-ZD-BO,B-ZG-BR,S-ZG-BR,B-ZF-BR,B-ZD-BO,S-ZD-BO,S-ZE-BR,S-ZF-BR,S-ZO-BO,S-ZE-BO,B-ZD-BR,B-ZB-BR,B-ZB-UN,B-ZE-UN
366,2002.03.14 00:00,USDCAD,60,86400,BUY,ZD,1,1.58650,1.58130,520.0,1.59880,1.58460,1420.0,273.077,63.46,190.0,122.7,1.58650,1.58460,1.60070,BOUNCE,2002.04.01 14:00,1,2002.04.02 00:00,1,2002.04.16 16:00,1,2002.04.16 17:00,3,2w 1d,NewYork,NA,,NA,,1.57940,BREAK,2002.03.20 15:00,0,,0,,0,,0,NA,NewYork,BOUNCE,2002.03.21 13:00,NA,,1.58840,BREAK,2002.03.14 00:00,0,,0,,0,,0,NA,Asia,BREAK,2002.03.14 01:00,BREAK,2002.03.14 02:00,1.58270,BOUNCE,2002.03.16 01:00,1,2002.03.26 05:00,1,2002.03.26 05:00,0,,2,1w 3d,Asia,NA,,NA,,S-ZO-BO,B-ZE-BR,S-ZE-BO,S-ZD-BO,S-ZF-BR,B-ZB-UN,B-ZH-BR,B-ZD-BO,B-ZG-BR,S-ZG-BR,S-ZD-BO,S-ZE-BR,S-ZF-BR,S-ZO-BO,S-ZE-BO,B-ZD-BR,B-ZB-BR,B-ZB-UN,B-ZE-UN,S-ZO-BO
367,2002.03.16 00:00,USDCAD,60,86400,SELL,ZD,1,1.59790,1.59100,690.0,1.59360,1.58310,1050.0,152.174,62.32,260.0,162.8,1.59360,1.59100,1.58050,BOUNCE,2002.03.19 18:00,1,2002.03.19 22:00,1,2002.03.27 20:00,1,2002.04.01 14:00,3,1w 5d,NewYork,NA,,NA,,1.60050,BREAK,2002.04.01 14:00,0,,0,,0,,0,NA,NewYork,UNTOUCHED,,NA,,1.58840,BREAK,2002.03.16 00:00,0,,0,,0,,0,NA,Asia,BREAK,2002.03.16 01:00,BOUNCE,2002.03.18 10:00,1.59620,BOUNCE,2002.03.27 20:00,1,2002.04.03 19:00,1,2002.04.03 19:00,0,,2,6d 23h,NewYork,NA,,NA,,B-ZD-BO,S-ZO-BO,B-ZE-BR,S-ZE-BO,S-ZD-BO,S-ZF-BR,B-ZB-UN,B-ZH-BR,B-ZD-BO,B-ZG-BR,S-ZE-BR,S-ZF-BR,S-ZO-BO,S-ZE-BO,B-ZD-BR,B-ZB-BR,B-ZB-UN,B-ZE-UN,S-ZO-BO,S-ZF-BR
368,2002.03.20 00:00,USDCAD,60,86400,SELL,ZE,1,1.58820,1.58320,500.0,1.58600,1.58000,600.0,120.000,44.00,280.0,118.0,1.58600,1.58320,1.57720,BREAK,2002.03.22 00:00,0,,0,,0,,0,NA,Asia,BOUNCE,2002.03.22 16:00,NA,,1.59100,BREAK,2002.03.26 05:00,0,,0,,0,,0,NA,Asia,BOUNCE,2002.03.26 17:00,NA,,1.58040,BREAK,2002.03.20 15:00,0,,0,,0,,0,NA,NewYork,BOUNCE,2002.03.21 15:00,NA,,1.58880,BREAK,2002.03.26 05:00,0,,0,,0,,0,NA,Asia,BREAK,2002.03.26 14:00,BOUNCE,2002.03.26 17:00,S-ZD-BO,B-ZD-BO,S-ZO-BO,B-ZE-BR,S-ZE-BO,S-ZD-BO,S-ZF-BR,B-ZB-UN,B-ZH-BR,B-ZD-BO,S-ZF-BR,S-ZO-BO,S-ZE-BO,B-ZD-BR,B-ZB-BR,B-ZB-UN,B-ZE-UN,S-ZO-BO,S-ZF-BR,S-ZB-BO
369,2002.03.21 00:00,USDCAD,60,86400,SELL,ZF,0,1.58600,1.58000,600.0,1.58580,1.57770,810.0,135.000,3.33,580.0,141.6,1.58580,1.58000,1.57190,BREAK,2002.04.17 19:00,0,,0,,0,,0,NA,NewYork,BREAK,2002.04.25 13:00,BOUNCE,2002.04.29 16:00,1.59180,BOUNCE,2002.03.26 05:00,1,2002.04.16 17:00,1,2002.04.17 17:00,1,2002.04.17 19:00,3,3w 1d,Asia,NA,,NA,,1.57420,BOUNCE,2002.03.22 16:00,1,2002.03.26 05:00,1,2002.03.26 05:00,0,,2,3d 13h,NewYork,NA,,NA,,1.59160,BREAK,2002.03.26 05:00,0,,0,,0,,0,NA,Asia,BOUNCE,2002.03.29 00:00,NA,,S-ZE-BR,S-ZD-BO,B-ZD-BO,S-ZO-BO,B-ZE-BR,S-ZE-BO,S-ZD-BO,S-ZF-BR,B-ZB-UN,B-ZH-BR,S-ZO-BO,S-ZE-BO,B-ZD-BR,B-ZB-BR,B-ZB-UN,B-ZE-UN,S-ZO-BO,S-ZF-BR,S-ZB-BO,B-ZG-UN
370,2002.03.22 00:00,USDCAD,60,86400,SELL,ZO,0,1.58580,1.57770,810.0,1.58300,1.57740,560.0,69.136,34.57,530.0,191.2,1.58300,1.57770,1.57210,BOUNCE,2002.04.17 19:00,0,,0,,0,,0,NA,NewYork,NA,,NA,,1.59110,BREAK,2002.03.26 05:00,0,,0,,0,,0,NA,Asia,BREAK,2002.04.01 12:00,BOUNCE,2002.04.02 00:00,1.57240,BREAK,2002.04.17 19:00,0,,0,,0,,0,NA,NewYork,BREAK,2002.04.25 13:00,BOUNCE,2002.04.29 17:00,1.58830,BREAK,2002.03.26 05:00,0,,0,,0,,0,NA,Asia,BOUNCE,2002.03.27 03:00,NA,,S-ZF-BR,S-ZE-BR,S-ZD-BO,B-ZD-BO,S-ZO-BO,B-ZE-BR,S-ZE-BO,S-ZD-BO,S-ZF-BR,B-ZB-UN,S-ZE-BO,B-ZD-BR,B-ZB-BR,B-ZB-UN,B-ZE-UN,S-ZO-BO,S-ZF-BR,S-ZB-BO,B-ZG-UN,B-ZC-UN
371,2002.03.23 00:00,USDCAD,60,86400,SELL,ZE,1,1.58300,1.57740,560.0,1.57930,1.57400,530.0,94.643,66.07,190.0,132.2,1.57930,1.57740,1.57210,BOUNCE,2002.04.17 19:00,1,2002.04.17 23:00,0,,0,,1,4h,NewYork,NA,,NA,,1.58490,BOUNCE,2002.03.25 16:00,1,2002.04.16 17:00,1,2002.04.17 16:00,1,2002.04.17 19:00,3,3w 2d,NewYork,NA,,NA,,1.57550,BOUNCE,2002.03.23 00:00,1,2002.03.25 12:00,1,2002.03.25 16:00,0,,2,2d 16h,Asia,NA,,NA,,1.58120,BREAK,2002.03.25 12:00,0,,0,,0,,0,NA,London,BREAK,2002.03.25 17:00,BREAK,2002.03.25 18:00,S-ZO-BO,S-ZF-BR,S-ZE-BR,S-ZD-BO,B-ZD-BO,S-ZO-BO,B-ZE-BR,S-ZE-BO,S-ZD-BO,S-ZF-BR,B-ZD-BR,B-ZB-BR,B-ZB-UN,B-ZE-UN,S-ZO-BO,S-ZF-BR,S-ZB-BO,B-ZG-UN,B-ZC-UN,S-ZG-BR
372,2002.03.26 00:00,USDCAD,60,86400,BUY,ZD,1,1.57830,1.57520,310.0,1.58650,1.57690,960.0,309.677,54.84,140.0,73.2,1.57830,1.57690,1.58790,BREAK,2002.03.26 05:00,0,,0,,0,,0,NA,Asia,BREAK,2002.03.26 06:00,BREAK,2002.03.26 07:00,1.57380,BOUNCE,2002.04.17 17:00,1,2002.04.17 18:00,0,,0,,1,1h,NewYork,NA,,NA,,1.57970,BREAK,2002.03.26 00:00,0,,0,,0,,0,NA,Asia,BREAK,2002.03.26 01:00,BREAK,2002.03.26 02:00,1.57550,BOUNCE,2002.04.17 16:00,0,,0,,0,,0,NA,NewYork,NA,,NA,,S-ZE-BO,S-ZO-BO,S-ZF-BR,S-ZE-BR,S-ZD-BO,B-ZD-BO,S-ZO-BO,B-ZE-BR,S-ZE-BO,S-ZD-BO,B-ZB-BR,B-ZB-UN,B-ZE-UN,S-ZO-BO,S-ZF-BR,S-ZB-BO,B-ZG-UN,B-ZC-UN,S-ZG-BR,S-ZB-BO
373,2002.03.27 00:00,USDCAD,60,86400,BUY,ZB,1,1.58650,1.57690,960.0,1.59490,1.58130,1360.0,141.667,45.83,520.0,226.6,1.58650,1.58130,1.60010,BREAK,2002.04.01 14:00,0,,0,,0,,0,NA,NewYork,UNTOUCHED,,NA,,1.57170,BOUNCE,2002.04.17 19:00,0,,0,,0,,0,NA,NewYork,NA,,NA,,1.59170,BREAK,2002.03.27 00:00,0,,0,,0,,0,NA,Asia,BOUNCE,2002.03.28 10:00,NA,,1.57610,BREAK,2002.04.17 16:00,0,,0,,0,,0,NA,NewYork,BREAK,2002.04.24 16:00,BREAK,2002.04.25 14:00,B-ZD-BR,S-ZE-BO,S-ZO-BO,S-ZF-BR,S-ZE-BR,S-ZD-BO,B-ZD-BO,S-ZO-BO,B-ZE-BR,S-ZE-BO,B-ZB-UN,B-ZE-UN,S-ZO-BO,S-ZF-BR,S-ZB-BO,B-ZG-UN,B-ZC-UN,S-ZG-BR,S-ZB-BO,S-ZD-BR
374,2002.03.28 00:00,USDCAD,60,86400,BUY,ZB,1,1.59490,1.58130,1360.0,1.59660,1.58700,960.0,70.588,41.91,790.0,321.0,1.59490,1.58700,1.60450,UNTOUCHED,,0,,0,,0,,0,NA,Other,NA,,NA,,1.57340,BREAK,2002.04.17 17:00,0,,0,,0,,0,NA,NewYork,BREAK,2002.04.25 14:00,BOUNCE,2002.05.03 17:00,1.60280,UNTOUCHED,,0,,0,,0,,0,NA,Other,NA,,NA,,1.57910,BREAK,2002.04.16 19:00,0,,0,,0,,0,NA,NewYork,BREAK,2002.04.24 16:00,BREAK,2002.05.01 18:00,B-ZB-BR,B-ZD-BR,S-ZE-BO,S-ZO-BO,S-ZF-BR,S-ZE-BR,S-ZD-BO,B-ZD-BO,S-ZO-BO,B-ZE-BR,B-ZE-UN,S-ZO-BO,S-ZF-BR,S-ZB-BO,B-ZG-UN,B-ZC-UN,S-ZG-BR,S-ZB-BO,S-ZD-BR,S-ZB-BR
375,2002.03.29 00:00,USDCAD,60,86400,BUY,ZE,1,1.59660,1.58700,960.0,1.59780,1.59170,610.0,63.542,48.96,490.0,226.6,1.59660,1.59170,1.60270,UNTOUCHED,,0,,0,,0,,0,NA,Other,NA,,NA,,1.58210,BOUNCE,2002.04.16 16:00,0,,0,,0,,0,NA,NewYork,NA,,NA,,1.60150,BOUNCE,2002.04.01 15:00,1,2002.04.11 17:00,1,2002.04.16 16:00,0,,2,2w 1d,NewYork,NA,,NA,,1.58680,BREAK,2002.04.11 17:00,0,,0,,0,,0,NA,NewYork,BOUNCE,2002.04.16 16:00,NA,,B-ZB-UN,B-ZB-BR,B-ZD-BR,S-ZE-BO,S-ZO-BO,S-ZF-BR,S-ZE-BR,S-ZD-BO,B-ZD-BO,S-ZO-BO,S-ZO-BO,S-ZF-BR,S-ZB-BO,B-ZG-UN,B-ZC-UN,S-ZG-BR,S-ZB-BO,S-ZD-BR,S-ZB-BR,S-ZF-BR
376,2002.03.30 00:00,USDCAD,60,86400,SELL,ZO,0,1.59780,1.59170,610.0,1.59580,1.59160,420.0,68.852,32.79,410.0,144.0,1.59580,1.59170,1.58750,BOUNCE,2002.04.03 19:00,1,2002.04.05 03:00,0,,0,,1,1d 8h,NewYork,NA,,NA,,1.60190,BOUNCE,2002.04.01 15:00,1,2002.04.02 18:00,1,2002.04.03 19:00,1,2002.04.03 19:00,3,2d 4h,NewYork,NA,,NA,,1.58760,BOUNCE,2002.04.03 19:00,0,,0,,0,,0,NA,NewYork,NA,,NA,,1.59990,BREAK,2002.04.01 14:00,0,,0,,0,,0,NA,NewYork,UNTOUCHED,,NA,,B-ZE-UN,B-ZB-UN,B-ZB-BR,B-ZD-BR,S-ZE-BO,S-ZO-BO,S-ZF-BR,S-ZE-BR,S-ZD-BO,B-ZD-BO,S-ZF-BR,S-ZB-BO,B-ZG-UN,B-ZC-UN,S-ZG-BR,S-ZB-BO,S-ZD-BR,S-ZB-BR,S-ZF-BR,S-ZF-BR
377,2002.04.03 00:00,USDCAD,60,86400,SELL,ZF,0,1.60250,1.59400,850.0,1.60230,1.59110,1120.0,131.765,2.35,830.0,200.6,1.60230,1.59400,1.58280,BREAK,2002.04.16 16:00,0,,0,,0,,0,NA,NewYork,BREAK,2002.04.17 19:00,BREAK,2002.04.25 13:00,1.61080,UNTOUCHED,,0,,0,,0,,0,NA,Other,NA,,NA,,1.58570,BREAK,2002.04.12 23:00,0,,0,,0,,0,NA,Other,BREAK,2002.04.17 16:00,BREAK,2002.04.24 16:00,1.61060,UNTOUCHED,,0,,0,,0,,0,NA,Other,NA,,NA,,S-ZO-BO,B-ZE-UN,B-ZB-UN,B-ZB-BR,B-ZD-BR,S-ZE-BO,S-ZO-BO,S-ZF-BR,S-ZE-BR,S-ZD-BO,S-ZB-BO,B-ZG-UN,B-ZC-UN,S-ZG-BR,S-ZB-BO,S-ZD-BR,S-ZB-BR,S-ZF-BR,S-ZF-BR,S-ZB-BR
378,2002.04.04 00:00,USDCAD,60,86400,SELL,ZB,1,1.60230,1.59110,1120.0,1.59390,1.58740,650.0,58.036,75.00,280.0,264.3,1.59390,1.59110,1.58460,BOUNCE,2002.04.15 10:00,1,2002.04.15 16:00,0,,0,,1,6h,London,NA,,NA,,1.60510,UNTOUCHED,,0,,0,,0,,0,NA,Other,NA,,NA,,1.58830,BOUNCE,2002.04.05 16:00,1,2002.04.08 20:00,0,,0,,1,3d 4h,NewYork,NA,,NA,,1.59670,BOUNCE,2002.04.08 20:00,1,2002.04.11 15:00,1,2002.04.11 15:00,0,,2,2d 19h,NewYork,NA,,NA,,S-ZF-BR,S-ZO-BO,B-ZE-UN,B-ZB-UN,B-ZB-BR,B-ZD-BR,S-ZE-BO,S-ZO-BO,S-ZF-BR,S-ZE-BR,B-ZG-UN,B-ZC-UN,S-ZG-BR,S-ZB-BO,S-ZD-BR,S-ZB-BR,S-ZF-BR,S-ZF-BR,S-ZB-BR,S-ZG-BR
379,2002.04.05 00:00,USDCAD,60,86400,BUY,ZG,0,1.59390,1.58740,650.0,1.59510,1.58850,660.0,101.538,16.92,540.0,153.4,1.59390,1.58850,1.60050,UNTOUCHED,,0,,0,,0,,0,NA,Other,NA,,NA,,1.58200,BOUNCE,2002.04.16 16:00,0,,0,,0,,0,NA,NewYork,NA,,NA,,1.59930,UNTOUCHED,,0,,0,,0,,0,NA,Other,NA,,NA,,1.58310,BOUNCE,2002.04.16 16:00,0,,0,,0,,0,NA,NewYork,NA,,NA,,S-ZB-BO,S-ZF-BR,S-ZO-BO,B-ZE-UN,B-ZB-UN,B-ZB-BR,B-ZD-BR,S-ZE-BO,S-ZO-BO,S-ZF-BR,B-ZC-UN,S-ZG-BR,S-ZB-BO,S-ZD-BR,S-ZB-BR,S-ZF-BR,S-ZF-BR,S-ZB-BR,S-ZG-BR,B-ZC-UN
380,2002.04.10 00:00,USDCAD,60,86400,BUY,ZC,1,1.59720,1.58700,1020.0,1.59880,1.59230,650.0,63.725,51.96,490.0,240.7,1.59720,1.59230,1.60370,UNTOUCHED,,0,,0,,0,,0,NA,Other,NA,,NA,,1.58210,BOUNCE,2002.04.16 16:00,0,,0,,0,,0,NA,NewYork,NA,,NA,,1.60210,UNTOUCHED,,0,,0,,0,,0,NA,Other,NA,,NA,,1.58740,BREAK,2002.04.11 17:00,0,,0,,0,,0,NA,NewYork,BOUNCE,2002.04.16 16:00,NA,,B-ZG-UN,S-ZB-BO,S-ZF-BR,S-ZO-BO,B-ZE-UN,B-ZB-UN,B-ZB-BR,B-ZD-BR,S-ZE-BO,S-ZO-BO,S-ZG-BR,S-ZB-BO,S-ZD-BR,S-ZB-BR,S-ZF-BR,S-ZF-BR,S-ZB-BR,S-ZG-BR,B-ZC-UN,S-ZF-BO
381,2002.04.11 00:00,USDCAD,60,86400,SELL,ZG,0,1.59880,1.59230,650.0,1.59690,1.59060,630.0,96.923,29.23,460.0,153.4,1.59690,1.59230,1.58600,BREAK,2002.04.12 11:00,0,,0,,0,,0,NA,London,BREAK,2002.04.16 17:00,BREAK,2002.04.17 16:00,1.60340,UNTOUCHED,,0,,0,,0,,0,NA,Other,NA,,NA,,1.58770,BREAK,2002.04.11 17:00,0,,0,,0,,0,NA,NewYork,BOUNCE,2002.04.16 16:00,NA,,1.60150,UNTOUCHED,,0,,0,,0,,0,NA,Other,NA,,NA,,B-ZC-UN,B-ZG-UN,S-ZB-BO,S-ZF-BR,S-ZO-BO,B-ZE-UN,B-ZB-UN,B-ZB-BR,B-ZD-BR,S-ZE-BO,S-ZB-BO,S-ZD-BR,S-ZB-BR,S-ZF-BR,S-ZF-BR,S-ZB-BR,S-ZG-BR,B-ZC-UN,S-ZF-BO,B-ZC-UN
382,2002.04.12 00:00,USDCAD,60,86400,SELL,ZB,1,1.59690,1.59060,630.0,1.59350,1.58610,740.0,117.460,53.97,290.0,148.7,1.59350,1.59060,1.58320,BOUNCE,2002.04.16 16:00,0,,0,,0,,0,NA,NewYork,NA,,NA,,1.59980,UNTOUCHED,,0,,0,,0,,0,NA,Other,NA,,NA,,1.58770,BREAK,2002.04.12 02:00,0,,0,,0,,0,NA,Asia,BOUNCE,2002.04.15 14:00,NA,,1.59640,UNTOUCHED,,0,,0,,0,,0,NA,Other,NA,,NA,,S-ZG-BR,B-ZC-UN,B-ZG-UN,S-ZB-BO,S-ZF-BR,S-ZO-BO,B-ZE-UN,B-ZB-UN,B-ZB-BR,B-ZD-BR,S-ZD-BR,S-ZB-BR,S-ZF-BR,S-ZF-BR,S-ZB-BR,S-ZG-BR,B-ZC-UN,S-ZF-BO,B-ZC-UN,S-ZB-BO
383,2002.04.13 00:00,USDCAD,60,86400,SELL,ZD,1,1.59350,1.58610,740.0,1.58990,1.58510,480.0,64.865,48.65,380.0,174.6,1.58990,1.58610,1.58130,BREAK,2002.04.16 17:00,0,,0,,0,,0,NA,NewYork,BREAK,2002.04.17 16:00,BOUNCE,2002.04.17 18:00,1.59730,UNTOUCHED,,0,,0,,0,,0,NA,Other,NA,,NA,,1.58230,BOUNCE,2002.04.16 16:00,0,,0,,0,,0,NA,NewYork,NA,,NA,,1.59370,UNTOUCHED,,0,,0,,0,,0,NA,Other,NA,,NA,,S-ZB-BO,S-ZG-BR,B-ZC-UN,B-ZG-UN,S-ZB-BO,S-ZF-BR,S-ZO-BO,B-ZE-UN,B-ZB-UN,B-ZB-BR,S-ZB-BR,S-ZF-BR,S-ZF-BR,S-ZB-BR,S-ZG-BR,B-ZC-UN,S-ZF-BO,B-ZC-UN,S-ZB-BO,S-ZG-BR
384,2002.04.18 00:00,USDCAD,60,86400,SELL,ZB,1,1.58920,1.57900,1020.0,1.58250,1.57150,1100.0,107.843,65.69,350.0,240.7,1.58250,1.57900,1.56800,BREAK,2002.04.24 16:00,0,,0,,0,,0,NA,NewYork,BREAK,2002.04.25 14:00,BOUNCE,2002.04.26 18:00,1.59270,UNTOUCHED,,0,,0,,0,,0,NA,Other,NA,,NA,,1.57550,BREAK,2002.04.18 00:00,0,,0,,0,,0,NA,Asia,BOUNCE,2002.04.23 17:00,NA,,1.58600,UNTOUCHED,,0,,0,,0,,0,NA,Other,NA,,NA,,S-ZD-BR,S-ZB-BO,S-ZG-BR,B-ZC-UN,B-ZG-UN,S-ZB-BO,S-ZF-BR,S-ZO-BO,B-ZE-UN,B-ZB-UN,S-ZF-BR,S-ZF-BR,S-ZB-BR,S-ZG-BR,B-ZC-UN,S-ZF-BO,B-ZC-UN,S-ZB-BO,S-ZG-BR,S-ZG-BR
385,2002.04.20 00:00,USDCAD,60,86400,SELL,ZF,0,1.57750,1.57210,540.0,1.57690,1.57040,650.0,120.370,11.11,480.0,127.4,1.57690,1.57210,1.56560,BREAK,2002.04.25 13:00,0,,0,,0,,0,NA,NewYork,BOUNCE,2002.04.26 18:00,NA,,1.58230,UNTOUCHED,,0,,0,,0,,0,NA,Other,NA,,NA,,1.56730,BREAK,2002.04.24 16:00,0,,0,,0,,0,NA,NewYork,BREAK,2002.04.26 16:00,BREAK,2002.05.01 18:00,1.58170,UNTOUCHED,,0,,0,,0,,0,NA,Other,NA,,NA,,S-ZB-BR,S-ZD-BR,S-ZB-BO,S-ZG-BR,B-ZC-UN,B-ZG-UN,S-ZB-BO,S-ZF-BR,S-ZO-BO,B-ZE-UN,S-ZF-BR,S-ZB-BR,S-ZG-BR,B-ZC-UN,S-ZF-BO,B-ZC-UN,S-ZB-BO,S-ZG-BR,S-ZG-BR,S-ZF-BR
386,2002.04.25 00:00,USDCAD,60,86400,SELL,ZF,1,1.57590,1.57020,570.0,1.57460,1.56610,850.0,149.123,22.81,440.0,134.5,1.57460,1.57020,1.56170,BREAK,2002.04.26 15:00,0,,0,,0,,0,NA,NewYork,BOUNCE,2002.05.01 20:00,NA,,1.58030,UNTOUCHED,,0,,0,,0,,0,NA,Other,NA,,NA,,1.56580,BREAK,2002.04.25 10:00,0,,0,,0,,0,NA,London,BOUNCE,2002.04.29 14:00,NA,,1.57900,UNTOUCHED,,0,,0,,0,,0,NA,Other,NA,,NA,,S-ZF-BR,S-ZB-BR,S-ZD-BR,S-ZB-BO,S-ZG-BR,B-ZC-UN,B-ZG-UN,S-ZB-BO,S-ZF-BR,S-ZO-BO,S-ZB-BR,S-ZG-BR,B-ZC-UN,S-ZF-BO,B-ZC-UN,S-ZB-BO,S-ZG-BR,S-ZG-BR,S-ZF-BR,S-ZF-BR
387,2002.04.26 00:00,USDCAD,60,86400,SELL,ZB,1,1.57460,1.56610,850.0,1.56820,1.56200,620.0,72.941,75.29,210.0,200.6,1.56820,1.56610,1.55990,BREAK,2002.05.01 18:00,0,,0,,0,,0,NA,NewYork,BOUNCE,2002.05.01 20:00,NA,,1.57670,UNTOUCHED,,0,,0,,0,,0,NA,Other,NA,,NA,,1.56400,BOUNCE,2002.04.26 12:00,1,2002.04.30 18:00,0,,0,,1,4d 6h,London,NA,,NA,,1.57030,BOUNCE,2002.04.30 18:00,1,2002.05.01 15:00,1,2002.05.01 15:00,0,,2,21h,NewYork,NA,,NA,,S-ZF-BR,S-ZF-BR,S-ZB-BR,S-ZD-BR,S-ZB-BO,S-ZG-BR,B-ZC-UN,B-ZG-UN,S-ZB-BO,S-ZF-BR,S-ZG-BR,B-ZC-UN,S-ZF-BO,B-ZC-UN,S-ZB-BO,S-ZG-BR,S-ZG-BR,S-ZF-BR,S-ZF-BR,S-ZF-BO
388,2002.04.27 00:00,USDCAD,60,86400,SELL,ZG,0,1.56820,1.56200,620.0,1.56680,1.56070,610.0,98.387,22.58,480.0,146.3,1.56680,1.56200,1.55590,BREAK,2002.05.10 19:00,0,,0,,0,,0,NA,NewYork,BREAK,2002.05.17 15:00,BREAK,2002.05.17 16:00,1.57300,UNTOUCHED,,0,,0,,0,,0,NA,Other,NA,,NA,,1.55720,BOUNCE,2002.05.01 18:00,1,2002.05.07 18:00,0,,0,,1,6d 0h,NewYork,NA,,NA,,1.57160,BOUNCE,2002.05.07 18:00,1,2002.05.10 17:00,1,2002.05.10 17:00,0,,2,2d 23h,NewYork,NA,,NA,,S-ZB-BR,S-ZF-BR,S-ZF-BR,S-ZB-BR,S-ZD-BR,S-ZB-BO,S-ZG-BR,B-ZC-UN,B-ZG-UN,S-ZB-BO,B-ZC-UN,S-ZF-BO,B-ZC-UN,S-ZB-BO,S-ZG-BR,S-ZG-BR,S-ZF-BR,S-ZF-BR,S-ZF-BO,S-ZH-BO
389,2002.05.01 00:00,USDCAD,60,86400,BUY,ZC,1,1.56870,1.56020,850.0,1.57080,1.56540,540.0,63.529,61.18,330.0,200.6,1.56870,1.56540,1.57410,UNTOUCHED,,0,,0,,0,,0,NA,Other,NA,,NA,,1.55690,BOUNCE,2002.05.01 18:00,1,2002.05.02 12:00,1,2002.05.08 17:00,0,,2,6d 23h,NewYork,NA,,NA,,1.57200,BOUNCE,2002.05.08 17:00,1,2002.05.10 14:00,1,2002.05.10 17:00,0,,2,2d 0h,NewYork,NA,,NA,,1.56210,BOUNCE,2002.05.01 15:00,1,2002.05.08 17:00,1,2002.05.08 17:00,0,,2,1w 0d,NewYork,NA,,NA,,S-ZG-BR,S-ZB-BR,S-ZF-BR,S-ZF-BR,S-ZB-BR,S-ZD-BR,S-ZB-BO,S-ZG-BR,B-ZC-UN,B-ZG-UN,S-ZF-BO,B-ZC-UN,S-ZB-BO,S-ZG-BR,S-ZG-BR,S-ZF-BR,S-ZF-BR,S-ZF-BO,S-ZH-BO,B-ZO-BR
390,2002.05.02 00:00,USDCAD,60,86400,SELL,ZF,1,1.57080,1.56540,540.0,1.56900,1.55620,1280.0,237.037,33.33,360.0,127.4,1.56900,1.56540,1.55260,BOUNCE,2002.05.16 15:00,0,,0,,0,,0,NA,NewYork,NA,,NA,,1.57440,UNTOUCHED,,0,,0,,0,,0,NA,Other,NA,,NA,,1.56180,BREAK,2002.05.02 00:00,0,,0,,0,,0,NA,Asia,BOUNCE,2002.05.03 16:00,NA,,1.57260,UNTOUCHED,,0,,0,,0,,0,NA,Other,NA,,NA,,B-ZC-UN,S-ZG-BR,S-ZB-BR,S-ZF-BR,S-ZF-BR,S-ZB-BR,S-ZD-BR,S-ZB-BO,S-ZG-BR,B-ZC-UN,B-ZC-UN,S-ZB-BO,S-ZG-BR,S-ZG-BR,S-ZF-BR,S-ZF-BR,S-ZF-BO,S-ZH-BO,B-ZO-BR,B-ZG-BO
391,2002.05.08 00:00,USDCAD,60,86400,BUY,ZC,1,1.56950,1.56240,710.0,1.57190,1.56520,670.0,94.366,39.44,430.0,167.6,1.56950,1.56520,1.57620,UNTOUCHED,,0,,0,,0,,0,NA,Other,NA,,NA,,1.55810,BREAK,2002.05.10 17:00,0,,0,,0,,0,NA,NewYork,BOUNCE,2002.05.14 09:00,NA,,1.57380,UNTOUCHED,,0,,0,,0,,0,NA,Other,NA,,NA,,1.56090,BOUNCE,2002.05.10 14:00,0,,0,,0,,0,NA,NewYork,NA,,NA,,S-ZF-BO,B-ZC-UN,S-ZG-BR,S-ZB-BR,S-ZF-BR,S-ZF-BR,S-ZB-BR,S-ZD-BR,S-ZB-BO,S-ZG-BR,S-ZB-BO,S-ZG-BR,S-ZG-BR,S-ZF-BR,S-ZF-BR,S-ZF-BO,S-ZH-BO,B-ZO-BR,B-ZG-BO,S-ZF-BR
392,2002.05.11 00:00,USDCAD,60,86400,SELL,ZB,1,1.57230,1.56440,790.0,1.56660,1.55560,1100.0,139.241,72.15,220.0,186.4,1.56660,1.56440,1.55340,BOUNCE,2002.05.16 15:00,0,,0,,0,,0,NA,NewYork,NA,,NA,,1.57450,UNTOUCHED,,0,,0,,0,,0,NA,Other,NA,,NA,,1.56220,BREAK,2002.05.11 00:00,0,,0,,0,,0,NA,Asia,BREAK,2002.05.13 01:00,BREAK,2002.05.13 08:00,1.56880,UNTOUCHED,,0,,0,,0,,0,NA,Other,NA,,NA,,B-ZC-UN,S-ZF-BO,B-ZC-UN,S-ZG-BR,S-ZB-BR,S-ZF-BR,S-ZF-BR,S-ZB-BR,S-ZD-BR,S-ZB-BO,S-ZG-BR,S-ZG-BR,S-ZF-BR,S-ZF-BR,S-ZF-BO,S-ZH-BO,B-ZO-BR,B-ZG-BO,S-ZF-BR,S-ZO-BR
393,2002.05.16 00:00,USDCAD,60,86400,SELL,ZG,0,1.56290,1.55360,930.0,1.56020,1.55350,670.0,72.043,29.03,660.0,219.5,1.56020,1.55360,1.54690,BREAK,2002.05.17 15:00,0,,0,,0,,0,NA,NewYork,BREAK,2002.05.21 14:00,BREAK,2002.05.22 23:00,1.56950,UNTOUCHED,,0,,0,,0,,0,NA,Other,NA,,NA,,1.54700,BREAK,2002.05.17 15:00,0,,0,,0,,0,NA,NewYork,BREAK,2002.05.21 14:00,BREAK,2002.05.22 23:00,1.56680,UNTOUCHED,,0,,0,,0,,0,NA,Other,NA,,NA,,S-ZB-BO,B-ZC-UN,S-ZF-BO,B-ZC-UN,S-ZG-BR,S-ZB-BR,S-ZF-BR,S-ZF-BR,S-ZB-BR,S-ZD-BR,S-ZG-BR,S-ZF-BR,S-ZF-BR,S-ZF-BO,S-ZH-BO,B-ZO-BR,B-ZG-BO,S-ZF-BR,S-ZO-BR,B-ZE-BR
394,2002.05.17 00:00,USDCAD,60,86400,SELL,ZG,0,1.56020,1.55350,670.0,1.55880,1.55160,720.0,107.463,20.90,530.0,158.1,1.55880,1.55350,1.54630,BREAK,2002.05.17 15:00,0,,0,,0,,0,NA,NewYork,BREAK,2002.05.20 21:00,BREAK,2002.05.22 21:00,1.56550,UNTOUCHED,,0,,0,,0,,0,NA,Other,NA,,NA,,1.54820,BREAK,2002.05.17 15:00,0,,0,,0,,0,NA,NewYork,BREAK,2002.05.20 14:00,BREAK,2002.05.21 20:00,1.56410,UNTOUCHED,,0,,0,,0,,0,NA,Other,NA,,NA,,S-ZG-BR,S-ZB-BO,B-ZC-UN,S-ZF-BO,B-ZC-UN,S-ZG-BR,S-ZB-BR,S-ZF-BR,S-ZF-BR,S-ZB-BR,S-ZF-BR,S-ZF-BR,S-ZF-BO,S-ZH-BO,B-ZO-BR,B-ZG-BO,S-ZF-BR,S-ZO-BR,B-ZE-BR,S-ZB-BR
395,2002.05.18 00:00,USDCAD,60,86400,SELL,ZF,1,1.55880,1.55160,720.0,1.55710,1.54150,1560.0,216.667,23.61,550.0,169.9,1.55710,1.55160,1.53600,BREAK,2002.05.21 20:00,0,,0,,0,,0,NA,NewYork,BREAK,2002.05.28 17:00,BOUNCE,2002.06.04 22:00,1.56430,UNTOUCHED,,0,,0,,0,,0,NA,Other,NA,,NA,,1.54610,BREAK,2002.05.18 00:00,0,,0,,0,,0,NA,Asia,BREAK,2002.05.21 14:00,BOUNCE,2002.05.22 15:00,1.56260,UNTOUCHED,,0,,0,,0,,0,NA,Other,NA,,NA,,S-ZG-BR,S-ZG-BR,S-ZB-BO,B-ZC-UN,S-ZF-BO,B-ZC-UN,S-ZG-BR,S-ZB-BR,S-ZF-BR,S-ZF-BR,S-ZF-BR,S-ZF-BO,S-ZH-BO,B-ZO-BR,B-ZG-BO,S-ZF-BR,S-ZO-BR,B-ZE-BR,S-ZB-BR,S-ZE-BR
396,2002.05.21 00:00,USDCAD,60,86400,SELL,ZF,1,1.54680,1.54380,300.0,1.54650,1.53920,730.0,243.333,10.00,270.0,70.8,1.54650,1.54380,1.53650,BREAK,2002.05.21 20:00,0,,0,,0,,0,NA,NewYork,BREAK,2002.05.22 21:00,BOUNCE,2002.05.22 23:00,1.54950,BREAK,2002.06.14 16:00,0,,0,,0,,0,NA,NewYork,BOUNCE,2002.06.14 19:00,NA,,1.54110,BREAK,2002.05.21 02:00,0,,0,,0,,0,NA,Asia,BREAK,2002.05.21 14:00,BREAK,2002.05.21 20:00,1.54920,BREAK,2002.06.14 16:00,0,,0,,0,,0,NA,NewYork,BOUNCE,2002.06.14 19:00,NA,,S-ZF-BR,S-ZG-BR,S-ZG-BR,S-ZB-BO,B-ZC-UN,S-ZF-BO,B-ZC-UN,S-ZG-BR,S-ZB-BR,S-ZF-BR,S-ZF-BO,S-ZH-BO,B-ZO-BR,B-ZG-BO,S-ZF-BR,S-ZO-BR,B-ZE-BR,S-ZB-BR,S-ZE-BR,B-ZE-BO
397,2002.05.22 00:00,USDCAD,60,86400,SELL,ZF,0,1.54650,1.53920,730.0,1.54420,1.53480,940.0,128.767,31.51,500.0,172.3,1.54420,1.53920,1.52980,BOUNCE,2002.05.28 17:00,1,2002.06.10 18:00,1,2002.06.14 16:00,1,2002.06.14 16:00,3,2w 2d,NewYork,NA,,NA,,1.55150,BOUNCE,2002.06.14 16:00,1,2002.06.19 13:00,1,2002.06.20 15:00,1,2002.06.20 21:00,3,6d 5h,NewYork,NA,,NA,,1.53420,BREAK,2002.05.22 21:00,0,,0,,0,,0,NA,Other,BOUNCE,2002.05.29 16:00,NA,,1.54920,BREAK,2002.06.14 16:00,0,,0,,0,,0,NA,NewYork,BREAK,2002.07.22 17:00,BREAK,2002.07.22 19:00,S-ZF-BR,S-ZF-BR,S-ZG-BR,S-ZG-BR,S-ZB-BO,B-ZC-UN,S-ZF-BO,B-ZC-UN,S-ZG-BR,S-ZB-BR,S-ZH-BO,B-ZO-BR,B-ZG-BO,S-ZF-BR,S-ZO-BR,B-ZE-BR,S-ZB-BR,S-ZE-BR,B-ZE-BO,S-ZO-BR
398,2002.05.23 00:00,USDCAD,60,86400,SELL,ZH,0,1.54420,1.53480,940.0,1.54080,1.53110,970.0,103.191,36.17,600.0,221.8,1.54080,1.53480,1.52510,BOUNCE,2002.06.04 05:00,1,2002.06.05 16:00,1,2002.06.14 12:00,1,2002.06.14 16:00,3,1w 3d,Asia,NA,,NA,,1.55020,BOUNCE,2002.06.14 16:00,1,2002.06.19 17:00,1,2002.06.20 22:00,1,2002.06.21 17:00,3,1w 0d,NewYork,NA,,NA,,1.52880,BOUNCE,2002.05.28 17:00,1,2002.06.14 12:00,1,2002.06.14 16:00,0,,2,2w 2d,NewYork,NA,,NA,,1.54680,BREAK,2002.06.14 12:00,0,,0,,0,,0,NA,London,BREAK,2002.07.22 17:00,BREAK,2002.07.22 19:00,S-ZF-BO,S-ZF-BR,S-ZF-BR,S-ZG-BR,S-ZG-BR,S-ZB-BO,B-ZC-UN,S-ZF-BO,B-ZC-UN,S-ZG-BR,B-ZO-BR,B-ZG-BO,S-ZF-BR,S-ZO-BR,B-ZE-BR,S-ZB-BR,S-ZE-BR,B-ZE-BO,S-ZO-BR,B-ZO-BR
399,2002.05.25 00:00,USDCAD,60,86400,BUY,ZO,0,1.53850,1.53160,690.0,1.54220,1.53220,1000.0,144.928,8.70,630.0,162.8,1.53850,1.53220,1.54850,BREAK,2002.06.14 16:00,0,,0,,0,,0,NA,NewYork,BREAK,2002.07.22 18:00,BREAK,2002.07.22 20:00,1.52530,BOUNCE,2002.06.04 05:00,1,2002.06.05 17:00,1,2002.06.14 12:00,1,2002.06.14 16:00,3,1w 3d,Asia,NA,,NA,,1.54480,BREAK,2002.06.14 12:00,0,,0,,0,,0,NA,London,BOUNCE,2002.06.14 20:00,NA,,1.52590,BOUNCE,2002.05.31 17:00,1,2002.06.14 12:00,1,2002.06.14 12:00,0,,2,1w 6d,NewYork,NA,,NA,,S-ZH-BO,S-ZF-BO,S-ZF-BR,S-ZF-BR,S-ZG-BR,S-ZG-BR,S-ZB-BO,B-ZC-UN,S-ZF-BO,B-ZC-UN,B-ZG-BO,S-ZF-BR,S-ZO-BR,B-ZE-BR,S-ZB-BR,S-ZE-BR,B-ZE-BO,S-ZO-BR,B-ZO-BR,S-ZE-BR
400,2002.05.28 00:00,USDCAD,60,86400,BUY,ZG,1,1.53440,1.53200,240.0,1.53710,1.53250,460.0,191.667,20.83,190.0,56.6,1.53440,1.53250,1.53900,BOUNCE,2002.06.10 17:00,1,2002.06.11 18:00,1,2002.06.20 20:00,1,2002.06.20 21:00,3,1w 3d,NewYork,NA,,NA,,1.53010,BREAK,2002.05.28 17:00,0,,0,,0,,0,NA,NewYork,BOUNCE,2002.05.29 14:00,NA,,1.53630,BOUNCE,2002.05.28 11:00,1,2002.05.28 13:00,1,2002.05.28 17:00,0,,2,6h,London,NA,,NA,,1.53060,BOUNCE,2002.05.28 13:00,1,2002.05.30 08:00,1,2002.05.30 08:00,0,,2,1d 19h,NewYork,NA,,NA,,B-ZO-BR,S-ZH-BO,S-ZF-BO,S-ZF-BR,S-ZF-BR,S-ZG-BR,S-ZG-BR,S-ZB-BO,B-ZC-UN,S-ZF-BO,S-ZF-BR,S-ZO-BR,B-ZE-BR,S-ZB-BR,S-ZE-BR,B-ZE-BO,S-ZO-BR,B-ZO-BR,S-ZE-BR,B-ZF-BR
401,2002.05.29 00:00,USDCAD,60,86400,SELL,ZF,1,1.53710,1.53250,460.0,1.53680,1.52860,820.0,178.261,6.52,430.0,108.6,1.53680,1.53250,1.52430,BREAK,2002.06.21 18:00,0,,0,,0,,0,NA,NewYork,BREAK,2002.06.21 19:00,BOUNCE,2002.06.24 20:00,1.54140,BREAK,2002.06.14 11:00,0,,0,,0,,0,NA,London,BREAK,2002.06.14 12:00,BREAK,2002.06.14 16:00,1.52820,BOUNCE,2002.05.29 14:00,1,2002.06.11 16:00,1,2002.06.14 11:00,0,,2,2w 1d,NewYork,NA,,NA,,1.54110,BOUNCE,2002.06.11 16:00,1,2002.06.20 22:00,1,2002.06.20 22:00,0,,2,1w 2d,NewYork,NA,,NA,,B-ZG-BO,B-ZO-BR,S-ZH-BO,S-ZF-BO,S-ZF-BR,S-ZF-BR,S-ZG-BR,S-ZG-BR,S-ZB-BO,B-ZC-UN,S-ZO-BR,B-ZE-BR,S-ZB-BR,S-ZE-BR,B-ZE-BO,S-ZO-BR,B-ZO-BR,S-ZE-BR,B-ZF-BR,B-ZB-BR
402,2002.05.30 00:00,USDCAD,60,86400,SELL,ZO,0,1.53680,1.52860,820.0,1.53550,1.52810,740.0,90.244,15.85,690.0,193.5,1.53550,1.52860,1.52120,BREAK,2002.06.21 19:00,0,,0,,0,,0,NA,NewYork,BREAK,2002.06.26 03:00,BREAK,2002.06.28 12:00,1.54370,BREAK,2002.06.14 11:00,0,,0,,0,,0,NA,London,BOUNCE,2002.06.18 12:00,NA,,1.52170,BREAK,2002.06.21 19:00,0,,0,,0,,0,NA,NewYork,BREAK,2002.06.26 02:00,BOUNCE,2002.06.26 15:00,1.54240,BREAK,2002.06.14 11:00,0,,0,,0,,0,NA,London,BREAK,2002.06.14 16:00,BREAK,2002.07.22 19:00,S-ZF-BR,B-ZG-BO,B-ZO-BR,S-ZH-BO,S-ZF-BO,S-ZF-BR,S-ZF-BR,S-ZG-BR,S-ZG-BR,S-ZB-BO,B-ZE-BR,S-ZB-BR,S-ZE-BR,B-ZE-BO,S-ZO-BR,B-ZO-BR,S-ZE-BR,B-ZF-BR,B-ZB-BR,S-ZB-BO
403,2002.05.31 00:00,USDCAD,60,86400,BUY,ZE,1,1.53550,1.52810,740.0,1.53830,1.53210,620.0,83.784,54.05,340.0,174.6,1.53550,1.53210,1.54170,BREAK,2002.06.14 11:00,0,,0,,0,,0,NA,London,BREAK,2002.06.14 13:00,BREAK,2002.06.14 16:00,1.52470,BOUNCE,2002.06.04 09:00,1,2002.06.04 23:00,1,2002.06.10 17:00,1,2002.06.14 11:00,3,1w 3d,London,NA,,NA,,1.53890,BREAK,2002.06.10 17:00,0,,0,,0,,0,NA,NewYork,BREAK,2002.06.14 11:00,BREAK,2002.06.14 16:00,1.52870,BOUNCE,2002.05.31 15:00,1,2002.06.10 17:00,1,2002.06.10 17:00,0,,2,1w 3d,NewYork,NA,,NA,,S-ZO-BR,S-ZF-BR,B-ZG-BO,B-ZO-BR,S-ZH-BO,S-ZF-BO,S-ZF-BR,S-ZF-BR,S-ZG-BR,S-ZG-BR,S-ZB-BR,S-ZE-BR,B-ZE-BO,S-ZO-BR,B-ZO-BR,S-ZE-BR,B-ZF-BR,B-ZB-BR,S-ZB-BO,S-ZF-BR
404,2002.06.01 00:00,USDCAD,60,86400,SELL,ZB,1,1.53830,1.53210,620.0,1.53580,1.52580,1000.0,161.290,40.32,370.0,146.3,1.53580,1.53210,1.52210,BREAK,2002.06.21 19:00,0,,0,,0,,0,NA,NewYork,BOUNCE,2002.06.24 01:00,NA,,1.54200,BREAK,2002.06.14 11:00,0,,0,,0,,0,NA,London,BREAK,2002.06.14 13:00,BREAK,2002.06.14 16:00,1.52840,BOUNCE,2002.06.01 00:00,1,2002.06.10 18:00,1,2002.06.14 11:00,0,,2,1w 6d,Asia,NA,,NA,,1.53950,BREAK,2002.06.10 18:00,0,,0,,0,,0,NA,NewYork,BREAK,2002.06.14 12:00,BREAK,2002.06.14 16:00,B-ZE-BR,S-ZO-BR,S-ZF-BR,B-ZG-BO,B-ZO-BR,S-ZH-BO,S-ZF-BO,S-ZF-BR,S-ZF-BR,S-ZG-BR,S-ZE-BR,B-ZE-BO,S-ZO-BR,B-ZO-BR,S-ZE-BR,B-ZF-BR,B-ZB-BR,S-ZB-BO,S-ZF-BR,S-ZB-BO
405,2002.06.05 00:00,USDCAD,60,86400,SELL,ZE,1,1.53870,1.52550,1320.0,1.53220,1.52450,770.0,58.333,49.24,670.0,311.5,1.53220,1.52550,1.51780,BREAK,2002.06.21 22:00,0,,0,,0,,0,NA,Other,BREAK,2002.06.26 10:00,BOUNCE,2002.06.28 16:00,1.54540,BREAK,2002.06.14 12:00,0,,0,,0,,0,NA,London,BOUNCE,2002.06.14 20:00,NA,,1.51880,BREAK,2002.06.21 19:00,0,,0,,0,,0,NA,NewYork,BREAK,2002.06.26 06:00,BOUNCE,2002.06.28 16:00,1.53890,BREAK,2002.06.10 17:00,0,,0,,0,,0,NA,NewYork,BREAK,2002.06.14 16:00,BOUNCE,2002.06.14 20:00,S-ZB-BR,B-ZE-BR,S-ZO-BR,S-ZF-BR,B-ZG-BO,B-ZO-BR,S-ZH-BO,S-ZF-BO,S-ZF-BR,S-ZF-BR,B-ZE-BO,S-ZO-BR,B-ZO-BR,S-ZE-BR,B-ZF-BR,B-ZB-BR,S-ZB-BO,S-ZF-BR,S-ZB-BO,S-ZD-BR
406,2002.06.06 00:00,USDCAD,60,86400,BUY,ZE,1,1.53220,1.52450,770.0,1.53810,1.52940,870.0,112.987,63.64,280.0,181.7,1.53220,1.52940,1.54090,BOUNCE,2002.06.11 16:00,1,2002.06.11 18:00,1,2002.06.21 06:00,1,2002.06.21 19:00,3,1w 3d,NewYork,NA,,NA,,1.52170,BREAK,2002.06.21 19:00,0,,0,,0,,0,NA,NewYork,BOUNCE,2002.06.21 23:00,NA,,1.53500,BOUNCE,2002.06.06 09:00,1,2002.06.21 06:00,1,2002.06.21 19:00,0,,2,2w 1d,London,NA,,NA,,1.52660,BOUNCE,2002.06.21 06:00,1,2002.07.15 10:00,1,2002.07.15 10:00,0,,2,3w 3d,Asia,NA,,NA,,S-ZE-BR,S-ZB-BR,B-ZE-BR,S-ZO-BR,S-ZF-BR,B-ZG-BO,B-ZO-BR,S-ZH-BO,S-ZF-BO,S-ZF-BR,S-ZO-BR,B-ZO-BR,S-ZE-BR,B-ZF-BR,B-ZB-BR,S-ZB-BO,S-ZF-BR,S-ZB-BO,S-ZD-BR,S-ZO-UN
407,2002.06.08 00:00,USDCAD,60,86400,SELL,ZO,0,1.53540,1.53020,520.0,1.53380,1.52880,500.0,96.154,30.77,360.0,122.7,1.53380,1.53020,1.52520,BREAK,2002.06.21 17:00,0,,0,,0,,0,NA,NewYork,BREAK,2002.06.21 19:00,BOUNCE,2002.06.21 23:00,1.53900,BREAK,2002.06.10 17:00,0,,0,,0,,0,NA,NewYork,BREAK,2002.06.14 11:00,BOUNCE,2002.06.14 12:00,1.52660,BOUNCE,2002.06.21 06:00,1,2002.07.15 12:00,1,2002.07.15 19:00,0,,2,3w 3d,Asia,NA,,NA,,1.53740,BREAK,2002.06.10 15:00,0,,0,,0,,0,NA,NewYork,BOUNCE,2002.06.11 17:00,NA,,B-ZE-BO,S-ZE-BR,S-ZB-BR,B-ZE-BR,S-ZO-BR,S-ZF-BR,B-ZG-BO,B-ZO-BR,S-ZH-BO,S-ZF-BO,B-ZO-BR,S-ZE-BR,B-ZF-BR,B-ZB-BR,S-ZB-BO,S-ZF-BR,S-ZB-BO,S-ZD-BR,S-ZO-UN,B-ZF-BO
408,2002.06.12 00:00,USDCAD,60,86400,BUY,ZO,0,1.54000,1.53250,750.0,1.54130,1.53500,630.0,84.000,33.33,500.0,177.0,1.54000,1.53500,1.54630,BREAK,2002.06.14 12:00,0,,0,,0,,0,NA,London,BOUNCE,2002.06.14 20:00,NA,,1.52750,BREAK,2002.06.20 22:00,0,,0,,0,,0,NA,Other,BREAK,2002.06.21 19:00,BREAK,2002.06.24 14:00,1.54500,BREAK,2002.06.14 12:00,0,,0,,0,,0,NA,London,BREAK,2002.06.14 16:00,BOUNCE,2002.07.22 17:00,1.53000,BREAK,2002.06.20 21:00,0,,0,,0,,0,NA,Other,BREAK,2002.06.21 18:00,BREAK,2002.06.21 22:00,S-ZO-BR,B-ZE-BO,S-ZE-BR,S-ZB-BR,B-ZE-BR,S-ZO-BR,S-ZF-BR,B-ZG-BO,B-ZO-BR,S-ZH-BO,S-ZE-BR,B-ZF-BR,B-ZB-BR,S-ZB-BO,S-ZF-BR,S-ZB-BO,S-ZD-BR,S-ZO-UN,B-ZF-BO,B-ZD-BO
409,2002.06.13 00:00,USDCAD,60,86400,SELL,ZE,1,1.54130,1.53500,630.0,1.53870,1.53430,440.0,69.841,41.27,370.0,148.7,1.53870,1.53500,1.53060,BREAK,2002.06.20 20:00,0,,0,,0,,0,NA,NewYork,BOUNCE,2002.06.21 16:00,NA,,1.54500,BREAK,2002.06.14 12:00,0,,0,,0,,0,NA,London,BREAK,2002.06.14 16:00,BOUNCE,2002.06.14 19:00,1.53130,BREAK,2002.06.20 19:00,0,,0,,0,,0,NA,NewYork,BREAK,2002.06.21 17:00,BREAK,2002.06.21 19:00,1.54240,BREAK,2002.06.14 11:00,0,,0,,0,,0,NA,London,BREAK,2002.06.14 16:00,BREAK,2002.06.14 17:00,B-ZO-BR,S-ZO-BR,B-ZE-BO,S-ZE-BR,S-ZB-BR,B-ZE-BR,S-ZO-BR,S-ZF-BR,B-ZG-BO,B-ZO-BR,B-ZF-BR,B-ZB-BR,S-ZB-BO,S-ZF-BR,S-ZB-BO,S-ZD-BR,S-ZO-UN,B-ZF-BO,B-ZD-BO,S-ZF-BR
410,2002.06.14 00:00,USDCAD,60,86400,BUY,ZF,0,1.53870,1.53430,440.0,1.54010,1.53510,500.0,113.636,18.18,360.0,103.8,1.53870,1.53510,1.54370,BREAK,2002.06.14 11:00,0,,0,,0,,0,NA,London,BREAK,2002.06.14 16:00,BREAK,2002.06.14 17:00,1.53070,BREAK,2002.06.20 20:00,0,,0,,0,,0,NA,NewYork,BREAK,2002.06.21 17:00,BOUNCE,2002.06.21 18:00,1.54230,BREAK,2002.06.14 11:00,0,,0,,0,,0,NA,London,BREAK,2002.06.14 13:00,BREAK,2002.06.14 16:00,1.53150,BREAK,2002.06.20 18:00,0,,0,,0,,0,NA,NewYork,BREAK,2002.06.21 06:00,BREAK,2002.06.21 18:00,S-ZE-BR,B-ZO-BR,S-ZO-BR,B-ZE-BO,S-ZE-BR,S-ZB-BR,B-ZE-BR,S-ZO-BR,S-ZF-BR,B-ZG-BO,B-ZB-BR,S-ZB-BO,S-ZF-BR,S-ZB-BO,S-ZD-BR,S-ZO-UN,B-ZF-BO,B-ZD-BO,S-ZF-BR,S-ZO-UN
411,2002.06.15 00:00,USDCAD,60,86400,BUY,ZB,1,1.54010,1.53510,500.0,1.55240,1.53880,1360.0,272.000,74.00,130.0,118.0,1.54010,1.53880,1.55370,BREAK,2002.07.22 17:00,0,,0,,0,,0,NA,NewYork,BREAK,2002.07.22 18:00,BREAK,2002.07.22 19:00,1.53380,BOUNCE,2002.06.20 15:00,1,2002.07.15 10:00,1,2002.07.17 12:00,1,2002.07.22 17:00,3,4w 4d,NewYork,NA,,NA,,1.54140,BREAK,2002.06.15 00:00,0,,0,,0,,0,NA,Asia,BREAK,2002.06.17 01:00,BREAK,2002.06.17 02:00,1.53750,BREAK,2002.06.20 14:00,0,,0,,0,,0,NA,NewYork,BREAK,2002.06.20 15:00,BREAK,2002.06.20 16:00,B-ZF-BR,S-ZE-BR,B-ZO-BR,S-ZO-BR,B-ZE-BO,S-ZE-BR,S-ZB-BR,B-ZE-BR,S-ZO-BR,S-ZF-BR,S-ZB-BO,S-ZF-BR,S-ZB-BO,S-ZD-BR,S-ZO-UN,B-ZF-BO,B-ZD-BO,S-ZF-BR,S-ZO-UN,B-ZB-BR
412,2002.06.19 00:00,USDCAD,60,86400,SELL,ZB,1,1.55160,1.54580,580.0,1.54760,1.54200,560.0,96.552,68.97,180.0,136.9,1.54760,1.54580,1.54020,BOUNCE,2002.06.19 16:00,1,2002.07.17 14:00,1,2002.07.22 15:00,1,2002.07.22 17:00,3,4w 5d,NewYork,NA,,NA,,1.55340,BREAK,2002.07.22 17:00,0,,0,,0,,0,NA,NewYork,BREAK,2002.07.22 18:00,BREAK,2002.07.22 19:00,1.54400,BREAK,2002.06.19 02:00,0,,0,,0,,0,NA,Asia,BREAK,2002.06.19 13:00,BREAK,2002.06.19 16:00,1.54940,BOUNCE,2002.07.22 15:00,0,,0,,0,,0,NA,NewYork,NA,,NA,,B-ZB-BR,B-ZF-BR,S-ZE-BR,B-ZO-BR,S-ZO-BR,B-ZE-BO,S-ZE-BR,S-ZB-BR,B-ZE-BR,S-ZO-BR,S-ZF-BR,S-ZB-BO,S-ZD-BR,S-ZO-UN,B-ZF-BO,B-ZD-BO,S-ZF-BR,S-ZO-UN,B-ZB-BR,B-ZB-BO
413,2002.06.20 00:00,USDCAD,60,86400,SELL,ZF,1,1.54760,1.54200,560.0,1.54610,1.53800,810.0,144.643,26.79,410.0,132.2,1.54610,1.54200,1.53390,BREAK,2002.06.20 15:00,0,,0,,0,,0,NA,NewYork,BREAK,2002.06.20 22:00,BREAK,2002.06.21 18:00,1.55170,BREAK,2002.07.22 16:00,0,,0,,0,,0,NA,NewYork,BREAK,2002.07.22 18:00,BREAK,2002.07.22 19:00,1.53790,BREAK,2002.06.20 12:00,0,,0,,0,,0,NA,London,BREAK,2002.06.20 17:00,BREAK,2002.06.20 22:00,1.55020,BOUNCE,2002.07.22 15:00,0,,0,,0,,0,NA,NewYork,NA,,NA,,S-ZB-BO,B-ZB-BR,B-ZF-BR,S-ZE-BR,B-ZO-BR,S-ZO-BR,B-ZE-BO,S-ZE-BR,S-ZB-BR,B-ZE-BR,S-ZB-BO,S-ZD-BR,S-ZO-UN,B-ZF-BO,B-ZD-BO,S-ZF-BR,S-ZO-UN,B-ZB-BR,B-ZB-BO,B-ZE-BO
414,2002.06.21 00:00,USDCAD,60,86400,SELL,ZB,1,1.54610,1.53800,810.0,1.54100,1.52700,1400.0,172.840,62.96,300.0,191.2,1.54100,1.53800,1.52400,BOUNCE,2002.06.21 18:00,1,2002.07.02 13:00,1,2002.07.17 14:00,1,2002.07.22 15:00,3,4w 2d,NewYork,NA,,NA,,1.54910,BOUNCE,2002.07.22 15:00,0,,0,,0,,0,NA,NewYork,NA,,NA,,1.53500,BREAK,2002.06.21 00:00,0,,0,,0,,0,NA,Asia,BREAK,2002.06.21 01:00,BREAK,2002.06.21 06:00,1.54400,BOUNCE,2002.07.17 14:00,1,2002.07.19 09:00,1,2002.07.19 09:00,0,,2,1d 19h,NewYork,NA,,NA,,S-ZF-BR,S-ZB-BO,B-ZB-BR,B-ZF-BR,S-ZE-BR,B-ZO-BR,S-ZO-BR,B-ZE-BO,S-ZE-BR,S-ZB-BR,S-ZD-BR,S-ZO-UN,B-ZF-BO,B-ZD-BO,S-ZF-BR,S-ZO-UN,B-ZB-BR,B-ZB-BO,B-ZE-BO,B-ZG-BR
415,2002.06.22 00:00,USDCAD,60,86400,SELL,ZD,1,1.54100,1.52700,1400.0,1.53060,1.51760,1300.0,92.857,74.29,360.0,330.4,1.53060,1.52700,1.51400,BREAK,2002.06.26 02:00,0,,0,,0,,0,NA,Asia,BOUNCE,2002.06.26 15:00,NA,,1.54460,BOUNCE,2002.07.17 14:00,1,2002.07.17 19:00,0,,0,,1,5h,NewYork,NA,,NA,,1.52340,BREAK,2002.06.22 00:00,0,,0,,0,,0,NA,Asia,BREAK,2002.06.24 14:00,BOUNCE,2002.06.24 15:00,1.53420,BOUNCE,2002.07.03 10:00,1,2002.07.05 15:00,1,2002.07.05 15:00,0,,2,2d 5h,London,NA,,NA,,S-ZB-BO,S-ZF-BR,S-ZB-BO,B-ZB-BR,B-ZF-BR,S-ZE-BR,B-ZO-BR,S-ZO-BR,B-ZE-BO,S-ZE-BR,S-ZO-UN,B-ZF-BO,B-ZD-BO,S-ZF-BR,S-ZO-UN,B-ZB-BR,B-ZB-BO,B-ZE-BO,B-ZG-BR,S-ZG-UN
416,2002.06.27 00:00,USDCAD,60,86400,SELL,ZO,1,1.52440,1.51480,960.0,1.52190,1.50780,1410.0,146.875,26.04,710.0,226.6,1.52190,1.51480,1.50070,UNTOUCHED,,0,,0,,0,,0,NA,Other,NA,,NA,,1.53150,BREAK,2002.07.03 10:00,0,,0,,0,,0,NA,London,BOUNCE,2002.07.16 16:00,NA,,1.50770,BREAK,2002.06.28 12:00,0,,0,,0,,0,NA,London,UNTOUCHED,,NA,,1.52900,BREAK,2002.07.02 13:00,0,,0,,0,,0,NA,NewYork,BREAK,2002.07.15 19:00,BREAK,2002.07.17 14:00,S-ZD-BR,S-ZB-BO,S-ZF-BR,S-ZB-BO,B-ZB-BR,B-ZF-BR,S-ZE-BR,B-ZO-BR,S-ZO-BR,B-ZE-BO,B-ZF-BO,B-ZD-BO,S-ZF-BR,S-ZO-UN,B-ZB-BR,B-ZB-BO,B-ZE-BO,B-ZG-BR,S-ZG-UN,B-ZB-BR
417,2002.07.03 00:00,USDCAD,60,86400,BUY,ZF,1,1.51990,1.51360,630.0,1.53010,1.51570,1440.0,228.571,33.33,420.0,148.7,1.51990,1.51570,1.53430,BOUNCE,2002.07.03 10:00,1,2002.07.03 14:00,1,2002.07.09 21:00,0,,2,6d 11h,London,NA,,NA,,1.50940,UNTOUCHED,,0,,0,,0,,0,NA,Other,NA,,NA,,1.52410,BREAK,2002.07.03 00:00,0,,0,,0,,0,NA,Asia,BREAK,2002.07.03 10:00,BOUNCE,2002.07.03 14:00,1.51150,BOUNCE,2002.07.09 21:00,1,2002.07.11 13:00,1,2002.07.11 13:00,0,,2,1d 16h,Other,NA,,NA,,S-ZO-UN,S-ZD-BR,S-ZB-BO,S-ZF-BR,S-ZB-BO,B-ZB-BR,B-ZF-BR,S-ZE-BR,B-ZO-BR,S-ZO-BR,B-ZD-BO,S-ZF-BR,S-ZO-UN,B-ZB-BR,B-ZB-BO,B-ZE-BO,B-ZG-BR,S-ZG-UN,B-ZB-BR,S-ZH-BR
418,2002.07.04 00:00,USDCAD,60,86400,BUY,ZD,1,1.53010,1.51570,1440.0,1.53480,1.52450,1030.0,71.528,61.11,560.0,339.8,1.53010,1.52450,1.54040,BOUNCE,2002.07.15 19:00,0,,0,,0,,0,NA,NewYork,NA,,NA,,1.51010,UNTOUCHED,,0,,0,,0,,0,NA,Other,NA,,NA,,1.53570,BOUNCE,2002.07.15 10:00,0,,0,,0,,0,NA,London,NA,,NA,,1.51890,BOUNCE,2002.07.08 09:00,1,2002.07.15 10:00,1,2002.07.15 10:00,0,,2,1w 0d,London,NA,,NA,,B-ZF-BO,S-ZO-UN,S-ZD-BR,S-ZB-BO,S-ZF-BR,S-ZB-BO,B-ZB-BR,B-ZF-BR,S-ZE-BR,B-ZO-BR,S-ZF-BR,S-ZO-UN,B-ZB-BR,B-ZB-BO,B-ZE-BO,B-ZG-BR,S-ZG-UN,B-ZB-BR,S-ZH-BR,S-ZE-BO
419,2002.07.06 00:00,USDCAD,60,86400,SELL,ZF,1,1.53460,1.52730,730.0,1.53430,1.52210,1220.0,167.123,4.11,700.0,172.3,1.53430,1.52730,1.51510,BREAK,2002.07.09 18:00,0,,0,,0,,0,NA,NewYork,UNTOUCHED,,NA,,1.54160,BREAK,2002.07.17 12:00,0,,0,,0,,0,NA,London,BREAK,2002.07.22 15:00,BREAK,2002.07.22 18:00,1.52030,BREAK,2002.07.08 08:00,0,,0,,0,,0,NA,London,BREAK,2002.07.09 21:00,UNTOUCHED,,1.54130,BREAK,2002.07.17 12:00,0,,0,,0,,0,NA,London,BREAK,2002.07.22 15:00,BREAK,2002.07.22 18:00,B-ZD-BO,B-ZF-BO,S-ZO-UN,S-ZD-BR,S-ZB-BO,S-ZF-BR,S-ZB-BO,B-ZB-BR,B-ZF-BR,S-ZE-BR,S-ZO-UN,B-ZB-BR,B-ZB-BO,B-ZE-BO,B-ZG-BR,S-ZG-UN,B-ZB-BR,S-ZH-BR,S-ZE-BO,B-ZB-BO
420,2002.07.11 00:00,USDCAD,60,86400,SELL,ZO,0,1.52690,1.51100,1590.0,1.52330,1.51080,1250.0,78.616,22.64,1230.0,375.2,1.52330,1.51100,1.49850,UNTOUCHED,,0,,0,,0,,0,NA,Other,NA,,NA,,1.53920,BREAK,2002.07.15 19:00,0,,0,,0,,0,NA,NewYork,BREAK,2002.07.22 17:00,BREAK,2002.07.23 02:00,1.49870,UNTOUCHED,,0,,0,,0,,0,NA,Other,NA,,NA,,1.53560,BREAK,2002.07.15 10:00,0,,0,,0,,0,NA,London,BREAK,2002.07.22 16:00,BREAK,2002.07.22 20:00,S-ZF-BR,B-ZD-BO,B-ZF-BO,S-ZO-UN,S-ZD-BR,S-ZB-BO,S-ZF-BR,S-ZB-BO,B-ZB-BR,B-ZF-BR,B-ZB-BR,B-ZB-BO,B-ZE-BO,B-ZG-BR,S-ZG-UN,B-ZB-BR,S-ZH-BR,S-ZE-BO,B-ZB-BO,B-ZB-BR
421,2002.07.12 00:00,USDCAD,60,86400,BUY,ZB,1,1.52330,1.51080,1250.0,1.52710,1.51650,1060.0,84.800,45.60,680.0,295.0,1.52330,1.51650,1.53390,BREAK,2002.07.12 23:00,0,,0,,0,,0,NA,Other,BREAK,2002.07.17 14:00,BOUNCE,2002.07.22 10:00,1.50400,UNTOUCHED,,0,,0,,0,,0,NA,Other,NA,,NA,,1.53010,BREAK,2002.07.12 18:00,0,,0,,0,,0,NA,NewYork,BREAK,2002.07.15 19:00,BOUNCE,2002.07.17 19:00,1.50970,UNTOUCHED,,0,,0,,0,,0,NA,Other,NA,,NA,,S-ZO-UN,S-ZF-BR,B-ZD-BO,B-ZF-BO,S-ZO-UN,S-ZD-BR,S-ZB-BO,S-ZF-BR,S-ZB-BO,B-ZB-BR,B-ZB-BO,B-ZE-BO,B-ZG-BR,S-ZG-UN,B-ZB-BR,S-ZH-BR,S-ZE-BO,B-ZB-BO,B-ZB-BR,B-ZO-UN
422,2002.07.13 00:00,USDCAD,60,86400,BUY,ZB,1,1.52710,1.51650,1060.0,1.53440,1.52220,1220.0,115.094,53.77,490.0,250.2,1.52710,1.52220,1.53930,BOUNCE,2002.07.15 19:00,0,,0,,0,,0,NA,NewYork,NA,,NA,,1.51160,UNTOUCHED,,0,,0,,0,,0,NA,Other,NA,,NA,,1.53200,BREAK,2002.07.13 00:00,0,,0,,0,,0,NA,Asia,BOUNCE,2002.07.15 14:00,NA,,1.51730,UNTOUCHED,,0,,0,,0,,0,NA,Other,NA,,NA,,B-ZB-BR,S-ZO-UN,S-ZF-BR,B-ZD-BO,B-ZF-BO,S-ZO-UN,S-ZD-BR,S-ZB-BO,S-ZF-BR,S-ZB-BO,B-ZE-BO,B-ZG-BR,S-ZG-UN,B-ZB-BR,S-ZH-BR,S-ZE-BO,B-ZB-BO,B-ZB-BR,B-ZO-UN,S-ZB-BR
423,2002.07.18 00:00,USDCAD,60,86400,BUY,ZE,1,1.54000,1.53120,880.0,1.54560,1.53630,930.0,105.682,57.95,370.0,207.7,1.54000,1.53630,1.54930,BOUNCE,2002.07.22 15:00,0,,0,,0,,0,NA,NewYork,NA,,NA,,1.52750,UNTOUCHED,,0,,0,,0,,0,NA,Other,NA,,NA,,1.54370,BREAK,2002.07.18 16:00,0,,0,,0,,0,NA,NewYork,BOUNCE,2002.07.22 09:00,NA,,1.53260,BOUNCE,2002.07.19 14:00,1,2002.07.19 20:00,1,2002.07.19 20:00,0,,2,6h,NewYork,NA,,NA,,B-ZB-BO,B-ZB-BR,S-ZO-UN,S-ZF-BR,B-ZD-BO,B-ZF-BO,S-ZO-UN,S-ZD-BR,S-ZB-BO,S-ZF-BR,B-ZG-BR,S-ZG-UN,B-ZB-BR,S-ZH-BR,S-ZE-BO,B-ZB-BO,B-ZB-BR,B-ZO-UN,S-ZB-BR,S-ZE-BR
424,2002.07.19 00:00,USDCAD,60,86400,BUY,ZG,0,1.54560,1.53630,930.0,1.54610,1.53880,730.0,78.495,26.88,680.0,219.5,1.54560,1.53880,1.55290,BREAK,2002.07.22 17:00,0,,0,,0,,0,NA,NewYork,BREAK,2002.07.22 19:00,BREAK,2002.07.23 02:00,1.52950,UNTOUCHED,,0,,0,,0,,0,NA,Other,NA,,NA,,1.55240,BREAK,2002.07.22 17:00,0,,0,,0,,0,NA,NewYork,BREAK,2002.07.22 19:00,BREAK,2002.07.23 02:00,1.53200,UNTOUCHED,,0,,0,,0,,0,NA,Other,NA,,NA,,B-ZE-BO,B-ZB-BO,B-ZB-BR,S-ZO-UN,S-ZF-BR,B-ZD-BO,B-ZF-BO,S-ZO-UN,S-ZD-BR,S-ZB-BO,S-ZG-UN,B-ZB-BR,S-ZH-BR,S-ZE-BO,B-ZB-BO,B-ZB-BR,B-ZO-UN,S-ZB-BR,S-ZE-BR,S-ZG-BO
425,2002.07.20 00:00,USDCAD,60,86400,SELL,ZG,1,1.54610,1.53880,730.0,1.54560,1.53240,1320.0,180.822,6.85,680.0,172.3,1.54560,1.53880,1.52560,UNTOUCHED,,0,,0,,0,,0,NA,Other,NA,,NA,,1.55290,BREAK,2002.07.22 17:00,0,,0,,0,,0,NA,NewYork,BREAK,2002.07.22 19:00,BREAK,2002.07.23 02:00,1.53200,UNTOUCHED,,0,,0,,0,,0,NA,Other,NA,,NA,,1.55240,BREAK,2002.07.22 17:00,0,,0,,0,,0,NA,NewYork,BREAK,2002.07.22 19:00,BREAK,2002.07.23 02:00,B-ZG-BR,B-ZE-BO,B-ZB-BO,B-ZB-BR,S-ZO-UN,S-ZF-BR,B-ZD-BO,B-ZF-BO,S-ZO-UN,S-ZD-BR,B-ZB-BR,S-ZH-BR,S-ZE-BO,B-ZB-BO,B-ZB-BR,B-ZO-UN,S-ZB-BR,S-ZE-BR,S-ZG-BO,S-ZC-BO
426,2002.07.27 00:00,USDCAD,60,86400,BUY,ZB,1,1.57480,1.56180,1300.0,1.58950,1.56780,2170.0,166.923,46.15,700.0,306.8,1.57480,1.56780,1.59650,BREAK,2002.08.05 18:00,0,,0,,0,,0,NA,NewYork,BOUNCE,2002.08.06 15:00,NA,,1.55480,BREAK,2002.08.22 00:00,0,,0,,0,,0,NA,Asia,UNTOUCHED,,NA,,1.58180,BREAK,2002.07.27 00:00,0,,0,,0,,0,NA,Asia,BREAK,2002.08.01 20:00,BREAK,2002.08.06 09:00,1.56080,BREAK,2002.08.14 08:00,0,,0,,0,,0,NA,London,BOUNCE,2002.08.22 20:00,NA,,S-ZG-UN,B-ZG-BR,B-ZE-BO,B-ZB-BO,B-ZB-BR,S-ZO-UN,S-ZF-BR,B-ZD-BO,B-ZF-BO,S-ZO-UN,S-ZH-BR,S-ZE-BO,B-ZB-BO,B-ZB-BR,B-ZO-UN,S-ZB-BR,S-ZE-BR,S-ZG-BO,S-ZC-BO,S-ZG-BO
427,2002.07.30 00:00,USDCAD,60,86400,SELL,ZH,1,1.58770,1.58480,290.0,1.58730,1.56970,1760.0,606.897,13.79,250.0,68.4,1.58730,1.58480,1.56720,BREAK,2002.07.30 13:00,0,,0,,0,,0,NA,NewYork,BREAK,2002.08.13 19:00,BREAK,2002.08.13 21:00,1.59020,BOUNCE,2002.08.01 17:00,1,2002.08.01 18:00,1,2002.08.05 04:00,1,2002.08.13 17:00,3,1w 5d,NewYork,NA,,NA,,1.58230,BREAK,2002.07.30 00:00,0,,0,,0,,0,NA,Asia,BREAK,2002.07.30 01:00,BREAK,2002.07.30 02:00,1.58980,BREAK,2002.08.01 17:00,0,,0,,0,,0,NA,NewYork,BOUNCE,2002.08.01 20:00,NA,,B-ZB-BR,S-ZG-UN,B-ZG-BR,B-ZE-BO,B-ZB-BO,B-ZB-BR,S-ZO-UN,S-ZF-BR,B-ZD-BO,B-ZF-BO,S-ZE-BO,B-ZB-BO,B-ZB-BR,B-ZO-UN,S-ZB-BR,S-ZE-BR,S-ZG-BO,S-ZC-BO,S-ZG-BO,S-ZO-UN
428,2002.07.31 00:00,USDCAD,60,86400,SELL,ZE,1,1.58730,1.56970,1760.0,1.57650,1.56610,1040.0,59.091,61.36,680.0,415.4,1.57650,1.56970,1.55930,BOUNCE,2002.08.14 08:00,1,2002.08.19 20:00,0,,0,,1,5d 12h,London,NA,,NA,,1.59410,BREAK,2002.08.05 16:00,0,,0,,0,,0,NA,NewYork,BREAK,2002.08.06 12:00,UNTOUCHED,,1.56290,BREAK,2002.08.13 19:00,0,,0,,0,,0,NA,NewYork,BOUNCE,2002.08.19 16:00,NA,,1.58330,BOUNCE,2002.07.31 17:00,1,2002.08.13 19:00,1,2002.08.13 19:00,0,,2,1w 6d,NewYork,NA,,NA,,S-ZH-BR,B-ZB-BR,S-ZG-UN,B-ZG-BR,B-ZE-BO,B-ZB-BO,B-ZB-BR,S-ZO-UN,S-ZF-BR,B-ZD-BO,B-ZB-BO,B-ZB-BR,B-ZO-UN,S-ZB-BR,S-ZE-BR,S-ZG-BO,S-ZC-BO,S-ZG-BO,S-ZO-UN,B-ZE-BO
429,2002.08.01 00:00,USDCAD,60,86400,BUY,ZB,1,1.57650,1.56610,1040.0,1.58730,1.57030,1700.0,163.462,40.38,620.0,245.4,1.57650,1.57030,1.59350,BOUNCE,2002.08.05 15:00,1,2002.08.07 14:00,1,2002.08.13 19:00,1,2002.08.14 08:00,3,1w 1d,NewYork,NA,,NA,,1.55990,BOUNCE,2002.08.14 08:00,1,2002.08.19 18:00,0,,0,,1,5d 10h,London,NA,,NA,,1.58270,BREAK,2002.08.01 00:00,0,,0,,0,,0,NA,Asia,BREAK,2002.08.01 20:00,BREAK,2002.08.05 18:00,1.56410,BREAK,2002.08.13 19:00,0,,0,,0,,0,NA,NewYork,BOUNCE,2002.08.14 08:00,NA,,S-ZE-BO,S-ZH-BR,B-ZB-BR,S-ZG-UN,B-ZG-BR,B-ZE-BO,B-ZB-BO,B-ZB-BR,S-ZO-UN,S-ZF-BR,B-ZB-BR,B-ZO-UN,S-ZB-BR,S-ZE-BR,S-ZG-BO,S-ZC-BO,S-ZG-BO,S-ZO-UN,B-ZE-BO,S-ZH-UN
430,2002.08.02 00:00,USDCAD,60,86400,BUY,ZB,1,1.58730,1.57030,1700.0,1.59270,1.58170,1100.0,64.706,67.06,560.0,401.2,1.58730,1.58170,1.59830,BREAK,2002.08.06 09:00,0,,0,,0,,0,NA,London,BOUNCE,2002.08.06 15:00,NA,,1.56470,BREAK,2002.08.13 19:00,0,,0,,0,,0,NA,NewYork,BOUNCE,2002.08.14 15:00,NA,,1.59290,BOUNCE,2002.08.05 15:00,1,2002.08.07 14:00,1,2002.08.13 19:00,0,,2,1w 1d,NewYork,NA,,NA,,1.57610,BOUNCE,2002.08.07 14:00,0,,0,,0,,0,NA,NewYork,NA,,NA,,B-ZB-BO,S-ZE-BO,S-ZH-BR,B-ZB-BR,S-ZG-UN,B-ZG-BR,B-ZE-BO,B-ZB-BO,B-ZB-BR,S-ZO-UN,B-ZO-UN,S-ZB-BR,S-ZE-BR,S-ZG-BO,S-ZC-BO,S-ZG-BO,S-ZO-UN,B-ZE-BO,S-ZH-UN,S-ZE-UN
431,2002.08.07 00:00,USDCAD,60,86400,BUY,ZO,0,1.59810,1.58090,1720.0,1.60510,1.58200,2310.0,134.302,6.40,1610.0,405.9,1.59810,1.58200,1.62120,UNTOUCHED,,0,,0,,0,,0,NA,Other,NA,,NA,,1.56480,BREAK,2002.08.13 19:00,0,,0,,0,,0,NA,NewYork,UNTOUCHED,,NA,,1.61420,UNTOUCHED,,0,,0,,0,,0,NA,Other,NA,,NA,,1.56590,BREAK,2002.08.13 18:00,0,,0,,0,,0,NA,NewYork,BOUNCE,2002.09.04 18:00,NA,,B-ZB-BR,B-ZB-BO,S-ZE-BO,S-ZH-BR,B-ZB-BR,S-ZG-UN,B-ZG-BR,B-ZE-BO,B-ZB-BO,B-ZB-BR,S-ZB-BR,S-ZE-BR,S-ZG-BO,S-ZC-BO,S-ZG-BO,S-ZO-UN,B-ZE-BO,S-ZH-UN,S-ZE-UN,B-ZB-BO
432,2002.08.08 00:00,USDCAD,60,86400,SELL,ZB,1,1.60510,1.58200,2310.0,1.59090,1.57520,1570.0,67.965,61.47,890.0,545.2,1.59090,1.58200,1.56630,BREAK,2002.08.13 18:00,0,,0,,0,,0,NA,NewYork,BOUNCE,2002.08.19 16:00,NA,,1.61400,UNTOUCHED,,0,,0,,0,,0,NA,Other,NA,,NA,,1.57310,BOUNCE,2002.08.08 07:00,0,,0,,0,,0,NA,London,NA,,NA,,1.59980,UNTOUCHED,,0,,0,,0,,0,NA,Other,NA,,NA,,B-ZO-UN,B-ZB-BR,B-ZB-BO,S-ZE-BO,S-ZH-BR,B-ZB-BR,S-ZG-UN,B-ZG-BR,B-ZE-BO,B-ZB-BO,S-ZE-BR,S-ZG-BO,S-ZC-BO,S-ZG-BO,S-ZO-UN,B-ZE-BO,S-ZH-UN,S-ZE-UN,B-ZB-BO,B-ZO-BR
433,2002.08.09 00:00,USDCAD,60,86400,SELL,ZE,1,1.59090,1.57520,1570.0,1.58450,1.57010,1440.0,91.720,40.76,930.0,370.5,1.58450,1.57520,1.56080,BREAK,2002.08.14 08:00,0,,0,,0,,0,NA,London,BOUNCE,2002.08.22 20:00,NA,,1.60020,UNTOUCHED,,0,,0,,0,,0,NA,Other,NA,,NA,,1.56590,BREAK,2002.08.13 18:00,0,,0,,0,,0,NA,NewYork,BOUNCE,2002.08.19 16:00,NA,,1.59380,UNTOUCHED,,0,,0,,0,,0,NA,Other,NA,,NA,,S-ZB-BR,B-ZO-UN,B-ZB-BR,B-ZB-BO,S-ZE-BO,S-ZH-BR,B-ZB-BR,S-ZG-UN,B-ZG-BR,B-ZE-BO,S-ZG-BO,S-ZC-BO,S-ZG-BO,S-ZO-UN,B-ZE-BO,S-ZH-UN,S-ZE-UN,B-ZB-BO,B-ZO-BR,S-ZH-UN
434,2002.08.10 00:00,USDCAD,60,86400,SELL,ZG,0,1.58450,1.57010,1440.0,1.58280,1.56990,1290.0,89.583,11.81,1270.0,339.8,1.58280,1.57010,1.55720,BOUNCE,2002.08.15 15:00,1,2002.09.12 15:00,0,,0,,1,4w 0d,NewYork,NA,,NA,,1.59720,UNTOUCHED,,0,,0,,0,,0,NA,Other,NA,,NA,,1.55740,BOUNCE,2002.08.15 15:00,0,,0,,0,,0,NA,NewYork,NA,,NA,,1.59550,UNTOUCHED,,0,,0,,0,,0,NA,Other,NA,,NA,,S-ZE-BR,S-ZB-BR,B-ZO-UN,B-ZB-BR,B-ZB-BO,S-ZE-BO,S-ZH-BR,B-ZB-BR,S-ZG-UN,B-ZG-BR,S-ZC-BO,S-ZG-BO,S-ZO-UN,B-ZE-BO,S-ZH-UN,S-ZE-UN,B-ZB-BO,B-ZO-BR,S-ZH-UN,B-ZF-BR
435,2002.08.15 00:00,USDCAD,60,86400,SELL,ZC,1,1.57740,1.56130,1610.0,1.56810,1.55790,1020.0,63.354,57.76,680.0,380.0,1.56810,1.56130,1.55110,BOUNCE,2002.08.27 15:00,1,2002.08.29 17:00,1,2002.09.11 10:00,1,2002.09.12 15:00,3,2w 2d,NewYork,NA,,NA,,1.58420,BREAK,2002.09.12 15:00,0,,0,,0,,0,NA,NewYork,BOUNCE,2002.09.24 19:00,NA,,1.55450,BOUNCE,2002.08.22 00:00,1,2002.09.11 10:00,1,2002.09.12 15:00,0,,2,3w 0d,Asia,NA,,NA,,1.57490,BREAK,2002.09.11 10:00,0,,0,,0,,0,NA,London,BREAK,2002.09.12 15:00,BOUNCE,2002.09.25 16:00,S-ZG-BO,S-ZE-BR,S-ZB-BR,B-ZO-UN,B-ZB-BR,B-ZB-BO,S-ZE-BO,S-ZH-BR,B-ZB-BR,S-ZG-UN,S-ZG-BO,S-ZO-UN,B-ZE-BO,S-ZH-UN,S-ZE-UN,B-ZB-BO,B-ZO-BR,S-ZH-UN,B-ZF-BR,B-ZB-BO
436,2002.08.16 00:00,USDCAD,60,86400,SELL,ZG,0,1.56810,1.55790,1020.0,1.56460,1.55630,830.0,81.373,34.31,670.0,240.7,1.56460,1.55790,1.54960,BOUNCE,2002.08.27 15:00,1,2002.08.29 16:00,1,2002.09.05 12:00,1,2002.09.11 10:00,3,2w 0d,NewYork,NA,,NA,,1.57480,BOUNCE,2002.08.20 14:00,1,2002.08.21 17:00,1,2002.08.22 16:00,1,2002.08.27 15:00,3,1w 0d,NewYork,NA,,NA,,1.55120,BOUNCE,2002.08.22 16:00,1,2002.09.05 12:00,1,2002.09.11 10:00,0,,2,2w 5d,NewYork,NA,,NA,,1.57130,BREAK,2002.08.19 18:00,0,,0,,0,,0,NA,NewYork,BOUNCE,2002.09.11 10:00,NA,,S-ZC-BO,S-ZG-BO,S-ZE-BR,S-ZB-BR,B-ZO-UN,B-ZB-BR,B-ZB-BO,S-ZE-BO,S-ZH-BR,B-ZB-BR,S-ZO-UN,B-ZE-BO,S-ZH-UN,S-ZE-UN,B-ZB-BO,B-ZO-BR,S-ZH-UN,B-ZF-BR,B-ZB-BO,B-ZF-BR
437,2002.08.17 00:00,USDCAD,60,86400,SELL,ZO,0,1.56460,1.55630,830.0,1.56280,1.55560,720.0,86.747,21.69,650.0,195.9,1.56280,1.55630,1.54910,UNTOUCHED,,0,,0,,0,,0,NA,Other,NA,,NA,,1.57110,BREAK,2002.08.19 18:00,0,,0,,0,,0,NA,NewYork,BOUNCE,2002.09.11 10:00,NA,,1.54980,BOUNCE,2002.08.27 15:00,1,2002.09.04 20:00,1,2002.09.05 12:00,0,,2,1w 1d,NewYork,NA,,NA,,1.56930,BREAK,2002.08.19 18:00,0,,0,,0,,0,NA,NewYork,BREAK,2002.09.11 10:00,BREAK,2002.09.12 15:00,S-ZG-BO,S-ZC-BO,S-ZG-BO,S-ZE-BR,S-ZB-BR,B-ZO-UN,B-ZB-BR,B-ZB-BO,S-ZE-BO,S-ZH-BR,B-ZE-BO,S-ZH-UN,S-ZE-UN,B-ZB-BO,B-ZO-BR,S-ZH-UN,B-ZF-BR,B-ZB-BO,B-ZF-BR,B-ZD-BO
438,2002.08.21 00:00,USDCAD,60,86400,BUY,ZE,1,1.57430,1.55740,1690.0,1.57490,1.56460,1030.0,60.947,42.60,970.0,398.8,1.57430,1.56460,1.58460,BOUNCE,2002.09.12 15:00,0,,0,,0,,0,NA,NewYork,NA,,NA,,1.54770,UNTOUCHED,,0,,0,,0,,0,NA,Other,NA,,NA,,1.58400,BREAK,2002.09.12 15:00,0,,0,,0,,0,NA,NewYork,BREAK,2002.10.08 23:00,UNTOUCHED,,1.55490,BREAK,2002.08.22 00:00,0,,0,,0,,0,NA,Asia,UNTOUCHED,,NA,,S-ZO-UN,S-ZG-BO,S-ZC-BO,S-ZG-BO,S-ZE-BR,S-ZB-BR,B-ZO-UN,B-ZB-BR,B-ZB-BO,S-ZE-BO,S-ZH-UN,S-ZE-UN,B-ZB-BO,B-ZO-BR,S-ZH-UN,B-ZF-BR,B-ZB-BO,B-ZF-BR,B-ZD-BO,B-ZO-BR
439,2002.08.22 00:00,USDCAD,60,86400,SELL,ZH,1,1.57490,1.56460,1030.0,1.57120,1.55500,1620.0,157.282,35.92,660.0,243.1,1.57120,1.56460,1.54840,UNTOUCHED,,0,,0,,0,,0,NA,Other,NA,,NA,,1.58150,BREAK,2002.09.12 03:00,0,,0,,0,,0,NA,Asia,BOUNCE,2002.09.13 15:00,NA,,1.55800,BREAK,2002.08.22 00:00,0,,0,,0,,0,NA,Asia,BOUNCE,2002.08.22 20:00,NA,,1.57780,BOUNCE,2002.09.11 10:00,0,,0,,0,,0,NA,London,NA,,NA,,B-ZE-BO,S-ZO-UN,S-ZG-BO,S-ZC-BO,S-ZG-BO,S-ZE-BR,S-ZB-BR,B-ZO-UN,B-ZB-BR,B-ZB-BO,S-ZE-UN,B-ZB-BO,B-ZO-BR,S-ZH-UN,B-ZF-BR,B-ZB-BO,B-ZF-BR,B-ZD-BO,B-ZO-BR,B-ZB-BO
440,2002.08.23 00:00,USDCAD,60,86400,SELL,ZE,1,1.57120,1.55500,1620.0,1.56210,1.55120,1090.0,67.284,56.17,710.0,382.3,1.56210,1.55500,1.54410,UNTOUCHED,,0,,0,,0,,0,NA,Other,NA,,NA,,1.57830,BOUNCE,2002.09.11 10:00,0,,0,,0,,0,NA,London,NA,,NA,,1.54790,UNTOUCHED,,0,,0,,0,,0,NA,Other,NA,,NA,,1.56920,BREAK,2002.09.04 20:00,0,,0,,0,,0,NA,NewYork,BREAK,2002.09.11 21:00,BREAK,2002.09.12 20:00,S-ZH-UN,B-ZE-BO,S-ZO-UN,S-ZG-BO,S-ZC-BO,S-ZG-BO,S-ZE-BR,S-ZB-BR,B-ZO-UN,B-ZB-BR,B-ZB-BO,B-ZO-BR,S-ZH-UN,B-ZF-BR,B-ZB-BO,B-ZF-BR,B-ZD-BO,B-ZO-BR,B-ZB-BO,S-ZF-BR
441,2002.08.29 00:00,USDCAD,60,86400,BUY,ZB,1,1.55660,1.54920,740.0,1.56040,1.55210,830.0,112.162,39.19,450.0,174.6,1.55660,1.55210,1.56490,BOUNCE,2002.08.29 17:00,1,2002.09.02 17:00,0,,0,,1,4d 0h,NewYork,NA,,NA,,1.54470,UNTOUCHED,,0,,0,,0,,0,NA,Other,NA,,NA,,1.56110,BOUNCE,2002.08.29 02:00,0,,0,,0,,0,NA,Asia,NA,,NA,,1.54760,UNTOUCHED,,0,,0,,0,,0,NA,Other,NA,,NA,,S-ZE-UN,S-ZH-UN,B-ZE-BO,S-ZO-UN,S-ZG-BO,S-ZC-BO,S-ZG-BO,S-ZE-BR,S-ZB-BR,B-ZO-UN,B-ZO-BR,S-ZH-UN,B-ZF-BR,B-ZB-BO,B-ZF-BR,B-ZD-BO,B-ZO-BR,B-ZB-BO,S-ZF-BR,S-ZB-BO
442,2002.08.30 00:00,USDCAD,60,86400,BUY,ZO,0,1.56040,1.55210,830.0,1.56490,1.55480,1010.0,121.687,32.53,560.0,195.9,1.56040,1.55480,1.57050,BREAK,2002.09.05 12:00,0,,0,,0,,0,NA,London,BREAK,2002.09.11 10:00,BREAK,2002.09.12 15:00,1.54650,UNTOUCHED,,0,,0,,0,,0,NA,Other,NA,,NA,,1.56600,BREAK,2002.09.04 18:00,0,,0,,0,,0,NA,NewYork,BREAK,2002.09.06 11:00,BOUNCE,2002.09.11 10:00,1.54920,UNTOUCHED,,0,,0,,0,,0,NA,Other,NA,,NA,,B-ZB-BO,S-ZE-UN,S-ZH-UN,B-ZE-BO,S-ZO-UN,S-ZG-BO,S-ZC-BO,S-ZG-BO,S-ZE-BR,S-ZB-BR,S-ZH-UN,B-ZF-BR,B-ZB-BO,B-ZF-BR,B-ZD-BO,B-ZO-BR,B-ZB-BO,S-ZF-BR,S-ZB-BO,B-ZO-UN
443,2002.09.04 00:00,USDCAD,60,86400,SELL,ZH,1,1.56000,1.55520,480.0,1.55820,1.55030,790.0,164.583,37.50,300.0,113.3,1.55820,1.55520,1.54730,UNTOUCHED,,0,,0,,0,,0,NA,Other,NA,,NA,,1.56300,BREAK,2002.09.04 17:00,0,,0,,0,,0,NA,NewYork,BREAK,2002.09.04 18:00,BREAK,2002.09.04 20:00,1.55220,BOUNCE,2002.09.04 00:00,1,2002.09.04 17:00,1,2002.09.04 17:00,0,,2,17h,Asia,NA,,NA,,1.56120,BREAK,2002.09.04 17:00,0,,0,,0,,0,NA,NewYork,BREAK,2002.09.04 18:00,BREAK,2002.09.04 19:00,B-ZO-BR,B-ZB-BO,S-ZE-UN,S-ZH-UN,B-ZE-BO,S-ZO-UN,S-ZG-BO,S-ZC-BO,S-ZG-BO,S-ZE-BR,B-ZF-BR,B-ZB-BO,B-ZF-BR,B-ZD-BO,B-ZO-BR,B-ZB-BO,S-ZF-BR,S-ZB-BO,B-ZO-UN,B-ZD-BO
444,2002.09.05 00:00,USDCAD,60,86400,BUY,ZF,1,1.55820,1.55030,790.0,1.57020,1.55130,1890.0,239.241,12.66,690.0,186.4,1.55820,1.55130,1.57710,BREAK,2002.09.11 10:00,0,,0,,0,,0,NA,London,BREAK,2002.09.12 15:00,BOUNCE,2002.09.24 19:00,1.54340,UNTOUCHED,,0,,0,,0,,0,NA,Other,NA,,NA,,1.56510,BREAK,2002.09.05 00:00,0,,0,,0,,0,NA,Asia,BREAK,2002.09.06 11:00,BREAK,2002.09.11 22:00,1.54440,UNTOUCHED,,0,,0,,0,,0,NA,Other,NA,,NA,,S-ZH-UN,B-ZO-BR,B-ZB-BO,S-ZE-UN,S-ZH-UN,B-ZE-BO,S-ZO-UN,S-ZG-BO,S-ZC-BO,S-ZG-BO,B-ZB-BO,B-ZF-BR,B-ZD-BO,B-ZO-BR,B-ZB-BO,S-ZF-BR,S-ZB-BO,B-ZO-UN,B-ZD-BO,B-ZC-UN
445,2002.09.06 00:00,USDCAD,60,86400,BUY,ZB,1,1.57020,1.55130,1890.0,1.57350,1.56550,800.0,42.328,75.13,470.0,446.0,1.57020,1.56550,1.57820,BOUNCE,2002.09.11 10:00,0,,0,,0,,0,NA,London,NA,,NA,,1.54660,UNTOUCHED,,0,,0,,0,,0,NA,Other,NA,,NA,,1.57490,BREAK,2002.09.11 10:00,0,,0,,0,,0,NA,London,BREAK,2002.09.12 15:00,BOUNCE,2002.09.13 15:00,1.56080,BOUNCE,2002.09.06 21:00,1,2002.09.11 10:00,1,2002.09.11 10:00,0,,2,4d 13h,Other,NA,,NA,,B-ZF-BR,S-ZH-UN,B-ZO-BR,B-ZB-BO,S-ZE-UN,S-ZH-UN,B-ZE-BO,S-ZO-UN,S-ZG-BO,S-ZC-BO,B-ZF-BR,B-ZD-BO,B-ZO-BR,B-ZB-BO,S-ZF-BR,S-ZB-BO,B-ZO-UN,B-ZD-BO,B-ZC-UN,S-ZF-BO
446,2002.09.11 00:00,USDCAD,60,86400,BUY,ZF,1,1.56640,1.55860,780.0,1.57400,1.56080,1320.0,169.231,28.21,560.0,184.1,1.56640,1.56080,1.57960,BREAK,2002.09.11 14:00,0,,0,,0,,0,NA,NewYork,BOUNCE,2002.09.12 15:00,NA,,1.55300,UNTOUCHED,,0,,0,,0,,0,NA,Other,NA,,NA,,1.57200,BREAK,2002.09.11 00:00,0,,0,,0,,0,NA,Asia,BREAK,2002.09.11 14:00,BREAK,2002.09.12 15:00,1.55520,UNTOUCHED,,0,,0,,0,,0,NA,Other,NA,,NA,,B-ZB-BO,B-ZF-BR,S-ZH-UN,B-ZO-BR,B-ZB-BO,S-ZE-UN,S-ZH-UN,B-ZE-BO,S-ZO-UN,S-ZG-BO,B-ZD-BO,B-ZO-BR,B-ZB-BO,S-ZF-BR,S-ZB-BO,B-ZO-UN,B-ZD-BO,B-ZC-UN,S-ZF-BO,S-ZB-BO
447,2002.09.13 00:00,USDCAD,60,86400,BUY,ZD,1,1.58140,1.57070,1070.0,1.58850,1.57660,1190.0,111.215,55.14,480.0,252.5,1.58140,1.57660,1.59330,BOUNCE,2002.10.03 16:00,1,2002.10.14 13:00,1,2002.10.17 18:00,1,2002.10.21 18:00,3,2w 4d,NewYork,NA,,NA,,1.56590,BREAK,2002.10.21 18:00,0,,0,,0,,0,NA,NewYork,BOUNCE,2002.10.24 23:00,NA,,1.58620,BOUNCE,2002.09.13 00:00,1,2002.09.19 14:00,1,2002.10.21 18:00,0,,2,5w 3d,Asia,NA,,NA,,1.57180,BOUNCE,2002.09.19 14:00,1,2002.09.24 11:00,1,2002.09.24 11:00,0,,2,4d 21h,NewYork,NA,,NA,,B-ZF-BR,B-ZB-BO,B-ZF-BR,S-ZH-UN,B-ZO-BR,B-ZB-BO,S-ZE-UN,S-ZH-UN,B-ZE-BO,S-ZO-UN,B-ZO-BR,B-ZB-BO,S-ZF-BR,S-ZB-BO,B-ZO-UN,B-ZD-BO,B-ZC-UN,S-ZF-BO,S-ZB-BO,S-ZD-BO
448,2002.09.19 00:00,USDCAD,60,86400,BUY,ZO,0,1.58450,1.57600,850.0,1.58700,1.57720,980.0,115.294,14.12,730.0,200.6,1.58450,1.57720,1.59430,BREAK,2002.10.04 18:00,0,,0,,0,,0,NA,NewYork,UNTOUCHED,,NA,,1.56870,BREAK,2002.10.17 19:00,0,,0,,0,,0,NA,NewYork,BOUNCE,2002.10.25 17:00,NA,,1.59180,BREAK,2002.10.03 15:00,0,,0,,0,,0,NA,NewYork,BOUNCE,2002.10.10 11:00,NA,,1.56990,BOUNCE,2002.09.19 15:00,1,2002.10.03 15:00,1,2002.10.03 15:00,0,,2,2w 0d,NewYork,NA,,NA,,B-ZD-BO,B-ZF-BR,B-ZB-BO,B-ZF-BR,S-ZH-UN,B-ZO-BR,B-ZB-BO,S-ZE-UN,S-ZH-UN,B-ZE-BO,B-ZB-BO,S-ZF-BR,S-ZB-BO,B-ZO-UN,B-ZD-BO,B-ZC-UN,S-ZF-BO,S-ZB-BO,S-ZD-BO,S-ZB-BR
449,2002.09.25 00:00,USDCAD,60,86400,BUY,ZB,1,1.58600,1.57160,1440.0,1.59160,1.58150,1010.0,70.139,68.75,450.0,339.8,1.58600,1.58150,1.59610,BOUNCE,2002.10.08 19:00,1,2002.10.11 12:00,1,2002.10.17 14:00,1,2002.10.21 17:00,3,1w 5d,NewYork,NA,,NA,,1.56710,BREAK,2002.10.21 17:00,0,,0,,0,,0,NA,NewYork,BOUNCE,2002.10.22 18:00,NA,,1.59050,BOUNCE,2002.10.01 17:00,1,2002.10.17 14:00,1,2002.10.21 17:00,0,,2,2w 6d,NewYork,NA,,NA,,1.57700,BREAK,2002.09.26 10:00,0,,0,,0,,0,NA,London,BREAK,2002.10.17 19:00,BREAK,2002.10.21 22:00,B-ZO-BR,B-ZD-BO,B-ZF-BR,B-ZB-BO,B-ZF-BR,S-ZH-UN,B-ZO-BR,B-ZB-BO,S-ZE-UN,S-ZH-UN,S-ZF-BR,S-ZB-BO,B-ZO-UN,B-ZD-BO,B-ZC-UN,S-ZF-BO,S-ZB-BO,S-ZD-BO,S-ZB-BR,S-ZE-BO
450,2002.09.26 00:00,USDCAD,60,86400,SELL,ZF,0,1.59160,1.58150,1010.0,1.58860,1.57800,1060.0,104.950,29.70,710.0,238.4,1.58860,1.58150,1.57090,BREAK,2002.10.17 18:00,0,,0,,0,,0,NA,NewYork,BREAK,2002.10.24 15:00,BOUNCE,2002.10.29 18:00,1.59870,BOUNCE,2002.10.09 22:00,1,2002.10.14 11:00,1,2002.10.17 17:00,1,2002.10.17 18:00,3,1w 0d,Other,NA,,NA,,1.57440,BOUNCE,2002.09.26 17:00,1,2002.10.07 23:00,1,2002.10.09 22:00,0,,2,1w 6d,NewYork,NA,,NA,,1.59570,BOUNCE,2002.10.07 23:00,1,2002.10.17 17:00,1,2002.10.17 17:00,0,,2,1w 2d,Other,NA,,NA,,B-ZB-BO,B-ZO-BR,B-ZD-BO,B-ZF-BR,B-ZB-BO,B-ZF-BR,S-ZH-UN,B-ZO-BR,B-ZB-BO,S-ZE-UN,S-ZB-BO,B-ZO-UN,B-ZD-BO,B-ZC-UN,S-ZF-BO,S-ZB-BO,S-ZD-BO,S-ZB-BR,S-ZE-BO,S-ZE-BR
451,2002.09.27 00:00,USDCAD,60,86400,SELL,ZB,1,1.58860,1.57800,1060.0,1.58160,1.57330,830.0,78.302,66.04,360.0,250.2,1.58160,1.57800,1.56970,BOUNCE,2002.10.17 19:00,0,,0,,0,,0,NA,NewYork,NA,,NA,,1.59220,BOUNCE,2002.10.03 15:00,1,2002.10.14 10:00,1,2002.10.17 17:00,1,2002.10.17 19:00,3,2w 0d,NewYork,NA,,NA,,1.57440,BOUNCE,2002.09.27 00:00,1,2002.09.30 17:00,1,2002.10.03 15:00,0,,2,6d 15h,Asia,NA,,NA,,1.58520,BOUNCE,2002.09.30 17:00,1,2002.10.17 17:00,1,2002.10.17 17:00,0,,2,2w 3d,NewYork,NA,,NA,,S-ZF-BR,B-ZB-BO,B-ZO-BR,B-ZD-BO,B-ZF-BR,B-ZB-BO,B-ZF-BR,S-ZH-UN,B-ZO-BR,B-ZB-BO,B-ZO-UN,B-ZD-BO,B-ZC-UN,S-ZF-BO,S-ZB-BO,S-ZD-BO,S-ZB-BR,S-ZE-BO,S-ZE-BR,B-ZO-BR
452,2002.10.02 00:00,USDCAD,60,86400,BUY,ZO,0,1.58790,1.57530,1260.0,1.59080,1.57850,1230.0,97.619,25.40,940.0,297.4,1.58790,1.57850,1.60020,UNTOUCHED,,0,,0,,0,,0,NA,Other,NA,,NA,,1.56590,BREAK,2002.10.21 18:00,0,,0,,0,,0,NA,NewYork,BOUNCE,2002.10.29 21:00,NA,,1.59730,BOUNCE,2002.10.08 23:00,1,2002.10.17 19:00,1,2002.10.21 18:00,0,,2,1w 5d,Other,NA,,NA,,1.56910,BREAK,2002.10.17 19:00,0,,0,,0,,0,NA,NewYork,BOUNCE,2002.10.25 17:00,NA,,S-ZB-BO,S-ZF-BR,B-ZB-BO,B-ZO-BR,B-ZD-BO,B-ZF-BR,B-ZB-BO,B-ZF-BR,S-ZH-UN,B-ZO-BR,B-ZD-BO,B-ZC-UN,S-ZF-BO,S-ZB-BO,S-ZD-BO,S-ZB-BR,S-ZE-BO,S-ZE-BR,B-ZO-BR,B-ZB-BO
453,2002.10.04 00:00,USDCAD,60,86400,BUY,ZD,1,1.59080,1.58070,1010.0,1.59350,1.58640,710.0,70.297,56.44,440.0,238.4,1.59080,1.58640,1.59790,BOUNCE,2002.10.08 23:00,1,2002.10.10 20:00,1,2002.10.16 16:00,1,2002.10.17 14:00,3,1w 1d,Other,NA,,NA,,1.57630,BREAK,2002.10.17 14:00,0,,0,,0,,0,NA,NewYork,BREAK,2002.10.17 19:00,BREAK,2002.10.21 22:00,1.59520,BOUNCE,2002.10.04 19:00,1,2002.10.16 16:00,1,2002.10.17 14:00,0,,2,1w 5d,NewYork,NA,,NA,,1.58200,BOUNCE,2002.10.16 16:00,0,,0,,0,,0,NA,NewYork,NA,,NA,,B-ZO-UN,S-ZB-BO,S-ZF-BR,B-ZB-BO,B-ZO-BR,B-ZD-BO,B-ZF-BR,B-ZB-BO,B-ZF-BR,S-ZH-UN,B-ZC-UN,S-ZF-BO,S-ZB-BO,S-ZD-BO,S-ZB-BR,S-ZE-BO,S-ZE-BR,B-ZO-BR,B-ZB-BO,S-ZO-UN
454,2002.10.10 00:00,USDCAD,60,86400,BUY,ZC,1,1.59860,1.58780,1080.0,1.59940,1.59240,700.0,64.815,42.59,620.0,254.9,1.59860,1.59240,1.60560,UNTOUCHED,,0,,0,,0,,0,NA,Other,NA,,NA,,1.58160,BREAK,2002.10.16 16:00,0,,0,,0,,0,NA,NewYork,BREAK,2002.10.17 18:00,BOUNCE,2002.10.18 22:00,1.60480,UNTOUCHED,,0,,0,,0,,0,NA,Other,NA,,NA,,1.58620,BREAK,2002.10.11 13:00,0,,0,,0,,0,NA,NewYork,BREAK,2002.10.17 13:00,BREAK,2002.10.17 18:00,B-ZD-BO,B-ZO-UN,S-ZB-BO,S-ZF-BR,B-ZB-BO,B-ZO-BR,B-ZD-BO,B-ZF-BR,B-ZB-BO,B-ZF-BR,S-ZF-BO,S-ZB-BO,S-ZD-BO,S-ZB-BR,S-ZE-BO,S-ZE-BR,B-ZO-BR,B-ZB-BO,S-ZO-UN,B-ZE-BO
455,2002.10.11 00:00,USDCAD,60,86400,SELL,ZF,0,1.59940,1.59240,700.0,1.59870,1.58870,1000.0,142.857,10.00,630.0,165.2,1.59870,1.59240,1.58240,BOUNCE,2002.10.15 13:00,0,,0,,0,,0,NA,NewYork,NA,,NA,,1.60570,UNTOUCHED,,0,,0,,0,,0,NA,Other,NA,,NA,,1.58610,BREAK,2002.10.11 13:00,0,,0,,0,,0,NA,NewYork,BREAK,2002.10.17 13:00,BREAK,2002.10.17 18:00,1.60500,UNTOUCHED,,0,,0,,0,,0,NA,Other,NA,,NA,,B-ZC-UN,B-ZD-BO,B-ZO-UN,S-ZB-BO,S-ZF-BR,B-ZB-BO,B-ZO-BR,B-ZD-BO,B-ZF-BR,B-ZB-BO,S-ZB-BO,S-ZD-BO,S-ZB-BR,S-ZE-BO,S-ZE-BR,B-ZO-BR,B-ZB-BO,S-ZO-UN,B-ZE-BO,S-ZC-UN
456,2002.10.12 00:00,USDCAD,60,86400,SELL,ZB,1,1.59870,1.58870,1000.0,1.59130,1.58530,600.0,60.000,74.00,260.0,236.0,1.59130,1.58870,1.58270,BOUNCE,2002.10.15 13:00,1,2002.10.15 23:00,0,,0,,1,10h,NewYork,NA,,NA,,1.60130,UNTOUCHED,,0,,0,,0,,0,NA,Other,NA,,NA,,1.58610,BREAK,2002.10.14 08:00,0,,0,,0,,0,NA,London,BOUNCE,2002.10.15 17:00,NA,,1.59390,UNTOUCHED,,0,,0,,0,,0,NA,Other,NA,,NA,,S-ZF-BO,B-ZC-UN,B-ZD-BO,B-ZO-UN,S-ZB-BO,S-ZF-BR,B-ZB-BO,B-ZO-BR,B-ZD-BO,B-ZF-BR,S-ZD-BO,S-ZB-BR,S-ZE-BO,S-ZE-BR,B-ZO-BR,B-ZB-BO,S-ZO-UN,B-ZE-BO,S-ZC-UN,S-ZO-BO
457,2002.10.15 00:00,USDCAD,60,86400,SELL,ZD,1,1.58980,1.58630,350.0,1.58750,1.58320,430.0,122.857,65.71,120.0,82.6,1.58750,1.58630,1.58200,BOUNCE,2002.10.16 16:00,1,2002.10.16 17:00,1,2002.11.18 19:00,1,2002.11.18 19:00,3,4w 5d,NewYork,NA,,NA,,1.59100,BREAK,2002.11.18 19:00,0,,0,,0,,0,NA,NewYork,UNTOUCHED,,NA,,1.58510,BREAK,2002.10.15 10:00,0,,0,,0,,0,NA,London,BOUNCE,2002.10.15 12:00,NA,,1.58870,BOUNCE,2002.10.15 03:00,1,2002.10.15 10:00,1,2002.10.15 10:00,0,,2,7h,Asia,NA,,NA,,S-ZB-BO,S-ZF-BO,B-ZC-UN,B-ZD-BO,B-ZO-UN,S-ZB-BO,S-ZF-BR,B-ZB-BO,B-ZO-BR,B-ZD-BO,S-ZB-BR,S-ZE-BO,S-ZE-BR,B-ZO-BR,B-ZB-BO,S-ZO-UN,B-ZE-BO,S-ZC-UN,S-ZO-BO,B-ZB-BO
458,2002.10.18 00:00,USDCAD,60,86400,SELL,ZB,1,1.58980,1.58150,830.0,1.58490,1.56850,1640.0,197.590,59.04,340.0,195.9,1.58490,1.58150,1.56510,BREAK,2002.10.21 22:00,0,,0,,0,,0,NA,Other,BREAK,2002.10.24 18:00,BREAK,2002.10.28 21:00,1.59320,UNTOUCHED,,0,,0,,0,,0,NA,Other,NA,,NA,,1.57810,BREAK,2002.10.18 00:00,0,,0,,0,,0,NA,Asia,BREAK,2002.10.18 01:00,BREAK,2002.10.18 03:00,1.58830,BREAK,2002.11.18 19:00,0,,0,,0,,0,NA,NewYork,BOUNCE,2002.11.19 09:00,NA,,S-ZD-BO,S-ZB-BO,S-ZF-BO,B-ZC-UN,B-ZD-BO,B-ZO-UN,S-ZB-BO,S-ZF-BR,B-ZB-BO,B-ZO-BR,S-ZE-BO,S-ZE-BR,B-ZO-BR,B-ZB-BO,S-ZO-UN,B-ZE-BO,S-ZC-UN,S-ZO-BO,B-ZB-BO,B-ZD-BR
459,2002.10.19 00:00,USDCAD,60,86400,SELL,ZE,1,1.58490,1.56850,1640.0,1.57550,1.56820,730.0,44.512,57.32,700.0,387.0,1.57550,1.56850,1.56120,BOUNCE,2002.10.24 17:00,1,2002.11.12 04:00,1,2002.11.15 16:00,1,2002.11.18 19:00,3,3w 4d,NewYork,NA,,NA,,1.59190,BOUNCE,2002.11.18 19:00,1,2002.11.21 18:00,0,,0,,1,2d 23h,NewYork,NA,,NA,,1.56150,BOUNCE,2002.10.24 15:00,1,2002.11.15 16:00,1,2002.11.18 19:00,0,,2,3w 4d,NewYork,NA,,NA,,1.58250,BREAK,2002.11.15 16:00,0,,0,,0,,0,NA,NewYork,BOUNCE,2002.11.20 02:00,NA,,S-ZB-BR,S-ZD-BO,S-ZB-BO,S-ZF-BO,B-ZC-UN,B-ZD-BO,B-ZO-UN,S-ZB-BO,S-ZF-BR,B-ZB-BO,S-ZE-BR,B-ZO-BR,B-ZB-BO,S-ZO-UN,B-ZE-BO,S-ZC-UN,S-ZO-BO,B-ZB-BO,B-ZD-BR,B-ZE-BR
460,2002.10.23 00:00,USDCAD,60,86400,SELL,ZE,1,1.57520,1.56280,1240.0,1.56960,1.56170,790.0,63.710,45.16,680.0,292.6,1.56960,1.56280,1.55490,BREAK,2002.11.01 19:00,0,,0,,0,,0,NA,NewYork,BREAK,2002.12.18 12:00,BREAK,2003.01.14 16:00,1.58200,BREAK,2002.11.15 16:00,0,,0,,0,,0,NA,NewYork,BREAK,2002.11.18 19:00,UNTOUCHED,,1.55600,BOUNCE,2002.10.28 21:00,1,2002.11.12 20:00,1,2002.11.15 16:00,0,,2,2w 3d,Other,NA,,NA,,1.57640,BREAK,2002.11.12 20:00,0,,0,,0,,0,NA,NewYork,BREAK,2002.11.18 18:00,BOUNCE,2002.11.19 21:00,S-ZE-BO,S-ZB-BR,S-ZD-BO,S-ZB-BO,S-ZF-BO,B-ZC-UN,B-ZD-BO,B-ZO-UN,S-ZB-BO,S-ZF-BR,B-ZO-BR,B-ZB-BO,S-ZO-UN,B-ZE-BO,S-ZC-UN,S-ZO-BO,B-ZB-BO,B-ZD-BR,B-ZE-BR,S-ZE-BO
461,2002.10.24 00:00,USDCAD,60,86400,BUY,ZO,0,1.56960,1.56170,790.0,1.57080,1.56430,650.0,82.278,32.91,530.0,186.4,1.56960,1.56430,1.57610,BREAK,2002.11.12 20:00,0,,0,,0,,0,NA,NewYork,BOUNCE,2002.11.13 19:00,NA,,1.55640,BOUNCE,2002.10.28 21:00,1,2002.10.30 15:00,1,2002.11.12 04:00,1,2002.11.12 20:00,3,2w 0d,Other,NA,,NA,,1.57490,BOUNCE,2002.11.12 04:00,1,2002.12.02 16:00,1,2002.12.02 16:00,0,,2,2w 6d,Asia,NA,,NA,,1.55900,BREAK,2002.10.28 17:00,0,,0,,0,,0,NA,NewYork,BOUNCE,2002.11.06 14:00,NA,,S-ZE-BR,S-ZE-BO,S-ZB-BR,S-ZD-BO,S-ZB-BO,S-ZF-BO,B-ZC-UN,B-ZD-BO,B-ZO-UN,S-ZB-BO,B-ZB-BO,S-ZO-UN,B-ZE-BO,S-ZC-UN,S-ZO-BO,B-ZB-BO,B-ZD-BR,B-ZE-BR,S-ZE-BO,S-ZF-BR
462,2002.10.26 00:00,USDCAD,60,86400,BUY,ZB,1,1.56720,1.55950,770.0,1.56910,1.56250,660.0,85.714,38.96,470.0,181.7,1.56720,1.56250,1.57380,BOUNCE,2002.11.12 04:00,1,2002.11.29 20:00,1,2002.12.02 16:00,1,2002.12.03 16:00,3,3w 0d,Asia,NA,,NA,,1.55480,BOUNCE,2002.11.01 19:00,1,2002.11.08 17:00,1,2002.11.12 03:00,1,2002.11.12 04:00,3,1w 3d,NewYork,NA,,NA,,1.57190,BREAK,2002.11.12 03:00,0,,0,,0,,0,NA,Asia,BREAK,2002.11.12 20:00,BOUNCE,2002.11.13 19:00,1.55780,BREAK,2002.10.28 17:00,0,,0,,0,,0,NA,NewYork,BOUNCE,2002.11.05 09:00,NA,,B-ZO-BR,S-ZE-BR,S-ZE-BO,S-ZB-BR,S-ZD-BO,S-ZB-BO,S-ZF-BO,B-ZC-UN,B-ZD-BO,B-ZO-UN,S-ZO-UN,B-ZE-BO,S-ZC-UN,S-ZO-BO,B-ZB-BO,B-ZD-BR,B-ZE-BR,S-ZE-BO,S-ZF-BR,S-ZE-BO
463,2002.10.30 00:00,USDCAD,60,86400,SELL,ZO,0,1.56740,1.55570,1170.0,1.56670,1.55550,1120.0,95.726,5.98,1100.0,276.1,1.56670,1.55570,1.54450,UNTOUCHED,,0,,0,,0,,0,NA,Other,NA,,NA,,1.57840,BREAK,2002.11.12 20:00,0,,0,,0,,0,NA,NewYork,BOUNCE,2002.11.21 17:00,NA,,1.54470,UNTOUCHED,,0,,0,,0,,0,NA,Other,NA,,NA,,1.57770,BREAK,2002.11.12 20:00,0,,0,,0,,0,NA,NewYork,BREAK,2002.11.18 19:00,UNTOUCHED,,B-ZB-BO,B-ZO-BR,S-ZE-BR,S-ZE-BO,S-ZB-BR,S-ZD-BO,S-ZB-BO,S-ZF-BO,B-ZC-UN,B-ZD-BO,B-ZE-BO,S-ZC-UN,S-ZO-BO,B-ZB-BO,B-ZD-BR,B-ZE-BR,S-ZE-BO,S-ZF-BR,S-ZE-BO,S-ZH-BR
464,2002.10.31 00:00,USDCAD,60,86400,BUY,ZE,1,1.56670,1.55550,1120.0,1.56880,1.56250,630.0,56.250,62.50,420.0,264.3,1.56670,1.56250,1.57300,BOUNCE,2002.11.12 03:00,1,2002.11.29 20:00,1,2002.12.02 16:00,0,,2,2w 6d,Asia,NA,,NA,,1.55130,BOUNCE,2002.11.07 14:00,1,2002.11.08 14:00,1,2002.11.11 15:00,1,2002.11.12 03:00,3,4d 13h,NewYork,NA,,NA,,1.57090,BOUNCE,2002.10.31 03:00,1,2002.10.31 22:00,1,2002.11.07 14:00,0,,2,1w 0d,Asia,NA,,NA,,1.55830,BREAK,2002.10.31 22:00,0,,0,,0,,0,NA,Other,BOUNCE,2002.11.04 16:00,NA,,S-ZO-UN,B-ZB-BO,B-ZO-BR,S-ZE-BR,S-ZE-BO,S-ZB-BR,S-ZD-BO,S-ZB-BO,S-ZF-BO,B-ZC-UN,S-ZC-UN,S-ZO-BO,B-ZB-BO,B-ZD-BR,B-ZE-BR,S-ZE-BO,S-ZF-BR,S-ZE-BO,S-ZH-BR,S-ZE-BR
465,2002.11.02 00:00,USDCAD,60,86400,SELL,ZC,1,1.57090,1.55530,1560.0,1.56300,1.55420,880.0,56.410,50.64,770.0,368.2,1.56300,1.55530,1.54650,UNTOUCHED,,0,,0,,0,,0,NA,Other,NA,,NA,,1.57860,BREAK,2002.11.12 21:00,0,,0,,0,,0,NA,Other,BREAK,2002.11.18 19:00,UNTOUCHED,,1.54760,UNTOUCHED,,0,,0,,0,,0,NA,Other,NA,,NA,,1.57070,BREAK,2002.11.11 15:00,0,,0,,0,,0,NA,NewYork,BREAK,2002.11.15 16:00,BREAK,2002.11.18 19:00,B-ZE-BO,S-ZO-UN,B-ZB-BO,B-ZO-BR,S-ZE-BR,S-ZE-BO,S-ZB-BR,S-ZD-BO,S-ZB-BO,S-ZF-BO,S-ZO-BO,B-ZB-BO,B-ZD-BR,B-ZE-BR,S-ZE-BO,S-ZF-BR,S-ZE-BO,S-ZH-BR,S-ZE-BR,B-ZE-UN
466,2002.11.08 00:00,USDCAD,60,86400,SELL,ZO,0,1.55960,1.55290,670.0,1.55800,1.55040,760.0,113.433,23.88,510.0,158.1,1.55800,1.55290,1.54530,BOUNCE,2002.12.18 12:00,1,2002.12.18 19:00,0,,0,,1,7h,London,NA,,NA,,1.56470,BOUNCE,2002.11.08 17:00,1,2002.12.03 16:00,1,2002.12.17 19:00,1,2002.12.18 12:00,3,5w 4d,NewYork,NA,,NA,,1.54780,BREAK,2002.12.17 19:00,0,,0,,0,,0,NA,NewYork,BREAK,2003.01.13 14:00,BOUNCE,2003.01.14 16:00,1.56310,BREAK,2002.11.08 17:00,0,,0,,0,,0,NA,NewYork,BREAK,2002.11.11 14:00,BREAK,2002.11.12 04:00,S-ZC-UN,B-ZE-BO,S-ZO-UN,B-ZB-BO,B-ZO-BR,S-ZE-BR,S-ZE-BO,S-ZB-BR,S-ZD-BO,S-ZB-BO,B-ZB-BO,B-ZD-BR,B-ZE-BR,S-ZE-BO,S-ZF-BR,S-ZE-BO,S-ZH-BR,S-ZE-BR,B-ZE-UN,S-ZE-BR
467,2002.11.09 00:00,USDCAD,60,86400,BUY,ZB,1,1.55800,1.55040,760.0,1.56700,1.55430,1270.0,167.105,51.32,370.0,179.4,1.55800,1.55430,1.57070,BOUNCE,2002.11.11 15:00,1,2002.11.29 20:00,1,2002.12.17 17:00,1,2002.12.18 09:00,3,5w 1d,NewYork,NA,,NA,,1.54670,BOUNCE,2002.12.18 09:00,1,2002.12.18 18:00,0,,0,,1,9h,London,NA,,NA,,1.56170,BREAK,2002.11.09 00:00,0,,0,,0,,0,NA,Asia,BREAK,2002.11.11 13:00,BREAK,2002.11.11 15:00,1.55060,BOUNCE,2002.12.17 17:00,0,,0,,0,,0,NA,NewYork,NA,,NA,,S-ZO-BO,S-ZC-UN,B-ZE-BO,S-ZO-UN,B-ZB-BO,B-ZO-BR,S-ZE-BR,S-ZE-BO,S-ZB-BR,S-ZD-BO,B-ZD-BR,B-ZE-BR,S-ZE-BO,S-ZF-BR,S-ZE-BO,S-ZH-BR,S-ZE-BR,B-ZE-UN,S-ZE-BR,S-ZF-BR
468,2002.11.13 00:00,USDCAD,60,86400,BUY,ZD,1,1.57180,1.56360,820.0,1.57870,1.56700,1170.0,142.683,41.46,480.0,193.5,1.57180,1.56700,1.58350,BREAK,2002.11.15 21:00,0,,0,,0,,0,NA,Other,BREAK,2002.11.18 19:00,UNTOUCHED,,1.55880,BREAK,2002.12.02 16:00,0,,0,,0,,0,NA,NewYork,BOUNCE,2002.12.04 08:00,NA,,1.57660,BREAK,2002.11.13 00:00,0,,0,,0,,0,NA,Asia,BOUNCE,2002.11.13 19:00,NA,,1.56220,BREAK,2002.12.02 04:00,0,,0,,0,,0,NA,Asia,BREAK,2002.12.03 16:00,BOUNCE,2002.12.12 03:00,B-ZB-BO,S-ZO-BO,S-ZC-UN,B-ZE-BO,S-ZO-UN,B-ZB-BO,B-ZO-BR,S-ZE-BR,S-ZE-BO,S-ZB-BR,B-ZE-BR,S-ZE-BO,S-ZF-BR,S-ZE-BO,S-ZH-BR,S-ZE-BR,B-ZE-UN,S-ZE-BR,S-ZF-BR,S-ZC-BR
469,2002.11.14 00:00,USDCAD,60,86400,BUY,ZE,1,1.57870,1.56700,1170.0,1.58180,1.57280,900.0,76.923,49.57,590.0,276.1,1.57870,1.57280,1.58770,BREAK,2002.11.18 19:00,0,,0,,0,,0,NA,NewYork,UNTOUCHED,,NA,,1.56110,BREAK,2002.12.02 14:00,0,,0,,0,,0,NA,NewYork,BOUNCE,2002.12.04 11:00,NA,,1.58460,BREAK,2002.11.15 22:00,0,,0,,0,,0,NA,Other,BOUNCE,2002.11.19 17:00,NA,,1.56690,BREAK,2002.11.29 18:00,0,,0,,0,,0,NA,NewYork,BREAK,2002.12.02 16:00,BOUNCE,2002.12.04 11:00,B-ZD-BR,B-ZB-BO,S-ZO-BO,S-ZC-UN,B-ZE-BO,S-ZO-UN,B-ZB-BO,B-ZO-BR,S-ZE-BR,S-ZE-BO,S-ZE-BO,S-ZF-BR,S-ZE-BO,S-ZH-BR,S-ZE-BR,B-ZE-UN,S-ZE-BR,S-ZF-BR,S-ZC-BR,B-ZF-BR
470,2002.11.21 00:00,USDCAD,60,86400,SELL,ZE,1,1.59140,1.58310,830.0,1.58770,1.58120,650.0,78.313,44.58,460.0,195.9,1.58770,1.58310,1.57660,BOUNCE,2002.11.22 01:00,0,,0,,0,,0,NA,Asia,NA,,NA,,1.59600,UNTOUCHED,,0,,0,,0,,0,NA,Other,NA,,NA,,1.57850,BREAK,2002.11.21 17:00,0,,0,,0,,0,NA,NewYork,BREAK,2002.11.25 19:00,BOUNCE,2002.11.26 18:00,1.59230,UNTOUCHED,,0,,0,,0,,0,NA,Other,NA,,NA,,B-ZE-BR,B-ZD-BR,B-ZB-BO,S-ZO-BO,S-ZC-UN,B-ZE-BO,S-ZO-UN,B-ZB-BO,B-ZO-BR,S-ZE-BR,S-ZF-BR,S-ZE-BO,S-ZH-BR,S-ZE-BR,B-ZE-UN,S-ZE-BR,S-ZF-BR,S-ZC-BR,B-ZF-BR,B-ZG-BO
471,2002.11.22 00:00,USDCAD,60,86400,SELL,ZF,1,1.58770,1.58120,650.0,1.58630,1.57710,920.0,141.538,21.54,510.0,153.4,1.58630,1.58120,1.57200,BREAK,2002.11.25 19:00,0,,0,,0,,0,NA,NewYork,BREAK,2002.11.29 19:00,BREAK,2002.12.02 14:00,1.59280,UNTOUCHED,,0,,0,,0,,0,NA,Other,NA,,NA,,1.57610,BOUNCE,2002.11.22 10:00,0,,0,,0,,0,NA,London,NA,,NA,,1.59140,UNTOUCHED,,0,,0,,0,,0,NA,Other,NA,,NA,,S-ZE-BO,B-ZE-BR,B-ZD-BR,B-ZB-BO,S-ZO-BO,S-ZC-UN,B-ZE-BO,S-ZO-UN,B-ZB-BO,B-ZO-BR,S-ZE-BO,S-ZH-BR,S-ZE-BR,B-ZE-UN,S-ZE-BR,S-ZF-BR,S-ZC-BR,B-ZF-BR,B-ZG-BO,B-ZH-BR
472,2002.11.23 00:00,USDCAD,60,86400,SELL,ZE,1,1.58630,1.57710,920.0,1.58200,1.57570,630.0,68.478,46.74,490.0,217.1,1.58200,1.57710,1.57080,BOUNCE,2002.11.26 16:00,0,,0,,0,,0,NA,NewYork,NA,,NA,,1.59120,UNTOUCHED,,0,,0,,0,,0,NA,Other,NA,,NA,,1.57220,BREAK,2002.11.25 19:00,0,,0,,0,,0,NA,NewYork,BREAK,2002.11.29 19:00,BREAK,2002.12.02 14:00,1.58690,UNTOUCHED,,0,,0,,0,,0,NA,Other,NA,,NA,,S-ZF-BR,S-ZE-BO,B-ZE-BR,B-ZD-BR,B-ZB-BO,S-ZO-BO,S-ZC-UN,B-ZE-BO,S-ZO-UN,B-ZB-BO,S-ZH-BR,S-ZE-BR,B-ZE-UN,S-ZE-BR,S-ZF-BR,S-ZC-BR,B-ZF-BR,B-ZG-BO,B-ZH-BR,S-ZB-BR
473,2002.11.26 00:00,USDCAD,60,86400,SELL,ZH,1,1.57910,1.57710,200.0,1.57840,1.57170,670.0,335.000,35.00,130.0,47.2,1.57840,1.57710,1.57040,BREAK,2002.11.26 16:00,0,,0,,0,,0,NA,NewYork,BREAK,2002.11.29 17:00,BREAK,2002.11.29 18:00,1.58040,UNTOUCHED,,0,,0,,0,,0,NA,Other,NA,,NA,,1.57580,BREAK,2002.11.26 00:00,0,,0,,0,,0,NA,Asia,BREAK,2002.11.26 01:00,BREAK,2002.11.26 02:00,1.57970,BOUNCE,2002.12.30 18:00,1,2002.12.31 00:00,1,2002.12.31 00:00,0,,2,6h,NewYork,NA,,NA,,S-ZE-BO,S-ZF-BR,S-ZE-BO,B-ZE-BR,B-ZD-BR,B-ZB-BO,S-ZO-BO,S-ZC-UN,B-ZE-BO,S-ZO-UN,S-ZE-BR,B-ZE-UN,S-ZE-BR,S-ZF-BR,S-ZC-BR,B-ZF-BR,B-ZG-BO,B-ZH-BR,S-ZB-BR,S-ZG-BO
474,2002.11.27 00:00,USDCAD,60,86400,SELL,ZE,1,1.57840,1.57170,670.0,1.57570,1.56910,660.0,98.507,40.30,400.0,158.1,1.57570,1.57170,1.56510,BREAK,2002.11.29 19:00,0,,0,,0,,0,NA,NewYork,BREAK,2002.12.02 15:00,BOUNCE,2002.12.02 18:00,1.58240,UNTOUCHED,,0,,0,,0,,0,NA,Other,NA,,NA,,1.56770,BREAK,2002.11.29 17:00,0,,0,,0,,0,NA,NewYork,BREAK,2002.12.02 04:00,BREAK,2002.12.02 16:00,1.57970,BOUNCE,2002.12.30 18:00,1,2003.01.02 23:00,1,2003.01.02 23:00,0,,2,3d 5h,NewYork,NA,,NA,,S-ZH-BR,S-ZE-BO,S-ZF-BR,S-ZE-BO,B-ZE-BR,B-ZD-BR,B-ZB-BO,S-ZO-BO,S-ZC-UN,B-ZE-BO,B-ZE-UN,S-ZE-BR,S-ZF-BR,S-ZC-BR,B-ZF-BR,B-ZG-BO,B-ZH-BR,S-ZB-BR,S-ZG-BO,S-ZG-BR
475,2002.11.28 00:00,USDCAD,60,86400,BUY,ZE,1,1.57570,1.56910,660.0,1.57870,1.57270,600.0,90.909,54.55,300.0,155.8,1.57570,1.57270,1.58170,UNTOUCHED,,0,,0,,0,,0,NA,Other,NA,,NA,,1.56610,BOUNCE,2002.11.29 18:00,1,2002.12.27 17:00,1,2002.12.30 18:00,0,,2,4w 3d,NewYork,NA,,NA,,1.57870,BOUNCE,2002.12.30 18:00,1,2003.01.02 23:00,1,2003.01.03 08:00,0,,2,3d 14h,NewYork,NA,,NA,,1.56970,BREAK,2002.11.29 16:00,0,,0,,0,,0,NA,NewYork,BREAK,2002.11.29 19:00,BREAK,2002.12.02 04:00,S-ZE-BR,S-ZH-BR,S-ZE-BO,S-ZF-BR,S-ZE-BO,B-ZE-BR,B-ZD-BR,B-ZB-BO,S-ZO-BO,S-ZC-UN,S-ZE-BR,S-ZF-BR,S-ZC-BR,B-ZF-BR,B-ZG-BO,B-ZH-BR,S-ZB-BR,S-ZG-BO,S-ZG-BR,S-ZC-BO
476,2002.11.29 00:00,USDCAD,60,86400,SELL,ZE,1,1.57870,1.57270,600.0,1.57550,1.57150,400.0,66.667,53.33,280.0,141.6,1.57550,1.57270,1.56870,BREAK,2002.11.29 17:00,0,,0,,0,,0,NA,NewYork,BREAK,2002.11.29 20:00,BREAK,2002.12.02 04:00,1.58150,UNTOUCHED,,0,,0,,0,,0,NA,Other,NA,,NA,,1.56990,BREAK,2002.11.29 16:00,0,,0,,0,,0,NA,NewYork,BREAK,2002.11.29 18:00,BREAK,2002.12.02 04:00,1.57830,BREAK,2002.12.30 18:00,0,,0,,0,,0,NA,NewYork,PENDING,,NA,,B-ZE-UN,S-ZE-BR,S-ZH-BR,S-ZE-BO,S-ZF-BR,S-ZE-BO,B-ZE-BR,B-ZD-BR,B-ZB-BO,S-ZO-BO,S-ZF-BR,S-ZC-BR,B-ZF-BR,B-ZG-BO,B-ZH-BR,S-ZB-BR,S-ZG-BO,S-ZG-BR,S-ZC-BO,S-ZF-BR
477,2002.11.30 00:00,USDCAD,60,86400,SELL,ZF,1,1.57550,1.57150,400.0,1.57480,1.56320,1160.0,290.000,17.50,330.0,94.4,1.57480,1.57150,1.55990,BREAK,2002.12.02 15:00,0,,0,,0,,0,NA,NewYork,BOUNCE,2002.12.02 18:00,NA,,1.57880,BREAK,2002.12.30 18:00,0,,0,,0,,0,NA,NewYork,PENDING,,NA,,1.56820,BREAK,2002.11.30 00:00,0,,0,,0,,0,NA,Asia,BREAK,2002.12.02 04:00,BREAK,2002.12.02 14:00,1.57810,BREAK,2002.12.30 18:00,0,,0,,0,,0,NA,NewYork,PENDING,,NA,,S-ZE-BR,B-ZE-UN,S-ZE-BR,S-ZH-BR,S-ZE-BO,S-ZF-BR,S-ZE-BO,B-ZE-BR,B-ZD-BR,B-ZB-BO,S-ZC-BR,B-ZF-BR,B-ZG-BO,B-ZH-BR,S-ZB-BR,S-ZG-BO,S-ZG-BR,S-ZC-BO,S-ZF-BR,S-ZE-BR
478,2002.12.04 00:00,USDCAD,60,86400,SELL,ZC,1,1.56410,1.55570,840.0,1.56010,1.55380,630.0,75.000,47.62,440.0,198.2,1.56010,1.55570,1.54940,BREAK,2002.12.17 19:00,0,,0,,0,,0,NA,NewYork,BREAK,2003.01.13 03:00,BREAK,2003.01.14 16:00,1.56850,BOUNCE,2002.12.06 17:00,1,2002.12.09 15:00,1,2002.12.17 17:00,1,2002.12.17 19:00,3,1w 4d,NewYork,NA,,NA,,1.55130,BOUNCE,2002.12.17 17:00,1,2002.12.27 03:00,1,2002.12.27 16:00,0,,2,1w 2d,NewYork,NA,,NA,,1.56450,BOUNCE,2002.12.06 08:00,1,2002.12.17 17:00,1,2002.12.17 17:00,0,,2,1w 4d,London,NA,,NA,,S-ZF-BR,S-ZE-BR,B-ZE-UN,S-ZE-BR,S-ZH-BR,S-ZE-BO,S-ZF-BR,S-ZE-BO,B-ZE-BR,B-ZD-BR,B-ZF-BR,B-ZG-BO,B-ZH-BR,S-ZB-BR,S-ZG-BO,S-ZG-BR,S-ZC-BO,S-ZF-BR,S-ZE-BR,B-ZG-BR
479,2002.12.05 00:00,USDCAD,60,86400,BUY,ZF,0,1.56010,1.55380,630.0,1.56250,1.55610,640.0,101.587,36.51,400.0,148.7,1.56010,1.55610,1.56650,BREAK,2002.12.06 17:00,0,,0,,0,,0,NA,NewYork,BREAK,2002.12.27 17:00,BREAK,2002.12.30 18:00,1.54980,BREAK,2002.12.17 19:00,0,,0,,0,,0,NA,NewYork,BOUNCE,2002.12.18 13:00,NA,,1.56410,BOUNCE,2002.12.06 01:00,1,2002.12.12 15:00,1,2002.12.17 19:00,0,,2,1w 4d,Asia,NA,,NA,,1.55210,BOUNCE,2002.12.12 15:00,1,2002.12.16 21:00,1,2002.12.16 21:00,0,,2,4d 6h,NewYork,NA,,NA,,S-ZC-BR,S-ZF-BR,S-ZE-BR,B-ZE-UN,S-ZE-BR,S-ZH-BR,S-ZE-BO,S-ZF-BR,S-ZE-BO,B-ZE-BR,B-ZG-BO,B-ZH-BR,S-ZB-BR,S-ZG-BO,S-ZG-BR,S-ZC-BO,S-ZF-BR,S-ZE-BR,B-ZG-BR,S-ZG-BR
480,2002.12.06 00:00,USDCAD,60,86400,BUY,ZG,0,1.56250,1.55610,640.0,1.56290,1.55720,570.0,89.063,17.19,530.0,151.0,1.56250,1.55720,1.56820,BOUNCE,2002.12.06 17:00,1,2002.12.10 15:00,1,2002.12.12 16:00,1,2002.12.17 17:00,3,1w 4d,NewYork,NA,,NA,,1.55080,BOUNCE,2002.12.17 17:00,1,2002.12.27 03:00,1,2002.12.27 15:00,1,2002.12.27 15:00,3,1w 2d,NewYork,NA,,NA,,1.56780,BREAK,2002.12.06 17:00,0,,0,,0,,0,NA,NewYork,BREAK,2002.12.30 17:00,BREAK,2002.12.31 16:00,1.55190,BOUNCE,2002.12.12 16:00,1,2002.12.27 15:00,1,2002.12.27 15:00,0,,2,2w 0d,NewYork,NA,,NA,,B-ZF-BR,S-ZC-BR,S-ZF-BR,S-ZE-BR,B-ZE-UN,S-ZE-BR,S-ZH-BR,S-ZE-BO,S-ZF-BR,S-ZE-BO,B-ZH-BR,S-ZB-BR,S-ZG-BO,S-ZG-BR,S-ZC-BO,S-ZF-BR,S-ZE-BR,B-ZG-BR,S-ZG-BR,S-ZC-BR
481,2002.12.07 00:00,USDCAD,60,86400,BUY,ZH,1,1.56290,1.55720,570.0,1.56950,1.55730,1220.0,214.035,1.75,560.0,134.5,1.56290,1.55730,1.57510,BREAK,2002.12.30 18:00,0,,0,,0,,0,NA,NewYork,PENDING,,NA,,1.55160,BOUNCE,2002.12.13 12:00,1,2002.12.14 01:00,1,2002.12.27 16:00,1,2002.12.30 18:00,3,2w 3d,London,NA,,NA,,1.56850,BREAK,2002.12.27 16:00,0,,0,,0,,0,NA,NewYork,BREAK,2002.12.30 18:00,BOUNCE,2002.12.31 22:00,1.55170,BOUNCE,2002.12.13 12:00,1,2002.12.27 16:00,1,2002.12.27 16:00,0,,2,2w 0d,London,NA,,NA,,B-ZG-BO,B-ZF-BR,S-ZC-BR,S-ZF-BR,S-ZE-BR,B-ZE-UN,S-ZE-BR,S-ZH-BR,S-ZE-BO,S-ZF-BR,S-ZB-BR,S-ZG-BO,S-ZG-BR,S-ZC-BO,S-ZF-BR,S-ZE-BR,B-ZG-BR,S-ZG-BR,S-ZC-BR,B-ZF-BR
482,2002.12.10 00:00,USDCAD,60,86400,SELL,ZB,1,1.56610,1.56320,290.0,1.56500,1.55850,650.0,224.138,37.93,180.0,68.4,1.56500,1.56320,1.55670,BREAK,2002.12.10 15:00,0,,0,,0,,0,NA,NewYork,BREAK,2002.12.11 17:00,BOUNCE,2002.12.11 18:00,1.56790,BOUNCE,2002.12.27 15:00,1,2003.01.03 16:00,1,2003.01.06 10:00,1,2003.01.07 16:00,3,1w 4d,NewYork,NA,,NA,,1.56140,BOUNCE,2002.12.10 09:00,1,2002.12.27 15:00,1,2002.12.27 15:00,0,,2,2w 3d,London,NA,,NA,,1.56680,BREAK,2002.12.27 15:00,0,,0,,0,,0,NA,NewYork,BREAK,2002.12.27 16:00,BREAK,2002.12.27 17:00,B-ZH-BR,B-ZG-BO,B-ZF-BR,S-ZC-BR,S-ZF-BR,S-ZE-BR,B-ZE-UN,S-ZE-BR,S-ZH-BR,S-ZE-BO,S-ZG-BO,S-ZG-BR,S-ZC-BO,S-ZF-BR,S-ZE-BR,B-ZG-BR,S-ZG-BR,S-ZC-BR,B-ZF-BR,B-ZE-PE
483,2002.12.11 00:00,USDCAD,60,86400,SELL,ZG,0,1.56500,1.55850,650.0,1.56370,1.55600,770.0,118.462,20.00,520.0,153.4,1.56370,1.55850,1.55080,BOUNCE,2002.12.17 17:00,1,2002.12.27 03:00,1,2002.12.27 16:00,1,2002.12.27 16:00,3,1w 2d,NewYork,NA,,NA,,1.57020,BREAK,2002.12.27 16:00,0,,0,,0,,0,NA,NewYork,BREAK,2002.12.30 18:00,PENDING,,1.55330,BREAK,2002.12.11 17:00,0,,0,,0,,0,NA,NewYork,BREAK,2002.12.18 09:00,BREAK,2003.01.13 14:00,1.56890,BREAK,2002.12.27 16:00,0,,0,,0,,0,NA,NewYork,BREAK,2002.12.30 18:00,BOUNCE,2002.12.31 22:00,S-ZB-BR,B-ZH-BR,B-ZG-BO,B-ZF-BR,S-ZC-BR,S-ZF-BR,S-ZE-BR,B-ZE-UN,S-ZE-BR,S-ZH-BR,S-ZG-BR,S-ZC-BO,S-ZF-BR,S-ZE-BR,B-ZG-BR,S-ZG-BR,S-ZC-BR,B-ZF-BR,B-ZE-PE,S-ZD-BR
484,2002.12.12 00:00,USDCAD,60,86400,SELL,ZG,0,1.56370,1.55600,770.0,1.56130,1.55250,880.0,114.286,31.17,530.0,181.7,1.56130,1.55600,1.54720,BREAK,2002.12.18 00:00,0,,0,,0,,0,NA,Asia,BREAK,2003.01.13 19:00,BREAK,2003.01.15 19:00,1.56900,BREAK,2002.12.27 16:00,0,,0,,0,,0,NA,NewYork,BREAK,2002.12.30 18:00,BOUNCE,2002.12.31 08:00,1.55070,BOUNCE,2002.12.17 17:00,1,2002.12.27 15:00,1,2002.12.27 16:00,0,,2,1w 2d,NewYork,NA,,NA,,1.56660,BREAK,2002.12.27 15:00,0,,0,,0,,0,NA,NewYork,BOUNCE,2002.12.30 10:00,NA,,S-ZG-BO,S-ZB-BR,B-ZH-BR,B-ZG-BO,B-ZF-BR,S-ZC-BR,S-ZF-BR,S-ZE-BR,B-ZE-UN,S-ZE-BR,S-ZC-BO,S-ZF-BR,S-ZE-BR,B-ZG-BR,S-ZG-BR,S-ZC-BR,B-ZF-BR,B-ZE-PE,S-ZD-BR,S-ZE-BR
485,2002.12.13 00:00,USDCAD,60,86400,SELL,ZC,1,1.56130,1.55250,880.0,1.55750,1.55170,580.0,65.909,43.18,500.0,207.7,1.55750,1.55250,1.54670,BOUNCE,2002.12.18 09:00,1,2002.12.26 22:00,1,2002.12.27 03:00,1,2002.12.27 15:00,3,1w 2d,London,NA,,NA,,1.56630,BREAK,2002.12.27 15:00,0,,0,,0,,0,NA,NewYork,BOUNCE,2002.12.30 10:00,NA,,1.54750,BREAK,2002.12.17 20:00,0,,0,,0,,0,NA,NewYork,BREAK,2003.01.13 15:00,BOUNCE,2003.01.14 16:00,1.56250,BOUNCE,2002.12.13 18:00,1,2002.12.17 20:00,1,2002.12.17 20:00,0,,2,4d 2h,NewYork,NA,,NA,,S-ZG-BR,S-ZG-BO,S-ZB-BR,B-ZH-BR,B-ZG-BO,B-ZF-BR,S-ZC-BR,S-ZF-BR,S-ZE-BR,B-ZE-UN,S-ZF-BR,S-ZE-BR,B-ZG-BR,S-ZG-BR,S-ZC-BR,B-ZF-BR,B-ZE-PE,S-ZD-BR,S-ZE-BR,B-ZE-PE
486,2002.12.18 00:00,USDCAD,60,86400,SELL,ZF,1,1.56440,1.55700,740.0,1.56190,1.54730,1460.0,197.297,33.78,490.0,174.6,1.56190,1.55700,1.54240,BREAK,2003.01.13 13:00,0,,0,,0,,0,NA,NewYork,BOUNCE,2003.01.14 16:00,NA,,1.56930,BREAK,2002.12.27 16:00,0,,0,,0,,0,NA,NewYork,BREAK,2002.12.30 18:00,BOUNCE,2002.12.31 08:00,1.55210,BREAK,2002.12.18 00:00,0,,0,,0,,0,NA,Asia,BREAK,2002.12.18 12:00,BREAK,2003.01.13 15:00,1.56680,BREAK,2002.12.27 15:00,0,,0,,0,,0,NA,NewYork,BOUNCE,2002.12.30 10:00,NA,,S-ZC-BO,S-ZG-BR,S-ZG-BO,S-ZB-BR,B-ZH-BR,B-ZG-BO,B-ZF-BR,S-ZC-BR,S-ZF-BR,S-ZE-BR,S-ZE-BR,B-ZG-BR,S-ZG-BR,S-ZC-BR,B-ZF-BR,B-ZE-PE,S-ZD-BR,S-ZE-BR,B-ZE-PE,S-ZB-BO
487,2002.12.19 00:00,USDCAD,60,86400,SELL,ZE,1,1.56190,1.54730,1460.0,1.55590,1.54510,1080.0,73.973,41.10,860.0,344.6,1.55590,1.54730,1.53650,BREAK,2003.01.15 19:00,0,,0,,0,,0,NA,NewYork,BREAK,2003.01.23 15:00,BOUNCE,2003.01.27 19:00,1.57050,BREAK,2002.12.27 17:00,0,,0,,0,,0,NA,NewYork,BOUNCE,2003.01.02 11:00,NA,,1.53870,BREAK,2003.01.14 16:00,0,,0,,0,,0,NA,NewYork,BREAK,2003.01.23 12:00,BREAK,2003.01.25 00:00,1.56450,BREAK,2002.12.27 03:00,0,,0,,0,,0,NA,Asia,BREAK,2002.12.30 18:00,PENDING,,S-ZF-BR,S-ZC-BO,S-ZG-BR,S-ZG-BO,S-ZB-BR,B-ZH-BR,B-ZG-BO,B-ZF-BR,S-ZC-BR,S-ZF-BR,B-ZG-BR,S-ZG-BR,S-ZC-BR,B-ZF-BR,B-ZE-PE,S-ZD-BR,S-ZE-BR,B-ZE-PE,S-ZB-BO,S-ZB-BR
488,2002.12.21 00:00,USDCAD,60,86400,BUY,ZG,0,1.55520,1.54530,990.0,1.55570,1.54620,950.0,95.960,9.09,900.0,233.6,1.55520,1.54620,1.56470,BREAK,2002.12.27 03:00,0,,0,,0,,0,NA,Asia,BREAK,2002.12.30 18:00,PENDING,,1.53630,BREAK,2003.01.15 19:00,0,,0,,0,,0,NA,NewYork,BREAK,2003.01.23 15:00,BOUNCE,2003.01.27 19:00,1.56420,BREAK,2002.12.27 03:00,0,,0,,0,,0,NA,Asia,BREAK,2002.12.30 18:00,PENDING,,1.53720,BREAK,2003.01.14 17:00,0,,0,,0,,0,NA,NewYork,BREAK,2003.01.23 12:00,BOUNCE,2003.01.28 05:00,S-ZE-BR,S-ZF-BR,S-ZC-BO,S-ZG-BR,S-ZG-BO,S-ZB-BR,B-ZH-BR,B-ZG-BO,B-ZF-BR,S-ZC-BR,S-ZG-BR,S-ZC-BR,B-ZF-BR,B-ZE-PE,S-ZD-BR,S-ZE-BR,B-ZE-PE,S-ZB-BO,S-ZB-BR,S-ZB-BO
489,2002.12.25 00:00,USDCAD,60,86400,SELL,ZG,0,1.55310,1.54750,560.0,1.55250,1.54700,550.0,98.214,10.71,500.0,132.2,1.55250,1.54750,1.54200,BREAK,2003.01.13 14:00,0,,0,,0,,0,NA,NewYork,BOUNCE,2003.01.15 03:00,NA,,1.55810,BREAK,2002.12.26 23:00,0,,0,,0,,0,NA,Other,BREAK,2002.12.27 03:00,BOUNCE,2002.12.27 15:00,1.54250,BREAK,2003.01.13 11:00,0,,0,,0,,0,NA,London,BOUNCE,2003.01.14 16:00,NA,,1.55750,BREAK,2002.12.26 22:00,0,,0,,0,,0,NA,Other,BREAK,2002.12.27 03:00,BREAK,2002.12.27 16:00,B-ZG-BR,S-ZE-BR,S-ZF-BR,S-ZC-BO,S-ZG-BR,S-ZG-BO,S-ZB-BR,B-ZH-BR,B-ZG-BO,B-ZF-BR,S-ZC-BR,B-ZF-BR,B-ZE-PE,S-ZD-BR,S-ZE-BR,B-ZE-PE,S-ZB-BO,S-ZB-BR,S-ZB-BO,S-ZE-BR
490,2002.12.26 00:00,USDCAD,60,86400,SELL,ZC,1,1.55250,1.54700,550.0,1.55000,1.54670,330.0,60.000,45.45,300.0,129.8,1.55000,1.54700,1.54370,BREAK,2003.01.13 03:00,0,,0,,0,,0,NA,Asia,BOUNCE,2003.01.13 16:00,NA,,1.55550,BREAK,2002.12.26 21:00,0,,0,,0,,0,NA,Other,BREAK,2002.12.27 01:00,BREAK,2002.12.27 03:00,1.54400,BREAK,2003.01.13 03:00,0,,0,,0,,0,NA,Asia,BOUNCE,2003.01.13 16:00,NA,,1.55300,BREAK,2002.12.26 19:00,0,,0,,0,,0,NA,NewYork,BREAK,2002.12.26 22:00,BREAK,2002.12.27 03:00,S-ZG-BR,B-ZG-BR,S-ZE-BR,S-ZF-BR,S-ZC-BO,S-ZG-BR,S-ZG-BO,S-ZB-BR,B-ZH-BR,B-ZG-BO,B-ZF-BR,B-ZE-PE,S-ZD-BR,S-ZE-BR,B-ZE-PE,S-ZB-BO,S-ZB-BR,S-ZB-BO,S-ZE-BR,S-ZG-BR
491,2002.12.27 00:00,USDCAD,60,86400,BUY,ZF,1,1.55000,1.54670,330.0,1.55860,1.54690,1170.0,354.545,6.06,310.0,77.9,1.55000,1.54690,1.56170,BREAK,2002.12.27 03:00,0,,0,,0,,0,NA,Asia,BREAK,2002.12.27 15:00,BREAK,2002.12.27 16:00,1.54360,BREAK,2003.01.13 03:00,0,,0,,0,,0,NA,Asia,BOUNCE,2003.01.13 16:00,NA,,1.55310,BREAK,2002.12.27 00:00,0,,0,,0,,0,NA,Asia,BREAK,2002.12.27 01:00,BREAK,2002.12.27 03:00,1.54380,BREAK,2003.01.13 03:00,0,,0,,0,,0,NA,Asia,BOUNCE,2003.01.13 16:00,NA,,S-ZC-BR,S-ZG-BR,B-ZG-BR,S-ZE-BR,S-ZF-BR,S-ZC-BO,S-ZG-BR,S-ZG-BO,S-ZB-BR,B-ZH-BR,B-ZE-PE,S-ZD-BR,S-ZE-BR,B-ZE-PE,S-ZB-BO,S-ZB-BR,S-ZB-BO,S-ZE-BR,S-ZG-BR,S-ZE-BR
492,2003.01.01 00:00,USDCAD,60,86400,BUY,ZE,1,1.57980,1.56550,1430.0,1.58030,1.57200,830.0,58.042,45.45,780.0,337.5,1.57980,1.57200,1.58810,PENDING,,0,,0,,0,,0,NA,Other,NA,,NA,,1.55770,BOUNCE,2003.01.07 16:00,0,,0,,0,,0,NA,NewYork,NA,,NA,,1.58760,PENDING,,0,,0,,0,,0,NA,Other,NA,,NA,,1.56420,BREAK,2003.01.03 16:00,0,,0,,0,,0,NA,NewYork,BOUNCE,2003.01.08 15:00,NA,,B-ZF-BR,S-ZC-BR,S-ZG-BR,B-ZG-BR,S-ZE-BR,S-ZF-BR,S-ZC-BO,S-ZG-BR,S-ZG-BO,S-ZB-BR,S-ZD-BR,S-ZE-BR,B-ZE-PE,S-ZB-BO,S-ZB-BR,S-ZB-BO,S-ZE-BR,S-ZG-BR,S-ZE-BR,S-ZB-BR
493,2003.01.04 00:00,USDCAD,60,86400,SELL,ZD,1,1.57780,1.56670,1110.0,1.57000,1.56330,670.0,60.360,70.27,330.0,262.0,1.57000,1.56670,1.56000,BREAK,2003.01.06 18:00,0,,0,,0,,0,NA,NewYork,BOUNCE,2003.01.07 17:00,NA,,1.58110,PENDING,,0,,0,,0,,0,NA,Other,NA,,NA,,1.56340,BREAK,2003.01.04 00:00,0,,0,,0,,0,NA,Asia,BREAK,2003.01.07 16:00,BOUNCE,2003.01.07 17:00,1.57330,PENDING,,0,,0,,0,,0,NA,Other,NA,,NA,,B-ZE-PE,B-ZF-BR,S-ZC-BR,S-ZG-BR,B-ZG-BR,S-ZE-BR,S-ZF-BR,S-ZC-BO,S-ZG-BR,S-ZG-BO,S-ZE-BR,B-ZE-PE,S-ZB-BO,S-ZB-BR,S-ZB-BO,S-ZE-BR,S-ZG-BR,S-ZE-BR,S-ZB-BR,S-ZD-PE
494,2003.01.08 00:00,USDCAD,60,86400,SELL,ZE,1,1.56530,1.55870,660.0,1.56280,1.55620,660.0,100.000,37.88,410.0,155.8,1.56280,1.55870,1.55210,BREAK,2003.01.09 20:00,0,,0,,0,,0,NA,NewYork,BREAK,2003.01.10 16:00,BREAK,2003.01.13 13:00,1.56940,PENDING,,0,,0,,0,,0,NA,Other,NA,,NA,,1.55460,BREAK,2003.01.09 19:00,0,,0,,0,,0,NA,NewYork,BREAK,2003.01.10 12:00,BOUNCE,2003.01.10 16:00,1.56690,PENDING,,0,,0,,0,,0,NA,Other,NA,,NA,,S-ZD-BR,B-ZE-PE,B-ZF-BR,S-ZC-BR,S-ZG-BR,B-ZG-BR,S-ZE-BR,S-ZF-BR,S-ZC-BO,S-ZG-BR,B-ZE-PE,S-ZB-BO,S-ZB-BR,S-ZB-BO,S-ZE-BR,S-ZG-BR,S-ZE-BR,S-ZB-BR,S-ZD-PE,B-ZB-PE
495,2003.01.09 00:00,USDCAD,60,86400,BUY,ZE,1,1.56280,1.55620,660.0,1.56590,1.55930,660.0,100.000,46.97,350.0,155.8,1.56280,1.55930,1.56940,PENDING,,0,,0,,0,,0,NA,Other,NA,,NA,,1.55270,BREAK,2003.01.09 20:00,0,,0,,0,,0,NA,NewYork,BREAK,2003.01.10 15:00,BREAK,2003.01.13 03:00,1.56630,PENDING,,0,,0,,0,,0,NA,Other,NA,,NA,,1.55580,BREAK,2003.01.09 19:00,0,,0,,0,,0,NA,NewYork,BREAK,2003.01.09 21:00,BREAK,2003.01.10 15:00,S-ZE-BR,S-ZD-BR,B-ZE-PE,B-ZF-BR,S-ZC-BR,S-ZG-BR,B-ZG-BR,S-ZE-BR,S-ZF-BR,S-ZC-BO,S-ZB-BO,S-ZB-BR,S-ZB-BO,S-ZE-BR,S-ZG-BR,S-ZE-BR,S-ZB-BR,S-ZD-PE,B-ZB-PE,
496,2003.01.10 00:00,USDCAD,60,86400,SELL,ZB,1,1.56590,1.55930,660.0,1.56180,1.55060,1120.0,169.697,62.12,250.0,155.8,1.56180,1.55930,1.54810,BOUNCE,2003.01.10 15:00,0,,0,,0,,0,NA,NewYork,NA,,NA,,1.56840,PENDING,,0,,0,,0,,0,NA,Other,NA,,NA,,1.55680,BREAK,2003.01.10 00:00,0,,0,,0,,0,NA,Asia,BREAK,2003.01.10 01:00,BREAK,2003.01.10 11:00,1.56430,PENDING,,0,,0,,0,,0,NA,Other,NA,,NA,,B-ZE-PE,S-ZE-BR,S-ZD-BR,B-ZE-PE,B-ZF-BR,S-ZC-BR,S-ZG-BR,B-ZG-BR,S-ZE-BR,S-ZF-BR,S-ZB-BR,S-ZB-BO,S-ZE-BR,S-ZG-BR,S-ZE-BR,S-ZB-BR,S-ZD-PE,B-ZB-PE,,
497,2003.01.11 00:00,USDCAD,60,86400,SELL,ZB,1,1.56180,1.55060,1120.0,1.55350,1.54440,910.0,81.250,74.11,290.0,264.3,1.55350,1.55060,1.54150,BREAK,2003.01.13 14:00,0,,0,,0,,0,NA,NewYork,BOUNCE,2003.01.15 03:00,NA,,1.56470,PENDING,,0,,0,,0,,0,NA,Other,NA,,NA,,1.54770,BREAK,2003.01.11 00:00,0,,0,,0,,0,NA,Asia,BREAK,2003.01.13 14:00,BREAK,2003.01.13 19:00,1.55640,PENDING,,0,,0,,0,,0,NA,Other,NA,,NA,,S-ZB-BO,B-ZE-PE,S-ZE-BR,S-ZD-BR,B-ZE-PE,B-ZF-BR,S-ZC-BR,S-ZG-BR,B-ZG-BR,S-ZE-BR,S-ZB-BO,S-ZE-BR,S-ZG-BR,S-ZE-BR,S-ZB-BR,S-ZD-PE,B-ZB-PE,,,
498,2003.01.14 00:00,USDCAD,60,86400,SELL,ZB,1,1.54780,1.54490,290.0,1.54650,1.53890,760.0,262.069,44.83,160.0,68.4,1.54650,1.54490,1.53730,BOUNCE,2003.01.14 17:00,1,2003.01.14 18:00,0,,0,,1,1h,NewYork,NA,,NA,,1.54940,PENDING,,0,,0,,0,,0,NA,Other,NA,,NA,,1.54330,BREAK,2003.01.14 00:00,0,,0,,0,,0,NA,Asia,BREAK,2003.01.14 02:00,BREAK,2003.01.14 12:00,1.54810,PENDING,,0,,0,,0,,0,NA,Other,NA,,NA,,S-ZB-BR,S-ZB-BO,B-ZE-PE,S-ZE-BR,S-ZD-BR,B-ZE-PE,B-ZF-BR,S-ZC-BR,S-ZG-BR,B-ZG-BR,S-ZE-BR,S-ZG-BR,S-ZE-BR,S-ZB-BR,S-ZD-PE,B-ZB-PE,,,,
499,2003.01.17 00:00,USDCAD,60,86400,SELL,ZE,1,1.54400,1.53400,1000.0,1.53900,1.53200,700.0,70.000,50.00,500.0,236.0,1.53900,1.53400,1.52700,BREAK,2003.01.23 12:00,0,,0,,0,,0,NA,London,BREAK,2003.01.24 22:00,PENDING,,1.54900,PENDING,,0,,0,,0,,0,NA,Other,NA,,NA,,1.52900,BOUNCE,2003.01.22 15:00,0,,0,,0,,0,NA,NewYork,NA,,NA,,1.54400,PENDING,,0,,0,,0,,0,NA,Other,NA,,NA,,S-ZB-BO,S-ZB-BR,S-ZB-BO,B-ZE-PE,S-ZE-BR,S-ZD-BR,B-ZE-PE,B-ZF-BR,S-ZC-BR,S-ZG-BR,S-ZG-BR,S-ZE-BR,S-ZB-BR,S-ZD-PE,B-ZB-PE,,,,,
500,2003.01.18 00:00,USDCAD,60,86400,SELL,ZG,0,1.53900,1.53200,700.0,1.53690,1.52950,740.0,105.714,30.00,490.0,165.2,1.53690,1.53200,1.52460,BREAK,2003.01.23 15:00,0,,0,,0,,0,NA,NewYork,BREAK,2003.01.25 00:00,PENDING,,1.54390,PENDING,,0,,0,,0,,0,NA,Other,NA,,NA,,1.52710,BREAK,2003.01.23 12:00,0,,0,,0,,0,NA,London,BREAK,2003.01.24 20:00,BOUNCE,2003.01.27 17:00,1.54180,PENDING,,0,,0,,0,,0,NA,Other,NA,,NA,,S-ZE-BR,S-ZB-BO,S-ZB-BR,S-ZB-BO,B-ZE-PE,S-ZE-BR,S-ZD-BR,B-ZE-PE,B-ZF-BR,S-ZC-BR,S-ZE-BR,S-ZB-BR,S-ZD-PE,B-ZB-PE,,,,,,
501,2003.01.23 00:00,USDCAD,60,86400,SELL,ZE,1,1.53850,1.53060,790.0,1.53480,1.52880,600.0,75.949,46.84,420.0,186.4,1.53480,1.53060,1.52460,BREAK,2003.01.23 15:00,0,,0,,0,,0,NA,NewYork,BREAK,2003.01.24 23:00,PENDING,,1.54270,PENDING,,0,,0,,0,,0,NA,Other,NA,,NA,,1.52640,BOUNCE,2003.01.23 12:00,0,,0,,0,,0,NA,London,NA,,NA,,1.53900,PENDING,,0,,0,,0,,0,NA,Other,NA,,NA,,S-ZG-BR,S-ZE-BR,S-ZB-BO,S-ZB-BR,S-ZB-BO,B-ZE-PE,S-ZE-BR,S-ZD-BR,B-ZE-PE,B-ZF-BR,S-ZB-BR,S-ZD-PE,B-ZB-PE,,,,,,,
502,2003.01.24 00:00,USDCAD,60,86400,SELL,ZB,1,1.53480,1.52880,600.0,1.53240,1.52240,1000.0,166.667,40.00,360.0,141.6,1.53240,1.52880,1.51880,BREAK,2003.01.24 22:00,0,,0,,0,,0,NA,Other,PENDING,,NA,,1.53840,PENDING,,0,,0,,0,,0,NA,Other,NA,,NA,,1.52520,BREAK,2003.01.24 00:00,0,,0,,0,,0,NA,Asia,BOUNCE,2003.01.24 16:00,NA,,1.53600,BOUNCE,2003.01.28 19:00,1,2003.01.29 11:00,1,2003.01.29 11:00,0,,2,16h,NewYork,NA,,NA,,S-ZE-BR,S-ZG-BR,S-ZE-BR,S-ZB-BO,S-ZB-BR,S-ZB-BO,B-ZE-PE,S-ZE-BR,S-ZD-BR,B-ZE-PE,S-ZD-PE,B-ZB-PE,,,,,,,,
503,2003.01.25 00:00,USDCAD,60,86400,SELL,ZD,1,1.53240,1.52240,1000.0,1.52570,1.51810,760.0,76.000,67.00,330.0,236.0,1.52570,1.52240,1.51480,PENDING,,0,,0,,0,,0,NA,Other,NA,,NA,,1.53570,BOUNCE,2003.01.28 19:00,1,2003.01.28 23:00,1,2003.01.29 20:00,0,,2,1d 1h,NewYork,NA,,NA,,1.51910,BOUNCE,2003.01.25 00:00,1,2003.01.28 06:00,1,2003.01.28 19:00,0,,2,3d 19h,Asia,NA,,NA,,1.52900,BREAK,2003.01.28 06:00,0,,0,,0,,0,NA,Asia,BOUNCE,2003.01.28 18:00,NA,,S-ZB-BR,S-ZE-BR,S-ZG-BR,S-ZE-BR,S-ZB-BO,S-ZB-BR,S-ZB-BO,B-ZE-PE,S-ZE-BR,S-ZD-BR,B-ZB-PE,,,,,,,,,
504,2003.01.29 00:00,USDCAD,60,86400,BUY,ZB,1,1.52800,1.51720,1080.0,1.53660,1.52410,1250.0,115.741,63.89,390.0,254.9,1.52800,1.52410,1.54050,PENDING,,0,,0,,0,,0,NA,Other,NA,,NA,,1.51330,PENDING,,0,,0,,0,,0,NA,Other,NA,,NA,,1.53190,BOUNCE,2003.01.30 18:00,0,,0,,0,,0,NA,NewYork,NA,,NA,,1.52020,BOUNCE,2003.01.29 20:00,1,2003.01.30 18:00,1,2003.01.30 18:00,0,,2,22h,NewYork,NA,,NA,,S-ZD-PE,S-ZB-BR,S-ZE-BR,S-ZG-BR,S-ZE-BR,S-ZB-BO,S-ZB-BR,S-ZB-BO,B-ZE-PE,S-ZE-BR,,,,,,,,,,
