AngleID,FormTime,Symbol,TF,UnitSeconds,Dir,Class,Confirmed,U2_High,U2_Low,U2_Range,U1_High,U1_Low,U1_Range,Ratio_U1_U2_pct,Corr_pct,L_points,B_points,DiagTop,DiagBot,U1X1_Level,U1X1_React,U1X1_TouchTime,U1X1_TP1_Hit,U1X1_TP1_Time,U1X1_TP2_Hit,U1X1_TP2_Time,U1X1_TP3_Hit,U1X1_TP3_Time,U1X1_MaxTP,U1X1_Dur,U1X1_Session,U1X1_X2_React,U1X1_X2_Time,U1X1_X3_React,U1X1_X3_Time,U2X1_Level,U2X1_React,U2X1_TouchTime,U2X1_TP1_Hit,U2X1_TP1_Time,U2X1_TP2_Hit,U2X1_TP2_Time,U2X1_TP3_Hit,U2X1_TP3_Time,U2X1_MaxTP,U2X1_Dur,U2X1_Session,U2X1_X2_React,U2X1_X2_Time,U2X1_X3_React,U2X1_X3_Time,DLX1_Level,DLX1_React,DLX1_TouchTime,DLX1_TP1_Hit,DLX1_TP1_Time,DLX1_TP2_Hit,DLX1_TP2_Time,DLX1_TP3_Hit,DLX1_TP3_Time,DLX1_MaxTP,DLX1_Dur,DLX1_Session,DLX1_X2_React,DLX1_X2_Time,DLX1_X3_React,DLX1_X3_Time,DRX1_Level,DRX1_React,DRX1_TouchTime,DRX1_TP1_Hit,DRX1_TP1_Time,DRX1_TP2_Hit,DRX1_TP2_Time,DRX1_TP3_Hit,DRX1_TP3_Time,DRX1_MaxTP,DRX1_Dur,DRX1_Session,DRX1_X2_React,DRX1_X2_Time,DRX1_X3_React,DRX1_X3_Time,Left_1,Left_2,Left_3,Left_4,Left_5,Left_6,Left_7,Left_8,Left_9,Left_10,Right_1,Right_2,Right_3,Right_4,Right_5,Right_6,Right_7,Right_8,Right_9,Right_10
1,1999.11.10 00:00,GBPJPY,60,86400,SELL,ZC,1,172.610,170.100,2510.0,171.100,169.830,1270.0,50.598,60.16,1000.0,592.4,171.100,170.100,168.830,BOUNCE,1999.11.23 08:00,1,1999.11.26 18:00,0,,0,,1,3d 10h,London,NA,,NA,,173.610,UNTOUCHED,,0,,0,,0,,0,NA,Other,NA,,NA,,169.100,BOUNCE,1999.11.12 11:00,1,1999.11.17 11:00,0,,0,,1,5d 0h,London,NA,,NA,,172.100,BOUNCE,1999.11.17 11:00,1,1999.11.23 08:00,1,1999.11.23 08:00,0,,2,5d 21h,London,NA,,NA,,,,,,,,,,,,S-ZO-BO,B-ZO-BO,S-ZC-BO,B-ZB-BO,B-ZE-UN,S-ZC-BR,S-ZG-UN,B-ZE-BR,S-ZB-BR,S-ZD-BO
2,1999.11.11 00:00,GBPJPY,60,86400,SELL,ZO,0,171.100,169.830,1270.0,170.740,169.740,1000.0,78.740,28.35,910.0,299.7,170.740,169.830,168.830,BOUNCE,1999.11.23 08:00,1,1999.11.26 18:00,0,,0,,1,3d 10h,London,NA,,NA,,172.010,BOUNCE,1999.11.17 11:00,1,1999.11.22 16:00,1,1999.11.23 08:00,1,1999.11.23 08:00,3,5d 21h,London,NA,,NA,,168.920,BOUNCE,1999.11.23 08:00,0,,0,,0,,0,NA,London,NA,,NA,,171.650,BREAK,1999.11.16 15:00,0,,0,,0,,0,NA,NewYork,BOUNCE,1999.11.22 10:00,NA,,S-ZC-BO,,,,,,,,,,B-ZO-BO,S-ZC-BO,B-ZB-BO,B-ZE-UN,S-ZC-BR,S-ZG-UN,B-ZE-BR,S-ZB-BR,S-ZD-BO,S-ZO-BO
3,1999.11.12 00:00,GBPJPY,60,86400,BUY,ZO,0,170.740,169.740,1000.0,171.300,169.960,1340.0,134.000,22.00,780.0,236.0,170.740,169.960,172.080,BOUNCE,1999.11.17 11:00,1,1999.11.22 14:00,1,1999.11.23 08:00,1,1999.11.23 08:00,3,5d 21h,London,NA,,NA,,168.960,BOUNCE,1999.11.15 05:00,1,1999.11.16 03:00,1,1999.11.16 14:00,1,1999.11.17 11:00,3,2d 6h,Asia,NA,,NA,,171.520,BREAK,1999.11.16 14:00,0,,0,,0,,0,NA,NewYork,BOUNCE,1999.11.18 14:00,NA,,169.180,BOUNCE,1999.11.12 11:00,1,1999.11.16 14:00,1,1999.11.16 14:00,0,,2,4d 3h,London,NA,,NA,,S-ZO-BO,S-ZC-BO,,,,,,,,,S-ZC-BO,B-ZB-BO,B-ZE-UN,S-ZC-BR,S-ZG-UN,B-ZE-BR,S-ZB-BR,S-ZD-BO,S-ZO-BO,B-ZO-BR
4,1999.11.13 00:00,GBPJPY,60,86400,SELL,ZC,1,171.300,169.960,1340.0,170.400,169.090,1310.0,97.761,67.16,440.0,316.2,170.400,169.960,168.650,BOUNCE,1999.11.24 13:00,1,1999.11.26 18:00,1,1999.11.26 18:00,0,,2,2d 5h,NewYork,NA,,NA,,171.740,BOUNCE,1999.11.16 15:00,1,1999.11.16 20:00,1,1999.11.22 20:00,1,1999.11.24 13:00,3,1w 0d,NewYork,NA,,NA,,169.520,BOUNCE,1999.11.15 03:00,1,1999.11.16 05:00,1,1999.11.16 15:00,0,,2,1d 12h,Asia,NA,,NA,,170.840,BOUNCE,1999.11.16 05:00,1,1999.11.22 20:00,1,1999.11.22 20:00,0,,2,6d 15h,Asia,NA,,NA,,B-ZO-BO,S-ZO-BO,S-ZC-BO,,,,,,,,B-ZB-BO,B-ZE-UN,S-ZC-BR,S-ZG-UN,B-ZE-BR,S-ZB-BR,S-ZD-BO,S-ZO-BO,B-ZO-BR,S-ZG-UN
5,1999.11.17 00:00,GBPJPY,60,86400,BUY,ZB,1,170.310,168.960,1350.0,171.910,169.830,2080.0,154.074,64.44,480.0,318.6,170.310,169.830,172.390,BOUNCE,1999.11.22 02:00,1,1999.11.22 11:00,1,1999.11.23 02:00,1,1999.11.24 15:00,3,2d 13h,Asia,NA,,NA,,168.480,BREAK,1999.11.24 15:00,0,,0,,0,,0,NA,NewYork,BOUNCE,1999.11.25 00:00,NA,,170.790,BREAK,1999.11.17 00:00,0,,0,,0,,0,NA,Asia,BREAK,1999.11.17 10:00,BREAK,1999.11.17 11:00,169.350,BREAK,1999.11.23 02:00,0,,0,,0,,0,NA,Asia,BOUNCE,1999.11.23 10:00,NA,,S-ZC-BO,B-ZO-BO,S-ZO-BO,S-ZC-BO,,,,,,,B-ZE-UN,S-ZC-BR,S-ZG-UN,B-ZE-BR,S-ZB-BR,S-ZD-BO,S-ZO-BO,B-ZO-BR,S-ZG-UN,S-ZF-UN
6,1999.11.18 00:00,GBPJPY,60,86400,BUY,ZE,1,171.910,169.830,2080.0,172.160,170.830,1330.0,63.942,48.08,1080.0,490.9,171.910,170.830,173.240,UNTOUCHED,,0,,0,,0,,0,NA,Other,NA,,NA,,168.750,BREAK,1999.11.24 13:00,0,,0,,0,,0,NA,NewYork,BREAK,1999.11.26 14:00,BREAK,1999.11.26 16:00,172.990,UNTOUCHED,,0,,0,,0,,0,NA,Other,NA,,NA,,169.750,BREAK,1999.11.22 18:00,0,,0,,0,,0,NA,NewYork,BREAK,1999.11.24 15:00,BREAK,1999.11.26 14:00,B-ZB-BO,S-ZC-BO,B-ZO-BO,S-ZO-BO,S-ZC-BO,,,,,,S-ZC-BR,S-ZG-UN,B-ZE-BR,S-ZB-BR,S-ZD-BO,S-ZO-BO,B-ZO-BR,S-ZG-UN,S-ZF-UN,B-ZG-BR
7,1999.11.26 00:00,GBPJPY,60,86400,SELL,ZC,1,170.200,167.850,2350.0,169.100,167.840,1260.0,53.617,46.81,1250.0,554.6,169.100,167.850,166.590,BREAK,1999.11.26 15:00,0,,0,,0,,0,NA,NewYork,BOUNCE,1999.11.26 18:00,NA,,171.450,BREAK,2000.01.05 23:00,0,,0,,0,,0,NA,Other,BREAK,2000.01.06 18:00,BREAK,2000.01.11 16:00,166.600,BREAK,1999.11.26 15:00,0,,0,,0,,0,NA,NewYork,BOUNCE,1999.11.26 18:00,NA,,170.350,BREAK,1999.11.26 18:00,0,,0,,0,,0,NA,NewYork,BREAK,2000.01.06 13:00,BREAK,2000.01.06 18:00,B-ZE-UN,B-ZB-BO,S-ZC-BO,B-ZO-BO,S-ZO-BO,S-ZC-BO,,,,,S-ZG-UN,B-ZE-BR,S-ZB-BR,S-ZD-BO,S-ZO-BO,B-ZO-BR,S-ZG-UN,S-ZF-UN,B-ZG-BR,B-ZB-BO
8,1999.12.01 00:00,GBPJPY,60,86400,SELL,ZG,0,166.740,162.670,4070.0,165.320,162.080,3240.0,79.607,34.89,2650.0,960.5,165.320,162.670,159.430,UNTOUCHED,,0,,0,,0,,0,NA,Other,NA,,NA,,169.390,BREAK,2000.01.05 11:00,0,,0,,0,,0,NA,London,BREAK,2000.01.06 15:00,BOUNCE,2000.01.17 04:00,160.020,UNTOUCHED,,0,,0,,0,,0,NA,Other,NA,,NA,,167.970,BOUNCE,1999.12.07 12:00,0,,0,,0,,0,NA,London,NA,,NA,,S-ZC-BR,B-ZE-UN,B-ZB-BO,S-ZC-BO,B-ZO-BO,S-ZO-BO,S-ZC-BO,,,,B-ZE-BR,S-ZB-BR,S-ZD-BO,S-ZO-BO,B-ZO-BR,S-ZG-UN,S-ZF-UN,B-ZG-BR,B-ZB-BO,S-ZG-UN
9,1999.12.08 00:00,GBPJPY,60,86400,BUY,ZE,1,167.190,163.240,3950.0,168.160,165.800,2360.0,59.747,64.81,1390.0,932.2,167.190,165.800,169.550,BREAK,2000.01.05 11:00,0,,0,,0,,0,NA,London,BREAK,2000.01.06 03:00,BREAK,2000.01.06 18:00,161.850,UNTOUCHED,,0,,0,,0,,0,NA,Other,NA,,NA,,168.580,BREAK,2000.01.04 11:00,0,,0,,0,,0,NA,London,BREAK,2000.01.05 22:00,BREAK,2000.01.06 13:00,164.410,BREAK,1999.12.20 21:00,0,,0,,0,,0,NA,Other,BOUNCE,1999.12.23 18:00,NA,,S-ZG-UN,S-ZC-BR,B-ZE-UN,B-ZB-BO,S-ZC-BO,B-ZO-BO,S-ZO-BO,S-ZC-BO,,,S-ZB-BR,S-ZD-BO,S-ZO-BO,B-ZO-BR,S-ZG-UN,S-ZF-UN,B-ZG-BR,B-ZB-BO,S-ZG-UN,S-ZO-UN
10,1999.12.11 00:00,GBPJPY,60,86400,SELL,ZB,1,168.200,165.950,2250.0,167.020,165.500,1520.0,67.556,52.44,1070.0,531.0,167.020,165.950,164.430,BREAK,1999.12.20 21:00,0,,0,,0,,0,NA,Other,BREAK,1999.12.22 20:00,UNTOUCHED,,169.270,BREAK,2000.01.05 10:00,0,,0,,0,,0,NA,London,BREAK,2000.01.05 22:00,BREAK,2000.01.06 08:00,164.880,BREAK,1999.12.20 19:00,0,,0,,0,,0,NA,NewYork,BREAK,1999.12.22 18:00,UNTOUCHED,,168.090,BOUNCE,2000.01.04 10:00,0,,0,,0,,0,NA,London,NA,,NA,,B-ZE-BR,S-ZG-UN,S-ZC-BR,B-ZE-UN,B-ZB-BO,S-ZC-BO,B-ZO-BO,S-ZO-BO,S-ZC-BO,,S-ZD-BO,S-ZO-BO,B-ZO-BR,S-ZG-UN,S-ZF-UN,B-ZG-BR,B-ZB-BO,S-ZG-UN,S-ZO-UN,B-ZO-BR
11,1999.12.16 00:00,GBPJPY,60,86400,SELL,ZD,1,167.730,166.550,1180.0,167.240,165.920,1320.0,111.864,41.53,690.0,278.5,167.240,166.550,165.230,BOUNCE,1999.12.16 10:00,1,1999.12.16 12:00,1,2000.01.04 05:00,1,2000.01.04 10:00,3,2w 5d,London,NA,,NA,,168.420,BOUNCE,2000.01.04 10:00,0,,0,,0,,0,NA,London,NA,,NA,,165.860,BREAK,1999.12.16 09:00,0,,0,,0,,0,NA,London,BOUNCE,1999.12.16 11:00,NA,,167.930,BOUNCE,2000.01.04 05:00,0,,0,,0,,0,NA,Asia,NA,,NA,,S-ZB-BR,B-ZE-BR,S-ZG-UN,S-ZC-BR,B-ZE-UN,B-ZB-BO,S-ZC-BO,B-ZO-BO,S-ZO-BO,S-ZC-BO,S-ZO-BO,B-ZO-BR,S-ZG-UN,S-ZF-UN,B-ZG-BR,B-ZB-BO,S-ZG-UN,S-ZO-UN,B-ZO-BR,B-ZD-BR
12,1999.12.17 00:00,GBPJPY,60,86400,SELL,ZO,1,167.240,165.920,1320.0,166.920,164.990,1930.0,146.212,24.24,1000.0,311.5,166.920,165.920,163.990,BOUNCE,1999.12.21 12:00,1,1999.12.24 05:00,1,2000.01.04 05:00,1,2000.01.04 10:00,3,1w 6d,London,NA,,NA,,168.240,BOUNCE,2000.01.04 10:00,0,,0,,0,,0,NA,London,NA,,NA,,164.920,BREAK,1999.12.20 13:00,0,,0,,0,,0,NA,NewYork,BOUNCE,1999.12.22 02:00,NA,,167.920,BOUNCE,2000.01.04 05:00,0,,0,,0,,0,NA,Asia,NA,,NA,,S-ZD-BO,S-ZB-BR,B-ZE-BR,S-ZG-UN,S-ZC-BR,B-ZE-UN,B-ZB-BO,S-ZC-BO,B-ZO-BO,S-ZO-BO,B-ZO-BR,S-ZG-UN,S-ZF-UN,B-ZG-BR,B-ZB-BO,S-ZG-UN,S-ZO-UN,B-ZO-BR,B-ZD-BR,B-ZD-BR
13,1999.12.18 00:00,GBPJPY,60,86400,BUY,ZO,0,166.920,164.990,1930.0,166.950,165.210,1740.0,90.155,11.40,1710.0,455.5,166.920,165.210,168.660,BREAK,2000.01.04 14:00,0,,0,,0,,0,NA,NewYork,BREAK,2000.01.05 22:00,BREAK,2000.01.06 14:00,163.280,BREAK,1999.12.22 18:00,0,,0,,0,,0,NA,NewYork,UNTOUCHED,,NA,,168.630,BREAK,2000.01.04 11:00,0,,0,,0,,0,NA,London,BREAK,2000.01.05 22:00,BREAK,2000.01.06 14:00,163.500,BREAK,1999.12.22 15:00,0,,0,,0,,0,NA,NewYork,UNTOUCHED,,NA,,S-ZO-BO,S-ZD-BO,S-ZB-BR,B-ZE-BR,S-ZG-UN,S-ZC-BR,B-ZE-UN,B-ZB-BO,S-ZC-BO,B-ZO-BO,S-ZG-UN,S-ZF-UN,B-ZG-BR,B-ZB-BO,S-ZG-UN,S-ZO-UN,B-ZO-BR,B-ZD-BR,B-ZD-BR,B-ZB-BO
14,1999.12.22 00:00,GBPJPY,60,86400,SELL,ZG,0,166.020,164.150,1870.0,165.410,163.910,1500.0,80.214,32.62,1260.0,441.3,165.410,164.150,162.650,UNTOUCHED,,0,,0,,0,,0,NA,Other,NA,,NA,,167.280,BREAK,2000.01.04 05:00,0,,0,,0,,0,NA,Asia,BREAK,2000.01.04 15:00,BREAK,2000.01.05 18:00,162.890,BOUNCE,1999.12.22 19:00,1,1999.12.24 15:00,1,2000.01.04 05:00,0,,2,1w 5d,NewYork,NA,,NA,,166.670,BOUNCE,1999.12.24 15:00,0,,0,,0,,0,NA,NewYork,NA,,NA,,B-ZO-BR,S-ZO-BO,S-ZD-BO,S-ZB-BR,B-ZE-BR,S-ZG-UN,S-ZC-BR,B-ZE-UN,B-ZB-BO,S-ZC-BO,S-ZF-UN,B-ZG-BR,B-ZB-BO,S-ZG-UN,S-ZO-UN,B-ZO-BR,B-ZD-BR,B-ZD-BR,B-ZB-BO,S-ZD-BR
15,1999.12.23 00:00,GBPJPY,60,86400,SELL,ZF,1,165.410,163.910,1500.0,165.200,162.750,2450.0,163.333,14.00,1290.0,354.0,165.200,163.910,161.460,UNTOUCHED,,0,,0,,0,,0,NA,Other,NA,,NA,,166.700,BOUNCE,1999.12.24 15:00,0,,0,,0,,0,NA,NewYork,NA,,NA,,162.620,UNTOUCHED,,0,,0,,0,,0,NA,Other,NA,,NA,,166.490,BOUNCE,1999.12.24 08:00,0,,0,,0,,0,NA,London,NA,,NA,,S-ZG-UN,B-ZO-BR,S-ZO-BO,S-ZD-BO,S-ZB-BR,B-ZE-BR,S-ZG-UN,S-ZC-BR,B-ZE-UN,B-ZB-BO,B-ZG-BR,B-ZB-BO,S-ZG-UN,S-ZO-UN,B-ZO-BR,B-ZD-BR,B-ZD-BR,B-ZB-BO,S-ZD-BR,B-ZB-BO
16,1999.12.24 00:00,GBPJPY,60,86400,BUY,ZG,0,165.200,162.750,2450.0,165.330,162.890,2440.0,99.592,5.71,2310.0,578.2,165.200,162.890,167.640,BREAK,2000.01.04 05:00,0,,0,,0,,0,NA,Asia,BREAK,2000.01.05 20:00,BREAK,2000.01.06 14:00,160.440,UNTOUCHED,,0,,0,,0,,0,NA,Other,NA,,NA,,167.510,BREAK,2000.01.04 05:00,0,,0,,0,,0,NA,Asia,BREAK,2000.01.05 18:00,BREAK,2000.01.06 14:00,160.580,UNTOUCHED,,0,,0,,0,,0,NA,Other,NA,,NA,,S-ZF-UN,S-ZG-UN,B-ZO-BR,S-ZO-BO,S-ZD-BO,S-ZB-BR,B-ZE-BR,S-ZG-UN,S-ZC-BR,B-ZE-UN,B-ZB-BO,S-ZG-UN,S-ZO-UN,B-ZO-BR,B-ZD-BR,B-ZD-BR,B-ZB-BO,S-ZD-BR,B-ZB-BO,B-ZE-BO
17,1999.12.25 00:00,GBPJPY,60,86400,BUY,ZB,1,165.330,162.890,2440.0,166.720,164.430,2290.0,93.852,63.11,900.0,575.8,165.330,164.430,167.620,BOUNCE,2000.01.04 05:00,0,,0,,0,,0,NA,Asia,NA,,NA,,161.990,UNTOUCHED,,0,,0,,0,,0,NA,Other,NA,,NA,,166.230,BOUNCE,1999.12.27 03:00,0,,0,,0,,0,NA,Asia,NA,,NA,,163.530,UNTOUCHED,,0,,0,,0,,0,NA,Other,NA,,NA,,B-ZG-BR,S-ZF-UN,S-ZG-UN,B-ZO-BR,S-ZO-BO,S-ZD-BO,S-ZB-BR,B-ZE-BR,S-ZG-UN,S-ZC-BR,S-ZG-UN,S-ZO-UN,B-ZO-BR,B-ZD-BR,B-ZD-BR,B-ZB-BO,S-ZD-BR,B-ZB-BO,B-ZE-BO,B-ZG-BR
18,1999.12.29 00:00,GBPJPY,60,86400,SELL,ZG,0,166.540,164.940,1600.0,166.100,164.650,1450.0,90.625,27.50,1160.0,377.6,166.100,164.940,163.490,UNTOUCHED,,0,,0,,0,,0,NA,Other,NA,,NA,,167.700,BOUNCE,2000.01.04 05:00,0,,0,,0,,0,NA,Asia,NA,,NA,,163.780,UNTOUCHED,,0,,0,,0,,0,NA,Other,NA,,NA,,167.260,BREAK,2000.01.04 05:00,0,,0,,0,,0,NA,Asia,BOUNCE,2000.01.04 10:00,NA,,B-ZB-BO,B-ZG-BR,S-ZF-UN,S-ZG-UN,B-ZO-BR,S-ZO-BO,S-ZD-BO,S-ZB-BR,B-ZE-BR,S-ZG-UN,S-ZO-UN,B-ZO-BR,B-ZD-BR,B-ZD-BR,B-ZB-BO,S-ZD-BR,B-ZB-BO,B-ZE-BO,B-ZG-BR,B-ZF-BR
19,1999.12.31 00:00,GBPJPY,60,86400,SELL,ZO,0,165.850,164.720,1130.0,165.720,164.690,1030.0,91.150,11.50,1000.0,266.7,165.720,164.720,163.690,UNTOUCHED,,0,,0,,0,,0,NA,Other,NA,,NA,,166.850,BREAK,2000.01.04 05:00,0,,0,,0,,0,NA,Asia,BOUNCE,2000.01.04 09:00,NA,,163.720,UNTOUCHED,,0,,0,,0,,0,NA,Other,NA,,NA,,166.720,BREAK,2000.01.04 02:00,0,,0,,0,,0,NA,Asia,BREAK,2000.01.04 06:00,BREAK,2000.01.04 15:00,S-ZG-UN,B-ZB-BO,B-ZG-BR,S-ZF-UN,S-ZG-UN,B-ZO-BR,S-ZO-BO,S-ZD-BO,S-ZB-BR,B-ZE-BR,B-ZO-BR,B-ZD-BR,B-ZD-BR,B-ZB-BO,S-ZD-BR,B-ZB-BO,B-ZE-BO,B-ZG-BR,B-ZF-BR,S-ZF-BR
20,2000.01.03 02:00,GBPJPY,60,86400,BUY,ZO,0,165.720,164.690,1030.0,165.960,164.870,1090.0,105.825,17.48,850.0,243.1,165.720,164.870,166.810,BREAK,2000.01.04 05:00,0,,0,,0,,0,NA,Asia,BREAK,2000.01.04 06:00,BREAK,2000.01.04 15:00,163.840,UNTOUCHED,,0,,0,,0,,0,NA,Other,NA,,NA,,166.570,BREAK,2000.01.04 00:00,0,,0,,0,,0,NA,Asia,BREAK,2000.01.04 06:00,BOUNCE,2000.01.04 10:00,164.020,UNTOUCHED,,0,,0,,0,,0,NA,Other,NA,,NA,,S-ZO-UN,S-ZG-UN,B-ZB-BO,B-ZG-BR,S-ZF-UN,S-ZG-UN,B-ZO-BR,S-ZO-BO,S-ZD-BO,S-ZB-BR,B-ZD-BR,B-ZD-BR,B-ZB-BO,S-ZD-BR,B-ZB-BO,B-ZE-BO,B-ZG-BR,B-ZF-BR,S-ZF-BR,B-ZE-BO
21,2000.01.05 00:00,GBPJPY,60,86400,BUY,ZD,1,166.540,164.220,2320.0,169.080,165.930,3150.0,135.776,73.71,610.0,547.5,166.540,165.930,169.690,BREAK,2000.01.05 11:00,0,,0,,0,,0,NA,London,BREAK,2000.01.05 22:00,BREAK,2000.01.05 23:00,163.610,UNTOUCHED,,0,,0,,0,,0,NA,Other,NA,,NA,,167.150,BREAK,2000.01.05 00:00,0,,0,,0,,0,NA,Asia,BREAK,2000.01.05 01:00,BREAK,2000.01.05 02:00,165.320,UNTOUCHED,,0,,0,,0,,0,NA,Other,NA,,NA,,B-ZO-BR,S-ZO-UN,S-ZG-UN,B-ZB-BO,B-ZG-BR,S-ZF-UN,S-ZG-UN,B-ZO-BR,S-ZO-BO,S-ZD-BO,B-ZD-BR,B-ZB-BO,S-ZD-BR,B-ZB-BO,B-ZE-BO,B-ZG-BR,B-ZF-BR,S-ZF-BR,B-ZE-BO,S-ZH-BR
22,2000.01.06 00:00,GBPJPY,60,86400,BUY,ZD,1,169.080,165.930,3150.0,171.480,168.330,3150.0,100.000,76.19,750.0,743.4,169.080,168.330,172.230,BREAK,2000.01.06 13:00,0,,0,,0,,0,NA,NewYork,BREAK,2000.01.06 22:00,BOUNCE,2000.01.07 12:00,165.180,UNTOUCHED,,0,,0,,0,,0,NA,Other,NA,,NA,,169.830,BREAK,2000.01.06 00:00,0,,0,,0,,0,NA,Asia,BREAK,2000.01.06 01:00,BREAK,2000.01.06 13:00,167.580,UNTOUCHED,,0,,0,,0,,0,NA,Other,NA,,NA,,B-ZD-BR,B-ZO-BR,S-ZO-UN,S-ZG-UN,B-ZB-BO,B-ZG-BR,S-ZF-UN,S-ZG-UN,B-ZO-BR,S-ZO-BO,B-ZB-BO,S-ZD-BR,B-ZB-BO,B-ZE-BO,B-ZG-BR,B-ZF-BR,S-ZF-BR,B-ZE-BO,S-ZH-BR,S-ZB-BR
23,2000.01.07 00:00,GBPJPY,60,86400,BUY,ZB,1,171.480,168.330,3150.0,173.900,170.700,3200.0,101.587,75.24,780.0,743.4,171.480,170.700,174.680,BOUNCE,2000.01.11 19:00,1,2000.01.14 19:00,1,2000.01.28 12:00,0,,2,2w 2d,NewYork,NA,,NA,,167.550,UNTOUCHED,,0,,0,,0,,0,NA,Other,NA,,NA,,172.260,BREAK,2000.01.07 00:00,0,,0,,0,,0,NA,Asia,BREAK,2000.01.07 04:00,BOUNCE,2000.01.07 12:00,169.920,BOUNCE,2000.01.28 12:00,1,2000.01.28 19:00,1,2000.01.28 19:00,0,,2,7h,London,NA,,NA,,B-ZD-BR,B-ZD-BR,B-ZO-BR,S-ZO-UN,S-ZG-UN,B-ZB-BO,B-ZG-BR,S-ZF-UN,S-ZG-UN,B-ZO-BR,S-ZD-BR,B-ZB-BO,B-ZE-BO,B-ZG-BR,B-ZF-BR,S-ZF-BR,B-ZE-BO,S-ZH-BR,S-ZB-BR,B-ZO-BO
24,2000.01.11 00:00,GBPJPY,60,86400,SELL,ZD,1,172.770,172.500,270.0,172.610,170.620,1990.0,737.037,59.26,110.0,63.7,172.610,172.500,170.510,BREAK,2000.01.28 11:00,0,,0,,0,,0,NA,London,BREAK,2000.01.28 12:00,BREAK,2000.01.28 13:00,172.880,BREAK,2000.01.11 09:00,0,,0,,0,,0,NA,London,BREAK,2000.01.11 10:00,BREAK,2000.01.11 11:00,172.390,BREAK,2000.01.11 00:00,0,,0,,0,,0,NA,Asia,BREAK,2000.01.11 01:00,BREAK,2000.01.11 02:00,172.720,BOUNCE,2000.01.11 03:00,1,2000.01.11 04:00,1,2000.01.11 04:00,0,,2,1h,Asia,NA,,NA,,B-ZB-BO,B-ZD-BR,B-ZD-BR,B-ZO-BR,S-ZO-UN,S-ZG-UN,B-ZB-BO,B-ZG-BR,S-ZF-UN,S-ZG-UN,B-ZB-BO,B-ZE-BO,B-ZG-BR,B-ZF-BR,S-ZF-BR,B-ZE-BO,S-ZH-BR,S-ZB-BR,B-ZO-BO,S-ZD-BO
25,2000.01.12 00:00,GBPJPY,60,86400,BUY,ZB,1,172.610,170.620,1990.0,174.930,171.950,2980.0,149.749,66.83,660.0,469.6,172.610,171.950,175.590,BOUNCE,2000.02.02 08:00,1,2000.02.02 14:00,1,2000.02.03 20:00,0,,2,1d 12h,London,NA,,NA,,169.960,BOUNCE,2000.01.28 12:00,1,2000.01.28 15:00,1,2000.01.28 19:00,1,2000.02.02 08:00,3,4d 20h,London,NA,,NA,,173.270,BREAK,2000.01.12 00:00,0,,0,,0,,0,NA,Asia,BREAK,2000.01.12 01:00,BREAK,2000.01.12 09:00,171.290,BOUNCE,2000.01.17 14:00,1,2000.01.19 01:00,1,2000.01.19 01:00,0,,2,1d 11h,NewYork,NA,,NA,,S-ZD-BR,B-ZB-BO,B-ZD-BR,B-ZD-BR,B-ZO-BR,S-ZO-UN,S-ZG-UN,B-ZB-BO,B-ZG-BR,S-ZF-UN,B-ZE-BO,B-ZG-BR,B-ZF-BR,S-ZF-BR,B-ZE-BO,S-ZH-BR,S-ZB-BR,B-ZO-BO,S-ZD-BO,S-ZB-BR
26,2000.01.13 00:00,GBPJPY,60,86400,BUY,ZE,1,174.930,171.950,2980.0,175.100,173.740,1360.0,45.638,60.07,1190.0,703.3,174.930,173.740,176.290,BOUNCE,2000.02.08 17:00,1,2000.02.11 18:00,1,2000.02.14 07:00,0,,2,5d 14h,NewYork,NA,,NA,,170.760,BREAK,2000.01.28 11:00,0,,0,,0,,0,NA,London,BOUNCE,2000.03.03 20:00,NA,,176.120,BREAK,2000.02.08 17:00,0,,0,,0,,0,NA,NewYork,BREAK,2000.02.17 16:00,BOUNCE,2000.02.18 17:00,172.550,BREAK,2000.01.14 21:00,0,,0,,0,,0,NA,Other,BOUNCE,2000.01.18 16:00,NA,,B-ZB-BO,S-ZD-BR,B-ZB-BO,B-ZD-BR,B-ZD-BR,B-ZO-BR,S-ZO-UN,S-ZG-UN,B-ZB-BO,B-ZG-BR,B-ZG-BR,B-ZF-BR,S-ZF-BR,B-ZE-BO,S-ZH-BR,S-ZB-BR,B-ZO-BO,S-ZD-BO,S-ZB-BR,S-ZG-BO
27,2000.01.19 00:00,GBPJPY,60,86400,BUY,ZG,0,173.070,170.800,2270.0,173.130,171.030,2100.0,92.511,10.13,2040.0,535.7,173.070,171.030,175.170,BREAK,2000.02.02 04:00,0,,0,,0,,0,NA,Asia,BREAK,2000.02.17 15:00,BOUNCE,2000.02.24 14:00,168.760,UNTOUCHED,,0,,0,,0,,0,NA,Other,NA,,NA,,175.110,BREAK,2000.02.02 04:00,0,,0,,0,,0,NA,Asia,BREAK,2000.02.17 15:00,BREAK,2000.02.22 20:00,168.990,UNTOUCHED,,0,,0,,0,,0,NA,Other,NA,,NA,,B-ZE-BO,B-ZB-BO,S-ZD-BR,B-ZB-BO,B-ZD-BR,B-ZD-BR,B-ZO-BR,S-ZO-UN,S-ZG-UN,B-ZB-BO,B-ZF-BR,S-ZF-BR,B-ZE-BO,S-ZH-BR,S-ZB-BR,B-ZO-BO,S-ZD-BO,S-ZB-BR,S-ZG-BO,S-ZF-BR
28,2000.01.21 00:00,GBPJPY,60,86400,BUY,ZF,1,173.910,172.690,1220.0,174.740,172.800,1940.0,159.016,9.02,1110.0,287.9,173.910,172.800,175.850,BREAK,2000.02.08 17:00,0,,0,,0,,0,NA,NewYork,BREAK,2000.02.17 12:00,BREAK,2000.02.18 04:00,171.580,BREAK,2000.01.27 17:00,0,,0,,0,,0,NA,NewYork,BREAK,2000.01.28 11:00,BOUNCE,2000.03.01 19:00,175.020,BOUNCE,2000.01.25 11:00,1,2000.01.27 17:00,1,2000.01.27 17:00,0,,2,2d 6h,London,NA,,NA,,171.690,BREAK,2000.01.27 17:00,0,,0,,0,,0,NA,NewYork,BREAK,2000.01.28 11:00,BOUNCE,2000.03.01 19:00,B-ZG-BR,B-ZE-BO,B-ZB-BO,S-ZD-BR,B-ZB-BO,B-ZD-BR,B-ZD-BR,B-ZO-BR,S-ZO-UN,S-ZG-UN,S-ZF-BR,B-ZE-BO,S-ZH-BR,S-ZB-BR,B-ZO-BO,S-ZD-BO,S-ZB-BR,S-ZG-BO,S-ZF-BR,B-ZF-BR
29,2000.01.22 00:00,GBPJPY,60,86400,SELL,ZF,0,174.740,172.800,1940.0,174.610,172.450,2160.0,111.340,6.70,1810.0,457.8,174.610,172.800,170.640,BREAK,2000.01.28 11:00,0,,0,,0,,0,NA,London,BREAK,2000.03.07 19:00,BOUNCE,2000.03.08 04:00,176.550,BOUNCE,2000.02.08 17:00,1,2000.02.11 20:00,1,2000.03.01 16:00,1,2000.03.01 16:00,3,3w 0d,NewYork,NA,,NA,,170.990,BREAK,2000.01.28 10:00,0,,0,,0,,0,NA,London,BREAK,2000.03.06 14:00,BREAK,2000.03.07 20:00,176.420,BOUNCE,2000.02.08 17:00,1,2000.03.01 16:00,1,2000.03.01 16:00,0,,2,3w 0d,NewYork,NA,,NA,,B-ZF-BR,B-ZG-BR,B-ZE-BO,B-ZB-BO,S-ZD-BR,B-ZB-BO,B-ZD-BR,B-ZD-BR,B-ZO-BR,S-ZO-UN,B-ZE-BO,S-ZH-BR,S-ZB-BR,B-ZO-BO,S-ZD-BO,S-ZB-BR,S-ZG-BO,S-ZF-BR,B-ZF-BR,B-ZD-BO
30,2000.01.26 00:00,GBPJPY,60,86400,BUY,ZE,1,175.000,172.500,2500.0,175.090,173.720,1370.0,54.800,48.80,1280.0,590.0,175.000,173.720,176.370,BOUNCE,2000.02.08 17:00,1,2000.02.11 19:00,1,2000.02.14 10:00,1,2000.03.01 15:00,3,3w 0d,NewYork,NA,,NA,,171.220,BREAK,2000.01.28 10:00,0,,0,,0,,0,NA,London,BOUNCE,2000.01.28 15:00,NA,,176.280,BOUNCE,2000.02.08 17:00,1,2000.02.14 10:00,1,2000.03.01 15:00,0,,2,3w 0d,NewYork,NA,,NA,,172.440,BREAK,2000.01.27 16:00,0,,0,,0,,0,NA,NewYork,BREAK,2000.01.28 11:00,BOUNCE,2000.01.28 15:00,S-ZF-BR,B-ZF-BR,B-ZG-BR,B-ZE-BO,B-ZB-BO,S-ZD-BR,B-ZB-BO,B-ZD-BR,B-ZD-BR,B-ZO-BR,S-ZH-BR,S-ZB-BR,B-ZO-BO,S-ZD-BO,S-ZB-BR,S-ZG-BO,S-ZF-BR,B-ZF-BR,B-ZD-BO,B-ZE-UN
31,2000.01.27 00:00,GBPJPY,60,86400,SELL,ZH,0,175.090,173.720,1370.0,174.640,172.930,1710.0,124.818,32.85,920.0,323.3,174.640,173.720,172.010,BREAK,2000.01.27 17:00,0,,0,,0,,0,NA,NewYork,BREAK,2000.01.28 11:00,BREAK,2000.01.28 12:00,176.010,BREAK,2000.02.08 17:00,0,,0,,0,,0,NA,NewYork,BREAK,2000.02.17 12:00,BOUNCE,2000.02.17 18:00,172.800,BREAK,2000.01.27 07:00,0,,0,,0,,0,NA,London,BREAK,2000.01.27 17:00,BREAK,2000.01.28 11:00,175.560,BOUNCE,2000.02.02 08:00,1,2000.02.03 20:00,1,2000.02.03 20:00,0,,2,1d 12h,London,NA,,NA,,B-ZE-BO,S-ZF-BR,B-ZF-BR,B-ZG-BR,B-ZE-BO,B-ZB-BO,S-ZD-BR,B-ZB-BO,B-ZD-BR,B-ZD-BR,S-ZB-BR,B-ZO-BO,S-ZD-BO,S-ZB-BR,S-ZG-BO,S-ZF-BR,B-ZF-BR,B-ZD-BO,B-ZE-UN,B-ZD-UN
32,2000.01.28 00:00,GBPJPY,60,86400,SELL,ZB,1,174.640,172.930,1710.0,173.470,171.340,2130.0,124.561,68.42,540.0,403.6,173.470,172.930,170.800,BREAK,2000.01.28 11:00,0,,0,,0,,0,NA,London,BREAK,2000.01.28 12:00,BOUNCE,2000.03.01 19:00,175.180,BOUNCE,2000.02.02 04:00,1,2000.02.02 15:00,1,2000.02.03 20:00,1,2000.02.04 11:00,3,2d 7h,Asia,NA,,NA,,172.390,BREAK,2000.01.28 00:00,0,,0,,0,,0,NA,Asia,BREAK,2000.01.28 06:00,BREAK,2000.01.28 11:00,174.010,BOUNCE,2000.01.31 19:00,1,2000.02.03 20:00,1,2000.02.03 20:00,0,,2,3d 1h,NewYork,NA,,NA,,S-ZH-BR,B-ZE-BO,S-ZF-BR,B-ZF-BR,B-ZG-BR,B-ZE-BO,B-ZB-BO,S-ZD-BR,B-ZB-BO,B-ZD-BR,B-ZO-BO,S-ZD-BO,S-ZB-BR,S-ZG-BO,S-ZF-BR,B-ZF-BR,B-ZD-BO,B-ZE-UN,B-ZD-UN,S-ZO-BR
33,2000.02.03 00:00,GBPJPY,60,86400,BUY,ZO,1,174.290,172.950,1340.0,175.810,173.430,2380.0,177.612,35.82,860.0,316.2,174.290,173.430,176.670,BOUNCE,2000.02.08 19:00,1,2000.02.09 09:00,1,2000.02.14 07:00,1,2000.02.14 10:00,3,5d 15h,NewYork,NA,,NA,,172.090,BREAK,2000.02.03 20:00,0,,0,,0,,0,NA,NewYork,BREAK,2000.02.04 11:00,BOUNCE,2000.02.04 13:00,175.150,BREAK,2000.02.08 08:00,0,,0,,0,,0,NA,London,BREAK,2000.02.08 17:00,BREAK,2000.02.17 12:00,172.570,BREAK,2000.02.03 20:00,0,,0,,0,,0,NA,NewYork,BOUNCE,2000.02.04 04:00,NA,,S-ZB-BR,S-ZH-BR,B-ZE-BO,S-ZF-BR,B-ZF-BR,B-ZG-BR,B-ZE-BO,B-ZB-BO,S-ZD-BR,B-ZB-BO,S-ZD-BO,S-ZB-BR,S-ZG-BO,S-ZF-BR,B-ZF-BR,B-ZD-BO,B-ZE-UN,B-ZD-UN,S-ZO-BR,S-ZG-BR
34,2000.02.04 00:00,GBPJPY,60,86400,SELL,ZD,1,175.810,173.430,2380.0,174.250,170.830,3420.0,143.697,65.55,820.0,561.7,174.250,173.430,170.010,BOUNCE,2000.03.01 16:00,0,,0,,0,,0,NA,NewYork,NA,,NA,,176.630,BOUNCE,2000.02.08 17:00,1,2000.02.09 09:00,1,2000.02.14 07:00,1,2000.03.01 16:00,3,3w 0d,NewYork,NA,,NA,,172.610,BREAK,2000.02.04 00:00,0,,0,,0,,0,NA,Asia,BREAK,2000.02.04 11:00,BREAK,2000.02.04 12:00,175.070,BREAK,2000.02.08 08:00,0,,0,,0,,0,NA,London,BREAK,2000.02.08 17:00,BOUNCE,2000.02.08 21:00,B-ZO-BO,S-ZB-BR,S-ZH-BR,B-ZE-BO,S-ZF-BR,B-ZF-BR,B-ZG-BR,B-ZE-BO,B-ZB-BO,S-ZD-BR,S-ZB-BR,S-ZG-BO,S-ZF-BR,B-ZF-BR,B-ZD-BO,B-ZE-UN,B-ZD-UN,S-ZO-BR,S-ZG-BR,S-ZF-BR
35,2000.02.05 00:00,GBPJPY,60,86400,SELL,ZB,1,174.250,170.830,3420.0,172.590,170.220,2370.0,69.298,48.54,1760.0,807.1,172.590,170.830,168.460,BREAK,2000.03.07 19:00,0,,0,,0,,0,NA,NewYork,BOUNCE,2000.03.08 04:00,NA,,176.010,BREAK,2000.02.08 17:00,0,,0,,0,,0,NA,NewYork,BREAK,2000.02.18 04:00,BOUNCE,2000.02.23 08:00,169.070,BOUNCE,2000.03.02 13:00,0,,0,,0,,0,NA,NewYork,NA,,NA,,174.350,BREAK,2000.02.08 03:00,0,,0,,0,,0,NA,Asia,BOUNCE,2000.02.10 14:00,NA,,S-ZD-BO,B-ZO-BO,S-ZB-BR,S-ZH-BR,B-ZE-BO,S-ZF-BR,B-ZF-BR,B-ZG-BR,B-ZE-BO,B-ZB-BO,S-ZG-BO,S-ZF-BR,B-ZF-BR,B-ZD-BO,B-ZE-UN,B-ZD-UN,S-ZO-BR,S-ZG-BR,S-ZF-BR,B-ZO-UN
36,2000.02.11 00:00,GBPJPY,60,86400,SELL,ZG,0,176.710,174.450,2260.0,176.350,173.960,2390.0,105.752,15.93,1900.0,533.4,176.350,174.450,172.060,BOUNCE,2000.02.14 10:00,1,2000.02.16 22:00,1,2000.02.18 04:00,1,2000.02.18 04:00,3,3d 18h,London,NA,,NA,,178.610,BOUNCE,2000.02.18 04:00,1,2000.02.28 03:00,1,2000.03.01 05:00,1,2000.03.01 05:00,3,1w 5d,Asia,NA,,NA,,172.550,BREAK,2000.02.14 07:00,0,,0,,0,,0,NA,London,BREAK,2000.03.01 16:00,BREAK,2000.03.07 19:00,178.250,BREAK,2000.02.18 04:00,0,,0,,0,,0,NA,Asia,UNTOUCHED,,NA,,S-ZB-BR,S-ZD-BO,B-ZO-BO,S-ZB-BR,S-ZH-BR,B-ZE-BO,S-ZF-BR,B-ZF-BR,B-ZG-BR,B-ZE-BO,S-ZF-BR,B-ZF-BR,B-ZD-BO,B-ZE-UN,B-ZD-UN,S-ZO-BR,S-ZG-BR,S-ZF-BR,B-ZO-UN,S-ZB-BR
37,2000.02.12 00:00,GBPJPY,60,86400,SELL,ZF,0,176.350,173.960,2390.0,175.980,172.910,3070.0,128.452,15.48,2020.0,564.0,175.980,173.960,170.890,BREAK,2000.03.01 16:00,0,,0,,0,,0,NA,NewYork,BREAK,2000.03.07 19:00,BOUNCE,2000.03.08 04:00,178.370,BREAK,2000.02.18 04:00,0,,0,,0,,0,NA,Asia,UNTOUCHED,,NA,,171.940,BOUNCE,2000.02.14 12:00,1,2000.02.17 16:00,1,2000.02.18 04:00,0,,2,3d 16h,London,NA,,NA,,178.000,BREAK,2000.02.17 16:00,0,,0,,0,,0,NA,NewYork,UNTOUCHED,,NA,,S-ZG-BO,S-ZB-BR,S-ZD-BO,B-ZO-BO,S-ZB-BR,S-ZH-BR,B-ZE-BO,S-ZF-BR,B-ZF-BR,B-ZG-BR,B-ZF-BR,B-ZD-BO,B-ZE-UN,B-ZD-UN,S-ZO-BR,S-ZG-BR,S-ZF-BR,B-ZO-UN,S-ZB-BR,S-ZE-BO
38,2000.02.16 00:00,GBPJPY,60,86400,BUY,ZF,0,173.680,171.860,1820.0,174.200,172.380,1820.0,100.000,28.57,1300.0,429.5,173.680,172.380,175.500,BREAK,2000.02.16 18:00,0,,0,,0,,0,NA,NewYork,BREAK,2000.02.17 12:00,BREAK,2000.02.18 04:00,170.560,BREAK,2000.03.01 16:00,0,,0,,0,,0,NA,NewYork,BOUNCE,2000.03.03 19:00,NA,,174.980,BREAK,2000.02.16 16:00,0,,0,,0,,0,NA,NewYork,BREAK,2000.02.17 05:00,BREAK,2000.02.17 16:00,171.080,BREAK,2000.03.01 16:00,0,,0,,0,,0,NA,NewYork,BREAK,2000.03.01 20:00,BREAK,2000.03.07 19:00,S-ZF-BR,S-ZG-BO,S-ZB-BR,S-ZD-BO,B-ZO-BO,S-ZB-BR,S-ZH-BR,B-ZE-BO,S-ZF-BR,B-ZF-BR,B-ZD-BO,B-ZE-UN,B-ZD-UN,S-ZO-BR,S-ZG-BR,S-ZF-BR,B-ZO-UN,S-ZB-BR,S-ZE-BO,B-ZG-UN
39,2000.02.17 00:00,GBPJPY,60,86400,BUY,ZD,1,174.200,172.380,1820.0,176.030,173.660,2370.0,130.220,70.33,540.0,429.5,174.200,173.660,176.570,BOUNCE,2000.02.17 05:00,1,2000.02.25 21:00,1,2000.02.28 06:00,1,2000.03.01 15:00,3,1w 6d,Asia,NA,,NA,,171.840,BREAK,2000.03.01 15:00,0,,0,,0,,0,NA,NewYork,BREAK,2000.03.01 16:00,BREAK,2000.03.01 17:00,174.740,BREAK,2000.02.17 00:00,0,,0,,0,,0,NA,Asia,BREAK,2000.02.17 01:00,BREAK,2000.02.17 05:00,173.120,BOUNCE,2000.02.28 06:00,1,2000.02.28 20:00,1,2000.02.28 20:00,0,,2,14h,Asia,NA,,NA,,B-ZF-BR,S-ZF-BR,S-ZG-BO,S-ZB-BR,S-ZD-BO,B-ZO-BO,S-ZB-BR,S-ZH-BR,B-ZE-BO,S-ZF-BR,B-ZE-UN,B-ZD-UN,S-ZO-BR,S-ZG-BR,S-ZF-BR,B-ZO-UN,S-ZB-BR,S-ZE-BO,B-ZG-UN,S-ZF-BR
40,2000.02.19 00:00,GBPJPY,60,86400,BUY,ZE,1,178.080,175.590,2490.0,178.680,176.720,1960.0,78.715,45.38,1360.0,587.6,178.080,176.720,180.040,UNTOUCHED,,0,,0,,0,,0,NA,Other,NA,,NA,,174.230,BREAK,2000.02.28 03:00,0,,0,,0,,0,NA,Asia,BOUNCE,2000.02.28 12:00,NA,,179.440,BOUNCE,2000.02.22 19:00,1,2000.02.25 21:00,1,2000.02.28 03:00,0,,2,5d 8h,NewYork,NA,,NA,,175.360,BREAK,2000.02.25 21:00,0,,0,,0,,0,NA,Other,BREAK,2000.02.28 06:00,BOUNCE,2000.02.28 12:00,B-ZD-BO,B-ZF-BR,S-ZF-BR,S-ZG-BO,S-ZB-BR,S-ZD-BO,B-ZO-BO,S-ZB-BR,S-ZH-BR,B-ZE-BO,B-ZD-UN,S-ZO-BR,S-ZG-BR,S-ZF-BR,B-ZO-UN,S-ZB-BR,S-ZE-BO,B-ZG-UN,S-ZF-BR,B-ZO-UN
41,2000.02.23 00:00,GBPJPY,60,86400,BUY,ZD,1,178.250,176.580,1670.0,179.760,177.850,1910.0,114.371,76.05,400.0,394.1,178.250,177.850,180.160,UNTOUCHED,,0,,0,,0,,0,NA,Other,NA,,NA,,176.180,BREAK,2000.02.25 20:00,0,,0,,0,,0,NA,NewYork,BREAK,2000.02.25 21:00,BOUNCE,2000.02.25 22:00,178.650,BOUNCE,2000.02.23 00:00,1,2000.02.24 14:00,1,2000.02.25 20:00,0,,2,2d 20h,Asia,NA,,NA,,177.450,BREAK,2000.02.24 14:00,0,,0,,0,,0,NA,NewYork,BOUNCE,2000.02.24 16:00,NA,,B-ZE-UN,B-ZD-BO,B-ZF-BR,S-ZF-BR,S-ZG-BO,S-ZB-BR,S-ZD-BO,B-ZO-BO,S-ZB-BR,S-ZH-BR,S-ZO-BR,S-ZG-BR,S-ZF-BR,B-ZO-UN,S-ZB-BR,S-ZE-BO,B-ZG-UN,S-ZF-BR,B-ZO-UN,S-ZB-BR
42,2000.02.24 00:00,GBPJPY,60,86400,SELL,ZO,0,179.760,177.850,1910.0,179.230,177.520,1710.0,89.529,27.75,1380.0,450.8,179.230,177.850,176.140,BREAK,2000.02.25 20:00,0,,0,,0,,0,NA,NewYork,BREAK,2000.02.28 03:00,BREAK,2000.02.28 06:00,181.140,UNTOUCHED,,0,,0,,0,,0,NA,Other,NA,,NA,,176.470,BREAK,2000.02.25 16:00,0,,0,,0,,0,NA,NewYork,BREAK,2000.02.28 03:00,BREAK,2000.02.28 06:00,180.610,UNTOUCHED,,0,,0,,0,,0,NA,Other,NA,,NA,,B-ZD-UN,B-ZE-UN,B-ZD-BO,B-ZF-BR,S-ZF-BR,S-ZG-BO,S-ZB-BR,S-ZD-BO,B-ZO-BO,S-ZB-BR,S-ZG-BR,S-ZF-BR,B-ZO-UN,S-ZB-BR,S-ZE-BO,B-ZG-UN,S-ZF-BR,B-ZO-UN,S-ZB-BR,S-ZC-UN
43,2000.02.25 00:00,GBPJPY,60,86400,SELL,ZG,0,179.230,177.520,1710.0,178.900,176.800,2100.0,122.807,19.30,1380.0,403.6,178.900,177.520,175.420,BREAK,2000.02.25 21:00,0,,0,,0,,0,NA,Other,BREAK,2000.02.28 06:00,BOUNCE,2000.02.28 12:00,180.610,UNTOUCHED,,0,,0,,0,,0,NA,Other,NA,,NA,,176.140,BREAK,2000.02.25 20:00,0,,0,,0,,0,NA,NewYork,BREAK,2000.02.28 03:00,BREAK,2000.02.28 06:00,180.280,UNTOUCHED,,0,,0,,0,,0,NA,Other,NA,,NA,,S-ZO-BR,B-ZD-UN,B-ZE-UN,B-ZD-BO,B-ZF-BR,S-ZF-BR,S-ZG-BO,S-ZB-BR,S-ZD-BO,B-ZO-BO,S-ZF-BR,B-ZO-UN,S-ZB-BR,S-ZE-BO,B-ZG-UN,S-ZF-BR,B-ZO-UN,S-ZB-BR,S-ZC-UN,B-ZG-BR
44,2000.02.26 00:00,GBPJPY,60,86400,SELL,ZF,1,178.900,176.800,2100.0,178.420,175.150,3270.0,155.714,22.86,1620.0,495.6,178.420,176.800,173.530,BREAK,2000.02.28 06:00,0,,0,,0,,0,NA,Asia,BREAK,2000.03.01 15:00,BREAK,2000.03.01 19:00,180.520,UNTOUCHED,,0,,0,,0,,0,NA,Other,NA,,NA,,175.180,BREAK,2000.02.28 03:00,0,,0,,0,,0,NA,Asia,BREAK,2000.02.28 06:00,BREAK,2000.03.01 15:00,180.040,UNTOUCHED,,0,,0,,0,,0,NA,Other,NA,,NA,,S-ZG-BR,S-ZO-BR,B-ZD-UN,B-ZE-UN,B-ZD-BO,B-ZF-BR,S-ZF-BR,S-ZG-BO,S-ZB-BR,S-ZD-BO,B-ZO-UN,S-ZB-BR,S-ZE-BO,B-ZG-UN,S-ZF-BR,B-ZO-UN,S-ZB-BR,S-ZC-UN,B-ZG-BR,B-ZB-BR
45,2000.03.01 00:00,GBPJPY,60,86400,BUY,ZO,1,174.900,172.620,2280.0,176.510,173.270,3240.0,142.105,28.51,1630.0,538.1,174.900,173.270,178.140,UNTOUCHED,,0,,0,,0,,0,NA,Other,NA,,NA,,170.990,BREAK,2000.03.01 16:00,0,,0,,0,,0,NA,NewYork,BREAK,2000.03.06 12:00,BREAK,2000.03.07 19:00,176.530,UNTOUCHED,,0,,0,,0,,0,NA,Other,NA,,NA,,171.640,BREAK,2000.03.01 15:00,0,,0,,0,,0,NA,NewYork,BREAK,2000.03.01 19:00,BREAK,2000.03.07 19:00,S-ZF-BR,S-ZG-BR,S-ZO-BR,B-ZD-UN,B-ZE-UN,B-ZD-BO,B-ZF-BR,S-ZF-BR,S-ZG-BO,S-ZB-BR,S-ZB-BR,S-ZE-BO,B-ZG-UN,S-ZF-BR,B-ZO-UN,S-ZB-BR,S-ZC-UN,B-ZG-BR,B-ZB-BR,B-ZF-BR
46,2000.03.02 00:00,GBPJPY,60,86400,SELL,ZB,1,176.510,173.270,3240.0,174.400,169.350,5050.0,155.864,65.12,1130.0,764.6,174.400,173.270,168.220,BREAK,2000.03.07 19:00,0,,0,,0,,0,NA,NewYork,BOUNCE,2000.03.08 04:00,NA,,177.640,UNTOUCHED,,0,,0,,0,,0,NA,Other,NA,,NA,,172.140,BREAK,2000.03.02 00:00,0,,0,,0,,0,NA,Asia,BREAK,2000.03.02 01:00,BREAK,2000.03.02 13:00,175.530,UNTOUCHED,,0,,0,,0,,0,NA,Other,NA,,NA,,B-ZO-UN,S-ZF-BR,S-ZG-BR,S-ZO-BR,B-ZD-UN,B-ZE-UN,B-ZD-BO,B-ZF-BR,S-ZF-BR,S-ZG-BO,S-ZE-BO,B-ZG-UN,S-ZF-BR,B-ZO-UN,S-ZB-BR,S-ZC-UN,B-ZG-BR,B-ZB-BR,B-ZF-BR,B-ZO-UN
47,2000.03.03 00:00,GBPJPY,60,86400,SELL,ZE,1,174.400,169.350,5050.0,170.690,168.940,1750.0,34.653,73.47,1340.0,1191.8,170.690,169.350,167.600,BOUNCE,2000.03.07 19:00,1,2000.03.23 16:00,0,,0,,1,2w 1d,NewYork,NA,,NA,,175.740,UNTOUCHED,,0,,0,,0,,0,NA,Other,NA,,NA,,168.010,BREAK,2000.03.07 19:00,0,,0,,0,,0,NA,NewYork,BREAK,2000.03.14 09:00,BOUNCE,2000.03.15 09:00,172.030,UNTOUCHED,,0,,0,,0,,0,NA,Other,NA,,NA,,S-ZB-BR,B-ZO-UN,S-ZF-BR,S-ZG-BR,S-ZO-BR,B-ZD-UN,B-ZE-UN,B-ZD-BO,B-ZF-BR,S-ZF-BR,B-ZG-UN,S-ZF-BR,B-ZO-UN,S-ZB-BR,S-ZC-UN,B-ZG-BR,B-ZB-BR,B-ZF-BR,B-ZO-UN,S-ZB-BO
48,2000.03.04 00:00,GBPJPY,60,86400,BUY,ZG,0,170.690,168.940,1750.0,170.910,169.210,1700.0,97.143,15.43,1480.0,413.0,170.690,169.210,172.390,UNTOUCHED,,0,,0,,0,,0,NA,Other,NA,,NA,,167.460,BREAK,2000.03.07 19:00,0,,0,,0,,0,NA,NewYork,BREAK,2000.03.14 09:00,BOUNCE,2000.03.15 00:00,172.170,UNTOUCHED,,0,,0,,0,,0,NA,Other,NA,,NA,,167.730,BREAK,2000.03.07 19:00,0,,0,,0,,0,NA,NewYork,BREAK,2000.03.13 17:00,BREAK,2000.03.14 16:00,S-ZE-BO,S-ZB-BR,B-ZO-UN,S-ZF-BR,S-ZG-BR,S-ZO-BR,B-ZD-UN,B-ZE-UN,B-ZD-BO,B-ZF-BR,S-ZF-BR,B-ZO-UN,S-ZB-BR,S-ZC-UN,B-ZG-BR,B-ZB-BR,B-ZF-BR,B-ZO-UN,S-ZB-BO,S-ZG-BO
49,2000.03.08 00:00,GBPJPY,60,86400,SELL,ZF,1,170.470,168.620,1850.0,170.240,166.670,3570.0,192.973,12.43,1620.0,436.6,170.240,168.620,165.050,BREAK,2000.03.14 11:00,0,,0,,0,,0,NA,London,UNTOUCHED,,NA,,172.090,UNTOUCHED,,0,,0,,0,,0,NA,Other,NA,,NA,,167.000,BREAK,2000.03.13 04:00,0,,0,,0,,0,NA,Asia,BREAK,2000.03.14 11:00,BOUNCE,2000.04.03 02:00,171.860,UNTOUCHED,,0,,0,,0,,0,NA,Other,NA,,NA,,B-ZG-UN,S-ZE-BO,S-ZB-BR,B-ZO-UN,S-ZF-BR,S-ZG-BR,S-ZO-BR,B-ZD-UN,B-ZE-UN,B-ZD-BO,B-ZO-UN,S-ZB-BR,S-ZC-UN,B-ZG-BR,B-ZB-BR,B-ZF-BR,B-ZO-UN,S-ZB-BO,S-ZG-BO,S-ZH-BR
50,2000.03.10 00:00,GBPJPY,60,86400,BUY,ZO,0,169.840,167.470,2370.0,170.090,167.840,2250.0,94.937,15.61,2000.0,559.3,169.840,167.840,172.090,UNTOUCHED,,0,,0,,0,,0,NA,Other,NA,,NA,,165.470,BREAK,2000.03.14 09:00,0,,0,,0,,0,NA,London,UNTOUCHED,,NA,,171.840,UNTOUCHED,,0,,0,,0,,0,NA,Other,NA,,NA,,165.840,BREAK,2000.03.13 17:00,0,,0,,0,,0,NA,NewYork,BOUNCE,2000.04.03 03:00,NA,,S-ZF-BR,B-ZG-UN,S-ZE-BO,S-ZB-BR,B-ZO-UN,S-ZF-BR,S-ZG-BR,S-ZO-BR,B-ZD-UN,B-ZE-UN,S-ZB-BR,S-ZC-UN,B-ZG-BR,B-ZB-BR,B-ZF-BR,B-ZO-UN,S-ZB-BO,S-ZG-BO,S-ZH-BR,S-ZD-BR
51,2000.03.11 00:00,GBPJPY,60,86400,SELL,ZB,1,170.090,167.840,2250.0,168.870,167.260,1610.0,71.556,54.22,1030.0,531.0,168.870,167.840,166.230,BREAK,2000.03.13 13:00,0,,0,,0,,0,NA,NewYork,BREAK,2000.03.14 13:00,BREAK,2000.04.03 02:00,171.120,BOUNCE,2000.03.24 06:00,1,2000.03.27 22:00,1,2000.03.29 15:00,1,2000.03.31 13:00,3,1w 0d,Asia,NA,,NA,,166.810,BREAK,2000.03.13 04:00,0,,0,,0,,0,NA,Asia,BREAK,2000.03.14 10:00,BOUNCE,2000.03.14 23:00,169.900,BREAK,2000.03.23 16:00,0,,0,,0,,0,NA,NewYork,BOUNCE,2000.03.24 11:00,NA,,B-ZO-UN,S-ZF-BR,B-ZG-UN,S-ZE-BO,S-ZB-BR,B-ZO-UN,S-ZF-BR,S-ZG-BR,S-ZO-BR,B-ZD-UN,S-ZC-UN,B-ZG-BR,B-ZB-BR,B-ZF-BR,B-ZO-UN,S-ZB-BO,S-ZG-BO,S-ZH-BR,S-ZD-BR,B-ZG-BR
52,2000.03.15 00:00,GBPJPY,60,86400,SELL,ZC,1,168.140,165.830,2310.0,167.250,164.240,3010.0,130.303,38.53,1420.0,545.2,167.250,165.830,162.820,UNTOUCHED,,0,,0,,0,,0,NA,Other,NA,,NA,,169.560,BREAK,2000.03.23 04:00,0,,0,,0,,0,NA,Asia,BOUNCE,2000.03.24 11:00,NA,,164.410,BREAK,2000.04.03 01:00,0,,0,,0,,0,NA,Asia,BREAK,2000.05.11 14:00,BREAK,2000.05.18 14:00,168.670,BREAK,2000.03.22 21:00,0,,0,,0,,0,NA,Other,BREAK,2000.03.23 21:00,UNTOUCHED,,S-ZB-BR,B-ZO-UN,S-ZF-BR,B-ZG-UN,S-ZE-BO,S-ZB-BR,B-ZO-UN,S-ZF-BR,S-ZG-BR,S-ZO-BR,B-ZG-BR,B-ZB-BR,B-ZF-BR,B-ZO-UN,S-ZB-BO,S-ZG-BO,S-ZH-BR,S-ZD-BR,B-ZG-BR,B-ZB-BO
53,2000.03.16 00:00,GBPJPY,60,86400,BUY,ZG,0,167.250,164.240,3010.0,167.270,164.930,2340.0,77.741,22.92,2320.0,710.4,167.250,164.930,169.590,BREAK,2000.03.23 04:00,0,,0,,0,,0,NA,Asia,UNTOUCHED,,NA,,161.920,UNTOUCHED,,0,,0,,0,,0,NA,Other,NA,,NA,,169.570,BREAK,2000.03.23 04:00,0,,0,,0,,0,NA,Asia,UNTOUCHED,,NA,,162.610,UNTOUCHED,,0,,0,,0,,0,NA,Other,NA,,NA,,S-ZC-UN,S-ZB-BR,B-ZO-UN,S-ZF-BR,B-ZG-UN,S-ZE-BO,S-ZB-BR,B-ZO-UN,S-ZF-BR,S-ZG-BR,B-ZB-BR,B-ZF-BR,B-ZO-UN,S-ZB-BO,S-ZG-BO,S-ZH-BR,S-ZD-BR,B-ZG-BR,B-ZB-BO,S-ZF-BO
54,2000.03.18 00:00,GBPJPY,60,86400,BUY,ZB,1,166.630,164.990,1640.0,168.120,165.820,2300.0,140.244,50.61,810.0,387.0,166.630,165.820,168.930,BREAK,2000.03.22 21:00,0,,0,,0,,0,NA,Other,BREAK,2000.03.23 16:00,BREAK,2000.03.24 06:00,164.180,BREAK,2000.04.03 02:00,0,,0,,0,,0,NA,Asia,BOUNCE,2000.05.11 13:00,NA,,167.440,BREAK,2000.03.18 00:00,0,,0,,0,,0,NA,Asia,BOUNCE,2000.03.20 05:00,NA,,165.010,BOUNCE,2000.03.31 14:00,1,2000.03.31 15:00,1,2000.03.31 15:00,0,,2,1h,NewYork,NA,,NA,,B-ZG-BR,S-ZC-UN,S-ZB-BR,B-ZO-UN,S-ZF-BR,B-ZG-UN,S-ZE-BO,S-ZB-BR,B-ZO-UN,S-ZF-BR,B-ZF-BR,B-ZO-UN,S-ZB-BO,S-ZG-BO,S-ZH-BR,S-ZD-BR,B-ZG-BR,B-ZB-BO,S-ZF-BO,B-ZH-BR
55,2000.03.23 00:00,GBPJPY,60,86400,BUY,ZF,0,168.630,166.610,2020.0,169.040,166.750,2290.0,113.366,6.93,1880.0,476.7,168.630,166.750,170.920,BREAK,2000.03.24 04:00,0,,0,,0,,0,NA,Asia,UNTOUCHED,,NA,,164.730,BREAK,2000.04.03 01:00,0,,0,,0,,0,NA,Asia,BREAK,2000.05.11 14:00,BREAK,2000.05.19 08:00,170.510,BREAK,2000.03.23 21:00,0,,0,,0,,0,NA,Other,UNTOUCHED,,NA,,164.870,BOUNCE,2000.03.31 15:00,1,2000.03.31 16:00,1,2000.03.31 16:00,0,,2,1h,NewYork,NA,,NA,,B-ZB-BR,B-ZG-BR,S-ZC-UN,S-ZB-BR,B-ZO-UN,S-ZF-BR,B-ZG-UN,S-ZE-BO,S-ZB-BR,B-ZO-UN,B-ZO-UN,S-ZB-BO,S-ZG-BO,S-ZH-BR,S-ZD-BR,B-ZG-BR,B-ZB-BO,S-ZF-BO,B-ZH-BR,B-ZH-BO
56,2000.03.25 00:00,GBPJPY,60,86400,BUY,ZO,0,170.680,168.710,1970.0,171.150,169.400,1750.0,88.832,35.03,1280.0,464.9,170.680,169.400,172.430,UNTOUCHED,,0,,0,,0,,0,NA,Other,NA,,NA,,167.430,BREAK,2000.03.29 13:00,0,,0,,0,,0,NA,NewYork,BREAK,2000.03.31 13:00,BOUNCE,2000.03.31 15:00,171.960,UNTOUCHED,,0,,0,,0,,0,NA,Other,NA,,NA,,168.120,BOUNCE,2000.03.28 17:00,0,,0,,0,,0,NA,NewYork,NA,,NA,,B-ZF-BR,B-ZB-BR,B-ZG-BR,S-ZC-UN,S-ZB-BR,B-ZO-UN,S-ZF-BR,B-ZG-UN,S-ZE-BO,S-ZB-BR,S-ZB-BO,S-ZG-BO,S-ZH-BR,S-ZD-BR,B-ZG-BR,B-ZB-BO,S-ZF-BO,B-ZH-BR,B-ZH-BO,B-ZE-BO
57,2000.03.29 00:00,GBPJPY,60,86400,SELL,ZB,1,171.450,169.010,2440.0,169.800,167.760,2040.0,83.607,67.62,790.0,575.8,169.800,169.010,166.970,BOUNCE,2000.03.29 15:00,1,2000.03.30 00:00,1,2000.03.31 14:00,0,,2,1d 23h,NewYork,NA,,NA,,172.240,UNTOUCHED,,0,,0,,0,,0,NA,Other,NA,,NA,,168.220,BOUNCE,2000.03.29 00:00,1,2000.03.31 14:00,0,,0,,1,2d 14h,Asia,NA,,NA,,170.590,BREAK,2000.03.31 14:00,0,,0,,0,,0,NA,NewYork,BOUNCE,2000.03.31 15:00,NA,,B-ZO-UN,B-ZF-BR,B-ZB-BR,B-ZG-BR,S-ZC-UN,S-ZB-BR,B-ZO-UN,S-ZF-BR,B-ZG-UN,S-ZE-BO,S-ZG-BO,S-ZH-BR,S-ZD-BR,B-ZG-BR,B-ZB-BO,S-ZF-BO,B-ZH-BR,B-ZH-BO,B-ZE-BO,B-ZO-BO
58,2000.03.30 00:00,GBPJPY,60,86400,SELL,ZG,0,169.800,167.760,2040.0,169.400,166.600,2800.0,137.255,19.61,1640.0,481.4,169.400,167.760,164.960,BOUNCE,2000.03.31 14:00,1,2000.03.31 15:00,1,2000.03.31 15:00,0,,2,1h,NewYork,NA,,NA,,171.440,UNTOUCHED,,0,,0,,0,,0,NA,Other,NA,,NA,,166.120,BREAK,2000.03.31 13:00,0,,0,,0,,0,NA,NewYork,BREAK,2000.04.03 02:00,BREAK,2000.05.11 14:00,171.040,BOUNCE,2000.03.31 14:00,1,2000.03.31 15:00,1,2000.03.31 15:00,0,,2,1h,NewYork,NA,,NA,,S-ZB-BO,B-ZO-UN,B-ZF-BR,B-ZB-BR,B-ZG-BR,S-ZC-UN,S-ZB-BR,B-ZO-UN,S-ZF-BR,B-ZG-UN,S-ZH-BR,S-ZD-BR,B-ZG-BR,B-ZB-BO,S-ZF-BO,B-ZH-BR,B-ZH-BO,B-ZE-BO,B-ZO-BO,B-ZO-BO
59,2000.04.06 00:00,GBPJPY,60,86400,SELL,ZH,1,168.910,167.140,1770.0,168.580,165.970,2610.0,147.458,18.64,1440.0,417.7,168.580,167.140,164.530,BREAK,2000.04.17 10:00,0,,0,,0,,0,NA,London,BOUNCE,2000.05.11 13:00,NA,,170.350,BREAK,2000.05.02 15:00,0,,0,,0,,0,NA,NewYork,UNTOUCHED,,NA,,165.700,BREAK,2000.04.06 11:00,0,,0,,0,,0,NA,London,BOUNCE,2000.04.19 19:00,NA,,170.020,BOUNCE,2000.04.12 01:00,1,2000.04.17 01:00,1,2000.04.17 01:00,0,,2,5d 0h,Asia,NA,,NA,,S-ZG-BO,S-ZB-BO,B-ZO-UN,B-ZF-BR,B-ZB-BR,B-ZG-BR,S-ZC-UN,S-ZB-BR,B-ZO-UN,S-ZF-BR,S-ZD-BR,B-ZG-BR,B-ZB-BO,S-ZF-BO,B-ZH-BR,B-ZH-BO,B-ZE-BO,B-ZO-BO,B-ZO-BO,B-ZC-UN
60,2000.04.07 00:00,GBPJPY,60,86400,SELL,ZD,1,168.580,165.970,2610.0,167.030,165.090,1940.0,74.330,59.39,1060.0,616.0,167.030,165.970,164.030,BREAK,2000.05.11 13:00,0,,0,,0,,0,NA,NewYork,BREAK,2000.05.11 14:00,BREAK,2000.05.18 14:00,169.640,BOUNCE,2000.04.11 11:00,1,2000.04.12 10:00,1,2000.04.17 09:00,1,2000.05.11 13:00,3,4w 2d,London,NA,,NA,,164.910,BREAK,2000.04.17 09:00,0,,0,,0,,0,NA,London,BREAK,2000.05.11 13:00,BREAK,2000.05.12 02:00,168.090,BREAK,2000.04.10 11:00,0,,0,,0,,0,NA,London,BREAK,2000.04.11 11:00,BOUNCE,2000.05.02 19:00,S-ZH-BR,S-ZG-BO,S-ZB-BO,B-ZO-UN,B-ZF-BR,B-ZB-BR,B-ZG-BR,S-ZC-UN,S-ZB-BR,B-ZO-UN,B-ZG-BR,B-ZB-BO,S-ZF-BO,B-ZH-BR,B-ZH-BO,B-ZE-BO,B-ZO-BO,B-ZO-BO,B-ZC-UN,B-ZG-UN
61,2000.04.08 00:00,GBPJPY,60,86400,BUY,ZG,0,167.030,165.090,1940.0,167.110,165.330,1780.0,91.753,12.37,1700.0,457.8,167.030,165.330,168.810,BREAK,2000.04.10 16:00,0,,0,,0,,0,NA,NewYork,BOUNCE,2000.05.04 13:00,NA,,163.390,BREAK,2000.05.11 13:00,0,,0,,0,,0,NA,NewYork,BREAK,2000.05.18 14:00,BREAK,2000.05.19 10:00,168.730,BREAK,2000.04.10 15:00,0,,0,,0,,0,NA,NewYork,BOUNCE,2000.05.04 14:00,NA,,163.630,BREAK,2000.05.11 13:00,0,,0,,0,,0,NA,NewYork,BREAK,2000.05.18 14:00,BREAK,2000.05.19 09:00,S-ZD-BR,S-ZH-BR,S-ZG-BO,S-ZB-BO,B-ZO-UN,B-ZF-BR,B-ZB-BR,B-ZG-BR,S-ZC-UN,S-ZB-BR,B-ZB-BO,S-ZF-BO,B-ZH-BR,B-ZH-BO,B-ZE-BO,B-ZO-BO,B-ZO-BO,B-ZC-UN,B-ZG-UN,B-ZE-UN
62,2000.04.12 00:00,GBPJPY,60,86400,BUY,ZB,1,169.200,166.110,3090.0,169.980,168.390,1590.0,51.456,73.79,810.0,729.2,169.200,168.390,170.790,BOUNCE,2000.05.03 16:00,1,2000.05.04 13:00,1,2000.05.04 14:00,1,2000.05.05 10:00,3,1d 18h,NewYork,NA,,NA,,165.300,BOUNCE,2000.04.17 01:00,1,2000.04.17 03:00,1,2000.05.02 13:00,1,2000.05.03 16:00,3,2w 2d,Asia,NA,,NA,,170.010,BOUNCE,2000.04.12 01:00,1,2000.04.12 10:00,1,2000.04.17 01:00,0,,2,5d 0h,Asia,NA,,NA,,167.580,BOUNCE,2000.04.12 10:00,1,2000.05.02 13:00,1,2000.05.02 13:00,0,,2,2w 6d,London,NA,,NA,,B-ZG-BR,S-ZD-BR,S-ZH-BR,S-ZG-BO,S-ZB-BO,B-ZO-UN,B-ZF-BR,B-ZB-BR,B-ZG-BR,S-ZC-UN,S-ZF-BO,B-ZH-BR,B-ZH-BO,B-ZE-BO,B-ZO-BO,B-ZO-BO,B-ZC-UN,B-ZG-UN,B-ZE-UN,S-ZF-BR
63,2000.04.15 00:00,GBPJPY,60,86400,SELL,ZF,1,168.590,167.560,1030.0,168.500,166.130,2370.0,230.097,8.74,940.0,243.1,168.500,167.560,165.190,BOUNCE,2000.04.17 01:00,1,2000.04.20 20:00,1,2000.05.01 18:00,1,2000.05.01 19:00,3,2w 0d,Asia,NA,,NA,,169.530,BOUNCE,2000.05.01 19:00,1,2000.05.04 14:00,1,2000.05.05 07:00,1,2000.05.05 10:00,3,3d 15h,NewYork,NA,,NA,,166.620,BREAK,2000.04.15 00:00,0,,0,,0,,0,NA,Asia,BREAK,2000.04.17 01:00,BREAK,2000.04.17 10:00,169.440,BOUNCE,2000.05.01 18:00,1,2000.05.05 07:00,1,2000.05.05 07:00,0,,2,3d 13h,NewYork,NA,,NA,,B-ZB-BO,B-ZG-BR,S-ZD-BR,S-ZH-BR,S-ZG-BO,S-ZB-BO,B-ZO-UN,B-ZF-BR,B-ZB-BR,B-ZG-BR,B-ZH-BR,B-ZH-BO,B-ZE-BO,B-ZO-BO,B-ZO-BO,B-ZC-UN,B-ZG-UN,B-ZE-UN,S-ZF-BR,S-ZD-BR
64,2000.04.20 01:00,GBPJPY,60,86400,BUY,ZH,0,165.650,164.260,1390.0,165.900,164.660,1240.0,89.209,28.78,990.0,328.0,165.650,164.660,166.890,BREAK,2000.04.20 20:00,0,,0,,0,,0,NA,NewYork,BREAK,2000.04.25 23:00,BREAK,2000.04.28 18:00,163.270,BOUNCE,2000.05.11 13:00,1,2000.05.12 17:00,0,,0,,1,1d 4h,NewYork,NA,,NA,,166.640,BREAK,2000.04.20 19:00,0,,0,,0,,0,NA,NewYork,BREAK,2000.04.25 23:00,BOUNCE,2000.04.26 19:00,163.670,BREAK,2000.05.11 13:00,0,,0,,0,,0,NA,NewYork,BREAK,2000.05.11 14:00,BREAK,2000.05.18 14:00,S-ZF-BO,B-ZB-BO,B-ZG-BR,S-ZD-BR,S-ZH-BR,S-ZG-BO,S-ZB-BO,B-ZO-UN,B-ZF-BR,B-ZB-BR,B-ZH-BO,B-ZE-BO,B-ZO-BO,B-ZO-BO,B-ZC-UN,B-ZG-UN,B-ZE-UN,S-ZF-BR,S-ZD-BR,S-ZO-BR
65,2000.04.21 00:00,GBPJPY,60,86400,BUY,ZH,1,165.900,164.660,1240.0,167.250,164.980,2270.0,183.065,25.81,920.0,292.6,165.900,164.980,168.170,BOUNCE,2000.04.25 23:00,1,2000.05.05 07:00,1,2000.05.11 13:00,1,2000.05.11 13:00,3,2w 1d,Other,NA,,NA,,163.740,BREAK,2000.05.11 13:00,0,,0,,0,,0,NA,NewYork,BREAK,2000.05.11 14:00,BOUNCE,2000.05.18 11:00,166.820,BREAK,2000.04.21 00:00,0,,0,,0,,0,NA,Asia,BREAK,2000.04.25 23:00,BREAK,2000.04.28 17:00,164.060,BREAK,2000.05.11 13:00,0,,0,,0,,0,NA,NewYork,BREAK,2000.05.11 14:00,BOUNCE,2000.05.12 05:00,B-ZH-BR,S-ZF-BO,B-ZB-BO,B-ZG-BR,S-ZD-BR,S-ZH-BR,S-ZG-BO,S-ZB-BO,B-ZO-UN,B-ZF-BR,B-ZE-BO,B-ZO-BO,B-ZO-BO,B-ZC-UN,B-ZG-UN,B-ZE-UN,S-ZF-BR,S-ZD-BR,S-ZO-BR,S-ZG-BR
66,2000.04.22 00:00,GBPJPY,60,86400,BUY,ZE,1,167.250,164.980,2270.0,167.490,166.590,900.0,39.648,70.93,660.0,535.7,167.250,166.590,168.150,BOUNCE,2000.04.25 23:00,1,2000.04.26 07:00,1,2000.05.05 09:00,1,2000.05.11 12:00,3,2w 1d,Other,NA,,NA,,164.320,BOUNCE,2000.05.11 12:00,1,2000.05.15 01:00,0,,0,,1,3d 13h,London,NA,,NA,,167.910,BREAK,2000.04.25 23:00,0,,0,,0,,0,NA,Other,BOUNCE,2000.04.26 19:00,NA,,165.930,BREAK,2000.05.05 09:00,0,,0,,0,,0,NA,London,BREAK,2000.05.05 11:00,BREAK,2000.05.11 13:00,B-ZH-BO,B-ZH-BR,S-ZF-BO,B-ZB-BO,B-ZG-BR,S-ZD-BR,S-ZH-BR,S-ZG-BO,S-ZB-BO,B-ZO-UN,B-ZO-BO,B-ZO-BO,B-ZC-UN,B-ZG-UN,B-ZE-UN,S-ZF-BR,S-ZD-BR,S-ZO-BR,S-ZG-BR,S-ZB-BO
67,2000.04.27 00:00,GBPJPY,60,86400,BUY,ZO,0,168.300,165.970,2330.0,168.630,166.590,2040.0,87.554,26.61,1710.0,549.9,168.300,166.590,170.340,BOUNCE,2000.05.02 15:00,1,2000.05.04 15:00,1,2000.05.05 10:00,1,2000.05.11 12:00,3,1w 1d,NewYork,NA,,NA,,164.260,BREAK,2000.05.11 12:00,0,,0,,0,,0,NA,London,BREAK,2000.05.12 02:00,BREAK,2000.05.19 09:00,170.010,BREAK,2000.05.02 14:00,0,,0,,0,,0,NA,NewYork,UNTOUCHED,,NA,,164.880,BOUNCE,2000.05.05 10:00,0,,0,,0,,0,NA,London,NA,,NA,,B-ZE-BO,B-ZH-BO,B-ZH-BR,S-ZF-BO,B-ZB-BO,B-ZG-BR,S-ZD-BR,S-ZH-BR,S-ZG-BO,S-ZB-BO,B-ZO-BO,B-ZC-UN,B-ZG-UN,B-ZE-UN,S-ZF-BR,S-ZD-BR,S-ZO-BR,S-ZG-BR,S-ZB-BO,S-ZB-BR
68,2000.04.29 00:00,GBPJPY,60,86400,BUY,ZO,1,167.990,166.660,1330.0,169.210,166.750,2460.0,184.962,6.77,1240.0,313.9,167.990,166.750,170.450,BOUNCE,2000.05.02 15:00,1,2000.05.04 14:00,1,2000.05.05 10:00,1,2000.05.05 10:00,3,2d 19h,NewYork,NA,,NA,,165.420,BREAK,2000.05.05 10:00,0,,0,,0,,0,NA,London,BREAK,2000.05.11 13:00,BREAK,2000.05.11 14:00,169.230,BREAK,2000.05.01 18:00,0,,0,,0,,0,NA,NewYork,BOUNCE,2000.05.02 18:00,NA,,165.510,BREAK,2000.05.05 10:00,0,,0,,0,,0,NA,London,BREAK,2000.05.11 13:00,BREAK,2000.05.11 14:00,B-ZO-BO,B-ZE-BO,B-ZH-BO,B-ZH-BR,S-ZF-BO,B-ZB-BO,B-ZG-BR,S-ZD-BR,S-ZH-BR,S-ZG-BO,B-ZC-UN,B-ZG-UN,B-ZE-UN,S-ZF-BR,S-ZD-BR,S-ZO-BR,S-ZG-BR,S-ZB-BO,S-ZB-BR,S-ZF-UN
69,2000.05.03 00:00,GBPJPY,60,86400,BUY,ZC,1,169.600,167.290,2310.0,170.590,168.450,2140.0,92.641,50.22,1150.0,545.2,169.600,168.450,171.740,UNTOUCHED,,0,,0,,0,,0,NA,Other,NA,,NA,,166.140,BREAK,2000.05.05 09:00,0,,0,,0,,0,NA,London,BOUNCE,2000.05.05 13:00,NA,,170.750,BOUNCE,2000.05.03 15:00,1,2000.05.04 15:00,1,2000.05.05 09:00,0,,2,1d 18h,NewYork,NA,,NA,,167.300,BREAK,2000.05.04 15:00,0,,0,,0,,0,NA,NewYork,BREAK,2000.05.05 09:00,BOUNCE,2000.05.05 13:00,B-ZO-BO,B-ZO-BO,B-ZE-BO,B-ZH-BO,B-ZH-BR,S-ZF-BO,B-ZB-BO,B-ZG-BR,S-ZD-BR,S-ZH-BR,B-ZG-UN,B-ZE-UN,S-ZF-BR,S-ZD-BR,S-ZO-BR,S-ZG-BR,S-ZB-BO,S-ZB-BR,S-ZF-UN,S-ZO-UN
70,2000.05.04 00:00,GBPJPY,60,86400,BUY,ZG,0,170.590,168.450,2140.0,170.840,169.040,1800.0,84.112,27.57,1550.0,505.0,170.590,169.040,172.390,UNTOUCHED,,0,,0,,0,,0,NA,Other,NA,,NA,,166.900,BREAK,2000.05.04 15:00,0,,0,,0,,0,NA,NewYork,BREAK,2000.05.05 10:00,BREAK,2000.05.11 13:00,172.140,UNTOUCHED,,0,,0,,0,,0,NA,Other,NA,,NA,,167.490,BREAK,2000.05.04 14:00,0,,0,,0,,0,NA,NewYork,BREAK,2000.05.05 10:00,BREAK,2000.05.11 13:00,B-ZC-UN,B-ZO-BO,B-ZO-BO,B-ZE-BO,B-ZH-BO,B-ZH-BR,S-ZF-BO,B-ZB-BO,B-ZG-BR,S-ZD-BR,B-ZE-UN,S-ZF-BR,S-ZD-BR,S-ZO-BR,S-ZG-BR,S-ZB-BO,S-ZB-BR,S-ZF-UN,S-ZO-UN,B-ZE-BR
71,2000.05.10 00:00,GBPJPY,60,86400,BUY,ZE,1,167.290,165.740,1550.0,168.080,166.390,1690.0,109.032,41.94,900.0,365.8,167.290,166.390,168.980,UNTOUCHED,,0,,0,,0,,0,NA,Other,NA,,NA,,164.840,BOUNCE,2000.05.11 03:00,0,,0,,0,,0,NA,Asia,NA,,NA,,168.190,UNTOUCHED,,0,,0,,0,,0,NA,Other,NA,,NA,,165.490,BOUNCE,2000.05.10 16:00,0,,0,,0,,0,NA,NewYork,NA,,NA,,B-ZG-UN,B-ZC-UN,B-ZO-BO,B-ZO-BO,B-ZE-BO,B-ZH-BO,B-ZH-BR,S-ZF-BO,B-ZB-BO,B-ZG-BR,S-ZF-BR,S-ZD-BR,S-ZO-BR,S-ZG-BR,S-ZB-BO,S-ZB-BR,S-ZF-UN,S-ZO-UN,B-ZE-BR,B-ZC-BR
72,2000.05.11 00:00,GBPJPY,60,86400,SELL,ZF,1,168.080,166.390,1690.0,167.980,165.090,2890.0,171.006,5.92,1590.0,398.8,167.980,166.390,163.500,BREAK,2000.05.11 13:00,0,,0,,0,,0,NA,NewYork,BREAK,2000.05.18 14:00,BREAK,2000.05.19 09:00,169.670,UNTOUCHED,,0,,0,,0,,0,NA,Other,NA,,NA,,164.800,BREAK,2000.05.11 12:00,0,,0,,0,,0,NA,London,BREAK,2000.05.11 14:00,BREAK,2000.05.18 14:00,169.570,UNTOUCHED,,0,,0,,0,,0,NA,Other,NA,,NA,,B-ZE-UN,B-ZG-UN,B-ZC-UN,B-ZO-BO,B-ZO-BO,B-ZE-BO,B-ZH-BO,B-ZH-BR,S-ZF-BO,B-ZB-BO,S-ZD-BR,S-ZO-BR,S-ZG-BR,S-ZB-BO,S-ZB-BR,S-ZF-UN,S-ZO-UN,B-ZE-BR,B-ZC-BR,B-ZF-PE
73,2000.05.12 00:00,GBPJPY,60,86400,SELL,ZD,1,167.980,165.090,2890.0,166.320,162.200,4120.0,142.561,57.44,1230.0,682.0,166.320,165.090,160.970,BREAK,2000.05.18 15:00,0,,0,,0,,0,NA,NewYork,BREAK,2000.05.19 11:00,BOUNCE,2000.05.19 15:00,169.210,UNTOUCHED,,0,,0,,0,,0,NA,Other,NA,,NA,,163.860,BREAK,2000.05.12 00:00,0,,0,,0,,0,NA,Asia,BOUNCE,2000.05.12 11:00,NA,,167.550,UNTOUCHED,,0,,0,,0,,0,NA,Other,NA,,NA,,S-ZF-BR,B-ZE-UN,B-ZG-UN,B-ZC-UN,B-ZO-BO,B-ZO-BO,B-ZE-BO,B-ZH-BO,B-ZH-BR,S-ZF-BO,S-ZO-BR,S-ZG-BR,S-ZB-BO,S-ZB-BR,S-ZF-UN,S-ZO-UN,B-ZE-BR,B-ZC-BR,B-ZF-PE,B-ZG-UN
74,2000.05.13 00:00,GBPJPY,60,86400,SELL,ZO,0,166.320,162.200,4120.0,165.320,161.960,3360.0,81.553,24.27,3120.0,972.3,165.320,162.200,158.840,BREAK,2000.05.19 15:00,0,,0,,0,,0,NA,NewYork,UNTOUCHED,,NA,,169.440,UNTOUCHED,,0,,0,,0,,0,NA,Other,NA,,NA,,159.080,BREAK,2000.05.19 11:00,0,,0,,0,,0,NA,London,UNTOUCHED,,NA,,168.440,UNTOUCHED,,0,,0,,0,,0,NA,Other,NA,,NA,,S-ZD-BR,S-ZF-BR,B-ZE-UN,B-ZG-UN,B-ZC-UN,B-ZO-BO,B-ZO-BO,B-ZE-BO,B-ZH-BO,B-ZH-BR,S-ZG-BR,S-ZB-BO,S-ZB-BR,S-ZF-UN,S-ZO-UN,B-ZE-BR,B-ZC-BR,B-ZF-PE,B-ZG-UN,S-ZF-BO
75,2000.05.18 00:00,GBPJPY,60,86400,SELL,ZG,0,164.790,162.880,1910.0,164.220,162.860,1360.0,71.204,29.84,1340.0,450.8,164.220,162.880,161.520,BREAK,2000.05.18 14:00,0,,0,,0,,0,NA,NewYork,BREAK,2000.05.19 09:00,BREAK,2000.05.19 16:00,166.130,UNTOUCHED,,0,,0,,0,,0,NA,Other,NA,,NA,,161.540,BREAK,2000.05.18 14:00,0,,0,,0,,0,NA,NewYork,BREAK,2000.05.19 09:00,BREAK,2000.05.19 16:00,165.560,UNTOUCHED,,0,,0,,0,,0,NA,Other,NA,,NA,,S-ZO-BR,S-ZD-BR,S-ZF-BR,B-ZE-UN,B-ZG-UN,B-ZC-UN,B-ZO-BO,B-ZO-BO,B-ZE-BO,B-ZH-BO,S-ZB-BO,S-ZB-BR,S-ZF-UN,S-ZO-UN,B-ZE-BR,B-ZC-BR,B-ZF-PE,B-ZG-UN,S-ZF-BO,S-ZC-BR
76,2000.05.19 00:00,GBPJPY,60,86400,SELL,ZB,1,164.220,162.860,1360.0,163.650,160.620,3030.0,222.794,41.91,790.0,321.0,163.650,162.860,159.830,BOUNCE,2000.05.19 09:00,1,2000.05.31 18:00,0,,0,,1,1w 5d,London,NA,,NA,,165.010,UNTOUCHED,,0,,0,,0,,0,NA,Other,NA,,NA,,162.070,BREAK,2000.05.19 00:00,0,,0,,0,,0,NA,Asia,BREAK,2000.05.19 01:00,BREAK,2000.05.19 09:00,164.440,UNTOUCHED,,0,,0,,0,,0,NA,Other,NA,,NA,,S-ZG-BR,S-ZO-BR,S-ZD-BR,S-ZF-BR,B-ZE-UN,B-ZG-UN,B-ZC-UN,B-ZO-BO,B-ZO-BO,B-ZE-BO,S-ZB-BR,S-ZF-UN,S-ZO-UN,B-ZE-BR,B-ZC-BR,B-ZF-PE,B-ZG-UN,S-ZF-BO,S-ZC-BR,S-ZB-BR
77,2000.05.20 00:00,GBPJPY,60,86400,SELL,ZB,1,163.650,160.620,3030.0,161.350,158.150,3200.0,105.611,75.91,730.0,715.1,161.350,160.620,157.420,BREAK,2000.05.23 18:00,0,,0,,0,,0,NA,NewYork,BOUNCE,2000.05.24 11:00,NA,,164.380,UNTOUCHED,,0,,0,,0,,0,NA,Other,NA,,NA,,159.890,BREAK,2000.05.20 00:00,0,,0,,0,,0,NA,Asia,BOUNCE,2000.05.22 17:00,NA,,162.080,BREAK,2000.06.01 04:00,0,,0,,0,,0,NA,Asia,BOUNCE,2000.06.01 17:00,NA,,S-ZB-BO,S-ZG-BR,S-ZO-BR,S-ZD-BR,S-ZF-BR,B-ZE-UN,B-ZG-UN,B-ZC-UN,B-ZO-BO,B-ZO-BO,S-ZF-UN,S-ZO-UN,B-ZE-BR,B-ZC-BR,B-ZF-PE,B-ZG-UN,S-ZF-BO,S-ZC-BR,S-ZB-BR,B-ZF-BR
78,2000.05.24 00:00,GBPJPY,60,86400,SELL,ZF,1,160.170,158.540,1630.0,160.120,156.990,3130.0,192.025,3.07,1580.0,384.7,160.120,158.540,155.410,UNTOUCHED,,0,,0,,0,,0,NA,Other,NA,,NA,,161.750,BREAK,2000.05.31 23:00,0,,0,,0,,0,NA,Other,BREAK,2000.06.05 20:00,UNTOUCHED,,156.960,BREAK,2000.05.24 03:00,0,,0,,0,,0,NA,Asia,UNTOUCHED,,NA,,161.700,BREAK,2000.05.31 20:00,0,,0,,0,,0,NA,NewYork,BREAK,2000.06.05 20:00,UNTOUCHED,,S-ZB-BR,S-ZB-BO,S-ZG-BR,S-ZO-BR,S-ZD-BR,S-ZF-BR,B-ZE-UN,B-ZG-UN,B-ZC-UN,B-ZO-BO,S-ZO-UN,B-ZE-BR,B-ZC-BR,B-ZF-PE,B-ZG-UN,S-ZF-BO,S-ZC-BR,S-ZB-BR,B-ZF-BR,B-ZO-BR
79,2000.05.25 00:00,GBPJPY,60,86400,SELL,ZO,0,160.120,156.990,3130.0,159.410,156.450,2960.0,94.569,22.68,2420.0,738.7,159.410,156.990,154.030,UNTOUCHED,,0,,0,,0,,0,NA,Other,NA,,NA,,162.540,BREAK,2000.06.01 08:00,0,,0,,0,,0,NA,London,UNTOUCHED,,NA,,154.570,UNTOUCHED,,0,,0,,0,,0,NA,Other,NA,,NA,,161.830,BREAK,2000.05.31 23:00,0,,0,,0,,0,NA,Other,PENDING,,NA,,S-ZF-UN,S-ZB-BR,S-ZB-BO,S-ZG-BR,S-ZO-BR,S-ZD-BR,S-ZF-BR,B-ZE-UN,B-ZG-UN,B-ZC-UN,B-ZE-BR,B-ZC-BR,B-ZF-PE,B-ZG-UN,S-ZF-BO,S-ZC-BR,S-ZB-BR,B-ZF-BR,B-ZO-BR,S-ZD-BO
80,2000.05.26 00:00,GBPJPY,60,86400,BUY,ZE,1,159.410,156.450,2960.0,159.800,157.590,2210.0,74.662,38.51,1820.0,698.6,159.410,157.590,161.620,BREAK,2000.05.31 19:00,0,,0,,0,,0,NA,NewYork,BOUNCE,2000.06.06 13:00,NA,,154.630,UNTOUCHED,,0,,0,,0,,0,NA,Other,NA,,NA,,161.230,BREAK,2000.05.31 17:00,0,,0,,0,,0,NA,NewYork,BREAK,2000.06.05 20:00,UNTOUCHED,,155.770,UNTOUCHED,,0,,0,,0,,0,NA,Other,NA,,NA,,S-ZO-UN,S-ZF-UN,S-ZB-BR,S-ZB-BO,S-ZG-BR,S-ZO-BR,S-ZD-BR,S-ZF-BR,B-ZE-UN,B-ZG-UN,B-ZC-BR,B-ZF-PE,B-ZG-UN,S-ZF-BO,S-ZC-BR,S-ZB-BR,B-ZF-BR,B-ZO-BR,S-ZD-BO,S-ZO-BR
81,2000.05.30 00:00,GBPJPY,60,86400,BUY,ZC,1,159.650,157.770,1880.0,160.250,158.970,1280.0,68.085,63.83,680.0,443.7,159.650,158.970,160.930,BREAK,2000.05.31 16:00,0,,0,,0,,0,NA,NewYork,BREAK,2000.06.01 02:00,BREAK,2000.06.01 10:00,157.090,BREAK,2000.06.23 11:00,0,,0,,0,,0,NA,London,BOUNCE,2000.06.23 19:00,NA,,160.330,BOUNCE,2000.05.30 09:00,1,2000.06.21 14:00,1,2000.06.23 11:00,0,,2,3w 3d,London,NA,,NA,,158.290,BREAK,2000.06.21 14:00,0,,0,,0,,0,NA,NewYork,BOUNCE,2000.06.21 19:00,NA,,B-ZE-BR,S-ZO-UN,S-ZF-UN,S-ZB-BR,S-ZB-BO,S-ZG-BR,S-ZO-BR,S-ZD-BR,S-ZF-BR,B-ZE-UN,B-ZF-PE,B-ZG-UN,S-ZF-BO,S-ZC-BR,S-ZB-BR,B-ZF-BR,B-ZO-BR,S-ZD-BO,S-ZO-BR,S-ZC-BR
82,2000.06.01 00:00,GBPJPY,60,86400,BUY,ZF,1,160.700,158.760,1940.0,161.970,158.880,3090.0,159.278,6.19,1820.0,457.8,160.700,158.880,163.790,PENDING,2000.07.12 16:00,0,,0,,0,,0,NA,NewYork,NA,,NA,,156.940,BREAK,2000.06.23 11:00,0,,0,,0,,0,NA,London,UNTOUCHED,,NA,,162.520,BREAK,2000.06.01 08:00,0,,0,,0,,0,NA,London,PENDING,,NA,,157.060,BREAK,2000.06.23 11:00,0,,0,,0,,0,NA,London,UNTOUCHED,,NA,,B-ZC-BR,B-ZE-BR,S-ZO-UN,S-ZF-UN,S-ZB-BR,S-ZB-BO,S-ZG-BR,S-ZO-BR,S-ZD-BR,S-ZF-BR,B-ZG-UN,S-ZF-BO,S-ZC-BR,S-ZB-BR,B-ZF-BR,B-ZO-BR,S-ZD-BO,S-ZO-BR,S-ZC-BR,S-ZF-UN
83,2000.06.03 00:00,GBPJPY,60,86400,BUY,ZG,0,163.100,161.490,1610.0,163.440,161.740,1700.0,105.590,15.53,1360.0,380.0,163.100,161.740,164.800,UNTOUCHED,,0,,0,,0,,0,NA,Other,NA,,NA,,160.130,BREAK,2000.06.08 16:00,0,,0,,0,,0,NA,NewYork,BOUNCE,2000.06.20 21:00,NA,,164.460,UNTOUCHED,,0,,0,,0,,0,NA,Other,NA,,NA,,160.380,BOUNCE,2000.06.06 18:00,0,,0,,0,,0,NA,NewYork,NA,,NA,,B-ZF-PE,B-ZC-BR,B-ZE-BR,S-ZO-UN,S-ZF-UN,S-ZB-BR,S-ZB-BO,S-ZG-BR,S-ZO-BR,S-ZD-BR,S-ZF-BO,S-ZC-BR,S-ZB-BR,B-ZF-BR,B-ZO-BR,S-ZD-BO,S-ZO-BR,S-ZC-BR,S-ZF-UN,S-ZE-UN
84,2000.06.07 00:00,GBPJPY,60,86400,SELL,ZF,1,163.760,161.870,1890.0,163.460,160.330,3130.0,165.608,15.87,1590.0,446.0,163.460,161.870,158.740,BOUNCE,2000.06.20 18:00,1,2000.07.05 17:00,0,,0,,1,2w 0d,NewYork,NA,,NA,,165.350,UNTOUCHED,,0,,0,,0,,0,NA,Other,NA,,NA,,160.280,BREAK,2000.06.07 18:00,0,,0,,0,,0,NA,NewYork,BOUNCE,2000.06.20 23:00,NA,,165.050,UNTOUCHED,,0,,0,,0,,0,NA,Other,NA,,NA,,B-ZG-UN,B-ZF-PE,B-ZC-BR,B-ZE-BR,S-ZO-UN,S-ZF-UN,S-ZB-BR,S-ZB-BO,S-ZG-BR,S-ZO-BR,S-ZC-BR,S-ZB-BR,B-ZF-BR,B-ZO-BR,S-ZD-BO,S-ZO-BR,S-ZC-BR,S-ZF-UN,S-ZE-UN,S-ZG-UN
85,2000.06.08 00:00,GBPJPY,60,86400,SELL,ZC,1,163.460,160.330,3130.0,162.250,160.210,2040.0,65.176,38.66,1920.0,738.7,162.250,160.330,158.290,BREAK,2000.06.21 14:00,0,,0,,0,,0,NA,NewYork,BOUNCE,2000.06.26 12:00,NA,,165.380,UNTOUCHED,,0,,0,,0,,0,NA,Other,NA,,NA,,158.410,BREAK,2000.06.21 14:00,0,,0,,0,,0,NA,NewYork,BOUNCE,2000.06.26 12:00,NA,,164.170,BOUNCE,2000.07.12 17:00,0,,0,,0,,0,NA,NewYork,NA,,NA,,S-ZF-BO,B-ZG-UN,B-ZF-PE,B-ZC-BR,B-ZE-BR,S-ZO-UN,S-ZF-UN,S-ZB-BR,S-ZB-BO,S-ZG-BR,S-ZB-BR,B-ZF-BR,B-ZO-BR,S-ZD-BO,S-ZO-BR,S-ZC-BR,S-ZF-UN,S-ZE-UN,S-ZG-UN,B-ZD-BO
86,2000.06.09 00:00,GBPJPY,60,86400,SELL,ZB,1,162.250,160.210,2040.0,161.190,159.340,1850.0,90.686,51.96,980.0,481.4,161.190,160.210,158.360,BREAK,2000.06.21 14:00,0,,0,,0,,0,NA,NewYork,BOUNCE,2000.06.23 02:00,NA,,163.230,BOUNCE,2000.07.07 16:00,1,2000.07.11 12:00,0,,0,,1,3d 20h,NewYork,NA,,NA,,159.230,BOUNCE,2000.06.15 11:00,1,2000.07.06 14:00,1,2000.07.07 16:00,0,,2,3w 1d,London,NA,,NA,,162.170,BREAK,2000.07.06 14:00,0,,0,,0,,0,NA,NewYork,BOUNCE,2000.07.10 08:00,NA,,S-ZC-BR,S-ZF-BO,B-ZG-UN,B-ZF-PE,B-ZC-BR,B-ZE-BR,S-ZO-UN,S-ZF-UN,S-ZB-BR,S-ZB-BO,B-ZF-BR,B-ZO-BR,S-ZD-BO,S-ZO-BR,S-ZC-BR,S-ZF-UN,S-ZE-UN,S-ZG-UN,B-ZD-BO,B-ZH-BR
87,2000.06.10 00:00,GBPJPY,60,86400,BUY,ZF,0,161.190,159.340,1850.0,161.470,159.680,1790.0,96.757,18.38,1510.0,436.6,161.190,159.680,162.980,BREAK,2000.07.07 16:00,0,,0,,0,,0,NA,NewYork,BREAK,2000.07.21 16:00,BOUNCE,2000.07.28 08:00,157.830,BREAK,2000.06.21 18:00,0,,0,,0,,0,NA,NewYork,BOUNCE,2000.06.26 12:00,NA,,162.700,BREAK,2000.07.06 17:00,0,,0,,0,,0,NA,NewYork,BOUNCE,2000.07.13 02:00,NA,,158.170,BREAK,2000.06.21 15:00,0,,0,,0,,0,NA,NewYork,BOUNCE,2000.06.26 12:00,NA,,S-ZB-BR,S-ZC-BR,S-ZF-BO,B-ZG-UN,B-ZF-PE,B-ZC-BR,B-ZE-BR,S-ZO-UN,S-ZF-UN,S-ZB-BR,B-ZO-BR,S-ZD-BO,S-ZO-BR,S-ZC-BR,S-ZF-UN,S-ZE-UN,S-ZG-UN,B-ZD-BO,B-ZH-BR,B-ZH-BR
88,2000.06.14 00:00,GBPJPY,60,86400,BUY,ZO,0,161.770,160.400,1370.0,162.020,160.920,1100.0,80.292,37.96,850.0,323.3,161.770,160.920,162.870,BREAK,2000.07.07 16:00,0,,0,,0,,0,NA,NewYork,BREAK,2000.07.12 16:00,BREAK,2000.07.21 16:00,159.550,BREAK,2000.06.15 02:00,0,,0,,0,,0,NA,Asia,BOUNCE,2000.06.20 19:00,NA,,162.620,BOUNCE,2000.07.06 17:00,0,,0,,0,,0,NA,NewYork,NA,,NA,,160.070,BREAK,2000.06.14 15:00,0,,0,,0,,0,NA,NewYork,BOUNCE,2000.06.15 12:00,NA,,B-ZF-BR,S-ZB-BR,S-ZC-BR,S-ZF-BO,B-ZG-UN,B-ZF-PE,B-ZC-BR,B-ZE-BR,S-ZO-UN,S-ZF-UN,S-ZD-BO,S-ZO-BR,S-ZC-BR,S-ZF-UN,S-ZE-UN,S-ZG-UN,B-ZD-BO,B-ZH-BR,B-ZH-BR,S-ZO-UN
89,2000.06.15 00:00,GBPJPY,60,86400,SELL,ZD,1,162.020,160.920,1100.0,161.540,159.770,1770.0,160.909,43.64,620.0,259.6,161.540,160.920,159.150,BOUNCE,2000.06.15 11:00,1,2000.06.15 12:00,1,2000.07.06 14:00,1,2000.07.06 17:00,3,3w 0d,London,NA,,NA,,162.640,BOUNCE,2000.07.06 17:00,1,2000.07.11 12:00,0,,0,,1,4d 19h,NewYork,NA,,NA,,160.300,BREAK,2000.06.15 00:00,0,,0,,0,,0,NA,Asia,BREAK,2000.06.15 10:00,BREAK,2000.06.20 17:00,162.160,BREAK,2000.07.06 14:00,0,,0,,0,,0,NA,NewYork,BOUNCE,2000.07.06 18:00,NA,,B-ZO-BR,B-ZF-BR,S-ZB-BR,S-ZC-BR,S-ZF-BO,B-ZG-UN,B-ZF-PE,B-ZC-BR,B-ZE-BR,S-ZO-UN,S-ZO-BR,S-ZC-BR,S-ZF-UN,S-ZE-UN,S-ZG-UN,B-ZD-BO,B-ZH-BR,B-ZH-BR,S-ZO-UN,B-ZF-BO
90,2000.06.16 00:00,GBPJPY,60,86400,SELL,ZO,0,161.540,159.770,1770.0,161.460,159.140,2320.0,131.073,4.52,1690.0,417.7,161.460,159.770,157.450,BREAK,2000.06.22 16:00,0,,0,,0,,0,NA,NewYork,UNTOUCHED,,NA,,163.230,BOUNCE,2000.07.07 16:00,0,,0,,0,,0,NA,NewYork,NA,,NA,,158.080,BREAK,2000.06.21 15:00,0,,0,,0,,0,NA,NewYork,BOUNCE,2000.06.26 12:00,NA,,163.150,BOUNCE,2000.07.07 16:00,0,,0,,0,,0,NA,NewYork,NA,,NA,,S-ZD-BO,B-ZO-BR,B-ZF-BR,S-ZB-BR,S-ZC-BR,S-ZF-BO,B-ZG-UN,B-ZF-PE,B-ZC-BR,B-ZE-BR,S-ZC-BR,S-ZF-UN,S-ZE-UN,S-ZG-UN,B-ZD-BO,B-ZH-BR,B-ZH-BR,S-ZO-UN,B-ZF-BO,B-ZB-BR
91,2000.06.21 00:00,GBPJPY,60,86400,SELL,ZC,1,161.490,159.740,1750.0,160.440,158.660,1780.0,101.714,60.00,700.0,413.0,160.440,159.740,157.960,BREAK,2000.06.21 18:00,0,,0,,0,,0,NA,NewYork,BOUNCE,2000.06.22 16:00,NA,,162.190,BREAK,2000.07.06 14:00,0,,0,,0,,0,NA,NewYork,BREAK,2000.07.07 17:00,BREAK,2000.07.12 16:00,159.040,BREAK,2000.06.21 13:00,0,,0,,0,,0,NA,NewYork,BREAK,2000.06.21 18:00,BOUNCE,2000.06.21 21:00,161.140,BOUNCE,2000.06.30 19:00,0,,0,,0,,0,NA,NewYork,NA,,NA,,S-ZO-BR,S-ZD-BO,B-ZO-BR,B-ZF-BR,S-ZB-BR,S-ZC-BR,S-ZF-BO,B-ZG-UN,B-ZF-PE,B-ZC-BR,S-ZF-UN,S-ZE-UN,S-ZG-UN,B-ZD-BO,B-ZH-BR,B-ZH-BR,S-ZO-UN,B-ZF-BO,B-ZB-BR,B-ZF-BR
92,2000.06.22 00:00,GBPJPY,60,86400,SELL,ZF,0,160.440,158.660,1780.0,160.410,157.600,2810.0,157.865,1.69,1750.0,420.1,160.410,158.660,155.850,UNTOUCHED,,0,,0,,0,,0,NA,Other,NA,,NA,,162.190,BREAK,2000.07.06 14:00,0,,0,,0,,0,NA,NewYork,BREAK,2000.07.12 17:00,BREAK,2000.07.25 18:00,156.910,BREAK,2000.06.23 11:00,0,,0,,0,,0,NA,London,UNTOUCHED,,NA,,162.160,BREAK,2000.07.06 14:00,0,,0,,0,,0,NA,NewYork,BREAK,2000.07.12 17:00,BREAK,2000.07.25 18:00,S-ZC-BR,S-ZO-BR,S-ZD-BO,B-ZO-BR,B-ZF-BR,S-ZB-BR,S-ZC-BR,S-ZF-BO,B-ZG-UN,B-ZF-PE,S-ZE-UN,S-ZG-UN,B-ZD-BO,B-ZH-BR,B-ZH-BR,S-ZO-UN,B-ZF-BO,B-ZB-BR,B-ZF-BR,S-ZE-UN
93,2000.06.23 00:00,GBPJPY,60,86400,SELL,ZE,1,160.410,157.600,2810.0,158.960,157.100,1860.0,66.192,51.60,1360.0,663.2,158.960,157.600,155.740,UNTOUCHED,,0,,0,,0,,0,NA,Other,NA,,NA,,161.770,BREAK,2000.07.05 16:00,0,,0,,0,,0,NA,NewYork,BOUNCE,2000.07.10 15:00,NA,,156.240,UNTOUCHED,,0,,0,,0,,0,NA,Other,NA,,NA,,160.320,BOUNCE,2000.06.30 04:00,0,,0,,0,,0,NA,Asia,NA,,NA,,S-ZF-UN,S-ZC-BR,S-ZO-BR,S-ZD-BO,B-ZO-BR,B-ZF-BR,S-ZB-BR,S-ZC-BR,S-ZF-BO,B-ZG-UN,S-ZG-UN,B-ZD-BO,B-ZH-BR,B-ZH-BR,S-ZO-UN,B-ZF-BO,B-ZB-BR,B-ZF-BR,S-ZE-UN,B-ZD-BR
94,2000.06.24 00:00,GBPJPY,60,86400,SELL,ZG,0,158.960,157.100,1860.0,158.680,156.270,2410.0,129.570,15.05,1580.0,439.0,158.680,157.100,154.690,UNTOUCHED,,0,,0,,0,,0,NA,Other,NA,,NA,,160.540,BOUNCE,2000.06.30 10:00,0,,0,,0,,0,NA,London,NA,,NA,,155.520,UNTOUCHED,,0,,0,,0,,0,NA,Other,NA,,NA,,160.260,BOUNCE,2000.06.30 04:00,0,,0,,0,,0,NA,Asia,NA,,NA,,S-ZE-UN,S-ZF-UN,S-ZC-BR,S-ZO-BR,S-ZD-BO,B-ZO-BR,B-ZF-BR,S-ZB-BR,S-ZC-BR,S-ZF-BO,B-ZD-BO,B-ZH-BR,B-ZH-BR,S-ZO-UN,B-ZF-BO,B-ZB-BR,B-ZF-BR,S-ZE-UN,B-ZD-BR,S-ZC-BR
95,2000.06.29 00:00,GBPJPY,60,86400,BUY,ZD,1,158.820,157.650,1170.0,159.820,158.290,1530.0,130.769,54.70,530.0,276.1,158.820,158.290,160.350,BOUNCE,2000.06.30 04:00,1,2000.06.30 12:00,0,,0,,1,8h,Asia,NA,,NA,,157.120,UNTOUCHED,,0,,0,,0,,0,NA,Other,NA,,NA,,159.350,BREAK,2000.06.29 00:00,0,,0,,0,,0,NA,Asia,BOUNCE,2000.06.30 02:00,NA,,157.760,UNTOUCHED,,0,,0,,0,,0,NA,Other,NA,,NA,,S-ZG-UN,S-ZE-UN,S-ZF-UN,S-ZC-BR,S-ZO-BR,S-ZD-BO,B-ZO-BR,B-ZF-BR,S-ZB-BR,S-ZC-BR,B-ZH-BR,B-ZH-BR,S-ZO-UN,B-ZF-BO,B-ZB-BR,B-ZF-BR,S-ZE-UN,B-ZD-BR,S-ZC-BR,B-ZO-BR
96,2000.06.30 00:00,GBPJPY,60,86400,BUY,ZH,0,159.820,158.290,1530.0,160.100,158.330,1770.0,115.686,2.61,1490.0,361.1,159.820,158.330,161.590,BREAK,2000.07.05 15:00,0,,0,,0,,0,NA,NewYork,BREAK,2000.07.07 17:00,BREAK,2000.07.21 16:00,156.800,UNTOUCHED,,0,,0,,0,,0,NA,Other,NA,,NA,,161.310,BOUNCE,2000.06.30 19:00,0,,0,,0,,0,NA,NewYork,NA,,NA,,156.840,UNTOUCHED,,0,,0,,0,,0,NA,Other,NA,,NA,,B-ZD-BO,S-ZG-UN,S-ZE-UN,S-ZF-UN,S-ZC-BR,S-ZO-BR,S-ZD-BO,B-ZO-BR,B-ZF-BR,S-ZB-BR,B-ZH-BR,S-ZO-UN,B-ZF-BO,B-ZB-BR,B-ZF-BR,S-ZE-UN,B-ZD-BR,S-ZC-BR,B-ZO-BR,S-ZO-BR
97,2000.07.01 00:00,GBPJPY,60,86400,BUY,ZH,1,160.100,158.330,1770.0,161.350,158.510,2840.0,160.452,10.17,1590.0,417.7,160.100,158.510,162.940,BREAK,2000.07.07 16:00,0,,0,,0,,0,NA,NewYork,BREAK,2000.07.21 16:00,BOUNCE,2000.07.28 08:00,156.740,UNTOUCHED,,0,,0,,0,,0,NA,Other,NA,,NA,,161.690,BREAK,2000.07.05 16:00,0,,0,,0,,0,NA,NewYork,BOUNCE,2000.07.10 16:00,NA,,156.920,UNTOUCHED,,0,,0,,0,,0,NA,Other,NA,,NA,,B-ZH-BR,B-ZD-BO,S-ZG-UN,S-ZE-UN,S-ZF-UN,S-ZC-BR,S-ZO-BR,S-ZD-BO,B-ZO-BR,B-ZF-BR,S-ZO-UN,B-ZF-BO,B-ZB-BR,B-ZF-BR,S-ZE-UN,B-ZD-BR,S-ZC-BR,B-ZO-BR,S-ZO-BR,B-ZF-BR
98,2000.07.05 00:00,GBPJPY,60,86400,SELL,ZO,0,161.340,159.670,1670.0,161.150,159.290,1860.0,111.377,11.38,1480.0,394.1,161.150,159.670,157.810,UNTOUCHED,,0,,0,,0,,0,NA,Other,NA,,NA,,162.820,BREAK,2000.07.07 16:00,0,,0,,0,,0,NA,NewYork,BOUNCE,2000.07.13 00:00,NA,,158.190,UNTOUCHED,,0,,0,,0,,0,NA,Other,NA,,NA,,162.630,BREAK,2000.07.06 17:00,0,,0,,0,,0,NA,NewYork,BOUNCE,2000.07.13 03:00,NA,,B-ZH-BR,B-ZH-BR,B-ZD-BO,S-ZG-UN,S-ZE-UN,S-ZF-UN,S-ZC-BR,S-ZO-BR,S-ZD-BO,B-ZO-BR,B-ZF-BO,B-ZB-BR,B-ZF-BR,S-ZE-UN,B-ZD-BR,S-ZC-BR,B-ZO-BR,S-ZO-BR,B-ZF-BR,B-ZH-BR
99,2000.07.06 00:00,GBPJPY,60,86400,BUY,ZF,0,161.150,159.290,1860.0,161.980,159.990,1990.0,106.989,37.63,1160.0,439.0,161.150,159.990,163.140,BOUNCE,2000.07.07 16:00,1,2000.07.13 15:00,0,,0,,1,5d 23h,NewYork,NA,,NA,,158.130,UNTOUCHED,,0,,0,,0,,0,NA,Other,NA,,NA,,162.310,BREAK,2000.07.06 14:00,0,,0,,0,,0,NA,NewYork,BOUNCE,2000.07.10 08:00,NA,,158.830,UNTOUCHED,,0,,0,,0,,0,NA,Other,NA,,NA,,S-ZO-UN,B-ZH-BR,B-ZH-BR,B-ZD-BO,S-ZG-UN,S-ZE-UN,S-ZF-UN,S-ZC-BR,S-ZO-BR,S-ZD-BO,B-ZB-BR,B-ZF-BR,S-ZE-UN,B-ZD-BR,S-ZC-BR,B-ZO-BR,S-ZO-BR,B-ZF-BR,B-ZH-BR,B-ZB-UN
100,2000.07.07 00:00,GBPJPY,60,86400,BUY,ZB,1,161.980,159.990,1990.0,162.800,161.070,1730.0,86.935,54.27,910.0,469.6,161.980,161.070,163.710,BREAK,2000.07.12 16:00,0,,0,,0,,0,NA,NewYork,BREAK,2000.07.21 16:00,BOUNCE,2000.07.24 22:00,159.080,UNTOUCHED,,0,,0,,0,,0,NA,Other,NA,,NA,,162.890,BREAK,2000.07.07 16:00,0,,0,,0,,0,NA,NewYork,BREAK,2000.07.12 17:00,BREAK,2000.07.21 16:00,160.160,UNTOUCHED,,0,,0,,0,,0,NA,Other,NA,,NA,,B-ZF-BO,S-ZO-UN,B-ZH-BR,B-ZH-BR,B-ZD-BO,S-ZG-UN,S-ZE-UN,S-ZF-UN,S-ZC-BR,S-ZO-BR,B-ZF-BR,S-ZE-UN,B-ZD-BR,S-ZC-BR,B-ZO-BR,S-ZO-BR,B-ZF-BR,B-ZH-BR,B-ZB-UN,S-ZE-BO
101,2000.07.08 00:00,GBPJPY,60,86400,BUY,ZF,0,162.800,161.070,1730.0,163.540,161.610,1930.0,111.561,31.21,1190.0,408.3,162.800,161.610,164.730,BREAK,2000.07.21 11:00,0,,0,,0,,0,NA,London,BOUNCE,2000.07.28 05:00,NA,,159.880,UNTOUCHED,,0,,0,,0,,0,NA,Other,NA,,NA,,163.990,BREAK,2000.07.12 16:00,0,,0,,0,,0,NA,NewYork,BREAK,2000.07.21 18:00,UNTOUCHED,,160.420,BOUNCE,2000.08.03 13:00,1,2000.08.07 12:00,1,2000.08.07 12:00,0,,2,3d 23h,NewYork,NA,,NA,,B-ZB-BR,B-ZF-BO,S-ZO-UN,B-ZH-BR,B-ZH-BR,B-ZD-BO,S-ZG-UN,S-ZE-UN,S-ZF-UN,S-ZC-BR,S-ZE-UN,B-ZD-BR,S-ZC-BR,B-ZO-BR,S-ZO-BR,B-ZF-BR,B-ZH-BR,B-ZB-UN,S-ZE-BO,S-ZF-BR
102,2000.07.12 00:00,GBPJPY,60,86400,SELL,ZE,1,163.480,161.680,1800.0,162.600,161.220,1380.0,76.667,48.89,920.0,424.8,162.600,161.680,160.300,UNTOUCHED,,0,,0,,0,,0,NA,Other,NA,,NA,,164.400,BOUNCE,2000.07.12 17:00,1,2000.07.13 11:00,1,2000.07.13 15:00,0,,2,22h,NewYork,NA,,NA,,160.760,BOUNCE,2000.07.13 15:00,1,2000.07.21 06:00,1,2000.07.21 11:00,0,,2,1w 0d,NewYork,NA,,NA,,163.520,BREAK,2000.07.12 16:00,0,,0,,0,,0,NA,NewYork,BREAK,2000.07.21 16:00,BOUNCE,2000.07.25 02:00,B-ZF-BR,B-ZB-BR,B-ZF-BO,S-ZO-UN,B-ZH-BR,B-ZH-BR,B-ZD-BO,S-ZG-UN,S-ZE-UN,S-ZF-UN,B-ZD-BR,S-ZC-BR,B-ZO-BR,S-ZO-BR,B-ZF-BR,B-ZH-BR,B-ZB-UN,S-ZE-BO,S-ZF-BR,S-ZF-BR
103,2000.07.13 00:00,GBPJPY,60,86400,BUY,ZD,1,162.600,161.220,1380.0,164.420,162.180,2240.0,162.319,69.57,420.0,325.7,162.600,162.180,164.840,BREAK,2000.07.21 16:00,0,,0,,0,,0,NA,NewYork,BREAK,2000.07.21 18:00,BOUNCE,2000.07.24 12:00,160.800,BOUNCE,2000.07.13 15:00,1,2000.07.13 17:00,1,2000.07.14 03:00,1,2000.07.21 16:00,3,1w 1d,NewYork,NA,,NA,,163.020,BOUNCE,2000.07.13 00:00,1,2000.07.13 12:00,1,2000.07.13 15:00,0,,2,15h,Asia,NA,,NA,,161.760,BREAK,2000.07.13 12:00,0,,0,,0,,0,NA,London,BREAK,2000.07.13 13:00,BOUNCE,2000.07.13 15:00,S-ZE-UN,B-ZF-BR,B-ZB-BR,B-ZF-BO,S-ZO-UN,B-ZH-BR,B-ZH-BR,B-ZD-BO,S-ZG-UN,S-ZE-UN,S-ZC-BR,B-ZO-BR,S-ZO-BR,B-ZF-BR,B-ZH-BR,B-ZB-UN,S-ZE-BO,S-ZF-BR,S-ZF-BR,S-ZG-BR
104,2000.07.14 00:00,GBPJPY,60,86400,SELL,ZC,1,164.420,162.180,2240.0,163.210,160.740,2470.0,110.268,54.02,1030.0,528.6,163.210,162.180,159.710,BREAK,2000.08.23 04:00,0,,0,,0,,0,NA,Asia,BREAK,2000.08.23 10:00,BREAK,2000.08.25 23:00,165.450,BOUNCE,2000.07.21 18:00,1,2000.08.01 20:00,1,2000.08.03 13:00,1,2000.08.23 04:00,3,4w 4d,NewYork,NA,,NA,,161.150,BOUNCE,2000.07.17 01:00,1,2000.07.21 10:00,1,2000.07.21 18:00,0,,2,4d 17h,Asia,NA,,NA,,164.240,BREAK,2000.07.21 10:00,0,,0,,0,,0,NA,London,BREAK,2000.07.25 17:00,BOUNCE,2000.07.25 23:00,B-ZD-BR,S-ZE-UN,B-ZF-BR,B-ZB-BR,B-ZF-BO,S-ZO-UN,B-ZH-BR,B-ZH-BR,B-ZD-BO,S-ZG-UN,B-ZO-BR,S-ZO-BR,B-ZF-BR,B-ZH-BR,B-ZB-UN,S-ZE-BO,S-ZF-BR,S-ZF-BR,S-ZG-BR,B-ZF-BO
105,2000.07.15 00:00,GBPJPY,60,86400,BUY,ZO,0,163.210,160.740,2470.0,163.290,161.360,1930.0,78.138,25.10,1850.0,582.9,163.210,161.360,165.140,BREAK,2000.07.21 16:00,0,,0,,0,,0,NA,NewYork,UNTOUCHED,,NA,,158.890,BREAK,2000.08.23 05:00,0,,0,,0,,0,NA,Asia,BREAK,2000.08.28 05:00,BREAK,2000.08.29 19:00,165.060,BREAK,2000.07.21 16:00,0,,0,,0,,0,NA,NewYork,UNTOUCHED,,NA,,159.510,BREAK,2000.08.23 04:00,0,,0,,0,,0,NA,Asia,BREAK,2000.08.25 23:00,BREAK,2000.08.29 16:00,S-ZC-BR,B-ZD-BR,S-ZE-UN,B-ZF-BR,B-ZB-BR,B-ZF-BO,S-ZO-UN,B-ZH-BR,B-ZH-BR,B-ZD-BO,S-ZO-BR,B-ZF-BR,B-ZH-BR,B-ZB-UN,S-ZE-BO,S-ZF-BR,S-ZF-BR,S-ZG-BR,B-ZF-BO,S-ZB-BO
106,2000.07.19 00:00,GBPJPY,60,86400,SELL,ZO,0,162.880,161.040,1840.0,162.330,160.900,1430.0,77.717,29.89,1290.0,434.2,162.330,161.040,159.610,BREAK,2000.08.23 04:00,0,,0,,0,,0,NA,Asia,BREAK,2000.08.25 05:00,BREAK,2000.08.28 04:00,164.170,BREAK,2000.07.21 10:00,0,,0,,0,,0,NA,London,BREAK,2000.07.25 18:00,UNTOUCHED,,159.750,BREAK,2000.08.23 04:00,0,,0,,0,,0,NA,Asia,BREAK,2000.08.25 04:00,BREAK,2000.08.28 04:00,163.620,BREAK,2000.07.21 06:00,0,,0,,0,,0,NA,Asia,BREAK,2000.07.21 18:00,BOUNCE,2000.07.27 09:00,B-ZO-BR,S-ZC-BR,B-ZD-BR,S-ZE-UN,B-ZF-BR,B-ZB-BR,B-ZF-BO,S-ZO-UN,B-ZH-BR,B-ZH-BR,B-ZF-BR,B-ZH-BR,B-ZB-UN,S-ZE-BO,S-ZF-BR,S-ZF-BR,S-ZG-BR,B-ZF-BO,S-ZB-BO,S-ZO-BR
107,2000.07.20 00:00,GBPJPY,60,86400,BUY,ZF,0,162.330,160.900,1430.0,162.520,161.240,1280.0,89.510,23.78,1090.0,337.5,162.330,161.240,163.610,BREAK,2000.07.21 06:00,0,,0,,0,,0,NA,Asia,BREAK,2000.07.21 16:00,BREAK,2000.07.25 18:00,159.810,BREAK,2000.08.23 04:00,0,,0,,0,,0,NA,Asia,BREAK,2000.08.23 09:00,BREAK,2000.08.25 16:00,163.420,BREAK,2000.07.21 06:00,0,,0,,0,,0,NA,Asia,BREAK,2000.07.21 16:00,BOUNCE,2000.07.25 01:00,160.150,BREAK,2000.08.23 03:00,0,,0,,0,,0,NA,Asia,BREAK,2000.08.23 05:00,BREAK,2000.08.25 15:00,S-ZO-BR,B-ZO-BR,S-ZC-BR,B-ZD-BR,S-ZE-UN,B-ZF-BR,B-ZB-BR,B-ZF-BO,S-ZO-UN,B-ZH-BR,B-ZH-BR,B-ZB-UN,S-ZE-BO,S-ZF-BR,S-ZF-BR,S-ZG-BR,B-ZF-BO,S-ZB-BO,S-ZO-BR,B-ZC-BR
108,2000.07.21 00:00,GBPJPY,60,86400,BUY,ZH,0,162.520,161.240,1280.0,163.130,161.250,1880.0,146.875,0.78,1270.0,302.1,162.520,161.250,164.400,BREAK,2000.07.21 11:00,0,,0,,0,,0,NA,London,BOUNCE,2000.07.25 02:00,NA,,159.970,BREAK,2000.08.23 03:00,0,,0,,0,,0,NA,Asia,BREAK,2000.08.23 09:00,BREAK,2000.08.25 23:00,163.790,BREAK,2000.07.21 09:00,0,,0,,0,,0,NA,London,BREAK,2000.07.21 18:00,UNTOUCHED,,159.980,BREAK,2000.08.23 03:00,0,,0,,0,,0,NA,Asia,BREAK,2000.08.23 09:00,BREAK,2000.08.25 23:00,B-ZF-BR,S-ZO-BR,B-ZO-BR,S-ZC-BR,B-ZD-BR,S-ZE-UN,B-ZF-BR,B-ZB-BR,B-ZF-BO,S-ZO-UN,B-ZB-UN,S-ZE-BO,S-ZF-BR,S-ZF-BR,S-ZG-BR,B-ZF-BO,S-ZB-BO,S-ZO-BR,B-ZC-BR,B-ZO-UN
109,2000.07.22 00:00,GBPJPY,60,86400,BUY,ZB,1,163.130,161.250,1880.0,165.600,162.270,3330.0,177.128,54.26,860.0,443.7,163.130,162.270,166.460,UNTOUCHED,,0,,0,,0,,0,NA,Other,NA,,NA,,160.390,BOUNCE,2000.08.03 13:00,1,2000.08.03 16:00,1,2000.08.07 12:00,0,,2,3d 23h,NewYork,NA,,NA,,163.990,BREAK,2000.07.22 00:00,0,,0,,0,,0,NA,Asia,BREAK,2000.07.24 02:00,BREAK,2000.07.25 18:00,161.410,BREAK,2000.08.03 13:00,0,,0,,0,,0,NA,NewYork,BREAK,2000.08.23 03:00,BREAK,2000.08.23 04:00,B-ZH-BR,B-ZF-BR,S-ZO-BR,B-ZO-BR,S-ZC-BR,B-ZD-BR,S-ZE-UN,B-ZF-BR,B-ZB-BR,B-ZF-BO,S-ZE-BO,S-ZF-BR,S-ZF-BR,S-ZG-BR,B-ZF-BO,S-ZB-BO,S-ZO-BR,B-ZC-BR,B-ZO-UN,S-ZB-BO
110,2000.07.28 00:00,GBPJPY,60,86400,SELL,ZE,1,166.250,165.140,1110.0,165.660,164.780,880.0,79.279,53.15,520.0,262.0,165.660,165.140,164.260,BOUNCE,2000.07.28 08:00,1,2000.07.28 21:00,0,,0,,1,13h,London,NA,,NA,,166.770,UNTOUCHED,,0,,0,,0,,0,NA,Other,NA,,NA,,164.620,BREAK,2000.07.28 08:00,0,,0,,0,,0,NA,London,BOUNCE,2000.07.28 10:00,NA,,166.180,UNTOUCHED,,0,,0,,0,,0,NA,Other,NA,,NA,,B-ZB-UN,B-ZH-BR,B-ZF-BR,S-ZO-BR,B-ZO-BR,S-ZC-BR,B-ZD-BR,S-ZE-UN,B-ZF-BR,B-ZB-BR,S-ZF-BR,S-ZF-BR,S-ZG-BR,B-ZF-BO,S-ZB-BO,S-ZO-BR,B-ZC-BR,B-ZO-UN,S-ZB-BO,S-ZE-BR
111,2000.07.29 00:00,GBPJPY,60,86400,SELL,ZF,1,165.660,164.780,880.0,165.460,164.010,1450.0,164.773,22.73,680.0,207.7,165.460,164.780,163.330,BREAK,2000.08.01 21:00,0,,0,,0,,0,NA,Other,BREAK,2000.08.02 03:00,BREAK,2000.08.02 04:00,166.340,UNTOUCHED,,0,,0,,0,,0,NA,Other,NA,,NA,,164.100,BREAK,2000.07.31 10:00,0,,0,,0,,0,NA,London,BREAK,2000.08.01 21:00,BREAK,2000.08.02 03:00,166.140,UNTOUCHED,,0,,0,,0,,0,NA,Other,NA,,NA,,S-ZE-BO,B-ZB-UN,B-ZH-BR,B-ZF-BR,S-ZO-BR,B-ZO-BR,S-ZC-BR,B-ZD-BR,S-ZE-UN,B-ZF-BR,S-ZF-BR,S-ZG-BR,B-ZF-BO,S-ZB-BO,S-ZO-BR,B-ZC-BR,B-ZO-UN,S-ZB-BO,S-ZE-BR,S-ZF-BR
112,2000.08.02 00:00,GBPJPY,60,86400,SELL,ZF,0,165.070,163.450,1620.0,164.720,162.900,1820.0,112.346,21.60,1270.0,382.3,164.720,163.450,161.630,BREAK,2000.08.03 13:00,0,,0,,0,,0,NA,NewYork,BREAK,2000.08.23 03:00,BREAK,2000.08.23 09:00,166.340,UNTOUCHED,,0,,0,,0,,0,NA,Other,NA,,NA,,162.180,BREAK,2000.08.02 04:00,0,,0,,0,,0,NA,Asia,BREAK,2000.08.03 13:00,BREAK,2000.08.23 04:00,165.990,UNTOUCHED,,0,,0,,0,,0,NA,Other,NA,,NA,,S-ZF-BR,S-ZE-BO,B-ZB-UN,B-ZH-BR,B-ZF-BR,S-ZO-BR,B-ZO-BR,S-ZC-BR,B-ZD-BR,S-ZE-UN,S-ZG-BR,B-ZF-BO,S-ZB-BO,S-ZO-BR,B-ZC-BR,B-ZO-UN,S-ZB-BO,S-ZE-BR,S-ZF-BR,S-ZB-BO
113,2000.08.04 00:00,GBPJPY,60,86400,SELL,ZG,1,163.270,161.650,1620.0,163.220,160.380,2840.0,175.309,3.09,1570.0,382.3,163.220,161.650,158.810,BREAK,2000.08.23 05:00,0,,0,,0,,0,NA,Asia,BREAK,2000.08.28 04:00,BREAK,2000.08.29 15:00,164.840,BOUNCE,2000.08.07 21:00,1,2000.08.09 15:00,1,2000.08.23 03:00,1,2000.08.23 05:00,3,2w 1d,Other,NA,,NA,,160.080,BREAK,2000.08.23 03:00,0,,0,,0,,0,NA,Asia,BREAK,2000.08.23 17:00,BREAK,2000.08.28 04:00,164.790,BREAK,2000.08.07 19:00,0,,0,,0,,0,NA,NewYork,UNTOUCHED,,NA,,S-ZF-BR,S-ZF-BR,S-ZE-BO,B-ZB-UN,B-ZH-BR,B-ZF-BR,S-ZO-BR,B-ZO-BR,S-ZC-BR,B-ZD-BR,B-ZF-BO,S-ZB-BO,S-ZO-BR,B-ZC-BR,B-ZO-UN,S-ZB-BO,S-ZE-BR,S-ZF-BR,S-ZB-BO,S-ZD-BO
114,2000.08.05 00:00,GBPJPY,60,86400,BUY,ZF,0,163.220,160.380,2840.0,163.630,161.350,2280.0,80.282,34.15,1870.0,670.2,163.220,161.350,165.500,BOUNCE,2000.08.14 17:00,1,2000.08.18 18:00,1,2000.08.23 04:00,1,2000.08.23 09:00,3,1w 1d,NewYork,NA,,NA,,158.510,BREAK,2000.08.23 09:00,0,,0,,0,,0,NA,London,BREAK,2000.08.29 10:00,BREAK,2000.08.30 01:00,165.090,BOUNCE,2000.08.07 23:00,1,2000.08.23 04:00,1,2000.08.23 09:00,0,,2,2w 1d,Other,NA,,NA,,159.480,BREAK,2000.08.23 04:00,0,,0,,0,,0,NA,Asia,BREAK,2000.08.25 23:00,BREAK,2000.08.29 16:00,S-ZG-BR,S-ZF-BR,S-ZF-BR,S-ZE-BO,B-ZB-UN,B-ZH-BR,B-ZF-BR,S-ZO-BR,B-ZO-BR,S-ZC-BR,S-ZB-BO,S-ZO-BR,B-ZC-BR,B-ZO-UN,S-ZB-BO,S-ZE-BR,S-ZF-BR,S-ZB-BO,S-ZD-BO,S-ZF-BR
115,2000.08.10 00:00,GBPJPY,60,86400,SELL,ZB,1,165.180,162.790,2390.0,163.510,161.690,1820.0,76.151,69.87,720.0,564.0,163.510,162.790,160.970,BOUNCE,2000.08.18 19:00,0,,0,,0,,0,NA,NewYork,NA,,NA,,165.900,UNTOUCHED,,0,,0,,0,,0,NA,Other,NA,,NA,,162.070,BREAK,2000.08.10 00:00,0,,0,,0,,0,NA,Asia,BOUNCE,2000.08.10 12:00,NA,,164.230,BREAK,2000.08.14 13:00,0,,0,,0,,0,NA,NewYork,BREAK,2000.08.15 09:00,BOUNCE,2000.08.15 12:00,B-ZF-BO,S-ZG-BR,S-ZF-BR,S-ZF-BR,S-ZE-BO,B-ZB-UN,B-ZH-BR,B-ZF-BR,S-ZO-BR,B-ZO-BR,S-ZO-BR,B-ZC-BR,B-ZO-UN,S-ZB-BO,S-ZE-BR,S-ZF-BR,S-ZB-BO,S-ZD-BO,S-ZF-BR,S-ZE-BR
116,2000.08.11 00:00,GBPJPY,60,86400,SELL,ZO,0,163.510,161.690,1820.0,163.160,161.150,2010.0,110.440,19.23,1470.0,429.5,163.160,161.690,159.680,BREAK,2000.08.23 04:00,0,,0,,0,,0,NA,Asia,BREAK,2000.08.25 12:00,BREAK,2000.08.28 05:00,164.980,BREAK,2000.08.14 16:00,0,,0,,0,,0,NA,NewYork,UNTOUCHED,,NA,,160.220,BREAK,2000.08.23 03:00,0,,0,,0,,0,NA,Asia,BREAK,2000.08.23 09:00,BREAK,2000.08.28 04:00,164.630,BREAK,2000.08.14 15:00,0,,0,,0,,0,NA,NewYork,UNTOUCHED,,NA,,S-ZB-BO,B-ZF-BO,S-ZG-BR,S-ZF-BR,S-ZF-BR,S-ZE-BO,B-ZB-UN,B-ZH-BR,B-ZF-BR,S-ZO-BR,B-ZC-BR,B-ZO-UN,S-ZB-BO,S-ZE-BR,S-ZF-BR,S-ZB-BO,S-ZD-BO,S-ZF-BR,S-ZE-BR,B-ZE-BR
117,2000.08.12 00:00,GBPJPY,60,86400,BUY,ZC,1,163.160,161.150,2010.0,163.920,162.550,1370.0,68.159,69.65,610.0,474.4,163.160,162.550,164.530,BREAK,2000.08.14 15:00,0,,0,,0,,0,NA,NewYork,BOUNCE,2000.08.14 18:00,NA,,160.540,BREAK,2000.08.22 18:00,0,,0,,0,,0,NA,NewYork,BREAK,2000.08.23 04:00,BREAK,2000.08.23 05:00,163.770,BREAK,2000.08.14 12:00,0,,0,,0,,0,NA,London,BREAK,2000.08.14 15:00,BREAK,2000.08.14 17:00,161.940,BOUNCE,2000.08.18 17:00,0,,0,,0,,0,NA,NewYork,NA,,NA,,S-ZO-BR,S-ZB-BO,B-ZF-BO,S-ZG-BR,S-ZF-BR,S-ZF-BR,S-ZE-BO,B-ZB-UN,B-ZH-BR,B-ZF-BR,B-ZO-UN,S-ZB-BO,S-ZE-BR,S-ZF-BR,S-ZB-BO,S-ZD-BO,S-ZF-BR,S-ZE-BR,B-ZE-BR,S-ZO-BR
118,2000.08.16 00:00,GBPJPY,60,86400,BUY,ZO,0,165.510,163.020,2490.0,165.880,163.760,2120.0,85.141,29.72,1750.0,587.6,165.510,163.760,167.630,UNTOUCHED,,0,,0,,0,,0,NA,Other,NA,,NA,,161.270,BREAK,2000.08.18 19:00,0,,0,,0,,0,NA,NewYork,BREAK,2000.08.23 05:00,BREAK,2000.08.25 22:00,167.260,UNTOUCHED,,0,,0,,0,,0,NA,Other,NA,,NA,,162.010,BREAK,2000.08.18 17:00,0,,0,,0,,0,NA,NewYork,BREAK,2000.08.23 04:00,BREAK,2000.08.25 05:00,B-ZC-BR,S-ZO-BR,S-ZB-BO,B-ZF-BO,S-ZG-BR,S-ZF-BR,S-ZF-BR,S-ZE-BO,B-ZB-UN,B-ZH-BR,S-ZB-BO,S-ZE-BR,S-ZF-BR,S-ZB-BO,S-ZD-BO,S-ZF-BR,S-ZE-BR,B-ZE-BR,S-ZO-BR,S-ZF-BR
119,2000.08.17 00:00,GBPJPY,60,86400,SELL,ZB,1,165.880,163.760,2120.0,164.420,162.490,1930.0,91.038,68.87,660.0,500.3,164.420,163.760,161.830,BOUNCE,2000.08.18 17:00,0,,0,,0,,0,NA,NewYork,NA,,NA,,166.540,UNTOUCHED,,0,,0,,0,,0,NA,Other,NA,,NA,,163.100,BREAK,2000.08.17 00:00,0,,0,,0,,0,NA,Asia,BOUNCE,2000.08.18 04:00,NA,,165.080,UNTOUCHED,,0,,0,,0,,0,NA,Other,NA,,NA,,B-ZO-UN,B-ZC-BR,S-ZO-BR,S-ZB-BO,B-ZF-BO,S-ZG-BR,S-ZF-BR,S-ZF-BR,S-ZE-BO,B-ZB-UN,S-ZE-BR,S-ZF-BR,S-ZB-BO,S-ZD-BO,S-ZF-BR,S-ZE-BR,B-ZE-BR,S-ZO-BR,S-ZF-BR,S-ZB-BR
120,2000.08.18 00:00,GBPJPY,60,86400,SELL,ZE,1,164.420,162.490,1930.0,163.060,162.250,810.0,41.969,70.47,570.0,455.5,163.060,162.490,161.680,BREAK,2000.08.18 18:00,0,,0,,0,,0,NA,NewYork,BOUNCE,2000.08.21 17:00,NA,,164.990,UNTOUCHED,,0,,0,,0,,0,NA,Other,NA,,NA,,161.920,BOUNCE,2000.08.18 17:00,0,,0,,0,,0,NA,NewYork,NA,,NA,,163.630,UNTOUCHED,,0,,0,,0,,0,NA,Other,NA,,NA,,S-ZB-BO,B-ZO-UN,B-ZC-BR,S-ZO-BR,S-ZB-BO,B-ZF-BO,S-ZG-BR,S-ZF-BR,S-ZF-BR,S-ZE-BO,S-ZF-BR,S-ZB-BO,S-ZD-BO,S-ZF-BR,S-ZE-BR,B-ZE-BR,S-ZO-BR,S-ZF-BR,S-ZB-BR,S-ZD-BR
121,2000.08.23 00:00,GBPJPY,60,86400,SELL,ZF,0,162.070,160.770,1300.0,161.770,160.240,1530.0,117.692,23.08,1000.0,306.8,161.770,160.770,159.240,BREAK,2000.08.23 04:00,0,,0,,0,,0,NA,Asia,BOUNCE,2000.08.23 21:00,NA,,163.070,UNTOUCHED,,0,,0,,0,,0,NA,Other,NA,,NA,,159.770,BREAK,2000.08.23 04:00,0,,0,,0,,0,NA,Asia,BREAK,2000.08.23 09:00,BREAK,2000.08.25 15:00,162.770,UNTOUCHED,,0,,0,,0,,0,NA,Other,NA,,NA,,S-ZE-BR,S-ZB-BO,B-ZO-UN,B-ZC-BR,S-ZO-BR,S-ZB-BO,B-ZF-BO,S-ZG-BR,S-ZF-BR,S-ZF-BR,S-ZB-BO,S-ZD-BO,S-ZF-BR,S-ZE-BR,B-ZE-BR,S-ZO-BR,S-ZF-BR,S-ZB-BR,S-ZD-BR,S-ZF-UN
122,2000.08.24 00:00,GBPJPY,60,86400,SELL,ZB,1,161.770,160.240,1530.0,160.750,158.030,2720.0,177.778,66.67,510.0,361.1,160.750,160.240,157.520,BOUNCE,2000.08.25 15:00,1,2000.09.29 14:00,0,,0,,1,4w 6d,NewYork,NA,,NA,,162.280,UNTOUCHED,,0,,0,,0,,0,NA,Other,NA,,NA,,159.730,BREAK,2000.08.24 00:00,0,,0,,0,,0,NA,Asia,BREAK,2000.08.24 02:00,BREAK,2000.08.24 04:00,161.260,UNTOUCHED,,0,,0,,0,,0,NA,Other,NA,,NA,,S-ZF-BR,S-ZE-BR,S-ZB-BO,B-ZO-UN,B-ZC-BR,S-ZO-BR,S-ZB-BO,B-ZF-BO,S-ZG-BR,S-ZF-BR,S-ZD-BO,S-ZF-BR,S-ZE-BR,B-ZE-BR,S-ZO-BR,S-ZF-BR,S-ZB-BR,S-ZD-BR,S-ZF-UN,S-ZO-UN
123,2000.08.26 00:00,GBPJPY,60,86400,SELL,ZD,1,159.220,158.040,1180.0,158.670,156.930,1740.0,147.458,46.61,630.0,278.5,158.670,158.040,156.300,BOUNCE,2000.08.28 05:00,1,2000.09.25 02:00,1,2000.09.29 16:00,1,2000.09.29 18:00,3,4w 4d,Asia,NA,,NA,,159.850,BREAK,2000.09.29 18:00,0,,0,,0,,0,NA,NewYork,UNTOUCHED,,NA,,157.410,BREAK,2000.08.26 00:00,0,,0,,0,,0,NA,Asia,BREAK,2000.08.28 04:00,BOUNCE,2000.08.28 14:00,159.300,BREAK,2000.09.29 16:00,0,,0,,0,,0,NA,NewYork,BOUNCE,2000.10.02 19:00,NA,,S-ZB-BO,S-ZF-BR,S-ZE-BR,S-ZB-BO,B-ZO-UN,B-ZC-BR,S-ZO-BR,S-ZB-BO,B-ZF-BO,S-ZG-BR,S-ZF-BR,S-ZE-BR,B-ZE-BR,S-ZO-BR,S-ZF-BR,S-ZB-BR,S-ZD-BR,S-ZF-UN,S-ZO-UN,B-ZC-BR
124,2000.08.30 00:00,GBPJPY,60,86400,SELL,ZF,1,157.200,156.130,1070.0,156.990,154.180,2810.0,262.617,19.63,860.0,252.5,156.990,156.130,153.320,BREAK,2000.08.30 10:00,0,,0,,0,,0,NA,London,BREAK,2000.09.06 20:00,BREAK,2000.09.07 12:00,158.060,BOUNCE,2000.09.27 11:00,0,,0,,0,,0,NA,London,NA,,NA,,155.270,BREAK,2000.08.30 00:00,0,,0,,0,,0,NA,Asia,BREAK,2000.08.30 01:00,BREAK,2000.08.30 10:00,157.850,BOUNCE,2000.09.25 08:00,0,,0,,0,,0,NA,London,NA,,NA,,S-ZD-BO,S-ZB-BO,S-ZF-BR,S-ZE-BR,S-ZB-BO,B-ZO-UN,B-ZC-BR,S-ZO-BR,S-ZB-BO,B-ZF-BO,S-ZE-BR,B-ZE-BR,S-ZO-BR,S-ZF-BR,S-ZB-BR,S-ZD-BR,S-ZF-UN,S-ZO-UN,B-ZC-BR,B-ZG-BR
125,2000.08.31 00:00,GBPJPY,60,86400,SELL,ZE,1,156.990,154.180,2810.0,155.570,152.960,2610.0,92.883,50.53,1390.0,663.2,155.570,154.180,151.570,BREAK,2000.09.07 11:00,0,,0,,0,,0,NA,London,BREAK,2000.09.11 12:00,BOUNCE,2000.09.12 15:00,158.380,BREAK,2000.09.29 13:00,0,,0,,0,,0,NA,NewYork,BOUNCE,2000.10.03 15:00,NA,,152.790,BREAK,2000.09.06 19:00,0,,0,,0,,0,NA,NewYork,BREAK,2000.09.07 12:00,BREAK,2000.09.11 12:00,156.960,BREAK,2000.09.25 01:00,0,,0,,0,,0,NA,Asia,BREAK,2000.09.29 14:00,BOUNCE,2000.10.03 15:00,S-ZF-BR,S-ZD-BO,S-ZB-BO,S-ZF-BR,S-ZE-BR,S-ZB-BO,B-ZO-UN,B-ZC-BR,S-ZO-BR,S-ZB-BO,B-ZE-BR,S-ZO-BR,S-ZF-BR,S-ZB-BR,S-ZD-BR,S-ZF-UN,S-ZO-UN,B-ZC-BR,B-ZG-BR,S-ZF-UN
126,2000.09.01 00:00,GBPJPY,60,86400,BUY,ZE,1,155.570,152.960,2610.0,155.780,154.090,1690.0,64.751,43.30,1480.0,616.0,155.570,154.090,157.260,BREAK,2000.09.25 01:00,0,,0,,0,,0,NA,Asia,BREAK,2000.09.29 16:00,UNTOUCHED,,151.480,BREAK,2000.09.07 12:00,0,,0,,0,,0,NA,London,BREAK,2000.09.11 12:00,BOUNCE,2000.09.12 15:00,157.050,BREAK,2000.09.25 01:00,0,,0,,0,,0,NA,Asia,BREAK,2000.09.29 14:00,BOUNCE,2000.10.03 15:00,152.610,BREAK,2000.09.06 20:00,0,,0,,0,,0,NA,NewYork,BREAK,2000.09.07 17:00,BREAK,2000.09.11 22:00,S-ZE-BR,S-ZF-BR,S-ZD-BO,S-ZB-BO,S-ZF-BR,S-ZE-BR,S-ZB-BO,B-ZO-UN,B-ZC-BR,S-ZO-BR,S-ZO-BR,S-ZF-BR,S-ZB-BR,S-ZD-BR,S-ZF-UN,S-ZO-UN,B-ZC-BR,B-ZG-BR,S-ZF-UN,B-ZH-BR
127,2000.09.02 00:00,GBPJPY,60,86400,SELL,ZO,0,155.780,154.090,1690.0,155.190,153.980,1210.0,71.598,34.91,1100.0,398.8,155.190,154.090,152.880,BREAK,2000.09.06 19:00,0,,0,,0,,0,NA,NewYork,BREAK,2000.09.07 12:00,BREAK,2000.09.07 17:00,156.880,BOUNCE,2000.09.22 14:00,1,2000.09.22 15:00,1,2000.09.22 15:00,1,2000.09.22 15:00,3,1h,NewYork,NA,,NA,,152.990,BREAK,2000.09.06 11:00,0,,0,,0,,0,NA,London,BREAK,2000.09.07 12:00,BREAK,2000.09.07 17:00,156.290,BREAK,2000.09.22 14:00,0,,0,,0,,0,NA,NewYork,BREAK,2000.09.25 08:00,BREAK,2000.09.29 14:00,B-ZE-BR,S-ZE-BR,S-ZF-BR,S-ZD-BO,S-ZB-BO,S-ZF-BR,S-ZE-BR,S-ZB-BO,B-ZO-UN,B-ZC-BR,S-ZF-BR,S-ZB-BR,S-ZD-BR,S-ZF-UN,S-ZO-UN,B-ZC-BR,B-ZG-BR,S-ZF-UN,B-ZH-BR,B-ZO-BR
128,2000.09.06 00:00,GBPJPY,60,86400,SELL,ZF,0,155.310,153.980,1330.0,155.260,153.410,1850.0,139.098,3.76,1280.0,313.9,155.260,153.980,152.130,BREAK,2000.09.06 21:00,0,,0,,0,,0,NA,Other,BREAK,2000.09.07 14:00,BREAK,2000.09.11 20:00,156.590,BREAK,2000.09.22 14:00,0,,0,,0,,0,NA,NewYork,BOUNCE,2000.09.25 11:00,NA,,152.700,BREAK,2000.09.06 20:00,0,,0,,0,,0,NA,NewYork,BREAK,2000.09.07 12:00,BREAK,2000.09.11 01:00,156.540,BREAK,2000.09.22 14:00,0,,0,,0,,0,NA,NewYork,BOUNCE,2000.09.25 15:00,NA,,S-ZO-BR,B-ZE-BR,S-ZE-BR,S-ZF-BR,S-ZD-BO,S-ZB-BO,S-ZF-BR,S-ZE-BR,S-ZB-BO,B-ZO-UN,S-ZB-BR,S-ZD-BR,S-ZF-UN,S-ZO-UN,B-ZC-BR,B-ZG-BR,S-ZF-UN,B-ZH-BR,B-ZO-BR,B-ZF-BR
129,2000.09.07 00:00,GBPJPY,60,86400,SELL,ZB,1,155.260,153.410,1850.0,154.160,152.040,2120.0,114.595,59.46,750.0,436.6,154.160,153.410,151.290,BREAK,2000.09.07 12:00,0,,0,,0,,0,NA,London,BOUNCE,2000.09.07 14:00,NA,,156.010,BOUNCE,2000.09.22 13:00,1,2000.09.22 14:00,1,2000.09.22 14:00,1,2000.09.22 14:00,3,1h,NewYork,NA,,NA,,152.660,BREAK,2000.09.07 00:00,0,,0,,0,,0,NA,Asia,BREAK,2000.09.07 12:00,BREAK,2000.09.07 14:00,154.910,BOUNCE,2000.09.22 10:00,1,2000.09.22 14:00,1,2000.09.22 14:00,0,,2,4h,London,NA,,NA,,S-ZF-BR,S-ZO-BR,B-ZE-BR,S-ZE-BR,S-ZF-BR,S-ZD-BO,S-ZB-BO,S-ZF-BR,S-ZE-BR,S-ZB-BO,S-ZD-BR,S-ZF-UN,S-ZO-UN,B-ZC-BR,B-ZG-BR,S-ZF-UN,B-ZH-BR,B-ZO-BR,B-ZF-BR,B-ZH-BO
130,2000.09.08 00:00,GBPJPY,60,86400,SELL,ZD,1,154.160,152.040,2120.0,153.180,150.200,2980.0,140.566,46.23,1140.0,500.3,153.180,152.040,149.060,BREAK,2000.09.11 20:00,0,,0,,0,,0,NA,NewYork,UNTOUCHED,,NA,,155.300,BREAK,2000.09.22 11:00,0,,0,,0,,0,NA,London,BOUNCE,2000.09.22 14:00,NA,,150.900,BREAK,2000.09.08 11:00,0,,0,,0,,0,NA,London,BOUNCE,2000.09.11 07:00,NA,,154.320,BREAK,2000.09.22 10:00,0,,0,,0,,0,NA,London,BREAK,2000.09.22 13:00,BOUNCE,2000.09.22 14:00,S-ZB-BR,S-ZF-BR,S-ZO-BR,B-ZE-BR,S-ZE-BR,S-ZF-BR,S-ZD-BO,S-ZB-BO,S-ZF-BR,S-ZE-BR,S-ZF-UN,S-ZO-UN,B-ZC-BR,B-ZG-BR,S-ZF-UN,B-ZH-BR,B-ZO-BR,B-ZF-BR,B-ZH-BO,S-ZO-BO
131,2000.09.09 00:00,GBPJPY,60,86400,SELL,ZF,0,153.180,150.200,2980.0,152.230,149.880,2350.0,78.859,31.88,2030.0,703.3,152.230,150.200,147.850,UNTOUCHED,,0,,0,,0,,0,NA,Other,NA,,NA,,155.210,BREAK,2000.09.22 11:00,0,,0,,0,,0,NA,London,BREAK,2000.09.27 10:00,BREAK,2000.10.02 10:00,148.170,UNTOUCHED,,0,,0,,0,,0,NA,Other,NA,,NA,,154.260,BREAK,2000.09.22 10:00,0,,0,,0,,0,NA,London,BOUNCE,2000.09.22 14:00,NA,,S-ZD-BR,S-ZB-BR,S-ZF-BR,S-ZO-BR,B-ZE-BR,S-ZE-BR,S-ZF-BR,S-ZD-BO,S-ZB-BO,S-ZF-BR,S-ZO-UN,B-ZC-BR,B-ZG-BR,S-ZF-UN,B-ZH-BR,B-ZO-BR,B-ZF-BR,B-ZH-BO,S-ZO-BO,B-ZE-BR
132,2000.09.13 00:00,GBPJPY,60,86400,SELL,ZO,0,151.390,148.680,2710.0,151.340,148.200,3140.0,115.867,1.85,2660.0,639.6,151.340,148.680,145.540,UNTOUCHED,,0,,0,,0,,0,NA,Other,NA,,NA,,154.050,BREAK,2000.09.22 09:00,0,,0,,0,,0,NA,London,BOUNCE,2000.09.22 14:00,NA,,146.020,UNTOUCHED,,0,,0,,0,,0,NA,Other,NA,,NA,,154.000,BREAK,2000.09.22 09:00,0,,0,,0,,0,NA,London,BOUNCE,2000.09.22 14:00,NA,,S-ZF-UN,S-ZD-BR,S-ZB-BR,S-ZF-BR,S-ZO-BR,B-ZE-BR,S-ZE-BR,S-ZF-BR,S-ZD-BO,S-ZB-BO,B-ZC-BR,B-ZG-BR,S-ZF-UN,B-ZH-BR,B-ZO-BR,B-ZF-BR,B-ZH-BO,S-ZO-BO,B-ZE-BR,B-ZF-UN
133,2000.09.14 00:00,GBPJPY,60,86400,BUY,ZC,1,151.340,148.200,3140.0,151.450,150.000,1450.0,46.178,57.32,1340.0,741.0,151.340,150.000,152.790,BREAK,2000.09.21 19:00,0,,0,,0,,0,NA,NewYork,BREAK,2000.09.22 10:00,BREAK,2000.09.22 14:00,146.860,UNTOUCHED,,0,,0,,0,,0,NA,Other,NA,,NA,,152.680,BREAK,2000.09.21 19:00,0,,0,,0,,0,NA,NewYork,BREAK,2000.09.22 10:00,BREAK,2000.09.22 13:00,148.660,UNTOUCHED,,0,,0,,0,,0,NA,Other,NA,,NA,,S-ZO-UN,S-ZF-UN,S-ZD-BR,S-ZB-BR,S-ZF-BR,S-ZO-BR,B-ZE-BR,S-ZE-BR,S-ZF-BR,S-ZD-BO,B-ZG-BR,S-ZF-UN,B-ZH-BR,B-ZO-BR,B-ZF-BR,B-ZH-BO,S-ZO-BO,B-ZE-BR,B-ZF-UN,S-ZH-BR
134,2000.09.15 00:00,GBPJPY,60,86400,BUY,ZG,0,151.450,150.000,1450.0,152.150,150.240,1910.0,131.724,16.55,1210.0,342.2,151.450,150.240,153.360,BREAK,2000.09.21 21:00,0,,0,,0,,0,NA,Other,BREAK,2000.09.22 10:00,BREAK,2000.09.22 13:00,148.790,UNTOUCHED,,0,,0,,0,,0,NA,Other,NA,,NA,,152.660,BREAK,2000.09.21 19:00,0,,0,,0,,0,NA,NewYork,BREAK,2000.09.22 10:00,BREAK,2000.09.22 12:00,149.030,UNTOUCHED,,0,,0,,0,,0,NA,Other,NA,,NA,,B-ZC-BR,S-ZO-UN,S-ZF-UN,S-ZD-BR,S-ZB-BR,S-ZF-BR,S-ZO-BR,B-ZE-BR,S-ZE-BR,S-ZF-BR,S-ZF-UN,B-ZH-BR,B-ZO-BR,B-ZF-BR,B-ZH-BO,S-ZO-BO,B-ZE-BR,B-ZF-UN,S-ZH-BR,S-ZO-BO
135,2000.09.16 00:00,GBPJPY,60,86400,SELL,ZF,0,152.150,150.240,1910.0,152.030,149.670,2360.0,123.560,6.28,1790.0,450.8,152.030,150.240,147.880,UNTOUCHED,,0,,0,,0,,0,NA,Other,NA,,NA,,153.940,BREAK,2000.09.22 09:00,0,,0,,0,,0,NA,London,BREAK,2000.09.22 13:00,BOUNCE,2000.09.26 09:00,148.450,UNTOUCHED,,0,,0,,0,,0,NA,Other,NA,,NA,,153.820,BREAK,2000.09.22 07:00,0,,0,,0,,0,NA,London,BREAK,2000.09.22 13:00,BREAK,2000.09.25 08:00,B-ZG-BR,B-ZC-BR,S-ZO-UN,S-ZF-UN,S-ZD-BR,S-ZB-BR,S-ZF-BR,S-ZO-BR,B-ZE-BR,S-ZE-BR,B-ZH-BR,B-ZO-BR,B-ZF-BR,B-ZH-BO,S-ZO-BO,B-ZE-BR,B-ZF-UN,S-ZH-BR,S-ZO-BO,S-ZF-BR
136,2000.09.20 00:00,GBPJPY,60,86400,BUY,ZH,0,150.430,149.170,1260.0,151.040,149.600,1440.0,114.286,34.13,830.0,297.4,150.430,149.600,151.870,BREAK,2000.09.21 18:00,0,,0,,0,,0,NA,NewYork,BREAK,2000.09.21 19:00,BREAK,2000.09.22 07:00,148.340,UNTOUCHED,,0,,0,,0,,0,NA,Other,NA,,NA,,151.260,BOUNCE,2000.09.20 03:00,0,,0,,0,,0,NA,Asia,NA,,NA,,148.770,UNTOUCHED,,0,,0,,0,,0,NA,Other,NA,,NA,,S-ZF-UN,B-ZG-BR,B-ZC-BR,S-ZO-UN,S-ZF-UN,S-ZD-BR,S-ZB-BR,S-ZF-BR,S-ZO-BR,B-ZE-BR,B-ZO-BR,B-ZF-BR,B-ZH-BO,S-ZO-BO,B-ZE-BR,B-ZF-UN,S-ZH-BR,S-ZO-BO,S-ZF-BR,S-ZD-BO
137,2000.09.21 00:00,GBPJPY,60,86400,BUY,ZO,0,151.040,149.600,1440.0,151.330,149.800,1530.0,106.250,13.89,1240.0,339.8,151.040,149.800,152.570,BREAK,2000.09.21 19:00,0,,0,,0,,0,NA,NewYork,BREAK,2000.09.22 10:00,BREAK,2000.09.22 12:00,148.360,UNTOUCHED,,0,,0,,0,,0,NA,Other,NA,,NA,,152.280,BREAK,2000.09.21 19:00,0,,0,,0,,0,NA,NewYork,BREAK,2000.09.22 07:00,BREAK,2000.09.22 11:00,148.560,UNTOUCHED,,0,,0,,0,,0,NA,Other,NA,,NA,,B-ZH-BR,S-ZF-UN,B-ZG-BR,B-ZC-BR,S-ZO-UN,S-ZF-UN,S-ZD-BR,S-ZB-BR,S-ZF-BR,S-ZO-BR,B-ZF-BR,B-ZH-BO,S-ZO-BO,B-ZE-BR,B-ZF-UN,S-ZH-BR,S-ZO-BO,S-ZF-BR,S-ZD-BO,B-ZH-BO
138,2000.09.22 00:00,GBPJPY,60,86400,BUY,ZF,1,151.330,149.800,1530.0,153.390,150.110,3280.0,214.379,20.26,1220.0,361.1,151.330,150.110,154.610,BREAK,2000.09.22 10:00,0,,0,,0,,0,NA,London,BREAK,2000.09.22 13:00,BREAK,2000.09.25 02:00,148.580,UNTOUCHED,,0,,0,,0,,0,NA,Other,NA,,NA,,152.550,BREAK,2000.09.22 00:00,0,,0,,0,,0,NA,Asia,BREAK,2000.09.22 10:00,BREAK,2000.09.22 12:00,148.890,UNTOUCHED,,0,,0,,0,,0,NA,Other,NA,,NA,,B-ZO-BR,B-ZH-BR,S-ZF-UN,B-ZG-BR,B-ZC-BR,S-ZO-UN,S-ZF-UN,S-ZD-BR,S-ZB-BR,S-ZF-BR,B-ZH-BO,S-ZO-BO,B-ZE-BR,B-ZF-UN,S-ZH-BR,S-ZO-BO,S-ZF-BR,S-ZD-BO,B-ZH-BO,S-ZH-BR
139,2000.09.23 00:00,GBPJPY,60,86400,BUY,ZH,1,153.390,150.110,3280.0,156.920,150.380,6540.0,199.390,8.23,3010.0,774.1,153.390,150.380,159.930,BOUNCE,2000.10.02 09:00,1,2000.10.26 11:00,0,,0,,1,3w 3d,London,NA,,NA,,147.100,UNTOUCHED,,0,,0,,0,,0,NA,Other,NA,,NA,,156.400,BOUNCE,2000.09.23 00:00,0,,0,,0,,0,NA,Asia,NA,,NA,,147.370,UNTOUCHED,,0,,0,,0,,0,NA,Other,NA,,NA,,B-ZF-BR,B-ZO-BR,B-ZH-BR,S-ZF-UN,B-ZG-BR,B-ZC-BR,S-ZO-UN,S-ZF-UN,S-ZD-BR,S-ZB-BR,S-ZO-BO,B-ZE-BR,B-ZF-UN,S-ZH-BR,S-ZO-BO,S-ZF-BR,S-ZD-BO,B-ZH-BO,S-ZH-BR,B-ZG-BO
140,2000.09.27 00:00,GBPJPY,60,86400,SELL,ZO,0,157.890,155.770,2120.0,157.620,155.610,2010.0,94.811,12.74,1850.0,500.3,157.620,155.770,153.760,BOUNCE,2000.10.26 12:00,1,2000.10.27 19:00,1,2000.10.30 15:00,0,,2,4d 3h,London,NA,,NA,,159.740,BOUNCE,2000.09.29 16:00,1,2000.10.16 10:00,1,2000.10.26 11:00,1,2000.10.26 12:00,3,3w 5d,NewYork,NA,,NA,,153.920,BOUNCE,2000.10.26 11:00,1,2000.10.30 15:00,0,,0,,1,4d 4h,London,NA,,NA,,159.470,BREAK,2000.09.29 16:00,0,,0,,0,,0,NA,NewYork,UNTOUCHED,,NA,,B-ZH-BO,B-ZF-BR,B-ZO-BR,B-ZH-BR,S-ZF-UN,B-ZG-BR,B-ZC-BR,S-ZO-UN,S-ZF-UN,S-ZD-BR,B-ZE-BR,B-ZF-UN,S-ZH-BR,S-ZO-BO,S-ZF-BR,S-ZD-BO,B-ZH-BO,S-ZH-BR,B-ZG-BO,B-ZF-UN
141,2000.09.28 00:00,GBPJPY,60,86400,BUY,ZE,1,157.620,155.610,2010.0,158.180,156.590,1590.0,79.104,48.76,1030.0,474.4,157.620,156.590,159.210,BREAK,2000.09.29 15:00,0,,0,,0,,0,NA,NewYork,UNTOUCHED,,NA,,154.580,BREAK,2000.10.25 19:00,0,,0,,0,,0,NA,NewYork,BOUNCE,2000.10.26 15:00,NA,,158.650,BREAK,2000.09.29 14:00,0,,0,,0,,0,NA,NewYork,BREAK,2000.10.02 10:00,UNTOUCHED,,155.560,BREAK,2000.10.17 12:00,0,,0,,0,,0,NA,London,BREAK,2000.10.26 11:00,BOUNCE,2000.10.26 15:00,S-ZO-BO,B-ZH-BO,B-ZF-BR,B-ZO-BR,B-ZH-BR,S-ZF-UN,B-ZG-BR,B-ZC-BR,S-ZO-UN,S-ZF-UN,B-ZF-UN,S-ZH-BR,S-ZO-BO,S-ZF-BR,S-ZD-BO,B-ZH-BO,S-ZH-BR,B-ZG-BO,B-ZF-UN,S-ZO-BR
142,2000.09.30 00:00,GBPJPY,60,86400,BUY,ZF,1,158.160,156.920,1240.0,159.850,157.120,2730.0,220.161,16.13,1040.0,292.6,158.160,157.120,160.890,UNTOUCHED,,0,,0,,0,,0,NA,Other,NA,,NA,,155.880,BREAK,2000.10.17 12:00,0,,0,,0,,0,NA,London,BOUNCE,2000.10.19 05:00,NA,,159.200,BREAK,2000.09.30 00:00,0,,0,,0,,0,NA,Asia,UNTOUCHED,,NA,,156.080,BOUNCE,2000.10.13 20:00,1,2000.10.30 15:00,1,2000.10.30 15:00,0,,2,2w 2d,NewYork,NA,,NA,,B-ZE-BR,S-ZO-BO,B-ZH-BO,B-ZF-BR,B-ZO-BR,B-ZH-BR,S-ZF-UN,B-ZG-BR,B-ZC-BR,S-ZO-UN,S-ZH-BR,S-ZO-BO,S-ZF-BR,S-ZD-BO,B-ZH-BO,S-ZH-BR,B-ZG-BO,B-ZF-UN,S-ZO-BR,B-ZB-BO
143,2000.10.04 00:00,GBPJPY,60,86400,SELL,ZH,1,160.180,159.190,990.0,159.870,158.110,1760.0,177.778,31.31,680.0,233.6,159.870,159.190,157.430,BREAK,2000.10.06 02:00,0,,0,,0,,0,NA,Asia,BREAK,2000.10.10 17:00,BOUNCE,2000.10.13 20:00,160.860,UNTOUCHED,,0,,0,,0,,0,NA,Other,NA,,NA,,158.510,BREAK,2000.10.04 03:00,0,,0,,0,,0,NA,Asia,BREAK,2000.10.05 23:00,BOUNCE,2000.10.06 11:00,160.550,UNTOUCHED,,0,,0,,0,,0,NA,Other,NA,,NA,,B-ZF-UN,B-ZE-BR,S-ZO-BO,B-ZH-BO,B-ZF-BR,B-ZO-BR,B-ZH-BR,S-ZF-UN,B-ZG-BR,B-ZC-BR,S-ZO-BO,S-ZF-BR,S-ZD-BO,B-ZH-BO,S-ZH-BR,B-ZG-BO,B-ZF-UN,S-ZO-BR,B-ZB-BO,S-ZB-BR
144,2000.10.05 00:00,GBPJPY,60,86400,SELL,ZO,0,159.870,158.110,1760.0,159.810,157.920,1890.0,107.386,3.41,1700.0,415.4,159.810,158.110,156.220,BOUNCE,2000.10.10 19:00,1,2000.10.13 11:00,0,,0,,1,2d 16h,NewYork,NA,,NA,,161.570,UNTOUCHED,,0,,0,,0,,0,NA,Other,NA,,NA,,156.410,BOUNCE,2000.10.10 17:00,0,,0,,0,,0,NA,NewYork,NA,,NA,,161.510,UNTOUCHED,,0,,0,,0,,0,NA,Other,NA,,NA,,S-ZH-BR,B-ZF-UN,B-ZE-BR,S-ZO-BO,B-ZH-BO,B-ZF-BR,B-ZO-BR,B-ZH-BR,S-ZF-UN,B-ZG-BR,S-ZF-BR,S-ZD-BO,B-ZH-BO,S-ZH-BR,B-ZG-BO,B-ZF-UN,S-ZO-BR,B-ZB-BO,S-ZB-BR,S-ZD-BR
145,2000.10.06 00:00,GBPJPY,60,86400,SELL,ZF,0,159.810,157.920,1890.0,159.710,157.540,2170.0,114.815,5.29,1790.0,446.0,159.710,157.920,155.750,BREAK,2000.10.17 12:00,0,,0,,0,,0,NA,London,BREAK,2000.10.26 12:00,BREAK,2000.11.09 12:00,161.600,UNTOUCHED,,0,,0,,0,,0,NA,Other,NA,,NA,,156.130,BREAK,2000.10.13 20:00,0,,0,,0,,0,NA,NewYork,BREAK,2000.10.26 11:00,BREAK,2000.11.09 09:00,161.500,UNTOUCHED,,0,,0,,0,,0,NA,Other,NA,,NA,,S-ZO-BO,S-ZH-BR,B-ZF-UN,B-ZE-BR,S-ZO-BO,B-ZH-BO,B-ZF-BR,B-ZO-BR,B-ZH-BR,S-ZF-UN,S-ZD-BO,B-ZH-BO,S-ZH-BR,B-ZG-BO,B-ZF-UN,S-ZO-BR,B-ZB-BO,S-ZB-BR,S-ZD-BR,S-ZE-BO
146,2000.10.07 00:00,GBPJPY,60,86400,SELL,ZD,1,159.710,157.540,2170.0,158.100,156.890,1210.0,55.760,74.19,560.0,512.1,158.100,157.540,156.330,BOUNCE,2000.10.10 17:00,1,2000.10.11 04:00,1,2000.10.12 17:00,0,,2,2d 0h,NewYork,NA,,NA,,160.270,UNTOUCHED,,0,,0,,0,,0,NA,Other,NA,,NA,,156.980,BREAK,2000.10.10 16:00,0,,0,,0,,0,NA,NewYork,BOUNCE,2000.10.10 23:00,NA,,158.660,BOUNCE,2000.10.12 17:00,1,2000.10.13 18:00,1,2000.10.13 18:00,0,,2,1d 1h,NewYork,NA,,NA,,S-ZF-BR,S-ZO-BO,S-ZH-BR,B-ZF-UN,B-ZE-BR,S-ZO-BO,B-ZH-BO,B-ZF-BR,B-ZO-BR,B-ZH-BR,B-ZH-BO,S-ZH-BR,B-ZG-BO,B-ZF-UN,S-ZO-BR,B-ZB-BO,S-ZB-BR,S-ZD-BR,S-ZE-BO,B-ZD-BR
147,2000.10.10 00:00,GBPJPY,60,86400,BUY,ZH,1,157.510,157.260,250.0,158.030,157.330,700.0,280.000,28.00,180.0,59.0,157.510,157.330,158.210,BOUNCE,2000.10.12 16:00,1,2000.10.13 15:00,1,2000.10.13 17:00,1,2000.10.13 18:00,3,1d 2h,NewYork,NA,,NA,,157.080,BREAK,2000.10.10 04:00,0,,0,,0,,0,NA,Asia,BREAK,2000.10.10 17:00,BREAK,2000.10.10 18:00,157.690,BOUNCE,2000.10.10 00:00,1,2000.10.10 04:00,1,2000.10.10 04:00,0,,2,4h,Asia,NA,,NA,,157.150,BREAK,2000.10.10 04:00,0,,0,,0,,0,NA,Asia,BREAK,2000.10.10 16:00,BREAK,2000.10.10 17:00,S-ZD-BO,S-ZF-BR,S-ZO-BO,S-ZH-BR,B-ZF-UN,B-ZE-BR,S-ZO-BO,B-ZH-BO,B-ZF-BR,B-ZO-BR,S-ZH-BR,B-ZG-BO,B-ZF-UN,S-ZO-BR,B-ZB-BO,S-ZB-BR,S-ZD-BR,S-ZE-BO,B-ZD-BR,S-ZO-BR
148,2000.10.11 00:00,GBPJPY,60,86400,SELL,ZH,1,158.030,157.330,700.0,157.960,156.200,1760.0,251.429,10.00,630.0,165.2,157.960,157.330,155.570,BREAK,2000.10.17 12:00,0,,0,,0,,0,NA,London,BREAK,2000.10.18 19:00,BREAK,2000.10.26 11:00,158.660,BREAK,2000.10.12 17:00,0,,0,,0,,0,NA,NewYork,BREAK,2000.10.13 11:00,UNTOUCHED,,156.700,BOUNCE,2000.10.11 00:00,1,2000.10.12 17:00,1,2000.10.12 17:00,0,,2,1d 17h,Asia,NA,,NA,,158.590,BREAK,2000.10.12 17:00,0,,0,,0,,0,NA,NewYork,BREAK,2000.10.13 11:00,UNTOUCHED,,B-ZH-BO,S-ZD-BO,S-ZF-BR,S-ZO-BO,S-ZH-BR,B-ZF-UN,B-ZE-BR,S-ZO-BO,B-ZH-BO,B-ZF-BR,B-ZG-BO,B-ZF-UN,S-ZO-BR,B-ZB-BO,S-ZB-BR,S-ZD-BR,S-ZE-BO,B-ZD-BR,S-ZO-BR,S-ZF-BR
149,2000.10.12 00:00,GBPJPY,60,86400,BUY,ZG,0,157.960,156.200,1760.0,158.150,156.690,1460.0,82.955,27.84,1270.0,415.4,157.960,156.690,159.420,BOUNCE,2000.10.13 11:00,1,2000.10.13 18:00,1,2000.10.17 12:00,1,2000.10.18 19:00,3,5d 8h,London,NA,,NA,,154.930,BOUNCE,2000.10.18 19:00,1,2000.10.20 08:00,1,2000.10.30 15:00,1,2000.10.30 15:00,3,1w 4d,NewYork,NA,,NA,,159.230,BREAK,2000.10.13 11:00,0,,0,,0,,0,NA,London,UNTOUCHED,,NA,,155.420,BREAK,2000.10.17 12:00,0,,0,,0,,0,NA,London,BREAK,2000.10.26 12:00,BREAK,2000.11.09 05:00,S-ZH-BR,B-ZH-BO,S-ZD-BO,S-ZF-BR,S-ZO-BO,S-ZH-BR,B-ZF-UN,B-ZE-BR,S-ZO-BO,B-ZH-BO,B-ZF-UN,S-ZO-BR,B-ZB-BO,S-ZB-BR,S-ZD-BR,S-ZE-BO,B-ZD-BR,S-ZO-BR,S-ZF-BR,S-ZH-BO
150,2000.10.13 00:00,GBPJPY,60,86400,BUY,ZF,0,158.150,156.690,1460.0,158.950,156.830,2120.0,145.205,9.59,1320.0,344.6,158.150,156.830,160.270,UNTOUCHED,,0,,0,,0,,0,NA,Other,NA,,NA,,155.370,BREAK,2000.10.17 12:00,0,,0,,0,,0,NA,London,BREAK,2000.10.26 12:00,BREAK,2000.11.09 08:00,159.470,BOUNCE,2000.10.13 11:00,1,2000.10.17 12:00,1,2000.10.17 12:00,0,,2,4d 1h,London,NA,,NA,,155.510,BREAK,2000.10.17 12:00,0,,0,,0,,0,NA,London,BREAK,2000.10.26 12:00,BREAK,2000.11.09 01:00,B-ZG-BO,S-ZH-BR,B-ZH-BO,S-ZD-BO,S-ZF-BR,S-ZO-BO,S-ZH-BR,B-ZF-UN,B-ZE-BR,S-ZO-BO,S-ZO-BR,B-ZB-BO,S-ZB-BR,S-ZD-BR,S-ZE-BO,B-ZD-BR,S-ZO-BR,S-ZF-BR,S-ZH-BO,S-ZH-BR
151,2000.10.18 00:00,GBPJPY,60,86400,SELL,ZO,1,157.190,155.970,1220.0,156.810,155.000,1810.0,148.361,31.15,840.0,287.9,156.810,155.970,154.160,BREAK,2000.10.26 11:00,0,,0,,0,,0,NA,London,BREAK,2000.11.07 11:00,BREAK,2000.11.09 09:00,158.030,BOUNCE,2000.10.20 15:00,1,2000.10.24 20:00,1,2000.10.25 18:00,1,2000.10.26 11:00,3,5d 20h,NewYork,NA,,NA,,155.130,BREAK,2000.10.18 19:00,0,,0,,0,,0,NA,NewYork,BREAK,2000.10.26 11:00,BREAK,2000.11.06 20:00,157.650,BREAK,2000.10.20 14:00,0,,0,,0,,0,NA,NewYork,BREAK,2000.10.23 11:00,BOUNCE,2000.10.30 17:00,B-ZF-UN,B-ZG-BO,S-ZH-BR,B-ZH-BO,S-ZD-BO,S-ZF-BR,S-ZO-BO,S-ZH-BR,B-ZF-UN,B-ZE-BR,B-ZB-BO,S-ZB-BR,S-ZD-BR,S-ZE-BO,B-ZD-BR,S-ZO-BR,S-ZF-BR,S-ZH-BO,S-ZH-BR,S-ZE-BO
152,2000.10.21 00:00,GBPJPY,60,86400,BUY,ZB,1,157.120,155.360,1760.0,158.180,156.570,1610.0,91.477,68.75,550.0,415.4,157.120,156.570,158.730,BOUNCE,2000.10.23 11:00,1,2000.10.23 15:00,1,2000.10.25 12:00,1,2000.10.25 18:00,3,2d 7h,London,NA,,NA,,154.810,BOUNCE,2000.10.25 18:00,1,2000.10.27 10:00,1,2000.10.27 19:00,1,2000.10.30 13:00,3,4d 19h,NewYork,NA,,NA,,157.670,BREAK,2000.10.21 00:00,0,,0,,0,,0,NA,Asia,BREAK,2000.10.23 04:00,BOUNCE,2000.10.23 14:00,156.020,BREAK,2000.10.25 12:00,0,,0,,0,,0,NA,London,BREAK,2000.10.25 18:00,BREAK,2000.10.25 19:00,S-ZO-BR,B-ZF-UN,B-ZG-BO,S-ZH-BR,B-ZH-BO,S-ZD-BO,S-ZF-BR,S-ZO-BO,S-ZH-BR,B-ZF-UN,S-ZB-BR,S-ZD-BR,S-ZE-BO,B-ZD-BR,S-ZO-BR,S-ZF-BR,S-ZH-BO,S-ZH-BR,S-ZE-BO,S-ZG-UN
153,2000.10.25 00:00,GBPJPY,60,86400,SELL,ZB,1,158.910,156.940,1970.0,157.740,156.210,1530.0,77.665,59.39,800.0,464.9,157.740,156.940,155.410,BREAK,2000.10.25 16:00,0,,0,,0,,0,NA,NewYork,BOUNCE,2000.10.26 06:00,NA,,159.710,BREAK,2000.12.01 12:00,0,,0,,0,,0,NA,London,BOUNCE,2000.12.01 17:00,NA,,156.140,BREAK,2000.10.25 02:00,0,,0,,0,,0,NA,Asia,BREAK,2000.10.25 18:00,BOUNCE,2000.10.25 23:00,158.540,BREAK,2000.10.30 12:00,0,,0,,0,,0,NA,London,BOUNCE,2000.10.30 17:00,NA,,B-ZB-BO,S-ZO-BR,B-ZF-UN,B-ZG-BO,S-ZH-BR,B-ZH-BO,S-ZD-BO,S-ZF-BR,S-ZO-BO,S-ZH-BR,S-ZD-BR,S-ZE-BO,B-ZD-BR,S-ZO-BR,S-ZF-BR,S-ZH-BO,S-ZH-BR,S-ZE-BO,S-ZG-UN,B-ZF-BO
154,2000.10.26 00:00,GBPJPY,60,86400,SELL,ZD,1,157.740,156.210,1530.0,156.740,154.370,2370.0,154.902,65.36,530.0,361.1,156.740,156.210,153.840,BREAK,2000.10.26 12:00,0,,0,,0,,0,NA,London,BREAK,2000.11.07 11:00,BOUNCE,2000.11.07 12:00,158.270,BREAK,2000.10.28 00:00,0,,0,,0,,0,NA,Asia,BREAK,2000.10.30 14:00,BOUNCE,2000.10.30 15:00,155.680,BREAK,2000.10.26 00:00,0,,0,,0,,0,NA,Asia,BREAK,2000.10.26 10:00,BREAK,2000.10.26 11:00,157.270,BOUNCE,2000.10.27 18:00,1,2000.11.03 12:00,1,2000.11.03 12:00,0,,2,6d 18h,NewYork,NA,,NA,,S-ZB-BR,B-ZB-BO,S-ZO-BR,B-ZF-UN,B-ZG-BO,S-ZH-BR,B-ZH-BO,S-ZD-BO,S-ZF-BR,S-ZO-BO,S-ZE-BO,B-ZD-BR,S-ZO-BR,S-ZF-BR,S-ZH-BO,S-ZH-BR,S-ZE-BO,S-ZG-UN,B-ZF-BO,B-ZO-BR
155,2000.10.27 00:00,GBPJPY,60,86400,SELL,ZE,1,156.740,154.370,2370.0,155.800,153.470,2330.0,98.312,39.66,1430.0,559.3,155.800,154.370,152.040,BOUNCE,2000.11.09 09:00,1,2000.11.13 19:00,1,2000.11.21 11:00,1,2000.11.29 20:00,3,2w 6d,London,NA,,NA,,158.170,BREAK,2000.10.28 00:00,0,,0,,0,,0,NA,Asia,BREAK,2000.12.01 15:00,BREAK,2000.12.04 19:00,152.940,BREAK,2000.11.07 11:00,0,,0,,0,,0,NA,London,UNTOUCHED,,NA,,157.230,BREAK,2000.10.27 18:00,0,,0,,0,,0,NA,NewYork,BREAK,2000.10.30 15:00,BREAK,2000.12.01 16:00,S-ZD-BR,S-ZB-BR,B-ZB-BO,S-ZO-BR,B-ZF-UN,B-ZG-BO,S-ZH-BR,B-ZH-BO,S-ZD-BO,S-ZF-BR,B-ZD-BR,S-ZO-BR,S-ZF-BR,S-ZH-BO,S-ZH-BR,S-ZE-BO,S-ZG-UN,B-ZF-BO,B-ZO-BR,B-ZG-BR
156,2000.10.28 00:00,GBPJPY,60,86400,BUY,ZD,1,155.800,153.470,2330.0,158.080,155.100,2980.0,127.897,69.96,700.0,549.9,155.800,155.100,158.780,BREAK,2000.10.30 14:00,0,,0,,0,,0,NA,NewYork,BOUNCE,2000.12.01 11:00,NA,,152.770,BOUNCE,2000.11.07 12:00,1,2000.11.10 02:00,1,2000.11.20 21:00,1,2000.12.01 11:00,3,3w 2d,London,NA,,NA,,156.500,BREAK,2000.10.28 00:00,0,,0,,0,,0,NA,Asia,BREAK,2000.10.28 01:00,BREAK,2000.10.30 12:00,154.400,BREAK,2000.11.06 16:00,0,,0,,0,,0,NA,NewYork,BREAK,2000.11.06 20:00,BOUNCE,2000.11.07 14:00,S-ZE-BO,S-ZD-BR,S-ZB-BR,B-ZB-BO,S-ZO-BR,B-ZF-UN,B-ZG-BO,S-ZH-BR,B-ZH-BO,S-ZD-BO,S-ZO-BR,S-ZF-BR,S-ZH-BO,S-ZH-BR,S-ZE-BO,S-ZG-UN,B-ZF-BO,B-ZO-BR,B-ZG-BR,B-ZO-BR
157,2000.11.01 00:00,GBPJPY,60,86400,SELL,ZO,0,159.470,157.750,1720.0,158.830,157.300,1530.0,88.953,37.21,1080.0,405.9,158.830,157.750,156.220,BREAK,2000.11.02 20:00,0,,0,,0,,0,NA,NewYork,BREAK,2000.11.06 14:00,BREAK,2000.11.06 20:00,160.550,BOUNCE,2000.12.01 16:00,0,,0,,0,,0,NA,NewYork,NA,,NA,,156.670,BREAK,2000.11.01 13:00,0,,0,,0,,0,NA,NewYork,BOUNCE,2000.11.03 13:00,NA,,159.910,BREAK,2000.12.01 13:00,0,,0,,0,,0,NA,NewYork,BREAK,2000.12.04 18:00,BOUNCE,2000.12.12 15:00,B-ZD-BR,S-ZE-BO,S-ZD-BR,S-ZB-BR,B-ZB-BO,S-ZO-BR,B-ZF-UN,B-ZG-BO,S-ZH-BR,B-ZH-BO,S-ZF-BR,S-ZH-BO,S-ZH-BR,S-ZE-BO,S-ZG-UN,B-ZF-BO,B-ZO-BR,B-ZG-BR,B-ZO-BR,B-ZE-BO
158,2000.11.02 00:00,GBPJPY,60,86400,SELL,ZF,0,158.830,157.300,1530.0,158.300,156.420,1880.0,122.876,34.64,1000.0,361.1,158.300,157.300,155.420,BREAK,2000.11.03 16:00,0,,0,,0,,0,NA,NewYork,BREAK,2000.11.06 16:00,BREAK,2000.11.07 11:00,159.830,BREAK,2000.12.01 12:00,0,,0,,0,,0,NA,London,BREAK,2000.12.04 18:00,BOUNCE,2000.12.05 04:00,156.300,BREAK,2000.11.02 20:00,0,,0,,0,,0,NA,NewYork,BREAK,2000.11.03 17:00,BREAK,2000.11.06 17:00,159.300,BOUNCE,2000.12.01 11:00,0,,0,,0,,0,NA,London,NA,,NA,,S-ZO-BR,B-ZD-BR,S-ZE-BO,S-ZD-BR,S-ZB-BR,B-ZB-BO,S-ZO-BR,B-ZF-UN,B-ZG-BO,S-ZH-BR,S-ZH-BO,S-ZH-BR,S-ZE-BO,S-ZG-UN,B-ZF-BO,B-ZO-BR,B-ZG-BR,B-ZO-BR,B-ZE-BO,S-ZB-BO
159,2000.11.03 00:00,GBPJPY,60,86400,SELL,ZH,0,158.300,156.420,1880.0,157.640,156.140,1500.0,79.787,35.11,1220.0,443.7,157.640,156.420,154.920,BOUNCE,2000.11.03 17:00,1,2000.11.29 17:00,1,2000.12.01 11:00,1,2000.12.01 12:00,3,3w 6d,NewYork,NA,,NA,,159.520,BREAK,2000.12.01 12:00,0,,0,,0,,0,NA,London,BREAK,2000.12.04 18:00,BREAK,2000.12.13 07:00,155.200,BREAK,2000.11.03 16:00,0,,0,,0,,0,NA,NewYork,BREAK,2000.11.06 20:00,BREAK,2000.11.09 09:00,158.860,BREAK,2000.12.01 11:00,0,,0,,0,,0,NA,London,BREAK,2000.12.01 16:00,BREAK,2000.12.04 20:00,S-ZF-BR,S-ZO-BR,B-ZD-BR,S-ZE-BO,S-ZD-BR,S-ZB-BR,B-ZB-BO,S-ZO-BR,B-ZF-UN,B-ZG-BO,S-ZH-BR,S-ZE-BO,S-ZG-UN,B-ZF-BO,B-ZO-BR,B-ZG-BR,B-ZO-BR,B-ZE-BO,S-ZB-BO,B-ZO-BR
160,2000.11.04 00:00,GBPJPY,60,86400,SELL,ZH,1,157.640,156.140,1500.0,157.360,154.810,2550.0,170.000,18.67,1220.0,354.0,157.360,156.140,153.590,BREAK,2000.11.06 20:00,0,,0,,0,,0,NA,NewYork,BREAK,2000.11.09 11:00,UNTOUCHED,,158.860,BREAK,2000.12.01 11:00,0,,0,,0,,0,NA,London,BREAK,2000.12.01 16:00,BREAK,2000.12.04 20:00,154.920,BREAK,2000.11.04 00:00,0,,0,,0,,0,NA,Asia,BREAK,2000.11.06 20:00,BREAK,2000.11.09 09:00,158.580,BOUNCE,2000.11.30 00:00,0,,0,,0,,0,NA,Asia,NA,,NA,,S-ZH-BO,S-ZF-BR,S-ZO-BR,B-ZD-BR,S-ZE-BO,S-ZD-BR,S-ZB-BR,B-ZB-BO,S-ZO-BR,B-ZF-UN,S-ZE-BO,S-ZG-UN,B-ZF-BO,B-ZO-BR,B-ZG-BR,B-ZO-BR,B-ZE-BO,S-ZB-BO,B-ZO-BR,B-ZF-BR
161,2000.11.08 00:00,GBPJPY,60,86400,SELL,ZE,1,155.900,153.090,2810.0,153.890,152.670,1220.0,43.416,71.53,800.0,663.2,153.890,153.090,151.870,BOUNCE,2000.11.09 11:00,1,2000.11.09 18:00,1,2000.11.13 17:00,1,2000.11.20 21:00,3,1w 4d,London,NA,,NA,,156.700,BOUNCE,2000.11.20 21:00,1,2000.11.22 16:00,0,,0,,1,1d 19h,Other,NA,,NA,,152.290,BREAK,2000.11.09 09:00,0,,0,,0,,0,NA,London,UNTOUCHED,,NA,,154.690,BREAK,2000.11.13 17:00,0,,0,,0,,0,NA,NewYork,BOUNCE,2000.11.16 11:00,NA,,S-ZH-BR,S-ZH-BO,S-ZF-BR,S-ZO-BR,B-ZD-BR,S-ZE-BO,S-ZD-BR,S-ZB-BR,B-ZB-BO,S-ZO-BR,S-ZG-UN,B-ZF-BO,B-ZO-BR,B-ZG-BR,B-ZO-BR,B-ZE-BO,S-ZB-BO,B-ZO-BR,B-ZF-BR,S-ZF-UN
162,2000.11.09 00:00,GBPJPY,60,86400,SELL,ZG,0,153.890,152.670,1220.0,153.840,152.540,1300.0,106.557,4.10,1170.0,287.9,153.840,152.670,151.370,UNTOUCHED,,0,,0,,0,,0,NA,Other,NA,,NA,,155.060,BREAK,2000.11.14 05:00,0,,0,,0,,0,NA,Asia,BREAK,2000.11.20 21:00,BREAK,2000.11.29 18:00,151.500,UNTOUCHED,,0,,0,,0,,0,NA,Other,NA,,NA,,155.010,BREAK,2000.11.13 20:00,0,,0,,0,,0,NA,NewYork,BREAK,2000.11.20 18:00,BREAK,2000.11.29 17:00,S-ZE-BO,S-ZH-BR,S-ZH-BO,S-ZF-BR,S-ZO-BR,B-ZD-BR,S-ZE-BO,S-ZD-BR,S-ZB-BR,B-ZB-BO,B-ZF-BO,B-ZO-BR,B-ZG-BR,B-ZO-BR,B-ZE-BO,S-ZB-BO,B-ZO-BR,B-ZF-BR,S-ZF-UN,B-ZH-BR
163,2000.11.14 00:00,GBPJPY,60,86400,BUY,ZF,1,154.290,153.710,580.0,155.030,153.900,1130.0,194.828,32.76,390.0,136.9,154.290,153.900,155.420,BOUNCE,2000.11.14 10:00,1,2000.11.14 13:00,0,,0,,1,3h,London,NA,,NA,,153.320,UNTOUCHED,,0,,0,,0,,0,NA,Other,NA,,NA,,154.680,BREAK,2000.11.14 00:00,0,,0,,0,,0,NA,Asia,BREAK,2000.11.14 09:00,BOUNCE,2000.11.14 11:00,153.510,UNTOUCHED,,0,,0,,0,,0,NA,Other,NA,,NA,,S-ZG-UN,S-ZE-BO,S-ZH-BR,S-ZH-BO,S-ZF-BR,S-ZO-BR,B-ZD-BR,S-ZE-BO,S-ZD-BR,S-ZB-BR,B-ZO-BR,B-ZG-BR,B-ZO-BR,B-ZE-BO,S-ZB-BO,B-ZO-BR,B-ZF-BR,S-ZF-UN,B-ZH-BR,B-ZF-BR
164,2000.11.15 00:00,GBPJPY,60,86400,BUY,ZO,0,155.030,153.900,1130.0,155.480,154.140,1340.0,118.584,21.24,890.0,266.7,155.030,154.140,156.370,BREAK,2000.11.20 17:00,0,,0,,0,,0,NA,NewYork,BOUNCE,2000.11.21 15:00,NA,,153.010,UNTOUCHED,,0,,0,,0,,0,NA,Other,NA,,NA,,155.920,BREAK,2000.11.20 17:00,0,,0,,0,,0,NA,NewYork,BREAK,2000.11.21 11:00,BREAK,2000.11.29 18:00,153.250,UNTOUCHED,,0,,0,,0,,0,NA,Other,NA,,NA,,B-ZF-BO,S-ZG-UN,S-ZE-BO,S-ZH-BR,S-ZH-BO,S-ZF-BR,S-ZO-BR,B-ZD-BR,S-ZE-BO,S-ZD-BR,B-ZG-BR,B-ZO-BR,B-ZE-BO,S-ZB-BO,B-ZO-BR,B-ZF-BR,S-ZF-UN,B-ZH-BR,B-ZF-BR,B-ZE-BR
165,2000.11.16 00:00,GBPJPY,60,86400,BUY,ZG,0,155.480,154.140,1340.0,155.510,154.380,1130.0,84.328,17.91,1100.0,316.2,155.480,154.380,156.610,BREAK,2000.11.20 21:00,0,,0,,0,,0,NA,Other,BREAK,2000.11.29 18:00,BREAK,2000.12.01 11:00,153.040,UNTOUCHED,,0,,0,,0,,0,NA,Other,NA,,NA,,156.580,BREAK,2000.11.20 21:00,0,,0,,0,,0,NA,Other,BREAK,2000.11.29 18:00,BREAK,2000.12.01 11:00,153.280,UNTOUCHED,,0,,0,,0,,0,NA,Other,NA,,NA,,B-ZO-BR,B-ZF-BO,S-ZG-UN,S-ZE-BO,S-ZH-BR,S-ZH-BO,S-ZF-BR,S-ZO-BR,B-ZD-BR,S-ZE-BO,B-ZO-BR,B-ZE-BO,S-ZB-BO,B-ZO-BR,B-ZF-BR,S-ZF-UN,B-ZH-BR,B-ZF-BR,B-ZE-BR,B-ZF-BR
166,2000.11.18 00:00,GBPJPY,60,86400,BUY,ZO,0,155.470,154.560,910.0,155.550,154.600,950.0,104.396,4.40,870.0,214.8,155.470,154.600,156.420,BREAK,2000.11.20 17:00,0,,0,,0,,0,NA,NewYork,BOUNCE,2000.11.21 15:00,NA,,153.690,UNTOUCHED,,0,,0,,0,,0,NA,Other,NA,,NA,,156.340,BREAK,2000.11.20 17:00,0,,0,,0,,0,NA,NewYork,BOUNCE,2000.11.21 15:00,NA,,153.730,UNTOUCHED,,0,,0,,0,,0,NA,Other,NA,,NA,,B-ZG-BR,B-ZO-BR,B-ZF-BO,S-ZG-UN,S-ZE-BO,S-ZH-BR,S-ZH-BO,S-ZF-BR,S-ZO-BR,B-ZD-BR,B-ZE-BO,S-ZB-BO,B-ZO-BR,B-ZF-BR,S-ZF-UN,B-ZH-BR,B-ZF-BR,B-ZE-BR,B-ZF-BR,B-ZB-BO
167,2000.11.22 00:00,GBPJPY,60,86400,BUY,ZE,1,156.860,154.710,2150.0,157.340,155.740,1600.0,74.419,47.91,1120.0,507.4,156.860,155.740,158.460,BOUNCE,2000.11.29 20:00,0,,0,,0,,0,NA,NewYork,NA,,NA,,153.590,UNTOUCHED,,0,,0,,0,,0,NA,Other,NA,,NA,,157.980,BREAK,2000.11.29 18:00,0,,0,,0,,0,NA,NewYork,BREAK,2000.12.01 12:00,BOUNCE,2000.12.01 18:00,154.620,BOUNCE,2000.11.23 01:00,1,2000.11.29 18:00,1,2000.11.29 18:00,0,,2,6d 17h,Asia,NA,,NA,,B-ZO-BR,B-ZG-BR,B-ZO-BR,B-ZF-BO,S-ZG-UN,S-ZE-BO,S-ZH-BR,S-ZH-BO,S-ZF-BR,S-ZO-BR,S-ZB-BO,B-ZO-BR,B-ZF-BR,S-ZF-UN,B-ZH-BR,B-ZF-BR,B-ZE-BR,B-ZF-BR,B-ZB-BO,S-ZG-UN
168,2000.11.23 00:00,GBPJPY,60,86400,SELL,ZB,1,157.340,155.740,1600.0,156.310,154.900,1410.0,88.125,64.38,570.0,377.6,156.310,155.740,154.330,BOUNCE,2000.11.23 18:00,1,2000.11.24 12:00,1,2000.11.27 13:00,1,2000.11.29 18:00,3,6d 0h,NewYork,NA,,NA,,157.910,BREAK,2000.11.29 18:00,0,,0,,0,,0,NA,NewYork,BOUNCE,2000.11.30 03:00,NA,,155.170,BREAK,2000.11.23 00:00,0,,0,,0,,0,NA,Asia,BOUNCE,2000.11.23 05:00,NA,,156.880,BOUNCE,2000.11.27 13:00,0,,0,,0,,0,NA,NewYork,NA,,NA,,B-ZE-BO,B-ZO-BR,B-ZG-BR,B-ZO-BR,B-ZF-BO,S-ZG-UN,S-ZE-BO,S-ZH-BR,S-ZH-BO,S-ZF-BR,B-ZO-BR,B-ZF-BR,S-ZF-UN,B-ZH-BR,B-ZF-BR,B-ZE-BR,B-ZF-BR,B-ZB-BO,S-ZG-UN,B-ZD-BR
169,2000.12.01 00:00,GBPJPY,60,86400,BUY,ZO,0,158.550,155.940,2610.0,158.600,156.920,1680.0,64.368,37.55,1630.0,616.0,158.550,156.920,160.230,BREAK,2000.12.01 15:00,0,,0,,0,,0,NA,NewYork,BOUNCE,2000.12.05 12:00,NA,,154.310,UNTOUCHED,,0,,0,,0,,0,NA,Other,NA,,NA,,160.180,BREAK,2000.12.01 15:00,0,,0,,0,,0,NA,NewYork,BOUNCE,2000.12.05 12:00,NA,,155.290,UNTOUCHED,,0,,0,,0,,0,NA,Other,NA,,NA,,S-ZB-BO,B-ZE-BO,B-ZO-BR,B-ZG-BR,B-ZO-BR,B-ZF-BO,S-ZG-UN,S-ZE-BO,S-ZH-BR,S-ZH-BO,B-ZF-BR,S-ZF-UN,B-ZH-BR,B-ZF-BR,B-ZE-BR,B-ZF-BR,B-ZB-BO,S-ZG-UN,B-ZD-BR,B-ZF-BR
170,2000.12.02 00:00,GBPJPY,60,86400,BUY,ZF,1,158.600,156.920,1680.0,160.680,157.100,3580.0,213.095,10.71,1500.0,396.5,158.600,157.100,162.180,BREAK,2000.12.12 11:00,0,,0,,0,,0,NA,London,BREAK,2000.12.14 07:00,BREAK,2000.12.15 03:00,155.420,UNTOUCHED,,0,,0,,0,,0,NA,Other,NA,,NA,,160.100,BREAK,2000.12.02 00:00,0,,0,,0,,0,NA,Asia,BOUNCE,2000.12.05 14:00,NA,,155.600,UNTOUCHED,,0,,0,,0,,0,NA,Other,NA,,NA,,B-ZO-BR,S-ZB-BO,B-ZE-BO,B-ZO-BR,B-ZG-BR,B-ZO-BR,B-ZF-BO,S-ZG-UN,S-ZE-BO,S-ZH-BR,S-ZF-UN,B-ZH-BR,B-ZF-BR,B-ZE-BR,B-ZF-BR,B-ZB-BO,S-ZG-UN,B-ZD-BR,B-ZF-BR,B-ZB-BO
171,2000.12.06 00:00,GBPJPY,60,86400,SELL,ZF,0,161.920,159.580,2340.0,161.640,159.150,2490.0,106.410,11.97,2060.0,552.2,161.640,159.580,157.090,UNTOUCHED,,0,,0,,0,,0,NA,Other,NA,,NA,,163.980,BREAK,2000.12.14 07:00,0,,0,,0,,0,NA,London,BOUNCE,2000.12.19 14:00,NA,,157.520,UNTOUCHED,,0,,0,,0,,0,NA,Other,NA,,NA,,163.700,BREAK,2000.12.13 21:00,0,,0,,0,,0,NA,Other,BREAK,2000.12.15 12:00,BREAK,2000.12.26 21:00,B-ZF-BR,B-ZO-BR,S-ZB-BO,B-ZE-BO,B-ZO-BR,B-ZG-BR,B-ZO-BR,B-ZF-BO,S-ZG-UN,S-ZE-BO,B-ZH-BR,B-ZF-BR,B-ZE-BR,B-ZF-BR,B-ZB-BO,S-ZG-UN,B-ZD-BR,B-ZF-BR,B-ZB-BO,B-ZE-BO
172,2000.12.08 00:00,GBPJPY,60,86400,BUY,ZH,1,159.650,158.440,1210.0,160.460,158.850,1610.0,133.058,33.88,800.0,285.6,159.650,158.850,161.260,BREAK,2000.12.08 16:00,0,,0,,0,,0,NA,NewYork,BOUNCE,2000.12.12 13:00,NA,,157.640,UNTOUCHED,,0,,0,,0,,0,NA,Other,NA,,NA,,160.450,BREAK,2000.12.08 12:00,0,,0,,0,,0,NA,London,BREAK,2000.12.08 16:00,BOUNCE,2000.12.12 13:00,158.050,UNTOUCHED,,0,,0,,0,,0,NA,Other,NA,,NA,,S-ZF-UN,B-ZF-BR,B-ZO-BR,S-ZB-BO,B-ZE-BO,B-ZO-BR,B-ZG-BR,B-ZO-BR,B-ZF-BO,S-ZG-UN,B-ZF-BR,B-ZE-BR,B-ZF-BR,B-ZB-BO,S-ZG-UN,B-ZD-BR,B-ZF-BR,B-ZB-BO,B-ZE-BO,B-ZG-BR
173,2000.12.09 00:00,GBPJPY,60,86400,BUY,ZF,1,160.460,158.850,1610.0,161.640,159.440,2200.0,136.646,36.65,1020.0,380.0,160.460,159.440,162.660,BREAK,2000.12.13 07:00,0,,0,,0,,0,NA,London,BREAK,2000.12.14 07:00,BREAK,2000.12.14 12:00,157.830,UNTOUCHED,,0,,0,,0,,0,NA,Other,NA,,NA,,161.480,BOUNCE,2000.12.11 02:00,0,,0,,0,,0,NA,Asia,NA,,NA,,158.420,UNTOUCHED,,0,,0,,0,,0,NA,Other,NA,,NA,,B-ZH-BR,S-ZF-UN,B-ZF-BR,B-ZO-BR,S-ZB-BO,B-ZE-BO,B-ZO-BR,B-ZG-BR,B-ZO-BR,B-ZF-BO,B-ZE-BR,B-ZF-BR,B-ZB-BO,S-ZG-UN,B-ZD-BR,B-ZF-BR,B-ZB-BO,B-ZE-BO,B-ZG-BR,B-ZG-BO
174,2000.12.13 00:00,GBPJPY,60,86400,BUY,ZE,1,161.740,159.890,1850.0,162.220,160.870,1350.0,72.973,52.97,870.0,436.6,161.740,160.870,163.090,BREAK,2000.12.13 08:00,0,,0,,0,,0,NA,London,BREAK,2000.12.14 08:00,BREAK,2000.12.14 15:00,159.020,UNTOUCHED,,0,,0,,0,,0,NA,Other,NA,,NA,,162.610,BREAK,2000.12.13 07:00,0,,0,,0,,0,NA,London,BREAK,2000.12.14 07:00,BREAK,2000.12.14 10:00,160.000,UNTOUCHED,,0,,0,,0,,0,NA,Other,NA,,NA,,B-ZF-BR,B-ZH-BR,S-ZF-UN,B-ZF-BR,B-ZO-BR,S-ZB-BO,B-ZE-BO,B-ZO-BR,B-ZG-BR,B-ZO-BR,B-ZF-BR,B-ZB-BO,S-ZG-UN,B-ZD-BR,B-ZF-BR,B-ZB-BO,B-ZE-BO,B-ZG-BR,B-ZG-BO,S-ZE-BR
175,2000.12.14 00:00,GBPJPY,60,86400,BUY,ZF,1,162.220,160.870,1350.0,163.840,161.260,2580.0,191.111,28.89,960.0,318.6,162.220,161.260,164.800,BREAK,2000.12.14 10:00,0,,0,,0,,0,NA,London,BREAK,2000.12.15 07:00,BREAK,2000.12.21 05:00,159.910,UNTOUCHED,,0,,0,,0,,0,NA,Other,NA,,NA,,163.180,BREAK,2000.12.14 00:00,0,,0,,0,,0,NA,Asia,BREAK,2000.12.14 08:00,BREAK,2000.12.14 16:00,160.300,UNTOUCHED,,0,,0,,0,,0,NA,Other,NA,,NA,,B-ZE-BR,B-ZF-BR,B-ZH-BR,S-ZF-UN,B-ZF-BR,B-ZO-BR,S-ZB-BO,B-ZE-BO,B-ZO-BR,B-ZG-BR,B-ZB-BO,S-ZG-UN,B-ZD-BR,B-ZF-BR,B-ZB-BO,B-ZE-BO,B-ZG-BR,B-ZG-BO,S-ZE-BR,B-ZO-BR
176,2000.12.16 00:00,GBPJPY,60,86400,BUY,ZB,1,165.530,163.390,2140.0,166.400,164.720,1680.0,78.505,62.15,810.0,505.0,165.530,164.720,167.210,BOUNCE,2000.12.22 22:00,0,,0,,0,,0,NA,Other,NA,,NA,,162.580,UNTOUCHED,,0,,0,,0,,0,NA,Other,NA,,NA,,166.340,BOUNCE,2000.12.18 05:00,1,2000.12.19 14:00,0,,0,,1,1d 9h,Asia,NA,,NA,,163.910,BOUNCE,2000.12.19 14:00,1,2000.12.20 22:00,1,2000.12.20 22:00,0,,2,1d 8h,NewYork,NA,,NA,,B-ZF-BR,B-ZE-BR,B-ZF-BR,B-ZH-BR,S-ZF-UN,B-ZF-BR,B-ZO-BR,S-ZB-BO,B-ZE-BO,B-ZO-BR,S-ZG-UN,B-ZD-BR,B-ZF-BR,B-ZB-BO,B-ZE-BO,B-ZG-BR,B-ZG-BO,S-ZE-BR,B-ZO-BR,B-ZF-UN
177,2000.12.20 00:00,GBPJPY,60,86400,SELL,ZG,0,166.590,163.990,2600.0,165.770,163.690,2080.0,80.000,31.54,1780.0,613.6,165.770,163.990,161.910,UNTOUCHED,,0,,0,,0,,0,NA,Other,NA,,NA,,168.370,BREAK,2000.12.26 21:00,0,,0,,0,,0,NA,Other,BREAK,2000.12.27 20:00,BREAK,2001.01.03 14:00,162.210,UNTOUCHED,,0,,0,,0,,0,NA,Other,NA,,NA,,167.550,BREAK,2000.12.26 03:00,0,,0,,0,,0,NA,Asia,BREAK,2000.12.27 04:00,BREAK,2000.12.29 10:00,B-ZB-BO,B-ZF-BR,B-ZE-BR,B-ZF-BR,B-ZH-BR,S-ZF-UN,B-ZF-BR,B-ZO-BR,S-ZB-BO,B-ZE-BO,B-ZD-BR,B-ZF-BR,B-ZB-BO,B-ZE-BO,B-ZG-BR,B-ZG-BO,S-ZE-BR,B-ZO-BR,B-ZF-UN,B-ZO-UN
178,2000.12.21 00:00,GBPJPY,60,86400,BUY,ZD,1,165.770,163.690,2080.0,166.920,164.950,1970.0,94.712,60.58,820.0,490.9,165.770,164.950,167.740,BREAK,2000.12.26 04:00,0,,0,,0,,0,NA,Asia,BREAK,2000.12.27 03:00,BREAK,2000.12.27 04:00,162.870,UNTOUCHED,,0,,0,,0,,0,NA,Other,NA,,NA,,166.590,BOUNCE,2000.12.21 00:00,0,,0,,0,,0,NA,Asia,NA,,NA,,164.130,UNTOUCHED,,0,,0,,0,,0,NA,Other,NA,,NA,,S-ZG-UN,B-ZB-BO,B-ZF-BR,B-ZE-BR,B-ZF-BR,B-ZH-BR,S-ZF-UN,B-ZF-BR,B-ZO-BR,S-ZB-BO,B-ZF-BR,B-ZB-BO,B-ZE-BO,B-ZG-BR,B-ZG-BO,S-ZE-BR,B-ZO-BR,B-ZF-UN,B-ZO-UN,B-ZH-UN
179,2000.12.23 00:00,GBPJPY,60,86400,BUY,ZF,0,167.060,164.640,2420.0,167.370,165.060,2310.0,95.455,17.36,2000.0,571.1,167.060,165.060,169.370,BREAK,2000.12.27 03:00,0,,0,,0,,0,NA,Asia,BREAK,2001.01.02 20:00,BREAK,2001.01.05 02:00,162.640,UNTOUCHED,,0,,0,,0,,0,NA,Other,NA,,NA,,169.060,BREAK,2000.12.27 03:00,0,,0,,0,,0,NA,Asia,BREAK,2000.12.29 10:00,BREAK,2001.01.04 23:00,163.060,UNTOUCHED,,0,,0,,0,,0,NA,Other,NA,,NA,,B-ZD-BR,S-ZG-UN,B-ZB-BO,B-ZF-BR,B-ZE-BR,B-ZF-BR,B-ZH-BR,S-ZF-UN,B-ZF-BR,B-ZO-BR,B-ZB-BO,B-ZE-BO,B-ZG-BR,B-ZG-BO,S-ZE-BR,B-ZO-BR,B-ZF-UN,B-ZO-UN,B-ZH-UN,S-ZF-BR
180,2000.12.27 00:00,GBPJPY,60,86400,BUY,ZB,1,167.290,166.120,1170.0,168.830,166.710,2120.0,181.197,50.43,580.0,276.1,167.290,166.710,169.410,BOUNCE,2000.12.27 03:00,1,2001.02.06 11:00,0,,0,,1,5w 6d,Asia,NA,,NA,,165.540,UNTOUCHED,,0,,0,,0,,0,NA,Other,NA,,NA,,167.870,BREAK,2000.12.27 00:00,0,,0,,0,,0,NA,Asia,BREAK,2000.12.27 02:00,BREAK,2000.12.27 03:00,166.130,UNTOUCHED,,0,,0,,0,,0,NA,Other,NA,,NA,,B-ZF-BR,B-ZD-BR,S-ZG-UN,B-ZB-BO,B-ZF-BR,B-ZE-BR,B-ZF-BR,B-ZH-BR,S-ZF-UN,B-ZF-BR,B-ZE-BO,B-ZG-BR,B-ZG-BO,S-ZE-BR,B-ZO-BR,B-ZF-UN,B-ZO-UN,B-ZH-UN,S-ZF-BR,B-ZE-UN
181,2000.12.29 00:00,GBPJPY,60,86400,BUY,ZE,1,171.180,168.380,2800.0,171.590,170.370,1220.0,43.571,71.07,810.0,660.8,171.180,170.370,172.400,BOUNCE,2001.01.03 12:00,1,2001.01.03 22:00,1,2001.01.03 22:00,1,2001.02.06 19:00,3,4w 6d,London,NA,,NA,,167.570,BOUNCE,2001.02.06 19:00,1,2001.02.07 13:00,0,,0,,1,18h,NewYork,NA,,NA,,171.990,BREAK,2001.01.02 20:00,0,,0,,0,,0,NA,NewYork,BREAK,2001.01.04 22:00,BREAK,2001.01.05 02:00,169.560,BOUNCE,2001.01.03 22:00,1,2001.01.04 11:00,1,2001.01.04 11:00,0,,2,13h,Other,NA,,NA,,B-ZB-BO,B-ZF-BR,B-ZD-BR,S-ZG-UN,B-ZB-BO,B-ZF-BR,B-ZE-BR,B-ZF-BR,B-ZH-BR,S-ZF-UN,B-ZG-BR,B-ZG-BO,S-ZE-BR,B-ZO-BR,B-ZF-UN,B-ZO-UN,B-ZH-UN,S-ZF-BR,B-ZE-UN,S-ZD-BR
182,2000.12.30 00:00,GBPJPY,60,86400,BUY,ZG,0,171.590,170.370,1220.0,171.840,170.520,1320.0,108.197,12.30,1070.0,287.9,171.590,170.520,172.910,BREAK,2001.01.04 21:00,0,,0,,0,,0,NA,Other,BREAK,2001.01.05 02:00,BREAK,2001.01.05 05:00,169.300,BOUNCE,2001.01.03 23:00,1,2001.01.04 11:00,1,2001.01.04 20:00,1,2001.01.04 21:00,3,22h,Other,NA,,NA,,172.660,BOUNCE,2001.01.03 15:00,1,2001.01.03 22:00,1,2001.01.03 23:00,0,,2,8h,NewYork,NA,,NA,,169.450,BREAK,2001.01.03 22:00,0,,0,,0,,0,NA,Other,BREAK,2001.02.06 13:00,BOUNCE,2001.02.07 12:00,B-ZE-BO,B-ZB-BO,B-ZF-BR,B-ZD-BR,S-ZG-UN,B-ZB-BO,B-ZF-BR,B-ZE-BR,B-ZF-BR,B-ZH-BR,B-ZG-BO,S-ZE-BR,B-ZO-BR,B-ZF-UN,B-ZO-UN,B-ZH-UN,S-ZF-BR,B-ZE-UN,S-ZD-BR,S-ZH-BR
183,2001.01.02 01:00,GBPJPY,60,86400,BUY,ZG,0,171.140,170.660,480.0,171.210,170.780,430.0,89.583,25.00,360.0,113.3,171.140,170.780,171.570,BOUNCE,2001.01.02 02:00,1,2001.01.02 11:00,1,2001.01.02 17:00,1,2001.01.03 21:00,3,1d 19h,Asia,NA,,NA,,170.300,BREAK,2001.01.03 21:00,0,,0,,0,,0,NA,Other,BREAK,2001.01.03 22:00,BREAK,2001.01.03 23:00,171.500,BREAK,2001.01.02 02:00,0,,0,,0,,0,NA,Asia,BOUNCE,2001.01.02 19:00,NA,,170.420,BOUNCE,2001.01.02 17:00,1,2001.01.02 19:00,1,2001.01.02 19:00,0,,2,2h,NewYork,NA,,NA,,B-ZG-BR,B-ZE-BO,B-ZB-BO,B-ZF-BR,B-ZD-BR,S-ZG-UN,B-ZB-BO,B-ZF-BR,B-ZE-BR,B-ZF-BR,S-ZE-BR,B-ZO-BR,B-ZF-UN,B-ZO-UN,B-ZH-UN,S-ZF-BR,B-ZE-UN,S-ZD-BR,S-ZH-BR,B-ZB-BR
184,2001.01.10 00:00,GBPJPY,60,86400,SELL,ZE,1,175.740,172.810,2930.0,174.220,171.930,2290.0,78.157,51.88,1410.0,691.5,174.220,172.810,170.520,BREAK,2001.01.22 03:00,0,,0,,0,,0,NA,Asia,BOUNCE,2001.01.22 18:00,NA,,177.150,BOUNCE,2001.01.12 08:00,1,2001.01.12 17:00,1,2001.01.19 23:00,1,2001.01.22 03:00,3,1w 2d,London,NA,,NA,,171.400,BREAK,2001.01.19 23:00,0,,0,,0,,0,NA,Other,BREAK,2001.01.22 16:00,BREAK,2001.02.06 16:00,175.630,BREAK,2001.01.11 15:00,0,,0,,0,,0,NA,NewYork,BOUNCE,2001.01.12 13:00,NA,,B-ZG-BO,B-ZG-BR,B-ZE-BO,B-ZB-BO,B-ZF-BR,B-ZD-BR,S-ZG-UN,B-ZB-BO,B-ZF-BR,B-ZE-BR,B-ZO-BR,B-ZF-UN,B-ZO-UN,B-ZH-UN,S-ZF-BR,B-ZE-UN,S-ZD-BR,S-ZH-BR,B-ZB-BR,B-ZG-BR
185,2001.01.11 00:00,GBPJPY,60,86400,BUY,ZO,0,174.220,171.930,2290.0,174.420,172.270,2150.0,93.886,14.85,1950.0,540.4,174.220,172.270,176.370,BREAK,2001.01.11 20:00,0,,0,,0,,0,NA,NewYork,UNTOUCHED,,NA,,169.980,BREAK,2001.01.22 13:00,0,,0,,0,,0,NA,NewYork,BREAK,2001.02.06 19:00,BREAK,2001.02.20 16:00,176.170,BREAK,2001.01.11 15:00,0,,0,,0,,0,NA,NewYork,UNTOUCHED,,NA,,170.320,BREAK,2001.01.22 03:00,0,,0,,0,,0,NA,Asia,BREAK,2001.02.06 16:00,BREAK,2001.02.20 15:00,S-ZE-BR,B-ZG-BO,B-ZG-BR,B-ZE-BO,B-ZB-BO,B-ZF-BR,B-ZD-BR,S-ZG-UN,B-ZB-BO,B-ZF-BR,B-ZF-UN,B-ZO-UN,B-ZH-UN,S-ZF-BR,B-ZE-UN,S-ZD-BR,S-ZH-BR,B-ZB-BR,B-ZG-BR,S-ZD-BR
186,2001.01.12 00:00,GBPJPY,60,86400,BUY,ZF,1,174.420,172.270,2150.0,176.390,172.930,3460.0,160.930,30.70,1490.0,507.4,174.420,172.930,177.880,UNTOUCHED,,0,,0,,0,,0,NA,Other,NA,,NA,,170.780,BREAK,2001.01.22 02:00,0,,0,,0,,0,NA,Asia,BOUNCE,2001.01.22 19:00,NA,,175.910,BREAK,2001.01.12 00:00,0,,0,,0,,0,NA,Asia,BOUNCE,2001.01.12 13:00,NA,,171.440,BREAK,2001.01.19 23:00,0,,0,,0,,0,NA,Other,BREAK,2001.01.22 16:00,BREAK,2001.02.06 14:00,B-ZO-BR,S-ZE-BR,B-ZG-BO,B-ZG-BR,B-ZE-BO,B-ZB-BO,B-ZF-BR,B-ZD-BR,S-ZG-UN,B-ZB-BO,B-ZO-UN,B-ZH-UN,S-ZF-BR,B-ZE-UN,S-ZD-BR,S-ZH-BR,B-ZB-BR,B-ZG-BR,S-ZD-BR,S-ZE-BO
187,2001.01.13 00:00,GBPJPY,60,86400,BUY,ZO,0,176.390,172.930,3460.0,177.680,173.880,3800.0,109.827,27.46,2510.0,816.6,176.390,173.880,180.190,UNTOUCHED,,0,,0,,0,,0,NA,Other,NA,,NA,,170.420,BREAK,2001.01.22 03:00,0,,0,,0,,0,NA,Asia,BOUNCE,2001.02.09 19:00,NA,,178.900,UNTOUCHED,,0,,0,,0,,0,NA,Other,NA,,NA,,171.370,BREAK,2001.01.19 23:00,0,,0,,0,,0,NA,Other,BREAK,2001.02.06 13:00,BREAK,2001.02.20 16:00,B-ZF-UN,B-ZO-BR,S-ZE-BR,B-ZG-BO,B-ZG-BR,B-ZE-BO,B-ZB-BO,B-ZF-BR,B-ZD-BR,S-ZG-UN,B-ZH-UN,S-ZF-BR,B-ZE-UN,S-ZD-BR,S-ZH-BR,B-ZB-BR,B-ZG-BR,S-ZD-BR,S-ZE-BO,B-ZD-BO
188,2001.01.16 00:00,GBPJPY,60,86400,BUY,ZH,1,175.510,174.830,680.0,176.450,175.000,1450.0,213.235,25.00,510.0,160.5,175.510,175.000,176.960,UNTOUCHED,,0,,0,,0,,0,NA,Other,NA,,NA,,174.320,BREAK,2001.01.16 09:00,0,,0,,0,,0,NA,London,BOUNCE,2001.01.16 12:00,NA,,176.020,BREAK,2001.01.18 03:00,0,,0,,0,,0,NA,Asia,UNTOUCHED,,NA,,174.490,BREAK,2001.01.16 07:00,0,,0,,0,,0,NA,London,BREAK,2001.01.16 12:00,BOUNCE,2001.01.16 13:00,B-ZO-UN,B-ZF-UN,B-ZO-BR,S-ZE-BR,B-ZG-BO,B-ZG-BR,B-ZE-BO,B-ZB-BO,B-ZF-BR,B-ZD-BR,S-ZF-BR,B-ZE-UN,S-ZD-BR,S-ZH-BR,B-ZB-BR,B-ZG-BR,S-ZD-BR,S-ZE-BO,B-ZD-BO,S-ZF-BR
189,2001.01.17 00:00,GBPJPY,60,86400,SELL,ZF,1,176.450,175.000,1450.0,176.010,171.760,4250.0,293.103,30.34,1010.0,342.2,176.010,175.000,170.750,BREAK,2001.01.22 02:00,0,,0,,0,,0,NA,Asia,BREAK,2001.01.22 16:00,BREAK,2001.02.06 11:00,177.460,UNTOUCHED,,0,,0,,0,,0,NA,Other,NA,,NA,,173.990,BREAK,2001.01.17 00:00,0,,0,,0,,0,NA,Asia,BREAK,2001.01.17 04:00,BOUNCE,2001.01.19 18:00,177.020,UNTOUCHED,,0,,0,,0,,0,NA,Other,NA,,NA,,B-ZH-UN,B-ZO-UN,B-ZF-UN,B-ZO-BR,S-ZE-BR,B-ZG-BO,B-ZG-BR,B-ZE-BO,B-ZB-BO,B-ZF-BR,B-ZE-UN,S-ZD-BR,S-ZH-BR,B-ZB-BR,B-ZG-BR,S-ZD-BR,S-ZE-BO,B-ZD-BO,S-ZF-BR,S-ZD-BO
190,2001.01.19 00:00,GBPJPY,60,86400,BUY,ZE,1,175.330,172.000,3330.0,176.470,173.310,3160.0,94.895,39.34,2020.0,785.9,175.330,173.310,178.490,UNTOUCHED,,0,,0,,0,,0,NA,Other,NA,,NA,,169.980,BREAK,2001.01.22 13:00,0,,0,,0,,0,NA,NewYork,BOUNCE,2001.02.07 19:00,NA,,177.350,UNTOUCHED,,0,,0,,0,,0,NA,Other,NA,,NA,,171.290,BREAK,2001.01.19 23:00,0,,0,,0,,0,NA,Other,BOUNCE,2001.01.23 04:00,NA,,S-ZF-BR,B-ZH-UN,B-ZO-UN,B-ZF-UN,B-ZO-BR,S-ZE-BR,B-ZG-BO,B-ZG-BR,B-ZE-BO,B-ZB-BO,S-ZD-BR,S-ZH-BR,B-ZB-BR,B-ZG-BR,S-ZD-BR,S-ZE-BO,B-ZD-BO,S-ZF-BR,S-ZD-BO,B-ZG-BR
191,2001.01.20 00:00,GBPJPY,60,86400,SELL,ZD,1,176.470,173.310,3160.0,174.610,171.240,3370.0,106.646,58.86,1300.0,745.8,174.610,173.310,169.940,BREAK,2001.01.22 13:00,0,,0,,0,,0,NA,NewYork,BREAK,2001.02.06 16:00,BOUNCE,2001.02.07 12:00,177.770,UNTOUCHED,,0,,0,,0,,0,NA,Other,NA,,NA,,172.010,BREAK,2001.01.20 00:00,0,,0,,0,,0,NA,Asia,BREAK,2001.01.22 13:00,BOUNCE,2001.01.22 19:00,175.910,UNTOUCHED,,0,,0,,0,,0,NA,Other,NA,,NA,,B-ZE-UN,S-ZF-BR,B-ZH-UN,B-ZO-UN,B-ZF-UN,B-ZO-BR,S-ZE-BR,B-ZG-BO,B-ZG-BR,B-ZE-BO,S-ZH-BR,B-ZB-BR,B-ZG-BR,S-ZD-BR,S-ZE-BO,B-ZD-BO,S-ZF-BR,S-ZD-BO,B-ZG-BR,S-ZG-UN
192,2001.01.23 00:00,GBPJPY,60,86400,SELL,ZH,1,171.630,171.230,400.0,171.560,169.090,2470.0,617.500,17.50,330.0,94.4,171.560,171.230,168.760,BREAK,2001.02.06 11:00,0,,0,,0,,0,NA,London,BREAK,2001.02.06 12:00,BREAK,2001.02.06 14:00,171.960,BREAK,2001.01.23 07:00,0,,0,,0,,0,NA,London,BREAK,2001.01.23 08:00,BREAK,2001.01.23 14:00,170.900,BREAK,2001.01.23 00:00,0,,0,,0,,0,NA,Asia,BREAK,2001.01.23 01:00,BREAK,2001.01.25 13:00,171.890,BREAK,2001.01.23 07:00,0,,0,,0,,0,NA,London,BREAK,2001.01.23 08:00,BOUNCE,2001.01.23 13:00,S-ZD-BR,B-ZE-UN,S-ZF-BR,B-ZH-UN,B-ZO-UN,B-ZF-UN,B-ZO-BR,S-ZE-BR,B-ZG-BO,B-ZG-BR,B-ZB-BR,B-ZG-BR,S-ZD-BR,S-ZE-BO,B-ZD-BO,S-ZF-BR,S-ZD-BO,B-ZG-BR,S-ZG-UN,B-ZF-BR
193,2001.01.24 00:00,GBPJPY,60,86400,BUY,ZB,1,171.560,169.090,2470.0,173.000,170.220,2780.0,112.551,45.75,1340.0,582.9,171.560,170.220,174.340,BREAK,2001.03.02 14:00,0,,0,,0,,0,NA,NewYork,BREAK,2001.03.05 14:00,BOUNCE,2001.03.12 15:00,167.750,BOUNCE,2001.02.06 17:00,1,2001.02.09 19:00,1,2001.03.02 11:00,1,2001.03.02 14:00,3,3w 2d,NewYork,NA,,NA,,172.900,BOUNCE,2001.01.24 13:00,1,2001.02.06 11:00,1,2001.02.06 17:00,0,,2,1w 6d,NewYork,NA,,NA,,168.880,BREAK,2001.02.06 11:00,0,,0,,0,,0,NA,London,BOUNCE,2001.02.07 13:00,NA,,S-ZH-BR,S-ZD-BR,B-ZE-UN,S-ZF-BR,B-ZH-UN,B-ZO-UN,B-ZF-UN,B-ZO-BR,S-ZE-BR,B-ZG-BO,B-ZG-BR,S-ZD-BR,S-ZE-BO,B-ZD-BO,S-ZF-BR,S-ZD-BO,B-ZG-BR,S-ZG-UN,B-ZF-BR,B-ZH-BO
194,2001.01.25 00:00,GBPJPY,60,86400,BUY,ZG,0,173.000,170.220,2780.0,173.220,170.960,2260.0,81.295,26.62,2040.0,656.1,173.000,170.960,175.260,BREAK,2001.03.02 16:00,0,,0,,0,,0,NA,NewYork,BOUNCE,2001.03.23 03:00,NA,,168.180,BREAK,2001.02.06 13:00,0,,0,,0,,0,NA,NewYork,BREAK,2001.02.20 16:00,UNTOUCHED,,175.040,BREAK,2001.03.02 15:00,0,,0,,0,,0,NA,NewYork,BOUNCE,2001.03.13 12:00,NA,,168.920,BREAK,2001.02.06 11:00,0,,0,,0,,0,NA,London,BREAK,2001.02.20 15:00,UNTOUCHED,,B-ZB-BR,S-ZH-BR,S-ZD-BR,B-ZE-UN,S-ZF-BR,B-ZH-UN,B-ZO-UN,B-ZF-UN,B-ZO-BR,S-ZE-BR,S-ZD-BR,S-ZE-BO,B-ZD-BO,S-ZF-BR,S-ZD-BO,B-ZG-BR,S-ZG-UN,B-ZF-BR,B-ZH-BO,S-ZF-BR
195,2001.01.26 00:00,GBPJPY,60,86400,SELL,ZD,1,173.220,170.960,2260.0,171.840,169.080,2760.0,122.124,61.06,880.0,533.4,171.840,170.960,168.200,BREAK,2001.02.06 12:00,0,,0,,0,,0,NA,London,BOUNCE,2001.02.07 11:00,NA,,174.100,BREAK,2001.03.02 14:00,0,,0,,0,,0,NA,NewYork,BREAK,2001.03.02 18:00,BOUNCE,2001.03.05 17:00,170.080,BOUNCE,2001.01.26 16:00,1,2001.03.02 11:00,1,2001.03.02 14:00,0,,2,4w 6d,NewYork,NA,,NA,,172.720,BREAK,2001.03.02 11:00,0,,0,,0,,0,NA,London,BREAK,2001.03.02 14:00,BREAK,2001.03.02 15:00,B-ZG-BR,B-ZB-BR,S-ZH-BR,S-ZD-BR,B-ZE-UN,S-ZF-BR,B-ZH-UN,B-ZO-UN,B-ZF-UN,B-ZO-BR,S-ZE-BO,B-ZD-BO,S-ZF-BR,S-ZD-BO,B-ZG-BR,S-ZG-UN,B-ZF-BR,B-ZH-BO,S-ZF-BR,S-ZE-BR
196,2001.01.31 00:00,GBPJPY,60,86400,SELL,ZE,1,172.040,169.450,2590.0,170.810,169.020,1790.0,69.112,47.49,1360.0,611.2,170.810,169.450,167.660,BOUNCE,2001.02.06 19:00,1,2001.02.09 19:00,1,2001.03.02 10:00,1,2001.03.02 11:00,3,3w 2d,NewYork,NA,,NA,,173.400,BREAK,2001.03.02 11:00,0,,0,,0,,0,NA,London,BREAK,2001.03.02 16:00,BOUNCE,2001.03.05 18:00,168.090,BREAK,2001.02.06 13:00,0,,0,,0,,0,NA,NewYork,BOUNCE,2001.02.16 11:00,NA,,172.170,BREAK,2001.03.02 10:00,0,,0,,0,,0,NA,London,BREAK,2001.03.02 14:00,BREAK,2001.03.02 18:00,S-ZD-BR,B-ZG-BR,B-ZB-BR,S-ZH-BR,S-ZD-BR,B-ZE-UN,S-ZF-BR,B-ZH-UN,B-ZO-UN,B-ZF-UN,B-ZD-BO,S-ZF-BR,S-ZD-BO,B-ZG-BR,S-ZG-UN,B-ZF-BR,B-ZH-BO,S-ZF-BR,S-ZE-BR,S-ZH-BO
197,2001.02.02 00:00,GBPJPY,60,86400,BUY,ZD,1,170.570,169.030,1540.0,171.570,170.110,1460.0,94.805,70.13,460.0,363.4,170.570,170.110,172.030,BOUNCE,2001.03.02 10:00,0,,0,,0,,0,NA,London,NA,,NA,,168.570,BOUNCE,2001.02.06 11:00,1,2001.02.07 16:00,1,2001.02.12 09:00,1,2001.03.02 10:00,3,3w 2d,London,NA,,NA,,171.030,BOUNCE,2001.02.02 01:00,1,2001.02.02 18:00,1,2001.02.06 11:00,0,,2,4d 10h,Asia,NA,,NA,,169.650,BOUNCE,2001.02.02 18:00,1,2001.02.12 09:00,1,2001.02.12 09:00,0,,2,1w 2d,NewYork,NA,,NA,,S-ZE-BO,S-ZD-BR,B-ZG-BR,B-ZB-BR,S-ZH-BR,S-ZD-BR,B-ZE-UN,S-ZF-BR,B-ZH-UN,B-ZO-UN,S-ZF-BR,S-ZD-BO,B-ZG-BR,S-ZG-UN,B-ZF-BR,B-ZH-BO,S-ZF-BR,S-ZE-BR,S-ZH-BO,S-ZE-UN
198,2001.02.03 00:00,GBPJPY,60,86400,SELL,ZF,0,171.570,170.110,1460.0,171.230,169.530,1700.0,116.438,23.29,1120.0,344.6,171.230,170.110,168.410,BREAK,2001.02.06 11:00,0,,0,,0,,0,NA,London,BOUNCE,2001.02.07 12:00,NA,,172.690,BREAK,2001.03.02 11:00,0,,0,,0,,0,NA,London,BREAK,2001.03.02 14:00,BREAK,2001.03.02 16:00,168.990,BREAK,2001.02.06 01:00,0,,0,,0,,0,NA,Asia,BREAK,2001.02.06 19:00,BOUNCE,2001.02.16 11:00,172.350,BREAK,2001.03.02 11:00,0,,0,,0,,0,NA,London,BREAK,2001.03.02 13:00,BREAK,2001.03.02 15:00,B-ZD-BO,S-ZE-BO,S-ZD-BR,B-ZG-BR,B-ZB-BR,S-ZH-BR,S-ZD-BR,B-ZE-UN,S-ZF-BR,B-ZH-UN,S-ZD-BO,B-ZG-BR,S-ZG-UN,B-ZF-BR,B-ZH-BO,S-ZF-BR,S-ZE-BR,S-ZH-BO,S-ZE-UN,B-ZD-BO
199,2001.02.07 00:00,GBPJPY,60,86400,SELL,ZD,1,170.940,169.010,1930.0,169.770,167.190,2580.0,133.679,60.62,760.0,455.5,169.770,169.010,166.430,BOUNCE,2001.02.20 13:00,1,2001.02.21 10:00,1,2001.03.01 16:00,1,2001.03.02 09:00,3,1w 2d,NewYork,NA,,NA,,171.700,BREAK,2001.03.02 09:00,0,,0,,0,,0,NA,London,BREAK,2001.03.02 11:00,BREAK,2001.03.02 13:00,168.250,BREAK,2001.02.07 00:00,0,,0,,0,,0,NA,Asia,BOUNCE,2001.02.07 11:00,NA,,170.530,BREAK,2001.02.12 04:00,0,,0,,0,,0,NA,Asia,BOUNCE,2001.02.12 15:00,NA,,S-ZF-BR,B-ZD-BO,S-ZE-BO,S-ZD-BR,B-ZG-BR,B-ZB-BR,S-ZH-BR,S-ZD-BR,B-ZE-UN,S-ZF-BR,B-ZG-BR,S-ZG-UN,B-ZF-BR,B-ZH-BO,S-ZF-BR,S-ZE-BR,S-ZH-BO,S-ZE-UN,B-ZD-BO,S-ZG-UN
200,2001.02.08 00:00,GBPJPY,60,86400,BUY,ZG,0,169.770,167.190,2580.0,170.230,167.300,2930.0,113.566,4.26,2470.0,608.9,169.770,167.300,172.700,BREAK,2001.03.02 11:00,0,,0,,0,,0,NA,London,BREAK,2001.03.05 14:00,BREAK,2001.03.30 11:00,164.720,UNTOUCHED,,0,,0,,0,,0,NA,Other,NA,,NA,,172.240,BREAK,2001.03.02 10:00,0,,0,,0,,0,NA,London,BREAK,2001.03.02 16:00,BOUNCE,2001.03.23 08:00,164.830,UNTOUCHED,,0,,0,,0,,0,NA,Other,NA,,NA,,S-ZD-BO,S-ZF-BR,B-ZD-BO,S-ZE-BO,S-ZD-BR,B-ZG-BR,B-ZB-BR,S-ZH-BR,S-ZD-BR,B-ZE-UN,S-ZG-UN,B-ZF-BR,B-ZH-BO,S-ZF-BR,S-ZE-BR,S-ZH-BO,S-ZE-UN,B-ZD-BO,S-ZG-UN,B-ZC-BR
201,2001.02.09 00:00,GBPJPY,60,86400,SELL,ZG,0,170.230,167.300,2930.0,169.470,167.150,2320.0,79.181,25.94,2170.0,691.5,169.470,167.300,164.980,UNTOUCHED,,0,,0,,0,,0,NA,Other,NA,,NA,,172.400,BREAK,2001.03.02 11:00,0,,0,,0,,0,NA,London,BREAK,2001.03.02 16:00,BOUNCE,2001.03.13 13:00,165.130,UNTOUCHED,,0,,0,,0,,0,NA,Other,NA,,NA,,171.640,BREAK,2001.03.02 09:00,0,,0,,0,,0,NA,London,BREAK,2001.03.02 14:00,BOUNCE,2001.03.06 08:00,B-ZG-BR,S-ZD-BO,S-ZF-BR,B-ZD-BO,S-ZE-BO,S-ZD-BR,B-ZG-BR,B-ZB-BR,S-ZH-BR,S-ZD-BR,B-ZF-BR,B-ZH-BO,S-ZF-BR,S-ZE-BR,S-ZH-BO,S-ZE-UN,B-ZD-BO,S-ZG-UN,B-ZC-BR,B-ZF-BR
202,2001.02.10 00:00,GBPJPY,60,86400,BUY,ZF,0,169.470,167.150,2320.0,170.510,167.770,2740.0,118.103,26.72,1700.0,547.5,169.470,167.770,172.210,BREAK,2001.03.02 10:00,0,,0,,0,,0,NA,London,BREAK,2001.03.02 14:00,BREAK,2001.03.05 14:00,165.450,BOUNCE,2001.02.20 16:00,1,2001.02.22 23:00,1,2001.03.01 22:00,1,2001.03.02 10:00,3,1w 2d,NewYork,NA,,NA,,171.170,BOUNCE,2001.02.12 10:00,1,2001.02.20 15:00,1,2001.02.20 16:00,0,,2,1w 1d,London,NA,,NA,,166.070,BREAK,2001.02.20 15:00,0,,0,,0,,0,NA,NewYork,UNTOUCHED,,NA,,S-ZG-UN,B-ZG-BR,S-ZD-BO,S-ZF-BR,B-ZD-BO,S-ZE-BO,S-ZD-BR,B-ZG-BR,B-ZB-BR,S-ZH-BR,B-ZH-BO,S-ZF-BR,S-ZE-BR,S-ZH-BO,S-ZE-UN,B-ZD-BO,S-ZG-UN,B-ZC-BR,B-ZF-BR,B-ZO-BR
203,2001.02.13 00:00,GBPJPY,60,86400,BUY,ZH,1,169.920,169.590,330.0,171.470,169.690,1780.0,539.394,30.30,230.0,77.9,169.920,169.690,171.700,BOUNCE,2001.03.02 09:00,0,,0,,0,,0,NA,London,NA,,NA,,169.360,BREAK,2001.02.13 20:00,0,,0,,0,,0,NA,NewYork,BOUNCE,2001.02.14 09:00,NA,,170.150,BREAK,2001.02.13 00:00,0,,0,,0,,0,NA,Asia,BREAK,2001.02.13 01:00,BREAK,2001.02.13 02:00,169.460,BREAK,2001.02.13 20:00,0,,0,,0,,0,NA,NewYork,BOUNCE,2001.02.13 23:00,NA,,B-ZF-BR,S-ZG-UN,B-ZG-BR,S-ZD-BO,S-ZF-BR,B-ZD-BO,S-ZE-BO,S-ZD-BR,B-ZG-BR,B-ZB-BR,S-ZF-BR,S-ZE-BR,S-ZH-BO,S-ZE-UN,B-ZD-BO,S-ZG-UN,B-ZC-BR,B-ZF-BR,B-ZO-BR,S-ZB-UN
204,2001.02.14 00:00,GBPJPY,60,86400,SELL,ZF,0,171.470,169.690,1780.0,171.100,169.110,1990.0,111.798,20.79,1410.0,420.1,171.100,169.690,167.700,BREAK,2001.02.15 18:00,0,,0,,0,,0,NA,NewYork,BREAK,2001.02.20 15:00,UNTOUCHED,,172.880,BREAK,2001.03.02 11:00,0,,0,,0,,0,NA,London,BREAK,2001.03.02 15:00,BREAK,2001.03.05 14:00,168.280,BREAK,2001.02.15 14:00,0,,0,,0,,0,NA,NewYork,BOUNCE,2001.02.19 13:00,NA,,172.510,BREAK,2001.03.02 11:00,0,,0,,0,,0,NA,London,BREAK,2001.03.02 14:00,BREAK,2001.03.05 14:00,B-ZH-BO,B-ZF-BR,S-ZG-UN,B-ZG-BR,S-ZD-BO,S-ZF-BR,B-ZD-BO,S-ZE-BO,S-ZD-BR,B-ZG-BR,S-ZE-BR,S-ZH-BO,S-ZE-UN,B-ZD-BO,S-ZG-UN,B-ZC-BR,B-ZF-BR,B-ZO-BR,S-ZB-UN,B-ZB-BR
205,2001.02.15 00:00,GBPJPY,60,86400,SELL,ZE,1,171.100,169.110,1990.0,170.240,168.960,1280.0,64.322,43.22,1130.0,469.6,170.240,169.110,167.830,BREAK,2001.02.15 17:00,0,,0,,0,,0,NA,NewYork,BOUNCE,2001.02.16 17:00,NA,,172.230,BREAK,2001.03.02 10:00,0,,0,,0,,0,NA,London,BREAK,2001.03.02 13:00,BREAK,2001.03.02 15:00,167.980,BREAK,2001.02.15 14:00,0,,0,,0,,0,NA,NewYork,BOUNCE,2001.02.16 11:00,NA,,171.370,BREAK,2001.03.02 08:00,0,,0,,0,,0,NA,London,BREAK,2001.03.02 11:00,BREAK,2001.03.02 14:00,S-ZF-BR,B-ZH-BO,B-ZF-BR,S-ZG-UN,B-ZG-BR,S-ZD-BO,S-ZF-BR,B-ZD-BO,S-ZE-BO,S-ZD-BR,S-ZH-BO,S-ZE-UN,B-ZD-BO,S-ZG-UN,B-ZC-BR,B-ZF-BR,B-ZO-BR,S-ZB-UN,B-ZB-BR,B-ZB-BO
206,2001.02.16 00:00,GBPJPY,60,86400,SELL,ZH,1,170.240,168.960,1280.0,169.840,167.270,2570.0,200.781,31.25,880.0,302.1,169.840,168.960,166.390,BOUNCE,2001.02.20 13:00,1,2001.02.21 10:00,1,2001.03.01 19:00,1,2001.03.01 22:00,3,1w 2d,NewYork,NA,,NA,,171.120,BREAK,2001.03.01 22:00,0,,0,,0,,0,NA,Other,BREAK,2001.03.02 10:00,BREAK,2001.03.02 11:00,168.080,BREAK,2001.02.16 00:00,0,,0,,0,,0,NA,Asia,BREAK,2001.02.16 11:00,BOUNCE,2001.02.20 13:00,170.720,BREAK,2001.03.01 19:00,0,,0,,0,,0,NA,NewYork,BREAK,2001.03.02 10:00,BREAK,2001.03.02 11:00,S-ZE-BR,S-ZF-BR,B-ZH-BO,B-ZF-BR,S-ZG-UN,B-ZG-BR,S-ZD-BO,S-ZF-BR,B-ZD-BO,S-ZE-BO,S-ZE-UN,B-ZD-BO,S-ZG-UN,B-ZC-BR,B-ZF-BR,B-ZO-BR,S-ZB-UN,B-ZB-BR,B-ZB-BO,S-ZC-BO
207,2001.02.17 00:00,GBPJPY,60,86400,SELL,ZE,1,169.840,167.270,2570.0,168.540,166.530,2010.0,78.210,50.58,1270.0,606.5,168.540,167.270,165.260,UNTOUCHED,,0,,0,,0,,0,NA,Other,NA,,NA,,171.110,BREAK,2001.03.01 22:00,0,,0,,0,,0,NA,Other,BREAK,2001.03.02 11:00,BREAK,2001.03.02 14:00,166.000,BREAK,2001.02.20 15:00,0,,0,,0,,0,NA,NewYork,UNTOUCHED,,NA,,169.810,BREAK,2001.02.28 14:00,0,,0,,0,,0,NA,NewYork,BREAK,2001.03.02 09:00,BREAK,2001.03.02 11:00,S-ZH-BO,S-ZE-BR,S-ZF-BR,B-ZH-BO,B-ZF-BR,S-ZG-UN,B-ZG-BR,S-ZD-BO,S-ZF-BR,B-ZD-BO,B-ZD-BO,S-ZG-UN,B-ZC-BR,B-ZF-BR,B-ZO-BR,S-ZB-UN,B-ZB-BR,B-ZB-BO,S-ZC-BO,B-ZF-BO
208,2001.02.20 00:00,GBPJPY,60,86400,BUY,ZD,1,167.610,167.180,430.0,168.430,167.410,1020.0,237.209,53.49,200.0,101.5,167.610,167.410,168.630,BOUNCE,2001.02.21 14:00,1,2001.02.21 15:00,1,2001.02.22 08:00,0,,2,18h,NewYork,NA,,NA,,166.980,BREAK,2001.02.20 11:00,0,,0,,0,,0,NA,London,BREAK,2001.02.20 13:00,BREAK,2001.02.20 14:00,167.810,BREAK,2001.02.20 00:00,0,,0,,0,,0,NA,Asia,BOUNCE,2001.02.20 01:00,NA,,167.210,BREAK,2001.02.20 10:00,0,,0,,0,,0,NA,London,BREAK,2001.02.20 11:00,BREAK,2001.02.20 13:00,S-ZE-UN,S-ZH-BO,S-ZE-BR,S-ZF-BR,B-ZH-BO,B-ZF-BR,S-ZG-UN,B-ZG-BR,S-ZD-BO,S-ZF-BR,S-ZG-UN,B-ZC-BR,B-ZF-BR,B-ZO-BR,S-ZB-UN,B-ZB-BR,B-ZB-BO,S-ZC-BO,B-ZF-BO,B-ZO-BO
209,2001.02.21 00:00,GBPJPY,60,86400,SELL,ZG,1,168.430,167.410,1020.0,168.240,165.390,2850.0,279.412,18.63,830.0,240.7,168.240,167.410,164.560,UNTOUCHED,,0,,0,,0,,0,NA,Other,NA,,NA,,169.260,BREAK,2001.02.23 00:00,0,,0,,0,,0,NA,Asia,BOUNCE,2001.02.28 14:00,NA,,166.580,UNTOUCHED,,0,,0,,0,,0,NA,Other,NA,,NA,,169.070,BOUNCE,2001.02.22 23:00,0,,0,,0,,0,NA,Other,NA,,NA,,B-ZD-BO,S-ZE-UN,S-ZH-BO,S-ZE-BR,S-ZF-BR,B-ZH-BO,B-ZF-BR,S-ZG-UN,B-ZG-BR,S-ZD-BO,B-ZC-BR,B-ZF-BR,B-ZO-BR,S-ZB-UN,B-ZB-BR,B-ZB-BO,S-ZC-BO,B-ZF-BO,B-ZO-BO,S-ZF-UN
210,2001.02.22 00:00,GBPJPY,60,86400,BUY,ZC,1,168.240,165.390,2850.0,168.770,166.730,2040.0,71.579,47.02,1510.0,672.6,168.240,166.730,170.280,BREAK,2001.03.01 16:00,0,,0,,0,,0,NA,NewYork,BREAK,2001.03.02 11:00,BREAK,2001.03.02 14:00,163.880,UNTOUCHED,,0,,0,,0,,0,NA,Other,NA,,NA,,169.750,BREAK,2001.02.28 14:00,0,,0,,0,,0,NA,NewYork,BREAK,2001.03.02 10:00,BREAK,2001.03.02 11:00,165.220,UNTOUCHED,,0,,0,,0,,0,NA,Other,NA,,NA,,S-ZG-UN,B-ZD-BO,S-ZE-UN,S-ZH-BO,S-ZE-BR,S-ZF-BR,B-ZH-BO,B-ZF-BR,S-ZG-UN,B-ZG-BR,B-ZF-BR,B-ZO-BR,S-ZB-UN,B-ZB-BR,B-ZB-BO,S-ZC-BO,B-ZF-BO,B-ZO-BO,S-ZF-UN,S-ZO-UN
211,2001.02.23 00:00,GBPJPY,60,86400,BUY,ZF,0,168.770,166.730,2040.0,169.230,167.150,2080.0,101.961,20.59,1620.0,481.4,168.770,167.150,170.850,BREAK,2001.03.01 21:00,0,,0,,0,,0,NA,Other,BREAK,2001.03.02 11:00,BREAK,2001.03.02 15:00,165.110,UNTOUCHED,,0,,0,,0,,0,NA,Other,NA,,NA,,170.390,BREAK,2001.03.01 16:00,0,,0,,0,,0,NA,NewYork,BREAK,2001.03.02 11:00,BREAK,2001.03.02 14:00,165.530,UNTOUCHED,,0,,0,,0,,0,NA,Other,NA,,NA,,B-ZC-BR,S-ZG-UN,B-ZD-BO,S-ZE-UN,S-ZH-BO,S-ZE-BR,S-ZF-BR,B-ZH-BO,B-ZF-BR,S-ZG-UN,B-ZO-BR,S-ZB-UN,B-ZB-BR,B-ZB-BO,S-ZC-BO,B-ZF-BO,B-ZO-BO,S-ZF-UN,S-ZO-UN,B-ZC-BR
212,2001.02.24 00:00,GBPJPY,60,86400,BUY,ZO,0,169.230,167.150,2080.0,169.540,167.910,1630.0,78.365,36.54,1320.0,490.9,169.230,167.910,170.860,BREAK,2001.03.01 21:00,0,,0,,0,,0,NA,Other,BREAK,2001.03.02 11:00,BREAK,2001.03.02 14:00,165.830,UNTOUCHED,,0,,0,,0,,0,NA,Other,NA,,NA,,170.550,BREAK,2001.03.01 16:00,0,,0,,0,,0,NA,NewYork,BREAK,2001.03.02 11:00,BREAK,2001.03.02 13:00,166.590,UNTOUCHED,,0,,0,,0,,0,NA,Other,NA,,NA,,B-ZF-BR,B-ZC-BR,S-ZG-UN,B-ZD-BO,S-ZE-UN,S-ZH-BO,S-ZE-BR,S-ZF-BR,B-ZH-BO,B-ZF-BR,S-ZB-UN,B-ZB-BR,B-ZB-BO,S-ZC-BO,B-ZF-BO,B-ZO-BO,S-ZF-UN,S-ZO-UN,B-ZC-BR,B-ZC-BO
213,2001.02.28 00:00,GBPJPY,60,86400,SELL,ZB,1,169.280,168.050,1230.0,168.540,167.210,1330.0,108.130,60.16,490.0,290.3,168.540,168.050,166.720,UNTOUCHED,,0,,0,,0,,0,NA,Other,NA,,NA,,169.770,BREAK,2001.02.28 14:00,0,,0,,0,,0,NA,NewYork,BREAK,2001.03.01 16:00,BREAK,2001.03.01 21:00,167.560,BOUNCE,2001.02.28 00:00,1,2001.02.28 12:00,1,2001.02.28 14:00,0,,2,14h,Asia,NA,,NA,,169.030,BOUNCE,2001.02.28 12:00,0,,0,,0,,0,NA,London,NA,,NA,,B-ZO-BR,B-ZF-BR,B-ZC-BR,S-ZG-UN,B-ZD-BO,S-ZE-UN,S-ZH-BO,S-ZE-BR,S-ZF-BR,B-ZH-BO,B-ZB-BR,B-ZB-BO,S-ZC-BO,B-ZF-BO,B-ZO-BO,S-ZF-UN,S-ZO-UN,B-ZC-BR,B-ZC-BO,B-ZB-BR
214,2001.03.02 00:00,GBPJPY,60,86400,BUY,ZB,1,170.160,167.170,2990.0,171.180,169.280,1900.0,63.545,70.57,880.0,705.6,170.160,169.280,172.060,BREAK,2001.03.02 10:00,0,,0,,0,,0,NA,London,BREAK,2001.03.02 13:00,BREAK,2001.03.02 14:00,166.290,UNTOUCHED,,0,,0,,0,,0,NA,Other,NA,,NA,,171.040,BREAK,2001.03.02 02:00,0,,0,,0,,0,NA,Asia,BREAK,2001.03.02 11:00,BREAK,2001.03.02 13:00,168.400,UNTOUCHED,,0,,0,,0,,0,NA,Other,NA,,NA,,S-ZB-UN,B-ZO-BR,B-ZF-BR,B-ZC-BR,S-ZG-UN,B-ZD-BO,S-ZE-UN,S-ZH-BO,S-ZE-BR,S-ZF-BR,B-ZB-BO,S-ZC-BO,B-ZF-BO,B-ZO-BO,S-ZF-UN,S-ZO-UN,B-ZC-BR,B-ZC-BO,B-ZB-BR,S-ZD-BR
215,2001.03.03 00:00,GBPJPY,60,86400,BUY,ZB,1,171.180,169.280,1900.0,175.540,170.590,4950.0,260.526,68.95,590.0,448.4,171.180,170.590,176.130,BOUNCE,2001.03.05 14:00,1,2001.03.05 17:00,0,,0,,1,3h,NewYork,NA,,NA,,168.690,UNTOUCHED,,0,,0,,0,,0,NA,Other,NA,,NA,,171.770,BREAK,2001.03.03 00:00,0,,0,,0,,0,NA,Asia,BREAK,2001.03.03 01:00,BREAK,2001.03.05 02:00,170.000,UNTOUCHED,,0,,0,,0,,0,NA,Other,NA,,NA,,B-ZB-BR,S-ZB-UN,B-ZO-BR,B-ZF-BR,B-ZC-BR,S-ZG-UN,B-ZD-BO,S-ZE-UN,S-ZH-BO,S-ZE-BR,S-ZC-BO,B-ZF-BO,B-ZO-BO,S-ZF-UN,S-ZO-UN,B-ZC-BR,B-ZC-BO,B-ZB-BR,S-ZD-BR,S-ZO-UN
216,2001.03.07 00:00,GBPJPY,60,86400,SELL,ZC,1,176.370,174.200,2170.0,175.080,173.370,1710.0,78.802,59.45,880.0,512.1,175.080,174.200,172.490,BOUNCE,2001.03.14 11:00,1,2001.03.14 13:00,1,2001.03.14 17:00,1,2001.03.21 05:00,3,6d 18h,London,NA,,NA,,177.250,BOUNCE,2001.03.21 05:00,1,2001.03.22 12:00,0,,0,,1,1d 7h,Asia,NA,,NA,,173.320,BREAK,2001.03.14 11:00,0,,0,,0,,0,NA,London,UNTOUCHED,,NA,,175.960,BOUNCE,2001.03.07 08:00,1,2001.03.14 11:00,1,2001.03.14 11:00,0,,2,1w 0d,London,NA,,NA,,B-ZB-BO,B-ZB-BR,S-ZB-UN,B-ZO-BR,B-ZF-BR,B-ZC-BR,S-ZG-UN,B-ZD-BO,S-ZE-UN,S-ZH-BO,B-ZF-BO,B-ZO-BO,S-ZF-UN,S-ZO-UN,B-ZC-BR,B-ZC-BO,B-ZB-BR,S-ZD-BR,S-ZO-UN,B-ZB-BO
217,2001.03.08 00:00,GBPJPY,60,86400,BUY,ZF,1,175.080,173.370,1710.0,176.160,174.020,2140.0,125.146,38.01,1060.0,403.6,175.080,174.020,177.220,BOUNCE,2001.03.21 05:00,1,2001.03.23 06:00,0,,0,,1,2d 1h,Asia,NA,,NA,,172.310,UNTOUCHED,,0,,0,,0,,0,NA,Other,NA,,NA,,176.140,BOUNCE,2001.03.09 02:00,1,2001.03.14 11:00,0,,0,,1,5d 9h,Asia,NA,,NA,,172.960,BREAK,2001.03.14 11:00,0,,0,,0,,0,NA,London,UNTOUCHED,,NA,,S-ZC-BO,B-ZB-BO,B-ZB-BR,S-ZB-UN,B-ZO-BR,B-ZF-BR,B-ZC-BR,S-ZG-UN,B-ZD-BO,S-ZE-UN,B-ZO-BO,S-ZF-UN,S-ZO-UN,B-ZC-BR,B-ZC-BO,B-ZB-BR,S-ZD-BR,S-ZO-UN,B-ZB-BO,B-ZF-BO
218,2001.03.10 00:00,GBPJPY,60,86400,BUY,ZO,0,176.040,174.480,1560.0,176.530,174.650,1880.0,120.513,10.90,1390.0,368.2,176.040,174.650,177.920,BOUNCE,2001.03.29 11:00,1,2001.04.18 15:00,0,,0,,1,2w 6d,London,NA,,NA,,173.090,BREAK,2001.03.14 11:00,0,,0,,0,,0,NA,London,UNTOUCHED,,NA,,177.430,BREAK,2001.03.29 11:00,0,,0,,0,,0,NA,London,BREAK,2001.04.02 08:00,BOUNCE,2001.04.03 09:00,173.260,BREAK,2001.03.14 11:00,0,,0,,0,,0,NA,London,UNTOUCHED,,NA,,B-ZF-BO,S-ZC-BO,B-ZB-BO,B-ZB-BR,S-ZB-UN,B-ZO-BR,B-ZF-BR,B-ZC-BR,S-ZG-UN,B-ZD-BO,S-ZF-UN,S-ZO-UN,B-ZC-BR,B-ZC-BO,B-ZB-BR,S-ZD-BR,S-ZO-UN,B-ZB-BO,B-ZF-BO,B-ZO-UN
219,2001.03.14 00:00,GBPJPY,60,86400,SELL,ZF,1,177.120,175.270,1850.0,176.690,173.370,3320.0,179.459,23.24,1420.0,436.6,176.690,175.270,171.950,UNTOUCHED,,0,,0,,0,,0,NA,Other,NA,,NA,,178.540,BREAK,2001.03.30 11:00,0,,0,,0,,0,NA,London,BOUNCE,2001.04.03 10:00,NA,,173.850,BREAK,2001.03.14 00:00,0,,0,,0,,0,NA,Asia,BOUNCE,2001.03.14 13:00,NA,,178.110,BOUNCE,2001.03.29 11:00,1,2001.04.18 17:00,1,2001.04.18 17:00,0,,2,2w 6d,London,NA,,NA,,B-ZO-BO,B-ZF-BO,S-ZC-BO,B-ZB-BO,B-ZB-BR,S-ZB-UN,B-ZO-BR,B-ZF-BR,B-ZC-BR,S-ZG-UN,S-ZO-UN,B-ZC-BR,B-ZC-BO,B-ZB-BR,S-ZD-BR,S-ZO-UN,B-ZB-BO,B-ZF-BO,B-ZO-UN,S-ZD-BR
220,2001.03.15 00:00,GBPJPY,60,86400,SELL,ZO,0,176.690,173.370,3320.0,175.990,172.320,3670.0,110.542,21.08,2620.0,783.5,175.990,173.370,169.700,UNTOUCHED,,0,,0,,0,,0,NA,Other,NA,,NA,,179.310,BREAK,2001.04.02 13:00,0,,0,,0,,0,NA,NewYork,UNTOUCHED,,NA,,170.750,UNTOUCHED,,0,,0,,0,,0,NA,Other,NA,,NA,,178.610,BREAK,2001.03.30 11:00,0,,0,,0,,0,NA,London,BOUNCE,2001.04.10 19:00,NA,,S-ZF-UN,B-ZO-BO,B-ZF-BO,S-ZC-BO,B-ZB-BO,B-ZB-BR,S-ZB-UN,B-ZO-BR,B-ZF-BR,B-ZC-BR,B-ZC-BR,B-ZC-BO,B-ZB-BR,S-ZD-BR,S-ZO-UN,B-ZB-BO,B-ZF-BO,B-ZO-UN,S-ZD-BR,S-ZF-BR
221,2001.03.16 00:00,GBPJPY,60,86400,BUY,ZC,1,175.990,172.320,3670.0,176.470,174.000,2470.0,67.302,45.78,1990.0,866.1,175.990,174.000,178.460,BREAK,2001.03.30 11:00,0,,0,,0,,0,NA,London,BOUNCE,2001.04.05 09:00,NA,,170.330,UNTOUCHED,,0,,0,,0,,0,NA,Other,NA,,NA,,177.980,BOUNCE,2001.03.29 11:00,0,,0,,0,,0,NA,London,NA,,NA,,172.010,UNTOUCHED,,0,,0,,0,,0,NA,Other,NA,,NA,,S-ZO-UN,S-ZF-UN,B-ZO-BO,B-ZF-BO,S-ZC-BO,B-ZB-BO,B-ZB-BR,S-ZB-UN,B-ZO-BR,B-ZF-BR,B-ZC-BO,B-ZB-BR,S-ZD-BR,S-ZO-UN,B-ZB-BO,B-ZF-BO,B-ZO-UN,S-ZD-BR,S-ZF-BR,S-ZE-BR
222,2001.03.17 00:00,GBPJPY,60,86400,BUY,ZC,1,176.470,174.000,2470.0,176.480,175.000,1480.0,59.919,40.49,1470.0,582.9,176.470,175.000,177.950,BOUNCE,2001.03.29 11:00,1,2001.04.18 15:00,1,2001.04.18 17:00,0,,2,2w 6d,London,NA,,NA,,172.530,UNTOUCHED,,0,,0,,0,,0,NA,Other,NA,,NA,,177.940,BOUNCE,2001.03.29 11:00,1,2001.04.18 17:00,0,,0,,1,2w 6d,London,NA,,NA,,173.530,BOUNCE,2001.03.28 15:00,1,2001.03.29 11:00,1,2001.03.29 11:00,0,,2,20h,NewYork,NA,,NA,,B-ZC-BR,S-ZO-UN,S-ZF-UN,B-ZO-BO,B-ZF-BO,S-ZC-BO,B-ZB-BO,B-ZB-BR,S-ZB-UN,B-ZO-BR,B-ZB-BR,S-ZD-BR,S-ZO-UN,B-ZB-BO,B-ZF-BO,B-ZO-UN,S-ZD-BR,S-ZF-BR,S-ZE-BR,S-ZF-BR
223,2001.03.22 00:00,GBPJPY,60,86400,BUY,ZB,1,175.800,174.750,1050.0,177.320,175.180,2140.0,203.810,40.95,620.0,247.8,175.800,175.180,177.940,BREAK,2001.03.29 11:00,0,,0,,0,,0,NA,London,BREAK,2001.03.30 11:00,BOUNCE,2001.04.02 03:00,174.130,BOUNCE,2001.03.27 22:00,1,2001.03.28 02:00,1,2001.03.29 10:00,1,2001.03.29 11:00,3,1d 13h,Other,NA,,NA,,176.420,BREAK,2001.03.22 00:00,0,,0,,0,,0,NA,Asia,BOUNCE,2001.03.22 11:00,NA,,174.560,BOUNCE,2001.03.23 08:00,1,2001.03.26 06:00,1,2001.03.26 06:00,0,,2,2d 22h,London,NA,,NA,,B-ZC-BO,B-ZC-BR,S-ZO-UN,S-ZF-UN,B-ZO-BO,B-ZF-BO,S-ZC-BO,B-ZB-BO,B-ZB-BR,S-ZB-UN,S-ZD-BR,S-ZO-UN,B-ZB-BO,B-ZF-BO,B-ZO-UN,S-ZD-BR,S-ZF-BR,S-ZE-BR,S-ZF-BR,B-ZB-BR
224,2001.03.24 00:00,GBPJPY,60,86400,SELL,ZD,1,177.190,175.430,1760.0,175.910,174.480,1430.0,81.250,72.73,480.0,415.4,175.910,175.430,174.000,BREAK,2001.03.28 13:00,0,,0,,0,,0,NA,NewYork,BOUNCE,2001.03.28 15:00,NA,,177.670,BREAK,2001.03.29 11:00,0,,0,,0,,0,NA,London,BREAK,2001.03.30 11:00,BREAK,2001.03.30 12:00,174.950,BOUNCE,2001.03.24 00:00,1,2001.03.26 06:00,1,2001.03.29 11:00,0,,2,5d 11h,Asia,NA,,NA,,176.390,BOUNCE,2001.03.26 06:00,1,2001.03.27 21:00,1,2001.03.27 21:00,0,,2,1d 15h,Asia,NA,,NA,,B-ZB-BR,B-ZC-BO,B-ZC-BR,S-ZO-UN,S-ZF-UN,B-ZO-BO,B-ZF-BO,S-ZC-BO,B-ZB-BO,B-ZB-BR,S-ZO-UN,B-ZB-BO,B-ZF-BO,B-ZO-UN,S-ZD-BR,S-ZF-BR,S-ZE-BR,S-ZF-BR,B-ZB-BR,S-ZO-BR
225,2001.03.29 00:00,GBPJPY,60,86400,SELL,ZO,0,176.970,174.070,2900.0,176.350,173.340,3010.0,103.793,21.38,2280.0,684.4,176.350,174.070,171.060,UNTOUCHED,,0,,0,,0,,0,NA,Other,NA,,NA,,179.250,BREAK,2001.04.02 13:00,0,,0,,0,,0,NA,NewYork,UNTOUCHED,,NA,,171.790,UNTOUCHED,,0,,0,,0,,0,NA,Other,NA,,NA,,178.630,BREAK,2001.03.30 11:00,0,,0,,0,,0,NA,London,BOUNCE,2001.04.10 19:00,NA,,S-ZD-BR,B-ZB-BR,B-ZC-BO,B-ZC-BR,S-ZO-UN,S-ZF-UN,B-ZO-BO,B-ZF-BO,S-ZC-BO,B-ZB-BO,B-ZB-BO,B-ZF-BO,B-ZO-UN,S-ZD-BR,S-ZF-BR,S-ZE-BR,S-ZF-BR,B-ZB-BR,S-ZO-BR,B-ZG-BR
226,2001.03.30 00:00,GBPJPY,60,86400,BUY,ZB,1,176.350,173.340,3010.0,178.240,175.450,2790.0,92.691,70.10,900.0,710.4,176.350,175.450,179.140,BOUNCE,2001.04.02 03:00,1,2001.04.05 12:00,1,2001.04.18 16:00,0,,2,2w 2d,Asia,NA,,NA,,172.440,UNTOUCHED,,0,,0,,0,,0,NA,Other,NA,,NA,,177.250,BREAK,2001.03.30 05:00,0,,0,,0,,0,NA,Asia,BREAK,2001.03.30 11:00,BOUNCE,2001.03.30 18:00,174.550,BREAK,2001.04.18 16:00,0,,0,,0,,0,NA,NewYork,BOUNCE,2001.05.03 22:00,NA,,S-ZO-UN,S-ZD-BR,B-ZB-BR,B-ZC-BO,B-ZC-BR,S-ZO-UN,S-ZF-UN,B-ZO-BO,B-ZF-BO,S-ZC-BO,B-ZF-BO,B-ZO-UN,S-ZD-BR,S-ZF-BR,S-ZE-BR,S-ZF-BR,B-ZB-BR,S-ZO-BR,B-ZG-BR,B-ZB-BR
227,2001.03.31 00:00,GBPJPY,60,86400,BUY,ZF,0,178.240,175.450,2790.0,179.110,175.960,3150.0,112.903,18.28,2280.0,658.4,178.240,175.960,181.390,BOUNCE,2001.04.09 17:00,1,2001.04.12 09:00,1,2001.04.18 17:00,1,2001.05.08 20:00,3,4w 1d,NewYork,NA,,NA,,173.170,PENDING,2001.05.08 20:00,0,,0,,0,,0,NA,NewYork,NA,,NA,,180.520,BOUNCE,2001.04.04 04:00,1,2001.04.18 17:00,1,2001.05.08 20:00,0,,2,4w 6d,Asia,NA,,NA,,173.680,BOUNCE,2001.04.18 17:00,0,,0,,0,,0,NA,NewYork,NA,,NA,,B-ZB-BO,S-ZO-UN,S-ZD-BR,B-ZB-BR,B-ZC-BO,B-ZC-BR,S-ZO-UN,S-ZF-UN,B-ZO-BO,B-ZF-BO,B-ZO-UN,S-ZD-BR,S-ZF-BR,S-ZE-BR,S-ZF-BR,B-ZB-BR,S-ZO-BR,B-ZG-BR,B-ZB-BR,S-ZB-BR
228,2001.04.05 00:00,GBPJPY,60,86400,BUY,ZO,0,180.280,178.430,1850.0,180.860,178.890,1970.0,106.486,24.86,1390.0,436.6,180.280,178.890,182.250,UNTOUCHED,,0,,0,,0,,0,NA,Other,NA,,NA,,177.040,BOUNCE,2001.04.05 12:00,1,2001.04.09 08:00,0,,0,,1,3d 20h,London,NA,,NA,,181.670,UNTOUCHED,,0,,0,,0,,0,NA,Other,NA,,NA,,177.500,BREAK,2001.04.05 12:00,0,,0,,0,,0,NA,London,BREAK,2001.04.18 03:00,BREAK,2001.04.18 17:00,B-ZF-BO,B-ZB-BO,S-ZO-UN,S-ZD-BR,B-ZB-BR,B-ZC-BO,B-ZC-BR,S-ZO-UN,S-ZF-UN,B-ZO-BO,S-ZD-BR,S-ZF-BR,S-ZE-BR,S-ZF-BR,B-ZB-BR,S-ZO-BR,B-ZG-BR,B-ZB-BR,S-ZB-BR,S-ZD-BO
229,2001.04.06 00:00,GBPJPY,60,86400,SELL,ZD,1,180.860,178.890,1970.0,180.010,176.870,3140.0,159.391,43.15,1120.0,464.9,180.010,178.890,175.750,BREAK,2001.04.18 03:00,0,,0,,0,,0,NA,Asia,BREAK,2001.04.18 17:00,BOUNCE,2001.05.04 16:00,181.980,UNTOUCHED,,0,,0,,0,,0,NA,Other,NA,,NA,,177.770,BREAK,2001.04.06 00:00,0,,0,,0,,0,NA,Asia,BOUNCE,2001.04.12 09:00,NA,,181.130,BOUNCE,2001.04.09 12:00,1,2001.04.11 03:00,1,2001.04.11 03:00,0,,2,1d 15h,London,NA,,NA,,B-ZO-UN,B-ZF-BO,B-ZB-BO,S-ZO-UN,S-ZD-BR,B-ZB-BR,B-ZC-BO,B-ZC-BR,S-ZO-UN,S-ZF-UN,S-ZF-BR,S-ZE-BR,S-ZF-BR,B-ZB-BR,S-ZO-BR,B-ZG-BR,B-ZB-BR,S-ZB-BR,S-ZD-BO,S-ZE-BR
230,2001.04.11 00:00,GBPJPY,60,86400,SELL,ZF,0,181.420,178.370,3050.0,181.050,177.850,3200.0,104.918,12.13,2680.0,719.8,181.050,178.370,175.170,BREAK,2001.04.18 15:00,0,,0,,0,,0,NA,NewYork,BREAK,2001.05.23 11:00,BREAK,2001.05.24 04:00,184.100,UNTOUCHED,,0,,0,,0,,0,NA,Other,NA,,NA,,175.690,BREAK,2001.04.18 03:00,0,,0,,0,,0,NA,Asia,BOUNCE,2001.05.15 21:00,NA,,183.730,UNTOUCHED,,0,,0,,0,,0,NA,Other,NA,,NA,,S-ZD-BR,B-ZO-UN,B-ZF-BO,B-ZB-BO,S-ZO-UN,S-ZD-BR,B-ZB-BR,B-ZC-BO,B-ZC-BR,S-ZO-UN,S-ZE-BR,S-ZF-BR,B-ZB-BR,S-ZO-BR,B-ZG-BR,B-ZB-BR,S-ZB-BR,S-ZD-BO,S-ZE-BR,B-ZD-BR
231,2001.04.12 00:00,GBPJPY,60,86400,SELL,ZE,1,181.050,177.850,3200.0,179.550,177.470,2080.0,65.000,46.87,1700.0,755.2,179.550,177.850,175.770,BREAK,2001.04.18 03:00,0,,0,,0,,0,NA,Asia,BOUNCE,2001.04.19 22:00,NA,,182.750,UNTOUCHED,,0,,0,,0,,0,NA,Other,NA,,NA,,176.150,BREAK,2001.04.17 20:00,0,,0,,0,,0,NA,NewYork,BREAK,2001.04.18 17:00,BOUNCE,2001.05.10 14:00,181.250,UNTOUCHED,,0,,0,,0,,0,NA,Other,NA,,NA,,S-ZF-BR,S-ZD-BR,B-ZO-UN,B-ZF-BO,B-ZB-BO,S-ZO-UN,S-ZD-BR,B-ZB-BR,B-ZC-BO,B-ZC-BR,S-ZF-BR,B-ZB-BR,S-ZO-BR,B-ZG-BR,B-ZB-BR,S-ZB-BR,S-ZD-BO,S-ZE-BR,B-ZD-BR,B-ZB-BR
232,2001.04.18 00:00,GBPJPY,60,86400,SELL,ZF,1,179.350,178.210,1140.0,179.240,176.040,3200.0,280.702,9.65,1030.0,269.0,179.240,178.210,175.010,BREAK,2001.04.18 15:00,0,,0,,0,,0,NA,NewYork,BREAK,2001.04.18 17:00,BOUNCE,2001.05.09 07:00,180.380,UNTOUCHED,,0,,0,,0,,0,NA,Other,NA,,NA,,177.180,BREAK,2001.04.18 00:00,0,,0,,0,,0,NA,Asia,BREAK,2001.04.18 03:00,BREAK,2001.04.18 15:00,180.270,UNTOUCHED,,0,,0,,0,,0,NA,Other,NA,,NA,,S-ZE-BR,S-ZF-BR,S-ZD-BR,B-ZO-UN,B-ZF-BO,B-ZB-BO,S-ZO-UN,S-ZD-BR,B-ZB-BR,B-ZC-BO,B-ZB-BR,S-ZO-BR,B-ZG-BR,B-ZB-BR,S-ZB-BR,S-ZD-BO,S-ZE-BR,B-ZD-BR,B-ZB-BR,B-ZB-BR
233,2001.04.21 00:00,GBPJPY,60,86400,BUY,ZB,1,175.810,173.800,2010.0,177.000,174.770,2230.0,110.945,48.26,1040.0,474.4,175.810,174.770,178.040,BREAK,2001.04.27 05:00,0,,0,,0,,0,NA,Asia,BOUNCE,2001.04.27 16:00,NA,,172.760,BOUNCE,2001.05.08 23:00,1,2001.05.14 19:00,1,2001.05.16 18:00,1,2001.05.18 22:00,3,1w 2d,Other,NA,,NA,,176.850,BOUNCE,2001.04.21 00:00,1,2001.05.03 13:00,1,2001.05.08 23:00,0,,2,2w 3d,Asia,NA,,NA,,173.730,BOUNCE,2001.05.03 13:00,1,2001.05.16 18:00,1,2001.05.16 18:00,0,,2,1w 6d,NewYork,NA,,NA,,S-ZF-BR,S-ZE-BR,S-ZF-BR,S-ZD-BR,B-ZO-UN,B-ZF-BO,B-ZB-BO,S-ZO-UN,S-ZD-BR,B-ZB-BR,S-ZO-BR,B-ZG-BR,B-ZB-BR,S-ZB-BR,S-ZD-BO,S-ZE-BR,B-ZD-BR,B-ZB-BR,B-ZB-BR,S-ZG-BR
234,2001.04.25 00:00,GBPJPY,60,86400,SELL,ZO,0,177.030,174.360,2670.0,176.220,174.130,2090.0,78.277,30.34,1860.0,630.1,176.220,174.360,172.270,BREAK,2001.05.23 10:00,0,,0,,0,,0,NA,London,BREAK,2001.05.23 21:00,BOUNCE,2001.05.25 11:00,178.890,BOUNCE,2001.04.27 10:00,1,2001.05.01 14:00,1,2001.05.23 10:00,1,2001.05.23 10:00,3,3w 5d,London,NA,,NA,,172.500,BREAK,2001.05.23 10:00,0,,0,,0,,0,NA,London,BREAK,2001.05.23 20:00,BREAK,2001.05.24 04:00,178.080,BREAK,2001.04.27 05:00,0,,0,,0,,0,NA,Asia,UNTOUCHED,,NA,,B-ZB-BR,S-ZF-BR,S-ZE-BR,S-ZF-BR,S-ZD-BR,B-ZO-UN,B-ZF-BO,B-ZB-BO,S-ZO-UN,S-ZD-BR,B-ZG-BR,B-ZB-BR,S-ZB-BR,S-ZD-BO,S-ZE-BR,B-ZD-BR,B-ZB-BR,B-ZB-BR,S-ZG-BR,B-ZF-UN
235,2001.04.26 00:00,GBPJPY,60,86400,BUY,ZG,0,176.220,174.130,2090.0,176.260,174.900,1360.0,65.072,36.84,1320.0,493.2,176.220,174.900,177.580,BREAK,2001.04.26 19:00,0,,0,,0,,0,NA,NewYork,BOUNCE,2001.04.27 18:00,NA,,172.810,BOUNCE,2001.05.08 23:00,1,2001.05.15 15:00,1,2001.05.18 18:00,1,2001.05.18 20:00,3,1w 2d,Other,NA,,NA,,177.540,BREAK,2001.04.26 19:00,0,,0,,0,,0,NA,NewYork,BOUNCE,2001.04.27 18:00,NA,,173.580,BOUNCE,2001.05.03 16:00,1,2001.05.18 18:00,1,2001.05.18 18:00,0,,2,2w 1d,NewYork,NA,,NA,,S-ZO-BR,B-ZB-BR,S-ZF-BR,S-ZE-BR,S-ZF-BR,S-ZD-BR,B-ZO-UN,B-ZF-BO,B-ZB-BO,S-ZO-UN,B-ZB-BR,S-ZB-BR,S-ZD-BO,S-ZE-BR,B-ZD-BR,B-ZB-BR,B-ZB-BR,S-ZG-BR,B-ZF-UN,S-ZD-BR
236,2001.04.27 00:00,GBPJPY,60,86400,BUY,ZB,1,176.260,174.900,1360.0,177.640,175.460,2180.0,160.294,41.18,800.0,321.0,176.260,175.460,178.440,BREAK,2001.04.27 08:00,0,,0,,0,,0,NA,London,UNTOUCHED,,NA,,174.100,BOUNCE,2001.05.02 10:00,1,2001.05.15 21:00,1,2001.05.18 18:00,0,,2,2w 2d,London,NA,,NA,,177.060,BREAK,2001.04.27 00:00,0,,0,,0,,0,NA,Asia,BREAK,2001.04.27 05:00,BREAK,2001.04.27 10:00,174.660,BOUNCE,2001.05.01 18:00,1,2001.05.18 18:00,1,2001.05.18 18:00,0,,2,2w 3d,NewYork,NA,,NA,,B-ZG-BR,S-ZO-BR,B-ZB-BR,S-ZF-BR,S-ZE-BR,S-ZF-BR,S-ZD-BR,B-ZO-UN,B-ZF-BO,B-ZB-BO,S-ZB-BR,S-ZD-BO,S-ZE-BR,B-ZD-BR,B-ZB-BR,B-ZB-BR,S-ZG-BR,B-ZF-UN,S-ZD-BR,S-ZB-BR
237,2001.05.02 00:00,GBPJPY,60,86400,SELL,ZB,1,178.200,176.390,1810.0,177.290,174.640,2650.0,146.409,50.28,900.0,427.2,177.290,176.390,173.740,BREAK,2001.05.03 13:00,0,,0,,0,,0,NA,NewYork,BOUNCE,2001.05.09 06:00,NA,,179.100,UNTOUCHED,,0,,0,,0,,0,NA,Other,NA,,NA,,175.490,BREAK,2001.05.02 00:00,0,,0,,0,,0,NA,Asia,BOUNCE,2001.05.02 05:00,NA,,178.190,UNTOUCHED,,0,,0,,0,,0,NA,Other,NA,,NA,,B-ZB-BR,B-ZG-BR,S-ZO-BR,B-ZB-BR,S-ZF-BR,S-ZE-BR,S-ZF-BR,S-ZD-BR,B-ZO-UN,B-ZF-BO,S-ZD-BO,S-ZE-BR,B-ZD-BR,B-ZB-BR,B-ZB-BR,S-ZG-BR,B-ZF-UN,S-ZD-BR,S-ZB-BR,S-ZB-BO
238,2001.05.03 00:00,GBPJPY,60,86400,SELL,ZD,1,177.290,174.640,2650.0,175.550,174.010,1540.0,58.113,65.66,910.0,625.4,175.550,174.640,173.100,BOUNCE,2001.05.08 20:00,1,2001.05.14 20:00,1,2001.05.16 10:00,0,,2,1w 0d,NewYork,NA,,NA,,178.200,UNTOUCHED,,0,,0,,0,,0,NA,Other,NA,,NA,,173.730,BOUNCE,2001.05.03 13:00,1,2001.05.16 10:00,0,,0,,1,1w 5d,NewYork,NA,,NA,,176.460,BOUNCE,2001.05.16 10:00,1,2001.05.23 07:00,1,2001.05.23 07:00,0,,2,6d 21h,London,NA,,NA,,S-ZB-BR,B-ZB-BR,B-ZG-BR,S-ZO-BR,B-ZB-BR,S-ZF-BR,S-ZE-BR,S-ZF-BR,S-ZD-BR,B-ZO-UN,S-ZE-BR,B-ZD-BR,B-ZB-BR,B-ZB-BR,S-ZG-BR,B-ZF-UN,S-ZD-BR,S-ZB-BR,S-ZB-BO,B-ZF-BR
239,2001.05.04 00:00,GBPJPY,60,86400,SELL,ZE,1,175.550,174.010,1540.0,174.840,173.270,1570.0,101.948,46.10,830.0,363.4,174.840,174.010,172.440,BREAK,2001.05.23 10:00,0,,0,,0,,0,NA,London,BOUNCE,2001.05.23 13:00,NA,,176.380,BREAK,2001.05.16 10:00,0,,0,,0,,0,NA,London,BREAK,2001.05.18 20:00,BOUNCE,2001.05.21 10:00,173.180,BREAK,2001.05.08 20:00,0,,0,,0,,0,NA,NewYork,BOUNCE,2001.05.23 10:00,NA,,175.670,BREAK,2001.05.15 21:00,0,,0,,0,,0,NA,Other,BREAK,2001.05.16 18:00,BREAK,2001.05.18 20:00,S-ZD-BO,S-ZB-BR,B-ZB-BR,B-ZG-BR,S-ZO-BR,B-ZB-BR,S-ZF-BR,S-ZE-BR,S-ZF-BR,S-ZD-BR,B-ZD-BR,B-ZB-BR,B-ZB-BR,S-ZG-BR,B-ZF-UN,S-ZD-BR,S-ZB-BR,S-ZB-BO,B-ZF-BR,S-ZE-BO
240,2001.05.11 00:00,GBPJPY,60,86400,BUY,ZD,1,174.080,172.760,1320.0,174.630,173.480,1150.0,87.121,54.55,600.0,311.5,174.080,173.480,175.230,BREAK,2001.05.15 14:00,0,,0,,0,,0,NA,NewYork,BREAK,2001.05.16 04:00,BREAK,2001.05.16 11:00,172.160,BOUNCE,2001.05.23 10:00,1,2001.06.18 10:00,1,2001.06.21 13:00,1,2001.06.21 14:00,3,4w 1d,London,NA,,NA,,174.680,BREAK,2001.05.14 13:00,0,,0,,0,,0,NA,NewYork,BREAK,2001.05.15 21:00,BOUNCE,2001.05.16 02:00,172.880,BREAK,2001.05.23 10:00,0,,0,,0,,0,NA,London,BREAK,2001.05.23 11:00,BOUNCE,2001.05.23 13:00,S-ZE-BR,S-ZD-BO,S-ZB-BR,B-ZB-BR,B-ZG-BR,S-ZO-BR,B-ZB-BR,S-ZF-BR,S-ZE-BR,S-ZF-BR,B-ZB-BR,B-ZB-BR,S-ZG-BR,B-ZF-UN,S-ZD-BR,S-ZB-BR,S-ZB-BO,B-ZF-BR,S-ZE-BO,S-ZO-BR
241,2001.05.16 00:00,GBPJPY,60,86400,BUY,ZB,1,175.170,173.520,1650.0,175.910,174.560,1350.0,81.818,63.03,610.0,389.4,175.170,174.560,176.520,BREAK,2001.05.16 10:00,0,,0,,0,,0,NA,London,BREAK,2001.05.18 18:00,BREAK,2001.05.21 01:00,172.910,BREAK,2001.05.23 10:00,0,,0,,0,,0,NA,London,BREAK,2001.05.23 11:00,BOUNCE,2001.05.23 13:00,175.780,BREAK,2001.05.16 00:00,0,,0,,0,,0,NA,Asia,BREAK,2001.05.16 11:00,BREAK,2001.05.18 18:00,173.950,BREAK,2001.05.23 07:00,0,,0,,0,,0,NA,London,BREAK,2001.05.23 08:00,BREAK,2001.05.23 10:00,B-ZD-BR,S-ZE-BR,S-ZD-BO,S-ZB-BR,B-ZB-BR,B-ZG-BR,S-ZO-BR,B-ZB-BR,S-ZF-BR,S-ZE-BR,B-ZB-BR,S-ZG-BR,B-ZF-UN,S-ZD-BR,S-ZB-BR,S-ZB-BO,B-ZF-BR,S-ZE-BO,S-ZO-BR,B-ZO-BR
242,2001.05.17 00:00,GBPJPY,60,86400,BUY,ZB,1,175.910,174.560,1350.0,176.980,175.270,1710.0,126.667,52.59,640.0,318.6,175.910,175.270,177.620,BREAK,2001.05.18 20:00,0,,0,,0,,0,NA,NewYork,UNTOUCHED,,NA,,173.920,BREAK,2001.05.23 07:00,0,,0,,0,,0,NA,London,BREAK,2001.05.23 08:00,BREAK,2001.05.23 10:00,176.550,BOUNCE,2001.05.17 00:00,1,2001.05.23 03:00,1,2001.05.23 07:00,0,,2,6d 7h,Asia,NA,,NA,,174.630,BREAK,2001.05.23 03:00,0,,0,,0,,0,NA,Asia,BREAK,2001.05.23 07:00,BREAK,2001.05.23 08:00,B-ZB-BR,B-ZD-BR,S-ZE-BR,S-ZD-BO,S-ZB-BR,B-ZB-BR,B-ZG-BR,S-ZO-BR,B-ZB-BR,S-ZF-BR,S-ZG-BR,B-ZF-UN,S-ZD-BR,S-ZB-BR,S-ZB-BO,B-ZF-BR,S-ZE-BO,S-ZO-BR,B-ZO-BR,S-ZH-UN
243,2001.05.18 00:00,GBPJPY,60,86400,SELL,ZG,0,176.980,175.270,1710.0,176.820,175.220,1600.0,93.567,9.36,1550.0,403.6,176.820,175.270,173.670,BREAK,2001.05.23 07:00,0,,0,,0,,0,NA,London,BREAK,2001.05.23 11:00,BREAK,2001.05.23 20:00,178.530,UNTOUCHED,,0,,0,,0,,0,NA,Other,NA,,NA,,173.720,BREAK,2001.05.23 07:00,0,,0,,0,,0,NA,London,BREAK,2001.05.23 11:00,BREAK,2001.05.23 20:00,178.370,UNTOUCHED,,0,,0,,0,,0,NA,Other,NA,,NA,,B-ZB-BR,B-ZB-BR,B-ZD-BR,S-ZE-BR,S-ZD-BO,S-ZB-BR,B-ZB-BR,B-ZG-BR,S-ZO-BR,B-ZB-BR,B-ZF-UN,S-ZD-BR,S-ZB-BR,S-ZB-BO,B-ZF-BR,S-ZE-BO,S-ZO-BR,B-ZO-BR,S-ZH-UN,B-ZF-BR
244,2001.05.19 00:00,GBPJPY,60,86400,BUY,ZF,1,176.820,175.220,1600.0,178.040,175.320,2720.0,170.000,6.25,1500.0,377.6,176.820,175.320,179.540,UNTOUCHED,,0,,0,,0,,0,NA,Other,NA,,NA,,173.720,BREAK,2001.05.23 07:00,0,,0,,0,,0,NA,London,BREAK,2001.05.23 11:00,BREAK,2001.05.23 20:00,178.320,UNTOUCHED,,0,,0,,0,,0,NA,Other,NA,,NA,,173.820,BREAK,2001.05.23 07:00,0,,0,,0,,0,NA,London,BREAK,2001.05.23 11:00,BREAK,2001.05.23 20:00,S-ZG-BR,B-ZB-BR,B-ZB-BR,B-ZD-BR,S-ZE-BR,S-ZD-BO,S-ZB-BR,B-ZB-BR,B-ZG-BR,S-ZO-BR,S-ZD-BR,S-ZB-BR,S-ZB-BO,B-ZF-BR,S-ZE-BO,S-ZO-BR,B-ZO-BR,S-ZH-UN,B-ZF-BR,B-ZD-BR
245,2001.05.23 00:00,GBPJPY,60,86400,SELL,ZD,1,178.170,176.350,1820.0,177.200,174.800,2400.0,131.868,53.30,850.0,429.5,177.200,176.350,173.950,BREAK,2001.05.23 07:00,0,,0,,0,,0,NA,London,BREAK,2001.05.23 10:00,BREAK,2001.05.23 11:00,179.020,UNTOUCHED,,0,,0,,0,,0,NA,Other,NA,,NA,,175.500,BREAK,2001.05.23 00:00,0,,0,,0,,0,NA,Asia,BREAK,2001.05.23 05:00,BREAK,2001.05.23 08:00,178.050,UNTOUCHED,,0,,0,,0,,0,NA,Other,NA,,NA,,B-ZF-UN,S-ZG-BR,B-ZB-BR,B-ZB-BR,B-ZD-BR,S-ZE-BR,S-ZD-BO,S-ZB-BR,B-ZB-BR,B-ZG-BR,S-ZB-BR,S-ZB-BO,B-ZF-BR,S-ZE-BO,S-ZO-BR,B-ZO-BR,S-ZH-UN,B-ZF-BR,B-ZD-BR,B-ZB-BO
246,2001.05.24 00:00,GBPJPY,60,86400,SELL,ZB,1,177.200,174.800,2400.0,175.520,169.270,6250.0,260.417,70.00,720.0,566.4,175.520,174.800,168.550,BREAK,2001.05.24 04:00,0,,0,,0,,0,NA,Asia,BOUNCE,2001.06.01 12:00,NA,,177.920,UNTOUCHED,,0,,0,,0,,0,NA,Other,NA,,NA,,174.080,BREAK,2001.05.24 00:00,0,,0,,0,,0,NA,Asia,BREAK,2001.05.24 01:00,BREAK,2001.05.24 02:00,176.240,BOUNCE,2001.06.21 18:00,1,2001.06.26 10:00,1,2001.06.26 10:00,0,,2,4d 16h,NewYork,NA,,NA,,S-ZD-BR,B-ZF-UN,S-ZG-BR,B-ZB-BR,B-ZB-BR,B-ZD-BR,S-ZE-BR,S-ZD-BO,S-ZB-BR,B-ZB-BR,S-ZB-BO,B-ZF-BR,S-ZE-BO,S-ZO-BR,B-ZO-BR,S-ZH-UN,B-ZF-BR,B-ZD-BR,B-ZB-BO,S-ZF-UN
247,2001.05.25 00:00,GBPJPY,60,86400,SELL,ZB,1,175.520,169.270,6250.0,170.840,167.950,2890.0,46.240,74.88,1570.0,1475.0,170.840,169.270,166.380,BOUNCE,2001.06.07 12:00,1,2001.06.13 17:00,1,2001.06.15 18:00,1,2001.06.28 09:00,3,2w 6d,London,NA,,NA,,177.090,BOUNCE,2001.06.28 09:00,0,,0,,0,,0,NA,London,NA,,NA,,167.700,BOUNCE,2001.06.01 16:00,1,2001.06.15 18:00,1,2001.06.28 09:00,0,,2,3w 5d,NewYork,NA,,NA,,172.410,BOUNCE,2001.05.29 02:00,1,2001.06.01 16:00,1,2001.06.01 16:00,0,,2,3d 14h,Asia,NA,,NA,,S-ZB-BR,S-ZD-BR,B-ZF-UN,S-ZG-BR,B-ZB-BR,B-ZB-BR,B-ZD-BR,S-ZE-BR,S-ZD-BO,S-ZB-BR,B-ZF-BR,S-ZE-BO,S-ZO-BR,B-ZO-BR,S-ZH-UN,B-ZF-BR,B-ZD-BR,B-ZB-BO,S-ZF-UN,B-ZB-BO
248,2001.05.26 00:00,GBPJPY,60,86400,BUY,ZF,0,170.840,167.950,2890.0,171.860,168.630,3230.0,111.765,23.53,2210.0,682.0,170.840,168.630,174.070,BREAK,2001.06.21 11:00,0,,0,,0,,0,NA,London,BOUNCE,2001.06.26 10:00,NA,,165.740,BOUNCE,2001.06.07 13:00,1,2001.06.14 18:00,1,2001.06.15 19:00,1,2001.06.21 11:00,3,1w 6d,NewYork,NA,,NA,,173.050,BREAK,2001.06.15 19:00,0,,0,,0,,0,NA,NewYork,BREAK,2001.06.21 17:00,BOUNCE,2001.07.11 18:00,166.420,BREAK,2001.06.07 12:00,0,,0,,0,,0,NA,London,UNTOUCHED,,NA,,S-ZB-BO,S-ZB-BR,S-ZD-BR,B-ZF-UN,S-ZG-BR,B-ZB-BR,B-ZB-BR,B-ZD-BR,S-ZE-BR,S-ZD-BO,S-ZE-BO,S-ZO-BR,B-ZO-BR,S-ZH-UN,B-ZF-BR,B-ZD-BR,B-ZB-BO,S-ZF-UN,B-ZB-BO,B-ZE-BO
249,2001.06.02 00:00,GBPJPY,60,86400,SELL,ZE,1,172.130,167.880,4250.0,169.430,167.690,1740.0,40.941,63.53,1550.0,1003.0,169.430,167.880,166.140,BOUNCE,2001.06.07 12:00,1,2001.06.13 16:00,1,2001.06.15 17:00,1,2001.06.18 10:00,3,1w 3d,London,NA,,NA,,173.680,BOUNCE,2001.06.18 10:00,0,,0,,0,,0,NA,London,NA,,NA,,166.330,BOUNCE,2001.06.07 12:00,1,2001.06.15 17:00,1,2001.06.18 10:00,0,,2,1w 3d,London,NA,,NA,,170.980,BREAK,2001.06.15 17:00,0,,0,,0,,0,NA,NewYork,BREAK,2001.06.18 10:00,BREAK,2001.06.21 14:00,B-ZF-BR,S-ZB-BO,S-ZB-BR,S-ZD-BR,B-ZF-UN,S-ZG-BR,B-ZB-BR,B-ZB-BR,B-ZD-BR,S-ZE-BR,S-ZO-BR,B-ZO-BR,S-ZH-UN,B-ZF-BR,B-ZD-BR,B-ZB-BO,S-ZF-UN,B-ZB-BO,B-ZE-BO,S-ZH-BR
250,2001.06.06 00:00,GBPJPY,60,86400,SELL,ZO,0,170.100,168.500,1600.0,170.080,167.720,2360.0,147.500,1.25,1580.0,377.6,170.080,168.500,166.140,BREAK,2001.06.07 12:00,0,,0,,0,,0,NA,London,UNTOUCHED,,NA,,171.680,BREAK,2001.06.15 17:00,0,,0,,0,,0,NA,NewYork,BREAK,2001.06.18 10:00,BREAK,2001.06.21 14:00,166.920,BREAK,2001.06.07 01:00,0,,0,,0,,0,NA,Asia,UNTOUCHED,,NA,,171.660,BREAK,2001.06.15 17:00,0,,0,,0,,0,NA,NewYork,BREAK,2001.06.18 10:00,BREAK,2001.06.21 14:00,S-ZE-BO,B-ZF-BR,S-ZB-BO,S-ZB-BR,S-ZD-BR,B-ZF-UN,S-ZG-BR,B-ZB-BR,B-ZB-BR,B-ZD-BR,B-ZO-BR,S-ZH-UN,B-ZF-BR,B-ZD-BR,B-ZB-BO,S-ZF-UN,B-ZB-BO,B-ZE-BO,S-ZH-BR,S-ZO-UN
251,2001.06.09 00:00,GBPJPY,60,86400,BUY,ZO,0,167.610,165.430,2180.0,167.740,165.620,2120.0,97.248,8.72,1990.0,514.5,167.610,165.620,169.730,BREAK,2001.06.13 20:00,0,,0,,0,,0,NA,NewYork,BREAK,2001.06.15 18:00,BOUNCE,2001.06.19 14:00,163.440,UNTOUCHED,,0,,0,,0,,0,NA,Other,NA,,NA,,169.600,BREAK,2001.06.13 19:00,0,,0,,0,,0,NA,NewYork,BREAK,2001.06.15 18:00,BOUNCE,2001.06.19 14:00,163.630,UNTOUCHED,,0,,0,,0,,0,NA,Other,NA,,NA,,S-ZO-BR,S-ZE-BO,B-ZF-BR,S-ZB-BO,S-ZB-BR,S-ZD-BR,B-ZF-UN,S-ZG-BR,B-ZB-BR,B-ZB-BR,S-ZH-UN,B-ZF-BR,B-ZD-BR,B-ZB-BO,S-ZF-UN,B-ZB-BO,B-ZE-BO,S-ZH-BR,S-ZO-UN,B-ZB-BO
252,2001.06.13 00:00,GBPJPY,60,86400,SELL,ZH,0,168.770,167.080,1690.0,168.250,166.620,1630.0,96.450,30.77,1170.0,398.8,168.250,167.080,165.450,UNTOUCHED,,0,,0,,0,,0,NA,Other,NA,,NA,,169.940,BREAK,2001.06.13 21:00,0,,0,,0,,0,NA,Other,BREAK,2001.06.15 17:00,BREAK,2001.06.15 18:00,165.910,UNTOUCHED,,0,,0,,0,,0,NA,Other,NA,,NA,,169.420,BREAK,2001.06.13 16:00,0,,0,,0,,0,NA,NewYork,BREAK,2001.06.15 17:00,BREAK,2001.06.15 18:00,B-ZO-BR,S-ZO-BR,S-ZE-BO,B-ZF-BR,S-ZB-BO,S-ZB-BR,S-ZD-BR,B-ZF-UN,S-ZG-BR,B-ZB-BR,B-ZF-BR,B-ZD-BR,B-ZB-BO,S-ZF-UN,B-ZB-BO,B-ZE-BO,S-ZH-BR,S-ZO-UN,B-ZB-BO,B-ZO-BO
253,2001.06.14 00:00,GBPJPY,60,86400,BUY,ZF,1,168.250,166.620,1630.0,170.060,166.870,3190.0,195.706,15.34,1380.0,384.7,168.250,166.870,171.440,BREAK,2001.06.15 17:00,0,,0,,0,,0,NA,NewYork,BREAK,2001.06.18 09:00,BREAK,2001.06.21 13:00,165.240,UNTOUCHED,,0,,0,,0,,0,NA,Other,NA,,NA,,169.630,BREAK,2001.06.14 00:00,0,,0,,0,,0,NA,Asia,BREAK,2001.06.15 17:00,BREAK,2001.06.15 18:00,165.490,UNTOUCHED,,0,,0,,0,,0,NA,Other,NA,,NA,,S-ZH-UN,B-ZO-BR,S-ZO-BR,S-ZE-BO,B-ZF-BR,S-ZB-BO,S-ZB-BR,S-ZD-BR,B-ZF-UN,S-ZG-BR,B-ZD-BR,B-ZB-BO,S-ZF-UN,B-ZB-BO,B-ZE-BO,S-ZH-BR,S-ZO-UN,B-ZB-BO,B-ZO-BO,S-ZO-UN
254,2001.06.15 00:00,GBPJPY,60,86400,BUY,ZD,1,170.060,166.870,3190.0,170.300,169.030,1270.0,39.812,67.71,1030.0,752.8,170.060,169.030,171.330,BREAK,2001.06.15 17:00,0,,0,,0,,0,NA,NewYork,BREAK,2001.06.15 19:00,BOUNCE,2001.06.19 11:00,165.840,UNTOUCHED,,0,,0,,0,,0,NA,Other,NA,,NA,,171.090,BREAK,2001.06.15 17:00,0,,0,,0,,0,NA,NewYork,BREAK,2001.06.15 18:00,BOUNCE,2001.06.19 11:00,168.000,UNTOUCHED,,0,,0,,0,,0,NA,Other,NA,,NA,,B-ZF-BR,S-ZH-UN,B-ZO-BR,S-ZO-BR,S-ZE-BO,B-ZF-BR,S-ZB-BO,S-ZB-BR,S-ZD-BR,B-ZF-UN,B-ZB-BO,S-ZF-UN,B-ZB-BO,B-ZE-BO,S-ZH-BR,S-ZO-UN,B-ZB-BO,B-ZO-BO,S-ZO-UN,S-ZB-BO
255,2001.06.16 00:00,GBPJPY,60,86400,BUY,ZB,1,170.300,169.030,1270.0,173.190,169.800,3390.0,266.929,60.63,500.0,299.7,170.300,169.800,173.690,BOUNCE,2001.06.18 10:00,1,2001.06.18 14:00,0,,0,,1,4h,London,NA,,NA,,168.530,UNTOUCHED,,0,,0,,0,,0,NA,Other,NA,,NA,,170.800,BREAK,2001.06.16 00:00,0,,0,,0,,0,NA,Asia,BREAK,2001.06.18 01:00,BREAK,2001.06.18 02:00,169.300,UNTOUCHED,,0,,0,,0,,0,NA,Other,NA,,NA,,B-ZD-BR,B-ZF-BR,S-ZH-UN,B-ZO-BR,S-ZO-BR,S-ZE-BO,B-ZF-BR,S-ZB-BO,S-ZB-BR,S-ZD-BR,S-ZF-UN,B-ZB-BO,B-ZE-BO,S-ZH-BR,S-ZO-UN,B-ZB-BO,B-ZO-BO,S-ZO-UN,S-ZB-BO,B-ZF-BR
256,2001.06.20 00:00,GBPJPY,60,86400,SELL,ZF,0,173.850,172.380,1470.0,173.590,171.540,2050.0,139.456,17.69,1210.0,346.9,173.590,172.380,170.330,UNTOUCHED,,0,,0,,0,,0,NA,Other,NA,,NA,,175.060,BREAK,2001.06.21 14:00,0,,0,,0,,0,NA,NewYork,BOUNCE,2001.06.25 15:00,NA,,171.170,UNTOUCHED,,0,,0,,0,,0,NA,Other,NA,,NA,,174.800,BREAK,2001.06.21 13:00,0,,0,,0,,0,NA,NewYork,BOUNCE,2001.06.21 17:00,NA,,B-ZB-BO,B-ZD-BR,B-ZF-BR,S-ZH-UN,B-ZO-BR,S-ZO-BR,S-ZE-BO,B-ZF-BR,S-ZB-BO,S-ZB-BR,B-ZB-BO,B-ZE-BO,S-ZH-BR,S-ZO-UN,B-ZB-BO,B-ZO-BO,S-ZO-UN,S-ZB-BO,B-ZF-BR,B-ZB-UN
257,2001.06.22 00:00,GBPJPY,60,86400,BUY,ZB,1,173.700,171.180,2520.0,176.470,172.630,3840.0,152.381,57.54,1070.0,594.7,173.700,172.630,177.540,BOUNCE,2001.07.06 18:00,1,2001.07.11 18:00,0,,0,,1,5d 0h,NewYork,NA,,NA,,170.110,UNTOUCHED,,0,,0,,0,,0,NA,Other,NA,,NA,,174.770,BREAK,2001.06.22 00:00,0,,0,,0,,0,NA,Asia,BREAK,2001.06.22 03:00,BOUNCE,2001.06.27 15:00,171.560,UNTOUCHED,,0,,0,,0,,0,NA,Other,NA,,NA,,S-ZF-UN,B-ZB-BO,B-ZD-BR,B-ZF-BR,S-ZH-UN,B-ZO-BR,S-ZO-BR,S-ZE-BO,B-ZF-BR,S-ZB-BO,B-ZE-BO,S-ZH-BR,S-ZO-UN,B-ZB-BO,B-ZO-BO,S-ZO-UN,S-ZB-BO,B-ZF-BR,B-ZB-UN,S-ZF-BR
258,2001.06.23 00:00,GBPJPY,60,86400,BUY,ZE,1,176.470,172.630,3840.0,176.570,175.070,1500.0,39.062,63.54,1400.0,906.2,176.470,175.070,177.970,BOUNCE,2001.07.06 22:00,1,2001.07.11 18:00,1,2001.07.12 19:00,0,,2,5d 21h,Other,NA,,NA,,171.230,UNTOUCHED,,0,,0,,0,,0,NA,Other,NA,,NA,,177.870,BOUNCE,2001.07.06 20:00,1,2001.07.12 19:00,0,,0,,1,5d 23h,NewYork,NA,,NA,,173.670,BOUNCE,2001.07.12 19:00,1,2001.07.30 12:00,1,2001.07.30 12:00,0,,2,2w 3d,NewYork,NA,,NA,,B-ZB-BO,S-ZF-UN,B-ZB-BO,B-ZD-BR,B-ZF-BR,S-ZH-UN,B-ZO-BR,S-ZO-BR,S-ZE-BO,B-ZF-BR,S-ZH-BR,S-ZO-UN,B-ZB-BO,B-ZO-BO,S-ZO-UN,S-ZB-BO,B-ZF-BR,B-ZB-UN,S-ZF-BR,S-ZO-BO
259,2001.06.26 00:00,GBPJPY,60,86400,SELL,ZH,1,176.090,175.660,430.0,176.040,174.750,1290.0,300.000,11.63,380.0,101.5,176.040,175.660,174.370,BREAK,2001.06.26 10:00,0,,0,,0,,0,NA,London,BREAK,2001.07.12 19:00,BOUNCE,2001.07.12 20:00,176.470,BOUNCE,2001.06.27 09:00,1,2001.06.27 15:00,1,2001.06.27 17:00,1,2001.06.29 08:00,3,1d 23h,London,NA,,NA,,175.280,BREAK,2001.06.26 00:00,0,,0,,0,,0,NA,Asia,BREAK,2001.06.26 03:00,BREAK,2001.06.26 10:00,176.420,BOUNCE,2001.06.27 09:00,1,2001.06.27 17:00,1,2001.06.27 17:00,0,,2,8h,London,NA,,NA,,B-ZE-BO,B-ZB-BO,S-ZF-UN,B-ZB-BO,B-ZD-BR,B-ZF-BR,S-ZH-UN,B-ZO-BR,S-ZO-BR,S-ZE-BO,S-ZO-UN,B-ZB-BO,B-ZO-BO,S-ZO-UN,S-ZB-BO,B-ZF-BR,B-ZB-UN,S-ZF-BR,S-ZO-BO,B-ZF-BR
260,2001.06.27 00:00,GBPJPY,60,86400,SELL,ZO,0,176.040,174.750,1290.0,175.570,174.060,1510.0,117.054,36.43,820.0,304.4,175.570,174.750,173.240,UNTOUCHED,,0,,0,,0,,0,NA,Other,NA,,NA,,176.860,BOUNCE,2001.06.27 10:00,1,2001.06.29 03:00,1,2001.07.12 19:00,0,,2,2w 1d,London,NA,,NA,,173.930,BREAK,2001.07.12 19:00,0,,0,,0,,0,NA,NewYork,BOUNCE,2001.08.09 19:00,NA,,176.390,BREAK,2001.06.27 09:00,0,,0,,0,,0,NA,London,BREAK,2001.07.06 18:00,BREAK,2001.07.30 13:00,S-ZH-BR,B-ZE-BO,B-ZB-BO,S-ZF-UN,B-ZB-BO,B-ZD-BR,B-ZF-BR,S-ZH-UN,B-ZO-BR,S-ZO-BR,B-ZB-BO,B-ZO-BO,S-ZO-UN,S-ZB-BO,B-ZF-BR,B-ZB-UN,S-ZF-BR,S-ZO-BO,B-ZF-BR,B-ZO-BO
261,2001.06.28 00:00,GBPJPY,60,86400,BUY,ZB,1,175.570,174.060,1510.0,176.950,175.100,1850.0,122.517,68.87,470.0,356.4,175.570,175.100,177.420,BOUNCE,2001.07.06 17:00,1,2001.07.09 12:00,1,2001.07.12 08:00,1,2001.07.12 20:00,3,6d 3h,NewYork,NA,,NA,,173.590,BOUNCE,2001.07.12 20:00,1,2001.07.13 02:00,1,2001.07.18 13:00,1,2001.07.30 05:00,3,2w 3d,NewYork,NA,,NA,,176.040,BREAK,2001.06.28 00:00,0,,0,,0,,0,NA,Asia,BREAK,2001.06.28 07:00,BOUNCE,2001.06.28 09:00,174.630,BOUNCE,2001.06.29 04:00,1,2001.06.29 19:00,1,2001.06.29 19:00,0,,2,15h,Asia,NA,,NA,,S-ZO-UN,S-ZH-BR,B-ZE-BO,B-ZB-BO,S-ZF-UN,B-ZB-BO,B-ZD-BR,B-ZF-BR,S-ZH-UN,B-ZO-BR,B-ZO-BO,S-ZO-UN,S-ZB-BO,B-ZF-BR,B-ZB-UN,S-ZF-BR,S-ZO-BO,B-ZF-BR,B-ZO-BO,B-ZO-BR
262,2001.06.29 00:00,GBPJPY,60,86400,BUY,ZO,0,176.950,175.100,1850.0,177.160,175.290,1870.0,101.081,10.27,1660.0,436.6,176.950,175.290,178.820,BOUNCE,2001.07.30 16:00,1,2001.08.06 16:00,0,,0,,1,1w 0d,NewYork,NA,,NA,,173.440,UNTOUCHED,,0,,0,,0,,0,NA,Other,NA,,NA,,178.610,BOUNCE,2001.07.30 16:00,0,,0,,0,,0,NA,NewYork,NA,,NA,,173.630,BOUNCE,2001.07.12 19:00,1,2001.07.30 16:00,1,2001.07.30 16:00,0,,2,2w 3d,NewYork,NA,,NA,,B-ZB-BO,S-ZO-UN,S-ZH-BR,B-ZE-BO,B-ZB-BO,S-ZF-UN,B-ZB-BO,B-ZD-BR,B-ZF-BR,S-ZH-UN,S-ZO-UN,S-ZB-BO,B-ZF-BR,B-ZB-UN,S-ZF-BR,S-ZO-BO,B-ZF-BR,B-ZO-BO,B-ZO-BR,B-ZE-BO
263,2001.06.30 00:00,GBPJPY,60,86400,SELL,ZO,0,177.160,175.290,1870.0,176.670,174.240,2430.0,129.947,26.20,1380.0,441.3,176.670,175.290,172.860,UNTOUCHED,,0,,0,,0,,0,NA,Other,NA,,NA,,178.540,BOUNCE,2001.07.30 16:00,1,2001.08.06 15:00,1,2001.08.08 15:00,0,,2,1w 1d,NewYork,NA,,NA,,173.910,BOUNCE,2001.07.12 19:00,1,2001.07.30 13:00,1,2001.07.30 16:00,0,,2,2w 3d,NewYork,NA,,NA,,178.050,BREAK,2001.07.30 13:00,0,,0,,0,,0,NA,NewYork,UNTOUCHED,,NA,,B-ZO-BO,B-ZB-BO,S-ZO-UN,S-ZH-BR,B-ZE-BO,B-ZB-BO,S-ZF-UN,B-ZB-BO,B-ZD-BR,B-ZF-BR,S-ZB-BO,B-ZF-BR,B-ZB-UN,S-ZF-BR,S-ZO-BO,B-ZF-BR,B-ZO-BO,B-ZO-BR,B-ZE-BO,S-ZG-BR
264,2001.07.04 00:00,GBPJPY,60,86400,SELL,ZB,1,177.020,175.360,1660.0,175.990,174.190,1800.0,108.434,62.05,630.0,391.8,175.990,175.360,173.560,BOUNCE,2001.07.12 20:00,1,2001.07.13 04:00,1,2001.07.19 21:00,1,2001.07.30 06:00,3,2w 3d,NewYork,NA,,NA,,177.650,BOUNCE,2001.07.06 18:00,1,2001.07.09 13:00,1,2001.07.12 03:00,1,2001.07.12 20:00,3,6d 2h,NewYork,NA,,NA,,174.730,BOUNCE,2001.07.04 13:00,1,2001.07.05 12:00,1,2001.07.06 18:00,0,,2,2d 5h,NewYork,NA,,NA,,176.620,BOUNCE,2001.07.05 12:00,1,2001.07.12 03:00,1,2001.07.12 03:00,0,,2,6d 15h,London,NA,,NA,,S-ZO-UN,B-ZO-BO,B-ZB-BO,S-ZO-UN,S-ZH-BR,B-ZE-BO,B-ZB-BO,S-ZF-UN,B-ZB-BO,B-ZD-BR,B-ZF-BR,B-ZB-UN,S-ZF-BR,S-ZO-BO,B-ZF-BR,B-ZO-BO,B-ZO-BR,B-ZE-BO,S-ZG-BR,B-ZF-UN
265,2001.07.06 00:00,GBPJPY,60,86400,BUY,ZF,0,175.810,174.380,1430.0,176.660,174.890,1770.0,123.776,35.66,920.0,337.5,175.810,174.890,177.580,BREAK,2001.07.06 18:00,0,,0,,0,,0,NA,NewYork,BREAK,2001.07.30 16:00,UNTOUCHED,,173.460,BREAK,2001.08.09 19:00,0,,0,,0,,0,NA,NewYork,BREAK,2001.08.15 16:00,BREAK,2001.08.15 19:00,176.730,BREAK,2001.07.06 17:00,0,,0,,0,,0,NA,NewYork,BREAK,2001.07.06 22:00,BREAK,2001.08.01 18:00,173.970,BREAK,2001.07.12 19:00,0,,0,,0,,0,NA,NewYork,BOUNCE,2001.08.09 19:00,NA,,S-ZB-BO,S-ZO-UN,B-ZO-BO,B-ZB-BO,S-ZO-UN,S-ZH-BR,B-ZE-BO,B-ZB-BO,S-ZF-UN,B-ZB-BO,B-ZB-UN,S-ZF-BR,S-ZO-BO,B-ZF-BR,B-ZO-BO,B-ZO-BR,B-ZE-BO,S-ZG-BR,B-ZF-UN,S-ZF-BR
266,2001.07.07 00:00,GBPJPY,60,86400,BUY,ZB,1,176.660,174.890,1770.0,178.000,175.570,2430.0,137.288,38.42,1090.0,417.7,176.660,175.570,179.090,UNTOUCHED,,0,,0,,0,,0,NA,Other,NA,,NA,,173.800,BOUNCE,2001.07.12 19:00,1,2001.07.18 12:00,1,2001.07.30 06:00,0,,2,2w 3d,NewYork,NA,,NA,,177.750,BOUNCE,2001.07.07 00:00,1,2001.07.12 17:00,1,2001.07.12 19:00,0,,2,5d 19h,Asia,NA,,NA,,174.480,BREAK,2001.07.12 17:00,0,,0,,0,,0,NA,NewYork,BREAK,2001.08.09 19:00,BREAK,2001.08.15 19:00,B-ZF-BR,S-ZB-BO,S-ZO-UN,B-ZO-BO,B-ZB-BO,S-ZO-UN,S-ZH-BR,B-ZE-BO,B-ZB-BO,S-ZF-UN,S-ZF-BR,S-ZO-BO,B-ZF-BR,B-ZO-BO,B-ZO-BR,B-ZE-BO,S-ZG-BR,B-ZF-UN,S-ZF-BR,S-ZB-BO
267,2001.07.10 00:00,GBPJPY,60,86400,SELL,ZF,0,177.770,176.630,1140.0,177.720,176.290,1430.0,125.439,4.39,1090.0,269.0,177.720,176.630,175.200,BREAK,2001.07.11 18:00,0,,0,,0,,0,NA,NewYork,BREAK,2001.07.12 19:00,BOUNCE,2001.08.09 19:00,178.860,BOUNCE,2001.08.01 18:00,1,2001.08.03 13:00,1,2001.08.06 16:00,1,2001.08.07 10:00,3,5d 16h,NewYork,NA,,NA,,175.540,BREAK,2001.07.11 17:00,0,,0,,0,,0,NA,NewYork,BREAK,2001.07.12 18:00,BREAK,2001.08.09 19:00,178.810,BOUNCE,2001.07.30 16:00,1,2001.08.06 16:00,1,2001.08.06 16:00,0,,2,1w 0d,NewYork,NA,,NA,,B-ZB-UN,B-ZF-BR,S-ZB-BO,S-ZO-UN,B-ZO-BO,B-ZB-BO,S-ZO-UN,S-ZH-BR,B-ZE-BO,B-ZB-BO,S-ZO-BO,B-ZF-BR,B-ZO-BO,B-ZO-BR,B-ZE-BO,S-ZG-BR,B-ZF-UN,S-ZF-BR,S-ZB-BO,S-ZD-BR
268,2001.07.14 00:00,GBPJPY,60,86400,SELL,ZO,0,175.490,173.560,1930.0,175.480,173.500,1980.0,102.591,0.52,1920.0,455.5,175.480,173.560,171.580,BOUNCE,2001.08.15 19:00,0,,0,,0,,0,NA,NewYork,NA,,NA,,177.410,BREAK,2001.07.30 05:00,0,,0,,0,,0,NA,Asia,UNTOUCHED,,NA,,171.640,BOUNCE,2001.08.15 19:00,0,,0,,0,,0,NA,NewYork,NA,,NA,,177.400,BREAK,2001.07.30 05:00,0,,0,,0,,0,NA,Asia,UNTOUCHED,,NA,,S-ZF-BR,B-ZB-UN,B-ZF-BR,S-ZB-BO,S-ZO-UN,B-ZO-BO,B-ZB-BO,S-ZO-UN,S-ZH-BR,B-ZE-BO,B-ZF-BR,B-ZO-BO,B-ZO-BR,B-ZE-BO,S-ZG-BR,B-ZF-UN,S-ZF-BR,S-ZB-BO,S-ZD-BR,S-ZE-BO
269,2001.07.19 00:00,GBPJPY,60,86400,BUY,ZF,0,175.870,174.700,1170.0,176.270,174.730,1540.0,131.624,2.56,1140.0,276.1,175.870,174.730,177.410,BREAK,2001.07.30 05:00,0,,0,,0,,0,NA,Asia,BREAK,2001.07.30 16:00,UNTOUCHED,,173.560,BREAK,2001.08.09 19:00,0,,0,,0,,0,NA,NewYork,BREAK,2001.08.15 19:00,BREAK,2001.09.20 15:00,177.010,BOUNCE,2001.07.20 13:00,1,2001.08.09 19:00,1,2001.08.09 19:00,0,,2,2w 6d,NewYork,NA,,NA,,173.590,BREAK,2001.08.09 19:00,0,,0,,0,,0,NA,NewYork,BREAK,2001.08.15 16:00,BOUNCE,2001.08.15 19:00,S-ZO-BO,S-ZF-BR,B-ZB-UN,B-ZF-BR,S-ZB-BO,S-ZO-UN,B-ZO-BO,B-ZB-BO,S-ZO-UN,S-ZH-BR,B-ZO-BO,B-ZO-BR,B-ZE-BO,S-ZG-BR,B-ZF-UN,S-ZF-BR,S-ZB-BO,S-ZD-BR,S-ZE-BO,S-ZF-BO
270,2001.07.21 00:00,GBPJPY,60,86400,BUY,ZO,0,176.750,174.410,2340.0,177.280,175.230,2050.0,87.607,35.04,1520.0,552.2,176.750,175.230,178.800,BOUNCE,2001.07.30 16:00,1,2001.08.06 15:00,1,2001.08.09 19:00,1,2001.08.13 12:00,3,1w 6d,NewYork,NA,,NA,,172.890,BOUNCE,2001.08.13 12:00,0,,0,,0,,0,NA,London,NA,,NA,,178.270,BREAK,2001.07.30 13:00,0,,0,,0,,0,NA,NewYork,UNTOUCHED,,NA,,173.710,BREAK,2001.08.09 19:00,0,,0,,0,,0,NA,NewYork,BREAK,2001.08.15 19:00,BREAK,2001.09.20 16:00,B-ZF-BR,S-ZO-BO,S-ZF-BR,B-ZB-UN,B-ZF-BR,S-ZB-BO,S-ZO-UN,B-ZO-BO,B-ZB-BO,S-ZO-UN,B-ZO-BR,B-ZE-BO,S-ZG-BR,B-ZF-UN,S-ZF-BR,S-ZB-BO,S-ZD-BR,S-ZE-BO,S-ZF-BO,B-ZE-BR
271,2001.07.25 00:00,GBPJPY,60,86400,BUY,ZO,0,176.860,175.210,1650.0,176.890,175.700,1190.0,72.121,29.70,1160.0,389.4,176.860,175.700,178.050,BREAK,2001.07.30 13:00,0,,0,,0,,0,NA,NewYork,UNTOUCHED,,NA,,174.050,BOUNCE,2001.08.08 15:00,0,,0,,0,,0,NA,NewYork,NA,,NA,,178.020,BREAK,2001.07.30 12:00,0,,0,,0,,0,NA,London,UNTOUCHED,,NA,,174.540,BREAK,2001.08.08 14:00,0,,0,,0,,0,NA,NewYork,BREAK,2001.08.09 19:00,BREAK,2001.08.15 19:00,B-ZO-BO,B-ZF-BR,S-ZO-BO,S-ZF-BR,B-ZB-UN,B-ZF-BR,S-ZB-BO,S-ZO-UN,B-ZO-BO,B-ZB-BO,B-ZE-BO,S-ZG-BR,B-ZF-UN,S-ZF-BR,S-ZB-BO,S-ZD-BR,S-ZE-BO,S-ZF-BO,B-ZE-BR,S-ZG-BO
272,2001.07.26 00:00,GBPJPY,60,86400,BUY,ZE,1,176.890,175.700,1190.0,177.130,176.200,930.0,78.151,42.02,690.0,280.8,176.890,176.200,177.820,BOUNCE,2001.07.30 07:00,1,2001.08.03 16:00,1,2001.08.06 16:00,1,2001.08.07 10:00,3,1w 1d,London,NA,,NA,,175.010,BOUNCE,2001.08.07 10:00,0,,0,,0,,0,NA,London,NA,,NA,,177.580,BREAK,2001.07.30 06:00,0,,0,,0,,0,NA,Asia,BREAK,2001.07.30 16:00,BOUNCE,2001.08.02 10:00,175.510,BOUNCE,2001.07.30 01:00,1,2001.07.30 06:00,1,2001.07.30 06:00,0,,2,5h,Asia,NA,,NA,,B-ZO-BR,B-ZO-BO,B-ZF-BR,S-ZO-BO,S-ZF-BR,B-ZB-UN,B-ZF-BR,S-ZB-BO,S-ZO-UN,B-ZO-BO,S-ZG-BR,B-ZF-UN,S-ZF-BR,S-ZB-BO,S-ZD-BR,S-ZE-BO,S-ZF-BO,B-ZE-BR,S-ZG-BO,B-ZC-BR
273,2001.07.28 00:00,GBPJPY,60,86400,SELL,ZG,0,177.260,175.910,1350.0,177.160,175.570,1590.0,117.778,7.41,1250.0,318.6,177.160,175.910,174.320,BREAK,2001.08.08 14:00,0,,0,,0,,0,NA,NewYork,BOUNCE,2001.08.09 19:00,NA,,178.510,BREAK,2001.07.30 15:00,0,,0,,0,,0,NA,NewYork,UNTOUCHED,,NA,,174.660,BREAK,2001.08.08 12:00,0,,0,,0,,0,NA,London,BREAK,2001.08.09 19:00,BREAK,2001.08.15 19:00,178.410,BREAK,2001.07.30 14:00,0,,0,,0,,0,NA,NewYork,UNTOUCHED,,NA,,B-ZE-BO,B-ZO-BR,B-ZO-BO,B-ZF-BR,S-ZO-BO,S-ZF-BR,B-ZB-UN,B-ZF-BR,S-ZB-BO,S-ZO-UN,B-ZF-UN,S-ZF-BR,S-ZB-BO,S-ZD-BR,S-ZE-BO,S-ZF-BO,B-ZE-BR,S-ZG-BO,B-ZC-BR,S-ZF-BO
274,2001.08.02 00:00,GBPJPY,60,86400,BUY,ZF,0,178.680,177.700,980.0,178.980,177.860,1120.0,114.286,16.33,820.0,231.3,178.680,177.860,179.800,UNTOUCHED,,0,,0,,0,,0,NA,Other,NA,,NA,,176.880,BREAK,2001.08.02 16:00,0,,0,,0,,0,NA,NewYork,BOUNCE,2001.08.06 01:00,NA,,179.500,UNTOUCHED,,0,,0,,0,,0,NA,Other,NA,,NA,,177.040,BREAK,2001.08.02 16:00,0,,0,,0,,0,NA,NewYork,BREAK,2001.08.03 17:00,BREAK,2001.08.07 10:00,S-ZG-BR,B-ZE-BO,B-ZO-BR,B-ZO-BO,B-ZF-BR,S-ZO-BO,S-ZF-BR,B-ZB-UN,B-ZF-BR,S-ZB-BO,S-ZF-BR,S-ZB-BO,S-ZD-BR,S-ZE-BO,S-ZF-BO,B-ZE-BR,S-ZG-BO,B-ZC-BR,S-ZF-BO,S-ZE-BO
275,2001.08.03 00:00,GBPJPY,60,86400,SELL,ZF,1,178.980,177.860,1120.0,178.910,176.710,2200.0,196.429,6.25,1050.0,264.3,178.910,177.860,175.660,BREAK,2001.08.06 16:00,0,,0,,0,,0,NA,NewYork,BREAK,2001.08.08 14:00,BREAK,2001.08.09 19:00,180.030,UNTOUCHED,,0,,0,,0,,0,NA,Other,NA,,NA,,176.810,BREAK,2001.08.03 08:00,0,,0,,0,,0,NA,London,BREAK,2001.08.06 16:00,BREAK,2001.08.08 14:00,179.960,UNTOUCHED,,0,,0,,0,,0,NA,Other,NA,,NA,,B-ZF-UN,S-ZG-BR,B-ZE-BO,B-ZO-BR,B-ZO-BO,B-ZF-BR,S-ZO-BO,S-ZF-BR,B-ZB-UN,B-ZF-BR,S-ZB-BO,S-ZD-BR,S-ZE-BO,S-ZF-BO,B-ZE-BR,S-ZG-BO,B-ZC-BR,S-ZF-BO,S-ZE-BO,S-ZF-BR
276,2001.08.04 00:00,GBPJPY,60,86400,SELL,ZB,1,178.910,176.710,2200.0,177.540,175.950,1590.0,72.273,62.27,830.0,519.2,177.540,176.710,175.120,BOUNCE,2001.08.07 10:00,1,2001.09.06 08:00,0,,0,,1,4w 1d,London,NA,,NA,,179.740,UNTOUCHED,,0,,0,,0,,0,NA,Other,NA,,NA,,175.880,BREAK,2001.08.06 15:00,0,,0,,0,,0,NA,NewYork,BOUNCE,2001.08.07 14:00,NA,,178.370,UNTOUCHED,,0,,0,,0,,0,NA,Other,NA,,NA,,S-ZF-BR,B-ZF-UN,S-ZG-BR,B-ZE-BO,B-ZO-BR,B-ZO-BO,B-ZF-BR,S-ZO-BO,S-ZF-BR,B-ZB-UN,S-ZD-BR,S-ZE-BO,S-ZF-BO,B-ZE-BR,S-ZG-BO,B-ZC-BR,S-ZF-BO,S-ZE-BO,S-ZF-BR,S-ZG-BR
277,2001.08.08 00:00,GBPJPY,60,86400,SELL,ZD,1,177.330,175.450,1880.0,175.960,174.750,1210.0,64.362,72.87,510.0,443.7,175.960,175.450,174.240,BREAK,2001.08.08 15:00,0,,0,,0,,0,NA,NewYork,BREAK,2001.08.09 19:00,BOUNCE,2001.08.13 16:00,177.840,BOUNCE,2001.09.11 16:00,1,2001.09.11 17:00,1,2001.09.11 17:00,1,2001.09.11 18:00,3,2h,NewYork,NA,,NA,,174.940,BREAK,2001.08.08 00:00,0,,0,,0,,0,NA,Asia,BREAK,2001.08.08 15:00,BOUNCE,2001.08.08 21:00,176.470,BOUNCE,2001.09.06 03:00,1,2001.09.11 17:00,1,2001.09.11 17:00,0,,2,5d 14h,Asia,NA,,NA,,S-ZB-BO,S-ZF-BR,B-ZF-UN,S-ZG-BR,B-ZE-BO,B-ZO-BR,B-ZO-BO,B-ZF-BR,S-ZO-BO,S-ZF-BR,S-ZE-BO,S-ZF-BO,B-ZE-BR,S-ZG-BO,B-ZC-BR,S-ZF-BO,S-ZE-BO,S-ZF-BR,S-ZG-BR,B-ZF-BR
278,2001.08.09 00:00,GBPJPY,60,86400,SELL,ZE,1,175.960,174.750,1210.0,175.430,173.770,1660.0,137.190,43.80,680.0,285.6,175.430,174.750,173.090,BOUNCE,2001.08.09 19:00,1,2001.08.10 12:00,1,2001.09.06 02:00,1,2001.09.06 07:00,3,3w 6d,NewYork,NA,,NA,,176.640,BOUNCE,2001.09.06 07:00,1,2001.09.06 15:00,1,2001.09.14 14:00,1,2001.09.14 14:00,3,1w 1d,London,NA,,NA,,174.070,BREAK,2001.08.09 19:00,0,,0,,0,,0,NA,NewYork,BOUNCE,2001.08.10 01:00,NA,,176.110,BREAK,2001.09.06 02:00,0,,0,,0,,0,NA,Asia,BOUNCE,2001.09.06 10:00,NA,,S-ZD-BR,S-ZB-BO,S-ZF-BR,B-ZF-UN,S-ZG-BR,B-ZE-BO,B-ZO-BR,B-ZO-BO,B-ZF-BR,S-ZO-BO,S-ZF-BO,B-ZE-BR,S-ZG-BO,B-ZC-BR,S-ZF-BO,S-ZE-BO,S-ZF-BR,S-ZG-BR,B-ZF-BR,S-ZG-BR
279,2001.08.16 00:00,GBPJPY,60,86400,SELL,ZF,1,174.960,172.670,2290.0,174.250,171.250,3000.0,131.004,31.00,1580.0,540.4,174.250,172.670,169.670,BOUNCE,2001.09.20 18:00,1,2001.09.25 18:00,0,,0,,1,5d 0h,NewYork,NA,,NA,,176.540,BREAK,2001.09.06 03:00,0,,0,,0,,0,NA,Asia,BREAK,2001.10.02 10:00,UNTOUCHED,,171.090,BREAK,2001.09.20 15:00,0,,0,,0,,0,NA,NewYork,BOUNCE,2001.09.24 13:00,NA,,175.830,BREAK,2001.09.05 19:00,0,,0,,0,,0,NA,NewYork,BREAK,2001.09.11 16:00,BOUNCE,2001.10.08 04:00,S-ZE-BO,S-ZD-BR,S-ZB-BO,S-ZF-BR,B-ZF-UN,S-ZG-BR,B-ZE-BO,B-ZO-BR,B-ZO-BO,B-ZF-BR,B-ZE-BR,S-ZG-BO,B-ZC-BR,S-ZF-BO,S-ZE-BO,S-ZF-BR,S-ZG-BR,B-ZF-BR,S-ZG-BR,S-ZC-BO
280,2001.08.18 00:00,GBPJPY,60,86400,BUY,ZE,1,174.110,172.140,1970.0,174.630,173.100,1530.0,77.665,48.73,1010.0,464.9,174.110,173.100,175.640,BREAK,2001.09.05 18:00,0,,0,,0,,0,NA,NewYork,BOUNCE,2001.09.06 11:00,NA,,171.130,BREAK,2001.09.20 14:00,0,,0,,0,,0,NA,NewYork,BREAK,2001.09.20 18:00,UNTOUCHED,,175.120,BREAK,2001.09.05 18:00,0,,0,,0,,0,NA,NewYork,BREAK,2001.09.06 07:00,BREAK,2001.09.11 12:00,172.090,BOUNCE,2001.08.31 18:00,1,2001.09.05 18:00,1,2001.09.05 18:00,0,,2,5d 0h,NewYork,NA,,NA,,S-ZF-BO,S-ZE-BO,S-ZD-BR,S-ZB-BO,S-ZF-BR,B-ZF-UN,S-ZG-BR,B-ZE-BO,B-ZO-BR,B-ZO-BO,S-ZG-BO,B-ZC-BR,S-ZF-BO,S-ZE-BO,S-ZF-BR,S-ZG-BR,B-ZF-BR,S-ZG-BR,S-ZC-BO,S-ZF-BR
281,2001.08.22 00:00,GBPJPY,60,86400,SELL,ZG,0,174.720,173.590,1130.0,174.710,173.120,1590.0,140.708,0.88,1120.0,266.7,174.710,173.590,172.000,BOUNCE,2001.08.31 18:00,1,2001.09.05 15:00,1,2001.09.05 19:00,1,2001.09.05 19:00,3,5d 1h,NewYork,NA,,NA,,175.840,BREAK,2001.09.05 19:00,0,,0,,0,,0,NA,NewYork,BREAK,2001.09.11 07:00,BREAK,2001.10.02 09:00,172.470,BREAK,2001.08.31 18:00,0,,0,,0,,0,NA,NewYork,BREAK,2001.09.20 15:00,BREAK,2001.09.20 16:00,175.830,BREAK,2001.09.05 19:00,0,,0,,0,,0,NA,NewYork,BREAK,2001.09.11 07:00,BREAK,2001.10.02 09:00,B-ZE-BR,S-ZF-BO,S-ZE-BO,S-ZD-BR,S-ZB-BO,S-ZF-BR,B-ZF-UN,S-ZG-BR,B-ZE-BO,B-ZO-BR,B-ZC-BR,S-ZF-BO,S-ZE-BO,S-ZF-BR,S-ZG-BR,B-ZF-BR,S-ZG-BR,S-ZC-BO,S-ZF-BR,S-ZC-BO
282,2001.08.23 00:00,GBPJPY,60,86400,BUY,ZC,1,174.710,173.120,1590.0,174.990,173.810,1180.0,74.214,43.40,900.0,375.2,174.710,173.810,175.890,BREAK,2001.09.05 19:00,0,,0,,0,,0,NA,NewYork,BOUNCE,2001.09.06 10:00,NA,,172.220,BOUNCE,2001.08.31 18:00,1,2001.09.05 14:00,1,2001.09.05 18:00,1,2001.09.05 19:00,3,5d 1h,NewYork,NA,,NA,,175.610,BREAK,2001.09.05 18:00,0,,0,,0,,0,NA,NewYork,BREAK,2001.09.06 09:00,BREAK,2001.09.11 13:00,172.910,BOUNCE,2001.08.24 10:00,1,2001.09.05 18:00,1,2001.09.05 18:00,0,,2,1w 5d,London,NA,,NA,,S-ZG-BO,B-ZE-BR,S-ZF-BO,S-ZE-BO,S-ZD-BR,S-ZB-BO,S-ZF-BR,B-ZF-UN,S-ZG-BR,B-ZE-BO,S-ZF-BO,S-ZE-BO,S-ZF-BR,S-ZG-BR,B-ZF-BR,S-ZG-BR,S-ZC-BO,S-ZF-BR,S-ZC-BO,S-ZF-UN
283,2001.08.24 00:00,GBPJPY,60,86400,SELL,ZF,0,174.990,173.810,1180.0,174.890,173.140,1750.0,148.305,8.47,1080.0,278.5,174.890,173.810,172.060,BOUNCE,2001.08.31 18:00,1,2001.09.05 15:00,1,2001.09.06 02:00,1,2001.09.06 02:00,3,5d 8h,NewYork,NA,,NA,,176.070,BREAK,2001.09.06 02:00,0,,0,,0,,0,NA,Asia,BREAK,2001.09.11 07:00,BREAK,2001.10.02 09:00,172.730,BREAK,2001.08.31 15:00,0,,0,,0,,0,NA,NewYork,BOUNCE,2001.09.05 02:00,NA,,175.970,BREAK,2001.09.06 02:00,0,,0,,0,,0,NA,Asia,BREAK,2001.09.11 07:00,BREAK,2001.10.02 09:00,B-ZC-BR,S-ZG-BO,B-ZE-BR,S-ZF-BO,S-ZE-BO,S-ZD-BR,S-ZB-BO,S-ZF-BR,B-ZF-UN,S-ZG-BR,S-ZE-BO,S-ZF-BR,S-ZG-BR,B-ZF-BR,S-ZG-BR,S-ZC-BO,S-ZF-BR,S-ZC-BO,S-ZF-UN,S-ZG-UN
284,2001.08.25 00:00,GBPJPY,60,86400,SELL,ZE,1,174.890,173.140,1750.0,173.720,172.810,910.0,52.000,66.86,580.0,413.0,173.720,173.140,172.230,BOUNCE,2001.08.31 18:00,1,2001.09.05 13:00,1,2001.09.05 15:00,1,2001.09.05 18:00,3,5d 0h,NewYork,NA,,NA,,175.470,BOUNCE,2001.09.05 18:00,1,2001.09.11 18:00,1,2001.09.14 17:00,1,2001.09.14 18:00,3,1w 2d,NewYork,NA,,NA,,172.560,BOUNCE,2001.08.31 15:00,1,2001.09.05 15:00,1,2001.09.05 18:00,0,,2,5d 3h,NewYork,NA,,NA,,174.300,BREAK,2001.08.28 17:00,0,,0,,0,,0,NA,NewYork,BOUNCE,2001.08.28 21:00,NA,,S-ZF-BO,B-ZC-BR,S-ZG-BO,B-ZE-BR,S-ZF-BO,S-ZE-BO,S-ZD-BR,S-ZB-BO,S-ZF-BR,B-ZF-UN,S-ZF-BR,S-ZG-BR,B-ZF-BR,S-ZG-BR,S-ZC-BO,S-ZF-BR,S-ZC-BO,S-ZF-UN,S-ZG-UN,B-ZD-BR
285,2001.09.01 00:00,GBPJPY,60,86400,SELL,ZF,1,174.560,173.280,1280.0,174.220,171.940,2280.0,178.125,26.56,940.0,302.1,174.220,173.280,171.000,BREAK,2001.09.20 15:00,0,,0,,0,,0,NA,NewYork,BREAK,2001.09.20 18:00,UNTOUCHED,,175.500,BREAK,2001.09.05 18:00,0,,0,,0,,0,NA,NewYork,BREAK,2001.09.06 08:00,BREAK,2001.09.11 13:00,172.340,BREAK,2001.09.03 18:00,0,,0,,0,,0,NA,NewYork,BREAK,2001.09.20 15:00,BREAK,2001.09.20 16:00,175.160,BREAK,2001.09.05 18:00,0,,0,,0,,0,NA,NewYork,BREAK,2001.09.06 03:00,BREAK,2001.09.11 07:00,S-ZE-BO,S-ZF-BO,B-ZC-BR,S-ZG-BO,B-ZE-BR,S-ZF-BO,S-ZE-BO,S-ZD-BR,S-ZB-BO,S-ZF-BR,S-ZG-BR,B-ZF-BR,S-ZG-BR,S-ZC-BO,S-ZF-BR,S-ZC-BO,S-ZF-UN,S-ZG-UN,B-ZD-BR,B-ZB-BR
286,2001.09.05 00:00,GBPJPY,60,86400,SELL,ZG,0,173.300,172.230,1070.0,173.060,171.630,1430.0,133.645,22.43,830.0,252.5,173.060,172.230,170.800,BREAK,2001.09.20 15:00,0,,0,,0,,0,NA,NewYork,BREAK,2001.09.20 18:00,UNTOUCHED,,174.130,BREAK,2001.09.05 15:00,0,,0,,0,,0,NA,NewYork,BREAK,2001.09.05 18:00,BREAK,2001.09.06 02:00,171.400,BREAK,2001.09.20 14:00,0,,0,,0,,0,NA,NewYork,BREAK,2001.09.20 16:00,BOUNCE,2001.09.20 22:00,173.890,BREAK,2001.09.05 14:00,0,,0,,0,,0,NA,NewYork,BREAK,2001.09.05 17:00,BOUNCE,2001.09.05 18:00,S-ZF-BR,S-ZE-BO,S-ZF-BO,B-ZC-BR,S-ZG-BO,B-ZE-BR,S-ZF-BO,S-ZE-BO,S-ZD-BR,S-ZB-BO,B-ZF-BR,S-ZG-BR,S-ZC-BO,S-ZF-BR,S-ZC-BO,S-ZF-UN,S-ZG-UN,B-ZD-BR,B-ZB-BR,B-ZB-BR
287,2001.09.06 00:00,GBPJPY,60,86400,BUY,ZF,1,173.060,171.630,1430.0,175.920,171.990,3930.0,274.825,25.17,1070.0,337.5,173.060,171.990,176.990,BREAK,2001.09.10 16:00,0,,0,,0,,0,NA,NewYork,BREAK,2001.10.02 09:00,UNTOUCHED,,170.560,BREAK,2001.09.20 15:00,0,,0,,0,,0,NA,NewYork,BOUNCE,2001.09.21 16:00,NA,,174.130,BREAK,2001.09.06 00:00,0,,0,,0,,0,NA,Asia,BREAK,2001.09.06 01:00,BREAK,2001.09.06 07:00,170.920,BREAK,2001.09.20 15:00,0,,0,,0,,0,NA,NewYork,BOUNCE,2001.09.21 04:00,NA,,S-ZG-BR,S-ZF-BR,S-ZE-BO,S-ZF-BO,B-ZC-BR,S-ZG-BO,B-ZE-BR,S-ZF-BO,S-ZE-BO,S-ZD-BR,S-ZG-BR,S-ZC-BO,S-ZF-BR,S-ZC-BO,S-ZF-UN,S-ZG-UN,B-ZD-BR,B-ZB-BR,B-ZB-BR,B-ZO-UN
288,2001.09.08 00:00,GBPJPY,60,86400,SELL,ZG,0,176.910,175.230,1680.0,176.880,175.090,1790.0,106.548,1.79,1650.0,396.5,176.880,175.230,173.440,BREAK,2001.09.14 14:00,0,,0,,0,,0,NA,NewYork,BOUNCE,2001.09.17 01:00,NA,,178.560,BREAK,2001.10.02 10:00,0,,0,,0,,0,NA,London,UNTOUCHED,,NA,,173.580,BREAK,2001.09.14 14:00,0,,0,,0,,0,NA,NewYork,BOUNCE,2001.09.17 01:00,NA,,178.530,BREAK,2001.10.02 09:00,0,,0,,0,,0,NA,London,UNTOUCHED,,NA,,B-ZF-BR,S-ZG-BR,S-ZF-BR,S-ZE-BO,S-ZF-BO,B-ZC-BR,S-ZG-BO,B-ZE-BR,S-ZF-BO,S-ZE-BO,S-ZC-BO,S-ZF-BR,S-ZC-BO,S-ZF-UN,S-ZG-UN,B-ZD-BR,B-ZB-BR,B-ZB-BR,B-ZO-UN,B-ZF-UN
289,2001.09.14 00:00,GBPJPY,60,86400,SELL,ZC,1,177.230,174.560,2670.0,175.830,174.280,1550.0,58.052,52.43,1270.0,630.1,175.830,174.560,173.010,BOUNCE,2001.09.14 14:00,1,2001.09.27 12:00,1,2001.10.01 13:00,1,2001.10.02 09:00,3,2w 3d,NewYork,NA,,NA,,178.500,BOUNCE,2001.10.02 09:00,1,2001.10.09 18:00,0,,0,,1,1w 0d,London,NA,,NA,,173.290,BOUNCE,2001.09.14 14:00,1,2001.10.01 13:00,1,2001.10.02 09:00,0,,2,2w 3d,NewYork,NA,,NA,,177.100,BREAK,2001.10.01 13:00,0,,0,,0,,0,NA,NewYork,BOUNCE,2001.10.02 18:00,NA,,S-ZG-BR,B-ZF-BR,S-ZG-BR,S-ZF-BR,S-ZE-BO,S-ZF-BO,B-ZC-BR,S-ZG-BO,B-ZE-BR,S-ZF-BO,S-ZF-BR,S-ZC-BO,S-ZF-UN,S-ZG-UN,B-ZD-BR,B-ZB-BR,B-ZB-BR,B-ZO-UN,B-ZF-UN,S-ZB-UN
290,2001.09.15 00:00,GBPJPY,60,86400,SELL,ZF,1,175.830,174.280,1550.0,175.590,171.730,3860.0,249.032,15.48,1310.0,365.8,175.590,174.280,170.420,BREAK,2001.09.20 16:00,0,,0,,0,,0,NA,NewYork,UNTOUCHED,,NA,,177.140,BREAK,2001.10.01 13:00,0,,0,,0,,0,NA,NewYork,BREAK,2001.10.02 10:00,UNTOUCHED,,172.970,BREAK,2001.09.15 00:00,0,,0,,0,,0,NA,Asia,BOUNCE,2001.09.18 03:00,NA,,176.900,BOUNCE,2001.09.27 17:00,0,,0,,0,,0,NA,NewYork,NA,,NA,,S-ZC-BO,S-ZG-BR,B-ZF-BR,S-ZG-BR,S-ZF-BR,S-ZE-BO,S-ZF-BO,B-ZC-BR,S-ZG-BO,B-ZE-BR,S-ZC-BO,S-ZF-UN,S-ZG-UN,B-ZD-BR,B-ZB-BR,B-ZB-BR,B-ZO-UN,B-ZF-UN,S-ZB-UN,B-ZD-BR
291,2001.09.19 00:00,GBPJPY,60,86400,SELL,ZC,1,174.570,171.590,2980.0,173.200,171.420,1780.0,59.732,45.97,1610.0,703.3,173.200,171.590,169.810,BOUNCE,2001.09.20 18:00,1,2001.09.25 18:00,1,2001.09.27 06:00,1,2001.09.27 16:00,3,6d 22h,NewYork,NA,,NA,,176.180,BREAK,2001.09.27 16:00,0,,0,,0,,0,NA,NewYork,BREAK,2001.10.02 09:00,UNTOUCHED,,169.980,BOUNCE,2001.09.20 16:00,1,2001.09.27 06:00,1,2001.09.27 16:00,0,,2,1w 0d,NewYork,NA,,NA,,174.810,BREAK,2001.09.27 06:00,0,,0,,0,,0,NA,Asia,BOUNCE,2001.09.28 10:00,NA,,S-ZF-BR,S-ZC-BO,S-ZG-BR,B-ZF-BR,S-ZG-BR,S-ZF-BR,S-ZE-BO,S-ZF-BO,B-ZC-BR,S-ZG-BO,S-ZF-UN,S-ZG-UN,B-ZD-BR,B-ZB-BR,B-ZB-BR,B-ZO-UN,B-ZF-UN,S-ZB-UN,B-ZD-BR,S-ZH-BO
292,2001.09.21 00:00,GBPJPY,60,86400,SELL,ZF,1,173.180,171.720,1460.0,172.920,169.610,3310.0,226.712,17.81,1200.0,344.6,172.920,171.720,168.410,UNTOUCHED,,0,,0,,0,,0,NA,Other,NA,,NA,,174.380,BREAK,2001.09.27 06:00,0,,0,,0,,0,NA,Asia,BREAK,2001.09.27 13:00,BOUNCE,2001.09.28 03:00,170.520,BOUNCE,2001.09.21 00:00,1,2001.09.26 19:00,1,2001.09.27 06:00,0,,2,6d 6h,Asia,NA,,NA,,174.120,BREAK,2001.09.26 19:00,0,,0,,0,,0,NA,NewYork,BREAK,2001.09.27 13:00,BREAK,2001.09.27 17:00,S-ZC-BO,S-ZF-BR,S-ZC-BO,S-ZG-BR,B-ZF-BR,S-ZG-BR,S-ZF-BR,S-ZE-BO,S-ZF-BO,B-ZC-BR,S-ZG-UN,B-ZD-BR,B-ZB-BR,B-ZB-BR,B-ZO-UN,B-ZF-UN,S-ZB-UN,B-ZD-BR,S-ZH-BO,S-ZO-UN
293,2001.09.22 00:00,GBPJPY,60,86400,SELL,ZG,0,172.920,169.610,3310.0,171.810,169.190,2620.0,79.154,33.53,2200.0,781.2,171.810,169.610,166.990,UNTOUCHED,,0,,0,,0,,0,NA,Other,NA,,NA,,175.120,BREAK,2001.09.27 11:00,0,,0,,0,,0,NA,London,BREAK,2001.10.02 09:00,UNTOUCHED,,167.410,UNTOUCHED,,0,,0,,0,,0,NA,Other,NA,,NA,,174.010,BREAK,2001.09.26 12:00,0,,0,,0,,0,NA,London,BREAK,2001.10.01 13:00,BOUNCE,2001.10.09 17:00,S-ZF-UN,S-ZC-BO,S-ZF-BR,S-ZC-BO,S-ZG-BR,B-ZF-BR,S-ZG-BR,S-ZF-BR,S-ZE-BO,S-ZF-BO,B-ZD-BR,B-ZB-BR,B-ZB-BR,B-ZO-UN,B-ZF-UN,S-ZB-UN,B-ZD-BR,S-ZH-BO,S-ZO-UN,B-ZO-BR
294,2001.09.26 00:00,GBPJPY,60,86400,BUY,ZD,1,172.270,169.200,3070.0,173.240,170.860,2380.0,77.524,54.07,1410.0,724.5,172.270,170.860,174.650,BREAK,2001.09.27 06:00,0,,0,,0,,0,NA,Asia,BREAK,2001.09.27 17:00,BREAK,2001.10.02 09:00,167.790,UNTOUCHED,,0,,0,,0,,0,NA,Other,NA,,NA,,173.680,BREAK,2001.09.26 11:00,0,,0,,0,,0,NA,London,BREAK,2001.09.27 13:00,BOUNCE,2001.09.28 09:00,169.450,UNTOUCHED,,0,,0,,0,,0,NA,Other,NA,,NA,,S-ZG-UN,S-ZF-UN,S-ZC-BO,S-ZF-BR,S-ZC-BO,S-ZG-BR,B-ZF-BR,S-ZG-BR,S-ZF-BR,S-ZE-BO,B-ZB-BR,B-ZB-BR,B-ZO-UN,B-ZF-UN,S-ZB-UN,B-ZD-BR,S-ZH-BO,S-ZO-UN,B-ZO-BR,S-ZB-BO
295,2001.09.27 00:00,GBPJPY,60,86400,BUY,ZB,1,173.240,170.860,2380.0,174.170,172.380,1790.0,75.210,63.87,860.0,561.7,173.240,172.380,175.030,BREAK,2001.09.27 11:00,0,,0,,0,,0,NA,London,BREAK,2001.09.27 16:00,BOUNCE,2001.09.28 03:00,170.000,UNTOUCHED,,0,,0,,0,,0,NA,Other,NA,,NA,,174.100,BREAK,2001.09.27 03:00,0,,0,,0,,0,NA,Asia,BREAK,2001.09.27 12:00,BREAK,2001.09.27 16:00,171.520,UNTOUCHED,,0,,0,,0,,0,NA,Other,NA,,NA,,B-ZD-BR,S-ZG-UN,S-ZF-UN,S-ZC-BO,S-ZF-BR,S-ZC-BO,S-ZG-BR,B-ZF-BR,S-ZG-BR,S-ZF-BR,B-ZB-BR,B-ZO-UN,B-ZF-UN,S-ZB-UN,B-ZD-BR,S-ZH-BO,S-ZO-UN,B-ZO-BR,S-ZB-BO,S-ZB-UN
296,2001.09.28 00:00,GBPJPY,60,86400,BUY,ZB,1,174.170,172.380,1790.0,176.900,173.520,3380.0,188.827,63.69,650.0,422.4,174.170,173.520,177.550,BREAK,2001.10.01 17:00,0,,0,,0,,0,NA,NewYork,BREAK,2001.10.02 10:00,BOUNCE,2001.10.03 15:00,171.730,UNTOUCHED,,0,,0,,0,,0,NA,Other,NA,,NA,,174.820,BREAK,2001.09.28 00:00,0,,0,,0,,0,NA,Asia,BREAK,2001.09.28 01:00,BREAK,2001.09.28 02:00,172.870,UNTOUCHED,,0,,0,,0,,0,NA,Other,NA,,NA,,B-ZB-BR,B-ZD-BR,S-ZG-UN,S-ZF-UN,S-ZC-BO,S-ZF-BR,S-ZC-BO,S-ZG-BR,B-ZF-BR,S-ZG-BR,B-ZO-UN,B-ZF-UN,S-ZB-UN,B-ZD-BR,S-ZH-BO,S-ZO-UN,B-ZO-BR,S-ZB-BO,S-ZB-UN,B-ZH-BO
297,2001.10.03 00:00,GBPJPY,60,86400,BUY,ZO,0,178.050,175.680,2370.0,178.970,176.470,2500.0,105.485,33.33,1580.0,559.3,178.050,176.470,180.550,UNTOUCHED,,0,,0,,0,,0,NA,Other,NA,,NA,,174.100,BOUNCE,2001.10.10 14:00,1,2001.10.29 15:00,0,,0,,1,2w 5d,NewYork,NA,,NA,,179.630,UNTOUCHED,,0,,0,,0,,0,NA,Other,NA,,NA,,174.890,BREAK,2001.10.09 19:00,0,,0,,0,,0,NA,NewYork,UNTOUCHED,,NA,,B-ZB-BR,B-ZB-BR,B-ZD-BR,S-ZG-UN,S-ZF-UN,S-ZC-BO,S-ZF-BR,S-ZC-BO,S-ZG-BR,B-ZF-BR,B-ZF-UN,S-ZB-UN,B-ZD-BR,S-ZH-BO,S-ZO-UN,B-ZO-BR,S-ZB-BO,S-ZB-UN,B-ZH-BO,B-ZB-BR
298,2001.10.06 00:00,GBPJPY,60,86400,BUY,ZF,0,178.480,176.870,1610.0,178.850,177.270,1580.0,98.137,24.84,1210.0,380.0,178.480,177.270,180.060,UNTOUCHED,,0,,0,,0,,0,NA,Other,NA,,NA,,175.660,BREAK,2001.10.09 18:00,0,,0,,0,,0,NA,NewYork,BREAK,2001.10.10 14:00,UNTOUCHED,,179.690,UNTOUCHED,,0,,0,,0,,0,NA,Other,NA,,NA,,176.060,BREAK,2001.10.09 18:00,0,,0,,0,,0,NA,NewYork,BREAK,2001.10.10 13:00,BOUNCE,2001.10.23 10:00,B-ZO-UN,B-ZB-BR,B-ZB-BR,B-ZD-BR,S-ZG-UN,S-ZF-UN,S-ZC-BO,S-ZF-BR,S-ZC-BO,S-ZG-BR,S-ZB-UN,B-ZD-BR,S-ZH-BO,S-ZO-UN,B-ZO-BR,S-ZB-BO,S-ZB-UN,B-ZH-BO,B-ZB-BR,B-ZO-BR
299,2001.10.11 00:00,GBPJPY,60,86400,SELL,ZB,1,177.090,174.850,2240.0,175.940,173.970,1970.0,87.946,51.34,1090.0,528.6,175.940,174.850,172.880,UNTOUCHED,,0,,0,,0,,0,NA,Other,NA,,NA,,178.180,BOUNCE,2001.10.31 19:00,1,2001.11.08 18:00,1,2001.11.19 19:00,0,,2,2w 5d,NewYork,NA,,NA,,173.760,BOUNCE,2001.10.19 21:00,1,2001.10.29 13:00,1,2001.10.31 19:00,0,,2,1w 4d,Other,NA,,NA,,177.030,BREAK,2001.10.29 13:00,0,,0,,0,,0,NA,NewYork,BREAK,2001.11.02 00:00,BREAK,2001.12.07 17:00,B-ZF-UN,B-ZO-UN,B-ZB-BR,B-ZB-BR,B-ZD-BR,S-ZG-UN,S-ZF-UN,S-ZC-BO,S-ZF-BR,S-ZC-BO,B-ZD-BR,S-ZH-BO,S-ZO-UN,B-ZO-BR,S-ZB-BO,S-ZB-UN,B-ZH-BO,B-ZB-BR,B-ZO-BR,B-ZE-BO
300,2001.10.13 00:00,GBPJPY,60,86400,BUY,ZD,1,175.760,174.280,1480.0,176.290,175.220,1070.0,72.297,63.51,540.0,349.3,175.760,175.220,176.830,BREAK,2001.10.29 11:00,0,,0,,0,,0,NA,London,BOUNCE,2001.10.30 16:00,NA,,173.740,BOUNCE,2001.10.19 21:00,1,2001.10.23 10:00,1,2001.10.26 18:00,1,2001.10.29 11:00,3,1w 2d,Other,NA,,NA,,176.300,BOUNCE,2001.10.26 18:00,1,2001.11.08 19:00,1,2001.11.19 19:00,0,,2,3w 3d,NewYork,NA,,NA,,174.680,BOUNCE,2001.10.16 04:00,1,2001.10.26 18:00,1,2001.10.26 18:00,0,,2,1w 3d,Asia,NA,,NA,,S-ZB-UN,B-ZF-UN,B-ZO-UN,B-ZB-BR,B-ZB-BR,B-ZD-BR,S-ZG-UN,S-ZF-UN,S-ZC-BO,S-ZF-BR,S-ZH-BO,S-ZO-UN,B-ZO-BR,S-ZB-BO,S-ZB-UN,B-ZH-BO,B-ZB-BR,B-ZO-BR,B-ZE-BO,B-ZF-BR
301,2001.10.16 00:00,GBPJPY,60,86400,SELL,ZH,1,176.180,175.730,450.0,176.130,174.690,1440.0,320.000,11.11,400.0,106.2,176.130,175.730,174.290,BOUNCE,2001.10.19 15:00,1,2001.10.24 07:00,1,2001.10.26 18:00,1,2001.10.26 19:00,3,1w 0d,NewYork,NA,,NA,,176.580,BOUNCE,2001.10.26 19:00,1,2001.11.08 18:00,1,2001.11.08 19:00,1,2001.11.08 20:00,3,1w 6d,NewYork,NA,,NA,,175.330,BREAK,2001.10.16 00:00,0,,0,,0,,0,NA,Asia,BREAK,2001.10.16 03:00,BOUNCE,2001.10.18 18:00,176.530,BOUNCE,2001.10.26 18:00,1,2001.11.08 19:00,1,2001.11.08 19:00,0,,2,1w 6d,NewYork,NA,,NA,,B-ZD-BR,S-ZB-UN,B-ZF-UN,B-ZO-UN,B-ZB-BR,B-ZB-BR,B-ZD-BR,S-ZG-UN,S-ZF-UN,S-ZC-BO,S-ZO-UN,B-ZO-BR,S-ZB-BO,S-ZB-UN,B-ZH-BO,B-ZB-BR,B-ZO-BR,B-ZE-BO,B-ZF-BR,B-ZB-BO
302,2001.10.17 00:00,GBPJPY,60,86400,SELL,ZO,0,176.130,174.690,1440.0,176.100,174.640,1460.0,101.389,2.08,1410.0,339.8,176.100,174.690,173.230,UNTOUCHED,,0,,0,,0,,0,NA,Other,NA,,NA,,177.540,BREAK,2001.10.29 15:00,0,,0,,0,,0,NA,NewYork,BREAK,2001.12.07 16:00,BREAK,2001.12.10 18:00,173.280,UNTOUCHED,,0,,0,,0,,0,NA,Other,NA,,NA,,177.510,BREAK,2001.10.29 15:00,0,,0,,0,,0,NA,NewYork,BREAK,2001.12.07 16:00,BREAK,2001.12.10 18:00,S-ZH-BO,B-ZD-BR,S-ZB-UN,B-ZF-UN,B-ZO-UN,B-ZB-BR,B-ZB-BR,B-ZD-BR,S-ZG-UN,S-ZF-UN,B-ZO-BR,S-ZB-BO,S-ZB-UN,B-ZH-BO,B-ZB-BR,B-ZO-BR,B-ZE-BO,B-ZF-BR,B-ZB-BO,S-ZD-BR
303,2001.10.18 00:00,GBPJPY,60,86400,BUY,ZO,0,176.100,174.640,1460.0,176.260,175.070,1190.0,81.507,29.45,1030.0,344.6,176.100,175.070,177.290,BREAK,2001.10.29 15:00,0,,0,,0,,0,NA,NewYork,BREAK,2001.11.02 00:00,BREAK,2001.12.07 17:00,173.610,BOUNCE,2001.10.19 23:00,1,2001.10.24 21:00,1,2001.10.29 13:00,1,2001.10.29 15:00,3,1w 2d,Other,NA,,NA,,177.130,BREAK,2001.10.29 13:00,0,,0,,0,,0,NA,NewYork,BREAK,2001.11.01 14:00,BREAK,2001.12.07 17:00,174.040,BREAK,2001.10.19 16:00,0,,0,,0,,0,NA,NewYork,UNTOUCHED,,NA,,S-ZO-UN,S-ZH-BO,B-ZD-BR,S-ZB-UN,B-ZF-UN,B-ZO-UN,B-ZB-BR,B-ZB-BR,B-ZD-BR,S-ZG-UN,S-ZB-BO,S-ZB-UN,B-ZH-BO,B-ZB-BR,B-ZO-BR,B-ZE-BO,B-ZF-BR,B-ZB-BO,S-ZD-BR,S-ZF-BR
304,2001.10.19 00:00,GBPJPY,60,86400,SELL,ZB,1,176.260,175.070,1190.0,175.720,174.430,1290.0,108.403,45.38,650.0,280.8,175.720,175.070,173.780,BOUNCE,2001.10.19 21:00,1,2001.10.24 07:00,1,2001.10.26 18:00,1,2001.10.29 12:00,3,1w 2d,Other,NA,,NA,,176.910,BREAK,2001.10.29 12:00,0,,0,,0,,0,NA,London,BOUNCE,2001.10.30 16:00,NA,,174.420,BREAK,2001.10.19 11:00,0,,0,,0,,0,NA,London,BOUNCE,2001.10.22 10:00,NA,,176.370,BOUNCE,2001.10.26 18:00,1,2001.11.08 20:00,1,2001.11.08 20:00,0,,2,1w 6d,NewYork,NA,,NA,,B-ZO-BR,S-ZO-UN,S-ZH-BO,B-ZD-BR,S-ZB-UN,B-ZF-UN,B-ZO-UN,B-ZB-BR,B-ZB-BR,B-ZD-BR,S-ZB-UN,B-ZH-BO,B-ZB-BR,B-ZO-BR,B-ZE-BO,B-ZF-BR,B-ZB-BO,S-ZD-BR,S-ZF-BR,B-ZG-BR
305,2001.10.20 00:00,GBPJPY,60,86400,SELL,ZB,1,175.720,174.430,1290.0,175.170,173.580,1590.0,123.256,42.64,740.0,304.4,175.170,174.430,172.840,UNTOUCHED,,0,,0,,0,,0,NA,Other,NA,,NA,,176.460,BOUNCE,2001.10.26 18:00,1,2001.11.08 19:00,1,2001.11.19 19:00,0,,2,3w 3d,NewYork,NA,,NA,,173.690,BOUNCE,2001.10.20 00:00,1,2001.10.26 18:00,1,2001.10.26 18:00,0,,2,6d 18h,Asia,NA,,NA,,175.910,BREAK,2001.10.26 18:00,0,,0,,0,,0,NA,NewYork,BOUNCE,2001.10.29 09:00,NA,,S-ZB-BO,B-ZO-BR,S-ZO-UN,S-ZH-BO,B-ZD-BR,S-ZB-UN,B-ZF-UN,B-ZO-UN,B-ZB-BR,B-ZB-BR,B-ZH-BO,B-ZB-BR,B-ZO-BR,B-ZE-BO,B-ZF-BR,B-ZB-BO,S-ZD-BR,S-ZF-BR,B-ZG-BR,S-ZF-UN
306,2001.10.24 00:00,GBPJPY,60,86400,BUY,ZH,0,174.770,173.710,1060.0,175.060,174.090,970.0,91.509,35.85,680.0,250.2,174.770,174.090,175.740,BOUNCE,2001.10.25 04:00,1,2001.11.08 20:00,0,,0,,1,2w 0d,Asia,NA,,NA,,173.030,UNTOUCHED,,0,,0,,0,,0,NA,Other,NA,,NA,,175.450,BREAK,2001.10.24 20:00,0,,0,,0,,0,NA,NewYork,BREAK,2001.10.26 18:00,BREAK,2001.10.29 13:00,173.410,UNTOUCHED,,0,,0,,0,,0,NA,Other,NA,,NA,,S-ZB-UN,S-ZB-BO,B-ZO-BR,S-ZO-UN,S-ZH-BO,B-ZD-BR,S-ZB-UN,B-ZF-UN,B-ZO-UN,B-ZB-BR,B-ZB-BR,B-ZO-BR,B-ZE-BO,B-ZF-BR,B-ZB-BO,S-ZD-BR,S-ZF-BR,B-ZG-BR,S-ZF-UN,S-ZG-BR
307,2001.10.25 00:00,GBPJPY,60,86400,BUY,ZB,1,175.060,174.090,970.0,175.710,174.600,1110.0,114.433,52.58,460.0,228.9,175.060,174.600,176.170,BREAK,2001.10.26 18:00,0,,0,,0,,0,NA,NewYork,BOUNCE,2001.10.27 01:00,NA,,173.630,BOUNCE,2001.11.20 13:00,1,2001.11.21 07:00,1,2001.11.23 15:00,1,2001.11.29 19:00,3,1w 2d,NewYork,NA,,NA,,175.520,BREAK,2001.10.25 00:00,0,,0,,0,,0,NA,Asia,BREAK,2001.10.26 18:00,BREAK,2001.10.26 21:00,174.140,BOUNCE,2001.11.08 21:00,1,2001.11.09 17:00,1,2001.11.09 17:00,0,,2,20h,Other,NA,,NA,,B-ZH-BO,S-ZB-UN,S-ZB-BO,B-ZO-BR,S-ZO-UN,S-ZH-BO,B-ZD-BR,S-ZB-UN,B-ZF-UN,B-ZO-UN,B-ZO-BR,B-ZE-BO,B-ZF-BR,B-ZB-BO,S-ZD-BR,S-ZF-BR,B-ZG-BR,S-ZF-UN,S-ZG-BR,B-ZO-BO
308,2001.10.26 00:00,GBPJPY,60,86400,BUY,ZO,0,175.710,174.600,1110.0,175.890,174.990,900.0,81.081,35.14,720.0,262.0,175.710,174.990,176.610,BREAK,2001.10.26 19:00,0,,0,,0,,0,NA,NewYork,BREAK,2001.10.30 01:00,BREAK,2001.10.31 21:00,173.880,BREAK,2001.11.19 19:00,0,,0,,0,,0,NA,NewYork,UNTOUCHED,,NA,,176.430,BOUNCE,2001.10.26 18:00,1,2001.11.08 20:00,1,2001.11.19 19:00,0,,2,3w 3d,NewYork,NA,,NA,,174.270,BOUNCE,2001.11.08 20:00,1,2001.11.29 20:00,1,2001.11.29 20:00,0,,2,3w 0d,NewYork,NA,,NA,,B-ZB-BR,B-ZH-BO,S-ZB-UN,S-ZB-BO,B-ZO-BR,S-ZO-UN,S-ZH-BO,B-ZD-BR,S-ZB-UN,B-ZF-UN,B-ZE-BO,B-ZF-BR,B-ZB-BO,S-ZD-BR,S-ZF-BR,B-ZG-BR,S-ZF-UN,S-ZG-BR,B-ZO-BO,S-ZO-BR
309,2001.10.31 00:00,GBPJPY,60,86400,BUY,ZE,1,177.580,175.900,1680.0,177.790,176.820,970.0,57.738,54.76,760.0,396.5,177.580,176.820,178.550,BOUNCE,2001.11.01 14:00,1,2001.11.05 12:00,1,2001.11.08 18:00,1,2001.11.08 19:00,3,1w 0d,NewYork,NA,,NA,,175.140,BREAK,2001.11.08 19:00,0,,0,,0,,0,NA,NewYork,BOUNCE,2001.11.09 16:00,NA,,178.340,BOUNCE,2001.10.31 21:00,1,2001.11.08 18:00,1,2001.11.08 19:00,0,,2,1w 0d,Other,NA,,NA,,176.060,BREAK,2001.11.08 18:00,0,,0,,0,,0,NA,NewYork,BREAK,2001.11.08 19:00,BREAK,2001.11.08 21:00,B-ZO-BR,B-ZB-BR,B-ZH-BO,S-ZB-UN,S-ZB-BO,B-ZO-BR,S-ZO-UN,S-ZH-BO,B-ZD-BR,S-ZB-UN,B-ZF-BR,B-ZB-BO,S-ZD-BR,S-ZF-BR,B-ZG-BR,S-ZF-UN,S-ZG-BR,B-ZO-BO,S-ZO-BR,S-ZC-UN
310,2001.11.01 00:00,GBPJPY,60,86400,BUY,ZF,0,177.790,176.820,970.0,178.380,176.830,1550.0,159.794,1.03,960.0,228.9,177.790,176.830,179.340,BREAK,2001.12.07 16:00,0,,0,,0,,0,NA,NewYork,BREAK,2001.12.10 11:00,BREAK,2001.12.11 17:00,175.860,BREAK,2001.11.08 18:00,0,,0,,0,,0,NA,NewYork,BREAK,2001.11.08 19:00,BREAK,2001.11.19 19:00,178.750,BREAK,2001.12.07 15:00,0,,0,,0,,0,NA,NewYork,BREAK,2001.12.07 17:00,BREAK,2001.12.10 18:00,175.870,BREAK,2001.11.08 18:00,0,,0,,0,,0,NA,NewYork,BREAK,2001.11.08 19:00,BREAK,2001.11.19 19:00,B-ZE-BO,B-ZO-BR,B-ZB-BR,B-ZH-BO,S-ZB-UN,S-ZB-BO,B-ZO-BR,S-ZO-UN,S-ZH-BO,B-ZD-BR,B-ZB-BO,S-ZD-BR,S-ZF-BR,B-ZG-BR,S-ZF-UN,S-ZG-BR,B-ZO-BO,S-ZO-BR,S-ZC-UN,B-ZO-BO
311,2001.11.02 00:00,GBPJPY,60,86400,BUY,ZB,1,178.380,176.830,1550.0,178.640,177.580,1060.0,68.387,48.39,800.0,365.8,178.380,177.580,179.440,BOUNCE,2001.12.07 16:00,0,,0,,0,,0,NA,NewYork,NA,,NA,,176.030,BREAK,2001.11.08 18:00,0,,0,,0,,0,NA,NewYork,BREAK,2001.11.08 19:00,BOUNCE,2001.11.09 16:00,179.180,BREAK,2001.12.07 16:00,0,,0,,0,,0,NA,NewYork,BREAK,2001.12.10 10:00,BREAK,2001.12.10 19:00,176.780,BREAK,2001.11.06 14:00,0,,0,,0,,0,NA,NewYork,BREAK,2001.11.08 18:00,BREAK,2001.11.08 19:00,B-ZF-BR,B-ZE-BO,B-ZO-BR,B-ZB-BR,B-ZH-BO,S-ZB-UN,S-ZB-BO,B-ZO-BR,S-ZO-UN,S-ZH-BO,S-ZD-BR,S-ZF-BR,B-ZG-BR,S-ZF-UN,S-ZG-BR,B-ZO-BO,S-ZO-BR,S-ZC-UN,B-ZO-BO,B-ZG-BR
312,2001.11.06 00:00,GBPJPY,60,86400,SELL,ZD,1,178.140,177.740,400.0,177.940,176.840,1100.0,275.000,50.00,200.0,94.4,177.940,177.740,176.640,BREAK,2001.11.06 14:00,0,,0,,0,,0,NA,NewYork,BREAK,2001.11.06 15:00,BOUNCE,2001.11.06 16:00,178.340,BOUNCE,2001.12.07 05:00,0,,0,,0,,0,NA,Asia,NA,,NA,,177.540,BREAK,2001.11.06 00:00,0,,0,,0,,0,NA,Asia,BREAK,2001.11.06 02:00,BOUNCE,2001.11.06 03:00,178.140,BREAK,2001.12.06 20:00,0,,0,,0,,0,NA,NewYork,BOUNCE,2001.12.07 05:00,NA,,B-ZB-BO,B-ZF-BR,B-ZE-BO,B-ZO-BR,B-ZB-BR,B-ZH-BO,S-ZB-UN,S-ZB-BO,B-ZO-BR,S-ZO-UN,S-ZF-BR,B-ZG-BR,S-ZF-UN,S-ZG-BR,B-ZO-BO,S-ZO-BR,S-ZC-UN,B-ZO-BO,B-ZG-BR,B-ZO-BR
313,2001.11.07 00:00,GBPJPY,60,86400,SELL,ZF,0,177.940,176.840,1100.0,177.640,176.200,1440.0,130.909,27.27,800.0,259.6,177.640,176.840,175.400,BREAK,2001.11.08 19:00,0,,0,,0,,0,NA,NewYork,BREAK,2001.11.08 20:00,BREAK,2001.11.20 18:00,178.740,BREAK,2001.12.07 15:00,0,,0,,0,,0,NA,NewYork,BREAK,2001.12.07 17:00,BREAK,2001.12.10 11:00,176.040,BREAK,2001.11.08 18:00,0,,0,,0,,0,NA,NewYork,BREAK,2001.11.08 19:00,BREAK,2001.11.08 21:00,178.440,BREAK,2001.12.07 06:00,0,,0,,0,,0,NA,Asia,BREAK,2001.12.07 16:00,BREAK,2001.12.10 10:00,S-ZD-BR,B-ZB-BO,B-ZF-BR,B-ZE-BO,B-ZO-BR,B-ZB-BR,B-ZH-BO,S-ZB-UN,S-ZB-BO,B-ZO-BR,B-ZG-BR,S-ZF-UN,S-ZG-BR,B-ZO-BO,S-ZO-BR,S-ZC-UN,B-ZO-BO,B-ZG-BR,B-ZO-BR,S-ZO-UN
314,2001.11.08 00:00,GBPJPY,60,86400,BUY,ZG,0,177.640,176.200,1440.0,177.770,176.330,1440.0,100.000,9.03,1310.0,339.8,177.640,176.330,179.080,BREAK,2001.12.07 16:00,0,,0,,0,,0,NA,NewYork,BREAK,2001.12.10 18:00,BREAK,2001.12.12 17:00,174.890,BREAK,2001.11.08 19:00,0,,0,,0,,0,NA,NewYork,BOUNCE,2001.11.21 09:00,NA,,178.950,BREAK,2001.12.07 16:00,0,,0,,0,,0,NA,NewYork,BREAK,2001.12.10 11:00,BREAK,2001.12.12 13:00,175.020,BREAK,2001.11.08 19:00,0,,0,,0,,0,NA,NewYork,BOUNCE,2001.11.21 10:00,NA,,S-ZF-BR,S-ZD-BR,B-ZB-BO,B-ZF-BR,B-ZE-BO,B-ZO-BR,B-ZB-BR,B-ZH-BO,S-ZB-UN,S-ZB-BO,S-ZF-UN,S-ZG-BR,B-ZO-BO,S-ZO-BR,S-ZC-UN,B-ZO-BO,B-ZG-BR,B-ZO-BR,S-ZO-UN,S-ZO-UN
315,2001.11.09 00:00,GBPJPY,60,86400,SELL,ZF,1,177.770,176.330,1440.0,177.700,174.140,3560.0,247.222,4.86,1370.0,339.8,177.700,176.330,172.770,UNTOUCHED,,0,,0,,0,,0,NA,Other,NA,,NA,,179.140,BREAK,2001.12.07 16:00,0,,0,,0,,0,NA,NewYork,BREAK,2001.12.10 18:00,BREAK,2001.12.12 18:00,174.960,BREAK,2001.11.09 00:00,0,,0,,0,,0,NA,Asia,BOUNCE,2001.11.21 09:00,NA,,179.070,BREAK,2001.12.07 16:00,0,,0,,0,,0,NA,NewYork,BREAK,2001.12.10 18:00,BREAK,2001.12.12 18:00,B-ZG-BR,S-ZF-BR,S-ZD-BR,B-ZB-BO,B-ZF-BR,B-ZE-BO,B-ZO-BR,B-ZB-BR,B-ZH-BO,S-ZB-UN,S-ZG-BR,B-ZO-BO,S-ZO-BR,S-ZC-UN,B-ZO-BO,B-ZG-BR,B-ZO-BR,S-ZO-UN,S-ZO-UN,B-ZD-BR
316,2001.11.15 00:00,GBPJPY,60,86400,SELL,ZG,0,176.020,174.870,1150.0,175.750,174.770,980.0,85.217,23.48,880.0,271.4,175.750,174.870,173.890,BREAK,2001.11.19 19:00,0,,0,,0,,0,NA,NewYork,UNTOUCHED,,NA,,176.900,BOUNCE,2001.11.30 10:00,0,,0,,0,,0,NA,London,NA,,NA,,173.990,BREAK,2001.11.19 19:00,0,,0,,0,,0,NA,NewYork,UNTOUCHED,,NA,,176.630,BREAK,2001.11.29 23:00,0,,0,,0,,0,NA,Other,BREAK,2001.12.06 19:00,BREAK,2001.12.07 15:00,S-ZF-UN,B-ZG-BR,S-ZF-BR,S-ZD-BR,B-ZB-BO,B-ZF-BR,B-ZE-BO,B-ZO-BR,B-ZB-BR,B-ZH-BO,B-ZO-BO,S-ZO-BR,S-ZC-UN,B-ZO-BO,B-ZG-BR,B-ZO-BR,S-ZO-UN,S-ZO-UN,B-ZD-BR,B-ZO-BR
317,2001.11.16 00:00,GBPJPY,60,86400,BUY,ZO,0,175.750,174.770,980.0,176.220,175.080,1140.0,116.327,31.63,670.0,231.3,175.750,175.080,176.890,BOUNCE,2001.11.30 10:00,1,2001.11.30 17:00,0,,0,,1,7h,London,NA,,NA,,174.100,BREAK,2001.11.19 19:00,0,,0,,0,,0,NA,NewYork,UNTOUCHED,,NA,,176.420,BREAK,2001.11.29 20:00,0,,0,,0,,0,NA,NewYork,BREAK,2001.12.06 18:00,BREAK,2001.12.06 20:00,174.410,BREAK,2001.11.19 18:00,0,,0,,0,,0,NA,NewYork,BOUNCE,2001.11.20 14:00,NA,,S-ZG-BR,S-ZF-UN,B-ZG-BR,S-ZF-BR,S-ZD-BR,B-ZB-BO,B-ZF-BR,B-ZE-BO,B-ZO-BR,B-ZB-BR,S-ZO-BR,S-ZC-UN,B-ZO-BO,B-ZG-BR,B-ZO-BR,S-ZO-UN,S-ZO-UN,B-ZD-BR,B-ZO-BR,B-ZO-BR
318,2001.11.17 00:00,GBPJPY,60,86400,SELL,ZO,0,176.220,175.080,1140.0,176.000,174.950,1050.0,92.105,19.30,920.0,269.0,176.000,175.080,174.030,BREAK,2001.11.19 19:00,0,,0,,0,,0,NA,NewYork,UNTOUCHED,,NA,,177.140,BREAK,2001.12.06 16:00,0,,0,,0,,0,NA,NewYork,BREAK,2001.12.07 05:00,BREAK,2001.12.07 16:00,174.160,BREAK,2001.11.19 19:00,0,,0,,0,,0,NA,NewYork,UNTOUCHED,,NA,,176.920,BOUNCE,2001.11.30 10:00,0,,0,,0,,0,NA,London,NA,,NA,,B-ZO-BO,S-ZG-BR,S-ZF-UN,B-ZG-BR,S-ZF-BR,S-ZD-BR,B-ZB-BO,B-ZF-BR,B-ZE-BO,B-ZO-BR,S-ZC-UN,B-ZO-BO,B-ZG-BR,B-ZO-BR,S-ZO-UN,S-ZO-UN,B-ZD-BR,B-ZO-BR,B-ZO-BR,S-ZF-UN
319,2001.11.21 00:00,GBPJPY,60,86400,SELL,ZC,1,175.850,173.680,2170.0,174.550,173.520,1030.0,47.465,59.91,870.0,512.1,174.550,173.680,172.650,UNTOUCHED,,0,,0,,0,,0,NA,Other,NA,,NA,,176.720,BOUNCE,2001.11.29 23:00,0,,0,,0,,0,NA,Other,NA,,NA,,172.810,UNTOUCHED,,0,,0,,0,,0,NA,Other,NA,,NA,,175.420,BOUNCE,2001.11.22 20:00,0,,0,,0,,0,NA,NewYork,NA,,NA,,S-ZO-BR,B-ZO-BO,S-ZG-BR,S-ZF-UN,B-ZG-BR,S-ZF-BR,S-ZD-BR,B-ZB-BO,B-ZF-BR,B-ZE-BO,B-ZO-BO,B-ZG-BR,B-ZO-BR,S-ZO-UN,S-ZO-UN,B-ZD-BR,B-ZO-BR,B-ZO-BR,S-ZF-UN,B-ZF-BR
320,2001.11.22 00:00,GBPJPY,60,86400,BUY,ZO,0,174.550,173.520,1030.0,175.060,173.860,1200.0,116.505,33.01,690.0,243.1,174.550,173.860,175.750,BOUNCE,2001.11.23 16:00,1,2001.11.27 15:00,0,,0,,1,3d 23h,NewYork,NA,,NA,,172.830,UNTOUCHED,,0,,0,,0,,0,NA,Other,NA,,NA,,175.240,BOUNCE,2001.11.22 16:00,0,,0,,0,,0,NA,NewYork,NA,,NA,,173.170,UNTOUCHED,,0,,0,,0,,0,NA,Other,NA,,NA,,S-ZC-UN,S-ZO-BR,B-ZO-BO,S-ZG-BR,S-ZF-UN,B-ZG-BR,S-ZF-BR,S-ZD-BR,B-ZB-BO,B-ZF-BR,B-ZG-BR,B-ZO-BR,S-ZO-UN,S-ZO-UN,B-ZD-BR,B-ZO-BR,B-ZO-BR,S-ZF-UN,B-ZF-BR,B-ZB-BR
321,2001.11.23 00:00,GBPJPY,60,86400,BUY,ZG,0,175.060,173.860,1200.0,175.450,174.250,1200.0,100.000,32.50,810.0,283.2,175.060,174.250,176.260,BREAK,2001.11.29 19:00,0,,0,,0,,0,NA,NewYork,BREAK,2001.12.06 18:00,BREAK,2001.12.06 20:00,173.050,UNTOUCHED,,0,,0,,0,,0,NA,Other,NA,,NA,,175.870,BREAK,2001.11.26 11:00,0,,0,,0,,0,NA,London,BREAK,2001.11.30 10:00,BREAK,2001.12.06 19:00,173.440,UNTOUCHED,,0,,0,,0,,0,NA,Other,NA,,NA,,B-ZO-BO,S-ZC-UN,S-ZO-BR,B-ZO-BO,S-ZG-BR,S-ZF-UN,B-ZG-BR,S-ZF-BR,S-ZD-BR,B-ZB-BO,B-ZO-BR,S-ZO-UN,S-ZO-UN,B-ZD-BR,B-ZO-BR,B-ZO-BR,S-ZF-UN,B-ZF-BR,B-ZB-BR,B-ZE-BO
322,2001.11.27 00:00,GBPJPY,60,86400,BUY,ZO,1,175.380,174.790,590.0,176.160,174.900,1260.0,213.559,18.64,480.0,139.2,175.380,174.900,176.640,BREAK,2001.11.29 23:00,0,,0,,0,,0,NA,Other,BREAK,2001.12.06 18:00,BREAK,2001.12.06 19:00,174.310,UNTOUCHED,,0,,0,,0,,0,NA,Other,NA,,NA,,175.860,BOUNCE,2001.11.27 06:00,1,2001.11.27 15:00,0,,0,,1,9h,Asia,NA,,NA,,174.420,BOUNCE,2001.11.27 15:00,1,2001.11.29 11:00,1,2001.11.29 11:00,0,,2,1d 20h,NewYork,NA,,NA,,B-ZG-BR,B-ZO-BO,S-ZC-UN,S-ZO-BR,B-ZO-BO,S-ZG-BR,S-ZF-UN,B-ZG-BR,S-ZF-BR,S-ZD-BR,S-ZO-UN,S-ZO-UN,B-ZD-BR,B-ZO-BR,B-ZO-BR,S-ZF-UN,B-ZF-BR,B-ZB-BR,B-ZE-BO,S-ZF-UN
323,2001.11.28 00:00,GBPJPY,60,86400,SELL,ZO,0,176.160,174.900,1260.0,175.920,174.350,1570.0,124.603,19.05,1020.0,297.4,175.920,174.900,173.330,UNTOUCHED,,0,,0,,0,,0,NA,Other,NA,,NA,,177.180,BREAK,2001.12.06 16:00,0,,0,,0,,0,NA,NewYork,BREAK,2001.12.07 11:00,BREAK,2001.12.07 16:00,173.880,UNTOUCHED,,0,,0,,0,,0,NA,Other,NA,,NA,,176.940,BOUNCE,2001.11.30 10:00,0,,0,,0,,0,NA,London,NA,,NA,,B-ZO-BR,B-ZG-BR,B-ZO-BO,S-ZC-UN,S-ZO-BR,B-ZO-BO,S-ZG-BR,S-ZF-UN,B-ZG-BR,S-ZF-BR,S-ZO-UN,B-ZD-BR,B-ZO-BR,B-ZO-BR,S-ZF-UN,B-ZF-BR,B-ZB-BR,B-ZE-BO,S-ZF-UN,S-ZG-UN
324,2001.11.29 00:00,GBPJPY,60,86400,SELL,ZO,0,175.920,174.350,1570.0,175.660,174.340,1320.0,84.076,16.56,1310.0,370.5,175.660,174.350,173.030,UNTOUCHED,,0,,0,,0,,0,NA,Other,NA,,NA,,177.230,BREAK,2001.12.06 17:00,0,,0,,0,,0,NA,NewYork,BREAK,2001.12.07 16:00,BREAK,2001.12.10 03:00,173.040,UNTOUCHED,,0,,0,,0,,0,NA,Other,NA,,NA,,176.970,BOUNCE,2001.11.30 10:00,0,,0,,0,,0,NA,London,NA,,NA,,S-ZO-UN,B-ZO-BR,B-ZG-BR,B-ZO-BO,S-ZC-UN,S-ZO-BR,B-ZO-BO,S-ZG-BR,S-ZF-UN,B-ZG-BR,B-ZD-BR,B-ZO-BR,B-ZO-BR,S-ZF-UN,B-ZF-BR,B-ZB-BR,B-ZE-BO,S-ZF-UN,S-ZG-UN,B-ZE-BR
325,2001.11.30 00:00,GBPJPY,60,86400,BUY,ZD,1,175.660,174.340,1320.0,176.760,175.120,1640.0,124.242,59.09,540.0,311.5,175.660,175.120,177.300,BREAK,2001.12.06 18:00,0,,0,,0,,0,NA,NewYork,BREAK,2001.12.06 20:00,BREAK,2001.12.07 15:00,173.800,UNTOUCHED,,0,,0,,0,,0,NA,Other,NA,,NA,,176.200,BREAK,2001.11.30 00:00,0,,0,,0,,0,NA,Asia,BOUNCE,2001.11.30 13:00,NA,,174.580,UNTOUCHED,,0,,0,,0,,0,NA,Other,NA,,NA,,S-ZO-UN,S-ZO-UN,B-ZO-BR,B-ZG-BR,B-ZO-BO,S-ZC-UN,S-ZO-BR,B-ZO-BO,S-ZG-BR,S-ZF-UN,B-ZO-BR,B-ZO-BR,S-ZF-UN,B-ZF-BR,B-ZB-BR,B-ZE-BO,S-ZF-UN,S-ZG-UN,B-ZE-BR,B-ZB-BR
326,2001.12.01 00:00,GBPJPY,60,86400,BUY,ZO,0,176.760,175.120,1640.0,177.040,175.230,1810.0,110.366,6.71,1530.0,387.0,176.760,175.230,178.570,BREAK,2001.12.07 15:00,0,,0,,0,,0,NA,NewYork,BREAK,2001.12.10 10:00,BREAK,2001.12.12 13:00,173.590,UNTOUCHED,,0,,0,,0,,0,NA,Other,NA,,NA,,178.290,BREAK,2001.12.06 21:00,0,,0,,0,,0,NA,Other,BREAK,2001.12.10 03:00,BREAK,2001.12.12 13:00,173.700,UNTOUCHED,,0,,0,,0,,0,NA,Other,NA,,NA,,B-ZD-BR,S-ZO-UN,S-ZO-UN,B-ZO-BR,B-ZG-BR,B-ZO-BO,S-ZC-UN,S-ZO-BR,B-ZO-BO,S-ZG-BR,B-ZO-BR,S-ZF-UN,B-ZF-BR,B-ZB-BR,B-ZE-BO,S-ZF-UN,S-ZG-UN,B-ZE-BR,B-ZB-BR,B-ZB-BO
327,2001.12.05 00:00,GBPJPY,60,86400,BUY,ZO,0,176.900,175.390,1510.0,177.030,175.910,1120.0,74.172,34.44,990.0,356.4,176.900,175.910,178.020,BREAK,2001.12.06 20:00,0,,0,,0,,0,NA,NewYork,BREAK,2001.12.07 16:00,BREAK,2001.12.10 10:00,174.400,UNTOUCHED,,0,,0,,0,,0,NA,Other,NA,,NA,,177.890,BREAK,2001.12.06 19:00,0,,0,,0,,0,NA,NewYork,BREAK,2001.12.07 16:00,BREAK,2001.12.10 03:00,174.920,UNTOUCHED,,0,,0,,0,,0,NA,Other,NA,,NA,,B-ZO-BR,B-ZD-BR,S-ZO-UN,S-ZO-UN,B-ZO-BR,B-ZG-BR,B-ZO-BO,S-ZC-UN,S-ZO-BR,B-ZO-BO,S-ZF-UN,B-ZF-BR,B-ZB-BR,B-ZE-BO,S-ZF-UN,S-ZG-UN,B-ZE-BR,B-ZB-BR,B-ZB-BO,S-ZG-BR
328,2001.12.06 00:00,GBPJPY,60,86400,SELL,ZF,0,177.030,175.910,1120.0,176.990,175.690,1300.0,116.071,3.57,1080.0,264.3,176.990,175.910,174.610,UNTOUCHED,,0,,0,,0,,0,NA,Other,NA,,NA,,178.110,BREAK,2001.12.06 20:00,0,,0,,0,,0,NA,NewYork,BREAK,2001.12.07 16:00,BREAK,2001.12.10 11:00,174.830,UNTOUCHED,,0,,0,,0,,0,NA,Other,NA,,NA,,178.070,BREAK,2001.12.06 20:00,0,,0,,0,,0,NA,NewYork,BREAK,2001.12.07 16:00,BREAK,2001.12.10 11:00,B-ZO-BR,B-ZO-BR,B-ZD-BR,S-ZO-UN,S-ZO-UN,B-ZO-BR,B-ZG-BR,B-ZO-BO,S-ZC-UN,S-ZO-BR,B-ZF-BR,B-ZB-BR,B-ZE-BO,S-ZF-UN,S-ZG-UN,B-ZE-BR,B-ZB-BR,B-ZB-BO,S-ZG-BR,B-ZH-BO
329,2001.12.12 00:00,GBPJPY,60,86400,BUY,ZF,0,181.250,179.800,1450.0,181.650,180.220,1430.0,98.621,28.97,1030.0,342.2,181.250,180.220,182.680,BREAK,2001.12.12 19:00,0,,0,,0,,0,NA,NewYork,BREAK,2001.12.14 08:00,BREAK,2001.12.14 12:00,178.770,UNTOUCHED,,0,,0,,0,,0,NA,Other,NA,,NA,,182.280,BREAK,2001.12.12 18:00,0,,0,,0,,0,NA,NewYork,BREAK,2001.12.14 08:00,BREAK,2001.12.14 11:00,179.190,UNTOUCHED,,0,,0,,0,,0,NA,Other,NA,,NA,,S-ZF-UN,B-ZO-BR,B-ZO-BR,B-ZD-BR,S-ZO-UN,S-ZO-UN,B-ZO-BR,B-ZG-BR,B-ZO-BO,S-ZC-UN,B-ZB-BR,B-ZE-BO,S-ZF-UN,S-ZG-UN,B-ZE-BR,B-ZB-BR,B-ZB-BO,S-ZG-BR,B-ZH-BO,S-ZB-BO
330,2001.12.13 00:00,GBPJPY,60,86400,BUY,ZB,1,181.650,180.220,1430.0,183.160,180.870,2290.0,160.140,45.45,780.0,337.5,181.650,180.870,183.940,BREAK,2001.12.14 08:00,0,,0,,0,,0,NA,London,BOUNCE,2001.12.14 11:00,NA,,179.440,UNTOUCHED,,0,,0,,0,,0,NA,Other,NA,,NA,,182.430,BREAK,2001.12.13 00:00,0,,0,,0,,0,NA,Asia,BREAK,2001.12.14 07:00,BREAK,2001.12.14 10:00,180.090,UNTOUCHED,,0,,0,,0,,0,NA,Other,NA,,NA,,B-ZF-BR,S-ZF-UN,B-ZO-BR,B-ZO-BR,B-ZD-BR,S-ZO-UN,S-ZO-UN,B-ZO-BR,B-ZG-BR,B-ZO-BO,B-ZE-BO,S-ZF-UN,S-ZG-UN,B-ZE-BR,B-ZB-BR,B-ZB-BO,S-ZG-BR,B-ZH-BO,S-ZB-BO,S-ZC-BO
331,2001.12.19 00:00,GBPJPY,60,86400,BUY,ZE,1,186.610,184.890,1720.0,187.380,185.830,1550.0,90.116,54.65,780.0,405.9,186.610,185.830,188.160,BOUNCE,2001.12.21 11:00,1,2001.12.21 17:00,0,,0,,1,6h,London,NA,,NA,,184.110,UNTOUCHED,,0,,0,,0,,0,NA,Other,NA,,NA,,187.390,BREAK,2001.12.21 02:00,0,,0,,0,,0,NA,Asia,BOUNCE,2001.12.21 15:00,NA,,185.050,BOUNCE,2001.12.19 13:00,1,2001.12.21 02:00,1,2001.12.21 02:00,0,,2,1d 13h,NewYork,NA,,NA,,B-ZB-BR,B-ZF-BR,S-ZF-UN,B-ZO-BR,B-ZO-BR,B-ZD-BR,S-ZO-UN,S-ZO-UN,B-ZO-BR,B-ZG-BR,S-ZF-UN,S-ZG-UN,B-ZE-BR,B-ZB-BR,B-ZB-BO,S-ZG-BR,B-ZH-BO,S-ZB-BO,S-ZC-BO,B-ZF-UN
332,2001.12.20 00:00,GBPJPY,60,86400,SELL,ZF,1,187.380,185.830,1550.0,187.090,184.770,2320.0,149.677,18.71,1260.0,365.8,187.090,185.830,183.510,UNTOUCHED,,0,,0,,0,,0,NA,Other,NA,,NA,,188.640,BREAK,2001.12.25 06:00,0,,0,,0,,0,NA,Asia,BREAK,2001.12.26 22:00,BOUNCE,2001.12.27 12:00,184.570,UNTOUCHED,,0,,0,,0,,0,NA,Other,NA,,NA,,188.350,BREAK,2001.12.25 06:00,0,,0,,0,,0,NA,Asia,BREAK,2001.12.26 21:00,BREAK,2001.12.27 09:00,B-ZE-BO,B-ZB-BR,B-ZF-BR,S-ZF-UN,B-ZO-BR,B-ZO-BR,B-ZD-BR,S-ZO-UN,S-ZO-UN,B-ZO-BR,S-ZG-UN,B-ZE-BR,B-ZB-BR,B-ZB-BO,S-ZG-BR,B-ZH-BO,S-ZB-BO,S-ZC-BO,B-ZF-UN,B-ZE-UN
333,2001.12.21 00:00,GBPJPY,60,86400,SELL,ZG,0,187.090,184.770,2320.0,186.700,184.610,2090.0,90.086,16.81,1930.0,547.5,186.700,184.770,182.680,UNTOUCHED,,0,,0,,0,,0,NA,Other,NA,,NA,,189.020,BREAK,2001.12.25 07:00,0,,0,,0,,0,NA,London,BREAK,2001.12.31 20:00,UNTOUCHED,,182.840,UNTOUCHED,,0,,0,,0,,0,NA,Other,NA,,NA,,188.630,BREAK,2001.12.25 06:00,0,,0,,0,,0,NA,Asia,BREAK,2001.12.27 09:00,UNTOUCHED,,S-ZF-UN,B-ZE-BO,B-ZB-BR,B-ZF-BR,S-ZF-UN,B-ZO-BR,B-ZO-BR,B-ZD-BR,S-ZO-UN,S-ZO-UN,B-ZE-BR,B-ZB-BR,B-ZB-BO,S-ZG-BR,B-ZH-BO,S-ZB-BO,S-ZC-BO,B-ZF-UN,B-ZE-UN,S-ZO-BR
334,2001.12.22 00:00,GBPJPY,60,86400,BUY,ZE,1,186.700,184.610,2090.0,188.330,185.540,2790.0,133.493,44.50,1160.0,493.2,186.700,185.540,189.490,BREAK,2001.12.26 19:00,0,,0,,0,,0,NA,NewYork,BREAK,2001.12.27 09:00,BOUNCE,2002.01.02 11:00,183.450,UNTOUCHED,,0,,0,,0,,0,NA,Other,NA,,NA,,187.860,BREAK,2001.12.25 04:00,0,,0,,0,,0,NA,Asia,BOUNCE,2001.12.26 14:00,NA,,184.380,UNTOUCHED,,0,,0,,0,,0,NA,Other,NA,,NA,,S-ZG-UN,S-ZF-UN,B-ZE-BO,B-ZB-BR,B-ZF-BR,S-ZF-UN,B-ZO-BR,B-ZO-BR,B-ZD-BR,S-ZO-UN,B-ZB-BR,B-ZB-BO,S-ZG-BR,B-ZH-BO,S-ZB-BO,S-ZC-BO,B-ZF-UN,B-ZE-UN,S-ZO-BR,S-ZO-BR
335,2001.12.26 00:00,GBPJPY,60,86400,BUY,ZB,1,187.550,185.900,1650.0,189.320,186.570,2750.0,166.667,40.61,980.0,389.4,187.550,186.570,190.300,BREAK,2001.12.26 22:00,0,,0,,0,,0,NA,Other,BOUNCE,2001.12.28 04:00,NA,,184.920,UNTOUCHED,,0,,0,,0,,0,NA,Other,NA,,NA,,188.530,BREAK,2001.12.26 00:00,0,,0,,0,,0,NA,Asia,BREAK,2001.12.26 20:00,BREAK,2001.12.27 04:00,185.590,UNTOUCHED,,0,,0,,0,,0,NA,Other,NA,,NA,,B-ZE-BR,S-ZG-UN,S-ZF-UN,B-ZE-BO,B-ZB-BR,B-ZF-BR,S-ZF-UN,B-ZO-BR,B-ZO-BR,B-ZD-BR,B-ZB-BO,S-ZG-BR,B-ZH-BO,S-ZB-BO,S-ZC-BO,B-ZF-UN,B-ZE-UN,S-ZO-BR,S-ZO-BR,S-ZO-BR
336,2001.12.27 00:00,GBPJPY,60,86400,BUY,ZB,1,189.320,186.570,2750.0,190.410,187.700,2710.0,98.545,41.09,1620.0,649.0,189.320,187.700,192.030,BOUNCE,2002.01.02 06:00,1,2002.01.04 05:00,0,,0,,1,1d 23h,Asia,NA,,NA,,184.950,UNTOUCHED,,0,,0,,0,,0,NA,Other,NA,,NA,,190.940,BOUNCE,2001.12.27 04:00,0,,0,,0,,0,NA,Asia,NA,,NA,,186.080,UNTOUCHED,,0,,0,,0,,0,NA,Other,NA,,NA,,B-ZB-BR,B-ZE-BR,S-ZG-UN,S-ZF-UN,B-ZE-BO,B-ZB-BR,B-ZF-BR,S-ZF-UN,B-ZO-BR,B-ZO-BR,S-ZG-BR,B-ZH-BO,S-ZB-BO,S-ZC-BO,B-ZF-UN,B-ZE-UN,S-ZO-BR,S-ZO-BR,S-ZO-BR,S-ZE-BO
337,2001.12.29 00:00,GBPJPY,60,86400,SELL,ZG,0,191.470,189.840,1630.0,191.400,189.110,2290.0,140.491,4.29,1560.0,384.7,191.400,189.840,187.550,BREAK,2002.01.28 19:00,0,,0,,0,,0,NA,NewYork,BREAK,2002.03.07 07:00,BREAK,2002.03.07 12:00,193.030,UNTOUCHED,,0,,0,,0,,0,NA,Other,NA,,NA,,188.280,BOUNCE,2002.01.04 13:00,0,,0,,0,,0,NA,NewYork,NA,,NA,,192.960,UNTOUCHED,,0,,0,,0,,0,NA,Other,NA,,NA,,B-ZB-BO,B-ZB-BR,B-ZE-BR,S-ZG-UN,S-ZF-UN,B-ZE-BO,B-ZB-BR,B-ZF-BR,S-ZF-UN,B-ZO-BR,B-ZH-BO,S-ZB-BO,S-ZC-BO,B-ZF-UN,B-ZE-UN,S-ZO-BR,S-ZO-BR,S-ZO-BR,S-ZE-BO,B-ZH-BR
338,2002.01.01 00:00,GBPJPY,60,86400,BUY,ZH,1,190.260,189.860,400.0,191.730,189.900,1830.0,457.500,10.00,360.0,94.4,190.260,189.900,192.090,BOUNCE,2002.01.22 18:00,1,2002.01.22 20:00,1,2002.01.25 17:00,1,2002.01.25 17:00,3,2d 23h,NewYork,NA,,NA,,189.500,BREAK,2002.01.03 20:00,0,,0,,0,,0,NA,NewYork,BOUNCE,2002.01.03 21:00,NA,,190.620,BREAK,2002.01.01 00:00,0,,0,,0,,0,NA,Asia,BREAK,2002.01.01 02:00,BREAK,2002.01.01 03:00,189.540,BOUNCE,2002.01.03 19:00,1,2002.01.08 07:00,1,2002.01.08 07:00,0,,2,4d 12h,NewYork,NA,,NA,,S-ZG-BR,B-ZB-BO,B-ZB-BR,B-ZE-BR,S-ZG-UN,S-ZF-UN,B-ZE-BO,B-ZB-BR,B-ZF-BR,S-ZF-UN,S-ZB-BO,S-ZC-BO,B-ZF-UN,B-ZE-UN,S-ZO-BR,S-ZO-BR,S-ZO-BR,S-ZE-BO,B-ZH-BR,B-ZD-BO
339,2002.01.04 00:00,GBPJPY,60,86400,SELL,ZB,1,192.060,190.220,1840.0,191.320,189.070,2250.0,122.283,40.22,1100.0,434.2,191.320,190.220,187.970,BOUNCE,2002.01.04 13:00,1,2002.01.08 05:00,0,,0,,1,3d 16h,NewYork,NA,,NA,,193.160,UNTOUCHED,,0,,0,,0,,0,NA,Other,NA,,NA,,189.120,BREAK,2002.01.04 05:00,0,,0,,0,,0,NA,Asia,BOUNCE,2002.01.04 18:00,NA,,192.420,UNTOUCHED,,0,,0,,0,,0,NA,Other,NA,,NA,,B-ZH-BO,S-ZG-BR,B-ZB-BO,B-ZB-BR,B-ZE-BR,S-ZG-UN,S-ZF-UN,B-ZE-BO,B-ZB-BR,B-ZF-BR,S-ZC-BO,B-ZF-UN,B-ZE-UN,S-ZO-BR,S-ZO-BR,S-ZO-BR,S-ZE-BO,B-ZH-BR,B-ZD-BO,S-ZF-BO
340,2002.01.05 00:00,GBPJPY,60,86400,SELL,ZC,1,191.320,189.070,2250.0,189.830,187.930,1900.0,84.444,66.22,760.0,531.0,189.830,189.070,187.170,BOUNCE,2002.01.29 13:00,1,2002.01.29 19:00,1,2002.01.31 23:00,0,,2,2d 10h,NewYork,NA,,NA,,192.080,BOUNCE,2002.01.09 04:00,1,2002.01.09 11:00,1,2002.01.28 11:00,1,2002.01.29 13:00,3,2w 6d,Asia,NA,,NA,,188.310,BOUNCE,2002.01.07 13:00,1,2002.01.08 06:00,1,2002.01.09 04:00,0,,2,1d 15h,NewYork,NA,,NA,,190.590,BREAK,2002.01.08 06:00,0,,0,,0,,0,NA,Asia,BREAK,2002.01.09 04:00,BOUNCE,2002.01.22 20:00,S-ZB-BO,B-ZH-BO,S-ZG-BR,B-ZB-BO,B-ZB-BR,B-ZE-BR,S-ZG-UN,S-ZF-UN,B-ZE-BO,B-ZB-BR,B-ZF-UN,B-ZE-UN,S-ZO-BR,S-ZO-BR,S-ZO-BR,S-ZE-BO,B-ZH-BR,B-ZD-BO,S-ZF-BO,B-ZF-UN
341,2002.01.09 00:00,GBPJPY,60,86400,BUY,ZF,1,189.510,187.950,1560.0,191.390,188.410,2980.0,191.026,29.49,1100.0,368.2,189.510,188.410,192.490,UNTOUCHED,,0,,0,,0,,0,NA,Other,NA,,NA,,186.850,UNTOUCHED,,0,,0,,0,,0,NA,Other,NA,,NA,,190.610,BREAK,2002.01.09 00:00,0,,0,,0,,0,NA,Asia,BREAK,2002.01.09 04:00,UNTOUCHED,,187.310,BREAK,2002.01.29 11:00,0,,0,,0,,0,NA,London,BREAK,2002.03.06 23:00,BREAK,2002.03.07 07:00,S-ZC-BO,S-ZB-BO,B-ZH-BO,S-ZG-BR,B-ZB-BO,B-ZB-BR,B-ZE-BR,S-ZG-UN,S-ZF-UN,B-ZE-BO,B-ZE-UN,S-ZO-BR,S-ZO-BR,S-ZO-BR,S-ZE-BO,B-ZH-BR,B-ZD-BO,S-ZF-BO,B-ZF-UN,B-ZG-UN
342,2002.01.10 00:00,GBPJPY,60,86400,BUY,ZE,1,191.390,188.410,2980.0,192.080,190.060,2020.0,67.785,55.37,1330.0,703.3,191.390,190.060,193.410,UNTOUCHED,,0,,0,,0,,0,NA,Other,NA,,NA,,187.080,BOUNCE,2002.01.29 13:00,1,2002.01.31 21:00,0,,0,,1,2d 8h,NewYork,NA,,NA,,192.720,UNTOUCHED,,0,,0,,0,,0,NA,Other,NA,,NA,,188.730,BOUNCE,2002.01.16 00:00,0,,0,,0,,0,NA,Asia,NA,,NA,,B-ZF-UN,S-ZC-BO,S-ZB-BO,B-ZH-BO,S-ZG-BR,B-ZB-BO,B-ZB-BR,B-ZE-BR,S-ZG-UN,S-ZF-UN,S-ZO-BR,S-ZO-BR,S-ZO-BR,S-ZE-BO,B-ZH-BR,B-ZD-BO,S-ZF-BO,B-ZF-UN,B-ZG-UN,S-ZG-BR
343,2002.01.11 00:00,GBPJPY,60,86400,SELL,ZO,0,192.080,190.060,2020.0,191.750,190.000,1750.0,86.634,16.34,1690.0,476.7,191.750,190.060,188.310,BREAK,2002.01.28 11:00,0,,0,,0,,0,NA,London,BREAK,2002.03.06 19:00,BREAK,2002.03.07 10:00,193.770,UNTOUCHED,,0,,0,,0,,0,NA,Other,NA,,NA,,188.370,BREAK,2002.01.28 11:00,0,,0,,0,,0,NA,London,BREAK,2002.03.06 19:00,BREAK,2002.03.07 08:00,193.440,UNTOUCHED,,0,,0,,0,,0,NA,Other,NA,,NA,,B-ZE-UN,B-ZF-UN,S-ZC-BO,S-ZB-BO,B-ZH-BO,S-ZG-BR,B-ZB-BO,B-ZB-BR,B-ZE-BR,S-ZG-UN,S-ZO-BR,S-ZO-BR,S-ZE-BO,B-ZH-BR,B-ZD-BO,S-ZF-BO,B-ZF-UN,B-ZG-UN,S-ZG-BR,S-ZE-BR
344,2002.01.12 00:00,GBPJPY,60,86400,SELL,ZO,0,191.750,190.000,1750.0,191.390,189.790,1600.0,91.429,20.57,1390.0,413.0,191.390,190.000,188.400,BREAK,2002.01.28 10:00,0,,0,,0,,0,NA,London,BOUNCE,2002.01.29 15:00,NA,,193.140,UNTOUCHED,,0,,0,,0,,0,NA,Other,NA,,NA,,188.610,BOUNCE,2002.01.16 13:00,0,,0,,0,,0,NA,NewYork,NA,,NA,,192.780,UNTOUCHED,,0,,0,,0,,0,NA,Other,NA,,NA,,S-ZO-BR,B-ZE-UN,B-ZF-UN,S-ZC-BO,S-ZB-BO,B-ZH-BO,S-ZG-BR,B-ZB-BO,B-ZB-BR,B-ZE-BR,S-ZO-BR,S-ZE-BO,B-ZH-BR,B-ZD-BO,S-ZF-BO,B-ZF-UN,B-ZG-UN,S-ZG-BR,S-ZE-BR,B-ZF-BR
345,2002.01.15 00:00,GBPJPY,60,86400,SELL,ZO,1,191.590,191.160,430.0,191.530,190.500,1030.0,239.535,13.95,370.0,101.5,191.530,191.160,190.130,BREAK,2002.01.15 08:00,0,,0,,0,,0,NA,London,BREAK,2002.01.15 13:00,BREAK,2002.01.15 14:00,191.960,BOUNCE,2002.01.22 13:00,1,2002.01.22 21:00,1,2002.01.24 12:00,1,2002.01.25 14:00,3,3d 1h,NewYork,NA,,NA,,190.790,BOUNCE,2002.01.15 02:00,1,2002.01.22 11:00,1,2002.01.22 13:00,0,,2,1w 0d,Asia,NA,,NA,,191.900,BOUNCE,2002.01.22 11:00,1,2002.01.24 12:00,1,2002.01.24 12:00,0,,2,2d 1h,London,NA,,NA,,S-ZO-BR,S-ZO-BR,B-ZE-UN,B-ZF-UN,S-ZC-BO,S-ZB-BO,B-ZH-BO,S-ZG-BR,B-ZB-BO,B-ZB-BR,S-ZE-BO,B-ZH-BR,B-ZD-BO,S-ZF-BO,B-ZF-UN,B-ZG-UN,S-ZG-BR,S-ZE-BR,B-ZF-BR,S-ZG-BR
346,2002.01.17 00:00,GBPJPY,60,86400,SELL,ZE,1,191.540,188.920,2620.0,189.810,188.440,1370.0,52.290,66.03,890.0,618.3,189.810,188.920,187.550,BOUNCE,2002.01.28 19:00,1,2002.01.31 20:00,1,2002.01.31 23:00,0,,2,3d 4h,NewYork,NA,,NA,,192.430,UNTOUCHED,,0,,0,,0,,0,NA,Other,NA,,NA,,188.030,BREAK,2002.01.28 11:00,0,,0,,0,,0,NA,London,BOUNCE,2002.01.29 14:00,NA,,190.700,BREAK,2002.01.18 05:00,0,,0,,0,,0,NA,Asia,BREAK,2002.01.23 05:00,UNTOUCHED,,S-ZO-BR,S-ZO-BR,S-ZO-BR,B-ZE-UN,B-ZF-UN,S-ZC-BO,S-ZB-BO,B-ZH-BO,S-ZG-BR,B-ZB-BO,B-ZH-BR,B-ZD-BO,S-ZF-BO,B-ZF-UN,B-ZG-UN,S-ZG-BR,S-ZE-BR,B-ZF-BR,S-ZG-BR,B-ZH-BO
347,2002.01.18 00:00,GBPJPY,60,86400,BUY,ZH,0,189.810,188.440,1370.0,190.460,188.660,1800.0,131.387,16.06,1150.0,323.3,189.810,188.660,191.610,BREAK,2002.01.22 11:00,0,,0,,0,,0,NA,London,UNTOUCHED,,NA,,187.290,BREAK,2002.01.29 11:00,0,,0,,0,,0,NA,London,BREAK,2002.03.06 23:00,BREAK,2002.03.07 07:00,190.960,BREAK,2002.01.18 06:00,0,,0,,0,,0,NA,Asia,BOUNCE,2002.01.23 02:00,NA,,187.510,BREAK,2002.01.28 19:00,0,,0,,0,,0,NA,NewYork,BREAK,2002.03.06 19:00,BREAK,2002.03.07 07:00,S-ZE-BO,S-ZO-BR,S-ZO-BR,S-ZO-BR,B-ZE-UN,B-ZF-UN,S-ZC-BO,S-ZB-BO,B-ZH-BO,S-ZG-BR,B-ZD-BO,S-ZF-BO,B-ZF-UN,B-ZG-UN,S-ZG-BR,S-ZE-BR,B-ZF-BR,S-ZG-BR,B-ZH-BO,S-ZO-BR
348,2002.01.19 00:00,GBPJPY,60,86400,BUY,ZD,1,190.460,188.660,1800.0,191.130,190.000,1130.0,62.778,74.44,460.0,424.8,190.460,190.000,191.590,BOUNCE,2002.01.22 11:00,1,2002.01.24 12:00,1,2002.01.25 17:00,1,2002.01.28 11:00,3,6d 0h,London,NA,,NA,,188.200,BOUNCE,2002.01.28 11:00,1,2002.01.31 18:00,1,2002.02.08 17:00,1,2002.02.21 17:00,3,3w 3d,London,NA,,NA,,190.920,BOUNCE,2002.01.22 02:00,1,2002.01.25 17:00,1,2002.01.28 11:00,0,,2,6d 9h,Asia,NA,,NA,,189.540,BOUNCE,2002.01.25 17:00,1,2002.02.08 17:00,1,2002.02.08 17:00,0,,2,2w 0d,NewYork,NA,,NA,,B-ZH-BR,S-ZE-BO,S-ZO-BR,S-ZO-BR,S-ZO-BR,B-ZE-UN,B-ZF-UN,S-ZC-BO,S-ZB-BO,B-ZH-BO,S-ZF-BO,B-ZF-UN,B-ZG-UN,S-ZG-BR,S-ZE-BR,B-ZF-BR,S-ZG-BR,B-ZH-BO,S-ZO-BR,S-ZF-BO
349,2002.01.22 00:00,GBPJPY,60,86400,SELL,ZF,1,190.890,190.410,480.0,190.730,190.040,690.0,143.750,33.33,320.0,113.3,190.730,190.410,189.720,BOUNCE,2002.01.25 14:00,1,2002.01.31 22:00,1,2002.02.08 18:00,1,2002.02.08 18:00,3,2w 0d,NewYork,NA,,NA,,191.210,BOUNCE,2002.01.22 05:00,1,2002.01.25 14:00,1,2002.01.25 14:00,1,2002.01.25 14:00,3,3d 9h,Asia,NA,,NA,,190.090,BREAK,2002.01.25 14:00,0,,0,,0,,0,NA,NewYork,BREAK,2002.01.25 15:00,BREAK,2002.01.25 18:00,191.050,BOUNCE,2002.01.22 03:00,1,2002.01.25 14:00,1,2002.01.25 14:00,0,,2,3d 11h,Asia,NA,,NA,,B-ZD-BO,B-ZH-BR,S-ZE-BO,S-ZO-BR,S-ZO-BR,S-ZO-BR,B-ZE-UN,B-ZF-UN,S-ZC-BO,S-ZB-BO,B-ZF-UN,B-ZG-UN,S-ZG-BR,S-ZE-BR,B-ZF-BR,S-ZG-BR,B-ZH-BO,S-ZO-BR,S-ZF-BO,B-ZF-BO
350,2002.01.23 00:00,GBPJPY,60,86400,BUY,ZF,1,190.730,190.040,690.0,192.160,190.260,1900.0,275.362,31.88,470.0,162.8,190.730,190.260,192.630,UNTOUCHED,,0,,0,,0,,0,NA,Other,NA,,NA,,189.570,BOUNCE,2002.01.25 17:00,1,2002.01.31 23:00,1,2002.02.08 18:00,0,,2,2w 0d,NewYork,NA,,NA,,191.200,BREAK,2002.01.23 00:00,0,,0,,0,,0,NA,Asia,BREAK,2002.01.23 04:00,BOUNCE,2002.01.23 06:00,189.790,BOUNCE,2002.01.25 14:00,1,2002.02.08 18:00,1,2002.02.08 18:00,0,,2,2w 0d,NewYork,NA,,NA,,S-ZF-BO,B-ZD-BO,B-ZH-BR,S-ZE-BO,S-ZO-BR,S-ZO-BR,S-ZO-BR,B-ZE-UN,B-ZF-UN,S-ZC-BO,B-ZG-UN,S-ZG-BR,S-ZE-BR,B-ZF-BR,S-ZG-BR,B-ZH-BO,S-ZO-BR,S-ZF-BO,B-ZF-BO,B-ZB-UN
351,2002.01.24 00:00,GBPJPY,60,86400,BUY,ZG,0,192.160,190.260,1900.0,192.310,190.870,1440.0,75.789,32.11,1290.0,448.4,192.160,190.870,193.600,UNTOUCHED,,0,,0,,0,,0,NA,Other,NA,,NA,,188.970,BREAK,2002.01.25 21:00,0,,0,,0,,0,NA,Other,BREAK,2002.01.29 12:00,BREAK,2002.03.06 23:00,193.450,UNTOUCHED,,0,,0,,0,,0,NA,Other,NA,,NA,,189.580,BREAK,2002.01.25 17:00,0,,0,,0,,0,NA,NewYork,BREAK,2002.01.28 14:00,BOUNCE,2002.01.29 15:00,B-ZF-UN,S-ZF-BO,B-ZD-BO,B-ZH-BR,S-ZE-BO,S-ZO-BR,S-ZO-BR,S-ZO-BR,B-ZE-UN,B-ZF-UN,S-ZG-BR,S-ZE-BR,B-ZF-BR,S-ZG-BR,B-ZH-BO,S-ZO-BR,S-ZF-BO,B-ZF-BO,B-ZB-UN,S-ZG-BR
352,2002.01.25 00:00,GBPJPY,60,86400,SELL,ZG,0,192.310,190.870,1440.0,192.030,190.620,1410.0,97.917,19.44,1160.0,339.8,192.030,190.870,189.460,BREAK,2002.01.25 17:00,0,,0,,0,,0,NA,NewYork,BREAK,2002.01.28 11:00,BOUNCE,2002.01.29 15:00,193.470,UNTOUCHED,,0,,0,,0,,0,NA,Other,NA,,NA,,189.710,BOUNCE,2002.01.25 14:00,0,,0,,0,,0,NA,NewYork,NA,,NA,,193.190,UNTOUCHED,,0,,0,,0,,0,NA,Other,NA,,NA,,B-ZG-UN,B-ZF-UN,S-ZF-BO,B-ZD-BO,B-ZH-BR,S-ZE-BO,S-ZO-BR,S-ZO-BR,S-ZO-BR,B-ZE-UN,S-ZE-BR,B-ZF-BR,S-ZG-BR,B-ZH-BO,S-ZO-BR,S-ZF-BO,B-ZF-BO,B-ZB-UN,S-ZG-BR,S-ZO-BR
353,2002.01.30 00:00,GBPJPY,60,86400,SELL,ZE,1,190.200,187.320,2880.0,189.070,186.900,2170.0,75.347,39.24,1750.0,679.7,189.070,187.320,185.150,BREAK,2002.03.07 07:00,0,,0,,0,,0,NA,London,BREAK,2002.03.07 15:00,BREAK,2002.03.07 19:00,191.950,BOUNCE,2002.02.22 15:00,1,2002.03.04 08:00,1,2002.03.07 07:00,1,2002.03.07 07:00,3,1w 5d,NewYork,NA,,NA,,185.570,BREAK,2002.03.07 07:00,0,,0,,0,,0,NA,London,BREAK,2002.03.07 14:00,BREAK,2002.03.07 19:00,190.820,BOUNCE,2002.02.08 17:00,1,2002.03.07 07:00,1,2002.03.07 07:00,0,,2,3w 5d,NewYork,NA,,NA,,S-ZG-BR,B-ZG-UN,B-ZF-UN,S-ZF-BO,B-ZD-BO,B-ZH-BR,S-ZE-BO,S-ZO-BR,S-ZO-BR,S-ZO-BR,B-ZF-BR,S-ZG-BR,B-ZH-BO,S-ZO-BR,S-ZF-BO,B-ZF-BO,B-ZB-UN,S-ZG-BR,S-ZO-BR,S-ZF-BR
354,2002.02.06 00:00,GBPJPY,60,86400,BUY,ZF,1,189.130,187.700,1430.0,190.170,187.730,2440.0,170.629,2.10,1400.0,337.5,189.130,187.730,191.570,BREAK,2002.02.21 17:00,0,,0,,0,,0,NA,NewYork,UNTOUCHED,,NA,,186.300,BREAK,2002.03.06 18:00,0,,0,,0,,0,NA,NewYork,BREAK,2002.03.07 08:00,BREAK,2002.03.07 14:00,190.530,BREAK,2002.02.08 15:00,0,,0,,0,,0,NA,NewYork,BREAK,2002.02.22 22:00,UNTOUCHED,,186.330,BREAK,2002.03.06 18:00,0,,0,,0,,0,NA,NewYork,BREAK,2002.03.07 08:00,BREAK,2002.03.07 14:00,S-ZE-BR,S-ZG-BR,B-ZG-UN,B-ZF-UN,S-ZF-BO,B-ZD-BO,B-ZH-BR,S-ZE-BO,S-ZO-BR,S-ZO-BR,S-ZG-BR,B-ZH-BO,S-ZO-BR,S-ZF-BO,B-ZF-BO,B-ZB-UN,S-ZG-BR,S-ZO-BR,S-ZF-BR,S-ZO-BO
355,2002.02.08 00:00,GBPJPY,60,86400,SELL,ZG,0,190.060,188.330,1730.0,189.500,188.010,1490.0,86.127,32.37,1170.0,408.3,189.500,188.330,186.840,BREAK,2002.03.06 18:00,0,,0,,0,,0,NA,NewYork,BREAK,2002.03.07 07:00,BREAK,2002.03.07 12:00,191.230,BOUNCE,2002.02.08 18:00,1,2002.02.14 11:00,1,2002.03.04 15:00,1,2002.03.06 18:00,3,3w 5d,NewYork,NA,,NA,,187.160,BOUNCE,2002.03.04 15:00,0,,0,,0,,0,NA,NewYork,NA,,NA,,190.670,BREAK,2002.02.08 17:00,0,,0,,0,,0,NA,NewYork,BREAK,2002.02.22 22:00,UNTOUCHED,,B-ZF-BR,S-ZE-BR,S-ZG-BR,B-ZG-UN,B-ZF-UN,S-ZF-BO,B-ZD-BO,B-ZH-BR,S-ZE-BO,S-ZO-BR,B-ZH-BO,S-ZO-BR,S-ZF-BO,B-ZF-BO,B-ZB-UN,S-ZG-BR,S-ZO-BR,S-ZF-BR,S-ZO-BO,S-ZG-BR
356,2002.02.09 00:00,GBPJPY,60,86400,BUY,ZH,1,189.500,188.010,1490.0,191.400,188.570,2830.0,189.933,37.58,930.0,351.6,189.500,188.570,192.330,BOUNCE,2002.02.22 22:00,1,2002.02.26 20:00,1,2002.03.04 12:00,1,2002.03.05 15:00,3,1w 3d,Other,NA,,NA,,187.080,BOUNCE,2002.03.05 15:00,1,2002.03.22 08:00,0,,0,,1,2w 2d,NewYork,NA,,NA,,190.430,BREAK,2002.02.09 00:00,0,,0,,0,,0,NA,Asia,BOUNCE,2002.02.20 11:00,NA,,187.640,BREAK,2002.03.04 12:00,0,,0,,0,,0,NA,London,BREAK,2002.03.06 18:00,BREAK,2002.03.07 07:00,S-ZG-BR,B-ZF-BR,S-ZE-BR,S-ZG-BR,B-ZG-UN,B-ZF-UN,S-ZF-BO,B-ZD-BO,B-ZH-BR,S-ZE-BO,S-ZO-BR,S-ZF-BO,B-ZF-BO,B-ZB-UN,S-ZG-BR,S-ZO-BR,S-ZF-BR,S-ZO-BO,S-ZG-BR,S-ZF-BR
357,2002.02.13 00:00,GBPJPY,60,86400,SELL,ZO,0,191.220,189.630,1590.0,190.970,189.340,1630.0,102.516,15.72,1340.0,375.2,190.970,189.630,188.000,BREAK,2002.03.04 12:00,0,,0,,0,,0,NA,London,BREAK,2002.03.06 18:00,BREAK,2002.03.07 07:00,192.560,UNTOUCHED,,0,,0,,0,,0,NA,Other,NA,,NA,,188.290,BREAK,2002.03.04 11:00,0,,0,,0,,0,NA,London,BOUNCE,2002.03.05 20:00,NA,,192.310,BOUNCE,2002.02.22 22:00,1,2002.03.04 11:00,1,2002.03.04 11:00,0,,2,1w 2d,Other,NA,,NA,,B-ZH-BO,S-ZG-BR,B-ZF-BR,S-ZE-BR,S-ZG-BR,B-ZG-UN,B-ZF-UN,S-ZF-BO,B-ZD-BO,B-ZH-BR,S-ZF-BO,B-ZF-BO,B-ZB-UN,S-ZG-BR,S-ZO-BR,S-ZF-BR,S-ZO-BO,S-ZG-BR,S-ZF-BR,S-ZG-UN
358,2002.02.15 00:00,GBPJPY,60,86400,SELL,ZF,0,191.000,189.220,1780.0,190.580,188.370,2210.0,124.157,23.60,1360.0,420.1,190.580,189.220,187.010,BOUNCE,2002.03.05 15:00,1,2002.03.25 11:00,0,,0,,1,2w 5d,NewYork,NA,,NA,,192.360,UNTOUCHED,,0,,0,,0,,0,NA,Other,NA,,NA,,187.860,BREAK,2002.03.04 12:00,0,,0,,0,,0,NA,London,BREAK,2002.03.06 19:00,BREAK,2002.03.07 07:00,191.940,BOUNCE,2002.02.22 15:00,1,2002.03.04 12:00,1,2002.03.04 12:00,0,,2,1w 2d,NewYork,NA,,NA,,S-ZO-BR,B-ZH-BO,S-ZG-BR,B-ZF-BR,S-ZE-BR,S-ZG-BR,B-ZG-UN,B-ZF-UN,S-ZF-BO,B-ZD-BO,B-ZF-BO,B-ZB-UN,S-ZG-BR,S-ZO-BR,S-ZF-BR,S-ZO-BO,S-ZG-BR,S-ZF-BR,S-ZG-UN,B-ZD-BR
359,2002.02.20 00:00,GBPJPY,60,86400,BUY,ZF,1,190.310,189.300,1010.0,191.500,189.310,2190.0,216.832,0.99,1000.0,238.4,190.310,189.310,192.500,BOUNCE,2002.04.01 20:00,0,,0,,0,,0,NA,NewYork,NA,,NA,,188.300,BREAK,2002.03.04 11:00,0,,0,,0,,0,NA,London,BOUNCE,2002.03.04 20:00,NA,,191.310,BOUNCE,2002.02.20 00:00,1,2002.03.04 11:00,1,2002.03.04 11:00,0,,2,1w 5d,Asia,NA,,NA,,188.310,BREAK,2002.03.04 11:00,0,,0,,0,,0,NA,London,BOUNCE,2002.03.04 20:00,NA,,S-ZF-BO,S-ZO-BR,B-ZH-BO,S-ZG-BR,B-ZF-BR,S-ZE-BR,S-ZG-BR,B-ZG-UN,B-ZF-UN,S-ZF-BO,B-ZB-UN,S-ZG-BR,S-ZO-BR,S-ZF-BR,S-ZO-BO,S-ZG-BR,S-ZF-BR,S-ZG-UN,B-ZD-BR,B-ZD-BR
360,2002.02.23 00:00,GBPJPY,60,86400,BUY,ZB,1,191.720,190.070,1650.0,192.330,190.910,1420.0,86.061,50.91,810.0,389.4,191.720,190.910,193.140,UNTOUCHED,,0,,0,,0,,0,NA,Other,NA,,NA,,189.260,BREAK,2002.02.28 18:00,0,,0,,0,,0,NA,NewYork,BREAK,2002.03.04 12:00,BREAK,2002.03.04 15:00,192.530,BOUNCE,2002.04.02 00:00,1,2002.04.04 03:00,1,2002.04.05 09:00,0,,2,3d 9h,Asia,NA,,NA,,190.100,BREAK,2002.02.28 04:00,0,,0,,0,,0,NA,Asia,BREAK,2002.02.28 19:00,BREAK,2002.03.04 12:00,B-ZF-BO,S-ZF-BO,S-ZO-BR,B-ZH-BO,S-ZG-BR,B-ZF-BR,S-ZE-BR,S-ZG-BR,B-ZG-UN,B-ZF-UN,S-ZG-BR,S-ZO-BR,S-ZF-BR,S-ZO-BO,S-ZG-BR,S-ZF-BR,S-ZG-UN,B-ZD-BR,B-ZD-BR,B-ZD-BR
361,2002.02.27 00:00,GBPJPY,60,86400,SELL,ZG,0,192.120,190.540,1580.0,191.770,190.340,1430.0,90.506,22.15,1230.0,372.9,191.770,190.540,189.110,BREAK,2002.02.28 19:00,0,,0,,0,,0,NA,NewYork,BREAK,2002.03.04 13:00,BREAK,2002.03.06 18:00,193.350,UNTOUCHED,,0,,0,,0,,0,NA,Other,NA,,NA,,189.310,BREAK,2002.02.28 17:00,0,,0,,0,,0,NA,NewYork,BREAK,2002.03.04 12:00,BREAK,2002.03.06 18:00,193.000,UNTOUCHED,,0,,0,,0,,0,NA,Other,NA,,NA,,B-ZB-UN,B-ZF-BO,S-ZF-BO,S-ZO-BR,B-ZH-BO,S-ZG-BR,B-ZF-BR,S-ZE-BR,S-ZG-BR,B-ZG-UN,S-ZO-BR,S-ZF-BR,S-ZO-BO,S-ZG-BR,S-ZF-BR,S-ZG-UN,B-ZD-BR,B-ZD-BR,B-ZD-BR,B-ZC-BR
362,2002.02.28 00:00,GBPJPY,60,86400,SELL,ZO,0,191.770,190.340,1430.0,191.390,190.180,1210.0,84.615,26.57,1050.0,337.5,191.390,190.340,189.130,BREAK,2002.02.28 18:00,0,,0,,0,,0,NA,NewYork,BREAK,2002.03.04 12:00,BOUNCE,2002.03.05 19:00,192.820,UNTOUCHED,,0,,0,,0,,0,NA,Other,NA,,NA,,189.290,BREAK,2002.02.28 18:00,0,,0,,0,,0,NA,NewYork,BREAK,2002.03.04 12:00,BOUNCE,2002.03.04 20:00,192.440,BOUNCE,2002.04.01 19:00,1,2002.04.05 09:00,1,2002.04.05 09:00,0,,2,3d 14h,NewYork,NA,,NA,,S-ZG-BR,B-ZB-UN,B-ZF-BO,S-ZF-BO,S-ZO-BR,B-ZH-BO,S-ZG-BR,B-ZF-BR,S-ZE-BR,S-ZG-BR,S-ZF-BR,S-ZO-BO,S-ZG-BR,S-ZF-BR,S-ZG-UN,B-ZD-BR,B-ZD-BR,B-ZD-BR,B-ZC-BR,B-ZB-BR
363,2002.03.01 00:00,GBPJPY,60,86400,SELL,ZF,1,191.390,190.180,1210.0,190.940,188.840,2100.0,173.554,37.19,760.0,285.6,190.940,190.180,188.080,BREAK,2002.03.04 12:00,0,,0,,0,,0,NA,London,BOUNCE,2002.03.04 19:00,NA,,192.150,BREAK,2002.04.01 17:00,0,,0,,0,,0,NA,NewYork,UNTOUCHED,,NA,,189.420,BREAK,2002.03.01 00:00,0,,0,,0,,0,NA,Asia,BREAK,2002.03.04 11:00,BREAK,2002.03.04 12:00,191.700,BOUNCE,2002.04.01 15:00,1,2002.04.04 15:00,1,2002.04.04 15:00,0,,2,3d 0h,NewYork,NA,,NA,,S-ZO-BR,S-ZG-BR,B-ZB-UN,B-ZF-BO,S-ZF-BO,S-ZO-BR,B-ZH-BO,S-ZG-BR,B-ZF-BR,S-ZE-BR,S-ZO-BO,S-ZG-BR,S-ZF-BR,S-ZG-UN,B-ZD-BR,B-ZD-BR,B-ZD-BR,B-ZC-BR,B-ZB-BR,S-ZG-BO
364,2002.03.02 00:00,GBPJPY,60,86400,SELL,ZO,0,190.940,188.840,2100.0,190.240,188.730,1510.0,71.905,33.33,1400.0,495.6,190.240,188.840,187.330,BOUNCE,2002.03.04 13:00,1,2002.03.25 14:00,1,2002.04.01 15:00,1,2002.04.01 19:00,3,4w 0d,NewYork,NA,,NA,,192.340,BOUNCE,2002.04.01 19:00,1,2002.04.04 15:00,1,2002.04.10 05:00,1,2002.04.10 05:00,3,1w 1d,NewYork,NA,,NA,,187.440,BREAK,2002.03.04 13:00,0,,0,,0,,0,NA,NewYork,BREAK,2002.03.07 07:00,BREAK,2002.03.07 10:00,191.640,BREAK,2002.04.01 15:00,0,,0,,0,,0,NA,NewYork,UNTOUCHED,,NA,,S-ZF-BR,S-ZO-BR,S-ZG-BR,B-ZB-UN,B-ZF-BO,S-ZF-BO,S-ZO-BR,B-ZH-BO,S-ZG-BR,B-ZF-BR,S-ZG-BR,S-ZF-BR,S-ZG-UN,B-ZD-BR,B-ZD-BR,B-ZD-BR,B-ZC-BR,B-ZB-BR,S-ZG-BO,S-ZG-BR
365,2002.03.06 00:00,GBPJPY,60,86400,SELL,ZG,0,189.540,187.120,2420.0,188.740,186.910,1830.0,75.620,33.06,1620.0,571.1,188.740,187.120,185.290,BREAK,2002.03.07 07:00,0,,0,,0,,0,NA,London,BREAK,2002.03.07 14:00,BREAK,2002.03.07 18:00,191.160,BREAK,2002.04.01 15:00,0,,0,,0,,0,NA,NewYork,UNTOUCHED,,NA,,185.500,BREAK,2002.03.07 07:00,0,,0,,0,,0,NA,London,BREAK,2002.03.07 14:00,BREAK,2002.03.07 18:00,190.360,BOUNCE,2002.03.25 16:00,0,,0,,0,,0,NA,NewYork,NA,,NA,,S-ZO-BO,S-ZF-BR,S-ZO-BR,S-ZG-BR,B-ZB-UN,B-ZF-BO,S-ZF-BO,S-ZO-BR,B-ZH-BO,S-ZG-BR,S-ZF-BR,S-ZG-UN,B-ZD-BR,B-ZD-BR,B-ZD-BR,B-ZC-BR,B-ZB-BR,S-ZG-BO,S-ZG-BR,S-ZC-BO
366,2002.03.07 00:00,GBPJPY,60,86400,SELL,ZF,1,188.740,186.910,1830.0,188.500,185.810,2690.0,146.995,13.11,1590.0,431.9,188.500,186.910,184.220,BREAK,2002.03.07 10:00,0,,0,,0,,0,NA,London,BREAK,2002.03.07 18:00,BREAK,2002.03.07 19:00,190.330,BOUNCE,2002.03.25 16:00,0,,0,,0,,0,NA,NewYork,NA,,NA,,185.320,BREAK,2002.03.07 07:00,0,,0,,0,,0,NA,London,BREAK,2002.03.07 14:00,BREAK,2002.03.07 18:00,190.090,BOUNCE,2002.03.25 13:00,0,,0,,0,,0,NA,NewYork,NA,,NA,,S-ZG-BR,S-ZO-BO,S-ZF-BR,S-ZO-BR,S-ZG-BR,B-ZB-UN,B-ZF-BO,S-ZF-BO,S-ZO-BR,B-ZH-BO,S-ZG-UN,B-ZD-BR,B-ZD-BR,B-ZD-BR,B-ZC-BR,B-ZB-BR,S-ZG-BO,S-ZG-BR,S-ZC-BO,B-ZD-BR
367,2002.03.13 00:00,GBPJPY,60,86400,SELL,ZG,0,183.630,181.670,1960.0,182.920,181.520,1400.0,71.429,36.22,1250.0,462.6,182.920,181.670,180.270,UNTOUCHED,,0,,0,,0,,0,NA,Other,NA,,NA,,184.880,BREAK,2002.03.18 08:00,0,,0,,0,,0,NA,London,BREAK,2002.03.18 14:00,BREAK,2002.03.19 11:00,180.420,UNTOUCHED,,0,,0,,0,,0,NA,Other,NA,,NA,,184.170,BREAK,2002.03.15 14:00,0,,0,,0,,0,NA,NewYork,BREAK,2002.03.18 11:00,BREAK,2002.03.18 18:00,S-ZF-BR,S-ZG-BR,S-ZO-BO,S-ZF-BR,S-ZO-BR,S-ZG-BR,B-ZB-UN,B-ZF-BO,S-ZF-BO,S-ZO-BR,B-ZD-BR,B-ZD-BR,B-ZD-BR,B-ZC-BR,B-ZB-BR,S-ZG-BO,S-ZG-BR,S-ZC-BO,B-ZD-BR,B-ZE-UN
368,2002.03.14 00:00,GBPJPY,60,86400,BUY,ZD,1,182.920,181.520,1400.0,183.520,182.150,1370.0,97.857,45.00,770.0,330.4,182.920,182.150,184.290,BREAK,2002.03.18 03:00,0,,0,,0,,0,NA,Asia,BREAK,2002.03.18 10:00,BREAK,2002.03.18 12:00,180.750,UNTOUCHED,,0,,0,,0,,0,NA,Other,NA,,NA,,183.690,BREAK,2002.03.15 00:00,0,,0,,0,,0,NA,Asia,BREAK,2002.03.18 07:00,BREAK,2002.03.18 10:00,181.380,UNTOUCHED,,0,,0,,0,,0,NA,Other,NA,,NA,,S-ZG-UN,S-ZF-BR,S-ZG-BR,S-ZO-BO,S-ZF-BR,S-ZO-BR,S-ZG-BR,B-ZB-UN,B-ZF-BO,S-ZF-BO,B-ZD-BR,B-ZD-BR,B-ZC-BR,B-ZB-BR,S-ZG-BO,S-ZG-BR,S-ZC-BO,B-ZD-BR,B-ZE-UN,S-ZF-BR
369,2002.03.16 00:00,GBPJPY,60,86400,BUY,ZD,1,183.660,182.070,1590.0,184.240,183.220,1020.0,64.151,72.33,440.0,375.2,183.660,183.220,184.680,BREAK,2002.03.18 07:00,0,,0,,0,,0,NA,London,BREAK,2002.03.18 11:00,BREAK,2002.03.18 12:00,181.630,UNTOUCHED,,0,,0,,0,,0,NA,Other,NA,,NA,,184.100,BOUNCE,2002.03.16 00:00,0,,0,,0,,0,NA,Asia,NA,,NA,,182.780,UNTOUCHED,,0,,0,,0,,0,NA,Other,NA,,NA,,B-ZD-BR,S-ZG-UN,S-ZF-BR,S-ZG-BR,S-ZO-BO,S-ZF-BR,S-ZO-BR,S-ZG-BR,B-ZB-UN,B-ZF-BO,B-ZD-BR,B-ZC-BR,B-ZB-BR,S-ZG-BO,S-ZG-BR,S-ZC-BO,B-ZD-BR,B-ZE-UN,S-ZF-BR,S-ZB-BO
370,2002.03.19 00:00,GBPJPY,60,86400,BUY,ZD,1,184.120,183.550,570.0,187.480,183.920,3560.0,624.561,64.91,200.0,134.5,184.120,183.920,187.680,BREAK,2002.03.19 11:00,0,,0,,0,,0,NA,London,BREAK,2002.03.19 12:00,BREAK,2002.03.19 19:00,183.350,UNTOUCHED,,0,,0,,0,,0,NA,Other,NA,,NA,,184.320,BREAK,2002.03.19 00:00,0,,0,,0,,0,NA,Asia,BREAK,2002.03.19 01:00,BREAK,2002.03.19 02:00,183.720,UNTOUCHED,,0,,0,,0,,0,NA,Other,NA,,NA,,B-ZD-BR,B-ZD-BR,S-ZG-UN,S-ZF-BR,S-ZG-BR,S-ZO-BO,S-ZF-BR,S-ZO-BR,S-ZG-BR,B-ZB-UN,B-ZC-BR,B-ZB-BR,S-ZG-BO,S-ZG-BR,S-ZC-BO,B-ZD-BR,B-ZE-UN,S-ZF-BR,S-ZB-BO,S-ZG-BO
371,2002.03.22 00:00,GBPJPY,60,86400,BUY,ZC,1,188.430,186.690,1740.0,188.910,187.400,1510.0,86.782,40.80,1030.0,410.6,188.430,187.400,189.940,BREAK,2002.03.25 13:00,0,,0,,0,,0,NA,NewYork,BREAK,2002.04.01 15:00,BREAK,2002.04.01 19:00,185.660,UNTOUCHED,,0,,0,,0,,0,NA,Other,NA,,NA,,189.460,BREAK,2002.03.22 12:00,0,,0,,0,,0,NA,London,BREAK,2002.04.01 15:00,BREAK,2002.04.01 16:00,186.370,BOUNCE,2002.04.25 15:00,0,,0,,0,,0,NA,NewYork,NA,,NA,,B-ZD-BR,B-ZD-BR,B-ZD-BR,S-ZG-UN,S-ZF-BR,S-ZG-BR,S-ZO-BO,S-ZF-BR,S-ZO-BR,S-ZG-BR,B-ZB-BR,S-ZG-BO,S-ZG-BR,S-ZC-BO,B-ZD-BR,B-ZE-UN,S-ZF-BR,S-ZB-BO,S-ZG-BO,S-ZG-BO
372,2002.03.23 00:00,GBPJPY,60,86400,BUY,ZB,1,188.910,187.400,1510.0,189.720,188.100,1620.0,107.285,46.36,810.0,356.4,188.910,188.100,190.530,BREAK,2002.04.01 14:00,0,,0,,0,,0,NA,NewYork,BREAK,2002.04.01 16:00,BREAK,2002.04.02 00:00,186.590,BOUNCE,2002.04.25 14:00,0,,0,,0,,0,NA,NewYork,NA,,NA,,189.720,BREAK,2002.03.25 11:00,0,,0,,0,,0,NA,London,BREAK,2002.04.01 15:00,BREAK,2002.04.01 16:00,187.290,BOUNCE,2002.04.10 05:00,1,2002.04.12 05:00,1,2002.04.12 05:00,0,,2,2d 0h,Asia,NA,,NA,,B-ZC-BR,B-ZD-BR,B-ZD-BR,B-ZD-BR,S-ZG-UN,S-ZF-BR,S-ZG-BR,S-ZO-BO,S-ZF-BR,S-ZO-BR,S-ZG-BO,S-ZG-BR,S-ZC-BO,B-ZD-BR,B-ZE-UN,S-ZF-BR,S-ZB-BO,S-ZG-BO,S-ZG-BO,B-ZF-UN
373,2002.03.27 00:00,GBPJPY,60,86400,SELL,ZG,0,190.390,188.870,1520.0,190.350,188.760,1590.0,104.605,2.63,1480.0,358.7,190.350,188.870,187.280,BOUNCE,2002.04.10 05:00,0,,0,,0,,0,NA,Asia,NA,,NA,,191.870,BREAK,2002.04.01 16:00,0,,0,,0,,0,NA,NewYork,UNTOUCHED,,NA,,187.390,BOUNCE,2002.04.10 05:00,0,,0,,0,,0,NA,Asia,NA,,NA,,191.830,BREAK,2002.04.01 15:00,0,,0,,0,,0,NA,NewYork,UNTOUCHED,,NA,,B-ZB-BR,B-ZC-BR,B-ZD-BR,B-ZD-BR,B-ZD-BR,S-ZG-UN,S-ZF-BR,S-ZG-BR,S-ZO-BO,S-ZF-BR,S-ZG-BR,S-ZC-BO,B-ZD-BR,B-ZE-UN,S-ZF-BR,S-ZB-BO,S-ZG-BO,S-ZG-BO,B-ZF-UN,B-ZB-UN
374,2002.03.28 00:00,GBPJPY,60,86400,SELL,ZG,0,190.350,188.760,1590.0,190.140,188.440,1700.0,106.918,13.21,1380.0,375.2,190.140,188.760,187.060,BREAK,2002.04.25 09:00,0,,0,,0,,0,NA,London,BREAK,2002.05.15 11:00,BREAK,2002.05.17 15:00,191.730,BREAK,2002.04.01 15:00,0,,0,,0,,0,NA,NewYork,UNTOUCHED,,NA,,187.380,BOUNCE,2002.04.10 05:00,0,,0,,0,,0,NA,Asia,NA,,NA,,191.520,BREAK,2002.04.01 15:00,0,,0,,0,,0,NA,NewYork,UNTOUCHED,,NA,,S-ZG-BO,B-ZB-BR,B-ZC-BR,B-ZD-BR,B-ZD-BR,B-ZD-BR,S-ZG-UN,S-ZF-BR,S-ZG-BR,S-ZO-BO,S-ZC-BO,B-ZD-BR,B-ZE-UN,S-ZF-BR,S-ZB-BO,S-ZG-BO,S-ZG-BO,B-ZF-UN,B-ZB-UN,S-ZG-BR
375,2002.03.29 00:00,GBPJPY,60,86400,SELL,ZC,1,190.140,188.440,1700.0,189.290,188.160,1130.0,66.471,50.00,850.0,401.2,189.290,188.440,187.310,BOUNCE,2002.04.10 05:00,1,2002.04.11 11:00,0,,0,,1,1d 6h,Asia,NA,,NA,,190.990,BREAK,2002.04.01 15:00,0,,0,,0,,0,NA,NewYork,BREAK,2002.04.01 18:00,UNTOUCHED,,187.590,BOUNCE,2002.04.08 19:00,0,,0,,0,,0,NA,NewYork,NA,,NA,,190.140,BREAK,2002.04.01 06:00,0,,0,,0,,0,NA,Asia,BREAK,2002.04.01 15:00,BREAK,2002.04.01 18:00,S-ZG-BR,S-ZG-BO,B-ZB-BR,B-ZC-BR,B-ZD-BR,B-ZD-BR,B-ZD-BR,S-ZG-UN,S-ZF-BR,S-ZG-BR,B-ZD-BR,B-ZE-UN,S-ZF-BR,S-ZB-BO,S-ZG-BO,S-ZG-BO,B-ZF-UN,B-ZB-UN,S-ZG-BR,S-ZF-BO
376,2002.03.30 00:00,GBPJPY,60,86400,BUY,ZD,1,189.290,188.160,1130.0,189.790,188.610,1180.0,104.425,39.82,680.0,266.7,189.290,188.610,190.470,BREAK,2002.04.01 14:00,0,,0,,0,,0,NA,NewYork,BREAK,2002.04.01 15:00,BREAK,2002.04.01 16:00,187.480,BOUNCE,2002.04.09 18:00,1,2002.04.11 05:00,1,2002.04.12 05:00,0,,2,2d 11h,NewYork,NA,,NA,,189.970,BREAK,2002.04.01 03:00,0,,0,,0,,0,NA,Asia,BREAK,2002.04.01 15:00,BREAK,2002.04.01 16:00,187.930,BOUNCE,2002.04.08 10:00,1,2002.04.12 05:00,1,2002.04.12 05:00,0,,2,3d 19h,London,NA,,NA,,S-ZC-BO,S-ZG-BR,S-ZG-BO,B-ZB-BR,B-ZC-BR,B-ZD-BR,B-ZD-BR,B-ZD-BR,S-ZG-UN,S-ZF-BR,B-ZE-UN,S-ZF-BR,S-ZB-BO,S-ZG-BO,S-ZG-BO,B-ZF-UN,B-ZB-UN,S-ZG-BR,S-ZF-BO,S-ZF-BR
377,2002.04.03 00:00,GBPJPY,60,86400,BUY,ZE,1,192.500,189.380,3120.0,192.570,191.270,1300.0,41.667,60.58,1230.0,736.3,192.500,191.270,193.800,UNTOUCHED,,0,,0,,0,,0,NA,Other,NA,,NA,,188.150,BREAK,2002.04.08 04:00,0,,0,,0,,0,NA,Asia,BREAK,2002.04.26 17:00,BOUNCE,2002.05.16 18:00,193.730,UNTOUCHED,,0,,0,,0,,0,NA,Other,NA,,NA,,190.040,BREAK,2002.04.04 03:00,0,,0,,0,,0,NA,Asia,BREAK,2002.04.08 10:00,BOUNCE,2002.04.09 07:00,B-ZD-BR,S-ZC-BO,S-ZG-BR,S-ZG-BO,B-ZB-BR,B-ZC-BR,B-ZD-BR,B-ZD-BR,B-ZD-BR,S-ZG-UN,S-ZF-BR,S-ZB-BO,S-ZG-BO,S-ZG-BO,B-ZF-UN,B-ZB-UN,S-ZG-BR,S-ZF-BO,S-ZF-BR,S-ZB-BR
378,2002.04.05 00:00,GBPJPY,60,86400,SELL,ZF,1,191.550,190.220,1330.0,191.170,189.330,1840.0,138.346,28.57,950.0,313.9,191.170,190.220,188.380,BREAK,2002.04.08 03:00,0,,0,,0,,0,NA,Asia,BOUNCE,2002.04.11 04:00,NA,,192.500,UNTOUCHED,,0,,0,,0,,0,NA,Other,NA,,NA,,189.270,BREAK,2002.04.05 09:00,0,,0,,0,,0,NA,London,BREAK,2002.04.08 10:00,BOUNCE,2002.04.11 03:00,192.120,UNTOUCHED,,0,,0,,0,,0,NA,Other,NA,,NA,,B-ZE-UN,B-ZD-BR,S-ZC-BO,S-ZG-BR,S-ZG-BO,B-ZB-BR,B-ZC-BR,B-ZD-BR,B-ZD-BR,B-ZD-BR,S-ZB-BO,S-ZG-BO,S-ZG-BO,B-ZF-UN,B-ZB-UN,S-ZG-BR,S-ZF-BO,S-ZF-BR,S-ZB-BR,S-ZG-BR
379,2002.04.06 00:00,GBPJPY,60,86400,SELL,ZB,1,191.170,189.330,1840.0,189.940,188.440,1500.0,81.522,66.85,610.0,434.2,189.940,189.330,187.830,BOUNCE,2002.04.08 18:00,1,2002.04.11 11:00,0,,0,,1,2d 17h,NewYork,NA,,NA,,191.780,UNTOUCHED,,0,,0,,0,,0,NA,Other,NA,,NA,,188.720,BREAK,2002.04.06 00:00,0,,0,,0,,0,NA,Asia,BOUNCE,2002.04.08 14:00,NA,,190.550,UNTOUCHED,,0,,0,,0,,0,NA,Other,NA,,NA,,S-ZF-BR,B-ZE-UN,B-ZD-BR,S-ZC-BO,S-ZG-BR,S-ZG-BO,B-ZB-BR,B-ZC-BR,B-ZD-BR,B-ZD-BR,S-ZG-BO,S-ZG-BO,B-ZF-UN,B-ZB-UN,S-ZG-BR,S-ZF-BO,S-ZF-BR,S-ZB-BR,S-ZG-BR,B-ZF-BO
380,2002.04.10 00:00,GBPJPY,60,86400,SELL,ZG,0,189.050,187.490,1560.0,188.820,187.450,1370.0,87.821,14.74,1330.0,368.2,188.820,187.490,186.120,BOUNCE,2002.04.26 17:00,0,,0,,0,,0,NA,NewYork,NA,,NA,,190.380,UNTOUCHED,,0,,0,,0,,0,NA,Other,NA,,NA,,186.160,BOUNCE,2002.04.26 17:00,0,,0,,0,,0,NA,NewYork,NA,,NA,,190.150,UNTOUCHED,,0,,0,,0,,0,NA,Other,NA,,NA,,S-ZB-BO,S-ZF-BR,B-ZE-UN,B-ZD-BR,S-ZC-BO,S-ZG-BR,S-ZG-BO,B-ZB-BR,B-ZC-BR,B-ZD-BR,S-ZG-BO,B-ZF-UN,B-ZB-UN,S-ZG-BR,S-ZF-BO,S-ZF-BR,S-ZB-BR,S-ZG-BR,B-ZF-BO,B-ZF-UN
381,2002.04.11 00:00,GBPJPY,60,86400,SELL,ZG,0,188.820,187.450,1370.0,188.300,187.230,1070.0,78.102,37.96,850.0,323.3,188.300,187.450,186.380,BOUNCE,2002.04.25 15:00,1,2002.05.07 14:00,0,,0,,1,1w 4d,NewYork,NA,,NA,,189.670,BREAK,2002.04.12 04:00,0,,0,,0,,0,NA,Asia,UNTOUCHED,,NA,,186.600,BOUNCE,2002.04.25 14:00,0,,0,,0,,0,NA,NewYork,NA,,NA,,189.150,BREAK,2002.04.11 13:00,0,,0,,0,,0,NA,NewYork,BOUNCE,2002.04.15 05:00,NA,,S-ZG-BO,S-ZB-BO,S-ZF-BR,B-ZE-UN,B-ZD-BR,S-ZC-BO,S-ZG-BR,S-ZG-BO,B-ZB-BR,B-ZC-BR,B-ZF-UN,B-ZB-UN,S-ZG-BR,S-ZF-BO,S-ZF-BR,S-ZB-BR,S-ZG-BR,B-ZF-BO,B-ZF-UN,B-ZG-UN
382,2002.04.12 00:00,GBPJPY,60,86400,BUY,ZF,1,188.300,187.230,1070.0,189.470,187.610,1860.0,173.832,35.51,690.0,252.5,188.300,187.610,190.160,UNTOUCHED,,0,,0,,0,,0,NA,Other,NA,,NA,,186.540,BOUNCE,2002.04.25 14:00,1,2002.05.07 14:00,0,,0,,1,1w 5d,NewYork,NA,,NA,,188.990,BREAK,2002.04.12 00:00,0,,0,,0,,0,NA,Asia,BREAK,2002.04.12 05:00,UNTOUCHED,,186.920,BREAK,2002.04.25 12:00,0,,0,,0,,0,NA,London,BREAK,2002.04.26 17:00,BOUNCE,2002.05.15 16:00,S-ZG-BO,S-ZG-BO,S-ZB-BO,S-ZF-BR,B-ZE-UN,B-ZD-BR,S-ZC-BO,S-ZG-BR,S-ZG-BO,B-ZB-BR,B-ZB-UN,S-ZG-BR,S-ZF-BO,S-ZF-BR,S-ZB-BR,S-ZG-BR,B-ZF-BO,B-ZF-UN,B-ZG-UN,B-ZE-UN
383,2002.04.13 00:00,GBPJPY,60,86400,BUY,ZB,1,189.470,187.610,1860.0,190.090,188.670,1420.0,76.344,56.99,800.0,439.0,189.470,188.670,190.890,UNTOUCHED,,0,,0,,0,,0,NA,Other,NA,,NA,,186.810,BREAK,2002.04.25 12:00,0,,0,,0,,0,NA,London,BOUNCE,2002.04.29 10:00,NA,,190.270,UNTOUCHED,,0,,0,,0,,0,NA,Other,NA,,NA,,187.870,BREAK,2002.04.18 19:00,0,,0,,0,,0,NA,NewYork,BREAK,2002.04.25 14:00,BOUNCE,2002.04.29 12:00,B-ZF-UN,S-ZG-BO,S-ZG-BO,S-ZB-BO,S-ZF-BR,B-ZE-UN,B-ZD-BR,S-ZC-BO,S-ZG-BR,S-ZG-BO,S-ZG-BR,S-ZF-BO,S-ZF-BR,S-ZB-BR,S-ZG-BR,B-ZF-BO,B-ZF-UN,B-ZG-UN,B-ZE-UN,S-ZG-BR
384,2002.04.17 00:00,GBPJPY,60,86400,SELL,ZG,0,190.100,188.710,1390.0,190.060,188.360,1700.0,122.302,2.88,1350.0,328.0,190.060,188.710,187.010,BREAK,2002.04.25 10:00,0,,0,,0,,0,NA,London,BREAK,2002.05.15 11:00,BREAK,2002.05.17 14:00,191.450,UNTOUCHED,,0,,0,,0,,0,NA,Other,NA,,NA,,187.360,BOUNCE,2002.04.18 19:00,0,,0,,0,,0,NA,NewYork,NA,,NA,,191.410,UNTOUCHED,,0,,0,,0,,0,NA,Other,NA,,NA,,B-ZB-UN,B-ZF-UN,S-ZG-BO,S-ZG-BO,S-ZB-BO,S-ZF-BR,B-ZE-UN,B-ZD-BR,S-ZC-BO,S-ZG-BR,S-ZF-BO,S-ZF-BR,S-ZB-BR,S-ZG-BR,B-ZF-BO,B-ZF-UN,B-ZG-UN,B-ZE-UN,S-ZG-BR,S-ZO-BR
385,2002.04.19 00:00,GBPJPY,60,86400,SELL,ZF,1,189.420,188.420,1000.0,189.240,187.340,1900.0,190.000,18.00,820.0,236.0,189.240,188.420,186.520,BOUNCE,2002.04.25 14:00,1,2002.05.07 14:00,0,,0,,1,1w 5d,NewYork,NA,,NA,,190.240,UNTOUCHED,,0,,0,,0,,0,NA,Other,NA,,NA,,187.600,BREAK,2002.04.24 15:00,0,,0,,0,,0,NA,NewYork,BREAK,2002.04.25 14:00,BOUNCE,2002.04.26 17:00,190.060,UNTOUCHED,,0,,0,,0,,0,NA,Other,NA,,NA,,S-ZG-BR,B-ZB-UN,B-ZF-UN,S-ZG-BO,S-ZG-BO,S-ZB-BO,S-ZF-BR,B-ZE-UN,B-ZD-BR,S-ZC-BO,S-ZF-BR,S-ZB-BR,S-ZG-BR,B-ZF-BO,B-ZF-UN,B-ZG-UN,B-ZE-UN,S-ZG-BR,S-ZO-BR,B-ZG-UN
386,2002.04.25 00:00,GBPJPY,60,86400,SELL,ZF,0,188.930,187.900,1030.0,188.790,187.500,1290.0,125.243,13.59,890.0,243.1,188.790,187.900,186.610,BREAK,2002.04.25 14:00,0,,0,,0,,0,NA,NewYork,BREAK,2002.05.15 10:00,BREAK,2002.05.17 13:00,189.820,UNTOUCHED,,0,,0,,0,,0,NA,Other,NA,,NA,,187.010,BREAK,2002.04.25 10:00,0,,0,,0,,0,NA,London,BOUNCE,2002.04.29 10:00,NA,,189.680,UNTOUCHED,,0,,0,,0,,0,NA,Other,NA,,NA,,S-ZF-BO,S-ZG-BR,B-ZB-UN,B-ZF-UN,S-ZG-BO,S-ZG-BO,S-ZB-BO,S-ZF-BR,B-ZE-UN,B-ZD-BR,S-ZB-BR,S-ZG-BR,B-ZF-BO,B-ZF-UN,B-ZG-UN,B-ZE-UN,S-ZG-BR,S-ZO-BR,B-ZG-UN,S-ZF-BR
387,2002.04.26 00:00,GBPJPY,60,86400,SELL,ZB,1,188.790,187.500,1290.0,187.990,186.320,1670.0,129.457,62.02,490.0,304.4,187.990,187.500,185.830,BREAK,2002.05.15 10:00,0,,0,,0,,0,NA,London,BOUNCE,2002.05.15 13:00,NA,,189.280,UNTOUCHED,,0,,0,,0,,0,NA,Other,NA,,NA,,187.010,BREAK,2002.04.26 03:00,0,,0,,0,,0,NA,Asia,BREAK,2002.04.26 16:00,BOUNCE,2002.04.26 17:00,188.480,BOUNCE,2002.05.08 12:00,1,2002.05.08 18:00,1,2002.05.08 18:00,0,,2,6h,London,NA,,NA,,S-ZF-BR,S-ZF-BO,S-ZG-BR,B-ZB-UN,B-ZF-UN,S-ZG-BO,S-ZG-BO,S-ZB-BO,S-ZF-BR,B-ZE-UN,S-ZG-BR,B-ZF-BO,B-ZF-UN,B-ZG-UN,B-ZE-UN,S-ZG-BR,S-ZO-BR,B-ZG-UN,S-ZF-BR,S-ZF-UN
388,2002.04.27 00:00,GBPJPY,60,86400,SELL,ZG,0,187.990,186.320,1670.0,187.490,185.890,1600.0,95.808,29.94,1170.0,394.1,187.490,186.320,184.720,BREAK,2002.05.17 13:00,0,,0,,0,,0,NA,NewYork,BREAK,2002.05.20 11:00,BREAK,2002.05.21 15:00,189.160,UNTOUCHED,,0,,0,,0,,0,NA,Other,NA,,NA,,185.150,BREAK,2002.05.17 09:00,0,,0,,0,,0,NA,London,BREAK,2002.05.17 16:00,BREAK,2002.05.21 14:00,188.660,UNTOUCHED,,0,,0,,0,,0,NA,Other,NA,,NA,,S-ZB-BR,S-ZF-BR,S-ZF-BO,S-ZG-BR,B-ZB-UN,B-ZF-UN,S-ZG-BO,S-ZG-BO,S-ZB-BO,S-ZF-BR,B-ZF-BO,B-ZF-UN,B-ZG-UN,B-ZE-UN,S-ZG-BR,S-ZO-BR,B-ZG-UN,S-ZF-BR,S-ZF-UN,S-ZO-UN
389,2002.04.30 00:00,GBPJPY,60,86400,BUY,ZF,1,186.540,186.110,430.0,187.170,186.200,970.0,225.581,20.93,340.0,101.5,186.540,186.200,187.510,BOUNCE,2002.04.30 21:00,1,2002.05.01 12:00,1,2002.05.15 05:00,1,2002.05.15 10:00,3,2w 0d,Other,NA,,NA,,185.770,BREAK,2002.05.15 10:00,0,,0,,0,,0,NA,London,BREAK,2002.05.15 11:00,BOUNCE,2002.05.17 09:00,186.880,BOUNCE,2002.04.30 00:00,1,2002.05.15 05:00,1,2002.05.15 10:00,0,,2,2w 1d,Asia,NA,,NA,,185.860,BOUNCE,2002.05.15 05:00,1,2002.05.16 18:00,1,2002.05.16 18:00,0,,2,1d 13h,Asia,NA,,NA,,S-ZG-BR,S-ZB-BR,S-ZF-BR,S-ZF-BO,S-ZG-BR,B-ZB-UN,B-ZF-UN,S-ZG-BO,S-ZG-BO,S-ZB-BO,B-ZF-UN,B-ZG-UN,B-ZE-UN,S-ZG-BR,S-ZO-BR,B-ZG-UN,S-ZF-BR,S-ZF-UN,S-ZO-UN,S-ZO-BO
390,2002.05.01 00:00,GBPJPY,60,86400,BUY,ZF,0,187.170,186.200,970.0,187.590,186.240,1350.0,139.175,4.12,930.0,228.9,187.170,186.240,188.520,UNTOUCHED,,0,,0,,0,,0,NA,Other,NA,,NA,,185.270,BREAK,2002.05.17 09:00,0,,0,,0,,0,NA,London,BOUNCE,2002.05.17 13:00,NA,,188.100,BOUNCE,2002.05.07 14:00,1,2002.05.15 11:00,1,2002.05.17 09:00,0,,2,1w 2d,NewYork,NA,,NA,,185.310,BOUNCE,2002.05.15 11:00,0,,0,,0,,0,NA,London,NA,,NA,,B-ZF-BO,S-ZG-BR,S-ZB-BR,S-ZF-BR,S-ZF-BO,S-ZG-BR,B-ZB-UN,B-ZF-UN,S-ZG-BO,S-ZG-BO,B-ZG-UN,B-ZE-UN,S-ZG-BR,S-ZO-BR,B-ZG-UN,S-ZF-BR,S-ZF-UN,S-ZO-UN,S-ZO-BO,B-ZG-BR
391,2002.05.03 00:00,GBPJPY,60,86400,BUY,ZG,0,187.610,186.070,1540.0,187.720,186.120,1600.0,103.896,3.25,1490.0,363.4,187.610,186.120,189.210,UNTOUCHED,,0,,0,,0,,0,NA,Other,NA,,NA,,184.580,BREAK,2002.05.17 13:00,0,,0,,0,,0,NA,NewYork,BREAK,2002.05.20 19:00,BREAK,2002.05.21 15:00,189.100,UNTOUCHED,,0,,0,,0,,0,NA,Other,NA,,NA,,184.630,BREAK,2002.05.17 13:00,0,,0,,0,,0,NA,NewYork,BREAK,2002.05.20 19:00,BREAK,2002.05.21 15:00,B-ZF-UN,B-ZF-BO,S-ZG-BR,S-ZB-BR,S-ZF-BR,S-ZF-BO,S-ZG-BR,B-ZB-UN,B-ZF-UN,S-ZG-BO,B-ZE-UN,S-ZG-BR,S-ZO-BR,B-ZG-UN,S-ZF-BR,S-ZF-UN,S-ZO-UN,S-ZO-BO,B-ZG-BR,B-ZO-BO
392,2002.05.09 00:00,GBPJPY,60,86400,BUY,ZE,1,188.260,186.150,2110.0,188.490,186.970,1520.0,72.038,38.86,1290.0,498.0,188.260,186.970,189.780,UNTOUCHED,,0,,0,,0,,0,NA,Other,NA,,NA,,184.860,BREAK,2002.05.17 13:00,0,,0,,0,,0,NA,NewYork,BREAK,2002.05.20 17:00,BREAK,2002.05.21 15:00,189.550,UNTOUCHED,,0,,0,,0,,0,NA,Other,NA,,NA,,185.680,BOUNCE,2002.05.15 10:00,0,,0,,0,,0,NA,London,NA,,NA,,B-ZG-UN,B-ZF-UN,B-ZF-BO,S-ZG-BR,S-ZB-BR,S-ZF-BR,S-ZF-BO,S-ZG-BR,B-ZB-UN,B-ZF-UN,S-ZG-BR,S-ZO-BR,B-ZG-UN,S-ZF-BR,S-ZF-UN,S-ZO-UN,S-ZO-BO,B-ZG-BR,B-ZO-BO,B-ZG-BR
393,2002.05.10 00:00,GBPJPY,60,86400,SELL,ZG,0,188.490,186.970,1520.0,187.950,186.940,1010.0,66.447,35.53,980.0,358.7,187.950,186.970,185.960,BREAK,2002.05.13 18:00,0,,0,,0,,0,NA,NewYork,BREAK,2002.05.17 13:00,BREAK,2002.05.17 16:00,189.470,UNTOUCHED,,0,,0,,0,,0,NA,Other,NA,,NA,,185.990,BREAK,2002.05.13 18:00,0,,0,,0,,0,NA,NewYork,BREAK,2002.05.17 13:00,BREAK,2002.05.17 16:00,188.930,UNTOUCHED,,0,,0,,0,,0,NA,Other,NA,,NA,,B-ZE-UN,B-ZG-UN,B-ZF-UN,B-ZF-BO,S-ZG-BR,S-ZB-BR,S-ZF-BR,S-ZF-BO,S-ZG-BR,B-ZB-UN,S-ZO-BR,B-ZG-UN,S-ZF-BR,S-ZF-UN,S-ZO-UN,S-ZO-BO,B-ZG-BR,B-ZO-BO,B-ZG-BR,B-ZG-BR
394,2002.05.16 00:00,GBPJPY,60,86400,SELL,ZO,1,186.820,185.920,900.0,186.520,185.290,1230.0,136.667,33.33,600.0,212.4,186.520,185.920,184.690,BREAK,2002.05.17 13:00,0,,0,,0,,0,NA,NewYork,BREAK,2002.05.17 15:00,BOUNCE,2002.05.17 18:00,187.420,UNTOUCHED,,0,,0,,0,,0,NA,Other,NA,,NA,,185.320,BREAK,2002.05.17 09:00,0,,0,,0,,0,NA,London,BREAK,2002.05.17 13:00,BREAK,2002.05.17 15:00,187.120,UNTOUCHED,,0,,0,,0,,0,NA,Other,NA,,NA,,S-ZG-BR,B-ZE-UN,B-ZG-UN,B-ZF-UN,B-ZF-BO,S-ZG-BR,S-ZB-BR,S-ZF-BR,S-ZF-BO,S-ZG-BR,B-ZG-UN,S-ZF-BR,S-ZF-UN,S-ZO-UN,S-ZO-BO,B-ZG-BR,B-ZO-BO,B-ZG-BR,B-ZG-BR,B-ZD-BO
395,2002.05.17 00:00,GBPJPY,60,86400,BUY,ZG,0,186.520,185.290,1230.0,187.060,185.660,1400.0,113.821,30.08,860.0,290.3,186.520,185.660,187.920,UNTOUCHED,,0,,0,,0,,0,NA,Other,NA,,NA,,184.430,BOUNCE,2002.05.17 13:00,0,,0,,0,,0,NA,NewYork,NA,,NA,,187.380,UNTOUCHED,,0,,0,,0,,0,NA,Other,NA,,NA,,184.800,BREAK,2002.05.17 13:00,0,,0,,0,,0,NA,NewYork,BREAK,2002.05.17 16:00,BREAK,2002.05.20 19:00,S-ZO-BR,S-ZG-BR,B-ZE-UN,B-ZG-UN,B-ZF-UN,B-ZF-BO,S-ZG-BR,S-ZB-BR,S-ZF-BR,S-ZF-BO,S-ZF-BR,S-ZF-UN,S-ZO-UN,S-ZO-BO,B-ZG-BR,B-ZO-BO,B-ZG-BR,B-ZG-BR,B-ZD-BO,S-ZF-BR
396,2002.05.18 00:00,GBPJPY,60,86400,SELL,ZF,1,187.060,185.660,1400.0,186.710,183.250,3460.0,247.143,25.00,1050.0,330.4,186.710,185.660,182.200,BREAK,2002.05.21 15:00,0,,0,,0,,0,NA,NewYork,BREAK,2002.05.21 16:00,BOUNCE,2002.05.31 09:00,188.110,UNTOUCHED,,0,,0,,0,,0,NA,Other,NA,,NA,,184.610,BREAK,2002.05.18 00:00,0,,0,,0,,0,NA,Asia,BREAK,2002.05.20 11:00,BOUNCE,2002.05.21 03:00,187.760,UNTOUCHED,,0,,0,,0,,0,NA,Other,NA,,NA,,B-ZG-UN,S-ZO-BR,S-ZG-BR,B-ZE-UN,B-ZG-UN,B-ZF-UN,B-ZF-BO,S-ZG-BR,S-ZB-BR,S-ZF-BR,S-ZF-UN,S-ZO-UN,S-ZO-BO,B-ZG-BR,B-ZO-BO,B-ZG-BR,B-ZG-BR,B-ZD-BO,S-ZF-BR,S-ZB-BO
397,2002.05.22 00:00,GBPJPY,60,86400,SELL,ZF,1,184.160,182.480,1680.0,183.810,180.190,3620.0,215.476,20.83,1330.0,396.5,183.810,182.480,178.860,UNTOUCHED,,0,,0,,0,,0,NA,Other,NA,,NA,,185.490,BOUNCE,2002.06.18 19:00,1,2002.06.21 15:00,0,,0,,1,2d 20h,NewYork,NA,,NA,,181.150,BREAK,2002.05.22 00:00,0,,0,,0,,0,NA,Asia,UNTOUCHED,,NA,,185.140,BOUNCE,2002.06.12 10:00,0,,0,,0,,0,NA,London,NA,,NA,,S-ZF-BR,B-ZG-UN,S-ZO-BR,S-ZG-BR,B-ZE-UN,B-ZG-UN,B-ZF-UN,B-ZF-BO,S-ZG-BR,S-ZB-BR,S-ZO-UN,S-ZO-BO,B-ZG-BR,B-ZO-BO,B-ZG-BR,B-ZG-BR,B-ZD-BO,S-ZF-BR,S-ZB-BO,B-ZB-BO
398,2002.05.23 00:00,GBPJPY,60,86400,SELL,ZO,0,183.810,180.190,3620.0,182.640,180.150,2490.0,68.785,32.32,2450.0,854.3,182.640,180.190,177.700,UNTOUCHED,,0,,0,,0,,0,NA,Other,NA,,NA,,186.260,UNTOUCHED,,0,,0,,0,,0,NA,Other,NA,,NA,,177.740,UNTOUCHED,,0,,0,,0,,0,NA,Other,NA,,NA,,185.090,BOUNCE,2002.06.12 10:00,0,,0,,0,,0,NA,London,NA,,NA,,S-ZF-UN,S-ZF-BR,B-ZG-UN,S-ZO-BR,S-ZG-BR,B-ZE-UN,B-ZG-UN,B-ZF-UN,B-ZF-BO,S-ZG-BR,S-ZO-BO,B-ZG-BR,B-ZO-BO,B-ZG-BR,B-ZG-BR,B-ZD-BO,S-ZF-BR,S-ZB-BO,B-ZB-BO,B-ZO-BR
399,2002.05.30 00:00,GBPJPY,60,86400,SELL,ZO,0,182.260,181.450,810.0,181.980,181.330,650.0,80.247,34.57,530.0,191.2,181.980,181.450,180.800,BOUNCE,2002.05.30 13:00,1,2002.05.31 09:00,1,2002.05.31 09:00,1,2002.06.11 10:00,3,1w 4d,NewYork,NA,,NA,,182.790,BREAK,2002.06.11 10:00,0,,0,,0,,0,NA,London,BREAK,2002.06.11 13:00,BREAK,2002.06.11 15:00,180.920,BOUNCE,2002.05.30 13:00,1,2002.05.31 09:00,1,2002.06.11 10:00,0,,2,1w 4d,NewYork,NA,,NA,,182.510,BOUNCE,2002.05.31 09:00,1,2002.05.31 20:00,1,2002.05.31 20:00,0,,2,11h,London,NA,,NA,,S-ZO-UN,S-ZF-UN,S-ZF-BR,B-ZG-UN,S-ZO-BR,S-ZG-BR,B-ZE-UN,B-ZG-UN,B-ZF-UN,B-ZF-BO,B-ZG-BR,B-ZO-BO,B-ZG-BR,B-ZG-BR,B-ZD-BO,S-ZF-BR,S-ZB-BO,B-ZB-BO,B-ZO-BR,S-ZE-BO
400,2002.06.01 00:00,GBPJPY,60,86400,BUY,ZG,0,182.150,180.050,2100.0,182.530,180.400,2130.0,101.429,16.67,1750.0,495.6,182.150,180.400,184.280,BREAK,2002.06.11 18:00,0,,0,,0,,0,NA,NewYork,UNTOUCHED,,NA,,178.300,UNTOUCHED,,0,,0,,0,,0,NA,Other,NA,,NA,,183.900,BREAK,2002.06.11 15:00,0,,0,,0,,0,NA,NewYork,BOUNCE,2002.06.21 12:00,NA,,178.650,UNTOUCHED,,0,,0,,0,,0,NA,Other,NA,,NA,,S-ZO-BO,S-ZO-UN,S-ZF-UN,S-ZF-BR,B-ZG-UN,S-ZO-BR,S-ZG-BR,B-ZE-UN,B-ZG-UN,B-ZF-UN,B-ZO-BO,B-ZG-BR,B-ZG-BR,B-ZD-BO,S-ZF-BR,S-ZB-BO,B-ZB-BO,B-ZO-BR,S-ZE-BO,B-ZH-BR
401,2002.06.04 00:00,GBPJPY,60,86400,BUY,ZO,0,181.140,180.460,680.0,181.280,180.660,620.0,91.176,29.41,480.0,160.5,181.140,180.660,181.760,BOUNCE,2002.06.05 19:00,1,2002.06.06 00:00,0,,0,,1,5h,NewYork,NA,,NA,,179.980,UNTOUCHED,,0,,0,,0,,0,NA,Other,NA,,NA,,181.620,BOUNCE,2002.06.04 15:00,0,,0,,0,,0,NA,NewYork,NA,,NA,,180.180,UNTOUCHED,,0,,0,,0,,0,NA,Other,NA,,NA,,B-ZG-BR,S-ZO-BO,S-ZO-UN,S-ZF-UN,S-ZF-BR,B-ZG-UN,S-ZO-BR,S-ZG-BR,B-ZE-UN,B-ZG-UN,B-ZG-BR,B-ZG-BR,B-ZD-BO,S-ZF-BR,S-ZB-BO,B-ZB-BO,B-ZO-BR,S-ZE-BO,B-ZH-BR,B-ZF-BR
402,2002.06.06 00:00,GBPJPY,60,86400,BUY,ZG,0,181.720,180.300,1420.0,181.980,180.630,1350.0,95.070,23.24,1090.0,335.1,181.720,180.630,183.070,BREAK,2002.06.11 12:00,0,,0,,0,,0,NA,London,BREAK,2002.06.11 19:00,BREAK,2002.06.18 19:00,179.210,UNTOUCHED,,0,,0,,0,,0,NA,Other,NA,,NA,,182.810,BREAK,2002.06.11 10:00,0,,0,,0,,0,NA,London,BREAK,2002.06.11 16:00,BOUNCE,2002.06.13 17:00,179.540,UNTOUCHED,,0,,0,,0,,0,NA,Other,NA,,NA,,B-ZO-BO,B-ZG-BR,S-ZO-BO,S-ZO-UN,S-ZF-UN,S-ZF-BR,B-ZG-UN,S-ZO-BR,S-ZG-BR,B-ZE-UN,B-ZG-BR,B-ZD-BO,S-ZF-BR,S-ZB-BO,B-ZB-BO,B-ZO-BR,S-ZE-BO,B-ZH-BR,B-ZF-BR,S-ZF-BR
403,2002.06.07 00:00,GBPJPY,60,86400,BUY,ZG,0,181.980,180.630,1350.0,182.230,180.650,1580.0,117.037,1.48,1330.0,318.6,181.980,180.650,183.560,BREAK,2002.06.11 14:00,0,,0,,0,,0,NA,NewYork,BREAK,2002.06.12 11:00,UNTOUCHED,,179.300,UNTOUCHED,,0,,0,,0,,0,NA,Other,NA,,NA,,183.310,BREAK,2002.06.11 13:00,0,,0,,0,,0,NA,NewYork,BREAK,2002.06.12 07:00,UNTOUCHED,,179.320,UNTOUCHED,,0,,0,,0,,0,NA,Other,NA,,NA,,B-ZG-BR,B-ZO-BO,B-ZG-BR,S-ZO-BO,S-ZO-UN,S-ZF-UN,S-ZF-BR,B-ZG-UN,S-ZO-BR,S-ZG-BR,B-ZD-BO,S-ZF-BR,S-ZB-BO,B-ZB-BO,B-ZO-BR,S-ZE-BO,B-ZH-BR,B-ZF-BR,S-ZF-BR,S-ZG-BR
404,2002.06.12 00:00,GBPJPY,60,86400,BUY,ZD,1,182.310,181.380,930.0,184.680,181.820,2860.0,307.527,47.31,490.0,219.5,182.310,181.820,185.170,BOUNCE,2002.06.12 11:00,1,2002.06.13 17:00,1,2002.06.21 18:00,1,2002.07.11 12:00,3,4w 1d,London,NA,,NA,,180.890,BREAK,2002.07.11 12:00,0,,0,,0,,0,NA,London,BOUNCE,2002.08.14 07:00,NA,,182.800,BREAK,2002.06.12 00:00,0,,0,,0,,0,NA,Asia,BREAK,2002.06.12 01:00,BREAK,2002.06.12 02:00,181.330,BOUNCE,2002.06.21 18:00,1,2002.06.24 06:00,1,2002.06.24 06:00,0,,2,2d 12h,NewYork,NA,,NA,,B-ZG-BR,B-ZG-BR,B-ZO-BO,B-ZG-BR,S-ZO-BO,S-ZO-UN,S-ZF-UN,S-ZF-BR,B-ZG-UN,S-ZO-BR,S-ZF-BR,S-ZB-BO,B-ZB-BO,B-ZO-BR,S-ZE-BO,B-ZH-BR,B-ZF-BR,S-ZF-BR,S-ZG-BR,B-ZO-BR
405,2002.06.14 00:00,GBPJPY,60,86400,SELL,ZF,1,185.230,184.280,950.0,185.130,183.640,1490.0,156.842,10.53,850.0,224.2,185.130,184.280,182.790,BREAK,2002.06.21 15:00,0,,0,,0,,0,NA,NewYork,BREAK,2002.06.21 18:00,BREAK,2002.07.11 12:00,186.080,UNTOUCHED,,0,,0,,0,,0,NA,Other,NA,,NA,,183.430,BREAK,2002.06.14 12:00,0,,0,,0,,0,NA,London,BREAK,2002.06.21 15:00,BREAK,2002.06.21 18:00,185.980,UNTOUCHED,,0,,0,,0,,0,NA,Other,NA,,NA,,B-ZD-BO,B-ZG-BR,B-ZG-BR,B-ZO-BO,B-ZG-BR,S-ZO-BO,S-ZO-UN,S-ZF-UN,S-ZF-BR,B-ZG-UN,S-ZB-BO,B-ZB-BO,B-ZO-BR,S-ZE-BO,B-ZH-BR,B-ZF-BR,S-ZF-BR,S-ZG-BR,B-ZO-BR,S-ZG-BO
406,2002.06.15 00:00,GBPJPY,60,86400,SELL,ZB,1,185.130,183.640,1490.0,184.140,183.010,1130.0,75.839,66.44,500.0,351.6,184.140,183.640,182.510,BOUNCE,2002.06.21 15:00,1,2002.06.24 06:00,1,2002.07.25 22:00,1,2002.07.26 07:00,3,4w 6d,NewYork,NA,,NA,,185.630,BOUNCE,2002.06.18 19:00,1,2002.06.19 14:00,1,2002.06.21 14:00,1,2002.06.21 15:00,3,2d 20h,NewYork,NA,,NA,,183.140,BOUNCE,2002.06.17 10:00,1,2002.06.18 10:00,1,2002.06.18 19:00,0,,2,1d 9h,London,NA,,NA,,184.640,BREAK,2002.06.18 10:00,0,,0,,0,,0,NA,London,BREAK,2002.06.18 19:00,BOUNCE,2002.06.19 02:00,S-ZF-BR,B-ZD-BO,B-ZG-BR,B-ZG-BR,B-ZO-BO,B-ZG-BR,S-ZO-BO,S-ZO-UN,S-ZF-UN,S-ZF-BR,B-ZB-BO,B-ZO-BR,S-ZE-BO,B-ZH-BR,B-ZF-BR,S-ZF-BR,S-ZG-BR,B-ZO-BR,S-ZG-BO,S-ZG-BO
407,2002.06.19 00:00,GBPJPY,60,86400,BUY,ZB,1,184.170,183.080,1090.0,185.720,183.770,1950.0,178.899,63.30,400.0,257.2,184.170,183.770,186.120,BOUNCE,2002.07.26 08:00,1,2002.07.26 09:00,0,,0,,1,1h,London,NA,,NA,,182.680,BREAK,2002.06.21 15:00,0,,0,,0,,0,NA,NewYork,BREAK,2002.06.21 16:00,BREAK,2002.06.21 18:00,184.570,BREAK,2002.06.19 00:00,0,,0,,0,,0,NA,Asia,BREAK,2002.06.19 01:00,BREAK,2002.06.19 11:00,183.370,BOUNCE,2002.06.21 12:00,1,2002.07.25 21:00,1,2002.07.25 21:00,0,,2,4w 6d,London,NA,,NA,,S-ZB-BO,S-ZF-BR,B-ZD-BO,B-ZG-BR,B-ZG-BR,B-ZO-BO,B-ZG-BR,S-ZO-BO,S-ZO-UN,S-ZF-UN,B-ZO-BR,S-ZE-BO,B-ZH-BR,B-ZF-BR,S-ZF-BR,S-ZG-BR,B-ZO-BR,S-ZG-BO,S-ZG-BO,B-ZE-BO
408,2002.06.20 00:00,GBPJPY,60,86400,BUY,ZO,0,185.720,183.770,1950.0,185.740,184.280,1460.0,74.872,26.15,1440.0,460.2,185.720,184.280,187.180,BREAK,2002.07.29 12:00,0,,0,,0,,0,NA,London,BREAK,2002.07.30 22:00,UNTOUCHED,,182.330,BREAK,2002.06.21 15:00,0,,0,,0,,0,NA,NewYork,BOUNCE,2002.07.15 19:00,NA,,187.160,BREAK,2002.07.29 12:00,0,,0,,0,,0,NA,London,BREAK,2002.07.30 22:00,UNTOUCHED,,182.840,BREAK,2002.06.21 15:00,0,,0,,0,,0,NA,NewYork,BOUNCE,2002.06.24 06:00,NA,,B-ZB-BO,S-ZB-BO,S-ZF-BR,B-ZD-BO,B-ZG-BR,B-ZG-BR,B-ZO-BO,B-ZG-BR,S-ZO-BO,S-ZO-UN,S-ZE-BO,B-ZH-BR,B-ZF-BR,S-ZF-BR,S-ZG-BR,B-ZO-BR,S-ZG-BO,S-ZG-BO,B-ZE-BO,B-ZF-BR
409,2002.06.21 00:00,GBPJPY,60,86400,SELL,ZE,1,185.740,184.280,1460.0,185.180,184.250,930.0,63.699,38.36,900.0,344.6,185.180,184.280,183.350,BOUNCE,2002.06.21 12:00,1,2002.07.26 04:00,1,2002.07.26 08:00,1,2002.07.26 17:00,3,5w 0d,London,NA,,NA,,186.640,BOUNCE,2002.07.26 17:00,0,,0,,0,,0,NA,NewYork,NA,,NA,,183.380,BOUNCE,2002.06.21 12:00,1,2002.07.26 08:00,1,2002.07.26 17:00,0,,2,5w 0d,London,NA,,NA,,186.080,BOUNCE,2002.07.26 08:00,0,,0,,0,,0,NA,London,NA,,NA,,B-ZO-BR,B-ZB-BO,S-ZB-BO,S-ZF-BR,B-ZD-BO,B-ZG-BR,B-ZG-BR,B-ZO-BO,B-ZG-BR,S-ZO-BO,B-ZH-BR,B-ZF-BR,S-ZF-BR,S-ZG-BR,B-ZO-BR,S-ZG-BO,S-ZG-BO,B-ZE-BO,B-ZF-BR,B-ZE-BR
410,2002.06.25 00:00,GBPJPY,60,86400,BUY,ZH,1,182.090,181.320,770.0,183.930,181.360,2570.0,333.766,5.19,730.0,181.7,182.090,181.360,184.660,BREAK,2002.07.25 22:00,0,,0,,0,,0,NA,Other,BREAK,2002.07.26 06:00,BREAK,2002.07.26 08:00,180.590,BOUNCE,2002.07.11 17:00,1,2002.07.15 19:00,1,2002.07.15 22:00,1,2002.07.25 22:00,3,2w 0d,NewYork,NA,,NA,,182.820,BREAK,2002.06.25 00:00,0,,0,,0,,0,NA,Asia,BOUNCE,2002.06.26 04:00,NA,,180.630,BOUNCE,2002.07.11 12:00,1,2002.07.15 22:00,1,2002.07.15 22:00,0,,2,4d 10h,London,NA,,NA,,S-ZE-BO,B-ZO-BR,B-ZB-BO,S-ZB-BO,S-ZF-BR,B-ZD-BO,B-ZG-BR,B-ZG-BR,B-ZO-BO,B-ZG-BR,B-ZF-BR,S-ZF-BR,S-ZG-BR,B-ZO-BR,S-ZG-BO,S-ZG-BO,B-ZE-BO,B-ZF-BR,B-ZE-BR,S-ZG-BR
411,2002.07.03 00:00,GBPJPY,60,86400,BUY,ZF,0,184.100,182.870,1230.0,184.380,183.110,1270.0,103.252,19.51,990.0,290.3,184.100,183.110,185.370,BREAK,2002.07.26 05:00,0,,0,,0,,0,NA,Asia,BOUNCE,2002.07.26 15:00,NA,,181.880,BOUNCE,2002.07.08 10:00,1,2002.07.18 18:00,1,2002.07.26 04:00,1,2002.07.26 05:00,3,2w 3d,London,NA,,NA,,185.090,BREAK,2002.07.26 04:00,0,,0,,0,,0,NA,Asia,BOUNCE,2002.07.26 11:00,NA,,182.120,BOUNCE,2002.07.05 15:00,1,2002.07.26 04:00,1,2002.07.26 04:00,0,,2,2w 6d,NewYork,NA,,NA,,B-ZH-BR,S-ZE-BO,B-ZO-BR,B-ZB-BO,S-ZB-BO,S-ZF-BR,B-ZD-BO,B-ZG-BR,B-ZG-BR,B-ZO-BO,S-ZF-BR,S-ZG-BR,B-ZO-BR,S-ZG-BO,S-ZG-BO,B-ZE-BO,B-ZF-BR,B-ZE-BR,S-ZG-BR,B-ZF-BR
412,2002.07.04 00:00,GBPJPY,60,86400,SELL,ZF,0,184.380,183.110,1270.0,184.250,182.480,1770.0,139.370,10.24,1140.0,299.7,184.250,183.110,181.340,BREAK,2002.07.11 11:00,0,,0,,0,,0,NA,London,BREAK,2002.08.14 10:00,UNTOUCHED,,185.520,BREAK,2002.07.26 05:00,0,,0,,0,,0,NA,Asia,BOUNCE,2002.07.26 18:00,NA,,181.970,BOUNCE,2002.07.05 16:00,1,2002.07.26 05:00,1,2002.07.26 05:00,0,,2,2w 6d,NewYork,NA,,NA,,185.390,BREAK,2002.07.26 05:00,0,,0,,0,,0,NA,Asia,BREAK,2002.07.29 09:00,BOUNCE,2002.07.30 12:00,B-ZF-BR,B-ZH-BR,S-ZE-BO,B-ZO-BR,B-ZB-BO,S-ZB-BO,S-ZF-BR,B-ZD-BO,B-ZG-BR,B-ZG-BR,S-ZG-BR,B-ZO-BR,S-ZG-BO,S-ZG-BO,B-ZE-BO,B-ZF-BR,B-ZE-BR,S-ZG-BR,B-ZF-BR,B-ZD-BO
413,2002.07.06 00:00,GBPJPY,60,86400,SELL,ZG,1,183.860,182.790,1070.0,183.520,181.900,1620.0,151.402,31.78,730.0,252.5,183.520,182.790,181.170,BREAK,2002.07.11 11:00,0,,0,,0,,0,NA,London,BREAK,2002.08.14 08:00,BREAK,2002.08.14 15:00,184.590,BREAK,2002.07.25 21:00,0,,0,,0,,0,NA,Other,BREAK,2002.07.26 06:00,BREAK,2002.07.26 08:00,182.060,BREAK,2002.07.08 10:00,0,,0,,0,,0,NA,London,BREAK,2002.07.11 12:00,BOUNCE,2002.07.11 18:00,184.250,BOUNCE,2002.07.23 07:00,1,2002.08.12 12:00,1,2002.08.12 12:00,0,,2,2w 6d,London,NA,,NA,,S-ZF-BR,B-ZF-BR,B-ZH-BR,S-ZE-BO,B-ZO-BR,B-ZB-BO,S-ZB-BO,S-ZF-BR,B-ZD-BO,B-ZG-BR,B-ZO-BR,S-ZG-BO,S-ZG-BO,B-ZE-BO,B-ZF-BR,B-ZE-BR,S-ZG-BR,B-ZF-BR,B-ZD-BO,B-ZH-UN
414,2002.07.10 00:00,GBPJPY,60,86400,BUY,ZO,0,183.170,181.590,1580.0,183.370,182.040,1330.0,84.177,28.48,1130.0,372.9,183.170,182.040,184.500,BREAK,2002.07.25 19:00,0,,0,,0,,0,NA,NewYork,BREAK,2002.07.26 07:00,BOUNCE,2002.07.26 18:00,180.460,BOUNCE,2002.07.15 12:00,1,2002.07.15 20:00,1,2002.07.23 12:00,1,2002.07.25 19:00,3,1w 3d,London,NA,,NA,,184.300,BOUNCE,2002.07.23 12:00,1,2002.08.14 06:00,1,2002.08.14 07:00,0,,2,3w 0d,London,NA,,NA,,180.910,BREAK,2002.07.11 12:00,0,,0,,0,,0,NA,London,BREAK,2002.08.14 15:00,UNTOUCHED,,S-ZG-BR,S-ZF-BR,B-ZF-BR,B-ZH-BR,S-ZE-BO,B-ZO-BR,B-ZB-BO,S-ZB-BO,S-ZF-BR,B-ZD-BO,S-ZG-BO,S-ZG-BO,B-ZE-BO,B-ZF-BR,B-ZE-BR,S-ZG-BR,B-ZF-BR,B-ZD-BO,B-ZH-UN,S-ZB-BO
415,2002.07.11 00:00,GBPJPY,60,86400,SELL,ZG,0,183.370,182.040,1330.0,183.120,181.730,1390.0,104.511,18.80,1080.0,313.9,183.120,182.040,180.650,BOUNCE,2002.07.11 12:00,1,2002.07.15 22:00,1,2002.07.23 07:00,1,2002.07.25 19:00,3,2w 0d,London,NA,,NA,,184.450,BREAK,2002.07.25 19:00,0,,0,,0,,0,NA,NewYork,BREAK,2002.07.26 07:00,BOUNCE,2002.07.26 18:00,180.960,BREAK,2002.07.11 12:00,0,,0,,0,,0,NA,London,BREAK,2002.08.14 15:00,UNTOUCHED,,184.200,BOUNCE,2002.07.23 07:00,1,2002.08.14 06:00,1,2002.08.14 06:00,0,,2,3w 0d,London,NA,,NA,,B-ZO-BR,S-ZG-BR,S-ZF-BR,B-ZF-BR,B-ZH-BR,S-ZE-BO,B-ZO-BR,B-ZB-BO,S-ZB-BO,S-ZF-BR,S-ZG-BO,B-ZE-BO,B-ZF-BR,B-ZE-BR,S-ZG-BR,B-ZF-BR,B-ZD-BO,B-ZH-UN,S-ZB-BO,S-ZF-BO
416,2002.07.12 00:00,GBPJPY,60,86400,SELL,ZG,1,183.120,181.730,1390.0,182.710,180.540,2170.0,156.115,29.50,980.0,328.0,182.710,181.730,179.560,BOUNCE,2002.08.14 15:00,1,2002.08.19 04:00,0,,0,,1,4d 13h,NewYork,NA,,NA,,184.100,BOUNCE,2002.07.23 07:00,1,2002.08.12 12:00,1,2002.08.14 06:00,1,2002.08.14 15:00,3,3w 1d,London,NA,,NA,,180.750,BOUNCE,2002.07.12 16:00,1,2002.07.18 18:00,1,2002.07.23 07:00,0,,2,1w 3d,NewYork,NA,,NA,,183.690,BOUNCE,2002.07.18 18:00,1,2002.08.14 06:00,1,2002.08.14 06:00,0,,2,3w 5d,NewYork,NA,,NA,,S-ZG-BO,B-ZO-BR,S-ZG-BR,S-ZF-BR,B-ZF-BR,B-ZH-BR,S-ZE-BO,B-ZO-BR,B-ZB-BO,S-ZB-BO,B-ZE-BO,B-ZF-BR,B-ZE-BR,S-ZG-BR,B-ZF-BR,B-ZD-BO,B-ZH-UN,S-ZB-BO,S-ZF-BO,S-ZD-BR
417,2002.07.17 00:00,GBPJPY,60,86400,BUY,ZE,1,182.910,180.440,2470.0,183.030,181.530,1500.0,60.729,44.13,1380.0,582.9,182.910,181.530,184.410,BOUNCE,2002.07.23 12:00,1,2002.08.13 03:00,1,2002.08.14 08:00,0,,2,3w 0d,London,NA,,NA,,179.060,UNTOUCHED,,0,,0,,0,,0,NA,Other,NA,,NA,,184.290,BOUNCE,2002.07.23 07:00,1,2002.08.14 08:00,0,,0,,1,3w 1d,London,NA,,NA,,180.150,BREAK,2002.08.14 08:00,0,,0,,0,,0,NA,London,UNTOUCHED,,NA,,S-ZG-BO,S-ZG-BO,B-ZO-BR,S-ZG-BR,S-ZF-BR,B-ZF-BR,B-ZH-BR,S-ZE-BO,B-ZO-BR,B-ZB-BO,B-ZF-BR,B-ZE-BR,S-ZG-BR,B-ZF-BR,B-ZD-BO,B-ZH-UN,S-ZB-BO,S-ZF-BO,S-ZD-BR,S-ZC-BR
418,2002.07.19 00:00,GBPJPY,60,86400,BUY,ZF,1,182.970,182.000,970.0,183.960,182.360,1600.0,164.948,37.11,610.0,228.9,182.970,182.360,184.570,BREAK,2002.07.25 21:00,0,,0,,0,,0,NA,Other,BOUNCE,2002.07.26 04:00,NA,,181.390,BREAK,2002.08.14 06:00,0,,0,,0,,0,NA,Asia,BREAK,2002.08.14 07:00,BREAK,2002.08.14 10:00,183.580,BOUNCE,2002.07.19 04:00,1,2002.08.13 03:00,1,2002.08.14 06:00,0,,2,3w 5d,Asia,NA,,NA,,181.750,BOUNCE,2002.08.13 03:00,0,,0,,0,,0,NA,Asia,NA,,NA,,B-ZE-BO,S-ZG-BO,S-ZG-BO,B-ZO-BR,S-ZG-BR,S-ZF-BR,B-ZF-BR,B-ZH-BR,S-ZE-BO,B-ZO-BR,B-ZE-BR,S-ZG-BR,B-ZF-BR,B-ZD-BO,B-ZH-UN,S-ZB-BO,S-ZF-BO,S-ZD-BR,S-ZC-BR,S-ZE-BR
419,2002.07.24 00:00,GBPJPY,60,86400,BUY,ZE,1,183.940,182.420,1520.0,184.420,183.010,1410.0,92.763,38.82,930.0,358.7,183.940,183.010,185.350,BREAK,2002.07.26 05:00,0,,0,,0,,0,NA,Asia,BOUNCE,2002.07.26 09:00,NA,,181.490,BREAK,2002.08.14 05:00,0,,0,,0,,0,NA,Asia,BREAK,2002.08.14 08:00,BOUNCE,2002.08.14 21:00,184.870,BREAK,2002.07.26 00:00,0,,0,,0,,0,NA,Asia,BREAK,2002.07.26 08:00,BOUNCE,2002.07.26 18:00,182.080,BREAK,2002.08.12 12:00,0,,0,,0,,0,NA,London,BREAK,2002.08.14 06:00,BREAK,2002.08.14 10:00,B-ZF-BR,B-ZE-BO,S-ZG-BO,S-ZG-BO,B-ZO-BR,S-ZG-BR,S-ZF-BR,B-ZF-BR,B-ZH-BR,S-ZE-BO,S-ZG-BR,B-ZF-BR,B-ZD-BO,B-ZH-UN,S-ZB-BO,S-ZF-BO,S-ZD-BR,S-ZC-BR,S-ZE-BR,S-ZB-UN
420,2002.07.25 00:00,GBPJPY,60,86400,SELL,ZG,0,184.420,183.010,1410.0,184.010,182.530,1480.0,104.965,29.08,1000.0,332.8,184.010,183.010,181.530,BREAK,2002.08.14 05:00,0,,0,,0,,0,NA,Asia,BREAK,2002.08.14 08:00,BOUNCE,2002.08.14 21:00,185.420,BREAK,2002.07.26 05:00,0,,0,,0,,0,NA,Asia,BOUNCE,2002.07.26 15:00,NA,,182.010,BREAK,2002.08.12 12:00,0,,0,,0,,0,NA,London,BREAK,2002.08.14 07:00,BREAK,2002.08.14 15:00,185.010,BREAK,2002.07.26 04:00,0,,0,,0,,0,NA,Asia,BOUNCE,2002.07.26 13:00,NA,,B-ZE-BR,B-ZF-BR,B-ZE-BO,S-ZG-BO,S-ZG-BO,B-ZO-BR,S-ZG-BR,S-ZF-BR,B-ZF-BR,B-ZH-BR,B-ZF-BR,B-ZD-BO,B-ZH-UN,S-ZB-BO,S-ZF-BO,S-ZD-BR,S-ZC-BR,S-ZE-BR,S-ZB-UN,S-ZC-UN
421,2002.07.26 00:00,GBPJPY,60,86400,BUY,ZF,1,184.010,182.530,1480.0,184.730,182.950,1780.0,120.270,28.38,1060.0,349.3,184.010,182.950,185.790,BREAK,2002.07.26 07:00,0,,0,,0,,0,NA,London,BREAK,2002.07.29 12:00,BOUNCE,2002.07.30 11:00,181.470,BREAK,2002.08.14 05:00,0,,0,,0,,0,NA,Asia,BREAK,2002.08.14 08:00,BOUNCE,2002.08.14 21:00,185.070,BREAK,2002.07.26 04:00,0,,0,,0,,0,NA,Asia,BOUNCE,2002.07.26 11:00,NA,,181.890,BREAK,2002.08.12 12:00,0,,0,,0,,0,NA,London,BREAK,2002.08.14 07:00,BREAK,2002.08.14 15:00,S-ZG-BR,B-ZE-BR,B-ZF-BR,B-ZE-BO,S-ZG-BO,S-ZG-BO,B-ZO-BR,S-ZG-BR,S-ZF-BR,B-ZF-BR,B-ZD-BO,B-ZH-UN,S-ZB-BO,S-ZF-BO,S-ZD-BR,S-ZC-BR,S-ZE-BR,S-ZB-UN,S-ZC-UN,B-ZB-BO
422,2002.07.27 00:00,GBPJPY,60,86400,BUY,ZD,1,184.730,182.950,1780.0,186.780,184.260,2520.0,141.573,73.60,470.0,420.1,184.730,184.260,187.250,BOUNCE,2002.07.29 12:00,1,2002.08.01 10:00,1,2002.08.09 15:00,1,2002.08.12 02:00,3,1w 6d,London,NA,,NA,,182.480,BOUNCE,2002.08.12 02:00,1,2002.08.12 08:00,1,2002.09.05 15:00,0,,2,3w 3d,Asia,NA,,NA,,185.200,BREAK,2002.07.27 00:00,0,,0,,0,,0,NA,Asia,BREAK,2002.07.29 01:00,BREAK,2002.07.29 04:00,183.790,BOUNCE,2002.08.09 15:00,1,2002.09.05 15:00,1,2002.09.05 15:00,0,,2,3w 6d,NewYork,NA,,NA,,B-ZF-BR,S-ZG-BR,B-ZE-BR,B-ZF-BR,B-ZE-BO,S-ZG-BO,S-ZG-BO,B-ZO-BR,S-ZG-BR,S-ZF-BR,B-ZH-UN,S-ZB-BO,S-ZF-BO,S-ZD-BR,S-ZC-BR,S-ZE-BR,S-ZB-UN,S-ZC-UN,B-ZB-BO,S-ZG-UN
423,2002.07.31 00:00,GBPJPY,60,86400,BUY,ZH,1,187.520,185.690,1830.0,189.290,186.360,2930.0,160.109,36.61,1160.0,431.9,187.520,186.360,190.450,UNTOUCHED,,0,,0,,0,,0,NA,Other,NA,,NA,,184.530,BOUNCE,2002.08.08 13:00,0,,0,,0,,0,NA,NewYork,NA,,NA,,188.680,BREAK,2002.07.31 00:00,0,,0,,0,,0,NA,Asia,UNTOUCHED,,NA,,185.200,BREAK,2002.08.07 14:00,0,,0,,0,,0,NA,NewYork,BREAK,2002.08.09 16:00,BREAK,2002.08.12 02:00,B-ZD-BO,B-ZF-BR,S-ZG-BR,B-ZE-BR,B-ZF-BR,B-ZE-BO,S-ZG-BO,S-ZG-BO,B-ZO-BR,S-ZG-BR,S-ZB-BO,S-ZF-BO,S-ZD-BR,S-ZC-BR,S-ZE-BR,S-ZB-UN,S-ZC-UN,B-ZB-BO,S-ZG-UN,B-ZD-BO
424,2002.08.02 00:00,GBPJPY,60,86400,SELL,ZB,1,189.290,186.840,2450.0,187.640,185.370,2270.0,92.653,67.35,800.0,578.2,187.640,186.840,184.570,BOUNCE,2002.08.08 13:00,1,2002.09.10 18:00,0,,0,,1,4w 5d,NewYork,NA,,NA,,190.090,UNTOUCHED,,0,,0,,0,,0,NA,Other,NA,,NA,,186.040,BOUNCE,2002.08.02 00:00,0,,0,,0,,0,NA,Asia,NA,,NA,,188.440,UNTOUCHED,,0,,0,,0,,0,NA,Other,NA,,NA,,B-ZH-UN,B-ZD-BO,B-ZF-BR,S-ZG-BR,B-ZE-BR,B-ZF-BR,B-ZE-BO,S-ZG-BO,S-ZG-BO,B-ZO-BR,S-ZF-BO,S-ZD-BR,S-ZC-BR,S-ZE-BR,S-ZB-UN,S-ZC-UN,B-ZB-BO,S-ZG-UN,B-ZD-BO,B-ZE-BR
425,2002.08.07 00:00,GBPJPY,60,86400,SELL,ZF,0,187.360,185.770,1590.0,187.030,185.730,1300.0,81.761,20.75,1260.0,375.2,187.030,185.770,184.470,BOUNCE,2002.08.08 13:00,1,2002.09.11 16:00,1,2002.09.13 16:00,1,2002.09.13 17:00,3,5w 1d,NewYork,NA,,NA,,188.620,BREAK,2002.09.13 17:00,0,,0,,0,,0,NA,NewYork,BOUNCE,2002.09.16 13:00,NA,,184.510,BOUNCE,2002.08.08 13:00,1,2002.09.13 16:00,1,2002.09.13 17:00,0,,2,5w 1d,NewYork,NA,,NA,,188.290,BREAK,2002.09.13 16:00,0,,0,,0,,0,NA,NewYork,BREAK,2002.09.13 19:00,BREAK,2002.09.20 10:00,S-ZB-BO,B-ZH-UN,B-ZD-BO,B-ZF-BR,S-ZG-BR,B-ZE-BR,B-ZF-BR,B-ZE-BO,S-ZG-BO,S-ZG-BO,S-ZD-BR,S-ZC-BR,S-ZE-BR,S-ZB-UN,S-ZC-UN,B-ZB-BO,S-ZG-UN,B-ZD-BO,B-ZE-BR,S-ZO-BR
426,2002.08.08 00:00,GBPJPY,60,86400,SELL,ZD,1,187.030,185.730,1300.0,186.390,184.590,1800.0,138.462,49.23,660.0,306.8,186.390,185.730,183.930,BREAK,2002.08.09 15:00,0,,0,,0,,0,NA,NewYork,BREAK,2002.08.09 17:00,BREAK,2002.08.12 02:00,187.690,BOUNCE,2002.09.12 18:00,0,,0,,0,,0,NA,NewYork,NA,,NA,,185.070,BREAK,2002.08.08 00:00,0,,0,,0,,0,NA,Asia,BOUNCE,2002.08.08 18:00,NA,,187.050,BREAK,2002.09.11 16:00,0,,0,,0,,0,NA,NewYork,BOUNCE,2002.09.13 02:00,NA,,S-ZF-BO,S-ZB-BO,B-ZH-UN,B-ZD-BO,B-ZF-BR,S-ZG-BR,B-ZE-BR,B-ZF-BR,B-ZE-BO,S-ZG-BO,S-ZC-BR,S-ZE-BR,S-ZB-UN,S-ZC-UN,B-ZB-BO,S-ZG-UN,B-ZD-BO,B-ZE-BR,S-ZO-BR,B-ZH-BR
427,2002.08.09 00:00,GBPJPY,60,86400,SELL,ZC,1,186.390,184.590,1800.0,185.380,184.250,1130.0,62.778,56.11,790.0,424.8,185.380,184.590,183.460,BREAK,2002.08.09 16:00,0,,0,,0,,0,NA,NewYork,BOUNCE,2002.08.12 08:00,NA,,187.180,BREAK,2002.09.12 08:00,0,,0,,0,,0,NA,London,BREAK,2002.09.13 16:00,BREAK,2002.09.13 18:00,183.800,BREAK,2002.08.09 15:00,0,,0,,0,,0,NA,NewYork,BREAK,2002.08.12 02:00,BREAK,2002.08.12 13:00,186.170,BREAK,2002.09.10 18:00,0,,0,,0,,0,NA,NewYork,BREAK,2002.09.12 17:00,BREAK,2002.09.13 16:00,S-ZD-BR,S-ZF-BO,S-ZB-BO,B-ZH-UN,B-ZD-BO,B-ZF-BR,S-ZG-BR,B-ZE-BR,B-ZF-BR,B-ZE-BO,S-ZE-BR,S-ZB-UN,S-ZC-UN,B-ZB-BO,S-ZG-UN,B-ZD-BO,B-ZE-BR,S-ZO-BR,B-ZH-BR,B-ZB-BR
428,2002.08.14 00:00,GBPJPY,60,86400,SELL,ZE,1,183.650,181.770,1880.0,182.650,181.570,1080.0,57.447,53.19,880.0,443.7,182.650,181.770,180.690,BREAK,2002.08.14 06:00,0,,0,,0,,0,NA,Asia,BOUNCE,2002.08.14 12:00,NA,,184.530,BREAK,2002.09.04 17:00,0,,0,,0,,0,NA,NewYork,BREAK,2002.09.06 04:00,BREAK,2002.09.10 19:00,180.890,BREAK,2002.08.14 06:00,0,,0,,0,,0,NA,Asia,BOUNCE,2002.08.14 13:00,NA,,183.530,BREAK,2002.08.30 14:00,0,,0,,0,,0,NA,NewYork,BREAK,2002.09.05 04:00,BREAK,2002.09.05 17:00,S-ZC-BR,S-ZD-BR,S-ZF-BO,S-ZB-BO,B-ZH-UN,B-ZD-BO,B-ZF-BR,S-ZG-BR,B-ZE-BR,B-ZF-BR,S-ZB-UN,S-ZC-UN,B-ZB-BO,S-ZG-UN,B-ZD-BO,B-ZE-BR,S-ZO-BR,B-ZH-BR,B-ZB-BR,S-ZE-UN
429,2002.08.15 00:00,GBPJPY,60,86400,SELL,ZB,1,182.650,181.570,1080.0,182.140,179.310,2830.0,262.037,47.22,570.0,254.9,182.140,181.570,178.740,UNTOUCHED,,0,,0,,0,,0,NA,Other,NA,,NA,,183.220,BOUNCE,2002.08.29 18:00,0,,0,,0,,0,NA,NewYork,NA,,NA,,181.000,BREAK,2002.08.15 00:00,0,,0,,0,,0,NA,Asia,BREAK,2002.08.15 01:00,BOUNCE,2002.08.15 04:00,182.710,BREAK,2002.08.29 17:00,0,,0,,0,,0,NA,NewYork,BOUNCE,2002.08.29 18:00,NA,,S-ZE-BR,S-ZC-BR,S-ZD-BR,S-ZF-BO,S-ZB-BO,B-ZH-UN,B-ZD-BO,B-ZF-BR,S-ZG-BR,B-ZE-BR,S-ZC-UN,B-ZB-BO,S-ZG-UN,B-ZD-BO,B-ZE-BR,S-ZO-BR,B-ZH-BR,B-ZB-BR,S-ZE-UN,B-ZD-BR
430,2002.08.16 00:00,GBPJPY,60,86400,SELL,ZC,1,182.140,179.310,2830.0,180.810,179.170,1640.0,57.951,47.00,1500.0,667.9,180.810,179.310,177.670,UNTOUCHED,,0,,0,,0,,0,NA,Other,NA,,NA,,183.640,BREAK,2002.08.30 17:00,0,,0,,0,,0,NA,NewYork,BREAK,2002.09.06 04:00,BREAK,2002.09.12 16:00,177.810,UNTOUCHED,,0,,0,,0,,0,NA,Other,NA,,NA,,182.310,BOUNCE,2002.08.19 12:00,0,,0,,0,,0,NA,London,NA,,NA,,S-ZB-UN,S-ZE-BR,S-ZC-BR,S-ZD-BR,S-ZF-BO,S-ZB-BO,B-ZH-UN,B-ZD-BO,B-ZF-BR,S-ZG-BR,B-ZB-BO,S-ZG-UN,B-ZD-BO,B-ZE-BR,S-ZO-BR,B-ZH-BR,B-ZB-BR,S-ZE-UN,B-ZD-BR,B-ZO-BR
431,2002.08.17 00:00,GBPJPY,60,86400,BUY,ZB,1,180.810,179.170,1640.0,181.350,179.800,1550.0,94.512,38.41,1010.0,387.0,180.810,179.800,182.360,BOUNCE,2002.08.19 12:00,1,2002.08.21 12:00,0,,0,,1,2d 0h,London,NA,,NA,,178.160,UNTOUCHED,,0,,0,,0,,0,NA,Other,NA,,NA,,181.820,BREAK,2002.08.19 05:00,0,,0,,0,,0,NA,Asia,BREAK,2002.08.29 18:00,BOUNCE,2002.09.02 18:00,178.790,UNTOUCHED,,0,,0,,0,,0,NA,Other,NA,,NA,,S-ZC-UN,S-ZB-UN,S-ZE-BR,S-ZC-BR,S-ZD-BR,S-ZF-BO,S-ZB-BO,B-ZH-UN,B-ZD-BO,B-ZF-BR,S-ZG-UN,B-ZD-BO,B-ZE-BR,S-ZO-BR,B-ZH-BR,B-ZB-BR,S-ZE-UN,B-ZD-BR,B-ZO-BR,B-ZF-BR
432,2002.08.22 00:00,GBPJPY,60,86400,SELL,ZG,0,182.240,180.810,1430.0,181.790,180.330,1460.0,102.098,31.47,980.0,337.5,181.790,180.810,179.350,UNTOUCHED,,0,,0,,0,,0,NA,Other,NA,,NA,,183.220,BOUNCE,2002.08.29 18:00,0,,0,,0,,0,NA,NewYork,NA,,NA,,179.830,UNTOUCHED,,0,,0,,0,,0,NA,Other,NA,,NA,,182.770,BREAK,2002.08.29 17:00,0,,0,,0,,0,NA,NewYork,BREAK,2002.08.30 20:00,BREAK,2002.09.05 15:00,B-ZB-BO,S-ZC-UN,S-ZB-UN,S-ZE-BR,S-ZC-BR,S-ZD-BR,S-ZF-BO,S-ZB-BO,B-ZH-UN,B-ZD-BO,B-ZD-BO,B-ZE-BR,S-ZO-BR,B-ZH-BR,B-ZB-BR,S-ZE-UN,B-ZD-BR,B-ZO-BR,B-ZF-BR,B-ZB-BR
433,2002.08.23 00:00,GBPJPY,60,86400,BUY,ZD,1,181.790,180.330,1460.0,182.590,181.050,1540.0,105.479,49.32,740.0,344.6,181.790,181.050,183.330,BOUNCE,2002.08.29 18:00,0,,0,,0,,0,NA,NewYork,NA,,NA,,179.590,UNTOUCHED,,0,,0,,0,,0,NA,Other,NA,,NA,,182.530,BOUNCE,2002.08.23 00:00,1,2002.08.27 15:00,0,,0,,1,4d 15h,Asia,NA,,NA,,180.310,BOUNCE,2002.08.27 15:00,1,2002.08.29 02:00,1,2002.08.29 02:00,0,,2,1d 11h,NewYork,NA,,NA,,S-ZG-UN,B-ZB-BO,S-ZC-UN,S-ZB-UN,S-ZE-BR,S-ZC-BR,S-ZD-BR,S-ZF-BO,S-ZB-BO,B-ZH-UN,B-ZE-BR,S-ZO-BR,B-ZH-BR,B-ZB-BR,S-ZE-UN,B-ZD-BR,B-ZO-BR,B-ZF-BR,B-ZB-BR,B-ZH-BR
434,2002.08.24 00:00,GBPJPY,60,86400,BUY,ZE,1,182.590,181.050,1540.0,182.700,181.680,1020.0,66.234,40.91,910.0,363.4,182.590,181.680,183.610,BREAK,2002.08.30 17:00,0,,0,,0,,0,NA,NewYork,BREAK,2002.09.05 05:00,BREAK,2002.09.06 03:00,180.140,UNTOUCHED,,0,,0,,0,,0,NA,Other,NA,,NA,,183.500,BREAK,2002.08.30 14:00,0,,0,,0,,0,NA,NewYork,BREAK,2002.09.04 21:00,BREAK,2002.09.05 17:00,180.770,BREAK,2002.08.27 13:00,0,,0,,0,,0,NA,NewYork,UNTOUCHED,,NA,,B-ZD-BO,S-ZG-UN,B-ZB-BO,S-ZC-UN,S-ZB-UN,S-ZE-BR,S-ZC-BR,S-ZD-BR,S-ZF-BO,S-ZB-BO,S-ZO-BR,B-ZH-BR,B-ZB-BR,S-ZE-UN,B-ZD-BR,B-ZO-BR,B-ZF-BR,B-ZB-BR,B-ZH-BR,S-ZH-BO
435,2002.08.27 00:00,GBPJPY,60,86400,SELL,ZO,0,182.460,181.800,660.0,182.360,181.690,670.0,101.515,15.15,560.0,155.8,182.360,181.800,181.130,BREAK,2002.08.27 12:00,0,,0,,0,,0,NA,London,BREAK,2002.08.27 15:00,UNTOUCHED,,183.020,BOUNCE,2002.08.29 17:00,0,,0,,0,,0,NA,NewYork,NA,,NA,,181.240,BREAK,2002.08.27 11:00,0,,0,,0,,0,NA,London,BREAK,2002.08.27 14:00,UNTOUCHED,,182.920,BREAK,2002.08.29 17:00,0,,0,,0,,0,NA,NewYork,BREAK,2002.08.30 17:00,BOUNCE,2002.08.30 22:00,B-ZE-BR,B-ZD-BO,S-ZG-UN,B-ZB-BO,S-ZC-UN,S-ZB-UN,S-ZE-BR,S-ZC-BR,S-ZD-BR,S-ZF-BO,B-ZH-BR,B-ZB-BR,S-ZE-UN,B-ZD-BR,B-ZO-BR,B-ZF-BR,B-ZB-BR,B-ZH-BR,S-ZH-BO,B-ZE-BR
436,2002.08.30 00:00,GBPJPY,60,86400,BUY,ZH,1,182.270,181.080,1190.0,183.340,181.100,2240.0,188.235,1.68,1170.0,280.8,182.270,181.100,184.510,BREAK,2002.09.04 17:00,0,,0,,0,,0,NA,NewYork,BOUNCE,2002.09.06 19:00,NA,,179.910,UNTOUCHED,,0,,0,,0,,0,NA,Other,NA,,NA,,183.440,BREAK,2002.08.30 11:00,0,,0,,0,,0,NA,London,BREAK,2002.09.05 06:00,BOUNCE,2002.09.06 19:00,179.930,UNTOUCHED,,0,,0,,0,,0,NA,Other,NA,,NA,,S-ZO-BR,B-ZE-BR,B-ZD-BO,S-ZG-UN,B-ZB-BO,S-ZC-UN,S-ZB-UN,S-ZE-BR,S-ZC-BR,S-ZD-BR,B-ZB-BR,S-ZE-UN,B-ZD-BR,B-ZO-BR,B-ZF-BR,B-ZB-BR,B-ZH-BR,S-ZH-BO,B-ZE-BR,B-ZB-BR
437,2002.08.31 00:00,GBPJPY,60,86400,BUY,ZB,1,183.340,181.100,2240.0,184.160,182.240,1920.0,85.714,50.89,1100.0,528.6,183.340,182.240,185.260,BREAK,2002.09.05 16:00,0,,0,,0,,0,NA,NewYork,BREAK,2002.09.11 16:00,BREAK,2002.09.13 15:00,180.000,UNTOUCHED,,0,,0,,0,,0,NA,Other,NA,,NA,,184.440,BREAK,2002.09.04 12:00,0,,0,,0,,0,NA,London,BOUNCE,2002.09.06 19:00,NA,,181.140,UNTOUCHED,,0,,0,,0,,0,NA,Other,NA,,NA,,B-ZH-BR,S-ZO-BR,B-ZE-BR,B-ZD-BO,S-ZG-UN,B-ZB-BO,S-ZC-UN,S-ZB-UN,S-ZE-BR,S-ZC-BR,S-ZE-UN,B-ZD-BR,B-ZO-BR,B-ZF-BR,B-ZB-BR,B-ZH-BR,S-ZH-BO,B-ZE-BR,B-ZB-BR,S-ZF-UN
438,2002.09.04 00:00,GBPJPY,60,86400,SELL,ZE,1,184.080,182.750,1330.0,183.340,182.350,990.0,74.436,55.64,590.0,313.9,183.340,182.750,181.760,UNTOUCHED,,0,,0,,0,,0,NA,Other,NA,,NA,,184.670,BREAK,2002.09.04 17:00,0,,0,,0,,0,NA,NewYork,BREAK,2002.09.05 17:00,BOUNCE,2002.09.06 06:00,182.160,UNTOUCHED,,0,,0,,0,,0,NA,Other,NA,,NA,,183.930,BOUNCE,2002.09.04 09:00,0,,0,,0,,0,NA,London,NA,,NA,,B-ZB-BR,B-ZH-BR,S-ZO-BR,B-ZE-BR,B-ZD-BO,S-ZG-UN,B-ZB-BO,S-ZC-UN,S-ZB-UN,S-ZE-BR,B-ZD-BR,B-ZO-BR,B-ZF-BR,B-ZB-BR,B-ZH-BR,S-ZH-BO,B-ZE-BR,B-ZB-BR,S-ZF-UN,B-ZB-BR
439,2002.09.06 00:00,GBPJPY,60,86400,BUY,ZD,1,184.810,183.040,1770.0,185.760,184.190,1570.0,88.701,64.97,620.0,417.7,184.810,184.190,186.380,BREAK,2002.09.10 19:00,0,,0,,0,,0,NA,NewYork,BREAK,2002.09.12 17:00,BOUNCE,2002.09.12 18:00,182.420,UNTOUCHED,,0,,0,,0,,0,NA,Other,NA,,NA,,185.430,BREAK,2002.09.06 03:00,0,,0,,0,,0,NA,Asia,BOUNCE,2002.09.10 17:00,NA,,183.570,UNTOUCHED,,0,,0,,0,,0,NA,Other,NA,,NA,,S-ZE-UN,B-ZB-BR,B-ZH-BR,S-ZO-BR,B-ZE-BR,B-ZD-BO,S-ZG-UN,B-ZB-BO,S-ZC-UN,S-ZB-UN,B-ZO-BR,B-ZF-BR,B-ZB-BR,B-ZH-BR,S-ZH-BO,B-ZE-BR,B-ZB-BR,S-ZF-UN,B-ZB-BR,B-ZG-BO
440,2002.09.07 00:00,GBPJPY,60,86400,BUY,ZO,0,185.760,184.190,1570.0,185.930,184.280,1650.0,105.096,5.73,1480.0,370.5,185.760,184.280,187.410,BREAK,2002.09.12 17:00,0,,0,,0,,0,NA,NewYork,BREAK,2002.09.13 18:00,BREAK,2002.09.20 08:00,182.710,UNTOUCHED,,0,,0,,0,,0,NA,Other,NA,,NA,,187.240,BREAK,2002.09.12 09:00,0,,0,,0,,0,NA,London,BREAK,2002.09.13 18:00,BREAK,2002.09.20 07:00,182.800,UNTOUCHED,,0,,0,,0,,0,NA,Other,NA,,NA,,B-ZD-BR,S-ZE-UN,B-ZB-BR,B-ZH-BR,S-ZO-BR,B-ZE-BR,B-ZD-BO,S-ZG-UN,B-ZB-BO,S-ZC-UN,B-ZF-BR,B-ZB-BR,B-ZH-BR,S-ZH-BO,B-ZE-BR,B-ZB-BR,S-ZF-UN,B-ZB-BR,B-ZG-BO,B-ZC-BR
441,2002.09.11 00:00,GBPJPY,60,86400,BUY,ZF,1,185.840,184.200,1640.0,186.860,184.540,2320.0,141.463,20.73,1300.0,387.0,185.840,184.540,188.160,BREAK,2002.09.13 16:00,0,,0,,0,,0,NA,NewYork,BREAK,2002.09.13 19:00,BREAK,2002.09.20 10:00,182.900,UNTOUCHED,,0,,0,,0,,0,NA,Other,NA,,NA,,187.140,BREAK,2002.09.12 08:00,0,,0,,0,,0,NA,London,BREAK,2002.09.13 17:00,BOUNCE,2002.09.16 13:00,183.240,UNTOUCHED,,0,,0,,0,,0,NA,Other,NA,,NA,,B-ZO-BR,B-ZD-BR,S-ZE-UN,B-ZB-BR,B-ZH-BR,S-ZO-BR,B-ZE-BR,B-ZD-BO,S-ZG-UN,B-ZB-BO,B-ZB-BR,B-ZH-BR,S-ZH-BO,B-ZE-BR,B-ZB-BR,S-ZF-UN,B-ZB-BR,B-ZG-BO,B-ZC-BR,S-ZO-BO
442,2002.09.12 00:00,GBPJPY,60,86400,BUY,ZB,1,186.860,184.540,2320.0,187.080,186.080,1000.0,43.103,66.38,780.0,547.5,186.860,186.080,187.860,BREAK,2002.09.13 15:00,0,,0,,0,,0,NA,NewYork,BREAK,2002.09.13 18:00,BREAK,2002.09.13 19:00,183.760,UNTOUCHED,,0,,0,,0,,0,NA,Other,NA,,NA,,187.640,BOUNCE,2002.09.12 18:00,0,,0,,0,,0,NA,NewYork,NA,,NA,,185.300,UNTOUCHED,,0,,0,,0,,0,NA,Other,NA,,NA,,B-ZF-BR,B-ZO-BR,B-ZD-BR,S-ZE-UN,B-ZB-BR,B-ZH-BR,S-ZO-BR,B-ZE-BR,B-ZD-BO,S-ZG-UN,B-ZH-BR,S-ZH-BO,B-ZE-BR,B-ZB-BR,S-ZF-UN,B-ZB-BR,B-ZG-BO,B-ZC-BR,S-ZO-BO,B-ZO-UN
443,2002.09.13 00:00,GBPJPY,60,86400,BUY,ZH,1,187.080,186.080,1000.0,187.720,186.400,1320.0,132.000,32.00,680.0,236.0,187.080,186.400,188.400,BREAK,2002.09.13 16:00,0,,0,,0,,0,NA,NewYork,BREAK,2002.09.13 18:00,BOUNCE,2002.09.13 20:00,185.400,UNTOUCHED,,0,,0,,0,,0,NA,Other,NA,,NA,,187.760,BREAK,2002.09.13 15:00,0,,0,,0,,0,NA,NewYork,BREAK,2002.09.13 17:00,BREAK,2002.09.13 19:00,185.720,UNTOUCHED,,0,,0,,0,,0,NA,Other,NA,,NA,,B-ZB-BR,B-ZF-BR,B-ZO-BR,B-ZD-BR,S-ZE-UN,B-ZB-BR,B-ZH-BR,S-ZO-BR,B-ZE-BR,B-ZD-BO,S-ZH-BO,B-ZE-BR,B-ZB-BR,S-ZF-UN,B-ZB-BR,B-ZG-BO,B-ZC-BR,S-ZO-BO,B-ZO-UN,B-ZF-UN
444,2002.09.18 00:00,GBPJPY,60,86400,SELL,ZH,0,189.390,188.090,1300.0,188.930,187.570,1360.0,104.615,35.38,840.0,306.8,188.930,188.090,186.730,BOUNCE,2002.09.18 11:00,1,2002.09.18 17:00,1,2002.09.20 02:00,1,2002.09.20 07:00,3,1d 20h,London,NA,,NA,,190.230,BREAK,2002.09.20 07:00,0,,0,,0,,0,NA,London,BREAK,2002.09.20 10:00,BOUNCE,2002.09.23 09:00,187.250,BREAK,2002.09.18 11:00,0,,0,,0,,0,NA,London,UNTOUCHED,,NA,,189.770,BREAK,2002.09.20 02:00,0,,0,,0,,0,NA,Asia,BREAK,2002.09.20 09:00,BREAK,2002.09.20 17:00,B-ZH-BR,B-ZB-BR,B-ZF-BR,B-ZO-BR,B-ZD-BR,S-ZE-UN,B-ZB-BR,B-ZH-BR,S-ZO-BR,B-ZE-BR,B-ZE-BR,B-ZB-BR,S-ZF-UN,B-ZB-BR,B-ZG-BO,B-ZC-BR,S-ZO-BO,B-ZO-UN,B-ZF-UN,B-ZF-UN
445,2002.09.20 00:00,GBPJPY,60,86400,BUY,ZE,1,189.040,186.720,2320.0,189.350,187.750,1600.0,68.966,44.40,1290.0,547.5,189.040,187.750,190.640,BREAK,2002.09.20 07:00,0,,0,,0,,0,NA,London,BREAK,2002.09.23 17:00,BOUNCE,2002.09.23 20:00,185.430,UNTOUCHED,,0,,0,,0,,0,NA,Other,NA,,NA,,190.330,BREAK,2002.09.20 07:00,0,,0,,0,,0,NA,London,BREAK,2002.09.23 16:00,BOUNCE,2002.09.24 03:00,186.460,UNTOUCHED,,0,,0,,0,,0,NA,Other,NA,,NA,,S-ZH-BO,B-ZH-BR,B-ZB-BR,B-ZF-BR,B-ZO-BR,B-ZD-BR,S-ZE-UN,B-ZB-BR,B-ZH-BR,S-ZO-BR,B-ZB-BR,S-ZF-UN,B-ZB-BR,B-ZG-BO,B-ZC-BR,S-ZO-BO,B-ZO-UN,B-ZF-UN,B-ZF-UN,S-ZG-BR
446,2002.09.21 00:00,GBPJPY,60,86400,BUY,ZB,1,189.350,187.750,1600.0,192.090,188.810,3280.0,205.000,66.25,540.0,377.6,189.350,188.810,192.630,BREAK,2002.09.23 17:00,0,,0,,0,,0,NA,NewYork,BOUNCE,2002.09.23 19:00,NA,,187.210,UNTOUCHED,,0,,0,,0,,0,NA,Other,NA,,NA,,189.890,BREAK,2002.09.21 00:00,0,,0,,0,,0,NA,Asia,BREAK,2002.09.23 01:00,BREAK,2002.09.23 02:00,188.270,UNTOUCHED,,0,,0,,0,,0,NA,Other,NA,,NA,,B-ZE-BR,S-ZH-BO,B-ZH-BR,B-ZB-BR,B-ZF-BR,B-ZO-BR,B-ZD-BR,S-ZE-UN,B-ZB-BR,B-ZH-BR,S-ZF-UN,B-ZB-BR,B-ZG-BO,B-ZC-BR,S-ZO-BO,B-ZO-UN,B-ZF-UN,B-ZF-UN,S-ZG-BR,S-ZO-BR
447,2002.09.27 00:00,GBPJPY,60,86400,SELL,ZF,0,192.800,190.660,2140.0,192.000,189.860,2140.0,100.000,37.38,1340.0,505.0,192.000,190.660,188.520,UNTOUCHED,,0,,0,,0,,0,NA,Other,NA,,NA,,194.140,BREAK,2002.10.07 12:00,0,,0,,0,,0,NA,London,UNTOUCHED,,NA,,189.320,UNTOUCHED,,0,,0,,0,,0,NA,Other,NA,,NA,,193.340,BREAK,2002.10.03 18:00,0,,0,,0,,0,NA,NewYork,BOUNCE,2002.10.08 17:00,NA,,B-ZB-BR,B-ZE-BR,S-ZH-BO,B-ZH-BR,B-ZB-BR,B-ZF-BR,B-ZO-BR,B-ZD-BR,S-ZE-UN,B-ZB-BR,B-ZB-BR,B-ZG-BO,B-ZC-BR,S-ZO-BO,B-ZO-UN,B-ZF-UN,B-ZF-UN,S-ZG-BR,S-ZO-BR,B-ZD-UN
448,2002.10.02 00:00,GBPJPY,60,86400,BUY,ZB,1,191.740,189.640,2100.0,192.930,190.690,2240.0,106.667,50.00,1050.0,495.6,191.740,190.690,193.980,BREAK,2002.10.07 09:00,0,,0,,0,,0,NA,London,BOUNCE,2002.10.08 15:00,NA,,188.590,UNTOUCHED,,0,,0,,0,,0,NA,Other,NA,,NA,,192.790,BREAK,2002.10.02 13:00,0,,0,,0,,0,NA,NewYork,BREAK,2002.10.07 14:00,BOUNCE,2002.10.08 16:00,189.640,BOUNCE,2002.11.05 05:00,0,,0,,0,,0,NA,Asia,NA,,NA,,S-ZF-UN,B-ZB-BR,B-ZE-BR,S-ZH-BO,B-ZH-BR,B-ZB-BR,B-ZF-BR,B-ZO-BR,B-ZD-BR,S-ZE-UN,B-ZG-BO,B-ZC-BR,S-ZO-BO,B-ZO-UN,B-ZF-UN,B-ZF-UN,S-ZG-BR,S-ZO-BR,B-ZD-UN,S-ZG-BR
449,2002.10.03 00:00,GBPJPY,60,86400,BUY,ZG,0,192.930,190.690,2240.0,193.240,191.310,1930.0,86.161,27.68,1620.0,528.6,192.930,191.310,194.860,BOUNCE,2002.10.08 05:00,1,2002.10.29 18:00,1,2002.11.05 05:00,0,,2,4w 0d,Asia,NA,,NA,,189.070,UNTOUCHED,,0,,0,,0,,0,NA,Other,NA,,NA,,194.550,BOUNCE,2002.10.07 15:00,1,2002.11.05 05:00,0,,0,,1,4w 0d,NewYork,NA,,NA,,189.690,BOUNCE,2002.11.05 05:00,0,,0,,0,,0,NA,Asia,NA,,NA,,B-ZB-BR,S-ZF-UN,B-ZB-BR,B-ZE-BR,S-ZH-BO,B-ZH-BR,B-ZB-BR,B-ZF-BR,B-ZO-BR,B-ZD-BR,B-ZC-BR,S-ZO-BO,B-ZO-UN,B-ZF-UN,B-ZF-UN,S-ZG-BR,S-ZO-BR,B-ZD-UN,S-ZG-BR,B-ZO-BR
450,2002.10.04 00:00,GBPJPY,60,86400,BUY,ZC,1,193.240,191.310,1930.0,193.420,192.180,1240.0,64.249,45.08,1060.0,455.5,193.240,192.180,194.480,BREAK,2002.10.07 14:00,0,,0,,0,,0,NA,NewYork,UNTOUCHED,,NA,,190.250,BOUNCE,2002.11.01 17:00,0,,0,,0,,0,NA,NewYork,NA,,NA,,194.300,BREAK,2002.10.07 14:00,0,,0,,0,,0,NA,NewYork,UNTOUCHED,,NA,,191.120,BREAK,2002.10.29 18:00,0,,0,,0,,0,NA,NewYork,BREAK,2002.11.05 05:00,BREAK,2002.11.26 20:00,B-ZG-BO,B-ZB-BR,S-ZF-UN,B-ZB-BR,B-ZE-BR,S-ZH-BO,B-ZH-BR,B-ZB-BR,B-ZF-BR,B-ZO-BR,S-ZO-BO,B-ZO-UN,B-ZF-UN,B-ZF-UN,S-ZG-BR,S-ZO-BR,B-ZD-UN,S-ZG-BR,B-ZO-BR,S-ZF-BR
451,2002.10.05 00:00,GBPJPY,60,86400,SELL,ZO,0,193.420,192.180,1240.0,193.280,192.020,1260.0,101.613,11.29,1100.0,292.6,193.280,192.180,190.920,BOUNCE,2002.10.29 18:00,0,,0,,0,,0,NA,NewYork,NA,,NA,,194.520,BREAK,2002.10.07 14:00,0,,0,,0,,0,NA,NewYork,UNTOUCHED,,NA,,191.080,BREAK,2002.10.29 18:00,0,,0,,0,,0,NA,NewYork,BREAK,2002.11.05 05:00,BREAK,2002.11.26 20:00,194.380,BREAK,2002.10.07 14:00,0,,0,,0,,0,NA,NewYork,UNTOUCHED,,NA,,B-ZC-BR,B-ZG-BO,B-ZB-BR,S-ZF-UN,B-ZB-BR,B-ZE-BR,S-ZH-BO,B-ZH-BR,B-ZB-BR,B-ZF-BR,B-ZO-UN,B-ZF-UN,B-ZF-UN,S-ZG-BR,S-ZO-BR,B-ZD-UN,S-ZG-BR,B-ZO-BR,S-ZF-BR,S-ZC-BO
452,2002.10.09 00:00,GBPJPY,60,86400,BUY,ZO,0,194.810,192.380,2430.0,195.070,192.910,2160.0,88.889,21.81,1900.0,573.5,194.810,192.910,196.970,UNTOUCHED,,0,,0,,0,,0,NA,Other,NA,,NA,,190.480,BREAK,2002.11.01 16:00,0,,0,,0,,0,NA,NewYork,BREAK,2002.11.27 15:00,UNTOUCHED,,196.710,UNTOUCHED,,0,,0,,0,,0,NA,Other,NA,,NA,,191.010,BREAK,2002.10.29 18:00,0,,0,,0,,0,NA,NewYork,BREAK,2002.11.26 20:00,UNTOUCHED,,S-ZO-BO,B-ZC-BR,B-ZG-BO,B-ZB-BR,S-ZF-UN,B-ZB-BR,B-ZE-BR,S-ZH-BO,B-ZH-BR,B-ZB-BR,B-ZF-UN,B-ZF-UN,S-ZG-BR,S-ZO-BR,B-ZD-UN,S-ZG-BR,B-ZO-BR,S-ZF-BR,S-ZC-BO,S-ZF-BR
453,2002.10.11 00:00,GBPJPY,60,86400,BUY,ZF,0,193.300,192.200,1100.0,193.660,192.530,1130.0,102.727,30.00,770.0,259.6,193.300,192.530,194.430,UNTOUCHED,,0,,0,,0,,0,NA,Other,NA,,NA,,191.430,BREAK,2002.10.29 18:00,0,,0,,0,,0,NA,NewYork,BREAK,2002.11.01 16:00,BREAK,2002.11.05 05:00,194.070,BOUNCE,2002.10.11 07:00,1,2002.10.23 10:00,1,2002.10.29 18:00,0,,2,2w 4d,London,NA,,NA,,191.760,BOUNCE,2002.10.23 10:00,0,,0,,0,,0,NA,London,NA,,NA,,B-ZO-UN,S-ZO-BO,B-ZC-BR,B-ZG-BO,B-ZB-BR,S-ZF-UN,B-ZB-BR,B-ZE-BR,S-ZH-BO,B-ZH-BR,B-ZF-UN,S-ZG-BR,S-ZO-BR,B-ZD-UN,S-ZG-BR,B-ZO-BR,S-ZF-BR,S-ZC-BO,S-ZF-BR,S-ZE-BR
454,2002.10.12 00:00,GBPJPY,60,86400,BUY,ZF,0,193.660,192.530,1130.0,194.270,192.900,1370.0,121.239,32.74,760.0,266.7,193.660,192.900,195.030,UNTOUCHED,,0,,0,,0,,0,NA,Other,NA,,NA,,191.770,BOUNCE,2002.10.23 10:00,1,2002.10.24 19:00,1,2002.11.22 10:00,0,,2,4w 2d,London,NA,,NA,,194.420,BREAK,2002.11.22 10:00,0,,0,,0,,0,NA,London,BREAK,2002.12.03 20:00,BREAK,2002.12.04 06:00,192.140,BREAK,2002.10.23 08:00,0,,0,,0,,0,NA,London,BREAK,2002.10.29 18:00,BREAK,2002.11.01 16:00,B-ZF-UN,B-ZO-UN,S-ZO-BO,B-ZC-BR,B-ZG-BO,B-ZB-BR,S-ZF-UN,B-ZB-BR,B-ZE-BR,S-ZH-BO,S-ZG-BR,S-ZO-BR,B-ZD-UN,S-ZG-BR,B-ZO-BR,S-ZF-BR,S-ZC-BO,S-ZF-BR,S-ZE-BR,B-ZE-BO
455,2002.10.17 00:00,GBPJPY,60,86400,SELL,ZG,0,194.330,192.710,1620.0,194.150,192.450,1700.0,104.938,11.11,1440.0,382.3,194.150,192.710,191.010,BREAK,2002.10.29 18:00,0,,0,,0,,0,NA,NewYork,BOUNCE,2002.11.06 09:00,NA,,195.770,UNTOUCHED,,0,,0,,0,,0,NA,Other,NA,,NA,,191.270,BREAK,2002.10.29 18:00,0,,0,,0,,0,NA,NewYork,BREAK,2002.11.05 05:00,BREAK,2002.11.27 15:00,195.590,UNTOUCHED,,0,,0,,0,,0,NA,Other,NA,,NA,,B-ZF-UN,B-ZF-UN,B-ZO-UN,S-ZO-BO,B-ZC-BR,B-ZG-BO,B-ZB-BR,S-ZF-UN,B-ZB-BR,B-ZE-BR,S-ZO-BR,B-ZD-UN,S-ZG-BR,B-ZO-BR,S-ZF-BR,S-ZC-BO,S-ZF-BR,S-ZE-BR,B-ZE-BO,B-ZO-BO
456,2002.10.18 00:00,GBPJPY,60,86400,SELL,ZO,0,194.150,192.450,1700.0,194.070,192.380,1690.0,99.412,4.71,1620.0,401.2,194.070,192.450,190.760,BREAK,2002.10.30 11:00,0,,0,,0,,0,NA,London,BREAK,2002.11.26 20:00,UNTOUCHED,,195.770,UNTOUCHED,,0,,0,,0,,0,NA,Other,NA,,NA,,190.830,BREAK,2002.10.29 18:00,0,,0,,0,,0,NA,NewYork,BREAK,2002.11.26 20:00,UNTOUCHED,,195.690,UNTOUCHED,,0,,0,,0,,0,NA,Other,NA,,NA,,S-ZG-BR,B-ZF-UN,B-ZF-UN,B-ZO-UN,S-ZO-BO,B-ZC-BR,B-ZG-BO,B-ZB-BR,S-ZF-UN,B-ZB-BR,B-ZD-UN,S-ZG-BR,B-ZO-BR,S-ZF-BR,S-ZC-BO,S-ZF-BR,S-ZE-BR,B-ZE-BO,B-ZO-BO,B-ZH-BO
457,2002.10.19 00:00,GBPJPY,60,86400,BUY,ZD,1,194.070,192.380,1690.0,194.330,193.370,960.0,56.805,58.58,700.0,398.8,194.070,193.370,195.030,UNTOUCHED,,0,,0,,0,,0,NA,Other,NA,,NA,,191.680,BREAK,2002.10.29 18:00,0,,0,,0,,0,NA,NewYork,BOUNCE,2002.10.30 00:00,NA,,194.770,UNTOUCHED,,0,,0,,0,,0,NA,Other,NA,,NA,,192.670,BREAK,2002.10.21 15:00,0,,0,,0,,0,NA,NewYork,BOUNCE,2002.10.23 19:00,NA,,S-ZO-BR,S-ZG-BR,B-ZF-UN,B-ZF-UN,B-ZO-UN,S-ZO-BO,B-ZC-BR,B-ZG-BO,B-ZB-BR,S-ZF-UN,S-ZG-BR,B-ZO-BR,S-ZF-BR,S-ZC-BO,S-ZF-BR,S-ZE-BR,B-ZE-BO,B-ZO-BO,B-ZH-BO,B-ZO-BR
458,2002.10.24 00:00,GBPJPY,60,86400,SELL,ZG,0,194.040,192.510,1530.0,193.840,191.710,2130.0,139.216,13.07,1330.0,361.1,193.840,192.510,190.380,BREAK,2002.11.01 16:00,0,,0,,0,,0,NA,NewYork,BREAK,2002.11.26 20:00,BOUNCE,2002.11.27 20:00,195.370,BREAK,2002.12.03 20:00,0,,0,,0,,0,NA,NewYork,BREAK,2002.12.05 13:00,UNTOUCHED,,191.180,BREAK,2002.10.29 18:00,0,,0,,0,,0,NA,NewYork,BREAK,2002.11.05 05:00,BREAK,2002.11.27 15:00,195.170,BREAK,2002.12.03 17:00,0,,0,,0,,0,NA,NewYork,BREAK,2002.12.05 13:00,UNTOUCHED,,B-ZD-UN,S-ZO-BR,S-ZG-BR,B-ZF-UN,B-ZF-UN,B-ZO-UN,S-ZO-BO,B-ZC-BR,B-ZG-BO,B-ZB-BR,B-ZO-BR,S-ZF-BR,S-ZC-BO,S-ZF-BR,S-ZE-BR,B-ZE-BO,B-ZO-BO,B-ZH-BO,B-ZO-BR,S-ZG-BR
459,2002.10.26 00:00,GBPJPY,60,86400,BUY,ZO,0,193.510,191.780,1730.0,193.760,192.110,1650.0,95.376,19.08,1400.0,408.3,193.510,192.110,195.160,BREAK,2002.12.03 17:00,0,,0,,0,,0,NA,NewYork,BREAK,2002.12.05 13:00,UNTOUCHED,,190.380,BREAK,2002.11.01 16:00,0,,0,,0,,0,NA,NewYork,BREAK,2002.11.26 20:00,UNTOUCHED,,194.910,BREAK,2002.12.03 13:00,0,,0,,0,,0,NA,NewYork,BREAK,2002.12.05 10:00,UNTOUCHED,,190.710,BOUNCE,2002.10.31 11:00,1,2002.12.03 13:00,1,2002.12.03 13:00,0,,2,4w 5d,London,NA,,NA,,S-ZG-BR,B-ZD-UN,S-ZO-BR,S-ZG-BR,B-ZF-UN,B-ZF-UN,B-ZO-UN,S-ZO-BO,B-ZC-BR,B-ZG-BO,S-ZF-BR,S-ZC-BO,S-ZF-BR,S-ZE-BR,B-ZE-BO,B-ZO-BO,B-ZH-BO,B-ZO-BR,S-ZG-BR,B-ZF-BR
460,2002.10.30 00:00,GBPJPY,60,86400,SELL,ZF,1,193.370,191.890,1480.0,192.900,190.790,2110.0,142.568,31.76,1010.0,349.3,192.900,191.890,189.780,BREAK,2002.11.05 04:00,0,,0,,0,,0,NA,Asia,BREAK,2002.11.26 20:00,BOUNCE,2002.11.27 20:00,194.380,BREAK,2002.11.22 10:00,0,,0,,0,,0,NA,London,BREAK,2002.12.03 20:00,BOUNCE,2002.12.04 13:00,190.880,BOUNCE,2002.10.30 10:00,1,2002.11.21 18:00,1,2002.11.22 10:00,0,,2,3w 2d,London,NA,,NA,,193.910,BREAK,2002.11.21 18:00,0,,0,,0,,0,NA,NewYork,BREAK,2002.12.03 20:00,BREAK,2002.12.04 06:00,B-ZO-BR,S-ZG-BR,B-ZD-UN,S-ZO-BR,S-ZG-BR,B-ZF-UN,B-ZF-UN,B-ZO-UN,S-ZO-BO,B-ZC-BR,S-ZC-BO,S-ZF-BR,S-ZE-BR,B-ZE-BO,B-ZO-BO,B-ZH-BO,B-ZO-BR,S-ZG-BR,B-ZF-BR,B-ZB-BO
461,2002.10.31 00:00,GBPJPY,60,86400,SELL,ZC,1,192.900,190.790,2110.0,191.940,190.720,1220.0,57.820,45.50,1150.0,498.0,191.940,190.790,189.570,BOUNCE,2002.11.05 05:00,1,2002.11.08 12:00,1,2002.11.19 16:00,1,2002.11.21 19:00,3,2w 2d,Asia,NA,,NA,,194.050,BREAK,2002.11.21 19:00,0,,0,,0,,0,NA,NewYork,BREAK,2002.12.03 20:00,BREAK,2002.12.05 11:00,189.640,BOUNCE,2002.11.05 05:00,1,2002.11.19 16:00,1,2002.11.21 19:00,0,,2,2w 2d,Asia,NA,,NA,,193.090,BREAK,2002.11.19 16:00,0,,0,,0,,0,NA,NewYork,BREAK,2002.11.22 10:00,BREAK,2002.12.04 05:00,S-ZF-BR,B-ZO-BR,S-ZG-BR,B-ZD-UN,S-ZO-BR,S-ZG-BR,B-ZF-UN,B-ZF-UN,B-ZO-UN,S-ZO-BO,S-ZF-BR,S-ZE-BR,B-ZE-BO,B-ZO-BO,B-ZH-BO,B-ZO-BR,S-ZG-BR,B-ZF-BR,B-ZB-BO,S-ZB-UN
462,2002.11.05 00:00,GBPJPY,60,86400,SELL,ZF,1,191.370,190.950,420.0,191.360,190.050,1310.0,311.905,2.38,410.0,99.1,191.360,190.950,189.640,BREAK,2002.11.05 05:00,0,,0,,0,,0,NA,Asia,BREAK,2002.11.26 19:00,BREAK,2002.11.26 20:00,191.780,BOUNCE,2002.11.07 18:00,1,2002.11.08 04:00,1,2002.11.08 17:00,1,2002.11.11 13:00,3,3d 19h,NewYork,NA,,NA,,190.540,BREAK,2002.11.05 00:00,0,,0,,0,,0,NA,Asia,BREAK,2002.11.05 03:00,BREAK,2002.11.05 05:00,191.770,BOUNCE,2002.11.07 18:00,1,2002.11.08 17:00,1,2002.11.08 17:00,0,,2,23h,NewYork,NA,,NA,,S-ZC-BO,S-ZF-BR,B-ZO-BR,S-ZG-BR,B-ZD-UN,S-ZO-BR,S-ZG-BR,B-ZF-UN,B-ZF-UN,B-ZO-UN,S-ZE-BR,B-ZE-BO,B-ZO-BO,B-ZH-BO,B-ZO-BR,S-ZG-BR,B-ZF-BR,B-ZB-BO,S-ZB-UN,S-ZE-UN
463,2002.11.06 00:00,GBPJPY,60,86400,SELL,ZE,1,191.360,190.050,1310.0,190.840,189.410,1430.0,109.160,39.69,790.0,309.2,190.840,190.050,188.620,BREAK,2002.11.26 20:00,0,,0,,0,,0,NA,NewYork,BOUNCE,2002.11.27 15:00,NA,,192.150,BREAK,2002.11.19 13:00,0,,0,,0,,0,NA,NewYork,BREAK,2002.11.19 16:00,BOUNCE,2002.11.19 23:00,189.260,BOUNCE,2002.11.11 18:00,1,2002.11.18 12:00,1,2002.11.19 13:00,0,,2,1w 0d,NewYork,NA,,NA,,191.630,BOUNCE,2002.11.07 18:00,1,2002.11.11 18:00,1,2002.11.11 18:00,0,,2,4d 0h,NewYork,NA,,NA,,S-ZF-BR,S-ZC-BO,S-ZF-BR,B-ZO-BR,S-ZG-BR,B-ZD-UN,S-ZO-BR,S-ZG-BR,B-ZF-UN,B-ZF-UN,B-ZE-BO,B-ZO-BO,B-ZH-BO,B-ZO-BR,S-ZG-BR,B-ZF-BR,B-ZB-BO,S-ZB-UN,S-ZE-UN,B-ZD-BO
464,2002.11.07 00:00,GBPJPY,60,86400,BUY,ZE,1,190.840,189.410,1430.0,191.030,190.130,900.0,62.937,50.35,710.0,337.5,190.840,190.130,191.740,BOUNCE,2002.11.07 18:00,1,2002.11.08 18:00,1,2002.11.11 18:00,1,2002.11.26 20:00,3,2w 5d,NewYork,NA,,NA,,188.700,BREAK,2002.11.26 20:00,0,,0,,0,,0,NA,NewYork,BOUNCE,2002.11.27 15:00,NA,,191.550,BOUNCE,2002.11.07 17:00,1,2002.11.11 18:00,1,2002.11.26 20:00,0,,2,2w 5d,NewYork,NA,,NA,,189.420,BOUNCE,2002.11.11 18:00,1,2002.11.18 12:00,1,2002.11.18 12:00,0,,2,6d 18h,NewYork,NA,,NA,,S-ZE-BR,S-ZF-BR,S-ZC-BO,S-ZF-BR,B-ZO-BR,S-ZG-BR,B-ZD-UN,S-ZO-BR,S-ZG-BR,B-ZF-UN,B-ZO-BO,B-ZH-BO,B-ZO-BR,S-ZG-BR,B-ZF-BR,B-ZB-BO,S-ZB-UN,S-ZE-UN,B-ZD-BO,B-ZF-BR
465,2002.11.09 00:00,GBPJPY,60,86400,BUY,ZO,0,191.840,190.120,1720.0,192.000,190.130,1870.0,108.721,0.58,1710.0,405.9,191.840,190.130,193.710,BOUNCE,2002.11.19 21:00,1,2002.11.26 12:00,1,2002.11.26 20:00,1,2002.11.26 20:00,3,6d 23h,Other,NA,,NA,,188.410,BREAK,2002.11.26 20:00,0,,0,,0,,0,NA,NewYork,UNTOUCHED,,NA,,193.550,BOUNCE,2002.11.19 17:00,1,2002.11.26 20:00,1,2002.11.26 20:00,0,,2,1w 0d,NewYork,NA,,NA,,188.420,BREAK,2002.11.26 20:00,0,,0,,0,,0,NA,NewYork,UNTOUCHED,,NA,,B-ZE-BO,S-ZE-BR,S-ZF-BR,S-ZC-BO,S-ZF-BR,B-ZO-BR,S-ZG-BR,B-ZD-UN,S-ZO-BR,S-ZG-BR,B-ZH-BO,B-ZO-BR,S-ZG-BR,B-ZF-BR,B-ZB-BO,S-ZB-UN,S-ZE-UN,B-ZD-BO,B-ZF-BR,B-ZB-BO
466,2002.11.14 00:00,GBPJPY,60,86400,BUY,ZH,1,190.390,189.410,980.0,191.060,189.770,1290.0,131.633,36.73,620.0,231.3,190.390,189.770,191.680,BOUNCE,2002.11.18 17:00,1,2002.11.25 22:00,1,2002.11.26 19:00,1,2002.11.26 20:00,3,1w 1d,NewYork,NA,,NA,,188.790,BREAK,2002.11.26 20:00,0,,0,,0,,0,NA,NewYork,BREAK,2002.11.27 15:00,UNTOUCHED,,191.010,BOUNCE,2002.11.14 09:00,1,2002.11.26 19:00,1,2002.11.26 20:00,0,,2,1w 5d,London,NA,,NA,,189.150,BOUNCE,2002.11.26 19:00,1,2002.11.29 20:00,1,2002.11.29 20:00,0,,2,3d 1h,NewYork,NA,,NA,,B-ZO-BO,B-ZE-BO,S-ZE-BR,S-ZF-BR,S-ZC-BO,S-ZF-BR,B-ZO-BR,S-ZG-BR,B-ZD-UN,S-ZO-BR,B-ZO-BR,S-ZG-BR,B-ZF-BR,B-ZB-BO,S-ZB-UN,S-ZE-UN,B-ZD-BO,B-ZF-BR,B-ZB-BO,B-ZC-UN
467,2002.11.15 00:00,GBPJPY,60,86400,BUY,ZO,0,191.060,189.770,1290.0,191.170,189.930,1240.0,96.124,12.40,1130.0,304.4,191.060,189.930,192.300,BREAK,2002.11.19 13:00,0,,0,,0,,0,NA,NewYork,BREAK,2002.11.19 21:00,BOUNCE,2002.11.25 04:00,188.640,BREAK,2002.11.26 20:00,0,,0,,0,,0,NA,NewYork,UNTOUCHED,,NA,,192.190,BREAK,2002.11.19 13:00,0,,0,,0,,0,NA,NewYork,BREAK,2002.11.19 21:00,BOUNCE,2002.11.25 05:00,188.800,BREAK,2002.11.26 20:00,0,,0,,0,,0,NA,NewYork,BOUNCE,2002.11.27 20:00,NA,,B-ZH-BO,B-ZO-BO,B-ZE-BO,S-ZE-BR,S-ZF-BR,S-ZC-BO,S-ZF-BR,B-ZO-BR,S-ZG-BR,B-ZD-UN,S-ZG-BR,B-ZF-BR,B-ZB-BO,S-ZB-UN,S-ZE-UN,B-ZD-BO,B-ZF-BR,B-ZB-BO,B-ZC-UN,B-ZG-UN
468,2002.11.16 00:00,GBPJPY,60,86400,SELL,ZG,0,191.170,189.930,1240.0,190.810,189.780,1030.0,83.065,29.03,880.0,292.6,190.810,189.930,188.900,BREAK,2002.11.26 20:00,0,,0,,0,,0,NA,NewYork,BREAK,2002.11.27 16:00,UNTOUCHED,,192.050,BREAK,2002.11.19 12:00,0,,0,,0,,0,NA,London,BREAK,2002.11.19 16:00,BOUNCE,2002.11.19 23:00,189.050,BOUNCE,2002.11.26 19:00,1,2002.12.02 04:00,1,2002.12.02 04:00,0,,2,5d 9h,NewYork,NA,,NA,,191.690,BREAK,2002.11.18 17:00,0,,0,,0,,0,NA,NewYork,BREAK,2002.11.19 16:00,BREAK,2002.11.19 21:00,B-ZO-BR,B-ZH-BO,B-ZO-BO,B-ZE-BO,S-ZE-BR,S-ZF-BR,S-ZC-BO,S-ZF-BR,B-ZO-BR,S-ZG-BR,B-ZF-BR,B-ZB-BO,S-ZB-UN,S-ZE-UN,B-ZD-BO,B-ZF-BR,B-ZB-BO,B-ZC-UN,B-ZG-UN,S-ZF-BR
469,2002.11.19 00:00,GBPJPY,60,86400,BUY,ZF,1,190.550,190.110,440.0,191.890,190.230,1660.0,377.273,27.27,320.0,103.8,190.550,190.230,192.210,BREAK,2002.11.19 13:00,0,,0,,0,,0,NA,NewYork,BREAK,2002.11.19 14:00,BREAK,2002.11.19 16:00,189.790,BREAK,2002.11.26 19:00,0,,0,,0,,0,NA,NewYork,BREAK,2002.11.26 20:00,BREAK,2002.11.26 21:00,190.870,BREAK,2002.11.19 00:00,0,,0,,0,,0,NA,Asia,BREAK,2002.11.19 01:00,BREAK,2002.11.19 04:00,189.910,BOUNCE,2002.11.26 18:00,1,2002.11.29 19:00,1,2002.11.29 19:00,0,,2,3d 1h,NewYork,NA,,NA,,S-ZG-BR,B-ZO-BR,B-ZH-BO,B-ZO-BO,B-ZE-BO,S-ZE-BR,S-ZF-BR,S-ZC-BO,S-ZF-BR,B-ZO-BR,B-ZB-BO,S-ZB-UN,S-ZE-UN,B-ZD-BO,B-ZF-BR,B-ZB-BO,B-ZC-UN,B-ZG-UN,S-ZF-BR,B-ZE-UN
470,2002.11.20 00:00,GBPJPY,60,86400,BUY,ZB,1,191.890,190.230,1660.0,193.810,191.060,2750.0,165.663,50.00,830.0,391.8,191.890,191.060,194.640,BOUNCE,2002.11.22 10:00,1,2002.11.25 09:00,1,2002.11.26 12:00,1,2002.11.26 19:00,3,4d 9h,London,NA,,NA,,189.400,BREAK,2002.11.26 19:00,0,,0,,0,,0,NA,NewYork,BREAK,2002.11.27 15:00,BOUNCE,2002.11.27 19:00,192.720,BREAK,2002.11.20 00:00,0,,0,,0,,0,NA,Asia,BOUNCE,2002.11.20 13:00,NA,,190.230,BREAK,2002.11.26 12:00,0,,0,,0,,0,NA,London,BREAK,2002.11.26 20:00,BREAK,2002.11.27 15:00,B-ZF-BR,S-ZG-BR,B-ZO-BR,B-ZH-BO,B-ZO-BO,B-ZE-BO,S-ZE-BR,S-ZF-BR,S-ZC-BO,S-ZF-BR,S-ZB-UN,S-ZE-UN,B-ZD-BO,B-ZF-BR,B-ZB-BO,B-ZC-UN,B-ZG-UN,S-ZF-BR,B-ZE-UN,S-ZO-BR
471,2002.11.27 00:00,GBPJPY,60,86400,SELL,ZB,1,194.400,190.400,4000.0,191.420,188.190,3230.0,80.750,74.50,1020.0,944.0,191.420,190.400,187.170,UNTOUCHED,,0,,0,,0,,0,NA,Other,NA,,NA,,195.420,BREAK,2002.12.03 20:00,0,,0,,0,,0,NA,NewYork,BOUNCE,2002.12.04 13:00,NA,,189.380,BREAK,2002.11.27 00:00,0,,0,,0,,0,NA,Asia,BOUNCE,2002.11.28 02:00,NA,,192.440,BREAK,2002.12.02 11:00,0,,0,,0,,0,NA,London,BREAK,2002.12.02 22:00,BREAK,2002.12.03 20:00,B-ZB-BO,B-ZF-BR,S-ZG-BR,B-ZO-BR,B-ZH-BO,B-ZO-BO,B-ZE-BO,S-ZE-BR,S-ZF-BR,S-ZC-BO,S-ZE-UN,B-ZD-BO,B-ZF-BR,B-ZB-BO,B-ZC-UN,B-ZG-UN,S-ZF-BR,B-ZE-UN,S-ZO-BR,S-ZB-BO
472,2002.11.28 00:00,GBPJPY,60,86400,SELL,ZE,1,191.420,188.190,3230.0,189.380,187.630,1750.0,54.180,63.16,1190.0,762.3,189.380,188.190,186.440,UNTOUCHED,,0,,0,,0,,0,NA,Other,NA,,NA,,192.610,BREAK,2002.12.02 11:00,0,,0,,0,,0,NA,London,BREAK,2002.12.03 11:00,BREAK,2002.12.03 20:00,187.000,UNTOUCHED,,0,,0,,0,,0,NA,Other,NA,,NA,,190.570,BREAK,2002.11.29 17:00,0,,0,,0,,0,NA,NewYork,BREAK,2002.12.02 11:00,BREAK,2002.12.02 19:00,S-ZB-UN,B-ZB-BO,B-ZF-BR,S-ZG-BR,B-ZO-BR,B-ZH-BO,B-ZO-BO,B-ZE-BO,S-ZE-BR,S-ZF-BR,B-ZD-BO,B-ZF-BR,B-ZB-BO,B-ZC-UN,B-ZG-UN,S-ZF-BR,B-ZE-UN,S-ZO-BR,S-ZB-BO,B-ZD-UN
473,2002.11.29 00:00,GBPJPY,60,86400,BUY,ZD,1,189.380,187.630,1750.0,190.000,188.930,1070.0,61.143,74.29,450.0,413.0,189.380,188.930,190.450,BOUNCE,2002.11.29 17:00,0,,0,,0,,0,NA,NewYork,NA,,NA,,187.180,UNTOUCHED,,0,,0,,0,,0,NA,Other,NA,,NA,,189.830,BOUNCE,2002.11.29 00:00,0,,0,,0,,0,NA,Asia,NA,,NA,,188.480,UNTOUCHED,,0,,0,,0,,0,NA,Other,NA,,NA,,S-ZE-UN,S-ZB-UN,B-ZB-BO,B-ZF-BR,S-ZG-BR,B-ZO-BR,B-ZH-BO,B-ZO-BO,B-ZE-BO,S-ZE-BR,B-ZF-BR,B-ZB-BO,B-ZC-UN,B-ZG-UN,S-ZF-BR,B-ZE-UN,S-ZO-BR,S-ZB-BO,B-ZD-UN,B-ZE-UN
474,2002.11.30 00:00,GBPJPY,60,86400,BUY,ZF,1,190.000,188.930,1070.0,191.080,189.230,1850.0,172.897,28.04,770.0,252.5,190.000,189.230,191.850,BREAK,2002.12.02 04:00,0,,0,,0,,0,NA,Asia,BREAK,2002.12.02 13:00,BOUNCE,2002.12.02 16:00,188.160,UNTOUCHED,,0,,0,,0,,0,NA,Other,NA,,NA,,190.770,BREAK,2002.11.30 00:00,0,,0,,0,,0,NA,Asia,BREAK,2002.12.02 04:00,BREAK,2002.12.02 11:00,188.460,UNTOUCHED,,0,,0,,0,,0,NA,Other,NA,,NA,,B-ZD-BO,S-ZE-UN,S-ZB-UN,B-ZB-BO,B-ZF-BR,S-ZG-BR,B-ZO-BR,B-ZH-BO,B-ZO-BO,B-ZE-BO,B-ZB-BO,B-ZC-UN,B-ZG-UN,S-ZF-BR,B-ZE-UN,S-ZO-BR,S-ZB-BO,B-ZD-UN,B-ZE-UN,S-ZG-BR
475,2002.12.04 00:00,GBPJPY,60,86400,BUY,ZB,1,194.440,191.770,2670.0,195.860,193.320,2540.0,95.131,58.05,1120.0,630.1,194.440,193.320,196.980,BOUNCE,2002.12.05 13:00,1,2002.12.06 17:00,1,2002.12.13 16:00,1,2002.12.30 16:00,3,3w 4d,NewYork,NA,,NA,,190.650,BREAK,2002.12.30 16:00,0,,0,,0,,0,NA,NewYork,BREAK,2003.01.15 14:00,BOUNCE,2003.02.21 16:00,195.560,BREAK,2002.12.04 00:00,0,,0,,0,,0,NA,Asia,BREAK,2002.12.05 17:00,UNTOUCHED,,192.200,BOUNCE,2002.12.13 16:00,0,,0,,0,,0,NA,NewYork,NA,,NA,,B-ZF-BR,B-ZD-BO,S-ZE-UN,S-ZB-UN,B-ZB-BO,B-ZF-BR,S-ZG-BR,B-ZO-BR,B-ZH-BO,B-ZO-BO,B-ZC-UN,B-ZG-UN,S-ZF-BR,B-ZE-UN,S-ZO-BR,S-ZB-BO,B-ZD-UN,B-ZE-UN,S-ZG-BR,S-ZG-BR
476,2002.12.05 00:00,GBPJPY,60,86400,BUY,ZC,1,195.860,193.320,2540.0,196.650,194.850,1800.0,70.866,60.24,1010.0,599.4,195.860,194.850,197.660,UNTOUCHED,,0,,0,,0,,0,NA,Other,NA,,NA,,192.310,BOUNCE,2002.12.13 16:00,1,2002.12.18 01:00,0,,0,,1,4d 9h,NewYork,NA,,NA,,196.870,BOUNCE,2002.12.05 13:00,1,2002.12.09 06:00,1,2002.12.13 16:00,0,,2,1w 1d,NewYork,NA,,NA,,193.840,BREAK,2002.12.09 06:00,0,,0,,0,,0,NA,Asia,BREAK,2002.12.13 16:00,BREAK,2002.12.13 18:00,B-ZB-BO,B-ZF-BR,B-ZD-BO,S-ZE-UN,S-ZB-UN,B-ZB-BO,B-ZF-BR,S-ZG-BR,B-ZO-BR,B-ZH-BO,B-ZG-UN,S-ZF-BR,B-ZE-UN,S-ZO-BR,S-ZB-BO,B-ZD-UN,B-ZE-UN,S-ZG-BR,S-ZG-BR,S-ZB-BR
477,2002.12.06 00:00,GBPJPY,60,86400,BUY,ZG,0,196.650,194.850,1800.0,197.320,195.310,2010.0,111.667,25.56,1340.0,424.8,196.650,195.310,198.660,UNTOUCHED,,0,,0,,0,,0,NA,Other,NA,,NA,,193.510,BREAK,2002.12.09 09:00,0,,0,,0,,0,NA,London,BREAK,2002.12.13 17:00,BREAK,2002.12.30 16:00,197.990,UNTOUCHED,,0,,0,,0,,0,NA,Other,NA,,NA,,193.970,BREAK,2002.12.09 02:00,0,,0,,0,,0,NA,Asia,BREAK,2002.12.13 16:00,BOUNCE,2002.12.16 13:00,B-ZC-UN,B-ZB-BO,B-ZF-BR,B-ZD-BO,S-ZE-UN,S-ZB-UN,B-ZB-BO,B-ZF-BR,S-ZG-BR,B-ZO-BR,S-ZF-BR,B-ZE-UN,S-ZO-BR,S-ZB-BO,B-ZD-UN,B-ZE-UN,S-ZG-BR,S-ZG-BR,S-ZB-BR,S-ZE-BO
478,2002.12.07 00:00,GBPJPY,60,86400,SELL,ZF,0,197.320,195.310,2010.0,197.170,194.200,2970.0,147.761,7.46,1860.0,474.4,197.170,195.310,192.340,BREAK,2002.12.13 16:00,0,,0,,0,,0,NA,NewYork,BREAK,2002.12.30 18:00,BOUNCE,2003.01.17 10:00,199.180,UNTOUCHED,,0,,0,,0,,0,NA,Other,NA,,NA,,193.450,BOUNCE,2002.12.09 11:00,0,,0,,0,,0,NA,London,NA,,NA,,199.030,UNTOUCHED,,0,,0,,0,,0,NA,Other,NA,,NA,,B-ZG-UN,B-ZC-UN,B-ZB-BO,B-ZF-BR,B-ZD-BO,S-ZE-UN,S-ZB-UN,B-ZB-BO,B-ZF-BR,S-ZG-BR,B-ZE-UN,S-ZO-BR,S-ZB-BO,B-ZD-UN,B-ZE-UN,S-ZG-BR,S-ZG-BR,S-ZB-BR,S-ZE-BO,B-ZD-BO
479,2002.12.11 00:00,GBPJPY,60,86400,BUY,ZE,1,195.130,192.980,2150.0,195.470,193.840,1630.0,75.814,40.00,1290.0,507.4,195.130,193.840,196.760,UNTOUCHED,,0,,0,,0,,0,NA,Other,NA,,NA,,191.690,BOUNCE,2002.12.13 17:00,1,2002.12.17 23:00,0,,0,,1,4d 6h,NewYork,NA,,NA,,196.420,UNTOUCHED,,0,,0,,0,,0,NA,Other,NA,,NA,,192.550,BREAK,2002.12.13 16:00,0,,0,,0,,0,NA,NewYork,BOUNCE,2002.12.16 13:00,NA,,S-ZF-BR,B-ZG-UN,B-ZC-UN,B-ZB-BO,B-ZF-BR,B-ZD-BO,S-ZE-UN,S-ZB-UN,B-ZB-BO,B-ZF-BR,S-ZO-BR,S-ZB-BO,B-ZD-UN,B-ZE-UN,S-ZG-BR,S-ZG-BR,S-ZB-BR,S-ZE-BO,B-ZD-BO,B-ZO-BR
480,2002.12.12 00:00,GBPJPY,60,86400,SELL,ZO,0,195.470,193.840,1630.0,195.070,193.520,1550.0,95.092,24.54,1230.0,384.7,195.070,193.840,192.290,BREAK,2002.12.13 16:00,0,,0,,0,,0,NA,NewYork,BOUNCE,2002.12.26 04:00,NA,,196.700,UNTOUCHED,,0,,0,,0,,0,NA,Other,NA,,NA,,192.610,BREAK,2002.12.13 16:00,0,,0,,0,,0,NA,NewYork,BOUNCE,2002.12.16 13:00,NA,,196.300,UNTOUCHED,,0,,0,,0,,0,NA,Other,NA,,NA,,B-ZE-UN,S-ZF-BR,B-ZG-UN,B-ZC-UN,B-ZB-BO,B-ZF-BR,B-ZD-BO,S-ZE-UN,S-ZB-UN,B-ZB-BO,S-ZB-BO,B-ZD-UN,B-ZE-UN,S-ZG-BR,S-ZG-BR,S-ZB-BR,S-ZE-BO,B-ZD-BO,B-ZO-BR,B-ZO-BO
481,2002.12.14 00:00,GBPJPY,60,86400,SELL,ZB,1,195.120,193.460,1660.0,194.240,191.200,3040.0,183.133,53.01,780.0,391.8,194.240,193.460,190.420,BOUNCE,2002.12.30 16:00,1,2003.01.03 18:00,0,,0,,1,4d 2h,NewYork,NA,,NA,,195.900,UNTOUCHED,,0,,0,,0,,0,NA,Other,NA,,NA,,192.680,BREAK,2002.12.14 00:00,0,,0,,0,,0,NA,Asia,BREAK,2002.12.16 04:00,BOUNCE,2002.12.23 19:00,195.020,UNTOUCHED,,0,,0,,0,,0,NA,Other,NA,,NA,,S-ZO-BR,B-ZE-UN,S-ZF-BR,B-ZG-UN,B-ZC-UN,B-ZB-BO,B-ZF-BR,B-ZD-BO,S-ZE-UN,S-ZB-UN,B-ZD-UN,B-ZE-UN,S-ZG-BR,S-ZG-BR,S-ZB-BR,S-ZE-BO,B-ZD-BO,B-ZO-BR,B-ZO-BO,B-ZF-BO
482,2002.12.18 00:00,GBPJPY,60,86400,BUY,ZD,1,193.500,191.240,2260.0,194.270,192.270,2000.0,88.496,45.58,1230.0,533.4,193.500,192.270,195.500,UNTOUCHED,,0,,0,,0,,0,NA,Other,NA,,NA,,190.010,BOUNCE,2002.12.30 18:00,1,2003.01.03 20:00,1,2003.01.27 18:00,0,,2,4w 0d,NewYork,NA,,NA,,194.730,BOUNCE,2003.01.27 18:00,0,,0,,0,,0,NA,NewYork,NA,,NA,,191.040,BOUNCE,2002.12.24 16:00,1,2003.01.27 18:00,1,2003.01.27 18:00,0,,2,4w 6d,NewYork,NA,,NA,,S-ZB-BO,S-ZO-BR,B-ZE-UN,S-ZF-BR,B-ZG-UN,B-ZC-UN,B-ZB-BO,B-ZF-BR,B-ZD-BO,S-ZE-UN,B-ZE-UN,S-ZG-BR,S-ZG-BR,S-ZB-BR,S-ZE-BO,B-ZD-BO,B-ZO-BR,B-ZO-BO,B-ZF-BO,B-ZF-BR
483,2002.12.19 00:00,GBPJPY,60,86400,BUY,ZE,1,194.270,192.270,2000.0,194.480,193.130,1350.0,67.500,43.00,1140.0,472.0,194.270,193.130,195.620,UNTOUCHED,,0,,0,,0,,0,NA,Other,NA,,NA,,191.130,BOUNCE,2002.12.23 16:00,1,2003.01.07 22:00,0,,0,,1,2w 1d,NewYork,NA,,NA,,195.410,UNTOUCHED,,0,,0,,0,,0,NA,Other,NA,,NA,,191.990,BREAK,2002.12.23 14:00,0,,0,,0,,0,NA,NewYork,BREAK,2002.12.30 16:00,BOUNCE,2002.12.31 11:00,B-ZD-UN,S-ZB-BO,S-ZO-BR,B-ZE-UN,S-ZF-BR,B-ZG-UN,B-ZC-UN,B-ZB-BO,B-ZF-BR,B-ZD-BO,S-ZG-BR,S-ZG-BR,S-ZB-BR,S-ZE-BO,B-ZD-BO,B-ZO-BR,B-ZO-BO,B-ZF-BO,B-ZF-BR,S-ZC-BR
484,2002.12.20 00:00,GBPJPY,60,86400,SELL,ZG,0,194.480,193.130,1350.0,194.470,192.840,1630.0,120.741,0.74,1340.0,318.6,194.470,193.130,191.500,BREAK,2002.12.23 14:00,0,,0,,0,,0,NA,NewYork,BREAK,2002.12.30 19:00,BOUNCE,2003.01.16 21:00,195.820,BREAK,2003.01.30 14:00,0,,0,,0,,0,NA,NewYork,BREAK,2003.01.31 10:00,BOUNCE,2003.02.03 14:00,191.790,BREAK,2002.12.23 14:00,0,,0,,0,,0,NA,NewYork,BREAK,2002.12.30 16:00,BREAK,2003.01.15 15:00,195.810,BREAK,2003.01.30 14:00,0,,0,,0,,0,NA,NewYork,BREAK,2003.01.31 10:00,BOUNCE,2003.02.03 14:00,B-ZE-UN,B-ZD-UN,S-ZB-BO,S-ZO-BR,B-ZE-UN,S-ZF-BR,B-ZG-UN,B-ZC-UN,B-ZB-BO,B-ZF-BR,S-ZG-BR,S-ZB-BR,S-ZE-BO,B-ZD-BO,B-ZO-BR,B-ZO-BO,B-ZF-BO,B-ZF-BR,S-ZC-BR,B-ZG-BO
485,2002.12.21 00:00,GBPJPY,60,86400,SELL,ZG,0,194.470,192.840,1630.0,193.880,192.600,1280.0,78.528,36.20,1040.0,384.7,193.880,192.840,191.560,BREAK,2002.12.23 14:00,0,,0,,0,,0,NA,NewYork,BREAK,2002.12.30 16:00,BREAK,2003.01.15 11:00,195.510,BREAK,2003.01.30 06:00,0,,0,,0,,0,NA,Asia,BREAK,2003.01.30 21:00,BOUNCE,2003.01.31 13:00,191.800,BREAK,2002.12.23 14:00,0,,0,,0,,0,NA,NewYork,BREAK,2002.12.30 16:00,BOUNCE,2002.12.31 11:00,194.920,BREAK,2003.01.28 20:00,0,,0,,0,,0,NA,NewYork,BREAK,2003.01.30 16:00,BREAK,2003.01.31 10:00,S-ZG-BR,B-ZE-UN,B-ZD-UN,S-ZB-BO,S-ZO-BR,B-ZE-UN,S-ZF-BR,B-ZG-UN,B-ZC-UN,B-ZB-BO,S-ZB-BR,S-ZE-BO,B-ZD-BO,B-ZO-BR,B-ZO-BO,B-ZF-BO,B-ZF-BR,S-ZC-BR,B-ZG-BO,S-ZC-BR
486,2002.12.24 00:00,GBPJPY,60,86400,SELL,ZB,1,193.390,192.490,900.0,193.030,191.080,1950.0,216.667,40.00,540.0,212.4,193.030,192.490,190.540,BREAK,2002.12.30 16:00,0,,0,,0,,0,NA,NewYork,BREAK,2002.12.30 19:00,BOUNCE,2003.01.14 15:00,193.930,BOUNCE,2003.01.27 17:00,0,,0,,0,,0,NA,NewYork,NA,,NA,,191.950,BREAK,2002.12.24 00:00,0,,0,,0,,0,NA,Asia,BREAK,2002.12.24 13:00,BREAK,2002.12.30 16:00,193.570,BREAK,2003.01.27 17:00,0,,0,,0,,0,NA,NewYork,BREAK,2003.01.27 18:00,BREAK,2003.01.28 15:00,S-ZG-BR,S-ZG-BR,B-ZE-UN,B-ZD-UN,S-ZB-BO,S-ZO-BR,B-ZE-UN,S-ZF-BR,B-ZG-UN,B-ZC-UN,S-ZE-BO,B-ZD-BO,B-ZO-BR,B-ZO-BO,B-ZF-BO,B-ZF-BR,S-ZC-BR,B-ZG-BO,S-ZC-BR,S-ZB-BO
487,2002.12.25 00:00,GBPJPY,60,86400,SELL,ZE,1,193.030,191.080,1950.0,192.110,190.940,1170.0,60.000,47.18,1030.0,460.2,192.110,191.080,189.910,BOUNCE,2002.12.30 19:00,1,2003.01.03 18:00,1,2003.01.07 18:00,1,2003.01.27 18:00,3,3w 6d,NewYork,NA,,NA,,194.060,BREAK,2003.01.27 18:00,0,,0,,0,,0,NA,NewYork,BREAK,2003.01.30 07:00,BREAK,2003.01.30 19:00,190.050,BOUNCE,2002.12.30 16:00,1,2003.01.07 18:00,1,2003.01.27 18:00,0,,2,4w 0d,NewYork,NA,,NA,,193.140,BOUNCE,2003.01.07 18:00,1,2003.01.13 22:00,1,2003.01.13 22:00,0,,2,6d 4h,NewYork,NA,,NA,,S-ZB-BR,S-ZG-BR,S-ZG-BR,B-ZE-UN,B-ZD-UN,S-ZB-BO,S-ZO-BR,B-ZE-UN,S-ZF-BR,B-ZG-UN,B-ZD-BO,B-ZO-BR,B-ZO-BO,B-ZF-BO,B-ZF-BR,S-ZC-BR,B-ZG-BO,S-ZC-BR,S-ZB-BO,S-ZG-BR
488,2002.12.26 00:00,GBPJPY,60,86400,BUY,ZD,1,192.110,190.940,1170.0,192.220,191.540,680.0,58.120,51.28,570.0,276.1,192.110,191.540,192.790,BOUNCE,2003.01.03 21:00,1,2003.01.06 13:00,1,2003.01.06 20:00,1,2003.01.13 21:00,3,1w 3d,Other,NA,,NA,,190.370,BREAK,2002.12.30 16:00,0,,0,,0,,0,NA,NewYork,BOUNCE,2002.12.31 10:00,NA,,192.680,BOUNCE,2003.01.03 20:00,1,2003.01.06 20:00,1,2003.01.13 21:00,0,,2,1w 3d,NewYork,NA,,NA,,190.970,BREAK,2002.12.30 14:00,0,,0,,0,,0,NA,NewYork,BREAK,2002.12.30 18:00,BOUNCE,2002.12.31 10:00,S-ZE-BO,S-ZB-BR,S-ZG-BR,S-ZG-BR,B-ZE-UN,B-ZD-UN,S-ZB-BO,S-ZO-BR,B-ZE-UN,S-ZF-BR,B-ZO-BR,B-ZO-BO,B-ZF-BO,B-ZF-BR,S-ZC-BR,B-ZG-BO,S-ZC-BR,S-ZB-BO,S-ZG-BR,B-ZG-BR
489,2002.12.27 00:00,GBPJPY,60,86400,BUY,ZO,0,192.220,191.540,680.0,192.390,191.570,820.0,120.588,4.41,650.0,160.5,192.220,191.570,193.040,BREAK,2003.01.07 18:00,0,,0,,0,,0,NA,NewYork,BREAK,2003.01.27 17:00,BREAK,2003.01.27 18:00,190.890,BREAK,2002.12.30 15:00,0,,0,,0,,0,NA,NewYork,BREAK,2002.12.30 18:00,BOUNCE,2003.01.14 13:00,192.870,BOUNCE,2003.01.03 23:00,1,2003.01.06 20:00,1,2003.01.13 18:00,0,,2,1w 2d,Other,NA,,NA,,190.920,BREAK,2002.12.30 14:00,0,,0,,0,,0,NA,NewYork,BREAK,2002.12.30 18:00,BOUNCE,2003.01.14 13:00,B-ZD-BO,S-ZE-BO,S-ZB-BR,S-ZG-BR,S-ZG-BR,B-ZE-UN,B-ZD-UN,S-ZB-BO,S-ZO-BR,B-ZE-UN,B-ZO-BO,B-ZF-BO,B-ZF-BR,S-ZC-BR,B-ZG-BO,S-ZC-BR,S-ZB-BO,S-ZG-BR,B-ZG-BR,B-ZC-BR
490,2002.12.28 00:00,GBPJPY,60,86400,BUY,ZO,0,192.390,191.570,820.0,192.620,191.590,1030.0,125.610,2.44,800.0,193.5,192.390,191.590,193.420,BOUNCE,2003.01.07 22:00,1,2003.01.08 17:00,1,2003.01.13 19:00,1,2003.01.13 19:00,3,5d 21h,Other,NA,,NA,,190.770,BREAK,2002.12.30 16:00,0,,0,,0,,0,NA,NewYork,BREAK,2002.12.30 19:00,BOUNCE,2003.01.14 18:00,193.190,BREAK,2003.01.07 18:00,0,,0,,0,,0,NA,NewYork,BOUNCE,2003.01.27 17:00,NA,,190.790,BREAK,2002.12.30 16:00,0,,0,,0,,0,NA,NewYork,BREAK,2002.12.30 19:00,BOUNCE,2003.01.14 18:00,B-ZO-BR,B-ZD-BO,S-ZE-BO,S-ZB-BR,S-ZG-BR,S-ZG-BR,B-ZE-UN,B-ZD-UN,S-ZB-BO,S-ZO-BR,B-ZF-BO,B-ZF-BR,S-ZC-BR,B-ZG-BO,S-ZC-BR,S-ZB-BO,S-ZG-BR,B-ZG-BR,B-ZC-BR,B-ZF-BR
491,2003.01.04 00:00,GBPJPY,60,86400,BUY,ZF,1,191.730,190.500,1230.0,192.920,190.650,2270.0,184.553,12.20,1080.0,290.3,191.730,190.650,194.000,BOUNCE,2003.01.27 17:00,0,,0,,0,,0,NA,NewYork,NA,,NA,,189.420,BREAK,2003.01.14 14:00,0,,0,,0,,0,NA,NewYork,BREAK,2003.02.20 19:00,BREAK,2003.02.24 03:00,192.810,BOUNCE,2003.01.04 00:00,1,2003.01.14 12:00,1,2003.01.14 14:00,0,,2,1w 3d,Asia,NA,,NA,,189.570,BREAK,2003.01.14 12:00,0,,0,,0,,0,NA,London,BREAK,2003.02.20 19:00,BREAK,2003.02.21 22:00,B-ZO-BO,B-ZO-BR,B-ZD-BO,S-ZE-BO,S-ZB-BR,S-ZG-BR,S-ZG-BR,B-ZE-UN,B-ZD-UN,S-ZB-BO,B-ZF-BR,S-ZC-BR,B-ZG-BO,S-ZC-BR,S-ZB-BO,S-ZG-BR,B-ZG-BR,B-ZC-BR,B-ZF-BR,B-ZG-BR
492,2003.01.08 00:00,GBPJPY,60,86400,BUY,ZF,0,193.030,190.900,2130.0,193.470,191.450,2020.0,94.836,25.82,1580.0,502.7,193.030,191.450,195.050,BREAK,2003.01.29 22:00,0,,0,,0,,0,NA,Other,BREAK,2003.01.30 21:00,BOUNCE,2003.02.05 14:00,189.320,BREAK,2003.01.14 17:00,0,,0,,0,,0,NA,NewYork,BREAK,2003.02.21 22:00,BREAK,2003.02.24 16:00,194.610,BREAK,2003.01.27 18:00,0,,0,,0,,0,NA,NewYork,BREAK,2003.01.30 20:00,BREAK,2003.02.03 05:00,189.870,BREAK,2003.01.14 11:00,0,,0,,0,,0,NA,London,BREAK,2003.02.21 21:00,BREAK,2003.02.24 14:00,B-ZF-BO,B-ZO-BO,B-ZO-BR,B-ZD-BO,S-ZE-BO,S-ZB-BR,S-ZG-BR,S-ZG-BR,B-ZE-UN,B-ZD-UN,S-ZC-BR,B-ZG-BO,S-ZC-BR,S-ZB-BO,S-ZG-BR,B-ZG-BR,B-ZC-BR,B-ZF-BR,B-ZG-BR,B-ZD-BR
493,2003.01.10 00:00,GBPJPY,60,86400,SELL,ZC,1,193.540,191.410,2130.0,192.370,191.250,1120.0,52.582,54.93,960.0,502.7,192.370,191.410,190.290,BREAK,2003.01.13 22:00,0,,0,,0,,0,NA,Other,BREAK,2003.01.15 15:00,BOUNCE,2003.02.21 15:00,194.500,BOUNCE,2003.01.27 18:00,1,2003.02.17 11:00,1,2003.02.18 11:00,1,2003.02.18 11:00,3,3w 0d,NewYork,NA,,NA,,190.450,BREAK,2003.01.13 20:00,0,,0,,0,,0,NA,NewYork,BREAK,2003.01.15 13:00,BOUNCE,2003.02.21 16:00,193.330,BREAK,2003.01.27 17:00,0,,0,,0,,0,NA,NewYork,BREAK,2003.01.28 15:00,BREAK,2003.01.30 14:00,B-ZF-BR,B-ZF-BO,B-ZO-BO,B-ZO-BR,B-ZD-BO,S-ZE-BO,S-ZB-BR,S-ZG-BR,S-ZG-BR,B-ZE-UN,B-ZG-BO,S-ZC-BR,S-ZB-BO,S-ZG-BR,B-ZG-BR,B-ZC-BR,B-ZF-BR,B-ZG-BR,B-ZD-BR,B-ZF-BO
494,2003.01.11 00:00,GBPJPY,60,86400,BUY,ZG,0,192.370,191.250,1120.0,192.840,191.420,1420.0,126.786,15.18,950.0,264.3,192.370,191.420,193.790,BOUNCE,2003.01.27 17:00,1,2003.02.18 01:00,1,2003.02.18 11:00,1,2003.02.18 11:00,3,3w 0d,NewYork,NA,,NA,,190.300,BREAK,2003.01.13 22:00,0,,0,,0,,0,NA,Other,BREAK,2003.01.15 11:00,BREAK,2003.02.20 19:00,193.320,BREAK,2003.01.27 17:00,0,,0,,0,,0,NA,NewYork,BREAK,2003.01.27 18:00,BREAK,2003.01.30 06:00,190.470,BREAK,2003.01.13 20:00,0,,0,,0,,0,NA,NewYork,BREAK,2003.01.14 17:00,BREAK,2003.02.20 19:00,S-ZC-BR,B-ZF-BR,B-ZF-BO,B-ZO-BO,B-ZO-BR,B-ZD-BO,S-ZE-BO,S-ZB-BR,S-ZG-BR,S-ZG-BR,S-ZC-BR,S-ZB-BO,S-ZG-BR,B-ZG-BR,B-ZC-BR,B-ZF-BR,B-ZG-BR,B-ZD-BR,B-ZF-BO,B-ZD-BO
495,2003.01.13 02:00,GBPJPY,60,86400,SELL,ZC,1,192.840,191.420,1420.0,191.900,191.240,660.0,46.479,66.20,480.0,335.1,191.900,191.420,190.760,BREAK,2003.01.13 19:00,0,,0,,0,,0,NA,NewYork,BREAK,2003.01.13 22:00,BOUNCE,2003.01.14 11:00,193.320,BREAK,2003.01.27 17:00,0,,0,,0,,0,NA,NewYork,BREAK,2003.01.27 18:00,BOUNCE,2003.01.27 19:00,190.940,BOUNCE,2003.01.13 18:00,1,2003.01.24 11:00,1,2003.01.27 17:00,0,,2,1w 6d,NewYork,NA,,NA,,192.380,BREAK,2003.01.24 11:00,0,,0,,0,,0,NA,London,BOUNCE,2003.01.24 16:00,NA,,B-ZG-BO,S-ZC-BR,B-ZF-BR,B-ZF-BO,B-ZO-BO,B-ZO-BR,B-ZD-BO,S-ZE-BO,S-ZB-BR,S-ZG-BR,S-ZB-BO,S-ZG-BR,B-ZG-BR,B-ZC-BR,B-ZF-BR,B-ZG-BR,B-ZD-BR,B-ZF-BO,B-ZD-BO,B-ZC-BR
496,2003.01.15 00:00,GBPJPY,60,86400,SELL,ZB,1,192.030,189.890,2140.0,190.690,189.150,1540.0,71.963,62.62,800.0,505.0,190.690,189.890,188.350,BOUNCE,2003.02.20 19:00,0,,0,,0,,0,NA,NewYork,NA,,NA,,192.830,BOUNCE,2003.01.24 15:00,1,2003.02.18 04:00,1,2003.02.18 20:00,1,2003.02.20 19:00,3,3w 6d,NewYork,NA,,NA,,189.090,BOUNCE,2003.01.15 11:00,1,2003.01.21 18:00,1,2003.01.24 15:00,0,,2,1w 2d,London,NA,,NA,,191.490,BOUNCE,2003.01.21 18:00,1,2003.02.18 20:00,1,2003.02.18 20:00,0,,2,4w 0d,NewYork,NA,,NA,,S-ZC-BR,B-ZG-BO,S-ZC-BR,B-ZF-BR,B-ZF-BO,B-ZO-BO,B-ZO-BR,B-ZD-BO,S-ZE-BO,S-ZB-BR,S-ZG-BR,B-ZG-BR,B-ZC-BR,B-ZF-BR,B-ZG-BR,B-ZD-BR,B-ZF-BO,B-ZD-BO,B-ZC-BR,B-ZB-BR
497,2003.01.16 00:00,GBPJPY,60,86400,SELL,ZG,0,190.690,189.150,1540.0,190.190,188.590,1600.0,103.896,32.47,1040.0,363.4,190.190,189.150,187.550,BREAK,2003.02.21 22:00,0,,0,,0,,0,NA,Other,BOUNCE,2003.02.24 10:00,NA,,191.730,BREAK,2003.01.23 00:00,0,,0,,0,,0,NA,Asia,BREAK,2003.01.27 17:00,BREAK,2003.01.27 18:00,188.110,BOUNCE,2003.02.20 19:00,0,,0,,0,,0,NA,NewYork,NA,,NA,,191.230,BOUNCE,2003.01.21 11:00,1,2003.02.20 19:00,1,2003.02.20 19:00,0,,2,4w 2d,London,NA,,NA,,S-ZB-BO,S-ZC-BR,B-ZG-BO,S-ZC-BR,B-ZF-BR,B-ZF-BO,B-ZO-BO,B-ZO-BR,B-ZD-BO,S-ZE-BO,B-ZG-BR,B-ZC-BR,B-ZF-BR,B-ZG-BR,B-ZD-BR,B-ZF-BO,B-ZD-BO,B-ZC-BR,B-ZB-BR,B-ZB-BO
498,2003.01.17 00:00,GBPJPY,60,86400,BUY,ZG,0,190.190,188.590,1600.0,190.250,188.910,1340.0,83.750,20.00,1280.0,377.6,190.190,188.910,191.530,BREAK,2003.01.22 20:00,0,,0,,0,,0,NA,NewYork,BREAK,2003.01.27 17:00,BREAK,2003.01.27 18:00,187.310,BREAK,2003.02.21 22:00,0,,0,,0,,0,NA,Other,BREAK,2003.02.24 16:00,BREAK,2003.02.25 15:00,191.470,BOUNCE,2003.01.21 18:00,1,2003.02.21 21:00,1,2003.02.21 22:00,0,,2,4w 3d,NewYork,NA,,NA,,187.630,BREAK,2003.02.21 21:00,0,,0,,0,,0,NA,Other,BREAK,2003.02.24 14:00,BREAK,2003.02.25 14:00,S-ZG-BR,S-ZB-BO,S-ZC-BR,B-ZG-BO,S-ZC-BR,B-ZF-BR,B-ZF-BO,B-ZO-BO,B-ZO-BR,B-ZD-BO,B-ZC-BR,B-ZF-BR,B-ZG-BR,B-ZD-BR,B-ZF-BO,B-ZD-BO,B-ZC-BR,B-ZB-BR,B-ZB-BO,B-ZD-BO
499,2003.01.18 00:00,GBPJPY,60,86400,BUY,ZC,1,190.250,188.910,1340.0,190.970,189.480,1490.0,111.194,42.54,770.0,316.2,190.250,189.480,191.740,BREAK,2003.01.23 01:00,0,,0,,0,,0,NA,Asia,BREAK,2003.01.24 15:00,BREAK,2003.01.27 17:00,188.140,BOUNCE,2003.02.20 19:00,1,2003.02.21 16:00,0,,0,,1,21h,NewYork,NA,,NA,,191.020,BREAK,2003.01.21 08:00,0,,0,,0,,0,NA,London,BREAK,2003.01.23 04:00,BREAK,2003.01.24 16:00,188.710,BREAK,2003.02.20 18:00,0,,0,,0,,0,NA,NewYork,BREAK,2003.02.21 21:00,BREAK,2003.02.24 03:00,B-ZG-BR,S-ZG-BR,S-ZB-BO,S-ZC-BR,B-ZG-BO,S-ZC-BR,B-ZF-BR,B-ZF-BO,B-ZO-BO,B-ZO-BR,B-ZF-BR,B-ZG-BR,B-ZD-BR,B-ZF-BO,B-ZD-BO,B-ZC-BR,B-ZB-BR,B-ZB-BO,B-ZD-BO,S-ZG-BO
500,2003.01.22 00:00,GBPJPY,60,86400,BUY,ZF,1,190.560,189.590,970.0,191.510,189.680,1830.0,188.660,9.28,880.0,228.9,190.560,189.680,192.390,BREAK,2003.01.24 11:00,0,,0,,0,,0,NA,London,BREAK,2003.01.27 17:00,BREAK,2003.01.27 18:00,188.710,BREAK,2003.02.20 18:00,0,,0,,0,,0,NA,NewYork,BREAK,2003.02.21 21:00,BREAK,2003.02.24 03:00,191.440,BOUNCE,2003.01.22 04:00,1,2003.02.20 18:00,1,2003.02.20 18:00,0,,2,4w 1d,Asia,NA,,NA,,188.800,BREAK,2003.02.20 18:00,0,,0,,0,,0,NA,NewYork,BREAK,2003.02.21 21:00,BREAK,2003.02.24 03:00,B-ZC-BR,B-ZG-BR,S-ZG-BR,S-ZB-BO,S-ZC-BR,B-ZG-BO,S-ZC-BR,B-ZF-BR,B-ZF-BO,B-ZO-BO,B-ZG-BR,B-ZD-BR,B-ZF-BO,B-ZD-BO,B-ZC-BR,B-ZB-BR,B-ZB-BO,B-ZD-BO,S-ZG-BO,S-ZC-BO
501,2003.01.23 00:00,GBPJPY,60,86400,BUY,ZG,0,191.510,189.680,1830.0,191.630,189.850,1780.0,97.268,9.29,1660.0,431.9,191.510,189.850,193.290,BREAK,2003.01.27 17:00,0,,0,,0,,0,NA,NewYork,BREAK,2003.01.30 03:00,BREAK,2003.01.30 21:00,188.020,BREAK,2003.02.21 19:00,0,,0,,0,,0,NA,NewYork,BREAK,2003.02.24 15:00,BREAK,2003.02.25 16:00,193.170,BREAK,2003.01.27 17:00,0,,0,,0,,0,NA,NewYork,BREAK,2003.01.29 23:00,BREAK,2003.01.30 21:00,188.190,BREAK,2003.02.20 19:00,0,,0,,0,,0,NA,NewYork,BREAK,2003.02.24 14:00,BREAK,2003.02.25 15:00,B-ZF-BR,B-ZC-BR,B-ZG-BR,S-ZG-BR,S-ZB-BO,S-ZC-BR,B-ZG-BO,S-ZC-BR,B-ZF-BR,B-ZF-BO,B-ZD-BR,B-ZF-BO,B-ZD-BO,B-ZC-BR,B-ZB-BR,B-ZB-BO,B-ZD-BO,S-ZG-BO,S-ZC-BO,B-ZH-UN
502,2003.01.24 00:00,GBPJPY,60,86400,BUY,ZD,1,191.630,189.850,1780.0,192.220,190.810,1410.0,79.213,53.93,820.0,420.1,191.630,190.810,193.040,BREAK,2003.01.27 14:00,0,,0,,0,,0,NA,NewYork,BREAK,2003.01.27 18:00,BREAK,2003.01.29 22:00,189.030,BOUNCE,2003.02.18 20:00,1,2003.02.20 10:00,0,,0,,1,1d 14h,NewYork,NA,,NA,,192.450,BREAK,2003.01.24 11:00,0,,0,,0,,0,NA,London,BREAK,2003.01.27 17:00,BREAK,2003.01.27 18:00,189.990,BREAK,2003.02.18 15:00,0,,0,,0,,0,NA,NewYork,BOUNCE,2003.02.19 11:00,NA,,B-ZG-BR,B-ZF-BR,B-ZC-BR,B-ZG-BR,S-ZG-BR,S-ZB-BO,S-ZC-BR,B-ZG-BO,S-ZC-BR,B-ZF-BR,B-ZF-BO,B-ZD-BO,B-ZC-BR,B-ZB-BR,B-ZB-BO,B-ZD-BO,S-ZG-BO,S-ZC-BO,B-ZH-UN,S-ZF-BR
503,2003.01.25 00:00,GBPJPY,60,86400,BUY,ZF,0,192.220,190.810,1410.0,192.960,191.330,1630.0,115.603,36.88,890.0,332.8,192.220,191.330,193.850,BOUNCE,2003.01.27 17:00,1,2003.02.17 15:00,1,2003.02.18 11:00,1,2003.02.18 15:00,3,3w 0d,NewYork,NA,,NA,,189.920,BREAK,2003.02.18 15:00,0,,0,,0,,0,NA,NewYork,BOUNCE,2003.02.19 09:00,NA,,193.110,BREAK,2003.01.27 17:00,0,,0,,0,,0,NA,NewYork,BREAK,2003.01.27 18:00,BREAK,2003.01.29 23:00,190.440,BOUNCE,2003.02.18 11:00,0,,0,,0,,0,NA,London,NA,,NA,,B-ZD-BR,B-ZG-BR,B-ZF-BR,B-ZC-BR,B-ZG-BR,S-ZG-BR,S-ZB-BO,S-ZC-BR,B-ZG-BO,S-ZC-BR,B-ZD-BO,B-ZC-BR,B-ZB-BR,B-ZB-BO,B-ZD-BO,S-ZG-BO,S-ZC-BO,B-ZH-UN,S-ZF-BR,S-ZE-BO
504,2003.01.28 00:00,GBPJPY,60,86400,BUY,ZD,1,192.560,192.090,470.0,194.730,192.280,2450.0,521.277,40.43,280.0,110.9,192.560,192.280,195.010,BOUNCE,2003.01.28 21:00,1,2003.01.28 22:00,1,2003.02.17 20:00,1,2003.02.18 03:00,3,2w 6d,Other,NA,,NA,,191.810,BREAK,2003.02.18 03:00,0,,0,,0,,0,NA,Asia,BREAK,2003.02.18 04:00,BREAK,2003.02.18 05:00,192.840,BREAK,2003.01.28 00:00,0,,0,,0,,0,NA,Asia,BREAK,2003.01.28 01:00,BREAK,2003.01.28 02:00,192.000,BOUNCE,2003.02.17 20:00,0,,0,,0,,0,NA,NewYork,NA,,NA,,B-ZF-BO,B-ZD-BR,B-ZG-BR,B-ZF-BR,B-ZC-BR,B-ZG-BR,S-ZG-BR,S-ZB-BO,S-ZC-BR,B-ZG-BO,B-ZC-BR,B-ZB-BR,B-ZB-BO,B-ZD-BO,S-ZG-BO,S-ZC-BO,B-ZH-UN,S-ZF-BR,S-ZE-BO,S-ZB-BR
505,2003.01.29 00:00,GBPJPY,60,86400,BUY,ZC,1,194.730,192.280,2450.0,195.020,193.340,1680.0,68.571,43.27,1390.0,578.2,194.730,193.340,196.410,BREAK,2003.01.30 16:00,0,,0,,0,,0,NA,NewYork,BREAK,2003.02.03 05:00,UNTOUCHED,,190.890,BREAK,2003.02.18 04:00,0,,0,,0,,0,NA,Asia,BREAK,2003.02.20 17:00,BOUNCE,2003.02.21 16:00,196.120,BREAK,2003.01.30 14:00,0,,0,,0,,0,NA,NewYork,BREAK,2003.02.03 05:00,UNTOUCHED,,191.950,BREAK,2003.02.17 20:00,0,,0,,0,,0,NA,NewYork,BREAK,2003.02.18 15:00,BOUNCE,2003.02.20 08:00,B-ZD-BO,B-ZF-BO,B-ZD-BR,B-ZG-BR,B-ZF-BR,B-ZC-BR,B-ZG-BR,S-ZG-BR,S-ZB-BO,S-ZC-BR,B-ZB-BR,B-ZB-BO,B-ZD-BO,S-ZG-BO,S-ZC-BO,B-ZH-UN,S-ZF-BR,S-ZE-BO,S-ZB-BR,S-ZD-BR
506,2003.01.30 00:00,GBPJPY,60,86400,BUY,ZB,1,195.020,193.340,1680.0,195.320,194.070,1250.0,74.405,43.45,950.0,396.5,195.020,194.070,196.270,BREAK,2003.01.30 16:00,0,,0,,0,,0,NA,NewYork,BREAK,2003.01.31 10:00,BREAK,2003.02.03 05:00,192.390,BREAK,2003.02.17 11:00,0,,0,,0,,0,NA,London,BREAK,2003.02.18 04:00,BOUNCE,2003.02.18 11:00,195.970,BREAK,2003.01.30 14:00,0,,0,,0,,0,NA,NewYork,BREAK,2003.01.31 04:00,BREAK,2003.02.03 05:00,193.120,BREAK,2003.02.17 11:00,0,,0,,0,,0,NA,London,BREAK,2003.02.18 03:00,BREAK,2003.02.18 04:00,B-ZC-BR,B-ZD-BO,B-ZF-BO,B-ZD-BR,B-ZG-BR,B-ZF-BR,B-ZC-BR,B-ZG-BR,S-ZG-BR,S-ZB-BO,B-ZB-BO,B-ZD-BO,S-ZG-BO,S-ZC-BO,B-ZH-UN,S-ZF-BR,S-ZE-BO,S-ZB-BR,S-ZD-BR,S-ZB-BR
507,2003.01.31 00:00,GBPJPY,60,86400,BUY,ZB,1,195.320,194.070,1250.0,197.160,194.860,2300.0,184.000,63.20,460.0,295.0,195.320,194.860,197.620,BOUNCE,2003.01.31 10:00,1,2003.01.31 13:00,1,2003.02.14 13:00,1,2003.02.14 20:00,3,2w 0d,London,NA,,NA,,193.610,BOUNCE,2003.02.14 20:00,1,2003.02.15 01:00,0,,0,,1,5h,NewYork,NA,,NA,,195.780,BREAK,2003.01.31 00:00,0,,0,,0,,0,NA,Asia,BREAK,2003.01.31 01:00,BREAK,2003.01.31 02:00,194.400,BOUNCE,2003.02.14 13:00,0,,0,,0,,0,NA,NewYork,NA,,NA,,B-ZB-BR,B-ZC-BR,B-ZD-BO,B-ZF-BO,B-ZD-BR,B-ZG-BR,B-ZF-BR,B-ZC-BR,B-ZG-BR,S-ZG-BR,B-ZD-BO,S-ZG-BO,S-ZC-BO,B-ZH-UN,S-ZF-BR,S-ZE-BO,S-ZB-BR,S-ZD-BR,S-ZB-BR,S-ZF-UN
508,2003.02.01 00:00,GBPJPY,60,86400,BUY,ZD,1,197.160,194.860,2300.0,197.710,196.450,1260.0,54.783,69.13,710.0,542.8,197.160,196.450,198.420,BOUNCE,2003.02.03 05:00,1,2003.02.03 18:00,1,2003.02.06 17:00,1,2003.02.14 19:00,3,1w 4d,Asia,NA,,NA,,194.150,BREAK,2003.02.14 19:00,0,,0,,0,,0,NA,NewYork,BREAK,2003.02.17 11:00,BREAK,2003.02.17 14:00,197.870,BREAK,2003.02.03 05:00,0,,0,,0,,0,NA,Asia,UNTOUCHED,,NA,,195.740,BOUNCE,2003.02.06 17:00,0,,0,,0,,0,NA,NewYork,NA,,NA,,B-ZB-BO,B-ZB-BR,B-ZC-BR,B-ZD-BO,B-ZF-BO,B-ZD-BR,B-ZG-BR,B-ZF-BR,B-ZC-BR,B-ZG-BR,S-ZG-BO,S-ZC-BO,B-ZH-UN,S-ZF-BR,S-ZE-BO,S-ZB-BR,S-ZD-BR,S-ZB-BR,S-ZF-UN,B-ZH-BR
509,2003.02.06 00:00,GBPJPY,60,86400,SELL,ZG,0,198.120,197.020,1100.0,197.710,196.560,1150.0,104.545,37.27,690.0,259.6,197.710,197.020,195.870,BOUNCE,2003.02.06 17:00,1,2003.02.10 17:00,0,,0,,1,4d 0h,NewYork,NA,,NA,,198.810,UNTOUCHED,,0,,0,,0,,0,NA,Other,NA,,NA,,196.330,BREAK,2003.02.06 16:00,0,,0,,0,,0,NA,NewYork,BREAK,2003.02.07 10:00,BOUNCE,2003.02.13 19:00,198.400,UNTOUCHED,,0,,0,,0,,0,NA,Other,NA,,NA,,B-ZD-BO,B-ZB-BO,B-ZB-BR,B-ZC-BR,B-ZD-BO,B-ZF-BO,B-ZD-BR,B-ZG-BR,B-ZF-BR,B-ZC-BR,S-ZC-BO,B-ZH-UN,S-ZF-BR,S-ZE-BO,S-ZB-BR,S-ZD-BR,S-ZB-BR,S-ZF-UN,B-ZH-BR,B-ZE-BO
510,2003.02.08 00:00,GBPJPY,60,86400,SELL,ZC,1,197.710,195.730,1980.0,196.450,195.120,1330.0,67.172,63.64,720.0,467.3,196.450,195.730,194.400,BOUNCE,2003.02.14 13:00,0,,0,,0,,0,NA,NewYork,NA,,NA,,198.430,UNTOUCHED,,0,,0,,0,,0,NA,Other,NA,,NA,,195.010,BOUNCE,2003.02.13 19:00,0,,0,,0,,0,NA,NewYork,NA,,NA,,197.170,BREAK,2003.02.10 16:00,0,,0,,0,,0,NA,NewYork,UNTOUCHED,,NA,,S-ZG-BO,B-ZD-BO,B-ZB-BO,B-ZB-BR,B-ZC-BR,B-ZD-BO,B-ZF-BO,B-ZD-BR,B-ZG-BR,B-ZF-BR,B-ZH-UN,S-ZF-BR,S-ZE-BO,S-ZB-BR,S-ZD-BR,S-ZB-BR,S-ZF-UN,B-ZH-BR,B-ZE-BO,B-ZC-BR
511,2003.02.11 00:00,GBPJPY,60,86400,BUY,ZH,1,196.400,195.980,420.0,197.750,196.040,1710.0,407.143,14.29,360.0,99.1,196.400,196.040,198.110,UNTOUCHED,,0,,0,,0,,0,NA,Other,NA,,NA,,195.620,BREAK,2003.02.12 06:00,0,,0,,0,,0,NA,Asia,BREAK,2003.02.12 10:00,BOUNCE,2003.02.13 19:00,196.760,BREAK,2003.02.11 00:00,0,,0,,0,,0,NA,Asia,BREAK,2003.02.11 01:00,UNTOUCHED,,195.680,BREAK,2003.02.12 06:00,0,,0,,0,,0,NA,Asia,BOUNCE,2003.02.12 09:00,NA,,S-ZC-BO,S-ZG-BO,B-ZD-BO,B-ZB-BO,B-ZB-BR,B-ZC-BR,B-ZD-BO,B-ZF-BO,B-ZD-BR,B-ZG-BR,S-ZF-BR,S-ZE-BO,S-ZB-BR,S-ZD-BR,S-ZB-BR,S-ZF-UN,B-ZH-BR,B-ZE-BO,B-ZC-BR,B-ZF-BR
512,2003.02.12 00:00,GBPJPY,60,86400,SELL,ZF,0,197.750,196.040,1710.0,197.470,195.700,1770.0,103.509,16.37,1430.0,403.6,197.470,196.040,194.270,BREAK,2003.02.14 19:00,0,,0,,0,,0,NA,NewYork,BREAK,2003.02.17 11:00,BREAK,2003.02.18 04:00,199.180,UNTOUCHED,,0,,0,,0,,0,NA,Other,NA,,NA,,194.610,BREAK,2003.02.14 11:00,0,,0,,0,,0,NA,London,BREAK,2003.02.17 11:00,BREAK,2003.02.18 04:00,198.900,UNTOUCHED,,0,,0,,0,,0,NA,Other,NA,,NA,,B-ZH-UN,S-ZC-BO,S-ZG-BO,B-ZD-BO,B-ZB-BO,B-ZB-BR,B-ZC-BR,B-ZD-BO,B-ZF-BO,B-ZD-BR,S-ZE-BO,S-ZB-BR,S-ZD-BR,S-ZB-BR,S-ZF-UN,B-ZH-BR,B-ZE-BO,B-ZC-BR,B-ZF-BR,B-ZD-BO
513,2003.02.13 00:00,GBPJPY,60,86400,SELL,ZE,1,197.470,195.700,1770.0,196.430,195.050,1380.0,77.966,58.76,730.0,417.7,196.430,195.700,194.320,BOUNCE,2003.02.14 13:00,0,,0,,0,,0,NA,NewYork,NA,,NA,,198.200,UNTOUCHED,,0,,0,,0,,0,NA,Other,NA,,NA,,194.970,BOUNCE,2003.02.13 19:00,0,,0,,0,,0,NA,NewYork,NA,,NA,,197.160,UNTOUCHED,,0,,0,,0,,0,NA,Other,NA,,NA,,S-ZF-BR,B-ZH-UN,S-ZC-BO,S-ZG-BO,B-ZD-BO,B-ZB-BO,B-ZB-BR,B-ZC-BR,B-ZD-BO,B-ZF-BO,S-ZB-BR,S-ZD-BR,S-ZB-BR,S-ZF-UN,B-ZH-BR,B-ZE-BO,B-ZC-BR,B-ZF-BR,B-ZD-BO,S-ZG-BR
514,2003.02.15 00:00,GBPJPY,60,86400,SELL,ZB,1,196.590,194.860,1730.0,195.740,193.430,2310.0,133.526,49.13,880.0,408.3,195.740,194.860,192.550,BREAK,2003.02.17 11:00,0,,0,,0,,0,NA,London,BREAK,2003.02.18 04:00,BREAK,2003.02.18 11:00,197.470,UNTOUCHED,,0,,0,,0,,0,NA,Other,NA,,NA,,193.980,BREAK,2003.02.17 02:00,0,,0,,0,,0,NA,Asia,BREAK,2003.02.17 11:00,BREAK,2003.02.18 03:00,196.620,UNTOUCHED,,0,,0,,0,,0,NA,Other,NA,,NA,,S-ZE-BO,S-ZF-BR,B-ZH-UN,S-ZC-BO,S-ZG-BO,B-ZD-BO,B-ZB-BO,B-ZB-BR,B-ZC-BR,B-ZD-BO,S-ZD-BR,S-ZB-BR,S-ZF-UN,B-ZH-BR,B-ZE-BO,B-ZC-BR,B-ZF-BR,B-ZD-BO,S-ZG-BR,B-ZB-BR
515,2003.02.18 00:00,GBPJPY,60,86400,SELL,ZD,1,194.530,194.110,420.0,194.360,191.920,2440.0,580.952,40.48,250.0,99.1,194.360,194.110,191.670,BREAK,2003.02.18 03:00,0,,0,,0,,0,NA,Asia,BREAK,2003.02.18 04:00,BREAK,2003.02.18 05:00,194.780,UNTOUCHED,,0,,0,,0,,0,NA,Other,NA,,NA,,193.860,BREAK,2003.02.18 00:00,0,,0,,0,,0,NA,Asia,BREAK,2003.02.18 01:00,BREAK,2003.02.18 02:00,194.610,UNTOUCHED,,0,,0,,0,,0,NA,Other,NA,,NA,,S-ZB-BR,S-ZE-BO,S-ZF-BR,B-ZH-UN,S-ZC-BO,S-ZG-BO,B-ZD-BO,B-ZB-BO,B-ZB-BR,B-ZC-BR,S-ZB-BR,S-ZF-UN,B-ZH-BR,B-ZE-BO,B-ZC-BR,B-ZF-BR,B-ZD-BO,S-ZG-BR,B-ZB-BR,B-ZD-BO
516,2003.02.22 00:00,GBPJPY,60,86400,SELL,ZB,1,190.720,188.030,2690.0,189.680,187.110,2570.0,95.539,38.66,1650.0,634.8,189.680,188.030,185.460,BREAK,2003.02.25 13:00,0,,0,,0,,0,NA,NewYork,UNTOUCHED,,NA,,192.370,UNTOUCHED,,0,,0,,0,,0,NA,Other,NA,,NA,,186.380,BREAK,2003.02.24 03:00,0,,0,,0,,0,NA,Asia,BREAK,2003.02.25 18:00,UNTOUCHED,,191.330,UNTOUCHED,,0,,0,,0,,0,NA,Other,NA,,NA,,S-ZD-BR,S-ZB-BR,S-ZE-BO,S-ZF-BR,B-ZH-UN,S-ZC-BO,S-ZG-BO,B-ZD-BO,B-ZB-BO,B-ZB-BR,S-ZF-UN,B-ZH-BR,B-ZE-BO,B-ZC-BR,B-ZF-BR,B-ZD-BO,S-ZG-BR,B-ZB-BR,B-ZD-BO,B-ZH-UN
517,2003.02.26 00:00,GBPJPY,60,86400,SELL,ZF,1,187.700,185.650,2050.0,187.650,183.880,3770.0,183.902,2.44,2000.0,483.8,187.650,185.650,181.880,UNTOUCHED,,0,,0,,0,,0,NA,Other,NA,,NA,,189.700,BREAK,2003.03.13 03:00,0,,0,,0,,0,NA,Asia,UNTOUCHED,,NA,,183.650,UNTOUCHED,,0,,0,,0,,0,NA,Other,NA,,NA,,189.650,BREAK,2003.03.13 03:00,0,,0,,0,,0,NA,Asia,UNTOUCHED,,NA,,S-ZB-BR,S-ZD-BR,S-ZB-BR,S-ZE-BO,S-ZF-BR,B-ZH-UN,S-ZC-BO,S-ZG-BO,B-ZD-BO,B-ZB-BO,B-ZH-BR,B-ZE-BO,B-ZC-BR,B-ZF-BR,B-ZD-BO,S-ZG-BR,B-ZB-BR,B-ZD-BO,B-ZH-UN,S-ZF-BO
518,2003.02.28 00:00,GBPJPY,60,86400,BUY,ZH,0,185.550,184.420,1130.0,186.020,184.540,1480.0,130.973,10.62,1010.0,266.7,185.550,184.540,187.030,BREAK,2003.03.05 12:00,0,,0,,0,,0,NA,London,BREAK,2003.03.06 12:00,BREAK,2003.03.12 12:00,183.410,UNTOUCHED,,0,,0,,0,,0,NA,Other,NA,,NA,,186.560,BOUNCE,2003.02.28 13:00,0,,0,,0,,0,NA,NewYork,NA,,NA,,183.530,UNTOUCHED,,0,,0,,0,,0,NA,Other,NA,,NA,,S-ZF-UN,S-ZB-BR,S-ZD-BR,S-ZB-BR,S-ZE-BO,S-ZF-BR,B-ZH-UN,S-ZC-BO,S-ZG-BO,B-ZD-BO,B-ZE-BO,B-ZC-BR,B-ZF-BR,B-ZD-BO,S-ZG-BR,B-ZB-BR,B-ZD-BO,B-ZH-UN,S-ZF-BO,B-ZE-BO
519,2003.03.01 00:00,GBPJPY,60,86400,BUY,ZE,1,186.020,184.540,1480.0,186.770,185.600,1170.0,79.054,71.62,420.0,349.3,186.020,185.600,187.190,BOUNCE,2003.03.05 12:00,1,2003.03.07 20:00,1,2003.03.19 12:00,0,,2,2w 0d,London,NA,,NA,,184.120,UNTOUCHED,,0,,0,,0,,0,NA,Other,NA,,NA,,186.440,BOUNCE,2003.03.03 19:00,1,2003.03.03 21:00,0,,0,,1,2h,NewYork,NA,,NA,,185.180,BREAK,2003.03.03 21:00,0,,0,,0,,0,NA,Other,UNTOUCHED,,NA,,B-ZH-BR,S-ZF-UN,S-ZB-BR,S-ZD-BR,S-ZB-BR,S-ZE-BO,S-ZF-BR,B-ZH-UN,S-ZC-BO,S-ZG-BO,B-ZC-BR,B-ZF-BR,B-ZD-BO,S-ZG-BR,B-ZB-BR,B-ZD-BO,B-ZH-UN,S-ZF-BO,B-ZE-BO,B-ZF-BR
520,2003.03.05 00:00,GBPJPY,60,86400,BUY,ZC,1,186.450,184.710,1740.0,186.950,185.460,1490.0,85.632,43.10,990.0,410.6,186.450,185.460,187.940,BREAK,2003.03.05 18:00,0,,0,,0,,0,NA,NewYork,BREAK,2003.03.12 12:00,BOUNCE,2003.03.13 08:00,183.720,UNTOUCHED,,0,,0,,0,,0,NA,Other,NA,,NA,,187.440,BREAK,2003.03.05 15:00,0,,0,,0,,0,NA,NewYork,BOUNCE,2003.03.07 01:00,NA,,184.470,UNTOUCHED,,0,,0,,0,,0,NA,Other,NA,,NA,,B-ZE-BO,B-ZH-BR,S-ZF-UN,S-ZB-BR,S-ZD-BR,S-ZB-BR,S-ZE-BO,S-ZF-BR,B-ZH-UN,S-ZC-BO,B-ZF-BR,B-ZD-BO,S-ZG-BR,B-ZB-BR,B-ZD-BO,B-ZH-UN,S-ZF-BO,B-ZE-BO,B-ZF-BR,S-ZO-BR
521,2003.03.06 00:00,GBPJPY,60,86400,BUY,ZF,1,186.950,185.460,1490.0,188.240,185.900,2340.0,157.047,29.53,1050.0,351.6,186.950,185.900,189.290,BREAK,2003.03.12 11:00,0,,0,,0,,0,NA,London,BOUNCE,2003.03.14 06:00,NA,,184.410,UNTOUCHED,,0,,0,,0,,0,NA,Other,NA,,NA,,188.000,BREAK,2003.03.06 00:00,0,,0,,0,,0,NA,Asia,BREAK,2003.03.12 12:00,BREAK,2003.03.13 17:00,184.850,BOUNCE,2003.03.19 13:00,1,2003.03.19 19:00,1,2003.03.19 19:00,0,,2,6h,NewYork,NA,,NA,,B-ZC-BR,B-ZE-BO,B-ZH-BR,S-ZF-UN,S-ZB-BR,S-ZD-BR,S-ZB-BR,S-ZE-BO,S-ZF-BR,B-ZH-UN,B-ZD-BO,S-ZG-BR,B-ZB-BR,B-ZD-BO,B-ZH-UN,S-ZF-BO,B-ZE-BO,B-ZF-BR,S-ZO-BR,S-ZF-BR
522,2003.03.07 00:00,GBPJPY,60,86400,BUY,ZD,1,188.240,185.900,2340.0,188.690,187.560,1130.0,48.291,70.94,680.0,552.2,188.240,187.560,189.370,BOUNCE,2003.03.12 12:00,1,2003.03.14 18:00,1,2003.03.17 11:00,1,2003.03.19 12:00,3,1w 0d,London,NA,,NA,,185.220,BOUNCE,2003.03.19 12:00,1,2003.03.19 17:00,1,2003.03.21 14:00,1,2003.03.21 14:00,3,2d 2h,London,NA,,NA,,188.920,BREAK,2003.03.12 11:00,0,,0,,0,,0,NA,London,BOUNCE,2003.03.13 08:00,NA,,186.880,BOUNCE,2003.03.07 19:00,1,2003.03.12 11:00,1,2003.03.12 11:00,0,,2,4d 16h,NewYork,NA,,NA,,B-ZF-BR,B-ZC-BR,B-ZE-BO,B-ZH-BR,S-ZF-UN,S-ZB-BR,S-ZD-BR,S-ZB-BR,S-ZE-BO,S-ZF-BR,S-ZG-BR,B-ZB-BR,B-ZD-BO,B-ZH-UN,S-ZF-BO,B-ZE-BO,B-ZF-BR,S-ZO-BR,S-ZF-BR,S-ZH-BR
523,2003.03.08 00:00,GBPJPY,60,86400,SELL,ZG,1,188.690,187.560,1130.0,188.550,186.330,2220.0,196.460,12.39,990.0,266.7,188.550,187.560,185.340,BREAK,2003.03.19 11:00,0,,0,,0,,0,NA,London,UNTOUCHED,,NA,,189.680,BREAK,2003.03.13 03:00,0,,0,,0,,0,NA,Asia,BOUNCE,2003.03.22 00:00,NA,,186.570,BREAK,2003.03.10 10:00,0,,0,,0,,0,NA,London,BOUNCE,2003.03.18 13:00,NA,,189.540,BREAK,2003.03.13 03:00,0,,0,,0,,0,NA,Asia,BOUNCE,2003.03.14 01:00,NA,,B-ZD-BO,B-ZF-BR,B-ZC-BR,B-ZE-BO,B-ZH-BR,S-ZF-UN,S-ZB-BR,S-ZD-BR,S-ZB-BR,S-ZE-BO,B-ZB-BR,B-ZD-BO,B-ZH-UN,S-ZF-BO,B-ZE-BO,B-ZF-BR,S-ZO-BR,S-ZF-BR,S-ZH-BR,S-ZC-UN
524,2003.03.12 00:00,GBPJPY,60,86400,BUY,ZB,1,187.750,185.810,1940.0,188.450,186.780,1670.0,86.082,50.00,970.0,457.8,187.750,186.780,189.420,BREAK,2003.03.12 12:00,0,,0,,0,,0,NA,London,BOUNCE,2003.03.14 04:00,NA,,184.840,BOUNCE,2003.03.19 13:00,1,2003.03.19 18:00,1,2003.03.20 00:00,1,2003.03.21 15:00,3,2d 2h,NewYork,NA,,NA,,188.720,BREAK,2003.03.12 09:00,0,,0,,0,,0,NA,London,BOUNCE,2003.03.13 08:00,NA,,185.810,BOUNCE,2003.03.17 12:00,1,2003.03.20 00:00,1,2003.03.20 00:00,0,,2,2d 12h,London,NA,,NA,,S-ZG-BR,B-ZD-BO,B-ZF-BR,B-ZC-BR,B-ZE-BO,B-ZH-BR,S-ZF-UN,S-ZB-BR,S-ZD-BR,S-ZB-BR,B-ZD-BO,B-ZH-UN,S-ZF-BO,B-ZE-BO,B-ZF-BR,S-ZO-BR,S-ZF-BR,S-ZH-BR,S-ZC-UN,B-ZG-BR
525,2003.03.13 00:00,GBPJPY,60,86400,BUY,ZD,1,188.450,186.780,1670.0,189.500,188.020,1480.0,88.623,74.25,430.0,394.1,188.450,188.020,189.930,BOUNCE,2003.03.13 04:00,1,2003.03.13 08:00,1,2003.03.14 19:00,1,2003.03.17 11:00,3,4d 7h,Asia,NA,,NA,,186.350,BOUNCE,2003.03.17 11:00,1,2003.03.19 18:00,1,2003.03.21 14:00,1,2003.03.21 17:00,3,4d 6h,London,NA,,NA,,188.880,BREAK,2003.03.13 00:00,0,,0,,0,,0,NA,Asia,BREAK,2003.03.13 03:00,BOUNCE,2003.03.13 04:00,187.590,BOUNCE,2003.03.14 19:00,1,2003.03.21 14:00,1,2003.03.21 14:00,0,,2,6d 19h,NewYork,NA,,NA,,B-ZB-BR,S-ZG-BR,B-ZD-BO,B-ZF-BR,B-ZC-BR,B-ZE-BO,B-ZH-BR,S-ZF-UN,S-ZB-BR,S-ZD-BR,B-ZH-UN,S-ZF-BO,B-ZE-BO,B-ZF-BR,S-ZO-BR,S-ZF-BR,S-ZH-BR,S-ZC-UN,B-ZG-BR,B-ZF-BR
526,2003.03.14 00:00,GBPJPY,60,86400,BUY,ZH,1,189.500,188.020,1480.0,190.580,188.560,2020.0,136.486,36.49,940.0,349.3,189.500,188.560,191.520,UNTOUCHED,,0,,0,,0,,0,NA,Other,NA,,NA,,187.080,BREAK,2003.03.14 23:00,0,,0,,0,,0,NA,Other,BREAK,2003.03.17 12:00,BREAK,2003.03.19 13:00,190.440,BOUNCE,2003.03.21 20:00,1,2003.03.27 19:00,1,2003.03.31 12:00,0,,2,1w 2d,NewYork,NA,,NA,,187.620,BREAK,2003.03.14 19:00,0,,0,,0,,0,NA,NewYork,BREAK,2003.03.17 11:00,BOUNCE,2003.03.17 19:00,B-ZD-BO,B-ZB-BR,S-ZG-BR,B-ZD-BO,B-ZF-BR,B-ZC-BR,B-ZE-BO,B-ZH-BR,S-ZF-UN,S-ZB-BR,S-ZF-BO,B-ZE-BO,B-ZF-BR,S-ZO-BR,S-ZF-BR,S-ZH-BR,S-ZC-UN,B-ZG-BR,B-ZF-BR,B-ZE-BO
527,2003.03.15 00:00,GBPJPY,60,86400,SELL,ZF,1,190.580,188.560,2020.0,190.230,186.960,3270.0,161.881,17.33,1670.0,476.7,190.230,188.560,185.290,BOUNCE,2003.03.19 12:00,1,2003.03.19 23:00,1,2003.04.25 09:00,1,2003.04.25 13:00,3,5w 2d,London,NA,,NA,,192.250,PENDING,2003.04.25 13:00,0,,0,,0,,0,NA,NewYork,NA,,NA,,186.890,BREAK,2003.03.17 11:00,0,,0,,0,,0,NA,London,BOUNCE,2003.03.19 18:00,NA,,191.900,BREAK,2003.04.25 09:00,0,,0,,0,,0,NA,London,BREAK,2003.05.28 18:00,BREAK,2003.05.29 18:00,B-ZH-UN,B-ZD-BO,B-ZB-BR,S-ZG-BR,B-ZD-BO,B-ZF-BR,B-ZC-BR,B-ZE-BO,B-ZH-BR,S-ZF-UN,B-ZE-BO,B-ZF-BR,S-ZO-BR,S-ZF-BR,S-ZH-BR,S-ZC-UN,B-ZG-BR,B-ZF-BR,B-ZE-BO,S-ZC-UN
528,2003.03.21 00:00,GBPJPY,60,86400,BUY,ZE,1,188.710,184.820,3890.0,188.770,187.310,1460.0,37.532,64.01,1400.0,918.0,188.710,187.310,190.170,BOUNCE,2003.03.21 18:00,1,2003.03.27 20:00,1,2003.04.01 16:00,0,,2,1w 3d,NewYork,NA,,NA,,183.420,UNTOUCHED,,0,,0,,0,,0,NA,Other,NA,,NA,,190.110,BOUNCE,2003.03.21 18:00,1,2003.04.01 16:00,0,,0,,1,1w 3d,NewYork,NA,,NA,,185.910,BOUNCE,2003.04.01 16:00,1,2003.04.14 11:00,1,2003.04.14 11:00,0,,2,1w 5d,NewYork,NA,,NA,,S-ZF-BO,B-ZH-UN,B-ZD-BO,B-ZB-BR,S-ZG-BR,B-ZD-BO,B-ZF-BR,B-ZC-BR,B-ZE-BO,B-ZH-BR,B-ZF-BR,S-ZO-BR,S-ZF-BR,S-ZH-BR,S-ZC-UN,B-ZG-BR,B-ZF-BR,B-ZE-BO,S-ZC-UN,B-ZH-BR
529,2003.03.22 00:00,GBPJPY,60,86400,BUY,ZF,1,188.770,187.310,1460.0,190.680,187.750,2930.0,200.685,30.14,1020.0,344.6,188.770,187.750,191.700,BREAK,2003.04.25 09:00,0,,0,,0,,0,NA,London,BREAK,2003.05.21 17:00,BREAK,2003.05.28 18:00,186.290,BREAK,2003.03.31 19:00,0,,0,,0,,0,NA,NewYork,BOUNCE,2003.05.07 17:00,NA,,189.790,BREAK,2003.03.22 00:00,0,,0,,0,,0,NA,Asia,BREAK,2003.04.23 21:00,BREAK,2003.04.25 13:00,186.730,BREAK,2003.03.31 18:00,0,,0,,0,,0,NA,NewYork,BOUNCE,2003.04.09 03:00,NA,,B-ZE-BO,S-ZF-BO,B-ZH-UN,B-ZD-BO,B-ZB-BR,S-ZG-BR,B-ZD-BO,B-ZF-BR,B-ZC-BR,B-ZE-BO,S-ZO-BR,S-ZF-BR,S-ZH-BR,S-ZC-UN,B-ZG-BR,B-ZF-BR,B-ZE-BO,S-ZC-UN,B-ZH-BR,B-ZE-BO
530,2003.03.25 00:00,GBPJPY,60,86400,SELL,ZO,0,190.600,189.640,960.0,190.500,189.170,1330.0,138.542,10.42,860.0,226.6,190.500,189.640,188.310,BREAK,2003.03.25 18:00,0,,0,,0,,0,NA,NewYork,BOUNCE,2003.03.28 04:00,NA,,191.460,BOUNCE,2003.04.24 17:00,1,2003.05.01 02:00,0,,0,,1,6d 9h,NewYork,NA,,NA,,188.780,BREAK,2003.03.25 09:00,0,,0,,0,,0,NA,London,BREAK,2003.03.27 19:00,BREAK,2003.03.31 18:00,191.360,BOUNCE,2003.04.24 04:00,0,,0,,0,,0,NA,Asia,NA,,NA,,B-ZF-BR,B-ZE-BO,S-ZF-BO,B-ZH-UN,B-ZD-BO,B-ZB-BR,S-ZG-BR,B-ZD-BO,B-ZF-BR,B-ZC-BR,S-ZF-BR,S-ZH-BR,S-ZC-UN,B-ZG-BR,B-ZF-BR,B-ZE-BO,S-ZC-UN,B-ZH-BR,B-ZE-BO,B-ZB-BR
531,2003.03.26 00:00,GBPJPY,60,86400,SELL,ZF,1,190.500,189.170,1330.0,190.370,188.060,2310.0,173.684,9.77,1200.0,313.9,190.370,189.170,186.860,BREAK,2003.03.31 18:00,0,,0,,0,,0,NA,NewYork,BOUNCE,2003.04.09 05:00,NA,,191.700,BREAK,2003.04.25 09:00,0,,0,,0,,0,NA,London,BOUNCE,2003.05.21 22:00,NA,,187.970,BREAK,2003.03.27 18:00,0,,0,,0,,0,NA,NewYork,BREAK,2003.03.31 19:00,BOUNCE,2003.04.09 03:00,191.570,BREAK,2003.04.24 18:00,0,,0,,0,,0,NA,NewYork,BOUNCE,2003.05.22 13:00,NA,,S-ZO-BR,B-ZF-BR,B-ZE-BO,S-ZF-BO,B-ZH-UN,B-ZD-BO,B-ZB-BR,S-ZG-BR,B-ZD-BO,B-ZF-BR,S-ZH-BR,S-ZC-UN,B-ZG-BR,B-ZF-BR,B-ZE-BO,S-ZC-UN,B-ZH-BR,B-ZE-BO,B-ZB-BR,S-ZE-BR
532,2003.03.28 00:00,GBPJPY,60,86400,SELL,ZH,1,189.660,188.650,1010.0,189.420,187.270,2150.0,212.871,23.76,770.0,238.4,189.420,188.650,186.500,BREAK,2003.03.31 19:00,0,,0,,0,,0,NA,NewYork,BOUNCE,2003.04.08 00:00,NA,,190.430,BREAK,2003.04.23 15:00,0,,0,,0,,0,NA,NewYork,BOUNCE,2003.04.24 08:00,NA,,187.880,BREAK,2003.03.28 00:00,0,,0,,0,,0,NA,Asia,BREAK,2003.03.31 18:00,BREAK,2003.03.31 19:00,190.190,BOUNCE,2003.04.14 11:00,1,2003.04.16 20:00,1,2003.04.16 20:00,0,,2,2d 9h,London,NA,,NA,,S-ZF-BR,S-ZO-BR,B-ZF-BR,B-ZE-BO,S-ZF-BO,B-ZH-UN,B-ZD-BO,B-ZB-BR,S-ZG-BR,B-ZD-BO,S-ZC-UN,B-ZG-BR,B-ZF-BR,B-ZE-BO,S-ZC-UN,B-ZH-BR,B-ZE-BO,B-ZB-BR,S-ZE-BR,S-ZC-BR
533,2003.04.02 00:00,GBPJPY,60,86400,SELL,ZC,1,189.300,185.950,3350.0,187.270,185.760,1510.0,45.075,60.60,1320.0,790.6,187.270,185.950,184.440,UNTOUCHED,,0,,0,,0,,0,NA,Other,NA,,NA,,190.620,BREAK,2003.04.23 15:00,0,,0,,0,,0,NA,NewYork,BOUNCE,2003.04.29 08:00,NA,,184.630,UNTOUCHED,,0,,0,,0,,0,NA,Other,NA,,NA,,188.590,BREAK,2003.04.11 12:00,0,,0,,0,,0,NA,London,BOUNCE,2003.04.15 04:00,NA,,S-ZH-BR,S-ZF-BR,S-ZO-BR,B-ZF-BR,B-ZE-BO,S-ZF-BO,B-ZH-UN,B-ZD-BO,B-ZB-BR,S-ZG-BR,B-ZG-BR,B-ZF-BR,B-ZE-BO,S-ZC-UN,B-ZH-BR,B-ZE-BO,B-ZB-BR,S-ZE-BR,S-ZC-BR,S-ZO-BO
534,2003.04.03 00:00,GBPJPY,60,86400,BUY,ZG,0,187.270,185.760,1510.0,187.360,185.810,1550.0,102.649,3.31,1460.0,356.4,187.270,185.810,188.820,BREAK,2003.04.11 13:00,0,,0,,0,,0,NA,NewYork,BREAK,2003.04.23 15:00,BREAK,2003.04.25 09:00,184.300,UNTOUCHED,,0,,0,,0,,0,NA,Other,NA,,NA,,188.730,BREAK,2003.04.11 12:00,0,,0,,0,,0,NA,London,BOUNCE,2003.04.14 18:00,NA,,184.350,UNTOUCHED,,0,,0,,0,,0,NA,Other,NA,,NA,,S-ZC-UN,S-ZH-BR,S-ZF-BR,S-ZO-BR,B-ZF-BR,B-ZE-BO,S-ZF-BO,B-ZH-UN,B-ZD-BO,B-ZB-BR,B-ZF-BR,B-ZE-BO,S-ZC-UN,B-ZH-BR,B-ZE-BO,B-ZB-BR,S-ZE-BR,S-ZC-BR,S-ZO-BO,B-ZD-BO
535,2003.04.04 00:00,GBPJPY,60,86400,BUY,ZF,0,187.360,185.810,1550.0,188.280,185.830,2450.0,158.065,1.29,1530.0,365.8,187.360,185.830,189.810,BREAK,2003.04.14 10:00,0,,0,,0,,0,NA,London,BREAK,2003.04.25 09:00,BOUNCE,2003.05.22 13:00,184.280,UNTOUCHED,,0,,0,,0,,0,NA,Other,NA,,NA,,188.890,BREAK,2003.04.11 15:00,0,,0,,0,,0,NA,NewYork,BREAK,2003.04.23 15:00,BREAK,2003.04.25 15:00,184.300,UNTOUCHED,,0,,0,,0,,0,NA,Other,NA,,NA,,B-ZG-BR,S-ZC-UN,S-ZH-BR,S-ZF-BR,S-ZO-BR,B-ZF-BR,B-ZE-BO,S-ZF-BO,B-ZH-UN,B-ZD-BO,B-ZE-BO,S-ZC-UN,B-ZH-BR,B-ZE-BO,B-ZB-BR,S-ZE-BR,S-ZC-BR,S-ZO-BO,B-ZD-BO,B-ZE-BO
536,2003.04.05 00:00,GBPJPY,60,86400,BUY,ZE,1,188.280,185.830,2450.0,188.510,186.970,1540.0,62.857,46.53,1310.0,578.2,188.280,186.970,189.820,BOUNCE,2003.04.14 10:00,1,2003.05.07 15:00,1,2003.05.07 17:00,0,,2,3w 2d,London,NA,,NA,,184.520,UNTOUCHED,,0,,0,,0,,0,NA,Other,NA,,NA,,189.590,BREAK,2003.04.11 19:00,0,,0,,0,,0,NA,NewYork,BREAK,2003.04.24 17:00,BOUNCE,2003.04.25 22:00,185.660,BOUNCE,2003.04.07 23:00,1,2003.04.11 19:00,1,2003.04.11 19:00,0,,2,3d 20h,Other,NA,,NA,,B-ZF-BR,B-ZG-BR,S-ZC-UN,S-ZH-BR,S-ZF-BR,S-ZO-BR,B-ZF-BR,B-ZE-BO,S-ZF-BO,B-ZH-UN,S-ZC-UN,B-ZH-BR,B-ZE-BO,B-ZB-BR,S-ZE-BR,S-ZC-BR,S-ZO-BO,B-ZD-BO,B-ZE-BO,B-ZG-BR
537,2003.04.09 00:00,GBPJPY,60,86400,SELL,ZC,1,188.210,185.630,2580.0,186.710,185.540,1170.0,45.349,58.14,1080.0,608.9,186.710,185.630,184.460,UNTOUCHED,,0,,0,,0,,0,NA,Other,NA,,NA,,189.290,BREAK,2003.04.11 16:00,0,,0,,0,,0,NA,NewYork,BREAK,2003.04.23 21:00,BREAK,2003.04.25 09:00,184.550,UNTOUCHED,,0,,0,,0,,0,NA,Other,NA,,NA,,187.790,BREAK,2003.04.09 19:00,0,,0,,0,,0,NA,NewYork,BREAK,2003.04.11 19:00,BOUNCE,2003.04.14 18:00,B-ZE-BO,B-ZF-BR,B-ZG-BR,S-ZC-UN,S-ZH-BR,S-ZF-BR,S-ZO-BR,B-ZF-BR,B-ZE-BO,S-ZF-BO,B-ZH-BR,B-ZE-BO,B-ZB-BR,S-ZE-BR,S-ZC-BR,S-ZO-BO,B-ZD-BO,B-ZE-BO,B-ZG-BR,S-ZE-BO
538,2003.04.10 00:00,GBPJPY,60,86400,BUY,ZH,1,186.710,185.540,1170.0,188.190,185.700,2490.0,212.821,13.68,1010.0,276.1,186.710,185.700,189.200,BREAK,2003.04.11 15:00,0,,0,,0,,0,NA,NewYork,BOUNCE,2003.04.14 17:00,NA,,184.530,UNTOUCHED,,0,,0,,0,,0,NA,Other,NA,,NA,,187.720,BREAK,2003.04.10 00:00,0,,0,,0,,0,NA,Asia,BREAK,2003.04.11 15:00,BREAK,2003.04.14 10:00,184.690,UNTOUCHED,,0,,0,,0,,0,NA,Other,NA,,NA,,S-ZC-UN,B-ZE-BO,B-ZF-BR,B-ZG-BR,S-ZC-UN,S-ZH-BR,S-ZF-BR,S-ZO-BR,B-ZF-BR,B-ZE-BO,B-ZE-BO,B-ZB-BR,S-ZE-BR,S-ZC-BR,S-ZO-BO,B-ZD-BO,B-ZE-BO,B-ZG-BR,S-ZE-BO,S-ZF-BR
539,2003.04.11 00:00,GBPJPY,60,86400,BUY,ZE,1,188.190,185.700,2490.0,188.400,186.910,1490.0,59.839,48.59,1280.0,587.6,188.190,186.910,189.680,BOUNCE,2003.04.11 19:00,1,2003.05.07 15:00,1,2003.05.07 17:00,0,,2,3w 4d,NewYork,NA,,NA,,184.420,UNTOUCHED,,0,,0,,0,,0,NA,Other,NA,,NA,,189.470,BREAK,2003.04.11 19:00,0,,0,,0,,0,NA,NewYork,BREAK,2003.04.24 04:00,BOUNCE,2003.04.29 07:00,185.630,BOUNCE,2003.05.07 17:00,1,2003.05.19 14:00,1,2003.05.19 14:00,0,,2,1w 4d,NewYork,NA,,NA,,B-ZH-BR,S-ZC-UN,B-ZE-BO,B-ZF-BR,B-ZG-BR,S-ZC-UN,S-ZH-BR,S-ZF-BR,S-ZO-BR,B-ZF-BR,B-ZB-BR,S-ZE-BR,S-ZC-BR,S-ZO-BO,B-ZD-BO,B-ZE-BO,B-ZG-BR,S-ZE-BO,S-ZF-BR,S-ZO-BR
540,2003.04.12 00:00,GBPJPY,60,86400,BUY,ZB,1,188.400,186.910,1490.0,189.780,187.820,1960.0,131.544,61.07,580.0,351.6,188.400,187.820,190.360,BREAK,2003.04.23 15:00,0,,0,,0,,0,NA,NewYork,BREAK,2003.04.24 04:00,BOUNCE,2003.04.24 17:00,186.330,BOUNCE,2003.05.07 16:00,1,2003.05.08 19:00,1,2003.05.15 21:00,1,2003.05.19 14:00,3,1w 4d,NewYork,NA,,NA,,188.980,BREAK,2003.04.12 00:00,0,,0,,0,,0,NA,Asia,BREAK,2003.04.14 10:00,BOUNCE,2003.04.14 16:00,187.240,BREAK,2003.05.07 15:00,0,,0,,0,,0,NA,NewYork,BREAK,2003.05.07 16:00,BREAK,2003.05.07 17:00,B-ZE-BO,B-ZH-BR,S-ZC-UN,B-ZE-BO,B-ZF-BR,B-ZG-BR,S-ZC-UN,S-ZH-BR,S-ZF-BR,S-ZO-BR,S-ZE-BR,S-ZC-BR,S-ZO-BO,B-ZD-BO,B-ZE-BO,B-ZG-BR,S-ZE-BO,S-ZF-BR,S-ZO-BR,B-ZE-BR
541,2003.04.16 00:00,GBPJPY,60,86400,SELL,ZE,1,190.250,188.710,1540.0,189.610,188.500,1110.0,72.078,41.56,900.0,363.4,189.610,188.710,187.600,BREAK,2003.05.07 15:00,0,,0,,0,,0,NA,NewYork,BREAK,2003.05.07 16:00,BREAK,2003.05.07 17:00,191.150,BOUNCE,2003.04.23 21:00,1,2003.05.01 10:00,1,2003.05.07 15:00,1,2003.05.07 15:00,3,1w 6d,Other,NA,,NA,,187.810,BOUNCE,2003.04.17 18:00,1,2003.04.23 15:00,1,2003.04.23 21:00,0,,2,6d 3h,NewYork,NA,,NA,,190.510,BREAK,2003.04.23 15:00,0,,0,,0,,0,NA,NewYork,BOUNCE,2003.04.25 02:00,NA,,B-ZB-BR,B-ZE-BO,B-ZH-BR,S-ZC-UN,B-ZE-BO,B-ZF-BR,B-ZG-BR,S-ZC-UN,S-ZH-BR,S-ZF-BR,S-ZC-BR,S-ZO-BO,B-ZD-BO,B-ZE-BO,B-ZG-BR,S-ZE-BO,S-ZF-BR,S-ZO-BR,B-ZE-BR,S-ZH-BR
542,2003.04.18 00:00,GBPJPY,60,86400,SELL,ZC,1,189.900,187.860,2040.0,189.120,187.760,1360.0,66.667,38.24,1260.0,481.4,189.120,187.860,186.500,BREAK,2003.05.07 16:00,0,,0,,0,,0,NA,NewYork,BOUNCE,2003.05.08 06:00,NA,,191.160,BREAK,2003.04.23 21:00,0,,0,,0,,0,NA,Other,BOUNCE,2003.04.25 19:00,NA,,186.600,BREAK,2003.05.07 16:00,0,,0,,0,,0,NA,NewYork,BOUNCE,2003.05.08 12:00,NA,,190.380,BREAK,2003.04.23 15:00,0,,0,,0,,0,NA,NewYork,BREAK,2003.04.25 09:00,BOUNCE,2003.05.21 22:00,S-ZE-BR,B-ZB-BR,B-ZE-BO,B-ZH-BR,S-ZC-UN,B-ZE-BO,B-ZF-BR,B-ZG-BR,S-ZC-UN,S-ZH-BR,S-ZO-BO,B-ZD-BO,B-ZE-BO,B-ZG-BR,S-ZE-BO,S-ZF-BR,S-ZO-BR,B-ZE-BR,S-ZH-BR,S-ZH-BR
543,2003.04.19 00:00,GBPJPY,60,86400,SELL,ZO,0,189.120,187.760,1360.0,188.730,187.740,990.0,72.794,28.68,970.0,321.0,188.730,187.760,186.770,BOUNCE,2003.05.07 15:00,1,2003.05.09 10:00,1,2003.05.19 14:00,1,2003.05.19 14:00,3,1w 4d,NewYork,NA,,NA,,190.090,BREAK,2003.04.23 13:00,0,,0,,0,,0,NA,NewYork,BREAK,2003.04.24 05:00,BREAK,2003.04.25 15:00,186.790,BOUNCE,2003.05.07 15:00,1,2003.05.19 14:00,1,2003.05.19 14:00,0,,2,1w 4d,NewYork,NA,,NA,,189.700,BREAK,2003.04.23 13:00,0,,0,,0,,0,NA,NewYork,BOUNCE,2003.04.23 15:00,NA,,S-ZC-BR,S-ZE-BR,B-ZB-BR,B-ZE-BO,B-ZH-BR,S-ZC-UN,B-ZE-BO,B-ZF-BR,B-ZG-BR,S-ZC-UN,B-ZD-BO,B-ZE-BO,B-ZG-BR,S-ZE-BO,S-ZF-BR,S-ZO-BR,B-ZE-BR,S-ZH-BR,S-ZH-BR,S-ZB-UN
544,2003.04.24 00:00,GBPJPY,60,86400,BUY,ZD,1,189.450,187.990,1460.0,191.290,188.690,2600.0,178.082,47.95,760.0,344.6,189.450,188.690,192.050,BOUNCE,2003.04.25 09:00,1,2003.04.29 08:00,1,2003.05.07 15:00,1,2003.05.07 15:00,3,1w 5d,London,NA,,NA,,187.230,BREAK,2003.05.07 15:00,0,,0,,0,,0,NA,NewYork,BREAK,2003.05.07 16:00,BREAK,2003.05.07 17:00,190.210,BREAK,2003.04.24 00:00,0,,0,,0,,0,NA,Asia,BREAK,2003.04.24 04:00,BREAK,2003.04.25 09:00,187.930,BREAK,2003.05.07 15:00,0,,0,,0,,0,NA,NewYork,BREAK,2003.05.07 16:00,BREAK,2003.05.07 17:00,S-ZO-BO,S-ZC-BR,S-ZE-BR,B-ZB-BR,B-ZE-BO,B-ZH-BR,S-ZC-UN,B-ZE-BO,B-ZF-BR,B-ZG-BR,B-ZE-BO,B-ZG-BR,S-ZE-BO,S-ZF-BR,S-ZO-BR,B-ZE-BR,S-ZH-BR,S-ZH-BR,S-ZB-UN,S-ZG-UN
545,2003.04.25 00:00,GBPJPY,60,86400,BUY,ZE,1,191.290,188.690,2600.0,191.670,190.180,1490.0,57.308,57.31,1110.0,613.6,191.290,190.180,192.780,BOUNCE,2003.05.21 16:00,0,,0,,0,,0,NA,NewYork,NA,,NA,,187.580,BREAK,2003.05.07 15:00,0,,0,,0,,0,NA,NewYork,BREAK,2003.05.07 17:00,BOUNCE,2003.05.08 06:00,192.400,BOUNCE,2003.04.25 16:00,1,2003.05.07 11:00,1,2003.05.07 15:00,0,,2,1w 4d,NewYork,NA,,NA,,189.070,BREAK,2003.05.07 11:00,0,,0,,0,,0,NA,London,BREAK,2003.05.07 15:00,BREAK,2003.05.07 16:00,B-ZD-BO,S-ZO-BO,S-ZC-BR,S-ZE-BR,B-ZB-BR,B-ZE-BO,B-ZH-BR,S-ZC-UN,B-ZE-BO,B-ZF-BR,B-ZG-BR,S-ZE-BO,S-ZF-BR,S-ZO-BR,B-ZE-BR,S-ZH-BR,S-ZH-BR,S-ZB-UN,S-ZG-UN,B-ZC-BO
546,2003.04.26 00:00,GBPJPY,60,86400,BUY,ZG,0,191.670,190.180,1490.0,192.490,190.480,2010.0,134.899,20.13,1190.0,351.6,191.670,190.480,193.680,BREAK,2003.05.28 13:00,0,,0,,0,,0,NA,NewYork,BREAK,2003.05.29 13:00,BOUNCE,2003.06.02 01:00,188.990,BREAK,2003.05.07 11:00,0,,0,,0,,0,NA,London,BREAK,2003.05.07 15:00,BREAK,2003.05.07 16:00,192.860,BOUNCE,2003.05.21 16:00,0,,0,,0,,0,NA,NewYork,NA,,NA,,189.290,BREAK,2003.05.07 11:00,0,,0,,0,,0,NA,London,BREAK,2003.05.07 15:00,BREAK,2003.05.07 16:00,B-ZE-BO,B-ZD-BO,S-ZO-BO,S-ZC-BR,S-ZE-BR,B-ZB-BR,B-ZE-BO,B-ZH-BR,S-ZC-UN,B-ZE-BO,S-ZE-BO,S-ZF-BR,S-ZO-BR,B-ZE-BR,S-ZH-BR,S-ZH-BR,S-ZB-UN,S-ZG-UN,B-ZC-BO,B-ZF-BR
547,2003.04.30 00:00,GBPJPY,60,86400,SELL,ZE,1,192.200,190.960,1240.0,191.690,190.310,1380.0,111.290,41.13,730.0,292.6,191.690,190.960,189.580,BOUNCE,2003.05.01 10:00,1,2003.05.01 18:00,1,2003.05.21 14:00,1,2003.05.21 17:00,3,2w 6d,London,NA,,NA,,192.930,BOUNCE,2003.05.21 17:00,1,2003.05.22 13:00,0,,0,,1,20h,NewYork,NA,,NA,,190.230,BOUNCE,2003.04.30 10:00,1,2003.05.21 14:00,1,2003.05.21 17:00,0,,2,3w 0d,London,NA,,NA,,192.420,BOUNCE,2003.05.21 14:00,0,,0,,0,,0,NA,NewYork,NA,,NA,,B-ZG-BR,B-ZE-BO,B-ZD-BO,S-ZO-BO,S-ZC-BR,S-ZE-BR,B-ZB-BR,B-ZE-BO,B-ZH-BR,S-ZC-UN,S-ZF-BR,S-ZO-BR,B-ZE-BR,S-ZH-BR,S-ZH-BR,S-ZB-UN,S-ZG-UN,B-ZC-BO,B-ZF-BR,S-ZF-UN
548,2003.05.01 00:00,GBPJPY,60,86400,SELL,ZF,0,191.690,190.310,1380.0,191.350,190.010,1340.0,97.101,24.64,1040.0,325.7,191.350,190.310,188.970,BREAK,2003.05.07 11:00,0,,0,,0,,0,NA,London,BREAK,2003.05.07 15:00,BREAK,2003.05.07 16:00,192.730,BREAK,2003.05.21 15:00,0,,0,,0,,0,NA,NewYork,BOUNCE,2003.05.28 13:00,NA,,189.270,BREAK,2003.05.07 11:00,0,,0,,0,,0,NA,London,BREAK,2003.05.07 15:00,BREAK,2003.05.07 16:00,192.390,BREAK,2003.05.21 14:00,0,,0,,0,,0,NA,NewYork,BREAK,2003.05.28 13:00,BREAK,2003.05.29 05:00,S-ZE-BO,B-ZG-BR,B-ZE-BO,B-ZD-BO,S-ZO-BO,S-ZC-BR,S-ZE-BR,B-ZB-BR,B-ZE-BO,B-ZH-BR,S-ZO-BR,B-ZE-BR,S-ZH-BR,S-ZH-BR,S-ZB-UN,S-ZG-UN,B-ZC-BO,B-ZF-BR,S-ZF-UN,B-ZG-BR
549,2003.05.02 00:00,GBPJPY,60,86400,SELL,ZO,0,191.350,190.010,1340.0,191.140,189.320,1820.0,135.821,15.67,1130.0,316.2,191.140,190.010,188.190,BREAK,2003.05.07 13:00,0,,0,,0,,0,NA,NewYork,BREAK,2003.05.07 16:00,BREAK,2003.05.07 17:00,192.480,BREAK,2003.05.21 14:00,0,,0,,0,,0,NA,NewYork,BREAK,2003.05.28 18:00,BREAK,2003.05.29 13:00,188.880,BREAK,2003.05.07 12:00,0,,0,,0,,0,NA,London,BREAK,2003.05.07 15:00,BREAK,2003.05.07 16:00,192.270,BREAK,2003.05.21 14:00,0,,0,,0,,0,NA,NewYork,BREAK,2003.05.28 13:00,BREAK,2003.05.29 12:00,S-ZF-BR,S-ZE-BO,B-ZG-BR,B-ZE-BO,B-ZD-BO,S-ZO-BO,S-ZC-BR,S-ZE-BR,B-ZB-BR,B-ZE-BO,B-ZE-BR,S-ZH-BR,S-ZH-BR,S-ZB-UN,S-ZG-UN,B-ZC-BO,B-ZF-BR,S-ZF-UN,B-ZG-BR,B-ZB-BO
550,2003.05.03 00:00,GBPJPY,60,86400,BUY,ZE,1,191.140,189.320,1820.0,191.400,190.380,1020.0,56.044,58.24,760.0,429.5,191.140,190.380,192.160,BREAK,2003.05.21 14:00,0,,0,,0,,0,NA,NewYork,BOUNCE,2003.05.21 18:00,NA,,188.560,BREAK,2003.05.07 12:00,0,,0,,0,,0,NA,London,BREAK,2003.05.07 15:00,BREAK,2003.05.07 16:00,191.900,BREAK,2003.05.21 14:00,0,,0,,0,,0,NA,NewYork,BOUNCE,2003.05.21 21:00,NA,,189.620,BOUNCE,2003.05.06 22:00,1,2003.05.21 14:00,1,2003.05.21 14:00,0,,2,2w 0d,Other,NA,,NA,,S-ZO-BR,S-ZF-BR,S-ZE-BO,B-ZG-BR,B-ZE-BO,B-ZD-BO,S-ZO-BO,S-ZC-BR,S-ZE-BR,B-ZB-BR,S-ZH-BR,S-ZH-BR,S-ZB-UN,S-ZG-UN,B-ZC-BO,B-ZF-BR,S-ZF-UN,B-ZG-BR,B-ZB-BO,B-ZB-BO
551,2003.05.06 00:00,GBPJPY,60,86400,SELL,ZH,1,191.150,190.740,410.0,191.060,190.250,810.0,197.561,21.95,320.0,96.8,191.060,190.740,189.930,BREAK,2003.05.06 22:00,0,,0,,0,,0,NA,Other,BOUNCE,2003.05.07 00:00,NA,,191.470,BREAK,2003.05.19 21:00,0,,0,,0,,0,NA,Other,BOUNCE,2003.05.20 19:00,NA,,190.420,BREAK,2003.05.06 00:00,0,,0,,0,,0,NA,Asia,BOUNCE,2003.05.06 13:00,NA,,191.380,BREAK,2003.05.19 21:00,0,,0,,0,,0,NA,Other,BOUNCE,2003.05.19 23:00,NA,,B-ZE-BR,S-ZO-BR,S-ZF-BR,S-ZE-BO,B-ZG-BR,B-ZE-BO,B-ZD-BO,S-ZO-BO,S-ZC-BR,S-ZE-BR,S-ZH-BR,S-ZB-UN,S-ZG-UN,B-ZC-BO,B-ZF-BR,S-ZF-UN,B-ZG-BR,B-ZB-BO,B-ZB-BO,B-ZE-BO
552,2003.05.07 00:00,GBPJPY,60,86400,SELL,ZH,1,191.060,190.250,810.0,190.990,189.500,1490.0,183.951,8.64,740.0,191.2,190.990,190.250,188.760,BREAK,2003.05.07 12:00,0,,0,,0,,0,NA,London,BREAK,2003.05.07 15:00,BREAK,2003.05.07 16:00,191.800,BOUNCE,2003.05.19 21:00,0,,0,,0,,0,NA,Other,NA,,NA,,189.510,BREAK,2003.05.07 11:00,0,,0,,0,,0,NA,London,BREAK,2003.05.07 12:00,BREAK,2003.05.07 15:00,191.730,BOUNCE,2003.05.19 21:00,0,,0,,0,,0,NA,Other,NA,,NA,,S-ZH-BR,B-ZE-BR,S-ZO-BR,S-ZF-BR,S-ZE-BO,B-ZG-BR,B-ZE-BO,B-ZD-BO,S-ZO-BO,S-ZC-BR,S-ZB-UN,S-ZG-UN,B-ZC-BO,B-ZF-BR,S-ZF-UN,B-ZG-BR,B-ZB-BO,B-ZB-BO,B-ZE-BO,B-ZO-BR
553,2003.05.08 00:00,GBPJPY,60,86400,SELL,ZB,1,190.990,189.500,1490.0,190.120,185.070,5050.0,338.926,58.39,620.0,351.6,190.120,189.500,184.450,UNTOUCHED,,0,,0,,0,,0,NA,Other,NA,,NA,,191.610,BOUNCE,2003.05.19 21:00,0,,0,,0,,0,NA,Other,NA,,NA,,188.880,BREAK,2003.05.08 00:00,0,,0,,0,,0,NA,Asia,BREAK,2003.05.08 01:00,BREAK,2003.05.08 02:00,190.740,BOUNCE,2003.05.19 15:00,0,,0,,0,,0,NA,NewYork,NA,,NA,,S-ZH-BR,S-ZH-BR,B-ZE-BR,S-ZO-BR,S-ZF-BR,S-ZE-BO,B-ZG-BR,B-ZE-BO,B-ZD-BO,S-ZO-BO,S-ZG-UN,B-ZC-BO,B-ZF-BR,S-ZF-UN,B-ZG-BR,B-ZB-BO,B-ZB-BO,B-ZE-BO,B-ZO-BR,S-ZG-BO
554,2003.05.15 00:00,GBPJPY,60,86400,SELL,ZG,0,188.840,187.100,1740.0,188.740,187.070,1670.0,95.977,5.75,1640.0,410.6,188.740,187.100,185.430,UNTOUCHED,,0,,0,,0,,0,NA,Other,NA,,NA,,190.480,BREAK,2003.05.19 15:00,0,,0,,0,,0,NA,NewYork,BREAK,2003.05.21 15:00,BREAK,2003.05.28 18:00,185.460,UNTOUCHED,,0,,0,,0,,0,NA,Other,NA,,NA,,190.380,BOUNCE,2003.05.19 14:00,0,,0,,0,,0,NA,NewYork,NA,,NA,,S-ZB-UN,S-ZH-BR,S-ZH-BR,B-ZE-BR,S-ZO-BR,S-ZF-BR,S-ZE-BO,B-ZG-BR,B-ZE-BO,B-ZD-BO,B-ZC-BO,B-ZF-BR,S-ZF-UN,B-ZG-BR,B-ZB-BO,B-ZB-BO,B-ZE-BO,B-ZO-BR,S-ZG-BO,S-ZE-BR
555,2003.05.21 00:00,GBPJPY,60,86400,BUY,ZC,1,191.830,187.480,4350.0,191.870,190.650,1220.0,28.046,72.87,1180.0,1026.6,191.830,190.650,193.050,BOUNCE,2003.05.21 17:00,0,,0,,0,,0,NA,NewYork,NA,,NA,,186.300,UNTOUCHED,,0,,0,,0,,0,NA,Other,NA,,NA,,193.010,BOUNCE,2003.05.21 17:00,0,,0,,0,,0,NA,NewYork,NA,,NA,,189.470,UNTOUCHED,,0,,0,,0,,0,NA,Other,NA,,NA,,S-ZG-UN,S-ZB-UN,S-ZH-BR,S-ZH-BR,B-ZE-BR,S-ZO-BR,S-ZF-BR,S-ZE-BO,B-ZG-BR,B-ZE-BO,B-ZF-BR,S-ZF-UN,B-ZG-BR,B-ZB-BO,B-ZB-BO,B-ZE-BO,B-ZO-BR,S-ZG-BO,S-ZE-BR,B-ZF-BR
556,2003.05.22 00:00,GBPJPY,60,86400,BUY,ZF,1,191.870,190.650,1220.0,193.070,191.090,1980.0,162.295,36.07,780.0,287.9,191.870,191.090,193.850,BREAK,2003.05.28 18:00,0,,0,,0,,0,NA,NewYork,BREAK,2003.05.29 12:00,BREAK,2003.05.29 18:00,189.870,UNTOUCHED,,0,,0,,0,,0,NA,Other,NA,,NA,,192.650,BREAK,2003.05.28 09:00,0,,0,,0,,0,NA,London,BREAK,2003.05.28 17:00,BREAK,2003.05.28 19:00,190.310,UNTOUCHED,,0,,0,,0,,0,NA,Other,NA,,NA,,B-ZC-BO,S-ZG-UN,S-ZB-UN,S-ZH-BR,S-ZH-BR,B-ZE-BR,S-ZO-BR,S-ZF-BR,S-ZE-BO,B-ZG-BR,S-ZF-UN,B-ZG-BR,B-ZB-BO,B-ZB-BO,B-ZE-BO,B-ZO-BR,S-ZG-BO,S-ZE-BR,B-ZF-BR,B-ZE-BO
557,2003.05.24 00:00,GBPJPY,60,86400,SELL,ZF,0,192.570,191.140,1430.0,192.450,191.040,1410.0,98.601,8.39,1310.0,337.5,192.450,191.140,189.730,UNTOUCHED,,0,,0,,0,,0,NA,Other,NA,,NA,,193.880,BREAK,2003.05.28 18:00,0,,0,,0,,0,NA,NewYork,BREAK,2003.05.29 18:00,BREAK,2003.06.06 11:00,189.830,UNTOUCHED,,0,,0,,0,,0,NA,Other,NA,,NA,,193.760,BREAK,2003.05.28 13:00,0,,0,,0,,0,NA,NewYork,BREAK,2003.05.29 16:00,BREAK,2003.06.06 11:00,B-ZF-BR,B-ZC-BO,S-ZG-UN,S-ZB-UN,S-ZH-BR,S-ZH-BR,B-ZE-BR,S-ZO-BR,S-ZF-BR,S-ZE-BO,B-ZG-BR,B-ZB-BO,B-ZB-BO,B-ZE-BO,B-ZO-BR,S-ZG-BO,S-ZE-BR,B-ZF-BR,B-ZE-BO,S-ZG-BR
558,2003.05.28 00:00,GBPJPY,60,86400,BUY,ZG,0,192.490,190.800,1690.0,192.500,191.030,1470.0,86.982,13.61,1460.0,398.8,192.490,191.030,193.960,BREAK,2003.05.28 18:00,0,,0,,0,,0,NA,NewYork,BREAK,2003.05.29 19:00,BREAK,2003.06.06 15:00,189.340,UNTOUCHED,,0,,0,,0,,0,NA,Other,NA,,NA,,193.950,BREAK,2003.05.28 18:00,0,,0,,0,,0,NA,NewYork,BREAK,2003.05.29 19:00,BREAK,2003.06.06 15:00,189.570,UNTOUCHED,,0,,0,,0,,0,NA,Other,NA,,NA,,S-ZF-UN,B-ZF-BR,B-ZC-BO,S-ZG-UN,S-ZB-UN,S-ZH-BR,S-ZH-BR,B-ZE-BR,S-ZO-BR,S-ZF-BR,B-ZB-BO,B-ZB-BO,B-ZE-BO,B-ZO-BR,S-ZG-BO,S-ZE-BR,B-ZF-BR,B-ZE-BO,S-ZG-BR,B-ZB-UN
559,2003.05.29 00:00,GBPJPY,60,86400,BUY,ZB,1,192.500,191.030,1470.0,194.760,191.950,2810.0,191.156,62.59,550.0,346.9,192.500,191.950,195.310,BOUNCE,2003.05.29 13:00,1,2003.06.02 02:00,0,,0,,1,3d 13h,NewYork,NA,,NA,,190.480,UNTOUCHED,,0,,0,,0,,0,NA,Other,NA,,NA,,193.050,BREAK,2003.05.29 00:00,0,,0,,0,,0,NA,Asia,BREAK,2003.05.29 01:00,BREAK,2003.05.29 04:00,191.400,UNTOUCHED,,0,,0,,0,,0,NA,Other,NA,,NA,,B-ZG-BR,S-ZF-UN,B-ZF-BR,B-ZC-BO,S-ZG-UN,S-ZB-UN,S-ZH-BR,S-ZH-BR,B-ZE-BR,S-ZO-BR,B-ZB-BO,B-ZE-BO,B-ZO-BR,S-ZG-BO,S-ZE-BR,B-ZF-BR,B-ZE-BO,S-ZG-BR,B-ZB-UN,B-ZO-UN
560,2003.05.30 00:00,GBPJPY,60,86400,BUY,ZB,1,194.760,191.950,2810.0,195.940,193.960,1980.0,70.463,71.53,800.0,663.2,194.760,193.960,196.740,BOUNCE,2003.06.06 11:00,1,2003.06.09 11:00,1,2003.07.08 19:00,1,2003.07.10 14:00,3,4w 6d,London,NA,,NA,,191.150,BOUNCE,2003.07.10 14:00,0,,0,,0,,0,NA,NewYork,NA,,NA,,195.560,BREAK,2003.05.30 03:00,0,,0,,0,,0,NA,Asia,BREAK,2003.06.06 12:00,BOUNCE,2003.06.06 15:00,193.160,BOUNCE,2003.06.02 10:00,1,2003.06.05 15:00,1,2003.06.05 15:00,0,,2,3d 5h,London,NA,,NA,,B-ZB-BO,B-ZG-BR,S-ZF-UN,B-ZF-BR,B-ZC-BO,S-ZG-UN,S-ZB-UN,S-ZH-BR,S-ZH-BR,B-ZE-BR,B-ZE-BO,B-ZO-BR,S-ZG-BO,S-ZE-BR,B-ZF-BR,B-ZE-BO,S-ZG-BR,B-ZB-UN,B-ZO-UN,S-ZF-BR
561,2003.05.31 00:00,GBPJPY,60,86400,BUY,ZE,1,195.940,193.960,1980.0,196.230,194.900,1330.0,67.172,47.47,1040.0,467.3,195.940,194.900,197.270,BOUNCE,2003.06.06 15:00,1,2003.06.09 11:00,1,2003.06.10 03:00,1,2003.07.09 09:00,3,4w 4d,NewYork,NA,,NA,,192.920,BOUNCE,2003.06.02 10:00,1,2003.06.05 14:00,1,2003.06.06 12:00,1,2003.06.06 15:00,3,4d 5h,London,NA,,NA,,196.980,BOUNCE,2003.06.06 12:00,1,2003.06.10 03:00,1,2003.07.09 09:00,0,,2,4w 4d,London,NA,,NA,,193.860,BREAK,2003.06.02 03:00,0,,0,,0,,0,NA,Asia,BOUNCE,2003.06.02 10:00,NA,,B-ZB-BO,B-ZB-BO,B-ZG-BR,S-ZF-UN,B-ZF-BR,B-ZC-BO,S-ZG-UN,S-ZB-UN,S-ZH-BR,S-ZH-BR,B-ZO-BR,S-ZG-BO,S-ZE-BR,B-ZF-BR,B-ZE-BO,S-ZG-BR,B-ZB-UN,B-ZO-UN,S-ZF-BR,B-ZD-UN
562,2003.06.04 00:00,GBPJPY,60,86400,BUY,ZO,0,194.650,192.820,1830.0,194.880,193.410,1470.0,80.328,32.24,1240.0,431.9,194.650,193.410,196.120,BREAK,2003.06.06 04:00,0,,0,,0,,0,NA,Asia,BREAK,2003.06.06 17:00,BOUNCE,2003.06.16 21:00,191.580,BREAK,2003.07.10 14:00,0,,0,,0,,0,NA,NewYork,BREAK,2003.07.14 21:00,BREAK,2003.07.15 15:00,195.890,BREAK,2003.06.06 04:00,0,,0,,0,,0,NA,Asia,BREAK,2003.06.06 16:00,BREAK,2003.06.17 13:00,192.170,BREAK,2003.07.09 16:00,0,,0,,0,,0,NA,NewYork,BOUNCE,2003.07.10 18:00,NA,,B-ZE-BO,B-ZB-BO,B-ZB-BO,B-ZG-BR,S-ZF-UN,B-ZF-BR,B-ZC-BO,S-ZG-UN,S-ZB-UN,S-ZH-BR,S-ZG-BO,S-ZE-BR,B-ZF-BR,B-ZE-BO,S-ZG-BR,B-ZB-UN,B-ZO-UN,S-ZF-BR,B-ZD-UN,B-ZF-UN
563,2003.06.05 00:00,GBPJPY,60,86400,SELL,ZG,0,194.880,193.410,1470.0,194.770,193.070,1700.0,115.646,7.48,1360.0,346.9,194.770,193.410,191.710,BOUNCE,2003.07.09 17:00,0,,0,,0,,0,NA,NewYork,NA,,NA,,196.240,BREAK,2003.06.06 10:00,0,,0,,0,,0,NA,London,BOUNCE,2003.06.09 04:00,NA,,192.050,BREAK,2003.07.09 17:00,0,,0,,0,,0,NA,NewYork,BREAK,2003.07.14 21:00,BREAK,2003.07.15 12:00,196.130,BREAK,2003.06.06 04:00,0,,0,,0,,0,NA,Asia,BOUNCE,2003.06.09 04:00,NA,,B-ZO-BR,B-ZE-BO,B-ZB-BO,B-ZB-BO,B-ZG-BR,S-ZF-UN,B-ZF-BR,B-ZC-BO,S-ZG-UN,S-ZB-UN,S-ZE-BR,B-ZF-BR,B-ZE-BO,S-ZG-BR,B-ZB-UN,B-ZO-UN,S-ZF-BR,B-ZD-UN,B-ZF-UN,B-ZG-UN
564,2003.06.11 00:00,GBPJPY,60,86400,SELL,ZE,1,197.350,194.020,3330.0,195.760,193.730,2030.0,60.961,47.75,1740.0,785.9,195.760,194.020,191.990,BREAK,2003.07.09 17:00,0,,0,,0,,0,NA,NewYork,BREAK,2003.07.15 00:00,BREAK,2003.07.15 18:00,199.090,BOUNCE,2003.06.17 16:00,1,2003.06.23 11:00,1,2003.07.09 11:00,1,2003.07.09 17:00,3,3w 1d,NewYork,NA,,NA,,192.280,BREAK,2003.07.09 11:00,0,,0,,0,,0,NA,London,BREAK,2003.07.14 22:00,BREAK,2003.07.15 17:00,197.500,BOUNCE,2003.06.12 10:00,1,2003.07.09 11:00,1,2003.07.09 11:00,0,,2,3w 6d,London,NA,,NA,,S-ZG-BO,B-ZO-BR,B-ZE-BO,B-ZB-BO,B-ZB-BO,B-ZG-BR,S-ZF-UN,B-ZF-BR,B-ZC-BO,S-ZG-UN,B-ZF-BR,B-ZE-BO,S-ZG-BR,B-ZB-UN,B-ZO-UN,S-ZF-BR,B-ZD-UN,B-ZF-UN,B-ZG-UN,S-ZF-BR
565,2003.06.12 00:00,GBPJPY,60,86400,BUY,ZF,0,195.760,193.730,2030.0,196.710,194.160,2550.0,125.616,21.18,1600.0,479.1,195.760,194.160,198.310,BREAK,2003.06.16 14:00,0,,0,,0,,0,NA,NewYork,UNTOUCHED,,NA,,192.130,BREAK,2003.07.09 17:00,0,,0,,0,,0,NA,NewYork,BREAK,2003.07.14 21:00,BREAK,2003.07.15 15:00,197.360,BOUNCE,2003.06.12 10:00,1,2003.07.09 10:00,1,2003.07.09 17:00,0,,2,3w 6d,London,NA,,NA,,192.560,BREAK,2003.07.09 10:00,0,,0,,0,,0,NA,London,BOUNCE,2003.07.10 21:00,NA,,S-ZE-BR,S-ZG-BO,B-ZO-BR,B-ZE-BO,B-ZB-BO,B-ZB-BO,B-ZG-BR,S-ZF-UN,B-ZF-BR,B-ZC-BO,B-ZE-BO,S-ZG-BR,B-ZB-UN,B-ZO-UN,S-ZF-BR,B-ZD-UN,B-ZF-UN,B-ZG-UN,S-ZF-BR,S-ZO-BR
566,2003.06.13 00:00,GBPJPY,60,86400,BUY,ZE,1,196.710,194.160,2550.0,197.720,196.000,1720.0,67.451,72.16,710.0,601.8,196.710,196.000,198.430,BOUNCE,2003.06.16 14:00,1,2003.06.20 18:00,1,2003.06.25 10:00,1,2003.07.08 17:00,3,3w 1d,NewYork,NA,,NA,,193.450,BREAK,2003.07.08 17:00,0,,0,,0,,0,NA,NewYork,BREAK,2003.07.09 17:00,BOUNCE,2003.07.09 22:00,197.420,BREAK,2003.06.16 11:00,0,,0,,0,,0,NA,London,BREAK,2003.06.16 17:00,BOUNCE,2003.06.17 14:00,195.290,BOUNCE,2003.06.25 10:00,1,2003.06.25 19:00,1,2003.06.25 19:00,0,,2,9h,London,NA,,NA,,B-ZF-BR,S-ZE-BR,S-ZG-BO,B-ZO-BR,B-ZE-BO,B-ZB-BO,B-ZB-BO,B-ZG-BR,S-ZF-UN,B-ZF-BR,S-ZG-BR,B-ZB-UN,B-ZO-UN,S-ZF-BR,B-ZD-UN,B-ZF-UN,B-ZG-UN,S-ZF-BR,S-ZO-BR,S-ZB-BO
567,2003.06.14 00:00,GBPJPY,60,86400,SELL,ZG,0,197.720,196.000,1720.0,197.080,195.310,1770.0,102.907,37.21,1080.0,405.9,197.080,196.000,194.230,BREAK,2003.07.08 08:00,0,,0,,0,,0,NA,London,BREAK,2003.07.09 10:00,BREAK,2003.07.09 17:00,198.800,BREAK,2003.06.17 13:00,0,,0,,0,,0,NA,NewYork,UNTOUCHED,,NA,,194.920,BREAK,2003.07.07 13:00,0,,0,,0,,0,NA,NewYork,BOUNCE,2003.07.08 10:00,NA,,198.160,BREAK,2003.06.16 14:00,0,,0,,0,,0,NA,NewYork,BREAK,2003.06.18 14:00,UNTOUCHED,,B-ZE-BO,B-ZF-BR,S-ZE-BR,S-ZG-BO,B-ZO-BR,B-ZE-BO,B-ZB-BO,B-ZB-BO,B-ZG-BR,S-ZF-UN,B-ZB-UN,B-ZO-UN,S-ZF-BR,B-ZD-UN,B-ZF-UN,B-ZG-UN,S-ZF-BR,S-ZO-BR,S-ZB-BO,S-ZC-BR
568,2003.06.18 00:00,GBPJPY,60,86400,BUY,ZB,1,198.780,196.200,2580.0,199.620,197.250,2370.0,91.860,40.70,1530.0,608.9,198.780,197.250,201.150,UNTOUCHED,,0,,0,,0,,0,NA,Other,NA,,NA,,194.670,BREAK,2003.07.07 13:00,0,,0,,0,,0,NA,NewYork,BREAK,2003.07.09 10:00,BREAK,2003.07.10 14:00,200.310,UNTOUCHED,,0,,0,,0,,0,NA,Other,NA,,NA,,195.720,BOUNCE,2003.06.23 11:00,0,,0,,0,,0,NA,London,NA,,NA,,S-ZG-BR,B-ZE-BO,B-ZF-BR,S-ZE-BR,S-ZG-BO,B-ZO-BR,B-ZE-BO,B-ZB-BO,B-ZB-BO,B-ZG-BR,B-ZO-UN,S-ZF-BR,B-ZD-UN,B-ZF-UN,B-ZG-UN,S-ZF-BR,S-ZO-BR,S-ZB-BO,S-ZC-BR,S-ZG-BR
569,2003.06.19 00:00,GBPJPY,60,86400,BUY,ZO,0,199.620,197.250,2370.0,199.700,197.640,2060.0,86.920,16.46,1980.0,559.3,199.620,197.640,201.680,UNTOUCHED,,0,,0,,0,,0,NA,Other,NA,,NA,,195.270,BOUNCE,2003.06.25 10:00,0,,0,,0,,0,NA,London,NA,,NA,,201.600,UNTOUCHED,,0,,0,,0,,0,NA,Other,NA,,NA,,195.660,BOUNCE,2003.06.23 11:00,0,,0,,0,,0,NA,London,NA,,NA,,B-ZB-UN,S-ZG-BR,B-ZE-BO,B-ZF-BR,S-ZE-BR,S-ZG-BO,B-ZO-BR,B-ZE-BO,B-ZB-BO,B-ZB-BO,S-ZF-BR,B-ZD-UN,B-ZF-UN,B-ZG-UN,S-ZF-BR,S-ZO-BR,S-ZB-BO,S-ZC-BR,S-ZG-BR,B-ZD-BR
570,2003.06.21 00:00,GBPJPY,60,86400,SELL,ZF,1,199.340,197.770,1570.0,199.260,196.240,3020.0,192.357,5.10,1490.0,370.5,199.260,197.770,194.750,BREAK,2003.07.07 13:00,0,,0,,0,,0,NA,NewYork,BREAK,2003.07.09 10:00,BOUNCE,2003.07.09 23:00,200.830,UNTOUCHED,,0,,0,,0,,0,NA,Other,NA,,NA,,196.280,BREAK,2003.06.23 10:00,0,,0,,0,,0,NA,London,BREAK,2003.07.07 15:00,BREAK,2003.07.09 09:00,200.750,UNTOUCHED,,0,,0,,0,,0,NA,Other,NA,,NA,,B-ZO-UN,B-ZB-UN,S-ZG-BR,B-ZE-BO,B-ZF-BR,S-ZE-BR,S-ZG-BO,B-ZO-BR,B-ZE-BO,B-ZB-BO,B-ZD-UN,B-ZF-UN,B-ZG-UN,S-ZF-BR,S-ZO-BR,S-ZB-BO,S-ZC-BR,S-ZG-BR,B-ZD-BR,B-ZB-BR
571,2003.06.27 00:00,GBPJPY,60,86400,BUY,ZD,1,197.650,195.190,2460.0,198.830,196.890,1940.0,78.862,69.11,760.0,580.6,197.650,196.890,199.590,UNTOUCHED,,0,,0,,0,,0,NA,Other,NA,,NA,,194.430,BOUNCE,2003.07.07 15:00,0,,0,,0,,0,NA,NewYork,NA,,NA,,198.410,BOUNCE,2003.06.27 00:00,1,2003.07.03 11:00,1,2003.07.07 15:00,0,,2,1w 3d,Asia,NA,,NA,,196.130,BOUNCE,2003.07.03 11:00,0,,0,,0,,0,NA,London,NA,,NA,,S-ZF-BR,B-ZO-UN,B-ZB-UN,S-ZG-BR,B-ZE-BO,B-ZF-BR,S-ZE-BR,S-ZG-BO,B-ZO-BR,B-ZE-BO,B-ZF-UN,B-ZG-UN,S-ZF-BR,S-ZO-BR,S-ZB-BO,S-ZC-BR,S-ZG-BR,B-ZD-BR,B-ZB-BR,B-ZG-BR
572,2003.07.01 00:00,GBPJPY,60,86400,BUY,ZF,1,197.550,197.130,420.0,198.880,197.180,1700.0,404.762,11.90,370.0,99.1,197.550,197.180,199.250,UNTOUCHED,,0,,0,,0,,0,NA,Other,NA,,NA,,196.760,BREAK,2003.07.02 21:00,0,,0,,0,,0,NA,Other,BREAK,2003.07.02 22:00,BOUNCE,2003.07.07 09:00,197.920,BREAK,2003.07.01 00:00,0,,0,,0,,0,NA,Asia,BOUNCE,2003.07.01 02:00,NA,,196.810,BREAK,2003.07.02 21:00,0,,0,,0,,0,NA,Other,BREAK,2003.07.02 22:00,BREAK,2003.07.07 09:00,B-ZD-UN,S-ZF-BR,B-ZO-UN,B-ZB-UN,S-ZG-BR,B-ZE-BO,B-ZF-BR,S-ZE-BR,S-ZG-BO,B-ZO-BR,B-ZG-UN,S-ZF-BR,S-ZO-BR,S-ZB-BO,S-ZC-BR,S-ZG-BR,B-ZD-BR,B-ZB-BR,B-ZG-BR,B-ZB-BR
573,2003.07.02 00:00,GBPJPY,60,86400,BUY,ZG,0,198.880,197.180,1700.0,199.070,197.250,1820.0,107.059,4.12,1630.0,401.2,198.880,197.250,200.700,UNTOUCHED,,0,,0,,0,,0,NA,Other,NA,,NA,,195.550,BREAK,2003.07.07 12:00,0,,0,,0,,0,NA,London,BREAK,2003.07.08 17:00,BREAK,2003.07.09 17:00,200.510,UNTOUCHED,,0,,0,,0,,0,NA,Other,NA,,NA,,195.620,BREAK,2003.07.07 12:00,0,,0,,0,,0,NA,London,BREAK,2003.07.08 16:00,BREAK,2003.07.09 17:00,B-ZF-UN,B-ZD-UN,S-ZF-BR,B-ZO-UN,B-ZB-UN,S-ZG-BR,B-ZE-BO,B-ZF-BR,S-ZE-BR,S-ZG-BO,S-ZF-BR,S-ZO-BR,S-ZB-BO,S-ZC-BR,S-ZG-BR,B-ZD-BR,B-ZB-BR,B-ZG-BR,B-ZB-BR,B-ZD-BR
574,2003.07.03 00:00,GBPJPY,60,86400,SELL,ZF,0,199.070,197.250,1820.0,198.750,196.220,2530.0,139.011,17.58,1500.0,429.5,198.750,197.250,194.720,BREAK,2003.07.07 13:00,0,,0,,0,,0,NA,NewYork,BREAK,2003.07.09 10:00,BOUNCE,2003.07.09 23:00,200.570,UNTOUCHED,,0,,0,,0,,0,NA,Other,NA,,NA,,195.750,BREAK,2003.07.07 12:00,0,,0,,0,,0,NA,London,BREAK,2003.07.08 08:00,BREAK,2003.07.09 11:00,200.250,UNTOUCHED,,0,,0,,0,,0,NA,Other,NA,,NA,,B-ZG-UN,B-ZF-UN,B-ZD-UN,S-ZF-BR,B-ZO-UN,B-ZB-UN,S-ZG-BR,B-ZE-BO,B-ZF-BR,S-ZE-BR,S-ZO-BR,S-ZB-BO,S-ZC-BR,S-ZG-BR,B-ZD-BR,B-ZB-BR,B-ZG-BR,B-ZB-BR,B-ZD-BR,B-ZB-UN
575,2003.07.04 00:00,GBPJPY,60,86400,SELL,ZO,0,198.750,196.220,2530.0,197.870,196.080,1790.0,70.751,34.78,1650.0,597.1,197.870,196.220,194.430,BREAK,2003.07.07 15:00,0,,0,,0,,0,NA,NewYork,BREAK,2003.07.09 16:00,BOUNCE,2003.07.11 03:00,200.400,UNTOUCHED,,0,,0,,0,,0,NA,Other,NA,,NA,,194.570,BREAK,2003.07.07 15:00,0,,0,,0,,0,NA,NewYork,BREAK,2003.07.09 11:00,BOUNCE,2003.07.11 03:00,199.520,UNTOUCHED,,0,,0,,0,,0,NA,Other,NA,,NA,,S-ZF-BR,B-ZG-UN,B-ZF-UN,B-ZD-UN,S-ZF-BR,B-ZO-UN,B-ZB-UN,S-ZG-BR,B-ZE-BO,B-ZF-BR,S-ZB-BO,S-ZC-BR,S-ZG-BR,B-ZD-BR,B-ZB-BR,B-ZG-BR,B-ZB-BR,B-ZD-BR,B-ZB-UN,B-ZO-UN
576,2003.07.09 00:00,GBPJPY,60,86400,SELL,ZB,1,197.050,194.250,2800.0,195.080,192.990,2090.0,74.643,70.36,830.0,660.8,195.080,194.250,192.160,BOUNCE,2003.07.09 16:00,1,2003.07.28 13:00,0,,0,,1,2w 4d,NewYork,NA,,NA,,197.880,UNTOUCHED,,0,,0,,0,,0,NA,Other,NA,,NA,,193.420,BREAK,2003.07.09 00:00,0,,0,,0,,0,NA,Asia,BREAK,2003.07.09 17:00,BOUNCE,2003.07.09 22:00,195.910,UNTOUCHED,,0,,0,,0,,0,NA,Other,NA,,NA,,S-ZO-BR,S-ZF-BR,B-ZG-UN,B-ZF-UN,B-ZD-UN,S-ZF-BR,B-ZO-UN,B-ZB-UN,S-ZG-BR,B-ZE-BO,S-ZC-BR,S-ZG-BR,B-ZD-BR,B-ZB-BR,B-ZG-BR,B-ZB-BR,B-ZD-BR,B-ZB-UN,B-ZO-UN,S-ZC-BR
577,2003.07.10 00:00,GBPJPY,60,86400,SELL,ZC,1,195.080,192.990,2090.0,193.830,191.630,2200.0,105.263,59.81,840.0,493.2,193.830,192.990,190.790,BREAK,2003.07.14 11:00,0,,0,,0,,0,NA,London,BREAK,2003.07.15 00:00,BREAK,2003.07.15 15:00,195.920,UNTOUCHED,,0,,0,,0,,0,NA,Other,NA,,NA,,192.150,BREAK,2003.07.10 04:00,0,,0,,0,,0,NA,Asia,BOUNCE,2003.07.10 14:00,NA,,194.670,BOUNCE,2003.07.29 12:00,1,2003.08.05 19:00,1,2003.08.05 19:00,0,,2,1w 0d,London,NA,,NA,,S-ZB-BO,S-ZO-BR,S-ZF-BR,B-ZG-UN,B-ZF-UN,B-ZD-UN,S-ZF-BR,B-ZO-UN,B-ZB-UN,S-ZG-BR,S-ZG-BR,B-ZD-BR,B-ZB-BR,B-ZG-BR,B-ZB-BR,B-ZD-BR,B-ZB-UN,B-ZO-UN,S-ZC-BR,S-ZG-BR
578,2003.07.11 00:00,GBPJPY,60,86400,SELL,ZG,0,193.830,191.630,2200.0,193.210,190.920,2290.0,104.091,28.18,1580.0,519.2,193.210,191.630,189.340,BREAK,2003.07.15 00:00,0,,0,,0,,0,NA,Asia,BREAK,2003.07.15 19:00,BREAK,2003.08.21 19:00,195.410,UNTOUCHED,,0,,0,,0,,0,NA,Other,NA,,NA,,190.050,BREAK,2003.07.14 21:00,0,,0,,0,,0,NA,Other,BREAK,2003.07.15 17:00,BREAK,2003.07.15 19:00,194.790,BOUNCE,2003.07.29 23:00,1,2003.08.11 04:00,1,2003.08.11 04:00,0,,2,1w 5d,Other,NA,,NA,,S-ZC-BR,S-ZB-BO,S-ZO-BR,S-ZF-BR,B-ZG-UN,B-ZF-UN,B-ZD-UN,S-ZF-BR,B-ZO-UN,B-ZB-UN,B-ZD-BR,B-ZB-BR,B-ZG-BR,B-ZB-BR,B-ZD-BR,B-ZB-UN,B-ZO-UN,S-ZC-BR,S-ZG-BR,S-ZB-BR
579,2003.07.18 00:00,GBPJPY,60,86400,BUY,ZD,1,189.040,187.530,1510.0,189.820,188.320,1500.0,99.338,52.32,720.0,356.4,189.040,188.320,190.540,BREAK,2003.07.22 05:00,0,,0,,0,,0,NA,Asia,BOUNCE,2003.07.22 12:00,NA,,186.810,BOUNCE,2003.07.21 02:00,1,2003.07.21 11:00,1,2003.07.21 20:00,1,2003.07.22 05:00,3,1d 3h,Asia,NA,,NA,,189.760,BREAK,2003.07.18 00:00,0,,0,,0,,0,NA,Asia,BREAK,2003.07.22 09:00,BOUNCE,2003.07.22 18:00,187.600,BREAK,2003.07.21 01:00,0,,0,,0,,0,NA,Asia,BOUNCE,2003.07.21 09:00,NA,,S-ZG-BR,S-ZC-BR,S-ZB-BO,S-ZO-BR,S-ZF-BR,B-ZG-UN,B-ZF-UN,B-ZD-UN,S-ZF-BR,B-ZO-UN,B-ZB-BR,B-ZG-BR,B-ZB-BR,B-ZD-BR,B-ZB-UN,B-ZO-UN,S-ZC-BR,S-ZG-BR,S-ZB-BR,S-ZB-BO
580,2003.07.23 00:00,GBPJPY,60,86400,BUY,ZB,1,190.010,186.760,3250.0,191.370,189.200,2170.0,66.769,75.08,810.0,767.0,190.010,189.200,192.180,BREAK,2003.07.24 16:00,0,,0,,0,,0,NA,NewYork,BREAK,2003.07.28 12:00,BREAK,2003.07.29 11:00,185.950,BREAK,2003.08.21 19:00,0,,0,,0,,0,NA,NewYork,BREAK,2003.08.22 18:00,BOUNCE,2003.08.25 03:00,190.820,BREAK,2003.07.23 13:00,0,,0,,0,,0,NA,NewYork,BREAK,2003.07.24 20:00,BREAK,2003.07.28 11:00,188.390,BREAK,2003.08.19 20:00,0,,0,,0,,0,NA,NewYork,BREAK,2003.08.21 10:00,BREAK,2003.08.21 19:00,B-ZD-BR,S-ZG-BR,S-ZC-BR,S-ZB-BO,S-ZO-BR,S-ZF-BR,B-ZG-UN,B-ZF-UN,B-ZD-UN,S-ZF-BR,B-ZG-BR,B-ZB-BR,B-ZD-BR,B-ZB-UN,B-ZO-UN,S-ZC-BR,S-ZG-BR,S-ZB-BR,S-ZB-BO,S-ZO-BO
581,2003.07.24 00:00,GBPJPY,60,86400,BUY,ZG,0,191.370,189.200,2170.0,191.500,189.260,2240.0,103.226,2.76,2110.0,512.1,191.370,189.260,193.610,BREAK,2003.07.28 12:00,0,,0,,0,,0,NA,London,UNTOUCHED,,NA,,187.090,BREAK,2003.08.21 10:00,0,,0,,0,,0,NA,London,BREAK,2003.08.22 18:00,BREAK,2003.09.02 19:00,193.480,BREAK,2003.07.28 12:00,0,,0,,0,,0,NA,London,UNTOUCHED,,NA,,187.150,BREAK,2003.08.21 10:00,0,,0,,0,,0,NA,London,BREAK,2003.08.22 18:00,BREAK,2003.09.02 10:00,B-ZB-BR,B-ZD-BR,S-ZG-BR,S-ZC-BR,S-ZB-BO,S-ZO-BR,S-ZF-BR,B-ZG-UN,B-ZF-UN,B-ZD-UN,B-ZB-BR,B-ZD-BR,B-ZB-UN,B-ZO-UN,S-ZC-BR,S-ZG-BR,S-ZB-BR,S-ZB-BO,S-ZO-BO,B-ZF-UN
582,2003.07.25 00:00,GBPJPY,60,86400,BUY,ZB,1,191.500,189.260,2240.0,192.430,190.790,1640.0,73.214,68.30,710.0,528.6,191.500,190.790,193.140,BREAK,2003.07.28 10:00,0,,0,,0,,0,NA,London,BREAK,2003.07.28 16:00,BREAK,2003.07.30 18:00,188.550,BOUNCE,2003.08.19 19:00,0,,0,,0,,0,NA,NewYork,NA,,NA,,192.210,BREAK,2003.07.25 00:00,0,,0,,0,,0,NA,Asia,BREAK,2003.07.28 11:00,BREAK,2003.07.28 14:00,190.080,BREAK,2003.08.11 04:00,0,,0,,0,,0,NA,Asia,BOUNCE,2003.08.11 17:00,NA,,B-ZG-BR,B-ZB-BR,B-ZD-BR,S-ZG-BR,S-ZC-BR,S-ZB-BO,S-ZO-BR,S-ZF-BR,B-ZG-UN,B-ZF-UN,B-ZD-BR,B-ZB-UN,B-ZO-UN,S-ZC-BR,S-ZG-BR,S-ZB-BR,S-ZB-BO,S-ZO-BO,B-ZF-UN,B-ZO-UN
583,2003.07.26 00:00,GBPJPY,60,86400,BUY,ZD,1,192.430,190.790,1640.0,192.920,191.790,1130.0,68.902,60.98,640.0,387.0,192.430,191.790,193.560,BREAK,2003.07.28 12:00,0,,0,,0,,0,NA,London,BREAK,2003.07.29 11:00,BOUNCE,2003.07.30 13:00,190.150,BREAK,2003.08.11 04:00,0,,0,,0,,0,NA,Asia,BOUNCE,2003.08.11 17:00,NA,,193.070,BREAK,2003.07.28 10:00,0,,0,,0,,0,NA,London,BREAK,2003.07.28 14:00,BREAK,2003.07.29 21:00,191.150,BREAK,2003.08.08 18:00,0,,0,,0,,0,NA,NewYork,BREAK,2003.08.11 04:00,BREAK,2003.08.11 09:00,B-ZB-BR,B-ZG-BR,B-ZB-BR,B-ZD-BR,S-ZG-BR,S-ZC-BR,S-ZB-BO,S-ZO-BR,S-ZF-BR,B-ZG-UN,B-ZB-UN,B-ZO-UN,S-ZC-BR,S-ZG-BR,S-ZB-BR,S-ZB-BO,S-ZO-BO,B-ZF-UN,B-ZO-UN,S-ZD-BR
584,2003.07.30 00:00,GBPJPY,60,86400,BUY,ZB,1,194.520,192.340,2180.0,194.800,193.790,1010.0,46.330,66.51,730.0,514.5,194.520,193.790,195.530,UNTOUCHED,,0,,0,,0,,0,NA,Other,NA,,NA,,191.610,BREAK,2003.08.08 11:00,0,,0,,0,,0,NA,London,BREAK,2003.08.11 04:00,BREAK,2003.08.11 09:00,195.250,UNTOUCHED,,0,,0,,0,,0,NA,Other,NA,,NA,,193.060,BOUNCE,2003.07.31 14:00,0,,0,,0,,0,NA,NewYork,NA,,NA,,B-ZD-BR,B-ZB-BR,B-ZG-BR,B-ZB-BR,B-ZD-BR,S-ZG-BR,S-ZC-BR,S-ZB-BO,S-ZO-BR,S-ZF-BR,B-ZO-UN,S-ZC-BR,S-ZG-BR,S-ZB-BR,S-ZB-BO,S-ZO-BO,B-ZF-UN,B-ZO-UN,S-ZD-BR,B-ZE-UN
585,2003.07.31 00:00,GBPJPY,60,86400,BUY,ZO,0,194.800,193.790,1010.0,195.110,194.030,1080.0,106.931,23.76,770.0,238.4,194.800,194.030,195.880,UNTOUCHED,,0,,0,,0,,0,NA,Other,NA,,NA,,193.020,BOUNCE,2003.07.31 14:00,0,,0,,0,,0,NA,NewYork,NA,,NA,,195.570,UNTOUCHED,,0,,0,,0,,0,NA,Other,NA,,NA,,193.260,BREAK,2003.07.31 14:00,0,,0,,0,,0,NA,NewYork,BOUNCE,2003.08.01 22:00,NA,,B-ZB-UN,B-ZD-BR,B-ZB-BR,B-ZG-BR,B-ZB-BR,B-ZD-BR,S-ZG-BR,S-ZC-BR,S-ZB-BO,S-ZO-BR,S-ZC-BR,S-ZG-BR,S-ZB-BR,S-ZB-BO,S-ZO-BO,B-ZF-UN,B-ZO-UN,S-ZD-BR,B-ZE-UN,S-ZB-BR
586,2003.08.01 00:00,GBPJPY,60,86400,SELL,ZC,1,195.110,194.030,1080.0,194.540,192.890,1650.0,152.778,52.78,510.0,254.9,194.540,194.030,192.380,BREAK,2003.08.05 19:00,0,,0,,0,,0,NA,NewYork,BOUNCE,2003.08.07 19:00,NA,,195.620,UNTOUCHED,,0,,0,,0,,0,NA,Other,NA,,NA,,193.520,BREAK,2003.08.01 08:00,0,,0,,0,,0,NA,London,BREAK,2003.08.01 12:00,BOUNCE,2003.08.01 18:00,195.050,UNTOUCHED,,0,,0,,0,,0,NA,Other,NA,,NA,,B-ZO-UN,B-ZB-UN,B-ZD-BR,B-ZB-BR,B-ZG-BR,B-ZB-BR,B-ZD-BR,S-ZG-BR,S-ZC-BR,S-ZB-BO,S-ZG-BR,S-ZB-BR,S-ZB-BO,S-ZO-BO,B-ZF-UN,B-ZO-UN,S-ZD-BR,B-ZE-UN,S-ZB-BR,S-ZB-BR
587,2003.08.02 00:00,GBPJPY,60,86400,SELL,ZG,0,194.540,192.890,1650.0,194.390,192.420,1970.0,119.394,9.09,1500.0,389.4,194.390,192.890,190.920,BREAK,2003.08.08 21:00,0,,0,,0,,0,NA,Other,BOUNCE,2003.08.11 21:00,NA,,196.040,UNTOUCHED,,0,,0,,0,,0,NA,Other,NA,,NA,,191.390,BREAK,2003.08.08 12:00,0,,0,,0,,0,NA,London,BREAK,2003.08.11 09:00,BREAK,2003.08.19 20:00,195.890,UNTOUCHED,,0,,0,,0,,0,NA,Other,NA,,NA,,S-ZC-BR,B-ZO-UN,B-ZB-UN,B-ZD-BR,B-ZB-BR,B-ZG-BR,B-ZB-BR,B-ZD-BR,S-ZG-BR,S-ZC-BR,S-ZB-BR,S-ZB-BO,S-ZO-BO,B-ZF-UN,B-ZO-UN,S-ZD-BR,B-ZE-UN,S-ZB-BR,S-ZB-BR,S-ZD-BO
588,2003.08.08 00:00,GBPJPY,60,86400,SELL,ZB,1,194.340,192.850,1490.0,193.670,191.610,2060.0,138.255,44.97,820.0,351.6,193.670,192.850,190.790,BREAK,2003.08.08 22:00,0,,0,,0,,0,NA,Other,BREAK,2003.08.11 09:00,BOUNCE,2003.08.16 00:00,195.160,UNTOUCHED,,0,,0,,0,,0,NA,Other,NA,,NA,,192.030,BREAK,2003.08.08 10:00,0,,0,,0,,0,NA,London,BREAK,2003.08.08 22:00,BREAK,2003.08.11 04:00,194.490,UNTOUCHED,,0,,0,,0,,0,NA,Other,NA,,NA,,S-ZG-BR,S-ZC-BR,B-ZO-UN,B-ZB-UN,B-ZD-BR,B-ZB-BR,B-ZG-BR,B-ZB-BR,B-ZD-BR,S-ZG-BR,S-ZB-BO,S-ZO-BO,B-ZF-UN,B-ZO-UN,S-ZD-BR,B-ZE-UN,S-ZB-BR,S-ZB-BR,S-ZD-BO,B-ZG-BR
589,2003.08.09 00:00,GBPJPY,60,86400,SELL,ZB,1,193.670,191.610,2060.0,192.710,190.580,2130.0,103.398,46.60,1100.0,486.2,192.710,191.610,189.480,BOUNCE,2003.08.11 09:00,1,2003.08.13 16:00,0,,0,,1,2d 7h,London,NA,,NA,,194.770,UNTOUCHED,,0,,0,,0,,0,NA,Other,NA,,NA,,190.510,BREAK,2003.08.11 03:00,0,,0,,0,,0,NA,Asia,BOUNCE,2003.08.11 19:00,NA,,193.810,UNTOUCHED,,0,,0,,0,,0,NA,Other,NA,,NA,,S-ZB-BR,S-ZG-BR,S-ZC-BR,B-ZO-UN,B-ZB-UN,B-ZD-BR,B-ZB-BR,B-ZG-BR,B-ZB-BR,B-ZD-BR,S-ZO-BO,B-ZF-UN,B-ZO-UN,S-ZD-BR,B-ZE-UN,S-ZB-BR,S-ZB-BR,S-ZD-BO,B-ZG-BR,S-ZO-BR
590,2003.08.12 00:00,GBPJPY,60,86400,SELL,ZO,1,191.300,190.550,750.0,191.260,189.280,1980.0,264.000,5.33,710.0,177.0,191.260,190.550,188.570,BOUNCE,2003.08.19 19:00,0,,0,,0,,0,NA,NewYork,NA,,NA,,192.010,BOUNCE,2003.08.13 17:00,1,2003.08.14 18:00,1,2003.08.15 17:00,1,2003.08.19 19:00,3,6d 2h,NewYork,NA,,NA,,189.840,BREAK,2003.08.12 14:00,0,,0,,0,,0,NA,NewYork,BOUNCE,2003.08.16 00:00,NA,,191.970,BREAK,2003.08.13 17:00,0,,0,,0,,0,NA,NewYork,UNTOUCHED,,NA,,S-ZB-BO,S-ZB-BR,S-ZG-BR,S-ZC-BR,B-ZO-UN,B-ZB-UN,B-ZD-BR,B-ZB-BR,B-ZG-BR,B-ZB-BR,B-ZF-UN,B-ZO-UN,S-ZD-BR,B-ZE-UN,S-ZB-BR,S-ZB-BR,S-ZD-BO,B-ZG-BR,S-ZO-BR,S-ZG-BO
591,2003.08.14 00:00,GBPJPY,60,86400,BUY,ZF,0,191.120,189.470,1650.0,192.010,189.690,2320.0,140.606,13.33,1430.0,389.4,191.120,189.690,193.440,UNTOUCHED,,0,,0,,0,,0,NA,Other,NA,,NA,,188.040,BREAK,2003.08.19 20:00,0,,0,,0,,0,NA,NewYork,BREAK,2003.08.21 16:00,BREAK,2003.08.22 16:00,192.550,BOUNCE,2003.08.14 10:00,1,2003.08.19 20:00,1,2003.08.19 20:00,0,,2,5d 10h,London,NA,,NA,,188.260,BREAK,2003.08.19 20:00,0,,0,,0,,0,NA,NewYork,BREAK,2003.08.21 13:00,BREAK,2003.08.22 15:00,S-ZO-BO,S-ZB-BO,S-ZB-BR,S-ZG-BR,S-ZC-BR,B-ZO-UN,B-ZB-UN,B-ZD-BR,B-ZB-BR,B-ZG-BR,B-ZO-UN,S-ZD-BR,B-ZE-UN,S-ZB-BR,S-ZB-BR,S-ZD-BO,B-ZG-BR,S-ZO-BR,S-ZG-BO,S-ZO-PE
592,2003.08.15 00:00,GBPJPY,60,86400,BUY,ZO,0,192.010,189.690,2320.0,192.560,190.370,2190.0,94.397,29.31,1640.0,547.5,192.010,190.370,194.200,UNTOUCHED,,0,,0,,0,,0,NA,Other,NA,,NA,,188.050,BREAK,2003.08.19 20:00,0,,0,,0,,0,NA,NewYork,BREAK,2003.08.21 19:00,BREAK,2003.08.25 23:00,193.650,UNTOUCHED,,0,,0,,0,,0,NA,Other,NA,,NA,,188.730,BREAK,2003.08.19 19:00,0,,0,,0,,0,NA,NewYork,BREAK,2003.08.21 13:00,BREAK,2003.08.22 15:00,B-ZF-UN,S-ZO-BO,S-ZB-BO,S-ZB-BR,S-ZG-BR,S-ZC-BR,B-ZO-UN,B-ZB-UN,B-ZD-BR,B-ZB-BR,S-ZD-BR,B-ZE-UN,S-ZB-BR,S-ZB-BR,S-ZD-BO,B-ZG-BR,S-ZO-BR,S-ZG-BO,S-ZO-PE,S-ZE-PE
593,2003.08.16 00:00,GBPJPY,60,86400,SELL,ZD,1,192.560,190.370,2190.0,191.150,189.730,1420.0,64.840,64.38,780.0,516.8,191.150,190.370,188.950,BREAK,2003.08.19 19:00,0,,0,,0,,0,NA,NewYork,BOUNCE,2003.08.20 12:00,NA,,193.340,UNTOUCHED,,0,,0,,0,,0,NA,Other,NA,,NA,,189.590,BREAK,2003.08.16 00:00,0,,0,,0,,0,NA,Asia,BREAK,2003.08.19 20:00,BOUNCE,2003.08.20 11:00,191.930,UNTOUCHED,,0,,0,,0,,0,NA,Other,NA,,NA,,B-ZO-UN,B-ZF-UN,S-ZO-BO,S-ZB-BO,S-ZB-BR,S-ZG-BR,S-ZC-BR,B-ZO-UN,B-ZB-UN,B-ZD-BR,B-ZE-UN,S-ZB-BR,S-ZB-BR,S-ZD-BO,B-ZG-BR,S-ZO-BR,S-ZG-BO,S-ZO-PE,S-ZE-PE,B-ZF-BR
594,2003.08.19 00:00,GBPJPY,60,86400,BUY,ZE,1,190.210,188.960,1250.0,190.810,189.530,1280.0,102.400,45.60,680.0,295.0,190.210,189.530,191.490,UNTOUCHED,,0,,0,,0,,0,NA,Other,NA,,NA,,188.280,BREAK,2003.08.19 20:00,0,,0,,0,,0,NA,NewYork,BOUNCE,2003.08.21 09:00,NA,,190.890,UNTOUCHED,,0,,0,,0,,0,NA,Other,NA,,NA,,188.850,BREAK,2003.08.19 19:00,0,,0,,0,,0,NA,NewYork,BREAK,2003.08.19 22:00,BOUNCE,2003.08.21 09:00,S-ZD-BR,B-ZO-UN,B-ZF-UN,S-ZO-BO,S-ZB-BO,S-ZB-BR,S-ZG-BR,S-ZC-BR,B-ZO-UN,B-ZB-UN,S-ZB-BR,S-ZB-BR,S-ZD-BO,B-ZG-BR,S-ZO-BR,S-ZG-BO,S-ZO-PE,S-ZE-PE,B-ZF-BR,S-ZO-PE
595,2003.08.20 00:00,GBPJPY,60,86400,SELL,ZB,1,190.810,189.530,1280.0,190.170,187.670,2500.0,195.312,50.00,640.0,302.1,190.170,189.530,187.030,BREAK,2003.08.21 10:00,0,,0,,0,,0,NA,London,BREAK,2003.08.21 19:00,BREAK,2003.08.21 20:00,191.450,PENDING,,0,,0,,0,,0,NA,Other,NA,,NA,,188.890,BREAK,2003.08.20 00:00,0,,0,,0,,0,NA,Asia,BREAK,2003.08.20 09:00,BOUNCE,2003.08.21 09:00,190.810,PENDING,,0,,0,,0,,0,NA,Other,NA,,NA,,B-ZE-UN,S-ZD-BR,B-ZO-UN,B-ZF-UN,S-ZO-BO,S-ZB-BO,S-ZB-BR,S-ZG-BR,S-ZC-BR,B-ZO-UN,S-ZB-BR,S-ZD-BO,B-ZG-BR,S-ZO-BR,S-ZG-BO,S-ZO-PE,S-ZE-PE,B-ZF-BR,S-ZO-PE,B-ZD-BO
596,2003.08.23 00:00,GBPJPY,60,86400,SELL,ZB,1,188.920,185.430,3490.0,186.420,184.280,2140.0,61.318,71.63,990.0,823.6,186.420,185.430,183.290,BREAK,2003.09.01 13:00,0,,0,,0,,0,NA,NewYork,BREAK,2003.09.03 11:00,BOUNCE,2003.09.03 16:00,189.910,PENDING,,0,,0,,0,,0,NA,Other,NA,,NA,,184.440,BOUNCE,2003.08.25 01:00,1,2003.09.12 15:00,0,,0,,1,2w 4d,Asia,NA,,NA,,187.410,BOUNCE,2003.09.12 15:00,1,2003.09.16 19:00,1,2003.09.16 19:00,0,,2,4d 4h,NewYork,NA,,NA,,S-ZB-BR,B-ZE-UN,S-ZD-BR,B-ZO-UN,B-ZF-UN,S-ZO-BO,S-ZB-BO,S-ZB-BR,S-ZG-BR,S-ZC-BR,S-ZD-BO,B-ZG-BR,S-ZO-BR,S-ZG-BO,S-ZO-PE,S-ZE-PE,B-ZF-BR,S-ZO-PE,B-ZD-BO,B-ZH-BR
597,2003.08.27 00:00,GBPJPY,60,86400,SELL,ZD,1,185.540,184.180,1360.0,184.960,183.390,1570.0,115.441,42.65,780.0,321.0,184.960,184.180,182.610,BOUNCE,2003.09.01 17:00,1,2003.09.04 10:00,1,2003.09.05 18:00,1,2003.09.08 01:00,3,6d 8h,NewYork,NA,,NA,,186.320,BREAK,2003.09.08 01:00,0,,0,,0,,0,NA,Asia,BOUNCE,2003.09.11 16:00,NA,,183.400,BOUNCE,2003.08.29 15:00,1,2003.09.05 18:00,1,2003.09.08 01:00,0,,2,1w 2d,NewYork,NA,,NA,,185.740,BREAK,2003.09.05 18:00,0,,0,,0,,0,NA,NewYork,BREAK,2003.09.08 01:00,BOUNCE,2003.09.12 15:00,S-ZB-BR,S-ZB-BR,B-ZE-UN,S-ZD-BR,B-ZO-UN,B-ZF-UN,S-ZO-BO,S-ZB-BO,S-ZB-BR,S-ZG-BR,B-ZG-BR,S-ZO-BR,S-ZG-BO,S-ZO-PE,S-ZE-PE,B-ZF-BR,S-ZO-PE,B-ZD-BO,B-ZH-BR,B-ZF-PE
598,2003.08.28 00:00,GBPJPY,60,86400,BUY,ZG,0,184.960,183.390,1570.0,185.570,183.910,1660.0,105.732,33.12,1050.0,370.5,184.960,183.910,186.620,BREAK,2003.09.08 01:00,0,,0,,0,,0,NA,Asia,BREAK,2003.09.12 16:00,BOUNCE,2003.09.16 08:00,182.340,BREAK,2003.09.02 19:00,0,,0,,0,,0,NA,NewYork,BOUNCE,2003.09.03 17:00,NA,,186.010,BREAK,2003.09.05 18:00,0,,0,,0,,0,NA,NewYork,BOUNCE,2003.09.11 17:00,NA,,182.860,BREAK,2003.09.01 14:00,0,,0,,0,,0,NA,NewYork,BREAK,2003.09.03 11:00,PENDING,,S-ZD-BO,S-ZB-BR,S-ZB-BR,B-ZE-UN,S-ZD-BR,B-ZO-UN,B-ZF-UN,S-ZO-BO,S-ZB-BO,S-ZB-BR,S-ZO-BR,S-ZG-BO,S-ZO-PE,S-ZE-PE,B-ZF-BR,S-ZO-PE,B-ZD-BO,B-ZH-BR,B-ZF-PE,S-ZB-BR
599,2003.08.29 00:00,GBPJPY,60,86400,SELL,ZO,0,185.570,183.910,1660.0,185.480,183.640,1840.0,110.843,5.42,1570.0,391.8,185.480,183.910,182.070,BREAK,2003.09.02 22:00,0,,0,,0,,0,NA,Other,PENDING,,NA,,187.140,BREAK,2003.09.11 11:00,0,,0,,0,,0,NA,London,BOUNCE,2003.09.16 09:00,NA,,182.340,BREAK,2003.09.02 19:00,0,,0,,0,,0,NA,NewYork,PENDING,,NA,,187.050,BREAK,2003.09.11 10:00,0,,0,,0,,0,NA,London,BREAK,2003.09.15 11:00,PENDING,,B-ZG-BR,S-ZD-BO,S-ZB-BR,S-ZB-BR,B-ZE-UN,S-ZD-BR,B-ZO-UN,B-ZF-UN,S-ZO-BO,S-ZB-BO,S-ZG-BO,S-ZO-PE,S-ZE-PE,B-ZF-BR,S-ZO-PE,B-ZD-BO,B-ZH-BR,B-ZF-PE,S-ZB-BR,S-ZO-PE
600,2003.08.30 00:00,GBPJPY,60,86400,SELL,ZG,0,185.480,183.640,1840.0,185.380,183.370,2010.0,109.239,5.43,1740.0,434.2,185.380,183.640,181.630,BOUNCE,2003.09.03 10:00,1,2003.09.05 06:00,1,2003.09.11 11:00,1,2003.09.12 15:00,3,1w 2d,London,NA,,NA,,187.220,BREAK,2003.09.12 15:00,0,,0,,0,,0,NA,NewYork,BOUNCE,2003.09.16 09:00,NA,,181.900,BREAK,2003.09.03 04:00,0,,0,,0,,0,NA,Asia,PENDING,,NA,,187.120,BREAK,2003.09.11 11:00,0,,0,,0,,0,NA,London,BOUNCE,2003.09.16 09:00,NA,,S-ZO-BR,B-ZG-BR,S-ZD-BO,S-ZB-BR,S-ZB-BR,B-ZE-UN,S-ZD-BR,B-ZO-UN,B-ZF-UN,S-ZO-BO,S-ZO-PE,S-ZE-PE,B-ZF-BR,S-ZO-PE,B-ZD-BO,B-ZH-BR,B-ZF-PE,S-ZB-BR,S-ZO-PE,B-ZD-PE
601,2003.09.03 00:00,GBPJPY,60,86400,SELL,ZO,0,184.590,182.570,2020.0,183.920,181.950,1970.0,97.525,33.17,1350.0,476.7,183.920,182.570,180.600,PENDING,,0,,0,,0,,0,NA,Other,NA,,NA,,185.940,BREAK,2003.09.05 18:00,0,,0,,0,,0,NA,NewYork,BREAK,2003.09.12 16:00,BOUNCE,2003.09.16 09:00,181.220,PENDING,,0,,0,,0,,0,NA,Other,NA,,NA,,185.270,BREAK,2003.09.05 06:00,0,,0,,0,,0,NA,Asia,BOUNCE,2003.09.08 13:00,NA,,S-ZG-BO,S-ZO-BR,B-ZG-BR,S-ZD-BO,S-ZB-BR,S-ZB-BR,B-ZE-UN,S-ZD-BR,B-ZO-UN,B-ZF-UN,S-ZE-PE,B-ZF-BR,S-ZO-PE,B-ZD-BO,B-ZH-BR,B-ZF-PE,S-ZB-BR,S-ZO-PE,B-ZD-PE,
602,2003.09.04 00:00,GBPJPY,60,86400,SELL,ZE,1,183.920,181.950,1970.0,182.860,181.250,1610.0,81.726,53.81,910.0,464.9,182.860,181.950,180.340,PENDING,,0,,0,,0,,0,NA,Other,NA,,NA,,184.830,BREAK,2003.09.04 16:00,0,,0,,0,,0,NA,NewYork,BREAK,2003.09.05 19:00,BOUNCE,2003.09.08 11:00,181.040,PENDING,,0,,0,,0,,0,NA,Other,NA,,NA,,183.770,BREAK,2003.09.04 09:00,0,,0,,0,,0,NA,London,BREAK,2003.09.05 06:00,BREAK,2003.09.05 19:00,S-ZO-PE,S-ZG-BO,S-ZO-BR,B-ZG-BR,S-ZD-BO,S-ZB-BR,S-ZB-BR,B-ZE-UN,S-ZD-BR,B-ZO-UN,B-ZF-BR,S-ZO-PE,B-ZD-BO,B-ZH-BR,B-ZF-PE,S-ZB-BR,S-ZO-PE,B-ZD-PE,,
603,2003.09.05 00:00,GBPJPY,60,86400,BUY,ZF,1,182.860,181.250,1610.0,185.090,181.560,3530.0,219.255,19.25,1300.0,380.0,182.860,181.560,186.390,BREAK,2003.09.08 01:00,0,,0,,0,,0,NA,Asia,BREAK,2003.09.12 16:00,BOUNCE,2003.09.16 08:00,179.950,PENDING,,0,,0,,0,,0,NA,Other,NA,,NA,,184.160,BREAK,2003.09.05 00:00,0,,0,,0,,0,NA,Asia,BREAK,2003.09.05 18:00,BOUNCE,2003.09.08 13:00,180.260,PENDING,,0,,0,,0,,0,NA,Other,NA,,NA,,S-ZE-PE,S-ZO-PE,S-ZG-BO,S-ZO-BR,B-ZG-BR,S-ZD-BO,S-ZB-BR,S-ZB-BR,B-ZE-UN,S-ZD-BR,S-ZO-PE,B-ZD-BO,B-ZH-BR,B-ZF-PE,S-ZB-BR,S-ZO-PE,B-ZD-PE,,,
604,2003.09.10 00:00,GBPJPY,60,86400,SELL,ZO,0,187.020,184.430,2590.0,186.100,183.590,2510.0,96.911,35.52,1670.0,611.2,186.100,184.430,181.920,PENDING,,0,,0,,0,,0,NA,Other,NA,,NA,,188.690,BOUNCE,2003.09.15 10:00,1,2003.09.16 13:00,0,,0,,1,1d 3h,London,NA,,NA,,182.760,PENDING,,0,,0,,0,,0,NA,Other,NA,,NA,,187.770,BREAK,2003.09.12 16:00,0,,0,,0,,0,NA,NewYork,PENDING,,NA,,B-ZF-BR,S-ZE-PE,S-ZO-PE,S-ZG-BO,S-ZO-BR,B-ZG-BR,S-ZD-BO,S-ZB-BR,S-ZB-BR,B-ZE-UN,B-ZD-BO,B-ZH-BR,B-ZF-PE,S-ZB-BR,S-ZO-PE,B-ZD-PE,,,,
605,2003.09.11 00:00,GBPJPY,60,86400,BUY,ZD,1,186.100,183.590,2510.0,186.580,185.340,1240.0,49.402,69.72,760.0,592.4,186.100,185.340,187.340,BOUNCE,2003.09.12 15:00,1,2003.09.16 13:00,1,2003.09.16 18:00,0,,2,4d 3h,NewYork,NA,,NA,,182.830,PENDING,,0,,0,,0,,0,NA,Other,NA,,NA,,186.860,BOUNCE,2003.09.11 09:00,1,2003.09.16 18:00,0,,0,,1,5d 9h,London,NA,,NA,,184.580,BOUNCE,2003.09.16 18:00,1,2003.09.17 21:00,1,2003.09.17 21:00,0,,2,1d 3h,NewYork,NA,,NA,,S-ZO-PE,B-ZF-BR,S-ZE-PE,S-ZO-PE,S-ZG-BO,S-ZO-BR,B-ZG-BR,S-ZD-BO,S-ZB-BR,S-ZB-BR,B-ZH-BR,B-ZF-PE,S-ZB-BR,S-ZO-PE,B-ZD-PE,,,,,
606,2003.09.12 00:00,GBPJPY,60,86400,BUY,ZH,0,186.580,185.340,1240.0,187.140,185.620,1520.0,122.581,22.58,960.0,292.6,186.580,185.620,188.100,BREAK,2003.09.12 16:00,0,,0,,0,,0,NA,NewYork,PENDING,,NA,,184.380,BOUNCE,2003.09.16 19:00,1,2003.09.17 13:00,1,2003.09.19 13:00,0,,2,2d 18h,NewYork,NA,,NA,,187.540,BOUNCE,2003.09.12 15:00,1,2003.09.16 18:00,1,2003.09.16 19:00,0,,2,4d 4h,NewYork,NA,,NA,,184.660,BREAK,2003.09.16 18:00,0,,0,,0,,0,NA,NewYork,BOUNCE,2003.09.22 01:00,NA,,B-ZD-BO,S-ZO-PE,B-ZF-BR,S-ZE-PE,S-ZO-PE,S-ZG-BO,S-ZO-BR,B-ZG-BR,S-ZD-BO,S-ZB-BR,B-ZF-PE,S-ZB-BR,S-ZO-PE,B-ZD-PE,,,,,,
607,2003.09.13 00:00,GBPJPY,60,86400,BUY,ZF,1,187.140,185.620,1520.0,188.660,186.160,2500.0,164.474,35.53,980.0,358.7,187.140,186.160,189.640,PENDING,,0,,0,,0,,0,NA,Other,NA,,NA,,184.640,BREAK,2003.09.16 18:00,0,,0,,0,,0,NA,NewYork,BOUNCE,2003.09.22 02:00,NA,,188.120,BREAK,2003.09.13 00:00,0,,0,,0,,0,NA,Asia,PENDING,,NA,,185.180,BREAK,2003.09.16 14:00,0,,0,,0,,0,NA,NewYork,BOUNCE,2003.09.17 11:00,NA,,B-ZH-BR,B-ZD-BO,S-ZO-PE,B-ZF-BR,S-ZE-PE,S-ZO-PE,S-ZG-BO,S-ZO-BR,B-ZG-BR,S-ZD-BO,S-ZB-BR,S-ZO-PE,B-ZD-PE,,,,,,,
608,2003.09.17 00:00,GBPJPY,60,86400,SELL,ZB,1,189.040,187.900,1140.0,188.390,184.100,4290.0,376.316,57.02,490.0,269.0,188.390,187.900,183.610,BREAK,2003.09.23 10:00,0,,0,,0,,0,NA,London,PENDING,,NA,,189.530,PENDING,,0,,0,,0,,0,NA,Other,NA,,NA,,187.410,BREAK,2003.09.17 00:00,0,,0,,0,,0,NA,Asia,BREAK,2003.09.17 01:00,BREAK,2003.09.17 02:00,188.880,PENDING,,0,,0,,0,,0,NA,Other,NA,,NA,,B-ZF-PE,B-ZH-BR,B-ZD-BO,S-ZO-PE,B-ZF-BR,S-ZE-PE,S-ZO-PE,S-ZG-BO,S-ZO-BR,B-ZG-BR,S-ZO-PE,B-ZD-PE,,,,,,,,
609,2003.09.18 00:00,GBPJPY,60,86400,SELL,ZO,0,188.390,184.100,4290.0,187.450,184.090,3360.0,78.322,21.91,3350.0,1012.4,187.450,184.100,180.740,PENDING,,0,,0,,0,,0,NA,Other,NA,,NA,,191.740,PENDING,,0,,0,,0,,0,NA,Other,NA,,NA,,180.750,PENDING,,0,,0,,0,,0,NA,Other,NA,,NA,,190.800,PENDING,,0,,0,,0,,0,NA,Other,NA,,NA,,S-ZB-BR,B-ZF-PE,B-ZH-BR,B-ZD-BO,S-ZO-PE,B-ZF-BR,S-ZE-PE,S-ZO-PE,S-ZG-BO,S-ZO-BR,B-ZD-PE,,,,,,,,,
610,2003.09.26 00:00,GBPJPY,60,86400,BUY,ZD,1,185.520,183.950,1570.0,186.380,184.690,1690.0,107.643,47.13,830.0,370.5,185.520,184.690,187.210,PENDING,,0,,0,,0,,0,NA,Other,NA,,NA,,183.120,PENDING,,0,,0,,0,,0,NA,Other,NA,,NA,,186.350,BOUNCE,2003.09.26 15:00,1,2003.09.29 10:00,0,,0,,1,2d 19h,NewYork,NA,,NA,,183.860,BOUNCE,2003.09.29 10:00,0,,0,,0,,0,NA,London,NA,,NA,,S-ZO-PE,S-ZB-BR,B-ZF-PE,B-ZH-BR,B-ZD-BO,S-ZO-PE,B-ZF-BR,S-ZE-PE,S-ZO-PE,S-ZG-BO,,,,,,,,,,
