AngleID,FormTime,Symbol,TF,UnitSeconds,Dir,Class,Confirmed,U2_High,U2_Low,U2_Range,U1_High,U1_Low,U1_Range,Ratio_U1_U2_pct,Corr_pct,L_points,B_points,DiagTop,DiagBot,U1X1_Level,U1X1_React,U1X1_TouchTime,U1X1_TP1_Hit,U1X1_TP1_Time,U1X1_TP2_Hit,U1X1_TP2_Time,U1X1_TP3_Hit,U1X1_TP3_Time,U1X1_MaxTP,U1X1_Dur,U1X1_Session,U1X1_X2_React,U1X1_X2_Time,U1X1_X3_React,U1X1_X3_Time,U2X1_Level,U2X1_React,U2X1_TouchTime,U2X1_TP1_Hit,U2X1_TP1_Time,U2X1_TP2_Hit,U2X1_TP2_Time,U2X1_TP3_Hit,U2X1_TP3_Time,U2X1_MaxTP,U2X1_Dur,U2X1_Session,U2X1_X2_React,U2X1_X2_Time,U2X1_X3_React,U2X1_X3_Time,DLX1_Level,DLX1_React,DLX1_TouchTime,DLX1_TP1_Hit,DLX1_TP1_Time,DLX1_TP2_Hit,DLX1_TP2_Time,DLX1_TP3_Hit,DLX1_TP3_Time,DLX1_MaxTP,DLX1_Dur,DLX1_Session,DLX1_X2_React,DLX1_X2_Time,DLX1_X3_React,DLX1_X3_Time,DRX1_Level,DRX1_React,DRX1_TouchTime,DRX1_TP1_Hit,DRX1_TP1_Time,DRX1_TP2_Hit,DRX1_TP2_Time,DRX1_TP3_Hit,DRX1_TP3_Time,DRX1_MaxTP,DRX1_Dur,DRX1_Session,DRX1_X2_React,DRX1_X2_Time,DRX1_X3_React,DRX1_X3_Time,Left_1,Left_2,Left_3,Left_4,Left_5,Left_6,Left_7,Left_8,Left_9,Left_10,Right_1,Right_2,Right_3,Right_4,Right_5,Right_6,Right_7,Right_8,Right_9,Right_10
1,2006.05.13 00:00,USDCAD,60,86400,BUY,ZF,0,1.10840,1.09770,1070.0,1.11020,1.09930,1090.0,101.869,14.95,910.0,252.5,1.10840,1.09930,1.11930,BREAK,2006.05.18 16:00,0,,0,,0,,0,NA,NewYork,BOUNCE,2006.06.26 11:00,NA,,1.08860,UNTOUCHED,,0,,0,,0,,0,NA,Other,NA,,NA,,1.11750,BOUNCE,2006.05.15 12:00,0,,0,,0,,0,NA,London,NA,,NA,,1.09020,UNTOUCHED,,0,,0,,0,,0,NA,Other,NA,,NA,,,,,,,,,,,,S-ZF-BR,S-ZO-UN,B-ZD-BO,B-ZE-UN,B-ZE-UN,S-ZB-BR,S-ZE-BR,S-ZF-BO,S-ZO-UN,B-ZC-BO
2,2006.05.17 00:00,USDCAD,60,86400,SELL,ZF,0,1.11790,1.10770,1020.0,1.11760,1.10620,1140.0,111.765,2.94,990.0,240.7,1.11760,1.10770,1.09630,BREAK,2006.05.31 09:00,0,,0,,0,,0,NA,London,UNTOUCHED,,NA,,1.12780,BOUNCE,2006.06.23 16:00,0,,0,,0,,0,NA,NewYork,NA,,NA,,1.09780,BREAK,2006.05.30 17:00,0,,0,,0,,0,NA,NewYork,UNTOUCHED,,NA,,1.12750,BOUNCE,2006.05.19 18:00,1,2006.05.30 17:00,1,2006.05.30 17:00,0,,2,1w 3d,NewYork,NA,,NA,,B-ZF-BR,,,,,,,,,,S-ZO-UN,B-ZD-BO,B-ZE-UN,B-ZE-UN,S-ZB-BR,S-ZE-BR,S-ZF-BO,S-ZO-UN,B-ZC-BO,B-ZB-BO
3,2006.05.18 00:00,USDCAD,60,86400,SELL,ZO,0,1.11760,1.10620,1140.0,1.11510,1.10130,1380.0,121.053,21.93,890.0,269.0,1.11510,1.10620,1.09240,UNTOUCHED,,0,,0,,0,,0,NA,Other,NA,,NA,,1.12650,BOUNCE,2006.05.19 16:00,1,2006.05.25 16:00,1,2006.05.30 19:00,0,,2,1w 4d,NewYork,NA,,NA,,1.09730,BREAK,2006.05.30 19:00,0,,0,,0,,0,NA,NewYork,UNTOUCHED,,NA,,1.12400,BREAK,2006.05.19 13:00,0,,0,,0,,0,NA,NewYork,UNTOUCHED,,NA,,S-ZF-BR,B-ZF-BR,,,,,,,,,B-ZD-BO,B-ZE-UN,B-ZE-UN,S-ZB-BR,S-ZE-BR,S-ZF-BO,S-ZO-UN,B-ZC-BO,B-ZB-BO,B-ZF-BR
4,2006.05.19 00:00,USDCAD,60,86400,BUY,ZD,1,1.11510,1.10130,1380.0,1.12260,1.10960,1300.0,94.203,60.14,550.0,325.7,1.11510,1.10960,1.12810,BOUNCE,2006.06.23 16:00,1,2006.06.26 13:00,0,,0,,1,2d 21h,NewYork,NA,,NA,,1.09580,BOUNCE,2006.05.31 10:00,1,2006.06.01 14:00,1,2006.06.08 15:00,1,2006.06.23 16:00,3,3w 2d,London,NA,,NA,,1.12060,BREAK,2006.05.19 00:00,0,,0,,0,,0,NA,Asia,BOUNCE,2006.05.19 20:00,NA,,1.10410,BREAK,2006.05.29 01:00,0,,0,,0,,0,NA,Asia,BREAK,2006.05.31 10:00,UNTOUCHED,,S-ZO-UN,S-ZF-BR,B-ZF-BR,,,,,,,,B-ZE-UN,B-ZE-UN,S-ZB-BR,S-ZE-BR,S-ZF-BO,S-ZO-UN,B-ZC-BO,B-ZB-BO,B-ZF-BR,S-ZF-UN
5,2006.05.20 00:00,USDCAD,60,86400,BUY,ZE,1,1.12260,1.10960,1300.0,1.12760,1.11700,1060.0,81.538,56.92,560.0,306.8,1.12260,1.11700,1.13320,UNTOUCHED,,0,,0,,0,,0,NA,Other,NA,,NA,,1.10400,BREAK,2006.05.29 01:00,0,,0,,0,,0,NA,Asia,BREAK,2006.05.31 10:00,UNTOUCHED,,1.12820,BOUNCE,2006.06.23 16:00,1,2006.06.29 21:00,0,,0,,1,6d 5h,NewYork,NA,,NA,,1.11140,BOUNCE,2006.05.25 15:00,1,2006.06.23 16:00,1,2006.06.23 16:00,0,,2,4w 1d,NewYork,NA,,NA,,B-ZD-BO,S-ZO-UN,S-ZF-BR,B-ZF-BR,,,,,,,B-ZE-UN,S-ZB-BR,S-ZE-BR,S-ZF-BO,S-ZO-UN,B-ZC-BO,B-ZB-BO,B-ZF-BR,S-ZF-UN,B-ZF-BO
6,2006.05.25 00:00,USDCAD,60,86400,BUY,ZE,1,1.12530,1.11240,1290.0,1.12680,1.11800,880.0,68.217,43.41,730.0,304.4,1.12530,1.11800,1.13410,UNTOUCHED,,0,,0,,0,,0,NA,Other,NA,,NA,,1.10510,BREAK,2006.05.29 01:00,0,,0,,0,,0,NA,Asia,BREAK,2006.05.31 10:00,UNTOUCHED,,1.13260,UNTOUCHED,,0,,0,,0,,0,NA,Other,NA,,NA,,1.11070,BREAK,2006.05.25 15:00,0,,0,,0,,0,NA,NewYork,BREAK,2006.05.30 10:00,BREAK,2006.05.31 10:00,B-ZE-UN,B-ZD-BO,S-ZO-UN,S-ZF-BR,B-ZF-BR,,,,,,S-ZB-BR,S-ZE-BR,S-ZF-BO,S-ZO-UN,B-ZC-BO,B-ZB-BO,B-ZF-BR,S-ZF-UN,B-ZF-BO,B-ZE-BO
7,2006.05.26 00:00,USDCAD,60,86400,SELL,ZB,1,1.12680,1.11800,880.0,1.12330,1.10550,1780.0,202.273,39.77,530.0,207.7,1.12330,1.11800,1.10020,BREAK,2006.05.30 13:00,0,,0,,0,,0,NA,NewYork,BOUNCE,2006.05.31 17:00,NA,,1.13210,UNTOUCHED,,0,,0,,0,,0,NA,Other,NA,,NA,,1.11270,BREAK,2006.05.26 00:00,0,,0,,0,,0,NA,Asia,BREAK,2006.05.26 15:00,BREAK,2006.05.30 13:00,1.12860,BOUNCE,2006.06.23 16:00,1,2006.06.29 16:00,1,2006.06.29 16:00,0,,2,6d 0h,NewYork,NA,,NA,,B-ZE-UN,B-ZE-UN,B-ZD-BO,S-ZO-UN,S-ZF-BR,B-ZF-BR,,,,,S-ZE-BR,S-ZF-BO,S-ZO-UN,B-ZC-BO,B-ZB-BO,B-ZF-BR,S-ZF-UN,B-ZF-BO,B-ZE-BO,B-ZO-BR
8,2006.05.27 00:00,USDCAD,60,86400,SELL,ZE,1,1.12330,1.10550,1780.0,1.11140,1.10530,610.0,34.270,66.85,590.0,420.1,1.11140,1.10550,1.09940,BREAK,2006.05.30 16:00,0,,0,,0,,0,NA,NewYork,UNTOUCHED,,NA,,1.12920,UNTOUCHED,,0,,0,,0,,0,NA,Other,NA,,NA,,1.09960,BREAK,2006.05.30 16:00,0,,0,,0,,0,NA,NewYork,BOUNCE,2006.05.31 17:00,NA,,1.11730,BOUNCE,2006.06.06 17:00,1,2006.06.12 18:00,1,2006.06.12 18:00,0,,2,6d 1h,NewYork,NA,,NA,,S-ZB-BR,B-ZE-UN,B-ZE-UN,B-ZD-BO,S-ZO-UN,S-ZF-BR,B-ZF-BR,,,,S-ZF-BO,S-ZO-UN,B-ZC-BO,B-ZB-BO,B-ZF-BR,S-ZF-UN,B-ZF-BO,B-ZE-BO,B-ZO-BR,S-ZO-BR
9,2006.05.31 00:00,USDCAD,60,86400,SELL,ZF,1,1.10780,1.10280,500.0,1.10670,1.09730,940.0,188.000,22.00,390.0,118.0,1.10670,1.10280,1.09340,BOUNCE,2006.05.31 10:00,1,2006.05.31 17:00,1,2006.06.06 15:00,1,2006.06.06 15:00,3,6d 5h,London,NA,,NA,,1.11170,BREAK,2006.06.06 15:00,0,,0,,0,,0,NA,NewYork,BREAK,2006.06.06 16:00,BREAK,2006.06.08 15:00,1.09890,BREAK,2006.05.31 00:00,0,,0,,0,,0,NA,Asia,BREAK,2006.05.31 10:00,UNTOUCHED,,1.11060,BREAK,2006.06.06 15:00,0,,0,,0,,0,NA,NewYork,BREAK,2006.06.06 16:00,BREAK,2006.06.08 15:00,S-ZE-BR,S-ZB-BR,B-ZE-UN,B-ZE-UN,B-ZD-BO,S-ZO-UN,S-ZF-BR,B-ZF-BR,,,S-ZO-UN,B-ZC-BO,B-ZB-BO,B-ZF-BR,S-ZF-UN,B-ZF-BO,B-ZE-BO,B-ZO-BR,S-ZO-BR,S-ZB-UN
10,2006.06.01 00:00,USDCAD,60,86400,SELL,ZO,0,1.10670,1.09730,940.0,1.10390,1.09300,1090.0,115.957,29.79,660.0,221.8,1.10390,1.09730,1.08640,UNTOUCHED,,0,,0,,0,,0,NA,Other,NA,,NA,,1.11330,BREAK,2006.06.06 15:00,0,,0,,0,,0,NA,NewYork,BREAK,2006.06.08 16:00,BREAK,2006.06.23 16:00,1.09070,UNTOUCHED,,0,,0,,0,,0,NA,Other,NA,,NA,,1.11050,BREAK,2006.06.06 15:00,0,,0,,0,,0,NA,NewYork,BOUNCE,2006.06.07 19:00,NA,,S-ZF-BO,S-ZE-BR,S-ZB-BR,B-ZE-UN,B-ZE-UN,B-ZD-BO,S-ZO-UN,S-ZF-BR,B-ZF-BR,,B-ZC-BO,B-ZB-BO,B-ZF-BR,S-ZF-UN,B-ZF-BO,B-ZE-BO,B-ZO-BR,S-ZO-BR,S-ZB-UN,B-ZG-BR
11,2006.06.02 00:00,USDCAD,60,86400,BUY,ZC,1,1.10390,1.09300,1090.0,1.11030,1.09990,1040.0,95.413,63.30,400.0,257.2,1.10390,1.09990,1.11430,BOUNCE,2006.06.06 15:00,1,2006.06.09 16:00,1,2006.06.12 20:00,0,,2,6d 5h,NewYork,NA,,NA,,1.08900,UNTOUCHED,,0,,0,,0,,0,NA,Other,NA,,NA,,1.10790,BREAK,2006.06.05 23:00,0,,0,,0,,0,NA,Other,BREAK,2006.06.06 16:00,BOUNCE,2006.06.06 23:00,1.09590,BOUNCE,2006.06.12 20:00,1,2006.06.13 17:00,1,2006.06.13 17:00,0,,2,21h,NewYork,NA,,NA,,S-ZO-UN,S-ZF-BO,S-ZE-BR,S-ZB-BR,B-ZE-UN,B-ZE-UN,B-ZD-BO,S-ZO-UN,S-ZF-BR,B-ZF-BR,B-ZB-BO,B-ZF-BR,S-ZF-UN,B-ZF-BO,B-ZE-BO,B-ZO-BR,S-ZO-BR,S-ZB-UN,B-ZG-BR,B-ZB-BO
12,2006.06.07 00:00,USDCAD,60,86400,BUY,ZB,1,1.10870,1.09750,1120.0,1.11760,1.10500,1260.0,112.500,66.96,370.0,264.3,1.10870,1.10500,1.12130,BOUNCE,2006.06.08 15:00,1,2006.06.09 14:00,1,2006.06.12 16:00,0,,2,4d 1h,NewYork,NA,,NA,,1.09380,UNTOUCHED,,0,,0,,0,,0,NA,Other,NA,,NA,,1.11240,BREAK,2006.06.07 00:00,0,,0,,0,,0,NA,Asia,BOUNCE,2006.06.07 17:00,NA,,1.10130,BREAK,2006.06.12 16:00,0,,0,,0,,0,NA,NewYork,BOUNCE,2006.06.13 09:00,NA,,B-ZC-BO,S-ZO-UN,S-ZF-BO,S-ZE-BR,S-ZB-BR,B-ZE-UN,B-ZE-UN,B-ZD-BO,S-ZO-UN,S-ZF-BR,B-ZF-BR,S-ZF-UN,B-ZF-BO,B-ZE-BO,B-ZO-BR,S-ZO-BR,S-ZB-UN,B-ZG-BR,B-ZB-BO,B-ZO-BR
13,2006.06.09 00:00,USDCAD,60,86400,BUY,ZF,1,1.11660,1.10970,690.0,1.12470,1.11110,1360.0,197.101,20.29,550.0,162.8,1.11660,1.11110,1.13020,BREAK,2006.07.11 16:00,0,,0,,0,,0,NA,NewYork,BREAK,2006.07.12 16:00,BREAK,2006.07.24 15:00,1.10420,BREAK,2006.06.12 07:00,0,,0,,0,,0,NA,London,BREAK,2006.06.12 20:00,UNTOUCHED,,1.12210,BOUNCE,2006.06.09 00:00,1,2006.06.09 21:00,1,2006.06.12 07:00,0,,2,3d 7h,Asia,NA,,NA,,1.10560,BREAK,2006.06.09 21:00,0,,0,,0,,0,NA,Other,BREAK,2006.06.12 19:00,UNTOUCHED,,B-ZB-BO,B-ZC-BO,S-ZO-UN,S-ZF-BO,S-ZE-BR,S-ZB-BR,B-ZE-UN,B-ZE-UN,B-ZD-BO,S-ZO-UN,S-ZF-UN,B-ZF-BO,B-ZE-BO,B-ZO-BR,S-ZO-BR,S-ZB-UN,B-ZG-BR,B-ZB-BO,B-ZO-BR,B-ZO-BR
14,2006.06.10 00:00,USDCAD,60,86400,SELL,ZF,0,1.12470,1.11110,1360.0,1.12360,1.10490,1870.0,137.500,8.09,1250.0,321.0,1.12360,1.11110,1.09240,UNTOUCHED,,0,,0,,0,,0,NA,Other,NA,,NA,,1.13720,BREAK,2006.07.12 16:00,0,,0,,0,,0,NA,NewYork,UNTOUCHED,,NA,,1.09860,BOUNCE,2006.06.12 19:00,1,2006.07.12 13:00,1,2006.07.12 16:00,0,,2,4w 1d,NewYork,NA,,NA,,1.13610,BREAK,2006.07.12 13:00,0,,0,,0,,0,NA,NewYork,UNTOUCHED,,NA,,B-ZF-BR,B-ZB-BO,B-ZC-BO,S-ZO-UN,S-ZF-BO,S-ZE-BR,S-ZB-BR,B-ZE-UN,B-ZE-UN,B-ZD-BO,B-ZF-BO,B-ZE-BO,B-ZO-BR,S-ZO-BR,S-ZB-UN,B-ZG-BR,B-ZB-BO,B-ZO-BR,B-ZO-BR,S-ZB-BO
15,2006.06.14 00:00,USDCAD,60,86400,BUY,ZF,0,1.10770,1.09580,1190.0,1.11430,1.09710,1720.0,144.538,10.92,1060.0,280.8,1.10770,1.09710,1.12490,BOUNCE,2006.06.16 18:00,1,2006.06.21 19:00,0,,0,,1,5d 1h,NewYork,NA,,NA,,1.08520,UNTOUCHED,,0,,0,,0,,0,NA,Other,NA,,NA,,1.11830,BREAK,2006.06.15 18:00,0,,0,,0,,0,NA,NewYork,BOUNCE,2006.06.26 13:00,NA,,1.08650,UNTOUCHED,,0,,0,,0,,0,NA,Other,NA,,NA,,S-ZF-UN,B-ZF-BR,B-ZB-BO,B-ZC-BO,S-ZO-UN,S-ZF-BO,S-ZE-BR,S-ZB-BR,B-ZE-UN,B-ZE-UN,B-ZE-BO,B-ZO-BR,S-ZO-BR,S-ZB-UN,B-ZG-BR,B-ZB-BO,B-ZO-BR,B-ZO-BR,S-ZB-BO,S-ZE-UN
16,2006.06.15 00:00,USDCAD,60,86400,BUY,ZE,1,1.11430,1.09710,1720.0,1.11770,1.10830,940.0,54.651,65.12,600.0,405.9,1.11430,1.10830,1.12370,BOUNCE,2006.06.16 18:00,1,2006.06.21 15:00,0,,0,,1,4d 21h,NewYork,NA,,NA,,1.09110,UNTOUCHED,,0,,0,,0,,0,NA,Other,NA,,NA,,1.12030,BREAK,2006.06.16 16:00,0,,0,,0,,0,NA,NewYork,BOUNCE,2006.06.26 10:00,NA,,1.10230,UNTOUCHED,,0,,0,,0,,0,NA,Other,NA,,NA,,B-ZF-BO,S-ZF-UN,B-ZF-BR,B-ZB-BO,B-ZC-BO,S-ZO-UN,S-ZF-BO,S-ZE-BR,S-ZB-BR,B-ZE-UN,B-ZO-BR,S-ZO-BR,S-ZB-UN,B-ZG-BR,B-ZB-BO,B-ZO-BR,B-ZO-BR,S-ZB-BO,S-ZE-UN,S-ZB-UN
17,2006.06.16 00:00,USDCAD,60,86400,BUY,ZO,0,1.11770,1.10830,940.0,1.11920,1.11110,810.0,86.170,29.79,660.0,221.8,1.11770,1.11110,1.12580,BREAK,2006.06.23 16:00,0,,0,,0,,0,NA,NewYork,BOUNCE,2006.07.11 16:00,NA,,1.10170,UNTOUCHED,,0,,0,,0,,0,NA,Other,NA,,NA,,1.12430,BOUNCE,2006.06.16 18:00,1,2006.06.21 18:00,0,,0,,1,5d 0h,NewYork,NA,,NA,,1.10450,BOUNCE,2006.06.21 18:00,1,2006.06.23 15:00,1,2006.06.23 15:00,0,,2,1d 21h,NewYork,NA,,NA,,B-ZE-BO,B-ZF-BO,S-ZF-UN,B-ZF-BR,B-ZB-BO,B-ZC-BO,S-ZO-UN,S-ZF-BO,S-ZE-BR,S-ZB-BR,S-ZO-BR,S-ZB-UN,B-ZG-BR,B-ZB-BO,B-ZO-BR,B-ZO-BR,S-ZB-BO,S-ZE-UN,S-ZB-UN,B-ZE-BR
18,2006.06.21 00:00,USDCAD,60,86400,SELL,ZO,0,1.12570,1.11850,720.0,1.12500,1.11520,980.0,136.111,9.72,650.0,169.9,1.12500,1.11850,1.10870,BREAK,2006.06.21 15:00,0,,0,,0,,0,NA,NewYork,UNTOUCHED,,NA,,1.13220,BREAK,2006.07.11 16:00,0,,0,,0,,0,NA,NewYork,BOUNCE,2006.07.13 10:00,NA,,1.11200,BREAK,2006.06.21 14:00,0,,0,,0,,0,NA,NewYork,BREAK,2006.06.21 19:00,UNTOUCHED,,1.13150,BREAK,2006.07.11 16:00,0,,0,,0,,0,NA,NewYork,BREAK,2006.07.12 17:00,BOUNCE,2006.07.25 09:00,B-ZO-BR,B-ZE-BO,B-ZF-BO,S-ZF-UN,B-ZF-BR,B-ZB-BO,B-ZC-BO,S-ZO-UN,S-ZF-BO,S-ZE-BR,S-ZB-UN,B-ZG-BR,B-ZB-BO,B-ZO-BR,B-ZO-BR,S-ZB-BO,S-ZE-UN,S-ZB-UN,B-ZE-BR,B-ZB-BO
19,2006.06.22 00:00,USDCAD,60,86400,SELL,ZB,1,1.12500,1.11520,980.0,1.11880,1.10310,1570.0,160.204,63.27,360.0,231.3,1.11880,1.11520,1.09950,UNTOUCHED,,0,,0,,0,,0,NA,Other,NA,,NA,,1.12860,BOUNCE,2006.06.23 16:00,1,2006.06.26 01:00,1,2006.06.29 21:00,0,,2,6d 5h,NewYork,NA,,NA,,1.11160,BREAK,2006.06.22 00:00,0,,0,,0,,0,NA,Asia,BOUNCE,2006.06.22 11:00,NA,,1.12240,BREAK,2006.06.23 12:00,0,,0,,0,,0,NA,London,BOUNCE,2006.06.23 17:00,NA,,S-ZO-BR,B-ZO-BR,B-ZE-BO,B-ZF-BO,S-ZF-UN,B-ZF-BR,B-ZB-BO,B-ZC-BO,S-ZO-UN,S-ZF-BO,B-ZG-BR,B-ZB-BO,B-ZO-BR,B-ZO-BR,S-ZB-BO,S-ZE-UN,S-ZB-UN,B-ZE-BR,B-ZB-BO,B-ZC-BO
20,2006.06.23 00:00,USDCAD,60,86400,BUY,ZG,0,1.11880,1.10310,1570.0,1.12040,1.10690,1350.0,85.987,24.20,1190.0,370.5,1.11880,1.10690,1.13230,BREAK,2006.07.11 16:00,0,,0,,0,,0,NA,NewYork,BOUNCE,2006.07.27 14:00,NA,,1.09120,UNTOUCHED,,0,,0,,0,,0,NA,Other,NA,,NA,,1.13070,BREAK,2006.07.11 16:00,0,,0,,0,,0,NA,NewYork,BOUNCE,2006.07.27 14:00,NA,,1.09500,UNTOUCHED,,0,,0,,0,,0,NA,Other,NA,,NA,,S-ZB-UN,S-ZO-BR,B-ZO-BR,B-ZE-BO,B-ZF-BO,S-ZF-UN,B-ZF-BR,B-ZB-BO,B-ZC-BO,S-ZO-UN,B-ZB-BO,B-ZO-BR,B-ZO-BR,S-ZB-BO,S-ZE-UN,S-ZB-UN,B-ZE-BR,B-ZB-BO,B-ZC-BO,S-ZC-BR
21,2006.06.24 00:00,USDCAD,60,86400,BUY,ZB,1,1.12040,1.10690,1350.0,1.12910,1.11670,1240.0,91.852,72.59,370.0,318.6,1.12040,1.11670,1.13280,BOUNCE,2006.07.11 16:00,1,2006.07.14 15:00,0,,0,,1,2d 23h,NewYork,NA,,NA,,1.10320,UNTOUCHED,,0,,0,,0,,0,NA,Other,NA,,NA,,1.12410,BOUNCE,2006.06.26 18:00,1,2006.06.29 16:00,0,,0,,1,2d 22h,NewYork,NA,,NA,,1.11300,BOUNCE,2006.06.29 16:00,1,2006.07.10 14:00,1,2006.07.10 14:00,0,,2,1w 3d,NewYork,NA,,NA,,B-ZG-BR,S-ZB-UN,S-ZO-BR,B-ZO-BR,B-ZE-BO,B-ZF-BO,S-ZF-UN,B-ZF-BR,B-ZB-BO,B-ZC-BO,B-ZO-BR,B-ZO-BR,S-ZB-BO,S-ZE-UN,S-ZB-UN,B-ZE-BR,B-ZB-BO,B-ZC-BO,S-ZC-BR,S-ZF-BO
22,2006.06.28 00:00,USDCAD,60,86400,BUY,ZO,0,1.12510,1.11700,810.0,1.12540,1.11910,630.0,77.778,25.93,600.0,191.2,1.12510,1.11910,1.13140,BREAK,2006.07.11 16:00,0,,0,,0,,0,NA,NewYork,BREAK,2006.07.12 17:00,BREAK,2006.07.24 16:00,1.11100,BOUNCE,2006.06.29 21:00,1,2006.07.10 13:00,1,2006.07.11 16:00,1,2006.07.11 16:00,3,1w 4d,Other,NA,,NA,,1.13110,BREAK,2006.07.11 16:00,0,,0,,0,,0,NA,NewYork,BREAK,2006.07.12 17:00,BREAK,2006.07.24 16:00,1.11310,BREAK,2006.06.29 16:00,0,,0,,0,,0,NA,NewYork,BREAK,2006.07.05 07:00,UNTOUCHED,,B-ZB-BO,B-ZG-BR,S-ZB-UN,S-ZO-BR,B-ZO-BR,B-ZE-BO,B-ZF-BO,S-ZF-UN,B-ZF-BR,B-ZB-BO,B-ZO-BR,S-ZB-BO,S-ZE-UN,S-ZB-UN,B-ZE-BR,B-ZB-BO,B-ZC-BO,S-ZC-BR,S-ZF-BO,B-ZO-BO
23,2006.06.29 00:00,USDCAD,60,86400,BUY,ZO,0,1.12540,1.11910,630.0,1.12710,1.12050,660.0,104.762,22.22,490.0,148.7,1.12540,1.12050,1.13200,BREAK,2006.07.11 16:00,0,,0,,0,,0,NA,NewYork,BREAK,2006.07.12 17:00,BREAK,2006.07.24 15:00,1.11420,BREAK,2006.06.29 16:00,0,,0,,0,,0,NA,NewYork,BOUNCE,2006.06.30 18:00,NA,,1.13030,BREAK,2006.07.11 16:00,0,,0,,0,,0,NA,NewYork,BREAK,2006.07.12 14:00,BOUNCE,2006.07.12 19:00,1.11560,BOUNCE,2006.06.29 15:00,1,2006.07.11 16:00,1,2006.07.11 16:00,0,,2,1w 5d,NewYork,NA,,NA,,B-ZO-BR,B-ZB-BO,B-ZG-BR,S-ZB-UN,S-ZO-BR,B-ZO-BR,B-ZE-BO,B-ZF-BO,S-ZF-UN,B-ZF-BR,S-ZB-BO,S-ZE-UN,S-ZB-UN,B-ZE-BR,B-ZB-BO,B-ZC-BO,S-ZC-BR,S-ZF-BO,B-ZO-BO,B-ZO-UN
24,2006.06.30 00:00,USDCAD,60,86400,SELL,ZB,1,1.12710,1.12050,660.0,1.12440,1.10950,1490.0,225.758,40.91,390.0,155.8,1.12440,1.12050,1.10560,BOUNCE,2006.07.04 19:00,1,2006.07.05 17:00,1,2006.07.11 16:00,1,2006.07.11 16:00,3,6d 21h,NewYork,NA,,NA,,1.13100,BREAK,2006.07.11 16:00,0,,0,,0,,0,NA,NewYork,BREAK,2006.07.12 13:00,BOUNCE,2006.07.12 19:00,1.11660,BREAK,2006.06.30 00:00,0,,0,,0,,0,NA,Asia,BREAK,2006.06.30 01:00,BOUNCE,2006.06.30 17:00,1.12830,BREAK,2006.07.11 16:00,0,,0,,0,,0,NA,NewYork,BREAK,2006.07.11 18:00,BOUNCE,2006.07.12 15:00,B-ZO-BR,B-ZO-BR,B-ZB-BO,B-ZG-BR,S-ZB-UN,S-ZO-BR,B-ZO-BR,B-ZE-BO,B-ZF-BO,S-ZF-UN,S-ZE-UN,S-ZB-UN,B-ZE-BR,B-ZB-BO,B-ZC-BO,S-ZC-BR,S-ZF-BO,B-ZO-BO,B-ZO-UN,S-ZC-BO
25,2006.07.01 00:00,USDCAD,60,86400,SELL,ZE,1,1.12440,1.10950,1490.0,1.11810,1.10800,1010.0,67.785,42.28,860.0,351.6,1.11810,1.10950,1.09940,UNTOUCHED,,0,,0,,0,,0,NA,Other,NA,,NA,,1.13300,BOUNCE,2006.07.11 16:00,0,,0,,0,,0,NA,NewYork,NA,,NA,,1.10090,UNTOUCHED,,0,,0,,0,,0,NA,Other,NA,,NA,,1.12670,BREAK,2006.07.11 10:00,0,,0,,0,,0,NA,London,BREAK,2006.07.12 17:00,BOUNCE,2006.07.26 12:00,S-ZB-BO,B-ZO-BR,B-ZO-BR,B-ZB-BO,B-ZG-BR,S-ZB-UN,S-ZO-BR,B-ZO-BR,B-ZE-BO,B-ZF-BO,S-ZB-UN,B-ZE-BR,B-ZB-BO,B-ZC-BO,S-ZC-BR,S-ZF-BO,B-ZO-BO,B-ZO-UN,S-ZC-BO,S-ZF-BR
26,2006.07.05 00:00,USDCAD,60,86400,SELL,ZB,1,1.11900,1.10860,1040.0,1.11320,1.10550,770.0,74.038,55.77,460.0,245.4,1.11320,1.10860,1.10090,UNTOUCHED,,0,,0,,0,,0,NA,Other,NA,,NA,,1.12360,BREAK,2006.07.10 14:00,0,,0,,0,,0,NA,NewYork,BREAK,2006.07.11 16:00,BREAK,2006.07.12 12:00,1.10400,UNTOUCHED,,0,,0,,0,,0,NA,Other,NA,,NA,,1.11780,BREAK,2006.07.10 10:00,0,,0,,0,,0,NA,London,BREAK,2006.07.10 15:00,BREAK,2006.07.11 16:00,S-ZE-UN,S-ZB-BO,B-ZO-BR,B-ZO-BR,B-ZB-BO,B-ZG-BR,S-ZB-UN,S-ZO-BR,B-ZO-BR,B-ZE-BO,B-ZE-BR,B-ZB-BO,B-ZC-BO,S-ZC-BR,S-ZF-BO,B-ZO-BO,B-ZO-UN,S-ZC-BO,S-ZF-BR,S-ZE-BO
27,2006.07.07 00:00,USDCAD,60,86400,BUY,ZE,1,1.11440,1.10410,1030.0,1.11540,1.10850,690.0,66.990,42.72,590.0,243.1,1.11440,1.10850,1.12130,BREAK,2006.07.10 12:00,0,,0,,0,,0,NA,London,BREAK,2006.07.11 16:00,BREAK,2006.07.12 12:00,1.09820,UNTOUCHED,,0,,0,,0,,0,NA,Other,NA,,NA,,1.12030,BREAK,2006.07.10 11:00,0,,0,,0,,0,NA,London,BREAK,2006.07.11 16:00,BREAK,2006.07.11 19:00,1.10260,UNTOUCHED,,0,,0,,0,,0,NA,Other,NA,,NA,,S-ZB-UN,S-ZE-UN,S-ZB-BO,B-ZO-BR,B-ZO-BR,B-ZB-BO,B-ZG-BR,S-ZB-UN,S-ZO-BR,B-ZO-BR,B-ZB-BO,B-ZC-BO,S-ZC-BR,S-ZF-BO,B-ZO-BO,B-ZO-UN,S-ZC-BO,S-ZF-BR,S-ZE-BO,S-ZG-BO
28,2006.07.12 00:00,USDCAD,60,86400,BUY,ZB,1,1.12650,1.11320,1330.0,1.13460,1.12230,1230.0,92.481,68.42,420.0,313.9,1.12650,1.12230,1.13880,BOUNCE,2006.07.12 17:00,1,2006.07.13 11:00,1,2006.08.07 18:00,0,,2,3w 5d,NewYork,NA,,NA,,1.10900,UNTOUCHED,,0,,0,,0,,0,NA,Other,NA,,NA,,1.13070,BREAK,2006.07.12 00:00,0,,0,,0,,0,NA,Asia,BREAK,2006.07.12 17:00,BOUNCE,2006.07.12 19:00,1.11810,BOUNCE,2006.08.07 18:00,1,2006.08.15 04:00,1,2006.08.15 04:00,0,,2,1w 0d,NewYork,NA,,NA,,B-ZE-BR,S-ZB-UN,S-ZE-UN,S-ZB-BO,B-ZO-BR,B-ZO-BR,B-ZB-BO,B-ZG-BR,S-ZB-UN,S-ZO-BR,B-ZC-BO,S-ZC-BR,S-ZF-BO,B-ZO-BO,B-ZO-UN,S-ZC-BO,S-ZF-BR,S-ZE-BO,S-ZG-BO,B-ZE-UN
29,2006.07.13 00:00,USDCAD,60,86400,BUY,ZC,1,1.13460,1.12230,1230.0,1.14020,1.13100,920.0,74.797,70.73,360.0,290.3,1.13460,1.13100,1.14380,BOUNCE,2006.07.24 15:00,1,2006.07.26 12:00,1,2006.07.31 11:00,1,2006.08.07 17:00,3,2w 0d,NewYork,NA,,NA,,1.11870,BOUNCE,2006.08.07 17:00,1,2006.08.10 17:00,0,,0,,1,3d 0h,NewYork,NA,,NA,,1.13820,BOUNCE,2006.07.19 09:00,1,2006.07.21 11:00,1,2006.08.07 17:00,0,,2,2w 5d,London,NA,,NA,,1.12740,BOUNCE,2006.07.14 15:00,1,2006.07.19 09:00,1,2006.07.19 09:00,0,,2,4d 18h,NewYork,NA,,NA,,B-ZB-BO,B-ZE-BR,S-ZB-UN,S-ZE-UN,S-ZB-BO,B-ZO-BR,B-ZO-BR,B-ZB-BO,B-ZG-BR,S-ZB-UN,S-ZC-BR,S-ZF-BO,B-ZO-BO,B-ZO-UN,S-ZC-BO,S-ZF-BR,S-ZE-BO,S-ZG-BO,B-ZE-UN,S-ZB-BO
30,2006.07.14 00:00,USDCAD,60,86400,SELL,ZC,1,1.14020,1.13100,920.0,1.13540,1.12870,670.0,72.826,52.17,440.0,217.1,1.13540,1.13100,1.12430,BREAK,2006.07.31 13:00,0,,0,,0,,0,NA,NewYork,BREAK,2006.08.07 18:00,BOUNCE,2006.08.16 15:00,1.14460,BOUNCE,2006.07.24 15:00,1,2006.07.26 12:00,1,2006.07.31 12:00,1,2006.07.31 13:00,3,6d 22h,NewYork,NA,,NA,,1.12660,BOUNCE,2006.07.14 15:00,1,2006.07.19 15:00,1,2006.07.24 15:00,0,,2,1w 3d,NewYork,NA,,NA,,1.13980,BOUNCE,2006.07.19 15:00,1,2006.07.21 11:00,1,2006.07.21 11:00,0,,2,1d 20h,NewYork,NA,,NA,,B-ZC-BO,B-ZB-BO,B-ZE-BR,S-ZB-UN,S-ZE-UN,S-ZB-BO,B-ZO-BR,B-ZO-BR,B-ZB-BO,B-ZG-BR,S-ZF-BO,B-ZO-BO,B-ZO-UN,S-ZC-BO,S-ZF-BR,S-ZE-BO,S-ZG-BO,B-ZE-UN,S-ZB-BO,S-ZC-BR
31,2006.07.15 00:00,USDCAD,60,86400,SELL,ZF,0,1.13540,1.12870,670.0,1.13320,1.12540,780.0,116.418,32.84,450.0,158.1,1.13320,1.12870,1.12090,BOUNCE,2006.08.07 15:00,1,2006.08.15 04:00,0,,0,,1,1w 0d,NewYork,NA,,NA,,1.13990,BOUNCE,2006.07.19 15:00,1,2006.07.20 21:00,1,2006.07.31 13:00,1,2006.08.07 15:00,3,2w 5d,NewYork,NA,,NA,,1.12420,BREAK,2006.07.31 13:00,0,,0,,0,,0,NA,NewYork,BREAK,2006.08.07 18:00,BOUNCE,2006.08.16 15:00,1.13770,BOUNCE,2006.07.18 13:00,1,2006.07.31 13:00,1,2006.07.31 13:00,0,,2,1w 6d,NewYork,NA,,NA,,S-ZC-BR,B-ZC-BO,B-ZB-BO,B-ZE-BR,S-ZB-UN,S-ZE-UN,S-ZB-BO,B-ZO-BR,B-ZO-BR,B-ZB-BO,B-ZO-BO,B-ZO-UN,S-ZC-BO,S-ZF-BR,S-ZE-BO,S-ZG-BO,B-ZE-UN,S-ZB-BO,S-ZC-BR,B-ZG-UN
32,2006.07.19 00:00,USDCAD,60,86400,BUY,ZO,0,1.13720,1.12740,980.0,1.13790,1.13060,730.0,74.490,32.65,660.0,231.3,1.13720,1.13060,1.14450,BOUNCE,2006.07.24 15:00,1,2006.07.27 14:00,1,2006.07.31 13:00,1,2006.08.07 15:00,3,2w 0d,NewYork,NA,,NA,,1.12080,BREAK,2006.08.07 15:00,0,,0,,0,,0,NA,NewYork,BOUNCE,2006.08.17 20:00,NA,,1.14380,BOUNCE,2006.07.24 15:00,1,2006.07.31 13:00,1,2006.08.07 15:00,0,,2,2w 0d,NewYork,NA,,NA,,1.12400,BOUNCE,2006.07.31 13:00,0,,0,,0,,0,NA,NewYork,NA,,NA,,S-ZF-BO,S-ZC-BR,B-ZC-BO,B-ZB-BO,B-ZE-BR,S-ZB-UN,S-ZE-UN,S-ZB-BO,B-ZO-BR,B-ZO-BR,B-ZO-UN,S-ZC-BO,S-ZF-BR,S-ZE-BO,S-ZG-BO,B-ZE-UN,S-ZB-BO,S-ZC-BR,B-ZG-UN,B-ZF-UN
33,2006.07.20 00:00,USDCAD,60,86400,BUY,ZO,0,1.13790,1.13060,730.0,1.14080,1.13130,950.0,130.137,9.59,660.0,172.3,1.13790,1.13130,1.14740,UNTOUCHED,,0,,0,,0,,0,NA,Other,NA,,NA,,1.12400,BREAK,2006.07.31 13:00,0,,0,,0,,0,NA,NewYork,BOUNCE,2006.08.09 00:00,NA,,1.14450,BOUNCE,2006.07.24 15:00,1,2006.07.31 12:00,1,2006.07.31 13:00,0,,2,6d 22h,NewYork,NA,,NA,,1.12470,BREAK,2006.07.31 12:00,0,,0,,0,,0,NA,London,BOUNCE,2006.08.09 01:00,NA,,B-ZO-BO,S-ZF-BO,S-ZC-BR,B-ZC-BO,B-ZB-BO,B-ZE-BR,S-ZB-UN,S-ZE-UN,S-ZB-BO,B-ZO-BR,S-ZC-BO,S-ZF-BR,S-ZE-BO,S-ZG-BO,B-ZE-UN,S-ZB-BO,S-ZC-BR,B-ZG-UN,B-ZF-UN,S-ZG-BR
34,2006.07.21 00:00,USDCAD,60,86400,SELL,ZC,1,1.14080,1.13130,950.0,1.13550,1.12830,720.0,75.789,55.79,420.0,224.2,1.13550,1.13130,1.12410,BOUNCE,2006.07.31 13:00,1,2006.08.01 09:00,0,,0,,1,20h,NewYork,NA,,NA,,1.14500,BOUNCE,2006.07.24 15:00,1,2006.07.26 12:00,1,2006.07.31 11:00,1,2006.07.31 13:00,3,6d 22h,NewYork,NA,,NA,,1.12710,BOUNCE,2006.07.21 11:00,1,2006.07.21 18:00,1,2006.07.24 15:00,0,,2,3d 4h,London,NA,,NA,,1.13970,BREAK,2006.07.21 18:00,0,,0,,0,,0,NA,NewYork,BOUNCE,2006.07.24 15:00,NA,,B-ZO-UN,B-ZO-BO,S-ZF-BO,S-ZC-BR,B-ZC-BO,B-ZB-BO,B-ZE-BR,S-ZB-UN,S-ZE-UN,S-ZB-BO,S-ZF-BR,S-ZE-BO,S-ZG-BO,B-ZE-UN,S-ZB-BO,S-ZC-BR,B-ZG-UN,B-ZF-UN,S-ZG-BR,B-ZO-UN
35,2006.07.27 00:00,USDCAD,60,86400,SELL,ZF,1,1.14380,1.13770,610.0,1.14310,1.13370,940.0,154.098,11.48,540.0,144.0,1.14310,1.13770,1.12830,BREAK,2006.07.28 18:00,0,,0,,0,,0,NA,NewYork,BOUNCE,2006.07.31 16:00,NA,,1.14920,UNTOUCHED,,0,,0,,0,,0,NA,Other,NA,,NA,,1.13230,BREAK,2006.07.27 14:00,0,,0,,0,,0,NA,NewYork,BREAK,2006.07.31 12:00,BOUNCE,2006.08.07 15:00,1.14850,UNTOUCHED,,0,,0,,0,,0,NA,Other,NA,,NA,,S-ZC-BO,B-ZO-UN,B-ZO-BO,S-ZF-BO,S-ZC-BR,B-ZC-BO,B-ZB-BO,B-ZE-BR,S-ZB-UN,S-ZE-UN,S-ZE-BO,S-ZG-BO,B-ZE-UN,S-ZB-BO,S-ZC-BR,B-ZG-UN,B-ZF-UN,S-ZG-BR,B-ZO-UN,S-ZB-BR
36,2006.07.28 00:00,USDCAD,60,86400,SELL,ZE,1,1.14310,1.13370,940.0,1.13890,1.12870,1020.0,108.511,44.68,520.0,221.8,1.13890,1.13370,1.12350,BOUNCE,2006.07.31 13:00,1,2006.08.01 15:00,0,,0,,1,1d 2h,NewYork,NA,,NA,,1.14830,UNTOUCHED,,0,,0,,0,,0,NA,Other,NA,,NA,,1.12850,BREAK,2006.07.28 18:00,0,,0,,0,,0,NA,NewYork,BOUNCE,2006.07.31 16:00,NA,,1.14410,UNTOUCHED,,0,,0,,0,,0,NA,Other,NA,,NA,,S-ZF-BR,S-ZC-BO,B-ZO-UN,B-ZO-BO,S-ZF-BO,S-ZC-BR,B-ZC-BO,B-ZB-BO,B-ZE-BR,S-ZB-UN,S-ZG-BO,B-ZE-UN,S-ZB-BO,S-ZC-BR,B-ZG-UN,B-ZF-UN,S-ZG-BR,B-ZO-UN,S-ZB-BR,B-ZD-UN
37,2006.07.29 00:00,USDCAD,60,86400,SELL,ZG,0,1.13890,1.12870,1020.0,1.13740,1.12820,920.0,90.196,14.71,870.0,240.7,1.13740,1.12870,1.11950,BOUNCE,2006.08.07 17:00,0,,0,,0,,0,NA,NewYork,NA,,NA,,1.14760,UNTOUCHED,,0,,0,,0,,0,NA,Other,NA,,NA,,1.12000,BREAK,2006.08.07 16:00,0,,0,,0,,0,NA,NewYork,BREAK,2006.08.23 15:00,UNTOUCHED,,1.14610,UNTOUCHED,,0,,0,,0,,0,NA,Other,NA,,NA,,S-ZE-BO,S-ZF-BR,S-ZC-BO,B-ZO-UN,B-ZO-BO,S-ZF-BO,S-ZC-BR,B-ZC-BO,B-ZB-BO,B-ZE-BR,B-ZE-UN,S-ZB-BO,S-ZC-BR,B-ZG-UN,B-ZF-UN,S-ZG-BR,B-ZO-UN,S-ZB-BR,B-ZD-UN,S-ZB-BR
38,2006.08.02 00:00,USDCAD,60,86400,BUY,ZE,1,1.13230,1.12200,1030.0,1.13750,1.12930,820.0,79.612,70.87,300.0,243.1,1.13230,1.12930,1.14050,UNTOUCHED,,0,,0,,0,,0,NA,Other,NA,,NA,,1.11900,BOUNCE,2006.08.07 17:00,1,2006.08.09 02:00,0,,0,,1,1d 9h,NewYork,NA,,NA,,1.13530,UNTOUCHED,,0,,0,,0,,0,NA,Other,NA,,NA,,1.12630,BREAK,2006.08.02 16:00,0,,0,,0,,0,NA,NewYork,BOUNCE,2006.08.03 16:00,NA,,S-ZG-BO,S-ZE-BO,S-ZF-BR,S-ZC-BO,B-ZO-UN,B-ZO-BO,S-ZF-BO,S-ZC-BR,B-ZC-BO,B-ZB-BO,S-ZB-BO,S-ZC-BR,B-ZG-UN,B-ZF-UN,S-ZG-BR,B-ZO-UN,S-ZB-BR,B-ZD-UN,S-ZB-BR,S-ZB-BO
39,2006.08.03 00:00,USDCAD,60,86400,SELL,ZB,1,1.13750,1.12930,820.0,1.13230,1.12450,780.0,95.122,63.41,300.0,193.5,1.13230,1.12930,1.12150,BOUNCE,2006.08.07 15:00,1,2006.08.10 18:00,0,,0,,1,3d 3h,NewYork,NA,,NA,,1.14050,UNTOUCHED,,0,,0,,0,,0,NA,Other,NA,,NA,,1.12630,BREAK,2006.08.03 00:00,0,,0,,0,,0,NA,Asia,BOUNCE,2006.08.03 16:00,NA,,1.13530,UNTOUCHED,,0,,0,,0,,0,NA,Other,NA,,NA,,B-ZE-UN,S-ZG-BO,S-ZE-BO,S-ZF-BR,S-ZC-BO,B-ZO-UN,B-ZO-BO,S-ZF-BO,S-ZC-BR,B-ZC-BO,S-ZC-BR,B-ZG-UN,B-ZF-UN,S-ZG-BR,B-ZO-UN,S-ZB-BR,B-ZD-UN,S-ZB-BR,S-ZB-BO,S-ZC-UN
40,2006.08.04 00:00,USDCAD,60,86400,SELL,ZC,1,1.13230,1.12450,780.0,1.12800,1.12280,520.0,66.667,55.13,350.0,184.1,1.12800,1.12450,1.11930,BREAK,2006.08.07 17:00,0,,0,,0,,0,NA,NewYork,BOUNCE,2006.08.16 15:00,NA,,1.13580,UNTOUCHED,,0,,0,,0,,0,NA,Other,NA,,NA,,1.12100,BOUNCE,2006.08.07 15:00,1,2006.08.15 10:00,0,,0,,1,1w 0d,NewYork,NA,,NA,,1.13150,BOUNCE,2006.08.04 13:00,1,2006.08.07 15:00,1,2006.08.07 15:00,0,,2,3d 2h,NewYork,NA,,NA,,S-ZB-BO,B-ZE-UN,S-ZG-BO,S-ZE-BO,S-ZF-BR,S-ZC-BO,B-ZO-UN,B-ZO-BO,S-ZF-BO,S-ZC-BR,B-ZG-UN,B-ZF-UN,S-ZG-BR,B-ZO-UN,S-ZB-BR,B-ZD-UN,S-ZB-BR,S-ZB-BO,S-ZC-UN,S-ZO-UN
41,2006.08.05 00:00,USDCAD,60,86400,BUY,ZG,1,1.12800,1.12280,520.0,1.13490,1.12310,1180.0,226.923,5.77,490.0,122.7,1.12800,1.12310,1.13980,UNTOUCHED,,0,,0,,0,,0,NA,Other,NA,,NA,,1.11790,BOUNCE,2006.08.07 18:00,1,2006.08.10 18:00,0,,0,,1,3d 0h,NewYork,NA,,NA,,1.13290,UNTOUCHED,,0,,0,,0,,0,NA,Other,NA,,NA,,1.11820,BOUNCE,2006.08.07 18:00,0,,0,,0,,0,NA,NewYork,NA,,NA,,S-ZC-BR,S-ZB-BO,B-ZE-UN,S-ZG-BO,S-ZE-BO,S-ZF-BR,S-ZC-BO,B-ZO-UN,B-ZO-BO,S-ZF-BO,B-ZF-UN,S-ZG-BR,B-ZO-UN,S-ZB-BR,B-ZD-UN,S-ZB-BR,S-ZB-BO,S-ZC-UN,S-ZO-UN,S-ZE-UN
42,2006.08.11 00:00,USDCAD,60,86400,BUY,ZF,0,1.12570,1.11720,850.0,1.12860,1.11860,1000.0,117.647,16.47,710.0,200.6,1.12570,1.11860,1.13570,UNTOUCHED,,0,,0,,0,,0,NA,Other,NA,,NA,,1.11010,BREAK,2006.08.23 15:00,0,,0,,0,,0,NA,NewYork,BOUNCE,2006.09.05 10:00,NA,,1.13280,UNTOUCHED,,0,,0,,0,,0,NA,Other,NA,,NA,,1.11150,BREAK,2006.08.23 11:00,0,,0,,0,,0,NA,London,BOUNCE,2006.09.05 11:00,NA,,B-ZG-UN,S-ZC-BR,S-ZB-BO,B-ZE-UN,S-ZG-BO,S-ZE-BO,S-ZF-BR,S-ZC-BO,B-ZO-UN,B-ZO-BO,S-ZG-BR,B-ZO-UN,S-ZB-BR,B-ZD-UN,S-ZB-BR,S-ZB-BO,S-ZC-UN,S-ZO-UN,S-ZE-UN,B-ZB-BR
43,2006.08.12 00:00,USDCAD,60,86400,SELL,ZG,0,1.12860,1.11860,1000.0,1.12840,1.11710,1130.0,113.000,2.00,980.0,236.0,1.12840,1.11860,1.10730,BREAK,2006.08.23 16:00,0,,0,,0,,0,NA,NewYork,UNTOUCHED,,NA,,1.13840,UNTOUCHED,,0,,0,,0,,0,NA,Other,NA,,NA,,1.10880,BREAK,2006.08.23 15:00,0,,0,,0,,0,NA,NewYork,UNTOUCHED,,NA,,1.13820,UNTOUCHED,,0,,0,,0,,0,NA,Other,NA,,NA,,B-ZF-UN,B-ZG-UN,S-ZC-BR,S-ZB-BO,B-ZE-UN,S-ZG-BO,S-ZE-BO,S-ZF-BR,S-ZC-BO,B-ZO-UN,B-ZO-UN,S-ZB-BR,B-ZD-UN,S-ZB-BR,S-ZB-BO,S-ZC-UN,S-ZO-UN,S-ZE-UN,B-ZB-BR,S-ZO-UN
44,2006.08.16 00:00,USDCAD,60,86400,BUY,ZO,0,1.12810,1.12060,750.0,1.13220,1.12090,1130.0,150.667,4.00,720.0,177.0,1.12810,1.12090,1.13940,UNTOUCHED,,0,,0,,0,,0,NA,Other,NA,,NA,,1.11340,BREAK,2006.08.23 11:00,0,,0,,0,,0,NA,London,BOUNCE,2006.08.23 22:00,NA,,1.13530,UNTOUCHED,,0,,0,,0,,0,NA,Other,NA,,NA,,1.11370,BREAK,2006.08.23 10:00,0,,0,,0,,0,NA,London,BREAK,2006.08.23 17:00,UNTOUCHED,,S-ZG-BR,B-ZF-UN,B-ZG-UN,S-ZC-BR,S-ZB-BO,B-ZE-UN,S-ZG-BO,S-ZE-BO,S-ZF-BR,S-ZC-BO,S-ZB-BR,B-ZD-UN,S-ZB-BR,S-ZB-BO,S-ZC-UN,S-ZO-UN,S-ZE-UN,B-ZB-BR,S-ZO-UN,B-ZD-BO
45,2006.08.17 00:00,USDCAD,60,86400,SELL,ZB,1,1.13220,1.12090,1130.0,1.12410,1.11420,990.0,87.611,71.68,320.0,266.7,1.12410,1.12090,1.11100,BREAK,2006.08.23 13:00,0,,0,,0,,0,NA,NewYork,BREAK,2006.08.23 17:00,BOUNCE,2006.09.04 19:00,1.13540,UNTOUCHED,,0,,0,,0,,0,NA,Other,NA,,NA,,1.11770,BOUNCE,2006.08.17 10:00,1,2006.08.18 20:00,0,,0,,1,1d 10h,London,NA,,NA,,1.12730,BOUNCE,2006.08.18 20:00,1,2006.08.21 12:00,1,2006.08.21 12:00,0,,2,2d 16h,NewYork,NA,,NA,,B-ZO-UN,S-ZG-BR,B-ZF-UN,B-ZG-UN,S-ZC-BR,S-ZB-BO,B-ZE-UN,S-ZG-BO,S-ZE-BO,S-ZF-BR,B-ZD-UN,S-ZB-BR,S-ZB-BO,S-ZC-UN,S-ZO-UN,S-ZE-UN,B-ZB-BR,S-ZO-UN,B-ZD-BO,S-ZG-BR
46,2006.08.19 00:00,USDCAD,60,86400,BUY,ZD,1,1.12360,1.11530,830.0,1.12750,1.11980,770.0,92.771,54.22,380.0,195.9,1.12360,1.11980,1.13130,UNTOUCHED,,0,,0,,0,,0,NA,Other,NA,,NA,,1.11150,BREAK,2006.08.23 11:00,0,,0,,0,,0,NA,London,BREAK,2006.08.23 17:00,BOUNCE,2006.09.01 11:00,1.12740,BREAK,2006.09.19 20:00,0,,0,,0,,0,NA,NewYork,BREAK,2006.10.10 16:00,BREAK,2006.10.11 21:00,1.11600,BREAK,2006.08.22 14:00,0,,0,,0,,0,NA,NewYork,BREAK,2006.08.23 15:00,BREAK,2006.08.23 16:00,S-ZB-BR,B-ZO-UN,S-ZG-BR,B-ZF-UN,B-ZG-UN,S-ZC-BR,S-ZB-BO,B-ZE-UN,S-ZG-BO,S-ZE-BO,S-ZB-BR,S-ZB-BO,S-ZC-UN,S-ZO-UN,S-ZE-UN,B-ZB-BR,S-ZO-UN,B-ZD-BO,S-ZG-BR,B-ZO-BO
47,2006.08.23 00:00,USDCAD,60,86400,SELL,ZB,1,1.12590,1.11660,930.0,1.12050,1.11450,600.0,64.516,58.06,390.0,219.5,1.12050,1.11660,1.11060,BREAK,2006.08.23 15:00,0,,0,,0,,0,NA,NewYork,BOUNCE,2006.08.23 18:00,NA,,1.12980,UNTOUCHED,,0,,0,,0,,0,NA,Other,NA,,NA,,1.11270,BREAK,2006.08.23 11:00,0,,0,,0,,0,NA,London,BREAK,2006.08.23 16:00,BOUNCE,2006.08.23 17:00,1.12440,BREAK,2006.09.19 18:00,0,,0,,0,,0,NA,NewYork,BOUNCE,2006.09.21 10:00,NA,,B-ZD-UN,S-ZB-BR,B-ZO-UN,S-ZG-BR,B-ZF-UN,B-ZG-UN,S-ZC-BR,S-ZB-BO,B-ZE-UN,S-ZG-BO,S-ZB-BO,S-ZC-UN,S-ZO-UN,S-ZE-UN,B-ZB-BR,S-ZO-UN,B-ZD-BO,S-ZG-BR,B-ZO-BO,S-ZB-BO
48,2006.08.24 00:00,USDCAD,60,86400,SELL,ZB,1,1.12050,1.11450,600.0,1.11620,1.10470,1150.0,191.667,71.67,170.0,141.6,1.11620,1.11450,1.10300,BOUNCE,2006.09.01 00:00,1,2006.09.01 10:00,1,2006.09.08 16:00,1,2006.09.11 04:00,3,1w 3d,Asia,NA,,NA,,1.12220,BOUNCE,2006.09.11 04:00,1,2006.09.11 11:00,1,2006.09.14 16:00,0,,2,3d 12h,Asia,NA,,NA,,1.11280,BREAK,2006.08.24 00:00,0,,0,,0,,0,NA,Asia,BREAK,2006.08.24 09:00,BREAK,2006.08.24 12:00,1.11790,BREAK,2006.09.08 16:00,0,,0,,0,,0,NA,NewYork,BREAK,2006.09.09 00:00,BREAK,2006.09.11 10:00,S-ZB-BR,B-ZD-UN,S-ZB-BR,B-ZO-UN,S-ZG-BR,B-ZF-UN,B-ZG-UN,S-ZC-BR,S-ZB-BO,B-ZE-UN,S-ZC-UN,S-ZO-UN,S-ZE-UN,B-ZB-BR,S-ZO-UN,B-ZD-BO,S-ZG-BR,B-ZO-BO,S-ZB-BO,B-ZC-BR
49,2006.08.26 00:00,USDCAD,60,86400,SELL,ZC,1,1.11360,1.10740,620.0,1.11080,1.10520,560.0,90.323,45.16,340.0,146.3,1.11080,1.10740,1.10180,UNTOUCHED,,0,,0,,0,,0,NA,Other,NA,,NA,,1.11700,BOUNCE,2006.09.08 15:00,1,2006.09.27 21:00,0,,0,,1,2w 5d,NewYork,NA,,NA,,1.10400,BOUNCE,2006.08.31 23:00,1,2006.09.08 14:00,1,2006.09.08 15:00,0,,2,1w 0d,Other,NA,,NA,,1.11420,BOUNCE,2006.09.08 14:00,0,,0,,0,,0,NA,NewYork,NA,,NA,,S-ZB-BO,S-ZB-BR,B-ZD-UN,S-ZB-BR,B-ZO-UN,S-ZG-BR,B-ZF-UN,B-ZG-UN,S-ZC-BR,S-ZB-BO,S-ZO-UN,S-ZE-UN,B-ZB-BR,S-ZO-UN,B-ZD-BO,S-ZG-BR,B-ZO-BO,S-ZB-BO,B-ZC-BR,B-ZF-BR
50,2006.08.31 00:00,USDCAD,60,86400,SELL,ZO,0,1.11310,1.10560,750.0,1.11160,1.10540,620.0,82.667,20.00,600.0,177.0,1.11160,1.10560,1.09940,UNTOUCHED,,0,,0,,0,,0,NA,Other,NA,,NA,,1.11910,BREAK,2006.09.08 16:00,0,,0,,0,,0,NA,NewYork,BREAK,2006.09.19 19:00,BREAK,2006.10.10 16:00,1.09960,UNTOUCHED,,0,,0,,0,,0,NA,Other,NA,,NA,,1.11760,BOUNCE,2006.09.08 15:00,0,,0,,0,,0,NA,NewYork,NA,,NA,,S-ZC-UN,S-ZB-BO,S-ZB-BR,B-ZD-UN,S-ZB-BR,B-ZO-UN,S-ZG-BR,B-ZF-UN,B-ZG-UN,S-ZC-BR,S-ZE-UN,B-ZB-BR,S-ZO-UN,B-ZD-BO,S-ZG-BR,B-ZO-BO,S-ZB-BO,B-ZC-BR,B-ZF-BR,B-ZE-BO
51,2006.09.02 00:00,USDCAD,60,86400,SELL,ZE,1,1.11180,1.10340,840.0,1.10770,1.10300,470.0,55.952,48.81,430.0,198.2,1.10770,1.10340,1.09870,UNTOUCHED,,0,,0,,0,,0,NA,Other,NA,,NA,,1.11610,BOUNCE,2006.09.08 15:00,0,,0,,0,,0,NA,NewYork,NA,,NA,,1.09910,UNTOUCHED,,0,,0,,0,,0,NA,Other,NA,,NA,,1.11200,BREAK,2006.09.05 11:00,0,,0,,0,,0,NA,London,BOUNCE,2006.09.08 15:00,NA,,S-ZO-UN,S-ZC-UN,S-ZB-BO,S-ZB-BR,B-ZD-UN,S-ZB-BR,B-ZO-UN,S-ZG-BR,B-ZF-UN,B-ZG-UN,B-ZB-BR,S-ZO-UN,B-ZD-BO,S-ZG-BR,B-ZO-BO,S-ZB-BO,B-ZC-BR,B-ZF-BR,B-ZE-BO,S-ZF-BR
52,2006.09.06 00:00,USDCAD,60,86400,BUY,ZB,1,1.10800,1.10410,390.0,1.11410,1.10640,770.0,197.436,58.97,160.0,92.0,1.10800,1.10640,1.11570,BREAK,2006.09.08 15:00,0,,0,,0,,0,NA,NewYork,BREAK,2006.09.08 16:00,BREAK,2006.09.08 17:00,1.10250,UNTOUCHED,,0,,0,,0,,0,NA,Other,NA,,NA,,1.10960,BREAK,2006.09.06 00:00,0,,0,,0,,0,NA,Asia,BREAK,2006.09.06 04:00,BREAK,2006.09.06 14:00,1.10480,BOUNCE,2006.09.06 18:00,1,2006.09.07 17:00,1,2006.09.07 17:00,0,,2,23h,NewYork,NA,,NA,,S-ZE-UN,S-ZO-UN,S-ZC-UN,S-ZB-BO,S-ZB-BR,B-ZD-UN,S-ZB-BR,B-ZO-UN,S-ZG-BR,B-ZF-UN,S-ZO-UN,B-ZD-BO,S-ZG-BR,B-ZO-BO,S-ZB-BO,B-ZC-BR,B-ZF-BR,B-ZE-BO,S-ZF-BR,S-ZC-UN
53,2006.09.08 00:00,USDCAD,60,86400,SELL,ZO,0,1.11410,1.10440,970.0,1.11110,1.10420,690.0,71.134,30.93,670.0,228.9,1.11110,1.10440,1.09750,UNTOUCHED,,0,,0,,0,,0,NA,Other,NA,,NA,,1.12080,BREAK,2006.09.08 21:00,0,,0,,0,,0,NA,Other,BOUNCE,2006.09.21 15:00,NA,,1.09770,UNTOUCHED,,0,,0,,0,,0,NA,Other,NA,,NA,,1.11780,BREAK,2006.09.08 16:00,0,,0,,0,,0,NA,NewYork,BREAK,2006.09.19 19:00,BREAK,2006.10.10 16:00,B-ZB-BR,S-ZE-UN,S-ZO-UN,S-ZC-UN,S-ZB-BO,S-ZB-BR,B-ZD-UN,S-ZB-BR,B-ZO-UN,S-ZG-BR,B-ZD-BO,S-ZG-BR,B-ZO-BO,S-ZB-BO,B-ZC-BR,B-ZF-BR,B-ZE-BO,S-ZF-BR,S-ZC-UN,S-ZH-UN
54,2006.09.09 00:00,USDCAD,60,86400,BUY,ZD,1,1.11110,1.10420,690.0,1.12100,1.10910,1190.0,172.464,71.01,200.0,162.8,1.11110,1.10910,1.12300,BOUNCE,2006.09.11 10:00,1,2006.09.11 12:00,0,,0,,1,2h,London,NA,,NA,,1.10220,UNTOUCHED,,0,,0,,0,,0,NA,Other,NA,,NA,,1.11310,BREAK,2006.09.09 00:00,0,,0,,0,,0,NA,Asia,BREAK,2006.09.11 01:00,BREAK,2006.09.11 02:00,1.10710,UNTOUCHED,,0,,0,,0,,0,NA,Other,NA,,NA,,S-ZO-UN,B-ZB-BR,S-ZE-UN,S-ZO-UN,S-ZC-UN,S-ZB-BO,S-ZB-BR,B-ZD-UN,S-ZB-BR,B-ZO-UN,S-ZG-BR,B-ZO-BO,S-ZB-BO,B-ZC-BR,B-ZF-BR,B-ZE-BO,S-ZF-BR,S-ZC-UN,S-ZH-UN,S-ZF-UN
55,2006.09.13 00:00,USDCAD,60,86400,SELL,ZG,0,1.12300,1.11740,560.0,1.12240,1.11550,690.0,123.214,10.71,500.0,132.2,1.12240,1.11740,1.11050,BREAK,2006.09.27 21:00,0,,0,,0,,0,NA,Other,UNTOUCHED,,NA,,1.12800,BREAK,2006.09.19 20:00,0,,0,,0,,0,NA,NewYork,BREAK,2006.10.11 07:00,BOUNCE,2006.10.12 23:00,1.11240,BOUNCE,2006.09.14 16:00,1,2006.09.19 20:00,1,2006.09.19 20:00,0,,2,5d 4h,NewYork,NA,,NA,,1.12740,BREAK,2006.09.19 20:00,0,,0,,0,,0,NA,NewYork,BREAK,2006.10.11 04:00,BOUNCE,2006.10.13 06:00,B-ZD-BO,S-ZO-UN,B-ZB-BR,S-ZE-UN,S-ZO-UN,S-ZC-UN,S-ZB-BO,S-ZB-BR,B-ZD-UN,S-ZB-BR,B-ZO-BO,S-ZB-BO,B-ZC-BR,B-ZF-BR,B-ZE-BO,S-ZF-BR,S-ZC-UN,S-ZH-UN,S-ZF-UN,S-ZC-UN
56,2006.09.14 00:00,USDCAD,60,86400,BUY,ZO,0,1.12240,1.11550,690.0,1.12340,1.11710,630.0,91.304,23.19,530.0,162.8,1.12240,1.11710,1.12870,BOUNCE,2006.09.20 12:00,1,2006.09.21 19:00,1,2006.09.22 15:00,1,2006.09.27 21:00,3,1w 0d,London,NA,,NA,,1.11020,BREAK,2006.09.27 21:00,0,,0,,0,,0,NA,Other,UNTOUCHED,,NA,,1.12770,BREAK,2006.09.19 20:00,0,,0,,0,,0,NA,NewYork,BREAK,2006.10.11 09:00,BOUNCE,2006.10.12 23:00,1.11180,BOUNCE,2006.09.14 16:00,1,2006.09.19 20:00,1,2006.09.19 20:00,0,,2,5d 4h,NewYork,NA,,NA,,S-ZG-BR,B-ZD-BO,S-ZO-UN,B-ZB-BR,S-ZE-UN,S-ZO-UN,S-ZC-UN,S-ZB-BO,S-ZB-BR,B-ZD-UN,S-ZB-BO,B-ZC-BR,B-ZF-BR,B-ZE-BO,S-ZF-BR,S-ZC-UN,S-ZH-UN,S-ZF-UN,S-ZC-UN,B-ZB-BO
57,2006.09.15 00:00,USDCAD,60,86400,SELL,ZB,1,1.12340,1.11710,630.0,1.12030,1.11180,850.0,134.921,49.21,320.0,148.7,1.12030,1.11710,1.10860,BOUNCE,2006.09.28 16:00,1,2006.09.29 10:00,1,2006.10.04 09:00,1,2006.10.04 11:00,3,5d 19h,NewYork,NA,,NA,,1.12660,BOUNCE,2006.09.19 19:00,1,2006.09.21 15:00,1,2006.09.22 11:00,1,2006.09.28 16:00,3,1w 1d,NewYork,NA,,NA,,1.11390,BOUNCE,2006.09.22 11:00,1,2006.10.04 09:00,1,2006.10.04 11:00,0,,2,1w 5d,London,NA,,NA,,1.12350,BREAK,2006.09.19 18:00,0,,0,,0,,0,NA,NewYork,BREAK,2006.09.19 20:00,BOUNCE,2006.10.04 20:00,B-ZO-BO,S-ZG-BR,B-ZD-BO,S-ZO-UN,B-ZB-BR,S-ZE-UN,S-ZO-UN,S-ZC-UN,S-ZB-BO,S-ZB-BR,B-ZC-BR,B-ZF-BR,B-ZE-BO,S-ZF-BR,S-ZC-UN,S-ZH-UN,S-ZF-UN,S-ZC-UN,B-ZB-BO,B-ZE-BR
58,2006.09.18 01:00,USDCAD,60,86400,BUY,ZC,1,1.12030,1.11180,850.0,1.12200,1.11640,560.0,65.882,54.12,390.0,200.6,1.12030,1.11640,1.12590,BREAK,2006.09.19 19:00,0,,0,,0,,0,NA,NewYork,BOUNCE,2006.10.05 01:00,NA,,1.10790,UNTOUCHED,,0,,0,,0,,0,NA,Other,NA,,NA,,1.12420,BREAK,2006.09.19 18:00,0,,0,,0,,0,NA,NewYork,BOUNCE,2006.09.21 10:00,NA,,1.11250,BOUNCE,2006.09.22 15:00,1,2006.10.04 09:00,1,2006.10.04 09:00,0,,2,1w 4d,NewYork,NA,,NA,,S-ZB-BO,B-ZO-BO,S-ZG-BR,B-ZD-BO,S-ZO-UN,B-ZB-BR,S-ZE-UN,S-ZO-UN,S-ZC-UN,S-ZB-BO,B-ZF-BR,B-ZE-BO,S-ZF-BR,S-ZC-UN,S-ZH-UN,S-ZF-UN,S-ZC-UN,B-ZB-BO,B-ZE-BR,B-ZF-BO
59,2006.09.20 00:00,USDCAD,60,86400,BUY,ZF,1,1.12210,1.11600,610.0,1.12850,1.11690,1160.0,190.164,14.75,520.0,144.0,1.12210,1.11690,1.13370,BREAK,2006.10.11 04:00,0,,0,,0,,0,NA,Asia,BREAK,2006.10.17 21:00,BREAK,2006.11.17 14:00,1.11080,BREAK,2006.09.27 21:00,0,,0,,0,,0,NA,Other,UNTOUCHED,,NA,,1.12730,BREAK,2006.09.20 00:00,0,,0,,0,,0,NA,Asia,BREAK,2006.10.11 06:00,BOUNCE,2006.10.13 06:00,1.11170,BREAK,2006.09.27 21:00,0,,0,,0,,0,NA,Other,UNTOUCHED,,NA,,B-ZC-BR,S-ZB-BO,B-ZO-BO,S-ZG-BR,B-ZD-BO,S-ZO-UN,B-ZB-BR,S-ZE-UN,S-ZO-UN,S-ZC-UN,B-ZE-BO,S-ZF-BR,S-ZC-UN,S-ZH-UN,S-ZF-UN,S-ZC-UN,B-ZB-BO,B-ZE-BR,B-ZF-BO,S-ZO-UN
60,2006.09.21 00:00,USDCAD,60,86400,BUY,ZE,1,1.12850,1.11690,1160.0,1.12940,1.12540,400.0,34.483,73.28,310.0,273.8,1.12850,1.12540,1.13250,BOUNCE,2006.10.10 16:00,1,2006.10.20 00:00,1,2006.10.20 14:00,0,,2,1w 2d,NewYork,NA,,NA,,1.11380,BOUNCE,2006.09.22 11:00,1,2006.10.02 10:00,1,2006.10.10 16:00,1,2006.10.10 16:00,3,2w 4d,London,NA,,NA,,1.13160,BREAK,2006.10.10 16:00,0,,0,,0,,0,NA,NewYork,BREAK,2006.10.11 21:00,BOUNCE,2006.10.12 11:00,1.12230,BREAK,2006.09.21 14:00,0,,0,,0,,0,NA,NewYork,BREAK,2006.09.21 19:00,BREAK,2006.09.22 12:00,B-ZF-BR,B-ZC-BR,S-ZB-BO,B-ZO-BO,S-ZG-BR,B-ZD-BO,S-ZO-UN,B-ZB-BR,S-ZE-UN,S-ZO-UN,S-ZF-BR,S-ZC-UN,S-ZH-UN,S-ZF-UN,S-ZC-UN,B-ZB-BO,B-ZE-BR,B-ZF-BO,S-ZO-UN,B-ZF-BO
61,2006.09.22 00:00,USDCAD,60,86400,SELL,ZF,1,1.12940,1.12540,400.0,1.12850,1.11630,1220.0,305.000,22.50,310.0,94.4,1.12850,1.12540,1.11320,BREAK,2006.09.22 12:00,0,,0,,0,,0,NA,London,BREAK,2006.09.27 21:00,UNTOUCHED,,1.13250,BREAK,2006.10.10 16:00,0,,0,,0,,0,NA,NewYork,BREAK,2006.10.11 11:00,BOUNCE,2006.10.16 16:00,1.12230,BREAK,2006.09.22 00:00,0,,0,,0,,0,NA,Asia,BREAK,2006.09.22 01:00,BREAK,2006.09.22 11:00,1.13160,BREAK,2006.10.10 16:00,0,,0,,0,,0,NA,NewYork,BREAK,2006.10.11 09:00,BOUNCE,2006.10.12 11:00,B-ZE-BO,B-ZF-BR,B-ZC-BR,S-ZB-BO,B-ZO-BO,S-ZG-BR,B-ZD-BO,S-ZO-UN,B-ZB-BR,S-ZE-UN,S-ZC-UN,S-ZH-UN,S-ZF-UN,S-ZC-UN,B-ZB-BO,B-ZE-BR,B-ZF-BO,S-ZO-UN,B-ZF-BO,B-ZO-BR
62,2006.09.25 01:00,USDCAD,60,86400,SELL,ZC,1,1.12850,1.11630,1220.0,1.12050,1.11180,870.0,71.311,65.57,420.0,287.9,1.12050,1.11630,1.10760,UNTOUCHED,,0,,0,,0,,0,NA,Other,NA,,NA,,1.13270,BREAK,2006.10.10 16:00,0,,0,,0,,0,NA,NewYork,BOUNCE,2006.10.13 05:00,NA,,1.11210,BREAK,2006.09.27 21:00,0,,0,,0,,0,NA,Other,UNTOUCHED,,NA,,1.12470,BREAK,2006.10.04 09:00,0,,0,,0,,0,NA,London,BOUNCE,2006.10.05 02:00,NA,,S-ZF-BR,B-ZE-BO,B-ZF-BR,B-ZC-BR,S-ZB-BO,B-ZO-BO,S-ZG-BR,B-ZD-BO,S-ZO-UN,B-ZB-BR,S-ZH-UN,S-ZF-UN,S-ZC-UN,B-ZB-BO,B-ZE-BR,B-ZF-BO,S-ZO-UN,B-ZF-BO,B-ZO-BR,S-ZO-BR
63,2006.09.27 00:00,USDCAD,60,86400,SELL,ZH,0,1.11890,1.11410,480.0,1.11820,1.11240,580.0,120.833,14.58,410.0,113.3,1.11820,1.11410,1.10830,UNTOUCHED,,0,,0,,0,,0,NA,Other,NA,,NA,,1.12300,BREAK,2006.10.04 08:00,0,,0,,0,,0,NA,London,BOUNCE,2006.10.04 11:00,NA,,1.11000,BREAK,2006.09.27 21:00,0,,0,,0,,0,NA,Other,UNTOUCHED,,NA,,1.12230,BREAK,2006.10.03 22:00,0,,0,,0,,0,NA,Other,BREAK,2006.10.04 11:00,BREAK,2006.10.10 16:00,S-ZC-UN,S-ZF-BR,B-ZE-BO,B-ZF-BR,B-ZC-BR,S-ZB-BO,B-ZO-BO,S-ZG-BR,B-ZD-BO,S-ZO-UN,S-ZF-UN,S-ZC-UN,B-ZB-BO,B-ZE-BR,B-ZF-BO,S-ZO-UN,B-ZF-BO,B-ZO-BR,S-ZO-BR,B-ZE-BR
64,2006.09.28 00:00,USDCAD,60,86400,SELL,ZF,0,1.11820,1.11240,580.0,1.11650,1.10890,760.0,131.034,29.31,410.0,136.9,1.11650,1.11240,1.10480,UNTOUCHED,,0,,0,,0,,0,NA,Other,NA,,NA,,1.12230,BREAK,2006.10.03 22:00,0,,0,,0,,0,NA,Other,BREAK,2006.10.04 11:00,BREAK,2006.10.10 16:00,1.10830,UNTOUCHED,,0,,0,,0,,0,NA,Other,NA,,NA,,1.12060,BOUNCE,2006.10.02 10:00,0,,0,,0,,0,NA,London,NA,,NA,,S-ZH-UN,S-ZC-UN,S-ZF-BR,B-ZE-BO,B-ZF-BR,B-ZC-BR,S-ZB-BO,B-ZO-BO,S-ZG-BR,B-ZD-BO,S-ZC-UN,B-ZB-BO,B-ZE-BR,B-ZF-BO,S-ZO-UN,B-ZF-BO,B-ZO-BR,S-ZO-BR,B-ZE-BR,B-ZF-BR
65,2006.09.29 00:00,USDCAD,60,86400,SELL,ZC,1,1.11650,1.10890,760.0,1.11240,1.10850,390.0,51.316,53.95,350.0,179.4,1.11240,1.10890,1.10500,UNTOUCHED,,0,,0,,0,,0,NA,Other,NA,,NA,,1.12000,BREAK,2006.10.02 10:00,0,,0,,0,,0,NA,London,BREAK,2006.10.04 11:00,BREAK,2006.10.04 15:00,1.10540,UNTOUCHED,,0,,0,,0,,0,NA,Other,NA,,NA,,1.11590,BREAK,2006.09.29 14:00,0,,0,,0,,0,NA,NewYork,BREAK,2006.10.02 10:00,BREAK,2006.10.04 09:00,S-ZF-UN,S-ZH-UN,S-ZC-UN,S-ZF-BR,B-ZE-BO,B-ZF-BR,B-ZC-BR,S-ZB-BO,B-ZO-BO,S-ZG-BR,B-ZB-BO,B-ZE-BR,B-ZF-BO,S-ZO-UN,B-ZF-BO,B-ZO-BR,S-ZO-BR,B-ZE-BR,B-ZF-BR,S-ZD-BR
66,2006.10.02 01:00,USDCAD,60,86400,BUY,ZB,1,1.11240,1.10850,390.0,1.11890,1.11000,890.0,228.205,38.46,240.0,92.0,1.11240,1.11000,1.12130,BOUNCE,2006.10.02 10:00,1,2006.10.02 16:00,0,,0,,1,6h,London,NA,,NA,,1.10610,UNTOUCHED,,0,,0,,0,,0,NA,Other,NA,,NA,,1.11480,BREAK,2006.10.02 01:00,0,,0,,0,,0,NA,Asia,BREAK,2006.10.02 03:00,BREAK,2006.10.02 10:00,1.10760,UNTOUCHED,,0,,0,,0,,0,NA,Other,NA,,NA,,S-ZC-UN,S-ZF-UN,S-ZH-UN,S-ZC-UN,S-ZF-BR,B-ZE-BO,B-ZF-BR,B-ZC-BR,S-ZB-BO,B-ZO-BO,B-ZE-BR,B-ZF-BO,S-ZO-UN,B-ZF-BO,B-ZO-BR,S-ZO-BR,B-ZE-BR,B-ZF-BR,S-ZD-BR,B-ZO-BR
67,2006.10.03 00:00,USDCAD,60,86400,BUY,ZE,1,1.11890,1.11000,890.0,1.12190,1.11440,750.0,84.270,49.44,450.0,210.0,1.11890,1.11440,1.12640,BREAK,2006.10.04 11:00,0,,0,,0,,0,NA,London,BREAK,2006.10.10 16:00,BREAK,2006.10.11 21:00,1.10550,UNTOUCHED,,0,,0,,0,,0,NA,Other,NA,,NA,,1.12340,BREAK,2006.10.04 09:00,0,,0,,0,,0,NA,London,BREAK,2006.10.04 18:00,BREAK,2006.10.11 07:00,1.10990,UNTOUCHED,,0,,0,,0,,0,NA,Other,NA,,NA,,B-ZB-BO,S-ZC-UN,S-ZF-UN,S-ZH-UN,S-ZC-UN,S-ZF-BR,B-ZE-BO,B-ZF-BR,B-ZC-BR,S-ZB-BO,B-ZF-BO,S-ZO-UN,B-ZF-BO,B-ZO-BR,S-ZO-BR,B-ZE-BR,B-ZF-BR,S-ZD-BR,B-ZO-BR,S-ZC-BR
68,2006.10.04 00:00,USDCAD,60,86400,BUY,ZF,0,1.12190,1.11440,750.0,1.12250,1.11460,790.0,105.333,2.67,730.0,177.0,1.12190,1.11460,1.12980,BOUNCE,2006.10.04 18:00,0,,0,,0,,0,NA,NewYork,NA,,NA,,1.10710,UNTOUCHED,,0,,0,,0,,0,NA,Other,NA,,NA,,1.12920,BOUNCE,2006.10.04 18:00,0,,0,,0,,0,NA,NewYork,NA,,NA,,1.10730,UNTOUCHED,,0,,0,,0,,0,NA,Other,NA,,NA,,B-ZE-BR,B-ZB-BO,S-ZC-UN,S-ZF-UN,S-ZH-UN,S-ZC-UN,S-ZF-BR,B-ZE-BO,B-ZF-BR,B-ZC-BR,S-ZO-UN,B-ZF-BO,B-ZO-BR,S-ZO-BR,B-ZE-BR,B-ZF-BR,S-ZD-BR,B-ZO-BR,S-ZC-BR,S-ZB-UN
69,2006.10.09 01:00,USDCAD,60,86400,SELL,ZO,1,1.12870,1.12390,480.0,1.12810,1.11990,820.0,170.833,12.50,420.0,113.3,1.12810,1.12390,1.11570,UNTOUCHED,,0,,0,,0,,0,NA,Other,NA,,NA,,1.13290,BREAK,2006.10.10 16:00,0,,0,,0,,0,NA,NewYork,BREAK,2006.10.12 00:00,BREAK,2006.11.15 16:00,1.11970,BREAK,2006.10.27 17:00,0,,0,,0,,0,NA,NewYork,UNTOUCHED,,NA,,1.13230,BREAK,2006.10.10 16:00,0,,0,,0,,0,NA,NewYork,BREAK,2006.10.11 21:00,BOUNCE,2006.10.18 20:00,B-ZF-BO,B-ZE-BR,B-ZB-BO,S-ZC-UN,S-ZF-UN,S-ZH-UN,S-ZC-UN,S-ZF-BR,B-ZE-BO,B-ZF-BR,B-ZF-BO,B-ZO-BR,S-ZO-BR,B-ZE-BR,B-ZF-BR,S-ZD-BR,B-ZO-BR,S-ZC-BR,S-ZB-UN,B-ZO-BO
70,2006.10.11 00:00,USDCAD,60,86400,BUY,ZF,1,1.12650,1.12110,540.0,1.13360,1.12230,1130.0,209.259,22.22,420.0,127.4,1.12650,1.12230,1.13780,BOUNCE,2006.10.11 21:00,1,2006.10.19 21:00,1,2006.10.27 17:00,0,,2,2w 1d,Other,NA,,NA,,1.11690,UNTOUCHED,,0,,0,,0,,0,NA,Other,NA,,NA,,1.13070,BREAK,2006.10.11 00:00,0,,0,,0,,0,NA,Asia,BREAK,2006.10.11 09:00,BOUNCE,2006.10.16 16:00,1.11810,BOUNCE,2006.10.27 17:00,1,2006.11.01 10:00,1,2006.11.01 10:00,0,,2,4d 17h,NewYork,NA,,NA,,S-ZO-UN,B-ZF-BO,B-ZE-BR,B-ZB-BO,S-ZC-UN,S-ZF-UN,S-ZH-UN,S-ZC-UN,S-ZF-BR,B-ZE-BO,B-ZO-BR,S-ZO-BR,B-ZE-BR,B-ZF-BR,S-ZD-BR,B-ZO-BR,S-ZC-BR,S-ZB-UN,B-ZO-BO,B-ZF-BR
71,2006.10.13 00:00,USDCAD,60,86400,BUY,ZO,0,1.13820,1.13260,560.0,1.13840,1.13300,540.0,96.429,7.14,520.0,132.2,1.13820,1.13300,1.14360,BREAK,2006.11.17 12:00,0,,0,,0,,0,NA,London,BREAK,2006.11.22 05:00,BREAK,2006.12.12 17:00,1.12740,BREAK,2006.10.19 21:00,0,,0,,0,,0,NA,Other,BREAK,2006.10.20 16:00,UNTOUCHED,,1.14340,BREAK,2006.11.17 12:00,0,,0,,0,,0,NA,London,BREAK,2006.11.22 05:00,BREAK,2006.12.12 17:00,1.12780,BREAK,2006.10.19 21:00,0,,0,,0,,0,NA,Other,BREAK,2006.10.20 16:00,UNTOUCHED,,B-ZF-BO,S-ZO-UN,B-ZF-BO,B-ZE-BR,B-ZB-BO,S-ZC-UN,S-ZF-UN,S-ZH-UN,S-ZC-UN,S-ZF-BR,S-ZO-BR,B-ZE-BR,B-ZF-BR,S-ZD-BR,B-ZO-BR,S-ZC-BR,S-ZB-UN,B-ZO-BO,B-ZF-BR,B-ZC-BO
72,2006.10.16 01:00,USDCAD,60,86400,SELL,ZO,0,1.13840,1.13300,540.0,1.13830,1.13200,630.0,116.667,1.85,530.0,127.4,1.13830,1.13300,1.12670,BREAK,2006.10.19 21:00,0,,0,,0,,0,NA,Other,BOUNCE,2006.10.23 11:00,NA,,1.14370,BREAK,2006.11.17 12:00,0,,0,,0,,0,NA,London,BREAK,2006.11.22 05:00,BREAK,2006.12.13 22:00,1.12770,BREAK,2006.10.19 21:00,0,,0,,0,,0,NA,Other,BREAK,2006.10.20 16:00,UNTOUCHED,,1.14360,BREAK,2006.11.17 12:00,0,,0,,0,,0,NA,London,BREAK,2006.11.22 05:00,BREAK,2006.12.13 22:00,B-ZO-BR,B-ZF-BO,S-ZO-UN,B-ZF-BO,B-ZE-BR,B-ZB-BO,S-ZC-UN,S-ZF-UN,S-ZH-UN,S-ZC-UN,B-ZE-BR,B-ZF-BR,S-ZD-BR,B-ZO-BR,S-ZC-BR,S-ZB-UN,B-ZO-BO,B-ZF-BR,B-ZC-BO,S-ZF-UN
73,2006.10.17 00:00,USDCAD,60,86400,BUY,ZE,1,1.13830,1.13200,630.0,1.13920,1.13460,460.0,73.016,41.27,370.0,148.7,1.13830,1.13460,1.14290,BREAK,2006.11.17 12:00,0,,0,,0,,0,NA,London,BOUNCE,2006.11.17 18:00,NA,,1.12830,BREAK,2006.10.19 21:00,0,,0,,0,,0,NA,Other,BREAK,2006.10.20 14:00,BOUNCE,2006.10.20 17:00,1.14200,BOUNCE,2006.11.15 16:00,1,2006.11.24 13:00,0,,0,,1,1w 1d,NewYork,NA,,NA,,1.13090,BREAK,2006.10.19 19:00,0,,0,,0,,0,NA,NewYork,BREAK,2006.10.20 12:00,BOUNCE,2006.10.20 14:00,S-ZO-BR,B-ZO-BR,B-ZF-BO,S-ZO-UN,B-ZF-BO,B-ZE-BR,B-ZB-BO,S-ZC-UN,S-ZF-UN,S-ZH-UN,B-ZF-BR,S-ZD-BR,B-ZO-BR,S-ZC-BR,S-ZB-UN,B-ZO-BO,B-ZF-BR,B-ZC-BO,S-ZF-UN,S-ZE-UN
74,2006.10.18 00:00,USDCAD,60,86400,BUY,ZF,0,1.13920,1.13460,460.0,1.14130,1.13490,640.0,139.130,6.52,430.0,108.6,1.13920,1.13490,1.14560,BREAK,2006.11.17 14:00,0,,0,,0,,0,NA,NewYork,BREAK,2006.11.22 05:00,BREAK,2006.12.12 17:00,1.13030,BREAK,2006.10.19 21:00,0,,0,,0,,0,NA,Other,BREAK,2006.10.20 14:00,BREAK,2006.10.20 16:00,1.14350,BREAK,2006.11.17 12:00,0,,0,,0,,0,NA,London,BREAK,2006.11.21 18:00,BREAK,2006.11.22 05:00,1.13060,BREAK,2006.10.19 19:00,0,,0,,0,,0,NA,NewYork,BREAK,2006.10.20 14:00,BREAK,2006.10.20 16:00,B-ZE-BR,S-ZO-BR,B-ZO-BR,B-ZF-BO,S-ZO-UN,B-ZF-BO,B-ZE-BR,B-ZB-BO,S-ZC-UN,S-ZF-UN,S-ZD-BR,B-ZO-BR,S-ZC-BR,S-ZB-UN,B-ZO-BO,B-ZF-BR,B-ZC-BO,S-ZF-UN,S-ZE-UN,B-ZO-BR
75,2006.10.20 00:00,USDCAD,60,86400,SELL,ZD,1,1.14110,1.13540,570.0,1.13710,1.12630,1080.0,189.474,70.18,170.0,134.5,1.13710,1.13540,1.12460,BREAK,2006.10.20 14:00,0,,0,,0,,0,NA,NewYork,BREAK,2006.10.20 15:00,BOUNCE,2006.10.20 16:00,1.14280,BREAK,2006.11.17 12:00,0,,0,,0,,0,NA,London,BREAK,2006.11.17 15:00,BOUNCE,2006.11.17 17:00,1.13370,BREAK,2006.10.20 00:00,0,,0,,0,,0,NA,Asia,BREAK,2006.10.20 01:00,BREAK,2006.10.20 02:00,1.13880,BOUNCE,2006.11.13 20:00,1,2006.11.24 13:00,1,2006.11.24 13:00,0,,2,1w 3d,NewYork,NA,,NA,,B-ZF-BR,B-ZE-BR,S-ZO-BR,B-ZO-BR,B-ZF-BO,S-ZO-UN,B-ZF-BO,B-ZE-BR,B-ZB-BO,S-ZC-UN,B-ZO-BR,S-ZC-BR,S-ZB-UN,B-ZO-BO,B-ZF-BR,B-ZC-BO,S-ZF-UN,S-ZE-UN,B-ZO-BR,B-ZO-BR
76,2006.10.25 00:00,USDCAD,60,86400,BUY,ZO,1,1.12860,1.12400,460.0,1.13210,1.12460,750.0,163.043,13.04,400.0,108.6,1.12860,1.12460,1.13610,BREAK,2006.11.02 17:00,0,,0,,0,,0,NA,NewYork,BOUNCE,2006.11.14 17:00,NA,,1.12000,BREAK,2006.10.27 17:00,0,,0,,0,,0,NA,NewYork,UNTOUCHED,,NA,,1.13260,BREAK,2006.11.01 15:00,0,,0,,0,,0,NA,NewYork,BOUNCE,2006.11.03 00:00,NA,,1.12060,BOUNCE,2006.10.27 16:00,1,2006.11.01 15:00,1,2006.11.01 15:00,0,,2,4d 23h,NewYork,NA,,NA,,S-ZD-BR,B-ZF-BR,B-ZE-BR,S-ZO-BR,B-ZO-BR,B-ZF-BO,S-ZO-UN,B-ZF-BO,B-ZE-BR,B-ZB-BO,S-ZC-BR,S-ZB-UN,B-ZO-BO,B-ZF-BR,B-ZC-BO,S-ZF-UN,S-ZE-UN,B-ZO-BR,B-ZO-BR,S-ZO-UN
77,2006.10.26 00:00,USDCAD,60,86400,SELL,ZC,1,1.13210,1.12460,750.0,1.12860,1.12400,460.0,61.333,46.67,400.0,177.0,1.12860,1.12460,1.12000,BREAK,2006.10.27 17:00,0,,0,,0,,0,NA,NewYork,UNTOUCHED,,NA,,1.13610,BOUNCE,2006.11.02 17:00,1,2006.11.03 16:00,0,,0,,1,23h,NewYork,NA,,NA,,1.12060,BOUNCE,2006.10.27 16:00,1,2006.11.01 15:00,1,2006.11.02 17:00,0,,2,6d 1h,NewYork,NA,,NA,,1.13260,BREAK,2006.11.01 15:00,0,,0,,0,,0,NA,NewYork,BOUNCE,2006.11.03 00:00,NA,,B-ZO-BR,S-ZD-BR,B-ZF-BR,B-ZE-BR,S-ZO-BR,B-ZO-BR,B-ZF-BO,S-ZO-UN,B-ZF-BO,B-ZE-BR,S-ZB-UN,B-ZO-BO,B-ZF-BR,B-ZC-BO,S-ZF-UN,S-ZE-UN,B-ZO-BR,B-ZO-BR,S-ZO-UN,B-ZE-BR
78,2006.10.28 00:00,USDCAD,60,86400,SELL,ZB,1,1.13060,1.12110,950.0,1.12590,1.11770,820.0,86.316,49.47,480.0,224.2,1.12590,1.12110,1.11290,UNTOUCHED,,0,,0,,0,,0,NA,Other,NA,,NA,,1.13540,BOUNCE,2006.11.02 16:00,1,2006.11.07 16:00,0,,0,,1,5d 0h,NewYork,NA,,NA,,1.11630,UNTOUCHED,,0,,0,,0,,0,NA,Other,NA,,NA,,1.13070,BREAK,2006.11.01 10:00,0,,0,,0,,0,NA,London,BOUNCE,2006.11.03 15:00,NA,,S-ZC-BR,B-ZO-BR,S-ZD-BR,B-ZF-BR,B-ZE-BR,S-ZO-BR,B-ZO-BR,B-ZF-BO,S-ZO-UN,B-ZF-BO,B-ZO-BO,B-ZF-BR,B-ZC-BO,S-ZF-UN,S-ZE-UN,B-ZO-BR,B-ZO-BR,S-ZO-UN,B-ZE-BR,B-ZG-BO
79,2006.11.01 00:00,USDCAD,60,86400,BUY,ZO,0,1.12650,1.11760,890.0,1.12860,1.11990,870.0,97.753,25.84,660.0,210.0,1.12650,1.11990,1.13520,BOUNCE,2006.11.02 16:00,0,,0,,0,,0,NA,NewYork,NA,,NA,,1.11100,UNTOUCHED,,0,,0,,0,,0,NA,Other,NA,,NA,,1.13310,BREAK,2006.11.01 15:00,0,,0,,0,,0,NA,NewYork,BREAK,2006.11.15 16:00,BREAK,2006.11.21 17:00,1.11330,UNTOUCHED,,0,,0,,0,,0,NA,Other,NA,,NA,,S-ZB-UN,S-ZC-BR,B-ZO-BR,S-ZD-BR,B-ZF-BR,B-ZE-BR,S-ZO-BR,B-ZO-BR,B-ZF-BO,S-ZO-UN,B-ZF-BR,B-ZC-BO,S-ZF-UN,S-ZE-UN,B-ZO-BR,B-ZO-BR,S-ZO-UN,B-ZE-BR,B-ZG-BO,B-ZD-BO
80,2006.11.02 00:00,USDCAD,60,86400,BUY,ZF,1,1.12860,1.11990,870.0,1.13510,1.12080,1430.0,164.368,10.34,780.0,205.3,1.12860,1.12080,1.14290,BREAK,2006.11.17 12:00,0,,0,,0,,0,NA,London,BREAK,2006.11.22 05:00,BOUNCE,2006.12.19 21:00,1.11210,UNTOUCHED,,0,,0,,0,,0,NA,Other,NA,,NA,,1.13640,BOUNCE,2006.11.02 17:00,0,,0,,0,,0,NA,NewYork,NA,,NA,,1.11300,UNTOUCHED,,0,,0,,0,,0,NA,Other,NA,,NA,,B-ZO-BO,S-ZB-UN,S-ZC-BR,B-ZO-BR,S-ZD-BR,B-ZF-BR,B-ZE-BR,S-ZO-BR,B-ZO-BR,B-ZF-BO,B-ZC-BO,S-ZF-UN,S-ZE-UN,B-ZO-BR,B-ZO-BR,S-ZO-UN,B-ZE-BR,B-ZG-BO,B-ZD-BO,B-ZO-BO
81,2006.11.03 00:00,USDCAD,60,86400,BUY,ZC,1,1.13510,1.12080,1430.0,1.13720,1.13020,700.0,48.951,65.73,490.0,337.5,1.13510,1.13020,1.14210,BOUNCE,2006.11.15 16:00,1,2006.11.24 13:00,0,,0,,1,1w 1d,NewYork,NA,,NA,,1.11590,UNTOUCHED,,0,,0,,0,,0,NA,Other,NA,,NA,,1.14000,BOUNCE,2006.11.14 13:00,0,,0,,0,,0,NA,NewYork,NA,,NA,,1.12530,UNTOUCHED,,0,,0,,0,,0,NA,Other,NA,,NA,,B-ZF-BR,B-ZO-BO,S-ZB-UN,S-ZC-BR,B-ZO-BR,S-ZD-BR,B-ZF-BR,B-ZE-BR,S-ZO-BR,B-ZO-BR,S-ZF-UN,S-ZE-UN,B-ZO-BR,B-ZO-BR,S-ZO-UN,B-ZE-BR,B-ZG-BO,B-ZD-BO,B-ZO-BO,S-ZH-BO
82,2006.11.04 00:00,USDCAD,60,86400,SELL,ZF,0,1.13720,1.13020,700.0,1.13540,1.12740,800.0,114.286,25.71,520.0,165.2,1.13540,1.13020,1.12220,UNTOUCHED,,0,,0,,0,,0,NA,Other,NA,,NA,,1.14240,BOUNCE,2006.11.15 16:00,1,2006.11.24 13:00,0,,0,,1,1w 1d,NewYork,NA,,NA,,1.12500,UNTOUCHED,,0,,0,,0,,0,NA,Other,NA,,NA,,1.14060,BREAK,2006.11.15 16:00,0,,0,,0,,0,NA,NewYork,BREAK,2006.11.20 18:00,BREAK,2006.11.22 05:00,B-ZC-BO,B-ZF-BR,B-ZO-BO,S-ZB-UN,S-ZC-BR,B-ZO-BR,S-ZD-BR,B-ZF-BR,B-ZE-BR,S-ZO-BR,S-ZE-UN,B-ZO-BR,B-ZO-BR,S-ZO-UN,B-ZE-BR,B-ZG-BO,B-ZD-BO,B-ZO-BO,S-ZH-BO,S-ZG-UN
83,2006.11.08 00:00,USDCAD,60,86400,SELL,ZE,1,1.13630,1.12840,790.0,1.13050,1.12540,510.0,64.557,73.42,210.0,186.4,1.13050,1.12840,1.12330,UNTOUCHED,,0,,0,,0,,0,NA,Other,NA,,NA,,1.13840,BOUNCE,2006.11.13 20:00,1,2006.11.14 17:00,0,,0,,1,21h,NewYork,NA,,NA,,1.12630,UNTOUCHED,,0,,0,,0,,0,NA,Other,NA,,NA,,1.13260,BOUNCE,2006.11.09 16:00,0,,0,,0,,0,NA,NewYork,NA,,NA,,S-ZF-UN,B-ZC-BO,B-ZF-BR,B-ZO-BO,S-ZB-UN,S-ZC-BR,B-ZO-BR,S-ZD-BR,B-ZF-BR,B-ZE-BR,B-ZO-BR,B-ZO-BR,S-ZO-UN,B-ZE-BR,B-ZG-BO,B-ZD-BO,B-ZO-BO,S-ZH-BO,S-ZG-UN,B-ZF-BO
84,2006.11.09 00:00,USDCAD,60,86400,BUY,ZO,0,1.13050,1.12540,510.0,1.13240,1.12640,600.0,117.647,19.61,410.0,120.4,1.13050,1.12640,1.13650,BREAK,2006.11.13 16:00,0,,0,,0,,0,NA,NewYork,BREAK,2006.11.15 16:00,BREAK,2006.11.17 15:00,1.12130,UNTOUCHED,,0,,0,,0,,0,NA,Other,NA,,NA,,1.13460,BREAK,2006.11.13 15:00,0,,0,,0,,0,NA,NewYork,BREAK,2006.11.14 13:00,BREAK,2006.11.17 12:00,1.12230,UNTOUCHED,,0,,0,,0,,0,NA,Other,NA,,NA,,S-ZE-UN,S-ZF-UN,B-ZC-BO,B-ZF-BR,B-ZO-BO,S-ZB-UN,S-ZC-BR,B-ZO-BR,S-ZD-BR,B-ZF-BR,B-ZO-BR,S-ZO-UN,B-ZE-BR,B-ZG-BO,B-ZD-BO,B-ZO-BO,S-ZH-BO,S-ZG-UN,B-ZF-BO,B-ZD-BO
85,2006.11.10 00:00,USDCAD,60,86400,BUY,ZO,0,1.13240,1.12640,600.0,1.13310,1.12820,490.0,81.667,30.00,420.0,141.6,1.13240,1.12820,1.13730,BREAK,2006.11.13 18:00,0,,0,,0,,0,NA,NewYork,BOUNCE,2006.11.16 04:00,NA,,1.12220,UNTOUCHED,,0,,0,,0,,0,NA,Other,NA,,NA,,1.13660,BREAK,2006.11.13 16:00,0,,0,,0,,0,NA,NewYork,BREAK,2006.11.15 16:00,BREAK,2006.11.17 15:00,1.12400,UNTOUCHED,,0,,0,,0,,0,NA,Other,NA,,NA,,B-ZO-BR,S-ZE-UN,S-ZF-UN,B-ZC-BO,B-ZF-BR,B-ZO-BO,S-ZB-UN,S-ZC-BR,B-ZO-BR,S-ZD-BR,S-ZO-UN,B-ZE-BR,B-ZG-BO,B-ZD-BO,B-ZO-BO,S-ZH-BO,S-ZG-UN,B-ZF-BO,B-ZD-BO,B-ZF-BR
86,2006.11.11 00:00,USDCAD,60,86400,SELL,ZO,0,1.13310,1.12820,490.0,1.13220,1.12640,580.0,118.367,18.37,400.0,115.6,1.13220,1.12820,1.12240,UNTOUCHED,,0,,0,,0,,0,NA,Other,NA,,NA,,1.13710,BREAK,2006.11.13 16:00,0,,0,,0,,0,NA,NewYork,BREAK,2006.11.15 16:00,BREAK,2006.11.17 15:00,1.12420,UNTOUCHED,,0,,0,,0,,0,NA,Other,NA,,NA,,1.13620,BREAK,2006.11.13 16:00,0,,0,,0,,0,NA,NewYork,BOUNCE,2006.11.14 17:00,NA,,B-ZO-BR,B-ZO-BR,S-ZE-UN,S-ZF-UN,B-ZC-BO,B-ZF-BR,B-ZO-BO,S-ZB-UN,S-ZC-BR,B-ZO-BR,B-ZE-BR,B-ZG-BO,B-ZD-BO,B-ZO-BO,S-ZH-BO,S-ZG-UN,B-ZF-BO,B-ZD-BO,B-ZF-BR,S-ZE-UN
87,2006.11.15 00:00,USDCAD,60,86400,BUY,ZE,1,1.13950,1.13020,930.0,1.14020,1.13420,600.0,64.516,43.01,530.0,219.5,1.13950,1.13420,1.14550,BREAK,2006.11.17 14:00,0,,0,,0,,0,NA,NewYork,BREAK,2006.11.22 05:00,BREAK,2006.12.15 18:00,1.12490,UNTOUCHED,,0,,0,,0,,0,NA,Other,NA,,NA,,1.14480,BREAK,2006.11.17 12:00,0,,0,,0,,0,NA,London,BREAK,2006.11.22 05:00,BOUNCE,2006.12.13 11:00,1.12890,BOUNCE,2006.11.28 16:00,1,2006.12.01 17:00,1,2006.12.01 17:00,0,,2,3d 1h,NewYork,NA,,NA,,S-ZO-UN,B-ZO-BR,B-ZO-BR,S-ZE-UN,S-ZF-UN,B-ZC-BO,B-ZF-BR,B-ZO-BO,S-ZB-UN,S-ZC-BR,B-ZG-BO,B-ZD-BO,B-ZO-BO,S-ZH-BO,S-ZG-UN,B-ZF-BO,B-ZD-BO,B-ZF-BR,S-ZE-UN,B-ZH-BO
88,2006.11.16 00:00,USDCAD,60,86400,BUY,ZG,0,1.14020,1.13420,600.0,1.14260,1.13580,680.0,113.333,26.67,440.0,141.6,1.14020,1.13580,1.14700,BOUNCE,2006.11.17 15:00,1,2006.11.22 16:00,1,2006.11.24 13:00,1,2006.11.28 12:00,3,1w 3d,NewYork,NA,,NA,,1.12980,BOUNCE,2006.11.28 12:00,1,2006.11.29 16:00,1,2006.12.01 17:00,1,2006.12.04 18:00,3,6d 6h,London,NA,,NA,,1.14460,BREAK,2006.11.17 12:00,0,,0,,0,,0,NA,London,BOUNCE,2006.11.21 22:00,NA,,1.13140,BOUNCE,2006.11.24 13:00,1,2006.12.01 17:00,1,2006.12.01 17:00,0,,2,1w 0d,NewYork,NA,,NA,,B-ZE-BR,S-ZO-UN,B-ZO-BR,B-ZO-BR,S-ZE-UN,S-ZF-UN,B-ZC-BO,B-ZF-BR,B-ZO-BO,S-ZB-UN,B-ZD-BO,B-ZO-BO,S-ZH-BO,S-ZG-UN,B-ZF-BO,B-ZD-BO,B-ZF-BR,S-ZE-UN,B-ZH-BO,B-ZB-BR
89,2006.11.18 00:00,USDCAD,60,86400,BUY,ZD,1,1.14210,1.13640,570.0,1.14730,1.14030,700.0,122.807,68.42,180.0,134.5,1.14210,1.14030,1.14910,BOUNCE,2006.11.21 18:00,1,2006.11.21 20:00,1,2006.11.22 16:00,1,2006.11.24 13:00,3,2d 19h,NewYork,NA,,NA,,1.13460,BREAK,2006.11.24 13:00,0,,0,,0,,0,NA,NewYork,BREAK,2006.11.24 16:00,BOUNCE,2006.11.27 18:00,1.14390,BREAK,2006.11.18 00:00,0,,0,,0,,0,NA,Asia,BOUNCE,2006.11.20 09:00,NA,,1.13850,BOUNCE,2006.11.22 16:00,1,2006.12.01 15:00,1,2006.12.01 15:00,0,,2,1w 1d,NewYork,NA,,NA,,B-ZG-BO,B-ZE-BR,S-ZO-UN,B-ZO-BR,B-ZO-BR,S-ZE-UN,S-ZF-UN,B-ZC-BO,B-ZF-BR,B-ZO-BO,B-ZO-BO,S-ZH-BO,S-ZG-UN,B-ZF-BO,B-ZD-BO,B-ZF-BR,S-ZE-UN,B-ZH-BO,B-ZB-BR,B-ZB-BR
90,2006.11.22 00:00,USDCAD,60,86400,BUY,ZO,0,1.14830,1.14200,630.0,1.14920,1.14420,500.0,79.365,34.92,410.0,148.7,1.14830,1.14420,1.15330,BOUNCE,2006.11.22 05:00,1,2006.11.22 06:00,1,2006.11.22 15:00,1,2006.11.22 16:00,3,11h,Asia,NA,,NA,,1.13790,BOUNCE,2006.11.22 16:00,1,2006.12.01 18:00,1,2006.12.12 13:00,1,2006.12.12 16:00,3,2w 6d,NewYork,NA,,NA,,1.15240,BREAK,2006.11.22 05:00,0,,0,,0,,0,NA,Asia,BREAK,2006.12.15 17:00,BREAK,2006.12.26 21:00,1.14010,BREAK,2006.11.22 15:00,0,,0,,0,,0,NA,NewYork,BOUNCE,2006.11.24 11:00,NA,,B-ZD-BO,B-ZG-BO,B-ZE-BR,S-ZO-UN,B-ZO-BR,B-ZO-BR,S-ZE-UN,S-ZF-UN,B-ZC-BO,B-ZF-BR,S-ZH-BO,S-ZG-UN,B-ZF-BO,B-ZD-BO,B-ZF-BR,S-ZE-UN,B-ZH-BO,B-ZB-BR,B-ZB-BR,B-ZD-BR
91,2006.11.28 00:00,USDCAD,60,86400,SELL,ZH,1,1.13560,1.13350,210.0,1.13490,1.13010,480.0,228.571,33.33,140.0,49.6,1.13490,1.13350,1.12870,BOUNCE,2006.11.28 16:00,1,2006.11.28 18:00,1,2006.11.29 14:00,1,2006.11.29 14:00,3,22h,NewYork,NA,,NA,,1.13700,BREAK,2006.11.29 14:00,0,,0,,0,,0,NA,NewYork,BOUNCE,2006.11.29 16:00,NA,,1.13210,BREAK,2006.11.28 00:00,0,,0,,0,,0,NA,Asia,BREAK,2006.11.28 12:00,BOUNCE,2006.11.28 14:00,1.13630,BREAK,2006.11.29 14:00,0,,0,,0,,0,NA,NewYork,BREAK,2006.11.29 15:00,BOUNCE,2006.11.30 01:00,B-ZO-BO,B-ZD-BO,B-ZG-BO,B-ZE-BR,S-ZO-UN,B-ZO-BR,B-ZO-BR,S-ZE-UN,S-ZF-UN,B-ZC-BO,S-ZG-UN,B-ZF-BO,B-ZD-BO,B-ZF-BR,S-ZE-UN,B-ZH-BO,B-ZB-BR,B-ZB-BR,B-ZD-BR,S-ZG-BR
92,2006.11.29 00:00,USDCAD,60,86400,SELL,ZG,0,1.13490,1.13010,480.0,1.13340,1.12850,490.0,102.083,31.25,330.0,113.3,1.13340,1.13010,1.12520,UNTOUCHED,,0,,0,,0,,0,NA,Other,NA,,NA,,1.13820,BOUNCE,2006.11.29 15:00,0,,0,,0,,0,NA,NewYork,NA,,NA,,1.12680,UNTOUCHED,,0,,0,,0,,0,NA,Other,NA,,NA,,1.13670,BREAK,2006.11.29 14:00,0,,0,,0,,0,NA,NewYork,BREAK,2006.11.30 16:00,BOUNCE,2006.12.01 15:00,S-ZH-BO,B-ZO-BO,B-ZD-BO,B-ZG-BO,B-ZE-BR,S-ZO-UN,B-ZO-BR,B-ZO-BR,S-ZE-UN,S-ZF-UN,B-ZF-BO,B-ZD-BO,B-ZF-BR,S-ZE-UN,B-ZH-BO,B-ZB-BR,B-ZB-BR,B-ZD-BR,S-ZG-BR,S-ZB-UN
93,2006.11.30 00:00,USDCAD,60,86400,BUY,ZF,1,1.13340,1.12850,490.0,1.13870,1.12930,940.0,191.837,16.33,410.0,115.6,1.13340,1.12930,1.14280,BOUNCE,2006.11.30 16:00,0,,0,,0,,0,NA,NewYork,NA,,NA,,1.12440,UNTOUCHED,,0,,0,,0,,0,NA,Other,NA,,NA,,1.13750,BREAK,2006.11.30 00:00,0,,0,,0,,0,NA,Asia,BREAK,2006.11.30 16:00,BOUNCE,2006.12.01 18:00,1.12520,UNTOUCHED,,0,,0,,0,,0,NA,Other,NA,,NA,,S-ZG-UN,S-ZH-BO,B-ZO-BO,B-ZD-BO,B-ZG-BO,B-ZE-BR,S-ZO-UN,B-ZO-BR,B-ZO-BR,S-ZE-UN,B-ZD-BO,B-ZF-BR,S-ZE-UN,B-ZH-BO,B-ZB-BR,B-ZB-BR,B-ZD-BR,S-ZG-BR,S-ZB-UN,B-ZF-BR
94,2006.12.01 00:00,USDCAD,60,86400,BUY,ZD,1,1.13870,1.12930,940.0,1.14350,1.13650,700.0,74.468,76.60,220.0,221.8,1.13870,1.13650,1.14570,BOUNCE,2006.12.01 18:00,1,2006.12.04 22:00,0,,0,,1,3d 4h,NewYork,NA,,NA,,1.12710,UNTOUCHED,,0,,0,,0,,0,NA,Other,NA,,NA,,1.14090,BOUNCE,2006.12.01 00:00,0,,0,,0,,0,NA,Asia,NA,,NA,,1.13430,UNTOUCHED,,0,,0,,0,,0,NA,Other,NA,,NA,,B-ZF-BO,S-ZG-UN,S-ZH-BO,B-ZO-BO,B-ZD-BO,B-ZG-BO,B-ZE-BR,S-ZO-UN,B-ZO-BR,B-ZO-BR,B-ZF-BR,S-ZE-UN,B-ZH-BO,B-ZB-BR,B-ZB-BR,B-ZD-BR,S-ZG-BR,S-ZB-UN,B-ZF-BR,B-ZB-BO
95,2006.12.02 00:00,USDCAD,60,86400,BUY,ZF,0,1.14350,1.13650,700.0,1.14640,1.13690,950.0,135.714,5.71,660.0,165.2,1.14350,1.13690,1.15300,BREAK,2006.12.12 16:00,0,,0,,0,,0,NA,NewYork,BREAK,2006.12.26 21:00,BREAK,2007.01.03 13:00,1.12990,UNTOUCHED,,0,,0,,0,,0,NA,Other,NA,,NA,,1.15010,BREAK,2006.12.07 15:00,0,,0,,0,,0,NA,NewYork,BREAK,2006.12.15 18:00,BREAK,2006.12.29 18:00,1.13030,UNTOUCHED,,0,,0,,0,,0,NA,Other,NA,,NA,,B-ZD-BO,B-ZF-BO,S-ZG-UN,S-ZH-BO,B-ZO-BO,B-ZD-BO,B-ZG-BO,B-ZE-BR,S-ZO-UN,B-ZO-BR,S-ZE-UN,B-ZH-BO,B-ZB-BR,B-ZB-BR,B-ZD-BR,S-ZG-BR,S-ZB-UN,B-ZF-BR,B-ZB-BO,B-ZE-BO
96,2006.12.06 00:00,USDCAD,60,86400,SELL,ZE,1,1.14750,1.13960,790.0,1.14310,1.13750,560.0,70.886,55.70,350.0,186.4,1.14310,1.13960,1.13400,UNTOUCHED,,0,,0,,0,,0,NA,Other,NA,,NA,,1.15100,BOUNCE,2006.12.08 13:00,1,2006.12.20 16:00,0,,0,,1,1w 5d,NewYork,NA,,NA,,1.13610,UNTOUCHED,,0,,0,,0,,0,NA,Other,NA,,NA,,1.14660,BREAK,2006.12.06 18:00,0,,0,,0,,0,NA,NewYork,BOUNCE,2006.12.08 18:00,NA,,B-ZF-BR,B-ZD-BO,B-ZF-BO,S-ZG-UN,S-ZH-BO,B-ZO-BO,B-ZD-BO,B-ZG-BO,B-ZE-BR,S-ZO-UN,B-ZH-BO,B-ZB-BR,B-ZB-BR,B-ZD-BR,S-ZG-BR,S-ZB-UN,B-ZF-BR,B-ZB-BO,B-ZE-BO,S-ZC-UN
97,2006.12.07 00:00,USDCAD,60,86400,BUY,ZH,1,1.14310,1.13750,560.0,1.14850,1.13930,920.0,164.286,32.14,380.0,132.2,1.14310,1.13930,1.15230,BOUNCE,2006.12.12 13:00,1,2006.12.20 16:00,0,,0,,1,1w 1d,NewYork,NA,,NA,,1.13370,UNTOUCHED,,0,,0,,0,,0,NA,Other,NA,,NA,,1.14690,BREAK,2006.12.07 00:00,0,,0,,0,,0,NA,Asia,BOUNCE,2006.12.08 18:00,NA,,1.13550,UNTOUCHED,,0,,0,,0,,0,NA,Other,NA,,NA,,S-ZE-UN,B-ZF-BR,B-ZD-BO,B-ZF-BO,S-ZG-UN,S-ZH-BO,B-ZO-BO,B-ZD-BO,B-ZG-BO,B-ZE-BR,B-ZB-BR,B-ZB-BR,B-ZD-BR,S-ZG-BR,S-ZB-UN,B-ZF-BR,B-ZB-BO,B-ZE-BO,S-ZC-UN,B-ZF-BR
98,2006.12.08 00:00,USDCAD,60,86400,BUY,ZB,1,1.14850,1.13930,920.0,1.15010,1.14570,440.0,47.826,69.57,280.0,217.1,1.14850,1.14570,1.15290,BREAK,2006.12.12 16:00,0,,0,,0,,0,NA,NewYork,BOUNCE,2006.12.15 11:00,NA,,1.13650,UNTOUCHED,,0,,0,,0,,0,NA,Other,NA,,NA,,1.15130,BOUNCE,2006.12.08 16:00,0,,0,,0,,0,NA,NewYork,NA,,NA,,1.14290,UNTOUCHED,,0,,0,,0,,0,NA,Other,NA,,NA,,B-ZH-BO,S-ZE-UN,B-ZF-BR,B-ZD-BO,B-ZF-BO,S-ZG-UN,S-ZH-BO,B-ZO-BO,B-ZD-BO,B-ZG-BO,B-ZB-BR,B-ZD-BR,S-ZG-BR,S-ZB-UN,B-ZF-BR,B-ZB-BO,B-ZE-BO,S-ZC-UN,B-ZF-BR,S-ZH-UN
99,2006.12.14 00:00,USDCAD,60,86400,BUY,ZB,1,1.15540,1.14510,1030.0,1.15710,1.14960,750.0,72.816,43.69,580.0,243.1,1.15540,1.14960,1.16290,BREAK,2006.12.27 15:00,0,,0,,0,,0,NA,NewYork,BREAK,2007.01.03 20:00,BREAK,2007.01.04 19:00,1.13930,UNTOUCHED,,0,,0,,0,,0,NA,Other,NA,,NA,,1.16120,BREAK,2006.12.26 21:00,0,,0,,0,,0,NA,Other,BREAK,2007.01.03 13:00,BREAK,2007.01.04 17:00,1.14380,BOUNCE,2006.12.20 16:00,1,2006.12.26 21:00,1,2006.12.26 21:00,0,,2,6d 5h,NewYork,NA,,NA,,B-ZB-BR,B-ZH-BO,S-ZE-UN,B-ZF-BR,B-ZD-BO,B-ZF-BO,S-ZG-UN,S-ZH-BO,B-ZO-BO,B-ZD-BO,B-ZD-BR,S-ZG-BR,S-ZB-UN,B-ZF-BR,B-ZB-BO,B-ZE-BO,S-ZC-UN,B-ZF-BR,S-ZH-UN,B-ZF-BR
100,2006.12.15 00:00,USDCAD,60,86400,BUY,ZD,1,1.15710,1.14960,750.0,1.15770,1.15350,420.0,56.000,52.00,360.0,177.0,1.15710,1.15350,1.16130,BREAK,2006.12.26 21:00,0,,0,,0,,0,NA,Other,BREAK,2006.12.29 20:00,BREAK,2007.01.03 18:00,1.14600,BREAK,2006.12.20 16:00,0,,0,,0,,0,NA,NewYork,UNTOUCHED,,NA,,1.16070,BREAK,2006.12.26 20:00,0,,0,,0,,0,NA,NewYork,BREAK,2006.12.29 20:00,BREAK,2007.01.03 15:00,1.14990,BOUNCE,2006.12.20 12:00,1,2006.12.26 20:00,1,2006.12.26 20:00,0,,2,6d 8h,London,NA,,NA,,B-ZB-BR,B-ZB-BR,B-ZH-BO,S-ZE-UN,B-ZF-BR,B-ZD-BO,B-ZF-BO,S-ZG-UN,S-ZH-BO,B-ZO-BO,S-ZG-BR,S-ZB-UN,B-ZF-BR,B-ZB-BO,B-ZE-BO,S-ZC-UN,B-ZF-BR,S-ZH-UN,B-ZF-BR,B-ZO-BO
101,2006.12.20 00:00,USDCAD,60,86400,SELL,ZG,0,1.15840,1.15300,540.0,1.15770,1.15070,700.0,129.630,12.96,470.0,127.4,1.15770,1.15300,1.14600,BREAK,2006.12.20 16:00,0,,0,,0,,0,NA,NewYork,UNTOUCHED,,NA,,1.16310,BOUNCE,2006.12.27 15:00,0,,0,,0,,0,NA,NewYork,NA,,NA,,1.14830,BREAK,2006.12.20 15:00,0,,0,,0,,0,NA,NewYork,BOUNCE,2006.12.20 19:00,NA,,1.16240,BREAK,2006.12.26 21:00,0,,0,,0,,0,NA,Other,BREAK,2007.01.03 13:00,BREAK,2007.01.04 00:00,B-ZD-BR,B-ZB-BR,B-ZB-BR,B-ZH-BO,S-ZE-UN,B-ZF-BR,B-ZD-BO,B-ZF-BO,S-ZG-UN,S-ZH-BO,S-ZB-UN,B-ZF-BR,B-ZB-BO,B-ZE-BO,S-ZC-UN,B-ZF-BR,S-ZH-UN,B-ZF-BR,B-ZO-BO,B-ZH-BO
102,2006.12.21 00:00,USDCAD,60,86400,SELL,ZB,1,1.15770,1.15070,700.0,1.15360,1.14290,1070.0,152.857,58.57,290.0,165.2,1.15360,1.15070,1.14000,UNTOUCHED,,0,,0,,0,,0,NA,Other,NA,,NA,,1.16060,BREAK,2006.12.26 20:00,0,,0,,0,,0,NA,NewYork,BOUNCE,2006.12.27 19:00,NA,,1.14780,BREAK,2006.12.21 02:00,0,,0,,0,,0,NA,Asia,UNTOUCHED,,NA,,1.15650,BREAK,2006.12.22 18:00,0,,0,,0,,0,NA,NewYork,BREAK,2006.12.26 21:00,BOUNCE,2006.12.28 14:00,S-ZG-BR,B-ZD-BR,B-ZB-BR,B-ZB-BR,B-ZH-BO,S-ZE-UN,B-ZF-BR,B-ZD-BO,B-ZF-BO,S-ZG-UN,B-ZF-BR,B-ZB-BO,B-ZE-BO,S-ZC-UN,B-ZF-BR,S-ZH-UN,B-ZF-BR,B-ZO-BO,B-ZH-BO,B-ZG-BR
103,2006.12.22 00:00,USDCAD,60,86400,BUY,ZF,0,1.15360,1.14290,1070.0,1.15620,1.14540,1080.0,100.935,23.36,820.0,252.5,1.15360,1.14540,1.16440,BREAK,2006.12.29 18:00,0,,0,,0,,0,NA,NewYork,BREAK,2007.01.04 17:00,BREAK,2007.01.22 21:00,1.13470,UNTOUCHED,,0,,0,,0,,0,NA,Other,NA,,NA,,1.16180,BREAK,2006.12.26 21:00,0,,0,,0,,0,NA,Other,BREAK,2007.01.03 23:00,BOUNCE,2007.01.11 12:00,1.13720,UNTOUCHED,,0,,0,,0,,0,NA,Other,NA,,NA,,S-ZB-UN,S-ZG-BR,B-ZD-BR,B-ZB-BR,B-ZB-BR,B-ZH-BO,S-ZE-UN,B-ZF-BR,B-ZD-BO,B-ZF-BO,B-ZB-BO,B-ZE-BO,S-ZC-UN,B-ZF-BR,S-ZH-UN,B-ZF-BR,B-ZO-BO,B-ZH-BO,B-ZG-BR,S-ZF-PE
104,2006.12.23 00:00,USDCAD,60,86400,BUY,ZB,1,1.15620,1.14540,1080.0,1.15860,1.15180,680.0,62.963,59.26,440.0,254.9,1.15620,1.15180,1.16300,BOUNCE,2006.12.27 15:00,0,,0,,0,,0,NA,NewYork,NA,,NA,,1.14100,UNTOUCHED,,0,,0,,0,,0,NA,Other,NA,,NA,,1.16060,BREAK,2006.12.26 20:00,0,,0,,0,,0,NA,NewYork,BREAK,2007.01.03 12:00,BREAK,2007.01.03 23:00,1.14740,UNTOUCHED,,0,,0,,0,,0,NA,Other,NA,,NA,,B-ZF-BR,S-ZB-UN,S-ZG-BR,B-ZD-BR,B-ZB-BR,B-ZB-BR,B-ZH-BO,S-ZE-UN,B-ZF-BR,B-ZD-BO,B-ZE-BO,S-ZC-UN,B-ZF-BR,S-ZH-UN,B-ZF-BR,B-ZO-BO,B-ZH-BO,B-ZG-BR,S-ZF-PE,S-ZG-BR
105,2006.12.28 00:00,USDCAD,60,86400,BUY,ZE,1,1.16240,1.15700,540.0,1.16370,1.15980,390.0,72.222,51.85,260.0,127.4,1.16240,1.15980,1.16630,BOUNCE,2006.12.29 20:00,0,,0,,0,,0,NA,NewYork,NA,,NA,,1.15440,UNTOUCHED,,0,,0,,0,,0,NA,Other,NA,,NA,,1.16500,BOUNCE,2006.12.29 18:00,0,,0,,0,,0,NA,NewYork,NA,,NA,,1.15720,UNTOUCHED,,0,,0,,0,,0,NA,Other,NA,,NA,,B-ZB-BO,B-ZF-BR,S-ZB-UN,S-ZG-BR,B-ZD-BR,B-ZB-BR,B-ZB-BR,B-ZH-BO,S-ZE-UN,B-ZF-BR,S-ZC-UN,B-ZF-BR,S-ZH-UN,B-ZF-BR,B-ZO-BO,B-ZH-BO,B-ZG-BR,S-ZF-PE,S-ZG-BR,B-ZE-UN
106,2006.12.29 00:00,USDCAD,60,86400,SELL,ZC,1,1.16370,1.15980,390.0,1.16200,1.15760,440.0,112.821,43.59,220.0,92.0,1.16200,1.15980,1.15540,UNTOUCHED,,0,,0,,0,,0,NA,Other,NA,,NA,,1.16590,BOUNCE,2006.12.29 20:00,0,,0,,0,,0,NA,NewYork,NA,,NA,,1.15760,UNTOUCHED,,0,,0,,0,,0,NA,Other,NA,,NA,,1.16420,BREAK,2006.12.29 18:00,0,,0,,0,,0,NA,NewYork,BOUNCE,2006.12.29 20:00,NA,,B-ZE-BO,B-ZB-BO,B-ZF-BR,S-ZB-UN,S-ZG-BR,B-ZD-BR,B-ZB-BR,B-ZB-BR,B-ZH-BO,S-ZE-UN,B-ZF-BR,S-ZH-UN,B-ZF-BR,B-ZO-BO,B-ZH-BO,B-ZG-BR,S-ZF-PE,S-ZG-BR,B-ZE-UN,S-ZO-BO
107,2006.12.30 00:00,USDCAD,60,86400,BUY,ZF,1,1.16200,1.15760,440.0,1.16670,1.15810,860.0,195.455,11.36,390.0,103.8,1.16200,1.15810,1.17060,BREAK,2007.01.03 18:00,0,,0,,0,,0,NA,NewYork,BREAK,2007.01.04 17:00,BOUNCE,2007.01.05 15:00,1.15370,UNTOUCHED,,0,,0,,0,,0,NA,Other,NA,,NA,,1.16590,BREAK,2006.12.30 00:00,0,,0,,0,,0,NA,Asia,BREAK,2007.01.03 18:00,BREAK,2007.01.04 16:00,1.15420,UNTOUCHED,,0,,0,,0,,0,NA,Other,NA,,NA,,S-ZC-UN,B-ZE-BO,B-ZB-BO,B-ZF-BR,S-ZB-UN,S-ZG-BR,B-ZD-BR,B-ZB-BR,B-ZB-BR,B-ZH-BO,S-ZH-UN,B-ZF-BR,B-ZO-BO,B-ZH-BO,B-ZG-BR,S-ZF-PE,S-ZG-BR,B-ZE-UN,S-ZO-BO,S-ZO-BR
108,2007.01.03 00:00,USDCAD,60,86400,SELL,ZH,1,1.16630,1.16450,180.0,1.16570,1.16220,350.0,194.444,33.33,120.0,42.5,1.16570,1.16450,1.16100,UNTOUCHED,,0,,0,,0,,0,NA,Other,NA,,NA,,1.16750,BOUNCE,2007.01.03 12:00,1,2007.01.16 13:00,0,,0,,1,1w 6d,London,NA,,NA,,1.16330,BOUNCE,2007.01.03 00:00,1,2007.01.03 12:00,1,2007.01.03 12:00,0,,2,12h,Asia,NA,,NA,,1.16690,BREAK,2007.01.03 12:00,0,,0,,0,,0,NA,London,BREAK,2007.01.03 13:00,BREAK,2007.01.03 15:00,B-ZF-BR,S-ZC-UN,B-ZE-BO,B-ZB-BO,B-ZF-BR,S-ZB-UN,S-ZG-BR,B-ZD-BR,B-ZB-BR,B-ZB-BR,B-ZF-BR,B-ZO-BO,B-ZH-BO,B-ZG-BR,S-ZF-PE,S-ZG-BR,B-ZE-UN,S-ZO-BO,S-ZO-BR,B-ZE-UN
109,2007.01.04 00:00,USDCAD,60,86400,BUY,ZF,1,1.16570,1.16220,350.0,1.17300,1.16290,1010.0,288.571,20.00,280.0,82.6,1.16570,1.16290,1.17580,BREAK,2007.01.04 17:00,0,,0,,0,,0,NA,NewYork,BOUNCE,2007.01.05 15:00,NA,,1.15940,UNTOUCHED,,0,,0,,0,,0,NA,Other,NA,,NA,,1.16850,BREAK,2007.01.04 00:00,0,,0,,0,,0,NA,Asia,BREAK,2007.01.04 01:00,BREAK,2007.01.04 16:00,1.16010,UNTOUCHED,,0,,0,,0,,0,NA,Other,NA,,NA,,S-ZH-UN,B-ZF-BR,S-ZC-UN,B-ZE-BO,B-ZB-BO,B-ZF-BR,S-ZB-UN,S-ZG-BR,B-ZD-BR,B-ZB-BR,B-ZO-BO,B-ZH-BO,B-ZG-BR,S-ZF-PE,S-ZG-BR,B-ZE-UN,S-ZO-BO,S-ZO-BR,B-ZE-UN,S-ZE-BR
110,2007.01.06 00:00,USDCAD,60,86400,BUY,ZO,0,1.17750,1.17130,620.0,1.17860,1.17180,680.0,109.677,8.06,570.0,146.3,1.17750,1.17180,1.18430,BOUNCE,2007.01.23 15:00,1,2007.01.25 10:00,1,2007.02.13 23:00,1,2007.02.14 18:00,3,3w 1d,NewYork,NA,,NA,,1.16560,BOUNCE,2007.01.16 13:00,1,2007.01.16 22:00,1,2007.01.22 21:00,1,2007.01.23 15:00,3,1w 0d,NewYork,NA,,NA,,1.18320,BOUNCE,2007.01.22 21:00,1,2007.02.13 23:00,1,2007.02.14 18:00,0,,2,3w 1d,Other,NA,,NA,,1.16610,BREAK,2007.01.15 15:00,0,,0,,0,,0,NA,NewYork,BREAK,2007.02.23 16:00,BOUNCE,2007.03.23 19:00,B-ZF-BR,S-ZH-UN,B-ZF-BR,S-ZC-UN,B-ZE-BO,B-ZB-BO,B-ZF-BR,S-ZB-UN,S-ZG-BR,B-ZD-BR,B-ZH-BO,B-ZG-BR,S-ZF-PE,S-ZG-BR,B-ZE-UN,S-ZO-BO,S-ZO-BR,B-ZE-UN,S-ZE-BR,B-ZB-UN
111,2007.01.09 00:00,USDCAD,60,86400,BUY,ZH,1,1.17300,1.17180,120.0,1.17820,1.17200,620.0,516.667,16.67,100.0,28.3,1.17300,1.17200,1.17920,BOUNCE,2007.01.09 16:00,1,2007.01.09 20:00,1,2007.01.11 12:00,1,2007.01.11 12:00,3,1d 20h,NewYork,NA,,NA,,1.17080,BREAK,2007.01.11 12:00,0,,0,,0,,0,NA,London,BREAK,2007.01.11 13:00,BREAK,2007.01.12 20:00,1.17400,BREAK,2007.01.09 00:00,0,,0,,0,,0,NA,Asia,BOUNCE,2007.01.09 01:00,NA,,1.17100,BREAK,2007.01.11 12:00,0,,0,,0,,0,NA,London,BREAK,2007.01.11 13:00,BREAK,2007.01.12 20:00,B-ZO-BO,B-ZF-BR,S-ZH-UN,B-ZF-BR,S-ZC-UN,B-ZE-BO,B-ZB-BO,B-ZF-BR,S-ZB-UN,S-ZG-BR,B-ZG-BR,S-ZF-PE,S-ZG-BR,B-ZE-UN,S-ZO-BO,S-ZO-BR,B-ZE-UN,S-ZE-BR,B-ZB-UN,B-ZF-UN
112,2007.01.10 00:00,USDCAD,60,86400,BUY,ZG,0,1.17820,1.17200,620.0,1.17960,1.17270,690.0,111.290,11.29,550.0,146.3,1.17820,1.17270,1.18510,BREAK,2007.02.02 17:00,0,,0,,0,,0,NA,NewYork,UNTOUCHED,,NA,,1.16650,BREAK,2007.01.15 14:00,0,,0,,0,,0,NA,NewYork,BREAK,2007.02.21 21:00,BREAK,2007.03.21 21:00,1.18370,BOUNCE,2007.01.23 15:00,1,2007.02.13 21:00,1,2007.02.13 22:00,0,,2,3w 0d,NewYork,NA,,NA,,1.16720,BREAK,2007.01.15 14:00,0,,0,,0,,0,NA,NewYork,BREAK,2007.02.21 21:00,BREAK,2007.03.21 21:00,B-ZH-BO,B-ZO-BO,B-ZF-BR,S-ZH-UN,B-ZF-BR,S-ZC-UN,B-ZE-BO,B-ZB-BO,B-ZF-BR,S-ZB-UN,S-ZF-PE,S-ZG-BR,B-ZE-UN,S-ZO-BO,S-ZO-BR,B-ZE-UN,S-ZE-BR,B-ZB-UN,B-ZF-UN,B-ZO-UN
113,2007.01.13 00:00,USDCAD,60,86400,SELL,ZF,0,1.18020,1.16870,1150.0,1.17810,1.16830,980.0,85.217,18.26,940.0,271.4,1.17810,1.16870,1.15890,PENDING,2007.02.23 16:00,0,,0,,0,,0,NA,NewYork,NA,,NA,,1.18960,UNTOUCHED,,0,,0,,0,,0,NA,Other,NA,,NA,,1.15930,PENDING,2007.02.21 21:00,0,,0,,0,,0,NA,Other,NA,,NA,,1.18750,UNTOUCHED,,0,,0,,0,,0,NA,Other,NA,,NA,,B-ZG-BR,B-ZH-BO,B-ZO-BO,B-ZF-BR,S-ZH-UN,B-ZF-BR,S-ZC-UN,B-ZE-BO,B-ZB-BO,B-ZF-BR,S-ZG-BR,B-ZE-UN,S-ZO-BO,S-ZO-BR,B-ZE-UN,S-ZE-BR,B-ZB-UN,B-ZF-UN,B-ZO-UN,S-ZD-BO
114,2007.01.20 00:00,USDCAD,60,86400,SELL,ZG,0,1.17700,1.17110,590.0,1.17530,1.16970,560.0,94.915,28.81,420.0,139.2,1.17530,1.17110,1.16550,BREAK,2007.02.14 18:00,0,,0,,0,,0,NA,NewYork,BREAK,2007.02.21 21:00,BOUNCE,2007.02.27 10:00,1.18120,BREAK,2007.01.22 21:00,0,,0,,0,,0,NA,Other,BREAK,2007.02.02 17:00,UNTOUCHED,,1.16690,BREAK,2007.02.13 22:00,0,,0,,0,,0,NA,Other,BOUNCE,2007.02.15 13:00,NA,,1.17950,BREAK,2007.01.22 21:00,0,,0,,0,,0,NA,Other,BOUNCE,2007.01.23 22:00,NA,,S-ZF-PE,B-ZG-BR,B-ZH-BO,B-ZO-BO,B-ZF-BR,S-ZH-UN,B-ZF-BR,S-ZC-UN,B-ZE-BO,B-ZB-BO,B-ZE-UN,S-ZO-BO,S-ZO-BR,B-ZE-UN,S-ZE-BR,B-ZB-UN,B-ZF-UN,B-ZO-UN,S-ZD-BO,S-ZD-BR
115,2007.01.24 00:00,USDCAD,60,86400,BUY,ZE,1,1.18350,1.17100,1250.0,1.18490,1.17850,640.0,51.200,60.00,500.0,295.0,1.18350,1.17850,1.18990,UNTOUCHED,,0,,0,,0,,0,NA,Other,NA,,NA,,1.16600,BREAK,2007.02.13 23:00,0,,0,,0,,0,NA,Other,BREAK,2007.02.23 16:00,BOUNCE,2007.03.26 02:00,1.18850,UNTOUCHED,,0,,0,,0,,0,NA,Other,NA,,NA,,1.17350,BOUNCE,2007.01.25 10:00,0,,0,,0,,0,NA,London,NA,,NA,,S-ZG-BR,S-ZF-PE,B-ZG-BR,B-ZH-BO,B-ZO-BO,B-ZF-BR,S-ZH-UN,B-ZF-BR,S-ZC-UN,B-ZE-BO,S-ZO-BO,S-ZO-BR,B-ZE-UN,S-ZE-BR,B-ZB-UN,B-ZF-UN,B-ZO-UN,S-ZD-BO,S-ZD-BR,S-ZD-BR
116,2007.01.25 00:00,USDCAD,60,86400,SELL,ZO,0,1.18490,1.17850,640.0,1.18340,1.17620,720.0,112.500,23.44,490.0,151.0,1.18340,1.17850,1.17130,BOUNCE,2007.02.09 22:00,1,2007.03.05 13:00,0,,0,,1,3w 2d,Other,NA,,NA,,1.18980,UNTOUCHED,,0,,0,,0,,0,NA,Other,NA,,NA,,1.17360,BOUNCE,2007.01.25 10:00,0,,0,,0,,0,NA,London,NA,,NA,,1.18830,UNTOUCHED,,0,,0,,0,,0,NA,Other,NA,,NA,,B-ZE-UN,S-ZG-BR,S-ZF-PE,B-ZG-BR,B-ZH-BO,B-ZO-BO,B-ZF-BR,S-ZH-UN,B-ZF-BR,S-ZC-UN,S-ZO-BR,B-ZE-UN,S-ZE-BR,B-ZB-UN,B-ZF-UN,B-ZO-UN,S-ZD-BO,S-ZD-BR,S-ZD-BR,S-ZO-BR
117,2007.01.26 00:00,USDCAD,60,86400,SELL,ZO,0,1.18340,1.17620,720.0,1.18270,1.17290,980.0,136.111,9.72,650.0,169.9,1.18270,1.17620,1.16640,BREAK,2007.02.13 22:00,0,,0,,0,,0,NA,Other,BREAK,2007.02.23 16:00,BREAK,2007.03.30 18:00,1.18990,UNTOUCHED,,0,,0,,0,,0,NA,Other,NA,,NA,,1.16970,BREAK,2007.02.13 16:00,0,,0,,0,,0,NA,NewYork,BOUNCE,2007.02.20 19:00,NA,,1.18920,UNTOUCHED,,0,,0,,0,,0,NA,Other,NA,,NA,,S-ZO-BO,B-ZE-UN,S-ZG-BR,S-ZF-PE,B-ZG-BR,B-ZH-BO,B-ZO-BO,B-ZF-BR,S-ZH-UN,B-ZF-BR,B-ZE-UN,S-ZE-BR,B-ZB-UN,B-ZF-UN,B-ZO-UN,S-ZD-BO,S-ZD-BR,S-ZD-BR,S-ZO-BR,B-ZD-BO
118,2007.01.27 00:00,USDCAD,60,86400,BUY,ZE,1,1.18270,1.17290,980.0,1.18420,1.17800,620.0,63.265,52.04,470.0,231.3,1.18270,1.17800,1.18890,UNTOUCHED,,0,,0,,0,,0,NA,Other,NA,,NA,,1.16820,BOUNCE,2007.02.13 16:00,1,2007.03.05 03:00,0,,0,,1,2w 5d,NewYork,NA,,NA,,1.18740,UNTOUCHED,,0,,0,,0,,0,NA,Other,NA,,NA,,1.17330,BREAK,2007.02.09 19:00,0,,0,,0,,0,NA,NewYork,BREAK,2007.02.13 23:00,BOUNCE,2007.02.20 19:00,S-ZO-BR,S-ZO-BO,B-ZE-UN,S-ZG-BR,S-ZF-PE,B-ZG-BR,B-ZH-BO,B-ZO-BO,B-ZF-BR,S-ZH-UN,S-ZE-BR,B-ZB-UN,B-ZF-UN,B-ZO-UN,S-ZD-BO,S-ZD-BR,S-ZD-BR,S-ZO-BR,B-ZD-BO,B-ZF-BO
119,2007.02.02 00:00,USDCAD,60,86400,SELL,ZE,1,1.18420,1.17480,940.0,1.18010,1.17350,660.0,70.213,43.62,530.0,221.8,1.18010,1.17480,1.16820,BREAK,2007.02.13 16:00,0,,0,,0,,0,NA,NewYork,BOUNCE,2007.02.20 19:00,NA,,1.18950,UNTOUCHED,,0,,0,,0,,0,NA,Other,NA,,NA,,1.16950,BREAK,2007.02.13 16:00,0,,0,,0,,0,NA,NewYork,BREAK,2007.02.15 23:00,BREAK,2007.02.23 17:00,1.18540,BOUNCE,2007.02.02 17:00,1,2007.02.13 16:00,1,2007.02.13 16:00,0,,2,1w 3d,NewYork,NA,,NA,,B-ZE-UN,S-ZO-BR,S-ZO-BO,B-ZE-UN,S-ZG-BR,S-ZF-PE,B-ZG-BR,B-ZH-BO,B-ZO-BO,B-ZF-BR,B-ZB-UN,B-ZF-UN,B-ZO-UN,S-ZD-BO,S-ZD-BR,S-ZD-BR,S-ZO-BR,B-ZD-BO,B-ZF-BO,S-ZF-BO
120,2007.02.03 00:00,USDCAD,60,86400,BUY,ZB,1,1.18010,1.17350,660.0,1.18690,1.17760,930.0,140.909,62.12,250.0,155.8,1.18010,1.17760,1.18940,UNTOUCHED,,0,,0,,0,,0,NA,Other,NA,,NA,,1.17100,BOUNCE,2007.02.12 13:00,1,2007.02.12 20:00,0,,0,,1,7h,NewYork,NA,,NA,,1.18260,BREAK,2007.02.03 00:00,0,,0,,0,,0,NA,Asia,BOUNCE,2007.02.05 11:00,NA,,1.17510,BREAK,2007.02.09 16:00,0,,0,,0,,0,NA,NewYork,BREAK,2007.02.12 13:00,BREAK,2007.02.13 16:00,S-ZE-BR,B-ZE-UN,S-ZO-BR,S-ZO-BO,B-ZE-UN,S-ZG-BR,S-ZF-PE,B-ZG-BR,B-ZH-BO,B-ZO-BO,B-ZF-UN,B-ZO-UN,S-ZD-BO,S-ZD-BR,S-ZD-BR,S-ZO-BR,B-ZD-BO,B-ZF-BO,S-ZF-BO,S-ZC-BO
121,2007.02.08 00:00,USDCAD,60,86400,BUY,ZF,0,1.18420,1.18070,350.0,1.18550,1.18130,420.0,120.000,17.14,290.0,82.6,1.18420,1.18130,1.18840,UNTOUCHED,,0,,0,,0,,0,NA,Other,NA,,NA,,1.17780,BREAK,2007.02.09 15:00,0,,0,,0,,0,NA,NewYork,BREAK,2007.02.09 19:00,BREAK,2007.02.12 13:00,1.18710,BOUNCE,2007.02.08 17:00,1,2007.02.09 15:00,1,2007.02.09 15:00,0,,2,22h,NewYork,NA,,NA,,1.17840,BREAK,2007.02.09 15:00,0,,0,,0,,0,NA,NewYork,BREAK,2007.02.09 16:00,BREAK,2007.02.09 22:00,B-ZB-UN,S-ZE-BR,B-ZE-UN,S-ZO-BR,S-ZO-BO,B-ZE-UN,S-ZG-BR,S-ZF-PE,B-ZG-BR,B-ZH-BO,B-ZO-UN,S-ZD-BO,S-ZD-BR,S-ZD-BR,S-ZO-BR,B-ZD-BO,B-ZF-BO,S-ZF-BO,S-ZC-BO,S-ZF-BR
122,2007.02.09 00:00,USDCAD,60,86400,BUY,ZO,0,1.18550,1.18130,420.0,1.18740,1.18200,540.0,128.571,16.67,350.0,99.1,1.18550,1.18200,1.19090,UNTOUCHED,,0,,0,,0,,0,NA,Other,NA,,NA,,1.17780,BREAK,2007.02.09 15:00,0,,0,,0,,0,NA,NewYork,BREAK,2007.02.09 19:00,BOUNCE,2007.02.12 18:00,1.18900,UNTOUCHED,,0,,0,,0,,0,NA,Other,NA,,NA,,1.17850,BREAK,2007.02.09 15:00,0,,0,,0,,0,NA,NewYork,BREAK,2007.02.09 19:00,BOUNCE,2007.02.12 18:00,B-ZF-UN,B-ZB-UN,S-ZE-BR,B-ZE-UN,S-ZO-BR,S-ZO-BO,B-ZE-UN,S-ZG-BR,S-ZF-PE,B-ZG-BR,S-ZD-BO,S-ZD-BR,S-ZD-BR,S-ZO-BR,B-ZD-BO,B-ZF-BO,S-ZF-BO,S-ZC-BO,S-ZF-BR,B-ZD-BR
123,2007.02.10 00:00,USDCAD,60,86400,SELL,ZD,1,1.18740,1.18200,540.0,1.18470,1.17130,1340.0,248.148,50.00,270.0,127.4,1.18470,1.18200,1.16860,BOUNCE,2007.02.13 16:00,1,2007.03.01 16:00,0,,0,,1,2w 2d,NewYork,NA,,NA,,1.19010,UNTOUCHED,,0,,0,,0,,0,NA,Other,NA,,NA,,1.17930,BREAK,2007.02.10 00:00,0,,0,,0,,0,NA,Asia,BREAK,2007.02.12 02:00,BREAK,2007.02.12 10:00,1.18740,UNTOUCHED,,0,,0,,0,,0,NA,Other,NA,,NA,,B-ZO-UN,B-ZF-UN,B-ZB-UN,S-ZE-BR,B-ZE-UN,S-ZO-BR,S-ZO-BO,B-ZE-UN,S-ZG-BR,S-ZF-PE,S-ZD-BR,S-ZD-BR,S-ZO-BR,B-ZD-BO,B-ZF-BO,S-ZF-BO,S-ZC-BO,S-ZF-BR,B-ZD-BR,B-ZG-BO
124,2007.02.15 00:00,USDCAD,60,86400,SELL,ZD,1,1.17670,1.16590,1080.0,1.16870,1.16420,450.0,41.667,74.07,280.0,254.9,1.16870,1.16590,1.16140,BREAK,2007.02.21 17:00,0,,0,,0,,0,NA,NewYork,BOUNCE,2007.02.27 10:00,NA,,1.17950,BREAK,2007.03.05 13:00,0,,0,,0,,0,NA,NewYork,UNTOUCHED,,NA,,1.16310,BOUNCE,2007.02.15 07:00,1,2007.02.28 18:00,1,2007.03.05 13:00,0,,2,2w 4d,London,NA,,NA,,1.17150,BOUNCE,2007.02.28 18:00,1,2007.03.20 18:00,1,2007.03.20 18:00,0,,2,2w 6d,NewYork,NA,,NA,,S-ZD-BO,B-ZO-UN,B-ZF-UN,B-ZB-UN,S-ZE-BR,B-ZE-UN,S-ZO-BR,S-ZO-BO,B-ZE-UN,S-ZG-BR,S-ZD-BR,S-ZO-BR,B-ZD-BO,B-ZF-BO,S-ZF-BO,S-ZC-BO,S-ZF-BR,B-ZD-BR,B-ZG-BO,B-ZB-BO
125,2007.02.16 00:00,USDCAD,60,86400,SELL,ZD,1,1.16870,1.16420,450.0,1.16700,1.16190,510.0,113.333,37.78,280.0,106.2,1.16700,1.16420,1.15910,BREAK,2007.02.23 16:00,0,,0,,0,,0,NA,NewYork,BREAK,2007.03.21 21:00,BREAK,2007.03.30 14:00,1.17150,BREAK,2007.02.28 18:00,0,,0,,0,,0,NA,NewYork,BOUNCE,2007.03.01 19:00,NA,,1.16140,BREAK,2007.02.21 17:00,0,,0,,0,,0,NA,NewYork,BREAK,2007.02.23 16:00,BREAK,2007.03.21 21:00,1.16980,BOUNCE,2007.02.20 19:00,1,2007.02.21 17:00,1,2007.02.21 17:00,0,,2,22h,NewYork,NA,,NA,,S-ZD-BR,S-ZD-BO,B-ZO-UN,B-ZF-UN,B-ZB-UN,S-ZE-BR,B-ZE-UN,S-ZO-BR,S-ZO-BO,B-ZE-UN,S-ZO-BR,B-ZD-BO,B-ZF-BO,S-ZF-BO,S-ZC-BO,S-ZF-BR,B-ZD-BR,B-ZG-BO,B-ZB-BO,S-ZG-BR
126,2007.02.17 00:00,USDCAD,60,86400,SELL,ZO,0,1.16700,1.16190,510.0,1.16530,1.16180,350.0,68.627,33.33,340.0,120.4,1.16530,1.16190,1.15840,BREAK,2007.02.23 16:00,0,,0,,0,,0,NA,NewYork,BREAK,2007.03.21 21:00,BREAK,2007.03.30 19:00,1.17040,BOUNCE,2007.02.20 21:00,1,2007.02.21 17:00,1,2007.02.23 16:00,1,2007.02.23 16:00,3,2d 19h,Other,NA,,NA,,1.15850,BREAK,2007.02.23 16:00,0,,0,,0,,0,NA,NewYork,BREAK,2007.03.21 21:00,BREAK,2007.03.30 19:00,1.16870,BREAK,2007.02.20 19:00,0,,0,,0,,0,NA,NewYork,BREAK,2007.02.28 18:00,BREAK,2007.03.02 22:00,S-ZD-BR,S-ZD-BR,S-ZD-BO,B-ZO-UN,B-ZF-UN,B-ZB-UN,S-ZE-BR,B-ZE-UN,S-ZO-BR,S-ZO-BO,B-ZD-BO,B-ZF-BO,S-ZF-BO,S-ZC-BO,S-ZF-BR,B-ZD-BR,B-ZG-BO,B-ZB-BO,S-ZG-BR,B-ZD-UN
127,2007.02.20 00:00,USDCAD,60,86400,BUY,ZD,1,1.16350,1.16230,120.0,1.16590,1.16300,290.0,241.667,58.33,50.0,28.3,1.16350,1.16300,1.16640,BOUNCE,2007.02.20 16:00,1,2007.02.21 16:00,1,2007.02.21 17:00,1,2007.02.21 17:00,3,1d 1h,NewYork,NA,,NA,,1.16180,BREAK,2007.02.21 17:00,0,,0,,0,,0,NA,NewYork,BREAK,2007.02.21 18:00,BREAK,2007.02.21 19:00,1.16400,BREAK,2007.02.20 00:00,0,,0,,0,,0,NA,Asia,BREAK,2007.02.20 03:00,BOUNCE,2007.02.20 04:00,1.16250,BREAK,2007.02.21 17:00,0,,0,,0,,0,NA,NewYork,BREAK,2007.02.21 18:00,BREAK,2007.02.21 19:00,S-ZO-BR,S-ZD-BR,S-ZD-BR,S-ZD-BO,B-ZO-UN,B-ZF-UN,B-ZB-UN,S-ZE-BR,B-ZE-UN,S-ZO-BR,B-ZF-BO,S-ZF-BO,S-ZC-BO,S-ZF-BR,B-ZD-BR,B-ZG-BO,B-ZB-BO,S-ZG-BR,B-ZD-UN,S-ZF-BR
128,2007.02.21 00:00,USDCAD,60,86400,BUY,ZF,1,1.16590,1.16300,290.0,1.17140,1.16330,810.0,279.310,10.34,260.0,68.4,1.16590,1.16330,1.17400,BOUNCE,2007.03.01 16:00,1,2007.03.12 14:00,1,2007.03.20 21:00,1,2007.03.20 21:00,3,2w 5d,NewYork,NA,,NA,,1.16040,BOUNCE,2007.02.21 17:00,1,2007.02.27 19:00,1,2007.02.28 14:00,1,2007.03.01 16:00,3,1w 0d,NewYork,NA,,NA,,1.16850,BREAK,2007.02.21 00:00,0,,0,,0,,0,NA,Asia,BOUNCE,2007.02.21 12:00,NA,,1.16070,BOUNCE,2007.02.21 17:00,1,2007.02.28 14:00,1,2007.02.28 14:00,0,,2,6d 21h,NewYork,NA,,NA,,B-ZD-BO,S-ZO-BR,S-ZD-BR,S-ZD-BR,S-ZD-BO,B-ZO-UN,B-ZF-UN,B-ZB-UN,S-ZE-BR,B-ZE-UN,S-ZF-BO,S-ZC-BO,S-ZF-BR,B-ZD-BR,B-ZG-BO,B-ZB-BO,S-ZG-BR,B-ZD-UN,S-ZF-BR,B-ZD-UN
129,2007.02.22 00:00,USDCAD,60,86400,SELL,ZF,0,1.17140,1.16330,810.0,1.17110,1.15930,1180.0,145.679,3.70,780.0,191.2,1.17110,1.16330,1.15150,BOUNCE,2007.03.30 18:00,0,,0,,0,,0,NA,NewYork,NA,,NA,,1.17920,BREAK,2007.03.05 11:00,0,,0,,0,,0,NA,London,UNTOUCHED,,NA,,1.15550,BREAK,2007.03.21 21:00,0,,0,,0,,0,NA,Other,BREAK,2007.04.10 18:00,BREAK,2007.04.12 00:00,1.17890,BREAK,2007.03.05 10:00,0,,0,,0,,0,NA,London,UNTOUCHED,,NA,,B-ZF-BO,B-ZD-BO,S-ZO-BR,S-ZD-BR,S-ZD-BR,S-ZD-BO,B-ZO-UN,B-ZF-UN,B-ZB-UN,S-ZE-BR,S-ZC-BO,S-ZF-BR,B-ZD-BR,B-ZG-BO,B-ZB-BO,S-ZG-BR,B-ZD-UN,S-ZF-BR,B-ZD-UN,B-ZG-UN
130,2007.02.23 00:00,USDCAD,60,86400,SELL,ZC,1,1.17110,1.15930,1180.0,1.16310,1.15910,400.0,33.898,67.80,380.0,278.5,1.16310,1.15930,1.15530,BOUNCE,2007.03.21 21:00,1,2007.03.26 05:00,0,,0,,1,4d 8h,Other,NA,,NA,,1.17490,BREAK,2007.03.02 14:00,0,,0,,0,,0,NA,NewYork,BREAK,2007.03.05 13:00,UNTOUCHED,,1.15550,BOUNCE,2007.03.21 21:00,0,,0,,0,,0,NA,Other,NA,,NA,,1.16690,BREAK,2007.02.27 23:00,0,,0,,0,,0,NA,Other,BREAK,2007.02.28 18:00,BOUNCE,2007.03.01 19:00,S-ZF-BO,B-ZF-BO,B-ZD-BO,S-ZO-BR,S-ZD-BR,S-ZD-BR,S-ZD-BO,B-ZO-UN,B-ZF-UN,B-ZB-UN,S-ZF-BR,B-ZD-BR,B-ZG-BO,B-ZB-BO,S-ZG-BR,B-ZD-UN,S-ZF-BR,B-ZD-UN,B-ZG-UN,S-ZG-BR
131,2007.02.24 00:00,USDCAD,60,86400,SELL,ZF,1,1.16310,1.15910,400.0,1.16270,1.15630,640.0,160.000,10.00,360.0,94.4,1.16270,1.15910,1.15270,BREAK,2007.03.30 11:00,0,,0,,0,,0,NA,London,BOUNCE,2007.04.06 15:00,NA,,1.16670,BREAK,2007.02.27 23:00,0,,0,,0,,0,NA,Other,BREAK,2007.02.28 18:00,BREAK,2007.03.02 14:00,1.15550,BREAK,2007.03.21 21:00,0,,0,,0,,0,NA,Other,BREAK,2007.03.30 18:00,BREAK,2007.04.10 13:00,1.16630,BOUNCE,2007.02.27 19:00,1,2007.03.21 21:00,1,2007.03.21 21:00,0,,2,3w 1d,NewYork,NA,,NA,,S-ZC-BO,S-ZF-BO,B-ZF-BO,B-ZD-BO,S-ZO-BR,S-ZD-BR,S-ZD-BR,S-ZD-BO,B-ZO-UN,B-ZF-UN,B-ZD-BR,B-ZG-BO,B-ZB-BO,S-ZG-BR,B-ZD-UN,S-ZF-BR,B-ZD-UN,B-ZG-UN,S-ZG-BR,B-ZF-UN
132,2007.02.28 00:00,USDCAD,60,86400,BUY,ZD,1,1.16070,1.15730,340.0,1.16720,1.15870,850.0,250.000,41.18,200.0,80.2,1.16070,1.15870,1.16920,BREAK,2007.02.28 17:00,0,,0,,0,,0,NA,NewYork,BREAK,2007.02.28 18:00,BREAK,2007.03.01 16:00,1.15530,BREAK,2007.03.21 21:00,0,,0,,0,,0,NA,Other,BOUNCE,2007.03.30 11:00,NA,,1.16270,BREAK,2007.02.28 00:00,0,,0,,0,,0,NA,Asia,BREAK,2007.02.28 01:00,BREAK,2007.02.28 04:00,1.15670,BREAK,2007.03.21 21:00,0,,0,,0,,0,NA,Other,BOUNCE,2007.03.22 03:00,NA,,S-ZF-BR,S-ZC-BO,S-ZF-BO,B-ZF-BO,B-ZD-BO,S-ZO-BR,S-ZD-BR,S-ZD-BR,S-ZD-BO,B-ZO-UN,B-ZG-BO,B-ZB-BO,S-ZG-BR,B-ZD-UN,S-ZF-BR,B-ZD-UN,B-ZG-UN,S-ZG-BR,B-ZF-UN,S-ZF-BO
133,2007.03.02 00:00,USDCAD,60,86400,BUY,ZG,0,1.17360,1.16550,810.0,1.17470,1.16700,770.0,95.062,18.52,660.0,191.2,1.17360,1.16700,1.18130,BOUNCE,2007.03.05 13:00,1,2007.03.12 17:00,1,2007.03.20 21:00,1,2007.03.21 15:00,3,2w 2d,NewYork,NA,,NA,,1.15890,BREAK,2007.03.21 15:00,0,,0,,0,,0,NA,NewYork,BREAK,2007.03.30 19:00,BREAK,2007.04.11 14:00,1.18020,BREAK,2007.03.05 13:00,0,,0,,0,,0,NA,NewYork,UNTOUCHED,,NA,,1.16040,BREAK,2007.03.20 21:00,0,,0,,0,,0,NA,Other,BOUNCE,2007.03.23 19:00,NA,,B-ZD-BR,S-ZF-BR,S-ZC-BO,S-ZF-BO,B-ZF-BO,B-ZD-BO,S-ZO-BR,S-ZD-BR,S-ZD-BR,S-ZD-BO,B-ZB-BO,S-ZG-BR,B-ZD-UN,S-ZF-BR,B-ZD-UN,B-ZG-UN,S-ZG-BR,B-ZF-UN,S-ZF-BO,B-ZO-UN
134,2007.03.03 00:00,USDCAD,60,86400,BUY,ZB,1,1.17470,1.16700,770.0,1.17700,1.17050,650.0,84.416,45.45,420.0,181.7,1.17470,1.17050,1.18120,BOUNCE,2007.03.05 13:00,1,2007.03.06 18:00,1,2007.03.20 15:00,1,2007.03.20 18:00,3,2w 1d,NewYork,NA,,NA,,1.16280,BREAK,2007.03.20 18:00,0,,0,,0,,0,NA,NewYork,BREAK,2007.03.21 21:00,BOUNCE,2007.03.22 11:00,1.17890,BREAK,2007.03.05 10:00,0,,0,,0,,0,NA,London,UNTOUCHED,,NA,,1.16630,BREAK,2007.03.20 15:00,0,,0,,0,,0,NA,NewYork,BREAK,2007.03.20 22:00,BREAK,2007.03.21 21:00,B-ZG-BO,B-ZD-BR,S-ZF-BR,S-ZC-BO,S-ZF-BO,B-ZF-BO,B-ZD-BO,S-ZO-BR,S-ZD-BR,S-ZD-BR,S-ZG-BR,B-ZD-UN,S-ZF-BR,B-ZD-UN,B-ZG-UN,S-ZG-BR,B-ZF-UN,S-ZF-BO,B-ZO-UN,S-ZB-BR
135,2007.03.07 00:00,USDCAD,60,86400,SELL,ZG,0,1.18240,1.17540,700.0,1.18140,1.17280,860.0,122.857,14.29,600.0,165.2,1.18140,1.17540,1.16680,BREAK,2007.03.20 15:00,0,,0,,0,,0,NA,NewYork,BREAK,2007.03.21 15:00,BOUNCE,2007.03.23 20:00,1.18840,UNTOUCHED,,0,,0,,0,,0,NA,Other,NA,,NA,,1.16940,BOUNCE,2007.03.12 14:00,0,,0,,0,,0,NA,NewYork,NA,,NA,,1.18740,UNTOUCHED,,0,,0,,0,,0,NA,Other,NA,,NA,,B-ZB-BO,B-ZG-BO,B-ZD-BR,S-ZF-BR,S-ZC-BO,S-ZF-BO,B-ZF-BO,B-ZD-BO,S-ZO-BR,S-ZD-BR,B-ZD-UN,S-ZF-BR,B-ZD-UN,B-ZG-UN,S-ZG-BR,B-ZF-UN,S-ZF-BO,B-ZO-UN,S-ZB-BR,B-ZB-UN
136,2007.03.09 00:00,USDCAD,60,86400,BUY,ZD,1,1.17950,1.17430,520.0,1.18140,1.17630,510.0,98.077,38.46,320.0,122.7,1.17950,1.17630,1.18460,UNTOUCHED,,0,,0,,0,,0,NA,Other,NA,,NA,,1.17110,BREAK,2007.03.09 19:00,0,,0,,0,,0,NA,NewYork,BREAK,2007.03.20 15:00,BREAK,2007.03.20 17:00,1.18270,UNTOUCHED,,0,,0,,0,,0,NA,Other,NA,,NA,,1.17310,BOUNCE,2007.03.09 16:00,0,,0,,0,,0,NA,NewYork,NA,,NA,,S-ZG-BR,B-ZB-BO,B-ZG-BO,B-ZD-BR,S-ZF-BR,S-ZC-BO,S-ZF-BO,B-ZF-BO,B-ZD-BO,S-ZO-BR,S-ZF-BR,B-ZD-UN,B-ZG-UN,S-ZG-BR,B-ZF-UN,S-ZF-BO,B-ZO-UN,S-ZB-BR,B-ZB-UN,S-ZO-BR
137,2007.03.10 00:00,USDCAD,60,86400,SELL,ZF,1,1.18140,1.17630,510.0,1.18080,1.17020,1060.0,207.843,11.76,450.0,120.4,1.18080,1.17630,1.16570,BREAK,2007.03.20 16:00,0,,0,,0,,0,NA,NewYork,BREAK,2007.03.21 02:00,BREAK,2007.03.21 21:00,1.18590,UNTOUCHED,,0,,0,,0,,0,NA,Other,NA,,NA,,1.17180,BREAK,2007.03.10 00:00,0,,0,,0,,0,NA,Asia,BREAK,2007.03.20 15:00,BREAK,2007.03.20 20:00,1.18530,UNTOUCHED,,0,,0,,0,,0,NA,Other,NA,,NA,,B-ZD-UN,S-ZG-BR,B-ZB-BO,B-ZG-BO,B-ZD-BR,S-ZF-BR,S-ZC-BO,S-ZF-BO,B-ZF-BO,B-ZD-BO,B-ZD-UN,B-ZG-UN,S-ZG-BR,B-ZF-UN,S-ZF-BO,B-ZO-UN,S-ZB-BR,B-ZB-UN,S-ZO-BR,S-ZF-BR
138,2007.03.15 00:00,USDCAD,60,86400,BUY,ZD,1,1.17520,1.16790,730.0,1.17760,1.17200,560.0,76.712,56.16,320.0,172.3,1.17520,1.17200,1.18080,UNTOUCHED,,0,,0,,0,,0,NA,Other,NA,,NA,,1.16470,BREAK,2007.03.20 17:00,0,,0,,0,,0,NA,NewYork,BREAK,2007.03.21 15:00,BREAK,2007.03.21 21:00,1.17840,BOUNCE,2007.03.20 04:00,1,2007.03.20 15:00,1,2007.03.20 17:00,0,,2,13h,Asia,NA,,NA,,1.16880,BOUNCE,2007.03.20 14:00,0,,0,,0,,0,NA,NewYork,NA,,NA,,S-ZF-BR,B-ZD-UN,S-ZG-BR,B-ZB-BO,B-ZG-BO,B-ZD-BR,S-ZF-BR,S-ZC-BO,S-ZF-BO,B-ZF-BO,B-ZG-UN,S-ZG-BR,B-ZF-UN,S-ZF-BO,B-ZO-UN,S-ZB-BR,B-ZB-UN,S-ZO-BR,S-ZF-BR,S-ZB-BO
139,2007.03.16 00:00,USDCAD,60,86400,BUY,ZG,0,1.17760,1.17200,560.0,1.17790,1.17300,490.0,87.500,17.86,460.0,132.2,1.17760,1.17300,1.18250,UNTOUCHED,,0,,0,,0,,0,NA,Other,NA,,NA,,1.16740,BREAK,2007.03.20 15:00,0,,0,,0,,0,NA,NewYork,BREAK,2007.03.20 20:00,BREAK,2007.03.21 21:00,1.18220,UNTOUCHED,,0,,0,,0,,0,NA,Other,NA,,NA,,1.16840,BREAK,2007.03.20 15:00,0,,0,,0,,0,NA,NewYork,BREAK,2007.03.20 18:00,BREAK,2007.03.21 18:00,B-ZD-UN,S-ZF-BR,B-ZD-UN,S-ZG-BR,B-ZB-BO,B-ZG-BO,B-ZD-BR,S-ZF-BR,S-ZC-BO,S-ZF-BO,S-ZG-BR,B-ZF-UN,S-ZF-BO,B-ZO-UN,S-ZB-BR,B-ZB-UN,S-ZO-BR,S-ZF-BR,S-ZB-BO,S-ZO-BR
140,2007.03.17 00:00,USDCAD,60,86400,SELL,ZG,0,1.17790,1.17300,490.0,1.17720,1.17110,610.0,124.490,14.29,420.0,115.6,1.17720,1.17300,1.16690,BREAK,2007.03.20 15:00,0,,0,,0,,0,NA,NewYork,BREAK,2007.03.20 20:00,BREAK,2007.03.21 18:00,1.18210,UNTOUCHED,,0,,0,,0,,0,NA,Other,NA,,NA,,1.16880,BOUNCE,2007.03.20 14:00,0,,0,,0,,0,NA,NewYork,NA,,NA,,1.18140,UNTOUCHED,,0,,0,,0,,0,NA,Other,NA,,NA,,B-ZG-UN,B-ZD-UN,S-ZF-BR,B-ZD-UN,S-ZG-BR,B-ZB-BO,B-ZG-BO,B-ZD-BR,S-ZF-BR,S-ZC-BO,B-ZF-UN,S-ZF-BO,B-ZO-UN,S-ZB-BR,B-ZB-UN,S-ZO-BR,S-ZF-BR,S-ZB-BO,S-ZO-BR,S-ZB-BO
141,2007.03.24 00:00,USDCAD,60,86400,BUY,ZF,0,1.15910,1.15520,390.0,1.16100,1.15560,540.0,138.462,10.26,350.0,92.0,1.15910,1.15560,1.16450,UNTOUCHED,,0,,0,,0,,0,NA,Other,NA,,NA,,1.15170,BREAK,2007.03.30 18:00,0,,0,,0,,0,NA,NewYork,BREAK,2007.04.10 13:00,BREAK,2007.04.11 14:00,1.16260,BOUNCE,2007.03.26 05:00,1,2007.03.30 14:00,1,2007.03.30 18:00,0,,2,4d 13h,Asia,NA,,NA,,1.15210,BREAK,2007.03.30 14:00,0,,0,,0,,0,NA,NewYork,BOUNCE,2007.04.06 15:00,NA,,S-ZG-BR,B-ZG-UN,B-ZD-UN,S-ZF-BR,B-ZD-UN,S-ZG-BR,B-ZB-BO,B-ZG-BO,B-ZD-BR,S-ZF-BR,S-ZF-BO,B-ZO-UN,S-ZB-BR,B-ZB-UN,S-ZO-BR,S-ZF-BR,S-ZB-BO,S-ZO-BR,S-ZB-BO,S-ZG-BO
142,2007.03.28 00:00,USDCAD,60,86400,SELL,ZF,1,1.16340,1.15910,430.0,1.16180,1.15520,660.0,153.488,37.21,270.0,101.5,1.16180,1.15910,1.15250,BOUNCE,2007.03.30 11:00,1,2007.04.03 14:00,0,,0,,1,4d 3h,London,NA,,NA,,1.16610,UNTOUCHED,,0,,0,,0,,0,NA,Other,NA,,NA,,1.15640,BOUNCE,2007.03.28 00:00,0,,0,,0,,0,NA,Asia,NA,,NA,,1.16450,UNTOUCHED,,0,,0,,0,,0,NA,Other,NA,,NA,,B-ZF-UN,S-ZG-BR,B-ZG-UN,B-ZD-UN,S-ZF-BR,B-ZD-UN,S-ZG-BR,B-ZB-BO,B-ZG-BO,B-ZD-BR,B-ZO-UN,S-ZB-BR,B-ZB-UN,S-ZO-BR,S-ZF-BR,S-ZB-BO,S-ZO-BR,S-ZB-BO,S-ZG-BO,S-ZH-BR
143,2007.03.30 00:00,USDCAD,60,86400,BUY,ZO,0,1.16060,1.15550,510.0,1.16130,1.15670,460.0,90.196,23.53,390.0,120.4,1.16060,1.15670,1.16520,UNTOUCHED,,0,,0,,0,,0,NA,Other,NA,,NA,,1.15160,BREAK,2007.03.30 18:00,0,,0,,0,,0,NA,NewYork,BREAK,2007.04.10 15:00,BREAK,2007.04.11 20:00,1.16450,UNTOUCHED,,0,,0,,0,,0,NA,Other,NA,,NA,,1.15280,BREAK,2007.03.30 11:00,0,,0,,0,,0,NA,London,BOUNCE,2007.04.06 15:00,NA,,S-ZF-BO,B-ZF-UN,S-ZG-BR,B-ZG-UN,B-ZD-UN,S-ZF-BR,B-ZD-UN,S-ZG-BR,B-ZB-BO,B-ZG-BO,S-ZB-BR,B-ZB-UN,S-ZO-BR,S-ZF-BR,S-ZB-BO,S-ZO-BR,S-ZB-BO,S-ZG-BO,S-ZH-BR,S-ZE-BO
144,2007.03.31 00:00,USDCAD,60,86400,SELL,ZB,1,1.16130,1.15670,460.0,1.15910,1.14980,930.0,202.174,47.83,240.0,108.6,1.15910,1.15670,1.14740,BREAK,2007.04.10 13:00,0,,0,,0,,0,NA,NewYork,BREAK,2007.04.11 14:00,BREAK,2007.04.11 20:00,1.16370,UNTOUCHED,,0,,0,,0,,0,NA,Other,NA,,NA,,1.15430,BREAK,2007.03.31 00:00,0,,0,,0,,0,NA,Asia,BOUNCE,2007.04.02 10:00,NA,,1.16150,UNTOUCHED,,0,,0,,0,,0,NA,Other,NA,,NA,,B-ZO-UN,S-ZF-BO,B-ZF-UN,S-ZG-BR,B-ZG-UN,B-ZD-UN,S-ZF-BR,B-ZD-UN,S-ZG-BR,B-ZB-BO,B-ZB-UN,S-ZO-BR,S-ZF-BR,S-ZB-BO,S-ZO-BR,S-ZB-BO,S-ZG-BO,S-ZH-BR,S-ZE-BO,S-ZG-BO
145,2007.04.04 00:00,USDCAD,60,86400,BUY,ZB,1,1.15690,1.15110,580.0,1.15980,1.15480,500.0,86.207,63.79,210.0,136.9,1.15690,1.15480,1.16190,UNTOUCHED,,0,,0,,0,,0,NA,Other,NA,,NA,,1.14900,BOUNCE,2007.04.05 17:00,0,,0,,0,,0,NA,NewYork,NA,,NA,,1.15900,BOUNCE,2007.04.04 00:00,1,2007.04.05 14:00,1,2007.04.05 17:00,0,,2,1d 17h,Asia,NA,,NA,,1.15270,BREAK,2007.04.05 14:00,0,,0,,0,,0,NA,NewYork,BREAK,2007.04.05 17:00,BOUNCE,2007.04.10 12:00,S-ZB-BR,B-ZO-UN,S-ZF-BO,B-ZF-UN,S-ZG-BR,B-ZG-UN,B-ZD-UN,S-ZF-BR,B-ZD-UN,S-ZG-BR,S-ZO-BR,S-ZF-BR,S-ZB-BO,S-ZO-BR,S-ZB-BO,S-ZG-BO,S-ZH-BR,S-ZE-BO,S-ZG-BO,S-ZF-BO
146,2007.04.05 00:00,USDCAD,60,86400,SELL,ZO,0,1.15980,1.15480,500.0,1.15930,1.15430,500.0,100.000,10.00,450.0,118.0,1.15930,1.15480,1.14980,BREAK,2007.04.05 17:00,0,,0,,0,,0,NA,NewYork,BREAK,2007.04.11 14:00,BREAK,2007.04.11 22:00,1.16430,UNTOUCHED,,0,,0,,0,,0,NA,Other,NA,,NA,,1.15030,BREAK,2007.04.05 17:00,0,,0,,0,,0,NA,NewYork,BREAK,2007.04.11 14:00,BREAK,2007.04.11 22:00,1.16380,UNTOUCHED,,0,,0,,0,,0,NA,Other,NA,,NA,,B-ZB-UN,S-ZB-BR,B-ZO-UN,S-ZF-BO,B-ZF-UN,S-ZG-BR,B-ZG-UN,B-ZD-UN,S-ZF-BR,B-ZD-UN,S-ZF-BR,S-ZB-BO,S-ZO-BR,S-ZB-BO,S-ZG-BO,S-ZH-BR,S-ZE-BO,S-ZG-BO,S-ZF-BO,S-ZF-BO
147,2007.04.11 00:00,USDCAD,60,86400,SELL,ZF,1,1.15300,1.15020,280.0,1.15280,1.14560,720.0,257.143,7.14,260.0,66.1,1.15280,1.15020,1.14300,BREAK,2007.04.11 20:00,0,,0,,0,,0,NA,NewYork,BREAK,2007.04.11 22:00,BREAK,2007.04.12 13:00,1.15560,UNTOUCHED,,0,,0,,0,,0,NA,Other,NA,,NA,,1.14760,BREAK,2007.04.11 00:00,0,,0,,0,,0,NA,Asia,BREAK,2007.04.11 14:00,BREAK,2007.04.11 20:00,1.15540,UNTOUCHED,,0,,0,,0,,0,NA,Other,NA,,NA,,S-ZO-BR,B-ZB-UN,S-ZB-BR,B-ZO-UN,S-ZF-BO,B-ZF-UN,S-ZG-BR,B-ZG-UN,B-ZD-UN,S-ZF-BR,S-ZB-BO,S-ZO-BR,S-ZB-BO,S-ZG-BO,S-ZH-BR,S-ZE-BO,S-ZG-BO,S-ZF-BO,S-ZF-BO,B-ZO-UN
148,2007.04.12 00:00,USDCAD,60,86400,SELL,ZB,1,1.15280,1.14560,720.0,1.14780,1.13920,860.0,119.444,69.44,220.0,169.9,1.14780,1.14560,1.13700,BOUNCE,2007.04.12 13:00,0,,0,,0,,0,NA,NewYork,NA,,NA,,1.15500,UNTOUCHED,,0,,0,,0,,0,NA,Other,NA,,NA,,1.14340,BREAK,2007.04.12 00:00,0,,0,,0,,0,NA,Asia,BREAK,2007.04.12 01:00,BREAK,2007.04.12 13:00,1.15000,UNTOUCHED,,0,,0,,0,,0,NA,Other,NA,,NA,,S-ZF-BR,S-ZO-BR,B-ZB-UN,S-ZB-BR,B-ZO-UN,S-ZF-BO,B-ZF-UN,S-ZG-BR,B-ZG-UN,B-ZD-UN,S-ZO-BR,S-ZB-BO,S-ZG-BO,S-ZH-BR,S-ZE-BO,S-ZG-BO,S-ZF-BO,S-ZF-BO,B-ZO-UN,S-ZG-BO
149,2007.04.16 01:00,USDCAD,60,86400,SELL,ZO,0,1.14100,1.13360,740.0,1.13940,1.13290,650.0,87.838,21.62,580.0,174.6,1.13940,1.13360,1.12710,BREAK,2007.04.18 16:00,0,,0,,0,,0,NA,NewYork,BREAK,2007.04.24 13:00,BREAK,2007.04.25 22:00,1.14680,UNTOUCHED,,0,,0,,0,,0,NA,Other,NA,,NA,,1.12780,BOUNCE,2007.04.18 08:00,0,,0,,0,,0,NA,London,NA,,NA,,1.14520,UNTOUCHED,,0,,0,,0,,0,NA,Other,NA,,NA,,S-ZB-BO,S-ZF-BR,S-ZO-BR,B-ZB-UN,S-ZB-BR,B-ZO-UN,S-ZF-BO,B-ZF-UN,S-ZG-BR,B-ZG-UN,S-ZB-BO,S-ZG-BO,S-ZH-BR,S-ZE-BO,S-ZG-BO,S-ZF-BO,S-ZF-BO,B-ZO-UN,S-ZG-BO,S-ZF-BO
150,2007.04.17 00:00,USDCAD,60,86400,SELL,ZB,1,1.13940,1.13290,650.0,1.13670,1.13000,670.0,103.077,41.54,380.0,153.4,1.13670,1.13290,1.12620,BOUNCE,2007.04.19 12:00,0,,0,,0,,0,NA,London,NA,,NA,,1.14320,UNTOUCHED,,0,,0,,0,,0,NA,Other,NA,,NA,,1.12910,BREAK,2007.04.17 15:00,0,,0,,0,,0,NA,NewYork,BREAK,2007.04.19 14:00,BREAK,2007.04.24 12:00,1.14050,UNTOUCHED,,0,,0,,0,,0,NA,Other,NA,,NA,,S-ZO-BR,S-ZB-BO,S-ZF-BR,S-ZO-BR,B-ZB-UN,S-ZB-BR,B-ZO-UN,S-ZF-BO,B-ZF-UN,S-ZG-BR,S-ZG-BO,S-ZH-BR,S-ZE-BO,S-ZG-BO,S-ZF-BO,S-ZF-BO,B-ZO-UN,S-ZG-BO,S-ZF-BO,S-ZO-BR
151,2007.04.18 00:00,USDCAD,60,86400,SELL,ZG,0,1.13670,1.13000,670.0,1.13420,1.12870,550.0,82.090,37.31,420.0,158.1,1.13420,1.13000,1.12450,BOUNCE,2007.04.19 14:00,0,,0,,0,,0,NA,NewYork,NA,,NA,,1.14090,UNTOUCHED,,0,,0,,0,,0,NA,Other,NA,,NA,,1.12580,BOUNCE,2007.04.19 12:00,0,,0,,0,,0,NA,London,NA,,NA,,1.13840,UNTOUCHED,,0,,0,,0,,0,NA,Other,NA,,NA,,S-ZB-BO,S-ZO-BR,S-ZB-BO,S-ZF-BR,S-ZO-BR,B-ZB-UN,S-ZB-BR,B-ZO-UN,S-ZF-BO,B-ZF-UN,S-ZH-BR,S-ZE-BO,S-ZG-BO,S-ZF-BO,S-ZF-BO,B-ZO-UN,S-ZG-BO,S-ZF-BO,S-ZO-BR,B-ZE-BR
152,2007.04.19 00:00,USDCAD,60,86400,SELL,ZH,0,1.13420,1.12870,550.0,1.13390,1.12630,760.0,138.182,5.45,520.0,129.8,1.13390,1.12870,1.12110,BREAK,2007.04.20 21:00,0,,0,,0,,0,NA,Other,BREAK,2007.04.25 18:00,BOUNCE,2007.04.30 15:00,1.13940,UNTOUCHED,,0,,0,,0,,0,NA,Other,NA,,NA,,1.12350,BOUNCE,2007.04.19 14:00,0,,0,,0,,0,NA,NewYork,NA,,NA,,1.13910,UNTOUCHED,,0,,0,,0,,0,NA,Other,NA,,NA,,S-ZG-BO,S-ZB-BO,S-ZO-BR,S-ZB-BO,S-ZF-BR,S-ZO-BR,B-ZB-UN,S-ZB-BR,B-ZO-UN,S-ZF-BO,S-ZE-BO,S-ZG-BO,S-ZF-BO,S-ZF-BO,B-ZO-UN,S-ZG-BO,S-ZF-BO,S-ZO-BR,B-ZE-BR,B-ZF-UN
153,2007.04.20 00:00,USDCAD,60,86400,SELL,ZE,1,1.13390,1.12630,760.0,1.13070,1.12350,720.0,94.737,42.11,440.0,179.4,1.13070,1.12630,1.11910,BOUNCE,2007.04.24 13:00,0,,0,,0,,0,NA,NewYork,NA,,NA,,1.13830,UNTOUCHED,,0,,0,,0,,0,NA,Other,NA,,NA,,1.12190,BREAK,2007.04.20 17:00,0,,0,,0,,0,NA,NewYork,BREAK,2007.04.25 17:00,BOUNCE,2007.04.27 19:00,1.13510,UNTOUCHED,,0,,0,,0,,0,NA,Other,NA,,NA,,S-ZH-BR,S-ZG-BO,S-ZB-BO,S-ZO-BR,S-ZB-BO,S-ZF-BR,S-ZO-BR,B-ZB-UN,S-ZB-BR,B-ZO-UN,S-ZG-BO,S-ZF-BO,S-ZF-BO,B-ZO-UN,S-ZG-BO,S-ZF-BO,S-ZO-BR,B-ZE-BR,B-ZF-UN,B-ZC-UN
154,2007.04.23 01:00,USDCAD,60,86400,SELL,ZG,0,1.13070,1.12350,720.0,1.13000,1.12110,890.0,123.611,9.72,650.0,169.9,1.13000,1.12350,1.11460,BOUNCE,2007.04.25 18:00,0,,0,,0,,0,NA,NewYork,NA,,NA,,1.13720,UNTOUCHED,,0,,0,,0,,0,NA,Other,NA,,NA,,1.11700,BREAK,2007.04.25 17:00,0,,0,,0,,0,NA,NewYork,BREAK,2007.04.30 17:00,BREAK,2007.05.07 15:00,1.13650,UNTOUCHED,,0,,0,,0,,0,NA,Other,NA,,NA,,S-ZE-BO,S-ZH-BR,S-ZG-BO,S-ZB-BO,S-ZO-BR,S-ZB-BO,S-ZF-BR,S-ZO-BR,B-ZB-UN,S-ZB-BR,S-ZF-BO,S-ZF-BO,B-ZO-UN,S-ZG-BO,S-ZF-BO,S-ZO-BR,B-ZE-BR,B-ZF-UN,B-ZC-UN,S-ZD-BO
155,2007.04.26 00:00,USDCAD,60,86400,SELL,ZF,1,1.12460,1.11910,550.0,1.12270,1.11330,940.0,170.909,34.55,360.0,129.8,1.12270,1.11910,1.10970,BOUNCE,2007.04.30 15:00,0,,0,,0,,0,NA,NewYork,NA,,NA,,1.12820,UNTOUCHED,,0,,0,,0,,0,NA,Other,NA,,NA,,1.11550,BREAK,2007.04.26 00:00,0,,0,,0,,0,NA,Asia,BREAK,2007.04.30 15:00,BREAK,2007.04.30 17:00,1.12630,UNTOUCHED,,0,,0,,0,,0,NA,Other,NA,,NA,,S-ZG-BO,S-ZE-BO,S-ZH-BR,S-ZG-BO,S-ZB-BO,S-ZO-BR,S-ZB-BO,S-ZF-BR,S-ZO-BR,B-ZB-UN,S-ZF-BO,B-ZO-UN,S-ZG-BO,S-ZF-BO,S-ZO-BR,B-ZE-BR,B-ZF-UN,B-ZC-UN,S-ZD-BO,S-ZG-BR
156,2007.05.01 00:00,USDCAD,60,86400,SELL,ZF,1,1.12270,1.11280,990.0,1.11950,1.10460,1490.0,150.505,32.32,670.0,233.6,1.11950,1.11280,1.09790,BOUNCE,2007.05.15 17:00,0,,0,,0,,0,NA,NewYork,NA,,NA,,1.12940,UNTOUCHED,,0,,0,,0,,0,NA,Other,NA,,NA,,1.10610,BOUNCE,2007.05.01 16:00,0,,0,,0,,0,NA,NewYork,NA,,NA,,1.12620,UNTOUCHED,,0,,0,,0,,0,NA,Other,NA,,NA,,S-ZF-BO,S-ZG-BO,S-ZE-BO,S-ZH-BR,S-ZG-BO,S-ZB-BO,S-ZO-BR,S-ZB-BO,S-ZF-BR,S-ZO-BR,B-ZO-UN,S-ZG-BO,S-ZF-BO,S-ZO-BR,B-ZE-BR,B-ZF-UN,B-ZC-UN,S-ZD-BO,S-ZG-BR,S-ZB-BO
157,2007.05.03 00:00,USDCAD,60,86400,BUY,ZO,0,1.11150,1.10470,680.0,1.11420,1.10630,790.0,116.176,23.53,520.0,160.5,1.11150,1.10630,1.11940,UNTOUCHED,,0,,0,,0,,0,NA,Other,NA,,NA,,1.09950,BREAK,2007.05.15 15:00,0,,0,,0,,0,NA,NewYork,BREAK,2007.05.18 15:00,BREAK,2007.05.21 09:00,1.11670,BOUNCE,2007.05.11 14:00,1,2007.05.15 15:00,1,2007.05.15 15:00,0,,2,4d 1h,NewYork,NA,,NA,,1.10110,BOUNCE,2007.05.07 15:00,1,2007.05.11 14:00,1,2007.05.11 14:00,0,,2,3d 23h,NewYork,NA,,NA,,S-ZF-BO,S-ZF-BO,S-ZG-BO,S-ZE-BO,S-ZH-BR,S-ZG-BO,S-ZB-BO,S-ZO-BR,S-ZB-BO,S-ZF-BR,S-ZG-BO,S-ZF-BO,S-ZO-BR,B-ZE-BR,B-ZF-UN,B-ZC-UN,S-ZD-BO,S-ZG-BR,S-ZB-BO,S-ZE-BR
158,2007.05.07 01:00,USDCAD,60,86400,SELL,ZG,0,1.10950,1.10530,420.0,1.10830,1.10310,520.0,123.810,28.57,300.0,99.1,1.10830,1.10530,1.10010,BOUNCE,2007.05.15 15:00,1,2007.05.16 19:00,0,,0,,1,1d 4h,NewYork,NA,,NA,,1.11250,BOUNCE,2007.05.10 19:00,1,2007.05.14 16:00,1,2007.05.15 12:00,1,2007.05.15 15:00,3,4d 20h,NewYork,NA,,NA,,1.10230,BREAK,2007.05.07 15:00,0,,0,,0,,0,NA,NewYork,BREAK,2007.05.15 17:00,BREAK,2007.05.18 10:00,1.11130,BREAK,2007.05.10 19:00,0,,0,,0,,0,NA,NewYork,BREAK,2007.05.11 14:00,UNTOUCHED,,B-ZO-UN,S-ZF-BO,S-ZF-BO,S-ZG-BO,S-ZE-BO,S-ZH-BR,S-ZG-BO,S-ZB-BO,S-ZO-BR,S-ZB-BO,S-ZF-BO,S-ZO-BR,B-ZE-BR,B-ZF-UN,B-ZC-UN,S-ZD-BO,S-ZG-BR,S-ZB-BO,S-ZE-BR,S-ZE-BR
159,2007.05.08 00:00,USDCAD,60,86400,SELL,ZF,0,1.10830,1.10310,520.0,1.10730,1.10050,680.0,130.769,19.23,420.0,122.7,1.10730,1.10310,1.09630,BOUNCE,2007.05.15 18:00,1,2007.05.16 19:00,0,,0,,1,1d 1h,NewYork,NA,,NA,,1.11250,BOUNCE,2007.05.10 19:00,1,2007.05.15 12:00,1,2007.05.15 16:00,1,2007.05.15 18:00,3,4d 23h,NewYork,NA,,NA,,1.09890,BREAK,2007.05.15 16:00,0,,0,,0,,0,NA,NewYork,BREAK,2007.05.18 11:00,BOUNCE,2007.05.18 15:00,1.11150,BOUNCE,2007.05.10 19:00,1,2007.05.15 16:00,1,2007.05.15 16:00,0,,2,4d 21h,NewYork,NA,,NA,,S-ZG-BO,B-ZO-UN,S-ZF-BO,S-ZF-BO,S-ZG-BO,S-ZE-BO,S-ZH-BR,S-ZG-BO,S-ZB-BO,S-ZO-BR,S-ZO-BR,B-ZE-BR,B-ZF-UN,B-ZC-UN,S-ZD-BO,S-ZG-BR,S-ZB-BO,S-ZE-BR,S-ZE-BR,S-ZG-BR
160,2007.05.09 00:00,USDCAD,60,86400,SELL,ZO,0,1.10730,1.10050,680.0,1.10590,1.10040,550.0,80.882,20.59,540.0,160.5,1.10590,1.10050,1.09500,BREAK,2007.05.18 11:00,0,,0,,0,,0,NA,London,BREAK,2007.05.18 18:00,BREAK,2007.05.21 13:00,1.11270,BREAK,2007.05.11 12:00,0,,0,,0,,0,NA,London,UNTOUCHED,,NA,,1.09510,BREAK,2007.05.18 11:00,0,,0,,0,,0,NA,London,BREAK,2007.05.18 18:00,BREAK,2007.05.21 13:00,1.11130,BREAK,2007.05.10 19:00,0,,0,,0,,0,NA,NewYork,UNTOUCHED,,NA,,S-ZF-BO,S-ZG-BO,B-ZO-UN,S-ZF-BO,S-ZF-BO,S-ZG-BO,S-ZE-BO,S-ZH-BR,S-ZG-BO,S-ZB-BO,B-ZE-BR,B-ZF-UN,B-ZC-UN,S-ZD-BO,S-ZG-BR,S-ZB-BO,S-ZE-BR,S-ZE-BR,S-ZG-BR,S-ZB-BO
161,2007.05.10 00:00,USDCAD,60,86400,BUY,ZE,1,1.10590,1.10040,550.0,1.10920,1.10420,500.0,90.909,69.09,170.0,129.8,1.10590,1.10420,1.11090,BREAK,2007.05.10 19:00,0,,0,,0,,0,NA,NewYork,BOUNCE,2007.05.10 21:00,NA,,1.09870,BOUNCE,2007.05.15 16:00,1,2007.05.16 17:00,0,,0,,1,1d 1h,NewYork,NA,,NA,,1.10760,BOUNCE,2007.05.10 10:00,1,2007.05.15 12:00,1,2007.05.15 16:00,0,,2,5d 6h,London,NA,,NA,,1.10250,BREAK,2007.05.15 12:00,0,,0,,0,,0,NA,London,BREAK,2007.05.15 15:00,BOUNCE,2007.05.15 16:00,S-ZO-BR,S-ZF-BO,S-ZG-BO,B-ZO-UN,S-ZF-BO,S-ZF-BO,S-ZG-BO,S-ZE-BO,S-ZH-BR,S-ZG-BO,B-ZF-UN,B-ZC-UN,S-ZD-BO,S-ZG-BR,S-ZB-BO,S-ZE-BR,S-ZE-BR,S-ZG-BR,S-ZB-BO,B-ZF-BR
162,2007.05.11 00:00,USDCAD,60,86400,BUY,ZF,1,1.10920,1.10420,500.0,1.11260,1.10450,810.0,162.000,6.00,470.0,118.0,1.10920,1.10450,1.11730,UNTOUCHED,,0,,0,,0,,0,NA,Other,NA,,NA,,1.09950,BREAK,2007.05.15 15:00,0,,0,,0,,0,NA,NewYork,BREAK,2007.05.18 11:00,BOUNCE,2007.05.18 15:00,1.11390,BREAK,2007.05.11 14:00,0,,0,,0,,0,NA,NewYork,UNTOUCHED,,NA,,1.09980,BREAK,2007.05.15 15:00,0,,0,,0,,0,NA,NewYork,BREAK,2007.05.18 11:00,BOUNCE,2007.05.18 15:00,B-ZE-BR,S-ZO-BR,S-ZF-BO,S-ZG-BO,B-ZO-UN,S-ZF-BO,S-ZF-BO,S-ZG-BO,S-ZE-BO,S-ZH-BR,B-ZC-UN,S-ZD-BO,S-ZG-BR,S-ZB-BO,S-ZE-BR,S-ZE-BR,S-ZG-BR,S-ZB-BO,B-ZF-BR,B-ZO-UN
163,2007.05.12 00:00,USDCAD,60,86400,BUY,ZC,1,1.11260,1.10450,810.0,1.11670,1.10900,770.0,95.062,55.56,360.0,191.2,1.11260,1.10900,1.12030,UNTOUCHED,,0,,0,,0,,0,NA,Other,NA,,NA,,1.10090,BREAK,2007.05.15 15:00,0,,0,,0,,0,NA,NewYork,BOUNCE,2007.05.16 17:00,NA,,1.11620,UNTOUCHED,,0,,0,,0,,0,NA,Other,NA,,NA,,1.10540,BREAK,2007.05.14 23:00,0,,0,,0,,0,NA,Other,BREAK,2007.05.15 15:00,BOUNCE,2007.05.16 17:00,B-ZF-UN,B-ZE-BR,S-ZO-BR,S-ZF-BO,S-ZG-BO,B-ZO-UN,S-ZF-BO,S-ZF-BO,S-ZG-BO,S-ZE-BO,S-ZD-BO,S-ZG-BR,S-ZB-BO,S-ZE-BR,S-ZE-BR,S-ZG-BR,S-ZB-BO,B-ZF-BR,B-ZO-UN,B-ZE-UN
164,2007.05.16 00:00,USDCAD,60,86400,SELL,ZD,1,1.11250,1.10540,710.0,1.10710,1.09630,1080.0,152.113,76.06,170.0,167.6,1.10710,1.10540,1.09460,BOUNCE,2007.05.18 11:00,0,,0,,0,,0,NA,London,NA,,NA,,1.11420,UNTOUCHED,,0,,0,,0,,0,NA,Other,NA,,NA,,1.10370,BREAK,2007.05.16 00:00,0,,0,,0,,0,NA,Asia,BREAK,2007.05.16 01:00,BREAK,2007.05.16 02:00,1.10880,UNTOUCHED,,0,,0,,0,,0,NA,Other,NA,,NA,,B-ZC-UN,B-ZF-UN,B-ZE-BR,S-ZO-BR,S-ZF-BO,S-ZG-BO,B-ZO-UN,S-ZF-BO,S-ZF-BO,S-ZG-BO,S-ZG-BR,S-ZB-BO,S-ZE-BR,S-ZE-BR,S-ZG-BR,S-ZB-BO,B-ZF-BR,B-ZO-UN,B-ZE-UN,B-ZB-UN
165,2007.05.18 00:00,USDCAD,60,86400,SELL,ZG,0,1.10620,1.09670,950.0,1.10530,1.09660,870.0,91.579,9.47,860.0,224.2,1.10530,1.09670,1.08800,BREAK,2007.05.18 18:00,0,,0,,0,,0,NA,NewYork,BREAK,2007.05.29 16:00,BREAK,2007.05.31 15:00,1.11480,UNTOUCHED,,0,,0,,0,,0,NA,Other,NA,,NA,,1.08810,BREAK,2007.05.18 18:00,0,,0,,0,,0,NA,NewYork,BREAK,2007.05.29 16:00,BREAK,2007.05.30 11:00,1.11390,UNTOUCHED,,0,,0,,0,,0,NA,Other,NA,,NA,,S-ZD-BO,B-ZC-UN,B-ZF-UN,B-ZE-BR,S-ZO-BR,S-ZF-BO,S-ZG-BO,B-ZO-UN,S-ZF-BO,S-ZF-BO,S-ZB-BO,S-ZE-BR,S-ZE-BR,S-ZG-BR,S-ZB-BO,B-ZF-BR,B-ZO-UN,B-ZE-UN,B-ZB-UN,S-ZF-BR
166,2007.05.21 01:00,USDCAD,60,86400,SELL,ZB,1,1.10530,1.09660,870.0,1.09990,1.08750,1240.0,142.529,62.07,330.0,205.3,1.09990,1.09660,1.08420,BOUNCE,2007.05.21 11:00,0,,0,,0,,0,NA,London,NA,,NA,,1.10860,UNTOUCHED,,0,,0,,0,,0,NA,Other,NA,,NA,,1.09330,BREAK,2007.05.21 01:00,0,,0,,0,,0,NA,Asia,BREAK,2007.05.21 09:00,BREAK,2007.05.21 11:00,1.10320,UNTOUCHED,,0,,0,,0,,0,NA,Other,NA,,NA,,S-ZG-BR,S-ZD-BO,B-ZC-UN,B-ZF-UN,B-ZE-BR,S-ZO-BR,S-ZF-BO,S-ZG-BO,B-ZO-UN,S-ZF-BO,S-ZE-BR,S-ZE-BR,S-ZG-BR,S-ZB-BO,B-ZF-BR,B-ZO-UN,B-ZE-UN,B-ZB-UN,S-ZF-BR,B-ZF-UN
167,2007.05.25 00:00,USDCAD,60,86400,SELL,ZE,1,1.08870,1.08120,750.0,1.08520,1.08020,500.0,66.667,46.67,400.0,177.0,1.08520,1.08120,1.07620,BREAK,2007.05.29 16:00,0,,0,,0,,0,NA,NewYork,BREAK,2007.05.30 11:00,BREAK,2007.05.31 16:00,1.09270,UNTOUCHED,,0,,0,,0,,0,NA,Other,NA,,NA,,1.07720,BREAK,2007.05.29 16:00,0,,0,,0,,0,NA,NewYork,BREAK,2007.05.29 17:00,BOUNCE,2007.05.30 15:00,1.08920,UNTOUCHED,,0,,0,,0,,0,NA,Other,NA,,NA,,S-ZB-BO,S-ZG-BR,S-ZD-BO,B-ZC-UN,B-ZF-UN,B-ZE-BR,S-ZO-BR,S-ZF-BO,S-ZG-BO,B-ZO-UN,S-ZE-BR,S-ZG-BR,S-ZB-BO,B-ZF-BR,B-ZO-UN,B-ZE-UN,B-ZB-UN,S-ZF-BR,B-ZF-UN,S-ZG-BR
168,2007.05.31 00:00,USDCAD,60,86400,SELL,ZE,1,1.08340,1.07090,1250.0,1.07570,1.06860,710.0,56.800,61.60,480.0,295.0,1.07570,1.07090,1.06380,BREAK,2007.06.01 17:00,0,,0,,0,,0,NA,NewYork,BREAK,2007.06.04 12:00,BREAK,2007.06.29 13:00,1.08820,UNTOUCHED,,0,,0,,0,,0,NA,Other,NA,,NA,,1.06610,BREAK,2007.06.01 15:00,0,,0,,0,,0,NA,NewYork,BREAK,2007.06.04 09:00,BOUNCE,2007.06.05 19:00,1.08050,UNTOUCHED,,0,,0,,0,,0,NA,Other,NA,,NA,,S-ZE-BR,S-ZB-BO,S-ZG-BR,S-ZD-BO,B-ZC-UN,B-ZF-UN,B-ZE-BR,S-ZO-BR,S-ZF-BO,S-ZG-BO,S-ZG-BR,S-ZB-BO,B-ZF-BR,B-ZO-UN,B-ZE-UN,B-ZB-UN,S-ZF-BR,B-ZF-UN,S-ZG-BR,B-ZG-UN
169,2007.06.01 00:00,USDCAD,60,86400,SELL,ZG,0,1.07570,1.06860,710.0,1.07450,1.06640,810.0,114.085,16.90,590.0,167.6,1.07450,1.06860,1.06050,BREAK,2007.06.01 18:00,0,,0,,0,,0,NA,NewYork,BREAK,2007.06.29 12:00,BREAK,2007.06.29 13:00,1.08160,UNTOUCHED,,0,,0,,0,,0,NA,Other,NA,,NA,,1.06270,BREAK,2007.06.01 18:00,0,,0,,0,,0,NA,NewYork,BREAK,2007.06.04 12:00,BREAK,2007.06.29 13:00,1.08040,UNTOUCHED,,0,,0,,0,,0,NA,Other,NA,,NA,,S-ZE-BR,S-ZE-BR,S-ZB-BO,S-ZG-BR,S-ZD-BO,B-ZC-UN,B-ZF-UN,B-ZE-BR,S-ZO-BR,S-ZF-BO,S-ZB-BO,B-ZF-BR,B-ZO-UN,B-ZE-UN,B-ZB-UN,S-ZF-BR,B-ZF-UN,S-ZG-BR,B-ZG-UN,S-ZB-BR
170,2007.06.04 01:00,USDCAD,60,86400,SELL,ZB,1,1.07450,1.06640,810.0,1.07090,1.05980,1110.0,137.037,44.44,450.0,191.2,1.07090,1.06640,1.05530,BOUNCE,2007.06.04 12:00,1,2007.06.07 23:00,1,2007.06.21 21:00,0,,2,2w 3d,London,NA,,NA,,1.07900,UNTOUCHED,,0,,0,,0,,0,NA,Other,NA,,NA,,1.06190,BREAK,2007.06.04 01:00,0,,0,,0,,0,NA,Asia,BREAK,2007.06.04 12:00,BREAK,2007.06.29 13:00,1.07540,BOUNCE,2007.06.21 21:00,1,2007.06.28 15:00,1,2007.06.28 15:00,0,,2,6d 18h,Other,NA,,NA,,S-ZG-BR,S-ZE-BR,S-ZE-BR,S-ZB-BO,S-ZG-BR,S-ZD-BO,B-ZC-UN,B-ZF-UN,B-ZE-BR,S-ZO-BR,B-ZF-BR,B-ZO-UN,B-ZE-UN,B-ZB-UN,S-ZF-BR,B-ZF-UN,S-ZG-BR,B-ZG-UN,S-ZB-BR,S-ZE-BR
171,2007.06.06 00:00,USDCAD,60,86400,BUY,ZF,0,1.06190,1.05470,720.0,1.06370,1.05620,750.0,104.167,20.83,570.0,169.9,1.06190,1.05620,1.06940,BREAK,2007.06.08 14:00,0,,0,,0,,0,NA,NewYork,BOUNCE,2007.06.22 16:00,NA,,1.04900,BREAK,2007.06.29 13:00,0,,0,,0,,0,NA,NewYork,BREAK,2007.07.16 18:00,BOUNCE,2007.07.24 15:00,1.06760,BREAK,2007.06.08 13:00,0,,0,,0,,0,NA,NewYork,BOUNCE,2007.06.13 17:00,NA,,1.05050,BREAK,2007.06.29 13:00,0,,0,,0,,0,NA,NewYork,BOUNCE,2007.07.10 03:00,NA,,S-ZB-BO,S-ZG-BR,S-ZE-BR,S-ZE-BR,S-ZB-BO,S-ZG-BR,S-ZD-BO,B-ZC-UN,B-ZF-UN,B-ZE-BR,B-ZO-UN,B-ZE-UN,B-ZB-UN,S-ZF-BR,B-ZF-UN,S-ZG-BR,B-ZG-UN,S-ZB-BR,S-ZE-BR,S-ZC-BO
172,2007.06.11 01:00,USDCAD,60,86400,BUY,ZO,0,1.06550,1.05610,940.0,1.07120,1.05930,1190.0,126.596,34.04,620.0,221.8,1.06550,1.05930,1.07740,UNTOUCHED,,0,,0,,0,,0,NA,Other,NA,,NA,,1.04990,BREAK,2007.06.29 13:00,0,,0,,0,,0,NA,NewYork,BREAK,2007.07.18 07:00,BOUNCE,2007.07.24 15:00,1.07170,BOUNCE,2007.06.13 11:00,1,2007.06.29 12:00,1,2007.06.29 13:00,0,,2,2w 2d,London,NA,,NA,,1.05310,BREAK,2007.06.29 12:00,0,,0,,0,,0,NA,London,BREAK,2007.07.09 10:00,BOUNCE,2007.07.18 14:00,B-ZF-BR,S-ZB-BO,S-ZG-BR,S-ZE-BR,S-ZE-BR,S-ZB-BO,S-ZG-BR,S-ZD-BO,B-ZC-UN,B-ZF-UN,B-ZE-UN,B-ZB-UN,S-ZF-BR,B-ZF-UN,S-ZG-BR,B-ZG-UN,S-ZB-BR,S-ZE-BR,S-ZC-BO,S-ZB-BO
173,2007.06.14 00:00,USDCAD,60,86400,BUY,ZE,1,1.06760,1.05880,880.0,1.07380,1.06450,930.0,105.682,64.77,310.0,207.7,1.06760,1.06450,1.07690,UNTOUCHED,,0,,0,,0,,0,NA,Other,NA,,NA,,1.05570,BREAK,2007.06.29 11:00,0,,0,,0,,0,NA,London,BREAK,2007.06.29 13:00,BREAK,2007.07.06 17:00,1.07070,BREAK,2007.06.18 12:00,0,,0,,0,,0,NA,London,BOUNCE,2007.06.18 18:00,NA,,1.06140,BOUNCE,2007.06.15 15:00,1,2007.06.18 12:00,1,2007.06.18 12:00,0,,2,2d 21h,NewYork,NA,,NA,,B-ZO-UN,B-ZF-BR,S-ZB-BO,S-ZG-BR,S-ZE-BR,S-ZE-BR,S-ZB-BO,S-ZG-BR,S-ZD-BO,B-ZC-UN,B-ZB-UN,S-ZF-BR,B-ZF-UN,S-ZG-BR,B-ZG-UN,S-ZB-BR,S-ZE-BR,S-ZC-BO,S-ZB-BO,S-ZE-BO
174,2007.06.19 00:00,USDCAD,60,86400,BUY,ZB,1,1.06900,1.06020,880.0,1.07510,1.06500,1010.0,114.773,54.55,400.0,207.7,1.06900,1.06500,1.07910,UNTOUCHED,,0,,0,,0,,0,NA,Other,NA,,NA,,1.05620,BREAK,2007.06.29 11:00,0,,0,,0,,0,NA,London,BREAK,2007.06.29 13:00,BREAK,2007.07.06 17:00,1.07300,BREAK,2007.06.21 18:00,0,,0,,0,,0,NA,NewYork,UNTOUCHED,,NA,,1.06100,BREAK,2007.06.28 15:00,0,,0,,0,,0,NA,NewYork,BREAK,2007.06.29 11:00,BREAK,2007.06.29 13:00,B-ZE-UN,B-ZO-UN,B-ZF-BR,S-ZB-BO,S-ZG-BR,S-ZE-BR,S-ZE-BR,S-ZB-BO,S-ZG-BR,S-ZD-BO,S-ZF-BR,B-ZF-UN,S-ZG-BR,B-ZG-UN,S-ZB-BR,S-ZE-BR,S-ZC-BO,S-ZB-BO,S-ZE-BO,B-ZD-BO
175,2007.06.20 00:00,USDCAD,60,86400,SELL,ZF,0,1.07510,1.06500,1010.0,1.07210,1.06140,1070.0,105.941,29.70,710.0,238.4,1.07210,1.06500,1.05430,BREAK,2007.06.29 11:00,0,,0,,0,,0,NA,London,BREAK,2007.07.09 10:00,BOUNCE,2007.07.18 14:00,1.08220,UNTOUCHED,,0,,0,,0,,0,NA,Other,NA,,NA,,1.05790,BREAK,2007.06.28 23:00,0,,0,,0,,0,NA,Other,BREAK,2007.06.29 13:00,BREAK,2007.07.18 07:00,1.07920,UNTOUCHED,,0,,0,,0,,0,NA,Other,NA,,NA,,B-ZB-UN,B-ZE-UN,B-ZO-UN,B-ZF-BR,S-ZB-BO,S-ZG-BR,S-ZE-BR,S-ZE-BR,S-ZB-BO,S-ZG-BR,B-ZF-UN,S-ZG-BR,B-ZG-UN,S-ZB-BR,S-ZE-BR,S-ZC-BO,S-ZB-BO,S-ZE-BO,B-ZD-BO,S-ZB-BO
176,2007.06.22 00:00,USDCAD,60,86400,BUY,ZF,1,1.06860,1.06170,690.0,1.07570,1.06430,1140.0,165.217,37.68,430.0,162.8,1.06860,1.06430,1.08000,UNTOUCHED,,0,,0,,0,,0,NA,Other,NA,,NA,,1.05740,BREAK,2007.06.29 08:00,0,,0,,0,,0,NA,London,BREAK,2007.06.29 13:00,BREAK,2007.07.06 17:00,1.07290,BREAK,2007.06.22 00:00,0,,0,,0,,0,NA,Asia,UNTOUCHED,,NA,,1.06000,BREAK,2007.06.28 21:00,0,,0,,0,,0,NA,Other,BREAK,2007.06.29 11:00,BREAK,2007.06.29 13:00,S-ZF-BR,B-ZB-UN,B-ZE-UN,B-ZO-UN,B-ZF-BR,S-ZB-BO,S-ZG-BR,S-ZE-BR,S-ZE-BR,S-ZB-BO,S-ZG-BR,B-ZG-UN,S-ZB-BR,S-ZE-BR,S-ZC-BO,S-ZB-BO,S-ZE-BO,B-ZD-BO,S-ZB-BO,S-ZE-BR
177,2007.06.27 00:00,USDCAD,60,86400,SELL,ZG,0,1.07300,1.06780,520.0,1.07240,1.06700,540.0,103.846,11.54,460.0,122.7,1.07240,1.06780,1.06240,BREAK,2007.06.28 14:00,0,,0,,0,,0,NA,NewYork,BREAK,2007.06.29 11:00,BREAK,2007.06.29 13:00,1.07760,UNTOUCHED,,0,,0,,0,,0,NA,Other,NA,,NA,,1.06320,BREAK,2007.06.28 14:00,0,,0,,0,,0,NA,NewYork,BREAK,2007.06.29 09:00,BREAK,2007.06.29 12:00,1.07700,UNTOUCHED,,0,,0,,0,,0,NA,Other,NA,,NA,,B-ZF-UN,S-ZF-BR,B-ZB-UN,B-ZE-UN,B-ZO-UN,B-ZF-BR,S-ZB-BO,S-ZG-BR,S-ZE-BR,S-ZE-BR,B-ZG-UN,S-ZB-BR,S-ZE-BR,S-ZC-BO,S-ZB-BO,S-ZE-BO,B-ZD-BO,S-ZB-BO,S-ZE-BR,S-ZF-BR
178,2007.06.28 00:00,USDCAD,60,86400,BUY,ZG,0,1.07240,1.06700,540.0,1.07330,1.06860,470.0,87.037,29.63,380.0,127.4,1.07240,1.06860,1.07710,UNTOUCHED,,0,,0,,0,,0,NA,Other,NA,,NA,,1.06320,BREAK,2007.06.28 14:00,0,,0,,0,,0,NA,NewYork,BREAK,2007.06.28 23:00,BREAK,2007.06.29 11:00,1.07620,UNTOUCHED,,0,,0,,0,,0,NA,Other,NA,,NA,,1.06480,BREAK,2007.06.28 11:00,0,,0,,0,,0,NA,London,BREAK,2007.06.28 21:00,BREAK,2007.06.29 11:00,S-ZG-BR,B-ZF-UN,S-ZF-BR,B-ZB-UN,B-ZE-UN,B-ZO-UN,B-ZF-BR,S-ZB-BO,S-ZG-BR,S-ZE-BR,S-ZB-BR,S-ZE-BR,S-ZC-BO,S-ZB-BO,S-ZE-BO,B-ZD-BO,S-ZB-BO,S-ZE-BR,S-ZF-BR,B-ZF-BR
179,2007.06.29 00:00,USDCAD,60,86400,SELL,ZB,1,1.07330,1.06860,470.0,1.07150,1.05750,1400.0,297.872,38.30,290.0,110.9,1.07150,1.06860,1.05460,BREAK,2007.06.29 11:00,0,,0,,0,,0,NA,London,BREAK,2007.06.29 13:00,BREAK,2007.07.06 17:00,1.07620,UNTOUCHED,,0,,0,,0,,0,NA,Other,NA,,NA,,1.06570,BREAK,2007.06.29 00:00,0,,0,,0,,0,NA,Asia,BREAK,2007.06.29 01:00,BREAK,2007.06.29 06:00,1.07440,UNTOUCHED,,0,,0,,0,,0,NA,Other,NA,,NA,,B-ZG-UN,S-ZG-BR,B-ZF-UN,S-ZF-BR,B-ZB-UN,B-ZE-UN,B-ZO-UN,B-ZF-BR,S-ZB-BO,S-ZG-BR,S-ZE-BR,S-ZC-BO,S-ZB-BO,S-ZE-BO,B-ZD-BO,S-ZB-BO,S-ZE-BR,S-ZF-BR,B-ZF-BR,S-ZF-UN
180,2007.07.02 01:00,USDCAD,60,86400,SELL,ZE,1,1.07150,1.05750,1400.0,1.06580,1.04680,1900.0,135.714,40.71,830.0,330.4,1.06580,1.05750,1.03850,BREAK,2007.07.24 15:00,0,,0,,0,,0,NA,NewYork,UNTOUCHED,,NA,,1.07980,UNTOUCHED,,0,,0,,0,,0,NA,Other,NA,,NA,,1.04920,BREAK,2007.07.06 16:00,0,,0,,0,,0,NA,NewYork,BOUNCE,2007.07.20 19:00,NA,,1.07410,UNTOUCHED,,0,,0,,0,,0,NA,Other,NA,,NA,,S-ZB-BR,B-ZG-UN,S-ZG-BR,B-ZF-UN,S-ZF-BR,B-ZB-UN,B-ZE-UN,B-ZO-UN,B-ZF-BR,S-ZB-BO,S-ZC-BO,S-ZB-BO,S-ZE-BO,B-ZD-BO,S-ZB-BO,S-ZE-BR,S-ZF-BR,B-ZF-BR,S-ZF-UN,B-ZB-BO
181,2007.07.06 00:00,USDCAD,60,86400,SELL,ZC,1,1.06150,1.05570,580.0,1.05910,1.05540,370.0,63.793,41.38,340.0,136.9,1.05910,1.05570,1.05200,BOUNCE,2007.07.06 14:00,1,2007.07.11 12:00,1,2007.07.27 23:00,1,2007.07.30 01:00,3,3w 2d,NewYork,NA,,NA,,1.06490,BREAK,2007.07.30 01:00,0,,0,,0,,0,NA,Asia,BREAK,2007.07.30 15:00,BREAK,2007.08.15 07:00,1.05230,BOUNCE,2007.07.06 14:00,1,2007.07.27 23:00,1,2007.07.30 01:00,0,,2,3w 2d,NewYork,NA,,NA,,1.06250,BREAK,2007.07.27 23:00,0,,0,,0,,0,NA,Other,BREAK,2007.07.30 05:00,BOUNCE,2007.07.30 16:00,S-ZE-BR,S-ZB-BR,B-ZG-UN,S-ZG-BR,B-ZF-UN,S-ZF-BR,B-ZB-UN,B-ZE-UN,B-ZO-UN,B-ZF-BR,S-ZB-BO,S-ZE-BO,B-ZD-BO,S-ZB-BO,S-ZE-BR,S-ZF-BR,B-ZF-BR,S-ZF-UN,B-ZB-BO,S-ZG-BR
182,2007.07.09 01:00,USDCAD,60,86400,SELL,ZB,1,1.05910,1.05540,370.0,1.05680,1.04600,1080.0,291.892,62.16,140.0,87.3,1.05680,1.05540,1.04460,BOUNCE,2007.07.09 10:00,1,2007.07.09 15:00,1,2007.07.11 10:00,1,2007.07.11 13:00,3,2d 3h,London,NA,,NA,,1.06050,BOUNCE,2007.07.11 13:00,1,2007.07.11 16:00,1,2007.07.11 22:00,1,2007.07.13 15:00,3,2d 2h,NewYork,NA,,NA,,1.05400,BREAK,2007.07.09 01:00,0,,0,,0,,0,NA,Asia,BREAK,2007.07.09 02:00,BREAK,2007.07.09 03:00,1.05820,BOUNCE,2007.07.11 10:00,1,2007.07.11 22:00,1,2007.07.11 22:00,0,,2,12h,London,NA,,NA,,S-ZC-BO,S-ZE-BR,S-ZB-BR,B-ZG-UN,S-ZG-BR,B-ZF-UN,S-ZF-BR,B-ZB-UN,B-ZE-UN,B-ZO-UN,S-ZE-BO,B-ZD-BO,S-ZB-BO,S-ZE-BR,S-ZF-BR,B-ZF-BR,S-ZF-UN,B-ZB-BO,S-ZG-BR,S-ZD-BR
183,2007.07.10 00:00,USDCAD,60,86400,SELL,ZE,1,1.05680,1.04600,1080.0,1.05020,1.04440,580.0,53.704,61.11,420.0,254.9,1.05020,1.04600,1.04020,BOUNCE,2007.07.18 10:00,1,2007.07.20 19:00,1,2007.07.26 21:00,1,2007.07.27 14:00,3,1w 2d,London,NA,,NA,,1.06100,BOUNCE,2007.07.11 13:00,1,2007.07.12 09:00,1,2007.07.16 17:00,1,2007.07.18 10:00,3,6d 21h,NewYork,NA,,NA,,1.04180,BOUNCE,2007.07.16 17:00,1,2007.07.26 21:00,1,2007.07.27 14:00,0,,2,1w 3d,NewYork,NA,,NA,,1.05440,BREAK,2007.07.10 23:00,0,,0,,0,,0,NA,Other,BOUNCE,2007.07.11 22:00,NA,,S-ZB-BO,S-ZC-BO,S-ZE-BR,S-ZB-BR,B-ZG-UN,S-ZG-BR,B-ZF-UN,S-ZF-BR,B-ZB-UN,B-ZE-UN,B-ZD-BO,S-ZB-BO,S-ZE-BR,S-ZF-BR,B-ZF-BR,S-ZF-UN,B-ZB-BO,S-ZG-BR,S-ZD-BR,S-ZG-BR
184,2007.07.11 00:00,USDCAD,60,86400,BUY,ZD,1,1.05020,1.04440,580.0,1.05450,1.04760,690.0,118.966,55.17,260.0,136.9,1.05020,1.04760,1.05710,BOUNCE,2007.07.11 09:00,1,2007.07.12 10:00,1,2007.07.12 23:00,1,2007.07.16 17:00,3,5d 8h,London,NA,,NA,,1.04180,BOUNCE,2007.07.16 17:00,1,2007.07.18 14:00,1,2007.07.26 17:00,1,2007.07.27 08:00,3,1w 3d,NewYork,NA,,NA,,1.05280,BREAK,2007.07.11 00:00,0,,0,,0,,0,NA,Asia,BREAK,2007.07.11 09:00,BREAK,2007.07.11 12:00,1.04500,BOUNCE,2007.07.12 23:00,1,2007.07.26 17:00,1,2007.07.26 17:00,0,,2,1w 6d,Other,NA,,NA,,S-ZE-BO,S-ZB-BO,S-ZC-BO,S-ZE-BR,S-ZB-BR,B-ZG-UN,S-ZG-BR,B-ZF-UN,S-ZF-BR,B-ZB-UN,S-ZB-BO,S-ZE-BR,S-ZF-BR,B-ZF-BR,S-ZF-UN,B-ZB-BO,S-ZG-BR,S-ZD-BR,S-ZG-BR,B-ZO-BR
185,2007.07.13 00:00,USDCAD,60,86400,SELL,ZB,1,1.06100,1.05240,860.0,1.05550,1.04480,1070.0,124.419,63.95,310.0,203.0,1.05550,1.05240,1.04170,BOUNCE,2007.07.16 18:00,1,2007.07.20 19:00,1,2007.07.27 09:00,1,2007.07.27 23:00,3,1w 4d,NewYork,NA,,NA,,1.06410,BREAK,2007.07.27 23:00,0,,0,,0,,0,NA,Other,BREAK,2007.07.30 15:00,BREAK,2007.08.15 07:00,1.04930,BREAK,2007.07.13 00:00,0,,0,,0,,0,NA,Asia,BOUNCE,2007.07.13 17:00,NA,,1.05860,BREAK,2007.07.27 09:00,0,,0,,0,,0,NA,London,BREAK,2007.07.27 23:00,BREAK,2007.07.30 05:00,B-ZD-BO,S-ZE-BO,S-ZB-BO,S-ZC-BO,S-ZE-BR,S-ZB-BR,B-ZG-UN,S-ZG-BR,B-ZF-UN,S-ZF-BR,S-ZE-BR,S-ZF-BR,B-ZF-BR,S-ZF-UN,B-ZB-BO,S-ZG-BR,S-ZD-BR,S-ZG-BR,B-ZO-BR,S-ZO-BR
186,2007.07.16 01:00,USDCAD,60,86400,SELL,ZE,1,1.05550,1.04480,1070.0,1.04970,1.04460,510.0,47.664,54.21,490.0,252.5,1.04970,1.04480,1.03970,BREAK,2007.07.24 15:00,0,,0,,0,,0,NA,NewYork,BOUNCE,2007.07.25 15:00,NA,,1.06040,BOUNCE,2007.07.27 09:00,1,2007.08.03 16:00,0,,0,,1,1w 0d,London,NA,,NA,,1.03990,BREAK,2007.07.24 15:00,0,,0,,0,,0,NA,NewYork,BOUNCE,2007.07.25 15:00,NA,,1.05460,BREAK,2007.07.26 21:00,0,,0,,0,,0,NA,Other,BOUNCE,2007.07.27 15:00,NA,,S-ZB-BO,B-ZD-BO,S-ZE-BO,S-ZB-BO,S-ZC-BO,S-ZE-BR,S-ZB-BR,B-ZG-UN,S-ZG-BR,B-ZF-UN,S-ZF-BR,B-ZF-BR,S-ZF-UN,B-ZB-BO,S-ZG-BR,S-ZD-BR,S-ZG-BR,B-ZO-BR,S-ZO-BR,S-ZF-BR
187,2007.07.17 00:00,USDCAD,60,86400,SELL,ZF,0,1.04970,1.04460,510.0,1.04830,1.04150,680.0,133.333,27.45,370.0,120.4,1.04830,1.04460,1.03780,BREAK,2007.07.24 15:00,0,,0,,0,,0,NA,NewYork,BOUNCE,2007.07.24 22:00,NA,,1.05340,BREAK,2007.07.26 21:00,0,,0,,0,,0,NA,Other,BREAK,2007.07.27 09:00,BOUNCE,2007.07.27 15:00,1.04090,BOUNCE,2007.07.18 07:00,1,2007.07.26 17:00,1,2007.07.26 21:00,0,,2,1w 1d,London,NA,,NA,,1.05200,BOUNCE,2007.07.26 17:00,0,,0,,0,,0,NA,NewYork,NA,,NA,,S-ZE-BR,S-ZB-BO,B-ZD-BO,S-ZE-BO,S-ZB-BO,S-ZC-BO,S-ZE-BR,S-ZB-BR,B-ZG-UN,S-ZG-BR,B-ZF-BR,S-ZF-UN,B-ZB-BO,S-ZG-BR,S-ZD-BR,S-ZG-BR,B-ZO-BR,S-ZO-BR,S-ZF-BR,B-ZF-BR
188,2007.07.23 01:00,USDCAD,60,86400,BUY,ZF,0,1.04650,1.04110,540.0,1.04960,1.04120,840.0,155.556,1.85,530.0,127.4,1.04650,1.04120,1.05490,BREAK,2007.07.26 21:00,0,,0,,0,,0,NA,Other,BOUNCE,2007.07.27 15:00,NA,,1.03580,BREAK,2007.07.24 19:00,0,,0,,0,,0,NA,NewYork,UNTOUCHED,,NA,,1.05180,BREAK,2007.07.26 17:00,0,,0,,0,,0,NA,NewYork,BREAK,2007.07.27 09:00,BREAK,2007.07.27 23:00,1.03590,BREAK,2007.07.24 19:00,0,,0,,0,,0,NA,NewYork,UNTOUCHED,,NA,,S-ZF-BR,S-ZE-BR,S-ZB-BO,B-ZD-BO,S-ZE-BO,S-ZB-BO,S-ZC-BO,S-ZE-BR,S-ZB-BR,B-ZG-UN,S-ZF-UN,B-ZB-BO,S-ZG-BR,S-ZD-BR,S-ZG-BR,B-ZO-BR,S-ZO-BR,S-ZF-BR,B-ZF-BR,S-ZC-BR
189,2007.07.25 00:00,USDCAD,60,86400,SELL,ZF,1,1.04860,1.04240,620.0,1.04730,1.03390,1340.0,216.129,20.97,490.0,146.3,1.04730,1.04240,1.02900,UNTOUCHED,,0,,0,,0,,0,NA,Other,NA,,NA,,1.05350,BREAK,2007.07.26 21:00,0,,0,,0,,0,NA,Other,BREAK,2007.07.27 09:00,BREAK,2007.07.30 01:00,1.03750,BREAK,2007.07.25 00:00,0,,0,,0,,0,NA,Asia,UNTOUCHED,,NA,,1.05220,BREAK,2007.07.26 17:00,0,,0,,0,,0,NA,NewYork,BREAK,2007.07.27 09:00,BREAK,2007.07.27 23:00,B-ZF-BR,S-ZF-BR,S-ZE-BR,S-ZB-BO,B-ZD-BO,S-ZE-BO,S-ZB-BO,S-ZC-BO,S-ZE-BR,S-ZB-BR,B-ZB-BO,S-ZG-BR,S-ZD-BR,S-ZG-BR,B-ZO-BR,S-ZO-BR,S-ZF-BR,B-ZF-BR,S-ZC-BR,B-ZB-BR
190,2007.07.27 00:00,USDCAD,60,86400,BUY,ZB,1,1.04480,1.03390,1090.0,1.05530,1.04030,1500.0,137.615,58.72,450.0,257.2,1.04480,1.04030,1.05980,BOUNCE,2007.07.27 09:00,1,2007.08.02 19:00,0,,0,,1,6d 10h,London,NA,,NA,,1.02940,UNTOUCHED,,0,,0,,0,,0,NA,Other,NA,,NA,,1.04930,BREAK,2007.07.27 00:00,0,,0,,0,,0,NA,Asia,BREAK,2007.07.27 08:00,BREAK,2007.07.27 14:00,1.03580,UNTOUCHED,,0,,0,,0,,0,NA,Other,NA,,NA,,S-ZF-UN,B-ZF-BR,S-ZF-BR,S-ZE-BR,S-ZB-BO,B-ZD-BO,S-ZE-BO,S-ZB-BO,S-ZC-BO,S-ZE-BR,S-ZG-BR,S-ZD-BR,S-ZG-BR,B-ZO-BR,S-ZO-BR,S-ZF-BR,B-ZF-BR,S-ZC-BR,B-ZB-BR,B-ZO-UN
191,2007.08.01 00:00,USDCAD,60,86400,SELL,ZG,1,1.06980,1.06380,600.0,1.06860,1.05830,1030.0,171.667,20.00,480.0,141.6,1.06860,1.06380,1.05350,BREAK,2007.08.02 16:00,0,,0,,0,,0,NA,NewYork,BREAK,2007.08.08 16:00,BOUNCE,2007.09.11 13:00,1.07460,BREAK,2007.08.15 09:00,0,,0,,0,,0,NA,London,BOUNCE,2007.08.15 14:00,NA,,1.05900,BREAK,2007.08.01 17:00,0,,0,,0,,0,NA,NewYork,BREAK,2007.08.02 16:00,BOUNCE,2007.08.07 10:00,1.07340,BREAK,2007.08.15 09:00,0,,0,,0,,0,NA,London,BOUNCE,2007.08.15 14:00,NA,,B-ZB-BO,S-ZF-UN,B-ZF-BR,S-ZF-BR,S-ZE-BR,S-ZB-BO,B-ZD-BO,S-ZE-BO,S-ZB-BO,S-ZC-BO,S-ZD-BR,S-ZG-BR,B-ZO-BR,S-ZO-BR,S-ZF-BR,B-ZF-BR,S-ZC-BR,B-ZB-BR,B-ZO-UN,S-ZF-BR
192,2007.08.03 00:00,USDCAD,60,86400,SELL,ZD,1,1.06980,1.05510,1470.0,1.05970,1.05070,900.0,61.224,68.71,460.0,346.9,1.05970,1.05510,1.04610,BREAK,2007.09.11 11:00,0,,0,,0,,0,NA,London,BREAK,2007.09.12 17:00,BREAK,2007.09.13 11:00,1.07440,BREAK,2007.08.15 09:00,0,,0,,0,,0,NA,London,BOUNCE,2007.08.15 16:00,NA,,1.05050,BOUNCE,2007.08.03 16:00,1,2007.08.14 17:00,1,2007.08.15 09:00,0,,2,1w 4d,NewYork,NA,,NA,,1.06430,BREAK,2007.08.14 17:00,0,,0,,0,,0,NA,NewYork,BREAK,2007.08.15 07:00,BREAK,2007.08.15 14:00,S-ZG-BR,B-ZB-BO,S-ZF-UN,B-ZF-BR,S-ZF-BR,S-ZE-BR,S-ZB-BO,B-ZD-BO,S-ZE-BO,S-ZB-BO,S-ZG-BR,B-ZO-BR,S-ZO-BR,S-ZF-BR,B-ZF-BR,S-ZC-BR,B-ZB-BR,B-ZO-UN,S-ZF-BR,S-ZC-BR
193,2007.08.06 01:00,USDCAD,60,86400,SELL,ZG,0,1.05970,1.05070,900.0,1.05750,1.05000,750.0,83.333,24.44,680.0,212.4,1.05750,1.05070,1.04320,BREAK,2007.09.11 16:00,0,,0,,0,,0,NA,NewYork,BREAK,2007.09.13 11:00,BREAK,2007.09.17 08:00,1.06650,BREAK,2007.08.14 21:00,0,,0,,0,,0,NA,Other,BREAK,2007.08.15 13:00,BREAK,2007.08.16 06:00,1.04390,BREAK,2007.09.11 11:00,0,,0,,0,,0,NA,London,BREAK,2007.09.13 10:00,BREAK,2007.09.14 14:00,1.06430,BREAK,2007.08.14 17:00,0,,0,,0,,0,NA,NewYork,BREAK,2007.08.15 09:00,BREAK,2007.08.16 00:00,S-ZD-BR,S-ZG-BR,B-ZB-BO,S-ZF-UN,B-ZF-BR,S-ZF-BR,S-ZE-BR,S-ZB-BO,B-ZD-BO,S-ZE-BO,B-ZO-BR,S-ZO-BR,S-ZF-BR,B-ZF-BR,S-ZC-BR,B-ZB-BR,B-ZO-UN,S-ZF-BR,S-ZC-BR,B-ZG-UN
194,2007.08.07 00:00,USDCAD,60,86400,BUY,ZO,0,1.05750,1.05000,750.0,1.05880,1.05030,850.0,113.333,4.00,720.0,177.0,1.05750,1.05030,1.06600,BREAK,2007.08.14 20:00,0,,0,,0,,0,NA,NewYork,BREAK,2007.08.15 13:00,BREAK,2007.08.16 06:00,1.04280,BREAK,2007.09.11 16:00,0,,0,,0,,0,NA,NewYork,BREAK,2007.09.13 11:00,BREAK,2007.09.17 08:00,1.06470,BREAK,2007.08.14 17:00,0,,0,,0,,0,NA,NewYork,BREAK,2007.08.15 09:00,BREAK,2007.08.16 03:00,1.04310,BREAK,2007.09.11 16:00,0,,0,,0,,0,NA,NewYork,BREAK,2007.09.13 11:00,BREAK,2007.09.17 08:00,S-ZG-BR,S-ZD-BR,S-ZG-BR,B-ZB-BO,S-ZF-UN,B-ZF-BR,S-ZF-BR,S-ZE-BR,S-ZB-BO,B-ZD-BO,S-ZO-BR,S-ZF-BR,B-ZF-BR,S-ZC-BR,B-ZB-BR,B-ZO-UN,S-ZF-BR,S-ZC-BR,B-ZG-UN,B-ZO-UN
195,2007.08.08 00:00,USDCAD,60,86400,SELL,ZO,0,1.05880,1.05030,850.0,1.05730,1.04880,850.0,100.000,17.65,700.0,200.6,1.05730,1.05030,1.04180,BREAK,2007.09.11 20:00,0,,0,,0,,0,NA,NewYork,BREAK,2007.09.13 11:00,BREAK,2007.09.17 08:00,1.06580,BREAK,2007.08.14 20:00,0,,0,,0,,0,NA,NewYork,BREAK,2007.08.15 13:00,BREAK,2007.08.16 06:00,1.04330,BREAK,2007.09.11 16:00,0,,0,,0,,0,NA,NewYork,BREAK,2007.09.13 11:00,BREAK,2007.09.17 08:00,1.06430,BREAK,2007.08.14 17:00,0,,0,,0,,0,NA,NewYork,BREAK,2007.08.15 09:00,BREAK,2007.08.16 01:00,B-ZO-BR,S-ZG-BR,S-ZD-BR,S-ZG-BR,B-ZB-BO,S-ZF-UN,B-ZF-BR,S-ZF-BR,S-ZE-BR,S-ZB-BO,S-ZF-BR,B-ZF-BR,S-ZC-BR,B-ZB-BR,B-ZO-UN,S-ZF-BR,S-ZC-BR,B-ZG-UN,B-ZO-UN,S-ZB-BR
196,2007.08.09 00:00,USDCAD,60,86400,SELL,ZF,0,1.05730,1.04880,850.0,1.05650,1.04610,1040.0,122.353,9.41,770.0,200.6,1.05650,1.04880,1.03840,BREAK,2007.09.12 17:00,0,,0,,0,,0,NA,NewYork,BREAK,2007.09.14 14:00,BREAK,2007.09.18 15:00,1.06500,BREAK,2007.08.14 17:00,0,,0,,0,,0,NA,NewYork,BREAK,2007.08.15 13:00,BREAK,2007.08.16 06:00,1.04110,BREAK,2007.09.11 21:00,0,,0,,0,,0,NA,Other,BREAK,2007.09.13 11:00,BREAK,2007.09.18 15:00,1.06420,BOUNCE,2007.08.09 16:00,1,2007.09.11 21:00,1,2007.09.11 21:00,0,,2,4w 5d,NewYork,NA,,NA,,S-ZO-BR,B-ZO-BR,S-ZG-BR,S-ZD-BR,S-ZG-BR,B-ZB-BO,S-ZF-UN,B-ZF-BR,S-ZF-BR,S-ZE-BR,B-ZF-BR,S-ZC-BR,B-ZB-BR,B-ZO-UN,S-ZF-BR,S-ZC-BR,B-ZG-UN,B-ZO-UN,S-ZB-BR,S-ZO-BR
197,2007.08.10 00:00,USDCAD,60,86400,BUY,ZF,1,1.05650,1.04610,1040.0,1.06420,1.04690,1730.0,166.346,7.69,960.0,245.4,1.05650,1.04690,1.07380,BREAK,2007.08.15 09:00,0,,0,,0,,0,NA,London,BREAK,2007.08.16 13:00,UNTOUCHED,,1.03650,BREAK,2007.09.12 17:00,0,,0,,0,,0,NA,NewYork,BREAK,2007.09.17 10:00,BREAK,2007.09.18 22:00,1.06610,BREAK,2007.08.14 20:00,0,,0,,0,,0,NA,NewYork,BREAK,2007.08.15 14:00,BOUNCE,2007.08.16 15:00,1.03730,BREAK,2007.09.12 17:00,0,,0,,0,,0,NA,NewYork,BREAK,2007.09.17 10:00,BREAK,2007.09.18 22:00,S-ZF-BR,S-ZO-BR,B-ZO-BR,S-ZG-BR,S-ZD-BR,S-ZG-BR,B-ZB-BO,S-ZF-UN,B-ZF-BR,S-ZF-BR,S-ZC-BR,B-ZB-BR,B-ZO-UN,S-ZF-BR,S-ZC-BR,B-ZG-UN,B-ZO-UN,S-ZB-BR,S-ZO-BR,B-ZO-UN
198,2007.08.14 00:00,USDCAD,60,86400,SELL,ZC,1,1.06170,1.05140,1030.0,1.05620,1.04840,780.0,75.728,53.40,480.0,243.1,1.05620,1.05140,1.04360,BREAK,2007.09.11 16:00,0,,0,,0,,0,NA,NewYork,BREAK,2007.09.12 17:00,BREAK,2007.09.13 11:00,1.06650,BREAK,2007.08.14 21:00,0,,0,,0,,0,NA,Other,BREAK,2007.08.15 09:00,BREAK,2007.08.15 14:00,1.04660,BREAK,2007.09.11 10:00,0,,0,,0,,0,NA,London,BREAK,2007.09.12 16:00,BREAK,2007.09.13 11:00,1.06100,BOUNCE,2007.08.14 15:00,1,2007.09.11 10:00,1,2007.09.11 10:00,0,,2,3w 6d,NewYork,NA,,NA,,B-ZF-BR,S-ZF-BR,S-ZO-BR,B-ZO-BR,S-ZG-BR,S-ZD-BR,S-ZG-BR,B-ZB-BO,S-ZF-UN,B-ZF-BR,B-ZB-BR,B-ZO-UN,S-ZF-BR,S-ZC-BR,B-ZG-UN,B-ZO-UN,S-ZB-BR,S-ZO-BR,B-ZO-UN,S-ZO-BR
199,2007.08.15 00:00,USDCAD,60,86400,BUY,ZB,1,1.05620,1.04840,780.0,1.06840,1.05330,1510.0,193.590,62.82,290.0,184.1,1.05620,1.05330,1.07130,BREAK,2007.08.15 06:00,0,,0,,0,,0,NA,Asia,BOUNCE,2007.08.15 10:00,NA,,1.04550,BOUNCE,2007.09.11 11:00,0,,0,,0,,0,NA,London,NA,,NA,,1.05910,BREAK,2007.08.15 00:00,0,,0,,0,,0,NA,Asia,BREAK,2007.08.15 01:00,BREAK,2007.08.15 02:00,1.05040,BREAK,2007.08.23 15:00,0,,0,,0,,0,NA,NewYork,BOUNCE,2007.08.27 15:00,NA,,S-ZC-BR,B-ZF-BR,S-ZF-BR,S-ZO-BR,B-ZO-BR,S-ZG-BR,S-ZD-BR,S-ZG-BR,B-ZB-BO,S-ZF-UN,B-ZO-UN,S-ZF-BR,S-ZC-BR,B-ZG-UN,B-ZO-UN,S-ZB-BR,S-ZO-BR,B-ZO-UN,S-ZO-BR,S-ZE-BR
200,2007.08.17 00:00,USDCAD,60,86400,BUY,ZO,0,1.07950,1.06700,1250.0,1.08660,1.06730,1930.0,154.400,2.40,1220.0,295.0,1.07950,1.06730,1.09880,UNTOUCHED,,0,,0,,0,,0,NA,Other,NA,,NA,,1.05480,BOUNCE,2007.08.20 22:00,0,,0,,0,,0,NA,Other,NA,,NA,,1.09170,UNTOUCHED,,0,,0,,0,,0,NA,Other,NA,,NA,,1.05510,BOUNCE,2007.08.17 15:00,0,,0,,0,,0,NA,NewYork,NA,,NA,,B-ZB-BR,S-ZC-BR,B-ZF-BR,S-ZF-BR,S-ZO-BR,B-ZO-BR,S-ZG-BR,S-ZD-BR,S-ZG-BR,B-ZB-BO,S-ZF-BR,S-ZC-BR,B-ZG-UN,B-ZO-UN,S-ZB-BR,S-ZO-BR,B-ZO-UN,S-ZO-BR,S-ZE-BR,B-ZO-UN
201,2007.08.20 01:00,USDCAD,60,86400,SELL,ZF,1,1.08660,1.06730,1930.0,1.07930,1.05510,2420.0,125.389,37.82,1200.0,455.5,1.07930,1.06730,1.04310,BREAK,2007.09.11 16:00,0,,0,,0,,0,NA,NewYork,BREAK,2007.09.17 08:00,BREAK,2007.09.18 22:00,1.09860,UNTOUCHED,,0,,0,,0,,0,NA,Other,NA,,NA,,1.05530,BOUNCE,2007.08.20 15:00,0,,0,,0,,0,NA,NewYork,NA,,NA,,1.09130,UNTOUCHED,,0,,0,,0,,0,NA,Other,NA,,NA,,B-ZO-UN,B-ZB-BR,S-ZC-BR,B-ZF-BR,S-ZF-BR,S-ZO-BR,B-ZO-BR,S-ZG-BR,S-ZD-BR,S-ZG-BR,S-ZC-BR,B-ZG-UN,B-ZO-UN,S-ZB-BR,S-ZO-BR,B-ZO-UN,S-ZO-BR,S-ZE-BR,B-ZO-UN,S-ZO-BR
202,2007.08.21 00:00,USDCAD,60,86400,SELL,ZC,1,1.07930,1.05510,2420.0,1.06250,1.05300,950.0,39.256,69.42,740.0,571.1,1.06250,1.05510,1.04560,BREAK,2007.09.11 11:00,0,,0,,0,,0,NA,London,BREAK,2007.09.13 11:00,BREAK,2007.09.17 10:00,1.08670,UNTOUCHED,,0,,0,,0,,0,NA,Other,NA,,NA,,1.04770,BOUNCE,2007.08.23 15:00,0,,0,,0,,0,NA,NewYork,NA,,NA,,1.06990,UNTOUCHED,,0,,0,,0,,0,NA,Other,NA,,NA,,S-ZF-BR,B-ZO-UN,B-ZB-BR,S-ZC-BR,B-ZF-BR,S-ZF-BR,S-ZO-BR,B-ZO-BR,S-ZG-BR,S-ZD-BR,B-ZG-UN,B-ZO-UN,S-ZB-BR,S-ZO-BR,B-ZO-UN,S-ZO-BR,S-ZE-BR,B-ZO-UN,S-ZO-BR,B-ZE-UN
203,2007.08.22 00:00,USDCAD,60,86400,BUY,ZG,1,1.06250,1.05300,950.0,1.06490,1.05410,1080.0,113.684,11.58,840.0,224.2,1.06250,1.05410,1.07330,UNTOUCHED,,0,,0,,0,,0,NA,Other,NA,,NA,,1.04460,BREAK,2007.09.11 11:00,0,,0,,0,,0,NA,London,BREAK,2007.09.13 11:00,BREAK,2007.09.17 10:00,1.07090,UNTOUCHED,,0,,0,,0,,0,NA,Other,NA,,NA,,1.04570,BREAK,2007.09.11 11:00,0,,0,,0,,0,NA,London,BREAK,2007.09.13 10:00,BREAK,2007.09.17 08:00,S-ZC-BR,S-ZF-BR,B-ZO-UN,B-ZB-BR,S-ZC-BR,B-ZF-BR,S-ZF-BR,S-ZO-BR,B-ZO-BR,S-ZG-BR,B-ZO-UN,S-ZB-BR,S-ZO-BR,B-ZO-UN,S-ZO-BR,S-ZE-BR,B-ZO-UN,S-ZO-BR,B-ZE-UN,S-ZB-BO
204,2007.08.23 00:00,USDCAD,60,86400,BUY,ZO,0,1.06490,1.05410,1080.0,1.06900,1.05720,1180.0,109.259,28.70,770.0,254.9,1.06490,1.05720,1.07670,UNTOUCHED,,0,,0,,0,,0,NA,Other,NA,,NA,,1.04640,BREAK,2007.09.11 10:00,0,,0,,0,,0,NA,London,BREAK,2007.09.12 18:00,BREAK,2007.09.14 14:00,1.07260,UNTOUCHED,,0,,0,,0,,0,NA,Other,NA,,NA,,1.04950,BOUNCE,2007.08.23 15:00,0,,0,,0,,0,NA,NewYork,NA,,NA,,B-ZG-UN,S-ZC-BR,S-ZF-BR,B-ZO-UN,B-ZB-BR,S-ZC-BR,B-ZF-BR,S-ZF-BR,S-ZO-BR,B-ZO-BR,S-ZB-BR,S-ZO-BR,B-ZO-UN,S-ZO-BR,S-ZE-BR,B-ZO-UN,S-ZO-BR,B-ZE-UN,S-ZB-BO,S-ZC-BO
205,2007.08.24 00:00,USDCAD,60,86400,SELL,ZB,1,1.06900,1.05720,1180.0,1.06330,1.04740,1590.0,134.746,48.31,610.0,278.5,1.06330,1.05720,1.04130,BREAK,2007.09.11 21:00,0,,0,,0,,0,NA,Other,BREAK,2007.09.13 11:00,BREAK,2007.09.17 08:00,1.07510,UNTOUCHED,,0,,0,,0,,0,NA,Other,NA,,NA,,1.05110,BREAK,2007.08.24 11:00,0,,0,,0,,0,NA,London,BREAK,2007.09.11 16:00,BREAK,2007.09.12 18:00,1.06940,UNTOUCHED,,0,,0,,0,,0,NA,Other,NA,,NA,,B-ZO-UN,B-ZG-UN,S-ZC-BR,S-ZF-BR,B-ZO-UN,B-ZB-BR,S-ZC-BR,B-ZF-BR,S-ZF-BR,S-ZO-BR,S-ZO-BR,B-ZO-UN,S-ZO-BR,S-ZE-BR,B-ZO-UN,S-ZO-BR,B-ZE-UN,S-ZB-BO,S-ZC-BO,S-ZF-BR
206,2007.08.28 00:00,USDCAD,60,86400,SELL,ZO,0,1.05660,1.04910,750.0,1.05490,1.04690,800.0,106.667,22.67,580.0,177.0,1.05490,1.04910,1.04110,BREAK,2007.09.11 21:00,0,,0,,0,,0,NA,Other,BREAK,2007.09.13 11:00,BREAK,2007.09.14 20:00,1.06240,BREAK,2007.08.28 18:00,0,,0,,0,,0,NA,NewYork,UNTOUCHED,,NA,,1.04330,BREAK,2007.09.11 16:00,0,,0,,0,,0,NA,NewYork,BREAK,2007.09.12 20:00,BOUNCE,2007.09.13 15:00,1.06070,BREAK,2007.08.28 16:00,0,,0,,0,,0,NA,NewYork,BOUNCE,2007.08.29 13:00,NA,,S-ZB-BR,B-ZO-UN,B-ZG-UN,S-ZC-BR,S-ZF-BR,B-ZO-UN,B-ZB-BR,S-ZC-BR,B-ZF-BR,S-ZF-BR,B-ZO-UN,S-ZO-BR,S-ZE-BR,B-ZO-UN,S-ZO-BR,B-ZE-UN,S-ZB-BO,S-ZC-BO,S-ZF-BR,S-ZD-BO
207,2007.08.30 00:00,USDCAD,60,86400,BUY,ZO,0,1.06500,1.05330,1170.0,1.06760,1.05770,990.0,84.615,37.61,730.0,276.1,1.06500,1.05770,1.07490,UNTOUCHED,,0,,0,,0,,0,NA,Other,NA,,NA,,1.04600,BREAK,2007.09.11 11:00,0,,0,,0,,0,NA,London,BREAK,2007.09.12 19:00,BREAK,2007.09.14 14:00,1.07230,UNTOUCHED,,0,,0,,0,,0,NA,Other,NA,,NA,,1.05040,BOUNCE,2007.09.04 18:00,0,,0,,0,,0,NA,NewYork,NA,,NA,,S-ZO-BR,S-ZB-BR,B-ZO-UN,B-ZG-UN,S-ZC-BR,S-ZF-BR,B-ZO-UN,B-ZB-BR,S-ZC-BR,B-ZF-BR,S-ZO-BR,S-ZE-BR,B-ZO-UN,S-ZO-BR,B-ZE-UN,S-ZB-BO,S-ZC-BO,S-ZF-BR,S-ZD-BO,S-ZF-BR
208,2007.08.31 00:00,USDCAD,60,86400,SELL,ZO,0,1.06760,1.05770,990.0,1.06600,1.05430,1170.0,118.182,16.16,830.0,233.6,1.06600,1.05770,1.04600,BREAK,2007.09.11 11:00,0,,0,,0,,0,NA,London,BREAK,2007.09.13 07:00,BREAK,2007.09.17 08:00,1.07590,UNTOUCHED,,0,,0,,0,,0,NA,Other,NA,,NA,,1.04940,BOUNCE,2007.09.04 18:00,0,,0,,0,,0,NA,NewYork,NA,,NA,,1.07430,UNTOUCHED,,0,,0,,0,,0,NA,Other,NA,,NA,,B-ZO-UN,S-ZO-BR,S-ZB-BR,B-ZO-UN,B-ZG-UN,S-ZC-BR,S-ZF-BR,B-ZO-UN,B-ZB-BR,S-ZC-BR,S-ZE-BR,B-ZO-UN,S-ZO-BR,B-ZE-UN,S-ZB-BO,S-ZC-BO,S-ZF-BR,S-ZD-BO,S-ZF-BR,S-ZE-BO
209,2007.09.03 01:00,USDCAD,60,86400,SELL,ZE,1,1.06600,1.05430,1170.0,1.05920,1.05060,860.0,73.504,58.12,490.0,276.1,1.05920,1.05430,1.04570,BREAK,2007.09.11 11:00,0,,0,,0,,0,NA,London,BREAK,2007.09.12 17:00,BREAK,2007.09.13 11:00,1.07090,UNTOUCHED,,0,,0,,0,,0,NA,Other,NA,,NA,,1.04940,BOUNCE,2007.09.04 18:00,0,,0,,0,,0,NA,NewYork,NA,,NA,,1.06410,UNTOUCHED,,0,,0,,0,,0,NA,Other,NA,,NA,,S-ZO-BR,B-ZO-UN,S-ZO-BR,S-ZB-BR,B-ZO-UN,B-ZG-UN,S-ZC-BR,S-ZF-BR,B-ZO-UN,B-ZB-BR,B-ZO-UN,S-ZO-BR,B-ZE-UN,S-ZB-BO,S-ZC-BO,S-ZF-BR,S-ZD-BO,S-ZF-BR,S-ZE-BO,S-ZF-BO
210,2007.09.07 00:00,USDCAD,60,86400,BUY,ZO,0,1.05640,1.04830,810.0,1.05800,1.05050,750.0,92.593,27.16,590.0,191.2,1.05640,1.05050,1.06390,UNTOUCHED,,0,,0,,0,,0,NA,Other,NA,,NA,,1.04240,BREAK,2007.09.11 16:00,0,,0,,0,,0,NA,NewYork,BREAK,2007.09.13 11:00,BREAK,2007.09.14 14:00,1.06230,UNTOUCHED,,0,,0,,0,,0,NA,Other,NA,,NA,,1.04460,BREAK,2007.09.11 11:00,0,,0,,0,,0,NA,London,BREAK,2007.09.12 17:00,BREAK,2007.09.14 14:00,S-ZE-BR,S-ZO-BR,B-ZO-UN,S-ZO-BR,S-ZB-BR,B-ZO-UN,B-ZG-UN,S-ZC-BR,S-ZF-BR,B-ZO-UN,S-ZO-BR,B-ZE-UN,S-ZB-BO,S-ZC-BO,S-ZF-BR,S-ZD-BO,S-ZF-BR,S-ZE-BO,S-ZF-BO,S-ZE-BO
211,2007.09.10 01:00,USDCAD,60,86400,SELL,ZO,0,1.05800,1.05050,750.0,1.05750,1.04710,1040.0,138.667,6.67,700.0,177.0,1.05750,1.05050,1.04010,BREAK,2007.09.12 14:00,0,,0,,0,,0,NA,NewYork,BREAK,2007.09.13 11:00,BREAK,2007.09.17 10:00,1.06500,UNTOUCHED,,0,,0,,0,,0,NA,Other,NA,,NA,,1.04350,BREAK,2007.09.11 16:00,0,,0,,0,,0,NA,NewYork,BREAK,2007.09.13 11:00,BREAK,2007.09.14 20:00,1.06450,UNTOUCHED,,0,,0,,0,,0,NA,Other,NA,,NA,,B-ZO-UN,S-ZE-BR,S-ZO-BR,B-ZO-UN,S-ZO-BR,S-ZB-BR,B-ZO-UN,B-ZG-UN,S-ZC-BR,S-ZF-BR,B-ZE-UN,S-ZB-BO,S-ZC-BO,S-ZF-BR,S-ZD-BO,S-ZF-BR,S-ZE-BO,S-ZF-BO,S-ZE-BO,B-ZD-UN
212,2007.09.11 00:00,USDCAD,60,86400,BUY,ZE,1,1.05750,1.04710,1040.0,1.05890,1.05150,740.0,71.154,42.31,600.0,245.4,1.05750,1.05150,1.06490,UNTOUCHED,,0,,0,,0,,0,NA,Other,NA,,NA,,1.04110,BREAK,2007.09.11 21:00,0,,0,,0,,0,NA,Other,BREAK,2007.09.13 11:00,BREAK,2007.09.17 08:00,1.06350,UNTOUCHED,,0,,0,,0,,0,NA,Other,NA,,NA,,1.04550,BREAK,2007.09.11 11:00,0,,0,,0,,0,NA,London,BREAK,2007.09.12 17:00,BREAK,2007.09.14 11:00,S-ZO-BR,B-ZO-UN,S-ZE-BR,S-ZO-BR,B-ZO-UN,S-ZO-BR,S-ZB-BR,B-ZO-UN,B-ZG-UN,S-ZC-BR,S-ZB-BO,S-ZC-BO,S-ZF-BR,S-ZD-BO,S-ZF-BR,S-ZE-BO,S-ZF-BO,S-ZE-BO,B-ZD-UN,B-ZG-UN
213,2007.09.13 00:00,USDCAD,60,86400,SELL,ZB,1,1.05300,1.04090,1210.0,1.04420,1.03540,880.0,72.727,72.73,330.0,285.6,1.04420,1.04090,1.03210,BOUNCE,2007.09.13 11:00,0,,0,,0,,0,NA,London,NA,,NA,,1.05630,UNTOUCHED,,0,,0,,0,,0,NA,Other,NA,,NA,,1.03760,BREAK,2007.09.13 00:00,0,,0,,0,,0,NA,Asia,BREAK,2007.09.13 12:00,BREAK,2007.09.14 14:00,1.04750,UNTOUCHED,,0,,0,,0,,0,NA,Other,NA,,NA,,B-ZE-UN,S-ZO-BR,B-ZO-UN,S-ZE-BR,S-ZO-BR,B-ZO-UN,S-ZO-BR,S-ZB-BR,B-ZO-UN,B-ZG-UN,S-ZC-BO,S-ZF-BR,S-ZD-BO,S-ZF-BR,S-ZE-BO,S-ZF-BO,S-ZE-BO,B-ZD-UN,B-ZG-UN,S-ZB-BO
214,2007.09.14 00:00,USDCAD,60,86400,SELL,ZC,1,1.04420,1.03540,880.0,1.03780,1.03120,660.0,75.000,72.73,240.0,207.7,1.03780,1.03540,1.02880,BOUNCE,2007.09.14 14:00,0,,0,,0,,0,NA,NewYork,NA,,NA,,1.04660,UNTOUCHED,,0,,0,,0,,0,NA,Other,NA,,NA,,1.03300,BOUNCE,2007.09.14 08:00,0,,0,,0,,0,NA,London,NA,,NA,,1.04020,UNTOUCHED,,0,,0,,0,,0,NA,Other,NA,,NA,,S-ZB-BO,B-ZE-UN,S-ZO-BR,B-ZO-UN,S-ZE-BR,S-ZO-BR,B-ZO-UN,S-ZO-BR,S-ZB-BR,B-ZO-UN,S-ZF-BR,S-ZD-BO,S-ZF-BR,S-ZE-BO,S-ZF-BO,S-ZE-BO,B-ZD-UN,B-ZG-UN,S-ZB-BO,S-ZB-BR
215,2007.09.17 01:00,USDCAD,60,86400,SELL,ZF,0,1.03780,1.03120,660.0,1.03630,1.02770,860.0,130.303,22.73,510.0,155.8,1.03630,1.03120,1.02260,BREAK,2007.09.18 15:00,0,,0,,0,,0,NA,NewYork,BOUNCE,2007.09.18 21:00,NA,,1.04290,UNTOUCHED,,0,,0,,0,,0,NA,Other,NA,,NA,,1.02610,BREAK,2007.09.17 08:00,0,,0,,0,,0,NA,London,BOUNCE,2007.09.18 15:00,NA,,1.04140,UNTOUCHED,,0,,0,,0,,0,NA,Other,NA,,NA,,S-ZC-BO,S-ZB-BO,B-ZE-UN,S-ZO-BR,B-ZO-UN,S-ZE-BR,S-ZO-BR,B-ZO-UN,S-ZO-BR,S-ZB-BR,S-ZD-BO,S-ZF-BR,S-ZE-BO,S-ZF-BO,S-ZE-BO,B-ZD-UN,B-ZG-UN,S-ZB-BO,S-ZB-BR,S-ZC-BO
216,2007.09.18 00:00,USDCAD,60,86400,SELL,ZD,1,1.03630,1.02770,860.0,1.03110,1.02380,730.0,84.884,60.47,340.0,203.0,1.03110,1.02770,1.02040,BOUNCE,2007.09.18 15:00,0,,0,,0,,0,NA,NewYork,NA,,NA,,1.03970,UNTOUCHED,,0,,0,,0,,0,NA,Other,NA,,NA,,1.02430,BOUNCE,2007.09.18 05:00,0,,0,,0,,0,NA,Asia,NA,,NA,,1.03450,UNTOUCHED,,0,,0,,0,,0,NA,Other,NA,,NA,,S-ZF-BR,S-ZC-BO,S-ZB-BO,B-ZE-UN,S-ZO-BR,B-ZO-UN,S-ZE-BR,S-ZO-BR,B-ZO-UN,S-ZO-BR,S-ZF-BR,S-ZE-BO,S-ZF-BO,S-ZE-BO,B-ZD-UN,B-ZG-UN,S-ZB-BO,S-ZB-BR,S-ZC-BO,B-ZF-UN
217,2007.09.19 00:00,USDCAD,60,86400,SELL,ZF,1,1.03110,1.02380,730.0,1.02880,1.01240,1640.0,224.658,31.51,500.0,172.3,1.02880,1.02380,1.00740,BREAK,2007.09.20 14:00,0,,0,,0,,0,NA,NewYork,BREAK,2007.09.20 15:00,BREAK,2007.09.21 07:00,1.03610,UNTOUCHED,,0,,0,,0,,0,NA,Other,NA,,NA,,1.01880,BREAK,2007.09.19 00:00,0,,0,,0,,0,NA,Asia,BREAK,2007.09.19 04:00,BOUNCE,2007.09.19 12:00,1.03380,UNTOUCHED,,0,,0,,0,,0,NA,Other,NA,,NA,,S-ZD-BO,S-ZF-BR,S-ZC-BO,S-ZB-BO,B-ZE-UN,S-ZO-BR,B-ZO-UN,S-ZE-BR,S-ZO-BR,B-ZO-UN,S-ZE-BO,S-ZF-BO,S-ZE-BO,B-ZD-UN,B-ZG-UN,S-ZB-BO,S-ZB-BR,S-ZC-BO,B-ZF-UN,B-ZE-UN
218,2007.09.20 00:00,USDCAD,60,86400,SELL,ZE,1,1.02880,1.01240,1640.0,1.01750,1.00800,950.0,57.927,68.90,510.0,387.0,1.01750,1.01240,1.00290,BOUNCE,2007.09.20 14:00,0,,0,,0,,0,NA,NewYork,NA,,NA,,1.03390,UNTOUCHED,,0,,0,,0,,0,NA,Other,NA,,NA,,1.00730,BREAK,2007.09.20 14:00,0,,0,,0,,0,NA,NewYork,BREAK,2007.09.21 07:00,BOUNCE,2007.09.21 15:00,1.02260,UNTOUCHED,,0,,0,,0,,0,NA,Other,NA,,NA,,S-ZF-BR,S-ZD-BO,S-ZF-BR,S-ZC-BO,S-ZB-BO,B-ZE-UN,S-ZO-BR,B-ZO-UN,S-ZE-BR,S-ZO-BR,S-ZF-BO,S-ZE-BO,B-ZD-UN,B-ZG-UN,S-ZB-BO,S-ZB-BR,S-ZC-BO,B-ZF-UN,B-ZE-UN,S-ZB-BR
219,2007.09.21 00:00,USDCAD,60,86400,SELL,ZF,1,1.01750,1.00800,950.0,1.01540,0.99910,1630.0,171.579,22.11,740.0,224.2,1.01540,1.00800,0.99170,BOUNCE,2007.09.28 21:00,0,,0,,0,,0,NA,Other,NA,,NA,,1.02490,UNTOUCHED,,0,,0,,0,,0,NA,Other,NA,,NA,,1.00060,BREAK,2007.09.21 00:00,0,,0,,0,,0,NA,Asia,BREAK,2007.10.01 21:00,BOUNCE,2007.10.05 14:00,1.02280,UNTOUCHED,,0,,0,,0,,0,NA,Other,NA,,NA,,S-ZE-BO,S-ZF-BR,S-ZD-BO,S-ZF-BR,S-ZC-BO,S-ZB-BO,B-ZE-UN,S-ZO-BR,B-ZO-UN,S-ZE-BR,S-ZE-BO,B-ZD-UN,B-ZG-UN,S-ZB-BO,S-ZB-BR,S-ZC-BO,B-ZF-UN,B-ZE-UN,S-ZB-BR,B-ZO-UN
220,2007.09.24 01:00,USDCAD,60,86400,SELL,ZE,1,1.01540,0.99910,1630.0,1.00560,0.99360,1200.0,73.620,60.12,650.0,384.7,1.00560,0.99910,0.98710,BOUNCE,2007.10.05 14:00,0,,0,,0,,0,NA,NewYork,NA,,NA,,1.02190,UNTOUCHED,,0,,0,,0,,0,NA,Other,NA,,NA,,0.99260,BOUNCE,2007.09.28 18:00,0,,0,,0,,0,NA,NewYork,NA,,NA,,1.01210,UNTOUCHED,,0,,0,,0,,0,NA,Other,NA,,NA,,S-ZF-BO,S-ZE-BO,S-ZF-BR,S-ZD-BO,S-ZF-BR,S-ZC-BO,S-ZB-BO,B-ZE-UN,S-ZO-BR,B-ZO-UN,B-ZD-UN,B-ZG-UN,S-ZB-BO,S-ZB-BR,S-ZC-BO,B-ZF-UN,B-ZE-UN,S-ZB-BR,B-ZO-UN,S-ZE-BR
221,2007.09.26 00:00,USDCAD,60,86400,BUY,ZD,1,1.00300,0.99690,610.0,1.00640,0.99970,670.0,109.836,45.90,330.0,144.0,1.00300,0.99970,1.00970,UNTOUCHED,,0,,0,,0,,0,NA,Other,NA,,NA,,0.99360,BREAK,2007.09.28 18:00,0,,0,,0,,0,NA,NewYork,BREAK,2007.10.05 14:00,BREAK,2007.10.05 15:00,1.00630,BREAK,2007.09.26 06:00,0,,0,,0,,0,NA,Asia,UNTOUCHED,,NA,,0.99640,BREAK,2007.09.28 15:00,0,,0,,0,,0,NA,NewYork,BOUNCE,2007.09.28 19:00,NA,,S-ZE-BO,S-ZF-BO,S-ZE-BO,S-ZF-BR,S-ZD-BO,S-ZF-BR,S-ZC-BO,S-ZB-BO,B-ZE-UN,S-ZO-BR,B-ZG-UN,S-ZB-BO,S-ZB-BR,S-ZC-BO,B-ZF-UN,B-ZE-UN,S-ZB-BR,B-ZO-UN,S-ZE-BR,S-ZF-BR
222,2007.09.27 00:00,USDCAD,60,86400,BUY,ZG,0,1.00640,0.99970,670.0,1.00940,1.00210,730.0,108.955,35.82,430.0,158.1,1.00640,1.00210,1.01370,UNTOUCHED,,0,,0,,0,,0,NA,Other,NA,,NA,,0.99540,BREAK,2007.09.28 15:00,0,,0,,0,,0,NA,NewYork,BOUNCE,2007.10.02 09:00,NA,,1.01070,UNTOUCHED,,0,,0,,0,,0,NA,Other,NA,,NA,,0.99780,BOUNCE,2007.09.27 14:00,0,,0,,0,,0,NA,NewYork,NA,,NA,,B-ZD-UN,S-ZE-BO,S-ZF-BO,S-ZE-BO,S-ZF-BR,S-ZD-BO,S-ZF-BR,S-ZC-BO,S-ZB-BO,B-ZE-UN,S-ZB-BO,S-ZB-BR,S-ZC-BO,B-ZF-UN,B-ZE-UN,S-ZB-BR,B-ZO-UN,S-ZE-BR,S-ZF-BR,S-ZF-BO
223,2007.09.28 00:00,USDCAD,60,86400,SELL,ZB,1,1.00940,1.00210,730.0,1.00560,0.99770,790.0,108.219,52.05,350.0,172.3,1.00560,1.00210,0.99420,BOUNCE,2007.09.28 15:00,1,2007.10.04 09:00,0,,0,,1,5d 18h,NewYork,NA,,NA,,1.01290,UNTOUCHED,,0,,0,,0,,0,NA,Other,NA,,NA,,0.99860,BREAK,2007.09.28 11:00,0,,0,,0,,0,NA,London,BREAK,2007.09.28 18:00,BOUNCE,2007.10.01 14:00,1.00910,UNTOUCHED,,0,,0,,0,,0,NA,Other,NA,,NA,,B-ZG-UN,B-ZD-UN,S-ZE-BO,S-ZF-BO,S-ZE-BO,S-ZF-BR,S-ZD-BO,S-ZF-BR,S-ZC-BO,S-ZB-BO,S-ZB-BR,S-ZC-BO,B-ZF-UN,B-ZE-UN,S-ZB-BR,B-ZO-UN,S-ZE-BR,S-ZF-BR,S-ZF-BO,S-ZO-BO
224,2007.10.01 01:00,USDCAD,60,86400,SELL,ZB,1,1.00560,0.99770,790.0,1.00190,0.99120,1070.0,135.443,46.84,420.0,186.4,1.00190,0.99770,0.98700,BREAK,2007.10.05 14:00,0,,0,,0,,0,NA,NewYork,BOUNCE,2007.10.05 16:00,NA,,1.00980,UNTOUCHED,,0,,0,,0,,0,NA,Other,NA,,NA,,0.99350,BREAK,2007.10.01 01:00,0,,0,,0,,0,NA,Asia,BREAK,2007.10.05 14:00,BREAK,2007.10.05 16:00,1.00610,UNTOUCHED,,0,,0,,0,,0,NA,Other,NA,,NA,,S-ZB-BO,B-ZG-UN,B-ZD-UN,S-ZE-BO,S-ZF-BO,S-ZE-BO,S-ZF-BR,S-ZD-BO,S-ZF-BR,S-ZC-BO,S-ZC-BO,B-ZF-UN,B-ZE-UN,S-ZB-BR,B-ZO-UN,S-ZE-BR,S-ZF-BR,S-ZF-BO,S-ZO-BO,B-ZD-BR
225,2007.10.02 00:00,USDCAD,60,86400,SELL,ZC,1,1.00190,0.99120,1070.0,0.99560,0.99080,480.0,44.860,58.88,440.0,252.5,0.99560,0.99120,0.98640,BOUNCE,2007.10.05 14:00,0,,0,,0,,0,NA,NewYork,NA,,NA,,1.00630,UNTOUCHED,,0,,0,,0,,0,NA,Other,NA,,NA,,0.98680,BREAK,2007.10.05 14:00,0,,0,,0,,0,NA,NewYork,BOUNCE,2007.10.05 16:00,NA,,1.00000,BOUNCE,2007.10.02 17:00,1,2007.10.05 14:00,1,2007.10.05 14:00,0,,2,2d 21h,NewYork,NA,,NA,,S-ZB-BR,S-ZB-BO,B-ZG-UN,B-ZD-UN,S-ZE-BO,S-ZF-BO,S-ZE-BO,S-ZF-BR,S-ZD-BO,S-ZF-BR,B-ZF-UN,B-ZE-UN,S-ZB-BR,B-ZO-UN,S-ZE-BR,S-ZF-BR,S-ZF-BO,S-ZO-BO,B-ZD-BR,S-ZE-BO
226,2007.10.03 00:00,USDCAD,60,86400,BUY,ZF,1,0.99560,0.99080,480.0,1.00100,0.99100,1000.0,208.333,4.17,460.0,113.3,0.99560,0.99100,1.00560,UNTOUCHED,,0,,0,,0,,0,NA,Other,NA,,NA,,0.98620,BREAK,2007.10.05 14:00,0,,0,,0,,0,NA,NewYork,BOUNCE,2007.10.05 16:00,NA,,1.00020,BREAK,2007.10.04 06:00,0,,0,,0,,0,NA,Asia,UNTOUCHED,,NA,,0.98640,BREAK,2007.10.05 14:00,0,,0,,0,,0,NA,NewYork,BOUNCE,2007.10.05 16:00,NA,,S-ZC-BO,S-ZB-BR,S-ZB-BO,B-ZG-UN,B-ZD-UN,S-ZE-BO,S-ZF-BO,S-ZE-BO,S-ZF-BR,S-ZD-BO,B-ZE-UN,S-ZB-BR,B-ZO-UN,S-ZE-BR,S-ZF-BR,S-ZF-BO,S-ZO-BO,B-ZD-BR,S-ZE-BO,S-ZB-BO
227,2007.10.05 00:00,USDCAD,60,86400,BUY,ZE,1,0.99910,0.99340,570.0,1.00150,0.99620,530.0,92.982,49.12,290.0,134.5,0.99910,0.99620,1.00440,UNTOUCHED,,0,,0,,0,,0,NA,Other,NA,,NA,,0.99050,BREAK,2007.10.05 14:00,0,,0,,0,,0,NA,NewYork,BREAK,2007.10.05 15:00,BREAK,2007.10.05 16:00,1.00200,UNTOUCHED,,0,,0,,0,,0,NA,Other,NA,,NA,,0.99330,BREAK,2007.10.05 13:00,0,,0,,0,,0,NA,NewYork,BREAK,2007.10.05 15:00,BREAK,2007.10.05 16:00,B-ZF-UN,S-ZC-BO,S-ZB-BR,S-ZB-BO,B-ZG-UN,B-ZD-UN,S-ZE-BO,S-ZF-BO,S-ZE-BO,S-ZF-BR,S-ZB-BR,B-ZO-UN,S-ZE-BR,S-ZF-BR,S-ZF-BO,S-ZO-BO,B-ZD-BR,S-ZE-BO,S-ZB-BO,B-ZF-BO
228,2007.10.08 01:00,USDCAD,60,86400,SELL,ZB,1,1.00150,0.99620,530.0,0.99820,0.97870,1950.0,367.925,62.26,200.0,125.1,0.99820,0.99620,0.97670,BREAK,2007.10.11 11:00,0,,0,,0,,0,NA,London,BOUNCE,2007.10.11 17:00,NA,,1.00350,UNTOUCHED,,0,,0,,0,,0,NA,Other,NA,,NA,,0.99420,BREAK,2007.10.08 01:00,0,,0,,0,,0,NA,Asia,BREAK,2007.10.08 02:00,BREAK,2007.10.08 03:00,1.00020,UNTOUCHED,,0,,0,,0,,0,NA,Other,NA,,NA,,B-ZE-UN,B-ZF-UN,S-ZC-BO,S-ZB-BR,S-ZB-BO,B-ZG-UN,B-ZD-UN,S-ZE-BO,S-ZF-BO,S-ZE-BO,B-ZO-UN,S-ZE-BR,S-ZF-BR,S-ZF-BO,S-ZO-BO,B-ZD-BR,S-ZE-BO,S-ZB-BO,B-ZF-BO,S-ZG-BR
229,2007.10.10 00:00,USDCAD,60,86400,BUY,ZO,0,0.98760,0.98040,720.0,0.98940,0.98120,820.0,113.889,11.11,640.0,169.9,0.98760,0.98120,0.99580,UNTOUCHED,,0,,0,,0,,0,NA,Other,NA,,NA,,0.97400,BREAK,2007.10.11 17:00,0,,0,,0,,0,NA,NewYork,BREAK,2007.10.19 14:00,BREAK,2007.10.26 13:00,0.99400,UNTOUCHED,,0,,0,,0,,0,NA,Other,NA,,NA,,0.97480,BREAK,2007.10.11 13:00,0,,0,,0,,0,NA,NewYork,BREAK,2007.10.19 14:00,BOUNCE,2007.10.25 18:00,S-ZB-BR,B-ZE-UN,B-ZF-UN,S-ZC-BO,S-ZB-BR,S-ZB-BO,B-ZG-UN,B-ZD-UN,S-ZE-BO,S-ZF-BO,S-ZE-BR,S-ZF-BR,S-ZF-BO,S-ZO-BO,B-ZD-BR,S-ZE-BO,S-ZB-BO,B-ZF-BO,S-ZG-BR,S-ZG-BO
230,2007.10.11 00:00,USDCAD,60,86400,SELL,ZE,1,0.98940,0.98120,820.0,0.98320,0.97900,420.0,51.220,75.61,200.0,193.5,0.98320,0.98120,0.97700,BREAK,2007.10.11 11:00,0,,0,,0,,0,NA,London,BOUNCE,2007.10.11 17:00,NA,,0.99140,UNTOUCHED,,0,,0,,0,,0,NA,Other,NA,,NA,,0.97920,BOUNCE,2007.10.11 09:00,1,2007.11.15 22:00,0,,0,,1,5w 0d,London,NA,,NA,,0.98520,BOUNCE,2007.11.15 22:00,1,2007.11.16 11:00,1,2007.11.16 11:00,0,,2,13h,Other,NA,,NA,,B-ZO-UN,S-ZB-BR,B-ZE-UN,B-ZF-UN,S-ZC-BO,S-ZB-BR,S-ZB-BO,B-ZG-UN,B-ZD-UN,S-ZE-BO,S-ZF-BR,S-ZF-BO,S-ZO-BO,B-ZD-BR,S-ZE-BO,S-ZB-BO,B-ZF-BO,S-ZG-BR,S-ZG-BO,S-ZG-BR
231,2007.10.12 00:00,USDCAD,60,86400,SELL,ZF,1,0.98320,0.97900,420.0,0.98240,0.97280,960.0,228.571,19.05,340.0,99.1,0.98240,0.97900,0.96940,BREAK,2007.10.19 14:00,0,,0,,0,,0,NA,NewYork,BREAK,2007.10.19 16:00,BOUNCE,2007.10.23 17:00,0.98660,BREAK,2007.11.16 01:00,0,,0,,0,,0,NA,Asia,BOUNCE,2007.11.21 16:00,NA,,0.97560,BOUNCE,2007.10.12 00:00,1,2007.11.15 22:00,1,2007.11.16 01:00,0,,2,5w 0d,Asia,NA,,NA,,0.98580,BOUNCE,2007.11.15 22:00,1,2007.11.16 15:00,1,2007.11.16 15:00,0,,2,17h,Other,NA,,NA,,S-ZE-BR,B-ZO-UN,S-ZB-BR,B-ZE-UN,B-ZF-UN,S-ZC-BO,S-ZB-BR,S-ZB-BO,B-ZG-UN,B-ZD-UN,S-ZF-BO,S-ZO-BO,B-ZD-BR,S-ZE-BO,S-ZB-BO,B-ZF-BO,S-ZG-BR,S-ZG-BO,S-ZG-BR,S-ZC-BR
232,2007.10.15 01:00,USDCAD,60,86400,SELL,ZF,0,0.98240,0.97280,960.0,0.97960,0.97160,800.0,83.333,29.17,680.0,226.6,0.97960,0.97280,0.96480,BOUNCE,2007.10.19 16:00,1,2007.10.22 14:00,1,2007.11.16 01:00,1,2007.11.21 16:00,3,4w 5d,NewYork,NA,,NA,,0.98920,BREAK,2007.11.21 16:00,0,,0,,0,,0,NA,NewYork,BREAK,2007.11.27 18:00,BREAK,2007.12.04 16:00,0.96600,BOUNCE,2007.10.19 14:00,1,2007.11.16 01:00,1,2007.11.21 16:00,0,,2,4w 5d,NewYork,NA,,NA,,0.98640,BREAK,2007.11.16 01:00,0,,0,,0,,0,NA,Asia,BREAK,2007.11.27 17:00,BOUNCE,2007.11.28 09:00,S-ZF-BR,S-ZE-BR,B-ZO-UN,S-ZB-BR,B-ZE-UN,B-ZF-UN,S-ZC-BO,S-ZB-BR,S-ZB-BO,B-ZG-UN,S-ZO-BO,B-ZD-BR,S-ZE-BO,S-ZB-BO,B-ZF-BO,S-ZG-BR,S-ZG-BO,S-ZG-BR,S-ZC-BR,S-ZF-BO
233,2007.10.16 00:00,USDCAD,60,86400,SELL,ZO,0,0.97960,0.97160,800.0,0.97760,0.97000,760.0,95.000,25.00,600.0,188.8,0.97760,0.97160,0.96400,BOUNCE,2007.10.19 18:00,1,2007.10.22 14:00,1,2007.11.15 22:00,1,2007.11.15 22:00,3,3w 6d,NewYork,NA,,NA,,0.98560,BREAK,2007.11.15 22:00,0,,0,,0,,0,NA,Other,BOUNCE,2007.11.22 04:00,NA,,0.96560,BOUNCE,2007.10.19 14:00,1,2007.11.15 22:00,1,2007.11.15 22:00,0,,2,3w 6d,NewYork,NA,,NA,,0.98360,BREAK,2007.11.15 22:00,0,,0,,0,,0,NA,Other,BREAK,2007.11.21 19:00,BREAK,2007.11.27 18:00,S-ZF-BO,S-ZF-BR,S-ZE-BR,B-ZO-UN,S-ZB-BR,B-ZE-UN,B-ZF-UN,S-ZC-BO,S-ZB-BR,S-ZB-BO,B-ZD-BR,S-ZE-BO,S-ZB-BO,B-ZF-BO,S-ZG-BR,S-ZG-BO,S-ZG-BR,S-ZC-BR,S-ZF-BO,S-ZB-BR
234,2007.10.17 00:00,USDCAD,60,86400,BUY,ZD,1,0.97760,0.97000,760.0,0.98140,0.97430,710.0,93.421,56.58,330.0,179.4,0.97760,0.97430,0.98470,BREAK,2007.11.15 22:00,0,,0,,0,,0,NA,Other,BOUNCE,2007.11.16 07:00,NA,,0.96670,BOUNCE,2007.10.19 14:00,1,2007.10.22 13:00,1,2007.10.22 17:00,1,2007.11.15 22:00,3,3w 6d,NewYork,NA,,NA,,0.98090,BOUNCE,2007.10.17 08:00,1,2007.10.19 14:00,1,2007.10.19 14:00,0,,2,2d 6h,London,NA,,NA,,0.97100,BREAK,2007.10.19 14:00,0,,0,,0,,0,NA,NewYork,BREAK,2007.10.19 15:00,BOUNCE,2007.10.22 02:00,S-ZO-BO,S-ZF-BO,S-ZF-BR,S-ZE-BR,B-ZO-UN,S-ZB-BR,B-ZE-UN,B-ZF-UN,S-ZC-BO,S-ZB-BR,S-ZE-BO,S-ZB-BO,B-ZF-BO,S-ZG-BR,S-ZG-BO,S-ZG-BR,S-ZC-BR,S-ZF-BO,S-ZB-BR,S-ZO-UN
235,2007.10.19 00:00,USDCAD,60,86400,SELL,ZE,1,0.98200,0.97270,930.0,0.97770,0.97190,580.0,62.366,46.24,500.0,219.5,0.97770,0.97270,0.96690,BOUNCE,2007.10.19 14:00,1,2007.10.22 14:00,1,2007.11.15 22:00,1,2007.11.16 01:00,3,3w 6d,NewYork,NA,,NA,,0.98700,BOUNCE,2007.11.16 01:00,1,2007.11.16 15:00,0,,0,,1,14h,Asia,NA,,NA,,0.96770,BREAK,2007.10.19 14:00,0,,0,,0,,0,NA,NewYork,BOUNCE,2007.10.23 18:00,NA,,0.98270,BREAK,2007.11.15 22:00,0,,0,,0,,0,NA,Other,BOUNCE,2007.11.16 11:00,NA,,B-ZD-BR,S-ZO-BO,S-ZF-BO,S-ZF-BR,S-ZE-BR,B-ZO-UN,S-ZB-BR,B-ZE-UN,B-ZF-UN,S-ZC-BO,S-ZB-BO,B-ZF-BO,S-ZG-BR,S-ZG-BO,S-ZG-BR,S-ZC-BR,S-ZF-BO,S-ZB-BR,S-ZO-UN,B-ZD-BR
236,2007.10.22 02:00,USDCAD,60,86400,SELL,ZB,1,0.97770,0.97190,580.0,0.97540,0.96320,1220.0,210.345,39.66,350.0,136.9,0.97540,0.97190,0.95970,BOUNCE,2007.10.26 13:00,1,2007.11.12 23:00,1,2007.11.15 19:00,1,2007.11.15 20:00,3,2w 6d,NewYork,NA,,NA,,0.98120,BOUNCE,2007.10.22 19:00,1,2007.10.23 10:00,1,2007.10.23 15:00,1,2007.10.26 13:00,3,3d 18h,NewYork,NA,,NA,,0.96840,BREAK,2007.10.22 02:00,0,,0,,0,,0,NA,Asia,BOUNCE,2007.10.23 15:00,NA,,0.97890,BREAK,2007.10.22 14:00,0,,0,,0,,0,NA,NewYork,BREAK,2007.11.15 22:00,BOUNCE,2007.11.15 23:00,S-ZE-BO,B-ZD-BR,S-ZO-BO,S-ZF-BO,S-ZF-BR,S-ZE-BR,B-ZO-UN,S-ZB-BR,B-ZE-UN,B-ZF-UN,B-ZF-BO,S-ZG-BR,S-ZG-BO,S-ZG-BR,S-ZC-BR,S-ZF-BO,S-ZB-BR,S-ZO-UN,B-ZD-BR,B-ZF-BR
237,2007.10.23 00:00,USDCAD,60,86400,BUY,ZF,0,0.97540,0.96320,1220.0,0.98240,0.96600,1640.0,134.426,22.95,940.0,287.9,0.97540,0.96600,0.99180,BOUNCE,2007.11.21 19:00,0,,0,,0,,0,NA,NewYork,NA,,NA,,0.95380,BREAK,2007.10.29 18:00,0,,0,,0,,0,NA,NewYork,BREAK,2007.11.02 14:00,BREAK,2007.11.05 11:00,0.98480,BREAK,2007.11.15 22:00,0,,0,,0,,0,NA,Other,BREAK,2007.11.27 18:00,BREAK,2007.12.04 17:00,0.95660,BREAK,2007.10.29 17:00,0,,0,,0,,0,NA,NewYork,BREAK,2007.10.31 22:00,BREAK,2007.11.02 15:00,S-ZB-BO,S-ZE-BO,B-ZD-BR,S-ZO-BO,S-ZF-BO,S-ZF-BR,S-ZE-BR,B-ZO-UN,S-ZB-BR,B-ZE-UN,S-ZG-BR,S-ZG-BO,S-ZG-BR,S-ZC-BR,S-ZF-BO,S-ZB-BR,S-ZO-UN,B-ZD-BR,B-ZF-BR,B-ZO-BR
238,2007.10.24 00:00,USDCAD,60,86400,SELL,ZG,0,0.98240,0.96600,1640.0,0.98030,0.96250,1780.0,108.537,12.80,1430.0,387.0,0.98030,0.96600,0.94820,BREAK,2007.10.31 21:00,0,,0,,0,,0,NA,Other,BREAK,2007.11.06 11:00,BREAK,2007.11.07 01:00,0.99670,BREAK,2007.11.27 18:00,0,,0,,0,,0,NA,NewYork,BREAK,2007.12.04 17:00,UNTOUCHED,,0.95170,BREAK,2007.10.29 21:00,0,,0,,0,,0,NA,Other,BREAK,2007.11.02 15:00,BREAK,2007.11.07 01:00,0.99460,BREAK,2007.11.27 15:00,0,,0,,0,,0,NA,NewYork,BREAK,2007.12.04 17:00,BOUNCE,2007.12.17 16:00,B-ZF-BO,S-ZB-BO,S-ZE-BO,B-ZD-BR,S-ZO-BO,S-ZF-BO,S-ZF-BR,S-ZE-BR,B-ZO-UN,S-ZB-BR,S-ZG-BO,S-ZG-BR,S-ZC-BR,S-ZF-BO,S-ZB-BR,S-ZO-UN,B-ZD-BR,B-ZF-BR,B-ZO-BR,S-ZO-UN
239,2007.10.26 00:00,USDCAD,60,86400,SELL,ZG,0,0.97320,0.96420,900.0,0.96980,0.96120,860.0,95.556,37.78,560.0,212.4,0.96980,0.96420,0.95560,BOUNCE,2007.10.29 17:00,1,2007.11.12 23:00,1,2007.11.15 16:00,1,2007.11.15 19:00,3,2w 3d,NewYork,NA,,NA,,0.97880,BREAK,2007.11.15 19:00,0,,0,,0,,0,NA,NewYork,BREAK,2007.11.16 01:00,BREAK,2007.11.21 19:00,0.95860,BREAK,2007.10.29 08:00,0,,0,,0,,0,NA,London,BREAK,2007.10.31 16:00,BOUNCE,2007.10.31 21:00,0.97540,BREAK,2007.11.15 16:00,0,,0,,0,,0,NA,NewYork,BREAK,2007.11.15 22:00,BOUNCE,2007.11.16 11:00,S-ZG-BR,B-ZF-BO,S-ZB-BO,S-ZE-BO,B-ZD-BR,S-ZO-BO,S-ZF-BO,S-ZF-BR,S-ZE-BR,B-ZO-UN,S-ZG-BR,S-ZC-BR,S-ZF-BO,S-ZB-BR,S-ZO-UN,B-ZD-BR,B-ZF-BR,B-ZO-BR,S-ZO-UN,B-ZD-BR
240,2007.10.27 00:00,USDCAD,60,86400,SELL,ZG,0,0.96980,0.96120,860.0,0.96700,0.95880,820.0,95.349,32.56,580.0,203.0,0.96700,0.96120,0.95300,BREAK,2007.10.29 20:00,0,,0,,0,,0,NA,NewYork,BREAK,2007.10.31 22:00,BREAK,2007.11.02 14:00,0.97560,BREAK,2007.11.15 16:00,0,,0,,0,,0,NA,NewYork,BREAK,2007.11.15 22:00,BOUNCE,2007.11.16 11:00,0.95540,BOUNCE,2007.10.29 17:00,1,2007.11.15 14:00,1,2007.11.15 16:00,0,,2,2w 2d,NewYork,NA,,NA,,0.97280,BREAK,2007.11.15 14:00,0,,0,,0,,0,NA,NewYork,BREAK,2007.11.15 19:00,BREAK,2007.11.16 01:00,S-ZG-BO,S-ZG-BR,B-ZF-BO,S-ZB-BO,S-ZE-BO,B-ZD-BR,S-ZO-BO,S-ZF-BO,S-ZF-BR,S-ZE-BR,S-ZC-BR,S-ZF-BO,S-ZB-BR,S-ZO-UN,B-ZD-BR,B-ZF-BR,B-ZO-BR,S-ZO-UN,B-ZD-BR,B-ZE-BR
241,2007.10.31 00:00,USDCAD,60,86400,SELL,ZC,1,0.96260,0.95140,1120.0,0.95730,0.95120,610.0,54.464,47.32,590.0,264.3,0.95730,0.95140,0.94530,BREAK,2007.10.31 22:00,0,,0,,0,,0,NA,Other,BREAK,2007.11.02 14:00,BREAK,2007.11.05 12:00,0.96850,BREAK,2007.11.12 23:00,0,,0,,0,,0,NA,Other,BREAK,2007.11.15 16:00,BREAK,2007.11.15 22:00,0.94550,BREAK,2007.10.31 22:00,0,,0,,0,,0,NA,Other,BREAK,2007.11.02 14:00,BREAK,2007.11.05 12:00,0.96320,BREAK,2007.11.12 18:00,0,,0,,0,,0,NA,NewYork,BREAK,2007.11.13 01:00,BREAK,2007.11.15 16:00,S-ZG-BR,S-ZG-BO,S-ZG-BR,B-ZF-BO,S-ZB-BO,S-ZE-BO,B-ZD-BR,S-ZO-BO,S-ZF-BO,S-ZF-BR,S-ZF-BO,S-ZB-BR,S-ZO-UN,B-ZD-BR,B-ZF-BR,B-ZO-BR,S-ZO-UN,B-ZD-BR,B-ZE-BR,B-ZO-BO
242,2007.11.01 00:00,USDCAD,60,86400,SELL,ZF,1,0.95730,0.95120,610.0,0.95640,0.94180,1460.0,239.344,14.75,520.0,144.0,0.95640,0.95120,0.93660,BOUNCE,2007.11.02 14:00,1,2007.11.12 06:00,1,2007.11.12 18:00,1,2007.11.12 18:00,3,1w 3d,NewYork,NA,,NA,,0.96250,BREAK,2007.11.12 18:00,0,,0,,0,,0,NA,NewYork,BREAK,2007.11.12 23:00,BREAK,2007.11.15 16:00,0.94600,BREAK,2007.11.01 00:00,0,,0,,0,,0,NA,Asia,BREAK,2007.11.02 14:00,BREAK,2007.11.02 15:00,0.96160,BREAK,2007.11.12 18:00,0,,0,,0,,0,NA,NewYork,BREAK,2007.11.12 23:00,BOUNCE,2007.11.13 03:00,S-ZC-BR,S-ZG-BR,S-ZG-BO,S-ZG-BR,B-ZF-BO,S-ZB-BO,S-ZE-BO,B-ZD-BR,S-ZO-BO,S-ZF-BO,S-ZB-BR,S-ZO-UN,B-ZD-BR,B-ZF-BR,B-ZO-BR,S-ZO-UN,B-ZD-BR,B-ZE-BR,B-ZO-BO,B-ZF-BR
243,2007.11.07 00:00,USDCAD,60,86400,SELL,ZB,1,0.93690,0.93040,650.0,0.93390,0.92130,1260.0,193.846,46.15,350.0,153.4,0.93390,0.93040,0.91780,BREAK,2007.11.07 01:00,0,,0,,0,,0,NA,Asia,BREAK,2007.11.07 05:00,BREAK,2007.11.07 08:00,0.94040,BREAK,2007.11.09 16:00,0,,0,,0,,0,NA,NewYork,BOUNCE,2007.11.09 21:00,NA,,0.92690,BREAK,2007.11.07 00:00,0,,0,,0,,0,NA,Asia,BREAK,2007.11.07 01:00,BREAK,2007.11.07 02:00,0.93740,BREAK,2007.11.08 01:00,0,,0,,0,,0,NA,Asia,BREAK,2007.11.09 16:00,BREAK,2007.11.12 02:00,S-ZF-BO,S-ZC-BR,S-ZG-BR,S-ZG-BO,S-ZG-BR,B-ZF-BO,S-ZB-BO,S-ZE-BO,B-ZD-BR,S-ZO-BO,S-ZO-UN,B-ZD-BR,B-ZF-BR,B-ZO-BR,S-ZO-UN,B-ZD-BR,B-ZE-BR,B-ZO-BO,B-ZF-BR,B-ZF-BO
244,2007.11.08 00:00,USDCAD,60,86400,SELL,ZO,1,0.93390,0.92130,1260.0,0.93090,0.90560,2530.0,200.794,23.81,960.0,297.4,0.93090,0.92130,0.89600,UNTOUCHED,,0,,0,,0,,0,NA,Other,NA,,NA,,0.94350,BREAK,2007.11.09 21:00,0,,0,,0,,0,NA,Other,BREAK,2007.11.12 14:00,BREAK,2007.11.12 18:00,0.91170,UNTOUCHED,,0,,0,,0,,0,NA,Other,NA,,NA,,0.94050,BREAK,2007.11.09 16:00,0,,0,,0,,0,NA,NewYork,BREAK,2007.11.12 13:00,BREAK,2007.11.12 18:00,S-ZB-BR,S-ZF-BO,S-ZC-BR,S-ZG-BR,S-ZG-BO,S-ZG-BR,B-ZF-BO,S-ZB-BO,S-ZE-BO,B-ZD-BR,B-ZD-BR,B-ZF-BR,B-ZO-BR,S-ZO-UN,B-ZD-BR,B-ZE-BR,B-ZO-BO,B-ZF-BR,B-ZF-BO,B-ZF-BR
245,2007.11.09 00:00,USDCAD,60,86400,BUY,ZD,1,0.93090,0.90560,2530.0,0.94020,0.92360,1660.0,65.613,71.15,730.0,597.1,0.93090,0.92360,0.94750,BREAK,2007.11.12 06:00,0,,0,,0,,0,NA,Asia,BREAK,2007.11.12 18:00,BREAK,2007.11.12 23:00,0.89830,UNTOUCHED,,0,,0,,0,,0,NA,Other,NA,,NA,,0.93820,BOUNCE,2007.11.09 14:00,0,,0,,0,,0,NA,NewYork,NA,,NA,,0.91630,UNTOUCHED,,0,,0,,0,,0,NA,Other,NA,,NA,,S-ZO-UN,S-ZB-BR,S-ZF-BO,S-ZC-BR,S-ZG-BR,S-ZG-BO,S-ZG-BR,B-ZF-BO,S-ZB-BO,S-ZE-BO,B-ZF-BR,B-ZO-BR,S-ZO-UN,B-ZD-BR,B-ZE-BR,B-ZO-BO,B-ZF-BR,B-ZF-BO,B-ZF-BR,S-ZO-UN
246,2007.11.10 00:00,USDCAD,60,86400,BUY,ZF,0,0.94020,0.92360,1660.0,0.94390,0.92510,1880.0,113.253,9.04,1510.0,391.8,0.94020,0.92510,0.95900,BREAK,2007.11.12 15:00,0,,0,,0,,0,NA,NewYork,BREAK,2007.11.15 16:00,BREAK,2007.11.27 12:00,0.90850,UNTOUCHED,,0,,0,,0,,0,NA,Other,NA,,NA,,0.95530,BREAK,2007.11.12 13:00,0,,0,,0,,0,NA,NewYork,BOUNCE,2007.11.13 15:00,NA,,0.91000,UNTOUCHED,,0,,0,,0,,0,NA,Other,NA,,NA,,B-ZD-BR,S-ZO-UN,S-ZB-BR,S-ZF-BO,S-ZC-BR,S-ZG-BR,S-ZG-BO,S-ZG-BR,B-ZF-BO,S-ZB-BO,B-ZO-BR,S-ZO-UN,B-ZD-BR,B-ZE-BR,B-ZO-BO,B-ZF-BR,B-ZF-BO,B-ZF-BR,S-ZO-UN,B-ZB-BR
247,2007.11.14 00:00,USDCAD,60,86400,BUY,ZO,0,0.97040,0.94320,2720.0,0.97230,0.95210,2020.0,74.265,32.72,1830.0,641.9,0.97040,0.95210,0.99060,BREAK,2007.11.21 19:00,0,,0,,0,,0,NA,NewYork,BREAK,2007.12.05 08:00,UNTOUCHED,,0.92490,UNTOUCHED,,0,,0,,0,,0,NA,Other,NA,,NA,,0.98870,BREAK,2007.11.21 16:00,0,,0,,0,,0,NA,NewYork,BREAK,2007.12.04 17:00,UNTOUCHED,,0.93380,UNTOUCHED,,0,,0,,0,,0,NA,Other,NA,,NA,,B-ZF-BR,B-ZD-BR,S-ZO-UN,S-ZB-BR,S-ZF-BO,S-ZC-BR,S-ZG-BR,S-ZG-BO,S-ZG-BR,B-ZF-BO,S-ZO-UN,B-ZD-BR,B-ZE-BR,B-ZO-BO,B-ZF-BR,B-ZF-BO,B-ZF-BR,S-ZO-UN,B-ZB-BR,B-ZF-BO
248,2007.11.15 00:00,USDCAD,60,86400,SELL,ZO,0,0.97230,0.95210,2020.0,0.96720,0.95110,1610.0,79.703,25.25,1510.0,476.7,0.96720,0.95210,0.93600,UNTOUCHED,,0,,0,,0,,0,NA,Other,NA,,NA,,0.98740,BOUNCE,2007.11.16 01:00,0,,0,,0,,0,NA,Asia,NA,,NA,,0.93700,UNTOUCHED,,0,,0,,0,,0,NA,Other,NA,,NA,,0.98230,BREAK,2007.11.15 22:00,0,,0,,0,,0,NA,Other,BREAK,2007.12.03 11:00,BREAK,2007.12.05 13:00,B-ZO-BR,B-ZF-BR,B-ZD-BR,S-ZO-UN,S-ZB-BR,S-ZF-BO,S-ZC-BR,S-ZG-BR,S-ZG-BO,S-ZG-BR,B-ZD-BR,B-ZE-BR,B-ZO-BO,B-ZF-BR,B-ZF-BO,B-ZF-BR,S-ZO-UN,B-ZB-BR,B-ZF-BO,B-ZC-BO
249,2007.11.16 00:00,USDCAD,60,86400,BUY,ZD,1,0.96720,0.95110,1610.0,0.98620,0.96030,2590.0,160.870,57.14,690.0,380.0,0.96720,0.96030,0.99310,BREAK,2007.11.27 12:00,0,,0,,0,,0,NA,London,BOUNCE,2007.11.28 09:00,NA,,0.94420,UNTOUCHED,,0,,0,,0,,0,NA,Other,NA,,NA,,0.97410,BREAK,2007.11.16 00:00,0,,0,,0,,0,NA,Asia,BREAK,2007.11.16 01:00,BOUNCE,2007.11.16 11:00,0.95340,UNTOUCHED,,0,,0,,0,,0,NA,Other,NA,,NA,,S-ZO-UN,B-ZO-BR,B-ZF-BR,B-ZD-BR,S-ZO-UN,S-ZB-BR,S-ZF-BO,S-ZC-BR,S-ZG-BR,S-ZG-BO,B-ZE-BR,B-ZO-BO,B-ZF-BR,B-ZF-BO,B-ZF-BR,S-ZO-UN,B-ZB-BR,B-ZF-BO,B-ZC-BO,S-ZG-BR
250,2007.11.17 00:00,USDCAD,60,86400,BUY,ZE,1,0.98620,0.96030,2590.0,0.98870,0.97040,1830.0,70.656,39.00,1580.0,611.2,0.98620,0.97040,1.00450,BREAK,2007.12.04 11:00,0,,0,,0,,0,NA,London,BOUNCE,2007.12.07 15:00,NA,,0.94450,UNTOUCHED,,0,,0,,0,,0,NA,Other,NA,,NA,,1.00200,BREAK,2007.12.03 11:00,0,,0,,0,,0,NA,London,BOUNCE,2007.12.07 15:00,NA,,0.95460,UNTOUCHED,,0,,0,,0,,0,NA,Other,NA,,NA,,B-ZD-BR,S-ZO-UN,B-ZO-BR,B-ZF-BR,B-ZD-BR,S-ZO-UN,S-ZB-BR,S-ZF-BO,S-ZC-BR,S-ZG-BR,B-ZO-BO,B-ZF-BR,B-ZF-BO,B-ZF-BR,S-ZO-UN,B-ZB-BR,B-ZF-BO,B-ZC-BO,S-ZG-BR,S-ZD-BR
251,2007.11.21 00:00,USDCAD,60,86400,BUY,ZO,0,0.98490,0.97030,1460.0,0.98620,0.97420,1200.0,82.192,26.71,1070.0,344.6,0.98490,0.97420,0.99690,BOUNCE,2007.11.27 18:00,0,,0,,0,,0,NA,NewYork,NA,,NA,,0.95960,UNTOUCHED,,0,,0,,0,,0,NA,Other,NA,,NA,,0.99560,BREAK,2007.11.27 17:00,0,,0,,0,,0,NA,NewYork,BREAK,2007.12.04 17:00,BREAK,2007.12.05 15:00,0.96350,UNTOUCHED,,0,,0,,0,,0,NA,Other,NA,,NA,,B-ZE-BR,B-ZD-BR,S-ZO-UN,B-ZO-BR,B-ZF-BR,B-ZD-BR,S-ZO-UN,S-ZB-BR,S-ZF-BO,S-ZC-BR,B-ZF-BR,B-ZF-BO,B-ZF-BR,S-ZO-UN,B-ZB-BR,B-ZF-BO,B-ZC-BO,S-ZG-BR,S-ZD-BR,B-ZH-BO
252,2007.11.22 00:00,USDCAD,60,86400,BUY,ZF,0,0.98620,0.97420,1200.0,0.99230,0.97760,1470.0,122.500,28.33,860.0,283.2,0.98620,0.97760,1.00090,BREAK,2007.11.30 18:00,0,,0,,0,,0,NA,NewYork,BREAK,2007.12.04 17:00,BREAK,2007.12.05 15:00,0.96560,UNTOUCHED,,0,,0,,0,,0,NA,Other,NA,,NA,,0.99480,BREAK,2007.11.27 17:00,0,,0,,0,,0,NA,NewYork,BREAK,2007.12.04 16:00,BREAK,2007.12.04 17:00,0.96900,UNTOUCHED,,0,,0,,0,,0,NA,Other,NA,,NA,,B-ZO-BO,B-ZE-BR,B-ZD-BR,S-ZO-UN,B-ZO-BR,B-ZF-BR,B-ZD-BR,S-ZO-UN,S-ZB-BR,S-ZF-BO,B-ZF-BO,B-ZF-BR,S-ZO-UN,B-ZB-BR,B-ZF-BO,B-ZC-BO,S-ZG-BR,S-ZD-BR,B-ZH-BO,B-ZG-BR
253,2007.11.24 00:00,USDCAD,60,86400,BUY,ZF,0,0.98830,0.97890,940.0,0.98970,0.98000,970.0,103.191,11.70,830.0,221.8,0.98830,0.98000,0.99800,BOUNCE,2007.11.27 18:00,1,2007.12.26 16:00,0,,0,,1,4w 0d,NewYork,NA,,NA,,0.97060,UNTOUCHED,,0,,0,,0,,0,NA,Other,NA,,NA,,0.99660,BREAK,2007.11.27 18:00,0,,0,,0,,0,NA,NewYork,BREAK,2007.12.04 17:00,BREAK,2007.12.05 08:00,0.97170,UNTOUCHED,,0,,0,,0,,0,NA,Other,NA,,NA,,B-ZF-BR,B-ZO-BO,B-ZE-BR,B-ZD-BR,S-ZO-UN,B-ZO-BR,B-ZF-BR,B-ZD-BR,S-ZO-UN,S-ZB-BR,B-ZF-BR,S-ZO-UN,B-ZB-BR,B-ZF-BO,B-ZC-BO,S-ZG-BR,S-ZD-BR,B-ZH-BO,B-ZG-BR,B-ZF-BR
254,2007.11.28 00:00,USDCAD,60,86400,BUY,ZF,1,0.99130,0.97990,1140.0,1.00000,0.98200,1800.0,157.895,18.42,930.0,269.0,0.99130,0.98200,1.00930,BREAK,2007.12.04 17:00,0,,0,,0,,0,NA,NewYork,BREAK,2007.12.05 15:00,UNTOUCHED,,0.97060,UNTOUCHED,,0,,0,,0,,0,NA,Other,NA,,NA,,1.00060,BREAK,2007.11.30 18:00,0,,0,,0,,0,NA,NewYork,BREAK,2007.12.04 17:00,BOUNCE,2007.12.06 01:00,0.97270,UNTOUCHED,,0,,0,,0,,0,NA,Other,NA,,NA,,B-ZF-BO,B-ZF-BR,B-ZO-BO,B-ZE-BR,B-ZD-BR,S-ZO-UN,B-ZO-BR,B-ZF-BR,B-ZD-BR,S-ZO-UN,S-ZO-UN,B-ZB-BR,B-ZF-BO,B-ZC-BO,S-ZG-BR,S-ZD-BR,B-ZH-BO,B-ZG-BR,B-ZF-BR,B-ZO-BO
255,2007.11.30 00:00,USDCAD,60,86400,SELL,ZO,0,0.99970,0.98450,1520.0,0.99930,0.98340,1590.0,104.605,2.63,1480.0,358.7,0.99930,0.98450,0.96860,UNTOUCHED,,0,,0,,0,,0,NA,Other,NA,,NA,,1.01450,BREAK,2007.12.04 17:00,0,,0,,0,,0,NA,NewYork,UNTOUCHED,,NA,,0.96970,UNTOUCHED,,0,,0,,0,,0,NA,Other,NA,,NA,,1.01410,BREAK,2007.12.04 17:00,0,,0,,0,,0,NA,NewYork,UNTOUCHED,,NA,,B-ZF-BR,B-ZF-BO,B-ZF-BR,B-ZO-BO,B-ZE-BR,B-ZD-BR,S-ZO-UN,B-ZO-BR,B-ZF-BR,B-ZD-BR,B-ZB-BR,B-ZF-BO,B-ZC-BO,S-ZG-BR,S-ZD-BR,B-ZH-BO,B-ZG-BR,B-ZF-BR,B-ZO-BO,S-ZE-BR
256,2007.12.01 00:00,USDCAD,60,86400,BUY,ZB,1,0.99930,0.98340,1590.0,1.00170,0.99220,950.0,59.748,55.35,710.0,375.2,0.99930,0.99220,1.00880,BREAK,2007.12.04 17:00,0,,0,,0,,0,NA,NewYork,BREAK,2007.12.05 13:00,BOUNCE,2007.12.14 12:00,0.97630,BOUNCE,2007.12.28 17:00,1,2008.01.02 11:00,1,2008.01.07 10:00,1,2008.01.09 17:00,3,1w 5d,NewYork,NA,,NA,,1.00640,BREAK,2007.12.04 17:00,0,,0,,0,,0,NA,NewYork,BREAK,2007.12.05 13:00,BOUNCE,2007.12.05 17:00,0.98510,BREAK,2007.12.24 20:00,0,,0,,0,,0,NA,NewYork,BOUNCE,2007.12.31 17:00,NA,,S-ZO-UN,B-ZF-BR,B-ZF-BO,B-ZF-BR,B-ZO-BO,B-ZE-BR,B-ZD-BR,S-ZO-UN,B-ZO-BR,B-ZF-BR,B-ZF-BO,B-ZC-BO,S-ZG-BR,S-ZD-BR,B-ZH-BO,B-ZG-BR,B-ZF-BR,B-ZO-BO,S-ZE-BR,S-ZD-BR
257,2007.12.05 00:00,USDCAD,60,86400,BUY,ZF,1,1.00400,0.99740,660.0,1.01520,0.99870,1650.0,250.000,19.70,530.0,155.8,1.00400,0.99870,1.02050,BOUNCE,2007.12.05 15:00,1,2007.12.06 01:00,1,2007.12.21 17:00,1,2007.12.21 19:00,3,2w 2d,NewYork,NA,,NA,,0.99210,BREAK,2007.12.21 19:00,0,,0,,0,,0,NA,NewYork,BREAK,2007.12.24 20:00,BREAK,2007.12.27 17:00,1.00930,BREAK,2007.12.05 00:00,0,,0,,0,,0,NA,Asia,BREAK,2007.12.05 09:00,BOUNCE,2007.12.05 13:00,0.99340,BREAK,2007.12.21 17:00,0,,0,,0,,0,NA,NewYork,BREAK,2007.12.24 20:00,BREAK,2007.12.26 16:00,B-ZB-BR,S-ZO-UN,B-ZF-BR,B-ZF-BO,B-ZF-BR,B-ZO-BO,B-ZE-BR,B-ZD-BR,S-ZO-UN,B-ZO-BR,B-ZC-BO,S-ZG-BR,S-ZD-BR,B-ZH-BO,B-ZG-BR,B-ZF-BR,B-ZO-BO,S-ZE-BR,S-ZD-BR,S-ZF-BR
258,2007.12.06 00:00,USDCAD,60,86400,BUY,ZC,1,1.01520,0.99870,1650.0,1.02130,1.00910,1220.0,73.939,63.03,610.0,389.4,1.01520,1.00910,1.02740,BOUNCE,2008.01.16 13:00,0,,0,,0,,0,NA,NewYork,NA,,NA,,0.99260,BREAK,2007.12.21 18:00,0,,0,,0,,0,NA,NewYork,BREAK,2007.12.26 16:00,BREAK,2007.12.28 17:00,1.02130,BOUNCE,2007.12.13 19:00,1,2007.12.17 18:00,1,2007.12.21 18:00,0,,2,1w 0d,NewYork,NA,,NA,,1.00300,BOUNCE,2007.12.07 15:00,1,2007.12.13 19:00,1,2007.12.13 19:00,0,,2,6d 4h,NewYork,NA,,NA,,B-ZF-BO,B-ZB-BR,S-ZO-UN,B-ZF-BR,B-ZF-BO,B-ZF-BR,B-ZO-BO,B-ZE-BR,B-ZD-BR,S-ZO-UN,S-ZG-BR,S-ZD-BR,B-ZH-BO,B-ZG-BR,B-ZF-BR,B-ZO-BO,S-ZE-BR,S-ZD-BR,S-ZF-BR,S-ZB-BO
259,2007.12.07 00:00,USDCAD,60,86400,SELL,ZG,0,1.02130,1.00910,1220.0,1.01920,1.00760,1160.0,95.082,17.21,1010.0,287.9,1.01920,1.00910,0.99750,BREAK,2007.12.20 14:00,0,,0,,0,,0,NA,NewYork,BREAK,2007.12.24 20:00,BOUNCE,2008.01.02 11:00,1.03140,UNTOUCHED,,0,,0,,0,,0,NA,Other,NA,,NA,,0.99900,BREAK,2007.12.20 14:00,0,,0,,0,,0,NA,NewYork,BREAK,2007.12.24 20:00,BREAK,2007.12.28 17:00,1.02930,UNTOUCHED,,0,,0,,0,,0,NA,Other,NA,,NA,,B-ZC-BO,B-ZF-BO,B-ZB-BR,S-ZO-UN,B-ZF-BR,B-ZF-BO,B-ZF-BR,B-ZO-BO,B-ZE-BR,B-ZD-BR,S-ZD-BR,B-ZH-BO,B-ZG-BR,B-ZF-BR,B-ZO-BO,S-ZE-BR,S-ZD-BR,S-ZF-BR,S-ZB-BO,S-ZO-UN
260,2007.12.08 00:00,USDCAD,60,86400,SELL,ZD,1,1.01920,1.00760,1160.0,1.01470,1.00060,1410.0,121.552,38.79,710.0,273.8,1.01470,1.00760,0.99350,BREAK,2007.12.21 17:00,0,,0,,0,,0,NA,NewYork,BREAK,2007.12.26 15:00,BREAK,2007.12.28 17:00,1.02630,BOUNCE,2008.01.16 13:00,0,,0,,0,,0,NA,NewYork,NA,,NA,,1.00050,BOUNCE,2007.12.10 14:00,1,2007.12.13 20:00,1,2008.01.16 13:00,0,,2,5w 1d,NewYork,NA,,NA,,1.02180,BREAK,2007.12.13 20:00,0,,0,,0,,0,NA,NewYork,BOUNCE,2008.01.18 16:00,NA,,S-ZG-BR,B-ZC-BO,B-ZF-BO,B-ZB-BR,S-ZO-UN,B-ZF-BR,B-ZF-BO,B-ZF-BR,B-ZO-BO,B-ZE-BR,B-ZH-BO,B-ZG-BR,B-ZF-BR,B-ZO-BO,S-ZE-BR,S-ZD-BR,S-ZF-BR,S-ZB-BO,S-ZO-UN,S-ZG-UN
261,2007.12.12 00:00,USDCAD,60,86400,BUY,ZH,0,1.01180,1.00040,1140.0,1.01640,1.00380,1260.0,110.526,29.82,800.0,269.0,1.01180,1.00380,1.02440,BOUNCE,2007.12.14 15:00,1,2007.12.17 16:00,1,2007.12.20 14:00,1,2007.12.21 18:00,3,1w 0d,NewYork,NA,,NA,,0.99240,BREAK,2007.12.21 18:00,0,,0,,0,,0,NA,NewYork,BREAK,2007.12.26 16:00,BOUNCE,2007.12.31 17:00,1.01980,BREAK,2007.12.13 19:00,0,,0,,0,,0,NA,NewYork,BOUNCE,2008.01.16 17:00,NA,,0.99580,BOUNCE,2007.12.20 14:00,1,2008.01.11 15:00,1,2008.01.11 15:00,0,,2,3w 1d,NewYork,NA,,NA,,S-ZD-BR,S-ZG-BR,B-ZC-BO,B-ZF-BO,B-ZB-BR,S-ZO-UN,B-ZF-BR,B-ZF-BO,B-ZF-BR,B-ZO-BO,B-ZG-BR,B-ZF-BR,B-ZO-BO,S-ZE-BR,S-ZD-BR,S-ZF-BR,S-ZB-BO,S-ZO-UN,S-ZG-UN,S-ZG-BO
262,2007.12.13 00:00,USDCAD,60,86400,BUY,ZG,0,1.01640,1.00380,1260.0,1.01750,1.00540,1210.0,96.032,12.70,1100.0,297.4,1.01640,1.00540,1.02850,BREAK,2008.01.17 19:00,0,,0,,0,,0,NA,NewYork,UNTOUCHED,,NA,,0.99280,BREAK,2007.12.21 18:00,0,,0,,0,,0,NA,NewYork,BREAK,2007.12.27 17:00,UNTOUCHED,,1.02740,BOUNCE,2008.01.16 13:00,0,,0,,0,,0,NA,NewYork,NA,,NA,,0.99440,BREAK,2007.12.21 17:00,0,,0,,0,,0,NA,NewYork,BREAK,2007.12.26 18:00,UNTOUCHED,,B-ZH-BO,S-ZD-BR,S-ZG-BR,B-ZC-BO,B-ZF-BO,B-ZB-BR,S-ZO-UN,B-ZF-BR,B-ZF-BO,B-ZF-BR,B-ZF-BR,B-ZO-BO,S-ZE-BR,S-ZD-BR,S-ZF-BR,S-ZB-BO,S-ZO-UN,S-ZG-UN,S-ZG-BO,B-ZD-BR
263,2007.12.14 00:00,USDCAD,60,86400,BUY,ZF,0,1.01750,1.00540,1210.0,1.02330,1.00940,1390.0,114.876,33.06,810.0,285.6,1.01750,1.00940,1.03140,BREAK,2008.01.21 11:00,0,,0,,0,,0,NA,London,UNTOUCHED,,NA,,0.99730,BREAK,2007.12.20 14:00,0,,0,,0,,0,NA,NewYork,BREAK,2007.12.24 20:00,BREAK,2007.12.28 15:00,1.02560,BOUNCE,2008.01.16 12:00,0,,0,,0,,0,NA,London,NA,,NA,,1.00130,BOUNCE,2007.12.18 10:00,1,2008.01.16 12:00,1,2008.01.16 12:00,0,,2,4w 1d,London,NA,,NA,,B-ZG-BR,B-ZH-BO,S-ZD-BR,S-ZG-BR,B-ZC-BO,B-ZF-BO,B-ZB-BR,S-ZO-UN,B-ZF-BR,B-ZF-BO,B-ZO-BO,S-ZE-BR,S-ZD-BR,S-ZF-BR,S-ZB-BO,S-ZO-UN,S-ZG-UN,S-ZG-BO,B-ZD-BR,B-ZG-BO
264,2007.12.15 00:00,USDCAD,60,86400,BUY,ZO,0,1.02330,1.00940,1390.0,1.02480,1.01260,1220.0,87.770,23.02,1070.0,328.0,1.02330,1.01260,1.03550,BOUNCE,2008.01.22 01:00,1,2008.01.24 15:00,1,2008.01.25 00:00,0,,2,2d 23h,Asia,NA,,NA,,0.99870,BREAK,2007.12.20 14:00,0,,0,,0,,0,NA,NewYork,BREAK,2007.12.24 20:00,BOUNCE,2008.01.02 11:00,1.03400,BREAK,2008.01.22 00:00,0,,0,,0,,0,NA,Asia,UNTOUCHED,,NA,,1.00190,BOUNCE,2007.12.18 10:00,1,2008.01.22 00:00,1,2008.01.22 00:00,0,,2,4w 6d,London,NA,,NA,,B-ZF-BR,B-ZG-BR,B-ZH-BO,S-ZD-BR,S-ZG-BR,B-ZC-BO,B-ZF-BO,B-ZB-BR,S-ZO-UN,B-ZF-BR,S-ZE-BR,S-ZD-BR,S-ZF-BR,S-ZB-BO,S-ZO-UN,S-ZG-UN,S-ZG-BO,B-ZD-BR,B-ZG-BO,B-ZF-BO
265,2007.12.19 00:00,USDCAD,60,86400,SELL,ZE,1,1.02250,1.00270,1980.0,1.01430,1.00120,1310.0,66.162,41.41,1160.0,467.3,1.01430,1.00270,0.98960,BREAK,2007.12.24 13:00,0,,0,,0,,0,NA,NewYork,BOUNCE,2008.01.02 11:00,NA,,1.03410,BOUNCE,2008.01.22 00:00,1,2008.01.24 17:00,0,,0,,1,2d 17h,Asia,NA,,NA,,0.99110,BREAK,2007.12.21 20:00,0,,0,,0,,0,NA,NewYork,BOUNCE,2008.01.02 11:00,NA,,1.02590,BREAK,2008.01.16 13:00,0,,0,,0,,0,NA,NewYork,BOUNCE,2008.01.22 16:00,NA,,B-ZO-BO,B-ZF-BR,B-ZG-BR,B-ZH-BO,S-ZD-BR,S-ZG-BR,B-ZC-BO,B-ZF-BO,B-ZB-BR,S-ZO-UN,S-ZD-BR,S-ZF-BR,S-ZB-BO,S-ZO-UN,S-ZG-UN,S-ZG-BO,B-ZD-BR,B-ZG-BO,B-ZF-BO,S-ZG-BO
266,2007.12.21 00:00,USDCAD,60,86400,SELL,ZD,1,1.00900,1.00160,740.0,1.00470,0.99530,940.0,127.027,58.11,310.0,174.6,1.00470,1.00160,0.99220,BREAK,2007.12.21 19:00,0,,0,,0,,0,NA,NewYork,BREAK,2007.12.24 15:00,BREAK,2007.12.24 20:00,1.01210,BOUNCE,2008.01.10 16:00,1,2008.01.24 23:00,1,2008.01.29 13:00,1,2008.01.30 16:00,3,2w 6d,NewYork,NA,,NA,,0.99850,BREAK,2007.12.21 06:00,0,,0,,0,,0,NA,Asia,BOUNCE,2007.12.21 15:00,NA,,1.00780,BOUNCE,2008.01.07 11:00,1,2008.01.07 15:00,1,2008.01.07 15:00,0,,2,4h,London,NA,,NA,,S-ZE-BR,B-ZO-BO,B-ZF-BR,B-ZG-BR,B-ZH-BO,S-ZD-BR,S-ZG-BR,B-ZC-BO,B-ZF-BO,B-ZB-BR,S-ZF-BR,S-ZB-BO,S-ZO-UN,S-ZG-UN,S-ZG-BO,B-ZD-BR,B-ZG-BO,B-ZF-BO,S-ZG-BO,B-ZD-BR
267,2007.12.22 00:00,USDCAD,60,86400,SELL,ZF,0,1.00470,0.99530,940.0,1.00200,0.99100,1100.0,117.021,28.72,670.0,221.8,1.00200,0.99530,0.98430,BREAK,2007.12.24 20:00,0,,0,,0,,0,NA,NewYork,BOUNCE,2007.12.31 17:00,NA,,1.01140,BREAK,2008.01.09 22:00,0,,0,,0,,0,NA,Other,BREAK,2008.01.11 15:00,BREAK,2008.01.16 13:00,0.98860,BREAK,2007.12.24 13:00,0,,0,,0,,0,NA,NewYork,BREAK,2007.12.27 17:00,UNTOUCHED,,1.00870,BREAK,2008.01.09 17:00,0,,0,,0,,0,NA,NewYork,BREAK,2008.01.11 15:00,BREAK,2008.01.16 12:00,S-ZD-BR,S-ZE-BR,B-ZO-BO,B-ZF-BR,B-ZG-BR,B-ZH-BO,S-ZD-BR,S-ZG-BR,B-ZC-BO,B-ZF-BO,S-ZB-BO,S-ZO-UN,S-ZG-UN,S-ZG-BO,B-ZD-BR,B-ZG-BO,B-ZF-BO,S-ZG-BO,B-ZD-BR,B-ZF-UN
268,2007.12.27 00:00,USDCAD,60,86400,SELL,ZB,1,0.99310,0.98400,910.0,0.98680,0.98020,660.0,72.527,69.23,280.0,214.8,0.98680,0.98400,0.97740,BOUNCE,2007.12.28 17:00,1,2007.12.31 14:00,1,2008.01.02 11:00,1,2008.01.02 18:00,3,5d 1h,NewYork,NA,,NA,,0.99590,BOUNCE,2008.01.02 18:00,1,2008.01.02 20:00,0,,0,,1,2h,NewYork,NA,,NA,,0.98120,BOUNCE,2007.12.27 00:00,1,2008.01.02 11:00,1,2008.01.02 18:00,0,,2,6d 18h,Asia,NA,,NA,,0.98960,BREAK,2008.01.02 11:00,0,,0,,0,,0,NA,London,BOUNCE,2008.01.02 17:00,NA,,S-ZF-BR,S-ZD-BR,S-ZE-BR,B-ZO-BO,B-ZF-BR,B-ZG-BR,B-ZH-BO,S-ZD-BR,S-ZG-BR,B-ZC-BO,S-ZO-UN,S-ZG-UN,S-ZG-BO,B-ZD-BR,B-ZG-BO,B-ZF-BO,S-ZG-BO,B-ZD-BR,B-ZF-UN,S-ZB-BO
269,2007.12.28 00:00,USDCAD,60,86400,SELL,ZO,0,0.98680,0.98020,660.0,0.98520,0.97840,680.0,103.030,24.24,500.0,155.8,0.98520,0.98020,0.97340,UNTOUCHED,,0,,0,,0,,0,NA,Other,NA,,NA,,0.99180,BOUNCE,2008.01.02 11:00,0,,0,,0,,0,NA,London,NA,,NA,,0.97520,UNTOUCHED,,0,,0,,0,,0,NA,Other,NA,,NA,,0.99020,BREAK,2008.01.02 11:00,0,,0,,0,,0,NA,London,BREAK,2008.01.02 18:00,BREAK,2008.01.04 18:00,S-ZB-BO,S-ZF-BR,S-ZD-BR,S-ZE-BR,B-ZO-BO,B-ZF-BR,B-ZG-BR,B-ZH-BO,S-ZD-BR,S-ZG-BR,S-ZG-UN,S-ZG-BO,B-ZD-BR,B-ZG-BO,B-ZF-BO,S-ZG-BO,B-ZD-BR,B-ZF-UN,S-ZB-BO,S-ZE-BR
270,2007.12.29 00:00,USDCAD,60,86400,SELL,ZG,0,0.98520,0.97840,680.0,0.98500,0.97560,940.0,138.235,2.94,660.0,160.5,0.98500,0.97840,0.96900,UNTOUCHED,,0,,0,,0,,0,NA,Other,NA,,NA,,0.99180,BREAK,2008.01.02 11:00,0,,0,,0,,0,NA,London,BREAK,2008.01.04 18:00,BREAK,2008.01.07 10:00,0.97180,UNTOUCHED,,0,,0,,0,,0,NA,Other,NA,,NA,,0.99160,BREAK,2008.01.02 11:00,0,,0,,0,,0,NA,London,BREAK,2008.01.04 18:00,BREAK,2008.01.07 10:00,S-ZO-UN,S-ZB-BO,S-ZF-BR,S-ZD-BR,S-ZE-BR,B-ZO-BO,B-ZF-BR,B-ZG-BR,B-ZH-BO,S-ZD-BR,S-ZG-BO,B-ZD-BR,B-ZG-BO,B-ZF-BO,S-ZG-BO,B-ZD-BR,B-ZF-UN,S-ZB-BO,S-ZE-BR,S-ZB-BO
271,2008.01.09 00:00,USDCAD,60,86400,SELL,ZG,0,1.00780,0.99680,1100.0,1.00610,0.99650,960.0,87.273,15.45,930.0,259.6,1.00610,0.99680,0.98720,BOUNCE,2008.01.30 23:00,1,2008.01.31 17:00,0,,0,,1,18h,Other,NA,,NA,,1.01710,BREAK,2008.01.11 15:00,0,,0,,0,,0,NA,NewYork,BOUNCE,2008.01.16 17:00,NA,,0.98750,BOUNCE,2008.01.30 22:00,0,,0,,0,,0,NA,Other,NA,,NA,,1.01540,BREAK,2008.01.11 15:00,0,,0,,0,,0,NA,NewYork,BREAK,2008.01.16 13:00,BREAK,2008.01.22 13:00,S-ZG-UN,S-ZO-UN,S-ZB-BO,S-ZF-BR,S-ZD-BR,S-ZE-BR,B-ZO-BO,B-ZF-BR,B-ZG-BR,B-ZH-BO,B-ZD-BR,B-ZG-BO,B-ZF-BO,S-ZG-BO,B-ZD-BR,B-ZF-UN,S-ZB-BO,S-ZE-BR,S-ZB-BO,S-ZB-BR
272,2008.01.10 00:00,USDCAD,60,86400,BUY,ZD,1,1.00610,0.99650,960.0,1.01200,1.00190,1010.0,105.208,56.25,420.0,226.6,1.00610,1.00190,1.01620,BREAK,2008.01.11 15:00,0,,0,,0,,0,NA,NewYork,BOUNCE,2008.01.14 10:00,NA,,0.99230,BOUNCE,2008.01.30 16:00,1,2008.01.31 16:00,1,2008.02.07 15:00,1,2008.02.19 19:00,3,2w 6d,NewYork,NA,,NA,,1.01030,BOUNCE,2008.01.10 00:00,1,2008.01.29 13:00,1,2008.01.30 16:00,0,,2,2w 6d,Asia,NA,,NA,,0.99770,BOUNCE,2008.01.29 13:00,1,2008.02.07 15:00,1,2008.02.07 15:00,0,,2,1w 2d,NewYork,NA,,NA,,S-ZG-BO,S-ZG-UN,S-ZO-UN,S-ZB-BO,S-ZF-BR,S-ZD-BR,S-ZE-BR,B-ZO-BO,B-ZF-BR,B-ZG-BR,B-ZG-BO,B-ZF-BO,S-ZG-BO,B-ZD-BR,B-ZF-UN,S-ZB-BO,S-ZE-BR,S-ZB-BO,S-ZB-BR,B-ZF-BO
273,2008.01.11 00:00,USDCAD,60,86400,BUY,ZG,0,1.01200,1.00190,1010.0,1.01500,1.00520,980.0,97.030,32.67,680.0,238.4,1.01200,1.00520,1.02180,BOUNCE,2008.01.11 15:00,1,2008.01.24 19:00,1,2008.01.29 13:00,1,2008.01.29 16:00,3,2w 4d,NewYork,NA,,NA,,0.99510,BREAK,2008.01.29 16:00,0,,0,,0,,0,NA,NewYork,BOUNCE,2008.01.31 01:00,NA,,1.01880,BREAK,2008.01.11 15:00,0,,0,,0,,0,NA,NewYork,BREAK,2008.01.16 13:00,BREAK,2008.01.22 00:00,0.99840,BREAK,2008.01.29 13:00,0,,0,,0,,0,NA,NewYork,BREAK,2008.01.30 22:00,BREAK,2008.02.26 20:00,B-ZD-BR,S-ZG-BO,S-ZG-UN,S-ZO-UN,S-ZB-BO,S-ZF-BR,S-ZD-BR,S-ZE-BR,B-ZO-BO,B-ZF-BR,B-ZF-BO,S-ZG-BO,B-ZD-BR,B-ZF-UN,S-ZB-BO,S-ZE-BR,S-ZB-BO,S-ZB-BR,B-ZF-BO,B-ZO-BR
274,2008.01.12 00:00,USDCAD,60,86400,BUY,ZF,1,1.01500,1.00520,980.0,1.02190,1.00670,1520.0,155.102,15.31,830.0,231.3,1.01500,1.00670,1.03020,BOUNCE,2008.01.17 19:00,1,2008.01.24 15:00,1,2008.01.29 13:00,1,2008.01.29 16:00,3,1w 4d,NewYork,NA,,NA,,0.99690,BREAK,2008.01.29 16:00,0,,0,,0,,0,NA,NewYork,BOUNCE,2008.01.31 02:00,NA,,1.02330,BREAK,2008.01.16 10:00,0,,0,,0,,0,NA,London,BREAK,2008.01.22 00:00,UNTOUCHED,,0.99840,BREAK,2008.01.29 13:00,0,,0,,0,,0,NA,NewYork,BREAK,2008.01.30 22:00,BREAK,2008.02.26 22:00,B-ZG-BO,B-ZD-BR,S-ZG-BO,S-ZG-UN,S-ZO-UN,S-ZB-BO,S-ZF-BR,S-ZD-BR,S-ZE-BR,B-ZO-BO,S-ZG-BO,B-ZD-BR,B-ZF-UN,S-ZB-BO,S-ZE-BR,S-ZB-BO,S-ZB-BR,B-ZF-BO,B-ZO-BR,B-ZE-BO
275,2008.01.16 00:00,USDCAD,60,86400,SELL,ZG,0,1.02110,1.01470,640.0,1.01970,1.01240,730.0,114.063,21.87,500.0,151.0,1.01970,1.01470,1.00740,BOUNCE,2008.01.24 19:00,1,2008.02.20 00:00,0,,0,,1,3w 5d,NewYork,NA,,NA,,1.02610,BREAK,2008.01.16 13:00,0,,0,,0,,0,NA,NewYork,BREAK,2008.01.21 15:00,BREAK,2008.01.22 13:00,1.00970,BOUNCE,2008.01.24 17:00,0,,0,,0,,0,NA,NewYork,NA,,NA,,1.02470,BREAK,2008.01.16 12:00,0,,0,,0,,0,NA,London,BOUNCE,2008.01.18 14:00,NA,,B-ZF-BO,B-ZG-BO,B-ZD-BR,S-ZG-BO,S-ZG-UN,S-ZO-UN,S-ZB-BO,S-ZF-BR,S-ZD-BR,S-ZE-BR,B-ZD-BR,B-ZF-UN,S-ZB-BO,S-ZE-BR,S-ZB-BO,S-ZB-BR,B-ZF-BO,B-ZO-BR,B-ZE-BO,B-ZB-BO
276,2008.01.17 00:00,USDCAD,60,86400,BUY,ZD,1,1.01970,1.01240,730.0,1.02820,1.01530,1290.0,176.712,39.73,440.0,172.3,1.01970,1.01530,1.03260,BREAK,2008.01.21 14:00,0,,0,,0,,0,NA,NewYork,BOUNCE,2008.01.22 15:00,NA,,1.00800,BOUNCE,2008.01.24 19:00,1,2008.02.19 22:00,0,,0,,1,3w 5d,NewYork,NA,,NA,,1.02410,BOUNCE,2008.01.17 00:00,1,2008.01.24 17:00,1,2008.01.24 19:00,0,,2,1w 0d,Asia,NA,,NA,,1.01090,BREAK,2008.01.24 17:00,0,,0,,0,,0,NA,NewYork,BOUNCE,2008.01.24 19:00,NA,,S-ZG-BO,B-ZF-BO,B-ZG-BO,B-ZD-BR,S-ZG-BO,S-ZG-UN,S-ZO-UN,S-ZB-BO,S-ZF-BR,S-ZD-BR,B-ZF-UN,S-ZB-BO,S-ZE-BR,S-ZB-BO,S-ZB-BR,B-ZF-BO,B-ZO-BR,B-ZE-BO,B-ZB-BO,S-ZF-BR
277,2008.01.18 00:00,USDCAD,60,86400,BUY,ZF,0,1.02820,1.01530,1290.0,1.03070,1.01810,1260.0,97.674,21.71,1010.0,304.4,1.02820,1.01810,1.04080,UNTOUCHED,,0,,0,,0,,0,NA,Other,NA,,NA,,1.00520,BREAK,2008.01.25 00:00,0,,0,,0,,0,NA,Asia,BREAK,2008.01.30 16:00,BREAK,2008.02.26 20:00,1.03830,UNTOUCHED,,0,,0,,0,,0,NA,Other,NA,,NA,,1.00800,BREAK,2008.01.24 19:00,0,,0,,0,,0,NA,NewYork,BREAK,2008.01.29 16:00,BOUNCE,2008.01.31 14:00,B-ZD-BR,S-ZG-BO,B-ZF-BO,B-ZG-BO,B-ZD-BR,S-ZG-BO,S-ZG-UN,S-ZO-UN,S-ZB-BO,S-ZF-BR,S-ZB-BO,S-ZE-BR,S-ZB-BO,S-ZB-BR,B-ZF-BO,B-ZO-BR,B-ZE-BO,B-ZB-BO,S-ZF-BR,S-ZO-BR
278,2008.01.25 00:00,USDCAD,60,86400,SELL,ZB,1,1.03160,1.02210,950.0,1.02550,1.00540,2010.0,211.579,64.21,340.0,224.2,1.02550,1.02210,1.00200,BOUNCE,2008.01.25 00:00,1,2008.01.25 13:00,0,,0,,1,13h,Asia,NA,,NA,,1.03500,UNTOUCHED,,0,,0,,0,,0,NA,Other,NA,,NA,,1.01870,BREAK,2008.01.25 00:00,0,,0,,0,,0,NA,Asia,BREAK,2008.01.25 01:00,BREAK,2008.01.25 02:00,1.02890,UNTOUCHED,,0,,0,,0,,0,NA,Other,NA,,NA,,B-ZF-UN,B-ZD-BR,S-ZG-BO,B-ZF-BO,B-ZG-BO,B-ZD-BR,S-ZG-BO,S-ZG-UN,S-ZO-UN,S-ZB-BO,S-ZE-BR,S-ZB-BO,S-ZB-BR,B-ZF-BO,B-ZO-BR,B-ZE-BO,B-ZB-BO,S-ZF-BR,S-ZO-BR,B-ZE-BR
279,2008.01.26 00:00,USDCAD,60,86400,SELL,ZE,1,1.02550,1.00540,2010.0,1.01070,1.00150,920.0,45.771,73.63,530.0,474.4,1.01070,1.00540,0.99620,BREAK,2008.01.29 16:00,0,,0,,0,,0,NA,NewYork,BOUNCE,2008.01.31 01:00,NA,,1.03080,UNTOUCHED,,0,,0,,0,,0,NA,Other,NA,,NA,,1.00010,BREAK,2008.01.29 13:00,0,,0,,0,,0,NA,NewYork,BOUNCE,2008.01.29 21:00,NA,,1.01600,BOUNCE,2008.02.19 19:00,1,2008.02.25 18:00,1,2008.02.25 18:00,0,,2,5d 23h,NewYork,NA,,NA,,S-ZB-BO,B-ZF-UN,B-ZD-BR,S-ZG-BO,B-ZF-BO,B-ZG-BO,B-ZD-BR,S-ZG-BO,S-ZG-UN,S-ZO-UN,S-ZB-BO,S-ZB-BR,B-ZF-BO,B-ZO-BR,B-ZE-BO,B-ZB-BO,S-ZF-BR,S-ZO-BR,B-ZE-BR,S-ZE-BR
280,2008.01.30 00:00,USDCAD,60,86400,SELL,ZB,1,1.01180,1.00210,970.0,1.00690,0.99430,1260.0,129.897,50.52,480.0,228.9,1.00690,1.00210,0.98950,BOUNCE,2008.01.30 22:00,1,2008.01.31 15:00,1,2008.02.07 15:00,1,2008.02.19 22:00,3,2w 6d,Other,NA,,NA,,1.01660,BOUNCE,2008.02.19 22:00,1,2008.02.21 19:00,1,2008.02.25 19:00,1,2008.02.26 15:00,3,6d 17h,Other,NA,,NA,,0.99730,BREAK,2008.01.30 04:00,0,,0,,0,,0,NA,Asia,BREAK,2008.01.30 22:00,BOUNCE,2008.01.30 23:00,1.01170,BOUNCE,2008.02.07 15:00,1,2008.02.08 17:00,1,2008.02.08 17:00,0,,2,1d 2h,NewYork,NA,,NA,,S-ZE-BR,S-ZB-BO,B-ZF-UN,B-ZD-BR,S-ZG-BO,B-ZF-BO,B-ZG-BO,B-ZD-BR,S-ZG-BO,S-ZG-UN,S-ZB-BR,B-ZF-BO,B-ZO-BR,B-ZE-BO,B-ZB-BO,S-ZF-BR,S-ZO-BR,B-ZE-BR,S-ZE-BR,B-ZG-BR
281,2008.01.31 00:00,USDCAD,60,86400,SELL,ZB,1,1.00690,0.99430,1260.0,1.00000,0.98710,1290.0,102.381,54.76,570.0,297.4,1.00000,0.99430,0.98140,BREAK,2008.02.26 22:00,0,,0,,0,,0,NA,Other,BREAK,2008.02.28 19:00,UNTOUCHED,,1.01260,BOUNCE,2008.02.07 16:00,1,2008.02.08 15:00,1,2008.02.26 16:00,1,2008.02.26 22:00,3,2w 5d,NewYork,NA,,NA,,0.98860,BREAK,2008.02.26 16:00,0,,0,,0,,0,NA,NewYork,BREAK,2008.02.26 22:00,BOUNCE,2008.02.27 14:00,1.00570,BOUNCE,2008.01.31 17:00,1,2008.02.26 16:00,1,2008.02.26 16:00,0,,2,3w 4d,NewYork,NA,,NA,,S-ZB-BO,S-ZE-BR,S-ZB-BO,B-ZF-UN,B-ZD-BR,S-ZG-BO,B-ZF-BO,B-ZG-BO,B-ZD-BR,S-ZG-BO,B-ZF-BO,B-ZO-BR,B-ZE-BO,B-ZB-BO,S-ZF-BR,S-ZO-BR,B-ZE-BR,S-ZE-BR,B-ZG-BR,S-ZE-BO
282,2008.02.01 00:00,USDCAD,60,86400,BUY,ZF,1,1.00000,0.98710,1290.0,1.00860,0.99180,1680.0,130.233,36.43,820.0,304.4,1.00000,0.99180,1.01680,BOUNCE,2008.02.19 22:00,1,2008.02.25 18:00,1,2008.02.26 20:00,1,2008.02.26 22:00,3,1w 0d,Other,NA,,NA,,0.97890,BREAK,2008.02.26 22:00,0,,0,,0,,0,NA,Other,UNTOUCHED,,NA,,1.00820,BREAK,2008.02.06 01:00,0,,0,,0,,0,NA,Asia,BREAK,2008.02.20 19:00,BREAK,2008.03.20 17:00,0.98360,BREAK,2008.02.26 20:00,0,,0,,0,,0,NA,NewYork,BREAK,2008.02.28 19:00,UNTOUCHED,,S-ZB-BR,S-ZB-BO,S-ZE-BR,S-ZB-BO,B-ZF-UN,B-ZD-BR,S-ZG-BO,B-ZF-BO,B-ZG-BO,B-ZD-BR,B-ZO-BR,B-ZE-BO,B-ZB-BO,S-ZF-BR,S-ZO-BR,B-ZE-BR,S-ZE-BR,B-ZG-BR,S-ZE-BO,S-ZG-UN
283,2008.02.05 00:00,USDCAD,60,86400,BUY,ZO,1,0.99510,0.99170,340.0,1.00120,0.99210,910.0,267.647,11.76,300.0,80.2,0.99510,0.99210,1.00420,BREAK,2008.02.05 17:00,0,,0,,0,,0,NA,NewYork,BREAK,2008.02.06 01:00,BREAK,2008.02.07 15:00,0.98870,BOUNCE,2008.02.26 15:00,1,2008.03.04 19:00,1,2008.03.10 21:00,0,,2,1w 6d,NewYork,NA,,NA,,0.99810,BREAK,2008.02.05 11:00,0,,0,,0,,0,NA,London,BREAK,2008.02.05 15:00,BREAK,2008.02.05 17:00,0.98910,BOUNCE,2008.02.26 15:00,1,2008.03.10 21:00,1,2008.03.10 21:00,0,,2,1w 6d,NewYork,NA,,NA,,B-ZF-BO,S-ZB-BR,S-ZB-BO,S-ZE-BR,S-ZB-BO,B-ZF-UN,B-ZD-BR,S-ZG-BO,B-ZF-BO,B-ZG-BO,B-ZE-BO,B-ZB-BO,S-ZF-BR,S-ZO-BR,B-ZE-BR,S-ZE-BR,B-ZG-BR,S-ZE-BO,S-ZG-UN,B-ZF-BR
284,2008.02.07 00:00,USDCAD,60,86400,BUY,ZE,1,1.00800,0.99210,1590.0,1.01010,1.00060,950.0,59.748,53.46,740.0,375.2,1.00800,1.00060,1.01750,BOUNCE,2008.02.20 00:00,1,2008.02.25 16:00,1,2008.02.26 13:00,1,2008.02.26 20:00,3,6d 20h,Asia,NA,,NA,,0.98470,BREAK,2008.02.26 20:00,0,,0,,0,,0,NA,NewYork,BREAK,2008.02.28 18:00,UNTOUCHED,,1.01540,BREAK,2008.02.19 19:00,0,,0,,0,,0,NA,NewYork,BREAK,2008.03.20 14:00,BOUNCE,2008.03.24 16:00,0.99320,BOUNCE,2008.02.15 12:00,1,2008.02.19 19:00,1,2008.02.19 19:00,0,,2,4d 7h,London,NA,,NA,,B-ZO-BR,B-ZF-BO,S-ZB-BR,S-ZB-BO,S-ZE-BR,S-ZB-BO,B-ZF-UN,B-ZD-BR,S-ZG-BO,B-ZF-BO,B-ZB-BO,S-ZF-BR,S-ZO-BR,B-ZE-BR,S-ZE-BR,B-ZG-BR,S-ZE-BO,S-ZG-UN,B-ZF-BR,B-ZF-BR
285,2008.02.08 00:00,USDCAD,60,86400,BUY,ZB,1,1.01010,1.00060,950.0,1.01260,1.00460,800.0,84.211,42.11,550.0,224.2,1.01010,1.00460,1.01810,BOUNCE,2008.02.20 15:00,1,2008.02.21 19:00,1,2008.02.25 18:00,1,2008.02.25 23:00,3,5d 8h,NewYork,NA,,NA,,0.99510,BOUNCE,2008.02.08 18:00,1,2008.02.15 20:00,1,2008.02.19 19:00,1,2008.02.20 15:00,3,1w 4d,NewYork,NA,,NA,,1.01560,BREAK,2008.02.19 19:00,0,,0,,0,,0,NA,NewYork,BREAK,2008.03.20 11:00,BREAK,2008.03.20 19:00,0.99910,BREAK,2008.02.08 15:00,0,,0,,0,,0,NA,NewYork,BOUNCE,2008.02.15 16:00,NA,,B-ZE-BO,B-ZO-BR,B-ZF-BO,S-ZB-BR,S-ZB-BO,S-ZE-BR,S-ZB-BO,B-ZF-UN,B-ZD-BR,S-ZG-BO,S-ZF-BR,S-ZO-BR,B-ZE-BR,S-ZE-BR,B-ZG-BR,S-ZE-BO,S-ZG-UN,B-ZF-BR,B-ZF-BR,S-ZG-UN
286,2008.02.09 00:00,USDCAD,60,86400,SELL,ZF,1,1.01260,1.00460,800.0,1.01050,0.99470,1580.0,197.500,26.25,590.0,188.8,1.01050,1.00460,0.98880,BREAK,2008.02.26 15:00,0,,0,,0,,0,NA,NewYork,BREAK,2008.02.26 22:00,BOUNCE,2008.02.27 14:00,1.01850,BOUNCE,2008.02.20 16:00,1,2008.02.21 19:00,1,2008.02.25 18:00,1,2008.02.26 15:00,3,5d 23h,NewYork,NA,,NA,,0.99870,BREAK,2008.02.09 00:00,0,,0,,0,,0,NA,Asia,BOUNCE,2008.02.15 16:00,NA,,1.01640,BOUNCE,2008.02.19 22:00,1,2008.02.25 18:00,1,2008.02.25 18:00,0,,2,5d 20h,Other,NA,,NA,,B-ZB-BO,B-ZE-BO,B-ZO-BR,B-ZF-BO,S-ZB-BR,S-ZB-BO,S-ZE-BR,S-ZB-BO,B-ZF-UN,B-ZD-BR,S-ZO-BR,B-ZE-BR,S-ZE-BR,B-ZG-BR,S-ZE-BO,S-ZG-UN,B-ZF-BR,B-ZF-BR,S-ZG-UN,S-ZE-BO
287,2008.02.15 00:00,USDCAD,60,86400,SELL,ZO,0,1.00270,0.99640,630.0,1.00150,0.99360,790.0,125.397,19.05,510.0,148.7,1.00150,0.99640,0.98850,BREAK,2008.02.26 17:00,0,,0,,0,,0,NA,NewYork,BREAK,2008.02.26 20:00,BREAK,2008.02.27 11:00,1.00780,BOUNCE,2008.02.15 20:00,1,2008.02.25 18:00,1,2008.02.26 15:00,1,2008.02.26 17:00,3,1w 3d,NewYork,NA,,NA,,0.99130,BREAK,2008.02.26 15:00,0,,0,,0,,0,NA,NewYork,BREAK,2008.02.26 20:00,BREAK,2008.02.26 22:00,1.00660,BREAK,2008.02.15 20:00,0,,0,,0,,0,NA,NewYork,BREAK,2008.02.19 19:00,BOUNCE,2008.02.20 13:00,S-ZF-BR,B-ZB-BO,B-ZE-BO,B-ZO-BR,B-ZF-BO,S-ZB-BR,S-ZB-BO,S-ZE-BR,S-ZB-BO,B-ZF-UN,B-ZE-BR,S-ZE-BR,B-ZG-BR,S-ZE-BO,S-ZG-UN,B-ZF-BR,B-ZF-BR,S-ZG-UN,S-ZE-BO,S-ZE-UN
288,2008.02.21 00:00,USDCAD,60,86400,BUY,ZE,1,1.01720,1.00210,1510.0,1.01980,1.01050,930.0,61.589,55.63,670.0,356.4,1.01720,1.01050,1.02650,BREAK,2008.03.20 14:00,0,,0,,0,,0,NA,NewYork,UNTOUCHED,,NA,,0.99540,BREAK,2008.02.25 23:00,0,,0,,0,,0,NA,Other,BREAK,2008.02.26 19:00,BREAK,2008.02.26 22:00,1.02390,BREAK,2008.03.20 11:00,0,,0,,0,,0,NA,London,BOUNCE,2008.03.24 16:00,NA,,1.00380,BREAK,2008.02.25 14:00,0,,0,,0,,0,NA,NewYork,BREAK,2008.02.26 13:00,BREAK,2008.02.26 17:00,S-ZO-BR,S-ZF-BR,B-ZB-BO,B-ZE-BO,B-ZO-BR,B-ZF-BO,S-ZB-BR,S-ZB-BO,S-ZE-BR,S-ZB-BO,S-ZE-BR,B-ZG-BR,S-ZE-BO,S-ZG-UN,B-ZF-BR,B-ZF-BR,S-ZG-UN,S-ZE-BO,S-ZE-UN,S-ZG-UN
289,2008.02.22 00:00,USDCAD,60,86400,SELL,ZE,1,1.01980,1.01050,930.0,1.01410,1.00650,760.0,81.720,61.29,360.0,219.5,1.01410,1.01050,1.00290,BREAK,2008.02.25 16:00,0,,0,,0,,0,NA,NewYork,BOUNCE,2008.02.25 18:00,NA,,1.02340,BOUNCE,2008.03.20 11:00,1,2008.03.24 17:00,0,,0,,1,4d 6h,London,NA,,NA,,1.00690,BREAK,2008.02.25 13:00,0,,0,,0,,0,NA,NewYork,BREAK,2008.02.25 16:00,BREAK,2008.02.25 18:00,1.01770,BREAK,2008.03.20 10:00,0,,0,,0,,0,NA,London,BREAK,2008.03.20 12:00,BREAK,2008.03.20 17:00,B-ZE-BR,S-ZO-BR,S-ZF-BR,B-ZB-BO,B-ZE-BO,B-ZO-BR,B-ZF-BO,S-ZB-BR,S-ZB-BO,S-ZE-BR,B-ZG-BR,S-ZE-BO,S-ZG-UN,B-ZF-BR,B-ZF-BR,S-ZG-UN,S-ZE-BO,S-ZE-UN,S-ZG-UN,B-ZG-BR
290,2008.02.23 00:00,USDCAD,60,86400,BUY,ZG,0,1.01410,1.00650,760.0,1.01660,1.00710,950.0,125.000,7.89,700.0,179.4,1.01410,1.00710,1.02360,BREAK,2008.03.20 11:00,0,,0,,0,,0,NA,London,BOUNCE,2008.03.24 16:00,NA,,0.99950,BREAK,2008.02.25 18:00,0,,0,,0,,0,NA,NewYork,BREAK,2008.02.26 15:00,BREAK,2008.02.26 20:00,1.02110,BREAK,2008.03.20 11:00,0,,0,,0,,0,NA,London,BREAK,2008.03.24 06:00,UNTOUCHED,,1.00010,BREAK,2008.02.25 18:00,0,,0,,0,,0,NA,NewYork,BREAK,2008.02.26 15:00,BREAK,2008.02.26 20:00,S-ZE-BR,B-ZE-BR,S-ZO-BR,S-ZF-BR,B-ZB-BO,B-ZE-BO,B-ZO-BR,B-ZF-BO,S-ZB-BR,S-ZB-BO,S-ZE-BO,S-ZG-UN,B-ZF-BR,B-ZF-BR,S-ZG-UN,S-ZE-BO,S-ZE-UN,S-ZG-UN,B-ZG-BR,S-ZE-BR
291,2008.02.28 00:00,USDCAD,60,86400,SELL,ZE,1,0.99830,0.97820,2010.0,0.98310,0.97580,730.0,36.318,75.62,490.0,474.4,0.98310,0.97820,0.97090,BOUNCE,2008.02.28 19:00,1,2008.02.29 14:00,1,2008.03.01 00:00,1,2008.03.19 18:00,3,2w 5d,NewYork,NA,,NA,,1.00320,BREAK,2008.03.19 18:00,0,,0,,0,,0,NA,NewYork,BREAK,2008.03.19 22:00,BREAK,2008.03.20 10:00,0.97330,BOUNCE,2008.02.28 18:00,1,2008.03.01 00:00,1,2008.03.19 18:00,0,,2,2w 6d,NewYork,NA,,NA,,0.98800,BOUNCE,2008.03.01 00:00,0,,0,,0,,0,NA,Asia,NA,,NA,,B-ZG-BR,S-ZE-BR,B-ZE-BR,S-ZO-BR,S-ZF-BR,B-ZB-BO,B-ZE-BO,B-ZO-BR,B-ZF-BO,S-ZB-BR,S-ZG-UN,B-ZF-BR,B-ZF-BR,S-ZG-UN,S-ZE-BO,S-ZE-UN,S-ZG-UN,B-ZG-BR,S-ZE-BR,S-ZO-BR
292,2008.02.29 00:00,USDCAD,60,86400,SELL,ZG,1,0.98310,0.97580,730.0,0.98200,0.97090,1110.0,152.055,15.07,620.0,172.3,0.98200,0.97580,0.96470,UNTOUCHED,,0,,0,,0,,0,NA,Other,NA,,NA,,0.98930,BOUNCE,2008.03.03 16:00,1,2008.03.07 15:00,0,,0,,1,3d 23h,NewYork,NA,,NA,,0.96960,UNTOUCHED,,0,,0,,0,,0,NA,Other,NA,,NA,,0.98820,BREAK,2008.03.01 00:00,0,,0,,0,,0,NA,Asia,BREAK,2008.03.04 19:00,BOUNCE,2008.03.18 06:00,S-ZE-BO,B-ZG-BR,S-ZE-BR,B-ZE-BR,S-ZO-BR,S-ZF-BR,B-ZB-BO,B-ZE-BO,B-ZO-BR,B-ZF-BO,B-ZF-BR,B-ZF-BR,S-ZG-UN,S-ZE-BO,S-ZE-UN,S-ZG-UN,B-ZG-BR,S-ZE-BR,S-ZO-BR,B-ZO-BO
293,2008.03.01 00:00,USDCAD,60,86400,BUY,ZF,1,0.98200,0.97090,1110.0,0.98510,0.97440,1070.0,96.396,31.53,760.0,262.0,0.98200,0.97440,0.99270,BREAK,2008.03.03 22:00,0,,0,,0,,0,NA,Other,BOUNCE,2008.03.18 08:00,NA,,0.96330,UNTOUCHED,,0,,0,,0,,0,NA,Other,NA,,NA,,0.98960,BREAK,2008.03.03 16:00,0,,0,,0,,0,NA,NewYork,BOUNCE,2008.03.05 16:00,NA,,0.96680,UNTOUCHED,,0,,0,,0,,0,NA,Other,NA,,NA,,S-ZG-UN,S-ZE-BO,B-ZG-BR,S-ZE-BR,B-ZE-BR,S-ZO-BR,S-ZF-BR,B-ZB-BO,B-ZE-BO,B-ZO-BR,B-ZF-BR,S-ZG-UN,S-ZE-BO,S-ZE-UN,S-ZG-UN,B-ZG-BR,S-ZE-BR,S-ZO-BR,B-ZO-BO,B-ZG-UN
294,2008.03.05 00:00,USDCAD,60,86400,BUY,ZF,0,0.99300,0.98260,1040.0,0.99760,0.98520,1240.0,119.231,25.00,780.0,245.4,0.99300,0.98520,1.00540,BREAK,2008.03.19 19:00,0,,0,,0,,0,NA,NewYork,BREAK,2008.03.19 22:00,BREAK,2008.03.20 11:00,0.97480,BOUNCE,2008.03.07 15:00,1,2008.03.07 19:00,1,2008.03.17 20:00,1,2008.03.19 19:00,3,1w 5d,NewYork,NA,,NA,,1.00080,BOUNCE,2008.03.17 20:00,0,,0,,0,,0,NA,NewYork,NA,,NA,,0.97740,BREAK,2008.03.07 15:00,0,,0,,0,,0,NA,NewYork,UNTOUCHED,,NA,,B-ZF-BR,S-ZG-UN,S-ZE-BO,B-ZG-BR,S-ZE-BR,B-ZE-BR,S-ZO-BR,S-ZF-BR,B-ZB-BO,B-ZE-BO,S-ZG-UN,S-ZE-BO,S-ZE-UN,S-ZG-UN,B-ZG-BR,S-ZE-BR,S-ZO-BR,B-ZO-BO,B-ZG-UN,S-ZB-BO
295,2008.03.06 00:00,USDCAD,60,86400,SELL,ZG,0,0.99760,0.98520,1240.0,0.99530,0.98340,1190.0,95.968,18.55,1010.0,292.6,0.99530,0.98520,0.97330,UNTOUCHED,,0,,0,,0,,0,NA,Other,NA,,NA,,1.00770,BREAK,2008.03.19 19:00,0,,0,,0,,0,NA,NewYork,BREAK,2008.03.20 11:00,BOUNCE,2008.03.24 17:00,0.97510,BOUNCE,2008.03.07 15:00,1,2008.03.19 19:00,1,2008.03.19 19:00,0,,2,1w 5d,NewYork,NA,,NA,,1.00540,BREAK,2008.03.19 19:00,0,,0,,0,,0,NA,NewYork,BREAK,2008.03.20 11:00,BREAK,2008.03.20 19:00,B-ZF-BR,B-ZF-BR,S-ZG-UN,S-ZE-BO,B-ZG-BR,S-ZE-BR,B-ZE-BR,S-ZO-BR,S-ZF-BR,B-ZB-BO,S-ZE-BO,S-ZE-UN,S-ZG-UN,B-ZG-BR,S-ZE-BR,S-ZO-BR,B-ZO-BO,B-ZG-UN,S-ZB-BO,S-ZB-BO
296,2008.03.07 00:00,USDCAD,60,86400,SELL,ZE,1,0.99530,0.98340,1190.0,0.98830,0.98180,650.0,54.622,58.82,490.0,280.8,0.98830,0.98340,0.97690,BOUNCE,2008.03.07 15:00,1,2008.03.07 18:00,1,2008.03.10 16:00,1,2008.03.17 20:00,3,1w 3d,NewYork,NA,,NA,,1.00020,BOUNCE,2008.03.17 20:00,1,2008.03.18 14:00,0,,0,,1,18h,NewYork,NA,,NA,,0.97850,BREAK,2008.03.07 15:00,0,,0,,0,,0,NA,NewYork,UNTOUCHED,,NA,,0.99320,BREAK,2008.03.10 16:00,0,,0,,0,,0,NA,NewYork,BOUNCE,2008.03.11 07:00,NA,,S-ZG-UN,B-ZF-BR,B-ZF-BR,S-ZG-UN,S-ZE-BO,B-ZG-BR,S-ZE-BR,B-ZE-BR,S-ZO-BR,S-ZF-BR,S-ZE-UN,S-ZG-UN,B-ZG-BR,S-ZE-BR,S-ZO-BR,B-ZO-BO,B-ZG-UN,S-ZB-BO,S-ZB-BO,S-ZE-UN
297,2008.03.13 00:00,USDCAD,60,86400,SELL,ZE,1,0.99700,0.98920,780.0,0.99350,0.98370,980.0,125.641,44.87,430.0,184.1,0.99350,0.98920,0.97940,UNTOUCHED,,0,,0,,0,,0,NA,Other,NA,,NA,,1.00130,BOUNCE,2008.03.17 20:00,1,2008.03.18 08:00,0,,0,,1,12h,NewYork,NA,,NA,,0.98490,BREAK,2008.03.13 15:00,0,,0,,0,,0,NA,NewYork,BOUNCE,2008.03.13 19:00,NA,,0.99780,BREAK,2008.03.17 19:00,0,,0,,0,,0,NA,NewYork,BREAK,2008.03.19 18:00,BREAK,2008.03.19 19:00,S-ZE-BO,S-ZG-UN,B-ZF-BR,B-ZF-BR,S-ZG-UN,S-ZE-BO,B-ZG-BR,S-ZE-BR,B-ZE-BR,S-ZO-BR,S-ZG-UN,B-ZG-BR,S-ZE-BR,S-ZO-BR,B-ZO-BO,B-ZG-UN,S-ZB-BO,S-ZB-BO,S-ZE-UN,B-ZF-BO
298,2008.03.14 00:00,USDCAD,60,86400,SELL,ZG,0,0.99350,0.98370,980.0,0.99160,0.97970,1190.0,121.429,19.39,790.0,231.3,0.99160,0.98370,0.97180,UNTOUCHED,,0,,0,,0,,0,NA,Other,NA,,NA,,1.00140,BOUNCE,2008.03.17 20:00,0,,0,,0,,0,NA,NewYork,NA,,NA,,0.97580,UNTOUCHED,,0,,0,,0,,0,NA,Other,NA,,NA,,0.99950,BOUNCE,2008.03.17 20:00,0,,0,,0,,0,NA,NewYork,NA,,NA,,S-ZE-UN,S-ZE-BO,S-ZG-UN,B-ZF-BR,B-ZF-BR,S-ZG-UN,S-ZE-BO,B-ZG-BR,S-ZE-BR,B-ZE-BR,B-ZG-BR,S-ZE-BR,S-ZO-BR,B-ZO-BO,B-ZG-UN,S-ZB-BO,S-ZB-BO,S-ZE-UN,B-ZF-BO,B-ZE-BO
299,2008.03.15 00:00,USDCAD,60,86400,BUY,ZG,0,0.99160,0.97970,1190.0,0.99640,0.98160,1480.0,124.370,15.97,1000.0,280.8,0.99160,0.98160,1.00640,BREAK,2008.03.19 19:00,0,,0,,0,,0,NA,NewYork,BREAK,2008.03.20 11:00,BREAK,2008.03.20 19:00,0.96970,UNTOUCHED,,0,,0,,0,,0,NA,Other,NA,,NA,,1.00160,BREAK,2008.03.19 18:00,0,,0,,0,,0,NA,NewYork,BREAK,2008.03.19 22:00,BREAK,2008.03.20 12:00,0.97160,UNTOUCHED,,0,,0,,0,,0,NA,Other,NA,,NA,,S-ZG-UN,S-ZE-UN,S-ZE-BO,S-ZG-UN,B-ZF-BR,B-ZF-BR,S-ZG-UN,S-ZE-BO,B-ZG-BR,S-ZE-BR,S-ZE-BR,S-ZO-BR,B-ZO-BO,B-ZG-UN,S-ZB-BO,S-ZB-BO,S-ZE-UN,B-ZF-BO,B-ZE-BO,B-ZF-BO
300,2008.03.26 00:00,USDCAD,60,86400,SELL,ZE,1,1.03070,1.01560,1510.0,1.02210,1.01250,960.0,63.576,56.95,650.0,356.4,1.02210,1.01560,1.00600,BREAK,2008.04.03 21:00,0,,0,,0,,0,NA,Other,BOUNCE,2008.04.17 16:00,NA,,1.03720,UNTOUCHED,,0,,0,,0,,0,NA,Other,NA,,NA,,1.00910,BREAK,2008.04.03 16:00,0,,0,,0,,0,NA,NewYork,BOUNCE,2008.04.04 18:00,NA,,1.02860,BOUNCE,2008.03.31 19:00,1,2008.04.03 16:00,1,2008.04.03 16:00,0,,2,2d 21h,NewYork,NA,,NA,,B-ZG-BR,S-ZG-UN,S-ZE-UN,S-ZE-BO,S-ZG-UN,B-ZF-BR,B-ZF-BR,S-ZG-UN,S-ZE-BO,B-ZG-BR,S-ZO-BR,B-ZO-BO,B-ZG-UN,S-ZB-BO,S-ZB-BO,S-ZE-UN,B-ZF-BO,B-ZE-BO,B-ZF-BO,B-ZG-UN
301,2008.03.27 00:00,USDCAD,60,86400,SELL,ZO,0,1.02210,1.01250,960.0,1.02040,1.00940,1100.0,114.583,17.71,790.0,226.6,1.02040,1.01250,1.00150,BREAK,2008.04.16 20:00,0,,0,,0,,0,NA,NewYork,BREAK,2008.05.19 16:00,BREAK,2008.05.21 14:00,1.03000,BREAK,2008.04.01 17:00,0,,0,,0,,0,NA,NewYork,UNTOUCHED,,NA,,1.00460,BREAK,2008.04.03 21:00,0,,0,,0,,0,NA,Other,BOUNCE,2008.05.15 03:00,NA,,1.02830,BREAK,2008.03.31 19:00,0,,0,,0,,0,NA,NewYork,UNTOUCHED,,NA,,S-ZE-BR,B-ZG-BR,S-ZG-UN,S-ZE-UN,S-ZE-BO,S-ZG-UN,B-ZF-BR,B-ZF-BR,S-ZG-UN,S-ZE-BO,B-ZO-BO,B-ZG-UN,S-ZB-BO,S-ZB-BO,S-ZE-UN,B-ZF-BO,B-ZE-BO,B-ZF-BO,B-ZG-UN,B-ZE-UN
302,2008.03.28 00:00,USDCAD,60,86400,BUY,ZO,0,1.02040,1.00940,1100.0,1.02320,1.01240,1080.0,98.182,27.27,800.0,259.6,1.02040,1.01240,1.03120,BOUNCE,2008.04.01 17:00,1,2008.04.02 22:00,1,2008.04.03 21:00,1,2008.04.16 20:00,3,2w 1d,NewYork,NA,,NA,,1.00140,BREAK,2008.04.16 20:00,0,,0,,0,,0,NA,NewYork,BREAK,2008.05.19 16:00,BREAK,2008.05.21 14:00,1.02840,BREAK,2008.03.31 19:00,0,,0,,0,,0,NA,NewYork,UNTOUCHED,,NA,,1.00440,BREAK,2008.04.03 21:00,0,,0,,0,,0,NA,Other,BOUNCE,2008.05.14 23:00,NA,,S-ZO-BR,S-ZE-BR,B-ZG-BR,S-ZG-UN,S-ZE-UN,S-ZE-BO,S-ZG-UN,B-ZF-BR,B-ZF-BR,S-ZG-UN,B-ZG-UN,S-ZB-BO,S-ZB-BO,S-ZE-UN,B-ZF-BO,B-ZE-BO,B-ZF-BO,B-ZG-UN,B-ZE-UN,S-ZE-BO
303,2008.04.02 00:00,USDCAD,60,86400,BUY,ZG,0,1.02920,1.01910,1010.0,1.03260,1.02060,1200.0,118.812,14.85,860.0,238.4,1.02920,1.02060,1.04120,UNTOUCHED,,0,,0,,0,,0,NA,Other,NA,,NA,,1.01050,BREAK,2008.04.03 09:00,0,,0,,0,,0,NA,London,BOUNCE,2008.04.07 15:00,NA,,1.03780,UNTOUCHED,,0,,0,,0,,0,NA,Other,NA,,NA,,1.01200,BREAK,2008.04.03 09:00,0,,0,,0,,0,NA,London,BOUNCE,2008.04.07 17:00,NA,,B-ZO-BO,S-ZO-BR,S-ZE-BR,B-ZG-BR,S-ZG-UN,S-ZE-UN,S-ZE-BO,S-ZG-UN,B-ZF-BR,B-ZF-BR,S-ZB-BO,S-ZB-BO,S-ZE-UN,B-ZF-BO,B-ZE-BO,B-ZF-BO,B-ZG-UN,B-ZE-UN,S-ZE-BO,S-ZB-BR
304,2008.04.03 00:00,USDCAD,60,86400,SELL,ZB,1,1.03260,1.02060,1200.0,1.02420,1.01290,1130.0,94.167,70.00,360.0,283.2,1.02420,1.02060,1.00930,BOUNCE,2008.04.03 16:00,1,2008.04.08 11:00,0,,0,,1,4d 19h,NewYork,NA,,NA,,1.03620,UNTOUCHED,,0,,0,,0,,0,NA,Other,NA,,NA,,1.01700,BREAK,2008.04.03 00:00,0,,0,,0,,0,NA,Asia,BREAK,2008.04.03 09:00,BOUNCE,2008.04.03 16:00,1.02780,UNTOUCHED,,0,,0,,0,,0,NA,Other,NA,,NA,,B-ZG-UN,B-ZO-BO,S-ZO-BR,S-ZE-BR,B-ZG-BR,S-ZG-UN,S-ZE-UN,S-ZE-BO,S-ZG-UN,B-ZF-BR,S-ZB-BO,S-ZE-UN,B-ZF-BO,B-ZE-BO,B-ZF-BO,B-ZG-UN,B-ZE-UN,S-ZE-BO,S-ZB-BR,S-ZO-PE
305,2008.04.04 00:00,USDCAD,60,86400,SELL,ZB,1,1.02420,1.01290,1130.0,1.01660,1.00270,1390.0,123.009,67.26,370.0,266.7,1.01660,1.01290,0.99900,BOUNCE,2008.04.17 14:00,1,2008.04.17 16:00,1,2008.04.23 15:00,0,,2,6d 1h,NewYork,NA,,NA,,1.02790,UNTOUCHED,,0,,0,,0,,0,NA,Other,NA,,NA,,1.00920,BREAK,2008.04.04 00:00,0,,0,,0,,0,NA,Asia,BREAK,2008.04.04 15:00,BREAK,2008.04.17 14:00,1.02030,BOUNCE,2008.04.09 17:00,1,2008.04.16 10:00,1,2008.04.16 10:00,0,,2,6d 17h,NewYork,NA,,NA,,S-ZB-BO,B-ZG-UN,B-ZO-BO,S-ZO-BR,S-ZE-BR,B-ZG-BR,S-ZG-UN,S-ZE-UN,S-ZE-BO,S-ZG-UN,S-ZE-UN,B-ZF-BO,B-ZE-BO,B-ZF-BO,B-ZG-UN,B-ZE-UN,S-ZE-BO,S-ZB-BR,S-ZO-PE,B-ZG-UN
306,2008.04.07 01:00,USDCAD,60,86400,SELL,ZE,1,1.01660,1.00270,1390.0,1.01030,1.00180,850.0,61.151,45.32,760.0,328.0,1.01030,1.00270,0.99420,UNTOUCHED,,0,,0,,0,,0,NA,Other,NA,,NA,,1.02420,BOUNCE,2008.04.11 23:00,1,2008.04.16 10:00,1,2008.05.16 16:00,0,,2,4w 6d,Other,NA,,NA,,0.99510,PENDING,2008.05.16 16:00,0,,0,,0,,0,NA,NewYork,NA,,NA,,1.01790,BREAK,2008.04.09 15:00,0,,0,,0,,0,NA,NewYork,BOUNCE,2008.04.14 18:00,NA,,S-ZB-BO,S-ZB-BO,B-ZG-UN,B-ZO-BO,S-ZO-BR,S-ZE-BR,B-ZG-BR,S-ZG-UN,S-ZE-UN,S-ZE-BO,B-ZF-BO,B-ZE-BO,B-ZF-BO,B-ZG-UN,B-ZE-UN,S-ZE-BO,S-ZB-BR,S-ZO-PE,B-ZG-UN,S-ZC-BR
307,2008.04.08 00:00,USDCAD,60,86400,BUY,ZF,0,1.01030,1.00180,850.0,1.01410,1.00380,1030.0,121.176,23.53,650.0,200.6,1.01030,1.00380,1.02060,BOUNCE,2008.04.09 17:00,1,2008.04.16 12:00,1,2008.05.14 15:00,1,2008.05.16 15:00,3,5w 1d,NewYork,NA,,NA,,0.99530,BREAK,2008.05.16 15:00,0,,0,,0,,0,NA,NewYork,BREAK,2008.05.21 13:00,BOUNCE,2008.05.23 23:00,1.01680,BREAK,2008.04.08 11:00,0,,0,,0,,0,NA,London,BREAK,2008.04.14 01:00,UNTOUCHED,,0.99730,BOUNCE,2008.05.14 15:00,0,,0,,0,,0,NA,NewYork,NA,,NA,,S-ZE-UN,S-ZB-BO,S-ZB-BO,B-ZG-UN,B-ZO-BO,S-ZO-BR,S-ZE-BR,B-ZG-BR,S-ZG-UN,S-ZE-UN,B-ZE-BO,B-ZF-BO,B-ZG-UN,B-ZE-UN,S-ZE-BO,S-ZB-BR,S-ZO-PE,B-ZG-UN,S-ZC-BR,B-ZO-BO
308,2008.04.09 00:00,USDCAD,60,86400,BUY,ZE,1,1.01410,1.00380,1030.0,1.01730,1.01050,680.0,66.019,65.05,360.0,243.1,1.01410,1.01050,1.02090,BOUNCE,2008.04.09 17:00,1,2008.04.11 11:00,1,2008.04.16 12:00,1,2008.04.16 20:00,3,1w 0d,NewYork,NA,,NA,,1.00020,BOUNCE,2008.04.16 20:00,1,2008.04.17 16:00,1,2008.04.23 15:00,1,2008.04.23 17:00,3,6d 21h,NewYork,NA,,NA,,1.01770,BREAK,2008.04.09 14:00,0,,0,,0,,0,NA,NewYork,BOUNCE,2008.04.09 19:00,NA,,1.00690,BOUNCE,2008.04.16 12:00,1,2008.04.23 15:00,1,2008.04.23 15:00,0,,2,1w 0d,London,NA,,NA,,B-ZF-BO,S-ZE-UN,S-ZB-BO,S-ZB-BO,B-ZG-UN,B-ZO-BO,S-ZO-BR,S-ZE-BR,B-ZG-BR,S-ZG-UN,B-ZF-BO,B-ZG-UN,B-ZE-UN,S-ZE-BO,S-ZB-BR,S-ZO-PE,B-ZG-UN,S-ZC-BR,B-ZO-BO,B-ZF-UN
309,2008.04.10 00:00,USDCAD,60,86400,BUY,ZF,1,1.01730,1.01050,680.0,1.02180,1.01260,920.0,135.294,30.88,470.0,160.5,1.01730,1.01260,1.02650,BOUNCE,2008.04.14 01:00,1,2008.04.15 08:00,1,2008.04.16 12:00,1,2008.04.16 15:00,3,2d 14h,Asia,NA,,NA,,1.00580,BREAK,2008.04.16 15:00,0,,0,,0,,0,NA,NewYork,BREAK,2008.04.17 11:00,BOUNCE,2008.05.14 16:00,1.02200,BOUNCE,2008.04.10 17:00,1,2008.04.16 12:00,1,2008.04.16 15:00,0,,2,5d 22h,NewYork,NA,,NA,,1.00790,BREAK,2008.04.16 12:00,0,,0,,0,,0,NA,London,BOUNCE,2008.04.16 15:00,NA,,B-ZE-BO,B-ZF-BO,S-ZE-UN,S-ZB-BO,S-ZB-BO,B-ZG-UN,B-ZO-BO,S-ZO-BR,S-ZE-BR,B-ZG-BR,B-ZG-UN,B-ZE-UN,S-ZE-BO,S-ZB-BR,S-ZO-PE,B-ZG-UN,S-ZC-BR,B-ZO-BO,B-ZF-UN,S-ZO-BO
310,2008.04.11 00:00,USDCAD,60,86400,BUY,ZG,0,1.02180,1.01260,920.0,1.02230,1.01540,690.0,75.000,30.43,640.0,217.1,1.02180,1.01540,1.02870,UNTOUCHED,,0,,0,,0,,0,NA,Other,NA,,NA,,1.00620,BREAK,2008.04.16 12:00,0,,0,,0,,0,NA,London,BOUNCE,2008.04.17 16:00,NA,,1.02820,UNTOUCHED,,0,,0,,0,,0,NA,Other,NA,,NA,,1.00900,BREAK,2008.04.16 10:00,0,,0,,0,,0,NA,London,BREAK,2008.04.16 20:00,BOUNCE,2008.05.14 18:00,B-ZF-BO,B-ZE-BO,B-ZF-BO,S-ZE-UN,S-ZB-BO,S-ZB-BO,B-ZG-UN,B-ZO-BO,S-ZO-BR,S-ZE-BR,B-ZE-UN,S-ZE-BO,S-ZB-BR,S-ZO-PE,B-ZG-UN,S-ZC-BR,B-ZO-BO,B-ZF-UN,S-ZO-BO,S-ZB-BO
311,2008.04.15 00:00,USDCAD,60,86400,BUY,ZE,1,1.02470,1.01320,1150.0,1.02730,1.01760,970.0,84.348,38.26,710.0,271.4,1.02470,1.01760,1.03440,UNTOUCHED,,0,,0,,0,,0,NA,Other,NA,,NA,,1.00610,BREAK,2008.04.16 12:00,0,,0,,0,,0,NA,London,BOUNCE,2008.04.17 16:00,NA,,1.03180,UNTOUCHED,,0,,0,,0,,0,NA,Other,NA,,NA,,1.01050,BREAK,2008.04.16 09:00,0,,0,,0,,0,NA,London,BREAK,2008.04.16 20:00,BOUNCE,2008.05.14 18:00,B-ZG-UN,B-ZF-BO,B-ZE-BO,B-ZF-BO,S-ZE-UN,S-ZB-BO,S-ZB-BO,B-ZG-UN,B-ZO-BO,S-ZO-BR,S-ZE-BO,S-ZB-BR,S-ZO-PE,B-ZG-UN,S-ZC-BR,B-ZO-BO,B-ZF-UN,S-ZO-BO,S-ZB-BO,B-ZF-BO
312,2008.04.16 00:00,USDCAD,60,86400,SELL,ZE,1,1.02730,1.01760,970.0,1.02360,1.01640,720.0,74.227,38.14,600.0,228.9,1.02360,1.01760,1.01040,BOUNCE,2008.04.16 09:00,1,2008.05.01 17:00,0,,0,,1,2w 1d,London,NA,,NA,,1.03330,UNTOUCHED,,0,,0,,0,,0,NA,Other,NA,,NA,,1.01160,BREAK,2008.04.16 09:00,0,,0,,0,,0,NA,London,BREAK,2008.04.16 15:00,BOUNCE,2008.04.17 14:00,1.02960,UNTOUCHED,,0,,0,,0,,0,NA,Other,NA,,NA,,B-ZE-UN,B-ZG-UN,B-ZF-BO,B-ZE-BO,B-ZF-BO,S-ZE-UN,S-ZB-BO,S-ZB-BO,B-ZG-UN,B-ZO-BO,S-ZB-BR,S-ZO-PE,B-ZG-UN,S-ZC-BR,B-ZO-BO,B-ZF-UN,S-ZO-BO,S-ZB-BO,B-ZF-BO,B-ZC-UN
313,2008.04.17 00:00,USDCAD,60,86400,SELL,ZB,1,1.02360,1.01640,720.0,1.01850,1.00000,1850.0,256.944,70.83,210.0,169.9,1.01850,1.01640,0.99790,BREAK,2008.05.14 15:00,0,,0,,0,,0,NA,NewYork,BOUNCE,2008.05.16 15:00,NA,,1.02570,UNTOUCHED,,0,,0,,0,,0,NA,Other,NA,,NA,,1.01430,BREAK,2008.04.17 00:00,0,,0,,0,,0,NA,Asia,BREAK,2008.04.17 01:00,BREAK,2008.04.17 02:00,1.02060,BOUNCE,2008.04.23 15:00,1,2008.04.24 18:00,1,2008.04.24 18:00,0,,2,1d 3h,NewYork,NA,,NA,,S-ZE-BO,B-ZE-UN,B-ZG-UN,B-ZF-BO,B-ZE-BO,B-ZF-BO,S-ZE-UN,S-ZB-BO,S-ZB-BO,B-ZG-UN,S-ZO-PE,B-ZG-UN,S-ZC-BR,B-ZO-BO,B-ZF-UN,S-ZO-BO,S-ZB-BO,B-ZF-BO,B-ZC-UN,S-ZB-BO
314,2008.04.18 00:00,USDCAD,60,86400,SELL,ZO,0,1.01850,1.00000,1850.0,1.01410,0.99870,1540.0,83.243,23.78,1410.0,436.6,1.01410,1.00000,0.98460,PENDING,2008.05.21 14:00,0,,0,,0,,0,NA,NewYork,NA,,NA,,1.03260,UNTOUCHED,,0,,0,,0,,0,NA,Other,NA,,NA,,0.98590,PENDING,2008.05.21 14:00,0,,0,,0,,0,NA,NewYork,NA,,NA,,1.02820,UNTOUCHED,,0,,0,,0,,0,NA,Other,NA,,NA,,S-ZB-BR,S-ZE-BO,B-ZE-UN,B-ZG-UN,B-ZF-BO,B-ZE-BO,B-ZF-BO,S-ZE-UN,S-ZB-BO,S-ZB-BO,B-ZG-UN,S-ZC-BR,B-ZO-BO,B-ZF-UN,S-ZO-BO,S-ZB-BO,B-ZF-BO,B-ZC-UN,S-ZB-BO,S-ZD-BO
315,2008.04.21 01:00,USDCAD,60,86400,BUY,ZG,0,1.01410,0.99870,1540.0,1.01440,1.00250,1190.0,77.273,24.68,1160.0,363.4,1.01410,1.00250,1.02600,UNTOUCHED,,0,,0,,0,,0,NA,Other,NA,,NA,,0.98710,BREAK,2008.05.21 13:00,0,,0,,0,,0,NA,NewYork,UNTOUCHED,,NA,,1.02570,UNTOUCHED,,0,,0,,0,,0,NA,Other,NA,,NA,,0.99090,BREAK,2008.05.19 16:00,0,,0,,0,,0,NA,NewYork,UNTOUCHED,,NA,,S-ZO-PE,S-ZB-BR,S-ZE-BO,B-ZE-UN,B-ZG-UN,B-ZF-BO,B-ZE-BO,B-ZF-BO,S-ZE-UN,S-ZB-BO,S-ZC-BR,B-ZO-BO,B-ZF-UN,S-ZO-BO,S-ZB-BO,B-ZF-BO,B-ZC-UN,S-ZB-BO,S-ZD-BO,S-ZB-BO
316,2008.04.22 00:00,USDCAD,60,86400,SELL,ZC,1,1.01440,1.00250,1190.0,1.00920,0.99970,950.0,79.832,43.70,670.0,280.8,1.00920,1.00250,0.99300,BREAK,2008.05.19 11:00,0,,0,,0,,0,NA,London,BREAK,2008.05.21 14:00,UNTOUCHED,,1.02110,BOUNCE,2008.04.23 17:00,1,2008.04.28 03:00,1,2008.05.16 15:00,1,2008.05.19 11:00,3,3w 4d,NewYork,NA,,NA,,0.99580,BREAK,2008.05.16 15:00,0,,0,,0,,0,NA,NewYork,BREAK,2008.05.21 13:00,BOUNCE,2008.05.23 23:00,1.01590,BREAK,2008.04.23 15:00,0,,0,,0,,0,NA,NewYork,BOUNCE,2008.05.02 13:00,NA,,B-ZG-UN,S-ZO-PE,S-ZB-BR,S-ZE-BO,B-ZE-UN,B-ZG-UN,B-ZF-BO,B-ZE-BO,B-ZF-BO,S-ZE-UN,B-ZO-BO,B-ZF-UN,S-ZO-BO,S-ZB-BO,B-ZF-BO,B-ZC-UN,S-ZB-BO,S-ZD-BO,S-ZB-BO,S-ZG-BR
317,2008.04.23 00:00,USDCAD,60,86400,BUY,ZO,1,1.00920,0.99970,950.0,1.01530,1.00230,1300.0,136.842,27.37,690.0,224.2,1.00920,1.00230,1.02220,BOUNCE,2008.05.01 17:00,1,2008.05.06 17:00,1,2008.05.16 15:00,1,2008.05.19 11:00,3,2w 3d,NewYork,NA,,NA,,0.99280,BREAK,2008.05.19 11:00,0,,0,,0,,0,NA,London,BREAK,2008.05.21 14:00,UNTOUCHED,,1.01610,BREAK,2008.04.23 15:00,0,,0,,0,,0,NA,NewYork,BOUNCE,2008.05.02 13:00,NA,,0.99540,BREAK,2008.05.16 15:00,0,,0,,0,,0,NA,NewYork,BREAK,2008.05.21 13:00,UNTOUCHED,,S-ZC-BR,B-ZG-UN,S-ZO-PE,S-ZB-BR,S-ZE-BO,B-ZE-UN,B-ZG-UN,B-ZF-BO,B-ZE-BO,B-ZF-BO,B-ZF-UN,S-ZO-BO,S-ZB-BO,B-ZF-BO,B-ZC-UN,S-ZB-BO,S-ZD-BO,S-ZB-BO,S-ZG-BR,S-ZG-BR
318,2008.04.24 00:00,USDCAD,60,86400,BUY,ZF,0,1.01530,1.00230,1300.0,1.02140,1.00590,1550.0,119.231,27.69,940.0,306.8,1.01530,1.00590,1.03080,UNTOUCHED,,0,,0,,0,,0,NA,Other,NA,,NA,,0.99290,BREAK,2008.05.19 11:00,0,,0,,0,,0,NA,London,BOUNCE,2008.05.26 19:00,NA,,1.02470,UNTOUCHED,,0,,0,,0,,0,NA,Other,NA,,NA,,0.99650,BOUNCE,2008.05.14 15:00,0,,0,,0,,0,NA,NewYork,NA,,NA,,B-ZO-BO,S-ZC-BR,B-ZG-UN,S-ZO-PE,S-ZB-BR,S-ZE-BO,B-ZE-UN,B-ZG-UN,B-ZF-BO,B-ZE-BO,S-ZO-BO,S-ZB-BO,B-ZF-BO,B-ZC-UN,S-ZB-BO,S-ZD-BO,S-ZB-BO,S-ZG-BR,S-ZG-BR,S-ZE-BR
319,2008.04.29 00:00,USDCAD,60,86400,SELL,ZO,1,1.02030,1.01200,830.0,1.01810,1.00650,1160.0,139.759,26.51,610.0,195.9,1.01810,1.01200,1.00040,BOUNCE,2008.05.06 18:00,1,2008.05.08 02:00,0,,0,,1,1d 8h,NewYork,NA,,NA,,1.02640,UNTOUCHED,,0,,0,,0,,0,NA,Other,NA,,NA,,1.00590,BREAK,2008.04.30 16:00,0,,0,,0,,0,NA,NewYork,BOUNCE,2008.05.07 12:00,NA,,1.02420,BOUNCE,2008.05.02 16:00,1,2008.05.06 17:00,1,2008.05.06 17:00,0,,2,4d 1h,NewYork,NA,,NA,,B-ZF-UN,B-ZO-BO,S-ZC-BR,B-ZG-UN,S-ZO-PE,S-ZB-BR,S-ZE-BO,B-ZE-UN,B-ZG-UN,B-ZF-BO,S-ZB-BO,B-ZF-BO,B-ZC-UN,S-ZB-BO,S-ZD-BO,S-ZB-BO,S-ZG-BR,S-ZG-BR,S-ZE-BR,S-ZF-BR
320,2008.05.01 00:00,USDCAD,60,86400,SELL,ZB,1,1.01640,1.01080,560.0,1.01410,1.00360,1050.0,187.500,41.07,330.0,132.2,1.01410,1.01080,1.00030,BOUNCE,2008.05.06 18:00,1,2008.05.07 12:00,1,2008.05.08 20:00,1,2008.06.05 14:00,3,4w 1d,NewYork,NA,,NA,,1.01970,BREAK,2008.05.01 17:00,0,,0,,0,,0,NA,NewYork,BOUNCE,2008.05.02 16:00,NA,,1.00750,BREAK,2008.05.01 00:00,0,,0,,0,,0,NA,Asia,BREAK,2008.05.06 18:00,BOUNCE,2008.05.07 11:00,1.01740,BOUNCE,2008.05.01 15:00,1,2008.05.06 17:00,1,2008.05.06 17:00,0,,2,5d 2h,NewYork,NA,,NA,,S-ZO-BO,B-ZF-UN,B-ZO-BO,S-ZC-BR,B-ZG-UN,S-ZO-PE,S-ZB-BR,S-ZE-BO,B-ZE-UN,B-ZG-UN,B-ZF-BO,B-ZC-UN,S-ZB-BO,S-ZD-BO,S-ZB-BO,S-ZG-BR,S-ZG-BR,S-ZE-BR,S-ZF-BR,S-ZE-BO
321,2008.05.02 00:00,USDCAD,60,86400,BUY,ZF,1,1.01410,1.00360,1050.0,1.02350,1.00590,1760.0,167.619,21.90,820.0,247.8,1.01410,1.00590,1.03170,BOUNCE,2008.06.10 12:00,1,2008.06.11 16:00,0,,0,,1,1d 4h,London,NA,,NA,,0.99540,BREAK,2008.05.16 15:00,0,,0,,0,,0,NA,NewYork,BREAK,2008.05.21 14:00,UNTOUCHED,,1.02230,BOUNCE,2008.05.02 16:00,1,2008.05.14 15:00,1,2008.05.16 15:00,0,,2,1w 6d,NewYork,NA,,NA,,0.99770,BOUNCE,2008.05.14 15:00,1,2008.06.09 15:00,1,2008.06.09 15:00,0,,2,3w 5d,NewYork,NA,,NA,,S-ZB-BO,S-ZO-BO,B-ZF-UN,B-ZO-BO,S-ZC-BR,B-ZG-UN,S-ZO-PE,S-ZB-BR,S-ZE-BO,B-ZE-UN,B-ZC-UN,S-ZB-BO,S-ZD-BO,S-ZB-BO,S-ZG-BR,S-ZG-BR,S-ZE-BR,S-ZF-BR,S-ZE-BO,S-ZF-UN
322,2008.05.05 01:00,USDCAD,60,86400,BUY,ZC,1,1.02350,1.00590,1760.0,1.02420,1.01460,960.0,54.545,49.43,890.0,415.4,1.02350,1.01460,1.03310,UNTOUCHED,,0,,0,,0,,0,NA,Other,NA,,NA,,0.99700,BOUNCE,2008.05.14 15:00,1,2008.06.04 18:00,0,,0,,1,3w 0d,NewYork,NA,,NA,,1.03240,UNTOUCHED,,0,,0,,0,,0,NA,Other,NA,,NA,,1.00570,BREAK,2008.05.06 17:00,0,,0,,0,,0,NA,NewYork,BOUNCE,2008.05.15 05:00,NA,,B-ZF-BO,S-ZB-BO,S-ZO-BO,B-ZF-UN,B-ZO-BO,S-ZC-BR,B-ZG-UN,S-ZO-PE,S-ZB-BR,S-ZE-BO,S-ZB-BO,S-ZD-BO,S-ZB-BO,S-ZG-BR,S-ZG-BR,S-ZE-BR,S-ZF-BR,S-ZE-BO,S-ZF-UN,B-ZH-BO
323,2008.05.06 00:00,USDCAD,60,86400,SELL,ZB,1,1.02420,1.01460,960.0,1.01980,1.01200,780.0,81.250,45.83,520.0,226.6,1.01980,1.01460,1.00680,BOUNCE,2008.05.06 17:00,1,2008.05.08 20:00,1,2008.06.10 08:00,1,2008.06.10 11:00,3,4w 6d,NewYork,NA,,NA,,1.02940,BREAK,2008.06.10 11:00,0,,0,,0,,0,NA,London,UNTOUCHED,,NA,,1.00940,BREAK,2008.05.06 05:00,0,,0,,0,,0,NA,Asia,BREAK,2008.05.06 18:00,BOUNCE,2008.05.14 00:00,1.02500,BREAK,2008.06.10 08:00,0,,0,,0,,0,NA,London,BOUNCE,2008.06.10 16:00,NA,,B-ZC-UN,B-ZF-BO,S-ZB-BO,S-ZO-BO,B-ZF-UN,B-ZO-BO,S-ZC-BR,B-ZG-UN,S-ZO-PE,S-ZB-BR,S-ZD-BO,S-ZB-BO,S-ZG-BR,S-ZG-BR,S-ZE-BR,S-ZF-BR,S-ZE-BO,S-ZF-UN,B-ZH-BO,B-ZB-BO
324,2008.05.07 00:00,USDCAD,60,86400,SELL,ZD,1,1.01980,1.01200,780.0,1.01440,0.99980,1460.0,187.179,69.23,240.0,184.1,1.01440,1.01200,0.99740,BOUNCE,2008.05.14 15:00,1,2008.05.14 17:00,1,2008.06.04 21:00,1,2008.06.09 15:00,3,3w 5d,NewYork,NA,,NA,,1.02220,BOUNCE,2008.06.09 15:00,1,2008.06.11 12:00,0,,0,,1,1d 21h,NewYork,NA,,NA,,1.00960,BREAK,2008.05.07 00:00,0,,0,,0,,0,NA,Asia,BREAK,2008.05.07 01:00,BREAK,2008.05.07 02:00,1.01680,BOUNCE,2008.05.08 20:00,1,2008.05.09 10:00,1,2008.05.09 10:00,0,,2,14h,NewYork,NA,,NA,,S-ZB-BO,B-ZC-UN,B-ZF-BO,S-ZB-BO,S-ZO-BO,B-ZF-UN,B-ZO-BO,S-ZC-BR,B-ZG-UN,S-ZO-PE,S-ZB-BO,S-ZG-BR,S-ZG-BR,S-ZE-BR,S-ZF-BR,S-ZE-BO,S-ZF-UN,B-ZH-BO,B-ZB-BO,B-ZH-BR
325,2008.05.13 00:00,USDCAD,60,86400,SELL,ZB,1,1.01760,1.00440,1320.0,1.01050,1.00230,820.0,62.121,53.79,610.0,311.5,1.01050,1.00440,0.99620,BOUNCE,2008.05.14 15:00,1,2008.06.03 21:00,1,2008.06.04 21:00,1,2008.06.09 18:00,3,3w 5d,NewYork,NA,,NA,,1.02370,BREAK,2008.06.09 18:00,0,,0,,0,,0,NA,NewYork,BOUNCE,2008.06.10 16:00,NA,,0.99830,BOUNCE,2008.05.14 15:00,1,2008.06.04 21:00,1,2008.06.09 18:00,0,,2,3w 5d,NewYork,NA,,NA,,1.01660,BREAK,2008.06.04 21:00,0,,0,,0,,0,NA,Other,BREAK,2008.06.10 08:00,BREAK,2008.06.10 12:00,S-ZD-BO,S-ZB-BO,B-ZC-UN,B-ZF-BO,S-ZB-BO,S-ZO-BO,B-ZF-UN,B-ZO-BO,S-ZC-BR,B-ZG-UN,S-ZG-BR,S-ZG-BR,S-ZE-BR,S-ZF-BR,S-ZE-BO,S-ZF-UN,B-ZH-BO,B-ZB-BO,B-ZH-BR,B-ZO-BR
326,2008.05.14 00:00,USDCAD,60,86400,SELL,ZG,0,1.01050,1.00230,820.0,1.00930,0.99850,1080.0,131.707,14.63,700.0,193.5,1.00930,1.00230,0.99150,BREAK,2008.05.19 16:00,0,,0,,0,,0,NA,NewYork,BREAK,2008.05.21 14:00,UNTOUCHED,,1.01750,BREAK,2008.06.04 22:00,0,,0,,0,,0,NA,Other,BREAK,2008.06.10 10:00,BOUNCE,2008.06.10 16:00,0.99530,BREAK,2008.05.16 15:00,0,,0,,0,,0,NA,NewYork,BREAK,2008.05.21 13:00,UNTOUCHED,,1.01630,BREAK,2008.06.04 21:00,0,,0,,0,,0,NA,Other,BREAK,2008.06.10 08:00,BOUNCE,2008.06.10 16:00,S-ZB-BO,S-ZD-BO,S-ZB-BO,B-ZC-UN,B-ZF-BO,S-ZB-BO,S-ZO-BO,B-ZF-UN,B-ZO-BO,S-ZC-BR,S-ZG-BR,S-ZE-BR,S-ZF-BR,S-ZE-BO,S-ZF-UN,B-ZH-BO,B-ZB-BO,B-ZH-BR,B-ZO-BR,S-ZD-UN
327,2008.05.15 00:00,USDCAD,60,86400,SELL,ZG,0,1.00930,0.99850,1080.0,1.00670,0.99620,1050.0,97.222,24.07,820.0,254.9,1.00670,0.99850,0.98800,BREAK,2008.05.20 09:00,0,,0,,0,,0,NA,London,UNTOUCHED,,NA,,1.01750,BREAK,2008.06.04 22:00,0,,0,,0,,0,NA,Other,BREAK,2008.06.10 11:00,UNTOUCHED,,0.99030,BREAK,2008.05.19 16:00,0,,0,,0,,0,NA,NewYork,BOUNCE,2008.05.26 19:00,NA,,1.01490,BREAK,2008.06.04 18:00,0,,0,,0,,0,NA,NewYork,BREAK,2008.06.10 08:00,BOUNCE,2008.06.10 16:00,S-ZG-BR,S-ZB-BO,S-ZD-BO,S-ZB-BO,B-ZC-UN,B-ZF-BO,S-ZB-BO,S-ZO-BO,B-ZF-UN,B-ZO-BO,S-ZE-BR,S-ZF-BR,S-ZE-BO,S-ZF-UN,B-ZH-BO,B-ZB-BO,B-ZH-BR,B-ZO-BR,S-ZD-UN,B-ZB-BR
328,2008.05.19 01:00,USDCAD,60,86400,SELL,ZE,1,1.00590,0.99910,680.0,1.00190,0.99430,760.0,111.765,58.82,280.0,160.5,1.00190,0.99910,0.99150,BREAK,2008.05.19 16:00,0,,0,,0,,0,NA,NewYork,BOUNCE,2008.05.20 09:00,NA,,1.00870,BREAK,2008.06.03 21:00,0,,0,,0,,0,NA,Other,BREAK,2008.06.04 10:00,BREAK,2008.06.04 21:00,0.99630,BREAK,2008.05.19 10:00,0,,0,,0,,0,NA,London,BREAK,2008.05.19 16:00,BOUNCE,2008.05.19 17:00,1.00470,BREAK,2008.06.03 16:00,0,,0,,0,,0,NA,NewYork,BREAK,2008.06.03 21:00,BREAK,2008.06.04 09:00,S-ZG-BR,S-ZG-BR,S-ZB-BO,S-ZD-BO,S-ZB-BO,B-ZC-UN,B-ZF-BO,S-ZB-BO,S-ZO-BO,B-ZF-UN,S-ZF-BR,S-ZE-BO,S-ZF-UN,B-ZH-BO,B-ZB-BO,B-ZH-BR,B-ZO-BR,S-ZD-UN,B-ZB-BR,B-ZB-BO
329,2008.05.20 00:00,USDCAD,60,86400,SELL,ZF,0,1.00190,0.99430,760.0,0.99980,0.98980,1000.0,131.579,27.63,550.0,179.4,0.99980,0.99430,0.98430,BREAK,2008.05.21 14:00,0,,0,,0,,0,NA,NewYork,UNTOUCHED,,NA,,1.00740,BOUNCE,2008.06.03 16:00,0,,0,,0,,0,NA,NewYork,NA,,NA,,0.98880,BOUNCE,2008.05.20 09:00,1,2008.06.03 16:00,1,2008.06.03 16:00,0,,2,2w 0d,London,NA,,NA,,1.00530,BREAK,2008.06.03 16:00,0,,0,,0,,0,NA,NewYork,BREAK,2008.06.04 10:00,BREAK,2008.06.04 22:00,S-ZE-BR,S-ZG-BR,S-ZG-BR,S-ZB-BO,S-ZD-BO,S-ZB-BO,B-ZC-UN,B-ZF-BO,S-ZB-BO,S-ZO-BO,S-ZE-BO,S-ZF-UN,B-ZH-BO,B-ZB-BO,B-ZH-BR,B-ZO-BR,S-ZD-UN,B-ZB-BR,B-ZB-BO,B-ZB-BR
330,2008.05.21 00:00,USDCAD,60,86400,SELL,ZE,1,0.99980,0.98980,1000.0,0.99520,0.98730,790.0,79.000,46.00,540.0,236.0,0.99520,0.98980,0.98190,BOUNCE,2008.05.21 14:00,1,2008.05.26 19:00,1,2008.06.02 17:00,1,2008.06.03 16:00,3,1w 6d,NewYork,NA,,NA,,1.00520,BREAK,2008.06.03 16:00,0,,0,,0,,0,NA,NewYork,BREAK,2008.06.04 10:00,BREAK,2008.06.04 22:00,0.98440,BREAK,2008.05.21 14:00,0,,0,,0,,0,NA,NewYork,UNTOUCHED,,NA,,1.00060,BREAK,2008.06.02 17:00,0,,0,,0,,0,NA,NewYork,BREAK,2008.06.03 21:00,BREAK,2008.06.04 17:00,S-ZF-BR,S-ZE-BR,S-ZG-BR,S-ZG-BR,S-ZB-BO,S-ZD-BO,S-ZB-BO,B-ZC-UN,B-ZF-BO,S-ZB-BO,S-ZF-UN,B-ZH-BO,B-ZB-BO,B-ZH-BR,B-ZO-BR,S-ZD-UN,B-ZB-BR,B-ZB-BO,B-ZB-BR,B-ZC-BR
331,2008.05.22 00:00,USDCAD,60,86400,SELL,ZF,1,0.99520,0.98730,790.0,0.99260,0.98180,1080.0,136.709,32.91,530.0,186.4,0.99260,0.98730,0.97650,UNTOUCHED,,0,,0,,0,,0,NA,Other,NA,,NA,,1.00050,BREAK,2008.06.02 17:00,0,,0,,0,,0,NA,NewYork,BREAK,2008.06.03 16:00,BREAK,2008.06.04 10:00,0.98200,UNTOUCHED,,0,,0,,0,,0,NA,Other,NA,,NA,,0.99790,BREAK,2008.06.02 16:00,0,,0,,0,,0,NA,NewYork,BREAK,2008.06.03 16:00,BREAK,2008.06.04 09:00,S-ZE-BO,S-ZF-BR,S-ZE-BR,S-ZG-BR,S-ZG-BR,S-ZB-BO,S-ZD-BO,S-ZB-BO,B-ZC-UN,B-ZF-BO,B-ZH-BO,B-ZB-BO,B-ZH-BR,B-ZO-BR,S-ZD-UN,B-ZB-BR,B-ZB-BO,B-ZB-BR,B-ZC-BR,B-ZE-UN
332,2008.05.26 01:00,USDCAD,60,86400,BUY,ZH,0,0.98740,0.98270,470.0,0.98980,0.98340,640.0,136.170,14.89,400.0,110.9,0.98740,0.98340,0.99380,BOUNCE,2008.05.27 10:00,1,2008.05.29 15:00,0,,0,,1,2d 5h,London,NA,,NA,,0.97870,UNTOUCHED,,0,,0,,0,,0,NA,Other,NA,,NA,,0.99140,BREAK,2008.05.26 19:00,0,,0,,0,,0,NA,NewYork,BOUNCE,2008.05.28 16:00,NA,,0.97940,UNTOUCHED,,0,,0,,0,,0,NA,Other,NA,,NA,,S-ZF-UN,S-ZE-BO,S-ZF-BR,S-ZE-BR,S-ZG-BR,S-ZG-BR,S-ZB-BO,S-ZD-BO,S-ZB-BO,B-ZC-UN,B-ZB-BO,B-ZH-BR,B-ZO-BR,S-ZD-UN,B-ZB-BR,B-ZB-BO,B-ZB-BR,B-ZC-BR,B-ZE-UN,S-ZC-BO
333,2008.05.27 00:00,USDCAD,60,86400,BUY,ZB,1,0.98980,0.98340,640.0,0.99300,0.98610,690.0,107.813,42.19,370.0,151.0,0.98980,0.98610,0.99670,BOUNCE,2008.05.30 15:00,0,,0,,0,,0,NA,NewYork,NA,,NA,,0.97970,UNTOUCHED,,0,,0,,0,,0,NA,Other,NA,,NA,,0.99350,BOUNCE,2008.05.27 10:00,1,2008.05.29 15:00,0,,0,,1,2d 5h,London,NA,,NA,,0.98240,BOUNCE,2008.05.29 15:00,1,2008.05.30 15:00,1,2008.05.30 15:00,0,,2,1d 0h,NewYork,NA,,NA,,B-ZH-BO,S-ZF-UN,S-ZE-BO,S-ZF-BR,S-ZE-BR,S-ZG-BR,S-ZG-BR,S-ZB-BO,S-ZD-BO,S-ZB-BO,B-ZH-BR,B-ZO-BR,S-ZD-UN,B-ZB-BR,B-ZB-BO,B-ZB-BR,B-ZC-BR,B-ZE-UN,S-ZC-BO,B-ZC-UN
334,2008.05.28 00:00,USDCAD,60,86400,BUY,ZH,0,0.99300,0.98610,690.0,0.99490,0.98680,810.0,117.391,10.14,620.0,162.8,0.99300,0.98680,1.00110,BREAK,2008.06.02 18:00,0,,0,,0,,0,NA,NewYork,BREAK,2008.06.03 21:00,BREAK,2008.06.04 21:00,0.97990,UNTOUCHED,,0,,0,,0,,0,NA,Other,NA,,NA,,0.99920,BREAK,2008.06.02 17:00,0,,0,,0,,0,NA,NewYork,BREAK,2008.06.03 16:00,BREAK,2008.06.04 10:00,0.98060,UNTOUCHED,,0,,0,,0,,0,NA,Other,NA,,NA,,B-ZB-BO,B-ZH-BO,S-ZF-UN,S-ZE-BO,S-ZF-BR,S-ZE-BR,S-ZG-BR,S-ZG-BR,S-ZB-BO,S-ZD-BO,B-ZO-BR,S-ZD-UN,B-ZB-BR,B-ZB-BO,B-ZB-BR,B-ZC-BR,B-ZE-UN,S-ZC-BO,B-ZC-UN,B-ZF-UN
335,2008.05.29 00:00,USDCAD,60,86400,BUY,ZO,0,0.99490,0.98680,810.0,0.99570,0.98890,680.0,83.951,25.93,600.0,191.2,0.99490,0.98890,1.00170,BREAK,2008.06.02 18:00,0,,0,,0,,0,NA,NewYork,BREAK,2008.06.04 06:00,BREAK,2008.06.04 21:00,0.98080,UNTOUCHED,,0,,0,,0,,0,NA,Other,NA,,NA,,1.00090,BREAK,2008.06.02 18:00,0,,0,,0,,0,NA,NewYork,BREAK,2008.06.03 21:00,BREAK,2008.06.04 18:00,0.98290,BOUNCE,2008.05.29 15:00,1,2008.06.02 18:00,1,2008.06.02 18:00,0,,2,4d 3h,NewYork,NA,,NA,,B-ZH-BR,B-ZB-BO,B-ZH-BO,S-ZF-UN,S-ZE-BO,S-ZF-BR,S-ZE-BR,S-ZG-BR,S-ZG-BR,S-ZB-BO,S-ZD-UN,B-ZB-BR,B-ZB-BO,B-ZB-BR,B-ZC-BR,B-ZE-UN,S-ZC-BO,B-ZC-UN,B-ZF-UN,S-ZB-BO
336,2008.05.30 00:00,USDCAD,60,86400,SELL,ZD,1,0.99570,0.98890,680.0,0.99200,0.98230,970.0,142.647,54.41,310.0,160.5,0.99200,0.98890,0.97920,UNTOUCHED,,0,,0,,0,,0,NA,Other,NA,,NA,,0.99880,BREAK,2008.06.02 17:00,0,,0,,0,,0,NA,NewYork,BOUNCE,2008.06.02 18:00,NA,,0.98580,UNTOUCHED,,0,,0,,0,,0,NA,Other,NA,,NA,,0.99510,BREAK,2008.05.30 15:00,0,,0,,0,,0,NA,NewYork,BREAK,2008.06.02 17:00,BOUNCE,2008.06.03 11:00,B-ZO-BR,B-ZH-BR,B-ZB-BO,B-ZH-BO,S-ZF-UN,S-ZE-BO,S-ZF-BR,S-ZE-BR,S-ZG-BR,S-ZG-BR,B-ZB-BR,B-ZB-BO,B-ZB-BR,B-ZC-BR,B-ZE-UN,S-ZC-BO,B-ZC-UN,B-ZF-UN,S-ZB-BO,S-ZD-BO
337,2008.06.02 01:00,USDCAD,60,86400,BUY,ZB,1,0.99200,0.98230,970.0,0.99780,0.98700,1080.0,111.340,48.45,500.0,228.9,0.99200,0.98700,1.00280,BREAK,2008.06.03 16:00,0,,0,,0,,0,NA,NewYork,BREAK,2008.06.04 09:00,BREAK,2008.06.04 21:00,0.97730,UNTOUCHED,,0,,0,,0,,0,NA,Other,NA,,NA,,0.99700,BREAK,2008.06.02 14:00,0,,0,,0,,0,NA,NewYork,BOUNCE,2008.06.03 12:00,NA,,0.98200,UNTOUCHED,,0,,0,,0,,0,NA,Other,NA,,NA,,S-ZD-UN,B-ZO-BR,B-ZH-BR,B-ZB-BO,B-ZH-BO,S-ZF-UN,S-ZE-BO,S-ZF-BR,S-ZE-BR,S-ZG-BR,B-ZB-BO,B-ZB-BR,B-ZC-BR,B-ZE-UN,S-ZC-BO,B-ZC-UN,B-ZF-UN,S-ZB-BO,S-ZD-BO,S-ZF-BR
338,2008.06.03 00:00,USDCAD,60,86400,BUY,ZB,1,0.99780,0.98700,1080.0,1.00250,0.99270,980.0,90.741,52.78,510.0,254.9,0.99780,0.99270,1.00760,BOUNCE,2008.06.03 16:00,0,,0,,0,,0,NA,NewYork,NA,,NA,,0.98190,UNTOUCHED,,0,,0,,0,,0,NA,Other,NA,,NA,,1.00290,BREAK,2008.06.03 16:00,0,,0,,0,,0,NA,NewYork,BREAK,2008.06.04 09:00,BOUNCE,2008.06.04 14:00,0.98760,UNTOUCHED,,0,,0,,0,,0,NA,Other,NA,,NA,,B-ZB-BR,S-ZD-UN,B-ZO-BR,B-ZH-BR,B-ZB-BO,B-ZH-BO,S-ZF-UN,S-ZE-BO,S-ZF-BR,S-ZE-BR,B-ZB-BR,B-ZC-BR,B-ZE-UN,S-ZC-BO,B-ZC-UN,B-ZF-UN,S-ZB-BO,S-ZD-BO,S-ZF-BR,S-ZD-BO
339,2008.06.04 00:00,USDCAD,60,86400,BUY,ZB,1,1.00250,0.99270,980.0,1.00940,0.99670,1270.0,129.592,40.82,580.0,231.3,1.00250,0.99670,1.01520,BREAK,2008.06.04 21:00,0,,0,,0,,0,NA,Other,BOUNCE,2008.06.09 10:00,NA,,0.98690,UNTOUCHED,,0,,0,,0,,0,NA,Other,NA,,NA,,1.00830,BREAK,2008.06.04 00:00,0,,0,,0,,0,NA,Asia,BREAK,2008.06.04 21:00,BREAK,2008.06.09 15:00,0.99090,UNTOUCHED,,0,,0,,0,,0,NA,Other,NA,,NA,,B-ZB-BO,B-ZB-BR,S-ZD-UN,B-ZO-BR,B-ZH-BR,B-ZB-BO,B-ZH-BO,S-ZF-UN,S-ZE-BO,S-ZF-BR,B-ZC-BR,B-ZE-UN,S-ZC-BO,B-ZC-UN,B-ZF-UN,S-ZB-BO,S-ZD-BO,S-ZF-BR,S-ZD-BO,S-ZO-BR
340,2008.06.06 00:00,USDCAD,60,86400,BUY,ZC,1,1.01890,1.00760,1130.0,1.02190,1.01410,780.0,69.027,57.52,480.0,266.7,1.01890,1.01410,1.02670,BREAK,2008.06.10 10:00,0,,0,,0,,0,NA,London,BOUNCE,2008.06.10 16:00,NA,,1.00280,BREAK,2008.07.15 09:00,0,,0,,0,,0,NA,London,BOUNCE,2008.07.15 18:00,NA,,1.02370,BREAK,2008.06.09 18:00,0,,0,,0,,0,NA,NewYork,BREAK,2008.06.10 12:00,UNTOUCHED,,1.00930,BOUNCE,2008.06.25 16:00,1,2008.07.01 18:00,1,2008.07.01 18:00,0,,2,6d 2h,NewYork,NA,,NA,,B-ZB-BR,B-ZB-BO,B-ZB-BR,S-ZD-UN,B-ZO-BR,B-ZH-BR,B-ZB-BO,B-ZH-BO,S-ZF-UN,S-ZE-BO,B-ZE-UN,S-ZC-BO,B-ZC-UN,B-ZF-UN,S-ZB-BO,S-ZD-BO,S-ZF-BR,S-ZD-BO,S-ZO-BR,B-ZF-BR
341,2008.06.11 00:00,USDCAD,60,86400,BUY,ZE,1,1.02400,1.01500,900.0,1.03220,1.01950,1270.0,141.111,50.00,450.0,212.4,1.02400,1.01950,1.03670,UNTOUCHED,,0,,0,,0,,0,NA,Other,NA,,NA,,1.01050,BOUNCE,2008.06.20 15:00,1,2008.06.30 18:00,0,,0,,1,1w 3d,NewYork,NA,,NA,,1.02850,BOUNCE,2008.06.13 19:00,1,2008.06.19 14:00,1,2008.06.20 15:00,0,,2,6d 20h,NewYork,NA,,NA,,1.01500,BREAK,2008.06.19 14:00,0,,0,,0,,0,NA,NewYork,BOUNCE,2008.06.20 16:00,NA,,B-ZC-BR,B-ZB-BR,B-ZB-BO,B-ZB-BR,S-ZD-UN,B-ZO-BR,B-ZH-BR,B-ZB-BO,B-ZH-BO,S-ZF-UN,S-ZC-BO,B-ZC-UN,B-ZF-UN,S-ZB-BO,S-ZD-BO,S-ZF-BR,S-ZD-BO,S-ZO-BR,B-ZF-BR,B-ZB-BR
342,2008.06.12 00:00,USDCAD,60,86400,SELL,ZC,1,1.03220,1.01950,1270.0,1.02440,1.01520,920.0,72.441,61.42,490.0,299.7,1.02440,1.01950,1.01030,BOUNCE,2008.06.20 15:00,1,2008.06.30 18:00,0,,0,,1,1w 3d,NewYork,NA,,NA,,1.03710,UNTOUCHED,,0,,0,,0,,0,NA,Other,NA,,NA,,1.01460,BREAK,2008.06.19 14:00,0,,0,,0,,0,NA,NewYork,BREAK,2008.06.27 13:00,BOUNCE,2008.06.27 17:00,1.02930,BOUNCE,2008.06.13 19:00,1,2008.06.19 14:00,1,2008.06.19 14:00,0,,2,5d 19h,NewYork,NA,,NA,,B-ZE-UN,B-ZC-BR,B-ZB-BR,B-ZB-BO,B-ZB-BR,S-ZD-UN,B-ZO-BR,B-ZH-BR,B-ZB-BO,B-ZH-BO,B-ZC-UN,B-ZF-UN,S-ZB-BO,S-ZD-BO,S-ZF-BR,S-ZD-BO,S-ZO-BR,B-ZF-BR,B-ZB-BR,S-ZF-BR
343,2008.06.13 00:00,USDCAD,60,86400,BUY,ZC,1,1.02440,1.01520,920.0,1.02770,1.01920,850.0,92.391,43.48,520.0,217.1,1.02440,1.01920,1.03290,UNTOUCHED,,0,,0,,0,,0,NA,Other,NA,,NA,,1.01000,BOUNCE,2008.06.20 15:00,1,2008.06.30 18:00,0,,0,,1,1w 3d,NewYork,NA,,NA,,1.02960,BOUNCE,2008.06.13 19:00,1,2008.06.19 15:00,1,2008.06.20 15:00,0,,2,6d 20h,NewYork,NA,,NA,,1.01400,BREAK,2008.06.19 15:00,0,,0,,0,,0,NA,NewYork,BOUNCE,2008.06.27 00:00,NA,,S-ZC-BO,B-ZE-UN,B-ZC-BR,B-ZB-BR,B-ZB-BO,B-ZB-BR,S-ZD-UN,B-ZO-BR,B-ZH-BR,B-ZB-BO,B-ZF-UN,S-ZB-BO,S-ZD-BO,S-ZF-BR,S-ZD-BO,S-ZO-BR,B-ZF-BR,B-ZB-BR,S-ZF-BR,B-ZO-BR
344,2008.06.16 01:00,USDCAD,60,86400,BUY,ZF,0,1.02770,1.01920,850.0,1.02960,1.02170,790.0,92.941,29.41,600.0,200.6,1.02770,1.02170,1.03560,UNTOUCHED,,0,,0,,0,,0,NA,Other,NA,,NA,,1.01320,BREAK,2008.06.19 15:00,0,,0,,0,,0,NA,NewYork,BREAK,2008.06.27 14:00,BREAK,2008.07.15 13:00,1.03370,UNTOUCHED,,0,,0,,0,,0,NA,Other,NA,,NA,,1.01570,BREAK,2008.06.19 14:00,0,,0,,0,,0,NA,NewYork,BREAK,2008.06.27 13:00,BREAK,2008.07.15 10:00,B-ZC-UN,S-ZC-BO,B-ZE-UN,B-ZC-BR,B-ZB-BR,B-ZB-BO,B-ZB-BR,S-ZD-UN,B-ZO-BR,B-ZH-BR,S-ZB-BO,S-ZD-BO,S-ZF-BR,S-ZD-BO,S-ZO-BR,B-ZF-BR,B-ZB-BR,S-ZF-BR,B-ZO-BR,S-ZB-BR
345,2008.06.18 00:00,USDCAD,60,86400,SELL,ZB,1,1.02980,1.01960,1020.0,1.02460,1.01660,800.0,78.431,50.98,500.0,240.7,1.02460,1.01960,1.01160,BOUNCE,2008.06.19 16:00,1,2008.06.30 23:00,0,,0,,1,1w 4d,NewYork,NA,,NA,,1.03480,UNTOUCHED,,0,,0,,0,,0,NA,Other,NA,,NA,,1.01460,BREAK,2008.06.19 14:00,0,,0,,0,,0,NA,NewYork,BREAK,2008.06.27 13:00,BREAK,2008.07.15 10:00,1.02960,UNTOUCHED,,0,,0,,0,,0,NA,Other,NA,,NA,,B-ZF-UN,B-ZC-UN,S-ZC-BO,B-ZE-UN,B-ZC-BR,B-ZB-BR,B-ZB-BO,B-ZB-BR,S-ZD-UN,B-ZO-BR,S-ZD-BO,S-ZF-BR,S-ZD-BO,S-ZO-BR,B-ZF-BR,B-ZB-BR,S-ZF-BR,B-ZO-BR,S-ZB-BR,S-ZD-BR
346,2008.06.20 00:00,USDCAD,60,86400,SELL,ZD,1,1.02100,1.01660,440.0,1.01870,1.01090,780.0,177.273,52.27,210.0,103.8,1.01870,1.01660,1.00880,BOUNCE,2008.06.25 22:00,1,2008.06.26 22:00,1,2008.06.30 18:00,1,2008.07.01 18:00,3,5d 20h,Other,NA,,NA,,1.02310,BOUNCE,2008.07.01 18:00,1,2008.07.02 07:00,1,2008.07.02 16:00,1,2008.07.02 19:00,3,1d 1h,NewYork,NA,,NA,,1.01450,BREAK,2008.06.20 06:00,0,,0,,0,,0,NA,Asia,BREAK,2008.06.20 15:00,BREAK,2008.06.25 16:00,1.02080,BOUNCE,2008.06.30 18:00,1,2008.07.01 13:00,1,2008.07.01 13:00,0,,2,19h,NewYork,NA,,NA,,S-ZB-BO,B-ZF-UN,B-ZC-UN,S-ZC-BO,B-ZE-UN,B-ZC-BR,B-ZB-BR,B-ZB-BO,B-ZB-BR,S-ZD-UN,S-ZF-BR,S-ZD-BO,S-ZO-BR,B-ZF-BR,B-ZB-BR,S-ZF-BR,B-ZO-BR,S-ZB-BR,S-ZD-BR,S-ZF-UN
347,2008.06.25 00:00,USDCAD,60,86400,SELL,ZF,0,1.01910,1.01310,600.0,1.01720,1.01100,620.0,103.333,31.67,410.0,141.6,1.01720,1.01310,1.00690,BREAK,2008.06.27 13:00,0,,0,,0,,0,NA,NewYork,BREAK,2008.07.15 10:00,BOUNCE,2008.07.15 18:00,1.02320,BOUNCE,2008.07.01 18:00,1,2008.07.02 16:00,1,2008.07.02 19:00,1,2008.07.11 16:00,3,1w 2d,NewYork,NA,,NA,,1.00900,BOUNCE,2008.06.25 17:00,1,2008.06.30 23:00,1,2008.07.01 18:00,0,,2,6d 1h,NewYork,NA,,NA,,1.02130,BOUNCE,2008.06.30 23:00,1,2008.07.02 19:00,1,2008.07.02 19:00,0,,2,1d 20h,Other,NA,,NA,,S-ZD-BO,S-ZB-BO,B-ZF-UN,B-ZC-UN,S-ZC-BO,B-ZE-UN,B-ZC-BR,B-ZB-BR,B-ZB-BO,B-ZB-BR,S-ZD-BO,S-ZO-BR,B-ZF-BR,B-ZB-BR,S-ZF-BR,B-ZO-BR,S-ZB-BR,S-ZD-BR,S-ZF-UN,S-ZB-UN
348,2008.06.26 00:00,USDCAD,60,86400,SELL,ZD,1,1.01720,1.01100,620.0,1.01410,1.00880,530.0,85.484,50.00,310.0,146.3,1.01410,1.01100,1.00570,BOUNCE,2008.06.27 14:00,1,2008.06.27 18:00,1,2008.06.30 18:00,1,2008.06.30 18:00,3,3d 4h,NewYork,NA,,NA,,1.02030,BOUNCE,2008.06.30 18:00,1,2008.07.01 13:00,1,2008.07.10 17:00,1,2008.07.14 16:00,3,1w 6d,NewYork,NA,,NA,,1.00790,BREAK,2008.06.27 13:00,0,,0,,0,,0,NA,NewYork,BREAK,2008.07.15 09:00,BREAK,2008.07.15 12:00,1.01720,BREAK,2008.06.30 18:00,0,,0,,0,,0,NA,NewYork,BOUNCE,2008.07.01 11:00,NA,,S-ZF-BR,S-ZD-BO,S-ZB-BO,B-ZF-UN,B-ZC-UN,S-ZC-BO,B-ZE-UN,B-ZC-BR,B-ZB-BR,B-ZB-BO,S-ZO-BR,B-ZF-BR,B-ZB-BR,S-ZF-BR,B-ZO-BR,S-ZB-BR,S-ZD-BR,S-ZF-UN,S-ZB-UN,S-ZF-UN
349,2008.06.27 00:00,USDCAD,60,86400,SELL,ZO,0,1.01410,1.00880,530.0,1.01370,1.00810,560.0,105.660,7.55,490.0,125.1,1.01370,1.00880,1.00320,BREAK,2008.07.15 09:00,0,,0,,0,,0,NA,London,BOUNCE,2008.07.15 19:00,NA,,1.01900,BREAK,2008.06.30 18:00,0,,0,,0,,0,NA,NewYork,BREAK,2008.07.29 14:00,BOUNCE,2008.08.01 19:00,1.00390,BREAK,2008.07.15 09:00,0,,0,,0,,0,NA,London,BREAK,2008.07.15 17:00,UNTOUCHED,,1.01860,BREAK,2008.06.30 18:00,0,,0,,0,,0,NA,NewYork,BOUNCE,2008.07.02 09:00,NA,,S-ZD-BO,S-ZF-BR,S-ZD-BO,S-ZB-BO,B-ZF-UN,B-ZC-UN,S-ZC-BO,B-ZE-UN,B-ZC-BR,B-ZB-BR,B-ZF-BR,B-ZB-BR,S-ZF-BR,B-ZO-BR,S-ZB-BR,S-ZD-BR,S-ZF-UN,S-ZB-UN,S-ZF-UN,B-ZE-BR
350,2008.07.01 00:00,USDCAD,60,86400,BUY,ZF,1,1.01420,1.00480,940.0,1.02160,1.00610,1550.0,164.894,13.83,810.0,221.8,1.01420,1.00610,1.02970,BREAK,2008.08.04 12:00,0,,0,,0,,0,NA,London,BREAK,2008.08.05 07:00,BREAK,2008.08.06 18:00,0.99670,UNTOUCHED,,0,,0,,0,,0,NA,Other,NA,,NA,,1.02230,BOUNCE,2008.07.01 17:00,1,2008.07.15 13:00,0,,0,,1,1w 6d,NewYork,NA,,NA,,0.99800,BOUNCE,2008.07.15 13:00,1,2008.07.28 15:00,1,2008.07.28 15:00,0,,2,1w 6d,NewYork,NA,,NA,,S-ZO-BR,S-ZD-BO,S-ZF-BR,S-ZD-BO,S-ZB-BO,B-ZF-UN,B-ZC-UN,S-ZC-BO,B-ZE-UN,B-ZC-BR,B-ZB-BR,S-ZF-BR,B-ZO-BR,S-ZB-BR,S-ZD-BR,S-ZF-UN,S-ZB-UN,S-ZF-UN,B-ZE-BR,B-ZH-BR
351,2008.07.02 00:00,USDCAD,60,86400,BUY,ZB,1,1.02160,1.00610,1550.0,1.02380,1.01410,970.0,62.581,51.61,750.0,365.8,1.02160,1.01410,1.03130,BREAK,2008.08.04 17:00,0,,0,,0,,0,NA,NewYork,BREAK,2008.08.05 08:00,BREAK,2008.08.07 17:00,0.99860,BOUNCE,2008.07.15 13:00,1,2008.07.24 19:00,1,2008.08.01 15:00,1,2008.08.04 17:00,3,2w 6d,NewYork,NA,,NA,,1.02910,BREAK,2008.08.01 15:00,0,,0,,0,,0,NA,NewYork,BREAK,2008.08.05 07:00,BREAK,2008.08.06 18:00,1.00660,BREAK,2008.07.14 15:00,0,,0,,0,,0,NA,NewYork,BOUNCE,2008.07.17 21:00,NA,,B-ZF-BR,S-ZO-BR,S-ZD-BO,S-ZF-BR,S-ZD-BO,S-ZB-BO,B-ZF-UN,B-ZC-UN,S-ZC-BO,B-ZE-UN,S-ZF-BR,B-ZO-BR,S-ZB-BR,S-ZD-BR,S-ZF-UN,S-ZB-UN,S-ZF-UN,B-ZE-BR,B-ZH-BR,B-ZD-BO
352,2008.07.03 00:00,USDCAD,60,86400,SELL,ZF,0,1.02380,1.01410,970.0,1.02280,1.00870,1410.0,145.361,10.31,870.0,228.9,1.02280,1.01410,1.00000,BREAK,2008.07.15 12:00,0,,0,,0,,0,NA,London,UNTOUCHED,,NA,,1.03250,BREAK,2008.08.04 18:00,0,,0,,0,,0,NA,NewYork,BREAK,2008.08.05 14:00,BREAK,2008.08.07 18:00,1.00540,BREAK,2008.07.14 16:00,0,,0,,0,,0,NA,NewYork,UNTOUCHED,,NA,,1.03150,BREAK,2008.08.04 18:00,0,,0,,0,,0,NA,NewYork,BREAK,2008.08.05 08:00,BREAK,2008.08.07 17:00,B-ZB-BR,B-ZF-BR,S-ZO-BR,S-ZD-BO,S-ZF-BR,S-ZD-BO,S-ZB-BO,B-ZF-UN,B-ZC-UN,S-ZC-BO,B-ZO-BR,S-ZB-BR,S-ZD-BR,S-ZF-UN,S-ZB-UN,S-ZF-UN,B-ZE-BR,B-ZH-BR,B-ZD-BO,B-ZB-BR
353,2008.07.08 00:00,USDCAD,60,86400,BUY,ZO,0,1.02040,1.01400,640.0,1.02300,1.01490,810.0,126.563,14.06,550.0,151.0,1.02040,1.01490,1.02850,BREAK,2008.08.01 15:00,0,,0,,0,,0,NA,NewYork,BREAK,2008.08.04 18:00,BREAK,2008.08.05 07:00,1.00850,BOUNCE,2008.07.10 17:00,1,2008.07.25 20:00,1,2008.07.29 17:00,1,2008.08.01 15:00,3,3w 0d,NewYork,NA,,NA,,1.02590,BREAK,2008.07.29 17:00,0,,0,,0,,0,NA,NewYork,BREAK,2008.08.04 18:00,BREAK,2008.08.05 03:00,1.00940,BREAK,2008.07.10 17:00,0,,0,,0,,0,NA,NewYork,BREAK,2008.07.15 10:00,BOUNCE,2008.07.16 17:00,S-ZF-BR,B-ZB-BR,B-ZF-BR,S-ZO-BR,S-ZD-BO,S-ZF-BR,S-ZD-BO,S-ZB-BO,B-ZF-UN,B-ZC-UN,S-ZB-BR,S-ZD-BR,S-ZF-UN,S-ZB-UN,S-ZF-UN,B-ZE-BR,B-ZH-BR,B-ZD-BO,B-ZB-BR,B-ZC-BR
354,2008.07.10 00:00,USDCAD,60,86400,SELL,ZB,1,1.02300,1.01560,740.0,1.01980,1.00970,1010.0,136.486,43.24,420.0,174.6,1.01980,1.01560,1.00550,BREAK,2008.07.14 16:00,0,,0,,0,,0,NA,NewYork,BREAK,2008.07.15 13:00,UNTOUCHED,,1.02720,BOUNCE,2008.07.29 18:00,0,,0,,0,,0,NA,NewYork,NA,,NA,,1.01140,BREAK,2008.07.10 00:00,0,,0,,0,,0,NA,Asia,BOUNCE,2008.07.11 16:00,NA,,1.02400,BREAK,2008.07.28 20:00,0,,0,,0,,0,NA,NewYork,BOUNCE,2008.08.01 19:00,NA,,B-ZO-BR,S-ZF-BR,B-ZB-BR,B-ZF-BR,S-ZO-BR,S-ZD-BO,S-ZF-BR,S-ZD-BO,S-ZB-BO,B-ZF-UN,S-ZD-BR,S-ZF-UN,S-ZB-UN,S-ZF-UN,B-ZE-BR,B-ZH-BR,B-ZD-BO,B-ZB-BR,B-ZC-BR,S-ZO-UN
355,2008.07.11 00:00,USDCAD,60,86400,SELL,ZD,1,1.01980,1.00970,1010.0,1.01360,1.00760,600.0,59.406,61.39,390.0,238.4,1.01360,1.00970,1.00370,BREAK,2008.07.15 09:00,0,,0,,0,,0,NA,London,BREAK,2008.07.15 17:00,UNTOUCHED,,1.02370,BREAK,2008.07.28 20:00,0,,0,,0,,0,NA,NewYork,BOUNCE,2008.08.01 19:00,NA,,1.00580,BREAK,2008.07.14 16:00,0,,0,,0,,0,NA,NewYork,BREAK,2008.07.15 13:00,BOUNCE,2008.07.15 18:00,1.01750,BOUNCE,2008.07.11 14:00,1,2008.07.14 16:00,1,2008.07.14 16:00,0,,2,3d 2h,NewYork,NA,,NA,,S-ZB-BR,B-ZO-BR,S-ZF-BR,B-ZB-BR,B-ZF-BR,S-ZO-BR,S-ZD-BO,S-ZF-BR,S-ZD-BO,S-ZB-BO,S-ZF-UN,S-ZB-UN,S-ZF-UN,B-ZE-BR,B-ZH-BR,B-ZD-BO,B-ZB-BR,B-ZC-BR,S-ZO-UN,B-ZF-BR
356,2008.07.15 00:00,USDCAD,60,86400,SELL,ZF,0,1.01780,1.00670,1110.0,1.01380,1.00420,960.0,86.486,36.04,710.0,262.0,1.01380,1.00670,0.99710,UNTOUCHED,,0,,0,,0,,0,NA,Other,NA,,NA,,1.02490,BREAK,2008.07.29 14:00,0,,0,,0,,0,NA,NewYork,BREAK,2008.08.04 18:00,BREAK,2008.08.05 08:00,0.99960,BOUNCE,2008.07.15 13:00,1,2008.07.28 15:00,1,2008.07.29 14:00,0,,2,2w 0d,NewYork,NA,,NA,,1.02090,BREAK,2008.07.28 15:00,0,,0,,0,,0,NA,NewYork,BREAK,2008.08.04 13:00,BREAK,2008.08.05 03:00,S-ZD-BR,S-ZB-BR,B-ZO-BR,S-ZF-BR,B-ZB-BR,B-ZF-BR,S-ZO-BR,S-ZD-BO,S-ZF-BR,S-ZD-BO,S-ZB-UN,S-ZF-UN,B-ZE-BR,B-ZH-BR,B-ZD-BO,B-ZB-BR,B-ZC-BR,S-ZO-UN,B-ZF-BR,B-ZB-BR
357,2008.07.16 00:00,USDCAD,60,86400,SELL,ZB,1,1.01380,1.00420,960.0,1.00680,0.99740,940.0,97.917,72.92,260.0,226.6,1.00680,1.00420,0.99480,UNTOUCHED,,0,,0,,0,,0,NA,Other,NA,,NA,,1.01640,BOUNCE,2008.07.25 00:00,0,,0,,0,,0,NA,Asia,NA,,NA,,1.00160,BOUNCE,2008.07.16 00:00,1,2008.07.22 18:00,1,2008.07.25 00:00,0,,2,1w 2d,Asia,NA,,NA,,1.00940,BOUNCE,2008.07.22 18:00,0,,0,,0,,0,NA,NewYork,NA,,NA,,S-ZF-UN,S-ZD-BR,S-ZB-BR,B-ZO-BR,S-ZF-BR,B-ZB-BR,B-ZF-BR,S-ZO-BR,S-ZD-BO,S-ZF-BR,S-ZF-UN,B-ZE-BR,B-ZH-BR,B-ZD-BO,B-ZB-BR,B-ZC-BR,S-ZO-UN,B-ZF-BR,B-ZB-BR,B-ZB-BR
358,2008.07.22 00:00,USDCAD,60,86400,SELL,ZF,0,1.00770,1.00210,560.0,1.00720,0.99980,740.0,132.143,8.93,510.0,132.2,1.00720,1.00210,0.99470,UNTOUCHED,,0,,0,,0,,0,NA,Other,NA,,NA,,1.01280,BREAK,2008.07.24 19:00,0,,0,,0,,0,NA,NewYork,BREAK,2008.07.25 20:00,BREAK,2008.07.29 14:00,0.99700,UNTOUCHED,,0,,0,,0,,0,NA,Other,NA,,NA,,1.01230,BREAK,2008.07.24 19:00,0,,0,,0,,0,NA,NewYork,BREAK,2008.07.25 19:00,BREAK,2008.07.28 20:00,S-ZB-UN,S-ZF-UN,S-ZD-BR,S-ZB-BR,B-ZO-BR,S-ZF-BR,B-ZB-BR,B-ZF-BR,S-ZO-BR,S-ZD-BO,B-ZE-BR,B-ZH-BR,B-ZD-BO,B-ZB-BR,B-ZC-BR,S-ZO-UN,B-ZF-BR,B-ZB-BR,B-ZB-BR,B-ZB-BR
359,2008.07.24 00:00,USDCAD,60,86400,BUY,ZE,1,1.01150,0.99900,1250.0,1.01170,1.00560,610.0,48.800,52.80,590.0,295.0,1.01150,1.00560,1.01760,BREAK,2008.07.25 19:00,0,,0,,0,,0,NA,NewYork,BREAK,2008.07.29 17:00,BREAK,2008.08.04 18:00,0.99310,UNTOUCHED,,0,,0,,0,,0,NA,Other,NA,,NA,,1.01740,BREAK,2008.07.25 19:00,0,,0,,0,,0,NA,NewYork,BREAK,2008.07.29 17:00,BREAK,2008.08.04 18:00,0.99970,UNTOUCHED,,0,,0,,0,,0,NA,Other,NA,,NA,,S-ZF-UN,S-ZB-UN,S-ZF-UN,S-ZD-BR,S-ZB-BR,B-ZO-BR,S-ZF-BR,B-ZB-BR,B-ZF-BR,S-ZO-BR,B-ZH-BR,B-ZD-BO,B-ZB-BR,B-ZC-BR,S-ZO-UN,B-ZF-BR,B-ZB-BR,B-ZB-BR,B-ZB-BR,B-ZC-BO
360,2008.07.25 00:00,USDCAD,60,86400,BUY,ZH,1,1.01170,1.00560,610.0,1.01490,1.00760,730.0,119.672,32.79,410.0,144.0,1.01170,1.00760,1.01900,BREAK,2008.07.25 19:00,0,,0,,0,,0,NA,NewYork,BREAK,2008.07.29 14:00,BOUNCE,2008.07.30 10:00,1.00150,UNTOUCHED,,0,,0,,0,,0,NA,Other,NA,,NA,,1.01580,BREAK,2008.07.25 00:00,0,,0,,0,,0,NA,Asia,BREAK,2008.07.28 15:00,BREAK,2008.07.29 17:00,1.00350,UNTOUCHED,,0,,0,,0,,0,NA,Other,NA,,NA,,B-ZE-BR,S-ZF-UN,S-ZB-UN,S-ZF-UN,S-ZD-BR,S-ZB-BR,B-ZO-BR,S-ZF-BR,B-ZB-BR,B-ZF-BR,B-ZD-BO,B-ZB-BR,B-ZC-BR,S-ZO-UN,B-ZF-BR,B-ZB-BR,B-ZB-BR,B-ZB-BR,B-ZC-BO,B-ZO-UN
361,2008.07.28 01:00,USDCAD,60,86400,BUY,ZD,1,1.01490,1.00760,730.0,1.02060,1.01280,780.0,106.849,71.23,210.0,172.3,1.01490,1.01280,1.02270,BOUNCE,2008.07.28 15:00,0,,0,,0,,0,NA,NewYork,NA,,NA,,1.00550,UNTOUCHED,,0,,0,,0,,0,NA,Other,NA,,NA,,1.01700,BREAK,2008.07.28 01:00,0,,0,,0,,0,NA,Asia,BREAK,2008.07.28 15:00,BREAK,2008.07.28 20:00,1.01070,UNTOUCHED,,0,,0,,0,,0,NA,Other,NA,,NA,,B-ZH-BR,B-ZE-BR,S-ZF-UN,S-ZB-UN,S-ZF-UN,S-ZD-BR,S-ZB-BR,B-ZO-BR,S-ZF-BR,B-ZB-BR,B-ZB-BR,B-ZC-BR,S-ZO-UN,B-ZF-BR,B-ZB-BR,B-ZB-BR,B-ZB-BR,B-ZC-BO,B-ZO-UN,S-ZO-BR
362,2008.07.29 00:00,USDCAD,60,86400,BUY,ZB,1,1.02060,1.01280,780.0,1.02420,1.01730,690.0,88.462,57.69,330.0,184.1,1.02060,1.01730,1.02750,BREAK,2008.08.01 15:00,0,,0,,0,,0,NA,NewYork,BREAK,2008.08.04 18:00,BREAK,2008.08.04 20:00,1.00950,UNTOUCHED,,0,,0,,0,,0,NA,Other,NA,,NA,,1.02390,BREAK,2008.07.29 13:00,0,,0,,0,,0,NA,NewYork,BOUNCE,2008.07.29 22:00,NA,,1.01400,UNTOUCHED,,0,,0,,0,,0,NA,Other,NA,,NA,,B-ZD-BO,B-ZH-BR,B-ZE-BR,S-ZF-UN,S-ZB-UN,S-ZF-UN,S-ZD-BR,S-ZB-BR,B-ZO-BR,S-ZF-BR,B-ZC-BR,S-ZO-UN,B-ZF-BR,B-ZB-BR,B-ZB-BR,B-ZB-BR,B-ZC-BO,B-ZO-UN,S-ZO-BR,S-ZE-BR
363,2008.07.30 00:00,USDCAD,60,86400,BUY,ZC,1,1.02420,1.01730,690.0,1.02720,1.02050,670.0,97.101,46.38,370.0,162.8,1.02420,1.02050,1.03090,BREAK,2008.08.04 17:00,0,,0,,0,,0,NA,NewYork,BREAK,2008.08.04 21:00,BREAK,2008.08.05 07:00,1.01360,UNTOUCHED,,0,,0,,0,,0,NA,Other,NA,,NA,,1.02790,BOUNCE,2008.08.01 15:00,0,,0,,0,,0,NA,NewYork,NA,,NA,,1.01680,UNTOUCHED,,0,,0,,0,,0,NA,Other,NA,,NA,,B-ZB-BR,B-ZD-BO,B-ZH-BR,B-ZE-BR,S-ZF-UN,S-ZB-UN,S-ZF-UN,S-ZD-BR,S-ZB-BR,B-ZO-BR,S-ZO-UN,B-ZF-BR,B-ZB-BR,B-ZB-BR,B-ZB-BR,B-ZC-BO,B-ZO-UN,S-ZO-BR,S-ZE-BR,B-ZO-BO
364,2008.08.01 00:00,USDCAD,60,86400,SELL,ZO,0,1.02690,1.02180,510.0,1.02640,1.02130,510.0,100.000,9.80,460.0,120.4,1.02640,1.02180,1.01670,UNTOUCHED,,0,,0,,0,,0,NA,Other,NA,,NA,,1.03150,BREAK,2008.08.04 18:00,0,,0,,0,,0,NA,NewYork,BREAK,2008.08.05 03:00,BREAK,2008.08.05 08:00,1.01720,UNTOUCHED,,0,,0,,0,,0,NA,Other,NA,,NA,,1.03100,BREAK,2008.08.04 17:00,0,,0,,0,,0,NA,NewYork,BREAK,2008.08.05 00:00,BREAK,2008.08.05 07:00,B-ZC-BR,B-ZB-BR,B-ZD-BO,B-ZH-BR,B-ZE-BR,S-ZF-UN,S-ZB-UN,S-ZF-UN,S-ZD-BR,S-ZB-BR,B-ZF-BR,B-ZB-BR,B-ZB-BR,B-ZB-BR,B-ZC-BO,B-ZO-UN,S-ZO-BR,S-ZE-BR,B-ZO-BO,S-ZE-BR
365,2008.08.04 01:00,USDCAD,60,86400,BUY,ZF,0,1.02640,1.02130,510.0,1.02950,1.02260,690.0,135.294,25.49,380.0,120.4,1.02640,1.02260,1.03330,BREAK,2008.08.04 18:00,0,,0,,0,,0,NA,NewYork,BREAK,2008.08.05 03:00,BREAK,2008.08.05 08:00,1.01750,UNTOUCHED,,0,,0,,0,,0,NA,Other,NA,,NA,,1.03020,BREAK,2008.08.04 12:00,0,,0,,0,,0,NA,London,BREAK,2008.08.04 19:00,BREAK,2008.08.05 03:00,1.01880,UNTOUCHED,,0,,0,,0,,0,NA,Other,NA,,NA,,S-ZO-UN,B-ZC-BR,B-ZB-BR,B-ZD-BO,B-ZH-BR,B-ZE-BR,S-ZF-UN,S-ZB-UN,S-ZF-UN,S-ZD-BR,B-ZB-BR,B-ZB-BR,B-ZB-BR,B-ZC-BO,B-ZO-UN,S-ZO-BR,S-ZE-BR,B-ZO-BO,S-ZE-BR,B-ZE-BR
366,2008.08.05 00:00,USDCAD,60,86400,BUY,ZB,1,1.02950,1.02260,690.0,1.03680,1.02620,1060.0,153.623,52.17,330.0,162.8,1.02950,1.02620,1.04010,BREAK,2008.08.05 07:00,0,,0,,0,,0,NA,London,BREAK,2008.08.05 14:00,BREAK,2008.08.06 18:00,1.01930,UNTOUCHED,,0,,0,,0,,0,NA,Other,NA,,NA,,1.03280,BREAK,2008.08.05 00:00,0,,0,,0,,0,NA,Asia,BREAK,2008.08.05 03:00,BREAK,2008.08.05 07:00,1.02290,UNTOUCHED,,0,,0,,0,,0,NA,Other,NA,,NA,,B-ZF-BR,S-ZO-UN,B-ZC-BR,B-ZB-BR,B-ZD-BO,B-ZH-BR,B-ZE-BR,S-ZF-UN,S-ZB-UN,S-ZF-UN,B-ZB-BR,B-ZB-BR,B-ZC-BO,B-ZO-UN,S-ZO-BR,S-ZE-BR,B-ZO-BO,S-ZE-BR,B-ZE-BR,S-ZG-BR
367,2008.08.07 00:00,USDCAD,60,86400,BUY,ZB,1,1.04510,1.03600,910.0,1.04940,1.03990,950.0,104.396,42.86,520.0,214.8,1.04510,1.03990,1.05460,BREAK,2008.08.08 04:00,0,,0,,0,,0,NA,Asia,BREAK,2008.08.08 13:00,BREAK,2008.08.08 14:00,1.03080,UNTOUCHED,,0,,0,,0,,0,NA,Other,NA,,NA,,1.05030,BREAK,2008.08.07 17:00,0,,0,,0,,0,NA,NewYork,BREAK,2008.08.08 12:00,BREAK,2008.08.08 13:00,1.03470,UNTOUCHED,,0,,0,,0,,0,NA,Other,NA,,NA,,B-ZB-BR,B-ZF-BR,S-ZO-UN,B-ZC-BR,B-ZB-BR,B-ZD-BO,B-ZH-BR,B-ZE-BR,S-ZF-UN,S-ZB-UN,B-ZB-BR,B-ZC-BO,B-ZO-UN,S-ZO-BR,S-ZE-BR,B-ZO-BO,S-ZE-BR,B-ZE-BR,S-ZG-BR,S-ZB-BR
368,2008.08.08 00:00,USDCAD,60,86400,BUY,ZB,1,1.04940,1.03990,950.0,1.05330,1.04460,870.0,91.579,49.47,480.0,224.2,1.04940,1.04460,1.05810,BREAK,2008.08.08 12:00,0,,0,,0,,0,NA,London,BREAK,2008.08.08 14:00,BOUNCE,2008.08.11 11:00,1.03510,UNTOUCHED,,0,,0,,0,,0,NA,Other,NA,,NA,,1.05420,BREAK,2008.08.08 04:00,0,,0,,0,,0,NA,Asia,BREAK,2008.08.08 13:00,BREAK,2008.08.08 14:00,1.03980,UNTOUCHED,,0,,0,,0,,0,NA,Other,NA,,NA,,B-ZB-BR,B-ZB-BR,B-ZF-BR,S-ZO-UN,B-ZC-BR,B-ZB-BR,B-ZD-BO,B-ZH-BR,B-ZE-BR,S-ZF-UN,B-ZC-BO,B-ZO-UN,S-ZO-BR,S-ZE-BR,B-ZO-BO,S-ZE-BR,B-ZE-BR,S-ZG-BR,S-ZB-BR,S-ZE-BR
369,2008.08.12 00:00,USDCAD,60,86400,BUY,ZC,1,1.06960,1.05150,1810.0,1.07160,1.06120,1040.0,57.459,53.59,840.0,427.2,1.06960,1.06120,1.08000,BOUNCE,2008.09.11 18:00,1,2008.09.12 17:00,1,2008.09.19 17:00,1,2008.09.19 19:00,3,1w 1d,NewYork,NA,,NA,,1.04310,BOUNCE,2008.08.21 23:00,1,2008.08.29 18:00,1,2008.09.11 17:00,1,2008.09.11 18:00,3,2w 6d,Other,NA,,NA,,1.07800,BOUNCE,2008.09.11 17:00,1,2008.09.19 17:00,1,2008.09.19 19:00,0,,2,1w 1d,NewYork,NA,,NA,,1.05280,BREAK,2008.08.21 15:00,0,,0,,0,,0,NA,NewYork,BOUNCE,2008.08.26 09:00,NA,,B-ZB-BR,B-ZB-BR,B-ZB-BR,B-ZF-BR,S-ZO-UN,B-ZC-BR,B-ZB-BR,B-ZD-BO,B-ZH-BR,B-ZE-BR,B-ZO-UN,S-ZO-BR,S-ZE-BR,B-ZO-BO,S-ZE-BR,B-ZE-BR,S-ZG-BR,S-ZB-BR,S-ZE-BR,B-ZH-BR
370,2008.08.13 00:00,USDCAD,60,86400,BUY,ZO,0,1.07160,1.06120,1040.0,1.07270,1.06140,1130.0,108.654,1.92,1020.0,245.4,1.07160,1.06140,1.08290,UNTOUCHED,,0,,0,,0,,0,NA,Other,NA,,NA,,1.05100,BREAK,2008.08.21 17:00,0,,0,,0,,0,NA,NewYork,BREAK,2008.09.22 17:00,BOUNCE,2008.09.29 10:00,1.08180,BOUNCE,2008.09.11 18:00,1,2008.09.19 17:00,1,2008.09.19 17:00,0,,2,1w 0d,NewYork,NA,,NA,,1.05120,BREAK,2008.08.21 17:00,0,,0,,0,,0,NA,NewYork,BREAK,2008.09.22 17:00,BOUNCE,2008.09.29 10:00,B-ZC-BO,B-ZB-BR,B-ZB-BR,B-ZB-BR,B-ZF-BR,S-ZO-UN,B-ZC-BR,B-ZB-BR,B-ZD-BO,B-ZH-BR,S-ZO-BR,S-ZE-BR,B-ZO-BO,S-ZE-BR,B-ZE-BR,S-ZG-BR,S-ZB-BR,S-ZE-BR,B-ZH-BR,B-ZF-BR
371,2008.08.14 00:00,USDCAD,60,86400,SELL,ZO,0,1.07270,1.06140,1130.0,1.07140,1.06130,1010.0,89.381,11.50,1000.0,266.7,1.07140,1.06140,1.05130,BREAK,2008.08.21 16:00,0,,0,,0,,0,NA,NewYork,BOUNCE,2008.08.28 17:00,NA,,1.08270,UNTOUCHED,,0,,0,,0,,0,NA,Other,NA,,NA,,1.05140,BREAK,2008.08.21 16:00,0,,0,,0,,0,NA,NewYork,BOUNCE,2008.08.28 17:00,NA,,1.08140,BOUNCE,2008.09.11 18:00,1,2008.09.19 17:00,1,2008.09.19 17:00,0,,2,1w 0d,NewYork,NA,,NA,,B-ZO-UN,B-ZC-BO,B-ZB-BR,B-ZB-BR,B-ZB-BR,B-ZF-BR,S-ZO-UN,B-ZC-BR,B-ZB-BR,B-ZD-BO,S-ZE-BR,B-ZO-BO,S-ZE-BR,B-ZE-BR,S-ZG-BR,S-ZB-BR,S-ZE-BR,B-ZH-BR,B-ZF-BR,B-ZF-BR
372,2008.08.15 00:00,USDCAD,60,86400,SELL,ZE,1,1.07140,1.06130,1010.0,1.06550,1.05620,930.0,92.079,58.42,420.0,238.4,1.06550,1.06130,1.05200,BREAK,2008.08.21 15:00,0,,0,,0,,0,NA,NewYork,BREAK,2008.08.21 18:00,BOUNCE,2008.08.22 14:00,1.07560,BOUNCE,2008.09.03 12:00,1,2008.09.03 16:00,1,2008.09.04 10:00,1,2008.09.19 17:00,3,2w 2d,London,NA,,NA,,1.05710,BREAK,2008.08.18 06:00,0,,0,,0,,0,NA,Asia,BREAK,2008.08.21 17:00,BREAK,2008.08.21 18:00,1.06970,BREAK,2008.09.02 09:00,0,,0,,0,,0,NA,London,BOUNCE,2008.09.02 12:00,NA,,S-ZO-BR,B-ZO-UN,B-ZC-BO,B-ZB-BR,B-ZB-BR,B-ZB-BR,B-ZF-BR,S-ZO-UN,B-ZC-BR,B-ZB-BR,B-ZO-BO,S-ZE-BR,B-ZE-BR,S-ZG-BR,S-ZB-BR,S-ZE-BR,B-ZH-BR,B-ZF-BR,B-ZF-BR,B-ZE-BR
373,2008.08.18 01:00,USDCAD,60,86400,BUY,ZO,0,1.06550,1.05620,930.0,1.06920,1.05810,1110.0,119.355,20.43,740.0,219.5,1.06550,1.05810,1.07660,BOUNCE,2008.09.03 12:00,1,2008.09.03 17:00,1,2008.09.19 17:00,1,2008.09.19 18:00,3,2w 2d,London,NA,,NA,,1.04880,BREAK,2008.08.21 17:00,0,,0,,0,,0,NA,NewYork,BOUNCE,2008.08.26 22:00,NA,,1.07290,BREAK,2008.09.02 11:00,0,,0,,0,,0,NA,London,BOUNCE,2008.09.12 08:00,NA,,1.05070,BREAK,2008.08.21 17:00,0,,0,,0,,0,NA,NewYork,BOUNCE,2008.08.25 03:00,NA,,S-ZE-BR,S-ZO-BR,B-ZO-UN,B-ZC-BO,B-ZB-BR,B-ZB-BR,B-ZB-BR,B-ZF-BR,S-ZO-UN,B-ZC-BR,S-ZE-BR,B-ZE-BR,S-ZG-BR,S-ZB-BR,S-ZE-BR,B-ZH-BR,B-ZF-BR,B-ZF-BR,B-ZE-BR,S-ZE-BR
374,2008.08.19 00:00,USDCAD,60,86400,SELL,ZE,1,1.06920,1.05810,1110.0,1.06460,1.05430,1030.0,92.793,41.44,650.0,262.0,1.06460,1.05810,1.04780,BREAK,2008.08.21 17:00,0,,0,,0,,0,NA,NewYork,BOUNCE,2008.08.26 18:00,NA,,1.07570,BOUNCE,2008.09.03 12:00,1,2008.09.03 17:00,1,2008.09.19 17:00,1,2008.09.19 18:00,3,2w 2d,London,NA,,NA,,1.05160,BREAK,2008.08.21 16:00,0,,0,,0,,0,NA,NewYork,BREAK,2008.08.21 23:00,BREAK,2008.09.22 17:00,1.07110,BREAK,2008.09.02 09:00,0,,0,,0,,0,NA,London,BOUNCE,2008.09.03 15:00,NA,,B-ZO-BO,S-ZE-BR,S-ZO-BR,B-ZO-UN,B-ZC-BO,B-ZB-BR,B-ZB-BR,B-ZB-BR,B-ZF-BR,S-ZO-UN,B-ZE-BR,S-ZG-BR,S-ZB-BR,S-ZE-BR,B-ZH-BR,B-ZF-BR,B-ZF-BR,B-ZE-BR,S-ZE-BR,B-ZO-BO
375,2008.08.20 00:00,USDCAD,60,86400,BUY,ZE,1,1.06460,1.05430,1030.0,1.06680,1.05930,750.0,72.816,48.54,530.0,243.1,1.06460,1.05930,1.07210,BREAK,2008.09.02 10:00,0,,0,,0,,0,NA,London,BOUNCE,2008.09.03 15:00,NA,,1.04900,BREAK,2008.08.21 17:00,0,,0,,0,,0,NA,NewYork,BOUNCE,2008.08.25 03:00,NA,,1.06990,BREAK,2008.09.02 09:00,0,,0,,0,,0,NA,London,BOUNCE,2008.09.03 15:00,NA,,1.05400,BREAK,2008.08.21 14:00,0,,0,,0,,0,NA,NewYork,BREAK,2008.08.21 17:00,BOUNCE,2008.08.25 03:00,S-ZE-BR,B-ZO-BO,S-ZE-BR,S-ZO-BR,B-ZO-UN,B-ZC-BO,B-ZB-BR,B-ZB-BR,B-ZB-BR,B-ZF-BR,S-ZG-BR,S-ZB-BR,S-ZE-BR,B-ZH-BR,B-ZF-BR,B-ZF-BR,B-ZE-BR,S-ZE-BR,B-ZO-BO,S-ZO-BO
376,2008.08.21 00:00,USDCAD,60,86400,SELL,ZG,0,1.06680,1.05930,750.0,1.06510,1.05760,750.0,100.000,22.67,580.0,177.0,1.06510,1.05930,1.05180,BREAK,2008.08.21 16:00,0,,0,,0,,0,NA,NewYork,BREAK,2008.08.21 19:00,BREAK,2008.09.22 17:00,1.07260,BREAK,2008.09.02 10:00,0,,0,,0,,0,NA,London,BREAK,2008.09.11 18:00,BOUNCE,2008.10.03 19:00,1.05350,BREAK,2008.08.21 14:00,0,,0,,0,,0,NA,NewYork,BREAK,2008.08.21 17:00,BOUNCE,2008.08.26 18:00,1.07090,BREAK,2008.09.02 09:00,0,,0,,0,,0,NA,London,BOUNCE,2008.09.03 15:00,NA,,B-ZE-BR,S-ZE-BR,B-ZO-BO,S-ZE-BR,S-ZO-BR,B-ZO-UN,B-ZC-BO,B-ZB-BR,B-ZB-BR,B-ZB-BR,S-ZB-BR,S-ZE-BR,B-ZH-BR,B-ZF-BR,B-ZF-BR,B-ZE-BR,S-ZE-BR,B-ZO-BO,S-ZO-BO,B-ZG-BR
377,2008.08.22 00:00,USDCAD,60,86400,SELL,ZB,1,1.06510,1.05760,750.0,1.06080,1.04230,1850.0,246.667,57.33,320.0,177.0,1.06080,1.05760,1.03910,BREAK,2008.09.22 17:00,0,,0,,0,,0,NA,NewYork,BREAK,2008.09.22 18:00,BOUNCE,2008.09.22 23:00,1.06830,BREAK,2008.09.01 17:00,0,,0,,0,,0,NA,NewYork,BREAK,2008.09.02 11:00,BREAK,2008.09.03 12:00,1.05440,BREAK,2008.08.22 00:00,0,,0,,0,,0,NA,Asia,BREAK,2008.08.22 01:00,BREAK,2008.08.22 02:00,1.06400,BREAK,2008.08.29 20:00,0,,0,,0,,0,NA,NewYork,BOUNCE,2008.09.01 12:00,NA,,S-ZG-BR,B-ZE-BR,S-ZE-BR,B-ZO-BO,S-ZE-BR,S-ZO-BR,B-ZO-UN,B-ZC-BO,B-ZB-BR,B-ZB-BR,S-ZE-BR,B-ZH-BR,B-ZF-BR,B-ZF-BR,B-ZE-BR,S-ZE-BR,B-ZO-BO,S-ZO-BO,B-ZG-BR,B-ZE-BO
378,2008.08.25 01:00,USDCAD,60,86400,SELL,ZE,1,1.06080,1.04230,1850.0,1.04850,1.04190,660.0,35.676,66.49,620.0,436.6,1.04850,1.04230,1.03570,BREAK,2008.09.22 18:00,0,,0,,0,,0,NA,NewYork,UNTOUCHED,,NA,,1.06700,BREAK,2008.09.01 04:00,0,,0,,0,,0,NA,Asia,BOUNCE,2008.09.02 14:00,NA,,1.03610,BREAK,2008.09.22 17:00,0,,0,,0,,0,NA,NewYork,BOUNCE,2008.09.25 18:00,NA,,1.05470,BOUNCE,2008.08.26 12:00,1,2008.09.22 17:00,1,2008.09.22 17:00,0,,2,3w 6d,London,NA,,NA,,S-ZB-BR,S-ZG-BR,B-ZE-BR,S-ZE-BR,B-ZO-BO,S-ZE-BR,S-ZO-BR,B-ZO-UN,B-ZC-BO,B-ZB-BR,B-ZH-BR,B-ZF-BR,B-ZF-BR,B-ZE-BR,S-ZE-BR,B-ZO-BO,S-ZO-BO,B-ZG-BR,B-ZE-BO,B-ZD-BR
379,2008.08.26 00:00,USDCAD,60,86400,BUY,ZH,0,1.04850,1.04190,660.0,1.05150,1.04390,760.0,115.152,30.30,460.0,155.8,1.04850,1.04390,1.05610,BREAK,2008.08.29 17:00,0,,0,,0,,0,NA,NewYork,BREAK,2008.08.29 18:00,BREAK,2008.09.01 04:00,1.03730,BREAK,2008.09.22 17:00,0,,0,,0,,0,NA,NewYork,BREAK,2008.09.23 16:00,UNTOUCHED,,1.05310,BREAK,2008.08.26 11:00,0,,0,,0,,0,NA,London,BREAK,2008.08.29 17:00,BREAK,2008.08.29 20:00,1.03930,BREAK,2008.09.22 17:00,0,,0,,0,,0,NA,NewYork,BREAK,2008.09.22 21:00,BOUNCE,2008.09.25 17:00,S-ZE-BR,S-ZB-BR,S-ZG-BR,B-ZE-BR,S-ZE-BR,B-ZO-BO,S-ZE-BR,S-ZO-BR,B-ZO-UN,B-ZC-BO,B-ZF-BR,B-ZF-BR,B-ZE-BR,S-ZE-BR,B-ZO-BO,S-ZO-BO,B-ZG-BR,B-ZE-BO,B-ZD-BR,S-ZB-BR
380,2008.08.29 00:00,USDCAD,60,86400,BUY,ZF,0,1.04940,1.04260,680.0,1.05360,1.04320,1040.0,152.941,8.82,620.0,160.5,1.04940,1.04320,1.05980,BREAK,2008.08.29 18:00,0,,0,,0,,0,NA,NewYork,BREAK,2008.09.01 04:00,BREAK,2008.09.02 11:00,1.03640,BREAK,2008.09.22 17:00,0,,0,,0,,0,NA,NewYork,BOUNCE,2008.09.26 11:00,NA,,1.05560,BREAK,2008.08.29 17:00,0,,0,,0,,0,NA,NewYork,BREAK,2008.08.29 19:00,BOUNCE,2008.09.01 13:00,1.03700,BREAK,2008.09.22 17:00,0,,0,,0,,0,NA,NewYork,BOUNCE,2008.09.23 18:00,NA,,B-ZH-BR,S-ZE-BR,S-ZB-BR,S-ZG-BR,B-ZE-BR,S-ZE-BR,B-ZO-BO,S-ZE-BR,S-ZO-BR,B-ZO-UN,B-ZF-BR,B-ZE-BR,S-ZE-BR,B-ZO-BO,S-ZO-BO,B-ZG-BR,B-ZE-BO,B-ZD-BR,S-ZB-BR,S-ZO-BR
381,2008.09.01 01:00,USDCAD,60,86400,BUY,ZF,1,1.05360,1.04320,1040.0,1.06410,1.04700,1710.0,164.423,36.54,660.0,245.4,1.05360,1.04700,1.07070,BREAK,2008.09.02 09:00,0,,0,,0,,0,NA,London,BOUNCE,2008.09.03 15:00,NA,,1.03660,BREAK,2008.09.22 17:00,0,,0,,0,,0,NA,NewYork,BOUNCE,2008.09.26 11:00,NA,,1.06020,BREAK,2008.09.01 01:00,0,,0,,0,,0,NA,Asia,BREAK,2008.09.02 01:00,BOUNCE,2008.09.02 14:00,1.04040,BREAK,2008.09.22 16:00,0,,0,,0,,0,NA,NewYork,BREAK,2008.09.23 16:00,UNTOUCHED,,B-ZF-BR,B-ZH-BR,S-ZE-BR,S-ZB-BR,S-ZG-BR,B-ZE-BR,S-ZE-BR,B-ZO-BO,S-ZE-BR,S-ZO-BR,B-ZE-BR,S-ZE-BR,B-ZO-BO,S-ZO-BO,B-ZG-BR,B-ZE-BO,B-ZD-BR,S-ZB-BR,S-ZO-BR,S-ZF-BO
382,2008.09.03 00:00,USDCAD,60,86400,BUY,ZE,1,1.06900,1.06130,770.0,1.07470,1.06600,870.0,112.987,61.04,300.0,181.7,1.06900,1.06600,1.07770,BREAK,2008.09.11 17:00,0,,0,,0,,0,NA,NewYork,BOUNCE,2008.09.11 21:00,NA,,1.05830,BOUNCE,2008.09.03 16:00,1,2008.09.03 18:00,1,2008.09.05 01:00,1,2008.09.11 17:00,3,1w 1d,NewYork,NA,,NA,,1.07200,BREAK,2008.09.03 07:00,0,,0,,0,,0,NA,London,BREAK,2008.09.03 12:00,BREAK,2008.09.11 18:00,1.06300,BREAK,2008.09.03 16:00,0,,0,,0,,0,NA,NewYork,BOUNCE,2008.09.03 17:00,NA,,B-ZF-BR,B-ZF-BR,B-ZH-BR,S-ZE-BR,S-ZB-BR,S-ZG-BR,B-ZE-BR,S-ZE-BR,B-ZO-BO,S-ZE-BR,S-ZE-BR,B-ZO-BO,S-ZO-BO,B-ZG-BR,B-ZE-BO,B-ZD-BR,S-ZB-BR,S-ZO-BR,S-ZF-BO,S-ZD-BR
383,2008.09.05 00:00,USDCAD,60,86400,SELL,ZE,1,1.07760,1.05750,2010.0,1.06990,1.05430,1560.0,77.612,38.31,1240.0,474.4,1.06990,1.05750,1.04190,BREAK,2008.09.22 16:00,0,,0,,0,,0,NA,NewYork,UNTOUCHED,,NA,,1.09000,BREAK,2008.10.06 07:00,0,,0,,0,,0,NA,London,BREAK,2008.10.06 17:00,BREAK,2008.10.08 18:00,1.04510,BOUNCE,2008.09.19 18:00,1,2008.10.03 15:00,1,2008.10.06 07:00,0,,2,2w 2d,NewYork,NA,,NA,,1.08230,BREAK,2008.10.03 15:00,0,,0,,0,,0,NA,NewYork,BREAK,2008.10.06 17:00,BREAK,2008.10.08 12:00,B-ZE-BR,B-ZF-BR,B-ZF-BR,B-ZH-BR,S-ZE-BR,S-ZB-BR,S-ZG-BR,B-ZE-BR,S-ZE-BR,B-ZO-BO,B-ZO-BO,S-ZO-BO,B-ZG-BR,B-ZE-BO,B-ZD-BR,S-ZB-BR,S-ZO-BR,S-ZF-BO,S-ZD-BR,S-ZB-UN
384,2008.09.08 01:00,USDCAD,60,86400,BUY,ZO,0,1.06990,1.05430,1560.0,1.07270,1.06000,1270.0,81.410,36.54,990.0,368.2,1.06990,1.06000,1.08260,BOUNCE,2008.10.03 15:00,0,,0,,0,,0,NA,NewYork,NA,,NA,,1.04440,BOUNCE,2008.09.19 18:00,1,2008.09.30 18:00,1,2008.10.02 20:00,1,2008.10.03 15:00,3,1w 6d,NewYork,NA,,NA,,1.07980,BOUNCE,2008.09.11 18:00,1,2008.09.19 17:00,1,2008.09.19 18:00,0,,2,1w 1d,NewYork,NA,,NA,,1.05010,BREAK,2008.09.19 17:00,0,,0,,0,,0,NA,NewYork,BREAK,2008.09.22 17:00,BOUNCE,2008.09.29 09:00,S-ZE-BR,B-ZE-BR,B-ZF-BR,B-ZF-BR,B-ZH-BR,S-ZE-BR,S-ZB-BR,S-ZG-BR,B-ZE-BR,S-ZE-BR,S-ZO-BO,B-ZG-BR,B-ZE-BO,B-ZD-BR,S-ZB-BR,S-ZO-BR,S-ZF-BO,S-ZD-BR,S-ZB-UN,S-ZE-UN
385,2008.09.09 00:00,USDCAD,60,86400,SELL,ZO,0,1.07270,1.06000,1270.0,1.07130,1.05510,1620.0,127.559,11.02,1130.0,299.7,1.07130,1.06000,1.04380,BOUNCE,2008.09.19 19:00,1,2008.10.02 12:00,1,2008.10.03 15:00,1,2008.10.03 16:00,3,1w 6d,NewYork,NA,,NA,,1.08400,BOUNCE,2008.10.03 16:00,0,,0,,0,,0,NA,NewYork,NA,,NA,,1.04870,BREAK,2008.09.19 18:00,0,,0,,0,,0,NA,NewYork,BREAK,2008.09.22 18:00,UNTOUCHED,,1.08260,BREAK,2008.10.03 15:00,0,,0,,0,,0,NA,NewYork,BREAK,2008.10.06 16:00,BREAK,2008.10.06 18:00,B-ZO-BO,S-ZE-BR,B-ZE-BR,B-ZF-BR,B-ZF-BR,B-ZH-BR,S-ZE-BR,S-ZB-BR,S-ZG-BR,B-ZE-BR,B-ZG-BR,B-ZE-BO,B-ZD-BR,S-ZB-BR,S-ZO-BR,S-ZF-BO,S-ZD-BR,S-ZB-UN,S-ZE-UN,S-ZG-UN
386,2008.09.10 00:00,USDCAD,60,86400,BUY,ZG,0,1.07130,1.05510,1620.0,1.07150,1.06020,1130.0,69.753,31.48,1110.0,382.3,1.07130,1.06020,1.08260,BREAK,2008.10.03 15:00,0,,0,,0,,0,NA,NewYork,BREAK,2008.10.06 16:00,BREAK,2008.10.06 18:00,1.04400,BOUNCE,2008.09.19 19:00,1,2008.10.02 11:00,1,2008.10.03 15:00,1,2008.10.03 15:00,3,1w 6d,NewYork,NA,,NA,,1.08240,BREAK,2008.10.03 15:00,0,,0,,0,,0,NA,NewYork,BREAK,2008.10.06 16:00,BREAK,2008.10.06 18:00,1.04910,BREAK,2008.09.19 18:00,0,,0,,0,,0,NA,NewYork,BREAK,2008.09.22 18:00,UNTOUCHED,,S-ZO-BO,B-ZO-BO,S-ZE-BR,B-ZE-BR,B-ZF-BR,B-ZF-BR,B-ZH-BR,S-ZE-BR,S-ZB-BR,S-ZG-BR,B-ZE-BO,B-ZD-BR,S-ZB-BR,S-ZO-BR,S-ZF-BO,S-ZD-BR,S-ZB-UN,S-ZE-UN,S-ZG-UN,B-ZH-BR
387,2008.09.11 00:00,USDCAD,60,86400,BUY,ZE,1,1.07150,1.06020,1130.0,1.07410,1.06560,850.0,75.221,47.79,590.0,266.7,1.07150,1.06560,1.08000,BOUNCE,2008.09.11 18:00,1,2008.09.12 10:00,1,2008.09.12 18:00,1,2008.09.19 16:00,3,1w 0d,NewYork,NA,,NA,,1.05430,BREAK,2008.09.19 16:00,0,,0,,0,,0,NA,NewYork,BREAK,2008.09.19 18:00,BREAK,2008.09.22 16:00,1.07740,BREAK,2008.09.11 17:00,0,,0,,0,,0,NA,NewYork,BOUNCE,2008.10.03 15:00,NA,,1.05970,BOUNCE,2008.09.12 18:00,1,2008.09.17 17:00,1,2008.09.17 17:00,0,,2,4d 23h,NewYork,NA,,NA,,B-ZG-BR,S-ZO-BO,B-ZO-BO,S-ZE-BR,B-ZE-BR,B-ZF-BR,B-ZF-BR,B-ZH-BR,S-ZE-BR,S-ZB-BR,B-ZD-BR,S-ZB-BR,S-ZO-BR,S-ZF-BO,S-ZD-BR,S-ZB-UN,S-ZE-UN,S-ZG-UN,B-ZH-BR,B-ZB-BR
388,2008.09.12 00:00,USDCAD,60,86400,BUY,ZD,1,1.07410,1.06560,850.0,1.08190,1.06980,1210.0,142.353,49.41,430.0,200.6,1.07410,1.06980,1.08620,BREAK,2008.10.06 03:00,0,,0,,0,,0,NA,Asia,BOUNCE,2008.10.06 13:00,NA,,1.06130,BOUNCE,2008.09.12 17:00,1,2008.09.15 13:00,1,2008.09.17 18:00,1,2008.10.06 03:00,3,3w 2d,NewYork,NA,,NA,,1.07840,BREAK,2008.09.17 18:00,0,,0,,0,,0,NA,NewYork,BOUNCE,2008.10.03 15:00,NA,,1.06550,BOUNCE,2008.09.12 15:00,1,2008.09.17 18:00,1,2008.09.17 18:00,0,,2,5d 3h,NewYork,NA,,NA,,B-ZE-BO,B-ZG-BR,S-ZO-BO,B-ZO-BO,S-ZE-BR,B-ZE-BR,B-ZF-BR,B-ZF-BR,B-ZH-BR,S-ZE-BR,S-ZB-BR,S-ZO-BR,S-ZF-BO,S-ZD-BR,S-ZB-UN,S-ZE-UN,S-ZG-UN,B-ZH-BR,B-ZB-BR,B-ZD-BR
389,2008.09.15 01:00,USDCAD,60,86400,SELL,ZB,1,1.08190,1.06980,1210.0,1.07600,1.05860,1740.0,143.802,48.76,620.0,285.6,1.07600,1.06980,1.05240,BREAK,2008.09.19 17:00,0,,0,,0,,0,NA,NewYork,BREAK,2008.09.19 19:00,BREAK,2008.09.22 17:00,1.08810,BREAK,2008.10.06 06:00,0,,0,,0,,0,NA,Asia,BREAK,2008.10.06 16:00,BREAK,2008.10.06 17:00,1.06360,BREAK,2008.09.15 02:00,0,,0,,0,,0,NA,Asia,BOUNCE,2008.09.15 09:00,NA,,1.08220,BOUNCE,2008.10.03 15:00,0,,0,,0,,0,NA,NewYork,NA,,NA,,B-ZD-BR,B-ZE-BO,B-ZG-BR,S-ZO-BO,B-ZO-BO,S-ZE-BR,B-ZE-BR,B-ZF-BR,B-ZF-BR,B-ZH-BR,S-ZO-BR,S-ZF-BO,S-ZD-BR,S-ZB-UN,S-ZE-UN,S-ZG-UN,B-ZH-BR,B-ZB-BR,B-ZD-BR,B-ZH-BR
390,2008.09.16 00:00,USDCAD,60,86400,SELL,ZO,0,1.07600,1.05860,1740.0,1.07500,1.05700,1800.0,103.448,5.75,1640.0,410.6,1.07500,1.05860,1.04060,BREAK,2008.09.22 16:00,0,,0,,0,,0,NA,NewYork,UNTOUCHED,,NA,,1.09240,BREAK,2008.10.06 16:00,0,,0,,0,,0,NA,NewYork,BREAK,2008.10.08 16:00,BREAK,2008.10.09 17:00,1.04220,BREAK,2008.09.22 16:00,0,,0,,0,,0,NA,NewYork,UNTOUCHED,,NA,,1.09140,BREAK,2008.10.06 09:00,0,,0,,0,,0,NA,London,BREAK,2008.10.08 12:00,BREAK,2008.10.09 00:00,S-ZB-BR,B-ZD-BR,B-ZE-BO,B-ZG-BR,S-ZO-BO,B-ZO-BO,S-ZE-BR,B-ZE-BR,B-ZF-BR,B-ZF-BR,S-ZF-BO,S-ZD-BR,S-ZB-UN,S-ZE-UN,S-ZG-UN,B-ZH-BR,B-ZB-BR,B-ZD-BR,B-ZH-BR,B-ZD-BR
391,2008.09.19 00:00,USDCAD,60,86400,SELL,ZF,0,1.08080,1.06150,1930.0,1.07400,1.05780,1620.0,83.938,35.23,1250.0,455.5,1.07400,1.06150,1.04530,BOUNCE,2008.09.19 18:00,1,2008.10.02 15:00,1,2008.10.06 03:00,1,2008.10.06 16:00,3,2w 2d,NewYork,NA,,NA,,1.09330,BREAK,2008.10.06 16:00,0,,0,,0,,0,NA,NewYork,BREAK,2008.10.08 12:00,BREAK,2008.10.08 18:00,1.04900,BREAK,2008.09.19 18:00,0,,0,,0,,0,NA,NewYork,BREAK,2008.09.22 21:00,UNTOUCHED,,1.08650,BREAK,2008.10.06 03:00,0,,0,,0,,0,NA,Asia,BREAK,2008.10.06 17:00,BREAK,2008.10.08 17:00,S-ZO-BR,S-ZB-BR,B-ZD-BR,B-ZE-BO,B-ZG-BR,S-ZO-BO,B-ZO-BO,S-ZE-BR,B-ZE-BR,B-ZF-BR,S-ZD-BR,S-ZB-UN,S-ZE-UN,S-ZG-UN,B-ZH-BR,B-ZB-BR,B-ZD-BR,B-ZH-BR,B-ZD-BR,S-ZE-UN
392,2008.09.22 01:00,USDCAD,60,86400,SELL,ZD,1,1.07400,1.05780,1620.0,1.06670,1.04290,2380.0,146.914,45.06,890.0,382.3,1.06670,1.05780,1.03400,BREAK,2008.09.22 18:00,0,,0,,0,,0,NA,NewYork,UNTOUCHED,,NA,,1.08290,BOUNCE,2008.10.03 15:00,0,,0,,0,,0,NA,NewYork,NA,,NA,,1.04890,BREAK,2008.09.22 01:00,0,,0,,0,,0,NA,Asia,BREAK,2008.09.22 17:00,BOUNCE,2008.09.29 09:00,1.07560,BOUNCE,2008.10.02 15:00,0,,0,,0,,0,NA,NewYork,NA,,NA,,S-ZF-BO,S-ZO-BR,S-ZB-BR,B-ZD-BR,B-ZE-BO,B-ZG-BR,S-ZO-BO,B-ZO-BO,S-ZE-BR,B-ZE-BR,S-ZB-UN,S-ZE-UN,S-ZG-UN,B-ZH-BR,B-ZB-BR,B-ZD-BR,B-ZH-BR,B-ZD-BR,S-ZE-UN,B-ZD-BR
393,2008.09.23 00:00,USDCAD,60,86400,SELL,ZB,1,1.06670,1.04290,2380.0,1.05140,1.03140,2000.0,84.034,64.29,850.0,561.7,1.05140,1.04290,1.02290,UNTOUCHED,,0,,0,,0,,0,NA,Other,NA,,NA,,1.07520,BOUNCE,2008.10.02 15:00,0,,0,,0,,0,NA,NewYork,NA,,NA,,1.03440,BOUNCE,2008.09.23 01:00,1,2008.09.30 17:00,1,2008.10.02 15:00,0,,2,1w 2d,Asia,NA,,NA,,1.05990,BOUNCE,2008.09.30 17:00,0,,0,,0,,0,NA,NewYork,NA,,NA,,S-ZD-BR,S-ZF-BO,S-ZO-BR,S-ZB-BR,B-ZD-BR,B-ZE-BO,B-ZG-BR,S-ZO-BO,B-ZO-BO,S-ZE-BR,S-ZE-UN,S-ZG-UN,B-ZH-BR,B-ZB-BR,B-ZD-BR,B-ZH-BR,B-ZD-BR,S-ZE-UN,B-ZD-BR,B-ZE-BR
394,2008.09.24 00:00,USDCAD,60,86400,SELL,ZE,1,1.05140,1.03140,2000.0,1.03960,1.03040,920.0,46.000,59.00,820.0,472.0,1.03960,1.03140,1.02220,UNTOUCHED,,0,,0,,0,,0,NA,Other,NA,,NA,,1.05960,BOUNCE,2008.09.30 17:00,0,,0,,0,,0,NA,NewYork,NA,,NA,,1.02320,UNTOUCHED,,0,,0,,0,,0,NA,Other,NA,,NA,,1.04780,BREAK,2008.09.30 01:00,0,,0,,0,,0,NA,Asia,BREAK,2008.09.30 18:00,BOUNCE,2008.10.01 11:00,S-ZB-UN,S-ZD-BR,S-ZF-BO,S-ZO-BR,S-ZB-BR,B-ZD-BR,B-ZE-BO,B-ZG-BR,S-ZO-BO,B-ZO-BO,S-ZG-UN,B-ZH-BR,B-ZB-BR,B-ZD-BR,B-ZH-BR,B-ZD-BR,S-ZE-UN,B-ZD-BR,B-ZE-BR,S-ZO-BR
395,2008.09.26 00:00,USDCAD,60,86400,SELL,ZG,0,1.03910,1.03120,790.0,1.03890,1.02970,920.0,116.456,2.53,770.0,186.4,1.03890,1.03120,1.02200,UNTOUCHED,,0,,0,,0,,0,NA,Other,NA,,NA,,1.04680,BREAK,2008.09.30 01:00,0,,0,,0,,0,NA,Asia,BREAK,2008.09.30 17:00,BREAK,2008.09.30 18:00,1.02350,UNTOUCHED,,0,,0,,0,,0,NA,Other,NA,,NA,,1.04660,BREAK,2008.09.30 01:00,0,,0,,0,,0,NA,Asia,BREAK,2008.09.30 17:00,BREAK,2008.09.30 18:00,S-ZE-UN,S-ZB-UN,S-ZD-BR,S-ZF-BO,S-ZO-BR,S-ZB-BR,B-ZD-BR,B-ZE-BO,B-ZG-BR,S-ZO-BO,B-ZH-BR,B-ZB-BR,B-ZD-BR,B-ZH-BR,B-ZD-BR,S-ZE-UN,B-ZD-BR,B-ZE-BR,S-ZO-BR,B-ZB-BR
396,2008.09.30 00:00,USDCAD,60,86400,BUY,ZH,1,1.03720,1.03140,580.0,1.04560,1.03340,1220.0,210.345,34.48,380.0,136.9,1.03720,1.03340,1.04940,BREAK,2008.09.30 06:00,0,,0,,0,,0,NA,Asia,BREAK,2008.09.30 17:00,BREAK,2008.09.30 18:00,1.02760,UNTOUCHED,,0,,0,,0,,0,NA,Other,NA,,NA,,1.04100,BREAK,2008.09.30 00:00,0,,0,,0,,0,NA,Asia,BREAK,2008.09.30 01:00,BREAK,2008.09.30 06:00,1.02960,UNTOUCHED,,0,,0,,0,,0,NA,Other,NA,,NA,,S-ZG-UN,S-ZE-UN,S-ZB-UN,S-ZD-BR,S-ZF-BO,S-ZO-BR,S-ZB-BR,B-ZD-BR,B-ZE-BO,B-ZG-BR,B-ZB-BR,B-ZD-BR,B-ZH-BR,B-ZD-BR,S-ZE-UN,B-ZD-BR,B-ZE-BR,S-ZO-BR,B-ZB-BR,B-ZB-BO
397,2008.10.03 00:00,USDCAD,60,86400,BUY,ZB,1,1.06590,1.05460,1130.0,1.08080,1.06130,1950.0,172.566,59.29,460.0,266.7,1.06590,1.06130,1.08540,BREAK,2008.10.06 03:00,0,,0,,0,,0,NA,Asia,BOUNCE,2008.10.06 13:00,NA,,1.05000,UNTOUCHED,,0,,0,,0,,0,NA,Other,NA,,NA,,1.07050,BREAK,2008.10.03 00:00,0,,0,,0,,0,NA,Asia,BREAK,2008.10.03 01:00,BOUNCE,2008.10.03 07:00,1.05670,UNTOUCHED,,0,,0,,0,,0,NA,Other,NA,,NA,,B-ZH-BR,S-ZG-UN,S-ZE-UN,S-ZB-UN,S-ZD-BR,S-ZF-BO,S-ZO-BR,S-ZB-BR,B-ZD-BR,B-ZE-BO,B-ZD-BR,B-ZH-BR,B-ZD-BR,S-ZE-UN,B-ZD-BR,B-ZE-BR,S-ZO-BR,B-ZB-BR,B-ZB-BO,B-ZE-BR
398,2008.10.06 01:00,USDCAD,60,86400,BUY,ZD,1,1.08080,1.06130,1950.0,1.08420,1.07250,1170.0,60.000,57.44,830.0,460.2,1.08080,1.07250,1.09250,BREAK,2008.10.06 16:00,0,,0,,0,,0,NA,NewYork,BREAK,2008.10.06 17:00,BOUNCE,2008.10.08 15:00,1.05300,UNTOUCHED,,0,,0,,0,,0,NA,Other,NA,,NA,,1.08910,BREAK,2008.10.06 07:00,0,,0,,0,,0,NA,London,BREAK,2008.10.06 17:00,BOUNCE,2008.10.07 07:00,1.06420,UNTOUCHED,,0,,0,,0,,0,NA,Other,NA,,NA,,B-ZB-BR,B-ZH-BR,S-ZG-UN,S-ZE-UN,S-ZB-UN,S-ZD-BR,S-ZF-BO,S-ZO-BR,S-ZB-BR,B-ZD-BR,B-ZH-BR,B-ZD-BR,S-ZE-UN,B-ZD-BR,B-ZE-BR,S-ZO-BR,B-ZB-BR,B-ZB-BO,B-ZE-BR,B-ZB-UN
399,2008.10.09 00:00,USDCAD,60,86400,BUY,ZH,1,1.10850,1.09510,1340.0,1.12790,1.09950,2840.0,211.940,32.84,900.0,316.2,1.10850,1.09950,1.13690,BREAK,2008.10.09 17:00,0,,0,,0,,0,NA,NewYork,BREAK,2008.10.09 18:00,BREAK,2008.10.10 03:00,1.08610,UNTOUCHED,,0,,0,,0,,0,NA,Other,NA,,NA,,1.11750,BREAK,2008.10.09 00:00,0,,0,,0,,0,NA,Asia,BREAK,2008.10.09 17:00,BREAK,2008.10.09 18:00,1.09050,UNTOUCHED,,0,,0,,0,,0,NA,Other,NA,,NA,,B-ZD-BR,B-ZB-BR,B-ZH-BR,S-ZG-UN,S-ZE-UN,S-ZB-UN,S-ZD-BR,S-ZF-BO,S-ZO-BR,S-ZB-BR,B-ZD-BR,S-ZE-UN,B-ZD-BR,B-ZE-BR,S-ZO-BR,B-ZB-BR,B-ZB-BO,B-ZE-BR,B-ZB-UN,B-ZO-UN
400,2008.10.10 00:00,USDCAD,60,86400,BUY,ZD,1,1.12790,1.09950,2840.0,1.15070,1.11870,3200.0,112.676,67.61,920.0,670.2,1.12790,1.11870,1.15990,BREAK,2008.10.10 03:00,0,,0,,0,,0,NA,Asia,BREAK,2008.10.10 16:00,BREAK,2008.10.10 18:00,1.09030,UNTOUCHED,,0,,0,,0,,0,NA,Other,NA,,NA,,1.13710,BREAK,2008.10.10 00:00,0,,0,,0,,0,NA,Asia,BREAK,2008.10.10 02:00,BREAK,2008.10.10 07:00,1.10950,UNTOUCHED,,0,,0,,0,,0,NA,Other,NA,,NA,,B-ZH-BR,B-ZD-BR,B-ZB-BR,B-ZH-BR,S-ZG-UN,S-ZE-UN,S-ZB-UN,S-ZD-BR,S-ZF-BO,S-ZO-BR,S-ZE-UN,B-ZD-BR,B-ZE-BR,S-ZO-BR,B-ZB-BR,B-ZB-BO,B-ZE-BR,B-ZB-UN,B-ZO-UN,S-ZD-BR
401,2008.10.15 00:00,USDCAD,60,86400,SELL,ZE,1,1.17950,1.14700,3250.0,1.16480,1.13040,3440.0,105.846,45.23,1780.0,767.0,1.16480,1.14700,1.11260,UNTOUCHED,,0,,0,,0,,0,NA,Other,NA,,NA,,1.19730,BOUNCE,2008.10.16 11:00,1,2008.11.04 17:00,0,,0,,1,2w 5d,London,NA,,NA,,1.12920,UNTOUCHED,,0,,0,,0,,0,NA,Other,NA,,NA,,1.18260,BREAK,2008.10.15 20:00,0,,0,,0,,0,NA,NewYork,BREAK,2008.10.21 15:00,BREAK,2008.10.22 07:00,B-ZD-BR,B-ZH-BR,B-ZD-BR,B-ZB-BR,B-ZH-BR,S-ZG-UN,S-ZE-UN,S-ZB-UN,S-ZD-BR,S-ZF-BO,B-ZD-BR,B-ZE-BR,S-ZO-BR,B-ZB-BR,B-ZB-BO,B-ZE-BR,B-ZB-UN,B-ZO-UN,S-ZD-BR,B-ZO-BR
402,2008.10.16 00:00,USDCAD,60,86400,BUY,ZD,1,1.16480,1.13040,3440.0,1.19120,1.15370,3750.0,109.012,67.73,1110.0,811.8,1.16480,1.15370,1.20230,BREAK,2008.10.21 14:00,0,,0,,0,,0,NA,NewYork,BREAK,2008.10.22 06:00,BREAK,2008.10.22 09:00,1.11930,UNTOUCHED,,0,,0,,0,,0,NA,Other,NA,,NA,,1.17590,BREAK,2008.10.16 00:00,0,,0,,0,,0,NA,Asia,BREAK,2008.10.16 08:00,BOUNCE,2008.10.16 13:00,1.14260,UNTOUCHED,,0,,0,,0,,0,NA,Other,NA,,NA,,S-ZE-UN,B-ZD-BR,B-ZH-BR,B-ZD-BR,B-ZB-BR,B-ZH-BR,S-ZG-UN,S-ZE-UN,S-ZB-UN,S-ZD-BR,B-ZE-BR,S-ZO-BR,B-ZB-BR,B-ZB-BO,B-ZE-BR,B-ZB-UN,B-ZO-UN,S-ZD-BR,B-ZO-BR,S-ZD-UN
403,2008.10.17 00:00,USDCAD,60,86400,BUY,ZE,1,1.19120,1.15370,3750.0,1.19950,1.17840,2110.0,56.267,65.87,1280.0,885.0,1.19120,1.17840,1.21230,BREAK,2008.10.21 18:00,0,,0,,0,,0,NA,NewYork,BREAK,2008.10.22 09:00,BREAK,2008.10.22 14:00,1.14090,UNTOUCHED,,0,,0,,0,,0,NA,Other,NA,,NA,,1.20400,BREAK,2008.10.21 14:00,0,,0,,0,,0,NA,NewYork,BREAK,2008.10.22 06:00,BREAK,2008.10.22 13:00,1.16560,BREAK,2008.11.04 15:00,0,,0,,0,,0,NA,NewYork,BOUNCE,2008.11.05 13:00,NA,,B-ZD-BR,S-ZE-UN,B-ZD-BR,B-ZH-BR,B-ZD-BR,B-ZB-BR,B-ZH-BR,S-ZG-UN,S-ZE-UN,S-ZB-UN,S-ZO-BR,B-ZB-BR,B-ZB-BO,B-ZE-BR,B-ZB-UN,B-ZO-UN,S-ZD-BR,B-ZO-BR,S-ZD-UN,S-ZE-UN
404,2008.10.20 01:00,USDCAD,60,86400,SELL,ZO,0,1.19950,1.17840,2110.0,1.19290,1.17560,1730.0,81.991,31.28,1450.0,498.0,1.19290,1.17840,1.16110,BREAK,2008.11.04 17:00,0,,0,,0,,0,NA,NewYork,BOUNCE,2008.11.05 19:00,NA,,1.21400,BREAK,2008.10.21 18:00,0,,0,,0,,0,NA,NewYork,BREAK,2008.10.22 09:00,BREAK,2008.10.22 14:00,1.16390,BREAK,2008.11.04 15:00,0,,0,,0,,0,NA,NewYork,BOUNCE,2008.11.05 10:00,NA,,1.20740,BREAK,2008.10.21 15:00,0,,0,,0,,0,NA,NewYork,BREAK,2008.10.22 07:00,BREAK,2008.10.22 13:00,B-ZE-BR,B-ZD-BR,S-ZE-UN,B-ZD-BR,B-ZH-BR,B-ZD-BR,B-ZB-BR,B-ZH-BR,S-ZG-UN,S-ZE-UN,B-ZB-BR,B-ZB-BO,B-ZE-BR,B-ZB-UN,B-ZO-UN,S-ZD-BR,B-ZO-BR,S-ZD-UN,S-ZE-UN,B-ZD-BO
405,2008.10.22 00:00,USDCAD,60,86400,BUY,ZB,1,1.19810,1.17400,2410.0,1.22070,1.18960,3110.0,129.046,64.73,850.0,568.8,1.19810,1.18960,1.22920,BREAK,2008.10.22 07:00,0,,0,,0,,0,NA,London,BREAK,2008.10.22 14:00,BREAK,2008.10.22 15:00,1.16550,BOUNCE,2008.11.04 15:00,1,2008.11.06 19:00,1,2008.11.11 18:00,1,2008.11.12 18:00,3,1w 1d,NewYork,NA,,NA,,1.20660,BREAK,2008.10.22 00:00,0,,0,,0,,0,NA,Asia,BREAK,2008.10.22 06:00,BREAK,2008.10.22 07:00,1.18110,BREAK,2008.11.03 23:00,0,,0,,0,,0,NA,Other,BREAK,2008.11.04 15:00,BREAK,2008.11.04 18:00,S-ZO-BR,B-ZE-BR,B-ZD-BR,S-ZE-UN,B-ZD-BR,B-ZH-BR,B-ZD-BR,B-ZB-BR,B-ZH-BR,S-ZG-UN,B-ZB-BO,B-ZE-BR,B-ZB-UN,B-ZO-UN,S-ZD-BR,B-ZO-BR,S-ZD-UN,S-ZE-UN,B-ZD-BO,B-ZO-BR
406,2008.10.23 00:00,USDCAD,60,86400,BUY,ZB,1,1.22070,1.18960,3110.0,1.25960,1.21050,4910.0,157.878,67.20,1020.0,734.0,1.22070,1.21050,1.26980,BOUNCE,2008.10.23 14:00,1,2008.10.23 23:00,1,2008.10.30 06:00,1,2008.11.04 01:00,3,1w 4d,NewYork,NA,,NA,,1.17940,BREAK,2008.11.04 01:00,0,,0,,0,,0,NA,Asia,BREAK,2008.11.04 17:00,BREAK,2008.11.04 19:00,1.23090,BREAK,2008.10.23 00:00,0,,0,,0,,0,NA,Asia,BREAK,2008.10.23 01:00,BREAK,2008.10.23 06:00,1.20030,BREAK,2008.10.30 06:00,0,,0,,0,,0,NA,Asia,BOUNCE,2008.11.03 17:00,NA,,B-ZB-BR,S-ZO-BR,B-ZE-BR,B-ZD-BR,S-ZE-UN,B-ZD-BR,B-ZH-BR,B-ZD-BR,B-ZB-BR,B-ZH-BR,B-ZE-BR,B-ZB-UN,B-ZO-UN,S-ZD-BR,B-ZO-BR,S-ZD-UN,S-ZE-UN,B-ZD-BO,B-ZO-BR,B-ZD-BR
407,2008.10.24 00:00,USDCAD,60,86400,BUY,ZE,1,1.25960,1.21050,4910.0,1.27400,1.24480,2920.0,59.470,69.86,1480.0,1158.8,1.25960,1.24480,1.28880,BREAK,2008.10.27 11:00,0,,0,,0,,0,NA,London,UNTOUCHED,,NA,,1.19570,BOUNCE,2008.10.30 06:00,1,2008.10.31 10:00,1,2008.11.20 17:00,1,2008.11.20 18:00,3,3w 0d,Asia,NA,,NA,,1.27440,BREAK,2008.10.24 10:00,0,,0,,0,,0,NA,London,BREAK,2008.10.28 04:00,UNTOUCHED,,1.23000,BOUNCE,2008.10.29 17:00,1,2008.11.20 17:00,1,2008.11.20 17:00,0,,2,3w 1d,NewYork,NA,,NA,,B-ZB-BO,B-ZB-BR,S-ZO-BR,B-ZE-BR,B-ZD-BR,S-ZE-UN,B-ZD-BR,B-ZH-BR,B-ZD-BR,B-ZB-BR,B-ZB-UN,B-ZO-UN,S-ZD-BR,B-ZO-BR,S-ZD-UN,S-ZE-UN,B-ZD-BO,B-ZO-BR,B-ZD-BR,B-ZB-BR
408,2008.10.28 00:00,USDCAD,60,86400,BUY,ZB,1,1.28390,1.24300,4090.0,1.29700,1.27050,2650.0,64.792,67.24,1340.0,965.2,1.28390,1.27050,1.31040,UNTOUCHED,,0,,0,,0,,0,NA,Other,NA,,NA,,1.22960,BOUNCE,2008.10.29 17:00,1,2008.11.20 10:00,1,2008.11.21 00:00,0,,2,3w 1d,NewYork,NA,,NA,,1.29730,BOUNCE,2008.10.28 00:00,1,2008.10.29 13:00,1,2008.10.29 17:00,0,,2,1d 17h,Asia,NA,,NA,,1.25710,BREAK,2008.10.29 13:00,0,,0,,0,,0,NA,NewYork,BREAK,2008.10.29 17:00,BREAK,2008.10.29 19:00,B-ZE-BR,B-ZB-BO,B-ZB-BR,S-ZO-BR,B-ZE-BR,B-ZD-BR,S-ZE-UN,B-ZD-BR,B-ZH-BR,B-ZD-BR,B-ZO-UN,S-ZD-BR,B-ZO-BR,S-ZD-UN,S-ZE-UN,B-ZD-BO,B-ZO-BR,B-ZD-BR,B-ZB-BR,B-ZO-BR
409,2008.10.29 00:00,USDCAD,60,86400,BUY,ZO,0,1.29700,1.27050,2650.0,1.30150,1.27210,2940.0,110.943,6.04,2490.0,625.4,1.29700,1.27210,1.32640,UNTOUCHED,,0,,0,,0,,0,NA,Other,NA,,NA,,1.24560,BREAK,2008.10.29 16:00,0,,0,,0,,0,NA,NewYork,BREAK,2008.10.29 19:00,BOUNCE,2008.10.30 18:00,1.32190,UNTOUCHED,,0,,0,,0,,0,NA,Other,NA,,NA,,1.24720,BREAK,2008.10.29 16:00,0,,0,,0,,0,NA,NewYork,BREAK,2008.10.29 19:00,BREAK,2008.10.30 08:00,B-ZB-UN,B-ZE-BR,B-ZB-BO,B-ZB-BR,S-ZO-BR,B-ZE-BR,B-ZD-BR,S-ZE-UN,B-ZD-BR,B-ZH-BR,S-ZD-BR,B-ZO-BR,S-ZD-UN,S-ZE-UN,B-ZD-BO,B-ZO-BR,B-ZD-BR,B-ZB-BR,B-ZO-BR,S-ZO-BO
410,2008.10.30 00:00,USDCAD,60,86400,SELL,ZD,1,1.30150,1.27210,2940.0,1.28680,1.21260,7420.0,252.381,50.00,1470.0,693.8,1.28680,1.27210,1.19790,BREAK,2008.10.30 06:00,0,,0,,0,,0,NA,Asia,BREAK,2008.11.04 14:00,BREAK,2008.11.04 17:00,1.31620,UNTOUCHED,,0,,0,,0,,0,NA,Other,NA,,NA,,1.25740,BREAK,2008.10.30 00:00,0,,0,,0,,0,NA,Asia,BREAK,2008.10.30 01:00,BREAK,2008.10.30 03:00,1.30150,UNTOUCHED,,0,,0,,0,,0,NA,Other,NA,,NA,,B-ZO-UN,B-ZB-UN,B-ZE-BR,B-ZB-BO,B-ZB-BR,S-ZO-BR,B-ZE-BR,B-ZD-BR,S-ZE-UN,B-ZD-BR,B-ZO-BR,S-ZD-UN,S-ZE-UN,B-ZD-BO,B-ZO-BR,B-ZD-BR,B-ZB-BR,B-ZO-BR,S-ZO-BO,B-ZB-BR
411,2008.11.01 00:00,USDCAD,60,86400,BUY,ZO,0,1.22580,1.19030,3550.0,1.23750,1.19410,4340.0,122.254,10.70,3170.0,837.8,1.22580,1.19410,1.26920,BREAK,2008.11.20 17:00,0,,0,,0,,0,NA,NewYork,UNTOUCHED,,NA,,1.15860,BREAK,2008.11.04 18:00,0,,0,,0,,0,NA,NewYork,UNTOUCHED,,NA,,1.25750,BREAK,2008.11.20 11:00,0,,0,,0,,0,NA,London,BREAK,2008.11.21 00:00,UNTOUCHED,,1.16240,BREAK,2008.11.04 17:00,0,,0,,0,,0,NA,NewYork,UNTOUCHED,,NA,,S-ZD-BR,B-ZO-UN,B-ZB-UN,B-ZE-BR,B-ZB-BO,B-ZB-BR,S-ZO-BR,B-ZE-BR,B-ZD-BR,S-ZE-UN,S-ZD-UN,S-ZE-UN,B-ZD-BO,B-ZO-BR,B-ZD-BR,B-ZB-BR,B-ZO-BR,S-ZO-BO,B-ZB-BR,B-ZE-UN
412,2008.11.05 00:00,USDCAD,60,86400,SELL,ZD,1,1.21140,1.17990,3150.0,1.18920,1.14780,4140.0,131.429,70.48,930.0,743.4,1.18920,1.17990,1.13850,UNTOUCHED,,0,,0,,0,,0,NA,Other,NA,,NA,,1.22070,BREAK,2008.11.12 18:00,0,,0,,0,,0,NA,NewYork,BREAK,2008.11.12 23:00,BOUNCE,2008.11.13 12:00,1.17060,BREAK,2008.11.05 00:00,0,,0,,0,,0,NA,Asia,BREAK,2008.11.05 01:00,BOUNCE,2008.11.05 10:00,1.19850,BOUNCE,2008.11.07 02:00,1,2008.11.07 18:00,1,2008.11.07 18:00,0,,2,16h,Asia,NA,,NA,,B-ZO-BR,S-ZD-BR,B-ZO-UN,B-ZB-UN,B-ZE-BR,B-ZB-BO,B-ZB-BR,S-ZO-BR,B-ZE-BR,B-ZD-BR,S-ZE-UN,B-ZD-BO,B-ZO-BR,B-ZD-BR,B-ZB-BR,B-ZO-BR,S-ZO-BO,B-ZB-BR,B-ZE-UN,S-ZH-BO
413,2008.11.06 00:00,USDCAD,60,86400,SELL,ZE,1,1.18920,1.14780,4140.0,1.16860,1.14640,2220.0,53.623,49.76,2080.0,977.0,1.16860,1.14780,1.12560,UNTOUCHED,,0,,0,,0,,0,NA,Other,NA,,NA,,1.21000,BREAK,2008.11.12 13:00,0,,0,,0,,0,NA,NewYork,BREAK,2008.11.13 01:00,BREAK,2008.11.20 16:00,1.12700,UNTOUCHED,,0,,0,,0,,0,NA,Other,NA,,NA,,1.18940,BREAK,2008.11.06 23:00,0,,0,,0,,0,NA,Other,BREAK,2008.11.12 18:00,BREAK,2008.11.13 01:00,S-ZD-UN,B-ZO-BR,S-ZD-BR,B-ZO-UN,B-ZB-UN,B-ZE-BR,B-ZB-BO,B-ZB-BR,S-ZO-BR,B-ZE-BR,B-ZD-BO,B-ZO-BR,B-ZD-BR,B-ZB-BR,B-ZO-BR,S-ZO-BO,B-ZB-BR,B-ZE-UN,S-ZH-BO,S-ZC-BO
414,2008.11.07 00:00,USDCAD,60,86400,BUY,ZD,1,1.16860,1.14640,2220.0,1.19150,1.16120,3030.0,136.486,66.67,740.0,523.9,1.16860,1.16120,1.19890,BOUNCE,2008.11.07 04:00,1,2008.11.07 16:00,0,,0,,1,12h,Asia,NA,,NA,,1.13900,UNTOUCHED,,0,,0,,0,,0,NA,Other,NA,,NA,,1.17600,BREAK,2008.11.07 00:00,0,,0,,0,,0,NA,Asia,BREAK,2008.11.07 01:00,BREAK,2008.11.07 02:00,1.15380,UNTOUCHED,,0,,0,,0,,0,NA,Other,NA,,NA,,S-ZE-UN,S-ZD-UN,B-ZO-BR,S-ZD-BR,B-ZO-UN,B-ZB-UN,B-ZE-BR,B-ZB-BO,B-ZB-BR,S-ZO-BR,B-ZO-BR,B-ZD-BR,B-ZB-BR,B-ZO-BR,S-ZO-BO,B-ZB-BR,B-ZE-UN,S-ZH-BO,S-ZC-BO,B-ZC-BO
415,2008.11.08 00:00,USDCAD,60,86400,BUY,ZO,0,1.19150,1.16120,3030.0,1.20220,1.16690,3530.0,116.502,18.81,2460.0,715.1,1.19150,1.16690,1.22680,BREAK,2008.11.12 18:00,0,,0,,0,,0,NA,NewYork,BREAK,2008.11.20 14:00,BREAK,2008.11.20 18:00,1.13660,UNTOUCHED,,0,,0,,0,,0,NA,Other,NA,,NA,,1.21610,BREAK,2008.11.12 17:00,0,,0,,0,,0,NA,NewYork,BOUNCE,2008.11.13 23:00,NA,,1.14230,UNTOUCHED,,0,,0,,0,,0,NA,Other,NA,,NA,,B-ZD-BO,S-ZE-UN,S-ZD-UN,B-ZO-BR,S-ZD-BR,B-ZO-UN,B-ZB-UN,B-ZE-BR,B-ZB-BO,B-ZB-BR,B-ZD-BR,B-ZB-BR,B-ZO-BR,S-ZO-BO,B-ZB-BR,B-ZE-UN,S-ZH-BO,S-ZC-BO,B-ZC-BO,B-ZG-BR
416,2008.11.12 00:00,USDCAD,60,86400,BUY,ZD,1,1.19900,1.16590,3310.0,1.20980,1.18900,2080.0,62.840,69.79,1000.0,781.2,1.19900,1.18900,1.21980,BREAK,2008.11.12 18:00,0,,0,,0,,0,NA,NewYork,BREAK,2008.11.12 23:00,BOUNCE,2008.11.13 12:00,1.15590,UNTOUCHED,,0,,0,,0,,0,NA,Other,NA,,NA,,1.20900,BREAK,2008.11.12 13:00,0,,0,,0,,0,NA,NewYork,BREAK,2008.11.12 18:00,BREAK,2008.11.12 23:00,1.17900,UNTOUCHED,,0,,0,,0,,0,NA,Other,NA,,NA,,B-ZO-BR,B-ZD-BO,S-ZE-UN,S-ZD-UN,B-ZO-BR,S-ZD-BR,B-ZO-UN,B-ZB-UN,B-ZE-BR,B-ZB-BO,B-ZB-BR,B-ZO-BR,S-ZO-BO,B-ZB-BR,B-ZE-UN,S-ZH-BO,S-ZC-BO,B-ZC-BO,B-ZG-BR,B-ZG-BR
417,2008.11.13 00:00,USDCAD,60,86400,BUY,ZB,1,1.20980,1.18900,2080.0,1.23820,1.19840,3980.0,191.346,45.19,1140.0,490.9,1.20980,1.19840,1.24960,BREAK,2008.11.19 23:00,0,,0,,0,,0,NA,Other,BREAK,2008.11.20 16:00,BREAK,2008.11.20 17:00,1.17760,UNTOUCHED,,0,,0,,0,,0,NA,Other,NA,,NA,,1.22120,BREAK,2008.11.13 00:00,0,,0,,0,,0,NA,Asia,BREAK,2008.11.13 01:00,BOUNCE,2008.11.13 20:00,1.18700,BOUNCE,2008.12.18 08:00,1,2008.12.19 10:00,1,2008.12.19 10:00,0,,2,1d 2h,London,NA,,NA,,B-ZD-BR,B-ZO-BR,B-ZD-BO,S-ZE-UN,S-ZD-UN,B-ZO-BR,S-ZD-BR,B-ZO-UN,B-ZB-UN,B-ZE-BR,B-ZO-BR,S-ZO-BO,B-ZB-BR,B-ZE-UN,S-ZH-BO,S-ZC-BO,B-ZC-BO,B-ZG-BR,B-ZG-BR,B-ZF-BO
418,2008.11.14 00:00,USDCAD,60,86400,BUY,ZO,0,1.23820,1.19840,3980.0,1.24450,1.21010,3440.0,86.432,29.40,2810.0,939.3,1.23820,1.21010,1.27260,BREAK,2008.11.20 17:00,0,,0,,0,,0,NA,NewYork,UNTOUCHED,,NA,,1.17030,UNTOUCHED,,0,,0,,0,,0,NA,Other,NA,,NA,,1.26630,BREAK,2008.11.20 16:00,0,,0,,0,,0,NA,NewYork,BOUNCE,2008.11.24 02:00,NA,,1.18200,BOUNCE,2008.12.18 15:00,0,,0,,0,,0,NA,NewYork,NA,,NA,,B-ZB-BR,B-ZD-BR,B-ZO-BR,B-ZD-BO,S-ZE-UN,S-ZD-UN,B-ZO-BR,S-ZD-BR,B-ZO-UN,B-ZB-UN,S-ZO-BO,B-ZB-BR,B-ZE-UN,S-ZH-BO,S-ZC-BO,B-ZC-BO,B-ZG-BR,B-ZG-BR,B-ZF-BO,B-ZE-UN
419,2008.11.15 00:00,USDCAD,60,86400,SELL,ZO,0,1.24450,1.21010,3440.0,1.23180,1.20910,2270.0,65.988,36.92,2170.0,811.8,1.23180,1.21010,1.18740,BOUNCE,2008.12.18 08:00,1,2008.12.19 11:00,0,,0,,1,1d 3h,London,NA,,NA,,1.26620,BREAK,2008.11.20 16:00,0,,0,,0,,0,NA,NewYork,BREAK,2008.11.21 00:00,UNTOUCHED,,1.18840,BOUNCE,2008.12.18 08:00,0,,0,,0,,0,NA,London,NA,,NA,,1.25350,BREAK,2008.11.19 23:00,0,,0,,0,,0,NA,Other,BREAK,2008.11.20 18:00,BOUNCE,2008.11.21 10:00,B-ZO-BR,B-ZB-BR,B-ZD-BR,B-ZO-BR,B-ZD-BO,S-ZE-UN,S-ZD-UN,B-ZO-BR,S-ZD-BR,B-ZO-UN,B-ZB-BR,B-ZE-UN,S-ZH-BO,S-ZC-BO,B-ZC-BO,B-ZG-BR,B-ZG-BR,B-ZF-BO,B-ZE-UN,S-ZO-BR
420,2008.11.20 00:00,USDCAD,60,86400,BUY,ZB,1,1.23850,1.21770,2080.0,1.25360,1.22740,2620.0,125.962,46.63,1110.0,490.9,1.23850,1.22740,1.26470,BREAK,2008.11.20 16:00,0,,0,,0,,0,NA,NewYork,BREAK,2008.11.20 18:00,BREAK,2008.11.20 19:00,1.20660,BREAK,2008.12.16 23:00,0,,0,,0,,0,NA,Other,BOUNCE,2008.12.17 12:00,NA,,1.24960,BREAK,2008.11.20 00:00,0,,0,,0,,0,NA,Asia,BREAK,2008.11.20 16:00,BREAK,2008.11.20 17:00,1.21630,BOUNCE,2008.11.25 17:00,1,2008.12.01 18:00,1,2008.12.01 18:00,0,,2,6d 1h,NewYork,NA,,NA,,S-ZO-BO,B-ZO-BR,B-ZB-BR,B-ZD-BR,B-ZO-BR,B-ZD-BO,S-ZE-UN,S-ZD-UN,B-ZO-BR,S-ZD-BR,B-ZE-UN,S-ZH-BO,S-ZC-BO,B-ZC-BO,B-ZG-BR,B-ZG-BR,B-ZF-BO,B-ZE-UN,S-ZO-BR,S-ZF-BR
421,2008.11.22 00:00,USDCAD,60,86400,BUY,ZE,1,1.29460,1.25160,4300.0,1.29830,1.27440,2390.0,55.581,53.02,2020.0,1014.8,1.29460,1.27440,1.31850,UNTOUCHED,,0,,0,,0,,0,NA,Other,NA,,NA,,1.23140,BOUNCE,2008.11.24 18:00,1,2008.12.04 21:00,0,,0,,1,1w 3d,NewYork,NA,,NA,,1.31480,UNTOUCHED,,0,,0,,0,,0,NA,Other,NA,,NA,,1.25420,BREAK,2008.11.24 18:00,0,,0,,0,,0,NA,NewYork,BREAK,2008.11.25 16:00,BOUNCE,2008.11.25 21:00,B-ZB-BR,S-ZO-BO,B-ZO-BR,B-ZB-BR,B-ZD-BR,B-ZO-BR,B-ZD-BO,S-ZE-UN,S-ZD-UN,B-ZO-BR,S-ZH-BO,S-ZC-BO,B-ZC-BO,B-ZG-BR,B-ZG-BR,B-ZF-BO,B-ZE-UN,S-ZO-BR,S-ZF-BR,S-ZB-BO
422,2008.11.25 00:00,USDCAD,60,86400,SELL,ZH,1,1.27750,1.26660,1090.0,1.27730,1.22390,5340.0,489.908,1.83,1070.0,257.2,1.27730,1.26660,1.21320,BOUNCE,2008.11.25 17:00,1,2008.11.25 22:00,1,2008.12.05 15:00,1,2008.12.05 15:00,3,1w 2d,NewYork,NA,,NA,,1.28820,BREAK,2008.12.05 15:00,0,,0,,0,,0,NA,NewYork,BOUNCE,2008.12.05 21:00,NA,,1.25590,BREAK,2008.11.25 00:00,0,,0,,0,,0,NA,Asia,BREAK,2008.11.25 01:00,BREAK,2008.11.25 02:00,1.28800,BREAK,2008.12.05 15:00,0,,0,,0,,0,NA,NewYork,BOUNCE,2008.12.05 22:00,NA,,B-ZE-UN,B-ZB-BR,S-ZO-BO,B-ZO-BR,B-ZB-BR,B-ZD-BR,B-ZO-BR,B-ZD-BO,S-ZE-UN,S-ZD-UN,S-ZC-BO,B-ZC-BO,B-ZG-BR,B-ZG-BR,B-ZF-BO,B-ZE-UN,S-ZO-BR,S-ZF-BR,S-ZB-BO,S-ZD-BO
423,2008.11.26 00:00,USDCAD,60,86400,SELL,ZC,1,1.27730,1.22390,5340.0,1.24780,1.21250,3530.0,66.105,55.24,2390.0,1260.2,1.24780,1.22390,1.18860,BOUNCE,2008.12.18 08:00,1,2008.12.19 12:00,0,,0,,1,1d 4h,London,NA,,NA,,1.30120,UNTOUCHED,,0,,0,,0,,0,NA,Other,NA,,NA,,1.20000,BREAK,2008.12.16 23:00,0,,0,,0,,0,NA,Other,BOUNCE,2009.01.08 10:00,NA,,1.27170,BREAK,2008.12.04 21:00,0,,0,,0,,0,NA,Other,BOUNCE,2008.12.05 23:00,NA,,S-ZH-BO,B-ZE-UN,B-ZB-BR,S-ZO-BO,B-ZO-BR,B-ZB-BR,B-ZD-BR,B-ZO-BR,B-ZD-BO,S-ZE-UN,B-ZC-BO,B-ZG-BR,B-ZG-BR,B-ZF-BO,B-ZE-UN,S-ZO-BR,S-ZF-BR,S-ZB-BO,S-ZD-BO,S-ZO-UN
424,2008.11.29 00:00,USDCAD,60,86400,BUY,ZC,1,1.23720,1.22340,1380.0,1.24660,1.23070,1590.0,115.217,52.90,650.0,325.7,1.23720,1.23070,1.25310,BOUNCE,2008.12.02 21:00,1,2008.12.11 16:00,1,2008.12.11 18:00,1,2008.12.11 20:00,3,1w 1d,Other,NA,,NA,,1.21690,BOUNCE,2008.12.11 20:00,1,2008.12.11 22:00,1,2008.12.12 08:00,0,,2,12h,NewYork,NA,,NA,,1.24370,BREAK,2008.12.01 03:00,0,,0,,0,,0,NA,Asia,BOUNCE,2008.12.01 18:00,NA,,1.22420,BREAK,2008.12.11 18:00,0,,0,,0,,0,NA,NewYork,BOUNCE,2008.12.11 21:00,NA,,S-ZC-BO,S-ZH-BO,B-ZE-UN,B-ZB-BR,S-ZO-BO,B-ZO-BR,B-ZB-BR,B-ZD-BR,B-ZO-BR,B-ZD-BO,B-ZG-BR,B-ZG-BR,B-ZF-BO,B-ZE-UN,S-ZO-BR,S-ZF-BR,S-ZB-BO,S-ZD-BO,S-ZO-UN,B-ZB-BR
425,2008.12.03 00:00,USDCAD,60,86400,BUY,ZG,0,1.25110,1.23040,2070.0,1.25790,1.23810,1980.0,95.652,37.20,1300.0,488.5,1.25110,1.23810,1.27090,BREAK,2008.12.04 21:00,0,,0,,0,,0,NA,Other,BREAK,2008.12.05 15:00,BOUNCE,2008.12.05 22:00,1.21740,BOUNCE,2008.12.11 20:00,1,2008.12.12 08:00,0,,0,,1,12h,NewYork,NA,,NA,,1.26410,BREAK,2008.12.03 17:00,0,,0,,0,,0,NA,NewYork,BREAK,2008.12.05 14:00,BREAK,2008.12.05 16:00,1.22510,BREAK,2008.12.11 18:00,0,,0,,0,,0,NA,NewYork,BOUNCE,2008.12.16 22:00,NA,,B-ZC-BO,S-ZC-BO,S-ZH-BO,B-ZE-UN,B-ZB-BR,S-ZO-BO,B-ZO-BR,B-ZB-BR,B-ZD-BR,B-ZO-BR,B-ZG-BR,B-ZF-BO,B-ZE-UN,S-ZO-BR,S-ZF-BR,S-ZB-BO,S-ZD-BO,S-ZO-UN,B-ZB-BR,S-ZO-BR
426,2008.12.04 00:00,USDCAD,60,86400,BUY,ZG,0,1.25790,1.23810,1980.0,1.26670,1.24470,2200.0,111.111,33.33,1320.0,467.3,1.25790,1.24470,1.27990,BREAK,2008.12.05 14:00,0,,0,,0,,0,NA,NewYork,BREAK,2008.12.05 16:00,UNTOUCHED,,1.22490,BREAK,2008.12.11 18:00,0,,0,,0,,0,NA,NewYork,BOUNCE,2008.12.16 22:00,NA,,1.27110,BREAK,2008.12.04 21:00,0,,0,,0,,0,NA,Other,BREAK,2008.12.05 15:00,BOUNCE,2008.12.05 22:00,1.23150,BREAK,2008.12.11 16:00,0,,0,,0,,0,NA,NewYork,BOUNCE,2008.12.11 22:00,NA,,B-ZG-BR,B-ZC-BO,S-ZC-BO,S-ZH-BO,B-ZE-UN,B-ZB-BR,S-ZO-BO,B-ZO-BR,B-ZB-BR,B-ZD-BR,B-ZF-BO,B-ZE-UN,S-ZO-BR,S-ZF-BR,S-ZB-BO,S-ZD-BO,S-ZO-UN,B-ZB-BR,S-ZO-BR,B-ZO-BR
427,2008.12.05 00:00,USDCAD,60,86400,BUY,ZF,0,1.26670,1.24470,2200.0,1.27980,1.25120,2860.0,130.000,29.55,1550.0,519.2,1.26670,1.25120,1.29530,BOUNCE,2008.12.05 16:00,1,2008.12.08 09:00,1,2008.12.11 16:00,1,2008.12.11 17:00,3,6d 1h,NewYork,NA,,NA,,1.22920,BREAK,2008.12.11 17:00,0,,0,,0,,0,NA,NewYork,BREAK,2008.12.16 22:00,BREAK,2008.12.18 00:00,1.28220,BREAK,2008.12.05 14:00,0,,0,,0,,0,NA,NewYork,BOUNCE,2008.12.05 22:00,NA,,1.23570,BREAK,2008.12.11 16:00,0,,0,,0,,0,NA,NewYork,BOUNCE,2008.12.11 23:00,NA,,B-ZG-BR,B-ZG-BR,B-ZC-BO,S-ZC-BO,S-ZH-BO,B-ZE-UN,B-ZB-BR,S-ZO-BO,B-ZO-BR,B-ZB-BR,B-ZE-UN,S-ZO-BR,S-ZF-BR,S-ZB-BO,S-ZD-BO,S-ZO-UN,B-ZB-BR,S-ZO-BR,B-ZO-BR,B-ZB-BR
428,2008.12.06 00:00,USDCAD,60,86400,BUY,ZE,1,1.27980,1.25120,2860.0,1.30040,1.26870,3170.0,110.839,61.19,1110.0,675.0,1.27980,1.26870,1.31150,UNTOUCHED,,0,,0,,0,,0,NA,Other,NA,,NA,,1.24010,BREAK,2008.12.11 16:00,0,,0,,0,,0,NA,NewYork,BREAK,2008.12.11 19:00,BOUNCE,2008.12.11 22:00,1.29090,UNTOUCHED,,0,,0,,0,,0,NA,Other,NA,,NA,,1.25760,BREAK,2008.12.08 10:00,0,,0,,0,,0,NA,London,BOUNCE,2008.12.08 18:00,NA,,B-ZF-BO,B-ZG-BR,B-ZG-BR,B-ZC-BO,S-ZC-BO,S-ZH-BO,B-ZE-UN,B-ZB-BR,S-ZO-BO,B-ZO-BR,S-ZO-BR,S-ZF-BR,S-ZB-BO,S-ZD-BO,S-ZO-UN,B-ZB-BR,S-ZO-BR,B-ZO-BR,B-ZB-BR,B-ZC-BR
429,2008.12.11 00:00,USDCAD,60,86400,SELL,ZO,0,1.27430,1.24950,2480.0,1.26660,1.24880,1780.0,71.774,31.05,1710.0,585.3,1.26660,1.24950,1.23170,BREAK,2008.12.11 16:00,0,,0,,0,,0,NA,NewYork,BREAK,2008.12.16 22:00,BREAK,2008.12.18 00:00,1.29140,UNTOUCHED,,0,,0,,0,,0,NA,Other,NA,,NA,,1.23240,BREAK,2008.12.11 16:00,0,,0,,0,,0,NA,NewYork,BREAK,2008.12.16 22:00,BREAK,2008.12.18 00:00,1.28370,UNTOUCHED,,0,,0,,0,,0,NA,Other,NA,,NA,,B-ZE-UN,B-ZF-BO,B-ZG-BR,B-ZG-BR,B-ZC-BO,S-ZC-BO,S-ZH-BO,B-ZE-UN,B-ZB-BR,S-ZO-BO,S-ZF-BR,S-ZB-BO,S-ZD-BO,S-ZO-UN,B-ZB-BR,S-ZO-BR,B-ZO-BR,B-ZB-BR,B-ZC-BR,S-ZG-BR
430,2008.12.12 00:00,USDCAD,60,86400,SELL,ZF,1,1.26660,1.24880,1780.0,1.26070,1.21600,4470.0,251.124,33.15,1190.0,420.1,1.26070,1.24880,1.20410,BREAK,2008.12.16 23:00,0,,0,,0,,0,NA,Other,BREAK,2008.12.18 08:00,BOUNCE,2009.01.07 18:00,1.27850,UNTOUCHED,,0,,0,,0,,0,NA,Other,NA,,NA,,1.23690,BREAK,2008.12.12 00:00,0,,0,,0,,0,NA,Asia,BOUNCE,2008.12.15 19:00,NA,,1.27260,BOUNCE,2009.01.21 18:00,0,,0,,0,,0,NA,NewYork,NA,,NA,,S-ZO-BR,B-ZE-UN,B-ZF-BO,B-ZG-BR,B-ZG-BR,B-ZC-BO,S-ZC-BO,S-ZH-BO,B-ZE-UN,B-ZB-BR,S-ZB-BO,S-ZD-BO,S-ZO-UN,B-ZB-BR,S-ZO-BR,B-ZO-BR,B-ZB-BR,B-ZC-BR,S-ZG-BR,S-ZB-UN
431,2008.12.17 00:00,USDCAD,60,86400,SELL,ZB,1,1.24630,1.22300,2330.0,1.23740,1.19860,3880.0,166.524,38.20,1440.0,549.9,1.23740,1.22300,1.18420,BOUNCE,2008.12.18 13:00,1,2008.12.19 10:00,1,2009.01.15 16:00,1,2009.01.15 18:00,3,4w 0d,NewYork,NA,,NA,,1.26070,BREAK,2009.01.15 18:00,0,,0,,0,,0,NA,NewYork,BOUNCE,2009.01.21 23:00,NA,,1.20860,BREAK,2008.12.17 00:00,0,,0,,0,,0,NA,Asia,BREAK,2008.12.18 08:00,BOUNCE,2009.01.07 18:00,1.25180,BREAK,2009.01.15 16:00,0,,0,,0,,0,NA,NewYork,BOUNCE,2009.01.15 22:00,NA,,S-ZF-BR,S-ZO-BR,B-ZE-UN,B-ZF-BO,B-ZG-BR,B-ZG-BR,B-ZC-BO,S-ZC-BO,S-ZH-BO,B-ZE-UN,S-ZD-BO,S-ZO-UN,B-ZB-BR,S-ZO-BR,B-ZO-BR,B-ZB-BR,B-ZC-BR,S-ZG-BR,S-ZB-UN,B-ZO-BR
432,2008.12.18 00:00,USDCAD,60,86400,SELL,ZD,1,1.23740,1.19860,3880.0,1.21190,1.19320,1870.0,48.196,65.72,1330.0,915.7,1.21190,1.19860,1.17990,BOUNCE,2009.01.06 17:00,1,2009.01.08 11:00,1,2009.01.13 15:00,1,2009.01.15 16:00,3,1w 1d,NewYork,NA,,NA,,1.25070,BREAK,2009.01.15 16:00,0,,0,,0,,0,NA,NewYork,BOUNCE,2009.01.15 22:00,NA,,1.18530,BOUNCE,2008.12.18 13:00,1,2008.12.19 11:00,1,2009.01.15 16:00,0,,2,4w 0d,NewYork,NA,,NA,,1.22520,BREAK,2008.12.19 11:00,0,,0,,0,,0,NA,London,BOUNCE,2008.12.19 12:00,NA,,S-ZB-BO,S-ZF-BR,S-ZO-BR,B-ZE-UN,B-ZF-BO,B-ZG-BR,B-ZG-BR,B-ZC-BO,S-ZC-BO,S-ZH-BO,S-ZO-UN,B-ZB-BR,S-ZO-BR,B-ZO-BR,B-ZB-BR,B-ZC-BR,S-ZG-BR,S-ZB-UN,B-ZO-BR,S-ZO-UN
433,2008.12.19 00:00,USDCAD,60,86400,SELL,ZO,0,1.21190,1.19320,1870.0,1.21180,1.18180,3000.0,160.428,0.53,1860.0,441.3,1.21180,1.19320,1.16320,UNTOUCHED,,0,,0,,0,,0,NA,Other,NA,,NA,,1.23050,BREAK,2008.12.19 11:00,0,,0,,0,,0,NA,London,BREAK,2009.01.15 17:00,BREAK,2009.01.21 11:00,1.17460,UNTOUCHED,,0,,0,,0,,0,NA,Other,NA,,NA,,1.23040,BREAK,2008.12.19 11:00,0,,0,,0,,0,NA,London,BREAK,2009.01.15 17:00,BREAK,2009.01.21 11:00,S-ZD-BO,S-ZB-BO,S-ZF-BR,S-ZO-BR,B-ZE-UN,B-ZF-BO,B-ZG-BR,B-ZG-BR,B-ZC-BO,S-ZC-BO,B-ZB-BR,S-ZO-BR,B-ZO-BR,B-ZB-BR,B-ZC-BR,S-ZG-BR,S-ZB-UN,B-ZO-BR,S-ZO-UN,B-ZD-BO
434,2008.12.20 00:00,USDCAD,60,86400,BUY,ZB,1,1.21180,1.18180,3000.0,1.23940,1.20290,3650.0,121.667,70.33,890.0,708.0,1.21180,1.20290,1.24830,BREAK,2009.01.14 21:00,0,,0,,0,,0,NA,Other,BREAK,2009.01.15 19:00,BOUNCE,2009.01.20 17:00,1.17290,UNTOUCHED,,0,,0,,0,,0,NA,Other,NA,,NA,,1.22070,BOUNCE,2008.12.20 00:00,1,2009.01.05 18:00,0,,0,,1,2w 2d,Asia,NA,,NA,,1.19400,BOUNCE,2009.01.05 18:00,1,2009.01.13 09:00,1,2009.01.13 09:00,0,,2,1w 0d,NewYork,NA,,NA,,S-ZO-UN,S-ZD-BO,S-ZB-BO,S-ZF-BR,S-ZO-BR,B-ZE-UN,B-ZF-BO,B-ZG-BR,B-ZG-BR,B-ZC-BO,S-ZO-BR,B-ZO-BR,B-ZB-BR,B-ZC-BR,S-ZG-BR,S-ZB-UN,B-ZO-BR,S-ZO-UN,B-ZD-BO,S-ZO-BO
435,2008.12.23 00:00,USDCAD,60,86400,SELL,ZO,1,1.22440,1.21520,920.0,1.22130,1.19850,2280.0,247.826,33.70,610.0,217.1,1.22130,1.21520,1.19240,BREAK,2009.01.05 18:00,0,,0,,0,,0,NA,NewYork,BOUNCE,2009.01.06 13:00,NA,,1.23050,BREAK,2008.12.30 10:00,0,,0,,0,,0,NA,London,BREAK,2009.01.14 18:00,BREAK,2009.01.14 20:00,1.20910,BREAK,2008.12.23 14:00,0,,0,,0,,0,NA,NewYork,BOUNCE,2009.01.05 17:00,NA,,1.22740,BREAK,2008.12.30 10:00,0,,0,,0,,0,NA,London,BOUNCE,2008.12.30 12:00,NA,,B-ZB-BR,S-ZO-UN,S-ZD-BO,S-ZB-BO,S-ZF-BR,S-ZO-BR,B-ZE-UN,B-ZF-BO,B-ZG-BR,B-ZG-BR,B-ZO-BR,B-ZB-BR,B-ZC-BR,S-ZG-BR,S-ZB-UN,B-ZO-BR,S-ZO-UN,B-ZD-BO,S-ZO-BO,B-ZO-BR
436,2008.12.24 00:00,USDCAD,60,86400,BUY,ZO,0,1.22130,1.19850,2280.0,1.22510,1.20460,2050.0,89.912,26.75,1670.0,538.1,1.22130,1.20460,1.24180,BREAK,2009.01.14 18:00,0,,0,,0,,0,NA,NewYork,BREAK,2009.01.15 18:00,BOUNCE,2009.01.21 23:00,1.18180,BREAK,2009.01.06 17:00,0,,0,,0,,0,NA,NewYork,UNTOUCHED,,NA,,1.23800,BREAK,2009.01.14 18:00,0,,0,,0,,0,NA,NewYork,BREAK,2009.01.15 18:00,BOUNCE,2009.01.22 00:00,1.18790,BREAK,2009.01.05 19:00,0,,0,,0,,0,NA,NewYork,UNTOUCHED,,NA,,S-ZO-BR,B-ZB-BR,S-ZO-UN,S-ZD-BO,S-ZB-BO,S-ZF-BR,S-ZO-BR,B-ZE-UN,B-ZF-BO,B-ZG-BR,B-ZB-BR,B-ZC-BR,S-ZG-BR,S-ZB-UN,B-ZO-BR,S-ZO-UN,B-ZD-BO,S-ZO-BO,B-ZO-BR,S-ZH-BR
437,2008.12.27 00:00,USDCAD,60,86400,BUY,ZB,1,1.22100,1.20800,1300.0,1.22220,1.21450,770.0,59.231,50.00,650.0,306.8,1.22100,1.21450,1.22870,BREAK,2008.12.30 10:00,0,,0,,0,,0,NA,London,BREAK,2009.01.14 18:00,BREAK,2009.01.14 20:00,1.20150,BREAK,2009.01.05 18:00,0,,0,,0,,0,NA,NewYork,BREAK,2009.01.05 19:00,BOUNCE,2009.01.06 08:00,1.22750,BREAK,2008.12.30 10:00,0,,0,,0,,0,NA,London,BOUNCE,2008.12.31 19:00,NA,,1.20800,BOUNCE,2008.12.29 10:00,1,2008.12.30 10:00,1,2008.12.30 10:00,0,,2,1d 0h,London,NA,,NA,,B-ZO-BR,S-ZO-BR,B-ZB-BR,S-ZO-UN,S-ZD-BO,S-ZB-BO,S-ZF-BR,S-ZO-BR,B-ZE-UN,B-ZF-BO,B-ZC-BR,S-ZG-BR,S-ZB-UN,B-ZO-BR,S-ZO-UN,B-ZD-BO,S-ZO-BO,B-ZO-BR,S-ZH-BR,S-ZB-BR
438,2008.12.31 00:00,USDCAD,60,86400,BUY,ZC,1,1.22250,1.20740,1510.0,1.23380,1.21400,1980.0,131.126,43.71,850.0,356.4,1.22250,1.21400,1.24230,BREAK,2009.01.14 18:00,0,,0,,0,,0,NA,NewYork,BREAK,2009.01.15 17:00,BREAK,2009.01.15 18:00,1.19890,BREAK,2009.01.05 18:00,0,,0,,0,,0,NA,NewYork,BREAK,2009.01.05 19:00,BREAK,2009.01.06 17:00,1.23100,BOUNCE,2008.12.31 19:00,1,2009.01.05 02:00,1,2009.01.05 18:00,0,,2,4d 23h,NewYork,NA,,NA,,1.20550,BOUNCE,2009.01.05 02:00,1,2009.01.13 16:00,1,2009.01.13 16:00,0,,2,1w 1d,Asia,NA,,NA,,B-ZB-BR,B-ZO-BR,S-ZO-BR,B-ZB-BR,S-ZO-UN,S-ZD-BO,S-ZB-BO,S-ZF-BR,S-ZO-BR,B-ZE-UN,S-ZG-BR,S-ZB-UN,B-ZO-BR,S-ZO-UN,B-ZD-BO,S-ZO-BO,B-ZO-BR,S-ZH-BR,S-ZB-BR,S-ZF-UN
439,2009.01.03 00:00,USDCAD,60,86400,SELL,ZG,0,1.23420,1.21050,2370.0,1.22700,1.20660,2040.0,86.076,30.38,1650.0,559.3,1.22700,1.21050,1.19010,BREAK,2009.01.05 18:00,0,,0,,0,,0,NA,NewYork,UNTOUCHED,,NA,,1.25070,BREAK,2009.01.15 16:00,0,,0,,0,,0,NA,NewYork,BREAK,2009.01.21 19:00,BREAK,2009.03.02 19:00,1.19400,BREAK,2009.01.05 18:00,0,,0,,0,,0,NA,NewYork,BOUNCE,2009.01.07 18:00,NA,,1.24350,BREAK,2009.01.14 19:00,0,,0,,0,,0,NA,NewYork,BREAK,2009.01.15 19:00,UNTOUCHED,,B-ZC-BR,B-ZB-BR,B-ZO-BR,S-ZO-BR,B-ZB-BR,S-ZO-UN,S-ZD-BO,S-ZB-BO,S-ZF-BR,S-ZO-BR,S-ZB-UN,B-ZO-BR,S-ZO-UN,B-ZD-BO,S-ZO-BO,B-ZO-BR,S-ZH-BR,S-ZB-BR,S-ZF-UN,B-ZF-BO
440,2009.01.07 00:00,USDCAD,60,86400,SELL,ZB,1,1.22230,1.18660,3570.0,1.19990,1.17610,2380.0,66.667,62.75,1330.0,842.5,1.19990,1.18660,1.16280,UNTOUCHED,,0,,0,,0,,0,NA,Other,NA,,NA,,1.23560,BREAK,2009.01.14 17:00,0,,0,,0,,0,NA,NewYork,BREAK,2009.01.15 18:00,BOUNCE,2009.01.15 22:00,1.17330,UNTOUCHED,,0,,0,,0,,0,NA,Other,NA,,NA,,1.21320,BREAK,2009.01.12 21:00,0,,0,,0,,0,NA,Other,BOUNCE,2009.01.14 09:00,NA,,S-ZG-BR,B-ZC-BR,B-ZB-BR,B-ZO-BR,S-ZO-BR,B-ZB-BR,S-ZO-UN,S-ZD-BO,S-ZB-BO,S-ZF-BR,B-ZO-BR,S-ZO-UN,B-ZD-BO,S-ZO-BO,B-ZO-BR,S-ZH-BR,S-ZB-BR,S-ZF-UN,B-ZF-BO,B-ZO-BR
441,2009.01.09 00:00,USDCAD,60,86400,BUY,ZO,0,1.19990,1.17750,2240.0,1.20700,1.17790,2910.0,129.911,1.79,2200.0,528.6,1.19990,1.17790,1.22900,BREAK,2009.01.13 15:00,0,,0,,0,,0,NA,NewYork,BREAK,2009.01.15 18:00,BOUNCE,2009.01.23 18:00,1.15550,UNTOUCHED,,0,,0,,0,,0,NA,Other,NA,,NA,,1.22190,BREAK,2009.01.13 10:00,0,,0,,0,,0,NA,London,BREAK,2009.01.15 01:00,BOUNCE,2009.01.16 09:00,1.15590,UNTOUCHED,,0,,0,,0,,0,NA,Other,NA,,NA,,S-ZB-UN,S-ZG-BR,B-ZC-BR,B-ZB-BR,B-ZO-BR,S-ZO-BR,B-ZB-BR,S-ZO-UN,S-ZD-BO,S-ZB-BO,S-ZO-UN,B-ZD-BO,S-ZO-BO,B-ZO-BR,S-ZH-BR,S-ZB-BR,S-ZF-UN,B-ZF-BO,B-ZO-BR,S-ZO-UN
442,2009.01.10 00:00,USDCAD,60,86400,SELL,ZO,0,1.20700,1.17790,2910.0,1.19670,1.17700,1970.0,67.698,35.40,1880.0,686.8,1.19670,1.17790,1.15820,UNTOUCHED,,0,,0,,0,,0,NA,Other,NA,,NA,,1.22580,BREAK,2009.01.13 15:00,0,,0,,0,,0,NA,NewYork,BREAK,2009.01.15 16:00,BOUNCE,2009.01.16 06:00,1.15910,UNTOUCHED,,0,,0,,0,,0,NA,Other,NA,,NA,,1.21550,BREAK,2009.01.12 21:00,0,,0,,0,,0,NA,Other,BREAK,2009.01.14 18:00,BREAK,2009.01.15 18:00,B-ZO-BR,S-ZB-UN,S-ZG-BR,B-ZC-BR,B-ZB-BR,B-ZO-BR,S-ZO-BR,B-ZB-BR,S-ZO-UN,S-ZD-BO,B-ZD-BO,S-ZO-BO,B-ZO-BR,S-ZH-BR,S-ZB-BR,S-ZF-UN,B-ZF-BO,B-ZO-BR,S-ZO-UN,B-ZO-BR
443,2009.01.13 00:00,USDCAD,60,86400,BUY,ZD,1,1.19060,1.18400,660.0,1.21720,1.18810,2910.0,440.909,62.12,250.0,155.8,1.19060,1.18810,1.21970,BOUNCE,2009.01.13 03:00,1,2009.01.14 04:00,0,,0,,1,1d 1h,Asia,NA,,NA,,1.18150,UNTOUCHED,,0,,0,,0,,0,NA,Other,NA,,NA,,1.19310,BREAK,2009.01.13 00:00,0,,0,,0,,0,NA,Asia,BREAK,2009.01.13 01:00,BREAK,2009.01.13 02:00,1.18560,UNTOUCHED,,0,,0,,0,,0,NA,Other,NA,,NA,,S-ZO-UN,B-ZO-BR,S-ZB-UN,S-ZG-BR,B-ZC-BR,B-ZB-BR,B-ZO-BR,S-ZO-BR,B-ZB-BR,S-ZO-UN,S-ZO-BO,B-ZO-BR,S-ZH-BR,S-ZB-BR,S-ZF-UN,B-ZF-BO,B-ZO-BR,S-ZO-UN,B-ZO-BR,B-ZF-BO
444,2009.01.17 00:00,USDCAD,60,86400,SELL,ZO,0,1.26720,1.24130,2590.0,1.25760,1.23160,2600.0,100.386,37.07,1630.0,611.2,1.25760,1.24130,1.21530,BOUNCE,2009.01.26 18:00,1,2009.02.03 12:00,0,,0,,1,1w 0d,NewYork,NA,,NA,,1.28350,UNTOUCHED,,0,,0,,0,,0,NA,Other,NA,,NA,,1.22500,BREAK,2009.01.26 11:00,0,,0,,0,,0,NA,London,BREAK,2009.01.28 16:00,UNTOUCHED,,1.27390,BOUNCE,2009.01.21 19:00,1,2009.01.26 11:00,1,2009.01.26 11:00,0,,2,4d 16h,NewYork,NA,,NA,,B-ZD-BO,S-ZO-UN,B-ZO-BR,S-ZB-UN,S-ZG-BR,B-ZC-BR,B-ZB-BR,B-ZO-BR,S-ZO-BR,B-ZB-BR,B-ZO-BR,S-ZH-BR,S-ZB-BR,S-ZF-UN,B-ZF-BO,B-ZO-BR,S-ZO-UN,B-ZO-BR,B-ZF-BO,B-ZC-BO
445,2009.01.22 00:00,USDCAD,60,86400,BUY,ZO,0,1.26960,1.25290,1670.0,1.27650,1.25550,2100.0,125.749,15.57,1410.0,394.1,1.26960,1.25550,1.29060,BREAK,2009.03.02 23:00,0,,0,,0,,0,NA,Other,BOUNCE,2009.03.10 08:00,NA,,1.23880,BREAK,2009.01.23 21:00,0,,0,,0,,0,NA,Other,BREAK,2009.01.26 12:00,BREAK,2009.01.28 16:00,1.28370,BREAK,2009.03.02 14:00,0,,0,,0,,0,NA,NewYork,BREAK,2009.03.09 15:00,UNTOUCHED,,1.24140,BREAK,2009.01.23 19:00,0,,0,,0,,0,NA,NewYork,BREAK,2009.01.26 12:00,BREAK,2009.01.28 16:00,S-ZO-BO,B-ZD-BO,S-ZO-UN,B-ZO-BR,S-ZB-UN,S-ZG-BR,B-ZC-BR,B-ZB-BR,B-ZO-BR,S-ZO-BR,S-ZH-BR,S-ZB-BR,S-ZF-UN,B-ZF-BO,B-ZO-BR,S-ZO-UN,B-ZO-BR,B-ZF-BO,B-ZC-BO,S-ZD-BO
446,2009.01.23 00:00,USDCAD,60,86400,SELL,ZH,0,1.27650,1.25550,2100.0,1.27400,1.25170,2230.0,106.190,11.90,1850.0,495.6,1.27400,1.25550,1.23320,BREAK,2009.01.23 21:00,0,,0,,0,,0,NA,Other,BREAK,2009.01.28 16:00,UNTOUCHED,,1.29500,BOUNCE,2009.03.03 17:00,0,,0,,0,,0,NA,NewYork,NA,,NA,,1.23700,BREAK,2009.01.23 21:00,0,,0,,0,,0,NA,Other,BREAK,2009.01.28 16:00,UNTOUCHED,,1.29250,BOUNCE,2009.03.03 00:00,0,,0,,0,,0,NA,Asia,NA,,NA,,B-ZO-BR,S-ZO-BO,B-ZD-BO,S-ZO-UN,B-ZO-BR,S-ZB-UN,S-ZG-BR,B-ZC-BR,B-ZB-BR,B-ZO-BR,S-ZB-BR,S-ZF-UN,B-ZF-BO,B-ZO-BR,S-ZO-UN,B-ZO-BR,B-ZF-BO,B-ZC-BO,S-ZD-BO,B-ZF-BR
447,2009.01.24 00:00,USDCAD,60,86400,SELL,ZB,1,1.27400,1.25170,2230.0,1.26500,1.22680,3820.0,171.300,40.36,1330.0,526.3,1.26500,1.25170,1.21350,BREAK,2009.01.28 16:00,0,,0,,0,,0,NA,NewYork,UNTOUCHED,,NA,,1.28730,BREAK,2009.03.02 15:00,0,,0,,0,,0,NA,NewYork,BREAK,2009.03.09 16:00,UNTOUCHED,,1.23840,BREAK,2009.01.24 00:00,0,,0,,0,,0,NA,Asia,BREAK,2009.01.26 13:00,BREAK,2009.01.28 16:00,1.27830,BREAK,2009.03.02 02:00,0,,0,,0,,0,NA,Asia,BREAK,2009.03.03 19:00,BOUNCE,2009.03.10 08:00,S-ZH-BR,B-ZO-BR,S-ZO-BO,B-ZD-BO,S-ZO-UN,B-ZO-BR,S-ZB-UN,S-ZG-BR,B-ZC-BR,B-ZB-BR,S-ZF-UN,B-ZF-BO,B-ZO-BR,S-ZO-UN,B-ZO-BR,B-ZF-BO,B-ZC-BO,S-ZD-BO,B-ZF-BR,S-ZG-BO
448,2009.01.29 00:00,USDCAD,60,86400,SELL,ZF,1,1.23290,1.21520,1770.0,1.23070,1.20240,2830.0,159.887,12.43,1550.0,417.7,1.23070,1.21520,1.18690,UNTOUCHED,,0,,0,,0,,0,NA,Other,NA,,NA,,1.24840,BOUNCE,2009.02.03 12:00,1,2009.02.09 03:00,0,,0,,1,5d 15h,London,NA,,NA,,1.19970,UNTOUCHED,,0,,0,,0,,0,NA,Other,NA,,NA,,1.24620,BREAK,2009.02.02 21:00,0,,0,,0,,0,NA,Other,BREAK,2009.02.17 16:00,BREAK,2009.03.02 11:00,S-ZB-BR,S-ZH-BR,B-ZO-BR,S-ZO-BO,B-ZD-BO,S-ZO-UN,B-ZO-BR,S-ZB-UN,S-ZG-BR,B-ZC-BR,B-ZF-BO,B-ZO-BR,S-ZO-UN,B-ZO-BR,B-ZF-BO,B-ZC-BO,S-ZD-BO,B-ZF-BR,S-ZG-BO,B-ZF-BR
449,2009.02.03 00:00,USDCAD,60,86400,BUY,ZF,1,1.22960,1.22530,430.0,1.24630,1.22580,2050.0,476.744,11.63,380.0,101.5,1.22960,1.22580,1.25010,BOUNCE,2009.02.03 12:00,1,2009.02.03 17:00,1,2009.02.07 00:00,1,2009.02.07 00:00,3,3d 12h,London,NA,,NA,,1.22150,BREAK,2009.02.07 00:00,0,,0,,0,,0,NA,Asia,BREAK,2009.02.09 03:00,UNTOUCHED,,1.23340,BREAK,2009.02.03 00:00,0,,0,,0,,0,NA,Asia,BREAK,2009.02.03 01:00,BREAK,2009.02.03 02:00,1.22200,BREAK,2009.02.07 00:00,0,,0,,0,,0,NA,Asia,BOUNCE,2009.02.09 02:00,NA,,S-ZF-UN,S-ZB-BR,S-ZH-BR,B-ZO-BR,S-ZO-BO,B-ZD-BO,S-ZO-UN,B-ZO-BR,S-ZB-UN,S-ZG-BR,B-ZO-BR,S-ZO-UN,B-ZO-BR,B-ZF-BO,B-ZC-BO,S-ZD-BO,B-ZF-BR,S-ZG-BO,B-ZF-BR,S-ZG-BO
450,2009.02.04 00:00,USDCAD,60,86400,BUY,ZO,0,1.24630,1.22580,2050.0,1.25210,1.22920,2290.0,111.707,16.59,1710.0,483.8,1.24630,1.22920,1.26920,BREAK,2009.02.27 16:00,0,,0,,0,,0,NA,NewYork,BREAK,2009.03.02 23:00,BOUNCE,2009.03.10 11:00,1.20870,UNTOUCHED,,0,,0,,0,,0,NA,Other,NA,,NA,,1.26340,BOUNCE,2009.02.17 13:00,0,,0,,0,,0,NA,NewYork,NA,,NA,,1.21210,UNTOUCHED,,0,,0,,0,,0,NA,Other,NA,,NA,,B-ZF-BO,S-ZF-UN,S-ZB-BR,S-ZH-BR,B-ZO-BR,S-ZO-BO,B-ZD-BO,S-ZO-UN,B-ZO-BR,S-ZB-UN,S-ZO-UN,B-ZO-BR,B-ZF-BO,B-ZC-BO,S-ZD-BO,B-ZF-BR,S-ZG-BO,B-ZF-BR,S-ZG-BO,B-ZB-BO
451,2009.02.05 00:00,USDCAD,60,86400,SELL,ZO,0,1.25210,1.22920,2290.0,1.24350,1.22240,2110.0,92.140,37.55,1430.0,540.4,1.24350,1.22920,1.20810,UNTOUCHED,,0,,0,,0,,0,NA,Other,NA,,NA,,1.26640,BOUNCE,2009.02.17 16:00,1,2009.02.23 10:00,0,,0,,1,5d 18h,NewYork,NA,,NA,,1.21490,BOUNCE,2009.02.09 03:00,1,2009.02.17 12:00,1,2009.02.17 16:00,0,,2,1w 1d,Asia,NA,,NA,,1.25780,BREAK,2009.02.17 12:00,0,,0,,0,,0,NA,London,BREAK,2009.03.02 02:00,BREAK,2009.03.03 00:00,B-ZO-BR,B-ZF-BO,S-ZF-UN,S-ZB-BR,S-ZH-BR,B-ZO-BR,S-ZO-BO,B-ZD-BO,S-ZO-UN,B-ZO-BR,B-ZO-BR,B-ZF-BO,B-ZC-BO,S-ZD-BO,B-ZF-BR,S-ZG-BO,B-ZF-BR,S-ZG-BO,B-ZB-BO,B-ZH-BR
452,2009.02.07 00:00,USDCAD,60,86400,BUY,ZO,1,1.23790,1.22260,1530.0,1.25370,1.22300,3070.0,200.654,2.61,1490.0,361.1,1.23790,1.22300,1.26860,BREAK,2009.02.27 16:00,0,,0,,0,,0,NA,NewYork,BREAK,2009.03.02 15:00,BREAK,2009.03.09 15:00,1.20770,UNTOUCHED,,0,,0,,0,,0,NA,Other,NA,,NA,,1.25280,BOUNCE,2009.02.11 18:00,0,,0,,0,,0,NA,NewYork,NA,,NA,,1.20810,UNTOUCHED,,0,,0,,0,,0,NA,Other,NA,,NA,,S-ZO-UN,B-ZO-BR,B-ZF-BO,S-ZF-UN,S-ZB-BR,S-ZH-BR,B-ZO-BR,S-ZO-BO,B-ZD-BO,S-ZO-UN,B-ZF-BO,B-ZC-BO,S-ZD-BO,B-ZF-BR,S-ZG-BO,B-ZF-BR,S-ZG-BO,B-ZB-BO,B-ZH-BR,B-ZE-UN
453,2009.02.11 00:00,USDCAD,60,86400,BUY,ZF,1,1.22960,1.21300,1660.0,1.24920,1.21470,3450.0,207.831,10.24,1490.0,391.8,1.22960,1.21470,1.26410,BOUNCE,2009.02.17 13:00,1,2009.03.19 14:00,0,,0,,1,4w 2d,NewYork,NA,,NA,,1.19810,UNTOUCHED,,0,,0,,0,,0,NA,Other,NA,,NA,,1.24450,BREAK,2009.02.11 00:00,0,,0,,0,,0,NA,Asia,BREAK,2009.02.17 13:00,BREAK,2009.03.02 02:00,1.19980,UNTOUCHED,,0,,0,,0,,0,NA,Other,NA,,NA,,B-ZO-BR,S-ZO-UN,B-ZO-BR,B-ZF-BO,S-ZF-UN,S-ZB-BR,S-ZH-BR,B-ZO-BR,S-ZO-BO,B-ZD-BO,B-ZC-BO,S-ZD-BO,B-ZF-BR,S-ZG-BO,B-ZF-BR,S-ZG-BO,B-ZB-BO,B-ZH-BR,B-ZE-UN,S-ZF-BR
454,2009.02.12 00:00,USDCAD,60,86400,BUY,ZC,1,1.24920,1.21470,3450.0,1.25310,1.23850,1460.0,42.319,68.99,1070.0,814.2,1.24920,1.23850,1.26380,BOUNCE,2009.02.17 13:00,1,2009.02.20 20:00,1,2009.03.19 14:00,0,,2,4w 2d,NewYork,NA,,NA,,1.20400,UNTOUCHED,,0,,0,,0,,0,NA,Other,NA,,NA,,1.25990,BOUNCE,2009.02.17 12:00,1,2009.03.19 14:00,0,,0,,1,4w 2d,London,NA,,NA,,1.22780,BOUNCE,2009.03.19 14:00,0,,0,,0,,0,NA,NewYork,NA,,NA,,B-ZF-BO,B-ZO-BR,S-ZO-UN,B-ZO-BR,B-ZF-BO,S-ZF-UN,S-ZB-BR,S-ZH-BR,B-ZO-BR,S-ZO-BO,S-ZD-BO,B-ZF-BR,S-ZG-BO,B-ZF-BR,S-ZG-BO,B-ZB-BO,B-ZH-BR,B-ZE-UN,S-ZF-BR,S-ZF-BR
455,2009.02.14 00:00,USDCAD,60,86400,SELL,ZD,1,1.25470,1.23820,1650.0,1.24630,1.22790,1840.0,111.515,50.91,810.0,389.4,1.24630,1.23820,1.21980,BOUNCE,2009.03.19 15:00,1,2009.03.19 19:00,0,,0,,1,4h,NewYork,NA,,NA,,1.26280,BREAK,2009.02.17 13:00,0,,0,,0,,0,NA,NewYork,BREAK,2009.02.28 00:00,BREAK,2009.03.02 11:00,1.23010,BOUNCE,2009.03.19 14:00,0,,0,,0,,0,NA,NewYork,NA,,NA,,1.25440,BREAK,2009.02.17 10:00,0,,0,,0,,0,NA,London,BREAK,2009.02.17 16:00,BREAK,2009.02.28 00:00,B-ZC-BO,B-ZF-BO,B-ZO-BR,S-ZO-UN,B-ZO-BR,B-ZF-BO,S-ZF-UN,S-ZB-BR,S-ZH-BR,B-ZO-BR,B-ZF-BR,S-ZG-BO,B-ZF-BR,S-ZG-BO,B-ZB-BO,B-ZH-BR,B-ZE-UN,S-ZF-BR,S-ZF-BR,B-ZO-UN
456,2009.02.18 00:00,USDCAD,60,86400,BUY,ZF,1,1.24860,1.23890,970.0,1.26720,1.24140,2580.0,265.979,25.77,720.0,228.9,1.24860,1.24140,1.27440,BREAK,2009.02.28 00:00,0,,0,,0,,0,NA,Asia,BREAK,2009.03.02 14:00,BREAK,2009.03.02 23:00,1.23170,BREAK,2009.03.19 14:00,0,,0,,0,,0,NA,NewYork,BREAK,2009.03.19 15:00,BREAK,2009.04.14 14:00,1.25580,BREAK,2009.02.18 00:00,0,,0,,0,,0,NA,Asia,BREAK,2009.02.18 01:00,BREAK,2009.02.27 19:00,1.23420,BREAK,2009.03.19 14:00,0,,0,,0,,0,NA,NewYork,BREAK,2009.03.19 15:00,BREAK,2009.04.13 21:00,S-ZD-BO,B-ZC-BO,B-ZF-BO,B-ZO-BR,S-ZO-UN,B-ZO-BR,B-ZF-BO,S-ZF-UN,S-ZB-BR,S-ZH-BR,S-ZG-BO,B-ZF-BR,S-ZG-BO,B-ZB-BO,B-ZH-BR,B-ZE-UN,S-ZF-BR,S-ZF-BR,B-ZO-UN,S-ZD-BR
457,2009.02.20 00:00,USDCAD,60,86400,SELL,ZG,0,1.26550,1.25290,1260.0,1.26200,1.24660,1540.0,122.222,27.78,910.0,297.4,1.26200,1.25290,1.23750,BOUNCE,2009.02.23 10:00,1,2009.02.25 18:00,1,2009.02.27 19:00,1,2009.02.28 00:00,3,4d 14h,London,NA,,NA,,1.27460,BREAK,2009.02.28 00:00,0,,0,,0,,0,NA,Asia,BREAK,2009.03.02 15:00,BOUNCE,2009.03.03 10:00,1.24380,BOUNCE,2009.02.20 20:00,1,2009.02.27 19:00,1,2009.02.28 00:00,0,,2,1w 0d,NewYork,NA,,NA,,1.27110,BREAK,2009.02.27 19:00,0,,0,,0,,0,NA,NewYork,BREAK,2009.03.02 14:00,BREAK,2009.03.03 00:00,B-ZF-BR,S-ZD-BO,B-ZC-BO,B-ZF-BO,B-ZO-BR,S-ZO-UN,B-ZO-BR,B-ZF-BO,S-ZF-UN,S-ZB-BR,B-ZF-BR,S-ZG-BO,B-ZB-BO,B-ZH-BR,B-ZE-UN,S-ZF-BR,S-ZF-BR,B-ZO-UN,S-ZD-BR,S-ZH-BR
458,2009.02.26 00:00,USDCAD,60,86400,BUY,ZF,0,1.25390,1.23950,1440.0,1.26110,1.23980,2130.0,147.917,2.08,1410.0,339.8,1.25390,1.23980,1.27520,BREAK,2009.02.28 00:00,0,,0,,0,,0,NA,Asia,BREAK,2009.03.03 00:00,BOUNCE,2009.03.10 08:00,1.22540,BREAK,2009.03.19 15:00,0,,0,,0,,0,NA,NewYork,BREAK,2009.04.14 19:00,BREAK,2009.04.30 09:00,1.26800,BREAK,2009.02.27 16:00,0,,0,,0,,0,NA,NewYork,BREAK,2009.03.02 15:00,BOUNCE,2009.03.04 17:00,1.22570,BREAK,2009.03.19 15:00,0,,0,,0,,0,NA,NewYork,BREAK,2009.04.14 19:00,BREAK,2009.04.30 09:00,S-ZG-BO,B-ZF-BR,S-ZD-BO,B-ZC-BO,B-ZF-BO,B-ZO-BR,S-ZO-UN,B-ZO-BR,B-ZF-BO,S-ZF-UN,S-ZG-BO,B-ZB-BO,B-ZH-BR,B-ZE-UN,S-ZF-BR,S-ZF-BR,B-ZO-UN,S-ZD-BR,S-ZH-BR,S-ZF-BR
459,2009.02.27 00:00,USDCAD,60,86400,SELL,ZG,0,1.26110,1.23980,2130.0,1.25780,1.23950,1830.0,85.915,15.49,1800.0,502.7,1.25780,1.23980,1.22150,BOUNCE,2009.03.19 15:00,1,2009.03.30 19:00,0,,0,,1,1w 4d,NewYork,NA,,NA,,1.27910,BREAK,2009.03.02 02:00,0,,0,,0,,0,NA,Asia,BOUNCE,2009.03.04 19:00,NA,,1.22180,BOUNCE,2009.03.19 15:00,0,,0,,0,,0,NA,NewYork,NA,,NA,,1.27580,BREAK,2009.02.28 00:00,0,,0,,0,,0,NA,Asia,BOUNCE,2009.03.04 22:00,NA,,B-ZF-BR,S-ZG-BO,B-ZF-BR,S-ZD-BO,B-ZC-BO,B-ZF-BO,B-ZO-BR,S-ZO-UN,B-ZO-BR,B-ZF-BO,B-ZB-BO,B-ZH-BR,B-ZE-UN,S-ZF-BR,S-ZF-BR,B-ZO-UN,S-ZD-BR,S-ZH-BR,S-ZF-BR,B-ZO-BR
460,2009.02.28 00:00,USDCAD,60,86400,BUY,ZB,1,1.25780,1.23950,1830.0,1.27280,1.25140,2140.0,116.940,65.03,640.0,431.9,1.25780,1.25140,1.27920,BOUNCE,2009.03.02 02:00,1,2009.03.13 17:00,1,2009.03.18 23:00,1,2009.03.19 14:00,3,2w 3d,Asia,NA,,NA,,1.23310,BREAK,2009.03.19 14:00,0,,0,,0,,0,NA,NewYork,BREAK,2009.03.19 15:00,BOUNCE,2009.03.24 14:00,1.26420,BREAK,2009.02.28 00:00,0,,0,,0,,0,NA,Asia,BREAK,2009.03.02 02:00,BREAK,2009.03.02 11:00,1.24500,BREAK,2009.03.18 23:00,0,,0,,0,,0,NA,Other,BREAK,2009.03.19 14:00,BREAK,2009.03.19 15:00,S-ZG-BO,B-ZF-BR,S-ZG-BO,B-ZF-BR,S-ZD-BO,B-ZC-BO,B-ZF-BO,B-ZO-BR,S-ZO-UN,B-ZO-BR,B-ZH-BR,B-ZE-UN,S-ZF-BR,S-ZF-BR,B-ZO-UN,S-ZD-BR,S-ZH-BR,S-ZF-BR,B-ZO-BR,B-ZF-BR
461,2009.03.03 00:00,USDCAD,60,86400,BUY,ZH,1,1.27580,1.27160,420.0,1.29140,1.27240,1900.0,452.381,19.05,340.0,99.1,1.27580,1.27240,1.29480,BREAK,2009.03.03 17:00,0,,0,,0,,0,NA,NewYork,BREAK,2009.03.09 15:00,BREAK,2009.03.09 16:00,1.26820,BOUNCE,2009.03.13 15:00,1,2009.03.13 18:00,0,,0,,1,3h,NewYork,NA,,NA,,1.27920,BREAK,2009.03.03 00:00,0,,0,,0,,0,NA,Asia,BREAK,2009.03.03 01:00,BREAK,2009.03.03 02:00,1.26900,BREAK,2009.03.13 15:00,0,,0,,0,,0,NA,NewYork,BREAK,2009.03.13 17:00,BOUNCE,2009.03.18 15:00,B-ZB-BO,S-ZG-BO,B-ZF-BR,S-ZG-BO,B-ZF-BR,S-ZD-BO,B-ZC-BO,B-ZF-BO,B-ZO-BR,S-ZO-UN,B-ZE-UN,S-ZF-BR,S-ZF-BR,B-ZO-UN,S-ZD-BR,S-ZH-BR,S-ZF-BR,B-ZO-BR,B-ZF-BR,B-ZB-BO
462,2009.03.04 00:00,USDCAD,60,86400,BUY,ZE,1,1.29140,1.27240,1900.0,1.29730,1.28070,1660.0,87.368,43.68,1070.0,448.4,1.29140,1.28070,1.30800,UNTOUCHED,,0,,0,,0,,0,NA,Other,NA,,NA,,1.26170,BOUNCE,2009.03.18 16:00,0,,0,,0,,0,NA,NewYork,NA,,NA,,1.30210,BOUNCE,2009.03.09 15:00,1,2009.03.13 15:00,1,2009.03.18 16:00,0,,2,1w 2d,NewYork,NA,,NA,,1.27000,BOUNCE,2009.03.13 15:00,0,,0,,0,,0,NA,NewYork,NA,,NA,,B-ZH-BR,B-ZB-BO,S-ZG-BO,B-ZF-BR,S-ZG-BO,B-ZF-BR,S-ZD-BO,B-ZC-BO,B-ZF-BO,B-ZO-BR,S-ZF-BR,S-ZF-BR,B-ZO-UN,S-ZD-BR,S-ZH-BR,S-ZF-BR,B-ZO-BR,B-ZF-BR,B-ZB-BO,B-ZC-UN
463,2009.03.05 00:00,USDCAD,60,86400,SELL,ZF,0,1.29730,1.28070,1660.0,1.29650,1.27090,2560.0,154.217,4.82,1580.0,391.8,1.29650,1.28070,1.25510,BREAK,2009.03.18 21:00,0,,0,,0,,0,NA,Other,BREAK,2009.03.19 14:00,BREAK,2009.03.19 15:00,1.31310,UNTOUCHED,,0,,0,,0,,0,NA,Other,NA,,NA,,1.26490,BREAK,2009.03.13 17:00,0,,0,,0,,0,NA,NewYork,BREAK,2009.03.18 23:00,BREAK,2009.03.19 14:00,1.31230,UNTOUCHED,,0,,0,,0,,0,NA,Other,NA,,NA,,B-ZE-UN,B-ZH-BR,B-ZB-BO,S-ZG-BO,B-ZF-BR,S-ZG-BO,B-ZF-BR,S-ZD-BO,B-ZC-BO,B-ZF-BO,S-ZF-BR,B-ZO-UN,S-ZD-BR,S-ZH-BR,S-ZF-BR,B-ZO-BR,B-ZF-BR,B-ZB-BO,B-ZC-UN,B-ZE-UN
464,2009.03.11 00:00,USDCAD,60,86400,SELL,ZF,0,1.30630,1.28160,2470.0,1.30150,1.27240,2910.0,117.814,19.43,1990.0,582.9,1.30150,1.28160,1.25250,BREAK,2009.03.18 21:00,0,,0,,0,,0,NA,Other,BREAK,2009.03.19 15:00,BREAK,2009.04.14 19:00,1.32620,UNTOUCHED,,0,,0,,0,,0,NA,Other,NA,,NA,,1.26170,BREAK,2009.03.18 15:00,0,,0,,0,,0,NA,NewYork,BREAK,2009.03.19 14:00,BOUNCE,2009.03.20 01:00,1.32140,UNTOUCHED,,0,,0,,0,,0,NA,Other,NA,,NA,,S-ZF-BR,B-ZE-UN,B-ZH-BR,B-ZB-BO,S-ZG-BO,B-ZF-BR,S-ZG-BO,B-ZF-BR,S-ZD-BO,B-ZC-BO,B-ZO-UN,S-ZD-BR,S-ZH-BR,S-ZF-BR,B-ZO-BR,B-ZF-BR,B-ZB-BO,B-ZC-UN,B-ZE-UN,S-ZB-BR
465,2009.03.13 00:00,USDCAD,60,86400,BUY,ZO,0,1.29020,1.27510,1510.0,1.29570,1.27660,1910.0,126.490,9.93,1360.0,356.4,1.29020,1.27660,1.30930,UNTOUCHED,,0,,0,,0,,0,NA,Other,NA,,NA,,1.26150,BOUNCE,2009.03.18 16:00,0,,0,,0,,0,NA,NewYork,NA,,NA,,1.30380,UNTOUCHED,,0,,0,,0,,0,NA,Other,NA,,NA,,1.26300,BOUNCE,2009.03.13 17:00,0,,0,,0,,0,NA,NewYork,NA,,NA,,S-ZF-BR,S-ZF-BR,B-ZE-UN,B-ZH-BR,B-ZB-BO,S-ZG-BO,B-ZF-BR,S-ZG-BO,B-ZF-BR,S-ZD-BO,S-ZD-BR,S-ZH-BR,S-ZF-BR,B-ZO-BR,B-ZF-BR,B-ZB-BO,B-ZC-UN,B-ZE-UN,S-ZB-BR,S-ZB-BR
466,2009.03.16 02:00,USDCAD,60,86400,SELL,ZD,1,1.29570,1.27660,1910.0,1.28400,1.26240,2160.0,113.089,61.26,740.0,450.8,1.28400,1.27660,1.25500,BREAK,2009.03.18 21:00,0,,0,,0,,0,NA,Other,BREAK,2009.03.18 23:00,BREAK,2009.03.19 14:00,1.30310,UNTOUCHED,,0,,0,,0,,0,NA,Other,NA,,NA,,1.26920,BREAK,2009.03.16 10:00,0,,0,,0,,0,NA,London,BOUNCE,2009.03.18 15:00,NA,,1.29140,UNTOUCHED,,0,,0,,0,,0,NA,Other,NA,,NA,,B-ZO-UN,S-ZF-BR,S-ZF-BR,B-ZE-UN,B-ZH-BR,B-ZB-BO,S-ZG-BO,B-ZF-BR,S-ZG-BO,B-ZF-BR,S-ZH-BR,S-ZF-BR,B-ZO-BR,B-ZF-BR,B-ZB-BO,B-ZC-UN,B-ZE-UN,S-ZB-BR,S-ZB-BR,S-ZO-BR
467,2009.03.19 00:00,USDCAD,60,86400,SELL,ZH,1,1.27650,1.26740,910.0,1.27510,1.24300,3210.0,352.747,15.38,770.0,214.8,1.27510,1.26740,1.23530,BREAK,2009.03.19 14:00,0,,0,,0,,0,NA,NewYork,BREAK,2009.03.19 15:00,BREAK,2009.04.13 21:00,1.28420,UNTOUCHED,,0,,0,,0,,0,NA,Other,NA,,NA,,1.25970,BREAK,2009.03.19 00:00,0,,0,,0,,0,NA,Asia,BREAK,2009.03.19 01:00,BREAK,2009.03.19 11:00,1.28280,UNTOUCHED,,0,,0,,0,,0,NA,Other,NA,,NA,,S-ZD-BR,B-ZO-UN,S-ZF-BR,S-ZF-BR,B-ZE-UN,B-ZH-BR,B-ZB-BO,S-ZG-BO,B-ZF-BR,S-ZG-BO,S-ZF-BR,B-ZO-BR,B-ZF-BR,B-ZB-BO,B-ZC-UN,B-ZE-UN,S-ZB-BR,S-ZB-BR,S-ZO-BR,B-ZE-UN
468,2009.03.24 00:00,USDCAD,60,86400,SELL,ZF,0,1.24446,1.22906,1540.0,1.23975,1.22005,1970.0,127.922,30.58,1069.0,363.4,1.23975,1.22906,1.20936,BREAK,2009.04.14 18:00,0,,0,,0,,0,NA,NewYork,BOUNCE,2009.04.16 19:00,NA,,1.25515,BREAK,2009.03.30 18:00,0,,0,,0,,0,NA,NewYork,BREAK,2009.04.01 07:00,UNTOUCHED,,1.21837,BREAK,2009.04.13 21:00,0,,0,,0,,0,NA,Other,BOUNCE,2009.04.15 09:00,NA,,1.25044,BREAK,2009.03.30 11:00,0,,0,,0,,0,NA,London,BOUNCE,2009.03.31 13:00,NA,,S-ZH-BR,S-ZD-BR,B-ZO-UN,S-ZF-BR,S-ZF-BR,B-ZE-UN,B-ZH-BR,B-ZB-BO,S-ZG-BO,B-ZF-BR,B-ZO-BR,B-ZF-BR,B-ZB-BO,B-ZC-UN,B-ZE-UN,S-ZB-BR,S-ZB-BR,S-ZO-BR,B-ZE-UN,S-ZG-BR
469,2009.03.26 00:00,USDCAD,60,86400,BUY,ZO,0,1.23215,1.22010,1205.0,1.23540,1.22191,1349.0,111.950,15.02,1024.0,284.4,1.23215,1.22191,1.24564,BREAK,2009.03.30 08:00,0,,0,,0,,0,NA,London,BREAK,2009.03.30 19:00,BREAK,2009.04.01 07:00,1.20986,BREAK,2009.04.14 18:00,0,,0,,0,,0,NA,NewYork,BOUNCE,2009.04.16 20:00,NA,,1.24239,BREAK,2009.03.27 17:00,0,,0,,0,,0,NA,NewYork,BREAK,2009.03.30 18:00,BOUNCE,2009.03.31 10:00,1.21167,BREAK,2009.04.14 15:00,0,,0,,0,,0,NA,NewYork,BREAK,2009.04.16 16:00,BREAK,2009.04.30 10:00,S-ZF-BR,S-ZH-BR,S-ZD-BR,B-ZO-UN,S-ZF-BR,S-ZF-BR,B-ZE-UN,B-ZH-BR,B-ZB-BO,S-ZG-BO,B-ZF-BR,B-ZB-BO,B-ZC-UN,B-ZE-UN,S-ZB-BR,S-ZB-BR,S-ZO-BR,B-ZE-UN,S-ZG-BR,S-ZB-BR
470,2009.03.30 02:00,USDCAD,60,86400,BUY,ZF,1,1.23345,1.22399,946.0,1.24435,1.22645,1790.0,189.218,26.00,700.0,223.3,1.23345,1.22645,1.25135,BREAK,2009.03.30 11:00,0,,0,,0,,0,NA,London,BREAK,2009.03.30 20:00,BREAK,2009.04.01 03:00,1.21699,BREAK,2009.04.13 22:00,0,,0,,0,,0,NA,Other,BREAK,2009.04.14 19:00,BREAK,2009.04.16 03:00,1.24045,BREAK,2009.03.30 02:00,0,,0,,0,,0,NA,Asia,BREAK,2009.03.30 11:00,BREAK,2009.03.30 19:00,1.21945,BREAK,2009.04.13 21:00,0,,0,,0,,0,NA,Other,BREAK,2009.04.14 18:00,BREAK,2009.04.15 18:00,B-ZO-BR,S-ZF-BR,S-ZH-BR,S-ZD-BR,B-ZO-UN,S-ZF-BR,S-ZF-BR,B-ZE-UN,B-ZH-BR,B-ZB-BO,B-ZB-BO,B-ZC-UN,B-ZE-UN,S-ZB-BR,S-ZB-BR,S-ZO-BR,B-ZE-UN,S-ZG-BR,S-ZB-BR,S-ZB-BO
471,2009.03.31 00:00,USDCAD,60,86400,BUY,ZB,1,1.24435,1.22645,1790.0,1.26460,1.23824,2636.0,147.263,65.87,611.0,422.4,1.24435,1.23824,1.27071,BOUNCE,2009.04.01 07:00,1,2009.04.01 21:00,1,2009.04.03 19:00,1,2009.04.13 15:00,3,1w 5d,London,NA,,NA,,1.22034,BOUNCE,2009.04.13 15:00,1,2009.04.20 15:00,0,,0,,1,1w 0d,NewYork,NA,,NA,,1.25046,BREAK,2009.03.31 00:00,0,,0,,0,,0,NA,Asia,BREAK,2009.03.31 01:00,BOUNCE,2009.03.31 04:00,1.23213,BREAK,2009.04.03 19:00,0,,0,,0,,0,NA,NewYork,BOUNCE,2009.04.06 14:00,NA,,B-ZF-BR,B-ZO-BR,S-ZF-BR,S-ZH-BR,S-ZD-BR,B-ZO-UN,S-ZF-BR,S-ZF-BR,B-ZE-UN,B-ZH-BR,B-ZC-UN,B-ZE-UN,S-ZB-BR,S-ZB-BR,S-ZO-BR,B-ZE-UN,S-ZG-BR,S-ZB-BR,S-ZB-BO,S-ZF-BR
472,2009.04.01 00:00,USDCAD,60,86400,BUY,ZC,1,1.26460,1.23824,2636.0,1.26500,1.25005,1495.0,56.715,44.80,1455.0,622.1,1.26460,1.25005,1.27955,UNTOUCHED,,0,,0,,0,,0,NA,Other,NA,,NA,,1.22369,BOUNCE,2009.04.06 04:00,0,,0,,0,,0,NA,Asia,NA,,NA,,1.27915,UNTOUCHED,,0,,0,,0,,0,NA,Other,NA,,NA,,1.23550,BREAK,2009.04.02 19:00,0,,0,,0,,0,NA,NewYork,BREAK,2009.04.14 14:00,BREAK,2009.04.16 15:00,B-ZB-BO,B-ZF-BR,B-ZO-BR,S-ZF-BR,S-ZH-BR,S-ZD-BR,B-ZO-UN,S-ZF-BR,S-ZF-BR,B-ZE-UN,B-ZE-UN,S-ZB-BR,S-ZB-BR,S-ZO-BR,B-ZE-UN,S-ZG-BR,S-ZB-BR,S-ZB-BO,S-ZF-BR,S-ZO-BR
473,2009.04.02 00:00,USDCAD,60,86400,BUY,ZE,1,1.26500,1.25005,1495.0,1.27135,1.25730,1405.0,93.980,48.49,770.0,352.8,1.26500,1.25730,1.27905,UNTOUCHED,,0,,0,,0,,0,NA,Other,NA,,NA,,1.24235,BREAK,2009.04.02 17:00,0,,0,,0,,0,NA,NewYork,BOUNCE,2009.04.02 22:00,NA,,1.27270,UNTOUCHED,,0,,0,,0,,0,NA,Other,NA,,NA,,1.24960,BREAK,2009.04.02 13:00,0,,0,,0,,0,NA,NewYork,BREAK,2009.04.02 18:00,BOUNCE,2009.04.02 22:00,B-ZC-UN,B-ZB-BO,B-ZF-BR,B-ZO-BR,S-ZF-BR,S-ZH-BR,S-ZD-BR,B-ZO-UN,S-ZF-BR,S-ZF-BR,S-ZB-BR,S-ZB-BR,S-ZO-BR,B-ZE-UN,S-ZG-BR,S-ZB-BR,S-ZB-BO,S-ZF-BR,S-ZO-BR,B-ZC-BR
474,2009.04.03 00:00,USDCAD,60,86400,SELL,ZB,1,1.27135,1.25730,1405.0,1.26113,1.23346,2767.0,196.940,72.74,383.0,331.6,1.26113,1.25730,1.22963,BREAK,2009.04.03 21:00,0,,0,,0,,0,NA,Other,BREAK,2009.04.06 06:00,BOUNCE,2009.04.09 17:00,1.27518,UNTOUCHED,,0,,0,,0,,0,NA,Other,NA,,NA,,1.25347,BREAK,2009.04.03 00:00,0,,0,,0,,0,NA,Asia,BREAK,2009.04.03 01:00,BREAK,2009.04.03 02:00,1.26496,UNTOUCHED,,0,,0,,0,,0,NA,Other,NA,,NA,,B-ZE-UN,B-ZC-UN,B-ZB-BO,B-ZF-BR,B-ZO-BR,S-ZF-BR,S-ZH-BR,S-ZD-BR,B-ZO-UN,S-ZF-BR,S-ZB-BR,S-ZO-BR,B-ZE-UN,S-ZG-BR,S-ZB-BR,S-ZB-BO,S-ZF-BR,S-ZO-BR,B-ZC-BR,B-ZB-BR
475,2009.04.06 01:00,USDCAD,60,86400,SELL,ZB,1,1.26113,1.23346,2767.0,1.24537,1.22935,1602.0,57.897,56.96,1191.0,653.0,1.24537,1.23346,1.21744,BREAK,2009.04.13 21:00,0,,0,,0,,0,NA,Other,BREAK,2009.04.16 16:00,BREAK,2009.04.30 10:00,1.27304,UNTOUCHED,,0,,0,,0,,0,NA,Other,NA,,NA,,1.22155,BREAK,2009.04.09 17:00,0,,0,,0,,0,NA,NewYork,BREAK,2009.04.15 18:00,BREAK,2009.04.30 09:00,1.25728,UNTOUCHED,,0,,0,,0,,0,NA,Other,NA,,NA,,S-ZB-BR,B-ZE-UN,B-ZC-UN,B-ZB-BO,B-ZF-BR,B-ZO-BR,S-ZF-BR,S-ZH-BR,S-ZD-BR,B-ZO-UN,S-ZO-BR,B-ZE-UN,S-ZG-BR,S-ZB-BR,S-ZB-BO,S-ZF-BR,S-ZO-BR,B-ZC-BR,B-ZB-BR,B-ZE-UN
476,2009.04.07 00:00,USDCAD,60,86400,SELL,ZO,0,1.24537,1.22935,1602.0,1.24398,1.22243,2155.0,134.519,8.68,1463.0,378.1,1.24398,1.22935,1.20780,BREAK,2009.04.14 19:00,0,,0,,0,,0,NA,NewYork,BREAK,2009.04.30 10:00,BREAK,2009.05.04 22:00,1.26000,UNTOUCHED,,0,,0,,0,,0,NA,Other,NA,,NA,,1.21472,BREAK,2009.04.14 14:00,0,,0,,0,,0,NA,NewYork,BOUNCE,2009.04.17 12:00,NA,,1.25861,UNTOUCHED,,0,,0,,0,,0,NA,Other,NA,,NA,,S-ZB-BR,S-ZB-BR,B-ZE-UN,B-ZC-UN,B-ZB-BO,B-ZF-BR,B-ZO-BR,S-ZF-BR,S-ZH-BR,S-ZD-BR,B-ZE-UN,S-ZG-BR,S-ZB-BR,S-ZB-BO,S-ZF-BR,S-ZO-BR,B-ZC-BR,B-ZB-BR,B-ZE-UN,S-ZB-BR
477,2009.04.08 00:00,USDCAD,60,86400,BUY,ZE,1,1.24398,1.22243,2155.0,1.24828,1.23293,1535.0,71.230,48.72,1105.0,508.6,1.24398,1.23293,1.25933,UNTOUCHED,,0,,0,,0,,0,NA,Other,NA,,NA,,1.21138,BREAK,2009.04.14 15:00,0,,0,,0,,0,NA,NewYork,BOUNCE,2009.04.16 20:00,NA,,1.25503,UNTOUCHED,,0,,0,,0,,0,NA,Other,NA,,NA,,1.22188,BREAK,2009.04.09 17:00,0,,0,,0,,0,NA,NewYork,BREAK,2009.04.15 18:00,BOUNCE,2009.04.16 20:00,S-ZO-BR,S-ZB-BR,S-ZB-BR,B-ZE-UN,B-ZC-UN,B-ZB-BO,B-ZF-BR,B-ZO-BR,S-ZF-BR,S-ZH-BR,S-ZG-BR,S-ZB-BR,S-ZB-BO,S-ZF-BR,S-ZO-BR,B-ZC-BR,B-ZB-BR,B-ZE-UN,S-ZB-BR,B-ZE-UN
478,2009.04.09 00:00,USDCAD,60,86400,SELL,ZG,0,1.24828,1.23293,1535.0,1.24633,1.23068,1565.0,101.954,12.70,1340.0,362.3,1.24633,1.23293,1.21728,BREAK,2009.04.13 22:00,0,,0,,0,,0,NA,Other,BREAK,2009.04.16 15:00,BREAK,2009.04.30 11:00,1.26168,UNTOUCHED,,0,,0,,0,,0,NA,Other,NA,,NA,,1.21953,BREAK,2009.04.13 21:00,0,,0,,0,,0,NA,Other,BREAK,2009.04.15 19:00,BREAK,2009.04.30 10:00,1.25973,UNTOUCHED,,0,,0,,0,,0,NA,Other,NA,,NA,,B-ZE-UN,S-ZO-BR,S-ZB-BR,S-ZB-BR,B-ZE-UN,B-ZC-UN,B-ZB-BO,B-ZF-BR,B-ZO-BR,S-ZF-BR,S-ZB-BR,S-ZB-BO,S-ZF-BR,S-ZO-BR,B-ZC-BR,B-ZB-BR,B-ZE-UN,S-ZB-BR,B-ZE-UN,S-ZB-BR
479,2009.04.10 00:00,USDCAD,60,86400,SELL,ZB,1,1.24633,1.23068,1565.0,1.23999,1.22099,1900.0,121.406,40.51,931.0,369.3,1.23999,1.23068,1.21168,BREAK,2009.04.14 15:00,0,,0,,0,,0,NA,NewYork,BREAK,2009.04.16 16:00,BREAK,2009.04.30 10:00,1.25564,UNTOUCHED,,0,,0,,0,,0,NA,Other,NA,,NA,,1.22137,BREAK,2009.04.13 14:00,0,,0,,0,,0,NA,NewYork,BREAK,2009.04.14 19:00,BREAK,2009.04.16 16:00,1.24930,BOUNCE,2009.04.21 16:00,1,2009.04.24 09:00,1,2009.04.24 09:00,0,,2,2d 17h,NewYork,NA,,NA,,S-ZG-BR,B-ZE-UN,S-ZO-BR,S-ZB-BR,S-ZB-BR,B-ZE-UN,B-ZC-UN,B-ZB-BO,B-ZF-BR,B-ZO-BR,S-ZB-BO,S-ZF-BR,S-ZO-BR,B-ZC-BR,B-ZB-BR,B-ZE-UN,S-ZB-BR,B-ZE-UN,S-ZB-BR,S-ZB-BO
480,2009.04.15 00:00,USDCAD,60,86400,SELL,ZB,1,1.22978,1.21648,1330.0,1.22393,1.20608,1785.0,134.211,43.98,745.0,313.9,1.22393,1.21648,1.19863,BOUNCE,2009.04.16 16:00,1,2009.04.16 20:00,1,2009.04.20 15:00,1,2009.04.20 17:00,3,4d 1h,NewYork,NA,,NA,,1.23723,BREAK,2009.04.20 17:00,0,,0,,0,,0,NA,NewYork,BREAK,2009.04.21 16:00,UNTOUCHED,,1.20903,BREAK,2009.04.15 17:00,0,,0,,0,,0,NA,NewYork,BOUNCE,2009.04.16 12:00,NA,,1.23138,BREAK,2009.04.20 15:00,0,,0,,0,,0,NA,NewYork,BREAK,2009.04.21 03:00,BREAK,2009.04.21 16:00,S-ZB-BR,S-ZG-BR,B-ZE-UN,S-ZO-BR,S-ZB-BR,S-ZB-BR,B-ZE-UN,B-ZC-UN,B-ZB-BO,B-ZF-BR,S-ZF-BR,S-ZO-BR,B-ZC-BR,B-ZB-BR,B-ZE-UN,S-ZB-BR,B-ZE-UN,S-ZB-BR,S-ZB-BO,S-ZD-BR
481,2009.04.16 00:00,USDCAD,60,86400,SELL,ZF,0,1.22393,1.20608,1785.0,1.21848,1.20128,1720.0,96.359,30.53,1240.0,421.3,1.21848,1.20608,1.18888,BREAK,2009.04.30 10:00,0,,0,,0,,0,NA,London,BREAK,2009.05.05 00:00,BREAK,2009.05.08 14:00,1.23633,BREAK,2009.04.20 16:00,0,,0,,0,,0,NA,NewYork,BOUNCE,2009.04.21 18:00,NA,,1.19368,BREAK,2009.04.30 09:00,0,,0,,0,,0,NA,London,BREAK,2009.05.04 17:00,BOUNCE,2009.05.06 14:00,1.23088,BREAK,2009.04.20 15:00,0,,0,,0,,0,NA,NewYork,BREAK,2009.04.21 16:00,UNTOUCHED,,S-ZB-BO,S-ZB-BR,S-ZG-BR,B-ZE-UN,S-ZO-BR,S-ZB-BR,S-ZB-BR,B-ZE-UN,B-ZC-UN,B-ZB-BO,S-ZO-BR,B-ZC-BR,B-ZB-BR,B-ZE-UN,S-ZB-BR,B-ZE-UN,S-ZB-BR,S-ZB-BO,S-ZD-BR,S-ZD-BO
482,2009.04.17 00:00,USDCAD,60,86400,SELL,ZO,0,1.21848,1.20128,1720.0,1.21458,1.19810,1648.0,95.814,22.67,1330.0,405.9,1.21458,1.20128,1.18480,BREAK,2009.05.01 13:00,0,,0,,0,,0,NA,NewYork,BREAK,2009.05.06 21:00,BREAK,2009.05.08 20:00,1.23178,BREAK,2009.04.20 15:00,0,,0,,0,,0,NA,NewYork,BREAK,2009.04.21 16:00,UNTOUCHED,,1.18798,BREAK,2009.04.30 10:00,0,,0,,0,,0,NA,London,BREAK,2009.05.05 12:00,BREAK,2009.05.08 14:00,1.22788,BREAK,2009.04.20 13:00,0,,0,,0,,0,NA,NewYork,BREAK,2009.04.21 16:00,UNTOUCHED,,S-ZF-BR,S-ZB-BO,S-ZB-BR,S-ZG-BR,B-ZE-UN,S-ZO-BR,S-ZB-BR,S-ZB-BR,B-ZE-UN,B-ZC-UN,B-ZC-BR,B-ZB-BR,B-ZE-UN,S-ZB-BR,B-ZE-UN,S-ZB-BR,S-ZB-BO,S-ZD-BR,S-ZD-BO,S-ZE-BO
483,2009.04.20 01:00,USDCAD,60,86400,BUY,ZC,1,1.21458,1.19810,1648.0,1.21778,1.20693,1085.0,65.837,53.58,765.0,388.9,1.21458,1.20693,1.22543,BREAK,2009.04.20 13:00,0,,0,,0,,0,NA,NewYork,BREAK,2009.04.20 17:00,BREAK,2009.04.21 16:00,1.19045,BREAK,2009.04.30 10:00,0,,0,,0,,0,NA,London,BREAK,2009.05.04 16:00,BREAK,2009.05.05 12:00,1.22223,BREAK,2009.04.20 11:00,0,,0,,0,,0,NA,London,BREAK,2009.04.20 15:00,BREAK,2009.04.21 03:00,1.19928,BREAK,2009.04.29 18:00,0,,0,,0,,0,NA,NewYork,BREAK,2009.04.30 10:00,BOUNCE,2009.05.01 17:00,S-ZO-BR,S-ZF-BR,S-ZB-BO,S-ZB-BR,S-ZG-BR,B-ZE-UN,S-ZO-BR,S-ZB-BR,S-ZB-BR,B-ZE-UN,B-ZB-BR,B-ZE-UN,S-ZB-BR,B-ZE-UN,S-ZB-BR,S-ZB-BO,S-ZD-BR,S-ZD-BO,S-ZE-BO,S-ZO-BR
484,2009.04.21 00:00,USDCAD,60,86400,BUY,ZB,1,1.21778,1.20693,1085.0,1.23950,1.21218,2732.0,251.797,48.39,560.0,256.1,1.21778,1.21218,1.24510,BREAK,2009.04.21 16:00,0,,0,,0,,0,NA,NewYork,UNTOUCHED,,NA,,1.20133,BOUNCE,2009.04.29 15:00,0,,0,,0,,0,NA,NewYork,NA,,NA,,1.22338,BREAK,2009.04.21 00:00,0,,0,,0,,0,NA,Asia,BREAK,2009.04.21 01:00,BREAK,2009.04.21 02:00,1.20658,BOUNCE,2009.04.29 11:00,0,,0,,0,,0,NA,London,NA,,NA,,B-ZC-BR,S-ZO-BR,S-ZF-BR,S-ZB-BO,S-ZB-BR,S-ZG-BR,B-ZE-UN,S-ZO-BR,S-ZB-BR,S-ZB-BR,B-ZE-UN,S-ZB-BR,B-ZE-UN,S-ZB-BR,S-ZB-BO,S-ZD-BR,S-ZD-BO,S-ZE-BO,S-ZO-BR,S-ZF-BR
485,2009.04.22 00:00,USDCAD,60,86400,BUY,ZE,1,1.23950,1.21218,2732.0,1.25038,1.23248,1790.0,65.520,74.30,702.0,644.8,1.23950,1.23248,1.25740,UNTOUCHED,,0,,0,,0,,0,NA,Other,NA,,NA,,1.20516,BOUNCE,2009.04.29 11:00,0,,0,,0,,0,NA,London,NA,,NA,,1.24652,BOUNCE,2009.04.22 16:00,1,2009.04.23 17:00,1,2009.04.29 11:00,0,,2,6d 19h,NewYork,NA,,NA,,1.22546,BOUNCE,2009.04.23 17:00,0,,0,,0,,0,NA,NewYork,NA,,NA,,B-ZB-BR,B-ZC-BR,S-ZO-BR,S-ZF-BR,S-ZB-BO,S-ZB-BR,S-ZG-BR,B-ZE-UN,S-ZO-BR,S-ZB-BR,S-ZB-BR,B-ZE-UN,S-ZB-BR,S-ZB-BO,S-ZD-BR,S-ZD-BO,S-ZE-BO,S-ZO-BR,S-ZF-BR,S-ZO-BR
486,2009.04.24 00:00,USDCAD,60,86400,SELL,ZB,1,1.24741,1.23268,1473.0,1.24148,1.22257,1891.0,128.377,40.26,880.0,347.6,1.24148,1.23268,1.21377,BREAK,2009.04.24 16:00,0,,0,,0,,0,NA,NewYork,BREAK,2009.04.29 15:00,BREAK,2009.04.30 09:00,1.25621,UNTOUCHED,,0,,0,,0,,0,NA,Other,NA,,NA,,1.22388,BREAK,2009.04.24 00:00,0,,0,,0,,0,NA,Asia,BREAK,2009.04.24 16:00,BREAK,2009.04.29 14:00,1.25028,UNTOUCHED,,0,,0,,0,,0,NA,Other,NA,,NA,,B-ZE-UN,B-ZB-BR,B-ZC-BR,S-ZO-BR,S-ZF-BR,S-ZB-BO,S-ZB-BR,S-ZG-BR,B-ZE-UN,S-ZO-BR,B-ZE-UN,S-ZB-BR,S-ZB-BO,S-ZD-BR,S-ZD-BO,S-ZE-BO,S-ZO-BR,S-ZF-BR,S-ZO-BR,B-ZO-UN
487,2009.04.29 00:00,USDCAD,60,86400,BUY,ZE,1,1.22153,1.20746,1407.0,1.22651,1.21631,1020.0,72.495,62.90,522.0,332.1,1.22153,1.21631,1.23173,UNTOUCHED,,0,,0,,0,,0,NA,Other,NA,,NA,,1.20224,BREAK,2009.04.29 15:00,0,,0,,0,,0,NA,NewYork,BREAK,2009.04.30 09:00,BREAK,2009.04.30 10:00,1.22675,UNTOUCHED,,0,,0,,0,,0,NA,Other,NA,,NA,,1.21109,BREAK,2009.04.29 10:00,0,,0,,0,,0,NA,London,BREAK,2009.04.29 14:00,BOUNCE,2009.04.29 21:00,S-ZB-BR,B-ZE-UN,B-ZB-BR,B-ZC-BR,S-ZO-BR,S-ZF-BR,S-ZB-BO,S-ZB-BR,S-ZG-BR,B-ZE-UN,S-ZB-BR,S-ZB-BO,S-ZD-BR,S-ZD-BO,S-ZE-BO,S-ZO-BR,S-ZF-BR,S-ZO-BR,B-ZO-UN,B-ZF-UN
488,2009.04.30 00:00,USDCAD,60,86400,SELL,ZB,1,1.22651,1.21631,1020.0,1.22181,1.19878,2303.0,225.784,46.08,550.0,240.7,1.22181,1.21631,1.19328,BREAK,2009.04.30 09:00,0,,0,,0,,0,NA,London,BOUNCE,2009.04.30 15:00,NA,,1.23201,UNTOUCHED,,0,,0,,0,,0,NA,Other,NA,,NA,,1.21081,BREAK,2009.04.30 00:00,0,,0,,0,,0,NA,Asia,BREAK,2009.04.30 02:00,BREAK,2009.04.30 05:00,1.22731,UNTOUCHED,,0,,0,,0,,0,NA,Other,NA,,NA,,B-ZE-UN,S-ZB-BR,B-ZE-UN,B-ZB-BR,B-ZC-BR,S-ZO-BR,S-ZF-BR,S-ZB-BO,S-ZB-BR,S-ZG-BR,S-ZB-BO,S-ZD-BR,S-ZD-BO,S-ZE-BO,S-ZO-BR,S-ZF-BR,S-ZO-BR,B-ZO-UN,B-ZF-UN,B-ZE-UN
489,2009.05.01 00:00,USDCAD,60,86400,SELL,ZB,1,1.22181,1.19878,2303.0,1.20493,1.18603,1890.0,82.067,73.30,615.0,543.5,1.20493,1.19878,1.17988,BOUNCE,2009.05.04 06:00,0,,0,,0,,0,NA,Asia,NA,,NA,,1.22796,UNTOUCHED,,0,,0,,0,,0,NA,Other,NA,,NA,,1.19263,BREAK,2009.05.01 00:00,0,,0,,0,,0,NA,Asia,BOUNCE,2009.05.01 17:00,NA,,1.21108,UNTOUCHED,,0,,0,,0,,0,NA,Other,NA,,NA,,S-ZB-BR,B-ZE-UN,S-ZB-BR,B-ZE-UN,B-ZB-BR,B-ZC-BR,S-ZO-BR,S-ZF-BR,S-ZB-BO,S-ZB-BR,S-ZD-BR,S-ZD-BO,S-ZE-BO,S-ZO-BR,S-ZF-BR,S-ZO-BR,B-ZO-UN,B-ZF-UN,B-ZE-UN,S-ZB-BR
490,2009.05.04 01:00,USDCAD,60,86400,SELL,ZD,1,1.20493,1.18603,1890.0,1.19516,1.18298,1218.0,64.444,51.69,913.0,446.0,1.19516,1.18603,1.17385,BREAK,2009.05.04 22:00,0,,0,,0,,0,NA,Other,BOUNCE,2009.05.07 17:00,NA,,1.21406,UNTOUCHED,,0,,0,,0,,0,NA,Other,NA,,NA,,1.17690,BREAK,2009.05.04 17:00,0,,0,,0,,0,NA,NewYork,BOUNCE,2009.05.05 17:00,NA,,1.20429,UNTOUCHED,,0,,0,,0,,0,NA,Other,NA,,NA,,S-ZB-BO,S-ZB-BR,B-ZE-UN,S-ZB-BR,B-ZE-UN,B-ZB-BR,B-ZC-BR,S-ZO-BR,S-ZF-BR,S-ZB-BO,S-ZD-BO,S-ZE-BO,S-ZO-BR,S-ZF-BR,S-ZO-BR,B-ZO-UN,B-ZF-UN,B-ZE-UN,S-ZB-BR,S-ZB-BR
491,2009.05.05 00:00,USDCAD,60,86400,SELL,ZD,1,1.19516,1.18298,1218.0,1.18981,1.17231,1750.0,143.678,43.92,683.0,287.4,1.18981,1.18298,1.16548,BOUNCE,2009.05.06 22:00,1,2009.05.15 20:00,0,,0,,1,1w 1d,Other,NA,,NA,,1.20199,UNTOUCHED,,0,,0,,0,,0,NA,Other,NA,,NA,,1.17615,BREAK,2009.05.05 00:00,0,,0,,0,,0,NA,Asia,BOUNCE,2009.05.05 17:00,NA,,1.19664,UNTOUCHED,,0,,0,,0,,0,NA,Other,NA,,NA,,S-ZD-BR,S-ZB-BO,S-ZB-BR,B-ZE-UN,S-ZB-BR,B-ZE-UN,B-ZB-BR,B-ZC-BR,S-ZO-BR,S-ZF-BR,S-ZE-BO,S-ZO-BR,S-ZF-BR,S-ZO-BR,B-ZO-UN,B-ZF-UN,B-ZE-UN,S-ZB-BR,S-ZB-BR,S-ZE-BO
492,2009.05.06 00:00,USDCAD,60,86400,SELL,ZE,1,1.18981,1.17231,1750.0,1.17897,1.16771,1126.0,64.343,61.94,666.0,413.0,1.17897,1.17231,1.16105,BOUNCE,2009.05.08 13:00,1,2009.05.13 20:00,0,,0,,1,5d 7h,NewYork,NA,,NA,,1.19647,UNTOUCHED,,0,,0,,0,,0,NA,Other,NA,,NA,,1.16565,BOUNCE,2009.05.06 22:00,0,,0,,0,,0,NA,Other,NA,,NA,,1.18563,UNTOUCHED,,0,,0,,0,,0,NA,Other,NA,,NA,,S-ZD-BO,S-ZD-BR,S-ZB-BO,S-ZB-BR,B-ZE-UN,S-ZB-BR,B-ZE-UN,B-ZB-BR,B-ZC-BR,S-ZO-BR,S-ZO-BR,S-ZF-BR,S-ZO-BR,B-ZO-UN,B-ZF-UN,B-ZE-UN,S-ZB-BR,S-ZB-BR,S-ZE-BO,S-ZE-BR
493,2009.05.08 00:00,USDCAD,60,86400,SELL,ZO,0,1.18242,1.16534,1708.0,1.17620,1.16295,1325.0,77.576,36.42,1086.0,403.1,1.17620,1.16534,1.15209,BREAK,2009.05.08 20:00,0,,0,,0,,0,NA,NewYork,BREAK,2009.05.20 21:00,BREAK,2009.05.22 13:00,1.19328,UNTOUCHED,,0,,0,,0,,0,NA,Other,NA,,NA,,1.15448,BREAK,2009.05.08 20:00,0,,0,,0,,0,NA,NewYork,BREAK,2009.05.20 21:00,BREAK,2009.05.22 13:00,1.18706,UNTOUCHED,,0,,0,,0,,0,NA,Other,NA,,NA,,S-ZE-BO,S-ZD-BO,S-ZD-BR,S-ZB-BO,S-ZB-BR,B-ZE-UN,S-ZB-BR,B-ZE-UN,B-ZB-BR,B-ZC-BR,S-ZF-BR,S-ZO-BR,B-ZO-UN,B-ZF-UN,B-ZE-UN,S-ZB-BR,S-ZB-BR,S-ZE-BO,S-ZE-BR,B-ZO-BO
494,2009.05.11 01:00,USDCAD,60,86400,SELL,ZF,1,1.17620,1.16295,1325.0,1.17318,1.14900,2418.0,182.491,22.79,1023.0,312.7,1.17318,1.16295,1.13877,BREAK,2009.05.20 21:00,0,,0,,0,,0,NA,Other,BREAK,2009.05.22 14:00,BREAK,2009.05.27 02:00,1.18643,UNTOUCHED,,0,,0,,0,,0,NA,Other,NA,,NA,,1.15272,BREAK,2009.05.11 01:00,0,,0,,0,,0,NA,Asia,BREAK,2009.05.20 21:00,BREAK,2009.05.22 13:00,1.18341,UNTOUCHED,,0,,0,,0,,0,NA,Other,NA,,NA,,S-ZO-BR,S-ZE-BO,S-ZD-BO,S-ZD-BR,S-ZB-BO,S-ZB-BR,B-ZE-UN,S-ZB-BR,B-ZE-UN,B-ZB-BR,S-ZO-BR,B-ZO-UN,B-ZF-UN,B-ZE-UN,S-ZB-BR,S-ZB-BR,S-ZE-BO,S-ZE-BR,B-ZO-BO,S-ZB-BR
495,2009.05.12 00:00,USDCAD,60,86400,SELL,ZO,0,1.17318,1.14900,2418.0,1.16710,1.14742,1968.0,81.390,25.14,1810.0,570.6,1.16710,1.14900,1.12932,BREAK,2009.05.22 13:00,0,,0,,0,,0,NA,NewYork,BREAK,2009.05.29 09:00,BREAK,2009.06.01 04:00,1.19128,UNTOUCHED,,0,,0,,0,,0,NA,Other,NA,,NA,,1.13090,BREAK,2009.05.22 12:00,0,,0,,0,,0,NA,London,BREAK,2009.05.29 09:00,BREAK,2009.06.01 04:00,1.18520,UNTOUCHED,,0,,0,,0,,0,NA,Other,NA,,NA,,S-ZF-BR,S-ZO-BR,S-ZE-BO,S-ZD-BO,S-ZD-BR,S-ZB-BO,S-ZB-BR,B-ZE-UN,S-ZB-BR,B-ZE-UN,B-ZO-UN,B-ZF-UN,B-ZE-UN,S-ZB-BR,S-ZB-BR,S-ZE-BO,S-ZE-BR,B-ZO-BO,S-ZB-BR,B-ZO-BO
496,2009.05.13 00:00,USDCAD,60,86400,BUY,ZO,0,1.16710,1.14742,1968.0,1.16965,1.15392,1573.0,79.929,33.03,1318.0,464.4,1.16710,1.15392,1.18283,UNTOUCHED,,0,,0,,0,,0,NA,Other,NA,,NA,,1.13424,BREAK,2009.05.22 02:00,0,,0,,0,,0,NA,Asia,BOUNCE,2009.05.26 13:00,NA,,1.18028,BOUNCE,2009.05.15 20:00,1,2009.05.20 16:00,1,2009.05.22 02:00,0,,2,6d 6h,NewYork,NA,,NA,,1.14074,BREAK,2009.05.20 16:00,0,,0,,0,,0,NA,NewYork,BREAK,2009.05.22 15:00,BREAK,2009.05.29 08:00,S-ZO-BR,S-ZF-BR,S-ZO-BR,S-ZE-BO,S-ZD-BO,S-ZD-BR,S-ZB-BO,S-ZB-BR,B-ZE-UN,S-ZB-BR,B-ZF-UN,B-ZE-UN,S-ZB-BR,S-ZB-BR,S-ZE-BO,S-ZE-BR,B-ZO-BO,S-ZB-BR,B-ZO-BO,B-ZF-BR
497,2009.05.14 00:00,USDCAD,60,86400,BUY,ZF,0,1.16965,1.15392,1573.0,1.17755,1.15524,2231.0,141.831,8.39,1441.0,371.2,1.16965,1.15524,1.19196,UNTOUCHED,,0,,0,,0,,0,NA,Other,NA,,NA,,1.13951,BREAK,2009.05.20 21:00,0,,0,,0,,0,NA,Other,BREAK,2009.05.22 15:00,BOUNCE,2009.05.28 10:00,1.18406,UNTOUCHED,,0,,0,,0,,0,NA,Other,NA,,NA,,1.14083,BREAK,2009.05.20 16:00,0,,0,,0,,0,NA,NewYork,BREAK,2009.05.22 15:00,BREAK,2009.05.29 08:00,B-ZO-UN,S-ZO-BR,S-ZF-BR,S-ZO-BR,S-ZE-BO,S-ZD-BO,S-ZD-BR,S-ZB-BO,S-ZB-BR,B-ZE-UN,B-ZE-UN,S-ZB-BR,S-ZB-BR,S-ZE-BO,S-ZE-BR,B-ZO-BO,S-ZB-BR,B-ZO-BO,B-ZF-BR,B-ZE-BR
498,2009.05.15 00:00,USDCAD,60,86400,BUY,ZE,1,1.17755,1.15524,2231.0,1.17871,1.16834,1037.0,46.481,58.72,921.0,526.5,1.17755,1.16834,1.18792,UNTOUCHED,,0,,0,,0,,0,NA,Other,NA,,NA,,1.14603,BREAK,2009.05.20 16:00,0,,0,,0,,0,NA,NewYork,BOUNCE,2009.05.21 14:00,NA,,1.18676,UNTOUCHED,,0,,0,,0,,0,NA,Other,NA,,NA,,1.15913,BREAK,2009.05.19 09:00,0,,0,,0,,0,NA,London,BREAK,2009.05.20 16:00,BREAK,2009.05.21 11:00,B-ZF-UN,B-ZO-UN,S-ZO-BR,S-ZF-BR,S-ZO-BR,S-ZE-BO,S-ZD-BO,S-ZD-BR,S-ZB-BO,S-ZB-BR,S-ZB-BR,S-ZB-BR,S-ZE-BO,S-ZE-BR,B-ZO-BO,S-ZB-BR,B-ZO-BO,B-ZF-BR,B-ZE-BR,B-ZF-BR
499,2009.05.20 00:00,USDCAD,60,86400,SELL,ZB,1,1.18140,1.16066,2074.0,1.16582,1.15221,1361.0,65.622,75.12,516.0,489.5,1.16582,1.16066,1.14705,BREAK,2009.05.20 16:00,0,,0,,0,,0,NA,NewYork,BREAK,2009.05.20 21:00,BOUNCE,2009.05.21 00:00,1.18656,UNTOUCHED,,0,,0,,0,,0,NA,Other,NA,,NA,,1.15550,BREAK,2009.05.20 00:00,0,,0,,0,,0,NA,Asia,BREAK,2009.05.20 16:00,BREAK,2009.05.20 17:00,1.17098,UNTOUCHED,,0,,0,,0,,0,NA,Other,NA,,NA,,B-ZE-UN,B-ZF-UN,B-ZO-UN,S-ZO-BR,S-ZF-BR,S-ZO-BR,S-ZE-BO,S-ZD-BO,S-ZD-BR,S-ZB-BO,S-ZB-BR,S-ZE-BO,S-ZE-BR,B-ZO-BO,S-ZB-BR,B-ZO-BO,B-ZF-BR,B-ZE-BR,B-ZF-BR,B-ZE-BO
500,2009.05.21 00:00,USDCAD,60,86400,SELL,ZB,1,1.16582,1.15221,1361.0,1.15829,1.13629,2200.0,161.646,55.33,608.0,321.2,1.15829,1.15221,1.13021,BREAK,2009.05.22 13:00,0,,0,,0,,0,NA,NewYork,BREAK,2009.05.22 15:00,BREAK,2009.05.27 03:00,1.17190,UNTOUCHED,,0,,0,,0,,0,NA,Other,NA,,NA,,1.14613,BREAK,2009.05.21 00:00,0,,0,,0,,0,NA,Asia,BREAK,2009.05.21 05:00,BREAK,2009.05.22 12:00,1.16437,BOUNCE,2009.07.01 04:00,1,2009.07.01 16:00,1,2009.07.01 16:00,0,,2,12h,Asia,NA,,NA,,S-ZB-BR,B-ZE-UN,B-ZF-UN,B-ZO-UN,S-ZO-BR,S-ZF-BR,S-ZO-BR,S-ZE-BO,S-ZD-BO,S-ZD-BR,S-ZE-BO,S-ZE-BR,B-ZO-BO,S-ZB-BR,B-ZO-BO,B-ZF-BR,B-ZE-BR,B-ZF-BR,B-ZE-BO,S-ZD-UN
501,2009.05.22 00:00,USDCAD,60,86400,SELL,ZE,1,1.15829,1.13629,2200.0,1.14815,1.13466,1349.0,61.318,46.09,1186.0,519.2,1.14815,1.13629,1.12280,BOUNCE,2009.05.22 15:00,1,2009.06.22 15:00,1,2009.06.25 13:00,0,,2,4w 5d,NewYork,NA,,NA,,1.17015,UNTOUCHED,,0,,0,,0,,0,NA,Other,NA,,NA,,1.12443,BREAK,2009.05.22 15:00,0,,0,,0,,0,NA,NewYork,BOUNCE,2009.05.28 07:00,NA,,1.16001,BOUNCE,2009.06.25 13:00,0,,0,,0,,0,NA,NewYork,NA,,NA,,S-ZB-BR,S-ZB-BR,B-ZE-UN,B-ZF-UN,B-ZO-UN,S-ZO-BR,S-ZF-BR,S-ZO-BR,S-ZE-BO,S-ZD-BO,S-ZE-BR,B-ZO-BO,S-ZB-BR,B-ZO-BO,B-ZF-BR,B-ZE-BR,B-ZF-BR,B-ZE-BO,S-ZD-UN,S-ZO-UN
502,2009.05.28 00:00,USDCAD,60,86400,SELL,ZE,1,1.13540,1.11553,1987.0,1.12237,1.10975,1262.0,63.513,65.58,684.0,468.9,1.12237,1.11553,1.10291,BREAK,2009.05.29 12:00,0,,0,,0,,0,NA,London,BREAK,2009.05.29 19:00,BREAK,2009.06.01 09:00,1.14224,BOUNCE,2009.06.17 15:00,1,2009.06.17 21:00,0,,0,,1,6h,NewYork,NA,,NA,,1.10869,BREAK,2009.05.29 08:00,0,,0,,0,,0,NA,London,BREAK,2009.05.29 15:00,BREAK,2009.05.29 20:00,1.12921,BREAK,2009.06.15 10:00,0,,0,,0,,0,NA,London,BOUNCE,2009.06.16 10:00,NA,,S-ZE-BO,S-ZB-BR,S-ZB-BR,B-ZE-UN,B-ZF-UN,B-ZO-UN,S-ZO-BR,S-ZF-BR,S-ZO-BR,S-ZE-BO,B-ZO-BO,S-ZB-BR,B-ZO-BO,B-ZF-BR,B-ZE-BR,B-ZF-BR,B-ZE-BO,S-ZD-UN,S-ZO-UN,B-ZB-BR
503,2009.05.29 00:00,USDCAD,60,86400,BUY,ZO,0,1.12237,1.10975,1262.0,1.12566,1.11065,1501.0,118.938,7.13,1172.0,297.8,1.12237,1.11065,1.13738,BOUNCE,2009.06.15 19:00,0,,0,,0,,0,NA,NewYork,NA,,NA,,1.09803,BREAK,2009.05.29 15:00,0,,0,,0,,0,NA,NewYork,BREAK,2009.06.01 10:00,UNTOUCHED,,1.13409,BREAK,2009.06.15 15:00,0,,0,,0,,0,NA,NewYork,BREAK,2009.06.22 15:00,BOUNCE,2009.06.24 09:00,1.09893,BREAK,2009.05.29 14:00,0,,0,,0,,0,NA,NewYork,BREAK,2009.06.01 09:00,UNTOUCHED,,S-ZE-BR,S-ZE-BO,S-ZB-BR,S-ZB-BR,B-ZE-UN,B-ZF-UN,B-ZO-UN,S-ZO-BR,S-ZF-BR,S-ZO-BR,S-ZB-BR,B-ZO-BO,B-ZF-BR,B-ZE-BR,B-ZF-BR,B-ZE-BO,S-ZD-UN,S-ZO-UN,B-ZB-BR,B-ZB-BO
504,2009.06.01 01:00,USDCAD,60,86400,SELL,ZB,1,1.12566,1.11065,1501.0,1.11562,1.08905,2657.0,177.015,66.89,497.0,354.2,1.11562,1.11065,1.08408,BREAK,2009.06.01 09:00,0,,0,,0,,0,NA,London,BOUNCE,2009.06.02 17:00,NA,,1.13063,BOUNCE,2009.06.15 10:00,0,,0,,0,,0,NA,London,NA,,NA,,1.10568,BREAK,2009.06.01 01:00,0,,0,,0,,0,NA,Asia,BREAK,2009.06.01 02:00,BREAK,2009.06.01 03:00,1.12059,BOUNCE,2009.06.05 23:00,1,2009.06.09 14:00,1,2009.06.09 14:00,0,,2,3d 15h,Other,NA,,NA,,B-ZO-BO,S-ZE-BR,S-ZE-BO,S-ZB-BR,S-ZB-BR,B-ZE-UN,B-ZF-UN,B-ZO-UN,S-ZO-BR,S-ZF-BR,B-ZO-BO,B-ZF-BR,B-ZE-BR,B-ZF-BR,B-ZE-BO,S-ZD-UN,S-ZO-UN,B-ZB-BR,B-ZB-BO,B-ZG-BR
505,2009.06.03 00:00,USDCAD,60,86400,BUY,ZO,0,1.09445,1.07842,1603.0,1.09713,1.07899,1814.0,113.163,3.56,1546.0,378.3,1.09445,1.07899,1.11259,BOUNCE,2009.06.04 00:00,0,,0,,0,,0,NA,Asia,NA,,NA,,1.06296,UNTOUCHED,,0,,0,,0,,0,NA,Other,NA,,NA,,1.10991,BREAK,2009.06.03 22:00,0,,0,,0,,0,NA,Other,BOUNCE,2009.06.09 10:00,NA,,1.06353,UNTOUCHED,,0,,0,,0,,0,NA,Other,NA,,NA,,S-ZB-BR,B-ZO-BO,S-ZE-BR,S-ZE-BO,S-ZB-BR,S-ZB-BR,B-ZE-UN,B-ZF-UN,B-ZO-UN,S-ZO-BR,B-ZF-BR,B-ZE-BR,B-ZF-BR,B-ZE-BO,S-ZD-UN,S-ZO-UN,B-ZB-BR,B-ZB-BO,B-ZG-BR,S-ZE-BR
506,2009.06.04 00:00,USDCAD,60,86400,BUY,ZF,1,1.09713,1.07899,1814.0,1.11168,1.07945,3223.0,177.674,2.54,1768.0,428.1,1.09713,1.07945,1.12936,BREAK,2009.06.15 10:00,0,,0,,0,,0,NA,London,BREAK,2009.06.22 16:00,BOUNCE,2009.07.01 15:00,1.06131,UNTOUCHED,,0,,0,,0,,0,NA,Other,NA,,NA,,1.11481,BOUNCE,2009.06.04 14:00,0,,0,,0,,0,NA,NewYork,NA,,NA,,1.06177,UNTOUCHED,,0,,0,,0,,0,NA,Other,NA,,NA,,B-ZO-BO,S-ZB-BR,B-ZO-BO,S-ZE-BR,S-ZE-BO,S-ZB-BR,S-ZB-BR,B-ZE-UN,B-ZF-UN,B-ZO-UN,B-ZE-BR,B-ZF-BR,B-ZE-BO,S-ZD-UN,S-ZO-UN,B-ZB-BR,B-ZB-BO,B-ZG-BR,S-ZE-BR,B-ZB-BO
507,2009.06.05 00:00,USDCAD,60,86400,BUY,ZE,1,1.11168,1.07945,3223.0,1.11576,1.09282,2294.0,71.176,41.48,1886.0,760.6,1.11168,1.09282,1.13462,BREAK,2009.06.15 15:00,0,,0,,0,,0,NA,NewYork,BREAK,2009.06.25 13:00,UNTOUCHED,,1.06059,UNTOUCHED,,0,,0,,0,,0,NA,Other,NA,,NA,,1.13054,BREAK,2009.06.15 10:00,0,,0,,0,,0,NA,London,BREAK,2009.06.23 09:00,BOUNCE,2009.07.14 10:00,1.07396,UNTOUCHED,,0,,0,,0,,0,NA,Other,NA,,NA,,B-ZF-BR,B-ZO-BO,S-ZB-BR,B-ZO-BO,S-ZE-BR,S-ZE-BO,S-ZB-BR,S-ZB-BR,B-ZE-UN,B-ZF-UN,B-ZF-BR,B-ZE-BO,S-ZD-UN,S-ZO-UN,B-ZB-BR,B-ZB-BO,B-ZG-BR,S-ZE-BR,B-ZB-BO,B-ZE-BO
508,2009.06.08 01:00,USDCAD,60,86400,BUY,ZF,0,1.11576,1.09282,2294.0,1.12064,1.09618,2446.0,106.626,14.65,1958.0,541.4,1.11576,1.09618,1.14022,BREAK,2009.06.17 14:00,0,,0,,0,,0,NA,NewYork,BREAK,2009.07.01 04:00,UNTOUCHED,,1.07324,UNTOUCHED,,0,,0,,0,,0,NA,Other,NA,,NA,,1.13534,BREAK,2009.06.15 18:00,0,,0,,0,,0,NA,NewYork,BREAK,2009.06.25 13:00,UNTOUCHED,,1.07660,UNTOUCHED,,0,,0,,0,,0,NA,Other,NA,,NA,,B-ZE-BR,B-ZF-BR,B-ZO-BO,S-ZB-BR,B-ZO-BO,S-ZE-BR,S-ZE-BO,S-ZB-BR,S-ZB-BR,B-ZE-UN,B-ZE-BO,S-ZD-UN,S-ZO-UN,B-ZB-BR,B-ZB-BO,B-ZG-BR,S-ZE-BR,B-ZB-BO,B-ZE-BO,S-ZO-BR
509,2009.06.09 00:00,USDCAD,60,86400,BUY,ZE,1,1.12064,1.09618,2446.0,1.12892,1.11396,1496.0,61.161,72.69,668.0,577.3,1.12064,1.11396,1.13560,BOUNCE,2009.06.15 18:00,1,2009.06.16 12:00,1,2009.07.20 05:00,0,,2,4w 6d,NewYork,NA,,NA,,1.08950,UNTOUCHED,,0,,0,,0,,0,NA,Other,NA,,NA,,1.12732,BREAK,2009.06.15 10:00,0,,0,,0,,0,NA,London,BOUNCE,2009.06.15 15:00,NA,,1.10728,BREAK,2009.06.09 14:00,0,,0,,0,,0,NA,NewYork,BREAK,2009.06.10 11:00,UNTOUCHED,,B-ZF-BR,B-ZE-BR,B-ZF-BR,B-ZO-BO,S-ZB-BR,B-ZO-BO,S-ZE-BR,S-ZE-BO,S-ZB-BR,S-ZB-BR,S-ZD-UN,S-ZO-UN,B-ZB-BR,B-ZB-BO,B-ZG-BR,S-ZE-BR,B-ZB-BO,B-ZE-BO,S-ZO-BR,B-ZE-BO
510,2009.06.10 00:00,USDCAD,60,86400,SELL,ZD,1,1.12892,1.11396,1496.0,1.11942,1.09815,2127.0,142.179,63.50,546.0,353.1,1.11942,1.11396,1.09269,UNTOUCHED,,0,,0,,0,,0,NA,Other,NA,,NA,,1.13438,BOUNCE,2009.06.15 15:00,1,2009.06.16 12:00,1,2009.07.20 04:00,0,,2,4w 6d,NewYork,NA,,NA,,1.10850,BREAK,2009.06.10 00:00,0,,0,,0,,0,NA,Asia,BREAK,2009.06.10 08:00,BREAK,2009.06.10 11:00,1.12488,BREAK,2009.06.15 09:00,0,,0,,0,,0,NA,London,BREAK,2009.06.15 15:00,BOUNCE,2009.06.16 09:00,B-ZE-BO,B-ZF-BR,B-ZE-BR,B-ZF-BR,B-ZO-BO,S-ZB-BR,B-ZO-BO,S-ZE-BR,S-ZE-BO,S-ZB-BR,S-ZO-UN,B-ZB-BR,B-ZB-BO,B-ZG-BR,S-ZE-BR,B-ZB-BO,B-ZE-BO,S-ZO-BR,B-ZE-BO,S-ZE-BR
511,2009.06.11 00:00,USDCAD,60,86400,SELL,ZO,0,1.11942,1.09815,2127.0,1.11631,1.09404,2227.0,104.701,14.62,1816.0,502.0,1.11631,1.09815,1.07588,UNTOUCHED,,0,,0,,0,,0,NA,Other,NA,,NA,,1.13758,BREAK,2009.06.17 13:00,0,,0,,0,,0,NA,NewYork,BREAK,2009.06.25 13:00,UNTOUCHED,,1.07999,UNTOUCHED,,0,,0,,0,,0,NA,Other,NA,,NA,,1.13447,BREAK,2009.06.15 15:00,0,,0,,0,,0,NA,NewYork,BREAK,2009.06.23 17:00,BOUNCE,2009.07.13 20:00,S-ZD-UN,B-ZE-BO,B-ZF-BR,B-ZE-BR,B-ZF-BR,B-ZO-BO,S-ZB-BR,B-ZO-BO,S-ZE-BR,S-ZE-BO,B-ZB-BR,B-ZB-BO,B-ZG-BR,S-ZE-BR,B-ZB-BO,B-ZE-BO,S-ZO-BR,B-ZE-BO,S-ZE-BR,B-ZE-BO
512,2009.06.15 01:00,USDCAD,60,86400,BUY,ZB,1,1.10998,1.09477,1521.0,1.12468,1.10070,2398.0,157.659,38.99,928.0,359.0,1.10998,1.10070,1.13396,BREAK,2009.06.15 15:00,0,,0,,0,,0,NA,NewYork,BOUNCE,2009.06.17 20:00,NA,,1.08549,BREAK,2009.07.23 18:00,0,,0,,0,,0,NA,NewYork,BOUNCE,2009.07.28 17:00,NA,,1.11926,BREAK,2009.06.15 01:00,0,,0,,0,,0,NA,Asia,BREAK,2009.06.15 12:00,BREAK,2009.06.17 14:00,1.09142,BREAK,2009.07.23 17:00,0,,0,,0,,0,NA,NewYork,BREAK,2009.07.27 14:00,BREAK,2009.08.03 14:00,S-ZO-UN,S-ZD-UN,B-ZE-BO,B-ZF-BR,B-ZE-BR,B-ZF-BR,B-ZO-BO,S-ZB-BR,B-ZO-BO,S-ZE-BR,B-ZB-BO,B-ZG-BR,S-ZE-BR,B-ZB-BO,B-ZE-BO,S-ZO-BR,B-ZE-BO,S-ZE-BR,B-ZE-BO,B-ZF-UN
513,2009.06.16 00:00,USDCAD,60,86400,BUY,ZB,1,1.12468,1.10070,2398.0,1.13756,1.11818,1938.0,80.817,72.89,650.0,565.9,1.12468,1.11818,1.14406,BOUNCE,2009.06.17 17:00,1,2009.06.17 20:00,1,2009.07.15 21:00,1,2009.07.23 16:00,3,5w 0d,NewYork,NA,,NA,,1.09420,BOUNCE,2009.07.23 16:00,0,,0,,0,,0,NA,NewYork,NA,,NA,,1.13118,BREAK,2009.06.16 00:00,0,,0,,0,,0,NA,Asia,BREAK,2009.06.17 17:00,BREAK,2009.06.22 15:00,1.11168,BOUNCE,2009.07.15 21:00,0,,0,,0,,0,NA,Other,NA,,NA,,B-ZB-BR,S-ZO-UN,S-ZD-UN,B-ZE-BO,B-ZF-BR,B-ZE-BR,B-ZF-BR,B-ZO-BO,S-ZB-BR,B-ZO-BO,B-ZG-BR,S-ZE-BR,B-ZB-BO,B-ZE-BO,S-ZO-BR,B-ZE-BO,S-ZE-BR,B-ZE-BO,B-ZF-UN,B-ZE-BO
514,2009.06.18 00:00,USDCAD,60,86400,BUY,ZG,0,1.13718,1.12214,1504.0,1.14476,1.12753,1723.0,114.561,35.84,965.0,354.9,1.13718,1.12753,1.15441,BREAK,2009.06.22 18:00,0,,0,,0,,0,NA,NewYork,BOUNCE,2009.07.01 14:00,NA,,1.11249,BOUNCE,2009.07.15 21:00,0,,0,,0,,0,NA,Other,NA,,NA,,1.14683,BREAK,2009.06.22 15:00,0,,0,,0,,0,NA,NewYork,BOUNCE,2009.06.23 17:00,NA,,1.11788,BREAK,2009.07.15 18:00,0,,0,,0,,0,NA,NewYork,BREAK,2009.07.20 12:00,BOUNCE,2009.07.21 19:00,B-ZB-BO,B-ZB-BR,S-ZO-UN,S-ZD-UN,B-ZE-BO,B-ZF-BR,B-ZE-BR,B-ZF-BR,B-ZO-BO,S-ZB-BR,S-ZE-BR,B-ZB-BO,B-ZE-BO,S-ZO-BR,B-ZE-BO,S-ZE-BR,B-ZE-BO,B-ZF-UN,B-ZE-BO,B-ZO-UN
515,2009.06.19 00:00,USDCAD,60,86400,SELL,ZE,1,1.14476,1.12753,1723.0,1.13629,1.12302,1327.0,77.017,49.16,876.0,406.6,1.13629,1.12753,1.11426,BREAK,2009.07.15 21:00,0,,0,,0,,0,NA,Other,BREAK,2009.07.21 15:00,BOUNCE,2009.07.21 18:00,1.15352,BREAK,2009.06.22 16:00,0,,0,,0,,0,NA,NewYork,BOUNCE,2009.06.26 03:00,NA,,1.11877,BREAK,2009.07.15 17:00,0,,0,,0,,0,NA,NewYork,BREAK,2009.07.20 11:00,BREAK,2009.07.21 16:00,1.14505,BREAK,2009.06.22 14:00,0,,0,,0,,0,NA,NewYork,BREAK,2009.06.23 17:00,BOUNCE,2009.06.26 02:00,B-ZG-BR,B-ZB-BO,B-ZB-BR,S-ZO-UN,S-ZD-UN,B-ZE-BO,B-ZF-BR,B-ZE-BR,B-ZF-BR,B-ZO-BO,B-ZB-BO,B-ZE-BO,S-ZO-BR,B-ZE-BO,S-ZE-BR,B-ZE-BO,B-ZF-UN,B-ZE-BO,B-ZO-UN,S-ZO-BR
516,2009.06.23 00:00,USDCAD,60,86400,BUY,ZB,1,1.13624,1.12492,1132.0,1.15547,1.13343,2204.0,194.700,75.18,281.0,267.2,1.13624,1.13343,1.15828,BOUNCE,2009.06.25 12:00,1,2009.06.26 03:00,1,2009.07.15 09:00,1,2009.07.15 15:00,3,2w 6d,London,NA,,NA,,1.12211,BOUNCE,2009.07.15 15:00,0,,0,,0,,0,NA,NewYork,NA,,NA,,1.13905,BREAK,2009.06.23 00:00,0,,0,,0,,0,NA,Asia,BREAK,2009.06.23 01:00,BREAK,2009.06.23 02:00,1.13062,BOUNCE,2009.07.15 09:00,0,,0,,0,,0,NA,London,NA,,NA,,S-ZE-BR,B-ZG-BR,B-ZB-BO,B-ZB-BR,S-ZO-UN,S-ZD-UN,B-ZE-BO,B-ZF-BR,B-ZE-BR,B-ZF-BR,B-ZE-BO,S-ZO-BR,B-ZE-BO,S-ZE-BR,B-ZE-BO,B-ZF-UN,B-ZE-BO,B-ZO-UN,S-ZO-BR,B-ZO-UN
517,2009.06.24 00:00,USDCAD,60,86400,BUY,ZE,1,1.15547,1.13343,2204.0,1.15818,1.14632,1186.0,53.811,58.48,915.0,520.1,1.15547,1.14632,1.16733,BOUNCE,2009.07.06 11:00,1,2009.07.14 10:00,1,2009.07.14 18:00,1,2009.07.15 15:00,3,1w 2d,London,NA,,NA,,1.12428,BREAK,2009.07.15 15:00,0,,0,,0,,0,NA,NewYork,BREAK,2009.07.20 04:00,BREAK,2009.07.21 15:00,1.16462,BOUNCE,2009.07.01 04:00,1,2009.07.14 18:00,1,2009.07.15 15:00,0,,2,2w 0d,Asia,NA,,NA,,1.13717,BREAK,2009.07.14 18:00,0,,0,,0,,0,NA,NewYork,BREAK,2009.07.15 15:00,BREAK,2009.07.15 21:00,B-ZB-BO,S-ZE-BR,B-ZG-BR,B-ZB-BO,B-ZB-BR,S-ZO-UN,S-ZD-UN,B-ZE-BO,B-ZF-BR,B-ZE-BR,S-ZO-BR,B-ZE-BO,S-ZE-BR,B-ZE-BO,B-ZF-UN,B-ZE-BO,B-ZO-UN,S-ZO-BR,B-ZO-UN,S-ZG-BR
518,2009.06.25 00:00,USDCAD,60,86400,SELL,ZO,0,1.15818,1.14632,1186.0,1.15773,1.14181,1592.0,134.233,3.79,1141.0,279.9,1.15773,1.14632,1.13040,BREAK,2009.07.15 09:00,0,,0,,0,,0,NA,London,BREAK,2009.07.15 20:00,BREAK,2009.07.20 12:00,1.16959,BOUNCE,2009.07.08 19:00,1,2009.07.14 11:00,1,2009.07.14 22:00,1,2009.07.15 09:00,3,6d 14h,NewYork,NA,,NA,,1.13491,BREAK,2009.07.14 22:00,0,,0,,0,,0,NA,Other,BREAK,2009.07.15 16:00,BREAK,2009.07.20 04:00,1.16914,BREAK,2009.07.08 19:00,0,,0,,0,,0,NA,NewYork,UNTOUCHED,,NA,,B-ZE-BO,B-ZB-BO,S-ZE-BR,B-ZG-BR,B-ZB-BO,B-ZB-BR,S-ZO-UN,S-ZD-UN,B-ZE-BO,B-ZF-BR,B-ZE-BO,S-ZE-BR,B-ZE-BO,B-ZF-UN,B-ZE-BO,B-ZO-UN,S-ZO-BR,B-ZO-UN,S-ZG-BR,S-ZF-BR
519,2009.06.26 00:00,USDCAD,60,86400,BUY,ZE,1,1.15773,1.14181,1592.0,1.16362,1.15239,1123.0,70.540,66.46,534.0,375.7,1.15773,1.15239,1.16896,BOUNCE,2009.07.08 19:00,1,2009.07.09 12:00,1,2009.07.14 11:00,1,2009.07.14 18:00,3,5d 23h,NewYork,NA,,NA,,1.13647,BREAK,2009.07.14 18:00,0,,0,,0,,0,NA,NewYork,BREAK,2009.07.15 14:00,BREAK,2009.07.15 15:00,1.16307,BOUNCE,2009.06.30 17:00,1,2009.07.01 15:00,1,2009.07.14 18:00,0,,2,2w 0d,NewYork,NA,,NA,,1.14705,BOUNCE,2009.06.26 12:00,1,2009.06.30 17:00,1,2009.06.30 17:00,0,,2,4d 5h,London,NA,,NA,,S-ZO-BR,B-ZE-BO,B-ZB-BO,S-ZE-BR,B-ZG-BR,B-ZB-BO,B-ZB-BR,S-ZO-UN,S-ZD-UN,B-ZE-BO,S-ZE-BR,B-ZE-BO,B-ZF-UN,B-ZE-BO,B-ZO-UN,S-ZO-BR,B-ZO-UN,S-ZG-BR,S-ZF-BR,S-ZB-BR
520,2009.06.29 01:00,USDCAD,60,86400,SELL,ZE,1,1.16362,1.15239,1123.0,1.15621,1.14437,1184.0,105.432,65.98,382.0,265.0,1.15621,1.15239,1.14055,BREAK,2009.07.14 16:00,0,,0,,0,,0,NA,NewYork,BREAK,2009.07.14 23:00,BREAK,2009.07.15 09:00,1.16744,BOUNCE,2009.07.06 11:00,1,2009.07.06 20:00,1,2009.07.14 10:00,1,2009.07.14 16:00,3,1w 1d,London,NA,,NA,,1.14857,BOUNCE,2009.07.01 15:00,1,2009.07.02 17:00,1,2009.07.06 11:00,0,,2,4d 20h,NewYork,NA,,NA,,1.16003,BREAK,2009.06.30 17:00,0,,0,,0,,0,NA,NewYork,BOUNCE,2009.07.01 09:00,NA,,B-ZE-BO,S-ZO-BR,B-ZE-BO,B-ZB-BO,S-ZE-BR,B-ZG-BR,B-ZB-BO,B-ZB-BR,S-ZO-UN,S-ZD-UN,B-ZE-BO,B-ZF-UN,B-ZE-BO,B-ZO-UN,S-ZO-BR,B-ZO-UN,S-ZG-BR,S-ZF-BR,S-ZB-BR,S-ZO-BR
521,2009.06.30 00:00,USDCAD,60,86400,BUY,ZE,1,1.15621,1.14437,1184.0,1.15997,1.15081,916.0,77.365,54.39,540.0,279.4,1.15621,1.15081,1.16537,BOUNCE,2009.07.01 04:00,1,2009.07.01 14:00,1,2009.07.01 16:00,1,2009.07.14 16:00,3,1w 6d,Asia,NA,,NA,,1.13897,BOUNCE,2009.07.14 16:00,0,,0,,0,,0,NA,NewYork,NA,,NA,,1.16161,BREAK,2009.06.30 17:00,0,,0,,0,,0,NA,NewYork,BOUNCE,2009.07.06 16:00,NA,,1.14541,BOUNCE,2009.07.01 16:00,1,2009.07.02 17:00,1,2009.07.02 17:00,0,,2,1d 1h,NewYork,NA,,NA,,S-ZE-BR,B-ZE-BO,S-ZO-BR,B-ZE-BO,B-ZB-BO,S-ZE-BR,B-ZG-BR,B-ZB-BO,B-ZB-BR,S-ZO-UN,B-ZF-UN,B-ZE-BO,B-ZO-UN,S-ZO-BR,B-ZO-UN,S-ZG-BR,S-ZF-BR,S-ZB-BR,S-ZO-BR,S-ZG-BR
522,2009.07.01 00:00,USDCAD,60,86400,BUY,ZF,0,1.15997,1.15081,916.0,1.16393,1.15094,1299.0,141.812,1.42,903.0,216.2,1.15997,1.15094,1.17296,UNTOUCHED,,0,,0,,0,,0,NA,Other,NA,,NA,,1.14178,BREAK,2009.07.14 16:00,0,,0,,0,,0,NA,NewYork,BREAK,2009.07.15 09:00,BREAK,2009.07.15 16:00,1.16900,BREAK,2009.07.08 19:00,0,,0,,0,,0,NA,NewYork,UNTOUCHED,,NA,,1.14191,BREAK,2009.07.14 16:00,0,,0,,0,,0,NA,NewYork,BREAK,2009.07.15 09:00,BREAK,2009.07.15 16:00,B-ZE-BO,S-ZE-BR,B-ZE-BO,S-ZO-BR,B-ZE-BO,B-ZB-BO,S-ZE-BR,B-ZG-BR,B-ZB-BO,B-ZB-BR,B-ZE-BO,B-ZO-UN,S-ZO-BR,B-ZO-UN,S-ZG-BR,S-ZF-BR,S-ZB-BR,S-ZO-BR,S-ZG-BR,S-ZB-BO
523,2009.07.06 01:00,USDCAD,60,86400,BUY,ZE,1,1.16313,1.14703,1610.0,1.16377,1.15610,767.0,47.640,56.34,703.0,380.0,1.16313,1.15610,1.17080,BOUNCE,2009.07.08 20:00,1,2009.07.09 13:00,1,2009.07.14 10:00,1,2009.07.14 16:00,3,5d 20h,NewYork,NA,,NA,,1.14000,BREAK,2009.07.14 16:00,0,,0,,0,,0,NA,NewYork,BREAK,2009.07.15 14:00,BREAK,2009.07.15 15:00,1.17016,BOUNCE,2009.07.08 19:00,1,2009.07.14 10:00,1,2009.07.14 16:00,0,,2,5d 21h,NewYork,NA,,NA,,1.14907,BREAK,2009.07.14 10:00,0,,0,,0,,0,NA,London,BREAK,2009.07.14 16:00,BREAK,2009.07.15 09:00,B-ZF-UN,B-ZE-BO,S-ZE-BR,B-ZE-BO,S-ZO-BR,B-ZE-BO,B-ZB-BO,S-ZE-BR,B-ZG-BR,B-ZB-BO,B-ZO-UN,S-ZO-BR,B-ZO-UN,S-ZG-BR,S-ZF-BR,S-ZB-BR,S-ZO-BR,S-ZG-BR,S-ZB-BO,S-ZC-BR
524,2009.07.07 00:00,USDCAD,60,86400,BUY,ZO,0,1.16377,1.15610,767.0,1.16792,1.15857,935.0,121.904,32.20,520.0,181.0,1.16377,1.15857,1.17312,UNTOUCHED,,0,,0,,0,,0,NA,Other,NA,,NA,,1.15090,BREAK,2009.07.13 23:00,0,,0,,0,,0,NA,Other,BREAK,2009.07.14 14:00,BREAK,2009.07.14 16:00,1.16897,BREAK,2009.07.08 19:00,0,,0,,0,,0,NA,NewYork,UNTOUCHED,,NA,,1.15337,BOUNCE,2009.07.13 18:00,0,,0,,0,,0,NA,NewYork,NA,,NA,,B-ZE-BO,B-ZF-UN,B-ZE-BO,S-ZE-BR,B-ZE-BO,S-ZO-BR,B-ZE-BO,B-ZB-BO,S-ZE-BR,B-ZG-BR,S-ZO-BR,B-ZO-UN,S-ZG-BR,S-ZF-BR,S-ZB-BR,S-ZO-BR,S-ZG-BR,S-ZB-BO,S-ZC-BR,S-ZG-BR
525,2009.07.08 00:00,USDCAD,60,86400,SELL,ZO,0,1.16792,1.15857,935.0,1.16723,1.15425,1298.0,138.824,7.38,866.0,220.7,1.16723,1.15857,1.14559,BREAK,2009.07.14 13:00,0,,0,,0,,0,NA,NewYork,BREAK,2009.07.14 22:00,BREAK,2009.07.15 14:00,1.17658,UNTOUCHED,,0,,0,,0,,0,NA,Other,NA,,NA,,1.14991,BREAK,2009.07.14 02:00,0,,0,,0,,0,NA,Asia,BREAK,2009.07.14 16:00,BREAK,2009.07.15 09:00,1.17589,UNTOUCHED,,0,,0,,0,,0,NA,Other,NA,,NA,,B-ZO-UN,B-ZE-BO,B-ZF-UN,B-ZE-BO,S-ZE-BR,B-ZE-BO,S-ZO-BR,B-ZE-BO,B-ZB-BO,S-ZE-BR,B-ZO-UN,S-ZG-BR,S-ZF-BR,S-ZB-BR,S-ZO-BR,S-ZG-BR,S-ZB-BO,S-ZC-BR,S-ZG-BR,B-ZG-BO
526,2009.07.09 00:00,USDCAD,60,86400,BUY,ZO,0,1.16723,1.15425,1298.0,1.17232,1.15865,1367.0,105.316,33.90,858.0,306.3,1.16723,1.15865,1.18090,UNTOUCHED,,0,,0,,0,,0,NA,Other,NA,,NA,,1.14567,BREAK,2009.07.14 13:00,0,,0,,0,,0,NA,NewYork,BREAK,2009.07.14 23:00,BREAK,2009.07.15 14:00,1.17581,UNTOUCHED,,0,,0,,0,,0,NA,Other,NA,,NA,,1.15007,BREAK,2009.07.14 02:00,0,,0,,0,,0,NA,Asia,BREAK,2009.07.14 16:00,BREAK,2009.07.15 13:00,S-ZO-BR,B-ZO-UN,B-ZE-BO,B-ZF-UN,B-ZE-BO,S-ZE-BR,B-ZE-BO,S-ZO-BR,B-ZE-BO,B-ZB-BO,S-ZG-BR,S-ZF-BR,S-ZB-BR,S-ZO-BR,S-ZG-BR,S-ZB-BO,S-ZC-BR,S-ZG-BR,B-ZG-BO,S-ZD-BR
527,2009.07.10 00:00,USDCAD,60,86400,SELL,ZG,0,1.17232,1.15865,1367.0,1.16788,1.15471,1317.0,96.342,32.48,923.0,322.6,1.16788,1.15865,1.14548,BREAK,2009.07.14 13:00,0,,0,,0,,0,NA,NewYork,BREAK,2009.07.14 23:00,BREAK,2009.07.15 15:00,1.18155,UNTOUCHED,,0,,0,,0,,0,NA,Other,NA,,NA,,1.14942,BREAK,2009.07.14 10:00,0,,0,,0,,0,NA,London,BREAK,2009.07.14 18:00,BREAK,2009.07.15 14:00,1.17711,UNTOUCHED,,0,,0,,0,,0,NA,Other,NA,,NA,,B-ZO-UN,S-ZO-BR,B-ZO-UN,B-ZE-BO,B-ZF-UN,B-ZE-BO,S-ZE-BR,B-ZE-BO,S-ZO-BR,B-ZE-BO,S-ZF-BR,S-ZB-BR,S-ZO-BR,S-ZG-BR,S-ZB-BO,S-ZC-BR,S-ZG-BR,B-ZG-BO,S-ZD-BR,S-ZD-UN
528,2009.07.14 00:00,USDCAD,60,86400,SELL,ZF,1,1.16755,1.15968,787.0,1.16700,1.15061,1639.0,208.259,6.99,732.0,185.7,1.16700,1.15968,1.14329,BREAK,2009.07.14 14:00,0,,0,,0,,0,NA,NewYork,BREAK,2009.07.14 23:00,BREAK,2009.07.15 14:00,1.17487,UNTOUCHED,,0,,0,,0,,0,NA,Other,NA,,NA,,1.15236,BREAK,2009.07.14 00:00,0,,0,,0,,0,NA,Asia,BREAK,2009.07.14 14:00,BOUNCE,2009.07.14 16:00,1.17432,UNTOUCHED,,0,,0,,0,,0,NA,Other,NA,,NA,,S-ZG-BR,B-ZO-UN,S-ZO-BR,B-ZO-UN,B-ZE-BO,B-ZF-UN,B-ZE-BO,S-ZE-BR,B-ZE-BO,S-ZO-BR,S-ZB-BR,S-ZO-BR,S-ZG-BR,S-ZB-BO,S-ZC-BR,S-ZG-BR,B-ZG-BO,S-ZD-BR,S-ZD-UN,S-ZO-UN
529,2009.07.21 00:00,USDCAD,60,86400,SELL,ZB,1,1.11989,1.11285,704.0,1.11528,1.10184,1344.0,190.909,65.48,243.0,166.1,1.11528,1.11285,1.09941,BREAK,2009.07.21 16:00,0,,0,,0,,0,NA,NewYork,BREAK,2009.07.22 19:00,BOUNCE,2009.07.23 16:00,1.12232,UNTOUCHED,,0,,0,,0,,0,NA,Other,NA,,NA,,1.11042,BREAK,2009.07.21 00:00,0,,0,,0,,0,NA,Asia,BREAK,2009.07.21 01:00,BREAK,2009.07.21 14:00,1.11771,UNTOUCHED,,0,,0,,0,,0,NA,Other,NA,,NA,,S-ZF-BR,S-ZG-BR,B-ZO-UN,S-ZO-BR,B-ZO-UN,B-ZE-BO,B-ZF-UN,B-ZE-BO,S-ZE-BR,B-ZE-BO,S-ZO-BR,S-ZG-BR,S-ZB-BO,S-ZC-BR,S-ZG-BR,B-ZG-BO,S-ZD-BR,S-ZD-UN,S-ZO-UN,B-ZO-BR
530,2009.07.22 00:00,USDCAD,60,86400,SELL,ZO,0,1.11528,1.10184,1344.0,1.11129,1.09643,1486.0,110.565,29.69,945.0,317.2,1.11129,1.10184,1.08698,BREAK,2009.07.23 18:00,0,,0,,0,,0,NA,NewYork,BOUNCE,2009.07.28 18:00,NA,,1.12473,UNTOUCHED,,0,,0,,0,,0,NA,Other,NA,,NA,,1.09239,BREAK,2009.07.23 17:00,0,,0,,0,,0,NA,NewYork,BREAK,2009.07.24 16:00,BREAK,2009.08.03 13:00,1.12074,UNTOUCHED,,0,,0,,0,,0,NA,Other,NA,,NA,,S-ZB-BR,S-ZF-BR,S-ZG-BR,B-ZO-UN,S-ZO-BR,B-ZO-UN,B-ZE-BO,B-ZF-UN,B-ZE-BO,S-ZE-BR,S-ZG-BR,S-ZB-BO,S-ZC-BR,S-ZG-BR,B-ZG-BO,S-ZD-BR,S-ZD-UN,S-ZO-UN,B-ZO-BR,B-ZB-BO
531,2009.07.23 00:00,USDCAD,60,86400,SELL,ZG,0,1.11129,1.09643,1486.0,1.10878,1.09494,1384.0,93.136,16.89,1235.0,350.7,1.10878,1.09643,1.08259,BREAK,2009.07.24 14:00,0,,0,,0,,0,NA,NewYork,BREAK,2009.08.03 14:00,UNTOUCHED,,1.12364,UNTOUCHED,,0,,0,,0,,0,NA,Other,NA,,NA,,1.08408,BREAK,2009.07.23 18:00,0,,0,,0,,0,NA,NewYork,BREAK,2009.08.03 14:00,UNTOUCHED,,1.12113,UNTOUCHED,,0,,0,,0,,0,NA,Other,NA,,NA,,S-ZO-BR,S-ZB-BR,S-ZF-BR,S-ZG-BR,B-ZO-UN,S-ZO-BR,B-ZO-UN,B-ZE-BO,B-ZF-UN,B-ZE-BO,S-ZB-BO,S-ZC-BR,S-ZG-BR,B-ZG-BO,S-ZD-BR,S-ZD-UN,S-ZO-UN,B-ZO-BR,B-ZB-BO,B-ZF-BR
532,2009.07.24 00:00,USDCAD,60,86400,SELL,ZB,1,1.10878,1.09494,1384.0,1.10095,1.08401,1694.0,122.399,56.58,601.0,326.6,1.10095,1.09494,1.07800,BOUNCE,2009.07.27 14:00,1,2009.07.28 18:00,1,2009.08.12 10:00,0,,2,2w 1d,NewYork,NA,,NA,,1.11479,UNTOUCHED,,0,,0,,0,,0,NA,Other,NA,,NA,,1.08893,BREAK,2009.07.24 00:00,0,,0,,0,,0,NA,Asia,BREAK,2009.07.24 16:00,BOUNCE,2009.07.28 17:00,1.10696,BOUNCE,2009.08.12 10:00,1,2009.08.12 17:00,1,2009.08.12 17:00,0,,2,7h,London,NA,,NA,,S-ZG-BR,S-ZO-BR,S-ZB-BR,S-ZF-BR,S-ZG-BR,B-ZO-UN,S-ZO-BR,B-ZO-UN,B-ZE-BO,B-ZF-UN,S-ZC-BR,S-ZG-BR,B-ZG-BO,S-ZD-BR,S-ZD-UN,S-ZO-UN,B-ZO-BR,B-ZB-BO,B-ZF-BR,B-ZB-BO
533,2009.07.27 01:00,USDCAD,60,86400,SELL,ZC,1,1.10095,1.08401,1694.0,1.09230,1.07935,1295.0,76.446,51.06,829.0,399.8,1.09230,1.08401,1.07106,BREAK,2009.08.03 12:00,0,,0,,0,,0,NA,London,UNTOUCHED,,NA,,1.10924,BOUNCE,2009.08.17 10:00,1,2009.08.20 18:00,1,2009.08.24 15:00,0,,2,1w 0d,London,NA,,NA,,1.07572,BOUNCE,2009.07.28 10:00,1,2009.08.11 16:00,1,2009.08.17 10:00,0,,2,2w 6d,London,NA,,NA,,1.10059,BREAK,2009.08.11 16:00,0,,0,,0,,0,NA,NewYork,BOUNCE,2009.08.18 21:00,NA,,S-ZB-BO,S-ZG-BR,S-ZO-BR,S-ZB-BR,S-ZF-BR,S-ZG-BR,B-ZO-UN,S-ZO-BR,B-ZO-UN,B-ZE-BO,S-ZG-BR,B-ZG-BO,S-ZD-BR,S-ZD-UN,S-ZO-UN,B-ZO-BR,B-ZB-BO,B-ZF-BR,B-ZB-BO,S-ZC-BO
534,2009.07.28 00:00,USDCAD,60,86400,SELL,ZG,0,1.09230,1.07935,1295.0,1.08776,1.07770,1006.0,77.683,35.06,841.0,305.6,1.08776,1.07935,1.06929,BREAK,2009.08.03 14:00,0,,0,,0,,0,NA,NewYork,UNTOUCHED,,NA,,1.10071,BREAK,2009.08.11 16:00,0,,0,,0,,0,NA,NewYork,BREAK,2009.08.17 14:00,UNTOUCHED,,1.07094,BREAK,2009.08.03 12:00,0,,0,,0,,0,NA,London,UNTOUCHED,,NA,,1.09617,BREAK,2009.08.11 13:00,0,,0,,0,,0,NA,NewYork,BOUNCE,2009.08.12 16:00,NA,,S-ZC-BR,S-ZB-BO,S-ZG-BR,S-ZO-BR,S-ZB-BR,S-ZF-BR,S-ZG-BR,B-ZO-UN,S-ZO-BR,B-ZO-UN,B-ZG-BO,S-ZD-BR,S-ZD-UN,S-ZO-UN,B-ZO-BR,B-ZB-BO,B-ZF-BR,B-ZB-BO,S-ZC-BO,B-ZF-BO
535,2009.07.30 00:00,USDCAD,60,86400,BUY,ZG,0,1.09050,1.07492,1558.0,1.09327,1.07923,1404.0,90.116,27.66,1127.0,367.7,1.09050,1.07923,1.10454,BOUNCE,2009.08.12 09:00,1,2009.08.13 14:00,1,2009.09.08 12:00,0,,2,3w 6d,London,NA,,NA,,1.06365,BOUNCE,2009.08.04 04:00,1,2009.08.07 17:00,1,2009.08.11 16:00,1,2009.08.12 09:00,3,1w 1d,Asia,NA,,NA,,1.10177,BREAK,2009.08.11 16:00,0,,0,,0,,0,NA,NewYork,UNTOUCHED,,NA,,1.06796,BREAK,2009.08.03 14:00,0,,0,,0,,0,NA,NewYork,UNTOUCHED,,NA,,S-ZG-BR,S-ZC-BR,S-ZB-BO,S-ZG-BR,S-ZO-BR,S-ZB-BR,S-ZF-BR,S-ZG-BR,B-ZO-UN,S-ZO-BR,S-ZD-BR,S-ZD-UN,S-ZO-UN,B-ZO-BR,B-ZB-BO,B-ZF-BR,B-ZB-BO,S-ZC-BO,B-ZF-BO,S-ZD-BR
536,2009.08.03 01:00,USDCAD,60,86400,SELL,ZD,1,1.09124,1.08034,1090.0,1.08569,1.07629,940.0,86.239,50.92,535.0,257.2,1.08569,1.08034,1.07094,BREAK,2009.08.03 12:00,0,,0,,0,,0,NA,London,BOUNCE,2009.08.04 10:00,NA,,1.09659,BREAK,2009.08.11 13:00,0,,0,,0,,0,NA,NewYork,BREAK,2009.08.12 09:00,BOUNCE,2009.08.12 15:00,1.07499,BREAK,2009.08.03 11:00,0,,0,,0,,0,NA,London,BREAK,2009.08.03 14:00,BOUNCE,2009.08.04 10:00,1.09104,BREAK,2009.08.10 20:00,0,,0,,0,,0,NA,NewYork,BREAK,2009.08.11 16:00,BREAK,2009.08.11 17:00,B-ZG-BO,S-ZG-BR,S-ZC-BR,S-ZB-BO,S-ZG-BR,S-ZO-BR,S-ZB-BR,S-ZF-BR,S-ZG-BR,B-ZO-UN,S-ZD-UN,S-ZO-UN,B-ZO-BR,B-ZB-BO,B-ZF-BR,B-ZB-BO,S-ZC-BO,B-ZF-BO,S-ZD-BR,S-ZB-BO
537,2009.08.04 00:00,USDCAD,60,86400,SELL,ZD,1,1.08569,1.07629,940.0,1.07901,1.06421,1480.0,157.447,71.06,272.0,221.8,1.07901,1.07629,1.06149,UNTOUCHED,,0,,0,,0,,0,NA,Other,NA,,NA,,1.08841,BOUNCE,2009.08.10 19:00,1,2009.08.13 13:00,1,2009.08.24 16:00,0,,2,1w 6d,NewYork,NA,,NA,,1.07357,BREAK,2009.08.04 00:00,0,,0,,0,,0,NA,Asia,BREAK,2009.08.04 01:00,BREAK,2009.08.04 02:00,1.08173,BOUNCE,2009.08.07 12:00,1,2009.08.24 16:00,1,2009.08.24 16:00,0,,2,2w 3d,London,NA,,NA,,S-ZD-BR,B-ZG-BO,S-ZG-BR,S-ZC-BR,S-ZB-BO,S-ZG-BR,S-ZO-BR,S-ZB-BR,S-ZF-BR,S-ZG-BR,S-ZO-UN,B-ZO-BR,B-ZB-BO,B-ZF-BR,B-ZB-BO,S-ZC-BO,B-ZF-BO,S-ZD-BR,S-ZB-BO,S-ZB-BO
538,2009.08.05 00:00,USDCAD,60,86400,SELL,ZO,0,1.07901,1.06421,1480.0,1.07640,1.06318,1322.0,89.324,17.64,1219.0,349.3,1.07640,1.06421,1.05099,UNTOUCHED,,0,,0,,0,,0,NA,Other,NA,,NA,,1.09120,BREAK,2009.08.10 20:00,0,,0,,0,,0,NA,NewYork,BREAK,2009.08.12 10:00,UNTOUCHED,,1.05202,UNTOUCHED,,0,,0,,0,,0,NA,Other,NA,,NA,,1.08859,BREAK,2009.08.10 20:00,0,,0,,0,,0,NA,NewYork,BREAK,2009.08.11 17:00,UNTOUCHED,,S-ZD-UN,S-ZD-BR,B-ZG-BO,S-ZG-BR,S-ZC-BR,S-ZB-BO,S-ZG-BR,S-ZO-BR,S-ZB-BR,S-ZF-BR,B-ZO-BR,B-ZB-BO,B-ZF-BR,B-ZB-BO,S-ZC-BO,B-ZF-BO,S-ZD-BR,S-ZB-BO,S-ZB-BO,B-ZD-BR
539,2009.08.06 00:00,USDCAD,60,86400,BUY,ZO,0,1.07640,1.06318,1322.0,1.07828,1.06775,1053.0,79.652,34.57,865.0,312.0,1.07640,1.06775,1.08693,BREAK,2009.08.10 19:00,0,,0,,0,,0,NA,NewYork,BREAK,2009.08.11 16:00,BREAK,2009.08.12 10:00,1.05453,UNTOUCHED,,0,,0,,0,,0,NA,Other,NA,,NA,,1.08505,BOUNCE,2009.08.07 14:00,0,,0,,0,,0,NA,NewYork,NA,,NA,,1.05910,UNTOUCHED,,0,,0,,0,,0,NA,Other,NA,,NA,,S-ZO-UN,S-ZD-UN,S-ZD-BR,B-ZG-BO,S-ZG-BR,S-ZC-BR,S-ZB-BO,S-ZG-BR,S-ZO-BR,S-ZB-BR,B-ZB-BO,B-ZF-BR,B-ZB-BO,S-ZC-BO,B-ZF-BO,S-ZD-BR,S-ZB-BO,S-ZB-BO,B-ZD-BR,B-ZO-UN
540,2009.08.10 01:00,USDCAD,60,86400,BUY,ZB,1,1.07975,1.06763,1212.0,1.08651,1.07553,1098.0,90.594,65.18,422.0,286.0,1.07975,1.07553,1.09073,BOUNCE,2009.08.10 20:00,1,2009.08.13 14:00,1,2009.09.08 10:00,1,2009.09.17 08:00,3,5w 2d,NewYork,NA,,NA,,1.06341,BREAK,2009.09.17 08:00,0,,0,,0,,0,NA,London,BOUNCE,2009.09.17 17:00,NA,,1.08397,BOUNCE,2009.08.10 01:00,1,2009.09.08 10:00,1,2009.09.17 08:00,0,,2,5w 3d,Asia,NA,,NA,,1.07131,BREAK,2009.09.08 10:00,0,,0,,0,,0,NA,London,BOUNCE,2009.09.16 16:00,NA,,B-ZO-BR,S-ZO-UN,S-ZD-UN,S-ZD-BR,B-ZG-BO,S-ZG-BR,S-ZC-BR,S-ZB-BO,S-ZG-BR,S-ZO-BR,B-ZF-BR,B-ZB-BO,S-ZC-BO,B-ZF-BO,S-ZD-BR,S-ZB-BO,S-ZB-BO,B-ZD-BR,B-ZO-UN,S-ZE-BO
541,2009.08.11 00:00,USDCAD,60,86400,BUY,ZF,0,1.08651,1.07553,1098.0,1.09276,1.07949,1327.0,120.856,36.07,702.0,259.1,1.08651,1.07949,1.09978,BREAK,2009.08.11 16:00,0,,0,,0,,0,NA,NewYork,BOUNCE,2009.08.12 16:00,NA,,1.06851,BOUNCE,2009.09.08 12:00,1,2009.09.09 14:00,0,,0,,1,1d 2h,London,NA,,NA,,1.09353,BREAK,2009.08.11 12:00,0,,0,,0,,0,NA,London,BREAK,2009.08.11 16:00,BREAK,2009.08.17 11:00,1.07247,BOUNCE,2009.08.25 16:00,1,2009.08.26 16:00,1,2009.08.26 16:00,0,,2,1d 0h,NewYork,NA,,NA,,B-ZB-BO,B-ZO-BR,S-ZO-UN,S-ZD-UN,S-ZD-BR,B-ZG-BO,S-ZG-BR,S-ZC-BR,S-ZB-BO,S-ZG-BR,B-ZB-BO,S-ZC-BO,B-ZF-BO,S-ZD-BR,S-ZB-BO,S-ZB-BO,B-ZD-BR,B-ZO-UN,S-ZE-BO,S-ZO-BO
542,2009.08.12 00:00,USDCAD,60,86400,BUY,ZB,1,1.09276,1.07949,1327.0,1.10451,1.08643,1808.0,136.247,52.30,633.0,313.2,1.09276,1.08643,1.11084,BOUNCE,2009.08.17 13:00,1,2009.08.19 18:00,1,2009.08.21 17:00,1,2009.08.24 16:00,3,1w 0d,NewYork,NA,,NA,,1.07316,BOUNCE,2009.08.24 16:00,1,2009.08.25 20:00,1,2009.08.26 16:00,0,,2,2d 0h,NewYork,NA,,NA,,1.09909,BREAK,2009.08.12 00:00,0,,0,,0,,0,NA,Asia,BOUNCE,2009.08.12 16:00,NA,,1.08010,BOUNCE,2009.08.13 15:00,1,2009.08.14 20:00,1,2009.08.14 20:00,0,,2,1d 5h,NewYork,NA,,NA,,B-ZF-BR,B-ZB-BO,B-ZO-BR,S-ZO-UN,S-ZD-UN,S-ZD-BR,B-ZG-BO,S-ZG-BR,S-ZC-BR,S-ZB-BO,S-ZC-BO,B-ZF-BO,S-ZD-BR,S-ZB-BO,S-ZB-BO,B-ZD-BR,B-ZO-UN,S-ZE-BO,S-ZO-BO,B-ZC-UN
543,2009.08.14 00:00,USDCAD,60,86400,SELL,ZC,1,1.10745,1.08485,2260.0,1.09075,1.07925,1150.0,50.885,73.89,590.0,533.4,1.09075,1.08485,1.07335,BOUNCE,2009.08.24 16:00,1,2009.08.25 20:00,1,2009.08.26 16:00,0,,2,2d 0h,NewYork,NA,,NA,,1.11335,UNTOUCHED,,0,,0,,0,,0,NA,Other,NA,,NA,,1.07895,BREAK,2009.08.21 17:00,0,,0,,0,,0,NA,NewYork,BOUNCE,2009.08.25 09:00,NA,,1.09665,BREAK,2009.08.14 18:00,0,,0,,0,,0,NA,NewYork,BREAK,2009.08.17 10:00,BOUNCE,2009.08.18 09:00,B-ZB-BO,B-ZF-BR,B-ZB-BO,B-ZO-BR,S-ZO-UN,S-ZD-UN,S-ZD-BR,B-ZG-BO,S-ZG-BR,S-ZC-BR,B-ZF-BO,S-ZD-BR,S-ZB-BO,S-ZB-BO,B-ZD-BR,B-ZO-UN,S-ZE-BO,S-ZO-BO,B-ZC-UN,S-ZO-BO
544,2009.08.17 01:00,USDCAD,60,86400,BUY,ZF,1,1.09075,1.07925,1150.0,1.10214,1.08130,2084.0,181.217,17.83,945.0,271.4,1.09075,1.08130,1.11159,BOUNCE,2009.08.17 14:00,1,2009.08.20 18:00,1,2009.08.25 16:00,1,2009.09.08 12:00,3,3w 0d,NewYork,NA,,NA,,1.06980,BOUNCE,2009.09.08 12:00,1,2009.09.14 12:00,0,,0,,1,6d 0h,London,NA,,NA,,1.10020,BREAK,2009.08.17 02:00,0,,0,,0,,0,NA,Asia,BREAK,2009.08.17 14:00,UNTOUCHED,,1.07185,BOUNCE,2009.08.25 16:00,1,2009.08.27 18:00,1,2009.08.27 18:00,0,,2,2d 2h,NewYork,NA,,NA,,S-ZC-BO,B-ZB-BO,B-ZF-BR,B-ZB-BO,B-ZO-BR,S-ZO-UN,S-ZD-UN,S-ZD-BR,B-ZG-BO,S-ZG-BR,S-ZD-BR,S-ZB-BO,S-ZB-BO,B-ZD-BR,B-ZO-UN,S-ZE-BO,S-ZO-BO,B-ZC-UN,S-ZO-BO,S-ZF-BR
545,2009.08.21 00:00,USDCAD,60,86400,SELL,ZD,1,1.11122,1.09411,1711.0,1.09939,1.08631,1308.0,76.447,69.14,528.0,403.8,1.09939,1.09411,1.08103,BREAK,2009.08.21 17:00,0,,0,,0,,0,NA,NewYork,BOUNCE,2009.08.25 17:00,NA,,1.11650,UNTOUCHED,,0,,0,,0,,0,NA,Other,NA,,NA,,1.08883,BOUNCE,2009.08.21 00:00,1,2009.08.31 15:00,0,,0,,1,1w 3d,Asia,NA,,NA,,1.10467,BREAK,2009.08.31 15:00,0,,0,,0,,0,NA,NewYork,BOUNCE,2009.09.02 18:00,NA,,B-ZF-BO,S-ZC-BO,B-ZB-BO,B-ZF-BR,B-ZB-BO,B-ZO-BR,S-ZO-UN,S-ZD-UN,S-ZD-BR,B-ZG-BO,S-ZB-BO,S-ZB-BO,B-ZD-BR,B-ZO-UN,S-ZE-BO,S-ZO-BO,B-ZC-UN,S-ZO-BO,S-ZF-BR,S-ZO-BO
546,2009.08.24 01:00,USDCAD,60,86400,SELL,ZB,1,1.09939,1.08631,1308.0,1.09420,1.07623,1797.0,137.385,39.68,789.0,308.7,1.09420,1.08631,1.06834,BOUNCE,2009.09.08 12:00,1,2009.09.10 12:00,0,,0,,1,2d 0h,London,NA,,NA,,1.10728,BOUNCE,2009.08.31 15:00,1,2009.09.01 07:00,1,2009.09.07 11:00,1,2009.09.08 12:00,3,1w 0d,NewYork,NA,,NA,,1.07842,BREAK,2009.08.24 04:00,0,,0,,0,,0,NA,Asia,BREAK,2009.09.08 12:00,BREAK,2009.09.17 17:00,1.10209,BREAK,2009.08.31 14:00,0,,0,,0,,0,NA,NewYork,BOUNCE,2009.09.03 09:00,NA,,S-ZD-BR,B-ZF-BO,S-ZC-BO,B-ZB-BO,B-ZF-BR,B-ZB-BO,B-ZO-BR,S-ZO-UN,S-ZD-UN,S-ZD-BR,S-ZB-BO,B-ZD-BR,B-ZO-UN,S-ZE-BO,S-ZO-BO,B-ZC-UN,S-ZO-BO,S-ZF-BR,S-ZO-BO,B-ZE-BO
547,2009.08.25 00:00,USDCAD,60,86400,SELL,ZB,1,1.09420,1.07623,1797.0,1.08238,1.07253,985.0,54.814,65.78,615.0,424.1,1.08238,1.07623,1.06638,BOUNCE,2009.09.16 12:00,1,2009.09.21 12:00,1,2009.09.24 17:00,0,,2,1w 1d,London,NA,,NA,,1.10035,BOUNCE,2009.08.27 18:00,1,2009.08.27 21:00,1,2009.09.08 12:00,1,2009.09.16 12:00,3,2w 5d,NewYork,NA,,NA,,1.07008,BOUNCE,2009.09.08 12:00,1,2009.09.14 12:00,0,,0,,1,6d 0h,London,NA,,NA,,1.08853,BREAK,2009.08.26 11:00,0,,0,,0,,0,NA,London,BREAK,2009.08.26 16:00,BOUNCE,2009.08.27 19:00,S-ZB-BO,S-ZD-BR,B-ZF-BO,S-ZC-BO,B-ZB-BO,B-ZF-BR,B-ZB-BO,B-ZO-BR,S-ZO-UN,S-ZD-UN,B-ZD-BR,B-ZO-UN,S-ZE-BO,S-ZO-BO,B-ZC-UN,S-ZO-BO,S-ZF-BR,S-ZO-BO,B-ZE-BO,B-ZO-BO
548,2009.08.27 00:00,USDCAD,60,86400,BUY,ZD,1,1.08681,1.07184,1497.0,1.09992,1.08297,1695.0,113.226,74.35,384.0,353.3,1.08681,1.08297,1.10376,BREAK,2009.08.31 14:00,0,,0,,0,,0,NA,NewYork,BOUNCE,2009.08.31 17:00,NA,,1.06800,BOUNCE,2009.09.08 12:00,1,2009.09.08 18:00,1,2009.09.14 14:00,0,,2,6d 2h,London,NA,,NA,,1.09065,BREAK,2009.08.27 00:00,0,,0,,0,,0,NA,Asia,BREAK,2009.08.27 01:00,BOUNCE,2009.08.27 15:00,1.07913,BOUNCE,2009.08.28 15:00,1,2009.08.28 20:00,1,2009.08.28 20:00,0,,2,5h,NewYork,NA,,NA,,S-ZB-BO,S-ZB-BO,S-ZD-BR,B-ZF-BO,S-ZC-BO,B-ZB-BO,B-ZF-BR,B-ZB-BO,B-ZO-BR,S-ZO-UN,B-ZO-UN,S-ZE-BO,S-ZO-BO,B-ZC-UN,S-ZO-BO,S-ZF-BR,S-ZO-BO,B-ZE-BO,B-ZO-BO,S-ZF-BO
549,2009.08.28 00:00,USDCAD,60,86400,BUY,ZO,0,1.09992,1.08297,1695.0,1.10189,1.08308,1881.0,110.973,0.65,1684.0,400.0,1.09992,1.08308,1.11873,UNTOUCHED,,0,,0,,0,,0,NA,Other,NA,,NA,,1.06613,BREAK,2009.09.16 12:00,0,,0,,0,,0,NA,London,BREAK,2009.10.09 14:00,BREAK,2009.10.13 14:00,1.11676,UNTOUCHED,,0,,0,,0,,0,NA,Other,NA,,NA,,1.06624,BREAK,2009.09.16 12:00,0,,0,,0,,0,NA,London,BREAK,2009.10.09 14:00,BREAK,2009.10.13 13:00,B-ZD-BR,S-ZB-BO,S-ZB-BO,S-ZD-BR,B-ZF-BO,S-ZC-BO,B-ZB-BO,B-ZF-BR,B-ZB-BO,B-ZO-BR,S-ZE-BO,S-ZO-BO,B-ZC-UN,S-ZO-BO,S-ZF-BR,S-ZO-BO,B-ZE-BO,B-ZO-BO,S-ZF-BO,S-ZC-BO
550,2009.08.31 01:00,USDCAD,60,86400,SELL,ZE,1,1.10189,1.08308,1881.0,1.09353,1.07907,1446.0,76.874,44.44,1045.0,443.9,1.09353,1.08308,1.06862,BOUNCE,2009.09.08 12:00,1,2009.09.14 12:00,0,,0,,1,6d 0h,London,NA,,NA,,1.11234,UNTOUCHED,,0,,0,,0,,0,NA,Other,NA,,NA,,1.07263,BREAK,2009.09.08 10:00,0,,0,,0,,0,NA,London,BOUNCE,2009.09.18 10:00,NA,,1.10398,BREAK,2009.08.31 14:00,0,,0,,0,,0,NA,NewYork,UNTOUCHED,,NA,,B-ZO-UN,B-ZD-BR,S-ZB-BO,S-ZB-BO,S-ZD-BR,B-ZF-BO,S-ZC-BO,B-ZB-BO,B-ZF-BR,B-ZB-BO,S-ZO-BO,B-ZC-UN,S-ZO-BO,S-ZF-BR,S-ZO-BO,B-ZE-BO,B-ZO-BO,S-ZF-BO,S-ZC-BO,B-ZB-BO
551,2009.09.02 00:00,USDCAD,60,86400,SELL,ZO,0,1.10909,1.08983,1926.0,1.10650,1.08720,1930.0,100.208,13.45,1667.0,454.5,1.10650,1.08983,1.07053,BOUNCE,2009.09.08 12:00,0,,0,,0,,0,NA,London,NA,,NA,,1.12576,UNTOUCHED,,0,,0,,0,,0,NA,Other,NA,,NA,,1.07316,BREAK,2009.09.08 10:00,0,,0,,0,,0,NA,London,BREAK,2009.10.08 19:00,BREAK,2009.10.12 13:00,1.12317,UNTOUCHED,,0,,0,,0,,0,NA,Other,NA,,NA,,S-ZE-BO,B-ZO-UN,B-ZD-BR,S-ZB-BO,S-ZB-BO,S-ZD-BR,B-ZF-BO,S-ZC-BO,B-ZB-BO,B-ZF-BR,B-ZC-UN,S-ZO-BO,S-ZF-BR,S-ZO-BO,B-ZE-BO,B-ZO-BO,S-ZF-BO,S-ZC-BO,B-ZB-BO,B-ZF-BR
552,2009.09.03 00:00,USDCAD,60,86400,BUY,ZC,1,1.10650,1.08720,1930.0,1.11010,1.10060,950.0,49.223,69.43,590.0,455.5,1.10650,1.10060,1.11600,UNTOUCHED,,0,,0,,0,,0,NA,Other,NA,,NA,,1.08130,BREAK,2009.09.07 10:00,0,,0,,0,,0,NA,London,BREAK,2009.09.08 12:00,BOUNCE,2009.09.08 18:00,1.11240,UNTOUCHED,,0,,0,,0,,0,NA,Other,NA,,NA,,1.09470,BREAK,2009.09.04 14:00,0,,0,,0,,0,NA,NewYork,BREAK,2009.09.04 19:00,BREAK,2009.09.07 11:00,S-ZO-BO,S-ZE-BO,B-ZO-UN,B-ZD-BR,S-ZB-BO,S-ZB-BO,S-ZD-BR,B-ZF-BO,S-ZC-BO,B-ZB-BO,S-ZO-BO,S-ZF-BR,S-ZO-BO,B-ZE-BO,B-ZO-BO,S-ZF-BO,S-ZC-BO,B-ZB-BO,B-ZF-BR,S-ZG-BR
553,2009.09.04 00:00,USDCAD,60,86400,SELL,ZO,0,1.11010,1.10060,950.0,1.10730,1.09660,1070.0,112.632,29.47,670.0,224.2,1.10730,1.10060,1.08990,BOUNCE,2009.09.04 15:00,0,,0,,0,,0,NA,NewYork,NA,,NA,,1.11680,UNTOUCHED,,0,,0,,0,,0,NA,Other,NA,,NA,,1.09390,BREAK,2009.09.04 14:00,0,,0,,0,,0,NA,NewYork,BREAK,2009.09.04 19:00,BREAK,2009.09.07 11:00,1.11400,UNTOUCHED,,0,,0,,0,,0,NA,Other,NA,,NA,,B-ZC-UN,S-ZO-BO,S-ZE-BO,B-ZO-UN,B-ZD-BR,S-ZB-BO,S-ZB-BO,S-ZD-BR,B-ZF-BO,S-ZC-BO,S-ZF-BR,S-ZO-BO,B-ZE-BO,B-ZO-BO,S-ZF-BO,S-ZC-BO,B-ZB-BO,B-ZF-BR,S-ZG-BR,B-ZB-UN
554,2009.09.07 01:00,USDCAD,60,86400,SELL,ZF,1,1.10730,1.09660,1070.0,1.10350,1.08230,2120.0,198.131,35.51,690.0,252.5,1.10350,1.09660,1.07540,BREAK,2009.09.07 16:00,0,,0,,0,,0,NA,NewYork,BOUNCE,2009.09.08 18:00,NA,,1.11420,UNTOUCHED,,0,,0,,0,,0,NA,Other,NA,,NA,,1.08970,BREAK,2009.09.07 01:00,0,,0,,0,,0,NA,Asia,BREAK,2009.09.07 10:00,BREAK,2009.09.08 10:00,1.11040,UNTOUCHED,,0,,0,,0,,0,NA,Other,NA,,NA,,S-ZO-BO,B-ZC-UN,S-ZO-BO,S-ZE-BO,B-ZO-UN,B-ZD-BR,S-ZB-BO,S-ZB-BO,S-ZD-BR,B-ZF-BO,S-ZO-BO,B-ZE-BO,B-ZO-BO,S-ZF-BO,S-ZC-BO,B-ZB-BO,B-ZF-BR,S-ZG-BR,B-ZB-UN,B-ZC-UN
555,2009.09.09 00:00,USDCAD,60,86400,SELL,ZO,0,1.08660,1.07400,1260.0,1.08200,1.06730,1470.0,116.667,36.51,800.0,297.4,1.08200,1.07400,1.05930,BOUNCE,2009.09.17 17:00,1,2009.09.18 11:00,1,2009.09.24 19:00,1,2009.09.24 21:00,3,1w 0d,NewYork,NA,,NA,,1.09460,BOUNCE,2009.09.24 21:00,1,2009.09.30 11:00,1,2009.10.06 09:00,1,2009.10.06 17:00,3,1w 4d,Other,NA,,NA,,1.06600,BREAK,2009.09.16 12:00,0,,0,,0,,0,NA,London,BREAK,2009.10.06 19:00,BREAK,2009.10.09 14:00,1.09000,BOUNCE,2009.09.14 12:00,1,2009.09.16 12:00,1,2009.09.16 12:00,0,,2,2d 0h,London,NA,,NA,,S-ZF-BR,S-ZO-BO,B-ZC-UN,S-ZO-BO,S-ZE-BO,B-ZO-UN,B-ZD-BR,S-ZB-BO,S-ZB-BO,S-ZD-BR,B-ZE-BO,B-ZO-BO,S-ZF-BO,S-ZC-BO,B-ZB-BO,B-ZF-BR,S-ZG-BR,B-ZB-UN,B-ZC-UN,S-ZE-BO
556,2009.09.10 00:00,USDCAD,60,86400,BUY,ZE,1,1.08200,1.06730,1470.0,1.08330,1.07450,880.0,59.864,48.98,750.0,346.9,1.08200,1.07450,1.09080,BOUNCE,2009.09.14 14:00,1,2009.09.15 19:00,1,2009.09.16 12:00,1,2009.09.17 17:00,3,3d 3h,NewYork,NA,,NA,,1.05980,BOUNCE,2009.09.17 17:00,1,2009.09.18 11:00,1,2009.09.24 19:00,1,2009.09.24 20:00,3,1w 0d,NewYork,NA,,NA,,1.08950,BOUNCE,2009.09.14 12:00,1,2009.09.16 12:00,1,2009.09.17 17:00,0,,2,3d 5h,London,NA,,NA,,1.06700,BREAK,2009.09.16 12:00,0,,0,,0,,0,NA,London,BOUNCE,2009.09.17 22:00,NA,,S-ZO-BO,S-ZF-BR,S-ZO-BO,B-ZC-UN,S-ZO-BO,S-ZE-BO,B-ZO-UN,B-ZD-BR,S-ZB-BO,S-ZB-BO,B-ZO-BO,S-ZF-BO,S-ZC-BO,B-ZB-BO,B-ZF-BR,S-ZG-BR,B-ZB-UN,B-ZC-UN,S-ZE-BO,S-ZB-BR
557,2009.09.11 00:00,USDCAD,60,86400,BUY,ZO,0,1.08330,1.07450,880.0,1.08780,1.07680,1100.0,125.000,26.14,650.0,207.7,1.08330,1.07680,1.09430,BOUNCE,2009.09.24 21:00,1,2009.09.29 08:00,1,2009.09.30 19:00,1,2009.09.30 19:00,3,5d 22h,Other,NA,,NA,,1.06800,BREAK,2009.09.16 11:00,0,,0,,0,,0,NA,London,BREAK,2009.09.17 17:00,BOUNCE,2009.10.06 21:00,1.08980,BREAK,2009.09.14 12:00,0,,0,,0,,0,NA,London,BOUNCE,2009.09.25 17:00,NA,,1.07030,BREAK,2009.09.16 10:00,0,,0,,0,,0,NA,London,BREAK,2009.09.17 08:00,BREAK,2009.10.06 19:00,B-ZE-BO,S-ZO-BO,S-ZF-BR,S-ZO-BO,B-ZC-UN,S-ZO-BO,S-ZE-BO,B-ZO-UN,B-ZD-BR,S-ZB-BO,S-ZF-BO,S-ZC-BO,B-ZB-BO,B-ZF-BR,S-ZG-BR,B-ZB-UN,B-ZC-UN,S-ZE-BO,S-ZB-BR,B-ZE-UN
558,2009.09.16 00:00,USDCAD,60,86400,SELL,ZF,0,1.09250,1.07690,1560.0,1.08690,1.07110,1580.0,101.282,35.90,1000.0,368.2,1.08690,1.07690,1.06110,BOUNCE,2009.09.17 08:00,1,2009.09.21 16:00,1,2009.09.25 15:00,0,,2,1w 1d,London,NA,,NA,,1.10250,UNTOUCHED,,0,,0,,0,,0,NA,Other,NA,,NA,,1.06690,BREAK,2009.09.16 12:00,0,,0,,0,,0,NA,London,BREAK,2009.10.07 11:00,BREAK,2009.10.09 14:00,1.09690,BOUNCE,2009.09.25 15:00,1,2009.10.06 08:00,1,2009.10.06 08:00,0,,2,1w 3d,NewYork,NA,,NA,,B-ZO-BO,B-ZE-BO,S-ZO-BO,S-ZF-BR,S-ZO-BO,B-ZC-UN,S-ZO-BO,S-ZE-BO,B-ZO-UN,B-ZD-BR,S-ZC-BO,B-ZB-BO,B-ZF-BR,S-ZG-BR,B-ZB-UN,B-ZC-UN,S-ZE-BO,S-ZB-BR,B-ZE-UN,S-ZE-BR
559,2009.09.18 00:00,USDCAD,60,86400,SELL,ZC,1,1.07350,1.06440,910.0,1.06750,1.05900,850.0,93.407,65.93,310.0,214.8,1.06750,1.06440,1.05590,BOUNCE,2009.10.06 18:00,1,2009.10.06 21:00,1,2009.10.27 11:00,1,2009.10.28 17:00,3,3w 0d,NewYork,NA,,NA,,1.07660,BOUNCE,2009.09.18 11:00,1,2009.09.18 13:00,1,2009.10.06 14:00,1,2009.10.06 18:00,3,2w 4d,London,NA,,NA,,1.06130,BOUNCE,2009.10.06 14:00,1,2009.10.27 11:00,1,2009.10.28 17:00,0,,2,3w 1d,NewYork,NA,,NA,,1.07060,BREAK,2009.09.18 10:00,0,,0,,0,,0,NA,London,BREAK,2009.09.18 11:00,BREAK,2009.09.21 13:00,S-ZF-BO,B-ZO-BO,B-ZE-BO,S-ZO-BO,S-ZF-BR,S-ZO-BO,B-ZC-UN,S-ZO-BO,S-ZE-BO,B-ZO-UN,B-ZB-BO,B-ZF-BR,S-ZG-BR,B-ZB-UN,B-ZC-UN,S-ZE-BO,S-ZB-BR,B-ZE-UN,S-ZE-BR,S-ZF-BR
560,2009.09.21 01:00,USDCAD,60,86400,BUY,ZB,1,1.06750,1.05900,850.0,1.07670,1.06430,1240.0,145.882,62.35,320.0,200.6,1.06750,1.06430,1.07990,BOUNCE,2009.09.21 15:00,1,2009.09.22 09:00,1,2009.10.06 16:00,1,2009.10.06 18:00,3,2w 1d,NewYork,NA,,NA,,1.05580,BOUNCE,2009.10.06 18:00,1,2009.10.06 21:00,1,2009.10.27 11:00,1,2009.10.28 21:00,3,3w 1d,NewYork,NA,,NA,,1.07070,BREAK,2009.09.21 01:00,0,,0,,0,,0,NA,Asia,BREAK,2009.09.21 12:00,BREAK,2009.09.21 13:00,1.06110,BREAK,2009.10.06 16:00,0,,0,,0,,0,NA,NewYork,BREAK,2009.10.06 18:00,BOUNCE,2009.10.06 19:00,S-ZC-BO,S-ZF-BO,B-ZO-BO,B-ZE-BO,S-ZO-BO,S-ZF-BR,S-ZO-BO,B-ZC-UN,S-ZO-BO,S-ZE-BO,B-ZF-BR,S-ZG-BR,B-ZB-UN,B-ZC-UN,S-ZE-BO,S-ZB-BR,B-ZE-UN,S-ZE-BR,S-ZF-BR,S-ZB-BR
561,2009.09.22 00:00,USDCAD,60,86400,BUY,ZF,1,1.07670,1.06430,1240.0,1.08520,1.06770,1750.0,141.129,27.42,900.0,292.6,1.07670,1.06770,1.09420,BREAK,2009.09.24 21:00,0,,0,,0,,0,NA,Other,UNTOUCHED,,NA,,1.05530,BOUNCE,2009.10.06 19:00,1,2009.10.28 12:00,0,,0,,1,3w 0d,NewYork,NA,,NA,,1.08570,BREAK,2009.09.24 17:00,0,,0,,0,,0,NA,NewYork,BREAK,2009.09.25 15:00,UNTOUCHED,,1.05870,BREAK,2009.10.06 17:00,0,,0,,0,,0,NA,NewYork,BREAK,2009.10.09 14:00,BREAK,2009.10.12 11:00,B-ZB-BO,S-ZC-BO,S-ZF-BO,B-ZO-BO,B-ZE-BO,S-ZO-BO,S-ZF-BR,S-ZO-BO,B-ZC-UN,S-ZO-BO,S-ZG-BR,B-ZB-UN,B-ZC-UN,S-ZE-BO,S-ZB-BR,B-ZE-UN,S-ZE-BR,S-ZF-BR,S-ZB-BR,S-ZD-BO
562,2009.09.23 00:00,USDCAD,60,86400,SELL,ZG,0,1.08520,1.06770,1750.0,1.07890,1.06590,1300.0,74.286,36.00,1120.0,413.0,1.07890,1.06770,1.05470,BREAK,2009.10.06 19:00,0,,0,,0,,0,NA,NewYork,BREAK,2009.10.12 11:00,BREAK,2009.10.13 14:00,1.09640,BOUNCE,2009.09.25 15:00,1,2009.09.30 12:00,1,2009.10.06 17:00,1,2009.10.06 19:00,3,1w 4d,NewYork,NA,,NA,,1.05650,BREAK,2009.10.06 17:00,0,,0,,0,,0,NA,NewYork,BREAK,2009.10.09 18:00,BREAK,2009.10.13 13:00,1.09010,BREAK,2009.09.24 20:00,0,,0,,0,,0,NA,NewYork,UNTOUCHED,,NA,,B-ZF-BR,B-ZB-BO,S-ZC-BO,S-ZF-BO,B-ZO-BO,B-ZE-BO,S-ZO-BO,S-ZF-BR,S-ZO-BO,B-ZC-UN,B-ZB-UN,B-ZC-UN,S-ZE-BO,S-ZB-BR,B-ZE-UN,S-ZE-BR,S-ZF-BR,S-ZB-BR,S-ZD-BO,S-ZE-BO
563,2009.09.25 00:00,USDCAD,60,86400,BUY,ZB,1,1.07750,1.06610,1140.0,1.09460,1.07060,2400.0,210.526,39.47,690.0,269.0,1.07750,1.07060,1.10150,UNTOUCHED,,0,,0,,0,,0,NA,Other,NA,,NA,,1.05920,BREAK,2009.10.06 17:00,0,,0,,0,,0,NA,NewYork,BREAK,2009.10.09 14:00,BREAK,2009.10.09 15:00,1.08440,BREAK,2009.09.25 00:00,0,,0,,0,,0,NA,Asia,BREAK,2009.09.25 11:00,BOUNCE,2009.09.28 17:00,1.06370,BREAK,2009.10.06 13:00,0,,0,,0,,0,NA,NewYork,BREAK,2009.10.07 11:00,BREAK,2009.10.09 14:00,S-ZG-BR,B-ZF-BR,B-ZB-BO,S-ZC-BO,S-ZF-BO,B-ZO-BO,B-ZE-BO,S-ZO-BO,S-ZF-BR,S-ZO-BO,B-ZC-UN,S-ZE-BO,S-ZB-BR,B-ZE-UN,S-ZE-BR,S-ZF-BR,S-ZB-BR,S-ZD-BO,S-ZE-BO,S-ZB-UN
564,2009.09.28 01:00,USDCAD,60,86400,BUY,ZC,1,1.09460,1.07060,2400.0,1.09810,1.08590,1220.0,50.833,63.75,870.0,566.4,1.09460,1.08590,1.10680,UNTOUCHED,,0,,0,,0,,0,NA,Other,NA,,NA,,1.06190,BREAK,2009.10.06 14:00,0,,0,,0,,0,NA,NewYork,BOUNCE,2009.10.07 16:00,NA,,1.10330,UNTOUCHED,,0,,0,,0,,0,NA,Other,NA,,NA,,1.07720,BREAK,2009.09.30 11:00,0,,0,,0,,0,NA,London,BOUNCE,2009.10.01 18:00,NA,,B-ZB-UN,S-ZG-BR,B-ZF-BR,B-ZB-BO,S-ZC-BO,S-ZF-BO,B-ZO-BO,B-ZE-BO,S-ZO-BO,S-ZF-BR,S-ZE-BO,S-ZB-BR,B-ZE-UN,S-ZE-BR,S-ZF-BR,S-ZB-BR,S-ZD-BO,S-ZE-BO,S-ZB-UN,B-ZC-BR
565,2009.09.30 00:00,USDCAD,60,86400,SELL,ZE,1,1.09910,1.08310,1600.0,1.09230,1.07930,1300.0,81.250,42.50,920.0,377.6,1.09230,1.08310,1.07010,BOUNCE,2009.09.30 19:00,1,2009.10.02 10:00,0,,0,,1,1d 15h,NewYork,NA,,NA,,1.10830,UNTOUCHED,,0,,0,,0,,0,NA,Other,NA,,NA,,1.07390,BREAK,2009.09.30 12:00,0,,0,,0,,0,NA,London,BREAK,2009.10.06 16:00,BOUNCE,2009.10.07 21:00,1.10150,UNTOUCHED,,0,,0,,0,,0,NA,Other,NA,,NA,,B-ZC-UN,B-ZB-UN,S-ZG-BR,B-ZF-BR,B-ZB-BO,S-ZC-BO,S-ZF-BO,B-ZO-BO,B-ZE-BO,S-ZO-BO,S-ZB-BR,B-ZE-UN,S-ZE-BR,S-ZF-BR,S-ZB-BR,S-ZD-BO,S-ZE-BO,S-ZB-UN,B-ZC-BR,S-ZF-UN
566,2009.10.01 00:00,USDCAD,60,86400,SELL,ZB,1,1.09230,1.07930,1300.0,1.08520,1.06700,1820.0,140.000,54.62,590.0,306.8,1.08520,1.07930,1.06110,BREAK,2009.10.06 16:00,0,,0,,0,,0,NA,NewYork,BOUNCE,2009.10.06 21:00,NA,,1.09820,UNTOUCHED,,0,,0,,0,,0,NA,Other,NA,,NA,,1.07340,BREAK,2009.10.01 00:00,0,,0,,0,,0,NA,Asia,BOUNCE,2009.10.01 09:00,NA,,1.09110,BREAK,2009.10.02 14:00,0,,0,,0,,0,NA,NewYork,UNTOUCHED,,NA,,S-ZE-BO,B-ZC-UN,B-ZB-UN,S-ZG-BR,B-ZF-BR,B-ZB-BO,S-ZC-BO,S-ZF-BO,B-ZO-BO,B-ZE-BO,B-ZE-UN,S-ZE-BR,S-ZF-BR,S-ZB-BR,S-ZD-BO,S-ZE-BO,S-ZB-UN,B-ZC-BR,S-ZF-UN,B-ZE-BR
567,2009.10.05 01:00,USDCAD,60,86400,BUY,ZE,1,1.08450,1.06710,1740.0,1.09570,1.07880,1690.0,97.126,67.24,570.0,410.6,1.08450,1.07880,1.10140,UNTOUCHED,,0,,0,,0,,0,NA,Other,NA,,NA,,1.06140,BREAK,2009.10.06 14:00,0,,0,,0,,0,NA,NewYork,BOUNCE,2009.10.06 21:00,NA,,1.09020,UNTOUCHED,,0,,0,,0,,0,NA,Other,NA,,NA,,1.07310,BREAK,2009.10.05 04:00,0,,0,,0,,0,NA,Asia,BREAK,2009.10.06 13:00,BREAK,2009.10.06 17:00,S-ZB-BR,S-ZE-BO,B-ZC-UN,B-ZB-UN,S-ZG-BR,B-ZF-BR,B-ZB-BO,S-ZC-BO,S-ZF-BO,B-ZO-BO,S-ZE-BR,S-ZF-BR,S-ZB-BR,S-ZD-BO,S-ZE-BO,S-ZB-UN,B-ZC-BR,S-ZF-UN,B-ZE-BR,B-ZG-BR
568,2009.10.08 00:00,USDCAD,60,86400,SELL,ZE,1,1.07120,1.05450,1670.0,1.06480,1.05270,1210.0,72.455,38.32,1030.0,394.1,1.06480,1.05450,1.04240,BREAK,2009.10.09 14:00,0,,0,,0,,0,NA,NewYork,BREAK,2009.10.13 14:00,BOUNCE,2009.10.15 14:00,1.08150,BOUNCE,2009.10.29 03:00,1,2009.11.04 12:00,1,2009.11.11 15:00,1,2009.11.12 03:00,3,2w 0d,Asia,NA,,NA,,1.04420,BREAK,2009.10.09 14:00,0,,0,,0,,0,NA,NewYork,BREAK,2009.10.13 13:00,BOUNCE,2009.10.15 14:00,1.07510,BREAK,2009.10.28 14:00,0,,0,,0,,0,NA,NewYork,UNTOUCHED,,NA,,B-ZE-UN,S-ZB-BR,S-ZE-BO,B-ZC-UN,B-ZB-UN,S-ZG-BR,B-ZF-BR,B-ZB-BO,S-ZC-BO,S-ZF-BO,S-ZF-BR,S-ZB-BR,S-ZD-BO,S-ZE-BO,S-ZB-UN,B-ZC-BR,S-ZF-UN,B-ZE-BR,B-ZG-BR,B-ZE-BO
569,2009.10.09 00:00,USDCAD,60,86400,SELL,ZF,0,1.06480,1.05270,1210.0,1.06290,1.05040,1250.0,103.306,15.70,1020.0,285.6,1.06290,1.05270,1.04020,BREAK,2009.10.12 11:00,0,,0,,0,,0,NA,London,BREAK,2009.10.13 14:00,UNTOUCHED,,1.07500,BREAK,2009.10.28 14:00,0,,0,,0,,0,NA,NewYork,UNTOUCHED,,NA,,1.04250,BREAK,2009.10.09 14:00,0,,0,,0,,0,NA,NewYork,BREAK,2009.10.13 13:00,BOUNCE,2009.10.15 14:00,1.07310,BREAK,2009.10.28 12:00,0,,0,,0,,0,NA,London,BOUNCE,2009.11.02 18:00,NA,,S-ZE-BR,B-ZE-UN,S-ZB-BR,S-ZE-BO,B-ZC-UN,B-ZB-UN,S-ZG-BR,B-ZF-BR,B-ZB-BO,S-ZC-BO,S-ZB-BR,S-ZD-BO,S-ZE-BO,S-ZB-UN,B-ZC-BR,S-ZF-UN,B-ZE-BR,B-ZG-BR,B-ZE-BO,B-ZF-UN
570,2009.10.12 01:00,USDCAD,60,86400,SELL,ZB,1,1.06290,1.05040,1250.0,1.05500,1.04100,1400.0,112.000,63.20,460.0,295.0,1.05500,1.05040,1.03640,BREAK,2009.10.12 13:00,0,,0,,0,,0,NA,NewYork,BOUNCE,2009.10.13 10:00,NA,,1.06750,BREAK,2009.10.26 21:00,0,,0,,0,,0,NA,Other,BREAK,2009.10.28 14:00,BOUNCE,2009.10.28 17:00,1.04580,BREAK,2009.10.12 01:00,0,,0,,0,,0,NA,Asia,BREAK,2009.10.12 11:00,BREAK,2009.10.12 13:00,1.05960,BOUNCE,2009.10.26 18:00,1,2009.11.11 11:00,1,2009.11.11 11:00,0,,2,2w 1d,NewYork,NA,,NA,,S-ZF-BR,S-ZE-BR,B-ZE-UN,S-ZB-BR,S-ZE-BO,B-ZC-UN,B-ZB-UN,S-ZG-BR,B-ZF-BR,B-ZB-BO,S-ZD-BO,S-ZE-BO,S-ZB-UN,B-ZC-BR,S-ZF-UN,B-ZE-BR,B-ZG-BR,B-ZE-BO,B-ZF-UN,B-ZO-UN
571,2009.10.13 00:00,USDCAD,60,86400,SELL,ZD,1,1.05500,1.04100,1400.0,1.04510,1.03160,1350.0,96.429,70.71,410.0,330.4,1.04510,1.04100,1.02750,BOUNCE,2009.10.13 14:00,1,2009.10.13 21:00,1,2009.10.20 17:00,1,2009.10.26 18:00,3,1w 6d,NewYork,NA,,NA,,1.05910,BOUNCE,2009.10.26 18:00,1,2009.11.10 18:00,0,,0,,1,2w 1d,NewYork,NA,,NA,,1.03690,BREAK,2009.10.13 00:00,0,,0,,0,,0,NA,Asia,BREAK,2009.10.13 13:00,BOUNCE,2009.10.13 16:00,1.04920,BOUNCE,2009.10.20 17:00,0,,0,,0,,0,NA,NewYork,NA,,NA,,S-ZB-BR,S-ZF-BR,S-ZE-BR,B-ZE-UN,S-ZB-BR,S-ZE-BO,B-ZC-UN,B-ZB-UN,S-ZG-BR,B-ZF-BR,S-ZE-BO,S-ZB-UN,B-ZC-BR,S-ZF-UN,B-ZE-BR,B-ZG-BR,B-ZE-BO,B-ZF-UN,B-ZO-UN,B-ZF-UN
572,2009.10.14 00:00,USDCAD,60,86400,SELL,ZE,1,1.04510,1.03160,1350.0,1.03710,1.02660,1050.0,77.778,59.26,550.0,318.6,1.03710,1.03160,1.02110,BOUNCE,2009.10.15 04:00,1,2009.10.15 14:00,1,2009.10.16 15:00,1,2009.10.20 18:00,3,5d 14h,Asia,NA,,NA,,1.05060,BREAK,2009.10.20 18:00,0,,0,,0,,0,NA,NewYork,BOUNCE,2009.10.21 16:00,NA,,1.02610,BREAK,2009.10.14 13:00,0,,0,,0,,0,NA,NewYork,BOUNCE,2009.10.15 12:00,NA,,1.04260,BOUNCE,2009.10.16 15:00,0,,0,,0,,0,NA,NewYork,NA,,NA,,S-ZD-BO,S-ZB-BR,S-ZF-BR,S-ZE-BR,B-ZE-UN,S-ZB-BR,S-ZE-BO,B-ZC-UN,B-ZB-UN,S-ZG-BR,S-ZB-UN,B-ZC-BR,S-ZF-UN,B-ZE-BR,B-ZG-BR,B-ZE-BO,B-ZF-UN,B-ZO-UN,B-ZF-UN,S-ZD-BR
573,2009.10.15 00:00,USDCAD,60,86400,SELL,ZB,1,1.03710,1.02660,1050.0,1.03240,1.02330,910.0,86.667,44.76,580.0,247.8,1.03240,1.02660,1.01750,UNTOUCHED,,0,,0,,0,,0,NA,Other,NA,,NA,,1.04290,BOUNCE,2009.10.16 15:00,1,2009.10.19 18:00,0,,0,,1,3d 3h,NewYork,NA,,NA,,1.02080,BOUNCE,2009.10.15 04:00,1,2009.10.16 14:00,1,2009.10.16 15:00,0,,2,1d 11h,Asia,NA,,NA,,1.03820,BOUNCE,2009.10.16 14:00,0,,0,,0,,0,NA,NewYork,NA,,NA,,S-ZE-BO,S-ZD-BO,S-ZB-BR,S-ZF-BR,S-ZE-BR,B-ZE-UN,S-ZB-BR,S-ZE-BO,B-ZC-UN,B-ZB-UN,B-ZC-BR,S-ZF-UN,B-ZE-BR,B-ZG-BR,B-ZE-BO,B-ZF-UN,B-ZO-UN,B-ZF-UN,S-ZD-BR,S-ZB-BO
574,2009.10.19 01:00,USDCAD,60,86400,BUY,ZC,1,1.03690,1.02050,1640.0,1.04330,1.02870,1460.0,89.024,50.00,820.0,387.0,1.03690,1.02870,1.05150,BREAK,2009.10.20 18:00,0,,0,,0,,0,NA,NewYork,BREAK,2009.10.26 19:00,BREAK,2009.10.28 12:00,1.01230,UNTOUCHED,,0,,0,,0,,0,NA,Other,NA,,NA,,1.04510,BREAK,2009.10.20 17:00,0,,0,,0,,0,NA,NewYork,BREAK,2009.10.21 14:00,BREAK,2009.10.26 20:00,1.02050,UNTOUCHED,,0,,0,,0,,0,NA,Other,NA,,NA,,S-ZB-UN,S-ZE-BO,S-ZD-BO,S-ZB-BR,S-ZF-BR,S-ZE-BR,B-ZE-UN,S-ZB-BR,S-ZE-BO,B-ZC-UN,S-ZF-UN,B-ZE-BR,B-ZG-BR,B-ZE-BO,B-ZF-UN,B-ZO-UN,B-ZF-UN,S-ZD-BR,S-ZB-BO,B-ZG-BR
575,2009.10.20 00:00,USDCAD,60,86400,SELL,ZF,0,1.04330,1.02870,1460.0,1.04200,1.02790,1410.0,96.575,8.90,1330.0,344.6,1.04200,1.02870,1.01460,UNTOUCHED,,0,,0,,0,,0,NA,Other,NA,,NA,,1.05660,BOUNCE,2009.10.21 14:00,0,,0,,0,,0,NA,NewYork,NA,,NA,,1.01540,UNTOUCHED,,0,,0,,0,,0,NA,Other,NA,,NA,,1.05530,BOUNCE,2009.10.21 12:00,0,,0,,0,,0,NA,London,NA,,NA,,B-ZC-BR,S-ZB-UN,S-ZE-BO,S-ZD-BO,S-ZB-BR,S-ZF-BR,S-ZE-BR,B-ZE-UN,S-ZB-BR,S-ZE-BO,B-ZE-BR,B-ZG-BR,B-ZE-BO,B-ZF-UN,B-ZO-UN,B-ZF-UN,S-ZD-BR,S-ZB-BO,B-ZG-BR,S-ZO-UN
576,2009.10.22 00:00,USDCAD,60,86400,BUY,ZE,1,1.05250,1.02650,2600.0,1.05820,1.03770,2050.0,78.846,43.08,1480.0,613.6,1.05250,1.03770,1.07300,BREAK,2009.10.28 12:00,0,,0,,0,,0,NA,London,UNTOUCHED,,NA,,1.01170,UNTOUCHED,,0,,0,,0,,0,NA,Other,NA,,NA,,1.06730,BREAK,2009.10.26 21:00,0,,0,,0,,0,NA,Other,BOUNCE,2009.11.03 20:00,NA,,1.02290,UNTOUCHED,,0,,0,,0,,0,NA,Other,NA,,NA,,S-ZF-UN,B-ZC-BR,S-ZB-UN,S-ZE-BO,S-ZD-BO,S-ZB-BR,S-ZF-BR,S-ZE-BR,B-ZE-UN,S-ZB-BR,B-ZG-BR,B-ZE-BO,B-ZF-UN,B-ZO-UN,B-ZF-UN,S-ZD-BR,S-ZB-BO,B-ZG-BR,S-ZO-UN,B-ZB-BO
577,2009.10.24 00:00,USDCAD,60,86400,BUY,ZG,0,1.05420,1.04160,1260.0,1.05430,1.04480,950.0,75.397,25.40,940.0,297.4,1.05420,1.04480,1.06370,BREAK,2009.10.26 19:00,0,,0,,0,,0,NA,NewYork,BREAK,2009.10.28 14:00,BOUNCE,2009.11.02 18:00,1.03220,UNTOUCHED,,0,,0,,0,,0,NA,Other,NA,,NA,,1.06360,BREAK,2009.10.26 19:00,0,,0,,0,,0,NA,NewYork,BREAK,2009.10.28 14:00,BOUNCE,2009.11.02 18:00,1.03540,UNTOUCHED,,0,,0,,0,,0,NA,Other,NA,,NA,,B-ZE-BR,S-ZF-UN,B-ZC-BR,S-ZB-UN,S-ZE-BO,S-ZD-BO,S-ZB-BR,S-ZF-BR,S-ZE-BR,B-ZE-UN,B-ZE-BO,B-ZF-UN,B-ZO-UN,B-ZF-UN,S-ZD-BR,S-ZB-BO,B-ZG-BR,S-ZO-UN,B-ZB-BO,B-ZB-UN
578,2009.10.28 00:00,USDCAD,60,86400,BUY,ZE,1,1.06950,1.05000,1950.0,1.07150,1.06260,890.0,45.641,64.62,690.0,460.2,1.06950,1.06260,1.07840,BOUNCE,2009.10.28 19:00,1,2009.11.04 09:00,1,2009.11.09 17:00,1,2009.11.12 03:00,3,2w 0d,NewYork,NA,,NA,,1.04310,BOUNCE,2009.11.12 03:00,1,2009.11.12 23:00,0,,0,,1,20h,Asia,NA,,NA,,1.07640,BREAK,2009.10.28 17:00,0,,0,,0,,0,NA,NewYork,BOUNCE,2009.10.30 19:00,NA,,1.05570,BREAK,2009.11.09 17:00,0,,0,,0,,0,NA,NewYork,BREAK,2009.11.11 15:00,BOUNCE,2009.11.12 12:00,B-ZG-BR,B-ZE-BR,S-ZF-UN,B-ZC-BR,S-ZB-UN,S-ZE-BO,S-ZD-BO,S-ZB-BR,S-ZF-BR,S-ZE-BR,B-ZF-UN,B-ZO-UN,B-ZF-UN,S-ZD-BR,S-ZB-BO,B-ZG-BR,S-ZO-UN,B-ZB-BO,B-ZB-UN,S-ZB-BO
579,2009.10.29 00:00,USDCAD,60,86400,BUY,ZF,1,1.07150,1.06260,890.0,1.08110,1.06360,1750.0,196.629,11.24,790.0,210.0,1.07150,1.06360,1.08900,UNTOUCHED,,0,,0,,0,,0,NA,Other,NA,,NA,,1.05470,BREAK,2009.11.09 22:00,0,,0,,0,,0,NA,Other,BREAK,2009.11.11 12:00,UNTOUCHED,,1.07940,BREAK,2009.10.29 00:00,0,,0,,0,,0,NA,Asia,UNTOUCHED,,NA,,1.05570,BREAK,2009.11.09 17:00,0,,0,,0,,0,NA,NewYork,BREAK,2009.11.11 11:00,UNTOUCHED,,B-ZE-BO,B-ZG-BR,B-ZE-BR,S-ZF-UN,B-ZC-BR,S-ZB-UN,S-ZE-BO,S-ZD-BO,S-ZB-BR,S-ZF-BR,B-ZO-UN,B-ZF-UN,S-ZD-BR,S-ZB-BO,B-ZG-BR,S-ZO-UN,B-ZB-BO,B-ZB-UN,S-ZB-BO,S-ZB-BO
580,2009.10.30 00:00,USDCAD,60,86400,BUY,ZO,0,1.08110,1.06360,1750.0,1.08200,1.06540,1660.0,94.857,10.29,1570.0,413.0,1.08110,1.06540,1.09770,UNTOUCHED,,0,,0,,0,,0,NA,Other,NA,,NA,,1.04790,BREAK,2009.11.11 04:00,0,,0,,0,,0,NA,Asia,UNTOUCHED,,NA,,1.09680,UNTOUCHED,,0,,0,,0,,0,NA,Other,NA,,NA,,1.04970,BREAK,2009.11.10 22:00,0,,0,,0,,0,NA,Other,UNTOUCHED,,NA,,B-ZF-UN,B-ZE-BO,B-ZG-BR,B-ZE-BR,S-ZF-UN,B-ZC-BR,S-ZB-UN,S-ZE-BO,S-ZD-BO,S-ZB-BR,B-ZF-UN,S-ZD-BR,S-ZB-BO,B-ZG-BR,S-ZO-UN,B-ZB-BO,B-ZB-UN,S-ZB-BO,S-ZB-BO,B-ZF-BO
581,2009.11.07 00:00,USDCAD,60,86400,BUY,ZF,1,1.06809,1.06051,758.0,1.07791,1.06081,1710.0,225.594,3.96,728.0,178.9,1.06809,1.06081,1.08519,UNTOUCHED,,0,,0,,0,,0,NA,Other,NA,,NA,,1.05323,BREAK,2009.11.10 17:00,0,,0,,0,,0,NA,NewYork,BREAK,2009.11.11 16:00,UNTOUCHED,,1.07537,BOUNCE,2009.11.07 00:00,1,2009.11.10 17:00,1,2009.11.10 17:00,0,,2,3d 17h,Asia,NA,,NA,,1.05353,BREAK,2009.11.10 17:00,0,,0,,0,,0,NA,NewYork,BREAK,2009.11.11 15:00,UNTOUCHED,,B-ZO-UN,B-ZF-UN,B-ZE-BO,B-ZG-BR,B-ZE-BR,S-ZF-UN,B-ZC-BR,S-ZB-UN,S-ZE-BO,S-ZD-BO,S-ZD-BR,S-ZB-BO,B-ZG-BR,S-ZO-UN,B-ZB-BO,B-ZB-UN,S-ZB-BO,S-ZB-BO,B-ZF-BO,B-ZG-UN
582,2009.11.10 00:00,USDCAD,60,86400,SELL,ZD,1,1.07551,1.07381,170.0,1.07465,1.05415,2050.0,1205.882,50.59,84.0,40.1,1.07465,1.07381,1.05331,BREAK,2009.11.10 17:00,0,,0,,0,,0,NA,NewYork,BREAK,2009.11.10 18:00,BREAK,2009.11.10 19:00,1.07635,UNTOUCHED,,0,,0,,0,,0,NA,Other,NA,,NA,,1.07297,BREAK,2009.11.10 00:00,0,,0,,0,,0,NA,Asia,BREAK,2009.11.10 01:00,BREAK,2009.11.10 03:00,1.07549,UNTOUCHED,,0,,0,,0,,0,NA,Other,NA,,NA,,B-ZF-UN,B-ZO-UN,B-ZF-UN,B-ZE-BO,B-ZG-BR,B-ZE-BR,S-ZF-UN,B-ZC-BR,S-ZB-UN,S-ZE-BO,S-ZB-BO,B-ZG-BR,S-ZO-UN,B-ZB-BO,B-ZB-UN,S-ZB-BO,S-ZB-BO,B-ZF-BO,B-ZG-UN,S-ZB-BR
583,2009.11.11 00:00,USDCAD,60,86400,SELL,ZB,1,1.07465,1.05415,2050.0,1.06055,1.04867,1188.0,57.951,68.78,640.0,483.8,1.06055,1.05415,1.04227,BOUNCE,2009.11.12 03:00,1,2009.11.12 23:00,1,2009.11.19 17:00,0,,2,1w 0d,Asia,NA,,NA,,1.08105,UNTOUCHED,,0,,0,,0,,0,NA,Other,NA,,NA,,1.04775,BREAK,2009.11.11 06:00,0,,0,,0,,0,NA,Asia,BOUNCE,2009.12.02 16:00,NA,,1.06695,BOUNCE,2009.11.19 17:00,1,2009.11.25 14:00,1,2009.11.25 14:00,0,,2,5d 21h,NewYork,NA,,NA,,S-ZD-BR,B-ZF-UN,B-ZO-UN,B-ZF-UN,B-ZE-BO,B-ZG-BR,B-ZE-BR,S-ZF-UN,B-ZC-BR,S-ZB-UN,B-ZG-BR,S-ZO-UN,B-ZB-BO,B-ZB-UN,S-ZB-BO,S-ZB-BO,B-ZF-BO,B-ZG-UN,S-ZB-BR,B-ZF-BR
584,2009.11.18 00:00,USDCAD,60,86400,BUY,ZG,1,1.05326,1.04259,1067.0,1.06173,1.04609,1564.0,146.579,32.80,717.0,251.8,1.05326,1.04609,1.06890,BREAK,2009.11.20 15:00,0,,0,,0,,0,NA,NewYork,UNTOUCHED,,NA,,1.03542,UNTOUCHED,,0,,0,,0,,0,NA,Other,NA,,NA,,1.06043,BREAK,2009.11.19 10:00,0,,0,,0,,0,NA,London,BOUNCE,2009.11.19 17:00,NA,,1.03892,PENDING,2009.12.29 14:00,0,,0,,0,,0,NA,NewYork,NA,,NA,,S-ZB-BO,S-ZD-BR,B-ZF-UN,B-ZO-UN,B-ZF-UN,B-ZE-BO,B-ZG-BR,B-ZE-BR,S-ZF-UN,B-ZC-BR,S-ZO-UN,B-ZB-BO,B-ZB-UN,S-ZB-BO,S-ZB-BO,B-ZF-BO,B-ZG-UN,S-ZB-BR,B-ZF-BR,S-ZO-BR
585,2009.11.19 00:00,USDCAD,60,86400,SELL,ZO,0,1.06173,1.04609,1564.0,1.05813,1.04489,1324.0,84.655,23.02,1204.0,369.1,1.05813,1.04609,1.03285,UNTOUCHED,,0,,0,,0,,0,NA,Other,NA,,NA,,1.07377,BOUNCE,2009.11.27 11:00,1,2009.12.01 11:00,0,,0,,1,4d 0h,London,NA,,NA,,1.03405,UNTOUCHED,,0,,0,,0,,0,NA,Other,NA,,NA,,1.07017,BOUNCE,2009.11.20 15:00,0,,0,,0,,0,NA,NewYork,NA,,NA,,B-ZG-BR,S-ZB-BO,S-ZD-BR,B-ZF-UN,B-ZO-UN,B-ZF-UN,B-ZE-BO,B-ZG-BR,B-ZE-BR,S-ZF-UN,B-ZB-BO,B-ZB-UN,S-ZB-BO,S-ZB-BO,B-ZF-BO,B-ZG-UN,S-ZB-BR,B-ZF-BR,S-ZO-BR,B-ZB-UN
586,2009.11.20 00:00,USDCAD,60,86400,BUY,ZB,1,1.05813,1.04489,1324.0,1.06882,1.05392,1490.0,112.538,68.20,421.0,312.5,1.05813,1.05392,1.07303,BOUNCE,2009.11.20 15:00,1,2009.11.23 05:00,1,2009.11.25 14:00,1,2009.12.01 19:00,3,1w 4d,NewYork,NA,,NA,,1.04068,BOUNCE,2009.12.01 19:00,1,2009.12.02 20:00,1,2009.12.07 11:00,1,2009.12.17 13:00,3,2w 1d,NewYork,NA,,NA,,1.06234,BREAK,2009.11.20 00:00,0,,0,,0,,0,NA,Asia,BREAK,2009.11.20 15:00,BOUNCE,2009.11.23 03:00,1.04971,BREAK,2009.11.25 14:00,0,,0,,0,,0,NA,NewYork,BOUNCE,2009.11.25 17:00,NA,,S-ZO-UN,B-ZG-BR,S-ZB-BO,S-ZD-BR,B-ZF-UN,B-ZO-UN,B-ZF-UN,B-ZE-BO,B-ZG-BR,B-ZE-BR,B-ZB-UN,S-ZB-BO,S-ZB-BO,B-ZF-BO,B-ZG-UN,S-ZB-BR,B-ZF-BR,S-ZO-BR,B-ZB-UN,S-ZB-BR
587,2009.11.21 00:00,USDCAD,60,86400,BUY,ZB,1,1.06882,1.05392,1490.0,1.07305,1.06141,1164.0,78.121,50.27,741.0,351.6,1.06882,1.06141,1.08046,UNTOUCHED,,0,,0,,0,,0,NA,Other,NA,,NA,,1.04651,BOUNCE,2009.11.25 14:00,1,2009.11.26 19:00,0,,0,,1,1d 5h,NewYork,NA,,NA,,1.07623,UNTOUCHED,,0,,0,,0,,0,NA,Other,NA,,NA,,1.05400,BOUNCE,2009.11.23 17:00,0,,0,,0,,0,NA,NewYork,NA,,NA,,B-ZB-BO,S-ZO-UN,B-ZG-BR,S-ZB-BO,S-ZD-BR,B-ZF-UN,B-ZO-UN,B-ZF-UN,B-ZE-BO,B-ZG-BR,S-ZB-BO,S-ZB-BO,B-ZF-BO,B-ZG-UN,S-ZB-BR,B-ZF-BR,S-ZO-BR,B-ZB-UN,S-ZB-BR,S-ZE-BR
588,2009.11.26 00:00,USDCAD,60,86400,SELL,ZB,1,1.06422,1.05529,893.0,1.05903,1.04494,1409.0,157.783,58.12,374.0,210.7,1.05903,1.05529,1.04120,BOUNCE,2009.12.01 19:00,1,2009.12.02 20:00,1,2009.12.07 11:00,1,2009.12.17 07:00,3,2w 1d,NewYork,NA,,NA,,1.06796,BREAK,2009.11.27 10:00,0,,0,,0,,0,NA,London,BREAK,2009.11.27 11:00,UNTOUCHED,,1.05155,BREAK,2009.11.26 00:00,0,,0,,0,,0,NA,Asia,BREAK,2009.11.26 01:00,BREAK,2009.12.01 19:00,1.06277,BREAK,2009.11.27 05:00,0,,0,,0,,0,NA,Asia,BREAK,2009.11.27 10:00,BREAK,2009.11.27 11:00,B-ZB-UN,B-ZB-BO,S-ZO-UN,B-ZG-BR,S-ZB-BO,S-ZD-BR,B-ZF-UN,B-ZO-UN,B-ZF-UN,B-ZE-BO,S-ZB-BO,B-ZF-BO,B-ZG-UN,S-ZB-BR,B-ZF-BR,S-ZO-BR,B-ZB-UN,S-ZB-BR,S-ZE-BR,S-ZF-BO
589,2009.12.02 00:00,USDCAD,60,86400,SELL,ZB,1,1.06113,1.05330,783.0,1.05773,1.04054,1719.0,219.540,43.42,443.0,184.8,1.05773,1.05330,1.03611,BOUNCE,2010.01.04 18:00,0,,0,,0,,0,NA,NewYork,NA,,NA,,1.06556,BOUNCE,2009.12.08 22:00,1,2009.12.09 18:00,1,2009.12.10 16:00,1,2010.01.04 18:00,3,3w 5d,Other,NA,,NA,,1.04887,BREAK,2009.12.02 00:00,0,,0,,0,,0,NA,Asia,BOUNCE,2009.12.02 20:00,NA,,1.06216,BREAK,2009.12.07 11:00,0,,0,,0,,0,NA,London,BOUNCE,2009.12.09 00:00,NA,,S-ZB-BO,B-ZB-UN,B-ZB-BO,S-ZO-UN,B-ZG-BR,S-ZB-BO,S-ZD-BR,B-ZF-UN,B-ZO-UN,B-ZF-UN,B-ZF-BO,B-ZG-UN,S-ZB-BR,B-ZF-BR,S-ZO-BR,B-ZB-UN,S-ZB-BR,S-ZE-BR,S-ZF-BO,S-ZC-BO
590,2009.12.04 00:00,USDCAD,60,86400,BUY,ZF,1,1.05140,1.04313,827.0,1.05831,1.04620,1211.0,146.433,37.12,520.0,195.2,1.05140,1.04620,1.06351,BOUNCE,2009.12.07 11:00,1,2009.12.07 18:00,1,2009.12.29 11:00,1,2009.12.29 14:00,3,3w 1d,London,NA,,NA,,1.03793,BOUNCE,2009.12.29 14:00,1,2009.12.30 06:00,1,2009.12.30 17:00,0,,2,1d 3h,NewYork,NA,,NA,,1.05660,BOUNCE,2009.12.04 00:00,1,2009.12.29 11:00,1,2009.12.29 14:00,0,,2,3w 4d,Asia,NA,,NA,,1.04100,BREAK,2009.12.29 11:00,0,,0,,0,,0,NA,London,BOUNCE,2010.01.04 21:00,NA,,S-ZB-BO,S-ZB-BO,B-ZB-UN,B-ZB-BO,S-ZO-UN,B-ZG-BR,S-ZB-BO,S-ZD-BR,B-ZF-UN,B-ZO-UN,B-ZG-UN,S-ZB-BR,B-ZF-BR,S-ZO-BR,B-ZB-UN,S-ZB-BR,S-ZE-BR,S-ZF-BO,S-ZC-BO,S-ZB-BO
591,2009.12.09 00:00,USDCAD,60,86400,BUY,ZG,0,1.06491,1.04827,1664.0,1.06701,1.04868,1833.0,110.156,2.46,1623.0,392.7,1.06491,1.04868,1.08324,UNTOUCHED,,0,,0,,0,,0,NA,Other,NA,,NA,,1.03204,BREAK,2010.01.06 22:00,0,,0,,0,,0,NA,Other,UNTOUCHED,,NA,,1.08114,UNTOUCHED,,0,,0,,0,,0,NA,Other,NA,,NA,,1.03245,BREAK,2010.01.06 19:00,0,,0,,0,,0,NA,NewYork,UNTOUCHED,,NA,,B-ZF-BO,S-ZB-BO,S-ZB-BO,B-ZB-UN,B-ZB-BO,S-ZO-UN,B-ZG-BR,S-ZB-BO,S-ZD-BR,B-ZF-UN,S-ZB-BR,B-ZF-BR,S-ZO-BR,B-ZB-UN,S-ZB-BR,S-ZE-BR,S-ZF-BO,S-ZC-BO,S-ZB-BO,S-ZC-BO
592,2009.12.11 00:00,USDCAD,60,86400,SELL,ZB,1,1.06609,1.05143,1466.0,1.05819,1.04777,1042.0,71.078,53.89,676.0,346.0,1.05819,1.05143,1.04101,BREAK,2009.12.29 11:00,0,,0,,0,,0,NA,London,BREAK,2010.01.07 03:00,BOUNCE,2010.01.12 03:00,1.07285,BOUNCE,2009.12.17 13:00,1,2009.12.21 15:00,1,2009.12.28 16:00,1,2009.12.29 11:00,3,1w 4d,NewYork,NA,,NA,,1.04467,BREAK,2009.12.28 16:00,0,,0,,0,,0,NA,NewYork,BOUNCE,2009.12.30 03:00,NA,,1.06495,BOUNCE,2009.12.14 14:00,1,2009.12.28 16:00,1,2009.12.28 16:00,0,,2,2w 0d,NewYork,NA,,NA,,B-ZG-UN,B-ZF-BO,S-ZB-BO,S-ZB-BO,B-ZB-UN,B-ZB-BO,S-ZO-UN,B-ZG-BR,S-ZB-BO,S-ZD-BR,B-ZF-BR,S-ZO-BR,B-ZB-UN,S-ZB-BR,S-ZE-BR,S-ZF-BO,S-ZC-BO,S-ZB-BO,S-ZC-BO,S-ZF-BO
593,2009.12.12 00:00,USDCAD,60,86400,BUY,ZF,0,1.05819,1.04777,1042.0,1.06216,1.04843,1373.0,131.766,6.33,976.0,245.9,1.05819,1.04843,1.07192,BREAK,2009.12.17 13:00,0,,0,,0,,0,NA,NewYork,UNTOUCHED,,NA,,1.03801,BOUNCE,2009.12.29 14:00,1,2009.12.30 17:00,0,,0,,1,1d 3h,NewYork,NA,,NA,,1.06795,BREAK,2009.12.17 07:00,0,,0,,0,,0,NA,London,UNTOUCHED,,NA,,1.03867,BOUNCE,2009.12.29 14:00,0,,0,,0,,0,NA,NewYork,NA,,NA,,S-ZB-BR,B-ZG-UN,B-ZF-BO,S-ZB-BO,S-ZB-BO,B-ZB-UN,B-ZB-BO,S-ZO-UN,B-ZG-BR,S-ZB-BO,S-ZO-BR,B-ZB-UN,S-ZB-BR,S-ZE-BR,S-ZF-BO,S-ZC-BO,S-ZB-BO,S-ZC-BO,S-ZF-BO,S-ZO-BO
594,2009.12.16 00:00,USDCAD,60,86400,SELL,ZO,0,1.06615,1.05665,950.0,1.06510,1.05523,987.0,103.895,11.05,845.0,224.2,1.06510,1.05665,1.04678,BREAK,2009.12.24 13:00,0,,0,,0,,0,NA,NewYork,BOUNCE,2009.12.30 06:00,NA,,1.07460,UNTOUCHED,,0,,0,,0,,0,NA,Other,NA,,NA,,1.04820,BREAK,2009.12.23 19:00,0,,0,,0,,0,NA,NewYork,BREAK,2009.12.29 14:00,BREAK,2010.01.11 02:00,1.07355,BOUNCE,2009.12.17 14:00,1,2009.12.23 19:00,1,2009.12.23 19:00,0,,2,6d 5h,NewYork,NA,,NA,,B-ZF-BR,S-ZB-BR,B-ZG-UN,B-ZF-BO,S-ZB-BO,S-ZB-BO,B-ZB-UN,B-ZB-BO,S-ZO-UN,B-ZG-BR,B-ZB-UN,S-ZB-BR,S-ZE-BR,S-ZF-BO,S-ZC-BO,S-ZB-BO,S-ZC-BO,S-ZF-BO,S-ZO-BO,B-ZG-BR
595,2009.12.18 00:00,USDCAD,60,86400,BUY,ZB,1,1.06415,1.05706,709.0,1.07449,1.06028,1421.0,200.423,45.42,387.0,167.3,1.06415,1.06028,1.07836,UNTOUCHED,,0,,0,,0,,0,NA,Other,NA,,NA,,1.05319,BREAK,2009.12.23 14:00,0,,0,,0,,0,NA,NewYork,BREAK,2009.12.23 19:00,BOUNCE,2009.12.24 19:00,1.06802,BREAK,2009.12.18 00:00,0,,0,,0,,0,NA,Asia,BOUNCE,2009.12.18 05:00,NA,,1.05641,BREAK,2009.12.21 15:00,0,,0,,0,,0,NA,NewYork,BREAK,2009.12.23 15:00,BREAK,2009.12.23 20:00,S-ZO-BR,B-ZF-BR,S-ZB-BR,B-ZG-UN,B-ZF-BO,S-ZB-BO,S-ZB-BO,B-ZB-UN,B-ZB-BO,S-ZO-UN,S-ZB-BR,S-ZE-BR,S-ZF-BO,S-ZC-BO,S-ZB-BO,S-ZC-BO,S-ZF-BO,S-ZO-BO,B-ZG-BR,B-ZD-BO
596,2009.12.24 00:00,USDCAD,60,86400,SELL,ZB,1,1.06335,1.05407,928.0,1.05827,1.04696,1131.0,121.875,54.74,420.0,219.0,1.05827,1.05407,1.04276,BREAK,2009.12.28 19:00,0,,0,,0,,0,NA,NewYork,BOUNCE,2009.12.29 19:00,NA,,1.06755,BOUNCE,2010.01.26 17:00,1,2010.01.26 22:00,0,,0,,1,5h,NewYork,NA,,NA,,1.04987,BREAK,2009.12.24 00:00,0,,0,,0,,0,NA,Asia,BOUNCE,2009.12.24 20:00,NA,,1.06247,BREAK,2010.01.26 10:00,0,,0,,0,,0,NA,London,BREAK,2010.01.26 17:00,BOUNCE,2010.02.01 17:00,B-ZB-UN,S-ZO-BR,B-ZF-BR,S-ZB-BR,B-ZG-UN,B-ZF-BO,S-ZB-BO,S-ZB-BO,B-ZB-UN,B-ZB-BO,S-ZE-BR,S-ZF-BO,S-ZC-BO,S-ZB-BO,S-ZC-BO,S-ZF-BO,S-ZO-BO,B-ZG-BR,B-ZD-BO,S-ZF-UN
597,2009.12.28 02:00,USDCAD,60,86400,SELL,ZE,1,1.05827,1.04696,1131.0,1.05049,1.04475,574.0,50.752,68.79,353.0,266.9,1.05049,1.04696,1.04122,BREAK,2009.12.29 11:00,0,,0,,0,,0,NA,London,BOUNCE,2009.12.29 18:00,NA,,1.06180,BREAK,2010.01.26 09:00,0,,0,,0,,0,NA,London,BREAK,2010.01.26 17:00,BOUNCE,2010.01.29 10:00,1.04343,BREAK,2009.12.28 18:00,0,,0,,0,,0,NA,NewYork,BREAK,2009.12.29 16:00,BOUNCE,2010.01.04 18:00,1.05402,BREAK,2009.12.30 17:00,0,,0,,0,,0,NA,NewYork,BOUNCE,2010.01.22 18:00,NA,,S-ZB-BR,B-ZB-UN,S-ZO-BR,B-ZF-BR,S-ZB-BR,B-ZG-UN,B-ZF-BO,S-ZB-BO,S-ZB-BO,B-ZB-UN,S-ZF-BO,S-ZC-BO,S-ZB-BO,S-ZC-BO,S-ZF-BO,S-ZO-BO,B-ZG-BR,B-ZD-BO,S-ZF-UN,S-ZB-UN
598,2009.12.29 00:00,USDCAD,60,86400,SELL,ZF,0,1.05049,1.04475,574.0,1.04997,1.04159,838.0,145.993,9.06,522.0,135.5,1.04997,1.04475,1.03637,BOUNCE,2010.01.04 18:00,1,2010.01.20 16:00,1,2010.01.22 16:00,1,2010.01.22 16:00,3,2w 3d,NewYork,NA,,NA,,1.05571,BREAK,2009.12.30 17:00,0,,0,,0,,0,NA,NewYork,BOUNCE,2010.01.26 03:00,NA,,1.03953,BREAK,2009.12.29 14:00,0,,0,,0,,0,NA,NewYork,BOUNCE,2010.01.05 21:00,NA,,1.05519,BREAK,2009.12.30 17:00,0,,0,,0,,0,NA,NewYork,BOUNCE,2010.01.26 04:00,NA,,S-ZE-BR,S-ZB-BR,B-ZB-UN,S-ZO-BR,B-ZF-BR,S-ZB-BR,B-ZG-UN,B-ZF-BO,S-ZB-BO,S-ZB-BO,S-ZC-BO,S-ZB-BO,S-ZC-BO,S-ZF-BO,S-ZO-BO,B-ZG-BR,B-ZD-BO,S-ZF-UN,S-ZB-UN,B-ZG-BR
599,2009.12.30 00:00,USDCAD,60,86400,SELL,ZC,1,1.04997,1.04159,838.0,1.04424,1.03649,775.0,92.482,68.38,265.0,197.8,1.04424,1.04159,1.03384,BOUNCE,2010.01.05 15:00,1,2010.01.05 17:00,1,2010.01.20 16:00,1,2010.01.22 15:00,3,2w 3d,NewYork,NA,,NA,,1.05262,BREAK,2009.12.30 17:00,0,,0,,0,,0,NA,NewYork,BOUNCE,2009.12.30 19:00,NA,,1.03894,BREAK,2010.01.04 13:00,0,,0,,0,,0,NA,NewYork,BOUNCE,2010.01.04 19:00,NA,,1.04689,BREAK,2009.12.30 06:00,0,,0,,0,,0,NA,Asia,BOUNCE,2009.12.30 11:00,NA,,S-ZF-BO,S-ZE-BR,S-ZB-BR,B-ZB-UN,S-ZO-BR,B-ZF-BR,S-ZB-BR,B-ZG-UN,B-ZF-BO,S-ZB-BO,S-ZB-BO,S-ZC-BO,S-ZF-BO,S-ZO-BO,B-ZG-BR,B-ZD-BO,S-ZF-UN,S-ZB-UN,B-ZG-BR,B-ZB-BR
600,2010.01.05 00:00,USDCAD,60,86400,SELL,ZB,1,1.05585,1.04569,1016.0,1.05165,1.03507,1658.0,163.189,41.34,596.0,239.8,1.05165,1.04569,1.02911,BOUNCE,2010.01.07 11:00,1,2010.01.12 21:00,1,2010.01.22 17:00,1,2010.01.26 09:00,3,2w 4d,London,NA,,NA,,1.06181,BREAK,2010.01.26 09:00,0,,0,,0,,0,NA,London,BOUNCE,2010.01.26 19:00,NA,,1.03973,BREAK,2010.01.05 03:00,0,,0,,0,,0,NA,Asia,BOUNCE,2010.01.05 21:00,NA,,1.05761,BREAK,2010.01.22 17:00,0,,0,,0,,0,NA,NewYork,BREAK,2010.01.26 17:00,BREAK,2010.02.01 13:00,S-ZC-BO,S-ZF-BO,S-ZE-BR,S-ZB-BR,B-ZB-UN,S-ZO-BR,B-ZF-BR,S-ZB-BR,B-ZG-UN,B-ZF-BO,S-ZC-BO,S-ZF-BO,S-ZO-BO,B-ZG-BR,B-ZD-BO,S-ZF-UN,S-ZB-UN,B-ZG-BR,B-ZB-BR,B-ZB-BR
601,2010.01.06 00:00,USDCAD,60,86400,SELL,ZC,1,1.05165,1.03507,1658.0,1.04243,1.03356,887.0,53.498,55.61,736.0,391.3,1.04243,1.03507,1.02620,BOUNCE,2010.01.11 05:00,1,2010.01.12 21:00,1,2010.01.21 12:00,1,2010.01.22 18:00,3,1w 4d,Asia,NA,,NA,,1.05901,BREAK,2010.01.22 18:00,0,,0,,0,,0,NA,NewYork,BOUNCE,2010.01.28 10:00,NA,,1.02771,BOUNCE,2010.01.11 02:00,1,2010.01.21 12:00,1,2010.01.22 18:00,0,,2,1w 4d,Asia,NA,,NA,,1.04979,BREAK,2010.01.21 12:00,0,,0,,0,,0,NA,London,BREAK,2010.01.25 17:00,BREAK,2010.01.26 17:00,S-ZB-BO,S-ZC-BO,S-ZF-BO,S-ZE-BR,S-ZB-BR,B-ZB-UN,S-ZO-BR,B-ZF-BR,S-ZB-BR,B-ZG-UN,S-ZF-BO,S-ZO-BO,B-ZG-BR,B-ZD-BO,S-ZF-UN,S-ZB-UN,B-ZG-BR,B-ZB-BR,B-ZB-BR,B-ZH-BR
602,2010.01.07 00:00,USDCAD,60,86400,SELL,ZF,0,1.04243,1.03356,887.0,1.04080,1.03121,959.0,108.117,18.38,724.0,209.3,1.04080,1.03356,1.02397,BOUNCE,2010.01.14 22:00,1,2010.01.20 13:00,1,2010.01.20 17:00,1,2010.01.21 12:00,3,6d 14h,Other,NA,,NA,,1.04967,BREAK,2010.01.21 12:00,0,,0,,0,,0,NA,London,BREAK,2010.01.22 18:00,BREAK,2010.01.26 17:00,1.02632,BOUNCE,2010.01.11 03:00,1,2010.01.20 17:00,1,2010.01.21 12:00,0,,2,1w 3d,Asia,NA,,NA,,1.04804,BREAK,2010.01.20 17:00,0,,0,,0,,0,NA,NewYork,BREAK,2010.01.22 17:00,BREAK,2010.01.26 14:00,S-ZC-BO,S-ZB-BO,S-ZC-BO,S-ZF-BO,S-ZE-BR,S-ZB-BR,B-ZB-UN,S-ZO-BR,B-ZF-BR,S-ZB-BR,S-ZO-BO,B-ZG-BR,B-ZD-BO,S-ZF-UN,S-ZB-UN,B-ZG-BR,B-ZB-BR,B-ZB-BR,B-ZH-BR,B-ZF-BR
603,2010.01.08 00:00,USDCAD,60,86400,SELL,ZO,0,1.04080,1.03121,959.0,1.03720,1.02910,810.0,84.463,37.54,599.0,226.3,1.03720,1.03121,1.02311,BOUNCE,2010.01.14 22:00,1,2010.01.20 05:00,1,2010.01.20 15:00,1,2010.01.20 16:00,3,5d 18h,Other,NA,,NA,,1.04679,BREAK,2010.01.20 16:00,0,,0,,0,,0,NA,NewYork,BREAK,2010.01.22 16:00,BREAK,2010.01.25 17:00,1.02522,BOUNCE,2010.01.11 06:00,1,2010.01.20 15:00,1,2010.01.20 16:00,0,,2,1w 2d,Asia,NA,,NA,,1.04319,BREAK,2010.01.20 15:00,0,,0,,0,,0,NA,NewYork,BREAK,2010.01.21 13:00,BREAK,2010.01.22 17:00,S-ZF-BO,S-ZC-BO,S-ZB-BO,S-ZC-BO,S-ZF-BO,S-ZE-BR,S-ZB-BR,B-ZB-UN,S-ZO-BR,B-ZF-BR,B-ZG-BR,B-ZD-BO,S-ZF-UN,S-ZB-UN,B-ZG-BR,B-ZB-BR,B-ZB-BR,B-ZH-BR,B-ZF-BR,S-ZO-BO
604,2010.01.09 00:00,USDCAD,60,86400,BUY,ZG,0,1.03720,1.02910,810.0,1.03824,1.02968,856.0,105.679,7.16,752.0,191.2,1.03720,1.02968,1.04576,BREAK,2010.01.20 16:00,0,,0,,0,,0,NA,NewYork,BREAK,2010.01.22 16:00,BREAK,2010.01.26 10:00,1.02158,UNTOUCHED,,0,,0,,0,,0,NA,Other,NA,,NA,,1.04472,BREAK,2010.01.20 16:00,0,,0,,0,,0,NA,NewYork,BREAK,2010.01.22 15:00,BREAK,2010.01.26 09:00,1.02216,UNTOUCHED,,0,,0,,0,,0,NA,Other,NA,,NA,,S-ZO-BO,S-ZF-BO,S-ZC-BO,S-ZB-BO,S-ZC-BO,S-ZF-BO,S-ZE-BR,S-ZB-BR,B-ZB-UN,S-ZO-BR,B-ZD-BO,S-ZF-UN,S-ZB-UN,B-ZG-BR,B-ZB-BR,B-ZB-BR,B-ZH-BR,B-ZF-BR,S-ZO-BO,B-ZD-BO
605,2010.01.13 00:00,USDCAD,60,86400,BUY,ZD,1,1.03424,1.02512,912.0,1.04130,1.03126,1004.0,110.088,67.32,298.0,215.2,1.03424,1.03126,1.04428,BOUNCE,2010.01.20 15:00,1,2010.02.22 03:00,0,,0,,1,4w 4d,NewYork,NA,,NA,,1.02214,UNTOUCHED,,0,,0,,0,,0,NA,Other,NA,,NA,,1.03722,BREAK,2010.01.13 00:00,0,,0,,0,,0,NA,Asia,BOUNCE,2010.01.13 10:00,NA,,1.02828,BREAK,2010.01.14 17:00,0,,0,,0,,0,NA,NewYork,BREAK,2010.01.14 22:00,UNTOUCHED,,B-ZG-BR,S-ZO-BO,S-ZF-BO,S-ZC-BO,S-ZB-BO,S-ZC-BO,S-ZF-BO,S-ZE-BR,S-ZB-BR,B-ZB-UN,S-ZF-UN,S-ZB-UN,B-ZG-BR,B-ZB-BR,B-ZB-BR,B-ZH-BR,B-ZF-BR,S-ZO-BO,B-ZD-BO,S-ZO-BO
606,2010.01.14 00:00,USDCAD,60,86400,SELL,ZF,0,1.04130,1.03126,1004.0,1.04103,1.02892,1211.0,120.618,2.69,977.0,236.9,1.04103,1.03126,1.01915,UNTOUCHED,,0,,0,,0,,0,NA,Other,NA,,NA,,1.05107,BREAK,2010.01.21 12:00,0,,0,,0,,0,NA,London,BREAK,2010.01.26 12:00,BOUNCE,2010.02.02 01:00,1.02149,UNTOUCHED,,0,,0,,0,,0,NA,Other,NA,,NA,,1.05080,BREAK,2010.01.21 12:00,0,,0,,0,,0,NA,London,BREAK,2010.01.26 10:00,BOUNCE,2010.02.02 04:00,B-ZD-BO,B-ZG-BR,S-ZO-BO,S-ZF-BO,S-ZC-BO,S-ZB-BO,S-ZC-BO,S-ZF-BO,S-ZE-BR,S-ZB-BR,S-ZB-UN,B-ZG-BR,B-ZB-BR,B-ZB-BR,B-ZH-BR,B-ZF-BR,S-ZO-BO,B-ZD-BO,S-ZO-BO,B-ZD-UN
607,2010.01.15 00:00,USDCAD,60,86400,SELL,ZB,1,1.04103,1.02892,1211.0,1.03211,1.02237,974.0,80.429,73.66,319.0,285.8,1.03211,1.02892,1.01918,UNTOUCHED,,0,,0,,0,,0,NA,Other,NA,,NA,,1.04422,BOUNCE,2010.01.20 15:00,1,2010.02.22 03:00,0,,0,,1,4w 4d,NewYork,NA,,NA,,1.02573,BREAK,2010.01.15 00:00,0,,0,,0,,0,NA,Asia,UNTOUCHED,,NA,,1.03530,BREAK,2010.01.20 05:00,0,,0,,0,,0,NA,Asia,BREAK,2010.01.20 15:00,BREAK,2010.01.20 16:00,S-ZF-UN,B-ZD-BO,B-ZG-BR,S-ZO-BO,S-ZF-BO,S-ZC-BO,S-ZB-BO,S-ZC-BO,S-ZF-BO,S-ZE-BR,B-ZG-BR,B-ZB-BR,B-ZB-BR,B-ZH-BR,B-ZF-BR,S-ZO-BO,B-ZD-BO,S-ZO-BO,B-ZD-UN,B-ZO-UN
608,2010.01.20 00:00,USDCAD,60,86400,BUY,ZG,0,1.03131,1.02474,657.0,1.03462,1.02480,982.0,149.467,0.91,651.0,155.1,1.03131,1.02480,1.04113,BREAK,2010.01.20 15:00,0,,0,,0,,0,NA,NewYork,BREAK,2010.01.21 11:00,BREAK,2010.01.22 16:00,1.01823,UNTOUCHED,,0,,0,,0,,0,NA,Other,NA,,NA,,1.03782,BREAK,2010.01.20 13:00,0,,0,,0,,0,NA,NewYork,BREAK,2010.01.20 16:00,BREAK,2010.01.22 00:00,1.01829,UNTOUCHED,,0,,0,,0,,0,NA,Other,NA,,NA,,S-ZB-UN,S-ZF-UN,B-ZD-BO,B-ZG-BR,S-ZO-BO,S-ZF-BO,S-ZC-BO,S-ZB-BO,S-ZC-BO,S-ZF-BO,B-ZB-BR,B-ZB-BR,B-ZH-BR,B-ZF-BR,S-ZO-BO,B-ZD-BO,S-ZO-BO,B-ZD-UN,B-ZO-UN,S-ZD-BR
609,2010.01.21 00:00,USDCAD,60,86400,BUY,ZB,1,1.03462,1.02480,982.0,1.04879,1.03005,1874.0,190.835,53.46,457.0,231.8,1.03462,1.03005,1.05336,BREAK,2010.01.22 15:00,0,,0,,0,,0,NA,NewYork,BOUNCE,2010.01.22 19:00,NA,,1.02023,UNTOUCHED,,0,,0,,0,,0,NA,Other,NA,,NA,,1.03919,BREAK,2010.01.21 00:00,0,,0,,0,,0,NA,Asia,BREAK,2010.01.21 01:00,BREAK,2010.01.21 12:00,1.02548,UNTOUCHED,,0,,0,,0,,0,NA,Other,NA,,NA,,B-ZG-BR,S-ZB-UN,S-ZF-UN,B-ZD-BO,B-ZG-BR,S-ZO-BO,S-ZF-BO,S-ZC-BO,S-ZB-BO,S-ZC-BO,B-ZB-BR,B-ZH-BR,B-ZF-BR,S-ZO-BO,B-ZD-BO,S-ZO-BO,B-ZD-UN,B-ZO-UN,S-ZD-BR,S-ZB-BR
610,2010.01.22 00:00,USDCAD,60,86400,BUY,ZB,1,1.04879,1.03005,1874.0,1.05235,1.04379,856.0,45.678,73.32,500.0,442.3,1.04879,1.04379,1.05735,BREAK,2010.01.22 17:00,0,,0,,0,,0,NA,NewYork,BREAK,2010.01.26 17:00,BOUNCE,2010.01.26 19:00,1.02505,UNTOUCHED,,0,,0,,0,,0,NA,Other,NA,,NA,,1.05379,BREAK,2010.01.22 15:00,0,,0,,0,,0,NA,NewYork,BOUNCE,2010.01.25 10:00,NA,,1.03879,BOUNCE,2010.02.19 21:00,1,2010.02.23 20:00,1,2010.02.23 20:00,0,,2,3d 23h,Other,NA,,NA,,B-ZB-BR,B-ZG-BR,S-ZB-UN,S-ZF-UN,B-ZD-BO,B-ZG-BR,S-ZO-BO,S-ZF-BO,S-ZC-BO,S-ZB-BO,B-ZH-BR,B-ZF-BR,S-ZO-BO,B-ZD-BO,S-ZO-BO,B-ZD-UN,B-ZO-UN,S-ZD-BR,S-ZB-BR,S-ZB-BO
611,2010.01.23 00:00,USDCAD,60,86400,BUY,ZH,1,1.05235,1.04379,856.0,1.06012,1.04634,1378.0,160.981,29.79,601.0,202.0,1.05235,1.04634,1.06613,BREAK,2010.01.26 17:00,0,,0,,0,,0,NA,NewYork,BREAK,2010.02.04 19:00,UNTOUCHED,,1.03778,BOUNCE,2010.02.22 03:00,1,2010.02.23 18:00,1,2010.02.24 12:00,1,2010.02.25 17:00,3,3d 14h,Asia,NA,,NA,,1.05836,BREAK,2010.01.23 00:00,0,,0,,0,,0,NA,Asia,BREAK,2010.01.26 17:00,BOUNCE,2010.02.01 18:00,1.04033,BOUNCE,2010.02.18 22:00,1,2010.02.24 12:00,1,2010.02.24 12:00,0,,2,5d 14h,Other,NA,,NA,,B-ZB-BR,B-ZB-BR,B-ZG-BR,S-ZB-UN,S-ZF-UN,B-ZD-BO,B-ZG-BR,S-ZO-BO,S-ZF-BO,S-ZC-BO,B-ZF-BR,S-ZO-BO,B-ZD-BO,S-ZO-BO,B-ZD-UN,B-ZO-UN,S-ZD-BR,S-ZB-BR,S-ZB-BO,B-ZF-BO
612,2010.01.27 00:00,USDCAD,60,86400,BUY,ZF,1,1.06116,1.05319,797.0,1.06906,1.05449,1457.0,182.811,16.31,667.0,188.1,1.06116,1.05449,1.07573,BREAK,2010.02.05 11:00,0,,0,,0,,0,NA,London,UNTOUCHED,,NA,,1.04652,BREAK,2010.02.15 16:00,0,,0,,0,,0,NA,NewYork,BOUNCE,2010.02.19 00:00,NA,,1.06783,BOUNCE,2010.01.27 21:00,1,2010.02.15 14:00,1,2010.02.15 16:00,0,,2,2w 4d,Other,NA,,NA,,1.04782,BREAK,2010.02.15 14:00,0,,0,,0,,0,NA,NewYork,BOUNCE,2010.02.18 03:00,NA,,B-ZH-BR,B-ZB-BR,B-ZB-BR,B-ZG-BR,S-ZB-UN,S-ZF-UN,B-ZD-BO,B-ZG-BR,S-ZO-BO,S-ZF-BO,S-ZO-BO,B-ZD-BO,S-ZO-BO,B-ZD-UN,B-ZO-UN,S-ZD-BR,S-ZB-BR,S-ZB-BO,B-ZF-BO,B-ZE-BO
613,2010.01.29 00:00,USDCAD,60,86400,SELL,ZO,1,1.06866,1.06080,786.0,1.06662,1.05555,1107.0,140.840,25.95,582.0,185.5,1.06662,1.06080,1.04973,BOUNCE,2010.02.11 21:00,1,2010.02.25 16:00,0,,0,,1,1w 6d,Other,NA,,NA,,1.07448,BREAK,2010.02.04 19:00,0,,0,,0,,0,NA,NewYork,UNTOUCHED,,NA,,1.05498,BOUNCE,2010.02.03 10:00,1,2010.02.04 19:00,1,2010.02.04 19:00,0,,2,1d 9h,London,NA,,NA,,1.07244,BREAK,2010.02.04 19:00,0,,0,,0,,0,NA,NewYork,UNTOUCHED,,NA,,B-ZF-BR,B-ZH-BR,B-ZB-BR,B-ZB-BR,B-ZG-BR,S-ZB-UN,S-ZF-UN,B-ZD-BO,B-ZG-BR,S-ZO-BO,B-ZD-BO,S-ZO-BO,B-ZD-UN,B-ZO-UN,S-ZD-BR,S-ZB-BR,S-ZB-BO,B-ZF-BO,B-ZE-BO,B-ZG-PE
614,2010.01.30 00:00,USDCAD,60,86400,BUY,ZD,1,1.06662,1.05555,1107.0,1.06936,1.06223,713.0,64.408,60.34,439.0,261.3,1.06662,1.06223,1.07375,BOUNCE,2010.02.04 19:00,1,2010.02.05 16:00,1,2010.02.11 05:00,1,2010.02.11 19:00,3,1w 0d,NewYork,NA,,NA,,1.05116,BOUNCE,2010.02.11 19:00,1,2010.02.25 16:00,0,,0,,1,1w 6d,NewYork,NA,,NA,,1.07101,BOUNCE,2010.02.01 09:00,1,2010.02.02 12:00,1,2010.02.11 19:00,0,,2,1w 3d,London,NA,,NA,,1.05784,BOUNCE,2010.02.02 12:00,1,2010.02.04 19:00,1,2010.02.04 19:00,0,,2,2d 7h,London,NA,,NA,,S-ZO-BO,B-ZF-BR,B-ZH-BR,B-ZB-BR,B-ZB-BR,B-ZG-BR,S-ZB-UN,S-ZF-UN,B-ZD-BO,B-ZG-BR,S-ZO-BO,B-ZD-UN,B-ZO-UN,S-ZD-BR,S-ZB-BR,S-ZB-BO,B-ZF-BO,B-ZE-BO,B-ZG-PE,S-ZG-BR
615,2010.02.04 00:00,USDCAD,60,86400,SELL,ZO,0,1.06378,1.05646,732.0,1.06289,1.05452,837.0,114.344,12.16,643.0,172.8,1.06289,1.05646,1.04809,BOUNCE,2010.02.11 21:00,1,2010.02.25 16:00,0,,0,,1,1w 6d,Other,NA,,NA,,1.07021,BREAK,2010.02.04 19:00,0,,0,,0,,0,NA,NewYork,BOUNCE,2010.02.05 16:00,NA,,1.05003,BREAK,2010.02.11 20:00,0,,0,,0,,0,NA,NewYork,BREAK,2010.02.16 18:00,BOUNCE,2010.02.22 19:00,1.06932,BREAK,2010.02.04 18:00,0,,0,,0,,0,NA,NewYork,BREAK,2010.02.05 13:00,UNTOUCHED,,B-ZD-BO,S-ZO-BO,B-ZF-BR,B-ZH-BR,B-ZB-BR,B-ZB-BR,B-ZG-BR,S-ZB-UN,S-ZF-UN,B-ZD-BO,B-ZD-UN,B-ZO-UN,S-ZD-BR,S-ZB-BR,S-ZB-BO,B-ZF-BO,B-ZE-BO,B-ZG-PE,S-ZG-BR,S-ZC-BO
616,2010.02.05 00:00,USDCAD,60,86400,BUY,ZD,1,1.06289,1.05452,837.0,1.07510,1.05965,1545.0,184.588,61.29,324.0,197.5,1.06289,1.05965,1.07834,UNTOUCHED,,0,,0,,0,,0,NA,Other,NA,,NA,,1.05128,BOUNCE,2010.02.11 19:00,1,2010.02.23 22:00,1,2010.02.25 17:00,0,,2,1w 6d,NewYork,NA,,NA,,1.06613,BREAK,2010.02.05 00:00,0,,0,,0,,0,NA,Asia,BREAK,2010.02.05 01:00,BREAK,2010.02.05 11:00,1.05641,BOUNCE,2010.02.11 16:00,1,2010.02.25 17:00,1,2010.02.25 17:00,0,,2,2w 0d,NewYork,NA,,NA,,S-ZO-BO,B-ZD-BO,S-ZO-BO,B-ZF-BR,B-ZH-BR,B-ZB-BR,B-ZB-BR,B-ZG-BR,S-ZB-UN,S-ZF-UN,B-ZO-UN,S-ZD-BR,S-ZB-BR,S-ZB-BO,B-ZF-BO,B-ZE-BO,B-ZG-PE,S-ZG-BR,S-ZC-BO,S-ZO-BR
617,2010.02.06 00:00,USDCAD,60,86400,BUY,ZO,0,1.07510,1.05965,1545.0,1.07791,1.06435,1356.0,87.767,30.42,1075.0,364.6,1.07510,1.06435,1.08866,UNTOUCHED,,0,,0,,0,,0,NA,Other,NA,,NA,,1.04890,BREAK,2010.02.11 21:00,0,,0,,0,,0,NA,Other,BOUNCE,2010.02.23 18:00,NA,,1.08585,UNTOUCHED,,0,,0,,0,,0,NA,Other,NA,,NA,,1.05360,BREAK,2010.02.11 19:00,0,,0,,0,,0,NA,NewYork,BREAK,2010.02.19 21:00,BREAK,2010.03.03 19:00,B-ZD-UN,S-ZO-BO,B-ZD-BO,S-ZO-BO,B-ZF-BR,B-ZH-BR,B-ZB-BR,B-ZB-BR,B-ZG-BR,S-ZB-UN,S-ZD-BR,S-ZB-BR,S-ZB-BO,B-ZF-BO,B-ZE-BO,B-ZG-PE,S-ZG-BR,S-ZC-BO,S-ZO-BR,S-ZG-BR
618,2010.02.11 00:00,USDCAD,60,86400,SELL,ZD,1,1.07721,1.06443,1278.0,1.07065,1.05972,1093.0,85.524,51.33,622.0,301.6,1.07065,1.06443,1.05350,BREAK,2010.02.11 19:00,0,,0,,0,,0,NA,NewYork,BREAK,2010.02.16 16:00,BOUNCE,2010.02.18 03:00,1.08343,UNTOUCHED,,0,,0,,0,,0,NA,Other,NA,,NA,,1.05821,BREAK,2010.02.11 03:00,0,,0,,0,,0,NA,Asia,BREAK,2010.02.11 21:00,BREAK,2010.02.16 18:00,1.07687,UNTOUCHED,,0,,0,,0,,0,NA,Other,NA,,NA,,B-ZO-UN,B-ZD-UN,S-ZO-BO,B-ZD-BO,S-ZO-BO,B-ZF-BR,B-ZH-BR,B-ZB-BR,B-ZB-BR,B-ZG-BR,S-ZB-BR,S-ZB-BO,B-ZF-BO,B-ZE-BO,B-ZG-PE,S-ZG-BR,S-ZC-BO,S-ZO-BR,S-ZG-BR,S-ZD-BR
619,2010.02.12 00:00,USDCAD,60,86400,SELL,ZB,1,1.07065,1.05972,1093.0,1.06330,1.04791,1539.0,140.805,67.25,358.0,257.9,1.06330,1.05972,1.04433,BREAK,2010.02.16 16:00,0,,0,,0,,0,NA,NewYork,BOUNCE,2010.02.19 00:00,NA,,1.07423,UNTOUCHED,,0,,0,,0,,0,NA,Other,NA,,NA,,1.05614,BREAK,2010.02.12 00:00,0,,0,,0,,0,NA,Asia,BREAK,2010.02.12 01:00,BOUNCE,2010.02.12 12:00,1.06688,BOUNCE,2010.02.25 17:00,1,2010.02.26 13:00,1,2010.02.26 13:00,0,,2,20h,NewYork,NA,,NA,,S-ZD-BR,B-ZO-UN,B-ZD-UN,S-ZO-BO,B-ZD-BO,S-ZO-BO,B-ZF-BR,B-ZH-BR,B-ZB-BR,B-ZB-BR,S-ZB-BO,B-ZF-BO,B-ZE-BO,B-ZG-PE,S-ZG-BR,S-ZC-BO,S-ZO-BR,S-ZG-BR,S-ZD-BR,S-ZG-BO
620,2010.02.17 00:00,USDCAD,60,86400,SELL,ZB,1,1.05319,1.04625,694.0,1.04976,1.04092,884.0,127.378,49.42,351.0,163.8,1.04976,1.04625,1.03741,BOUNCE,2010.02.22 04:00,1,2010.02.23 14:00,1,2010.02.23 20:00,1,2010.02.23 20:00,3,1d 16h,Asia,NA,,NA,,1.05670,BOUNCE,2010.02.23 20:00,1,2010.03.01 12:00,1,2010.03.01 19:00,1,2010.03.02 12:00,3,6d 16h,NewYork,NA,,NA,,1.04274,BREAK,2010.02.17 11:00,0,,0,,0,,0,NA,London,BREAK,2010.02.22 03:00,BREAK,2010.03.02 15:00,1.05327,BREAK,2010.02.23 20:00,0,,0,,0,,0,NA,NewYork,BOUNCE,2010.02.24 05:00,NA,,S-ZB-BR,S-ZD-BR,B-ZO-UN,B-ZD-UN,S-ZO-BO,B-ZD-BO,S-ZO-BO,B-ZF-BR,B-ZH-BR,B-ZB-BR,B-ZF-BO,B-ZE-BO,B-ZG-PE,S-ZG-BR,S-ZC-BO,S-ZO-BR,S-ZG-BR,S-ZD-BR,S-ZG-BO,B-ZO-PE
621,2010.02.24 00:00,USDCAD,60,86400,BUY,ZF,1,1.04399,1.03693,706.0,1.05783,1.03805,1978.0,280.170,15.86,594.0,166.6,1.04399,1.03805,1.06377,BOUNCE,2010.02.25 16:00,1,2010.02.26 19:00,1,2010.03.02 17:00,1,2010.03.02 17:00,3,5d 1h,NewYork,NA,,NA,,1.03099,BREAK,2010.03.02 17:00,0,,0,,0,,0,NA,NewYork,BOUNCE,2010.03.09 14:00,NA,,1.04993,BREAK,2010.02.24 00:00,0,,0,,0,,0,NA,Asia,BREAK,2010.02.24 11:00,BREAK,2010.02.25 16:00,1.03211,BREAK,2010.03.02 17:00,0,,0,,0,,0,NA,NewYork,BREAK,2010.03.09 20:00,BREAK,2010.03.12 15:00,S-ZB-BO,S-ZB-BR,S-ZD-BR,B-ZO-UN,B-ZD-UN,S-ZO-BO,B-ZD-BO,S-ZO-BO,B-ZF-BR,B-ZH-BR,B-ZE-BO,B-ZG-PE,S-ZG-BR,S-ZC-BO,S-ZO-BR,S-ZG-BR,S-ZD-BR,S-ZG-BO,B-ZO-PE,S-ZB-BR
622,2010.02.25 00:00,USDCAD,60,86400,BUY,ZE,1,1.05783,1.03805,1978.0,1.05928,1.05098,830.0,41.962,65.37,685.0,466.8,1.05783,1.05098,1.06613,BOUNCE,2010.02.25 17:00,1,2010.02.26 19:00,1,2010.03.01 19:00,1,2010.03.02 17:00,3,5d 0h,NewYork,NA,,NA,,1.03120,BREAK,2010.03.02 17:00,0,,0,,0,,0,NA,NewYork,BOUNCE,2010.03.11 16:00,NA,,1.06468,BOUNCE,2010.02.25 17:00,1,2010.03.01 19:00,1,2010.03.02 17:00,0,,2,5d 0h,NewYork,NA,,NA,,1.04413,BREAK,2010.03.01 19:00,0,,0,,0,,0,NA,NewYork,BREAK,2010.03.02 17:00,BREAK,2010.03.08 16:00,B-ZF-BO,S-ZB-BO,S-ZB-BR,S-ZD-BR,B-ZO-UN,B-ZD-UN,S-ZO-BO,B-ZD-BO,S-ZO-BO,B-ZF-BR,B-ZG-PE,S-ZG-BR,S-ZC-BO,S-ZO-BR,S-ZG-BR,S-ZD-BR,S-ZG-BO,B-ZO-PE,S-ZB-BR,S-ZB-BR
623,2010.02.26 00:00,USDCAD,60,86400,BUY,ZG,1,1.05928,1.05098,830.0,1.06792,1.05130,1662.0,200.241,3.86,798.0,195.9,1.05928,1.05130,1.07590,PENDING,,0,,0,,0,,0,NA,Other,NA,,NA,,1.04300,BREAK,2010.03.01 19:00,0,,0,,0,,0,NA,NewYork,BREAK,2010.03.02 17:00,BREAK,2010.03.08 17:00,1.06726,PENDING,,0,,0,,0,,0,NA,Other,NA,,NA,,1.04332,BREAK,2010.03.01 19:00,0,,0,,0,,0,NA,NewYork,BREAK,2010.03.02 17:00,BREAK,2010.03.08 17:00,B-ZE-BO,B-ZF-BO,S-ZB-BO,S-ZB-BR,S-ZD-BR,B-ZO-UN,B-ZD-UN,S-ZO-BO,B-ZD-BO,S-ZO-BO,S-ZG-BR,S-ZC-BO,S-ZO-BR,S-ZG-BR,S-ZD-BR,S-ZG-BO,B-ZO-PE,S-ZB-BR,S-ZB-BR,B-ZF-PE
624,2010.02.27 00:00,USDCAD,60,86400,SELL,ZG,0,1.06792,1.05130,1662.0,1.06179,1.05118,1061.0,63.839,36.88,1049.0,392.2,1.06179,1.05130,1.04069,BREAK,2010.03.02 10:00,0,,0,,0,,0,NA,London,BREAK,2010.03.05 17:00,BREAK,2010.03.12 15:00,1.07841,PENDING,,0,,0,,0,,0,NA,Other,NA,,NA,,1.04081,BREAK,2010.03.02 03:00,0,,0,,0,,0,NA,Asia,BREAK,2010.03.05 17:00,BREAK,2010.03.12 15:00,1.07228,PENDING,,0,,0,,0,,0,NA,Other,NA,,NA,,B-ZG-PE,B-ZE-BO,B-ZF-BO,S-ZB-BO,S-ZB-BR,S-ZD-BR,B-ZO-UN,B-ZD-UN,S-ZO-BO,B-ZD-BO,S-ZC-BO,S-ZO-BR,S-ZG-BR,S-ZD-BR,S-ZG-BO,B-ZO-PE,S-ZB-BR,S-ZB-BR,B-ZF-PE,B-ZG-PE
625,2010.03.04 00:00,USDCAD,60,86400,SELL,ZC,1,1.04419,1.03083,1336.0,1.03648,1.02737,911.0,68.189,57.71,565.0,315.3,1.03648,1.03083,1.02172,BOUNCE,2010.03.10 19:00,0,,0,,0,,0,NA,NewYork,NA,,NA,,1.04984,PENDING,,0,,0,,0,,0,NA,Other,NA,,NA,,1.02518,BOUNCE,2010.03.08 17:00,0,,0,,0,,0,NA,NewYork,NA,,NA,,1.04213,PENDING,,0,,0,,0,,0,NA,Other,NA,,NA,,S-ZG-BR,B-ZG-PE,B-ZE-BO,B-ZF-BO,S-ZB-BO,S-ZB-BR,S-ZD-BR,B-ZO-UN,B-ZD-UN,S-ZO-BO,S-ZO-BR,S-ZG-BR,S-ZD-BR,S-ZG-BO,B-ZO-PE,S-ZB-BR,S-ZB-BR,B-ZF-PE,B-ZG-PE,
626,2010.03.05 00:00,USDCAD,60,86400,SELL,ZO,0,1.03648,1.02737,911.0,1.03385,1.02697,688.0,75.521,28.87,648.0,215.0,1.03385,1.02737,1.02049,BREAK,2010.03.12 15:00,0,,0,,0,,0,NA,NewYork,BREAK,2010.03.17 11:00,BOUNCE,2010.03.18 18:00,1.04296,PENDING,,0,,0,,0,,0,NA,Other,NA,,NA,,1.02089,BREAK,2010.03.12 15:00,0,,0,,0,,0,NA,NewYork,BREAK,2010.03.17 10:00,BOUNCE,2010.03.19 00:00,1.04033,PENDING,,0,,0,,0,,0,NA,Other,NA,,NA,,S-ZC-BO,S-ZG-BR,B-ZG-PE,B-ZE-BO,B-ZF-BO,S-ZB-BO,S-ZB-BR,S-ZD-BR,B-ZO-UN,B-ZD-UN,S-ZG-BR,S-ZD-BR,S-ZG-BO,B-ZO-PE,S-ZB-BR,S-ZB-BR,B-ZF-PE,B-ZG-PE,,
627,2010.03.06 00:00,USDCAD,60,86400,SELL,ZG,0,1.03385,1.02697,688.0,1.03310,1.02599,711.0,103.343,10.90,613.0,162.4,1.03310,1.02697,1.01986,BREAK,2010.03.12 15:00,0,,0,,0,,0,NA,NewYork,BREAK,2010.03.17 11:00,BOUNCE,2010.03.18 18:00,1.03998,PENDING,,0,,0,,0,,0,NA,Other,NA,,NA,,1.02084,BREAK,2010.03.12 15:00,0,,0,,0,,0,NA,NewYork,BREAK,2010.03.17 09:00,BOUNCE,2010.03.19 00:00,1.03923,PENDING,,0,,0,,0,,0,NA,Other,NA,,NA,,S-ZO-BR,S-ZC-BO,S-ZG-BR,B-ZG-PE,B-ZE-BO,B-ZF-BO,S-ZB-BO,S-ZB-BR,S-ZD-BR,B-ZO-UN,S-ZD-BR,S-ZG-BO,B-ZO-PE,S-ZB-BR,S-ZB-BR,B-ZF-PE,B-ZG-PE,,,
628,2010.03.09 00:00,USDCAD,60,86400,SELL,ZD,1,1.03065,1.02878,187.0,1.02926,1.02501,425.0,227.273,74.33,48.0,44.1,1.02926,1.02878,1.02453,BREAK,2010.03.09 20:00,0,,0,,0,,0,NA,NewYork,BOUNCE,2010.03.09 21:00,NA,,1.03113,BREAK,2010.03.09 15:00,0,,0,,0,,0,NA,NewYork,BOUNCE,2010.03.11 17:00,NA,,1.02830,BREAK,2010.03.09 00:00,0,,0,,0,,0,NA,Asia,BREAK,2010.03.09 01:00,BOUNCE,2010.03.09 03:00,1.02974,BOUNCE,2010.03.09 12:00,1,2010.03.09 13:00,1,2010.03.09 13:00,0,,2,1h,London,NA,,NA,,S-ZG-BR,S-ZO-BR,S-ZC-BO,S-ZG-BR,B-ZG-PE,B-ZE-BO,B-ZF-BO,S-ZB-BO,S-ZB-BR,S-ZD-BR,S-ZG-BO,B-ZO-PE,S-ZB-BR,S-ZB-BR,B-ZF-PE,B-ZG-PE,,,,
629,2010.03.11 00:00,USDCAD,60,86400,SELL,ZG,0,1.03190,1.02350,840.0,1.02916,1.02159,757.0,90.119,32.62,566.0,198.2,1.02916,1.02350,1.01593,BOUNCE,2010.03.12 15:00,1,2010.03.24 18:00,0,,0,,1,1w 5d,NewYork,NA,,NA,,1.03756,PENDING,,0,,0,,0,,0,NA,Other,NA,,NA,,1.01784,BREAK,2010.03.12 15:00,0,,0,,0,,0,NA,NewYork,BREAK,2010.03.17 16:00,BOUNCE,2010.03.19 17:00,1.03482,PENDING,,0,,0,,0,,0,NA,Other,NA,,NA,,S-ZD-BR,S-ZG-BR,S-ZO-BR,S-ZC-BO,S-ZG-BR,B-ZG-PE,B-ZE-BO,B-ZF-BO,S-ZB-BO,S-ZB-BR,B-ZO-PE,S-ZB-BR,S-ZB-BR,B-ZF-PE,B-ZG-PE,,,,,
630,2010.03.12 00:00,USDCAD,60,86400,BUY,ZO,0,1.02916,1.02159,757.0,1.03203,1.02276,927.0,122.457,15.46,640.0,178.7,1.02916,1.02276,1.03843,PENDING,,0,,0,,0,,0,NA,Other,NA,,NA,,1.01519,BREAK,2010.03.16 17:00,0,,0,,0,,0,NA,NewYork,BREAK,2010.03.17 20:00,PENDING,,1.03556,PENDING,,0,,0,,0,,0,NA,Other,NA,,NA,,1.01636,BOUNCE,2010.03.12 15:00,0,,0,,0,,0,NA,NewYork,NA,,NA,,S-ZG-BO,S-ZD-BR,S-ZG-BR,S-ZO-BR,S-ZC-BO,S-ZG-BR,B-ZG-PE,B-ZE-BO,B-ZF-BO,S-ZB-BO,S-ZB-BR,S-ZB-BR,B-ZF-PE,B-ZG-PE,,,,,,
631,2010.03.13 00:00,USDCAD,60,86400,SELL,ZB,1,1.03203,1.02276,927.0,1.02501,1.01542,959.0,103.452,75.73,225.0,218.8,1.02501,1.02276,1.01317,BREAK,2010.03.17 06:00,0,,0,,0,,0,NA,Asia,BREAK,2010.03.17 19:00,BOUNCE,2010.03.18 03:00,1.03428,PENDING,,0,,0,,0,,0,NA,Other,NA,,NA,,1.02051,BREAK,2010.03.13 00:00,0,,0,,0,,0,NA,Asia,BOUNCE,2010.03.15 17:00,NA,,1.02726,BOUNCE,2010.03.24 18:00,1,2010.03.25 12:00,1,2010.03.25 12:00,0,,2,18h,NewYork,NA,,NA,,B-ZO-PE,S-ZG-BO,S-ZD-BR,S-ZG-BR,S-ZO-BR,S-ZC-BO,S-ZG-BR,B-ZG-PE,B-ZE-BO,B-ZF-BO,S-ZB-BR,B-ZF-PE,B-ZG-PE,,,,,,,
632,2010.03.17 00:00,USDCAD,60,86400,SELL,ZB,1,1.02311,1.01639,672.0,1.02019,1.01342,677.0,100.744,43.45,380.0,158.6,1.02019,1.01639,1.00962,BREAK,2010.03.17 16:00,0,,0,,0,,0,NA,NewYork,PENDING,,NA,,1.02691,BOUNCE,2010.03.24 18:00,1,2010.03.25 13:00,0,,0,,1,19h,NewYork,NA,,NA,,1.01259,BREAK,2010.03.17 10:00,0,,0,,0,,0,NA,London,BREAK,2010.03.17 20:00,PENDING,,1.02399,BOUNCE,2010.03.22 16:00,0,,0,,0,,0,NA,NewYork,NA,,NA,,S-ZB-BR,B-ZO-PE,S-ZG-BO,S-ZD-BR,S-ZG-BR,S-ZO-BR,S-ZC-BO,S-ZG-BR,B-ZG-PE,B-ZE-BO,B-ZF-PE,B-ZG-PE,,,,,,,,
633,2010.03.25 00:00,USDCAD,60,86400,BUY,ZF,1,1.02278,1.01507,771.0,1.02806,1.01544,1262.0,163.684,4.80,734.0,182.0,1.02278,1.01544,1.03540,PENDING,,0,,0,,0,,0,NA,Other,NA,,NA,,1.00773,PENDING,,0,,0,,0,,0,NA,Other,NA,,NA,,1.03012,BOUNCE,2010.03.26 18:00,0,,0,,0,,0,NA,NewYork,NA,,NA,,1.00810,PENDING,,0,,0,,0,,0,NA,Other,NA,,NA,,S-ZB-BR,S-ZB-BR,B-ZO-PE,S-ZG-BO,S-ZD-BR,S-ZG-BR,S-ZO-BR,S-ZC-BO,S-ZG-BR,B-ZG-PE,B-ZG-PE,,,,,,,,,
634,2010.03.29 02:00,USDCAD,60,86400,BUY,ZG,0,1.02682,1.01693,989.0,1.03020,1.02047,973.0,98.382,35.79,635.0,233.4,1.02682,1.02047,1.03655,PENDING,,0,,0,,0,,0,NA,Other,NA,,NA,,1.01058,PENDING,,0,,0,,0,,0,NA,Other,NA,,NA,,1.03317,PENDING,,0,,0,,0,,0,NA,Other,NA,,NA,,1.01412,PENDING,,0,,0,,0,,0,NA,Other,NA,,NA,,B-ZF-PE,S-ZB-BR,S-ZB-BR,B-ZO-PE,S-ZG-BO,S-ZD-BR,S-ZG-BR,S-ZO-BR,S-ZC-BO,S-ZG-BR,,,,,,,,,,
